[EVAL SAFETY] step=0 min_center_distance=3.00065 min_clearance=2.05065 collision_this_step=0 collision_run=0 collision_radius=0.95
[FREE POLY] k=1 disc=0 raw=40 facets=0 vertices=4 rho=4.8 anchor_shift=0
[FREE POLY] k=1 disc=1 raw=40 facets=0 vertices=4 rho=0.800001 anchor_shift=0
[FREE POLY] k=1 disc=2 raw=40 facets=3 vertices=6 rho=4.8 anchor_shift=0
[FREE POLY] k=2 disc=0 raw=40 facets=0 vertices=4 rho=5.6 anchor_shift=0
[FREE POLY] k=2 disc=1 raw=40 facets=0 vertices=4 rho=1.6 anchor_shift=0
[FREE POLY] k=2 disc=2 raw=40 facets=4 vertices=7 rho=5.6 anchor_shift=0
[FREE POLY] k=3 disc=0 raw=40 facets=3 vertices=6 rho=6.4 anchor_shift=0
[FREE POLY] k=3 disc=1 raw=40 facets=0 vertices=4 rho=2.4 anchor_shift=0
[FREE POLY] k=3 disc=2 raw=40 facets=3 vertices=6 rho=6.4 anchor_shift=0
[FREE POLY] k=4 disc=0 raw=40 facets=2 vertices=5 rho=7.2 anchor_shift=0
[FREE POLY] k=4 disc=1 raw=40 facets=0 vertices=4 rho=3.2 anchor_shift=0
[FREE POLY] k=4 disc=2 raw=40 facets=4 vertices=7 rho=7.2 anchor_shift=0
[FREE POLY] k=5 disc=0 raw=40 facets=3 vertices=6 rho=8 anchor_shift=0
[FREE POLY] k=5 disc=1 raw=40 facets=3 vertices=6 rho=4 anchor_shift=0
[FREE POLY] k=5 disc=2 raw=40 facets=4 vertices=7 rho=8 anchor_shift=0
[FREE POLY] k=6 disc=0 raw=40 facets=3 vertices=6 rho=8.8 anchor_shift=0
[FREE POLY] k=6 disc=1 raw=40 facets=3 vertices=6 rho=4.8 anchor_shift=0
[FREE POLY] k=6 disc=2 raw=40 facets=3 vertices=6 rho=8.8 anchor_shift=0
[FREE POLY] k=7 disc=0 raw=40 facets=3 vertices=6 rho=9.6 anchor_shift=0
[FREE POLY] k=7 disc=1 raw=40 facets=3 vertices=6 rho=5.6 anchor_shift=0
[FREE POLY] k=7 disc=2 raw=40 facets=4 vertices=7 rho=9.6 anchor_shift=0
[FREE POLY] k=8 disc=0 raw=40 facets=4 vertices=7 rho=10.4 anchor_shift=0
[FREE POLY] k=8 disc=1 raw=40 facets=4 vertices=7 rho=6.4 anchor_shift=0
[FREE POLY] k=8 disc=2 raw=40 facets=4 vertices=7 rho=10.4 anchor_shift=0
[RF SUPPORT SEED] removed=0 support_limit=-1
[SQP] before_solve iter=0 vars=16 constraints=92 max_d=-0.680723
[QP WORST] iter=0 row=59 type=collision d=-0.680723
[QP WORST COLLISION] scenario=34 k=8 obstacle=0 disc=2
[SQP] after_solve iter=0 converged=1 status=0 iterations=3 primal_residual=4.44089e-16 dual_residual=1.76212e-05 x_size=16 x_finite=1
[SQP LINESEARCH] iter=0 current_violation=0 accepted_violation=0 accepted=1 alpha=1 delta_u_norm=1.50278
[SQP SUPPORT] iter=0 support_size=0 support_limit=-1 support_ok=1
[SQP] before_solve iter=1 vars=16 constraints=92 max_d=-0.522958
[QP WORST] iter=1 row=59 type=collision d=-0.522958
[QP WORST COLLISION] scenario=34 k=8 obstacle=0 disc=2
[SQP] after_solve iter=1 converged=1 status=0 iterations=4 primal_residual=4.57967e-16 dual_residual=2.23163e-09 x_size=16 x_finite=1
[SQP LINESEARCH] iter=1 current_violation=0 accepted_violation=0 accepted=1 alpha=1 delta_u_norm=0.872934
[SQP SUPPORT] iter=1 support_size=0 support_limit=-1 support_ok=1
[SQP] before_solve iter=2 vars=16 constraints=92 max_d=-0.470439
[QP WORST] iter=2 row=59 type=collision d=-0.470439
[QP WORST COLLISION] scenario=34 k=8 obstacle=0 disc=2
[SQP] after_solve iter=2 converged=1 status=0 iterations=4 primal_residual=3.88578e-16 dual_residual=1.80307e-05 x_size=16 x_finite=1
[SQP LINESEARCH] iter=2 current_violation=0 accepted_violation=0 accepted=1 alpha=1 delta_u_norm=0.647101
[SQP SUPPORT] iter=2 support_size=0 support_limit=-1 support_ok=1
[SQP] before_solve iter=3 vars=16 constraints=92 max_d=-0.44806
[QP WORST] iter=3 row=59 type=collision d=-0.44806
[QP WORST COLLISION] scenario=34 k=8 obstacle=0 disc=2
[SQP] after_solve iter=3 converged=1 status=0 iterations=4 primal_residual=4.44089e-16 dual_residual=5.4691e-07 x_size=16 x_finite=1
[SQP LINESEARCH] iter=3 current_violation=0 accepted_violation=0 accepted=1 alpha=1 delta_u_norm=0.370769
[SQP SUPPORT] iter=3 support_size=0 support_limit=-1 support_ok=1
[SQP] before_solve iter=4 vars=16 constraints=92 max_d=-0.442603
[QP WORST] iter=4 row=59 type=collision d=-0.442603
[QP WORST COLLISION] scenario=34 k=8 obstacle=0 disc=2
[SQP] after_solve iter=4 converged=1 status=0 iterations=3 primal_residual=3.65411e-09 dual_residual=5.88195e-05 x_size=16 x_finite=1
[SQP LINESEARCH] iter=4 current_violation=0 accepted_violation=0 accepted=1 alpha=1 delta_u_norm=0.259818
[SQP SUPPORT] iter=4 support_size=0 support_limit=-1 support_ok=1
[SQP] before_solve iter=5 vars=16 constraints=92 max_d=-0.442179
[QP WORST] iter=5 row=59 type=collision d=-0.442179
[QP WORST COLLISION] scenario=34 k=8 obstacle=0 disc=2
[SQP] after_solve iter=5 converged=1 status=0 iterations=3 primal_residual=3.2197e-09 dual_residual=4.93425e-05 x_size=16 x_finite=1
[SQP LINESEARCH] iter=5 current_violation=0 accepted_violation=0 accepted=1 alpha=1 delta_u_norm=0.216738
[SQP SUPPORT] iter=5 support_size=0 support_limit=-1 support_ok=1
[SQP] before_solve iter=6 vars=16 constraints=92 max_d=-0.439934
[QP WORST] iter=6 row=59 type=collision d=-0.439934
[QP WORST COLLISION] scenario=34 k=8 obstacle=0 disc=2
[SQP] after_solve iter=6 converged=1 status=0 iterations=3 primal_residual=2.91796e-09 dual_residual=4.28208e-05 x_size=16 x_finite=1
[SQP LINESEARCH] iter=6 current_violation=0 accepted_violation=0 accepted=1 alpha=1 delta_u_norm=0.184868
[SQP SUPPORT] iter=6 support_size=0 support_limit=-1 support_ok=1
[SQP] before_solve iter=7 vars=16 constraints=92 max_d=-0.437543
[QP WORST] iter=7 row=59 type=collision d=-0.437543
[QP WORST COLLISION] scenario=34 k=8 obstacle=0 disc=2
[SQP] after_solve iter=7 converged=1 status=0 iterations=3 primal_residual=2.63699e-09 dual_residual=3.76893e-05 x_size=16 x_finite=1
[SQP LINESEARCH] iter=7 current_violation=0 accepted_violation=0 accepted=1 alpha=1 delta_u_norm=0.160445
[SQP SUPPORT] iter=7 support_size=0 support_limit=-1 support_ok=1
[SQP] before_solve iter=8 vars=16 constraints=92 max_d=-0.435412
[QP WORST] iter=8 row=59 type=collision d=-0.435412
[QP WORST COLLISION] scenario=34 k=8 obstacle=0 disc=2
[SQP] after_solve iter=8 converged=1 status=0 iterations=3 primal_residual=2.3742e-09 dual_residual=3.33662e-05 x_size=16 x_finite=1
[SQP LINESEARCH] iter=8 current_violation=0 accepted_violation=0 accepted=1 alpha=1 delta_u_norm=0.141571
[SQP SUPPORT] iter=8 support_size=0 support_limit=-1 support_ok=1
[SQP] before_solve iter=9 vars=16 constraints=92 max_d=-0.433606
[QP WORST] iter=9 row=59 type=collision d=-0.433606
[QP WORST COLLISION] scenario=34 k=8 obstacle=0 disc=2
[SQP] after_solve iter=9 converged=1 status=0 iterations=3 primal_residual=2.13608e-09 dual_residual=2.96435e-05 x_size=16 x_finite=1
[SQP LINESEARCH] iter=9 current_violation=0 accepted_violation=0 accepted=1 alpha=1 delta_u_norm=0.126864
[SQP SUPPORT] iter=9 support_size=0 support_limit=-1 support_ok=1
[SQP FINAL] final_violation=0 violated_constraints=0
[SUPPORT FINAL] sqp_union=0 final_active=0 support_limit=-1
[SUPPORT FINAL IDS]
[SUPPORT UNION IDS]
[COLD START RECOVERY CHECK] ordinary_sqp_failed=0 seed_available=0 incompatible=0 try_homotopy=0
[HARNESS RESULT] step=0 success=1 controls=8 first_input_present=1
[MPC STEP METRICS] step=0 applied=1 success=1 fallback=0 a=2.99925 omega=4.79088e-09 dt=0.1 acceleration_weight=0.1 steering_weight=0.1 control_cost_unweighted=8.99548 control_cost_weighted=0.899548 mpc_cost=-15.9486 solve_time=0.0385231 qp_solve_time=0.0260179 constraint_time=0.00684569 dro_risk_time=0 ambiguity_radius=0 certificate=not_requested
[EVAL SAFETY] step=1 min_center_distance=2.84853 min_clearance=1.89853 collision_this_step=0 collision_run=0 collision_radius=0.95
[PATH COMPLETION] step=1 completion_progress=0.164996 path_length=25 fraction=0.00659985 required_fraction=0.95 termination_enabled=1 completed=0
[RF BACKUP] available=1 controls=8 states=9
[FREE POLY] k=1 disc=0 raw=40 facets=0 vertices=4 rho=4.8 anchor_shift=0
[FREE POLY] k=1 disc=1 raw=40 facets=0 vertices=4 rho=0.800001 anchor_shift=0
[FREE POLY] k=1 disc=2 raw=40 facets=4 vertices=7 rho=4.8 anchor_shift=0
[FREE POLY] k=2 disc=0 raw=40 facets=2 vertices=5 rho=5.6 anchor_shift=0
[FREE POLY] k=2 disc=1 raw=40 facets=0 vertices=4 rho=1.6 anchor_shift=0
[FREE POLY] k=2 disc=2 raw=40 facets=3 vertices=6 rho=5.6 anchor_shift=0
[FREE POLY] k=3 disc=0 raw=40 facets=2 vertices=5 rho=6.4 anchor_shift=0
[FREE POLY] k=3 disc=1 raw=40 facets=0 vertices=4 rho=2.4 anchor_shift=0
[FREE POLY] k=3 disc=2 raw=40 facets=2 vertices=5 rho=6.4 anchor_shift=0
[FREE POLY] k=4 disc=0 raw=40 facets=2 vertices=5 rho=7.2 anchor_shift=0
[FREE POLY] k=4 disc=1 raw=40 facets=2 vertices=5 rho=3.2 anchor_shift=0
[FREE POLY] k=4 disc=2 raw=40 facets=4 vertices=7 rho=7.2 anchor_shift=0
[FREE POLY] k=5 disc=0 raw=40 facets=2 vertices=5 rho=8 anchor_shift=0
[FREE POLY] k=5 disc=1 raw=40 facets=2 vertices=5 rho=4 anchor_shift=0
[FREE POLY] k=5 disc=2 raw=40 facets=4 vertices=7 rho=8 anchor_shift=0
[FREE POLY] k=6 disc=0 raw=40 facets=3 vertices=6 rho=8.8 anchor_shift=0
[FREE POLY] k=6 disc=1 raw=40 facets=2 vertices=5 rho=4.8 anchor_shift=0
[FREE POLY] k=6 disc=2 raw=40 facets=4 vertices=7 rho=8.8 anchor_shift=0
[FREE POLY] k=7 disc=0 raw=40 facets=4 vertices=7 rho=9.6 anchor_shift=0
[FREE POLY] k=7 disc=1 raw=40 facets=4 vertices=7 rho=5.6 anchor_shift=0
[FREE POLY] k=7 disc=2 raw=40 facets=4 vertices=7 rho=9.6 anchor_shift=0
[FREE POLY] k=8 disc=0 raw=40 facets=4 vertices=7 rho=10.4 anchor_shift=0
[FREE POLY] k=8 disc=1 raw=40 facets=4 vertices=7 rho=6.4 anchor_shift=0
[FREE POLY] k=8 disc=2 raw=40 facets=4 vertices=7 rho=10.4 anchor_shift=0
[RF SUPPORT SEED] removed=0 support_limit=-1
[SQP] before_solve iter=0 vars=16 constraints=94 max_d=-0.221159
[QP WORST] iter=0 row=58 type=collision d=-0.221159
[QP WORST COLLISION] scenario=3 k=8 obstacle=0 disc=2
[SQP] after_solve iter=0 converged=1 status=0 iterations=3 primal_residual=4.44089e-16 dual_residual=1.2438e-07 x_size=16 x_finite=1
[SQP LINESEARCH] iter=0 current_violation=0 accepted_violation=0 accepted=1 alpha=1 delta_u_norm=0.213588
[SQP SUPPORT] iter=0 support_size=0 support_limit=-1 support_ok=1
[SQP] before_solve iter=1 vars=16 constraints=94 max_d=-0.204203
[QP WORST] iter=1 row=58 type=collision d=-0.204203
[QP WORST COLLISION] scenario=3 k=8 obstacle=0 disc=2
[SQP] after_solve iter=1 converged=1 status=0 iterations=3 primal_residual=4.33464e-16 dual_residual=2.43517e-08 x_size=16 x_finite=1
[SQP LINESEARCH] iter=1 current_violation=0 accepted_violation=0 accepted=1 alpha=1 delta_u_norm=0.163297
[SQP SUPPORT] iter=1 support_size=0 support_limit=-1 support_ok=1
[SQP] before_solve iter=2 vars=16 constraints=94 max_d=-0.199532
[QP WORST] iter=2 row=58 type=collision d=-0.199532
[QP WORST COLLISION] scenario=3 k=8 obstacle=0 disc=2
[SQP] after_solve iter=2 converged=1 status=0 iterations=3 primal_residual=4.38018e-16 dual_residual=1.39841e-08 x_size=16 x_finite=1
[SQP LINESEARCH] iter=2 current_violation=0 accepted_violation=0 accepted=1 alpha=1 delta_u_norm=0.151168
[SQP SUPPORT] iter=2 support_size=0 support_limit=-1 support_ok=1
[SQP] before_solve iter=3 vars=16 constraints=94 max_d=-0.198049
[QP WORST] iter=3 row=58 type=collision d=-0.198049
[QP WORST COLLISION] scenario=3 k=8 obstacle=0 disc=2
[SQP] after_solve iter=3 converged=1 status=0 iterations=3 primal_residual=4.36933e-16 dual_residual=1.39996e-08 x_size=16 x_finite=1
[SQP LINESEARCH] iter=3 current_violation=0 accepted_violation=0 accepted=1 alpha=1 delta_u_norm=0.142763
[SQP SUPPORT] iter=3 support_size=0 support_limit=-1 support_ok=1
[SQP] before_solve iter=4 vars=16 constraints=94 max_d=-0.197387
[QP WORST] iter=4 row=58 type=collision d=-0.197387
[QP WORST COLLISION] scenario=3 k=8 obstacle=0 disc=2
[SQP] after_solve iter=4 converged=1 status=0 iterations=3 primal_residual=4.06251e-16 dual_residual=1.69217e-08 x_size=16 x_finite=1
[SQP LINESEARCH] iter=4 current_violation=0 accepted_violation=0 accepted=1 alpha=1 delta_u_norm=0.135148
[SQP SUPPORT] iter=4 support_size=0 support_limit=-1 support_ok=1
[SQP] before_solve iter=5 vars=16 constraints=94 max_d=-0.196936
[QP WORST] iter=5 row=58 type=collision d=-0.196936
[QP WORST COLLISION] scenario=3 k=8 obstacle=0 disc=2
[SQP] after_solve iter=5 converged=1 status=0 iterations=3 primal_residual=4.40945e-16 dual_residual=2.16642e-08 x_size=16 x_finite=1
[SQP LINESEARCH] iter=5 current_violation=0 accepted_violation=0 accepted=1 alpha=1 delta_u_norm=0.128058
[SQP SUPPORT] iter=5 support_size=0 support_limit=-1 support_ok=1
[SQP] before_solve iter=6 vars=16 constraints=94 max_d=-0.196539
[QP WORST] iter=6 row=58 type=collision d=-0.196539
[QP WORST COLLISION] scenario=3 k=8 obstacle=0 disc=2
[SQP] after_solve iter=6 converged=1 status=0 iterations=3 primal_residual=4.03161e-16 dual_residual=2.83678e-08 x_size=16 x_finite=1
[SQP LINESEARCH] iter=6 current_violation=0 accepted_violation=0 accepted=1 alpha=1 delta_u_norm=0.121431
[SQP SUPPORT] iter=6 support_size=0 support_limit=-1 support_ok=1
[SQP] before_solve iter=7 vars=16 constraints=94 max_d=-0.196161
[QP WORST] iter=7 row=58 type=collision d=-0.196161
[QP WORST COLLISION] scenario=3 k=8 obstacle=0 disc=2
[SQP] after_solve iter=7 converged=1 status=0 iterations=3 primal_residual=4.26091e-16 dual_residual=3.77087e-08 x_size=16 x_finite=1
[SQP LINESEARCH] iter=7 current_violation=0 accepted_violation=0 accepted=1 alpha=1 delta_u_norm=0.115226
[SQP SUPPORT] iter=7 support_size=0 support_limit=-1 support_ok=1
[SQP] before_solve iter=8 vars=16 constraints=94 max_d=-0.195794
[QP WORST] iter=8 row=58 type=collision d=-0.195794
[QP WORST COLLISION] scenario=3 k=8 obstacle=0 disc=2
[SQP] after_solve iter=8 converged=1 status=0 iterations=3 primal_residual=3.83157e-16 dual_residual=5.08518e-08 x_size=16 x_finite=1
[SQP LINESEARCH] iter=8 current_violation=0 accepted_violation=0 accepted=1 alpha=1 delta_u_norm=0.10941
[SQP SUPPORT] iter=8 support_size=0 support_limit=-1 support_ok=1
[SQP] before_solve iter=9 vars=16 constraints=94 max_d=-0.195438
[QP WORST] iter=9 row=58 type=collision d=-0.195438
[QP WORST COLLISION] scenario=3 k=8 obstacle=0 disc=2
[SQP] after_solve iter=9 converged=1 status=0 iterations=3 primal_residual=4.42951e-16 dual_residual=6.96156e-08 x_size=16 x_finite=1
[SQP LINESEARCH] iter=9 current_violation=0 accepted_violation=0 accepted=1 alpha=1 delta_u_norm=0.103953
[SQP SUPPORT] iter=9 support_size=0 support_limit=-1 support_ok=1
[SQP FINAL] final_violation=0 violated_constraints=0
[SUPPORT FINAL] sqp_union=0 final_active=0 support_limit=-1
[SUPPORT FINAL IDS]
[SUPPORT UNION IDS]
[COLD START RECOVERY CHECK] ordinary_sqp_failed=0 seed_available=1 incompatible=0 try_homotopy=0
[HARNESS RESULT] step=1 success=1 controls=8 first_input_present=1
[MPC STEP METRICS] step=1 applied=1 success=1 fallback=0 a=2.7531 omega=-5.87639e-09 dt=0.1 acceleration_weight=0.1 steering_weight=0.1 control_cost_unweighted=7.57957 control_cost_weighted=0.757957 mpc_cost=-16.8719 solve_time=0.0372297 qp_solve_time=0.0254789 constraint_time=0.00660499 dro_risk_time=0 ambiguity_radius=0 certificate=not_requested
[EVAL SAFETY] step=2 min_center_distance=2.66768 min_clearance=1.71768 collision_this_step=0 collision_run=0 collision_radius=0.95
[RF BACKUP] available=1 controls=8 states=9
[FREE POLY] k=1 disc=0 raw=40 facets=0 vertices=4 rho=4.8 anchor_shift=0
[FREE POLY] k=1 disc=1 raw=40 facets=0 vertices=4 rho=0.800001 anchor_shift=0
[FREE POLY] k=1 disc=2 raw=40 facets=3 vertices=6 rho=4.8 anchor_shift=0
[FREE POLY] k=2 disc=0 raw=40 facets=1 vertices=4 rho=5.6 anchor_shift=0
[FREE POLY] k=2 disc=1 raw=40 facets=0 vertices=4 rho=1.6 anchor_shift=0
[FREE POLY] k=2 disc=2 raw=40 facets=2 vertices=5 rho=5.6 anchor_shift=0
[FREE POLY] k=3 disc=0 raw=40 facets=2 vertices=5 rho=6.4 anchor_shift=0
[FREE POLY] k=3 disc=1 raw=40 facets=0 vertices=4 rho=2.4 anchor_shift=0
[FREE POLY] k=3 disc=2 raw=40 facets=3 vertices=6 rho=6.4 anchor_shift=0
[FREE POLY] k=4 disc=0 raw=40 facets=2 vertices=5 rho=7.2 anchor_shift=0
[FREE POLY] k=4 disc=1 raw=40 facets=2 vertices=5 rho=3.2 anchor_shift=0
[FREE POLY] k=4 disc=2 raw=40 facets=3 vertices=6 rho=7.2 anchor_shift=0
[FREE POLY] k=5 disc=0 raw=40 facets=3 vertices=6 rho=8 anchor_shift=0
[FREE POLY] k=5 disc=1 raw=40 facets=3 vertices=6 rho=4 anchor_shift=0
[FREE POLY] k=5 disc=2 raw=40 facets=4 vertices=7 rho=8 anchor_shift=0
[FREE POLY] k=6 disc=0 raw=40 facets=3 vertices=6 rho=8.8 anchor_shift=0
[FREE POLY] k=6 disc=1 raw=40 facets=3 vertices=6 rho=4.8 anchor_shift=0
[FREE POLY] k=6 disc=2 raw=40 facets=4 vertices=7 rho=8.8 anchor_shift=0
[FREE POLY] k=7 disc=0 raw=40 facets=3 vertices=6 rho=9.6 anchor_shift=0
[FREE POLY] k=7 disc=1 raw=40 facets=3 vertices=6 rho=5.6 anchor_shift=0
[FREE POLY] k=7 disc=2 raw=40 facets=4 vertices=7 rho=9.6 anchor_shift=0
[FREE POLY] k=8 disc=0 raw=40 facets=4 vertices=7 rho=10.4 anchor_shift=0
[FREE POLY] k=8 disc=1 raw=40 facets=4 vertices=7 rho=6.4 anchor_shift=0
[FREE POLY] k=8 disc=2 raw=40 facets=4 vertices=7 rho=10.4 anchor_shift=0
[RF SUPPORT SEED] removed=0 support_limit=-1
[SQP] before_solve iter=0 vars=16 constraints=92 max_d=0.0453586
[QP WORST] iter=0 row=57 type=collision d=0.0453586
[QP WORST COLLISION] scenario=17 k=8 obstacle=0 disc=2
[SQP] after_solve iter=0 converged=1 status=0 iterations=4 primal_residual=5.91771e-11 dual_residual=3.65213e-06 x_size=16 x_finite=1
[SQP LINESEARCH] iter=0 current_violation=0.0453586 accepted_violation=0 accepted=1 alpha=1 delta_u_norm=0.440948
[SQP SUPPORT] iter=0 support_size=0 support_limit=-1 support_ok=1
[SQP] before_solve iter=1 vars=16 constraints=92 max_d=-0.00249547
[QP WORST] iter=1 row=57 type=collision d=-0.00249547
[QP WORST COLLISION] scenario=17 k=8 obstacle=0 disc=2
[SQP] after_solve iter=1 converged=1 status=0 iterations=4 primal_residual=3.46244e-10 dual_residual=8.84143e-06 x_size=16 x_finite=1
[SQP LINESEARCH] iter=1 current_violation=0 accepted_violation=0 accepted=1 alpha=1 delta_u_norm=0.251281
[SQP SUPPORT] iter=1 support_size=0 support_limit=-1 support_ok=1
[SQP] before_solve iter=2 vars=16 constraints=92 max_d=-9.91566e-05
[QP WORST] iter=2 row=57 type=collision d=-9.91566e-05
[QP WORST COLLISION] scenario=17 k=8 obstacle=0 disc=2
[SQP] after_solve iter=2 converged=1 status=0 iterations=4 primal_residual=4.9345e-10 dual_residual=1.37874e-05 x_size=16 x_finite=1
[SQP LINESEARCH] iter=2 current_violation=0 accepted_violation=0 accepted=1 alpha=1 delta_u_norm=0.193936
[SQP SUPPORT] iter=2 support_size=0 support_limit=-1 support_ok=1
[SQP] before_solve iter=3 vars=16 constraints=92 max_d=-0.000183851
[QP WORST] iter=3 row=57 type=collision d=-0.000183851
[QP WORST COLLISION] scenario=17 k=8 obstacle=0 disc=2
[SQP] after_solve iter=3 converged=1 status=0 iterations=4 primal_residual=7.80588e-10 dual_residual=1.57332e-05 x_size=16 x_finite=1
[SQP LINESEARCH] iter=3 current_violation=0 accepted_violation=0 accepted=1 alpha=1 delta_u_norm=0.168017
[SQP SUPPORT] iter=3 support_size=0 support_limit=-1 support_ok=1
[SQP] before_solve iter=4 vars=16 constraints=92 max_d=-8.36758e-05
[QP WORST] iter=4 row=57 type=collision d=-8.36758e-05
[QP WORST COLLISION] scenario=17 k=8 obstacle=0 disc=2
[SQP] after_solve iter=4 converged=1 status=0 iterations=4 primal_residual=1.04745e-09 dual_residual=1.83943e-05 x_size=16 x_finite=1
[SQP LINESEARCH] iter=4 current_violation=0 accepted_violation=0 accepted=1 alpha=1 delta_u_norm=0.148626
[SQP SUPPORT] iter=4 support_size=0 support_limit=-1 support_ok=1
[SQP] before_solve iter=5 vars=16 constraints=92 max_d=-6.96865e-05
[QP WORST] iter=5 row=57 type=collision d=-6.96865e-05
[QP WORST COLLISION] scenario=17 k=8 obstacle=0 disc=2
[SQP] after_solve iter=5 converged=1 status=0 iterations=4 primal_residual=1.3083e-09 dual_residual=2.05423e-05 x_size=16 x_finite=1
[SQP LINESEARCH] iter=5 current_violation=0 accepted_violation=0 accepted=1 alpha=1 delta_u_norm=0.135416
[SQP SUPPORT] iter=5 support_size=0 support_limit=-1 support_ok=1
[SQP] before_solve iter=6 vars=16 constraints=92 max_d=-5.72808e-05
[QP WORST] iter=6 row=57 type=collision d=-5.72808e-05
[QP WORST COLLISION] scenario=17 k=8 obstacle=0 disc=2
[SQP] after_solve iter=6 converged=1 status=0 iterations=4 primal_residual=1.768e-09 dual_residual=2.31646e-05 x_size=16 x_finite=1
[SQP LINESEARCH] iter=6 current_violation=0 accepted_violation=0 accepted=1 alpha=1 delta_u_norm=0.12533
[SQP SUPPORT] iter=6 support_size=0 support_limit=-1 support_ok=1
[SQP] before_solve iter=7 vars=16 constraints=92 max_d=-5.36402e-05
[QP WORST] iter=7 row=57 type=collision d=-5.36402e-05
[QP WORST COLLISION] scenario=17 k=8 obstacle=0 disc=2
[SQP] after_solve iter=7 converged=1 status=0 iterations=4 primal_residual=2.59829e-09 dual_residual=2.63862e-05 x_size=16 x_finite=1
[SQP LINESEARCH] iter=7 current_violation=0 accepted_violation=0 accepted=1 alpha=1 delta_u_norm=0.117227
[SQP SUPPORT] iter=7 support_size=0 support_limit=-1 support_ok=1
[SQP] before_solve iter=8 vars=16 constraints=92 max_d=-5.39852e-05
[QP WORST] iter=8 row=57 type=collision d=-5.39852e-05
[QP WORST COLLISION] scenario=17 k=8 obstacle=0 disc=2
[SQP] after_solve iter=8 converged=1 status=0 iterations=4 primal_residual=3.88383e-09 dual_residual=3.02897e-05 x_size=16 x_finite=1
[SQP LINESEARCH] iter=8 current_violation=0 accepted_violation=0 accepted=1 alpha=1 delta_u_norm=0.110348
[SQP SUPPORT] iter=8 support_size=0 support_limit=-1 support_ok=1
[SQP] before_solve iter=9 vars=16 constraints=92 max_d=-5.73659e-05
[QP WORST] iter=9 row=57 type=collision d=-5.73659e-05
[QP WORST COLLISION] scenario=17 k=8 obstacle=0 disc=2
[SQP] after_solve iter=9 converged=1 status=0 iterations=4 primal_residual=5.52608e-09 dual_residual=3.46438e-05 x_size=16 x_finite=1
[SQP LINESEARCH] iter=9 current_violation=0 accepted_violation=0 accepted=1 alpha=1 delta_u_norm=0.104307
[SQP SUPPORT] iter=9 support_size=0 support_limit=-1 support_ok=1
[SQP FINAL] final_violation=0 violated_constraints=0
[SUPPORT FINAL] sqp_union=0 final_active=1 support_limit=-1
[SUPPORT FINAL IDS] 17
[SUPPORT UNION IDS]
[COLD START RECOVERY CHECK] ordinary_sqp_failed=0 seed_available=1 incompatible=0 try_homotopy=0
[HARNESS RESULT] step=2 success=1 controls=8 first_input_present=1
[MPC STEP METRICS] step=2 applied=1 success=1 fallback=0 a=-0.00362511 omega=-0.00570345 dt=0.1 acceleration_weight=0.1 steering_weight=0.1 control_cost_unweighted=4.56708e-05 control_cost_weighted=4.56708e-06 mpc_cost=-17.5615 solve_time=0.0369373 qp_solve_time=0.0251944 constraint_time=0.00659809 dro_risk_time=0 ambiguity_radius=0 certificate=not_requested
[EVAL SAFETY] step=3 min_center_distance=2.47311 min_clearance=1.52311 collision_this_step=0 collision_run=0 collision_radius=0.95
[RF BACKUP] available=1 controls=8 states=9
[FREE POLY] k=1 disc=0 raw=40 facets=0 vertices=4 rho=4.8 anchor_shift=0
[FREE POLY] k=1 disc=1 raw=40 facets=0 vertices=4 rho=0.800001 anchor_shift=0
[FREE POLY] k=1 disc=2 raw=40 facets=3 vertices=6 rho=4.8 anchor_shift=0
[FREE POLY] k=2 disc=0 raw=40 facets=3 vertices=6 rho=5.6 anchor_shift=0
[FREE POLY] k=2 disc=1 raw=40 facets=0 vertices=4 rho=1.6 anchor_shift=0
[FREE POLY] k=2 disc=2 raw=40 facets=3 vertices=6 rho=5.6 anchor_shift=0
[FREE POLY] k=3 disc=0 raw=40 facets=3 vertices=6 rho=6.4 anchor_shift=0
[FREE POLY] k=3 disc=1 raw=40 facets=0 vertices=4 rho=2.4 anchor_shift=0
[FREE POLY] k=3 disc=2 raw=40 facets=3 vertices=6 rho=6.4 anchor_shift=0
[FREE POLY] k=4 disc=0 raw=40 facets=4 vertices=7 rho=7.2 anchor_shift=0
[FREE POLY] k=4 disc=1 raw=40 facets=3 vertices=6 rho=3.2 anchor_shift=0
[FREE POLY] k=4 disc=2 raw=40 facets=5 vertices=8 rho=7.2 anchor_shift=0
[FREE POLY] k=5 disc=0 raw=40 facets=4 vertices=7 rho=8 anchor_shift=0
[FREE POLY] k=5 disc=1 raw=40 facets=3 vertices=6 rho=4 anchor_shift=0
[FREE POLY] k=5 disc=2 raw=40 facets=4 vertices=7 rho=8 anchor_shift=0
[FREE POLY] k=6 disc=0 raw=40 facets=4 vertices=7 rho=8.8 anchor_shift=0
[FREE POLY] k=6 disc=1 raw=40 facets=4 vertices=7 rho=4.8 anchor_shift=0
[FREE POLY] k=6 disc=2 raw=40 facets=5 vertices=8 rho=8.8 anchor_shift=0
[FREE POLY] k=7 disc=0 raw=40 facets=4 vertices=7 rho=9.6 anchor_shift=0
[FREE POLY] k=7 disc=1 raw=40 facets=4 vertices=7 rho=5.6 anchor_shift=0
[FREE POLY] k=7 disc=2 raw=40 facets=5 vertices=8 rho=9.6 anchor_shift=0
[FREE POLY] k=8 disc=0 raw=40 facets=4 vertices=7 rho=10.4 anchor_shift=0
[FREE POLY] k=8 disc=1 raw=40 facets=6 vertices=9 rho=6.4 anchor_shift=0
[FREE POLY] k=8 disc=2 raw=40 facets=6 vertices=9 rho=10.4 anchor_shift=0
[RF SUPPORT SEED] removed=0 support_limit=-1
[SQP] before_solve iter=0 vars=16 constraints=112 max_d=0.0892398
[QP WORST] iter=0 row=78 type=collision d=0.0892398
[QP WORST COLLISION] scenario=26 k=8 obstacle=0 disc=2
[SQP] after_solve iter=0 converged=1 status=0 iterations=5 primal_residual=9.32895e-10 dual_residual=4.95157e-05 x_size=16 x_finite=1
[SQP LINESEARCH] iter=0 current_violation=0.0892398 accepted_violation=0 accepted=1 alpha=1 delta_u_norm=0.452574
[SQP SUPPORT] iter=0 support_size=0 support_limit=-1 support_ok=1
[SQP] before_solve iter=1 vars=16 constraints=112 max_d=-0.0123011
[QP WORST] iter=1 row=78 type=collision d=-0.0123011
[QP WORST COLLISION] scenario=26 k=8 obstacle=0 disc=2
[SQP] after_solve iter=1 converged=1 status=0 iterations=4 primal_residual=2.03739e-07 dual_residual=9.36335e-05 x_size=16 x_finite=1
[SQP LINESEARCH] iter=1 current_violation=0 accepted_violation=0 accepted=1 alpha=1 delta_u_norm=0.367684
[SQP SUPPORT] iter=1 support_size=0 support_limit=-1 support_ok=1
[SQP] before_solve iter=2 vars=16 constraints=112 max_d=-0.000447077
[QP WORST] iter=2 row=78 type=collision d=-0.000447077
[QP WORST COLLISION] scenario=26 k=8 obstacle=0 disc=2
[SQP] after_solve iter=2 converged=1 status=0 iterations=5 primal_residual=2.19788e-11 dual_residual=9.37042e-06 x_size=16 x_finite=1
[SQP LINESEARCH] iter=2 current_violation=0 accepted_violation=0 accepted=1 alpha=1 delta_u_norm=0.256905
[SQP SUPPORT] iter=2 support_size=0 support_limit=-1 support_ok=1
[SQP] before_solve iter=3 vars=16 constraints=112 max_d=-8.60467e-05
[QP WORST] iter=3 row=78 type=collision d=-8.60467e-05
[QP WORST COLLISION] scenario=26 k=8 obstacle=0 disc=2
[SQP] after_solve iter=3 converged=1 status=0 iterations=4 primal_residual=1.21045e-09 dual_residual=8.05935e-05 x_size=16 x_finite=1
[SQP LINESEARCH] iter=3 current_violation=0 accepted_violation=0 accepted=1 alpha=1 delta_u_norm=0.140026
[SQP SUPPORT] iter=3 support_size=0 support_limit=-1 support_ok=1
[SQP] before_solve iter=4 vars=16 constraints=112 max_d=-1.67522e-05
[QP WORST] iter=4 row=78 type=collision d=-1.67522e-05
[QP WORST COLLISION] scenario=26 k=8 obstacle=0 disc=2
[SQP] after_solve iter=4 converged=1 status=0 iterations=4 primal_residual=7.88794e-08 dual_residual=8.83035e-05 x_size=16 x_finite=1
[SQP LINESEARCH] iter=4 current_violation=0 accepted_violation=0 accepted=1 alpha=1 delta_u_norm=0.124292
[SQP SUPPORT] iter=4 support_size=0 support_limit=-1 support_ok=1
[SQP] before_solve iter=5 vars=16 constraints=112 max_d=-9.10456e-07
[QP WORST] iter=5 row=78 type=collision d=-9.10456e-07
[QP WORST COLLISION] scenario=26 k=8 obstacle=0 disc=2
[SQP] after_solve iter=5 converged=1 status=0 iterations=4 primal_residual=1.50118e-07 dual_residual=9.28259e-05 x_size=16 x_finite=1
[SQP LINESEARCH] iter=5 current_violation=0 accepted_violation=0 accepted=1 alpha=1 delta_u_norm=0.116627
[SQP SUPPORT] iter=5 support_size=0 support_limit=-1 support_ok=1
[SQP] before_solve iter=6 vars=16 constraints=112 max_d=-3.03494e-07
[QP WORST] iter=6 row=78 type=collision d=-3.03494e-07
[QP WORST COLLISION] scenario=26 k=8 obstacle=0 disc=2
[SQP] after_solve iter=6 converged=1 status=0 iterations=4 primal_residual=1.8159e-07 dual_residual=9.47873e-05 x_size=16 x_finite=1
[SQP LINESEARCH] iter=6 current_violation=0 accepted_violation=0 accepted=1 alpha=1 delta_u_norm=0.110052
[SQP SUPPORT] iter=6 support_size=0 support_limit=-1 support_ok=1
[SQP] before_solve iter=7 vars=16 constraints=112 max_d=-2.47412e-07
[QP WORST] iter=7 row=78 type=collision d=-2.47412e-07
[QP WORST COLLISION] scenario=26 k=8 obstacle=0 disc=2
[SQP] after_solve iter=7 converged=1 status=0 iterations=4 primal_residual=1.97213e-07 dual_residual=9.57745e-05 x_size=16 x_finite=1
[SQP LINESEARCH] iter=7 current_violation=0 accepted_violation=0 accepted=1 alpha=1 delta_u_norm=0.104053
[SQP SUPPORT] iter=7 support_size=0 support_limit=-1 support_ok=1
[SQP] before_solve iter=8 vars=16 constraints=112 max_d=-2.54689e-07
[QP WORST] iter=8 row=78 type=collision d=-2.54689e-07
[QP WORST COLLISION] scenario=26 k=8 obstacle=0 disc=2
[SQP] after_solve iter=8 converged=1 status=0 iterations=4 primal_residual=2.04327e-07 dual_residual=9.62603e-05 x_size=16 x_finite=1
[SQP LINESEARCH] iter=8 current_violation=0 accepted_violation=0 accepted=1 alpha=1 delta_u_norm=0.0984984
[SQP SUPPORT] iter=8 support_size=0 support_limit=-1 support_ok=1
[SQP] before_solve iter=9 vars=16 constraints=112 max_d=-2.64446e-07
[QP WORST] iter=9 row=78 type=collision d=-2.64446e-07
[QP WORST COLLISION] scenario=26 k=8 obstacle=0 disc=2
[SQP] after_solve iter=9 converged=1 status=0 iterations=4 primal_residual=2.05983e-07 dual_residual=9.64368e-05 x_size=16 x_finite=1
[SQP LINESEARCH] iter=9 current_violation=0 accepted_violation=0 accepted=1 alpha=1 delta_u_norm=0.0933251
[SQP SUPPORT] iter=9 support_size=0 support_limit=-1 support_ok=1
[SQP FINAL] final_violation=0 violated_constraints=0
[SUPPORT FINAL] sqp_union=0 final_active=1 support_limit=-1
[SUPPORT FINAL IDS] 26
[SUPPORT UNION IDS]
[COLD START RECOVERY CHECK] ordinary_sqp_failed=0 seed_available=1 incompatible=0 try_homotopy=0
[HARNESS RESULT] step=3 success=1 controls=8 first_input_present=1
[MPC STEP METRICS] step=3 applied=1 success=1 fallback=0 a=-0.068927 omega=-0.0461122 dt=0.1 acceleration_weight=0.1 steering_weight=0.1 control_cost_unweighted=0.00687727 control_cost_weighted=0.000687727 mpc_cost=-17.3714 solve_time=0.0405063 qp_solve_time=0.0283187 constraint_time=0.00696352 dro_risk_time=0 ambiguity_radius=0 certificate=not_requested
[EVAL SAFETY] step=4 min_center_distance=2.2792 min_clearance=1.3292 collision_this_step=0 collision_run=0 collision_radius=0.95
[RF BACKUP] available=1 controls=8 states=9
[FREE POLY] k=1 disc=0 raw=40 facets=0 vertices=4 rho=4.8 anchor_shift=0
[FREE POLY] k=1 disc=1 raw=40 facets=0 vertices=4 rho=0.800001 anchor_shift=0
[FREE POLY] k=1 disc=2 raw=40 facets=4 vertices=7 rho=4.8 anchor_shift=0
[FREE POLY] k=2 disc=0 raw=40 facets=2 vertices=5 rho=5.6 anchor_shift=0
[FREE POLY] k=2 disc=1 raw=40 facets=0 vertices=4 rho=1.6 anchor_shift=0
[FREE POLY] k=2 disc=2 raw=40 facets=5 vertices=8 rho=5.6 anchor_shift=0
[FREE POLY] k=3 disc=0 raw=40 facets=3 vertices=6 rho=6.4 anchor_shift=0
[FREE POLY] k=3 disc=1 raw=40 facets=0 vertices=4 rho=2.4 anchor_shift=0
[FREE POLY] k=3 disc=2 raw=40 facets=3 vertices=6 rho=6.4 anchor_shift=0
[FREE POLY] k=4 disc=0 raw=40 facets=3 vertices=6 rho=7.2 anchor_shift=0
[FREE POLY] k=4 disc=1 raw=40 facets=2 vertices=5 rho=3.2 anchor_shift=0
[FREE POLY] k=4 disc=2 raw=40 facets=3 vertices=6 rho=7.2 anchor_shift=0
[FREE POLY] k=5 disc=0 raw=40 facets=3 vertices=6 rho=8 anchor_shift=0
[FREE POLY] k=5 disc=1 raw=40 facets=2 vertices=5 rho=4 anchor_shift=0
[FREE POLY] k=5 disc=2 raw=40 facets=3 vertices=6 rho=8 anchor_shift=0
[FREE POLY] k=6 disc=0 raw=40 facets=3 vertices=6 rho=8.8 anchor_shift=0
[FREE POLY] k=6 disc=1 raw=40 facets=3 vertices=6 rho=4.8 anchor_shift=0
[FREE POLY] k=6 disc=2 raw=40 facets=4 vertices=7 rho=8.8 anchor_shift=0
[FREE POLY] k=7 disc=0 raw=40 facets=3 vertices=6 rho=9.6 anchor_shift=0
[FREE POLY] k=7 disc=1 raw=40 facets=3 vertices=6 rho=5.6 anchor_shift=0
[FREE POLY] k=7 disc=2 raw=40 facets=4 vertices=7 rho=9.6 anchor_shift=0
[FREE POLY] k=8 disc=0 raw=40 facets=4 vertices=7 rho=10.4 anchor_shift=0
[FREE POLY] k=8 disc=1 raw=40 facets=3 vertices=6 rho=6.4 anchor_shift=0
[FREE POLY] k=8 disc=2 raw=40 facets=6 vertices=9 rho=10.4 anchor_shift=0
[RF SUPPORT SEED] removed=0 support_limit=-1
[SQP] before_solve iter=0 vars=16 constraints=98 max_d=0.11887
[QP WORST] iter=0 row=64 type=collision d=0.11887
[QP WORST COLLISION] scenario=20 k=8 obstacle=0 disc=2
[SQP] after_solve iter=0 converged=1 status=0 iterations=4 primal_residual=4.52738e-08 dual_residual=9.2566e-05 x_size=16 x_finite=1
[SQP LINESEARCH] iter=0 current_violation=0.11887 accepted_violation=0 accepted=1 alpha=1 delta_u_norm=0.515986
[SQP SUPPORT] iter=0 support_size=0 support_limit=-1 support_ok=1
[SQP] before_solve iter=1 vars=16 constraints=98 max_d=-0.0034939
[QP WORST] iter=1 row=64 type=collision d=-0.0034939
[QP WORST COLLISION] scenario=20 k=8 obstacle=0 disc=2
[SQP] after_solve iter=1 converged=1 status=0 iterations=5 primal_residual=4.30211e-16 dual_residual=1.73717e-05 x_size=16 x_finite=1
[SQP LINESEARCH] iter=1 current_violation=0 accepted_violation=0 accepted=1 alpha=1 delta_u_norm=0.394847
[SQP SUPPORT] iter=1 support_size=0 support_limit=-1 support_ok=1
[SQP] before_solve iter=2 vars=16 constraints=98 max_d=-0.000158723
[QP WORST] iter=2 row=64 type=collision d=-0.000158723
[QP WORST COLLISION] scenario=20 k=8 obstacle=0 disc=2
[SQP] after_solve iter=2 converged=1 status=0 iterations=5 primal_residual=4.18877e-09 dual_residual=1.60605e-05 x_size=16 x_finite=1
[SQP LINESEARCH] iter=2 current_violation=0 accepted_violation=0 accepted=1 alpha=1 delta_u_norm=0.144371
[SQP SUPPORT] iter=2 support_size=0 support_limit=-1 support_ok=1
[SQP] before_solve iter=3 vars=16 constraints=98 max_d=-1.56927e-06
[QP WORST] iter=3 row=64 type=collision d=-1.56927e-06
[QP WORST COLLISION] scenario=20 k=8 obstacle=0 disc=2
[SQP] after_solve iter=3 converged=1 status=0 iterations=5 primal_residual=3.95272e-09 dual_residual=1.49559e-05 x_size=16 x_finite=1
[SQP LINESEARCH] iter=3 current_violation=0 accepted_violation=0 accepted=1 alpha=1 delta_u_norm=0.132864
[SQP SUPPORT] iter=3 support_size=0 support_limit=-1 support_ok=1
[SQP] before_solve iter=4 vars=16 constraints=98 max_d=-2.15387e-07
[QP WORST] iter=4 row=64 type=collision d=-2.15387e-07
[QP WORST COLLISION] scenario=20 k=8 obstacle=0 disc=2
[SQP] after_solve iter=4 converged=1 status=0 iterations=5 primal_residual=3.77013e-09 dual_residual=1.41235e-05 x_size=16 x_finite=1
[SQP LINESEARCH] iter=4 current_violation=0 accepted_violation=0 accepted=1 alpha=1 delta_u_norm=0.124271
[SQP SUPPORT] iter=4 support_size=0 support_limit=-1 support_ok=1
[SQP] before_solve iter=5 vars=16 constraints=98 max_d=-1.31747e-07
[QP WORST] iter=5 row=64 type=collision d=-1.31747e-07
[QP WORST COLLISION] scenario=20 k=8 obstacle=0 disc=2
[SQP] after_solve iter=5 converged=1 status=0 iterations=5 primal_residual=3.66301e-09 dual_residual=1.36025e-05 x_size=16 x_finite=1
[SQP LINESEARCH] iter=5 current_violation=0 accepted_violation=0 accepted=1 alpha=1 delta_u_norm=0.116823
[SQP SUPPORT] iter=5 support_size=0 support_limit=-1 support_ok=1
[SQP] before_solve iter=6 vars=16 constraints=98 max_d=-1.73455e-07
[QP WORST] iter=6 row=64 type=collision d=-1.73455e-07
[QP WORST COLLISION] scenario=20 k=8 obstacle=0 disc=2
[SQP] after_solve iter=6 converged=1 status=0 iterations=5 primal_residual=3.61042e-09 dual_residual=1.32843e-05 x_size=16 x_finite=1
[SQP LINESEARCH] iter=6 current_violation=0 accepted_violation=0 accepted=1 alpha=1 delta_u_norm=0.11014
[SQP SUPPORT] iter=6 support_size=0 support_limit=-1 support_ok=1
[SQP] before_solve iter=7 vars=16 constraints=98 max_d=-2.18252e-07
[QP WORST] iter=7 row=64 type=collision d=-2.18252e-07
[QP WORST COLLISION] scenario=20 k=8 obstacle=0 disc=2
[SQP] after_solve iter=7 converged=1 status=0 iterations=5 primal_residual=3.59294e-09 dual_residual=1.30938e-05 x_size=16 x_finite=1
[SQP LINESEARCH] iter=7 current_violation=0 accepted_violation=0 accepted=1 alpha=1 delta_u_norm=0.104045
[SQP SUPPORT] iter=7 support_size=0 support_limit=-1 support_ok=1
[SQP] before_solve iter=8 vars=16 constraints=98 max_d=-2.52409e-07
[QP WORST] iter=8 row=64 type=collision d=-2.52409e-07
[QP WORST COLLISION] scenario=20 k=8 obstacle=0 disc=2
[SQP] after_solve iter=8 converged=1 status=0 iterations=5 primal_residual=3.59797e-09 dual_residual=1.29849e-05 x_size=16 x_finite=1
[SQP LINESEARCH] iter=8 current_violation=0 accepted_violation=0 accepted=1 alpha=1 delta_u_norm=0.0984332
[SQP SUPPORT] iter=8 support_size=0 support_limit=-1 support_ok=1
[SQP] before_solve iter=9 vars=16 constraints=98 max_d=-2.76318e-07
[QP WORST] iter=9 row=64 type=collision d=-2.76318e-07
[QP WORST COLLISION] scenario=20 k=8 obstacle=0 disc=2
[SQP] after_solve iter=9 converged=1 status=0 iterations=5 primal_residual=3.61736e-09 dual_residual=1.29287e-05 x_size=16 x_finite=1
[SQP LINESEARCH] iter=9 current_violation=0 accepted_violation=0 accepted=1 alpha=1 delta_u_norm=0.0932346
[SQP SUPPORT] iter=9 support_size=0 support_limit=-1 support_ok=1
[SQP FINAL] final_violation=0 violated_constraints=0
[SUPPORT FINAL] sqp_union=0 final_active=1 support_limit=-1
[SUPPORT FINAL IDS] 20
[SUPPORT UNION IDS]
[COLD START RECOVERY CHECK] ordinary_sqp_failed=0 seed_available=1 incompatible=0 try_homotopy=0
[HARNESS RESULT] step=4 success=1 controls=8 first_input_present=1
[MPC STEP METRICS] step=4 applied=1 success=1 fallback=0 a=0.0846277 omega=-0.0567541 dt=0.1 acceleration_weight=0.1 steering_weight=0.1 control_cost_unweighted=0.0103829 control_cost_weighted=0.00103829 mpc_cost=-17.1684 solve_time=0.0479036 qp_solve_time=0.0305349 constraint_time=0.00981053 dro_risk_time=0 ambiguity_radius=0 certificate=not_requested
[EVAL SAFETY] step=5 min_center_distance=2.08554 min_clearance=1.13554 collision_this_step=0 collision_run=0 collision_radius=0.95
[RF BACKUP] available=1 controls=8 states=9
[FREE POLY] k=1 disc=0 raw=40 facets=0 vertices=4 rho=4.8 anchor_shift=0
[FREE POLY] k=1 disc=1 raw=40 facets=0 vertices=4 rho=0.800001 anchor_shift=0
[FREE POLY] k=1 disc=2 raw=40 facets=4 vertices=7 rho=4.8 anchor_shift=0
[FREE POLY] k=2 disc=0 raw=40 facets=3 vertices=6 rho=5.6 anchor_shift=0
[FREE POLY] k=2 disc=1 raw=40 facets=0 vertices=4 rho=1.6 anchor_shift=0
[FREE POLY] k=2 disc=2 raw=40 facets=3 vertices=6 rho=5.6 anchor_shift=0
[FREE POLY] k=3 disc=0 raw=40 facets=3 vertices=6 rho=6.4 anchor_shift=0
[FREE POLY] k=3 disc=1 raw=40 facets=0 vertices=4 rho=2.4 anchor_shift=0
[FREE POLY] k=3 disc=2 raw=40 facets=4 vertices=7 rho=6.4 anchor_shift=0
[FREE POLY] k=4 disc=0 raw=40 facets=4 vertices=7 rho=7.2 anchor_shift=0
[FREE POLY] k=4 disc=1 raw=40 facets=4 vertices=7 rho=3.2 anchor_shift=0
[FREE POLY] k=4 disc=2 raw=40 facets=4 vertices=7 rho=7.2 anchor_shift=0
[FREE POLY] k=5 disc=0 raw=40 facets=3 vertices=6 rho=8 anchor_shift=0
[FREE POLY] k=5 disc=1 raw=40 facets=3 vertices=6 rho=4 anchor_shift=0
[FREE POLY] k=5 disc=2 raw=40 facets=4 vertices=7 rho=8 anchor_shift=0
[FREE POLY] k=6 disc=0 raw=40 facets=3 vertices=6 rho=8.8 anchor_shift=0
[FREE POLY] k=6 disc=1 raw=40 facets=3 vertices=6 rho=4.8 anchor_shift=0
[FREE POLY] k=6 disc=2 raw=40 facets=5 vertices=8 rho=8.8 anchor_shift=0
[FREE POLY] k=7 disc=0 raw=40 facets=3 vertices=6 rho=9.6 anchor_shift=0
[FREE POLY] k=7 disc=1 raw=40 facets=3 vertices=6 rho=5.6 anchor_shift=0
[FREE POLY] k=7 disc=2 raw=40 facets=5 vertices=7 rho=9.6 anchor_shift=0
[FREE POLY] k=8 disc=0 raw=40 facets=3 vertices=6 rho=10.4 anchor_shift=0
[FREE POLY] k=8 disc=1 raw=40 facets=3 vertices=6 rho=6.4 anchor_shift=0
[FREE POLY] k=8 disc=2 raw=40 facets=6 vertices=8 rho=10.4 anchor_shift=0
[RF SUPPORT SEED] removed=0 support_limit=-1
[SQP] before_solve iter=0 vars=16 constraints=105 max_d=0.0473034
[QP WORST] iter=0 row=68 type=collision d=0.0473034
[QP WORST COLLISION] scenario=4 k=8 obstacle=0 disc=2
[SQP] after_solve iter=0 converged=1 status=0 iterations=5 primal_residual=5.668e-10 dual_residual=1.6737e-05 x_size=16 x_finite=1
[SQP LINESEARCH] iter=0 current_violation=0.0473034 accepted_violation=0 accepted=1 alpha=1 delta_u_norm=0.611492
[SQP SUPPORT] iter=0 support_size=0 support_limit=-1 support_ok=1
[SQP] before_solve iter=1 vars=16 constraints=105 max_d=-0.000150963
[QP WORST] iter=1 row=56 type=collision d=-0.000150963
[QP WORST COLLISION] scenario=4 k=7 obstacle=0 disc=2
[SQP] after_solve iter=1 converged=1 status=0 iterations=4 primal_residual=6.78903e-08 dual_residual=8.83114e-05 x_size=16 x_finite=1
[SQP LINESEARCH] iter=1 current_violation=0 accepted_violation=0 accepted=1 alpha=1 delta_u_norm=0.162942
[SQP SUPPORT] iter=1 support_size=0 support_limit=-1 support_ok=1
[SQP] before_solve iter=2 vars=16 constraints=105 max_d=-3.82112e-06
[QP WORST] iter=2 row=68 type=collision d=-3.82112e-06
[QP WORST COLLISION] scenario=4 k=8 obstacle=0 disc=2
[SQP] after_solve iter=2 converged=1 status=0 iterations=4 primal_residual=6.17288e-08 dual_residual=8.40739e-05 x_size=16 x_finite=1
[SQP LINESEARCH] iter=2 current_violation=0 accepted_violation=0 accepted=1 alpha=1 delta_u_norm=0.145226
[SQP SUPPORT] iter=2 support_size=0 support_limit=-1 support_ok=1
[SQP] before_solve iter=3 vars=16 constraints=105 max_d=-5.52544e-06
[QP WORST] iter=3 row=56 type=collision d=-5.52544e-06
[QP WORST COLLISION] scenario=4 k=7 obstacle=0 disc=2
[SQP] after_solve iter=3 converged=1 status=0 iterations=4 primal_residual=5.76603e-08 dual_residual=8.12433e-05 x_size=16 x_finite=1
[SQP LINESEARCH] iter=3 current_violation=0 accepted_violation=0 accepted=1 alpha=1 delta_u_norm=0.133338
[SQP SUPPORT] iter=3 support_size=0 support_limit=-1 support_ok=1
[SQP] before_solve iter=4 vars=16 constraints=105 max_d=-4.59304e-06
[QP WORST] iter=4 row=56 type=collision d=-4.59304e-06
[QP WORST COLLISION] scenario=4 k=7 obstacle=0 disc=2
[SQP] after_solve iter=4 converged=1 status=0 iterations=4 primal_residual=5.51015e-08 dual_residual=7.9428e-05 x_size=16 x_finite=1
[SQP LINESEARCH] iter=4 current_violation=0 accepted_violation=0 accepted=1 alpha=1 delta_u_norm=0.123744
[SQP SUPPORT] iter=4 support_size=0 support_limit=-1 support_ok=1
[SQP] before_solve iter=5 vars=16 constraints=105 max_d=-3.66903e-06
[QP WORST] iter=5 row=56 type=collision d=-3.66903e-06
[QP WORST COLLISION] scenario=4 k=7 obstacle=0 disc=2
[SQP] after_solve iter=5 converged=1 status=0 iterations=4 primal_residual=5.38506e-08 dual_residual=7.82035e-05 x_size=16 x_finite=1
[SQP LINESEARCH] iter=5 current_violation=0 accepted_violation=0 accepted=1 alpha=1 delta_u_norm=0.115629
[SQP SUPPORT] iter=5 support_size=0 support_limit=-1 support_ok=1
[SQP] before_solve iter=6 vars=16 constraints=105 max_d=-2.88072e-06
[QP WORST] iter=6 row=56 type=collision d=-2.88072e-06
[QP WORST COLLISION] scenario=4 k=7 obstacle=0 disc=2
[SQP] after_solve iter=6 converged=1 status=0 iterations=4 primal_residual=5.31134e-08 dual_residual=7.94995e-05 x_size=16 x_finite=1
[SQP LINESEARCH] iter=6 current_violation=0 accepted_violation=0 accepted=1 alpha=1 delta_u_norm=0.108572
[SQP SUPPORT] iter=6 support_size=0 support_limit=-1 support_ok=1
[SQP] before_solve iter=7 vars=16 constraints=105 max_d=-2.23267e-06
[QP WORST] iter=7 row=56 type=collision d=-2.23267e-06
[QP WORST COLLISION] scenario=4 k=7 obstacle=0 disc=2
[SQP] after_solve iter=7 converged=1 status=0 iterations=4 primal_residual=5.25999e-08 dual_residual=8.07253e-05 x_size=16 x_finite=1
[SQP LINESEARCH] iter=7 current_violation=0 accepted_violation=0 accepted=1 alpha=1 delta_u_norm=0.102307
[SQP SUPPORT] iter=7 support_size=0 support_limit=-1 support_ok=1
[SQP] before_solve iter=8 vars=16 constraints=105 max_d=-1.70668e-06
[QP WORST] iter=8 row=56 type=collision d=-1.70668e-06
[QP WORST COLLISION] scenario=4 k=7 obstacle=0 disc=2
[SQP] after_solve iter=8 converged=1 status=0 iterations=4 primal_residual=5.22043e-08 dual_residual=8.17501e-05 x_size=16 x_finite=1
[SQP LINESEARCH] iter=8 current_violation=0 accepted_violation=0 accepted=1 alpha=1 delta_u_norm=0.0966572
[SQP SUPPORT] iter=8 support_size=0 support_limit=-1 support_ok=1
[SQP] before_solve iter=9 vars=16 constraints=105 max_d=-1.28234e-06
[QP WORST] iter=9 row=56 type=collision d=-1.28234e-06
[QP WORST COLLISION] scenario=4 k=7 obstacle=0 disc=2
[SQP] after_solve iter=9 converged=1 status=0 iterations=4 primal_residual=5.18856e-08 dual_residual=8.25917e-05 x_size=16 x_finite=1
[SQP LINESEARCH] iter=9 current_violation=0 accepted_violation=0 accepted=1 alpha=1 delta_u_norm=0.0915036
[SQP SUPPORT] iter=9 support_size=0 support_limit=-1 support_ok=1
[SQP FINAL] final_violation=0 violated_constraints=0
[SUPPORT FINAL] sqp_union=0 final_active=1 support_limit=-1
[SUPPORT FINAL IDS] 4
[SUPPORT UNION IDS]
[COLD START RECOVERY CHECK] ordinary_sqp_failed=0 seed_available=1 incompatible=0 try_homotopy=0
[HARNESS RESULT] step=5 success=1 controls=8 first_input_present=1
[MPC STEP METRICS] step=5 applied=1 success=1 fallback=0 a=-0.0101012 omega=-0.0251494 dt=0.1 acceleration_weight=0.1 steering_weight=0.1 control_cost_unweighted=0.000734528 control_cost_weighted=7.34528e-05 mpc_cost=-17.0342 solve_time=0.0375411 qp_solve_time=0.0255453 constraint_time=0.00678746 dro_risk_time=0 ambiguity_radius=0 certificate=not_requested
[EVAL SAFETY] step=6 min_center_distance=1.89139 min_clearance=0.941392 collision_this_step=0 collision_run=0 collision_radius=0.95
[RF BACKUP] available=1 controls=8 states=9
[FREE POLY] k=1 disc=0 raw=40 facets=4 vertices=7 rho=4.8 anchor_shift=0
[FREE POLY] k=1 disc=1 raw=40 facets=0 vertices=4 rho=0.800001 anchor_shift=0
[FREE POLY] k=1 disc=2 raw=40 facets=4 vertices=7 rho=4.8 anchor_shift=0
[FREE POLY] k=2 disc=0 raw=40 facets=3 vertices=6 rho=5.6 anchor_shift=0
[FREE POLY] k=2 disc=1 raw=40 facets=0 vertices=4 rho=1.6 anchor_shift=0
[FREE POLY] k=2 disc=2 raw=40 facets=3 vertices=6 rho=5.6 anchor_shift=0
[FREE POLY] k=3 disc=0 raw=40 facets=4 vertices=7 rho=6.4 anchor_shift=0
[FREE POLY] k=3 disc=1 raw=40 facets=4 vertices=7 rho=2.4 anchor_shift=0
[FREE POLY] k=3 disc=2 raw=40 facets=4 vertices=7 rho=6.4 anchor_shift=0
[FREE POLY] k=4 disc=0 raw=40 facets=3 vertices=6 rho=7.2 anchor_shift=0
[FREE POLY] k=4 disc=1 raw=40 facets=3 vertices=6 rho=3.2 anchor_shift=0
[FREE POLY] k=4 disc=2 raw=40 facets=3 vertices=6 rho=7.2 anchor_shift=0
[FREE POLY] k=5 disc=0 raw=40 facets=3 vertices=6 rho=8 anchor_shift=0
[FREE POLY] k=5 disc=1 raw=40 facets=3 vertices=6 rho=4 anchor_shift=0
[FREE POLY] k=5 disc=2 raw=40 facets=3 vertices=6 rho=8 anchor_shift=0
[FREE POLY] k=6 disc=0 raw=40 facets=3 vertices=6 rho=8.8 anchor_shift=0
[FREE POLY] k=6 disc=1 raw=40 facets=3 vertices=6 rho=4.8 anchor_shift=0
[FREE POLY] k=6 disc=2 raw=40 facets=5 vertices=7 rho=8.8 anchor_shift=0
[FREE POLY] k=7 disc=0 raw=40 facets=4 vertices=7 rho=9.6 anchor_shift=0
[FREE POLY] k=7 disc=1 raw=40 facets=5 vertices=8 rho=5.6 anchor_shift=0
[FREE POLY] k=7 disc=2 raw=40 facets=6 vertices=9 rho=9.6 anchor_shift=0
[FREE POLY] k=8 disc=0 raw=40 facets=6 vertices=9 rho=10.4 anchor_shift=0
[FREE POLY] k=8 disc=1 raw=40 facets=5 vertices=8 rho=6.4 anchor_shift=0
[FREE POLY] k=8 disc=2 raw=40 facets=6 vertices=9 rho=10.4 anchor_shift=0
[RF SUPPORT SEED] removed=0 support_limit=-1
[SQP] before_solve iter=0 vars=16 constraints=119 max_d=0.0655857
[QP WORST] iter=0 row=81 type=collision d=0.0655857
[QP WORST COLLISION] scenario=3 k=8 obstacle=0 disc=2
[SQP] after_solve iter=0 converged=1 status=0 iterations=5 primal_residual=1.37357e-08 dual_residual=2.78189e-05 x_size=16 x_finite=1
[SQP LINESEARCH] iter=0 current_violation=0.0655857 accepted_violation=0 accepted=1 alpha=1 delta_u_norm=0.369129
[SQP SUPPORT] iter=0 support_size=0 support_limit=-1 support_ok=1
[SQP] before_solve iter=1 vars=16 constraints=119 max_d=-2.59985e-05
[QP WORST] iter=1 row=53 type=collision d=-2.59985e-05
[QP WORST COLLISION] scenario=20 k=6 obstacle=0 disc=2
[SQP] after_solve iter=1 converged=1 status=0 iterations=5 primal_residual=7.58641e-08 dual_residual=3.40172e-05 x_size=16 x_finite=1
[SQP LINESEARCH] iter=1 current_violation=0 accepted_violation=0 accepted=1 alpha=1 delta_u_norm=0.16104
[SQP SUPPORT] iter=1 support_size=0 support_limit=-1 support_ok=1
[SQP] before_solve iter=2 vars=16 constraints=119 max_d=-8.10521e-06
[QP WORST] iter=2 row=53 type=collision d=-8.10521e-06
[QP WORST COLLISION] scenario=20 k=6 obstacle=0 disc=2
[SQP] after_solve iter=2 converged=1 status=0 iterations=5 primal_residual=3.81639e-16 dual_residual=2.96924e-05 x_size=16 x_finite=1
[SQP LINESEARCH] iter=2 current_violation=0 accepted_violation=0 accepted=1 alpha=1 delta_u_norm=0.144209
[SQP SUPPORT] iter=2 support_size=0 support_limit=-1 support_ok=1
[SQP] before_solve iter=3 vars=16 constraints=119 max_d=-8.52048e-06
[QP WORST] iter=3 row=53 type=collision d=-8.52048e-06
[QP WORST COLLISION] scenario=20 k=6 obstacle=0 disc=2
[SQP] after_solve iter=3 converged=1 status=0 iterations=5 primal_residual=4.31187e-16 dual_residual=2.99496e-05 x_size=16 x_finite=1
[SQP LINESEARCH] iter=3 current_violation=0 accepted_violation=0 accepted=1 alpha=1 delta_u_norm=0.132941
[SQP SUPPORT] iter=3 support_size=0 support_limit=-1 support_ok=1
[SQP] before_solve iter=4 vars=16 constraints=119 max_d=-8.4582e-06
[QP WORST] iter=4 row=53 type=collision d=-8.4582e-06
[QP WORST COLLISION] scenario=20 k=6 obstacle=0 disc=2
[SQP] after_solve iter=4 converged=1 status=0 iterations=5 primal_residual=4.33898e-16 dual_residual=3.02897e-05 x_size=16 x_finite=1
[SQP LINESEARCH] iter=4 current_violation=0 accepted_violation=0 accepted=1 alpha=1 delta_u_norm=0.12373
[SQP SUPPORT] iter=4 support_size=0 support_limit=-1 support_ok=1
[SQP] before_solve iter=5 vars=16 constraints=119 max_d=-8.41566e-06
[QP WORST] iter=5 row=53 type=collision d=-8.41566e-06
[QP WORST COLLISION] scenario=20 k=6 obstacle=0 disc=2
[SQP] after_solve iter=5 converged=1 status=0 iterations=5 primal_residual=4.20345e-16 dual_residual=3.05658e-05 x_size=16 x_finite=1
[SQP LINESEARCH] iter=5 current_violation=0 accepted_violation=0 accepted=1 alpha=1 delta_u_norm=0.115891
[SQP SUPPORT] iter=5 support_size=0 support_limit=-1 support_ok=1
[SQP] before_solve iter=6 vars=16 constraints=119 max_d=-8.40201e-06
[QP WORST] iter=6 row=53 type=collision d=-8.40201e-06
[QP WORST COLLISION] scenario=20 k=6 obstacle=0 disc=2
[SQP] after_solve iter=6 converged=1 status=0 iterations=5 primal_residual=4.31946e-16 dual_residual=3.07716e-05 x_size=16 x_finite=1
[SQP LINESEARCH] iter=6 current_violation=0 accepted_violation=0 accepted=1 alpha=1 delta_u_norm=0.109031
[SQP SUPPORT] iter=6 support_size=0 support_limit=-1 support_ok=1
[SQP] before_solve iter=7 vars=16 constraints=119 max_d=-8.40991e-06
[QP WORST] iter=7 row=53 type=collision d=-8.40991e-06
[QP WORST COLLISION] scenario=20 k=6 obstacle=0 disc=2
[SQP] after_solve iter=7 converged=1 status=0 iterations=5 primal_residual=4.14382e-16 dual_residual=3.09218e-05 x_size=16 x_finite=1
[SQP LINESEARCH] iter=7 current_violation=0 accepted_violation=0 accepted=1 alpha=1 delta_u_norm=0.102903
[SQP SUPPORT] iter=7 support_size=0 support_limit=-1 support_ok=1
[SQP] before_solve iter=8 vars=16 constraints=119 max_d=-8.42897e-06
[QP WORST] iter=8 row=53 type=collision d=-8.42897e-06
[QP WORST COLLISION] scenario=20 k=6 obstacle=0 disc=2
[SQP] after_solve iter=8 converged=1 status=0 iterations=5 primal_residual=4.36961e-16 dual_residual=3.10368e-05 x_size=16 x_finite=1
[SQP LINESEARCH] iter=8 current_violation=0 accepted_violation=0 accepted=1 alpha=1 delta_u_norm=0.0973429
[SQP SUPPORT] iter=8 support_size=0 support_limit=-1 support_ok=1
[SQP] before_solve iter=9 vars=16 constraints=119 max_d=-8.45522e-06
[QP WORST] iter=9 row=53 type=collision d=-8.45522e-06
[QP WORST COLLISION] scenario=20 k=6 obstacle=0 disc=2
[SQP] after_solve iter=9 converged=1 status=0 iterations=5 primal_residual=4.03757e-16 dual_residual=3.11188e-05 x_size=16 x_finite=1
[SQP LINESEARCH] iter=9 current_violation=0 accepted_violation=0 accepted=1 alpha=1 delta_u_norm=0.0922432
[SQP SUPPORT] iter=9 support_size=0 support_limit=-1 support_ok=1
[SQP FINAL] final_violation=0 violated_constraints=0
[SUPPORT FINAL] sqp_union=0 final_active=2 support_limit=-1
[SUPPORT FINAL IDS] 3 20
[SUPPORT UNION IDS]
[COLD START RECOVERY CHECK] ordinary_sqp_failed=0 seed_available=1 incompatible=0 try_homotopy=0
[HARNESS RESULT] step=6 success=1 controls=8 first_input_present=1
[MPC STEP METRICS] step=6 applied=1 success=1 fallback=0 a=-0.045898 omega=0.0423102 dt=0.1 acceleration_weight=0.1 steering_weight=0.1 control_cost_unweighted=0.00389679 control_cost_weighted=0.000389679 mpc_cost=-16.7999 solve_time=0.0387799 qp_solve_time=0.0265595 constraint_time=0.00704666 dro_risk_time=0 ambiguity_radius=0 certificate=not_requested
[EVAL SAFETY] step=7 min_center_distance=1.69673 min_clearance=0.746734 collision_this_step=0 collision_run=0 collision_radius=0.95
[RF BACKUP] available=1 controls=8 states=9
[FREE POLY] k=1 disc=0 raw=40 facets=3 vertices=6 rho=4.8 anchor_shift=0
[FREE POLY] k=1 disc=1 raw=40 facets=0 vertices=4 rho=0.800001 anchor_shift=0
[FREE POLY] k=1 disc=2 raw=40 facets=3 vertices=6 rho=4.8 anchor_shift=0
[FREE POLY] k=2 disc=0 raw=40 facets=2 vertices=5 rho=5.6 anchor_shift=0
[FREE POLY] k=2 disc=1 raw=40 facets=0 vertices=4 rho=1.6 anchor_shift=0
[FREE POLY] k=2 disc=2 raw=40 facets=3 vertices=6 rho=5.6 anchor_shift=0
[FREE POLY] k=3 disc=0 raw=40 facets=2 vertices=5 rho=6.4 anchor_shift=0
[FREE POLY] k=3 disc=1 raw=40 facets=2 vertices=5 rho=2.4 anchor_shift=0
[FREE POLY] k=3 disc=2 raw=40 facets=3 vertices=6 rho=6.4 anchor_shift=0
[FREE POLY] k=4 disc=0 raw=40 facets=3 vertices=6 rho=7.2 anchor_shift=0
[FREE POLY] k=4 disc=1 raw=40 facets=3 vertices=6 rho=3.2 anchor_shift=0
[FREE POLY] k=4 disc=2 raw=40 facets=6 vertices=9 rho=7.2 anchor_shift=0
[FREE POLY] k=5 disc=0 raw=40 facets=3 vertices=6 rho=8 anchor_shift=0
[FREE POLY] k=5 disc=1 raw=40 facets=3 vertices=6 rho=4 anchor_shift=0
[FREE POLY] k=5 disc=2 raw=40 facets=4 vertices=7 rho=8 anchor_shift=0
[FREE POLY] k=6 disc=0 raw=40 facets=3 vertices=6 rho=8.8 anchor_shift=0
[FREE POLY] k=6 disc=1 raw=40 facets=3 vertices=6 rho=4.8 anchor_shift=0
[FREE POLY] k=6 disc=2 raw=40 facets=3 vertices=6 rho=8.8 anchor_shift=0
[FREE POLY] k=7 disc=0 raw=40 facets=3 vertices=6 rho=9.6 anchor_shift=0
[FREE POLY] k=7 disc=1 raw=40 facets=3 vertices=6 rho=5.6 anchor_shift=0
[FREE POLY] k=7 disc=2 raw=40 facets=3 vertices=6 rho=9.6 anchor_shift=0
[FREE POLY] k=8 disc=0 raw=40 facets=3 vertices=6 rho=10.4 anchor_shift=0
[FREE POLY] k=8 disc=1 raw=40 facets=3 vertices=6 rho=6.4 anchor_shift=0
[FREE POLY] k=8 disc=2 raw=40 facets=3 vertices=6 rho=10.4 anchor_shift=0
[RF SUPPORT SEED] removed=0 support_limit=-1
[SQP] before_solve iter=0 vars=16 constraints=99 max_d=-0.0542948
[QP WORST] iter=0 row=65 type=collision d=-0.0542948
[QP WORST COLLISION] scenario=13 k=8 obstacle=0 disc=2
[SQP] after_solve iter=0 converged=1 status=0 iterations=5 primal_residual=4.4675e-09 dual_residual=1.72787e-05 x_size=16 x_finite=1
[SQP LINESEARCH] iter=0 current_violation=0 accepted_violation=0 accepted=1 alpha=0.5 delta_u_norm=0.270355
[SQP SUPPORT] iter=0 support_size=0 support_limit=-1 support_ok=1
[SQP] before_solve iter=1 vars=16 constraints=99 max_d=-0.0270653
[QP WORST] iter=1 row=65 type=collision d=-0.0270653
[QP WORST COLLISION] scenario=13 k=8 obstacle=0 disc=2
[SQP] after_solve iter=1 converged=1 status=0 iterations=5 primal_residual=2.54737e-09 dual_residual=1.04884e-05 x_size=16 x_finite=1
[SQP LINESEARCH] iter=1 current_violation=0 accepted_violation=0 accepted=1 alpha=0.5 delta_u_norm=0.199712
[SQP SUPPORT] iter=1 support_size=0 support_limit=-1 support_ok=1
[SQP] before_solve iter=2 vars=16 constraints=99 max_d=-0.0135071
[QP WORST] iter=2 row=65 type=collision d=-0.0135071
[QP WORST COLLISION] scenario=13 k=8 obstacle=0 disc=2
[SQP] after_solve iter=2 converged=1 status=0 iterations=5 primal_residual=2.14918e-09 dual_residual=8.07527e-06 x_size=16 x_finite=1
[SQP LINESEARCH] iter=2 current_violation=0 accepted_violation=0 accepted=1 alpha=0.5 delta_u_norm=0.168061
[SQP SUPPORT] iter=2 support_size=0 support_limit=-1 support_ok=1
[SQP] before_solve iter=3 vars=16 constraints=99 max_d=-0.00674575
[QP WORST] iter=3 row=65 type=collision d=-0.00674575
[QP WORST COLLISION] scenario=13 k=8 obstacle=0 disc=2
[SQP] after_solve iter=3 converged=1 status=0 iterations=5 primal_residual=2.15374e-09 dual_residual=7.22877e-06 x_size=16 x_finite=1
[SQP LINESEARCH] iter=3 current_violation=0 accepted_violation=0 accepted=1 alpha=0.5 delta_u_norm=0.152752
[SQP SUPPORT] iter=3 support_size=0 support_limit=-1 support_ok=1
[SQP] before_solve iter=4 vars=16 constraints=99 max_d=-0.00337065
[QP WORST] iter=4 row=65 type=collision d=-0.00337065
[QP WORST COLLISION] scenario=13 k=8 obstacle=0 disc=2
[SQP] after_solve iter=4 converged=1 status=0 iterations=5 primal_residual=2.32444e-09 dual_residual=7.00227e-06 x_size=16 x_finite=1
[SQP LINESEARCH] iter=4 current_violation=0 accepted_violation=0 accepted=1 alpha=0.5 delta_u_norm=0.143837
[SQP SUPPORT] iter=4 support_size=0 support_limit=-1 support_ok=1
[SQP] before_solve iter=5 vars=16 constraints=99 max_d=-0.00168483
[QP WORST] iter=5 row=65 type=collision d=-0.00168483
[QP WORST COLLISION] scenario=13 k=8 obstacle=0 disc=2
[SQP] after_solve iter=5 converged=1 status=0 iterations=5 primal_residual=2.56322e-09 dual_residual=7.03542e-06 x_size=16 x_finite=1
[SQP LINESEARCH] iter=5 current_violation=0 accepted_violation=0 accepted=1 alpha=0.5 delta_u_norm=0.137522
[SQP SUPPORT] iter=5 support_size=0 support_limit=-1 support_ok=1
[SQP] before_solve iter=6 vars=16 constraints=99 max_d=-0.000842467
[QP WORST] iter=6 row=65 type=collision d=-0.000842467
[QP WORST COLLISION] scenario=13 k=8 obstacle=0 disc=2
[SQP] after_solve iter=6 converged=1 status=0 iterations=5 primal_residual=2.82294e-09 dual_residual=7.1737e-06 x_size=16 x_finite=1
[SQP LINESEARCH] iter=6 current_violation=0 accepted_violation=0 accepted=1 alpha=1 delta_u_norm=0.132393
[SQP SUPPORT] iter=6 support_size=0 support_limit=-1 support_ok=1
[SQP] before_solve iter=7 vars=16 constraints=99 max_d=-4.35748e-07
[QP WORST] iter=7 row=65 type=collision d=-4.35748e-07
[QP WORST COLLISION] scenario=13 k=8 obstacle=0 disc=2
[SQP] after_solve iter=7 converged=1 status=0 iterations=5 primal_residual=3.33222e-09 dual_residual=8.95191e-06 x_size=16 x_finite=1
[SQP LINESEARCH] iter=7 current_violation=0 accepted_violation=0 accepted=1 alpha=1 delta_u_norm=0.123572
[SQP SUPPORT] iter=7 support_size=0 support_limit=-1 support_ok=1
[SQP] before_solve iter=8 vars=16 constraints=99 max_d=-2.23101e-07
[QP WORST] iter=8 row=37 type=collision d=-2.23101e-07
[QP WORST COLLISION] scenario=13 k=5 obstacle=0 disc=2
[SQP] after_solve iter=8 converged=1 status=0 iterations=5 primal_residual=3.74227e-09 dual_residual=1.14753e-05 x_size=16 x_finite=1
[SQP LINESEARCH] iter=8 current_violation=0 accepted_violation=0 accepted=1 alpha=1 delta_u_norm=0.116107
[SQP SUPPORT] iter=8 support_size=0 support_limit=-1 support_ok=1
[SQP] before_solve iter=9 vars=16 constraints=99 max_d=-1.72211e-07
[QP WORST] iter=9 row=37 type=collision d=-1.72211e-07
[QP WORST COLLISION] scenario=13 k=5 obstacle=0 disc=2
[SQP] after_solve iter=9 converged=1 status=0 iterations=5 primal_residual=4.0126e-09 dual_residual=1.33986e-05 x_size=16 x_finite=1
[SQP LINESEARCH] iter=9 current_violation=0 accepted_violation=0 accepted=1 alpha=1 delta_u_norm=0.109455
[SQP SUPPORT] iter=9 support_size=0 support_limit=-1 support_ok=1
[SQP FINAL] final_violation=0 violated_constraints=0
[SUPPORT FINAL] sqp_union=0 final_active=1 support_limit=-1
[SUPPORT FINAL IDS] 13
[SUPPORT UNION IDS]
[COLD START RECOVERY CHECK] ordinary_sqp_failed=0 seed_available=1 incompatible=0 try_homotopy=0
[HARNESS RESULT] step=7 success=1 controls=8 first_input_present=1
[MPC STEP METRICS] step=7 applied=1 success=1 fallback=0 a=-0.0310304 omega=0.148501 dt=0.1 acceleration_weight=0.1 steering_weight=0.1 control_cost_unweighted=0.0230155 control_cost_weighted=0.00230155 mpc_cost=-16.6877 solve_time=0.04081 qp_solve_time=0.0289934 constraint_time=0.00670858 dro_risk_time=0 ambiguity_radius=0 certificate=not_requested
[EVAL SAFETY] step=8 min_center_distance=1.50146 min_clearance=0.551464 collision_this_step=0 collision_run=0 collision_radius=0.95
[RF BACKUP] available=1 controls=8 states=9
[FREE POLY] k=1 disc=0 raw=40 facets=3 vertices=6 rho=4.8 anchor_shift=0
[FREE POLY] k=1 disc=1 raw=40 facets=0 vertices=4 rho=0.800001 anchor_shift=0
[FREE POLY] k=1 disc=2 raw=40 facets=4 vertices=7 rho=4.8 anchor_shift=0
[FREE POLY] k=2 disc=0 raw=40 facets=3 vertices=6 rho=5.6 anchor_shift=0
[FREE POLY] k=2 disc=1 raw=40 facets=0 vertices=4 rho=1.6 anchor_shift=0
[FREE POLY] k=2 disc=2 raw=40 facets=4 vertices=7 rho=5.6 anchor_shift=0
[FREE POLY] k=3 disc=0 raw=40 facets=3 vertices=6 rho=6.4 anchor_shift=0
[FREE POLY] k=3 disc=1 raw=40 facets=3 vertices=6 rho=2.4 anchor_shift=0
[FREE POLY] k=3 disc=2 raw=40 facets=4 vertices=7 rho=6.4 anchor_shift=0
[FREE POLY] k=4 disc=0 raw=40 facets=3 vertices=6 rho=7.2 anchor_shift=0
[FREE POLY] k=4 disc=1 raw=40 facets=3 vertices=6 rho=3.2 anchor_shift=0
[FREE POLY] k=4 disc=2 raw=40 facets=5 vertices=8 rho=7.2 anchor_shift=0
[FREE POLY] k=5 disc=0 raw=40 facets=3 vertices=6 rho=8 anchor_shift=0
[FREE POLY] k=5 disc=1 raw=40 facets=3 vertices=6 rho=4 anchor_shift=0
[FREE POLY] k=5 disc=2 raw=40 facets=5 vertices=8 rho=8 anchor_shift=0
[FREE POLY] k=6 disc=0 raw=40 facets=4 vertices=7 rho=8.8 anchor_shift=0
[FREE POLY] k=6 disc=1 raw=40 facets=4 vertices=7 rho=4.8 anchor_shift=0
[FREE POLY] k=6 disc=2 raw=40 facets=4 vertices=7 rho=8.8 anchor_shift=0
[FREE POLY] k=7 disc=0 raw=40 facets=4 vertices=7 rho=9.6 anchor_shift=0
[FREE POLY] k=7 disc=1 raw=40 facets=4 vertices=7 rho=5.6 anchor_shift=0
[FREE POLY] k=7 disc=2 raw=40 facets=4 vertices=7 rho=9.6 anchor_shift=0
[FREE POLY] k=8 disc=0 raw=40 facets=6 vertices=9 rho=10.4 anchor_shift=0
[FREE POLY] k=8 disc=1 raw=40 facets=5 vertices=8 rho=6.4 anchor_shift=0
[FREE POLY] k=8 disc=2 raw=40 facets=5 vertices=8 rho=10.4 anchor_shift=0
[RF SUPPORT SEED] removed=0 support_limit=-1
[SQP] before_solve iter=0 vars=16 constraints=118 max_d=-0.00244765
[QP WORST] iter=0 row=69 type=collision d=-0.00244765
[QP WORST COLLISION] scenario=37 k=7 obstacle=0 disc=2
[SQP] after_solve iter=0 converged=1 status=0 iterations=5 primal_residual=1.73074e-09 dual_residual=1.97377e-05 x_size=16 x_finite=1
[SQP LINESEARCH] iter=0 current_violation=0 accepted_violation=0 accepted=1 alpha=0.5 delta_u_norm=0.226202
[SQP SUPPORT] iter=0 support_size=0 support_limit=-1 support_ok=1
[SQP] before_solve iter=1 vars=16 constraints=118 max_d=-0.00121889
[QP WORST] iter=1 row=69 type=collision d=-0.00121889
[QP WORST COLLISION] scenario=37 k=7 obstacle=0 disc=2
[SQP] after_solve iter=1 converged=1 status=0 iterations=5 primal_residual=2.51835e-09 dual_residual=1.81502e-05 x_size=16 x_finite=1
[SQP LINESEARCH] iter=1 current_violation=0 accepted_violation=0 accepted=1 alpha=0.5 delta_u_norm=0.19098
[SQP SUPPORT] iter=1 support_size=0 support_limit=-1 support_ok=1
[SQP] before_solve iter=2 vars=16 constraints=118 max_d=-0.000610078
[QP WORST] iter=2 row=69 type=collision d=-0.000610078
[QP WORST COLLISION] scenario=37 k=7 obstacle=0 disc=2
[SQP] after_solve iter=2 converged=1 status=0 iterations=5 primal_residual=1.1964e-09 dual_residual=1.83761e-05 x_size=16 x_finite=1
[SQP LINESEARCH] iter=2 current_violation=0 accepted_violation=0 accepted=1 alpha=0.5 delta_u_norm=0.172759
[SQP SUPPORT] iter=2 support_size=0 support_limit=-1 support_ok=1
[SQP] before_solve iter=3 vars=16 constraints=118 max_d=-0.000305448
[QP WORST] iter=3 row=69 type=collision d=-0.000305448
[QP WORST COLLISION] scenario=37 k=7 obstacle=0 disc=2
[SQP] after_solve iter=3 converged=1 status=0 iterations=5 primal_residual=1.04594e-08 dual_residual=2.58951e-05 x_size=16 x_finite=1
[SQP LINESEARCH] iter=3 current_violation=0 accepted_violation=0 accepted=1 alpha=1 delta_u_norm=0.161255
[SQP SUPPORT] iter=3 support_size=0 support_limit=-1 support_ok=1
[SQP] before_solve iter=4 vars=16 constraints=118 max_d=-5.94565e-07
[QP WORST] iter=4 row=54 type=collision d=-5.94565e-07
[QP WORST COLLISION] scenario=1 k=6 obstacle=0 disc=2
[SQP] after_solve iter=4 converged=1 status=0 iterations=5 primal_residual=3.33041e-08 dual_residual=3.74512e-05 x_size=16 x_finite=1
[SQP LINESEARCH] iter=4 current_violation=0 accepted_violation=0 accepted=1 alpha=1 delta_u_norm=0.145142
[SQP SUPPORT] iter=4 support_size=0 support_limit=-1 support_ok=1
[SQP] before_solve iter=5 vars=16 constraints=118 max_d=-8.37306e-07
[QP WORST] iter=5 row=54 type=collision d=-8.37306e-07
[QP WORST COLLISION] scenario=1 k=6 obstacle=0 disc=2
[SQP] after_solve iter=5 converged=1 status=0 iterations=5 primal_residual=4.84064e-08 dual_residual=4.35975e-05 x_size=16 x_finite=1
[SQP LINESEARCH] iter=5 current_violation=0 accepted_violation=0 accepted=1 alpha=1 delta_u_norm=0.133655
[SQP SUPPORT] iter=5 support_size=0 support_limit=-1 support_ok=1
[SQP] before_solve iter=6 vars=16 constraints=118 max_d=-8.28364e-07
[QP WORST] iter=6 row=54 type=collision d=-8.28364e-07
[QP WORST COLLISION] scenario=1 k=6 obstacle=0 disc=2
[SQP] after_solve iter=6 converged=1 status=0 iterations=5 primal_residual=5.54264e-08 dual_residual=4.60674e-05 x_size=16 x_finite=1
[SQP LINESEARCH] iter=6 current_violation=0 accepted_violation=0 accepted=1 alpha=1 delta_u_norm=0.124122
[SQP SUPPORT] iter=6 support_size=0 support_limit=-1 support_ok=1
[SQP] before_solve iter=7 vars=16 constraints=118 max_d=-7.29241e-07
[QP WORST] iter=7 row=54 type=collision d=-7.29241e-07
[QP WORST COLLISION] scenario=1 k=6 obstacle=0 disc=2
[SQP] after_solve iter=7 converged=1 status=0 iterations=5 primal_residual=5.75968e-08 dual_residual=4.66416e-05 x_size=16 x_finite=1
[SQP LINESEARCH] iter=7 current_violation=0 accepted_violation=0 accepted=1 alpha=1 delta_u_norm=0.115899
[SQP SUPPORT] iter=7 support_size=0 support_limit=-1 support_ok=1
[SQP] before_solve iter=8 vars=16 constraints=118 max_d=-6.25252e-07
[QP WORST] iter=8 row=54 type=collision d=-6.25252e-07
[QP WORST COLLISION] scenario=1 k=6 obstacle=0 disc=2
[SQP] after_solve iter=8 converged=1 status=0 iterations=5 primal_residual=5.72846e-08 dual_residual=4.63824e-05 x_size=16 x_finite=1
[SQP LINESEARCH] iter=8 current_violation=0 accepted_violation=0 accepted=1 alpha=1 delta_u_norm=0.108643
[SQP SUPPORT] iter=8 support_size=0 support_limit=-1 support_ok=1
[SQP] before_solve iter=9 vars=16 constraints=118 max_d=-5.38071e-07
[QP WORST] iter=9 row=54 type=collision d=-5.38071e-07
[QP WORST COLLISION] scenario=1 k=6 obstacle=0 disc=2
[SQP] after_solve iter=9 converged=1 status=0 iterations=5 primal_residual=5.58301e-08 dual_residual=4.58205e-05 x_size=16 x_finite=1
[SQP LINESEARCH] iter=9 current_violation=0 accepted_violation=0 accepted=1 alpha=1 delta_u_norm=0.102136
[SQP SUPPORT] iter=9 support_size=0 support_limit=-1 support_ok=1
[SQP FINAL] final_violation=0 violated_constraints=0
[SUPPORT FINAL] sqp_union=0 final_active=2 support_limit=-1
[SUPPORT FINAL IDS] 1 37
[SUPPORT UNION IDS]
[COLD START RECOVERY CHECK] ordinary_sqp_failed=0 seed_available=1 incompatible=0 try_homotopy=0
[HARNESS RESULT] step=8 success=1 controls=8 first_input_present=1
[MPC STEP METRICS] step=8 applied=1 success=1 fallback=0 a=-0.0713858 omega=-0.106266 dt=0.1 acceleration_weight=0.1 steering_weight=0.1 control_cost_unweighted=0.0163884 control_cost_weighted=0.00163884 mpc_cost=-16.4438 solve_time=0.0401345 qp_solve_time=0.0279114 constraint_time=0.00709727 dro_risk_time=0 ambiguity_radius=0 certificate=not_requested
[EVAL SAFETY] step=9 min_center_distance=1.30909 min_clearance=0.35909 collision_this_step=0 collision_run=0 collision_radius=0.95
[RF BACKUP] available=1 controls=8 states=9
[FREE POLY] k=1 disc=0 raw=40 facets=5 vertices=8 rho=4.8 anchor_shift=0
[FREE POLY] k=1 disc=1 raw=40 facets=0 vertices=4 rho=0.800001 anchor_shift=0
[FREE POLY] k=1 disc=2 raw=40 facets=6 vertices=9 rho=4.8 anchor_shift=0
[FREE POLY] k=2 disc=0 raw=40 facets=4 vertices=7 rho=5.6 anchor_shift=0
[FREE POLY] k=2 disc=1 raw=40 facets=0 vertices=4 rho=1.6 anchor_shift=0
[FREE POLY] k=2 disc=2 raw=40 facets=4 vertices=7 rho=5.6 anchor_shift=0
[FREE POLY] k=3 disc=0 raw=40 facets=4 vertices=7 rho=6.4 anchor_shift=0
[FREE POLY] k=3 disc=1 raw=40 facets=3 vertices=6 rho=2.4 anchor_shift=0
[FREE POLY] k=3 disc=2 raw=40 facets=4 vertices=7 rho=6.4 anchor_shift=0
[FREE POLY] k=4 disc=0 raw=40 facets=3 vertices=6 rho=7.2 anchor_shift=0
[FREE POLY] k=4 disc=1 raw=40 facets=2 vertices=5 rho=3.2 anchor_shift=0
[FREE POLY] k=4 disc=2 raw=40 facets=3 vertices=6 rho=7.2 anchor_shift=0
[FREE POLY] k=5 disc=0 raw=40 facets=3 vertices=6 rho=8 anchor_shift=0
[FREE POLY] k=5 disc=1 raw=40 facets=2 vertices=5 rho=4 anchor_shift=0
[FREE POLY] k=5 disc=2 raw=40 facets=5 vertices=8 rho=8 anchor_shift=0
[FREE POLY] k=6 disc=0 raw=40 facets=3 vertices=6 rho=8.8 anchor_shift=0
[FREE POLY] k=6 disc=1 raw=40 facets=3 vertices=6 rho=4.8 anchor_shift=0
[FREE POLY] k=6 disc=2 raw=40 facets=5 vertices=8 rho=8.8 anchor_shift=0
[FREE POLY] k=7 disc=0 raw=40 facets=4 vertices=7 rho=9.6 anchor_shift=0
[FREE POLY] k=7 disc=1 raw=40 facets=4 vertices=7 rho=5.6 anchor_shift=0
[FREE POLY] k=7 disc=2 raw=40 facets=4 vertices=7 rho=9.6 anchor_shift=0
[FREE POLY] k=8 disc=0 raw=40 facets=5 vertices=8 rho=10.4 anchor_shift=0
[FREE POLY] k=8 disc=1 raw=40 facets=5 vertices=8 rho=6.4 anchor_shift=0
[FREE POLY] k=8 disc=2 raw=40 facets=4 vertices=7 rho=10.4 anchor_shift=0
[RF SUPPORT SEED] removed=0 support_limit=-1
[SQP] before_solve iter=0 vars=16 constraints=117 max_d=-0.0124948
[QP WORST] iter=0 row=46 type=collision d=-0.0124948
[QP WORST COLLISION] scenario=35 k=5 obstacle=0 disc=2
[SQP] after_solve iter=0 converged=1 status=0 iterations=6 primal_residual=1.18396e-09 dual_residual=1.12679e-05 x_size=16 x_finite=1
[SQP LINESEARCH] iter=0 current_violation=0 accepted_violation=0 accepted=1 alpha=0.5 delta_u_norm=0.311759
[SQP SUPPORT] iter=0 support_size=0 support_limit=-1 support_ok=1
[SQP] before_solve iter=1 vars=16 constraints=117 max_d=-0.00624516
[QP WORST] iter=1 row=46 type=collision d=-0.00624516
[QP WORST COLLISION] scenario=35 k=5 obstacle=0 disc=2
[SQP] after_solve iter=1 converged=1 status=0 iterations=6 primal_residual=7.79591e-10 dual_residual=7.0527e-06 x_size=16 x_finite=1
[SQP LINESEARCH] iter=1 current_violation=0 accepted_violation=0 accepted=1 alpha=0.5 delta_u_norm=0.21659
[SQP SUPPORT] iter=1 support_size=0 support_limit=-1 support_ok=1
[SQP] before_solve iter=2 vars=16 constraints=117 max_d=-0.00312278
[QP WORST] iter=2 row=46 type=collision d=-0.00312278
[QP WORST COLLISION] scenario=35 k=5 obstacle=0 disc=2
[SQP] after_solve iter=2 converged=1 status=0 iterations=6 primal_residual=5.41225e-10 dual_residual=4.75676e-06 x_size=16 x_finite=1
[SQP LINESEARCH] iter=2 current_violation=0 accepted_violation=0 accepted=1 alpha=0.5 delta_u_norm=0.175334
[SQP SUPPORT] iter=2 support_size=0 support_limit=-1 support_ok=1
[SQP] before_solve iter=3 vars=16 constraints=117 max_d=-0.00156216
[QP WORST] iter=3 row=46 type=collision d=-0.00156216
[QP WORST COLLISION] scenario=35 k=5 obstacle=0 disc=2
[SQP] after_solve iter=3 converged=1 status=0 iterations=6 primal_residual=4.21633e-10 dual_residual=3.45653e-06 x_size=16 x_finite=1
[SQP LINESEARCH] iter=3 current_violation=0 accepted_violation=0 accepted=1 alpha=0.5 delta_u_norm=0.156558
[SQP SUPPORT] iter=3 support_size=0 support_limit=-1 support_ok=1
[SQP] before_solve iter=4 vars=16 constraints=117 max_d=-0.000781796
[QP WORST] iter=4 row=46 type=collision d=-0.000781796
[QP WORST COLLISION] scenario=35 k=5 obstacle=0 disc=2
[SQP] after_solve iter=4 converged=1 status=0 iterations=5 primal_residual=9.12804e-08 dual_residual=9.74625e-05 x_size=16 x_finite=1
[SQP LINESEARCH] iter=4 current_violation=0 accepted_violation=0 accepted=1 alpha=1 delta_u_norm=0.146478
[SQP SUPPORT] iter=4 support_size=0 support_limit=-1 support_ok=1
[SQP] before_solve iter=5 vars=16 constraints=117 max_d=-1.08985e-06
[QP WORST] iter=5 row=28 type=collision d=-1.08985e-06
[QP WORST COLLISION] scenario=35 k=3 obstacle=0 disc=2
[SQP] after_solve iter=5 converged=1 status=0 iterations=5 primal_residual=9.68274e-08 dual_residual=9.41455e-05 x_size=16 x_finite=1
[SQP LINESEARCH] iter=5 current_violation=0 accepted_violation=0 accepted=1 alpha=1 delta_u_norm=0.13336
[SQP SUPPORT] iter=5 support_size=0 support_limit=-1 support_ok=1
[SQP] before_solve iter=6 vars=16 constraints=117 max_d=-4.8891e-07
[QP WORST] iter=6 row=28 type=collision d=-4.8891e-07
[QP WORST COLLISION] scenario=35 k=3 obstacle=0 disc=2
[SQP] after_solve iter=6 converged=1 status=0 iterations=5 primal_residual=1.0658e-07 dual_residual=8.95291e-05 x_size=16 x_finite=1
[SQP LINESEARCH] iter=6 current_violation=0 accepted_violation=0 accepted=1 alpha=1 delta_u_norm=0.124155
[SQP SUPPORT] iter=6 support_size=0 support_limit=-1 support_ok=1
[SQP] before_solve iter=7 vars=16 constraints=117 max_d=-5.01394e-07
[QP WORST] iter=7 row=28 type=collision d=-5.01394e-07
[QP WORST COLLISION] scenario=35 k=3 obstacle=0 disc=2
[SQP] after_solve iter=7 converged=1 status=0 iterations=5 primal_residual=1.14508e-07 dual_residual=8.68601e-05 x_size=16 x_finite=1
[SQP LINESEARCH] iter=7 current_violation=0 accepted_violation=0 accepted=1 alpha=1 delta_u_norm=0.116264
[SQP SUPPORT] iter=7 support_size=0 support_limit=-1 support_ok=1
[SQP] before_solve iter=8 vars=16 constraints=117 max_d=-4.97685e-07
[QP WORST] iter=8 row=28 type=collision d=-4.97685e-07
[QP WORST COLLISION] scenario=35 k=3 obstacle=0 disc=2
[SQP] after_solve iter=8 converged=1 status=0 iterations=5 primal_residual=1.20663e-07 dual_residual=8.71479e-05 x_size=16 x_finite=1
[SQP LINESEARCH] iter=8 current_violation=0 accepted_violation=0 accepted=1 alpha=1 delta_u_norm=0.109267
[SQP SUPPORT] iter=8 support_size=0 support_limit=-1 support_ok=1
[SQP] before_solve iter=9 vars=16 constraints=117 max_d=-4.96226e-07
[QP WORST] iter=9 row=28 type=collision d=-4.96226e-07
[QP WORST COLLISION] scenario=35 k=3 obstacle=0 disc=2
[SQP] after_solve iter=9 converged=1 status=0 iterations=5 primal_residual=1.25392e-07 dual_residual=8.73516e-05 x_size=16 x_finite=1
[SQP LINESEARCH] iter=9 current_violation=0 accepted_violation=0 accepted=1 alpha=1 delta_u_norm=0.102965
[SQP SUPPORT] iter=9 support_size=0 support_limit=-1 support_ok=1
[SQP FINAL] final_violation=0 violated_constraints=0
[SUPPORT FINAL] sqp_union=0 final_active=2 support_limit=-1
[SUPPORT FINAL IDS] 7 35
[SUPPORT UNION IDS]
[COLD START RECOVERY CHECK] ordinary_sqp_failed=0 seed_available=1 incompatible=0 try_homotopy=0
[HARNESS RESULT] step=9 success=1 controls=8 first_input_present=1
[MPC STEP METRICS] step=9 applied=1 success=1 fallback=0 a=-0.0482799 omega=-0.67608 dt=0.1 acceleration_weight=0.1 steering_weight=0.1 control_cost_unweighted=0.459415 control_cost_weighted=0.0459415 mpc_cost=-16.2212 solve_time=0.0407583 qp_solve_time=0.028522 constraint_time=0.00716272 dro_risk_time=0 ambiguity_radius=0 certificate=not_requested
[EVAL SAFETY] step=10 min_center_distance=1.14042 min_clearance=0.190418 collision_this_step=0 collision_run=0 collision_radius=0.95
[RF BACKUP] available=1 controls=8 states=9
[FREE POLY] k=1 disc=0 raw=40 facets=4 vertices=7 rho=4.8 anchor_shift=0
[FREE POLY] k=1 disc=1 raw=40 facets=0 vertices=4 rho=0.800001 anchor_shift=0
[FREE POLY] k=1 disc=2 raw=40 facets=6 vertices=9 rho=4.8 anchor_shift=0
[FREE POLY] k=2 disc=0 raw=40 facets=6 vertices=9 rho=5.6 anchor_shift=0
[FREE POLY] k=2 disc=1 raw=40 facets=0 vertices=4 rho=1.6 anchor_shift=0
[FREE POLY] k=2 disc=2 raw=40 facets=7 vertices=10 rho=5.6 anchor_shift=0
[FREE POLY] k=3 disc=0 raw=40 facets=3 vertices=6 rho=6.4 anchor_shift=0
[FREE POLY] k=3 disc=1 raw=40 facets=3 vertices=6 rho=2.4 anchor_shift=0
[FREE POLY] k=3 disc=2 raw=40 facets=5 vertices=8 rho=6.4 anchor_shift=0
[FREE POLY] k=4 disc=0 raw=40 facets=3 vertices=6 rho=7.2 anchor_shift=0
[FREE POLY] k=4 disc=1 raw=40 facets=4 vertices=7 rho=3.2 anchor_shift=0
[FREE POLY] k=4 disc=2 raw=40 facets=6 vertices=9 rho=7.2 anchor_shift=0
[FREE POLY] k=5 disc=0 raw=40 facets=3 vertices=6 rho=8 anchor_shift=0
[FREE POLY] k=5 disc=1 raw=40 facets=4 vertices=7 rho=4 anchor_shift=0
[FREE POLY] k=5 disc=2 raw=40 facets=4 vertices=7 rho=8 anchor_shift=0
[FREE POLY] k=6 disc=0 raw=40 facets=3 vertices=6 rho=8.8 anchor_shift=0
[FREE POLY] k=6 disc=1 raw=40 facets=3 vertices=6 rho=4.8 anchor_shift=0
[FREE POLY] k=6 disc=2 raw=40 facets=4 vertices=7 rho=8.8 anchor_shift=0
[FREE POLY] k=7 disc=0 raw=40 facets=4 vertices=7 rho=9.6 anchor_shift=0
[FREE POLY] k=7 disc=1 raw=40 facets=4 vertices=7 rho=5.6 anchor_shift=0
[FREE POLY] k=7 disc=2 raw=40 facets=4 vertices=7 rho=9.6 anchor_shift=0
[FREE POLY] k=8 disc=0 raw=40 facets=4 vertices=7 rho=10.4 anchor_shift=0
[FREE POLY] k=8 disc=1 raw=40 facets=4 vertices=7 rho=6.4 anchor_shift=0
[FREE POLY] k=8 disc=2 raw=40 facets=4 vertices=7 rho=10.4 anchor_shift=0
[RF SUPPORT SEED] removed=0 support_limit=-1
[SQP] before_solve iter=0 vars=16 constraints=124 max_d=-0.000277281
[QP WORST] iter=0 row=78 type=collision d=-0.000277281
[QP WORST COLLISION] scenario=37 k=7 obstacle=0 disc=2
[SQP] after_solve iter=0 converged=1 status=0 iterations=8 primal_residual=1.48734e-09 dual_residual=1.07048e-05 x_size=16 x_finite=1
[SQP LINESEARCH] iter=0 current_violation=0 accepted_violation=0 accepted=1 alpha=0.5 delta_u_norm=0.404411
[SQP SUPPORT] iter=0 support_size=0 support_limit=-1 support_ok=1
[SQP] before_solve iter=1 vars=16 constraints=124 max_d=-0.000124654
[QP WORST] iter=1 row=78 type=collision d=-0.000124654
[QP WORST COLLISION] scenario=37 k=7 obstacle=0 disc=2
[SQP] after_solve iter=1 converged=1 status=0 iterations=8 primal_residual=4.3715e-16 dual_residual=8.92783e-06 x_size=16 x_finite=1
[SQP LINESEARCH] iter=1 current_violation=0 accepted_violation=0 accepted=1 alpha=0.5 delta_u_norm=0.252859
[SQP SUPPORT] iter=1 support_size=0 support_limit=-1 support_ok=1
[SQP] before_solve iter=2 vars=16 constraints=124 max_d=-6.22285e-05
[QP WORST] iter=2 row=78 type=collision d=-6.22285e-05
[QP WORST COLLISION] scenario=37 k=7 obstacle=0 disc=2
[SQP] after_solve iter=2 converged=1 status=0 iterations=8 primal_residual=4.30211e-16 dual_residual=8.09537e-06 x_size=16 x_finite=1
[SQP LINESEARCH] iter=2 current_violation=0 accepted_violation=0 accepted=1 alpha=0.5 delta_u_norm=0.18842
[SQP SUPPORT] iter=2 support_size=0 support_limit=-1 support_ok=1
[SQP] before_solve iter=3 vars=16 constraints=124 max_d=-3.50317e-05
[QP WORST] iter=3 row=78 type=collision d=-3.50317e-05
[QP WORST COLLISION] scenario=37 k=7 obstacle=0 disc=2
[SQP] after_solve iter=3 converged=1 status=0 iterations=8 primal_residual=4.30211e-16 dual_residual=7.9183e-06 x_size=16 x_finite=1
[SQP LINESEARCH] iter=3 current_violation=0 accepted_violation=0 accepted=1 alpha=1 delta_u_norm=0.161709
[SQP SUPPORT] iter=3 support_size=0 support_limit=-1 support_ok=1
[SQP] before_solve iter=4 vars=16 constraints=124 max_d=-1.4459e-06
[QP WORST] iter=4 row=90 type=collision d=-1.4459e-06
[QP WORST COLLISION] scenario=37 k=8 obstacle=0 disc=2
[SQP] after_solve iter=4 converged=1 status=0 iterations=8 primal_residual=4.34548e-16 dual_residual=6.99924e-06 x_size=16 x_finite=1
[SQP LINESEARCH] iter=4 current_violation=0 accepted_violation=0 accepted=1 alpha=1 delta_u_norm=0.140293
[SQP SUPPORT] iter=4 support_size=0 support_limit=-1 support_ok=1
[SQP] before_solve iter=5 vars=16 constraints=124 max_d=-9.07425e-06
[QP WORST] iter=5 row=90 type=collision d=-9.07425e-06
[QP WORST COLLISION] scenario=37 k=8 obstacle=0 disc=2
[SQP] after_solve iter=5 converged=1 status=0 iterations=8 primal_residual=4.30211e-16 dual_residual=6.7973e-06 x_size=16 x_finite=1
[SQP LINESEARCH] iter=5 current_violation=0 accepted_violation=0 accepted=1 alpha=1 delta_u_norm=0.130414
[SQP SUPPORT] iter=5 support_size=0 support_limit=-1 support_ok=1
[SQP] before_solve iter=6 vars=16 constraints=124 max_d=-9.01338e-06
[QP WORST] iter=6 row=90 type=collision d=-9.01338e-06
[QP WORST COLLISION] scenario=37 k=8 obstacle=0 disc=2
[SQP] after_solve iter=6 converged=1 status=0 iterations=8 primal_residual=4.16334e-16 dual_residual=6.63024e-06 x_size=16 x_finite=1
[SQP LINESEARCH] iter=6 current_violation=0 accepted_violation=0 accepted=1 alpha=1 delta_u_norm=0.122114
[SQP SUPPORT] iter=6 support_size=0 support_limit=-1 support_ok=1
[SQP] before_solve iter=7 vars=16 constraints=124 max_d=-8.83385e-06
[QP WORST] iter=7 row=90 type=collision d=-8.83385e-06
[QP WORST COLLISION] scenario=37 k=8 obstacle=0 disc=2
[SQP] after_solve iter=7 converged=1 status=0 iterations=8 primal_residual=3.98986e-16 dual_residual=6.50191e-06 x_size=16 x_finite=1
[SQP LINESEARCH] iter=7 current_violation=0 accepted_violation=0 accepted=1 alpha=1 delta_u_norm=0.114764
[SQP SUPPORT] iter=7 support_size=0 support_limit=-1 support_ok=1
[SQP] before_solve iter=8 vars=16 constraints=124 max_d=-8.68735e-06
[QP WORST] iter=8 row=90 type=collision d=-8.68735e-06
[QP WORST COLLISION] scenario=37 k=8 obstacle=0 disc=2
[SQP] after_solve iter=8 converged=1 status=0 iterations=8 primal_residual=4.25007e-16 dual_residual=6.41141e-06 x_size=16 x_finite=1
[SQP LINESEARCH] iter=8 current_violation=0 accepted_violation=0 accepted=1 alpha=1 delta_u_norm=0.108139
[SQP SUPPORT] iter=8 support_size=0 support_limit=-1 support_ok=1
[SQP] before_solve iter=9 vars=16 constraints=124 max_d=-8.58486e-06
[QP WORST] iter=9 row=90 type=collision d=-8.58486e-06
[QP WORST COLLISION] scenario=37 k=8 obstacle=0 disc=2
[SQP] after_solve iter=9 converged=1 status=0 iterations=8 primal_residual=4.35687e-16 dual_residual=6.35419e-06 x_size=16 x_finite=1
[SQP LINESEARCH] iter=9 current_violation=0 accepted_violation=0 accepted=1 alpha=1 delta_u_norm=0.1021
[SQP SUPPORT] iter=9 support_size=0 support_limit=-1 support_ok=1
[SQP FINAL] final_violation=0 violated_constraints=0
[SUPPORT FINAL] sqp_union=0 final_active=5 support_limit=-1
[SUPPORT FINAL IDS] 19 22 25 35 37
[SUPPORT UNION IDS]
[COLD START RECOVERY CHECK] ordinary_sqp_failed=0 seed_available=1 incompatible=0 try_homotopy=0
[HARNESS RESULT] step=10 success=1 controls=8 first_input_present=1
[MPC STEP METRICS] step=10 applied=1 success=1 fallback=0 a=-0.0274417 omega=-0.644839 dt=0.1 acceleration_weight=0.1 steering_weight=0.1 control_cost_unweighted=0.416571 control_cost_weighted=0.0416571 mpc_cost=-16.0387 solve_time=0.0477017 qp_solve_time=0.0352666 constraint_time=0.00725514 dro_risk_time=0 ambiguity_radius=0 certificate=not_requested
[EVAL SAFETY] step=11 min_center_distance=1.01047 min_clearance=0.0604739 collision_this_step=0 collision_run=0 collision_radius=0.95
[RF BACKUP] available=1 controls=8 states=9
[FREE POLY] k=1 disc=0 raw=40 facets=2 vertices=5 rho=4.8 anchor_shift=0
[FREE POLY] k=1 disc=1 raw=40 facets=0 vertices=4 rho=0.800001 anchor_shift=0
[FREE POLY] k=1 disc=2 raw=40 facets=3 vertices=6 rho=4.8 anchor_shift=0
[FREE POLY] k=2 disc=0 raw=40 facets=2 vertices=5 rho=5.6 anchor_shift=0
[FREE POLY] k=2 disc=1 raw=40 facets=1 vertices=5 rho=1.6 anchor_shift=0
[FREE POLY] k=2 disc=2 raw=40 facets=2 vertices=5 rho=5.6 anchor_shift=0
[FREE POLY] k=3 disc=0 raw=40 facets=4 vertices=7 rho=6.4 anchor_shift=0
[FREE POLY] k=3 disc=1 raw=40 facets=3 vertices=6 rho=2.4 anchor_shift=0
[FREE POLY] k=3 disc=2 raw=40 facets=4 vertices=7 rho=6.4 anchor_shift=0
[FREE POLY] k=4 disc=0 raw=40 facets=3 vertices=6 rho=7.2 anchor_shift=0
[FREE POLY] k=4 disc=1 raw=40 facets=3 vertices=6 rho=3.2 anchor_shift=0
[FREE POLY] k=4 disc=2 raw=40 facets=3 vertices=6 rho=7.2 anchor_shift=0
[FREE POLY] k=5 disc=0 raw=40 facets=3 vertices=6 rho=8 anchor_shift=0
[FREE POLY] k=5 disc=1 raw=40 facets=3 vertices=6 rho=4 anchor_shift=0
[FREE POLY] k=5 disc=2 raw=40 facets=4 vertices=7 rho=8 anchor_shift=0
[FREE POLY] k=6 disc=0 raw=40 facets=5 vertices=8 rho=8.8 anchor_shift=0
[FREE POLY] k=6 disc=1 raw=40 facets=4 vertices=7 rho=4.8 anchor_shift=0
[FREE POLY] k=6 disc=2 raw=40 facets=4 vertices=7 rho=8.8 anchor_shift=0
[FREE POLY] k=7 disc=0 raw=40 facets=5 vertices=8 rho=9.6 anchor_shift=0
[FREE POLY] k=7 disc=1 raw=40 facets=4 vertices=7 rho=5.6 anchor_shift=0
[FREE POLY] k=7 disc=2 raw=40 facets=6 vertices=9 rho=9.6 anchor_shift=0
[FREE POLY] k=8 disc=0 raw=40 facets=6 vertices=9 rho=10.4 anchor_shift=0
[FREE POLY] k=8 disc=1 raw=40 facets=5 vertices=8 rho=6.4 anchor_shift=0
[FREE POLY] k=8 disc=2 raw=40 facets=7 vertices=10 rho=10.4 anchor_shift=0
[RF SUPPORT SEED] removed=0 support_limit=-1
[SQP] before_solve iter=0 vars=16 constraints=118 max_d=0.0420335
[QP WORST] iter=0 row=65 type=collision d=0.0420335
[QP WORST COLLISION] scenario=22 k=7 obstacle=0 disc=2
[SQP] after_solve iter=0 converged=1 status=0 iterations=7 primal_residual=4.66195e-08 dual_residual=1.97367e-05 x_size=16 x_finite=1
[SQP LINESEARCH] iter=0 current_violation=0.0420335 accepted_violation=0.000214341 accepted=1 alpha=1 delta_u_norm=0.400042
[SQP SUPPORT] iter=0 support_size=0 support_limit=-1 support_ok=1
[SQP] before_solve iter=1 vars=16 constraints=118 max_d=0.000214341
[QP WORST] iter=1 row=65 type=collision d=0.000214341
[QP WORST COLLISION] scenario=22 k=7 obstacle=0 disc=2
[SQP] after_solve iter=1 converged=1 status=0 iterations=6 primal_residual=4.16334e-16 dual_residual=1.39232e-05 x_size=16 x_finite=1
[SQP LINESEARCH] iter=1 current_violation=0.000214341 accepted_violation=0 accepted=1 alpha=1 delta_u_norm=0.161723
[SQP SUPPORT] iter=1 support_size=0 support_limit=-1 support_ok=1
[SQP] before_solve iter=2 vars=16 constraints=118 max_d=-1.33601e-07
[QP WORST] iter=2 row=8 type=collision d=-1.33601e-07
[QP WORST COLLISION] scenario=2 k=2 obstacle=0 disc=2
[SQP] after_solve iter=2 converged=1 status=0 iterations=6 primal_residual=4.4062e-16 dual_residual=1.40358e-05 x_size=16 x_finite=1
[SQP LINESEARCH] iter=2 current_violation=0 accepted_violation=0 accepted=1 alpha=1 delta_u_norm=0.145599
[SQP SUPPORT] iter=2 support_size=0 support_limit=-1 support_ok=1
[SQP] before_solve iter=3 vars=16 constraints=118 max_d=-1.43114e-07
[QP WORST] iter=3 row=8 type=collision d=-1.43114e-07
[QP WORST COLLISION] scenario=2 k=2 obstacle=0 disc=2
[SQP] after_solve iter=3 converged=1 status=0 iterations=6 primal_residual=3.88578e-16 dual_residual=1.41738e-05 x_size=16 x_finite=1
[SQP LINESEARCH] iter=3 current_violation=0 accepted_violation=0 accepted=1 alpha=1 delta_u_norm=0.135289
[SQP SUPPORT] iter=3 support_size=0 support_limit=-1 support_ok=1
[SQP] before_solve iter=4 vars=16 constraints=118 max_d=-1.45029e-07
[QP WORST] iter=4 row=8 type=collision d=-1.45029e-07
[QP WORST COLLISION] scenario=2 k=2 obstacle=0 disc=2
[SQP] after_solve iter=4 converged=1 status=0 iterations=6 primal_residual=4.26742e-16 dual_residual=1.42709e-05 x_size=16 x_finite=1
[SQP LINESEARCH] iter=4 current_violation=0 accepted_violation=0 accepted=1 alpha=1 delta_u_norm=0.126615
[SQP SUPPORT] iter=4 support_size=0 support_limit=-1 support_ok=1
[SQP] before_solve iter=5 vars=16 constraints=118 max_d=-1.44651e-07
[QP WORST] iter=5 row=8 type=collision d=-1.44651e-07
[QP WORST COLLISION] scenario=2 k=2 obstacle=0 disc=2
[SQP] after_solve iter=5 converged=1 status=0 iterations=6 primal_residual=4.36933e-16 dual_residual=1.4333e-05 x_size=16 x_finite=1
[SQP LINESEARCH] iter=5 current_violation=0 accepted_violation=0 accepted=1 alpha=1 delta_u_norm=0.118943
[SQP SUPPORT] iter=5 support_size=0 support_limit=-1 support_ok=1
[SQP] before_solve iter=6 vars=16 constraints=118 max_d=-1.44335e-07
[QP WORST] iter=6 row=8 type=collision d=-1.44335e-07
[QP WORST COLLISION] scenario=2 k=2 obstacle=0 disc=2
[SQP] after_solve iter=6 converged=1 status=0 iterations=6 primal_residual=4.19803e-16 dual_residual=1.43694e-05 x_size=16 x_finite=1
[SQP LINESEARCH] iter=6 current_violation=0 accepted_violation=0 accepted=1 alpha=1 delta_u_norm=0.112034
[SQP SUPPORT] iter=6 support_size=0 support_limit=-1 support_ok=1
[SQP] before_solve iter=7 vars=16 constraints=118 max_d=-1.44281e-07
[QP WORST] iter=7 row=8 type=collision d=-1.44281e-07
[QP WORST COLLISION] scenario=2 k=2 obstacle=0 disc=2
[SQP] after_solve iter=7 converged=1 status=0 iterations=6 primal_residual=4.11129e-16 dual_residual=1.43874e-05 x_size=16 x_finite=1
[SQP LINESEARCH] iter=7 current_violation=0 accepted_violation=0 accepted=1 alpha=1 delta_u_norm=0.105743
[SQP SUPPORT] iter=7 support_size=0 support_limit=-1 support_ok=1
[SQP] before_solve iter=8 vars=16 constraints=118 max_d=-1.44323e-07
[QP WORST] iter=8 row=8 type=collision d=-1.44323e-07
[QP WORST COLLISION] scenario=2 k=2 obstacle=0 disc=2
[SQP] after_solve iter=8 converged=1 status=0 iterations=6 primal_residual=3.88578e-16 dual_residual=1.43919e-05 x_size=16 x_finite=1
[SQP LINESEARCH] iter=8 current_violation=0 accepted_violation=0 accepted=1 alpha=1 delta_u_norm=0.0999683
[SQP SUPPORT] iter=8 support_size=0 support_limit=-1 support_ok=1
[SQP] before_solve iter=9 vars=16 constraints=118 max_d=-1.4433e-07
[QP WORST] iter=9 row=8 type=collision d=-1.4433e-07
[QP WORST COLLISION] scenario=2 k=2 obstacle=0 disc=2
[SQP] after_solve iter=9 converged=1 status=0 iterations=6 primal_residual=4.09395e-16 dual_residual=1.43867e-05 x_size=16 x_finite=1
[SQP LINESEARCH] iter=9 current_violation=0 accepted_violation=0 accepted=1 alpha=1 delta_u_norm=0.0946364
[SQP SUPPORT] iter=9 support_size=0 support_limit=-1 support_ok=1
[SQP FINAL] final_violation=0 violated_constraints=0
[SUPPORT FINAL] sqp_union=0 final_active=3 support_limit=-1
[SUPPORT FINAL IDS] 2 10 22
[SUPPORT UNION IDS]
[COLD START RECOVERY CHECK] ordinary_sqp_failed=0 seed_available=1 incompatible=0 try_homotopy=0
[HARNESS RESULT] step=11 success=1 controls=8 first_input_present=1
[MPC STEP METRICS] step=11 applied=1 success=1 fallback=0 a=0.0721561 omega=-0.767181 dt=0.1 acceleration_weight=0.1 steering_weight=0.1 control_cost_unweighted=0.593773 control_cost_weighted=0.0593773 mpc_cost=-15.7364 solve_time=0.0435183 qp_solve_time=0.0268702 constraint_time=0.00920798 dro_risk_time=0 ambiguity_radius=0 certificate=not_requested
[EVAL SAFETY] step=12 min_center_distance=0.955405 min_clearance=0.00540487 collision_this_step=0 collision_run=0 collision_radius=0.95
[RF BACKUP] available=1 controls=8 states=9
[FREE POLY] k=1 disc=0 raw=40 facets=3 vertices=6 rho=4.8 anchor_shift=0
[FREE POLY] k=1 disc=1 raw=40 facets=0 vertices=4 rho=0.800001 anchor_shift=0
[FREE POLY] k=1 disc=2 raw=40 facets=2 vertices=5 rho=4.8 anchor_shift=0
[FREE POLY] k=2 disc=0 raw=40 facets=2 vertices=5 rho=5.6 anchor_shift=0
[FREE POLY] k=2 disc=1 raw=40 facets=1 vertices=4 rho=1.6 anchor_shift=0
[FREE POLY] k=2 disc=2 raw=40 facets=3 vertices=6 rho=5.6 anchor_shift=0
[FREE POLY] k=3 disc=0 raw=40 facets=3 vertices=6 rho=6.4 anchor_shift=0
[FREE POLY] k=3 disc=1 raw=40 facets=3 vertices=6 rho=2.4 anchor_shift=0
[FREE POLY] k=3 disc=2 raw=40 facets=3 vertices=6 rho=6.4 anchor_shift=0
[FREE POLY] k=4 disc=0 raw=40 facets=4 vertices=7 rho=7.2 anchor_shift=0
[FREE POLY] k=4 disc=1 raw=40 facets=3 vertices=6 rho=3.2 anchor_shift=0
[FREE POLY] k=4 disc=2 raw=40 facets=5 vertices=8 rho=7.2 anchor_shift=0
[FREE POLY] k=5 disc=0 raw=40 facets=4 vertices=7 rho=8 anchor_shift=0
[FREE POLY] k=5 disc=1 raw=40 facets=3 vertices=6 rho=4 anchor_shift=0
[FREE POLY] k=5 disc=2 raw=40 facets=4 vertices=7 rho=8 anchor_shift=0
[FREE POLY] k=6 disc=0 raw=40 facets=3 vertices=6 rho=8.8 anchor_shift=0
[FREE POLY] k=6 disc=1 raw=40 facets=3 vertices=6 rho=4.8 anchor_shift=0
[FREE POLY] k=6 disc=2 raw=40 facets=4 vertices=7 rho=8.8 anchor_shift=0
[FREE POLY] k=7 disc=0 raw=40 facets=4 vertices=7 rho=9.6 anchor_shift=0
[FREE POLY] k=7 disc=1 raw=40 facets=3 vertices=6 rho=5.6 anchor_shift=0
[FREE POLY] k=7 disc=2 raw=40 facets=5 vertices=8 rho=9.6 anchor_shift=0
[FREE POLY] k=8 disc=0 raw=40 facets=4 vertices=7 rho=10.4 anchor_shift=0
[FREE POLY] k=8 disc=1 raw=40 facets=3 vertices=6 rho=6.4 anchor_shift=0
[FREE POLY] k=8 disc=2 raw=40 facets=5 vertices=8 rho=10.4 anchor_shift=0
[RF SUPPORT SEED] removed=0 support_limit=-1
[SQP] before_solve iter=0 vars=16 constraints=109 max_d=-0.00466049
[QP WORST] iter=0 row=10 type=collision d=-0.00466049
[QP WORST COLLISION] scenario=29 k=2 obstacle=0 disc=2
[SQP] after_solve iter=0 converged=1 status=0 iterations=6 primal_residual=4.30211e-16 dual_residual=4.68949e-07 x_size=16 x_finite=1
[SQP LINESEARCH] iter=0 current_violation=0 accepted_violation=0 accepted=1 alpha=0.5 delta_u_norm=0.553349
[SQP SUPPORT] iter=0 support_size=0 support_limit=-1 support_ok=1
[SQP] before_solve iter=1 vars=16 constraints=109 max_d=-0.00233057
[QP WORST] iter=1 row=10 type=collision d=-0.00233057
[QP WORST COLLISION] scenario=29 k=2 obstacle=0 disc=2
[SQP] after_solve iter=1 converged=1 status=0 iterations=6 primal_residual=4.16334e-16 dual_residual=4.16748e-07 x_size=16 x_finite=1
[SQP LINESEARCH] iter=1 current_violation=0 accepted_violation=0 accepted=1 alpha=0.5 delta_u_norm=0.423571
[SQP SUPPORT] iter=1 support_size=0 support_limit=-1 support_ok=1
[SQP] before_solve iter=2 vars=16 constraints=109 max_d=-0.00116557
[QP WORST] iter=2 row=10 type=collision d=-0.00116557
[QP WORST COLLISION] scenario=29 k=2 obstacle=0 disc=2
[SQP] after_solve iter=2 converged=1 status=0 iterations=6 primal_residual=4.02456e-16 dual_residual=1.15524e-06 x_size=16 x_finite=1
[SQP LINESEARCH] iter=2 current_violation=0 accepted_violation=0 accepted=1 alpha=0.5 delta_u_norm=0.325637
[SQP SUPPORT] iter=2 support_size=0 support_limit=-1 support_ok=1
[SQP] before_solve iter=3 vars=16 constraints=109 max_d=-0.000584079
[QP WORST] iter=3 row=10 type=collision d=-0.000584079
[QP WORST COLLISION] scenario=29 k=2 obstacle=0 disc=2
[SQP] after_solve iter=3 converged=1 status=0 iterations=6 primal_residual=4.05925e-16 dual_residual=2.08437e-06 x_size=16 x_finite=1
[SQP LINESEARCH] iter=3 current_violation=0 accepted_violation=0 accepted=1 alpha=0.5 delta_u_norm=0.210468
[SQP SUPPORT] iter=3 support_size=0 support_limit=-1 support_ok=1
[SQP] before_solve iter=4 vars=16 constraints=109 max_d=-0.000295102
[QP WORST] iter=4 row=10 type=collision d=-0.000295102
[QP WORST COLLISION] scenario=29 k=2 obstacle=0 disc=2
[SQP] after_solve iter=4 converged=1 status=0 iterations=6 primal_residual=3.33934e-16 dual_residual=1.63748e-07 x_size=16 x_finite=1
[SQP LINESEARCH] iter=4 current_violation=0 accepted_violation=0 accepted=1 alpha=0.5 delta_u_norm=0.166618
[SQP SUPPORT] iter=4 support_size=0 support_limit=-1 support_ok=1
[SQP] before_solve iter=5 vars=16 constraints=109 max_d=-0.000147796
[QP WORST] iter=5 row=10 type=collision d=-0.000147796
[QP WORST COLLISION] scenario=29 k=2 obstacle=0 disc=2
[SQP] after_solve iter=5 converged=1 status=0 iterations=6 primal_residual=4.09395e-16 dual_residual=4.90136e-07 x_size=16 x_finite=1
[SQP LINESEARCH] iter=5 current_violation=0 accepted_violation=0 accepted=1 alpha=0.5 delta_u_norm=0.14922
[SQP SUPPORT] iter=5 support_size=0 support_limit=-1 support_ok=1
[SQP] before_solve iter=6 vars=16 constraints=109 max_d=-7.448e-05
[QP WORST] iter=6 row=10 type=collision d=-7.448e-05
[QP WORST COLLISION] scenario=29 k=2 obstacle=0 disc=2
[SQP] after_solve iter=6 converged=1 status=0 iterations=6 primal_residual=4.30211e-16 dual_residual=4.72713e-07 x_size=16 x_finite=1
[SQP LINESEARCH] iter=6 current_violation=0 accepted_violation=0 accepted=1 alpha=0.5 delta_u_norm=0.140574
[SQP SUPPORT] iter=6 support_size=0 support_limit=-1 support_ok=1
[SQP] before_solve iter=7 vars=16 constraints=109 max_d=-3.78106e-05
[QP WORST] iter=7 row=10 type=collision d=-3.78106e-05
[QP WORST COLLISION] scenario=29 k=2 obstacle=0 disc=2
[SQP] after_solve iter=7 converged=1 status=0 iterations=6 primal_residual=4.30157e-16 dual_residual=4.55226e-07 x_size=16 x_finite=1
[SQP LINESEARCH] iter=7 current_violation=0 accepted_violation=0 accepted=1 alpha=0.5 delta_u_norm=0.134824
[SQP SUPPORT] iter=7 support_size=0 support_limit=-1 support_ok=1
[SQP] before_solve iter=8 vars=16 constraints=109 max_d=-1.94596e-05
[QP WORST] iter=8 row=10 type=collision d=-1.94596e-05
[QP WORST COLLISION] scenario=29 k=2 obstacle=0 disc=2
[SQP] after_solve iter=8 converged=1 status=0 iterations=6 primal_residual=4.16334e-16 dual_residual=4.43646e-07 x_size=16 x_finite=1
[SQP LINESEARCH] iter=8 current_violation=0 accepted_violation=0 accepted=1 alpha=1 delta_u_norm=0.13017
[SQP SUPPORT] iter=8 support_size=0 support_limit=-1 support_ok=1
[SQP] before_solve iter=9 vars=16 constraints=109 max_d=-1.09217e-06
[QP WORST] iter=9 row=10 type=collision d=-1.09217e-06
[QP WORST COLLISION] scenario=29 k=2 obstacle=0 disc=2
[SQP] after_solve iter=9 converged=1 status=0 iterations=6 primal_residual=4.02456e-16 dual_residual=4.29826e-07 x_size=16 x_finite=1
[SQP LINESEARCH] iter=9 current_violation=0 accepted_violation=0 accepted=1 alpha=1 delta_u_norm=0.122048
[SQP SUPPORT] iter=9 support_size=0 support_limit=-1 support_ok=1
[SQP FINAL] final_violation=0 violated_constraints=0
[SUPPORT FINAL] sqp_union=0 final_active=3 support_limit=-1
[SUPPORT FINAL IDS] 9 10 29
[SUPPORT UNION IDS]
[COLD START RECOVERY CHECK] ordinary_sqp_failed=0 seed_available=1 incompatible=0 try_homotopy=0
[HARNESS RESULT] step=12 success=1 controls=8 first_input_present=1
[MPC STEP METRICS] step=12 applied=1 success=1 fallback=0 a=0.120615 omega=-0.632409 dt=0.1 acceleration_weight=0.1 steering_weight=0.1 control_cost_unweighted=0.414489 control_cost_weighted=0.0414489 mpc_cost=-15.6694 solve_time=0.0420661 qp_solve_time=0.0301326 constraint_time=0.00684782 dro_risk_time=0 ambiguity_radius=0 certificate=not_requested
[EVAL SAFETY] step=13 min_center_distance=0.955715 min_clearance=0.00571463 collision_this_step=0 collision_run=0 collision_radius=0.95
[RF BACKUP] available=1 controls=8 states=9
[FREE POLY] k=1 disc=0 raw=40 facets=2 vertices=5 rho=4.8 anchor_shift=0
[FREE POLY] k=1 disc=1 raw=40 facets=0 vertices=4 rho=0.800001 anchor_shift=0
[FREE POLY] k=1 disc=2 raw=40 facets=4 vertices=7 rho=4.8 anchor_shift=0
[FREE POLY] k=2 disc=0 raw=40 facets=4 vertices=7 rho=5.6 anchor_shift=0
[FREE POLY] k=2 disc=1 raw=40 facets=3 vertices=6 rho=1.6 anchor_shift=0
[FREE POLY] k=2 disc=2 raw=40 facets=3 vertices=6 rho=5.6 anchor_shift=0
[FREE POLY] k=3 disc=0 raw=40 facets=4 vertices=7 rho=6.4 anchor_shift=0
[FREE POLY] k=3 disc=1 raw=40 facets=3 vertices=6 rho=2.4 anchor_shift=0
[FREE POLY] k=3 disc=2 raw=40 facets=4 vertices=7 rho=6.4 anchor_shift=0
[FREE POLY] k=4 disc=0 raw=40 facets=3 vertices=6 rho=7.2 anchor_shift=0
[FREE POLY] k=4 disc=1 raw=40 facets=3 vertices=6 rho=3.2 anchor_shift=0
[FREE POLY] k=4 disc=2 raw=40 facets=4 vertices=7 rho=7.2 anchor_shift=0
[FREE POLY] k=5 disc=0 raw=40 facets=3 vertices=6 rho=8 anchor_shift=0
[FREE POLY] k=5 disc=1 raw=40 facets=3 vertices=6 rho=4 anchor_shift=0
[FREE POLY] k=5 disc=2 raw=40 facets=4 vertices=7 rho=8 anchor_shift=0
[FREE POLY] k=6 disc=0 raw=40 facets=5 vertices=8 rho=8.8 anchor_shift=0
[FREE POLY] k=6 disc=1 raw=40 facets=4 vertices=7 rho=4.8 anchor_shift=0
[FREE POLY] k=6 disc=2 raw=40 facets=4 vertices=7 rho=8.8 anchor_shift=0
[FREE POLY] k=7 disc=0 raw=40 facets=4 vertices=7 rho=9.6 anchor_shift=0
[FREE POLY] k=7 disc=1 raw=40 facets=4 vertices=7 rho=5.6 anchor_shift=0
[FREE POLY] k=7 disc=2 raw=40 facets=4 vertices=6 rho=9.6 anchor_shift=0
[FREE POLY] k=8 disc=0 raw=40 facets=4 vertices=7 rho=10.4 anchor_shift=0
[FREE POLY] k=8 disc=1 raw=40 facets=4 vertices=7 rho=6.4 anchor_shift=0
[FREE POLY] k=8 disc=2 raw=40 facets=3 vertices=5 rho=10.4 anchor_shift=0
[RF SUPPORT SEED] removed=0 support_limit=-1
[SQP] before_solve iter=0 vars=16 constraints=115 max_d=0.00268949
[QP WORST] iter=0 row=26 type=collision d=0.00268949
[QP WORST COLLISION] scenario=38 k=3 obstacle=0 disc=2
[SQP] after_solve iter=0 converged=1 status=0 iterations=5 primal_residual=4.16334e-16 dual_residual=5.17329e-05 x_size=16 x_finite=1
[SQP LINESEARCH] iter=0 current_violation=0.00268949 accepted_violation=0.000347344 accepted=1 alpha=1 delta_u_norm=0.396463
[SQP SUPPORT] iter=0 support_size=0 support_limit=-1 support_ok=1
[SQP] before_solve iter=1 vars=16 constraints=115 max_d=0.000347344
[QP WORST] iter=1 row=58 type=collision d=0.000347344
[QP WORST COLLISION] scenario=35 k=6 obstacle=0 disc=2
[SQP] after_solve iter=1 converged=1 status=0 iterations=5 primal_residual=4.996e-16 dual_residual=8.45583e-05 x_size=16 x_finite=1
[SQP LINESEARCH] iter=1 current_violation=0.000347344 accepted_violation=0 accepted=1 alpha=1 delta_u_norm=0.242187
[SQP SUPPORT] iter=1 support_size=0 support_limit=-1 support_ok=1
[SQP] before_solve iter=2 vars=16 constraints=115 max_d=-2.33145e-06
[QP WORST] iter=2 row=5 type=collision d=-2.33145e-06
[QP WORST COLLISION] scenario=38 k=1 obstacle=0 disc=2
[SQP] after_solve iter=2 converged=1 status=0 iterations=5 primal_residual=3.77736e-16 dual_residual=8.39262e-05 x_size=16 x_finite=1
[SQP LINESEARCH] iter=2 current_violation=0 accepted_violation=0 accepted=1 alpha=1 delta_u_norm=0.21456
[SQP SUPPORT] iter=2 support_size=0 support_limit=-1 support_ok=1
[SQP] before_solve iter=3 vars=16 constraints=115 max_d=-2.32002e-06
[QP WORST] iter=3 row=5 type=collision d=-2.32002e-06
[QP WORST COLLISION] scenario=38 k=1 obstacle=0 disc=2
[SQP] after_solve iter=3 converged=1 status=0 iterations=5 primal_residual=4.51028e-16 dual_residual=8.82821e-05 x_size=16 x_finite=1
[SQP LINESEARCH] iter=3 current_violation=0 accepted_violation=0 accepted=1 alpha=1 delta_u_norm=0.192442
[SQP SUPPORT] iter=3 support_size=0 support_limit=-1 support_ok=1
[SQP] before_solve iter=4 vars=16 constraints=115 max_d=-2.47545e-06
[QP WORST] iter=4 row=5 type=collision d=-2.47545e-06
[QP WORST COLLISION] scenario=38 k=1 obstacle=0 disc=2
[SQP] after_solve iter=4 converged=1 status=0 iterations=5 primal_residual=4.78784e-16 dual_residual=9.52119e-05 x_size=16 x_finite=1
[SQP LINESEARCH] iter=4 current_violation=0 accepted_violation=0 accepted=1 alpha=1 delta_u_norm=0.167863
[SQP SUPPORT] iter=4 support_size=0 support_limit=-1 support_ok=1
[SQP] before_solve iter=5 vars=16 constraints=115 max_d=-2.72791e-06
[QP WORST] iter=5 row=5 type=collision d=-2.72791e-06
[QP WORST COLLISION] scenario=38 k=1 obstacle=0 disc=2
[SQP] after_solve iter=5 converged=1 status=0 iterations=6 primal_residual=4.4062e-16 dual_residual=1.7209e-06 x_size=16 x_finite=1
[SQP LINESEARCH] iter=5 current_violation=0 accepted_violation=0 accepted=1 alpha=1 delta_u_norm=0.129763
[SQP SUPPORT] iter=5 support_size=0 support_limit=-1 support_ok=1
[SQP] before_solve iter=6 vars=16 constraints=115 max_d=-2.13061e-06
[QP WORST] iter=6 row=58 type=collision d=-2.13061e-06
[QP WORST COLLISION] scenario=35 k=6 obstacle=0 disc=2
[SQP] after_solve iter=6 converged=1 status=0 iterations=6 primal_residual=4.20887e-16 dual_residual=1.80714e-06 x_size=16 x_finite=1
[SQP LINESEARCH] iter=6 current_violation=0 accepted_violation=0 accepted=1 alpha=1 delta_u_norm=0.117739
[SQP SUPPORT] iter=6 support_size=0 support_limit=-1 support_ok=1
[SQP] before_solve iter=7 vars=16 constraints=115 max_d=-2.21739e-06
[QP WORST] iter=7 row=58 type=collision d=-2.21739e-06
[QP WORST COLLISION] scenario=35 k=6 obstacle=0 disc=2
[SQP] after_solve iter=7 converged=1 status=0 iterations=6 primal_residual=4.28389e-16 dual_residual=1.73706e-06 x_size=16 x_finite=1
[SQP LINESEARCH] iter=7 current_violation=0 accepted_violation=0 accepted=1 alpha=1 delta_u_norm=0.110597
[SQP SUPPORT] iter=7 support_size=0 support_limit=-1 support_ok=1
[SQP] before_solve iter=8 vars=16 constraints=115 max_d=-2.14129e-06
[QP WORST] iter=8 row=58 type=collision d=-2.14129e-06
[QP WORST COLLISION] scenario=35 k=6 obstacle=0 disc=2
[SQP] after_solve iter=8 converged=1 status=0 iterations=6 primal_residual=3.11708e-16 dual_residual=1.66365e-06 x_size=16 x_finite=1
[SQP LINESEARCH] iter=8 current_violation=0 accepted_violation=0 accepted=1 alpha=1 delta_u_norm=0.104084
[SQP SUPPORT] iter=8 support_size=0 support_limit=-1 support_ok=1
[SQP] before_solve iter=9 vars=16 constraints=115 max_d=-2.05632e-06
[QP WORST] iter=9 row=58 type=collision d=-2.05632e-06
[QP WORST COLLISION] scenario=35 k=6 obstacle=0 disc=2
[SQP] after_solve iter=9 converged=1 status=0 iterations=5 primal_residual=4.07443e-16 dual_residual=9.90871e-05 x_size=16 x_finite=1
[SQP LINESEARCH] iter=9 current_violation=0 accepted_violation=0 accepted=1 alpha=1 delta_u_norm=0.0984426
[SQP SUPPORT] iter=9 support_size=0 support_limit=-1 support_ok=1
[SQP FINAL] final_violation=0 violated_constraints=0
[SUPPORT FINAL] sqp_union=0 final_active=2 support_limit=-1
[SUPPORT FINAL IDS] 35 38
[SUPPORT UNION IDS]
[COLD START RECOVERY CHECK] ordinary_sqp_failed=0 seed_available=1 incompatible=0 try_homotopy=0
[HARNESS RESULT] step=13 success=1 controls=8 first_input_present=1
[MPC STEP METRICS] step=13 applied=1 success=1 fallback=0 a=0.0836723 omega=-0.292587 dt=0.1 acceleration_weight=0.1 steering_weight=0.1 control_cost_unweighted=0.092608 control_cost_weighted=0.0092608 mpc_cost=-15.4446 solve_time=0.0391202 qp_solve_time=0.0270494 constraint_time=0.00695964 dro_risk_time=0 ambiguity_radius=0 certificate=not_requested
[EVAL SAFETY] step=14 min_center_distance=0.955204 min_clearance=0.00520446 collision_this_step=0 collision_run=0 collision_radius=0.95
[RF BACKUP] available=1 controls=8 states=9
[FREE POLY] k=1 disc=0 raw=40 facets=3 vertices=6 rho=4.8 anchor_shift=0
[FREE POLY] k=1 disc=1 raw=40 facets=0 vertices=4 rho=0.800001 anchor_shift=0
[FREE POLY] k=1 disc=2 raw=40 facets=4 vertices=7 rho=4.8 anchor_shift=0
[FREE POLY] k=2 disc=0 raw=40 facets=2 vertices=5 rho=5.6 anchor_shift=0
[FREE POLY] k=2 disc=1 raw=40 facets=2 vertices=5 rho=1.6 anchor_shift=0
[FREE POLY] k=2 disc=2 raw=40 facets=4 vertices=7 rho=5.6 anchor_shift=0
[FREE POLY] k=3 disc=0 raw=40 facets=3 vertices=6 rho=6.4 anchor_shift=0
[FREE POLY] k=3 disc=1 raw=40 facets=3 vertices=6 rho=2.4 anchor_shift=0
[FREE POLY] k=3 disc=2 raw=40 facets=5 vertices=8 rho=6.4 anchor_shift=0
[FREE POLY] k=4 disc=0 raw=40 facets=2 vertices=5 rho=7.2 anchor_shift=0
[FREE POLY] k=4 disc=1 raw=40 facets=2 vertices=5 rho=3.2 anchor_shift=0
[FREE POLY] k=4 disc=2 raw=40 facets=5 vertices=8 rho=7.2 anchor_shift=0
[FREE POLY] k=5 disc=0 raw=40 facets=2 vertices=5 rho=8 anchor_shift=0
[FREE POLY] k=5 disc=1 raw=40 facets=2 vertices=5 rho=4 anchor_shift=0
[FREE POLY] k=5 disc=2 raw=40 facets=4 vertices=7 rho=8 anchor_shift=0
[FREE POLY] k=6 disc=0 raw=40 facets=2 vertices=5 rho=8.8 anchor_shift=0
[FREE POLY] k=6 disc=1 raw=40 facets=2 vertices=5 rho=4.8 anchor_shift=0
[FREE POLY] k=6 disc=2 raw=40 facets=3 vertices=5 rho=8.8 anchor_shift=0
[FREE POLY] k=7 disc=0 raw=40 facets=2 vertices=5 rho=9.6 anchor_shift=0
[FREE POLY] k=7 disc=1 raw=40 facets=3 vertices=6 rho=5.6 anchor_shift=0
[FREE POLY] k=7 disc=2 raw=40 facets=6 vertices=9 rho=9.6 anchor_shift=0
[FREE POLY] k=8 disc=0 raw=40 facets=3 vertices=6 rho=10.4 anchor_shift=0
[FREE POLY] k=8 disc=1 raw=40 facets=3 vertices=6 rho=6.4 anchor_shift=0
[FREE POLY] k=8 disc=2 raw=40 facets=7 vertices=10 rho=10.4 anchor_shift=0
[RF SUPPORT SEED] removed=0 support_limit=-1
[SQP] before_solve iter=0 vars=16 constraints=106 max_d=0.1062
[QP WORST] iter=0 row=66 type=collision d=0.1062
[QP WORST COLLISION] scenario=22 k=8 obstacle=0 disc=1
[SQP] after_solve iter=0 converged=1 status=0 iterations=6 primal_residual=2.30567e-08 dual_residual=1.36184e-05 x_size=16 x_finite=1
[SQP LINESEARCH] iter=0 current_violation=0.1062 accepted_violation=0.000759467 accepted=1 alpha=1 delta_u_norm=1.16805
[SQP SUPPORT] iter=0 support_size=0 support_limit=-1 support_ok=1
[SQP] before_solve iter=1 vars=16 constraints=106 max_d=0.000759467
[QP WORST] iter=1 row=66 type=collision d=0.000759467
[QP WORST COLLISION] scenario=22 k=8 obstacle=0 disc=1
[SQP] after_solve iter=1 converged=1 status=0 iterations=5 primal_residual=9.82173e-08 dual_residual=6.46336e-05 x_size=16 x_finite=1
[SQP LINESEARCH] iter=1 current_violation=0.000759467 accepted_violation=0 accepted=1 alpha=1 delta_u_norm=0.387844
[SQP SUPPORT] iter=1 support_size=0 support_limit=-1 support_ok=1
[SQP] before_solve iter=2 vars=16 constraints=106 max_d=-7.55636e-07
[QP WORST] iter=2 row=5 type=collision d=-7.55636e-07
[QP WORST COLLISION] scenario=36 k=1 obstacle=0 disc=2
[SQP] after_solve iter=2 converged=1 status=0 iterations=5 primal_residual=1.13006e-07 dual_residual=7.63104e-05 x_size=16 x_finite=1
[SQP LINESEARCH] iter=2 current_violation=0 accepted_violation=0 accepted=1 alpha=1 delta_u_norm=0.2691
[SQP SUPPORT] iter=2 support_size=0 support_limit=-1 support_ok=1
[SQP] before_solve iter=3 vars=16 constraints=106 max_d=-8.14487e-07
[QP WORST] iter=3 row=5 type=collision d=-8.14487e-07
[QP WORST COLLISION] scenario=36 k=1 obstacle=0 disc=2
[SQP] after_solve iter=3 converged=1 status=0 iterations=5 primal_residual=1.14734e-07 dual_residual=7.73556e-05 x_size=16 x_finite=1
[SQP LINESEARCH] iter=3 current_violation=0 accepted_violation=0 accepted=1 alpha=1 delta_u_norm=0.212108
[SQP SUPPORT] iter=3 support_size=0 support_limit=-1 support_ok=1
[SQP] before_solve iter=4 vars=16 constraints=106 max_d=-7.64762e-07
[QP WORST] iter=4 row=5 type=collision d=-7.64762e-07
[QP WORST COLLISION] scenario=36 k=1 obstacle=0 disc=2
[SQP] after_solve iter=4 converged=1 status=0 iterations=5 primal_residual=1.14962e-07 dual_residual=7.7517e-05 x_size=16 x_finite=1
[SQP LINESEARCH] iter=4 current_violation=0 accepted_violation=0 accepted=1 alpha=1 delta_u_norm=0.172985
[SQP SUPPORT] iter=4 support_size=0 support_limit=-1 support_ok=1
[SQP] before_solve iter=5 vars=16 constraints=106 max_d=-7.20026e-07
[QP WORST] iter=5 row=5 type=collision d=-7.20026e-07
[QP WORST COLLISION] scenario=36 k=1 obstacle=0 disc=2
[SQP] after_solve iter=5 converged=1 status=0 iterations=5 primal_residual=1.17066e-07 dual_residual=7.89976e-05 x_size=16 x_finite=1
[SQP LINESEARCH] iter=5 current_violation=0 accepted_violation=0 accepted=1 alpha=1 delta_u_norm=0.144543
[SQP SUPPORT] iter=5 support_size=0 support_limit=-1 support_ok=1
[SQP] before_solve iter=6 vars=16 constraints=106 max_d=-7.05187e-07
[QP WORST] iter=6 row=5 type=collision d=-7.05187e-07
[QP WORST COLLISION] scenario=36 k=1 obstacle=0 disc=2
[SQP] after_solve iter=6 converged=1 status=0 iterations=5 primal_residual=1.22103e-07 dual_residual=9.08623e-05 x_size=16 x_finite=1
[SQP LINESEARCH] iter=6 current_violation=0 accepted_violation=0 accepted=1 alpha=1 delta_u_norm=0.123302
[SQP SUPPORT] iter=6 support_size=0 support_limit=-1 support_ok=1
[SQP] before_solve iter=7 vars=16 constraints=106 max_d=-7.22431e-07
[QP WORST] iter=7 row=5 type=collision d=-7.22431e-07
[QP WORST COLLISION] scenario=36 k=1 obstacle=0 disc=2
[SQP] after_solve iter=7 converged=1 status=0 iterations=5 primal_residual=1.28411e-07 dual_residual=9.25863e-05 x_size=16 x_finite=1
[SQP LINESEARCH] iter=7 current_violation=0 accepted_violation=0 accepted=1 alpha=1 delta_u_norm=0.108168
[SQP SUPPORT] iter=7 support_size=0 support_limit=-1 support_ok=1
[SQP] before_solve iter=8 vars=16 constraints=106 max_d=-7.56416e-07
[QP WORST] iter=8 row=5 type=collision d=-7.56416e-07
[QP WORST COLLISION] scenario=36 k=1 obstacle=0 disc=2
[SQP] after_solve iter=8 converged=1 status=0 iterations=5 primal_residual=1.34142e-07 dual_residual=9.12369e-05 x_size=16 x_finite=1
[SQP LINESEARCH] iter=8 current_violation=0 accepted_violation=0 accepted=1 alpha=1 delta_u_norm=0.0975059
[SQP SUPPORT] iter=8 support_size=0 support_limit=-1 support_ok=1
[SQP] before_solve iter=9 vars=16 constraints=106 max_d=-7.91199e-07
[QP WORST] iter=9 row=5 type=collision d=-7.91199e-07
[QP WORST COLLISION] scenario=36 k=1 obstacle=0 disc=2
[SQP] after_solve iter=9 converged=1 status=0 iterations=5 primal_residual=1.38854e-07 dual_residual=9.35043e-05 x_size=16 x_finite=1
[SQP LINESEARCH] iter=9 current_violation=0 accepted_violation=0 accepted=1 alpha=1 delta_u_norm=0.0895934
[SQP SUPPORT] iter=9 support_size=0 support_limit=-1 support_ok=1
[SQP FINAL] final_violation=0 violated_constraints=0
[SUPPORT FINAL] sqp_union=0 final_active=4 support_limit=-1
[SUPPORT FINAL IDS] 4 22 36 39
[SUPPORT UNION IDS]
[COLD START RECOVERY CHECK] ordinary_sqp_failed=0 seed_available=1 incompatible=0 try_homotopy=0
[HARNESS RESULT] step=14 success=1 controls=8 first_input_present=1
[MPC STEP METRICS] step=14 applied=1 success=1 fallback=0 a=-1.59658 omega=-0.0689146 dt=0.1 acceleration_weight=0.1 steering_weight=0.1 control_cost_unweighted=2.55381 control_cost_weighted=0.255381 mpc_cost=-15.0201 solve_time=0.0458114 qp_solve_time=0.0282363 constraint_time=0.0101401 dro_risk_time=0 ambiguity_radius=0 certificate=not_requested
[EVAL SAFETY] step=15 min_center_distance=0.956151 min_clearance=0.00615065 collision_this_step=0 collision_run=0 collision_radius=0.95
[RF BACKUP] available=1 controls=8 states=9
[FREE POLY] k=1 disc=0 raw=40 facets=2 vertices=5 rho=4.8 anchor_shift=0
[FREE POLY] k=1 disc=1 raw=40 facets=0 vertices=4 rho=0.800001 anchor_shift=0
[FREE POLY] k=1 disc=2 raw=40 facets=4 vertices=7 rho=4.8 anchor_shift=0
[FREE POLY] k=2 disc=0 raw=40 facets=3 vertices=6 rho=5.6 anchor_shift=0
[FREE POLY] k=2 disc=1 raw=40 facets=3 vertices=6 rho=1.6 anchor_shift=0
[FREE POLY] k=2 disc=2 raw=40 facets=6 vertices=9 rho=5.6 anchor_shift=0
[FREE POLY] k=3 disc=0 raw=40 facets=3 vertices=6 rho=6.4 anchor_shift=0
[FREE POLY] k=3 disc=1 raw=40 facets=3 vertices=6 rho=2.4 anchor_shift=0
[FREE POLY] k=3 disc=2 raw=40 facets=7 vertices=10 rho=6.4 anchor_shift=0
[FREE POLY] k=4 disc=0 raw=40 facets=4 vertices=7 rho=7.2 anchor_shift=0
[FREE POLY] k=4 disc=1 raw=40 facets=3 vertices=6 rho=3.2 anchor_shift=0
[FREE POLY] k=4 disc=2 raw=40 facets=5 vertices=8 rho=7.2 anchor_shift=0
[FREE POLY] k=5 disc=0 raw=40 facets=5 vertices=8 rho=8 anchor_shift=0
[FREE POLY] k=5 disc=1 raw=40 facets=4 vertices=7 rho=4 anchor_shift=0
[FREE POLY] k=5 disc=2 raw=40 facets=5 vertices=8 rho=8 anchor_shift=0
[FREE POLY] k=6 disc=0 raw=40 facets=5 vertices=8 rho=8.8 anchor_shift=0
[FREE POLY] k=6 disc=1 raw=40 facets=4 vertices=7 rho=4.8 anchor_shift=0
[FREE POLY] k=6 disc=2 raw=40 facets=4 vertices=7 rho=8.8 anchor_shift=0
[FREE POLY] k=7 disc=0 raw=40 facets=6 vertices=9 rho=9.6 anchor_shift=0
[FREE POLY] k=7 disc=1 raw=40 facets=5 vertices=8 rho=5.6 anchor_shift=0
[FREE POLY] k=7 disc=2 raw=40 facets=5 vertices=8 rho=9.6 anchor_shift=0
[FREE POLY] k=8 disc=0 raw=40 facets=5 vertices=8 rho=10.4 anchor_shift=0
[FREE POLY] k=8 disc=1 raw=40 facets=4 vertices=7 rho=6.4 anchor_shift=0
[FREE POLY] k=8 disc=2 raw=40 facets=5 vertices=8 rho=10.4 anchor_shift=0
[RF SUPPORT SEED] removed=0 support_limit=-1
[SQP] before_solve iter=0 vars=16 constraints=132 max_d=0.0498417
[QP WORST] iter=0 row=93 type=collision d=0.0498417
[QP WORST COLLISION] scenario=17 k=8 obstacle=0 disc=1
[SQP] after_solve iter=0 converged=1 status=0 iterations=5 primal_residual=3.46945e-16 dual_residual=6.61723e-05 x_size=16 x_finite=1
[SQP LINESEARCH] iter=0 current_violation=0.0498417 accepted_violation=0 accepted=1 alpha=1 delta_u_norm=0.600762
[SQP SUPPORT] iter=0 support_size=0 support_limit=-1 support_ok=1
[SQP] before_solve iter=1 vars=16 constraints=132 max_d=-1.08495e-06
[QP WORST] iter=1 row=2 type=collision d=-1.08495e-06
[QP WORST COLLISION] scenario=0 k=1 obstacle=0 disc=2
[SQP] after_solve iter=1 converged=1 status=0 iterations=5 primal_residual=1.39482e-08 dual_residual=5.7441e-05 x_size=16 x_finite=1
[SQP LINESEARCH] iter=1 current_violation=0 accepted_violation=0 accepted=1 alpha=1 delta_u_norm=0.228123
[SQP SUPPORT] iter=1 support_size=0 support_limit=-1 support_ok=1
[SQP] before_solve iter=2 vars=16 constraints=132 max_d=-3.76875e-05
[QP WORST] iter=2 row=93 type=collision d=-3.76875e-05
[QP WORST COLLISION] scenario=17 k=8 obstacle=0 disc=1
[SQP] after_solve iter=2 converged=1 status=0 iterations=5 primal_residual=4.23273e-16 dual_residual=5.18715e-05 x_size=16 x_finite=1
[SQP LINESEARCH] iter=2 current_violation=0 accepted_violation=0 accepted=1 alpha=1 delta_u_norm=0.187358
[SQP SUPPORT] iter=2 support_size=0 support_limit=-1 support_ok=1
[SQP] before_solve iter=3 vars=16 constraints=132 max_d=-2.21031e-05
[QP WORST] iter=3 row=93 type=collision d=-2.21031e-05
[QP WORST COLLISION] scenario=17 k=8 obstacle=0 disc=1
[SQP] after_solve iter=3 converged=1 status=0 iterations=5 primal_residual=4.33681e-16 dual_residual=5.37909e-05 x_size=16 x_finite=1
[SQP LINESEARCH] iter=3 current_violation=0 accepted_violation=0 accepted=1 alpha=1 delta_u_norm=0.146673
[SQP SUPPORT] iter=3 support_size=0 support_limit=-1 support_ok=1
[SQP] before_solve iter=4 vars=16 constraints=132 max_d=-1.47177e-05
[QP WORST] iter=4 row=93 type=collision d=-1.47177e-05
[QP WORST COLLISION] scenario=17 k=8 obstacle=0 disc=1
[SQP] after_solve iter=4 converged=1 status=0 iterations=6 primal_residual=1.45322e-08 dual_residual=1.07685e-05 x_size=16 x_finite=1
[SQP LINESEARCH] iter=4 current_violation=0 accepted_violation=0 accepted=1 alpha=1 delta_u_norm=0.134538
[SQP SUPPORT] iter=4 support_size=0 support_limit=-1 support_ok=1
[SQP] before_solve iter=5 vars=16 constraints=132 max_d=-8.07744e-07
[QP WORST] iter=5 row=25 type=collision d=-8.07744e-07
[QP WORST COLLISION] scenario=4 k=3 obstacle=0 disc=2
[SQP] after_solve iter=5 converged=1 status=0 iterations=6 primal_residual=1.5648e-08 dual_residual=1.16895e-05 x_size=16 x_finite=1
[SQP LINESEARCH] iter=5 current_violation=0 accepted_violation=0 accepted=1 alpha=1 delta_u_norm=0.127106
[SQP SUPPORT] iter=5 support_size=0 support_limit=-1 support_ok=1
[SQP] before_solve iter=6 vars=16 constraints=132 max_d=-7.76489e-07
[QP WORST] iter=6 row=25 type=collision d=-7.76489e-07
[QP WORST COLLISION] scenario=4 k=3 obstacle=0 disc=2
[SQP] after_solve iter=6 converged=1 status=0 iterations=6 primal_residual=1.53629e-08 dual_residual=1.16596e-05 x_size=16 x_finite=1
[SQP LINESEARCH] iter=6 current_violation=0 accepted_violation=0 accepted=1 alpha=1 delta_u_norm=0.12129
[SQP SUPPORT] iter=6 support_size=0 support_limit=-1 support_ok=1
[SQP] before_solve iter=7 vars=16 constraints=132 max_d=-7.75135e-07
[QP WORST] iter=7 row=25 type=collision d=-7.75135e-07
[QP WORST COLLISION] scenario=4 k=3 obstacle=0 disc=2
[SQP] after_solve iter=7 converged=1 status=0 iterations=6 primal_residual=1.40372e-08 dual_residual=1.09633e-05 x_size=16 x_finite=1
[SQP LINESEARCH] iter=7 current_violation=0 accepted_violation=0 accepted=1 alpha=1 delta_u_norm=0.116293
[SQP SUPPORT] iter=7 support_size=0 support_limit=-1 support_ok=1
[SQP] before_solve iter=8 vars=16 constraints=132 max_d=-7.53384e-07
[QP WORST] iter=8 row=25 type=collision d=-7.53384e-07
[QP WORST COLLISION] scenario=4 k=3 obstacle=0 disc=2
[SQP] after_solve iter=8 converged=1 status=0 iterations=5 primal_residual=9.78169e-08 dual_residual=7.76716e-05 x_size=16 x_finite=1
[SQP LINESEARCH] iter=8 current_violation=0 accepted_violation=0 accepted=1 alpha=1 delta_u_norm=0.10967
[SQP SUPPORT] iter=8 support_size=0 support_limit=-1 support_ok=1
[SQP] before_solve iter=9 vars=16 constraints=132 max_d=-7.76995e-06
[QP WORST] iter=9 row=93 type=collision d=-7.76995e-06
[QP WORST COLLISION] scenario=17 k=8 obstacle=0 disc=1
[SQP] after_solve iter=9 converged=1 status=0 iterations=5 primal_residual=4.1871e-08 dual_residual=6.81716e-05 x_size=16 x_finite=1
[SQP LINESEARCH] iter=9 current_violation=0 accepted_violation=0 accepted=1 alpha=1 delta_u_norm=0.102537
[SQP SUPPORT] iter=9 support_size=0 support_limit=-1 support_ok=1
[SQP FINAL] final_violation=0 violated_constraints=0
[SUPPORT FINAL] sqp_union=0 final_active=5 support_limit=-1
[SUPPORT FINAL IDS] 0 4 17 23 24
[SUPPORT UNION IDS]
[COLD START RECOVERY CHECK] ordinary_sqp_failed=0 seed_available=1 incompatible=0 try_homotopy=0
[HARNESS RESULT] step=15 success=1 controls=8 first_input_present=1
[MPC STEP METRICS] step=15 applied=1 success=1 fallback=0 a=-0.858478 omega=0.112791 dt=0.1 acceleration_weight=0.1 steering_weight=0.1 control_cost_unweighted=0.749706 control_cost_weighted=0.0749706 mpc_cost=-14.8227 solve_time=0.0390311 qp_solve_time=0.0262493 constraint_time=0.00757391 dro_risk_time=0 ambiguity_radius=0 certificate=not_requested
[EVAL SAFETY] step=16 min_center_distance=0.955027 min_clearance=0.00502684 collision_this_step=0 collision_run=0 collision_radius=0.95
[RF BACKUP] available=1 controls=8 states=9
[FREE POLY] k=1 disc=0 raw=40 facets=2 vertices=5 rho=4.8 anchor_shift=0
[FREE POLY] k=1 disc=1 raw=40 facets=1 vertices=5 rho=0.800001 anchor_shift=0
[FREE POLY] k=1 disc=2 raw=40 facets=5 vertices=8 rho=4.8 anchor_shift=0
[FREE POLY] k=2 disc=0 raw=40 facets=3 vertices=6 rho=5.6 anchor_shift=0
[FREE POLY] k=2 disc=1 raw=40 facets=2 vertices=5 rho=1.6 anchor_shift=0
[FREE POLY] k=2 disc=2 raw=40 facets=4 vertices=7 rho=5.6 anchor_shift=0
[FREE POLY] k=3 disc=0 raw=40 facets=4 vertices=7 rho=6.4 anchor_shift=0
[FREE POLY] k=3 disc=1 raw=40 facets=3 vertices=6 rho=2.4 anchor_shift=0
[FREE POLY] k=3 disc=2 raw=40 facets=4 vertices=7 rho=6.4 anchor_shift=0
[FREE POLY] k=4 disc=0 raw=40 facets=5 vertices=8 rho=7.2 anchor_shift=0
[FREE POLY] k=4 disc=1 raw=40 facets=4 vertices=7 rho=3.2 anchor_shift=0
[FREE POLY] k=4 disc=2 raw=40 facets=4 vertices=7 rho=7.2 anchor_shift=0
[FREE POLY] k=5 disc=0 raw=40 facets=5 vertices=8 rho=8 anchor_shift=0
[FREE POLY] k=5 disc=1 raw=40 facets=5 vertices=8 rho=4 anchor_shift=0
[FREE POLY] k=5 disc=2 raw=40 facets=5 vertices=8 rho=8 anchor_shift=0
[FREE POLY] k=6 disc=0 raw=40 facets=4 vertices=7 rho=8.8 anchor_shift=0
[FREE POLY] k=6 disc=1 raw=40 facets=4 vertices=7 rho=4.8 anchor_shift=0
[FREE POLY] k=6 disc=2 raw=40 facets=3 vertices=6 rho=8.8 anchor_shift=0
[FREE POLY] k=7 disc=0 raw=40 facets=5 vertices=8 rho=9.6 anchor_shift=0
[FREE POLY] k=7 disc=1 raw=40 facets=4 vertices=7 rho=5.6 anchor_shift=0
[FREE POLY] k=7 disc=2 raw=40 facets=3 vertices=6 rho=9.6 anchor_shift=0
[FREE POLY] k=8 disc=0 raw=40 facets=5 vertices=8 rho=10.4 anchor_shift=0
[FREE POLY] k=8 disc=1 raw=40 facets=4 vertices=6 rho=6.4 anchor_shift=0
[FREE POLY] k=8 disc=2 raw=40 facets=3 vertices=6 rho=10.4 anchor_shift=0
[RF SUPPORT SEED] removed=0 support_limit=-1
[SQP] before_solve iter=0 vars=16 constraints=123 max_d=0.131254
[QP WORST] iter=0 row=85 type=collision d=0.131254
[QP WORST COLLISION] scenario=7 k=8 obstacle=0 disc=1
[SQP] after_solve iter=0 converged=1 status=0 iterations=5 primal_residual=3.8462e-08 dual_residual=7.75467e-05 x_size=16 x_finite=1
[SQP LINESEARCH] iter=0 current_violation=0.131254 accepted_violation=0 accepted=1 alpha=1 delta_u_norm=0.899351
[SQP SUPPORT] iter=0 support_size=0 support_limit=-1 support_ok=1
[SQP] before_solve iter=1 vars=16 constraints=123 max_d=-0.00226199
[QP WORST] iter=1 row=85 type=collision d=-0.00226199
[QP WORST COLLISION] scenario=7 k=8 obstacle=0 disc=1
[SQP] after_solve iter=1 converged=1 status=0 iterations=5 primal_residual=1.59743e-07 dual_residual=9.12632e-05 x_size=16 x_finite=1
[SQP LINESEARCH] iter=1 current_violation=0 accepted_violation=0 accepted=1 alpha=1 delta_u_norm=0.360415
[SQP SUPPORT] iter=1 support_size=0 support_limit=-1 support_ok=1
[SQP] before_solve iter=2 vars=16 constraints=123 max_d=-0.00011471
[QP WORST] iter=2 row=85 type=collision d=-0.00011471
[QP WORST COLLISION] scenario=7 k=8 obstacle=0 disc=1
[SQP] after_solve iter=2 converged=1 status=0 iterations=6 primal_residual=1.27686e-09 dual_residual=4.49915e-06 x_size=16 x_finite=1
[SQP LINESEARCH] iter=2 current_violation=0 accepted_violation=0 accepted=1 alpha=1 delta_u_norm=0.263108
[SQP SUPPORT] iter=2 support_size=0 support_limit=-1 support_ok=1
[SQP] before_solve iter=3 vars=16 constraints=123 max_d=-5.40295e-08
[QP WORST] iter=3 row=3 type=collision d=-5.40295e-08
[QP WORST COLLISION] scenario=1 k=1 obstacle=0 disc=2
[SQP] after_solve iter=3 converged=1 status=0 iterations=6 primal_residual=3.19189e-16 dual_residual=4.75682e-06 x_size=16 x_finite=1
[SQP LINESEARCH] iter=3 current_violation=0 accepted_violation=0 accepted=1 alpha=1 delta_u_norm=0.220931
[SQP SUPPORT] iter=3 support_size=0 support_limit=-1 support_ok=1
[SQP] before_solve iter=4 vars=16 constraints=123 max_d=-5.27078e-06
[QP WORST] iter=4 row=85 type=collision d=-5.27078e-06
[QP WORST COLLISION] scenario=7 k=8 obstacle=0 disc=1
[SQP] after_solve iter=4 converged=1 status=0 iterations=6 primal_residual=4.02456e-16 dual_residual=4.786e-06 x_size=16 x_finite=1
[SQP LINESEARCH] iter=4 current_violation=0 accepted_violation=0 accepted=1 alpha=1 delta_u_norm=0.181798
[SQP SUPPORT] iter=4 support_size=0 support_limit=-1 support_ok=1
[SQP] before_solve iter=5 vars=16 constraints=123 max_d=-4.96173e-06
[QP WORST] iter=5 row=85 type=collision d=-4.96173e-06
[QP WORST COLLISION] scenario=7 k=8 obstacle=0 disc=1
[SQP] after_solve iter=5 converged=1 status=0 iterations=5 primal_residual=1.0456e-07 dual_residual=4.24151e-05 x_size=16 x_finite=1
[SQP LINESEARCH] iter=5 current_violation=0 accepted_violation=0 accepted=1 alpha=1 delta_u_norm=0.115828
[SQP SUPPORT] iter=5 support_size=0 support_limit=-1 support_ok=1
[SQP] before_solve iter=6 vars=16 constraints=123 max_d=-3.21248e-07
[QP WORST] iter=6 row=3 type=collision d=-3.21248e-07
[QP WORST COLLISION] scenario=1 k=1 obstacle=0 disc=2
[SQP] after_solve iter=6 converged=1 status=0 iterations=5 primal_residual=4.27609e-16 dual_residual=3.84951e-05 x_size=16 x_finite=1
[SQP LINESEARCH] iter=6 current_violation=0 accepted_violation=0 accepted=1 alpha=1 delta_u_norm=0.105634
[SQP SUPPORT] iter=6 support_size=0 support_limit=-1 support_ok=1
[SQP] before_solve iter=7 vars=16 constraints=123 max_d=-6.49398e-06
[QP WORST] iter=7 row=85 type=collision d=-6.49398e-06
[QP WORST COLLISION] scenario=7 k=8 obstacle=0 disc=1
[SQP] after_solve iter=7 converged=1 status=0 iterations=5 primal_residual=3.81639e-16 dual_residual=3.62063e-05 x_size=16 x_finite=1
[SQP LINESEARCH] iter=7 current_violation=0 accepted_violation=0 accepted=1 alpha=1 delta_u_norm=0.0887808
[SQP SUPPORT] iter=7 support_size=0 support_limit=-1 support_ok=1
[SQP] before_solve iter=8 vars=16 constraints=123 max_d=-5.0228e-06
[QP WORST] iter=8 row=85 type=collision d=-5.0228e-06
[QP WORST COLLISION] scenario=7 k=8 obstacle=0 disc=1
[SQP] after_solve iter=8 converged=1 status=0 iterations=5 primal_residual=4.03811e-16 dual_residual=2.98048e-05 x_size=16 x_finite=1
[SQP LINESEARCH] iter=8 current_violation=0 accepted_violation=0 accepted=1 alpha=1 delta_u_norm=0.0636094
[SQP SUPPORT] iter=8 support_size=0 support_limit=-1 support_ok=1
[SQP] before_solve iter=9 vars=16 constraints=123 max_d=-3.25656e-06
[QP WORST] iter=9 row=85 type=collision d=-3.25656e-06
[QP WORST COLLISION] scenario=7 k=8 obstacle=0 disc=1
[SQP] after_solve iter=9 converged=1 status=0 iterations=5 primal_residual=3.77519e-16 dual_residual=2.22859e-05 x_size=16 x_finite=1
[SQP LINESEARCH] iter=9 current_violation=0 accepted_violation=0 accepted=1 alpha=1 delta_u_norm=0.0554097
[SQP SUPPORT] iter=9 support_size=0 support_limit=-1 support_ok=1
[SQP FINAL] final_violation=0 violated_constraints=0
[SUPPORT FINAL] sqp_union=0 final_active=2 support_limit=-1
[SUPPORT FINAL IDS] 1 7
[SUPPORT UNION IDS]
[COLD START RECOVERY CHECK] ordinary_sqp_failed=0 seed_available=1 incompatible=0 try_homotopy=0
[HARNESS RESULT] step=16 success=1 controls=8 first_input_present=1
[MPC STEP METRICS] step=16 applied=1 success=1 fallback=0 a=-0.789001 omega=0.245527 dt=0.1 acceleration_weight=0.1 steering_weight=0.1 control_cost_unweighted=0.682806 control_cost_weighted=0.0682806 mpc_cost=-13.4213 solve_time=0.0383347 qp_solve_time=0.0259191 constraint_time=0.00730018 dro_risk_time=0 ambiguity_radius=0 certificate=not_requested
[EVAL SAFETY] step=17 min_center_distance=0.954577 min_clearance=0.00457679 collision_this_step=0 collision_run=0 collision_radius=0.95
[RF BACKUP] available=1 controls=8 states=9
[FREE POLY] k=1 disc=0 raw=40 facets=2 vertices=5 rho=4.8 anchor_shift=0
[FREE POLY] k=1 disc=1 raw=40 facets=1 vertices=5 rho=0.800001 anchor_shift=0
[FREE POLY] k=1 disc=2 raw=40 facets=5 vertices=8 rho=4.8 anchor_shift=0
[FREE POLY] k=2 disc=0 raw=40 facets=3 vertices=6 rho=5.6 anchor_shift=0
[FREE POLY] k=2 disc=1 raw=40 facets=2 vertices=5 rho=1.6 anchor_shift=0
[FREE POLY] k=2 disc=2 raw=40 facets=4 vertices=7 rho=5.6 anchor_shift=0
[FREE POLY] k=3 disc=0 raw=40 facets=4 vertices=7 rho=6.4 anchor_shift=0
[FREE POLY] k=3 disc=1 raw=40 facets=5 vertices=8 rho=2.4 anchor_shift=0
[FREE POLY] k=3 disc=2 raw=40 facets=5 vertices=8 rho=6.4 anchor_shift=0
[FREE POLY] k=4 disc=0 raw=40 facets=7 vertices=10 rho=7.2 anchor_shift=0
[FREE POLY] k=4 disc=1 raw=40 facets=6 vertices=9 rho=3.2 anchor_shift=0
[FREE POLY] k=4 disc=2 raw=40 facets=5 vertices=8 rho=7.2 anchor_shift=0
[FREE POLY] k=5 disc=0 raw=40 facets=4 vertices=7 rho=8 anchor_shift=0
[FREE POLY] k=5 disc=1 raw=40 facets=4 vertices=7 rho=4 anchor_shift=0
[FREE POLY] k=5 disc=2 raw=40 facets=3 vertices=6 rho=8 anchor_shift=0
[FREE POLY] k=6 disc=0 raw=40 facets=4 vertices=7 rho=8.8 anchor_shift=0
[FREE POLY] k=6 disc=1 raw=40 facets=5 vertices=8 rho=4.8 anchor_shift=0
[FREE POLY] k=6 disc=2 raw=40 facets=4 vertices=7 rho=8.8 anchor_shift=0
[FREE POLY] k=7 disc=0 raw=40 facets=5 vertices=8 rho=9.6 anchor_shift=0
[FREE POLY] k=7 disc=1 raw=40 facets=6 vertices=8 rho=5.6 anchor_shift=0
[FREE POLY] k=7 disc=2 raw=40 facets=5 vertices=8 rho=9.6 anchor_shift=0
[FREE POLY] k=8 disc=0 raw=40 facets=4 vertices=7 rho=10.4 anchor_shift=0
[FREE POLY] k=8 disc=1 raw=40 facets=6 vertices=9 rho=6.4 anchor_shift=0
[FREE POLY] k=8 disc=2 raw=40 facets=5 vertices=8 rho=10.4 anchor_shift=0
[RF SUPPORT SEED] removed=0 support_limit=-1
[SQP] before_solve iter=0 vars=16 constraints=136 max_d=0.0614684
[QP WORST] iter=0 row=98 type=collision d=0.0614684
[QP WORST COLLISION] scenario=39 k=8 obstacle=0 disc=1
[SQP] after_solve iter=0 converged=1 status=0 iterations=5 primal_residual=4.09395e-16 dual_residual=6.03464e-05 x_size=16 x_finite=1
[SQP LINESEARCH] iter=0 current_violation=0.0614684 accepted_violation=0 accepted=1 alpha=1 delta_u_norm=0.643254
[SQP SUPPORT] iter=0 support_size=0 support_limit=-1 support_ok=1
[SQP] before_solve iter=1 vars=16 constraints=136 max_d=-0.00345804
[QP WORST] iter=1 row=98 type=collision d=-0.00345804
[QP WORST COLLISION] scenario=39 k=8 obstacle=0 disc=1
[SQP] after_solve iter=1 converged=1 status=0 iterations=5 primal_residual=1.1812e-08 dual_residual=2.0768e-05 x_size=16 x_finite=1
[SQP LINESEARCH] iter=1 current_violation=0 accepted_violation=0 accepted=1 alpha=1 delta_u_norm=0.358251
[SQP SUPPORT] iter=1 support_size=0 support_limit=-1 support_ok=1
[SQP] before_solve iter=2 vars=16 constraints=136 max_d=-5.8337e-05
[QP WORST] iter=2 row=98 type=collision d=-5.8337e-05
[QP WORST COLLISION] scenario=39 k=8 obstacle=0 disc=1
[SQP] after_solve iter=2 converged=1 status=0 iterations=5 primal_residual=3.74267e-16 dual_residual=4.18964e-05 x_size=16 x_finite=1
[SQP LINESEARCH] iter=2 current_violation=0 accepted_violation=0 accepted=1 alpha=1 delta_u_norm=0.300508
[SQP SUPPORT] iter=2 support_size=0 support_limit=-1 support_ok=1
[SQP] before_solve iter=3 vars=16 constraints=136 max_d=-2.46571e-05
[QP WORST] iter=3 row=98 type=collision d=-2.46571e-05
[QP WORST COLLISION] scenario=39 k=8 obstacle=0 disc=1
[SQP] after_solve iter=3 converged=1 status=0 iterations=5 primal_residual=3.57353e-16 dual_residual=3.94277e-05 x_size=16 x_finite=1
[SQP LINESEARCH] iter=3 current_violation=0 accepted_violation=0 accepted=1 alpha=1 delta_u_norm=0.274935
[SQP SUPPORT] iter=3 support_size=0 support_limit=-1 support_ok=1
[SQP] before_solve iter=4 vars=16 constraints=136 max_d=-1.48276e-05
[QP WORST] iter=4 row=98 type=collision d=-1.48276e-05
[QP WORST COLLISION] scenario=39 k=8 obstacle=0 disc=1
[SQP] after_solve iter=4 converged=1 status=0 iterations=5 primal_residual=4.23273e-16 dual_residual=2.49989e-05 x_size=16 x_finite=1
[SQP LINESEARCH] iter=4 current_violation=0 accepted_violation=0 accepted=1 alpha=1 delta_u_norm=0.178085
[SQP SUPPORT] iter=4 support_size=0 support_limit=-1 support_ok=1
[SQP] before_solve iter=5 vars=16 constraints=136 max_d=-1.02312e-05
[QP WORST] iter=5 row=98 type=collision d=-1.02312e-05
[QP WORST COLLISION] scenario=39 k=8 obstacle=0 disc=1
[SQP] after_solve iter=5 converged=1 status=0 iterations=6 primal_residual=1.29839e-10 dual_residual=6.9453e-07 x_size=16 x_finite=1
[SQP LINESEARCH] iter=5 current_violation=0 accepted_violation=0 accepted=1 alpha=1 delta_u_norm=0.155263
[SQP SUPPORT] iter=5 support_size=0 support_limit=-1 support_ok=1
[SQP] before_solve iter=6 vars=16 constraints=136 max_d=-2.83583e-09
[QP WORST] iter=6 row=4 type=collision d=-2.83583e-09
[QP WORST COLLISION] scenario=28 k=1 obstacle=0 disc=2
[SQP] after_solve iter=6 converged=1 status=0 iterations=6 primal_residual=4.3715e-16 dual_residual=6.60297e-07 x_size=16 x_finite=1
[SQP LINESEARCH] iter=6 current_violation=0 accepted_violation=0 accepted=1 alpha=1 delta_u_norm=0.11258
[SQP SUPPORT] iter=6 support_size=0 support_limit=-1 support_ok=1
[SQP] before_solve iter=7 vars=16 constraints=136 max_d=-1.18272e-06
[QP WORST] iter=7 row=4 type=collision d=-1.18272e-06
[QP WORST COLLISION] scenario=28 k=1 obstacle=0 disc=2
[SQP] after_solve iter=7 converged=1 status=0 iterations=6 primal_residual=4.16334e-16 dual_residual=7.64619e-07 x_size=16 x_finite=1
[SQP LINESEARCH] iter=7 current_violation=0 accepted_violation=0 accepted=1 alpha=1 delta_u_norm=0.078481
[SQP SUPPORT] iter=7 support_size=0 support_limit=-1 support_ok=1
[SQP] before_solve iter=8 vars=16 constraints=136 max_d=-1.60374e-07
[QP WORST] iter=8 row=98 type=collision d=-1.60374e-07
[QP WORST COLLISION] scenario=39 k=8 obstacle=0 disc=1
[SQP] after_solve iter=8 converged=1 status=0 iterations=6 primal_residual=4.38885e-16 dual_residual=7.74691e-07 x_size=16 x_finite=1
[SQP LINESEARCH] iter=8 current_violation=0 accepted_violation=0 accepted=1 alpha=1 delta_u_norm=0.0743882
[SQP SUPPORT] iter=8 support_size=0 support_limit=-1 support_ok=1
[SQP] before_solve iter=9 vars=16 constraints=136 max_d=-1.48445e-07
[QP WORST] iter=9 row=98 type=collision d=-1.48445e-07
[QP WORST COLLISION] scenario=39 k=8 obstacle=0 disc=1
[SQP] after_solve iter=9 converged=1 status=0 iterations=6 primal_residual=4.32244e-16 dual_residual=7.7867e-07 x_size=16 x_finite=1
[SQP LINESEARCH] iter=9 current_violation=0 accepted_violation=0 accepted=1 alpha=1 delta_u_norm=0.070556
[SQP SUPPORT] iter=9 support_size=0 support_limit=-1 support_ok=1
[SQP FINAL] final_violation=0 violated_constraints=0
[SUPPORT FINAL] sqp_union=0 final_active=2 support_limit=-1
[SUPPORT FINAL IDS] 28 39
[SUPPORT UNION IDS]
[COLD START RECOVERY CHECK] ordinary_sqp_failed=0 seed_available=1 incompatible=0 try_homotopy=0
[HARNESS RESULT] step=17 success=1 controls=8 first_input_present=1
[MPC STEP METRICS] step=17 applied=1 success=1 fallback=0 a=0.32745 omega=0.377608 dt=0.1 acceleration_weight=0.1 steering_weight=0.1 control_cost_unweighted=0.249811 control_cost_weighted=0.0249811 mpc_cost=-12.3787 solve_time=0.038262 qp_solve_time=0.0257616 constraint_time=0.00750344 dro_risk_time=0 ambiguity_radius=0 certificate=not_requested
[EVAL SAFETY] step=18 min_center_distance=0.955317 min_clearance=0.00531661 collision_this_step=0 collision_run=0 collision_radius=0.95
[RF BACKUP] available=1 controls=8 states=9
[FREE POLY] k=1 disc=0 raw=40 facets=4 vertices=7 rho=4.8 anchor_shift=0
[FREE POLY] k=1 disc=1 raw=40 facets=2 vertices=6 rho=0.800001 anchor_shift=0
[FREE POLY] k=1 disc=2 raw=40 facets=4 vertices=7 rho=4.8 anchor_shift=0
[FREE POLY] k=2 disc=0 raw=40 facets=5 vertices=8 rho=5.6 anchor_shift=0
[FREE POLY] k=2 disc=1 raw=40 facets=4 vertices=7 rho=1.6 anchor_shift=0
[FREE POLY] k=2 disc=2 raw=40 facets=6 vertices=9 rho=5.6 anchor_shift=0
[FREE POLY] k=3 disc=0 raw=40 facets=4 vertices=7 rho=6.4 anchor_shift=0
[FREE POLY] k=3 disc=1 raw=40 facets=5 vertices=8 rho=2.4 anchor_shift=0
[FREE POLY] k=3 disc=2 raw=40 facets=5 vertices=8 rho=6.4 anchor_shift=0
[FREE POLY] k=4 disc=0 raw=40 facets=4 vertices=7 rho=7.2 anchor_shift=0
[FREE POLY] k=4 disc=1 raw=40 facets=5 vertices=8 rho=3.2 anchor_shift=0
[FREE POLY] k=4 disc=2 raw=40 facets=3 vertices=6 rho=7.2 anchor_shift=0
[FREE POLY] k=5 disc=0 raw=40 facets=5 vertices=8 rho=8 anchor_shift=0
[FREE POLY] k=5 disc=1 raw=40 facets=4 vertices=7 rho=4 anchor_shift=0
[FREE POLY] k=5 disc=2 raw=40 facets=3 vertices=6 rho=8 anchor_shift=0
[FREE POLY] k=6 disc=0 raw=40 facets=4 vertices=7 rho=8.8 anchor_shift=0
[FREE POLY] k=6 disc=1 raw=40 facets=3 vertices=5 rho=4.8 anchor_shift=0
[FREE POLY] k=6 disc=2 raw=40 facets=3 vertices=6 rho=8.8 anchor_shift=0
[FREE POLY] k=7 disc=0 raw=40 facets=3 vertices=6 rho=9.6 anchor_shift=0
[FREE POLY] k=7 disc=1 raw=40 facets=4 vertices=7 rho=5.6 anchor_shift=0
[FREE POLY] k=7 disc=2 raw=40 facets=4 vertices=7 rho=9.6 anchor_shift=0
[FREE POLY] k=8 disc=0 raw=40 facets=3 vertices=6 rho=10.4 anchor_shift=0
[FREE POLY] k=8 disc=1 raw=40 facets=4 vertices=7 rho=6.4 anchor_shift=0
[FREE POLY] k=8 disc=2 raw=40 facets=5 vertices=8 rho=10.4 anchor_shift=0
[RF SUPPORT SEED] removed=0 support_limit=-1
[SQP] before_solve iter=0 vars=16 constraints=128 max_d=0.0440484
[QP WORST] iter=0 row=87 type=collision d=0.0440484
[QP WORST COLLISION] scenario=22 k=8 obstacle=0 disc=1
[SQP] after_solve iter=0 converged=1 status=0 iterations=5 primal_residual=3.93782e-16 dual_residual=5.4826e-08 x_size=16 x_finite=1
[SQP LINESEARCH] iter=0 current_violation=0.0440484 accepted_violation=0 accepted=1 alpha=1 delta_u_norm=0.571232
[SQP SUPPORT] iter=0 support_size=0 support_limit=-1 support_ok=1
[SQP] before_solve iter=1 vars=16 constraints=128 max_d=-0.00125538
[QP WORST] iter=1 row=87 type=collision d=-0.00125538
[QP WORST COLLISION] scenario=22 k=8 obstacle=0 disc=1
[SQP] after_solve iter=1 converged=1 status=0 iterations=5 primal_residual=1.72113e-12 dual_residual=1.21695e-05 x_size=16 x_finite=1
[SQP LINESEARCH] iter=1 current_violation=0 accepted_violation=0 accepted=1 alpha=1 delta_u_norm=0.387563
[SQP SUPPORT] iter=1 support_size=0 support_limit=-1 support_ok=1
[SQP] before_solve iter=2 vars=16 constraints=128 max_d=-4.58559e-05
[QP WORST] iter=2 row=87 type=collision d=-4.58559e-05
[QP WORST COLLISION] scenario=22 k=8 obstacle=0 disc=1
[SQP] after_solve iter=2 converged=1 status=0 iterations=5 primal_residual=4.02456e-16 dual_residual=8.68784e-06 x_size=16 x_finite=1
[SQP LINESEARCH] iter=2 current_violation=0 accepted_violation=0 accepted=1 alpha=1 delta_u_norm=0.358502
[SQP SUPPORT] iter=2 support_size=0 support_limit=-1 support_ok=1
[SQP] before_solve iter=3 vars=16 constraints=128 max_d=-2.44596e-05
[QP WORST] iter=3 row=87 type=collision d=-2.44596e-05
[QP WORST COLLISION] scenario=22 k=8 obstacle=0 disc=1
[SQP] after_solve iter=3 converged=1 status=0 iterations=5 primal_residual=4.70346e-11 dual_residual=6.05629e-06 x_size=16 x_finite=1
[SQP LINESEARCH] iter=3 current_violation=0 accepted_violation=0 accepted=1 alpha=1 delta_u_norm=0.247919
[SQP SUPPORT] iter=3 support_size=0 support_limit=-1 support_ok=1
[SQP] before_solve iter=4 vars=16 constraints=128 max_d=-1.41542e-05
[QP WORST] iter=4 row=87 type=collision d=-1.41542e-05
[QP WORST COLLISION] scenario=22 k=8 obstacle=0 disc=1
[SQP] after_solve iter=4 converged=1 status=0 iterations=5 primal_residual=3.77046e-09 dual_residual=2.25185e-05 x_size=16 x_finite=1
[SQP LINESEARCH] iter=4 current_violation=0 accepted_violation=0 accepted=1 alpha=1 delta_u_norm=0.186624
[SQP SUPPORT] iter=4 support_size=0 support_limit=-1 support_ok=1
[SQP] before_solve iter=5 vars=16 constraints=128 max_d=-8.41564e-06
[QP WORST] iter=5 row=87 type=collision d=-8.41564e-06
[QP WORST COLLISION] scenario=22 k=8 obstacle=0 disc=1
[SQP] after_solve iter=5 converged=1 status=0 iterations=5 primal_residual=6.45493e-08 dual_residual=7.22342e-05 x_size=16 x_finite=1
[SQP LINESEARCH] iter=5 current_violation=0 accepted_violation=0 accepted=1 alpha=1 delta_u_norm=0.104274
[SQP SUPPORT] iter=5 support_size=0 support_limit=-1 support_ok=1
[SQP] before_solve iter=6 vars=16 constraints=128 max_d=-1.25297e-06
[QP WORST] iter=6 row=87 type=collision d=-1.25297e-06
[QP WORST COLLISION] scenario=22 k=8 obstacle=0 disc=1
[SQP] after_solve iter=6 converged=1 status=0 iterations=5 primal_residual=9.8485e-08 dual_residual=8.78238e-05 x_size=16 x_finite=1
[SQP LINESEARCH] iter=6 current_violation=0 accepted_violation=0 accepted=1 alpha=1 delta_u_norm=0.0970536
[SQP SUPPORT] iter=6 support_size=0 support_limit=-1 support_ok=1
[SQP] before_solve iter=7 vars=16 constraints=128 max_d=-2.85026e-07
[QP WORST] iter=7 row=87 type=collision d=-2.85026e-07
[QP WORST COLLISION] scenario=22 k=8 obstacle=0 disc=1
[SQP] after_solve iter=7 converged=1 status=0 iterations=5 primal_residual=1.16629e-07 dual_residual=9.95277e-05 x_size=16 x_finite=1
[SQP LINESEARCH] iter=7 current_violation=0 accepted_violation=0 accepted=1 alpha=1 delta_u_norm=0.0920096
[SQP SUPPORT] iter=7 support_size=0 support_limit=-1 support_ok=1
[SQP] before_solve iter=8 vars=16 constraints=128 max_d=-2.08365e-07
[QP WORST] iter=8 row=87 type=collision d=-2.08365e-07
[QP WORST COLLISION] scenario=22 k=8 obstacle=0 disc=1
[SQP] after_solve iter=8 converged=1 status=0 iterations=6 primal_residual=4.35416e-16 dual_residual=3.65133e-07 x_size=16 x_finite=1
[SQP LINESEARCH] iter=8 current_violation=0 accepted_violation=0 accepted=1 alpha=1 delta_u_norm=0.0881606
[SQP SUPPORT] iter=8 support_size=0 support_limit=-1 support_ok=1
[SQP] before_solve iter=9 vars=16 constraints=128 max_d=-2.74975e-07
[QP WORST] iter=9 row=87 type=collision d=-2.74975e-07
[QP WORST COLLISION] scenario=22 k=8 obstacle=0 disc=1
[SQP] after_solve iter=9 converged=1 status=0 iterations=6 primal_residual=4.11129e-16 dual_residual=7.83555e-07 x_size=16 x_finite=1
[SQP LINESEARCH] iter=9 current_violation=0 accepted_violation=0 accepted=1 alpha=1 delta_u_norm=0.083656
[SQP SUPPORT] iter=9 support_size=0 support_limit=-1 support_ok=1
[SQP FINAL] final_violation=0 violated_constraints=0
[SUPPORT FINAL] sqp_union=0 final_active=1 support_limit=-1
[SUPPORT FINAL IDS] 22
[SUPPORT UNION IDS]
[COLD START RECOVERY CHECK] ordinary_sqp_failed=0 seed_available=1 incompatible=0 try_homotopy=0
[HARNESS RESULT] step=18 success=1 controls=8 first_input_present=1
[MPC STEP METRICS] step=18 applied=1 success=1 fallback=0 a=0.514081 omega=0.50882 dt=0.1 acceleration_weight=0.1 steering_weight=0.1 control_cost_unweighted=0.523177 control_cost_weighted=0.0523177 mpc_cost=-11.0802 solve_time=0.0375897 qp_solve_time=0.025417 constraint_time=0.0072164 dro_risk_time=0 ambiguity_radius=0 certificate=not_requested
[EVAL SAFETY] step=19 min_center_distance=0.963549 min_clearance=0.013549 collision_this_step=0 collision_run=0 collision_radius=0.95
[RF BACKUP] available=1 controls=8 states=9
[FREE POLY] k=1 disc=0 raw=40 facets=2 vertices=5 rho=4.8 anchor_shift=0
[FREE POLY] k=1 disc=1 raw=40 facets=1 vertices=5 rho=0.800001 anchor_shift=0
[FREE POLY] k=1 disc=2 raw=40 facets=4 vertices=7 rho=4.8 anchor_shift=0
[FREE POLY] k=2 disc=0 raw=40 facets=4 vertices=7 rho=5.6 anchor_shift=0
[FREE POLY] k=2 disc=1 raw=40 facets=3 vertices=6 rho=1.6 anchor_shift=0
[FREE POLY] k=2 disc=2 raw=40 facets=5 vertices=8 rho=5.6 anchor_shift=0
[FREE POLY] k=3 disc=0 raw=40 facets=4 vertices=7 rho=6.4 anchor_shift=0
[FREE POLY] k=3 disc=1 raw=40 facets=5 vertices=8 rho=2.4 anchor_shift=0
[FREE POLY] k=3 disc=2 raw=40 facets=5 vertices=8 rho=6.4 anchor_shift=0
[FREE POLY] k=4 disc=0 raw=40 facets=3 vertices=6 rho=7.2 anchor_shift=0
[FREE POLY] k=4 disc=1 raw=40 facets=3 vertices=6 rho=3.2 anchor_shift=0
[FREE POLY] k=4 disc=2 raw=40 facets=4 vertices=7 rho=7.2 anchor_shift=0
[FREE POLY] k=5 disc=0 raw=40 facets=3 vertices=6 rho=8 anchor_shift=0
[FREE POLY] k=5 disc=1 raw=40 facets=3 vertices=6 rho=4 anchor_shift=0
[FREE POLY] k=5 disc=2 raw=40 facets=5 vertices=8 rho=8 anchor_shift=0
[FREE POLY] k=6 disc=0 raw=40 facets=4 vertices=7 rho=8.8 anchor_shift=0
[FREE POLY] k=6 disc=1 raw=40 facets=4 vertices=7 rho=4.8 anchor_shift=0
[FREE POLY] k=6 disc=2 raw=40 facets=5 vertices=8 rho=8.8 anchor_shift=0
[FREE POLY] k=7 disc=0 raw=40 facets=4 vertices=7 rho=9.6 anchor_shift=0
[FREE POLY] k=7 disc=1 raw=40 facets=4 vertices=7 rho=5.6 anchor_shift=0
[FREE POLY] k=7 disc=2 raw=40 facets=6 vertices=9 rho=9.6 anchor_shift=0
[FREE POLY] k=8 disc=0 raw=40 facets=4 vertices=7 rho=10.4 anchor_shift=0
[FREE POLY] k=8 disc=1 raw=40 facets=5 vertices=8 rho=6.4 anchor_shift=0
[FREE POLY] k=8 disc=2 raw=40 facets=5 vertices=8 rho=10.4 anchor_shift=0
[RF SUPPORT SEED] removed=0 support_limit=-1
[SQP] before_solve iter=0 vars=16 constraints=127 max_d=-0.0572488
[QP WORST] iter=0 row=74 type=collision d=-0.0572488
[QP WORST COLLISION] scenario=27 k=7 obstacle=0 disc=1
[SQP] after_solve iter=0 converged=1 status=0 iterations=6 primal_residual=9.53215e-10 dual_residual=2.18672e-05 x_size=16 x_finite=1
[SQP LINESEARCH] iter=0 current_violation=0 accepted_violation=0 accepted=1 alpha=0.5 delta_u_norm=0.853083
[SQP SUPPORT] iter=0 support_size=0 support_limit=-1 support_ok=1
[SQP] before_solve iter=1 vars=16 constraints=127 max_d=-0.0282229
[QP WORST] iter=1 row=74 type=collision d=-0.0282229
[QP WORST COLLISION] scenario=27 k=7 obstacle=0 disc=1
[SQP] after_solve iter=1 converged=1 status=0 iterations=6 primal_residual=2.68359e-08 dual_residual=7.29384e-05 x_size=16 x_finite=1
[SQP LINESEARCH] iter=1 current_violation=0 accepted_violation=0 accepted=1 alpha=0.5 delta_u_norm=0.578054
[SQP SUPPORT] iter=1 support_size=0 support_limit=-1 support_ok=1
[SQP] before_solve iter=2 vars=16 constraints=127 max_d=-0.0139807
[QP WORST] iter=2 row=74 type=collision d=-0.0139807
[QP WORST COLLISION] scenario=27 k=7 obstacle=0 disc=1
[SQP] after_solve iter=2 converged=1 status=0 iterations=7 primal_residual=4.26742e-16 dual_residual=9.12967e-05 x_size=16 x_finite=1
[SQP LINESEARCH] iter=2 current_violation=0 accepted_violation=0 accepted=1 alpha=0.5 delta_u_norm=0.334716
[SQP SUPPORT] iter=2 support_size=0 support_limit=-1 support_ok=1
[SQP] before_solve iter=3 vars=16 constraints=127 max_d=-0.0069535
[QP WORST] iter=3 row=74 type=collision d=-0.0069535
[QP WORST COLLISION] scenario=27 k=7 obstacle=0 disc=1
[SQP] after_solve iter=3 converged=1 status=0 iterations=6 primal_residual=6.72597e-08 dual_residual=7.9976e-05 x_size=16 x_finite=1
[SQP LINESEARCH] iter=3 current_violation=0 accepted_violation=0 accepted=1 alpha=0.5 delta_u_norm=0.216961
[SQP SUPPORT] iter=3 support_size=0 support_limit=-1 support_ok=1
[SQP] before_solve iter=4 vars=16 constraints=127 max_d=-0.00346781
[QP WORST] iter=4 row=74 type=collision d=-0.00346781
[QP WORST COLLISION] scenario=27 k=7 obstacle=0 disc=1
[SQP] after_solve iter=4 converged=1 status=0 iterations=6 primal_residual=3.89445e-16 dual_residual=7.55294e-05 x_size=16 x_finite=1
[SQP LINESEARCH] iter=4 current_violation=0 accepted_violation=0 accepted=1 alpha=0.5 delta_u_norm=0.16266
[SQP SUPPORT] iter=4 support_size=0 support_limit=-1 support_ok=1
[SQP] before_solve iter=5 vars=16 constraints=127 max_d=-0.00173173
[QP WORST] iter=5 row=74 type=collision d=-0.00173173
[QP WORST COLLISION] scenario=27 k=7 obstacle=0 disc=1
[SQP] after_solve iter=5 converged=1 status=0 iterations=6 primal_residual=4.3715e-16 dual_residual=8.3191e-05 x_size=16 x_finite=1
[SQP LINESEARCH] iter=5 current_violation=0 accepted_violation=0 accepted=1 alpha=0.5 delta_u_norm=0.140056
[SQP SUPPORT] iter=5 support_size=0 support_limit=-1 support_ok=1
[SQP] before_solve iter=6 vars=16 constraints=127 max_d=-0.000865332
[QP WORST] iter=6 row=74 type=collision d=-0.000865332
[QP WORST COLLISION] scenario=27 k=7 obstacle=0 disc=1
[SQP] after_solve iter=6 converged=1 status=0 iterations=6 primal_residual=4.13732e-16 dual_residual=8.78833e-05 x_size=16 x_finite=1
[SQP LINESEARCH] iter=6 current_violation=0 accepted_violation=0 accepted=1 alpha=0.5 delta_u_norm=0.128206
[SQP SUPPORT] iter=6 support_size=0 support_limit=-1 support_ok=1
[SQP] before_solve iter=7 vars=16 constraints=127 max_d=-0.000432486
[QP WORST] iter=7 row=74 type=collision d=-0.000432486
[QP WORST COLLISION] scenario=27 k=7 obstacle=0 disc=1
[SQP] after_solve iter=7 converged=1 status=0 iterations=6 primal_residual=3.16068e-09 dual_residual=9.28329e-05 x_size=16 x_finite=1
[SQP LINESEARCH] iter=7 current_violation=0 accepted_violation=0 accepted=1 alpha=0.5 delta_u_norm=0.120098
[SQP SUPPORT] iter=7 support_size=0 support_limit=-1 support_ok=1
[SQP] before_solve iter=8 vars=16 constraints=127 max_d=-0.000216177
[QP WORST] iter=8 row=74 type=collision d=-0.000216177
[QP WORST COLLISION] scenario=27 k=7 obstacle=0 disc=1
[SQP] after_solve iter=8 converged=1 status=0 iterations=7 primal_residual=5.97946e-10 dual_residual=1.66144e-05 x_size=16 x_finite=1
[SQP LINESEARCH] iter=8 current_violation=0 accepted_violation=0 accepted=1 alpha=0.5 delta_u_norm=0.119802
[SQP SUPPORT] iter=8 support_size=0 support_limit=-1 support_ok=1
[SQP] before_solve iter=9 vars=16 constraints=127 max_d=-0.000107792
[QP WORST] iter=9 row=74 type=collision d=-0.000107792
[QP WORST COLLISION] scenario=27 k=7 obstacle=0 disc=1
[SQP] after_solve iter=9 converged=1 status=0 iterations=7 primal_residual=5.49259e-10 dual_residual=1.85521e-05 x_size=16 x_finite=1
[SQP LINESEARCH] iter=9 current_violation=0 accepted_violation=0 accepted=1 alpha=0.5 delta_u_norm=0.111636
[SQP SUPPORT] iter=9 support_size=0 support_limit=-1 support_ok=1
[SQP FINAL] final_violation=0 violated_constraints=0
[SUPPORT FINAL] sqp_union=0 final_active=2 support_limit=-1
[SUPPORT FINAL IDS] 1 27
[SUPPORT UNION IDS]
[COLD START RECOVERY CHECK] ordinary_sqp_failed=0 seed_available=1 incompatible=0 try_homotopy=0
[HARNESS RESULT] step=19 success=1 controls=8 first_input_present=1
[MPC STEP METRICS] step=19 applied=1 success=1 fallback=0 a=0.443578 omega=-0.538713 dt=0.1 acceleration_weight=0.1 steering_weight=0.1 control_cost_unweighted=0.486973 control_cost_weighted=0.0486973 mpc_cost=-10.902 solve_time=0.0435974 qp_solve_time=0.0312631 constraint_time=0.0073299 dro_risk_time=0 ambiguity_radius=0 certificate=not_requested
[EVAL SAFETY] step=20 min_center_distance=1.16018 min_clearance=0.210177 collision_this_step=0 collision_run=0 collision_radius=0.95
[RF BACKUP] available=1 controls=8 states=9
[FREE POLY] k=1 disc=0 raw=40 facets=5 vertices=8 rho=4.8 anchor_shift=0
[FREE POLY] k=1 disc=1 raw=40 facets=2 vertices=5 rho=0.800001 anchor_shift=0
[FREE POLY] k=1 disc=2 raw=40 facets=5 vertices=8 rho=4.8 anchor_shift=0
[FREE POLY] k=2 disc=0 raw=40 facets=3 vertices=6 rho=5.6 anchor_shift=0
[FREE POLY] k=2 disc=1 raw=40 facets=3 vertices=6 rho=1.6 anchor_shift=0
[FREE POLY] k=2 disc=2 raw=40 facets=4 vertices=7 rho=5.6 anchor_shift=0
[FREE POLY] k=3 disc=0 raw=40 facets=5 vertices=8 rho=6.4 anchor_shift=0
[FREE POLY] k=3 disc=1 raw=40 facets=4 vertices=7 rho=2.4 anchor_shift=0
[FREE POLY] k=3 disc=2 raw=40 facets=5 vertices=8 rho=6.4 anchor_shift=0
[FREE POLY] k=4 disc=0 raw=40 facets=4 vertices=7 rho=7.2 anchor_shift=0
[FREE POLY] k=4 disc=1 raw=40 facets=3 vertices=6 rho=3.2 anchor_shift=0
[FREE POLY] k=4 disc=2 raw=40 facets=5 vertices=8 rho=7.2 anchor_shift=0
[FREE POLY] k=5 disc=0 raw=40 facets=4 vertices=7 rho=8 anchor_shift=0
[FREE POLY] k=5 disc=1 raw=40 facets=5 vertices=8 rho=4 anchor_shift=0
[FREE POLY] k=5 disc=2 raw=40 facets=7 vertices=10 rho=8 anchor_shift=0
[FREE POLY] k=6 disc=0 raw=40 facets=4 vertices=7 rho=8.8 anchor_shift=0
[FREE POLY] k=6 disc=1 raw=40 facets=5 vertices=8 rho=4.8 anchor_shift=0
[FREE POLY] k=6 disc=2 raw=40 facets=7 vertices=10 rho=8.8 anchor_shift=0
[FREE POLY] k=7 disc=0 raw=40 facets=4 vertices=7 rho=9.6 anchor_shift=0
[FREE POLY] k=7 disc=1 raw=40 facets=5 vertices=8 rho=5.6 anchor_shift=0
[FREE POLY] k=7 disc=2 raw=40 facets=6 vertices=10 rho=9.6 anchor_shift=0
[FREE POLY] k=8 disc=0 raw=40 facets=4 vertices=7 rho=10.4 anchor_shift=0
[FREE POLY] k=8 disc=1 raw=40 facets=5 vertices=8 rho=6.4 anchor_shift=0
[FREE POLY] k=8 disc=2 raw=40 facets=6 vertices=9 rho=10.4 anchor_shift=0
[RF SUPPORT SEED] removed=0 support_limit=-1
[SQP] before_solve iter=0 vars=16 constraints=142 max_d=-0.0438
[QP WORST] iter=0 row=71 type=collision d=-0.0438
[QP WORST COLLISION] scenario=34 k=6 obstacle=0 disc=1
[SQP] after_solve iter=0 converged=1 status=0 iterations=6 primal_residual=3.60822e-16 dual_residual=6.19417e-05 x_size=16 x_finite=1
[SQP LINESEARCH] iter=0 current_violation=0 accepted_violation=0 accepted=1 alpha=0.5 delta_u_norm=0.689599
[SQP SUPPORT] iter=0 support_size=0 support_limit=-1 support_ok=1
[SQP] before_solve iter=1 vars=16 constraints=142 max_d=-0.0220661
[QP WORST] iter=1 row=71 type=collision d=-0.0220661
[QP WORST COLLISION] scenario=34 k=6 obstacle=0 disc=1
[SQP] after_solve iter=1 converged=1 status=0 iterations=6 primal_residual=4.44089e-16 dual_residual=6.67117e-05 x_size=16 x_finite=1
[SQP LINESEARCH] iter=1 current_violation=0 accepted_violation=0 accepted=1 alpha=0.5 delta_u_norm=0.556411
[SQP SUPPORT] iter=1 support_size=0 support_limit=-1 support_ok=1
[SQP] before_solve iter=2 vars=16 constraints=142 max_d=-0.0109894
[QP WORST] iter=2 row=71 type=collision d=-0.0109894
[QP WORST COLLISION] scenario=34 k=6 obstacle=0 disc=1
[SQP] after_solve iter=2 converged=1 status=0 iterations=8 primal_residual=2.05031e-09 dual_residual=2.25406e-05 x_size=16 x_finite=1
[SQP LINESEARCH] iter=2 current_violation=0 accepted_violation=0 accepted=1 alpha=0.5 delta_u_norm=0.408235
[SQP SUPPORT] iter=2 support_size=0 support_limit=-1 support_ok=1
[SQP] before_solve iter=3 vars=16 constraints=142 max_d=-0.00548197
[QP WORST] iter=3 row=71 type=collision d=-0.00548197
[QP WORST COLLISION] scenario=34 k=6 obstacle=0 disc=1
[SQP] after_solve iter=3 converged=1 status=0 iterations=11 primal_residual=4.25007e-16 dual_residual=5.98089e-05 x_size=16 x_finite=1
[SQP LINESEARCH] iter=3 current_violation=0 accepted_violation=0 accepted=1 alpha=0.5 delta_u_norm=0.250835
[SQP SUPPORT] iter=3 support_size=0 support_limit=-1 support_ok=1
[SQP] before_solve iter=4 vars=16 constraints=142 max_d=-0.00274313
[QP WORST] iter=4 row=71 type=collision d=-0.00274313
[QP WORST COLLISION] scenario=34 k=6 obstacle=0 disc=1
[SQP] after_solve iter=4 converged=1 status=0 iterations=12 primal_residual=4.3715e-16 dual_residual=3.35635e-06 x_size=16 x_finite=1
[SQP LINESEARCH] iter=4 current_violation=0 accepted_violation=0 accepted=1 alpha=0.5 delta_u_norm=0.18844
[SQP SUPPORT] iter=4 support_size=0 support_limit=-1 support_ok=1
[SQP] before_solve iter=5 vars=16 constraints=142 max_d=-0.00137065
[QP WORST] iter=5 row=71 type=collision d=-0.00137065
[QP WORST COLLISION] scenario=34 k=6 obstacle=0 disc=1
[SQP] after_solve iter=5 converged=1 status=0 iterations=7 primal_residual=3.88578e-16 dual_residual=2.44368e-05 x_size=16 x_finite=1
[SQP LINESEARCH] iter=5 current_violation=0 accepted_violation=0 accepted=1 alpha=1 delta_u_norm=0.163344
[SQP SUPPORT] iter=5 support_size=0 support_limit=-1 support_ok=1
[SQP] before_solve iter=6 vars=16 constraints=142 max_d=-2.64843e-07
[QP WORST] iter=6 row=71 type=collision d=-2.64843e-07
[QP WORST COLLISION] scenario=34 k=6 obstacle=0 disc=1
[SQP] after_solve iter=6 converged=1 status=0 iterations=7 primal_residual=4.78784e-16 dual_residual=3.23423e-05 x_size=16 x_finite=1
[SQP LINESEARCH] iter=6 current_violation=0 accepted_violation=0 accepted=1 alpha=0.25 delta_u_norm=0.141313
[SQP SUPPORT] iter=6 support_size=0 support_limit=-1 support_ok=1
[SQP] before_solve iter=7 vars=16 constraints=142 max_d=-1.67218e-07
[QP WORST] iter=7 row=71 type=collision d=-1.67218e-07
[QP WORST COLLISION] scenario=34 k=6 obstacle=0 disc=1
[SQP] after_solve iter=7 converged=1 status=0 iterations=7 primal_residual=4.70977e-16 dual_residual=4.77097e-05 x_size=16 x_finite=1
[SQP LINESEARCH] iter=7 current_violation=0 accepted_violation=0 accepted=1 alpha=0.25 delta_u_norm=0.138285
[SQP SUPPORT] iter=7 support_size=0 support_limit=-1 support_ok=1
[SQP] before_solve iter=8 vars=16 constraints=142 max_d=-1.19814e-07
[QP WORST] iter=8 row=71 type=collision d=-1.19814e-07
[QP WORST COLLISION] scenario=34 k=6 obstacle=0 disc=1
[SQP] after_solve iter=8 converged=1 status=0 iterations=7 primal_residual=4.19369e-16 dual_residual=5.69793e-05 x_size=16 x_finite=1
[SQP LINESEARCH] iter=8 current_violation=0 accepted_violation=0 accepted=1 alpha=0.25 delta_u_norm=0.134572
[SQP SUPPORT] iter=8 support_size=0 support_limit=-1 support_ok=1
[SQP] before_solve iter=9 vars=16 constraints=142 max_d=-9.46378e-08
[QP WORST] iter=9 row=71 type=collision d=-9.46378e-08
[QP WORST COLLISION] scenario=34 k=6 obstacle=0 disc=1
[SQP] after_solve iter=9 converged=1 status=0 iterations=7 primal_residual=4.16767e-16 dual_residual=7.7572e-05 x_size=16 x_finite=1
[SQP LINESEARCH] iter=9 current_violation=0 accepted_violation=0 accepted=1 alpha=0.25 delta_u_norm=0.128573
[SQP SUPPORT] iter=9 support_size=0 support_limit=-1 support_ok=1
[SQP FINAL] final_violation=0 violated_constraints=0
[SUPPORT FINAL] sqp_union=0 final_active=3 support_limit=-1
[SUPPORT FINAL IDS] 11 24 34
[SUPPORT UNION IDS]
[COLD START RECOVERY CHECK] ordinary_sqp_failed=0 seed_available=1 incompatible=0 try_homotopy=0
[HARNESS RESULT] step=20 success=1 controls=8 first_input_present=1
[MPC STEP METRICS] step=20 applied=1 success=1 fallback=0 a=0.396993 omega=-0.282943 dt=0.1 acceleration_weight=0.1 steering_weight=0.1 control_cost_unweighted=0.23766 control_cost_weighted=0.023766 mpc_cost=-10.7477 solve_time=0.0464708 qp_solve_time=0.0337034 constraint_time=0.0077189 dro_risk_time=0 ambiguity_radius=0 certificate=not_requested
[EVAL SAFETY] step=21 min_center_distance=1.32394 min_clearance=0.37394 collision_this_step=0 collision_run=0 collision_radius=0.95
[PATH COMPLETION] step=21 completion_progress=4.07696 path_length=25 fraction=0.163078 required_fraction=0.95 termination_enabled=1 completed=0
[RF BACKUP] available=1 controls=8 states=9
[FREE POLY] k=1 disc=0 raw=40 facets=3 vertices=6 rho=4.8 anchor_shift=0
[FREE POLY] k=1 disc=1 raw=40 facets=3 vertices=6 rho=0.800001 anchor_shift=0
[FREE POLY] k=1 disc=2 raw=40 facets=4 vertices=7 rho=4.8 anchor_shift=0
[FREE POLY] k=2 disc=0 raw=40 facets=3 vertices=6 rho=5.6 anchor_shift=0
[FREE POLY] k=2 disc=1 raw=40 facets=4 vertices=7 rho=1.6 anchor_shift=0
[FREE POLY] k=2 disc=2 raw=40 facets=4 vertices=7 rho=5.6 anchor_shift=0
[FREE POLY] k=3 disc=0 raw=40 facets=4 vertices=7 rho=6.4 anchor_shift=0
[FREE POLY] k=3 disc=1 raw=40 facets=4 vertices=7 rho=2.4 anchor_shift=0
[FREE POLY] k=3 disc=2 raw=40 facets=4 vertices=7 rho=6.4 anchor_shift=0
[FREE POLY] k=4 disc=0 raw=40 facets=6 vertices=9 rho=7.2 anchor_shift=0
[FREE POLY] k=4 disc=1 raw=40 facets=6 vertices=9 rho=3.2 anchor_shift=0
[FREE POLY] k=4 disc=2 raw=40 facets=5 vertices=8 rho=7.2 anchor_shift=0
[FREE POLY] k=5 disc=0 raw=40 facets=5 vertices=8 rho=8 anchor_shift=0
[FREE POLY] k=5 disc=1 raw=40 facets=5 vertices=8 rho=4 anchor_shift=0
[FREE POLY] k=5 disc=2 raw=40 facets=5 vertices=9 rho=8 anchor_shift=0
[FREE POLY] k=6 disc=0 raw=40 facets=5 vertices=8 rho=8.8 anchor_shift=0
[FREE POLY] k=6 disc=1 raw=40 facets=4 vertices=7 rho=4.8 anchor_shift=0
[FREE POLY] k=6 disc=2 raw=40 facets=5 vertices=9 rho=8.8 anchor_shift=0
[FREE POLY] k=7 disc=0 raw=40 facets=5 vertices=8 rho=9.6 anchor_shift=0
[FREE POLY] k=7 disc=1 raw=40 facets=4 vertices=7 rho=5.6 anchor_shift=0
[FREE POLY] k=7 disc=2 raw=40 facets=4 vertices=7 rho=9.6 anchor_shift=0
[FREE POLY] k=8 disc=0 raw=40 facets=6 vertices=9 rho=10.4 anchor_shift=0
[FREE POLY] k=8 disc=1 raw=40 facets=5 vertices=8 rho=6.4 anchor_shift=0
[FREE POLY] k=8 disc=2 raw=40 facets=4 vertices=7 rho=10.4 anchor_shift=0
[RF SUPPORT SEED] removed=0 support_limit=-1
[SQP] before_solve iter=0 vars=16 constraints=139 max_d=-0.000992133
[QP WORST] iter=0 row=71 type=collision d=-0.000992133
[QP WORST COLLISION] scenario=10 k=6 obstacle=0 disc=1
[SQP] after_solve iter=0 converged=1 status=0 iterations=7 primal_residual=3.88578e-16 dual_residual=4.354e-05 x_size=16 x_finite=1
[SQP LINESEARCH] iter=0 current_violation=0 accepted_violation=0 accepted=1 alpha=0.5 delta_u_norm=0.454954
[SQP SUPPORT] iter=0 support_size=0 support_limit=-1 support_ok=1
[SQP] before_solve iter=1 vars=16 constraints=139 max_d=-0.000467923
[QP WORST] iter=1 row=71 type=collision d=-0.000467923
[QP WORST COLLISION] scenario=10 k=6 obstacle=0 disc=1
[SQP] after_solve iter=1 converged=1 status=0 iterations=7 primal_residual=4.40972e-16 dual_residual=5.15666e-05 x_size=16 x_finite=1
[SQP LINESEARCH] iter=1 current_violation=0 accepted_violation=0 accepted=1 alpha=0.5 delta_u_norm=0.39766
[SQP SUPPORT] iter=1 support_size=0 support_limit=-1 support_ok=1
[SQP] before_solve iter=2 vars=16 constraints=139 max_d=-0.000223705
[QP WORST] iter=2 row=71 type=collision d=-0.000223705
[QP WORST COLLISION] scenario=10 k=6 obstacle=0 disc=1
[SQP] after_solve iter=2 converged=1 status=0 iterations=7 primal_residual=3.83374e-16 dual_residual=5.44998e-05 x_size=16 x_finite=1
[SQP LINESEARCH] iter=2 current_violation=0 accepted_violation=0 accepted=1 alpha=0.5 delta_u_norm=0.360495
[SQP SUPPORT] iter=2 support_size=0 support_limit=-1 support_ok=1
[SQP] before_solve iter=3 vars=16 constraints=139 max_d=-0.000108215
[QP WORST] iter=3 row=71 type=collision d=-0.000108215
[QP WORST COLLISION] scenario=10 k=6 obstacle=0 disc=1
[SQP] after_solve iter=3 converged=1 status=0 iterations=7 primal_residual=4.43276e-16 dual_residual=5.4909e-05 x_size=16 x_finite=1
[SQP LINESEARCH] iter=3 current_violation=0 accepted_violation=0 accepted=1 alpha=0.5 delta_u_norm=0.327189
[SQP SUPPORT] iter=3 support_size=0 support_limit=-1 support_ok=1
[SQP] before_solve iter=4 vars=16 constraints=139 max_d=-5.30008e-05
[QP WORST] iter=4 row=71 type=collision d=-5.30008e-05
[QP WORST COLLISION] scenario=10 k=6 obstacle=0 disc=1
[SQP] after_solve iter=4 converged=1 status=0 iterations=7 primal_residual=3.96384e-16 dual_residual=6.08997e-05 x_size=16 x_finite=1
[SQP LINESEARCH] iter=4 current_violation=0 accepted_violation=0 accepted=1 alpha=0.5 delta_u_norm=0.223885
[SQP SUPPORT] iter=4 support_size=0 support_limit=-1 support_ok=1
[SQP] before_solve iter=5 vars=16 constraints=139 max_d=-2.6433e-05
[QP WORST] iter=5 row=71 type=collision d=-2.6433e-05
[QP WORST COLLISION] scenario=10 k=6 obstacle=0 disc=1
[SQP] after_solve iter=5 converged=1 status=0 iterations=7 primal_residual=3.54317e-16 dual_residual=6.13401e-05 x_size=16 x_finite=1
[SQP LINESEARCH] iter=5 current_violation=0 accepted_violation=0 accepted=1 alpha=1 delta_u_norm=0.165178
[SQP SUPPORT] iter=5 support_size=0 support_limit=-1 support_ok=1
[SQP] before_solve iter=6 vars=16 constraints=139 max_d=-1.33053e-07
[QP WORST] iter=6 row=71 type=collision d=-1.33053e-07
[QP WORST COLLISION] scenario=10 k=6 obstacle=0 disc=1
[SQP] after_solve iter=6 converged=1 status=0 iterations=7 primal_residual=4.15737e-16 dual_residual=7.8169e-05 x_size=16 x_finite=1
[SQP LINESEARCH] iter=6 current_violation=0 accepted_violation=0 accepted=1 alpha=1 delta_u_norm=0.130435
[SQP SUPPORT] iter=6 support_size=0 support_limit=-1 support_ok=1
[SQP] before_solve iter=7 vars=16 constraints=139 max_d=-5.42579e-07
[QP WORST] iter=7 row=56 type=collision d=-5.42579e-07
[QP WORST COLLISION] scenario=10 k=5 obstacle=0 disc=1
[SQP] after_solve iter=7 converged=1 status=0 iterations=7 primal_residual=4.48243e-16 dual_residual=8.22797e-05 x_size=16 x_finite=1
[SQP LINESEARCH] iter=7 current_violation=0 accepted_violation=0 accepted=1 alpha=1 delta_u_norm=0.121333
[SQP SUPPORT] iter=7 support_size=0 support_limit=-1 support_ok=1
[SQP] before_solve iter=8 vars=16 constraints=139 max_d=-6.15862e-07
[QP WORST] iter=8 row=56 type=collision d=-6.15862e-07
[QP WORST COLLISION] scenario=10 k=5 obstacle=0 disc=1
[SQP] after_solve iter=8 converged=1 status=0 iterations=7 primal_residual=3.85109e-16 dual_residual=7.46239e-05 x_size=16 x_finite=1
[SQP LINESEARCH] iter=8 current_violation=0 accepted_violation=0 accepted=1 alpha=1 delta_u_norm=0.113261
[SQP SUPPORT] iter=8 support_size=0 support_limit=-1 support_ok=1
[SQP] before_solve iter=9 vars=16 constraints=139 max_d=-4.14016e-07
[QP WORST] iter=9 row=56 type=collision d=-4.14016e-07
[QP WORST COLLISION] scenario=10 k=5 obstacle=0 disc=1
[SQP] after_solve iter=9 converged=1 status=0 iterations=7 primal_residual=4.11129e-16 dual_residual=6.97512e-05 x_size=16 x_finite=1
[SQP LINESEARCH] iter=9 current_violation=0 accepted_violation=0 accepted=1 alpha=1 delta_u_norm=0.105984
[SQP SUPPORT] iter=9 support_size=0 support_limit=-1 support_ok=1
[SQP FINAL] final_violation=0 violated_constraints=0
[SUPPORT FINAL] sqp_union=0 final_active=1 support_limit=-1
[SUPPORT FINAL IDS] 10
[SUPPORT UNION IDS]
[COLD START RECOVERY CHECK] ordinary_sqp_failed=0 seed_available=1 incompatible=0 try_homotopy=0
[HARNESS RESULT] step=21 success=1 controls=8 first_input_present=1
[MPC STEP METRICS] step=21 applied=1 success=1 fallback=0 a=0.658487 omega=-0.680206 dt=0.1 acceleration_weight=0.1 steering_weight=0.1 control_cost_unweighted=0.896286 control_cost_weighted=0.0896286 mpc_cost=-9.91155 solve_time=0.0408337 qp_solve_time=0.0283506 constraint_time=0.00752467 dro_risk_time=0 ambiguity_radius=0 certificate=not_requested
[EVAL SAFETY] step=22 min_center_distance=1.19952 min_clearance=0.249521 collision_this_step=0 collision_run=0 collision_radius=0.95
[RF BACKUP] available=1 controls=8 states=9
[FREE POLY] k=1 disc=0 raw=40 facets=5 vertices=8 rho=4.8 anchor_shift=0
[FREE POLY] k=1 disc=1 raw=40 facets=3 vertices=7 rho=0.800001 anchor_shift=0
[FREE POLY] k=1 disc=2 raw=40 facets=4 vertices=7 rho=4.8 anchor_shift=0
[FREE POLY] k=2 disc=0 raw=40 facets=5 vertices=8 rho=5.6 anchor_shift=0
[FREE POLY] k=2 disc=1 raw=40 facets=5 vertices=8 rho=1.6 anchor_shift=0
[FREE POLY] k=2 disc=2 raw=40 facets=5 vertices=8 rho=5.6 anchor_shift=0
[FREE POLY] k=3 disc=0 raw=40 facets=4 vertices=7 rho=6.4 anchor_shift=0
[FREE POLY] k=3 disc=1 raw=40 facets=3 vertices=6 rho=2.4 anchor_shift=0
[FREE POLY] k=3 disc=2 raw=40 facets=3 vertices=6 rho=6.4 anchor_shift=0
[FREE POLY] k=4 disc=0 raw=40 facets=4 vertices=7 rho=7.2 anchor_shift=0
[FREE POLY] k=4 disc=1 raw=40 facets=3 vertices=6 rho=3.2 anchor_shift=0
[FREE POLY] k=4 disc=2 raw=40 facets=4 vertices=8 rho=7.2 anchor_shift=0
[FREE POLY] k=5 disc=0 raw=40 facets=3 vertices=6 rho=8 anchor_shift=0
[FREE POLY] k=5 disc=1 raw=40 facets=4 vertices=7 rho=4 anchor_shift=0
[FREE POLY] k=5 disc=2 raw=40 facets=5 vertices=9 rho=8 anchor_shift=0
[FREE POLY] k=6 disc=0 raw=40 facets=4 vertices=7 rho=8.8 anchor_shift=0
[FREE POLY] k=6 disc=1 raw=40 facets=5 vertices=8 rho=4.8 anchor_shift=0
[FREE POLY] k=6 disc=2 raw=40 facets=5 vertices=8 rho=8.8 anchor_shift=0
[FREE POLY] k=7 disc=0 raw=40 facets=4 vertices=7 rho=9.6 anchor_shift=0
[FREE POLY] k=7 disc=1 raw=40 facets=5 vertices=8 rho=5.6 anchor_shift=0
[FREE POLY] k=7 disc=2 raw=40 facets=5 vertices=8 rho=9.6 anchor_shift=0
[FREE POLY] k=8 disc=0 raw=40 facets=4 vertices=7 rho=10.4 anchor_shift=0
[FREE POLY] k=8 disc=1 raw=40 facets=5 vertices=8 rho=6.4 anchor_shift=0
[FREE POLY] k=8 disc=2 raw=40 facets=5 vertices=8 rho=10.4 anchor_shift=0
[RF SUPPORT SEED] removed=0 support_limit=-1
[SQP] before_solve iter=0 vars=16 constraints=134 max_d=-0.0186778
[QP WORST] iter=0 row=43 type=collision d=-0.0186778
[QP WORST COLLISION] scenario=34 k=4 obstacle=0 disc=1
[SQP] after_solve iter=0 converged=1 status=0 iterations=6 primal_residual=4.30211e-16 dual_residual=7.02139e-05 x_size=16 x_finite=1
[SQP LINESEARCH] iter=0 current_violation=0 accepted_violation=0 accepted=1 alpha=0.5 delta_u_norm=0.396564
[SQP SUPPORT] iter=0 support_size=0 support_limit=-1 support_ok=1
[SQP] before_solve iter=1 vars=16 constraints=134 max_d=-0.00930092
[QP WORST] iter=1 row=43 type=collision d=-0.00930092
[QP WORST COLLISION] scenario=34 k=4 obstacle=0 disc=1
[SQP] after_solve iter=1 converged=1 status=0 iterations=6 primal_residual=1.37737e-08 dual_residual=8.92467e-05 x_size=16 x_finite=1
[SQP LINESEARCH] iter=1 current_violation=0 accepted_violation=0 accepted=1 alpha=0.5 delta_u_norm=0.301522
[SQP SUPPORT] iter=1 support_size=0 support_limit=-1 support_ok=1
[SQP] before_solve iter=2 vars=16 constraints=134 max_d=-0.00464078
[QP WORST] iter=2 row=43 type=collision d=-0.00464078
[QP WORST COLLISION] scenario=34 k=4 obstacle=0 disc=1
[SQP] after_solve iter=2 converged=1 status=0 iterations=6 primal_residual=4.02456e-16 dual_residual=3.35184e-05 x_size=16 x_finite=1
[SQP LINESEARCH] iter=2 current_violation=0 accepted_violation=0 accepted=1 alpha=0.5 delta_u_norm=0.251371
[SQP SUPPORT] iter=2 support_size=0 support_limit=-1 support_ok=1
[SQP] before_solve iter=3 vars=16 constraints=134 max_d=-0.00231974
[QP WORST] iter=3 row=43 type=collision d=-0.00231974
[QP WORST COLLISION] scenario=34 k=4 obstacle=0 disc=1
[SQP] after_solve iter=3 converged=1 status=0 iterations=6 primal_residual=4.4371e-16 dual_residual=3.87551e-05 x_size=16 x_finite=1
[SQP LINESEARCH] iter=3 current_violation=0 accepted_violation=0 accepted=1 alpha=0.5 delta_u_norm=0.220544
[SQP SUPPORT] iter=3 support_size=0 support_limit=-1 support_ok=1
[SQP] before_solve iter=4 vars=16 constraints=134 max_d=-0.00116899
[QP WORST] iter=4 row=43 type=collision d=-0.00116899
[QP WORST COLLISION] scenario=34 k=4 obstacle=0 disc=1
[SQP] after_solve iter=4 converged=1 status=0 iterations=6 primal_residual=4.21971e-16 dual_residual=3.98974e-05 x_size=16 x_finite=1
[SQP LINESEARCH] iter=4 current_violation=0 accepted_violation=0 accepted=1 alpha=0.5 delta_u_norm=0.19917
[SQP SUPPORT] iter=4 support_size=0 support_limit=-1 support_ok=1
[SQP] before_solve iter=5 vars=16 constraints=134 max_d=-0.000596612
[QP WORST] iter=5 row=43 type=collision d=-0.000596612
[QP WORST COLLISION] scenario=34 k=4 obstacle=0 disc=1
[SQP] after_solve iter=5 converged=1 status=0 iterations=6 primal_residual=4.30076e-16 dual_residual=3.70803e-05 x_size=16 x_finite=1
[SQP LINESEARCH] iter=5 current_violation=0 accepted_violation=0 accepted=1 alpha=0.5 delta_u_norm=0.184953
[SQP SUPPORT] iter=5 support_size=0 support_limit=-1 support_ok=1
[SQP] before_solve iter=6 vars=16 constraints=134 max_d=-0.00031098
[QP WORST] iter=6 row=43 type=collision d=-0.00031098
[QP WORST COLLISION] scenario=34 k=4 obstacle=0 disc=1
[SQP] after_solve iter=6 converged=1 status=0 iterations=6 primal_residual=4.36066e-16 dual_residual=3.52061e-05 x_size=16 x_finite=1
[SQP LINESEARCH] iter=6 current_violation=0 accepted_violation=0 accepted=1 alpha=0.5 delta_u_norm=0.174651
[SQP SUPPORT] iter=6 support_size=0 support_limit=-1 support_ok=1
[SQP] before_solve iter=7 vars=16 constraints=134 max_d=-0.000168622
[QP WORST] iter=7 row=43 type=collision d=-0.000168622
[QP WORST COLLISION] scenario=34 k=4 obstacle=0 disc=1
[SQP] after_solve iter=7 converged=1 status=0 iterations=6 primal_residual=4.31241e-16 dual_residual=3.48761e-05 x_size=16 x_finite=1
[SQP LINESEARCH] iter=7 current_violation=0 accepted_violation=0 accepted=1 alpha=0.5 delta_u_norm=0.166181
[SQP SUPPORT] iter=7 support_size=0 support_limit=-1 support_ok=1
[SQP] before_solve iter=8 vars=16 constraints=134 max_d=-8.98987e-05
[QP WORST] iter=8 row=54 type=collision d=-8.98987e-05
[QP WORST COLLISION] scenario=34 k=5 obstacle=0 disc=1
[SQP] after_solve iter=8 converged=1 status=0 iterations=6 primal_residual=3.93511e-16 dual_residual=3.6344e-05 x_size=16 x_finite=1
[SQP LINESEARCH] iter=8 current_violation=0 accepted_violation=0 accepted=1 alpha=1 delta_u_norm=0.158602
[SQP SUPPORT] iter=8 support_size=0 support_limit=-1 support_ok=1
[SQP] before_solve iter=9 vars=16 constraints=134 max_d=-4.87384e-09
[QP WORST] iter=9 row=54 type=collision d=-4.87384e-09
[QP WORST COLLISION] scenario=34 k=5 obstacle=0 disc=1
[SQP] after_solve iter=9 converged=1 status=0 iterations=6 primal_residual=4.20223e-16 dual_residual=3.95998e-05 x_size=16 x_finite=1
[SQP LINESEARCH] iter=9 current_violation=0 accepted_violation=0 accepted=1 alpha=1 delta_u_norm=0.140412
[SQP SUPPORT] iter=9 support_size=0 support_limit=-1 support_ok=1
[SQP FINAL] final_violation=0 violated_constraints=0
[SUPPORT FINAL] sqp_union=0 final_active=1 support_limit=-1
[SUPPORT FINAL IDS] 34
[SUPPORT UNION IDS]
[COLD START RECOVERY CHECK] ordinary_sqp_failed=0 seed_available=1 incompatible=0 try_homotopy=0
[HARNESS RESULT] step=22 success=1 controls=8 first_input_present=1
[MPC STEP METRICS] step=22 applied=1 success=1 fallback=0 a=0.604436 omega=-0.797023 dt=0.1 acceleration_weight=0.1 steering_weight=0.1 control_cost_unweighted=1.00059 control_cost_weighted=0.100059 mpc_cost=-9.75095 solve_time=0.0424584 qp_solve_time=0.0301238 constraint_time=0.00741857 dro_risk_time=0 ambiguity_radius=0 certificate=not_requested
[EVAL SAFETY] step=23 min_center_distance=1.10149 min_clearance=0.15149 collision_this_step=0 collision_run=0 collision_radius=0.95
[RF BACKUP] available=1 controls=8 states=9
[FREE POLY] k=1 disc=0 raw=40 facets=3 vertices=6 rho=4.8 anchor_shift=0
[FREE POLY] k=1 disc=1 raw=40 facets=2 vertices=5 rho=0.800001 anchor_shift=0
[FREE POLY] k=1 disc=2 raw=40 facets=2 vertices=5 rho=4.8 anchor_shift=0
[FREE POLY] k=2 disc=0 raw=40 facets=4 vertices=7 rho=5.6 anchor_shift=0
[FREE POLY] k=2 disc=1 raw=40 facets=4 vertices=7 rho=1.6 anchor_shift=0
[FREE POLY] k=2 disc=2 raw=40 facets=3 vertices=7 rho=5.6 anchor_shift=0
[FREE POLY] k=3 disc=0 raw=40 facets=5 vertices=8 rho=6.4 anchor_shift=0
[FREE POLY] k=3 disc=1 raw=40 facets=3 vertices=6 rho=2.4 anchor_shift=0
[FREE POLY] k=3 disc=2 raw=40 facets=3 vertices=7 rho=6.4 anchor_shift=0
[FREE POLY] k=4 disc=0 raw=40 facets=4 vertices=7 rho=7.2 anchor_shift=0
[FREE POLY] k=4 disc=1 raw=40 facets=3 vertices=6 rho=3.2 anchor_shift=0
[FREE POLY] k=4 disc=2 raw=40 facets=4 vertices=7 rho=7.2 anchor_shift=0
[FREE POLY] k=5 disc=0 raw=40 facets=4 vertices=7 rho=8 anchor_shift=0
[FREE POLY] k=5 disc=1 raw=40 facets=4 vertices=7 rho=4 anchor_shift=0
[FREE POLY] k=5 disc=2 raw=40 facets=3 vertices=6 rho=8 anchor_shift=0
[FREE POLY] k=6 disc=0 raw=40 facets=6 vertices=9 rho=8.8 anchor_shift=0
[FREE POLY] k=6 disc=1 raw=40 facets=5 vertices=8 rho=4.8 anchor_shift=0
[FREE POLY] k=6 disc=2 raw=40 facets=5 vertices=8 rho=8.8 anchor_shift=0
[FREE POLY] k=7 disc=0 raw=40 facets=6 vertices=9 rho=9.6 anchor_shift=0
[FREE POLY] k=7 disc=1 raw=40 facets=6 vertices=9 rho=5.6 anchor_shift=0
[FREE POLY] k=7 disc=2 raw=40 facets=5 vertices=8 rho=9.6 anchor_shift=0
[FREE POLY] k=8 disc=0 raw=40 facets=5 vertices=8 rho=10.4 anchor_shift=0
[FREE POLY] k=8 disc=1 raw=40 facets=5 vertices=8 rho=6.4 anchor_shift=0
[FREE POLY] k=8 disc=2 raw=40 facets=5 vertices=8 rho=10.4 anchor_shift=0
[RF SUPPORT SEED] removed=0 support_limit=-1
[SQP] before_solve iter=0 vars=16 constraints=131 max_d=-0.0126216
[QP WORST] iter=0 row=23 type=collision d=-0.0126216
[QP WORST COLLISION] scenario=12 k=3 obstacle=0 disc=1
[SQP] after_solve iter=0 converged=1 status=0 iterations=6 primal_residual=3.747e-16 dual_residual=1.21043e-05 x_size=16 x_finite=1
[SQP LINESEARCH] iter=0 current_violation=0 accepted_violation=0 accepted=1 alpha=0.5 delta_u_norm=0.328168
[SQP SUPPORT] iter=0 support_size=0 support_limit=-1 support_ok=1
[SQP] before_solve iter=1 vars=16 constraints=131 max_d=-0.00629712
[QP WORST] iter=1 row=23 type=collision d=-0.00629712
[QP WORST COLLISION] scenario=12 k=3 obstacle=0 disc=1
[SQP] after_solve iter=1 converged=1 status=0 iterations=6 primal_residual=4.30211e-16 dual_residual=9.10614e-06 x_size=16 x_finite=1
[SQP LINESEARCH] iter=1 current_violation=0 accepted_violation=0 accepted=1 alpha=0.5 delta_u_norm=0.228318
[SQP SUPPORT] iter=1 support_size=0 support_limit=-1 support_ok=1
[SQP] before_solve iter=2 vars=16 constraints=131 max_d=-0.00314602
[QP WORST] iter=2 row=23 type=collision d=-0.00314602
[QP WORST COLLISION] scenario=12 k=3 obstacle=0 disc=1
[SQP] after_solve iter=2 converged=1 status=0 iterations=6 primal_residual=7.41928e-11 dual_residual=2.12672e-06 x_size=16 x_finite=1
[SQP LINESEARCH] iter=2 current_violation=0 accepted_violation=0 accepted=1 alpha=0.5 delta_u_norm=0.187198
[SQP SUPPORT] iter=2 support_size=0 support_limit=-1 support_ok=1
[SQP] before_solve iter=3 vars=16 constraints=131 max_d=-0.0015723
[QP WORST] iter=3 row=23 type=collision d=-0.0015723
[QP WORST COLLISION] scenario=12 k=3 obstacle=0 disc=1
[SQP] after_solve iter=3 converged=1 status=0 iterations=5 primal_residual=5.2695e-08 dual_residual=9.81902e-05 x_size=16 x_finite=1
[SQP LINESEARCH] iter=3 current_violation=0 accepted_violation=0 accepted=1 alpha=0.5 delta_u_norm=0.17026
[SQP SUPPORT] iter=3 support_size=0 support_limit=-1 support_ok=1
[SQP] before_solve iter=4 vars=16 constraints=131 max_d=-0.000800963
[QP WORST] iter=4 row=23 type=collision d=-0.000800963
[QP WORST COLLISION] scenario=12 k=3 obstacle=0 disc=1
[SQP] after_solve iter=4 converged=1 status=0 iterations=5 primal_residual=5.90696e-08 dual_residual=8.02909e-05 x_size=16 x_finite=1
[SQP LINESEARCH] iter=4 current_violation=0 accepted_violation=0 accepted=1 alpha=0.5 delta_u_norm=0.159576
[SQP SUPPORT] iter=4 support_size=0 support_limit=-1 support_ok=1
[SQP] before_solve iter=5 vars=16 constraints=131 max_d=-0.000411919
[QP WORST] iter=5 row=23 type=collision d=-0.000411919
[QP WORST COLLISION] scenario=12 k=3 obstacle=0 disc=1
[SQP] after_solve iter=5 converged=1 status=0 iterations=5 primal_residual=4.16915e-08 dual_residual=6.63022e-05 x_size=16 x_finite=1
[SQP LINESEARCH] iter=5 current_violation=0 accepted_violation=0 accepted=1 alpha=0.5 delta_u_norm=0.152462
[SQP SUPPORT] iter=5 support_size=0 support_limit=-1 support_ok=1
[SQP] before_solve iter=6 vars=16 constraints=131 max_d=-0.000217934
[QP WORST] iter=6 row=23 type=collision d=-0.000217934
[QP WORST COLLISION] scenario=12 k=3 obstacle=0 disc=1
[SQP] after_solve iter=6 converged=1 status=0 iterations=5 primal_residual=2.03226e-08 dual_residual=8.67505e-05 x_size=16 x_finite=1
[SQP LINESEARCH] iter=6 current_violation=0 accepted_violation=0 accepted=1 alpha=1 delta_u_norm=0.147042
[SQP SUPPORT] iter=6 support_size=0 support_limit=-1 support_ok=1
[SQP] before_solve iter=7 vars=16 constraints=131 max_d=-1.17381e-07
[QP WORST] iter=7 row=33 type=collision d=-1.17381e-07
[QP WORST COLLISION] scenario=12 k=4 obstacle=0 disc=1
[SQP] after_solve iter=7 converged=1 status=0 iterations=6 primal_residual=4.35416e-16 dual_residual=6.70896e-06 x_size=16 x_finite=1
[SQP LINESEARCH] iter=7 current_violation=0 accepted_violation=0 accepted=1 alpha=0.5 delta_u_norm=0.137469
[SQP SUPPORT] iter=7 support_size=0 support_limit=-1 support_ok=1
[SQP] before_solve iter=8 vars=16 constraints=131 max_d=-4.98578e-08
[QP WORST] iter=8 row=33 type=collision d=-4.98578e-08
[QP WORST COLLISION] scenario=12 k=4 obstacle=0 disc=1
[SQP] after_solve iter=8 converged=1 status=0 iterations=6 primal_residual=4.02456e-16 dual_residual=6.18589e-06 x_size=16 x_finite=1
[SQP LINESEARCH] iter=8 current_violation=0 accepted_violation=0 accepted=1 alpha=0.5 delta_u_norm=0.133459
[SQP SUPPORT] iter=8 support_size=0 support_limit=-1 support_ok=1
[SQP] before_solve iter=9 vars=16 constraints=131 max_d=-2.35654e-08
[QP WORST] iter=9 row=33 type=collision d=-2.35654e-08
[QP WORST COLLISION] scenario=12 k=4 obstacle=0 disc=1
[SQP] after_solve iter=9 converged=1 status=0 iterations=6 primal_residual=4.05925e-16 dual_residual=5.94697e-06 x_size=16 x_finite=1
[SQP LINESEARCH] iter=9 current_violation=0 accepted_violation=0 accepted=1 alpha=1 delta_u_norm=0.129725
[SQP SUPPORT] iter=9 support_size=0 support_limit=-1 support_ok=1
[SQP FINAL] final_violation=0 violated_constraints=0
[SUPPORT FINAL] sqp_union=0 final_active=2 support_limit=-1
[SUPPORT FINAL IDS] 12 32
[SUPPORT UNION IDS]
[COLD START RECOVERY CHECK] ordinary_sqp_failed=0 seed_available=1 incompatible=0 try_homotopy=0
[HARNESS RESULT] step=23 success=1 controls=8 first_input_present=1
[MPC STEP METRICS] step=23 applied=1 success=1 fallback=0 a=0.622473 omega=-0.174619 dt=0.1 acceleration_weight=0.1 steering_weight=0.1 control_cost_unweighted=0.417964 control_cost_weighted=0.0417964 mpc_cost=-9.79487 solve_time=0.043422 qp_solve_time=0.0304352 constraint_time=0.00789974 dro_risk_time=0 ambiguity_radius=0 certificate=not_requested
[EVAL SAFETY] step=24 min_center_distance=1.03692 min_clearance=0.0869167 collision_this_step=0 collision_run=0 collision_radius=0.95
[RF BACKUP] available=1 controls=8 states=9
[FREE POLY] k=1 disc=0 raw=40 facets=3 vertices=6 rho=4.8 anchor_shift=0
[FREE POLY] k=1 disc=1 raw=40 facets=3 vertices=6 rho=0.800001 anchor_shift=0
[FREE POLY] k=1 disc=2 raw=40 facets=4 vertices=8 rho=4.8 anchor_shift=0
[FREE POLY] k=2 disc=0 raw=40 facets=5 vertices=8 rho=5.6 anchor_shift=0
[FREE POLY] k=2 disc=1 raw=40 facets=4 vertices=7 rho=1.6 anchor_shift=0
[FREE POLY] k=2 disc=2 raw=40 facets=5 vertices=9 rho=5.6 anchor_shift=0
[FREE POLY] k=3 disc=0 raw=40 facets=6 vertices=9 rho=6.4 anchor_shift=0
[FREE POLY] k=3 disc=1 raw=40 facets=4 vertices=7 rho=2.4 anchor_shift=0
[FREE POLY] k=3 disc=2 raw=40 facets=3 vertices=6 rho=6.4 anchor_shift=0
[FREE POLY] k=4 disc=0 raw=40 facets=4 vertices=7 rho=7.2 anchor_shift=0
[FREE POLY] k=4 disc=1 raw=40 facets=4 vertices=7 rho=3.2 anchor_shift=0
[FREE POLY] k=4 disc=2 raw=40 facets=4 vertices=7 rho=7.2 anchor_shift=0
[FREE POLY] k=5 disc=0 raw=40 facets=4 vertices=7 rho=8 anchor_shift=0
[FREE POLY] k=5 disc=1 raw=40 facets=5 vertices=8 rho=4 anchor_shift=0
[FREE POLY] k=5 disc=2 raw=40 facets=4 vertices=7 rho=8 anchor_shift=0
[FREE POLY] k=6 disc=0 raw=40 facets=5 vertices=8 rho=8.8 anchor_shift=0
[FREE POLY] k=6 disc=1 raw=40 facets=4 vertices=7 rho=4.8 anchor_shift=0
[FREE POLY] k=6 disc=2 raw=40 facets=5 vertices=8 rho=8.8 anchor_shift=0
[FREE POLY] k=7 disc=0 raw=40 facets=4 vertices=7 rho=9.6 anchor_shift=0
[FREE POLY] k=7 disc=1 raw=40 facets=4 vertices=7 rho=5.6 anchor_shift=0
[FREE POLY] k=7 disc=2 raw=40 facets=5 vertices=8 rho=9.6 anchor_shift=0
[FREE POLY] k=8 disc=0 raw=40 facets=3 vertices=5 rho=10.4 anchor_shift=0
[FREE POLY] k=8 disc=1 raw=40 facets=4 vertices=7 rho=6.4 anchor_shift=0
[FREE POLY] k=8 disc=2 raw=40 facets=4 vertices=7 rho=10.4 anchor_shift=0
[RF SUPPORT SEED] removed=0 support_limit=-1
[SQP] before_solve iter=0 vars=16 constraints=132 max_d=-0.0123665
[QP WORST] iter=0 row=33 type=collision d=-0.0123665
[QP WORST COLLISION] scenario=39 k=3 obstacle=0 disc=1
[SQP] after_solve iter=0 converged=1 status=0 iterations=6 primal_residual=1.34929e-13 dual_residual=1.47667e-09 x_size=16 x_finite=1
[SQP LINESEARCH] iter=0 current_violation=0 accepted_violation=0 accepted=1 alpha=1 delta_u_norm=0.542195
[SQP SUPPORT] iter=0 support_size=0 support_limit=-1 support_ok=1
[SQP] before_solve iter=1 vars=16 constraints=132 max_d=-0.0106187
[QP WORST] iter=1 row=33 type=collision d=-0.0106187
[QP WORST COLLISION] scenario=39 k=3 obstacle=0 disc=1
[SQP] after_solve iter=1 converged=1 status=0 iterations=5 primal_residual=6.09204e-08 dual_residual=5.38442e-05 x_size=16 x_finite=1
[SQP LINESEARCH] iter=1 current_violation=0 accepted_violation=0 accepted=1 alpha=1 delta_u_norm=0.446299
[SQP SUPPORT] iter=1 support_size=0 support_limit=-1 support_ok=1
[SQP] before_solve iter=2 vars=16 constraints=132 max_d=-0.00921822
[QP WORST] iter=2 row=33 type=collision d=-0.00921822
[QP WORST COLLISION] scenario=39 k=3 obstacle=0 disc=1
[SQP] after_solve iter=2 converged=1 status=0 iterations=6 primal_residual=4.30211e-16 dual_residual=1.05996e-07 x_size=16 x_finite=1
[SQP LINESEARCH] iter=2 current_violation=0 accepted_violation=0 accepted=1 alpha=1 delta_u_norm=0.376744
[SQP SUPPORT] iter=2 support_size=0 support_limit=-1 support_ok=1
[SQP] before_solve iter=3 vars=16 constraints=132 max_d=-0.00807475
[QP WORST] iter=3 row=33 type=collision d=-0.00807475
[QP WORST COLLISION] scenario=39 k=3 obstacle=0 disc=1
[SQP] after_solve iter=3 converged=1 status=0 iterations=6 primal_residual=4.44089e-16 dual_residual=3.0652e-06 x_size=16 x_finite=1
[SQP LINESEARCH] iter=3 current_violation=0 accepted_violation=0 accepted=1 alpha=1 delta_u_norm=0.324116
[SQP SUPPORT] iter=3 support_size=0 support_limit=-1 support_ok=1
[SQP] before_solve iter=4 vars=16 constraints=132 max_d=-0.00713681
[QP WORST] iter=4 row=33 type=collision d=-0.00713681
[QP WORST COLLISION] scenario=39 k=3 obstacle=0 disc=1
[SQP] after_solve iter=4 converged=1 status=0 iterations=6 primal_residual=5.83619e-11 dual_residual=2.24771e-05 x_size=16 x_finite=1
[SQP LINESEARCH] iter=4 current_violation=0 accepted_violation=0 accepted=1 alpha=1 delta_u_norm=0.280947
[SQP SUPPORT] iter=4 support_size=0 support_limit=-1 support_ok=1
[SQP] before_solve iter=5 vars=16 constraints=132 max_d=-0.00636017
[QP WORST] iter=5 row=33 type=collision d=-0.00636017
[QP WORST COLLISION] scenario=39 k=3 obstacle=0 disc=1
[SQP] after_solve iter=5 converged=1 status=0 iterations=6 primal_residual=1.57201e-11 dual_residual=8.11987e-06 x_size=16 x_finite=1
[SQP LINESEARCH] iter=5 current_violation=0 accepted_violation=0 accepted=1 alpha=1 delta_u_norm=0.239654
[SQP SUPPORT] iter=5 support_size=0 support_limit=-1 support_ok=1
[SQP] before_solve iter=6 vars=16 constraints=132 max_d=-0.00571129
[QP WORST] iter=6 row=33 type=collision d=-0.00571129
[QP WORST COLLISION] scenario=39 k=3 obstacle=0 disc=1
[SQP] after_solve iter=6 converged=1 status=0 iterations=6 primal_residual=2.88051e-11 dual_residual=1.0511e-05 x_size=16 x_finite=1
[SQP LINESEARCH] iter=6 current_violation=0 accepted_violation=0 accepted=1 alpha=1 delta_u_norm=0.212732
[SQP SUPPORT] iter=6 support_size=0 support_limit=-1 support_ok=1
[SQP] before_solve iter=7 vars=16 constraints=132 max_d=-0.00516448
[QP WORST] iter=7 row=33 type=collision d=-0.00516448
[QP WORST COLLISION] scenario=39 k=3 obstacle=0 disc=1
[SQP] after_solve iter=7 converged=1 status=0 iterations=6 primal_residual=4.81579e-10 dual_residual=1.74646e-05 x_size=16 x_finite=1
[SQP LINESEARCH] iter=7 current_violation=0 accepted_violation=0 accepted=1 alpha=1 delta_u_norm=0.19073
[SQP SUPPORT] iter=7 support_size=0 support_limit=-1 support_ok=1
[SQP] before_solve iter=8 vars=16 constraints=132 max_d=-0.00470065
[QP WORST] iter=8 row=33 type=collision d=-0.00470065
[QP WORST COLLISION] scenario=39 k=3 obstacle=0 disc=1
[SQP] after_solve iter=8 converged=1 status=0 iterations=6 primal_residual=1.25979e-09 dual_residual=2.17202e-05 x_size=16 x_finite=1
[SQP LINESEARCH] iter=8 current_violation=0 accepted_violation=0 accepted=1 alpha=1 delta_u_norm=0.172262
[SQP SUPPORT] iter=8 support_size=0 support_limit=-1 support_ok=1
[SQP] before_solve iter=9 vars=16 constraints=132 max_d=-0.00430462
[QP WORST] iter=9 row=33 type=collision d=-0.00430462
[QP WORST COLLISION] scenario=39 k=3 obstacle=0 disc=1
[SQP] after_solve iter=9 converged=1 status=0 iterations=6 primal_residual=2.22903e-09 dual_residual=2.43057e-05 x_size=16 x_finite=1
[SQP LINESEARCH] iter=9 current_violation=0 accepted_violation=0 accepted=1 alpha=1 delta_u_norm=0.156565
[SQP SUPPORT] iter=9 support_size=0 support_limit=-1 support_ok=1
[SQP FINAL] final_violation=0 violated_constraints=0
[SUPPORT FINAL] sqp_union=0 final_active=0 support_limit=-1
[SUPPORT FINAL IDS]
[SUPPORT UNION IDS]
[COLD START RECOVERY CHECK] ordinary_sqp_failed=0 seed_available=1 incompatible=0 try_homotopy=0
[HARNESS RESULT] step=24 success=1 controls=8 first_input_present=1
[MPC STEP METRICS] step=24 applied=1 success=1 fallback=0 a=-1.56318 omega=0.8 dt=0.1 acceleration_weight=0.1 steering_weight=0.1 control_cost_unweighted=3.08353 control_cost_weighted=0.308353 mpc_cost=-9.34015 solve_time=0.0380706 qp_solve_time=0.0254334 constraint_time=0.0076501 dro_risk_time=0 ambiguity_radius=0 certificate=not_requested
[EVAL SAFETY] step=25 min_center_distance=1.00092 min_clearance=0.0509229 collision_this_step=0 collision_run=0 collision_radius=0.95
[RF BACKUP] available=1 controls=8 states=9
[FREE POLY] k=1 disc=0 raw=40 facets=4 vertices=7 rho=4.8 anchor_shift=0
[FREE POLY] k=1 disc=1 raw=40 facets=3 vertices=6 rho=0.800001 anchor_shift=0
[FREE POLY] k=1 disc=2 raw=40 facets=4 vertices=8 rho=4.8 anchor_shift=0
[FREE POLY] k=2 disc=0 raw=40 facets=4 vertices=7 rho=5.6 anchor_shift=0
[FREE POLY] k=2 disc=1 raw=40 facets=6 vertices=9 rho=1.6 anchor_shift=0
[FREE POLY] k=2 disc=2 raw=40 facets=5 vertices=9 rho=5.6 anchor_shift=0
[FREE POLY] k=3 disc=0 raw=40 facets=6 vertices=9 rho=6.4 anchor_shift=0
[FREE POLY] k=3 disc=1 raw=40 facets=5 vertices=8 rho=2.4 anchor_shift=0
[FREE POLY] k=3 disc=2 raw=40 facets=5 vertices=8 rho=6.4 anchor_shift=0
[FREE POLY] k=4 disc=0 raw=40 facets=5 vertices=8 rho=7.2 anchor_shift=0
[FREE POLY] k=4 disc=1 raw=40 facets=6 vertices=9 rho=3.2 anchor_shift=0
[FREE POLY] k=4 disc=2 raw=40 facets=7 vertices=10 rho=7.2 anchor_shift=0
[FREE POLY] k=5 disc=0 raw=40 facets=5 vertices=8 rho=8 anchor_shift=0
[FREE POLY] k=5 disc=1 raw=40 facets=3 vertices=6 rho=4 anchor_shift=0
[FREE POLY] k=5 disc=2 raw=40 facets=5 vertices=8 rho=8 anchor_shift=0
[FREE POLY] k=6 disc=0 raw=40 facets=5 vertices=8 rho=8.8 anchor_shift=0
[FREE POLY] k=6 disc=1 raw=40 facets=4 vertices=7 rho=4.8 anchor_shift=0
[FREE POLY] k=6 disc=2 raw=40 facets=5 vertices=8 rho=8.8 anchor_shift=0
[FREE POLY] k=7 disc=0 raw=40 facets=5 vertices=7 rho=9.6 anchor_shift=0
[FREE POLY] k=7 disc=1 raw=40 facets=5 vertices=8 rho=5.6 anchor_shift=0
[FREE POLY] k=7 disc=2 raw=40 facets=5 vertices=8 rho=9.6 anchor_shift=0
[FREE POLY] k=8 disc=0 raw=40 facets=5 vertices=8 rho=10.4 anchor_shift=0
[FREE POLY] k=8 disc=1 raw=40 facets=5 vertices=7 rho=6.4 anchor_shift=0
[FREE POLY] k=8 disc=2 raw=40 facets=4 vertices=7 rho=10.4 anchor_shift=0
[RF SUPPORT SEED] removed=0 support_limit=-1
[SQP] before_solve iter=0 vars=16 constraints=148 max_d=-0.0197132
[QP WORST] iter=0 row=18 type=collision d=-0.0197132
[QP WORST COLLISION] scenario=16 k=2 obstacle=0 disc=1
[SQP] after_solve iter=0 converged=1 status=0 iterations=6 primal_residual=8.46552e-12 dual_residual=1.19685e-07 x_size=16 x_finite=1
[SQP LINESEARCH] iter=0 current_violation=0 accepted_violation=0 accepted=1 alpha=1 delta_u_norm=0.268627
[SQP SUPPORT] iter=0 support_size=0 support_limit=-1 support_ok=1
[SQP] before_solve iter=1 vars=16 constraints=148 max_d=-0.0197467
[QP WORST] iter=1 row=18 type=collision d=-0.0197467
[QP WORST COLLISION] scenario=16 k=2 obstacle=0 disc=1
[SQP] after_solve iter=1 converged=1 status=0 iterations=6 primal_residual=8.02552e-12 dual_residual=1.34739e-07 x_size=16 x_finite=1
[SQP LINESEARCH] iter=1 current_violation=0 accepted_violation=0 accepted=1 alpha=1 delta_u_norm=0.209901
[SQP SUPPORT] iter=1 support_size=0 support_limit=-1 support_ok=1
[SQP] before_solve iter=2 vars=16 constraints=148 max_d=-0.0196989
[QP WORST] iter=2 row=18 type=collision d=-0.0196989
[QP WORST COLLISION] scenario=16 k=2 obstacle=0 disc=1
[SQP] after_solve iter=2 converged=1 status=0 iterations=6 primal_residual=7.08824e-12 dual_residual=1.48141e-07 x_size=16 x_finite=1
[SQP LINESEARCH] iter=2 current_violation=0 accepted_violation=0 accepted=1 alpha=1 delta_u_norm=0.189864
[SQP SUPPORT] iter=2 support_size=0 support_limit=-1 support_ok=1
[SQP] before_solve iter=3 vars=16 constraints=148 max_d=-0.0196398
[QP WORST] iter=3 row=18 type=collision d=-0.0196398
[QP WORST COLLISION] scenario=16 k=2 obstacle=0 disc=1
[SQP] after_solve iter=3 converged=1 status=0 iterations=6 primal_residual=5.52485e-12 dual_residual=1.49918e-07 x_size=16 x_finite=1
[SQP LINESEARCH] iter=3 current_violation=0 accepted_violation=0 accepted=1 alpha=1 delta_u_norm=0.176436
[SQP SUPPORT] iter=3 support_size=0 support_limit=-1 support_ok=1
[SQP] before_solve iter=4 vars=16 constraints=148 max_d=-0.0195857
[QP WORST] iter=4 row=18 type=collision d=-0.0195857
[QP WORST COLLISION] scenario=16 k=2 obstacle=0 disc=1
[SQP] after_solve iter=4 converged=1 status=0 iterations=6 primal_residual=3.74102e-12 dual_residual=1.41462e-07 x_size=16 x_finite=1
[SQP LINESEARCH] iter=4 current_violation=0 accepted_violation=0 accepted=1 alpha=1 delta_u_norm=0.165709
[SQP SUPPORT] iter=4 support_size=0 support_limit=-1 support_ok=1
[SQP] before_solve iter=5 vars=16 constraints=148 max_d=-0.0195393
[QP WORST] iter=5 row=18 type=collision d=-0.0195393
[QP WORST COLLISION] scenario=16 k=2 obstacle=0 disc=1
[SQP] after_solve iter=5 converged=1 status=0 iterations=6 primal_residual=2.53634e-12 dual_residual=1.26878e-07 x_size=16 x_finite=1
[SQP LINESEARCH] iter=5 current_violation=0 accepted_violation=0 accepted=1 alpha=1 delta_u_norm=0.156623
[SQP SUPPORT] iter=5 support_size=0 support_limit=-1 support_ok=1
[SQP] before_solve iter=6 vars=16 constraints=148 max_d=-0.0195001
[QP WORST] iter=6 row=18 type=collision d=-0.0195001
[QP WORST COLLISION] scenario=16 k=2 obstacle=0 disc=1
[SQP] after_solve iter=6 converged=1 status=0 iterations=6 primal_residual=3.50797e-12 dual_residual=1.20251e-07 x_size=16 x_finite=1
[SQP LINESEARCH] iter=6 current_violation=0 accepted_violation=0 accepted=1 alpha=1 delta_u_norm=0.14865
[SQP SUPPORT] iter=6 support_size=0 support_limit=-1 support_ok=1
[SQP] before_solve iter=7 vars=16 constraints=148 max_d=-0.019467
[QP WORST] iter=7 row=18 type=collision d=-0.019467
[QP WORST COLLISION] scenario=16 k=2 obstacle=0 disc=1
[SQP] after_solve iter=7 converged=1 status=0 iterations=6 primal_residual=6.33887e-12 dual_residual=1.06844e-07 x_size=16 x_finite=1
[SQP LINESEARCH] iter=7 current_violation=0 accepted_violation=0 accepted=1 alpha=1 delta_u_norm=0.141487
[SQP SUPPORT] iter=7 support_size=0 support_limit=-1 support_ok=1
[SQP] before_solve iter=8 vars=16 constraints=148 max_d=-0.019439
[QP WORST] iter=8 row=18 type=collision d=-0.019439
[QP WORST COLLISION] scenario=16 k=2 obstacle=0 disc=1
[SQP] after_solve iter=8 converged=1 status=0 iterations=6 primal_residual=1.14767e-11 dual_residual=3.72546e-07 x_size=16 x_finite=1
[SQP LINESEARCH] iter=8 current_violation=0 accepted_violation=0 accepted=1 alpha=1 delta_u_norm=0.134943
[SQP SUPPORT] iter=8 support_size=0 support_limit=-1 support_ok=1
[SQP] before_solve iter=9 vars=16 constraints=148 max_d=-0.0194151
[QP WORST] iter=9 row=18 type=collision d=-0.0194151
[QP WORST COLLISION] scenario=16 k=2 obstacle=0 disc=1
[SQP] after_solve iter=9 converged=1 status=0 iterations=6 primal_residual=1.30652e-11 dual_residual=1.46614e-06 x_size=16 x_finite=1
[SQP LINESEARCH] iter=9 current_violation=0 accepted_violation=0 accepted=1 alpha=1 delta_u_norm=0.128879
[SQP SUPPORT] iter=9 support_size=0 support_limit=-1 support_ok=1
[SQP FINAL] final_violation=0 violated_constraints=0
[SUPPORT FINAL] sqp_union=0 final_active=0 support_limit=-1
[SUPPORT FINAL IDS]
[SUPPORT UNION IDS]
[COLD START RECOVERY CHECK] ordinary_sqp_failed=0 seed_available=1 incompatible=0 try_homotopy=0
[HARNESS RESULT] step=25 success=1 controls=8 first_input_present=1
[MPC STEP METRICS] step=25 applied=1 success=1 fallback=0 a=-0.29099 omega=0.8 dt=0.1 acceleration_weight=0.1 steering_weight=0.1 control_cost_unweighted=0.724675 control_cost_weighted=0.0724675 mpc_cost=-9.65247 solve_time=0.0390305 qp_solve_time=0.0260326 constraint_time=0.0079201 dro_risk_time=0 ambiguity_radius=0 certificate=not_requested
[EVAL SAFETY] step=26 min_center_distance=0.984245 min_clearance=0.0342454 collision_this_step=0 collision_run=0 collision_radius=0.95
[RF BACKUP] available=1 controls=8 states=9
[FREE POLY] k=1 disc=0 raw=40 facets=4 vertices=7 rho=4.8 anchor_shift=0
[FREE POLY] k=1 disc=1 raw=40 facets=2 vertices=5 rho=0.800001 anchor_shift=0
[FREE POLY] k=1 disc=2 raw=40 facets=4 vertices=8 rho=4.8 anchor_shift=0
[FREE POLY] k=2 disc=0 raw=40 facets=4 vertices=7 rho=5.6 anchor_shift=0
[FREE POLY] k=2 disc=1 raw=40 facets=3 vertices=6 rho=1.6 anchor_shift=0
[FREE POLY] k=2 disc=2 raw=40 facets=5 vertices=8 rho=5.6 anchor_shift=0
[FREE POLY] k=3 disc=0 raw=40 facets=7 vertices=10 rho=6.4 anchor_shift=0
[FREE POLY] k=3 disc=1 raw=40 facets=4 vertices=7 rho=2.4 anchor_shift=0
[FREE POLY] k=3 disc=2 raw=40 facets=5 vertices=8 rho=6.4 anchor_shift=0
[FREE POLY] k=4 disc=0 raw=40 facets=6 vertices=9 rho=7.2 anchor_shift=0
[FREE POLY] k=4 disc=1 raw=40 facets=4 vertices=7 rho=3.2 anchor_shift=0
[FREE POLY] k=4 disc=2 raw=40 facets=4 vertices=7 rho=7.2 anchor_shift=0
[FREE POLY] k=5 disc=0 raw=40 facets=5 vertices=8 rho=8 anchor_shift=0
[FREE POLY] k=5 disc=1 raw=40 facets=4 vertices=7 rho=4 anchor_shift=0
[FREE POLY] k=5 disc=2 raw=40 facets=3 vertices=6 rho=8 anchor_shift=0
[FREE POLY] k=6 disc=0 raw=40 facets=5 vertices=8 rho=8.8 anchor_shift=0
[FREE POLY] k=6 disc=1 raw=40 facets=4 vertices=7 rho=4.8 anchor_shift=0
[FREE POLY] k=6 disc=2 raw=40 facets=3 vertices=6 rho=8.8 anchor_shift=0
[FREE POLY] k=7 disc=0 raw=40 facets=6 vertices=8 rho=9.6 anchor_shift=0
[FREE POLY] k=7 disc=1 raw=40 facets=6 vertices=9 rho=5.6 anchor_shift=0
[FREE POLY] k=7 disc=2 raw=40 facets=3 vertices=6 rho=9.6 anchor_shift=0
[FREE POLY] k=8 disc=0 raw=40 facets=6 vertices=9 rho=10.4 anchor_shift=0
[FREE POLY] k=8 disc=1 raw=40 facets=5 vertices=8 rho=6.4 anchor_shift=0
[FREE POLY] k=8 disc=2 raw=40 facets=4 vertices=7 rho=10.4 anchor_shift=0
[RF SUPPORT SEED] removed=0 support_limit=-1
[SQP] before_solve iter=0 vars=16 constraints=138 max_d=-0.0277685
[QP WORST] iter=0 row=5 type=collision d=-0.0277685
[QP WORST COLLISION] scenario=30 k=1 obstacle=0 disc=1
[SQP] after_solve iter=0 converged=1 status=0 iterations=4 primal_residual=1.85962e-10 dual_residual=4.53176e-06 x_size=16 x_finite=1
[SQP LINESEARCH] iter=0 current_violation=0 accepted_violation=0 accepted=1 alpha=1 delta_u_norm=0.422145
[SQP SUPPORT] iter=0 support_size=0 support_limit=-1 support_ok=1
[SQP] before_solve iter=1 vars=16 constraints=138 max_d=-0.027778
[QP WORST] iter=1 row=5 type=collision d=-0.027778
[QP WORST COLLISION] scenario=30 k=1 obstacle=0 disc=1
[SQP] after_solve iter=1 converged=1 status=0 iterations=4 primal_residual=1.18856e-09 dual_residual=7.62924e-05 x_size=16 x_finite=1
[SQP LINESEARCH] iter=1 current_violation=0 accepted_violation=0 accepted=1 alpha=1 delta_u_norm=0.292053
[SQP SUPPORT] iter=1 support_size=0 support_limit=-1 support_ok=1
[SQP] before_solve iter=2 vars=16 constraints=138 max_d=-0.0277723
[QP WORST] iter=2 row=5 type=collision d=-0.0277723
[QP WORST COLLISION] scenario=30 k=1 obstacle=0 disc=1
[SQP] after_solve iter=2 converged=1 status=0 iterations=4 primal_residual=2.27586e-10 dual_residual=7.99099e-06 x_size=16 x_finite=1
[SQP LINESEARCH] iter=2 current_violation=0 accepted_violation=0 accepted=1 alpha=1 delta_u_norm=0.200749
[SQP SUPPORT] iter=2 support_size=0 support_limit=-1 support_ok=1
[SQP] before_solve iter=3 vars=16 constraints=138 max_d=-0.0277642
[QP WORST] iter=3 row=5 type=collision d=-0.0277642
[QP WORST COLLISION] scenario=30 k=1 obstacle=0 disc=1
[SQP] after_solve iter=3 converged=1 status=0 iterations=4 primal_residual=1.40848e-10 dual_residual=3.94368e-06 x_size=16 x_finite=1
[SQP LINESEARCH] iter=3 current_violation=0 accepted_violation=0 accepted=1 alpha=1 delta_u_norm=0.177346
[SQP SUPPORT] iter=3 support_size=0 support_limit=-1 support_ok=1
[SQP] before_solve iter=4 vars=16 constraints=138 max_d=-0.027757
[QP WORST] iter=4 row=5 type=collision d=-0.027757
[QP WORST COLLISION] scenario=30 k=1 obstacle=0 disc=1
[SQP] after_solve iter=4 converged=1 status=0 iterations=4 primal_residual=1.21335e-10 dual_residual=3.04744e-06 x_size=16 x_finite=1
[SQP LINESEARCH] iter=4 current_violation=0 accepted_violation=0 accepted=1 alpha=1 delta_u_norm=0.161264
[SQP SUPPORT] iter=4 support_size=0 support_limit=-1 support_ok=1
[SQP] before_solve iter=5 vars=16 constraints=138 max_d=-0.0277512
[QP WORST] iter=5 row=5 type=collision d=-0.0277512
[QP WORST COLLISION] scenario=30 k=1 obstacle=0 disc=1
[SQP] after_solve iter=5 converged=1 status=0 iterations=4 primal_residual=1.05589e-10 dual_residual=2.54289e-06 x_size=16 x_finite=1
[SQP LINESEARCH] iter=5 current_violation=0 accepted_violation=0 accepted=1 alpha=1 delta_u_norm=0.149464
[SQP SUPPORT] iter=5 support_size=0 support_limit=-1 support_ok=1
[SQP] before_solve iter=6 vars=16 constraints=138 max_d=-0.0277467
[QP WORST] iter=6 row=5 type=collision d=-0.0277467
[QP WORST COLLISION] scenario=30 k=1 obstacle=0 disc=1
[SQP] after_solve iter=6 converged=1 status=0 iterations=4 primal_residual=8.17253e-11 dual_residual=2.19718e-06 x_size=16 x_finite=1
[SQP LINESEARCH] iter=6 current_violation=0 accepted_violation=0 accepted=1 alpha=1 delta_u_norm=0.140121
[SQP SUPPORT] iter=6 support_size=0 support_limit=-1 support_ok=1
[SQP] before_solve iter=7 vars=16 constraints=138 max_d=-0.0277433
[QP WORST] iter=7 row=5 type=collision d=-0.0277433
[QP WORST COLLISION] scenario=30 k=1 obstacle=0 disc=1
[SQP] after_solve iter=7 converged=1 status=0 iterations=4 primal_residual=9.79222e-11 dual_residual=1.94996e-06 x_size=16 x_finite=1
[SQP LINESEARCH] iter=7 current_violation=0 accepted_violation=0 accepted=1 alpha=1 delta_u_norm=0.132245
[SQP SUPPORT] iter=7 support_size=0 support_limit=-1 support_ok=1
[SQP] before_solve iter=8 vars=16 constraints=138 max_d=-0.0277408
[QP WORST] iter=8 row=5 type=collision d=-0.0277408
[QP WORST COLLISION] scenario=30 k=1 obstacle=0 disc=1
[SQP] after_solve iter=8 converged=1 status=0 iterations=4 primal_residual=2.92344e-10 dual_residual=2.99527e-06 x_size=16 x_finite=1
[SQP LINESEARCH] iter=8 current_violation=0 accepted_violation=0 accepted=1 alpha=1 delta_u_norm=0.1252
[SQP SUPPORT] iter=8 support_size=0 support_limit=-1 support_ok=1
[SQP] before_solve iter=9 vars=16 constraints=138 max_d=-0.0277389
[QP WORST] iter=9 row=5 type=collision d=-0.0277389
[QP WORST COLLISION] scenario=30 k=1 obstacle=0 disc=1
[SQP] after_solve iter=9 converged=1 status=0 iterations=4 primal_residual=8.57644e-10 dual_residual=1.63007e-05 x_size=16 x_finite=1
[SQP LINESEARCH] iter=9 current_violation=0 accepted_violation=0 accepted=1 alpha=1 delta_u_norm=0.117082
[SQP SUPPORT] iter=9 support_size=0 support_limit=-1 support_ok=1
[SQP FINAL] final_violation=0 violated_constraints=0
[SUPPORT FINAL] sqp_union=0 final_active=0 support_limit=-1
[SUPPORT FINAL IDS]
[SUPPORT UNION IDS]
[COLD START RECOVERY CHECK] ordinary_sqp_failed=0 seed_available=1 incompatible=0 try_homotopy=0
[HARNESS RESULT] step=26 success=1 controls=8 first_input_present=1
[MPC STEP METRICS] step=26 applied=1 success=1 fallback=0 a=0.478286 omega=0.799999 dt=0.1 acceleration_weight=0.1 steering_weight=0.1 control_cost_unweighted=0.868756 control_cost_weighted=0.0868756 mpc_cost=-9.80404 solve_time=0.0379825 qp_solve_time=0.0253375 constraint_time=0.00769324 dro_risk_time=0 ambiguity_radius=0 certificate=not_requested
[EVAL SAFETY] step=27 min_center_distance=0.985826 min_clearance=0.0358256 collision_this_step=0 collision_run=0 collision_radius=0.95
[RF BACKUP] available=1 controls=8 states=9
[FREE POLY] k=1 disc=0 raw=40 facets=4 vertices=7 rho=4.8 anchor_shift=0
[FREE POLY] k=1 disc=1 raw=40 facets=3 vertices=6 rho=0.800001 anchor_shift=0
[FREE POLY] k=1 disc=2 raw=40 facets=3 vertices=6 rho=4.8 anchor_shift=0
[FREE POLY] k=2 disc=0 raw=40 facets=4 vertices=7 rho=5.6 anchor_shift=0
[FREE POLY] k=2 disc=1 raw=40 facets=3 vertices=6 rho=1.6 anchor_shift=0
[FREE POLY] k=2 disc=2 raw=40 facets=3 vertices=6 rho=5.6 anchor_shift=0
[FREE POLY] k=3 disc=0 raw=40 facets=7 vertices=10 rho=6.4 anchor_shift=0
[FREE POLY] k=3 disc=1 raw=40 facets=5 vertices=8 rho=2.4 anchor_shift=0
[FREE POLY] k=3 disc=2 raw=40 facets=5 vertices=8 rho=6.4 anchor_shift=0
[FREE POLY] k=4 disc=0 raw=40 facets=6 vertices=10 rho=7.2 anchor_shift=0
[FREE POLY] k=4 disc=1 raw=40 facets=4 vertices=7 rho=3.2 anchor_shift=0
[FREE POLY] k=4 disc=2 raw=40 facets=5 vertices=8 rho=7.2 anchor_shift=0
[FREE POLY] k=5 disc=0 raw=40 facets=5 vertices=8 rho=8 anchor_shift=0
[FREE POLY] k=5 disc=1 raw=40 facets=4 vertices=7 rho=4 anchor_shift=0
[FREE POLY] k=5 disc=2 raw=40 facets=5 vertices=8 rho=8 anchor_shift=0
[FREE POLY] k=6 disc=0 raw=40 facets=6 vertices=9 rho=8.8 anchor_shift=0
[FREE POLY] k=6 disc=1 raw=40 facets=5 vertices=8 rho=4.8 anchor_shift=0
[FREE POLY] k=6 disc=2 raw=40 facets=5 vertices=8 rho=8.8 anchor_shift=0
[FREE POLY] k=7 disc=0 raw=40 facets=5 vertices=8 rho=9.6 anchor_shift=0
[FREE POLY] k=7 disc=1 raw=40 facets=4 vertices=7 rho=5.6 anchor_shift=0
[FREE POLY] k=7 disc=2 raw=40 facets=4 vertices=7 rho=9.6 anchor_shift=0
[FREE POLY] k=8 disc=0 raw=40 facets=4 vertices=7 rho=10.4 anchor_shift=0
[FREE POLY] k=8 disc=1 raw=40 facets=5 vertices=8 rho=6.4 anchor_shift=0
[FREE POLY] k=8 disc=2 raw=40 facets=4 vertices=7 rho=10.4 anchor_shift=0
[RF SUPPORT SEED] removed=0 support_limit=-1
[SQP] before_solve iter=0 vars=16 constraints=140 max_d=-0.0517267
[QP WORST] iter=0 row=6 type=collision d=-0.0517267
[QP WORST COLLISION] scenario=34 k=1 obstacle=0 disc=1
[SQP] after_solve iter=0 converged=1 status=0 iterations=4 primal_residual=1.30191e-11 dual_residual=8.5725e-08 x_size=16 x_finite=1
[SQP LINESEARCH] iter=0 current_violation=0 accepted_violation=0 accepted=1 alpha=1 delta_u_norm=0.404313
[SQP SUPPORT] iter=0 support_size=0 support_limit=-1 support_ok=1
[SQP] before_solve iter=1 vars=16 constraints=140 max_d=-0.0517562
[QP WORST] iter=1 row=6 type=collision d=-0.0517562
[QP WORST COLLISION] scenario=34 k=1 obstacle=0 disc=1
[SQP] after_solve iter=1 converged=1 status=0 iterations=4 primal_residual=1.12039e-12 dual_residual=5.00424e-09 x_size=16 x_finite=1
[SQP LINESEARCH] iter=1 current_violation=0 accepted_violation=0 accepted=1 alpha=1 delta_u_norm=0.285566
[SQP SUPPORT] iter=1 support_size=0 support_limit=-1 support_ok=1
[SQP] before_solve iter=2 vars=16 constraints=140 max_d=-0.0517455
[QP WORST] iter=2 row=6 type=collision d=-0.0517455
[QP WORST COLLISION] scenario=34 k=1 obstacle=0 disc=1
[SQP] after_solve iter=2 converged=1 status=0 iterations=3 primal_residual=2.4048e-07 dual_residual=9.31968e-05 x_size=16 x_finite=1
[SQP LINESEARCH] iter=2 current_violation=0 accepted_violation=0 accepted=1 alpha=1 delta_u_norm=0.242982
[SQP SUPPORT] iter=2 support_size=0 support_limit=-1 support_ok=1
[SQP] before_solve iter=3 vars=16 constraints=140 max_d=-0.0517283
[QP WORST] iter=3 row=6 type=collision d=-0.0517283
[QP WORST COLLISION] scenario=34 k=1 obstacle=0 disc=1
[SQP] after_solve iter=3 converged=1 status=0 iterations=4 primal_residual=2.51735e-10 dual_residual=1.76776e-05 x_size=16 x_finite=1
[SQP LINESEARCH] iter=3 current_violation=0 accepted_violation=0 accepted=1 alpha=1 delta_u_norm=0.22133
[SQP SUPPORT] iter=3 support_size=0 support_limit=-1 support_ok=1
[SQP] before_solve iter=4 vars=16 constraints=140 max_d=-0.0517121
[QP WORST] iter=4 row=6 type=collision d=-0.0517121
[QP WORST COLLISION] scenario=34 k=1 obstacle=0 disc=1
[SQP] after_solve iter=4 converged=1 status=0 iterations=4 primal_residual=2.53618e-10 dual_residual=1.68528e-05 x_size=16 x_finite=1
[SQP LINESEARCH] iter=4 current_violation=0 accepted_violation=0 accepted=1 alpha=1 delta_u_norm=0.199812
[SQP SUPPORT] iter=4 support_size=0 support_limit=-1 support_ok=1
[SQP] before_solve iter=5 vars=16 constraints=140 max_d=-0.0516993
[QP WORST] iter=5 row=6 type=collision d=-0.0516993
[QP WORST COLLISION] scenario=34 k=1 obstacle=0 disc=1
[SQP] after_solve iter=5 converged=1 status=0 iterations=4 primal_residual=1.88343e-10 dual_residual=8.99289e-06 x_size=16 x_finite=1
[SQP LINESEARCH] iter=5 current_violation=0 accepted_violation=0 accepted=1 alpha=1 delta_u_norm=0.183684
[SQP SUPPORT] iter=5 support_size=0 support_limit=-1 support_ok=1
[SQP] before_solve iter=6 vars=16 constraints=140 max_d=-0.0516893
[QP WORST] iter=6 row=6 type=collision d=-0.0516893
[QP WORST COLLISION] scenario=34 k=1 obstacle=0 disc=1
[SQP] after_solve iter=6 converged=1 status=0 iterations=4 primal_residual=7.08304e-11 dual_residual=5.72863e-06 x_size=16 x_finite=1
[SQP LINESEARCH] iter=6 current_violation=0 accepted_violation=0 accepted=1 alpha=1 delta_u_norm=0.170591
[SQP SUPPORT] iter=6 support_size=0 support_limit=-1 support_ok=1
[SQP] before_solve iter=7 vars=16 constraints=140 max_d=-0.0516818
[QP WORST] iter=7 row=6 type=collision d=-0.0516818
[QP WORST COLLISION] scenario=34 k=1 obstacle=0 disc=1
[SQP] after_solve iter=7 converged=1 status=0 iterations=3 primal_residual=1.23967e-07 dual_residual=9.49463e-05 x_size=16 x_finite=1
[SQP LINESEARCH] iter=7 current_violation=0 accepted_violation=0 accepted=1 alpha=1 delta_u_norm=0.146612
[SQP SUPPORT] iter=7 support_size=0 support_limit=-1 support_ok=1
[SQP] before_solve iter=8 vars=16 constraints=140 max_d=-0.0516765
[QP WORST] iter=8 row=6 type=collision d=-0.0516765
[QP WORST COLLISION] scenario=34 k=1 obstacle=0 disc=1
[SQP] after_solve iter=8 converged=1 status=0 iterations=3 primal_residual=8.71331e-08 dual_residual=9.50196e-05 x_size=16 x_finite=1
[SQP LINESEARCH] iter=8 current_violation=0 accepted_violation=0 accepted=1 alpha=1 delta_u_norm=0.11648
[SQP SUPPORT] iter=8 support_size=0 support_limit=-1 support_ok=1
[SQP] before_solve iter=9 vars=16 constraints=140 max_d=-0.0516724
[QP WORST] iter=9 row=6 type=collision d=-0.0516724
[QP WORST COLLISION] scenario=34 k=1 obstacle=0 disc=1
[SQP] after_solve iter=9 converged=1 status=0 iterations=3 primal_residual=5.61575e-08 dual_residual=9.14572e-05 x_size=16 x_finite=1
[SQP LINESEARCH] iter=9 current_violation=0 accepted_violation=0 accepted=1 alpha=1 delta_u_norm=0.105912
[SQP SUPPORT] iter=9 support_size=0 support_limit=-1 support_ok=1
[SQP FINAL] final_violation=0 violated_constraints=0
[SUPPORT FINAL] sqp_union=0 final_active=0 support_limit=-1
[SUPPORT FINAL IDS]
[SUPPORT UNION IDS]
[COLD START RECOVERY CHECK] ordinary_sqp_failed=0 seed_available=1 incompatible=0 try_homotopy=0
[HARNESS RESULT] step=27 success=1 controls=8 first_input_present=1
[MPC STEP METRICS] step=27 applied=1 success=1 fallback=0 a=0.644603 omega=0.799992 dt=0.1 acceleration_weight=0.1 steering_weight=0.1 control_cost_unweighted=1.0555 control_cost_weighted=0.10555 mpc_cost=-10.0867 solve_time=0.0380754 qp_solve_time=0.0255029 constraint_time=0.00754132 dro_risk_time=0 ambiguity_radius=0 certificate=not_requested
[EVAL SAFETY] step=28 min_center_distance=1.00682 min_clearance=0.0568216 collision_this_step=0 collision_run=0 collision_radius=0.95
[RF BACKUP] available=1 controls=8 states=9
[FREE POLY] k=1 disc=0 raw=40 facets=4 vertices=7 rho=4.8 anchor_shift=0
[FREE POLY] k=1 disc=1 raw=40 facets=1 vertices=4 rho=0.800001 anchor_shift=0
[FREE POLY] k=1 disc=2 raw=40 facets=2 vertices=5 rho=4.8 anchor_shift=0
[FREE POLY] k=2 disc=0 raw=40 facets=3 vertices=6 rho=5.6 anchor_shift=0
[FREE POLY] k=2 disc=1 raw=40 facets=3 vertices=6 rho=1.6 anchor_shift=0
[FREE POLY] k=2 disc=2 raw=40 facets=3 vertices=6 rho=5.6 anchor_shift=0
[FREE POLY] k=3 disc=0 raw=40 facets=3 vertices=7 rho=6.4 anchor_shift=0
[FREE POLY] k=3 disc=1 raw=40 facets=4 vertices=7 rho=2.4 anchor_shift=0
[FREE POLY] k=3 disc=2 raw=40 facets=3 vertices=6 rho=6.4 anchor_shift=0
[FREE POLY] k=4 disc=0 raw=40 facets=3 vertices=6 rho=7.2 anchor_shift=0
[FREE POLY] k=4 disc=1 raw=40 facets=4 vertices=7 rho=3.2 anchor_shift=0
[FREE POLY] k=4 disc=2 raw=40 facets=4 vertices=7 rho=7.2 anchor_shift=0
[FREE POLY] k=5 disc=0 raw=40 facets=3 vertices=6 rho=8 anchor_shift=0
[FREE POLY] k=5 disc=1 raw=40 facets=4 vertices=7 rho=4 anchor_shift=0
[FREE POLY] k=5 disc=2 raw=40 facets=3 vertices=6 rho=8 anchor_shift=0
[FREE POLY] k=6 disc=0 raw=40 facets=3 vertices=6 rho=8.8 anchor_shift=0
[FREE POLY] k=6 disc=1 raw=40 facets=3 vertices=6 rho=4.8 anchor_shift=0
[FREE POLY] k=6 disc=2 raw=40 facets=4 vertices=7 rho=8.8 anchor_shift=0
[FREE POLY] k=7 disc=0 raw=40 facets=4 vertices=7 rho=9.6 anchor_shift=0
[FREE POLY] k=7 disc=1 raw=40 facets=3 vertices=6 rho=5.6 anchor_shift=0
[FREE POLY] k=7 disc=2 raw=40 facets=4 vertices=7 rho=9.6 anchor_shift=0
[FREE POLY] k=8 disc=0 raw=40 facets=4 vertices=7 rho=10.4 anchor_shift=0
[FREE POLY] k=8 disc=1 raw=40 facets=3 vertices=6 rho=6.4 anchor_shift=0
[FREE POLY] k=8 disc=2 raw=40 facets=5 vertices=8 rho=10.4 anchor_shift=0
[RF SUPPORT SEED] removed=0 support_limit=-1
[SQP] before_solve iter=0 vars=16 constraints=112 max_d=0.0147802
[QP WORST] iter=0 row=68 type=collision d=0.0147802
[QP WORST COLLISION] scenario=17 k=8 obstacle=0 disc=0
[SQP] after_solve iter=0 converged=1 status=0 iterations=5 primal_residual=4.30211e-16 dual_residual=2.51228e-05 x_size=16 x_finite=1
[SQP LINESEARCH] iter=0 current_violation=0.0147802 accepted_violation=0 accepted=1 alpha=1 delta_u_norm=0.369943
[SQP SUPPORT] iter=0 support_size=0 support_limit=-1 support_ok=1
[SQP] before_solve iter=1 vars=16 constraints=112 max_d=-0.00121413
[QP WORST] iter=1 row=68 type=collision d=-0.00121413
[QP WORST COLLISION] scenario=17 k=8 obstacle=0 disc=0
[SQP] after_solve iter=1 converged=1 status=0 iterations=5 primal_residual=3.88578e-16 dual_residual=3.47713e-06 x_size=16 x_finite=1
[SQP LINESEARCH] iter=1 current_violation=0 accepted_violation=0 accepted=1 alpha=1 delta_u_norm=0.197366
[SQP SUPPORT] iter=1 support_size=0 support_limit=-1 support_ok=1
[SQP] before_solve iter=2 vars=16 constraints=112 max_d=-4.37703e-05
[QP WORST] iter=2 row=68 type=collision d=-4.37703e-05
[QP WORST COLLISION] scenario=17 k=8 obstacle=0 disc=0
[SQP] after_solve iter=2 converged=1 status=0 iterations=5 primal_residual=4.26742e-16 dual_residual=3.04821e-06 x_size=16 x_finite=1
[SQP LINESEARCH] iter=2 current_violation=0 accepted_violation=0 accepted=1 alpha=1 delta_u_norm=0.175523
[SQP SUPPORT] iter=2 support_size=0 support_limit=-1 support_ok=1
[SQP] before_solve iter=3 vars=16 constraints=112 max_d=-4.61349e-05
[QP WORST] iter=3 row=68 type=collision d=-4.61349e-05
[QP WORST COLLISION] scenario=17 k=8 obstacle=0 disc=0
[SQP] after_solve iter=3 converged=1 status=0 iterations=5 primal_residual=4.30211e-16 dual_residual=1.96578e-06 x_size=16 x_finite=1
[SQP LINESEARCH] iter=3 current_violation=0 accepted_violation=0 accepted=1 alpha=1 delta_u_norm=0.160157
[SQP SUPPORT] iter=3 support_size=0 support_limit=-1 support_ok=1
[SQP] before_solve iter=4 vars=16 constraints=112 max_d=-2.29433e-05
[QP WORST] iter=4 row=68 type=collision d=-2.29433e-05
[QP WORST COLLISION] scenario=17 k=8 obstacle=0 disc=0
[SQP] after_solve iter=4 converged=1 status=0 iterations=5 primal_residual=2.58144e-12 dual_residual=1.98821e-06 x_size=16 x_finite=1
[SQP LINESEARCH] iter=4 current_violation=0 accepted_violation=0 accepted=1 alpha=1 delta_u_norm=0.147336
[SQP SUPPORT] iter=4 support_size=0 support_limit=-1 support_ok=1
[SQP] before_solve iter=5 vars=16 constraints=112 max_d=-8.13266e-06
[QP WORST] iter=5 row=68 type=collision d=-8.13266e-06
[QP WORST COLLISION] scenario=17 k=8 obstacle=0 disc=0
[SQP] after_solve iter=5 converged=1 status=0 iterations=5 primal_residual=4.25331e-12 dual_residual=1.40447e-06 x_size=16 x_finite=1
[SQP LINESEARCH] iter=5 current_violation=0 accepted_violation=0 accepted=1 alpha=1 delta_u_norm=0.136263
[SQP SUPPORT] iter=5 support_size=0 support_limit=-1 support_ok=1
[SQP] before_solve iter=6 vars=16 constraints=112 max_d=-1.58841e-06
[QP WORST] iter=6 row=68 type=collision d=-1.58841e-06
[QP WORST COLLISION] scenario=17 k=8 obstacle=0 disc=0
[SQP] after_solve iter=6 converged=1 status=0 iterations=5 primal_residual=1.65558e-12 dual_residual=5.7788e-07 x_size=16 x_finite=1
[SQP LINESEARCH] iter=6 current_violation=0 accepted_violation=0 accepted=1 alpha=1 delta_u_norm=0.126583
[SQP SUPPORT] iter=6 support_size=0 support_limit=-1 support_ok=1
[SQP] before_solve iter=7 vars=16 constraints=112 max_d=-3.76098e-07
[QP WORST] iter=7 row=68 type=collision d=-3.76098e-07
[QP WORST COLLISION] scenario=17 k=8 obstacle=0 disc=0
[SQP] after_solve iter=7 converged=1 status=0 iterations=4 primal_residual=9.68598e-09 dual_residual=9.99918e-05 x_size=16 x_finite=1
[SQP LINESEARCH] iter=7 current_violation=0 accepted_violation=0 accepted=1 alpha=1 delta_u_norm=0.118112
[SQP SUPPORT] iter=7 support_size=0 support_limit=-1 support_ok=1
[SQP] before_solve iter=8 vars=16 constraints=112 max_d=-0.00117722
[QP WORST] iter=8 row=68 type=collision d=-0.00117722
[QP WORST COLLISION] scenario=17 k=8 obstacle=0 disc=0
[SQP] after_solve iter=8 converged=1 status=0 iterations=4 primal_residual=5.49799e-09 dual_residual=8.27116e-05 x_size=16 x_finite=1
[SQP LINESEARCH] iter=8 current_violation=0 accepted_violation=0 accepted=1 alpha=1 delta_u_norm=0.110306
[SQP SUPPORT] iter=8 support_size=0 support_limit=-1 support_ok=1
[SQP] before_solve iter=9 vars=16 constraints=112 max_d=-0.000955246
[QP WORST] iter=9 row=68 type=collision d=-0.000955246
[QP WORST COLLISION] scenario=17 k=8 obstacle=0 disc=0
[SQP] after_solve iter=9 converged=1 status=0 iterations=4 primal_residual=5.50705e-09 dual_residual=7.7611e-05 x_size=16 x_finite=1
[SQP LINESEARCH] iter=9 current_violation=0 accepted_violation=0 accepted=1 alpha=1 delta_u_norm=0.103567
[SQP SUPPORT] iter=9 support_size=0 support_limit=-1 support_ok=1
[SQP FINAL] final_violation=0 violated_constraints=0
[SUPPORT FINAL] sqp_union=0 final_active=1 support_limit=-1
[SUPPORT FINAL IDS] 17
[SUPPORT UNION IDS]
[COLD START RECOVERY CHECK] ordinary_sqp_failed=0 seed_available=1 incompatible=0 try_homotopy=0
[HARNESS RESULT] step=28 success=1 controls=8 first_input_present=1
[MPC STEP METRICS] step=28 applied=1 success=1 fallback=0 a=0.545485 omega=0.799997 dt=0.1 acceleration_weight=0.1 steering_weight=0.1 control_cost_unweighted=0.937549 control_cost_weighted=0.0937549 mpc_cost=-10.5529 solve_time=0.0354913 qp_solve_time=0.0235134 constraint_time=0.00704961 dro_risk_time=0 ambiguity_radius=0 certificate=not_requested
[EVAL SAFETY] step=29 min_center_distance=1.04818 min_clearance=0.0981827 collision_this_step=0 collision_run=0 collision_radius=0.95
[RF BACKUP] available=1 controls=8 states=9
[FREE POLY] k=1 disc=0 raw=40 facets=5 vertices=8 rho=4.8 anchor_shift=0
[FREE POLY] k=1 disc=1 raw=40 facets=3 vertices=6 rho=0.800001 anchor_shift=0
[FREE POLY] k=1 disc=2 raw=40 facets=5 vertices=8 rho=4.8 anchor_shift=0
[FREE POLY] k=2 disc=0 raw=40 facets=5 vertices=9 rho=5.6 anchor_shift=0
[FREE POLY] k=2 disc=1 raw=40 facets=3 vertices=6 rho=1.6 anchor_shift=0
[FREE POLY] k=2 disc=2 raw=40 facets=5 vertices=8 rho=5.6 anchor_shift=0
[FREE POLY] k=3 disc=0 raw=40 facets=5 vertices=8 rho=6.4 anchor_shift=0
[FREE POLY] k=3 disc=1 raw=40 facets=3 vertices=7 rho=2.4 anchor_shift=0
[FREE POLY] k=3 disc=2 raw=40 facets=3 vertices=6 rho=6.4 anchor_shift=0
[FREE POLY] k=4 disc=0 raw=40 facets=4 vertices=7 rho=7.2 anchor_shift=0
[FREE POLY] k=4 disc=1 raw=40 facets=3 vertices=6 rho=3.2 anchor_shift=0
[FREE POLY] k=4 disc=2 raw=40 facets=3 vertices=6 rho=7.2 anchor_shift=0
[FREE POLY] k=5 disc=0 raw=40 facets=5 vertices=8 rho=8 anchor_shift=0
[FREE POLY] k=5 disc=1 raw=40 facets=3 vertices=6 rho=4 anchor_shift=0
[FREE POLY] k=5 disc=2 raw=40 facets=4 vertices=7 rho=8 anchor_shift=0
[FREE POLY] k=6 disc=0 raw=40 facets=4 vertices=7 rho=8.8 anchor_shift=0
[FREE POLY] k=6 disc=1 raw=40 facets=3 vertices=6 rho=4.8 anchor_shift=0
[FREE POLY] k=6 disc=2 raw=40 facets=4 vertices=7 rho=8.8 anchor_shift=0
[FREE POLY] k=7 disc=0 raw=40 facets=5 vertices=8 rho=9.6 anchor_shift=0
[FREE POLY] k=7 disc=1 raw=40 facets=4 vertices=7 rho=5.6 anchor_shift=0
[FREE POLY] k=7 disc=2 raw=40 facets=4 vertices=7 rho=9.6 anchor_shift=0
[FREE POLY] k=8 disc=0 raw=40 facets=5 vertices=8 rho=10.4 anchor_shift=0
[FREE POLY] k=8 disc=1 raw=40 facets=3 vertices=6 rho=6.4 anchor_shift=0
[FREE POLY] k=8 disc=2 raw=40 facets=3 vertices=6 rho=10.4 anchor_shift=0
[RF SUPPORT SEED] removed=0 support_limit=-1
[SQP] before_solve iter=0 vars=16 constraints=126 max_d=0.0543853
[QP WORST] iter=0 row=85 type=collision d=0.0543853
[QP WORST COLLISION] scenario=17 k=8 obstacle=0 disc=0
[SQP] after_solve iter=0 converged=1 status=0 iterations=5 primal_residual=4.34155e-16 dual_residual=5.6168e-06 x_size=16 x_finite=1
[SQP LINESEARCH] iter=0 current_violation=0.0543853 accepted_violation=0.000990937 accepted=1 alpha=1 delta_u_norm=0.402165
[SQP SUPPORT] iter=0 support_size=0 support_limit=-1 support_ok=1
[SQP] before_solve iter=1 vars=16 constraints=126 max_d=0.000990937
[QP WORST] iter=1 row=85 type=collision d=0.000990937
[QP WORST COLLISION] scenario=17 k=8 obstacle=0 disc=0
[SQP] after_solve iter=1 converged=1 status=0 iterations=5 primal_residual=4.26742e-16 dual_residual=3.10141e-07 x_size=16 x_finite=1
[SQP LINESEARCH] iter=1 current_violation=0.000990937 accepted_violation=2.88385e-05 accepted=1 alpha=1 delta_u_norm=0.21461
[SQP SUPPORT] iter=1 support_size=0 support_limit=-1 support_ok=1
[SQP] before_solve iter=2 vars=16 constraints=126 max_d=2.88385e-05
[QP WORST] iter=2 row=85 type=collision d=2.88385e-05
[QP WORST COLLISION] scenario=17 k=8 obstacle=0 disc=0
[SQP] after_solve iter=2 converged=1 status=0 iterations=5 primal_residual=4.43222e-16 dual_residual=1.71301e-07 x_size=16 x_finite=1
[SQP LINESEARCH] iter=2 current_violation=2.88385e-05 accepted_violation=2.67138e-06 accepted=1 alpha=1 delta_u_norm=0.186805
[SQP SUPPORT] iter=2 support_size=0 support_limit=-1 support_ok=1
[SQP] before_solve iter=3 vars=16 constraints=126 max_d=2.67138e-06
[QP WORST] iter=3 row=85 type=collision d=2.67138e-06
[QP WORST COLLISION] scenario=17 k=8 obstacle=0 disc=0
[SQP] after_solve iter=3 converged=1 status=0 iterations=5 primal_residual=4.04191e-16 dual_residual=1.16388e-06 x_size=16 x_finite=1
[SQP LINESEARCH] iter=3 current_violation=2.67138e-06 accepted_violation=0 accepted=1 alpha=1 delta_u_norm=0.171187
[SQP SUPPORT] iter=3 support_size=0 support_limit=-1 support_ok=1
[SQP] before_solve iter=4 vars=16 constraints=126 max_d=-1.39806e-06
[QP WORST] iter=4 row=85 type=collision d=-1.39806e-06
[QP WORST COLLISION] scenario=17 k=8 obstacle=0 disc=0
[SQP] after_solve iter=4 converged=1 status=0 iterations=5 primal_residual=4.32091e-16 dual_residual=8.86784e-06 x_size=16 x_finite=1
[SQP LINESEARCH] iter=4 current_violation=0 accepted_violation=0 accepted=1 alpha=1 delta_u_norm=0.158068
[SQP SUPPORT] iter=4 support_size=0 support_limit=-1 support_ok=1
[SQP] before_solve iter=5 vars=16 constraints=126 max_d=-3.15041e-06
[QP WORST] iter=5 row=85 type=collision d=-3.15041e-06
[QP WORST COLLISION] scenario=17 k=8 obstacle=0 disc=0
[SQP] after_solve iter=5 converged=1 status=0 iterations=5 primal_residual=3.97252e-16 dual_residual=6.0925e-06 x_size=16 x_finite=1
[SQP LINESEARCH] iter=5 current_violation=0 accepted_violation=0 accepted=1 alpha=1 delta_u_norm=0.144446
[SQP SUPPORT] iter=5 support_size=0 support_limit=-1 support_ok=1
[SQP] before_solve iter=6 vars=16 constraints=126 max_d=-3.86308e-06
[QP WORST] iter=6 row=85 type=collision d=-3.86308e-06
[QP WORST COLLISION] scenario=17 k=8 obstacle=0 disc=0
[SQP] after_solve iter=6 converged=1 status=0 iterations=5 primal_residual=3.99637e-16 dual_residual=3.26102e-06 x_size=16 x_finite=1
[SQP LINESEARCH] iter=6 current_violation=0 accepted_violation=0 accepted=1 alpha=1 delta_u_norm=0.134814
[SQP SUPPORT] iter=6 support_size=0 support_limit=-1 support_ok=1
[SQP] before_solve iter=7 vars=16 constraints=126 max_d=-4.80639e-06
[QP WORST] iter=7 row=85 type=collision d=-4.80639e-06
[QP WORST COLLISION] scenario=17 k=8 obstacle=0 disc=0
[SQP] after_solve iter=7 converged=1 status=0 iterations=5 primal_residual=4.23273e-16 dual_residual=2.29513e-06 x_size=16 x_finite=1
[SQP LINESEARCH] iter=7 current_violation=0 accepted_violation=0 accepted=1 alpha=1 delta_u_norm=0.126962
[SQP SUPPORT] iter=7 support_size=0 support_limit=-1 support_ok=1
[SQP] before_solve iter=8 vars=16 constraints=126 max_d=-5.77421e-06
[QP WORST] iter=8 row=85 type=collision d=-5.77421e-06
[QP WORST COLLISION] scenario=17 k=8 obstacle=0 disc=0
[SQP] after_solve iter=8 converged=1 status=0 iterations=5 primal_residual=4.40569e-16 dual_residual=2.07657e-06 x_size=16 x_finite=1
[SQP LINESEARCH] iter=8 current_violation=0 accepted_violation=0 accepted=1 alpha=1 delta_u_norm=0.120008
[SQP SUPPORT] iter=8 support_size=0 support_limit=-1 support_ok=1
[SQP] before_solve iter=9 vars=16 constraints=126 max_d=-8.40509e-06
[QP WORST] iter=9 row=85 type=collision d=-8.40509e-06
[QP WORST COLLISION] scenario=17 k=8 obstacle=0 disc=0
[SQP] after_solve iter=9 converged=1 status=0 iterations=5 primal_residual=4.3238e-16 dual_residual=3.86224e-06 x_size=16 x_finite=1
[SQP LINESEARCH] iter=9 current_violation=0 accepted_violation=0 accepted=1 alpha=1 delta_u_norm=0.112152
[SQP SUPPORT] iter=9 support_size=0 support_limit=-1 support_ok=1
[SQP FINAL] final_violation=0 violated_constraints=0
[SUPPORT FINAL] sqp_union=0 final_active=1 support_limit=-1
[SUPPORT FINAL IDS] 17
[SUPPORT UNION IDS]
[COLD START RECOVERY CHECK] ordinary_sqp_failed=0 seed_available=1 incompatible=0 try_homotopy=0
[HARNESS RESULT] step=29 success=1 controls=8 first_input_present=1
[MPC STEP METRICS] step=29 applied=1 success=1 fallback=0 a=0.477369 omega=0.799999 dt=0.1 acceleration_weight=0.1 steering_weight=0.1 control_cost_unweighted=0.867879 control_cost_weighted=0.0867879 mpc_cost=-11.0063 solve_time=0.0398704 qp_solve_time=0.027491 constraint_time=0.00741893 dro_risk_time=0 ambiguity_radius=0 certificate=not_requested
[EVAL SAFETY] step=30 min_center_distance=1.10893 min_clearance=0.158925 collision_this_step=0 collision_run=0 collision_radius=0.95
[RF BACKUP] available=1 controls=8 states=9
[FREE POLY] k=1 disc=0 raw=40 facets=4 vertices=8 rho=4.8 anchor_shift=0
[FREE POLY] k=1 disc=1 raw=40 facets=2 vertices=5 rho=0.800001 anchor_shift=0
[FREE POLY] k=1 disc=2 raw=40 facets=3 vertices=6 rho=4.8 anchor_shift=0
[FREE POLY] k=2 disc=0 raw=40 facets=5 vertices=8 rho=5.6 anchor_shift=0
[FREE POLY] k=2 disc=1 raw=40 facets=2 vertices=6 rho=1.6 anchor_shift=0
[FREE POLY] k=2 disc=2 raw=40 facets=4 vertices=7 rho=5.6 anchor_shift=0
[FREE POLY] k=3 disc=0 raw=40 facets=5 vertices=8 rho=6.4 anchor_shift=0
[FREE POLY] k=3 disc=1 raw=40 facets=3 vertices=7 rho=2.4 anchor_shift=0
[FREE POLY] k=3 disc=2 raw=40 facets=3 vertices=6 rho=6.4 anchor_shift=0
[FREE POLY] k=4 disc=0 raw=40 facets=4 vertices=7 rho=7.2 anchor_shift=0
[FREE POLY] k=4 disc=1 raw=40 facets=3 vertices=6 rho=3.2 anchor_shift=0
[FREE POLY] k=4 disc=2 raw=40 facets=3 vertices=6 rho=7.2 anchor_shift=0
[FREE POLY] k=5 disc=0 raw=40 facets=3 vertices=6 rho=8 anchor_shift=0
[FREE POLY] k=5 disc=1 raw=40 facets=2 vertices=5 rho=4 anchor_shift=0
[FREE POLY] k=5 disc=2 raw=40 facets=2 vertices=5 rho=8 anchor_shift=0
[FREE POLY] k=6 disc=0 raw=40 facets=3 vertices=6 rho=8.8 anchor_shift=0
[FREE POLY] k=6 disc=1 raw=40 facets=3 vertices=6 rho=4.8 anchor_shift=0
[FREE POLY] k=6 disc=2 raw=40 facets=2 vertices=5 rho=8.8 anchor_shift=0
[FREE POLY] k=7 disc=0 raw=40 facets=3 vertices=6 rho=9.6 anchor_shift=0
[FREE POLY] k=7 disc=1 raw=40 facets=3 vertices=6 rho=5.6 anchor_shift=0
[FREE POLY] k=7 disc=2 raw=40 facets=3 vertices=6 rho=9.6 anchor_shift=0
[FREE POLY] k=8 disc=0 raw=40 facets=3 vertices=6 rho=10.4 anchor_shift=0
[FREE POLY] k=8 disc=1 raw=40 facets=4 vertices=7 rho=6.4 anchor_shift=0
[FREE POLY] k=8 disc=2 raw=40 facets=4 vertices=7 rho=10.4 anchor_shift=0
[RF SUPPORT SEED] removed=0 support_limit=-1
[SQP] before_solve iter=0 vars=16 constraints=108 max_d=0.0921135
[QP WORST] iter=0 row=66 type=collision d=0.0921135
[QP WORST COLLISION] scenario=22 k=8 obstacle=0 disc=0
[SQP] after_solve iter=0 converged=1 status=0 iterations=5 primal_residual=4.41026e-16 dual_residual=5.56834e-05 x_size=16 x_finite=1
[SQP LINESEARCH] iter=0 current_violation=0.0921135 accepted_violation=0.00220077 accepted=1 alpha=1 delta_u_norm=0.435574
[SQP SUPPORT] iter=0 support_size=0 support_limit=-1 support_ok=1
[SQP] before_solve iter=1 vars=16 constraints=108 max_d=0.00220077
[QP WORST] iter=1 row=66 type=collision d=0.00220077
[QP WORST COLLISION] scenario=22 k=8 obstacle=0 disc=0
[SQP] after_solve iter=1 converged=1 status=0 iterations=4 primal_residual=1.58485e-08 dual_residual=8.63948e-05 x_size=16 x_finite=1
[SQP LINESEARCH] iter=1 current_violation=0.00220077 accepted_violation=0 accepted=1 alpha=1 delta_u_norm=0.247933
[SQP SUPPORT] iter=1 support_size=0 support_limit=-1 support_ok=1
[SQP] before_solve iter=2 vars=16 constraints=108 max_d=-7.53133e-05
[QP WORST] iter=2 row=66 type=collision d=-7.53133e-05
[QP WORST COLLISION] scenario=22 k=8 obstacle=0 disc=0
[SQP] after_solve iter=2 converged=1 status=0 iterations=4 primal_residual=1.41449e-08 dual_residual=7.85696e-05 x_size=16 x_finite=1
[SQP LINESEARCH] iter=2 current_violation=0 accepted_violation=0 accepted=1 alpha=1 delta_u_norm=0.197156
[SQP SUPPORT] iter=2 support_size=0 support_limit=-1 support_ok=1
[SQP] before_solve iter=3 vars=16 constraints=108 max_d=-1.84168e-05
[QP WORST] iter=3 row=66 type=collision d=-1.84168e-05
[QP WORST COLLISION] scenario=22 k=8 obstacle=0 disc=0
[SQP] after_solve iter=3 converged=1 status=0 iterations=4 primal_residual=6.78829e-08 dual_residual=9.30125e-05 x_size=16 x_finite=1
[SQP LINESEARCH] iter=3 current_violation=0 accepted_violation=0 accepted=1 alpha=1 delta_u_norm=0.173716
[SQP SUPPORT] iter=3 support_size=0 support_limit=-1 support_ok=1
[SQP] before_solve iter=4 vars=16 constraints=108 max_d=-7.32842e-06
[QP WORST] iter=4 row=66 type=collision d=-7.32842e-06
[QP WORST COLLISION] scenario=22 k=8 obstacle=0 disc=0
[SQP] after_solve iter=4 converged=1 status=0 iterations=5 primal_residual=2.00022e-09 dual_residual=1.07446e-05 x_size=16 x_finite=1
[SQP LINESEARCH] iter=4 current_violation=0 accepted_violation=0 accepted=1 alpha=1 delta_u_norm=0.165572
[SQP SUPPORT] iter=4 support_size=0 support_limit=-1 support_ok=1
[SQP] before_solve iter=5 vars=16 constraints=108 max_d=-4.30043e-06
[QP WORST] iter=5 row=66 type=collision d=-4.30043e-06
[QP WORST COLLISION] scenario=22 k=8 obstacle=0 disc=0
[SQP] after_solve iter=5 converged=1 status=0 iterations=5 primal_residual=1.04573e-08 dual_residual=3.82628e-05 x_size=16 x_finite=1
[SQP LINESEARCH] iter=5 current_violation=0 accepted_violation=0 accepted=1 alpha=1 delta_u_norm=0.140398
[SQP SUPPORT] iter=5 support_size=0 support_limit=-1 support_ok=1
[SQP] before_solve iter=6 vars=16 constraints=108 max_d=-2.4196e-06
[QP WORST] iter=6 row=66 type=collision d=-2.4196e-06
[QP WORST COLLISION] scenario=22 k=8 obstacle=0 disc=0
[SQP] after_solve iter=6 converged=1 status=0 iterations=5 primal_residual=4.05329e-16 dual_residual=1.37809e-05 x_size=16 x_finite=1
[SQP LINESEARCH] iter=6 current_violation=0 accepted_violation=0 accepted=1 alpha=1 delta_u_norm=0.11952
[SQP SUPPORT] iter=6 support_size=0 support_limit=-1 support_ok=1
[SQP] before_solve iter=7 vars=16 constraints=108 max_d=-2.91513e-06
[QP WORST] iter=7 row=66 type=collision d=-2.91513e-06
[QP WORST COLLISION] scenario=22 k=8 obstacle=0 disc=0
[SQP] after_solve iter=7 converged=1 status=0 iterations=5 primal_residual=4.25007e-16 dual_residual=9.45226e-06 x_size=16 x_finite=1
[SQP LINESEARCH] iter=7 current_violation=0 accepted_violation=0 accepted=1 alpha=1 delta_u_norm=0.112173
[SQP SUPPORT] iter=7 support_size=0 support_limit=-1 support_ok=1
[SQP] before_solve iter=8 vars=16 constraints=108 max_d=-9.25536e-07
[QP WORST] iter=8 row=66 type=collision d=-9.25536e-07
[QP WORST COLLISION] scenario=22 k=8 obstacle=0 disc=0
[SQP] after_solve iter=8 converged=1 status=0 iterations=5 primal_residual=2.18729e-08 dual_residual=2.08141e-05 x_size=16 x_finite=1
[SQP LINESEARCH] iter=8 current_violation=0 accepted_violation=0 accepted=1 alpha=1 delta_u_norm=0.105836
[SQP SUPPORT] iter=8 support_size=0 support_limit=-1 support_ok=1
[SQP] before_solve iter=9 vars=16 constraints=108 max_d=-4.10023e-07
[QP WORST] iter=9 row=66 type=collision d=-4.10023e-07
[QP WORST COLLISION] scenario=22 k=8 obstacle=0 disc=0
[SQP] after_solve iter=9 converged=1 status=0 iterations=5 primal_residual=3.59919e-08 dual_residual=2.60232e-05 x_size=16 x_finite=1
[SQP LINESEARCH] iter=9 current_violation=0 accepted_violation=0 accepted=1 alpha=1 delta_u_norm=0.100023
[SQP SUPPORT] iter=9 support_size=0 support_limit=-1 support_ok=1
[SQP FINAL] final_violation=0 violated_constraints=0
[SUPPORT FINAL] sqp_union=0 final_active=1 support_limit=-1
[SUPPORT FINAL IDS] 22
[SUPPORT UNION IDS]
[COLD START RECOVERY CHECK] ordinary_sqp_failed=0 seed_available=1 incompatible=0 try_homotopy=0
[HARNESS RESULT] step=30 success=1 controls=8 first_input_present=1
[MPC STEP METRICS] step=30 applied=1 success=1 fallback=0 a=0.3566 omega=0.799981 dt=0.1 acceleration_weight=0.1 steering_weight=0.1 control_cost_unweighted=0.767133 control_cost_weighted=0.0767133 mpc_cost=-11.5106 solve_time=0.0360597 qp_solve_time=0.0239176 constraint_time=0.00724144 dro_risk_time=0 ambiguity_radius=0 certificate=not_requested
[EVAL SAFETY] step=31 min_center_distance=1.18681 min_clearance=0.236809 collision_this_step=0 collision_run=0 collision_radius=0.95
[RF BACKUP] available=1 controls=8 states=9
[FREE POLY] k=1 disc=0 raw=40 facets=2 vertices=6 rho=4.8 anchor_shift=0
[FREE POLY] k=1 disc=1 raw=40 facets=3 vertices=7 rho=0.800001 anchor_shift=0
[FREE POLY] k=1 disc=2 raw=40 facets=4 vertices=7 rho=4.8 anchor_shift=0
[FREE POLY] k=2 disc=0 raw=40 facets=2 vertices=5 rho=5.6 anchor_shift=0
[FREE POLY] k=2 disc=1 raw=40 facets=3 vertices=7 rho=1.6 anchor_shift=0
[FREE POLY] k=2 disc=2 raw=40 facets=4 vertices=7 rho=5.6 anchor_shift=0
[FREE POLY] k=3 disc=0 raw=40 facets=2 vertices=5 rho=6.4 anchor_shift=0
[FREE POLY] k=3 disc=1 raw=40 facets=2 vertices=5 rho=2.4 anchor_shift=0
[FREE POLY] k=3 disc=2 raw=40 facets=3 vertices=6 rho=6.4 anchor_shift=0
[FREE POLY] k=4 disc=0 raw=40 facets=3 vertices=6 rho=7.2 anchor_shift=0
[FREE POLY] k=4 disc=1 raw=40 facets=4 vertices=7 rho=3.2 anchor_shift=0
[FREE POLY] k=4 disc=2 raw=40 facets=4 vertices=7 rho=7.2 anchor_shift=0
[FREE POLY] k=5 disc=0 raw=40 facets=5 vertices=8 rho=8 anchor_shift=0
[FREE POLY] k=5 disc=1 raw=40 facets=4 vertices=7 rho=4 anchor_shift=0
[FREE POLY] k=5 disc=2 raw=40 facets=4 vertices=7 rho=8 anchor_shift=0
[FREE POLY] k=6 disc=0 raw=40 facets=5 vertices=8 rho=8.8 anchor_shift=0
[FREE POLY] k=6 disc=1 raw=40 facets=4 vertices=7 rho=4.8 anchor_shift=0
[FREE POLY] k=6 disc=2 raw=40 facets=5 vertices=8 rho=8.8 anchor_shift=0
[FREE POLY] k=7 disc=0 raw=40 facets=5 vertices=8 rho=9.6 anchor_shift=0
[FREE POLY] k=7 disc=1 raw=40 facets=4 vertices=7 rho=5.6 anchor_shift=0
[FREE POLY] k=7 disc=2 raw=40 facets=5 vertices=8 rho=9.6 anchor_shift=0
[FREE POLY] k=8 disc=0 raw=40 facets=6 vertices=9 rho=10.4 anchor_shift=0
[FREE POLY] k=8 disc=1 raw=40 facets=4 vertices=7 rho=6.4 anchor_shift=0
[FREE POLY] k=8 disc=2 raw=40 facets=5 vertices=8 rho=10.4 anchor_shift=0
[RF SUPPORT SEED] removed=0 support_limit=-1
[SQP] before_solve iter=0 vars=16 constraints=124 max_d=-0.0555592
[QP WORST] iter=0 row=49 type=collision d=-0.0555592
[QP WORST COLLISION] scenario=12 k=6 obstacle=0 disc=0
[SQP] after_solve iter=0 converged=1 status=0 iterations=5 primal_residual=6.29988e-11 dual_residual=3.99522e-06 x_size=16 x_finite=1
[SQP LINESEARCH] iter=0 current_violation=0 accepted_violation=0 accepted=1 alpha=1 delta_u_norm=0.402873
[SQP SUPPORT] iter=0 support_size=0 support_limit=-1 support_ok=1
[SQP] before_solve iter=1 vars=16 constraints=124 max_d=-0.000222216
[QP WORST] iter=1 row=78 type=collision d=-0.000222216
[QP WORST COLLISION] scenario=12 k=8 obstacle=0 disc=0
[SQP] after_solve iter=1 converged=1 status=0 iterations=5 primal_residual=3.88578e-16 dual_residual=2.05245e-05 x_size=16 x_finite=1
[SQP LINESEARCH] iter=1 current_violation=0 accepted_violation=0 accepted=1 alpha=0.5 delta_u_norm=0.262855
[SQP SUPPORT] iter=1 support_size=0 support_limit=-1 support_ok=1
[SQP] before_solve iter=2 vars=16 constraints=124 max_d=-0.000116494
[QP WORST] iter=2 row=78 type=collision d=-0.000116494
[QP WORST COLLISION] scenario=12 k=8 obstacle=0 disc=0
[SQP] after_solve iter=2 converged=1 status=0 iterations=5 primal_residual=4.22405e-16 dual_residual=1.4882e-05 x_size=16 x_finite=1
[SQP LINESEARCH] iter=2 current_violation=0 accepted_violation=0 accepted=1 alpha=0.5 delta_u_norm=0.242444
[SQP SUPPORT] iter=2 support_size=0 support_limit=-1 support_ok=1
[SQP] before_solve iter=3 vars=16 constraints=124 max_d=-5.77127e-05
[QP WORST] iter=3 row=78 type=collision d=-5.77127e-05
[QP WORST COLLISION] scenario=12 k=8 obstacle=0 disc=0
[SQP] after_solve iter=3 converged=1 status=0 iterations=5 primal_residual=4.19803e-16 dual_residual=2.83759e-05 x_size=16 x_finite=1
[SQP LINESEARCH] iter=3 current_violation=0 accepted_violation=0 accepted=1 alpha=1 delta_u_norm=0.227026
[SQP SUPPORT] iter=3 support_size=0 support_limit=-1 support_ok=1
[SQP] before_solve iter=4 vars=16 constraints=124 max_d=-9.37719e-07
[QP WORST] iter=4 row=78 type=collision d=-9.37719e-07
[QP WORST COLLISION] scenario=12 k=8 obstacle=0 disc=0
[SQP] after_solve iter=4 converged=1 status=0 iterations=4 primal_residual=4.39102e-16 dual_residual=5.90724e-05 x_size=16 x_finite=1
[SQP LINESEARCH] iter=4 current_violation=0 accepted_violation=0 accepted=1 alpha=1 delta_u_norm=0.18735
[SQP SUPPORT] iter=4 support_size=0 support_limit=-1 support_ok=1
[SQP] before_solve iter=5 vars=16 constraints=124 max_d=-0.000198265
[QP WORST] iter=5 row=78 type=collision d=-0.000198265
[QP WORST COLLISION] scenario=12 k=8 obstacle=0 disc=0
[SQP] after_solve iter=5 converged=1 status=0 iterations=4 primal_residual=1.1673e-08 dual_residual=4.82591e-05 x_size=16 x_finite=1
[SQP LINESEARCH] iter=5 current_violation=0 accepted_violation=0 accepted=1 alpha=1 delta_u_norm=0.158554
[SQP SUPPORT] iter=5 support_size=0 support_limit=-1 support_ok=1
[SQP] before_solve iter=6 vars=16 constraints=124 max_d=-3.52788e-06
[QP WORST] iter=6 row=63 type=collision d=-3.52788e-06
[QP WORST COLLISION] scenario=12 k=7 obstacle=0 disc=0
[SQP] after_solve iter=6 converged=1 status=0 iterations=4 primal_residual=4.27369e-08 dual_residual=7.08112e-05 x_size=16 x_finite=1
[SQP LINESEARCH] iter=6 current_violation=0 accepted_violation=0 accepted=1 alpha=1 delta_u_norm=0.14101
[SQP SUPPORT] iter=6 support_size=0 support_limit=-1 support_ok=1
[SQP] before_solve iter=7 vars=16 constraints=124 max_d=-3.34115e-05
[QP WORST] iter=7 row=63 type=collision d=-3.34115e-05
[QP WORST COLLISION] scenario=12 k=7 obstacle=0 disc=0
[SQP] after_solve iter=7 converged=1 status=0 iterations=4 primal_residual=5.29687e-08 dual_residual=6.23478e-05 x_size=16 x_finite=1
[SQP LINESEARCH] iter=7 current_violation=0 accepted_violation=0 accepted=1 alpha=1 delta_u_norm=0.129205
[SQP SUPPORT] iter=7 support_size=0 support_limit=-1 support_ok=1
[SQP] before_solve iter=8 vars=16 constraints=124 max_d=-3.75849e-06
[QP WORST] iter=8 row=63 type=collision d=-3.75849e-06
[QP WORST COLLISION] scenario=12 k=7 obstacle=0 disc=0
[SQP] after_solve iter=8 converged=1 status=0 iterations=4 primal_residual=8.04347e-08 dual_residual=8.28576e-05 x_size=16 x_finite=1
[SQP LINESEARCH] iter=8 current_violation=0 accepted_violation=0 accepted=1 alpha=1 delta_u_norm=0.120341
[SQP SUPPORT] iter=8 support_size=0 support_limit=-1 support_ok=1
[SQP] before_solve iter=9 vars=16 constraints=124 max_d=-3.97835e-06
[QP WORST] iter=9 row=63 type=collision d=-3.97835e-06
[QP WORST COLLISION] scenario=12 k=7 obstacle=0 disc=0
[SQP] after_solve iter=9 converged=1 status=0 iterations=5 primal_residual=1.41603e-10 dual_residual=4.00081e-06 x_size=16 x_finite=1
[SQP LINESEARCH] iter=9 current_violation=0 accepted_violation=0 accepted=1 alpha=1 delta_u_norm=0.115273
[SQP SUPPORT] iter=9 support_size=0 support_limit=-1 support_ok=1
[SQP FINAL] final_violation=0 violated_constraints=0
[SUPPORT FINAL] sqp_union=0 final_active=1 support_limit=-1
[SUPPORT FINAL IDS] 12
[SUPPORT UNION IDS]
[COLD START RECOVERY CHECK] ordinary_sqp_failed=0 seed_available=1 incompatible=0 try_homotopy=0
[HARNESS RESULT] step=31 success=1 controls=8 first_input_present=1
[MPC STEP METRICS] step=31 applied=1 success=1 fallback=0 a=0.267614 omega=0.799999 dt=0.1 acceleration_weight=0.1 steering_weight=0.1 control_cost_unweighted=0.711616 control_cost_weighted=0.0711616 mpc_cost=-12.2319 solve_time=0.0372116 qp_solve_time=0.0249273 constraint_time=0.00736887 dro_risk_time=0 ambiguity_radius=0 certificate=not_requested
[EVAL SAFETY] step=32 min_center_distance=1.27947 min_clearance=0.329473 collision_this_step=0 collision_run=0 collision_radius=0.95
[RF BACKUP] available=1 controls=8 states=9
[FREE POLY] k=1 disc=0 raw=40 facets=4 vertices=7 rho=4.8 anchor_shift=0
[FREE POLY] k=1 disc=1 raw=40 facets=2 vertices=6 rho=0.800001 anchor_shift=0
[FREE POLY] k=1 disc=2 raw=40 facets=3 vertices=6 rho=4.8 anchor_shift=0
[FREE POLY] k=2 disc=0 raw=40 facets=4 vertices=7 rho=5.6 anchor_shift=0
[FREE POLY] k=2 disc=1 raw=40 facets=2 vertices=6 rho=1.6 anchor_shift=0
[FREE POLY] k=2 disc=2 raw=40 facets=4 vertices=7 rho=5.6 anchor_shift=0
[FREE POLY] k=3 disc=0 raw=40 facets=5 vertices=8 rho=6.4 anchor_shift=0
[FREE POLY] k=3 disc=1 raw=40 facets=4 vertices=7 rho=2.4 anchor_shift=0
[FREE POLY] k=3 disc=2 raw=40 facets=4 vertices=7 rho=6.4 anchor_shift=0
[FREE POLY] k=4 disc=0 raw=40 facets=4 vertices=7 rho=7.2 anchor_shift=0
[FREE POLY] k=4 disc=1 raw=40 facets=3 vertices=6 rho=3.2 anchor_shift=0
[FREE POLY] k=4 disc=2 raw=40 facets=3 vertices=6 rho=7.2 anchor_shift=0
[FREE POLY] k=5 disc=0 raw=40 facets=3 vertices=6 rho=8 anchor_shift=0
[FREE POLY] k=5 disc=1 raw=40 facets=4 vertices=7 rho=4 anchor_shift=0
[FREE POLY] k=5 disc=2 raw=40 facets=3 vertices=6 rho=8 anchor_shift=0
[FREE POLY] k=6 disc=0 raw=40 facets=3 vertices=6 rho=8.8 anchor_shift=0
[FREE POLY] k=6 disc=1 raw=40 facets=4 vertices=7 rho=4.8 anchor_shift=0
[FREE POLY] k=6 disc=2 raw=40 facets=4 vertices=7 rho=8.8 anchor_shift=0
[FREE POLY] k=7 disc=0 raw=40 facets=4 vertices=7 rho=9.6 anchor_shift=0
[FREE POLY] k=7 disc=1 raw=40 facets=4 vertices=7 rho=5.6 anchor_shift=0
[FREE POLY] k=7 disc=2 raw=40 facets=5 vertices=8 rho=9.6 anchor_shift=0
[FREE POLY] k=8 disc=0 raw=40 facets=5 vertices=8 rho=10.4 anchor_shift=0
[FREE POLY] k=8 disc=1 raw=40 facets=3 vertices=6 rho=6.4 anchor_shift=0
[FREE POLY] k=8 disc=2 raw=40 facets=4 vertices=7 rho=10.4 anchor_shift=0
[RF SUPPORT SEED] removed=0 support_limit=-1
[SQP] before_solve iter=0 vars=16 constraints=120 max_d=0.0217487
[QP WORST] iter=0 row=80 type=collision d=0.0217487
[QP WORST COLLISION] scenario=38 k=8 obstacle=0 disc=0
[SQP] after_solve iter=0 converged=1 status=0 iterations=5 primal_residual=5.19046e-11 dual_residual=1.34431e-05 x_size=16 x_finite=1
[SQP LINESEARCH] iter=0 current_violation=0.0217487 accepted_violation=0.000262249 accepted=1 alpha=1 delta_u_norm=0.312505
[SQP SUPPORT] iter=0 support_size=0 support_limit=-1 support_ok=1
[SQP] before_solve iter=1 vars=16 constraints=120 max_d=0.000262249
[QP WORST] iter=1 row=80 type=collision d=0.000262249
[QP WORST COLLISION] scenario=38 k=8 obstacle=0 disc=0
[SQP] after_solve iter=1 converged=1 status=0 iterations=5 primal_residual=3.10594e-14 dual_residual=8.34285e-06 x_size=16 x_finite=1
[SQP LINESEARCH] iter=1 current_violation=0.000262249 accepted_violation=7.68836e-06 accepted=1 alpha=1 delta_u_norm=0.1963
[SQP SUPPORT] iter=1 support_size=0 support_limit=-1 support_ok=1
[SQP] before_solve iter=2 vars=16 constraints=120 max_d=7.68836e-06
[QP WORST] iter=2 row=80 type=collision d=7.68836e-06
[QP WORST COLLISION] scenario=38 k=8 obstacle=0 disc=0
[SQP] after_solve iter=2 converged=1 status=0 iterations=5 primal_residual=1.49925e-09 dual_residual=1.11151e-05 x_size=16 x_finite=1
[SQP LINESEARCH] iter=2 current_violation=7.68836e-06 accepted_violation=0 accepted=1 alpha=1 delta_u_norm=0.165717
[SQP SUPPORT] iter=2 support_size=0 support_limit=-1 support_ok=1
[SQP] before_solve iter=3 vars=16 constraints=120 max_d=-2.34763e-06
[QP WORST] iter=3 row=53 type=collision d=-2.34763e-06
[QP WORST COLLISION] scenario=10 k=6 obstacle=0 disc=0
[SQP] after_solve iter=3 converged=1 status=0 iterations=5 primal_residual=2.26319e-09 dual_residual=1.08933e-05 x_size=16 x_finite=1
[SQP LINESEARCH] iter=3 current_violation=0 accepted_violation=0 accepted=1 alpha=1 delta_u_norm=0.149044
[SQP SUPPORT] iter=3 support_size=0 support_limit=-1 support_ok=1
[SQP] before_solve iter=4 vars=16 constraints=120 max_d=-1.91222e-06
[QP WORST] iter=4 row=53 type=collision d=-1.91222e-06
[QP WORST COLLISION] scenario=10 k=6 obstacle=0 disc=0
[SQP] after_solve iter=4 converged=1 status=0 iterations=5 primal_residual=2.11196e-09 dual_residual=9.672e-06 x_size=16 x_finite=1
[SQP LINESEARCH] iter=4 current_violation=0 accepted_violation=0 accepted=1 alpha=1 delta_u_norm=0.137238
[SQP SUPPORT] iter=4 support_size=0 support_limit=-1 support_ok=1
[SQP] before_solve iter=5 vars=16 constraints=120 max_d=-1.19292e-06
[QP WORST] iter=5 row=53 type=collision d=-1.19292e-06
[QP WORST COLLISION] scenario=10 k=6 obstacle=0 disc=0
[SQP] after_solve iter=5 converged=1 status=0 iterations=5 primal_residual=2.01219e-09 dual_residual=7.55522e-06 x_size=16 x_finite=1
[SQP LINESEARCH] iter=5 current_violation=0 accepted_violation=0 accepted=1 alpha=1 delta_u_norm=0.128038
[SQP SUPPORT] iter=5 support_size=0 support_limit=-1 support_ok=1
[SQP] before_solve iter=6 vars=16 constraints=120 max_d=-7.59223e-07
[QP WORST] iter=6 row=53 type=collision d=-7.59223e-07
[QP WORST COLLISION] scenario=10 k=6 obstacle=0 disc=0
[SQP] after_solve iter=6 converged=1 status=0 iterations=5 primal_residual=2.13206e-09 dual_residual=6.91468e-06 x_size=16 x_finite=1
[SQP LINESEARCH] iter=6 current_violation=0 accepted_violation=0 accepted=1 alpha=1 delta_u_norm=0.120277
[SQP SUPPORT] iter=6 support_size=0 support_limit=-1 support_ok=1
[SQP] before_solve iter=7 vars=16 constraints=120 max_d=-5.25648e-07
[QP WORST] iter=7 row=53 type=collision d=-5.25648e-07
[QP WORST COLLISION] scenario=10 k=6 obstacle=0 disc=0
[SQP] after_solve iter=7 converged=1 status=0 iterations=5 primal_residual=2.25808e-09 dual_residual=6.84506e-06 x_size=16 x_finite=1
[SQP LINESEARCH] iter=7 current_violation=0 accepted_violation=0 accepted=1 alpha=1 delta_u_norm=0.113373
[SQP SUPPORT] iter=7 support_size=0 support_limit=-1 support_ok=1
[SQP] before_solve iter=8 vars=16 constraints=120 max_d=-4.05147e-07
[QP WORST] iter=8 row=53 type=collision d=-4.05147e-07
[QP WORST COLLISION] scenario=10 k=6 obstacle=0 disc=0
[SQP] after_solve iter=8 converged=1 status=0 iterations=5 primal_residual=2.34242e-09 dual_residual=6.94762e-06 x_size=16 x_finite=1
[SQP LINESEARCH] iter=8 current_violation=0 accepted_violation=0 accepted=1 alpha=1 delta_u_norm=0.10709
[SQP SUPPORT] iter=8 support_size=0 support_limit=-1 support_ok=1
[SQP] before_solve iter=9 vars=16 constraints=120 max_d=-3.42255e-07
[QP WORST] iter=9 row=53 type=collision d=-3.42255e-07
[QP WORST COLLISION] scenario=10 k=6 obstacle=0 disc=0
[SQP] after_solve iter=9 converged=1 status=0 iterations=5 primal_residual=2.39467e-09 dual_residual=7.01383e-06 x_size=16 x_finite=1
[SQP LINESEARCH] iter=9 current_violation=0 accepted_violation=0 accepted=1 alpha=1 delta_u_norm=0.101302
[SQP SUPPORT] iter=9 support_size=0 support_limit=-1 support_ok=1
[SQP FINAL] final_violation=0 violated_constraints=0
[SUPPORT FINAL] sqp_union=0 final_active=2 support_limit=-1
[SUPPORT FINAL IDS] 10 38
[SUPPORT UNION IDS]
[COLD START RECOVERY CHECK] ordinary_sqp_failed=0 seed_available=1 incompatible=0 try_homotopy=0
[HARNESS RESULT] step=32 success=1 controls=8 first_input_present=1
[MPC STEP METRICS] step=32 applied=1 success=1 fallback=0 a=0.149171 omega=0.799987 dt=0.1 acceleration_weight=0.1 steering_weight=0.1 control_cost_unweighted=0.662232 control_cost_weighted=0.0662232 mpc_cost=-12.8641 solve_time=0.0379128 qp_solve_time=0.0259062 constraint_time=0.00714664 dro_risk_time=0 ambiguity_radius=0 certificate=not_requested
[EVAL SAFETY] step=33 min_center_distance=1.38364 min_clearance=0.433644 collision_this_step=0 collision_run=0 collision_radius=0.95
[RF BACKUP] available=1 controls=8 states=9
[FREE POLY] k=1 disc=0 raw=40 facets=6 vertices=9 rho=4.8 anchor_shift=0
[FREE POLY] k=1 disc=1 raw=40 facets=1 vertices=5 rho=0.800001 anchor_shift=0
[FREE POLY] k=1 disc=2 raw=40 facets=3 vertices=6 rho=4.8 anchor_shift=0
[FREE POLY] k=2 disc=0 raw=40 facets=4 vertices=7 rho=5.6 anchor_shift=0
[FREE POLY] k=2 disc=1 raw=40 facets=2 vertices=5 rho=1.6 anchor_shift=0
[FREE POLY] k=2 disc=2 raw=40 facets=2 vertices=5 rho=5.6 anchor_shift=0
[FREE POLY] k=3 disc=0 raw=40 facets=3 vertices=6 rho=6.4 anchor_shift=0
[FREE POLY] k=3 disc=1 raw=40 facets=2 vertices=5 rho=2.4 anchor_shift=0
[FREE POLY] k=3 disc=2 raw=40 facets=2 vertices=5 rho=6.4 anchor_shift=0
[FREE POLY] k=4 disc=0 raw=40 facets=4 vertices=7 rho=7.2 anchor_shift=0
[FREE POLY] k=4 disc=1 raw=40 facets=2 vertices=5 rho=3.2 anchor_shift=0
[FREE POLY] k=4 disc=2 raw=40 facets=2 vertices=5 rho=7.2 anchor_shift=0
[FREE POLY] k=5 disc=0 raw=40 facets=5 vertices=8 rho=8 anchor_shift=0
[FREE POLY] k=5 disc=1 raw=40 facets=3 vertices=6 rho=4 anchor_shift=0
[FREE POLY] k=5 disc=2 raw=40 facets=5 vertices=8 rho=8 anchor_shift=0
[FREE POLY] k=6 disc=0 raw=40 facets=7 vertices=10 rho=8.8 anchor_shift=0
[FREE POLY] k=6 disc=1 raw=40 facets=6 vertices=9 rho=4.8 anchor_shift=0
[FREE POLY] k=6 disc=2 raw=40 facets=6 vertices=9 rho=8.8 anchor_shift=0
[FREE POLY] k=7 disc=0 raw=40 facets=6 vertices=9 rho=9.6 anchor_shift=0
[FREE POLY] k=7 disc=1 raw=40 facets=4 vertices=7 rho=5.6 anchor_shift=0
[FREE POLY] k=7 disc=2 raw=40 facets=4 vertices=7 rho=9.6 anchor_shift=0
[FREE POLY] k=8 disc=0 raw=40 facets=4 vertices=7 rho=10.4 anchor_shift=0
[FREE POLY] k=8 disc=1 raw=40 facets=4 vertices=7 rho=6.4 anchor_shift=0
[FREE POLY] k=8 disc=2 raw=40 facets=4 vertices=7 rho=10.4 anchor_shift=0
[RF SUPPORT SEED] removed=0 support_limit=-1
[SQP] before_solve iter=0 vars=16 constraints=123 max_d=-0.0418102
[QP WORST] iter=0 row=36 type=collision d=-0.0418102
[QP WORST COLLISION] scenario=21 k=5 obstacle=0 disc=0
[SQP] after_solve iter=0 converged=1 status=0 iterations=4 primal_residual=7.68016e-08 dual_residual=8.05981e-05 x_size=16 x_finite=1
[SQP LINESEARCH] iter=0 current_violation=0 accepted_violation=0 accepted=1 alpha=1 delta_u_norm=0.403406
[SQP SUPPORT] iter=0 support_size=0 support_limit=-1 support_ok=1
[SQP] before_solve iter=1 vars=16 constraints=123 max_d=-0.000408689
[QP WORST] iter=1 row=69 type=collision d=-0.000408689
[QP WORST COLLISION] scenario=31 k=7 obstacle=0 disc=0
[SQP] after_solve iter=1 converged=1 status=0 iterations=5 primal_residual=9.85277e-09 dual_residual=6.09006e-06 x_size=16 x_finite=1
[SQP LINESEARCH] iter=1 current_violation=0 accepted_violation=0 accepted=1 alpha=0.5 delta_u_norm=0.218445
[SQP SUPPORT] iter=1 support_size=0 support_limit=-1 support_ok=1
[SQP] before_solve iter=2 vars=16 constraints=123 max_d=-0.000197695
[QP WORST] iter=2 row=69 type=collision d=-0.000197695
[QP WORST COLLISION] scenario=31 k=7 obstacle=0 disc=0
[SQP] after_solve iter=2 converged=1 status=0 iterations=5 primal_residual=4.30211e-16 dual_residual=6.37509e-06 x_size=16 x_finite=1
[SQP LINESEARCH] iter=2 current_violation=0 accepted_violation=0 accepted=1 alpha=0.5 delta_u_norm=0.190669
[SQP SUPPORT] iter=2 support_size=0 support_limit=-1 support_ok=1
[SQP] before_solve iter=3 vars=16 constraints=123 max_d=-0.0001004
[QP WORST] iter=3 row=69 type=collision d=-0.0001004
[QP WORST COLLISION] scenario=31 k=7 obstacle=0 disc=0
[SQP] after_solve iter=3 converged=1 status=0 iterations=5 primal_residual=4.14599e-16 dual_residual=7.7587e-06 x_size=16 x_finite=1
[SQP LINESEARCH] iter=3 current_violation=0 accepted_violation=0 accepted=1 alpha=1 delta_u_norm=0.175058
[SQP SUPPORT] iter=3 support_size=0 support_limit=-1 support_ok=1
[SQP] before_solve iter=4 vars=16 constraints=123 max_d=-1.30886e-06
[QP WORST] iter=4 row=82 type=collision d=-1.30886e-06
[QP WORST COLLISION] scenario=31 k=8 obstacle=0 disc=0
[SQP] after_solve iter=4 converged=1 status=0 iterations=5 primal_residual=3.88578e-16 dual_residual=9.07899e-06 x_size=16 x_finite=1
[SQP LINESEARCH] iter=4 current_violation=0 accepted_violation=0 accepted=1 alpha=1 delta_u_norm=0.156222
[SQP SUPPORT] iter=4 support_size=0 support_limit=-1 support_ok=1
[SQP] before_solve iter=5 vars=16 constraints=123 max_d=-9.02756e-06
[QP WORST] iter=5 row=82 type=collision d=-9.02756e-06
[QP WORST COLLISION] scenario=31 k=8 obstacle=0 disc=0
[SQP] after_solve iter=5 converged=1 status=0 iterations=5 primal_residual=4.39536e-16 dual_residual=1.7418e-05 x_size=16 x_finite=1
[SQP LINESEARCH] iter=5 current_violation=0 accepted_violation=0 accepted=1 alpha=1 delta_u_norm=0.144504
[SQP SUPPORT] iter=5 support_size=0 support_limit=-1 support_ok=1
[SQP] before_solve iter=6 vars=16 constraints=123 max_d=-1.0274e-05
[QP WORST] iter=6 row=82 type=collision d=-1.0274e-05
[QP WORST COLLISION] scenario=31 k=8 obstacle=0 disc=0
[SQP] after_solve iter=6 converged=1 status=0 iterations=5 primal_residual=3.95517e-16 dual_residual=1.75662e-05 x_size=16 x_finite=1
[SQP LINESEARCH] iter=6 current_violation=0 accepted_violation=0 accepted=1 alpha=1 delta_u_norm=0.132934
[SQP SUPPORT] iter=6 support_size=0 support_limit=-1 support_ok=1
[SQP] before_solve iter=7 vars=16 constraints=123 max_d=-1.04256e-05
[QP WORST] iter=7 row=82 type=collision d=-1.04256e-05
[QP WORST COLLISION] scenario=31 k=8 obstacle=0 disc=0
[SQP] after_solve iter=7 converged=1 status=0 iterations=5 primal_residual=4.02456e-16 dual_residual=1.76996e-05 x_size=16 x_finite=1
[SQP LINESEARCH] iter=7 current_violation=0 accepted_violation=0 accepted=1 alpha=1 delta_u_norm=0.122358
[SQP SUPPORT] iter=7 support_size=0 support_limit=-1 support_ok=1
[SQP] before_solve iter=8 vars=16 constraints=123 max_d=-9.59707e-06
[QP WORST] iter=8 row=82 type=collision d=-9.59707e-06
[QP WORST COLLISION] scenario=31 k=8 obstacle=0 disc=0
[SQP] after_solve iter=8 converged=1 status=0 iterations=5 primal_residual=1.9891e-08 dual_residual=2.0072e-05 x_size=16 x_finite=1
[SQP LINESEARCH] iter=8 current_violation=0 accepted_violation=0 accepted=1 alpha=1 delta_u_norm=0.114088
[SQP SUPPORT] iter=8 support_size=0 support_limit=-1 support_ok=1
[SQP] before_solve iter=9 vars=16 constraints=123 max_d=-2.18845e-06
[QP WORST] iter=9 row=36 type=collision d=-2.18845e-06
[QP WORST COLLISION] scenario=21 k=5 obstacle=0 disc=0
[SQP] after_solve iter=9 converged=1 status=0 iterations=5 primal_residual=3.34271e-08 dual_residual=2.17521e-05 x_size=16 x_finite=1
[SQP LINESEARCH] iter=9 current_violation=0 accepted_violation=0 accepted=1 alpha=1 delta_u_norm=0.107309
[SQP SUPPORT] iter=9 support_size=0 support_limit=-1 support_ok=1
[SQP FINAL] final_violation=0 violated_constraints=0
[SUPPORT FINAL] sqp_union=0 final_active=2 support_limit=-1
[SUPPORT FINAL IDS] 21 31
[SUPPORT UNION IDS]
[COLD START RECOVERY CHECK] ordinary_sqp_failed=0 seed_available=1 incompatible=0 try_homotopy=0
[HARNESS RESULT] step=33 success=1 controls=8 first_input_present=1
[MPC STEP METRICS] step=33 applied=1 success=1 fallback=0 a=0.00600441 omega=0.799804 dt=0.1 acceleration_weight=0.1 steering_weight=0.1 control_cost_unweighted=0.639723 control_cost_weighted=0.0639723 mpc_cost=-13.5645 solve_time=0.0377319 qp_solve_time=0.0253514 constraint_time=0.00741206 dro_risk_time=0 ambiguity_radius=0 certificate=not_requested
[EVAL SAFETY] step=34 min_center_distance=1.4963 min_clearance=0.546298 collision_this_step=0 collision_run=0 collision_radius=0.95
[RF BACKUP] available=1 controls=8 states=9
[FREE POLY] k=1 disc=0 raw=40 facets=6 vertices=9 rho=4.8 anchor_shift=0
[FREE POLY] k=1 disc=1 raw=40 facets=2 vertices=6 rho=0.800001 anchor_shift=0
[FREE POLY] k=1 disc=2 raw=40 facets=2 vertices=5 rho=4.8 anchor_shift=0
[FREE POLY] k=2 disc=0 raw=40 facets=6 vertices=9 rho=5.6 anchor_shift=0
[FREE POLY] k=2 disc=1 raw=40 facets=3 vertices=6 rho=1.6 anchor_shift=0
[FREE POLY] k=2 disc=2 raw=40 facets=3 vertices=6 rho=5.6 anchor_shift=0
[FREE POLY] k=3 disc=0 raw=40 facets=6 vertices=9 rho=6.4 anchor_shift=0
[FREE POLY] k=3 disc=1 raw=40 facets=4 vertices=7 rho=2.4 anchor_shift=0
[FREE POLY] k=3 disc=2 raw=40 facets=3 vertices=6 rho=6.4 anchor_shift=0
[FREE POLY] k=4 disc=0 raw=40 facets=6 vertices=9 rho=7.2 anchor_shift=0
[FREE POLY] k=4 disc=1 raw=40 facets=3 vertices=6 rho=3.2 anchor_shift=0
[FREE POLY] k=4 disc=2 raw=40 facets=2 vertices=5 rho=7.2 anchor_shift=0
[FREE POLY] k=5 disc=0 raw=40 facets=5 vertices=8 rho=8 anchor_shift=0
[FREE POLY] k=5 disc=1 raw=40 facets=3 vertices=6 rho=4 anchor_shift=0
[FREE POLY] k=5 disc=2 raw=40 facets=3 vertices=6 rho=8 anchor_shift=0
[FREE POLY] k=6 disc=0 raw=40 facets=4 vertices=7 rho=8.8 anchor_shift=0
[FREE POLY] k=6 disc=1 raw=40 facets=3 vertices=6 rho=4.8 anchor_shift=0
[FREE POLY] k=6 disc=2 raw=40 facets=3 vertices=6 rho=8.8 anchor_shift=0
[FREE POLY] k=7 disc=0 raw=40 facets=3 vertices=6 rho=9.6 anchor_shift=0
[FREE POLY] k=7 disc=1 raw=40 facets=3 vertices=6 rho=5.6 anchor_shift=0
[FREE POLY] k=7 disc=2 raw=40 facets=3 vertices=6 rho=9.6 anchor_shift=0
[FREE POLY] k=8 disc=0 raw=40 facets=5 vertices=7 rho=10.4 anchor_shift=0
[FREE POLY] k=8 disc=1 raw=40 facets=4 vertices=7 rho=6.4 anchor_shift=0
[FREE POLY] k=8 disc=2 raw=40 facets=4 vertices=7 rho=10.4 anchor_shift=0
[RF SUPPORT SEED] removed=0 support_limit=-1
[SQP] before_solve iter=0 vars=16 constraints=121 max_d=0.00247646
[QP WORST] iter=0 row=58 type=collision d=0.00247646
[QP WORST COLLISION] scenario=11 k=6 obstacle=0 disc=0
[SQP] after_solve iter=0 converged=1 status=0 iterations=4 primal_residual=1.43978e-08 dual_residual=8.22519e-05 x_size=16 x_finite=1
[SQP LINESEARCH] iter=0 current_violation=0.00247646 accepted_violation=0 accepted=1 alpha=1 delta_u_norm=0.406237
[SQP SUPPORT] iter=0 support_size=0 support_limit=-1 support_ok=1
[SQP] before_solve iter=1 vars=16 constraints=121 max_d=-7.78401e-05
[QP WORST] iter=1 row=68 type=collision d=-7.78401e-05
[QP WORST COLLISION] scenario=11 k=7 obstacle=0 disc=0
[SQP] after_solve iter=1 converged=1 status=0 iterations=5 primal_residual=4.95885e-09 dual_residual=1.01926e-05 x_size=16 x_finite=1
[SQP LINESEARCH] iter=1 current_violation=0 accepted_violation=0 accepted=1 alpha=1 delta_u_norm=0.281907
[SQP SUPPORT] iter=1 support_size=0 support_limit=-1 support_ok=1
[SQP] before_solve iter=2 vars=16 constraints=121 max_d=-4.16526e-06
[QP WORST] iter=2 row=48 type=collision d=-4.16526e-06
[QP WORST COLLISION] scenario=11 k=5 obstacle=0 disc=0
[SQP] after_solve iter=2 converged=1 status=0 iterations=5 primal_residual=6.90255e-09 dual_residual=1.15449e-05 x_size=16 x_finite=1
[SQP LINESEARCH] iter=2 current_violation=0 accepted_violation=0 accepted=1 alpha=1 delta_u_norm=0.162777
[SQP SUPPORT] iter=2 support_size=0 support_limit=-1 support_ok=1
[SQP] before_solve iter=3 vars=16 constraints=121 max_d=-1.56088e-05
[QP WORST] iter=3 row=58 type=collision d=-1.56088e-05
[QP WORST COLLISION] scenario=11 k=6 obstacle=0 disc=0
[SQP] after_solve iter=3 converged=1 status=0 iterations=5 primal_residual=3.49636e-09 dual_residual=1.6625e-05 x_size=16 x_finite=1
[SQP LINESEARCH] iter=3 current_violation=0 accepted_violation=0 accepted=1 alpha=1 delta_u_norm=0.149071
[SQP SUPPORT] iter=3 support_size=0 support_limit=-1 support_ok=1
[SQP] before_solve iter=4 vars=16 constraints=121 max_d=-1.35568e-05
[QP WORST] iter=4 row=58 type=collision d=-1.35568e-05
[QP WORST COLLISION] scenario=11 k=6 obstacle=0 disc=0
[SQP] after_solve iter=4 converged=1 status=0 iterations=5 primal_residual=4.66291e-09 dual_residual=1.66469e-05 x_size=16 x_finite=1
[SQP LINESEARCH] iter=4 current_violation=0 accepted_violation=0 accepted=1 alpha=1 delta_u_norm=0.138085
[SQP SUPPORT] iter=4 support_size=0 support_limit=-1 support_ok=1
[SQP] before_solve iter=5 vars=16 constraints=121 max_d=-1.50547e-05
[QP WORST] iter=5 row=58 type=collision d=-1.50547e-05
[QP WORST COLLISION] scenario=11 k=6 obstacle=0 disc=0
[SQP] after_solve iter=5 converged=1 status=0 iterations=5 primal_residual=7.17667e-09 dual_residual=9.82799e-06 x_size=16 x_finite=1
[SQP LINESEARCH] iter=5 current_violation=0 accepted_violation=0 accepted=1 alpha=1 delta_u_norm=0.128718
[SQP SUPPORT] iter=5 support_size=0 support_limit=-1 support_ok=1
[SQP] before_solve iter=6 vars=16 constraints=121 max_d=-1.85532e-05
[QP WORST] iter=6 row=58 type=collision d=-1.85532e-05
[QP WORST COLLISION] scenario=11 k=6 obstacle=0 disc=0
[SQP] after_solve iter=6 converged=1 status=0 iterations=5 primal_residual=7.75398e-09 dual_residual=9.97766e-06 x_size=16 x_finite=1
[SQP LINESEARCH] iter=6 current_violation=0 accepted_violation=0 accepted=1 alpha=1 delta_u_norm=0.121011
[SQP SUPPORT] iter=6 support_size=0 support_limit=-1 support_ok=1
[SQP] before_solve iter=7 vars=16 constraints=121 max_d=-2.01004e-05
[QP WORST] iter=7 row=58 type=collision d=-2.01004e-05
[QP WORST COLLISION] scenario=11 k=6 obstacle=0 disc=0
[SQP] after_solve iter=7 converged=1 status=0 iterations=5 primal_residual=7.73214e-09 dual_residual=1.0448e-05 x_size=16 x_finite=1
[SQP LINESEARCH] iter=7 current_violation=0 accepted_violation=0 accepted=1 alpha=1 delta_u_norm=0.114195
[SQP SUPPORT] iter=7 support_size=0 support_limit=-1 support_ok=1
[SQP] before_solve iter=8 vars=16 constraints=121 max_d=-2.02109e-05
[QP WORST] iter=8 row=58 type=collision d=-2.02109e-05
[QP WORST COLLISION] scenario=11 k=6 obstacle=0 disc=0
[SQP] after_solve iter=8 converged=1 status=0 iterations=5 primal_residual=7.39639e-09 dual_residual=1.0614e-05 x_size=16 x_finite=1
[SQP LINESEARCH] iter=8 current_violation=0 accepted_violation=0 accepted=1 alpha=1 delta_u_norm=0.107947
[SQP SUPPORT] iter=8 support_size=0 support_limit=-1 support_ok=1
[SQP] before_solve iter=9 vars=16 constraints=121 max_d=-1.97713e-05
[QP WORST] iter=9 row=58 type=collision d=-1.97713e-05
[QP WORST COLLISION] scenario=11 k=6 obstacle=0 disc=0
[SQP] after_solve iter=9 converged=1 status=0 iterations=5 primal_residual=6.89561e-09 dual_residual=1.06367e-05 x_size=16 x_finite=1
[SQP LINESEARCH] iter=9 current_violation=0 accepted_violation=0 accepted=1 alpha=1 delta_u_norm=0.102161
[SQP SUPPORT] iter=9 support_size=0 support_limit=-1 support_ok=1
[SQP FINAL] final_violation=0 violated_constraints=0
[SUPPORT FINAL] sqp_union=0 final_active=2 support_limit=-1
[SUPPORT FINAL IDS] 0 11
[SUPPORT UNION IDS]
[COLD START RECOVERY CHECK] ordinary_sqp_failed=0 seed_available=1 incompatible=0 try_homotopy=0
[HARNESS RESULT] step=34 success=1 controls=8 first_input_present=1
[MPC STEP METRICS] step=34 applied=1 success=1 fallback=0 a=-0.0790727 omega=0.798125 dt=0.1 acceleration_weight=0.1 steering_weight=0.1 control_cost_unweighted=0.643256 control_cost_weighted=0.0643256 mpc_cost=-14.2108 solve_time=0.036275 qp_solve_time=0.0239059 constraint_time=0.00739506 dro_risk_time=0 ambiguity_radius=0 certificate=not_requested
[EVAL SAFETY] step=35 min_center_distance=1.61485 min_clearance=0.664849 collision_this_step=0 collision_run=0 collision_radius=0.95
[RF BACKUP] available=1 controls=8 states=9
[FREE POLY] k=1 disc=0 raw=40 facets=4 vertices=7 rho=4.8 anchor_shift=0
[FREE POLY] k=1 disc=1 raw=40 facets=1 vertices=5 rho=0.800001 anchor_shift=0
[FREE POLY] k=1 disc=2 raw=40 facets=2 vertices=5 rho=4.8 anchor_shift=0
[FREE POLY] k=2 disc=0 raw=40 facets=3 vertices=6 rho=5.6 anchor_shift=0
[FREE POLY] k=2 disc=1 raw=40 facets=3 vertices=6 rho=1.6 anchor_shift=0
[FREE POLY] k=2 disc=2 raw=40 facets=1 vertices=4 rho=5.6 anchor_shift=0
[FREE POLY] k=3 disc=0 raw=40 facets=3 vertices=6 rho=6.4 anchor_shift=0
[FREE POLY] k=3 disc=1 raw=40 facets=2 vertices=5 rho=2.4 anchor_shift=0
[FREE POLY] k=3 disc=2 raw=40 facets=2 vertices=5 rho=6.4 anchor_shift=0
[FREE POLY] k=4 disc=0 raw=40 facets=3 vertices=6 rho=7.2 anchor_shift=0
[FREE POLY] k=4 disc=1 raw=40 facets=2 vertices=5 rho=3.2 anchor_shift=0
[FREE POLY] k=4 disc=2 raw=40 facets=4 vertices=7 rho=7.2 anchor_shift=0
[FREE POLY] k=5 disc=0 raw=40 facets=5 vertices=8 rho=8 anchor_shift=0
[FREE POLY] k=5 disc=1 raw=40 facets=3 vertices=6 rho=4 anchor_shift=0
[FREE POLY] k=5 disc=2 raw=40 facets=4 vertices=7 rho=8 anchor_shift=0
[FREE POLY] k=6 disc=0 raw=40 facets=4 vertices=7 rho=8.8 anchor_shift=0
[FREE POLY] k=6 disc=1 raw=40 facets=4 vertices=7 rho=4.8 anchor_shift=0
[FREE POLY] k=6 disc=2 raw=40 facets=4 vertices=7 rho=8.8 anchor_shift=0
[FREE POLY] k=7 disc=0 raw=40 facets=6 vertices=8 rho=9.6 anchor_shift=0
[FREE POLY] k=7 disc=1 raw=40 facets=6 vertices=9 rho=5.6 anchor_shift=0
[FREE POLY] k=7 disc=2 raw=40 facets=6 vertices=9 rho=9.6 anchor_shift=0
[FREE POLY] k=8 disc=0 raw=40 facets=5 vertices=8 rho=10.4 anchor_shift=0
[FREE POLY] k=8 disc=1 raw=40 facets=5 vertices=8 rho=6.4 anchor_shift=0
[FREE POLY] k=8 disc=2 raw=40 facets=5 vertices=8 rho=10.4 anchor_shift=0
[RF SUPPORT SEED] removed=0 support_limit=-1
[SQP] before_solve iter=0 vars=16 constraints=119 max_d=0.0131328
[QP WORST] iter=0 row=54 type=collision d=0.0131328
[QP WORST COLLISION] scenario=3 k=7 obstacle=0 disc=0
[SQP] after_solve iter=0 converged=1 status=0 iterations=5 primal_residual=1.40956e-08 dual_residual=1.86084e-05 x_size=16 x_finite=1
[SQP LINESEARCH] iter=0 current_violation=0.0131328 accepted_violation=2.06524e-05 accepted=1 alpha=1 delta_u_norm=0.342745
[SQP SUPPORT] iter=0 support_size=0 support_limit=-1 support_ok=1
[SQP] before_solve iter=1 vars=16 constraints=119 max_d=2.06524e-05
[QP WORST] iter=1 row=22 type=collision d=2.06524e-05
[QP WORST COLLISION] scenario=35 k=4 obstacle=0 disc=0
[SQP] after_solve iter=1 converged=1 status=0 iterations=5 primal_residual=2.06284e-09 dual_residual=1.2836e-05 x_size=16 x_finite=1
[SQP LINESEARCH] iter=1 current_violation=2.06524e-05 accepted_violation=0 accepted=1 alpha=1 delta_u_norm=0.268254
[SQP SUPPORT] iter=1 support_size=0 support_limit=-1 support_ok=1
[SQP] before_solve iter=2 vars=16 constraints=119 max_d=-8.1025e-07
[QP WORST] iter=2 row=22 type=collision d=-8.1025e-07
[QP WORST COLLISION] scenario=35 k=4 obstacle=0 disc=0
[SQP] after_solve iter=2 converged=1 status=0 iterations=5 primal_residual=2.57795e-10 dual_residual=1.01758e-05 x_size=16 x_finite=1
[SQP LINESEARCH] iter=2 current_violation=0 accepted_violation=0 accepted=1 alpha=1 delta_u_norm=0.237879
[SQP SUPPORT] iter=2 support_size=0 support_limit=-1 support_ok=1
[SQP] before_solve iter=3 vars=16 constraints=119 max_d=-2.10369e-06
[QP WORST] iter=3 row=22 type=collision d=-2.10369e-06
[QP WORST COLLISION] scenario=35 k=4 obstacle=0 disc=0
[SQP] after_solve iter=3 converged=1 status=0 iterations=5 primal_residual=4.09395e-16 dual_residual=2.26828e-05 x_size=16 x_finite=1
[SQP LINESEARCH] iter=3 current_violation=0 accepted_violation=0 accepted=1 alpha=1 delta_u_norm=0.195952
[SQP SUPPORT] iter=3 support_size=0 support_limit=-1 support_ok=1
[SQP] before_solve iter=4 vars=16 constraints=119 max_d=-1.2715e-05
[QP WORST] iter=4 row=22 type=collision d=-1.2715e-05
[QP WORST COLLISION] scenario=35 k=4 obstacle=0 disc=0
[SQP] after_solve iter=4 converged=1 status=0 iterations=5 primal_residual=1.1207e-08 dual_residual=2.48794e-05 x_size=16 x_finite=1
[SQP LINESEARCH] iter=4 current_violation=0 accepted_violation=0 accepted=1 alpha=1 delta_u_norm=0.136805
[SQP SUPPORT] iter=4 support_size=0 support_limit=-1 support_ok=1
[SQP] before_solve iter=5 vars=16 constraints=119 max_d=-2.82846e-06
[QP WORST] iter=5 row=72 type=collision d=-2.82846e-06
[QP WORST COLLISION] scenario=3 k=8 obstacle=0 disc=0
[SQP] after_solve iter=5 converged=1 status=0 iterations=5 primal_residual=7.88238e-09 dual_residual=1.95806e-05 x_size=16 x_finite=1
[SQP LINESEARCH] iter=5 current_violation=0 accepted_violation=0 accepted=1 alpha=1 delta_u_norm=0.127657
[SQP SUPPORT] iter=5 support_size=0 support_limit=-1 support_ok=1
[SQP] before_solve iter=6 vars=16 constraints=119 max_d=-7.01134e-07
[QP WORST] iter=6 row=72 type=collision d=-7.01134e-07
[QP WORST COLLISION] scenario=3 k=8 obstacle=0 disc=0
[SQP] after_solve iter=6 converged=1 status=0 iterations=5 primal_residual=5.68028e-09 dual_residual=1.6904e-05 x_size=16 x_finite=1
[SQP LINESEARCH] iter=6 current_violation=0 accepted_violation=0 accepted=1 alpha=1 delta_u_norm=0.12033
[SQP SUPPORT] iter=6 support_size=0 support_limit=-1 support_ok=1
[SQP] before_solve iter=7 vars=16 constraints=119 max_d=-5.05311e-07
[QP WORST] iter=7 row=72 type=collision d=-5.05311e-07
[QP WORST COLLISION] scenario=3 k=8 obstacle=0 disc=0
[SQP] after_solve iter=7 converged=1 status=0 iterations=5 primal_residual=4.4155e-09 dual_residual=1.63352e-05 x_size=16 x_finite=1
[SQP LINESEARCH] iter=7 current_violation=0 accepted_violation=0 accepted=1 alpha=1 delta_u_norm=0.113677
[SQP SUPPORT] iter=7 support_size=0 support_limit=-1 support_ok=1
[SQP] before_solve iter=8 vars=16 constraints=119 max_d=-3.679e-07
[QP WORST] iter=8 row=72 type=collision d=-3.679e-07
[QP WORST COLLISION] scenario=3 k=8 obstacle=0 disc=0
[SQP] after_solve iter=8 converged=1 status=0 iterations=5 primal_residual=4.2513e-09 dual_residual=1.75185e-05 x_size=16 x_finite=1
[SQP LINESEARCH] iter=8 current_violation=0 accepted_violation=0 accepted=1 alpha=1 delta_u_norm=0.107515
[SQP SUPPORT] iter=8 support_size=0 support_limit=-1 support_ok=1
[SQP] before_solve iter=9 vars=16 constraints=119 max_d=-3.29602e-07
[QP WORST] iter=9 row=72 type=collision d=-3.29602e-07
[QP WORST COLLISION] scenario=3 k=8 obstacle=0 disc=0
[SQP] after_solve iter=9 converged=1 status=0 iterations=5 primal_residual=7.93055e-08 dual_residual=5.62514e-05 x_size=16 x_finite=1
[SQP LINESEARCH] iter=9 current_violation=0 accepted_violation=0 accepted=1 alpha=1 delta_u_norm=0.101557
[SQP SUPPORT] iter=9 support_size=0 support_limit=-1 support_ok=1
[SQP FINAL] final_violation=0 violated_constraints=0
[SUPPORT FINAL] sqp_union=0 final_active=3 support_limit=-1
[SUPPORT FINAL IDS] 3 27 35
[SUPPORT UNION IDS]
[COLD START RECOVERY CHECK] ordinary_sqp_failed=0 seed_available=1 incompatible=0 try_homotopy=0
[HARNESS RESULT] step=35 success=1 controls=8 first_input_present=1
[MPC STEP METRICS] step=35 applied=1 success=1 fallback=0 a=-0.123103 omega=-0.588863 dt=0.1 acceleration_weight=0.1 steering_weight=0.1 control_cost_unweighted=0.361914 control_cost_weighted=0.0361914 mpc_cost=-14.9008 solve_time=0.036833 qp_solve_time=0.0247775 constraint_time=0.00710649 dro_risk_time=0 ambiguity_radius=0 certificate=not_requested
[EVAL SAFETY] step=36 min_center_distance=1.43189 min_clearance=0.481895 collision_this_step=0 collision_run=0 collision_radius=0.95
[RF BACKUP] available=1 controls=8 states=9
[FREE POLY] k=1 disc=0 raw=40 facets=5 vertices=8 rho=4.8 anchor_shift=0
[FREE POLY] k=1 disc=1 raw=40 facets=1 vertices=5 rho=0.800001 anchor_shift=0
[FREE POLY] k=1 disc=2 raw=40 facets=4 vertices=7 rho=4.8 anchor_shift=0
[FREE POLY] k=2 disc=0 raw=40 facets=6 vertices=9 rho=5.6 anchor_shift=0
[FREE POLY] k=2 disc=1 raw=40 facets=2 vertices=5 rho=1.6 anchor_shift=0
[FREE POLY] k=2 disc=2 raw=40 facets=2 vertices=5 rho=5.6 anchor_shift=0
[FREE POLY] k=3 disc=0 raw=40 facets=4 vertices=7 rho=6.4 anchor_shift=0
[FREE POLY] k=3 disc=1 raw=40 facets=2 vertices=5 rho=2.4 anchor_shift=0
[FREE POLY] k=3 disc=2 raw=40 facets=2 vertices=5 rho=6.4 anchor_shift=0
[FREE POLY] k=4 disc=0 raw=40 facets=3 vertices=6 rho=7.2 anchor_shift=0
[FREE POLY] k=4 disc=1 raw=40 facets=2 vertices=5 rho=3.2 anchor_shift=0
[FREE POLY] k=4 disc=2 raw=40 facets=2 vertices=5 rho=7.2 anchor_shift=0
[FREE POLY] k=5 disc=0 raw=40 facets=3 vertices=6 rho=8 anchor_shift=0
[FREE POLY] k=5 disc=1 raw=40 facets=2 vertices=5 rho=4 anchor_shift=0
[FREE POLY] k=5 disc=2 raw=40 facets=2 vertices=5 rho=8 anchor_shift=0
[FREE POLY] k=6 disc=0 raw=40 facets=3 vertices=5 rho=8.8 anchor_shift=0
[FREE POLY] k=6 disc=1 raw=40 facets=2 vertices=5 rho=4.8 anchor_shift=0
[FREE POLY] k=6 disc=2 raw=40 facets=2 vertices=5 rho=8.8 anchor_shift=0
[FREE POLY] k=7 disc=0 raw=40 facets=2 vertices=5 rho=9.6 anchor_shift=0
[FREE POLY] k=7 disc=1 raw=40 facets=2 vertices=5 rho=5.6 anchor_shift=0
[FREE POLY] k=7 disc=2 raw=40 facets=2 vertices=5 rho=9.6 anchor_shift=0
[FREE POLY] k=8 disc=0 raw=40 facets=3 vertices=6 rho=10.4 anchor_shift=0
[FREE POLY] k=8 disc=1 raw=40 facets=3 vertices=6 rho=6.4 anchor_shift=0
[FREE POLY] k=8 disc=2 raw=40 facets=3 vertices=6 rho=10.4 anchor_shift=0
[RF SUPPORT SEED] removed=0 support_limit=-1
[SQP] before_solve iter=0 vars=16 constraints=96 max_d=0.00166866
[QP WORST] iter=0 row=37 type=collision d=0.00166866
[QP WORST COLLISION] scenario=33 k=5 obstacle=0 disc=0
[SQP] after_solve iter=0 converged=1 status=0 iterations=5 primal_residual=3.88578e-16 dual_residual=1.92006e-05 x_size=16 x_finite=1
[SQP LINESEARCH] iter=0 current_violation=0.00166866 accepted_violation=7.27327e-06 accepted=1 alpha=1 delta_u_norm=0.299205
[SQP SUPPORT] iter=0 support_size=0 support_limit=-1 support_ok=1
[SQP] before_solve iter=1 vars=16 constraints=96 max_d=7.27327e-06
[QP WORST] iter=1 row=37 type=collision d=7.27327e-06
[QP WORST COLLISION] scenario=33 k=5 obstacle=0 disc=0
[SQP] after_solve iter=1 converged=1 status=0 iterations=4 primal_residual=7.18241e-09 dual_residual=7.39695e-05 x_size=16 x_finite=1
[SQP LINESEARCH] iter=1 current_violation=7.27327e-06 accepted_violation=9.97993e-07 accepted=1 alpha=1 delta_u_norm=0.212395
[SQP SUPPORT] iter=1 support_size=0 support_limit=-1 support_ok=1
[SQP] before_solve iter=2 vars=16 constraints=96 max_d=9.97993e-07
[QP WORST] iter=2 row=37 type=collision d=9.97993e-07
[QP WORST COLLISION] scenario=33 k=5 obstacle=0 disc=0
[SQP] after_solve iter=2 converged=1 status=0 iterations=4 primal_residual=4.55236e-09 dual_residual=7.15763e-05 x_size=16 x_finite=1
[SQP LINESEARCH] iter=2 current_violation=9.97993e-07 accepted_violation=0 accepted=1 alpha=1 delta_u_norm=0.18582
[SQP SUPPORT] iter=2 support_size=0 support_limit=-1 support_ok=1
[SQP] before_solve iter=3 vars=16 constraints=96 max_d=-1.94358e-06
[QP WORST] iter=3 row=37 type=collision d=-1.94358e-06
[QP WORST COLLISION] scenario=33 k=5 obstacle=0 disc=0
[SQP] after_solve iter=3 converged=1 status=0 iterations=4 primal_residual=1.70802e-08 dual_residual=8.52419e-05 x_size=16 x_finite=1
[SQP LINESEARCH] iter=3 current_violation=0 accepted_violation=0 accepted=1 alpha=1 delta_u_norm=0.169534
[SQP SUPPORT] iter=3 support_size=0 support_limit=-1 support_ok=1
[SQP] before_solve iter=4 vars=16 constraints=96 max_d=-3.65686e-06
[QP WORST] iter=4 row=30 type=collision d=-3.65686e-06
[QP WORST COLLISION] scenario=33 k=4 obstacle=0 disc=0
[SQP] after_solve iter=4 converged=1 status=0 iterations=5 primal_residual=4.26308e-16 dual_residual=2.65603e-06 x_size=16 x_finite=1
[SQP LINESEARCH] iter=4 current_violation=0 accepted_violation=0 accepted=1 alpha=0.5 delta_u_norm=0.158005
[SQP SUPPORT] iter=4 support_size=0 support_limit=-1 support_ok=1
[SQP] before_solve iter=5 vars=16 constraints=96 max_d=-1.83798e-06
[QP WORST] iter=5 row=30 type=collision d=-1.83798e-06
[QP WORST COLLISION] scenario=33 k=4 obstacle=0 disc=0
[SQP] after_solve iter=5 converged=1 status=0 iterations=5 primal_residual=4.16334e-16 dual_residual=4.58993e-06 x_size=16 x_finite=1
[SQP LINESEARCH] iter=5 current_violation=0 accepted_violation=0 accepted=1 alpha=1 delta_u_norm=0.15243
[SQP SUPPORT] iter=5 support_size=0 support_limit=-1 support_ok=1
[SQP] before_solve iter=6 vars=16 constraints=96 max_d=-2.15836e-09
[QP WORST] iter=6 row=30 type=collision d=-2.15836e-09
[QP WORST COLLISION] scenario=33 k=4 obstacle=0 disc=0
[SQP] after_solve iter=6 converged=1 status=0 iterations=5 primal_residual=4.02456e-16 dual_residual=1.07634e-05 x_size=16 x_finite=1
[SQP LINESEARCH] iter=6 current_violation=0 accepted_violation=0 accepted=1 alpha=1 delta_u_norm=0.141782
[SQP SUPPORT] iter=6 support_size=0 support_limit=-1 support_ok=1
[SQP] before_solve iter=7 vars=16 constraints=96 max_d=-2.13104e-07
[QP WORST] iter=7 row=30 type=collision d=-2.13104e-07
[QP WORST COLLISION] scenario=33 k=4 obstacle=0 disc=0
[SQP] after_solve iter=7 converged=1 status=0 iterations=5 primal_residual=4.2994e-16 dual_residual=1.67834e-05 x_size=16 x_finite=1
[SQP LINESEARCH] iter=7 current_violation=0 accepted_violation=0 accepted=1 alpha=1 delta_u_norm=0.131762
[SQP SUPPORT] iter=7 support_size=0 support_limit=-1 support_ok=1
[SQP] before_solve iter=8 vars=16 constraints=96 max_d=-4.99699e-07
[QP WORST] iter=8 row=37 type=collision d=-4.99699e-07
[QP WORST COLLISION] scenario=33 k=5 obstacle=0 disc=0
[SQP] after_solve iter=8 converged=1 status=0 iterations=5 primal_residual=3.90746e-16 dual_residual=1.69098e-05 x_size=16 x_finite=1
[SQP LINESEARCH] iter=8 current_violation=0 accepted_violation=0 accepted=1 alpha=1 delta_u_norm=0.122289
[SQP SUPPORT] iter=8 support_size=0 support_limit=-1 support_ok=1
[SQP] before_solve iter=9 vars=16 constraints=96 max_d=-5.82805e-07
[QP WORST] iter=9 row=37 type=collision d=-5.82805e-07
[QP WORST COLLISION] scenario=33 k=5 obstacle=0 disc=0
[SQP] after_solve iter=9 converged=1 status=0 iterations=5 primal_residual=4.38777e-16 dual_residual=1.26705e-05 x_size=16 x_finite=1
[SQP LINESEARCH] iter=9 current_violation=0 accepted_violation=0 accepted=1 alpha=1 delta_u_norm=0.113737
[SQP SUPPORT] iter=9 support_size=0 support_limit=-1 support_ok=1
[SQP FINAL] final_violation=0 violated_constraints=0
[SUPPORT FINAL] sqp_union=0 final_active=1 support_limit=-1
[SUPPORT FINAL IDS] 33
[SUPPORT UNION IDS]
[COLD START RECOVERY CHECK] ordinary_sqp_failed=0 seed_available=1 incompatible=0 try_homotopy=0
[HARNESS RESULT] step=36 success=1 controls=8 first_input_present=1
[MPC STEP METRICS] step=36 applied=1 success=1 fallback=0 a=-0.166623 omega=-0.411239 dt=0.1 acceleration_weight=0.1 steering_weight=0.1 control_cost_unweighted=0.196881 control_cost_weighted=0.0196881 mpc_cost=-15.5163 solve_time=0.0367049 qp_solve_time=0.0249113 constraint_time=0.00677375 dro_risk_time=0 ambiguity_radius=0 certificate=not_requested
[EVAL SAFETY] step=37 min_center_distance=1.25843 min_clearance=0.308428 collision_this_step=0 collision_run=0 collision_radius=0.95
[RF BACKUP] available=1 controls=8 states=9
[FREE POLY] k=1 disc=0 raw=40 facets=4 vertices=7 rho=4.8 anchor_shift=0
[FREE POLY] k=1 disc=1 raw=40 facets=0 vertices=4 rho=0.800001 anchor_shift=0
[FREE POLY] k=1 disc=2 raw=40 facets=5 vertices=8 rho=4.8 anchor_shift=0
[FREE POLY] k=2 disc=0 raw=40 facets=3 vertices=6 rho=5.6 anchor_shift=0
[FREE POLY] k=2 disc=1 raw=40 facets=3 vertices=7 rho=1.6 anchor_shift=0
[FREE POLY] k=2 disc=2 raw=40 facets=3 vertices=6 rho=5.6 anchor_shift=0
[FREE POLY] k=3 disc=0 raw=40 facets=4 vertices=7 rho=6.4 anchor_shift=0
[FREE POLY] k=3 disc=1 raw=40 facets=3 vertices=6 rho=2.4 anchor_shift=0
[FREE POLY] k=3 disc=2 raw=40 facets=3 vertices=6 rho=6.4 anchor_shift=0
[FREE POLY] k=4 disc=0 raw=40 facets=4 vertices=7 rho=7.2 anchor_shift=0
[FREE POLY] k=4 disc=1 raw=40 facets=3 vertices=6 rho=3.2 anchor_shift=0
[FREE POLY] k=4 disc=2 raw=40 facets=4 vertices=7 rho=7.2 anchor_shift=0
[FREE POLY] k=5 disc=0 raw=40 facets=5 vertices=8 rho=8 anchor_shift=0
[FREE POLY] k=5 disc=1 raw=40 facets=3 vertices=6 rho=4 anchor_shift=0
[FREE POLY] k=5 disc=2 raw=40 facets=4 vertices=7 rho=8 anchor_shift=0
[FREE POLY] k=6 disc=0 raw=40 facets=6 vertices=9 rho=8.8 anchor_shift=0
[FREE POLY] k=6 disc=1 raw=40 facets=4 vertices=7 rho=4.8 anchor_shift=0
[FREE POLY] k=6 disc=2 raw=40 facets=4 vertices=7 rho=8.8 anchor_shift=0
[FREE POLY] k=7 disc=0 raw=40 facets=6 vertices=9 rho=9.6 anchor_shift=0
[FREE POLY] k=7 disc=1 raw=40 facets=5 vertices=8 rho=5.6 anchor_shift=0
[FREE POLY] k=7 disc=2 raw=40 facets=5 vertices=8 rho=9.6 anchor_shift=0
[FREE POLY] k=8 disc=0 raw=40 facets=6 vertices=9 rho=10.4 anchor_shift=0
[FREE POLY] k=8 disc=1 raw=40 facets=4 vertices=7 rho=6.4 anchor_shift=0
[FREE POLY] k=8 disc=2 raw=40 facets=4 vertices=7 rho=10.4 anchor_shift=0
[RF SUPPORT SEED] removed=0 support_limit=-1
[SQP] before_solve iter=0 vars=16 constraints=127 max_d=-0.0164798
[QP WORST] iter=0 row=11 type=collision d=-0.0164798
[QP WORST COLLISION] scenario=29 k=2 obstacle=0 disc=0
[SQP] after_solve iter=0 converged=1 status=0 iterations=5 primal_residual=4.3715e-16 dual_residual=1.00784e-05 x_size=16 x_finite=1
[SQP LINESEARCH] iter=0 current_violation=0 accepted_violation=0 accepted=1 alpha=1 delta_u_norm=0.286958
[SQP SUPPORT] iter=0 support_size=0 support_limit=-1 support_ok=1
[SQP] before_solve iter=1 vars=16 constraints=127 max_d=-0.00810741
[QP WORST] iter=1 row=40 type=collision d=-0.00810741
[QP WORST COLLISION] scenario=6 k=5 obstacle=0 disc=0
[SQP] after_solve iter=1 converged=1 status=0 iterations=5 primal_residual=1.83931e-11 dual_residual=9.62384e-06 x_size=16 x_finite=1
[SQP LINESEARCH] iter=1 current_violation=0 accepted_violation=0 accepted=1 alpha=1 delta_u_norm=0.218941
[SQP SUPPORT] iter=1 support_size=0 support_limit=-1 support_ok=1
[SQP] before_solve iter=2 vars=16 constraints=127 max_d=-0.0104096
[QP WORST] iter=2 row=28 type=collision d=-0.0104096
[QP WORST COLLISION] scenario=1 k=4 obstacle=0 disc=0
[SQP] after_solve iter=2 converged=1 status=0 iterations=5 primal_residual=5.78094e-09 dual_residual=2.90647e-05 x_size=16 x_finite=1
[SQP LINESEARCH] iter=2 current_violation=0 accepted_violation=0 accepted=1 alpha=1 delta_u_norm=0.181621
[SQP SUPPORT] iter=2 support_size=0 support_limit=-1 support_ok=1
[SQP] before_solve iter=3 vars=16 constraints=127 max_d=-1.75715e-05
[QP WORST] iter=3 row=28 type=collision d=-1.75715e-05
[QP WORST COLLISION] scenario=1 k=4 obstacle=0 disc=0
[SQP] after_solve iter=3 converged=1 status=0 iterations=5 primal_residual=1.94068e-09 dual_residual=1.7842e-05 x_size=16 x_finite=1
[SQP LINESEARCH] iter=3 current_violation=0 accepted_violation=0 accepted=1 alpha=1 delta_u_norm=0.162471
[SQP SUPPORT] iter=3 support_size=0 support_limit=-1 support_ok=1
[SQP] before_solve iter=4 vars=16 constraints=127 max_d=-2.62508e-06
[QP WORST] iter=4 row=28 type=collision d=-2.62508e-06
[QP WORST COLLISION] scenario=1 k=4 obstacle=0 disc=0
[SQP] after_solve iter=4 converged=1 status=0 iterations=5 primal_residual=4.23598e-16 dual_residual=1.34934e-05 x_size=16 x_finite=1
[SQP LINESEARCH] iter=4 current_violation=0 accepted_violation=0 accepted=1 alpha=1 delta_u_norm=0.146539
[SQP SUPPORT] iter=4 support_size=0 support_limit=-1 support_ok=1
[SQP] before_solve iter=5 vars=16 constraints=127 max_d=-0.000127535
[QP WORST] iter=5 row=28 type=collision d=-0.000127535
[QP WORST COLLISION] scenario=1 k=4 obstacle=0 disc=0
[SQP] after_solve iter=5 converged=1 status=0 iterations=5 primal_residual=3.84567e-16 dual_residual=9.27305e-06 x_size=16 x_finite=1
[SQP LINESEARCH] iter=5 current_violation=0 accepted_violation=0 accepted=1 alpha=1 delta_u_norm=0.136454
[SQP SUPPORT] iter=5 support_size=0 support_limit=-1 support_ok=1
[SQP] before_solve iter=6 vars=16 constraints=127 max_d=-0.000161545
[QP WORST] iter=6 row=28 type=collision d=-0.000161545
[QP WORST COLLISION] scenario=1 k=4 obstacle=0 disc=0
[SQP] after_solve iter=6 converged=1 status=0 iterations=5 primal_residual=4.01263e-16 dual_residual=8.14191e-06 x_size=16 x_finite=1
[SQP LINESEARCH] iter=6 current_violation=0 accepted_violation=0 accepted=1 alpha=1 delta_u_norm=0.127882
[SQP SUPPORT] iter=6 support_size=0 support_limit=-1 support_ok=1
[SQP] before_solve iter=7 vars=16 constraints=127 max_d=-0.000174574
[QP WORST] iter=7 row=28 type=collision d=-0.000174574
[QP WORST COLLISION] scenario=1 k=4 obstacle=0 disc=0
[SQP] after_solve iter=7 converged=1 status=0 iterations=4 primal_residual=8.85254e-08 dual_residual=9.14122e-05 x_size=16 x_finite=1
[SQP LINESEARCH] iter=7 current_violation=0 accepted_violation=0 accepted=1 alpha=1 delta_u_norm=0.119528
[SQP SUPPORT] iter=7 support_size=0 support_limit=-1 support_ok=1
[SQP] before_solve iter=8 vars=16 constraints=127 max_d=-1.17755e-05
[QP WORST] iter=8 row=28 type=collision d=-1.17755e-05
[QP WORST COLLISION] scenario=1 k=4 obstacle=0 disc=0
[SQP] after_solve iter=8 converged=1 status=0 iterations=5 primal_residual=4.30211e-16 dual_residual=1.35241e-05 x_size=16 x_finite=1
[SQP LINESEARCH] iter=8 current_violation=0 accepted_violation=0 accepted=1 alpha=1 delta_u_norm=0.114292
[SQP SUPPORT] iter=8 support_size=0 support_limit=-1 support_ok=1
[SQP] before_solve iter=9 vars=16 constraints=127 max_d=-0.000154847
[QP WORST] iter=9 row=28 type=collision d=-0.000154847
[QP WORST COLLISION] scenario=1 k=4 obstacle=0 disc=0
[SQP] after_solve iter=9 converged=1 status=0 iterations=4 primal_residual=8.75667e-08 dual_residual=8.99168e-05 x_size=16 x_finite=1
[SQP LINESEARCH] iter=9 current_violation=0 accepted_violation=0 accepted=1 alpha=1 delta_u_norm=0.106224
[SQP SUPPORT] iter=9 support_size=0 support_limit=-1 support_ok=1
[SQP FINAL] final_violation=0 violated_constraints=0
[SUPPORT FINAL] sqp_union=0 final_active=1 support_limit=-1
[SUPPORT FINAL IDS] 1
[SUPPORT UNION IDS]
[COLD START RECOVERY CHECK] ordinary_sqp_failed=0 seed_available=1 incompatible=0 try_homotopy=0
[HARNESS RESULT] step=37 success=1 controls=8 first_input_present=1
[MPC STEP METRICS] step=37 applied=1 success=1 fallback=0 a=-0.200833 omega=-0.324805 dt=0.1 acceleration_weight=0.1 steering_weight=0.1 control_cost_unweighted=0.145832 control_cost_weighted=0.0145832 mpc_cost=-16.0453 solve_time=0.0359767 qp_solve_time=0.0235283 constraint_time=0.00752775 dro_risk_time=0 ambiguity_radius=0 certificate=not_requested
[EVAL SAFETY] step=38 min_center_distance=1.12813 min_clearance=0.178126 collision_this_step=0 collision_run=0 collision_radius=0.95
[RF BACKUP] available=1 controls=8 states=9
[FREE POLY] k=1 disc=0 raw=40 facets=3 vertices=6 rho=4.8 anchor_shift=0
[FREE POLY] k=1 disc=1 raw=40 facets=0 vertices=4 rho=0.800001 anchor_shift=0
[FREE POLY] k=1 disc=2 raw=40 facets=4 vertices=7 rho=4.8 anchor_shift=0
[FREE POLY] k=2 disc=0 raw=40 facets=4 vertices=7 rho=5.6 anchor_shift=0
[FREE POLY] k=2 disc=1 raw=40 facets=2 vertices=6 rho=1.6 anchor_shift=0
[FREE POLY] k=2 disc=2 raw=40 facets=2 vertices=5 rho=5.6 anchor_shift=0
[FREE POLY] k=3 disc=0 raw=40 facets=4 vertices=7 rho=6.4 anchor_shift=0
[FREE POLY] k=3 disc=1 raw=40 facets=2 vertices=5 rho=2.4 anchor_shift=0
[FREE POLY] k=3 disc=2 raw=40 facets=2 vertices=5 rho=6.4 anchor_shift=0
[FREE POLY] k=4 disc=0 raw=40 facets=4 vertices=7 rho=7.2 anchor_shift=0
[FREE POLY] k=4 disc=1 raw=40 facets=2 vertices=5 rho=3.2 anchor_shift=0
[FREE POLY] k=4 disc=2 raw=40 facets=2 vertices=5 rho=7.2 anchor_shift=0
[FREE POLY] k=5 disc=0 raw=40 facets=2 vertices=5 rho=8 anchor_shift=0
[FREE POLY] k=5 disc=1 raw=40 facets=2 vertices=5 rho=4 anchor_shift=0
[FREE POLY] k=5 disc=2 raw=40 facets=2 vertices=5 rho=8 anchor_shift=0
[FREE POLY] k=6 disc=0 raw=40 facets=3 vertices=6 rho=8.8 anchor_shift=0
[FREE POLY] k=6 disc=1 raw=40 facets=3 vertices=6 rho=4.8 anchor_shift=0
[FREE POLY] k=6 disc=2 raw=40 facets=3 vertices=6 rho=8.8 anchor_shift=0
[FREE POLY] k=7 disc=0 raw=40 facets=4 vertices=7 rho=9.6 anchor_shift=0
[FREE POLY] k=7 disc=1 raw=40 facets=3 vertices=6 rho=5.6 anchor_shift=0
[FREE POLY] k=7 disc=2 raw=40 facets=4 vertices=7 rho=9.6 anchor_shift=0
[FREE POLY] k=8 disc=0 raw=40 facets=5 vertices=8 rho=10.4 anchor_shift=0
[FREE POLY] k=8 disc=1 raw=40 facets=5 vertices=8 rho=6.4 anchor_shift=0
[FREE POLY] k=8 disc=2 raw=40 facets=5 vertices=8 rho=10.4 anchor_shift=0
[RF SUPPORT SEED] removed=0 support_limit=-1
[SQP] before_solve iter=0 vars=16 constraints=104 max_d=-0.01454
[QP WORST] iter=0 row=15 type=collision d=-0.01454
[QP WORST COLLISION] scenario=17 k=3 obstacle=0 disc=0
[SQP] after_solve iter=0 converged=1 status=0 iterations=4 primal_residual=4.11563e-16 dual_residual=4.87306e-05 x_size=16 x_finite=1
[SQP LINESEARCH] iter=0 current_violation=0 accepted_violation=0 accepted=1 alpha=1 delta_u_norm=0.254201
[SQP SUPPORT] iter=0 support_size=0 support_limit=-1 support_ok=1
[SQP] before_solve iter=1 vars=16 constraints=104 max_d=-0.028711
[QP WORST] iter=1 row=15 type=collision d=-0.028711
[QP WORST COLLISION] scenario=17 k=3 obstacle=0 disc=0
[SQP] after_solve iter=1 converged=1 status=0 iterations=4 primal_residual=4.59965e-10 dual_residual=8.92416e-05 x_size=16 x_finite=1
[SQP LINESEARCH] iter=1 current_violation=0 accepted_violation=0 accepted=1 alpha=1 delta_u_norm=0.185291
[SQP SUPPORT] iter=1 support_size=0 support_limit=-1 support_ok=1
[SQP] before_solve iter=2 vars=16 constraints=104 max_d=-0.0139135
[QP WORST] iter=2 row=15 type=collision d=-0.0139135
[QP WORST COLLISION] scenario=17 k=3 obstacle=0 disc=0
[SQP] after_solve iter=2 converged=1 status=0 iterations=4 primal_residual=1.20923e-08 dual_residual=8.56397e-05 x_size=16 x_finite=1
[SQP LINESEARCH] iter=2 current_violation=0 accepted_violation=0 accepted=1 alpha=1 delta_u_norm=0.166826
[SQP SUPPORT] iter=2 support_size=0 support_limit=-1 support_ok=1
[SQP] before_solve iter=3 vars=16 constraints=104 max_d=-0.0186359
[QP WORST] iter=3 row=15 type=collision d=-0.0186359
[QP WORST COLLISION] scenario=17 k=3 obstacle=0 disc=0
[SQP] after_solve iter=3 converged=1 status=0 iterations=5 primal_residual=4.3715e-16 dual_residual=8.86371e-06 x_size=16 x_finite=1
[SQP LINESEARCH] iter=3 current_violation=0 accepted_violation=0 accepted=1 alpha=1 delta_u_norm=0.153056
[SQP SUPPORT] iter=3 support_size=0 support_limit=-1 support_ok=1
[SQP] before_solve iter=4 vars=16 constraints=104 max_d=-0.0080035
[QP WORST] iter=4 row=15 type=collision d=-0.0080035
[QP WORST COLLISION] scenario=17 k=3 obstacle=0 disc=0
[SQP] after_solve iter=4 converged=1 status=0 iterations=5 primal_residual=4.23706e-16 dual_residual=7.69389e-06 x_size=16 x_finite=1
[SQP LINESEARCH] iter=4 current_violation=0 accepted_violation=0 accepted=1 alpha=1 delta_u_norm=0.14312
[SQP SUPPORT] iter=4 support_size=0 support_limit=-1 support_ok=1
[SQP] before_solve iter=5 vars=16 constraints=104 max_d=-0.00915121
[QP WORST] iter=5 row=15 type=collision d=-0.00915121
[QP WORST COLLISION] scenario=17 k=3 obstacle=0 disc=0
[SQP] after_solve iter=5 converged=1 status=0 iterations=5 primal_residual=4.14165e-16 dual_residual=1.58778e-05 x_size=16 x_finite=1
[SQP LINESEARCH] iter=5 current_violation=0 accepted_violation=0 accepted=1 alpha=1 delta_u_norm=0.131579
[SQP SUPPORT] iter=5 support_size=0 support_limit=-1 support_ok=1
[SQP] before_solve iter=6 vars=16 constraints=104 max_d=-0.00389984
[QP WORST] iter=6 row=15 type=collision d=-0.00389984
[QP WORST COLLISION] scenario=17 k=3 obstacle=0 disc=0
[SQP] after_solve iter=6 converged=1 status=0 iterations=5 primal_residual=4.38885e-16 dual_residual=1.60632e-05 x_size=16 x_finite=1
[SQP LINESEARCH] iter=6 current_violation=0 accepted_violation=0 accepted=1 alpha=1 delta_u_norm=0.123974
[SQP SUPPORT] iter=6 support_size=0 support_limit=-1 support_ok=1
[SQP] before_solve iter=7 vars=16 constraints=104 max_d=-0.00380284
[QP WORST] iter=7 row=15 type=collision d=-0.00380284
[QP WORST COLLISION] scenario=17 k=3 obstacle=0 disc=0
[SQP] after_solve iter=7 converged=1 status=0 iterations=5 primal_residual=3.83374e-16 dual_residual=1.52707e-05 x_size=16 x_finite=1
[SQP LINESEARCH] iter=7 current_violation=0 accepted_violation=0 accepted=1 alpha=1 delta_u_norm=0.115628
[SQP SUPPORT] iter=7 support_size=0 support_limit=-1 support_ok=1
[SQP] before_solve iter=8 vars=16 constraints=104 max_d=-0.00175574
[QP WORST] iter=8 row=15 type=collision d=-0.00175574
[QP WORST COLLISION] scenario=17 k=3 obstacle=0 disc=0
[SQP] after_solve iter=8 converged=1 status=0 iterations=5 primal_residual=4.31133e-16 dual_residual=1.44374e-05 x_size=16 x_finite=1
[SQP LINESEARCH] iter=8 current_violation=0 accepted_violation=0 accepted=1 alpha=1 delta_u_norm=0.109221
[SQP SUPPORT] iter=8 support_size=0 support_limit=-1 support_ok=1
[SQP] before_solve iter=9 vars=16 constraints=104 max_d=-0.00150757
[QP WORST] iter=9 row=15 type=collision d=-0.00150757
[QP WORST COLLISION] scenario=17 k=3 obstacle=0 disc=0
[SQP] after_solve iter=9 converged=1 status=0 iterations=5 primal_residual=4.30211e-16 dual_residual=1.14738e-05 x_size=16 x_finite=1
[SQP LINESEARCH] iter=9 current_violation=0 accepted_violation=0 accepted=1 alpha=1 delta_u_norm=0.102943
[SQP SUPPORT] iter=9 support_size=0 support_limit=-1 support_ok=1
[SQP FINAL] final_violation=0 violated_constraints=0
[SUPPORT FINAL] sqp_union=0 final_active=1 support_limit=-1
[SUPPORT FINAL IDS] 17
[SUPPORT UNION IDS]
[COLD START RECOVERY CHECK] ordinary_sqp_failed=0 seed_available=1 incompatible=0 try_homotopy=0
[HARNESS RESULT] step=38 success=1 controls=8 first_input_present=1
[MPC STEP METRICS] step=38 applied=1 success=1 fallback=0 a=-0.130148 omega=-0.194867 dt=0.1 acceleration_weight=0.1 steering_weight=0.1 control_cost_unweighted=0.0549116 control_cost_weighted=0.00549116 mpc_cost=-16.4269 solve_time=0.0337209 qp_solve_time=0.0219939 constraint_time=0.00697084 dro_risk_time=0 ambiguity_radius=0 certificate=not_requested
[EVAL SAFETY] step=39 min_center_distance=1.05923 min_clearance=0.109234 collision_this_step=0 collision_run=0 collision_radius=0.95
[RF BACKUP] available=1 controls=8 states=9
[FREE POLY] k=1 disc=0 raw=40 facets=4 vertices=7 rho=4.8 anchor_shift=0
[FREE POLY] k=1 disc=1 raw=40 facets=0 vertices=4 rho=0.800001 anchor_shift=0
[FREE POLY] k=1 disc=2 raw=40 facets=3 vertices=6 rho=4.8 anchor_shift=0
[FREE POLY] k=2 disc=0 raw=40 facets=5 vertices=8 rho=5.6 anchor_shift=0
[FREE POLY] k=2 disc=1 raw=40 facets=1 vertices=5 rho=1.6 anchor_shift=0
[FREE POLY] k=2 disc=2 raw=40 facets=2 vertices=5 rho=5.6 anchor_shift=0
[FREE POLY] k=3 disc=0 raw=40 facets=7 vertices=10 rho=6.4 anchor_shift=0
[FREE POLY] k=3 disc=1 raw=40 facets=1 vertices=4 rho=2.4 anchor_shift=0
[FREE POLY] k=3 disc=2 raw=40 facets=2 vertices=5 rho=6.4 anchor_shift=0
[FREE POLY] k=4 disc=0 raw=40 facets=6 vertices=9 rho=7.2 anchor_shift=0
[FREE POLY] k=4 disc=1 raw=40 facets=3 vertices=6 rho=3.2 anchor_shift=0
[FREE POLY] k=4 disc=2 raw=40 facets=3 vertices=6 rho=7.2 anchor_shift=0
[FREE POLY] k=5 disc=0 raw=40 facets=4 vertices=7 rho=8 anchor_shift=0
[FREE POLY] k=5 disc=1 raw=40 facets=3 vertices=6 rho=4 anchor_shift=0
[FREE POLY] k=5 disc=2 raw=40 facets=3 vertices=6 rho=8 anchor_shift=0
[FREE POLY] k=6 disc=0 raw=40 facets=3 vertices=6 rho=8.8 anchor_shift=0
[FREE POLY] k=6 disc=1 raw=40 facets=3 vertices=6 rho=4.8 anchor_shift=0
[FREE POLY] k=6 disc=2 raw=40 facets=3 vertices=6 rho=8.8 anchor_shift=0
[FREE POLY] k=7 disc=0 raw=40 facets=3 vertices=6 rho=9.6 anchor_shift=0
[FREE POLY] k=7 disc=1 raw=40 facets=3 vertices=6 rho=5.6 anchor_shift=0
[FREE POLY] k=7 disc=2 raw=40 facets=3 vertices=6 rho=9.6 anchor_shift=0
[FREE POLY] k=8 disc=0 raw=40 facets=4 vertices=7 rho=10.4 anchor_shift=0
[FREE POLY] k=8 disc=1 raw=40 facets=3 vertices=6 rho=6.4 anchor_shift=0
[FREE POLY] k=8 disc=2 raw=40 facets=3 vertices=6 rho=10.4 anchor_shift=0
[RF SUPPORT SEED] removed=0 support_limit=-1
[SQP] before_solve iter=0 vars=16 constraints=107 max_d=-0.0229153
[QP WORST] iter=0 row=8 type=collision d=-0.0229153
[QP WORST COLLISION] scenario=13 k=2 obstacle=0 disc=0
[SQP] after_solve iter=0 converged=1 status=0 iterations=4 primal_residual=6.01673e-10 dual_residual=1.50371e-05 x_size=16 x_finite=1
[SQP LINESEARCH] iter=0 current_violation=0 accepted_violation=0 accepted=1 alpha=1 delta_u_norm=0.269719
[SQP SUPPORT] iter=0 support_size=0 support_limit=-1 support_ok=1
[SQP] before_solve iter=1 vars=16 constraints=107 max_d=-0.0438237
[QP WORST] iter=1 row=8 type=collision d=-0.0438237
[QP WORST COLLISION] scenario=13 k=2 obstacle=0 disc=0
[SQP] after_solve iter=1 converged=1 status=0 iterations=4 primal_residual=2.7666e-09 dual_residual=2.41968e-05 x_size=16 x_finite=1
[SQP LINESEARCH] iter=1 current_violation=0 accepted_violation=0 accepted=1 alpha=1 delta_u_norm=0.194377
[SQP SUPPORT] iter=1 support_size=0 support_limit=-1 support_ok=1
[SQP] before_solve iter=2 vars=16 constraints=107 max_d=-0.0316523
[QP WORST] iter=2 row=8 type=collision d=-0.0316523
[QP WORST COLLISION] scenario=13 k=2 obstacle=0 disc=0
[SQP] after_solve iter=2 converged=1 status=0 iterations=4 primal_residual=1.33184e-09 dual_residual=1.53996e-05 x_size=16 x_finite=1
[SQP LINESEARCH] iter=2 current_violation=0 accepted_violation=0 accepted=1 alpha=1 delta_u_norm=0.170225
[SQP SUPPORT] iter=2 support_size=0 support_limit=-1 support_ok=1
[SQP] before_solve iter=3 vars=16 constraints=107 max_d=-0.0398619
[QP WORST] iter=3 row=8 type=collision d=-0.0398619
[QP WORST COLLISION] scenario=13 k=2 obstacle=0 disc=0
[SQP] after_solve iter=3 converged=1 status=0 iterations=4 primal_residual=2.84753e-09 dual_residual=2.08491e-05 x_size=16 x_finite=1
[SQP LINESEARCH] iter=3 current_violation=0 accepted_violation=0 accepted=1 alpha=1 delta_u_norm=0.150368
[SQP SUPPORT] iter=3 support_size=0 support_limit=-1 support_ok=1
[SQP] before_solve iter=4 vars=16 constraints=107 max_d=-0.032838
[QP WORST] iter=4 row=8 type=collision d=-0.032838
[QP WORST COLLISION] scenario=13 k=2 obstacle=0 disc=0
[SQP] after_solve iter=4 converged=1 status=0 iterations=4 primal_residual=2.06531e-09 dual_residual=1.74046e-05 x_size=16 x_finite=1
[SQP LINESEARCH] iter=4 current_violation=0 accepted_violation=0 accepted=1 alpha=1 delta_u_norm=0.13968
[SQP SUPPORT] iter=4 support_size=0 support_limit=-1 support_ok=1
[SQP] before_solve iter=5 vars=16 constraints=107 max_d=-0.0362065
[QP WORST] iter=5 row=8 type=collision d=-0.0362065
[QP WORST COLLISION] scenario=13 k=2 obstacle=0 disc=0
[SQP] after_solve iter=5 converged=1 status=0 iterations=4 primal_residual=2.79645e-09 dual_residual=2.09128e-05 x_size=16 x_finite=1
[SQP LINESEARCH] iter=5 current_violation=0 accepted_violation=0 accepted=1 alpha=1 delta_u_norm=0.128359
[SQP SUPPORT] iter=5 support_size=0 support_limit=-1 support_ok=1
[SQP] before_solve iter=6 vars=16 constraints=107 max_d=-0.0322772
[QP WORST] iter=6 row=8 type=collision d=-0.0322772
[QP WORST COLLISION] scenario=13 k=2 obstacle=0 disc=0
[SQP] after_solve iter=6 converged=1 status=0 iterations=4 primal_residual=2.362e-09 dual_residual=1.80692e-05 x_size=16 x_finite=1
[SQP LINESEARCH] iter=6 current_violation=0 accepted_violation=0 accepted=1 alpha=1 delta_u_norm=0.120899
[SQP SUPPORT] iter=6 support_size=0 support_limit=-1 support_ok=1
[SQP] before_solve iter=7 vars=16 constraints=107 max_d=-0.033581
[QP WORST] iter=7 row=8 type=collision d=-0.033581
[QP WORST COLLISION] scenario=13 k=2 obstacle=0 disc=0
[SQP] after_solve iter=7 converged=1 status=0 iterations=4 primal_residual=2.71196e-09 dual_residual=2.15694e-05 x_size=16 x_finite=1
[SQP LINESEARCH] iter=7 current_violation=0 accepted_violation=0 accepted=1 alpha=1 delta_u_norm=0.113137
[SQP SUPPORT] iter=7 support_size=0 support_limit=-1 support_ok=1
[SQP] before_solve iter=8 vars=16 constraints=107 max_d=-0.0313551
[QP WORST] iter=8 row=8 type=collision d=-0.0313551
[QP WORST COLLISION] scenario=13 k=2 obstacle=0 disc=0
[SQP] after_solve iter=8 converged=1 status=0 iterations=4 primal_residual=2.40771e-09 dual_residual=1.96981e-05 x_size=16 x_finite=1
[SQP LINESEARCH] iter=8 current_violation=0 accepted_violation=0 accepted=1 alpha=1 delta_u_norm=0.107097
[SQP SUPPORT] iter=8 support_size=0 support_limit=-1 support_ok=1
[SQP] before_solve iter=9 vars=16 constraints=107 max_d=-0.0317541
[QP WORST] iter=9 row=8 type=collision d=-0.0317541
[QP WORST COLLISION] scenario=13 k=2 obstacle=0 disc=0
[SQP] after_solve iter=9 converged=1 status=0 iterations=4 primal_residual=2.52504e-09 dual_residual=2.20553e-05 x_size=16 x_finite=1
[SQP LINESEARCH] iter=9 current_violation=0 accepted_violation=0 accepted=1 alpha=1 delta_u_norm=0.10107
[SQP SUPPORT] iter=9 support_size=0 support_limit=-1 support_ok=1
[SQP FINAL] final_violation=0 violated_constraints=0
[SUPPORT FINAL] sqp_union=0 final_active=0 support_limit=-1
[SUPPORT FINAL IDS]
[SUPPORT UNION IDS]
[COLD START RECOVERY CHECK] ordinary_sqp_failed=0 seed_available=1 incompatible=0 try_homotopy=0
[HARNESS RESULT] step=39 success=1 controls=8 first_input_present=1
[MPC STEP METRICS] step=39 applied=1 success=1 fallback=0 a=-0.0945702 omega=-0.344711 dt=0.1 acceleration_weight=0.1 steering_weight=0.1 control_cost_unweighted=0.127769 control_cost_weighted=0.0127769 mpc_cost=-16.7113 solve_time=0.0340099 qp_solve_time=0.0220871 constraint_time=0.00711692 dro_risk_time=0 ambiguity_radius=0 certificate=not_requested
[EVAL SAFETY] step=40 min_center_distance=1.00497 min_clearance=0.054968 collision_this_step=0 collision_run=0 collision_radius=0.95
[RF BACKUP] available=1 controls=8 states=9
[FREE POLY] k=1 disc=0 raw=40 facets=5 vertices=8 rho=4.8 anchor_shift=0
[FREE POLY] k=1 disc=1 raw=40 facets=0 vertices=4 rho=0.800001 anchor_shift=0
[FREE POLY] k=1 disc=2 raw=40 facets=4 vertices=7 rho=4.8 anchor_shift=0
[FREE POLY] k=2 disc=0 raw=40 facets=3 vertices=6 rho=5.6 anchor_shift=0
[FREE POLY] k=2 disc=1 raw=40 facets=0 vertices=4 rho=1.6 anchor_shift=0
[FREE POLY] k=2 disc=2 raw=40 facets=2 vertices=5 rho=5.6 anchor_shift=0
[FREE POLY] k=3 disc=0 raw=40 facets=4 vertices=7 rho=6.4 anchor_shift=0
[FREE POLY] k=3 disc=1 raw=40 facets=3 vertices=6 rho=2.4 anchor_shift=0
[FREE POLY] k=3 disc=2 raw=40 facets=3 vertices=6 rho=6.4 anchor_shift=0
[FREE POLY] k=4 disc=0 raw=40 facets=5 vertices=8 rho=7.2 anchor_shift=0
[FREE POLY] k=4 disc=1 raw=40 facets=3 vertices=6 rho=3.2 anchor_shift=0
[FREE POLY] k=4 disc=2 raw=40 facets=3 vertices=6 rho=7.2 anchor_shift=0
[FREE POLY] k=5 disc=0 raw=40 facets=4 vertices=7 rho=8 anchor_shift=0
[FREE POLY] k=5 disc=1 raw=40 facets=2 vertices=5 rho=4 anchor_shift=0
[FREE POLY] k=5 disc=2 raw=40 facets=2 vertices=5 rho=8 anchor_shift=0
[FREE POLY] k=6 disc=0 raw=40 facets=5 vertices=8 rho=8.8 anchor_shift=0
[FREE POLY] k=6 disc=1 raw=40 facets=3 vertices=6 rho=4.8 anchor_shift=0
[FREE POLY] k=6 disc=2 raw=40 facets=3 vertices=6 rho=8.8 anchor_shift=0
[FREE POLY] k=7 disc=0 raw=40 facets=5 vertices=8 rho=9.6 anchor_shift=0
[FREE POLY] k=7 disc=1 raw=40 facets=3 vertices=6 rho=5.6 anchor_shift=0
[FREE POLY] k=7 disc=2 raw=40 facets=3 vertices=6 rho=9.6 anchor_shift=0
[FREE POLY] k=8 disc=0 raw=40 facets=5 vertices=8 rho=10.4 anchor_shift=0
[FREE POLY] k=8 disc=1 raw=40 facets=3 vertices=6 rho=6.4 anchor_shift=0
[FREE POLY] k=8 disc=2 raw=40 facets=3 vertices=6 rho=10.4 anchor_shift=0
[RF SUPPORT SEED] removed=0 support_limit=-1
[SQP] before_solve iter=0 vars=16 constraints=108 max_d=-0.04038
[QP WORST] iter=0 row=4 type=collision d=-0.04038
[QP WORST COLLISION] scenario=23 k=1 obstacle=0 disc=0
[SQP] after_solve iter=0 converged=1 status=0 iterations=4 primal_residual=5.89311e-11 dual_residual=2.97614e-06 x_size=16 x_finite=1
[SQP LINESEARCH] iter=0 current_violation=0 accepted_violation=0 accepted=1 alpha=1 delta_u_norm=0.263788
[SQP SUPPORT] iter=0 support_size=0 support_limit=-1 support_ok=1
[SQP] before_solve iter=1 vars=16 constraints=108 max_d=-0.0520924
[QP WORST] iter=1 row=4 type=collision d=-0.0520924
[QP WORST COLLISION] scenario=23 k=1 obstacle=0 disc=0
[SQP] after_solve iter=1 converged=1 status=0 iterations=4 primal_residual=1.65136e-10 dual_residual=2.88894e-06 x_size=16 x_finite=1
[SQP LINESEARCH] iter=1 current_violation=0 accepted_violation=0 accepted=1 alpha=1 delta_u_norm=0.191667
[SQP SUPPORT] iter=1 support_size=0 support_limit=-1 support_ok=1
[SQP] before_solve iter=2 vars=16 constraints=108 max_d=-0.0474314
[QP WORST] iter=2 row=4 type=collision d=-0.0474314
[QP WORST COLLISION] scenario=23 k=1 obstacle=0 disc=0
[SQP] after_solve iter=2 converged=1 status=0 iterations=4 primal_residual=2.56845e-11 dual_residual=1.29427e-06 x_size=16 x_finite=1
[SQP LINESEARCH] iter=2 current_violation=0 accepted_violation=0 accepted=1 alpha=1 delta_u_norm=0.167027
[SQP SUPPORT] iter=2 support_size=0 support_limit=-1 support_ok=1
[SQP] before_solve iter=3 vars=16 constraints=108 max_d=-0.0522852
[QP WORST] iter=3 row=4 type=collision d=-0.0522852
[QP WORST COLLISION] scenario=23 k=1 obstacle=0 disc=0
[SQP] after_solve iter=3 converged=1 status=0 iterations=4 primal_residual=9.37379e-11 dual_residual=1.80595e-06 x_size=16 x_finite=1
[SQP LINESEARCH] iter=3 current_violation=0 accepted_violation=0 accepted=1 alpha=1 delta_u_norm=0.149061
[SQP SUPPORT] iter=3 support_size=0 support_limit=-1 support_ok=1
[SQP] before_solve iter=4 vars=16 constraints=108 max_d=-0.0496072
[QP WORST] iter=4 row=4 type=collision d=-0.0496072
[QP WORST COLLISION] scenario=23 k=1 obstacle=0 disc=0
[SQP] after_solve iter=4 converged=1 status=0 iterations=4 primal_residual=4.34161e-11 dual_residual=1.28239e-06 x_size=16 x_finite=1
[SQP LINESEARCH] iter=4 current_violation=0 accepted_violation=0 accepted=1 alpha=1 delta_u_norm=0.138134
[SQP SUPPORT] iter=4 support_size=0 support_limit=-1 support_ok=1
[SQP] before_solve iter=5 vars=16 constraints=108 max_d=-0.0518685
[QP WORST] iter=5 row=4 type=collision d=-0.0518685
[QP WORST COLLISION] scenario=23 k=1 obstacle=0 disc=0
[SQP] after_solve iter=5 converged=1 status=0 iterations=4 primal_residual=7.46906e-11 dual_residual=1.5364e-06 x_size=16 x_finite=1
[SQP LINESEARCH] iter=5 current_violation=0 accepted_violation=0 accepted=1 alpha=1 delta_u_norm=0.127604
[SQP SUPPORT] iter=5 support_size=0 support_limit=-1 support_ok=1
[SQP] before_solve iter=6 vars=16 constraints=108 max_d=-0.0504971
[QP WORST] iter=6 row=4 type=collision d=-0.0504971
[QP WORST COLLISION] scenario=23 k=1 obstacle=0 disc=0
[SQP] after_solve iter=6 converged=1 status=0 iterations=4 primal_residual=5.28183e-11 dual_residual=1.30026e-06 x_size=16 x_finite=1
[SQP LINESEARCH] iter=6 current_violation=0 accepted_violation=0 accepted=1 alpha=1 delta_u_norm=0.120077
[SQP SUPPORT] iter=6 support_size=0 support_limit=-1 support_ok=1
[SQP] before_solve iter=7 vars=16 constraints=108 max_d=-0.0516486
[QP WORST] iter=7 row=4 type=collision d=-0.0516486
[QP WORST COLLISION] scenario=23 k=1 obstacle=0 disc=0
[SQP] after_solve iter=7 converged=1 status=0 iterations=4 primal_residual=6.55871e-11 dual_residual=1.39359e-06 x_size=16 x_finite=1
[SQP LINESEARCH] iter=7 current_violation=0 accepted_violation=0 accepted=1 alpha=1 delta_u_norm=0.112639
[SQP SUPPORT] iter=7 support_size=0 support_limit=-1 support_ok=1
[SQP] before_solve iter=8 vars=16 constraints=108 max_d=-0.0510165
[QP WORST] iter=8 row=4 type=collision d=-0.0510165
[QP WORST COLLISION] scenario=23 k=1 obstacle=0 disc=0
[SQP] after_solve iter=8 converged=1 status=0 iterations=4 primal_residual=5.45782e-11 dual_residual=1.25832e-06 x_size=16 x_finite=1
[SQP LINESEARCH] iter=8 current_violation=0 accepted_violation=0 accepted=1 alpha=1 delta_u_norm=0.1066
[SQP SUPPORT] iter=8 support_size=0 support_limit=-1 support_ok=1
[SQP] before_solve iter=9 vars=16 constraints=108 max_d=-0.0516637
[QP WORST] iter=9 row=4 type=collision d=-0.0516637
[QP WORST COLLISION] scenario=23 k=1 obstacle=0 disc=0
[SQP] after_solve iter=9 converged=1 status=0 iterations=4 primal_residual=5.8721e-11 dual_residual=1.26778e-06 x_size=16 x_finite=1
[SQP LINESEARCH] iter=9 current_violation=0 accepted_violation=0 accepted=1 alpha=1 delta_u_norm=0.100714
[SQP SUPPORT] iter=9 support_size=0 support_limit=-1 support_ok=1
[SQP FINAL] final_violation=0 violated_constraints=0
[SUPPORT FINAL] sqp_union=0 final_active=0 support_limit=-1
[SUPPORT FINAL IDS]
[SUPPORT UNION IDS]
[COLD START RECOVERY CHECK] ordinary_sqp_failed=0 seed_available=1 incompatible=0 try_homotopy=0
[HARNESS RESULT] step=40 success=1 controls=8 first_input_present=1
[MPC STEP METRICS] step=40 applied=1 success=1 fallback=0 a=-0.0502524 omega=-0.315586 dt=0.1 acceleration_weight=0.1 steering_weight=0.1 control_cost_unweighted=0.10212 control_cost_weighted=0.010212 mpc_cost=-16.9404 solve_time=0.033579 qp_solve_time=0.021924 constraint_time=0.00689805 dro_risk_time=0 ambiguity_radius=0 certificate=not_requested
[EVAL SAFETY] step=41 min_center_distance=1.00772 min_clearance=0.0577234 collision_this_step=0 collision_run=0 collision_radius=0.95
[PATH COMPLETION] step=41 completion_progress=8.11122 path_length=25 fraction=0.324449 required_fraction=0.95 termination_enabled=1 completed=0
[RF BACKUP] available=1 controls=8 states=9
[FREE POLY] k=1 disc=0 raw=40 facets=4 vertices=7 rho=4.8 anchor_shift=0
[FREE POLY] k=1 disc=1 raw=40 facets=0 vertices=4 rho=0.800001 anchor_shift=0
[FREE POLY] k=1 disc=2 raw=40 facets=3 vertices=6 rho=4.8 anchor_shift=0
[FREE POLY] k=2 disc=0 raw=40 facets=6 vertices=9 rho=5.6 anchor_shift=0
[FREE POLY] k=2 disc=1 raw=40 facets=0 vertices=4 rho=1.6 anchor_shift=0
[FREE POLY] k=2 disc=2 raw=40 facets=5 vertices=8 rho=5.6 anchor_shift=0
[FREE POLY] k=3 disc=0 raw=40 facets=4 vertices=7 rho=6.4 anchor_shift=0
[FREE POLY] k=3 disc=1 raw=40 facets=2 vertices=5 rho=2.4 anchor_shift=0
[FREE POLY] k=3 disc=2 raw=40 facets=3 vertices=6 rho=6.4 anchor_shift=0
[FREE POLY] k=4 disc=0 raw=40 facets=4 vertices=7 rho=7.2 anchor_shift=0
[FREE POLY] k=4 disc=1 raw=40 facets=2 vertices=5 rho=3.2 anchor_shift=0
[FREE POLY] k=4 disc=2 raw=40 facets=3 vertices=6 rho=7.2 anchor_shift=0
[FREE POLY] k=5 disc=0 raw=40 facets=4 vertices=7 rho=8 anchor_shift=0
[FREE POLY] k=5 disc=1 raw=40 facets=4 vertices=7 rho=4 anchor_shift=0
[FREE POLY] k=5 disc=2 raw=40 facets=4 vertices=7 rho=8 anchor_shift=0
[FREE POLY] k=6 disc=0 raw=40 facets=5 vertices=8 rho=8.8 anchor_shift=0
[FREE POLY] k=6 disc=1 raw=40 facets=4 vertices=7 rho=4.8 anchor_shift=0
[FREE POLY] k=6 disc=2 raw=40 facets=5 vertices=8 rho=8.8 anchor_shift=0
[FREE POLY] k=7 disc=0 raw=40 facets=5 vertices=8 rho=9.6 anchor_shift=0
[FREE POLY] k=7 disc=1 raw=40 facets=3 vertices=6 rho=5.6 anchor_shift=0
[FREE POLY] k=7 disc=2 raw=40 facets=3 vertices=6 rho=9.6 anchor_shift=0
[FREE POLY] k=8 disc=0 raw=40 facets=3 vertices=6 rho=10.4 anchor_shift=0
[FREE POLY] k=8 disc=1 raw=40 facets=2 vertices=5 rho=6.4 anchor_shift=0
[FREE POLY] k=8 disc=2 raw=40 facets=2 vertices=5 rho=10.4 anchor_shift=0
[RF SUPPORT SEED] removed=0 support_limit=-1
[SQP] before_solve iter=0 vars=16 constraints=112 max_d=-0.0898782
[QP WORST] iter=0 row=3 type=collision d=-0.0898782
[QP WORST COLLISION] scenario=37 k=1 obstacle=0 disc=0
[SQP] after_solve iter=0 converged=1 status=0 iterations=3 primal_residual=2.383e-11 dual_residual=3.75754e-08 x_size=16 x_finite=1
[SQP LINESEARCH] iter=0 current_violation=0 accepted_violation=0 accepted=1 alpha=1 delta_u_norm=0.255025
[SQP SUPPORT] iter=0 support_size=0 support_limit=-1 support_ok=1
[SQP] before_solve iter=1 vars=16 constraints=112 max_d=-0.098969
[QP WORST] iter=1 row=3 type=collision d=-0.098969
[QP WORST COLLISION] scenario=37 k=1 obstacle=0 disc=0
[SQP] after_solve iter=1 converged=1 status=0 iterations=3 primal_residual=1.34417e-12 dual_residual=3.96142e-08 x_size=16 x_finite=1
[SQP LINESEARCH] iter=1 current_violation=0 accepted_violation=0 accepted=1 alpha=1 delta_u_norm=0.18648
[SQP SUPPORT] iter=1 support_size=0 support_limit=-1 support_ok=1
[SQP] before_solve iter=2 vars=16 constraints=112 max_d=-0.0959963
[QP WORST] iter=2 row=3 type=collision d=-0.0959963
[QP WORST COLLISION] scenario=37 k=1 obstacle=0 disc=0
[SQP] after_solve iter=2 converged=1 status=0 iterations=3 primal_residual=1.57479e-12 dual_residual=4.50502e-09 x_size=16 x_finite=1
[SQP LINESEARCH] iter=2 current_violation=0 accepted_violation=0 accepted=1 alpha=1 delta_u_norm=0.163566
[SQP SUPPORT] iter=2 support_size=0 support_limit=-1 support_ok=1
[SQP] before_solve iter=3 vars=16 constraints=112 max_d=-0.0998617
[QP WORST] iter=3 row=3 type=collision d=-0.0998617
[QP WORST COLLISION] scenario=37 k=1 obstacle=0 disc=0
[SQP] after_solve iter=3 converged=1 status=0 iterations=3 primal_residual=2.24929e-14 dual_residual=3.96294e-09 x_size=16 x_finite=1
[SQP LINESEARCH] iter=3 current_violation=0 accepted_violation=0 accepted=1 alpha=1 delta_u_norm=0.147532
[SQP SUPPORT] iter=3 support_size=0 support_limit=-1 support_ok=1
[SQP] before_solve iter=4 vars=16 constraints=112 max_d=-0.0982228
[QP WORST] iter=4 row=3 type=collision d=-0.0982228
[QP WORST COLLISION] scenario=37 k=1 obstacle=0 disc=0
[SQP] after_solve iter=4 converged=1 status=0 iterations=3 primal_residual=9.0208e-14 dual_residual=5.72781e-10 x_size=16 x_finite=1
[SQP LINESEARCH] iter=4 current_violation=0 accepted_violation=0 accepted=1 alpha=1 delta_u_norm=0.136968
[SQP SUPPORT] iter=4 support_size=0 support_limit=-1 support_ok=1
[SQP] before_solve iter=5 vars=16 constraints=112 max_d=-0.100119
[QP WORST] iter=5 row=3 type=collision d=-0.100119
[QP WORST COLLISION] scenario=37 k=1 obstacle=0 disc=0
[SQP] after_solve iter=5 converged=1 status=0 iterations=3 primal_residual=4.05004e-16 dual_residual=2.21122e-10 x_size=16 x_finite=1
[SQP LINESEARCH] iter=5 current_violation=0 accepted_violation=0 accepted=1 alpha=1 delta_u_norm=0.12715
[SQP SUPPORT] iter=5 support_size=0 support_limit=-1 support_ok=1
[SQP] before_solve iter=6 vars=16 constraints=112 max_d=-0.0993688
[QP WORST] iter=6 row=3 type=collision d=-0.0993688
[QP WORST COLLISION] scenario=37 k=1 obstacle=0 disc=0
[SQP] after_solve iter=6 converged=1 status=0 iterations=3 primal_residual=5.39e-15 dual_residual=9.54862e-11 x_size=16 x_finite=1
[SQP LINESEARCH] iter=6 current_violation=0 accepted_violation=0 accepted=1 alpha=1 delta_u_norm=0.119668
[SQP SUPPORT] iter=6 support_size=0 support_limit=-1 support_ok=1
[SQP] before_solve iter=7 vars=16 constraints=112 max_d=-0.100409
[QP WORST] iter=7 row=3 type=collision d=-0.100409
[QP WORST COLLISION] scenario=37 k=1 obstacle=0 disc=0
[SQP] after_solve iter=7 converged=1 status=0 iterations=2 primal_residual=4.4146e-16 dual_residual=7.48265e-05 x_size=16 x_finite=1
[SQP LINESEARCH] iter=7 current_violation=0 accepted_violation=0 accepted=1 alpha=1 delta_u_norm=0.1124
[SQP SUPPORT] iter=7 support_size=0 support_limit=-1 support_ok=1
[SQP] before_solve iter=8 vars=16 constraints=112 max_d=-0.100172
[QP WORST] iter=8 row=3 type=collision d=-0.100172
[QP WORST COLLISION] scenario=37 k=1 obstacle=0 disc=0
[SQP] after_solve iter=8 converged=1 status=0 iterations=3 primal_residual=4.33681e-16 dual_residual=2.67697e-11 x_size=16 x_finite=1
[SQP LINESEARCH] iter=8 current_violation=0 accepted_violation=0 accepted=1 alpha=1 delta_u_norm=0.106419
[SQP SUPPORT] iter=8 support_size=0 support_limit=-1 support_ok=1
[SQP] before_solve iter=9 vars=16 constraints=112 max_d=-0.100781
[QP WORST] iter=9 row=3 type=collision d=-0.100781
[QP WORST COLLISION] scenario=37 k=1 obstacle=0 disc=0
[SQP] after_solve iter=9 converged=1 status=0 iterations=2 primal_residual=4.37557e-16 dual_residual=5.85485e-05 x_size=16 x_finite=1
[SQP LINESEARCH] iter=9 current_violation=0 accepted_violation=0 accepted=1 alpha=1 delta_u_norm=0.100573
[SQP SUPPORT] iter=9 support_size=0 support_limit=-1 support_ok=1
[SQP FINAL] final_violation=0 violated_constraints=0
[SUPPORT FINAL] sqp_union=0 final_active=0 support_limit=-1
[SUPPORT FINAL IDS]
[SUPPORT UNION IDS]
[COLD START RECOVERY CHECK] ordinary_sqp_failed=0 seed_available=1 incompatible=0 try_homotopy=0
[HARNESS RESULT] step=41 success=1 controls=8 first_input_present=1
[MPC STEP METRICS] step=41 applied=1 success=1 fallback=0 a=-0.0482231 omega=-0.354053 dt=0.1 acceleration_weight=0.1 steering_weight=0.1 control_cost_unweighted=0.127679 control_cost_weighted=0.0127679 mpc_cost=-17.1127 solve_time=0.033559 qp_solve_time=0.0218055 constraint_time=0.00703839 dro_risk_time=0 ambiguity_radius=0 certificate=not_requested
[EVAL SAFETY] step=42 min_center_distance=1.05468 min_clearance=0.104678 collision_this_step=0 collision_run=0 collision_radius=0.95
[RF BACKUP] available=1 controls=8 states=9
[FREE POLY] k=1 disc=0 raw=40 facets=4 vertices=7 rho=4.8 anchor_shift=0
[FREE POLY] k=1 disc=1 raw=40 facets=0 vertices=4 rho=0.800001 anchor_shift=0
[FREE POLY] k=1 disc=2 raw=40 facets=3 vertices=6 rho=4.8 anchor_shift=0
[FREE POLY] k=2 disc=0 raw=40 facets=5 vertices=8 rho=5.6 anchor_shift=0
[FREE POLY] k=2 disc=1 raw=40 facets=0 vertices=4 rho=1.6 anchor_shift=0
[FREE POLY] k=2 disc=2 raw=40 facets=3 vertices=6 rho=5.6 anchor_shift=0
[FREE POLY] k=3 disc=0 raw=40 facets=5 vertices=8 rho=6.4 anchor_shift=0
[FREE POLY] k=3 disc=1 raw=40 facets=1 vertices=5 rho=2.4 anchor_shift=0
[FREE POLY] k=3 disc=2 raw=40 facets=3 vertices=6 rho=6.4 anchor_shift=0
[FREE POLY] k=4 disc=0 raw=40 facets=4 vertices=7 rho=7.2 anchor_shift=0
[FREE POLY] k=4 disc=1 raw=40 facets=4 vertices=7 rho=3.2 anchor_shift=0
[FREE POLY] k=4 disc=2 raw=40 facets=4 vertices=7 rho=7.2 anchor_shift=0
[FREE POLY] k=5 disc=0 raw=40 facets=3 vertices=6 rho=8 anchor_shift=0
[FREE POLY] k=5 disc=1 raw=40 facets=3 vertices=6 rho=4 anchor_shift=0
[FREE POLY] k=5 disc=2 raw=40 facets=3 vertices=6 rho=8 anchor_shift=0
[FREE POLY] k=6 disc=0 raw=40 facets=4 vertices=7 rho=8.8 anchor_shift=0
[FREE POLY] k=6 disc=1 raw=40 facets=4 vertices=7 rho=4.8 anchor_shift=0
[FREE POLY] k=6 disc=2 raw=40 facets=4 vertices=7 rho=8.8 anchor_shift=0
[FREE POLY] k=7 disc=0 raw=40 facets=4 vertices=7 rho=9.6 anchor_shift=0
[FREE POLY] k=7 disc=1 raw=40 facets=2 vertices=5 rho=5.6 anchor_shift=0
[FREE POLY] k=7 disc=2 raw=40 facets=2 vertices=5 rho=9.6 anchor_shift=0
[FREE POLY] k=8 disc=0 raw=40 facets=3 vertices=6 rho=10.4 anchor_shift=0
[FREE POLY] k=8 disc=1 raw=40 facets=2 vertices=5 rho=6.4 anchor_shift=0
[FREE POLY] k=8 disc=2 raw=40 facets=2 vertices=5 rho=10.4 anchor_shift=0
[RF SUPPORT SEED] removed=0 support_limit=-1
[SQP] before_solve iter=0 vars=16 constraints=104 max_d=-0.19608
[QP WORST] iter=0 row=2 type=collision d=-0.19608
[QP WORST COLLISION] scenario=4 k=1 obstacle=0 disc=0
[SQP] after_solve iter=0 converged=1 status=0 iterations=3 primal_residual=4.26091e-16 dual_residual=1.85715e-09 x_size=16 x_finite=1
[SQP LINESEARCH] iter=0 current_violation=0 accepted_violation=0 accepted=1 alpha=1 delta_u_norm=0.24778
[SQP SUPPORT] iter=0 support_size=0 support_limit=-1 support_ok=1
[SQP] before_solve iter=1 vars=16 constraints=104 max_d=-0.202447
[QP WORST] iter=1 row=2 type=collision d=-0.202447
[QP WORST COLLISION] scenario=4 k=1 obstacle=0 disc=0
[SQP] after_solve iter=1 converged=1 status=0 iterations=3 primal_residual=4.43222e-16 dual_residual=2.34262e-09 x_size=16 x_finite=1
[SQP LINESEARCH] iter=1 current_violation=0 accepted_violation=0 accepted=1 alpha=1 delta_u_norm=0.181882
[SQP SUPPORT] iter=1 support_size=0 support_limit=-1 support_ok=1
[SQP] before_solve iter=2 vars=16 constraints=104 max_d=-0.200407
[QP WORST] iter=2 row=2 type=collision d=-0.200407
[QP WORST COLLISION] scenario=4 k=1 obstacle=0 disc=0
[SQP] after_solve iter=2 converged=1 status=0 iterations=3 primal_residual=3.82507e-16 dual_residual=3.61196e-10 x_size=16 x_finite=1
[SQP LINESEARCH] iter=2 current_violation=0 accepted_violation=0 accepted=1 alpha=1 delta_u_norm=0.160774
[SQP SUPPORT] iter=2 support_size=0 support_limit=-1 support_ok=1
[SQP] before_solve iter=3 vars=16 constraints=104 max_d=-0.203087
[QP WORST] iter=3 row=2 type=collision d=-0.203087
[QP WORST COLLISION] scenario=4 k=1 obstacle=0 disc=0
[SQP] after_solve iter=3 converged=1 status=0 iterations=2 primal_residual=4.35795e-16 dual_residual=7.40557e-05 x_size=16 x_finite=1
[SQP LINESEARCH] iter=3 current_violation=0 accepted_violation=0 accepted=1 alpha=1 delta_u_norm=0.145894
[SQP SUPPORT] iter=3 support_size=0 support_limit=-1 support_ok=1
[SQP] before_solve iter=4 vars=16 constraints=104 max_d=-0.20197
[QP WORST] iter=4 row=2 type=collision d=-0.20197
[QP WORST COLLISION] scenario=4 k=1 obstacle=0 disc=0
[SQP] after_solve iter=4 converged=1 status=0 iterations=2 primal_residual=4.39969e-16 dual_residual=9.38615e-05 x_size=16 x_finite=1
[SQP LINESEARCH] iter=4 current_violation=0 accepted_violation=0 accepted=1 alpha=1 delta_u_norm=0.135611
[SQP SUPPORT] iter=4 support_size=0 support_limit=-1 support_ok=1
[SQP] before_solve iter=5 vars=16 constraints=104 max_d=-0.203223
[QP WORST] iter=5 row=2 type=collision d=-0.203223
[QP WORST COLLISION] scenario=4 k=1 obstacle=0 disc=0
[SQP] after_solve iter=5 converged=1 status=0 iterations=2 primal_residual=4.15575e-16 dual_residual=4.37017e-05 x_size=16 x_finite=1
[SQP LINESEARCH] iter=5 current_violation=0 accepted_violation=0 accepted=1 alpha=1 delta_u_norm=0.12644
[SQP SUPPORT] iter=5 support_size=0 support_limit=-1 support_ok=1
[SQP] before_solve iter=6 vars=16 constraints=104 max_d=-0.202783
[QP WORST] iter=6 row=2 type=collision d=-0.202783
[QP WORST COLLISION] scenario=4 k=1 obstacle=0 disc=0
[SQP] after_solve iter=6 converged=1 status=0 iterations=2 primal_residual=3.92048e-16 dual_residual=5.14341e-05 x_size=16 x_finite=1
[SQP LINESEARCH] iter=6 current_violation=0 accepted_violation=0 accepted=1 alpha=1 delta_u_norm=0.11905
[SQP SUPPORT] iter=6 support_size=0 support_limit=-1 support_ok=1
[SQP] before_solve iter=7 vars=16 constraints=104 max_d=-0.203466
[QP WORST] iter=7 row=2 type=collision d=-0.203466
[QP WORST COLLISION] scenario=4 k=1 obstacle=0 disc=0
[SQP] after_solve iter=7 converged=1 status=0 iterations=2 primal_residual=4.2208e-16 dual_residual=3.13675e-05 x_size=16 x_finite=1
[SQP LINESEARCH] iter=7 current_violation=0 accepted_violation=0 accepted=1 alpha=1 delta_u_norm=0.112139
[SQP SUPPORT] iter=7 support_size=0 support_limit=-1 support_ok=1
[SQP] before_solve iter=8 vars=16 constraints=104 max_d=-0.203361
[QP WORST] iter=8 row=2 type=collision d=-0.203361
[QP WORST COLLISION] scenario=4 k=1 obstacle=0 disc=0
[SQP] after_solve iter=8 converged=1 status=0 iterations=2 primal_residual=4.31241e-16 dual_residual=3.13408e-05 x_size=16 x_finite=1
[SQP LINESEARCH] iter=8 current_violation=0 accepted_violation=0 accepted=1 alpha=1 delta_u_norm=0.106112
[SQP SUPPORT] iter=8 support_size=0 support_limit=-1 support_ok=1
[SQP] before_solve iter=9 vars=16 constraints=104 max_d=-0.203793
[QP WORST] iter=9 row=2 type=collision d=-0.203793
[QP WORST COLLISION] scenario=4 k=1 obstacle=0 disc=0
[SQP] after_solve iter=9 converged=1 status=0 iterations=2 primal_residual=4.23218e-16 dual_residual=2.18326e-05 x_size=16 x_finite=1
[SQP LINESEARCH] iter=9 current_violation=0 accepted_violation=0 accepted=1 alpha=1 delta_u_norm=0.100433
[SQP SUPPORT] iter=9 support_size=0 support_limit=-1 support_ok=1
[SQP FINAL] final_violation=0 violated_constraints=0
[SUPPORT FINAL] sqp_union=0 final_active=0 support_limit=-1
[SUPPORT FINAL IDS]
[SUPPORT UNION IDS]
[COLD START RECOVERY CHECK] ordinary_sqp_failed=0 seed_available=1 incompatible=0 try_homotopy=0
[HARNESS RESULT] step=42 success=1 controls=8 first_input_present=1
[MPC STEP METRICS] step=42 applied=1 success=1 fallback=0 a=-0.0330734 omega=-0.271297 dt=0.1 acceleration_weight=0.1 steering_weight=0.1 control_cost_unweighted=0.0746957 control_cost_weighted=0.00746957 mpc_cost=-17.2447 solve_time=0.0328664 qp_solve_time=0.0212318 constraint_time=0.00689448 dro_risk_time=0 ambiguity_radius=0 certificate=not_requested
[EVAL SAFETY] step=43 min_center_distance=1.15714 min_clearance=0.20714 collision_this_step=0 collision_run=0 collision_radius=0.95
[RF BACKUP] available=1 controls=8 states=9
[FREE POLY] k=1 disc=0 raw=40 facets=3 vertices=6 rho=4.8 anchor_shift=0
[FREE POLY] k=1 disc=1 raw=40 facets=0 vertices=4 rho=0.800001 anchor_shift=0
[FREE POLY] k=1 disc=2 raw=40 facets=2 vertices=5 rho=4.8 anchor_shift=0
[FREE POLY] k=2 disc=0 raw=40 facets=3 vertices=6 rho=5.6 anchor_shift=0
[FREE POLY] k=2 disc=1 raw=40 facets=0 vertices=4 rho=1.6 anchor_shift=0
[FREE POLY] k=2 disc=2 raw=40 facets=3 vertices=6 rho=5.6 anchor_shift=0
[FREE POLY] k=3 disc=0 raw=40 facets=3 vertices=6 rho=6.4 anchor_shift=0
[FREE POLY] k=3 disc=1 raw=40 facets=0 vertices=4 rho=2.4 anchor_shift=0
[FREE POLY] k=3 disc=2 raw=40 facets=3 vertices=6 rho=6.4 anchor_shift=0
[FREE POLY] k=4 disc=0 raw=40 facets=4 vertices=7 rho=7.2 anchor_shift=0
[FREE POLY] k=4 disc=1 raw=40 facets=3 vertices=6 rho=3.2 anchor_shift=0
[FREE POLY] k=4 disc=2 raw=40 facets=4 vertices=7 rho=7.2 anchor_shift=0
[FREE POLY] k=5 disc=0 raw=40 facets=4 vertices=7 rho=8 anchor_shift=0
[FREE POLY] k=5 disc=1 raw=40 facets=4 vertices=7 rho=4 anchor_shift=0
[FREE POLY] k=5 disc=2 raw=40 facets=4 vertices=7 rho=8 anchor_shift=0
[FREE POLY] k=6 disc=0 raw=40 facets=4 vertices=7 rho=8.8 anchor_shift=0
[FREE POLY] k=6 disc=1 raw=40 facets=4 vertices=7 rho=4.8 anchor_shift=0
[FREE POLY] k=6 disc=2 raw=40 facets=4 vertices=7 rho=8.8 anchor_shift=0
[FREE POLY] k=7 disc=0 raw=40 facets=4 vertices=7 rho=9.6 anchor_shift=0
[FREE POLY] k=7 disc=1 raw=40 facets=4 vertices=7 rho=5.6 anchor_shift=0
[FREE POLY] k=7 disc=2 raw=40 facets=4 vertices=7 rho=9.6 anchor_shift=0
[FREE POLY] k=8 disc=0 raw=40 facets=4 vertices=7 rho=10.4 anchor_shift=0
[FREE POLY] k=8 disc=1 raw=40 facets=4 vertices=7 rho=6.4 anchor_shift=0
[FREE POLY] k=8 disc=2 raw=40 facets=4 vertices=7 rho=10.4 anchor_shift=0
[RF SUPPORT SEED] removed=0 support_limit=-1
[SQP] before_solve iter=0 vars=16 constraints=108 max_d=-0.327827
[QP WORST] iter=0 row=2 type=collision d=-0.327827
[QP WORST COLLISION] scenario=19 k=1 obstacle=0 disc=0
[SQP] after_solve iter=0 converged=1 status=0 iterations=3 primal_residual=4.08311e-16 dual_residual=6.50226e-10 x_size=16 x_finite=1
[SQP LINESEARCH] iter=0 current_violation=0 accepted_violation=0 accepted=1 alpha=1 delta_u_norm=0.242412
[SQP SUPPORT] iter=0 support_size=0 support_limit=-1 support_ok=1
[SQP] before_solve iter=1 vars=16 constraints=108 max_d=-0.332193
[QP WORST] iter=1 row=2 type=collision d=-0.332193
[QP WORST COLLISION] scenario=19 k=1 obstacle=0 disc=0
[SQP] after_solve iter=1 converged=1 status=0 iterations=2 primal_residual=4.08961e-16 dual_residual=9.60762e-05 x_size=16 x_finite=1
[SQP LINESEARCH] iter=1 current_violation=0 accepted_violation=0 accepted=1 alpha=1 delta_u_norm=0.178016
[SQP SUPPORT] iter=1 support_size=0 support_limit=-1 support_ok=1
[SQP] before_solve iter=2 vars=16 constraints=108 max_d=-0.330756
[QP WORST] iter=2 row=2 type=collision d=-0.330756
[QP WORST COLLISION] scenario=19 k=1 obstacle=0 disc=0
[SQP] after_solve iter=2 converged=1 status=0 iterations=2 primal_residual=4.34982e-16 dual_residual=6.36527e-05 x_size=16 x_finite=1
[SQP LINESEARCH] iter=2 current_violation=0 accepted_violation=0 accepted=1 alpha=1 delta_u_norm=0.158038
[SQP SUPPORT] iter=2 support_size=0 support_limit=-1 support_ok=1
[SQP] before_solve iter=3 vars=16 constraints=108 max_d=-0.332491
[QP WORST] iter=3 row=2 type=collision d=-0.332491
[QP WORST COLLISION] scenario=19 k=1 obstacle=0 disc=0
[SQP] after_solve iter=3 converged=1 status=0 iterations=2 primal_residual=4.41758e-16 dual_residual=3.5641e-05 x_size=16 x_finite=1
[SQP LINESEARCH] iter=3 current_violation=0 accepted_violation=0 accepted=1 alpha=1 delta_u_norm=0.144703
[SQP SUPPORT] iter=3 support_size=0 support_limit=-1 support_ok=1
[SQP] before_solve iter=4 vars=16 constraints=108 max_d=-0.331787
[QP WORST] iter=4 row=2 type=collision d=-0.331787
[QP WORST COLLISION] scenario=19 k=1 obstacle=0 disc=0
[SQP] after_solve iter=4 converged=1 status=0 iterations=2 primal_residual=4.35849e-16 dual_residual=3.41264e-05 x_size=16 x_finite=1
[SQP LINESEARCH] iter=4 current_violation=0 accepted_violation=0 accepted=1 alpha=1 delta_u_norm=0.134866
[SQP SUPPORT] iter=4 support_size=0 support_limit=-1 support_ok=1
[SQP] before_solve iter=5 vars=16 constraints=108 max_d=-0.332616
[QP WORST] iter=5 row=2 type=collision d=-0.332616
[QP WORST COLLISION] scenario=19 k=1 obstacle=0 disc=0
[SQP] after_solve iter=5 converged=1 status=0 iterations=2 primal_residual=4.38343e-16 dual_residual=1.95847e-05 x_size=16 x_finite=1
[SQP LINESEARCH] iter=5 current_violation=0 accepted_violation=0 accepted=1 alpha=1 delta_u_norm=0.126085
[SQP SUPPORT] iter=5 support_size=0 support_limit=-1 support_ok=1
[SQP] before_solve iter=6 vars=16 constraints=108 max_d=-0.332339
[QP WORST] iter=6 row=2 type=collision d=-0.332339
[QP WORST COLLISION] scenario=19 k=1 obstacle=0 disc=0
[SQP] after_solve iter=6 converged=1 status=0 iterations=2 primal_residual=4.12051e-16 dual_residual=1.99053e-05 x_size=16 x_finite=1
[SQP LINESEARCH] iter=6 current_violation=0 accepted_violation=0 accepted=1 alpha=1 delta_u_norm=0.118772
[SQP SUPPORT] iter=6 support_size=0 support_limit=-1 support_ok=1
[SQP] before_solve iter=7 vars=16 constraints=108 max_d=-0.332803
[QP WORST] iter=7 row=2 type=collision d=-0.332803
[QP WORST COLLISION] scenario=19 k=1 obstacle=0 disc=0
[SQP] after_solve iter=7 converged=1 status=0 iterations=2 primal_residual=4.44089e-16 dual_residual=1.31188e-05 x_size=16 x_finite=1
[SQP LINESEARCH] iter=7 current_violation=0 accepted_violation=0 accepted=1 alpha=1 delta_u_norm=0.111981
[SQP SUPPORT] iter=7 support_size=0 support_limit=-1 support_ok=1
[SQP] before_solve iter=8 vars=16 constraints=108 max_d=-0.332749
[QP WORST] iter=8 row=2 type=collision d=-0.332749
[QP WORST COLLISION] scenario=19 k=1 obstacle=0 disc=0
[SQP] after_solve iter=8 converged=1 status=0 iterations=2 primal_residual=4.28477e-16 dual_residual=1.25986e-05 x_size=16 x_finite=1
[SQP LINESEARCH] iter=8 current_violation=0 accepted_violation=0 accepted=1 alpha=1 delta_u_norm=0.105967
[SQP SUPPORT] iter=8 support_size=0 support_limit=-1 support_ok=1
[SQP] before_solve iter=9 vars=16 constraints=108 max_d=-0.333053
[QP WORST] iter=9 row=2 type=collision d=-0.333053
[QP WORST COLLISION] scenario=19 k=1 obstacle=0 disc=0
[SQP] after_solve iter=9 converged=1 status=0 iterations=2 primal_residual=4.01588e-16 dual_residual=9.14805e-06 x_size=16 x_finite=1
[SQP LINESEARCH] iter=9 current_violation=0 accepted_violation=0 accepted=1 alpha=1 delta_u_norm=0.100331
[SQP SUPPORT] iter=9 support_size=0 support_limit=-1 support_ok=1
[SQP FINAL] final_violation=0 violated_constraints=0
[SUPPORT FINAL] sqp_union=0 final_active=0 support_limit=-1
[SUPPORT FINAL IDS]
[SUPPORT UNION IDS]
[COLD START RECOVERY CHECK] ordinary_sqp_failed=0 seed_available=1 incompatible=0 try_homotopy=0
[HARNESS RESULT] step=43 success=1 controls=8 first_input_present=1
[MPC STEP METRICS] step=43 applied=1 success=1 fallback=0 a=-0.018919 omega=-0.254883 dt=0.1 acceleration_weight=0.1 steering_weight=0.1 control_cost_unweighted=0.0653234 control_cost_weighted=0.00653234 mpc_cost=-17.3383 solve_time=0.0329038 qp_solve_time=0.0212885 constraint_time=0.00683387 dro_risk_time=0 ambiguity_radius=0 certificate=not_requested
[EVAL SAFETY] step=44 min_center_distance=1.29117 min_clearance=0.341168 collision_this_step=0 collision_run=0 collision_radius=0.95
[RF BACKUP] available=1 controls=8 states=9
[FREE POLY] k=1 disc=0 raw=40 facets=2 vertices=5 rho=4.8 anchor_shift=0
[FREE POLY] k=1 disc=1 raw=40 facets=0 vertices=4 rho=0.800001 anchor_shift=0
[FREE POLY] k=1 disc=2 raw=40 facets=2 vertices=5 rho=4.8 anchor_shift=0
[FREE POLY] k=2 disc=0 raw=40 facets=2 vertices=5 rho=5.6 anchor_shift=0
[FREE POLY] k=2 disc=1 raw=40 facets=0 vertices=4 rho=1.6 anchor_shift=0
[FREE POLY] k=2 disc=2 raw=40 facets=2 vertices=5 rho=5.6 anchor_shift=0
[FREE POLY] k=3 disc=0 raw=40 facets=4 vertices=7 rho=6.4 anchor_shift=0
[FREE POLY] k=3 disc=1 raw=40 facets=0 vertices=4 rho=2.4 anchor_shift=0
[FREE POLY] k=3 disc=2 raw=40 facets=3 vertices=6 rho=6.4 anchor_shift=0
[FREE POLY] k=4 disc=0 raw=40 facets=4 vertices=7 rho=7.2 anchor_shift=0
[FREE POLY] k=4 disc=1 raw=40 facets=2 vertices=5 rho=3.2 anchor_shift=0
[FREE POLY] k=4 disc=2 raw=40 facets=3 vertices=6 rho=7.2 anchor_shift=0
[FREE POLY] k=5 disc=0 raw=40 facets=4 vertices=7 rho=8 anchor_shift=0
[FREE POLY] k=5 disc=1 raw=40 facets=2 vertices=5 rho=4 anchor_shift=0
[FREE POLY] k=5 disc=2 raw=40 facets=2 vertices=5 rho=8 anchor_shift=0
[FREE POLY] k=6 disc=0 raw=40 facets=4 vertices=7 rho=8.8 anchor_shift=0
[FREE POLY] k=6 disc=1 raw=40 facets=2 vertices=5 rho=4.8 anchor_shift=0
[FREE POLY] k=6 disc=2 raw=40 facets=2 vertices=5 rho=8.8 anchor_shift=0
[FREE POLY] k=7 disc=0 raw=40 facets=4 vertices=7 rho=9.6 anchor_shift=0
[FREE POLY] k=7 disc=1 raw=40 facets=2 vertices=5 rho=5.6 anchor_shift=0
[FREE POLY] k=7 disc=2 raw=40 facets=2 vertices=5 rho=9.6 anchor_shift=0
[FREE POLY] k=8 disc=0 raw=40 facets=4 vertices=7 rho=10.4 anchor_shift=0
[FREE POLY] k=8 disc=1 raw=40 facets=2 vertices=5 rho=6.4 anchor_shift=0
[FREE POLY] k=8 disc=2 raw=40 facets=2 vertices=5 rho=10.4 anchor_shift=0
[RF SUPPORT SEED] removed=0 support_limit=-1
[SQP] before_solve iter=0 vars=16 constraints=88 max_d=-0.491756
[QP WORST] iter=0 row=1 type=collision d=-0.491756
[QP WORST COLLISION] scenario=38 k=1 obstacle=0 disc=0
[SQP] after_solve iter=0 converged=1 status=0 iterations=2 primal_residual=4.22405e-16 dual_residual=8.59108e-05 x_size=16 x_finite=1
[SQP LINESEARCH] iter=0 current_violation=0 accepted_violation=0 accepted=1 alpha=1 delta_u_norm=0.237966
[SQP SUPPORT] iter=0 support_size=0 support_limit=-1 support_ok=1
[SQP] before_solve iter=1 vars=16 constraints=88 max_d=-0.494728
[QP WORST] iter=1 row=1 type=collision d=-0.494728
[QP WORST COLLISION] scenario=38 k=1 obstacle=0 disc=0
[SQP] after_solve iter=1 converged=1 status=0 iterations=2 primal_residual=4.15033e-16 dual_residual=6.47988e-05 x_size=16 x_finite=1
[SQP LINESEARCH] iter=1 current_violation=0 accepted_violation=0 accepted=1 alpha=1 delta_u_norm=0.175585
[SQP SUPPORT] iter=1 support_size=0 support_limit=-1 support_ok=1
[SQP] before_solve iter=2 vars=16 constraints=88 max_d=-0.493722
[QP WORST] iter=2 row=1 type=collision d=-0.493722
[QP WORST COLLISION] scenario=38 k=1 obstacle=0 disc=0
[SQP] after_solve iter=2 converged=1 status=0 iterations=2 primal_residual=4.30211e-16 dual_residual=4.95848e-05 x_size=16 x_finite=1
[SQP LINESEARCH] iter=2 current_violation=0 accepted_violation=0 accepted=1 alpha=1 delta_u_norm=0.156693
[SQP SUPPORT] iter=2 support_size=0 support_limit=-1 support_ok=1
[SQP] before_solve iter=3 vars=16 constraints=88 max_d=-0.494841
[QP WORST] iter=3 row=1 type=collision d=-0.494841
[QP WORST COLLISION] scenario=38 k=1 obstacle=0 disc=0
[SQP] after_solve iter=3 converged=1 status=0 iterations=2 primal_residual=4.30211e-16 dual_residual=2.74211e-05 x_size=16 x_finite=1
[SQP LINESEARCH] iter=3 current_violation=0 accepted_violation=0 accepted=1 alpha=1 delta_u_norm=0.144067
[SQP SUPPORT] iter=3 support_size=0 support_limit=-1 support_ok=1
[SQP] before_solve iter=4 vars=16 constraints=88 max_d=-0.494309
[QP WORST] iter=4 row=1 type=collision d=-0.494309
[QP WORST COLLISION] scenario=38 k=1 obstacle=0 disc=0
[SQP] after_solve iter=4 converged=1 status=0 iterations=2 primal_residual=4.33681e-16 dual_residual=2.79523e-05 x_size=16 x_finite=1
[SQP LINESEARCH] iter=4 current_violation=0 accepted_violation=0 accepted=1 alpha=1 delta_u_norm=0.134447
[SQP SUPPORT] iter=4 support_size=0 support_limit=-1 support_ok=1
[SQP] before_solve iter=5 vars=16 constraints=88 max_d=-0.494822
[QP WORST] iter=5 row=1 type=collision d=-0.494822
[QP WORST COLLISION] scenario=38 k=1 obstacle=0 disc=0
[SQP] after_solve iter=5 converged=1 status=0 iterations=2 primal_residual=4.39752e-16 dual_residual=1.59468e-05 x_size=16 x_finite=1
[SQP LINESEARCH] iter=5 current_violation=0 accepted_violation=0 accepted=1 alpha=1 delta_u_norm=0.125875
[SQP SUPPORT] iter=5 support_size=0 support_limit=-1 support_ok=1
[SQP] before_solve iter=6 vars=16 constraints=88 max_d=-0.494589
[QP WORST] iter=6 row=1 type=collision d=-0.494589
[QP WORST COLLISION] scenario=38 k=1 obstacle=0 disc=0
[SQP] after_solve iter=6 converged=1 status=0 iterations=2 primal_residual=4.14138e-16 dual_residual=1.68059e-05 x_size=16 x_finite=1
[SQP LINESEARCH] iter=6 current_violation=0 accepted_violation=0 accepted=1 alpha=1 delta_u_norm=0.118599
[SQP SUPPORT] iter=6 support_size=0 support_limit=-1 support_ok=1
[SQP] before_solve iter=7 vars=16 constraints=88 max_d=-0.494863
[QP WORST] iter=7 row=1 type=collision d=-0.494863
[QP WORST COLLISION] scenario=38 k=1 obstacle=0 disc=0
[SQP] after_solve iter=7 converged=1 status=0 iterations=2 primal_residual=4.07796e-16 dual_residual=1.11564e-05 x_size=16 x_finite=1
[SQP LINESEARCH] iter=7 current_violation=0 accepted_violation=0 accepted=1 alpha=1 delta_u_norm=0.111876
[SQP SUPPORT] iter=7 support_size=0 support_limit=-1 support_ok=1
[SQP] before_solve iter=8 vars=16 constraints=88 max_d=-0.494791
[QP WORST] iter=8 row=1 type=collision d=-0.494791
[QP WORST COLLISION] scenario=38 k=1 obstacle=0 disc=0
[SQP] after_solve iter=8 converged=1 status=0 iterations=2 primal_residual=4.4043e-16 dual_residual=1.06078e-05 x_size=16 x_finite=1
[SQP LINESEARCH] iter=8 current_violation=0 accepted_violation=0 accepted=1 alpha=1 delta_u_norm=0.105867
[SQP SUPPORT] iter=8 support_size=0 support_limit=-1 support_ok=1
[SQP] before_solve iter=9 vars=16 constraints=88 max_d=-0.494964
[QP WORST] iter=9 row=1 type=collision d=-0.494964
[QP WORST COLLISION] scenario=38 k=1 obstacle=0 disc=0
[SQP] after_solve iter=9 converged=1 status=0 iterations=2 primal_residual=4.23493e-16 dual_residual=7.72267e-06 x_size=16 x_finite=1
[SQP LINESEARCH] iter=9 current_violation=0 accepted_violation=0 accepted=1 alpha=1 delta_u_norm=0.100255
[SQP SUPPORT] iter=9 support_size=0 support_limit=-1 support_ok=1
[SQP FINAL] final_violation=0 violated_constraints=0
[SUPPORT FINAL] sqp_union=0 final_active=0 support_limit=-1
[SUPPORT FINAL IDS]
[SUPPORT UNION IDS]
[COLD START RECOVERY CHECK] ordinary_sqp_failed=0 seed_available=1 incompatible=0 try_homotopy=0
[HARNESS RESULT] step=44 success=1 controls=8 first_input_present=1
[MPC STEP METRICS] step=44 applied=1 success=1 fallback=0 a=-0.0187943 omega=-0.178244 dt=0.1 acceleration_weight=0.1 steering_weight=0.1 control_cost_unweighted=0.0321242 control_cost_weighted=0.00321242 mpc_cost=-17.4069 solve_time=0.0315168 qp_solve_time=0.0201985 constraint_time=0.00659603 dro_risk_time=0 ambiguity_radius=0 certificate=not_requested
[EVAL SAFETY] step=45 min_center_distance=1.45169 min_clearance=0.501685 collision_this_step=0 collision_run=0 collision_radius=0.95
[RF BACKUP] available=1 controls=8 states=9
[FREE POLY] k=1 disc=0 raw=40 facets=3 vertices=6 rho=4.8 anchor_shift=0
[FREE POLY] k=1 disc=1 raw=40 facets=0 vertices=4 rho=0.800001 anchor_shift=0
[FREE POLY] k=1 disc=2 raw=40 facets=3 vertices=6 rho=4.8 anchor_shift=0
[FREE POLY] k=2 disc=0 raw=40 facets=3 vertices=6 rho=5.6 anchor_shift=0
[FREE POLY] k=2 disc=1 raw=40 facets=0 vertices=4 rho=1.6 anchor_shift=0
[FREE POLY] k=2 disc=2 raw=40 facets=2 vertices=5 rho=5.6 anchor_shift=0
[FREE POLY] k=3 disc=0 raw=40 facets=4 vertices=7 rho=6.4 anchor_shift=0
[FREE POLY] k=3 disc=1 raw=40 facets=0 vertices=4 rho=2.4 anchor_shift=0
[FREE POLY] k=3 disc=2 raw=40 facets=2 vertices=5 rho=6.4 anchor_shift=0
[FREE POLY] k=4 disc=0 raw=40 facets=4 vertices=7 rho=7.2 anchor_shift=0
[FREE POLY] k=4 disc=1 raw=40 facets=1 vertices=5 rho=3.2 anchor_shift=0
[FREE POLY] k=4 disc=2 raw=40 facets=2 vertices=5 rho=7.2 anchor_shift=0
[FREE POLY] k=5 disc=0 raw=40 facets=4 vertices=7 rho=8 anchor_shift=0
[FREE POLY] k=5 disc=1 raw=40 facets=3 vertices=6 rho=4 anchor_shift=0
[FREE POLY] k=5 disc=2 raw=40 facets=3 vertices=6 rho=8 anchor_shift=0
[FREE POLY] k=6 disc=0 raw=40 facets=4 vertices=7 rho=8.8 anchor_shift=0
[FREE POLY] k=6 disc=1 raw=40 facets=2 vertices=5 rho=4.8 anchor_shift=0
[FREE POLY] k=6 disc=2 raw=40 facets=3 vertices=6 rho=8.8 anchor_shift=0
[FREE POLY] k=7 disc=0 raw=40 facets=5 vertices=8 rho=9.6 anchor_shift=0
[FREE POLY] k=7 disc=1 raw=40 facets=4 vertices=7 rho=5.6 anchor_shift=0
[FREE POLY] k=7 disc=2 raw=40 facets=4 vertices=7 rho=9.6 anchor_shift=0
[FREE POLY] k=8 disc=0 raw=40 facets=4 vertices=7 rho=10.4 anchor_shift=0
[FREE POLY] k=8 disc=1 raw=40 facets=3 vertices=6 rho=6.4 anchor_shift=0
[FREE POLY] k=8 disc=2 raw=40 facets=3 vertices=6 rho=10.4 anchor_shift=0
[RF SUPPORT SEED] removed=0 support_limit=-1
[SQP] before_solve iter=0 vars=16 constraints=98 max_d=-0.664624
[QP WORST] iter=0 row=1 type=collision d=-0.664624
[QP WORST COLLISION] scenario=15 k=1 obstacle=0 disc=0
[SQP] after_solve iter=0 converged=1 status=0 iterations=2 primal_residual=4.30211e-16 dual_residual=7.34296e-05 x_size=16 x_finite=1
[SQP LINESEARCH] iter=0 current_violation=0 accepted_violation=0 accepted=1 alpha=1 delta_u_norm=0.235292
[SQP SUPPORT] iter=0 support_size=0 support_limit=-1 support_ok=1
[SQP] before_solve iter=1 vars=16 constraints=98 max_d=-0.666708
[QP WORST] iter=1 row=1 type=collision d=-0.666708
[QP WORST COLLISION] scenario=15 k=1 obstacle=0 disc=0
[SQP] after_solve iter=1 converged=1 status=0 iterations=2 primal_residual=4.16334e-16 dual_residual=5.23409e-05 x_size=16 x_finite=1
[SQP LINESEARCH] iter=1 current_violation=0 accepted_violation=0 accepted=1 alpha=1 delta_u_norm=0.17405
[SQP SUPPORT] iter=1 support_size=0 support_limit=-1 support_ok=1
[SQP] before_solve iter=2 vars=16 constraints=98 max_d=-0.666054
[QP WORST] iter=2 row=1 type=collision d=-0.666054
[QP WORST COLLISION] scenario=15 k=1 obstacle=0 disc=0
[SQP] after_solve iter=2 converged=1 status=0 iterations=2 primal_residual=4.24574e-16 dual_residual=4.19992e-05 x_size=16 x_finite=1
[SQP LINESEARCH] iter=2 current_violation=0 accepted_violation=0 accepted=1 alpha=1 delta_u_norm=0.155819
[SQP SUPPORT] iter=2 support_size=0 support_limit=-1 support_ok=1
[SQP] before_solve iter=3 vars=16 constraints=98 max_d=-0.666811
[QP WORST] iter=3 row=1 type=collision d=-0.666811
[QP WORST COLLISION] scenario=15 k=1 obstacle=0 disc=0
[SQP] after_solve iter=3 converged=1 status=0 iterations=2 primal_residual=4.40023e-16 dual_residual=2.19048e-05 x_size=16 x_finite=1
[SQP LINESEARCH] iter=3 current_violation=0 accepted_violation=0 accepted=1 alpha=1 delta_u_norm=0.143668
[SQP SUPPORT] iter=3 support_size=0 support_limit=-1 support_ok=1
[SQP] before_solve iter=4 vars=16 constraints=98 max_d=-0.666458
[QP WORST] iter=4 row=1 type=collision d=-0.666458
[QP WORST COLLISION] scenario=15 k=1 obstacle=0 disc=0
[SQP] after_solve iter=4 converged=1 status=0 iterations=2 primal_residual=4.35416e-16 dual_residual=2.3602e-05 x_size=16 x_finite=1
[SQP LINESEARCH] iter=4 current_violation=0 accepted_violation=0 accepted=1 alpha=1 delta_u_norm=0.134163
[SQP SUPPORT] iter=4 support_size=0 support_limit=-1 support_ok=1
[SQP] before_solve iter=5 vars=16 constraints=98 max_d=-0.666814
[QP WORST] iter=5 row=1 type=collision d=-0.666814
[QP WORST COLLISION] scenario=15 k=1 obstacle=0 disc=0
[SQP] after_solve iter=5 converged=1 status=0 iterations=2 primal_residual=4.33681e-16 dual_residual=1.34625e-05 x_size=16 x_finite=1
[SQP LINESEARCH] iter=5 current_violation=0 accepted_violation=0 accepted=1 alpha=1 delta_u_norm=0.125739
[SQP SUPPORT] iter=5 support_size=0 support_limit=-1 support_ok=1
[SQP] before_solve iter=6 vars=16 constraints=98 max_d=-0.666668
[QP WORST] iter=6 row=1 type=collision d=-0.666668
[QP WORST COLLISION] scenario=15 k=1 obstacle=0 disc=0
[SQP] after_solve iter=6 converged=1 status=0 iterations=2 primal_residual=4.35416e-16 dual_residual=1.4151e-05 x_size=16 x_finite=1
[SQP LINESEARCH] iter=6 current_violation=0 accepted_violation=0 accepted=1 alpha=1 delta_u_norm=0.118477
[SQP SUPPORT] iter=6 support_size=0 support_limit=-1 support_ok=1
[SQP] before_solve iter=7 vars=16 constraints=98 max_d=-0.666869
[QP WORST] iter=7 row=1 type=collision d=-0.666869
[QP WORST COLLISION] scenario=15 k=1 obstacle=0 disc=0
[SQP] after_solve iter=7 converged=1 status=0 iterations=2 primal_residual=4.36933e-16 dual_residual=9.38182e-06 x_size=16 x_finite=1
[SQP LINESEARCH] iter=7 current_violation=0 accepted_violation=0 accepted=1 alpha=1 delta_u_norm=0.111804
[SQP SUPPORT] iter=7 support_size=0 support_limit=-1 support_ok=1
[SQP] before_solve iter=8 vars=16 constraints=98 max_d=-0.666836
[QP WORST] iter=8 row=1 type=collision d=-0.666836
[QP WORST COLLISION] scenario=15 k=1 obstacle=0 disc=0
[SQP] after_solve iter=8 converged=1 status=0 iterations=2 primal_residual=4.34982e-16 dual_residual=8.90644e-06 x_size=16 x_finite=1
[SQP LINESEARCH] iter=8 current_violation=0 accepted_violation=0 accepted=1 alpha=1 delta_u_norm=0.105796
[SQP SUPPORT] iter=8 support_size=0 support_limit=-1 support_ok=1
[SQP] before_solve iter=9 vars=16 constraints=98 max_d=-0.666971
[QP WORST] iter=9 row=1 type=collision d=-0.666971
[QP WORST COLLISION] scenario=15 k=1 obstacle=0 disc=0
[SQP] after_solve iter=9 converged=1 status=0 iterations=2 primal_residual=4.37367e-16 dual_residual=6.74927e-06 x_size=16 x_finite=1
[SQP LINESEARCH] iter=9 current_violation=0 accepted_violation=0 accepted=1 alpha=1 delta_u_norm=0.100204
[SQP SUPPORT] iter=9 support_size=0 support_limit=-1 support_ok=1
[SQP FINAL] final_violation=0 violated_constraints=0
[SUPPORT FINAL] sqp_union=0 final_active=0 support_limit=-1
[SUPPORT FINAL IDS]
[SUPPORT UNION IDS]
[COLD START RECOVERY CHECK] ordinary_sqp_failed=0 seed_available=1 incompatible=0 try_homotopy=0
[HARNESS RESULT] step=45 success=1 controls=8 first_input_present=1
[MPC STEP METRICS] step=45 applied=1 success=1 fallback=0 a=-0.0115702 omega=-0.191453 dt=0.1 acceleration_weight=0.1 steering_weight=0.1 control_cost_unweighted=0.0367882 control_cost_weighted=0.00367882 mpc_cost=-17.4559 solve_time=0.0319226 qp_solve_time=0.0205745 constraint_time=0.00664436 dro_risk_time=0 ambiguity_radius=0 certificate=not_requested
[EVAL SAFETY] step=46 min_center_distance=1.62279 min_clearance=0.672785 collision_this_step=0 collision_run=0 collision_radius=0.95
[RF BACKUP] available=1 controls=8 states=9
[FREE POLY] k=1 disc=0 raw=40 facets=5 vertices=8 rho=4.8 anchor_shift=0
[FREE POLY] k=1 disc=1 raw=40 facets=0 vertices=4 rho=0.800001 anchor_shift=0
[FREE POLY] k=1 disc=2 raw=40 facets=1 vertices=5 rho=4.8 anchor_shift=0
[FREE POLY] k=2 disc=0 raw=40 facets=4 vertices=7 rho=5.6 anchor_shift=0
[FREE POLY] k=2 disc=1 raw=40 facets=0 vertices=4 rho=1.6 anchor_shift=0
[FREE POLY] k=2 disc=2 raw=40 facets=3 vertices=6 rho=5.6 anchor_shift=0
[FREE POLY] k=3 disc=0 raw=40 facets=4 vertices=7 rho=6.4 anchor_shift=0
[FREE POLY] k=3 disc=1 raw=40 facets=0 vertices=4 rho=2.4 anchor_shift=0
[FREE POLY] k=3 disc=2 raw=40 facets=4 vertices=7 rho=6.4 anchor_shift=0
[FREE POLY] k=4 disc=0 raw=40 facets=4 vertices=7 rho=7.2 anchor_shift=0
[FREE POLY] k=4 disc=1 raw=40 facets=0 vertices=4 rho=3.2 anchor_shift=0
[FREE POLY] k=4 disc=2 raw=40 facets=3 vertices=6 rho=7.2 anchor_shift=0
[FREE POLY] k=5 disc=0 raw=40 facets=4 vertices=7 rho=8 anchor_shift=0
[FREE POLY] k=5 disc=1 raw=40 facets=3 vertices=6 rho=4 anchor_shift=0
[FREE POLY] k=5 disc=2 raw=40 facets=3 vertices=6 rho=8 anchor_shift=0
[FREE POLY] k=6 disc=0 raw=40 facets=3 vertices=6 rho=8.8 anchor_shift=0
[FREE POLY] k=6 disc=1 raw=40 facets=3 vertices=6 rho=4.8 anchor_shift=0
[FREE POLY] k=6 disc=2 raw=40 facets=3 vertices=6 rho=8.8 anchor_shift=0
[FREE POLY] k=7 disc=0 raw=40 facets=3 vertices=6 rho=9.6 anchor_shift=0
[FREE POLY] k=7 disc=1 raw=40 facets=3 vertices=6 rho=5.6 anchor_shift=0
[FREE POLY] k=7 disc=2 raw=40 facets=3 vertices=6 rho=9.6 anchor_shift=0
[FREE POLY] k=8 disc=0 raw=40 facets=3 vertices=6 rho=10.4 anchor_shift=0
[FREE POLY] k=8 disc=1 raw=40 facets=2 vertices=5 rho=6.4 anchor_shift=0
[FREE POLY] k=8 disc=2 raw=40 facets=2 vertices=5 rho=10.4 anchor_shift=0
[RF SUPPORT SEED] removed=0 support_limit=-1
[SQP] before_solve iter=0 vars=16 constraints=95 max_d=-0.848017
[QP WORST] iter=0 row=2 type=collision d=-0.848017
[QP WORST COLLISION] scenario=36 k=1 obstacle=0 disc=0
[SQP] after_solve iter=0 converged=1 status=0 iterations=2 primal_residual=3.92048e-16 dual_residual=6.22798e-05 x_size=16 x_finite=1
[SQP LINESEARCH] iter=0 current_violation=0 accepted_violation=0 accepted=1 alpha=1 delta_u_norm=0.233298
[SQP SUPPORT] iter=0 support_size=0 support_limit=-1 support_ok=1
[SQP] before_solve iter=1 vars=16 constraints=95 max_d=-0.849488
[QP WORST] iter=1 row=2 type=collision d=-0.849488
[QP WORST COLLISION] scenario=36 k=1 obstacle=0 disc=0
[SQP] after_solve iter=1 converged=1 status=0 iterations=2 primal_residual=4.43005e-16 dual_residual=4.12999e-05 x_size=16 x_finite=1
[SQP LINESEARCH] iter=1 current_violation=0 accepted_violation=0 accepted=1 alpha=1 delta_u_norm=0.172861
[SQP SUPPORT] iter=1 support_size=0 support_limit=-1 support_ok=1
[SQP] before_solve iter=2 vars=16 constraints=95 max_d=-0.849016
[QP WORST] iter=2 row=2 type=collision d=-0.849016
[QP WORST COLLISION] scenario=36 k=1 obstacle=0 disc=0
[SQP] after_solve iter=2 converged=1 status=0 iterations=2 primal_residual=4.365e-16 dual_residual=3.56101e-05 x_size=16 x_finite=1
[SQP LINESEARCH] iter=2 current_violation=0 accepted_violation=0 accepted=1 alpha=1 delta_u_norm=0.155155
[SQP SUPPORT] iter=2 support_size=0 support_limit=-1 support_ok=1
[SQP] before_solve iter=3 vars=16 constraints=95 max_d=-0.84951
[QP WORST] iter=3 row=2 type=collision d=-0.84951
[QP WORST COLLISION] scenario=36 k=1 obstacle=0 disc=0
[SQP] after_solve iter=3 converged=1 status=0 iterations=2 primal_residual=4.35416e-16 dual_residual=1.74767e-05 x_size=16 x_finite=1
[SQP LINESEARCH] iter=3 current_violation=0 accepted_violation=0 accepted=1 alpha=1 delta_u_norm=0.143347
[SQP SUPPORT] iter=3 support_size=0 support_limit=-1 support_ok=1
[SQP] before_solve iter=4 vars=16 constraints=95 max_d=-0.84924
[QP WORST] iter=4 row=2 type=collision d=-0.84924
[QP WORST COLLISION] scenario=36 k=1 obstacle=0 disc=0
[SQP] after_solve iter=4 converged=1 status=0 iterations=2 primal_residual=4.30645e-16 dual_residual=1.99698e-05 x_size=16 x_finite=1
[SQP LINESEARCH] iter=4 current_violation=0 accepted_violation=0 accepted=1 alpha=1 delta_u_norm=0.133941
[SQP SUPPORT] iter=4 support_size=0 support_limit=-1 support_ok=1
[SQP] before_solve iter=5 vars=16 constraints=95 max_d=-0.849467
[QP WORST] iter=5 row=2 type=collision d=-0.849467
[QP WORST COLLISION] scenario=36 k=1 obstacle=0 disc=0
[SQP] after_solve iter=5 converged=1 status=0 iterations=2 primal_residual=4.38235e-16 dual_residual=1.13987e-05 x_size=16 x_finite=1
[SQP LINESEARCH] iter=5 current_violation=0 accepted_violation=0 accepted=1 alpha=1 delta_u_norm=0.125622
[SQP SUPPORT] iter=5 support_size=0 support_limit=-1 support_ok=1
[SQP] before_solve iter=6 vars=16 constraints=95 max_d=-0.849351
[QP WORST] iter=6 row=2 type=collision d=-0.849351
[QP WORST COLLISION] scenario=36 k=1 obstacle=0 disc=0
[SQP] after_solve iter=6 converged=1 status=0 iterations=2 primal_residual=4.40755e-16 dual_residual=1.19451e-05 x_size=16 x_finite=1
[SQP LINESEARCH] iter=6 current_violation=0 accepted_violation=0 accepted=1 alpha=1 delta_u_norm=0.118377
[SQP SUPPORT] iter=6 support_size=0 support_limit=-1 support_ok=1
[SQP] before_solve iter=7 vars=16 constraints=95 max_d=-0.84948
[QP WORST] iter=7 row=2 type=collision d=-0.84948
[QP WORST COLLISION] scenario=36 k=1 obstacle=0 disc=0
[SQP] after_solve iter=7 converged=1 status=0 iterations=2 primal_residual=4.3978e-16 dual_residual=8.10084e-06 x_size=16 x_finite=1
[SQP LINESEARCH] iter=7 current_violation=0 accepted_violation=0 accepted=1 alpha=1 delta_u_norm=0.11174
[SQP SUPPORT] iter=7 support_size=0 support_limit=-1 support_ok=1
[SQP] before_solve iter=8 vars=16 constraints=95 max_d=-0.849449
[QP WORST] iter=8 row=2 type=collision d=-0.849449
[QP WORST COLLISION] scenario=36 k=1 obstacle=0 disc=0
[SQP] after_solve iter=8 converged=1 status=0 iterations=2 primal_residual=4.4169e-16 dual_residual=7.81563e-06 x_size=16 x_finite=1
[SQP LINESEARCH] iter=8 current_violation=0 accepted_violation=0 accepted=1 alpha=1 delta_u_norm=0.105735
[SQP SUPPORT] iter=8 support_size=0 support_limit=-1 support_ok=1
[SQP] before_solve iter=9 vars=16 constraints=95 max_d=-0.849538
[QP WORST] iter=9 row=2 type=collision d=-0.849538
[QP WORST COLLISION] scenario=36 k=1 obstacle=0 disc=0
[SQP] after_solve iter=9 converged=1 status=0 iterations=2 primal_residual=4.33274e-16 dual_residual=5.96094e-06 x_size=16 x_finite=1
[SQP LINESEARCH] iter=9 current_violation=0 accepted_violation=0 accepted=1 alpha=1 delta_u_norm=0.100158
[SQP SUPPORT] iter=9 support_size=0 support_limit=-1 support_ok=1
[SQP FINAL] final_violation=0 violated_constraints=0
[SUPPORT FINAL] sqp_union=0 final_active=0 support_limit=-1
[SUPPORT FINAL IDS]
[SUPPORT UNION IDS]
[COLD START RECOVERY CHECK] ordinary_sqp_failed=0 seed_available=1 incompatible=0 try_homotopy=0
[HARNESS RESULT] step=46 success=1 controls=8 first_input_present=1
[MPC STEP METRICS] step=46 applied=1 success=1 fallback=0 a=-0.00883657 omega=-0.142279 dt=0.1 acceleration_weight=0.1 steering_weight=0.1 control_cost_unweighted=0.0203215 control_cost_weighted=0.00203215 mpc_cost=-17.4927 solve_time=0.0313938 qp_solve_time=0.0200568 constraint_time=0.00663721 dro_risk_time=0 ambiguity_radius=0 certificate=not_requested
[EVAL SAFETY] step=47 min_center_distance=1.80484 min_clearance=0.854838 collision_this_step=0 collision_run=0 collision_radius=0.95
[RF BACKUP] available=1 controls=8 states=9
[FREE POLY] k=1 disc=0 raw=40 facets=5 vertices=8 rho=4.8 anchor_shift=0
[FREE POLY] k=1 disc=1 raw=40 facets=0 vertices=4 rho=0.800001 anchor_shift=0
[FREE POLY] k=1 disc=2 raw=40 facets=0 vertices=4 rho=4.8 anchor_shift=0
[FREE POLY] k=2 disc=0 raw=40 facets=4 vertices=7 rho=5.6 anchor_shift=0
[FREE POLY] k=2 disc=1 raw=40 facets=0 vertices=4 rho=1.6 anchor_shift=0
[FREE POLY] k=2 disc=2 raw=40 facets=2 vertices=5 rho=5.6 anchor_shift=0
[FREE POLY] k=3 disc=0 raw=40 facets=4 vertices=7 rho=6.4 anchor_shift=0
[FREE POLY] k=3 disc=1 raw=40 facets=0 vertices=4 rho=2.4 anchor_shift=0
[FREE POLY] k=3 disc=2 raw=40 facets=3 vertices=6 rho=6.4 anchor_shift=0
[FREE POLY] k=4 disc=0 raw=40 facets=3 vertices=6 rho=7.2 anchor_shift=0
[FREE POLY] k=4 disc=1 raw=40 facets=0 vertices=4 rho=3.2 anchor_shift=0
[FREE POLY] k=4 disc=2 raw=40 facets=2 vertices=5 rho=7.2 anchor_shift=0
[FREE POLY] k=5 disc=0 raw=40 facets=4 vertices=7 rho=8 anchor_shift=0
[FREE POLY] k=5 disc=1 raw=40 facets=3 vertices=6 rho=4 anchor_shift=0
[FREE POLY] k=5 disc=2 raw=40 facets=3 vertices=6 rho=8 anchor_shift=0
[FREE POLY] k=6 disc=0 raw=40 facets=4 vertices=7 rho=8.8 anchor_shift=0
[FREE POLY] k=6 disc=1 raw=40 facets=2 vertices=5 rho=4.8 anchor_shift=0
[FREE POLY] k=6 disc=2 raw=40 facets=2 vertices=5 rho=8.8 anchor_shift=0
[FREE POLY] k=7 disc=0 raw=40 facets=2 vertices=5 rho=9.6 anchor_shift=0
[FREE POLY] k=7 disc=1 raw=40 facets=2 vertices=5 rho=5.6 anchor_shift=0
[FREE POLY] k=7 disc=2 raw=40 facets=2 vertices=5 rho=9.6 anchor_shift=0
[FREE POLY] k=8 disc=0 raw=40 facets=3 vertices=6 rho=10.4 anchor_shift=0
[FREE POLY] k=8 disc=1 raw=40 facets=2 vertices=5 rho=6.4 anchor_shift=0
[FREE POLY] k=8 disc=2 raw=40 facets=2 vertices=5 rho=10.4 anchor_shift=0
[RF SUPPORT SEED] removed=0 support_limit=-1
[SQP] before_solve iter=0 vars=16 constraints=86 max_d=-1.03517
[QP WORST] iter=0 row=0 type=collision d=-1.03517
[QP WORST COLLISION] scenario=5 k=1 obstacle=0 disc=0
[SQP] after_solve iter=0 converged=1 status=0 iterations=2 primal_residual=4.3715e-16 dual_residual=5.30285e-05 x_size=16 x_finite=1
[SQP LINESEARCH] iter=0 current_violation=0 accepted_violation=0 accepted=1 alpha=1 delta_u_norm=0.231861
[SQP SUPPORT] iter=0 support_size=0 support_limit=-1 support_ok=1
[SQP] before_solve iter=1 vars=16 constraints=86 max_d=-1.03623
[QP WORST] iter=1 row=0 type=collision d=-1.03623
[QP WORST COLLISION] scenario=5 k=1 obstacle=0 disc=0
[SQP] after_solve iter=1 converged=1 status=0 iterations=2 primal_residual=4.16334e-16 dual_residual=3.33899e-05 x_size=16 x_finite=1
[SQP LINESEARCH] iter=1 current_violation=0 accepted_violation=0 accepted=1 alpha=1 delta_u_norm=0.172014
[SQP SUPPORT] iter=1 support_size=0 support_limit=-1 support_ok=1
[SQP] before_solve iter=2 vars=16 constraints=86 max_d=-1.03589
[QP WORST] iter=2 row=0 type=collision d=-1.03589
[QP WORST COLLISION] scenario=5 k=1 obstacle=0 disc=0
[SQP] after_solve iter=2 converged=1 status=0 iterations=2 primal_residual=4.12539e-16 dual_residual=3.02174e-05 x_size=16 x_finite=1
[SQP LINESEARCH] iter=2 current_violation=0 accepted_violation=0 accepted=1 alpha=1 delta_u_norm=0.154674
[SQP SUPPORT] iter=2 support_size=0 support_limit=-1 support_ok=1
[SQP] before_solve iter=3 vars=16 constraints=86 max_d=-1.03621
[QP WORST] iter=3 row=0 type=collision d=-1.03621
[QP WORST COLLISION] scenario=5 k=1 obstacle=0 disc=0
[SQP] after_solve iter=3 converged=1 status=0 iterations=2 primal_residual=4.44089e-16 dual_residual=1.43899e-05 x_size=16 x_finite=1
[SQP LINESEARCH] iter=3 current_violation=0 accepted_violation=0 accepted=1 alpha=1 delta_u_norm=0.143121
[SQP SUPPORT] iter=3 support_size=0 support_limit=-1 support_ok=1
[SQP] before_solve iter=4 vars=16 constraints=86 max_d=-1.03601
[QP WORST] iter=4 row=0 type=collision d=-1.03601
[QP WORST COLLISION] scenario=5 k=1 obstacle=0 disc=0
[SQP] after_solve iter=4 converged=1 status=0 iterations=2 primal_residual=3.85542e-16 dual_residual=1.6916e-05 x_size=16 x_finite=1
[SQP LINESEARCH] iter=4 current_violation=0 accepted_violation=0 accepted=1 alpha=1 delta_u_norm=0.133782
[SQP SUPPORT] iter=4 support_size=0 support_limit=-1 support_ok=1
[SQP] before_solve iter=5 vars=16 constraints=86 max_d=-1.03615
[QP WORST] iter=5 row=0 type=collision d=-1.03615
[QP WORST COLLISION] scenario=5 k=1 obstacle=0 disc=0
[SQP] after_solve iter=5 converged=1 status=0 iterations=2 primal_residual=4.1655e-16 dual_residual=9.64923e-06 x_size=16 x_finite=1
[SQP LINESEARCH] iter=5 current_violation=0 accepted_violation=0 accepted=1 alpha=1 delta_u_norm=0.125542
[SQP SUPPORT] iter=5 support_size=0 support_limit=-1 support_ok=1
[SQP] before_solve iter=6 vars=16 constraints=86 max_d=-1.03607
[QP WORST] iter=6 row=0 type=collision d=-1.03607
[QP WORST COLLISION] scenario=5 k=1 obstacle=0 disc=0
[SQP] after_solve iter=6 converged=1 status=0 iterations=2 primal_residual=4.02998e-16 dual_residual=1.0177e-05 x_size=16 x_finite=1
[SQP LINESEARCH] iter=6 current_violation=0 accepted_violation=0 accepted=1 alpha=1 delta_u_norm=0.118308
[SQP SUPPORT] iter=6 support_size=0 support_limit=-1 support_ok=1
[SQP] before_solve iter=7 vars=16 constraints=86 max_d=-1.03615
[QP WORST] iter=7 row=0 type=collision d=-1.03615
[QP WORST COLLISION] scenario=5 k=1 obstacle=0 disc=0
[SQP] after_solve iter=7 converged=1 status=0 iterations=2 primal_residual=4.29398e-16 dual_residual=7.15746e-06 x_size=16 x_finite=1
[SQP LINESEARCH] iter=7 current_violation=0 accepted_violation=0 accepted=1 alpha=1 delta_u_norm=0.111698
[SQP SUPPORT] iter=7 support_size=0 support_limit=-1 support_ok=1
[SQP] before_solve iter=8 vars=16 constraints=86 max_d=-1.03613
[QP WORST] iter=8 row=0 type=collision d=-1.03613
[QP WORST COLLISION] scenario=5 k=1 obstacle=0 disc=0
[SQP] after_solve iter=8 converged=1 status=0 iterations=2 primal_residual=4.3715e-16 dual_residual=6.88844e-06 x_size=16 x_finite=1
[SQP LINESEARCH] iter=8 current_violation=0 accepted_violation=0 accepted=1 alpha=1 delta_u_norm=0.105694
[SQP SUPPORT] iter=8 support_size=0 support_limit=-1 support_ok=1
[SQP] before_solve iter=9 vars=16 constraints=86 max_d=-1.03619
[QP WORST] iter=9 row=0 type=collision d=-1.03619
[QP WORST COLLISION] scenario=5 k=1 obstacle=0 disc=0
[SQP] after_solve iter=9 converged=1 status=0 iterations=2 primal_residual=4.3032e-16 dual_residual=5.28341e-06 x_size=16 x_finite=1
[SQP LINESEARCH] iter=9 current_violation=0 accepted_violation=0 accepted=1 alpha=1 delta_u_norm=0.100128
[SQP SUPPORT] iter=9 support_size=0 support_limit=-1 support_ok=1
[SQP FINAL] final_violation=0 violated_constraints=0
[SUPPORT FINAL] sqp_union=0 final_active=0 support_limit=-1
[SUPPORT FINAL IDS]
[SUPPORT UNION IDS]
[COLD START RECOVERY CHECK] ordinary_sqp_failed=0 seed_available=1 incompatible=0 try_homotopy=0
[HARNESS RESULT] step=47 success=1 controls=8 first_input_present=1
[MPC STEP METRICS] step=47 applied=1 success=1 fallback=0 a=-0.00644046 omega=-0.128667 dt=0.1 acceleration_weight=0.1 steering_weight=0.1 control_cost_unweighted=0.0165968 control_cost_weighted=0.00165968 mpc_cost=-17.5187 solve_time=0.0308414 qp_solve_time=0.0198235 constraint_time=0.00635766 dro_risk_time=0 ambiguity_radius=0 certificate=not_requested
[EVAL SAFETY] step=48 min_center_distance=1.99227 min_clearance=1.04227 collision_this_step=0 collision_run=0 collision_radius=0.95
[RF BACKUP] available=1 controls=8 states=9
[FREE POLY] k=1 disc=0 raw=40 facets=4 vertices=7 rho=4.8 anchor_shift=0
[FREE POLY] k=1 disc=1 raw=40 facets=0 vertices=4 rho=0.800001 anchor_shift=0
[FREE POLY] k=1 disc=2 raw=40 facets=0 vertices=4 rho=4.8 anchor_shift=0
[FREE POLY] k=2 disc=0 raw=40 facets=4 vertices=7 rho=5.6 anchor_shift=0
[FREE POLY] k=2 disc=1 raw=40 facets=0 vertices=4 rho=1.6 anchor_shift=0
[FREE POLY] k=2 disc=2 raw=40 facets=4 vertices=7 rho=5.6 anchor_shift=0
[FREE POLY] k=3 disc=0 raw=40 facets=4 vertices=7 rho=6.4 anchor_shift=0
[FREE POLY] k=3 disc=1 raw=40 facets=0 vertices=4 rho=2.4 anchor_shift=0
[FREE POLY] k=3 disc=2 raw=40 facets=4 vertices=7 rho=6.4 anchor_shift=0
[FREE POLY] k=4 disc=0 raw=40 facets=4 vertices=7 rho=7.2 anchor_shift=0
[FREE POLY] k=4 disc=1 raw=40 facets=0 vertices=4 rho=3.2 anchor_shift=0
[FREE POLY] k=4 disc=2 raw=40 facets=4 vertices=7 rho=7.2 anchor_shift=0
[FREE POLY] k=5 disc=0 raw=40 facets=3 vertices=6 rho=8 anchor_shift=0
[FREE POLY] k=5 disc=1 raw=40 facets=1 vertices=4 rho=4 anchor_shift=0
[FREE POLY] k=5 disc=2 raw=40 facets=3 vertices=6 rho=8 anchor_shift=0
[FREE POLY] k=6 disc=0 raw=40 facets=3 vertices=6 rho=8.8 anchor_shift=0
[FREE POLY] k=6 disc=1 raw=40 facets=1 vertices=4 rho=4.8 anchor_shift=0
[FREE POLY] k=6 disc=2 raw=40 facets=3 vertices=6 rho=8.8 anchor_shift=0
[FREE POLY] k=7 disc=0 raw=40 facets=3 vertices=6 rho=9.6 anchor_shift=0
[FREE POLY] k=7 disc=1 raw=40 facets=3 vertices=6 rho=5.6 anchor_shift=0
[FREE POLY] k=7 disc=2 raw=40 facets=3 vertices=6 rho=9.6 anchor_shift=0
[FREE POLY] k=8 disc=0 raw=40 facets=3 vertices=6 rho=10.4 anchor_shift=0
[FREE POLY] k=8 disc=1 raw=40 facets=3 vertices=6 rho=6.4 anchor_shift=0
[FREE POLY] k=8 disc=2 raw=40 facets=3 vertices=6 rho=10.4 anchor_shift=0
[RF SUPPORT SEED] removed=0 support_limit=-1
[SQP] before_solve iter=0 vars=16 constraints=92 max_d=-1.22662
[QP WORST] iter=0 row=2 type=collision d=-1.22662
[QP WORST COLLISION] scenario=31 k=1 obstacle=0 disc=0
[SQP] after_solve iter=0 converged=1 status=0 iterations=2 primal_residual=4.33681e-16 dual_residual=4.51412e-05 x_size=16 x_finite=1
[SQP LINESEARCH] iter=0 current_violation=0 accepted_violation=0 accepted=1 alpha=1 delta_u_norm=0.230811
[SQP SUPPORT] iter=0 support_size=0 support_limit=-1 support_ok=1
[SQP] before_solve iter=1 vars=16 constraints=92 max_d=-1.2274
[QP WORST] iter=1 row=2 type=collision d=-1.2274
[QP WORST COLLISION] scenario=31 k=1 obstacle=0 disc=0
[SQP] after_solve iter=1 converged=1 status=0 iterations=2 primal_residual=4.16781e-16 dual_residual=2.73131e-05 x_size=16 x_finite=1
[SQP LINESEARCH] iter=1 current_violation=0 accepted_violation=0 accepted=1 alpha=1 delta_u_norm=0.171392
[SQP SUPPORT] iter=1 support_size=0 support_limit=-1 support_ok=1
[SQP] before_solve iter=2 vars=16 constraints=92 max_d=-1.22715
[QP WORST] iter=2 row=2 type=collision d=-1.22715
[QP WORST COLLISION] scenario=31 k=1 obstacle=0 disc=0
[SQP] after_solve iter=2 converged=1 status=0 iterations=2 primal_residual=4.31404e-16 dual_residual=2.56761e-05 x_size=16 x_finite=1
[SQP LINESEARCH] iter=2 current_violation=0 accepted_violation=0 accepted=1 alpha=1 delta_u_norm=0.154323
[SQP SUPPORT] iter=2 support_size=0 support_limit=-1 support_ok=1
[SQP] before_solve iter=3 vars=16 constraints=92 max_d=-1.22735
[QP WORST] iter=3 row=2 type=collision d=-1.22735
[QP WORST COLLISION] scenario=31 k=1 obstacle=0 disc=0
[SQP] after_solve iter=3 converged=1 status=0 iterations=2 primal_residual=4.23489e-16 dual_residual=1.19146e-05 x_size=16 x_finite=1
[SQP LINESEARCH] iter=3 current_violation=0 accepted_violation=0 accepted=1 alpha=1 delta_u_norm=0.142955
[SQP SUPPORT] iter=3 support_size=0 support_limit=-1 support_ok=1
[SQP] before_solve iter=4 vars=16 constraints=92 max_d=-1.2272
[QP WORST] iter=4 row=2 type=collision d=-1.2272
[QP WORST COLLISION] scenario=31 k=1 obstacle=0 disc=0
[SQP] after_solve iter=4 converged=1 status=0 iterations=2 primal_residual=4.30211e-16 dual_residual=1.43546e-05 x_size=16 x_finite=1
[SQP LINESEARCH] iter=4 current_violation=0 accepted_violation=0 accepted=1 alpha=1 delta_u_norm=0.133666
[SQP SUPPORT] iter=4 support_size=0 support_limit=-1 support_ok=1
[SQP] before_solve iter=5 vars=16 constraints=92 max_d=-1.22728
[QP WORST] iter=5 row=2 type=collision d=-1.22728
[QP WORST COLLISION] scenario=31 k=1 obstacle=0 disc=0
[SQP] after_solve iter=5 converged=1 status=0 iterations=2 primal_residual=4.3856e-16 dual_residual=8.53197e-06 x_size=16 x_finite=1
[SQP LINESEARCH] iter=5 current_violation=0 accepted_violation=0 accepted=1 alpha=1 delta_u_norm=0.125483
[SQP SUPPORT] iter=5 support_size=0 support_limit=-1 support_ok=1
[SQP] before_solve iter=6 vars=16 constraints=92 max_d=-1.22722
[QP WORST] iter=6 row=2 type=collision d=-1.22722
[QP WORST COLLISION] scenario=31 k=1 obstacle=0 disc=0
[SQP] after_solve iter=6 converged=1 status=0 iterations=2 primal_residual=4.25224e-16 dual_residual=8.94664e-06 x_size=16 x_finite=1
[SQP LINESEARCH] iter=6 current_violation=0 accepted_violation=0 accepted=1 alpha=1 delta_u_norm=0.118258
[SQP SUPPORT] iter=6 support_size=0 support_limit=-1 support_ok=1
[SQP] before_solve iter=7 vars=16 constraints=92 max_d=-1.22727
[QP WORST] iter=7 row=2 type=collision d=-1.22727
[QP WORST COLLISION] scenario=31 k=1 obstacle=0 disc=0
[SQP] after_solve iter=7 converged=1 status=0 iterations=2 primal_residual=4.30211e-16 dual_residual=6.34235e-06 x_size=16 x_finite=1
[SQP LINESEARCH] iter=7 current_violation=0 accepted_violation=0 accepted=1 alpha=1 delta_u_norm=0.111667
[SQP SUPPORT] iter=7 support_size=0 support_limit=-1 support_ok=1
[SQP] before_solve iter=8 vars=16 constraints=92 max_d=-1.22725
[QP WORST] iter=8 row=2 type=collision d=-1.22725
[QP WORST COLLISION] scenario=31 k=1 obstacle=0 disc=0
[SQP] after_solve iter=8 converged=1 status=0 iterations=2 primal_residual=4.38885e-16 dual_residual=6.08891e-06 x_size=16 x_finite=1
[SQP LINESEARCH] iter=8 current_violation=0 accepted_violation=0 accepted=1 alpha=1 delta_u_norm=0.105664
[SQP SUPPORT] iter=8 support_size=0 support_limit=-1 support_ok=1
[SQP] before_solve iter=9 vars=16 constraints=92 max_d=-1.22729
[QP WORST] iter=9 row=2 type=collision d=-1.22729
[QP WORST COLLISION] scenario=31 k=1 obstacle=0 disc=0
[SQP] after_solve iter=9 converged=1 status=0 iterations=2 primal_residual=4.05058e-16 dual_residual=4.69781e-06 x_size=16 x_finite=1
[SQP LINESEARCH] iter=9 current_violation=0 accepted_violation=0 accepted=1 alpha=1 delta_u_norm=0.100106
[SQP SUPPORT] iter=9 support_size=0 support_limit=-1 support_ok=1
[SQP FINAL] final_violation=0 violated_constraints=0
[SUPPORT FINAL] sqp_union=0 final_active=0 support_limit=-1
[SUPPORT FINAL IDS]
[SUPPORT UNION IDS]
[COLD START RECOVERY CHECK] ordinary_sqp_failed=0 seed_available=1 incompatible=0 try_homotopy=0
[HARNESS RESULT] step=48 success=1 controls=8 first_input_present=1
[MPC STEP METRICS] step=48 applied=1 success=1 fallback=0 a=-0.00466484 omega=-0.109027 dt=0.1 acceleration_weight=0.1 steering_weight=0.1 control_cost_unweighted=0.0119087 control_cost_weighted=0.00119087 mpc_cost=-17.5379 solve_time=0.0308894 qp_solve_time=0.0196223 constraint_time=0.00663248 dro_risk_time=0 ambiguity_radius=0 certificate=not_requested
[EVAL SAFETY] step=49 min_center_distance=2.18358 min_clearance=1.23358 collision_this_step=0 collision_run=0 collision_radius=0.95
[RF BACKUP] available=1 controls=8 states=9
[FREE POLY] k=1 disc=0 raw=40 facets=3 vertices=6 rho=4.8 anchor_shift=0
[FREE POLY] k=1 disc=1 raw=40 facets=0 vertices=4 rho=0.800001 anchor_shift=0
[FREE POLY] k=1 disc=2 raw=40 facets=0 vertices=4 rho=4.8 anchor_shift=0
[FREE POLY] k=2 disc=0 raw=40 facets=4 vertices=7 rho=5.6 anchor_shift=0
[FREE POLY] k=2 disc=1 raw=40 facets=0 vertices=4 rho=1.6 anchor_shift=0
[FREE POLY] k=2 disc=2 raw=40 facets=2 vertices=6 rho=5.6 anchor_shift=0
[FREE POLY] k=3 disc=0 raw=40 facets=3 vertices=6 rho=6.4 anchor_shift=0
[FREE POLY] k=3 disc=1 raw=40 facets=0 vertices=4 rho=2.4 anchor_shift=0
[FREE POLY] k=3 disc=2 raw=40 facets=3 vertices=6 rho=6.4 anchor_shift=0
[FREE POLY] k=4 disc=0 raw=40 facets=2 vertices=5 rho=7.2 anchor_shift=0
[FREE POLY] k=4 disc=1 raw=40 facets=0 vertices=4 rho=3.2 anchor_shift=0
[FREE POLY] k=4 disc=2 raw=40 facets=2 vertices=5 rho=7.2 anchor_shift=0
[FREE POLY] k=5 disc=0 raw=40 facets=3 vertices=6 rho=8 anchor_shift=0
[FREE POLY] k=5 disc=1 raw=40 facets=0 vertices=4 rho=4 anchor_shift=0
[FREE POLY] k=5 disc=2 raw=40 facets=2 vertices=5 rho=8 anchor_shift=0
[FREE POLY] k=6 disc=0 raw=40 facets=5 vertices=8 rho=8.8 anchor_shift=0
[FREE POLY] k=6 disc=1 raw=40 facets=3 vertices=6 rho=4.8 anchor_shift=0
[FREE POLY] k=6 disc=2 raw=40 facets=4 vertices=7 rho=8.8 anchor_shift=0
[FREE POLY] k=7 disc=0 raw=40 facets=5 vertices=8 rho=9.6 anchor_shift=0
[FREE POLY] k=7 disc=1 raw=40 facets=4 vertices=7 rho=5.6 anchor_shift=0
[FREE POLY] k=7 disc=2 raw=40 facets=4 vertices=7 rho=9.6 anchor_shift=0
[FREE POLY] k=8 disc=0 raw=40 facets=6 vertices=9 rho=10.4 anchor_shift=0
[FREE POLY] k=8 disc=1 raw=40 facets=4 vertices=7 rho=6.4 anchor_shift=0
[FREE POLY] k=8 disc=2 raw=40 facets=4 vertices=7 rho=10.4 anchor_shift=0
[RF SUPPORT SEED] removed=0 support_limit=-1
[SQP] before_solve iter=0 vars=16 constraints=95 max_d=-1.4236
[QP WORST] iter=0 row=1 type=collision d=-1.4236
[QP WORST COLLISION] scenario=8 k=1 obstacle=0 disc=0
[SQP] after_solve iter=0 converged=1 status=0 iterations=2 primal_residual=4.3238e-16 dual_residual=3.84041e-05 x_size=16 x_finite=1
[SQP LINESEARCH] iter=0 current_violation=0 accepted_violation=0 accepted=1 alpha=1 delta_u_norm=0.230047
[SQP SUPPORT] iter=0 support_size=0 support_limit=-1 support_ok=1
[SQP] before_solve iter=1 vars=16 constraints=95 max_d=-1.42419
[QP WORST] iter=1 row=1 type=collision d=-1.42419
[QP WORST COLLISION] scenario=8 k=1 obstacle=0 disc=0
[SQP] after_solve iter=1 converged=1 status=0 iterations=2 primal_residual=4.17635e-16 dual_residual=2.24628e-05 x_size=16 x_finite=1
[SQP LINESEARCH] iter=1 current_violation=0 accepted_violation=0 accepted=1 alpha=1 delta_u_norm=0.170937
[SQP SUPPORT] iter=1 support_size=0 support_limit=-1 support_ok=1
[SQP] before_solve iter=2 vars=16 constraints=95 max_d=-1.42401
[QP WORST] iter=2 row=1 type=collision d=-1.42401
[QP WORST COLLISION] scenario=8 k=1 obstacle=0 disc=0
[SQP] after_solve iter=2 converged=1 status=0 iterations=2 primal_residual=4.44089e-16 dual_residual=2.18314e-05 x_size=16 x_finite=1
[SQP LINESEARCH] iter=2 current_violation=0 accepted_violation=0 accepted=1 alpha=1 delta_u_norm=0.154067
[SQP SUPPORT] iter=2 support_size=0 support_limit=-1 support_ok=1
[SQP] before_solve iter=3 vars=16 constraints=95 max_d=-1.42413
[QP WORST] iter=3 row=1 type=collision d=-1.42413
[QP WORST COLLISION] scenario=8 k=1 obstacle=0 disc=0
[SQP] after_solve iter=3 converged=1 status=0 iterations=2 primal_residual=4.42951e-16 dual_residual=1.00287e-05 x_size=16 x_finite=1
[SQP LINESEARCH] iter=3 current_violation=0 accepted_violation=0 accepted=1 alpha=1 delta_u_norm=0.142833
[SQP SUPPORT] iter=3 support_size=0 support_limit=-1 support_ok=1
[SQP] before_solve iter=4 vars=16 constraints=95 max_d=-1.424
[QP WORST] iter=4 row=1 type=collision d=-1.424
[QP WORST COLLISION] scenario=8 k=1 obstacle=0 disc=0
[SQP] after_solve iter=4 converged=1 status=0 iterations=2 primal_residual=4.40295e-16 dual_residual=1.21923e-05 x_size=16 x_finite=1
[SQP LINESEARCH] iter=4 current_violation=0 accepted_violation=0 accepted=1 alpha=1 delta_u_norm=0.133581
[SQP SUPPORT] iter=4 support_size=0 support_limit=-1 support_ok=1
[SQP] before_solve iter=5 vars=16 constraints=95 max_d=-1.42405
[QP WORST] iter=5 row=1 type=collision d=-1.42405
[QP WORST COLLISION] scenario=8 k=1 obstacle=0 disc=0
[SQP] after_solve iter=5 converged=1 status=0 iterations=2 primal_residual=4.10886e-16 dual_residual=7.56221e-06 x_size=16 x_finite=1
[SQP LINESEARCH] iter=5 current_violation=0 accepted_violation=0 accepted=1 alpha=1 delta_u_norm=0.12544
[SQP SUPPORT] iter=5 support_size=0 support_limit=-1 support_ok=1
[SQP] before_solve iter=6 vars=16 constraints=95 max_d=-1.42399
[QP WORST] iter=6 row=1 type=collision d=-1.42399
[QP WORST COLLISION] scenario=8 k=1 obstacle=0 disc=0
[SQP] after_solve iter=6 converged=1 status=0 iterations=2 primal_residual=4.4062e-16 dual_residual=7.88569e-06 x_size=16 x_finite=1
[SQP LINESEARCH] iter=6 current_violation=0 accepted_violation=0 accepted=1 alpha=1 delta_u_norm=0.11822
[SQP SUPPORT] iter=6 support_size=0 support_limit=-1 support_ok=1
[SQP] before_solve iter=7 vars=16 constraints=95 max_d=-1.42402
[QP WORST] iter=7 row=1 type=collision d=-1.42402
[QP WORST COLLISION] scenario=8 k=1 obstacle=0 disc=0
[SQP] after_solve iter=7 converged=1 status=0 iterations=2 primal_residual=4.35687e-16 dual_residual=5.63669e-06 x_size=16 x_finite=1
[SQP LINESEARCH] iter=7 current_violation=0 accepted_violation=0 accepted=1 alpha=1 delta_u_norm=0.111644
[SQP SUPPORT] iter=7 support_size=0 support_limit=-1 support_ok=1
[SQP] before_solve iter=8 vars=16 constraints=95 max_d=-1.42401
[QP WORST] iter=8 row=1 type=collision d=-1.42401
[QP WORST COLLISION] scenario=8 k=1 obstacle=0 disc=0
[SQP] after_solve iter=8 converged=1 status=0 iterations=2 primal_residual=4.27528e-16 dual_residual=5.39896e-06 x_size=16 x_finite=1
[SQP LINESEARCH] iter=8 current_violation=0 accepted_violation=0 accepted=1 alpha=1 delta_u_norm=0.105642
[SQP SUPPORT] iter=8 support_size=0 support_limit=-1 support_ok=1
[SQP] before_solve iter=9 vars=16 constraints=95 max_d=-1.42404
[QP WORST] iter=9 row=1 type=collision d=-1.42404
[QP WORST COLLISION] scenario=8 k=1 obstacle=0 disc=0
[SQP] after_solve iter=9 converged=1 status=0 iterations=2 primal_residual=4.43791e-16 dual_residual=4.19161e-06 x_size=16 x_finite=1
[SQP LINESEARCH] iter=9 current_violation=0 accepted_violation=0 accepted=1 alpha=1 delta_u_norm=0.100089
[SQP SUPPORT] iter=9 support_size=0 support_limit=-1 support_ok=1
[SQP FINAL] final_violation=0 violated_constraints=0
[SUPPORT FINAL] sqp_union=0 final_active=0 support_limit=-1
[SUPPORT FINAL IDS]
[SUPPORT UNION IDS]
[COLD START RECOVERY CHECK] ordinary_sqp_failed=0 seed_available=1 incompatible=0 try_homotopy=0
[HARNESS RESULT] step=49 success=1 controls=8 first_input_present=1
[MPC STEP METRICS] step=49 applied=1 success=1 fallback=0 a=-0.00338673 omega=-0.0925681 dt=0.1 acceleration_weight=0.1 steering_weight=0.1 control_cost_unweighted=0.00858033 control_cost_weighted=0.000858033 mpc_cost=-17.5518 solve_time=0.0308641 qp_solve_time=0.0196567 constraint_time=0.00658818 dro_risk_time=0 ambiguity_radius=0 certificate=not_requested
[EVAL SAFETY] step=50 min_center_distance=2.37741 min_clearance=1.42741 collision_this_step=0 collision_run=0 collision_radius=0.95
[RF BACKUP] available=1 controls=8 states=9
[FREE POLY] k=1 disc=0 raw=40 facets=5 vertices=8 rho=4.8 anchor_shift=0
[FREE POLY] k=1 disc=1 raw=40 facets=0 vertices=4 rho=0.800001 anchor_shift=0
[FREE POLY] k=1 disc=2 raw=40 facets=0 vertices=4 rho=4.8 anchor_shift=0
[FREE POLY] k=2 disc=0 raw=40 facets=3 vertices=6 rho=5.6 anchor_shift=0
[FREE POLY] k=2 disc=1 raw=40 facets=0 vertices=4 rho=1.6 anchor_shift=0
[FREE POLY] k=2 disc=2 raw=40 facets=0 vertices=4 rho=5.6 anchor_shift=0
[FREE POLY] k=3 disc=0 raw=40 facets=3 vertices=6 rho=6.4 anchor_shift=0
[FREE POLY] k=3 disc=1 raw=40 facets=0 vertices=4 rho=2.4 anchor_shift=0
[FREE POLY] k=3 disc=2 raw=40 facets=3 vertices=6 rho=6.4 anchor_shift=0
[FREE POLY] k=4 disc=0 raw=40 facets=3 vertices=6 rho=7.2 anchor_shift=0
[FREE POLY] k=4 disc=1 raw=40 facets=0 vertices=4 rho=3.2 anchor_shift=0
[FREE POLY] k=4 disc=2 raw=40 facets=3 vertices=6 rho=7.2 anchor_shift=0
[FREE POLY] k=5 disc=0 raw=40 facets=3 vertices=6 rho=8 anchor_shift=0
[FREE POLY] k=5 disc=1 raw=40 facets=0 vertices=4 rho=4 anchor_shift=0
[FREE POLY] k=5 disc=2 raw=40 facets=3 vertices=6 rho=8 anchor_shift=0
[FREE POLY] k=6 disc=0 raw=40 facets=4 vertices=7 rho=8.8 anchor_shift=0
[FREE POLY] k=6 disc=1 raw=40 facets=3 vertices=6 rho=4.8 anchor_shift=0
[FREE POLY] k=6 disc=2 raw=40 facets=3 vertices=6 rho=8.8 anchor_shift=0
[FREE POLY] k=7 disc=0 raw=40 facets=6 vertices=9 rho=9.6 anchor_shift=0
[FREE POLY] k=7 disc=1 raw=40 facets=3 vertices=6 rho=5.6 anchor_shift=0
[FREE POLY] k=7 disc=2 raw=40 facets=3 vertices=6 rho=9.6 anchor_shift=0
[FREE POLY] k=8 disc=0 raw=40 facets=6 vertices=9 rho=10.4 anchor_shift=0
[FREE POLY] k=8 disc=1 raw=40 facets=4 vertices=7 rho=6.4 anchor_shift=0
[FREE POLY] k=8 disc=2 raw=40 facets=4 vertices=7 rho=10.4 anchor_shift=0
[RF SUPPORT SEED] removed=0 support_limit=-1
[SQP] before_solve iter=0 vars=16 constraints=94 max_d=-1.61565
[QP WORST] iter=0 row=4 type=collision d=-1.61565
[QP WORST COLLISION] scenario=35 k=1 obstacle=0 disc=0
[SQP] after_solve iter=0 converged=1 status=0 iterations=2 primal_residual=4.44089e-16 dual_residual=3.27055e-05 x_size=16 x_finite=1
[SQP LINESEARCH] iter=0 current_violation=0 accepted_violation=0 accepted=1 alpha=1 delta_u_norm=0.229495
[SQP SUPPORT] iter=0 support_size=0 support_limit=-1 support_ok=1
[SQP] before_solve iter=1 vars=16 constraints=94 max_d=-1.61611
[QP WORST] iter=1 row=4 type=collision d=-1.61611
[QP WORST COLLISION] scenario=35 k=1 obstacle=0 disc=0
[SQP] after_solve iter=1 converged=1 status=0 iterations=2 primal_residual=4.35307e-16 dual_residual=1.86281e-05 x_size=16 x_finite=1
[SQP LINESEARCH] iter=1 current_violation=0 accepted_violation=0 accepted=1 alpha=1 delta_u_norm=0.170606
[SQP SUPPORT] iter=1 support_size=0 support_limit=-1 support_ok=1
[SQP] before_solve iter=2 vars=16 constraints=94 max_d=-1.61597
[QP WORST] iter=2 row=4 type=collision d=-1.61597
[QP WORST COLLISION] scenario=35 k=1 obstacle=0 disc=0
[SQP] after_solve iter=2 converged=1 status=0 iterations=2 primal_residual=4.43005e-16 dual_residual=1.85692e-05 x_size=16 x_finite=1
[SQP LINESEARCH] iter=2 current_violation=0 accepted_violation=0 accepted=1 alpha=1 delta_u_norm=0.153881
[SQP SUPPORT] iter=2 support_size=0 support_limit=-1 support_ok=1
[SQP] before_solve iter=3 vars=16 constraints=94 max_d=-1.61603
[QP WORST] iter=3 row=4 type=collision d=-1.61603
[QP WORST COLLISION] scenario=35 k=1 obstacle=0 disc=0
[SQP] after_solve iter=3 converged=1 status=0 iterations=2 primal_residual=4.30211e-16 dual_residual=8.89981e-06 x_size=16 x_finite=1
[SQP LINESEARCH] iter=3 current_violation=0 accepted_violation=0 accepted=1 alpha=1 delta_u_norm=0.142744
[SQP SUPPORT] iter=3 support_size=0 support_limit=-1 support_ok=1
[SQP] before_solve iter=4 vars=16 constraints=94 max_d=-1.61593
[QP WORST] iter=4 row=4 type=collision d=-1.61593
[QP WORST COLLISION] scenario=35 k=1 obstacle=0 disc=0
[SQP] after_solve iter=4 converged=1 status=0 iterations=2 primal_residual=4.4371e-16 dual_residual=1.06423e-05 x_size=16 x_finite=1
[SQP LINESEARCH] iter=4 current_violation=0 accepted_violation=0 accepted=1 alpha=1 delta_u_norm=0.13352
[SQP SUPPORT] iter=4 support_size=0 support_limit=-1 support_ok=1
[SQP] before_solve iter=5 vars=16 constraints=94 max_d=-1.61595
[QP WORST] iter=5 row=4 type=collision d=-1.61595
[QP WORST COLLISION] scenario=35 k=1 obstacle=0 disc=0
[SQP] after_solve iter=5 converged=1 status=0 iterations=2 primal_residual=4.36933e-16 dual_residual=6.72238e-06 x_size=16 x_finite=1
[SQP LINESEARCH] iter=5 current_violation=0 accepted_violation=0 accepted=1 alpha=1 delta_u_norm=0.125409
[SQP SUPPORT] iter=5 support_size=0 support_limit=-1 support_ok=1
[SQP] before_solve iter=6 vars=16 constraints=94 max_d=-1.6159
[QP WORST] iter=6 row=4 type=collision d=-1.6159
[QP WORST COLLISION] scenario=35 k=1 obstacle=0 disc=0
[SQP] after_solve iter=6 converged=1 status=0 iterations=2 primal_residual=4.42571e-16 dual_residual=6.97171e-06 x_size=16 x_finite=1
[SQP LINESEARCH] iter=6 current_violation=0 accepted_violation=0 accepted=1 alpha=1 delta_u_norm=0.118194
[SQP SUPPORT] iter=6 support_size=0 support_limit=-1 support_ok=1
[SQP] before_solve iter=7 vars=16 constraints=94 max_d=-1.61592
[QP WORST] iter=7 row=4 type=collision d=-1.61592
[QP WORST COLLISION] scenario=35 k=1 obstacle=0 disc=0
[SQP] after_solve iter=7 converged=1 status=0 iterations=2 primal_residual=4.29886e-16 dual_residual=5.02715e-06 x_size=16 x_finite=1
[SQP LINESEARCH] iter=7 current_violation=0 accepted_violation=0 accepted=1 alpha=1 delta_u_norm=0.111627
[SQP SUPPORT] iter=7 support_size=0 support_limit=-1 support_ok=1
[SQP] before_solve iter=8 vars=16 constraints=94 max_d=-1.61591
[QP WORST] iter=8 row=4 type=collision d=-1.61591
[QP WORST COLLISION] scenario=35 k=1 obstacle=0 disc=0
[SQP] after_solve iter=8 converged=1 status=0 iterations=2 primal_residual=4.36391e-16 dual_residual=4.80453e-06 x_size=16 x_finite=1
[SQP LINESEARCH] iter=8 current_violation=0 accepted_violation=0 accepted=1 alpha=1 delta_u_norm=0.105626
[SQP SUPPORT] iter=8 support_size=0 support_limit=-1 support_ok=1
[SQP] before_solve iter=9 vars=16 constraints=94 max_d=-1.61593
[QP WORST] iter=9 row=4 type=collision d=-1.61593
[QP WORST COLLISION] scenario=35 k=1 obstacle=0 disc=0
[SQP] after_solve iter=9 converged=1 status=0 iterations=2 primal_residual=4.41487e-16 dual_residual=3.75503e-06 x_size=16 x_finite=1
[SQP LINESEARCH] iter=9 current_violation=0 accepted_violation=0 accepted=1 alpha=1 delta_u_norm=0.100077
[SQP SUPPORT] iter=9 support_size=0 support_limit=-1 support_ok=1
[SQP FINAL] final_violation=0 violated_constraints=0
[SUPPORT FINAL] sqp_union=0 final_active=0 support_limit=-1
[SUPPORT FINAL IDS]
[SUPPORT UNION IDS]
[COLD START RECOVERY CHECK] ordinary_sqp_failed=0 seed_available=1 incompatible=0 try_homotopy=0
[HARNESS RESULT] step=50 success=1 controls=8 first_input_present=1
[MPC STEP METRICS] step=50 applied=1 success=1 fallback=0 a=-0.00246653 omega=-0.0792332 dt=0.1 acceleration_weight=0.1 steering_weight=0.1 control_cost_unweighted=0.00628398 control_cost_weighted=0.000628398 mpc_cost=-17.5619 solve_time=0.0306085 qp_solve_time=0.0194776 constraint_time=0.0065198 dro_risk_time=0 ambiguity_radius=0 certificate=not_requested
[EVAL SAFETY] step=51 min_center_distance=2.57288 min_clearance=1.62288 collision_this_step=0 collision_run=0 collision_radius=0.95
[RF BACKUP] available=1 controls=8 states=9
[FREE POLY] k=1 disc=0 raw=40 facets=5 vertices=8 rho=4.8 anchor_shift=0
[FREE POLY] k=1 disc=1 raw=40 facets=0 vertices=4 rho=0.800001 anchor_shift=0
[FREE POLY] k=1 disc=2 raw=40 facets=0 vertices=4 rho=4.8 anchor_shift=0
[FREE POLY] k=2 disc=0 raw=40 facets=4 vertices=7 rho=5.6 anchor_shift=0
[FREE POLY] k=2 disc=1 raw=40 facets=0 vertices=4 rho=1.6 anchor_shift=0
[FREE POLY] k=2 disc=2 raw=40 facets=0 vertices=4 rho=5.6 anchor_shift=0
[FREE POLY] k=3 disc=0 raw=40 facets=3 vertices=6 rho=6.4 anchor_shift=0
[FREE POLY] k=3 disc=1 raw=40 facets=0 vertices=4 rho=2.4 anchor_shift=0
[FREE POLY] k=3 disc=2 raw=40 facets=2 vertices=5 rho=6.4 anchor_shift=0
[FREE POLY] k=4 disc=0 raw=40 facets=5 vertices=8 rho=7.2 anchor_shift=0
[FREE POLY] k=4 disc=1 raw=40 facets=0 vertices=4 rho=3.2 anchor_shift=0
[FREE POLY] k=4 disc=2 raw=40 facets=4 vertices=7 rho=7.2 anchor_shift=0
[FREE POLY] k=5 disc=0 raw=40 facets=4 vertices=7 rho=8 anchor_shift=0
[FREE POLY] k=5 disc=1 raw=40 facets=0 vertices=4 rho=4 anchor_shift=0
[FREE POLY] k=5 disc=2 raw=40 facets=3 vertices=6 rho=8 anchor_shift=0
[FREE POLY] k=6 disc=0 raw=40 facets=4 vertices=7 rho=8.8 anchor_shift=0
[FREE POLY] k=6 disc=1 raw=40 facets=3 vertices=6 rho=4.8 anchor_shift=0
[FREE POLY] k=6 disc=2 raw=40 facets=3 vertices=6 rho=8.8 anchor_shift=0
[FREE POLY] k=7 disc=0 raw=40 facets=4 vertices=7 rho=9.6 anchor_shift=0
[FREE POLY] k=7 disc=1 raw=40 facets=3 vertices=6 rho=5.6 anchor_shift=0
[FREE POLY] k=7 disc=2 raw=40 facets=3 vertices=6 rho=9.6 anchor_shift=0
[FREE POLY] k=8 disc=0 raw=40 facets=6 vertices=9 rho=10.4 anchor_shift=0
[FREE POLY] k=8 disc=1 raw=40 facets=4 vertices=7 rho=6.4 anchor_shift=0
[FREE POLY] k=8 disc=2 raw=40 facets=5 vertices=8 rho=10.4 anchor_shift=0
[RF SUPPORT SEED] removed=0 support_limit=-1
[SQP] before_solve iter=0 vars=16 constraints=97 max_d=-1.81453
[QP WORST] iter=0 row=2 type=collision d=-1.81453
[QP WORST COLLISION] scenario=20 k=1 obstacle=0 disc=0
[SQP] after_solve iter=0 converged=1 status=0 iterations=2 primal_residual=4.28477e-16 dual_residual=2.7852e-05 x_size=16 x_finite=1
[SQP LINESEARCH] iter=0 current_violation=0 accepted_violation=0 accepted=1 alpha=1 delta_u_norm=0.229096
[SQP SUPPORT] iter=0 support_size=0 support_limit=-1 support_ok=1
[SQP] before_solve iter=1 vars=16 constraints=97 max_d=-1.8149
[QP WORST] iter=1 row=2 type=collision d=-1.8149
[QP WORST COLLISION] scenario=20 k=1 obstacle=0 disc=0
[SQP] after_solve iter=1 converged=1 status=0 iterations=2 primal_residual=4.43059e-16 dual_residual=1.55284e-05 x_size=16 x_finite=1
[SQP LINESEARCH] iter=1 current_violation=0 accepted_violation=0 accepted=1 alpha=1 delta_u_norm=0.170366
[SQP SUPPORT] iter=1 support_size=0 support_limit=-1 support_ok=1
[SQP] before_solve iter=2 vars=16 constraints=97 max_d=-1.81479
[QP WORST] iter=2 row=2 type=collision d=-1.81479
[QP WORST COLLISION] scenario=20 k=1 obstacle=0 disc=0
[SQP] after_solve iter=2 converged=1 status=0 iterations=2 primal_residual=4.36717e-16 dual_residual=1.58008e-05 x_size=16 x_finite=1
[SQP LINESEARCH] iter=2 current_violation=0 accepted_violation=0 accepted=1 alpha=1 delta_u_norm=0.153747
[SQP SUPPORT] iter=2 support_size=0 support_limit=-1 support_ok=1
[SQP] before_solve iter=3 vars=16 constraints=97 max_d=-1.81482
[QP WORST] iter=3 row=2 type=collision d=-1.81482
[QP WORST COLLISION] scenario=20 k=1 obstacle=0 disc=0
[SQP] after_solve iter=3 converged=1 status=0 iterations=2 primal_residual=4.42354e-16 dual_residual=7.92384e-06 x_size=16 x_finite=1
[SQP LINESEARCH] iter=3 current_violation=0 accepted_violation=0 accepted=1 alpha=1 delta_u_norm=0.14268
[SQP SUPPORT] iter=3 support_size=0 support_limit=-1 support_ok=1
[SQP] before_solve iter=4 vars=16 constraints=97 max_d=-1.81473
[QP WORST] iter=4 row=2 type=collision d=-1.81473
[QP WORST COLLISION] scenario=20 k=1 obstacle=0 disc=0
[SQP] after_solve iter=4 converged=1 status=0 iterations=2 primal_residual=4.4333e-16 dual_residual=9.37447e-06 x_size=16 x_finite=1
[SQP LINESEARCH] iter=4 current_violation=0 accepted_violation=0 accepted=1 alpha=1 delta_u_norm=0.133476
[SQP SUPPORT] iter=4 support_size=0 support_limit=-1 support_ok=1
[SQP] before_solve iter=5 vars=16 constraints=97 max_d=-1.81473
[QP WORST] iter=5 row=2 type=collision d=-1.81473
[QP WORST COLLISION] scenario=20 k=1 obstacle=0 disc=0
[SQP] after_solve iter=5 converged=1 status=0 iterations=2 primal_residual=4.34047e-16 dual_residual=5.9981e-06 x_size=16 x_finite=1
[SQP LINESEARCH] iter=5 current_violation=0 accepted_violation=0 accepted=1 alpha=1 delta_u_norm=0.125386
[SQP SUPPORT] iter=5 support_size=0 support_limit=-1 support_ok=1
[SQP] before_solve iter=6 vars=16 constraints=97 max_d=-1.81469
[QP WORST] iter=6 row=2 type=collision d=-1.81469
[QP WORST COLLISION] scenario=20 k=1 obstacle=0 disc=0
[SQP] after_solve iter=6 converged=1 status=0 iterations=2 primal_residual=4.25929e-16 dual_residual=6.18549e-06 x_size=16 x_finite=1
[SQP LINESEARCH] iter=6 current_violation=0 accepted_violation=0 accepted=1 alpha=1 delta_u_norm=0.118174
[SQP SUPPORT] iter=6 support_size=0 support_limit=-1 support_ok=1
[SQP] before_solve iter=7 vars=16 constraints=97 max_d=-1.81469
[QP WORST] iter=7 row=2 type=collision d=-1.81469
[QP WORST COLLISION] scenario=20 k=1 obstacle=0 disc=0
[SQP] after_solve iter=7 converged=1 status=0 iterations=2 primal_residual=4.40457e-16 dual_residual=4.50177e-06 x_size=16 x_finite=1
[SQP LINESEARCH] iter=7 current_violation=0 accepted_violation=0 accepted=1 alpha=1 delta_u_norm=0.111615
[SQP SUPPORT] iter=7 support_size=0 support_limit=-1 support_ok=1
[SQP] before_solve iter=8 vars=16 constraints=97 max_d=-1.81468
[QP WORST] iter=8 row=2 type=collision d=-1.81468
[QP WORST COLLISION] scenario=20 k=1 obstacle=0 disc=0
[SQP] after_solve iter=8 converged=1 status=0 iterations=2 primal_residual=4.3959e-16 dual_residual=4.29271e-06 x_size=16 x_finite=1
[SQP LINESEARCH] iter=8 current_violation=0 accepted_violation=0 accepted=1 alpha=1 delta_u_norm=0.105615
[SQP SUPPORT] iter=8 support_size=0 support_limit=-1 support_ok=1
[SQP] before_solve iter=9 vars=16 constraints=97 max_d=-1.8147
[QP WORST] iter=9 row=2 type=collision d=-1.8147
[QP WORST COLLISION] scenario=20 k=1 obstacle=0 disc=0
[SQP] after_solve iter=9 converged=1 status=0 iterations=2 primal_residual=4.44089e-16 dual_residual=3.37874e-06 x_size=16 x_finite=1
[SQP LINESEARCH] iter=9 current_violation=0 accepted_violation=0 accepted=1 alpha=1 delta_u_norm=0.100068
[SQP SUPPORT] iter=9 support_size=0 support_limit=-1 support_ok=1
[SQP FINAL] final_violation=0 violated_constraints=0
[SUPPORT FINAL] sqp_union=0 final_active=0 support_limit=-1
[SUPPORT FINAL IDS]
[SUPPORT UNION IDS]
[COLD START RECOVERY CHECK] ordinary_sqp_failed=0 seed_available=1 incompatible=0 try_homotopy=0
[HARNESS RESULT] step=51 success=1 controls=8 first_input_present=1
[MPC STEP METRICS] step=51 applied=1 success=1 fallback=0 a=-0.00178523 omega=-0.0674693 dt=0.1 acceleration_weight=0.1 steering_weight=0.1 control_cost_unweighted=0.00455529 control_cost_weighted=0.000455529 mpc_cost=-17.5692 solve_time=0.0307577 qp_solve_time=0.019539 constraint_time=0.00659831 dro_risk_time=0 ambiguity_radius=0 certificate=not_requested
[EVAL SAFETY] step=52 min_center_distance=2.76945 min_clearance=1.81945 collision_this_step=0 collision_run=0 collision_radius=0.95
[RF BACKUP] available=1 controls=8 states=9
[FREE POLY] k=1 disc=0 raw=40 facets=4 vertices=7 rho=4.8 anchor_shift=0
[FREE POLY] k=1 disc=1 raw=40 facets=0 vertices=4 rho=0.800001 anchor_shift=0
[FREE POLY] k=1 disc=2 raw=40 facets=0 vertices=4 rho=4.8 anchor_shift=0
[FREE POLY] k=2 disc=0 raw=40 facets=3 vertices=6 rho=5.6 anchor_shift=0
[FREE POLY] k=2 disc=1 raw=40 facets=0 vertices=4 rho=1.6 anchor_shift=0
[FREE POLY] k=2 disc=2 raw=40 facets=0 vertices=4 rho=5.6 anchor_shift=0
[FREE POLY] k=3 disc=0 raw=40 facets=3 vertices=6 rho=6.4 anchor_shift=0
[FREE POLY] k=3 disc=1 raw=40 facets=0 vertices=4 rho=2.4 anchor_shift=0
[FREE POLY] k=3 disc=2 raw=40 facets=3 vertices=6 rho=6.4 anchor_shift=0
[FREE POLY] k=4 disc=0 raw=40 facets=2 vertices=5 rho=7.2 anchor_shift=0
[FREE POLY] k=4 disc=1 raw=40 facets=0 vertices=4 rho=3.2 anchor_shift=0
[FREE POLY] k=4 disc=2 raw=40 facets=2 vertices=5 rho=7.2 anchor_shift=0
[FREE POLY] k=5 disc=0 raw=40 facets=2 vertices=5 rho=8 anchor_shift=0
[FREE POLY] k=5 disc=1 raw=40 facets=0 vertices=4 rho=4 anchor_shift=0
[FREE POLY] k=5 disc=2 raw=40 facets=2 vertices=5 rho=8 anchor_shift=0
[FREE POLY] k=6 disc=0 raw=40 facets=2 vertices=5 rho=8.8 anchor_shift=0
[FREE POLY] k=6 disc=1 raw=40 facets=1 vertices=5 rho=4.8 anchor_shift=0
[FREE POLY] k=6 disc=2 raw=40 facets=2 vertices=5 rho=8.8 anchor_shift=0
[FREE POLY] k=7 disc=0 raw=40 facets=2 vertices=5 rho=9.6 anchor_shift=0
[FREE POLY] k=7 disc=1 raw=40 facets=2 vertices=5 rho=5.6 anchor_shift=0
[FREE POLY] k=7 disc=2 raw=40 facets=2 vertices=5 rho=9.6 anchor_shift=0
[FREE POLY] k=8 disc=0 raw=40 facets=2 vertices=5 rho=10.4 anchor_shift=0
[FREE POLY] k=8 disc=1 raw=40 facets=2 vertices=5 rho=6.4 anchor_shift=0
[FREE POLY] k=8 disc=2 raw=40 facets=2 vertices=5 rho=10.4 anchor_shift=0
[RF SUPPORT SEED] removed=0 support_limit=-1
[SQP] before_solve iter=0 vars=16 constraints=70 max_d=-1.8559
[QP WORST] iter=0 row=61 type=velocity d=-1.8559
[SQP] after_solve iter=0 converged=1 status=0 iterations=2 primal_residual=4.21104e-16 dual_residual=2.37636e-05 x_size=16 x_finite=1
[SQP LINESEARCH] iter=0 current_violation=0 accepted_violation=0 accepted=1 alpha=1 delta_u_norm=0.228808
[SQP SUPPORT] iter=0 support_size=0 support_limit=-1 support_ok=1
[SQP] before_solve iter=1 vars=16 constraints=70 max_d=-1.83858
[QP WORST] iter=1 row=61 type=velocity d=-1.83858
[SQP] after_solve iter=1 converged=1 status=0 iterations=2 primal_residual=4.37584e-16 dual_residual=1.30032e-05 x_size=16 x_finite=1
[SQP LINESEARCH] iter=1 current_violation=0 accepted_violation=0 accepted=1 alpha=1 delta_u_norm=0.170192
[SQP SUPPORT] iter=1 support_size=0 support_limit=-1 support_ok=1
[SQP] before_solve iter=2 vars=16 constraints=70 max_d=-1.83784
[QP WORST] iter=2 row=61 type=velocity d=-1.83784
[SQP] after_solve iter=2 converged=1 status=0 iterations=2 primal_residual=4.4062e-16 dual_residual=1.34508e-05 x_size=16 x_finite=1
[SQP LINESEARCH] iter=2 current_violation=0 accepted_violation=0 accepted=1 alpha=1 delta_u_norm=0.153649
[SQP SUPPORT] iter=2 support_size=0 support_limit=-1 support_ok=1
[SQP] before_solve iter=3 vars=16 constraints=70 max_d=-1.84078
[QP WORST] iter=3 row=61 type=velocity d=-1.84078
[SQP] after_solve iter=3 converged=1 status=0 iterations=2 primal_residual=4.30211e-16 dual_residual=7.08299e-06 x_size=16 x_finite=1
[SQP LINESEARCH] iter=3 current_violation=0 accepted_violation=0 accepted=1 alpha=1 delta_u_norm=0.142633
[SQP SUPPORT] iter=3 support_size=0 support_limit=-1 support_ok=1
[SQP] before_solve iter=4 vars=16 constraints=70 max_d=-1.84416
[QP WORST] iter=4 row=61 type=velocity d=-1.84416
[SQP] after_solve iter=4 converged=1 status=0 iterations=2 primal_residual=4.3921e-16 dual_residual=8.28655e-06 x_size=16 x_finite=1
[SQP LINESEARCH] iter=4 current_violation=0 accepted_violation=0 accepted=1 alpha=1 delta_u_norm=0.133443
[SQP SUPPORT] iter=4 support_size=0 support_limit=-1 support_ok=1
[SQP] before_solve iter=5 vars=16 constraints=70 max_d=-1.84726
[QP WORST] iter=5 row=61 type=velocity d=-1.84726
[SQP] after_solve iter=5 converged=1 status=0 iterations=2 primal_residual=4.4062e-16 dual_residual=5.37497e-06 x_size=16 x_finite=1
[SQP LINESEARCH] iter=5 current_violation=0 accepted_violation=0 accepted=1 alpha=1 delta_u_norm=0.12537
[SQP SUPPORT] iter=5 support_size=0 support_limit=-1 support_ok=1
[SQP] before_solve iter=6 vars=16 constraints=70 max_d=-1.84998
[QP WORST] iter=6 row=61 type=velocity d=-1.84998
[SQP] after_solve iter=6 converged=1 status=0 iterations=2 primal_residual=4.30374e-16 dual_residual=5.51018e-06 x_size=16 x_finite=1
[SQP LINESEARCH] iter=6 current_violation=0 accepted_violation=0 accepted=1 alpha=1 delta_u_norm=0.11816
[SQP SUPPORT] iter=6 support_size=0 support_limit=-1 support_ok=1
[SQP] before_solve iter=7 vars=16 constraints=70 max_d=-1.85235
[QP WORST] iter=7 row=61 type=velocity d=-1.85235
[SQP] after_solve iter=7 converged=1 status=0 iterations=2 primal_residual=4.34006e-16 dual_residual=4.04994e-06 x_size=16 x_finite=1
[SQP LINESEARCH] iter=7 current_violation=0 accepted_violation=0 accepted=1 alpha=1 delta_u_norm=0.111606
[SQP SUPPORT] iter=7 support_size=0 support_limit=-1 support_ok=1
[SQP] before_solve iter=8 vars=16 constraints=70 max_d=-1.85443
[QP WORST] iter=8 row=61 type=velocity d=-1.85443
[SQP] after_solve iter=8 converged=1 status=0 iterations=2 primal_residual=4.2086e-16 dual_residual=3.85283e-06 x_size=16 x_finite=1
[SQP LINESEARCH] iter=8 current_violation=0 accepted_violation=0 accepted=1 alpha=1 delta_u_norm=0.105606
[SQP SUPPORT] iter=8 support_size=0 support_limit=-1 support_ok=1
[SQP] before_solve iter=9 vars=16 constraints=70 max_d=-1.85558
[QP WORST] iter=9 row=63 type=velocity d=-1.85558
[SQP] after_solve iter=9 converged=1 status=0 iterations=2 primal_residual=4.24113e-16 dual_residual=3.05516e-06 x_size=16 x_finite=1
[SQP LINESEARCH] iter=9 current_violation=0 accepted_violation=0 accepted=1 alpha=1 delta_u_norm=0.100062
[SQP SUPPORT] iter=9 support_size=0 support_limit=-1 support_ok=1
[SQP FINAL] final_violation=0 violated_constraints=0
[SUPPORT FINAL] sqp_union=0 final_active=0 support_limit=-1
[SUPPORT FINAL IDS]
[SUPPORT UNION IDS]
[COLD START RECOVERY CHECK] ordinary_sqp_failed=0 seed_available=1 incompatible=0 try_homotopy=0
[HARNESS RESULT] step=52 success=1 controls=8 first_input_present=1
[MPC STEP METRICS] step=52 applied=1 success=1 fallback=0 a=-0.00129925 omega=-0.057527 dt=0.1 acceleration_weight=0.1 steering_weight=0.1 control_cost_unweighted=0.00331104 control_cost_weighted=0.000331104 mpc_cost=-17.5745 solve_time=0.028969 qp_solve_time=0.0183299 constraint_time=0.00604003 dro_risk_time=0 ambiguity_radius=0 certificate=not_requested
[EVAL SAFETY] step=53 min_center_distance=2.96678 min_clearance=2.01678 collision_this_step=0 collision_run=0 collision_radius=0.95
[RF BACKUP] available=1 controls=8 states=9
[FREE POLY] k=1 disc=0 raw=40 facets=4 vertices=7 rho=4.8 anchor_shift=0
[FREE POLY] k=1 disc=1 raw=40 facets=0 vertices=4 rho=0.800001 anchor_shift=0
[FREE POLY] k=1 disc=2 raw=40 facets=0 vertices=4 rho=4.8 anchor_shift=0
[FREE POLY] k=2 disc=0 raw=40 facets=5 vertices=8 rho=5.6 anchor_shift=0
[FREE POLY] k=2 disc=1 raw=40 facets=0 vertices=4 rho=1.6 anchor_shift=0
[FREE POLY] k=2 disc=2 raw=40 facets=0 vertices=4 rho=5.6 anchor_shift=0
[FREE POLY] k=3 disc=0 raw=40 facets=4 vertices=7 rho=6.4 anchor_shift=0
[FREE POLY] k=3 disc=1 raw=40 facets=0 vertices=4 rho=2.4 anchor_shift=0
[FREE POLY] k=3 disc=2 raw=40 facets=0 vertices=4 rho=6.4 anchor_shift=0
[FREE POLY] k=4 disc=0 raw=40 facets=3 vertices=6 rho=7.2 anchor_shift=0
[FREE POLY] k=4 disc=1 raw=40 facets=0 vertices=4 rho=3.2 anchor_shift=0
[FREE POLY] k=4 disc=2 raw=40 facets=2 vertices=5 rho=7.2 anchor_shift=0
[FREE POLY] k=5 disc=0 raw=40 facets=2 vertices=5 rho=8 anchor_shift=0
[FREE POLY] k=5 disc=1 raw=40 facets=0 vertices=4 rho=4 anchor_shift=0
[FREE POLY] k=5 disc=2 raw=40 facets=2 vertices=5 rho=8 anchor_shift=0
[FREE POLY] k=6 disc=0 raw=40 facets=3 vertices=6 rho=8.8 anchor_shift=0
[FREE POLY] k=6 disc=1 raw=40 facets=0 vertices=4 rho=4.8 anchor_shift=0
[FREE POLY] k=6 disc=2 raw=40 facets=3 vertices=6 rho=8.8 anchor_shift=0
[FREE POLY] k=7 disc=0 raw=40 facets=3 vertices=6 rho=9.6 anchor_shift=0
[FREE POLY] k=7 disc=1 raw=40 facets=3 vertices=6 rho=5.6 anchor_shift=0
[FREE POLY] k=7 disc=2 raw=40 facets=3 vertices=6 rho=9.6 anchor_shift=0
[FREE POLY] k=8 disc=0 raw=40 facets=3 vertices=6 rho=10.4 anchor_shift=0
[FREE POLY] k=8 disc=1 raw=40 facets=3 vertices=6 rho=6.4 anchor_shift=0
[FREE POLY] k=8 disc=2 raw=40 facets=3 vertices=6 rho=10.4 anchor_shift=0
[RF SUPPORT SEED] removed=0 support_limit=-1
[SQP] before_solve iter=0 vars=16 constraints=78 max_d=-1.85591
[QP WORST] iter=0 row=69 type=velocity d=-1.85591
[SQP] after_solve iter=0 converged=1 status=0 iterations=2 primal_residual=4.3715e-16 dual_residual=2.05258e-05 x_size=16 x_finite=1
[SQP LINESEARCH] iter=0 current_violation=0 accepted_violation=0 accepted=1 alpha=1 delta_u_norm=0.228599
[SQP SUPPORT] iter=0 support_size=0 support_limit=-1 support_ok=1
[SQP] before_solve iter=1 vars=16 constraints=78 max_d=-1.8386
[QP WORST] iter=1 row=69 type=velocity d=-1.8386
[SQP] after_solve iter=1 converged=1 status=0 iterations=2 primal_residual=4.41053e-16 dual_residual=1.09217e-05 x_size=16 x_finite=1
[SQP LINESEARCH] iter=1 current_violation=0 accepted_violation=0 accepted=1 alpha=1 delta_u_norm=0.170066
[SQP SUPPORT] iter=1 support_size=0 support_limit=-1 support_ok=1
[SQP] before_solve iter=2 vars=16 constraints=78 max_d=-1.83786
[QP WORST] iter=2 row=69 type=velocity d=-1.83786
[SQP] after_solve iter=2 converged=1 status=0 iterations=2 primal_residual=4.31079e-16 dual_residual=1.1694e-05 x_size=16 x_finite=1
[SQP LINESEARCH] iter=2 current_violation=0 accepted_violation=0 accepted=1 alpha=1 delta_u_norm=0.153579
[SQP SUPPORT] iter=2 support_size=0 support_limit=-1 support_ok=1
[SQP] before_solve iter=3 vars=16 constraints=78 max_d=-1.8408
[QP WORST] iter=3 row=69 type=velocity d=-1.8408
[SQP] after_solve iter=3 converged=1 status=0 iterations=2 primal_residual=4.06549e-16 dual_residual=6.35857e-06 x_size=16 x_finite=1
[SQP LINESEARCH] iter=3 current_violation=0 accepted_violation=0 accepted=1 alpha=1 delta_u_norm=0.142599
[SQP SUPPORT] iter=3 support_size=0 support_limit=-1 support_ok=1
[SQP] before_solve iter=4 vars=16 constraints=78 max_d=-1.84418
[QP WORST] iter=4 row=69 type=velocity d=-1.84418
[SQP] after_solve iter=4 converged=1 status=0 iterations=2 primal_residual=4.21538e-16 dual_residual=7.35297e-06 x_size=16 x_finite=1
[SQP LINESEARCH] iter=4 current_violation=0 accepted_violation=0 accepted=1 alpha=1 delta_u_norm=0.13342
[SQP SUPPORT] iter=4 support_size=0 support_limit=-1 support_ok=1
[SQP] before_solve iter=5 vars=16 constraints=78 max_d=-1.84729
[QP WORST] iter=5 row=69 type=velocity d=-1.84729
[SQP] after_solve iter=5 converged=1 status=0 iterations=2 primal_residual=4.43439e-16 dual_residual=4.83885e-06 x_size=16 x_finite=1
[SQP LINESEARCH] iter=5 current_violation=0 accepted_violation=0 accepted=1 alpha=1 delta_u_norm=0.125358
[SQP SUPPORT] iter=5 support_size=0 support_limit=-1 support_ok=1
[SQP] before_solve iter=6 vars=16 constraints=78 max_d=-1.85001
[QP WORST] iter=6 row=69 type=velocity d=-1.85001
[SQP] after_solve iter=6 converged=1 status=0 iterations=2 primal_residual=4.39603e-16 dual_residual=4.93007e-06 x_size=16 x_finite=1
[SQP LINESEARCH] iter=6 current_violation=0 accepted_violation=0 accepted=1 alpha=1 delta_u_norm=0.11815
[SQP SUPPORT] iter=6 support_size=0 support_limit=-1 support_ok=1
[SQP] before_solve iter=7 vars=16 constraints=78 max_d=-1.85238
[QP WORST] iter=7 row=69 type=velocity d=-1.85238
[SQP] after_solve iter=7 converged=1 status=0 iterations=2 primal_residual=4.43506e-16 dual_residual=3.66133e-06 x_size=16 x_finite=1
[SQP LINESEARCH] iter=7 current_violation=0 accepted_violation=0 accepted=1 alpha=1 delta_u_norm=0.1116
[SQP SUPPORT] iter=7 support_size=0 support_limit=-1 support_ok=1
[SQP] before_solve iter=8 vars=16 constraints=78 max_d=-1.85446
[QP WORST] iter=8 row=69 type=velocity d=-1.85446
[SQP] after_solve iter=8 converged=1 status=0 iterations=2 primal_residual=4.33681e-16 dual_residual=3.47473e-06 x_size=16 x_finite=1
[SQP LINESEARCH] iter=8 current_violation=0 accepted_violation=0 accepted=1 alpha=1 delta_u_norm=0.1056
[SQP SUPPORT] iter=8 support_size=0 support_limit=-1 support_ok=1
[SQP] before_solve iter=9 vars=16 constraints=78 max_d=-1.85559
[QP WORST] iter=9 row=71 type=velocity d=-1.85559
[SQP] after_solve iter=9 converged=1 status=0 iterations=2 primal_residual=4.26742e-16 dual_residual=2.77685e-06 x_size=16 x_finite=1
[SQP LINESEARCH] iter=9 current_violation=0 accepted_violation=0 accepted=1 alpha=1 delta_u_norm=0.100057
[SQP SUPPORT] iter=9 support_size=0 support_limit=-1 support_ok=1
[SQP FINAL] final_violation=0 violated_constraints=0
[SUPPORT FINAL] sqp_union=0 final_active=0 support_limit=-1
[SUPPORT FINAL IDS]
[SUPPORT UNION IDS]
[COLD START RECOVERY CHECK] ordinary_sqp_failed=0 seed_available=1 incompatible=0 try_homotopy=0
[HARNESS RESULT] step=53 success=1 controls=8 first_input_present=1
[MPC STEP METRICS] step=53 applied=1 success=1 fallback=0 a=-0.000942215 omega=-0.0490214 dt=0.1 acceleration_weight=0.1 steering_weight=0.1 control_cost_unweighted=0.00240398 control_cost_weighted=0.000240398 mpc_cost=-17.5784 solve_time=0.0299043 qp_solve_time=0.0189593 constraint_time=0.00628523 dro_risk_time=0 ambiguity_radius=0 certificate=not_requested
[EVAL SAFETY] step=54 min_center_distance=3.16462 min_clearance=2.21462 collision_this_step=0 collision_run=0 collision_radius=0.95
[RF BACKUP] available=1 controls=8 states=9
[FREE POLY] k=1 disc=0 raw=40 facets=4 vertices=7 rho=4.8 anchor_shift=0
[FREE POLY] k=1 disc=1 raw=40 facets=0 vertices=4 rho=0.800001 anchor_shift=0
[FREE POLY] k=1 disc=2 raw=40 facets=0 vertices=4 rho=4.8 anchor_shift=0
[FREE POLY] k=2 disc=0 raw=40 facets=3 vertices=6 rho=5.6 anchor_shift=0
[FREE POLY] k=2 disc=1 raw=40 facets=0 vertices=4 rho=1.6 anchor_shift=0
[FREE POLY] k=2 disc=2 raw=40 facets=0 vertices=4 rho=5.6 anchor_shift=0
[FREE POLY] k=3 disc=0 raw=40 facets=3 vertices=6 rho=6.4 anchor_shift=0
[FREE POLY] k=3 disc=1 raw=40 facets=0 vertices=4 rho=2.4 anchor_shift=0
[FREE POLY] k=3 disc=2 raw=40 facets=0 vertices=4 rho=6.4 anchor_shift=0
[FREE POLY] k=4 disc=0 raw=40 facets=5 vertices=8 rho=7.2 anchor_shift=0
[FREE POLY] k=4 disc=1 raw=40 facets=0 vertices=4 rho=3.2 anchor_shift=0
[FREE POLY] k=4 disc=2 raw=40 facets=4 vertices=7 rho=7.2 anchor_shift=0
[FREE POLY] k=5 disc=0 raw=40 facets=5 vertices=8 rho=8 anchor_shift=0
[FREE POLY] k=5 disc=1 raw=40 facets=0 vertices=4 rho=4 anchor_shift=0
[FREE POLY] k=5 disc=2 raw=40 facets=4 vertices=7 rho=8 anchor_shift=0
[FREE POLY] k=6 disc=0 raw=40 facets=4 vertices=7 rho=8.8 anchor_shift=0
[FREE POLY] k=6 disc=1 raw=40 facets=0 vertices=4 rho=4.8 anchor_shift=0
[FREE POLY] k=6 disc=2 raw=40 facets=2 vertices=5 rho=8.8 anchor_shift=0
[FREE POLY] k=7 disc=0 raw=40 facets=6 vertices=9 rho=9.6 anchor_shift=0
[FREE POLY] k=7 disc=1 raw=40 facets=3 vertices=6 rho=5.6 anchor_shift=0
[FREE POLY] k=7 disc=2 raw=40 facets=5 vertices=8 rho=9.6 anchor_shift=0
[FREE POLY] k=8 disc=0 raw=40 facets=5 vertices=8 rho=10.4 anchor_shift=0
[FREE POLY] k=8 disc=1 raw=40 facets=3 vertices=6 rho=6.4 anchor_shift=0
[FREE POLY] k=8 disc=2 raw=40 facets=3 vertices=6 rho=10.4 anchor_shift=0
[RF SUPPORT SEED] removed=0 support_limit=-1
[SQP] before_solve iter=0 vars=16 constraints=91 max_d=-1.85593
[QP WORST] iter=0 row=82 type=velocity d=-1.85593
[SQP] after_solve iter=0 converged=1 status=0 iterations=2 primal_residual=4.09395e-16 dual_residual=1.79518e-05 x_size=16 x_finite=1
[SQP LINESEARCH] iter=0 current_violation=0 accepted_violation=0 accepted=1 alpha=1 delta_u_norm=0.228449
[SQP SUPPORT] iter=0 support_size=0 support_limit=-1 support_ok=1
[SQP] before_solve iter=1 vars=16 constraints=91 max_d=-1.83862
[QP WORST] iter=1 row=82 type=velocity d=-1.83862
[SQP] after_solve iter=1 converged=1 status=0 iterations=2 primal_residual=4.36717e-16 dual_residual=9.46683e-06 x_size=16 x_finite=1
[SQP LINESEARCH] iter=1 current_violation=0 accepted_violation=0 accepted=1 alpha=1 delta_u_norm=0.169974
[SQP SUPPORT] iter=1 support_size=0 support_limit=-1 support_ok=1
[SQP] before_solve iter=2 vars=16 constraints=91 max_d=-1.83788
[QP WORST] iter=2 row=82 type=velocity d=-1.83788
[SQP] after_solve iter=2 converged=1 status=0 iterations=2 primal_residual=4.33681e-16 dual_residual=1.03209e-05 x_size=16 x_finite=1
[SQP LINESEARCH] iter=2 current_violation=0 accepted_violation=0 accepted=1 alpha=1 delta_u_norm=0.153529
[SQP SUPPORT] iter=2 support_size=0 support_limit=-1 support_ok=1
[SQP] before_solve iter=3 vars=16 constraints=91 max_d=-1.84082
[QP WORST] iter=3 row=82 type=velocity d=-1.84082
[SQP] after_solve iter=3 converged=1 status=0 iterations=2 primal_residual=3.86057e-16 dual_residual=5.73571e-06 x_size=16 x_finite=1
[SQP LINESEARCH] iter=3 current_violation=0 accepted_violation=0 accepted=1 alpha=1 delta_u_norm=0.142575
[SQP SUPPORT] iter=3 support_size=0 support_limit=-1 support_ok=1
[SQP] before_solve iter=4 vars=16 constraints=91 max_d=-1.8442
[QP WORST] iter=4 row=82 type=velocity d=-1.8442
[SQP] after_solve iter=4 converged=1 status=0 iterations=2 primal_residual=4.43547e-16 dual_residual=6.55252e-06 x_size=16 x_finite=1
[SQP LINESEARCH] iter=4 current_violation=0 accepted_violation=0 accepted=1 alpha=1 delta_u_norm=0.133404
[SQP SUPPORT] iter=4 support_size=0 support_limit=-1 support_ok=1
[SQP] before_solve iter=5 vars=16 constraints=91 max_d=-1.84731
[QP WORST] iter=5 row=82 type=velocity d=-1.84731
[SQP] after_solve iter=5 converged=1 status=0 iterations=2 primal_residual=4.4268e-16 dual_residual=4.37832e-06 x_size=16 x_finite=1
[SQP LINESEARCH] iter=5 current_violation=0 accepted_violation=0 accepted=1 alpha=1 delta_u_norm=0.125349
[SQP SUPPORT] iter=5 support_size=0 support_limit=-1 support_ok=1
[SQP] before_solve iter=6 vars=16 constraints=91 max_d=-1.85002
[QP WORST] iter=6 row=82 type=velocity d=-1.85002
[SQP] after_solve iter=6 converged=1 status=0 iterations=2 primal_residual=3.93958e-16 dual_residual=4.43222e-06 x_size=16 x_finite=1
[SQP LINESEARCH] iter=6 current_violation=0 accepted_violation=0 accepted=1 alpha=1 delta_u_norm=0.118142
[SQP SUPPORT] iter=6 support_size=0 support_limit=-1 support_ok=1
[SQP] before_solve iter=7 vars=16 constraints=91 max_d=-1.85239
[QP WORST] iter=7 row=82 type=velocity d=-1.85239
[SQP] after_solve iter=7 converged=1 status=0 iterations=2 primal_residual=4.42571e-16 dual_residual=3.32748e-06 x_size=16 x_finite=1
[SQP LINESEARCH] iter=7 current_violation=0 accepted_violation=0 accepted=1 alpha=1 delta_u_norm=0.111595
[SQP SUPPORT] iter=7 support_size=0 support_limit=-1 support_ok=1
[SQP] before_solve iter=8 vars=16 constraints=91 max_d=-1.85448
[QP WORST] iter=8 row=82 type=velocity d=-1.85448
[SQP] after_solve iter=8 converged=1 status=0 iterations=2 primal_residual=4.30211e-16 dual_residual=3.15e-06 x_size=16 x_finite=1
[SQP LINESEARCH] iter=8 current_violation=0 accepted_violation=0 accepted=1 alpha=1 delta_u_norm=0.105595
[SQP SUPPORT] iter=8 support_size=0 support_limit=-1 support_ok=1
[SQP] before_solve iter=9 vars=16 constraints=91 max_d=-1.8556
[QP WORST] iter=9 row=84 type=velocity d=-1.8556
[SQP] after_solve iter=9 converged=1 status=0 iterations=2 primal_residual=4.33816e-16 dual_residual=2.5377e-06 x_size=16 x_finite=1
[SQP LINESEARCH] iter=9 current_violation=0 accepted_violation=0 accepted=1 alpha=1 delta_u_norm=0.100054
[SQP SUPPORT] iter=9 support_size=0 support_limit=-1 support_ok=1
[SQP FINAL] final_violation=0 violated_constraints=0
[SUPPORT FINAL] sqp_union=0 final_active=0 support_limit=-1
[SUPPORT FINAL IDS]
[SUPPORT UNION IDS]
[COLD START RECOVERY CHECK] ordinary_sqp_failed=0 seed_available=1 incompatible=0 try_homotopy=0
[HARNESS RESULT] step=54 success=1 controls=8 first_input_present=1
[MPC STEP METRICS] step=54 applied=1 success=1 fallback=0 a=-0.000684221 omega=-0.0417745 dt=0.1 acceleration_weight=0.1 steering_weight=0.1 control_cost_unweighted=0.00174557 control_cost_weighted=0.000174557 mpc_cost=-17.5812 solve_time=0.0305593 qp_solve_time=0.0193379 constraint_time=0.00653584 dro_risk_time=0 ambiguity_radius=0 certificate=not_requested
[EVAL SAFETY] step=55 min_center_distance=3.36281 min_clearance=2.41281 collision_this_step=0 collision_run=0 collision_radius=0.95
[RF BACKUP] available=1 controls=8 states=9
[FREE POLY] k=1 disc=0 raw=40 facets=5 vertices=8 rho=4.8 anchor_shift=0
[FREE POLY] k=1 disc=1 raw=40 facets=0 vertices=4 rho=0.800001 anchor_shift=0
[FREE POLY] k=1 disc=2 raw=40 facets=0 vertices=4 rho=4.8 anchor_shift=0
[FREE POLY] k=2 disc=0 raw=40 facets=4 vertices=7 rho=5.6 anchor_shift=0
[FREE POLY] k=2 disc=1 raw=40 facets=0 vertices=4 rho=1.6 anchor_shift=0
[FREE POLY] k=2 disc=2 raw=40 facets=0 vertices=4 rho=5.6 anchor_shift=0
[FREE POLY] k=3 disc=0 raw=40 facets=3 vertices=6 rho=6.4 anchor_shift=0
[FREE POLY] k=3 disc=1 raw=40 facets=0 vertices=4 rho=2.4 anchor_shift=0
[FREE POLY] k=3 disc=2 raw=40 facets=0 vertices=4 rho=6.4 anchor_shift=0
[FREE POLY] k=4 disc=0 raw=40 facets=2 vertices=5 rho=7.2 anchor_shift=0
[FREE POLY] k=4 disc=1 raw=40 facets=0 vertices=4 rho=3.2 anchor_shift=0
[FREE POLY] k=4 disc=2 raw=40 facets=2 vertices=5 rho=7.2 anchor_shift=0
[FREE POLY] k=5 disc=0 raw=40 facets=4 vertices=7 rho=8 anchor_shift=0
[FREE POLY] k=5 disc=1 raw=40 facets=0 vertices=4 rho=4 anchor_shift=0
[FREE POLY] k=5 disc=2 raw=40 facets=4 vertices=7 rho=8 anchor_shift=0
[FREE POLY] k=6 disc=0 raw=40 facets=4 vertices=7 rho=8.8 anchor_shift=0
[FREE POLY] k=6 disc=1 raw=40 facets=0 vertices=4 rho=4.8 anchor_shift=0
[FREE POLY] k=6 disc=2 raw=40 facets=4 vertices=7 rho=8.8 anchor_shift=0
[FREE POLY] k=7 disc=0 raw=40 facets=3 vertices=6 rho=9.6 anchor_shift=0
[FREE POLY] k=7 disc=1 raw=40 facets=0 vertices=4 rho=5.6 anchor_shift=0
[FREE POLY] k=7 disc=2 raw=40 facets=3 vertices=6 rho=9.6 anchor_shift=0
[FREE POLY] k=8 disc=0 raw=40 facets=3 vertices=6 rho=10.4 anchor_shift=0
[FREE POLY] k=8 disc=1 raw=40 facets=3 vertices=6 rho=6.4 anchor_shift=0
[FREE POLY] k=8 disc=2 raw=40 facets=3 vertices=6 rho=10.4 anchor_shift=0
[RF SUPPORT SEED] removed=0 support_limit=-1
[SQP] before_solve iter=0 vars=16 constraints=79 max_d=-1.85594
[QP WORST] iter=0 row=70 type=velocity d=-1.85594
[SQP] after_solve iter=0 converged=1 status=0 iterations=2 primal_residual=4.16334e-16 dual_residual=1.57429e-05 x_size=16 x_finite=1
[SQP LINESEARCH] iter=0 current_violation=0 accepted_violation=0 accepted=1 alpha=1 delta_u_norm=0.228342
[SQP SUPPORT] iter=0 support_size=0 support_limit=-1 support_ok=1
[SQP] before_solve iter=1 vars=16 constraints=79 max_d=-1.83863
[QP WORST] iter=1 row=70 type=velocity d=-1.83863
[SQP] after_solve iter=1 converged=1 status=0 iterations=2 primal_residual=4.0766e-16 dual_residual=8.46983e-06 x_size=16 x_finite=1
[SQP LINESEARCH] iter=1 current_violation=0 accepted_violation=0 accepted=1 alpha=1 delta_u_norm=0.169908
[SQP SUPPORT] iter=1 support_size=0 support_limit=-1 support_ok=1
[SQP] before_solve iter=2 vars=16 constraints=79 max_d=-1.83789
[QP WORST] iter=2 row=70 type=velocity d=-1.83789
[SQP] after_solve iter=2 converged=1 status=0 iterations=2 primal_residual=4.09395e-16 dual_residual=9.14624e-06 x_size=16 x_finite=1
[SQP LINESEARCH] iter=2 current_violation=0 accepted_violation=0 accepted=1 alpha=1 delta_u_norm=0.153492
[SQP SUPPORT] iter=2 support_size=0 support_limit=-1 support_ok=1
[SQP] before_solve iter=3 vars=16 constraints=79 max_d=-1.84083
[QP WORST] iter=3 row=70 type=velocity d=-1.84083
[SQP] after_solve iter=3 converged=1 status=0 iterations=2 primal_residual=4.30211e-16 dual_residual=5.20189e-06 x_size=16 x_finite=1
[SQP LINESEARCH] iter=3 current_violation=0 accepted_violation=0 accepted=1 alpha=1 delta_u_norm=0.142557
[SQP SUPPORT] iter=3 support_size=0 support_limit=-1 support_ok=1
[SQP] before_solve iter=4 vars=16 constraints=79 max_d=-1.84421
[QP WORST] iter=4 row=70 type=velocity d=-1.84421
[SQP] after_solve iter=4 converged=1 status=0 iterations=2 primal_residual=4.43086e-16 dual_residual=5.86725e-06 x_size=16 x_finite=1
[SQP LINESEARCH] iter=4 current_violation=0 accepted_violation=0 accepted=1 alpha=1 delta_u_norm=0.133392
[SQP SUPPORT] iter=4 support_size=0 support_limit=-1 support_ok=1
[SQP] before_solve iter=5 vars=16 constraints=79 max_d=-1.84732
[QP WORST] iter=5 row=70 type=velocity d=-1.84732
[SQP] after_solve iter=5 converged=1 status=0 iterations=2 primal_residual=4.2067e-16 dual_residual=3.98366e-06 x_size=16 x_finite=1
[SQP LINESEARCH] iter=5 current_violation=0 accepted_violation=0 accepted=1 alpha=1 delta_u_norm=0.125343
[SQP SUPPORT] iter=5 support_size=0 support_limit=-1 support_ok=1
[SQP] before_solve iter=6 vars=16 constraints=79 max_d=-1.85004
[QP WORST] iter=6 row=70 type=velocity d=-1.85004
[SQP] after_solve iter=6 converged=1 status=0 iterations=2 primal_residual=4.30211e-16 dual_residual=4.00564e-06 x_size=16 x_finite=1
[SQP LINESEARCH] iter=6 current_violation=0 accepted_violation=0 accepted=1 alpha=1 delta_u_norm=0.118137
[SQP SUPPORT] iter=6 support_size=0 support_limit=-1 support_ok=1
[SQP] before_solve iter=7 vars=16 constraints=79 max_d=-1.85241
[QP WORST] iter=7 row=70 type=velocity d=-1.85241
[SQP] after_solve iter=7 converged=1 status=0 iterations=2 primal_residual=4.29995e-16 dual_residual=3.04124e-06 x_size=16 x_finite=1
[SQP LINESEARCH] iter=7 current_violation=0 accepted_violation=0 accepted=1 alpha=1 delta_u_norm=0.111592
[SQP SUPPORT] iter=7 support_size=0 support_limit=-1 support_ok=1
[SQP] before_solve iter=8 vars=16 constraints=79 max_d=-1.85449
[QP WORST] iter=8 row=70 type=velocity d=-1.85449
[SQP] after_solve iter=8 converged=1 status=0 iterations=2 primal_residual=4.28639e-16 dual_residual=2.87156e-06 x_size=16 x_finite=1
[SQP LINESEARCH] iter=8 current_violation=0 accepted_violation=0 accepted=1 alpha=1 delta_u_norm=0.105592
[SQP SUPPORT] iter=8 support_size=0 support_limit=-1 support_ok=1
[SQP] before_solve iter=9 vars=16 constraints=79 max_d=-1.85561
[QP WORST] iter=9 row=72 type=velocity d=-1.85561
[SQP] after_solve iter=9 converged=1 status=0 iterations=2 primal_residual=4.33681e-16 dual_residual=2.33255e-06 x_size=16 x_finite=1
[SQP LINESEARCH] iter=9 current_violation=0 accepted_violation=0 accepted=1 alpha=1 delta_u_norm=0.100051
[SQP SUPPORT] iter=9 support_size=0 support_limit=-1 support_ok=1
[SQP FINAL] final_violation=0 violated_constraints=0
[SUPPORT FINAL] sqp_union=0 final_active=0 support_limit=-1
[SUPPORT FINAL IDS]
[SUPPORT UNION IDS]
[COLD START RECOVERY CHECK] ordinary_sqp_failed=0 seed_available=1 incompatible=0 try_homotopy=0
[HARNESS RESULT] step=55 success=1 controls=8 first_input_present=1
[MPC STEP METRICS] step=55 applied=1 success=1 fallback=0 a=-0.000496626 omega=-0.0355948 dt=0.1 acceleration_weight=0.1 steering_weight=0.1 control_cost_unweighted=0.00126724 control_cost_weighted=0.000126724 mpc_cost=-17.5832 solve_time=0.029702 qp_solve_time=0.0186757 constraint_time=0.00632151 dro_risk_time=0 ambiguity_radius=0 certificate=not_requested
[EVAL SAFETY] step=56 min_center_distance=3.56126 min_clearance=2.61126 collision_this_step=0 collision_run=0 collision_radius=0.95
[RF BACKUP] available=1 controls=8 states=9
[FREE POLY] k=1 disc=0 raw=40 facets=4 vertices=7 rho=4.8 anchor_shift=0
[FREE POLY] k=1 disc=1 raw=40 facets=0 vertices=4 rho=0.800001 anchor_shift=0
[FREE POLY] k=1 disc=2 raw=40 facets=0 vertices=4 rho=4.8 anchor_shift=0
[FREE POLY] k=2 disc=0 raw=40 facets=5 vertices=8 rho=5.6 anchor_shift=0
[FREE POLY] k=2 disc=1 raw=40 facets=0 vertices=4 rho=1.6 anchor_shift=0
[FREE POLY] k=2 disc=2 raw=40 facets=0 vertices=4 rho=5.6 anchor_shift=0
[FREE POLY] k=3 disc=0 raw=40 facets=5 vertices=8 rho=6.4 anchor_shift=0
[FREE POLY] k=3 disc=1 raw=40 facets=0 vertices=4 rho=2.4 anchor_shift=0
[FREE POLY] k=3 disc=2 raw=40 facets=0 vertices=4 rho=6.4 anchor_shift=0
[FREE POLY] k=4 disc=0 raw=40 facets=6 vertices=9 rho=7.2 anchor_shift=0
[FREE POLY] k=4 disc=1 raw=40 facets=0 vertices=4 rho=3.2 anchor_shift=0
[FREE POLY] k=4 disc=2 raw=40 facets=0 vertices=4 rho=7.2 anchor_shift=0
[FREE POLY] k=5 disc=0 raw=40 facets=3 vertices=6 rho=8 anchor_shift=0
[FREE POLY] k=5 disc=1 raw=40 facets=0 vertices=4 rho=4 anchor_shift=0
[FREE POLY] k=5 disc=2 raw=40 facets=3 vertices=6 rho=8 anchor_shift=0
[FREE POLY] k=6 disc=0 raw=40 facets=3 vertices=6 rho=8.8 anchor_shift=0
[FREE POLY] k=6 disc=1 raw=40 facets=0 vertices=4 rho=4.8 anchor_shift=0
[FREE POLY] k=6 disc=2 raw=40 facets=2 vertices=5 rho=8.8 anchor_shift=0
[FREE POLY] k=7 disc=0 raw=40 facets=4 vertices=7 rho=9.6 anchor_shift=0
[FREE POLY] k=7 disc=1 raw=40 facets=0 vertices=4 rho=5.6 anchor_shift=0
[FREE POLY] k=7 disc=2 raw=40 facets=2 vertices=5 rho=9.6 anchor_shift=0
[FREE POLY] k=8 disc=0 raw=40 facets=4 vertices=7 rho=10.4 anchor_shift=0
[FREE POLY] k=8 disc=1 raw=40 facets=3 vertices=6 rho=6.4 anchor_shift=0
[FREE POLY] k=8 disc=2 raw=40 facets=4 vertices=7 rho=10.4 anchor_shift=0
[RF SUPPORT SEED] removed=0 support_limit=-1
[SQP] before_solve iter=0 vars=16 constraints=80 max_d=-1.85594
[QP WORST] iter=0 row=71 type=velocity d=-1.85594
[SQP] after_solve iter=0 converged=1 status=0 iterations=2 primal_residual=7.77156e-16 dual_residual=1.38674e-05 x_size=16 x_finite=1
[SQP LINESEARCH] iter=0 current_violation=0 accepted_violation=0 accepted=1 alpha=1 delta_u_norm=0.228265
[SQP SUPPORT] iter=0 support_size=0 support_limit=-1 support_ok=1
[SQP] before_solve iter=1 vars=16 constraints=80 max_d=-1.83863
[QP WORST] iter=1 row=71 type=velocity d=-1.83863
[SQP] after_solve iter=1 converged=1 status=0 iterations=2 primal_residual=4.93529e-16 dual_residual=7.61082e-06 x_size=16 x_finite=1
[SQP LINESEARCH] iter=1 current_violation=0 accepted_violation=0 accepted=1 alpha=1 delta_u_norm=0.16986
[SQP SUPPORT] iter=1 support_size=0 support_limit=-1 support_ok=1
[SQP] before_solve iter=2 vars=16 constraints=80 max_d=-1.8379
[QP WORST] iter=2 row=71 type=velocity d=-1.8379
[SQP] after_solve iter=2 converged=1 status=0 iterations=2 primal_residual=7.73687e-16 dual_residual=8.14196e-06 x_size=16 x_finite=1
[SQP LINESEARCH] iter=2 current_violation=0 accepted_violation=0 accepted=1 alpha=1 delta_u_norm=0.153466
[SQP SUPPORT] iter=2 support_size=0 support_limit=-1 support_ok=1
[SQP] before_solve iter=3 vars=16 constraints=80 max_d=-1.84084
[QP WORST] iter=3 row=71 type=velocity d=-1.84084
[SQP] after_solve iter=3 converged=1 status=0 iterations=2 primal_residual=8.40324e-16 dual_residual=4.74437e-06 x_size=16 x_finite=1
[SQP LINESEARCH] iter=3 current_violation=0 accepted_violation=0 accepted=1 alpha=1 delta_u_norm=0.142544
[SQP SUPPORT] iter=3 support_size=0 support_limit=-1 support_ok=1
[SQP] before_solve iter=4 vars=16 constraints=80 max_d=-1.84422
[QP WORST] iter=4 row=71 type=velocity d=-1.84422
[SQP] after_solve iter=4 converged=1 status=0 iterations=2 primal_residual=7.73619e-16 dual_residual=5.28066e-06 x_size=16 x_finite=1
[SQP LINESEARCH] iter=4 current_violation=0 accepted_violation=0 accepted=1 alpha=1 delta_u_norm=0.133383
[SQP SUPPORT] iter=4 support_size=0 support_limit=-1 support_ok=1
[SQP] before_solve iter=5 vars=16 constraints=80 max_d=-1.84733
[QP WORST] iter=5 row=71 type=velocity d=-1.84733
[SQP] after_solve iter=5 converged=1 status=0 iterations=2 primal_residual=7.7927e-16 dual_residual=3.64547e-06 x_size=16 x_finite=1
[SQP LINESEARCH] iter=5 current_violation=0 accepted_violation=0 accepted=1 alpha=1 delta_u_norm=0.125338
[SQP SUPPORT] iter=5 support_size=0 support_limit=-1 support_ok=1
[SQP] before_solve iter=6 vars=16 constraints=80 max_d=-1.85005
[QP WORST] iter=6 row=71 type=velocity d=-1.85005
[SQP] after_solve iter=6 converged=1 status=0 iterations=2 primal_residual=4.20535e-16 dual_residual=3.64026e-06 x_size=16 x_finite=1
[SQP LINESEARCH] iter=6 current_violation=0 accepted_violation=0 accepted=1 alpha=1 delta_u_norm=0.118133
[SQP SUPPORT] iter=6 support_size=0 support_limit=-1 support_ok=1
[SQP] before_solve iter=7 vars=16 constraints=80 max_d=-1.85242
[QP WORST] iter=7 row=71 type=velocity d=-1.85242
[SQP] after_solve iter=7 converged=1 status=0 iterations=2 primal_residual=8.1448e-16 dual_residual=2.79597e-06 x_size=16 x_finite=1
[SQP LINESEARCH] iter=7 current_violation=0 accepted_violation=0 accepted=1 alpha=1 delta_u_norm=0.111589
[SQP SUPPORT] iter=7 support_size=0 support_limit=-1 support_ok=1
[SQP] before_solve iter=8 vars=16 constraints=80 max_d=-1.8545
[QP WORST] iter=8 row=71 type=velocity d=-1.8545
[SQP] after_solve iter=8 converged=1 status=0 iterations=2 primal_residual=8.46572e-16 dual_residual=2.63299e-06 x_size=16 x_finite=1
[SQP LINESEARCH] iter=8 current_violation=0 accepted_violation=0 accepted=1 alpha=1 delta_u_norm=0.10559
[SQP SUPPORT] iter=8 support_size=0 support_limit=-1 support_ok=1
[SQP] before_solve iter=9 vars=16 constraints=80 max_d=-1.85561
[QP WORST] iter=9 row=73 type=velocity d=-1.85561
[SQP] after_solve iter=9 converged=1 status=0 iterations=2 primal_residual=7.21645e-16 dual_residual=2.15674e-06 x_size=16 x_finite=1
[SQP LINESEARCH] iter=9 current_violation=0 accepted_violation=0 accepted=1 alpha=1 delta_u_norm=0.100049
[SQP SUPPORT] iter=9 support_size=0 support_limit=-1 support_ok=1
[SQP FINAL] final_violation=0 violated_constraints=0
[SUPPORT FINAL] sqp_union=0 final_active=0 support_limit=-1
[SUPPORT FINAL IDS]
[SUPPORT UNION IDS]
[COLD START RECOVERY CHECK] ordinary_sqp_failed=0 seed_available=1 incompatible=0 try_homotopy=0
[HARNESS RESULT] step=56 success=1 controls=8 first_input_present=1
[MPC STEP METRICS] step=56 applied=1 success=1 fallback=0 a=-0.00036048 omega=-0.0303264 dt=0.1 acceleration_weight=0.1 steering_weight=0.1 control_cost_unweighted=0.000919821 control_cost_weighted=9.19821e-05 mpc_cost=-17.5847 solve_time=0.0310033 qp_solve_time=0.0194671 constraint_time=0.00651499 dro_risk_time=0 ambiguity_radius=0 certificate=not_requested
[EVAL SAFETY] step=57 min_center_distance=3.7599 min_clearance=2.8099 collision_this_step=0 collision_run=0 collision_radius=0.95
[RF BACKUP] available=1 controls=8 states=9
[FREE POLY] k=1 disc=0 raw=40 facets=3 vertices=6 rho=4.8 anchor_shift=0
[FREE POLY] k=1 disc=1 raw=40 facets=0 vertices=4 rho=0.800001 anchor_shift=0
[FREE POLY] k=1 disc=2 raw=40 facets=0 vertices=4 rho=4.8 anchor_shift=0
[FREE POLY] k=2 disc=0 raw=40 facets=3 vertices=6 rho=5.6 anchor_shift=0
[FREE POLY] k=2 disc=1 raw=40 facets=0 vertices=4 rho=1.6 anchor_shift=0
[FREE POLY] k=2 disc=2 raw=40 facets=0 vertices=4 rho=5.6 anchor_shift=0
[FREE POLY] k=3 disc=0 raw=40 facets=4 vertices=7 rho=6.4 anchor_shift=0
[FREE POLY] k=3 disc=1 raw=40 facets=0 vertices=4 rho=2.4 anchor_shift=0
[FREE POLY] k=3 disc=2 raw=40 facets=0 vertices=4 rho=6.4 anchor_shift=0
[FREE POLY] k=4 disc=0 raw=40 facets=3 vertices=6 rho=7.2 anchor_shift=0
[FREE POLY] k=4 disc=1 raw=40 facets=0 vertices=4 rho=3.2 anchor_shift=0
[FREE POLY] k=4 disc=2 raw=40 facets=0 vertices=4 rho=7.2 anchor_shift=0
[FREE POLY] k=5 disc=0 raw=40 facets=3 vertices=6 rho=8 anchor_shift=0
[FREE POLY] k=5 disc=1 raw=40 facets=0 vertices=4 rho=4 anchor_shift=0
[FREE POLY] k=5 disc=2 raw=40 facets=3 vertices=6 rho=8 anchor_shift=0
[FREE POLY] k=6 disc=0 raw=40 facets=3 vertices=6 rho=8.8 anchor_shift=0
[FREE POLY] k=6 disc=1 raw=40 facets=0 vertices=4 rho=4.8 anchor_shift=0
[FREE POLY] k=6 disc=2 raw=40 facets=3 vertices=6 rho=8.8 anchor_shift=0
[FREE POLY] k=7 disc=0 raw=40 facets=4 vertices=7 rho=9.6 anchor_shift=0
[FREE POLY] k=7 disc=1 raw=40 facets=0 vertices=4 rho=5.6 anchor_shift=0
[FREE POLY] k=7 disc=2 raw=40 facets=3 vertices=6 rho=9.6 anchor_shift=0
[FREE POLY] k=8 disc=0 raw=40 facets=4 vertices=7 rho=10.4 anchor_shift=0
[FREE POLY] k=8 disc=1 raw=40 facets=3 vertices=6 rho=6.4 anchor_shift=0
[FREE POLY] k=8 disc=2 raw=40 facets=3 vertices=6 rho=10.4 anchor_shift=0
[RF SUPPORT SEED] removed=0 support_limit=-1
[SQP] before_solve iter=0 vars=16 constraints=74 max_d=-1.85595
[QP WORST] iter=0 row=65 type=velocity d=-1.85595
[SQP] after_solve iter=0 converged=1 status=0 iterations=2 primal_residual=8.60423e-16 dual_residual=1.22608e-05 x_size=16 x_finite=1
[SQP LINESEARCH] iter=0 current_violation=0 accepted_violation=0 accepted=1 alpha=1 delta_u_norm=0.22821
[SQP SUPPORT] iter=0 support_size=0 support_limit=-1 support_ok=1
[SQP] before_solve iter=1 vars=16 constraints=74 max_d=-1.83864
[QP WORST] iter=1 row=65 type=velocity d=-1.83864
[SQP] after_solve iter=1 converged=1 status=0 iterations=2 primal_residual=6.87818e-16 dual_residual=6.86911e-06 x_size=16 x_finite=1
[SQP LINESEARCH] iter=1 current_violation=0 accepted_violation=0 accepted=1 alpha=1 delta_u_norm=0.169826
[SQP SUPPORT] iter=1 support_size=0 support_limit=-1 support_ok=1
[SQP] before_solve iter=2 vars=16 constraints=74 max_d=-1.83791
[QP WORST] iter=2 row=65 type=velocity d=-1.83791
[SQP] after_solve iter=2 converged=1 status=0 iterations=2 primal_residual=8.49256e-16 dual_residual=7.28349e-06 x_size=16 x_finite=1
[SQP LINESEARCH] iter=2 current_violation=0 accepted_violation=0 accepted=1 alpha=1 delta_u_norm=0.153448
[SQP SUPPORT] iter=2 support_size=0 support_limit=-1 support_ok=1
[SQP] before_solve iter=3 vars=16 constraints=74 max_d=-1.84084
[QP WORST] iter=3 row=65 type=velocity d=-1.84084
[SQP] after_solve iter=3 converged=1 status=0 iterations=2 primal_residual=4.72163e-16 dual_residual=4.3528e-06 x_size=16 x_finite=1
[SQP LINESEARCH] iter=3 current_violation=0 accepted_violation=0 accepted=1 alpha=1 delta_u_norm=0.142535
[SQP SUPPORT] iter=3 support_size=0 support_limit=-1 support_ok=1
[SQP] before_solve iter=4 vars=16 constraints=74 max_d=-1.84423
[QP WORST] iter=4 row=65 type=velocity d=-1.84423
[SQP] after_solve iter=4 converged=1 status=0 iterations=2 primal_residual=8.71468e-16 dual_residual=4.77897e-06 x_size=16 x_finite=1
[SQP LINESEARCH] iter=4 current_violation=0 accepted_violation=0 accepted=1 alpha=1 delta_u_norm=0.133377
[SQP SUPPORT] iter=4 support_size=0 support_limit=-1 support_ok=1
[SQP] before_solve iter=5 vars=16 constraints=74 max_d=-1.84733
[QP WORST] iter=5 row=65 type=velocity d=-1.84733
[SQP] after_solve iter=5 converged=1 status=0 iterations=2 primal_residual=8.43387e-16 dual_residual=3.35603e-06 x_size=16 x_finite=1
[SQP LINESEARCH] iter=5 current_violation=0 accepted_violation=0 accepted=1 alpha=1 delta_u_norm=0.125335
[SQP SUPPORT] iter=5 support_size=0 support_limit=-1 support_ok=1
[SQP] before_solve iter=6 vars=16 constraints=74 max_d=-1.85005
[QP WORST] iter=6 row=65 type=velocity d=-1.85005
[SQP] after_solve iter=6 converged=1 status=0 iterations=2 primal_residual=7.83065e-16 dual_residual=3.32755e-06 x_size=16 x_finite=1
[SQP LINESEARCH] iter=6 current_violation=0 accepted_violation=0 accepted=1 alpha=1 delta_u_norm=0.118131
[SQP SUPPORT] iter=6 support_size=0 support_limit=-1 support_ok=1
[SQP] before_solve iter=7 vars=16 constraints=74 max_d=-1.85242
[QP WORST] iter=7 row=65 type=velocity d=-1.85242
[SQP] after_solve iter=7 converged=1 status=0 iterations=2 primal_residual=8.32532e-16 dual_residual=2.58596e-06 x_size=16 x_finite=1
[SQP LINESEARCH] iter=7 current_violation=0 accepted_violation=0 accepted=1 alpha=1 delta_u_norm=0.111587
[SQP SUPPORT] iter=7 support_size=0 support_limit=-1 support_ok=1
[SQP] before_solve iter=8 vars=16 constraints=74 max_d=-1.85451
[QP WORST] iter=8 row=65 type=velocity d=-1.85451
[SQP] after_solve iter=8 converged=1 status=0 iterations=2 primal_residual=8.65193e-16 dual_residual=2.42869e-06 x_size=16 x_finite=1
[SQP LINESEARCH] iter=8 current_violation=0 accepted_violation=0 accepted=1 alpha=1 delta_u_norm=0.105588
[SQP SUPPORT] iter=8 support_size=0 support_limit=-1 support_ok=1
[SQP] before_solve iter=9 vars=16 constraints=74 max_d=-1.85561
[QP WORST] iter=9 row=67 type=velocity d=-1.85561
[SQP] after_solve iter=9 converged=1 status=0 iterations=2 primal_residual=8.35351e-16 dual_residual=2.00614e-06 x_size=16 x_finite=1
[SQP LINESEARCH] iter=9 current_violation=0 accepted_violation=0 accepted=1 alpha=1 delta_u_norm=0.100048
[SQP SUPPORT] iter=9 support_size=0 support_limit=-1 support_ok=1
[SQP FINAL] final_violation=0 violated_constraints=0
[SUPPORT FINAL] sqp_union=0 final_active=0 support_limit=-1
[SUPPORT FINAL IDS]
[SUPPORT UNION IDS]
[COLD START RECOVERY CHECK] ordinary_sqp_failed=0 seed_available=1 incompatible=0 try_homotopy=0
[HARNESS RESULT] step=57 success=1 controls=8 first_input_present=1
[MPC STEP METRICS] step=57 applied=1 success=1 fallback=0 a=-0.000261691 omega=-0.0258373 dt=0.1 acceleration_weight=0.1 steering_weight=0.1 control_cost_unweighted=0.000667636 control_cost_weighted=6.67636e-05 mpc_cost=-17.5857 solve_time=0.0309744 qp_solve_time=0.0193067 constraint_time=0.00678217 dro_risk_time=0 ambiguity_radius=0 certificate=not_requested
[EVAL SAFETY] step=58 min_center_distance=3.95866 min_clearance=3.00866 collision_this_step=0 collision_run=0 collision_radius=0.95
[RF BACKUP] available=1 controls=8 states=9
[FREE POLY] k=1 disc=0 raw=40 facets=3 vertices=6 rho=4.8 anchor_shift=0
[FREE POLY] k=1 disc=1 raw=40 facets=0 vertices=4 rho=0.800001 anchor_shift=0
[FREE POLY] k=1 disc=2 raw=40 facets=0 vertices=4 rho=4.8 anchor_shift=0
[FREE POLY] k=2 disc=0 raw=40 facets=5 vertices=8 rho=5.6 anchor_shift=0
[FREE POLY] k=2 disc=1 raw=40 facets=0 vertices=4 rho=1.6 anchor_shift=0
[FREE POLY] k=2 disc=2 raw=40 facets=0 vertices=4 rho=5.6 anchor_shift=0
[FREE POLY] k=3 disc=0 raw=40 facets=4 vertices=7 rho=6.4 anchor_shift=0
[FREE POLY] k=3 disc=1 raw=40 facets=0 vertices=4 rho=2.4 anchor_shift=0
[FREE POLY] k=3 disc=2 raw=40 facets=0 vertices=4 rho=6.4 anchor_shift=0
[FREE POLY] k=4 disc=0 raw=40 facets=5 vertices=8 rho=7.2 anchor_shift=0
[FREE POLY] k=4 disc=1 raw=40 facets=0 vertices=4 rho=3.2 anchor_shift=0
[FREE POLY] k=4 disc=2 raw=40 facets=0 vertices=4 rho=7.2 anchor_shift=0
[FREE POLY] k=5 disc=0 raw=40 facets=5 vertices=8 rho=8 anchor_shift=0
[FREE POLY] k=5 disc=1 raw=40 facets=0 vertices=4 rho=4 anchor_shift=0
[FREE POLY] k=5 disc=2 raw=40 facets=4 vertices=7 rho=8 anchor_shift=0
[FREE POLY] k=6 disc=0 raw=40 facets=5 vertices=8 rho=8.8 anchor_shift=0
[FREE POLY] k=6 disc=1 raw=40 facets=0 vertices=4 rho=4.8 anchor_shift=0
[FREE POLY] k=6 disc=2 raw=40 facets=4 vertices=7 rho=8.8 anchor_shift=0
[FREE POLY] k=7 disc=0 raw=40 facets=4 vertices=7 rho=9.6 anchor_shift=0
[FREE POLY] k=7 disc=1 raw=40 facets=0 vertices=4 rho=5.6 anchor_shift=0
[FREE POLY] k=7 disc=2 raw=40 facets=3 vertices=6 rho=9.6 anchor_shift=0
[FREE POLY] k=8 disc=0 raw=40 facets=3 vertices=6 rho=10.4 anchor_shift=0
[FREE POLY] k=8 disc=1 raw=40 facets=2 vertices=5 rho=6.4 anchor_shift=0
[FREE POLY] k=8 disc=2 raw=40 facets=2 vertices=5 rho=10.4 anchor_shift=0
[RF SUPPORT SEED] removed=0 support_limit=-1
[SQP] before_solve iter=0 vars=16 constraints=81 max_d=-1.85595
[QP WORST] iter=0 row=72 type=velocity d=-1.85595
[SQP] after_solve iter=0 converged=1 status=0 iterations=2 primal_residual=7.99708e-16 dual_residual=1.08856e-05 x_size=16 x_finite=1
[SQP LINESEARCH] iter=0 current_violation=0 accepted_violation=0 accepted=1 alpha=1 delta_u_norm=0.228171
[SQP SUPPORT] iter=0 support_size=0 support_limit=-1 support_ok=1
[SQP] before_solve iter=1 vars=16 constraints=81 max_d=-1.83864
[QP WORST] iter=1 row=72 type=velocity d=-1.83864
[SQP] after_solve iter=1 converged=1 status=0 iterations=2 primal_residual=6.58328e-16 dual_residual=6.23442e-06 x_size=16 x_finite=1
[SQP LINESEARCH] iter=1 current_violation=0 accepted_violation=0 accepted=1 alpha=1 delta_u_norm=0.169801
[SQP SUPPORT] iter=1 support_size=0 support_limit=-1 support_ok=1
[SQP] before_solve iter=2 vars=16 constraints=81 max_d=-1.83791
[QP WORST] iter=2 row=72 type=velocity d=-1.83791
[SQP] after_solve iter=2 converged=1 status=0 iterations=2 primal_residual=8.68121e-16 dual_residual=6.55023e-06 x_size=16 x_finite=1
[SQP LINESEARCH] iter=2 current_violation=0 accepted_violation=0 accepted=1 alpha=1 delta_u_norm=0.153434
[SQP SUPPORT] iter=2 support_size=0 support_limit=-1 support_ok=1
[SQP] before_solve iter=3 vars=16 constraints=81 max_d=-1.84085
[QP WORST] iter=3 row=72 type=velocity d=-1.84085
[SQP] after_solve iter=3 converged=1 status=0 iterations=2 primal_residual=8.25091e-16 dual_residual=4.01773e-06 x_size=16 x_finite=1
[SQP LINESEARCH] iter=3 current_violation=0 accepted_violation=0 accepted=1 alpha=1 delta_u_norm=0.142528
[SQP SUPPORT] iter=3 support_size=0 support_limit=-1 support_ok=1
[SQP] before_solve iter=4 vars=16 constraints=81 max_d=-1.84423
[QP WORST] iter=4 row=72 type=velocity d=-1.84423
[SQP] after_solve iter=4 converged=1 status=0 iterations=2 primal_residual=8.6476e-16 dual_residual=4.34995e-06 x_size=16 x_finite=1
[SQP LINESEARCH] iter=4 current_violation=0 accepted_violation=0 accepted=1 alpha=1 delta_u_norm=0.133373
[SQP SUPPORT] iter=4 support_size=0 support_limit=-1 support_ok=1
[SQP] before_solve iter=5 vars=16 constraints=81 max_d=-1.84734
[QP WORST] iter=5 row=72 type=velocity d=-1.84734
[SQP] after_solve iter=5 converged=1 status=0 iterations=2 primal_residual=8.22096e-16 dual_residual=3.10834e-06 x_size=16 x_finite=1
[SQP LINESEARCH] iter=5 current_violation=0 accepted_violation=0 accepted=1 alpha=1 delta_u_norm=0.125332
[SQP SUPPORT] iter=5 support_size=0 support_limit=-1 support_ok=1
[SQP] before_solve iter=6 vars=16 constraints=81 max_d=-1.85006
[QP WORST] iter=6 row=72 type=velocity d=-1.85006
[SQP] after_solve iter=6 converged=1 status=0 iterations=2 primal_residual=8.2478e-16 dual_residual=3.06002e-06 x_size=16 x_finite=1
[SQP LINESEARCH] iter=6 current_violation=0 accepted_violation=0 accepted=1 alpha=1 delta_u_norm=0.118129
[SQP SUPPORT] iter=6 support_size=0 support_limit=-1 support_ok=1
[SQP] before_solve iter=7 vars=16 constraints=81 max_d=-1.85243
[QP WORST] iter=7 row=72 type=velocity d=-1.85243
[SQP] after_solve iter=7 converged=1 status=0 iterations=2 primal_residual=7.20344e-16 dual_residual=2.40623e-06 x_size=16 x_finite=1
[SQP LINESEARCH] iter=7 current_violation=0 accepted_violation=0 accepted=1 alpha=1 delta_u_norm=0.111586
[SQP SUPPORT] iter=7 support_size=0 support_limit=-1 support_ok=1
[SQP] before_solve iter=8 vars=16 constraints=81 max_d=-1.85451
[QP WORST] iter=8 row=72 type=velocity d=-1.85451
[SQP] after_solve iter=8 converged=1 status=0 iterations=2 primal_residual=8.21961e-16 dual_residual=2.25384e-06 x_size=16 x_finite=1
[SQP LINESEARCH] iter=8 current_violation=0 accepted_violation=0 accepted=1 alpha=1 delta_u_norm=0.105587
[SQP SUPPORT] iter=8 support_size=0 support_limit=-1 support_ok=1
[SQP] before_solve iter=9 vars=16 constraints=81 max_d=-1.85562
[QP WORST] iter=9 row=74 type=velocity d=-1.85562
[SQP] after_solve iter=9 converged=1 status=0 iterations=2 primal_residual=8.8292e-16 dual_residual=1.87724e-06 x_size=16 x_finite=1
[SQP LINESEARCH] iter=9 current_violation=0 accepted_violation=0 accepted=1 alpha=1 delta_u_norm=0.100047
[SQP SUPPORT] iter=9 support_size=0 support_limit=-1 support_ok=1
[SQP FINAL] final_violation=0 violated_constraints=0
[SUPPORT FINAL] sqp_union=0 final_active=0 support_limit=-1
[SUPPORT FINAL IDS]
[SUPPORT UNION IDS]
[COLD START RECOVERY CHECK] ordinary_sqp_failed=0 seed_available=1 incompatible=0 try_homotopy=0
[HARNESS RESULT] step=58 success=1 controls=8 first_input_present=1
[MPC STEP METRICS] step=58 applied=1 success=1 fallback=0 a=-0.000189939 omega=-0.0220119 dt=0.1 acceleration_weight=0.1 steering_weight=0.1 control_cost_unweighted=0.000484561 control_cost_weighted=4.84561e-05 mpc_cost=-17.5865 solve_time=0.0310529 qp_solve_time=0.0197104 constraint_time=0.00655589 dro_risk_time=0 ambiguity_radius=0 certificate=not_requested
[EVAL SAFETY] step=59 min_center_distance=4.1575 min_clearance=3.2075 collision_this_step=0 collision_run=0 collision_radius=0.95
[RF BACKUP] available=1 controls=8 states=9
[FREE POLY] k=1 disc=0 raw=40 facets=3 vertices=6 rho=4.8 anchor_shift=0
[FREE POLY] k=1 disc=1 raw=40 facets=0 vertices=4 rho=0.800001 anchor_shift=0
[FREE POLY] k=1 disc=2 raw=40 facets=0 vertices=4 rho=4.8 anchor_shift=0
[FREE POLY] k=2 disc=0 raw=40 facets=4 vertices=7 rho=5.6 anchor_shift=0
[FREE POLY] k=2 disc=1 raw=40 facets=0 vertices=4 rho=1.6 anchor_shift=0
[FREE POLY] k=2 disc=2 raw=40 facets=0 vertices=4 rho=5.6 anchor_shift=0
[FREE POLY] k=3 disc=0 raw=40 facets=3 vertices=6 rho=6.4 anchor_shift=0
[FREE POLY] k=3 disc=1 raw=40 facets=0 vertices=4 rho=2.4 anchor_shift=0
[FREE POLY] k=3 disc=2 raw=40 facets=0 vertices=4 rho=6.4 anchor_shift=0
[FREE POLY] k=4 disc=0 raw=40 facets=4 vertices=7 rho=7.2 anchor_shift=0
[FREE POLY] k=4 disc=1 raw=40 facets=0 vertices=4 rho=3.2 anchor_shift=0
[FREE POLY] k=4 disc=2 raw=40 facets=0 vertices=4 rho=7.2 anchor_shift=0
[FREE POLY] k=5 disc=0 raw=40 facets=5 vertices=8 rho=8 anchor_shift=0
[FREE POLY] k=5 disc=1 raw=40 facets=0 vertices=4 rho=4 anchor_shift=0
[FREE POLY] k=5 disc=2 raw=40 facets=0 vertices=4 rho=8 anchor_shift=0
[FREE POLY] k=6 disc=0 raw=40 facets=5 vertices=8 rho=8.8 anchor_shift=0
[FREE POLY] k=6 disc=1 raw=40 facets=0 vertices=4 rho=4.8 anchor_shift=0
[FREE POLY] k=6 disc=2 raw=40 facets=4 vertices=7 rho=8.8 anchor_shift=0
[FREE POLY] k=7 disc=0 raw=40 facets=5 vertices=8 rho=9.6 anchor_shift=0
[FREE POLY] k=7 disc=1 raw=40 facets=0 vertices=4 rho=5.6 anchor_shift=0
[FREE POLY] k=7 disc=2 raw=40 facets=3 vertices=6 rho=9.6 anchor_shift=0
[FREE POLY] k=8 disc=0 raw=40 facets=4 vertices=7 rho=10.4 anchor_shift=0
[FREE POLY] k=8 disc=1 raw=40 facets=0 vertices=4 rho=6.4 anchor_shift=0
[FREE POLY] k=8 disc=2 raw=40 facets=3 vertices=6 rho=10.4 anchor_shift=0
[RF SUPPORT SEED] removed=0 support_limit=-1
[SQP] before_solve iter=0 vars=16 constraints=75 max_d=-1.85596
[QP WORST] iter=0 row=66 type=velocity d=-1.85596
[SQP] after_solve iter=0 converged=1 status=0 iterations=2 primal_residual=8.60423e-16 dual_residual=9.71721e-06 x_size=16 x_finite=1
[SQP LINESEARCH] iter=0 current_violation=0 accepted_violation=0 accepted=1 alpha=1 delta_u_norm=0.228143
[SQP SUPPORT] iter=0 support_size=0 support_limit=-1 support_ok=1
[SQP] before_solve iter=1 vars=16 constraints=75 max_d=-1.83864
[QP WORST] iter=1 row=66 type=velocity d=-1.83864
[SQP] after_solve iter=1 converged=1 status=0 iterations=2 primal_residual=8.57821e-16 dual_residual=5.68841e-06 x_size=16 x_finite=1
[SQP LINESEARCH] iter=1 current_violation=0 accepted_violation=0 accepted=1 alpha=1 delta_u_norm=0.169784
[SQP SUPPORT] iter=1 support_size=0 support_limit=-1 support_ok=1
[SQP] before_solve iter=2 vars=16 constraints=75 max_d=-1.83791
[QP WORST] iter=2 row=66 type=velocity d=-1.83791
[SQP] after_solve iter=2 converged=1 status=0 iterations=2 primal_residual=7.84203e-16 dual_residual=5.92391e-06 x_size=16 x_finite=1
[SQP LINESEARCH] iter=2 current_violation=0 accepted_violation=0 accepted=1 alpha=1 delta_u_norm=0.153425
[SQP SUPPORT] iter=2 support_size=0 support_limit=-1 support_ok=1
[SQP] before_solve iter=3 vars=16 constraints=75 max_d=-1.84085
[QP WORST] iter=3 row=66 type=velocity d=-1.84085
[SQP] after_solve iter=3 converged=1 status=0 iterations=2 primal_residual=8.78041e-16 dual_residual=3.73143e-06 x_size=16 x_finite=1
[SQP LINESEARCH] iter=3 current_violation=0 accepted_violation=0 accepted=1 alpha=1 delta_u_norm=0.142524
[SQP SUPPORT] iter=3 support_size=0 support_limit=-1 support_ok=1
[SQP] before_solve iter=4 vars=16 constraints=75 max_d=-1.84424
[QP WORST] iter=4 row=66 type=velocity d=-1.84424
[SQP] after_solve iter=4 converged=1 status=0 iterations=2 primal_residual=7.68808e-16 dual_residual=3.98346e-06 x_size=16 x_finite=1
[SQP LINESEARCH] iter=4 current_violation=0 accepted_violation=0 accepted=1 alpha=1 delta_u_norm=0.13337
[SQP SUPPORT] iter=4 support_size=0 support_limit=-1 support_ok=1
[SQP] before_solve iter=5 vars=16 constraints=75 max_d=-1.84734
[QP WORST] iter=5 row=66 type=velocity d=-1.84734
[SQP] after_solve iter=5 converged=1 status=0 iterations=2 primal_residual=8.15279e-16 dual_residual=2.89668e-06 x_size=16 x_finite=1
[SQP LINESEARCH] iter=5 current_violation=0 accepted_violation=0 accepted=1 alpha=1 delta_u_norm=0.125331
[SQP SUPPORT] iter=5 support_size=0 support_limit=-1 support_ok=1
[SQP] before_solve iter=6 vars=16 constraints=75 max_d=-1.85006
[QP WORST] iter=6 row=66 type=velocity d=-1.85006
[SQP] after_solve iter=6 converged=1 status=0 iterations=2 primal_residual=6.45642e-16 dual_residual=2.83136e-06 x_size=16 x_finite=1
[SQP LINESEARCH] iter=6 current_violation=0 accepted_violation=0 accepted=1 alpha=1 delta_u_norm=0.118127
[SQP SUPPORT] iter=6 support_size=0 support_limit=-1 support_ok=1
[SQP] before_solve iter=7 vars=16 constraints=75 max_d=-1.85243
[QP WORST] iter=7 row=66 type=velocity d=-1.85243
[SQP] after_solve iter=7 converged=1 status=0 iterations=2 primal_residual=8.20145e-16 dual_residual=2.25258e-06 x_size=16 x_finite=1
[SQP LINESEARCH] iter=7 current_violation=0 accepted_violation=0 accepted=1 alpha=1 delta_u_norm=0.111585
[SQP SUPPORT] iter=7 support_size=0 support_limit=-1 support_ok=1
[SQP] before_solve iter=8 vars=16 constraints=75 max_d=-1.85451
[QP WORST] iter=8 row=66 type=velocity d=-1.85451
[SQP] after_solve iter=8 converged=1 status=0 iterations=2 primal_residual=7.70841e-16 dual_residual=2.10434e-06 x_size=16 x_finite=1
[SQP LINESEARCH] iter=8 current_violation=0 accepted_violation=0 accepted=1 alpha=1 delta_u_norm=0.105586
[SQP SUPPORT] iter=8 support_size=0 support_limit=-1 support_ok=1
[SQP] before_solve iter=9 vars=16 constraints=75 max_d=-1.85562
[QP WORST] iter=9 row=68 type=velocity d=-1.85562
[SQP] after_solve iter=9 converged=1 status=0 iterations=2 primal_residual=8.00954e-16 dual_residual=1.767e-06 x_size=16 x_finite=1
[SQP LINESEARCH] iter=9 current_violation=0 accepted_violation=0 accepted=1 alpha=1 delta_u_norm=0.100046
[SQP SUPPORT] iter=9 support_size=0 support_limit=-1 support_ok=1
[SQP FINAL] final_violation=0 violated_constraints=0
[SUPPORT FINAL] sqp_union=0 final_active=0 support_limit=-1
[SUPPORT FINAL IDS]
[SUPPORT UNION IDS]
[COLD START RECOVERY CHECK] ordinary_sqp_failed=0 seed_available=1 incompatible=0 try_homotopy=0
[HARNESS RESULT] step=59 success=1 controls=8 first_input_present=1
[MPC STEP METRICS] step=59 applied=1 success=1 fallback=0 a=-0.000137891 omega=-0.0187522 dt=0.1 acceleration_weight=0.1 steering_weight=0.1 control_cost_unweighted=0.000351666 control_cost_weighted=3.51666e-05 mpc_cost=-17.5871 solve_time=0.0297686 qp_solve_time=0.0184947 constraint_time=0.00652402 dro_risk_time=0 ambiguity_radius=0 certificate=not_requested
[EVAL SAFETY] step=60 min_center_distance=4.35641 min_clearance=3.40641 collision_this_step=0 collision_run=0 collision_radius=0.95
[PATH COMPLETION] step=60 completion_progress=12.1262 path_length=25 fraction=0.485049 required_fraction=0.95 termination_enabled=1 completed=0
seed=77 collision=no termination=step_limit artifact=/home/stephen/ros2_ws/src/DRO_SHMPCC/build-concentration/fixed-budget-uncertified-short-horizon/four_way_intersection_o1_c1_m3_boost_5_s40/seed_77/sh_mpcc/repeat_1
