environment,method,seed,collision,min_clearance,progress
Oncoming,Base,3738707042,0,2.072602,0.9501
Oncoming,Base,3738707043,1,0.667114,0.9611
Oncoming,Base,3738707044,1,0.509372,0.9611
Oncoming,Base,3738707045,0,1.569036,0.9501
Oncoming,Base,3738707046,1,0.363171,0.9611
Oncoming,Base,3738707047,1,0.288393,0.9611
Oncoming,Base,3738707048,1,0.553536,0.9611
Oncoming,Base,3738707049,1,0.533907,0.9556
Oncoming,Base,3738707050,1,0.281038,0.9611
Oncoming,Base,3738707051,1,0.436263,0.9611
Oncoming,Base,3738707052,1,0.346226,0.9611
Oncoming,Base,3738707053,1,0.559921,0.9611
Oncoming,Base,3738707054,1,0.182422,0.9611
Oncoming,Base,3738707055,0,1.436823,0.9611
Oncoming,Base,3738707056,1,0.745325,0.9501
Oncoming,Base,3738707057,1,0.542175,0.9611
Oncoming,Base,3738707058,1,0.661104,0.9556
Oncoming,Base,3738707059,1,0.523507,0.9611
Oncoming,Base,3738707060,1,0.377568,0.9611
Oncoming,Base,3738707061,1,0.753984,0.9611
Oncoming,Base,3738707062,1,0.289100,0.9611
Oncoming,Base,3738707063,1,0.640603,0.9611
Oncoming,Base,3738707064,1,0.230796,0.9611
Oncoming,Base,3738707065,0,1.793970,0.9666
Oncoming,Base,3738707066,1,0.496306,0.9611
Oncoming,Base,3738707067,0,0.956407,0.9611
Oncoming,Base,3738707068,0,2.036143,0.9666
Oncoming,Base,3738707069,1,0.059689,0.9611
Oncoming,Base,3738707070,1,0.160169,0.9611
Oncoming,Base,3738707071,1,0.721677,0.9611
Oncoming,Base,3738707072,0,1.379573,0.9611
Oncoming,Base,3738707073,1,0.189684,0.9611
Oncoming,Base,3738707074,1,0.382677,0.9611
Oncoming,Base,3738707075,1,0.607400,0.9556
Oncoming,Base,3738707076,1,0.418323,0.9611
Oncoming,Base,3738707077,1,0.409484,0.9611
Oncoming,Base,3738707078,1,0.753627,0.9611
Oncoming,Base,3738707079,1,0.485988,0.9611
Oncoming,Base,3738707080,0,2.189492,0.9666
Oncoming,Base,3738707081,0,1.041164,0.9611
Oncoming,Base,3738707082,1,0.367662,0.9611
Oncoming,Base,3738707083,1,0.316640,0.9611
Oncoming,Base,3738707084,1,0.230298,0.9611
Oncoming,Base,3738707085,1,0.313443,0.9611
Oncoming,Base,3738707086,1,0.250551,0.9611
Oncoming,Base,3738707087,1,0.168612,0.9611
Oncoming,Base,3738707088,0,1.829634,0.5471
Oncoming,Base,3738707089,1,0.440720,0.9611
Oncoming,Base,3738707090,1,0.332782,0.9611
Oncoming,Base,3738707091,1,0.825424,0.9611
Oncoming,Base,3738707092,1,0.340955,0.9611
Oncoming,Base,3738707093,1,0.358880,0.9611
Oncoming,Base,3738707094,0,0.892569,0.9611
Oncoming,Base,3738707095,0,2.091518,0.9666
Oncoming,Base,3738707096,0,3.998950,0.5744
Oncoming,Base,3738707097,1,0.275132,0.9611
Oncoming,Base,3738707098,1,0.322570,0.9611
Oncoming,Base,3738707099,1,0.494740,0.9611
Oncoming,Base,3738707100,1,0.193892,0.9556
Oncoming,Base,3738707101,1,0.269980,0.9611
Oncoming,Base,3738707102,1,0.314481,0.9611
Oncoming,Base,3738707103,1,0.131438,0.9611
Oncoming,Base,3738707104,1,0.293172,0.9611
Oncoming,Base,3738707105,1,0.349628,0.9611
Oncoming,Base,3738707106,1,0.270069,0.9611
Oncoming,Base,3738707107,0,1.479415,0.5416
Oncoming,Base,3738707108,0,1.448535,0.9611
Oncoming,Base,3738707109,1,0.481159,0.9611
Oncoming,Base,3738707110,1,0.470919,0.9611
Oncoming,Base,3738707111,0,1.201559,0.9611
Oncoming,Base,3738707112,0,0.990991,0.9611
Oncoming,Base,3738707113,1,0.213752,0.9611
Oncoming,Base,3738707114,1,0.503663,0.9611
Oncoming,Base,3738707115,1,0.337551,0.9611
Oncoming,Base,3738707116,1,0.207753,0.9611
Oncoming,Base,3738707117,1,0.287333,0.9611
Oncoming,Base,3738707118,0,1.872803,0.9501
Oncoming,Base,3738707119,1,0.807678,0.9611
Oncoming,Base,3738707120,1,0.661341,0.9611
Oncoming,Base,3738707121,1,0.363873,0.9556
Oncoming,Base,3738707122,0,1.085148,0.9611
Oncoming,Base,3738707123,1,0.483789,0.9611
Oncoming,Base,3738707124,0,0.871850,0.9611
Oncoming,Base,3738707125,1,0.190349,0.9611
Oncoming,Base,3738707126,1,0.661707,0.9556
Oncoming,Base,3738707127,1,0.621307,0.9611
Oncoming,Base,3738707128,1,0.433058,0.9611
Oncoming,Base,3738707129,1,0.765684,0.9611
Oncoming,Base,3738707130,0,0.921900,0.9556
Oncoming,Base,3738707131,1,0.266935,0.9611
Oncoming,Base,3738707132,0,2.205619,0.9611
Oncoming,Base,3738707133,1,0.794689,0.9611
Oncoming,Base,3738707134,1,0.454525,0.9611
Oncoming,Base,3738707135,1,0.203226,0.9611
Oncoming,Base,3738707136,1,0.315203,0.9611
Oncoming,Base,3738707137,1,0.212630,0.9611
Oncoming,Base,3738707138,1,0.577630,0.9611
Oncoming,Base,3738707139,1,0.539273,0.9611
Oncoming,Base,3738707140,1,0.563758,0.9611
Oncoming,Base,3738707141,1,0.125523,0.9611
Oncoming,Base,3738707142,1,0.788644,0.9556
Oncoming,Base,3738707143,1,0.691098,0.9611
Oncoming,Base,3738707144,0,1.461380,0.5690
Oncoming,Base,3738707145,1,0.145356,0.9611
Oncoming,Base,3738707146,1,0.834429,0.9556
Oncoming,Base,3738707147,0,1.350910,0.5361
Oncoming,Base,3738707148,0,1.486515,0.9666
Oncoming,Base,3738707149,1,0.332942,0.5690
Oncoming,Base,3738707150,1,0.410969,0.9611
Oncoming,Base,3738707151,1,0.322106,0.9611
Oncoming,Base,3738707152,1,0.351975,0.9611
Oncoming,Base,3738707153,1,0.356545,0.9611
Oncoming,Base,3738707154,1,0.693570,0.9611
Oncoming,Base,3738707155,1,0.488266,0.9611
Oncoming,Base,3738707156,0,1.669045,0.5471
Oncoming,Base,3738707157,1,0.811217,0.5471
Oncoming,Base,3738707158,1,0.671529,0.9611
Oncoming,Base,3738707159,0,1.161577,0.9611
Oncoming,Base,3738707160,0,1.368843,0.9611
Oncoming,Base,3738707161,1,0.194098,0.9611
Oncoming,Base,3738707162,1,0.748766,0.9611
Oncoming,Base,3738707163,1,0.699952,0.5744
Oncoming,Base,3738707164,1,0.698866,0.9611
Oncoming,Base,3738707165,1,0.185620,0.9611
Oncoming,Base,3738707166,1,0.566091,0.9611
Oncoming,Base,3738707167,1,0.628965,0.9611
Oncoming,Base,3738707168,1,0.563745,0.9556
Oncoming,Base,3738707169,1,0.768722,0.9611
Oncoming,Base,3738707170,0,1.443222,0.9501
Oncoming,Base,3738707171,1,0.393663,0.9611
Oncoming,Base,3738707172,1,0.415270,0.9611
Oncoming,Base,3738707173,1,0.449831,0.9611
Oncoming,Base,3738707174,1,0.655295,0.9611
Oncoming,Base,3738707175,0,1.102137,0.5416
Oncoming,Base,3738707176,1,0.236737,0.9611
Oncoming,Base,3738707177,0,2.149618,0.9501
Oncoming,Base,3738707178,1,0.666296,0.9611
Oncoming,Base,3738707179,0,1.288947,0.9666
Oncoming,Base,3738707180,1,0.486487,0.9611
Oncoming,Base,3738707181,0,1.606935,0.9501
Oncoming,Base,3738707182,1,0.751316,0.9611
Oncoming,Base,3738707183,1,0.761768,0.9611
Oncoming,Base,3738707184,1,0.367853,0.9611
Oncoming,Base,3738707185,1,0.329237,0.9611
Oncoming,Base,3738707186,1,0.383358,0.9611
Oncoming,Base,3738707187,1,0.488214,0.9611
Oncoming,Base,3738707188,1,0.646168,0.9556
Oncoming,Base,3738707189,0,1.635563,0.9666
Oncoming,Base,3738707190,0,0.944273,0.9611
Oncoming,Base,3738707191,1,0.837844,0.9611
Oncoming,Base,3738707192,0,1.256761,0.5416
Oncoming,Base,3738707193,0,1.427115,0.9666
Oncoming,Base,3738707194,1,0.590039,0.9611
Oncoming,Base,3738707195,0,2.268383,0.5744
Oncoming,Base,3738707196,1,0.602305,0.9611
Oncoming,Base,3738707197,1,0.839866,0.9611
Oncoming,Base,3738707198,1,0.261626,0.9611
Oncoming,Base,3738707199,1,0.307762,0.9611
Oncoming,Base,3738707200,1,0.435447,0.9611
Oncoming,Base,3738707201,1,0.468993,0.5361
Oncoming,Base,3738707202,1,0.171699,0.9611
Oncoming,Base,3738707203,1,0.180158,0.9611
Oncoming,Base,3738707204,1,0.688483,0.9611
Oncoming,Base,3738707205,1,0.589758,0.9611
Oncoming,Base,3738707206,1,0.054033,0.9611
Oncoming,Base,3738707207,1,0.308680,0.9611
Oncoming,Base,3738707208,0,1.239055,0.5416
Oncoming,Base,3738707209,1,0.746466,0.5361
Oncoming,Base,3738707210,1,0.807787,0.9556
Oncoming,Base,3738707211,1,0.230293,0.9611
Oncoming,Base,3738707212,1,0.562932,0.9611
Oncoming,Base,3738707213,1,0.732671,0.9611
Oncoming,Base,3738707214,1,0.671046,0.9611
Oncoming,Base,3738707215,1,0.683516,0.9611
Oncoming,Base,3738707216,1,0.569803,0.9611
Oncoming,Base,3738707217,1,0.584459,0.9611
Oncoming,Base,3738707218,0,1.137116,0.9611
Oncoming,Base,3738707219,1,0.124767,0.9611
Oncoming,Base,3738707220,0,0.909356,0.9611
Oncoming,Base,3738707221,1,0.817937,0.9611
Oncoming,Base,3738707222,1,0.239559,0.9611
Oncoming,Base,3738707223,1,0.395137,0.9611
Oncoming,Base,3738707224,0,1.480087,0.9666
Oncoming,Base,3738707225,1,0.420220,0.9501
Oncoming,Base,3738707226,1,0.810605,0.9611
Oncoming,Base,3738707227,1,0.620550,0.9611
Oncoming,Base,3738707228,1,0.427607,0.9611
Oncoming,Base,3738707229,0,1.519115,0.9501
Oncoming,Base,3738707230,0,1.582394,0.9501
Oncoming,Base,3738707231,1,0.533441,0.9611
Oncoming,Base,3738707232,1,0.236364,0.9611
Oncoming,Base,3738707233,0,2.454979,0.9501
Oncoming,Base,3738707234,0,1.902702,0.9556
Oncoming,Base,3738707235,1,0.406130,0.9611
Oncoming,Base,3738707236,1,0.215969,0.9501
Oncoming,Base,3738707237,1,0.585059,0.9611
Oncoming,Base,3738707238,1,0.355613,0.9611
Oncoming,Base,3738707239,1,0.460630,0.9611
Oncoming,Base,3738707240,1,0.191335,0.9611
Oncoming,Base,3738707241,0,1.641422,0.9666
Oncoming,Base,3738707242,1,0.344824,0.9556
Oncoming,Base,3738707243,1,0.127328,0.9611
Oncoming,Base,3738707244,1,0.774689,0.9611
Oncoming,Base,3738707245,1,0.291841,0.9611
Oncoming,Base,3738707246,1,0.680583,0.9611
Oncoming,Base,3738707247,0,1.874121,0.5744
Oncoming,Base,3738707248,1,0.767305,0.9611
Oncoming,Base,3738707249,1,0.370894,0.9611
Oncoming,Base,3738707250,1,0.511180,0.9611
Oncoming,Base,3738707251,0,2.290881,0.9611
Oncoming,Base,3738707252,0,1.869628,0.9501
Oncoming,Base,3738707253,1,0.224203,0.9611
Oncoming,Base,3738707254,0,1.118271,0.5416
Oncoming,Base,3738707255,1,0.217651,0.9611
Oncoming,Base,3738707256,0,1.650059,0.9611
Oncoming,Base,3738707257,0,0.997779,0.9666
Oncoming,Base,3738707258,1,0.317152,0.9611
Oncoming,Base,3738707259,1,0.513131,0.9611
Oncoming,Base,3738707260,0,0.905287,0.5690
Oncoming,Base,3738707261,0,2.146079,0.9611
Oncoming,Base,3738707262,1,0.410589,0.9611
Oncoming,Base,3738707263,1,0.710520,0.9611
Oncoming,Base,3738707264,0,1.072084,0.9556
Oncoming,Base,3738707265,0,2.328636,0.9666
Oncoming,Base,3738707266,1,0.536347,0.9611
Oncoming,Base,3738707267,0,1.163840,0.9666
Oncoming,Base,3738707268,1,0.453598,0.9611
Oncoming,Base,3738707269,1,0.544733,0.9501
Oncoming,Base,3738707270,1,0.806938,0.9611
Oncoming,Base,3738707271,0,1.227867,0.5306
Oncoming,Base,3738707272,1,0.280728,0.9611
Oncoming,Base,3738707273,1,0.458634,0.9611
Oncoming,Base,3738707274,0,0.937992,0.9611
Oncoming,Base,3738707275,0,1.000508,0.5690
Oncoming,Base,3738707276,1,0.603685,0.9611
Oncoming,Base,3738707277,0,1.189111,0.9611
Oncoming,Base,3738707278,1,0.383258,0.9611
Oncoming,Base,3738707279,1,0.461120,0.9611
Oncoming,Base,3738707280,1,0.406081,0.9611
Oncoming,Base,3738707281,1,0.473966,0.9611
Oncoming,Base,3738707282,1,0.440124,0.9611
Oncoming,Base,3738707283,1,0.442475,0.9611
Oncoming,Base,3738707284,1,0.738835,0.9611
Oncoming,Base,3738707285,1,0.498384,0.5798
Oncoming,Base,3738707286,0,0.992079,0.9556
Oncoming,Base,3738707287,0,1.220166,0.9611
Oncoming,Base,3738707288,1,0.424556,0.9611
Oncoming,Base,3738707289,1,0.639917,0.5416
Oncoming,Base,3738707290,1,0.239628,0.9611
Oncoming,Base,3738707291,1,0.202117,0.9611
Oncoming,Base,3738707292,0,1.118165,0.9611
Oncoming,Base,3738707293,1,0.613521,0.9611
Oncoming,Base,3738707294,1,0.329481,0.9611
Oncoming,Base,3738707295,0,2.106110,0.5744
Oncoming,Base,3738707296,1,0.334499,0.9556
Oncoming,Base,3738707297,0,1.363990,0.5471
Oncoming,Base,3738707298,1,0.437352,0.9611
Oncoming,Base,3738707299,1,0.421505,0.9611
Oncoming,Base,3738707300,1,0.160493,0.9611
Oncoming,Base,3738707301,1,0.484251,0.9611
Oncoming,Base,3738707302,0,1.690926,0.9556
Oncoming,Base,3738707303,1,0.448758,0.9611
Oncoming,Base,3738707304,1,0.342312,0.9611
Oncoming,Base,3738707305,1,0.484579,0.9501
Oncoming,Base,3738707306,1,0.172588,0.9611
Oncoming,Base,3738707307,1,0.666901,0.9611
Oncoming,Base,3738707308,1,0.429984,0.9611
Oncoming,Base,3738707309,1,0.515256,0.9501
Oncoming,Base,3738707310,1,0.428835,0.9501
Oncoming,Base,3738707311,1,0.211894,0.9611
Oncoming,Base,3738707312,1,0.847982,0.9611
Oncoming,Base,3738707313,1,0.826754,0.9611
Oncoming,Base,3738707314,1,0.505407,0.9611
Oncoming,Base,3738707315,1,0.561678,0.9611
Oncoming,Base,3738707316,1,0.450009,0.9611
Oncoming,Base,3738707317,1,0.354887,0.9611
Oncoming,Base,3738707318,1,0.526196,0.9611
Oncoming,Base,3738707319,1,0.720083,0.9611
Oncoming,Base,3738707320,0,1.026105,0.9611
Oncoming,Base,3738707321,1,0.402278,0.9611
Oncoming,Base,3738707322,0,1.430134,0.5471
Oncoming,Base,3738707323,1,0.383776,0.9611
Oncoming,Base,3738707324,1,0.671168,0.9611
Oncoming,Base,3738707325,1,0.260943,0.9611
Oncoming,Base,3738707326,1,0.574232,0.9611
Oncoming,Base,3738707327,1,0.405664,0.9611
Oncoming,Base,3738707328,1,0.548154,0.9611
Oncoming,Base,3738707329,1,0.347661,0.9611
Oncoming,Base,3738707330,0,2.094891,0.9666
Oncoming,Base,3738707331,1,0.727048,0.9611
Oncoming,Base,3738707332,1,0.521364,0.9611
Oncoming,Base,3738707333,1,0.262797,0.9611
Oncoming,Base,3738707334,1,0.398965,0.9611
Oncoming,Base,3738707335,0,0.972726,0.9666
Oncoming,Base,3738707336,1,0.085722,0.9611
Oncoming,Base,3738707337,0,1.053416,0.9611
Oncoming,Base,3738707338,1,0.416215,0.9611
Oncoming,Base,3738707339,1,0.586201,0.9611
Oncoming,Base,3738707340,1,0.357414,0.9611
Oncoming,Base,3738707341,1,0.642139,0.9611
Oncoming,Base,3738707342,1,0.723873,0.9611
Oncoming,Base,3738707343,1,0.415461,0.9611
Oncoming,Base,3738707344,0,0.963822,0.9611
Oncoming,Base,3738707345,1,0.522271,0.9611
Oncoming,Base,3738707346,1,0.238146,0.9611
Oncoming,Base,3738707347,1,0.797467,0.9556
Oncoming,Base,3738707348,1,0.839664,0.5361
Oncoming,Base,3738707349,1,0.426093,0.9611
Oncoming,Base,3738707350,1,0.209199,0.9611
Oncoming,Base,3738707351,1,0.330301,0.9611
Oncoming,Base,3738707352,1,0.545034,0.9611
Oncoming,Base,3738707353,0,0.967843,0.9611
Oncoming,Base,3738707354,1,0.521214,0.9611
Oncoming,Base,3738707355,1,0.270833,0.9611
Oncoming,Base,3738707356,1,0.048995,0.9611
Oncoming,Base,3738707357,0,0.909020,0.9611
Oncoming,Base,3738707358,1,0.323865,0.9611
Oncoming,Base,3738707359,0,1.710198,0.5471
Oncoming,Base,3738707360,1,0.129137,0.9611
Oncoming,Base,3738707361,1,0.549290,0.9501
Oncoming,Base,3738707362,0,1.749550,0.9666
Oncoming,Base,3738707363,0,1.200979,0.9611
Oncoming,Base,3738707364,1,0.286200,0.9611
Oncoming,Base,3738707365,1,0.198328,0.9611
Oncoming,Base,3738707366,1,0.417340,0.9611
Oncoming,Base,3738707367,1,0.648163,0.9611
Oncoming,Base,3738707368,1,0.604592,0.9611
Oncoming,Base,3738707369,1,0.240020,0.9611
Oncoming,Base,3738707370,1,0.496560,0.9666
Oncoming,Base,3738707371,0,1.318815,0.9666
Oncoming,Base,3738707372,1,0.350297,0.9611
Oncoming,Base,3738707373,1,0.253177,0.9611
Oncoming,Base,3738707374,1,0.392172,0.9611
Oncoming,Base,3738707375,0,1.802324,0.9666
Oncoming,Base,3738707376,0,1.879484,0.9666
Oncoming,Base,3738707377,1,0.105049,0.9611
Oncoming,Base,3738707378,1,0.407087,0.9611
Oncoming,Base,3738707379,1,0.456356,0.9611
Oncoming,Base,3738707380,1,0.649359,0.9611
Oncoming,Base,3738707381,1,0.182729,0.9611
Oncoming,Base,3738707382,1,0.792061,0.9611
Oncoming,Base,3738707383,1,0.671645,0.9611
Oncoming,Base,3738707384,0,1.150693,0.9611
Oncoming,Base,3738707385,1,0.681657,0.9611
Oncoming,Base,3738707386,0,2.143799,0.5744
Oncoming,Base,3738707387,1,0.144593,0.9611
Oncoming,Base,3738707388,0,1.458854,0.5416
Oncoming,Base,3738707389,1,0.375505,0.9611
Oncoming,Base,3738707390,1,0.445149,0.9611
Oncoming,Base,3738707391,1,0.825125,0.9611
Oncoming,Base,3738707392,1,0.580306,0.9611
Oncoming,Base,3738707393,0,0.929844,0.9611
Oncoming,Base,3738707394,1,0.374616,0.9611
Oncoming,Base,3738707395,0,0.938750,0.9611
Oncoming,Base,3738707396,1,0.143745,0.9611
Oncoming,Base,3738707397,1,0.472929,0.9611
Oncoming,Base,3738707398,1,0.210480,0.9611
Oncoming,Base,3738707399,1,0.462628,0.9611
Oncoming,Base,3738707400,0,1.068418,0.9556
Oncoming,Base,3738707401,1,0.490256,0.9611
Oncoming,Base,3738707402,1,0.742044,0.5361
Oncoming,Base,3738707403,1,0.600577,0.9611
Oncoming,Base,3738707404,0,0.983604,0.9611
Oncoming,Base,3738707405,1,0.476165,0.9611
Oncoming,Base,3738707406,1,0.441644,0.9611
Oncoming,Base,3738707407,1,0.132509,0.9556
Oncoming,Base,3738707408,1,0.374763,0.9611
Oncoming,Base,3738707409,1,0.216183,0.9611
Oncoming,Base,3738707410,1,0.350375,0.9611
Oncoming,Base,3738707411,0,1.076808,0.9611
Oncoming,Base,3738707412,1,0.379996,0.9611
Oncoming,Base,3738707413,0,1.923940,0.9666
Oncoming,Base,3738707414,0,1.507904,0.5471
Oncoming,Base,3738707415,1,0.753206,0.9611
Oncoming,Base,3738707416,1,0.578924,0.9501
Oncoming,Base,3738707417,1,0.345100,0.9501
Oncoming,Base,3738707418,0,1.960217,0.9666
Oncoming,Base,3738707419,1,0.181835,0.9611
Oncoming,Base,3738707420,0,0.921677,0.9611
Oncoming,Base,3738707421,0,0.997011,0.9611
Oncoming,Base,3738707422,1,0.708574,0.9611
Oncoming,Base,3738707423,1,0.377425,0.9611
Oncoming,Base,3738707424,1,0.700801,0.9611
Oncoming,Base,3738707425,1,0.749674,0.9556
Oncoming,Base,3738707426,1,0.260544,0.9611
Oncoming,Base,3738707427,0,1.384262,0.5471
Oncoming,Base,3738707428,1,0.819523,0.9611
Oncoming,Base,3738707429,1,0.595761,0.9611
Oncoming,Base,3738707430,0,1.277150,0.5416
Oncoming,Base,3738707431,0,1.785269,0.5416
Oncoming,Base,3738707432,1,0.276549,0.9611
Oncoming,Base,3738707433,1,0.486713,0.9611
Oncoming,Base,3738707434,1,0.570275,0.9611
Oncoming,Base,3738707435,1,0.447434,0.9611
Oncoming,Base,3738707436,1,0.558454,0.9611
Oncoming,Base,3738707437,0,0.931211,0.9611
Oncoming,Base,3738707438,1,0.680888,0.5471
Oncoming,Base,3738707439,0,1.740036,0.5306
Oncoming,Base,3738707440,1,0.559484,0.9611
Oncoming,Base,3738707441,0,1.115489,0.9556
Oncoming,Base,3738707442,1,0.449662,0.9611
Oncoming,Base,3738707443,1,0.670232,0.9611
Oncoming,Base,3738707444,1,0.340582,0.9556
Oncoming,Base,3738707445,0,0.895341,0.9611
Oncoming,Base,3738707446,1,0.323413,0.9556
Oncoming,Base,3738707447,1,0.504728,0.9611
Oncoming,Base,3738707448,0,2.099697,0.9501
Oncoming,Base,3738707449,1,0.221743,0.9611
Oncoming,Base,3738707450,1,0.434766,0.9611
Oncoming,Base,3738707451,1,0.301413,0.9611
Oncoming,Base,3738707452,1,0.532323,0.9611
Oncoming,Base,3738707453,1,0.261013,0.9611
Oncoming,Base,3738707454,1,0.396863,0.9611
Oncoming,Base,3738707455,0,0.927395,0.9611
Oncoming,Base,3738707456,1,0.434973,0.9611
Oncoming,Base,3738707457,1,0.446918,0.9611
Oncoming,Base,3738707458,0,1.432160,0.5416
Oncoming,Base,3738707459,1,0.287676,0.9611
Oncoming,Base,3738707460,1,0.325546,0.9611
Oncoming,Base,3738707461,1,0.674232,0.9611
Oncoming,Base,3738707462,1,0.777330,0.9611
Oncoming,Base,3738707463,1,0.380452,0.9611
Oncoming,Base,3738707464,0,1.827434,0.9666
Oncoming,Base,3738707465,1,0.528638,0.9611
Oncoming,Base,3738707466,1,0.747589,0.9611
Oncoming,Base,3738707467,1,0.790531,0.9611
Oncoming,Base,3738707468,1,0.696167,0.9611
Oncoming,Base,3738707469,1,0.335861,0.9611
Oncoming,Base,3738707470,1,0.289540,0.9611
Oncoming,Base,3738707471,1,0.689678,0.9611
Oncoming,Base,3738707472,1,0.253802,0.9611
Oncoming,Base,3738707473,1,0.662795,0.9611
Oncoming,Base,3738707474,0,2.110209,0.9501
Oncoming,Base,3738707475,1,0.591140,0.9611
Oncoming,Base,3738707476,0,1.963477,0.9666
Oncoming,Base,3738707477,1,0.173568,0.9611
Oncoming,Base,3738707478,1,0.585446,0.9611
Oncoming,Base,3738707479,0,1.094998,0.9611
Oncoming,Base,3738707480,1,0.374975,0.9556
Oncoming,Base,3738707481,1,0.719046,0.9611
Oncoming,Base,3738707482,1,0.672931,0.9611
Oncoming,Base,3738707483,1,0.340175,0.9611
Oncoming,Base,3738707484,1,0.512814,0.9611
Oncoming,Base,3738707485,1,0.646940,0.9611
Oncoming,Base,3738707486,0,0.868601,0.9556
Oncoming,Base,3738707487,0,1.135046,0.9501
Oncoming,Base,3738707488,1,0.368162,0.9611
Oncoming,Base,3738707489,0,0.976411,0.9611
Oncoming,Base,3738707490,1,0.642341,0.9611
Oncoming,Base,3738707491,1,0.262232,0.9611
Oncoming,Base,3738707492,1,0.375462,0.9611
Oncoming,Base,3738707493,0,2.154423,0.9666
Oncoming,Base,3738707494,1,0.282595,0.9611
Oncoming,Base,3738707495,0,0.864924,0.9611
Oncoming,Base,3738707496,0,1.150180,0.5471
Oncoming,Base,3738707497,1,0.754595,0.9611
Oncoming,Base,3738707498,0,0.878780,0.9611
Oncoming,Base,3738707499,1,0.539535,0.9611
Oncoming,Base,3738707500,1,0.425243,0.9611
Oncoming,Base,3738707501,1,0.737896,0.9611
Oncoming,Base,3738707502,1,0.695145,0.9556
Oncoming,Base,3738707503,0,0.891697,0.5471
Oncoming,Base,3738707504,1,0.660943,0.9611
Oncoming,Base,3738707505,1,0.347408,0.9556
Oncoming,Base,3738707506,1,0.280620,0.9611
Oncoming,Base,3738707507,0,1.323918,0.5361
Oncoming,Base,3738707508,1,0.620322,0.9611
Oncoming,Base,3738707509,0,1.570572,0.5416
Oncoming,Base,3738707510,1,0.226496,0.9611
Oncoming,Base,3738707511,0,1.474311,0.9611
Oncoming,Base,3738707512,0,1.184958,0.5690
Oncoming,Base,3738707513,0,1.836650,0.9666
Oncoming,Base,3738707514,1,0.210090,0.9611
Oncoming,Base,3738707515,1,0.610482,0.9611
Oncoming,Base,3738707516,1,0.521398,0.9611
Oncoming,Base,3738707517,1,0.267484,0.9611
Oncoming,Base,3738707518,1,0.411735,0.9501
Oncoming,Base,3738707519,1,0.325703,0.9611
Oncoming,Base,3738707520,0,1.745822,0.9666
Oncoming,Base,3738707521,0,0.875835,0.9611
Oncoming,Base,3738707522,1,0.463013,0.9611
Oncoming,Base,3738707523,0,0.978642,0.9611
Oncoming,Base,3738707524,1,0.385709,0.9611
Oncoming,Base,3738707525,0,1.580765,0.9501
Oncoming,Base,3738707526,0,2.013504,0.5798
Oncoming,Base,3738707527,1,0.262051,0.9611
Oncoming,Base,3738707528,0,1.616653,0.9666
Oncoming,Base,3738707529,1,0.357682,0.5690
Oncoming,Base,3738707530,0,0.914622,0.9611
Oncoming,Base,3738707531,1,0.449658,0.9611
Oncoming,Base,3738707532,1,0.594192,0.9611
Oncoming,Base,3738707533,0,1.009793,0.9611
Oncoming,Base,3738707534,0,0.939996,0.9611
Oncoming,Base,3738707535,0,1.724473,0.9666
Oncoming,Base,3738707536,1,0.521482,0.9611
Oncoming,Base,3738707537,0,2.036251,0.9556
Oncoming,Base,3738707538,1,0.834757,0.9611
Oncoming,Base,3738707539,1,0.549503,0.9501
Oncoming,Base,3738707540,1,0.267806,0.9611
Oncoming,Base,3738707541,1,0.615396,0.9611
Oncoming,Base,3738707542,1,0.431345,0.9611
Oncoming,Base,3738707543,1,0.741409,0.9611
Oncoming,Base,3738707544,0,1.424587,0.9611
Oncoming,Base,3738707545,0,2.068254,0.9501
Oncoming,Base,3738707546,1,0.286655,0.9611
Oncoming,Base,3738707547,1,0.558495,0.9611
Oncoming,Base,3738707548,0,1.007232,0.9611
Oncoming,Base,3738707549,1,0.614634,0.9611
Oncoming,Base,3738707550,1,0.113057,0.9611
Oncoming,Base,3738707551,1,0.572355,0.9611
Oncoming,Base,3738707552,1,0.289443,0.9611
Oncoming,Base,3738707553,1,0.506862,0.9611
Oncoming,Base,3738707554,1,0.789095,0.9611
Oncoming,Base,3738707555,0,1.021484,0.9611
Oncoming,Base,3738707556,1,0.776195,0.9611
Oncoming,Base,3738707557,1,0.471039,0.9611
Oncoming,Base,3738707558,1,0.455819,0.9611
Oncoming,Base,3738707559,1,0.256110,0.9611
Oncoming,Base,3738707560,0,0.976624,0.9611
Oncoming,Base,3738707561,1,0.613540,0.9611
Oncoming,Base,3738707562,1,0.208675,0.9611
Oncoming,Base,3738707563,0,2.103083,0.9666
Oncoming,Base,3738707564,1,0.800688,0.9611
Oncoming,Base,3738707565,1,0.568840,0.9611
Oncoming,Base,3738707566,1,0.152024,0.9611
Oncoming,Base,3738707567,1,0.581243,0.9556
Oncoming,Base,3738707568,1,0.569919,0.9611
Oncoming,Base,3738707569,0,0.898313,0.9611
Oncoming,Base,3738707570,1,0.304352,0.9611
Oncoming,Base,3738707571,1,0.355304,0.9611
Oncoming,Base,3738707572,1,0.191357,0.9556
Oncoming,Base,3738707573,1,0.065194,0.9611
Oncoming,Base,3738707574,0,1.252802,0.9501
Oncoming,Base,3738707575,1,0.432991,0.9611
Oncoming,Base,3738707576,1,0.297590,0.9611
Oncoming,Base,3738707577,1,0.387638,0.9611
Oncoming,Base,3738707578,0,1.589340,0.9666
Oncoming,Base,3738707579,1,0.292585,0.9611
Oncoming,Base,3738707580,1,0.631951,0.9611
Oncoming,Base,3738707581,0,1.114216,0.9556
Oncoming,Base,3738707582,0,0.855451,0.9611
Oncoming,Base,3738707583,1,0.403886,0.9611
Oncoming,Base,3738707584,0,1.434529,0.9666
Oncoming,Base,3738707585,0,1.723682,0.9611
Oncoming,Base,3738707586,0,1.937807,0.9501
Oncoming,Base,3738707587,1,0.631173,0.9611
Oncoming,Base,3738707588,0,1.022061,0.9666
Oncoming,Base,3738707589,1,0.387957,0.9556
Oncoming,Base,3738707590,1,0.543396,0.9611
Oncoming,Base,3738707591,1,0.192583,0.9611
Oncoming,Base,3738707592,1,0.682726,0.9611
Oncoming,Base,3738707593,1,0.495726,0.9611
Oncoming,Base,3738707594,1,0.163654,0.9611
Oncoming,Base,3738707595,1,0.498093,0.9611
Oncoming,Base,3738707596,1,0.350421,0.9611
Oncoming,Base,3738707597,1,0.571029,0.9611
Oncoming,Base,3738707598,1,0.448965,0.9611
Oncoming,Base,3738707599,0,1.045642,0.9611
Oncoming,Base,3738707600,1,0.818098,0.9611
Oncoming,Base,3738707601,0,0.892380,0.9611
Oncoming,Base,3738707602,1,0.362651,0.9611
Oncoming,Base,3738707603,1,0.664004,0.9611
Oncoming,Base,3738707604,1,0.479587,0.9611
Oncoming,Base,3738707605,1,0.694220,0.9611
Oncoming,Base,3738707606,1,0.142671,0.9611
Oncoming,Base,3738707607,1,0.686677,0.9611
Oncoming,Base,3738707608,0,1.901331,0.9666
Oncoming,Base,3738707609,1,0.358485,0.9611
Oncoming,Base,3738707610,1,0.396806,0.9611
Oncoming,Base,3738707611,1,0.115951,0.9611
Oncoming,Base,3738707612,1,0.355358,0.9556
Oncoming,Base,3738707613,1,0.173765,0.9611
Oncoming,Base,3738707614,1,0.236021,0.9611
Oncoming,Base,3738707615,1,0.733126,0.9611
Oncoming,Base,3738707616,1,0.503369,0.9501
Oncoming,Base,3738707617,1,0.815294,0.9611
Oncoming,Base,3738707618,0,1.028520,0.9611
Oncoming,Base,3738707619,1,0.186287,0.9611
Oncoming,Base,3738707620,1,0.256414,0.9611
Oncoming,Base,3738707621,1,0.335781,0.9611
Oncoming,Base,3738707622,1,0.299477,0.9611
Oncoming,Base,3738707623,1,0.187416,0.9611
Oncoming,Base,3738707624,1,0.594065,0.9611
Oncoming,Base,3738707625,0,1.774342,0.5416
Oncoming,Base,3738707626,1,0.243077,0.9611
Oncoming,Base,3738707627,0,1.044017,0.9501
Oncoming,Base,3738707628,1,0.138208,0.9611
Oncoming,Base,3738707629,0,0.862078,0.9666
Oncoming,Base,3738707630,1,0.466535,0.9611
Oncoming,Base,3738707631,1,0.282559,0.9611
Oncoming,Base,3738707632,1,0.255542,0.9611
Oncoming,Base,3738707633,1,0.597510,0.9611
Oncoming,Base,3738707634,1,0.365648,0.9611
Oncoming,Base,3738707635,1,0.407625,0.9611
Oncoming,Base,3738707636,1,0.645996,0.9611
Oncoming,Base,3738707637,1,0.427618,0.9611
Oncoming,Base,3738707638,0,0.876126,0.9611
Oncoming,Base,3738707639,1,0.269365,0.9611
Oncoming,Base,3738707640,1,0.227896,0.9611
Oncoming,Base,3738707641,1,0.707492,0.9611
Oncoming,Base,3738707642,0,1.112586,0.5471
Oncoming,Base,3738707643,1,0.410494,0.9611
Oncoming,Base,3738707644,1,0.343650,0.9611
Oncoming,Base,3738707645,1,0.690936,0.9611
Oncoming,Base,3738707646,0,0.909536,0.9611
Oncoming,Base,3738707647,1,0.384722,0.9611
Oncoming,Base,3738707648,1,0.675156,0.9611
Oncoming,Base,3738707649,1,0.214051,0.9611
Oncoming,Base,3738707650,1,0.618656,0.9611
Oncoming,Base,3738707651,1,0.515266,0.9611
Oncoming,Base,3738707652,1,0.680092,0.9556
Oncoming,Base,3738707653,1,0.423065,0.5471
Oncoming,Base,3738707654,1,0.614846,0.9611
Oncoming,Base,3738707655,1,0.408636,0.9611
Oncoming,Base,3738707656,0,0.929310,0.9611
Oncoming,Base,3738707657,1,0.732499,0.9611
Oncoming,Base,3738707658,0,0.988352,0.9611
Oncoming,Base,3738707659,1,0.154357,0.9611
Oncoming,Base,3738707660,1,0.374008,0.9611
Oncoming,Base,3738707661,1,0.603574,0.9611
Oncoming,Base,3738707662,0,0.915030,0.9611
Oncoming,Base,3738707663,1,0.373445,0.9611
Oncoming,Base,3738707664,1,0.441880,0.9611
Oncoming,Base,3738707665,1,0.251959,0.9611
Oncoming,Base,3738707666,1,0.377395,0.9611
Oncoming,Base,3738707667,0,1.049535,0.9611
Oncoming,Base,3738707668,1,0.142901,0.9611
Oncoming,Base,3738707669,1,0.354176,0.9611
Oncoming,Base,3738707670,1,0.251195,0.9611
Oncoming,Base,3738707671,1,0.548586,0.9611
Oncoming,Base,3738707672,1,0.362224,0.9611
Oncoming,Base,3738707673,1,0.353816,0.9611
Oncoming,Base,3738707674,0,1.745157,0.9666
Oncoming,Base,3738707675,1,0.499497,0.9611
Oncoming,Base,3738707676,0,1.788245,0.9611
Oncoming,Base,3738707677,1,0.692567,0.9611
Oncoming,Base,3738707678,1,0.596243,0.9611
Oncoming,Base,3738707679,0,1.905009,0.5471
Oncoming,Base,3738707680,1,0.494270,0.9611
Oncoming,Base,3738707681,1,0.368011,0.9611
Oncoming,Base,3738707682,0,1.188969,0.9611
Oncoming,Base,3738707683,1,0.544108,0.9611
Oncoming,Base,3738707684,1,0.636529,0.9611
Oncoming,Base,3738707685,1,0.400020,0.9611
Oncoming,Base,3738707686,0,1.458793,0.5471
Oncoming,Base,3738707687,1,0.423381,0.9556
Oncoming,Base,3738707688,1,0.695903,0.9611
Oncoming,Base,3738707689,1,0.406258,0.9611
Oncoming,Base,3738707690,1,0.563226,0.9556
Oncoming,Base,3738707691,1,0.557589,0.9611
Oncoming,Base,3738707692,1,0.341288,0.9611
Oncoming,Base,3738707693,1,0.787186,0.9556
Oncoming,Base,3738707694,1,0.350710,0.9611
Oncoming,Base,3738707695,1,0.499983,0.9611
Oncoming,Base,3738707696,1,0.120390,0.9611
Oncoming,Base,3738707697,1,0.329842,0.9611
Oncoming,Base,3738707698,1,0.704740,0.9611
Oncoming,Base,3738707699,1,0.101212,0.9611
Oncoming,Base,3738707700,1,0.426014,0.9611
Oncoming,Base,3738707701,1,0.621625,0.9611
Oncoming,Base,3738707702,0,1.433111,0.9501
Oncoming,Base,3738707703,1,0.272665,0.9611
Oncoming,Base,3738707704,0,1.068450,0.9611
Oncoming,Base,3738707705,1,0.073671,0.9611
Oncoming,Base,3738707706,1,0.361429,0.9611
Oncoming,Base,3738707707,1,0.577021,0.9611
Oncoming,Base,3738707708,1,0.319211,0.9611
Oncoming,Base,3738707709,0,1.625494,0.5471
Oncoming,Base,3738707710,1,0.622023,0.9611
Oncoming,Base,3738707711,0,2.078959,0.9611
Oncoming,Base,3738707712,1,0.559485,0.9611
Oncoming,Base,3738707713,0,0.883695,0.9611
Oncoming,Base,3738707714,1,0.542387,0.9501
Oncoming,Base,3738707715,1,0.401412,0.9611
Oncoming,Base,3738707716,0,1.250507,0.9611
Oncoming,Base,3738707717,0,1.362458,0.9611
Oncoming,Base,3738707718,1,0.376401,0.9611
Oncoming,Base,3738707719,1,0.412725,0.9611
Oncoming,Base,3738707720,0,1.109158,0.5471
Oncoming,Base,3738707721,1,0.307892,0.9556
Oncoming,Base,3738707722,0,1.398868,0.9501
Oncoming,Base,3738707723,1,0.474828,0.9611
Oncoming,Base,3738707724,0,1.764869,0.9556
Oncoming,Base,3738707725,0,1.460033,0.5306
Oncoming,Base,3738707726,1,0.181065,0.9611
Oncoming,Base,3738707727,1,0.494771,0.9611
Oncoming,Base,3738707728,1,0.588500,0.9611
Oncoming,Base,3738707729,1,0.382932,0.9611
Oncoming,Base,3738707730,1,0.246314,0.9611
Oncoming,Base,3738707731,0,1.378501,0.9556
Oncoming,Base,3738707732,1,0.542779,0.9611
Oncoming,Base,3738707733,1,0.519831,0.9611
Oncoming,Base,3738707734,1,0.731159,0.9611
Oncoming,Base,3738707735,1,0.727572,0.9611
Oncoming,Base,3738707736,1,0.843276,0.9611
Oncoming,Base,3738707737,1,0.473604,0.9611
Oncoming,Base,3738707738,1,0.471250,0.9611
Oncoming,Base,3738707739,0,1.428997,0.9556
Oncoming,Base,3738707740,1,0.083260,0.9611
Oncoming,Base,3738707741,0,2.251184,0.5690
Oncoming,Base,3738707742,1,0.678671,0.9611
Oncoming,Base,3738707743,0,1.073535,0.9611
Oncoming,Base,3738707744,1,0.470791,0.9611
Oncoming,Base,3738707745,1,0.747968,0.9611
Oncoming,Base,3738707746,1,0.448187,0.9611
Oncoming,Base,3738707747,1,0.391398,0.9501
Oncoming,Base,3738707748,1,0.287390,0.9611
Oncoming,Base,3738707749,1,0.799390,0.9611
Oncoming,Base,3738707750,1,0.685255,0.9556
Oncoming,Base,3738707751,0,1.669096,0.5526
Oncoming,Base,3738707752,0,1.427989,0.9611
Oncoming,Base,3738707753,1,0.706552,0.9611
Oncoming,Base,3738707754,1,0.203716,0.9611
Oncoming,Base,3738707755,1,0.657973,0.9611
Oncoming,Base,3738707756,1,0.777188,0.9611
Oncoming,Base,3738707757,1,0.354806,0.9611
Oncoming,Base,3738707758,1,0.373962,0.9611
Oncoming,Base,3738707759,1,0.435785,0.9611
Oncoming,Base,3738707760,0,1.628542,0.9611
Oncoming,Base,3738707761,1,0.841318,0.9611
Oncoming,Base,3738707762,0,1.168522,0.5306
Oncoming,Base,3738707763,1,0.596298,0.9611
Oncoming,Base,3738707764,0,0.938140,0.5471
Oncoming,Base,3738707765,1,0.551799,0.9611
Oncoming,Base,3738707766,0,1.235517,0.9611
Oncoming,Base,3738707767,1,0.374110,0.9611
Oncoming,Base,3738707768,0,1.569842,0.9501
Oncoming,Base,3738707769,1,0.507954,0.9611
Oncoming,Base,3738707770,0,1.303711,0.9556
Oncoming,Base,3738707771,0,1.192530,0.9611
Oncoming,Base,3738707772,1,0.234709,0.9611
Oncoming,Base,3738707773,1,0.593196,0.9611
Oncoming,Base,3738707774,0,1.974490,0.9556
Oncoming,Base,3738707775,1,0.414969,0.9611
Oncoming,Base,3738707776,0,1.110258,0.9556
Oncoming,Base,3738707777,1,0.733102,0.9611
Oncoming,Base,3738707778,1,0.352316,0.9611
Oncoming,Base,3738707779,1,0.439982,0.9611
Oncoming,Base,3738707780,1,0.614927,0.9611
Oncoming,Base,3738707781,1,0.598290,0.9611
Oncoming,Base,3738707782,1,0.455532,0.5471
Oncoming,Base,3738707783,1,0.460833,0.9611
Oncoming,Base,3738707784,1,0.332991,0.9611
Oncoming,Base,3738707785,1,0.366449,0.9611
Oncoming,Base,3738707786,1,0.561189,0.9611
Oncoming,Base,3738707787,1,0.399028,0.9611
Oncoming,Base,3738707788,1,0.181598,0.9611
Oncoming,Base,3738707789,1,0.566060,0.9611
Oncoming,Base,3738707790,0,1.135753,0.5416
Oncoming,Base,3738707791,1,0.765841,0.9611
Oncoming,Base,3738707792,0,1.039494,0.9611
Oncoming,Base,3738707793,1,0.681992,0.9611
Oncoming,Base,3738707794,1,0.491247,0.5416
Oncoming,Base,3738707795,1,0.493198,0.9611
Oncoming,Base,3738707796,0,1.866022,0.9501
Oncoming,Base,3738707797,1,0.527584,0.9611
Oncoming,Base,3738707798,1,0.495679,0.9611
Oncoming,Base,3738707799,1,0.306311,0.9611
Oncoming,Base,3738707800,1,0.383280,0.9611
Oncoming,Base,3738707801,0,1.938193,0.9611
Oncoming,Base,3738707802,1,0.597944,0.9611
Oncoming,Base,3738707803,1,0.551902,0.9611
Oncoming,Base,3738707804,1,0.162378,0.9611
Oncoming,Base,3738707805,1,0.614260,0.9611
Oncoming,Base,3738707806,0,0.881123,0.9611
Oncoming,Base,3738707807,1,0.468261,0.9611
Oncoming,Base,3738707808,0,1.982512,0.9666
Oncoming,Base,3738707809,1,0.446791,0.9611
Oncoming,Base,3738707810,1,0.342539,0.9611
Oncoming,Base,3738707811,1,0.576504,0.9611
Oncoming,Base,3738707812,1,0.762271,0.9611
Oncoming,Base,3738707813,1,0.198423,0.9611
Oncoming,Base,3738707814,0,1.266082,0.9611
Oncoming,Base,3738707815,1,0.297435,0.9611
Oncoming,Base,3738707816,1,0.547339,0.9556
Oncoming,Base,3738707817,0,1.814256,0.9666
Oncoming,Base,3738707818,1,0.446256,0.9611
Oncoming,Base,3738707819,0,1.923694,0.5416
Oncoming,Base,3738707820,1,0.412001,0.9611
Oncoming,Base,3738707821,0,1.749291,0.9666
Oncoming,Base,3738707822,0,0.931250,0.9611
Oncoming,Base,3738707823,1,0.660080,0.9611
Oncoming,Base,3738707824,0,1.358579,0.9556
Oncoming,Base,3738707825,0,0.909621,0.9611
Oncoming,Base,3738707826,0,1.306922,0.9666
Oncoming,Base,3738707827,1,0.533928,0.9611
Oncoming,Base,3738707828,1,0.595858,0.9611
Oncoming,Base,3738707829,1,0.398520,0.9611
Oncoming,Base,3738707830,1,0.472857,0.9611
Oncoming,Base,3738707831,1,0.372019,0.9556
Oncoming,Base,3738707832,1,0.803522,0.9611
Oncoming,Base,3738707833,1,0.822259,0.5416
Oncoming,Base,3738707834,1,0.586766,0.9611
Oncoming,Base,3738707835,1,0.498235,0.9611
Oncoming,Base,3738707836,0,2.023253,0.9666
Oncoming,Base,3738707837,0,0.867678,0.9611
Oncoming,Base,3738707838,0,0.942570,0.9611
Oncoming,Base,3738707839,0,1.514793,0.9666
Oncoming,Base,3738707840,1,0.283350,0.9611
Oncoming,Base,3738707841,1,0.287968,0.9611
Oncoming,Base,3738707842,1,0.474734,0.9611
Oncoming,Base,3738707843,0,1.628880,0.9611
Oncoming,Base,3738707844,1,0.431005,0.9611
Oncoming,Base,3738707845,1,0.154902,0.9556
Oncoming,Base,3738707846,1,0.369261,0.9611
Oncoming,Base,3738707847,1,0.393380,0.9611
Oncoming,Base,3738707848,0,1.051650,0.9611
Oncoming,Base,3738707849,0,0.889391,0.9611
Oncoming,Base,3738707850,0,1.562295,0.5416
Oncoming,Base,3738707851,1,0.377013,0.9611
Oncoming,Base,3738707852,0,1.468885,0.5471
Oncoming,Base,3738707853,1,0.561540,0.9611
Oncoming,Base,3738707854,1,0.301011,0.9611
Oncoming,Base,3738707855,1,0.402653,0.9611
Oncoming,Base,3738707856,1,0.440235,0.9611
Oncoming,Base,3738707857,1,0.294705,0.9611
Oncoming,Base,3738707858,1,0.307230,0.9611
Oncoming,Base,3738707859,1,0.656553,0.9611
Oncoming,Base,3738707860,0,0.912999,0.9556
Oncoming,Base,3738707861,0,0.886557,0.9611
Oncoming,Base,3738707862,1,0.376452,0.9611
Oncoming,Base,3738707863,0,0.856656,0.9611
Oncoming,Base,3738707864,0,1.398893,0.9501
Oncoming,Base,3738707865,1,0.452781,0.9611
Oncoming,Base,3738707866,1,0.044522,0.9611
Oncoming,Base,3738707867,1,0.200599,0.9611
Oncoming,Base,3738707868,0,0.912245,0.9556
Oncoming,Base,3738707869,1,0.761906,0.9611
Oncoming,Base,3738707870,1,0.317480,0.9611
Oncoming,Base,3738707871,1,0.780739,0.9611
Oncoming,Base,3738707872,0,1.809526,0.5471
Oncoming,Base,3738707873,1,0.700536,0.9556
Oncoming,Base,3738707874,1,0.558452,0.9611
Oncoming,Base,3738707875,1,0.678229,0.9611
Oncoming,Base,3738707876,1,0.343423,0.9611
Oncoming,Base,3738707877,1,0.417809,0.9611
Oncoming,Base,3738707878,1,0.537331,0.9611
Oncoming,Base,3738707879,0,1.341833,0.9611
Oncoming,Base,3738707880,1,0.340149,0.9611
Oncoming,Base,3738707881,1,0.340065,0.9611
Oncoming,Base,3738707882,1,0.413168,0.9611
Oncoming,Base,3738707883,0,2.127102,0.5744
Oncoming,Base,3738707884,1,0.190101,0.9611
Oncoming,Base,3738707885,1,0.170428,0.9611
Oncoming,Base,3738707886,1,0.685659,0.9611
Oncoming,Base,3738707887,1,0.204166,0.9611
Oncoming,Base,3738707888,0,1.842144,0.9666
Oncoming,Base,3738707889,1,0.648087,0.9556
Oncoming,Base,3738707890,0,0.938856,0.9611
Oncoming,Base,3738707891,1,0.383655,0.9611
Oncoming,Base,3738707892,0,1.293537,0.5471
Oncoming,Base,3738707893,1,0.468146,0.9611
Oncoming,Base,3738707894,1,0.521009,0.9611
Oncoming,Base,3738707895,1,0.593840,0.9611
Oncoming,Base,3738707896,1,0.441695,0.9611
Oncoming,Base,3738707897,1,0.356092,0.9501
Oncoming,Base,3738707898,0,1.271065,0.9666
Oncoming,Base,3738707899,0,0.867870,0.9611
Oncoming,Base,3738707900,0,1.009418,0.9611
Oncoming,Base,3738707901,1,0.502612,0.9611
Oncoming,Base,3738707902,0,1.074229,0.9666
Oncoming,Base,3738707903,1,0.390824,0.9611
Oncoming,Base,3738707904,1,0.267703,0.9611
Oncoming,Base,3738707905,1,0.482624,0.9611
Oncoming,Base,3738707906,1,0.197759,0.9611
Oncoming,Base,3738707907,0,1.164223,0.5416
Oncoming,Base,3738707908,1,0.326117,0.9611
Oncoming,Base,3738707909,1,0.662098,0.9556
Oncoming,Base,3738707910,1,0.526091,0.9611
Oncoming,Base,3738707911,0,0.919304,0.9611
Oncoming,Base,3738707912,1,0.516461,0.9611
Oncoming,Base,3738707913,0,0.870844,0.9611
Oncoming,Base,3738707914,0,0.925599,0.9611
Oncoming,Base,3738707915,1,0.340049,0.9611
Oncoming,Base,3738707916,1,0.515731,0.9611
Oncoming,Base,3738707917,1,0.541799,0.9611
Oncoming,Base,3738707918,1,0.449991,0.9611
Oncoming,Base,3738707919,1,0.419309,0.9611
Oncoming,Base,3738707920,1,0.356086,0.9611
Oncoming,Base,3738707921,0,1.015378,0.5471
Oncoming,Base,3738707922,1,0.485142,0.9611
Oncoming,Base,3738707923,1,0.829887,0.5306
Oncoming,Base,3738707924,0,1.857812,0.9666
Oncoming,Base,3738707925,0,2.168709,0.9611
Oncoming,Base,3738707926,1,0.251073,0.9611
Oncoming,Base,3738707927,0,0.870010,0.9611
Oncoming,Base,3738707928,0,1.298921,0.9611
Oncoming,Base,3738707929,1,0.487938,0.9556
Oncoming,Base,3738707930,1,0.186518,0.9611
Oncoming,Base,3738707931,0,1.098537,0.5416
Oncoming,Base,3738707932,1,0.216918,0.9611
Oncoming,Base,3738707933,1,0.431212,0.9611
Oncoming,Base,3738707934,1,0.319739,0.9611
Oncoming,Base,3738707935,1,0.531414,0.5361
Oncoming,Base,3738707936,1,0.835109,0.9611
Oncoming,Base,3738707937,1,0.544961,0.9611
Oncoming,Base,3738707938,0,0.977485,0.9556
Oncoming,Base,3738707939,1,0.646887,0.9611
Oncoming,Base,3738707940,1,0.056193,0.9556
Oncoming,Base,3738707941,1,0.424881,0.9611
Oncoming,Base,3738707942,1,0.793292,0.9611
Oncoming,Base,3738707943,1,0.647454,0.9611
Oncoming,Base,3738707944,1,0.725710,0.9611
Oncoming,Base,3738707945,0,0.857468,0.9501
Oncoming,Base,3738707946,1,0.448447,0.9611
Oncoming,Base,3738707947,1,0.400949,0.9611
Oncoming,Base,3738707948,0,1.392300,0.9501
Oncoming,Base,3738707949,1,0.487478,0.9611
Oncoming,Base,3738707950,0,1.541438,0.5471
Oncoming,Base,3738707951,0,1.144523,0.9611
Oncoming,Base,3738707952,1,0.512165,0.9556
Oncoming,Base,3738707953,1,0.367552,0.9611
Oncoming,Base,3738707954,0,1.225135,0.5361
Oncoming,Base,3738707955,1,0.371758,0.9611
Oncoming,Base,3738707956,1,0.389462,0.9611
Oncoming,Base,3738707957,0,1.600286,0.9666
Oncoming,Base,3738707958,1,0.369648,0.9611
Oncoming,Base,3738707959,1,0.450404,0.9611
Oncoming,Base,3738707960,1,0.447133,0.9611
Oncoming,Base,3738707961,0,1.534087,0.9501
Oncoming,Base,3738707962,0,2.208543,0.5416
Oncoming,Base,3738707963,1,0.184842,0.9611
Oncoming,Base,3738707964,1,0.286619,0.9611
Oncoming,Base,3738707965,1,0.418310,0.9611
Oncoming,Base,3738707966,1,0.139153,0.9611
Oncoming,Base,3738707967,1,0.783657,0.9611
Oncoming,Base,3738707968,1,0.668129,0.9611
Oncoming,Base,3738707969,1,0.569527,0.9611
Oncoming,Base,3738707970,1,0.117071,0.9611
Oncoming,Base,3738707971,1,0.595932,0.9611
Oncoming,Base,3738707972,1,0.179109,0.9611
Oncoming,Base,3738707973,0,1.523024,0.9666
Oncoming,Base,3738707974,1,0.483028,0.9611
Oncoming,Base,3738707975,1,0.414864,0.9611
Oncoming,Base,3738707976,1,0.779086,0.9611
Oncoming,Base,3738707977,0,1.671230,0.5798
Oncoming,Base,3738707978,1,0.117412,0.9611
Oncoming,Base,3738707979,1,0.704967,0.9611
Oncoming,Base,3738707980,1,0.413132,0.9611
Oncoming,Base,3738707981,1,0.330975,0.9611
Oncoming,Base,3738707982,1,0.295298,0.9611
Oncoming,Base,3738707983,1,0.434972,0.9611
Oncoming,Base,3738707984,1,0.317848,0.9611
Oncoming,Base,3738707985,1,0.408939,0.9611
Oncoming,Base,3738707986,1,0.532023,0.9611
Oncoming,Base,3738707987,0,0.885909,0.9611
Oncoming,Base,3738707988,1,0.660717,0.9611
Oncoming,Base,3738707989,1,0.179202,0.9611
Oncoming,Base,3738707990,1,0.271662,0.9611
Oncoming,Base,3738707991,1,0.439544,0.9611
Oncoming,Base,3738707992,1,0.262297,0.9611
Oncoming,Base,3738707993,1,0.687047,0.9611
Oncoming,Base,3738707994,1,0.378627,0.9611
Oncoming,Base,3738707995,1,0.827030,0.9611
Oncoming,Base,3738707996,1,0.557788,0.9611
Oncoming,Base,3738707997,0,1.764795,0.9611
Oncoming,Base,3738707998,1,0.476971,0.9611
Oncoming,Base,3738707999,1,0.380078,0.9611
Oncoming,Base,3738708000,1,0.635666,0.9611
Oncoming,Base,3738708001,0,1.731482,0.5416
Oncoming,Base,3738708002,1,0.340551,0.9611
Oncoming,Base,3738708003,1,0.442602,0.9611
Oncoming,Base,3738708004,1,0.837213,0.9611
Oncoming,Base,3738708005,1,0.759538,0.9501
Oncoming,Base,3738708006,1,0.328807,0.9611
Oncoming,Base,3738708007,1,0.675538,0.5744
Oncoming,Base,3738708008,0,1.041422,0.9501
Oncoming,Base,3738708009,1,0.449013,0.9611
Oncoming,Base,3738708010,1,0.322430,0.9611
Oncoming,Base,3738708011,1,0.488262,0.9611
Oncoming,Base,3738708012,1,0.411424,0.9501
Oncoming,Base,3738708013,1,0.340632,0.9611
Oncoming,Base,3738708014,1,0.487142,0.9611
Oncoming,Base,3738708015,1,0.351931,0.9611
Oncoming,Base,3738708016,1,0.724440,0.9611
Oncoming,Base,3738708017,1,0.261846,0.9611
Oncoming,Base,3738708018,1,0.397536,0.9611
Oncoming,Base,3738708019,0,1.261980,0.9611
Oncoming,Base,3738708020,1,0.575095,0.9611
Oncoming,Base,3738708021,1,0.227396,0.9611
Oncoming,Base,3738708022,1,0.534424,0.9611
Oncoming,Base,3738708023,1,0.228256,0.9611
Oncoming,Base,3738708024,1,0.635721,0.9611
Oncoming,Base,3738708025,1,0.723669,0.9611
Oncoming,Base,3738708026,1,0.532893,0.9611
Oncoming,Base,3738708027,1,0.333403,0.9611
Oncoming,Base,3738708028,1,0.424892,0.9611
Oncoming,Base,3738708029,1,0.338411,0.9611
Oncoming,Base,3738708030,1,0.665610,0.9611
Oncoming,Base,3738708031,1,0.768200,0.9611
Oncoming,Base,3738708032,1,0.467171,0.9611
Oncoming,Base,3738708033,1,0.663060,0.9501
Oncoming,Base,3738708034,0,1.479757,0.9666
Oncoming,Base,3738708035,1,0.498271,0.9611
Oncoming,Base,3738708036,1,0.317555,0.9611
Oncoming,Base,3738708037,1,0.554981,0.9556
Oncoming,Base,3738708038,1,0.424875,0.9611
Oncoming,Base,3738708039,0,1.091657,0.9501
Oncoming,Base,3738708040,1,0.315510,0.9611
Oncoming,Base,3738708041,1,0.268470,0.9611
Oncoming,Base,3738708042,1,0.366302,0.9611
Oncoming,Base,3738708043,0,1.182899,0.9611
Oncoming,Base,3738708044,1,0.483446,0.9611
Oncoming,Base,3738708045,1,0.753673,0.9611
Oncoming,Base,3738708046,1,0.211163,0.9611
Oncoming,Base,3738708047,1,0.274758,0.9611
Oncoming,Base,3738708048,1,0.566213,0.9611
Oncoming,Base,3738708049,0,1.364041,0.9611
Oncoming,Base,3738708050,1,0.513729,0.9556
Oncoming,Base,3738708051,1,0.143645,0.9611
Oncoming,Base,3738708052,1,0.373602,0.9611
Oncoming,Base,3738708053,0,0.881090,0.9611
Oncoming,Base,3738708054,1,0.421302,0.9611
Oncoming,Base,3738708055,1,0.068550,0.9611
Oncoming,Base,3738708056,1,0.311975,0.9611
Oncoming,Base,3738708057,1,0.498029,0.9611
Oncoming,Base,3738708058,1,0.393672,0.9611
Oncoming,Base,3738708059,1,0.247047,0.9611
Oncoming,Base,3738708060,0,0.869283,0.9611
Oncoming,Base,3738708061,0,1.516866,0.9666
Oncoming,Base,3738708062,0,1.206824,0.9501
Oncoming,Base,3738708063,1,0.441384,0.9611
Oncoming,Base,3738708064,0,2.095071,0.5416
Oncoming,Base,3738708065,1,0.704004,0.9611
Oncoming,Base,3738708066,1,0.453799,0.9556
Oncoming,Base,3738708067,1,0.710923,0.9611
Oncoming,Base,3738708068,1,0.218577,0.9611
Oncoming,Base,3738708069,1,0.186542,0.9611
Oncoming,Base,3738708070,1,0.485181,0.9611
Oncoming,Base,3738708071,1,0.843001,0.9611
Oncoming,Base,3738708072,1,0.525702,0.9611
Oncoming,Base,3738708073,1,0.674158,0.9611
Oncoming,Base,3738708074,1,0.622614,0.9611
Oncoming,Base,3738708075,1,0.677250,0.5416
Oncoming,Base,3738708076,1,0.396272,0.9556
Oncoming,Base,3738708077,1,0.353581,0.9611
Oncoming,Base,3738708078,0,1.627599,0.9501
Oncoming,Base,3738708079,1,0.681903,0.9611
Oncoming,Base,3738708080,0,1.032011,0.5744
Oncoming,Base,3738708081,1,0.333781,0.9611
Oncoming,Base,3738708082,1,0.680687,0.9611
Oncoming,Base,3738708083,1,0.404749,0.9611
Oncoming,Base,3738708084,1,0.742245,0.9611
Oncoming,Base,3738708085,1,0.645945,0.9611
Oncoming,Base,3738708086,1,0.492739,0.9611
Oncoming,Base,3738708087,1,0.504833,0.9611
Oncoming,Base,3738708088,1,0.342237,0.9611
Oncoming,Base,3738708089,0,1.500060,0.9611
Oncoming,Base,3738708090,1,0.433425,0.9611
Oncoming,Base,3738708091,1,0.233510,0.9611
Oncoming,Base,3738708092,1,0.442833,0.9611
Oncoming,Base,3738708093,1,0.281426,0.9611
Oncoming,Base,3738708094,0,1.514557,0.5416
Oncoming,Base,3738708095,1,0.718769,0.5416
Oncoming,Base,3738708096,1,0.668868,0.9556
Oncoming,Base,3738708097,0,0.936012,0.9611
Oncoming,Base,3738708098,1,0.479653,0.9611
Oncoming,Base,3738708099,1,0.612067,0.9611
Oncoming,Base,3738708100,1,0.283611,0.9611
Oncoming,Base,3738708101,1,0.463725,0.9611
Oncoming,Base,3738708102,1,0.220566,0.9611
Oncoming,Base,3738708103,1,0.583972,0.9611
Oncoming,Base,3738708104,1,0.471439,0.9556
Oncoming,Base,3738708105,1,0.669061,0.9666
Oncoming,Base,3738708106,1,0.727755,0.9556
Oncoming,Base,3738708107,0,1.046996,0.5416
Oncoming,Base,3738708108,0,0.930535,0.9611
Oncoming,Base,3738708109,0,1.104363,0.9611
Oncoming,Base,3738708110,1,0.548401,0.9611
Oncoming,Base,3738708111,0,1.313092,0.9611
Oncoming,Base,3738708112,1,0.358771,0.9611
Oncoming,Base,3738708113,1,0.507168,0.9611
Oncoming,Base,3738708114,0,1.782150,0.9666
Oncoming,Base,3738708115,1,0.433129,0.9611
Oncoming,Base,3738708116,1,0.319585,0.9611
Oncoming,Base,3738708117,1,0.331394,0.9611
Oncoming,Base,3738708118,1,0.366478,0.9611
Oncoming,Base,3738708119,1,0.824571,0.9611
Oncoming,Base,3738708120,1,0.819151,0.9611
Oncoming,Base,3738708121,1,0.426615,0.9611
Oncoming,Base,3738708122,1,0.613809,0.9611
Oncoming,Base,3738708123,1,0.784991,0.9501
Oncoming,Base,3738708124,1,0.186740,0.9611
Oncoming,Base,3738708125,1,0.642310,0.9611
Oncoming,Base,3738708126,1,0.385504,0.9556
Oncoming,Base,3738708127,1,0.511328,0.9611
Oncoming,Base,3738708128,1,0.596669,0.9611
Oncoming,Base,3738708129,1,0.250741,0.9611
Oncoming,Base,3738708130,1,0.834712,0.9611
Oncoming,Base,3738708131,1,0.590268,0.9501
Oncoming,Base,3738708132,1,0.504325,0.9611
Oncoming,Base,3738708133,1,0.328863,0.9611
Oncoming,Base,3738708134,1,0.353770,0.9556
Oncoming,Base,3738708135,0,1.053934,0.9611
Oncoming,Base,3738708136,1,0.435841,0.9611
Oncoming,Base,3738708137,0,1.299387,0.9501
Oncoming,Base,3738708138,1,0.654496,0.9611
Oncoming,Base,3738708139,1,0.366822,0.9556
Oncoming,Base,3738708140,1,0.356156,0.9611
Oncoming,Base,3738708141,1,0.567315,0.9501
Oncoming,Base,3738708142,1,0.302668,0.9611
Oncoming,Base,3738708143,1,0.445798,0.9611
Oncoming,Base,3738708144,1,0.487834,0.9611
Oncoming,Base,3738708145,1,0.633456,0.9611
Oncoming,Base,3738708146,1,0.745439,0.9611
Oncoming,Base,3738708147,1,0.215619,0.9611
Oncoming,Base,3738708148,1,0.489534,0.9611
Oncoming,Base,3738708149,1,0.686221,0.9611
Oncoming,Base,3738708150,1,0.189682,0.9611
Oncoming,Base,3738708151,0,1.327576,0.5471
Oncoming,Base,3738708152,1,0.421007,0.9611
Oncoming,Base,3738708153,1,0.615364,0.9611
Oncoming,Base,3738708154,0,0.921652,0.9611
Oncoming,Base,3738708155,1,0.324361,0.9611
Oncoming,Base,3738708156,0,1.062349,0.9556
Oncoming,Base,3738708157,1,0.666207,0.9611
Oncoming,Base,3738708158,0,1.276609,0.9611
Oncoming,Base,3738708159,1,0.710174,0.9611
Oncoming,Base,3738708160,0,0.872228,0.9611
Oncoming,Base,3738708161,1,0.399462,0.9556
Oncoming,Base,3738708162,0,1.331061,0.9666
Oncoming,Base,3738708163,0,1.572266,0.9501
Oncoming,Base,3738708164,0,1.193568,0.9501
Oncoming,Base,3738708165,1,0.773132,0.9611
Oncoming,Base,3738708166,1,0.381169,0.9611
Oncoming,Base,3738708167,1,0.480290,0.9611
Oncoming,Base,3738708168,1,0.480276,0.9611
Oncoming,Base,3738708169,1,0.704994,0.9556
Oncoming,Base,3738708170,1,0.519374,0.9611
Oncoming,Base,3738708171,1,0.574661,0.9611
Oncoming,Base,3738708172,1,0.564782,0.9611
Oncoming,Base,3738708173,0,1.636764,0.5471
Oncoming,Base,3738708174,1,0.268491,0.9611
Oncoming,Base,3738708175,1,0.485716,0.9611
Oncoming,Base,3738708176,0,1.465435,0.9556
Oncoming,Base,3738708177,0,1.902292,0.9501
Oncoming,Base,3738708178,1,0.296973,0.9611
Oncoming,Base,3738708179,1,0.476945,0.9556
Oncoming,Base,3738708180,0,1.846703,0.9501
Oncoming,Base,3738708181,0,1.057846,0.5471
Oncoming,Base,3738708182,0,1.207634,0.9611
Oncoming,Base,3738708183,1,0.734276,0.9611
Oncoming,Base,3738708184,1,0.755278,0.9611
Oncoming,Base,3738708185,1,0.301265,0.9611
Oncoming,Base,3738708186,1,0.423393,0.9611
Oncoming,Base,3738708187,0,0.977395,0.9611
Oncoming,Base,3738708188,1,0.302242,0.9611
Oncoming,Base,3738708189,0,1.906091,0.9666
Oncoming,Base,3738708190,0,1.320547,0.9611
Oncoming,Base,3738708191,1,0.254027,0.9611
Oncoming,Base,3738708192,1,0.796239,0.9611
Oncoming,Base,3738708193,1,0.539070,0.9611
Oncoming,Base,3738708194,1,0.340968,0.9611
Oncoming,Base,3738708195,1,0.773093,0.9556
Oncoming,Base,3738708196,0,1.314103,0.9611
Oncoming,Base,3738708197,1,0.498131,0.9611
Oncoming,Base,3738708198,1,0.418708,0.9611
Oncoming,Base,3738708199,1,0.446163,0.9611
Oncoming,Base,3738708200,1,0.420160,0.9611
Oncoming,Base,3738708201,0,1.086458,0.9611
Oncoming,Base,3738708202,1,0.344446,0.9611
Oncoming,Base,3738708203,1,0.329468,0.9611
Oncoming,Base,3738708204,1,0.794731,0.9611
Oncoming,Base,3738708205,1,0.289749,0.9611
Oncoming,Base,3738708206,1,0.234677,0.9611
Oncoming,Base,3738708207,1,0.370102,0.9611
Oncoming,Base,3738708208,1,0.611697,0.9611
Oncoming,Base,3738708209,1,0.621382,0.9611
Oncoming,Base,3738708210,1,0.159363,0.9611
Oncoming,Base,3738708211,1,0.707891,0.9611
Oncoming,Base,3738708212,0,1.607853,0.9666
Oncoming,Base,3738708213,1,0.493034,0.9611
Oncoming,Base,3738708214,0,1.664866,0.9556
Oncoming,Base,3738708215,0,0.873754,0.9611
Oncoming,Base,3738708216,1,0.533648,0.9611
Oncoming,Base,3738708217,1,0.290573,0.9611
Oncoming,Base,3738708218,0,1.000589,0.9611
Oncoming,Base,3738708219,1,0.435870,0.9611
Oncoming,Base,3738708220,1,0.169309,0.9611
Oncoming,Base,3738708221,1,0.353102,0.9611
Oncoming,Base,3738708222,1,0.677548,0.9666
Oncoming,Base,3738708223,0,0.902403,0.9556
Oncoming,Base,3738708224,1,0.785934,0.9611
Oncoming,Base,3738708225,0,0.975489,0.9611
Oncoming,Base,3738708226,1,0.331546,0.9611
Oncoming,Base,3738708227,1,0.471077,0.9611
Oncoming,Base,3738708228,1,0.389177,0.9611
Oncoming,Base,3738708229,1,0.496536,0.9611
Oncoming,Base,3738708230,1,0.520858,0.9611
Oncoming,Base,3738708231,1,0.559060,0.9611
Oncoming,Base,3738708232,1,0.102671,0.9611
Oncoming,Base,3738708233,1,0.703569,0.9611
Oncoming,Base,3738708234,0,0.925150,0.9611
Oncoming,Base,3738708235,1,0.481563,0.9501
Oncoming,Base,3738708236,1,0.389588,0.9611
Oncoming,Base,3738708237,0,1.318652,0.9501
Oncoming,Base,3738708238,1,0.426289,0.9611
Oncoming,Base,3738708239,1,0.137868,0.9611
Oncoming,Base,3738708240,0,0.960570,0.9611
Oncoming,Base,3738708241,1,0.707086,0.9556
Oncoming,Base,3738708242,0,2.128795,0.5416
Oncoming,Base,3738708243,1,0.518236,0.9611
Oncoming,Base,3738708244,1,0.339426,0.9611
Oncoming,Base,3738708245,1,0.557250,0.9611
Oncoming,Base,3738708246,1,0.558294,0.9611
Oncoming,Base,3738708247,1,0.468231,0.9611
Oncoming,Base,3738708248,1,0.543740,0.9611
Oncoming,Base,3738708249,1,0.512508,0.9611
Oncoming,Base,3738708250,1,0.451618,0.9611
Oncoming,Base,3738708251,1,0.575378,0.9611
Oncoming,Base,3738708252,1,0.422363,0.9611
Oncoming,Base,3738708253,0,0.933663,0.9611
Oncoming,Base,3738708254,1,0.334291,0.9611
Oncoming,Base,3738708255,1,0.544833,0.9611
Oncoming,Base,3738708256,0,1.005784,0.9611
Oncoming,Base,3738708257,1,0.463338,0.9611
Oncoming,Base,3738708258,1,0.418093,0.9611
Oncoming,Base,3738708259,0,1.386464,0.5416
Oncoming,Base,3738708260,1,0.431628,0.9611
Oncoming,Base,3738708261,1,0.293753,0.9611
Oncoming,Base,3738708262,0,1.416619,0.9611
Oncoming,Base,3738708263,1,0.631971,0.9611
Oncoming,Base,3738708264,0,2.056871,0.9501
Oncoming,Base,3738708265,1,0.301089,0.9611
Oncoming,Base,3738708266,1,0.394284,0.9611
Oncoming,Base,3738708267,1,0.349367,0.9611
Oncoming,Base,3738708268,1,0.164583,0.9611
Oncoming,Base,3738708269,1,0.279971,0.9611
Oncoming,Base,3738708270,1,0.705471,0.9556
Oncoming,Base,3738708271,1,0.222316,0.9611
Oncoming,Base,3738708272,1,0.598136,0.9611
Oncoming,Base,3738708273,1,0.696883,0.9611
Oncoming,Base,3738708274,0,0.936169,0.9611
Oncoming,Base,3738708275,1,0.615975,0.9611
Oncoming,Base,3738708276,1,0.219977,0.9611
Oncoming,Base,3738708277,0,1.177141,0.9611
Oncoming,Base,3738708278,0,2.217586,0.9666
Oncoming,Base,3738708279,1,0.449591,0.9611
Oncoming,Base,3738708280,1,0.377594,0.9611
Oncoming,Base,3738708281,1,0.527277,0.9611
Oncoming,Base,3738708282,1,0.547097,0.9611
Oncoming,Base,3738708283,1,0.351540,0.9611
Oncoming,Base,3738708284,1,0.261556,0.9611
Oncoming,Base,3738708285,0,0.964180,0.9611
Oncoming,Base,3738708286,0,1.141495,0.9611
Oncoming,Base,3738708287,1,0.460550,0.9611
Oncoming,Base,3738708288,0,0.976278,0.9611
Oncoming,Base,3738708289,1,0.727163,0.9611
Oncoming,Base,3738708290,1,0.098739,0.9611
Oncoming,Base,3738708291,1,0.298246,0.9611
Oncoming,Base,3738708292,0,0.926678,0.9556
Oncoming,Base,3738708293,1,0.333793,0.9611
Oncoming,Base,3738708294,1,0.235960,0.9611
Oncoming,Base,3738708295,1,0.754736,0.9556
Oncoming,Base,3738708296,1,0.491634,0.9611
Oncoming,Base,3738708297,1,0.471973,0.9611
Oncoming,Base,3738708298,1,0.273333,0.9611
Oncoming,Base,3738708299,0,2.009461,0.9556
Oncoming,Base,3738708300,0,1.231137,0.5471
Oncoming,Base,3738708301,1,0.630693,0.9611
Oncoming,Base,3738708302,0,1.428699,0.9556
Oncoming,Base,3738708303,1,0.385296,0.9611
Oncoming,Base,3738708304,1,0.345644,0.9611
Oncoming,Base,3738708305,1,0.087074,0.9556
Oncoming,Base,3738708306,1,0.787291,0.5471
Oncoming,Base,3738708307,0,0.892790,0.5690
Oncoming,Base,3738708308,0,0.874195,0.9556
Oncoming,Base,3738708309,0,0.952825,0.9611
Oncoming,Base,3738708310,0,1.015256,0.9556
Oncoming,Base,3738708311,1,0.594783,0.9611
Oncoming,Base,3738708312,1,0.779909,0.9611
Oncoming,Base,3738708313,1,0.250621,0.9556
Oncoming,Base,3738708314,1,0.340075,0.9611
Oncoming,Base,3738708315,1,0.224109,0.9611
Oncoming,Base,3738708316,1,0.644595,0.9611
Oncoming,Base,3738708317,0,1.103559,0.9611
Oncoming,Base,3738708318,0,1.268429,0.9666
Oncoming,Base,3738708319,1,0.392888,0.9556
Oncoming,Base,3738708320,0,0.891666,0.5690
Oncoming,Base,3738708321,1,0.591339,0.9611
Oncoming,Base,3738708322,1,0.792353,0.9611
Oncoming,Base,3738708323,1,0.164740,0.9611
Oncoming,Base,3738708324,0,1.012536,0.9611
Oncoming,Base,3738708325,1,0.268142,0.9611
Oncoming,Base,3738708326,1,0.326693,0.9611
Oncoming,Base,3738708327,1,0.393437,0.9611
Oncoming,Base,3738708328,1,0.544339,0.9611
Oncoming,Base,3738708329,1,0.490512,0.9611
Oncoming,Base,3738708330,0,1.000898,0.9611
Oncoming,Base,3738708331,1,0.246501,0.9611
Oncoming,Base,3738708332,1,0.137679,0.9501
Oncoming,Base,3738708333,1,0.670422,0.9611
Oncoming,Base,3738708334,1,0.184308,0.9611
Oncoming,Base,3738708335,0,1.257318,0.9611
Oncoming,Base,3738708336,1,0.457236,0.9611
Oncoming,Base,3738708337,1,0.260303,0.9611
Oncoming,Base,3738708338,1,0.829321,0.5416
Oncoming,Base,3738708339,1,0.821329,0.9611
Oncoming,Base,3738708340,0,1.245567,0.9611
Oncoming,Base,3738708341,1,0.236152,0.9611
Oncoming,Base,3738708342,0,1.149356,0.9611
Oncoming,Base,3738708343,0,1.106291,0.9611
Oncoming,Base,3738708344,1,0.445211,0.9611
Oncoming,Base,3738708345,1,0.775061,0.9611
Oncoming,Base,3738708346,0,1.932528,0.5690
Oncoming,Base,3738708347,1,0.832825,0.9611
Oncoming,Base,3738708348,0,0.978759,0.9611
Oncoming,Base,3738708349,0,1.438577,0.5471
Oncoming,Base,3738708350,1,0.083772,0.9611
Oncoming,Base,3738708351,1,0.386833,0.9611
Oncoming,Base,3738708352,1,0.593541,0.9611
Oncoming,Base,3738708353,1,0.450946,0.9611
Oncoming,Base,3738708354,1,0.824379,0.9611
Oncoming,Base,3738708355,1,0.367778,0.9611
Oncoming,Base,3738708356,0,1.329755,0.5306
Oncoming,Base,3738708357,1,0.269728,0.9611
Oncoming,Base,3738708358,1,0.150398,0.9611
Oncoming,Base,3738708359,1,0.786323,0.9611
Oncoming,Base,3738708360,1,0.486329,0.9611
Oncoming,Base,3738708361,0,1.241432,0.9611
Oncoming,Base,3738708362,1,0.668365,0.9611
Oncoming,Base,3738708363,1,0.561828,0.9611
Oncoming,Base,3738708364,1,0.314683,0.9611
Oncoming,Base,3738708365,1,0.633930,0.9611
Oncoming,Base,3738708366,0,1.181245,0.9611
Oncoming,Base,3738708367,1,0.517171,0.9611
Oncoming,Base,3738708368,1,0.454715,0.9611
Oncoming,Base,3738708369,1,0.504035,0.9611
Oncoming,Base,3738708370,1,0.645911,0.9611
Oncoming,Base,3738708371,1,0.646692,0.5416
Oncoming,Base,3738708372,1,0.278116,0.9611
Oncoming,Base,3738708373,1,0.411939,0.9611
Oncoming,Base,3738708374,1,0.395390,0.9611
Oncoming,Base,3738708375,1,0.524426,0.9611
Oncoming,Base,3738708376,1,0.454855,0.9611
Oncoming,Base,3738708377,1,0.351077,0.9611
Oncoming,Base,3738708378,1,0.309198,0.9611
Oncoming,Base,3738708379,1,0.303272,0.9611
Oncoming,Base,3738708380,1,0.391210,0.9611
Oncoming,Base,3738708381,1,0.403972,0.9611
Oncoming,Base,3738708382,1,0.419457,0.9611
Oncoming,Base,3738708383,1,0.559229,0.9611
Oncoming,Base,3738708384,1,0.790589,0.9501
Oncoming,Base,3738708385,1,0.411357,0.9611
Oncoming,Base,3738708386,0,1.833438,0.5361
Oncoming,Base,3738708387,0,0.986691,0.9611
Oncoming,Base,3738708388,1,0.059160,0.9611
Oncoming,Base,3738708389,1,0.419553,0.9611
Oncoming,Base,3738708390,1,0.487658,0.9611
Oncoming,Base,3738708391,0,1.832751,0.9501
Oncoming,Base,3738708392,1,0.468839,0.9501
Oncoming,Base,3738708393,1,0.724815,0.9611
Oncoming,Base,3738708394,1,0.567070,0.9611
Oncoming,Base,3738708395,1,0.621419,0.9611
Oncoming,Base,3738708396,1,0.662604,0.9611
Oncoming,Base,3738708397,1,0.470482,0.9611
Oncoming,Base,3738708398,0,2.029222,0.9501
Oncoming,Base,3738708399,1,0.192664,0.5361
Oncoming,Base,3738708400,1,0.452972,0.9611
Oncoming,Base,3738708401,1,0.128191,0.9611
Oncoming,Base,3738708402,1,0.430811,0.9611
Oncoming,Base,3738708403,1,0.277721,0.9611
Oncoming,Base,3738708404,1,0.306448,0.9611
Oncoming,Base,3738708405,1,0.380150,0.9611
Oncoming,Base,3738708406,1,0.294824,0.9611
Oncoming,Base,3738708407,0,1.325449,0.9556
Oncoming,Base,3738708408,1,0.627013,0.9556
Oncoming,Base,3738708409,1,0.226011,0.9611
Oncoming,Base,3738708410,1,0.621163,0.9611
Oncoming,Base,3738708411,1,0.331193,0.9556
Oncoming,Base,3738708412,1,0.805888,0.9611
Oncoming,Base,3738708413,1,0.270583,0.9611
Oncoming,Base,3738708414,1,0.612445,0.9611
Oncoming,Base,3738708415,0,1.633932,0.9501
Oncoming,Base,3738708416,1,0.557903,0.9611
Oncoming,Base,3738708417,1,0.623591,0.9611
Oncoming,Base,3738708418,1,0.504692,0.9611
Oncoming,Base,3738708419,1,0.560402,0.9611
Oncoming,Base,3738708420,0,1.215753,0.9556
Oncoming,Base,3738708421,0,1.071747,0.9611
Oncoming,Base,3738708422,1,0.136368,0.9611
Oncoming,Base,3738708423,1,0.351234,0.9611
Oncoming,Base,3738708424,1,0.461069,0.9611
Oncoming,Base,3738708425,1,0.320285,0.9611
Oncoming,Base,3738708426,1,0.313765,0.9611
Oncoming,Base,3738708427,0,0.854677,0.9611
Oncoming,Base,3738708428,1,0.771852,0.9611
Oncoming,Base,3738708429,1,0.327936,0.9611
Oncoming,Base,3738708430,1,0.395980,0.9611
Oncoming,Base,3738708431,1,0.423346,0.9556
Oncoming,Base,3738708432,0,1.533718,0.5471
Oncoming,Base,3738708433,0,1.934955,0.9666
Oncoming,Base,3738708434,1,0.505798,0.9611
Oncoming,Base,3738708435,0,0.927567,0.9611
Oncoming,Base,3738708436,1,0.075186,0.9611
Oncoming,Base,3738708437,1,0.472179,0.9611
Oncoming,Base,3738708438,0,1.555100,0.9611
Oncoming,Base,3738708439,1,0.413436,0.9611
Oncoming,Base,3738708440,1,0.737853,0.9611
Oncoming,Base,3738708441,0,1.352553,0.9611
Oncoming,Base,3738708442,1,0.744756,0.9611
Oncoming,Base,3738708443,1,0.139693,0.9611
Oncoming,Base,3738708444,1,0.774945,0.9611
Oncoming,Base,3738708445,1,0.378608,0.9611
Oncoming,Base,3738708446,1,0.374430,0.9611
Oncoming,Base,3738708447,0,0.975971,0.9611
Oncoming,Base,3738708448,1,0.459623,0.9611
Oncoming,Base,3738708449,1,0.278086,0.9611
Oncoming,Base,3738708450,1,0.637717,0.9556
Oncoming,Base,3738708451,1,0.312392,0.9611
Oncoming,Base,3738708452,1,0.350921,0.9611
Oncoming,Base,3738708453,0,1.044011,0.9556
Oncoming,Base,3738708454,1,0.483266,0.9611
Oncoming,Base,3738708455,1,0.834598,0.9611
Oncoming,Base,3738708456,0,1.268758,0.9611
Oncoming,Base,3738708457,1,0.763464,0.9666
Oncoming,Base,3738708458,1,0.506828,0.9611
Oncoming,Base,3738708459,0,0.986375,0.9611
Oncoming,Base,3738708460,0,1.592896,0.9611
Oncoming,Base,3738708461,1,0.664625,0.9501
Oncoming,Base,3738708462,1,0.567507,0.9611
Oncoming,Base,3738708463,1,0.520983,0.9611
Oncoming,Base,3738708464,0,0.912997,0.9611
Oncoming,Base,3738708465,0,1.570487,0.5416
Oncoming,Base,3738708466,1,0.291783,0.9611
Oncoming,Base,3738708467,1,0.366972,0.9611
Oncoming,Base,3738708468,1,0.372363,0.9611
Oncoming,Base,3738708469,1,0.310304,0.9611
Oncoming,Base,3738708470,1,0.412676,0.9611
Oncoming,Base,3738708471,0,1.015354,0.9611
Oncoming,Base,3738708472,1,0.388882,0.9611
Oncoming,Base,3738708473,0,1.161368,0.9611
Oncoming,Base,3738708474,1,0.426074,0.9611
Oncoming,Base,3738708475,1,0.523263,0.9611
Oncoming,Base,3738708476,1,0.449940,0.9611
Oncoming,Base,3738708477,1,0.341763,0.9556
Oncoming,Base,3738708478,0,1.715423,0.9666
Oncoming,Base,3738708479,1,0.627565,0.9611
Oncoming,Base,3738708480,1,0.297894,0.9611
Oncoming,Base,3738708481,1,0.458495,0.9611
Oncoming,Base,3738708482,0,0.863898,0.9611
Oncoming,Base,3738708483,1,0.141375,0.9611
Oncoming,Base,3738708484,1,0.362615,0.9611
Oncoming,Base,3738708485,1,0.089573,0.9611
Oncoming,Base,3738708486,0,1.990383,0.5690
Oncoming,Base,3738708487,0,1.205483,0.9611
Oncoming,Base,3738708488,1,0.351113,0.9611
Oncoming,Base,3738708489,1,0.374231,0.9611
Oncoming,Base,3738708490,1,0.451713,0.9611
Oncoming,Base,3738708491,1,0.466997,0.9611
Oncoming,Base,3738708492,0,0.871445,0.9556
Oncoming,Base,3738708493,1,0.749512,0.9611
Oncoming,Base,3738708494,1,0.411899,0.9611
Oncoming,Base,3738708495,1,0.263202,0.9611
Oncoming,Base,3738708496,1,0.069829,0.9611
Oncoming,Base,3738708497,1,0.357338,0.9556
Oncoming,Base,3738708498,1,0.439861,0.9611
Oncoming,Base,3738708499,1,0.287879,0.9611
Oncoming,Base,3738708500,1,0.445998,0.9611
Oncoming,Base,3738708501,1,0.572309,0.9666
Oncoming,Base,3738708502,0,0.912085,0.9611
Oncoming,Base,3738708503,1,0.269974,0.9611
Oncoming,Base,3738708504,1,0.405102,0.9611
Oncoming,Base,3738708505,1,0.185357,0.9611
Oncoming,Base,3738708506,1,0.243094,0.9611
Oncoming,Base,3738708507,0,1.323088,0.9611
Oncoming,Base,3738708508,1,0.253562,0.9611
Oncoming,Base,3738708509,1,0.344090,0.9611
Oncoming,Base,3738708510,0,1.666617,0.5306
Oncoming,Base,3738708511,0,1.481628,0.9611
Oncoming,Base,3738708512,1,0.483620,0.9611
Oncoming,Base,3738708513,1,0.636247,0.9611
Oncoming,Base,3738708514,1,0.608373,0.9611
Oncoming,Base,3738708515,1,0.111322,0.9556
Oncoming,Base,3738708516,1,0.617190,0.9611
Oncoming,Base,3738708517,0,1.679621,0.5690
Oncoming,Base,3738708518,1,0.714727,0.9611
Oncoming,Base,3738708519,1,0.411719,0.9611
Oncoming,Base,3738708520,1,0.293600,0.9611
Oncoming,Base,3738708521,1,0.844041,0.9611
Oncoming,Base,3738708522,1,0.277893,0.9611
Oncoming,Base,3738708523,1,0.408116,0.9611
Oncoming,Base,3738708524,0,1.343512,0.9666
Oncoming,Base,3738708525,0,1.345030,0.9501
Oncoming,Base,3738708526,1,0.789215,0.9611
Oncoming,Base,3738708527,1,0.171384,0.9611
Oncoming,Base,3738708528,0,1.532327,0.5306
Oncoming,Base,3738708529,1,0.582472,0.9611
Oncoming,Base,3738708530,1,0.120570,0.9611
Oncoming,Base,3738708531,0,1.117874,0.9611
Oncoming,Base,3738708532,1,0.392237,0.9556
Oncoming,Base,3738708533,1,0.640574,0.9611
Oncoming,Base,3738708534,1,0.473214,0.9611
Oncoming,Base,3738708535,0,1.843226,0.9666
Oncoming,Base,3738708536,1,0.139301,0.9611
Oncoming,Base,3738708537,0,0.873492,0.9611
Oncoming,Base,3738708538,1,0.455274,0.9611
Oncoming,Base,3738708539,1,0.067021,0.9611
Oncoming,Base,3738708540,0,1.570988,0.9666
Oncoming,Base,3738708541,1,0.511954,0.9611
Oncoming,Base,3738708542,0,1.339590,0.5416
Oncoming,Base,3738708543,1,0.319550,0.9556
Oncoming,Base,3738708544,1,0.481417,0.9611
Oncoming,Base,3738708545,1,0.318424,0.9611
Oncoming,Base,3738708546,0,0.882213,0.9666
Oncoming,Base,3738708547,1,0.527901,0.9611
Oncoming,Base,3738708548,1,0.279789,0.9611
Oncoming,Base,3738708549,1,0.460223,0.9611
Oncoming,Base,3738708550,1,0.193035,0.9611
Oncoming,Base,3738708551,1,0.486753,0.9611
Oncoming,Base,3738708552,1,0.457003,0.9611
Oncoming,Base,3738708553,0,2.031467,0.9501
Oncoming,Base,3738708554,1,0.506081,0.9611
Oncoming,Base,3738708555,1,0.569988,0.9611
Oncoming,Base,3738708556,1,0.081364,0.9611
Oncoming,Base,3738708557,1,0.277170,0.9611
Oncoming,Base,3738708558,0,1.974406,0.9666
Oncoming,Base,3738708559,1,0.333539,0.9611
Oncoming,Base,3738708560,1,0.409242,0.9611
Oncoming,Base,3738708561,1,0.616529,0.9611
Oncoming,Base,3738708562,1,0.278120,0.9611
Oncoming,Base,3738708563,1,0.727631,0.9501
Oncoming,Base,3738708564,1,0.352934,0.9611
Oncoming,Base,3738708565,1,0.069633,0.9611
Oncoming,Base,3738708566,1,0.710591,0.9611
Oncoming,Base,3738708567,1,0.377769,0.9611
Oncoming,Base,3738708568,0,1.820399,0.9666
Oncoming,Base,3738708569,0,2.044617,0.5744
Oncoming,Base,3738708570,1,0.510400,0.9611
Oncoming,Base,3738708571,1,0.553728,0.9611
Oncoming,Base,3738708572,1,0.621014,0.9611
Oncoming,Base,3738708573,1,0.406581,0.9611
Oncoming,Base,3738708574,0,1.270489,0.9501
Oncoming,Base,3738708575,1,0.584400,0.9611
Oncoming,Base,3738708576,0,1.741750,0.9666
Oncoming,Base,3738708577,1,0.213543,0.9611
Oncoming,Base,3738708578,0,1.673401,0.9611
Oncoming,Base,3738708579,1,0.175157,0.9611
Oncoming,Base,3738708580,1,0.395029,0.9611
Oncoming,Base,3738708581,1,0.386983,0.9611
Oncoming,Base,3738708582,1,0.332312,0.9611
Oncoming,Base,3738708583,1,0.559372,0.9611
Oncoming,Base,3738708584,1,0.240064,0.9611
Oncoming,Base,3738708585,1,0.609190,0.9611
Oncoming,Base,3738708586,1,0.483692,0.9611
Oncoming,Base,3738708587,1,0.656773,0.9611
Oncoming,Base,3738708588,1,0.816371,0.9611
Oncoming,Base,3738708589,1,0.432242,0.9611
Oncoming,Base,3738708590,1,0.804742,0.9611
Oncoming,Base,3738708591,1,0.624328,0.9556
Oncoming,Base,3738708592,1,0.381811,0.9611
Oncoming,Base,3738708593,1,0.270331,0.9556
Oncoming,Base,3738708594,1,0.507163,0.9611
Oncoming,Base,3738708595,0,1.209234,0.9611
Oncoming,Base,3738708596,0,1.684369,0.5361
Oncoming,Base,3738708597,0,0.864159,0.9611
Oncoming,Base,3738708598,1,0.456723,0.9611
Oncoming,Base,3738708599,1,0.843341,0.9611
Oncoming,Base,3738708600,1,0.567718,0.9611
Oncoming,Base,3738708601,0,1.027417,0.9611
Oncoming,Base,3738708602,1,0.428288,0.9611
Oncoming,Base,3738708603,1,0.314353,0.9611
Oncoming,Base,3738708604,1,0.225818,0.9501
Oncoming,Base,3738708605,1,0.473075,0.9611
Oncoming,Base,3738708606,1,0.429434,0.9501
Oncoming,Base,3738708607,1,0.602452,0.9611
Oncoming,Base,3738708608,1,0.696919,0.9556
Oncoming,Base,3738708609,1,0.827113,0.9611
Oncoming,Base,3738708610,1,0.472197,0.9611
Oncoming,Base,3738708611,0,0.957998,0.9611
Oncoming,Base,3738708612,0,1.825707,0.5471
Oncoming,Base,3738708613,1,0.528405,0.9611
Oncoming,Base,3738708614,1,0.219503,0.9611
Oncoming,Base,3738708615,0,0.967052,0.9611
Oncoming,Base,3738708616,1,0.474629,0.9611
Oncoming,Base,3738708617,1,0.517339,0.9611
Oncoming,Base,3738708618,0,1.045423,0.9666
Oncoming,Base,3738708619,0,1.296534,0.9501
Oncoming,Base,3738708620,1,0.617137,0.9611
Oncoming,Base,3738708621,1,0.208037,0.9611
Oncoming,Base,3738708622,1,0.409638,0.9611
Oncoming,Base,3738708623,1,0.319820,0.9611
Oncoming,Base,3738708624,1,0.406444,0.9611
Oncoming,Base,3738708625,1,0.314850,0.9611
Oncoming,Base,3738708626,0,1.517355,0.9556
Oncoming,Base,3738708627,1,0.562643,0.9611
Oncoming,Base,3738708628,1,0.404706,0.9611
Oncoming,Base,3738708629,1,0.362149,0.9556
Oncoming,Base,3738708630,1,0.385076,0.9611
Oncoming,Base,3738708631,1,0.505657,0.9611
Oncoming,Base,3738708632,1,0.457398,0.9611
Oncoming,Base,3738708633,0,0.875575,0.9611
Oncoming,Base,3738708634,0,1.089004,0.9501
Oncoming,Base,3738708635,1,0.530027,0.9556
Oncoming,Base,3738708636,1,0.179553,0.9611
Oncoming,Base,3738708637,1,0.096629,0.9611
Oncoming,Base,3738708638,1,0.640425,0.9611
Oncoming,Base,3738708639,1,0.509975,0.9611
Oncoming,Base,3738708640,1,0.498772,0.9611
Oncoming,Base,3738708641,0,2.498165,0.9611
Oncoming,Base,3738708642,0,2.003877,0.9666
Oncoming,Base,3738708643,1,0.613502,0.9611
Oncoming,Base,3738708644,0,4.131211,0.5690
Oncoming,Base,3738708645,1,0.520741,0.9611
Oncoming,Base,3738708646,1,0.245908,0.9611
Oncoming,Base,3738708647,1,0.769980,0.9611
Oncoming,Base,3738708648,1,0.760821,0.9611
Oncoming,Base,3738708649,1,0.579886,0.9611
Oncoming,Base,3738708650,0,1.150814,0.9666
Oncoming,Base,3738708651,0,1.489615,0.9666
Oncoming,Base,3738708652,1,0.155179,0.9611
Oncoming,Base,3738708653,1,0.078531,0.9611
Oncoming,Base,3738708654,1,0.536586,0.9611
Oncoming,Base,3738708655,1,0.748333,0.9611
Oncoming,Base,3738708656,1,0.539315,0.9611
Oncoming,Base,3738708657,1,0.248023,0.9611
Oncoming,Base,3738708658,1,0.616521,0.9611
Oncoming,Base,3738708659,1,0.653640,0.9611
Oncoming,Base,3738708660,1,0.475313,0.9611
Oncoming,Base,3738708661,1,0.324650,0.9611
Oncoming,Base,3738708662,0,0.962061,0.5690
Oncoming,Base,3738708663,1,0.234741,0.9611
Oncoming,Base,3738708664,1,0.204862,0.9611
Oncoming,Base,3738708665,1,0.431074,0.9611
Oncoming,Base,3738708666,1,0.379528,0.9611
Oncoming,Base,3738708667,1,0.485692,0.9611
Oncoming,Base,3738708668,1,0.112038,0.9611
Oncoming,Base,3738708669,0,1.098237,0.9611
Oncoming,Base,3738708670,0,2.072848,0.9501
Oncoming,Base,3738708671,1,0.515428,0.9611
Oncoming,Base,3738708672,1,0.644477,0.9611
Oncoming,Base,3738708673,1,0.323597,0.9611
Oncoming,Base,3738708674,1,0.504134,0.9611
Oncoming,Base,3738708675,0,1.859256,0.5471
Oncoming,Base,3738708676,0,2.033067,0.9666
Oncoming,Base,3738708677,1,0.647671,0.9611
Oncoming,Base,3738708678,0,1.079572,0.9556
Oncoming,Base,3738708679,1,0.414093,0.9611
Oncoming,Base,3738708680,0,1.228373,0.9611
Oncoming,Base,3738708681,1,0.491686,0.9611
Oncoming,Base,3738708682,0,1.533290,0.5690
Oncoming,Base,3738708683,1,0.309639,0.9611
Oncoming,Base,3738708684,0,1.990036,0.9501
Oncoming,Base,3738708685,0,1.474319,0.5471
Oncoming,Base,3738708686,0,1.833232,0.5471
Oncoming,Base,3738708687,1,0.437078,0.9611
Oncoming,Base,3738708688,1,0.524085,0.9611
Oncoming,Base,3738708689,0,0.949162,0.5361
Oncoming,Base,3738708690,1,0.803402,0.9611
Oncoming,Base,3738708691,1,0.524761,0.9611
Oncoming,Base,3738708692,1,0.508180,0.9611
Oncoming,Base,3738708693,1,0.835247,0.9666
Oncoming,Base,3738708694,1,0.518715,0.9611
Oncoming,Base,3738708695,0,0.998777,0.9611
Oncoming,Base,3738708696,0,2.278867,0.9666
Oncoming,Base,3738708697,1,0.235157,0.9611
Oncoming,Base,3738708698,0,1.225011,0.5471
Oncoming,Base,3738708699,1,0.156875,0.9611
Oncoming,Base,3738708700,1,0.389355,0.9611
Oncoming,Base,3738708701,1,0.574336,0.9611
Oncoming,Base,3738708702,1,0.375344,0.9611
Oncoming,Base,3738708703,1,0.339258,0.9611
Oncoming,Base,3738708704,1,0.317773,0.9611
Oncoming,Base,3738708705,0,0.965466,0.9611
Oncoming,Base,3738708706,1,0.491053,0.9611
Oncoming,Base,3738708707,0,1.347456,0.5416
Oncoming,Base,3738708708,0,2.015378,0.9666
Oncoming,Base,3738708709,1,0.334874,0.9611
Oncoming,Base,3738708710,0,1.956400,0.9501
Oncoming,Base,3738708711,0,0.859390,0.9611
Oncoming,Base,3738708712,1,0.680310,0.9611
Oncoming,Base,3738708713,0,2.318312,0.9556
Oncoming,Base,3738708714,1,0.413147,0.9611
Oncoming,Base,3738708715,1,0.580787,0.9611
Oncoming,Base,3738708716,1,0.725009,0.9611
Oncoming,Base,3738708717,1,0.828850,0.9611
Oncoming,Base,3738708718,0,1.399927,0.9501
Oncoming,Base,3738708719,1,0.273510,0.9611
Oncoming,Base,3738708720,1,0.272405,0.9611
Oncoming,Base,3738708721,1,0.428511,0.9611
Oncoming,Base,3738708722,0,0.903458,0.5690
Oncoming,Base,3738708723,0,1.142934,0.9501
Oncoming,Base,3738708724,0,0.879046,0.9611
Oncoming,Base,3738708725,1,0.753216,0.9501
Oncoming,Base,3738708726,1,0.675474,0.9611
Oncoming,Base,3738708727,1,0.729227,0.9611
Oncoming,Base,3738708728,1,0.325756,0.9611
Oncoming,Base,3738708729,1,0.446797,0.9611
Oncoming,Base,3738708730,1,0.307795,0.9611
Oncoming,Base,3738708731,1,0.695296,0.9556
Oncoming,Base,3738708732,0,1.051034,0.9556
Oncoming,Base,3738708733,1,0.037503,0.9611
Oncoming,Base,3738708734,1,0.725063,0.9611
Oncoming,Base,3738708735,1,0.416811,0.9611
Oncoming,Base,3738708736,1,0.460148,0.9611
Oncoming,Base,3738708737,1,0.577186,0.9611
Oncoming,Base,3738708738,1,0.798171,0.9611
Oncoming,Base,3738708739,1,0.339014,0.9611
Oncoming,Base,3738708740,1,0.553856,0.9556
Oncoming,Base,3738708741,1,0.680698,0.9556
Oncoming,Base,3738708742,1,0.368673,0.9611
Oncoming,Base,3738708743,1,0.633306,0.9611
Oncoming,Base,3738708744,1,0.387314,0.9611
Oncoming,Base,3738708745,0,1.199610,0.9556
Oncoming,Base,3738708746,1,0.463771,0.9611
Oncoming,Base,3738708747,0,0.978509,0.9611
Oncoming,Base,3738708748,1,0.614070,0.9556
Oncoming,Base,3738708749,1,0.511882,0.9611
Oncoming,Base,3738708750,1,0.492279,0.9611
Oncoming,Base,3738708751,1,0.669072,0.9611
Oncoming,Base,3738708752,1,0.549416,0.9611
Oncoming,Base,3738708753,0,1.629373,0.5416
Oncoming,Base,3738708754,0,1.098173,0.9611
Oncoming,Base,3738708755,0,0.959908,0.9556
Oncoming,Base,3738708756,1,0.308707,0.9611
Oncoming,Base,3738708757,1,0.455710,0.9611
Oncoming,Base,3738708758,1,0.315775,0.9611
Oncoming,Base,3738708759,1,0.690315,0.9611
Oncoming,Base,3738708760,0,2.561828,0.9556
Oncoming,Base,3738708761,0,1.804749,0.9611
Oncoming,Base,3738708762,1,0.334051,0.9611
Oncoming,Base,3738708763,1,0.220901,0.9611
Oncoming,Base,3738708764,0,1.974826,0.9666
Oncoming,Base,3738708765,0,1.282942,0.9666
Oncoming,Base,3738708766,0,1.301562,0.9666
Oncoming,Base,3738708767,1,0.339477,0.9611
Oncoming,Base,3738708768,1,0.514200,0.9611
Oncoming,Base,3738708769,1,0.579089,0.9556
Oncoming,Base,3738708770,1,0.573707,0.9556
Oncoming,Base,3738708771,0,1.834914,0.5416
Oncoming,Base,3738708772,1,0.758524,0.9611
Oncoming,Base,3738708773,1,0.249549,0.9611
Oncoming,Base,3738708774,1,0.308174,0.9611
Oncoming,Base,3738708775,1,0.604695,0.9611
Oncoming,Base,3738708776,1,0.491413,0.9611
Oncoming,Base,3738708777,1,0.514737,0.9611
Oncoming,Base,3738708778,1,0.449224,0.9611
Oncoming,Base,3738708779,1,0.278957,0.9611
Oncoming,Base,3738708780,1,0.634945,0.9611
Oncoming,Base,3738708781,1,0.431791,0.9611
Oncoming,Base,3738708782,1,0.620429,0.9611
Oncoming,Base,3738708783,0,1.343236,0.9501
Oncoming,Base,3738708784,1,0.306649,0.9611
Oncoming,Base,3738708785,1,0.475380,0.9611
Oncoming,Base,3738708786,0,1.298337,0.5416
Oncoming,Base,3738708787,1,0.438256,0.9556
Oncoming,Base,3738708788,1,0.474924,0.9611
Oncoming,Base,3738708789,1,0.776301,0.9611
Oncoming,Base,3738708790,1,0.376041,0.9611
Oncoming,Base,3738708791,0,0.899249,0.9556
Oncoming,Base,3738708792,1,0.511513,0.9611
Oncoming,Base,3738708793,1,0.372535,0.9611
Oncoming,Base,3738708794,1,0.765140,0.9611
Oncoming,Base,3738708795,1,0.739830,0.9611
Oncoming,Base,3738708796,0,0.875037,0.9611
Oncoming,Base,3738708797,1,0.811781,0.9611
Oncoming,Base,3738708798,1,0.468475,0.9611
Oncoming,Base,3738708799,1,0.673194,0.9611
Oncoming,Base,3738708800,1,0.349758,0.9611
Oncoming,Base,3738708801,0,0.940397,0.9611
Oncoming,Base,3738708802,1,0.290585,0.9611
Oncoming,Base,3738708803,1,0.429118,0.9556
Oncoming,Base,3738708804,1,0.230948,0.9611
Oncoming,Base,3738708805,1,0.358766,0.9611
Oncoming,Base,3738708806,0,1.564654,0.9611
Oncoming,Base,3738708807,0,1.739877,0.9666
Oncoming,Base,3738708808,1,0.312759,0.9611
Oncoming,Base,3738708809,0,1.285634,0.9501
Oncoming,Base,3738708810,0,0.859883,0.9611
Oncoming,Base,3738708811,1,0.412046,0.9611
Oncoming,Base,3738708812,0,1.028622,0.5416
Oncoming,Base,3738708813,1,0.116051,0.9611
Oncoming,Base,3738708814,1,0.487032,0.9611
Oncoming,Base,3738708815,1,0.262928,0.9556
Oncoming,Base,3738708816,1,0.268229,0.9611
Oncoming,Base,3738708817,1,0.515523,0.9611
Oncoming,Base,3738708818,0,0.907461,0.9611
Oncoming,Base,3738708819,1,0.406147,0.9611
Oncoming,Base,3738708820,1,0.286341,0.9611
Oncoming,Base,3738708821,1,0.491071,0.9611
Oncoming,Base,3738708822,0,0.855025,0.9611
Oncoming,Base,3738708823,1,0.333266,0.9611
Oncoming,Base,3738708824,1,0.833044,0.9611
Oncoming,Base,3738708825,1,0.308711,0.9611
Oncoming,Base,3738708826,1,0.242296,0.9611
Oncoming,Base,3738708827,1,0.845856,0.9556
Oncoming,Base,3738708828,1,0.583264,0.9611
Oncoming,Base,3738708829,0,1.524474,0.9501
Oncoming,Base,3738708830,1,0.508846,0.9611
Oncoming,Base,3738708831,1,0.344398,0.9611
Oncoming,Base,3738708832,1,0.377869,0.9611
Oncoming,Base,3738708833,0,1.338361,0.9501
Oncoming,Base,3738708834,1,0.592197,0.9611
Oncoming,Base,3738708835,1,0.796809,0.9611
Oncoming,Base,3738708836,0,2.060767,0.9666
Oncoming,Base,3738708837,1,0.405500,0.9611
Oncoming,Base,3738708838,1,0.438814,0.9611
Oncoming,Base,3738708839,0,1.917720,0.9666
Oncoming,Base,3738708840,0,1.126380,0.9611
Oncoming,Base,3738708841,0,1.568616,0.9611
Oncoming,Base,3738708842,1,0.313197,0.9611
Oncoming,Base,3738708843,0,0.967385,0.9611
Oncoming,Base,3738708844,1,0.423238,0.9611
Oncoming,Base,3738708845,1,0.429667,0.9611
Oncoming,Base,3738708846,1,0.264082,0.9611
Oncoming,Base,3738708847,1,0.293602,0.9611
Oncoming,Base,3738708848,0,1.023566,0.9501
Oncoming,Base,3738708849,1,0.411634,0.9611
Oncoming,Base,3738708850,1,0.392012,0.9611
Oncoming,Base,3738708851,1,0.706715,0.9611
Oncoming,Base,3738708852,1,0.453550,0.9556
Oncoming,Base,3738708853,1,0.496989,0.9611
Oncoming,Base,3738708854,1,0.260787,0.9611
Oncoming,Base,3738708855,0,1.040457,0.9611
Oncoming,Base,3738708856,1,0.594622,0.9611
Oncoming,Base,3738708857,0,1.197995,0.9611
Oncoming,Base,3738708858,1,0.262909,0.9611
Oncoming,Base,3738708859,1,0.349233,0.9611
Oncoming,Base,3738708860,1,0.193745,0.9611
Oncoming,Base,3738708861,1,0.374236,0.9611
Oncoming,Base,3738708862,1,0.455489,0.9611
Oncoming,Base,3738708863,1,0.451579,0.9611
Oncoming,Base,3738708864,0,1.105629,0.9611
Oncoming,Base,3738708865,1,0.603745,0.9611
Oncoming,Base,3738708866,1,0.828998,0.9611
Oncoming,Base,3738708867,1,0.414686,0.9611
Oncoming,Base,3738708868,1,0.702075,0.9611
Oncoming,Base,3738708869,1,0.315689,0.9611
Oncoming,Base,3738708870,1,0.699442,0.9611
Oncoming,Base,3738708871,1,0.765682,0.9611
Oncoming,Base,3738708872,1,0.744371,0.9611
Oncoming,Base,3738708873,0,1.777409,0.9666
Oncoming,Base,3738708874,1,0.309417,0.9611
Oncoming,Base,3738708875,0,1.706443,0.9611
Oncoming,Base,3738708876,1,0.355592,0.9611
Oncoming,Base,3738708877,1,0.474247,0.9611
Oncoming,Base,3738708878,1,0.429647,0.9611
Oncoming,Base,3738708879,1,0.592435,0.9611
Oncoming,Base,3738708880,1,0.293404,0.9611
Oncoming,Base,3738708881,1,0.195492,0.9611
Oncoming,Base,3738708882,1,0.311083,0.9611
Oncoming,Base,3738708883,1,0.164457,0.9611
Oncoming,Base,3738708884,1,0.648342,0.9611
Oncoming,Base,3738708885,1,0.625625,0.9611
Oncoming,Base,3738708886,0,1.350304,0.9611
Oncoming,Base,3738708887,1,0.577688,0.9611
Oncoming,Base,3738708888,1,0.410085,0.9611
Oncoming,Base,3738708889,1,0.379328,0.9611
Oncoming,Base,3738708890,0,1.396977,0.9666
Oncoming,Base,3738708891,0,0.856692,0.9611
Oncoming,Base,3738708892,1,0.238348,0.9611
Oncoming,Base,3738708893,1,0.617411,0.9501
Oncoming,Base,3738708894,1,0.446106,0.9611
Oncoming,Base,3738708895,0,0.879904,0.9611
Oncoming,Base,3738708896,1,0.293304,0.9611
Oncoming,Base,3738708897,1,0.235706,0.9556
Oncoming,Base,3738708898,1,0.502983,0.9556
Oncoming,Base,3738708899,1,0.368126,0.9611
Oncoming,Base,3738708900,1,0.665105,0.9611
Oncoming,Base,3738708901,1,0.514437,0.9611
Oncoming,Base,3738708902,1,0.596864,0.9611
Oncoming,Base,3738708903,1,0.473882,0.9611
Oncoming,Base,3738708904,1,0.489395,0.9611
Oncoming,Base,3738708905,1,0.576501,0.9611
Oncoming,Base,3738708906,1,0.378177,0.9556
Oncoming,Base,3738708907,0,2.172955,0.9611
Oncoming,Base,3738708908,1,0.374868,0.9611
Oncoming,Base,3738708909,0,1.004000,0.9611
Oncoming,Base,3738708910,0,1.748560,0.9611
Oncoming,Base,3738708911,1,0.268156,0.9611
Oncoming,Base,3738708912,1,0.468089,0.9611
Oncoming,Base,3738708913,1,0.487299,0.9611
Oncoming,Base,3738708914,1,0.836788,0.9611
Oncoming,Base,3738708915,1,0.705659,0.9611
Oncoming,Base,3738708916,1,0.722120,0.9611
Oncoming,Base,3738708917,0,1.377330,0.9611
Oncoming,Base,3738708918,1,0.287273,0.9611
Oncoming,Base,3738708919,0,0.969519,0.9611
Oncoming,Base,3738708920,1,0.796438,0.9611
Oncoming,Base,3738708921,0,1.079571,0.5416
Oncoming,Base,3738708922,1,0.496035,0.9611
Oncoming,Base,3738708923,0,1.118010,0.9611
Oncoming,Base,3738708924,1,0.382312,0.9611
Oncoming,Base,3738708925,1,0.284391,0.9611
Oncoming,Base,3738708926,1,0.462894,0.9611
Oncoming,Base,3738708927,1,0.807116,0.9501
Oncoming,Base,3738708928,1,0.150348,0.9611
Oncoming,Base,3738708929,1,0.417851,0.9611
Oncoming,Base,3738708930,0,1.514281,0.5471
Oncoming,Base,3738708931,1,0.510840,0.9611
Oncoming,Base,3738708932,0,1.799328,0.9666
Oncoming,Base,3738708933,1,0.652699,0.9556
Oncoming,Base,3738708934,1,0.564181,0.9611
Oncoming,Base,3738708935,1,0.258059,0.9611
Oncoming,Base,3738708936,1,0.055813,0.9611
Oncoming,Base,3738708937,1,0.613367,0.9611
Oncoming,Base,3738708938,0,1.551232,0.9666
Oncoming,Base,3738708939,0,1.789089,0.9501
Oncoming,Base,3738708940,1,0.348786,0.9611
Oncoming,Base,3738708941,1,0.436019,0.9611
Oncoming,Base,3738708942,1,0.294202,0.9611
Oncoming,Base,3738708943,1,0.483052,0.9611
Oncoming,Base,3738708944,1,0.168055,0.9611
Oncoming,Base,3738708945,1,0.327928,0.9611
Oncoming,Base,3738708946,0,1.689530,0.9501
Oncoming,Base,3738708947,1,0.594537,0.9611
Oncoming,Base,3738708948,1,0.659365,0.9611
Oncoming,Base,3738708949,1,0.576184,0.9611
Oncoming,Base,3738708950,0,1.715181,0.9501
Oncoming,Base,3738708951,1,0.217369,0.9611
Oncoming,Base,3738708952,1,0.471656,0.9611
Oncoming,Base,3738708953,1,0.380612,0.9611
Oncoming,Base,3738708954,1,0.463044,0.9611
Oncoming,Base,3738708955,1,0.424666,0.9611
Oncoming,Base,3738708956,1,0.723351,0.9556
Oncoming,Base,3738708957,1,0.389375,0.9611
Oncoming,Base,3738708958,1,0.049465,0.9611
Oncoming,Base,3738708959,1,0.527360,0.9611
Oncoming,Base,3738708960,0,0.993560,0.9611
Oncoming,Base,3738708961,1,0.758851,0.9611
Oncoming,Base,3738708962,0,1.553443,0.5416
Oncoming,Base,3738708963,1,0.670676,0.9611
Oncoming,Base,3738708964,1,0.364742,0.9611
Oncoming,Base,3738708965,1,0.194805,0.9611
Oncoming,Base,3738708966,1,0.703039,0.9611
Oncoming,Base,3738708967,1,0.391755,0.9611
Oncoming,Base,3738708968,0,1.115002,0.9611
Oncoming,Base,3738708969,1,0.719055,0.9611
Oncoming,Base,3738708970,1,0.420347,0.9611
Oncoming,Base,3738708971,1,0.681802,0.9611
Oncoming,Base,3738708972,1,0.594250,0.9611
Oncoming,Base,3738708973,0,0.999580,0.9611
Oncoming,Base,3738708974,0,1.031050,0.9611
Oncoming,Base,3738708975,1,0.498052,0.9611
Oncoming,Base,3738708976,1,0.710772,0.9611
Oncoming,Base,3738708977,0,1.419185,0.9611
Oncoming,Base,3738708978,1,0.430334,0.9611
Oncoming,Base,3738708979,1,0.550456,0.9611
Oncoming,Base,3738708980,1,0.133168,0.9611
Oncoming,Base,3738708981,1,0.712753,0.9611
Oncoming,Base,3738708982,1,0.409146,0.9611
Oncoming,Base,3738708983,1,0.393456,0.9611
Oncoming,Base,3738708984,0,1.613641,0.9501
Oncoming,Base,3738708985,1,0.612760,0.9611
Oncoming,Base,3738708986,1,0.393332,0.9611
Oncoming,Base,3738708987,1,0.644293,0.9611
Oncoming,Base,3738708988,1,0.566994,0.9611
Oncoming,Base,3738708989,1,0.359949,0.9611
Oncoming,Base,3738708990,1,0.681988,0.9611
Oncoming,Base,3738708991,1,0.627026,0.9611
Oncoming,Base,3738708992,0,1.114176,0.9611
Oncoming,Base,3738708993,0,1.399100,0.9611
Oncoming,Base,3738708994,1,0.475657,0.9611
Oncoming,Base,3738708995,1,0.460612,0.9611
Oncoming,Base,3738708996,1,0.715203,0.9611
Oncoming,Base,3738708997,1,0.739076,0.5690
Oncoming,Base,3738708998,1,0.496281,0.9611
Oncoming,Base,3738708999,1,0.257688,0.9611
Oncoming,Base,3738709000,1,0.374619,0.9501
Oncoming,Base,3738709001,0,1.653848,0.9556
Oncoming,Base,3738709002,1,0.249097,0.9611
Oncoming,Base,3738709003,1,0.703672,0.9611
Oncoming,Base,3738709004,1,0.343061,0.9611
Oncoming,Base,3738709005,1,0.803157,0.9611
Oncoming,Base,3738709006,1,0.312653,0.9611
Oncoming,Base,3738709007,0,0.856597,0.9556
Oncoming,Base,3738709008,0,1.741592,0.9666
Oncoming,Base,3738709009,1,0.678771,0.9611
Oncoming,Base,3738709010,0,1.992537,0.9611
Oncoming,Base,3738709011,1,0.440579,0.9611
Oncoming,Base,3738709012,0,1.405630,0.9611
Oncoming,Base,3738709013,1,0.457817,0.9611
Oncoming,Base,3738709014,0,1.741021,0.5416
Oncoming,Base,3738709015,1,0.661116,0.9611
Oncoming,Base,3738709016,1,0.553487,0.9611
Oncoming,Base,3738709017,0,0.883576,0.9611
Oncoming,Base,3738709018,1,0.635744,0.9611
Oncoming,Base,3738709019,0,1.403608,0.9556
Oncoming,Base,3738709020,1,0.320406,0.9611
Oncoming,Base,3738709021,1,0.634858,0.9611
Oncoming,Base,3738709022,0,0.904051,0.9611
Oncoming,Base,3738709023,1,0.353816,0.9611
Oncoming,Base,3738709024,0,1.159354,0.5690
Oncoming,Base,3738709025,0,1.445099,0.5471
Oncoming,Base,3738709026,1,0.437411,0.9611
Oncoming,Base,3738709027,1,0.455349,0.9611
Oncoming,Base,3738709028,1,0.488518,0.9611
Oncoming,Base,3738709029,1,0.512810,0.9611
Oncoming,Base,3738709030,1,0.436591,0.9611
Oncoming,Base,3738709031,0,1.181442,0.9611
Oncoming,Base,3738709032,1,0.742527,0.9611
Oncoming,Base,3738709033,0,1.289970,0.9611
Oncoming,Base,3738709034,1,0.359447,0.9611
Oncoming,Base,3738709035,1,0.444043,0.9611
Oncoming,Base,3738709036,0,1.294191,0.9611
Oncoming,Base,3738709037,1,0.624988,0.9611
Oncoming,Base,3738709038,1,0.420973,0.9611
Oncoming,Base,3738709039,0,0.859885,0.9611
Oncoming,Base,3738709040,1,0.562833,0.5306
Oncoming,Base,3738709041,1,0.515210,0.9611
Oncoming,WDRO-inject-K1,3738807042,0,1.142737,0.9611
Oncoming,WDRO-inject-K1,3738807043,0,1.431443,0.9611
Oncoming,WDRO-inject-K1,3738807044,0,1.165736,0.9611
Oncoming,WDRO-inject-K1,3738807045,0,1.092029,0.9611
Oncoming,WDRO-inject-K1,3738807046,0,1.363222,0.9611
Oncoming,WDRO-inject-K1,3738807047,0,1.187816,0.9556
Oncoming,WDRO-inject-K1,3738807048,0,1.190885,0.9501
Oncoming,WDRO-inject-K1,3738807049,0,1.210916,0.9611
Oncoming,WDRO-inject-K1,3738807050,0,1.153128,0.9501
Oncoming,WDRO-inject-K1,3738807051,0,1.175724,0.9556
Oncoming,WDRO-inject-K1,3738807052,0,1.123043,0.9611
Oncoming,WDRO-inject-K1,3738807053,0,1.097943,0.9611
Oncoming,WDRO-inject-K1,3738807054,0,1.082310,0.9501
Oncoming,WDRO-inject-K1,3738807055,0,1.189864,0.9501
Oncoming,WDRO-inject-K1,3738807056,0,1.266589,0.9556
Oncoming,WDRO-inject-K1,3738807057,0,1.019444,0.9611
Oncoming,WDRO-inject-K1,3738807058,0,1.041824,0.9501
Oncoming,WDRO-inject-K1,3738807059,0,1.252835,0.9611
Oncoming,WDRO-inject-K1,3738807060,0,1.302043,0.9611
Oncoming,WDRO-inject-K1,3738807061,0,1.085850,0.9611
Oncoming,WDRO-inject-K1,3738807062,0,1.595410,0.9501
Oncoming,WDRO-inject-K1,3738807063,0,1.225459,0.9611
Oncoming,WDRO-inject-K1,3738807064,0,1.302983,0.9611
Oncoming,WDRO-inject-K1,3738807065,0,0.957145,0.9611
Oncoming,WDRO-inject-K1,3738807066,0,1.138601,0.9611
Oncoming,WDRO-inject-K1,3738807067,0,1.480493,0.9556
Oncoming,WDRO-inject-K1,3738807068,0,1.120364,0.9611
Oncoming,WDRO-inject-K1,3738807069,0,1.034270,0.9611
Oncoming,WDRO-inject-K1,3738807070,0,1.166074,0.9611
Oncoming,WDRO-inject-K1,3738807071,0,1.109411,0.9611
Oncoming,WDRO-inject-K1,3738807072,0,1.073690,0.9611
Oncoming,WDRO-inject-K1,3738807073,0,1.329975,0.9611
Oncoming,WDRO-inject-K1,3738807074,0,1.198637,0.9611
Oncoming,WDRO-inject-K1,3738807075,0,1.497510,0.9611
Oncoming,WDRO-inject-K1,3738807076,1,0.758534,0.9611
Oncoming,WDRO-inject-K1,3738807077,0,1.201763,0.9556
Oncoming,WDRO-inject-K1,3738807078,0,0.850639,0.9611
Oncoming,WDRO-inject-K1,3738807079,0,1.224194,0.9611
Oncoming,WDRO-inject-K1,3738807080,0,1.168004,0.9611
Oncoming,WDRO-inject-K1,3738807081,0,1.382476,0.9611
Oncoming,WDRO-inject-K1,3738807082,0,1.157111,0.9611
Oncoming,WDRO-inject-K1,3738807083,0,0.979837,0.9611
Oncoming,WDRO-inject-K1,3738807084,0,1.201518,0.9611
Oncoming,WDRO-inject-K1,3738807085,0,1.271554,0.9501
Oncoming,WDRO-inject-K1,3738807086,0,1.486037,0.9611
Oncoming,WDRO-inject-K1,3738807087,0,1.318723,0.9611
Oncoming,WDRO-inject-K1,3738807088,0,1.173759,0.9611
Oncoming,WDRO-inject-K1,3738807089,0,1.300826,0.9501
Oncoming,WDRO-inject-K1,3738807090,0,1.079033,0.9611
Oncoming,WDRO-inject-K1,3738807091,0,1.289980,0.9501
Oncoming,WDRO-inject-K1,3738807092,0,1.182531,0.9611
Oncoming,WDRO-inject-K1,3738807093,0,0.968038,0.9501
Oncoming,WDRO-inject-K1,3738807094,0,1.466360,0.9611
Oncoming,WDRO-inject-K1,3738807095,0,1.116645,0.9611
Oncoming,WDRO-inject-K1,3738807096,0,1.132658,0.9611
Oncoming,WDRO-inject-K1,3738807097,0,1.289485,0.9611
Oncoming,WDRO-inject-K1,3738807098,0,1.293988,0.9611
Oncoming,WDRO-inject-K1,3738807099,0,0.985960,0.9611
Oncoming,WDRO-inject-K1,3738807100,0,0.898908,0.9501
Oncoming,WDRO-inject-K1,3738807101,0,1.203515,0.9501
Oncoming,WDRO-inject-K1,3738807102,0,1.029139,0.9556
Oncoming,WDRO-inject-K1,3738807103,0,0.952513,0.9611
Oncoming,WDRO-inject-K1,3738807104,0,1.014810,0.9556
Oncoming,WDRO-inject-K1,3738807105,0,1.197344,0.9501
Oncoming,WDRO-inject-K1,3738807106,0,1.013616,0.9611
Oncoming,WDRO-inject-K1,3738807107,0,1.167416,0.9611
Oncoming,WDRO-inject-K1,3738807108,0,1.177251,0.9556
Oncoming,WDRO-inject-K1,3738807109,0,0.960328,0.9611
Oncoming,WDRO-inject-K1,3738807110,0,1.356929,0.9611
Oncoming,WDRO-inject-K1,3738807111,0,1.132196,0.9611
Oncoming,WDRO-inject-K1,3738807112,1,0.060342,0.9501
Oncoming,WDRO-inject-K1,3738807113,0,1.212681,0.9611
Oncoming,WDRO-inject-K1,3738807114,0,1.050497,0.9501
Oncoming,WDRO-inject-K1,3738807115,0,1.045931,0.9556
Oncoming,WDRO-inject-K1,3738807116,0,0.945225,0.9556
Oncoming,WDRO-inject-K1,3738807117,0,1.052528,0.9611
Oncoming,WDRO-inject-K1,3738807118,0,1.144908,0.9611
Oncoming,WDRO-inject-K1,3738807119,0,0.976194,0.9556
Oncoming,WDRO-inject-K1,3738807120,0,1.282263,0.9611
Oncoming,WDRO-inject-K1,3738807121,0,1.007973,0.9611
Oncoming,WDRO-inject-K1,3738807122,1,0.599131,0.9556
Oncoming,WDRO-inject-K1,3738807123,0,1.187604,0.9611
Oncoming,WDRO-inject-K1,3738807124,0,1.013779,0.9611
Oncoming,WDRO-inject-K1,3738807125,0,1.101401,0.9556
Oncoming,WDRO-inject-K1,3738807126,0,1.030718,0.9501
Oncoming,WDRO-inject-K1,3738807127,0,1.300047,0.9611
Oncoming,WDRO-inject-K1,3738807128,0,1.378464,0.9611
Oncoming,WDRO-inject-K1,3738807129,0,1.156484,0.9611
Oncoming,WDRO-inject-K1,3738807130,0,1.282884,0.9611
Oncoming,WDRO-inject-K1,3738807131,0,1.020948,0.9611
Oncoming,WDRO-inject-K1,3738807132,0,1.091262,0.9611
Oncoming,WDRO-inject-K1,3738807133,0,0.905088,0.9611
Oncoming,WDRO-inject-K1,3738807134,0,1.018548,0.9501
Oncoming,WDRO-inject-K1,3738807135,0,1.445883,0.9611
Oncoming,WDRO-inject-K1,3738807136,0,1.010168,0.9556
Oncoming,WDRO-inject-K1,3738807137,0,1.170782,0.9611
Oncoming,WDRO-inject-K1,3738807138,0,1.066390,0.9501
Oncoming,WDRO-inject-K1,3738807139,0,1.036318,0.9611
Oncoming,WDRO-inject-K1,3738807140,0,1.165123,0.9501
Oncoming,WDRO-inject-K1,3738807141,0,1.140301,0.9611
Oncoming,WDRO-inject-K1,3738807142,0,0.862472,0.9611
Oncoming,WDRO-inject-K1,3738807143,0,0.899455,0.9611
Oncoming,WDRO-inject-K1,3738807144,0,1.005512,0.9611
Oncoming,WDRO-inject-K1,3738807145,0,1.059137,0.9556
Oncoming,WDRO-inject-K1,3738807146,0,1.005717,0.9611
Oncoming,WDRO-inject-K1,3738807147,0,1.217635,0.9501
Oncoming,WDRO-inject-K1,3738807148,0,1.115242,0.9611
Oncoming,WDRO-inject-K1,3738807149,0,1.344756,0.9556
Oncoming,WDRO-inject-K1,3738807150,0,1.017062,0.9611
Oncoming,WDRO-inject-K1,3738807151,0,1.066604,0.9611
Oncoming,WDRO-inject-K1,3738807152,0,1.046984,0.9501
Oncoming,WDRO-inject-K1,3738807153,0,1.099568,0.9611
Oncoming,WDRO-inject-K1,3738807154,1,0.074179,0.9501
Oncoming,WDRO-inject-K1,3738807155,0,0.926670,0.9611
Oncoming,WDRO-inject-K1,3738807156,0,0.857260,0.9611
Oncoming,WDRO-inject-K1,3738807157,0,1.076973,0.9556
Oncoming,WDRO-inject-K1,3738807158,0,1.253649,0.9501
Oncoming,WDRO-inject-K1,3738807159,0,1.104791,0.9611
Oncoming,WDRO-inject-K1,3738807160,0,1.117558,0.9611
Oncoming,WDRO-inject-K1,3738807161,0,1.245772,0.9611
Oncoming,WDRO-inject-K1,3738807162,0,1.022199,0.9611
Oncoming,WDRO-inject-K1,3738807163,0,0.992020,0.9611
Oncoming,WDRO-inject-K1,3738807164,0,1.076810,0.9611
Oncoming,WDRO-inject-K1,3738807165,0,1.058396,0.9556
Oncoming,WDRO-inject-K1,3738807166,0,0.957663,0.9501
Oncoming,WDRO-inject-K1,3738807167,0,1.327134,0.9501
Oncoming,WDRO-inject-K1,3738807168,0,1.097140,0.9611
Oncoming,WDRO-inject-K1,3738807169,1,0.592896,0.9556
Oncoming,WDRO-inject-K1,3738807170,0,1.280918,0.9611
Oncoming,WDRO-inject-K1,3738807171,0,1.028524,0.9556
Oncoming,WDRO-inject-K1,3738807172,0,1.708928,0.9501
Oncoming,WDRO-inject-K1,3738807173,0,1.191561,0.9611
Oncoming,WDRO-inject-K1,3738807174,0,0.900259,0.9501
Oncoming,WDRO-inject-K1,3738807175,0,0.991745,0.9611
Oncoming,WDRO-inject-K1,3738807176,0,1.035609,0.9501
Oncoming,WDRO-inject-K1,3738807177,0,0.983431,0.9501
Oncoming,WDRO-inject-K1,3738807178,1,0.097429,0.9556
Oncoming,WDRO-inject-K1,3738807179,0,1.053792,0.9501
Oncoming,WDRO-inject-K1,3738807180,0,1.144485,0.9611
Oncoming,WDRO-inject-K1,3738807181,0,1.163304,0.9611
Oncoming,WDRO-inject-K1,3738807182,1,0.535302,0.9611
Oncoming,WDRO-inject-K1,3738807183,1,0.210327,0.9556
Oncoming,WDRO-inject-K1,3738807184,0,1.144699,0.9611
Oncoming,WDRO-inject-K1,3738807185,0,0.878181,0.9556
Oncoming,WDRO-inject-K1,3738807186,0,1.297498,0.9556
Oncoming,WDRO-inject-K1,3738807187,0,1.233783,0.9611
Oncoming,WDRO-inject-K1,3738807188,0,1.660353,0.9611
Oncoming,WDRO-inject-K1,3738807189,0,0.888195,0.9556
Oncoming,WDRO-inject-K1,3738807190,0,1.198715,0.9556
Oncoming,WDRO-inject-K1,3738807191,0,1.206045,0.9611
Oncoming,WDRO-inject-K1,3738807192,0,0.999091,0.9611
Oncoming,WDRO-inject-K1,3738807193,0,0.878821,0.9556
Oncoming,WDRO-inject-K1,3738807194,0,1.128280,0.9611
Oncoming,WDRO-inject-K1,3738807195,0,1.242463,0.9611
Oncoming,WDRO-inject-K1,3738807196,1,0.720731,0.9556
Oncoming,WDRO-inject-K1,3738807197,1,0.412141,0.9556
Oncoming,WDRO-inject-K1,3738807198,0,1.051660,0.9611
Oncoming,WDRO-inject-K1,3738807199,0,1.039509,0.9611
Oncoming,WDRO-inject-K1,3738807200,0,1.128566,0.9611
Oncoming,WDRO-inject-K1,3738807201,0,1.090084,0.9501
Oncoming,WDRO-inject-K1,3738807202,0,1.271368,0.9611
Oncoming,WDRO-inject-K1,3738807203,0,1.065416,0.9501
Oncoming,WDRO-inject-K1,3738807204,0,1.448622,0.9611
Oncoming,WDRO-inject-K1,3738807205,0,1.094658,0.9611
Oncoming,WDRO-inject-K1,3738807206,0,1.263646,0.9611
Oncoming,WDRO-inject-K1,3738807207,0,1.154647,0.9611
Oncoming,WDRO-inject-K1,3738807208,0,1.185151,0.9501
Oncoming,WDRO-inject-K1,3738807209,0,1.390175,0.9556
Oncoming,WDRO-inject-K1,3738807210,0,1.020693,0.9556
Oncoming,WDRO-inject-K1,3738807211,0,1.209793,0.9556
Oncoming,WDRO-inject-K1,3738807212,0,1.040913,0.9611
Oncoming,WDRO-inject-K1,3738807213,0,1.215855,0.9611
Oncoming,WDRO-inject-K1,3738807214,0,0.996623,0.9611
Oncoming,WDRO-inject-K1,3738807215,0,1.314889,0.9501
Oncoming,WDRO-inject-K1,3738807216,0,0.975411,0.9556
Oncoming,WDRO-inject-K1,3738807217,0,1.149919,0.9556
Oncoming,WDRO-inject-K1,3738807218,0,1.025200,0.9611
Oncoming,WDRO-inject-K1,3738807219,0,1.127191,0.9611
Oncoming,WDRO-inject-K1,3738807220,0,1.011680,0.9611
Oncoming,WDRO-inject-K1,3738807221,0,1.121700,0.9611
Oncoming,WDRO-inject-K1,3738807222,0,1.057702,0.9556
Oncoming,WDRO-inject-K1,3738807223,0,1.698408,0.9501
Oncoming,WDRO-inject-K1,3738807224,0,1.054577,0.9611
Oncoming,WDRO-inject-K1,3738807225,0,1.189093,0.9501
Oncoming,WDRO-inject-K1,3738807226,0,1.049882,0.9611
Oncoming,WDRO-inject-K1,3738807227,0,1.199888,0.9611
Oncoming,WDRO-inject-K1,3738807228,0,0.997729,0.9611
Oncoming,WDRO-inject-K1,3738807229,0,1.145828,0.9556
Oncoming,WDRO-inject-K1,3738807230,0,1.135739,0.9611
Oncoming,WDRO-inject-K1,3738807231,0,1.245521,0.9611
Oncoming,WDRO-inject-K1,3738807232,0,1.139681,0.9611
Oncoming,WDRO-inject-K1,3738807233,0,1.184193,0.9611
Oncoming,WDRO-inject-K1,3738807234,0,1.019261,0.9611
Oncoming,WDRO-inject-K1,3738807235,0,1.653744,0.9501
Oncoming,WDRO-inject-K1,3738807236,1,0.465345,0.9611
Oncoming,WDRO-inject-K1,3738807237,0,1.015289,0.9556
Oncoming,WDRO-inject-K1,3738807238,0,1.230891,0.9611
Oncoming,WDRO-inject-K1,3738807239,0,1.417637,0.9611
Oncoming,WDRO-inject-K1,3738807240,1,0.583849,0.9611
Oncoming,WDRO-inject-K1,3738807241,0,0.992436,0.9611
Oncoming,WDRO-inject-K1,3738807242,0,1.209924,0.9611
Oncoming,WDRO-inject-K1,3738807243,0,1.560491,0.9611
Oncoming,WDRO-inject-K1,3738807244,0,1.165227,0.9611
Oncoming,WDRO-inject-K1,3738807245,0,1.168954,0.9611
Oncoming,WDRO-inject-K1,3738807246,0,1.094191,0.9501
Oncoming,WDRO-inject-K1,3738807247,0,1.101955,0.9611
Oncoming,WDRO-inject-K1,3738807248,0,0.958993,0.9611
Oncoming,WDRO-inject-K1,3738807249,0,1.153200,0.9611
Oncoming,WDRO-inject-K1,3738807250,0,1.210864,0.9556
Oncoming,WDRO-inject-K1,3738807251,0,1.019337,0.9501
Oncoming,WDRO-inject-K1,3738807252,0,1.072848,0.9611
Oncoming,WDRO-inject-K1,3738807253,0,1.564378,0.9611
Oncoming,WDRO-inject-K1,3738807254,0,1.052582,0.9501
Oncoming,WDRO-inject-K1,3738807255,0,1.093021,0.9611
Oncoming,WDRO-inject-K1,3738807256,0,1.128649,0.9611
Oncoming,WDRO-inject-K1,3738807257,1,0.705037,0.9556
Oncoming,WDRO-inject-K1,3738807258,0,1.365857,0.9501
Oncoming,WDRO-inject-K1,3738807259,0,1.411639,0.9611
Oncoming,WDRO-inject-K1,3738807260,1,0.702979,0.9556
Oncoming,WDRO-inject-K1,3738807261,0,1.104427,0.9611
Oncoming,WDRO-inject-K1,3738807262,0,1.205651,0.9501
Oncoming,WDRO-inject-K1,3738807263,0,1.290098,0.9611
Oncoming,WDRO-inject-K1,3738807264,0,1.087077,0.9611
Oncoming,WDRO-inject-K1,3738807265,0,1.125287,0.9611
Oncoming,WDRO-inject-K1,3738807266,0,1.019806,0.9556
Oncoming,WDRO-inject-K1,3738807267,0,1.020690,0.9556
Oncoming,WDRO-inject-K1,3738807268,0,1.140242,0.9501
Oncoming,WDRO-inject-K1,3738807269,0,1.346281,0.9501
Oncoming,WDRO-inject-K1,3738807270,0,1.137289,0.9611
Oncoming,WDRO-inject-K1,3738807271,0,1.187781,0.9611
Oncoming,WDRO-inject-K1,3738807272,0,1.077063,0.9611
Oncoming,WDRO-inject-K1,3738807273,0,1.070338,0.9556
Oncoming,WDRO-inject-K1,3738807274,0,1.124756,0.9611
Oncoming,WDRO-inject-K1,3738807275,0,0.982464,0.9556
Oncoming,WDRO-inject-K1,3738807276,0,1.238140,0.9611
Oncoming,WDRO-inject-K1,3738807277,0,1.026316,0.9556
Oncoming,WDRO-inject-K1,3738807278,1,0.839664,0.9556
Oncoming,WDRO-inject-K1,3738807279,0,1.156609,0.9501
Oncoming,WDRO-inject-K1,3738807280,0,1.079938,0.9556
Oncoming,WDRO-inject-K1,3738807281,0,0.958024,0.9611
Oncoming,WDRO-inject-K1,3738807282,0,1.234722,0.9611
Oncoming,WDRO-inject-K1,3738807283,0,1.187231,0.9611
Oncoming,WDRO-inject-K1,3738807284,0,1.067703,0.9611
Oncoming,WDRO-inject-K1,3738807285,0,1.178735,0.9611
Oncoming,WDRO-inject-K1,3738807286,0,0.996539,0.9501
Oncoming,WDRO-inject-K1,3738807287,0,1.048557,0.9611
Oncoming,WDRO-inject-K1,3738807288,1,0.817321,0.9501
Oncoming,WDRO-inject-K1,3738807289,0,1.564704,0.9611
Oncoming,WDRO-inject-K1,3738807290,0,1.354742,0.9611
Oncoming,WDRO-inject-K1,3738807291,0,1.076217,0.9611
Oncoming,WDRO-inject-K1,3738807292,0,1.248158,0.9611
Oncoming,WDRO-inject-K1,3738807293,0,1.067170,0.9611
Oncoming,WDRO-inject-K1,3738807294,0,1.265752,0.9611
Oncoming,WDRO-inject-K1,3738807295,0,1.235112,0.9611
Oncoming,WDRO-inject-K1,3738807296,0,1.092098,0.9501
Oncoming,WDRO-inject-K1,3738807297,0,1.064880,0.9611
Oncoming,WDRO-inject-K1,3738807298,0,1.044268,0.9501
Oncoming,WDRO-inject-K1,3738807299,0,1.117632,0.9501
Oncoming,WDRO-inject-K1,3738807300,0,1.018279,0.9556
Oncoming,WDRO-inject-K1,3738807301,1,0.608949,0.9501
Oncoming,WDRO-inject-K1,3738807302,0,1.345860,0.9501
Oncoming,WDRO-inject-K1,3738807303,1,0.768510,0.9611
Oncoming,WDRO-inject-K1,3738807304,0,1.184805,0.9556
Oncoming,WDRO-inject-K1,3738807305,0,1.347125,0.9556
Oncoming,WDRO-inject-K1,3738807306,0,1.290507,0.9556
Oncoming,WDRO-inject-K1,3738807307,0,1.273786,0.9611
Oncoming,WDRO-inject-K1,3738807308,0,0.981939,0.9611
Oncoming,WDRO-inject-K1,3738807309,1,0.277523,0.9501
Oncoming,WDRO-inject-K1,3738807310,0,1.370752,0.9611
Oncoming,WDRO-inject-K1,3738807311,0,1.224016,0.9611
Oncoming,WDRO-inject-K1,3738807312,1,0.809611,0.9611
Oncoming,WDRO-inject-K1,3738807313,0,1.482546,0.9611
Oncoming,WDRO-inject-K1,3738807314,1,0.708013,0.9611
Oncoming,WDRO-inject-K1,3738807315,0,1.017529,0.9611
Oncoming,WDRO-inject-K1,3738807316,0,1.006802,0.9611
Oncoming,WDRO-inject-K1,3738807317,0,1.067515,0.9501
Oncoming,WDRO-inject-K1,3738807318,0,1.183402,0.9611
Oncoming,WDRO-inject-K1,3738807319,1,0.554170,0.9611
Oncoming,WDRO-inject-K1,3738807320,0,1.286747,0.9611
Oncoming,WDRO-inject-K1,3738807321,0,1.292072,0.9611
Oncoming,WDRO-inject-K1,3738807322,0,1.031012,0.9611
Oncoming,WDRO-inject-K1,3738807323,0,1.163225,0.9611
Oncoming,WDRO-inject-K1,3738807324,0,1.169962,0.9611
Oncoming,WDRO-inject-K1,3738807325,0,1.120273,0.9611
Oncoming,WDRO-inject-K1,3738807326,0,1.310488,0.9611
Oncoming,WDRO-inject-K1,3738807327,0,0.976921,0.9611
Oncoming,WDRO-inject-K1,3738807328,0,1.388506,0.9611
Oncoming,WDRO-inject-K1,3738807329,0,1.341753,0.9611
Oncoming,WDRO-inject-K1,3738807330,1,0.764022,0.9556
Oncoming,WDRO-inject-K1,3738807331,0,0.972313,0.9556
Oncoming,WDRO-inject-K1,3738807332,1,0.224003,0.9501
Oncoming,WDRO-inject-K1,3738807333,0,1.236540,0.9611
Oncoming,WDRO-inject-K1,3738807334,0,1.024208,0.9556
Oncoming,WDRO-inject-K1,3738807335,0,1.067067,0.9611
Oncoming,WDRO-inject-K1,3738807336,0,1.269949,0.9611
Oncoming,WDRO-inject-K1,3738807337,0,1.049506,0.9611
Oncoming,WDRO-inject-K1,3738807338,0,1.006805,0.9666
Oncoming,WDRO-inject-K1,3738807339,0,1.151932,0.9611
Oncoming,WDRO-inject-K1,3738807340,0,1.240986,0.9611
Oncoming,WDRO-inject-K1,3738807341,0,1.215932,0.9611
Oncoming,WDRO-inject-K1,3738807342,0,1.095087,0.9611
Oncoming,WDRO-inject-K1,3738807343,0,0.950526,0.9611
Oncoming,WDRO-inject-K1,3738807344,0,1.048619,0.9611
Oncoming,WDRO-inject-K1,3738807345,0,1.142311,0.9556
Oncoming,WDRO-inject-K1,3738807346,0,0.852873,0.9611
Oncoming,WDRO-inject-K1,3738807347,0,0.864666,0.9556
Oncoming,WDRO-inject-K1,3738807348,0,1.066834,0.9556
Oncoming,WDRO-inject-K1,3738807349,0,1.112905,0.9611
Oncoming,WDRO-inject-K1,3738807350,0,1.200063,0.9611
Oncoming,WDRO-inject-K1,3738807351,0,1.109604,0.9501
Oncoming,WDRO-inject-K1,3738807352,0,1.158318,0.9611
Oncoming,WDRO-inject-K1,3738807353,0,1.063425,0.9611
Oncoming,WDRO-inject-K1,3738807354,1,0.145342,0.9556
Oncoming,WDRO-inject-K1,3738807355,0,1.247492,0.9611
Oncoming,WDRO-inject-K1,3738807356,0,1.114931,0.9611
Oncoming,WDRO-inject-K1,3738807357,0,1.037093,0.9611
Oncoming,WDRO-inject-K1,3738807358,0,1.149091,0.9611
Oncoming,WDRO-inject-K1,3738807359,1,0.620043,0.9611
Oncoming,WDRO-inject-K1,3738807360,0,1.055562,0.9611
Oncoming,WDRO-inject-K1,3738807361,0,1.089686,0.9611
Oncoming,WDRO-inject-K1,3738807362,0,1.089998,0.9611
Oncoming,WDRO-inject-K1,3738807363,0,1.346582,0.9611
Oncoming,WDRO-inject-K1,3738807364,0,0.908080,0.9556
Oncoming,WDRO-inject-K1,3738807365,0,1.288472,0.9611
Oncoming,WDRO-inject-K1,3738807366,0,1.301170,0.9501
Oncoming,WDRO-inject-K1,3738807367,0,1.013815,0.9611
Oncoming,WDRO-inject-K1,3738807368,0,1.401660,0.9611
Oncoming,WDRO-inject-K1,3738807369,0,1.122127,0.9611
Oncoming,WDRO-inject-K1,3738807370,0,0.964965,0.9611
Oncoming,WDRO-inject-K1,3738807371,0,1.267259,0.9611
Oncoming,WDRO-inject-K1,3738807372,0,1.067736,0.9556
Oncoming,WDRO-inject-K1,3738807373,0,1.110715,0.9611
Oncoming,WDRO-inject-K1,3738807374,0,1.093271,0.9501
Oncoming,WDRO-inject-K1,3738807375,0,1.087718,0.9611
Oncoming,WDRO-inject-K1,3738807376,1,0.455795,0.9556
Oncoming,WDRO-inject-K1,3738807377,0,1.140192,0.9501
Oncoming,WDRO-inject-K1,3738807378,0,1.044209,0.9501
Oncoming,WDRO-inject-K1,3738807379,0,1.440723,0.9611
Oncoming,WDRO-inject-K1,3738807380,1,0.551619,0.9611
Oncoming,WDRO-inject-K1,3738807381,1,0.666979,0.9611
Oncoming,WDRO-inject-K1,3738807382,0,0.990892,0.9611
Oncoming,WDRO-inject-K1,3738807383,0,0.961046,0.9611
Oncoming,WDRO-inject-K1,3738807384,0,1.595161,0.9611
Oncoming,WDRO-inject-K1,3738807385,0,1.083341,0.9611
Oncoming,WDRO-inject-K1,3738807386,1,0.719365,0.9556
Oncoming,WDRO-inject-K1,3738807387,0,1.497802,0.9611
Oncoming,WDRO-inject-K1,3738807388,0,1.201831,0.9501
Oncoming,WDRO-inject-K1,3738807389,0,1.133473,0.9611
Oncoming,WDRO-inject-K1,3738807390,0,1.336808,0.9611
Oncoming,WDRO-inject-K1,3738807391,1,0.845510,0.9556
Oncoming,WDRO-inject-K1,3738807392,0,1.016036,0.9611
Oncoming,WDRO-inject-K1,3738807393,0,1.239529,0.9611
Oncoming,WDRO-inject-K1,3738807394,1,0.703236,0.9501
Oncoming,WDRO-inject-K1,3738807395,0,1.640528,0.9611
Oncoming,WDRO-inject-K1,3738807396,0,1.247120,0.9501
Oncoming,WDRO-inject-K1,3738807397,0,1.047912,0.9501
Oncoming,WDRO-inject-K1,3738807398,1,0.695889,0.9556
Oncoming,WDRO-inject-K1,3738807399,0,1.157673,0.9611
Oncoming,WDRO-inject-K1,3738807400,0,1.326729,0.9611
Oncoming,WDRO-inject-K1,3738807401,0,1.050508,0.9556
Oncoming,WDRO-inject-K1,3738807402,0,1.109501,0.9666
Oncoming,WDRO-inject-K1,3738807403,0,0.932337,0.9556
Oncoming,WDRO-inject-K1,3738807404,0,1.213237,0.9611
Oncoming,WDRO-inject-K1,3738807405,0,1.380106,0.9556
Oncoming,WDRO-inject-K1,3738807406,1,0.839835,0.9611
Oncoming,WDRO-inject-K1,3738807407,0,1.206976,0.9611
Oncoming,WDRO-inject-K1,3738807408,0,0.975464,0.9556
Oncoming,WDRO-inject-K1,3738807409,1,0.809703,0.9501
Oncoming,WDRO-inject-K1,3738807410,1,0.314140,0.9501
Oncoming,WDRO-inject-K1,3738807411,0,1.357029,0.9611
Oncoming,WDRO-inject-K1,3738807412,0,1.256492,0.9611
Oncoming,WDRO-inject-K1,3738807413,0,1.150380,0.9611
Oncoming,WDRO-inject-K1,3738807414,0,1.035785,0.9611
Oncoming,WDRO-inject-K1,3738807415,0,1.024831,0.9611
Oncoming,WDRO-inject-K1,3738807416,0,1.021001,0.9501
Oncoming,WDRO-inject-K1,3738807417,0,1.208743,0.9611
Oncoming,WDRO-inject-K1,3738807418,1,0.486830,0.9556
Oncoming,WDRO-inject-K1,3738807419,0,1.084613,0.9556
Oncoming,WDRO-inject-K1,3738807420,0,1.028652,0.9501
Oncoming,WDRO-inject-K1,3738807421,0,0.994947,0.9611
Oncoming,WDRO-inject-K1,3738807422,0,1.170111,0.9611
Oncoming,WDRO-inject-K1,3738807423,0,1.323594,0.9556
Oncoming,WDRO-inject-K1,3738807424,0,1.573260,0.9611
Oncoming,WDRO-inject-K1,3738807425,0,1.514965,0.9501
Oncoming,WDRO-inject-K1,3738807426,0,0.998886,0.9611
Oncoming,WDRO-inject-K1,3738807427,0,1.215911,0.9611
Oncoming,WDRO-inject-K1,3738807428,0,0.927697,0.9611
Oncoming,WDRO-inject-K1,3738807429,0,1.175520,0.9611
Oncoming,WDRO-inject-K1,3738807430,0,1.115141,0.9501
Oncoming,WDRO-inject-K1,3738807431,0,0.990931,0.9556
Oncoming,WDRO-inject-K1,3738807432,0,1.473471,0.9611
Oncoming,WDRO-inject-K1,3738807433,0,1.079215,0.9611
Oncoming,WDRO-inject-K1,3738807434,0,1.115880,0.9556
Oncoming,WDRO-inject-K1,3738807435,0,1.095723,0.9501
Oncoming,WDRO-inject-K1,3738807436,0,1.208981,0.9611
Oncoming,WDRO-inject-K1,3738807437,0,1.288151,0.9501
Oncoming,WDRO-inject-K1,3738807438,0,1.219877,0.9611
Oncoming,WDRO-inject-K1,3738807439,0,1.169908,0.9501
Oncoming,WDRO-inject-K1,3738807440,1,0.407295,0.9611
Oncoming,WDRO-inject-K1,3738807441,0,1.353484,0.9611
Oncoming,WDRO-inject-K1,3738807442,0,1.056063,0.9501
Oncoming,WDRO-inject-K1,3738807443,0,1.173082,0.9556
Oncoming,WDRO-inject-K1,3738807444,0,1.206879,0.9611
Oncoming,WDRO-inject-K1,3738807445,0,1.093457,0.9611
Oncoming,WDRO-inject-K1,3738807446,0,1.365135,0.9611
Oncoming,WDRO-inject-K1,3738807447,0,1.302906,0.9611
Oncoming,WDRO-inject-K1,3738807448,1,0.559178,0.9501
Oncoming,WDRO-inject-K1,3738807449,0,1.036058,0.9611
Oncoming,WDRO-inject-K1,3738807450,0,1.347756,0.9611
Oncoming,WDRO-inject-K1,3738807451,1,0.686268,0.9611
Oncoming,WDRO-inject-K1,3738807452,0,1.209387,0.9611
Oncoming,WDRO-inject-K1,3738807453,0,1.169261,0.9611
Oncoming,WDRO-inject-K1,3738807454,0,1.064988,0.9611
Oncoming,WDRO-inject-K1,3738807455,0,1.432445,0.9611
Oncoming,WDRO-inject-K1,3738807456,0,1.146325,0.9611
Oncoming,WDRO-inject-K1,3738807457,0,1.119662,0.9611
Oncoming,WDRO-inject-K1,3738807458,0,1.131277,0.9611
Oncoming,WDRO-inject-K1,3738807459,0,1.102935,0.9556
Oncoming,WDRO-inject-K1,3738807460,0,1.177011,0.9556
Oncoming,WDRO-inject-K1,3738807461,0,1.227627,0.9611
Oncoming,WDRO-inject-K1,3738807462,0,0.953917,0.9556
Oncoming,WDRO-inject-K1,3738807463,0,1.054466,0.9611
Oncoming,WDRO-inject-K1,3738807464,0,1.224191,0.9556
Oncoming,WDRO-inject-K1,3738807465,0,1.034351,0.9501
Oncoming,WDRO-inject-K1,3738807466,0,1.333984,0.9611
Oncoming,WDRO-inject-K1,3738807467,0,1.176140,0.9556
Oncoming,WDRO-inject-K1,3738807468,0,1.181853,0.9611
Oncoming,WDRO-inject-K1,3738807469,0,1.059256,0.9611
Oncoming,WDRO-inject-K1,3738807470,0,0.967341,0.9501
Oncoming,WDRO-inject-K1,3738807471,0,1.112782,0.9611
Oncoming,WDRO-inject-K1,3738807472,0,1.042416,0.9611
Oncoming,WDRO-inject-K1,3738807473,0,1.095329,0.9611
Oncoming,WDRO-inject-K1,3738807474,0,1.137106,0.9611
Oncoming,WDRO-inject-K1,3738807475,0,1.030047,0.9611
Oncoming,WDRO-inject-K1,3738807476,0,0.873840,0.9611
Oncoming,WDRO-inject-K1,3738807477,0,1.124261,0.9501
Oncoming,WDRO-inject-K1,3738807478,0,1.134764,0.9611
Oncoming,WDRO-inject-K1,3738807479,0,1.106645,0.9501
Oncoming,WDRO-inject-K1,3738807480,0,1.221871,0.9611
Oncoming,WDRO-inject-K1,3738807481,1,0.761267,0.9611
Oncoming,WDRO-inject-K1,3738807482,0,1.640942,0.9611
Oncoming,WDRO-inject-K1,3738807483,0,1.113865,0.9611
Oncoming,WDRO-inject-K1,3738807484,0,1.539844,0.9611
Oncoming,WDRO-inject-K1,3738807485,1,0.591636,0.9611
Oncoming,WDRO-inject-K1,3738807486,1,0.731789,0.9501
Oncoming,WDRO-inject-K1,3738807487,0,1.136602,0.9501
Oncoming,WDRO-inject-K1,3738807488,0,1.184251,0.9501
Oncoming,WDRO-inject-K1,3738807489,0,1.161784,0.9556
Oncoming,WDRO-inject-K1,3738807490,0,1.221809,0.9611
Oncoming,WDRO-inject-K1,3738807491,0,1.443250,0.9611
Oncoming,WDRO-inject-K1,3738807492,0,1.031721,0.9611
Oncoming,WDRO-inject-K1,3738807493,0,1.223089,0.9556
Oncoming,WDRO-inject-K1,3738807494,0,1.096045,0.9611
Oncoming,WDRO-inject-K1,3738807495,1,0.401114,0.9611
Oncoming,WDRO-inject-K1,3738807496,0,1.267720,0.9556
Oncoming,WDRO-inject-K1,3738807497,1,0.137422,0.9501
Oncoming,WDRO-inject-K1,3738807498,0,1.097515,0.9556
Oncoming,WDRO-inject-K1,3738807499,0,1.183966,0.9611
Oncoming,WDRO-inject-K1,3738807500,0,1.106748,0.9556
Oncoming,WDRO-inject-K1,3738807501,0,1.092201,0.9501
Oncoming,WDRO-inject-K1,3738807502,0,1.020195,0.9611
Oncoming,WDRO-inject-K1,3738807503,0,1.062460,0.9501
Oncoming,WDRO-inject-K1,3738807504,0,1.000435,0.9611
Oncoming,WDRO-inject-K1,3738807505,0,1.103972,0.9611
Oncoming,WDRO-inject-K1,3738807506,0,1.160741,0.9611
Oncoming,WDRO-inject-K1,3738807507,0,1.033089,0.9501
Oncoming,WDRO-inject-K1,3738807508,0,1.060035,0.9611
Oncoming,WDRO-inject-K1,3738807509,0,1.028956,0.9611
Oncoming,WDRO-inject-K1,3738807510,0,1.131994,0.9501
Oncoming,WDRO-inject-K1,3738807511,0,1.116225,0.9556
Oncoming,WDRO-inject-K1,3738807512,0,1.181939,0.9501
Oncoming,WDRO-inject-K1,3738807513,0,1.088762,0.9611
Oncoming,WDRO-inject-K1,3738807514,1,0.593916,0.9611
Oncoming,WDRO-inject-K1,3738807515,0,1.021810,0.9611
Oncoming,WDRO-inject-K1,3738807516,0,1.435645,0.9556
Oncoming,WDRO-inject-K1,3738807517,0,1.196995,0.9501
Oncoming,WDRO-inject-K1,3738807518,0,1.339110,0.9611
Oncoming,WDRO-inject-K1,3738807519,0,0.950159,0.9556
Oncoming,WDRO-inject-K1,3738807520,0,1.191383,0.9556
Oncoming,WDRO-inject-K1,3738807521,0,1.093107,0.9501
Oncoming,WDRO-inject-K1,3738807522,0,0.983090,0.9611
Oncoming,WDRO-inject-K1,3738807523,0,1.561015,0.9611
Oncoming,WDRO-inject-K1,3738807524,0,1.180665,0.9611
Oncoming,WDRO-inject-K1,3738807525,0,1.241040,0.9611
Oncoming,WDRO-inject-K1,3738807526,0,1.274361,0.9611
Oncoming,WDRO-inject-K1,3738807527,0,1.137546,0.9556
Oncoming,WDRO-inject-K1,3738807528,0,0.924023,0.9501
Oncoming,WDRO-inject-K1,3738807529,1,0.726140,0.9501
Oncoming,WDRO-inject-K1,3738807530,0,1.443687,0.9501
Oncoming,WDRO-inject-K1,3738807531,1,0.442841,0.9556
Oncoming,WDRO-inject-K1,3738807532,0,1.271210,0.9611
Oncoming,WDRO-inject-K1,3738807533,0,1.041146,0.9611
Oncoming,WDRO-inject-K1,3738807534,1,0.691752,0.9556
Oncoming,WDRO-inject-K1,3738807535,0,1.084376,0.9611
Oncoming,WDRO-inject-K1,3738807536,0,1.362569,0.9501
Oncoming,WDRO-inject-K1,3738807537,0,1.083353,0.9501
Oncoming,WDRO-inject-K1,3738807538,0,1.212285,0.9556
Oncoming,WDRO-inject-K1,3738807539,0,1.192887,0.9556
Oncoming,WDRO-inject-K1,3738807540,0,1.356517,0.9611
Oncoming,WDRO-inject-K1,3738807541,1,0.568383,0.9611
Oncoming,WDRO-inject-K1,3738807542,0,1.177265,0.9501
Oncoming,WDRO-inject-K1,3738807543,1,0.701142,0.9611
Oncoming,WDRO-inject-K1,3738807544,0,1.076517,0.9611
Oncoming,WDRO-inject-K1,3738807545,0,1.023687,0.9556
Oncoming,WDRO-inject-K1,3738807546,0,1.056579,0.9611
Oncoming,WDRO-inject-K1,3738807547,0,1.053561,0.9611
Oncoming,WDRO-inject-K1,3738807548,0,1.157900,0.9611
Oncoming,WDRO-inject-K1,3738807549,0,1.223052,0.9611
Oncoming,WDRO-inject-K1,3738807550,0,1.248403,0.9611
Oncoming,WDRO-inject-K1,3738807551,0,1.160435,0.9611
Oncoming,WDRO-inject-K1,3738807552,0,1.115685,0.9556
Oncoming,WDRO-inject-K1,3738807553,0,1.262454,0.9611
Oncoming,WDRO-inject-K1,3738807554,0,0.959396,0.9556
Oncoming,WDRO-inject-K1,3738807555,0,1.054790,0.9611
Oncoming,WDRO-inject-K1,3738807556,0,1.157493,0.9611
Oncoming,WDRO-inject-K1,3738807557,0,1.172479,0.9611
Oncoming,WDRO-inject-K1,3738807558,0,1.154915,0.9501
Oncoming,WDRO-inject-K1,3738807559,0,0.932096,0.9501
Oncoming,WDRO-inject-K1,3738807560,0,1.039471,0.9611
Oncoming,WDRO-inject-K1,3738807561,1,0.656314,0.9501
Oncoming,WDRO-inject-K1,3738807562,0,0.919519,0.9501
Oncoming,WDRO-inject-K1,3738807563,0,0.982199,0.9611
Oncoming,WDRO-inject-K1,3738807564,0,1.137692,0.9556
Oncoming,WDRO-inject-K1,3738807565,0,0.995458,0.9556
Oncoming,WDRO-inject-K1,3738807566,0,1.038533,0.9611
Oncoming,WDRO-inject-K1,3738807567,0,1.221942,0.9611
Oncoming,WDRO-inject-K1,3738807568,0,1.357143,0.9611
Oncoming,WDRO-inject-K1,3738807569,0,1.165555,0.9611
Oncoming,WDRO-inject-K1,3738807570,0,1.513942,0.9611
Oncoming,WDRO-inject-K1,3738807571,0,1.115872,0.9501
Oncoming,WDRO-inject-K1,3738807572,0,1.188084,0.9611
Oncoming,WDRO-inject-K1,3738807573,1,0.555594,0.9556
Oncoming,WDRO-inject-K1,3738807574,0,1.013337,0.9556
Oncoming,WDRO-inject-K1,3738807575,0,1.042732,0.9611
Oncoming,WDRO-inject-K1,3738807576,0,1.103285,0.9611
Oncoming,WDRO-inject-K1,3738807577,1,0.221646,0.9501
Oncoming,WDRO-inject-K1,3738807578,1,0.737298,0.9556
Oncoming,WDRO-inject-K1,3738807579,0,1.438378,0.9611
Oncoming,WDRO-inject-K1,3738807580,0,0.979575,0.9556
Oncoming,WDRO-inject-K1,3738807581,0,1.154988,0.9611
Oncoming,WDRO-inject-K1,3738807582,1,0.822088,0.9611
Oncoming,WDRO-inject-K1,3738807583,0,1.184992,0.9611
Oncoming,WDRO-inject-K1,3738807584,0,1.018942,0.9611
Oncoming,WDRO-inject-K1,3738807585,0,1.193860,0.9611
Oncoming,WDRO-inject-K1,3738807586,0,1.221175,0.9611
Oncoming,WDRO-inject-K1,3738807587,0,1.134476,0.9611
Oncoming,WDRO-inject-K1,3738807588,0,1.212125,0.9611
Oncoming,WDRO-inject-K1,3738807589,0,1.587828,0.9611
Oncoming,WDRO-inject-K1,3738807590,0,1.676011,0.9611
Oncoming,WDRO-inject-K1,3738807591,0,1.237759,0.9611
Oncoming,WDRO-inject-K1,3738807592,0,1.044338,0.9611
Oncoming,WDRO-inject-K1,3738807593,0,1.143947,0.9611
Oncoming,WDRO-inject-K1,3738807594,0,1.402548,0.9611
Oncoming,WDRO-inject-K1,3738807595,0,0.993681,0.9556
Oncoming,WDRO-inject-K1,3738807596,0,1.089976,0.9501
Oncoming,WDRO-inject-K1,3738807597,0,1.054881,0.9611
Oncoming,WDRO-inject-K1,3738807598,0,1.191308,0.9611
Oncoming,WDRO-inject-K1,3738807599,0,0.900096,0.9556
Oncoming,WDRO-inject-K1,3738807600,0,1.062484,0.9501
Oncoming,WDRO-inject-K1,3738807601,0,1.093538,0.9501
Oncoming,WDRO-inject-K1,3738807602,0,0.855558,0.9501
Oncoming,WDRO-inject-K1,3738807603,0,1.041298,0.9611
Oncoming,WDRO-inject-K1,3738807604,0,1.128819,0.9611
Oncoming,WDRO-inject-K1,3738807605,0,1.124837,0.9611
Oncoming,WDRO-inject-K1,3738807606,0,1.193926,0.9611
Oncoming,WDRO-inject-K1,3738807607,0,1.244129,0.9611
Oncoming,WDRO-inject-K1,3738807608,0,1.042482,0.9556
Oncoming,WDRO-inject-K1,3738807609,0,1.130894,0.9501
Oncoming,WDRO-inject-K1,3738807610,0,1.149749,0.9611
Oncoming,WDRO-inject-K1,3738807611,0,1.155481,0.9611
Oncoming,WDRO-inject-K1,3738807612,1,0.327708,0.9556
Oncoming,WDRO-inject-K1,3738807613,0,1.187037,0.9556
Oncoming,WDRO-inject-K1,3738807614,0,1.021663,0.9501
Oncoming,WDRO-inject-K1,3738807615,0,1.271367,0.9611
Oncoming,WDRO-inject-K1,3738807616,0,1.199470,0.9501
Oncoming,WDRO-inject-K1,3738807617,1,0.369752,0.9556
Oncoming,WDRO-inject-K1,3738807618,0,1.352914,0.9611
Oncoming,WDRO-inject-K1,3738807619,0,1.246892,0.9611
Oncoming,WDRO-inject-K1,3738807620,0,1.132076,0.9611
Oncoming,WDRO-inject-K1,3738807621,0,0.978747,0.9611
Oncoming,WDRO-inject-K1,3738807622,0,1.380504,0.9501
Oncoming,WDRO-inject-K1,3738807623,1,0.691443,0.9556
Oncoming,WDRO-inject-K1,3738807624,0,0.972047,0.9556
Oncoming,WDRO-inject-K1,3738807625,0,1.083538,0.9611
Oncoming,WDRO-inject-K1,3738807626,1,0.571201,0.9501
Oncoming,WDRO-inject-K1,3738807627,0,1.067364,0.9501
Oncoming,WDRO-inject-K1,3738807628,0,3.035631,0.9501
Oncoming,WDRO-inject-K1,3738807629,1,0.664608,0.9501
Oncoming,WDRO-inject-K1,3738807630,0,1.074452,0.9611
Oncoming,WDRO-inject-K1,3738807631,0,1.104964,0.9611
Oncoming,WDRO-inject-K1,3738807632,0,0.936282,0.9611
Oncoming,WDRO-inject-K1,3738807633,0,0.997363,0.9611
Oncoming,WDRO-inject-K1,3738807634,0,1.034026,0.9501
Oncoming,WDRO-inject-K1,3738807635,0,1.228193,0.9556
Oncoming,WDRO-inject-K1,3738807636,0,1.033296,0.9611
Oncoming,WDRO-inject-K1,3738807637,0,1.226638,0.9556
Oncoming,WDRO-inject-K1,3738807638,0,1.345997,0.9611
Oncoming,WDRO-inject-K1,3738807639,0,1.080356,0.9611
Oncoming,WDRO-inject-K1,3738807640,0,1.106438,0.9556
Oncoming,WDRO-inject-K1,3738807641,0,1.381353,0.9611
Oncoming,WDRO-inject-K1,3738807642,0,1.484180,0.9611
Oncoming,WDRO-inject-K1,3738807643,0,1.272440,0.9611
Oncoming,WDRO-inject-K1,3738807644,1,0.827959,0.9611
Oncoming,WDRO-inject-K1,3738807645,0,1.066491,0.9611
Oncoming,WDRO-inject-K1,3738807646,0,1.098123,0.9611
Oncoming,WDRO-inject-K1,3738807647,1,0.677152,0.9556
Oncoming,WDRO-inject-K1,3738807648,0,1.409942,0.9556
Oncoming,WDRO-inject-K1,3738807649,0,0.890828,0.9611
Oncoming,WDRO-inject-K1,3738807650,0,1.051467,0.9611
Oncoming,WDRO-inject-K1,3738807651,1,0.265731,0.9556
Oncoming,WDRO-inject-K1,3738807652,0,1.285598,0.9611
Oncoming,WDRO-inject-K1,3738807653,0,1.608172,0.9501
Oncoming,WDRO-inject-K1,3738807654,0,0.923639,0.9611
Oncoming,WDRO-inject-K1,3738807655,0,1.025545,0.9556
Oncoming,WDRO-inject-K1,3738807656,0,0.994809,0.9501
Oncoming,WDRO-inject-K1,3738807657,1,0.771253,0.9556
Oncoming,WDRO-inject-K1,3738807658,0,1.367424,0.9611
Oncoming,WDRO-inject-K1,3738807659,0,1.043690,0.9501
Oncoming,WDRO-inject-K1,3738807660,0,1.155490,0.9501
Oncoming,WDRO-inject-K1,3738807661,0,1.115628,0.9611
Oncoming,WDRO-inject-K1,3738807662,0,1.210511,0.9611
Oncoming,WDRO-inject-K1,3738807663,0,1.041824,0.9611
Oncoming,WDRO-inject-K1,3738807664,0,1.400398,0.9611
Oncoming,WDRO-inject-K1,3738807665,0,1.065992,0.9611
Oncoming,WDRO-inject-K1,3738807666,0,1.132248,0.9611
Oncoming,WDRO-inject-K1,3738807667,0,1.115942,0.9611
Oncoming,WDRO-inject-K1,3738807668,0,1.146446,0.9611
Oncoming,WDRO-inject-K1,3738807669,0,1.689728,0.9611
Oncoming,WDRO-inject-K1,3738807670,0,1.047374,0.9611
Oncoming,WDRO-inject-K1,3738807671,0,1.261093,0.9611
Oncoming,WDRO-inject-K1,3738807672,0,0.988695,0.9556
Oncoming,WDRO-inject-K1,3738807673,0,1.203305,0.9611
Oncoming,WDRO-inject-K1,3738807674,0,1.261155,0.9556
Oncoming,WDRO-inject-K1,3738807675,0,1.321269,0.9611
Oncoming,WDRO-inject-K1,3738807676,0,1.265850,0.9556
Oncoming,WDRO-inject-K1,3738807677,0,1.398015,0.9611
Oncoming,WDRO-inject-K1,3738807678,0,1.026017,0.9556
Oncoming,WDRO-inject-K1,3738807679,0,1.337749,0.9611
Oncoming,WDRO-inject-K1,3738807680,0,1.098300,0.9611
Oncoming,WDRO-inject-K1,3738807681,0,1.761589,0.9556
Oncoming,WDRO-inject-K1,3738807682,0,1.136439,0.9611
Oncoming,WDRO-inject-K1,3738807683,0,1.202345,0.9611
Oncoming,WDRO-inject-K1,3738807684,1,0.603310,0.9611
Oncoming,WDRO-inject-K1,3738807685,0,1.236777,0.9666
Oncoming,WDRO-inject-K1,3738807686,0,1.177889,0.9611
Oncoming,WDRO-inject-K1,3738807687,0,1.028461,0.9611
Oncoming,WDRO-inject-K1,3738807688,0,1.214338,0.9611
Oncoming,WDRO-inject-K1,3738807689,0,1.286331,0.9611
Oncoming,WDRO-inject-K1,3738807690,0,1.098713,0.9501
Oncoming,WDRO-inject-K1,3738807691,0,1.259327,0.9611
Oncoming,WDRO-inject-K1,3738807692,0,1.053267,0.9611
Oncoming,WDRO-inject-K1,3738807693,0,1.139837,0.9611
Oncoming,WDRO-inject-K1,3738807694,0,1.274607,0.9611
Oncoming,WDRO-inject-K1,3738807695,0,1.234726,0.9611
Oncoming,WDRO-inject-K1,3738807696,0,1.060236,0.9611
Oncoming,WDRO-inject-K1,3738807697,0,1.156673,0.9501
Oncoming,WDRO-inject-K1,3738807698,0,1.143951,0.9501
Oncoming,WDRO-inject-K1,3738807699,0,1.259334,0.9611
Oncoming,WDRO-inject-K1,3738807700,1,0.469067,0.9556
Oncoming,WDRO-inject-K1,3738807701,0,1.265204,0.9501
Oncoming,WDRO-inject-K1,3738807702,0,1.154694,0.9556
Oncoming,WDRO-inject-K1,3738807703,1,0.542681,0.9501
Oncoming,WDRO-inject-K1,3738807704,0,1.332238,0.9611
Oncoming,WDRO-inject-K1,3738807705,1,0.177581,0.9501
Oncoming,WDRO-inject-K1,3738807706,0,0.863779,0.9611
Oncoming,WDRO-inject-K1,3738807707,0,1.278231,0.9611
Oncoming,WDRO-inject-K1,3738807708,0,0.975547,0.9501
Oncoming,WDRO-inject-K1,3738807709,0,1.075787,0.9611
Oncoming,WDRO-inject-K1,3738807710,1,0.738256,0.9611
Oncoming,WDRO-inject-K1,3738807711,0,1.149906,0.9611
Oncoming,WDRO-inject-K1,3738807712,0,1.370987,0.9611
Oncoming,WDRO-inject-K1,3738807713,0,1.649087,0.9611
Oncoming,WDRO-inject-K1,3738807714,0,1.030936,0.9611
Oncoming,WDRO-inject-K1,3738807715,0,0.864762,0.9501
Oncoming,WDRO-inject-K1,3738807716,0,1.152557,0.9611
Oncoming,WDRO-inject-K1,3738807717,0,1.466952,0.9611
Oncoming,WDRO-inject-K1,3738807718,0,1.226456,0.9611
Oncoming,WDRO-inject-K1,3738807719,1,0.422185,0.9501
Oncoming,WDRO-inject-K1,3738807720,0,1.086485,0.9501
Oncoming,WDRO-inject-K1,3738807721,0,1.041877,0.9501
Oncoming,WDRO-inject-K1,3738807722,0,1.097330,0.9556
Oncoming,WDRO-inject-K1,3738807723,0,1.186005,0.9501
Oncoming,WDRO-inject-K1,3738807724,0,0.864586,0.9556
Oncoming,WDRO-inject-K1,3738807725,0,1.228771,0.9501
Oncoming,WDRO-inject-K1,3738807726,0,1.090773,0.9501
Oncoming,WDRO-inject-K1,3738807727,0,1.047124,0.9611
Oncoming,WDRO-inject-K1,3738807728,1,0.681805,0.9556
Oncoming,WDRO-inject-K1,3738807729,0,1.262499,0.9501
Oncoming,WDRO-inject-K1,3738807730,0,1.543492,0.9501
Oncoming,WDRO-inject-K1,3738807731,0,1.427747,0.9501
Oncoming,WDRO-inject-K1,3738807732,0,1.773932,0.9501
Oncoming,WDRO-inject-K1,3738807733,0,1.021765,0.9611
Oncoming,WDRO-inject-K1,3738807734,0,1.359296,0.9611
Oncoming,WDRO-inject-K1,3738807735,0,1.079886,0.9611
Oncoming,WDRO-inject-K1,3738807736,0,1.144638,0.9611
Oncoming,WDRO-inject-K1,3738807737,0,1.131087,0.9501
Oncoming,WDRO-inject-K1,3738807738,0,1.069270,0.9611
Oncoming,WDRO-inject-K1,3738807739,0,1.074023,0.9501
Oncoming,WDRO-inject-K1,3738807740,0,1.084449,0.9611
Oncoming,WDRO-inject-K1,3738807741,0,1.298588,0.9501
Oncoming,WDRO-inject-K1,3738807742,0,1.028809,0.9611
Oncoming,WDRO-inject-K1,3738807743,0,1.108761,0.9501
Oncoming,WDRO-inject-K1,3738807744,1,0.820572,0.9501
Oncoming,WDRO-inject-K1,3738807745,0,1.048492,0.9611
Oncoming,WDRO-inject-K1,3738807746,0,1.189437,0.9611
Oncoming,WDRO-inject-K1,3738807747,0,1.062885,0.9556
Oncoming,WDRO-inject-K1,3738807748,1,0.330439,0.9556
Oncoming,WDRO-inject-K1,3738807749,0,0.988492,0.9556
Oncoming,WDRO-inject-K1,3738807750,0,1.408850,0.9611
Oncoming,WDRO-inject-K1,3738807751,0,1.296527,0.9611
Oncoming,WDRO-inject-K1,3738807752,0,1.083421,0.9611
Oncoming,WDRO-inject-K1,3738807753,0,1.361282,0.9611
Oncoming,WDRO-inject-K1,3738807754,0,1.294171,0.9611
Oncoming,WDRO-inject-K1,3738807755,0,1.202464,0.9501
Oncoming,WDRO-inject-K1,3738807756,1,0.549949,0.9501
Oncoming,WDRO-inject-K1,3738807757,0,1.119851,0.9556
Oncoming,WDRO-inject-K1,3738807758,0,1.346006,0.9611
Oncoming,WDRO-inject-K1,3738807759,0,1.058443,0.9611
Oncoming,WDRO-inject-K1,3738807760,1,0.744559,0.9611
Oncoming,WDRO-inject-K1,3738807761,0,1.227483,0.9611
Oncoming,WDRO-inject-K1,3738807762,0,1.033650,0.9501
Oncoming,WDRO-inject-K1,3738807763,0,1.235287,0.9611
Oncoming,WDRO-inject-K1,3738807764,0,1.060767,0.9611
Oncoming,WDRO-inject-K1,3738807765,0,1.158834,0.9611
Oncoming,WDRO-inject-K1,3738807766,0,1.012540,0.9556
Oncoming,WDRO-inject-K1,3738807767,0,1.174466,0.9501
Oncoming,WDRO-inject-K1,3738807768,0,1.137944,0.9611
Oncoming,WDRO-inject-K1,3738807769,0,1.048252,0.9611
Oncoming,WDRO-inject-K1,3738807770,0,1.082664,0.9556
Oncoming,WDRO-inject-K1,3738807771,1,0.832592,0.9611
Oncoming,WDRO-inject-K1,3738807772,0,1.357493,0.9611
Oncoming,WDRO-inject-K1,3738807773,0,0.971523,0.9611
Oncoming,WDRO-inject-K1,3738807774,0,1.391582,0.9556
Oncoming,WDRO-inject-K1,3738807775,1,0.597145,0.9611
Oncoming,WDRO-inject-K1,3738807776,1,0.601491,0.9611
Oncoming,WDRO-inject-K1,3738807777,0,1.300148,0.9501
Oncoming,WDRO-inject-K1,3738807778,0,0.958392,0.9611
Oncoming,WDRO-inject-K1,3738807779,0,1.004305,0.9556
Oncoming,WDRO-inject-K1,3738807780,0,1.105550,0.9501
Oncoming,WDRO-inject-K1,3738807781,0,1.026358,0.9556
Oncoming,WDRO-inject-K1,3738807782,0,1.141975,0.9611
Oncoming,WDRO-inject-K1,3738807783,0,1.068591,0.9611
Oncoming,WDRO-inject-K1,3738807784,0,1.267051,0.9611
Oncoming,WDRO-inject-K1,3738807785,0,1.147760,0.9611
Oncoming,WDRO-inject-K1,3738807786,1,0.333897,0.9556
Oncoming,WDRO-inject-K1,3738807787,0,1.192709,0.9611
Oncoming,WDRO-inject-K1,3738807788,1,0.523366,0.9501
Oncoming,WDRO-inject-K1,3738807789,0,1.240988,0.9611
Oncoming,WDRO-inject-K1,3738807790,0,1.037093,0.9501
Oncoming,WDRO-inject-K1,3738807791,0,1.042610,0.9501
Oncoming,WDRO-inject-K1,3738807792,0,1.024834,0.9611
Oncoming,WDRO-inject-K1,3738807793,1,0.346960,0.9501
Oncoming,WDRO-inject-K1,3738807794,0,1.258433,0.9611
Oncoming,WDRO-inject-K1,3738807795,0,1.114757,0.9611
Oncoming,WDRO-inject-K1,3738807796,0,1.286354,0.9611
Oncoming,WDRO-inject-K1,3738807797,0,1.016228,0.9611
Oncoming,WDRO-inject-K1,3738807798,0,1.083951,0.9611
Oncoming,WDRO-inject-K1,3738807799,0,1.047413,0.9611
Oncoming,WDRO-inject-K1,3738807800,0,1.147478,0.9611
Oncoming,WDRO-inject-K1,3738807801,1,0.771623,0.9611
Oncoming,WDRO-inject-K1,3738807802,0,1.282626,0.9501
Oncoming,WDRO-inject-K1,3738807803,0,1.157439,0.9501
Oncoming,WDRO-inject-K1,3738807804,0,1.318921,0.9556
Oncoming,WDRO-inject-K1,3738807805,0,1.355050,0.9611
Oncoming,WDRO-inject-K1,3738807806,0,1.165164,0.9611
Oncoming,WDRO-inject-K1,3738807807,1,0.617630,0.9611
Oncoming,WDRO-inject-K1,3738807808,1,0.723195,0.9611
Oncoming,WDRO-inject-K1,3738807809,0,1.546513,0.9611
Oncoming,WDRO-inject-K1,3738807810,0,1.051589,0.9611
Oncoming,WDRO-inject-K1,3738807811,0,1.338131,0.9556
Oncoming,WDRO-inject-K1,3738807812,0,1.197564,0.9501
Oncoming,WDRO-inject-K1,3738807813,0,1.072481,0.9556
Oncoming,WDRO-inject-K1,3738807814,0,1.201032,0.9611
Oncoming,WDRO-inject-K1,3738807815,1,0.288280,0.9556
Oncoming,WDRO-inject-K1,3738807816,1,0.062010,0.9556
Oncoming,WDRO-inject-K1,3738807817,1,0.384456,0.9556
Oncoming,WDRO-inject-K1,3738807818,0,1.124894,0.9611
Oncoming,WDRO-inject-K1,3738807819,0,1.136029,0.9501
Oncoming,WDRO-inject-K1,3738807820,0,1.119764,0.9611
Oncoming,WDRO-inject-K1,3738807821,0,1.051502,0.9611
Oncoming,WDRO-inject-K1,3738807822,0,1.008105,0.9611
Oncoming,WDRO-inject-K1,3738807823,0,1.081143,0.9611
Oncoming,WDRO-inject-K1,3738807824,0,1.111543,0.9611
Oncoming,WDRO-inject-K1,3738807825,0,1.306454,0.9611
Oncoming,WDRO-inject-K1,3738807826,0,1.026581,0.9501
Oncoming,WDRO-inject-K1,3738807827,1,0.615121,0.9556
Oncoming,WDRO-inject-K1,3738807828,0,0.981617,0.9556
Oncoming,WDRO-inject-K1,3738807829,0,1.328552,0.9611
Oncoming,WDRO-inject-K1,3738807830,0,1.157355,0.9501
Oncoming,WDRO-inject-K1,3738807831,0,1.123103,0.9611
Oncoming,WDRO-inject-K1,3738807832,0,1.063240,0.9611
Oncoming,WDRO-inject-K1,3738807833,0,1.200752,0.9501
Oncoming,WDRO-inject-K1,3738807834,0,1.138504,0.9611
Oncoming,WDRO-inject-K1,3738807835,0,1.137133,0.9611
Oncoming,WDRO-inject-K1,3738807836,0,1.177440,0.9611
Oncoming,WDRO-inject-K1,3738807837,0,1.071044,0.9611
Oncoming,WDRO-inject-K1,3738807838,1,0.526043,0.9611
Oncoming,WDRO-inject-K1,3738807839,0,1.292230,0.9611
Oncoming,WDRO-inject-K1,3738807840,0,1.291083,0.9611
Oncoming,WDRO-inject-K1,3738807841,0,1.008716,0.9501
Oncoming,WDRO-inject-K1,3738807842,0,0.975375,0.9501
Oncoming,WDRO-inject-K1,3738807843,1,0.454260,0.9556
Oncoming,WDRO-inject-K1,3738807844,1,0.657138,0.9556
Oncoming,WDRO-inject-K1,3738807845,0,1.127704,0.9501
Oncoming,WDRO-inject-K1,3738807846,0,1.491868,0.9611
Oncoming,WDRO-inject-K1,3738807847,0,0.989342,0.9611
Oncoming,WDRO-inject-K1,3738807848,0,1.087880,0.9611
Oncoming,WDRO-inject-K1,3738807849,0,1.119487,0.9611
Oncoming,WDRO-inject-K1,3738807850,0,0.973032,0.9611
Oncoming,WDRO-inject-K1,3738807851,0,0.892763,0.9611
Oncoming,WDRO-inject-K1,3738807852,0,1.164761,0.9611
Oncoming,WDRO-inject-K1,3738807853,0,1.125266,0.9611
Oncoming,WDRO-inject-K1,3738807854,0,1.233998,0.9556
Oncoming,WDRO-inject-K1,3738807855,0,1.280658,0.9501
Oncoming,WDRO-inject-K1,3738807856,1,0.339149,0.9556
Oncoming,WDRO-inject-K1,3738807857,0,1.149827,0.9611
Oncoming,WDRO-inject-K1,3738807858,0,1.136976,0.9611
Oncoming,WDRO-inject-K1,3738807859,0,1.535455,0.9611
Oncoming,WDRO-inject-K1,3738807860,0,1.248598,0.9611
Oncoming,WDRO-inject-K1,3738807861,0,1.003150,0.9556
Oncoming,WDRO-inject-K1,3738807862,0,1.128223,0.9611
Oncoming,WDRO-inject-K1,3738807863,0,1.130864,0.9611
Oncoming,WDRO-inject-K1,3738807864,0,1.009863,0.9611
Oncoming,WDRO-inject-K1,3738807865,0,1.231396,0.9611
Oncoming,WDRO-inject-K1,3738807866,0,1.062108,0.9556
Oncoming,WDRO-inject-K1,3738807867,0,0.917256,0.9556
Oncoming,WDRO-inject-K1,3738807868,0,1.003751,0.9556
Oncoming,WDRO-inject-K1,3738807869,1,0.338668,0.9501
Oncoming,WDRO-inject-K1,3738807870,0,0.998148,0.9556
Oncoming,WDRO-inject-K1,3738807871,0,1.254955,0.9611
Oncoming,WDRO-inject-K1,3738807872,0,1.047608,0.9611
Oncoming,WDRO-inject-K1,3738807873,0,1.209737,0.9501
Oncoming,WDRO-inject-K1,3738807874,0,1.208416,0.9611
Oncoming,WDRO-inject-K1,3738807875,0,1.602792,0.9501
Oncoming,WDRO-inject-K1,3738807876,0,1.345409,0.9611
Oncoming,WDRO-inject-K1,3738807877,1,0.602608,0.9556
Oncoming,WDRO-inject-K1,3738807878,0,1.268680,0.9611
Oncoming,WDRO-inject-K1,3738807879,0,1.071393,0.9501
Oncoming,WDRO-inject-K1,3738807880,0,1.108436,0.9611
Oncoming,WDRO-inject-K1,3738807881,0,1.227136,0.9501
Oncoming,WDRO-inject-K1,3738807882,0,1.172876,0.9556
Oncoming,WDRO-inject-K1,3738807883,0,1.088857,0.9611
Oncoming,WDRO-inject-K1,3738807884,0,1.173305,0.9611
Oncoming,WDRO-inject-K1,3738807885,0,1.129162,0.9611
Oncoming,WDRO-inject-K1,3738807886,0,1.427506,0.9611
Oncoming,WDRO-inject-K1,3738807887,0,1.173144,0.9611
Oncoming,WDRO-inject-K1,3738807888,0,1.242312,0.9611
Oncoming,WDRO-inject-K1,3738807889,0,1.039848,0.9611
Oncoming,WDRO-inject-K1,3738807890,1,0.782330,0.9501
Oncoming,WDRO-inject-K1,3738807891,0,1.126099,0.9611
Oncoming,WDRO-inject-K1,3738807892,0,1.144488,0.9501
Oncoming,WDRO-inject-K1,3738807893,1,0.317899,0.9556
Oncoming,WDRO-inject-K1,3738807894,1,0.728412,0.9501
Oncoming,WDRO-inject-K1,3738807895,1,0.628020,0.9556
Oncoming,WDRO-inject-K1,3738807896,0,1.115384,0.9556
Oncoming,WDRO-inject-K1,3738807897,0,1.187932,0.9611
Oncoming,WDRO-inject-K1,3738807898,0,1.234587,0.9501
Oncoming,WDRO-inject-K1,3738807899,0,0.996448,0.9501
Oncoming,WDRO-inject-K1,3738807900,0,1.613339,0.9611
Oncoming,WDRO-inject-K1,3738807901,0,0.927719,0.9611
Oncoming,WDRO-inject-K1,3738807902,0,1.322700,0.9611
Oncoming,WDRO-inject-K1,3738807903,0,1.054198,0.9501
Oncoming,WDRO-inject-K1,3738807904,0,1.077467,0.9611
Oncoming,WDRO-inject-K1,3738807905,0,1.020735,0.9611
Oncoming,WDRO-inject-K1,3738807906,0,1.231575,0.9501
Oncoming,WDRO-inject-K1,3738807907,0,1.055061,0.9611
Oncoming,WDRO-inject-K1,3738807908,0,1.162574,0.9611
Oncoming,WDRO-inject-K1,3738807909,0,2.049150,0.9611
Oncoming,WDRO-inject-K1,3738807910,0,1.188352,0.9501
Oncoming,WDRO-inject-K1,3738807911,0,1.138498,0.9611
Oncoming,WDRO-inject-K1,3738807912,0,1.061421,0.9611
Oncoming,WDRO-inject-K1,3738807913,0,1.213124,0.9611
Oncoming,WDRO-inject-K1,3738807914,0,1.306323,0.9611
Oncoming,WDRO-inject-K1,3738807915,0,1.171054,0.9556
Oncoming,WDRO-inject-K1,3738807916,0,1.017409,0.9611
Oncoming,WDRO-inject-K1,3738807917,0,0.940350,0.9611
Oncoming,WDRO-inject-K1,3738807918,0,1.110740,0.9611
Oncoming,WDRO-inject-K1,3738807919,0,1.260288,0.9501
Oncoming,WDRO-inject-K1,3738807920,0,1.138720,0.9556
Oncoming,WDRO-inject-K1,3738807921,0,1.223986,0.9611
Oncoming,WDRO-inject-K1,3738807922,0,1.024504,0.9611
Oncoming,WDRO-inject-K1,3738807923,0,1.036274,0.9611
Oncoming,WDRO-inject-K1,3738807924,0,1.147691,0.9611
Oncoming,WDRO-inject-K1,3738807925,0,1.208208,0.9611
Oncoming,WDRO-inject-K1,3738807926,0,1.350341,0.9501
Oncoming,WDRO-inject-K1,3738807927,0,1.319921,0.9501
Oncoming,WDRO-inject-K1,3738807928,0,1.108851,0.9611
Oncoming,WDRO-inject-K1,3738807929,0,1.195768,0.9611
Oncoming,WDRO-inject-K1,3738807930,0,1.186549,0.9556
Oncoming,WDRO-inject-K1,3738807931,0,1.142495,0.9556
Oncoming,WDRO-inject-K1,3738807932,1,0.516642,0.9556
Oncoming,WDRO-inject-K1,3738807933,0,1.105701,0.9611
Oncoming,WDRO-inject-K1,3738807934,0,1.024979,0.9611
Oncoming,WDRO-inject-K1,3738807935,0,1.283063,0.9611
Oncoming,WDRO-inject-K1,3738807936,1,0.626861,0.9501
Oncoming,WDRO-inject-K1,3738807937,1,0.417863,0.9556
Oncoming,WDRO-inject-K1,3738807938,0,1.187427,0.9556
Oncoming,WDRO-inject-K1,3738807939,0,1.535010,0.9501
Oncoming,WDRO-inject-K1,3738807940,0,1.469037,0.9501
Oncoming,WDRO-inject-K1,3738807941,0,1.169991,0.9611
Oncoming,WDRO-inject-K1,3738807942,0,1.150054,0.9611
Oncoming,WDRO-inject-K1,3738807943,0,1.214258,0.9556
Oncoming,WDRO-inject-K1,3738807944,0,1.341178,0.9611
Oncoming,WDRO-inject-K1,3738807945,0,1.188749,0.9611
Oncoming,WDRO-inject-K1,3738807946,0,0.973725,0.9556
Oncoming,WDRO-inject-K1,3738807947,1,0.459998,0.9556
Oncoming,WDRO-inject-K1,3738807948,0,1.186285,0.9611
Oncoming,WDRO-inject-K1,3738807949,0,1.373937,0.9611
Oncoming,WDRO-inject-K1,3738807950,0,0.952618,0.9611
Oncoming,WDRO-inject-K1,3738807951,0,1.430955,0.9611
Oncoming,WDRO-inject-K1,3738807952,0,1.218667,0.9611
Oncoming,WDRO-inject-K1,3738807953,0,1.026396,0.9611
Oncoming,WDRO-inject-K1,3738807954,0,1.133436,0.9611
Oncoming,WDRO-inject-K1,3738807955,0,1.272967,0.9611
Oncoming,WDRO-inject-K1,3738807956,0,1.322463,0.9611
Oncoming,WDRO-inject-K1,3738807957,0,1.174845,0.9611
Oncoming,WDRO-inject-K1,3738807958,0,1.173812,0.9501
Oncoming,WDRO-inject-K1,3738807959,0,1.039998,0.9611
Oncoming,WDRO-inject-K1,3738807960,0,1.182823,0.9611
Oncoming,WDRO-inject-K1,3738807961,0,1.350502,0.9611
Oncoming,WDRO-inject-K1,3738807962,0,1.778358,0.9611
Oncoming,WDRO-inject-K1,3738807963,0,1.161613,0.9556
Oncoming,WDRO-inject-K1,3738807964,1,0.507121,0.9501
Oncoming,WDRO-inject-K1,3738807965,0,1.122959,0.9611
Oncoming,WDRO-inject-K1,3738807966,0,1.054284,0.9501
Oncoming,WDRO-inject-K1,3738807967,0,1.149565,0.9611
Oncoming,WDRO-inject-K1,3738807968,1,0.202948,0.9611
Oncoming,WDRO-inject-K1,3738807969,0,1.169059,0.9611
Oncoming,WDRO-inject-K1,3738807970,0,1.560186,0.9611
Oncoming,WDRO-inject-K1,3738807971,0,1.283697,0.9501
Oncoming,WDRO-inject-K1,3738807972,0,1.096193,0.9611
Oncoming,WDRO-inject-K1,3738807973,0,1.041684,0.9611
Oncoming,WDRO-inject-K1,3738807974,0,1.207625,0.9611
Oncoming,WDRO-inject-K1,3738807975,1,0.369348,0.9556
Oncoming,WDRO-inject-K1,3738807976,0,1.121057,0.9501
Oncoming,WDRO-inject-K1,3738807977,0,1.508176,0.9611
Oncoming,WDRO-inject-K1,3738807978,0,1.241942,0.9501
Oncoming,WDRO-inject-K1,3738807979,0,1.347370,0.9611
Oncoming,WDRO-inject-K1,3738807980,0,1.145151,0.9611
Oncoming,WDRO-inject-K1,3738807981,0,1.190313,0.9611
Oncoming,WDRO-inject-K1,3738807982,0,0.923891,0.9501
Oncoming,WDRO-inject-K1,3738807983,0,0.994192,0.9556
Oncoming,WDRO-inject-K1,3738807984,0,1.005628,0.9501
Oncoming,WDRO-inject-K1,3738807985,0,1.251283,0.9501
Oncoming,WDRO-inject-K1,3738807986,0,0.988894,0.9611
Oncoming,WDRO-inject-K1,3738807987,0,1.180354,0.9611
Oncoming,WDRO-inject-K1,3738807988,1,0.729971,0.9611
Oncoming,WDRO-inject-K1,3738807989,0,1.115322,0.9611
Oncoming,WDRO-inject-K1,3738807990,0,0.879597,0.9611
Oncoming,WDRO-inject-K1,3738807991,0,1.013321,0.9611
Oncoming,WDRO-inject-K1,3738807992,0,1.336287,0.9611
Oncoming,WDRO-inject-K1,3738807993,0,1.211229,0.9611
Oncoming,WDRO-inject-K1,3738807994,0,1.017043,0.9556
Oncoming,WDRO-inject-K1,3738807995,0,1.255242,0.9611
Oncoming,WDRO-inject-K1,3738807996,0,1.143645,0.9611
Oncoming,WDRO-inject-K1,3738807997,1,0.114425,0.9556
Oncoming,WDRO-inject-K1,3738807998,0,0.941580,0.9501
Oncoming,WDRO-inject-K1,3738807999,0,1.158559,0.9611
Oncoming,WDRO-inject-K1,3738808000,0,1.033145,0.9611
Oncoming,WDRO-inject-K1,3738808001,0,1.095788,0.9501
Oncoming,WDRO-inject-K1,3738808002,0,1.054678,0.9611
Oncoming,WDRO-inject-K1,3738808003,0,1.089733,0.9556
Oncoming,WDRO-inject-K1,3738808004,1,0.342886,0.9501
Oncoming,WDRO-inject-K1,3738808005,0,1.392833,0.9611
Oncoming,WDRO-inject-K1,3738808006,0,1.096358,0.9611
Oncoming,WDRO-inject-K1,3738808007,0,0.985722,0.9501
Oncoming,WDRO-inject-K1,3738808008,0,1.320023,0.9611
Oncoming,WDRO-inject-K1,3738808009,0,1.332150,0.9611
Oncoming,WDRO-inject-K1,3738808010,0,1.337637,0.9501
Oncoming,WDRO-inject-K1,3738808011,0,1.157770,0.9611
Oncoming,WDRO-inject-K1,3738808012,0,1.386225,0.9611
Oncoming,WDRO-inject-K1,3738808013,0,1.191001,0.9556
Oncoming,WDRO-inject-K1,3738808014,0,1.256597,0.9611
Oncoming,WDRO-inject-K1,3738808015,1,0.742295,0.9556
Oncoming,WDRO-inject-K1,3738808016,0,1.134403,0.9611
Oncoming,WDRO-inject-K1,3738808017,0,1.152716,0.9611
Oncoming,WDRO-inject-K1,3738808018,0,1.075627,0.9611
Oncoming,WDRO-inject-K1,3738808019,0,1.148686,0.9501
Oncoming,WDRO-inject-K1,3738808020,1,0.791554,0.9556
Oncoming,WDRO-inject-K1,3738808021,0,1.227196,0.9556
Oncoming,WDRO-inject-K1,3738808022,0,1.193916,0.9611
Oncoming,WDRO-inject-K1,3738808023,0,1.204275,0.9611
Oncoming,WDRO-inject-K1,3738808024,0,1.284833,0.9611
Oncoming,WDRO-inject-K1,3738808025,0,0.905884,0.9556
Oncoming,WDRO-inject-K1,3738808026,0,1.157427,0.9611
Oncoming,WDRO-inject-K1,3738808027,1,0.504477,0.9501
Oncoming,WDRO-inject-K1,3738808028,0,1.046185,0.9501
Oncoming,WDRO-inject-K1,3738808029,0,0.977041,0.9611
Oncoming,WDRO-inject-K1,3738808030,0,1.270599,0.9556
Oncoming,WDRO-inject-K1,3738808031,0,0.985677,0.9501
Oncoming,WDRO-inject-K1,3738808032,0,1.094193,0.9611
Oncoming,WDRO-inject-K1,3738808033,0,1.095962,0.9611
Oncoming,WDRO-inject-K1,3738808034,1,0.484646,0.9501
Oncoming,WDRO-inject-K1,3738808035,0,1.192029,0.9501
Oncoming,WDRO-inject-K1,3738808036,1,0.580244,0.9556
Oncoming,WDRO-inject-K1,3738808037,0,1.279468,0.9611
Oncoming,WDRO-inject-K1,3738808038,0,1.846036,0.9556
Oncoming,WDRO-inject-K1,3738808039,0,1.221017,0.9611
Oncoming,WDRO-inject-K1,3738808040,0,1.141958,0.9611
Oncoming,WDRO-inject-K1,3738808041,0,1.102213,0.9556
Oncoming,WDRO-inject-K1,3738808042,0,1.187535,0.9611
Oncoming,WDRO-inject-K1,3738808043,0,1.002102,0.9501
Oncoming,WDRO-inject-K1,3738808044,0,1.198788,0.9611
Oncoming,WDRO-inject-K1,3738808045,0,1.308280,0.9611
Oncoming,WDRO-inject-K1,3738808046,0,1.010793,0.9611
Oncoming,WDRO-inject-K1,3738808047,0,1.336805,0.9611
Oncoming,WDRO-inject-K1,3738808048,0,1.125232,0.9611
Oncoming,WDRO-inject-K1,3738808049,0,1.288276,0.9611
Oncoming,WDRO-inject-K1,3738808050,0,1.141836,0.9556
Oncoming,WDRO-inject-K1,3738808051,1,0.642118,0.9501
Oncoming,WDRO-inject-K1,3738808052,0,1.357109,0.9611
Oncoming,WDRO-inject-K1,3738808053,0,0.950269,0.9556
Oncoming,WDRO-inject-K1,3738808054,0,1.174347,0.9611
Oncoming,WDRO-inject-K1,3738808055,0,1.080010,0.9501
Oncoming,WDRO-inject-K1,3738808056,0,1.269350,0.9611
Oncoming,WDRO-inject-K1,3738808057,1,0.775056,0.9556
Oncoming,WDRO-inject-K1,3738808058,0,1.043053,0.9611
Oncoming,WDRO-inject-K1,3738808059,0,1.070453,0.9501
Oncoming,WDRO-inject-K1,3738808060,0,1.087656,0.9611
Oncoming,WDRO-inject-K1,3738808061,0,1.171883,0.9611
Oncoming,WDRO-inject-K1,3738808062,0,1.079690,0.9501
Oncoming,WDRO-inject-K1,3738808063,1,0.809837,0.9611
Oncoming,WDRO-inject-K1,3738808064,0,1.098059,0.9556
Oncoming,WDRO-inject-K1,3738808065,0,1.328440,0.9501
Oncoming,WDRO-inject-K1,3738808066,0,1.165388,0.9611
Oncoming,WDRO-inject-K1,3738808067,0,1.183598,0.9611
Oncoming,WDRO-inject-K1,3738808068,1,0.800708,0.9556
Oncoming,WDRO-inject-K1,3738808069,0,1.627262,0.9611
Oncoming,WDRO-inject-K1,3738808070,1,0.752877,0.9501
Oncoming,WDRO-inject-K1,3738808071,0,1.437483,0.9611
Oncoming,WDRO-inject-K1,3738808072,0,1.349702,0.9556
Oncoming,WDRO-inject-K1,3738808073,0,1.366812,0.9611
Oncoming,WDRO-inject-K1,3738808074,0,0.968851,0.9501
Oncoming,WDRO-inject-K1,3738808075,0,1.034699,0.9556
Oncoming,WDRO-inject-K1,3738808076,0,1.045829,0.9611
Oncoming,WDRO-inject-K1,3738808077,0,1.208589,0.9611
Oncoming,WDRO-inject-K1,3738808078,1,0.626097,0.9556
Oncoming,WDRO-inject-K1,3738808079,0,1.453102,0.9556
Oncoming,WDRO-inject-K1,3738808080,0,1.277605,0.9611
Oncoming,WDRO-inject-K1,3738808081,0,1.113998,0.9501
Oncoming,WDRO-inject-K1,3738808082,0,0.957625,0.9501
Oncoming,WDRO-inject-K1,3738808083,0,1.151059,0.9611
Oncoming,WDRO-inject-K1,3738808084,1,0.657746,0.9556
Oncoming,WDRO-inject-K1,3738808085,0,1.130475,0.9611
Oncoming,WDRO-inject-K1,3738808086,0,1.023306,0.9611
Oncoming,WDRO-inject-K1,3738808087,0,1.309997,0.9611
Oncoming,WDRO-inject-K1,3738808088,1,0.600304,0.9556
Oncoming,WDRO-inject-K1,3738808089,0,1.112404,0.9501
Oncoming,WDRO-inject-K1,3738808090,1,0.531033,0.9611
Oncoming,WDRO-inject-K1,3738808091,0,1.261012,0.9611
Oncoming,WDRO-inject-K1,3738808092,0,1.077169,0.9611
Oncoming,WDRO-inject-K1,3738808093,0,1.375951,0.9611
Oncoming,WDRO-inject-K1,3738808094,0,1.090821,0.9501
Oncoming,WDRO-inject-K1,3738808095,0,0.951413,0.9611
Oncoming,WDRO-inject-K1,3738808096,0,1.184471,0.9611
Oncoming,WDRO-inject-K1,3738808097,0,1.223096,0.9611
Oncoming,WDRO-inject-K1,3738808098,0,1.146671,0.9611
Oncoming,WDRO-inject-K1,3738808099,0,1.021194,0.9501
Oncoming,WDRO-inject-K1,3738808100,0,1.630055,0.9611
Oncoming,WDRO-inject-K1,3738808101,0,1.265753,0.9611
Oncoming,WDRO-inject-K1,3738808102,0,0.999212,0.9611
Oncoming,WDRO-inject-K1,3738808103,0,1.057970,0.9556
Oncoming,WDRO-inject-K1,3738808104,0,0.988079,0.9611
Oncoming,WDRO-inject-K1,3738808105,0,1.243439,0.9611
Oncoming,WDRO-inject-K1,3738808106,1,0.782189,0.9556
Oncoming,WDRO-inject-K1,3738808107,0,1.336347,0.9611
Oncoming,WDRO-inject-K1,3738808108,0,1.337304,0.9611
Oncoming,WDRO-inject-K1,3738808109,0,1.305863,0.9501
Oncoming,WDRO-inject-K1,3738808110,0,1.132782,0.9611
Oncoming,WDRO-inject-K1,3738808111,0,1.172991,0.9611
Oncoming,WDRO-inject-K1,3738808112,0,1.486920,0.9611
Oncoming,WDRO-inject-K1,3738808113,0,1.074445,0.9501
Oncoming,WDRO-inject-K1,3738808114,0,1.132444,0.9611
Oncoming,WDRO-inject-K1,3738808115,0,1.414560,0.9611
Oncoming,WDRO-inject-K1,3738808116,0,1.196983,0.9611
Oncoming,WDRO-inject-K1,3738808117,0,1.002564,0.9611
Oncoming,WDRO-inject-K1,3738808118,0,1.040918,0.9501
Oncoming,WDRO-inject-K1,3738808119,0,1.369813,0.9611
Oncoming,WDRO-inject-K1,3738808120,0,1.703498,0.9611
Oncoming,WDRO-inject-K1,3738808121,0,1.342178,0.9611
Oncoming,WDRO-inject-K1,3738808122,1,0.400571,0.9611
Oncoming,WDRO-inject-K1,3738808123,0,1.154892,0.9611
Oncoming,WDRO-inject-K1,3738808124,0,1.285055,0.9556
Oncoming,WDRO-inject-K1,3738808125,1,0.693837,0.9501
Oncoming,WDRO-inject-K1,3738808126,1,0.118414,0.9611
Oncoming,WDRO-inject-K1,3738808127,0,1.026274,0.9611
Oncoming,WDRO-inject-K1,3738808128,0,1.080178,0.9611
Oncoming,WDRO-inject-K1,3738808129,0,1.173149,0.9611
Oncoming,WDRO-inject-K1,3738808130,0,0.852517,0.9611
Oncoming,WDRO-inject-K1,3738808131,0,1.192133,0.9611
Oncoming,WDRO-inject-K1,3738808132,0,1.144842,0.9611
Oncoming,WDRO-inject-K1,3738808133,0,0.986005,0.9611
Oncoming,WDRO-inject-K1,3738808134,1,0.631365,0.9611
Oncoming,WDRO-inject-K1,3738808135,0,1.196645,0.9556
Oncoming,WDRO-inject-K1,3738808136,0,1.433058,0.9501
Oncoming,WDRO-inject-K1,3738808137,0,1.323232,0.9611
Oncoming,WDRO-inject-K1,3738808138,0,1.374767,0.9611
Oncoming,WDRO-inject-K1,3738808139,0,1.320646,0.9611
Oncoming,WDRO-inject-K1,3738808140,1,0.338061,0.9556
Oncoming,WDRO-inject-K1,3738808141,0,1.382543,0.9501
Oncoming,WDRO-inject-K1,3738808142,0,0.858777,0.9501
Oncoming,WDRO-inject-K1,3738808143,1,0.186786,0.9501
Oncoming,WDRO-inject-K1,3738808144,0,1.014528,0.9556
Oncoming,WDRO-inject-K1,3738808145,0,1.010752,0.9556
Oncoming,WDRO-inject-K1,3738808146,0,1.142293,0.9611
Oncoming,WDRO-inject-K1,3738808147,0,1.148218,0.9611
Oncoming,WDRO-inject-K1,3738808148,1,0.690173,0.9556
Oncoming,WDRO-inject-K1,3738808149,1,0.472453,0.9501
Oncoming,WDRO-inject-K1,3738808150,0,0.968851,0.9611
Oncoming,WDRO-inject-K1,3738808151,0,1.099365,0.9611
Oncoming,WDRO-inject-K1,3738808152,0,1.339882,0.9611
Oncoming,WDRO-inject-K1,3738808153,0,1.232314,0.9611
Oncoming,WDRO-inject-K1,3738808154,0,1.110912,0.9611
Oncoming,WDRO-inject-K1,3738808155,1,0.288181,0.9501
Oncoming,WDRO-inject-K1,3738808156,0,1.254159,0.9611
Oncoming,WDRO-inject-K1,3738808157,0,1.186763,0.9611
Oncoming,WDRO-inject-K1,3738808158,0,1.010995,0.9501
Oncoming,WDRO-inject-K1,3738808159,0,1.071548,0.9501
Oncoming,WDRO-inject-K1,3738808160,0,1.124339,0.9611
Oncoming,WDRO-inject-K1,3738808161,0,1.219648,0.9611
Oncoming,WDRO-inject-K1,3738808162,0,1.031349,0.9611
Oncoming,WDRO-inject-K1,3738808163,0,1.123699,0.9556
Oncoming,WDRO-inject-K1,3738808164,0,1.108662,0.9611
Oncoming,WDRO-inject-K1,3738808165,0,1.382305,0.9611
Oncoming,WDRO-inject-K1,3738808166,0,0.973381,0.9611
Oncoming,WDRO-inject-K1,3738808167,0,1.249646,0.9611
Oncoming,WDRO-inject-K1,3738808168,0,0.980689,0.9501
Oncoming,WDRO-inject-K1,3738808169,0,1.462794,0.9556
Oncoming,WDRO-inject-K1,3738808170,0,1.051869,0.9556
Oncoming,WDRO-inject-K1,3738808171,0,1.199856,0.9611
Oncoming,WDRO-inject-K1,3738808172,1,0.274704,0.9611
Oncoming,WDRO-inject-K1,3738808173,0,1.476395,0.9501
Oncoming,WDRO-inject-K1,3738808174,0,1.103468,0.9611
Oncoming,WDRO-inject-K1,3738808175,0,1.079256,0.9611
Oncoming,WDRO-inject-K1,3738808176,0,1.129165,0.9556
Oncoming,WDRO-inject-K1,3738808177,0,1.093964,0.9611
Oncoming,WDRO-inject-K1,3738808178,0,1.017410,0.9556
Oncoming,WDRO-inject-K1,3738808179,0,0.999730,0.9611
Oncoming,WDRO-inject-K1,3738808180,0,1.784547,0.9501
Oncoming,WDRO-inject-K1,3738808181,0,1.520311,0.9611
Oncoming,WDRO-inject-K1,3738808182,0,1.320372,0.9501
Oncoming,WDRO-inject-K1,3738808183,0,1.135120,0.9556
Oncoming,WDRO-inject-K1,3738808184,0,1.318527,0.9611
Oncoming,WDRO-inject-K1,3738808185,1,0.733988,0.9556
Oncoming,WDRO-inject-K1,3738808186,1,0.341551,0.9611
Oncoming,WDRO-inject-K1,3738808187,0,1.184480,0.9611
Oncoming,WDRO-inject-K1,3738808188,0,1.156217,0.9501
Oncoming,WDRO-inject-K1,3738808189,0,0.972875,0.9611
Oncoming,WDRO-inject-K1,3738808190,0,1.319876,0.9611
Oncoming,WDRO-inject-K1,3738808191,0,1.652233,0.9611
Oncoming,WDRO-inject-K1,3738808192,0,1.248211,0.9556
Oncoming,WDRO-inject-K1,3738808193,0,1.278729,0.9611
Oncoming,WDRO-inject-K1,3738808194,1,0.590634,0.9556
Oncoming,WDRO-inject-K1,3738808195,0,1.144896,0.9611
Oncoming,WDRO-inject-K1,3738808196,0,0.967685,0.9501
Oncoming,WDRO-inject-K1,3738808197,0,0.988712,0.9611
Oncoming,WDRO-inject-K1,3738808198,0,1.175995,0.9611
Oncoming,WDRO-inject-K1,3738808199,0,1.085967,0.9501
Oncoming,WDRO-inject-K1,3738808200,0,1.310029,0.9611
Oncoming,WDRO-inject-K1,3738808201,1,0.596098,0.9501
Oncoming,WDRO-inject-K1,3738808202,0,1.210220,0.9611
Oncoming,WDRO-inject-K1,3738808203,0,1.080143,0.9611
Oncoming,WDRO-inject-K1,3738808204,0,1.088345,0.9611
Oncoming,WDRO-inject-K1,3738808205,0,1.497345,0.9501
Oncoming,WDRO-inject-K1,3738808206,0,0.903886,0.9501
Oncoming,WDRO-inject-K1,3738808207,0,1.308992,0.9611
Oncoming,WDRO-inject-K1,3738808208,0,1.322104,0.9501
Oncoming,WDRO-inject-K1,3738808209,0,1.260768,0.9611
Oncoming,WDRO-inject-K1,3738808210,1,0.343908,0.9556
Oncoming,WDRO-inject-K1,3738808211,0,1.144678,0.9611
Oncoming,WDRO-inject-K1,3738808212,0,1.056485,0.9611
Oncoming,WDRO-inject-K1,3738808213,0,1.444245,0.9611
Oncoming,WDRO-inject-K1,3738808214,0,1.340349,0.9611
Oncoming,WDRO-inject-K1,3738808215,0,1.051320,0.9611
Oncoming,WDRO-inject-K1,3738808216,0,1.328298,0.9611
Oncoming,WDRO-inject-K1,3738808217,0,0.995473,0.9501
Oncoming,WDRO-inject-K1,3738808218,0,0.996596,0.9611
Oncoming,WDRO-inject-K1,3738808219,1,0.670432,0.9556
Oncoming,WDRO-inject-K1,3738808220,0,1.100568,0.9611
Oncoming,WDRO-inject-K1,3738808221,0,1.071443,0.9611
Oncoming,WDRO-inject-K1,3738808222,0,1.586550,0.9611
Oncoming,WDRO-inject-K1,3738808223,0,1.127870,0.9611
Oncoming,WDRO-inject-K1,3738808224,0,1.383131,0.9611
Oncoming,WDRO-inject-K1,3738808225,0,1.184230,0.9611
Oncoming,WDRO-inject-K1,3738808226,0,1.013292,0.9611
Oncoming,WDRO-inject-K1,3738808227,0,1.167603,0.9611
Oncoming,WDRO-inject-K1,3738808228,0,1.186485,0.9556
Oncoming,WDRO-inject-K1,3738808229,1,0.618700,0.9501
Oncoming,WDRO-inject-K1,3738808230,0,0.917969,0.9556
Oncoming,WDRO-inject-K1,3738808231,0,1.038180,0.9501
Oncoming,WDRO-inject-K1,3738808232,0,1.141367,0.9611
Oncoming,WDRO-inject-K1,3738808233,0,1.194959,0.9556
Oncoming,WDRO-inject-K1,3738808234,1,0.612497,0.9611
Oncoming,WDRO-inject-K1,3738808235,1,0.615525,0.9611
Oncoming,WDRO-inject-K1,3738808236,1,0.704834,0.9611
Oncoming,WDRO-inject-K1,3738808237,0,1.031790,0.9611
Oncoming,WDRO-inject-K1,3738808238,0,1.176467,0.9611
Oncoming,WDRO-inject-K1,3738808239,0,1.488869,0.9501
Oncoming,WDRO-inject-K1,3738808240,0,0.970313,0.9611
Oncoming,WDRO-inject-K1,3738808241,0,1.253164,0.9611
Oncoming,WDRO-inject-K1,3738808242,0,1.541239,0.9611
Oncoming,WDRO-inject-K1,3738808243,0,1.300108,0.9611
Oncoming,WDRO-inject-K1,3738808244,0,1.067760,0.9611
Oncoming,WDRO-inject-K1,3738808245,0,1.152698,0.9611
Oncoming,WDRO-inject-K1,3738808246,0,1.092432,0.9501
Oncoming,WDRO-inject-K1,3738808247,0,1.173443,0.9611
Oncoming,WDRO-inject-K1,3738808248,0,1.228020,0.9501
Oncoming,WDRO-inject-K1,3738808249,0,1.169414,0.9611
Oncoming,WDRO-inject-K1,3738808250,0,1.441092,0.9611
Oncoming,WDRO-inject-K1,3738808251,0,1.156132,0.9611
Oncoming,WDRO-inject-K1,3738808252,0,1.189229,0.9501
Oncoming,WDRO-inject-K1,3738808253,0,1.011461,0.9556
Oncoming,WDRO-inject-K1,3738808254,0,1.180069,0.9611
Oncoming,WDRO-inject-K1,3738808255,0,1.210549,0.9611
Oncoming,WDRO-inject-K1,3738808256,1,0.775240,0.9556
Oncoming,WDRO-inject-K1,3738808257,0,1.426034,0.9611
Oncoming,WDRO-inject-K1,3738808258,0,1.278565,0.9501
Oncoming,WDRO-inject-K1,3738808259,0,1.364875,0.9611
Oncoming,WDRO-inject-K1,3738808260,1,0.776756,0.9611
Oncoming,WDRO-inject-K1,3738808261,0,1.381453,0.9501
Oncoming,WDRO-inject-K1,3738808262,0,1.168920,0.9666
Oncoming,WDRO-inject-K1,3738808263,0,1.076856,0.9501
Oncoming,WDRO-inject-K1,3738808264,0,1.220223,0.9611
Oncoming,WDRO-inject-K1,3738808265,0,1.135066,0.9611
Oncoming,WDRO-inject-K1,3738808266,0,1.082640,0.9611
Oncoming,WDRO-inject-K1,3738808267,0,1.306676,0.9611
Oncoming,WDRO-inject-K1,3738808268,0,1.597999,0.9611
Oncoming,WDRO-inject-K1,3738808269,0,1.086390,0.9611
Oncoming,WDRO-inject-K1,3738808270,1,0.487330,0.9611
Oncoming,WDRO-inject-K1,3738808271,0,0.884634,0.9556
Oncoming,WDRO-inject-K1,3738808272,0,1.255959,0.9611
Oncoming,WDRO-inject-K1,3738808273,0,1.010212,0.9611
Oncoming,WDRO-inject-K1,3738808274,1,0.568388,0.9556
Oncoming,WDRO-inject-K1,3738808275,0,1.119336,0.9501
Oncoming,WDRO-inject-K1,3738808276,0,1.195504,0.9611
Oncoming,WDRO-inject-K1,3738808277,0,1.328172,0.9611
Oncoming,WDRO-inject-K1,3738808278,0,1.095104,0.9611
Oncoming,WDRO-inject-K1,3738808279,0,1.061468,0.9556
Oncoming,WDRO-inject-K1,3738808280,0,1.100033,0.9611
Oncoming,WDRO-inject-K1,3738808281,0,1.097971,0.9611
Oncoming,WDRO-inject-K1,3738808282,0,0.969885,0.9556
Oncoming,WDRO-inject-K1,3738808283,0,1.330578,0.9611
Oncoming,WDRO-inject-K1,3738808284,0,0.983143,0.9611
Oncoming,WDRO-inject-K1,3738808285,0,1.221487,0.9501
Oncoming,WDRO-inject-K1,3738808286,0,1.196784,0.9611
Oncoming,WDRO-inject-K1,3738808287,0,1.131463,0.9611
Oncoming,WDRO-inject-K1,3738808288,0,1.017166,0.9666
Oncoming,WDRO-inject-K1,3738808289,0,1.382451,0.9501
Oncoming,WDRO-inject-K1,3738808290,1,0.356593,0.9501
Oncoming,WDRO-inject-K1,3738808291,0,1.627311,0.9501
Oncoming,WDRO-inject-K1,3738808292,1,0.296436,0.9501
Oncoming,WDRO-inject-K1,3738808293,0,1.688768,0.9611
Oncoming,WDRO-inject-K1,3738808294,0,1.107160,0.9611
Oncoming,WDRO-inject-K1,3738808295,0,1.106617,0.9611
Oncoming,WDRO-inject-K1,3738808296,0,1.438801,0.9611
Oncoming,WDRO-inject-K1,3738808297,0,1.053945,0.9611
Oncoming,WDRO-inject-K1,3738808298,0,1.089762,0.9501
Oncoming,WDRO-inject-K1,3738808299,0,1.367197,0.9611
Oncoming,WDRO-inject-K1,3738808300,0,1.081927,0.9611
Oncoming,WDRO-inject-K1,3738808301,0,1.458078,0.9611
Oncoming,WDRO-inject-K1,3738808302,0,1.114170,0.9611
Oncoming,WDRO-inject-K1,3738808303,0,1.144619,0.9611
Oncoming,WDRO-inject-K1,3738808304,0,1.183891,0.9611
Oncoming,WDRO-inject-K1,3738808305,0,1.268900,0.9611
Oncoming,WDRO-inject-K1,3738808306,0,1.087377,0.9611
Oncoming,WDRO-inject-K1,3738808307,0,1.152365,0.9611
Oncoming,WDRO-inject-K1,3738808308,0,1.293557,0.9611
Oncoming,WDRO-inject-K1,3738808309,0,1.168838,0.9611
Oncoming,WDRO-inject-K1,3738808310,0,0.995638,0.9611
Oncoming,WDRO-inject-K1,3738808311,0,1.228353,0.9611
Oncoming,WDRO-inject-K1,3738808312,0,1.089384,0.9501
Oncoming,WDRO-inject-K1,3738808313,0,0.954256,0.9556
Oncoming,WDRO-inject-K1,3738808314,0,1.264308,0.9611
Oncoming,WDRO-inject-K1,3738808315,0,1.014711,0.9611
Oncoming,WDRO-inject-K1,3738808316,0,1.183722,0.9611
Oncoming,WDRO-inject-K1,3738808317,0,0.925704,0.9611
Oncoming,WDRO-inject-K1,3738808318,0,1.241704,0.9611
Oncoming,WDRO-inject-K1,3738808319,0,1.493023,0.9611
Oncoming,WDRO-inject-K1,3738808320,0,1.110865,0.9556
Oncoming,WDRO-inject-K1,3738808321,0,1.042771,0.9556
Oncoming,WDRO-inject-K1,3738808322,0,1.501253,0.9501
Oncoming,WDRO-inject-K1,3738808323,0,1.022292,0.9611
Oncoming,WDRO-inject-K1,3738808324,0,1.389915,0.9611
Oncoming,WDRO-inject-K1,3738808325,0,1.172184,0.9611
Oncoming,WDRO-inject-K1,3738808326,1,0.434749,0.9611
Oncoming,WDRO-inject-K1,3738808327,0,1.158391,0.9556
Oncoming,WDRO-inject-K1,3738808328,0,1.226988,0.9556
Oncoming,WDRO-inject-K1,3738808329,1,0.345288,0.9556
Oncoming,WDRO-inject-K1,3738808330,0,1.115887,0.9611
Oncoming,WDRO-inject-K1,3738808331,0,1.093926,0.9611
Oncoming,WDRO-inject-K1,3738808332,0,1.140444,0.9611
Oncoming,WDRO-inject-K1,3738808333,0,1.064435,0.9556
Oncoming,WDRO-inject-K1,3738808334,0,1.176760,0.9501
Oncoming,WDRO-inject-K1,3738808335,0,1.042538,0.9611
Oncoming,WDRO-inject-K1,3738808336,0,1.331853,0.9611
Oncoming,WDRO-inject-K1,3738808337,0,1.138649,0.9611
Oncoming,WDRO-inject-K1,3738808338,0,1.387069,0.9611
Oncoming,WDRO-inject-K1,3738808339,1,0.772033,0.9556
Oncoming,WDRO-inject-K1,3738808340,0,1.063221,0.9611
Oncoming,WDRO-inject-K1,3738808341,1,0.496785,0.9611
Oncoming,WDRO-inject-K1,3738808342,0,1.514505,0.9611
Oncoming,WDRO-inject-K1,3738808343,1,0.777632,0.9556
Oncoming,WDRO-inject-K1,3738808344,0,1.047939,0.9611
Oncoming,WDRO-inject-K1,3738808345,0,1.023809,0.9556
Oncoming,WDRO-inject-K1,3738808346,1,0.547440,0.9611
Oncoming,WDRO-inject-K1,3738808347,0,1.036227,0.9501
Oncoming,WDRO-inject-K1,3738808348,0,1.297890,0.9556
Oncoming,WDRO-inject-K1,3738808349,1,0.557822,0.9611
Oncoming,WDRO-inject-K1,3738808350,0,1.207288,0.9611
Oncoming,WDRO-inject-K1,3738808351,0,0.999765,0.9611
Oncoming,WDRO-inject-K1,3738808352,0,1.118008,0.9611
Oncoming,WDRO-inject-K1,3738808353,0,1.290428,0.9611
Oncoming,WDRO-inject-K1,3738808354,1,0.340078,0.9611
Oncoming,WDRO-inject-K1,3738808355,1,0.523828,0.9556
Oncoming,WDRO-inject-K1,3738808356,0,0.963976,0.9556
Oncoming,WDRO-inject-K1,3738808357,0,1.122965,0.9611
Oncoming,WDRO-inject-K1,3738808358,1,0.663368,0.9556
Oncoming,WDRO-inject-K1,3738808359,1,0.519649,0.9611
Oncoming,WDRO-inject-K1,3738808360,0,1.130841,0.9611
Oncoming,WDRO-inject-K1,3738808361,1,0.448557,0.9501
Oncoming,WDRO-inject-K1,3738808362,0,0.933363,0.9556
Oncoming,WDRO-inject-K1,3738808363,0,1.422599,0.9611
Oncoming,WDRO-inject-K1,3738808364,0,1.096509,0.9611
Oncoming,WDRO-inject-K1,3738808365,0,1.119057,0.9501
Oncoming,WDRO-inject-K1,3738808366,0,1.072608,0.9501
Oncoming,WDRO-inject-K1,3738808367,0,1.153231,0.9611
Oncoming,WDRO-inject-K1,3738808368,1,0.838197,0.9611
Oncoming,WDRO-inject-K1,3738808369,0,1.144504,0.9611
Oncoming,WDRO-inject-K1,3738808370,0,1.049374,0.9611
Oncoming,WDRO-inject-K1,3738808371,0,1.049943,0.9611
Oncoming,WDRO-inject-K1,3738808372,0,1.073053,0.9501
Oncoming,WDRO-inject-K1,3738808373,1,0.705200,0.9556
Oncoming,WDRO-inject-K1,3738808374,0,1.103737,0.9611
Oncoming,WDRO-inject-K1,3738808375,0,1.387801,0.9611
Oncoming,WDRO-inject-K1,3738808376,0,0.989016,0.9556
Oncoming,WDRO-inject-K1,3738808377,1,0.756015,0.9556
Oncoming,WDRO-inject-K1,3738808378,0,1.075058,0.9501
Oncoming,WDRO-inject-K1,3738808379,1,0.832805,0.9501
Oncoming,WDRO-inject-K1,3738808380,0,1.345172,0.9611
Oncoming,WDRO-inject-K1,3738808381,0,1.280961,0.9611
Oncoming,WDRO-inject-K1,3738808382,1,0.471515,0.9611
Oncoming,WDRO-inject-K1,3738808383,0,1.222761,0.9611
Oncoming,WDRO-inject-K1,3738808384,0,1.155464,0.9611
Oncoming,WDRO-inject-K1,3738808385,1,0.477289,0.9501
Oncoming,WDRO-inject-K1,3738808386,1,0.602196,0.9501
Oncoming,WDRO-inject-K1,3738808387,0,1.400709,0.9611
Oncoming,WDRO-inject-K1,3738808388,0,1.030887,0.9611
Oncoming,WDRO-inject-K1,3738808389,0,1.099375,0.9611
Oncoming,WDRO-inject-K1,3738808390,0,1.129018,0.9611
Oncoming,WDRO-inject-K1,3738808391,1,0.632906,0.9556
Oncoming,WDRO-inject-K1,3738808392,0,1.005449,0.9556
Oncoming,WDRO-inject-K1,3738808393,0,1.487828,0.9501
Oncoming,WDRO-inject-K1,3738808394,0,1.319535,0.9611
Oncoming,WDRO-inject-K1,3738808395,0,0.976059,0.9611
Oncoming,WDRO-inject-K1,3738808396,0,1.114781,0.9611
Oncoming,WDRO-inject-K1,3738808397,0,1.286812,0.9501
Oncoming,WDRO-inject-K1,3738808398,0,1.001370,0.9556
Oncoming,WDRO-inject-K1,3738808399,1,0.716678,0.9556
Oncoming,WDRO-inject-K1,3738808400,0,1.147914,0.9611
Oncoming,WDRO-inject-K1,3738808401,0,1.123069,0.9611
Oncoming,WDRO-inject-K1,3738808402,0,1.374685,0.9611
Oncoming,WDRO-inject-K1,3738808403,0,0.862331,0.9556
Oncoming,WDRO-inject-K1,3738808404,0,1.078449,0.9611
Oncoming,WDRO-inject-K1,3738808405,0,1.121671,0.9556
Oncoming,WDRO-inject-K1,3738808406,0,1.134893,0.9611
Oncoming,WDRO-inject-K1,3738808407,0,1.126326,0.9501
Oncoming,WDRO-inject-K1,3738808408,0,1.212705,0.9611
Oncoming,WDRO-inject-K1,3738808409,1,0.720154,0.9556
Oncoming,WDRO-inject-K1,3738808410,0,1.156797,0.9501
Oncoming,WDRO-inject-K1,3738808411,0,1.019276,0.9501
Oncoming,WDRO-inject-K1,3738808412,0,0.994106,0.9501
Oncoming,WDRO-inject-K1,3738808413,0,1.819097,0.9556
Oncoming,WDRO-inject-K1,3738808414,0,1.112330,0.9556
Oncoming,WDRO-inject-K1,3738808415,0,1.009018,0.9501
Oncoming,WDRO-inject-K1,3738808416,0,1.249212,0.9556
Oncoming,WDRO-inject-K1,3738808417,0,1.024516,0.9611
Oncoming,WDRO-inject-K1,3738808418,1,0.528703,0.9501
Oncoming,WDRO-inject-K1,3738808419,1,0.816322,0.9611
Oncoming,WDRO-inject-K1,3738808420,0,1.316372,0.9611
Oncoming,WDRO-inject-K1,3738808421,0,1.014649,0.9556
Oncoming,WDRO-inject-K1,3738808422,0,1.139565,0.9611
Oncoming,WDRO-inject-K1,3738808423,0,1.111940,0.9611
Oncoming,WDRO-inject-K1,3738808424,0,1.062812,0.9501
Oncoming,WDRO-inject-K1,3738808425,0,1.326492,0.9556
Oncoming,WDRO-inject-K1,3738808426,0,1.048433,0.9501
Oncoming,WDRO-inject-K1,3738808427,0,1.336909,0.9611
Oncoming,WDRO-inject-K1,3738808428,0,1.024408,0.9611
Oncoming,WDRO-inject-K1,3738808429,0,1.179321,0.9611
Oncoming,WDRO-inject-K1,3738808430,0,1.197725,0.9611
Oncoming,WDRO-inject-K1,3738808431,0,1.215923,0.9611
Oncoming,WDRO-inject-K1,3738808432,0,1.241047,0.9611
Oncoming,WDRO-inject-K1,3738808433,0,1.503567,0.9501
Oncoming,WDRO-inject-K1,3738808434,0,0.982421,0.9556
Oncoming,WDRO-inject-K1,3738808435,0,1.063251,0.9501
Oncoming,WDRO-inject-K1,3738808436,0,1.234436,0.9611
Oncoming,WDRO-inject-K1,3738808437,0,1.157173,0.9556
Oncoming,WDRO-inject-K1,3738808438,1,0.179845,0.9501
Oncoming,WDRO-inject-K1,3738808439,0,1.048445,0.9611
Oncoming,WDRO-inject-K1,3738808440,0,1.165881,0.9501
Oncoming,WDRO-inject-K1,3738808441,0,1.088864,0.9611
Oncoming,WDRO-inject-K1,3738808442,0,0.983268,0.9556
Oncoming,WDRO-inject-K1,3738808443,1,0.406839,0.9501
Oncoming,WDRO-inject-K1,3738808444,1,0.547241,0.9611
Oncoming,WDRO-inject-K1,3738808445,0,1.487743,0.9611
Oncoming,WDRO-inject-K1,3738808446,0,1.278761,0.9611
Oncoming,WDRO-inject-K1,3738808447,0,1.216178,0.9611
Oncoming,WDRO-inject-K1,3738808448,0,1.027868,0.9556
Oncoming,WDRO-inject-K1,3738808449,0,1.237569,0.9611
Oncoming,WDRO-inject-K1,3738808450,0,1.155421,0.9501
Oncoming,WDRO-inject-K1,3738808451,0,0.998931,0.9556
Oncoming,WDRO-inject-K1,3738808452,0,1.174951,0.9611
Oncoming,WDRO-inject-K1,3738808453,0,1.719067,0.9611
Oncoming,WDRO-inject-K1,3738808454,0,1.071378,0.9611
Oncoming,WDRO-inject-K1,3738808455,0,1.313823,0.9611
Oncoming,WDRO-inject-K1,3738808456,0,1.173989,0.9611
Oncoming,WDRO-inject-K1,3738808457,0,1.244693,0.9611
Oncoming,WDRO-inject-K1,3738808458,0,1.185757,0.9611
Oncoming,WDRO-inject-K1,3738808459,0,1.197004,0.9611
Oncoming,WDRO-inject-K1,3738808460,1,0.818092,0.9556
Oncoming,WDRO-inject-K1,3738808461,0,1.490874,0.9556
Oncoming,WDRO-inject-K1,3738808462,0,1.266030,0.9611
Oncoming,WDRO-inject-K1,3738808463,0,1.330539,0.9501
Oncoming,WDRO-inject-K1,3738808464,0,1.180262,0.9556
Oncoming,WDRO-inject-K1,3738808465,0,1.038918,0.9501
Oncoming,WDRO-inject-K1,3738808466,0,1.084521,0.9611
Oncoming,WDRO-inject-K1,3738808467,0,1.355162,0.9611
Oncoming,WDRO-inject-K1,3738808468,0,1.183031,0.9611
Oncoming,WDRO-inject-K1,3738808469,0,0.963728,0.9666
Oncoming,WDRO-inject-K1,3738808470,0,1.365052,0.9611
Oncoming,WDRO-inject-K1,3738808471,0,1.250086,0.9611
Oncoming,WDRO-inject-K1,3738808472,0,1.229995,0.9611
Oncoming,WDRO-inject-K1,3738808473,0,1.050624,0.9611
Oncoming,WDRO-inject-K1,3738808474,0,1.174774,0.9611
Oncoming,WDRO-inject-K1,3738808475,0,1.623909,0.9611
Oncoming,WDRO-inject-K1,3738808476,0,1.381178,0.9611
Oncoming,WDRO-inject-K1,3738808477,0,1.103528,0.9556
Oncoming,WDRO-inject-K1,3738808478,0,1.177358,0.9611
Oncoming,WDRO-inject-K1,3738808479,1,0.305109,0.9501
Oncoming,WDRO-inject-K1,3738808480,0,0.971156,0.9501
Oncoming,WDRO-inject-K1,3738808481,0,1.027839,0.9556
Oncoming,WDRO-inject-K1,3738808482,0,1.131216,0.9611
Oncoming,WDRO-inject-K1,3738808483,0,1.047025,0.9611
Oncoming,WDRO-inject-K1,3738808484,0,1.249634,0.9501
Oncoming,WDRO-inject-K1,3738808485,0,1.080835,0.9611
Oncoming,WDRO-inject-K1,3738808486,0,1.209635,0.9611
Oncoming,WDRO-inject-K1,3738808487,0,1.336980,0.9611
Oncoming,WDRO-inject-K1,3738808488,0,1.661586,0.9611
Oncoming,WDRO-inject-K1,3738808489,0,1.431280,0.9611
Oncoming,WDRO-inject-K1,3738808490,0,1.376702,0.9501
Oncoming,WDRO-inject-K1,3738808491,0,1.134003,0.9611
Oncoming,WDRO-inject-K1,3738808492,1,0.261571,0.9556
Oncoming,WDRO-inject-K1,3738808493,0,1.159837,0.9556
Oncoming,WDRO-inject-K1,3738808494,1,0.623408,0.9501
Oncoming,WDRO-inject-K1,3738808495,0,1.112858,0.9611
Oncoming,WDRO-inject-K1,3738808496,0,1.152688,0.9611
Oncoming,WDRO-inject-K1,3738808497,0,1.105752,0.9611
Oncoming,WDRO-inject-K1,3738808498,0,1.083368,0.9556
Oncoming,WDRO-inject-K1,3738808499,0,1.374943,0.9556
Oncoming,WDRO-inject-K1,3738808500,0,0.975265,0.9611
Oncoming,WDRO-inject-K1,3738808501,0,1.554320,0.9556
Oncoming,WDRO-inject-K1,3738808502,0,1.360751,0.9611
Oncoming,WDRO-inject-K1,3738808503,0,1.435248,0.9611
Oncoming,WDRO-inject-K1,3738808504,0,1.004559,0.9611
Oncoming,WDRO-inject-K1,3738808505,1,0.765906,0.9556
Oncoming,WDRO-inject-K1,3738808506,0,1.119360,0.9501
Oncoming,WDRO-inject-K1,3738808507,0,1.087545,0.9611
Oncoming,WDRO-inject-K1,3738808508,0,1.055868,0.9611
Oncoming,WDRO-inject-K1,3738808509,0,1.344064,0.9611
Oncoming,WDRO-inject-K1,3738808510,0,1.386464,0.9611
Oncoming,WDRO-inject-K1,3738808511,0,1.098313,0.9611
Oncoming,WDRO-inject-K1,3738808512,1,0.043746,0.9501
Oncoming,WDRO-inject-K1,3738808513,0,1.150225,0.9611
Oncoming,WDRO-inject-K1,3738808514,0,1.116775,0.9611
Oncoming,WDRO-inject-K1,3738808515,0,1.148716,0.9611
Oncoming,WDRO-inject-K1,3738808516,0,1.289249,0.9611
Oncoming,WDRO-inject-K1,3738808517,0,0.974389,0.9611
Oncoming,WDRO-inject-K1,3738808518,0,1.283490,0.9611
Oncoming,WDRO-inject-K1,3738808519,0,1.011696,0.9611
Oncoming,WDRO-inject-K1,3738808520,0,1.111844,0.9611
Oncoming,WDRO-inject-K1,3738808521,1,0.789038,0.9501
Oncoming,WDRO-inject-K1,3738808522,0,1.293383,0.9501
Oncoming,WDRO-inject-K1,3738808523,0,0.997892,0.9611
Oncoming,WDRO-inject-K1,3738808524,0,1.008837,0.9501
Oncoming,WDRO-inject-K1,3738808525,0,1.204538,0.9611
Oncoming,WDRO-inject-K1,3738808526,1,0.680224,0.9556
Oncoming,WDRO-inject-K1,3738808527,0,1.051673,0.9556
Oncoming,WDRO-inject-K1,3738808528,0,1.203890,0.9556
Oncoming,WDRO-inject-K1,3738808529,0,1.293697,0.9501
Oncoming,WDRO-inject-K1,3738808530,0,1.160511,0.9611
Oncoming,WDRO-inject-K1,3738808531,0,1.291886,0.9611
Oncoming,WDRO-inject-K1,3738808532,0,1.101296,0.9611
Oncoming,WDRO-inject-K1,3738808533,0,1.107345,0.9556
Oncoming,WDRO-inject-K1,3738808534,0,1.146870,0.9501
Oncoming,WDRO-inject-K1,3738808535,0,1.059471,0.9611
Oncoming,WDRO-inject-K1,3738808536,0,1.261051,0.9611
Oncoming,WDRO-inject-K1,3738808537,0,1.142408,0.9611
Oncoming,WDRO-inject-K1,3738808538,0,1.177621,0.9556
Oncoming,WDRO-inject-K1,3738808539,0,1.117362,0.9611
Oncoming,WDRO-inject-K1,3738808540,1,0.688417,0.9501
Oncoming,WDRO-inject-K1,3738808541,0,1.308408,0.9501
Oncoming,WDRO-inject-K1,3738808542,1,0.796661,0.9611
Oncoming,WDRO-inject-K1,3738808543,1,0.460030,0.9501
Oncoming,WDRO-inject-K1,3738808544,0,1.049910,0.9611
Oncoming,WDRO-inject-K1,3738808545,0,1.200867,0.9611
Oncoming,WDRO-inject-K1,3738808546,0,1.349342,0.9611
Oncoming,WDRO-inject-K1,3738808547,0,1.235872,0.9501
Oncoming,WDRO-inject-K1,3738808548,0,1.281058,0.9611
Oncoming,WDRO-inject-K1,3738808549,0,1.174560,0.9611
Oncoming,WDRO-inject-K1,3738808550,0,1.054393,0.9611
Oncoming,WDRO-inject-K1,3738808551,0,1.462029,0.9611
Oncoming,WDRO-inject-K1,3738808552,0,1.225463,0.9556
Oncoming,WDRO-inject-K1,3738808553,1,0.771198,0.9611
Oncoming,WDRO-inject-K1,3738808554,0,1.071362,0.9611
Oncoming,WDRO-inject-K1,3738808555,0,1.107152,0.9611
Oncoming,WDRO-inject-K1,3738808556,0,1.060634,0.9611
Oncoming,WDRO-inject-K1,3738808557,0,1.256934,0.9611
Oncoming,WDRO-inject-K1,3738808558,0,1.286994,0.9501
Oncoming,WDRO-inject-K1,3738808559,0,1.393614,0.9611
Oncoming,WDRO-inject-K1,3738808560,0,1.104188,0.9501
Oncoming,WDRO-inject-K1,3738808561,0,1.458486,0.9611
Oncoming,WDRO-inject-K1,3738808562,1,0.239687,0.9556
Oncoming,WDRO-inject-K1,3738808563,0,1.063415,0.9501
Oncoming,WDRO-inject-K1,3738808564,0,1.157618,0.9611
Oncoming,WDRO-inject-K1,3738808565,0,1.035236,0.9611
Oncoming,WDRO-inject-K1,3738808566,1,0.520949,0.9611
Oncoming,WDRO-inject-K1,3738808567,0,1.017581,0.9611
Oncoming,WDRO-inject-K1,3738808568,1,0.276278,0.9501
Oncoming,WDRO-inject-K1,3738808569,0,0.969173,0.9501
Oncoming,WDRO-inject-K1,3738808570,0,1.000791,0.9556
Oncoming,WDRO-inject-K1,3738808571,0,1.257802,0.9501
Oncoming,WDRO-inject-K1,3738808572,0,1.137591,0.9611
Oncoming,WDRO-inject-K1,3738808573,0,1.179279,0.9611
Oncoming,WDRO-inject-K1,3738808574,1,0.389503,0.9501
Oncoming,WDRO-inject-K1,3738808575,0,0.954077,0.9556
Oncoming,WDRO-inject-K1,3738808576,0,1.077060,0.9611
Oncoming,WDRO-inject-K1,3738808577,0,1.283178,0.9611
Oncoming,WDRO-inject-K1,3738808578,0,1.011182,0.9556
Oncoming,WDRO-inject-K1,3738808579,0,1.427387,0.9501
Oncoming,WDRO-inject-K1,3738808580,0,1.124020,0.9611
Oncoming,WDRO-inject-K1,3738808581,0,1.028187,0.9611
Oncoming,WDRO-inject-K1,3738808582,0,1.083617,0.9501
Oncoming,WDRO-inject-K1,3738808583,0,1.001594,0.9611
Oncoming,WDRO-inject-K1,3738808584,0,0.891970,0.9611
Oncoming,WDRO-inject-K1,3738808585,0,1.196008,0.9501
Oncoming,WDRO-inject-K1,3738808586,0,1.500172,0.9611
Oncoming,WDRO-inject-K1,3738808587,0,1.084802,0.9611
Oncoming,WDRO-inject-K1,3738808588,1,0.272218,0.9556
Oncoming,WDRO-inject-K1,3738808589,0,1.186109,0.9611
Oncoming,WDRO-inject-K1,3738808590,0,1.130599,0.9611
Oncoming,WDRO-inject-K1,3738808591,0,1.386828,0.9611
Oncoming,WDRO-inject-K1,3738808592,0,1.513567,0.9611
Oncoming,WDRO-inject-K1,3738808593,0,1.081795,0.9556
Oncoming,WDRO-inject-K1,3738808594,0,1.179472,0.9556
Oncoming,WDRO-inject-K1,3738808595,1,0.552689,0.9501
Oncoming,WDRO-inject-K1,3738808596,0,1.021650,0.9556
Oncoming,WDRO-inject-K1,3738808597,0,1.163037,0.9611
Oncoming,WDRO-inject-K1,3738808598,0,1.328637,0.9611
Oncoming,WDRO-inject-K1,3738808599,0,1.050152,0.9501
Oncoming,WDRO-inject-K1,3738808600,0,1.319618,0.9611
Oncoming,WDRO-inject-K1,3738808601,0,1.141367,0.9611
Oncoming,WDRO-inject-K1,3738808602,1,0.469728,0.9556
Oncoming,WDRO-inject-K1,3738808603,0,1.262404,0.9611
Oncoming,WDRO-inject-K1,3738808604,0,1.360867,0.9501
Oncoming,WDRO-inject-K1,3738808605,0,1.026781,0.9611
Oncoming,WDRO-inject-K1,3738808606,0,1.269406,0.9611
Oncoming,WDRO-inject-K1,3738808607,0,1.264651,0.9501
Oncoming,WDRO-inject-K1,3738808608,0,1.033165,0.9556
Oncoming,WDRO-inject-K1,3738808609,0,1.106210,0.9611
Oncoming,WDRO-inject-K1,3738808610,0,1.418712,0.9611
Oncoming,WDRO-inject-K1,3738808611,0,1.000256,0.9611
Oncoming,WDRO-inject-K1,3738808612,0,1.052139,0.9611
Oncoming,WDRO-inject-K1,3738808613,0,1.165118,0.9611
Oncoming,WDRO-inject-K1,3738808614,0,1.268908,0.9501
Oncoming,WDRO-inject-K1,3738808615,0,1.155854,0.9611
Oncoming,WDRO-inject-K1,3738808616,0,1.155496,0.9556
Oncoming,WDRO-inject-K1,3738808617,0,1.017130,0.9556
Oncoming,WDRO-inject-K1,3738808618,1,0.463713,0.9556
Oncoming,WDRO-inject-K1,3738808619,0,1.422073,0.9611
Oncoming,WDRO-inject-K1,3738808620,0,1.375973,0.9611
Oncoming,WDRO-inject-K1,3738808621,0,0.869312,0.9501
Oncoming,WDRO-inject-K1,3738808622,1,0.803285,0.9556
Oncoming,WDRO-inject-K1,3738808623,0,1.151734,0.9611
Oncoming,WDRO-inject-K1,3738808624,0,1.316798,0.9611
Oncoming,WDRO-inject-K1,3738808625,1,0.388667,0.9611
Oncoming,WDRO-inject-K1,3738808626,1,0.582054,0.9611
Oncoming,WDRO-inject-K1,3738808627,0,1.186120,0.9501
Oncoming,WDRO-inject-K1,3738808628,0,1.303812,0.9501
Oncoming,WDRO-inject-K1,3738808629,0,0.999517,0.9501
Oncoming,WDRO-inject-K1,3738808630,0,0.997533,0.9611
Oncoming,WDRO-inject-K1,3738808631,0,1.259556,0.9611
Oncoming,WDRO-inject-K1,3738808632,0,1.099448,0.9556
Oncoming,WDRO-inject-K1,3738808633,1,0.826466,0.9501
Oncoming,WDRO-inject-K1,3738808634,0,1.193941,0.9501
Oncoming,WDRO-inject-K1,3738808635,0,1.399584,0.9611
Oncoming,WDRO-inject-K1,3738808636,1,0.488843,0.9501
Oncoming,WDRO-inject-K1,3738808637,0,1.217872,0.9501
Oncoming,WDRO-inject-K1,3738808638,0,1.107334,0.9611
Oncoming,WDRO-inject-K1,3738808639,0,1.219838,0.9611
Oncoming,WDRO-inject-K1,3738808640,0,1.259363,0.9611
Oncoming,WDRO-inject-K1,3738808641,0,1.165022,0.9501
Oncoming,WDRO-inject-K1,3738808642,0,1.333441,0.9556
Oncoming,WDRO-inject-K1,3738808643,0,1.338197,0.9501
Oncoming,WDRO-inject-K1,3738808644,0,1.201768,0.9611
Oncoming,WDRO-inject-K1,3738808645,1,0.444903,0.9611
Oncoming,WDRO-inject-K1,3738808646,0,1.368452,0.9611
Oncoming,WDRO-inject-K1,3738808647,1,0.611429,0.9501
Oncoming,WDRO-inject-K1,3738808648,0,1.082472,0.9611
Oncoming,WDRO-inject-K1,3738808649,0,1.327277,0.9556
Oncoming,WDRO-inject-K1,3738808650,0,1.053530,0.9501
Oncoming,WDRO-inject-K1,3738808651,0,1.042308,0.9611
Oncoming,WDRO-inject-K1,3738808652,0,1.499666,0.9611
Oncoming,WDRO-inject-K1,3738808653,0,1.180638,0.9611
Oncoming,WDRO-inject-K1,3738808654,0,1.015367,0.9611
Oncoming,WDRO-inject-K1,3738808655,0,1.103210,0.9611
Oncoming,WDRO-inject-K1,3738808656,0,1.115859,0.9556
Oncoming,WDRO-inject-K1,3738808657,0,1.073386,0.9611
Oncoming,WDRO-inject-K1,3738808658,0,1.517764,0.9556
Oncoming,WDRO-inject-K1,3738808659,0,1.255338,0.9611
Oncoming,WDRO-inject-K1,3738808660,0,1.196733,0.9611
Oncoming,WDRO-inject-K1,3738808661,0,1.256143,0.9611
Oncoming,WDRO-inject-K1,3738808662,0,1.080303,0.9611
Oncoming,WDRO-inject-K1,3738808663,0,1.019338,0.9556
Oncoming,WDRO-inject-K1,3738808664,0,1.169927,0.9611
Oncoming,WDRO-inject-K1,3738808665,0,1.136995,0.9556
Oncoming,WDRO-inject-K1,3738808666,0,0.999864,0.9611
Oncoming,WDRO-inject-K1,3738808667,0,1.264187,0.9611
Oncoming,WDRO-inject-K1,3738808668,0,1.250778,0.9501
Oncoming,WDRO-inject-K1,3738808669,0,1.099590,0.9611
Oncoming,WDRO-inject-K1,3738808670,0,1.191097,0.9611
Oncoming,WDRO-inject-K1,3738808671,0,1.072598,0.9611
Oncoming,WDRO-inject-K1,3738808672,0,1.241889,0.9611
Oncoming,WDRO-inject-K1,3738808673,0,1.202835,0.9611
Oncoming,WDRO-inject-K1,3738808674,0,1.146781,0.9611
Oncoming,WDRO-inject-K1,3738808675,0,0.960894,0.9501
Oncoming,WDRO-inject-K1,3738808676,0,1.193296,0.9501
Oncoming,WDRO-inject-K1,3738808677,0,1.220537,0.9611
Oncoming,WDRO-inject-K1,3738808678,0,1.246973,0.9611
Oncoming,WDRO-inject-K1,3738808679,0,1.051412,0.9611
Oncoming,WDRO-inject-K1,3738808680,0,1.166906,0.9501
Oncoming,WDRO-inject-K1,3738808681,0,1.166427,0.9611
Oncoming,WDRO-inject-K1,3738808682,0,1.076656,0.9611
Oncoming,WDRO-inject-K1,3738808683,0,1.292466,0.9611
Oncoming,WDRO-inject-K1,3738808684,0,1.015135,0.9611
Oncoming,WDRO-inject-K1,3738808685,0,1.285244,0.9611
Oncoming,WDRO-inject-K1,3738808686,0,1.271291,0.9611
Oncoming,WDRO-inject-K1,3738808687,1,0.506692,0.9611
Oncoming,WDRO-inject-K1,3738808688,0,1.332672,0.9501
Oncoming,WDRO-inject-K1,3738808689,0,1.602809,0.9611
Oncoming,WDRO-inject-K1,3738808690,0,1.168778,0.9611
Oncoming,WDRO-inject-K1,3738808691,0,1.221809,0.9501
Oncoming,WDRO-inject-K1,3738808692,0,1.005101,0.9611
Oncoming,WDRO-inject-K1,3738808693,0,1.326465,0.9501
Oncoming,WDRO-inject-K1,3738808694,0,0.968104,0.9556
Oncoming,WDRO-inject-K1,3738808695,0,1.160152,0.9556
Oncoming,WDRO-inject-K1,3738808696,0,1.054422,0.9611
Oncoming,WDRO-inject-K1,3738808697,0,1.230847,0.9611
Oncoming,WDRO-inject-K1,3738808698,0,1.406873,0.9611
Oncoming,WDRO-inject-K1,3738808699,1,0.848196,0.9611
Oncoming,WDRO-inject-K1,3738808700,0,1.257735,0.9556
Oncoming,WDRO-inject-K1,3738808701,0,1.436723,0.9556
Oncoming,WDRO-inject-K1,3738808702,0,1.011541,0.9611
Oncoming,WDRO-inject-K1,3738808703,0,1.392052,0.9556
Oncoming,WDRO-inject-K1,3738808704,0,1.092186,0.9611
Oncoming,WDRO-inject-K1,3738808705,0,1.072391,0.9611
Oncoming,WDRO-inject-K1,3738808706,0,1.134730,0.9611
Oncoming,WDRO-inject-K1,3738808707,0,1.300775,0.9501
Oncoming,WDRO-inject-K1,3738808708,0,1.196688,0.9611
Oncoming,WDRO-inject-K1,3738808709,0,1.181791,0.9611
Oncoming,WDRO-inject-K1,3738808710,0,1.538689,0.9611
Oncoming,WDRO-inject-K1,3738808711,1,0.748834,0.9611
Oncoming,WDRO-inject-K1,3738808712,0,1.197428,0.9611
Oncoming,WDRO-inject-K1,3738808713,0,1.132571,0.9611
Oncoming,WDRO-inject-K1,3738808714,0,1.277568,0.9501
Oncoming,WDRO-inject-K1,3738808715,0,0.991948,0.9556
Oncoming,WDRO-inject-K1,3738808716,0,1.080134,0.9611
Oncoming,WDRO-inject-K1,3738808717,0,1.166572,0.9611
Oncoming,WDRO-inject-K1,3738808718,0,1.112803,0.9611
Oncoming,WDRO-inject-K1,3738808719,0,1.061441,0.9611
Oncoming,WDRO-inject-K1,3738808720,0,1.189072,0.9501
Oncoming,WDRO-inject-K1,3738808721,0,1.108983,0.9501
Oncoming,WDRO-inject-K1,3738808722,0,1.176917,0.9611
Oncoming,WDRO-inject-K1,3738808723,0,1.045180,0.9501
Oncoming,WDRO-inject-K1,3738808724,0,1.039538,0.9611
Oncoming,WDRO-inject-K1,3738808725,0,1.200387,0.9501
Oncoming,WDRO-inject-K1,3738808726,0,1.068044,0.9611
Oncoming,WDRO-inject-K1,3738808727,0,1.581702,0.9611
Oncoming,WDRO-inject-K1,3738808728,0,1.088006,0.9611
Oncoming,WDRO-inject-K1,3738808729,0,1.050935,0.9611
Oncoming,WDRO-inject-K1,3738808730,0,0.948044,0.9611
Oncoming,WDRO-inject-K1,3738808731,0,1.053680,0.9556
Oncoming,WDRO-inject-K1,3738808732,0,1.159915,0.9611
Oncoming,WDRO-inject-K1,3738808733,0,1.166480,0.9611
Oncoming,WDRO-inject-K1,3738808734,0,1.196755,0.9611
Oncoming,WDRO-inject-K1,3738808735,0,1.087736,0.9611
Oncoming,WDRO-inject-K1,3738808736,0,1.030077,0.9611
Oncoming,WDRO-inject-K1,3738808737,1,0.413648,0.9501
Oncoming,WDRO-inject-K1,3738808738,0,1.100712,0.9611
Oncoming,WDRO-inject-K1,3738808739,0,1.123280,0.9611
Oncoming,WDRO-inject-K1,3738808740,0,1.074693,0.9611
Oncoming,WDRO-inject-K1,3738808741,0,1.261843,0.9611
Oncoming,WDRO-inject-K1,3738808742,1,0.542394,0.9501
Oncoming,WDRO-inject-K1,3738808743,1,0.801809,0.9556
Oncoming,WDRO-inject-K1,3738808744,0,0.853215,0.9556
Oncoming,WDRO-inject-K1,3738808745,0,1.166436,0.9501
Oncoming,WDRO-inject-K1,3738808746,0,1.161942,0.9501
Oncoming,WDRO-inject-K1,3738808747,1,0.539753,0.9556
Oncoming,WDRO-inject-K1,3738808748,0,1.159122,0.9611
Oncoming,WDRO-inject-K1,3738808749,0,1.162203,0.9501
Oncoming,WDRO-inject-K1,3738808750,0,1.280757,0.9611
Oncoming,WDRO-inject-K1,3738808751,1,0.649605,0.9556
Oncoming,WDRO-inject-K1,3738808752,0,1.216066,0.9611
Oncoming,WDRO-inject-K1,3738808753,0,1.036523,0.9501
Oncoming,WDRO-inject-K1,3738808754,0,1.633137,0.9556
Oncoming,WDRO-inject-K1,3738808755,1,0.268481,0.9611
Oncoming,WDRO-inject-K1,3738808756,1,0.583033,0.9556
Oncoming,WDRO-inject-K1,3738808757,0,1.095878,0.9611
Oncoming,WDRO-inject-K1,3738808758,0,1.129541,0.9611
Oncoming,WDRO-inject-K1,3738808759,1,0.499228,0.9556
Oncoming,WDRO-inject-K1,3738808760,0,1.279088,0.9611
Oncoming,WDRO-inject-K1,3738808761,0,1.244945,0.9611
Oncoming,WDRO-inject-K1,3738808762,0,1.384717,0.9611
Oncoming,WDRO-inject-K1,3738808763,0,1.135589,0.9501
Oncoming,WDRO-inject-K1,3738808764,0,1.116241,0.9556
Oncoming,WDRO-inject-K1,3738808765,0,1.148796,0.9501
Oncoming,WDRO-inject-K1,3738808766,0,1.057373,0.9501
Oncoming,WDRO-inject-K1,3738808767,0,1.259346,0.9611
Oncoming,WDRO-inject-K1,3738808768,0,1.750255,0.9611
Oncoming,WDRO-inject-K1,3738808769,0,1.400264,0.9611
Oncoming,WDRO-inject-K1,3738808770,0,1.176949,0.9611
Oncoming,WDRO-inject-K1,3738808771,0,1.153429,0.9611
Oncoming,WDRO-inject-K1,3738808772,0,1.356668,0.9611
Oncoming,WDRO-inject-K1,3738808773,0,1.028917,0.9611
Oncoming,WDRO-inject-K1,3738808774,0,1.105698,0.9611
Oncoming,WDRO-inject-K1,3738808775,0,1.007390,0.9611
Oncoming,WDRO-inject-K1,3738808776,0,1.344636,0.9611
Oncoming,WDRO-inject-K1,3738808777,0,1.076718,0.9556
Oncoming,WDRO-inject-K1,3738808778,0,1.095929,0.9556
Oncoming,WDRO-inject-K1,3738808779,0,1.066240,0.9611
Oncoming,WDRO-inject-K1,3738808780,0,1.140892,0.9556
Oncoming,WDRO-inject-K1,3738808781,1,0.723150,0.9556
Oncoming,WDRO-inject-K1,3738808782,1,0.460493,0.9556
Oncoming,WDRO-inject-K1,3738808783,0,1.184594,0.9611
Oncoming,WDRO-inject-K1,3738808784,0,1.167942,0.9556
Oncoming,WDRO-inject-K1,3738808785,0,1.102382,0.9611
Oncoming,WDRO-inject-K1,3738808786,1,0.674032,0.9556
Oncoming,WDRO-inject-K1,3738808787,1,0.520485,0.9611
Oncoming,WDRO-inject-K1,3738808788,0,1.817654,0.9611
Oncoming,WDRO-inject-K1,3738808789,0,1.136262,0.9611
Oncoming,WDRO-inject-K1,3738808790,0,1.181309,0.9556
Oncoming,WDRO-inject-K1,3738808791,0,1.203439,0.9501
Oncoming,WDRO-inject-K1,3738808792,0,1.188169,0.9501
Oncoming,WDRO-inject-K1,3738808793,0,1.223987,0.9556
Oncoming,WDRO-inject-K1,3738808794,0,1.169967,0.9611
Oncoming,WDRO-inject-K1,3738808795,0,1.130298,0.9611
Oncoming,WDRO-inject-K1,3738808796,0,1.280982,0.9556
Oncoming,WDRO-inject-K1,3738808797,0,0.977907,0.9611
Oncoming,WDRO-inject-K1,3738808798,0,1.216792,0.9501
Oncoming,WDRO-inject-K1,3738808799,0,1.240580,0.9611
Oncoming,WDRO-inject-K1,3738808800,0,1.165234,0.9556
Oncoming,WDRO-inject-K1,3738808801,0,1.058983,0.9611
Oncoming,WDRO-inject-K1,3738808802,0,1.073491,0.9611
Oncoming,WDRO-inject-K1,3738808803,0,1.234054,0.9611
Oncoming,WDRO-inject-K1,3738808804,0,1.246010,0.9611
Oncoming,WDRO-inject-K1,3738808805,0,1.267520,0.9611
Oncoming,WDRO-inject-K1,3738808806,0,1.072053,0.9611
Oncoming,WDRO-inject-K1,3738808807,0,1.138730,0.9611
Oncoming,WDRO-inject-K1,3738808808,0,1.178142,0.9611
Oncoming,WDRO-inject-K1,3738808809,1,0.548287,0.9556
Oncoming,WDRO-inject-K1,3738808810,0,1.055234,0.9501
Oncoming,WDRO-inject-K1,3738808811,0,1.068352,0.9501
Oncoming,WDRO-inject-K1,3738808812,0,0.999776,0.9501
Oncoming,WDRO-inject-K1,3738808813,0,1.256171,0.9501
Oncoming,WDRO-inject-K1,3738808814,0,1.363183,0.9611
Oncoming,WDRO-inject-K1,3738808815,0,1.279685,0.9611
Oncoming,WDRO-inject-K1,3738808816,1,0.245595,0.9501
Oncoming,WDRO-inject-K1,3738808817,0,1.058618,0.9611
Oncoming,WDRO-inject-K1,3738808818,0,1.040781,0.9611
Oncoming,WDRO-inject-K1,3738808819,0,1.173861,0.9611
Oncoming,WDRO-inject-K1,3738808820,0,1.261843,0.9611
Oncoming,WDRO-inject-K1,3738808821,0,1.142457,0.9611
Oncoming,WDRO-inject-K1,3738808822,0,1.275400,0.9611
Oncoming,WDRO-inject-K1,3738808823,1,0.775456,0.9611
Oncoming,WDRO-inject-K1,3738808824,0,1.074985,0.9611
Oncoming,WDRO-inject-K1,3738808825,0,1.077339,0.9501
Oncoming,WDRO-inject-K1,3738808826,0,1.077388,0.9611
Oncoming,WDRO-inject-K1,3738808827,0,1.066890,0.9611
Oncoming,WDRO-inject-K1,3738808828,0,1.213128,0.9611
Oncoming,WDRO-inject-K1,3738808829,0,1.040873,0.9556
Oncoming,WDRO-inject-K1,3738808830,1,0.567530,0.9501
Oncoming,WDRO-inject-K1,3738808831,0,1.046005,0.9611
Oncoming,WDRO-inject-K1,3738808832,0,1.449163,0.9611
Oncoming,WDRO-inject-K1,3738808833,1,0.564827,0.9611
Oncoming,WDRO-inject-K1,3738808834,0,1.100912,0.9611
Oncoming,WDRO-inject-K1,3738808835,0,1.007367,0.9611
Oncoming,WDRO-inject-K1,3738808836,0,1.092811,0.9501
Oncoming,WDRO-inject-K1,3738808837,0,1.439155,0.9611
Oncoming,WDRO-inject-K1,3738808838,0,1.084370,0.9556
Oncoming,WDRO-inject-K1,3738808839,1,0.472682,0.9556
Oncoming,WDRO-inject-K1,3738808840,0,1.081881,0.9501
Oncoming,WDRO-inject-K1,3738808841,0,1.005037,0.9501
Oncoming,WDRO-inject-K1,3738808842,0,1.071645,0.9611
Oncoming,WDRO-inject-K1,3738808843,0,1.207474,0.9611
Oncoming,WDRO-inject-K1,3738808844,0,1.120813,0.9611
Oncoming,WDRO-inject-K1,3738808845,0,1.046534,0.9611
Oncoming,WDRO-inject-K1,3738808846,0,1.381391,0.9611
Oncoming,WDRO-inject-K1,3738808847,0,1.402167,0.9611
Oncoming,WDRO-inject-K1,3738808848,1,0.788828,0.9556
Oncoming,WDRO-inject-K1,3738808849,0,1.340596,0.9611
Oncoming,WDRO-inject-K1,3738808850,1,0.808698,0.9611
Oncoming,WDRO-inject-K1,3738808851,0,1.098398,0.9556
Oncoming,WDRO-inject-K1,3738808852,0,1.163927,0.9611
Oncoming,WDRO-inject-K1,3738808853,0,1.047584,0.9611
Oncoming,WDRO-inject-K1,3738808854,1,0.660212,0.9501
Oncoming,WDRO-inject-K1,3738808855,0,1.078489,0.9611
Oncoming,WDRO-inject-K1,3738808856,0,0.943448,0.9556
Oncoming,WDRO-inject-K1,3738808857,1,0.325281,0.9501
Oncoming,WDRO-inject-K1,3738808858,0,1.478975,0.9611
Oncoming,WDRO-inject-K1,3738808859,0,1.303589,0.9611
Oncoming,WDRO-inject-K1,3738808860,0,1.199544,0.9611
Oncoming,WDRO-inject-K1,3738808861,0,1.140328,0.9611
Oncoming,WDRO-inject-K1,3738808862,0,1.169501,0.9611
Oncoming,WDRO-inject-K1,3738808863,0,1.074039,0.9501
Oncoming,WDRO-inject-K1,3738808864,0,1.151331,0.9501
Oncoming,WDRO-inject-K1,3738808865,1,0.762451,0.9556
Oncoming,WDRO-inject-K1,3738808866,1,0.755552,0.9556
Oncoming,WDRO-inject-K1,3738808867,0,1.142661,0.9556
Oncoming,WDRO-inject-K1,3738808868,0,1.125036,0.9611
Oncoming,WDRO-inject-K1,3738808869,0,1.136604,0.9611
Oncoming,WDRO-inject-K1,3738808870,0,1.215119,0.9611
Oncoming,WDRO-inject-K1,3738808871,0,1.061341,0.9611
Oncoming,WDRO-inject-K1,3738808872,1,0.516406,0.9556
Oncoming,WDRO-inject-K1,3738808873,0,1.363614,0.9501
Oncoming,WDRO-inject-K1,3738808874,0,1.316750,0.9556
Oncoming,WDRO-inject-K1,3738808875,0,0.987780,0.9556
Oncoming,WDRO-inject-K1,3738808876,0,1.039504,0.9611
Oncoming,WDRO-inject-K1,3738808877,0,1.188467,0.9611
Oncoming,WDRO-inject-K1,3738808878,0,1.665400,0.9611
Oncoming,WDRO-inject-K1,3738808879,0,1.007765,0.9611
Oncoming,WDRO-inject-K1,3738808880,0,1.298145,0.9611
Oncoming,WDRO-inject-K1,3738808881,0,1.225820,0.9556
Oncoming,WDRO-inject-K1,3738808882,0,1.084035,0.9556
Oncoming,WDRO-inject-K1,3738808883,0,1.526857,0.9611
Oncoming,WDRO-inject-K1,3738808884,0,1.132238,0.9611
Oncoming,WDRO-inject-K1,3738808885,0,1.238319,0.9611
Oncoming,WDRO-inject-K1,3738808886,0,0.950552,0.9556
Oncoming,WDRO-inject-K1,3738808887,0,0.930629,0.9501
Oncoming,WDRO-inject-K1,3738808888,0,1.154325,0.9501
Oncoming,WDRO-inject-K1,3738808889,0,1.221119,0.9611
Oncoming,WDRO-inject-K1,3738808890,0,1.490986,0.9611
Oncoming,WDRO-inject-K1,3738808891,0,1.208450,0.9611
Oncoming,WDRO-inject-K1,3738808892,0,1.045387,0.9611
Oncoming,WDRO-inject-K1,3738808893,0,1.346203,0.9611
Oncoming,WDRO-inject-K1,3738808894,0,1.266925,0.9611
Oncoming,WDRO-inject-K1,3738808895,0,1.431958,0.9611
Oncoming,WDRO-inject-K1,3738808896,0,1.068448,0.9611
Oncoming,WDRO-inject-K1,3738808897,0,0.968986,0.9501
Oncoming,WDRO-inject-K1,3738808898,0,1.220011,0.9611
Oncoming,WDRO-inject-K1,3738808899,0,1.088149,0.9611
Oncoming,WDRO-inject-K1,3738808900,0,1.358602,0.9556
Oncoming,WDRO-inject-K1,3738808901,1,0.058516,0.9501
Oncoming,WDRO-inject-K1,3738808902,1,0.835996,0.9501
Oncoming,WDRO-inject-K1,3738808903,0,1.213140,0.9611
Oncoming,WDRO-inject-K1,3738808904,0,0.950545,0.9556
Oncoming,WDRO-inject-K1,3738808905,1,0.475931,0.9556
Oncoming,WDRO-inject-K1,3738808906,0,1.163482,0.9611
Oncoming,WDRO-inject-K1,3738808907,0,1.361396,0.9611
Oncoming,WDRO-inject-K1,3738808908,0,1.165052,0.9611
Oncoming,WDRO-inject-K1,3738808909,1,0.716306,0.9611
Oncoming,WDRO-inject-K1,3738808910,0,1.241799,0.9501
Oncoming,WDRO-inject-K1,3738808911,1,0.318151,0.9501
Oncoming,WDRO-inject-K1,3738808912,0,1.149455,0.9501
Oncoming,WDRO-inject-K1,3738808913,0,1.284733,0.9501
Oncoming,WDRO-inject-K1,3738808914,0,1.136489,0.9611
Oncoming,WDRO-inject-K1,3738808915,0,1.059268,0.9611
Oncoming,WDRO-inject-K1,3738808916,0,0.992104,0.9611
Oncoming,WDRO-inject-K1,3738808917,0,1.426997,0.9611
Oncoming,WDRO-inject-K1,3738808918,0,1.299072,0.9611
Oncoming,WDRO-inject-K1,3738808919,0,1.229202,0.9501
Oncoming,WDRO-inject-K1,3738808920,0,1.219185,0.9611
Oncoming,WDRO-inject-K1,3738808921,0,1.581143,0.9611
Oncoming,WDRO-inject-K1,3738808922,0,1.723007,0.9611
Oncoming,WDRO-inject-K1,3738808923,0,1.246149,0.9611
Oncoming,WDRO-inject-K1,3738808924,0,1.109218,0.9611
Oncoming,WDRO-inject-K1,3738808925,0,1.156782,0.9611
Oncoming,WDRO-inject-K1,3738808926,1,0.268666,0.9501
Oncoming,WDRO-inject-K1,3738808927,0,1.018010,0.9501
Oncoming,WDRO-inject-K1,3738808928,0,1.039996,0.9611
Oncoming,WDRO-inject-K1,3738808929,0,1.096993,0.9611
Oncoming,WDRO-inject-K1,3738808930,0,1.030662,0.9611
Oncoming,WDRO-inject-K1,3738808931,0,1.647435,0.9501
Oncoming,WDRO-inject-K1,3738808932,0,1.277638,0.9501
Oncoming,WDRO-inject-K1,3738808933,0,1.148921,0.9501
Oncoming,WDRO-inject-K1,3738808934,0,1.081334,0.9611
Oncoming,WDRO-inject-K1,3738808935,0,1.464700,0.9501
Oncoming,WDRO-inject-K1,3738808936,0,1.004711,0.9611
Oncoming,WDRO-inject-K1,3738808937,1,0.478940,0.9501
Oncoming,WDRO-inject-K1,3738808938,0,1.122389,0.9501
Oncoming,WDRO-inject-K1,3738808939,0,1.107997,0.9556
Oncoming,WDRO-inject-K1,3738808940,0,1.008108,0.9556
Oncoming,WDRO-inject-K1,3738808941,0,1.006200,0.9501
Oncoming,WDRO-inject-K1,3738808942,0,1.034552,0.9556
Oncoming,WDRO-inject-K1,3738808943,0,1.229126,0.9611
Oncoming,WDRO-inject-K1,3738808944,0,1.036066,0.9611
Oncoming,WDRO-inject-K1,3738808945,1,0.734962,0.9611
Oncoming,WDRO-inject-K1,3738808946,0,1.300418,0.9611
Oncoming,WDRO-inject-K1,3738808947,0,1.191264,0.9611
Oncoming,WDRO-inject-K1,3738808948,0,1.146148,0.9611
Oncoming,WDRO-inject-K1,3738808949,0,1.166466,0.9611
Oncoming,WDRO-inject-K1,3738808950,0,1.089863,0.9611
Oncoming,WDRO-inject-K1,3738808951,0,1.205755,0.9556
Oncoming,WDRO-inject-K1,3738808952,0,1.273038,0.9611
Oncoming,WDRO-inject-K1,3738808953,0,1.069681,0.9611
Oncoming,WDRO-inject-K1,3738808954,1,0.333325,0.9556
Oncoming,WDRO-inject-K1,3738808955,0,1.261599,0.9611
Oncoming,WDRO-inject-K1,3738808956,0,1.017396,0.9611
Oncoming,WDRO-inject-K1,3738808957,0,1.014048,0.9556
Oncoming,WDRO-inject-K1,3738808958,0,1.001752,0.9556
Oncoming,WDRO-inject-K1,3738808959,0,1.052222,0.9611
Oncoming,WDRO-inject-K1,3738808960,0,1.056280,0.9501
Oncoming,WDRO-inject-K1,3738808961,0,1.580868,0.9611
Oncoming,WDRO-inject-K1,3738808962,0,1.037080,0.9501
Oncoming,WDRO-inject-K1,3738808963,0,1.145417,0.9611
Oncoming,WDRO-inject-K1,3738808964,0,1.082267,0.9611
Oncoming,WDRO-inject-K1,3738808965,0,1.227782,0.9611
Oncoming,WDRO-inject-K1,3738808966,1,0.354207,0.9611
Oncoming,WDRO-inject-K1,3738808967,0,1.105715,0.9611
Oncoming,WDRO-inject-K1,3738808968,1,0.697130,0.9611
Oncoming,WDRO-inject-K1,3738808969,0,1.247518,0.9611
Oncoming,WDRO-inject-K1,3738808970,0,0.972774,0.9501
Oncoming,WDRO-inject-K1,3738808971,0,1.383572,0.9556
Oncoming,WDRO-inject-K1,3738808972,0,1.123262,0.9611
Oncoming,WDRO-inject-K1,3738808973,1,0.247999,0.9501
Oncoming,WDRO-inject-K1,3738808974,0,1.577858,0.9611
Oncoming,WDRO-inject-K1,3738808975,0,1.487018,0.9611
Oncoming,WDRO-inject-K1,3738808976,1,0.472080,0.9556
Oncoming,WDRO-inject-K1,3738808977,0,1.167846,0.9611
Oncoming,WDRO-inject-K1,3738808978,0,1.108682,0.9611
Oncoming,WDRO-inject-K1,3738808979,0,1.001132,0.9556
Oncoming,WDRO-inject-K1,3738808980,0,1.042955,0.9611
Oncoming,WDRO-inject-K1,3738808981,0,1.028233,0.9611
Oncoming,WDRO-inject-K1,3738808982,0,1.099038,0.9611
Oncoming,WDRO-inject-K1,3738808983,0,1.349761,0.9611
Oncoming,WDRO-inject-K1,3738808984,0,1.056340,0.9611
Oncoming,WDRO-inject-K1,3738808985,1,0.512451,0.9501
Oncoming,WDRO-inject-K1,3738808986,0,1.393341,0.9556
Oncoming,WDRO-inject-K1,3738808987,0,1.085832,0.9611
Oncoming,WDRO-inject-K1,3738808988,0,1.082258,0.9501
Oncoming,WDRO-inject-K1,3738808989,0,1.130962,0.9611
Oncoming,WDRO-inject-K1,3738808990,0,1.158867,0.9611
Oncoming,WDRO-inject-K1,3738808991,0,1.090779,0.9611
Oncoming,WDRO-inject-K1,3738808992,0,1.055104,0.9556
Oncoming,WDRO-inject-K1,3738808993,0,1.027915,0.9611
Oncoming,WDRO-inject-K1,3738808994,1,0.810115,0.9556
Oncoming,WDRO-inject-K1,3738808995,0,1.235876,0.9611
Oncoming,WDRO-inject-K1,3738808996,1,0.295984,0.9556
Oncoming,WDRO-inject-K1,3738808997,0,1.117503,0.9501
Oncoming,WDRO-inject-K1,3738808998,0,1.037154,0.9556
Oncoming,WDRO-inject-K1,3738808999,0,1.084028,0.9611
Oncoming,WDRO-inject-K1,3738809000,0,1.224735,0.9501
Oncoming,WDRO-inject-K1,3738809001,0,1.133091,0.9611
Oncoming,WDRO-inject-K1,3738809002,0,1.058776,0.9501
Oncoming,WDRO-inject-K1,3738809003,0,1.427909,0.9611
Oncoming,WDRO-inject-K1,3738809004,0,1.253985,0.9556
Oncoming,WDRO-inject-K1,3738809005,0,1.533990,0.9611
Oncoming,WDRO-inject-K1,3738809006,0,1.111431,0.9611
Oncoming,WDRO-inject-K1,3738809007,0,1.485496,0.9611
Oncoming,WDRO-inject-K1,3738809008,0,1.177659,0.9556
Oncoming,WDRO-inject-K1,3738809009,0,1.235120,0.9611
Oncoming,WDRO-inject-K1,3738809010,0,0.919433,0.9611
Oncoming,WDRO-inject-K1,3738809011,0,1.151788,0.9556
Oncoming,WDRO-inject-K1,3738809012,0,0.974256,0.9501
Oncoming,WDRO-inject-K1,3738809013,0,1.204146,0.9611
Oncoming,WDRO-inject-K1,3738809014,0,1.048974,0.9611
Oncoming,WDRO-inject-K1,3738809015,0,1.102103,0.9501
Oncoming,WDRO-inject-K1,3738809016,0,1.256926,0.9556
Oncoming,WDRO-inject-K1,3738809017,0,0.895941,0.9611
Oncoming,WDRO-inject-K1,3738809018,0,1.660930,0.9611
Oncoming,WDRO-inject-K1,3738809019,0,1.460082,0.9611
Oncoming,WDRO-inject-K1,3738809020,0,1.105710,0.9556
Oncoming,WDRO-inject-K1,3738809021,0,1.011191,0.9556
Oncoming,WDRO-inject-K1,3738809022,0,1.137987,0.9611
Oncoming,WDRO-inject-K1,3738809023,0,1.255819,0.9611
Oncoming,WDRO-inject-K1,3738809024,0,1.151572,0.9611
Oncoming,WDRO-inject-K1,3738809025,0,1.074546,0.9611
Oncoming,WDRO-inject-K1,3738809026,0,1.281175,0.9611
Oncoming,WDRO-inject-K1,3738809027,0,1.253711,0.9611
Oncoming,WDRO-inject-K1,3738809028,0,1.466048,0.9501
Oncoming,WDRO-inject-K1,3738809029,0,1.277399,0.9611
Oncoming,WDRO-inject-K1,3738809030,1,0.714247,0.9556
Oncoming,WDRO-inject-K1,3738809031,0,1.304030,0.9611
Oncoming,WDRO-inject-K1,3738809032,1,0.733328,0.9556
Oncoming,WDRO-inject-K1,3738809033,0,1.151220,0.9611
Oncoming,WDRO-inject-K1,3738809034,0,1.387641,0.9611
Oncoming,WDRO-inject-K1,3738809035,0,1.040666,0.9611
Oncoming,WDRO-inject-K1,3738809036,1,0.384108,0.9556
Oncoming,WDRO-inject-K1,3738809037,0,1.066169,0.9556
Oncoming,WDRO-inject-K1,3738809038,1,0.712998,0.9611
Oncoming,WDRO-inject-K1,3738809039,0,1.172590,0.9611
Oncoming,WDRO-inject-K1,3738809040,0,1.403072,0.9611
Oncoming,WDRO-inject-K1,3738809041,0,0.955316,0.9611
Oncoming,TopRisk-K1,3739607042,1,0.633136,0.9556
Oncoming,TopRisk-K1,3739607043,0,1.176197,0.9501
Oncoming,TopRisk-K1,3739607044,1,0.794153,0.9611
Oncoming,TopRisk-K1,3739607045,0,1.139988,0.9611
Oncoming,TopRisk-K1,3739607046,0,1.111363,0.9611
Oncoming,TopRisk-K1,3739607047,0,0.989704,0.9501
Oncoming,TopRisk-K1,3739607048,0,1.282957,0.9611
Oncoming,TopRisk-K1,3739607049,0,1.076302,0.9501
Oncoming,TopRisk-K1,3739607050,0,0.991206,0.9611
Oncoming,TopRisk-K1,3739607051,0,1.366081,0.9611
Oncoming,TopRisk-K1,3739607052,0,1.287700,0.9611
Oncoming,TopRisk-K1,3739607053,0,1.147344,0.9611
Oncoming,TopRisk-K1,3739607054,1,0.524535,0.9501
Oncoming,TopRisk-K1,3739607055,0,1.009081,0.9611
Oncoming,TopRisk-K1,3739607056,0,1.102716,0.9611
Oncoming,TopRisk-K1,3739607057,0,1.077241,0.9611
Oncoming,TopRisk-K1,3739607058,0,1.661977,0.9611
Oncoming,TopRisk-K1,3739607059,0,1.024033,0.9556
Oncoming,TopRisk-K1,3739607060,1,0.426605,0.9501
Oncoming,TopRisk-K1,3739607061,0,1.324003,0.9611
Oncoming,TopRisk-K1,3739607062,1,0.321636,0.9611
Oncoming,TopRisk-K1,3739607063,0,1.213700,0.9611
Oncoming,TopRisk-K1,3739607064,0,1.038880,0.9611
Oncoming,TopRisk-K1,3739607065,0,1.809756,0.9611
Oncoming,TopRisk-K1,3739607066,0,1.099823,0.9556
Oncoming,TopRisk-K1,3739607067,0,1.143435,0.9611
Oncoming,TopRisk-K1,3739607068,0,1.205478,0.9611
Oncoming,TopRisk-K1,3739607069,0,1.208739,0.9611
Oncoming,TopRisk-K1,3739607070,0,1.307305,0.9611
Oncoming,TopRisk-K1,3739607071,0,1.118964,0.9556
Oncoming,TopRisk-K1,3739607072,0,1.436865,0.9556
Oncoming,TopRisk-K1,3739607073,0,1.219417,0.9556
Oncoming,TopRisk-K1,3739607074,0,1.294775,0.9556
Oncoming,TopRisk-K1,3739607075,0,1.109759,0.9611
Oncoming,TopRisk-K1,3739607076,0,1.125635,0.9611
Oncoming,TopRisk-K1,3739607077,0,1.085211,0.9501
Oncoming,TopRisk-K1,3739607078,0,0.992299,0.9501
Oncoming,TopRisk-K1,3739607079,0,1.089592,0.9556
Oncoming,TopRisk-K1,3739607080,0,1.061286,0.9611
Oncoming,TopRisk-K1,3739607081,0,1.178957,0.9611
Oncoming,TopRisk-K1,3739607082,0,1.157392,0.9501
Oncoming,TopRisk-K1,3739607083,0,1.209585,0.9501
Oncoming,TopRisk-K1,3739607084,1,0.460907,0.9611
Oncoming,TopRisk-K1,3739607085,0,1.177602,0.9501
Oncoming,TopRisk-K1,3739607086,0,1.195668,0.9611
Oncoming,TopRisk-K1,3739607087,0,1.275845,0.9611
Oncoming,TopRisk-K1,3739607088,0,1.165093,0.9611
Oncoming,TopRisk-K1,3739607089,0,1.331448,0.9611
Oncoming,TopRisk-K1,3739607090,0,1.173191,0.9611
Oncoming,TopRisk-K1,3739607091,0,1.314962,0.9611
Oncoming,TopRisk-K1,3739607092,0,1.230425,0.9611
Oncoming,TopRisk-K1,3739607093,0,1.218889,0.9611
Oncoming,TopRisk-K1,3739607094,0,1.064033,0.9611
Oncoming,TopRisk-K1,3739607095,0,1.246481,0.9611
Oncoming,TopRisk-K1,3739607096,0,1.557637,0.9611
Oncoming,TopRisk-K1,3739607097,1,0.427150,0.9501
Oncoming,TopRisk-K1,3739607098,0,1.449518,0.9611
Oncoming,TopRisk-K1,3739607099,1,0.736146,0.9611
Oncoming,TopRisk-K1,3739607100,1,0.267892,0.9556
Oncoming,TopRisk-K1,3739607101,0,1.174351,0.9611
Oncoming,TopRisk-K1,3739607102,0,1.107975,0.9611
Oncoming,TopRisk-K1,3739607103,0,1.034975,0.9611
Oncoming,TopRisk-K1,3739607104,0,1.047575,0.9611
Oncoming,TopRisk-K1,3739607105,0,1.192312,0.9501
Oncoming,TopRisk-K1,3739607106,0,1.407696,0.9556
Oncoming,TopRisk-K1,3739607107,0,1.226176,0.9611
Oncoming,TopRisk-K1,3739607108,0,0.986394,0.9501
Oncoming,TopRisk-K1,3739607109,0,1.174001,0.9611
Oncoming,TopRisk-K1,3739607110,0,1.110710,0.9611
Oncoming,TopRisk-K1,3739607111,0,0.955100,0.9501
Oncoming,TopRisk-K1,3739607112,0,1.185996,0.9611
Oncoming,TopRisk-K1,3739607113,0,1.156664,0.9611
Oncoming,TopRisk-K1,3739607114,0,1.542534,0.9611
Oncoming,TopRisk-K1,3739607115,1,0.214739,0.9556
Oncoming,TopRisk-K1,3739607116,0,1.068531,0.9556
Oncoming,TopRisk-K1,3739607117,0,1.567616,0.9501
Oncoming,TopRisk-K1,3739607118,0,1.314547,0.9501
Oncoming,TopRisk-K1,3739607119,0,1.008718,0.9501
Oncoming,TopRisk-K1,3739607120,0,1.168031,0.9611
Oncoming,TopRisk-K1,3739607121,0,1.134390,0.9611
Oncoming,TopRisk-K1,3739607122,0,1.829496,0.9611
Oncoming,TopRisk-K1,3739607123,0,1.047404,0.9501
Oncoming,TopRisk-K1,3739607124,0,1.057568,0.9611
Oncoming,TopRisk-K1,3739607125,0,1.426426,0.9611
Oncoming,TopRisk-K1,3739607126,0,1.096083,0.9611
Oncoming,TopRisk-K1,3739607127,0,1.151506,0.9611
Oncoming,TopRisk-K1,3739607128,0,1.286682,0.9611
Oncoming,TopRisk-K1,3739607129,1,0.248546,0.9556
Oncoming,TopRisk-K1,3739607130,0,1.089471,0.9611
Oncoming,TopRisk-K1,3739607131,0,1.055256,0.9556
Oncoming,TopRisk-K1,3739607132,1,0.710755,0.9611
Oncoming,TopRisk-K1,3739607133,1,0.460086,0.9611
Oncoming,TopRisk-K1,3739607134,1,0.363341,0.9556
Oncoming,TopRisk-K1,3739607135,0,1.094178,0.9611
Oncoming,TopRisk-K1,3739607136,0,1.174717,0.9611
Oncoming,TopRisk-K1,3739607137,0,1.092345,0.9611
Oncoming,TopRisk-K1,3739607138,0,1.021141,0.9611
Oncoming,TopRisk-K1,3739607139,0,1.010544,0.9501
Oncoming,TopRisk-K1,3739607140,0,1.175773,0.9556
Oncoming,TopRisk-K1,3739607141,0,1.291085,0.9501
Oncoming,TopRisk-K1,3739607142,0,1.064563,0.9501
Oncoming,TopRisk-K1,3739607143,0,1.130923,0.9611
Oncoming,TopRisk-K1,3739607144,0,1.229022,0.9501
Oncoming,TopRisk-K1,3739607145,0,1.008259,0.9611
Oncoming,TopRisk-K1,3739607146,0,1.252396,0.9611
Oncoming,TopRisk-K1,3739607147,1,0.455493,0.9501
Oncoming,TopRisk-K1,3739607148,0,1.035325,0.9501
Oncoming,TopRisk-K1,3739607149,0,1.014500,0.9501
Oncoming,TopRisk-K1,3739607150,0,1.222401,0.9611
Oncoming,TopRisk-K1,3739607151,0,1.359825,0.9611
Oncoming,TopRisk-K1,3739607152,0,1.739909,0.9611
Oncoming,TopRisk-K1,3739607153,0,1.192142,0.9611
Oncoming,TopRisk-K1,3739607154,0,1.218814,0.9611
Oncoming,TopRisk-K1,3739607155,1,0.757002,0.9556
Oncoming,TopRisk-K1,3739607156,0,1.502308,0.9611
Oncoming,TopRisk-K1,3739607157,0,1.119457,0.9611
Oncoming,TopRisk-K1,3739607158,0,1.199050,0.9501
Oncoming,TopRisk-K1,3739607159,1,0.578665,0.9501
Oncoming,TopRisk-K1,3739607160,0,1.201549,0.9611
Oncoming,TopRisk-K1,3739607161,0,1.165112,0.9611
Oncoming,TopRisk-K1,3739607162,0,1.122689,0.9611
Oncoming,TopRisk-K1,3739607163,0,1.106378,0.9611
Oncoming,TopRisk-K1,3739607164,0,1.284751,0.9611
Oncoming,TopRisk-K1,3739607165,0,1.209729,0.9501
Oncoming,TopRisk-K1,3739607166,0,1.178805,0.9611
Oncoming,TopRisk-K1,3739607167,0,1.054484,0.9611
Oncoming,TopRisk-K1,3739607168,0,1.065911,0.9611
Oncoming,TopRisk-K1,3739607169,0,1.267069,0.9556
Oncoming,TopRisk-K1,3739607170,0,1.019895,0.9501
Oncoming,TopRisk-K1,3739607171,0,1.119693,0.9501
Oncoming,TopRisk-K1,3739607172,1,0.757239,0.9611
Oncoming,TopRisk-K1,3739607173,1,0.795768,0.9556
Oncoming,TopRisk-K1,3739607174,0,1.471250,0.9611
Oncoming,TopRisk-K1,3739607175,0,1.328187,0.9611
Oncoming,TopRisk-K1,3739607176,1,0.466662,0.9611
Oncoming,TopRisk-K1,3739607177,0,1.243582,0.9611
Oncoming,TopRisk-K1,3739607178,0,1.308566,0.9501
Oncoming,TopRisk-K1,3739607179,0,1.133672,0.9501
Oncoming,TopRisk-K1,3739607180,1,0.511824,0.9611
Oncoming,TopRisk-K1,3739607181,0,1.114494,0.9556
Oncoming,TopRisk-K1,3739607182,0,1.253118,0.9611
Oncoming,TopRisk-K1,3739607183,0,1.223704,0.9556
Oncoming,TopRisk-K1,3739607184,1,0.710691,0.9611
Oncoming,TopRisk-K1,3739607185,0,1.471602,0.9611
Oncoming,TopRisk-K1,3739607186,0,1.483686,0.9611
Oncoming,TopRisk-K1,3739607187,0,1.285650,0.9611
Oncoming,TopRisk-K1,3739607188,1,0.833296,0.9556
Oncoming,TopRisk-K1,3739607189,0,1.167944,0.9611
Oncoming,TopRisk-K1,3739607190,0,1.294361,0.9611
Oncoming,TopRisk-K1,3739607191,0,1.509137,0.9611
Oncoming,TopRisk-K1,3739607192,1,0.742993,0.9556
Oncoming,TopRisk-K1,3739607193,1,0.750277,0.9556
Oncoming,TopRisk-K1,3739607194,1,0.621637,0.9501
Oncoming,TopRisk-K1,3739607195,1,0.800310,0.9611
Oncoming,TopRisk-K1,3739607196,0,1.069201,0.9556
Oncoming,TopRisk-K1,3739607197,1,0.250436,0.9556
Oncoming,TopRisk-K1,3739607198,0,1.368648,0.9611
Oncoming,TopRisk-K1,3739607199,1,0.766573,0.9501
Oncoming,TopRisk-K1,3739607200,0,1.520341,0.9611
Oncoming,TopRisk-K1,3739607201,0,0.969461,0.9556
Oncoming,TopRisk-K1,3739607202,1,0.744126,0.9556
Oncoming,TopRisk-K1,3739607203,0,1.304346,0.9611
Oncoming,TopRisk-K1,3739607204,0,1.168525,0.9501
Oncoming,TopRisk-K1,3739607205,1,0.510179,0.9501
Oncoming,TopRisk-K1,3739607206,0,1.089207,0.9611
Oncoming,TopRisk-K1,3739607207,0,1.120024,0.9611
Oncoming,TopRisk-K1,3739607208,0,1.036860,0.9611
Oncoming,TopRisk-K1,3739607209,0,1.360369,0.9611
Oncoming,TopRisk-K1,3739607210,0,1.512015,0.9501
Oncoming,TopRisk-K1,3739607211,0,1.214609,0.9556
Oncoming,TopRisk-K1,3739607212,0,1.182779,0.9501
Oncoming,TopRisk-K1,3739607213,0,1.331327,0.9611
Oncoming,TopRisk-K1,3739607214,0,1.239655,0.9611
Oncoming,TopRisk-K1,3739607215,0,1.119885,0.9501
Oncoming,TopRisk-K1,3739607216,0,1.105730,0.9611
Oncoming,TopRisk-K1,3739607217,0,1.053737,0.9611
Oncoming,TopRisk-K1,3739607218,0,0.996462,0.9611
Oncoming,TopRisk-K1,3739607219,0,1.122395,0.9556
Oncoming,TopRisk-K1,3739607220,0,1.033656,0.9611
Oncoming,TopRisk-K1,3739607221,0,1.268704,0.9611
Oncoming,TopRisk-K1,3739607222,0,1.305636,0.9611
Oncoming,TopRisk-K1,3739607223,0,1.077211,0.9501
Oncoming,TopRisk-K1,3739607224,0,1.284849,0.9611
Oncoming,TopRisk-K1,3739607225,1,0.507211,0.9611
Oncoming,TopRisk-K1,3739607226,0,1.316247,0.9611
Oncoming,TopRisk-K1,3739607227,0,1.211469,0.9611
Oncoming,TopRisk-K1,3739607228,0,1.011724,0.9611
Oncoming,TopRisk-K1,3739607229,0,1.120996,0.9611
Oncoming,TopRisk-K1,3739607230,0,1.023299,0.9611
Oncoming,TopRisk-K1,3739607231,0,1.156393,0.9611
Oncoming,TopRisk-K1,3739607232,0,0.874897,0.9611
Oncoming,TopRisk-K1,3739607233,0,1.304038,0.9556
Oncoming,TopRisk-K1,3739607234,0,1.409066,0.9611
Oncoming,TopRisk-K1,3739607235,0,1.214092,0.9611
Oncoming,TopRisk-K1,3739607236,0,1.082394,0.9501
Oncoming,TopRisk-K1,3739607237,0,1.254625,0.9556
Oncoming,TopRisk-K1,3739607238,0,1.222060,0.9611
Oncoming,TopRisk-K1,3739607239,0,0.851289,0.9556
Oncoming,TopRisk-K1,3739607240,0,1.073766,0.9611
Oncoming,TopRisk-K1,3739607241,0,1.645163,0.9611
Oncoming,TopRisk-K1,3739607242,0,1.109976,0.9501
Oncoming,TopRisk-K1,3739607243,0,1.127511,0.9611
Oncoming,TopRisk-K1,3739607244,0,1.156414,0.9501
Oncoming,TopRisk-K1,3739607245,0,1.402165,0.9501
Oncoming,TopRisk-K1,3739607246,0,1.173840,0.9556
Oncoming,TopRisk-K1,3739607247,0,1.202808,0.9611
Oncoming,TopRisk-K1,3739607248,0,1.369841,0.9611
Oncoming,TopRisk-K1,3739607249,0,1.344464,0.9611
Oncoming,TopRisk-K1,3739607250,0,1.122001,0.9501
Oncoming,TopRisk-K1,3739607251,0,1.364212,0.9501
Oncoming,TopRisk-K1,3739607252,0,1.030927,0.9556
Oncoming,TopRisk-K1,3739607253,0,0.977785,0.9611
Oncoming,TopRisk-K1,3739607254,0,1.204162,0.9501
Oncoming,TopRisk-K1,3739607255,0,1.293624,0.9611
Oncoming,TopRisk-K1,3739607256,0,1.169182,0.9611
Oncoming,TopRisk-K1,3739607257,0,1.419191,0.9611
Oncoming,TopRisk-K1,3739607258,0,1.186971,0.9611
Oncoming,TopRisk-K1,3739607259,0,1.475362,0.9611
Oncoming,TopRisk-K1,3739607260,0,1.020579,0.9611
Oncoming,TopRisk-K1,3739607261,0,1.051234,0.9611
Oncoming,TopRisk-K1,3739607262,0,1.185058,0.9611
Oncoming,TopRisk-K1,3739607263,0,1.071151,0.9501
Oncoming,TopRisk-K1,3739607264,0,1.144885,0.9611
Oncoming,TopRisk-K1,3739607265,0,1.451861,0.9501
Oncoming,TopRisk-K1,3739607266,0,1.045045,0.9611
Oncoming,TopRisk-K1,3739607267,0,1.231403,0.9501
Oncoming,TopRisk-K1,3739607268,0,1.278080,0.9556
Oncoming,TopRisk-K1,3739607269,0,1.350901,0.9611
Oncoming,TopRisk-K1,3739607270,0,1.062348,0.9501
Oncoming,TopRisk-K1,3739607271,1,0.718329,0.9611
Oncoming,TopRisk-K1,3739607272,0,1.606043,0.9501
Oncoming,TopRisk-K1,3739607273,1,0.311054,0.9611
Oncoming,TopRisk-K1,3739607274,0,1.123178,0.9611
Oncoming,TopRisk-K1,3739607275,0,1.184541,0.9556
Oncoming,TopRisk-K1,3739607276,0,0.874007,0.9501
Oncoming,TopRisk-K1,3739607277,1,0.717830,0.9501
Oncoming,TopRisk-K1,3739607278,0,1.135192,0.9556
Oncoming,TopRisk-K1,3739607279,0,1.093288,0.9501
Oncoming,TopRisk-K1,3739607280,0,1.094822,0.9611
Oncoming,TopRisk-K1,3739607281,0,1.726523,0.9611
Oncoming,TopRisk-K1,3739607282,0,1.143976,0.9556
Oncoming,TopRisk-K1,3739607283,0,1.095487,0.9611
Oncoming,TopRisk-K1,3739607284,0,1.200572,0.9501
Oncoming,TopRisk-K1,3739607285,1,0.819093,0.9501
Oncoming,TopRisk-K1,3739607286,0,1.211273,0.9501
Oncoming,TopRisk-K1,3739607287,0,1.077868,0.9501
Oncoming,TopRisk-K1,3739607288,0,1.313809,0.9611
Oncoming,TopRisk-K1,3739607289,1,0.566078,0.9556
Oncoming,TopRisk-K1,3739607290,0,1.305316,0.9611
Oncoming,TopRisk-K1,3739607291,1,0.658915,0.9611
Oncoming,TopRisk-K1,3739607292,1,0.362335,0.9501
Oncoming,TopRisk-K1,3739607293,0,1.037331,0.9611
Oncoming,TopRisk-K1,3739607294,0,1.145290,0.9611
Oncoming,TopRisk-K1,3739607295,0,1.035094,0.9611
Oncoming,TopRisk-K1,3739607296,0,1.614079,0.9611
Oncoming,TopRisk-K1,3739607297,1,0.036036,0.9556
Oncoming,TopRisk-K1,3739607298,0,1.325187,0.9611
Oncoming,TopRisk-K1,3739607299,0,1.102085,0.9556
Oncoming,TopRisk-K1,3739607300,1,0.734512,0.9611
Oncoming,TopRisk-K1,3739607301,0,1.219824,0.9611
Oncoming,TopRisk-K1,3739607302,0,1.275526,0.9501
Oncoming,TopRisk-K1,3739607303,0,1.176543,0.9501
Oncoming,TopRisk-K1,3739607304,0,1.008426,0.9501
Oncoming,TopRisk-K1,3739607305,0,1.002714,0.9611
Oncoming,TopRisk-K1,3739607306,0,1.061971,0.9611
Oncoming,TopRisk-K1,3739607307,0,1.330136,0.9611
Oncoming,TopRisk-K1,3739607308,0,1.369822,0.9611
Oncoming,TopRisk-K1,3739607309,0,1.171942,0.9611
Oncoming,TopRisk-K1,3739607310,0,1.351023,0.9611
Oncoming,TopRisk-K1,3739607311,0,1.063988,0.9611
Oncoming,TopRisk-K1,3739607312,0,1.223456,0.9501
Oncoming,TopRisk-K1,3739607313,0,1.505119,0.9611
Oncoming,TopRisk-K1,3739607314,1,0.795152,0.9611
Oncoming,TopRisk-K1,3739607315,0,1.046523,0.9611
Oncoming,TopRisk-K1,3739607316,0,0.970488,0.9611
Oncoming,TopRisk-K1,3739607317,0,1.131147,0.9611
Oncoming,TopRisk-K1,3739607318,0,1.198983,0.9611
Oncoming,TopRisk-K1,3739607319,0,1.040570,0.9611
Oncoming,TopRisk-K1,3739607320,0,1.571918,0.9501
Oncoming,TopRisk-K1,3739607321,0,0.992128,0.9501
Oncoming,TopRisk-K1,3739607322,0,1.211222,0.9611
Oncoming,TopRisk-K1,3739607323,0,1.062888,0.9556
Oncoming,TopRisk-K1,3739607324,0,1.081959,0.9611
Oncoming,TopRisk-K1,3739607325,0,1.463846,0.9611
Oncoming,TopRisk-K1,3739607326,0,1.091719,0.9611
Oncoming,TopRisk-K1,3739607327,1,0.757913,0.9501
Oncoming,TopRisk-K1,3739607328,0,1.133480,0.9611
Oncoming,TopRisk-K1,3739607329,1,0.703355,0.9666
Oncoming,TopRisk-K1,3739607330,0,1.264057,0.9611
Oncoming,TopRisk-K1,3739607331,0,1.081782,0.9611
Oncoming,TopRisk-K1,3739607332,0,1.184835,0.9556
Oncoming,TopRisk-K1,3739607333,0,1.418290,0.9611
Oncoming,TopRisk-K1,3739607334,0,1.180569,0.9611
Oncoming,TopRisk-K1,3739607335,0,0.952994,0.9556
Oncoming,TopRisk-K1,3739607336,0,0.974105,0.9556
Oncoming,TopRisk-K1,3739607337,0,1.179354,0.9501
Oncoming,TopRisk-K1,3739607338,0,1.252401,0.9611
Oncoming,TopRisk-K1,3739607339,0,1.121476,0.9611
Oncoming,TopRisk-K1,3739607340,0,1.121987,0.9611
Oncoming,TopRisk-K1,3739607341,1,0.736385,0.9556
Oncoming,TopRisk-K1,3739607342,0,1.155415,0.9611
Oncoming,TopRisk-K1,3739607343,0,1.477439,0.9611
Oncoming,TopRisk-K1,3739607344,0,1.116626,0.9611
Oncoming,TopRisk-K1,3739607345,0,1.138485,0.9611
Oncoming,TopRisk-K1,3739607346,0,0.851155,0.9611
Oncoming,TopRisk-K1,3739607347,0,0.980951,0.9556
Oncoming,TopRisk-K1,3739607348,0,1.364247,0.9611
Oncoming,TopRisk-K1,3739607349,0,1.125205,0.9556
Oncoming,TopRisk-K1,3739607350,0,1.067915,0.9611
Oncoming,TopRisk-K1,3739607351,0,1.110606,0.9611
Oncoming,TopRisk-K1,3739607352,0,0.993586,0.9611
Oncoming,TopRisk-K1,3739607353,0,1.324015,0.9611
Oncoming,TopRisk-K1,3739607354,1,0.833575,0.9501
Oncoming,TopRisk-K1,3739607355,1,0.801410,0.9611
Oncoming,TopRisk-K1,3739607356,0,1.082365,0.9611
Oncoming,TopRisk-K1,3739607357,0,1.072166,0.9611
Oncoming,TopRisk-K1,3739607358,0,0.957964,0.9501
Oncoming,TopRisk-K1,3739607359,0,1.266895,0.9611
Oncoming,TopRisk-K1,3739607360,1,0.771396,0.9611
Oncoming,TopRisk-K1,3739607361,0,1.145506,0.9611
Oncoming,TopRisk-K1,3739607362,0,1.009671,0.9611
Oncoming,TopRisk-K1,3739607363,0,1.076868,0.9501
Oncoming,TopRisk-K1,3739607364,0,1.115151,0.9611
Oncoming,TopRisk-K1,3739607365,0,1.472246,0.9611
Oncoming,TopRisk-K1,3739607366,0,1.318788,0.9611
Oncoming,TopRisk-K1,3739607367,0,1.257564,0.9611
Oncoming,TopRisk-K1,3739607368,0,1.258303,0.9611
Oncoming,TopRisk-K1,3739607369,0,1.035645,0.9501
Oncoming,TopRisk-K1,3739607370,0,1.198802,0.9611
Oncoming,TopRisk-K1,3739607371,1,0.557935,0.9501
Oncoming,TopRisk-K1,3739607372,0,1.318239,0.9611
Oncoming,TopRisk-K1,3739607373,0,1.065955,0.9611
Oncoming,TopRisk-K1,3739607374,0,1.228512,0.9501
Oncoming,TopRisk-K1,3739607375,0,1.058866,0.9501
Oncoming,TopRisk-K1,3739607376,0,1.086281,0.9611
Oncoming,TopRisk-K1,3739607377,0,1.446952,0.9611
Oncoming,TopRisk-K1,3739607378,0,1.261507,0.9611
Oncoming,TopRisk-K1,3739607379,0,1.180296,0.9611
Oncoming,TopRisk-K1,3739607380,0,1.127000,0.9611
Oncoming,TopRisk-K1,3739607381,0,1.029411,0.9556
Oncoming,TopRisk-K1,3739607382,0,1.129552,0.9556
Oncoming,TopRisk-K1,3739607383,0,1.249083,0.9611
Oncoming,TopRisk-K1,3739607384,0,1.093323,0.9611
Oncoming,TopRisk-K1,3739607385,1,0.310588,0.9556
Oncoming,TopRisk-K1,3739607386,0,1.193711,0.9611
Oncoming,TopRisk-K1,3739607387,0,1.101292,0.9501
Oncoming,TopRisk-K1,3739607388,1,0.819106,0.9501
Oncoming,TopRisk-K1,3739607389,0,1.594070,0.9611
Oncoming,TopRisk-K1,3739607390,0,1.011365,0.9556
Oncoming,TopRisk-K1,3739607391,0,1.151951,0.9556
Oncoming,TopRisk-K1,3739607392,1,0.557259,0.9501
Oncoming,TopRisk-K1,3739607393,0,1.151761,0.9611
Oncoming,TopRisk-K1,3739607394,0,1.456558,0.9611
Oncoming,TopRisk-K1,3739607395,0,1.315040,0.9501
Oncoming,TopRisk-K1,3739607396,0,1.258132,0.9611
Oncoming,TopRisk-K1,3739607397,0,1.117225,0.9501
Oncoming,TopRisk-K1,3739607398,0,1.096596,0.9611
Oncoming,TopRisk-K1,3739607399,0,1.125001,0.9611
Oncoming,TopRisk-K1,3739607400,1,0.764751,0.9556
Oncoming,TopRisk-K1,3739607401,0,1.162420,0.9611
Oncoming,TopRisk-K1,3739607402,0,0.856065,0.9611
Oncoming,TopRisk-K1,3739607403,0,0.999430,0.9611
Oncoming,TopRisk-K1,3739607404,0,1.157453,0.9501
Oncoming,TopRisk-K1,3739607405,0,1.131721,0.9611
Oncoming,TopRisk-K1,3739607406,0,1.208234,0.9556
Oncoming,TopRisk-K1,3739607407,0,1.207449,0.9611
Oncoming,TopRisk-K1,3739607408,0,1.118161,0.9501
Oncoming,TopRisk-K1,3739607409,0,1.037053,0.9501
Oncoming,TopRisk-K1,3739607410,0,1.063919,0.9611
Oncoming,TopRisk-K1,3739607411,0,1.271758,0.9611
Oncoming,TopRisk-K1,3739607412,0,1.155274,0.9556
Oncoming,TopRisk-K1,3739607413,1,0.724612,0.9611
Oncoming,TopRisk-K1,3739607414,0,0.913562,0.9611
Oncoming,TopRisk-K1,3739607415,0,0.972075,0.9501
Oncoming,TopRisk-K1,3739607416,0,1.184263,0.9556
Oncoming,TopRisk-K1,3739607417,0,1.255515,0.9611
Oncoming,TopRisk-K1,3739607418,0,0.953009,0.9611
Oncoming,TopRisk-K1,3739607419,0,1.130766,0.9611
Oncoming,TopRisk-K1,3739607420,0,1.038589,0.9611
Oncoming,TopRisk-K1,3739607421,1,0.324131,0.9611
Oncoming,TopRisk-K1,3739607422,0,1.407604,0.9611
Oncoming,TopRisk-K1,3739607423,0,1.088881,0.9611
Oncoming,TopRisk-K1,3739607424,0,1.400809,0.9611
Oncoming,TopRisk-K1,3739607425,0,1.078868,0.9501
Oncoming,TopRisk-K1,3739607426,0,1.104493,0.9501
Oncoming,TopRisk-K1,3739607427,0,1.245344,0.9611
Oncoming,TopRisk-K1,3739607428,0,1.072364,0.9611
Oncoming,TopRisk-K1,3739607429,0,1.007190,0.9556
Oncoming,TopRisk-K1,3739607430,0,1.140908,0.9611
Oncoming,TopRisk-K1,3739607431,0,1.247205,0.9611
Oncoming,TopRisk-K1,3739607432,0,1.041227,0.9501
Oncoming,TopRisk-K1,3739607433,0,1.000718,0.9556
Oncoming,TopRisk-K1,3739607434,0,1.027294,0.9611
Oncoming,TopRisk-K1,3739607435,1,0.812941,0.9501
Oncoming,TopRisk-K1,3739607436,0,0.990031,0.9501
Oncoming,TopRisk-K1,3739607437,0,1.164648,0.9611
Oncoming,TopRisk-K1,3739607438,0,1.108928,0.9611
Oncoming,TopRisk-K1,3739607439,0,1.031870,0.9556
Oncoming,TopRisk-K1,3739607440,0,0.991677,0.9556
Oncoming,TopRisk-K1,3739607441,0,1.062844,0.9611
Oncoming,TopRisk-K1,3739607442,0,1.043751,0.9556
Oncoming,TopRisk-K1,3739607443,0,1.140323,0.9611
Oncoming,TopRisk-K1,3739607444,0,1.170396,0.9501
Oncoming,TopRisk-K1,3739607445,1,0.478867,0.9611
Oncoming,TopRisk-K1,3739607446,0,1.040239,0.9501
Oncoming,TopRisk-K1,3739607447,0,1.036178,0.9501
Oncoming,TopRisk-K1,3739607448,0,1.230553,0.9611
Oncoming,TopRisk-K1,3739607449,0,1.103781,0.9611
Oncoming,TopRisk-K1,3739607450,0,1.374491,0.9611
Oncoming,TopRisk-K1,3739607451,0,1.482622,0.9556
Oncoming,TopRisk-K1,3739607452,0,1.171516,0.9611
Oncoming,TopRisk-K1,3739607453,0,0.946540,0.9501
Oncoming,TopRisk-K1,3739607454,0,1.237857,0.9501
Oncoming,TopRisk-K1,3739607455,0,1.082393,0.9611
Oncoming,TopRisk-K1,3739607456,0,1.045995,0.9611
Oncoming,TopRisk-K1,3739607457,1,0.456946,0.9556
Oncoming,TopRisk-K1,3739607458,0,1.336287,0.9556
Oncoming,TopRisk-K1,3739607459,0,1.495296,0.9611
Oncoming,TopRisk-K1,3739607460,0,0.964046,0.9556
Oncoming,TopRisk-K1,3739607461,0,1.153572,0.9556
Oncoming,TopRisk-K1,3739607462,0,1.305254,0.9611
Oncoming,TopRisk-K1,3739607463,0,1.340639,0.9611
Oncoming,TopRisk-K1,3739607464,0,1.162096,0.9611
Oncoming,TopRisk-K1,3739607465,0,1.237419,0.9611
Oncoming,TopRisk-K1,3739607466,1,0.595948,0.9611
Oncoming,TopRisk-K1,3739607467,0,1.187284,0.9611
Oncoming,TopRisk-K1,3739607468,0,1.314038,0.9611
Oncoming,TopRisk-K1,3739607469,0,1.255635,0.9611
Oncoming,TopRisk-K1,3739607470,0,1.185834,0.9611
Oncoming,TopRisk-K1,3739607471,0,1.158075,0.9611
Oncoming,TopRisk-K1,3739607472,0,1.069301,0.9501
Oncoming,TopRisk-K1,3739607473,0,1.245220,0.9611
Oncoming,TopRisk-K1,3739607474,0,1.323915,0.9611
Oncoming,TopRisk-K1,3739607475,0,1.085139,0.9556
Oncoming,TopRisk-K1,3739607476,0,1.374148,0.9611
Oncoming,TopRisk-K1,3739607477,1,0.744322,0.9501
Oncoming,TopRisk-K1,3739607478,1,0.828965,0.9501
Oncoming,TopRisk-K1,3739607479,0,1.180945,0.9611
Oncoming,TopRisk-K1,3739607480,0,1.036368,0.9556
Oncoming,TopRisk-K1,3739607481,1,0.668197,0.9611
Oncoming,TopRisk-K1,3739607482,0,1.274039,0.9611
Oncoming,TopRisk-K1,3739607483,1,0.673352,0.9556
Oncoming,TopRisk-K1,3739607484,1,0.703120,0.9556
Oncoming,TopRisk-K1,3739607485,0,1.130143,0.9501
Oncoming,TopRisk-K1,3739607486,0,1.491280,0.9611
Oncoming,TopRisk-K1,3739607487,0,1.657347,0.9501
Oncoming,TopRisk-K1,3739607488,0,1.220087,0.9611
Oncoming,TopRisk-K1,3739607489,0,1.159189,0.9501
Oncoming,TopRisk-K1,3739607490,0,1.131759,0.9611
Oncoming,TopRisk-K1,3739607491,0,1.126213,0.9611
Oncoming,TopRisk-K1,3739607492,0,1.712898,0.9611
Oncoming,TopRisk-K1,3739607493,0,1.166457,0.9501
Oncoming,TopRisk-K1,3739607494,0,1.191868,0.9556
Oncoming,TopRisk-K1,3739607495,0,1.069181,0.9556
Oncoming,TopRisk-K1,3739607496,0,1.334901,0.9611
Oncoming,TopRisk-K1,3739607497,1,0.541490,0.9501
Oncoming,TopRisk-K1,3739607498,0,1.169715,0.9611
Oncoming,TopRisk-K1,3739607499,0,1.328839,0.9501
Oncoming,TopRisk-K1,3739607500,0,1.065546,0.9556
Oncoming,TopRisk-K1,3739607501,0,1.062227,0.9611
Oncoming,TopRisk-K1,3739607502,0,0.999419,0.9611
Oncoming,TopRisk-K1,3739607503,1,0.756031,0.9501
Oncoming,TopRisk-K1,3739607504,0,1.156370,0.9611
Oncoming,TopRisk-K1,3739607505,0,1.134577,0.9611
Oncoming,TopRisk-K1,3739607506,0,1.299029,0.9501
Oncoming,TopRisk-K1,3739607507,1,0.321124,0.9501
Oncoming,TopRisk-K1,3739607508,0,0.999613,0.9611
Oncoming,TopRisk-K1,3739607509,0,1.038954,0.9611
Oncoming,TopRisk-K1,3739607510,0,1.215489,0.9611
Oncoming,TopRisk-K1,3739607511,0,1.221916,0.9556
Oncoming,TopRisk-K1,3739607512,1,0.840790,0.9611
Oncoming,TopRisk-K1,3739607513,0,1.167907,0.9611
Oncoming,TopRisk-K1,3739607514,0,1.042850,0.9611
Oncoming,TopRisk-K1,3739607515,0,1.168747,0.9611
Oncoming,TopRisk-K1,3739607516,0,1.002100,0.9501
Oncoming,TopRisk-K1,3739607517,1,0.694461,0.9611
Oncoming,TopRisk-K1,3739607518,0,1.016659,0.9501
Oncoming,TopRisk-K1,3739607519,0,1.235086,0.9611
Oncoming,TopRisk-K1,3739607520,0,1.406663,0.9611
Oncoming,TopRisk-K1,3739607521,0,1.237000,0.9611
Oncoming,TopRisk-K1,3739607522,0,0.983561,0.9611
Oncoming,TopRisk-K1,3739607523,0,1.224204,0.9501
Oncoming,TopRisk-K1,3739607524,0,0.999746,0.9666
Oncoming,TopRisk-K1,3739607525,0,1.197872,0.9611
Oncoming,TopRisk-K1,3739607526,0,1.296416,0.9611
Oncoming,TopRisk-K1,3739607527,0,1.179092,0.9611
Oncoming,TopRisk-K1,3739607528,0,1.177218,0.9611
Oncoming,TopRisk-K1,3739607529,0,1.203822,0.9611
Oncoming,TopRisk-K1,3739607530,0,1.084480,0.9501
Oncoming,TopRisk-K1,3739607531,0,1.312392,0.9611
Oncoming,TopRisk-K1,3739607532,0,1.223722,0.9501
Oncoming,TopRisk-K1,3739607533,0,1.059547,0.9611
Oncoming,TopRisk-K1,3739607534,0,1.101005,0.9501
Oncoming,TopRisk-K1,3739607535,0,1.136839,0.9611
Oncoming,TopRisk-K1,3739607536,0,1.365857,0.9556
Oncoming,TopRisk-K1,3739607537,1,0.804416,0.9501
Oncoming,TopRisk-K1,3739607538,0,1.235489,0.9611
Oncoming,TopRisk-K1,3739607539,0,1.367669,0.9611
Oncoming,TopRisk-K1,3739607540,1,0.641114,0.9611
Oncoming,TopRisk-K1,3739607541,0,1.344014,0.9611
Oncoming,TopRisk-K1,3739607542,0,1.248543,0.9611
Oncoming,TopRisk-K1,3739607543,0,1.164291,0.9611
Oncoming,TopRisk-K1,3739607544,0,1.200678,0.9611
Oncoming,TopRisk-K1,3739607545,0,1.046768,0.9501
Oncoming,TopRisk-K1,3739607546,0,0.964151,0.9501
Oncoming,TopRisk-K1,3739607547,0,1.366315,0.9611
Oncoming,TopRisk-K1,3739607548,0,1.584026,0.9611
Oncoming,TopRisk-K1,3739607549,0,1.127507,0.9611
Oncoming,TopRisk-K1,3739607550,0,0.871247,0.9611
Oncoming,TopRisk-K1,3739607551,0,1.083641,0.9556
Oncoming,TopRisk-K1,3739607552,0,1.156120,0.9556
Oncoming,TopRisk-K1,3739607553,0,1.028092,0.9501
Oncoming,TopRisk-K1,3739607554,0,1.108467,0.9501
Oncoming,TopRisk-K1,3739607555,0,1.383485,0.9611
Oncoming,TopRisk-K1,3739607556,0,1.547199,0.9611
Oncoming,TopRisk-K1,3739607557,0,1.087462,0.9611
Oncoming,TopRisk-K1,3739607558,0,1.213679,0.9611
Oncoming,TopRisk-K1,3739607559,1,0.203032,0.9611
Oncoming,TopRisk-K1,3739607560,0,1.086910,0.9501
Oncoming,TopRisk-K1,3739607561,0,1.394717,0.9501
Oncoming,TopRisk-K1,3739607562,0,1.015441,0.9556
Oncoming,TopRisk-K1,3739607563,0,1.125263,0.9611
Oncoming,TopRisk-K1,3739607564,0,1.796086,0.9611
Oncoming,TopRisk-K1,3739607565,0,1.080585,0.9611
Oncoming,TopRisk-K1,3739607566,1,0.247116,0.9501
Oncoming,TopRisk-K1,3739607567,0,1.498810,0.9611
Oncoming,TopRisk-K1,3739607568,0,1.191749,0.9556
Oncoming,TopRisk-K1,3739607569,1,0.552363,0.9556
Oncoming,TopRisk-K1,3739607570,0,1.437019,0.9611
Oncoming,TopRisk-K1,3739607571,0,1.173205,0.9611
Oncoming,TopRisk-K1,3739607572,0,1.060876,0.9611
Oncoming,TopRisk-K1,3739607573,0,1.218934,0.9611
Oncoming,TopRisk-K1,3739607574,1,0.561961,0.9611
Oncoming,TopRisk-K1,3739607575,1,0.607351,0.9501
Oncoming,TopRisk-K1,3739607576,1,0.710010,0.9611
Oncoming,TopRisk-K1,3739607577,0,1.475710,0.9611
Oncoming,TopRisk-K1,3739607578,0,1.176539,0.9611
Oncoming,TopRisk-K1,3739607579,0,1.184371,0.9611
Oncoming,TopRisk-K1,3739607580,0,1.163849,0.9611
Oncoming,TopRisk-K1,3739607581,0,1.189573,0.9611
Oncoming,TopRisk-K1,3739607582,0,1.108519,0.9501
Oncoming,TopRisk-K1,3739607583,1,0.073999,0.9611
Oncoming,TopRisk-K1,3739607584,0,1.629211,0.9611
Oncoming,TopRisk-K1,3739607585,0,1.039889,0.9556
Oncoming,TopRisk-K1,3739607586,0,1.065454,0.9611
Oncoming,TopRisk-K1,3739607587,0,0.983168,0.9611
Oncoming,TopRisk-K1,3739607588,1,0.457793,0.9611
Oncoming,TopRisk-K1,3739607589,1,0.570268,0.9611
Oncoming,TopRisk-K1,3739607590,0,1.244992,0.9556
Oncoming,TopRisk-K1,3739607591,0,1.035731,0.9611
Oncoming,TopRisk-K1,3739607592,0,1.369514,0.9501
Oncoming,TopRisk-K1,3739607593,0,1.152048,0.9611
Oncoming,TopRisk-K1,3739607594,0,1.060268,0.9556
Oncoming,TopRisk-K1,3739607595,0,1.028306,0.9611
Oncoming,TopRisk-K1,3739607596,0,0.965667,0.9556
Oncoming,TopRisk-K1,3739607597,0,1.249635,0.9611
Oncoming,TopRisk-K1,3739607598,0,1.141826,0.9556
Oncoming,TopRisk-K1,3739607599,1,0.562454,0.9556
Oncoming,TopRisk-K1,3739607600,1,0.740444,0.9501
Oncoming,TopRisk-K1,3739607601,0,1.363781,0.9611
Oncoming,TopRisk-K1,3739607602,0,1.362893,0.9501
Oncoming,TopRisk-K1,3739607603,0,1.343545,0.9611
Oncoming,TopRisk-K1,3739607604,0,1.044751,0.9556
Oncoming,TopRisk-K1,3739607605,0,1.133909,0.9611
Oncoming,TopRisk-K1,3739607606,0,1.226293,0.9611
Oncoming,TopRisk-K1,3739607607,0,1.345879,0.9611
Oncoming,TopRisk-K1,3739607608,0,1.101002,0.9501
Oncoming,TopRisk-K1,3739607609,0,1.098598,0.9611
Oncoming,TopRisk-K1,3739607610,0,1.091144,0.9501
Oncoming,TopRisk-K1,3739607611,0,0.947216,0.9611
Oncoming,TopRisk-K1,3739607612,0,1.203499,0.9611
Oncoming,TopRisk-K1,3739607613,0,1.127611,0.9611
Oncoming,TopRisk-K1,3739607614,0,1.067004,0.9501
Oncoming,TopRisk-K1,3739607615,1,0.781971,0.9611
Oncoming,TopRisk-K1,3739607616,0,1.123796,0.9611
Oncoming,TopRisk-K1,3739607617,0,1.262971,0.9556
Oncoming,TopRisk-K1,3739607618,0,1.128628,0.9556
Oncoming,TopRisk-K1,3739607619,0,1.364161,0.9501
Oncoming,TopRisk-K1,3739607620,0,1.026681,0.9556
Oncoming,TopRisk-K1,3739607621,0,0.937286,0.9611
Oncoming,TopRisk-K1,3739607622,0,1.058890,0.9611
Oncoming,TopRisk-K1,3739607623,0,1.655132,0.9611
Oncoming,TopRisk-K1,3739607624,0,1.207812,0.9611
Oncoming,TopRisk-K1,3739607625,0,1.080675,0.9611
Oncoming,TopRisk-K1,3739607626,0,1.100344,0.9611
Oncoming,TopRisk-K1,3739607627,1,0.313680,0.9556
Oncoming,TopRisk-K1,3739607628,0,1.156749,0.9611
Oncoming,TopRisk-K1,3739607629,0,1.203487,0.9611
Oncoming,TopRisk-K1,3739607630,0,1.063424,0.9611
Oncoming,TopRisk-K1,3739607631,1,0.639149,0.9501
Oncoming,TopRisk-K1,3739607632,0,0.933238,0.9556
Oncoming,TopRisk-K1,3739607633,0,1.060527,0.9556
Oncoming,TopRisk-K1,3739607634,0,1.042083,0.9611
Oncoming,TopRisk-K1,3739607635,0,1.242794,0.9611
Oncoming,TopRisk-K1,3739607636,1,0.792342,0.9501
Oncoming,TopRisk-K1,3739607637,0,1.806122,0.9501
Oncoming,TopRisk-K1,3739607638,1,0.544109,0.9611
Oncoming,TopRisk-K1,3739607639,0,1.085834,0.9556
Oncoming,TopRisk-K1,3739607640,0,1.038131,0.9501
Oncoming,TopRisk-K1,3739607641,0,1.219708,0.9611
Oncoming,TopRisk-K1,3739607642,1,0.669523,0.9556
Oncoming,TopRisk-K1,3739607643,1,0.805209,0.9556
Oncoming,TopRisk-K1,3739607644,0,1.164281,0.9556
Oncoming,TopRisk-K1,3739607645,1,0.705071,0.9611
Oncoming,TopRisk-K1,3739607646,0,1.088869,0.9556
Oncoming,TopRisk-K1,3739607647,0,1.293907,0.9611
Oncoming,TopRisk-K1,3739607648,0,1.031996,0.9556
Oncoming,TopRisk-K1,3739607649,1,0.412731,0.9666
Oncoming,TopRisk-K1,3739607650,0,1.145654,0.9611
Oncoming,TopRisk-K1,3739607651,1,0.802674,0.9611
Oncoming,TopRisk-K1,3739607652,1,0.673048,0.9556
Oncoming,TopRisk-K1,3739607653,0,1.155541,0.9611
Oncoming,TopRisk-K1,3739607654,0,1.304256,0.9556
Oncoming,TopRisk-K1,3739607655,0,1.188705,0.9501
Oncoming,TopRisk-K1,3739607656,1,0.528958,0.9556
Oncoming,TopRisk-K1,3739607657,0,1.247177,0.9611
Oncoming,TopRisk-K1,3739607658,0,1.180553,0.9556
Oncoming,TopRisk-K1,3739607659,0,1.004463,0.9501
Oncoming,TopRisk-K1,3739607660,0,1.182029,0.9611
Oncoming,TopRisk-K1,3739607661,0,1.606167,0.9556
Oncoming,TopRisk-K1,3739607662,0,1.069347,0.9556
Oncoming,TopRisk-K1,3739607663,0,1.030506,0.9501
Oncoming,TopRisk-K1,3739607664,0,1.028162,0.9611
Oncoming,TopRisk-K1,3739607665,0,1.378140,0.9611
Oncoming,TopRisk-K1,3739607666,0,1.216204,0.9556
Oncoming,TopRisk-K1,3739607667,0,1.028567,0.9501
Oncoming,TopRisk-K1,3739607668,0,1.131862,0.9611
Oncoming,TopRisk-K1,3739607669,0,1.047979,0.9611
Oncoming,TopRisk-K1,3739607670,0,1.219878,0.9611
Oncoming,TopRisk-K1,3739607671,0,1.074729,0.9611
Oncoming,TopRisk-K1,3739607672,0,1.150340,0.9611
Oncoming,TopRisk-K1,3739607673,0,1.107508,0.9501
Oncoming,TopRisk-K1,3739607674,0,0.993025,0.9501
Oncoming,TopRisk-K1,3739607675,0,1.083733,0.9556
Oncoming,TopRisk-K1,3739607676,0,1.222628,0.9611
Oncoming,TopRisk-K1,3739607677,0,1.147059,0.9611
Oncoming,TopRisk-K1,3739607678,0,1.016691,0.9611
Oncoming,TopRisk-K1,3739607679,0,1.212856,0.9611
Oncoming,TopRisk-K1,3739607680,0,1.249419,0.9611
Oncoming,TopRisk-K1,3739607681,0,1.021025,0.9611
Oncoming,TopRisk-K1,3739607682,0,1.220418,0.9501
Oncoming,TopRisk-K1,3739607683,0,1.201806,0.9611
Oncoming,TopRisk-K1,3739607684,1,0.495528,0.9556
Oncoming,TopRisk-K1,3739607685,0,1.426874,0.9611
Oncoming,TopRisk-K1,3739607686,1,0.810793,0.9556
Oncoming,TopRisk-K1,3739607687,1,0.682839,0.9611
Oncoming,TopRisk-K1,3739607688,0,1.104617,0.9501
Oncoming,TopRisk-K1,3739607689,0,1.208549,0.9611
Oncoming,TopRisk-K1,3739607690,0,1.034347,0.9501
Oncoming,TopRisk-K1,3739607691,0,1.105496,0.9611
Oncoming,TopRisk-K1,3739607692,0,1.085094,0.9501
Oncoming,TopRisk-K1,3739607693,0,1.264758,0.9611
Oncoming,TopRisk-K1,3739607694,0,1.154712,0.9611
Oncoming,TopRisk-K1,3739607695,0,1.137514,0.9501
Oncoming,TopRisk-K1,3739607696,0,1.195246,0.9611
Oncoming,TopRisk-K1,3739607697,0,1.169956,0.9501
Oncoming,TopRisk-K1,3739607698,0,1.527985,0.9611
Oncoming,TopRisk-K1,3739607699,0,1.174622,0.9611
Oncoming,TopRisk-K1,3739607700,0,1.234304,0.9611
Oncoming,TopRisk-K1,3739607701,0,1.010555,0.9611
Oncoming,TopRisk-K1,3739607702,0,0.880905,0.9501
Oncoming,TopRisk-K1,3739607703,0,0.897002,0.9611
Oncoming,TopRisk-K1,3739607704,1,0.560042,0.9556
Oncoming,TopRisk-K1,3739607705,0,1.117817,0.9611
Oncoming,TopRisk-K1,3739607706,0,1.438777,0.9611
Oncoming,TopRisk-K1,3739607707,1,0.848703,0.9501
Oncoming,TopRisk-K1,3739607708,0,1.277550,0.9611
Oncoming,TopRisk-K1,3739607709,0,1.261721,0.9611
Oncoming,TopRisk-K1,3739607710,0,1.260425,0.9611
Oncoming,TopRisk-K1,3739607711,1,0.173715,0.9501
Oncoming,TopRisk-K1,3739607712,0,1.045733,0.9611
Oncoming,TopRisk-K1,3739607713,0,1.130376,0.9501
Oncoming,TopRisk-K1,3739607714,0,1.526792,0.9611
Oncoming,TopRisk-K1,3739607715,0,1.047736,0.9501
Oncoming,TopRisk-K1,3739607716,0,1.081397,0.9501
Oncoming,TopRisk-K1,3739607717,0,1.069093,0.9556
Oncoming,TopRisk-K1,3739607718,0,1.146779,0.9501
Oncoming,TopRisk-K1,3739607719,0,1.118009,0.9611
Oncoming,TopRisk-K1,3739607720,0,1.124341,0.9611
Oncoming,TopRisk-K1,3739607721,0,1.290653,0.9556
Oncoming,TopRisk-K1,3739607722,0,1.494614,0.9501
Oncoming,TopRisk-K1,3739607723,1,0.163310,0.9501
Oncoming,TopRisk-K1,3739607724,0,1.086372,0.9611
Oncoming,TopRisk-K1,3739607725,0,1.161491,0.9556
Oncoming,TopRisk-K1,3739607726,0,1.051940,0.9501
Oncoming,TopRisk-K1,3739607727,0,1.026132,0.9556
Oncoming,TopRisk-K1,3739607728,0,1.047555,0.9611
Oncoming,TopRisk-K1,3739607729,1,0.551182,0.9556
Oncoming,TopRisk-K1,3739607730,0,1.196554,0.9611
Oncoming,TopRisk-K1,3739607731,0,1.094155,0.9556
Oncoming,TopRisk-K1,3739607732,0,1.181393,0.9556
Oncoming,TopRisk-K1,3739607733,0,1.075748,0.9611
Oncoming,TopRisk-K1,3739607734,0,1.379283,0.9556
Oncoming,TopRisk-K1,3739607735,0,1.223579,0.9556
Oncoming,TopRisk-K1,3739607736,1,0.225461,0.9556
Oncoming,TopRisk-K1,3739607737,0,1.074207,0.9611
Oncoming,TopRisk-K1,3739607738,0,1.242713,0.9611
Oncoming,TopRisk-K1,3739607739,0,1.312390,0.9611
Oncoming,TopRisk-K1,3739607740,0,1.030102,0.9556
Oncoming,TopRisk-K1,3739607741,0,1.171921,0.9611
Oncoming,TopRisk-K1,3739607742,0,1.128649,0.9556
Oncoming,TopRisk-K1,3739607743,0,1.125104,0.9611
Oncoming,TopRisk-K1,3739607744,1,0.454604,0.9556
Oncoming,TopRisk-K1,3739607745,0,1.132035,0.9611
Oncoming,TopRisk-K1,3739607746,0,1.231221,0.9611
Oncoming,TopRisk-K1,3739607747,0,1.365460,0.9611
Oncoming,TopRisk-K1,3739607748,0,0.972895,0.9501
Oncoming,TopRisk-K1,3739607749,0,1.021392,0.9611
Oncoming,TopRisk-K1,3739607750,0,1.484391,0.9611
Oncoming,TopRisk-K1,3739607751,1,0.412190,0.9611
Oncoming,TopRisk-K1,3739607752,0,1.014392,0.9611
Oncoming,TopRisk-K1,3739607753,0,1.303711,0.9611
Oncoming,TopRisk-K1,3739607754,0,1.380981,0.9611
Oncoming,TopRisk-K1,3739607755,0,1.112313,0.9611
Oncoming,TopRisk-K1,3739607756,0,1.180771,0.9556
Oncoming,TopRisk-K1,3739607757,0,1.118583,0.9611
Oncoming,TopRisk-K1,3739607758,0,1.291165,0.9611
Oncoming,TopRisk-K1,3739607759,0,1.050918,0.9556
Oncoming,TopRisk-K1,3739607760,1,0.667979,0.9611
Oncoming,TopRisk-K1,3739607761,0,1.329680,0.9611
Oncoming,TopRisk-K1,3739607762,0,1.386848,0.9611
Oncoming,TopRisk-K1,3739607763,0,1.188284,0.9556
Oncoming,TopRisk-K1,3739607764,0,1.290531,0.9611
Oncoming,TopRisk-K1,3739607765,0,1.358059,0.9611
Oncoming,TopRisk-K1,3739607766,0,1.067727,0.9611
Oncoming,TopRisk-K1,3739607767,0,1.024493,0.9611
Oncoming,TopRisk-K1,3739607768,0,1.527534,0.9611
Oncoming,TopRisk-K1,3739607769,0,1.272339,0.9556
Oncoming,TopRisk-K1,3739607770,0,1.217151,0.9501
Oncoming,TopRisk-K1,3739607771,0,1.097449,0.9611
Oncoming,TopRisk-K1,3739607772,0,1.185787,0.9611
Oncoming,TopRisk-K1,3739607773,0,1.187525,0.9611
Oncoming,TopRisk-K1,3739607774,0,1.132564,0.9611
Oncoming,TopRisk-K1,3739607775,1,0.660879,0.9611
Oncoming,TopRisk-K1,3739607776,0,1.208432,0.9611
Oncoming,TopRisk-K1,3739607777,0,1.368606,0.9611
Oncoming,TopRisk-K1,3739607778,0,1.020133,0.9501
Oncoming,TopRisk-K1,3739607779,0,1.147680,0.9611
Oncoming,TopRisk-K1,3739607780,0,1.200614,0.9611
Oncoming,TopRisk-K1,3739607781,0,1.698452,0.9556
Oncoming,TopRisk-K1,3739607782,0,1.204970,0.9611
Oncoming,TopRisk-K1,3739607783,0,1.030189,0.9611
Oncoming,TopRisk-K1,3739607784,0,1.000607,0.9501
Oncoming,TopRisk-K1,3739607785,0,1.315261,0.9611
Oncoming,TopRisk-K1,3739607786,0,1.062130,0.9611
Oncoming,TopRisk-K1,3739607787,0,1.648142,0.9611
Oncoming,TopRisk-K1,3739607788,1,0.587826,0.9556
Oncoming,TopRisk-K1,3739607789,0,1.205617,0.9611
Oncoming,TopRisk-K1,3739607790,0,1.217088,0.9611
Oncoming,TopRisk-K1,3739607791,0,1.043925,0.9611
Oncoming,TopRisk-K1,3739607792,0,1.045905,0.9611
Oncoming,TopRisk-K1,3739607793,0,1.168073,0.9501
Oncoming,TopRisk-K1,3739607794,1,0.782415,0.9556
Oncoming,TopRisk-K1,3739607795,0,1.339643,0.9611
Oncoming,TopRisk-K1,3739607796,0,1.410126,0.9611
Oncoming,TopRisk-K1,3739607797,1,0.843312,0.9556
Oncoming,TopRisk-K1,3739607798,0,1.073351,0.9611
Oncoming,TopRisk-K1,3739607799,0,1.316323,0.9611
Oncoming,TopRisk-K1,3739607800,0,1.317111,0.9611
Oncoming,TopRisk-K1,3739607801,0,1.105369,0.9611
Oncoming,TopRisk-K1,3739607802,0,1.033650,0.9501
Oncoming,TopRisk-K1,3739607803,0,1.207276,0.9556
Oncoming,TopRisk-K1,3739607804,0,1.242376,0.9556
Oncoming,TopRisk-K1,3739607805,0,1.314128,0.9611
Oncoming,TopRisk-K1,3739607806,0,1.088163,0.9611
Oncoming,TopRisk-K1,3739607807,0,0.991929,0.9611
Oncoming,TopRisk-K1,3739607808,0,1.127939,0.9611
Oncoming,TopRisk-K1,3739607809,0,1.338393,0.9611
Oncoming,TopRisk-K1,3739607810,0,1.092504,0.9611
Oncoming,TopRisk-K1,3739607811,0,1.054232,0.9611
Oncoming,TopRisk-K1,3739607812,0,1.103143,0.9611
Oncoming,TopRisk-K1,3739607813,1,0.409489,0.9501
Oncoming,TopRisk-K1,3739607814,0,1.063323,0.9556
Oncoming,TopRisk-K1,3739607815,0,1.008807,0.9611
Oncoming,TopRisk-K1,3739607816,0,1.076483,0.9611
Oncoming,TopRisk-K1,3739607817,0,1.144280,0.9556
Oncoming,TopRisk-K1,3739607818,0,1.072898,0.9611
Oncoming,TopRisk-K1,3739607819,1,0.211271,0.9501
Oncoming,TopRisk-K1,3739607820,1,0.568640,0.9556
Oncoming,TopRisk-K1,3739607821,0,1.051921,0.9501
Oncoming,TopRisk-K1,3739607822,0,1.252644,0.9611
Oncoming,TopRisk-K1,3739607823,0,1.074431,0.9501
Oncoming,TopRisk-K1,3739607824,0,1.015575,0.9611
Oncoming,TopRisk-K1,3739607825,0,0.987658,0.9501
Oncoming,TopRisk-K1,3739607826,0,1.095142,0.9611
Oncoming,TopRisk-K1,3739607827,0,1.282716,0.9611
Oncoming,TopRisk-K1,3739607828,0,1.373570,0.9501
Oncoming,TopRisk-K1,3739607829,0,1.108005,0.9556
Oncoming,TopRisk-K1,3739607830,1,0.765175,0.9611
Oncoming,TopRisk-K1,3739607831,0,0.866332,0.9501
Oncoming,TopRisk-K1,3739607832,0,1.234753,0.9611
Oncoming,TopRisk-K1,3739607833,0,0.982949,0.9611
Oncoming,TopRisk-K1,3739607834,1,0.487857,0.9501
Oncoming,TopRisk-K1,3739607835,1,0.604027,0.9611
Oncoming,TopRisk-K1,3739607836,0,1.081334,0.9611
Oncoming,TopRisk-K1,3739607837,0,1.204147,0.9611
Oncoming,TopRisk-K1,3739607838,0,1.177176,0.9556
Oncoming,TopRisk-K1,3739607839,1,0.581032,0.9611
Oncoming,TopRisk-K1,3739607840,0,0.982704,0.9556
Oncoming,TopRisk-K1,3739607841,0,1.252003,0.9611
Oncoming,TopRisk-K1,3739607842,1,0.487870,0.9611
Oncoming,TopRisk-K1,3739607843,0,1.096437,0.9611
Oncoming,TopRisk-K1,3739607844,0,1.165111,0.9611
Oncoming,TopRisk-K1,3739607845,0,1.043529,0.9556
Oncoming,TopRisk-K1,3739607846,0,1.060497,0.9611
Oncoming,TopRisk-K1,3739607847,0,1.049333,0.9611
Oncoming,TopRisk-K1,3739607848,1,0.574386,0.9556
Oncoming,TopRisk-K1,3739607849,0,1.238713,0.9611
Oncoming,TopRisk-K1,3739607850,0,1.300552,0.9611
Oncoming,TopRisk-K1,3739607851,0,1.092564,0.9501
Oncoming,TopRisk-K1,3739607852,0,1.428232,0.9611
Oncoming,TopRisk-K1,3739607853,1,0.550888,0.9556
Oncoming,TopRisk-K1,3739607854,0,1.070806,0.9501
Oncoming,TopRisk-K1,3739607855,0,1.029961,0.9556
Oncoming,TopRisk-K1,3739607856,1,0.697629,0.9556
Oncoming,TopRisk-K1,3739607857,0,1.198035,0.9501
Oncoming,TopRisk-K1,3739607858,0,1.043303,0.9501
Oncoming,TopRisk-K1,3739607859,0,1.153927,0.9611
Oncoming,TopRisk-K1,3739607860,0,1.190694,0.9556
Oncoming,TopRisk-K1,3739607861,0,1.083173,0.9611
Oncoming,TopRisk-K1,3739607862,1,0.758434,0.9501
Oncoming,TopRisk-K1,3739607863,0,0.854789,0.9501
Oncoming,TopRisk-K1,3739607864,0,1.415467,0.9501
Oncoming,TopRisk-K1,3739607865,0,1.061149,0.9501
Oncoming,TopRisk-K1,3739607866,0,0.997689,0.9556
Oncoming,TopRisk-K1,3739607867,0,1.145609,0.9611
Oncoming,TopRisk-K1,3739607868,0,1.181716,0.9611
Oncoming,TopRisk-K1,3739607869,1,0.544661,0.9611
Oncoming,TopRisk-K1,3739607870,0,1.147257,0.9611
Oncoming,TopRisk-K1,3739607871,1,0.431273,0.9556
Oncoming,TopRisk-K1,3739607872,0,1.171807,0.9501
Oncoming,TopRisk-K1,3739607873,0,1.116536,0.9611
Oncoming,TopRisk-K1,3739607874,0,1.059105,0.9611
Oncoming,TopRisk-K1,3739607875,0,1.260344,0.9611
Oncoming,TopRisk-K1,3739607876,0,1.176326,0.9611
Oncoming,TopRisk-K1,3739607877,0,1.454082,0.9611
Oncoming,TopRisk-K1,3739607878,0,1.147503,0.9611
Oncoming,TopRisk-K1,3739607879,0,1.256899,0.9611
Oncoming,TopRisk-K1,3739607880,0,0.987655,0.9501
Oncoming,TopRisk-K1,3739607881,0,1.222250,0.9611
Oncoming,TopRisk-K1,3739607882,0,1.039518,0.9611
Oncoming,TopRisk-K1,3739607883,0,1.073937,0.9611
Oncoming,TopRisk-K1,3739607884,0,1.274838,0.9501
Oncoming,TopRisk-K1,3739607885,1,0.789804,0.9611
Oncoming,TopRisk-K1,3739607886,0,1.314077,0.9611
Oncoming,TopRisk-K1,3739607887,0,1.282911,0.9611
Oncoming,TopRisk-K1,3739607888,0,1.026811,0.9556
Oncoming,TopRisk-K1,3739607889,0,1.099581,0.9611
Oncoming,TopRisk-K1,3739607890,0,1.548022,0.9611
Oncoming,TopRisk-K1,3739607891,0,1.158825,0.9611
Oncoming,TopRisk-K1,3739607892,0,1.010032,0.9556
Oncoming,TopRisk-K1,3739607893,0,1.224924,0.9611
Oncoming,TopRisk-K1,3739607894,0,1.260878,0.9611
Oncoming,TopRisk-K1,3739607895,0,1.129274,0.9611
Oncoming,TopRisk-K1,3739607896,0,1.433596,0.9611
Oncoming,TopRisk-K1,3739607897,0,1.161547,0.9611
Oncoming,TopRisk-K1,3739607898,0,1.188924,0.9611
Oncoming,TopRisk-K1,3739607899,1,0.705749,0.9501
Oncoming,TopRisk-K1,3739607900,0,1.017972,0.9501
Oncoming,TopRisk-K1,3739607901,0,1.189789,0.9611
Oncoming,TopRisk-K1,3739607902,0,1.433637,0.9611
Oncoming,TopRisk-K1,3739607903,0,1.109373,0.9556
Oncoming,TopRisk-K1,3739607904,0,1.643850,0.9501
Oncoming,TopRisk-K1,3739607905,1,0.373114,0.9556
Oncoming,TopRisk-K1,3739607906,0,1.114269,0.9501
Oncoming,TopRisk-K1,3739607907,0,1.127933,0.9611
Oncoming,TopRisk-K1,3739607908,0,1.563037,0.9501
Oncoming,TopRisk-K1,3739607909,0,1.413885,0.9611
Oncoming,TopRisk-K1,3739607910,0,1.136346,0.9611
Oncoming,TopRisk-K1,3739607911,0,1.274676,0.9611
Oncoming,TopRisk-K1,3739607912,1,0.485319,0.9556
Oncoming,TopRisk-K1,3739607913,0,1.238233,0.9611
Oncoming,TopRisk-K1,3739607914,0,1.258118,0.9611
Oncoming,TopRisk-K1,3739607915,0,1.093521,0.9501
Oncoming,TopRisk-K1,3739607916,0,1.181177,0.9611
Oncoming,TopRisk-K1,3739607917,0,1.090524,0.9501
Oncoming,TopRisk-K1,3739607918,1,0.748833,0.9611
Oncoming,TopRisk-K1,3739607919,0,1.071620,0.9556
Oncoming,TopRisk-K1,3739607920,0,1.516664,0.9501
Oncoming,TopRisk-K1,3739607921,0,1.194298,0.9501
Oncoming,TopRisk-K1,3739607922,0,1.052475,0.9501
Oncoming,TopRisk-K1,3739607923,0,1.156163,0.9501
Oncoming,TopRisk-K1,3739607924,0,1.083874,0.9501
Oncoming,TopRisk-K1,3739607925,0,1.314236,0.9611
Oncoming,TopRisk-K1,3739607926,0,1.289813,0.9501
Oncoming,TopRisk-K1,3739607927,0,1.125026,0.9501
Oncoming,TopRisk-K1,3739607928,0,1.909755,0.9501
Oncoming,TopRisk-K1,3739607929,0,1.528213,0.9611
Oncoming,TopRisk-K1,3739607930,0,1.065951,0.9611
Oncoming,TopRisk-K1,3739607931,0,1.152694,0.9611
Oncoming,TopRisk-K1,3739607932,0,1.155330,0.9611
Oncoming,TopRisk-K1,3739607933,0,0.943828,0.9611
Oncoming,TopRisk-K1,3739607934,0,1.213898,0.9556
Oncoming,TopRisk-K1,3739607935,1,0.374312,0.9556
Oncoming,TopRisk-K1,3739607936,0,1.083734,0.9611
Oncoming,TopRisk-K1,3739607937,0,0.995198,0.9611
Oncoming,TopRisk-K1,3739607938,1,0.763121,0.9501
Oncoming,TopRisk-K1,3739607939,1,0.174574,0.9556
Oncoming,TopRisk-K1,3739607940,0,1.118817,0.9611
Oncoming,TopRisk-K1,3739607941,0,1.187000,0.9611
Oncoming,TopRisk-K1,3739607942,0,1.299739,0.9501
Oncoming,TopRisk-K1,3739607943,0,1.176437,0.9556
Oncoming,TopRisk-K1,3739607944,0,1.054590,0.9556
Oncoming,TopRisk-K1,3739607945,0,1.158250,0.9611
Oncoming,TopRisk-K1,3739607946,0,1.167726,0.9611
Oncoming,TopRisk-K1,3739607947,0,1.224956,0.9611
Oncoming,TopRisk-K1,3739607948,0,1.137626,0.9556
Oncoming,TopRisk-K1,3739607949,0,1.431636,0.9611
Oncoming,TopRisk-K1,3739607950,1,0.371750,0.9556
Oncoming,TopRisk-K1,3739607951,0,1.115110,0.9501
Oncoming,TopRisk-K1,3739607952,0,1.094644,0.9611
Oncoming,TopRisk-K1,3739607953,0,0.901653,0.9556
Oncoming,TopRisk-K1,3739607954,0,1.134838,0.9611
Oncoming,TopRisk-K1,3739607955,0,1.232399,0.9556
Oncoming,TopRisk-K1,3739607956,0,1.079435,0.9611
Oncoming,TopRisk-K1,3739607957,0,1.213451,0.9611
Oncoming,TopRisk-K1,3739607958,0,1.086590,0.9501
Oncoming,TopRisk-K1,3739607959,0,1.105573,0.9556
Oncoming,TopRisk-K1,3739607960,0,1.244709,0.9611
Oncoming,TopRisk-K1,3739607961,1,0.568140,0.9556
Oncoming,TopRisk-K1,3739607962,0,0.954209,0.9611
Oncoming,TopRisk-K1,3739607963,1,0.601331,0.9611
Oncoming,TopRisk-K1,3739607964,0,0.978725,0.9556
Oncoming,TopRisk-K1,3739607965,0,1.002026,0.9501
Oncoming,TopRisk-K1,3739607966,0,1.152148,0.9611
Oncoming,TopRisk-K1,3739607967,0,1.049102,0.9611
Oncoming,TopRisk-K1,3739607968,0,1.031460,0.9611
Oncoming,TopRisk-K1,3739607969,0,1.097530,0.9611
Oncoming,TopRisk-K1,3739607970,1,0.747010,0.9611
Oncoming,TopRisk-K1,3739607971,0,1.092957,0.9611
Oncoming,TopRisk-K1,3739607972,0,0.972398,0.9611
Oncoming,TopRisk-K1,3739607973,0,1.107999,0.9611
Oncoming,TopRisk-K1,3739607974,0,1.234612,0.9611
Oncoming,TopRisk-K1,3739607975,0,1.060114,0.9501
Oncoming,TopRisk-K1,3739607976,0,1.016834,0.9611
Oncoming,TopRisk-K1,3739607977,0,1.186737,0.9611
Oncoming,TopRisk-K1,3739607978,0,1.276330,0.9611
Oncoming,TopRisk-K1,3739607979,0,1.071375,0.9611
Oncoming,TopRisk-K1,3739607980,0,1.522191,0.9611
Oncoming,TopRisk-K1,3739607981,0,1.435818,0.9611
Oncoming,TopRisk-K1,3739607982,0,1.597234,0.9611
Oncoming,TopRisk-K1,3739607983,0,1.021468,0.9556
Oncoming,TopRisk-K1,3739607984,0,1.043771,0.9611
Oncoming,TopRisk-K1,3739607985,0,1.197425,0.9611
Oncoming,TopRisk-K1,3739607986,1,0.693382,0.9556
Oncoming,TopRisk-K1,3739607987,0,1.071149,0.9556
Oncoming,TopRisk-K1,3739607988,0,0.989048,0.9556
Oncoming,TopRisk-K1,3739607989,0,1.210767,0.9611
Oncoming,TopRisk-K1,3739607990,0,1.053323,0.9556
Oncoming,TopRisk-K1,3739607991,0,1.050900,0.9556
Oncoming,TopRisk-K1,3739607992,1,0.625069,0.9611
Oncoming,TopRisk-K1,3739607993,0,1.094162,0.9611
Oncoming,TopRisk-K1,3739607994,0,0.973507,0.9556
Oncoming,TopRisk-K1,3739607995,1,0.187241,0.9556
Oncoming,TopRisk-K1,3739607996,1,0.824536,0.9611
Oncoming,TopRisk-K1,3739607997,0,1.049332,0.9501
Oncoming,TopRisk-K1,3739607998,0,0.959460,0.9611
Oncoming,TopRisk-K1,3739607999,0,1.334339,0.9501
Oncoming,TopRisk-K1,3739608000,0,1.015502,0.9556
Oncoming,TopRisk-K1,3739608001,1,0.376825,0.9501
Oncoming,TopRisk-K1,3739608002,0,1.152263,0.9611
Oncoming,TopRisk-K1,3739608003,0,1.054118,0.9501
Oncoming,TopRisk-K1,3739608004,1,0.435228,0.9501
Oncoming,TopRisk-K1,3739608005,0,0.868396,0.9556
Oncoming,TopRisk-K1,3739608006,0,1.025663,0.9611
Oncoming,TopRisk-K1,3739608007,0,1.122459,0.9611
Oncoming,TopRisk-K1,3739608008,0,1.182445,0.9611
Oncoming,TopRisk-K1,3739608009,1,0.714536,0.9556
Oncoming,TopRisk-K1,3739608010,0,1.061996,0.9611
Oncoming,TopRisk-K1,3739608011,0,1.042598,0.9611
Oncoming,TopRisk-K1,3739608012,0,1.194522,0.9611
Oncoming,TopRisk-K1,3739608013,0,1.589328,0.9501
Oncoming,TopRisk-K1,3739608014,0,1.096099,0.9611
Oncoming,TopRisk-K1,3739608015,0,1.120980,0.9611
Oncoming,TopRisk-K1,3739608016,0,1.193598,0.9611
Oncoming,TopRisk-K1,3739608017,0,1.223618,0.9501
Oncoming,TopRisk-K1,3739608018,0,1.205691,0.9611
Oncoming,TopRisk-K1,3739608019,0,0.970921,0.9611
Oncoming,TopRisk-K1,3739608020,0,1.353289,0.9611
Oncoming,TopRisk-K1,3739608021,0,1.501526,0.9556
Oncoming,TopRisk-K1,3739608022,0,1.466101,0.9611
Oncoming,TopRisk-K1,3739608023,0,1.002662,0.9611
Oncoming,TopRisk-K1,3739608024,0,1.325548,0.9611
Oncoming,TopRisk-K1,3739608025,0,1.311233,0.9556
Oncoming,TopRisk-K1,3739608026,1,0.746418,0.9556
Oncoming,TopRisk-K1,3739608027,0,1.078285,0.9611
Oncoming,TopRisk-K1,3739608028,0,0.897517,0.9611
Oncoming,TopRisk-K1,3739608029,0,0.951594,0.9501
Oncoming,TopRisk-K1,3739608030,1,0.716845,0.9556
Oncoming,TopRisk-K1,3739608031,0,1.153538,0.9556
Oncoming,TopRisk-K1,3739608032,0,1.139322,0.9611
Oncoming,TopRisk-K1,3739608033,1,0.822212,0.9501
Oncoming,TopRisk-K1,3739608034,0,1.117000,0.9611
Oncoming,TopRisk-K1,3739608035,0,0.966394,0.9501
Oncoming,TopRisk-K1,3739608036,0,1.167469,0.9556
Oncoming,TopRisk-K1,3739608037,1,0.829361,0.9611
Oncoming,TopRisk-K1,3739608038,0,1.160841,0.9556
Oncoming,TopRisk-K1,3739608039,0,1.096105,0.9611
Oncoming,TopRisk-K1,3739608040,0,1.075238,0.9666
Oncoming,TopRisk-K1,3739608041,0,1.044684,0.9501
Oncoming,TopRisk-K1,3739608042,0,1.028332,0.9611
Oncoming,TopRisk-K1,3739608043,0,1.103411,0.9611
Oncoming,TopRisk-K1,3739608044,0,1.433333,0.9556
Oncoming,TopRisk-K1,3739608045,0,1.558695,0.9611
Oncoming,TopRisk-K1,3739608046,0,1.455396,0.9611
Oncoming,TopRisk-K1,3739608047,0,1.115495,0.9501
Oncoming,TopRisk-K1,3739608048,0,1.231581,0.9611
Oncoming,TopRisk-K1,3739608049,0,1.144289,0.9501
Oncoming,TopRisk-K1,3739608050,0,1.055876,0.9611
Oncoming,TopRisk-K1,3739608051,0,1.263998,0.9611
Oncoming,TopRisk-K1,3739608052,1,0.288314,0.9611
Oncoming,TopRisk-K1,3739608053,0,1.478525,0.9611
Oncoming,TopRisk-K1,3739608054,0,1.071612,0.9611
Oncoming,TopRisk-K1,3739608055,0,1.220117,0.9501
Oncoming,TopRisk-K1,3739608056,0,1.245243,0.9556
Oncoming,TopRisk-K1,3739608057,0,1.210194,0.9611
Oncoming,TopRisk-K1,3739608058,1,0.646560,0.9611
Oncoming,TopRisk-K1,3739608059,0,1.022029,0.9611
Oncoming,TopRisk-K1,3739608060,0,0.972503,0.9611
Oncoming,TopRisk-K1,3739608061,0,1.089896,0.9611
Oncoming,TopRisk-K1,3739608062,0,0.983283,0.9556
Oncoming,TopRisk-K1,3739608063,0,1.142773,0.9501
Oncoming,TopRisk-K1,3739608064,0,1.189022,0.9611
Oncoming,TopRisk-K1,3739608065,0,0.987585,0.9501
Oncoming,TopRisk-K1,3739608066,0,1.167929,0.9611
Oncoming,TopRisk-K1,3739608067,0,1.030367,0.9501
Oncoming,TopRisk-K1,3739608068,0,1.075791,0.9611
Oncoming,TopRisk-K1,3739608069,0,1.023167,0.9611
Oncoming,TopRisk-K1,3739608070,0,1.137718,0.9611
Oncoming,TopRisk-K1,3739608071,0,1.170244,0.9611
Oncoming,TopRisk-K1,3739608072,0,1.187661,0.9611
Oncoming,TopRisk-K1,3739608073,1,0.188394,0.9556
Oncoming,TopRisk-K1,3739608074,0,1.033672,0.9611
Oncoming,TopRisk-K1,3739608075,0,1.358738,0.9611
Oncoming,TopRisk-K1,3739608076,0,1.062596,0.9611
Oncoming,TopRisk-K1,3739608077,0,0.905684,0.9611
Oncoming,TopRisk-K1,3739608078,0,1.032024,0.9611
Oncoming,TopRisk-K1,3739608079,0,1.049136,0.9501
Oncoming,TopRisk-K1,3739608080,1,0.776038,0.9611
Oncoming,TopRisk-K1,3739608081,0,1.198676,0.9611
Oncoming,TopRisk-K1,3739608082,0,1.074025,0.9501
Oncoming,TopRisk-K1,3739608083,0,0.878184,0.9556
Oncoming,TopRisk-K1,3739608084,1,0.844178,0.9611
Oncoming,TopRisk-K1,3739608085,0,1.085298,0.9556
Oncoming,TopRisk-K1,3739608086,0,1.134633,0.9611
Oncoming,TopRisk-K1,3739608087,0,0.974983,0.9501
Oncoming,TopRisk-K1,3739608088,0,0.959722,0.9501
Oncoming,TopRisk-K1,3739608089,0,0.970625,0.9501
Oncoming,TopRisk-K1,3739608090,0,1.191087,0.9611
Oncoming,TopRisk-K1,3739608091,1,0.443358,0.9611
Oncoming,TopRisk-K1,3739608092,0,1.042495,0.9501
Oncoming,TopRisk-K1,3739608093,1,0.529324,0.9556
Oncoming,TopRisk-K1,3739608094,0,1.155368,0.9611
Oncoming,TopRisk-K1,3739608095,0,0.993225,0.9611
Oncoming,TopRisk-K1,3739608096,0,1.101980,0.9611
Oncoming,TopRisk-K1,3739608097,0,1.286134,0.9501
Oncoming,TopRisk-K1,3739608098,1,0.561190,0.9501
Oncoming,TopRisk-K1,3739608099,0,1.118189,0.9611
Oncoming,TopRisk-K1,3739608100,1,0.736912,0.9611
Oncoming,TopRisk-K1,3739608101,0,1.245981,0.9611
Oncoming,TopRisk-K1,3739608102,0,1.082761,0.9501
Oncoming,TopRisk-K1,3739608103,0,1.309156,0.9556
Oncoming,TopRisk-K1,3739608104,0,1.128809,0.9611
Oncoming,TopRisk-K1,3739608105,1,0.714303,0.9556
Oncoming,TopRisk-K1,3739608106,0,1.409120,0.9501
Oncoming,TopRisk-K1,3739608107,0,1.028242,0.9611
Oncoming,TopRisk-K1,3739608108,1,0.720672,0.9611
Oncoming,TopRisk-K1,3739608109,0,0.872017,0.9556
Oncoming,TopRisk-K1,3739608110,0,1.145402,0.9611
Oncoming,TopRisk-K1,3739608111,0,1.307654,0.9501
Oncoming,TopRisk-K1,3739608112,0,1.052315,0.9611
Oncoming,TopRisk-K1,3739608113,0,1.155112,0.9611
Oncoming,TopRisk-K1,3739608114,0,1.338307,0.9501
Oncoming,TopRisk-K1,3739608115,0,1.301439,0.9611
Oncoming,TopRisk-K1,3739608116,0,1.079712,0.9611
Oncoming,TopRisk-K1,3739608117,0,1.049072,0.9611
Oncoming,TopRisk-K1,3739608118,0,1.354347,0.9556
Oncoming,TopRisk-K1,3739608119,1,0.644917,0.9501
Oncoming,TopRisk-K1,3739608120,0,0.907137,0.9611
Oncoming,TopRisk-K1,3739608121,1,0.661982,0.9501
Oncoming,TopRisk-K1,3739608122,1,0.687732,0.9501
Oncoming,TopRisk-K1,3739608123,0,2.714233,0.9501
Oncoming,TopRisk-K1,3739608124,0,1.069581,0.9556
Oncoming,TopRisk-K1,3739608125,0,1.408432,0.9611
Oncoming,TopRisk-K1,3739608126,0,2.012314,0.9556
Oncoming,TopRisk-K1,3739608127,0,1.600468,0.9611
Oncoming,TopRisk-K1,3739608128,0,1.045874,0.9501
Oncoming,TopRisk-K1,3739608129,0,1.202239,0.9611
Oncoming,TopRisk-K1,3739608130,0,1.606185,0.9611
Oncoming,TopRisk-K1,3739608131,1,0.415560,0.9556
Oncoming,TopRisk-K1,3739608132,0,1.010745,0.9556
Oncoming,TopRisk-K1,3739608133,0,1.385738,0.9501
Oncoming,TopRisk-K1,3739608134,0,0.989830,0.9501
Oncoming,TopRisk-K1,3739608135,0,1.139210,0.9611
Oncoming,TopRisk-K1,3739608136,0,0.969113,0.9611
Oncoming,TopRisk-K1,3739608137,0,1.111686,0.9666
Oncoming,TopRisk-K1,3739608138,0,1.357027,0.9501
Oncoming,TopRisk-K1,3739608139,0,1.312135,0.9611
Oncoming,TopRisk-K1,3739608140,0,1.184369,0.9611
Oncoming,TopRisk-K1,3739608141,0,1.137536,0.9611
Oncoming,TopRisk-K1,3739608142,0,0.997053,0.9556
Oncoming,TopRisk-K1,3739608143,0,1.239502,0.9501
Oncoming,TopRisk-K1,3739608144,0,1.027876,0.9556
Oncoming,TopRisk-K1,3739608145,1,0.453940,0.9556
Oncoming,TopRisk-K1,3739608146,0,0.984705,0.9501
Oncoming,TopRisk-K1,3739608147,0,1.062793,0.9501
Oncoming,TopRisk-K1,3739608148,0,1.250038,0.9611
Oncoming,TopRisk-K1,3739608149,0,1.020485,0.9611
Oncoming,TopRisk-K1,3739608150,0,1.152300,0.9501
Oncoming,TopRisk-K1,3739608151,1,0.064621,0.9611
Oncoming,TopRisk-K1,3739608152,0,1.040468,0.9611
Oncoming,TopRisk-K1,3739608153,0,1.575326,0.9501
Oncoming,TopRisk-K1,3739608154,0,0.907508,0.9611
Oncoming,TopRisk-K1,3739608155,0,1.180662,0.9611
Oncoming,TopRisk-K1,3739608156,0,1.258147,0.9611
Oncoming,TopRisk-K1,3739608157,0,1.095102,0.9501
Oncoming,TopRisk-K1,3739608158,0,1.028695,0.9611
Oncoming,TopRisk-K1,3739608159,0,1.102362,0.9501
Oncoming,TopRisk-K1,3739608160,0,1.176047,0.9611
Oncoming,TopRisk-K1,3739608161,0,1.317458,0.9611
Oncoming,TopRisk-K1,3739608162,0,0.977006,0.9611
Oncoming,TopRisk-K1,3739608163,0,1.087196,0.9611
Oncoming,TopRisk-K1,3739608164,0,1.179025,0.9611
Oncoming,TopRisk-K1,3739608165,0,1.094433,0.9501
Oncoming,TopRisk-K1,3739608166,0,1.054713,0.9611
Oncoming,TopRisk-K1,3739608167,0,1.124100,0.9556
Oncoming,TopRisk-K1,3739608168,0,1.007002,0.9611
Oncoming,TopRisk-K1,3739608169,0,1.303371,0.9611
Oncoming,TopRisk-K1,3739608170,0,1.135974,0.9611
Oncoming,TopRisk-K1,3739608171,0,1.364002,0.9501
Oncoming,TopRisk-K1,3739608172,0,1.294502,0.9501
Oncoming,TopRisk-K1,3739608173,0,1.242031,0.9611
Oncoming,TopRisk-K1,3739608174,0,1.303928,0.9611
Oncoming,TopRisk-K1,3739608175,0,1.181931,0.9611
Oncoming,TopRisk-K1,3739608176,0,1.420628,0.9611
Oncoming,TopRisk-K1,3739608177,0,1.328921,0.9556
Oncoming,TopRisk-K1,3739608178,0,1.300096,0.9611
Oncoming,TopRisk-K1,3739608179,0,0.993088,0.9611
Oncoming,TopRisk-K1,3739608180,0,1.148296,0.9556
Oncoming,TopRisk-K1,3739608181,0,1.170520,0.9501
Oncoming,TopRisk-K1,3739608182,0,1.028193,0.9611
Oncoming,TopRisk-K1,3739608183,0,1.195952,0.9611
Oncoming,TopRisk-K1,3739608184,1,0.805017,0.9556
Oncoming,TopRisk-K1,3739608185,0,1.352972,0.9501
Oncoming,TopRisk-K1,3739608186,0,1.323849,0.9501
Oncoming,TopRisk-K1,3739608187,0,1.047383,0.9556
Oncoming,TopRisk-K1,3739608188,0,1.150976,0.9611
Oncoming,TopRisk-K1,3739608189,0,1.177908,0.9611
Oncoming,TopRisk-K1,3739608190,1,0.392591,0.9501
Oncoming,TopRisk-K1,3739608191,0,1.237563,0.9501
Oncoming,TopRisk-K1,3739608192,0,1.086129,0.9611
Oncoming,TopRisk-K1,3739608193,0,1.045706,0.9611
Oncoming,TopRisk-K1,3739608194,0,1.112262,0.9611
Oncoming,TopRisk-K1,3739608195,0,1.064864,0.9556
Oncoming,TopRisk-K1,3739608196,0,0.974810,0.9501
Oncoming,TopRisk-K1,3739608197,0,1.370739,0.9611
Oncoming,TopRisk-K1,3739608198,0,1.290261,0.9611
Oncoming,TopRisk-K1,3739608199,1,0.246005,0.9501
Oncoming,TopRisk-K1,3739608200,0,1.245458,0.9501
Oncoming,TopRisk-K1,3739608201,0,1.088625,0.9611
Oncoming,TopRisk-K1,3739608202,0,1.119226,0.9611
Oncoming,TopRisk-K1,3739608203,0,1.392151,0.9556
Oncoming,TopRisk-K1,3739608204,0,1.147968,0.9556
Oncoming,TopRisk-K1,3739608205,0,1.472046,0.9611
Oncoming,TopRisk-K1,3739608206,0,1.312154,0.9611
Oncoming,TopRisk-K1,3739608207,0,1.003323,0.9556
Oncoming,TopRisk-K1,3739608208,0,0.989254,0.9611
Oncoming,TopRisk-K1,3739608209,0,1.212915,0.9501
Oncoming,TopRisk-K1,3739608210,0,2.418069,0.9556
Oncoming,TopRisk-K1,3739608211,0,0.978182,0.9501
Oncoming,TopRisk-K1,3739608212,0,1.102478,0.9611
Oncoming,TopRisk-K1,3739608213,0,1.009626,0.9611
Oncoming,TopRisk-K1,3739608214,1,0.315845,0.9556
Oncoming,TopRisk-K1,3739608215,0,0.926162,0.9501
Oncoming,TopRisk-K1,3739608216,0,0.858305,0.9611
Oncoming,TopRisk-K1,3739608217,0,1.296272,0.9611
Oncoming,TopRisk-K1,3739608218,0,1.200603,0.9611
Oncoming,TopRisk-K1,3739608219,0,1.085236,0.9556
Oncoming,TopRisk-K1,3739608220,0,1.144112,0.9611
Oncoming,TopRisk-K1,3739608221,0,1.262215,0.9611
Oncoming,TopRisk-K1,3739608222,0,1.137302,0.9611
Oncoming,TopRisk-K1,3739608223,0,1.481777,0.9611
Oncoming,TopRisk-K1,3739608224,1,0.601119,0.9501
Oncoming,TopRisk-K1,3739608225,0,1.196461,0.9556
Oncoming,TopRisk-K1,3739608226,0,1.463779,0.9501
Oncoming,TopRisk-K1,3739608227,1,0.678415,0.9611
Oncoming,TopRisk-K1,3739608228,0,1.092423,0.9556
Oncoming,TopRisk-K1,3739608229,1,0.775853,0.9611
Oncoming,TopRisk-K1,3739608230,0,1.291838,0.9611
Oncoming,TopRisk-K1,3739608231,0,1.030353,0.9611
Oncoming,TopRisk-K1,3739608232,0,1.119235,0.9501
Oncoming,TopRisk-K1,3739608233,0,1.329415,0.9501
Oncoming,TopRisk-K1,3739608234,0,1.160950,0.9556
Oncoming,TopRisk-K1,3739608235,0,1.168445,0.9501
Oncoming,TopRisk-K1,3739608236,0,1.132383,0.9611
Oncoming,TopRisk-K1,3739608237,0,1.352634,0.9611
Oncoming,TopRisk-K1,3739608238,0,1.123135,0.9501
Oncoming,TopRisk-K1,3739608239,0,1.107797,0.9611
Oncoming,TopRisk-K1,3739608240,0,1.451765,0.9611
Oncoming,TopRisk-K1,3739608241,0,1.368861,0.9611
Oncoming,TopRisk-K1,3739608242,0,1.118180,0.9611
Oncoming,TopRisk-K1,3739608243,1,0.218473,0.9501
Oncoming,TopRisk-K1,3739608244,0,1.262268,0.9611
Oncoming,TopRisk-K1,3739608245,0,1.605544,0.9611
Oncoming,TopRisk-K1,3739608246,0,1.198148,0.9501
Oncoming,TopRisk-K1,3739608247,0,1.041035,0.9501
Oncoming,TopRisk-K1,3739608248,0,1.096047,0.9611
Oncoming,TopRisk-K1,3739608249,0,1.137395,0.9611
Oncoming,TopRisk-K1,3739608250,0,1.234750,0.9611
Oncoming,TopRisk-K1,3739608251,0,1.325903,0.9501
Oncoming,TopRisk-K1,3739608252,0,1.244436,0.9611
Oncoming,TopRisk-K1,3739608253,0,1.325206,0.9501
Oncoming,TopRisk-K1,3739608254,0,1.187565,0.9501
Oncoming,TopRisk-K1,3739608255,0,1.393505,0.9611
Oncoming,TopRisk-K1,3739608256,0,1.393945,0.9611
Oncoming,TopRisk-K1,3739608257,0,1.433741,0.9611
Oncoming,TopRisk-K1,3739608258,0,1.454345,0.9611
Oncoming,TopRisk-K1,3739608259,1,0.720790,0.9611
Oncoming,TopRisk-K1,3739608260,0,1.075110,0.9611
Oncoming,TopRisk-K1,3739608261,1,0.811705,0.9501
Oncoming,TopRisk-K1,3739608262,0,1.066553,0.9611
Oncoming,TopRisk-K1,3739608263,0,1.193634,0.9611
Oncoming,TopRisk-K1,3739608264,0,1.341097,0.9611
Oncoming,TopRisk-K1,3739608265,0,1.314604,0.9611
Oncoming,TopRisk-K1,3739608266,0,1.548408,0.9501
Oncoming,TopRisk-K1,3739608267,0,1.030871,0.9501
Oncoming,TopRisk-K1,3739608268,0,1.073897,0.9611
Oncoming,TopRisk-K1,3739608269,0,1.093148,0.9611
Oncoming,TopRisk-K1,3739608270,1,0.042138,0.9556
Oncoming,TopRisk-K1,3739608271,0,1.201768,0.9611
Oncoming,TopRisk-K1,3739608272,0,1.699379,0.9501
Oncoming,TopRisk-K1,3739608273,0,1.025416,0.9611
Oncoming,TopRisk-K1,3739608274,0,1.035970,0.9611
Oncoming,TopRisk-K1,3739608275,1,0.599263,0.9556
Oncoming,TopRisk-K1,3739608276,1,0.711548,0.9556
Oncoming,TopRisk-K1,3739608277,0,1.346939,0.9501
Oncoming,TopRisk-K1,3739608278,0,2.477797,0.9501
Oncoming,TopRisk-K1,3739608279,1,0.628668,0.9611
Oncoming,TopRisk-K1,3739608280,1,0.816612,0.9501
Oncoming,TopRisk-K1,3739608281,0,1.275808,0.9611
Oncoming,TopRisk-K1,3739608282,1,0.848639,0.9611
Oncoming,TopRisk-K1,3739608283,0,1.123124,0.9556
Oncoming,TopRisk-K1,3739608284,1,0.383743,0.9501
Oncoming,TopRisk-K1,3739608285,1,0.486135,0.9611
Oncoming,TopRisk-K1,3739608286,1,0.708778,0.9611
Oncoming,TopRisk-K1,3739608287,0,1.349575,0.9611
Oncoming,TopRisk-K1,3739608288,1,0.705939,0.9611
Oncoming,TopRisk-K1,3739608289,0,0.987749,0.9611
Oncoming,TopRisk-K1,3739608290,0,1.238572,0.9611
Oncoming,TopRisk-K1,3739608291,0,1.181744,0.9611
Oncoming,TopRisk-K1,3739608292,0,1.192358,0.9556
Oncoming,TopRisk-K1,3739608293,0,1.135614,0.9501
Oncoming,TopRisk-K1,3739608294,0,1.250295,0.9611
Oncoming,TopRisk-K1,3739608295,0,1.216477,0.9611
Oncoming,TopRisk-K1,3739608296,0,1.050213,0.9611
Oncoming,TopRisk-K1,3739608297,0,1.036634,0.9501
Oncoming,TopRisk-K1,3739608298,1,0.690608,0.9556
Oncoming,TopRisk-K1,3739608299,0,1.408929,0.9611
Oncoming,TopRisk-K1,3739608300,0,1.020847,0.9611
Oncoming,TopRisk-K1,3739608301,0,1.180062,0.9611
Oncoming,TopRisk-K1,3739608302,0,0.975338,0.9611
Oncoming,TopRisk-K1,3739608303,0,1.437834,0.9611
Oncoming,TopRisk-K1,3739608304,0,1.117731,0.9611
Oncoming,TopRisk-K1,3739608305,0,0.902019,0.9501
Oncoming,TopRisk-K1,3739608306,0,1.200630,0.9501
Oncoming,TopRisk-K1,3739608307,0,1.008378,0.9611
Oncoming,TopRisk-K1,3739608308,0,0.995275,0.9501
Oncoming,TopRisk-K1,3739608309,0,1.336021,0.9611
Oncoming,TopRisk-K1,3739608310,0,1.318061,0.9501
Oncoming,TopRisk-K1,3739608311,0,1.216844,0.9556
Oncoming,TopRisk-K1,3739608312,0,1.122068,0.9556
Oncoming,TopRisk-K1,3739608313,0,1.181635,0.9611
Oncoming,TopRisk-K1,3739608314,0,1.036678,0.9556
Oncoming,TopRisk-K1,3739608315,0,1.148426,0.9611
Oncoming,TopRisk-K1,3739608316,0,1.184142,0.9611
Oncoming,TopRisk-K1,3739608317,0,1.094158,0.9556
Oncoming,TopRisk-K1,3739608318,0,1.204462,0.9556
Oncoming,TopRisk-K1,3739608319,0,1.177877,0.9611
Oncoming,TopRisk-K1,3739608320,0,1.059723,0.9611
Oncoming,TopRisk-K1,3739608321,0,1.088327,0.9611
Oncoming,TopRisk-K1,3739608322,0,1.325515,0.9611
Oncoming,TopRisk-K1,3739608323,0,1.000656,0.9501
Oncoming,TopRisk-K1,3739608324,0,1.070299,0.9611
Oncoming,TopRisk-K1,3739608325,1,0.125819,0.9556
Oncoming,TopRisk-K1,3739608326,0,1.049602,0.9611
Oncoming,TopRisk-K1,3739608327,0,1.063775,0.9611
Oncoming,TopRisk-K1,3739608328,0,1.162513,0.9611
Oncoming,TopRisk-K1,3739608329,0,1.052291,0.9611
Oncoming,TopRisk-K1,3739608330,1,0.105486,0.9501
Oncoming,TopRisk-K1,3739608331,0,1.122199,0.9611
Oncoming,TopRisk-K1,3739608332,0,1.210450,0.9556
Oncoming,TopRisk-K1,3739608333,0,1.046744,0.9611
Oncoming,TopRisk-K1,3739608334,0,1.731083,0.9611
Oncoming,TopRisk-K1,3739608335,0,1.167434,0.9611
Oncoming,TopRisk-K1,3739608336,0,0.998567,0.9556
Oncoming,TopRisk-K1,3739608337,0,1.101779,0.9501
Oncoming,TopRisk-K1,3739608338,0,1.385752,0.9501
Oncoming,TopRisk-K1,3739608339,0,1.116532,0.9611
Oncoming,TopRisk-K1,3739608340,0,1.198905,0.9611
Oncoming,TopRisk-K1,3739608341,0,1.056232,0.9611
Oncoming,TopRisk-K1,3739608342,0,1.353123,0.9611
Oncoming,TopRisk-K1,3739608343,0,1.034403,0.9611
Oncoming,TopRisk-K1,3739608344,0,1.517991,0.9611
Oncoming,TopRisk-K1,3739608345,0,1.050620,0.9611
Oncoming,TopRisk-K1,3739608346,0,1.271167,0.9611
Oncoming,TopRisk-K1,3739608347,0,1.038347,0.9501
Oncoming,TopRisk-K1,3739608348,1,0.689402,0.9611
Oncoming,TopRisk-K1,3739608349,1,0.822232,0.9501
Oncoming,TopRisk-K1,3739608350,0,1.346070,0.9611
Oncoming,TopRisk-K1,3739608351,0,1.112689,0.9556
Oncoming,TopRisk-K1,3739608352,0,1.010011,0.9611
Oncoming,TopRisk-K1,3739608353,1,0.160330,0.9501
Oncoming,TopRisk-K1,3739608354,0,1.190510,0.9611
Oncoming,TopRisk-K1,3739608355,0,1.449224,0.9611
Oncoming,TopRisk-K1,3739608356,0,1.524079,0.9611
Oncoming,TopRisk-K1,3739608357,0,1.237079,0.9501
Oncoming,TopRisk-K1,3739608358,0,1.163885,0.9501
Oncoming,TopRisk-K1,3739608359,0,1.055566,0.9556
Oncoming,TopRisk-K1,3739608360,0,1.666107,0.9556
Oncoming,TopRisk-K1,3739608361,0,1.159210,0.9556
Oncoming,TopRisk-K1,3739608362,0,1.087890,0.9556
Oncoming,TopRisk-K1,3739608363,1,0.556330,0.9611
Oncoming,TopRisk-K1,3739608364,0,1.451438,0.9501
Oncoming,TopRisk-K1,3739608365,1,0.213417,0.9556
Oncoming,TopRisk-K1,3739608366,0,1.034545,0.9611
Oncoming,TopRisk-K1,3739608367,0,1.114511,0.9501
Oncoming,TopRisk-K1,3739608368,0,1.088155,0.9611
Oncoming,TopRisk-K1,3739608369,0,0.990108,0.9611
Oncoming,TopRisk-K1,3739608370,0,1.328148,0.9501
Oncoming,TopRisk-K1,3739608371,0,1.316991,0.9611
Oncoming,TopRisk-K1,3739608372,0,1.415824,0.9501
Oncoming,TopRisk-K1,3739608373,0,1.026621,0.9611
Oncoming,TopRisk-K1,3739608374,0,1.562630,0.9501
Oncoming,TopRisk-K1,3739608375,1,0.647239,0.9611
Oncoming,TopRisk-K1,3739608376,0,0.990661,0.9611
Oncoming,TopRisk-K1,3739608377,0,1.314734,0.9556
Oncoming,TopRisk-K1,3739608378,0,1.230410,0.9611
Oncoming,TopRisk-K1,3739608379,0,1.101784,0.9611
Oncoming,TopRisk-K1,3739608380,1,0.836957,0.9556
Oncoming,TopRisk-K1,3739608381,0,1.146775,0.9556
Oncoming,TopRisk-K1,3739608382,0,1.047556,0.9501
Oncoming,TopRisk-K1,3739608383,0,1.020835,0.9611
Oncoming,TopRisk-K1,3739608384,0,1.488990,0.9611
Oncoming,TopRisk-K1,3739608385,0,1.052150,0.9611
Oncoming,TopRisk-K1,3739608386,0,0.868080,0.9611
Oncoming,TopRisk-K1,3739608387,0,1.277279,0.9611
Oncoming,TopRisk-K1,3739608388,1,0.806732,0.9611
Oncoming,TopRisk-K1,3739608389,0,1.245860,0.9501
Oncoming,TopRisk-K1,3739608390,0,1.070089,0.9611
Oncoming,TopRisk-K1,3739608391,0,0.851139,0.9611
Oncoming,TopRisk-K1,3739608392,1,0.602717,0.9556
Oncoming,TopRisk-K1,3739608393,0,1.461752,0.9611
Oncoming,TopRisk-K1,3739608394,0,1.104176,0.9611
Oncoming,TopRisk-K1,3739608395,0,1.031481,0.9501
Oncoming,TopRisk-K1,3739608396,0,1.055241,0.9501
Oncoming,TopRisk-K1,3739608397,0,0.982002,0.9611
Oncoming,TopRisk-K1,3739608398,1,0.545701,0.9501
Oncoming,TopRisk-K1,3739608399,1,0.688848,0.9501
Oncoming,TopRisk-K1,3739608400,0,1.104282,0.9556
Oncoming,TopRisk-K1,3739608401,0,1.027570,0.9556
Oncoming,TopRisk-K1,3739608402,1,0.480157,0.9501
Oncoming,TopRisk-K1,3739608403,0,1.392068,0.9611
Oncoming,TopRisk-K1,3739608404,0,1.204008,0.9611
Oncoming,TopRisk-K1,3739608405,0,1.224355,0.9611
Oncoming,TopRisk-K1,3739608406,0,1.154994,0.9611
Oncoming,TopRisk-K1,3739608407,0,1.124707,0.9611
Oncoming,TopRisk-K1,3739608408,0,1.034056,0.9611
Oncoming,TopRisk-K1,3739608409,0,1.066278,0.9611
Oncoming,TopRisk-K1,3739608410,0,0.983273,0.9611
Oncoming,TopRisk-K1,3739608411,0,1.126333,0.9556
Oncoming,TopRisk-K1,3739608412,0,1.370172,0.9556
Oncoming,TopRisk-K1,3739608413,1,0.683494,0.9611
Oncoming,TopRisk-K1,3739608414,0,1.187799,0.9611
Oncoming,TopRisk-K1,3739608415,0,1.147299,0.9501
Oncoming,TopRisk-K1,3739608416,0,1.038994,0.9611
Oncoming,TopRisk-K1,3739608417,0,1.216736,0.9611
Oncoming,TopRisk-K1,3739608418,0,1.437984,0.9611
Oncoming,TopRisk-K1,3739608419,0,1.077547,0.9501
Oncoming,TopRisk-K1,3739608420,0,1.154473,0.9611
Oncoming,TopRisk-K1,3739608421,0,1.098978,0.9611
Oncoming,TopRisk-K1,3739608422,0,1.485483,0.9501
Oncoming,TopRisk-K1,3739608423,0,1.560776,0.9611
Oncoming,TopRisk-K1,3739608424,0,1.124242,0.9611
Oncoming,TopRisk-K1,3739608425,0,1.410336,0.9611
Oncoming,TopRisk-K1,3739608426,0,1.121528,0.9501
Oncoming,TopRisk-K1,3739608427,0,1.320024,0.9611
Oncoming,TopRisk-K1,3739608428,0,1.038370,0.9611
Oncoming,TopRisk-K1,3739608429,1,0.831057,0.9611
Oncoming,TopRisk-K1,3739608430,0,1.342674,0.9556
Oncoming,TopRisk-K1,3739608431,0,1.075648,0.9501
Oncoming,TopRisk-K1,3739608432,0,0.999033,0.9556
Oncoming,TopRisk-K1,3739608433,0,1.298854,0.9611
Oncoming,TopRisk-K1,3739608434,0,1.102847,0.9611
Oncoming,TopRisk-K1,3739608435,0,1.224528,0.9611
Oncoming,TopRisk-K1,3739608436,0,1.199510,0.9611
Oncoming,TopRisk-K1,3739608437,0,1.323523,0.9611
Oncoming,TopRisk-K1,3739608438,1,0.733780,0.9501
Oncoming,TopRisk-K1,3739608439,0,1.392404,0.9611
Oncoming,TopRisk-K1,3739608440,0,1.096883,0.9611
Oncoming,TopRisk-K1,3739608441,0,1.082772,0.9611
Oncoming,TopRisk-K1,3739608442,0,1.052772,0.9501
Oncoming,TopRisk-K1,3739608443,1,0.827580,0.9611
Oncoming,TopRisk-K1,3739608444,0,1.151439,0.9556
Oncoming,TopRisk-K1,3739608445,0,0.961079,0.9501
Oncoming,TopRisk-K1,3739608446,0,1.233425,0.9611
Oncoming,TopRisk-K1,3739608447,0,1.041428,0.9611
Oncoming,TopRisk-K1,3739608448,0,1.033988,0.9611
Oncoming,TopRisk-K1,3739608449,0,1.165790,0.9501
Oncoming,TopRisk-K1,3739608450,0,1.159384,0.9611
Oncoming,TopRisk-K1,3739608451,0,1.285471,0.9501
Oncoming,TopRisk-K1,3739608452,0,1.075326,0.9611
Oncoming,TopRisk-K1,3739608453,0,0.972982,0.9611
Oncoming,TopRisk-K1,3739608454,0,1.045761,0.9611
Oncoming,TopRisk-K1,3739608455,0,0.992685,0.9556
Oncoming,TopRisk-K1,3739608456,0,1.228560,0.9611
Oncoming,TopRisk-K1,3739608457,0,1.334330,0.9611
Oncoming,TopRisk-K1,3739608458,0,1.338948,0.9611
Oncoming,TopRisk-K1,3739608459,0,1.087322,0.9611
Oncoming,TopRisk-K1,3739608460,0,1.144997,0.9501
Oncoming,TopRisk-K1,3739608461,0,0.995648,0.9501
Oncoming,TopRisk-K1,3739608462,0,1.179855,0.9611
Oncoming,TopRisk-K1,3739608463,0,1.381974,0.9611
Oncoming,TopRisk-K1,3739608464,0,1.346819,0.9611
Oncoming,TopRisk-K1,3739608465,0,1.083379,0.9611
Oncoming,TopRisk-K1,3739608466,0,1.150382,0.9611
Oncoming,TopRisk-K1,3739608467,0,1.449290,0.9611
Oncoming,TopRisk-K1,3739608468,1,0.527498,0.9556
Oncoming,TopRisk-K1,3739608469,0,1.256327,0.9556
Oncoming,TopRisk-K1,3739608470,0,1.318414,0.9501
Oncoming,TopRisk-K1,3739608471,0,1.173149,0.9611
Oncoming,TopRisk-K1,3739608472,0,1.344896,0.9611
Oncoming,TopRisk-K1,3739608473,0,1.248372,0.9501
Oncoming,TopRisk-K1,3739608474,0,1.423396,0.9611
Oncoming,TopRisk-K1,3739608475,1,0.780903,0.9501
Oncoming,TopRisk-K1,3739608476,0,1.100869,0.9611
Oncoming,TopRisk-K1,3739608477,0,1.219088,0.9611
Oncoming,TopRisk-K1,3739608478,0,1.003743,0.9611
Oncoming,TopRisk-K1,3739608479,0,1.243027,0.9611
Oncoming,TopRisk-K1,3739608480,1,0.622919,0.9556
Oncoming,TopRisk-K1,3739608481,1,0.173165,0.9611
Oncoming,TopRisk-K1,3739608482,0,1.187136,0.9501
Oncoming,TopRisk-K1,3739608483,0,1.118563,0.9501
Oncoming,TopRisk-K1,3739608484,1,0.787083,0.9556
Oncoming,TopRisk-K1,3739608485,0,1.067030,0.9501
Oncoming,TopRisk-K1,3739608486,1,0.793696,0.9611
Oncoming,TopRisk-K1,3739608487,0,1.386326,0.9611
Oncoming,TopRisk-K1,3739608488,0,1.247968,0.9611
Oncoming,TopRisk-K1,3739608489,0,1.249547,0.9611
Oncoming,TopRisk-K1,3739608490,0,1.055007,0.9501
Oncoming,TopRisk-K1,3739608491,0,1.142912,0.9611
Oncoming,TopRisk-K1,3739608492,1,0.298475,0.9556
Oncoming,TopRisk-K1,3739608493,0,1.162785,0.9611
Oncoming,TopRisk-K1,3739608494,0,1.215540,0.9556
Oncoming,TopRisk-K1,3739608495,0,0.978659,0.9556
Oncoming,TopRisk-K1,3739608496,0,1.056178,0.9611
Oncoming,TopRisk-K1,3739608497,0,1.216877,0.9611
Oncoming,TopRisk-K1,3739608498,0,1.002002,0.9611
Oncoming,TopRisk-K1,3739608499,0,1.105380,0.9501
Oncoming,TopRisk-K1,3739608500,1,0.669518,0.9556
Oncoming,TopRisk-K1,3739608501,1,0.521461,0.9556
Oncoming,TopRisk-K1,3739608502,0,1.371497,0.9611
Oncoming,TopRisk-K1,3739608503,0,1.609697,0.9611
Oncoming,TopRisk-K1,3739608504,1,0.809548,0.9501
Oncoming,TopRisk-K1,3739608505,0,1.622594,0.9611
Oncoming,TopRisk-K1,3739608506,0,0.999091,0.9501
Oncoming,TopRisk-K1,3739608507,0,1.332774,0.9611
Oncoming,TopRisk-K1,3739608508,0,1.166908,0.9501
Oncoming,TopRisk-K1,3739608509,1,0.729770,0.9501
Oncoming,TopRisk-K1,3739608510,0,1.052852,0.9501
Oncoming,TopRisk-K1,3739608511,0,1.297564,0.9611
Oncoming,TopRisk-K1,3739608512,0,1.023851,0.9611
Oncoming,TopRisk-K1,3739608513,0,1.189169,0.9611
Oncoming,TopRisk-K1,3739608514,0,1.060626,0.9556
Oncoming,TopRisk-K1,3739608515,1,0.457526,0.9501
Oncoming,TopRisk-K1,3739608516,0,0.954666,0.9611
Oncoming,TopRisk-K1,3739608517,1,0.705721,0.9501
Oncoming,TopRisk-K1,3739608518,0,1.005360,0.9501
Oncoming,TopRisk-K1,3739608519,0,1.289598,0.9611
Oncoming,TopRisk-K1,3739608520,0,0.998047,0.9611
Oncoming,TopRisk-K1,3739608521,0,1.093257,0.9611
Oncoming,TopRisk-K1,3739608522,1,0.458335,0.9556
Oncoming,TopRisk-K1,3739608523,0,1.027314,0.9611
Oncoming,TopRisk-K1,3739608524,0,1.032951,0.9611
Oncoming,TopRisk-K1,3739608525,0,1.349511,0.9611
Oncoming,TopRisk-K1,3739608526,0,1.190491,0.9556
Oncoming,TopRisk-K1,3739608527,0,1.050569,0.9501
Oncoming,TopRisk-K1,3739608528,0,0.974675,0.9501
Oncoming,TopRisk-K1,3739608529,0,1.057918,0.9501
Oncoming,TopRisk-K1,3739608530,0,1.161560,0.9611
Oncoming,TopRisk-K1,3739608531,0,1.247028,0.9556
Oncoming,TopRisk-K1,3739608532,0,0.954926,0.9556
Oncoming,TopRisk-K1,3739608533,0,1.032435,0.9611
Oncoming,TopRisk-K1,3739608534,0,1.158312,0.9611
Oncoming,TopRisk-K1,3739608535,0,1.225672,0.9611
Oncoming,TopRisk-K1,3739608536,0,1.372612,0.9501
Oncoming,TopRisk-K1,3739608537,0,1.068580,0.9611
Oncoming,TopRisk-K1,3739608538,0,1.107559,0.9611
Oncoming,TopRisk-K1,3739608539,1,0.298755,0.9611
Oncoming,TopRisk-K1,3739608540,0,1.120138,0.9611
Oncoming,TopRisk-K1,3739608541,0,1.035694,0.9611
Oncoming,TopRisk-K1,3739608542,0,0.993854,0.9556
Oncoming,TopRisk-K1,3739608543,0,1.237774,0.9556
Oncoming,TopRisk-K1,3739608544,0,1.379832,0.9611
Oncoming,TopRisk-K1,3739608545,1,0.523215,0.9501
Oncoming,TopRisk-K1,3739608546,0,1.126416,0.9611
Oncoming,TopRisk-K1,3739608547,0,1.223633,0.9611
Oncoming,TopRisk-K1,3739608548,0,0.958667,0.9556
Oncoming,TopRisk-K1,3739608549,1,0.820296,0.9556
Oncoming,TopRisk-K1,3739608550,0,1.007871,0.9611
Oncoming,TopRisk-K1,3739608551,0,1.233826,0.9611
Oncoming,TopRisk-K1,3739608552,1,0.837213,0.9611
Oncoming,TopRisk-K1,3739608553,0,1.223399,0.9611
Oncoming,TopRisk-K1,3739608554,0,1.160991,0.9611
Oncoming,TopRisk-K1,3739608555,0,1.335864,0.9611
Oncoming,TopRisk-K1,3739608556,0,0.933029,0.9556
Oncoming,TopRisk-K1,3739608557,0,1.407268,0.9611
Oncoming,TopRisk-K1,3739608558,0,0.931121,0.9611
Oncoming,TopRisk-K1,3739608559,1,0.419410,0.9611
Oncoming,TopRisk-K1,3739608560,0,1.412058,0.9556
Oncoming,TopRisk-K1,3739608561,0,1.250329,0.9611
Oncoming,TopRisk-K1,3739608562,0,1.267935,0.9501
Oncoming,TopRisk-K1,3739608563,0,1.018642,0.9611
Oncoming,TopRisk-K1,3739608564,0,1.232708,0.9611
Oncoming,TopRisk-K1,3739608565,0,1.035877,0.9611
Oncoming,TopRisk-K1,3739608566,0,0.978273,0.9556
Oncoming,TopRisk-K1,3739608567,0,1.190795,0.9501
Oncoming,TopRisk-K1,3739608568,0,1.363373,0.9556
Oncoming,TopRisk-K1,3739608569,0,1.144544,0.9611
Oncoming,TopRisk-K1,3739608570,0,1.087441,0.9611
Oncoming,TopRisk-K1,3739608571,0,0.924978,0.9611
Oncoming,TopRisk-K1,3739608572,0,0.863802,0.9556
Oncoming,TopRisk-K1,3739608573,1,0.707404,0.9556
Oncoming,TopRisk-K1,3739608574,0,1.268948,0.9611
Oncoming,TopRisk-K1,3739608575,0,1.239190,0.9611
Oncoming,TopRisk-K1,3739608576,0,1.059952,0.9501
Oncoming,TopRisk-K1,3739608577,0,1.238105,0.9611
Oncoming,TopRisk-K1,3739608578,0,1.159799,0.9501
Oncoming,TopRisk-K1,3739608579,0,1.113008,0.9611
Oncoming,TopRisk-K1,3739608580,0,1.036225,0.9611
Oncoming,TopRisk-K1,3739608581,0,1.011491,0.9611
Oncoming,TopRisk-K1,3739608582,0,1.137468,0.9611
Oncoming,TopRisk-K1,3739608583,0,1.075565,0.9611
Oncoming,TopRisk-K1,3739608584,0,1.230753,0.9611
Oncoming,TopRisk-K1,3739608585,1,0.529769,0.9501
Oncoming,TopRisk-K1,3739608586,0,1.337919,0.9611
Oncoming,TopRisk-K1,3739608587,0,1.057091,0.9611
Oncoming,TopRisk-K1,3739608588,0,1.058118,0.9611
Oncoming,TopRisk-K1,3739608589,0,1.361706,0.9611
Oncoming,TopRisk-K1,3739608590,1,0.798924,0.9611
Oncoming,TopRisk-K1,3739608591,0,1.298618,0.9556
Oncoming,TopRisk-K1,3739608592,0,1.019766,0.9611
Oncoming,TopRisk-K1,3739608593,0,1.246820,0.9611
Oncoming,TopRisk-K1,3739608594,0,1.176110,0.9611
Oncoming,TopRisk-K1,3739608595,0,1.300427,0.9611
Oncoming,TopRisk-K1,3739608596,1,0.599930,0.9556
Oncoming,TopRisk-K1,3739608597,0,1.148854,0.9556
Oncoming,TopRisk-K1,3739608598,0,0.919808,0.9501
Oncoming,TopRisk-K1,3739608599,0,1.087716,0.9611
Oncoming,TopRisk-K1,3739608600,0,1.046953,0.9611
Oncoming,TopRisk-K1,3739608601,1,0.698892,0.9556
Oncoming,TopRisk-K1,3739608602,0,1.279235,0.9611
Oncoming,TopRisk-K1,3739608603,1,0.540624,0.9556
Oncoming,TopRisk-K1,3739608604,0,1.222809,0.9556
Oncoming,TopRisk-K1,3739608605,0,0.880698,0.9611
Oncoming,TopRisk-K1,3739608606,0,1.020713,0.9611
Oncoming,TopRisk-K1,3739608607,0,0.975428,0.9611
Oncoming,TopRisk-K1,3739608608,0,1.065533,0.9611
Oncoming,TopRisk-K1,3739608609,0,1.007188,0.9611
Oncoming,TopRisk-K1,3739608610,0,1.010845,0.9556
Oncoming,TopRisk-K1,3739608611,0,1.041948,0.9556
Oncoming,TopRisk-K1,3739608612,0,0.951039,0.9556
Oncoming,TopRisk-K1,3739608613,0,1.445292,0.9611
Oncoming,TopRisk-K1,3739608614,0,1.295457,0.9556
Oncoming,TopRisk-K1,3739608615,0,1.180575,0.9611
Oncoming,TopRisk-K1,3739608616,1,0.655609,0.9556
Oncoming,TopRisk-K1,3739608617,0,1.275470,0.9611
Oncoming,TopRisk-K1,3739608618,0,1.060095,0.9611
Oncoming,TopRisk-K1,3739608619,1,0.770426,0.9556
Oncoming,TopRisk-K1,3739608620,0,1.077784,0.9611
Oncoming,TopRisk-K1,3739608621,1,0.468991,0.9611
Oncoming,TopRisk-K1,3739608622,0,1.144168,0.9611
Oncoming,TopRisk-K1,3739608623,0,0.986652,0.9501
Oncoming,TopRisk-K1,3739608624,0,1.058009,0.9611
Oncoming,TopRisk-K1,3739608625,0,1.558331,0.9611
Oncoming,TopRisk-K1,3739608626,0,0.977684,0.9611
Oncoming,TopRisk-K1,3739608627,0,1.047268,0.9611
Oncoming,TopRisk-K1,3739608628,0,1.069980,0.9556
Oncoming,TopRisk-K1,3739608629,0,1.107313,0.9611
Oncoming,TopRisk-K1,3739608630,0,1.064998,0.9501
Oncoming,TopRisk-K1,3739608631,0,1.311160,0.9556
Oncoming,TopRisk-K1,3739608632,0,1.033111,0.9611
Oncoming,TopRisk-K1,3739608633,0,1.025262,0.9611
Oncoming,TopRisk-K1,3739608634,0,1.207658,0.9611
Oncoming,TopRisk-K1,3739608635,0,1.143154,0.9611
Oncoming,TopRisk-K1,3739608636,0,1.221192,0.9611
Oncoming,TopRisk-K1,3739608637,0,0.869345,0.9556
Oncoming,TopRisk-K1,3739608638,0,1.355645,0.9611
Oncoming,TopRisk-K1,3739608639,0,1.062283,0.9611
Oncoming,TopRisk-K1,3739608640,0,1.184745,0.9501
Oncoming,TopRisk-K1,3739608641,0,1.144794,0.9611
Oncoming,TopRisk-K1,3739608642,0,1.111982,0.9611
Oncoming,TopRisk-K1,3739608643,0,1.008278,0.9611
Oncoming,TopRisk-K1,3739608644,0,1.343583,0.9611
Oncoming,TopRisk-K1,3739608645,0,0.987610,0.9611
Oncoming,TopRisk-K1,3739608646,1,0.783523,0.9611
Oncoming,TopRisk-K1,3739608647,0,1.230171,0.9611
Oncoming,TopRisk-K1,3739608648,0,1.132228,0.9611
Oncoming,TopRisk-K1,3739608649,0,1.389184,0.9611
Oncoming,TopRisk-K1,3739608650,0,1.218547,0.9611
Oncoming,TopRisk-K1,3739608651,1,0.551973,0.9556
Oncoming,TopRisk-K1,3739608652,0,1.045087,0.9556
Oncoming,TopRisk-K1,3739608653,0,1.249095,0.9501
Oncoming,TopRisk-K1,3739608654,0,1.494288,0.9611
Oncoming,TopRisk-K1,3739608655,0,1.084877,0.9611
Oncoming,TopRisk-K1,3739608656,0,1.400510,0.9611
Oncoming,TopRisk-K1,3739608657,1,0.687410,0.9611
Oncoming,TopRisk-K1,3739608658,0,1.245887,0.9611
Oncoming,TopRisk-K1,3739608659,0,1.202090,0.9501
Oncoming,TopRisk-K1,3739608660,1,0.783347,0.9501
Oncoming,TopRisk-K1,3739608661,1,0.552328,0.9611
Oncoming,TopRisk-K1,3739608662,0,0.986145,0.9611
Oncoming,TopRisk-K1,3739608663,0,1.183045,0.9611
Oncoming,TopRisk-K1,3739608664,0,1.134965,0.9611
Oncoming,TopRisk-K1,3739608665,0,1.210789,0.9611
Oncoming,TopRisk-K1,3739608666,0,1.203219,0.9611
Oncoming,TopRisk-K1,3739608667,1,0.543883,0.9501
Oncoming,TopRisk-K1,3739608668,0,1.529051,0.9611
Oncoming,TopRisk-K1,3739608669,0,1.006926,0.9611
Oncoming,TopRisk-K1,3739608670,0,0.939027,0.9611
Oncoming,TopRisk-K1,3739608671,0,1.206410,0.9611
Oncoming,TopRisk-K1,3739608672,1,0.225954,0.9501
Oncoming,TopRisk-K1,3739608673,0,1.248864,0.9611
Oncoming,TopRisk-K1,3739608674,1,0.399055,0.9501
Oncoming,TopRisk-K1,3739608675,0,1.096129,0.9611
Oncoming,TopRisk-K1,3739608676,0,1.127035,0.9556
Oncoming,TopRisk-K1,3739608677,0,1.126266,0.9611
Oncoming,TopRisk-K1,3739608678,0,1.283162,0.9611
Oncoming,TopRisk-K1,3739608679,0,1.049132,0.9611
Oncoming,TopRisk-K1,3739608680,0,1.326739,0.9611
Oncoming,TopRisk-K1,3739608681,0,1.160684,0.9501
Oncoming,TopRisk-K1,3739608682,1,0.669809,0.9556
Oncoming,TopRisk-K1,3739608683,0,1.105969,0.9556
Oncoming,TopRisk-K1,3739608684,0,1.135554,0.9556
Oncoming,TopRisk-K1,3739608685,0,1.108045,0.9611
Oncoming,TopRisk-K1,3739608686,0,1.032704,0.9611
Oncoming,TopRisk-K1,3739608687,0,1.254611,0.9611
Oncoming,TopRisk-K1,3739608688,0,1.416284,0.9611
Oncoming,TopRisk-K1,3739608689,0,0.983310,0.9611
Oncoming,TopRisk-K1,3739608690,1,0.667304,0.9556
Oncoming,TopRisk-K1,3739608691,1,0.650935,0.9556
Oncoming,TopRisk-K1,3739608692,0,1.158002,0.9611
Oncoming,TopRisk-K1,3739608693,1,0.793918,0.9556
Oncoming,TopRisk-K1,3739608694,0,1.022116,0.9501
Oncoming,TopRisk-K1,3739608695,0,1.132012,0.9501
Oncoming,TopRisk-K1,3739608696,0,1.034327,0.9556
Oncoming,TopRisk-K1,3739608697,0,1.200146,0.9611
Oncoming,TopRisk-K1,3739608698,0,1.125843,0.9501
Oncoming,TopRisk-K1,3739608699,0,1.124997,0.9611
Oncoming,TopRisk-K1,3739608700,0,1.602475,0.9501
Oncoming,TopRisk-K1,3739608701,0,1.024495,0.9611
Oncoming,TopRisk-K1,3739608702,0,1.138750,0.9556
Oncoming,TopRisk-K1,3739608703,0,1.118287,0.9611
Oncoming,TopRisk-K1,3739608704,0,0.976437,0.9611
Oncoming,TopRisk-K1,3739608705,0,1.302690,0.9611
Oncoming,TopRisk-K1,3739608706,0,1.074103,0.9611
Oncoming,TopRisk-K1,3739608707,0,1.209578,0.9611
Oncoming,TopRisk-K1,3739608708,0,1.224936,0.9611
Oncoming,TopRisk-K1,3739608709,0,1.073717,0.9611
Oncoming,TopRisk-K1,3739608710,0,1.089751,0.9556
Oncoming,TopRisk-K1,3739608711,0,1.110935,0.9611
Oncoming,TopRisk-K1,3739608712,0,1.085569,0.9611
Oncoming,TopRisk-K1,3739608713,0,1.143591,0.9611
Oncoming,TopRisk-K1,3739608714,0,1.422548,0.9611
Oncoming,TopRisk-K1,3739608715,0,1.478457,0.9501
Oncoming,TopRisk-K1,3739608716,0,1.103479,0.9611
Oncoming,TopRisk-K1,3739608717,0,1.137208,0.9611
Oncoming,TopRisk-K1,3739608718,0,1.447800,0.9611
Oncoming,TopRisk-K1,3739608719,0,1.837873,0.9556
Oncoming,TopRisk-K1,3739608720,0,1.127172,0.9556
Oncoming,TopRisk-K1,3739608721,0,1.181328,0.9611
Oncoming,TopRisk-K1,3739608722,0,1.272934,0.9611
Oncoming,TopRisk-K1,3739608723,0,1.030993,0.9556
Oncoming,TopRisk-K1,3739608724,0,1.047053,0.9611
Oncoming,TopRisk-K1,3739608725,0,1.275295,0.9611
Oncoming,TopRisk-K1,3739608726,0,1.394912,0.9611
Oncoming,TopRisk-K1,3739608727,1,0.758333,0.9556
Oncoming,TopRisk-K1,3739608728,0,1.388362,0.9611
Oncoming,TopRisk-K1,3739608729,0,1.159495,0.9501
Oncoming,TopRisk-K1,3739608730,0,1.423552,0.9611
Oncoming,TopRisk-K1,3739608731,0,1.366284,0.9611
Oncoming,TopRisk-K1,3739608732,0,1.661548,0.9501
Oncoming,TopRisk-K1,3739608733,0,1.301692,0.9611
Oncoming,TopRisk-K1,3739608734,0,1.064932,0.9611
Oncoming,TopRisk-K1,3739608735,0,1.013880,0.9611
Oncoming,TopRisk-K1,3739608736,1,0.736248,0.9556
Oncoming,TopRisk-K1,3739608737,0,1.075422,0.9611
Oncoming,TopRisk-K1,3739608738,0,1.265628,0.9611
Oncoming,TopRisk-K1,3739608739,0,1.146144,0.9556
Oncoming,TopRisk-K1,3739608740,0,1.051442,0.9611
Oncoming,TopRisk-K1,3739608741,0,1.073185,0.9611
Oncoming,TopRisk-K1,3739608742,0,1.102792,0.9611
Oncoming,TopRisk-K1,3739608743,0,0.918629,0.9611
Oncoming,TopRisk-K1,3739608744,1,0.798850,0.9501
Oncoming,TopRisk-K1,3739608745,0,1.078720,0.9611
Oncoming,TopRisk-K1,3739608746,0,1.051806,0.9501
Oncoming,TopRisk-K1,3739608747,0,1.064791,0.9501
Oncoming,TopRisk-K1,3739608748,0,1.215453,0.9556
Oncoming,TopRisk-K1,3739608749,0,1.013913,0.9501
Oncoming,TopRisk-K1,3739608750,0,1.029384,0.9611
Oncoming,TopRisk-K1,3739608751,0,1.034241,0.9611
Oncoming,TopRisk-K1,3739608752,0,1.033998,0.9611
Oncoming,TopRisk-K1,3739608753,0,1.229788,0.9611
Oncoming,TopRisk-K1,3739608754,0,1.030699,0.9501
Oncoming,TopRisk-K1,3739608755,0,1.355167,0.9501
Oncoming,TopRisk-K1,3739608756,1,0.368716,0.9501
Oncoming,TopRisk-K1,3739608757,0,1.370970,0.9611
Oncoming,TopRisk-K1,3739608758,0,1.305760,0.9556
Oncoming,TopRisk-K1,3739608759,0,1.201950,0.9556
Oncoming,TopRisk-K1,3739608760,0,1.278546,0.9556
Oncoming,TopRisk-K1,3739608761,0,1.105263,0.9611
Oncoming,TopRisk-K1,3739608762,0,0.874784,0.9501
Oncoming,TopRisk-K1,3739608763,0,0.957284,0.9501
Oncoming,TopRisk-K1,3739608764,1,0.307771,0.9611
Oncoming,TopRisk-K1,3739608765,0,1.208073,0.9501
Oncoming,TopRisk-K1,3739608766,1,0.736664,0.9501
Oncoming,TopRisk-K1,3739608767,0,1.299672,0.9611
Oncoming,TopRisk-K1,3739608768,0,1.318078,0.9611
Oncoming,TopRisk-K1,3739608769,0,1.243341,0.9611
Oncoming,TopRisk-K1,3739608770,1,0.688071,0.9501
Oncoming,TopRisk-K1,3739608771,0,1.015665,0.9501
Oncoming,TopRisk-K1,3739608772,0,1.601438,0.9611
Oncoming,TopRisk-K1,3739608773,1,0.650124,0.9501
Oncoming,TopRisk-K1,3739608774,0,1.093672,0.9501
Oncoming,TopRisk-K1,3739608775,1,0.661643,0.9556
Oncoming,TopRisk-K1,3739608776,1,0.353486,0.9501
Oncoming,TopRisk-K1,3739608777,0,1.255103,0.9501
Oncoming,TopRisk-K1,3739608778,0,1.124795,0.9611
Oncoming,TopRisk-K1,3739608779,1,0.799721,0.9611
Oncoming,TopRisk-K1,3739608780,0,1.220089,0.9501
Oncoming,TopRisk-K1,3739608781,0,1.014003,0.9556
Oncoming,TopRisk-K1,3739608782,0,1.194206,0.9611
Oncoming,TopRisk-K1,3739608783,0,0.968469,0.9501
Oncoming,TopRisk-K1,3739608784,0,1.051218,0.9556
Oncoming,TopRisk-K1,3739608785,0,1.215274,0.9611
Oncoming,TopRisk-K1,3739608786,0,1.010987,0.9611
Oncoming,TopRisk-K1,3739608787,1,0.820800,0.9556
Oncoming,TopRisk-K1,3739608788,0,1.609190,0.9501
Oncoming,TopRisk-K1,3739608789,0,1.092806,0.9611
Oncoming,TopRisk-K1,3739608790,1,0.757389,0.9501
Oncoming,TopRisk-K1,3739608791,0,1.250148,0.9611
Oncoming,TopRisk-K1,3739608792,0,1.128234,0.9611
Oncoming,TopRisk-K1,3739608793,0,1.000404,0.9611
Oncoming,TopRisk-K1,3739608794,0,1.118455,0.9611
Oncoming,TopRisk-K1,3739608795,0,1.091607,0.9611
Oncoming,TopRisk-K1,3739608796,0,0.977271,0.9611
Oncoming,TopRisk-K1,3739608797,0,1.164670,0.9556
Oncoming,TopRisk-K1,3739608798,0,1.035351,0.9501
Oncoming,TopRisk-K1,3739608799,1,0.677778,0.9611
Oncoming,TopRisk-K1,3739608800,0,1.083007,0.9556
Oncoming,TopRisk-K1,3739608801,0,0.974892,0.9501
Oncoming,TopRisk-K1,3739608802,1,0.736018,0.9556
Oncoming,TopRisk-K1,3739608803,1,0.564015,0.9501
Oncoming,TopRisk-K1,3739608804,0,1.171573,0.9611
Oncoming,TopRisk-K1,3739608805,1,0.719252,0.9556
Oncoming,TopRisk-K1,3739608806,0,1.218098,0.9501
Oncoming,TopRisk-K1,3739608807,0,1.548806,0.9611
Oncoming,TopRisk-K1,3739608808,0,1.064828,0.9611
Oncoming,TopRisk-K1,3739608809,1,0.366409,0.9501
Oncoming,TopRisk-K1,3739608810,0,1.694643,0.9611
Oncoming,TopRisk-K1,3739608811,0,1.048063,0.9611
Oncoming,TopRisk-K1,3739608812,0,1.202352,0.9501
Oncoming,TopRisk-K1,3739608813,0,1.014523,0.9611
Oncoming,TopRisk-K1,3739608814,0,1.142682,0.9611
Oncoming,TopRisk-K1,3739608815,0,1.275677,0.9611
Oncoming,TopRisk-K1,3739608816,1,0.842457,0.9556
Oncoming,TopRisk-K1,3739608817,0,0.973532,0.9556
Oncoming,TopRisk-K1,3739608818,0,1.196833,0.9501
Oncoming,TopRisk-K1,3739608819,0,1.348572,0.9501
Oncoming,TopRisk-K1,3739608820,0,1.118608,0.9501
Oncoming,TopRisk-K1,3739608821,0,1.340466,0.9501
Oncoming,TopRisk-K1,3739608822,1,0.758263,0.9611
Oncoming,TopRisk-K1,3739608823,0,1.111544,0.9611
Oncoming,TopRisk-K1,3739608824,0,1.086549,0.9611
Oncoming,TopRisk-K1,3739608825,0,1.017079,0.9611
Oncoming,TopRisk-K1,3739608826,1,0.602877,0.9501
Oncoming,TopRisk-K1,3739608827,0,1.117122,0.9611
Oncoming,TopRisk-K1,3739608828,0,0.869284,0.9556
Oncoming,TopRisk-K1,3739608829,0,0.999433,0.9611
Oncoming,TopRisk-K1,3739608830,0,1.111068,0.9611
Oncoming,TopRisk-K1,3739608831,0,1.275924,0.9611
Oncoming,TopRisk-K1,3739608832,0,0.911036,0.9501
Oncoming,TopRisk-K1,3739608833,1,0.596022,0.9556
Oncoming,TopRisk-K1,3739608834,1,0.767048,0.9556
Oncoming,TopRisk-K1,3739608835,0,0.973935,0.9611
Oncoming,TopRisk-K1,3739608836,0,0.950760,0.9501
Oncoming,TopRisk-K1,3739608837,0,1.256436,0.9611
Oncoming,TopRisk-K1,3739608838,0,1.018696,0.9501
Oncoming,TopRisk-K1,3739608839,0,1.030346,0.9556
Oncoming,TopRisk-K1,3739608840,0,1.124690,0.9611
Oncoming,TopRisk-K1,3739608841,0,1.184903,0.9556
Oncoming,TopRisk-K1,3739608842,0,1.157764,0.9611
Oncoming,TopRisk-K1,3739608843,1,0.580837,0.9556
Oncoming,TopRisk-K1,3739608844,0,1.091616,0.9611
Oncoming,TopRisk-K1,3739608845,0,1.217499,0.9501
Oncoming,TopRisk-K1,3739608846,0,1.144269,0.9611
Oncoming,TopRisk-K1,3739608847,0,1.247870,0.9611
Oncoming,TopRisk-K1,3739608848,0,1.160844,0.9611
Oncoming,TopRisk-K1,3739608849,0,1.426510,0.9611
Oncoming,TopRisk-K1,3739608850,0,1.143997,0.9611
Oncoming,TopRisk-K1,3739608851,0,1.468910,0.9611
Oncoming,TopRisk-K1,3739608852,0,1.356024,0.9611
Oncoming,TopRisk-K1,3739608853,0,1.237202,0.9501
Oncoming,TopRisk-K1,3739608854,0,1.067977,0.9611
Oncoming,TopRisk-K1,3739608855,0,1.116068,0.9611
Oncoming,TopRisk-K1,3739608856,0,1.066491,0.9556
Oncoming,TopRisk-K1,3739608857,0,1.323077,0.9556
Oncoming,TopRisk-K1,3739608858,1,0.456245,0.9611
Oncoming,TopRisk-K1,3739608859,1,0.690849,0.9556
Oncoming,TopRisk-K1,3739608860,0,1.470230,0.9556
Oncoming,TopRisk-K1,3739608861,1,0.783123,0.9501
Oncoming,TopRisk-K1,3739608862,0,1.297228,0.9501
Oncoming,TopRisk-K1,3739608863,0,1.018920,0.9611
Oncoming,TopRisk-K1,3739608864,0,1.056658,0.9501
Oncoming,TopRisk-K1,3739608865,0,1.155869,0.9556
Oncoming,TopRisk-K1,3739608866,0,1.173072,0.9611
Oncoming,TopRisk-K1,3739608867,1,0.297127,0.9556
Oncoming,TopRisk-K1,3739608868,0,1.081890,0.9556
Oncoming,TopRisk-K1,3739608869,0,1.204770,0.9611
Oncoming,TopRisk-K1,3739608870,1,0.802345,0.9501
Oncoming,TopRisk-K1,3739608871,0,1.123079,0.9611
Oncoming,TopRisk-K1,3739608872,0,1.676263,0.9611
Oncoming,TopRisk-K1,3739608873,0,1.252123,0.9611
Oncoming,TopRisk-K1,3739608874,0,1.179498,0.9611
Oncoming,TopRisk-K1,3739608875,0,1.109671,0.9611
Oncoming,TopRisk-K1,3739608876,0,1.119089,0.9611
Oncoming,TopRisk-K1,3739608877,0,1.009220,0.9501
Oncoming,TopRisk-K1,3739608878,0,1.102518,0.9611
Oncoming,TopRisk-K1,3739608879,0,1.021094,0.9611
Oncoming,TopRisk-K1,3739608880,0,0.958493,0.9556
Oncoming,TopRisk-K1,3739608881,0,1.100064,0.9556
Oncoming,TopRisk-K1,3739608882,0,1.096085,0.9611
Oncoming,TopRisk-K1,3739608883,0,1.684262,0.9501
Oncoming,TopRisk-K1,3739608884,0,1.072145,0.9556
Oncoming,TopRisk-K1,3739608885,1,0.569220,0.9611
Oncoming,TopRisk-K1,3739608886,0,1.105260,0.9611
Oncoming,TopRisk-K1,3739608887,0,1.702581,0.9611
Oncoming,TopRisk-K1,3739608888,0,1.131336,0.9611
Oncoming,TopRisk-K1,3739608889,0,1.272206,0.9611
Oncoming,TopRisk-K1,3739608890,0,0.999861,0.9501
Oncoming,TopRisk-K1,3739608891,0,1.208968,0.9611
Oncoming,TopRisk-K1,3739608892,0,1.101182,0.9611
Oncoming,TopRisk-K1,3739608893,1,0.686075,0.9611
Oncoming,TopRisk-K1,3739608894,1,0.438613,0.9501
Oncoming,TopRisk-K1,3739608895,0,1.220629,0.9611
Oncoming,TopRisk-K1,3739608896,0,1.154219,0.9611
Oncoming,TopRisk-K1,3739608897,0,1.047758,0.9611
Oncoming,TopRisk-K1,3739608898,0,1.650815,0.9611
Oncoming,TopRisk-K1,3739608899,0,0.986970,0.9611
Oncoming,TopRisk-K1,3739608900,0,1.240096,0.9611
Oncoming,TopRisk-K1,3739608901,0,0.977786,0.9611
Oncoming,TopRisk-K1,3739608902,0,1.277891,0.9611
Oncoming,TopRisk-K1,3739608903,0,1.022036,0.9611
Oncoming,TopRisk-K1,3739608904,1,0.692205,0.9556
Oncoming,TopRisk-K1,3739608905,0,1.120577,0.9501
Oncoming,TopRisk-K1,3739608906,0,1.004453,0.9611
Oncoming,TopRisk-K1,3739608907,0,1.683857,0.9501
Oncoming,TopRisk-K1,3739608908,0,1.108557,0.9556
Oncoming,TopRisk-K1,3739608909,0,1.034057,0.9501
Oncoming,TopRisk-K1,3739608910,0,1.361797,0.9556
Oncoming,TopRisk-K1,3739608911,1,0.239768,0.9501
Oncoming,TopRisk-K1,3739608912,0,0.854994,0.9556
Oncoming,TopRisk-K1,3739608913,0,1.124103,0.9611
Oncoming,TopRisk-K1,3739608914,0,1.003781,0.9611
Oncoming,TopRisk-K1,3739608915,0,0.951745,0.9611
Oncoming,TopRisk-K1,3739608916,0,1.296994,0.9611
Oncoming,TopRisk-K1,3739608917,0,1.022567,0.9501
Oncoming,TopRisk-K1,3739608918,0,1.297633,0.9611
Oncoming,TopRisk-K1,3739608919,1,0.496884,0.9501
Oncoming,TopRisk-K1,3739608920,0,1.234568,0.9611
Oncoming,TopRisk-K1,3739608921,0,1.139389,0.9501
Oncoming,TopRisk-K1,3739608922,0,1.112623,0.9501
Oncoming,TopRisk-K1,3739608923,0,1.056762,0.9501
Oncoming,TopRisk-K1,3739608924,0,1.593775,0.9611
Oncoming,TopRisk-K1,3739608925,0,1.288242,0.9611
Oncoming,TopRisk-K1,3739608926,0,1.354680,0.9611
Oncoming,TopRisk-K1,3739608927,0,1.243877,0.9611
Oncoming,TopRisk-K1,3739608928,0,1.080073,0.9611
Oncoming,TopRisk-K1,3739608929,1,0.194746,0.9501
Oncoming,TopRisk-K1,3739608930,0,1.210879,0.9556
Oncoming,TopRisk-K1,3739608931,1,0.301939,0.9501
Oncoming,TopRisk-K1,3739608932,0,1.075788,0.9611
Oncoming,TopRisk-K1,3739608933,0,1.192827,0.9611
Oncoming,TopRisk-K1,3739608934,0,1.340250,0.9556
Oncoming,TopRisk-K1,3739608935,0,1.042508,0.9556
Oncoming,TopRisk-K1,3739608936,0,1.175977,0.9611
Oncoming,TopRisk-K1,3739608937,0,1.464034,0.9611
Oncoming,TopRisk-K1,3739608938,0,1.310917,0.9611
Oncoming,TopRisk-K1,3739608939,0,1.306901,0.9611
Oncoming,TopRisk-K1,3739608940,0,1.720652,0.9611
Oncoming,TopRisk-K1,3739608941,0,1.146570,0.9611
Oncoming,TopRisk-K1,3739608942,1,0.642930,0.9611
Oncoming,TopRisk-K1,3739608943,0,1.239858,0.9611
Oncoming,TopRisk-K1,3739608944,0,0.977566,0.9501
Oncoming,TopRisk-K1,3739608945,0,0.972027,0.9611
Oncoming,TopRisk-K1,3739608946,0,1.228820,0.9611
Oncoming,TopRisk-K1,3739608947,1,0.792222,0.9501
Oncoming,TopRisk-K1,3739608948,0,1.306145,0.9611
Oncoming,TopRisk-K1,3739608949,0,1.088574,0.9556
Oncoming,TopRisk-K1,3739608950,0,1.057101,0.9501
Oncoming,TopRisk-K1,3739608951,0,0.968084,0.9611
Oncoming,TopRisk-K1,3739608952,1,0.742758,0.9611
Oncoming,TopRisk-K1,3739608953,0,1.176302,0.9501
Oncoming,TopRisk-K1,3739608954,0,1.084626,0.9501
Oncoming,TopRisk-K1,3739608955,0,1.065408,0.9611
Oncoming,TopRisk-K1,3739608956,1,0.739226,0.9556
Oncoming,TopRisk-K1,3739608957,0,1.286317,0.9556
Oncoming,TopRisk-K1,3739608958,0,1.030234,0.9501
Oncoming,TopRisk-K1,3739608959,0,1.058737,0.9611
Oncoming,TopRisk-K1,3739608960,0,1.158563,0.9556
Oncoming,TopRisk-K1,3739608961,1,0.509577,0.9501
Oncoming,TopRisk-K1,3739608962,0,1.146318,0.9501
Oncoming,TopRisk-K1,3739608963,0,1.065022,0.9611
Oncoming,TopRisk-K1,3739608964,0,1.154391,0.9556
Oncoming,TopRisk-K1,3739608965,0,0.990451,0.9556
Oncoming,TopRisk-K1,3739608966,0,1.189885,0.9611
Oncoming,TopRisk-K1,3739608967,1,0.396973,0.9556
Oncoming,TopRisk-K1,3739608968,0,1.313157,0.9501
Oncoming,TopRisk-K1,3739608969,0,1.019866,0.9556
Oncoming,TopRisk-K1,3739608970,1,0.817752,0.9556
Oncoming,TopRisk-K1,3739608971,0,0.952946,0.9556
Oncoming,TopRisk-K1,3739608972,0,0.909810,0.9556
Oncoming,TopRisk-K1,3739608973,0,1.180264,0.9611
Oncoming,TopRisk-K1,3739608974,0,1.281894,0.9611
Oncoming,TopRisk-K1,3739608975,0,1.155050,0.9501
Oncoming,TopRisk-K1,3739608976,0,1.046801,0.9556
Oncoming,TopRisk-K1,3739608977,0,1.043071,0.9501
Oncoming,TopRisk-K1,3739608978,0,1.183763,0.9611
Oncoming,TopRisk-K1,3739608979,1,0.400482,0.9501
Oncoming,TopRisk-K1,3739608980,0,0.959273,0.9501
Oncoming,TopRisk-K1,3739608981,0,1.197953,0.9611
Oncoming,TopRisk-K1,3739608982,0,1.234280,0.9556
Oncoming,TopRisk-K1,3739608983,0,1.003420,0.9611
Oncoming,TopRisk-K1,3739608984,0,1.248226,0.9611
Oncoming,TopRisk-K1,3739608985,0,1.029605,0.9556
Oncoming,TopRisk-K1,3739608986,0,1.177705,0.9556
Oncoming,TopRisk-K1,3739608987,0,1.317540,0.9556
Oncoming,TopRisk-K1,3739608988,0,1.113370,0.9611
Oncoming,TopRisk-K1,3739608989,0,1.042047,0.9556
Oncoming,TopRisk-K1,3739608990,0,1.141843,0.9611
Oncoming,TopRisk-K1,3739608991,0,1.140321,0.9611
Oncoming,TopRisk-K1,3739608992,0,1.467973,0.9611
Oncoming,TopRisk-K1,3739608993,0,1.165190,0.9501
Oncoming,TopRisk-K1,3739608994,0,1.052042,0.9611
Oncoming,TopRisk-K1,3739608995,0,1.320200,0.9611
Oncoming,TopRisk-K1,3739608996,0,1.711105,0.9611
Oncoming,TopRisk-K1,3739608997,1,0.435392,0.9611
Oncoming,TopRisk-K1,3739608998,0,1.173401,0.9611
Oncoming,TopRisk-K1,3739608999,1,0.799098,0.9556
Oncoming,TopRisk-K1,3739609000,1,0.657643,0.9501
Oncoming,TopRisk-K1,3739609001,0,1.028610,0.9611
Oncoming,TopRisk-K1,3739609002,0,1.245345,0.9501
Oncoming,TopRisk-K1,3739609003,0,1.209539,0.9501
Oncoming,TopRisk-K1,3739609004,1,0.364169,0.9556
Oncoming,TopRisk-K1,3739609005,0,1.259444,0.9611
Oncoming,TopRisk-K1,3739609006,0,1.095400,0.9611
Oncoming,TopRisk-K1,3739609007,1,0.458053,0.9501
Oncoming,TopRisk-K1,3739609008,0,1.224719,0.9611
Oncoming,TopRisk-K1,3739609009,1,0.691011,0.9556
Oncoming,TopRisk-K1,3739609010,0,1.183919,0.9611
Oncoming,TopRisk-K1,3739609011,0,1.301215,0.9611
Oncoming,TopRisk-K1,3739609012,0,1.077730,0.9501
Oncoming,TopRisk-K1,3739609013,0,1.369498,0.9611
Oncoming,TopRisk-K1,3739609014,0,1.134867,0.9611
Oncoming,TopRisk-K1,3739609015,0,1.347957,0.9611
Oncoming,TopRisk-K1,3739609016,0,1.659340,0.9556
Oncoming,TopRisk-K1,3739609017,1,0.656777,0.9611
Oncoming,TopRisk-K1,3739609018,0,1.315289,0.9611
Oncoming,TopRisk-K1,3739609019,0,1.081307,0.9556
Oncoming,TopRisk-K1,3739609020,0,1.002779,0.9611
Oncoming,TopRisk-K1,3739609021,0,1.159171,0.9611
Oncoming,TopRisk-K1,3739609022,0,1.069015,0.9556
Oncoming,TopRisk-K1,3739609023,0,1.132668,0.9611
Oncoming,TopRisk-K1,3739609024,0,1.180603,0.9611
Oncoming,TopRisk-K1,3739609025,0,1.138266,0.9611
Oncoming,TopRisk-K1,3739609026,0,1.174272,0.9556
Oncoming,TopRisk-K1,3739609027,0,0.909145,0.9611
Oncoming,TopRisk-K1,3739609028,0,1.110555,0.9611
Oncoming,TopRisk-K1,3739609029,0,1.010114,0.9611
Oncoming,TopRisk-K1,3739609030,0,1.104680,0.9611
Oncoming,TopRisk-K1,3739609031,0,1.083537,0.9501
Oncoming,TopRisk-K1,3739609032,0,1.060557,0.9611
Oncoming,TopRisk-K1,3739609033,0,1.198882,0.9611
Oncoming,TopRisk-K1,3739609034,1,0.674618,0.9556
Oncoming,TopRisk-K1,3739609035,0,1.182515,0.9611
Oncoming,TopRisk-K1,3739609036,0,1.432713,0.9501
Oncoming,TopRisk-K1,3739609037,0,1.100179,0.9556
Oncoming,TopRisk-K1,3739609038,0,1.196958,0.9556
Oncoming,TopRisk-K1,3739609039,0,1.201391,0.9611
Oncoming,TopRisk-K1,3739609040,0,1.077411,0.9556
Oncoming,TopRisk-K1,3739609041,0,1.137212,0.9611
Crossing,Base,196887591,1,0.481760,0.9611
Crossing,Base,196887592,0,0.998336,0.9611
Crossing,Base,196887593,1,0.088814,0.9611
Crossing,Base,196887594,1,0.847770,0.9611
Crossing,Base,196887595,0,1.297370,0.9611
Crossing,Base,196887596,1,0.475799,0.9611
Crossing,Base,196887597,1,0.336735,0.9611
Crossing,Base,196887598,0,2.305066,0.5690
Crossing,Base,196887599,1,0.535754,0.9611
Crossing,Base,196887600,1,0.303136,0.9611
Crossing,Base,196887601,0,1.111395,0.9611
Crossing,Base,196887602,1,0.493363,0.9611
Crossing,Base,196887603,1,0.357286,0.9611
Crossing,Base,196887604,0,1.179856,0.9611
Crossing,Base,196887605,1,0.740721,0.9611
Crossing,Base,196887606,0,0.891092,0.9611
Crossing,Base,196887607,1,0.432725,0.9611
Crossing,Base,196887608,0,0.939086,0.9611
Crossing,Base,196887609,0,1.634163,0.5361
Crossing,Base,196887610,1,0.701578,0.9611
Crossing,Base,196887611,1,0.293086,0.9611
Crossing,Base,196887612,1,0.180815,0.9611
Crossing,Base,196887613,0,1.308829,0.9611
Crossing,Base,196887614,0,2.243736,0.5526
Crossing,Base,196887615,0,2.453661,0.5416
Crossing,Base,196887616,0,1.029879,0.9611
Crossing,Base,196887617,1,0.686729,0.9611
Crossing,Base,196887618,1,0.429577,0.9611
Crossing,Base,196887619,0,1.028360,0.9611
Crossing,Base,196887620,1,0.195401,0.9611
Crossing,Base,196887621,1,0.301607,0.9611
Crossing,Base,196887622,1,0.293952,0.9611
Crossing,Base,196887623,1,0.421223,0.9611
Crossing,Base,196887624,1,0.409558,0.9611
Crossing,Base,196887625,1,0.390927,0.9611
Crossing,Base,196887626,1,0.426526,0.9611
Crossing,Base,196887627,1,0.524999,0.9611
Crossing,Base,196887628,1,0.548656,0.9611
Crossing,Base,196887629,1,0.189629,0.9611
Crossing,Base,196887630,1,0.544083,0.9611
Crossing,Base,196887631,1,0.222980,0.9611
Crossing,Base,196887632,1,0.692486,0.9611
Crossing,Base,196887633,1,0.579879,0.9611
Crossing,Base,196887634,1,0.204144,0.9611
Crossing,Base,196887635,1,0.674186,0.9611
Crossing,Base,196887636,0,1.938447,0.9666
Crossing,Base,196887637,1,0.282486,0.9611
Crossing,Base,196887638,1,0.761383,0.9611
Crossing,Base,196887639,0,2.565347,0.5416
Crossing,Base,196887640,1,0.654443,0.9611
Crossing,Base,196887641,0,1.799114,0.9611
Crossing,Base,196887642,1,0.159977,0.9611
Crossing,Base,196887643,0,1.025045,0.9611
Crossing,Base,196887644,1,0.454531,0.9611
Crossing,Base,196887645,1,0.156212,0.9611
Crossing,Base,196887646,0,0.938042,0.9611
Crossing,Base,196887647,1,0.770150,0.9611
Crossing,Base,196887648,1,0.755769,0.9611
Crossing,Base,196887649,1,0.482938,0.9611
Crossing,Base,196887650,1,0.203741,0.9611
Crossing,Base,196887651,1,0.112575,0.9611
Crossing,Base,196887652,1,0.783639,0.9611
Crossing,Base,196887653,1,0.464823,0.9611
Crossing,Base,196887654,1,0.654660,0.9611
Crossing,Base,196887655,0,0.894966,0.9611
Crossing,Base,196887656,0,2.250145,0.9611
Crossing,Base,196887657,1,0.542757,0.9611
Crossing,Base,196887658,1,0.369466,0.9611
Crossing,Base,196887659,1,0.414860,0.9611
Crossing,Base,196887660,1,0.183709,0.9611
Crossing,Base,196887661,1,0.584849,0.9556
Crossing,Base,196887662,1,0.301407,0.9611
Crossing,Base,196887663,1,0.117755,0.9611
Crossing,Base,196887664,1,0.370152,0.9611
Crossing,Base,196887665,1,0.611065,0.9611
Crossing,Base,196887666,1,0.753241,0.9611
Crossing,Base,196887667,1,0.725084,0.9611
Crossing,Base,196887668,0,0.887498,0.9611
Crossing,Base,196887669,1,0.161308,0.9611
Crossing,Base,196887670,1,0.598744,0.9611
Crossing,Base,196887671,1,0.726789,0.9611
Crossing,Base,196887672,0,1.902331,0.9556
Crossing,Base,196887673,1,0.412209,0.9611
Crossing,Base,196887674,1,0.530970,0.9611
Crossing,Base,196887675,1,0.399688,0.9611
Crossing,Base,196887676,1,0.685624,0.9611
Crossing,Base,196887677,1,0.394848,0.9611
Crossing,Base,196887678,0,0.852352,0.9611
Crossing,Base,196887679,1,0.057210,0.9611
Crossing,Base,196887680,1,0.204957,0.9611
Crossing,Base,196887681,1,0.275616,0.9611
Crossing,Base,196887682,0,1.668358,0.5361
Crossing,Base,196887683,1,0.403741,0.9611
Crossing,Base,196887684,1,0.481963,0.9611
Crossing,Base,196887685,1,0.176980,0.9611
Crossing,Base,196887686,1,0.478562,0.9611
Crossing,Base,196887687,0,1.128665,0.9611
Crossing,Base,196887688,1,0.560282,0.9611
Crossing,Base,196887689,1,0.160175,0.9611
Crossing,Base,196887690,0,1.054006,0.9611
Crossing,Base,196887691,1,0.094488,0.9611
Crossing,Base,196887692,1,0.548108,0.9611
Crossing,Base,196887693,0,1.280633,0.5744
Crossing,Base,196887694,1,0.754339,0.9611
Crossing,Base,196887695,0,1.493178,0.9611
Crossing,Base,196887696,1,0.477717,0.9611
Crossing,Base,196887697,1,0.187956,0.9611
Crossing,Base,196887698,0,1.509421,0.9556
Crossing,Base,196887699,0,1.715330,0.5581
Crossing,Base,196887700,1,0.299922,0.9611
Crossing,Base,196887701,1,0.530493,0.9611
Crossing,Base,196887702,1,0.662034,0.9611
Crossing,Base,196887703,1,0.383554,0.9611
Crossing,Base,196887704,1,0.275220,0.9611
Crossing,Base,196887705,0,1.641274,0.9501
Crossing,Base,196887706,1,0.406550,0.9611
Crossing,Base,196887707,1,0.437104,0.9611
Crossing,Base,196887708,1,0.745946,0.9611
Crossing,Base,196887709,1,0.756354,0.9611
Crossing,Base,196887710,1,0.704829,0.9611
Crossing,Base,196887711,0,1.372092,0.9611
Crossing,Base,196887712,1,0.748642,0.9611
Crossing,Base,196887713,0,0.931688,0.9611
Crossing,Base,196887714,1,0.608048,0.9611
Crossing,Base,196887715,0,0.912690,0.9611
Crossing,Base,196887716,1,0.759965,0.9611
Crossing,Base,196887717,1,0.644159,0.9611
Crossing,Base,196887718,1,0.353338,0.9611
Crossing,Base,196887719,1,0.438404,0.9611
Crossing,Base,196887720,0,2.081703,0.9611
Crossing,Base,196887721,1,0.571058,0.9611
Crossing,Base,196887722,1,0.748163,0.9611
Crossing,Base,196887723,1,0.625482,0.9611
Crossing,Base,196887724,1,0.577410,0.9611
Crossing,Base,196887725,1,0.308071,0.9611
Crossing,Base,196887726,0,2.039825,0.5361
Crossing,Base,196887727,1,0.202566,0.9611
Crossing,Base,196887728,0,2.630221,0.5471
Crossing,Base,196887729,1,0.183594,0.9611
Crossing,Base,196887730,1,0.283606,0.9611
Crossing,Base,196887731,0,2.756749,0.9501
Crossing,Base,196887732,1,0.292868,0.9611
Crossing,Base,196887733,1,0.502168,0.9611
Crossing,Base,196887734,1,0.522611,0.9611
Crossing,Base,196887735,1,0.833982,0.9611
Crossing,Base,196887736,1,0.345055,0.9611
Crossing,Base,196887737,0,0.918591,0.9501
Crossing,Base,196887738,0,1.043290,0.9611
Crossing,Base,196887739,1,0.358879,0.9611
Crossing,Base,196887740,0,2.001059,0.9501
Crossing,Base,196887741,1,0.376227,0.9611
Crossing,Base,196887742,1,0.514521,0.9611
Crossing,Base,196887743,1,0.623374,0.9611
Crossing,Base,196887744,1,0.101345,0.9611
Crossing,Base,196887745,1,0.509557,0.9611
Crossing,Base,196887746,0,1.850539,0.5690
Crossing,Base,196887747,1,0.476505,0.9611
Crossing,Base,196887748,1,0.372856,0.9611
Crossing,Base,196887749,1,0.111642,0.9611
Crossing,Base,196887750,1,0.781239,0.9611
Crossing,Base,196887751,1,0.409226,0.9611
Crossing,Base,196887752,1,0.606499,0.9611
Crossing,Base,196887753,1,0.731536,0.9611
Crossing,Base,196887754,1,0.381470,0.9611
Crossing,Base,196887755,0,1.752750,0.9611
Crossing,Base,196887756,1,0.254794,0.9611
Crossing,Base,196887757,1,0.236027,0.9611
Crossing,Base,196887758,1,0.567610,0.9611
Crossing,Base,196887759,1,0.442059,0.9611
Crossing,Base,196887760,1,0.259416,0.9611
Crossing,Base,196887761,1,0.424908,0.9611
Crossing,Base,196887762,1,0.804386,0.9611
Crossing,Base,196887763,0,1.759029,0.9611
Crossing,Base,196887764,1,0.720563,0.9611
Crossing,Base,196887765,1,0.356801,0.9611
Crossing,Base,196887766,1,0.491378,0.9611
Crossing,Base,196887767,1,0.399703,0.9611
Crossing,Base,196887768,1,0.330057,0.9611
Crossing,Base,196887769,0,1.606257,0.9611
Crossing,Base,196887770,1,0.373266,0.9611
Crossing,Base,196887771,1,0.746661,0.9611
Crossing,Base,196887772,1,0.573883,0.9611
Crossing,Base,196887773,1,0.672549,0.9611
Crossing,Base,196887774,1,0.481426,0.9611
Crossing,Base,196887775,1,0.199680,0.9611
Crossing,Base,196887776,1,0.754318,0.9611
Crossing,Base,196887777,1,0.385978,0.9611
Crossing,Base,196887778,1,0.296277,0.9611
Crossing,Base,196887779,1,0.330558,0.9611
Crossing,Base,196887780,1,0.194974,0.9611
Crossing,Base,196887781,1,0.172812,0.9611
Crossing,Base,196887782,1,0.056628,0.9611
Crossing,Base,196887783,0,0.888606,0.9611
Crossing,Base,196887784,0,1.535673,0.9611
Crossing,Base,196887785,1,0.519595,0.9611
Crossing,Base,196887786,0,2.051188,0.5581
Crossing,Base,196887787,1,0.075202,0.9611
Crossing,Base,196887788,1,0.461317,0.9611
Crossing,Base,196887789,1,0.473591,0.9611
Crossing,Base,196887790,1,0.840849,0.9501
Crossing,Base,196887791,1,0.654524,0.9611
Crossing,Base,196887792,0,1.941487,0.9611
Crossing,Base,196887793,1,0.448748,0.9611
Crossing,Base,196887794,1,0.542564,0.9611
Crossing,Base,196887795,0,1.625114,0.9501
Crossing,Base,196887796,1,0.464698,0.9611
Crossing,Base,196887797,0,2.039138,0.5416
Crossing,Base,196887798,1,0.415883,0.9611
Crossing,Base,196887799,1,0.792371,0.9611
Crossing,Base,196887800,1,0.333360,0.9611
Crossing,Base,196887801,0,0.951432,0.9611
Crossing,Base,196887802,1,0.206429,0.9611
Crossing,Base,196887803,1,0.500199,0.9611
Crossing,Base,196887804,1,0.482321,0.9611
Crossing,Base,196887805,1,0.404494,0.9611
Crossing,Base,196887806,1,0.680868,0.9611
Crossing,Base,196887807,0,0.887547,0.9611
Crossing,Base,196887808,1,0.567148,0.9611
Crossing,Base,196887809,0,1.905489,0.5526
Crossing,Base,196887810,1,0.520813,0.9611
Crossing,Base,196887811,1,0.366341,0.9611
Crossing,Base,196887812,1,0.780437,0.9556
Crossing,Base,196887813,1,0.216761,0.9611
Crossing,Base,196887814,1,0.385655,0.9611
Crossing,Base,196887815,0,1.935758,0.9611
Crossing,Base,196887816,1,0.699125,0.9611
Crossing,Base,196887817,1,0.455732,0.9611
Crossing,Base,196887818,0,1.714741,0.9501
Crossing,Base,196887819,1,0.574131,0.9611
Crossing,Base,196887820,1,0.116766,0.9611
Crossing,Base,196887821,0,1.980434,0.5526
Crossing,Base,196887822,1,0.318199,0.9611
Crossing,Base,196887823,1,0.768339,0.9611
Crossing,Base,196887824,1,0.633760,0.9611
Crossing,Base,196887825,1,0.525114,0.9611
Crossing,Base,196887826,1,0.322485,0.9611
Crossing,Base,196887827,1,0.384836,0.9611
Crossing,Base,196887828,1,0.433948,0.9611
Crossing,Base,196887829,1,0.584126,0.9611
Crossing,Base,196887830,1,0.713402,0.9611
Crossing,Base,196887831,1,0.415237,0.9611
Crossing,Base,196887832,0,1.919953,0.5744
Crossing,Base,196887833,1,0.379421,0.9611
Crossing,Base,196887834,1,0.402244,0.9611
Crossing,Base,196887835,1,0.419333,0.9611
Crossing,Base,196887836,1,0.271137,0.9611
Crossing,Base,196887837,1,0.652318,0.9611
Crossing,Base,196887838,1,0.226558,0.9611
Crossing,Base,196887839,1,0.570757,0.9611
Crossing,Base,196887840,1,0.275223,0.9611
Crossing,Base,196887841,0,1.296515,0.9611
Crossing,Base,196887842,1,0.546036,0.9611
Crossing,Base,196887843,1,0.536646,0.9611
Crossing,Base,196887844,1,0.688409,0.9611
Crossing,Base,196887845,1,0.590516,0.9611
Crossing,Base,196887846,1,0.548299,0.9611
Crossing,Base,196887847,1,0.205694,0.9611
Crossing,Base,196887848,1,0.312823,0.9611
Crossing,Base,196887849,1,0.564271,0.9501
Crossing,Base,196887850,0,2.670334,0.9501
Crossing,Base,196887851,1,0.476100,0.9611
Crossing,Base,196887852,1,0.410012,0.9611
Crossing,Base,196887853,1,0.086671,0.9611
Crossing,Base,196887854,1,0.157689,0.9611
Crossing,Base,196887855,0,1.584854,0.5526
Crossing,Base,196887856,1,0.738200,0.9611
Crossing,Base,196887857,1,0.714372,0.9611
Crossing,Base,196887858,1,0.629537,0.9611
Crossing,Base,196887859,1,0.396360,0.9611
Crossing,Base,196887860,1,0.755795,0.9611
Crossing,Base,196887861,1,0.225248,0.9611
Crossing,Base,196887862,1,0.153868,0.9611
Crossing,Base,196887863,0,1.813056,0.5416
Crossing,Base,196887864,1,0.716417,0.9611
Crossing,Base,196887865,1,0.243921,0.9611
Crossing,Base,196887866,0,2.098951,0.5744
Crossing,Base,196887867,1,0.437585,0.9611
Crossing,Base,196887868,0,1.819123,0.9611
Crossing,Base,196887869,1,0.510563,0.9611
Crossing,Base,196887870,1,0.137266,0.9611
Crossing,Base,196887871,1,0.293944,0.9611
Crossing,Base,196887872,1,0.294675,0.9611
Crossing,Base,196887873,1,0.607787,0.9611
Crossing,Base,196887874,1,0.196451,0.9611
Crossing,Base,196887875,0,1.214774,0.9611
Crossing,Base,196887876,1,0.368798,0.9611
Crossing,Base,196887877,1,0.200935,0.9611
Crossing,Base,196887878,0,2.341440,0.9611
Crossing,Base,196887879,1,0.724225,0.9611
Crossing,Base,196887880,1,0.524730,0.9611
Crossing,Base,196887881,0,0.873544,0.9611
Crossing,Base,196887882,1,0.474007,0.9611
Crossing,Base,196887883,1,0.458867,0.9611
Crossing,Base,196887884,0,1.206562,0.9611
Crossing,Base,196887885,1,0.592869,0.9611
Crossing,Base,196887886,1,0.794167,0.9611
Crossing,Base,196887887,0,2.126439,0.5361
Crossing,Base,196887888,0,0.891765,0.9611
Crossing,Base,196887889,1,0.280608,0.9556
Crossing,Base,196887890,1,0.241700,0.9611
Crossing,Base,196887891,1,0.265457,0.9611
Crossing,Base,196887892,1,0.172590,0.9611
Crossing,Base,196887893,0,1.722033,0.5744
Crossing,Base,196887894,1,0.290888,0.9611
Crossing,Base,196887895,1,0.608643,0.9611
Crossing,Base,196887896,1,0.526337,0.9611
Crossing,Base,196887897,1,0.252977,0.9611
Crossing,Base,196887898,1,0.666185,0.9611
Crossing,Base,196887899,1,0.430990,0.9611
Crossing,Base,196887900,1,0.323085,0.9611
Crossing,Base,196887901,0,1.147531,0.9611
Crossing,Base,196887902,1,0.654580,0.9611
Crossing,Base,196887903,1,0.603588,0.9611
Crossing,Base,196887904,1,0.455084,0.9611
Crossing,Base,196887905,1,0.103042,0.9611
Crossing,Base,196887906,1,0.366434,0.9611
Crossing,Base,196887907,0,0.953868,0.9611
Crossing,Base,196887908,1,0.079163,0.9611
Crossing,Base,196887909,1,0.092489,0.9611
Crossing,Base,196887910,1,0.502493,0.9611
Crossing,Base,196887911,1,0.404795,0.9611
Crossing,Base,196887912,1,0.698533,0.9611
Crossing,Base,196887913,1,0.796846,0.9611
Crossing,Base,196887914,0,1.236439,0.9611
Crossing,Base,196887915,0,1.004470,0.9611
Crossing,Base,196887916,1,0.199632,0.9611
Crossing,Base,196887917,1,0.571681,0.9611
Crossing,Base,196887918,1,0.765037,0.9611
Crossing,Base,196887919,1,0.460094,0.9611
Crossing,Base,196887920,0,2.214138,0.9611
Crossing,Base,196887921,0,0.912513,0.9611
Crossing,Base,196887922,1,0.277456,0.9611
Crossing,Base,196887923,1,0.478239,0.9611
Crossing,Base,196887924,1,0.459318,0.9611
Crossing,Base,196887925,0,1.558283,0.5416
Crossing,Base,196887926,1,0.693817,0.9611
Crossing,Base,196887927,1,0.741906,0.9611
Crossing,Base,196887928,1,0.711469,0.9611
Crossing,Base,196887929,1,0.590207,0.9611
Crossing,Base,196887930,1,0.073137,0.9611
Crossing,Base,196887931,0,0.954691,0.9611
Crossing,Base,196887932,1,0.443507,0.9611
Crossing,Base,196887933,1,0.829825,0.9611
Crossing,Base,196887934,1,0.486049,0.9611
Crossing,Base,196887935,1,0.379342,0.9611
Crossing,Base,196887936,1,0.180777,0.9611
Crossing,Base,196887937,1,0.761098,0.9611
Crossing,Base,196887938,1,0.220916,0.9611
Crossing,Base,196887939,0,1.306934,0.5690
Crossing,Base,196887940,1,0.545402,0.9611
Crossing,Base,196887941,1,0.205287,0.9611
Crossing,Base,196887942,0,1.701441,0.9611
Crossing,Base,196887943,1,0.273940,0.9611
Crossing,Base,196887944,1,0.321075,0.9611
Crossing,Base,196887945,0,1.651975,0.5744
Crossing,Base,196887946,1,0.103729,0.9611
Crossing,Base,196887947,1,0.281597,0.9611
Crossing,Base,196887948,0,0.866496,0.9611
Crossing,Base,196887949,1,0.193862,0.9611
Crossing,Base,196887950,1,0.520651,0.9611
Crossing,Base,196887951,0,2.230613,0.5416
Crossing,Base,196887952,1,0.330410,0.9611
Crossing,Base,196887953,0,1.522439,0.9611
Crossing,Base,196887954,1,0.496963,0.9611
Crossing,Base,196887955,1,0.804848,0.9611
Crossing,Base,196887956,1,0.243385,0.9611
Crossing,Base,196887957,1,0.671503,0.9611
Crossing,Base,196887958,1,0.482620,0.9611
Crossing,Base,196887959,1,0.505449,0.9501
Crossing,Base,196887960,1,0.623297,0.9611
Crossing,Base,196887961,1,0.396557,0.9611
Crossing,Base,196887962,1,0.758591,0.9611
Crossing,Base,196887963,1,0.456890,0.9611
Crossing,Base,196887964,1,0.102078,0.9611
Crossing,Base,196887965,1,0.195039,0.9611
Crossing,Base,196887966,1,0.573167,0.9611
Crossing,Base,196887967,1,0.689954,0.9611
Crossing,Base,196887968,1,0.320819,0.9611
Crossing,Base,196887969,1,0.469538,0.9611
Crossing,Base,196887970,1,0.192626,0.9611
Crossing,Base,196887971,0,2.141074,0.5416
Crossing,Base,196887972,1,0.492014,0.9611
Crossing,Base,196887973,0,0.881866,0.9611
Crossing,Base,196887974,1,0.294248,0.9611
Crossing,Base,196887975,1,0.234906,0.9611
Crossing,Base,196887976,1,0.799259,0.9611
Crossing,Base,196887977,0,0.880707,0.9611
Crossing,Base,196887978,1,0.313577,0.9611
Crossing,Base,196887979,1,0.485453,0.9611
Crossing,Base,196887980,0,1.848246,0.5416
Crossing,Base,196887981,1,0.810245,0.9611
Crossing,Base,196887982,0,2.927187,0.5361
Crossing,Base,196887983,1,0.604873,0.9611
Crossing,Base,196887984,1,0.736020,0.9611
Crossing,Base,196887985,1,0.745253,0.9611
Crossing,Base,196887986,1,0.459331,0.9611
Crossing,Base,196887987,1,0.480534,0.9611
Crossing,Base,196887988,1,0.368086,0.9611
Crossing,Base,196887989,1,0.300480,0.9611
Crossing,Base,196887990,1,0.274858,0.9611
Crossing,Base,196887991,1,0.229127,0.9611
Crossing,Base,196887992,1,0.776647,0.9611
Crossing,Base,196887993,1,0.583394,0.9611
Crossing,Base,196887994,1,0.469489,0.9611
Crossing,Base,196887995,1,0.328958,0.9611
Crossing,Base,196887996,1,0.569493,0.9611
Crossing,Base,196887997,1,0.702604,0.9611
Crossing,Base,196887998,1,0.516050,0.9611
Crossing,Base,196887999,1,0.338842,0.9611
Crossing,Base,196888000,1,0.430194,0.9611
Crossing,Base,196888001,0,0.898813,0.9611
Crossing,Base,196888002,1,0.482959,0.9611
Crossing,Base,196888003,1,0.578891,0.9611
Crossing,Base,196888004,1,0.651511,0.9611
Crossing,Base,196888005,1,0.747458,0.9611
Crossing,Base,196888006,1,0.461171,0.9611
Crossing,Base,196888007,1,0.801322,0.9611
Crossing,Base,196888008,0,1.030999,0.9611
Crossing,Base,196888009,1,0.475233,0.9611
Crossing,Base,196888010,0,1.207735,0.9611
Crossing,Base,196888011,1,0.489773,0.9611
Crossing,Base,196888012,1,0.364354,0.9611
Crossing,Base,196888013,1,0.311478,0.9611
Crossing,Base,196888014,0,1.418090,0.9611
Crossing,Base,196888015,1,0.330998,0.9611
Crossing,Base,196888016,1,0.449143,0.9611
Crossing,Base,196888017,1,0.320042,0.9611
Crossing,Base,196888018,1,0.188244,0.9611
Crossing,Base,196888019,0,0.861658,0.9611
Crossing,Base,196888020,1,0.537826,0.9611
Crossing,Base,196888021,0,2.658475,0.5526
Crossing,Base,196888022,1,0.837768,0.9611
Crossing,Base,196888023,1,0.480675,0.9611
Crossing,Base,196888024,1,0.519609,0.9611
Crossing,Base,196888025,1,0.584519,0.9611
Crossing,Base,196888026,1,0.408967,0.9611
Crossing,Base,196888027,1,0.823056,0.9611
Crossing,Base,196888028,1,0.374907,0.9611
Crossing,Base,196888029,1,0.096117,0.9611
Crossing,Base,196888030,0,2.258950,0.9611
Crossing,Base,196888031,1,0.844622,0.9611
Crossing,Base,196888032,1,0.304838,0.9611
Crossing,Base,196888033,1,0.751377,0.9611
Crossing,Base,196888034,0,1.957525,0.5581
Crossing,Base,196888035,1,0.244429,0.9611
Crossing,Base,196888036,1,0.637017,0.9611
Crossing,Base,196888037,1,0.273328,0.9611
Crossing,Base,196888038,0,1.749969,0.9611
Crossing,Base,196888039,0,1.596119,0.9611
Crossing,Base,196888040,1,0.203743,0.9611
Crossing,Base,196888041,1,0.455752,0.9611
Crossing,Base,196888042,1,0.255010,0.9611
Crossing,Base,196888043,1,0.427567,0.9611
Crossing,Base,196888044,0,1.679371,0.9501
Crossing,Base,196888045,0,1.738408,0.9556
Crossing,Base,196888046,1,0.784959,0.9611
Crossing,Base,196888047,1,0.269819,0.9611
Crossing,Base,196888048,1,0.749477,0.9611
Crossing,Base,196888049,1,0.665262,0.9611
Crossing,Base,196888050,1,0.742305,0.9611
Crossing,Base,196888051,1,0.576195,0.9611
Crossing,Base,196888052,1,0.815054,0.9611
Crossing,Base,196888053,1,0.246754,0.9611
Crossing,Base,196888054,1,0.400285,0.9611
Crossing,Base,196888055,1,0.552924,0.9611
Crossing,Base,196888056,1,0.714170,0.9611
Crossing,Base,196888057,1,0.300900,0.9611
Crossing,Base,196888058,0,0.949231,0.9611
Crossing,Base,196888059,1,0.131284,0.9611
Crossing,Base,196888060,1,0.801718,0.9611
Crossing,Base,196888061,0,1.642106,0.9611
Crossing,Base,196888062,0,1.813637,0.9611
Crossing,Base,196888063,0,1.376864,0.9611
Crossing,Base,196888064,1,0.468805,0.9611
Crossing,Base,196888065,1,0.741636,0.9611
Crossing,Base,196888066,1,0.264384,0.9611
Crossing,Base,196888067,1,0.421141,0.9611
Crossing,Base,196888068,1,0.180216,0.9611
Crossing,Base,196888069,0,1.953673,0.9611
Crossing,Base,196888070,1,0.293592,0.9611
Crossing,Base,196888071,1,0.228553,0.9611
Crossing,Base,196888072,1,0.313938,0.9611
Crossing,Base,196888073,1,0.444655,0.9611
Crossing,Base,196888074,1,0.556143,0.9611
Crossing,Base,196888075,0,1.471892,0.9611
Crossing,Base,196888076,1,0.223863,0.9611
Crossing,Base,196888077,1,0.329687,0.9611
Crossing,Base,196888078,0,1.740065,0.9556
Crossing,Base,196888079,0,0.878718,0.9611
Crossing,Base,196888080,1,0.645922,0.9611
Crossing,Base,196888081,0,1.730498,0.9611
Crossing,Base,196888082,1,0.336366,0.9611
Crossing,Base,196888083,0,1.446470,0.9611
Crossing,Base,196888084,1,0.581313,0.9611
Crossing,Base,196888085,1,0.623817,0.9611
Crossing,Base,196888086,1,0.213287,0.9611
Crossing,Base,196888087,1,0.172864,0.9611
Crossing,Base,196888088,1,0.327457,0.9611
Crossing,Base,196888089,0,1.146273,0.9611
Crossing,Base,196888090,1,0.773851,0.9611
Crossing,Base,196888091,0,1.817813,0.9611
Crossing,Base,196888092,1,0.817751,0.9611
Crossing,Base,196888093,1,0.567679,0.9611
Crossing,Base,196888094,0,0.989264,0.9611
Crossing,Base,196888095,0,0.978122,0.9611
Crossing,Base,196888096,1,0.426536,0.9611
Crossing,Base,196888097,1,0.103802,0.9611
Crossing,Base,196888098,1,0.180971,0.9611
Crossing,Base,196888099,1,0.784119,0.9611
Crossing,Base,196888100,1,0.619580,0.9611
Crossing,Base,196888101,1,0.133725,0.9611
Crossing,Base,196888102,1,0.310094,0.9611
Crossing,Base,196888103,0,0.961365,0.9611
Crossing,Base,196888104,1,0.358851,0.9611
Crossing,Base,196888105,1,0.329094,0.9611
Crossing,Base,196888106,1,0.754306,0.9611
Crossing,Base,196888107,1,0.724666,0.9611
Crossing,Base,196888108,1,0.648225,0.9611
Crossing,Base,196888109,1,0.621709,0.9611
Crossing,Base,196888110,0,0.876330,0.9611
Crossing,Base,196888111,0,2.392972,0.9611
Crossing,Base,196888112,1,0.669225,0.9556
Crossing,Base,196888113,1,0.579003,0.9611
Crossing,Base,196888114,1,0.536518,0.9611
Crossing,Base,196888115,1,0.701892,0.9611
Crossing,Base,196888116,1,0.230597,0.9611
Crossing,Base,196888117,0,2.244302,0.9556
Crossing,Base,196888118,1,0.195010,0.9611
Crossing,Base,196888119,1,0.252146,0.9611
Crossing,Base,196888120,1,0.209565,0.9611
Crossing,Base,196888121,1,0.433023,0.9611
Crossing,Base,196888122,1,0.220308,0.9611
Crossing,Base,196888123,1,0.576104,0.9611
Crossing,Base,196888124,1,0.440559,0.9611
Crossing,Base,196888125,1,0.373550,0.9611
Crossing,Base,196888126,1,0.273693,0.9611
Crossing,Base,196888127,1,0.616484,0.9611
Crossing,Base,196888128,1,0.529832,0.9611
Crossing,Base,196888129,0,2.029745,0.9501
Crossing,Base,196888130,0,0.944305,0.9611
Crossing,Base,196888131,1,0.555071,0.9611
Crossing,Base,196888132,1,0.566112,0.9611
Crossing,Base,196888133,0,0.958588,0.9611
Crossing,Base,196888134,0,0.866627,0.9611
Crossing,Base,196888135,0,1.101281,0.9611
Crossing,Base,196888136,1,0.697188,0.9611
Crossing,Base,196888137,1,0.577533,0.9611
Crossing,Base,196888138,1,0.515865,0.9611
Crossing,Base,196888139,1,0.627502,0.9611
Crossing,Base,196888140,1,0.337760,0.9611
Crossing,Base,196888141,1,0.385068,0.9611
Crossing,Base,196888142,1,0.512568,0.9611
Crossing,Base,196888143,1,0.279364,0.9611
Crossing,Base,196888144,1,0.524892,0.9611
Crossing,Base,196888145,1,0.400899,0.9611
Crossing,Base,196888146,1,0.746212,0.9611
Crossing,Base,196888147,1,0.400798,0.9611
Crossing,Base,196888148,1,0.320578,0.9611
Crossing,Base,196888149,1,0.671978,0.9611
Crossing,Base,196888150,1,0.594790,0.9611
Crossing,Base,196888151,1,0.420814,0.9611
Crossing,Base,196888152,0,0.952776,0.9611
Crossing,Base,196888153,1,0.370754,0.9611
Crossing,Base,196888154,1,0.492023,0.9611
Crossing,Base,196888155,1,0.353920,0.9611
Crossing,Base,196888156,0,1.301277,0.9611
Crossing,Base,196888157,1,0.158544,0.9611
Crossing,Base,196888158,1,0.322215,0.9611
Crossing,Base,196888159,1,0.609072,0.9611
Crossing,Base,196888160,1,0.777663,0.9611
Crossing,Base,196888161,1,0.431196,0.9611
Crossing,Base,196888162,1,0.814848,0.9611
Crossing,Base,196888163,1,0.474619,0.9611
Crossing,Base,196888164,1,0.826257,0.9611
Crossing,Base,196888165,0,2.685274,0.9556
Crossing,Base,196888166,1,0.849147,0.9611
Crossing,Base,196888167,1,0.791819,0.9611
Crossing,Base,196888168,1,0.060166,0.9611
Crossing,Base,196888169,1,0.598334,0.9611
Crossing,Base,196888170,0,1.008909,0.9611
Crossing,Base,196888171,0,1.509719,0.5744
Crossing,Base,196888172,1,0.421620,0.9611
Crossing,Base,196888173,1,0.556117,0.9611
Crossing,Base,196888174,1,0.442760,0.9611
Crossing,Base,196888175,0,2.025689,0.9556
Crossing,Base,196888176,1,0.227798,0.9611
Crossing,Base,196888177,1,0.474869,0.9611
Crossing,Base,196888178,1,0.564333,0.9611
Crossing,Base,196888179,1,0.458540,0.9611
Crossing,Base,196888180,1,0.460678,0.9611
Crossing,Base,196888181,1,0.744601,0.9611
Crossing,Base,196888182,1,0.427283,0.9611
Crossing,Base,196888183,1,0.439381,0.9611
Crossing,Base,196888184,1,0.566078,0.9611
Crossing,Base,196888185,0,0.889492,0.9611
Crossing,Base,196888186,1,0.217611,0.9611
Crossing,Base,196888187,1,0.762321,0.9611
Crossing,Base,196888188,1,0.787902,0.9611
Crossing,Base,196888189,1,0.266222,0.9611
Crossing,Base,196888190,1,0.399406,0.9501
Crossing,Base,196888191,1,0.617969,0.9611
Crossing,Base,196888192,1,0.516075,0.9611
Crossing,Base,196888193,1,0.132527,0.9611
Crossing,Base,196888194,1,0.262035,0.9611
Crossing,Base,196888195,1,0.378075,0.9611
Crossing,Base,196888196,1,0.448505,0.9611
Crossing,Base,196888197,1,0.284614,0.9611
Crossing,Base,196888198,0,1.101054,0.9501
Crossing,Base,196888199,0,1.149441,0.9611
Crossing,Base,196888200,1,0.390062,0.9611
Crossing,Base,196888201,1,0.643938,0.9611
Crossing,Base,196888202,1,0.335595,0.9611
Crossing,Base,196888203,0,0.879384,0.9611
Crossing,Base,196888204,0,0.861690,0.9611
Crossing,Base,196888205,1,0.452216,0.9611
Crossing,Base,196888206,1,0.204985,0.9556
Crossing,Base,196888207,1,0.301012,0.9611
Crossing,Base,196888208,1,0.194041,0.9611
Crossing,Base,196888209,0,1.608627,0.9611
Crossing,Base,196888210,1,0.499643,0.9611
Crossing,Base,196888211,1,0.773884,0.9611
Crossing,Base,196888212,1,0.476638,0.9611
Crossing,Base,196888213,0,1.724208,0.5416
Crossing,Base,196888214,1,0.483858,0.9611
Crossing,Base,196888215,1,0.444329,0.9611
Crossing,Base,196888216,1,0.701954,0.9611
Crossing,Base,196888217,0,1.888398,0.9611
Crossing,Base,196888218,1,0.299931,0.9611
Crossing,Base,196888219,1,0.442867,0.9611
Crossing,Base,196888220,1,0.218628,0.9611
Crossing,Base,196888221,1,0.363960,0.9611
Crossing,Base,196888222,1,0.413571,0.9611
Crossing,Base,196888223,1,0.331260,0.9611
Crossing,Base,196888224,0,2.440645,0.5361
Crossing,Base,196888225,1,0.100910,0.9611
Crossing,Base,196888226,1,0.425722,0.9611
Crossing,Base,196888227,1,0.679997,0.9611
Crossing,Base,196888228,1,0.290235,0.9611
Crossing,Base,196888229,0,1.382687,0.9611
Crossing,Base,196888230,0,0.850306,0.9611
Crossing,Base,196888231,1,0.385792,0.9611
Crossing,Base,196888232,0,0.875390,0.9611
Crossing,Base,196888233,1,0.740078,0.9611
Crossing,Base,196888234,1,0.263011,0.9611
Crossing,Base,196888235,1,0.620073,0.9611
Crossing,Base,196888236,1,0.675847,0.9611
Crossing,Base,196888237,1,0.189358,0.9611
Crossing,Base,196888238,1,0.495292,0.9611
Crossing,Base,196888239,0,0.858614,0.9611
Crossing,Base,196888240,0,0.941442,0.9611
Crossing,Base,196888241,0,1.881909,0.5416
Crossing,Base,196888242,1,0.312023,0.9611
Crossing,Base,196888243,0,1.121563,0.9611
Crossing,Base,196888244,1,0.426097,0.9611
Crossing,Base,196888245,1,0.690367,0.9611
Crossing,Base,196888246,0,3.020556,0.5471
Crossing,Base,196888247,1,0.846718,0.9611
Crossing,Base,196888248,1,0.808691,0.9611
Crossing,Base,196888249,1,0.449410,0.9611
Crossing,Base,196888250,0,1.688134,0.5416
Crossing,Base,196888251,1,0.567523,0.9611
Crossing,Base,196888252,1,0.102596,0.9611
Crossing,Base,196888253,1,0.841347,0.9611
Crossing,Base,196888254,0,0.854118,0.9611
Crossing,Base,196888255,1,0.551877,0.9611
Crossing,Base,196888256,0,1.805196,0.5636
Crossing,Base,196888257,1,0.489779,0.9611
Crossing,Base,196888258,1,0.803392,0.9611
Crossing,Base,196888259,1,0.526905,0.9611
Crossing,Base,196888260,0,1.347299,0.9666
Crossing,Base,196888261,1,0.593190,0.9611
Crossing,Base,196888262,1,0.359838,0.9611
Crossing,Base,196888263,0,1.114033,0.9611
Crossing,Base,196888264,1,0.430364,0.9611
Crossing,Base,196888265,1,0.583753,0.9611
Crossing,Base,196888266,1,0.424556,0.9611
Crossing,Base,196888267,1,0.378493,0.9611
Crossing,Base,196888268,1,0.768389,0.9611
Crossing,Base,196888269,1,0.277022,0.9611
Crossing,Base,196888270,1,0.488824,0.9611
Crossing,Base,196888271,1,0.238984,0.9611
Crossing,Base,196888272,0,2.485882,0.5581
Crossing,Base,196888273,1,0.237145,0.9611
Crossing,Base,196888274,0,2.079800,0.9611
Crossing,Base,196888275,1,0.314490,0.9611
Crossing,Base,196888276,1,0.686936,0.9611
Crossing,Base,196888277,1,0.431566,0.9611
Crossing,Base,196888278,1,0.667918,0.9611
Crossing,Base,196888279,1,0.242677,0.9611
Crossing,Base,196888280,1,0.538970,0.9611
Crossing,Base,196888281,1,0.199843,0.9611
Crossing,Base,196888282,1,0.495660,0.9611
Crossing,Base,196888283,1,0.227619,0.9611
Crossing,Base,196888284,1,0.565593,0.9556
Crossing,Base,196888285,1,0.306224,0.9611
Crossing,Base,196888286,1,0.238956,0.9611
Crossing,Base,196888287,1,0.108609,0.9611
Crossing,Base,196888288,0,1.982045,0.5416
Crossing,Base,196888289,0,2.081050,0.5744
Crossing,Base,196888290,1,0.761209,0.9611
Crossing,Base,196888291,1,0.273290,0.9611
Crossing,Base,196888292,0,2.047536,0.5416
Crossing,Base,196888293,1,0.112658,0.9611
Crossing,Base,196888294,1,0.583974,0.9611
Crossing,Base,196888295,1,0.028077,0.9611
Crossing,Base,196888296,1,0.131251,0.9611
Crossing,Base,196888297,1,0.678060,0.9611
Crossing,Base,196888298,1,0.160488,0.9611
Crossing,Base,196888299,1,0.136349,0.9611
Crossing,Base,196888300,1,0.205118,0.9611
Crossing,Base,196888301,1,0.329278,0.9611
Crossing,Base,196888302,1,0.357340,0.9556
Crossing,Base,196888303,1,0.458120,0.9611
Crossing,Base,196888304,0,2.067880,0.9501
Crossing,Base,196888305,1,0.057243,0.9611
Crossing,Base,196888306,1,0.333987,0.9501
Crossing,Base,196888307,1,0.575736,0.9611
Crossing,Base,196888308,1,0.489512,0.9611
Crossing,Base,196888309,0,1.762112,0.5361
Crossing,Base,196888310,1,0.489685,0.9611
Crossing,Base,196888311,1,0.054721,0.9611
Crossing,Base,196888312,1,0.598419,0.9611
Crossing,Base,196888313,1,0.290121,0.9611
Crossing,Base,196888314,0,2.613541,0.9666
Crossing,Base,196888315,1,0.444535,0.9611
Crossing,Base,196888316,1,0.472755,0.9611
Crossing,Base,196888317,1,0.539202,0.9611
Crossing,Base,196888318,1,0.479474,0.9611
Crossing,Base,196888319,1,0.577547,0.9611
Crossing,Base,196888320,1,0.549348,0.9611
Crossing,Base,196888321,1,0.313533,0.9611
Crossing,Base,196888322,1,0.116413,0.9611
Crossing,Base,196888323,0,1.591992,0.9611
Crossing,Base,196888324,0,1.477508,0.5581
Crossing,Base,196888325,1,0.735081,0.9611
Crossing,Base,196888326,1,0.278598,0.9611
Crossing,Base,196888327,1,0.592592,0.9611
Crossing,Base,196888328,0,1.033495,0.9611
Crossing,Base,196888329,1,0.355794,0.9611
Crossing,Base,196888330,1,0.089153,0.9611
Crossing,Base,196888331,0,1.564712,0.5471
Crossing,Base,196888332,0,1.615021,0.5690
Crossing,Base,196888333,1,0.105478,0.9611
Crossing,Base,196888334,1,0.196286,0.9611
Crossing,Base,196888335,1,0.703975,0.9611
Crossing,Base,196888336,1,0.382289,0.9611
Crossing,Base,196888337,1,0.397191,0.9611
Crossing,Base,196888338,0,1.982650,0.9611
Crossing,Base,196888339,1,0.305146,0.9611
Crossing,Base,196888340,1,0.453455,0.9611
Crossing,Base,196888341,1,0.172881,0.9611
Crossing,Base,196888342,1,0.275836,0.9611
Crossing,Base,196888343,1,0.568515,0.9611
Crossing,Base,196888344,1,0.154020,0.9611
Crossing,Base,196888345,0,1.795978,0.9611
Crossing,Base,196888346,0,0.908730,0.9611
Crossing,Base,196888347,1,0.396559,0.9611
Crossing,Base,196888348,1,0.238877,0.9611
Crossing,Base,196888349,0,1.864608,0.5744
Crossing,Base,196888350,1,0.102092,0.9611
Crossing,Base,196888351,1,0.304366,0.9611
Crossing,Base,196888352,1,0.635321,0.9611
Crossing,Base,196888353,0,2.748172,0.9611
Crossing,Base,196888354,1,0.149578,0.9611
Crossing,Base,196888355,1,0.439866,0.9611
Crossing,Base,196888356,1,0.578807,0.9611
Crossing,Base,196888357,1,0.166201,0.9611
Crossing,Base,196888358,1,0.441976,0.9611
Crossing,Base,196888359,1,0.559781,0.9611
Crossing,Base,196888360,1,0.498043,0.9611
Crossing,Base,196888361,1,0.219241,0.9611
Crossing,Base,196888362,1,0.629460,0.9611
Crossing,Base,196888363,1,0.226376,0.9611
Crossing,Base,196888364,1,0.432636,0.9611
Crossing,Base,196888365,1,0.146594,0.9611
Crossing,Base,196888366,0,0.886362,0.9611
Crossing,Base,196888367,1,0.210113,0.9611
Crossing,Base,196888368,1,0.188058,0.9611
Crossing,Base,196888369,1,0.382399,0.9556
Crossing,Base,196888370,0,0.877583,0.9611
Crossing,Base,196888371,0,2.363588,0.5744
Crossing,Base,196888372,1,0.222715,0.9611
Crossing,Base,196888373,0,0.928997,0.9611
Crossing,Base,196888374,1,0.468880,0.9611
Crossing,Base,196888375,0,2.291597,0.5690
Crossing,Base,196888376,0,3.177361,0.9501
Crossing,Base,196888377,1,0.595816,0.9611
Crossing,Base,196888378,1,0.602989,0.9611
Crossing,Base,196888379,0,1.495693,0.9611
Crossing,Base,196888380,1,0.176589,0.9611
Crossing,Base,196888381,1,0.684670,0.9611
Crossing,Base,196888382,1,0.478200,0.9611
Crossing,Base,196888383,0,1.993270,0.9611
Crossing,Base,196888384,1,0.440000,0.9611
Crossing,Base,196888385,1,0.192134,0.9611
Crossing,Base,196888386,1,0.462689,0.9611
Crossing,Base,196888387,0,2.199874,0.5526
Crossing,Base,196888388,0,1.318034,0.9666
Crossing,Base,196888389,1,0.301491,0.9611
Crossing,Base,196888390,1,0.654818,0.9611
Crossing,Base,196888391,1,0.558228,0.9611
Crossing,Base,196888392,1,0.464673,0.9611
Crossing,Base,196888393,1,0.406860,0.9611
Crossing,Base,196888394,1,0.465247,0.9611
Crossing,Base,196888395,1,0.409390,0.9611
Crossing,Base,196888396,1,0.478832,0.9611
Crossing,Base,196888397,0,1.042380,0.9611
Crossing,Base,196888398,0,0.955190,0.9611
Crossing,Base,196888399,1,0.236603,0.9611
Crossing,Base,196888400,1,0.232600,0.9611
Crossing,Base,196888401,1,0.634283,0.9611
Crossing,Base,196888402,1,0.473455,0.9611
Crossing,Base,196888403,0,0.976145,0.9611
Crossing,Base,196888404,1,0.509422,0.9611
Crossing,Base,196888405,1,0.146759,0.9611
Crossing,Base,196888406,1,0.652547,0.9611
Crossing,Base,196888407,0,2.695666,0.5471
Crossing,Base,196888408,1,0.263517,0.9611
Crossing,Base,196888409,1,0.784540,0.9611
Crossing,Base,196888410,0,0.896939,0.9611
Crossing,Base,196888411,1,0.438692,0.9611
Crossing,Base,196888412,1,0.224652,0.9611
Crossing,Base,196888413,0,1.507217,0.9611
Crossing,Base,196888414,0,1.147142,0.9611
Crossing,Base,196888415,1,0.165997,0.9611
Crossing,Base,196888416,1,0.051976,0.9611
Crossing,Base,196888417,1,0.491733,0.9611
Crossing,Base,196888418,1,0.560028,0.9611
Crossing,Base,196888419,1,0.408557,0.9611
Crossing,Base,196888420,0,0.925249,0.9611
Crossing,Base,196888421,1,0.659463,0.9611
Crossing,Base,196888422,0,1.063426,0.9611
Crossing,Base,196888423,1,0.481598,0.9611
Crossing,Base,196888424,1,0.234466,0.9611
Crossing,Base,196888425,1,0.583548,0.9611
Crossing,Base,196888426,1,0.494474,0.9611
Crossing,Base,196888427,1,0.507239,0.9611
Crossing,Base,196888428,1,0.138836,0.9611
Crossing,Base,196888429,1,0.659326,0.9611
Crossing,Base,196888430,1,0.426135,0.9611
Crossing,Base,196888431,1,0.678763,0.9611
Crossing,Base,196888432,1,0.454361,0.9611
Crossing,Base,196888433,1,0.675163,0.9611
Crossing,Base,196888434,0,1.532607,0.5471
Crossing,Base,196888435,1,0.485467,0.9611
Crossing,Base,196888436,1,0.453070,0.9611
Crossing,Base,196888437,0,1.523877,0.5690
Crossing,Base,196888438,1,0.223638,0.9611
Crossing,Base,196888439,1,0.444234,0.9611
Crossing,Base,196888440,1,0.402398,0.9611
Crossing,Base,196888441,0,1.668886,0.5471
Crossing,Base,196888442,1,0.764939,0.9611
Crossing,Base,196888443,1,0.173229,0.9611
Crossing,Base,196888444,1,0.042593,0.9611
Crossing,Base,196888445,1,0.636783,0.9611
Crossing,Base,196888446,1,0.699268,0.9611
Crossing,Base,196888447,1,0.370356,0.9611
Crossing,Base,196888448,1,0.698211,0.9611
Crossing,Base,196888449,0,1.066800,0.9611
Crossing,Base,196888450,1,0.138288,0.9611
Crossing,Base,196888451,1,0.670604,0.9611
Crossing,Base,196888452,1,0.673564,0.9611
Crossing,Base,196888453,1,0.526093,0.9611
Crossing,Base,196888454,1,0.616829,0.9611
Crossing,Base,196888455,1,0.413769,0.9611
Crossing,Base,196888456,1,0.327727,0.9611
Crossing,Base,196888457,1,0.156808,0.9611
Crossing,Base,196888458,0,2.134968,0.5471
Crossing,Base,196888459,1,0.428448,0.9611
Crossing,Base,196888460,1,0.623794,0.9611
Crossing,Base,196888461,1,0.446822,0.9611
Crossing,Base,196888462,0,2.073132,0.9611
Crossing,Base,196888463,1,0.391224,0.9611
Crossing,Base,196888464,1,0.321447,0.9611
Crossing,Base,196888465,1,0.648412,0.9611
Crossing,Base,196888466,1,0.219890,0.9611
Crossing,Base,196888467,0,2.300754,0.5471
Crossing,Base,196888468,1,0.752862,0.9611
Crossing,Base,196888469,1,0.344074,0.9611
Crossing,Base,196888470,1,0.550894,0.9611
Crossing,Base,196888471,1,0.550700,0.9611
Crossing,Base,196888472,1,0.337586,0.9611
Crossing,Base,196888473,1,0.491536,0.9611
Crossing,Base,196888474,1,0.460083,0.9611
Crossing,Base,196888475,1,0.440522,0.9611
Crossing,Base,196888476,0,2.194384,0.9666
Crossing,Base,196888477,1,0.359957,0.9611
Crossing,Base,196888478,1,0.631744,0.9611
Crossing,Base,196888479,1,0.665510,0.9611
Crossing,Base,196888480,1,0.752030,0.9611
Crossing,Base,196888481,0,1.904819,0.9611
Crossing,Base,196888482,1,0.229426,0.9611
Crossing,Base,196888483,1,0.503741,0.9611
Crossing,Base,196888484,0,0.936589,0.9611
Crossing,Base,196888485,1,0.279823,0.9611
Crossing,Base,196888486,1,0.833500,0.9611
Crossing,Base,196888487,1,0.534697,0.9611
Crossing,Base,196888488,1,0.475588,0.9611
Crossing,Base,196888489,0,0.858228,0.9611
Crossing,Base,196888490,1,0.299796,0.9611
Crossing,Base,196888491,1,0.478454,0.9611
Crossing,Base,196888492,1,0.394288,0.9611
Crossing,Base,196888493,1,0.390129,0.9611
Crossing,Base,196888494,1,0.367688,0.9611
Crossing,Base,196888495,1,0.766595,0.9611
Crossing,Base,196888496,1,0.692839,0.9611
Crossing,Base,196888497,1,0.563958,0.9611
Crossing,Base,196888498,0,1.565025,0.9611
Crossing,Base,196888499,1,0.365532,0.9611
Crossing,Base,196888500,1,0.343723,0.9611
Crossing,Base,196888501,1,0.543020,0.9611
Crossing,Base,196888502,1,0.474337,0.9611
Crossing,Base,196888503,1,0.470070,0.9611
Crossing,Base,196888504,0,2.052307,0.5361
Crossing,Base,196888505,0,1.660076,0.5471
Crossing,Base,196888506,1,0.376850,0.9611
Crossing,Base,196888507,0,0.877728,0.9611
Crossing,Base,196888508,1,0.523722,0.9611
Crossing,Base,196888509,1,0.849215,0.9611
Crossing,Base,196888510,1,0.597848,0.9611
Crossing,Base,196888511,1,0.431436,0.9611
Crossing,Base,196888512,1,0.167656,0.9611
Crossing,Base,196888513,1,0.432283,0.9611
Crossing,Base,196888514,1,0.574085,0.9611
Crossing,Base,196888515,1,0.615986,0.9611
Crossing,Base,196888516,1,0.557021,0.9611
Crossing,Base,196888517,1,0.697896,0.9611
Crossing,Base,196888518,1,0.354060,0.9611
Crossing,Base,196888519,1,0.250367,0.9611
Crossing,Base,196888520,1,0.439407,0.9611
Crossing,Base,196888521,0,1.751655,0.5361
Crossing,Base,196888522,1,0.794912,0.9611
Crossing,Base,196888523,0,1.025545,0.9611
Crossing,Base,196888524,0,2.247042,0.5416
Crossing,Base,196888525,1,0.153507,0.9611
Crossing,Base,196888526,1,0.215821,0.9611
Crossing,Base,196888527,0,1.746649,0.5416
Crossing,Base,196888528,1,0.724917,0.9611
Crossing,Base,196888529,1,0.529903,0.9611
Crossing,Base,196888530,1,0.329865,0.9611
Crossing,Base,196888531,0,0.984622,0.9611
Crossing,Base,196888532,0,1.008230,0.9611
Crossing,Base,196888533,1,0.503770,0.9611
Crossing,Base,196888534,1,0.564712,0.9611
Crossing,Base,196888535,1,0.752225,0.9611
Crossing,Base,196888536,1,0.685051,0.9611
Crossing,Base,196888537,1,0.115935,0.9611
Crossing,Base,196888538,1,0.250857,0.9611
Crossing,Base,196888539,1,0.149039,0.9611
Crossing,Base,196888540,1,0.741803,0.9611
Crossing,Base,196888541,1,0.327292,0.9611
Crossing,Base,196888542,0,0.938648,0.9611
Crossing,Base,196888543,0,1.694749,0.9611
Crossing,Base,196888544,1,0.158751,0.9611
Crossing,Base,196888545,0,1.374301,0.9611
Crossing,Base,196888546,1,0.434097,0.9611
Crossing,Base,196888547,1,0.680106,0.9611
Crossing,Base,196888548,1,0.275804,0.9611
Crossing,Base,196888549,1,0.133435,0.9611
Crossing,Base,196888550,1,0.465687,0.9611
Crossing,Base,196888551,1,0.652205,0.9611
Crossing,Base,196888552,0,2.296514,0.5361
Crossing,Base,196888553,0,0.858928,0.9611
Crossing,Base,196888554,1,0.096692,0.9611
Crossing,Base,196888555,0,1.438410,0.9611
Crossing,Base,196888556,1,0.233906,0.9611
Crossing,Base,196888557,0,2.317404,0.5361
Crossing,Base,196888558,0,1.069384,0.5361
Crossing,Base,196888559,1,0.221685,0.9611
Crossing,Base,196888560,1,0.241257,0.9611
Crossing,Base,196888561,1,0.799295,0.9611
Crossing,Base,196888562,1,0.490792,0.9611
Crossing,Base,196888563,1,0.502717,0.9611
Crossing,Base,196888564,0,0.850751,0.9611
Crossing,Base,196888565,1,0.566465,0.9611
Crossing,Base,196888566,1,0.455605,0.9611
Crossing,Base,196888567,0,1.639167,0.9611
Crossing,Base,196888568,1,0.581454,0.9611
Crossing,Base,196888569,1,0.785455,0.9611
Crossing,Base,196888570,1,0.511649,0.9611
Crossing,Base,196888571,1,0.637050,0.9556
Crossing,Base,196888572,1,0.136810,0.9611
Crossing,Base,196888573,0,1.114586,0.9611
Crossing,Base,196888574,0,0.908132,0.9611
Crossing,Base,196888575,0,2.442276,0.5581
Crossing,Base,196888576,1,0.716356,0.9611
Crossing,Base,196888577,1,0.167734,0.9611
Crossing,Base,196888578,0,1.337722,0.9611
Crossing,Base,196888579,0,0.897578,0.9611
Crossing,Base,196888580,1,0.281030,0.9611
Crossing,Base,196888581,0,2.430538,0.5581
Crossing,Base,196888582,0,1.271823,0.9611
Crossing,Base,196888583,1,0.339710,0.9611
Crossing,Base,196888584,1,0.318626,0.9611
Crossing,Base,196888585,1,0.610655,0.9611
Crossing,Base,196888586,1,0.794877,0.9611
Crossing,Base,196888587,1,0.476394,0.9611
Crossing,Base,196888588,1,0.109982,0.9611
Crossing,Base,196888589,1,0.255344,0.9611
Crossing,Base,196888590,1,0.568904,0.9611
Crossing,Base,196888591,1,0.820718,0.9611
Crossing,Base,196888592,1,0.641498,0.9611
Crossing,Base,196888593,0,2.535699,0.5416
Crossing,Base,196888594,1,0.386028,0.9611
Crossing,Base,196888595,1,0.454061,0.9611
Crossing,Base,196888596,1,0.490492,0.9611
Crossing,Base,196888597,1,0.796800,0.9611
Crossing,Base,196888598,0,2.220438,0.9611
Crossing,Base,196888599,1,0.379360,0.9611
Crossing,Base,196888600,1,0.368383,0.9611
Crossing,Base,196888601,1,0.383338,0.9611
Crossing,Base,196888602,0,2.506105,0.9501
Crossing,Base,196888603,1,0.489447,0.9611
Crossing,Base,196888604,0,0.904953,0.9611
Crossing,Base,196888605,0,0.905019,0.9611
Crossing,Base,196888606,1,0.543542,0.9611
Crossing,Base,196888607,0,1.769212,0.9666
Crossing,Base,196888608,1,0.394764,0.9611
Crossing,Base,196888609,1,0.479350,0.9611
Crossing,Base,196888610,1,0.446501,0.9611
Crossing,Base,196888611,1,0.329114,0.9611
Crossing,Base,196888612,1,0.619164,0.9611
Crossing,Base,196888613,1,0.501238,0.9611
Crossing,Base,196888614,1,0.545547,0.9611
Crossing,Base,196888615,1,0.195637,0.9611
Crossing,Base,196888616,1,0.056378,0.9611
Crossing,Base,196888617,1,0.258098,0.9611
Crossing,Base,196888618,0,1.694823,0.5744
Crossing,Base,196888619,1,0.366599,0.9611
Crossing,Base,196888620,1,0.558142,0.9611
Crossing,Base,196888621,1,0.303741,0.9611
Crossing,Base,196888622,1,0.340696,0.9611
Crossing,Base,196888623,0,2.040495,0.5361
Crossing,Base,196888624,1,0.704123,0.9611
Crossing,Base,196888625,0,1.854725,0.9611
Crossing,Base,196888626,0,1.253312,0.9611
Crossing,Base,196888627,1,0.651163,0.9611
Crossing,Base,196888628,1,0.764597,0.9611
Crossing,Base,196888629,0,0.861573,0.9611
Crossing,Base,196888630,1,0.340119,0.9611
Crossing,Base,196888631,0,1.202785,0.9611
Crossing,Base,196888632,0,2.291146,0.5526
Crossing,Base,196888633,0,0.907130,0.9611
Crossing,Base,196888634,1,0.431688,0.9611
Crossing,Base,196888635,1,0.620997,0.9611
Crossing,Base,196888636,1,0.675359,0.9611
Crossing,Base,196888637,1,0.653995,0.9611
Crossing,Base,196888638,1,0.254426,0.9611
Crossing,Base,196888639,0,1.576148,0.5690
Crossing,Base,196888640,0,2.137797,0.5690
Crossing,Base,196888641,1,0.089872,0.9611
Crossing,Base,196888642,1,0.314607,0.9611
Crossing,Base,196888643,1,0.795704,0.9611
Crossing,Base,196888644,1,0.617816,0.9611
Crossing,Base,196888645,0,1.291235,0.9611
Crossing,Base,196888646,0,1.572219,0.5526
Crossing,Base,196888647,1,0.378782,0.9611
Crossing,Base,196888648,1,0.244748,0.9611
Crossing,Base,196888649,1,0.535204,0.9611
Crossing,Base,196888650,1,0.697399,0.9611
Crossing,Base,196888651,1,0.440007,0.9611
Crossing,Base,196888652,0,1.525328,0.9611
Crossing,Base,196888653,1,0.767606,0.9611
Crossing,Base,196888654,1,0.616039,0.9611
Crossing,Base,196888655,1,0.467887,0.9611
Crossing,Base,196888656,1,0.298106,0.9611
Crossing,Base,196888657,0,2.494647,0.9611
Crossing,Base,196888658,1,0.350949,0.9611
Crossing,Base,196888659,1,0.512364,0.9611
Crossing,Base,196888660,1,0.754458,0.9611
Crossing,Base,196888661,1,0.743449,0.9611
Crossing,Base,196888662,1,0.592476,0.9611
Crossing,Base,196888663,0,0.947857,0.9611
Crossing,Base,196888664,1,0.307544,0.9611
Crossing,Base,196888665,0,0.961309,0.9611
Crossing,Base,196888666,1,0.626479,0.9611
Crossing,Base,196888667,1,0.235445,0.9611
Crossing,Base,196888668,1,0.335433,0.9611
Crossing,Base,196888669,1,0.182968,0.9611
Crossing,Base,196888670,1,0.445471,0.9611
Crossing,Base,196888671,1,0.552561,0.9611
Crossing,Base,196888672,1,0.131584,0.9611
Crossing,Base,196888673,0,2.331570,0.5744
Crossing,Base,196888674,1,0.397821,0.9611
Crossing,Base,196888675,1,0.425199,0.9611
Crossing,Base,196888676,1,0.568231,0.9611
Crossing,Base,196888677,0,1.067451,0.9611
Crossing,Base,196888678,1,0.207936,0.9611
Crossing,Base,196888679,1,0.788020,0.9611
Crossing,Base,196888680,1,0.652098,0.9611
Crossing,Base,196888681,0,1.085578,0.9611
Crossing,Base,196888682,1,0.014354,0.9611
Crossing,Base,196888683,1,0.460195,0.9611
Crossing,Base,196888684,1,0.794804,0.9611
Crossing,Base,196888685,1,0.477040,0.9611
Crossing,Base,196888686,0,2.049683,0.5581
Crossing,Base,196888687,0,2.811056,0.5526
Crossing,Base,196888688,1,0.622328,0.9611
Crossing,Base,196888689,1,0.226530,0.9611
Crossing,Base,196888690,1,0.210019,0.9611
Crossing,Base,196888691,1,0.258284,0.9611
Crossing,Base,196888692,1,0.418503,0.9611
Crossing,Base,196888693,1,0.400289,0.9611
Crossing,Base,196888694,0,0.866397,0.9611
Crossing,Base,196888695,0,1.580302,0.5361
Crossing,Base,196888696,1,0.287808,0.9611
Crossing,Base,196888697,1,0.664962,0.9611
Crossing,Base,196888698,1,0.116215,0.9611
Crossing,Base,196888699,1,0.425816,0.9611
Crossing,Base,196888700,1,0.757075,0.9611
Crossing,Base,196888701,1,0.769788,0.9611
Crossing,Base,196888702,1,0.508032,0.9611
Crossing,Base,196888703,1,0.227356,0.9611
Crossing,Base,196888704,1,0.281607,0.9611
Crossing,Base,196888705,1,0.244242,0.9611
Crossing,Base,196888706,0,1.170879,0.9611
Crossing,Base,196888707,1,0.636071,0.9611
Crossing,Base,196888708,0,1.059186,0.9611
Crossing,Base,196888709,1,0.574634,0.9611
Crossing,Base,196888710,1,0.179019,0.9611
Crossing,Base,196888711,1,0.219441,0.9611
Crossing,Base,196888712,1,0.525520,0.9611
Crossing,Base,196888713,1,0.582443,0.9611
Crossing,Base,196888714,1,0.508979,0.9611
Crossing,Base,196888715,1,0.810515,0.9611
Crossing,Base,196888716,1,0.390520,0.9611
Crossing,Base,196888717,1,0.814448,0.9611
Crossing,Base,196888718,1,0.246296,0.9611
Crossing,Base,196888719,1,0.573872,0.9611
Crossing,Base,196888720,1,0.292634,0.9611
Crossing,Base,196888721,1,0.292329,0.9611
Crossing,Base,196888722,1,0.784689,0.9611
Crossing,Base,196888723,1,0.517787,0.9611
Crossing,Base,196888724,1,0.143671,0.9611
Crossing,Base,196888725,1,0.326476,0.9611
Crossing,Base,196888726,1,0.395056,0.9611
Crossing,Base,196888727,1,0.623681,0.9611
Crossing,Base,196888728,1,0.483763,0.9611
Crossing,Base,196888729,0,0.918751,0.9611
Crossing,Base,196888730,1,0.767203,0.9611
Crossing,Base,196888731,1,0.274830,0.9611
Crossing,Base,196888732,1,0.417812,0.9611
Crossing,Base,196888733,1,0.579116,0.9611
Crossing,Base,196888734,1,0.036210,0.9611
Crossing,Base,196888735,1,0.387035,0.9611
Crossing,Base,196888736,1,0.700719,0.9611
Crossing,Base,196888737,1,0.375873,0.9611
Crossing,Base,196888738,1,0.599778,0.9611
Crossing,Base,196888739,1,0.350176,0.9611
Crossing,Base,196888740,1,0.447808,0.9611
Crossing,Base,196888741,1,0.478833,0.9611
Crossing,Base,196888742,1,0.135500,0.9611
Crossing,Base,196888743,1,0.733330,0.9611
Crossing,Base,196888744,1,0.126648,0.9611
Crossing,Base,196888745,0,1.773102,0.9611
Crossing,Base,196888746,0,0.862322,0.9611
Crossing,Base,196888747,0,1.833510,0.5361
Crossing,Base,196888748,1,0.235932,0.9611
Crossing,Base,196888749,1,0.812976,0.9611
Crossing,Base,196888750,1,0.370626,0.9611
Crossing,Base,196888751,1,0.395758,0.9611
Crossing,Base,196888752,1,0.352717,0.9611
Crossing,Base,196888753,1,0.274798,0.9611
Crossing,Base,196888754,0,0.860002,0.9611
Crossing,Base,196888755,0,0.915138,0.9611
Crossing,Base,196888756,1,0.832311,0.9611
Crossing,Base,196888757,0,1.798403,0.9611
Crossing,Base,196888758,0,0.917312,0.9611
Crossing,Base,196888759,1,0.598409,0.9611
Crossing,Base,196888760,0,1.494861,0.9611
Crossing,Base,196888761,1,0.243119,0.9611
Crossing,Base,196888762,1,0.082876,0.9611
Crossing,Base,196888763,1,0.094783,0.9611
Crossing,Base,196888764,1,0.817439,0.9611
Crossing,Base,196888765,1,0.558926,0.9611
Crossing,Base,196888766,1,0.227112,0.9611
Crossing,Base,196888767,1,0.461214,0.9611
Crossing,Base,196888768,1,0.224979,0.9611
Crossing,Base,196888769,1,0.162989,0.9611
Crossing,Base,196888770,1,0.441468,0.9611
Crossing,Base,196888771,0,2.249934,0.9611
Crossing,Base,196888772,1,0.121534,0.9611
Crossing,Base,196888773,1,0.399587,0.9611
Crossing,Base,196888774,1,0.814984,0.9611
Crossing,Base,196888775,1,0.466406,0.9611
Crossing,Base,196888776,1,0.847683,0.9611
Crossing,Base,196888777,1,0.464803,0.9611
Crossing,Base,196888778,1,0.455709,0.9611
Crossing,Base,196888779,0,2.476239,0.5581
Crossing,Base,196888780,1,0.457592,0.9611
Crossing,Base,196888781,1,0.482651,0.9501
Crossing,Base,196888782,1,0.500849,0.9611
Crossing,Base,196888783,1,0.598886,0.9611
Crossing,Base,196888784,1,0.139951,0.9611
Crossing,Base,196888785,0,2.414082,0.5526
Crossing,Base,196888786,0,1.085846,0.9611
Crossing,Base,196888787,1,0.172017,0.9611
Crossing,Base,196888788,1,0.406448,0.9611
Crossing,Base,196888789,0,0.923730,0.9611
Crossing,Base,196888790,1,0.442805,0.9611
Crossing,Base,196888791,0,1.120346,0.9611
Crossing,Base,196888792,1,0.503834,0.9611
Crossing,Base,196888793,1,0.477781,0.9611
Crossing,Base,196888794,1,0.597741,0.9611
Crossing,Base,196888795,0,0.919368,0.9611
Crossing,Base,196888796,0,0.958097,0.9611
Crossing,Base,196888797,1,0.374059,0.9611
Crossing,Base,196888798,0,2.059771,0.9556
Crossing,Base,196888799,0,1.064360,0.9611
Crossing,Base,196888800,0,1.058896,0.9611
Crossing,Base,196888801,1,0.162087,0.9611
Crossing,Base,196888802,1,0.492416,0.9611
Crossing,Base,196888803,1,0.636306,0.9611
Crossing,Base,196888804,1,0.421184,0.9611
Crossing,Base,196888805,1,0.218564,0.9611
Crossing,Base,196888806,1,0.199137,0.9611
Crossing,Base,196888807,1,0.397807,0.9611
Crossing,Base,196888808,0,1.410074,0.5581
Crossing,Base,196888809,1,0.528541,0.9611
Crossing,Base,196888810,1,0.180296,0.9611
Crossing,Base,196888811,1,0.693332,0.9611
Crossing,Base,196888812,1,0.515655,0.9611
Crossing,Base,196888813,1,0.698219,0.9611
Crossing,Base,196888814,1,0.051498,0.9611
Crossing,Base,196888815,0,1.203386,0.9611
Crossing,Base,196888816,1,0.207329,0.9611
Crossing,Base,196888817,1,0.153178,0.9611
Crossing,Base,196888818,0,2.106116,0.5361
Crossing,Base,196888819,0,0.943947,0.9611
Crossing,Base,196888820,1,0.673211,0.9611
Crossing,Base,196888821,1,0.237691,0.9611
Crossing,Base,196888822,1,0.231360,0.9611
Crossing,Base,196888823,0,1.148189,0.9611
Crossing,Base,196888824,0,2.023131,0.9501
Crossing,Base,196888825,1,0.087638,0.9611
Crossing,Base,196888826,1,0.611420,0.9611
Crossing,Base,196888827,1,0.318464,0.9501
Crossing,Base,196888828,1,0.055515,0.9611
Crossing,Base,196888829,0,0.888630,0.9611
Crossing,Base,196888830,1,0.304273,0.9611
Crossing,Base,196888831,0,1.574802,0.5526
Crossing,Base,196888832,1,0.363058,0.9611
Crossing,Base,196888833,1,0.434919,0.9611
Crossing,Base,196888834,1,0.364226,0.9611
Crossing,Base,196888835,1,0.603520,0.9611
Crossing,Base,196888836,1,0.820306,0.9611
Crossing,Base,196888837,0,1.447928,0.5744
Crossing,Base,196888838,1,0.679478,0.9611
Crossing,Base,196888839,0,1.635653,0.9611
Crossing,Base,196888840,1,0.723861,0.9611
Crossing,Base,196888841,1,0.441267,0.9611
Crossing,Base,196888842,1,0.706218,0.9556
Crossing,Base,196888843,1,0.322620,0.9611
Crossing,Base,196888844,1,0.748235,0.9611
Crossing,Base,196888845,1,0.232980,0.9611
Crossing,Base,196888846,1,0.322432,0.9611
Crossing,Base,196888847,0,1.012872,0.9611
Crossing,Base,196888848,1,0.495977,0.9611
Crossing,Base,196888849,1,0.573175,0.9611
Crossing,Base,196888850,1,0.098379,0.9611
Crossing,Base,196888851,1,0.580383,0.9611
Crossing,Base,196888852,1,0.065062,0.9611
Crossing,Base,196888853,1,0.618570,0.9611
Crossing,Base,196888854,1,0.480460,0.9611
Crossing,Base,196888855,0,1.597242,0.5416
Crossing,Base,196888856,1,0.617598,0.9611
Crossing,Base,196888857,1,0.690832,0.9611
Crossing,Base,196888858,1,0.371596,0.9611
Crossing,Base,196888859,1,0.801102,0.9611
Crossing,Base,196888860,1,0.415162,0.9611
Crossing,Base,196888861,1,0.493704,0.9611
Crossing,Base,196888862,1,0.233289,0.9611
Crossing,Base,196888863,1,0.388813,0.9611
Crossing,Base,196888864,0,1.260774,0.5581
Crossing,Base,196888865,0,0.859211,0.9611
Crossing,Base,196888866,1,0.245241,0.9611
Crossing,Base,196888867,1,0.793959,0.9611
Crossing,Base,196888868,0,2.126043,0.5471
Crossing,Base,196888869,0,2.309281,0.9611
Crossing,Base,196888870,0,2.176513,0.5361
Crossing,Base,196888871,1,0.336148,0.9611
Crossing,Base,196888872,1,0.384308,0.9611
Crossing,Base,196888873,1,0.549990,0.9611
Crossing,Base,196888874,1,0.561888,0.9611
Crossing,Base,196888875,1,0.458630,0.9611
Crossing,Base,196888876,1,0.363779,0.9611
Crossing,Base,196888877,1,0.751736,0.9611
Crossing,Base,196888878,1,0.240389,0.9611
Crossing,Base,196888879,1,0.689939,0.9611
Crossing,Base,196888880,1,0.301298,0.9611
Crossing,Base,196888881,1,0.425399,0.9611
Crossing,Base,196888882,0,1.894825,0.5361
Crossing,Base,196888883,1,0.311438,0.9611
Crossing,Base,196888884,1,0.566625,0.9611
Crossing,Base,196888885,1,0.671728,0.9611
Crossing,Base,196888886,1,0.585427,0.9611
Crossing,Base,196888887,1,0.789830,0.9611
Crossing,Base,196888888,1,0.137735,0.9611
Crossing,Base,196888889,1,0.212746,0.9611
Crossing,Base,196888890,1,0.640110,0.9611
Crossing,Base,196888891,1,0.513616,0.9611
Crossing,Base,196888892,0,2.872657,0.9611
Crossing,Base,196888893,1,0.694168,0.9611
Crossing,Base,196888894,1,0.422877,0.9611
Crossing,Base,196888895,1,0.677936,0.9611
Crossing,Base,196888896,1,0.426338,0.9611
Crossing,Base,196888897,1,0.462792,0.9611
Crossing,Base,196888898,1,0.408855,0.9611
Crossing,Base,196888899,1,0.235897,0.9611
Crossing,Base,196888900,1,0.547630,0.9611
Crossing,Base,196888901,1,0.405482,0.9611
Crossing,Base,196888902,1,0.239763,0.9611
Crossing,Base,196888903,0,1.816245,0.5361
Crossing,Base,196888904,0,1.223215,0.9611
Crossing,Base,196888905,1,0.727846,0.9611
Crossing,Base,196888906,1,0.770780,0.9611
Crossing,Base,196888907,1,0.249014,0.9611
Crossing,Base,196888908,1,0.371372,0.9611
Crossing,Base,196888909,0,2.039261,0.9611
Crossing,Base,196888910,1,0.205365,0.9611
Crossing,Base,196888911,1,0.234203,0.9611
Crossing,Base,196888912,1,0.597515,0.9611
Crossing,Base,196888913,1,0.828948,0.9611
Crossing,Base,196888914,0,1.009788,0.9611
Crossing,Base,196888915,1,0.683095,0.9611
Crossing,Base,196888916,1,0.453582,0.9611
Crossing,Base,196888917,1,0.258111,0.9611
Crossing,Base,196888918,1,0.060232,0.9611
Crossing,Base,196888919,1,0.100398,0.9611
Crossing,Base,196888920,1,0.848240,0.9611
Crossing,Base,196888921,1,0.391323,0.9611
Crossing,Base,196888922,1,0.649716,0.9611
Crossing,Base,196888923,1,0.231082,0.9611
Crossing,Base,196888924,1,0.191916,0.9611
Crossing,Base,196888925,0,1.880176,0.5361
Crossing,Base,196888926,1,0.588516,0.9611
Crossing,Base,196888927,1,0.574169,0.9611
Crossing,Base,196888928,1,0.617904,0.9611
Crossing,Base,196888929,1,0.439623,0.9611
Crossing,Base,196888930,0,0.876319,0.9611
Crossing,Base,196888931,0,1.854009,0.5581
Crossing,Base,196888932,1,0.668748,0.9611
Crossing,Base,196888933,0,0.889849,0.9611
Crossing,Base,196888934,1,0.324164,0.9611
Crossing,Base,196888935,1,0.415418,0.9611
Crossing,Base,196888936,1,0.428318,0.9611
Crossing,Base,196888937,1,0.341051,0.9611
Crossing,Base,196888938,0,1.445990,0.9611
Crossing,Base,196888939,1,0.267107,0.9611
Crossing,Base,196888940,1,0.318576,0.9611
Crossing,Base,196888941,0,1.111616,0.9501
Crossing,Base,196888942,1,0.389750,0.9611
Crossing,Base,196888943,1,0.825227,0.9611
Crossing,Base,196888944,0,0.998171,0.9611
Crossing,Base,196888945,1,0.386666,0.9611
Crossing,Base,196888946,0,1.101057,0.9611
Crossing,Base,196888947,1,0.608541,0.9611
Crossing,Base,196888948,0,0.857845,0.9611
Crossing,Base,196888949,1,0.699051,0.9611
Crossing,Base,196888950,0,0.875011,0.9611
Crossing,Base,196888951,1,0.506575,0.9611
Crossing,Base,196888952,1,0.229646,0.9611
Crossing,Base,196888953,1,0.393176,0.9611
Crossing,Base,196888954,1,0.175517,0.9611
Crossing,Base,196888955,1,0.306758,0.9611
Crossing,Base,196888956,1,0.431210,0.9556
Crossing,Base,196888957,1,0.180470,0.9611
Crossing,Base,196888958,1,0.763836,0.9611
Crossing,Base,196888959,1,0.385980,0.9611
Crossing,Base,196888960,0,1.247735,0.5581
Crossing,Base,196888961,0,2.068379,0.5361
Crossing,Base,196888962,1,0.253287,0.9611
Crossing,Base,196888963,1,0.352993,0.9611
Crossing,Base,196888964,1,0.297029,0.9611
Crossing,Base,196888965,0,1.133120,0.9611
Crossing,Base,196888966,1,0.579709,0.9611
Crossing,Base,196888967,1,0.641799,0.9611
Crossing,Base,196888968,1,0.384842,0.9611
Crossing,Base,196888969,1,0.801554,0.9611
Crossing,Base,196888970,1,0.192882,0.9611
Crossing,Base,196888971,0,0.885203,0.9611
Crossing,Base,196888972,1,0.730312,0.9611
Crossing,Base,196888973,0,1.621864,0.9611
Crossing,Base,196888974,1,0.360309,0.9611
Crossing,Base,196888975,0,0.855154,0.9611
Crossing,Base,196888976,1,0.625763,0.9611
Crossing,Base,196888977,1,0.315329,0.9611
Crossing,Base,196888978,1,0.702276,0.9611
Crossing,Base,196888979,1,0.311423,0.9611
Crossing,Base,196888980,1,0.108878,0.9611
Crossing,Base,196888981,1,0.727462,0.9611
Crossing,Base,196888982,1,0.299413,0.9611
Crossing,Base,196888983,1,0.136671,0.9611
Crossing,Base,196888984,0,2.160927,0.9501
Crossing,Base,196888985,1,0.495235,0.9611
Crossing,Base,196888986,1,0.478365,0.9611
Crossing,Base,196888987,0,1.970647,0.5361
Crossing,Base,196888988,1,0.684662,0.9611
Crossing,Base,196888989,1,0.469282,0.9611
Crossing,Base,196888990,1,0.662540,0.9611
Crossing,Base,196888991,1,0.629176,0.9611
Crossing,Base,196888992,1,0.326587,0.9611
Crossing,Base,196888993,1,0.430855,0.9611
Crossing,Base,196888994,1,0.566198,0.9611
Crossing,Base,196888995,1,0.224414,0.9611
Crossing,Base,196888996,1,0.371724,0.9556
Crossing,Base,196888997,0,1.913139,0.9556
Crossing,Base,196888998,1,0.177987,0.9611
Crossing,Base,196888999,1,0.136438,0.9611
Crossing,Base,196889000,1,0.359992,0.9611
Crossing,Base,196889001,1,0.425490,0.9611
Crossing,Base,196889002,0,0.852644,0.9611
Crossing,Base,196889003,1,0.295368,0.9611
Crossing,Base,196889004,0,1.206852,0.5744
Crossing,Base,196889005,1,0.278083,0.9611
Crossing,Base,196889006,1,0.072887,0.9611
Crossing,Base,196889007,1,0.735512,0.9611
Crossing,Base,196889008,1,0.248876,0.9611
Crossing,Base,196889009,1,0.429904,0.9611
Crossing,Base,196889010,0,1.657302,0.5361
Crossing,Base,196889011,1,0.553505,0.9611
Crossing,Base,196889012,1,0.780941,0.9611
Crossing,Base,196889013,1,0.103131,0.9611
Crossing,Base,196889014,1,0.394150,0.9611
Crossing,Base,196889015,1,0.361228,0.9611
Crossing,Base,196889016,0,1.136537,0.9611
Crossing,Base,196889017,1,0.539845,0.9611
Crossing,Base,196889018,1,0.449067,0.9611
Crossing,Base,196889019,0,1.864475,0.9501
Crossing,Base,196889020,1,0.409586,0.9611
Crossing,Base,196889021,1,0.057294,0.9611
Crossing,Base,196889022,0,1.099554,0.9611
Crossing,Base,196889023,1,0.622215,0.9611
Crossing,Base,196889024,1,0.136523,0.9611
Crossing,Base,196889025,1,0.576852,0.9611
Crossing,Base,196889026,0,1.168527,0.9556
Crossing,Base,196889027,1,0.192848,0.9611
Crossing,Base,196889028,0,2.753294,0.9611
Crossing,Base,196889029,0,2.714435,0.9556
Crossing,Base,196889030,0,1.059953,0.9611
Crossing,Base,196889031,0,2.447992,0.9501
Crossing,Base,196889032,0,1.531646,0.9611
Crossing,Base,196889033,0,2.342924,0.5526
Crossing,Base,196889034,1,0.411620,0.9611
Crossing,Base,196889035,1,0.316683,0.9611
Crossing,Base,196889036,1,0.658867,0.9611
Crossing,Base,196889037,1,0.423272,0.9611
Crossing,Base,196889038,1,0.411925,0.9611
Crossing,Base,196889039,1,0.378657,0.9611
Crossing,Base,196889040,1,0.430944,0.9611
Crossing,Base,196889041,1,0.235889,0.9611
Crossing,Base,196889042,1,0.627355,0.9611
Crossing,Base,196889043,1,0.090409,0.9611
Crossing,Base,196889044,1,0.283352,0.9611
Crossing,Base,196889045,1,0.221099,0.9611
Crossing,Base,196889046,1,0.379889,0.9611
Crossing,Base,196889047,1,0.226508,0.9611
Crossing,Base,196889048,1,0.348611,0.9611
Crossing,Base,196889049,1,0.824353,0.9611
Crossing,Base,196889050,1,0.608666,0.9611
Crossing,Base,196889051,1,0.108698,0.9611
Crossing,Base,196889052,0,2.550325,0.5361
Crossing,Base,196889053,1,0.390769,0.9611
Crossing,Base,196889054,1,0.687411,0.9611
Crossing,Base,196889055,0,0.855577,0.9611
Crossing,Base,196889056,1,0.401980,0.9611
Crossing,Base,196889057,1,0.702931,0.9611
Crossing,Base,196889058,1,0.596099,0.9611
Crossing,Base,196889059,1,0.444238,0.9611
Crossing,Base,196889060,1,0.766049,0.9611
Crossing,Base,196889061,0,2.057921,0.5581
Crossing,Base,196889062,1,0.494169,0.9611
Crossing,Base,196889063,1,0.523743,0.9611
Crossing,Base,196889064,1,0.228165,0.9611
Crossing,Base,196889065,1,0.070559,0.9611
Crossing,Base,196889066,1,0.528499,0.9611
Crossing,Base,196889067,1,0.278306,0.9611
Crossing,Base,196889068,1,0.611999,0.9611
Crossing,Base,196889069,0,1.718050,0.9611
Crossing,Base,196889070,0,0.964708,0.9611
Crossing,Base,196889071,0,2.148046,0.9611
Crossing,Base,196889072,1,0.654113,0.9611
Crossing,Base,196889073,1,0.239147,0.9611
Crossing,Base,196889074,1,0.336804,0.9611
Crossing,Base,196889075,0,0.873069,0.9611
Crossing,Base,196889076,1,0.240574,0.9611
Crossing,Base,196889077,1,0.610115,0.9611
Crossing,Base,196889078,1,0.671879,0.9611
Crossing,Base,196889079,1,0.122943,0.9611
Crossing,Base,196889080,0,1.171762,0.9611
Crossing,Base,196889081,1,0.789778,0.9611
Crossing,Base,196889082,0,1.780848,0.5526
Crossing,Base,196889083,0,1.969741,0.5416
Crossing,Base,196889084,0,1.292343,0.9611
Crossing,Base,196889085,1,0.499830,0.9611
Crossing,Base,196889086,1,0.433261,0.9611
Crossing,Base,196889087,1,0.361761,0.9611
Crossing,Base,196889088,0,0.942540,0.9611
Crossing,Base,196889089,1,0.726832,0.9611
Crossing,Base,196889090,0,0.988289,0.9611
Crossing,Base,196889091,1,0.720723,0.9611
Crossing,Base,196889092,1,0.351457,0.9611
Crossing,Base,196889093,1,0.319428,0.9611
Crossing,Base,196889094,0,2.543488,0.5690
Crossing,Base,196889095,0,1.102088,0.9611
Crossing,Base,196889096,1,0.641297,0.9611
Crossing,Base,196889097,0,0.929740,0.9611
Crossing,Base,196889098,1,0.470299,0.9611
Crossing,Base,196889099,0,1.527349,0.5744
Crossing,Base,196889100,1,0.368180,0.9611
Crossing,Base,196889101,1,0.484251,0.9611
Crossing,Base,196889102,1,0.514653,0.9611
Crossing,Base,196889103,1,0.466873,0.9611
Crossing,Base,196889104,1,0.458094,0.9611
Crossing,Base,196889105,1,0.382643,0.9611
Crossing,Base,196889106,1,0.288686,0.9611
Crossing,Base,196889107,1,0.442634,0.9611
Crossing,Base,196889108,1,0.260402,0.9611
Crossing,Base,196889109,1,0.768789,0.9611
Crossing,Base,196889110,1,0.400830,0.9611
Crossing,Base,196889111,1,0.781022,0.9611
Crossing,Base,196889112,1,0.660939,0.9611
Crossing,Base,196889113,1,0.714973,0.9611
Crossing,Base,196889114,1,0.370758,0.9611
Crossing,Base,196889115,1,0.636661,0.9611
Crossing,Base,196889116,1,0.142793,0.9611
Crossing,Base,196889117,1,0.074646,0.9611
Crossing,Base,196889118,1,0.071903,0.9611
Crossing,Base,196889119,1,0.363355,0.9556
Crossing,Base,196889120,1,0.213919,0.9611
Crossing,Base,196889121,1,0.607994,0.9611
Crossing,Base,196889122,1,0.399807,0.9611
Crossing,Base,196889123,1,0.294108,0.9611
Crossing,Base,196889124,1,0.495803,0.9611
Crossing,Base,196889125,1,0.377476,0.9611
Crossing,Base,196889126,1,0.839045,0.9611
Crossing,Base,196889127,1,0.653760,0.9611
Crossing,Base,196889128,0,1.127993,0.9611
Crossing,Base,196889129,1,0.222980,0.9611
Crossing,Base,196889130,0,2.331808,0.5471
Crossing,Base,196889131,1,0.072594,0.9611
Crossing,Base,196889132,1,0.595696,0.9611
Crossing,Base,196889133,0,0.867407,0.9611
Crossing,Base,196889134,1,0.435768,0.9611
Crossing,Base,196889135,0,1.571248,0.9501
Crossing,Base,196889136,1,0.531707,0.9611
Crossing,Base,196889137,1,0.408101,0.9611
Crossing,Base,196889138,1,0.490966,0.9611
Crossing,Base,196889139,0,2.137381,0.5416
Crossing,Base,196889140,1,0.123393,0.9611
Crossing,Base,196889141,0,1.669855,0.9501
Crossing,Base,196889142,0,1.878052,0.5361
Crossing,Base,196889143,1,0.773412,0.9611
Crossing,Base,196889144,1,0.153156,0.9611
Crossing,Base,196889145,1,0.489121,0.9611
Crossing,Base,196889146,1,0.219602,0.9611
Crossing,Base,196889147,1,0.418500,0.9611
Crossing,Base,196889148,1,0.634066,0.9611
Crossing,Base,196889149,0,2.611663,0.5361
Crossing,Base,196889150,1,0.241439,0.9611
Crossing,Base,196889151,1,0.467561,0.9611
Crossing,Base,196889152,1,0.424695,0.9611
Crossing,Base,196889153,1,0.591367,0.9611
Crossing,Base,196889154,1,0.224443,0.9611
Crossing,Base,196889155,1,0.263212,0.9611
Crossing,Base,196889156,0,1.848751,0.9501
Crossing,Base,196889157,0,1.162700,0.9611
Crossing,Base,196889158,1,0.156039,0.9611
Crossing,Base,196889159,1,0.527789,0.9611
Crossing,Base,196889160,0,0.923289,0.9611
Crossing,Base,196889161,1,0.376457,0.9611
Crossing,Base,196889162,1,0.281326,0.9611
Crossing,Base,196889163,1,0.298938,0.9611
Crossing,Base,196889164,0,1.894827,0.9666
Crossing,Base,196889165,1,0.811906,0.9611
Crossing,Base,196889166,1,0.439902,0.9611
Crossing,Base,196889167,1,0.250316,0.9611
Crossing,Base,196889168,1,0.423472,0.9611
Crossing,Base,196889169,1,0.791813,0.9611
Crossing,Base,196889170,1,0.750462,0.9611
Crossing,Base,196889171,1,0.211729,0.9611
Crossing,Base,196889172,1,0.142621,0.9556
Crossing,Base,196889173,1,0.502187,0.9611
Crossing,Base,196889174,1,0.451216,0.9611
Crossing,Base,196889175,1,0.707979,0.9611
Crossing,Base,196889176,1,0.467462,0.9611
Crossing,Base,196889177,1,0.196231,0.9611
Crossing,Base,196889178,1,0.796113,0.9611
Crossing,Base,196889179,1,0.725995,0.9611
Crossing,Base,196889180,0,0.919290,0.9611
Crossing,Base,196889181,0,1.181647,0.9611
Crossing,Base,196889182,1,0.088569,0.9611
Crossing,Base,196889183,1,0.389264,0.9611
Crossing,Base,196889184,1,0.729739,0.9611
Crossing,Base,196889185,0,1.453535,0.9611
Crossing,Base,196889186,1,0.588840,0.9611
Crossing,Base,196889187,1,0.440335,0.9611
Crossing,Base,196889188,1,0.215883,0.9611
Crossing,Base,196889189,1,0.418764,0.9611
Crossing,Base,196889190,1,0.534642,0.9611
Crossing,Base,196889191,1,0.518113,0.9611
Crossing,Base,196889192,0,2.191665,0.5690
Crossing,Base,196889193,1,0.585534,0.9611
Crossing,Base,196889194,1,0.703325,0.9611
Crossing,Base,196889195,1,0.467603,0.9611
Crossing,Base,196889196,1,0.356265,0.9611
Crossing,Base,196889197,1,0.574975,0.9611
Crossing,Base,196889198,1,0.574122,0.9611
Crossing,Base,196889199,0,0.986893,0.9611
Crossing,Base,196889200,1,0.129983,0.9611
Crossing,Base,196889201,1,0.308737,0.9611
Crossing,Base,196889202,1,0.638792,0.9611
Crossing,Base,196889203,0,2.523415,0.5526
Crossing,Base,196889204,1,0.553077,0.9611
Crossing,Base,196889205,1,0.492792,0.9611
Crossing,Base,196889206,0,1.697117,0.9611
Crossing,Base,196889207,1,0.590175,0.9611
Crossing,Base,196889208,1,0.347909,0.9611
Crossing,Base,196889209,1,0.258314,0.9611
Crossing,Base,196889210,1,0.472373,0.9611
Crossing,Base,196889211,0,0.880510,0.9611
Crossing,Base,196889212,0,1.591524,0.9611
Crossing,Base,196889213,0,1.581887,0.5416
Crossing,Base,196889214,0,0.940009,0.9611
Crossing,Base,196889215,1,0.308678,0.9611
Crossing,Base,196889216,0,1.296993,0.9611
Crossing,Base,196889217,1,0.291701,0.9611
Crossing,Base,196889218,0,0.937487,0.9611
Crossing,Base,196889219,0,0.850662,0.9611
Crossing,Base,196889220,1,0.446577,0.9611
Crossing,Base,196889221,0,1.163947,0.9611
Crossing,Base,196889222,0,1.715530,0.9666
Crossing,Base,196889223,1,0.491600,0.9611
Crossing,Base,196889224,1,0.221189,0.9611
Crossing,Base,196889225,1,0.488072,0.9611
Crossing,Base,196889226,1,0.445431,0.9611
Crossing,Base,196889227,1,0.592879,0.9611
Crossing,Base,196889228,1,0.493826,0.9611
Crossing,Base,196889229,1,0.769474,0.9611
Crossing,Base,196889230,1,0.432867,0.9611
Crossing,Base,196889231,0,0.928957,0.5690
Crossing,Base,196889232,1,0.735953,0.9611
Crossing,Base,196889233,0,1.333468,0.9611
Crossing,Base,196889234,1,0.602042,0.9611
Crossing,Base,196889235,1,0.423723,0.9611
Crossing,Base,196889236,1,0.375043,0.9611
Crossing,Base,196889237,1,0.417394,0.9611
Crossing,Base,196889238,1,0.272326,0.9611
Crossing,Base,196889239,0,1.388418,0.9611
Crossing,Base,196889240,1,0.385041,0.9611
Crossing,Base,196889241,0,2.165047,0.5471
Crossing,Base,196889242,1,0.493374,0.9611
Crossing,Base,196889243,1,0.340236,0.9611
Crossing,Base,196889244,1,0.147619,0.9611
Crossing,Base,196889245,1,0.526173,0.9611
Crossing,Base,196889246,0,0.870691,0.9611
Crossing,Base,196889247,1,0.688310,0.9611
Crossing,Base,196889248,1,0.405149,0.9611
Crossing,Base,196889249,1,0.794479,0.9611
Crossing,Base,196889250,1,0.143209,0.9611
Crossing,Base,196889251,0,2.060226,0.9556
Crossing,Base,196889252,0,1.470220,0.9611
Crossing,Base,196889253,1,0.432213,0.9611
Crossing,Base,196889254,1,0.641971,0.9611
Crossing,Base,196889255,1,0.805175,0.9611
Crossing,Base,196889256,0,0.939268,0.9611
Crossing,Base,196889257,1,0.504030,0.9611
Crossing,Base,196889258,1,0.339018,0.9611
Crossing,Base,196889259,1,0.187554,0.9611
Crossing,Base,196889260,1,0.442518,0.9611
Crossing,Base,196889261,1,0.459516,0.9611
Crossing,Base,196889262,0,2.026368,0.5636
Crossing,Base,196889263,1,0.787574,0.9611
Crossing,Base,196889264,0,1.713181,0.5361
Crossing,Base,196889265,0,2.303871,0.5361
Crossing,Base,196889266,0,2.326352,0.9556
Crossing,Base,196889267,1,0.395198,0.9611
Crossing,Base,196889268,1,0.274832,0.9611
Crossing,Base,196889269,1,0.485263,0.9611
Crossing,Base,196889270,1,0.331862,0.9611
Crossing,Base,196889271,1,0.833157,0.9611
Crossing,Base,196889272,1,0.577433,0.9611
Crossing,Base,196889273,0,1.769094,0.5416
Crossing,Base,196889274,1,0.329626,0.9611
Crossing,Base,196889275,1,0.305337,0.9611
Crossing,Base,196889276,1,0.376282,0.9611
Crossing,Base,196889277,1,0.517711,0.9611
Crossing,Base,196889278,1,0.400667,0.9611
Crossing,Base,196889279,0,1.009195,0.9611
Crossing,Base,196889280,1,0.420563,0.9611
Crossing,Base,196889281,1,0.446629,0.9611
Crossing,Base,196889282,0,2.057555,0.9501
Crossing,Base,196889283,1,0.314077,0.9611
Crossing,Base,196889284,1,0.141363,0.9611
Crossing,Base,196889285,1,0.781429,0.9611
Crossing,Base,196889286,1,0.497839,0.9611
Crossing,Base,196889287,1,0.646173,0.9611
Crossing,Base,196889288,1,0.356433,0.9611
Crossing,Base,196889289,1,0.246574,0.9611
Crossing,Base,196889290,1,0.291494,0.9611
Crossing,Base,196889291,0,2.484379,0.5471
Crossing,Base,196889292,1,0.319293,0.9611
Crossing,Base,196889293,1,0.107413,0.9611
Crossing,Base,196889294,0,0.891209,0.9611
Crossing,Base,196889295,1,0.555474,0.9611
Crossing,Base,196889296,1,0.290926,0.9611
Crossing,Base,196889297,0,0.920823,0.9611
Crossing,Base,196889298,1,0.267095,0.9611
Crossing,Base,196889299,1,0.573913,0.9611
Crossing,Base,196889300,1,0.405648,0.9611
Crossing,Base,196889301,1,0.187436,0.9611
Crossing,Base,196889302,1,0.454535,0.9611
Crossing,Base,196889303,1,0.229843,0.9611
Crossing,Base,196889304,0,0.868996,0.9611
Crossing,Base,196889305,1,0.147353,0.9611
Crossing,Base,196889306,1,0.582006,0.9611
Crossing,Base,196889307,1,0.152254,0.9611
Crossing,Base,196889308,1,0.533589,0.9611
Crossing,Base,196889309,1,0.572388,0.9611
Crossing,Base,196889310,0,2.099121,0.5416
Crossing,Base,196889311,1,0.216546,0.9611
Crossing,Base,196889312,1,0.304726,0.9611
Crossing,Base,196889313,1,0.414681,0.9611
Crossing,Base,196889314,0,2.224918,0.5361
Crossing,Base,196889315,1,0.489010,0.9611
Crossing,Base,196889316,1,0.510768,0.9611
Crossing,Base,196889317,1,0.393624,0.9611
Crossing,Base,196889318,1,0.710162,0.9611
Crossing,Base,196889319,1,0.455397,0.9611
Crossing,Base,196889320,0,2.164821,0.9556
Crossing,Base,196889321,1,0.479840,0.9611
Crossing,Base,196889322,0,0.931739,0.9611
Crossing,Base,196889323,1,0.112546,0.9611
Crossing,Base,196889324,0,1.182528,0.9611
Crossing,Base,196889325,0,1.045370,0.9611
Crossing,Base,196889326,0,0.916019,0.9611
Crossing,Base,196889327,1,0.630909,0.9611
Crossing,Base,196889328,0,1.545264,0.5416
Crossing,Base,196889329,1,0.449181,0.9611
Crossing,Base,196889330,0,0.974937,0.9611
Crossing,Base,196889331,1,0.672368,0.9611
Crossing,Base,196889332,1,0.414980,0.9611
Crossing,Base,196889333,1,0.350818,0.9611
Crossing,Base,196889334,0,1.533042,0.5361
Crossing,Base,196889335,1,0.772293,0.9611
Crossing,Base,196889336,1,0.416854,0.9611
Crossing,Base,196889337,1,0.779312,0.9611
Crossing,Base,196889338,0,2.395555,0.9556
Crossing,Base,196889339,1,0.450260,0.9611
Crossing,Base,196889340,0,0.880862,0.9611
Crossing,Base,196889341,1,0.506089,0.9611
Crossing,Base,196889342,1,0.327483,0.9611
Crossing,Base,196889343,1,0.200695,0.9611
Crossing,Base,196889344,1,0.676849,0.9611
Crossing,Base,196889345,1,0.341010,0.9611
Crossing,Base,196889346,1,0.479608,0.9611
Crossing,Base,196889347,0,1.631218,0.5361
Crossing,Base,196889348,1,0.278926,0.9611
Crossing,Base,196889349,0,1.978176,0.5361
Crossing,Base,196889350,1,0.496658,0.9611
Crossing,Base,196889351,1,0.538883,0.9611
Crossing,Base,196889352,1,0.429719,0.9611
Crossing,Base,196889353,1,0.293738,0.9611
Crossing,Base,196889354,1,0.485531,0.9611
Crossing,Base,196889355,0,2.694479,0.9556
Crossing,Base,196889356,1,0.139873,0.9611
Crossing,Base,196889357,1,0.542622,0.9611
Crossing,Base,196889358,1,0.500594,0.9611
Crossing,Base,196889359,0,0.869063,0.9611
Crossing,Base,196889360,0,1.623471,0.5581
Crossing,Base,196889361,0,1.632183,0.9666
Crossing,Base,196889362,1,0.709348,0.9611
Crossing,Base,196889363,1,0.820574,0.9611
Crossing,Base,196889364,1,0.630795,0.9611
Crossing,Base,196889365,0,1.283888,0.9611
Crossing,Base,196889366,0,1.108282,0.9611
Crossing,Base,196889367,0,1.768042,0.5361
Crossing,Base,196889368,0,1.032365,0.9611
Crossing,Base,196889369,0,3.034887,0.5471
Crossing,Base,196889370,1,0.512317,0.9611
Crossing,Base,196889371,1,0.248568,0.9611
Crossing,Base,196889372,1,0.635076,0.9611
Crossing,Base,196889373,1,0.110166,0.9611
Crossing,Base,196889374,1,0.490701,0.9611
Crossing,Base,196889375,0,1.066478,0.9611
Crossing,Base,196889376,0,0.964752,0.9611
Crossing,Base,196889377,1,0.390395,0.9611
Crossing,Base,196889378,1,0.737167,0.9611
Crossing,Base,196889379,1,0.334892,0.9611
Crossing,Base,196889380,1,0.534240,0.9611
Crossing,Base,196889381,1,0.377288,0.9611
Crossing,Base,196889382,1,0.140194,0.9611
Crossing,Base,196889383,1,0.574540,0.9611
Crossing,Base,196889384,1,0.099352,0.9611
Crossing,Base,196889385,0,0.891169,0.9611
Crossing,Base,196889386,0,1.647005,0.9611
Crossing,Base,196889387,1,0.227619,0.9611
Crossing,Base,196889388,1,0.575887,0.9611
Crossing,Base,196889389,1,0.302177,0.9611
Crossing,Base,196889390,0,1.886173,0.5361
Crossing,Base,196889391,0,0.977213,0.9611
Crossing,Base,196889392,1,0.725274,0.9611
Crossing,Base,196889393,0,0.856743,0.9611
Crossing,Base,196889394,0,2.465290,0.9666
Crossing,Base,196889395,1,0.299450,0.9611
Crossing,Base,196889396,0,0.906256,0.9611
Crossing,Base,196889397,1,0.598824,0.9611
Crossing,Base,196889398,1,0.687270,0.9611
Crossing,Base,196889399,1,0.431015,0.9611
Crossing,Base,196889400,0,1.749401,0.5361
Crossing,Base,196889401,1,0.147380,0.9611
Crossing,Base,196889402,1,0.276476,0.9611
Crossing,Base,196889403,1,0.471047,0.9611
Crossing,Base,196889404,1,0.569394,0.9611
Crossing,Base,196889405,1,0.785937,0.9611
Crossing,Base,196889406,1,0.373035,0.9611
Crossing,Base,196889407,1,0.520708,0.9611
Crossing,Base,196889408,0,1.000138,0.9611
Crossing,Base,196889409,1,0.227534,0.9611
Crossing,Base,196889410,1,0.433068,0.9611
Crossing,Base,196889411,1,0.569334,0.9611
Crossing,Base,196889412,0,2.648281,0.5361
Crossing,Base,196889413,1,0.262367,0.9611
Crossing,Base,196889414,1,0.569571,0.9611
Crossing,Base,196889415,0,2.351888,0.5416
Crossing,Base,196889416,1,0.076871,0.9611
Crossing,Base,196889417,1,0.169839,0.9611
Crossing,Base,196889418,1,0.784267,0.9611
Crossing,Base,196889419,1,0.530433,0.9611
Crossing,Base,196889420,1,0.249419,0.9611
Crossing,Base,196889421,1,0.672731,0.9611
Crossing,Base,196889422,1,0.579454,0.9611
Crossing,Base,196889423,1,0.017152,0.9611
Crossing,Base,196889424,0,1.021284,0.9611
Crossing,Base,196889425,1,0.506079,0.9611
Crossing,Base,196889426,1,0.480810,0.9611
Crossing,Base,196889427,1,0.456064,0.9611
Crossing,Base,196889428,0,0.984029,0.9611
Crossing,Base,196889429,0,1.436212,0.5416
Crossing,Base,196889430,1,0.359956,0.9611
Crossing,Base,196889431,1,0.574866,0.9611
Crossing,Base,196889432,1,0.760028,0.9611
Crossing,Base,196889433,1,0.502220,0.9611
Crossing,Base,196889434,1,0.479470,0.9611
Crossing,Base,196889435,1,0.640030,0.9611
Crossing,Base,196889436,0,2.432840,0.5471
Crossing,Base,196889437,1,0.380226,0.9611
Crossing,Base,196889438,1,0.171102,0.9611
Crossing,Base,196889439,0,2.115878,0.9611
Crossing,Base,196889440,1,0.223143,0.9611
Crossing,Base,196889441,0,1.227323,0.9611
Crossing,Base,196889442,0,0.991955,0.9611
Crossing,Base,196889443,1,0.393701,0.9611
Crossing,Base,196889444,1,0.473382,0.9611
Crossing,Base,196889445,1,0.328175,0.9611
Crossing,Base,196889446,1,0.650500,0.9611
Crossing,Base,196889447,1,0.677887,0.9611
Crossing,Base,196889448,0,0.887693,0.9611
Crossing,Base,196889449,1,0.517142,0.9556
Crossing,Base,196889450,1,0.351198,0.9611
Crossing,Base,196889451,1,0.644820,0.9611
Crossing,Base,196889452,1,0.792481,0.9611
Crossing,Base,196889453,0,2.626680,0.9611
Crossing,Base,196889454,1,0.254216,0.9611
Crossing,Base,196889455,1,0.094436,0.9611
Crossing,Base,196889456,1,0.454756,0.9611
Crossing,Base,196889457,1,0.251797,0.9611
Crossing,Base,196889458,1,0.638115,0.9611
Crossing,Base,196889459,1,0.049625,0.9611
Crossing,Base,196889460,1,0.605223,0.9611
Crossing,Base,196889461,1,0.711413,0.9611
Crossing,Base,196889462,0,2.417419,0.5581
Crossing,Base,196889463,1,0.460362,0.9611
Crossing,Base,196889464,0,1.838786,0.5416
Crossing,Base,196889465,1,0.596934,0.9611
Crossing,Base,196889466,1,0.530328,0.9611
Crossing,Base,196889467,1,0.275990,0.9611
Crossing,Base,196889468,1,0.731630,0.9611
Crossing,Base,196889469,1,0.434498,0.9611
Crossing,Base,196889470,1,0.595035,0.9611
Crossing,Base,196889471,1,0.752474,0.9611
Crossing,Base,196889472,1,0.614024,0.9611
Crossing,Base,196889473,1,0.421971,0.9611
Crossing,Base,196889474,0,1.027186,0.9611
Crossing,Base,196889475,1,0.432373,0.9611
Crossing,Base,196889476,0,1.114403,0.5636
Crossing,Base,196889477,1,0.234555,0.9611
Crossing,Base,196889478,1,0.680964,0.9611
Crossing,Base,196889479,1,0.648936,0.9611
Crossing,Base,196889480,1,0.270367,0.9611
Crossing,Base,196889481,0,1.618462,0.5416
Crossing,Base,196889482,1,0.546541,0.9501
Crossing,Base,196889483,0,2.409613,0.9556
Crossing,Base,196889484,0,1.790749,0.5361
Crossing,Base,196889485,0,2.176162,0.5361
Crossing,Base,196889486,1,0.823219,0.9611
Crossing,Base,196889487,0,1.065589,0.9611
Crossing,Base,196889488,1,0.309504,0.9611
Crossing,Base,196889489,0,2.576339,0.5690
Crossing,Base,196889490,1,0.222710,0.9611
Crossing,Base,196889491,1,0.494385,0.9611
Crossing,Base,196889492,1,0.364379,0.9611
Crossing,Base,196889493,1,0.490108,0.9611
Crossing,Base,196889494,1,0.817840,0.9611
Crossing,Base,196889495,0,0.891955,0.9611
Crossing,Base,196889496,0,2.163553,0.9501
Crossing,Base,196889497,1,0.263410,0.9611
Crossing,Base,196889498,1,0.101760,0.9611
Crossing,Base,196889499,0,1.512485,0.5526
Crossing,Base,196889500,1,0.348249,0.9611
Crossing,Base,196889501,1,0.634892,0.9611
Crossing,Base,196889502,1,0.275342,0.9611
Crossing,Base,196889503,1,0.404192,0.9611
Crossing,Base,196889504,0,1.023966,0.9611
Crossing,Base,196889505,1,0.383385,0.9611
Crossing,Base,196889506,0,0.887700,0.9611
Crossing,Base,196889507,1,0.398739,0.9556
Crossing,Base,196889508,1,0.431365,0.9611
Crossing,Base,196889509,1,0.584328,0.9611
Crossing,Base,196889510,1,0.615611,0.9611
Crossing,Base,196889511,1,0.546668,0.9611
Crossing,Base,196889512,1,0.586919,0.9611
Crossing,Base,196889513,1,0.335795,0.9611
Crossing,Base,196889514,1,0.688535,0.9611
Crossing,Base,196889515,1,0.558038,0.9611
Crossing,Base,196889516,1,0.671823,0.9611
Crossing,Base,196889517,1,0.540077,0.9611
Crossing,Base,196889518,1,0.427120,0.9611
Crossing,Base,196889519,1,0.498459,0.9611
Crossing,Base,196889520,1,0.765865,0.9611
Crossing,Base,196889521,0,0.894660,0.9611
Crossing,Base,196889522,1,0.602063,0.9611
Crossing,Base,196889523,0,1.995253,0.5361
Crossing,Base,196889524,0,1.259253,0.9501
Crossing,Base,196889525,0,1.106327,0.9611
Crossing,Base,196889526,1,0.703994,0.9611
Crossing,Base,196889527,1,0.272222,0.9611
Crossing,Base,196889528,1,0.554339,0.9611
Crossing,Base,196889529,0,0.875357,0.9611
Crossing,Base,196889530,0,1.945958,0.5690
Crossing,Base,196889531,1,0.128553,0.9611
Crossing,Base,196889532,1,0.398028,0.9611
Crossing,Base,196889533,1,0.511960,0.9611
Crossing,Base,196889534,1,0.716031,0.9611
Crossing,Base,196889535,1,0.719166,0.9611
Crossing,Base,196889536,1,0.268984,0.9611
Crossing,Base,196889537,1,0.263529,0.9611
Crossing,Base,196889538,1,0.233382,0.9611
Crossing,Base,196889539,1,0.357270,0.9611
Crossing,Base,196889540,1,0.712584,0.9611
Crossing,Base,196889541,1,0.645229,0.9611
Crossing,Base,196889542,0,0.890831,0.9611
Crossing,Base,196889543,1,0.195444,0.9611
Crossing,Base,196889544,1,0.778121,0.9611
Crossing,Base,196889545,1,0.664800,0.9611
Crossing,Base,196889546,1,0.114862,0.9611
Crossing,Base,196889547,1,0.651550,0.9611
Crossing,Base,196889548,1,0.566918,0.9611
Crossing,Base,196889549,1,0.468706,0.9611
Crossing,Base,196889550,1,0.699532,0.9611
Crossing,Base,196889551,1,0.018601,0.9611
Crossing,Base,196889552,1,0.530878,0.9611
Crossing,Base,196889553,1,0.434180,0.9611
Crossing,Base,196889554,1,0.352476,0.9611
Crossing,Base,196889555,1,0.246440,0.9611
Crossing,Base,196889556,1,0.396632,0.9611
Crossing,Base,196889557,1,0.788940,0.9611
Crossing,Base,196889558,1,0.791427,0.9611
Crossing,Base,196889559,0,1.648548,0.5416
Crossing,Base,196889560,0,0.915091,0.9611
Crossing,Base,196889561,1,0.525018,0.9611
Crossing,Base,196889562,1,0.352927,0.9611
Crossing,Base,196889563,0,2.486016,0.9611
Crossing,Base,196889564,0,2.555738,0.5690
Crossing,Base,196889565,1,0.528292,0.9611
Crossing,Base,196889566,1,0.406008,0.9611
Crossing,Base,196889567,1,0.268954,0.9611
Crossing,Base,196889568,0,0.867217,0.9611
Crossing,Base,196889569,0,0.890860,0.9611
Crossing,Base,196889570,1,0.542117,0.9611
Crossing,Base,196889571,1,0.154056,0.9611
Crossing,Base,196889572,1,0.146191,0.9611
Crossing,Base,196889573,1,0.398277,0.9611
Crossing,Base,196889574,1,0.829892,0.9611
Crossing,Base,196889575,1,0.006881,0.9611
Crossing,Base,196889576,0,1.097775,0.9611
Crossing,Base,196889577,1,0.684596,0.9611
Crossing,Base,196889578,1,0.122486,0.9611
Crossing,Base,196889579,1,0.639458,0.9611
Crossing,Base,196889580,1,0.541188,0.9611
Crossing,Base,196889581,1,0.627720,0.9611
Crossing,Base,196889582,1,0.482452,0.9611
Crossing,Base,196889583,0,2.833957,0.9611
Crossing,Base,196889584,0,0.882789,0.9611
Crossing,Base,196889585,0,1.307937,0.9611
Crossing,Base,196889586,1,0.368480,0.9611
Crossing,Base,196889587,0,1.441265,0.9611
Crossing,Base,196889588,1,0.353927,0.9611
Crossing,Base,196889589,0,1.812990,0.5361
Crossing,Base,196889590,1,0.323423,0.9611
Crossing,WDRO-inject-K1,196987591,1,0.676757,0.9556
Crossing,WDRO-inject-K1,196987592,0,1.098008,0.9611
Crossing,WDRO-inject-K1,196987593,1,0.459708,0.9501
Crossing,WDRO-inject-K1,196987594,1,0.359882,0.9556
Crossing,WDRO-inject-K1,196987595,0,1.153774,0.9556
Crossing,WDRO-inject-K1,196987596,0,0.954308,0.9611
Crossing,WDRO-inject-K1,196987597,0,1.144029,0.9611
Crossing,WDRO-inject-K1,196987598,1,0.578133,0.9501
Crossing,WDRO-inject-K1,196987599,0,1.106695,0.9556
Crossing,WDRO-inject-K1,196987600,1,0.269215,0.9611
Crossing,WDRO-inject-K1,196987601,0,1.152382,0.9611
Crossing,WDRO-inject-K1,196987602,0,1.026216,0.9611
Crossing,WDRO-inject-K1,196987603,0,1.222696,0.9611
Crossing,WDRO-inject-K1,196987604,0,1.060716,0.9501
Crossing,WDRO-inject-K1,196987605,1,0.240552,0.9611
Crossing,WDRO-inject-K1,196987606,0,1.146467,0.9556
Crossing,WDRO-inject-K1,196987607,0,1.182610,0.9611
Crossing,WDRO-inject-K1,196987608,0,1.072597,0.9611
Crossing,WDRO-inject-K1,196987609,0,1.072579,0.9611
Crossing,WDRO-inject-K1,196987610,0,1.558695,0.9611
Crossing,WDRO-inject-K1,196987611,0,1.071946,0.9611
Crossing,WDRO-inject-K1,196987612,0,1.204432,0.9501
Crossing,WDRO-inject-K1,196987613,0,1.053330,0.9611
Crossing,WDRO-inject-K1,196987614,0,4.484377,0.9556
Crossing,WDRO-inject-K1,196987615,0,1.638834,0.9556
Crossing,WDRO-inject-K1,196987616,0,1.162714,0.9611
Crossing,WDRO-inject-K1,196987617,0,1.219278,0.9501
Crossing,WDRO-inject-K1,196987618,0,1.079361,0.9611
Crossing,WDRO-inject-K1,196987619,0,1.230312,0.9556
Crossing,WDRO-inject-K1,196987620,0,1.119272,0.9611
Crossing,WDRO-inject-K1,196987621,0,0.982617,0.9501
Crossing,WDRO-inject-K1,196987622,0,1.123494,0.9501
Crossing,WDRO-inject-K1,196987623,1,0.810522,0.9556
Crossing,WDRO-inject-K1,196987624,0,1.069255,0.9556
Crossing,WDRO-inject-K1,196987625,0,1.167223,0.9611
Crossing,WDRO-inject-K1,196987626,0,1.114109,0.9611
Crossing,WDRO-inject-K1,196987627,0,1.108094,0.9611
Crossing,WDRO-inject-K1,196987628,1,0.439142,0.9611
Crossing,WDRO-inject-K1,196987629,0,1.169668,0.9611
Crossing,WDRO-inject-K1,196987630,0,1.143367,0.9611
Crossing,WDRO-inject-K1,196987631,1,0.075286,0.9501
Crossing,WDRO-inject-K1,196987632,0,1.126748,0.9611
Crossing,WDRO-inject-K1,196987633,1,0.039977,0.9611
Crossing,WDRO-inject-K1,196987634,0,1.186957,0.9611
Crossing,WDRO-inject-K1,196987635,0,1.302564,0.9611
Crossing,WDRO-inject-K1,196987636,0,1.141649,0.9611
Crossing,WDRO-inject-K1,196987637,0,1.072543,0.9556
Crossing,WDRO-inject-K1,196987638,0,0.955921,0.9556
Crossing,WDRO-inject-K1,196987639,0,1.083821,0.9556
Crossing,WDRO-inject-K1,196987640,1,0.625302,0.9611
Crossing,WDRO-inject-K1,196987641,1,0.303125,0.9556
Crossing,WDRO-inject-K1,196987642,0,1.151250,0.9556
Crossing,WDRO-inject-K1,196987643,0,1.128739,0.9611
Crossing,WDRO-inject-K1,196987644,0,1.336871,0.9611
Crossing,WDRO-inject-K1,196987645,0,1.077923,0.9611
Crossing,WDRO-inject-K1,196987646,0,1.364719,0.9611
Crossing,WDRO-inject-K1,196987647,1,0.288935,0.9611
Crossing,WDRO-inject-K1,196987648,0,1.363685,0.9611
Crossing,WDRO-inject-K1,196987649,1,0.264409,0.9611
Crossing,WDRO-inject-K1,196987650,0,1.213292,0.9611
Crossing,WDRO-inject-K1,196987651,0,1.019810,0.9501
Crossing,WDRO-inject-K1,196987652,0,1.011224,0.9611
Crossing,WDRO-inject-K1,196987653,0,1.111703,0.9611
Crossing,WDRO-inject-K1,196987654,0,1.035671,0.9611
Crossing,WDRO-inject-K1,196987655,1,0.546145,0.9556
Crossing,WDRO-inject-K1,196987656,0,0.860834,0.9611
Crossing,WDRO-inject-K1,196987657,1,0.679697,0.9611
Crossing,WDRO-inject-K1,196987658,0,1.004829,0.9611
Crossing,WDRO-inject-K1,196987659,0,1.073908,0.9556
Crossing,WDRO-inject-K1,196987660,0,1.032941,0.9611
Crossing,WDRO-inject-K1,196987661,0,1.123314,0.9611
Crossing,WDRO-inject-K1,196987662,0,1.355660,0.9611
Crossing,WDRO-inject-K1,196987663,0,1.182343,0.9611
Crossing,WDRO-inject-K1,196987664,0,1.064789,0.9556
Crossing,WDRO-inject-K1,196987665,1,0.731696,0.9611
Crossing,WDRO-inject-K1,196987666,0,1.264755,0.9611
Crossing,WDRO-inject-K1,196987667,0,1.225266,0.9556
Crossing,WDRO-inject-K1,196987668,0,1.052017,0.9556
Crossing,WDRO-inject-K1,196987669,1,0.124440,0.9666
Crossing,WDRO-inject-K1,196987670,0,1.435271,0.9611
Crossing,WDRO-inject-K1,196987671,0,1.041462,0.9611
Crossing,WDRO-inject-K1,196987672,0,1.052352,0.9556
Crossing,WDRO-inject-K1,196987673,0,1.399809,0.9611
Crossing,WDRO-inject-K1,196987674,0,1.389898,0.9611
Crossing,WDRO-inject-K1,196987675,0,1.193835,0.9611
Crossing,WDRO-inject-K1,196987676,0,1.279591,0.9611
Crossing,WDRO-inject-K1,196987677,1,0.487606,0.9611
Crossing,WDRO-inject-K1,196987678,1,0.570230,0.9556
Crossing,WDRO-inject-K1,196987679,0,1.149571,0.9611
Crossing,WDRO-inject-K1,196987680,0,1.030994,0.9611
Crossing,WDRO-inject-K1,196987681,0,1.410089,0.9501
Crossing,WDRO-inject-K1,196987682,0,1.201995,0.9556
Crossing,WDRO-inject-K1,196987683,0,1.149546,0.9611
Crossing,WDRO-inject-K1,196987684,1,0.162694,0.9501
Crossing,WDRO-inject-K1,196987685,0,1.106175,0.9501
Crossing,WDRO-inject-K1,196987686,0,0.950383,0.9501
Crossing,WDRO-inject-K1,196987687,0,1.055511,0.9611
Crossing,WDRO-inject-K1,196987688,0,1.051008,0.9611
Crossing,WDRO-inject-K1,196987689,0,1.108069,0.9611
Crossing,WDRO-inject-K1,196987690,1,0.115067,0.9611
Crossing,WDRO-inject-K1,196987691,0,1.103209,0.9611
Crossing,WDRO-inject-K1,196987692,1,0.686184,0.9556
Crossing,WDRO-inject-K1,196987693,0,0.952614,0.9611
Crossing,WDRO-inject-K1,196987694,1,0.179533,0.9556
Crossing,WDRO-inject-K1,196987695,0,1.207759,0.9556
Crossing,WDRO-inject-K1,196987696,0,1.504589,0.9611
Crossing,WDRO-inject-K1,196987697,0,1.154211,0.9556
Crossing,WDRO-inject-K1,196987698,0,1.077091,0.9611
Crossing,WDRO-inject-K1,196987699,0,1.154534,0.9556
Crossing,WDRO-inject-K1,196987700,1,0.637425,0.9611
Crossing,WDRO-inject-K1,196987701,0,1.161666,0.9611
Crossing,WDRO-inject-K1,196987702,0,1.099686,0.9611
Crossing,WDRO-inject-K1,196987703,0,1.048857,0.9611
Crossing,WDRO-inject-K1,196987704,1,0.218511,0.9611
Crossing,WDRO-inject-K1,196987705,1,0.299520,0.9611
Crossing,WDRO-inject-K1,196987706,0,0.983315,0.9611
Crossing,WDRO-inject-K1,196987707,0,1.054167,0.9556
Crossing,WDRO-inject-K1,196987708,0,1.807100,0.9611
Crossing,WDRO-inject-K1,196987709,0,1.158122,0.9611
Crossing,WDRO-inject-K1,196987710,1,0.429401,0.9611
Crossing,WDRO-inject-K1,196987711,0,1.212617,0.9611
Crossing,WDRO-inject-K1,196987712,0,1.171933,0.9611
Crossing,WDRO-inject-K1,196987713,0,1.084638,0.9611
Crossing,WDRO-inject-K1,196987714,1,0.441682,0.9556
Crossing,WDRO-inject-K1,196987715,0,1.038938,0.9556
Crossing,WDRO-inject-K1,196987716,0,1.047746,0.9611
Crossing,WDRO-inject-K1,196987717,1,0.148215,0.9556
Crossing,WDRO-inject-K1,196987718,0,0.863614,0.9556
Crossing,WDRO-inject-K1,196987719,1,0.380211,0.9556
Crossing,WDRO-inject-K1,196987720,0,1.130553,0.9611
Crossing,WDRO-inject-K1,196987721,0,1.134740,0.9556
Crossing,WDRO-inject-K1,196987722,0,1.018953,0.9611
Crossing,WDRO-inject-K1,196987723,0,1.065406,0.9556
Crossing,WDRO-inject-K1,196987724,0,1.056127,0.9611
Crossing,WDRO-inject-K1,196987725,0,0.979539,0.9556
Crossing,WDRO-inject-K1,196987726,0,0.961602,0.9556
Crossing,WDRO-inject-K1,196987727,0,1.143545,0.9501
Crossing,WDRO-inject-K1,196987728,0,1.036211,0.9556
Crossing,WDRO-inject-K1,196987729,0,1.316667,0.9556
Crossing,WDRO-inject-K1,196987730,0,1.141828,0.9611
Crossing,WDRO-inject-K1,196987731,1,0.330574,0.9611
Crossing,WDRO-inject-K1,196987732,0,1.373093,0.9611
Crossing,WDRO-inject-K1,196987733,0,1.276627,0.9611
Crossing,WDRO-inject-K1,196987734,1,0.471644,0.9611
Crossing,WDRO-inject-K1,196987735,0,1.053222,0.9611
Crossing,WDRO-inject-K1,196987736,1,0.228698,0.9501
Crossing,WDRO-inject-K1,196987737,0,1.041888,0.9501
Crossing,WDRO-inject-K1,196987738,0,1.285081,0.9611
Crossing,WDRO-inject-K1,196987739,1,0.791646,0.9501
Crossing,WDRO-inject-K1,196987740,0,0.961687,0.9556
Crossing,WDRO-inject-K1,196987741,0,1.080449,0.9501
Crossing,WDRO-inject-K1,196987742,0,1.019745,0.9611
Crossing,WDRO-inject-K1,196987743,0,1.142217,0.9556
Crossing,WDRO-inject-K1,196987744,0,1.111938,0.9611
Crossing,WDRO-inject-K1,196987745,0,1.126479,0.9556
Crossing,WDRO-inject-K1,196987746,0,1.060974,0.9556
Crossing,WDRO-inject-K1,196987747,0,1.023186,0.9556
Crossing,WDRO-inject-K1,196987748,0,1.132424,0.9556
Crossing,WDRO-inject-K1,196987749,1,0.508210,0.9501
Crossing,WDRO-inject-K1,196987750,0,1.304748,0.9611
Crossing,WDRO-inject-K1,196987751,1,0.409983,0.9611
Crossing,WDRO-inject-K1,196987752,0,1.129372,0.9611
Crossing,WDRO-inject-K1,196987753,1,0.384631,0.9556
Crossing,WDRO-inject-K1,196987754,0,1.273251,0.9611
Crossing,WDRO-inject-K1,196987755,0,1.298700,0.9611
Crossing,WDRO-inject-K1,196987756,0,1.000281,0.9501
Crossing,WDRO-inject-K1,196987757,0,1.459676,0.9611
Crossing,WDRO-inject-K1,196987758,0,1.063119,0.9611
Crossing,WDRO-inject-K1,196987759,0,1.769111,0.9611
Crossing,WDRO-inject-K1,196987760,0,1.386663,0.9611
Crossing,WDRO-inject-K1,196987761,1,0.240014,0.9501
Crossing,WDRO-inject-K1,196987762,0,1.170738,0.9611
Crossing,WDRO-inject-K1,196987763,1,0.602627,0.9501
Crossing,WDRO-inject-K1,196987764,0,1.273086,0.9611
Crossing,WDRO-inject-K1,196987765,0,1.191545,0.9611
Crossing,WDRO-inject-K1,196987766,0,0.917990,0.9611
Crossing,WDRO-inject-K1,196987767,0,1.268439,0.9611
Crossing,WDRO-inject-K1,196987768,0,1.058231,0.9556
Crossing,WDRO-inject-K1,196987769,0,1.238451,0.9611
Crossing,WDRO-inject-K1,196987770,0,1.299631,0.9611
Crossing,WDRO-inject-K1,196987771,0,1.063424,0.9611
Crossing,WDRO-inject-K1,196987772,1,0.590090,0.9611
Crossing,WDRO-inject-K1,196987773,0,1.273547,0.9611
Crossing,WDRO-inject-K1,196987774,0,1.300651,0.9611
Crossing,WDRO-inject-K1,196987775,0,1.079160,0.9611
Crossing,WDRO-inject-K1,196987776,0,1.445690,0.9611
Crossing,WDRO-inject-K1,196987777,0,1.003686,0.9611
Crossing,WDRO-inject-K1,196987778,0,1.232036,0.9501
Crossing,WDRO-inject-K1,196987779,0,1.497199,0.9611
Crossing,WDRO-inject-K1,196987780,1,0.474309,0.9501
Crossing,WDRO-inject-K1,196987781,0,1.737960,0.9611
Crossing,WDRO-inject-K1,196987782,0,1.268443,0.9611
Crossing,WDRO-inject-K1,196987783,0,0.962359,0.9611
Crossing,WDRO-inject-K1,196987784,0,1.192328,0.9611
Crossing,WDRO-inject-K1,196987785,0,0.958322,0.9611
Crossing,WDRO-inject-K1,196987786,1,0.098367,0.9611
Crossing,WDRO-inject-K1,196987787,0,1.138912,0.9611
Crossing,WDRO-inject-K1,196987788,0,0.862678,0.9501
Crossing,WDRO-inject-K1,196987789,1,0.419890,0.9611
Crossing,WDRO-inject-K1,196987790,0,1.242631,0.9556
Crossing,WDRO-inject-K1,196987791,0,1.360537,0.9611
Crossing,WDRO-inject-K1,196987792,0,1.149406,0.9611
Crossing,WDRO-inject-K1,196987793,0,1.012728,0.9611
Crossing,WDRO-inject-K1,196987794,0,1.018813,0.9611
Crossing,WDRO-inject-K1,196987795,0,1.348022,0.9611
Crossing,WDRO-inject-K1,196987796,0,1.092482,0.9611
Crossing,WDRO-inject-K1,196987797,1,0.515925,0.9556
Crossing,WDRO-inject-K1,196987798,0,0.957672,0.9501
Crossing,WDRO-inject-K1,196987799,0,1.204487,0.9501
Crossing,WDRO-inject-K1,196987800,1,0.294170,0.9611
Crossing,WDRO-inject-K1,196987801,0,1.177099,0.9611
Crossing,WDRO-inject-K1,196987802,0,1.206642,0.9556
Crossing,WDRO-inject-K1,196987803,0,1.508260,0.9611
Crossing,WDRO-inject-K1,196987804,0,1.233435,0.9611
Crossing,WDRO-inject-K1,196987805,0,1.121345,0.9611
Crossing,WDRO-inject-K1,196987806,1,0.185241,0.9501
Crossing,WDRO-inject-K1,196987807,0,1.231956,0.9611
Crossing,WDRO-inject-K1,196987808,0,1.381678,0.9611
Crossing,WDRO-inject-K1,196987809,1,0.126646,0.9611
Crossing,WDRO-inject-K1,196987810,1,0.234445,0.9556
Crossing,WDRO-inject-K1,196987811,0,1.031314,0.9611
Crossing,WDRO-inject-K1,196987812,1,0.391438,0.9611
Crossing,WDRO-inject-K1,196987813,0,1.149607,0.9556
Crossing,WDRO-inject-K1,196987814,0,1.035784,0.9611
Crossing,WDRO-inject-K1,196987815,0,1.160025,0.9556
Crossing,WDRO-inject-K1,196987816,0,1.285998,0.9611
Crossing,WDRO-inject-K1,196987817,0,1.316789,0.9611
Crossing,WDRO-inject-K1,196987818,0,1.109642,0.9611
Crossing,WDRO-inject-K1,196987819,0,1.039667,0.9501
Crossing,WDRO-inject-K1,196987820,0,1.295353,0.9611
Crossing,WDRO-inject-K1,196987821,1,0.423060,0.9611
Crossing,WDRO-inject-K1,196987822,1,0.699687,0.9611
Crossing,WDRO-inject-K1,196987823,0,1.287665,0.9611
Crossing,WDRO-inject-K1,196987824,0,1.108351,0.9611
Crossing,WDRO-inject-K1,196987825,0,1.102537,0.9611
Crossing,WDRO-inject-K1,196987826,0,1.060977,0.9611
Crossing,WDRO-inject-K1,196987827,0,1.388880,0.9611
Crossing,WDRO-inject-K1,196987828,0,1.163936,0.9611
Crossing,WDRO-inject-K1,196987829,0,1.315055,0.9611
Crossing,WDRO-inject-K1,196987830,0,1.217420,0.9611
Crossing,WDRO-inject-K1,196987831,0,1.052527,0.9611
Crossing,WDRO-inject-K1,196987832,0,1.204939,0.9611
Crossing,WDRO-inject-K1,196987833,0,1.335670,0.9611
Crossing,WDRO-inject-K1,196987834,0,1.012136,0.9501
Crossing,WDRO-inject-K1,196987835,1,0.358878,0.9501
Crossing,WDRO-inject-K1,196987836,1,0.561382,0.9501
Crossing,WDRO-inject-K1,196987837,0,1.053077,0.9501
Crossing,WDRO-inject-K1,196987838,0,1.009355,0.9501
Crossing,WDRO-inject-K1,196987839,1,0.618596,0.9611
Crossing,WDRO-inject-K1,196987840,1,0.100965,0.9556
Crossing,WDRO-inject-K1,196987841,0,1.360838,0.9611
Crossing,WDRO-inject-K1,196987842,0,1.060736,0.9611
Crossing,WDRO-inject-K1,196987843,0,1.455380,0.9611
Crossing,WDRO-inject-K1,196987844,0,1.315642,0.9611
Crossing,WDRO-inject-K1,196987845,0,0.970299,0.9611
Crossing,WDRO-inject-K1,196987846,0,1.008871,0.9611
Crossing,WDRO-inject-K1,196987847,0,1.128365,0.9611
Crossing,WDRO-inject-K1,196987848,0,1.229135,0.9611
Crossing,WDRO-inject-K1,196987849,0,1.161513,0.9611
Crossing,WDRO-inject-K1,196987850,0,1.119408,0.9556
Crossing,WDRO-inject-K1,196987851,0,1.326064,0.9611
Crossing,WDRO-inject-K1,196987852,0,1.063479,0.9611
Crossing,WDRO-inject-K1,196987853,1,0.636979,0.9556
Crossing,WDRO-inject-K1,196987854,1,0.532275,0.9501
Crossing,WDRO-inject-K1,196987855,0,1.363829,0.9611
Crossing,WDRO-inject-K1,196987856,1,0.495136,0.9501
Crossing,WDRO-inject-K1,196987857,1,0.641975,0.9556
Crossing,WDRO-inject-K1,196987858,1,0.568629,0.9501
Crossing,WDRO-inject-K1,196987859,1,0.368748,0.9611
Crossing,WDRO-inject-K1,196987860,0,0.990829,0.9556
Crossing,WDRO-inject-K1,196987861,0,1.215391,0.9611
Crossing,WDRO-inject-K1,196987862,0,1.287426,0.9611
Crossing,WDRO-inject-K1,196987863,1,0.667406,0.9556
Crossing,WDRO-inject-K1,196987864,0,1.194404,0.9611
Crossing,WDRO-inject-K1,196987865,0,1.120290,0.9611
Crossing,WDRO-inject-K1,196987866,0,1.117411,0.9611
Crossing,WDRO-inject-K1,196987867,0,1.087397,0.9611
Crossing,WDRO-inject-K1,196987868,0,1.536689,0.9611
Crossing,WDRO-inject-K1,196987869,0,1.394162,0.9611
Crossing,WDRO-inject-K1,196987870,1,0.646647,0.9611
Crossing,WDRO-inject-K1,196987871,0,1.119162,0.9611
Crossing,WDRO-inject-K1,196987872,0,1.117522,0.9611
Crossing,WDRO-inject-K1,196987873,0,1.076064,0.9501
Crossing,WDRO-inject-K1,196987874,0,1.046511,0.9611
Crossing,WDRO-inject-K1,196987875,0,1.269412,0.9556
Crossing,WDRO-inject-K1,196987876,0,1.388139,0.9611
Crossing,WDRO-inject-K1,196987877,0,1.116902,0.9611
Crossing,WDRO-inject-K1,196987878,1,0.827326,0.9611
Crossing,WDRO-inject-K1,196987879,0,1.364775,0.9556
Crossing,WDRO-inject-K1,196987880,0,1.042475,0.9556
Crossing,WDRO-inject-K1,196987881,0,0.998997,0.9556
Crossing,WDRO-inject-K1,196987882,1,0.170141,0.9611
Crossing,WDRO-inject-K1,196987883,1,0.454080,0.9611
Crossing,WDRO-inject-K1,196987884,1,0.347953,0.9611
Crossing,WDRO-inject-K1,196987885,0,1.115797,0.9611
Crossing,WDRO-inject-K1,196987886,0,1.145174,0.9501
Crossing,WDRO-inject-K1,196987887,0,1.067264,0.9501
Crossing,WDRO-inject-K1,196987888,0,1.186631,0.9556
Crossing,WDRO-inject-K1,196987889,0,1.375419,0.9611
Crossing,WDRO-inject-K1,196987890,0,1.185423,0.9556
Crossing,WDRO-inject-K1,196987891,0,1.274171,0.9611
Crossing,WDRO-inject-K1,196987892,0,0.964367,0.9611
Crossing,WDRO-inject-K1,196987893,0,1.556025,0.9611
Crossing,WDRO-inject-K1,196987894,1,0.817837,0.9556
Crossing,WDRO-inject-K1,196987895,0,1.143912,0.9611
Crossing,WDRO-inject-K1,196987896,0,1.194840,0.9611
Crossing,WDRO-inject-K1,196987897,0,1.564802,0.9611
Crossing,WDRO-inject-K1,196987898,0,1.054517,0.9611
Crossing,WDRO-inject-K1,196987899,1,0.183004,0.9501
Crossing,WDRO-inject-K1,196987900,0,1.957238,0.9611
Crossing,WDRO-inject-K1,196987901,0,1.102926,0.9611
Crossing,WDRO-inject-K1,196987902,0,1.095117,0.9611
Crossing,WDRO-inject-K1,196987903,1,0.528536,0.9556
Crossing,WDRO-inject-K1,196987904,0,1.141462,0.9611
Crossing,WDRO-inject-K1,196987905,0,1.482512,0.9611
Crossing,WDRO-inject-K1,196987906,0,1.025491,0.9611
Crossing,WDRO-inject-K1,196987907,0,1.116398,0.9611
Crossing,WDRO-inject-K1,196987908,0,1.106263,0.9611
Crossing,WDRO-inject-K1,196987909,0,1.059579,0.9556
Crossing,WDRO-inject-K1,196987910,0,1.256538,0.9556
Crossing,WDRO-inject-K1,196987911,0,1.145282,0.9611
Crossing,WDRO-inject-K1,196987912,1,0.592937,0.9501
Crossing,WDRO-inject-K1,196987913,0,1.127535,0.9611
Crossing,WDRO-inject-K1,196987914,0,1.824949,0.9556
Crossing,WDRO-inject-K1,196987915,0,1.070248,0.9611
Crossing,WDRO-inject-K1,196987916,0,1.111263,0.9611
Crossing,WDRO-inject-K1,196987917,0,1.162501,0.9611
Crossing,WDRO-inject-K1,196987918,0,1.142073,0.9611
Crossing,WDRO-inject-K1,196987919,1,0.484829,0.9611
Crossing,WDRO-inject-K1,196987920,0,1.136984,0.9611
Crossing,WDRO-inject-K1,196987921,1,0.367917,0.9501
Crossing,WDRO-inject-K1,196987922,0,1.022964,0.9611
Crossing,WDRO-inject-K1,196987923,0,1.540036,0.9611
Crossing,WDRO-inject-K1,196987924,0,1.173814,0.9611
Crossing,WDRO-inject-K1,196987925,0,0.999465,0.9556
Crossing,WDRO-inject-K1,196987926,0,1.047849,0.9611
Crossing,WDRO-inject-K1,196987927,0,1.030778,0.9501
Crossing,WDRO-inject-K1,196987928,0,1.013447,0.9556
Crossing,WDRO-inject-K1,196987929,0,1.274018,0.9611
Crossing,WDRO-inject-K1,196987930,0,1.013867,0.9611
Crossing,WDRO-inject-K1,196987931,0,1.096515,0.9611
Crossing,WDRO-inject-K1,196987932,0,2.002533,0.9556
Crossing,WDRO-inject-K1,196987933,0,1.087723,0.9611
Crossing,WDRO-inject-K1,196987934,0,1.054748,0.9611
Crossing,WDRO-inject-K1,196987935,0,1.741049,0.9611
Crossing,WDRO-inject-K1,196987936,1,0.260538,0.9611
Crossing,WDRO-inject-K1,196987937,0,1.187868,0.9611
Crossing,WDRO-inject-K1,196987938,0,1.347163,0.9611
Crossing,WDRO-inject-K1,196987939,0,1.319107,0.9611
Crossing,WDRO-inject-K1,196987940,0,1.031090,0.9611
Crossing,WDRO-inject-K1,196987941,0,1.130048,0.9611
Crossing,WDRO-inject-K1,196987942,0,1.138117,0.9556
Crossing,WDRO-inject-K1,196987943,0,1.142894,0.9611
Crossing,WDRO-inject-K1,196987944,0,0.998559,0.9611
Crossing,WDRO-inject-K1,196987945,0,1.666685,0.9611
Crossing,WDRO-inject-K1,196987946,0,1.285824,0.9611
Crossing,WDRO-inject-K1,196987947,0,1.046212,0.9501
Crossing,WDRO-inject-K1,196987948,0,1.483195,0.9611
Crossing,WDRO-inject-K1,196987949,0,1.010483,0.9556
Crossing,WDRO-inject-K1,196987950,0,1.201181,0.9556
Crossing,WDRO-inject-K1,196987951,0,1.168279,0.9611
Crossing,WDRO-inject-K1,196987952,0,0.961211,0.9556
Crossing,WDRO-inject-K1,196987953,0,1.065269,0.9556
Crossing,WDRO-inject-K1,196987954,0,1.275627,0.9501
Crossing,WDRO-inject-K1,196987955,0,1.249191,0.9611
Crossing,WDRO-inject-K1,196987956,0,1.053683,0.9611
Crossing,WDRO-inject-K1,196987957,0,1.333972,0.9611
Crossing,WDRO-inject-K1,196987958,0,0.983257,0.9611
Crossing,WDRO-inject-K1,196987959,0,1.333759,0.9611
Crossing,WDRO-inject-K1,196987960,1,0.602116,0.9556
Crossing,WDRO-inject-K1,196987961,0,1.261633,0.9611
Crossing,WDRO-inject-K1,196987962,0,1.201498,0.9611
Crossing,WDRO-inject-K1,196987963,0,1.011690,0.9611
Crossing,WDRO-inject-K1,196987964,1,0.562952,0.9611
Crossing,WDRO-inject-K1,196987965,0,1.073580,0.9556
Crossing,WDRO-inject-K1,196987966,0,1.130987,0.9501
Crossing,WDRO-inject-K1,196987967,0,1.640983,0.9611
Crossing,WDRO-inject-K1,196987968,0,1.377441,0.9611
Crossing,WDRO-inject-K1,196987969,1,0.570382,0.9501
Crossing,WDRO-inject-K1,196987970,0,1.026982,0.9556
Crossing,WDRO-inject-K1,196987971,0,1.211566,0.9611
Crossing,WDRO-inject-K1,196987972,0,1.308502,0.9611
Crossing,WDRO-inject-K1,196987973,0,1.127525,0.9611
Crossing,WDRO-inject-K1,196987974,0,1.324389,0.9611
Crossing,WDRO-inject-K1,196987975,0,1.045333,0.9556
Crossing,WDRO-inject-K1,196987976,0,1.041696,0.9611
Crossing,WDRO-inject-K1,196987977,0,1.139097,0.9556
Crossing,WDRO-inject-K1,196987978,0,1.053089,0.9556
Crossing,WDRO-inject-K1,196987979,1,0.313181,0.9501
Crossing,WDRO-inject-K1,196987980,0,1.150234,0.9556
Crossing,WDRO-inject-K1,196987981,0,0.968432,0.9611
Crossing,WDRO-inject-K1,196987982,0,1.014490,0.9611
Crossing,WDRO-inject-K1,196987983,0,1.339211,0.9556
Crossing,WDRO-inject-K1,196987984,1,0.214186,0.9556
Crossing,WDRO-inject-K1,196987985,1,0.822770,0.9501
Crossing,WDRO-inject-K1,196987986,0,1.271868,0.9611
Crossing,WDRO-inject-K1,196987987,0,1.222406,0.9501
Crossing,WDRO-inject-K1,196987988,0,1.126976,0.9611
Crossing,WDRO-inject-K1,196987989,1,0.215456,0.9556
Crossing,WDRO-inject-K1,196987990,0,1.505227,0.9611
Crossing,WDRO-inject-K1,196987991,1,0.732783,0.9611
Crossing,WDRO-inject-K1,196987992,0,1.006234,0.9611
Crossing,WDRO-inject-K1,196987993,0,1.413702,0.9611
Crossing,WDRO-inject-K1,196987994,0,1.749211,0.9611
Crossing,WDRO-inject-K1,196987995,0,1.111591,0.9611
Crossing,WDRO-inject-K1,196987996,1,0.432750,0.9611
Crossing,WDRO-inject-K1,196987997,1,0.150074,0.9611
Crossing,WDRO-inject-K1,196987998,1,0.629331,0.9611
Crossing,WDRO-inject-K1,196987999,1,0.255229,0.9611
Crossing,WDRO-inject-K1,196988000,0,1.154474,0.9611
Crossing,WDRO-inject-K1,196988001,0,1.097451,0.9556
Crossing,WDRO-inject-K1,196988002,0,0.990201,0.9611
Crossing,WDRO-inject-K1,196988003,0,1.006265,0.9556
Crossing,WDRO-inject-K1,196988004,0,1.722837,0.9611
Crossing,WDRO-inject-K1,196988005,1,0.379293,0.9611
Crossing,WDRO-inject-K1,196988006,0,1.134205,0.9556
Crossing,WDRO-inject-K1,196988007,0,1.266089,0.9611
Crossing,WDRO-inject-K1,196988008,0,1.132495,0.9611
Crossing,WDRO-inject-K1,196988009,0,1.058114,0.9611
Crossing,WDRO-inject-K1,196988010,1,0.759312,0.9611
Crossing,WDRO-inject-K1,196988011,0,1.166005,0.9611
Crossing,WDRO-inject-K1,196988012,0,1.540311,0.9611
Crossing,WDRO-inject-K1,196988013,0,1.208103,0.9611
Crossing,WDRO-inject-K1,196988014,0,1.206016,0.9611
Crossing,WDRO-inject-K1,196988015,0,1.646025,0.9611
Crossing,WDRO-inject-K1,196988016,1,0.836233,0.9611
Crossing,WDRO-inject-K1,196988017,0,1.294713,0.9611
Crossing,WDRO-inject-K1,196988018,1,0.205312,0.9611
Crossing,WDRO-inject-K1,196988019,0,1.214121,0.9611
Crossing,WDRO-inject-K1,196988020,0,1.104846,0.9611
Crossing,WDRO-inject-K1,196988021,1,0.375780,0.9556
Crossing,WDRO-inject-K1,196988022,0,1.176874,0.9556
Crossing,WDRO-inject-K1,196988023,0,1.137855,0.9611
Crossing,WDRO-inject-K1,196988024,1,0.150498,0.9666
Crossing,WDRO-inject-K1,196988025,0,5.355198,0.9556
Crossing,WDRO-inject-K1,196988026,1,0.104659,0.9501
Crossing,WDRO-inject-K1,196988027,0,1.138668,0.9611
Crossing,WDRO-inject-K1,196988028,0,1.051025,0.9611
Crossing,WDRO-inject-K1,196988029,0,0.986194,0.9556
Crossing,WDRO-inject-K1,196988030,1,0.438086,0.9611
Crossing,WDRO-inject-K1,196988031,0,1.039951,0.9611
Crossing,WDRO-inject-K1,196988032,0,1.021308,0.9556
Crossing,WDRO-inject-K1,196988033,1,0.288365,0.9556
Crossing,WDRO-inject-K1,196988034,0,1.058528,0.9556
Crossing,WDRO-inject-K1,196988035,0,1.197141,0.9611
Crossing,WDRO-inject-K1,196988036,0,1.062801,0.9556
Crossing,WDRO-inject-K1,196988037,0,1.022022,0.9611
Crossing,WDRO-inject-K1,196988038,0,1.116791,0.9611
Crossing,WDRO-inject-K1,196988039,0,0.968621,0.9556
Crossing,WDRO-inject-K1,196988040,0,1.061643,0.9611
Crossing,WDRO-inject-K1,196988041,0,1.240943,0.9611
Crossing,WDRO-inject-K1,196988042,0,0.993733,0.9611
Crossing,WDRO-inject-K1,196988043,0,1.039443,0.9501
Crossing,WDRO-inject-K1,196988044,0,1.179866,0.9611
Crossing,WDRO-inject-K1,196988045,1,0.253011,0.9611
Crossing,WDRO-inject-K1,196988046,0,1.021906,0.9611
Crossing,WDRO-inject-K1,196988047,0,1.045936,0.9611
Crossing,WDRO-inject-K1,196988048,1,0.543447,0.9611
Crossing,WDRO-inject-K1,196988049,0,1.176091,0.9611
Crossing,WDRO-inject-K1,196988050,0,0.950941,0.9611
Crossing,WDRO-inject-K1,196988051,0,1.215820,0.9611
Crossing,WDRO-inject-K1,196988052,0,1.049767,0.9611
Crossing,WDRO-inject-K1,196988053,0,1.131666,0.9611
Crossing,WDRO-inject-K1,196988054,0,1.115362,0.9611
Crossing,WDRO-inject-K1,196988055,0,1.327092,0.9611
Crossing,WDRO-inject-K1,196988056,0,1.147461,0.9611
Crossing,WDRO-inject-K1,196988057,0,0.978759,0.9501
Crossing,WDRO-inject-K1,196988058,0,0.980880,0.9611
Crossing,WDRO-inject-K1,196988059,0,1.329645,0.9611
Crossing,WDRO-inject-K1,196988060,1,0.727043,0.9556
Crossing,WDRO-inject-K1,196988061,0,1.094934,0.9611
Crossing,WDRO-inject-K1,196988062,0,1.033091,0.9556
Crossing,WDRO-inject-K1,196988063,0,0.997712,0.9611
Crossing,WDRO-inject-K1,196988064,1,0.089431,0.9611
Crossing,WDRO-inject-K1,196988065,0,1.213905,0.9556
Crossing,WDRO-inject-K1,196988066,1,0.317329,0.9611
Crossing,WDRO-inject-K1,196988067,0,0.975989,0.9501
Crossing,WDRO-inject-K1,196988068,0,1.526880,0.9611
Crossing,WDRO-inject-K1,196988069,0,1.190498,0.9556
Crossing,WDRO-inject-K1,196988070,0,1.140617,0.9611
Crossing,WDRO-inject-K1,196988071,0,1.308270,0.9556
Crossing,WDRO-inject-K1,196988072,0,1.176604,0.9611
Crossing,WDRO-inject-K1,196988073,0,1.045986,0.9501
Crossing,WDRO-inject-K1,196988074,0,1.198045,0.9611
Crossing,WDRO-inject-K1,196988075,1,0.527350,0.9611
Crossing,WDRO-inject-K1,196988076,0,1.542890,0.9501
Crossing,WDRO-inject-K1,196988077,0,0.964182,0.9556
Crossing,WDRO-inject-K1,196988078,0,1.328166,0.9611
Crossing,WDRO-inject-K1,196988079,0,1.135457,0.9611
Crossing,WDRO-inject-K1,196988080,0,1.300444,0.9611
Crossing,WDRO-inject-K1,196988081,0,1.077022,0.9556
Crossing,WDRO-inject-K1,196988082,0,1.087758,0.9611
Crossing,WDRO-inject-K1,196988083,0,1.162918,0.9611
Crossing,WDRO-inject-K1,196988084,1,0.789373,0.9501
Crossing,WDRO-inject-K1,196988085,0,0.966178,0.9611
Crossing,WDRO-inject-K1,196988086,0,1.104631,0.9611
Crossing,WDRO-inject-K1,196988087,1,0.042417,0.9611
Crossing,WDRO-inject-K1,196988088,0,1.662074,0.9556
Crossing,WDRO-inject-K1,196988089,1,0.242604,0.9611
Crossing,WDRO-inject-K1,196988090,1,0.486863,0.9556
Crossing,WDRO-inject-K1,196988091,0,1.011929,0.9556
Crossing,WDRO-inject-K1,196988092,1,0.089189,0.9501
Crossing,WDRO-inject-K1,196988093,0,1.276745,0.9611
Crossing,WDRO-inject-K1,196988094,0,1.526395,0.9556
Crossing,WDRO-inject-K1,196988095,0,0.988143,0.9611
Crossing,WDRO-inject-K1,196988096,0,1.045205,0.9501
Crossing,WDRO-inject-K1,196988097,0,1.015619,0.9611
Crossing,WDRO-inject-K1,196988098,0,1.385321,0.9611
Crossing,WDRO-inject-K1,196988099,0,1.234494,0.9556
Crossing,WDRO-inject-K1,196988100,0,1.325716,0.9611
Crossing,WDRO-inject-K1,196988101,0,0.982558,0.9501
Crossing,WDRO-inject-K1,196988102,1,0.176557,0.9611
Crossing,WDRO-inject-K1,196988103,1,0.320822,0.9556
Crossing,WDRO-inject-K1,196988104,1,0.775963,0.9611
Crossing,WDRO-inject-K1,196988105,0,1.307132,0.9611
Crossing,WDRO-inject-K1,196988106,0,1.213366,0.9611
Crossing,WDRO-inject-K1,196988107,0,1.086050,0.9611
Crossing,WDRO-inject-K1,196988108,0,1.104893,0.9501
Crossing,WDRO-inject-K1,196988109,0,1.205228,0.9556
Crossing,WDRO-inject-K1,196988110,0,1.319764,0.9611
Crossing,WDRO-inject-K1,196988111,0,1.330808,0.9611
Crossing,WDRO-inject-K1,196988112,0,1.158453,0.9556
Crossing,WDRO-inject-K1,196988113,0,0.989136,0.9501
Crossing,WDRO-inject-K1,196988114,1,0.254720,0.9501
Crossing,WDRO-inject-K1,196988115,0,1.033413,0.9611
Crossing,WDRO-inject-K1,196988116,0,1.078799,0.9556
Crossing,WDRO-inject-K1,196988117,0,1.026475,0.9611
Crossing,WDRO-inject-K1,196988118,0,1.304523,0.9611
Crossing,WDRO-inject-K1,196988119,1,0.525084,0.9611
Crossing,WDRO-inject-K1,196988120,1,0.224002,0.9501
Crossing,WDRO-inject-K1,196988121,1,0.316306,0.9556
Crossing,WDRO-inject-K1,196988122,0,1.017976,0.9611
Crossing,WDRO-inject-K1,196988123,0,1.165306,0.9611
Crossing,WDRO-inject-K1,196988124,1,0.825976,0.9611
Crossing,WDRO-inject-K1,196988125,0,1.325503,0.9611
Crossing,WDRO-inject-K1,196988126,0,1.336329,0.9556
Crossing,WDRO-inject-K1,196988127,1,0.732016,0.9611
Crossing,WDRO-inject-K1,196988128,0,1.187250,0.9556
Crossing,WDRO-inject-K1,196988129,1,0.463465,0.9556
Crossing,WDRO-inject-K1,196988130,1,0.488100,0.9501
Crossing,WDRO-inject-K1,196988131,0,1.156553,0.9611
Crossing,WDRO-inject-K1,196988132,0,1.112401,0.9611
Crossing,WDRO-inject-K1,196988133,0,1.211249,0.9611
Crossing,WDRO-inject-K1,196988134,0,1.160980,0.9611
Crossing,WDRO-inject-K1,196988135,0,1.089006,0.9556
Crossing,WDRO-inject-K1,196988136,0,1.131502,0.9556
Crossing,WDRO-inject-K1,196988137,0,1.189933,0.9611
Crossing,WDRO-inject-K1,196988138,0,1.069625,0.9611
Crossing,WDRO-inject-K1,196988139,0,1.047549,0.9556
Crossing,WDRO-inject-K1,196988140,1,0.509463,0.9611
Crossing,WDRO-inject-K1,196988141,0,1.190885,0.9556
Crossing,WDRO-inject-K1,196988142,1,0.624192,0.9501
Crossing,WDRO-inject-K1,196988143,0,1.192649,0.9611
Crossing,WDRO-inject-K1,196988144,0,1.567953,0.9611
Crossing,WDRO-inject-K1,196988145,0,1.461002,0.9611
Crossing,WDRO-inject-K1,196988146,0,0.963370,0.9501
Crossing,WDRO-inject-K1,196988147,0,2.341017,0.9611
Crossing,WDRO-inject-K1,196988148,1,0.144289,0.9556
Crossing,WDRO-inject-K1,196988149,1,0.409562,0.9556
Crossing,WDRO-inject-K1,196988150,0,1.559227,0.9611
Crossing,WDRO-inject-K1,196988151,0,1.058880,0.9556
Crossing,WDRO-inject-K1,196988152,0,1.241985,0.9611
Crossing,WDRO-inject-K1,196988153,0,1.056541,0.9556
Crossing,WDRO-inject-K1,196988154,0,2.089515,0.9611
Crossing,WDRO-inject-K1,196988155,0,1.027925,0.9611
Crossing,WDRO-inject-K1,196988156,0,1.434468,0.9611
Crossing,WDRO-inject-K1,196988157,0,1.055046,0.9611
Crossing,WDRO-inject-K1,196988158,0,1.239370,0.9611
Crossing,WDRO-inject-K1,196988159,0,0.998192,0.9611
Crossing,WDRO-inject-K1,196988160,0,1.091882,0.9611
Crossing,WDRO-inject-K1,196988161,0,1.057165,0.9556
Crossing,WDRO-inject-K1,196988162,0,1.363159,0.9611
Crossing,WDRO-inject-K1,196988163,0,1.785093,0.9611
Crossing,WDRO-inject-K1,196988164,1,0.658671,0.9611
Crossing,WDRO-inject-K1,196988165,0,1.188879,0.9556
Crossing,WDRO-inject-K1,196988166,1,0.227099,0.9501
Crossing,WDRO-inject-K1,196988167,0,0.939499,0.9556
Crossing,WDRO-inject-K1,196988168,0,1.058873,0.9611
Crossing,WDRO-inject-K1,196988169,0,1.083210,0.9611
Crossing,WDRO-inject-K1,196988170,0,1.218529,0.9611
Crossing,WDRO-inject-K1,196988171,1,0.709759,0.9611
Crossing,WDRO-inject-K1,196988172,1,0.473200,0.9611
Crossing,WDRO-inject-K1,196988173,0,1.259310,0.9611
Crossing,WDRO-inject-K1,196988174,0,1.113518,0.9611
Crossing,WDRO-inject-K1,196988175,0,1.066701,0.9501
Crossing,WDRO-inject-K1,196988176,0,0.961584,0.9611
Crossing,WDRO-inject-K1,196988177,1,0.335952,0.9611
Crossing,WDRO-inject-K1,196988178,0,1.078329,0.9611
Crossing,WDRO-inject-K1,196988179,0,0.969918,0.9611
Crossing,WDRO-inject-K1,196988180,1,0.564156,0.9611
Crossing,WDRO-inject-K1,196988181,0,1.180512,0.9556
Crossing,WDRO-inject-K1,196988182,0,1.151518,0.9611
Crossing,WDRO-inject-K1,196988183,0,0.976211,0.9611
Crossing,WDRO-inject-K1,196988184,0,1.209056,0.9611
Crossing,WDRO-inject-K1,196988185,0,1.421668,0.9611
Crossing,WDRO-inject-K1,196988186,0,1.542049,0.9611
Crossing,WDRO-inject-K1,196988187,0,1.610249,0.9611
Crossing,WDRO-inject-K1,196988188,0,1.249916,0.9611
Crossing,WDRO-inject-K1,196988189,0,1.087572,0.9611
Crossing,WDRO-inject-K1,196988190,0,1.238026,0.9611
Crossing,WDRO-inject-K1,196988191,0,1.502007,0.9556
Crossing,WDRO-inject-K1,196988192,0,1.260468,0.9611
Crossing,WDRO-inject-K1,196988193,0,1.069813,0.9611
Crossing,WDRO-inject-K1,196988194,0,1.208499,0.9611
Crossing,WDRO-inject-K1,196988195,0,1.081556,0.9611
Crossing,WDRO-inject-K1,196988196,1,0.618550,0.9501
Crossing,WDRO-inject-K1,196988197,0,1.276916,0.9611
Crossing,WDRO-inject-K1,196988198,1,0.543890,0.9611
Crossing,WDRO-inject-K1,196988199,0,1.004551,0.9611
Crossing,WDRO-inject-K1,196988200,0,1.048701,0.9611
Crossing,WDRO-inject-K1,196988201,1,0.519650,0.9611
Crossing,WDRO-inject-K1,196988202,0,1.134701,0.9611
Crossing,WDRO-inject-K1,196988203,0,1.264926,0.9611
Crossing,WDRO-inject-K1,196988204,0,1.081208,0.9556
Crossing,WDRO-inject-K1,196988205,0,1.171764,0.9611
Crossing,WDRO-inject-K1,196988206,0,1.092988,0.9556
Crossing,WDRO-inject-K1,196988207,0,1.409033,0.9556
Crossing,WDRO-inject-K1,196988208,0,1.469379,0.9556
Crossing,WDRO-inject-K1,196988209,0,1.006953,0.9611
Crossing,WDRO-inject-K1,196988210,0,0.996323,0.9556
Crossing,WDRO-inject-K1,196988211,0,1.184338,0.9556
Crossing,WDRO-inject-K1,196988212,0,1.148107,0.9611
Crossing,WDRO-inject-K1,196988213,0,1.122078,0.9556
Crossing,WDRO-inject-K1,196988214,0,1.168689,0.9611
Crossing,WDRO-inject-K1,196988215,1,0.167959,0.9666
Crossing,WDRO-inject-K1,196988216,0,1.120899,0.9556
Crossing,WDRO-inject-K1,196988217,1,0.414502,0.9611
Crossing,WDRO-inject-K1,196988218,0,1.564235,0.9611
Crossing,WDRO-inject-K1,196988219,0,1.355621,0.9556
Crossing,WDRO-inject-K1,196988220,0,1.047447,0.9611
Crossing,WDRO-inject-K1,196988221,0,1.162064,0.9611
Crossing,WDRO-inject-K1,196988222,1,0.513946,0.9556
Crossing,WDRO-inject-K1,196988223,0,1.440761,0.9611
Crossing,WDRO-inject-K1,196988224,0,1.149404,0.9501
Crossing,WDRO-inject-K1,196988225,0,1.091507,0.9611
Crossing,WDRO-inject-K1,196988226,1,0.236943,0.9501
Crossing,WDRO-inject-K1,196988227,1,0.326307,0.9556
Crossing,WDRO-inject-K1,196988228,1,0.706091,0.9556
Crossing,WDRO-inject-K1,196988229,0,1.226570,0.9611
Crossing,WDRO-inject-K1,196988230,1,0.111206,0.9556
Crossing,WDRO-inject-K1,196988231,0,1.793841,0.9611
Crossing,WDRO-inject-K1,196988232,0,1.140424,0.9611
Crossing,WDRO-inject-K1,196988233,0,1.121217,0.9611
Crossing,WDRO-inject-K1,196988234,1,0.046745,0.9611
Crossing,WDRO-inject-K1,196988235,0,1.519605,0.9611
Crossing,WDRO-inject-K1,196988236,1,0.357380,0.9556
Crossing,WDRO-inject-K1,196988237,0,1.033072,0.9611
Crossing,WDRO-inject-K1,196988238,1,0.456507,0.9611
Crossing,WDRO-inject-K1,196988239,0,1.100830,0.9611
Crossing,WDRO-inject-K1,196988240,0,0.977626,0.9611
Crossing,WDRO-inject-K1,196988241,0,1.077621,0.9611
Crossing,WDRO-inject-K1,196988242,0,1.002715,0.9501
Crossing,WDRO-inject-K1,196988243,0,1.214113,0.9556
Crossing,WDRO-inject-K1,196988244,0,1.058063,0.9501
Crossing,WDRO-inject-K1,196988245,0,1.412149,0.9611
Crossing,WDRO-inject-K1,196988246,1,0.719759,0.9611
Crossing,WDRO-inject-K1,196988247,0,1.060178,0.9611
Crossing,WDRO-inject-K1,196988248,0,1.179571,0.9611
Crossing,WDRO-inject-K1,196988249,0,1.283734,0.9611
Crossing,WDRO-inject-K1,196988250,0,1.000643,0.9611
Crossing,WDRO-inject-K1,196988251,0,0.929493,0.9501
Crossing,WDRO-inject-K1,196988252,0,1.053026,0.9611
Crossing,WDRO-inject-K1,196988253,0,1.083085,0.9556
Crossing,WDRO-inject-K1,196988254,0,1.465868,0.9611
Crossing,WDRO-inject-K1,196988255,0,1.006425,0.9556
Crossing,WDRO-inject-K1,196988256,0,1.154112,0.9611
Crossing,WDRO-inject-K1,196988257,0,0.986797,0.9611
Crossing,WDRO-inject-K1,196988258,0,1.144481,0.9611
Crossing,WDRO-inject-K1,196988259,1,0.489887,0.9611
Crossing,WDRO-inject-K1,196988260,0,1.157333,0.9611
Crossing,WDRO-inject-K1,196988261,0,1.041972,0.9611
Crossing,WDRO-inject-K1,196988262,0,1.124504,0.9611
Crossing,WDRO-inject-K1,196988263,0,0.976438,0.9556
Crossing,WDRO-inject-K1,196988264,0,1.508813,0.9556
Crossing,WDRO-inject-K1,196988265,0,1.108373,0.9556
Crossing,WDRO-inject-K1,196988266,0,1.087484,0.9611
Crossing,WDRO-inject-K1,196988267,1,0.047821,0.9611
Crossing,WDRO-inject-K1,196988268,0,1.064036,0.9611
Crossing,WDRO-inject-K1,196988269,0,1.200187,0.9611
Crossing,WDRO-inject-K1,196988270,1,0.570640,0.9611
Crossing,WDRO-inject-K1,196988271,1,0.305294,0.9611
Crossing,WDRO-inject-K1,196988272,0,0.980136,0.9611
Crossing,WDRO-inject-K1,196988273,0,1.156261,0.9611
Crossing,WDRO-inject-K1,196988274,1,0.420862,0.9611
Crossing,WDRO-inject-K1,196988275,0,0.988168,0.9611
Crossing,WDRO-inject-K1,196988276,0,1.279213,0.9611
Crossing,WDRO-inject-K1,196988277,0,1.083270,0.9556
Crossing,WDRO-inject-K1,196988278,0,1.300758,0.9556
Crossing,WDRO-inject-K1,196988279,0,0.981604,0.9611
Crossing,WDRO-inject-K1,196988280,0,1.112132,0.9611
Crossing,WDRO-inject-K1,196988281,0,1.041257,0.9611
Crossing,WDRO-inject-K1,196988282,0,1.250274,0.9611
Crossing,WDRO-inject-K1,196988283,1,0.789259,0.9501
Crossing,WDRO-inject-K1,196988284,0,1.000503,0.9611
Crossing,WDRO-inject-K1,196988285,1,0.340525,0.9611
Crossing,WDRO-inject-K1,196988286,0,3.440781,0.9556
Crossing,WDRO-inject-K1,196988287,1,0.286954,0.9611
Crossing,WDRO-inject-K1,196988288,0,1.169672,0.9611
Crossing,WDRO-inject-K1,196988289,0,1.177790,0.9501
Crossing,WDRO-inject-K1,196988290,0,1.103556,0.9611
Crossing,WDRO-inject-K1,196988291,0,1.522912,0.9611
Crossing,WDRO-inject-K1,196988292,0,1.052695,0.9501
Crossing,WDRO-inject-K1,196988293,0,1.275040,0.9611
Crossing,WDRO-inject-K1,196988294,0,1.296354,0.9611
Crossing,WDRO-inject-K1,196988295,0,1.025963,0.9611
Crossing,WDRO-inject-K1,196988296,0,1.151313,0.9611
Crossing,WDRO-inject-K1,196988297,0,1.164618,0.9611
Crossing,WDRO-inject-K1,196988298,0,1.084958,0.9611
Crossing,WDRO-inject-K1,196988299,0,1.072873,0.9556
Crossing,WDRO-inject-K1,196988300,0,1.679120,0.9611
Crossing,WDRO-inject-K1,196988301,0,0.974833,0.9611
Crossing,WDRO-inject-K1,196988302,0,1.054881,0.9611
Crossing,WDRO-inject-K1,196988303,1,0.354827,0.9556
Crossing,WDRO-inject-K1,196988304,1,0.473133,0.9611
Crossing,WDRO-inject-K1,196988305,0,1.132781,0.9611
Crossing,WDRO-inject-K1,196988306,0,1.252247,0.9611
Crossing,WDRO-inject-K1,196988307,0,1.196511,0.9556
Crossing,WDRO-inject-K1,196988308,0,1.039283,0.9611
Crossing,WDRO-inject-K1,196988309,0,1.540114,0.9611
Crossing,WDRO-inject-K1,196988310,0,0.997018,0.9556
Crossing,WDRO-inject-K1,196988311,0,1.326676,0.9556
Crossing,WDRO-inject-K1,196988312,0,1.064550,0.9611
Crossing,WDRO-inject-K1,196988313,0,1.094850,0.9501
Crossing,WDRO-inject-K1,196988314,0,1.338569,0.9611
Crossing,WDRO-inject-K1,196988315,0,1.160229,0.9611
Crossing,WDRO-inject-K1,196988316,0,1.228011,0.9611
Crossing,WDRO-inject-K1,196988317,0,1.117538,0.9556
Crossing,WDRO-inject-K1,196988318,0,1.506649,0.9501
Crossing,WDRO-inject-K1,196988319,1,0.625575,0.9611
Crossing,WDRO-inject-K1,196988320,0,1.147378,0.9611
Crossing,WDRO-inject-K1,196988321,0,1.029293,0.9611
Crossing,WDRO-inject-K1,196988322,1,0.668489,0.9611
Crossing,WDRO-inject-K1,196988323,0,1.298272,0.9611
Crossing,WDRO-inject-K1,196988324,1,0.383210,0.9611
Crossing,WDRO-inject-K1,196988325,0,1.068019,0.9556
Crossing,WDRO-inject-K1,196988326,0,1.283429,0.9611
Crossing,WDRO-inject-K1,196988327,1,0.298349,0.9611
Crossing,WDRO-inject-K1,196988328,0,1.066089,0.9556
Crossing,WDRO-inject-K1,196988329,0,1.142562,0.9611
Crossing,WDRO-inject-K1,196988330,0,0.986199,0.9556
Crossing,WDRO-inject-K1,196988331,0,1.095732,0.9501
Crossing,WDRO-inject-K1,196988332,0,1.056193,0.9611
Crossing,WDRO-inject-K1,196988333,0,1.070206,0.9556
Crossing,WDRO-inject-K1,196988334,0,0.972171,0.9556
Crossing,WDRO-inject-K1,196988335,0,1.195006,0.9611
Crossing,WDRO-inject-K1,196988336,0,1.247670,0.9611
Crossing,WDRO-inject-K1,196988337,0,1.211944,0.9501
Crossing,WDRO-inject-K1,196988338,0,1.147547,0.9556
Crossing,WDRO-inject-K1,196988339,0,1.146250,0.9611
Crossing,WDRO-inject-K1,196988340,0,1.100031,0.9556
Crossing,WDRO-inject-K1,196988341,0,1.059103,0.9611
Crossing,WDRO-inject-K1,196988342,0,1.218045,0.9611
Crossing,WDRO-inject-K1,196988343,0,1.118506,0.9501
Crossing,WDRO-inject-K1,196988344,0,1.196950,0.9556
Crossing,WDRO-inject-K1,196988345,0,1.086835,0.9611
Crossing,WDRO-inject-K1,196988346,0,1.103475,0.9556
Crossing,WDRO-inject-K1,196988347,0,1.153780,0.9556
Crossing,WDRO-inject-K1,196988348,0,1.136253,0.9611
Crossing,WDRO-inject-K1,196988349,0,0.990428,0.9611
Crossing,WDRO-inject-K1,196988350,0,1.304241,0.9611
Crossing,WDRO-inject-K1,196988351,0,1.248343,0.9611
Crossing,WDRO-inject-K1,196988352,0,1.195157,0.9556
Crossing,WDRO-inject-K1,196988353,0,1.017039,0.9556
Crossing,WDRO-inject-K1,196988354,0,1.043048,0.9611
Crossing,WDRO-inject-K1,196988355,1,0.169751,0.9611
Crossing,WDRO-inject-K1,196988356,0,1.039671,0.9556
Crossing,WDRO-inject-K1,196988357,0,1.201013,0.9611
Crossing,WDRO-inject-K1,196988358,0,1.139044,0.9501
Crossing,WDRO-inject-K1,196988359,1,0.565052,0.9611
Crossing,WDRO-inject-K1,196988360,0,1.154569,0.9611
Crossing,WDRO-inject-K1,196988361,1,0.682005,0.9611
Crossing,WDRO-inject-K1,196988362,0,1.055499,0.9611
Crossing,WDRO-inject-K1,196988363,0,1.644931,0.9611
Crossing,WDRO-inject-K1,196988364,0,1.241799,0.9611
Crossing,WDRO-inject-K1,196988365,0,1.210705,0.9611
Crossing,WDRO-inject-K1,196988366,0,1.545874,0.9611
Crossing,WDRO-inject-K1,196988367,0,1.313514,0.9611
Crossing,WDRO-inject-K1,196988368,0,1.526153,0.9501
Crossing,WDRO-inject-K1,196988369,0,1.124667,0.9611
Crossing,WDRO-inject-K1,196988370,1,0.365781,0.9611
Crossing,WDRO-inject-K1,196988371,1,0.317626,0.9611
Crossing,WDRO-inject-K1,196988372,1,0.395092,0.9611
Crossing,WDRO-inject-K1,196988373,0,0.998666,0.9611
Crossing,WDRO-inject-K1,196988374,1,0.206316,0.9611
Crossing,WDRO-inject-K1,196988375,0,1.412473,0.9611
Crossing,WDRO-inject-K1,196988376,0,0.984891,0.9501
Crossing,WDRO-inject-K1,196988377,0,1.015540,0.9611
Crossing,WDRO-inject-K1,196988378,0,1.078589,0.9501
Crossing,WDRO-inject-K1,196988379,0,1.217829,0.9611
Crossing,WDRO-inject-K1,196988380,0,1.305492,0.9611
Crossing,WDRO-inject-K1,196988381,0,1.147480,0.9611
Crossing,WDRO-inject-K1,196988382,0,1.167856,0.9501
Crossing,WDRO-inject-K1,196988383,0,1.993584,0.9611
Crossing,WDRO-inject-K1,196988384,0,1.103905,0.9611
Crossing,WDRO-inject-K1,196988385,1,0.651837,0.9556
Crossing,WDRO-inject-K1,196988386,1,0.335051,0.9556
Crossing,WDRO-inject-K1,196988387,0,1.079535,0.9611
Crossing,WDRO-inject-K1,196988388,0,1.212522,0.9611
Crossing,WDRO-inject-K1,196988389,0,1.231696,0.9666
Crossing,WDRO-inject-K1,196988390,0,1.033388,0.9611
Crossing,WDRO-inject-K1,196988391,1,0.343849,0.9611
Crossing,WDRO-inject-K1,196988392,0,1.089245,0.9611
Crossing,WDRO-inject-K1,196988393,0,1.061118,0.9611
Crossing,WDRO-inject-K1,196988394,1,0.487278,0.9611
Crossing,WDRO-inject-K1,196988395,0,1.016590,0.9611
Crossing,WDRO-inject-K1,196988396,0,1.138382,0.9611
Crossing,WDRO-inject-K1,196988397,1,0.531414,0.9556
Crossing,WDRO-inject-K1,196988398,0,1.162686,0.9556
Crossing,WDRO-inject-K1,196988399,0,1.113325,0.9611
Crossing,WDRO-inject-K1,196988400,1,0.535967,0.9611
Crossing,WDRO-inject-K1,196988401,0,1.504413,0.9611
Crossing,WDRO-inject-K1,196988402,0,0.964142,0.9556
Crossing,WDRO-inject-K1,196988403,1,0.057461,0.9611
Crossing,WDRO-inject-K1,196988404,1,0.292741,0.9501
Crossing,WDRO-inject-K1,196988405,1,0.352190,0.9611
Crossing,WDRO-inject-K1,196988406,0,1.030713,0.9501
Crossing,WDRO-inject-K1,196988407,0,0.974752,0.9556
Crossing,WDRO-inject-K1,196988408,0,1.026784,0.9501
Crossing,WDRO-inject-K1,196988409,0,0.965216,0.9501
Crossing,WDRO-inject-K1,196988410,0,0.985122,0.9556
Crossing,WDRO-inject-K1,196988411,0,1.138146,0.9611
Crossing,WDRO-inject-K1,196988412,0,1.386059,0.9611
Crossing,WDRO-inject-K1,196988413,0,1.370141,0.9611
Crossing,WDRO-inject-K1,196988414,0,1.165072,0.9611
Crossing,WDRO-inject-K1,196988415,1,0.263729,0.9611
Crossing,WDRO-inject-K1,196988416,0,1.062597,0.9556
Crossing,WDRO-inject-K1,196988417,0,1.269606,0.9611
Crossing,WDRO-inject-K1,196988418,1,0.319075,0.9501
Crossing,WDRO-inject-K1,196988419,0,0.971289,0.9611
Crossing,WDRO-inject-K1,196988420,0,1.381140,0.9611
Crossing,WDRO-inject-K1,196988421,1,0.381250,0.9556
Crossing,WDRO-inject-K1,196988422,0,1.043650,0.9611
Crossing,WDRO-inject-K1,196988423,1,0.528709,0.9611
Crossing,WDRO-inject-K1,196988424,1,0.431184,0.9556
Crossing,WDRO-inject-K1,196988425,0,0.957152,0.9611
Crossing,WDRO-inject-K1,196988426,1,0.714883,0.9611
Crossing,WDRO-inject-K1,196988427,0,1.313577,0.9611
Crossing,WDRO-inject-K1,196988428,0,1.132725,0.9611
Crossing,WDRO-inject-K1,196988429,0,1.463520,0.9611
Crossing,WDRO-inject-K1,196988430,0,1.255862,0.9611
Crossing,WDRO-inject-K1,196988431,0,1.481988,0.9556
Crossing,WDRO-inject-K1,196988432,0,1.514520,0.9611
Crossing,WDRO-inject-K1,196988433,0,1.132163,0.9611
Crossing,WDRO-inject-K1,196988434,1,0.667234,0.9556
Crossing,WDRO-inject-K1,196988435,0,1.250557,0.9501
Crossing,WDRO-inject-K1,196988436,0,1.083657,0.9611
Crossing,WDRO-inject-K1,196988437,0,1.029921,0.9611
Crossing,WDRO-inject-K1,196988438,0,1.510292,0.9611
Crossing,WDRO-inject-K1,196988439,0,0.988591,0.9666
Crossing,WDRO-inject-K1,196988440,0,1.109106,0.9556
Crossing,WDRO-inject-K1,196988441,0,1.121155,0.9611
Crossing,WDRO-inject-K1,196988442,0,1.069015,0.9611
Crossing,WDRO-inject-K1,196988443,0,1.244192,0.9611
Crossing,WDRO-inject-K1,196988444,0,1.122478,0.9556
Crossing,WDRO-inject-K1,196988445,0,1.168207,0.9611
Crossing,WDRO-inject-K1,196988446,0,1.220295,0.9611
Crossing,WDRO-inject-K1,196988447,0,1.128908,0.9611
Crossing,WDRO-inject-K1,196988448,0,1.219207,0.9611
Crossing,WDRO-inject-K1,196988449,1,0.721719,0.9611
Crossing,WDRO-inject-K1,196988450,0,1.634667,0.9611
Crossing,WDRO-inject-K1,196988451,1,0.444116,0.9611
Crossing,WDRO-inject-K1,196988452,0,1.263609,0.9611
Crossing,WDRO-inject-K1,196988453,0,1.926711,0.9556
Crossing,WDRO-inject-K1,196988454,0,1.372592,0.9611
Crossing,WDRO-inject-K1,196988455,0,1.190291,0.9611
Crossing,WDRO-inject-K1,196988456,0,1.278098,0.9611
Crossing,WDRO-inject-K1,196988457,0,1.265150,0.9611
Crossing,WDRO-inject-K1,196988458,0,1.173986,0.9501
Crossing,WDRO-inject-K1,196988459,0,1.037956,0.9611
Crossing,WDRO-inject-K1,196988460,0,1.138140,0.9611
Crossing,WDRO-inject-K1,196988461,0,3.352476,0.9611
Crossing,WDRO-inject-K1,196988462,0,1.702405,0.9611
Crossing,WDRO-inject-K1,196988463,1,0.404159,0.9556
Crossing,WDRO-inject-K1,196988464,0,1.217518,0.9611
Crossing,WDRO-inject-K1,196988465,1,0.076919,0.9556
Crossing,WDRO-inject-K1,196988466,0,1.621739,0.9611
Crossing,WDRO-inject-K1,196988467,0,0.992617,0.9611
Crossing,WDRO-inject-K1,196988468,0,1.351421,0.9611
Crossing,WDRO-inject-K1,196988469,0,1.104642,0.9611
Crossing,WDRO-inject-K1,196988470,0,0.993443,0.9611
Crossing,WDRO-inject-K1,196988471,1,0.570908,0.9501
Crossing,WDRO-inject-K1,196988472,1,0.611560,0.9611
Crossing,WDRO-inject-K1,196988473,0,1.002583,0.9611
Crossing,WDRO-inject-K1,196988474,1,0.358535,0.9611
Crossing,WDRO-inject-K1,196988475,0,1.084194,0.9611
Crossing,WDRO-inject-K1,196988476,0,1.124687,0.9556
Crossing,WDRO-inject-K1,196988477,0,1.077844,0.9611
Crossing,WDRO-inject-K1,196988478,0,1.274149,0.9611
Crossing,WDRO-inject-K1,196988479,0,1.119313,0.9556
Crossing,WDRO-inject-K1,196988480,1,0.402843,0.9501
Crossing,WDRO-inject-K1,196988481,0,1.195864,0.9611
Crossing,WDRO-inject-K1,196988482,0,1.233928,0.9611
Crossing,WDRO-inject-K1,196988483,1,0.298475,0.9611
Crossing,WDRO-inject-K1,196988484,0,1.083216,0.9556
Crossing,WDRO-inject-K1,196988485,0,1.209437,0.9611
Crossing,WDRO-inject-K1,196988486,0,1.346003,0.9611
Crossing,WDRO-inject-K1,196988487,0,1.260348,0.9611
Crossing,WDRO-inject-K1,196988488,0,1.040891,0.9611
Crossing,WDRO-inject-K1,196988489,0,1.135868,0.9611
Crossing,WDRO-inject-K1,196988490,0,1.381158,0.9501
Crossing,WDRO-inject-K1,196988491,0,1.054697,0.9556
Crossing,WDRO-inject-K1,196988492,0,1.121588,0.9611
Crossing,WDRO-inject-K1,196988493,0,1.043398,0.9556
Crossing,WDRO-inject-K1,196988494,0,1.736503,0.9556
Crossing,WDRO-inject-K1,196988495,0,1.147827,0.9611
Crossing,WDRO-inject-K1,196988496,0,1.194440,0.9501
Crossing,WDRO-inject-K1,196988497,0,1.381837,0.9611
Crossing,WDRO-inject-K1,196988498,0,0.988872,0.9501
Crossing,WDRO-inject-K1,196988499,1,0.642602,0.9611
Crossing,WDRO-inject-K1,196988500,0,1.136525,0.9611
Crossing,WDRO-inject-K1,196988501,1,0.256651,0.9611
Crossing,WDRO-inject-K1,196988502,0,1.097645,0.9556
Crossing,WDRO-inject-K1,196988503,1,0.257564,0.9556
Crossing,WDRO-inject-K1,196988504,1,0.214933,0.9556
Crossing,WDRO-inject-K1,196988505,0,1.036791,0.9611
Crossing,WDRO-inject-K1,196988506,0,1.539620,0.9611
Crossing,WDRO-inject-K1,196988507,1,0.808844,0.9556
Crossing,WDRO-inject-K1,196988508,1,0.081839,0.9501
Crossing,WDRO-inject-K1,196988509,0,1.141621,0.9501
Crossing,WDRO-inject-K1,196988510,0,1.067934,0.9556
Crossing,WDRO-inject-K1,196988511,0,1.011499,0.9501
Crossing,WDRO-inject-K1,196988512,1,0.193912,0.9611
Crossing,WDRO-inject-K1,196988513,0,1.098555,0.9556
Crossing,WDRO-inject-K1,196988514,0,1.042666,0.9611
Crossing,WDRO-inject-K1,196988515,0,1.044468,0.9611
Crossing,WDRO-inject-K1,196988516,0,1.017465,0.9611
Crossing,WDRO-inject-K1,196988517,0,1.210297,0.9611
Crossing,WDRO-inject-K1,196988518,0,1.120519,0.9611
Crossing,WDRO-inject-K1,196988519,0,1.013212,0.9611
Crossing,WDRO-inject-K1,196988520,1,0.619891,0.9611
Crossing,WDRO-inject-K1,196988521,0,1.085487,0.9611
Crossing,WDRO-inject-K1,196988522,1,0.094120,0.9611
Crossing,WDRO-inject-K1,196988523,1,0.726881,0.9611
Crossing,WDRO-inject-K1,196988524,0,1.285867,0.9611
Crossing,WDRO-inject-K1,196988525,0,1.165438,0.9556
Crossing,WDRO-inject-K1,196988526,1,0.300671,0.9501
Crossing,WDRO-inject-K1,196988527,0,1.161104,0.9611
Crossing,WDRO-inject-K1,196988528,1,0.429366,0.9611
Crossing,WDRO-inject-K1,196988529,0,1.122338,0.9556
Crossing,WDRO-inject-K1,196988530,0,1.177499,0.9611
Crossing,WDRO-inject-K1,196988531,0,1.424582,0.9611
Crossing,WDRO-inject-K1,196988532,0,1.273646,0.9556
Crossing,WDRO-inject-K1,196988533,0,1.058984,0.9556
Crossing,WDRO-inject-K1,196988534,0,1.512715,0.9556
Crossing,WDRO-inject-K1,196988535,0,1.116849,0.9501
Crossing,WDRO-inject-K1,196988536,0,1.109552,0.9556
Crossing,WDRO-inject-K1,196988537,1,0.340406,0.9501
Crossing,WDRO-inject-K1,196988538,0,0.981245,0.9611
Crossing,WDRO-inject-K1,196988539,0,1.066768,0.9611
Crossing,WDRO-inject-K1,196988540,1,0.100509,0.9556
Crossing,WDRO-inject-K1,196988541,0,1.051054,0.9611
Crossing,WDRO-inject-K1,196988542,0,1.345988,0.9611
Crossing,WDRO-inject-K1,196988543,0,1.047399,0.9611
Crossing,WDRO-inject-K1,196988544,0,1.123155,0.9611
Crossing,WDRO-inject-K1,196988545,0,1.063889,0.9611
Crossing,WDRO-inject-K1,196988546,0,1.351547,0.9611
Crossing,WDRO-inject-K1,196988547,0,1.108835,0.9611
Crossing,WDRO-inject-K1,196988548,0,1.111790,0.9611
Crossing,WDRO-inject-K1,196988549,0,1.203032,0.9611
Crossing,WDRO-inject-K1,196988550,0,0.995529,0.9556
Crossing,WDRO-inject-K1,196988551,0,1.129125,0.9556
Crossing,WDRO-inject-K1,196988552,0,1.219387,0.9556
Crossing,WDRO-inject-K1,196988553,1,0.685345,0.9611
Crossing,WDRO-inject-K1,196988554,1,0.320434,0.9556
Crossing,WDRO-inject-K1,196988555,0,1.298351,0.9611
Crossing,WDRO-inject-K1,196988556,0,1.175117,0.9611
Crossing,WDRO-inject-K1,196988557,1,0.654503,0.9611
Crossing,WDRO-inject-K1,196988558,1,0.396224,0.9501
Crossing,WDRO-inject-K1,196988559,0,1.041355,0.9556
Crossing,WDRO-inject-K1,196988560,0,1.003336,0.9611
Crossing,WDRO-inject-K1,196988561,1,0.251625,0.9501
Crossing,WDRO-inject-K1,196988562,0,1.176957,0.9556
Crossing,WDRO-inject-K1,196988563,0,1.230782,0.9611
Crossing,WDRO-inject-K1,196988564,0,1.009155,0.9611
Crossing,WDRO-inject-K1,196988565,0,1.042190,0.9611
Crossing,WDRO-inject-K1,196988566,0,1.138165,0.9611
Crossing,WDRO-inject-K1,196988567,0,1.052821,0.9611
Crossing,WDRO-inject-K1,196988568,0,1.021251,0.9556
Crossing,WDRO-inject-K1,196988569,0,1.073014,0.9611
Crossing,WDRO-inject-K1,196988570,0,1.186893,0.9611
Crossing,WDRO-inject-K1,196988571,0,1.161065,0.9611
Crossing,WDRO-inject-K1,196988572,0,1.196735,0.9611
Crossing,WDRO-inject-K1,196988573,0,1.127574,0.9611
Crossing,WDRO-inject-K1,196988574,0,1.037130,0.9556
Crossing,WDRO-inject-K1,196988575,1,0.266137,0.9611
Crossing,WDRO-inject-K1,196988576,0,1.382427,0.9611
Crossing,WDRO-inject-K1,196988577,0,1.130661,0.9556
Crossing,WDRO-inject-K1,196988578,1,0.526111,0.9611
Crossing,WDRO-inject-K1,196988579,1,0.714177,0.9501
Crossing,WDRO-inject-K1,196988580,1,0.079256,0.9666
Crossing,WDRO-inject-K1,196988581,0,1.037091,0.9556
Crossing,WDRO-inject-K1,196988582,0,1.612454,0.9611
Crossing,WDRO-inject-K1,196988583,1,0.630231,0.9501
Crossing,WDRO-inject-K1,196988584,0,1.051327,0.9611
Crossing,WDRO-inject-K1,196988585,0,1.138497,0.9501
Crossing,WDRO-inject-K1,196988586,0,0.975294,0.9611
Crossing,WDRO-inject-K1,196988587,0,1.162380,0.9501
Crossing,WDRO-inject-K1,196988588,1,0.459089,0.9611
Crossing,WDRO-inject-K1,196988589,1,0.112318,0.9556
Crossing,WDRO-inject-K1,196988590,1,0.508241,0.9611
Crossing,WDRO-inject-K1,196988591,0,1.024846,0.9611
Crossing,WDRO-inject-K1,196988592,0,1.748932,0.9611
Crossing,WDRO-inject-K1,196988593,0,1.082497,0.9556
Crossing,WDRO-inject-K1,196988594,1,0.471668,0.9611
Crossing,WDRO-inject-K1,196988595,0,1.066595,0.9556
Crossing,WDRO-inject-K1,196988596,0,1.175604,0.9611
Crossing,WDRO-inject-K1,196988597,0,1.386654,0.9556
Crossing,WDRO-inject-K1,196988598,0,1.083993,0.9611
Crossing,WDRO-inject-K1,196988599,0,1.030854,0.9611
Crossing,WDRO-inject-K1,196988600,0,1.125281,0.9556
Crossing,WDRO-inject-K1,196988601,0,1.071067,0.9611
Crossing,WDRO-inject-K1,196988602,0,0.970471,0.9611
Crossing,WDRO-inject-K1,196988603,0,0.882098,0.9611
Crossing,WDRO-inject-K1,196988604,0,1.123571,0.9611
Crossing,WDRO-inject-K1,196988605,0,1.095754,0.9556
Crossing,WDRO-inject-K1,196988606,0,1.638320,0.9556
Crossing,WDRO-inject-K1,196988607,1,0.224726,0.9611
Crossing,WDRO-inject-K1,196988608,0,1.142315,0.9611
Crossing,WDRO-inject-K1,196988609,0,1.132829,0.9611
Crossing,WDRO-inject-K1,196988610,0,1.163249,0.9556
Crossing,WDRO-inject-K1,196988611,0,0.957007,0.9611
Crossing,WDRO-inject-K1,196988612,1,0.166348,0.9611
Crossing,WDRO-inject-K1,196988613,0,0.994126,0.9501
Crossing,WDRO-inject-K1,196988614,0,1.297301,0.9611
Crossing,WDRO-inject-K1,196988615,0,1.050089,0.9611
Crossing,WDRO-inject-K1,196988616,1,0.538450,0.9611
Crossing,WDRO-inject-K1,196988617,1,0.437788,0.9611
Crossing,WDRO-inject-K1,196988618,0,1.057923,0.9611
Crossing,WDRO-inject-K1,196988619,0,1.097384,0.9611
Crossing,WDRO-inject-K1,196988620,0,1.339074,0.9611
Crossing,WDRO-inject-K1,196988621,0,1.074127,0.9556
Crossing,WDRO-inject-K1,196988622,0,1.580192,0.9611
Crossing,WDRO-inject-K1,196988623,0,0.982440,0.9611
Crossing,WDRO-inject-K1,196988624,1,0.384385,0.9611
Crossing,WDRO-inject-K1,196988625,0,1.391511,0.9611
Crossing,WDRO-inject-K1,196988626,0,1.056570,0.9556
Crossing,WDRO-inject-K1,196988627,0,1.403803,0.9611
Crossing,WDRO-inject-K1,196988628,0,1.042265,0.9556
Crossing,WDRO-inject-K1,196988629,0,1.159441,0.9611
Crossing,WDRO-inject-K1,196988630,0,1.257683,0.9611
Crossing,WDRO-inject-K1,196988631,1,0.324892,0.9611
Crossing,WDRO-inject-K1,196988632,1,0.521919,0.9611
Crossing,WDRO-inject-K1,196988633,0,1.157485,0.9611
Crossing,WDRO-inject-K1,196988634,1,0.314004,0.9501
Crossing,WDRO-inject-K1,196988635,0,1.168319,0.9611
Crossing,WDRO-inject-K1,196988636,0,1.523628,0.9611
Crossing,WDRO-inject-K1,196988637,0,1.481606,0.9611
Crossing,WDRO-inject-K1,196988638,0,1.153182,0.9556
Crossing,WDRO-inject-K1,196988639,0,1.327688,0.9611
Crossing,WDRO-inject-K1,196988640,0,1.114195,0.9611
Crossing,WDRO-inject-K1,196988641,1,0.756472,0.9556
Crossing,WDRO-inject-K1,196988642,0,1.162379,0.9556
Crossing,WDRO-inject-K1,196988643,0,1.215309,0.9501
Crossing,WDRO-inject-K1,196988644,1,0.729277,0.9556
Crossing,WDRO-inject-K1,196988645,1,0.837451,0.9501
Crossing,WDRO-inject-K1,196988646,0,1.043465,0.9611
Crossing,WDRO-inject-K1,196988647,0,1.069739,0.9556
Crossing,WDRO-inject-K1,196988648,0,1.643508,0.9611
Crossing,WDRO-inject-K1,196988649,0,0.975055,0.9556
Crossing,WDRO-inject-K1,196988650,1,0.570983,0.9501
Crossing,WDRO-inject-K1,196988651,0,1.173670,0.9611
Crossing,WDRO-inject-K1,196988652,0,1.401708,0.9501
Crossing,WDRO-inject-K1,196988653,0,1.198377,0.9611
Crossing,WDRO-inject-K1,196988654,0,1.156247,0.9611
Crossing,WDRO-inject-K1,196988655,1,0.331582,0.9611
Crossing,WDRO-inject-K1,196988656,1,0.186489,0.9556
Crossing,WDRO-inject-K1,196988657,1,0.168151,0.9611
Crossing,WDRO-inject-K1,196988658,0,1.191429,0.9611
Crossing,WDRO-inject-K1,196988659,0,1.131189,0.9611
Crossing,WDRO-inject-K1,196988660,0,1.104077,0.9556
Crossing,WDRO-inject-K1,196988661,0,1.165200,0.9611
Crossing,WDRO-inject-K1,196988662,0,1.290750,0.9611
Crossing,WDRO-inject-K1,196988663,1,0.356180,0.9556
Crossing,WDRO-inject-K1,196988664,0,1.212706,0.9611
Crossing,WDRO-inject-K1,196988665,0,1.252866,0.9611
Crossing,WDRO-inject-K1,196988666,0,1.201063,0.9611
Crossing,WDRO-inject-K1,196988667,1,0.019010,0.9611
Crossing,WDRO-inject-K1,196988668,0,1.025688,0.9611
Crossing,WDRO-inject-K1,196988669,0,1.006363,0.9611
Crossing,WDRO-inject-K1,196988670,1,0.064763,0.9556
Crossing,WDRO-inject-K1,196988671,0,1.375560,0.9501
Crossing,WDRO-inject-K1,196988672,0,1.156564,0.9556
Crossing,WDRO-inject-K1,196988673,0,1.155070,0.9611
Crossing,WDRO-inject-K1,196988674,0,1.570733,0.9611
Crossing,WDRO-inject-K1,196988675,0,1.497225,0.9556
Crossing,WDRO-inject-K1,196988676,0,1.097585,0.9611
Crossing,WDRO-inject-K1,196988677,0,1.064498,0.9611
Crossing,WDRO-inject-K1,196988678,0,1.178876,0.9611
Crossing,WDRO-inject-K1,196988679,0,1.019240,0.9611
Crossing,WDRO-inject-K1,196988680,0,1.003754,0.9611
Crossing,WDRO-inject-K1,196988681,0,1.026936,0.9611
Crossing,WDRO-inject-K1,196988682,1,0.644046,0.9611
Crossing,WDRO-inject-K1,196988683,1,0.386692,0.9611
Crossing,WDRO-inject-K1,196988684,0,1.058551,0.9611
Crossing,WDRO-inject-K1,196988685,1,0.419615,0.9611
Crossing,WDRO-inject-K1,196988686,0,1.131703,0.9611
Crossing,WDRO-inject-K1,196988687,0,0.887227,0.9611
Crossing,WDRO-inject-K1,196988688,0,1.192473,0.9611
Crossing,WDRO-inject-K1,196988689,0,1.032920,0.9611
Crossing,WDRO-inject-K1,196988690,0,1.216307,0.9611
Crossing,WDRO-inject-K1,196988691,0,1.051137,0.9611
Crossing,WDRO-inject-K1,196988692,1,0.175831,0.9611
Crossing,WDRO-inject-K1,196988693,0,1.519974,0.9611
Crossing,WDRO-inject-K1,196988694,1,0.214727,0.9611
Crossing,WDRO-inject-K1,196988695,0,1.397871,0.9611
Crossing,WDRO-inject-K1,196988696,0,1.121301,0.9556
Crossing,WDRO-inject-K1,196988697,0,1.011214,0.9611
Crossing,WDRO-inject-K1,196988698,0,1.776441,0.9611
Crossing,WDRO-inject-K1,196988699,0,1.046970,0.9501
Crossing,WDRO-inject-K1,196988700,1,0.734029,0.9556
Crossing,WDRO-inject-K1,196988701,0,1.107192,0.9611
Crossing,WDRO-inject-K1,196988702,0,1.357593,0.9611
Crossing,WDRO-inject-K1,196988703,0,1.227441,0.9611
Crossing,WDRO-inject-K1,196988704,1,0.789457,0.9556
Crossing,WDRO-inject-K1,196988705,1,0.381773,0.9501
Crossing,WDRO-inject-K1,196988706,0,0.983904,0.9556
Crossing,WDRO-inject-K1,196988707,1,0.487009,0.9666
Crossing,WDRO-inject-K1,196988708,0,1.013845,0.9611
Crossing,WDRO-inject-K1,196988709,1,0.753368,0.9501
Crossing,WDRO-inject-K1,196988710,1,0.434734,0.9501
Crossing,WDRO-inject-K1,196988711,0,1.509103,0.9611
Crossing,WDRO-inject-K1,196988712,0,1.402305,0.9611
Crossing,WDRO-inject-K1,196988713,0,1.007721,0.9611
Crossing,WDRO-inject-K1,196988714,1,0.795996,0.9611
Crossing,WDRO-inject-K1,196988715,0,1.289889,0.9611
Crossing,WDRO-inject-K1,196988716,0,1.093416,0.9556
Crossing,WDRO-inject-K1,196988717,0,1.071735,0.9501
Crossing,WDRO-inject-K1,196988718,1,0.470122,0.9501
Crossing,WDRO-inject-K1,196988719,0,1.055349,0.9611
Crossing,WDRO-inject-K1,196988720,0,1.064221,0.9556
Crossing,WDRO-inject-K1,196988721,0,1.006715,0.9556
Crossing,WDRO-inject-K1,196988722,0,1.195797,0.9556
Crossing,WDRO-inject-K1,196988723,0,1.041074,0.9501
Crossing,WDRO-inject-K1,196988724,1,0.275528,0.9556
Crossing,WDRO-inject-K1,196988725,0,1.055208,0.9611
Crossing,WDRO-inject-K1,196988726,0,1.092297,0.9611
Crossing,WDRO-inject-K1,196988727,1,0.483542,0.9611
Crossing,WDRO-inject-K1,196988728,0,1.372622,0.9611
Crossing,WDRO-inject-K1,196988729,1,0.160584,0.9611
Crossing,WDRO-inject-K1,196988730,0,1.085548,0.9611
Crossing,WDRO-inject-K1,196988731,1,0.576937,0.9611
Crossing,WDRO-inject-K1,196988732,0,1.351683,0.9611
Crossing,WDRO-inject-K1,196988733,0,1.127589,0.9611
Crossing,WDRO-inject-K1,196988734,1,0.290916,0.9501
Crossing,WDRO-inject-K1,196988735,0,1.252322,0.9556
Crossing,WDRO-inject-K1,196988736,0,1.766254,0.9611
Crossing,WDRO-inject-K1,196988737,0,1.406795,0.9611
Crossing,WDRO-inject-K1,196988738,0,1.161213,0.9611
Crossing,WDRO-inject-K1,196988739,0,1.247793,0.9611
Crossing,WDRO-inject-K1,196988740,1,0.536835,0.9556
Crossing,WDRO-inject-K1,196988741,0,1.390922,0.9611
Crossing,WDRO-inject-K1,196988742,0,1.202961,0.9611
Crossing,WDRO-inject-K1,196988743,0,1.094134,0.9611
Crossing,WDRO-inject-K1,196988744,0,1.250906,0.9611
Crossing,WDRO-inject-K1,196988745,0,1.097335,0.9501
Crossing,WDRO-inject-K1,196988746,0,1.073878,0.9611
Crossing,WDRO-inject-K1,196988747,0,1.072355,0.9611
Crossing,WDRO-inject-K1,196988748,0,0.965659,0.9501
Crossing,WDRO-inject-K1,196988749,0,1.079806,0.9611
Crossing,WDRO-inject-K1,196988750,0,1.119120,0.9611
Crossing,WDRO-inject-K1,196988751,1,0.290763,0.9611
Crossing,WDRO-inject-K1,196988752,0,1.108216,0.9611
Crossing,WDRO-inject-K1,196988753,0,1.177758,0.9611
Crossing,WDRO-inject-K1,196988754,0,1.129767,0.9611
Crossing,WDRO-inject-K1,196988755,0,1.117084,0.9611
Crossing,WDRO-inject-K1,196988756,0,1.380666,0.9611
Crossing,WDRO-inject-K1,196988757,0,0.971359,0.9611
Crossing,WDRO-inject-K1,196988758,1,0.399205,0.9556
Crossing,WDRO-inject-K1,196988759,1,0.477858,0.9611
Crossing,WDRO-inject-K1,196988760,1,0.316958,0.9611
Crossing,WDRO-inject-K1,196988761,0,1.087936,0.9611
Crossing,WDRO-inject-K1,196988762,0,1.106348,0.9611
Crossing,WDRO-inject-K1,196988763,0,1.174611,0.9611
Crossing,WDRO-inject-K1,196988764,1,0.634905,0.9556
Crossing,WDRO-inject-K1,196988765,0,1.031858,0.9611
Crossing,WDRO-inject-K1,196988766,0,1.122824,0.9611
Crossing,WDRO-inject-K1,196988767,0,1.190108,0.9501
Crossing,WDRO-inject-K1,196988768,0,1.066226,0.9611
Crossing,WDRO-inject-K1,196988769,1,0.294756,0.9611
Crossing,WDRO-inject-K1,196988770,0,1.143647,0.9556
Crossing,WDRO-inject-K1,196988771,0,0.858248,0.9611
Crossing,WDRO-inject-K1,196988772,1,0.838171,0.9501
Crossing,WDRO-inject-K1,196988773,0,1.128281,0.9611
Crossing,WDRO-inject-K1,196988774,0,1.130474,0.9501
Crossing,WDRO-inject-K1,196988775,0,1.117245,0.9611
Crossing,WDRO-inject-K1,196988776,0,0.993779,0.9556
Crossing,WDRO-inject-K1,196988777,0,1.364230,0.9611
Crossing,WDRO-inject-K1,196988778,0,1.248563,0.9611
Crossing,WDRO-inject-K1,196988779,1,0.634744,0.9666
Crossing,WDRO-inject-K1,196988780,1,0.596399,0.9501
Crossing,WDRO-inject-K1,196988781,0,1.096657,0.9611
Crossing,WDRO-inject-K1,196988782,0,1.094229,0.9611
Crossing,WDRO-inject-K1,196988783,0,1.022162,0.9611
Crossing,WDRO-inject-K1,196988784,0,1.230766,0.9611
Crossing,WDRO-inject-K1,196988785,0,1.182113,0.9611
Crossing,WDRO-inject-K1,196988786,0,1.161375,0.9556
Crossing,WDRO-inject-K1,196988787,0,0.983084,0.9611
Crossing,WDRO-inject-K1,196988788,0,1.061671,0.9611
Crossing,WDRO-inject-K1,196988789,0,1.322788,0.9611
Crossing,WDRO-inject-K1,196988790,0,1.051823,0.9611
Crossing,WDRO-inject-K1,196988791,0,1.522417,0.9556
Crossing,WDRO-inject-K1,196988792,0,1.161256,0.9611
Crossing,WDRO-inject-K1,196988793,0,1.386169,0.9611
Crossing,WDRO-inject-K1,196988794,0,0.978762,0.9556
Crossing,WDRO-inject-K1,196988795,1,0.795697,0.9611
Crossing,WDRO-inject-K1,196988796,1,0.511553,0.9611
Crossing,WDRO-inject-K1,196988797,0,1.009327,0.9556
Crossing,WDRO-inject-K1,196988798,0,1.143978,0.9611
Crossing,WDRO-inject-K1,196988799,0,1.070996,0.9611
Crossing,WDRO-inject-K1,196988800,1,0.053014,0.9556
Crossing,WDRO-inject-K1,196988801,1,0.284672,0.9611
Crossing,WDRO-inject-K1,196988802,0,1.731073,0.9611
Crossing,WDRO-inject-K1,196988803,0,0.976794,0.9556
Crossing,WDRO-inject-K1,196988804,0,1.666083,0.9611
Crossing,WDRO-inject-K1,196988805,0,0.948894,0.9611
Crossing,WDRO-inject-K1,196988806,0,1.153265,0.9611
Crossing,WDRO-inject-K1,196988807,0,1.273435,0.9556
Crossing,WDRO-inject-K1,196988808,0,1.340322,0.9611
Crossing,WDRO-inject-K1,196988809,0,1.372899,0.9611
Crossing,WDRO-inject-K1,196988810,0,1.111085,0.9611
Crossing,WDRO-inject-K1,196988811,0,1.024434,0.9611
Crossing,WDRO-inject-K1,196988812,0,1.017859,0.9611
Crossing,WDRO-inject-K1,196988813,0,1.096000,0.9611
Crossing,WDRO-inject-K1,196988814,1,0.357566,0.9611
Crossing,WDRO-inject-K1,196988815,0,1.114592,0.9556
Crossing,WDRO-inject-K1,196988816,1,0.056403,0.9611
Crossing,WDRO-inject-K1,196988817,1,0.659055,0.9611
Crossing,WDRO-inject-K1,196988818,0,1.328652,0.9611
Crossing,WDRO-inject-K1,196988819,0,1.309703,0.9611
Crossing,WDRO-inject-K1,196988820,0,1.220721,0.9611
Crossing,WDRO-inject-K1,196988821,0,1.115225,0.9556
Crossing,WDRO-inject-K1,196988822,0,1.046455,0.9556
Crossing,WDRO-inject-K1,196988823,1,0.493884,0.9611
Crossing,WDRO-inject-K1,196988824,0,1.134350,0.9611
Crossing,WDRO-inject-K1,196988825,0,1.051904,0.9611
Crossing,WDRO-inject-K1,196988826,0,1.196111,0.9611
Crossing,WDRO-inject-K1,196988827,1,0.380265,0.9611
Crossing,WDRO-inject-K1,196988828,0,1.030814,0.9556
Crossing,WDRO-inject-K1,196988829,0,0.952071,0.9611
Crossing,WDRO-inject-K1,196988830,0,1.706758,0.9611
Crossing,WDRO-inject-K1,196988831,0,1.034593,0.9611
Crossing,WDRO-inject-K1,196988832,0,1.078305,0.9611
Crossing,WDRO-inject-K1,196988833,0,1.067959,0.9556
Crossing,WDRO-inject-K1,196988834,0,1.263014,0.9611
Crossing,WDRO-inject-K1,196988835,0,1.179515,0.9611
Crossing,WDRO-inject-K1,196988836,0,1.227767,0.9611
Crossing,WDRO-inject-K1,196988837,0,1.049040,0.9501
Crossing,WDRO-inject-K1,196988838,0,1.390796,0.9611
Crossing,WDRO-inject-K1,196988839,0,1.105179,0.9611
Crossing,WDRO-inject-K1,196988840,0,1.622569,0.9611
Crossing,WDRO-inject-K1,196988841,0,0.999410,0.9611
Crossing,WDRO-inject-K1,196988842,1,0.396301,0.9611
Crossing,WDRO-inject-K1,196988843,1,0.550773,0.9611
Crossing,WDRO-inject-K1,196988844,0,0.999473,0.9501
Crossing,WDRO-inject-K1,196988845,0,1.295179,0.9611
Crossing,WDRO-inject-K1,196988846,0,1.087513,0.9611
Crossing,WDRO-inject-K1,196988847,0,1.288951,0.9611
Crossing,WDRO-inject-K1,196988848,0,1.257694,0.9611
Crossing,WDRO-inject-K1,196988849,0,1.160394,0.9611
Crossing,WDRO-inject-K1,196988850,0,1.099472,0.9611
Crossing,WDRO-inject-K1,196988851,0,1.284795,0.9556
Crossing,WDRO-inject-K1,196988852,0,1.084305,0.9501
Crossing,WDRO-inject-K1,196988853,1,0.496508,0.9501
Crossing,WDRO-inject-K1,196988854,1,0.227101,0.9556
Crossing,WDRO-inject-K1,196988855,0,1.156936,0.9556
Crossing,WDRO-inject-K1,196988856,0,1.089773,0.9611
Crossing,WDRO-inject-K1,196988857,1,0.514148,0.9611
Crossing,WDRO-inject-K1,196988858,1,0.332641,0.9611
Crossing,WDRO-inject-K1,196988859,0,1.135069,0.9556
Crossing,WDRO-inject-K1,196988860,0,1.062211,0.9556
Crossing,WDRO-inject-K1,196988861,0,1.230352,0.9556
Crossing,WDRO-inject-K1,196988862,0,1.208878,0.9611
Crossing,WDRO-inject-K1,196988863,1,0.021259,0.9556
Crossing,WDRO-inject-K1,196988864,0,1.197307,0.9611
Crossing,WDRO-inject-K1,196988865,0,1.028120,0.9501
Crossing,WDRO-inject-K1,196988866,0,0.973828,0.9611
Crossing,WDRO-inject-K1,196988867,0,1.026025,0.9611
Crossing,WDRO-inject-K1,196988868,0,0.924767,0.9556
Crossing,WDRO-inject-K1,196988869,0,0.954603,0.9611
Crossing,WDRO-inject-K1,196988870,1,0.048826,0.9556
Crossing,WDRO-inject-K1,196988871,1,0.024259,0.9556
Crossing,WDRO-inject-K1,196988872,0,1.099662,0.9556
Crossing,WDRO-inject-K1,196988873,1,0.266607,0.9556
Crossing,WDRO-inject-K1,196988874,0,1.108327,0.9501
Crossing,WDRO-inject-K1,196988875,0,1.048450,0.9611
Crossing,WDRO-inject-K1,196988876,0,1.019689,0.9556
Crossing,WDRO-inject-K1,196988877,0,1.154243,0.9611
Crossing,WDRO-inject-K1,196988878,0,1.083912,0.9611
Crossing,WDRO-inject-K1,196988879,0,1.106713,0.9611
Crossing,WDRO-inject-K1,196988880,1,0.615658,0.9556
Crossing,WDRO-inject-K1,196988881,0,1.215088,0.9611
Crossing,WDRO-inject-K1,196988882,0,1.053001,0.9611
Crossing,WDRO-inject-K1,196988883,0,1.290062,0.9611
Crossing,WDRO-inject-K1,196988884,0,1.082883,0.9611
Crossing,WDRO-inject-K1,196988885,1,0.361785,0.9611
Crossing,WDRO-inject-K1,196988886,0,1.016208,0.9556
Crossing,WDRO-inject-K1,196988887,1,0.825116,0.9611
Crossing,WDRO-inject-K1,196988888,1,0.492988,0.9556
Crossing,WDRO-inject-K1,196988889,1,0.692338,0.9556
Crossing,WDRO-inject-K1,196988890,0,1.168454,0.9611
Crossing,WDRO-inject-K1,196988891,0,1.102251,0.9556
Crossing,WDRO-inject-K1,196988892,0,1.257924,0.9611
Crossing,WDRO-inject-K1,196988893,0,1.034653,0.9556
Crossing,WDRO-inject-K1,196988894,0,1.099717,0.9501
Crossing,WDRO-inject-K1,196988895,1,0.536388,0.9556
Crossing,WDRO-inject-K1,196988896,0,1.161674,0.9556
Crossing,WDRO-inject-K1,196988897,0,1.461888,0.9611
Crossing,WDRO-inject-K1,196988898,0,1.206751,0.9611
Crossing,WDRO-inject-K1,196988899,0,1.057344,0.9611
Crossing,WDRO-inject-K1,196988900,1,0.151991,0.9611
Crossing,WDRO-inject-K1,196988901,0,1.580754,0.9611
Crossing,WDRO-inject-K1,196988902,0,1.523700,0.9611
Crossing,WDRO-inject-K1,196988903,0,1.232506,0.9611
Crossing,WDRO-inject-K1,196988904,1,0.483368,0.9611
Crossing,WDRO-inject-K1,196988905,0,0.979627,0.9501
Crossing,WDRO-inject-K1,196988906,0,1.172651,0.9611
Crossing,WDRO-inject-K1,196988907,0,1.681193,0.9611
Crossing,WDRO-inject-K1,196988908,1,0.324852,0.9556
Crossing,WDRO-inject-K1,196988909,0,0.982218,0.9611
Crossing,WDRO-inject-K1,196988910,0,1.127920,0.9611
Crossing,WDRO-inject-K1,196988911,0,1.451717,0.9611
Crossing,WDRO-inject-K1,196988912,0,1.147910,0.9556
Crossing,WDRO-inject-K1,196988913,0,1.098880,0.9611
Crossing,WDRO-inject-K1,196988914,1,0.199700,0.9501
Crossing,WDRO-inject-K1,196988915,0,1.940396,0.9611
Crossing,WDRO-inject-K1,196988916,0,1.081870,0.9611
Crossing,WDRO-inject-K1,196988917,0,1.003550,0.9611
Crossing,WDRO-inject-K1,196988918,1,0.635075,0.9611
Crossing,WDRO-inject-K1,196988919,0,1.041891,0.9611
Crossing,WDRO-inject-K1,196988920,0,1.008634,0.9611
Crossing,WDRO-inject-K1,196988921,0,1.271973,0.9611
Crossing,WDRO-inject-K1,196988922,0,0.989254,0.9611
Crossing,WDRO-inject-K1,196988923,0,1.125362,0.9611
Crossing,WDRO-inject-K1,196988924,0,1.353682,0.9611
Crossing,WDRO-inject-K1,196988925,0,1.532204,0.9611
Crossing,WDRO-inject-K1,196988926,1,0.611253,0.9611
Crossing,WDRO-inject-K1,196988927,1,0.038376,0.9611
Crossing,WDRO-inject-K1,196988928,0,1.011982,0.9501
Crossing,WDRO-inject-K1,196988929,1,0.691489,0.9501
Crossing,WDRO-inject-K1,196988930,1,0.262749,0.9501
Crossing,WDRO-inject-K1,196988931,0,1.333122,0.9611
Crossing,WDRO-inject-K1,196988932,0,1.025320,0.9556
Crossing,WDRO-inject-K1,196988933,0,1.183069,0.9611
Crossing,WDRO-inject-K1,196988934,0,0.987256,0.9611
Crossing,WDRO-inject-K1,196988935,1,0.477872,0.9611
Crossing,WDRO-inject-K1,196988936,0,1.205193,0.9611
Crossing,WDRO-inject-K1,196988937,0,0.979991,0.9611
Crossing,WDRO-inject-K1,196988938,0,1.033678,0.9611
Crossing,WDRO-inject-K1,196988939,0,1.103481,0.9611
Crossing,WDRO-inject-K1,196988940,0,4.610837,0.9556
Crossing,WDRO-inject-K1,196988941,0,0.989632,0.9501
Crossing,WDRO-inject-K1,196988942,0,1.132113,0.9611
Crossing,WDRO-inject-K1,196988943,0,1.405031,0.9611
Crossing,WDRO-inject-K1,196988944,0,1.058303,0.9556
Crossing,WDRO-inject-K1,196988945,0,1.085838,0.9611
Crossing,WDRO-inject-K1,196988946,0,1.443972,0.9611
Crossing,WDRO-inject-K1,196988947,0,1.008790,0.9611
Crossing,WDRO-inject-K1,196988948,0,0.989833,0.9611
Crossing,WDRO-inject-K1,196988949,0,1.205506,0.9611
Crossing,WDRO-inject-K1,196988950,0,1.223536,0.9611
Crossing,WDRO-inject-K1,196988951,0,1.080716,0.9556
Crossing,WDRO-inject-K1,196988952,0,1.132619,0.9501
Crossing,WDRO-inject-K1,196988953,0,1.331599,0.9611
Crossing,WDRO-inject-K1,196988954,0,1.290930,0.9501
Crossing,WDRO-inject-K1,196988955,0,1.188782,0.9501
Crossing,WDRO-inject-K1,196988956,0,1.217543,0.9611
Crossing,WDRO-inject-K1,196988957,0,1.063619,0.9611
Crossing,WDRO-inject-K1,196988958,1,0.781793,0.9501
Crossing,WDRO-inject-K1,196988959,1,0.303917,0.9556
Crossing,WDRO-inject-K1,196988960,0,0.998497,0.9611
Crossing,WDRO-inject-K1,196988961,0,1.086498,0.9611
Crossing,WDRO-inject-K1,196988962,0,1.015207,0.9611
Crossing,WDRO-inject-K1,196988963,0,1.024373,0.9611
Crossing,WDRO-inject-K1,196988964,0,2.410844,0.9611
Crossing,WDRO-inject-K1,196988965,1,0.295893,0.9556
Crossing,WDRO-inject-K1,196988966,0,1.152954,0.9611
Crossing,WDRO-inject-K1,196988967,0,1.234386,0.9556
Crossing,WDRO-inject-K1,196988968,0,1.139849,0.9556
Crossing,WDRO-inject-K1,196988969,0,1.266850,0.9611
Crossing,WDRO-inject-K1,196988970,0,0.988849,0.9556
Crossing,WDRO-inject-K1,196988971,0,0.990847,0.9556
Crossing,WDRO-inject-K1,196988972,0,1.223107,0.9611
Crossing,WDRO-inject-K1,196988973,1,0.069910,0.9556
Crossing,WDRO-inject-K1,196988974,1,0.066146,0.9611
Crossing,WDRO-inject-K1,196988975,0,0.975793,0.9611
Crossing,WDRO-inject-K1,196988976,0,1.069134,0.9611
Crossing,WDRO-inject-K1,196988977,0,1.321743,0.9556
Crossing,WDRO-inject-K1,196988978,0,1.169335,0.9611
Crossing,WDRO-inject-K1,196988979,0,1.547574,0.9611
Crossing,WDRO-inject-K1,196988980,0,1.152143,0.9556
Crossing,WDRO-inject-K1,196988981,1,0.608141,0.9611
Crossing,WDRO-inject-K1,196988982,0,1.027884,0.9556
Crossing,WDRO-inject-K1,196988983,0,1.119366,0.9556
Crossing,WDRO-inject-K1,196988984,0,1.388644,0.9611
Crossing,WDRO-inject-K1,196988985,1,0.192490,0.9556
Crossing,WDRO-inject-K1,196988986,1,0.535721,0.9611
Crossing,WDRO-inject-K1,196988987,1,0.077022,0.9611
Crossing,WDRO-inject-K1,196988988,0,1.075906,0.9611
Crossing,WDRO-inject-K1,196988989,1,0.355513,0.9611
Crossing,WDRO-inject-K1,196988990,0,0.979247,0.9611
Crossing,WDRO-inject-K1,196988991,0,1.078392,0.9611
Crossing,WDRO-inject-K1,196988992,0,1.087882,0.9556
Crossing,WDRO-inject-K1,196988993,1,0.587699,0.9611
Crossing,WDRO-inject-K1,196988994,1,0.272552,0.9556
Crossing,WDRO-inject-K1,196988995,0,1.158851,0.9611
Crossing,WDRO-inject-K1,196988996,0,0.991456,0.9611
Crossing,WDRO-inject-K1,196988997,0,1.252655,0.9611
Crossing,WDRO-inject-K1,196988998,1,0.430238,0.9666
Crossing,WDRO-inject-K1,196988999,0,1.160034,0.9611
Crossing,WDRO-inject-K1,196989000,0,2.018207,0.9501
Crossing,WDRO-inject-K1,196989001,0,1.581098,0.9501
Crossing,WDRO-inject-K1,196989002,1,0.474683,0.9611
Crossing,WDRO-inject-K1,196989003,1,0.754688,0.9611
Crossing,WDRO-inject-K1,196989004,1,0.726876,0.9611
Crossing,WDRO-inject-K1,196989005,0,1.140980,0.9611
Crossing,WDRO-inject-K1,196989006,1,0.408617,0.9556
Crossing,WDRO-inject-K1,196989007,0,1.206280,0.9611
Crossing,WDRO-inject-K1,196989008,0,1.207618,0.9556
Crossing,WDRO-inject-K1,196989009,0,1.233201,0.9611
Crossing,WDRO-inject-K1,196989010,0,0.973868,0.9611
Crossing,WDRO-inject-K1,196989011,0,1.122444,0.9611
Crossing,WDRO-inject-K1,196989012,0,1.604383,0.9501
Crossing,WDRO-inject-K1,196989013,0,1.078572,0.9556
Crossing,WDRO-inject-K1,196989014,0,1.319891,0.9611
Crossing,WDRO-inject-K1,196989015,1,0.273501,0.9501
Crossing,WDRO-inject-K1,196989016,0,1.307862,0.9611
Crossing,WDRO-inject-K1,196989017,1,0.717482,0.9611
Crossing,WDRO-inject-K1,196989018,0,1.130618,0.9556
Crossing,WDRO-inject-K1,196989019,0,1.164495,0.9611
Crossing,WDRO-inject-K1,196989020,0,0.990642,0.9556
Crossing,WDRO-inject-K1,196989021,0,1.155946,0.9611
Crossing,WDRO-inject-K1,196989022,1,0.320339,0.9611
Crossing,WDRO-inject-K1,196989023,1,0.105813,0.9556
Crossing,WDRO-inject-K1,196989024,0,1.371225,0.9611
Crossing,WDRO-inject-K1,196989025,0,1.084520,0.9611
Crossing,WDRO-inject-K1,196989026,0,1.459960,0.9611
Crossing,WDRO-inject-K1,196989027,0,0.964907,0.9501
Crossing,WDRO-inject-K1,196989028,0,1.132677,0.9611
Crossing,WDRO-inject-K1,196989029,0,1.066390,0.9611
Crossing,WDRO-inject-K1,196989030,0,1.367965,0.9611
Crossing,WDRO-inject-K1,196989031,0,0.996463,0.9611
Crossing,WDRO-inject-K1,196989032,0,1.033569,0.9501
Crossing,WDRO-inject-K1,196989033,0,1.016774,0.9556
Crossing,WDRO-inject-K1,196989034,0,1.086661,0.9501
Crossing,WDRO-inject-K1,196989035,0,1.829460,0.9611
Crossing,WDRO-inject-K1,196989036,1,0.828625,0.9611
Crossing,WDRO-inject-K1,196989037,0,1.180267,0.9556
Crossing,WDRO-inject-K1,196989038,1,0.691389,0.9556
Crossing,WDRO-inject-K1,196989039,0,1.109745,0.9611
Crossing,WDRO-inject-K1,196989040,0,1.407649,0.9501
Crossing,WDRO-inject-K1,196989041,1,0.422096,0.9611
Crossing,WDRO-inject-K1,196989042,0,1.371561,0.9611
Crossing,WDRO-inject-K1,196989043,0,1.110839,0.9556
Crossing,WDRO-inject-K1,196989044,0,1.416485,0.9611
Crossing,WDRO-inject-K1,196989045,0,1.312840,0.9611
Crossing,WDRO-inject-K1,196989046,0,1.090685,0.9611
Crossing,WDRO-inject-K1,196989047,0,1.106634,0.9611
Crossing,WDRO-inject-K1,196989048,0,1.205715,0.9556
Crossing,WDRO-inject-K1,196989049,0,1.367936,0.9611
Crossing,WDRO-inject-K1,196989050,0,1.033614,0.9611
Crossing,WDRO-inject-K1,196989051,0,0.999148,0.9501
Crossing,WDRO-inject-K1,196989052,1,0.267800,0.9611
Crossing,WDRO-inject-K1,196989053,0,1.073938,0.9501
Crossing,WDRO-inject-K1,196989054,0,0.986848,0.9556
Crossing,WDRO-inject-K1,196989055,0,1.109254,0.9556
Crossing,WDRO-inject-K1,196989056,0,1.130483,0.9556
Crossing,WDRO-inject-K1,196989057,0,0.984362,0.9611
Crossing,WDRO-inject-K1,196989058,0,0.991418,0.9611
Crossing,WDRO-inject-K1,196989059,0,1.505877,0.9611
Crossing,WDRO-inject-K1,196989060,0,0.876471,0.9611
Crossing,WDRO-inject-K1,196989061,0,1.265202,0.9556
Crossing,WDRO-inject-K1,196989062,0,1.053845,0.9611
Crossing,WDRO-inject-K1,196989063,0,1.286708,0.9611
Crossing,WDRO-inject-K1,196989064,1,0.242435,0.9556
Crossing,WDRO-inject-K1,196989065,1,0.390088,0.9611
Crossing,WDRO-inject-K1,196989066,1,0.665981,0.9556
Crossing,WDRO-inject-K1,196989067,0,1.319595,0.9611
Crossing,WDRO-inject-K1,196989068,1,0.696167,0.9611
Crossing,WDRO-inject-K1,196989069,0,1.093897,0.9611
Crossing,WDRO-inject-K1,196989070,0,1.098469,0.9501
Crossing,WDRO-inject-K1,196989071,1,0.674257,0.9556
Crossing,WDRO-inject-K1,196989072,0,1.062928,0.9611
Crossing,WDRO-inject-K1,196989073,0,1.177861,0.9501
Crossing,WDRO-inject-K1,196989074,1,0.519472,0.9556
Crossing,WDRO-inject-K1,196989075,0,1.485170,0.9611
Crossing,WDRO-inject-K1,196989076,0,1.318302,0.9556
Crossing,WDRO-inject-K1,196989077,0,1.099239,0.9611
Crossing,WDRO-inject-K1,196989078,1,0.409628,0.9556
Crossing,WDRO-inject-K1,196989079,0,1.002252,0.9611
Crossing,WDRO-inject-K1,196989080,1,0.170664,0.9611
Crossing,WDRO-inject-K1,196989081,0,1.528894,0.9501
Crossing,WDRO-inject-K1,196989082,0,1.303401,0.9611
Crossing,WDRO-inject-K1,196989083,0,1.009587,0.9556
Crossing,WDRO-inject-K1,196989084,0,1.004391,0.9611
Crossing,WDRO-inject-K1,196989085,1,0.562718,0.9501
Crossing,WDRO-inject-K1,196989086,0,1.266044,0.9611
Crossing,WDRO-inject-K1,196989087,0,1.510390,0.9611
Crossing,WDRO-inject-K1,196989088,0,1.176187,0.9611
Crossing,WDRO-inject-K1,196989089,0,1.151685,0.9611
Crossing,WDRO-inject-K1,196989090,0,1.084033,0.9611
Crossing,WDRO-inject-K1,196989091,0,1.143247,0.9556
Crossing,WDRO-inject-K1,196989092,0,1.075375,0.9556
Crossing,WDRO-inject-K1,196989093,1,0.776439,0.9501
Crossing,WDRO-inject-K1,196989094,0,1.039968,0.9611
Crossing,WDRO-inject-K1,196989095,0,1.051287,0.9611
Crossing,WDRO-inject-K1,196989096,0,1.092032,0.9611
Crossing,WDRO-inject-K1,196989097,0,1.040034,0.9611
Crossing,WDRO-inject-K1,196989098,0,1.261338,0.9611
Crossing,WDRO-inject-K1,196989099,0,1.050990,0.9501
Crossing,WDRO-inject-K1,196989100,0,1.104732,0.9501
Crossing,WDRO-inject-K1,196989101,1,0.306345,0.9501
Crossing,WDRO-inject-K1,196989102,0,1.514062,0.9611
Crossing,WDRO-inject-K1,196989103,1,0.077981,0.9611
Crossing,WDRO-inject-K1,196989104,1,0.397503,0.9611
Crossing,WDRO-inject-K1,196989105,1,0.262340,0.9611
Crossing,WDRO-inject-K1,196989106,0,1.214522,0.9611
Crossing,WDRO-inject-K1,196989107,0,1.079712,0.9611
Crossing,WDRO-inject-K1,196989108,1,0.615321,0.9501
Crossing,WDRO-inject-K1,196989109,0,1.509601,0.9611
Crossing,WDRO-inject-K1,196989110,0,1.066580,0.9611
Crossing,WDRO-inject-K1,196989111,0,2.111022,0.9611
Crossing,WDRO-inject-K1,196989112,1,0.421383,0.9501
Crossing,WDRO-inject-K1,196989113,0,0.978420,0.9611
Crossing,WDRO-inject-K1,196989114,1,0.697406,0.9556
Crossing,WDRO-inject-K1,196989115,0,1.096910,0.9611
Crossing,WDRO-inject-K1,196989116,1,0.845131,0.9556
Crossing,WDRO-inject-K1,196989117,0,1.394639,0.9611
Crossing,WDRO-inject-K1,196989118,0,1.544240,0.9611
Crossing,WDRO-inject-K1,196989119,0,1.334003,0.9611
Crossing,WDRO-inject-K1,196989120,0,1.064501,0.9501
Crossing,WDRO-inject-K1,196989121,1,0.624447,0.9501
Crossing,WDRO-inject-K1,196989122,1,0.638967,0.9611
Crossing,WDRO-inject-K1,196989123,1,0.154995,0.9611
Crossing,WDRO-inject-K1,196989124,1,0.178711,0.9611
Crossing,WDRO-inject-K1,196989125,0,0.992073,0.9501
Crossing,WDRO-inject-K1,196989126,0,1.069499,0.9611
Crossing,WDRO-inject-K1,196989127,0,1.139651,0.9501
Crossing,WDRO-inject-K1,196989128,1,0.420353,0.9666
Crossing,WDRO-inject-K1,196989129,0,1.111394,0.9611
Crossing,WDRO-inject-K1,196989130,0,0.950172,0.9611
Crossing,WDRO-inject-K1,196989131,0,1.413425,0.9501
Crossing,WDRO-inject-K1,196989132,0,1.332034,0.9611
Crossing,WDRO-inject-K1,196989133,1,0.093750,0.9611
Crossing,WDRO-inject-K1,196989134,1,0.108698,0.9611
Crossing,WDRO-inject-K1,196989135,0,1.361818,0.9611
Crossing,WDRO-inject-K1,196989136,1,0.606004,0.9501
Crossing,WDRO-inject-K1,196989137,0,1.161591,0.9611
Crossing,WDRO-inject-K1,196989138,0,1.122525,0.9611
Crossing,WDRO-inject-K1,196989139,0,1.353456,0.9611
Crossing,WDRO-inject-K1,196989140,1,0.732236,0.9611
Crossing,WDRO-inject-K1,196989141,0,1.136754,0.9611
Crossing,WDRO-inject-K1,196989142,0,1.333170,0.9611
Crossing,WDRO-inject-K1,196989143,0,1.007077,0.9611
Crossing,WDRO-inject-K1,196989144,1,0.388831,0.9611
Crossing,WDRO-inject-K1,196989145,0,1.094526,0.9611
Crossing,WDRO-inject-K1,196989146,0,1.179217,0.9556
Crossing,WDRO-inject-K1,196989147,0,1.219431,0.9611
Crossing,WDRO-inject-K1,196989148,0,1.074875,0.9556
Crossing,WDRO-inject-K1,196989149,0,1.158652,0.9611
Crossing,WDRO-inject-K1,196989150,0,1.178890,0.9611
Crossing,WDRO-inject-K1,196989151,1,0.117106,0.9611
Crossing,WDRO-inject-K1,196989152,0,1.314993,0.9611
Crossing,WDRO-inject-K1,196989153,1,0.141244,0.9666
Crossing,WDRO-inject-K1,196989154,0,1.602521,0.9611
Crossing,WDRO-inject-K1,196989155,0,1.023489,0.9611
Crossing,WDRO-inject-K1,196989156,1,0.715040,0.9556
Crossing,WDRO-inject-K1,196989157,0,1.185158,0.9501
Crossing,WDRO-inject-K1,196989158,0,1.255408,0.9611
Crossing,WDRO-inject-K1,196989159,0,1.041216,0.9611
Crossing,WDRO-inject-K1,196989160,0,1.267594,0.9611
Crossing,WDRO-inject-K1,196989161,1,0.679496,0.9501
Crossing,WDRO-inject-K1,196989162,0,1.133712,0.9556
Crossing,WDRO-inject-K1,196989163,0,1.337605,0.9611
Crossing,WDRO-inject-K1,196989164,0,1.046735,0.9501
Crossing,WDRO-inject-K1,196989165,1,0.700285,0.9501
Crossing,WDRO-inject-K1,196989166,0,1.024289,0.9611
Crossing,WDRO-inject-K1,196989167,0,0.970870,0.9611
Crossing,WDRO-inject-K1,196989168,0,0.980580,0.9501
Crossing,WDRO-inject-K1,196989169,0,1.164129,0.9611
Crossing,WDRO-inject-K1,196989170,1,0.556553,0.9556
Crossing,WDRO-inject-K1,196989171,0,1.144292,0.9611
Crossing,WDRO-inject-K1,196989172,0,1.274925,0.9556
Crossing,WDRO-inject-K1,196989173,1,0.657198,0.9556
Crossing,WDRO-inject-K1,196989174,0,1.632261,0.9611
Crossing,WDRO-inject-K1,196989175,0,0.998045,0.9611
Crossing,WDRO-inject-K1,196989176,0,1.053219,0.9611
Crossing,WDRO-inject-K1,196989177,1,0.562198,0.9611
Crossing,WDRO-inject-K1,196989178,0,1.212890,0.9611
Crossing,WDRO-inject-K1,196989179,0,1.150337,0.9611
Crossing,WDRO-inject-K1,196989180,0,1.156651,0.9611
Crossing,WDRO-inject-K1,196989181,0,1.200948,0.9611
Crossing,WDRO-inject-K1,196989182,0,1.009140,0.9611
Crossing,WDRO-inject-K1,196989183,0,1.133038,0.9611
Crossing,WDRO-inject-K1,196989184,1,0.565867,0.9611
Crossing,WDRO-inject-K1,196989185,0,1.116729,0.9611
Crossing,WDRO-inject-K1,196989186,0,1.037009,0.9501
Crossing,WDRO-inject-K1,196989187,0,1.301732,0.9556
Crossing,WDRO-inject-K1,196989188,0,1.075601,0.9611
Crossing,WDRO-inject-K1,196989189,0,1.049479,0.9501
Crossing,WDRO-inject-K1,196989190,0,1.023871,0.9611
Crossing,WDRO-inject-K1,196989191,0,1.036521,0.9611
Crossing,WDRO-inject-K1,196989192,0,0.958102,0.9556
Crossing,WDRO-inject-K1,196989193,0,1.508469,0.9611
Crossing,WDRO-inject-K1,196989194,1,0.022044,0.9501
Crossing,WDRO-inject-K1,196989195,0,1.088451,0.9611
Crossing,WDRO-inject-K1,196989196,0,1.084712,0.9611
Crossing,WDRO-inject-K1,196989197,0,1.162422,0.9501
Crossing,WDRO-inject-K1,196989198,0,1.446960,0.9611
Crossing,WDRO-inject-K1,196989199,1,0.806450,0.9556
Crossing,WDRO-inject-K1,196989200,1,0.616343,0.9611
Crossing,WDRO-inject-K1,196989201,0,1.462959,0.9611
Crossing,WDRO-inject-K1,196989202,0,1.057034,0.9501
Crossing,WDRO-inject-K1,196989203,0,1.106528,0.9501
Crossing,WDRO-inject-K1,196989204,1,0.568866,0.9556
Crossing,WDRO-inject-K1,196989205,1,0.480886,0.9501
Crossing,WDRO-inject-K1,196989206,1,0.613245,0.9611
Crossing,WDRO-inject-K1,196989207,0,0.939868,0.9556
Crossing,WDRO-inject-K1,196989208,0,1.372602,0.9501
Crossing,WDRO-inject-K1,196989209,0,1.194633,0.9611
Crossing,WDRO-inject-K1,196989210,0,1.136113,0.9611
Crossing,WDRO-inject-K1,196989211,0,2.089388,0.9611
Crossing,WDRO-inject-K1,196989212,0,1.034960,0.9611
Crossing,WDRO-inject-K1,196989213,0,1.210465,0.9611
Crossing,WDRO-inject-K1,196989214,0,1.001861,0.9611
Crossing,WDRO-inject-K1,196989215,0,1.519067,0.9611
Crossing,WDRO-inject-K1,196989216,0,0.976553,0.9556
Crossing,WDRO-inject-K1,196989217,0,1.028484,0.9611
Crossing,WDRO-inject-K1,196989218,0,1.050982,0.9611
Crossing,WDRO-inject-K1,196989219,0,1.032561,0.9611
Crossing,WDRO-inject-K1,196989220,0,1.111271,0.9666
Crossing,WDRO-inject-K1,196989221,0,1.395867,0.9611
Crossing,WDRO-inject-K1,196989222,0,1.355323,0.9556
Crossing,WDRO-inject-K1,196989223,1,0.570124,0.9611
Crossing,WDRO-inject-K1,196989224,0,1.307121,0.9611
Crossing,WDRO-inject-K1,196989225,0,1.965050,0.9611
Crossing,WDRO-inject-K1,196989226,0,1.266270,0.9611
Crossing,WDRO-inject-K1,196989227,0,0.988473,0.9611
Crossing,WDRO-inject-K1,196989228,1,0.655254,0.9501
Crossing,WDRO-inject-K1,196989229,0,1.185998,0.9611
Crossing,WDRO-inject-K1,196989230,1,0.662742,0.9556
Crossing,WDRO-inject-K1,196989231,1,0.584572,0.9611
Crossing,WDRO-inject-K1,196989232,1,0.348414,0.9611
Crossing,WDRO-inject-K1,196989233,0,1.042847,0.9611
Crossing,WDRO-inject-K1,196989234,1,0.184973,0.9556
Crossing,WDRO-inject-K1,196989235,0,1.137585,0.9611
Crossing,WDRO-inject-K1,196989236,1,0.716737,0.9501
Crossing,WDRO-inject-K1,196989237,0,1.037029,0.9611
Crossing,WDRO-inject-K1,196989238,0,1.311961,0.9611
Crossing,WDRO-inject-K1,196989239,0,1.050183,0.9556
Crossing,WDRO-inject-K1,196989240,1,0.492013,0.9611
Crossing,WDRO-inject-K1,196989241,0,1.122201,0.9611
Crossing,WDRO-inject-K1,196989242,1,0.401296,0.9611
Crossing,WDRO-inject-K1,196989243,0,1.583771,0.9611
Crossing,WDRO-inject-K1,196989244,1,0.179104,0.9501
Crossing,WDRO-inject-K1,196989245,0,1.056414,0.9501
Crossing,WDRO-inject-K1,196989246,1,0.372055,0.9556
Crossing,WDRO-inject-K1,196989247,0,0.974068,0.9611
Crossing,WDRO-inject-K1,196989248,0,0.890060,0.9501
Crossing,WDRO-inject-K1,196989249,0,1.060296,0.9556
Crossing,WDRO-inject-K1,196989250,0,1.426700,0.9611
Crossing,WDRO-inject-K1,196989251,0,1.089632,0.9501
Crossing,WDRO-inject-K1,196989252,0,1.291546,0.9611
Crossing,WDRO-inject-K1,196989253,0,1.282287,0.9556
Crossing,WDRO-inject-K1,196989254,1,0.174125,0.9611
Crossing,WDRO-inject-K1,196989255,0,1.031412,0.9611
Crossing,WDRO-inject-K1,196989256,0,1.210757,0.9611
Crossing,WDRO-inject-K1,196989257,0,1.812770,0.9611
Crossing,WDRO-inject-K1,196989258,0,1.297697,0.9611
Crossing,WDRO-inject-K1,196989259,1,0.407621,0.9556
Crossing,WDRO-inject-K1,196989260,0,1.243240,0.9611
Crossing,WDRO-inject-K1,196989261,0,1.028761,0.9556
Crossing,WDRO-inject-K1,196989262,1,0.006829,0.9556
Crossing,WDRO-inject-K1,196989263,1,0.384294,0.9611
Crossing,WDRO-inject-K1,196989264,1,0.259614,0.9501
Crossing,WDRO-inject-K1,196989265,1,0.396683,0.9556
Crossing,WDRO-inject-K1,196989266,1,0.508516,0.9556
Crossing,WDRO-inject-K1,196989267,1,0.072411,0.9501
Crossing,WDRO-inject-K1,196989268,1,0.158116,0.9611
Crossing,WDRO-inject-K1,196989269,0,1.003580,0.9556
Crossing,WDRO-inject-K1,196989270,0,1.102492,0.9501
Crossing,WDRO-inject-K1,196989271,0,1.278107,0.9556
Crossing,WDRO-inject-K1,196989272,0,1.074980,0.9611
Crossing,WDRO-inject-K1,196989273,0,1.401430,0.9611
Crossing,WDRO-inject-K1,196989274,1,0.419224,0.9611
Crossing,WDRO-inject-K1,196989275,0,1.288938,0.9611
Crossing,WDRO-inject-K1,196989276,0,1.089024,0.9611
Crossing,WDRO-inject-K1,196989277,0,1.038672,0.9556
Crossing,WDRO-inject-K1,196989278,0,0.951730,0.9556
Crossing,WDRO-inject-K1,196989279,0,1.592823,0.9611
Crossing,WDRO-inject-K1,196989280,0,1.216549,0.9501
Crossing,WDRO-inject-K1,196989281,1,0.370308,0.9611
Crossing,WDRO-inject-K1,196989282,0,1.210137,0.9556
Crossing,WDRO-inject-K1,196989283,0,1.097764,0.9611
Crossing,WDRO-inject-K1,196989284,1,0.281519,0.9556
Crossing,WDRO-inject-K1,196989285,0,1.048313,0.9501
Crossing,WDRO-inject-K1,196989286,0,1.028127,0.9611
Crossing,WDRO-inject-K1,196989287,1,0.085451,0.9611
Crossing,WDRO-inject-K1,196989288,0,1.228145,0.9611
Crossing,WDRO-inject-K1,196989289,0,1.219650,0.9611
Crossing,WDRO-inject-K1,196989290,0,1.195414,0.9501
Crossing,WDRO-inject-K1,196989291,1,0.734356,0.9611
Crossing,WDRO-inject-K1,196989292,0,0.985416,0.9611
Crossing,WDRO-inject-K1,196989293,1,0.154891,0.9611
Crossing,WDRO-inject-K1,196989294,1,0.191259,0.9611
Crossing,WDRO-inject-K1,196989295,0,1.274718,0.9611
Crossing,WDRO-inject-K1,196989296,0,1.031562,0.9611
Crossing,WDRO-inject-K1,196989297,0,1.089474,0.9611
Crossing,WDRO-inject-K1,196989298,0,1.142611,0.9611
Crossing,WDRO-inject-K1,196989299,0,1.105966,0.9611
Crossing,WDRO-inject-K1,196989300,1,0.302673,0.9556
Crossing,WDRO-inject-K1,196989301,0,1.348012,0.9611
Crossing,WDRO-inject-K1,196989302,0,1.176144,0.9611
Crossing,WDRO-inject-K1,196989303,0,1.006209,0.9611
Crossing,WDRO-inject-K1,196989304,0,1.122851,0.9611
Crossing,WDRO-inject-K1,196989305,1,0.174617,0.9611
Crossing,WDRO-inject-K1,196989306,1,0.605897,0.9556
Crossing,WDRO-inject-K1,196989307,0,1.101078,0.9611
Crossing,WDRO-inject-K1,196989308,0,1.126119,0.9611
Crossing,WDRO-inject-K1,196989309,0,0.956764,0.9611
Crossing,WDRO-inject-K1,196989310,0,1.353234,0.9611
Crossing,WDRO-inject-K1,196989311,1,0.700165,0.9501
Crossing,WDRO-inject-K1,196989312,1,0.107968,0.9556
Crossing,WDRO-inject-K1,196989313,0,1.086213,0.9611
Crossing,WDRO-inject-K1,196989314,0,1.022091,0.9611
Crossing,WDRO-inject-K1,196989315,0,1.031739,0.9611
Crossing,WDRO-inject-K1,196989316,1,0.106017,0.9501
Crossing,WDRO-inject-K1,196989317,0,1.120908,0.9556
Crossing,WDRO-inject-K1,196989318,0,1.232345,0.9611
Crossing,WDRO-inject-K1,196989319,0,0.986843,0.9501
Crossing,WDRO-inject-K1,196989320,0,1.024957,0.9501
Crossing,WDRO-inject-K1,196989321,1,0.296547,0.9611
Crossing,WDRO-inject-K1,196989322,1,0.192429,0.9556
Crossing,WDRO-inject-K1,196989323,0,1.083717,0.9611
Crossing,WDRO-inject-K1,196989324,0,0.957077,0.9611
Crossing,WDRO-inject-K1,196989325,0,1.090076,0.9611
Crossing,WDRO-inject-K1,196989326,0,1.028599,0.9556
Crossing,WDRO-inject-K1,196989327,0,1.131383,0.9611
Crossing,WDRO-inject-K1,196989328,1,0.461860,0.9611
Crossing,WDRO-inject-K1,196989329,0,1.317952,0.9556
Crossing,WDRO-inject-K1,196989330,0,1.146760,0.9611
Crossing,WDRO-inject-K1,196989331,0,1.195688,0.9611
Crossing,WDRO-inject-K1,196989332,0,1.012601,0.9611
Crossing,WDRO-inject-K1,196989333,0,0.980592,0.9611
Crossing,WDRO-inject-K1,196989334,0,1.449847,0.9556
Crossing,WDRO-inject-K1,196989335,0,1.010988,0.9611
Crossing,WDRO-inject-K1,196989336,0,1.073063,0.9501
Crossing,WDRO-inject-K1,196989337,0,1.145594,0.9556
Crossing,WDRO-inject-K1,196989338,1,0.304965,0.9556
Crossing,WDRO-inject-K1,196989339,0,0.982872,0.9611
Crossing,WDRO-inject-K1,196989340,0,1.062577,0.9556
Crossing,WDRO-inject-K1,196989341,0,0.997821,0.9611
Crossing,WDRO-inject-K1,196989342,0,1.110706,0.9501
Crossing,WDRO-inject-K1,196989343,0,1.028992,0.9611
Crossing,WDRO-inject-K1,196989344,0,1.127089,0.9556
Crossing,WDRO-inject-K1,196989345,1,0.583827,0.9611
Crossing,WDRO-inject-K1,196989346,0,1.162955,0.9611
Crossing,WDRO-inject-K1,196989347,0,1.301828,0.9611
Crossing,WDRO-inject-K1,196989348,0,1.187561,0.9611
Crossing,WDRO-inject-K1,196989349,1,0.344380,0.9611
Crossing,WDRO-inject-K1,196989350,0,1.127023,0.9501
Crossing,WDRO-inject-K1,196989351,0,1.133111,0.9501
Crossing,WDRO-inject-K1,196989352,0,1.226855,0.9501
Crossing,WDRO-inject-K1,196989353,0,1.073382,0.9556
Crossing,WDRO-inject-K1,196989354,0,0.961592,0.9611
Crossing,WDRO-inject-K1,196989355,0,2.085546,0.9611
Crossing,WDRO-inject-K1,196989356,0,1.046358,0.9556
Crossing,WDRO-inject-K1,196989357,0,1.352611,0.9556
Crossing,WDRO-inject-K1,196989358,0,1.231558,0.9611
Crossing,WDRO-inject-K1,196989359,0,1.029170,0.9611
Crossing,WDRO-inject-K1,196989360,1,0.596787,0.9556
Crossing,WDRO-inject-K1,196989361,0,0.982046,0.9611
Crossing,WDRO-inject-K1,196989362,0,1.547705,0.9556
Crossing,WDRO-inject-K1,196989363,1,0.622638,0.9501
Crossing,WDRO-inject-K1,196989364,0,1.150253,0.9556
Crossing,WDRO-inject-K1,196989365,1,0.257299,0.9611
Crossing,WDRO-inject-K1,196989366,0,1.293964,0.9501
Crossing,WDRO-inject-K1,196989367,0,1.525466,0.9611
Crossing,WDRO-inject-K1,196989368,0,1.106181,0.9556
Crossing,WDRO-inject-K1,196989369,1,0.772361,0.9501
Crossing,WDRO-inject-K1,196989370,0,1.256915,0.9611
Crossing,WDRO-inject-K1,196989371,0,1.180517,0.9611
Crossing,WDRO-inject-K1,196989372,0,1.188245,0.9556
Crossing,WDRO-inject-K1,196989373,0,1.307610,0.9611
Crossing,WDRO-inject-K1,196989374,1,0.551570,0.9611
Crossing,WDRO-inject-K1,196989375,1,0.723590,0.9611
Crossing,WDRO-inject-K1,196989376,0,1.032935,0.9556
Crossing,WDRO-inject-K1,196989377,0,1.118066,0.9611
Crossing,WDRO-inject-K1,196989378,0,1.076449,0.9611
Crossing,WDRO-inject-K1,196989379,0,1.086087,0.9611
Crossing,WDRO-inject-K1,196989380,1,0.654097,0.9556
Crossing,WDRO-inject-K1,196989381,1,0.783418,0.9611
Crossing,WDRO-inject-K1,196989382,0,1.068179,0.9611
Crossing,WDRO-inject-K1,196989383,1,0.479424,0.9611
Crossing,WDRO-inject-K1,196989384,0,1.084529,0.9501
Crossing,WDRO-inject-K1,196989385,1,0.361128,0.9556
Crossing,WDRO-inject-K1,196989386,1,0.387583,0.9501
Crossing,WDRO-inject-K1,196989387,1,0.507888,0.9611
Crossing,WDRO-inject-K1,196989388,1,0.099972,0.9611
Crossing,WDRO-inject-K1,196989389,1,0.474834,0.9611
Crossing,WDRO-inject-K1,196989390,0,1.043112,0.9611
Crossing,WDRO-inject-K1,196989391,0,1.047443,0.9611
Crossing,WDRO-inject-K1,196989392,1,0.661804,0.9611
Crossing,WDRO-inject-K1,196989393,0,1.189056,0.9611
Crossing,WDRO-inject-K1,196989394,0,1.210292,0.9611
Crossing,WDRO-inject-K1,196989395,1,0.261280,0.9666
Crossing,WDRO-inject-K1,196989396,0,0.987749,0.9611
Crossing,WDRO-inject-K1,196989397,0,0.987839,0.9611
Crossing,WDRO-inject-K1,196989398,1,0.323919,0.9611
Crossing,WDRO-inject-K1,196989399,0,1.236160,0.9501
Crossing,WDRO-inject-K1,196989400,0,1.202381,0.9556
Crossing,WDRO-inject-K1,196989401,0,1.137113,0.9556
Crossing,WDRO-inject-K1,196989402,0,1.167617,0.9611
Crossing,WDRO-inject-K1,196989403,0,1.948278,0.9611
Crossing,WDRO-inject-K1,196989404,0,1.381670,0.9611
Crossing,WDRO-inject-K1,196989405,0,1.083082,0.9611
Crossing,WDRO-inject-K1,196989406,0,1.406737,0.9556
Crossing,WDRO-inject-K1,196989407,0,1.363071,0.9611
Crossing,WDRO-inject-K1,196989408,0,1.135505,0.9611
Crossing,WDRO-inject-K1,196989409,0,1.119092,0.9611
Crossing,WDRO-inject-K1,196989410,1,0.338631,0.9611
Crossing,WDRO-inject-K1,196989411,0,0.945766,0.9611
Crossing,WDRO-inject-K1,196989412,0,1.334835,0.9556
Crossing,WDRO-inject-K1,196989413,1,0.282636,0.9556
Crossing,WDRO-inject-K1,196989414,0,1.030443,0.9556
Crossing,WDRO-inject-K1,196989415,1,0.571007,0.9556
Crossing,WDRO-inject-K1,196989416,0,1.055079,0.9611
Crossing,WDRO-inject-K1,196989417,0,1.133483,0.9611
Crossing,WDRO-inject-K1,196989418,0,1.341322,0.9556
Crossing,WDRO-inject-K1,196989419,0,0.987585,0.9556
Crossing,WDRO-inject-K1,196989420,0,1.087359,0.9611
Crossing,WDRO-inject-K1,196989421,1,0.666910,0.9611
Crossing,WDRO-inject-K1,196989422,0,1.716784,0.9611
Crossing,WDRO-inject-K1,196989423,0,1.185313,0.9611
Crossing,WDRO-inject-K1,196989424,0,1.522779,0.9611
Crossing,WDRO-inject-K1,196989425,0,1.428098,0.9611
Crossing,WDRO-inject-K1,196989426,0,1.070631,0.9556
Crossing,WDRO-inject-K1,196989427,0,1.048883,0.9556
Crossing,WDRO-inject-K1,196989428,1,0.351481,0.9501
Crossing,WDRO-inject-K1,196989429,1,0.245493,0.9611
Crossing,WDRO-inject-K1,196989430,1,0.058541,0.9556
Crossing,WDRO-inject-K1,196989431,0,1.261430,0.9611
Crossing,WDRO-inject-K1,196989432,0,1.218281,0.9611
Crossing,WDRO-inject-K1,196989433,0,1.598875,0.9611
Crossing,WDRO-inject-K1,196989434,0,1.029109,0.9611
Crossing,WDRO-inject-K1,196989435,0,1.216718,0.9611
Crossing,WDRO-inject-K1,196989436,0,1.127209,0.9611
Crossing,WDRO-inject-K1,196989437,0,1.056885,0.9556
Crossing,WDRO-inject-K1,196989438,0,1.062305,0.9611
Crossing,WDRO-inject-K1,196989439,0,1.221625,0.9501
Crossing,WDRO-inject-K1,196989440,0,2.336291,0.9556
Crossing,WDRO-inject-K1,196989441,1,0.544034,0.9501
Crossing,WDRO-inject-K1,196989442,0,1.163515,0.9611
Crossing,WDRO-inject-K1,196989443,1,0.362628,0.9611
Crossing,WDRO-inject-K1,196989444,0,1.011029,0.9611
Crossing,WDRO-inject-K1,196989445,0,1.143023,0.9611
Crossing,WDRO-inject-K1,196989446,0,1.271903,0.9556
Crossing,WDRO-inject-K1,196989447,0,1.216476,0.9611
Crossing,WDRO-inject-K1,196989448,0,1.093103,0.9611
Crossing,WDRO-inject-K1,196989449,0,1.172378,0.9556
Crossing,WDRO-inject-K1,196989450,0,1.239730,0.9611
Crossing,WDRO-inject-K1,196989451,0,1.893835,0.9611
Crossing,WDRO-inject-K1,196989452,0,1.260731,0.9611
Crossing,WDRO-inject-K1,196989453,0,1.662942,0.9611
Crossing,WDRO-inject-K1,196989454,0,1.192152,0.9556
Crossing,WDRO-inject-K1,196989455,0,1.141273,0.9611
Crossing,WDRO-inject-K1,196989456,0,1.032619,0.9611
Crossing,WDRO-inject-K1,196989457,0,1.232735,0.9611
Crossing,WDRO-inject-K1,196989458,1,0.138941,0.9611
Crossing,WDRO-inject-K1,196989459,1,0.220696,0.9611
Crossing,WDRO-inject-K1,196989460,0,1.182748,0.9611
Crossing,WDRO-inject-K1,196989461,0,1.295298,0.9611
Crossing,WDRO-inject-K1,196989462,0,0.991247,0.9611
Crossing,WDRO-inject-K1,196989463,1,0.218552,0.9611
Crossing,WDRO-inject-K1,196989464,0,1.081523,0.9611
Crossing,WDRO-inject-K1,196989465,0,1.178818,0.9556
Crossing,WDRO-inject-K1,196989466,0,1.013235,0.9611
Crossing,WDRO-inject-K1,196989467,0,1.144522,0.9556
Crossing,WDRO-inject-K1,196989468,0,1.084147,0.9611
Crossing,WDRO-inject-K1,196989469,0,1.013178,0.9556
Crossing,WDRO-inject-K1,196989470,0,1.256395,0.9611
Crossing,WDRO-inject-K1,196989471,0,1.077344,0.9666
Crossing,WDRO-inject-K1,196989472,0,1.166716,0.9556
Crossing,WDRO-inject-K1,196989473,0,0.985206,0.9556
Crossing,WDRO-inject-K1,196989474,0,1.400414,0.9611
Crossing,WDRO-inject-K1,196989475,0,1.074726,0.9501
Crossing,WDRO-inject-K1,196989476,0,1.193059,0.9501
Crossing,WDRO-inject-K1,196989477,0,1.046780,0.9556
Crossing,WDRO-inject-K1,196989478,0,1.054986,0.9611
Crossing,WDRO-inject-K1,196989479,1,0.546924,0.9611
Crossing,WDRO-inject-K1,196989480,0,1.341322,0.9611
Crossing,WDRO-inject-K1,196989481,0,1.128389,0.9611
Crossing,WDRO-inject-K1,196989482,0,1.278742,0.9611
Crossing,WDRO-inject-K1,196989483,1,0.535309,0.9556
Crossing,WDRO-inject-K1,196989484,0,1.288462,0.9611
Crossing,WDRO-inject-K1,196989485,0,1.351887,0.9556
Crossing,WDRO-inject-K1,196989486,0,1.262356,0.9611
Crossing,WDRO-inject-K1,196989487,0,1.749542,0.9611
Crossing,WDRO-inject-K1,196989488,0,1.120230,0.9611
Crossing,WDRO-inject-K1,196989489,0,0.998288,0.9556
Crossing,WDRO-inject-K1,196989490,0,1.091226,0.9611
Crossing,WDRO-inject-K1,196989491,0,1.215360,0.9611
Crossing,WDRO-inject-K1,196989492,0,0.992951,0.9611
Crossing,WDRO-inject-K1,196989493,0,1.031236,0.9501
Crossing,WDRO-inject-K1,196989494,1,0.263337,0.9556
Crossing,WDRO-inject-K1,196989495,0,1.283856,0.9611
Crossing,WDRO-inject-K1,196989496,0,1.171233,0.9556
Crossing,WDRO-inject-K1,196989497,0,1.038562,0.9611
Crossing,WDRO-inject-K1,196989498,1,0.619775,0.9611
Crossing,WDRO-inject-K1,196989499,0,1.241772,0.9556
Crossing,WDRO-inject-K1,196989500,0,1.156025,0.9611
Crossing,WDRO-inject-K1,196989501,0,1.006046,0.9611
Crossing,WDRO-inject-K1,196989502,1,0.639853,0.9611
Crossing,WDRO-inject-K1,196989503,1,0.585162,0.9611
Crossing,WDRO-inject-K1,196989504,1,0.528784,0.9611
Crossing,WDRO-inject-K1,196989505,1,0.560742,0.9611
Crossing,WDRO-inject-K1,196989506,0,1.216490,0.9611
Crossing,WDRO-inject-K1,196989507,0,1.149313,0.9556
Crossing,WDRO-inject-K1,196989508,0,1.393055,0.9556
Crossing,WDRO-inject-K1,196989509,0,1.156104,0.9556
Crossing,WDRO-inject-K1,196989510,1,0.177284,0.9556
Crossing,WDRO-inject-K1,196989511,1,0.492415,0.9611
Crossing,WDRO-inject-K1,196989512,0,1.357762,0.9501
Crossing,WDRO-inject-K1,196989513,0,1.064973,0.9611
Crossing,WDRO-inject-K1,196989514,0,1.132049,0.9556
Crossing,WDRO-inject-K1,196989515,0,1.370736,0.9556
Crossing,WDRO-inject-K1,196989516,0,1.021703,0.9556
Crossing,WDRO-inject-K1,196989517,0,1.210291,0.9611
Crossing,WDRO-inject-K1,196989518,0,1.178937,0.9501
Crossing,WDRO-inject-K1,196989519,0,1.060438,0.9611
Crossing,WDRO-inject-K1,196989520,1,0.685635,0.9556
Crossing,WDRO-inject-K1,196989521,0,0.967151,0.9611
Crossing,WDRO-inject-K1,196989522,0,1.097300,0.9556
Crossing,WDRO-inject-K1,196989523,0,1.296413,0.9611
Crossing,WDRO-inject-K1,196989524,0,1.075165,0.9611
Crossing,WDRO-inject-K1,196989525,0,1.477217,0.9556
Crossing,WDRO-inject-K1,196989526,0,1.036555,0.9611
Crossing,WDRO-inject-K1,196989527,0,1.054912,0.9611
Crossing,WDRO-inject-K1,196989528,0,0.959072,0.9611
Crossing,WDRO-inject-K1,196989529,1,0.673822,0.9611
Crossing,WDRO-inject-K1,196989530,0,1.015481,0.9556
Crossing,WDRO-inject-K1,196989531,1,0.383879,0.9556
Crossing,WDRO-inject-K1,196989532,0,1.019199,0.9556
Crossing,WDRO-inject-K1,196989533,0,1.143839,0.9611
Crossing,WDRO-inject-K1,196989534,0,1.059861,0.9611
Crossing,WDRO-inject-K1,196989535,0,1.092708,0.9501
Crossing,WDRO-inject-K1,196989536,0,0.958621,0.9611
Crossing,WDRO-inject-K1,196989537,0,1.042264,0.9501
Crossing,WDRO-inject-K1,196989538,1,0.455470,0.9501
Crossing,WDRO-inject-K1,196989539,0,1.125250,0.9501
Crossing,WDRO-inject-K1,196989540,0,1.606144,0.9611
Crossing,WDRO-inject-K1,196989541,0,1.003007,0.9611
Crossing,WDRO-inject-K1,196989542,0,1.282862,0.9556
Crossing,WDRO-inject-K1,196989543,0,1.172391,0.9611
Crossing,WDRO-inject-K1,196989544,0,1.145870,0.9611
Crossing,WDRO-inject-K1,196989545,0,1.411102,0.9611
Crossing,WDRO-inject-K1,196989546,1,0.595957,0.9611
Crossing,WDRO-inject-K1,196989547,0,1.070393,0.9556
Crossing,WDRO-inject-K1,196989548,1,0.676534,0.9611
Crossing,WDRO-inject-K1,196989549,1,0.402610,0.9611
Crossing,WDRO-inject-K1,196989550,0,1.078380,0.9556
Crossing,WDRO-inject-K1,196989551,0,1.314157,0.9611
Crossing,WDRO-inject-K1,196989552,0,1.048228,0.9611
Crossing,WDRO-inject-K1,196989553,0,1.213166,0.9611
Crossing,WDRO-inject-K1,196989554,0,1.140198,0.9611
Crossing,WDRO-inject-K1,196989555,0,1.828920,0.9611
Crossing,WDRO-inject-K1,196989556,1,0.440385,0.9611
Crossing,WDRO-inject-K1,196989557,0,1.136498,0.9556
Crossing,WDRO-inject-K1,196989558,0,0.928389,0.9556
Crossing,WDRO-inject-K1,196989559,0,1.286134,0.9611
Crossing,WDRO-inject-K1,196989560,0,1.675876,0.9501
Crossing,WDRO-inject-K1,196989561,0,1.094533,0.9611
Crossing,WDRO-inject-K1,196989562,0,1.175206,0.9611
Crossing,WDRO-inject-K1,196989563,1,0.372743,0.9556
Crossing,WDRO-inject-K1,196989564,0,1.125846,0.9611
Crossing,WDRO-inject-K1,196989565,0,1.368466,0.9611
Crossing,WDRO-inject-K1,196989566,1,0.738418,0.9611
Crossing,WDRO-inject-K1,196989567,0,1.019213,0.9611
Crossing,WDRO-inject-K1,196989568,0,1.143951,0.9556
Crossing,WDRO-inject-K1,196989569,0,1.132808,0.9556
Crossing,WDRO-inject-K1,196989570,0,0.954329,0.9501
Crossing,WDRO-inject-K1,196989571,0,1.094397,0.9501
Crossing,WDRO-inject-K1,196989572,1,0.642801,0.9611
Crossing,WDRO-inject-K1,196989573,0,1.215284,0.9611
Crossing,WDRO-inject-K1,196989574,1,0.655007,0.9611
Crossing,WDRO-inject-K1,196989575,0,1.035180,0.9611
Crossing,WDRO-inject-K1,196989576,1,0.498650,0.9556
Crossing,WDRO-inject-K1,196989577,0,1.119946,0.9611
Crossing,WDRO-inject-K1,196989578,1,0.101460,0.9611
Crossing,WDRO-inject-K1,196989579,0,1.046010,0.9501
Crossing,WDRO-inject-K1,196989580,0,1.398842,0.9611
Crossing,WDRO-inject-K1,196989581,0,1.086407,0.9611
Crossing,WDRO-inject-K1,196989582,0,1.283497,0.9611
Crossing,WDRO-inject-K1,196989583,0,1.075211,0.9611
Crossing,WDRO-inject-K1,196989584,0,1.195378,0.9611
Crossing,WDRO-inject-K1,196989585,0,1.131242,0.9611
Crossing,WDRO-inject-K1,196989586,0,0.982193,0.9501
Crossing,WDRO-inject-K1,196989587,1,0.561922,0.9611
Crossing,WDRO-inject-K1,196989588,0,0.979155,0.9611
Crossing,WDRO-inject-K1,196989589,0,1.198869,0.9556
Crossing,WDRO-inject-K1,196989590,1,0.402639,0.9611
Crossing,TopRisk-K1,197787591,1,0.492376,0.9611
Crossing,TopRisk-K1,197787592,0,1.084282,0.9611
Crossing,TopRisk-K1,197787593,0,1.046896,0.9611
Crossing,TopRisk-K1,197787594,0,1.092353,0.9611
Crossing,TopRisk-K1,197787595,0,1.739580,0.9611
Crossing,TopRisk-K1,197787596,0,1.231464,0.9611
Crossing,TopRisk-K1,197787597,1,0.658272,0.9501
Crossing,TopRisk-K1,197787598,1,0.456795,0.9501
Crossing,TopRisk-K1,197787599,0,0.994350,0.9556
Crossing,TopRisk-K1,197787600,0,1.202919,0.9611
Crossing,TopRisk-K1,197787601,0,1.112517,0.9556
Crossing,TopRisk-K1,197787602,0,1.134847,0.9556
Crossing,TopRisk-K1,197787603,0,1.124542,0.9556
Crossing,TopRisk-K1,197787604,1,0.528099,0.9611
Crossing,TopRisk-K1,197787605,1,0.679511,0.9556
Crossing,TopRisk-K1,197787606,1,0.513456,0.9501
Crossing,TopRisk-K1,197787607,0,1.019044,0.9611
Crossing,TopRisk-K1,197787608,0,1.134039,0.9556
Crossing,TopRisk-K1,197787609,1,0.065098,0.9666
Crossing,TopRisk-K1,197787610,0,1.041011,0.9611
Crossing,TopRisk-K1,197787611,0,1.320325,0.9501
Crossing,TopRisk-K1,197787612,0,1.082947,0.9556
Crossing,TopRisk-K1,197787613,1,0.018606,0.9611
Crossing,TopRisk-K1,197787614,0,1.251729,0.9611
Crossing,TopRisk-K1,197787615,0,1.162009,0.9611
Crossing,TopRisk-K1,197787616,0,1.085215,0.9611
Crossing,TopRisk-K1,197787617,0,1.073088,0.9611
Crossing,TopRisk-K1,197787618,1,0.560591,0.9556
Crossing,TopRisk-K1,197787619,0,1.070638,0.9556
Crossing,TopRisk-K1,197787620,0,1.213551,0.9556
Crossing,TopRisk-K1,197787621,1,0.848603,0.9611
Crossing,TopRisk-K1,197787622,0,1.136152,0.9611
Crossing,TopRisk-K1,197787623,0,1.366735,0.9611
Crossing,TopRisk-K1,197787624,0,1.181325,0.9556
Crossing,TopRisk-K1,197787625,1,0.506295,0.9666
Crossing,TopRisk-K1,197787626,0,0.887422,0.9501
Crossing,TopRisk-K1,197787627,1,0.589036,0.9556
Crossing,TopRisk-K1,197787628,0,1.355971,0.9611
Crossing,TopRisk-K1,197787629,0,1.015109,0.9611
Crossing,TopRisk-K1,197787630,0,0.981404,0.9556
Crossing,TopRisk-K1,197787631,0,1.130702,0.9611
Crossing,TopRisk-K1,197787632,0,1.125700,0.9556
Crossing,TopRisk-K1,197787633,0,1.381376,0.9556
Crossing,TopRisk-K1,197787634,0,1.088398,0.9611
Crossing,TopRisk-K1,197787635,0,1.047883,0.9611
Crossing,TopRisk-K1,197787636,0,1.060165,0.9611
Crossing,TopRisk-K1,197787637,0,1.081848,0.9611
Crossing,TopRisk-K1,197787638,0,1.096160,0.9611
Crossing,TopRisk-K1,197787639,0,1.386390,0.9611
Crossing,TopRisk-K1,197787640,0,0.979185,0.9611
Crossing,TopRisk-K1,197787641,1,0.378107,0.9611
Crossing,TopRisk-K1,197787642,0,1.101628,0.9611
Crossing,TopRisk-K1,197787643,0,1.214740,0.9501
Crossing,TopRisk-K1,197787644,0,1.374294,0.9611
Crossing,TopRisk-K1,197787645,0,1.104901,0.9611
Crossing,TopRisk-K1,197787646,0,1.210528,0.9611
Crossing,TopRisk-K1,197787647,1,0.228866,0.9556
Crossing,TopRisk-K1,197787648,1,0.338974,0.9501
Crossing,TopRisk-K1,197787649,0,1.050792,0.9611
Crossing,TopRisk-K1,197787650,0,1.444290,0.9611
Crossing,TopRisk-K1,197787651,0,1.204282,0.9611
Crossing,TopRisk-K1,197787652,0,1.932483,0.9556
Crossing,TopRisk-K1,197787653,1,0.584505,0.9501
Crossing,TopRisk-K1,197787654,0,1.113403,0.9501
Crossing,TopRisk-K1,197787655,0,1.206759,0.9611
Crossing,TopRisk-K1,197787656,0,1.085277,0.9556
Crossing,TopRisk-K1,197787657,0,1.363596,0.9611
Crossing,TopRisk-K1,197787658,0,1.092529,0.9611
Crossing,TopRisk-K1,197787659,1,0.437676,0.9501
Crossing,TopRisk-K1,197787660,0,0.980326,0.9556
Crossing,TopRisk-K1,197787661,1,0.467437,0.9501
Crossing,TopRisk-K1,197787662,0,0.971709,0.9556
Crossing,TopRisk-K1,197787663,0,1.177279,0.9556
Crossing,TopRisk-K1,197787664,0,1.191258,0.9611
Crossing,TopRisk-K1,197787665,0,2.773495,0.9556
Crossing,TopRisk-K1,197787666,0,0.957675,0.9501
Crossing,TopRisk-K1,197787667,0,1.235888,0.9611
Crossing,TopRisk-K1,197787668,0,1.083125,0.9611
Crossing,TopRisk-K1,197787669,0,0.990272,0.9611
Crossing,TopRisk-K1,197787670,0,1.109295,0.9501
Crossing,TopRisk-K1,197787671,0,1.458067,0.9556
Crossing,TopRisk-K1,197787672,0,1.498721,0.9611
Crossing,TopRisk-K1,197787673,0,1.076519,0.9501
Crossing,TopRisk-K1,197787674,0,1.081037,0.9501
Crossing,TopRisk-K1,197787675,1,0.195580,0.9556
Crossing,TopRisk-K1,197787676,0,1.225561,0.9611
Crossing,TopRisk-K1,197787677,0,1.147103,0.9611
Crossing,TopRisk-K1,197787678,0,1.177538,0.9611
Crossing,TopRisk-K1,197787679,0,1.064311,0.9501
Crossing,TopRisk-K1,197787680,0,1.424452,0.9611
Crossing,TopRisk-K1,197787681,0,1.011930,0.9611
Crossing,TopRisk-K1,197787682,0,1.601057,0.9556
Crossing,TopRisk-K1,197787683,0,1.669585,0.9611
Crossing,TopRisk-K1,197787684,1,0.689717,0.9611
Crossing,TopRisk-K1,197787685,0,1.424410,0.9611
Crossing,TopRisk-K1,197787686,1,0.516864,0.9501
Crossing,TopRisk-K1,197787687,1,0.639617,0.9501
Crossing,TopRisk-K1,197787688,0,0.908479,0.9556
Crossing,TopRisk-K1,197787689,0,1.227348,0.9611
Crossing,TopRisk-K1,197787690,0,1.171489,0.9611
Crossing,TopRisk-K1,197787691,0,1.264659,0.9611
Crossing,TopRisk-K1,197787692,1,0.793458,0.9556
Crossing,TopRisk-K1,197787693,0,1.232871,0.9611
Crossing,TopRisk-K1,197787694,0,1.277300,0.9556
Crossing,TopRisk-K1,197787695,0,1.383933,0.9611
Crossing,TopRisk-K1,197787696,0,1.582881,0.9611
Crossing,TopRisk-K1,197787697,0,1.216249,0.9611
Crossing,TopRisk-K1,197787698,1,0.701652,0.9556
Crossing,TopRisk-K1,197787699,0,1.053578,0.9556
Crossing,TopRisk-K1,197787700,0,1.031664,0.9611
Crossing,TopRisk-K1,197787701,1,0.815433,0.9556
Crossing,TopRisk-K1,197787702,1,0.733355,0.9556
Crossing,TopRisk-K1,197787703,0,1.072048,0.9611
Crossing,TopRisk-K1,197787704,1,0.194375,0.9501
Crossing,TopRisk-K1,197787705,1,0.408098,0.9611
Crossing,TopRisk-K1,197787706,0,0.962274,0.9611
Crossing,TopRisk-K1,197787707,0,1.183473,0.9611
Crossing,TopRisk-K1,197787708,1,0.663974,0.9611
Crossing,TopRisk-K1,197787709,1,0.668625,0.9556
Crossing,TopRisk-K1,197787710,0,1.067843,0.9501
Crossing,TopRisk-K1,197787711,0,1.069413,0.9611
Crossing,TopRisk-K1,197787712,1,0.078178,0.9501
Crossing,TopRisk-K1,197787713,0,1.059524,0.9556
Crossing,TopRisk-K1,197787714,0,1.184560,0.9611
Crossing,TopRisk-K1,197787715,0,0.995330,0.9611
Crossing,TopRisk-K1,197787716,0,1.063301,0.9611
Crossing,TopRisk-K1,197787717,0,1.132147,0.9611
Crossing,TopRisk-K1,197787718,0,0.963468,0.9611
Crossing,TopRisk-K1,197787719,0,1.182331,0.9556
Crossing,TopRisk-K1,197787720,0,1.146982,0.9556
Crossing,TopRisk-K1,197787721,0,1.176335,0.9611
Crossing,TopRisk-K1,197787722,0,1.099599,0.9611
Crossing,TopRisk-K1,197787723,1,0.454726,0.9556
Crossing,TopRisk-K1,197787724,0,1.123472,0.9556
Crossing,TopRisk-K1,197787725,0,1.058958,0.9556
Crossing,TopRisk-K1,197787726,0,1.390554,0.9556
Crossing,TopRisk-K1,197787727,1,0.555866,0.9611
Crossing,TopRisk-K1,197787728,0,1.089850,0.9611
Crossing,TopRisk-K1,197787729,1,0.591641,0.9501
Crossing,TopRisk-K1,197787730,1,0.172137,0.9611
Crossing,TopRisk-K1,197787731,0,0.996679,0.9611
Crossing,TopRisk-K1,197787732,0,1.270015,0.9611
Crossing,TopRisk-K1,197787733,0,1.222791,0.9611
Crossing,TopRisk-K1,197787734,0,1.063982,0.9611
Crossing,TopRisk-K1,197787735,1,0.556232,0.9611
Crossing,TopRisk-K1,197787736,0,1.301895,0.9611
Crossing,TopRisk-K1,197787737,0,1.158858,0.9501
Crossing,TopRisk-K1,197787738,0,1.105414,0.9611
Crossing,TopRisk-K1,197787739,0,1.011768,0.9611
Crossing,TopRisk-K1,197787740,0,1.012909,0.9611
Crossing,TopRisk-K1,197787741,0,0.971768,0.9556
Crossing,TopRisk-K1,197787742,0,1.202923,0.9556
Crossing,TopRisk-K1,197787743,0,1.198610,0.9611
Crossing,TopRisk-K1,197787744,0,1.046583,0.9611
Crossing,TopRisk-K1,197787745,0,0.986681,0.9556
Crossing,TopRisk-K1,197787746,0,1.161553,0.9556
Crossing,TopRisk-K1,197787747,0,1.138221,0.9611
Crossing,TopRisk-K1,197787748,0,1.443415,0.9611
Crossing,TopRisk-K1,197787749,1,0.113674,0.9501
Crossing,TopRisk-K1,197787750,1,0.118268,0.9556
Crossing,TopRisk-K1,197787751,0,0.969767,0.9611
Crossing,TopRisk-K1,197787752,0,1.088057,0.9611
Crossing,TopRisk-K1,197787753,0,1.111508,0.9556
Crossing,TopRisk-K1,197787754,1,0.318531,0.9611
Crossing,TopRisk-K1,197787755,0,1.136502,0.9611
Crossing,TopRisk-K1,197787756,0,1.027411,0.9556
Crossing,TopRisk-K1,197787757,0,1.068174,0.9501
Crossing,TopRisk-K1,197787758,0,1.030910,0.9611
Crossing,TopRisk-K1,197787759,0,1.115189,0.9556
Crossing,TopRisk-K1,197787760,0,1.011427,0.9556
Crossing,TopRisk-K1,197787761,0,1.795052,0.9611
Crossing,TopRisk-K1,197787762,0,1.274450,0.9611
Crossing,TopRisk-K1,197787763,1,0.399523,0.9501
Crossing,TopRisk-K1,197787764,0,1.174235,0.9556
Crossing,TopRisk-K1,197787765,1,0.535147,0.9611
Crossing,TopRisk-K1,197787766,0,1.369709,0.9611
Crossing,TopRisk-K1,197787767,0,1.185632,0.9611
Crossing,TopRisk-K1,197787768,0,1.039800,0.9611
Crossing,TopRisk-K1,197787769,0,1.115948,0.9556
Crossing,TopRisk-K1,197787770,0,1.484089,0.9611
Crossing,TopRisk-K1,197787771,1,0.244757,0.9666
Crossing,TopRisk-K1,197787772,1,0.765945,0.9611
Crossing,TopRisk-K1,197787773,0,1.208099,0.9556
Crossing,TopRisk-K1,197787774,0,1.467804,0.9611
Crossing,TopRisk-K1,197787775,0,1.181977,0.9611
Crossing,TopRisk-K1,197787776,0,1.156490,0.9556
Crossing,TopRisk-K1,197787777,0,1.238345,0.9611
Crossing,TopRisk-K1,197787778,1,0.493513,0.9611
Crossing,TopRisk-K1,197787779,0,1.122991,0.9611
Crossing,TopRisk-K1,197787780,0,1.148992,0.9611
Crossing,TopRisk-K1,197787781,0,1.664156,0.9611
Crossing,TopRisk-K1,197787782,0,1.195093,0.9611
Crossing,TopRisk-K1,197787783,0,1.037909,0.9611
Crossing,TopRisk-K1,197787784,1,0.088541,0.9611
Crossing,TopRisk-K1,197787785,0,1.279033,0.9611
Crossing,TopRisk-K1,197787786,0,0.998699,0.9501
Crossing,TopRisk-K1,197787787,1,0.802181,0.9556
Crossing,TopRisk-K1,197787788,0,1.111068,0.9611
Crossing,TopRisk-K1,197787789,0,0.955651,0.9556
Crossing,TopRisk-K1,197787790,1,0.621918,0.9611
Crossing,TopRisk-K1,197787791,0,0.970918,0.9611
Crossing,TopRisk-K1,197787792,0,1.160037,0.9611
Crossing,TopRisk-K1,197787793,0,1.156534,0.9611
Crossing,TopRisk-K1,197787794,0,1.018219,0.9611
Crossing,TopRisk-K1,197787795,0,1.637857,0.9611
Crossing,TopRisk-K1,197787796,0,1.405646,0.9556
Crossing,TopRisk-K1,197787797,0,1.617474,0.9611
Crossing,TopRisk-K1,197787798,1,0.703482,0.9611
Crossing,TopRisk-K1,197787799,0,1.081373,0.9611
Crossing,TopRisk-K1,197787800,0,1.105683,0.9611
Crossing,TopRisk-K1,197787801,1,0.322618,0.9501
Crossing,TopRisk-K1,197787802,0,1.120498,0.9611
Crossing,TopRisk-K1,197787803,0,1.102649,0.9611
Crossing,TopRisk-K1,197787804,1,0.126870,0.9611
Crossing,TopRisk-K1,197787805,0,1.077447,0.9611
Crossing,TopRisk-K1,197787806,1,0.063385,0.9556
Crossing,TopRisk-K1,197787807,0,1.223098,0.9611
Crossing,TopRisk-K1,197787808,1,0.377574,0.9611
Crossing,TopRisk-K1,197787809,0,1.206538,0.9611
Crossing,TopRisk-K1,197787810,0,1.047555,0.9501
Crossing,TopRisk-K1,197787811,0,1.039882,0.9611
Crossing,TopRisk-K1,197787812,1,0.727074,0.9556
Crossing,TopRisk-K1,197787813,0,1.298013,0.9611
Crossing,TopRisk-K1,197787814,0,1.566263,0.9611
Crossing,TopRisk-K1,197787815,1,0.612185,0.9611
Crossing,TopRisk-K1,197787816,0,1.293668,0.9611
Crossing,TopRisk-K1,197787817,1,0.074464,0.9556
Crossing,TopRisk-K1,197787818,0,0.993628,0.9556
Crossing,TopRisk-K1,197787819,0,1.482174,0.9611
Crossing,TopRisk-K1,197787820,1,0.754985,0.9611
Crossing,TopRisk-K1,197787821,0,1.211353,0.9611
Crossing,TopRisk-K1,197787822,1,0.419710,0.9556
Crossing,TopRisk-K1,197787823,1,0.097696,0.9611
Crossing,TopRisk-K1,197787824,0,1.043191,0.9501
Crossing,TopRisk-K1,197787825,0,0.975273,0.9611
Crossing,TopRisk-K1,197787826,0,1.111929,0.9501
Crossing,TopRisk-K1,197787827,0,1.565196,0.9556
Crossing,TopRisk-K1,197787828,0,1.181366,0.9611
Crossing,TopRisk-K1,197787829,0,1.011231,0.9556
Crossing,TopRisk-K1,197787830,0,1.246628,0.9611
Crossing,TopRisk-K1,197787831,0,1.060721,0.9501
Crossing,TopRisk-K1,197787832,0,1.028357,0.9611
Crossing,TopRisk-K1,197787833,0,1.160523,0.9611
Crossing,TopRisk-K1,197787834,0,1.077389,0.9611
Crossing,TopRisk-K1,197787835,0,1.024927,0.9611
Crossing,TopRisk-K1,197787836,1,0.621084,0.9556
Crossing,TopRisk-K1,197787837,1,0.401416,0.9611
Crossing,TopRisk-K1,197787838,0,1.384436,0.9556
Crossing,TopRisk-K1,197787839,0,1.118273,0.9611
Crossing,TopRisk-K1,197787840,0,1.162888,0.9611
Crossing,TopRisk-K1,197787841,0,1.508134,0.9611
Crossing,TopRisk-K1,197787842,0,1.143737,0.9556
Crossing,TopRisk-K1,197787843,0,1.115249,0.9611
Crossing,TopRisk-K1,197787844,1,0.439240,0.9556
Crossing,TopRisk-K1,197787845,0,1.008534,0.9611
Crossing,TopRisk-K1,197787846,1,0.811393,0.9556
Crossing,TopRisk-K1,197787847,1,0.690304,0.9611
Crossing,TopRisk-K1,197787848,1,0.409037,0.9611
Crossing,TopRisk-K1,197787849,0,0.982415,0.9611
Crossing,TopRisk-K1,197787850,0,1.080857,0.9611
Crossing,TopRisk-K1,197787851,0,1.259837,0.9611
Crossing,TopRisk-K1,197787852,1,0.042538,0.9611
Crossing,TopRisk-K1,197787853,0,1.168579,0.9611
Crossing,TopRisk-K1,197787854,0,1.239854,0.9611
Crossing,TopRisk-K1,197787855,0,1.169274,0.9611
Crossing,TopRisk-K1,197787856,0,1.098079,0.9611
Crossing,TopRisk-K1,197787857,1,0.571826,0.9556
Crossing,TopRisk-K1,197787858,0,1.237921,0.9611
Crossing,TopRisk-K1,197787859,1,0.578874,0.9556
Crossing,TopRisk-K1,197787860,0,1.586266,0.9611
Crossing,TopRisk-K1,197787861,0,1.002277,0.9556
Crossing,TopRisk-K1,197787862,0,1.045167,0.9556
Crossing,TopRisk-K1,197787863,1,0.575039,0.9611
Crossing,TopRisk-K1,197787864,1,0.334677,0.9611
Crossing,TopRisk-K1,197787865,0,0.972361,0.9556
Crossing,TopRisk-K1,197787866,0,1.166835,0.9611
Crossing,TopRisk-K1,197787867,0,0.963479,0.9611
Crossing,TopRisk-K1,197787868,0,1.003997,0.9611
Crossing,TopRisk-K1,197787869,1,0.388210,0.9611
Crossing,TopRisk-K1,197787870,0,1.060701,0.9611
Crossing,TopRisk-K1,197787871,0,1.195167,0.9611
Crossing,TopRisk-K1,197787872,0,1.241853,0.9611
Crossing,TopRisk-K1,197787873,0,1.033016,0.9556
Crossing,TopRisk-K1,197787874,0,1.429985,0.9611
Crossing,TopRisk-K1,197787875,0,1.277062,0.9611
Crossing,TopRisk-K1,197787876,0,1.000771,0.9556
Crossing,TopRisk-K1,197787877,0,1.075440,0.9556
Crossing,TopRisk-K1,197787878,0,1.094678,0.9611
Crossing,TopRisk-K1,197787879,0,1.133210,0.9611
Crossing,TopRisk-K1,197787880,0,0.965550,0.9611
Crossing,TopRisk-K1,197787881,1,0.568977,0.9611
Crossing,TopRisk-K1,197787882,0,1.105537,0.9556
Crossing,TopRisk-K1,197787883,0,0.853083,0.9556
Crossing,TopRisk-K1,197787884,0,1.100413,0.9501
Crossing,TopRisk-K1,197787885,0,1.062797,0.9611
Crossing,TopRisk-K1,197787886,0,1.151526,0.9501
Crossing,TopRisk-K1,197787887,0,1.005051,0.9611
Crossing,TopRisk-K1,197787888,0,1.150424,0.9501
Crossing,TopRisk-K1,197787889,0,1.256872,0.9611
Crossing,TopRisk-K1,197787890,0,1.447238,0.9611
Crossing,TopRisk-K1,197787891,1,0.620161,0.9611
Crossing,TopRisk-K1,197787892,0,1.263032,0.9611
Crossing,TopRisk-K1,197787893,0,1.060478,0.9611
Crossing,TopRisk-K1,197787894,0,0.989368,0.9556
Crossing,TopRisk-K1,197787895,0,1.029053,0.9556
Crossing,TopRisk-K1,197787896,0,1.210345,0.9611
Crossing,TopRisk-K1,197787897,0,1.413805,0.9611
Crossing,TopRisk-K1,197787898,0,1.512641,0.9611
Crossing,TopRisk-K1,197787899,0,1.262942,0.9611
Crossing,TopRisk-K1,197787900,0,1.620694,0.9611
Crossing,TopRisk-K1,197787901,0,1.051610,0.9611
Crossing,TopRisk-K1,197787902,0,1.126307,0.9611
Crossing,TopRisk-K1,197787903,0,1.131027,0.9501
Crossing,TopRisk-K1,197787904,0,1.022423,0.9556
Crossing,TopRisk-K1,197787905,0,1.816748,0.9611
Crossing,TopRisk-K1,197787906,1,0.391647,0.9501
Crossing,TopRisk-K1,197787907,0,1.381086,0.9611
Crossing,TopRisk-K1,197787908,1,0.306863,0.9611
Crossing,TopRisk-K1,197787909,0,2.019335,0.9611
Crossing,TopRisk-K1,197787910,0,1.478754,0.9556
Crossing,TopRisk-K1,197787911,0,0.989358,0.9611
Crossing,TopRisk-K1,197787912,0,1.232302,0.9611
Crossing,TopRisk-K1,197787913,0,1.085637,0.9611
Crossing,TopRisk-K1,197787914,0,1.102520,0.9611
Crossing,TopRisk-K1,197787915,0,1.140982,0.9611
Crossing,TopRisk-K1,197787916,0,1.019545,0.9556
Crossing,TopRisk-K1,197787917,0,1.112078,0.9556
Crossing,TopRisk-K1,197787918,0,0.988521,0.9611
Crossing,TopRisk-K1,197787919,1,0.478788,0.9611
Crossing,TopRisk-K1,197787920,0,0.961950,0.9556
Crossing,TopRisk-K1,197787921,0,1.296800,0.9611
Crossing,TopRisk-K1,197787922,1,0.510091,0.9611
Crossing,TopRisk-K1,197787923,0,1.024636,0.9556
Crossing,TopRisk-K1,197787924,0,1.279672,0.9556
Crossing,TopRisk-K1,197787925,0,1.082913,0.9611
Crossing,TopRisk-K1,197787926,0,1.160609,0.9556
Crossing,TopRisk-K1,197787927,0,1.225885,0.9556
Crossing,TopRisk-K1,197787928,0,0.952165,0.9611
Crossing,TopRisk-K1,197787929,0,1.265909,0.9611
Crossing,TopRisk-K1,197787930,0,1.558954,0.9611
Crossing,TopRisk-K1,197787931,0,1.058369,0.9501
Crossing,TopRisk-K1,197787932,0,1.156953,0.9611
Crossing,TopRisk-K1,197787933,0,1.374684,0.9611
Crossing,TopRisk-K1,197787934,0,1.068809,0.9556
Crossing,TopRisk-K1,197787935,1,0.405958,0.9501
Crossing,TopRisk-K1,197787936,1,0.729258,0.9501
Crossing,TopRisk-K1,197787937,0,1.201831,0.9611
Crossing,TopRisk-K1,197787938,0,1.184154,0.9611
Crossing,TopRisk-K1,197787939,0,1.437695,0.9501
Crossing,TopRisk-K1,197787940,0,1.316627,0.9611
Crossing,TopRisk-K1,197787941,0,1.034667,0.9611
Crossing,TopRisk-K1,197787942,1,0.728236,0.9611
Crossing,TopRisk-K1,197787943,1,0.449021,0.9556
Crossing,TopRisk-K1,197787944,0,1.097489,0.9611
Crossing,TopRisk-K1,197787945,0,1.123976,0.9611
Crossing,TopRisk-K1,197787946,0,1.070722,0.9611
Crossing,TopRisk-K1,197787947,0,1.016154,0.9611
Crossing,TopRisk-K1,197787948,0,1.057280,0.9611
Crossing,TopRisk-K1,197787949,0,1.290520,0.9611
Crossing,TopRisk-K1,197787950,0,1.180278,0.9556
Crossing,TopRisk-K1,197787951,0,1.312697,0.9611
Crossing,TopRisk-K1,197787952,0,1.199139,0.9611
Crossing,TopRisk-K1,197787953,1,0.035397,0.9611
Crossing,TopRisk-K1,197787954,0,1.067194,0.9611
Crossing,TopRisk-K1,197787955,0,1.126741,0.9611
Crossing,TopRisk-K1,197787956,0,1.053321,0.9611
Crossing,TopRisk-K1,197787957,0,1.147403,0.9556
Crossing,TopRisk-K1,197787958,1,0.659916,0.9611
Crossing,TopRisk-K1,197787959,0,1.182655,0.9611
Crossing,TopRisk-K1,197787960,1,0.474532,0.9556
Crossing,TopRisk-K1,197787961,0,0.996290,0.9611
Crossing,TopRisk-K1,197787962,1,0.070847,0.9556
Crossing,TopRisk-K1,197787963,0,0.978834,0.9501
Crossing,TopRisk-K1,197787964,0,1.006031,0.9611
Crossing,TopRisk-K1,197787965,1,0.239703,0.9556
Crossing,TopRisk-K1,197787966,0,1.125247,0.9556
Crossing,TopRisk-K1,197787967,0,1.296886,0.9611
Crossing,TopRisk-K1,197787968,0,1.320972,0.9611
Crossing,TopRisk-K1,197787969,0,1.282194,0.9611
Crossing,TopRisk-K1,197787970,0,1.211858,0.9611
Crossing,TopRisk-K1,197787971,0,1.028223,0.9611
Crossing,TopRisk-K1,197787972,1,0.269620,0.9611
Crossing,TopRisk-K1,197787973,0,1.343532,0.9611
Crossing,TopRisk-K1,197787974,0,1.038865,0.9611
Crossing,TopRisk-K1,197787975,0,1.629699,0.9556
Crossing,TopRisk-K1,197787976,1,0.162676,0.9611
Crossing,TopRisk-K1,197787977,0,1.037628,0.9611
Crossing,TopRisk-K1,197787978,1,0.263142,0.9611
Crossing,TopRisk-K1,197787979,0,1.281472,0.9611
Crossing,TopRisk-K1,197787980,0,1.383412,0.9556
Crossing,TopRisk-K1,197787981,0,1.222213,0.9611
Crossing,TopRisk-K1,197787982,0,1.063646,0.9556
Crossing,TopRisk-K1,197787983,0,0.957252,0.9611
Crossing,TopRisk-K1,197787984,0,1.290294,0.9611
Crossing,TopRisk-K1,197787985,1,0.402677,0.9611
Crossing,TopRisk-K1,197787986,0,2.008575,0.9556
Crossing,TopRisk-K1,197787987,0,1.320429,0.9611
Crossing,TopRisk-K1,197787988,0,1.227802,0.9611
Crossing,TopRisk-K1,197787989,1,0.694843,0.9501
Crossing,TopRisk-K1,197787990,0,1.132202,0.9556
Crossing,TopRisk-K1,197787991,0,1.088175,0.9556
Crossing,TopRisk-K1,197787992,0,1.174007,0.9611
Crossing,TopRisk-K1,197787993,0,0.964273,0.9611
Crossing,TopRisk-K1,197787994,0,1.170428,0.9611
Crossing,TopRisk-K1,197787995,0,1.572022,0.9611
Crossing,TopRisk-K1,197787996,0,1.056206,0.9501
Crossing,TopRisk-K1,197787997,0,1.004467,0.9611
Crossing,TopRisk-K1,197787998,0,1.160279,0.9611
Crossing,TopRisk-K1,197787999,0,1.049061,0.9556
Crossing,TopRisk-K1,197788000,0,0.947923,0.9556
Crossing,TopRisk-K1,197788001,0,0.965330,0.9556
Crossing,TopRisk-K1,197788002,0,1.539155,0.9611
Crossing,TopRisk-K1,197788003,0,1.177836,0.9611
Crossing,TopRisk-K1,197788004,0,1.442088,0.9611
Crossing,TopRisk-K1,197788005,0,1.221403,0.9611
Crossing,TopRisk-K1,197788006,0,1.119697,0.9556
Crossing,TopRisk-K1,197788007,0,1.228379,0.9611
Crossing,TopRisk-K1,197788008,0,0.999147,0.9556
Crossing,TopRisk-K1,197788009,0,1.473828,0.9611
Crossing,TopRisk-K1,197788010,0,1.173291,0.9556
Crossing,TopRisk-K1,197788011,0,1.111825,0.9611
Crossing,TopRisk-K1,197788012,1,0.271009,0.9556
Crossing,TopRisk-K1,197788013,0,1.044268,0.9611
Crossing,TopRisk-K1,197788014,0,1.150963,0.9611
Crossing,TopRisk-K1,197788015,1,0.587073,0.9501
Crossing,TopRisk-K1,197788016,1,0.290120,0.9611
Crossing,TopRisk-K1,197788017,0,1.495281,0.9611
Crossing,TopRisk-K1,197788018,1,0.141972,0.9556
Crossing,TopRisk-K1,197788019,0,1.254317,0.9556
Crossing,TopRisk-K1,197788020,0,1.240967,0.9611
Crossing,TopRisk-K1,197788021,0,1.047345,0.9611
Crossing,TopRisk-K1,197788022,0,1.093491,0.9501
Crossing,TopRisk-K1,197788023,0,1.061225,0.9501
Crossing,TopRisk-K1,197788024,0,1.443445,0.9556
Crossing,TopRisk-K1,197788025,0,1.087572,0.9556
Crossing,TopRisk-K1,197788026,0,1.091882,0.9611
Crossing,TopRisk-K1,197788027,0,1.112749,0.9611
Crossing,TopRisk-K1,197788028,0,1.318010,0.9556
Crossing,TopRisk-K1,197788029,1,0.173533,0.9611
Crossing,TopRisk-K1,197788030,0,1.440037,0.9611
Crossing,TopRisk-K1,197788031,0,1.088714,0.9611
Crossing,TopRisk-K1,197788032,0,1.102507,0.9611
Crossing,TopRisk-K1,197788033,1,0.590390,0.9611
Crossing,TopRisk-K1,197788034,0,0.955445,0.9611
Crossing,TopRisk-K1,197788035,0,1.128956,0.9611
Crossing,TopRisk-K1,197788036,0,1.110863,0.9611
Crossing,TopRisk-K1,197788037,0,1.057343,0.9611
Crossing,TopRisk-K1,197788038,0,1.076610,0.9501
Crossing,TopRisk-K1,197788039,0,1.026211,0.9611
Crossing,TopRisk-K1,197788040,1,0.179502,0.9611
Crossing,TopRisk-K1,197788041,1,0.392264,0.9556
Crossing,TopRisk-K1,197788042,0,1.099573,0.9611
Crossing,TopRisk-K1,197788043,0,1.602381,0.9611
Crossing,TopRisk-K1,197788044,1,0.504925,0.9611
Crossing,TopRisk-K1,197788045,1,0.723290,0.9556
Crossing,TopRisk-K1,197788046,1,0.100220,0.9611
Crossing,TopRisk-K1,197788047,0,1.173546,0.9611
Crossing,TopRisk-K1,197788048,0,1.080155,0.9611
Crossing,TopRisk-K1,197788049,0,1.587186,0.9611
Crossing,TopRisk-K1,197788050,0,1.176526,0.9611
Crossing,TopRisk-K1,197788051,1,0.769659,0.9611
Crossing,TopRisk-K1,197788052,1,0.314453,0.9611
Crossing,TopRisk-K1,197788053,1,0.167519,0.9611
Crossing,TopRisk-K1,197788054,1,0.290956,0.9556
Crossing,TopRisk-K1,197788055,0,1.011587,0.9611
Crossing,TopRisk-K1,197788056,0,1.095914,0.9611
Crossing,TopRisk-K1,197788057,0,1.047442,0.9611
Crossing,TopRisk-K1,197788058,0,1.174897,0.9556
Crossing,TopRisk-K1,197788059,0,1.242615,0.9611
Crossing,TopRisk-K1,197788060,1,0.591895,0.9556
Crossing,TopRisk-K1,197788061,1,0.253095,0.9611
Crossing,TopRisk-K1,197788062,1,0.673066,0.9611
Crossing,TopRisk-K1,197788063,0,1.099874,0.9556
Crossing,TopRisk-K1,197788064,0,1.113242,0.9611
Crossing,TopRisk-K1,197788065,0,1.246228,0.9611
Crossing,TopRisk-K1,197788066,0,1.132042,0.9556
Crossing,TopRisk-K1,197788067,0,1.402913,0.9611
Crossing,TopRisk-K1,197788068,0,1.075581,0.9611
Crossing,TopRisk-K1,197788069,0,1.282207,0.9611
Crossing,TopRisk-K1,197788070,0,0.964476,0.9556
Crossing,TopRisk-K1,197788071,0,0.995153,0.9556
Crossing,TopRisk-K1,197788072,1,0.548018,0.9556
Crossing,TopRisk-K1,197788073,0,1.052729,0.9611
Crossing,TopRisk-K1,197788074,0,1.146252,0.9611
Crossing,TopRisk-K1,197788075,1,0.713104,0.9501
Crossing,TopRisk-K1,197788076,0,1.050712,0.9501
Crossing,TopRisk-K1,197788077,0,1.079298,0.9611
Crossing,TopRisk-K1,197788078,0,1.170582,0.9611
Crossing,TopRisk-K1,197788079,0,1.217640,0.9611
Crossing,TopRisk-K1,197788080,0,1.067176,0.9611
Crossing,TopRisk-K1,197788081,1,0.484898,0.9556
Crossing,TopRisk-K1,197788082,0,1.137540,0.9556
Crossing,TopRisk-K1,197788083,0,1.453469,0.9556
Crossing,TopRisk-K1,197788084,0,1.374454,0.9611
Crossing,TopRisk-K1,197788085,0,1.005846,0.9501
Crossing,TopRisk-K1,197788086,1,0.617299,0.9611
Crossing,TopRisk-K1,197788087,1,0.622034,0.9556
Crossing,TopRisk-K1,197788088,0,1.021538,0.9666
Crossing,TopRisk-K1,197788089,0,1.384822,0.9611
Crossing,TopRisk-K1,197788090,1,0.558455,0.9611
Crossing,TopRisk-K1,197788091,0,1.024960,0.9611
Crossing,TopRisk-K1,197788092,0,1.102148,0.9611
Crossing,TopRisk-K1,197788093,0,1.178775,0.9611
Crossing,TopRisk-K1,197788094,1,0.735162,0.9611
Crossing,TopRisk-K1,197788095,1,0.581533,0.9556
Crossing,TopRisk-K1,197788096,0,1.015595,0.9611
Crossing,TopRisk-K1,197788097,0,1.751403,0.9611
Crossing,TopRisk-K1,197788098,1,0.393691,0.9611
Crossing,TopRisk-K1,197788099,1,0.700526,0.9611
Crossing,TopRisk-K1,197788100,1,0.570487,0.9666
Crossing,TopRisk-K1,197788101,0,1.043872,0.9556
Crossing,TopRisk-K1,197788102,0,1.590994,0.9611
Crossing,TopRisk-K1,197788103,0,1.027594,0.9666
Crossing,TopRisk-K1,197788104,1,0.090379,0.9611
Crossing,TopRisk-K1,197788105,0,1.175816,0.9611
Crossing,TopRisk-K1,197788106,1,0.164285,0.9611
Crossing,TopRisk-K1,197788107,0,1.288878,0.9611
Crossing,TopRisk-K1,197788108,0,1.403487,0.9611
Crossing,TopRisk-K1,197788109,0,1.087697,0.9556
Crossing,TopRisk-K1,197788110,1,0.492229,0.9611
Crossing,TopRisk-K1,197788111,0,1.498730,0.9556
Crossing,TopRisk-K1,197788112,0,1.187789,0.9611
Crossing,TopRisk-K1,197788113,1,0.621973,0.9611
Crossing,TopRisk-K1,197788114,0,0.868092,0.9611
Crossing,TopRisk-K1,197788115,0,1.101616,0.9501
Crossing,TopRisk-K1,197788116,0,1.329670,0.9611
Crossing,TopRisk-K1,197788117,0,1.238728,0.9611
Crossing,TopRisk-K1,197788118,0,1.261543,0.9611
Crossing,TopRisk-K1,197788119,1,0.476452,0.9556
Crossing,TopRisk-K1,197788120,1,0.316138,0.9611
Crossing,TopRisk-K1,197788121,0,1.018062,0.9556
Crossing,TopRisk-K1,197788122,0,1.022216,0.9556
Crossing,TopRisk-K1,197788123,0,1.103039,0.9611
Crossing,TopRisk-K1,197788124,1,0.240059,0.9611
Crossing,TopRisk-K1,197788125,0,1.100903,0.9611
Crossing,TopRisk-K1,197788126,0,1.548733,0.9611
Crossing,TopRisk-K1,197788127,0,1.243743,0.9611
Crossing,TopRisk-K1,197788128,1,0.571841,0.9556
Crossing,TopRisk-K1,197788129,0,1.235755,0.9611
Crossing,TopRisk-K1,197788130,0,1.101814,0.9611
Crossing,TopRisk-K1,197788131,0,1.239600,0.9611
Crossing,TopRisk-K1,197788132,0,1.160531,0.9611
Crossing,TopRisk-K1,197788133,0,1.272632,0.9611
Crossing,TopRisk-K1,197788134,1,0.605104,0.9556
Crossing,TopRisk-K1,197788135,1,0.487456,0.9611
Crossing,TopRisk-K1,197788136,0,1.115892,0.9611
Crossing,TopRisk-K1,197788137,0,1.122201,0.9611
Crossing,TopRisk-K1,197788138,0,1.133315,0.9611
Crossing,TopRisk-K1,197788139,0,1.042146,0.9611
Crossing,TopRisk-K1,197788140,0,1.407346,0.9611
Crossing,TopRisk-K1,197788141,0,1.081507,0.9611
Crossing,TopRisk-K1,197788142,0,1.264986,0.9501
Crossing,TopRisk-K1,197788143,0,1.198089,0.9611
Crossing,TopRisk-K1,197788144,0,1.176732,0.9611
Crossing,TopRisk-K1,197788145,0,1.165563,0.9611
Crossing,TopRisk-K1,197788146,0,1.056704,0.9611
Crossing,TopRisk-K1,197788147,0,1.001551,0.9611
Crossing,TopRisk-K1,197788148,0,1.046080,0.9556
Crossing,TopRisk-K1,197788149,1,0.801812,0.9611
Crossing,TopRisk-K1,197788150,0,1.157112,0.9501
Crossing,TopRisk-K1,197788151,0,0.985184,0.9611
Crossing,TopRisk-K1,197788152,1,0.425759,0.9611
Crossing,TopRisk-K1,197788153,0,1.026885,0.9611
Crossing,TopRisk-K1,197788154,0,1.176361,0.9556
Crossing,TopRisk-K1,197788155,0,1.244572,0.9611
Crossing,TopRisk-K1,197788156,0,1.003240,0.9611
Crossing,TopRisk-K1,197788157,0,1.492664,0.9611
Crossing,TopRisk-K1,197788158,0,1.175724,0.9556
Crossing,TopRisk-K1,197788159,0,1.074500,0.9556
Crossing,TopRisk-K1,197788160,1,0.200059,0.9611
Crossing,TopRisk-K1,197788161,0,1.052063,0.9611
Crossing,TopRisk-K1,197788162,0,1.262121,0.9611
Crossing,TopRisk-K1,197788163,0,1.015556,0.9611
Crossing,TopRisk-K1,197788164,1,0.394167,0.9556
Crossing,TopRisk-K1,197788165,0,1.079552,0.9611
Crossing,TopRisk-K1,197788166,0,1.096685,0.9611
Crossing,TopRisk-K1,197788167,1,0.835237,0.9501
Crossing,TopRisk-K1,197788168,0,1.063688,0.9556
Crossing,TopRisk-K1,197788169,1,0.256324,0.9611
Crossing,TopRisk-K1,197788170,0,1.613946,0.9611
Crossing,TopRisk-K1,197788171,1,0.143017,0.9611
Crossing,TopRisk-K1,197788172,0,1.145409,0.9611
Crossing,TopRisk-K1,197788173,1,0.633627,0.9611
Crossing,TopRisk-K1,197788174,0,1.308651,0.9556
Crossing,TopRisk-K1,197788175,1,0.697685,0.9611
Crossing,TopRisk-K1,197788176,0,1.088335,0.9556
Crossing,TopRisk-K1,197788177,0,1.027965,0.9556
Crossing,TopRisk-K1,197788178,0,1.197897,0.9666
Crossing,TopRisk-K1,197788179,0,1.176979,0.9611
Crossing,TopRisk-K1,197788180,0,1.091959,0.9556
Crossing,TopRisk-K1,197788181,0,0.975753,0.9501
Crossing,TopRisk-K1,197788182,0,1.378833,0.9611
Crossing,TopRisk-K1,197788183,0,1.193949,0.9611
Crossing,TopRisk-K1,197788184,1,0.374193,0.9611
Crossing,TopRisk-K1,197788185,0,1.214966,0.9556
Crossing,TopRisk-K1,197788186,1,0.048656,0.9611
Crossing,TopRisk-K1,197788187,1,0.628392,0.9501
Crossing,TopRisk-K1,197788188,0,1.061118,0.9611
Crossing,TopRisk-K1,197788189,1,0.566169,0.9556
Crossing,TopRisk-K1,197788190,0,1.069412,0.9611
Crossing,TopRisk-K1,197788191,0,1.476187,0.9611
Crossing,TopRisk-K1,197788192,0,1.059921,0.9501
Crossing,TopRisk-K1,197788193,0,0.989530,0.9611
Crossing,TopRisk-K1,197788194,0,1.089251,0.9556
Crossing,TopRisk-K1,197788195,0,1.127243,0.9611
Crossing,TopRisk-K1,197788196,0,1.233848,0.9556
Crossing,TopRisk-K1,197788197,0,0.994031,0.9611
Crossing,TopRisk-K1,197788198,0,1.311993,0.9611
Crossing,TopRisk-K1,197788199,1,0.125667,0.9501
Crossing,TopRisk-K1,197788200,0,0.970689,0.9501
Crossing,TopRisk-K1,197788201,0,1.046364,0.9611
Crossing,TopRisk-K1,197788202,0,1.083528,0.9611
Crossing,TopRisk-K1,197788203,1,0.592094,0.9611
Crossing,TopRisk-K1,197788204,1,0.643502,0.9556
Crossing,TopRisk-K1,197788205,1,0.608256,0.9556
Crossing,TopRisk-K1,197788206,0,1.454226,0.9556
Crossing,TopRisk-K1,197788207,0,1.186377,0.9556
Crossing,TopRisk-K1,197788208,0,1.075556,0.9501
Crossing,TopRisk-K1,197788209,0,1.372758,0.9556
Crossing,TopRisk-K1,197788210,1,0.487548,0.9611
Crossing,TopRisk-K1,197788211,0,1.136720,0.9611
Crossing,TopRisk-K1,197788212,0,1.043224,0.9556
Crossing,TopRisk-K1,197788213,1,0.026047,0.9556
Crossing,TopRisk-K1,197788214,0,1.011895,0.9611
Crossing,TopRisk-K1,197788215,1,0.341643,0.9611
Crossing,TopRisk-K1,197788216,1,0.305215,0.9556
Crossing,TopRisk-K1,197788217,0,1.148853,0.9611
Crossing,TopRisk-K1,197788218,0,1.173360,0.9556
Crossing,TopRisk-K1,197788219,0,1.138137,0.9611
Crossing,TopRisk-K1,197788220,1,0.748917,0.9556
Crossing,TopRisk-K1,197788221,1,0.268140,0.9556
Crossing,TopRisk-K1,197788222,0,0.991497,0.9611
Crossing,TopRisk-K1,197788223,1,0.028827,0.9611
Crossing,TopRisk-K1,197788224,0,1.025860,0.9611
Crossing,TopRisk-K1,197788225,0,1.550509,0.9556
Crossing,TopRisk-K1,197788226,0,1.200296,0.9611
Crossing,TopRisk-K1,197788227,0,1.060677,0.9611
Crossing,TopRisk-K1,197788228,0,1.182970,0.9611
Crossing,TopRisk-K1,197788229,0,0.993096,0.9556
Crossing,TopRisk-K1,197788230,0,1.157891,0.9611
Crossing,TopRisk-K1,197788231,0,1.118826,0.9611
Crossing,TopRisk-K1,197788232,0,0.964040,0.9501
Crossing,TopRisk-K1,197788233,0,1.026100,0.9611
Crossing,TopRisk-K1,197788234,0,1.009805,0.9611
Crossing,TopRisk-K1,197788235,1,0.332081,0.9611
Crossing,TopRisk-K1,197788236,0,2.221537,0.9611
Crossing,TopRisk-K1,197788237,1,0.440865,0.9611
Crossing,TopRisk-K1,197788238,0,0.975116,0.9501
Crossing,TopRisk-K1,197788239,1,0.818621,0.9501
Crossing,TopRisk-K1,197788240,1,0.522016,0.9611
Crossing,TopRisk-K1,197788241,0,0.985212,0.9556
Crossing,TopRisk-K1,197788242,0,1.238966,0.9611
Crossing,TopRisk-K1,197788243,0,1.130033,0.9611
Crossing,TopRisk-K1,197788244,1,0.444784,0.9556
Crossing,TopRisk-K1,197788245,0,1.133978,0.9501
Crossing,TopRisk-K1,197788246,0,1.139381,0.9611
Crossing,TopRisk-K1,197788247,0,0.998739,0.9611
Crossing,TopRisk-K1,197788248,0,1.285558,0.9556
Crossing,TopRisk-K1,197788249,1,0.462194,0.9611
Crossing,TopRisk-K1,197788250,1,0.093430,0.9556
Crossing,TopRisk-K1,197788251,0,1.296208,0.9611
Crossing,TopRisk-K1,197788252,0,0.988063,0.9556
Crossing,TopRisk-K1,197788253,0,0.995216,0.9556
Crossing,TopRisk-K1,197788254,0,1.150944,0.9611
Crossing,TopRisk-K1,197788255,0,0.999182,0.9501
Crossing,TopRisk-K1,197788256,1,0.335098,0.9556
Crossing,TopRisk-K1,197788257,0,1.406128,0.9556
Crossing,TopRisk-K1,197788258,1,0.449634,0.9611
Crossing,TopRisk-K1,197788259,0,1.103699,0.9556
Crossing,TopRisk-K1,197788260,1,0.571396,0.9556
Crossing,TopRisk-K1,197788261,1,0.103576,0.9501
Crossing,TopRisk-K1,197788262,0,1.071016,0.9611
Crossing,TopRisk-K1,197788263,0,1.009365,0.9501
Crossing,TopRisk-K1,197788264,0,1.107952,0.9611
Crossing,TopRisk-K1,197788265,1,0.783437,0.9501
Crossing,TopRisk-K1,197788266,0,1.031385,0.9611
Crossing,TopRisk-K1,197788267,0,1.349433,0.9611
Crossing,TopRisk-K1,197788268,1,0.202904,0.9556
Crossing,TopRisk-K1,197788269,0,1.200023,0.9611
Crossing,TopRisk-K1,197788270,0,1.143777,0.9611
Crossing,TopRisk-K1,197788271,0,1.018937,0.9556
Crossing,TopRisk-K1,197788272,1,0.524910,0.9611
Crossing,TopRisk-K1,197788273,0,1.202778,0.9611
Crossing,TopRisk-K1,197788274,0,1.012604,0.9611
Crossing,TopRisk-K1,197788275,0,1.248348,0.9501
Crossing,TopRisk-K1,197788276,0,1.062527,0.9611
Crossing,TopRisk-K1,197788277,0,1.214722,0.9611
Crossing,TopRisk-K1,197788278,0,1.801274,0.9611
Crossing,TopRisk-K1,197788279,0,1.208309,0.9611
Crossing,TopRisk-K1,197788280,0,1.092889,0.9556
Crossing,TopRisk-K1,197788281,0,1.049300,0.9611
Crossing,TopRisk-K1,197788282,0,0.981682,0.9666
Crossing,TopRisk-K1,197788283,0,1.251273,0.9611
Crossing,TopRisk-K1,197788284,0,1.114746,0.9611
Crossing,TopRisk-K1,197788285,1,0.293344,0.9501
Crossing,TopRisk-K1,197788286,0,1.123823,0.9611
Crossing,TopRisk-K1,197788287,0,1.150010,0.9611
Crossing,TopRisk-K1,197788288,0,0.984828,0.9501
Crossing,TopRisk-K1,197788289,0,1.001983,0.9501
Crossing,TopRisk-K1,197788290,1,0.115084,0.9501
Crossing,TopRisk-K1,197788291,1,0.257211,0.9611
Crossing,TopRisk-K1,197788292,0,1.356084,0.9611
Crossing,TopRisk-K1,197788293,0,1.501872,0.9611
Crossing,TopRisk-K1,197788294,0,1.370148,0.9556
Crossing,TopRisk-K1,197788295,0,1.283673,0.9611
Crossing,TopRisk-K1,197788296,0,1.094929,0.9556
Crossing,TopRisk-K1,197788297,1,0.168774,0.9556
Crossing,TopRisk-K1,197788298,0,1.829072,0.9611
Crossing,TopRisk-K1,197788299,0,1.093309,0.9611
Crossing,TopRisk-K1,197788300,0,1.166974,0.9611
Crossing,TopRisk-K1,197788301,0,1.168750,0.9501
Crossing,TopRisk-K1,197788302,0,1.036677,0.9556
Crossing,TopRisk-K1,197788303,0,1.210614,0.9611
Crossing,TopRisk-K1,197788304,0,1.043530,0.9611
Crossing,TopRisk-K1,197788305,0,1.334369,0.9611
Crossing,TopRisk-K1,197788306,0,1.161649,0.9501
Crossing,TopRisk-K1,197788307,0,0.951462,0.9556
Crossing,TopRisk-K1,197788308,0,1.059411,0.9556
Crossing,TopRisk-K1,197788309,0,1.409123,0.9611
Crossing,TopRisk-K1,197788310,0,1.223415,0.9611
Crossing,TopRisk-K1,197788311,0,1.101686,0.9611
Crossing,TopRisk-K1,197788312,0,1.024336,0.9501
Crossing,TopRisk-K1,197788313,0,0.988233,0.9611
Crossing,TopRisk-K1,197788314,0,1.191264,0.9611
Crossing,TopRisk-K1,197788315,1,0.397798,0.9611
Crossing,TopRisk-K1,197788316,0,1.059089,0.9556
Crossing,TopRisk-K1,197788317,0,1.307786,0.9611
Crossing,TopRisk-K1,197788318,1,0.567374,0.9611
Crossing,TopRisk-K1,197788319,0,1.563670,0.9611
Crossing,TopRisk-K1,197788320,1,0.075007,0.9556
Crossing,TopRisk-K1,197788321,1,0.228675,0.9556
Crossing,TopRisk-K1,197788322,1,0.664181,0.9611
Crossing,TopRisk-K1,197788323,0,0.960428,0.9501
Crossing,TopRisk-K1,197788324,0,1.066734,0.9556
Crossing,TopRisk-K1,197788325,0,1.114170,0.9611
Crossing,TopRisk-K1,197788326,0,1.040100,0.9611
Crossing,TopRisk-K1,197788327,0,1.010247,0.9501
Crossing,TopRisk-K1,197788328,0,1.425471,0.9611
Crossing,TopRisk-K1,197788329,0,0.962512,0.9556
Crossing,TopRisk-K1,197788330,0,1.066615,0.9611
Crossing,TopRisk-K1,197788331,0,1.265114,0.9611
Crossing,TopRisk-K1,197788332,0,1.148110,0.9611
Crossing,TopRisk-K1,197788333,0,1.098622,0.9611
Crossing,TopRisk-K1,197788334,0,1.140694,0.9501
Crossing,TopRisk-K1,197788335,0,1.254338,0.9556
Crossing,TopRisk-K1,197788336,0,1.119254,0.9611
Crossing,TopRisk-K1,197788337,0,1.160758,0.9501
Crossing,TopRisk-K1,197788338,0,1.370692,0.9611
Crossing,TopRisk-K1,197788339,0,1.112899,0.9611
Crossing,TopRisk-K1,197788340,1,0.147176,0.9501
Crossing,TopRisk-K1,197788341,0,1.769062,0.9611
Crossing,TopRisk-K1,197788342,0,1.743067,0.9611
Crossing,TopRisk-K1,197788343,0,1.820774,0.9611
Crossing,TopRisk-K1,197788344,0,1.301757,0.9611
Crossing,TopRisk-K1,197788345,0,1.050187,0.9556
Crossing,TopRisk-K1,197788346,1,0.653447,0.9611
Crossing,TopRisk-K1,197788347,0,0.960251,0.9556
Crossing,TopRisk-K1,197788348,1,0.680891,0.9611
Crossing,TopRisk-K1,197788349,0,1.184348,0.9611
Crossing,TopRisk-K1,197788350,1,0.609493,0.9556
Crossing,TopRisk-K1,197788351,0,1.178750,0.9501
Crossing,TopRisk-K1,197788352,1,0.050681,0.9556
Crossing,TopRisk-K1,197788353,0,1.310705,0.9556
Crossing,TopRisk-K1,197788354,1,0.529845,0.9556
Crossing,TopRisk-K1,197788355,0,1.067417,0.9501
Crossing,TopRisk-K1,197788356,0,1.328092,0.9611
Crossing,TopRisk-K1,197788357,1,0.618649,0.9611
Crossing,TopRisk-K1,197788358,1,0.262319,0.9666
Crossing,TopRisk-K1,197788359,0,1.185363,0.9556
Crossing,TopRisk-K1,197788360,1,0.386409,0.9611
Crossing,TopRisk-K1,197788361,0,1.190376,0.9501
Crossing,TopRisk-K1,197788362,0,1.233128,0.9611
Crossing,TopRisk-K1,197788363,0,1.357039,0.9611
Crossing,TopRisk-K1,197788364,1,0.497194,0.9611
Crossing,TopRisk-K1,197788365,0,1.097173,0.9611
Crossing,TopRisk-K1,197788366,0,1.126162,0.9611
Crossing,TopRisk-K1,197788367,0,0.966478,0.9556
Crossing,TopRisk-K1,197788368,0,1.094296,0.9556
Crossing,TopRisk-K1,197788369,1,0.545515,0.9611
Crossing,TopRisk-K1,197788370,1,0.734398,0.9611
Crossing,TopRisk-K1,197788371,0,1.123599,0.9556
Crossing,TopRisk-K1,197788372,0,1.046330,0.9611
Crossing,TopRisk-K1,197788373,0,1.121689,0.9556
Crossing,TopRisk-K1,197788374,0,1.220594,0.9611
Crossing,TopRisk-K1,197788375,0,1.355868,0.9556
Crossing,TopRisk-K1,197788376,0,1.282123,0.9611
Crossing,TopRisk-K1,197788377,0,1.039812,0.9501
Crossing,TopRisk-K1,197788378,0,1.199226,0.9611
Crossing,TopRisk-K1,197788379,1,0.448612,0.9611
Crossing,TopRisk-K1,197788380,0,1.248761,0.9611
Crossing,TopRisk-K1,197788381,0,1.123865,0.9611
Crossing,TopRisk-K1,197788382,0,1.045022,0.9501
Crossing,TopRisk-K1,197788383,0,1.137242,0.9611
Crossing,TopRisk-K1,197788384,1,0.049674,0.9611
Crossing,TopRisk-K1,197788385,1,0.226847,0.9501
Crossing,TopRisk-K1,197788386,0,1.269828,0.9611
Crossing,TopRisk-K1,197788387,0,1.010395,0.9611
Crossing,TopRisk-K1,197788388,0,1.036184,0.9501
Crossing,TopRisk-K1,197788389,0,0.962499,0.9611
Crossing,TopRisk-K1,197788390,0,0.986236,0.9611
Crossing,TopRisk-K1,197788391,0,1.018044,0.9611
Crossing,TopRisk-K1,197788392,0,1.074626,0.9611
Crossing,TopRisk-K1,197788393,0,0.995321,0.9611
Crossing,TopRisk-K1,197788394,0,1.091485,0.9611
Crossing,TopRisk-K1,197788395,1,0.246134,0.9611
Crossing,TopRisk-K1,197788396,0,1.185283,0.9611
Crossing,TopRisk-K1,197788397,0,1.375082,0.9556
Crossing,TopRisk-K1,197788398,0,1.021244,0.9611
Crossing,TopRisk-K1,197788399,0,1.088626,0.9556
Crossing,TopRisk-K1,197788400,0,1.114831,0.9611
Crossing,TopRisk-K1,197788401,0,1.288758,0.9556
Crossing,TopRisk-K1,197788402,0,1.186862,0.9611
Crossing,TopRisk-K1,197788403,0,1.256979,0.9501
Crossing,TopRisk-K1,197788404,0,1.183484,0.9611
Crossing,TopRisk-K1,197788405,1,0.367377,0.9556
Crossing,TopRisk-K1,197788406,0,1.206070,0.9556
Crossing,TopRisk-K1,197788407,0,1.220806,0.9611
Crossing,TopRisk-K1,197788408,0,1.033277,0.9556
Crossing,TopRisk-K1,197788409,0,1.385062,0.9556
Crossing,TopRisk-K1,197788410,0,1.093552,0.9611
Crossing,TopRisk-K1,197788411,0,1.241874,0.9556
Crossing,TopRisk-K1,197788412,0,1.360977,0.9611
Crossing,TopRisk-K1,197788413,1,0.686531,0.9556
Crossing,TopRisk-K1,197788414,0,1.073572,0.9611
Crossing,TopRisk-K1,197788415,0,1.052473,0.9611
Crossing,TopRisk-K1,197788416,0,1.371266,0.9611
Crossing,TopRisk-K1,197788417,0,1.219519,0.9611
Crossing,TopRisk-K1,197788418,0,1.152001,0.9501
Crossing,TopRisk-K1,197788419,1,0.629928,0.9611
Crossing,TopRisk-K1,197788420,0,1.530643,0.9611
Crossing,TopRisk-K1,197788421,0,1.630424,0.9556
Crossing,TopRisk-K1,197788422,0,1.076719,0.9611
Crossing,TopRisk-K1,197788423,0,1.218106,0.9611
Crossing,TopRisk-K1,197788424,0,1.284286,0.9611
Crossing,TopRisk-K1,197788425,0,1.207430,0.9611
Crossing,TopRisk-K1,197788426,0,1.133549,0.9501
Crossing,TopRisk-K1,197788427,0,1.149950,0.9611
Crossing,TopRisk-K1,197788428,1,0.293301,0.9611
Crossing,TopRisk-K1,197788429,1,0.788885,0.9501
Crossing,TopRisk-K1,197788430,1,0.563996,0.9501
Crossing,TopRisk-K1,197788431,0,1.061717,0.9611
Crossing,TopRisk-K1,197788432,0,1.039276,0.9556
Crossing,TopRisk-K1,197788433,0,1.261423,0.9556
Crossing,TopRisk-K1,197788434,1,0.058175,0.9556
Crossing,TopRisk-K1,197788435,0,1.068363,0.9611
Crossing,TopRisk-K1,197788436,0,1.203321,0.9556
Crossing,TopRisk-K1,197788437,0,1.129892,0.9501
Crossing,TopRisk-K1,197788438,0,1.312556,0.9556
Crossing,TopRisk-K1,197788439,0,1.059063,0.9501
Crossing,TopRisk-K1,197788440,0,1.345275,0.9611
Crossing,TopRisk-K1,197788441,0,1.132843,0.9556
Crossing,TopRisk-K1,197788442,1,0.527086,0.9611
Crossing,TopRisk-K1,197788443,0,1.497461,0.9611
Crossing,TopRisk-K1,197788444,1,0.134055,0.9556
Crossing,TopRisk-K1,197788445,1,0.343160,0.9611
Crossing,TopRisk-K1,197788446,0,1.178982,0.9611
Crossing,TopRisk-K1,197788447,0,1.294536,0.9611
Crossing,TopRisk-K1,197788448,1,0.104155,0.9611
Crossing,TopRisk-K1,197788449,0,1.387616,0.9611
Crossing,TopRisk-K1,197788450,1,0.437665,0.9501
Crossing,TopRisk-K1,197788451,0,1.030161,0.9611
Crossing,TopRisk-K1,197788452,0,1.396762,0.9611
Crossing,TopRisk-K1,197788453,0,1.267548,0.9611
Crossing,TopRisk-K1,197788454,1,0.246633,0.9556
Crossing,TopRisk-K1,197788455,0,1.108296,0.9611
Crossing,TopRisk-K1,197788456,0,0.974996,0.9611
Crossing,TopRisk-K1,197788457,0,1.052916,0.9611
Crossing,TopRisk-K1,197788458,0,1.017552,0.9556
Crossing,TopRisk-K1,197788459,0,1.009020,0.9666
Crossing,TopRisk-K1,197788460,0,1.000497,0.9556
Crossing,TopRisk-K1,197788461,0,1.047172,0.9666
Crossing,TopRisk-K1,197788462,1,0.142525,0.9501
Crossing,TopRisk-K1,197788463,0,1.260872,0.9611
Crossing,TopRisk-K1,197788464,0,1.148821,0.9556
Crossing,TopRisk-K1,197788465,0,1.107349,0.9611
Crossing,TopRisk-K1,197788466,1,0.548635,0.9611
Crossing,TopRisk-K1,197788467,0,1.089016,0.9611
Crossing,TopRisk-K1,197788468,0,0.958479,0.9501
Crossing,TopRisk-K1,197788469,0,1.054298,0.9611
Crossing,TopRisk-K1,197788470,0,1.295383,0.9611
Crossing,TopRisk-K1,197788471,1,0.389567,0.9556
Crossing,TopRisk-K1,197788472,0,1.033612,0.9556
Crossing,TopRisk-K1,197788473,0,1.127989,0.9611
Crossing,TopRisk-K1,197788474,1,0.149708,0.9501
Crossing,TopRisk-K1,197788475,0,1.120488,0.9556
Crossing,TopRisk-K1,197788476,1,0.405505,0.9611
Crossing,TopRisk-K1,197788477,0,1.180196,0.9611
Crossing,TopRisk-K1,197788478,1,0.365736,0.9611
Crossing,TopRisk-K1,197788479,0,1.073434,0.9556
Crossing,TopRisk-K1,197788480,0,1.042410,0.9501
Crossing,TopRisk-K1,197788481,0,1.057495,0.9556
Crossing,TopRisk-K1,197788482,1,0.146850,0.9611
Crossing,TopRisk-K1,197788483,0,1.157014,0.9611
Crossing,TopRisk-K1,197788484,0,0.950794,0.9611
Crossing,TopRisk-K1,197788485,0,1.109223,0.9556
Crossing,TopRisk-K1,197788486,1,0.550322,0.9556
Crossing,TopRisk-K1,197788487,0,1.138304,0.9611
Crossing,TopRisk-K1,197788488,0,1.001401,0.9501
Crossing,TopRisk-K1,197788489,0,1.536225,0.9611
Crossing,TopRisk-K1,197788490,1,0.163749,0.9611
Crossing,TopRisk-K1,197788491,1,0.444654,0.9611
Crossing,TopRisk-K1,197788492,0,1.414703,0.9611
Crossing,TopRisk-K1,197788493,0,0.999690,0.9501
Crossing,TopRisk-K1,197788494,0,1.184944,0.9611
Crossing,TopRisk-K1,197788495,1,0.388214,0.9501
Crossing,TopRisk-K1,197788496,0,1.177426,0.9501
Crossing,TopRisk-K1,197788497,0,1.057355,0.9611
Crossing,TopRisk-K1,197788498,0,1.249598,0.9611
Crossing,TopRisk-K1,197788499,0,1.401027,0.9611
Crossing,TopRisk-K1,197788500,0,1.134659,0.9611
Crossing,TopRisk-K1,197788501,0,1.231840,0.9611
Crossing,TopRisk-K1,197788502,0,1.037380,0.9556
Crossing,TopRisk-K1,197788503,0,0.962526,0.9556
Crossing,TopRisk-K1,197788504,0,1.182138,0.9611
Crossing,TopRisk-K1,197788505,0,1.317589,0.9611
Crossing,TopRisk-K1,197788506,0,1.168818,0.9556
Crossing,TopRisk-K1,197788507,0,1.049946,0.9611
Crossing,TopRisk-K1,197788508,0,1.207766,0.9611
Crossing,TopRisk-K1,197788509,0,0.989735,0.9611
Crossing,TopRisk-K1,197788510,0,1.111946,0.9556
Crossing,TopRisk-K1,197788511,0,0.973657,0.9501
Crossing,TopRisk-K1,197788512,0,1.025352,0.9556
Crossing,TopRisk-K1,197788513,0,1.042638,0.9611
Crossing,TopRisk-K1,197788514,0,1.340447,0.9611
Crossing,TopRisk-K1,197788515,1,0.599007,0.9501
Crossing,TopRisk-K1,197788516,0,1.054064,0.9556
Crossing,TopRisk-K1,197788517,0,1.197170,0.9611
Crossing,TopRisk-K1,197788518,0,1.196860,0.9611
Crossing,TopRisk-K1,197788519,0,1.186263,0.9611
Crossing,TopRisk-K1,197788520,0,1.004024,0.9611
Crossing,TopRisk-K1,197788521,0,1.145365,0.9611
Crossing,TopRisk-K1,197788522,0,1.168853,0.9611
Crossing,TopRisk-K1,197788523,0,1.433396,0.9556
Crossing,TopRisk-K1,197788524,1,0.331341,0.9556
Crossing,TopRisk-K1,197788525,0,1.060705,0.9611
Crossing,TopRisk-K1,197788526,0,1.254797,0.9611
Crossing,TopRisk-K1,197788527,0,1.042072,0.9501
Crossing,TopRisk-K1,197788528,0,1.291331,0.9611
Crossing,TopRisk-K1,197788529,0,1.240553,0.9611
Crossing,TopRisk-K1,197788530,0,1.264119,0.9611
Crossing,TopRisk-K1,197788531,0,1.129847,0.9611
Crossing,TopRisk-K1,197788532,1,0.088635,0.9556
Crossing,TopRisk-K1,197788533,0,1.262915,0.9556
Crossing,TopRisk-K1,197788534,0,1.070786,0.9611
Crossing,TopRisk-K1,197788535,0,1.026012,0.9611
Crossing,TopRisk-K1,197788536,0,0.909940,0.9611
Crossing,TopRisk-K1,197788537,0,1.053145,0.9611
Crossing,TopRisk-K1,197788538,1,0.459158,0.9611
Crossing,TopRisk-K1,197788539,0,1.057127,0.9556
Crossing,TopRisk-K1,197788540,0,1.614279,0.9501
Crossing,TopRisk-K1,197788541,0,1.158343,0.9611
Crossing,TopRisk-K1,197788542,0,1.026811,0.9611
Crossing,TopRisk-K1,197788543,0,0.955019,0.9611
Crossing,TopRisk-K1,197788544,0,0.998721,0.9501
Crossing,TopRisk-K1,197788545,1,0.714296,0.9556
Crossing,TopRisk-K1,197788546,0,1.471909,0.9611
Crossing,TopRisk-K1,197788547,1,0.568935,0.9611
Crossing,TopRisk-K1,197788548,0,1.253213,0.9501
Crossing,TopRisk-K1,197788549,0,1.170683,0.9556
Crossing,TopRisk-K1,197788550,1,0.495521,0.9556
Crossing,TopRisk-K1,197788551,1,0.366370,0.9611
Crossing,TopRisk-K1,197788552,1,0.334983,0.9611
Crossing,TopRisk-K1,197788553,0,1.078346,0.9556
Crossing,TopRisk-K1,197788554,0,1.171627,0.9611
Crossing,TopRisk-K1,197788555,1,0.590167,0.9501
Crossing,TopRisk-K1,197788556,0,0.963310,0.9556
Crossing,TopRisk-K1,197788557,0,1.260979,0.9611
Crossing,TopRisk-K1,197788558,0,1.341255,0.9611
Crossing,TopRisk-K1,197788559,0,1.083445,0.9556
Crossing,TopRisk-K1,197788560,1,0.328152,0.9611
Crossing,TopRisk-K1,197788561,1,0.486315,0.9611
Crossing,TopRisk-K1,197788562,0,1.588663,0.9611
Crossing,TopRisk-K1,197788563,0,1.397638,0.9556
Crossing,TopRisk-K1,197788564,0,1.140823,0.9611
Crossing,TopRisk-K1,197788565,0,1.439561,0.9611
Crossing,TopRisk-K1,197788566,0,0.952463,0.9611
Crossing,TopRisk-K1,197788567,1,0.595204,0.9611
Crossing,TopRisk-K1,197788568,0,0.952356,0.9611
Crossing,TopRisk-K1,197788569,1,0.378320,0.9556
Crossing,TopRisk-K1,197788570,0,1.159888,0.9611
Crossing,TopRisk-K1,197788571,0,1.255728,0.9611
Crossing,TopRisk-K1,197788572,0,1.062810,0.9611
Crossing,TopRisk-K1,197788573,0,0.975484,0.9501
Crossing,TopRisk-K1,197788574,1,0.627757,0.9556
Crossing,TopRisk-K1,197788575,0,1.103755,0.9611
Crossing,TopRisk-K1,197788576,0,1.200621,0.9611
Crossing,TopRisk-K1,197788577,0,1.191385,0.9556
Crossing,TopRisk-K1,197788578,1,0.401274,0.9611
Crossing,TopRisk-K1,197788579,1,0.839996,0.9611
Crossing,TopRisk-K1,197788580,0,1.182115,0.9611
Crossing,TopRisk-K1,197788581,1,0.478567,0.9611
Crossing,TopRisk-K1,197788582,0,1.245565,0.9556
Crossing,TopRisk-K1,197788583,1,0.404957,0.9611
Crossing,TopRisk-K1,197788584,0,1.284000,0.9611
Crossing,TopRisk-K1,197788585,0,1.404892,0.9611
Crossing,TopRisk-K1,197788586,1,0.142350,0.9556
Crossing,TopRisk-K1,197788587,0,1.116686,0.9611
Crossing,TopRisk-K1,197788588,0,0.863913,0.9501
Crossing,TopRisk-K1,197788589,0,1.102085,0.9611
Crossing,TopRisk-K1,197788590,0,1.065230,0.9611
Crossing,TopRisk-K1,197788591,0,1.384369,0.9611
Crossing,TopRisk-K1,197788592,0,1.354141,0.9611
Crossing,TopRisk-K1,197788593,0,1.269866,0.9611
Crossing,TopRisk-K1,197788594,0,1.414801,0.9556
Crossing,TopRisk-K1,197788595,0,1.069187,0.9556
Crossing,TopRisk-K1,197788596,0,1.232796,0.9611
Crossing,TopRisk-K1,197788597,0,1.113731,0.9611
Crossing,TopRisk-K1,197788598,0,1.110567,0.9556
Crossing,TopRisk-K1,197788599,0,1.214725,0.9556
Crossing,TopRisk-K1,197788600,0,1.059946,0.9611
Crossing,TopRisk-K1,197788601,0,1.017495,0.9556
Crossing,TopRisk-K1,197788602,1,0.328409,0.9556
Crossing,TopRisk-K1,197788603,0,1.028982,0.9611
Crossing,TopRisk-K1,197788604,0,1.065496,0.9556
Crossing,TopRisk-K1,197788605,0,1.133176,0.9611
Crossing,TopRisk-K1,197788606,0,1.135176,0.9556
Crossing,TopRisk-K1,197788607,0,1.510461,0.9611
Crossing,TopRisk-K1,197788608,1,0.016573,0.9501
Crossing,TopRisk-K1,197788609,0,1.400565,0.9611
Crossing,TopRisk-K1,197788610,0,1.191159,0.9611
Crossing,TopRisk-K1,197788611,1,0.684827,0.9556
Crossing,TopRisk-K1,197788612,1,0.566847,0.9611
Crossing,TopRisk-K1,197788613,0,1.169065,0.9611
Crossing,TopRisk-K1,197788614,0,1.015174,0.9611
Crossing,TopRisk-K1,197788615,0,0.993803,0.9556
Crossing,TopRisk-K1,197788616,0,0.988298,0.9611
Crossing,TopRisk-K1,197788617,1,0.741824,0.9556
Crossing,TopRisk-K1,197788618,0,1.103834,0.9611
Crossing,TopRisk-K1,197788619,0,1.500434,0.9611
Crossing,TopRisk-K1,197788620,0,1.189257,0.9556
Crossing,TopRisk-K1,197788621,0,1.233687,0.9611
Crossing,TopRisk-K1,197788622,0,1.690030,0.9611
Crossing,TopRisk-K1,197788623,1,0.288518,0.9611
Crossing,TopRisk-K1,197788624,0,1.086148,0.9611
Crossing,TopRisk-K1,197788625,0,1.122030,0.9611
Crossing,TopRisk-K1,197788626,1,0.119854,0.9611
Crossing,TopRisk-K1,197788627,0,1.098270,0.9611
Crossing,TopRisk-K1,197788628,0,1.611263,0.9611
Crossing,TopRisk-K1,197788629,0,1.292202,0.9611
Crossing,TopRisk-K1,197788630,1,0.343190,0.9611
Crossing,TopRisk-K1,197788631,1,0.210759,0.9611
Crossing,TopRisk-K1,197788632,1,0.412334,0.9611
Crossing,TopRisk-K1,197788633,0,1.317588,0.9556
Crossing,TopRisk-K1,197788634,1,0.523478,0.9611
Crossing,TopRisk-K1,197788635,0,1.212018,0.9556
Crossing,TopRisk-K1,197788636,1,0.305620,0.9611
Crossing,TopRisk-K1,197788637,0,1.228560,0.9611
Crossing,TopRisk-K1,197788638,0,1.195147,0.9611
Crossing,TopRisk-K1,197788639,0,1.451032,0.9611
Crossing,TopRisk-K1,197788640,0,1.025003,0.9611
Crossing,TopRisk-K1,197788641,0,1.093181,0.9611
Crossing,TopRisk-K1,197788642,0,1.009216,0.9611
Crossing,TopRisk-K1,197788643,1,0.445649,0.9611
Crossing,TopRisk-K1,197788644,0,1.091860,0.9611
Crossing,TopRisk-K1,197788645,0,1.071024,0.9611
Crossing,TopRisk-K1,197788646,0,0.956718,0.9501
Crossing,TopRisk-K1,197788647,1,0.534121,0.9611
Crossing,TopRisk-K1,197788648,0,1.068160,0.9556
Crossing,TopRisk-K1,197788649,1,0.613105,0.9611
Crossing,TopRisk-K1,197788650,0,2.270127,0.9556
Crossing,TopRisk-K1,197788651,1,0.810991,0.9556
Crossing,TopRisk-K1,197788652,0,1.079525,0.9611
Crossing,TopRisk-K1,197788653,0,1.161198,0.9501
Crossing,TopRisk-K1,197788654,0,0.962112,0.9556
Crossing,TopRisk-K1,197788655,0,1.108428,0.9556
Crossing,TopRisk-K1,197788656,0,1.258451,0.9556
Crossing,TopRisk-K1,197788657,0,1.147811,0.9611
Crossing,TopRisk-K1,197788658,0,1.044176,0.9611
Crossing,TopRisk-K1,197788659,0,1.004365,0.9611
Crossing,TopRisk-K1,197788660,0,1.201137,0.9611
Crossing,TopRisk-K1,197788661,0,1.190684,0.9556
Crossing,TopRisk-K1,197788662,0,1.330236,0.9501
Crossing,TopRisk-K1,197788663,1,0.355667,0.9611
Crossing,TopRisk-K1,197788664,0,0.973536,0.9501
Crossing,TopRisk-K1,197788665,0,1.134433,0.9611
Crossing,TopRisk-K1,197788666,1,0.581362,0.9556
Crossing,TopRisk-K1,197788667,1,0.086451,0.9611
Crossing,TopRisk-K1,197788668,1,0.406723,0.9501
Crossing,TopRisk-K1,197788669,0,1.508610,0.9611
Crossing,TopRisk-K1,197788670,0,1.132542,0.9501
Crossing,TopRisk-K1,197788671,1,0.541258,0.9556
Crossing,TopRisk-K1,197788672,1,0.650723,0.9556
Crossing,TopRisk-K1,197788673,0,1.065955,0.9611
Crossing,TopRisk-K1,197788674,0,1.252765,0.9611
Crossing,TopRisk-K1,197788675,1,0.590516,0.9611
Crossing,TopRisk-K1,197788676,0,1.090290,0.9611
Crossing,TopRisk-K1,197788677,0,1.016381,0.9556
Crossing,TopRisk-K1,197788678,0,2.340899,0.9611
Crossing,TopRisk-K1,197788679,1,0.289754,0.9611
Crossing,TopRisk-K1,197788680,0,1.445574,0.9611
Crossing,TopRisk-K1,197788681,1,0.731552,0.9611
Crossing,TopRisk-K1,197788682,1,0.358891,0.9611
Crossing,TopRisk-K1,197788683,0,1.158285,0.9611
Crossing,TopRisk-K1,197788684,1,0.512638,0.9611
Crossing,TopRisk-K1,197788685,1,0.788949,0.9556
Crossing,TopRisk-K1,197788686,0,0.963498,0.9611
Crossing,TopRisk-K1,197788687,0,1.157132,0.9611
Crossing,TopRisk-K1,197788688,0,1.040401,0.9611
Crossing,TopRisk-K1,197788689,1,0.396070,0.9556
Crossing,TopRisk-K1,197788690,1,0.393119,0.9611
Crossing,TopRisk-K1,197788691,0,1.157199,0.9556
Crossing,TopRisk-K1,197788692,1,0.125730,0.9556
Crossing,TopRisk-K1,197788693,0,1.483733,0.9611
Crossing,TopRisk-K1,197788694,1,0.666910,0.9611
Crossing,TopRisk-K1,197788695,0,1.098854,0.9611
Crossing,TopRisk-K1,197788696,0,1.095421,0.9501
Crossing,TopRisk-K1,197788697,0,1.393053,0.9611
Crossing,TopRisk-K1,197788698,0,0.982702,0.9556
Crossing,TopRisk-K1,197788699,0,1.267481,0.9611
Crossing,TopRisk-K1,197788700,0,1.266606,0.9611
Crossing,TopRisk-K1,197788701,0,1.052167,0.9556
Crossing,TopRisk-K1,197788702,0,1.053872,0.9611
Crossing,TopRisk-K1,197788703,0,1.011128,0.9611
Crossing,TopRisk-K1,197788704,0,0.965039,0.9611
Crossing,TopRisk-K1,197788705,0,1.378016,0.9556
Crossing,TopRisk-K1,197788706,0,1.115261,0.9611
Crossing,TopRisk-K1,197788707,0,1.032917,0.9611
Crossing,TopRisk-K1,197788708,0,1.484944,0.9611
Crossing,TopRisk-K1,197788709,0,1.203249,0.9611
Crossing,TopRisk-K1,197788710,0,1.094628,0.9556
Crossing,TopRisk-K1,197788711,0,1.103973,0.9611
Crossing,TopRisk-K1,197788712,0,1.146988,0.9611
Crossing,TopRisk-K1,197788713,0,1.171056,0.9611
Crossing,TopRisk-K1,197788714,0,1.262707,0.9611
Crossing,TopRisk-K1,197788715,0,1.394112,0.9611
Crossing,TopRisk-K1,197788716,0,1.392608,0.9611
Crossing,TopRisk-K1,197788717,0,0.998679,0.9611
Crossing,TopRisk-K1,197788718,0,1.692238,0.9611
Crossing,TopRisk-K1,197788719,0,1.749232,0.9611
Crossing,TopRisk-K1,197788720,0,1.057094,0.9556
Crossing,TopRisk-K1,197788721,0,1.274055,0.9611
Crossing,TopRisk-K1,197788722,0,1.063260,0.9501
Crossing,TopRisk-K1,197788723,0,1.308907,0.9611
Crossing,TopRisk-K1,197788724,0,1.050209,0.9611
Crossing,TopRisk-K1,197788725,0,1.029789,0.9611
Crossing,TopRisk-K1,197788726,1,0.076761,0.9666
Crossing,TopRisk-K1,197788727,0,2.154506,0.9611
Crossing,TopRisk-K1,197788728,0,1.114191,0.9556
Crossing,TopRisk-K1,197788729,0,2.093825,0.9611
Crossing,TopRisk-K1,197788730,0,1.045616,0.9611
Crossing,TopRisk-K1,197788731,0,1.232779,0.9611
Crossing,TopRisk-K1,197788732,0,1.132394,0.9611
Crossing,TopRisk-K1,197788733,0,1.225049,0.9611
Crossing,TopRisk-K1,197788734,0,1.545895,0.9611
Crossing,TopRisk-K1,197788735,0,1.256816,0.9611
Crossing,TopRisk-K1,197788736,1,0.290243,0.9611
Crossing,TopRisk-K1,197788737,0,1.046357,0.9611
Crossing,TopRisk-K1,197788738,1,0.376223,0.9611
Crossing,TopRisk-K1,197788739,0,1.525473,0.9611
Crossing,TopRisk-K1,197788740,0,1.368910,0.9611
Crossing,TopRisk-K1,197788741,1,0.343626,0.9611
Crossing,TopRisk-K1,197788742,0,1.215254,0.9501
Crossing,TopRisk-K1,197788743,0,1.163182,0.9611
Crossing,TopRisk-K1,197788744,0,1.207496,0.9611
Crossing,TopRisk-K1,197788745,0,1.070162,0.9611
Crossing,TopRisk-K1,197788746,0,1.015420,0.9611
Crossing,TopRisk-K1,197788747,0,1.084911,0.9611
Crossing,TopRisk-K1,197788748,0,1.074209,0.9611
Crossing,TopRisk-K1,197788749,1,0.453165,0.9556
Crossing,TopRisk-K1,197788750,0,1.108669,0.9611
Crossing,TopRisk-K1,197788751,0,1.411323,0.9611
Crossing,TopRisk-K1,197788752,0,1.037061,0.9611
Crossing,TopRisk-K1,197788753,0,1.324215,0.9611
Crossing,TopRisk-K1,197788754,1,0.241528,0.9556
Crossing,TopRisk-K1,197788755,0,1.099385,0.9611
Crossing,TopRisk-K1,197788756,0,1.132146,0.9611
Crossing,TopRisk-K1,197788757,1,0.303532,0.9556
Crossing,TopRisk-K1,197788758,0,1.034898,0.9611
Crossing,TopRisk-K1,197788759,1,0.453330,0.9611
Crossing,TopRisk-K1,197788760,0,0.971250,0.9611
Crossing,TopRisk-K1,197788761,0,1.394015,0.9611
Crossing,TopRisk-K1,197788762,0,0.971611,0.9611
Crossing,TopRisk-K1,197788763,0,1.203592,0.9611
Crossing,TopRisk-K1,197788764,0,1.451675,0.9611
Crossing,TopRisk-K1,197788765,0,1.176046,0.9611
Crossing,TopRisk-K1,197788766,0,0.982725,0.9611
Crossing,TopRisk-K1,197788767,0,1.060786,0.9611
Crossing,TopRisk-K1,197788768,0,1.552277,0.9611
Crossing,TopRisk-K1,197788769,0,1.135077,0.9611
Crossing,TopRisk-K1,197788770,0,1.071981,0.9556
Crossing,TopRisk-K1,197788771,0,1.102157,0.9556
Crossing,TopRisk-K1,197788772,0,1.198627,0.9556
Crossing,TopRisk-K1,197788773,0,1.120856,0.9556
Crossing,TopRisk-K1,197788774,1,0.169623,0.9611
Crossing,TopRisk-K1,197788775,0,1.261980,0.9611
Crossing,TopRisk-K1,197788776,1,0.715860,0.9611
Crossing,TopRisk-K1,197788777,0,1.668941,0.9611
Crossing,TopRisk-K1,197788778,1,0.734576,0.9501
Crossing,TopRisk-K1,197788779,0,1.121626,0.9611
Crossing,TopRisk-K1,197788780,0,1.343994,0.9611
Crossing,TopRisk-K1,197788781,0,0.994421,0.9611
Crossing,TopRisk-K1,197788782,0,1.043650,0.9611
Crossing,TopRisk-K1,197788783,0,1.036005,0.9556
Crossing,TopRisk-K1,197788784,0,1.217030,0.9611
Crossing,TopRisk-K1,197788785,0,1.181523,0.9611
Crossing,TopRisk-K1,197788786,0,1.248842,0.9611
Crossing,TopRisk-K1,197788787,0,1.085411,0.9611
Crossing,TopRisk-K1,197788788,0,1.540944,0.9611
Crossing,TopRisk-K1,197788789,0,1.027281,0.9556
Crossing,TopRisk-K1,197788790,0,1.464112,0.9611
Crossing,TopRisk-K1,197788791,1,0.294339,0.9556
Crossing,TopRisk-K1,197788792,0,1.123643,0.9611
Crossing,TopRisk-K1,197788793,0,0.979455,0.9611
Crossing,TopRisk-K1,197788794,1,0.110845,0.9611
Crossing,TopRisk-K1,197788795,0,1.233954,0.9611
Crossing,TopRisk-K1,197788796,0,1.211663,0.9556
Crossing,TopRisk-K1,197788797,0,1.128790,0.9556
Crossing,TopRisk-K1,197788798,0,1.203820,0.9611
Crossing,TopRisk-K1,197788799,0,1.210310,0.9556
Crossing,TopRisk-K1,197788800,0,1.869831,0.9611
Crossing,TopRisk-K1,197788801,0,1.076331,0.9501
Crossing,TopRisk-K1,197788802,0,1.136689,0.9611
Crossing,TopRisk-K1,197788803,0,1.356056,0.9611
Crossing,TopRisk-K1,197788804,1,0.365397,0.9611
Crossing,TopRisk-K1,197788805,0,0.914360,0.9501
Crossing,TopRisk-K1,197788806,0,1.367682,0.9556
Crossing,TopRisk-K1,197788807,0,0.990781,0.9611
Crossing,TopRisk-K1,197788808,0,1.063529,0.9611
Crossing,TopRisk-K1,197788809,1,0.384152,0.9611
Crossing,TopRisk-K1,197788810,0,1.190716,0.9611
Crossing,TopRisk-K1,197788811,0,1.463932,0.9611
Crossing,TopRisk-K1,197788812,0,1.523458,0.9611
Crossing,TopRisk-K1,197788813,0,1.581792,0.9556
Crossing,TopRisk-K1,197788814,1,0.403234,0.9611
Crossing,TopRisk-K1,197788815,0,1.121236,0.9611
Crossing,TopRisk-K1,197788816,0,1.619438,0.9611
Crossing,TopRisk-K1,197788817,0,1.131939,0.9611
Crossing,TopRisk-K1,197788818,0,1.413015,0.9556
Crossing,TopRisk-K1,197788819,0,1.214198,0.9611
Crossing,TopRisk-K1,197788820,0,1.695464,0.9556
Crossing,TopRisk-K1,197788821,0,1.075620,0.9556
Crossing,TopRisk-K1,197788822,1,0.359013,0.9611
Crossing,TopRisk-K1,197788823,0,1.159883,0.9501
Crossing,TopRisk-K1,197788824,1,0.033109,0.9501
Crossing,TopRisk-K1,197788825,0,1.296754,0.9556
Crossing,TopRisk-K1,197788826,1,0.183434,0.9666
Crossing,TopRisk-K1,197788827,0,1.117064,0.9611
Crossing,TopRisk-K1,197788828,0,0.971895,0.9611
Crossing,TopRisk-K1,197788829,0,1.224304,0.9556
Crossing,TopRisk-K1,197788830,1,0.170767,0.9611
Crossing,TopRisk-K1,197788831,0,1.183693,0.9501
Crossing,TopRisk-K1,197788832,0,2.181633,0.9611
Crossing,TopRisk-K1,197788833,0,1.148407,0.9611
Crossing,TopRisk-K1,197788834,0,1.040507,0.9556
Crossing,TopRisk-K1,197788835,0,1.050261,0.9501
Crossing,TopRisk-K1,197788836,0,0.974400,0.9611
Crossing,TopRisk-K1,197788837,0,1.426547,0.9501
Crossing,TopRisk-K1,197788838,1,0.119682,0.9556
Crossing,TopRisk-K1,197788839,0,1.526785,0.9611
Crossing,TopRisk-K1,197788840,1,0.482167,0.9501
Crossing,TopRisk-K1,197788841,0,1.384538,0.9611
Crossing,TopRisk-K1,197788842,0,1.211369,0.9556
Crossing,TopRisk-K1,197788843,0,1.189083,0.9556
Crossing,TopRisk-K1,197788844,0,1.090184,0.9611
Crossing,TopRisk-K1,197788845,0,0.918775,0.9611
Crossing,TopRisk-K1,197788846,1,0.323555,0.9611
Crossing,TopRisk-K1,197788847,1,0.485802,0.9501
Crossing,TopRisk-K1,197788848,0,1.740728,0.9611
Crossing,TopRisk-K1,197788849,0,1.164001,0.9611
Crossing,TopRisk-K1,197788850,0,1.250070,0.9611
Crossing,TopRisk-K1,197788851,0,1.044243,0.9611
Crossing,TopRisk-K1,197788852,0,1.083390,0.9556
Crossing,TopRisk-K1,197788853,0,1.170582,0.9501
Crossing,TopRisk-K1,197788854,1,0.763095,0.9501
Crossing,TopRisk-K1,197788855,0,1.052912,0.9556
Crossing,TopRisk-K1,197788856,0,0.933767,0.9611
Crossing,TopRisk-K1,197788857,1,0.275380,0.9611
Crossing,TopRisk-K1,197788858,0,1.346530,0.9611
Crossing,TopRisk-K1,197788859,0,1.184937,0.9611
Crossing,TopRisk-K1,197788860,0,1.327630,0.9611
Crossing,TopRisk-K1,197788861,0,1.078034,0.9556
Crossing,TopRisk-K1,197788862,0,0.967914,0.9611
Crossing,TopRisk-K1,197788863,0,1.105007,0.9611
Crossing,TopRisk-K1,197788864,0,1.171296,0.9611
Crossing,TopRisk-K1,197788865,0,1.204609,0.9611
Crossing,TopRisk-K1,197788866,1,0.258748,0.9611
Crossing,TopRisk-K1,197788867,0,1.047828,0.9611
Crossing,TopRisk-K1,197788868,0,1.087343,0.9611
Crossing,TopRisk-K1,197788869,0,1.114654,0.9556
Crossing,TopRisk-K1,197788870,0,1.040983,0.9611
Crossing,TopRisk-K1,197788871,0,1.135772,0.9611
Crossing,TopRisk-K1,197788872,0,1.176609,0.9611
Crossing,TopRisk-K1,197788873,1,0.225273,0.9556
Crossing,TopRisk-K1,197788874,0,1.024012,0.9556
Crossing,TopRisk-K1,197788875,0,1.449983,0.9556
Crossing,TopRisk-K1,197788876,0,1.114051,0.9611
Crossing,TopRisk-K1,197788877,0,1.267356,0.9611
Crossing,TopRisk-K1,197788878,0,1.032938,0.9611
Crossing,TopRisk-K1,197788879,0,1.652298,0.9611
Crossing,TopRisk-K1,197788880,0,1.239903,0.9556
Crossing,TopRisk-K1,197788881,0,1.178382,0.9611
Crossing,TopRisk-K1,197788882,0,1.306979,0.9611
Crossing,TopRisk-K1,197788883,0,1.040348,0.9556
Crossing,TopRisk-K1,197788884,0,1.040624,0.9611
Crossing,TopRisk-K1,197788885,0,1.046107,0.9666
Crossing,TopRisk-K1,197788886,0,1.186115,0.9611
Crossing,TopRisk-K1,197788887,1,0.099892,0.9556
Crossing,TopRisk-K1,197788888,1,0.681686,0.9556
Crossing,TopRisk-K1,197788889,0,1.205577,0.9501
Crossing,TopRisk-K1,197788890,0,1.156542,0.9611
Crossing,TopRisk-K1,197788891,0,1.123075,0.9556
Crossing,TopRisk-K1,197788892,1,0.770684,0.9556
Crossing,TopRisk-K1,197788893,1,0.337376,0.9611
Crossing,TopRisk-K1,197788894,0,0.980437,0.9666
Crossing,TopRisk-K1,197788895,0,1.661553,0.9556
Crossing,TopRisk-K1,197788896,0,1.321532,0.9556
Crossing,TopRisk-K1,197788897,0,1.178445,0.9611
Crossing,TopRisk-K1,197788898,0,1.094745,0.9611
Crossing,TopRisk-K1,197788899,1,0.725545,0.9501
Crossing,TopRisk-K1,197788900,0,1.024614,0.9611
Crossing,TopRisk-K1,197788901,0,1.124116,0.9556
Crossing,TopRisk-K1,197788902,0,1.201424,0.9556
Crossing,TopRisk-K1,197788903,0,1.100127,0.9611
Crossing,TopRisk-K1,197788904,0,1.161163,0.9611
Crossing,TopRisk-K1,197788905,0,1.091789,0.9611
Crossing,TopRisk-K1,197788906,0,1.261908,0.9556
Crossing,TopRisk-K1,197788907,0,1.026785,0.9611
Crossing,TopRisk-K1,197788908,0,1.065161,0.9611
Crossing,TopRisk-K1,197788909,0,1.263380,0.9611
Crossing,TopRisk-K1,197788910,1,0.294408,0.9611
Crossing,TopRisk-K1,197788911,0,1.065028,0.9611
Crossing,TopRisk-K1,197788912,1,0.537292,0.9501
Crossing,TopRisk-K1,197788913,1,0.542389,0.9611
Crossing,TopRisk-K1,197788914,0,1.153872,0.9556
Crossing,TopRisk-K1,197788915,1,0.337107,0.9501
Crossing,TopRisk-K1,197788916,0,1.305824,0.9611
Crossing,TopRisk-K1,197788917,0,0.945275,0.9501
Crossing,TopRisk-K1,197788918,1,0.340717,0.9556
Crossing,TopRisk-K1,197788919,1,0.799613,0.9556
Crossing,TopRisk-K1,197788920,0,1.496208,0.9556
Crossing,TopRisk-K1,197788921,0,1.103863,0.9611
Crossing,TopRisk-K1,197788922,0,1.059818,0.9611
Crossing,TopRisk-K1,197788923,0,1.257101,0.9611
Crossing,TopRisk-K1,197788924,0,1.023551,0.9611
Crossing,TopRisk-K1,197788925,0,1.413379,0.9556
Crossing,TopRisk-K1,197788926,1,0.429694,0.9556
Crossing,TopRisk-K1,197788927,0,1.051066,0.9611
Crossing,TopRisk-K1,197788928,0,1.061882,0.9611
Crossing,TopRisk-K1,197788929,0,1.235031,0.9611
Crossing,TopRisk-K1,197788930,0,0.896455,0.9556
Crossing,TopRisk-K1,197788931,0,1.027228,0.9556
Crossing,TopRisk-K1,197788932,0,0.976318,0.9611
Crossing,TopRisk-K1,197788933,1,0.202250,0.9611
Crossing,TopRisk-K1,197788934,0,1.136927,0.9556
Crossing,TopRisk-K1,197788935,0,1.005567,0.9611
Crossing,TopRisk-K1,197788936,0,1.077525,0.9611
Crossing,TopRisk-K1,197788937,0,1.451418,0.9556
Crossing,TopRisk-K1,197788938,0,1.451109,0.9611
Crossing,TopRisk-K1,197788939,0,1.029562,0.9556
Crossing,TopRisk-K1,197788940,1,0.772415,0.9611
Crossing,TopRisk-K1,197788941,0,1.104376,0.9556
Crossing,TopRisk-K1,197788942,0,1.141609,0.9611
Crossing,TopRisk-K1,197788943,1,0.281536,0.9611
Crossing,TopRisk-K1,197788944,0,1.181416,0.9556
Crossing,TopRisk-K1,197788945,0,1.609601,0.9611
Crossing,TopRisk-K1,197788946,0,1.619448,0.9611
Crossing,TopRisk-K1,197788947,1,0.849832,0.9501
Crossing,TopRisk-K1,197788948,0,1.199787,0.9501
Crossing,TopRisk-K1,197788949,0,0.969525,0.9611
Crossing,TopRisk-K1,197788950,0,1.015806,0.9611
Crossing,TopRisk-K1,197788951,1,0.280330,0.9611
Crossing,TopRisk-K1,197788952,0,1.792627,0.9611
Crossing,TopRisk-K1,197788953,1,0.673375,0.9611
Crossing,TopRisk-K1,197788954,1,0.292141,0.9501
Crossing,TopRisk-K1,197788955,0,1.154087,0.9611
Crossing,TopRisk-K1,197788956,1,0.692813,0.9556
Crossing,TopRisk-K1,197788957,0,2.783202,0.9611
Crossing,TopRisk-K1,197788958,0,1.446613,0.9611
Crossing,TopRisk-K1,197788959,0,1.186169,0.9611
Crossing,TopRisk-K1,197788960,1,0.447807,0.9611
Crossing,TopRisk-K1,197788961,0,1.222283,0.9611
Crossing,TopRisk-K1,197788962,0,1.187430,0.9501
Crossing,TopRisk-K1,197788963,1,0.393087,0.9611
Crossing,TopRisk-K1,197788964,0,1.119551,0.9556
Crossing,TopRisk-K1,197788965,1,0.287463,0.9611
Crossing,TopRisk-K1,197788966,0,1.031632,0.9611
Crossing,TopRisk-K1,197788967,0,1.223036,0.9611
Crossing,TopRisk-K1,197788968,1,0.652368,0.9611
Crossing,TopRisk-K1,197788969,0,1.136496,0.9556
Crossing,TopRisk-K1,197788970,0,1.501713,0.9611
Crossing,TopRisk-K1,197788971,0,1.044429,0.9501
Crossing,TopRisk-K1,197788972,0,0.966338,0.9611
Crossing,TopRisk-K1,197788973,0,1.283356,0.9611
Crossing,TopRisk-K1,197788974,0,1.115040,0.9611
Crossing,TopRisk-K1,197788975,0,1.069187,0.9556
Crossing,TopRisk-K1,197788976,0,1.189913,0.9556
Crossing,TopRisk-K1,197788977,0,1.498291,0.9556
Crossing,TopRisk-K1,197788978,0,1.141993,0.9611
Crossing,TopRisk-K1,197788979,0,1.258225,0.9556
Crossing,TopRisk-K1,197788980,1,0.416485,0.9611
Crossing,TopRisk-K1,197788981,0,1.348065,0.9611
Crossing,TopRisk-K1,197788982,0,1.518262,0.9611
Crossing,TopRisk-K1,197788983,0,0.966753,0.9611
Crossing,TopRisk-K1,197788984,0,1.530071,0.9611
Crossing,TopRisk-K1,197788985,0,0.996521,0.9611
Crossing,TopRisk-K1,197788986,0,0.974601,0.9611
Crossing,TopRisk-K1,197788987,0,1.153303,0.9501
Crossing,TopRisk-K1,197788988,1,0.809662,0.9611
Crossing,TopRisk-K1,197788989,0,1.011097,0.9501
Crossing,TopRisk-K1,197788990,0,1.156297,0.9611
Crossing,TopRisk-K1,197788991,0,1.110068,0.9501
Crossing,TopRisk-K1,197788992,1,0.287447,0.9501
Crossing,TopRisk-K1,197788993,0,1.195833,0.9556
Crossing,TopRisk-K1,197788994,0,1.028755,0.9556
Crossing,TopRisk-K1,197788995,1,0.731563,0.9611
Crossing,TopRisk-K1,197788996,0,1.606154,0.9556
Crossing,TopRisk-K1,197788997,0,1.224554,0.9611
Crossing,TopRisk-K1,197788998,0,1.483636,0.9611
Crossing,TopRisk-K1,197788999,1,0.769739,0.9556
Crossing,TopRisk-K1,197789000,0,1.119451,0.9556
Crossing,TopRisk-K1,197789001,0,1.227715,0.9501
Crossing,TopRisk-K1,197789002,0,0.970516,0.9556
Crossing,TopRisk-K1,197789003,0,0.851546,0.9611
Crossing,TopRisk-K1,197789004,0,1.542625,0.9611
Crossing,TopRisk-K1,197789005,0,1.259854,0.9611
Crossing,TopRisk-K1,197789006,0,1.272792,0.9611
Crossing,TopRisk-K1,197789007,0,1.208139,0.9611
Crossing,TopRisk-K1,197789008,0,1.177819,0.9556
Crossing,TopRisk-K1,197789009,0,1.019286,0.9556
Crossing,TopRisk-K1,197789010,0,1.138999,0.9501
Crossing,TopRisk-K1,197789011,0,1.020636,0.9501
Crossing,TopRisk-K1,197789012,0,1.019093,0.9611
Crossing,TopRisk-K1,197789013,1,0.593252,0.9556
Crossing,TopRisk-K1,197789014,0,1.193938,0.9611
Crossing,TopRisk-K1,197789015,0,0.970780,0.9611
Crossing,TopRisk-K1,197789016,0,1.012235,0.9611
Crossing,TopRisk-K1,197789017,0,1.040192,0.9556
Crossing,TopRisk-K1,197789018,1,0.836633,0.9611
Crossing,TopRisk-K1,197789019,0,1.323663,0.9556
Crossing,TopRisk-K1,197789020,0,1.063757,0.9611
Crossing,TopRisk-K1,197789021,0,1.144573,0.9556
Crossing,TopRisk-K1,197789022,1,0.699918,0.9556
Crossing,TopRisk-K1,197789023,0,1.062608,0.9611
Crossing,TopRisk-K1,197789024,0,1.250360,0.9611
Crossing,TopRisk-K1,197789025,0,1.137936,0.9611
Crossing,TopRisk-K1,197789026,0,1.051057,0.9611
Crossing,TopRisk-K1,197789027,0,0.995344,0.9556
Crossing,TopRisk-K1,197789028,1,0.184376,0.9611
Crossing,TopRisk-K1,197789029,0,0.988757,0.9611
Crossing,TopRisk-K1,197789030,0,1.133972,0.9611
Crossing,TopRisk-K1,197789031,1,0.169063,0.9611
Crossing,TopRisk-K1,197789032,0,1.071726,0.9611
Crossing,TopRisk-K1,197789033,0,1.263325,0.9611
Crossing,TopRisk-K1,197789034,0,1.456331,0.9611
Crossing,TopRisk-K1,197789035,0,1.004467,0.9611
Crossing,TopRisk-K1,197789036,0,1.148794,0.9611
Crossing,TopRisk-K1,197789037,1,0.061560,0.9556
Crossing,TopRisk-K1,197789038,0,1.024519,0.9611
Crossing,TopRisk-K1,197789039,0,1.047109,0.9611
Crossing,TopRisk-K1,197789040,0,1.411014,0.9611
Crossing,TopRisk-K1,197789041,0,1.439323,0.9611
Crossing,TopRisk-K1,197789042,0,1.131028,0.9556
Crossing,TopRisk-K1,197789043,0,1.171141,0.9611
Crossing,TopRisk-K1,197789044,0,1.040932,0.9556
Crossing,TopRisk-K1,197789045,0,1.415145,0.9611
Crossing,TopRisk-K1,197789046,0,1.356039,0.9556
Crossing,TopRisk-K1,197789047,0,1.109352,0.9501
Crossing,TopRisk-K1,197789048,0,1.120160,0.9501
Crossing,TopRisk-K1,197789049,0,1.050006,0.9611
Crossing,TopRisk-K1,197789050,1,0.523764,0.9556
Crossing,TopRisk-K1,197789051,1,0.509177,0.9611
Crossing,TopRisk-K1,197789052,0,1.296292,0.9611
Crossing,TopRisk-K1,197789053,0,1.325491,0.9611
Crossing,TopRisk-K1,197789054,0,1.175148,0.9611
Crossing,TopRisk-K1,197789055,1,0.242236,0.9611
Crossing,TopRisk-K1,197789056,0,1.099030,0.9611
Crossing,TopRisk-K1,197789057,0,1.292397,0.9611
Crossing,TopRisk-K1,197789058,1,0.366074,0.9556
Crossing,TopRisk-K1,197789059,0,1.128057,0.9611
Crossing,TopRisk-K1,197789060,0,1.093272,0.9611
Crossing,TopRisk-K1,197789061,0,1.296335,0.9611
Crossing,TopRisk-K1,197789062,0,1.329277,0.9611
Crossing,TopRisk-K1,197789063,1,0.317312,0.9611
Crossing,TopRisk-K1,197789064,1,0.770848,0.9611
Crossing,TopRisk-K1,197789065,0,1.332845,0.9611
Crossing,TopRisk-K1,197789066,0,1.130639,0.9611
Crossing,TopRisk-K1,197789067,0,1.052407,0.9556
Crossing,TopRisk-K1,197789068,0,1.063402,0.9611
Crossing,TopRisk-K1,197789069,0,1.099861,0.9611
Crossing,TopRisk-K1,197789070,0,1.065830,0.9556
Crossing,TopRisk-K1,197789071,0,1.066759,0.9556
Crossing,TopRisk-K1,197789072,0,1.267200,0.9611
Crossing,TopRisk-K1,197789073,0,1.022219,0.9556
Crossing,TopRisk-K1,197789074,1,0.789814,0.9501
Crossing,TopRisk-K1,197789075,0,1.118016,0.9611
Crossing,TopRisk-K1,197789076,0,1.286245,0.9611
Crossing,TopRisk-K1,197789077,1,0.778911,0.9556
Crossing,TopRisk-K1,197789078,0,0.975734,0.9611
Crossing,TopRisk-K1,197789079,0,0.976378,0.9501
Crossing,TopRisk-K1,197789080,0,1.469086,0.9611
Crossing,TopRisk-K1,197789081,0,1.055681,0.9501
Crossing,TopRisk-K1,197789082,0,1.213938,0.9611
Crossing,TopRisk-K1,197789083,0,1.008557,0.9556
Crossing,TopRisk-K1,197789084,1,0.140157,0.9611
Crossing,TopRisk-K1,197789085,1,0.169908,0.9611
Crossing,TopRisk-K1,197789086,0,1.225919,0.9556
Crossing,TopRisk-K1,197789087,0,1.103110,0.9556
Crossing,TopRisk-K1,197789088,1,0.508248,0.9611
Crossing,TopRisk-K1,197789089,1,0.282054,0.9556
Crossing,TopRisk-K1,197789090,1,0.547858,0.9611
Crossing,TopRisk-K1,197789091,0,1.207361,0.9611
Crossing,TopRisk-K1,197789092,0,1.223674,0.9611
Crossing,TopRisk-K1,197789093,1,0.456832,0.9556
Crossing,TopRisk-K1,197789094,0,1.218019,0.9501
Crossing,TopRisk-K1,197789095,0,1.083254,0.9611
Crossing,TopRisk-K1,197789096,1,0.834731,0.9611
Crossing,TopRisk-K1,197789097,0,1.165101,0.9611
Crossing,TopRisk-K1,197789098,1,0.150594,0.9666
Crossing,TopRisk-K1,197789099,0,0.977182,0.9556
Crossing,TopRisk-K1,197789100,0,1.529166,0.9611
Crossing,TopRisk-K1,197789101,1,0.668415,0.9611
Crossing,TopRisk-K1,197789102,0,1.453941,0.9611
Crossing,TopRisk-K1,197789103,0,1.059117,0.9501
Crossing,TopRisk-K1,197789104,0,1.093375,0.9556
Crossing,TopRisk-K1,197789105,1,0.093698,0.9556
Crossing,TopRisk-K1,197789106,0,1.023471,0.9501
Crossing,TopRisk-K1,197789107,1,0.680757,0.9611
Crossing,TopRisk-K1,197789108,0,1.016183,0.9611
Crossing,TopRisk-K1,197789109,0,1.910705,0.9611
Crossing,TopRisk-K1,197789110,0,1.101893,0.9501
Crossing,TopRisk-K1,197789111,0,1.282339,0.9611
Crossing,TopRisk-K1,197789112,0,1.025968,0.9556
Crossing,TopRisk-K1,197789113,0,1.100565,0.9556
Crossing,TopRisk-K1,197789114,0,1.016834,0.9556
Crossing,TopRisk-K1,197789115,0,1.068524,0.9501
Crossing,TopRisk-K1,197789116,1,0.490651,0.9611
Crossing,TopRisk-K1,197789117,1,0.546903,0.9556
Crossing,TopRisk-K1,197789118,0,1.059656,0.9611
Crossing,TopRisk-K1,197789119,0,1.155448,0.9611
Crossing,TopRisk-K1,197789120,0,1.056932,0.9611
Crossing,TopRisk-K1,197789121,0,1.150614,0.9556
Crossing,TopRisk-K1,197789122,0,1.087486,0.9501
Crossing,TopRisk-K1,197789123,0,0.955303,0.9556
Crossing,TopRisk-K1,197789124,0,0.980169,0.9556
Crossing,TopRisk-K1,197789125,0,1.216699,0.9611
Crossing,TopRisk-K1,197789126,1,0.659701,0.9556
Crossing,TopRisk-K1,197789127,0,1.230287,0.9611
Crossing,TopRisk-K1,197789128,1,0.389577,0.9611
Crossing,TopRisk-K1,197789129,1,0.327801,0.9611
Crossing,TopRisk-K1,197789130,0,1.220607,0.9556
Crossing,TopRisk-K1,197789131,0,0.949923,0.9556
Crossing,TopRisk-K1,197789132,1,0.061912,0.9611
Crossing,TopRisk-K1,197789133,1,0.809558,0.9611
Crossing,TopRisk-K1,197789134,1,0.577353,0.9611
Crossing,TopRisk-K1,197789135,1,0.544660,0.9611
Crossing,TopRisk-K1,197789136,1,0.627839,0.9611
Crossing,TopRisk-K1,197789137,1,0.765277,0.9611
Crossing,TopRisk-K1,197789138,0,1.034281,0.9611
Crossing,TopRisk-K1,197789139,0,1.104525,0.9556
Crossing,TopRisk-K1,197789140,0,1.252679,0.9611
Crossing,TopRisk-K1,197789141,0,1.153014,0.9611
Crossing,TopRisk-K1,197789142,0,1.101407,0.9611
Crossing,TopRisk-K1,197789143,0,1.199683,0.9556
Crossing,TopRisk-K1,197789144,0,1.082211,0.9611
Crossing,TopRisk-K1,197789145,0,1.111073,0.9556
Crossing,TopRisk-K1,197789146,0,1.717182,0.9556
Crossing,TopRisk-K1,197789147,0,1.107407,0.9611
Crossing,TopRisk-K1,197789148,1,0.443514,0.9611
Crossing,TopRisk-K1,197789149,1,0.550433,0.9501
Crossing,TopRisk-K1,197789150,0,1.059092,0.9611
Crossing,TopRisk-K1,197789151,0,1.741167,0.9611
Crossing,TopRisk-K1,197789152,0,0.967951,0.9501
Crossing,TopRisk-K1,197789153,0,1.056244,0.9611
Crossing,TopRisk-K1,197789154,0,1.402791,0.9611
Crossing,TopRisk-K1,197789155,0,2.173724,0.9611
Crossing,TopRisk-K1,197789156,0,1.000306,0.9611
Crossing,TopRisk-K1,197789157,0,1.076888,0.9666
Crossing,TopRisk-K1,197789158,1,0.283820,0.9556
Crossing,TopRisk-K1,197789159,0,1.029633,0.9611
Crossing,TopRisk-K1,197789160,1,0.608928,0.9556
Crossing,TopRisk-K1,197789161,0,1.401821,0.9611
Crossing,TopRisk-K1,197789162,0,1.066677,0.9501
Crossing,TopRisk-K1,197789163,1,0.403287,0.9556
Crossing,TopRisk-K1,197789164,0,1.470426,0.9556
Crossing,TopRisk-K1,197789165,0,1.137436,0.9501
Crossing,TopRisk-K1,197789166,1,0.610042,0.9501
Crossing,TopRisk-K1,197789167,1,0.556228,0.9501
Crossing,TopRisk-K1,197789168,0,1.191535,0.9611
Crossing,TopRisk-K1,197789169,0,1.556375,0.9501
Crossing,TopRisk-K1,197789170,0,1.113602,0.9611
Crossing,TopRisk-K1,197789171,0,0.988222,0.9611
Crossing,TopRisk-K1,197789172,0,1.078417,0.9556
Crossing,TopRisk-K1,197789173,0,0.996510,0.9611
Crossing,TopRisk-K1,197789174,0,1.057636,0.9611
Crossing,TopRisk-K1,197789175,0,1.185302,0.9611
Crossing,TopRisk-K1,197789176,1,0.349102,0.9556
Crossing,TopRisk-K1,197789177,1,0.641502,0.9611
Crossing,TopRisk-K1,197789178,0,1.087096,0.9556
Crossing,TopRisk-K1,197789179,0,1.078991,0.9611
Crossing,TopRisk-K1,197789180,0,1.387294,0.9556
Crossing,TopRisk-K1,197789181,0,0.987056,0.9611
Crossing,TopRisk-K1,197789182,0,1.199834,0.9611
Crossing,TopRisk-K1,197789183,0,1.094822,0.9556
Crossing,TopRisk-K1,197789184,0,1.435633,0.9611
Crossing,TopRisk-K1,197789185,0,1.065906,0.9611
Crossing,TopRisk-K1,197789186,0,1.018496,0.9611
Crossing,TopRisk-K1,197789187,1,0.200676,0.9611
Crossing,TopRisk-K1,197789188,0,1.330306,0.9611
Crossing,TopRisk-K1,197789189,0,1.156382,0.9556
Crossing,TopRisk-K1,197789190,0,1.096450,0.9611
Crossing,TopRisk-K1,197789191,0,1.030367,0.9611
Crossing,TopRisk-K1,197789192,0,1.197037,0.9611
Crossing,TopRisk-K1,197789193,1,0.598785,0.9611
Crossing,TopRisk-K1,197789194,0,1.078093,0.9611
Crossing,TopRisk-K1,197789195,0,1.065521,0.9611
Crossing,TopRisk-K1,197789196,1,0.063006,0.9501
Crossing,TopRisk-K1,197789197,0,1.169034,0.9611
Crossing,TopRisk-K1,197789198,1,0.535690,0.9611
Crossing,TopRisk-K1,197789199,0,1.308169,0.9611
Crossing,TopRisk-K1,197789200,1,0.449920,0.9666
Crossing,TopRisk-K1,197789201,0,1.257442,0.9611
Crossing,TopRisk-K1,197789202,0,1.278962,0.9611
Crossing,TopRisk-K1,197789203,0,1.297869,0.9611
Crossing,TopRisk-K1,197789204,0,1.204210,0.9611
Crossing,TopRisk-K1,197789205,0,1.198546,0.9611
Crossing,TopRisk-K1,197789206,0,1.789427,0.9611
Crossing,TopRisk-K1,197789207,0,0.957598,0.9611
Crossing,TopRisk-K1,197789208,0,0.951601,0.9501
Crossing,TopRisk-K1,197789209,0,1.031111,0.9611
Crossing,TopRisk-K1,197789210,0,1.222330,0.9611
Crossing,TopRisk-K1,197789211,0,1.191959,0.9556
Crossing,TopRisk-K1,197789212,0,1.090192,0.9556
Crossing,TopRisk-K1,197789213,0,1.231372,0.9611
Crossing,TopRisk-K1,197789214,1,0.339233,0.9611
Crossing,TopRisk-K1,197789215,0,1.008756,0.9611
Crossing,TopRisk-K1,197789216,0,1.071072,0.9611
Crossing,TopRisk-K1,197789217,0,1.079554,0.9611
Crossing,TopRisk-K1,197789218,0,1.008096,0.9611
Crossing,TopRisk-K1,197789219,0,1.041619,0.9611
Crossing,TopRisk-K1,197789220,1,0.425612,0.9611
Crossing,TopRisk-K1,197789221,0,0.952210,0.9611
Crossing,TopRisk-K1,197789222,0,1.079805,0.9556
Crossing,TopRisk-K1,197789223,0,1.084807,0.9611
Crossing,TopRisk-K1,197789224,1,0.251440,0.9611
Crossing,TopRisk-K1,197789225,1,0.634037,0.9611
Crossing,TopRisk-K1,197789226,0,1.072053,0.9611
Crossing,TopRisk-K1,197789227,0,1.063384,0.9611
Crossing,TopRisk-K1,197789228,1,0.527991,0.9611
Crossing,TopRisk-K1,197789229,0,1.112362,0.9556
Crossing,TopRisk-K1,197789230,0,1.501835,0.9611
Crossing,TopRisk-K1,197789231,0,1.156705,0.9611
Crossing,TopRisk-K1,197789232,0,1.075136,0.9556
Crossing,TopRisk-K1,197789233,0,0.989543,0.9556
Crossing,TopRisk-K1,197789234,0,1.081714,0.9611
Crossing,TopRisk-K1,197789235,0,1.269730,0.9611
Crossing,TopRisk-K1,197789236,0,1.526846,0.9556
Crossing,TopRisk-K1,197789237,1,0.663398,0.9611
Crossing,TopRisk-K1,197789238,0,1.243231,0.9501
Crossing,TopRisk-K1,197789239,1,0.780833,0.9611
Crossing,TopRisk-K1,197789240,0,1.150564,0.9611
Crossing,TopRisk-K1,197789241,1,0.780738,0.9501
Crossing,TopRisk-K1,197789242,0,1.261861,0.9556
Crossing,TopRisk-K1,197789243,0,1.157277,0.9611
Crossing,TopRisk-K1,197789244,0,1.068880,0.9501
Crossing,TopRisk-K1,197789245,0,1.153469,0.9611
Crossing,TopRisk-K1,197789246,0,1.075874,0.9611
Crossing,TopRisk-K1,197789247,1,0.702285,0.9556
Crossing,TopRisk-K1,197789248,0,1.622124,0.9611
Crossing,TopRisk-K1,197789249,0,1.153030,0.9501
Crossing,TopRisk-K1,197789250,0,1.117863,0.9611
Crossing,TopRisk-K1,197789251,1,0.809035,0.9611
Crossing,TopRisk-K1,197789252,1,0.140939,0.9611
Crossing,TopRisk-K1,197789253,1,0.035015,0.9611
Crossing,TopRisk-K1,197789254,0,1.373098,0.9611
Crossing,TopRisk-K1,197789255,0,1.631957,0.9556
Crossing,TopRisk-K1,197789256,1,0.660613,0.9611
Crossing,TopRisk-K1,197789257,0,1.011825,0.9556
Crossing,TopRisk-K1,197789258,1,0.179005,0.9556
Crossing,TopRisk-K1,197789259,1,0.714167,0.9611
Crossing,TopRisk-K1,197789260,0,1.055567,0.9556
Crossing,TopRisk-K1,197789261,0,1.162693,0.9611
Crossing,TopRisk-K1,197789262,1,0.158714,0.9501
Crossing,TopRisk-K1,197789263,0,1.206420,0.9611
Crossing,TopRisk-K1,197789264,0,1.112606,0.9501
Crossing,TopRisk-K1,197789265,0,1.418997,0.9611
Crossing,TopRisk-K1,197789266,0,1.212484,0.9611
Crossing,TopRisk-K1,197789267,0,1.097655,0.9611
Crossing,TopRisk-K1,197789268,0,1.139826,0.9611
Crossing,TopRisk-K1,197789269,1,0.761036,0.9611
Crossing,TopRisk-K1,197789270,0,1.012685,0.9611
Crossing,TopRisk-K1,197789271,1,0.355545,0.9611
Crossing,TopRisk-K1,197789272,0,1.154863,0.9611
Crossing,TopRisk-K1,197789273,0,1.051536,0.9556
Crossing,TopRisk-K1,197789274,0,1.235667,0.9611
Crossing,TopRisk-K1,197789275,0,0.965202,0.9611
Crossing,TopRisk-K1,197789276,0,1.075630,0.9501
Crossing,TopRisk-K1,197789277,1,0.421367,0.9501
Crossing,TopRisk-K1,197789278,0,1.228108,0.9611
Crossing,TopRisk-K1,197789279,0,1.132245,0.9611
Crossing,TopRisk-K1,197789280,0,1.396001,0.9611
Crossing,TopRisk-K1,197789281,0,1.045053,0.9611
Crossing,TopRisk-K1,197789282,0,1.190785,0.9611
Crossing,TopRisk-K1,197789283,0,1.031729,0.9611
Crossing,TopRisk-K1,197789284,0,1.192114,0.9611
Crossing,TopRisk-K1,197789285,0,1.028003,0.9611
Crossing,TopRisk-K1,197789286,1,0.415462,0.9611
Crossing,TopRisk-K1,197789287,0,1.173931,0.9611
Crossing,TopRisk-K1,197789288,1,0.478328,0.9611
Crossing,TopRisk-K1,197789289,0,1.332041,0.9611
Crossing,TopRisk-K1,197789290,1,0.650294,0.9611
Crossing,TopRisk-K1,197789291,0,1.017005,0.9501
Crossing,TopRisk-K1,197789292,1,0.495630,0.9611
Crossing,TopRisk-K1,197789293,0,1.275108,0.9611
Crossing,TopRisk-K1,197789294,0,1.110036,0.9556
Crossing,TopRisk-K1,197789295,1,0.130910,0.9611
Crossing,TopRisk-K1,197789296,0,1.029055,0.9611
Crossing,TopRisk-K1,197789297,1,0.504727,0.9611
Crossing,TopRisk-K1,197789298,0,1.034547,0.9611
Crossing,TopRisk-K1,197789299,0,1.158409,0.9611
Crossing,TopRisk-K1,197789300,0,1.110015,0.9501
Crossing,TopRisk-K1,197789301,1,0.749116,0.9501
Crossing,TopRisk-K1,197789302,0,1.132324,0.9611
Crossing,TopRisk-K1,197789303,1,0.555072,0.9556
Crossing,TopRisk-K1,197789304,0,1.518572,0.9611
Crossing,TopRisk-K1,197789305,0,1.023412,0.9611
Crossing,TopRisk-K1,197789306,1,0.662436,0.9611
Crossing,TopRisk-K1,197789307,0,1.118641,0.9666
Crossing,TopRisk-K1,197789308,1,0.115225,0.9611
Crossing,TopRisk-K1,197789309,1,0.782197,0.9501
Crossing,TopRisk-K1,197789310,0,1.131858,0.9556
Crossing,TopRisk-K1,197789311,0,1.080577,0.9501
Crossing,TopRisk-K1,197789312,1,0.058705,0.9611
Crossing,TopRisk-K1,197789313,0,1.573325,0.9611
Crossing,TopRisk-K1,197789314,0,1.157482,0.9611
Crossing,TopRisk-K1,197789315,0,1.403277,0.9611
Crossing,TopRisk-K1,197789316,0,1.162638,0.9611
Crossing,TopRisk-K1,197789317,0,1.149575,0.9611
Crossing,TopRisk-K1,197789318,0,1.102492,0.9611
Crossing,TopRisk-K1,197789319,0,1.324845,0.9611
Crossing,TopRisk-K1,197789320,0,1.024478,0.9556
Crossing,TopRisk-K1,197789321,1,0.809202,0.9611
Crossing,TopRisk-K1,197789322,0,1.076910,0.9611
Crossing,TopRisk-K1,197789323,0,1.372002,0.9611
Crossing,TopRisk-K1,197789324,0,1.128579,0.9611
Crossing,TopRisk-K1,197789325,0,1.318985,0.9611
Crossing,TopRisk-K1,197789326,1,0.511209,0.9556
Crossing,TopRisk-K1,197789327,0,1.076661,0.9611
Crossing,TopRisk-K1,197789328,1,0.523238,0.9556
Crossing,TopRisk-K1,197789329,0,1.181491,0.9611
Crossing,TopRisk-K1,197789330,1,0.063228,0.9611
Crossing,TopRisk-K1,197789331,0,1.196019,0.9611
Crossing,TopRisk-K1,197789332,0,1.129920,0.9666
Crossing,TopRisk-K1,197789333,1,0.650835,0.9501
Crossing,TopRisk-K1,197789334,0,1.261233,0.9611
Crossing,TopRisk-K1,197789335,0,1.776504,0.9611
Crossing,TopRisk-K1,197789336,1,0.606363,0.9501
Crossing,TopRisk-K1,197789337,0,1.078940,0.9556
Crossing,TopRisk-K1,197789338,1,0.100360,0.9556
Crossing,TopRisk-K1,197789339,0,1.178634,0.9611
Crossing,TopRisk-K1,197789340,0,1.314567,0.9556
Crossing,TopRisk-K1,197789341,0,1.266130,0.9501
Crossing,TopRisk-K1,197789342,0,0.994183,0.9611
Crossing,TopRisk-K1,197789343,0,1.259352,0.9611
Crossing,TopRisk-K1,197789344,1,0.497813,0.9501
Crossing,TopRisk-K1,197789345,0,1.673034,0.9611
Crossing,TopRisk-K1,197789346,0,1.040799,0.9501
Crossing,TopRisk-K1,197789347,0,1.017132,0.9556
Crossing,TopRisk-K1,197789348,0,1.181549,0.9611
Crossing,TopRisk-K1,197789349,0,1.132677,0.9556
Crossing,TopRisk-K1,197789350,0,1.086903,0.9556
Crossing,TopRisk-K1,197789351,0,1.341895,0.9611
Crossing,TopRisk-K1,197789352,0,1.094453,0.9611
Crossing,TopRisk-K1,197789353,1,0.143228,0.9666
Crossing,TopRisk-K1,197789354,0,1.146291,0.9556
Crossing,TopRisk-K1,197789355,0,1.050629,0.9611
Crossing,TopRisk-K1,197789356,0,1.176129,0.9611
Crossing,TopRisk-K1,197789357,1,0.560847,0.9611
Crossing,TopRisk-K1,197789358,0,1.156784,0.9556
Crossing,TopRisk-K1,197789359,0,1.390413,0.9611
Crossing,TopRisk-K1,197789360,0,1.413273,0.9556
Crossing,TopRisk-K1,197789361,0,1.107865,0.9611
Crossing,TopRisk-K1,197789362,1,0.050498,0.9611
Crossing,TopRisk-K1,197789363,0,1.137444,0.9611
Crossing,TopRisk-K1,197789364,1,0.061495,0.9556
Crossing,TopRisk-K1,197789365,1,0.661627,0.9611
Crossing,TopRisk-K1,197789366,0,1.261367,0.9556
Crossing,TopRisk-K1,197789367,0,1.167610,0.9556
Crossing,TopRisk-K1,197789368,1,0.050726,0.9501
Crossing,TopRisk-K1,197789369,0,1.208158,0.9611
Crossing,TopRisk-K1,197789370,0,1.105553,0.9611
Crossing,TopRisk-K1,197789371,0,1.628820,0.9556
Crossing,TopRisk-K1,197789372,0,1.168499,0.9611
Crossing,TopRisk-K1,197789373,0,1.046142,0.9611
Crossing,TopRisk-K1,197789374,1,0.394283,0.9611
Crossing,TopRisk-K1,197789375,0,0.979527,0.9611
Crossing,TopRisk-K1,197789376,1,0.773208,0.9611
Crossing,TopRisk-K1,197789377,0,1.892808,0.9611
Crossing,TopRisk-K1,197789378,0,1.022160,0.9611
Crossing,TopRisk-K1,197789379,1,0.618004,0.9556
Crossing,TopRisk-K1,197789380,0,0.994307,0.9556
Crossing,TopRisk-K1,197789381,0,1.274260,0.9611
Crossing,TopRisk-K1,197789382,0,1.101969,0.9611
Crossing,TopRisk-K1,197789383,0,0.959940,0.9611
Crossing,TopRisk-K1,197789384,0,1.130366,0.9611
Crossing,TopRisk-K1,197789385,0,1.323365,0.9611
Crossing,TopRisk-K1,197789386,0,1.526692,0.9611
Crossing,TopRisk-K1,197789387,0,1.815746,0.9611
Crossing,TopRisk-K1,197789388,0,1.115221,0.9611
Crossing,TopRisk-K1,197789389,1,0.392608,0.9556
Crossing,TopRisk-K1,197789390,1,0.277103,0.9611
Crossing,TopRisk-K1,197789391,0,1.384018,0.9611
Crossing,TopRisk-K1,197789392,1,0.104608,0.9556
Crossing,TopRisk-K1,197789393,0,1.012958,0.9556
Crossing,TopRisk-K1,197789394,0,1.296017,0.9611
Crossing,TopRisk-K1,197789395,1,0.322714,0.9556
Crossing,TopRisk-K1,197789396,0,1.566369,0.9611
Crossing,TopRisk-K1,197789397,0,0.950009,0.9611
Crossing,TopRisk-K1,197789398,1,0.371077,0.9611
Crossing,TopRisk-K1,197789399,1,0.049346,0.9501
Crossing,TopRisk-K1,197789400,1,0.049200,0.9556
Crossing,TopRisk-K1,197789401,1,0.179641,0.9611
Crossing,TopRisk-K1,197789402,0,1.214204,0.9611
Crossing,TopRisk-K1,197789403,0,1.048976,0.9611
Crossing,TopRisk-K1,197789404,0,1.050143,0.9556
Crossing,TopRisk-K1,197789405,0,1.024406,0.9611
Crossing,TopRisk-K1,197789406,0,1.369510,0.9556
Crossing,TopRisk-K1,197789407,0,1.206081,0.9611
Crossing,TopRisk-K1,197789408,1,0.042565,0.9556
Crossing,TopRisk-K1,197789409,0,1.193762,0.9611
Crossing,TopRisk-K1,197789410,0,1.167430,0.9611
Crossing,TopRisk-K1,197789411,0,1.586264,0.9611
Crossing,TopRisk-K1,197789412,0,1.552766,0.9501
Crossing,TopRisk-K1,197789413,0,1.165806,0.9611
Crossing,TopRisk-K1,197789414,0,1.320080,0.9556
Crossing,TopRisk-K1,197789415,0,0.988367,0.9611
Crossing,TopRisk-K1,197789416,0,1.436912,0.9611
Crossing,TopRisk-K1,197789417,0,1.392404,0.9556
Crossing,TopRisk-K1,197789418,0,1.233142,0.9611
Crossing,TopRisk-K1,197789419,0,1.093437,0.9556
Crossing,TopRisk-K1,197789420,0,0.976004,0.9611
Crossing,TopRisk-K1,197789421,0,1.052489,0.9611
Crossing,TopRisk-K1,197789422,0,1.214186,0.9611
Crossing,TopRisk-K1,197789423,0,1.080219,0.9611
Crossing,TopRisk-K1,197789424,0,1.340923,0.9501
Crossing,TopRisk-K1,197789425,0,1.217026,0.9501
Crossing,TopRisk-K1,197789426,1,0.754426,0.9611
Crossing,TopRisk-K1,197789427,0,0.875894,0.9501
Crossing,TopRisk-K1,197789428,0,0.975212,0.9611
Crossing,TopRisk-K1,197789429,1,0.522349,0.9611
Crossing,TopRisk-K1,197789430,0,1.138608,0.9501
Crossing,TopRisk-K1,197789431,1,0.574205,0.9501
Crossing,TopRisk-K1,197789432,0,1.324363,0.9611
Crossing,TopRisk-K1,197789433,1,0.107804,0.9611
Crossing,TopRisk-K1,197789434,0,1.063284,0.9556
Crossing,TopRisk-K1,197789435,1,0.301925,0.9611
Crossing,TopRisk-K1,197789436,0,1.042260,0.9611
Crossing,TopRisk-K1,197789437,0,1.110825,0.9501
Crossing,TopRisk-K1,197789438,0,1.343050,0.9611
Crossing,TopRisk-K1,197789439,0,1.014484,0.9611
Crossing,TopRisk-K1,197789440,0,1.127677,0.9611
Crossing,TopRisk-K1,197789441,0,1.138092,0.9611
Crossing,TopRisk-K1,197789442,1,0.159472,0.9666
Crossing,TopRisk-K1,197789443,0,1.207564,0.9501
Crossing,TopRisk-K1,197789444,0,1.172272,0.9501
Crossing,TopRisk-K1,197789445,0,1.233494,0.9611
Crossing,TopRisk-K1,197789446,0,1.030089,0.9611
Crossing,TopRisk-K1,197789447,1,0.039964,0.9611
Crossing,TopRisk-K1,197789448,1,0.525499,0.9611
Crossing,TopRisk-K1,197789449,0,1.139136,0.9611
Crossing,TopRisk-K1,197789450,0,0.994800,0.9556
Crossing,TopRisk-K1,197789451,1,0.784572,0.9611
Crossing,TopRisk-K1,197789452,0,1.519475,0.9611
Crossing,TopRisk-K1,197789453,0,1.065729,0.9611
Crossing,TopRisk-K1,197789454,0,1.413377,0.9611
Crossing,TopRisk-K1,197789455,0,1.265841,0.9611
Crossing,TopRisk-K1,197789456,1,0.165709,0.9611
Crossing,TopRisk-K1,197789457,1,0.413558,0.9556
Crossing,TopRisk-K1,197789458,0,1.143937,0.9611
Crossing,TopRisk-K1,197789459,1,0.594954,0.9556
Crossing,TopRisk-K1,197789460,1,0.355975,0.9611
Crossing,TopRisk-K1,197789461,1,0.742890,0.9556
Crossing,TopRisk-K1,197789462,0,1.343133,0.9611
Crossing,TopRisk-K1,197789463,1,0.280250,0.9556
Crossing,TopRisk-K1,197789464,0,1.121451,0.9556
Crossing,TopRisk-K1,197789465,1,0.493361,0.9611
Crossing,TopRisk-K1,197789466,0,1.523010,0.9611
Crossing,TopRisk-K1,197789467,0,0.957577,0.9501
Crossing,TopRisk-K1,197789468,0,1.143176,0.9501
Crossing,TopRisk-K1,197789469,0,1.143120,0.9611
Crossing,TopRisk-K1,197789470,1,0.294822,0.9611
Crossing,TopRisk-K1,197789471,0,1.362869,0.9611
Crossing,TopRisk-K1,197789472,0,1.092640,0.9501
Crossing,TopRisk-K1,197789473,1,0.606174,0.9611
Crossing,TopRisk-K1,197789474,0,1.172175,0.9611
Crossing,TopRisk-K1,197789475,0,1.122556,0.9611
Crossing,TopRisk-K1,197789476,0,1.685917,0.9556
Crossing,TopRisk-K1,197789477,0,1.557375,0.9556
Crossing,TopRisk-K1,197789478,0,1.236791,0.9556
Crossing,TopRisk-K1,197789479,0,1.243271,0.9501
Crossing,TopRisk-K1,197789480,0,1.052563,0.9556
Crossing,TopRisk-K1,197789481,0,0.993415,0.9611
Crossing,TopRisk-K1,197789482,1,0.800431,0.9556
Crossing,TopRisk-K1,197789483,0,1.072853,0.9611
Crossing,TopRisk-K1,197789484,1,0.200942,0.9611
Crossing,TopRisk-K1,197789485,0,2.962103,0.9611
Crossing,TopRisk-K1,197789486,0,0.961538,0.9556
Crossing,TopRisk-K1,197789487,0,1.212076,0.9501
Crossing,TopRisk-K1,197789488,0,1.302921,0.9611
Crossing,TopRisk-K1,197789489,1,0.319851,0.9611
Crossing,TopRisk-K1,197789490,0,0.982148,0.9611
Crossing,TopRisk-K1,197789491,0,0.960182,0.9611
Crossing,TopRisk-K1,197789492,0,1.345480,0.9556
Crossing,TopRisk-K1,197789493,0,1.085558,0.9611
Crossing,TopRisk-K1,197789494,0,1.622718,0.9611
Crossing,TopRisk-K1,197789495,1,0.428026,0.9611
Crossing,TopRisk-K1,197789496,0,1.120821,0.9556
Crossing,TopRisk-K1,197789497,0,1.630134,0.9556
Crossing,TopRisk-K1,197789498,1,0.838961,0.9611
Crossing,TopRisk-K1,197789499,0,1.347186,0.9611
Crossing,TopRisk-K1,197789500,0,1.140526,0.9611
Crossing,TopRisk-K1,197789501,0,1.022670,0.9611
Crossing,TopRisk-K1,197789502,0,1.037518,0.9501
Crossing,TopRisk-K1,197789503,0,1.234647,0.9611
Crossing,TopRisk-K1,197789504,1,0.609622,0.9611
Crossing,TopRisk-K1,197789505,1,0.188944,0.9611
Crossing,TopRisk-K1,197789506,0,1.217489,0.9556
Crossing,TopRisk-K1,197789507,0,1.196377,0.9611
Crossing,TopRisk-K1,197789508,0,1.140227,0.9556
Crossing,TopRisk-K1,197789509,0,1.087956,0.9611
Crossing,TopRisk-K1,197789510,0,1.161755,0.9611
Crossing,TopRisk-K1,197789511,0,1.139366,0.9611
Crossing,TopRisk-K1,197789512,0,1.009278,0.9611
Crossing,TopRisk-K1,197789513,0,1.090485,0.9611
Crossing,TopRisk-K1,197789514,0,1.038592,0.9556
Crossing,TopRisk-K1,197789515,0,1.513928,0.9611
Crossing,TopRisk-K1,197789516,0,1.153997,0.9501
Crossing,TopRisk-K1,197789517,0,0.950146,0.9556
Crossing,TopRisk-K1,197789518,0,1.304193,0.9611
Crossing,TopRisk-K1,197789519,0,1.049524,0.9611
Crossing,TopRisk-K1,197789520,0,0.991715,0.9611
Crossing,TopRisk-K1,197789521,0,1.322955,0.9611
Crossing,TopRisk-K1,197789522,0,1.169230,0.9611
Crossing,TopRisk-K1,197789523,0,1.414149,0.9611
Crossing,TopRisk-K1,197789524,0,1.117780,0.9611
Crossing,TopRisk-K1,197789525,1,0.183853,0.9611
Crossing,TopRisk-K1,197789526,0,1.561151,0.9611
Crossing,TopRisk-K1,197789527,0,1.254531,0.9611
Crossing,TopRisk-K1,197789528,0,1.018483,0.9611
Crossing,TopRisk-K1,197789529,0,1.141897,0.9556
Crossing,TopRisk-K1,197789530,1,0.190408,0.9556
Crossing,TopRisk-K1,197789531,0,1.210564,0.9611
Crossing,TopRisk-K1,197789532,1,0.600689,0.9611
Crossing,TopRisk-K1,197789533,0,1.111403,0.9501
Crossing,TopRisk-K1,197789534,0,1.091975,0.9611
Crossing,TopRisk-K1,197789535,0,1.088673,0.9501
Crossing,TopRisk-K1,197789536,1,0.277942,0.9611
Crossing,TopRisk-K1,197789537,0,1.050429,0.9611
Crossing,TopRisk-K1,197789538,0,1.003578,0.9501
Crossing,TopRisk-K1,197789539,0,1.141470,0.9611
Crossing,TopRisk-K1,197789540,0,1.220239,0.9501
Crossing,TopRisk-K1,197789541,1,0.595581,0.9611
Crossing,TopRisk-K1,197789542,0,1.219140,0.9556
Crossing,TopRisk-K1,197789543,0,1.475723,0.9611
Crossing,TopRisk-K1,197789544,0,1.113151,0.9611
Crossing,TopRisk-K1,197789545,0,1.039867,0.9501
Crossing,TopRisk-K1,197789546,0,1.049731,0.9501
Crossing,TopRisk-K1,197789547,1,0.289055,0.9611
Crossing,TopRisk-K1,197789548,0,1.066165,0.9611
Crossing,TopRisk-K1,197789549,0,1.190407,0.9556
Crossing,TopRisk-K1,197789550,0,1.105236,0.9556
Crossing,TopRisk-K1,197789551,0,1.225592,0.9611
Crossing,TopRisk-K1,197789552,0,1.467849,0.9611
Crossing,TopRisk-K1,197789553,0,1.276658,0.9611
Crossing,TopRisk-K1,197789554,0,0.996041,0.9556
Crossing,TopRisk-K1,197789555,0,1.872396,0.9611
Crossing,TopRisk-K1,197789556,0,1.052801,0.9556
Crossing,TopRisk-K1,197789557,0,1.282041,0.9611
Crossing,TopRisk-K1,197789558,0,1.102528,0.9611
Crossing,TopRisk-K1,197789559,0,1.228765,0.9611
Crossing,TopRisk-K1,197789560,0,1.108076,0.9611
Crossing,TopRisk-K1,197789561,1,0.761670,0.9501
Crossing,TopRisk-K1,197789562,0,1.311302,0.9611
Crossing,TopRisk-K1,197789563,0,1.140820,0.9611
Crossing,TopRisk-K1,197789564,0,0.953767,0.9611
Crossing,TopRisk-K1,197789565,1,0.368835,0.9611
Crossing,TopRisk-K1,197789566,0,1.561141,0.9501
Crossing,TopRisk-K1,197789567,0,0.960341,0.9501
Crossing,TopRisk-K1,197789568,0,1.675162,0.9611
Crossing,TopRisk-K1,197789569,0,1.774743,0.9501
Crossing,TopRisk-K1,197789570,0,1.133971,0.9501
Crossing,TopRisk-K1,197789571,0,1.137772,0.9611
Crossing,TopRisk-K1,197789572,0,1.061247,0.9556
Crossing,TopRisk-K1,197789573,0,1.175027,0.9611
Crossing,TopRisk-K1,197789574,1,0.826676,0.9611
Crossing,TopRisk-K1,197789575,0,1.397348,0.9556
Crossing,TopRisk-K1,197789576,0,1.056279,0.9611
Crossing,TopRisk-K1,197789577,0,1.079394,0.9501
Crossing,TopRisk-K1,197789578,0,1.071743,0.9501
Crossing,TopRisk-K1,197789579,0,1.646287,0.9556
Crossing,TopRisk-K1,197789580,0,1.077694,0.9556
Crossing,TopRisk-K1,197789581,0,1.093465,0.9611
Crossing,TopRisk-K1,197789582,0,1.001243,0.9556
Crossing,TopRisk-K1,197789583,1,0.392430,0.9611
Crossing,TopRisk-K1,197789584,0,1.024826,0.9611
Crossing,TopRisk-K1,197789585,0,1.122814,0.9611
Crossing,TopRisk-K1,197789586,1,0.417007,0.9611
Crossing,TopRisk-K1,197789587,0,1.076887,0.9556
Crossing,TopRisk-K1,197789588,0,1.104357,0.9611
Crossing,TopRisk-K1,197789589,0,1.472896,0.9611
Crossing,TopRisk-K1,197789590,0,2.792976,0.9556
