budget,seed,scheme,draws,cut_in_count,represented,expected_inclusion
16,10001,nominal_single,16,1,1,0.15518189268716742
16,10001,nominal_split,16,1,1,0.15518189268716753
16,10001,wdro_single,16,1,1,0.38456636485253137
16,10001,wdro_nominal_split_unconditional,16,1,1,0.27893864420429471
16,10002,nominal_single,16,0,0,0.15518189268716742
16,10002,nominal_split,16,0,0,0.15518189268716753
16,10002,wdro_single,16,1,1,0.38456636485253137
16,10002,wdro_nominal_split_unconditional,16,1,1,0.27893864420429471
16,10003,nominal_single,16,0,0,0.15518189268716742
16,10003,nominal_split,16,0,0,0.15518189268716753
16,10003,wdro_single,16,0,0,0.38456636485253137
16,10003,wdro_nominal_split_unconditional,16,0,0,0.27893864420429471
16,10004,nominal_single,16,0,0,0.15518189268716742
16,10004,nominal_split,16,0,0,0.15518189268716753
16,10004,wdro_single,16,1,1,0.38456636485253137
16,10004,wdro_nominal_split_unconditional,16,0,0,0.27893864420429471
16,10005,nominal_single,16,0,0,0.15518189268716742
16,10005,nominal_split,16,0,0,0.15518189268716753
16,10005,wdro_single,16,0,0,0.38456636485253137
16,10005,wdro_nominal_split_unconditional,16,0,0,0.27893864420429471
16,10006,nominal_single,16,0,0,0.15518189268716742
16,10006,nominal_split,16,0,0,0.15518189268716753
16,10006,wdro_single,16,0,0,0.38456636485253137
16,10006,wdro_nominal_split_unconditional,16,0,0,0.27893864420429471
16,10007,nominal_single,16,0,0,0.15518189268716742
16,10007,nominal_split,16,0,0,0.15518189268716753
16,10007,wdro_single,16,0,0,0.38456636485253137
16,10007,wdro_nominal_split_unconditional,16,0,0,0.27893864420429471
16,10008,nominal_single,16,1,1,0.15518189268716742
16,10008,nominal_split,16,1,1,0.15518189268716753
16,10008,wdro_single,16,1,1,0.38456636485253137
16,10008,wdro_nominal_split_unconditional,16,1,1,0.27893864420429471
16,10009,nominal_single,16,0,0,0.15518189268716742
16,10009,nominal_split,16,0,0,0.15518189268716753
16,10009,wdro_single,16,1,1,0.38456636485253137
16,10009,wdro_nominal_split_unconditional,16,1,1,0.27893864420429471
16,10010,nominal_single,16,0,0,0.15518189268716742
16,10010,nominal_split,16,0,0,0.15518189268716753
16,10010,wdro_single,16,0,0,0.38456636485253137
16,10010,wdro_nominal_split_unconditional,16,0,0,0.27893864420429471
16,10011,nominal_single,16,0,0,0.15518189268716742
16,10011,nominal_split,16,0,0,0.15518189268716753
16,10011,wdro_single,16,0,0,0.38456636485253137
16,10011,wdro_nominal_split_unconditional,16,0,0,0.27893864420429471
16,10012,nominal_single,16,0,0,0.15518189268716742
16,10012,nominal_split,16,0,0,0.15518189268716753
16,10012,wdro_single,16,2,1,0.38456636485253137
16,10012,wdro_nominal_split_unconditional,16,1,1,0.27893864420429471
16,10013,nominal_single,16,0,0,0.15518189268716742
16,10013,nominal_split,16,0,0,0.15518189268716753
16,10013,wdro_single,16,1,1,0.38456636485253137
16,10013,wdro_nominal_split_unconditional,16,1,1,0.27893864420429471
16,10014,nominal_single,16,1,1,0.15518189268716742
16,10014,nominal_split,16,1,1,0.15518189268716753
16,10014,wdro_single,16,1,1,0.38456636485253137
16,10014,wdro_nominal_split_unconditional,16,1,1,0.27893864420429471
16,10015,nominal_single,16,0,0,0.15518189268716742
16,10015,nominal_split,16,0,0,0.15518189268716753
16,10015,wdro_single,16,0,0,0.38456636485253137
16,10015,wdro_nominal_split_unconditional,16,0,0,0.27893864420429471
16,10016,nominal_single,16,0,0,0.15518189268716742
16,10016,nominal_split,16,0,0,0.15518189268716753
16,10016,wdro_single,16,1,1,0.38456636485253137
16,10016,wdro_nominal_split_unconditional,16,1,1,0.27893864420429471
16,10017,nominal_single,16,0,0,0.15518189268716742
16,10017,nominal_split,16,0,0,0.15518189268716753
16,10017,wdro_single,16,0,0,0.38456636485253137
16,10017,wdro_nominal_split_unconditional,16,0,0,0.27893864420429471
16,10018,nominal_single,16,0,0,0.15518189268716742
16,10018,nominal_split,16,0,0,0.15518189268716753
16,10018,wdro_single,16,1,1,0.38456636485253137
16,10018,wdro_nominal_split_unconditional,16,0,0,0.27893864420429471
16,10019,nominal_single,16,0,0,0.15518189268716742
16,10019,nominal_split,16,0,0,0.15518189268716753
16,10019,wdro_single,16,0,0,0.38456636485253137
16,10019,wdro_nominal_split_unconditional,16,0,0,0.27893864420429471
16,10020,nominal_single,16,0,0,0.15518189268716742
16,10020,nominal_split,16,0,0,0.15518189268716753
16,10020,wdro_single,16,0,0,0.38456636485253137
16,10020,wdro_nominal_split_unconditional,16,0,0,0.27893864420429471
16,10021,nominal_single,16,0,0,0.15518189268716742
16,10021,nominal_split,16,0,0,0.15518189268716753
16,10021,wdro_single,16,1,1,0.38456636485253137
16,10021,wdro_nominal_split_unconditional,16,1,1,0.27893864420429471
16,10022,nominal_single,16,0,0,0.15518189268716742
16,10022,nominal_split,16,0,0,0.15518189268716753
16,10022,wdro_single,16,0,0,0.38456636485253137
16,10022,wdro_nominal_split_unconditional,16,0,0,0.27893864420429471
16,10023,nominal_single,16,0,0,0.15518189268716742
16,10023,nominal_split,16,0,0,0.15518189268716753
16,10023,wdro_single,16,0,0,0.38456636485253137
16,10023,wdro_nominal_split_unconditional,16,0,0,0.27893864420429471
16,10024,nominal_single,16,1,1,0.15518189268716742
16,10024,nominal_split,16,1,1,0.15518189268716753
16,10024,wdro_single,16,2,1,0.38456636485253137
16,10024,wdro_nominal_split_unconditional,16,2,1,0.27893864420429471
16,10025,nominal_single,16,0,0,0.15518189268716742
16,10025,nominal_split,16,0,0,0.15518189268716753
16,10025,wdro_single,16,1,1,0.38456636485253137
16,10025,wdro_nominal_split_unconditional,16,1,1,0.27893864420429471
16,10026,nominal_single,16,0,0,0.15518189268716742
16,10026,nominal_split,16,0,0,0.15518189268716753
16,10026,wdro_single,16,0,0,0.38456636485253137
16,10026,wdro_nominal_split_unconditional,16,0,0,0.27893864420429471
16,10027,nominal_single,16,0,0,0.15518189268716742
16,10027,nominal_split,16,0,0,0.15518189268716753
16,10027,wdro_single,16,0,0,0.38456636485253137
16,10027,wdro_nominal_split_unconditional,16,0,0,0.27893864420429471
16,10028,nominal_single,16,0,0,0.15518189268716742
16,10028,nominal_split,16,0,0,0.15518189268716753
16,10028,wdro_single,16,0,0,0.38456636485253137
16,10028,wdro_nominal_split_unconditional,16,0,0,0.27893864420429471
16,10029,nominal_single,16,0,0,0.15518189268716742
16,10029,nominal_split,16,0,0,0.15518189268716753
16,10029,wdro_single,16,0,0,0.38456636485253137
16,10029,wdro_nominal_split_unconditional,16,0,0,0.27893864420429471
16,10030,nominal_single,16,0,0,0.15518189268716742
16,10030,nominal_split,16,0,0,0.15518189268716753
16,10030,wdro_single,16,1,1,0.38456636485253137
16,10030,wdro_nominal_split_unconditional,16,1,1,0.27893864420429471
16,10031,nominal_single,16,0,0,0.15518189268716742
16,10031,nominal_split,16,0,0,0.15518189268716753
16,10031,wdro_single,16,1,1,0.38456636485253137
16,10031,wdro_nominal_split_unconditional,16,0,0,0.27893864420429471
16,10032,nominal_single,16,1,1,0.15518189268716742
16,10032,nominal_split,16,1,1,0.15518189268716753
16,10032,wdro_single,16,2,1,0.38456636485253137
16,10032,wdro_nominal_split_unconditional,16,1,1,0.27893864420429471
16,10033,nominal_single,16,0,0,0.15518189268716742
16,10033,nominal_split,16,0,0,0.15518189268716753
16,10033,wdro_single,16,0,0,0.38456636485253137
16,10033,wdro_nominal_split_unconditional,16,0,0,0.27893864420429471
16,10034,nominal_single,16,0,0,0.15518189268716742
16,10034,nominal_split,16,0,0,0.15518189268716753
16,10034,wdro_single,16,0,0,0.38456636485253137
16,10034,wdro_nominal_split_unconditional,16,0,0,0.27893864420429471
16,10035,nominal_single,16,0,0,0.15518189268716742
16,10035,nominal_split,16,0,0,0.15518189268716753
16,10035,wdro_single,16,0,0,0.38456636485253137
16,10035,wdro_nominal_split_unconditional,16,0,0,0.27893864420429471
16,10036,nominal_single,16,0,0,0.15518189268716742
16,10036,nominal_split,16,0,0,0.15518189268716753
16,10036,wdro_single,16,0,0,0.38456636485253137
16,10036,wdro_nominal_split_unconditional,16,0,0,0.27893864420429471
16,10037,nominal_single,16,0,0,0.15518189268716742
16,10037,nominal_split,16,0,0,0.15518189268716753
16,10037,wdro_single,16,0,0,0.38456636485253137
16,10037,wdro_nominal_split_unconditional,16,0,0,0.27893864420429471
16,10038,nominal_single,16,0,0,0.15518189268716742
16,10038,nominal_split,16,0,0,0.15518189268716753
16,10038,wdro_single,16,0,0,0.38456636485253137
16,10038,wdro_nominal_split_unconditional,16,0,0,0.27893864420429471
16,10039,nominal_single,16,0,0,0.15518189268716742
16,10039,nominal_split,16,0,0,0.15518189268716753
16,10039,wdro_single,16,0,0,0.38456636485253137
16,10039,wdro_nominal_split_unconditional,16,0,0,0.27893864420429471
16,10040,nominal_single,16,0,0,0.15518189268716742
16,10040,nominal_split,16,0,0,0.15518189268716753
16,10040,wdro_single,16,1,1,0.38456636485253137
16,10040,wdro_nominal_split_unconditional,16,0,0,0.27893864420429471
16,10041,nominal_single,16,0,0,0.15518189268716742
16,10041,nominal_split,16,0,0,0.15518189268716753
16,10041,wdro_single,16,0,0,0.38456636485253137
16,10041,wdro_nominal_split_unconditional,16,0,0,0.27893864420429471
16,10042,nominal_single,16,0,0,0.15518189268716742
16,10042,nominal_split,16,0,0,0.15518189268716753
16,10042,wdro_single,16,0,0,0.38456636485253137
16,10042,wdro_nominal_split_unconditional,16,0,0,0.27893864420429471
16,10043,nominal_single,16,0,0,0.15518189268716742
16,10043,nominal_split,16,0,0,0.15518189268716753
16,10043,wdro_single,16,0,0,0.38456636485253137
16,10043,wdro_nominal_split_unconditional,16,0,0,0.27893864420429471
16,10044,nominal_single,16,1,1,0.15518189268716742
16,10044,nominal_split,16,1,1,0.15518189268716753
16,10044,wdro_single,16,1,1,0.38456636485253137
16,10044,wdro_nominal_split_unconditional,16,1,1,0.27893864420429471
16,10045,nominal_single,16,0,0,0.15518189268716742
16,10045,nominal_split,16,0,0,0.15518189268716753
16,10045,wdro_single,16,0,0,0.38456636485253137
16,10045,wdro_nominal_split_unconditional,16,0,0,0.27893864420429471
16,10046,nominal_single,16,0,0,0.15518189268716742
16,10046,nominal_split,16,0,0,0.15518189268716753
16,10046,wdro_single,16,1,1,0.38456636485253137
16,10046,wdro_nominal_split_unconditional,16,1,1,0.27893864420429471
16,10047,nominal_single,16,0,0,0.15518189268716742
16,10047,nominal_split,16,0,0,0.15518189268716753
16,10047,wdro_single,16,2,1,0.38456636485253137
16,10047,wdro_nominal_split_unconditional,16,1,1,0.27893864420429471
16,10048,nominal_single,16,0,0,0.15518189268716742
16,10048,nominal_split,16,0,0,0.15518189268716753
16,10048,wdro_single,16,0,0,0.38456636485253137
16,10048,wdro_nominal_split_unconditional,16,0,0,0.27893864420429471
16,10049,nominal_single,16,0,0,0.15518189268716742
16,10049,nominal_split,16,0,0,0.15518189268716753
16,10049,wdro_single,16,0,0,0.38456636485253137
16,10049,wdro_nominal_split_unconditional,16,0,0,0.27893864420429471
16,10050,nominal_single,16,0,0,0.15518189268716742
16,10050,nominal_split,16,0,0,0.15518189268716753
16,10050,wdro_single,16,1,1,0.38456636485253137
16,10050,wdro_nominal_split_unconditional,16,1,1,0.27893864420429471
16,10051,nominal_single,16,0,0,0.15518189268716742
16,10051,nominal_split,16,0,0,0.15518189268716753
16,10051,wdro_single,16,1,1,0.38456636485253137
16,10051,wdro_nominal_split_unconditional,16,0,0,0.27893864420429471
16,10052,nominal_single,16,0,0,0.15518189268716742
16,10052,nominal_split,16,0,0,0.15518189268716753
16,10052,wdro_single,16,0,0,0.38456636485253137
16,10052,wdro_nominal_split_unconditional,16,0,0,0.27893864420429471
16,10053,nominal_single,16,0,0,0.15518189268716742
16,10053,nominal_split,16,0,0,0.15518189268716753
16,10053,wdro_single,16,1,1,0.38456636485253137
16,10053,wdro_nominal_split_unconditional,16,0,0,0.27893864420429471
16,10054,nominal_single,16,0,0,0.15518189268716742
16,10054,nominal_split,16,0,0,0.15518189268716753
16,10054,wdro_single,16,0,0,0.38456636485253137
16,10054,wdro_nominal_split_unconditional,16,0,0,0.27893864420429471
16,10055,nominal_single,16,2,1,0.15518189268716742
16,10055,nominal_split,16,2,1,0.15518189268716753
16,10055,wdro_single,16,2,1,0.38456636485253137
16,10055,wdro_nominal_split_unconditional,16,2,1,0.27893864420429471
16,10056,nominal_single,16,1,1,0.15518189268716742
16,10056,nominal_split,16,1,1,0.15518189268716753
16,10056,wdro_single,16,3,1,0.38456636485253137
16,10056,wdro_nominal_split_unconditional,16,2,1,0.27893864420429471
16,10057,nominal_single,16,0,0,0.15518189268716742
16,10057,nominal_split,16,0,0,0.15518189268716753
16,10057,wdro_single,16,0,0,0.38456636485253137
16,10057,wdro_nominal_split_unconditional,16,0,0,0.27893864420429471
16,10058,nominal_single,16,0,0,0.15518189268716742
16,10058,nominal_split,16,0,0,0.15518189268716753
16,10058,wdro_single,16,0,0,0.38456636485253137
16,10058,wdro_nominal_split_unconditional,16,0,0,0.27893864420429471
16,10059,nominal_single,16,1,1,0.15518189268716742
16,10059,nominal_split,16,1,1,0.15518189268716753
16,10059,wdro_single,16,1,1,0.38456636485253137
16,10059,wdro_nominal_split_unconditional,16,1,1,0.27893864420429471
16,10060,nominal_single,16,1,1,0.15518189268716742
16,10060,nominal_split,16,1,1,0.15518189268716753
16,10060,wdro_single,16,2,1,0.38456636485253137
16,10060,wdro_nominal_split_unconditional,16,1,1,0.27893864420429471
16,10061,nominal_single,16,0,0,0.15518189268716742
16,10061,nominal_split,16,0,0,0.15518189268716753
16,10061,wdro_single,16,0,0,0.38456636485253137
16,10061,wdro_nominal_split_unconditional,16,0,0,0.27893864420429471
16,10062,nominal_single,16,0,0,0.15518189268716742
16,10062,nominal_split,16,0,0,0.15518189268716753
16,10062,wdro_single,16,0,0,0.38456636485253137
16,10062,wdro_nominal_split_unconditional,16,0,0,0.27893864420429471
16,10063,nominal_single,16,0,0,0.15518189268716742
16,10063,nominal_split,16,0,0,0.15518189268716753
16,10063,wdro_single,16,0,0,0.38456636485253137
16,10063,wdro_nominal_split_unconditional,16,0,0,0.27893864420429471
16,10064,nominal_single,16,0,0,0.15518189268716742
16,10064,nominal_split,16,0,0,0.15518189268716753
16,10064,wdro_single,16,0,0,0.38456636485253137
16,10064,wdro_nominal_split_unconditional,16,0,0,0.27893864420429471
16,10065,nominal_single,16,0,0,0.15518189268716742
16,10065,nominal_split,16,0,0,0.15518189268716753
16,10065,wdro_single,16,0,0,0.38456636485253137
16,10065,wdro_nominal_split_unconditional,16,0,0,0.27893864420429471
16,10066,nominal_single,16,0,0,0.15518189268716742
16,10066,nominal_split,16,0,0,0.15518189268716753
16,10066,wdro_single,16,1,1,0.38456636485253137
16,10066,wdro_nominal_split_unconditional,16,1,1,0.27893864420429471
16,10067,nominal_single,16,0,0,0.15518189268716742
16,10067,nominal_split,16,0,0,0.15518189268716753
16,10067,wdro_single,16,0,0,0.38456636485253137
16,10067,wdro_nominal_split_unconditional,16,0,0,0.27893864420429471
16,10068,nominal_single,16,0,0,0.15518189268716742
16,10068,nominal_split,16,0,0,0.15518189268716753
16,10068,wdro_single,16,0,0,0.38456636485253137
16,10068,wdro_nominal_split_unconditional,16,0,0,0.27893864420429471
16,10069,nominal_single,16,0,0,0.15518189268716742
16,10069,nominal_split,16,0,0,0.15518189268716753
16,10069,wdro_single,16,0,0,0.38456636485253137
16,10069,wdro_nominal_split_unconditional,16,0,0,0.27893864420429471
16,10070,nominal_single,16,0,0,0.15518189268716742
16,10070,nominal_split,16,0,0,0.15518189268716753
16,10070,wdro_single,16,0,0,0.38456636485253137
16,10070,wdro_nominal_split_unconditional,16,0,0,0.27893864420429471
16,10071,nominal_single,16,0,0,0.15518189268716742
16,10071,nominal_split,16,0,0,0.15518189268716753
16,10071,wdro_single,16,1,1,0.38456636485253137
16,10071,wdro_nominal_split_unconditional,16,0,0,0.27893864420429471
16,10072,nominal_single,16,0,0,0.15518189268716742
16,10072,nominal_split,16,0,0,0.15518189268716753
16,10072,wdro_single,16,0,0,0.38456636485253137
16,10072,wdro_nominal_split_unconditional,16,0,0,0.27893864420429471
16,10073,nominal_single,16,0,0,0.15518189268716742
16,10073,nominal_split,16,0,0,0.15518189268716753
16,10073,wdro_single,16,1,1,0.38456636485253137
16,10073,wdro_nominal_split_unconditional,16,0,0,0.27893864420429471
16,10074,nominal_single,16,0,0,0.15518189268716742
16,10074,nominal_split,16,0,0,0.15518189268716753
16,10074,wdro_single,16,0,0,0.38456636485253137
16,10074,wdro_nominal_split_unconditional,16,0,0,0.27893864420429471
16,10075,nominal_single,16,0,0,0.15518189268716742
16,10075,nominal_split,16,0,0,0.15518189268716753
16,10075,wdro_single,16,0,0,0.38456636485253137
16,10075,wdro_nominal_split_unconditional,16,0,0,0.27893864420429471
16,10076,nominal_single,16,0,0,0.15518189268716742
16,10076,nominal_split,16,0,0,0.15518189268716753
16,10076,wdro_single,16,0,0,0.38456636485253137
16,10076,wdro_nominal_split_unconditional,16,0,0,0.27893864420429471
16,10077,nominal_single,16,0,0,0.15518189268716742
16,10077,nominal_split,16,0,0,0.15518189268716753
16,10077,wdro_single,16,0,0,0.38456636485253137
16,10077,wdro_nominal_split_unconditional,16,0,0,0.27893864420429471
16,10078,nominal_single,16,0,0,0.15518189268716742
16,10078,nominal_split,16,0,0,0.15518189268716753
16,10078,wdro_single,16,0,0,0.38456636485253137
16,10078,wdro_nominal_split_unconditional,16,0,0,0.27893864420429471
16,10079,nominal_single,16,0,0,0.15518189268716742
16,10079,nominal_split,16,0,0,0.15518189268716753
16,10079,wdro_single,16,0,0,0.38456636485253137
16,10079,wdro_nominal_split_unconditional,16,0,0,0.27893864420429471
16,10080,nominal_single,16,0,0,0.15518189268716742
16,10080,nominal_split,16,0,0,0.15518189268716753
16,10080,wdro_single,16,0,0,0.38456636485253137
16,10080,wdro_nominal_split_unconditional,16,0,0,0.27893864420429471
16,10081,nominal_single,16,0,0,0.15518189268716742
16,10081,nominal_split,16,0,0,0.15518189268716753
16,10081,wdro_single,16,0,0,0.38456636485253137
16,10081,wdro_nominal_split_unconditional,16,0,0,0.27893864420429471
16,10082,nominal_single,16,0,0,0.15518189268716742
16,10082,nominal_split,16,0,0,0.15518189268716753
16,10082,wdro_single,16,0,0,0.38456636485253137
16,10082,wdro_nominal_split_unconditional,16,0,0,0.27893864420429471
16,10083,nominal_single,16,0,0,0.15518189268716742
16,10083,nominal_split,16,0,0,0.15518189268716753
16,10083,wdro_single,16,0,0,0.38456636485253137
16,10083,wdro_nominal_split_unconditional,16,0,0,0.27893864420429471
16,10084,nominal_single,16,0,0,0.15518189268716742
16,10084,nominal_split,16,0,0,0.15518189268716753
16,10084,wdro_single,16,0,0,0.38456636485253137
16,10084,wdro_nominal_split_unconditional,16,0,0,0.27893864420429471
16,10085,nominal_single,16,0,0,0.15518189268716742
16,10085,nominal_split,16,0,0,0.15518189268716753
16,10085,wdro_single,16,1,1,0.38456636485253137
16,10085,wdro_nominal_split_unconditional,16,0,0,0.27893864420429471
16,10086,nominal_single,16,0,0,0.15518189268716742
16,10086,nominal_split,16,0,0,0.15518189268716753
16,10086,wdro_single,16,1,1,0.38456636485253137
16,10086,wdro_nominal_split_unconditional,16,1,1,0.27893864420429471
16,10087,nominal_single,16,0,0,0.15518189268716742
16,10087,nominal_split,16,0,0,0.15518189268716753
16,10087,wdro_single,16,0,0,0.38456636485253137
16,10087,wdro_nominal_split_unconditional,16,0,0,0.27893864420429471
16,10088,nominal_single,16,0,0,0.15518189268716742
16,10088,nominal_split,16,0,0,0.15518189268716753
16,10088,wdro_single,16,1,1,0.38456636485253137
16,10088,wdro_nominal_split_unconditional,16,1,1,0.27893864420429471
16,10089,nominal_single,16,0,0,0.15518189268716742
16,10089,nominal_split,16,0,0,0.15518189268716753
16,10089,wdro_single,16,0,0,0.38456636485253137
16,10089,wdro_nominal_split_unconditional,16,0,0,0.27893864420429471
16,10090,nominal_single,16,0,0,0.15518189268716742
16,10090,nominal_split,16,0,0,0.15518189268716753
16,10090,wdro_single,16,1,1,0.38456636485253137
16,10090,wdro_nominal_split_unconditional,16,1,1,0.27893864420429471
16,10091,nominal_single,16,0,0,0.15518189268716742
16,10091,nominal_split,16,0,0,0.15518189268716753
16,10091,wdro_single,16,0,0,0.38456636485253137
16,10091,wdro_nominal_split_unconditional,16,0,0,0.27893864420429471
16,10092,nominal_single,16,0,0,0.15518189268716742
16,10092,nominal_split,16,0,0,0.15518189268716753
16,10092,wdro_single,16,0,0,0.38456636485253137
16,10092,wdro_nominal_split_unconditional,16,0,0,0.27893864420429471
16,10093,nominal_single,16,0,0,0.15518189268716742
16,10093,nominal_split,16,0,0,0.15518189268716753
16,10093,wdro_single,16,0,0,0.38456636485253137
16,10093,wdro_nominal_split_unconditional,16,0,0,0.27893864420429471
16,10094,nominal_single,16,0,0,0.15518189268716742
16,10094,nominal_split,16,0,0,0.15518189268716753
16,10094,wdro_single,16,0,0,0.38456636485253137
16,10094,wdro_nominal_split_unconditional,16,0,0,0.27893864420429471
16,10095,nominal_single,16,0,0,0.15518189268716742
16,10095,nominal_split,16,0,0,0.15518189268716753
16,10095,wdro_single,16,0,0,0.38456636485253137
16,10095,wdro_nominal_split_unconditional,16,0,0,0.27893864420429471
16,10096,nominal_single,16,0,0,0.15518189268716742
16,10096,nominal_split,16,0,0,0.15518189268716753
16,10096,wdro_single,16,0,0,0.38456636485253137
16,10096,wdro_nominal_split_unconditional,16,0,0,0.27893864420429471
16,10097,nominal_single,16,0,0,0.15518189268716742
16,10097,nominal_split,16,0,0,0.15518189268716753
16,10097,wdro_single,16,0,0,0.38456636485253137
16,10097,wdro_nominal_split_unconditional,16,0,0,0.27893864420429471
16,10098,nominal_single,16,0,0,0.15518189268716742
16,10098,nominal_split,16,0,0,0.15518189268716753
16,10098,wdro_single,16,0,0,0.38456636485253137
16,10098,wdro_nominal_split_unconditional,16,0,0,0.27893864420429471
16,10099,nominal_single,16,0,0,0.15518189268716742
16,10099,nominal_split,16,0,0,0.15518189268716753
16,10099,wdro_single,16,0,0,0.38456636485253137
16,10099,wdro_nominal_split_unconditional,16,0,0,0.27893864420429471
16,10100,nominal_single,16,0,0,0.15518189268716742
16,10100,nominal_split,16,0,0,0.15518189268716753
16,10100,wdro_single,16,0,0,0.38456636485253137
16,10100,wdro_nominal_split_unconditional,16,0,0,0.27893864420429471
16,10101,nominal_single,16,0,0,0.15518189268716742
16,10101,nominal_split,16,0,0,0.15518189268716753
16,10101,wdro_single,16,1,1,0.38456636485253137
16,10101,wdro_nominal_split_unconditional,16,1,1,0.27893864420429471
16,10102,nominal_single,16,0,0,0.15518189268716742
16,10102,nominal_split,16,0,0,0.15518189268716753
16,10102,wdro_single,16,0,0,0.38456636485253137
16,10102,wdro_nominal_split_unconditional,16,0,0,0.27893864420429471
16,10103,nominal_single,16,0,0,0.15518189268716742
16,10103,nominal_split,16,0,0,0.15518189268716753
16,10103,wdro_single,16,0,0,0.38456636485253137
16,10103,wdro_nominal_split_unconditional,16,0,0,0.27893864420429471
16,10104,nominal_single,16,0,0,0.15518189268716742
16,10104,nominal_split,16,0,0,0.15518189268716753
16,10104,wdro_single,16,0,0,0.38456636485253137
16,10104,wdro_nominal_split_unconditional,16,0,0,0.27893864420429471
16,10105,nominal_single,16,1,1,0.15518189268716742
16,10105,nominal_split,16,1,1,0.15518189268716753
16,10105,wdro_single,16,1,1,0.38456636485253137
16,10105,wdro_nominal_split_unconditional,16,1,1,0.27893864420429471
16,10106,nominal_single,16,0,0,0.15518189268716742
16,10106,nominal_split,16,0,0,0.15518189268716753
16,10106,wdro_single,16,0,0,0.38456636485253137
16,10106,wdro_nominal_split_unconditional,16,0,0,0.27893864420429471
16,10107,nominal_single,16,0,0,0.15518189268716742
16,10107,nominal_split,16,0,0,0.15518189268716753
16,10107,wdro_single,16,2,1,0.38456636485253137
16,10107,wdro_nominal_split_unconditional,16,0,0,0.27893864420429471
16,10108,nominal_single,16,1,1,0.15518189268716742
16,10108,nominal_split,16,1,1,0.15518189268716753
16,10108,wdro_single,16,1,1,0.38456636485253137
16,10108,wdro_nominal_split_unconditional,16,1,1,0.27893864420429471
16,10109,nominal_single,16,0,0,0.15518189268716742
16,10109,nominal_split,16,0,0,0.15518189268716753
16,10109,wdro_single,16,0,0,0.38456636485253137
16,10109,wdro_nominal_split_unconditional,16,0,0,0.27893864420429471
16,10110,nominal_single,16,0,0,0.15518189268716742
16,10110,nominal_split,16,0,0,0.15518189268716753
16,10110,wdro_single,16,0,0,0.38456636485253137
16,10110,wdro_nominal_split_unconditional,16,0,0,0.27893864420429471
16,10111,nominal_single,16,0,0,0.15518189268716742
16,10111,nominal_split,16,0,0,0.15518189268716753
16,10111,wdro_single,16,0,0,0.38456636485253137
16,10111,wdro_nominal_split_unconditional,16,0,0,0.27893864420429471
16,10112,nominal_single,16,0,0,0.15518189268716742
16,10112,nominal_split,16,0,0,0.15518189268716753
16,10112,wdro_single,16,1,1,0.38456636485253137
16,10112,wdro_nominal_split_unconditional,16,1,1,0.27893864420429471
16,10113,nominal_single,16,0,0,0.15518189268716742
16,10113,nominal_split,16,0,0,0.15518189268716753
16,10113,wdro_single,16,1,1,0.38456636485253137
16,10113,wdro_nominal_split_unconditional,16,1,1,0.27893864420429471
16,10114,nominal_single,16,1,1,0.15518189268716742
16,10114,nominal_split,16,1,1,0.15518189268716753
16,10114,wdro_single,16,1,1,0.38456636485253137
16,10114,wdro_nominal_split_unconditional,16,1,1,0.27893864420429471
16,10115,nominal_single,16,1,1,0.15518189268716742
16,10115,nominal_split,16,1,1,0.15518189268716753
16,10115,wdro_single,16,2,1,0.38456636485253137
16,10115,wdro_nominal_split_unconditional,16,1,1,0.27893864420429471
16,10116,nominal_single,16,0,0,0.15518189268716742
16,10116,nominal_split,16,0,0,0.15518189268716753
16,10116,wdro_single,16,0,0,0.38456636485253137
16,10116,wdro_nominal_split_unconditional,16,0,0,0.27893864420429471
16,10117,nominal_single,16,0,0,0.15518189268716742
16,10117,nominal_split,16,0,0,0.15518189268716753
16,10117,wdro_single,16,1,1,0.38456636485253137
16,10117,wdro_nominal_split_unconditional,16,0,0,0.27893864420429471
16,10118,nominal_single,16,0,0,0.15518189268716742
16,10118,nominal_split,16,0,0,0.15518189268716753
16,10118,wdro_single,16,0,0,0.38456636485253137
16,10118,wdro_nominal_split_unconditional,16,0,0,0.27893864420429471
16,10119,nominal_single,16,0,0,0.15518189268716742
16,10119,nominal_split,16,0,0,0.15518189268716753
16,10119,wdro_single,16,2,1,0.38456636485253137
16,10119,wdro_nominal_split_unconditional,16,2,1,0.27893864420429471
16,10120,nominal_single,16,1,1,0.15518189268716742
16,10120,nominal_split,16,1,1,0.15518189268716753
16,10120,wdro_single,16,1,1,0.38456636485253137
16,10120,wdro_nominal_split_unconditional,16,1,1,0.27893864420429471
16,10121,nominal_single,16,0,0,0.15518189268716742
16,10121,nominal_split,16,0,0,0.15518189268716753
16,10121,wdro_single,16,0,0,0.38456636485253137
16,10121,wdro_nominal_split_unconditional,16,0,0,0.27893864420429471
16,10122,nominal_single,16,0,0,0.15518189268716742
16,10122,nominal_split,16,0,0,0.15518189268716753
16,10122,wdro_single,16,1,1,0.38456636485253137
16,10122,wdro_nominal_split_unconditional,16,0,0,0.27893864420429471
16,10123,nominal_single,16,1,1,0.15518189268716742
16,10123,nominal_split,16,1,1,0.15518189268716753
16,10123,wdro_single,16,1,1,0.38456636485253137
16,10123,wdro_nominal_split_unconditional,16,1,1,0.27893864420429471
16,10124,nominal_single,16,1,1,0.15518189268716742
16,10124,nominal_split,16,1,1,0.15518189268716753
16,10124,wdro_single,16,1,1,0.38456636485253137
16,10124,wdro_nominal_split_unconditional,16,1,1,0.27893864420429471
16,10125,nominal_single,16,0,0,0.15518189268716742
16,10125,nominal_split,16,0,0,0.15518189268716753
16,10125,wdro_single,16,0,0,0.38456636485253137
16,10125,wdro_nominal_split_unconditional,16,0,0,0.27893864420429471
16,10126,nominal_single,16,0,0,0.15518189268716742
16,10126,nominal_split,16,0,0,0.15518189268716753
16,10126,wdro_single,16,0,0,0.38456636485253137
16,10126,wdro_nominal_split_unconditional,16,0,0,0.27893864420429471
16,10127,nominal_single,16,0,0,0.15518189268716742
16,10127,nominal_split,16,0,0,0.15518189268716753
16,10127,wdro_single,16,0,0,0.38456636485253137
16,10127,wdro_nominal_split_unconditional,16,0,0,0.27893864420429471
16,10128,nominal_single,16,0,0,0.15518189268716742
16,10128,nominal_split,16,0,0,0.15518189268716753
16,10128,wdro_single,16,0,0,0.38456636485253137
16,10128,wdro_nominal_split_unconditional,16,0,0,0.27893864420429471
16,10129,nominal_single,16,0,0,0.15518189268716742
16,10129,nominal_split,16,0,0,0.15518189268716753
16,10129,wdro_single,16,1,1,0.38456636485253137
16,10129,wdro_nominal_split_unconditional,16,0,0,0.27893864420429471
16,10130,nominal_single,16,0,0,0.15518189268716742
16,10130,nominal_split,16,0,0,0.15518189268716753
16,10130,wdro_single,16,0,0,0.38456636485253137
16,10130,wdro_nominal_split_unconditional,16,0,0,0.27893864420429471
16,10131,nominal_single,16,0,0,0.15518189268716742
16,10131,nominal_split,16,0,0,0.15518189268716753
16,10131,wdro_single,16,0,0,0.38456636485253137
16,10131,wdro_nominal_split_unconditional,16,0,0,0.27893864420429471
16,10132,nominal_single,16,0,0,0.15518189268716742
16,10132,nominal_split,16,0,0,0.15518189268716753
16,10132,wdro_single,16,0,0,0.38456636485253137
16,10132,wdro_nominal_split_unconditional,16,0,0,0.27893864420429471
16,10133,nominal_single,16,0,0,0.15518189268716742
16,10133,nominal_split,16,0,0,0.15518189268716753
16,10133,wdro_single,16,0,0,0.38456636485253137
16,10133,wdro_nominal_split_unconditional,16,0,0,0.27893864420429471
16,10134,nominal_single,16,0,0,0.15518189268716742
16,10134,nominal_split,16,0,0,0.15518189268716753
16,10134,wdro_single,16,0,0,0.38456636485253137
16,10134,wdro_nominal_split_unconditional,16,0,0,0.27893864420429471
16,10135,nominal_single,16,0,0,0.15518189268716742
16,10135,nominal_split,16,0,0,0.15518189268716753
16,10135,wdro_single,16,0,0,0.38456636485253137
16,10135,wdro_nominal_split_unconditional,16,0,0,0.27893864420429471
16,10136,nominal_single,16,0,0,0.15518189268716742
16,10136,nominal_split,16,0,0,0.15518189268716753
16,10136,wdro_single,16,1,1,0.38456636485253137
16,10136,wdro_nominal_split_unconditional,16,1,1,0.27893864420429471
16,10137,nominal_single,16,0,0,0.15518189268716742
16,10137,nominal_split,16,0,0,0.15518189268716753
16,10137,wdro_single,16,0,0,0.38456636485253137
16,10137,wdro_nominal_split_unconditional,16,0,0,0.27893864420429471
16,10138,nominal_single,16,0,0,0.15518189268716742
16,10138,nominal_split,16,0,0,0.15518189268716753
16,10138,wdro_single,16,0,0,0.38456636485253137
16,10138,wdro_nominal_split_unconditional,16,0,0,0.27893864420429471
16,10139,nominal_single,16,0,0,0.15518189268716742
16,10139,nominal_split,16,0,0,0.15518189268716753
16,10139,wdro_single,16,0,0,0.38456636485253137
16,10139,wdro_nominal_split_unconditional,16,0,0,0.27893864420429471
16,10140,nominal_single,16,0,0,0.15518189268716742
16,10140,nominal_split,16,0,0,0.15518189268716753
16,10140,wdro_single,16,2,1,0.38456636485253137
16,10140,wdro_nominal_split_unconditional,16,1,1,0.27893864420429471
16,10141,nominal_single,16,0,0,0.15518189268716742
16,10141,nominal_split,16,0,0,0.15518189268716753
16,10141,wdro_single,16,0,0,0.38456636485253137
16,10141,wdro_nominal_split_unconditional,16,0,0,0.27893864420429471
16,10142,nominal_single,16,0,0,0.15518189268716742
16,10142,nominal_split,16,0,0,0.15518189268716753
16,10142,wdro_single,16,0,0,0.38456636485253137
16,10142,wdro_nominal_split_unconditional,16,0,0,0.27893864420429471
16,10143,nominal_single,16,0,0,0.15518189268716742
16,10143,nominal_split,16,0,0,0.15518189268716753
16,10143,wdro_single,16,0,0,0.38456636485253137
16,10143,wdro_nominal_split_unconditional,16,0,0,0.27893864420429471
16,10144,nominal_single,16,0,0,0.15518189268716742
16,10144,nominal_split,16,0,0,0.15518189268716753
16,10144,wdro_single,16,1,1,0.38456636485253137
16,10144,wdro_nominal_split_unconditional,16,1,1,0.27893864420429471
16,10145,nominal_single,16,0,0,0.15518189268716742
16,10145,nominal_split,16,0,0,0.15518189268716753
16,10145,wdro_single,16,1,1,0.38456636485253137
16,10145,wdro_nominal_split_unconditional,16,0,0,0.27893864420429471
16,10146,nominal_single,16,0,0,0.15518189268716742
16,10146,nominal_split,16,0,0,0.15518189268716753
16,10146,wdro_single,16,0,0,0.38456636485253137
16,10146,wdro_nominal_split_unconditional,16,0,0,0.27893864420429471
16,10147,nominal_single,16,0,0,0.15518189268716742
16,10147,nominal_split,16,0,0,0.15518189268716753
16,10147,wdro_single,16,0,0,0.38456636485253137
16,10147,wdro_nominal_split_unconditional,16,0,0,0.27893864420429471
16,10148,nominal_single,16,0,0,0.15518189268716742
16,10148,nominal_split,16,0,0,0.15518189268716753
16,10148,wdro_single,16,0,0,0.38456636485253137
16,10148,wdro_nominal_split_unconditional,16,0,0,0.27893864420429471
16,10149,nominal_single,16,0,0,0.15518189268716742
16,10149,nominal_split,16,0,0,0.15518189268716753
16,10149,wdro_single,16,0,0,0.38456636485253137
16,10149,wdro_nominal_split_unconditional,16,0,0,0.27893864420429471
16,10150,nominal_single,16,0,0,0.15518189268716742
16,10150,nominal_split,16,0,0,0.15518189268716753
16,10150,wdro_single,16,0,0,0.38456636485253137
16,10150,wdro_nominal_split_unconditional,16,0,0,0.27893864420429471
16,10151,nominal_single,16,0,0,0.15518189268716742
16,10151,nominal_split,16,0,0,0.15518189268716753
16,10151,wdro_single,16,0,0,0.38456636485253137
16,10151,wdro_nominal_split_unconditional,16,0,0,0.27893864420429471
16,10152,nominal_single,16,0,0,0.15518189268716742
16,10152,nominal_split,16,0,0,0.15518189268716753
16,10152,wdro_single,16,0,0,0.38456636485253137
16,10152,wdro_nominal_split_unconditional,16,0,0,0.27893864420429471
16,10153,nominal_single,16,0,0,0.15518189268716742
16,10153,nominal_split,16,0,0,0.15518189268716753
16,10153,wdro_single,16,0,0,0.38456636485253137
16,10153,wdro_nominal_split_unconditional,16,0,0,0.27893864420429471
16,10154,nominal_single,16,1,1,0.15518189268716742
16,10154,nominal_split,16,1,1,0.15518189268716753
16,10154,wdro_single,16,2,1,0.38456636485253137
16,10154,wdro_nominal_split_unconditional,16,1,1,0.27893864420429471
16,10155,nominal_single,16,0,0,0.15518189268716742
16,10155,nominal_split,16,0,0,0.15518189268716753
16,10155,wdro_single,16,0,0,0.38456636485253137
16,10155,wdro_nominal_split_unconditional,16,0,0,0.27893864420429471
16,10156,nominal_single,16,0,0,0.15518189268716742
16,10156,nominal_split,16,0,0,0.15518189268716753
16,10156,wdro_single,16,0,0,0.38456636485253137
16,10156,wdro_nominal_split_unconditional,16,0,0,0.27893864420429471
16,10157,nominal_single,16,0,0,0.15518189268716742
16,10157,nominal_split,16,0,0,0.15518189268716753
16,10157,wdro_single,16,0,0,0.38456636485253137
16,10157,wdro_nominal_split_unconditional,16,0,0,0.27893864420429471
16,10158,nominal_single,16,0,0,0.15518189268716742
16,10158,nominal_split,16,0,0,0.15518189268716753
16,10158,wdro_single,16,0,0,0.38456636485253137
16,10158,wdro_nominal_split_unconditional,16,0,0,0.27893864420429471
16,10159,nominal_single,16,0,0,0.15518189268716742
16,10159,nominal_split,16,0,0,0.15518189268716753
16,10159,wdro_single,16,0,0,0.38456636485253137
16,10159,wdro_nominal_split_unconditional,16,0,0,0.27893864420429471
16,10160,nominal_single,16,0,0,0.15518189268716742
16,10160,nominal_split,16,0,0,0.15518189268716753
16,10160,wdro_single,16,1,1,0.38456636485253137
16,10160,wdro_nominal_split_unconditional,16,1,1,0.27893864420429471
16,10161,nominal_single,16,0,0,0.15518189268716742
16,10161,nominal_split,16,0,0,0.15518189268716753
16,10161,wdro_single,16,0,0,0.38456636485253137
16,10161,wdro_nominal_split_unconditional,16,0,0,0.27893864420429471
16,10162,nominal_single,16,0,0,0.15518189268716742
16,10162,nominal_split,16,0,0,0.15518189268716753
16,10162,wdro_single,16,0,0,0.38456636485253137
16,10162,wdro_nominal_split_unconditional,16,0,0,0.27893864420429471
16,10163,nominal_single,16,0,0,0.15518189268716742
16,10163,nominal_split,16,0,0,0.15518189268716753
16,10163,wdro_single,16,0,0,0.38456636485253137
16,10163,wdro_nominal_split_unconditional,16,0,0,0.27893864420429471
16,10164,nominal_single,16,0,0,0.15518189268716742
16,10164,nominal_split,16,0,0,0.15518189268716753
16,10164,wdro_single,16,0,0,0.38456636485253137
16,10164,wdro_nominal_split_unconditional,16,0,0,0.27893864420429471
16,10165,nominal_single,16,0,0,0.15518189268716742
16,10165,nominal_split,16,0,0,0.15518189268716753
16,10165,wdro_single,16,1,1,0.38456636485253137
16,10165,wdro_nominal_split_unconditional,16,0,0,0.27893864420429471
16,10166,nominal_single,16,0,0,0.15518189268716742
16,10166,nominal_split,16,0,0,0.15518189268716753
16,10166,wdro_single,16,2,1,0.38456636485253137
16,10166,wdro_nominal_split_unconditional,16,2,1,0.27893864420429471
16,10167,nominal_single,16,0,0,0.15518189268716742
16,10167,nominal_split,16,0,0,0.15518189268716753
16,10167,wdro_single,16,1,1,0.38456636485253137
16,10167,wdro_nominal_split_unconditional,16,1,1,0.27893864420429471
16,10168,nominal_single,16,0,0,0.15518189268716742
16,10168,nominal_split,16,0,0,0.15518189268716753
16,10168,wdro_single,16,1,1,0.38456636485253137
16,10168,wdro_nominal_split_unconditional,16,1,1,0.27893864420429471
16,10169,nominal_single,16,0,0,0.15518189268716742
16,10169,nominal_split,16,0,0,0.15518189268716753
16,10169,wdro_single,16,0,0,0.38456636485253137
16,10169,wdro_nominal_split_unconditional,16,0,0,0.27893864420429471
16,10170,nominal_single,16,0,0,0.15518189268716742
16,10170,nominal_split,16,0,0,0.15518189268716753
16,10170,wdro_single,16,0,0,0.38456636485253137
16,10170,wdro_nominal_split_unconditional,16,0,0,0.27893864420429471
16,10171,nominal_single,16,0,0,0.15518189268716742
16,10171,nominal_split,16,0,0,0.15518189268716753
16,10171,wdro_single,16,0,0,0.38456636485253137
16,10171,wdro_nominal_split_unconditional,16,0,0,0.27893864420429471
16,10172,nominal_single,16,1,1,0.15518189268716742
16,10172,nominal_split,16,1,1,0.15518189268716753
16,10172,wdro_single,16,1,1,0.38456636485253137
16,10172,wdro_nominal_split_unconditional,16,1,1,0.27893864420429471
16,10173,nominal_single,16,1,1,0.15518189268716742
16,10173,nominal_split,16,1,1,0.15518189268716753
16,10173,wdro_single,16,1,1,0.38456636485253137
16,10173,wdro_nominal_split_unconditional,16,1,1,0.27893864420429471
16,10174,nominal_single,16,0,0,0.15518189268716742
16,10174,nominal_split,16,0,0,0.15518189268716753
16,10174,wdro_single,16,0,0,0.38456636485253137
16,10174,wdro_nominal_split_unconditional,16,0,0,0.27893864420429471
16,10175,nominal_single,16,1,1,0.15518189268716742
16,10175,nominal_split,16,1,1,0.15518189268716753
16,10175,wdro_single,16,1,1,0.38456636485253137
16,10175,wdro_nominal_split_unconditional,16,1,1,0.27893864420429471
16,10176,nominal_single,16,0,0,0.15518189268716742
16,10176,nominal_split,16,0,0,0.15518189268716753
16,10176,wdro_single,16,1,1,0.38456636485253137
16,10176,wdro_nominal_split_unconditional,16,1,1,0.27893864420429471
16,10177,nominal_single,16,0,0,0.15518189268716742
16,10177,nominal_split,16,0,0,0.15518189268716753
16,10177,wdro_single,16,0,0,0.38456636485253137
16,10177,wdro_nominal_split_unconditional,16,0,0,0.27893864420429471
16,10178,nominal_single,16,0,0,0.15518189268716742
16,10178,nominal_split,16,0,0,0.15518189268716753
16,10178,wdro_single,16,0,0,0.38456636485253137
16,10178,wdro_nominal_split_unconditional,16,0,0,0.27893864420429471
16,10179,nominal_single,16,0,0,0.15518189268716742
16,10179,nominal_split,16,0,0,0.15518189268716753
16,10179,wdro_single,16,2,1,0.38456636485253137
16,10179,wdro_nominal_split_unconditional,16,2,1,0.27893864420429471
16,10180,nominal_single,16,0,0,0.15518189268716742
16,10180,nominal_split,16,0,0,0.15518189268716753
16,10180,wdro_single,16,0,0,0.38456636485253137
16,10180,wdro_nominal_split_unconditional,16,0,0,0.27893864420429471
16,10181,nominal_single,16,0,0,0.15518189268716742
16,10181,nominal_split,16,0,0,0.15518189268716753
16,10181,wdro_single,16,0,0,0.38456636485253137
16,10181,wdro_nominal_split_unconditional,16,0,0,0.27893864420429471
16,10182,nominal_single,16,0,0,0.15518189268716742
16,10182,nominal_split,16,0,0,0.15518189268716753
16,10182,wdro_single,16,1,1,0.38456636485253137
16,10182,wdro_nominal_split_unconditional,16,1,1,0.27893864420429471
16,10183,nominal_single,16,0,0,0.15518189268716742
16,10183,nominal_split,16,0,0,0.15518189268716753
16,10183,wdro_single,16,0,0,0.38456636485253137
16,10183,wdro_nominal_split_unconditional,16,0,0,0.27893864420429471
16,10184,nominal_single,16,0,0,0.15518189268716742
16,10184,nominal_split,16,0,0,0.15518189268716753
16,10184,wdro_single,16,0,0,0.38456636485253137
16,10184,wdro_nominal_split_unconditional,16,0,0,0.27893864420429471
16,10185,nominal_single,16,1,1,0.15518189268716742
16,10185,nominal_split,16,1,1,0.15518189268716753
16,10185,wdro_single,16,1,1,0.38456636485253137
16,10185,wdro_nominal_split_unconditional,16,1,1,0.27893864420429471
16,10186,nominal_single,16,0,0,0.15518189268716742
16,10186,nominal_split,16,0,0,0.15518189268716753
16,10186,wdro_single,16,0,0,0.38456636485253137
16,10186,wdro_nominal_split_unconditional,16,0,0,0.27893864420429471
16,10187,nominal_single,16,1,1,0.15518189268716742
16,10187,nominal_split,16,1,1,0.15518189268716753
16,10187,wdro_single,16,1,1,0.38456636485253137
16,10187,wdro_nominal_split_unconditional,16,1,1,0.27893864420429471
16,10188,nominal_single,16,0,0,0.15518189268716742
16,10188,nominal_split,16,0,0,0.15518189268716753
16,10188,wdro_single,16,0,0,0.38456636485253137
16,10188,wdro_nominal_split_unconditional,16,0,0,0.27893864420429471
16,10189,nominal_single,16,0,0,0.15518189268716742
16,10189,nominal_split,16,0,0,0.15518189268716753
16,10189,wdro_single,16,0,0,0.38456636485253137
16,10189,wdro_nominal_split_unconditional,16,0,0,0.27893864420429471
16,10190,nominal_single,16,0,0,0.15518189268716742
16,10190,nominal_split,16,0,0,0.15518189268716753
16,10190,wdro_single,16,1,1,0.38456636485253137
16,10190,wdro_nominal_split_unconditional,16,1,1,0.27893864420429471
16,10191,nominal_single,16,0,0,0.15518189268716742
16,10191,nominal_split,16,0,0,0.15518189268716753
16,10191,wdro_single,16,2,1,0.38456636485253137
16,10191,wdro_nominal_split_unconditional,16,1,1,0.27893864420429471
16,10192,nominal_single,16,0,0,0.15518189268716742
16,10192,nominal_split,16,0,0,0.15518189268716753
16,10192,wdro_single,16,0,0,0.38456636485253137
16,10192,wdro_nominal_split_unconditional,16,0,0,0.27893864420429471
16,10193,nominal_single,16,0,0,0.15518189268716742
16,10193,nominal_split,16,0,0,0.15518189268716753
16,10193,wdro_single,16,0,0,0.38456636485253137
16,10193,wdro_nominal_split_unconditional,16,0,0,0.27893864420429471
16,10194,nominal_single,16,0,0,0.15518189268716742
16,10194,nominal_split,16,0,0,0.15518189268716753
16,10194,wdro_single,16,0,0,0.38456636485253137
16,10194,wdro_nominal_split_unconditional,16,0,0,0.27893864420429471
16,10195,nominal_single,16,0,0,0.15518189268716742
16,10195,nominal_split,16,0,0,0.15518189268716753
16,10195,wdro_single,16,0,0,0.38456636485253137
16,10195,wdro_nominal_split_unconditional,16,0,0,0.27893864420429471
16,10196,nominal_single,16,0,0,0.15518189268716742
16,10196,nominal_split,16,0,0,0.15518189268716753
16,10196,wdro_single,16,0,0,0.38456636485253137
16,10196,wdro_nominal_split_unconditional,16,0,0,0.27893864420429471
16,10197,nominal_single,16,0,0,0.15518189268716742
16,10197,nominal_split,16,0,0,0.15518189268716753
16,10197,wdro_single,16,0,0,0.38456636485253137
16,10197,wdro_nominal_split_unconditional,16,0,0,0.27893864420429471
16,10198,nominal_single,16,0,0,0.15518189268716742
16,10198,nominal_split,16,0,0,0.15518189268716753
16,10198,wdro_single,16,1,1,0.38456636485253137
16,10198,wdro_nominal_split_unconditional,16,1,1,0.27893864420429471
16,10199,nominal_single,16,0,0,0.15518189268716742
16,10199,nominal_split,16,0,0,0.15518189268716753
16,10199,wdro_single,16,0,0,0.38456636485253137
16,10199,wdro_nominal_split_unconditional,16,0,0,0.27893864420429471
16,10200,nominal_single,16,0,0,0.15518189268716742
16,10200,nominal_split,16,0,0,0.15518189268716753
16,10200,wdro_single,16,0,0,0.38456636485253137
16,10200,wdro_nominal_split_unconditional,16,0,0,0.27893864420429471
16,10201,nominal_single,16,0,0,0.15518189268716742
16,10201,nominal_split,16,0,0,0.15518189268716753
16,10201,wdro_single,16,1,1,0.38456636485253137
16,10201,wdro_nominal_split_unconditional,16,1,1,0.27893864420429471
16,10202,nominal_single,16,1,1,0.15518189268716742
16,10202,nominal_split,16,1,1,0.15518189268716753
16,10202,wdro_single,16,1,1,0.38456636485253137
16,10202,wdro_nominal_split_unconditional,16,1,1,0.27893864420429471
16,10203,nominal_single,16,1,1,0.15518189268716742
16,10203,nominal_split,16,1,1,0.15518189268716753
16,10203,wdro_single,16,1,1,0.38456636485253137
16,10203,wdro_nominal_split_unconditional,16,1,1,0.27893864420429471
16,10204,nominal_single,16,0,0,0.15518189268716742
16,10204,nominal_split,16,0,0,0.15518189268716753
16,10204,wdro_single,16,0,0,0.38456636485253137
16,10204,wdro_nominal_split_unconditional,16,0,0,0.27893864420429471
16,10205,nominal_single,16,1,1,0.15518189268716742
16,10205,nominal_split,16,1,1,0.15518189268716753
16,10205,wdro_single,16,1,1,0.38456636485253137
16,10205,wdro_nominal_split_unconditional,16,1,1,0.27893864420429471
16,10206,nominal_single,16,0,0,0.15518189268716742
16,10206,nominal_split,16,0,0,0.15518189268716753
16,10206,wdro_single,16,0,0,0.38456636485253137
16,10206,wdro_nominal_split_unconditional,16,0,0,0.27893864420429471
16,10207,nominal_single,16,0,0,0.15518189268716742
16,10207,nominal_split,16,0,0,0.15518189268716753
16,10207,wdro_single,16,1,1,0.38456636485253137
16,10207,wdro_nominal_split_unconditional,16,1,1,0.27893864420429471
16,10208,nominal_single,16,1,1,0.15518189268716742
16,10208,nominal_split,16,1,1,0.15518189268716753
16,10208,wdro_single,16,2,1,0.38456636485253137
16,10208,wdro_nominal_split_unconditional,16,1,1,0.27893864420429471
16,10209,nominal_single,16,0,0,0.15518189268716742
16,10209,nominal_split,16,0,0,0.15518189268716753
16,10209,wdro_single,16,0,0,0.38456636485253137
16,10209,wdro_nominal_split_unconditional,16,0,0,0.27893864420429471
16,10210,nominal_single,16,0,0,0.15518189268716742
16,10210,nominal_split,16,0,0,0.15518189268716753
16,10210,wdro_single,16,0,0,0.38456636485253137
16,10210,wdro_nominal_split_unconditional,16,0,0,0.27893864420429471
16,10211,nominal_single,16,0,0,0.15518189268716742
16,10211,nominal_split,16,0,0,0.15518189268716753
16,10211,wdro_single,16,0,0,0.38456636485253137
16,10211,wdro_nominal_split_unconditional,16,0,0,0.27893864420429471
16,10212,nominal_single,16,0,0,0.15518189268716742
16,10212,nominal_split,16,0,0,0.15518189268716753
16,10212,wdro_single,16,0,0,0.38456636485253137
16,10212,wdro_nominal_split_unconditional,16,0,0,0.27893864420429471
16,10213,nominal_single,16,0,0,0.15518189268716742
16,10213,nominal_split,16,0,0,0.15518189268716753
16,10213,wdro_single,16,0,0,0.38456636485253137
16,10213,wdro_nominal_split_unconditional,16,0,0,0.27893864420429471
16,10214,nominal_single,16,0,0,0.15518189268716742
16,10214,nominal_split,16,0,0,0.15518189268716753
16,10214,wdro_single,16,1,1,0.38456636485253137
16,10214,wdro_nominal_split_unconditional,16,1,1,0.27893864420429471
16,10215,nominal_single,16,0,0,0.15518189268716742
16,10215,nominal_split,16,0,0,0.15518189268716753
16,10215,wdro_single,16,0,0,0.38456636485253137
16,10215,wdro_nominal_split_unconditional,16,0,0,0.27893864420429471
16,10216,nominal_single,16,0,0,0.15518189268716742
16,10216,nominal_split,16,0,0,0.15518189268716753
16,10216,wdro_single,16,0,0,0.38456636485253137
16,10216,wdro_nominal_split_unconditional,16,0,0,0.27893864420429471
16,10217,nominal_single,16,0,0,0.15518189268716742
16,10217,nominal_split,16,0,0,0.15518189268716753
16,10217,wdro_single,16,0,0,0.38456636485253137
16,10217,wdro_nominal_split_unconditional,16,0,0,0.27893864420429471
16,10218,nominal_single,16,0,0,0.15518189268716742
16,10218,nominal_split,16,0,0,0.15518189268716753
16,10218,wdro_single,16,0,0,0.38456636485253137
16,10218,wdro_nominal_split_unconditional,16,0,0,0.27893864420429471
16,10219,nominal_single,16,0,0,0.15518189268716742
16,10219,nominal_split,16,0,0,0.15518189268716753
16,10219,wdro_single,16,1,1,0.38456636485253137
16,10219,wdro_nominal_split_unconditional,16,1,1,0.27893864420429471
16,10220,nominal_single,16,0,0,0.15518189268716742
16,10220,nominal_split,16,0,0,0.15518189268716753
16,10220,wdro_single,16,0,0,0.38456636485253137
16,10220,wdro_nominal_split_unconditional,16,0,0,0.27893864420429471
16,10221,nominal_single,16,0,0,0.15518189268716742
16,10221,nominal_split,16,0,0,0.15518189268716753
16,10221,wdro_single,16,1,1,0.38456636485253137
16,10221,wdro_nominal_split_unconditional,16,0,0,0.27893864420429471
16,10222,nominal_single,16,1,1,0.15518189268716742
16,10222,nominal_split,16,1,1,0.15518189268716753
16,10222,wdro_single,16,2,1,0.38456636485253137
16,10222,wdro_nominal_split_unconditional,16,2,1,0.27893864420429471
16,10223,nominal_single,16,0,0,0.15518189268716742
16,10223,nominal_split,16,0,0,0.15518189268716753
16,10223,wdro_single,16,0,0,0.38456636485253137
16,10223,wdro_nominal_split_unconditional,16,0,0,0.27893864420429471
16,10224,nominal_single,16,0,0,0.15518189268716742
16,10224,nominal_split,16,0,0,0.15518189268716753
16,10224,wdro_single,16,0,0,0.38456636485253137
16,10224,wdro_nominal_split_unconditional,16,0,0,0.27893864420429471
16,10225,nominal_single,16,0,0,0.15518189268716742
16,10225,nominal_split,16,0,0,0.15518189268716753
16,10225,wdro_single,16,1,1,0.38456636485253137
16,10225,wdro_nominal_split_unconditional,16,0,0,0.27893864420429471
16,10226,nominal_single,16,0,0,0.15518189268716742
16,10226,nominal_split,16,0,0,0.15518189268716753
16,10226,wdro_single,16,1,1,0.38456636485253137
16,10226,wdro_nominal_split_unconditional,16,1,1,0.27893864420429471
16,10227,nominal_single,16,1,1,0.15518189268716742
16,10227,nominal_split,16,1,1,0.15518189268716753
16,10227,wdro_single,16,1,1,0.38456636485253137
16,10227,wdro_nominal_split_unconditional,16,1,1,0.27893864420429471
16,10228,nominal_single,16,0,0,0.15518189268716742
16,10228,nominal_split,16,0,0,0.15518189268716753
16,10228,wdro_single,16,0,0,0.38456636485253137
16,10228,wdro_nominal_split_unconditional,16,0,0,0.27893864420429471
16,10229,nominal_single,16,0,0,0.15518189268716742
16,10229,nominal_split,16,0,0,0.15518189268716753
16,10229,wdro_single,16,0,0,0.38456636485253137
16,10229,wdro_nominal_split_unconditional,16,0,0,0.27893864420429471
16,10230,nominal_single,16,0,0,0.15518189268716742
16,10230,nominal_split,16,0,0,0.15518189268716753
16,10230,wdro_single,16,1,1,0.38456636485253137
16,10230,wdro_nominal_split_unconditional,16,0,0,0.27893864420429471
16,10231,nominal_single,16,0,0,0.15518189268716742
16,10231,nominal_split,16,0,0,0.15518189268716753
16,10231,wdro_single,16,0,0,0.38456636485253137
16,10231,wdro_nominal_split_unconditional,16,0,0,0.27893864420429471
16,10232,nominal_single,16,1,1,0.15518189268716742
16,10232,nominal_split,16,1,1,0.15518189268716753
16,10232,wdro_single,16,1,1,0.38456636485253137
16,10232,wdro_nominal_split_unconditional,16,1,1,0.27893864420429471
16,10233,nominal_single,16,0,0,0.15518189268716742
16,10233,nominal_split,16,0,0,0.15518189268716753
16,10233,wdro_single,16,1,1,0.38456636485253137
16,10233,wdro_nominal_split_unconditional,16,0,0,0.27893864420429471
16,10234,nominal_single,16,0,0,0.15518189268716742
16,10234,nominal_split,16,0,0,0.15518189268716753
16,10234,wdro_single,16,1,1,0.38456636485253137
16,10234,wdro_nominal_split_unconditional,16,0,0,0.27893864420429471
16,10235,nominal_single,16,0,0,0.15518189268716742
16,10235,nominal_split,16,0,0,0.15518189268716753
16,10235,wdro_single,16,0,0,0.38456636485253137
16,10235,wdro_nominal_split_unconditional,16,0,0,0.27893864420429471
16,10236,nominal_single,16,1,1,0.15518189268716742
16,10236,nominal_split,16,1,1,0.15518189268716753
16,10236,wdro_single,16,1,1,0.38456636485253137
16,10236,wdro_nominal_split_unconditional,16,1,1,0.27893864420429471
16,10237,nominal_single,16,0,0,0.15518189268716742
16,10237,nominal_split,16,0,0,0.15518189268716753
16,10237,wdro_single,16,0,0,0.38456636485253137
16,10237,wdro_nominal_split_unconditional,16,0,0,0.27893864420429471
16,10238,nominal_single,16,1,1,0.15518189268716742
16,10238,nominal_split,16,1,1,0.15518189268716753
16,10238,wdro_single,16,1,1,0.38456636485253137
16,10238,wdro_nominal_split_unconditional,16,1,1,0.27893864420429471
16,10239,nominal_single,16,0,0,0.15518189268716742
16,10239,nominal_split,16,0,0,0.15518189268716753
16,10239,wdro_single,16,0,0,0.38456636485253137
16,10239,wdro_nominal_split_unconditional,16,0,0,0.27893864420429471
16,10240,nominal_single,16,0,0,0.15518189268716742
16,10240,nominal_split,16,0,0,0.15518189268716753
16,10240,wdro_single,16,0,0,0.38456636485253137
16,10240,wdro_nominal_split_unconditional,16,0,0,0.27893864420429471
16,10241,nominal_single,16,0,0,0.15518189268716742
16,10241,nominal_split,16,0,0,0.15518189268716753
16,10241,wdro_single,16,0,0,0.38456636485253137
16,10241,wdro_nominal_split_unconditional,16,0,0,0.27893864420429471
16,10242,nominal_single,16,0,0,0.15518189268716742
16,10242,nominal_split,16,0,0,0.15518189268716753
16,10242,wdro_single,16,0,0,0.38456636485253137
16,10242,wdro_nominal_split_unconditional,16,0,0,0.27893864420429471
16,10243,nominal_single,16,0,0,0.15518189268716742
16,10243,nominal_split,16,0,0,0.15518189268716753
16,10243,wdro_single,16,2,1,0.38456636485253137
16,10243,wdro_nominal_split_unconditional,16,1,1,0.27893864420429471
16,10244,nominal_single,16,0,0,0.15518189268716742
16,10244,nominal_split,16,0,0,0.15518189268716753
16,10244,wdro_single,16,0,0,0.38456636485253137
16,10244,wdro_nominal_split_unconditional,16,0,0,0.27893864420429471
16,10245,nominal_single,16,0,0,0.15518189268716742
16,10245,nominal_split,16,0,0,0.15518189268716753
16,10245,wdro_single,16,0,0,0.38456636485253137
16,10245,wdro_nominal_split_unconditional,16,0,0,0.27893864420429471
16,10246,nominal_single,16,1,1,0.15518189268716742
16,10246,nominal_split,16,1,1,0.15518189268716753
16,10246,wdro_single,16,1,1,0.38456636485253137
16,10246,wdro_nominal_split_unconditional,16,1,1,0.27893864420429471
16,10247,nominal_single,16,0,0,0.15518189268716742
16,10247,nominal_split,16,0,0,0.15518189268716753
16,10247,wdro_single,16,0,0,0.38456636485253137
16,10247,wdro_nominal_split_unconditional,16,0,0,0.27893864420429471
16,10248,nominal_single,16,0,0,0.15518189268716742
16,10248,nominal_split,16,0,0,0.15518189268716753
16,10248,wdro_single,16,0,0,0.38456636485253137
16,10248,wdro_nominal_split_unconditional,16,0,0,0.27893864420429471
16,10249,nominal_single,16,0,0,0.15518189268716742
16,10249,nominal_split,16,0,0,0.15518189268716753
16,10249,wdro_single,16,1,1,0.38456636485253137
16,10249,wdro_nominal_split_unconditional,16,1,1,0.27893864420429471
16,10250,nominal_single,16,0,0,0.15518189268716742
16,10250,nominal_split,16,0,0,0.15518189268716753
16,10250,wdro_single,16,0,0,0.38456636485253137
16,10250,wdro_nominal_split_unconditional,16,0,0,0.27893864420429471
16,10251,nominal_single,16,0,0,0.15518189268716742
16,10251,nominal_split,16,0,0,0.15518189268716753
16,10251,wdro_single,16,0,0,0.38456636485253137
16,10251,wdro_nominal_split_unconditional,16,0,0,0.27893864420429471
16,10252,nominal_single,16,0,0,0.15518189268716742
16,10252,nominal_split,16,0,0,0.15518189268716753
16,10252,wdro_single,16,2,1,0.38456636485253137
16,10252,wdro_nominal_split_unconditional,16,0,0,0.27893864420429471
16,10253,nominal_single,16,0,0,0.15518189268716742
16,10253,nominal_split,16,0,0,0.15518189268716753
16,10253,wdro_single,16,0,0,0.38456636485253137
16,10253,wdro_nominal_split_unconditional,16,0,0,0.27893864420429471
16,10254,nominal_single,16,1,1,0.15518189268716742
16,10254,nominal_split,16,1,1,0.15518189268716753
16,10254,wdro_single,16,1,1,0.38456636485253137
16,10254,wdro_nominal_split_unconditional,16,1,1,0.27893864420429471
16,10255,nominal_single,16,0,0,0.15518189268716742
16,10255,nominal_split,16,0,0,0.15518189268716753
16,10255,wdro_single,16,2,1,0.38456636485253137
16,10255,wdro_nominal_split_unconditional,16,1,1,0.27893864420429471
16,10256,nominal_single,16,0,0,0.15518189268716742
16,10256,nominal_split,16,0,0,0.15518189268716753
16,10256,wdro_single,16,1,1,0.38456636485253137
16,10256,wdro_nominal_split_unconditional,16,0,0,0.27893864420429471
16,10257,nominal_single,16,0,0,0.15518189268716742
16,10257,nominal_split,16,0,0,0.15518189268716753
16,10257,wdro_single,16,1,1,0.38456636485253137
16,10257,wdro_nominal_split_unconditional,16,1,1,0.27893864420429471
16,10258,nominal_single,16,0,0,0.15518189268716742
16,10258,nominal_split,16,0,0,0.15518189268716753
16,10258,wdro_single,16,0,0,0.38456636485253137
16,10258,wdro_nominal_split_unconditional,16,0,0,0.27893864420429471
16,10259,nominal_single,16,0,0,0.15518189268716742
16,10259,nominal_split,16,0,0,0.15518189268716753
16,10259,wdro_single,16,1,1,0.38456636485253137
16,10259,wdro_nominal_split_unconditional,16,0,0,0.27893864420429471
16,10260,nominal_single,16,0,0,0.15518189268716742
16,10260,nominal_split,16,0,0,0.15518189268716753
16,10260,wdro_single,16,1,1,0.38456636485253137
16,10260,wdro_nominal_split_unconditional,16,1,1,0.27893864420429471
16,10261,nominal_single,16,0,0,0.15518189268716742
16,10261,nominal_split,16,0,0,0.15518189268716753
16,10261,wdro_single,16,0,0,0.38456636485253137
16,10261,wdro_nominal_split_unconditional,16,0,0,0.27893864420429471
16,10262,nominal_single,16,0,0,0.15518189268716742
16,10262,nominal_split,16,0,0,0.15518189268716753
16,10262,wdro_single,16,1,1,0.38456636485253137
16,10262,wdro_nominal_split_unconditional,16,1,1,0.27893864420429471
16,10263,nominal_single,16,1,1,0.15518189268716742
16,10263,nominal_split,16,1,1,0.15518189268716753
16,10263,wdro_single,16,1,1,0.38456636485253137
16,10263,wdro_nominal_split_unconditional,16,1,1,0.27893864420429471
16,10264,nominal_single,16,0,0,0.15518189268716742
16,10264,nominal_split,16,0,0,0.15518189268716753
16,10264,wdro_single,16,0,0,0.38456636485253137
16,10264,wdro_nominal_split_unconditional,16,0,0,0.27893864420429471
16,10265,nominal_single,16,0,0,0.15518189268716742
16,10265,nominal_split,16,0,0,0.15518189268716753
16,10265,wdro_single,16,0,0,0.38456636485253137
16,10265,wdro_nominal_split_unconditional,16,0,0,0.27893864420429471
16,10266,nominal_single,16,0,0,0.15518189268716742
16,10266,nominal_split,16,0,0,0.15518189268716753
16,10266,wdro_single,16,0,0,0.38456636485253137
16,10266,wdro_nominal_split_unconditional,16,0,0,0.27893864420429471
16,10267,nominal_single,16,0,0,0.15518189268716742
16,10267,nominal_split,16,0,0,0.15518189268716753
16,10267,wdro_single,16,1,1,0.38456636485253137
16,10267,wdro_nominal_split_unconditional,16,1,1,0.27893864420429471
16,10268,nominal_single,16,0,0,0.15518189268716742
16,10268,nominal_split,16,0,0,0.15518189268716753
16,10268,wdro_single,16,0,0,0.38456636485253137
16,10268,wdro_nominal_split_unconditional,16,0,0,0.27893864420429471
16,10269,nominal_single,16,0,0,0.15518189268716742
16,10269,nominal_split,16,0,0,0.15518189268716753
16,10269,wdro_single,16,1,1,0.38456636485253137
16,10269,wdro_nominal_split_unconditional,16,1,1,0.27893864420429471
16,10270,nominal_single,16,0,0,0.15518189268716742
16,10270,nominal_split,16,0,0,0.15518189268716753
16,10270,wdro_single,16,0,0,0.38456636485253137
16,10270,wdro_nominal_split_unconditional,16,0,0,0.27893864420429471
16,10271,nominal_single,16,0,0,0.15518189268716742
16,10271,nominal_split,16,0,0,0.15518189268716753
16,10271,wdro_single,16,0,0,0.38456636485253137
16,10271,wdro_nominal_split_unconditional,16,0,0,0.27893864420429471
16,10272,nominal_single,16,0,0,0.15518189268716742
16,10272,nominal_split,16,0,0,0.15518189268716753
16,10272,wdro_single,16,0,0,0.38456636485253137
16,10272,wdro_nominal_split_unconditional,16,0,0,0.27893864420429471
16,10273,nominal_single,16,0,0,0.15518189268716742
16,10273,nominal_split,16,0,0,0.15518189268716753
16,10273,wdro_single,16,0,0,0.38456636485253137
16,10273,wdro_nominal_split_unconditional,16,0,0,0.27893864420429471
16,10274,nominal_single,16,0,0,0.15518189268716742
16,10274,nominal_split,16,0,0,0.15518189268716753
16,10274,wdro_single,16,1,1,0.38456636485253137
16,10274,wdro_nominal_split_unconditional,16,0,0,0.27893864420429471
16,10275,nominal_single,16,0,0,0.15518189268716742
16,10275,nominal_split,16,0,0,0.15518189268716753
16,10275,wdro_single,16,0,0,0.38456636485253137
16,10275,wdro_nominal_split_unconditional,16,0,0,0.27893864420429471
16,10276,nominal_single,16,0,0,0.15518189268716742
16,10276,nominal_split,16,0,0,0.15518189268716753
16,10276,wdro_single,16,0,0,0.38456636485253137
16,10276,wdro_nominal_split_unconditional,16,0,0,0.27893864420429471
16,10277,nominal_single,16,0,0,0.15518189268716742
16,10277,nominal_split,16,0,0,0.15518189268716753
16,10277,wdro_single,16,0,0,0.38456636485253137
16,10277,wdro_nominal_split_unconditional,16,0,0,0.27893864420429471
16,10278,nominal_single,16,0,0,0.15518189268716742
16,10278,nominal_split,16,0,0,0.15518189268716753
16,10278,wdro_single,16,1,1,0.38456636485253137
16,10278,wdro_nominal_split_unconditional,16,0,0,0.27893864420429471
16,10279,nominal_single,16,0,0,0.15518189268716742
16,10279,nominal_split,16,0,0,0.15518189268716753
16,10279,wdro_single,16,0,0,0.38456636485253137
16,10279,wdro_nominal_split_unconditional,16,0,0,0.27893864420429471
16,10280,nominal_single,16,2,1,0.15518189268716742
16,10280,nominal_split,16,2,1,0.15518189268716753
16,10280,wdro_single,16,2,1,0.38456636485253137
16,10280,wdro_nominal_split_unconditional,16,2,1,0.27893864420429471
16,10281,nominal_single,16,0,0,0.15518189268716742
16,10281,nominal_split,16,0,0,0.15518189268716753
16,10281,wdro_single,16,0,0,0.38456636485253137
16,10281,wdro_nominal_split_unconditional,16,0,0,0.27893864420429471
16,10282,nominal_single,16,0,0,0.15518189268716742
16,10282,nominal_split,16,0,0,0.15518189268716753
16,10282,wdro_single,16,0,0,0.38456636485253137
16,10282,wdro_nominal_split_unconditional,16,0,0,0.27893864420429471
16,10283,nominal_single,16,0,0,0.15518189268716742
16,10283,nominal_split,16,0,0,0.15518189268716753
16,10283,wdro_single,16,0,0,0.38456636485253137
16,10283,wdro_nominal_split_unconditional,16,0,0,0.27893864420429471
16,10284,nominal_single,16,0,0,0.15518189268716742
16,10284,nominal_split,16,0,0,0.15518189268716753
16,10284,wdro_single,16,0,0,0.38456636485253137
16,10284,wdro_nominal_split_unconditional,16,0,0,0.27893864420429471
16,10285,nominal_single,16,1,1,0.15518189268716742
16,10285,nominal_split,16,1,1,0.15518189268716753
16,10285,wdro_single,16,1,1,0.38456636485253137
16,10285,wdro_nominal_split_unconditional,16,1,1,0.27893864420429471
16,10286,nominal_single,16,0,0,0.15518189268716742
16,10286,nominal_split,16,0,0,0.15518189268716753
16,10286,wdro_single,16,0,0,0.38456636485253137
16,10286,wdro_nominal_split_unconditional,16,0,0,0.27893864420429471
16,10287,nominal_single,16,2,1,0.15518189268716742
16,10287,nominal_split,16,2,1,0.15518189268716753
16,10287,wdro_single,16,3,1,0.38456636485253137
16,10287,wdro_nominal_split_unconditional,16,2,1,0.27893864420429471
16,10288,nominal_single,16,0,0,0.15518189268716742
16,10288,nominal_split,16,0,0,0.15518189268716753
16,10288,wdro_single,16,1,1,0.38456636485253137
16,10288,wdro_nominal_split_unconditional,16,1,1,0.27893864420429471
16,10289,nominal_single,16,0,0,0.15518189268716742
16,10289,nominal_split,16,0,0,0.15518189268716753
16,10289,wdro_single,16,0,0,0.38456636485253137
16,10289,wdro_nominal_split_unconditional,16,0,0,0.27893864420429471
16,10290,nominal_single,16,0,0,0.15518189268716742
16,10290,nominal_split,16,0,0,0.15518189268716753
16,10290,wdro_single,16,0,0,0.38456636485253137
16,10290,wdro_nominal_split_unconditional,16,0,0,0.27893864420429471
16,10291,nominal_single,16,0,0,0.15518189268716742
16,10291,nominal_split,16,0,0,0.15518189268716753
16,10291,wdro_single,16,0,0,0.38456636485253137
16,10291,wdro_nominal_split_unconditional,16,0,0,0.27893864420429471
16,10292,nominal_single,16,0,0,0.15518189268716742
16,10292,nominal_split,16,0,0,0.15518189268716753
16,10292,wdro_single,16,0,0,0.38456636485253137
16,10292,wdro_nominal_split_unconditional,16,0,0,0.27893864420429471
16,10293,nominal_single,16,0,0,0.15518189268716742
16,10293,nominal_split,16,0,0,0.15518189268716753
16,10293,wdro_single,16,1,1,0.38456636485253137
16,10293,wdro_nominal_split_unconditional,16,0,0,0.27893864420429471
16,10294,nominal_single,16,0,0,0.15518189268716742
16,10294,nominal_split,16,0,0,0.15518189268716753
16,10294,wdro_single,16,0,0,0.38456636485253137
16,10294,wdro_nominal_split_unconditional,16,0,0,0.27893864420429471
16,10295,nominal_single,16,0,0,0.15518189268716742
16,10295,nominal_split,16,0,0,0.15518189268716753
16,10295,wdro_single,16,0,0,0.38456636485253137
16,10295,wdro_nominal_split_unconditional,16,0,0,0.27893864420429471
16,10296,nominal_single,16,0,0,0.15518189268716742
16,10296,nominal_split,16,0,0,0.15518189268716753
16,10296,wdro_single,16,0,0,0.38456636485253137
16,10296,wdro_nominal_split_unconditional,16,0,0,0.27893864420429471
16,10297,nominal_single,16,0,0,0.15518189268716742
16,10297,nominal_split,16,0,0,0.15518189268716753
16,10297,wdro_single,16,0,0,0.38456636485253137
16,10297,wdro_nominal_split_unconditional,16,0,0,0.27893864420429471
16,10298,nominal_single,16,0,0,0.15518189268716742
16,10298,nominal_split,16,0,0,0.15518189268716753
16,10298,wdro_single,16,0,0,0.38456636485253137
16,10298,wdro_nominal_split_unconditional,16,0,0,0.27893864420429471
16,10299,nominal_single,16,1,1,0.15518189268716742
16,10299,nominal_split,16,1,1,0.15518189268716753
16,10299,wdro_single,16,1,1,0.38456636485253137
16,10299,wdro_nominal_split_unconditional,16,1,1,0.27893864420429471
16,10300,nominal_single,16,0,0,0.15518189268716742
16,10300,nominal_split,16,0,0,0.15518189268716753
16,10300,wdro_single,16,0,0,0.38456636485253137
16,10300,wdro_nominal_split_unconditional,16,0,0,0.27893864420429471
16,10301,nominal_single,16,0,0,0.15518189268716742
16,10301,nominal_split,16,0,0,0.15518189268716753
16,10301,wdro_single,16,0,0,0.38456636485253137
16,10301,wdro_nominal_split_unconditional,16,0,0,0.27893864420429471
16,10302,nominal_single,16,0,0,0.15518189268716742
16,10302,nominal_split,16,0,0,0.15518189268716753
16,10302,wdro_single,16,0,0,0.38456636485253137
16,10302,wdro_nominal_split_unconditional,16,0,0,0.27893864420429471
16,10303,nominal_single,16,1,1,0.15518189268716742
16,10303,nominal_split,16,1,1,0.15518189268716753
16,10303,wdro_single,16,1,1,0.38456636485253137
16,10303,wdro_nominal_split_unconditional,16,1,1,0.27893864420429471
16,10304,nominal_single,16,1,1,0.15518189268716742
16,10304,nominal_split,16,1,1,0.15518189268716753
16,10304,wdro_single,16,1,1,0.38456636485253137
16,10304,wdro_nominal_split_unconditional,16,1,1,0.27893864420429471
16,10305,nominal_single,16,0,0,0.15518189268716742
16,10305,nominal_split,16,0,0,0.15518189268716753
16,10305,wdro_single,16,1,1,0.38456636485253137
16,10305,wdro_nominal_split_unconditional,16,0,0,0.27893864420429471
16,10306,nominal_single,16,1,1,0.15518189268716742
16,10306,nominal_split,16,1,1,0.15518189268716753
16,10306,wdro_single,16,3,1,0.38456636485253137
16,10306,wdro_nominal_split_unconditional,16,2,1,0.27893864420429471
16,10307,nominal_single,16,0,0,0.15518189268716742
16,10307,nominal_split,16,0,0,0.15518189268716753
16,10307,wdro_single,16,2,1,0.38456636485253137
16,10307,wdro_nominal_split_unconditional,16,2,1,0.27893864420429471
16,10308,nominal_single,16,0,0,0.15518189268716742
16,10308,nominal_split,16,0,0,0.15518189268716753
16,10308,wdro_single,16,0,0,0.38456636485253137
16,10308,wdro_nominal_split_unconditional,16,0,0,0.27893864420429471
16,10309,nominal_single,16,0,0,0.15518189268716742
16,10309,nominal_split,16,0,0,0.15518189268716753
16,10309,wdro_single,16,3,1,0.38456636485253137
16,10309,wdro_nominal_split_unconditional,16,0,0,0.27893864420429471
16,10310,nominal_single,16,0,0,0.15518189268716742
16,10310,nominal_split,16,0,0,0.15518189268716753
16,10310,wdro_single,16,1,1,0.38456636485253137
16,10310,wdro_nominal_split_unconditional,16,0,0,0.27893864420429471
16,10311,nominal_single,16,0,0,0.15518189268716742
16,10311,nominal_split,16,0,0,0.15518189268716753
16,10311,wdro_single,16,0,0,0.38456636485253137
16,10311,wdro_nominal_split_unconditional,16,0,0,0.27893864420429471
16,10312,nominal_single,16,0,0,0.15518189268716742
16,10312,nominal_split,16,0,0,0.15518189268716753
16,10312,wdro_single,16,0,0,0.38456636485253137
16,10312,wdro_nominal_split_unconditional,16,0,0,0.27893864420429471
16,10313,nominal_single,16,0,0,0.15518189268716742
16,10313,nominal_split,16,0,0,0.15518189268716753
16,10313,wdro_single,16,1,1,0.38456636485253137
16,10313,wdro_nominal_split_unconditional,16,0,0,0.27893864420429471
16,10314,nominal_single,16,0,0,0.15518189268716742
16,10314,nominal_split,16,0,0,0.15518189268716753
16,10314,wdro_single,16,0,0,0.38456636485253137
16,10314,wdro_nominal_split_unconditional,16,0,0,0.27893864420429471
16,10315,nominal_single,16,1,1,0.15518189268716742
16,10315,nominal_split,16,1,1,0.15518189268716753
16,10315,wdro_single,16,1,1,0.38456636485253137
16,10315,wdro_nominal_split_unconditional,16,1,1,0.27893864420429471
16,10316,nominal_single,16,0,0,0.15518189268716742
16,10316,nominal_split,16,0,0,0.15518189268716753
16,10316,wdro_single,16,0,0,0.38456636485253137
16,10316,wdro_nominal_split_unconditional,16,0,0,0.27893864420429471
16,10317,nominal_single,16,0,0,0.15518189268716742
16,10317,nominal_split,16,0,0,0.15518189268716753
16,10317,wdro_single,16,0,0,0.38456636485253137
16,10317,wdro_nominal_split_unconditional,16,0,0,0.27893864420429471
16,10318,nominal_single,16,0,0,0.15518189268716742
16,10318,nominal_split,16,0,0,0.15518189268716753
16,10318,wdro_single,16,0,0,0.38456636485253137
16,10318,wdro_nominal_split_unconditional,16,0,0,0.27893864420429471
16,10319,nominal_single,16,0,0,0.15518189268716742
16,10319,nominal_split,16,0,0,0.15518189268716753
16,10319,wdro_single,16,0,0,0.38456636485253137
16,10319,wdro_nominal_split_unconditional,16,0,0,0.27893864420429471
16,10320,nominal_single,16,0,0,0.15518189268716742
16,10320,nominal_split,16,0,0,0.15518189268716753
16,10320,wdro_single,16,1,1,0.38456636485253137
16,10320,wdro_nominal_split_unconditional,16,1,1,0.27893864420429471
16,10321,nominal_single,16,0,0,0.15518189268716742
16,10321,nominal_split,16,0,0,0.15518189268716753
16,10321,wdro_single,16,2,1,0.38456636485253137
16,10321,wdro_nominal_split_unconditional,16,0,0,0.27893864420429471
16,10322,nominal_single,16,0,0,0.15518189268716742
16,10322,nominal_split,16,0,0,0.15518189268716753
16,10322,wdro_single,16,0,0,0.38456636485253137
16,10322,wdro_nominal_split_unconditional,16,0,0,0.27893864420429471
16,10323,nominal_single,16,0,0,0.15518189268716742
16,10323,nominal_split,16,0,0,0.15518189268716753
16,10323,wdro_single,16,0,0,0.38456636485253137
16,10323,wdro_nominal_split_unconditional,16,0,0,0.27893864420429471
16,10324,nominal_single,16,0,0,0.15518189268716742
16,10324,nominal_split,16,0,0,0.15518189268716753
16,10324,wdro_single,16,1,1,0.38456636485253137
16,10324,wdro_nominal_split_unconditional,16,1,1,0.27893864420429471
16,10325,nominal_single,16,0,0,0.15518189268716742
16,10325,nominal_split,16,0,0,0.15518189268716753
16,10325,wdro_single,16,1,1,0.38456636485253137
16,10325,wdro_nominal_split_unconditional,16,0,0,0.27893864420429471
16,10326,nominal_single,16,1,1,0.15518189268716742
16,10326,nominal_split,16,1,1,0.15518189268716753
16,10326,wdro_single,16,3,1,0.38456636485253137
16,10326,wdro_nominal_split_unconditional,16,3,1,0.27893864420429471
16,10327,nominal_single,16,0,0,0.15518189268716742
16,10327,nominal_split,16,0,0,0.15518189268716753
16,10327,wdro_single,16,1,1,0.38456636485253137
16,10327,wdro_nominal_split_unconditional,16,1,1,0.27893864420429471
16,10328,nominal_single,16,0,0,0.15518189268716742
16,10328,nominal_split,16,0,0,0.15518189268716753
16,10328,wdro_single,16,0,0,0.38456636485253137
16,10328,wdro_nominal_split_unconditional,16,0,0,0.27893864420429471
16,10329,nominal_single,16,1,1,0.15518189268716742
16,10329,nominal_split,16,1,1,0.15518189268716753
16,10329,wdro_single,16,1,1,0.38456636485253137
16,10329,wdro_nominal_split_unconditional,16,1,1,0.27893864420429471
16,10330,nominal_single,16,0,0,0.15518189268716742
16,10330,nominal_split,16,0,0,0.15518189268716753
16,10330,wdro_single,16,0,0,0.38456636485253137
16,10330,wdro_nominal_split_unconditional,16,0,0,0.27893864420429471
16,10331,nominal_single,16,0,0,0.15518189268716742
16,10331,nominal_split,16,0,0,0.15518189268716753
16,10331,wdro_single,16,0,0,0.38456636485253137
16,10331,wdro_nominal_split_unconditional,16,0,0,0.27893864420429471
16,10332,nominal_single,16,0,0,0.15518189268716742
16,10332,nominal_split,16,0,0,0.15518189268716753
16,10332,wdro_single,16,1,1,0.38456636485253137
16,10332,wdro_nominal_split_unconditional,16,0,0,0.27893864420429471
16,10333,nominal_single,16,1,1,0.15518189268716742
16,10333,nominal_split,16,1,1,0.15518189268716753
16,10333,wdro_single,16,2,1,0.38456636485253137
16,10333,wdro_nominal_split_unconditional,16,1,1,0.27893864420429471
16,10334,nominal_single,16,0,0,0.15518189268716742
16,10334,nominal_split,16,0,0,0.15518189268716753
16,10334,wdro_single,16,0,0,0.38456636485253137
16,10334,wdro_nominal_split_unconditional,16,0,0,0.27893864420429471
16,10335,nominal_single,16,0,0,0.15518189268716742
16,10335,nominal_split,16,0,0,0.15518189268716753
16,10335,wdro_single,16,1,1,0.38456636485253137
16,10335,wdro_nominal_split_unconditional,16,0,0,0.27893864420429471
16,10336,nominal_single,16,0,0,0.15518189268716742
16,10336,nominal_split,16,0,0,0.15518189268716753
16,10336,wdro_single,16,0,0,0.38456636485253137
16,10336,wdro_nominal_split_unconditional,16,0,0,0.27893864420429471
16,10337,nominal_single,16,0,0,0.15518189268716742
16,10337,nominal_split,16,0,0,0.15518189268716753
16,10337,wdro_single,16,0,0,0.38456636485253137
16,10337,wdro_nominal_split_unconditional,16,0,0,0.27893864420429471
16,10338,nominal_single,16,0,0,0.15518189268716742
16,10338,nominal_split,16,0,0,0.15518189268716753
16,10338,wdro_single,16,0,0,0.38456636485253137
16,10338,wdro_nominal_split_unconditional,16,0,0,0.27893864420429471
16,10339,nominal_single,16,0,0,0.15518189268716742
16,10339,nominal_split,16,0,0,0.15518189268716753
16,10339,wdro_single,16,0,0,0.38456636485253137
16,10339,wdro_nominal_split_unconditional,16,0,0,0.27893864420429471
16,10340,nominal_single,16,1,1,0.15518189268716742
16,10340,nominal_split,16,1,1,0.15518189268716753
16,10340,wdro_single,16,2,1,0.38456636485253137
16,10340,wdro_nominal_split_unconditional,16,2,1,0.27893864420429471
16,10341,nominal_single,16,0,0,0.15518189268716742
16,10341,nominal_split,16,0,0,0.15518189268716753
16,10341,wdro_single,16,0,0,0.38456636485253137
16,10341,wdro_nominal_split_unconditional,16,0,0,0.27893864420429471
16,10342,nominal_single,16,0,0,0.15518189268716742
16,10342,nominal_split,16,0,0,0.15518189268716753
16,10342,wdro_single,16,0,0,0.38456636485253137
16,10342,wdro_nominal_split_unconditional,16,0,0,0.27893864420429471
16,10343,nominal_single,16,1,1,0.15518189268716742
16,10343,nominal_split,16,1,1,0.15518189268716753
16,10343,wdro_single,16,1,1,0.38456636485253137
16,10343,wdro_nominal_split_unconditional,16,1,1,0.27893864420429471
16,10344,nominal_single,16,0,0,0.15518189268716742
16,10344,nominal_split,16,0,0,0.15518189268716753
16,10344,wdro_single,16,0,0,0.38456636485253137
16,10344,wdro_nominal_split_unconditional,16,0,0,0.27893864420429471
16,10345,nominal_single,16,0,0,0.15518189268716742
16,10345,nominal_split,16,0,0,0.15518189268716753
16,10345,wdro_single,16,2,1,0.38456636485253137
16,10345,wdro_nominal_split_unconditional,16,0,0,0.27893864420429471
16,10346,nominal_single,16,2,1,0.15518189268716742
16,10346,nominal_split,16,2,1,0.15518189268716753
16,10346,wdro_single,16,2,1,0.38456636485253137
16,10346,wdro_nominal_split_unconditional,16,2,1,0.27893864420429471
16,10347,nominal_single,16,1,1,0.15518189268716742
16,10347,nominal_split,16,1,1,0.15518189268716753
16,10347,wdro_single,16,1,1,0.38456636485253137
16,10347,wdro_nominal_split_unconditional,16,1,1,0.27893864420429471
16,10348,nominal_single,16,1,1,0.15518189268716742
16,10348,nominal_split,16,1,1,0.15518189268716753
16,10348,wdro_single,16,1,1,0.38456636485253137
16,10348,wdro_nominal_split_unconditional,16,1,1,0.27893864420429471
16,10349,nominal_single,16,0,0,0.15518189268716742
16,10349,nominal_split,16,0,0,0.15518189268716753
16,10349,wdro_single,16,0,0,0.38456636485253137
16,10349,wdro_nominal_split_unconditional,16,0,0,0.27893864420429471
16,10350,nominal_single,16,0,0,0.15518189268716742
16,10350,nominal_split,16,0,0,0.15518189268716753
16,10350,wdro_single,16,1,1,0.38456636485253137
16,10350,wdro_nominal_split_unconditional,16,0,0,0.27893864420429471
16,10351,nominal_single,16,0,0,0.15518189268716742
16,10351,nominal_split,16,0,0,0.15518189268716753
16,10351,wdro_single,16,0,0,0.38456636485253137
16,10351,wdro_nominal_split_unconditional,16,0,0,0.27893864420429471
16,10352,nominal_single,16,0,0,0.15518189268716742
16,10352,nominal_split,16,0,0,0.15518189268716753
16,10352,wdro_single,16,0,0,0.38456636485253137
16,10352,wdro_nominal_split_unconditional,16,0,0,0.27893864420429471
16,10353,nominal_single,16,0,0,0.15518189268716742
16,10353,nominal_split,16,0,0,0.15518189268716753
16,10353,wdro_single,16,0,0,0.38456636485253137
16,10353,wdro_nominal_split_unconditional,16,0,0,0.27893864420429471
16,10354,nominal_single,16,0,0,0.15518189268716742
16,10354,nominal_split,16,0,0,0.15518189268716753
16,10354,wdro_single,16,0,0,0.38456636485253137
16,10354,wdro_nominal_split_unconditional,16,0,0,0.27893864420429471
16,10355,nominal_single,16,0,0,0.15518189268716742
16,10355,nominal_split,16,0,0,0.15518189268716753
16,10355,wdro_single,16,0,0,0.38456636485253137
16,10355,wdro_nominal_split_unconditional,16,0,0,0.27893864420429471
16,10356,nominal_single,16,0,0,0.15518189268716742
16,10356,nominal_split,16,0,0,0.15518189268716753
16,10356,wdro_single,16,0,0,0.38456636485253137
16,10356,wdro_nominal_split_unconditional,16,0,0,0.27893864420429471
16,10357,nominal_single,16,0,0,0.15518189268716742
16,10357,nominal_split,16,0,0,0.15518189268716753
16,10357,wdro_single,16,0,0,0.38456636485253137
16,10357,wdro_nominal_split_unconditional,16,0,0,0.27893864420429471
16,10358,nominal_single,16,0,0,0.15518189268716742
16,10358,nominal_split,16,0,0,0.15518189268716753
16,10358,wdro_single,16,1,1,0.38456636485253137
16,10358,wdro_nominal_split_unconditional,16,0,0,0.27893864420429471
16,10359,nominal_single,16,0,0,0.15518189268716742
16,10359,nominal_split,16,0,0,0.15518189268716753
16,10359,wdro_single,16,0,0,0.38456636485253137
16,10359,wdro_nominal_split_unconditional,16,0,0,0.27893864420429471
16,10360,nominal_single,16,0,0,0.15518189268716742
16,10360,nominal_split,16,0,0,0.15518189268716753
16,10360,wdro_single,16,0,0,0.38456636485253137
16,10360,wdro_nominal_split_unconditional,16,0,0,0.27893864420429471
16,10361,nominal_single,16,0,0,0.15518189268716742
16,10361,nominal_split,16,0,0,0.15518189268716753
16,10361,wdro_single,16,0,0,0.38456636485253137
16,10361,wdro_nominal_split_unconditional,16,0,0,0.27893864420429471
16,10362,nominal_single,16,0,0,0.15518189268716742
16,10362,nominal_split,16,0,0,0.15518189268716753
16,10362,wdro_single,16,0,0,0.38456636485253137
16,10362,wdro_nominal_split_unconditional,16,0,0,0.27893864420429471
16,10363,nominal_single,16,0,0,0.15518189268716742
16,10363,nominal_split,16,0,0,0.15518189268716753
16,10363,wdro_single,16,0,0,0.38456636485253137
16,10363,wdro_nominal_split_unconditional,16,0,0,0.27893864420429471
16,10364,nominal_single,16,0,0,0.15518189268716742
16,10364,nominal_split,16,0,0,0.15518189268716753
16,10364,wdro_single,16,1,1,0.38456636485253137
16,10364,wdro_nominal_split_unconditional,16,0,0,0.27893864420429471
16,10365,nominal_single,16,0,0,0.15518189268716742
16,10365,nominal_split,16,0,0,0.15518189268716753
16,10365,wdro_single,16,1,1,0.38456636485253137
16,10365,wdro_nominal_split_unconditional,16,1,1,0.27893864420429471
16,10366,nominal_single,16,0,0,0.15518189268716742
16,10366,nominal_split,16,0,0,0.15518189268716753
16,10366,wdro_single,16,1,1,0.38456636485253137
16,10366,wdro_nominal_split_unconditional,16,1,1,0.27893864420429471
16,10367,nominal_single,16,0,0,0.15518189268716742
16,10367,nominal_split,16,0,0,0.15518189268716753
16,10367,wdro_single,16,1,1,0.38456636485253137
16,10367,wdro_nominal_split_unconditional,16,0,0,0.27893864420429471
16,10368,nominal_single,16,0,0,0.15518189268716742
16,10368,nominal_split,16,0,0,0.15518189268716753
16,10368,wdro_single,16,0,0,0.38456636485253137
16,10368,wdro_nominal_split_unconditional,16,0,0,0.27893864420429471
16,10369,nominal_single,16,0,0,0.15518189268716742
16,10369,nominal_split,16,0,0,0.15518189268716753
16,10369,wdro_single,16,0,0,0.38456636485253137
16,10369,wdro_nominal_split_unconditional,16,0,0,0.27893864420429471
16,10370,nominal_single,16,0,0,0.15518189268716742
16,10370,nominal_split,16,0,0,0.15518189268716753
16,10370,wdro_single,16,0,0,0.38456636485253137
16,10370,wdro_nominal_split_unconditional,16,0,0,0.27893864420429471
16,10371,nominal_single,16,0,0,0.15518189268716742
16,10371,nominal_split,16,0,0,0.15518189268716753
16,10371,wdro_single,16,0,0,0.38456636485253137
16,10371,wdro_nominal_split_unconditional,16,0,0,0.27893864420429471
16,10372,nominal_single,16,0,0,0.15518189268716742
16,10372,nominal_split,16,0,0,0.15518189268716753
16,10372,wdro_single,16,0,0,0.38456636485253137
16,10372,wdro_nominal_split_unconditional,16,0,0,0.27893864420429471
16,10373,nominal_single,16,0,0,0.15518189268716742
16,10373,nominal_split,16,0,0,0.15518189268716753
16,10373,wdro_single,16,0,0,0.38456636485253137
16,10373,wdro_nominal_split_unconditional,16,0,0,0.27893864420429471
16,10374,nominal_single,16,0,0,0.15518189268716742
16,10374,nominal_split,16,0,0,0.15518189268716753
16,10374,wdro_single,16,0,0,0.38456636485253137
16,10374,wdro_nominal_split_unconditional,16,0,0,0.27893864420429471
16,10375,nominal_single,16,0,0,0.15518189268716742
16,10375,nominal_split,16,0,0,0.15518189268716753
16,10375,wdro_single,16,0,0,0.38456636485253137
16,10375,wdro_nominal_split_unconditional,16,0,0,0.27893864420429471
16,10376,nominal_single,16,0,0,0.15518189268716742
16,10376,nominal_split,16,0,0,0.15518189268716753
16,10376,wdro_single,16,0,0,0.38456636485253137
16,10376,wdro_nominal_split_unconditional,16,0,0,0.27893864420429471
16,10377,nominal_single,16,0,0,0.15518189268716742
16,10377,nominal_split,16,0,0,0.15518189268716753
16,10377,wdro_single,16,1,1,0.38456636485253137
16,10377,wdro_nominal_split_unconditional,16,1,1,0.27893864420429471
16,10378,nominal_single,16,0,0,0.15518189268716742
16,10378,nominal_split,16,0,0,0.15518189268716753
16,10378,wdro_single,16,0,0,0.38456636485253137
16,10378,wdro_nominal_split_unconditional,16,0,0,0.27893864420429471
16,10379,nominal_single,16,0,0,0.15518189268716742
16,10379,nominal_split,16,0,0,0.15518189268716753
16,10379,wdro_single,16,0,0,0.38456636485253137
16,10379,wdro_nominal_split_unconditional,16,0,0,0.27893864420429471
16,10380,nominal_single,16,0,0,0.15518189268716742
16,10380,nominal_split,16,0,0,0.15518189268716753
16,10380,wdro_single,16,1,1,0.38456636485253137
16,10380,wdro_nominal_split_unconditional,16,1,1,0.27893864420429471
16,10381,nominal_single,16,0,0,0.15518189268716742
16,10381,nominal_split,16,0,0,0.15518189268716753
16,10381,wdro_single,16,0,0,0.38456636485253137
16,10381,wdro_nominal_split_unconditional,16,0,0,0.27893864420429471
16,10382,nominal_single,16,0,0,0.15518189268716742
16,10382,nominal_split,16,0,0,0.15518189268716753
16,10382,wdro_single,16,0,0,0.38456636485253137
16,10382,wdro_nominal_split_unconditional,16,0,0,0.27893864420429471
16,10383,nominal_single,16,0,0,0.15518189268716742
16,10383,nominal_split,16,0,0,0.15518189268716753
16,10383,wdro_single,16,0,0,0.38456636485253137
16,10383,wdro_nominal_split_unconditional,16,0,0,0.27893864420429471
16,10384,nominal_single,16,0,0,0.15518189268716742
16,10384,nominal_split,16,0,0,0.15518189268716753
16,10384,wdro_single,16,0,0,0.38456636485253137
16,10384,wdro_nominal_split_unconditional,16,0,0,0.27893864420429471
16,10385,nominal_single,16,0,0,0.15518189268716742
16,10385,nominal_split,16,0,0,0.15518189268716753
16,10385,wdro_single,16,0,0,0.38456636485253137
16,10385,wdro_nominal_split_unconditional,16,0,0,0.27893864420429471
16,10386,nominal_single,16,0,0,0.15518189268716742
16,10386,nominal_split,16,0,0,0.15518189268716753
16,10386,wdro_single,16,0,0,0.38456636485253137
16,10386,wdro_nominal_split_unconditional,16,0,0,0.27893864420429471
16,10387,nominal_single,16,0,0,0.15518189268716742
16,10387,nominal_split,16,0,0,0.15518189268716753
16,10387,wdro_single,16,0,0,0.38456636485253137
16,10387,wdro_nominal_split_unconditional,16,0,0,0.27893864420429471
16,10388,nominal_single,16,1,1,0.15518189268716742
16,10388,nominal_split,16,1,1,0.15518189268716753
16,10388,wdro_single,16,1,1,0.38456636485253137
16,10388,wdro_nominal_split_unconditional,16,1,1,0.27893864420429471
16,10389,nominal_single,16,1,1,0.15518189268716742
16,10389,nominal_split,16,1,1,0.15518189268716753
16,10389,wdro_single,16,1,1,0.38456636485253137
16,10389,wdro_nominal_split_unconditional,16,1,1,0.27893864420429471
16,10390,nominal_single,16,0,0,0.15518189268716742
16,10390,nominal_split,16,0,0,0.15518189268716753
16,10390,wdro_single,16,0,0,0.38456636485253137
16,10390,wdro_nominal_split_unconditional,16,0,0,0.27893864420429471
16,10391,nominal_single,16,0,0,0.15518189268716742
16,10391,nominal_split,16,0,0,0.15518189268716753
16,10391,wdro_single,16,0,0,0.38456636485253137
16,10391,wdro_nominal_split_unconditional,16,0,0,0.27893864420429471
16,10392,nominal_single,16,0,0,0.15518189268716742
16,10392,nominal_split,16,0,0,0.15518189268716753
16,10392,wdro_single,16,0,0,0.38456636485253137
16,10392,wdro_nominal_split_unconditional,16,0,0,0.27893864420429471
16,10393,nominal_single,16,0,0,0.15518189268716742
16,10393,nominal_split,16,0,0,0.15518189268716753
16,10393,wdro_single,16,1,1,0.38456636485253137
16,10393,wdro_nominal_split_unconditional,16,0,0,0.27893864420429471
16,10394,nominal_single,16,0,0,0.15518189268716742
16,10394,nominal_split,16,0,0,0.15518189268716753
16,10394,wdro_single,16,1,1,0.38456636485253137
16,10394,wdro_nominal_split_unconditional,16,0,0,0.27893864420429471
16,10395,nominal_single,16,0,0,0.15518189268716742
16,10395,nominal_split,16,0,0,0.15518189268716753
16,10395,wdro_single,16,1,1,0.38456636485253137
16,10395,wdro_nominal_split_unconditional,16,0,0,0.27893864420429471
16,10396,nominal_single,16,0,0,0.15518189268716742
16,10396,nominal_split,16,0,0,0.15518189268716753
16,10396,wdro_single,16,0,0,0.38456636485253137
16,10396,wdro_nominal_split_unconditional,16,0,0,0.27893864420429471
16,10397,nominal_single,16,0,0,0.15518189268716742
16,10397,nominal_split,16,0,0,0.15518189268716753
16,10397,wdro_single,16,0,0,0.38456636485253137
16,10397,wdro_nominal_split_unconditional,16,0,0,0.27893864420429471
16,10398,nominal_single,16,0,0,0.15518189268716742
16,10398,nominal_split,16,0,0,0.15518189268716753
16,10398,wdro_single,16,0,0,0.38456636485253137
16,10398,wdro_nominal_split_unconditional,16,0,0,0.27893864420429471
16,10399,nominal_single,16,0,0,0.15518189268716742
16,10399,nominal_split,16,0,0,0.15518189268716753
16,10399,wdro_single,16,0,0,0.38456636485253137
16,10399,wdro_nominal_split_unconditional,16,0,0,0.27893864420429471
16,10400,nominal_single,16,0,0,0.15518189268716742
16,10400,nominal_split,16,0,0,0.15518189268716753
16,10400,wdro_single,16,0,0,0.38456636485253137
16,10400,wdro_nominal_split_unconditional,16,0,0,0.27893864420429471
16,10401,nominal_single,16,0,0,0.15518189268716742
16,10401,nominal_split,16,0,0,0.15518189268716753
16,10401,wdro_single,16,0,0,0.38456636485253137
16,10401,wdro_nominal_split_unconditional,16,0,0,0.27893864420429471
16,10402,nominal_single,16,0,0,0.15518189268716742
16,10402,nominal_split,16,0,0,0.15518189268716753
16,10402,wdro_single,16,1,1,0.38456636485253137
16,10402,wdro_nominal_split_unconditional,16,1,1,0.27893864420429471
16,10403,nominal_single,16,0,0,0.15518189268716742
16,10403,nominal_split,16,0,0,0.15518189268716753
16,10403,wdro_single,16,0,0,0.38456636485253137
16,10403,wdro_nominal_split_unconditional,16,0,0,0.27893864420429471
16,10404,nominal_single,16,0,0,0.15518189268716742
16,10404,nominal_split,16,0,0,0.15518189268716753
16,10404,wdro_single,16,1,1,0.38456636485253137
16,10404,wdro_nominal_split_unconditional,16,0,0,0.27893864420429471
16,10405,nominal_single,16,0,0,0.15518189268716742
16,10405,nominal_split,16,0,0,0.15518189268716753
16,10405,wdro_single,16,0,0,0.38456636485253137
16,10405,wdro_nominal_split_unconditional,16,0,0,0.27893864420429471
16,10406,nominal_single,16,0,0,0.15518189268716742
16,10406,nominal_split,16,0,0,0.15518189268716753
16,10406,wdro_single,16,0,0,0.38456636485253137
16,10406,wdro_nominal_split_unconditional,16,0,0,0.27893864420429471
16,10407,nominal_single,16,0,0,0.15518189268716742
16,10407,nominal_split,16,0,0,0.15518189268716753
16,10407,wdro_single,16,0,0,0.38456636485253137
16,10407,wdro_nominal_split_unconditional,16,0,0,0.27893864420429471
16,10408,nominal_single,16,0,0,0.15518189268716742
16,10408,nominal_split,16,0,0,0.15518189268716753
16,10408,wdro_single,16,0,0,0.38456636485253137
16,10408,wdro_nominal_split_unconditional,16,0,0,0.27893864420429471
16,10409,nominal_single,16,1,1,0.15518189268716742
16,10409,nominal_split,16,1,1,0.15518189268716753
16,10409,wdro_single,16,2,1,0.38456636485253137
16,10409,wdro_nominal_split_unconditional,16,1,1,0.27893864420429471
16,10410,nominal_single,16,1,1,0.15518189268716742
16,10410,nominal_split,16,1,1,0.15518189268716753
16,10410,wdro_single,16,1,1,0.38456636485253137
16,10410,wdro_nominal_split_unconditional,16,1,1,0.27893864420429471
16,10411,nominal_single,16,0,0,0.15518189268716742
16,10411,nominal_split,16,0,0,0.15518189268716753
16,10411,wdro_single,16,1,1,0.38456636485253137
16,10411,wdro_nominal_split_unconditional,16,0,0,0.27893864420429471
16,10412,nominal_single,16,0,0,0.15518189268716742
16,10412,nominal_split,16,0,0,0.15518189268716753
16,10412,wdro_single,16,1,1,0.38456636485253137
16,10412,wdro_nominal_split_unconditional,16,0,0,0.27893864420429471
16,10413,nominal_single,16,0,0,0.15518189268716742
16,10413,nominal_split,16,0,0,0.15518189268716753
16,10413,wdro_single,16,1,1,0.38456636485253137
16,10413,wdro_nominal_split_unconditional,16,1,1,0.27893864420429471
16,10414,nominal_single,16,0,0,0.15518189268716742
16,10414,nominal_split,16,0,0,0.15518189268716753
16,10414,wdro_single,16,0,0,0.38456636485253137
16,10414,wdro_nominal_split_unconditional,16,0,0,0.27893864420429471
16,10415,nominal_single,16,0,0,0.15518189268716742
16,10415,nominal_split,16,0,0,0.15518189268716753
16,10415,wdro_single,16,0,0,0.38456636485253137
16,10415,wdro_nominal_split_unconditional,16,0,0,0.27893864420429471
16,10416,nominal_single,16,0,0,0.15518189268716742
16,10416,nominal_split,16,0,0,0.15518189268716753
16,10416,wdro_single,16,0,0,0.38456636485253137
16,10416,wdro_nominal_split_unconditional,16,0,0,0.27893864420429471
16,10417,nominal_single,16,0,0,0.15518189268716742
16,10417,nominal_split,16,0,0,0.15518189268716753
16,10417,wdro_single,16,0,0,0.38456636485253137
16,10417,wdro_nominal_split_unconditional,16,0,0,0.27893864420429471
16,10418,nominal_single,16,0,0,0.15518189268716742
16,10418,nominal_split,16,0,0,0.15518189268716753
16,10418,wdro_single,16,1,1,0.38456636485253137
16,10418,wdro_nominal_split_unconditional,16,0,0,0.27893864420429471
16,10419,nominal_single,16,0,0,0.15518189268716742
16,10419,nominal_split,16,0,0,0.15518189268716753
16,10419,wdro_single,16,0,0,0.38456636485253137
16,10419,wdro_nominal_split_unconditional,16,0,0,0.27893864420429471
16,10420,nominal_single,16,0,0,0.15518189268716742
16,10420,nominal_split,16,0,0,0.15518189268716753
16,10420,wdro_single,16,1,1,0.38456636485253137
16,10420,wdro_nominal_split_unconditional,16,1,1,0.27893864420429471
16,10421,nominal_single,16,0,0,0.15518189268716742
16,10421,nominal_split,16,0,0,0.15518189268716753
16,10421,wdro_single,16,2,1,0.38456636485253137
16,10421,wdro_nominal_split_unconditional,16,2,1,0.27893864420429471
16,10422,nominal_single,16,0,0,0.15518189268716742
16,10422,nominal_split,16,0,0,0.15518189268716753
16,10422,wdro_single,16,0,0,0.38456636485253137
16,10422,wdro_nominal_split_unconditional,16,0,0,0.27893864420429471
16,10423,nominal_single,16,1,1,0.15518189268716742
16,10423,nominal_split,16,1,1,0.15518189268716753
16,10423,wdro_single,16,1,1,0.38456636485253137
16,10423,wdro_nominal_split_unconditional,16,1,1,0.27893864420429471
16,10424,nominal_single,16,0,0,0.15518189268716742
16,10424,nominal_split,16,0,0,0.15518189268716753
16,10424,wdro_single,16,0,0,0.38456636485253137
16,10424,wdro_nominal_split_unconditional,16,0,0,0.27893864420429471
16,10425,nominal_single,16,0,0,0.15518189268716742
16,10425,nominal_split,16,0,0,0.15518189268716753
16,10425,wdro_single,16,0,0,0.38456636485253137
16,10425,wdro_nominal_split_unconditional,16,0,0,0.27893864420429471
16,10426,nominal_single,16,1,1,0.15518189268716742
16,10426,nominal_split,16,1,1,0.15518189268716753
16,10426,wdro_single,16,1,1,0.38456636485253137
16,10426,wdro_nominal_split_unconditional,16,1,1,0.27893864420429471
16,10427,nominal_single,16,0,0,0.15518189268716742
16,10427,nominal_split,16,0,0,0.15518189268716753
16,10427,wdro_single,16,0,0,0.38456636485253137
16,10427,wdro_nominal_split_unconditional,16,0,0,0.27893864420429471
16,10428,nominal_single,16,0,0,0.15518189268716742
16,10428,nominal_split,16,0,0,0.15518189268716753
16,10428,wdro_single,16,0,0,0.38456636485253137
16,10428,wdro_nominal_split_unconditional,16,0,0,0.27893864420429471
16,10429,nominal_single,16,0,0,0.15518189268716742
16,10429,nominal_split,16,0,0,0.15518189268716753
16,10429,wdro_single,16,0,0,0.38456636485253137
16,10429,wdro_nominal_split_unconditional,16,0,0,0.27893864420429471
16,10430,nominal_single,16,0,0,0.15518189268716742
16,10430,nominal_split,16,0,0,0.15518189268716753
16,10430,wdro_single,16,0,0,0.38456636485253137
16,10430,wdro_nominal_split_unconditional,16,0,0,0.27893864420429471
16,10431,nominal_single,16,1,1,0.15518189268716742
16,10431,nominal_split,16,1,1,0.15518189268716753
16,10431,wdro_single,16,2,1,0.38456636485253137
16,10431,wdro_nominal_split_unconditional,16,2,1,0.27893864420429471
16,10432,nominal_single,16,0,0,0.15518189268716742
16,10432,nominal_split,16,0,0,0.15518189268716753
16,10432,wdro_single,16,0,0,0.38456636485253137
16,10432,wdro_nominal_split_unconditional,16,0,0,0.27893864420429471
16,10433,nominal_single,16,0,0,0.15518189268716742
16,10433,nominal_split,16,0,0,0.15518189268716753
16,10433,wdro_single,16,0,0,0.38456636485253137
16,10433,wdro_nominal_split_unconditional,16,0,0,0.27893864420429471
16,10434,nominal_single,16,0,0,0.15518189268716742
16,10434,nominal_split,16,0,0,0.15518189268716753
16,10434,wdro_single,16,0,0,0.38456636485253137
16,10434,wdro_nominal_split_unconditional,16,0,0,0.27893864420429471
16,10435,nominal_single,16,0,0,0.15518189268716742
16,10435,nominal_split,16,0,0,0.15518189268716753
16,10435,wdro_single,16,1,1,0.38456636485253137
16,10435,wdro_nominal_split_unconditional,16,1,1,0.27893864420429471
16,10436,nominal_single,16,0,0,0.15518189268716742
16,10436,nominal_split,16,0,0,0.15518189268716753
16,10436,wdro_single,16,1,1,0.38456636485253137
16,10436,wdro_nominal_split_unconditional,16,1,1,0.27893864420429471
16,10437,nominal_single,16,0,0,0.15518189268716742
16,10437,nominal_split,16,0,0,0.15518189268716753
16,10437,wdro_single,16,0,0,0.38456636485253137
16,10437,wdro_nominal_split_unconditional,16,0,0,0.27893864420429471
16,10438,nominal_single,16,0,0,0.15518189268716742
16,10438,nominal_split,16,0,0,0.15518189268716753
16,10438,wdro_single,16,1,1,0.38456636485253137
16,10438,wdro_nominal_split_unconditional,16,1,1,0.27893864420429471
16,10439,nominal_single,16,0,0,0.15518189268716742
16,10439,nominal_split,16,0,0,0.15518189268716753
16,10439,wdro_single,16,0,0,0.38456636485253137
16,10439,wdro_nominal_split_unconditional,16,0,0,0.27893864420429471
16,10440,nominal_single,16,0,0,0.15518189268716742
16,10440,nominal_split,16,0,0,0.15518189268716753
16,10440,wdro_single,16,0,0,0.38456636485253137
16,10440,wdro_nominal_split_unconditional,16,0,0,0.27893864420429471
16,10441,nominal_single,16,0,0,0.15518189268716742
16,10441,nominal_split,16,0,0,0.15518189268716753
16,10441,wdro_single,16,1,1,0.38456636485253137
16,10441,wdro_nominal_split_unconditional,16,1,1,0.27893864420429471
16,10442,nominal_single,16,0,0,0.15518189268716742
16,10442,nominal_split,16,0,0,0.15518189268716753
16,10442,wdro_single,16,0,0,0.38456636485253137
16,10442,wdro_nominal_split_unconditional,16,0,0,0.27893864420429471
16,10443,nominal_single,16,0,0,0.15518189268716742
16,10443,nominal_split,16,0,0,0.15518189268716753
16,10443,wdro_single,16,0,0,0.38456636485253137
16,10443,wdro_nominal_split_unconditional,16,0,0,0.27893864420429471
16,10444,nominal_single,16,2,1,0.15518189268716742
16,10444,nominal_split,16,2,1,0.15518189268716753
16,10444,wdro_single,16,2,1,0.38456636485253137
16,10444,wdro_nominal_split_unconditional,16,2,1,0.27893864420429471
16,10445,nominal_single,16,1,1,0.15518189268716742
16,10445,nominal_split,16,1,1,0.15518189268716753
16,10445,wdro_single,16,1,1,0.38456636485253137
16,10445,wdro_nominal_split_unconditional,16,1,1,0.27893864420429471
16,10446,nominal_single,16,1,1,0.15518189268716742
16,10446,nominal_split,16,1,1,0.15518189268716753
16,10446,wdro_single,16,2,1,0.38456636485253137
16,10446,wdro_nominal_split_unconditional,16,2,1,0.27893864420429471
16,10447,nominal_single,16,0,0,0.15518189268716742
16,10447,nominal_split,16,0,0,0.15518189268716753
16,10447,wdro_single,16,0,0,0.38456636485253137
16,10447,wdro_nominal_split_unconditional,16,0,0,0.27893864420429471
16,10448,nominal_single,16,0,0,0.15518189268716742
16,10448,nominal_split,16,0,0,0.15518189268716753
16,10448,wdro_single,16,0,0,0.38456636485253137
16,10448,wdro_nominal_split_unconditional,16,0,0,0.27893864420429471
16,10449,nominal_single,16,0,0,0.15518189268716742
16,10449,nominal_split,16,0,0,0.15518189268716753
16,10449,wdro_single,16,1,1,0.38456636485253137
16,10449,wdro_nominal_split_unconditional,16,1,1,0.27893864420429471
16,10450,nominal_single,16,1,1,0.15518189268716742
16,10450,nominal_split,16,1,1,0.15518189268716753
16,10450,wdro_single,16,1,1,0.38456636485253137
16,10450,wdro_nominal_split_unconditional,16,1,1,0.27893864420429471
16,10451,nominal_single,16,0,0,0.15518189268716742
16,10451,nominal_split,16,0,0,0.15518189268716753
16,10451,wdro_single,16,0,0,0.38456636485253137
16,10451,wdro_nominal_split_unconditional,16,0,0,0.27893864420429471
16,10452,nominal_single,16,0,0,0.15518189268716742
16,10452,nominal_split,16,0,0,0.15518189268716753
16,10452,wdro_single,16,0,0,0.38456636485253137
16,10452,wdro_nominal_split_unconditional,16,0,0,0.27893864420429471
16,10453,nominal_single,16,0,0,0.15518189268716742
16,10453,nominal_split,16,0,0,0.15518189268716753
16,10453,wdro_single,16,0,0,0.38456636485253137
16,10453,wdro_nominal_split_unconditional,16,0,0,0.27893864420429471
16,10454,nominal_single,16,0,0,0.15518189268716742
16,10454,nominal_split,16,0,0,0.15518189268716753
16,10454,wdro_single,16,0,0,0.38456636485253137
16,10454,wdro_nominal_split_unconditional,16,0,0,0.27893864420429471
16,10455,nominal_single,16,0,0,0.15518189268716742
16,10455,nominal_split,16,0,0,0.15518189268716753
16,10455,wdro_single,16,0,0,0.38456636485253137
16,10455,wdro_nominal_split_unconditional,16,0,0,0.27893864420429471
16,10456,nominal_single,16,1,1,0.15518189268716742
16,10456,nominal_split,16,1,1,0.15518189268716753
16,10456,wdro_single,16,1,1,0.38456636485253137
16,10456,wdro_nominal_split_unconditional,16,1,1,0.27893864420429471
16,10457,nominal_single,16,0,0,0.15518189268716742
16,10457,nominal_split,16,0,0,0.15518189268716753
16,10457,wdro_single,16,0,0,0.38456636485253137
16,10457,wdro_nominal_split_unconditional,16,0,0,0.27893864420429471
16,10458,nominal_single,16,0,0,0.15518189268716742
16,10458,nominal_split,16,0,0,0.15518189268716753
16,10458,wdro_single,16,0,0,0.38456636485253137
16,10458,wdro_nominal_split_unconditional,16,0,0,0.27893864420429471
16,10459,nominal_single,16,0,0,0.15518189268716742
16,10459,nominal_split,16,0,0,0.15518189268716753
16,10459,wdro_single,16,0,0,0.38456636485253137
16,10459,wdro_nominal_split_unconditional,16,0,0,0.27893864420429471
16,10460,nominal_single,16,0,0,0.15518189268716742
16,10460,nominal_split,16,0,0,0.15518189268716753
16,10460,wdro_single,16,0,0,0.38456636485253137
16,10460,wdro_nominal_split_unconditional,16,0,0,0.27893864420429471
16,10461,nominal_single,16,0,0,0.15518189268716742
16,10461,nominal_split,16,0,0,0.15518189268716753
16,10461,wdro_single,16,0,0,0.38456636485253137
16,10461,wdro_nominal_split_unconditional,16,0,0,0.27893864420429471
16,10462,nominal_single,16,0,0,0.15518189268716742
16,10462,nominal_split,16,0,0,0.15518189268716753
16,10462,wdro_single,16,0,0,0.38456636485253137
16,10462,wdro_nominal_split_unconditional,16,0,0,0.27893864420429471
16,10463,nominal_single,16,0,0,0.15518189268716742
16,10463,nominal_split,16,0,0,0.15518189268716753
16,10463,wdro_single,16,0,0,0.38456636485253137
16,10463,wdro_nominal_split_unconditional,16,0,0,0.27893864420429471
16,10464,nominal_single,16,0,0,0.15518189268716742
16,10464,nominal_split,16,0,0,0.15518189268716753
16,10464,wdro_single,16,1,1,0.38456636485253137
16,10464,wdro_nominal_split_unconditional,16,1,1,0.27893864420429471
16,10465,nominal_single,16,0,0,0.15518189268716742
16,10465,nominal_split,16,0,0,0.15518189268716753
16,10465,wdro_single,16,1,1,0.38456636485253137
16,10465,wdro_nominal_split_unconditional,16,0,0,0.27893864420429471
16,10466,nominal_single,16,0,0,0.15518189268716742
16,10466,nominal_split,16,0,0,0.15518189268716753
16,10466,wdro_single,16,1,1,0.38456636485253137
16,10466,wdro_nominal_split_unconditional,16,0,0,0.27893864420429471
16,10467,nominal_single,16,0,0,0.15518189268716742
16,10467,nominal_split,16,0,0,0.15518189268716753
16,10467,wdro_single,16,0,0,0.38456636485253137
16,10467,wdro_nominal_split_unconditional,16,0,0,0.27893864420429471
16,10468,nominal_single,16,0,0,0.15518189268716742
16,10468,nominal_split,16,0,0,0.15518189268716753
16,10468,wdro_single,16,0,0,0.38456636485253137
16,10468,wdro_nominal_split_unconditional,16,0,0,0.27893864420429471
16,10469,nominal_single,16,0,0,0.15518189268716742
16,10469,nominal_split,16,0,0,0.15518189268716753
16,10469,wdro_single,16,0,0,0.38456636485253137
16,10469,wdro_nominal_split_unconditional,16,0,0,0.27893864420429471
16,10470,nominal_single,16,0,0,0.15518189268716742
16,10470,nominal_split,16,0,0,0.15518189268716753
16,10470,wdro_single,16,0,0,0.38456636485253137
16,10470,wdro_nominal_split_unconditional,16,0,0,0.27893864420429471
16,10471,nominal_single,16,0,0,0.15518189268716742
16,10471,nominal_split,16,0,0,0.15518189268716753
16,10471,wdro_single,16,0,0,0.38456636485253137
16,10471,wdro_nominal_split_unconditional,16,0,0,0.27893864420429471
16,10472,nominal_single,16,0,0,0.15518189268716742
16,10472,nominal_split,16,0,0,0.15518189268716753
16,10472,wdro_single,16,0,0,0.38456636485253137
16,10472,wdro_nominal_split_unconditional,16,0,0,0.27893864420429471
16,10473,nominal_single,16,1,1,0.15518189268716742
16,10473,nominal_split,16,1,1,0.15518189268716753
16,10473,wdro_single,16,1,1,0.38456636485253137
16,10473,wdro_nominal_split_unconditional,16,1,1,0.27893864420429471
16,10474,nominal_single,16,0,0,0.15518189268716742
16,10474,nominal_split,16,0,0,0.15518189268716753
16,10474,wdro_single,16,1,1,0.38456636485253137
16,10474,wdro_nominal_split_unconditional,16,0,0,0.27893864420429471
16,10475,nominal_single,16,0,0,0.15518189268716742
16,10475,nominal_split,16,0,0,0.15518189268716753
16,10475,wdro_single,16,0,0,0.38456636485253137
16,10475,wdro_nominal_split_unconditional,16,0,0,0.27893864420429471
16,10476,nominal_single,16,1,1,0.15518189268716742
16,10476,nominal_split,16,1,1,0.15518189268716753
16,10476,wdro_single,16,1,1,0.38456636485253137
16,10476,wdro_nominal_split_unconditional,16,1,1,0.27893864420429471
16,10477,nominal_single,16,0,0,0.15518189268716742
16,10477,nominal_split,16,0,0,0.15518189268716753
16,10477,wdro_single,16,0,0,0.38456636485253137
16,10477,wdro_nominal_split_unconditional,16,0,0,0.27893864420429471
16,10478,nominal_single,16,0,0,0.15518189268716742
16,10478,nominal_split,16,0,0,0.15518189268716753
16,10478,wdro_single,16,0,0,0.38456636485253137
16,10478,wdro_nominal_split_unconditional,16,0,0,0.27893864420429471
16,10479,nominal_single,16,0,0,0.15518189268716742
16,10479,nominal_split,16,0,0,0.15518189268716753
16,10479,wdro_single,16,0,0,0.38456636485253137
16,10479,wdro_nominal_split_unconditional,16,0,0,0.27893864420429471
16,10480,nominal_single,16,0,0,0.15518189268716742
16,10480,nominal_split,16,0,0,0.15518189268716753
16,10480,wdro_single,16,0,0,0.38456636485253137
16,10480,wdro_nominal_split_unconditional,16,0,0,0.27893864420429471
16,10481,nominal_single,16,0,0,0.15518189268716742
16,10481,nominal_split,16,0,0,0.15518189268716753
16,10481,wdro_single,16,0,0,0.38456636485253137
16,10481,wdro_nominal_split_unconditional,16,0,0,0.27893864420429471
16,10482,nominal_single,16,0,0,0.15518189268716742
16,10482,nominal_split,16,0,0,0.15518189268716753
16,10482,wdro_single,16,2,1,0.38456636485253137
16,10482,wdro_nominal_split_unconditional,16,1,1,0.27893864420429471
16,10483,nominal_single,16,0,0,0.15518189268716742
16,10483,nominal_split,16,0,0,0.15518189268716753
16,10483,wdro_single,16,1,1,0.38456636485253137
16,10483,wdro_nominal_split_unconditional,16,1,1,0.27893864420429471
16,10484,nominal_single,16,0,0,0.15518189268716742
16,10484,nominal_split,16,0,0,0.15518189268716753
16,10484,wdro_single,16,1,1,0.38456636485253137
16,10484,wdro_nominal_split_unconditional,16,1,1,0.27893864420429471
16,10485,nominal_single,16,0,0,0.15518189268716742
16,10485,nominal_split,16,0,0,0.15518189268716753
16,10485,wdro_single,16,0,0,0.38456636485253137
16,10485,wdro_nominal_split_unconditional,16,0,0,0.27893864420429471
16,10486,nominal_single,16,1,1,0.15518189268716742
16,10486,nominal_split,16,1,1,0.15518189268716753
16,10486,wdro_single,16,1,1,0.38456636485253137
16,10486,wdro_nominal_split_unconditional,16,1,1,0.27893864420429471
16,10487,nominal_single,16,0,0,0.15518189268716742
16,10487,nominal_split,16,0,0,0.15518189268716753
16,10487,wdro_single,16,0,0,0.38456636485253137
16,10487,wdro_nominal_split_unconditional,16,0,0,0.27893864420429471
16,10488,nominal_single,16,0,0,0.15518189268716742
16,10488,nominal_split,16,0,0,0.15518189268716753
16,10488,wdro_single,16,0,0,0.38456636485253137
16,10488,wdro_nominal_split_unconditional,16,0,0,0.27893864420429471
16,10489,nominal_single,16,1,1,0.15518189268716742
16,10489,nominal_split,16,1,1,0.15518189268716753
16,10489,wdro_single,16,1,1,0.38456636485253137
16,10489,wdro_nominal_split_unconditional,16,1,1,0.27893864420429471
16,10490,nominal_single,16,0,0,0.15518189268716742
16,10490,nominal_split,16,0,0,0.15518189268716753
16,10490,wdro_single,16,0,0,0.38456636485253137
16,10490,wdro_nominal_split_unconditional,16,0,0,0.27893864420429471
16,10491,nominal_single,16,0,0,0.15518189268716742
16,10491,nominal_split,16,0,0,0.15518189268716753
16,10491,wdro_single,16,0,0,0.38456636485253137
16,10491,wdro_nominal_split_unconditional,16,0,0,0.27893864420429471
16,10492,nominal_single,16,0,0,0.15518189268716742
16,10492,nominal_split,16,0,0,0.15518189268716753
16,10492,wdro_single,16,1,1,0.38456636485253137
16,10492,wdro_nominal_split_unconditional,16,0,0,0.27893864420429471
16,10493,nominal_single,16,0,0,0.15518189268716742
16,10493,nominal_split,16,0,0,0.15518189268716753
16,10493,wdro_single,16,1,1,0.38456636485253137
16,10493,wdro_nominal_split_unconditional,16,1,1,0.27893864420429471
16,10494,nominal_single,16,0,0,0.15518189268716742
16,10494,nominal_split,16,0,0,0.15518189268716753
16,10494,wdro_single,16,0,0,0.38456636485253137
16,10494,wdro_nominal_split_unconditional,16,0,0,0.27893864420429471
16,10495,nominal_single,16,0,0,0.15518189268716742
16,10495,nominal_split,16,0,0,0.15518189268716753
16,10495,wdro_single,16,0,0,0.38456636485253137
16,10495,wdro_nominal_split_unconditional,16,0,0,0.27893864420429471
16,10496,nominal_single,16,0,0,0.15518189268716742
16,10496,nominal_split,16,0,0,0.15518189268716753
16,10496,wdro_single,16,0,0,0.38456636485253137
16,10496,wdro_nominal_split_unconditional,16,0,0,0.27893864420429471
16,10497,nominal_single,16,1,1,0.15518189268716742
16,10497,nominal_split,16,1,1,0.15518189268716753
16,10497,wdro_single,16,2,1,0.38456636485253137
16,10497,wdro_nominal_split_unconditional,16,1,1,0.27893864420429471
16,10498,nominal_single,16,0,0,0.15518189268716742
16,10498,nominal_split,16,0,0,0.15518189268716753
16,10498,wdro_single,16,0,0,0.38456636485253137
16,10498,wdro_nominal_split_unconditional,16,0,0,0.27893864420429471
16,10499,nominal_single,16,0,0,0.15518189268716742
16,10499,nominal_split,16,0,0,0.15518189268716753
16,10499,wdro_single,16,0,0,0.38456636485253137
16,10499,wdro_nominal_split_unconditional,16,0,0,0.27893864420429471
16,10500,nominal_single,16,0,0,0.15518189268716742
16,10500,nominal_split,16,0,0,0.15518189268716753
16,10500,wdro_single,16,0,0,0.38456636485253137
16,10500,wdro_nominal_split_unconditional,16,0,0,0.27893864420429471
40,10001,nominal_single,40,1,1,0.34399366366366013
40,10001,nominal_split,40,1,1,0.34399366366366013
40,10001,wdro_single,40,1,1,0.70286550708998785
40,10001,wdro_nominal_split_unconditional,40,1,1,0.55850015844504175
40,10002,nominal_single,40,0,0,0.34399366366366013
40,10002,nominal_split,40,0,0,0.34399366366366013
40,10002,wdro_single,40,1,1,0.70286550708998785
40,10002,wdro_nominal_split_unconditional,40,1,1,0.55850015844504175
40,10003,nominal_single,40,0,0,0.34399366366366013
40,10003,nominal_split,40,0,0,0.34399366366366013
40,10003,wdro_single,40,0,0,0.70286550708998785
40,10003,wdro_nominal_split_unconditional,40,0,0,0.55850015844504175
40,10004,nominal_single,40,2,1,0.34399366366366013
40,10004,nominal_split,40,2,1,0.34399366366366013
40,10004,wdro_single,40,3,1,0.70286550708998785
40,10004,wdro_nominal_split_unconditional,40,3,1,0.55850015844504175
40,10005,nominal_single,40,0,0,0.34399366366366013
40,10005,nominal_split,40,0,0,0.34399366366366013
40,10005,wdro_single,40,1,1,0.70286550708998785
40,10005,wdro_nominal_split_unconditional,40,0,0,0.55850015844504175
40,10006,nominal_single,40,0,0,0.34399366366366013
40,10006,nominal_split,40,0,0,0.34399366366366013
40,10006,wdro_single,40,1,1,0.70286550708998785
40,10006,wdro_nominal_split_unconditional,40,0,0,0.55850015844504175
40,10007,nominal_single,40,0,0,0.34399366366366013
40,10007,nominal_split,40,0,0,0.34399366366366013
40,10007,wdro_single,40,0,0,0.70286550708998785
40,10007,wdro_nominal_split_unconditional,40,0,0,0.55850015844504175
40,10008,nominal_single,40,1,1,0.34399366366366013
40,10008,nominal_split,40,1,1,0.34399366366366013
40,10008,wdro_single,40,1,1,0.70286550708998785
40,10008,wdro_nominal_split_unconditional,40,1,1,0.55850015844504175
40,10009,nominal_single,40,0,0,0.34399366366366013
40,10009,nominal_split,40,0,0,0.34399366366366013
40,10009,wdro_single,40,1,1,0.70286550708998785
40,10009,wdro_nominal_split_unconditional,40,1,1,0.55850015844504175
40,10010,nominal_single,40,0,0,0.34399366366366013
40,10010,nominal_split,40,0,0,0.34399366366366013
40,10010,wdro_single,40,0,0,0.70286550708998785
40,10010,wdro_nominal_split_unconditional,40,0,0,0.55850015844504175
40,10011,nominal_single,40,1,1,0.34399366366366013
40,10011,nominal_split,40,1,1,0.34399366366366013
40,10011,wdro_single,40,1,1,0.70286550708998785
40,10011,wdro_nominal_split_unconditional,40,1,1,0.55850015844504175
40,10012,nominal_single,40,0,0,0.34399366366366013
40,10012,nominal_split,40,0,0,0.34399366366366013
40,10012,wdro_single,40,2,1,0.70286550708998785
40,10012,wdro_nominal_split_unconditional,40,2,1,0.55850015844504175
40,10013,nominal_single,40,1,1,0.34399366366366013
40,10013,nominal_split,40,1,1,0.34399366366366013
40,10013,wdro_single,40,2,1,0.70286550708998785
40,10013,wdro_nominal_split_unconditional,40,2,1,0.55850015844504175
40,10014,nominal_single,40,1,1,0.34399366366366013
40,10014,nominal_split,40,1,1,0.34399366366366013
40,10014,wdro_single,40,3,1,0.70286550708998785
40,10014,wdro_nominal_split_unconditional,40,3,1,0.55850015844504175
40,10015,nominal_single,40,0,0,0.34399366366366013
40,10015,nominal_split,40,0,0,0.34399366366366013
40,10015,wdro_single,40,1,1,0.70286550708998785
40,10015,wdro_nominal_split_unconditional,40,0,0,0.55850015844504175
40,10016,nominal_single,40,0,0,0.34399366366366013
40,10016,nominal_split,40,0,0,0.34399366366366013
40,10016,wdro_single,40,1,1,0.70286550708998785
40,10016,wdro_nominal_split_unconditional,40,1,1,0.55850015844504175
40,10017,nominal_single,40,0,0,0.34399366366366013
40,10017,nominal_split,40,0,0,0.34399366366366013
40,10017,wdro_single,40,1,1,0.70286550708998785
40,10017,wdro_nominal_split_unconditional,40,0,0,0.55850015844504175
40,10018,nominal_single,40,0,0,0.34399366366366013
40,10018,nominal_split,40,0,0,0.34399366366366013
40,10018,wdro_single,40,1,1,0.70286550708998785
40,10018,wdro_nominal_split_unconditional,40,1,1,0.55850015844504175
40,10019,nominal_single,40,0,0,0.34399366366366013
40,10019,nominal_split,40,0,0,0.34399366366366013
40,10019,wdro_single,40,0,0,0.70286550708998785
40,10019,wdro_nominal_split_unconditional,40,0,0,0.55850015844504175
40,10020,nominal_single,40,0,0,0.34399366366366013
40,10020,nominal_split,40,0,0,0.34399366366366013
40,10020,wdro_single,40,0,0,0.70286550708998785
40,10020,wdro_nominal_split_unconditional,40,0,0,0.55850015844504175
40,10021,nominal_single,40,1,1,0.34399366366366013
40,10021,nominal_split,40,1,1,0.34399366366366013
40,10021,wdro_single,40,2,1,0.70286550708998785
40,10021,wdro_nominal_split_unconditional,40,2,1,0.55850015844504175
40,10022,nominal_single,40,0,0,0.34399366366366013
40,10022,nominal_split,40,0,0,0.34399366366366013
40,10022,wdro_single,40,2,1,0.70286550708998785
40,10022,wdro_nominal_split_unconditional,40,0,0,0.55850015844504175
40,10023,nominal_single,40,1,1,0.34399366366366013
40,10023,nominal_split,40,1,1,0.34399366366366013
40,10023,wdro_single,40,1,1,0.70286550708998785
40,10023,wdro_nominal_split_unconditional,40,1,1,0.55850015844504175
40,10024,nominal_single,40,3,1,0.34399366366366013
40,10024,nominal_split,40,3,1,0.34399366366366013
40,10024,wdro_single,40,4,1,0.70286550708998785
40,10024,wdro_nominal_split_unconditional,40,4,1,0.55850015844504175
40,10025,nominal_single,40,0,0,0.34399366366366013
40,10025,nominal_split,40,0,0,0.34399366366366013
40,10025,wdro_single,40,1,1,0.70286550708998785
40,10025,wdro_nominal_split_unconditional,40,1,1,0.55850015844504175
40,10026,nominal_single,40,0,0,0.34399366366366013
40,10026,nominal_split,40,0,0,0.34399366366366013
40,10026,wdro_single,40,1,1,0.70286550708998785
40,10026,wdro_nominal_split_unconditional,40,0,0,0.55850015844504175
40,10027,nominal_single,40,0,0,0.34399366366366013
40,10027,nominal_split,40,0,0,0.34399366366366013
40,10027,wdro_single,40,0,0,0.70286550708998785
40,10027,wdro_nominal_split_unconditional,40,0,0,0.55850015844504175
40,10028,nominal_single,40,0,0,0.34399366366366013
40,10028,nominal_split,40,0,0,0.34399366366366013
40,10028,wdro_single,40,0,0,0.70286550708998785
40,10028,wdro_nominal_split_unconditional,40,0,0,0.55850015844504175
40,10029,nominal_single,40,1,1,0.34399366366366013
40,10029,nominal_split,40,1,1,0.34399366366366013
40,10029,wdro_single,40,1,1,0.70286550708998785
40,10029,wdro_nominal_split_unconditional,40,1,1,0.55850015844504175
40,10030,nominal_single,40,0,0,0.34399366366366013
40,10030,nominal_split,40,0,0,0.34399366366366013
40,10030,wdro_single,40,1,1,0.70286550708998785
40,10030,wdro_nominal_split_unconditional,40,1,1,0.55850015844504175
40,10031,nominal_single,40,1,1,0.34399366366366013
40,10031,nominal_split,40,1,1,0.34399366366366013
40,10031,wdro_single,40,2,1,0.70286550708998785
40,10031,wdro_nominal_split_unconditional,40,2,1,0.55850015844504175
40,10032,nominal_single,40,1,1,0.34399366366366013
40,10032,nominal_split,40,1,1,0.34399366366366013
40,10032,wdro_single,40,2,1,0.70286550708998785
40,10032,wdro_nominal_split_unconditional,40,2,1,0.55850015844504175
40,10033,nominal_single,40,0,0,0.34399366366366013
40,10033,nominal_split,40,0,0,0.34399366366366013
40,10033,wdro_single,40,1,1,0.70286550708998785
40,10033,wdro_nominal_split_unconditional,40,0,0,0.55850015844504175
40,10034,nominal_single,40,0,0,0.34399366366366013
40,10034,nominal_split,40,0,0,0.34399366366366013
40,10034,wdro_single,40,0,0,0.70286550708998785
40,10034,wdro_nominal_split_unconditional,40,0,0,0.55850015844504175
40,10035,nominal_single,40,0,0,0.34399366366366013
40,10035,nominal_split,40,0,0,0.34399366366366013
40,10035,wdro_single,40,0,0,0.70286550708998785
40,10035,wdro_nominal_split_unconditional,40,0,0,0.55850015844504175
40,10036,nominal_single,40,0,0,0.34399366366366013
40,10036,nominal_split,40,0,0,0.34399366366366013
40,10036,wdro_single,40,0,0,0.70286550708998785
40,10036,wdro_nominal_split_unconditional,40,0,0,0.55850015844504175
40,10037,nominal_single,40,0,0,0.34399366366366013
40,10037,nominal_split,40,0,0,0.34399366366366013
40,10037,wdro_single,40,1,1,0.70286550708998785
40,10037,wdro_nominal_split_unconditional,40,0,0,0.55850015844504175
40,10038,nominal_single,40,0,0,0.34399366366366013
40,10038,nominal_split,40,0,0,0.34399366366366013
40,10038,wdro_single,40,1,1,0.70286550708998785
40,10038,wdro_nominal_split_unconditional,40,1,1,0.55850015844504175
40,10039,nominal_single,40,0,0,0.34399366366366013
40,10039,nominal_split,40,0,0,0.34399366366366013
40,10039,wdro_single,40,0,0,0.70286550708998785
40,10039,wdro_nominal_split_unconditional,40,0,0,0.55850015844504175
40,10040,nominal_single,40,0,0,0.34399366366366013
40,10040,nominal_split,40,0,0,0.34399366366366013
40,10040,wdro_single,40,3,1,0.70286550708998785
40,10040,wdro_nominal_split_unconditional,40,2,1,0.55850015844504175
40,10041,nominal_single,40,0,0,0.34399366366366013
40,10041,nominal_split,40,0,0,0.34399366366366013
40,10041,wdro_single,40,0,0,0.70286550708998785
40,10041,wdro_nominal_split_unconditional,40,0,0,0.55850015844504175
40,10042,nominal_single,40,1,1,0.34399366366366013
40,10042,nominal_split,40,1,1,0.34399366366366013
40,10042,wdro_single,40,1,1,0.70286550708998785
40,10042,wdro_nominal_split_unconditional,40,1,1,0.55850015844504175
40,10043,nominal_single,40,0,0,0.34399366366366013
40,10043,nominal_split,40,0,0,0.34399366366366013
40,10043,wdro_single,40,0,0,0.70286550708998785
40,10043,wdro_nominal_split_unconditional,40,0,0,0.55850015844504175
40,10044,nominal_single,40,2,1,0.34399366366366013
40,10044,nominal_split,40,2,1,0.34399366366366013
40,10044,wdro_single,40,2,1,0.70286550708998785
40,10044,wdro_nominal_split_unconditional,40,2,1,0.55850015844504175
40,10045,nominal_single,40,0,0,0.34399366366366013
40,10045,nominal_split,40,0,0,0.34399366366366013
40,10045,wdro_single,40,0,0,0.70286550708998785
40,10045,wdro_nominal_split_unconditional,40,0,0,0.55850015844504175
40,10046,nominal_single,40,0,0,0.34399366366366013
40,10046,nominal_split,40,0,0,0.34399366366366013
40,10046,wdro_single,40,1,1,0.70286550708998785
40,10046,wdro_nominal_split_unconditional,40,1,1,0.55850015844504175
40,10047,nominal_single,40,0,0,0.34399366366366013
40,10047,nominal_split,40,0,0,0.34399366366366013
40,10047,wdro_single,40,2,1,0.70286550708998785
40,10047,wdro_nominal_split_unconditional,40,2,1,0.55850015844504175
40,10048,nominal_single,40,0,0,0.34399366366366013
40,10048,nominal_split,40,0,0,0.34399366366366013
40,10048,wdro_single,40,0,0,0.70286550708998785
40,10048,wdro_nominal_split_unconditional,40,0,0,0.55850015844504175
40,10049,nominal_single,40,0,0,0.34399366366366013
40,10049,nominal_split,40,0,0,0.34399366366366013
40,10049,wdro_single,40,2,1,0.70286550708998785
40,10049,wdro_nominal_split_unconditional,40,0,0,0.55850015844504175
40,10050,nominal_single,40,0,0,0.34399366366366013
40,10050,nominal_split,40,0,0,0.34399366366366013
40,10050,wdro_single,40,3,1,0.70286550708998785
40,10050,wdro_nominal_split_unconditional,40,1,1,0.55850015844504175
40,10051,nominal_single,40,0,0,0.34399366366366013
40,10051,nominal_split,40,0,0,0.34399366366366013
40,10051,wdro_single,40,4,1,0.70286550708998785
40,10051,wdro_nominal_split_unconditional,40,2,1,0.55850015844504175
40,10052,nominal_single,40,1,1,0.34399366366366013
40,10052,nominal_split,40,1,1,0.34399366366366013
40,10052,wdro_single,40,1,1,0.70286550708998785
40,10052,wdro_nominal_split_unconditional,40,1,1,0.55850015844504175
40,10053,nominal_single,40,0,0,0.34399366366366013
40,10053,nominal_split,40,0,0,0.34399366366366013
40,10053,wdro_single,40,2,1,0.70286550708998785
40,10053,wdro_nominal_split_unconditional,40,2,1,0.55850015844504175
40,10054,nominal_single,40,0,0,0.34399366366366013
40,10054,nominal_split,40,0,0,0.34399366366366013
40,10054,wdro_single,40,0,0,0.70286550708998785
40,10054,wdro_nominal_split_unconditional,40,0,0,0.55850015844504175
40,10055,nominal_single,40,2,1,0.34399366366366013
40,10055,nominal_split,40,2,1,0.34399366366366013
40,10055,wdro_single,40,2,1,0.70286550708998785
40,10055,wdro_nominal_split_unconditional,40,2,1,0.55850015844504175
40,10056,nominal_single,40,1,1,0.34399366366366013
40,10056,nominal_split,40,1,1,0.34399366366366013
40,10056,wdro_single,40,3,1,0.70286550708998785
40,10056,wdro_nominal_split_unconditional,40,3,1,0.55850015844504175
40,10057,nominal_single,40,2,1,0.34399366366366013
40,10057,nominal_split,40,2,1,0.34399366366366013
40,10057,wdro_single,40,2,1,0.70286550708998785
40,10057,wdro_nominal_split_unconditional,40,2,1,0.55850015844504175
40,10058,nominal_single,40,0,0,0.34399366366366013
40,10058,nominal_split,40,0,0,0.34399366366366013
40,10058,wdro_single,40,1,1,0.70286550708998785
40,10058,wdro_nominal_split_unconditional,40,0,0,0.55850015844504175
40,10059,nominal_single,40,2,1,0.34399366366366013
40,10059,nominal_split,40,2,1,0.34399366366366013
40,10059,wdro_single,40,2,1,0.70286550708998785
40,10059,wdro_nominal_split_unconditional,40,2,1,0.55850015844504175
40,10060,nominal_single,40,1,1,0.34399366366366013
40,10060,nominal_split,40,1,1,0.34399366366366013
40,10060,wdro_single,40,3,1,0.70286550708998785
40,10060,wdro_nominal_split_unconditional,40,2,1,0.55850015844504175
40,10061,nominal_single,40,1,1,0.34399366366366013
40,10061,nominal_split,40,1,1,0.34399366366366013
40,10061,wdro_single,40,3,1,0.70286550708998785
40,10061,wdro_nominal_split_unconditional,40,2,1,0.55850015844504175
40,10062,nominal_single,40,0,0,0.34399366366366013
40,10062,nominal_split,40,0,0,0.34399366366366013
40,10062,wdro_single,40,1,1,0.70286550708998785
40,10062,wdro_nominal_split_unconditional,40,1,1,0.55850015844504175
40,10063,nominal_single,40,2,1,0.34399366366366013
40,10063,nominal_split,40,2,1,0.34399366366366013
40,10063,wdro_single,40,2,1,0.70286550708998785
40,10063,wdro_nominal_split_unconditional,40,2,1,0.55850015844504175
40,10064,nominal_single,40,0,0,0.34399366366366013
40,10064,nominal_split,40,0,0,0.34399366366366013
40,10064,wdro_single,40,0,0,0.70286550708998785
40,10064,wdro_nominal_split_unconditional,40,0,0,0.55850015844504175
40,10065,nominal_single,40,0,0,0.34399366366366013
40,10065,nominal_split,40,0,0,0.34399366366366013
40,10065,wdro_single,40,0,0,0.70286550708998785
40,10065,wdro_nominal_split_unconditional,40,0,0,0.55850015844504175
40,10066,nominal_single,40,2,1,0.34399366366366013
40,10066,nominal_split,40,2,1,0.34399366366366013
40,10066,wdro_single,40,4,1,0.70286550708998785
40,10066,wdro_nominal_split_unconditional,40,3,1,0.55850015844504175
40,10067,nominal_single,40,0,0,0.34399366366366013
40,10067,nominal_split,40,0,0,0.34399366366366013
40,10067,wdro_single,40,0,0,0.70286550708998785
40,10067,wdro_nominal_split_unconditional,40,0,0,0.55850015844504175
40,10068,nominal_single,40,0,0,0.34399366366366013
40,10068,nominal_split,40,0,0,0.34399366366366013
40,10068,wdro_single,40,0,0,0.70286550708998785
40,10068,wdro_nominal_split_unconditional,40,0,0,0.55850015844504175
40,10069,nominal_single,40,0,0,0.34399366366366013
40,10069,nominal_split,40,0,0,0.34399366366366013
40,10069,wdro_single,40,1,1,0.70286550708998785
40,10069,wdro_nominal_split_unconditional,40,0,0,0.55850015844504175
40,10070,nominal_single,40,0,0,0.34399366366366013
40,10070,nominal_split,40,0,0,0.34399366366366013
40,10070,wdro_single,40,2,1,0.70286550708998785
40,10070,wdro_nominal_split_unconditional,40,0,0,0.55850015844504175
40,10071,nominal_single,40,0,0,0.34399366366366013
40,10071,nominal_split,40,0,0,0.34399366366366013
40,10071,wdro_single,40,2,1,0.70286550708998785
40,10071,wdro_nominal_split_unconditional,40,1,1,0.55850015844504175
40,10072,nominal_single,40,0,0,0.34399366366366013
40,10072,nominal_split,40,0,0,0.34399366366366013
40,10072,wdro_single,40,0,0,0.70286550708998785
40,10072,wdro_nominal_split_unconditional,40,0,0,0.55850015844504175
40,10073,nominal_single,40,0,0,0.34399366366366013
40,10073,nominal_split,40,0,0,0.34399366366366013
40,10073,wdro_single,40,2,1,0.70286550708998785
40,10073,wdro_nominal_split_unconditional,40,1,1,0.55850015844504175
40,10074,nominal_single,40,2,1,0.34399366366366013
40,10074,nominal_split,40,2,1,0.34399366366366013
40,10074,wdro_single,40,3,1,0.70286550708998785
40,10074,wdro_nominal_split_unconditional,40,2,1,0.55850015844504175
40,10075,nominal_single,40,0,0,0.34399366366366013
40,10075,nominal_split,40,0,0,0.34399366366366013
40,10075,wdro_single,40,1,1,0.70286550708998785
40,10075,wdro_nominal_split_unconditional,40,0,0,0.55850015844504175
40,10076,nominal_single,40,0,0,0.34399366366366013
40,10076,nominal_split,40,0,0,0.34399366366366013
40,10076,wdro_single,40,0,0,0.70286550708998785
40,10076,wdro_nominal_split_unconditional,40,0,0,0.55850015844504175
40,10077,nominal_single,40,0,0,0.34399366366366013
40,10077,nominal_split,40,0,0,0.34399366366366013
40,10077,wdro_single,40,1,1,0.70286550708998785
40,10077,wdro_nominal_split_unconditional,40,0,0,0.55850015844504175
40,10078,nominal_single,40,0,0,0.34399366366366013
40,10078,nominal_split,40,0,0,0.34399366366366013
40,10078,wdro_single,40,0,0,0.70286550708998785
40,10078,wdro_nominal_split_unconditional,40,0,0,0.55850015844504175
40,10079,nominal_single,40,0,0,0.34399366366366013
40,10079,nominal_split,40,0,0,0.34399366366366013
40,10079,wdro_single,40,2,1,0.70286550708998785
40,10079,wdro_nominal_split_unconditional,40,1,1,0.55850015844504175
40,10080,nominal_single,40,1,1,0.34399366366366013
40,10080,nominal_split,40,1,1,0.34399366366366013
40,10080,wdro_single,40,3,1,0.70286550708998785
40,10080,wdro_nominal_split_unconditional,40,1,1,0.55850015844504175
40,10081,nominal_single,40,1,1,0.34399366366366013
40,10081,nominal_split,40,1,1,0.34399366366366013
40,10081,wdro_single,40,2,1,0.70286550708998785
40,10081,wdro_nominal_split_unconditional,40,1,1,0.55850015844504175
40,10082,nominal_single,40,0,0,0.34399366366366013
40,10082,nominal_split,40,0,0,0.34399366366366013
40,10082,wdro_single,40,1,1,0.70286550708998785
40,10082,wdro_nominal_split_unconditional,40,0,0,0.55850015844504175
40,10083,nominal_single,40,0,0,0.34399366366366013
40,10083,nominal_split,40,0,0,0.34399366366366013
40,10083,wdro_single,40,0,0,0.70286550708998785
40,10083,wdro_nominal_split_unconditional,40,0,0,0.55850015844504175
40,10084,nominal_single,40,1,1,0.34399366366366013
40,10084,nominal_split,40,1,1,0.34399366366366013
40,10084,wdro_single,40,1,1,0.70286550708998785
40,10084,wdro_nominal_split_unconditional,40,1,1,0.55850015844504175
40,10085,nominal_single,40,0,0,0.34399366366366013
40,10085,nominal_split,40,0,0,0.34399366366366013
40,10085,wdro_single,40,2,1,0.70286550708998785
40,10085,wdro_nominal_split_unconditional,40,1,1,0.55850015844504175
40,10086,nominal_single,40,0,0,0.34399366366366013
40,10086,nominal_split,40,0,0,0.34399366366366013
40,10086,wdro_single,40,1,1,0.70286550708998785
40,10086,wdro_nominal_split_unconditional,40,1,1,0.55850015844504175
40,10087,nominal_single,40,0,0,0.34399366366366013
40,10087,nominal_split,40,0,0,0.34399366366366013
40,10087,wdro_single,40,0,0,0.70286550708998785
40,10087,wdro_nominal_split_unconditional,40,0,0,0.55850015844504175
40,10088,nominal_single,40,1,1,0.34399366366366013
40,10088,nominal_split,40,1,1,0.34399366366366013
40,10088,wdro_single,40,2,1,0.70286550708998785
40,10088,wdro_nominal_split_unconditional,40,2,1,0.55850015844504175
40,10089,nominal_single,40,0,0,0.34399366366366013
40,10089,nominal_split,40,0,0,0.34399366366366013
40,10089,wdro_single,40,1,1,0.70286550708998785
40,10089,wdro_nominal_split_unconditional,40,0,0,0.55850015844504175
40,10090,nominal_single,40,0,0,0.34399366366366013
40,10090,nominal_split,40,0,0,0.34399366366366013
40,10090,wdro_single,40,1,1,0.70286550708998785
40,10090,wdro_nominal_split_unconditional,40,1,1,0.55850015844504175
40,10091,nominal_single,40,1,1,0.34399366366366013
40,10091,nominal_split,40,1,1,0.34399366366366013
40,10091,wdro_single,40,1,1,0.70286550708998785
40,10091,wdro_nominal_split_unconditional,40,1,1,0.55850015844504175
40,10092,nominal_single,40,0,0,0.34399366366366013
40,10092,nominal_split,40,0,0,0.34399366366366013
40,10092,wdro_single,40,1,1,0.70286550708998785
40,10092,wdro_nominal_split_unconditional,40,1,1,0.55850015844504175
40,10093,nominal_single,40,1,1,0.34399366366366013
40,10093,nominal_split,40,1,1,0.34399366366366013
40,10093,wdro_single,40,2,1,0.70286550708998785
40,10093,wdro_nominal_split_unconditional,40,1,1,0.55850015844504175
40,10094,nominal_single,40,1,1,0.34399366366366013
40,10094,nominal_split,40,1,1,0.34399366366366013
40,10094,wdro_single,40,1,1,0.70286550708998785
40,10094,wdro_nominal_split_unconditional,40,1,1,0.55850015844504175
40,10095,nominal_single,40,3,1,0.34399366366366013
40,10095,nominal_split,40,3,1,0.34399366366366013
40,10095,wdro_single,40,4,1,0.70286550708998785
40,10095,wdro_nominal_split_unconditional,40,3,1,0.55850015844504175
40,10096,nominal_single,40,2,1,0.34399366366366013
40,10096,nominal_split,40,2,1,0.34399366366366013
40,10096,wdro_single,40,3,1,0.70286550708998785
40,10096,wdro_nominal_split_unconditional,40,2,1,0.55850015844504175
40,10097,nominal_single,40,1,1,0.34399366366366013
40,10097,nominal_split,40,1,1,0.34399366366366013
40,10097,wdro_single,40,1,1,0.70286550708998785
40,10097,wdro_nominal_split_unconditional,40,1,1,0.55850015844504175
40,10098,nominal_single,40,0,0,0.34399366366366013
40,10098,nominal_split,40,0,0,0.34399366366366013
40,10098,wdro_single,40,0,0,0.70286550708998785
40,10098,wdro_nominal_split_unconditional,40,0,0,0.55850015844504175
40,10099,nominal_single,40,0,0,0.34399366366366013
40,10099,nominal_split,40,0,0,0.34399366366366013
40,10099,wdro_single,40,1,1,0.70286550708998785
40,10099,wdro_nominal_split_unconditional,40,0,0,0.55850015844504175
40,10100,nominal_single,40,0,0,0.34399366366366013
40,10100,nominal_split,40,0,0,0.34399366366366013
40,10100,wdro_single,40,1,1,0.70286550708998785
40,10100,wdro_nominal_split_unconditional,40,0,0,0.55850015844504175
40,10101,nominal_single,40,0,0,0.34399366366366013
40,10101,nominal_split,40,0,0,0.34399366366366013
40,10101,wdro_single,40,1,1,0.70286550708998785
40,10101,wdro_nominal_split_unconditional,40,1,1,0.55850015844504175
40,10102,nominal_single,40,0,0,0.34399366366366013
40,10102,nominal_split,40,0,0,0.34399366366366013
40,10102,wdro_single,40,0,0,0.70286550708998785
40,10102,wdro_nominal_split_unconditional,40,0,0,0.55850015844504175
40,10103,nominal_single,40,1,1,0.34399366366366013
40,10103,nominal_split,40,1,1,0.34399366366366013
40,10103,wdro_single,40,2,1,0.70286550708998785
40,10103,wdro_nominal_split_unconditional,40,1,1,0.55850015844504175
40,10104,nominal_single,40,0,0,0.34399366366366013
40,10104,nominal_split,40,0,0,0.34399366366366013
40,10104,wdro_single,40,0,0,0.70286550708998785
40,10104,wdro_nominal_split_unconditional,40,0,0,0.55850015844504175
40,10105,nominal_single,40,1,1,0.34399366366366013
40,10105,nominal_split,40,1,1,0.34399366366366013
40,10105,wdro_single,40,1,1,0.70286550708998785
40,10105,wdro_nominal_split_unconditional,40,1,1,0.55850015844504175
40,10106,nominal_single,40,0,0,0.34399366366366013
40,10106,nominal_split,40,0,0,0.34399366366366013
40,10106,wdro_single,40,0,0,0.70286550708998785
40,10106,wdro_nominal_split_unconditional,40,0,0,0.55850015844504175
40,10107,nominal_single,40,0,0,0.34399366366366013
40,10107,nominal_split,40,0,0,0.34399366366366013
40,10107,wdro_single,40,3,1,0.70286550708998785
40,10107,wdro_nominal_split_unconditional,40,3,1,0.55850015844504175
40,10108,nominal_single,40,1,1,0.34399366366366013
40,10108,nominal_split,40,1,1,0.34399366366366013
40,10108,wdro_single,40,2,1,0.70286550708998785
40,10108,wdro_nominal_split_unconditional,40,1,1,0.55850015844504175
40,10109,nominal_single,40,1,1,0.34399366366366013
40,10109,nominal_split,40,1,1,0.34399366366366013
40,10109,wdro_single,40,1,1,0.70286550708998785
40,10109,wdro_nominal_split_unconditional,40,1,1,0.55850015844504175
40,10110,nominal_single,40,0,0,0.34399366366366013
40,10110,nominal_split,40,0,0,0.34399366366366013
40,10110,wdro_single,40,0,0,0.70286550708998785
40,10110,wdro_nominal_split_unconditional,40,0,0,0.55850015844504175
40,10111,nominal_single,40,0,0,0.34399366366366013
40,10111,nominal_split,40,0,0,0.34399366366366013
40,10111,wdro_single,40,0,0,0.70286550708998785
40,10111,wdro_nominal_split_unconditional,40,0,0,0.55850015844504175
40,10112,nominal_single,40,0,0,0.34399366366366013
40,10112,nominal_split,40,0,0,0.34399366366366013
40,10112,wdro_single,40,1,1,0.70286550708998785
40,10112,wdro_nominal_split_unconditional,40,1,1,0.55850015844504175
40,10113,nominal_single,40,0,0,0.34399366366366013
40,10113,nominal_split,40,0,0,0.34399366366366013
40,10113,wdro_single,40,1,1,0.70286550708998785
40,10113,wdro_nominal_split_unconditional,40,1,1,0.55850015844504175
40,10114,nominal_single,40,1,1,0.34399366366366013
40,10114,nominal_split,40,1,1,0.34399366366366013
40,10114,wdro_single,40,1,1,0.70286550708998785
40,10114,wdro_nominal_split_unconditional,40,1,1,0.55850015844504175
40,10115,nominal_single,40,1,1,0.34399366366366013
40,10115,nominal_split,40,1,1,0.34399366366366013
40,10115,wdro_single,40,4,1,0.70286550708998785
40,10115,wdro_nominal_split_unconditional,40,2,1,0.55850015844504175
40,10116,nominal_single,40,0,0,0.34399366366366013
40,10116,nominal_split,40,0,0,0.34399366366366013
40,10116,wdro_single,40,0,0,0.70286550708998785
40,10116,wdro_nominal_split_unconditional,40,0,0,0.55850015844504175
40,10117,nominal_single,40,0,0,0.34399366366366013
40,10117,nominal_split,40,0,0,0.34399366366366013
40,10117,wdro_single,40,1,1,0.70286550708998785
40,10117,wdro_nominal_split_unconditional,40,1,1,0.55850015844504175
40,10118,nominal_single,40,0,0,0.34399366366366013
40,10118,nominal_split,40,0,0,0.34399366366366013
40,10118,wdro_single,40,0,0,0.70286550708998785
40,10118,wdro_nominal_split_unconditional,40,0,0,0.55850015844504175
40,10119,nominal_single,40,0,0,0.34399366366366013
40,10119,nominal_split,40,0,0,0.34399366366366013
40,10119,wdro_single,40,2,1,0.70286550708998785
40,10119,wdro_nominal_split_unconditional,40,2,1,0.55850015844504175
40,10120,nominal_single,40,2,1,0.34399366366366013
40,10120,nominal_split,40,2,1,0.34399366366366013
40,10120,wdro_single,40,2,1,0.70286550708998785
40,10120,wdro_nominal_split_unconditional,40,2,1,0.55850015844504175
40,10121,nominal_single,40,1,1,0.34399366366366013
40,10121,nominal_split,40,1,1,0.34399366366366013
40,10121,wdro_single,40,1,1,0.70286550708998785
40,10121,wdro_nominal_split_unconditional,40,1,1,0.55850015844504175
40,10122,nominal_single,40,0,0,0.34399366366366013
40,10122,nominal_split,40,0,0,0.34399366366366013
40,10122,wdro_single,40,1,1,0.70286550708998785
40,10122,wdro_nominal_split_unconditional,40,1,1,0.55850015844504175
40,10123,nominal_single,40,1,1,0.34399366366366013
40,10123,nominal_split,40,1,1,0.34399366366366013
40,10123,wdro_single,40,1,1,0.70286550708998785
40,10123,wdro_nominal_split_unconditional,40,1,1,0.55850015844504175
40,10124,nominal_single,40,1,1,0.34399366366366013
40,10124,nominal_split,40,1,1,0.34399366366366013
40,10124,wdro_single,40,1,1,0.70286550708998785
40,10124,wdro_nominal_split_unconditional,40,1,1,0.55850015844504175
40,10125,nominal_single,40,0,0,0.34399366366366013
40,10125,nominal_split,40,0,0,0.34399366366366013
40,10125,wdro_single,40,0,0,0.70286550708998785
40,10125,wdro_nominal_split_unconditional,40,0,0,0.55850015844504175
40,10126,nominal_single,40,0,0,0.34399366366366013
40,10126,nominal_split,40,0,0,0.34399366366366013
40,10126,wdro_single,40,1,1,0.70286550708998785
40,10126,wdro_nominal_split_unconditional,40,1,1,0.55850015844504175
40,10127,nominal_single,40,0,0,0.34399366366366013
40,10127,nominal_split,40,0,0,0.34399366366366013
40,10127,wdro_single,40,1,1,0.70286550708998785
40,10127,wdro_nominal_split_unconditional,40,0,0,0.55850015844504175
40,10128,nominal_single,40,0,0,0.34399366366366013
40,10128,nominal_split,40,0,0,0.34399366366366013
40,10128,wdro_single,40,1,1,0.70286550708998785
40,10128,wdro_nominal_split_unconditional,40,0,0,0.55850015844504175
40,10129,nominal_single,40,0,0,0.34399366366366013
40,10129,nominal_split,40,0,0,0.34399366366366013
40,10129,wdro_single,40,2,1,0.70286550708998785
40,10129,wdro_nominal_split_unconditional,40,1,1,0.55850015844504175
40,10130,nominal_single,40,0,0,0.34399366366366013
40,10130,nominal_split,40,0,0,0.34399366366366013
40,10130,wdro_single,40,0,0,0.70286550708998785
40,10130,wdro_nominal_split_unconditional,40,0,0,0.55850015844504175
40,10131,nominal_single,40,0,0,0.34399366366366013
40,10131,nominal_split,40,0,0,0.34399366366366013
40,10131,wdro_single,40,0,0,0.70286550708998785
40,10131,wdro_nominal_split_unconditional,40,0,0,0.55850015844504175
40,10132,nominal_single,40,0,0,0.34399366366366013
40,10132,nominal_split,40,0,0,0.34399366366366013
40,10132,wdro_single,40,0,0,0.70286550708998785
40,10132,wdro_nominal_split_unconditional,40,0,0,0.55850015844504175
40,10133,nominal_single,40,0,0,0.34399366366366013
40,10133,nominal_split,40,0,0,0.34399366366366013
40,10133,wdro_single,40,0,0,0.70286550708998785
40,10133,wdro_nominal_split_unconditional,40,0,0,0.55850015844504175
40,10134,nominal_single,40,1,1,0.34399366366366013
40,10134,nominal_split,40,1,1,0.34399366366366013
40,10134,wdro_single,40,2,1,0.70286550708998785
40,10134,wdro_nominal_split_unconditional,40,1,1,0.55850015844504175
40,10135,nominal_single,40,0,0,0.34399366366366013
40,10135,nominal_split,40,0,0,0.34399366366366013
40,10135,wdro_single,40,0,0,0.70286550708998785
40,10135,wdro_nominal_split_unconditional,40,0,0,0.55850015844504175
40,10136,nominal_single,40,0,0,0.34399366366366013
40,10136,nominal_split,40,0,0,0.34399366366366013
40,10136,wdro_single,40,1,1,0.70286550708998785
40,10136,wdro_nominal_split_unconditional,40,1,1,0.55850015844504175
40,10137,nominal_single,40,1,1,0.34399366366366013
40,10137,nominal_split,40,1,1,0.34399366366366013
40,10137,wdro_single,40,2,1,0.70286550708998785
40,10137,wdro_nominal_split_unconditional,40,1,1,0.55850015844504175
40,10138,nominal_single,40,0,0,0.34399366366366013
40,10138,nominal_split,40,0,0,0.34399366366366013
40,10138,wdro_single,40,0,0,0.70286550708998785
40,10138,wdro_nominal_split_unconditional,40,0,0,0.55850015844504175
40,10139,nominal_single,40,0,0,0.34399366366366013
40,10139,nominal_split,40,0,0,0.34399366366366013
40,10139,wdro_single,40,0,0,0.70286550708998785
40,10139,wdro_nominal_split_unconditional,40,0,0,0.55850015844504175
40,10140,nominal_single,40,0,0,0.34399366366366013
40,10140,nominal_split,40,0,0,0.34399366366366013
40,10140,wdro_single,40,2,1,0.70286550708998785
40,10140,wdro_nominal_split_unconditional,40,2,1,0.55850015844504175
40,10141,nominal_single,40,1,1,0.34399366366366013
40,10141,nominal_split,40,1,1,0.34399366366366013
40,10141,wdro_single,40,2,1,0.70286550708998785
40,10141,wdro_nominal_split_unconditional,40,1,1,0.55850015844504175
40,10142,nominal_single,40,1,1,0.34399366366366013
40,10142,nominal_split,40,1,1,0.34399366366366013
40,10142,wdro_single,40,1,1,0.70286550708998785
40,10142,wdro_nominal_split_unconditional,40,1,1,0.55850015844504175
40,10143,nominal_single,40,0,0,0.34399366366366013
40,10143,nominal_split,40,0,0,0.34399366366366013
40,10143,wdro_single,40,0,0,0.70286550708998785
40,10143,wdro_nominal_split_unconditional,40,0,0,0.55850015844504175
40,10144,nominal_single,40,0,0,0.34399366366366013
40,10144,nominal_split,40,0,0,0.34399366366366013
40,10144,wdro_single,40,2,1,0.70286550708998785
40,10144,wdro_nominal_split_unconditional,40,1,1,0.55850015844504175
40,10145,nominal_single,40,0,0,0.34399366366366013
40,10145,nominal_split,40,0,0,0.34399366366366013
40,10145,wdro_single,40,1,1,0.70286550708998785
40,10145,wdro_nominal_split_unconditional,40,1,1,0.55850015844504175
40,10146,nominal_single,40,0,0,0.34399366366366013
40,10146,nominal_split,40,0,0,0.34399366366366013
40,10146,wdro_single,40,0,0,0.70286550708998785
40,10146,wdro_nominal_split_unconditional,40,0,0,0.55850015844504175
40,10147,nominal_single,40,0,0,0.34399366366366013
40,10147,nominal_split,40,0,0,0.34399366366366013
40,10147,wdro_single,40,1,1,0.70286550708998785
40,10147,wdro_nominal_split_unconditional,40,0,0,0.55850015844504175
40,10148,nominal_single,40,0,0,0.34399366366366013
40,10148,nominal_split,40,0,0,0.34399366366366013
40,10148,wdro_single,40,1,1,0.70286550708998785
40,10148,wdro_nominal_split_unconditional,40,0,0,0.55850015844504175
40,10149,nominal_single,40,0,0,0.34399366366366013
40,10149,nominal_split,40,0,0,0.34399366366366013
40,10149,wdro_single,40,1,1,0.70286550708998785
40,10149,wdro_nominal_split_unconditional,40,0,0,0.55850015844504175
40,10150,nominal_single,40,0,0,0.34399366366366013
40,10150,nominal_split,40,0,0,0.34399366366366013
40,10150,wdro_single,40,0,0,0.70286550708998785
40,10150,wdro_nominal_split_unconditional,40,0,0,0.55850015844504175
40,10151,nominal_single,40,0,0,0.34399366366366013
40,10151,nominal_split,40,0,0,0.34399366366366013
40,10151,wdro_single,40,2,1,0.70286550708998785
40,10151,wdro_nominal_split_unconditional,40,0,0,0.55850015844504175
40,10152,nominal_single,40,0,0,0.34399366366366013
40,10152,nominal_split,40,0,0,0.34399366366366013
40,10152,wdro_single,40,0,0,0.70286550708998785
40,10152,wdro_nominal_split_unconditional,40,0,0,0.55850015844504175
40,10153,nominal_single,40,0,0,0.34399366366366013
40,10153,nominal_split,40,0,0,0.34399366366366013
40,10153,wdro_single,40,1,1,0.70286550708998785
40,10153,wdro_nominal_split_unconditional,40,0,0,0.55850015844504175
40,10154,nominal_single,40,1,1,0.34399366366366013
40,10154,nominal_split,40,1,1,0.34399366366366013
40,10154,wdro_single,40,2,1,0.70286550708998785
40,10154,wdro_nominal_split_unconditional,40,2,1,0.55850015844504175
40,10155,nominal_single,40,0,0,0.34399366366366013
40,10155,nominal_split,40,0,0,0.34399366366366013
40,10155,wdro_single,40,0,0,0.70286550708998785
40,10155,wdro_nominal_split_unconditional,40,0,0,0.55850015844504175
40,10156,nominal_single,40,0,0,0.34399366366366013
40,10156,nominal_split,40,0,0,0.34399366366366013
40,10156,wdro_single,40,1,1,0.70286550708998785
40,10156,wdro_nominal_split_unconditional,40,0,0,0.55850015844504175
40,10157,nominal_single,40,1,1,0.34399366366366013
40,10157,nominal_split,40,1,1,0.34399366366366013
40,10157,wdro_single,40,1,1,0.70286550708998785
40,10157,wdro_nominal_split_unconditional,40,1,1,0.55850015844504175
40,10158,nominal_single,40,1,1,0.34399366366366013
40,10158,nominal_split,40,1,1,0.34399366366366013
40,10158,wdro_single,40,2,1,0.70286550708998785
40,10158,wdro_nominal_split_unconditional,40,1,1,0.55850015844504175
40,10159,nominal_single,40,0,0,0.34399366366366013
40,10159,nominal_split,40,0,0,0.34399366366366013
40,10159,wdro_single,40,0,0,0.70286550708998785
40,10159,wdro_nominal_split_unconditional,40,0,0,0.55850015844504175
40,10160,nominal_single,40,0,0,0.34399366366366013
40,10160,nominal_split,40,0,0,0.34399366366366013
40,10160,wdro_single,40,1,1,0.70286550708998785
40,10160,wdro_nominal_split_unconditional,40,1,1,0.55850015844504175
40,10161,nominal_single,40,1,1,0.34399366366366013
40,10161,nominal_split,40,1,1,0.34399366366366013
40,10161,wdro_single,40,1,1,0.70286550708998785
40,10161,wdro_nominal_split_unconditional,40,1,1,0.55850015844504175
40,10162,nominal_single,40,0,0,0.34399366366366013
40,10162,nominal_split,40,0,0,0.34399366366366013
40,10162,wdro_single,40,0,0,0.70286550708998785
40,10162,wdro_nominal_split_unconditional,40,0,0,0.55850015844504175
40,10163,nominal_single,40,0,0,0.34399366366366013
40,10163,nominal_split,40,0,0,0.34399366366366013
40,10163,wdro_single,40,0,0,0.70286550708998785
40,10163,wdro_nominal_split_unconditional,40,0,0,0.55850015844504175
40,10164,nominal_single,40,0,0,0.34399366366366013
40,10164,nominal_split,40,0,0,0.34399366366366013
40,10164,wdro_single,40,1,1,0.70286550708998785
40,10164,wdro_nominal_split_unconditional,40,0,0,0.55850015844504175
40,10165,nominal_single,40,0,0,0.34399366366366013
40,10165,nominal_split,40,0,0,0.34399366366366013
40,10165,wdro_single,40,1,1,0.70286550708998785
40,10165,wdro_nominal_split_unconditional,40,1,1,0.55850015844504175
40,10166,nominal_single,40,1,1,0.34399366366366013
40,10166,nominal_split,40,1,1,0.34399366366366013
40,10166,wdro_single,40,3,1,0.70286550708998785
40,10166,wdro_nominal_split_unconditional,40,3,1,0.55850015844504175
40,10167,nominal_single,40,1,1,0.34399366366366013
40,10167,nominal_split,40,1,1,0.34399366366366013
40,10167,wdro_single,40,2,1,0.70286550708998785
40,10167,wdro_nominal_split_unconditional,40,2,1,0.55850015844504175
40,10168,nominal_single,40,1,1,0.34399366366366013
40,10168,nominal_split,40,1,1,0.34399366366366013
40,10168,wdro_single,40,2,1,0.70286550708998785
40,10168,wdro_nominal_split_unconditional,40,2,1,0.55850015844504175
40,10169,nominal_single,40,0,0,0.34399366366366013
40,10169,nominal_split,40,0,0,0.34399366366366013
40,10169,wdro_single,40,1,1,0.70286550708998785
40,10169,wdro_nominal_split_unconditional,40,0,0,0.55850015844504175
40,10170,nominal_single,40,0,0,0.34399366366366013
40,10170,nominal_split,40,0,0,0.34399366366366013
40,10170,wdro_single,40,1,1,0.70286550708998785
40,10170,wdro_nominal_split_unconditional,40,0,0,0.55850015844504175
40,10171,nominal_single,40,0,0,0.34399366366366013
40,10171,nominal_split,40,0,0,0.34399366366366013
40,10171,wdro_single,40,1,1,0.70286550708998785
40,10171,wdro_nominal_split_unconditional,40,0,0,0.55850015844504175
40,10172,nominal_single,40,1,1,0.34399366366366013
40,10172,nominal_split,40,1,1,0.34399366366366013
40,10172,wdro_single,40,1,1,0.70286550708998785
40,10172,wdro_nominal_split_unconditional,40,1,1,0.55850015844504175
40,10173,nominal_single,40,2,1,0.34399366366366013
40,10173,nominal_split,40,2,1,0.34399366366366013
40,10173,wdro_single,40,2,1,0.70286550708998785
40,10173,wdro_nominal_split_unconditional,40,2,1,0.55850015844504175
40,10174,nominal_single,40,0,0,0.34399366366366013
40,10174,nominal_split,40,0,0,0.34399366366366013
40,10174,wdro_single,40,0,0,0.70286550708998785
40,10174,wdro_nominal_split_unconditional,40,0,0,0.55850015844504175
40,10175,nominal_single,40,1,1,0.34399366366366013
40,10175,nominal_split,40,1,1,0.34399366366366013
40,10175,wdro_single,40,1,1,0.70286550708998785
40,10175,wdro_nominal_split_unconditional,40,1,1,0.55850015844504175
40,10176,nominal_single,40,0,0,0.34399366366366013
40,10176,nominal_split,40,0,0,0.34399366366366013
40,10176,wdro_single,40,2,1,0.70286550708998785
40,10176,wdro_nominal_split_unconditional,40,1,1,0.55850015844504175
40,10177,nominal_single,40,0,0,0.34399366366366013
40,10177,nominal_split,40,0,0,0.34399366366366013
40,10177,wdro_single,40,0,0,0.70286550708998785
40,10177,wdro_nominal_split_unconditional,40,0,0,0.55850015844504175
40,10178,nominal_single,40,1,1,0.34399366366366013
40,10178,nominal_split,40,1,1,0.34399366366366013
40,10178,wdro_single,40,2,1,0.70286550708998785
40,10178,wdro_nominal_split_unconditional,40,1,1,0.55850015844504175
40,10179,nominal_single,40,0,0,0.34399366366366013
40,10179,nominal_split,40,0,0,0.34399366366366013
40,10179,wdro_single,40,3,1,0.70286550708998785
40,10179,wdro_nominal_split_unconditional,40,2,1,0.55850015844504175
40,10180,nominal_single,40,1,1,0.34399366366366013
40,10180,nominal_split,40,1,1,0.34399366366366013
40,10180,wdro_single,40,1,1,0.70286550708998785
40,10180,wdro_nominal_split_unconditional,40,1,1,0.55850015844504175
40,10181,nominal_single,40,0,0,0.34399366366366013
40,10181,nominal_split,40,0,0,0.34399366366366013
40,10181,wdro_single,40,1,1,0.70286550708998785
40,10181,wdro_nominal_split_unconditional,40,0,0,0.55850015844504175
40,10182,nominal_single,40,0,0,0.34399366366366013
40,10182,nominal_split,40,0,0,0.34399366366366013
40,10182,wdro_single,40,1,1,0.70286550708998785
40,10182,wdro_nominal_split_unconditional,40,1,1,0.55850015844504175
40,10183,nominal_single,40,0,0,0.34399366366366013
40,10183,nominal_split,40,0,0,0.34399366366366013
40,10183,wdro_single,40,1,1,0.70286550708998785
40,10183,wdro_nominal_split_unconditional,40,0,0,0.55850015844504175
40,10184,nominal_single,40,0,0,0.34399366366366013
40,10184,nominal_split,40,0,0,0.34399366366366013
40,10184,wdro_single,40,0,0,0.70286550708998785
40,10184,wdro_nominal_split_unconditional,40,0,0,0.55850015844504175
40,10185,nominal_single,40,2,1,0.34399366366366013
40,10185,nominal_split,40,2,1,0.34399366366366013
40,10185,wdro_single,40,3,1,0.70286550708998785
40,10185,wdro_nominal_split_unconditional,40,2,1,0.55850015844504175
40,10186,nominal_single,40,0,0,0.34399366366366013
40,10186,nominal_split,40,0,0,0.34399366366366013
40,10186,wdro_single,40,0,0,0.70286550708998785
40,10186,wdro_nominal_split_unconditional,40,0,0,0.55850015844504175
40,10187,nominal_single,40,2,1,0.34399366366366013
40,10187,nominal_split,40,2,1,0.34399366366366013
40,10187,wdro_single,40,2,1,0.70286550708998785
40,10187,wdro_nominal_split_unconditional,40,2,1,0.55850015844504175
40,10188,nominal_single,40,0,0,0.34399366366366013
40,10188,nominal_split,40,0,0,0.34399366366366013
40,10188,wdro_single,40,0,0,0.70286550708998785
40,10188,wdro_nominal_split_unconditional,40,0,0,0.55850015844504175
40,10189,nominal_single,40,0,0,0.34399366366366013
40,10189,nominal_split,40,0,0,0.34399366366366013
40,10189,wdro_single,40,0,0,0.70286550708998785
40,10189,wdro_nominal_split_unconditional,40,0,0,0.55850015844504175
40,10190,nominal_single,40,1,1,0.34399366366366013
40,10190,nominal_split,40,1,1,0.34399366366366013
40,10190,wdro_single,40,2,1,0.70286550708998785
40,10190,wdro_nominal_split_unconditional,40,2,1,0.55850015844504175
40,10191,nominal_single,40,0,0,0.34399366366366013
40,10191,nominal_split,40,0,0,0.34399366366366013
40,10191,wdro_single,40,2,1,0.70286550708998785
40,10191,wdro_nominal_split_unconditional,40,2,1,0.55850015844504175
40,10192,nominal_single,40,0,0,0.34399366366366013
40,10192,nominal_split,40,0,0,0.34399366366366013
40,10192,wdro_single,40,0,0,0.70286550708998785
40,10192,wdro_nominal_split_unconditional,40,0,0,0.55850015844504175
40,10193,nominal_single,40,0,0,0.34399366366366013
40,10193,nominal_split,40,0,0,0.34399366366366013
40,10193,wdro_single,40,1,1,0.70286550708998785
40,10193,wdro_nominal_split_unconditional,40,1,1,0.55850015844504175
40,10194,nominal_single,40,2,1,0.34399366366366013
40,10194,nominal_split,40,2,1,0.34399366366366013
40,10194,wdro_single,40,2,1,0.70286550708998785
40,10194,wdro_nominal_split_unconditional,40,2,1,0.55850015844504175
40,10195,nominal_single,40,0,0,0.34399366366366013
40,10195,nominal_split,40,0,0,0.34399366366366013
40,10195,wdro_single,40,0,0,0.70286550708998785
40,10195,wdro_nominal_split_unconditional,40,0,0,0.55850015844504175
40,10196,nominal_single,40,0,0,0.34399366366366013
40,10196,nominal_split,40,0,0,0.34399366366366013
40,10196,wdro_single,40,0,0,0.70286550708998785
40,10196,wdro_nominal_split_unconditional,40,0,0,0.55850015844504175
40,10197,nominal_single,40,0,0,0.34399366366366013
40,10197,nominal_split,40,0,0,0.34399366366366013
40,10197,wdro_single,40,0,0,0.70286550708998785
40,10197,wdro_nominal_split_unconditional,40,0,0,0.55850015844504175
40,10198,nominal_single,40,0,0,0.34399366366366013
40,10198,nominal_split,40,0,0,0.34399366366366013
40,10198,wdro_single,40,2,1,0.70286550708998785
40,10198,wdro_nominal_split_unconditional,40,1,1,0.55850015844504175
40,10199,nominal_single,40,2,1,0.34399366366366013
40,10199,nominal_split,40,2,1,0.34399366366366013
40,10199,wdro_single,40,3,1,0.70286550708998785
40,10199,wdro_nominal_split_unconditional,40,2,1,0.55850015844504175
40,10200,nominal_single,40,0,0,0.34399366366366013
40,10200,nominal_split,40,0,0,0.34399366366366013
40,10200,wdro_single,40,0,0,0.70286550708998785
40,10200,wdro_nominal_split_unconditional,40,0,0,0.55850015844504175
40,10201,nominal_single,40,0,0,0.34399366366366013
40,10201,nominal_split,40,0,0,0.34399366366366013
40,10201,wdro_single,40,1,1,0.70286550708998785
40,10201,wdro_nominal_split_unconditional,40,1,1,0.55850015844504175
40,10202,nominal_single,40,1,1,0.34399366366366013
40,10202,nominal_split,40,1,1,0.34399366366366013
40,10202,wdro_single,40,1,1,0.70286550708998785
40,10202,wdro_nominal_split_unconditional,40,1,1,0.55850015844504175
40,10203,nominal_single,40,1,1,0.34399366366366013
40,10203,nominal_split,40,1,1,0.34399366366366013
40,10203,wdro_single,40,1,1,0.70286550708998785
40,10203,wdro_nominal_split_unconditional,40,1,1,0.55850015844504175
40,10204,nominal_single,40,1,1,0.34399366366366013
40,10204,nominal_split,40,1,1,0.34399366366366013
40,10204,wdro_single,40,2,1,0.70286550708998785
40,10204,wdro_nominal_split_unconditional,40,2,1,0.55850015844504175
40,10205,nominal_single,40,2,1,0.34399366366366013
40,10205,nominal_split,40,2,1,0.34399366366366013
40,10205,wdro_single,40,2,1,0.70286550708998785
40,10205,wdro_nominal_split_unconditional,40,2,1,0.55850015844504175
40,10206,nominal_single,40,1,1,0.34399366366366013
40,10206,nominal_split,40,1,1,0.34399366366366013
40,10206,wdro_single,40,1,1,0.70286550708998785
40,10206,wdro_nominal_split_unconditional,40,1,1,0.55850015844504175
40,10207,nominal_single,40,0,0,0.34399366366366013
40,10207,nominal_split,40,0,0,0.34399366366366013
40,10207,wdro_single,40,1,1,0.70286550708998785
40,10207,wdro_nominal_split_unconditional,40,1,1,0.55850015844504175
40,10208,nominal_single,40,1,1,0.34399366366366013
40,10208,nominal_split,40,1,1,0.34399366366366013
40,10208,wdro_single,40,2,1,0.70286550708998785
40,10208,wdro_nominal_split_unconditional,40,2,1,0.55850015844504175
40,10209,nominal_single,40,1,1,0.34399366366366013
40,10209,nominal_split,40,1,1,0.34399366366366013
40,10209,wdro_single,40,3,1,0.70286550708998785
40,10209,wdro_nominal_split_unconditional,40,2,1,0.55850015844504175
40,10210,nominal_single,40,0,0,0.34399366366366013
40,10210,nominal_split,40,0,0,0.34399366366366013
40,10210,wdro_single,40,0,0,0.70286550708998785
40,10210,wdro_nominal_split_unconditional,40,0,0,0.55850015844504175
40,10211,nominal_single,40,0,0,0.34399366366366013
40,10211,nominal_split,40,0,0,0.34399366366366013
40,10211,wdro_single,40,1,1,0.70286550708998785
40,10211,wdro_nominal_split_unconditional,40,0,0,0.55850015844504175
40,10212,nominal_single,40,0,0,0.34399366366366013
40,10212,nominal_split,40,0,0,0.34399366366366013
40,10212,wdro_single,40,0,0,0.70286550708998785
40,10212,wdro_nominal_split_unconditional,40,0,0,0.55850015844504175
40,10213,nominal_single,40,0,0,0.34399366366366013
40,10213,nominal_split,40,0,0,0.34399366366366013
40,10213,wdro_single,40,1,1,0.70286550708998785
40,10213,wdro_nominal_split_unconditional,40,0,0,0.55850015844504175
40,10214,nominal_single,40,0,0,0.34399366366366013
40,10214,nominal_split,40,0,0,0.34399366366366013
40,10214,wdro_single,40,2,1,0.70286550708998785
40,10214,wdro_nominal_split_unconditional,40,1,1,0.55850015844504175
40,10215,nominal_single,40,0,0,0.34399366366366013
40,10215,nominal_split,40,0,0,0.34399366366366013
40,10215,wdro_single,40,0,0,0.70286550708998785
40,10215,wdro_nominal_split_unconditional,40,0,0,0.55850015844504175
40,10216,nominal_single,40,0,0,0.34399366366366013
40,10216,nominal_split,40,0,0,0.34399366366366013
40,10216,wdro_single,40,1,1,0.70286550708998785
40,10216,wdro_nominal_split_unconditional,40,0,0,0.55850015844504175
40,10217,nominal_single,40,0,0,0.34399366366366013
40,10217,nominal_split,40,0,0,0.34399366366366013
40,10217,wdro_single,40,1,1,0.70286550708998785
40,10217,wdro_nominal_split_unconditional,40,0,0,0.55850015844504175
40,10218,nominal_single,40,0,0,0.34399366366366013
40,10218,nominal_split,40,0,0,0.34399366366366013
40,10218,wdro_single,40,0,0,0.70286550708998785
40,10218,wdro_nominal_split_unconditional,40,0,0,0.55850015844504175
40,10219,nominal_single,40,0,0,0.34399366366366013
40,10219,nominal_split,40,0,0,0.34399366366366013
40,10219,wdro_single,40,3,1,0.70286550708998785
40,10219,wdro_nominal_split_unconditional,40,1,1,0.55850015844504175
40,10220,nominal_single,40,2,1,0.34399366366366013
40,10220,nominal_split,40,2,1,0.34399366366366013
40,10220,wdro_single,40,2,1,0.70286550708998785
40,10220,wdro_nominal_split_unconditional,40,2,1,0.55850015844504175
40,10221,nominal_single,40,0,0,0.34399366366366013
40,10221,nominal_split,40,0,0,0.34399366366366013
40,10221,wdro_single,40,2,1,0.70286550708998785
40,10221,wdro_nominal_split_unconditional,40,1,1,0.55850015844504175
40,10222,nominal_single,40,1,1,0.34399366366366013
40,10222,nominal_split,40,1,1,0.34399366366366013
40,10222,wdro_single,40,3,1,0.70286550708998785
40,10222,wdro_nominal_split_unconditional,40,2,1,0.55850015844504175
40,10223,nominal_single,40,0,0,0.34399366366366013
40,10223,nominal_split,40,0,0,0.34399366366366013
40,10223,wdro_single,40,0,0,0.70286550708998785
40,10223,wdro_nominal_split_unconditional,40,0,0,0.55850015844504175
40,10224,nominal_single,40,0,0,0.34399366366366013
40,10224,nominal_split,40,0,0,0.34399366366366013
40,10224,wdro_single,40,1,1,0.70286550708998785
40,10224,wdro_nominal_split_unconditional,40,0,0,0.55850015844504175
40,10225,nominal_single,40,0,0,0.34399366366366013
40,10225,nominal_split,40,0,0,0.34399366366366013
40,10225,wdro_single,40,2,1,0.70286550708998785
40,10225,wdro_nominal_split_unconditional,40,1,1,0.55850015844504175
40,10226,nominal_single,40,1,1,0.34399366366366013
40,10226,nominal_split,40,1,1,0.34399366366366013
40,10226,wdro_single,40,2,1,0.70286550708998785
40,10226,wdro_nominal_split_unconditional,40,2,1,0.55850015844504175
40,10227,nominal_single,40,2,1,0.34399366366366013
40,10227,nominal_split,40,2,1,0.34399366366366013
40,10227,wdro_single,40,3,1,0.70286550708998785
40,10227,wdro_nominal_split_unconditional,40,2,1,0.55850015844504175
40,10228,nominal_single,40,0,0,0.34399366366366013
40,10228,nominal_split,40,0,0,0.34399366366366013
40,10228,wdro_single,40,3,1,0.70286550708998785
40,10228,wdro_nominal_split_unconditional,40,0,0,0.55850015844504175
40,10229,nominal_single,40,1,1,0.34399366366366013
40,10229,nominal_split,40,1,1,0.34399366366366013
40,10229,wdro_single,40,2,1,0.70286550708998785
40,10229,wdro_nominal_split_unconditional,40,1,1,0.55850015844504175
40,10230,nominal_single,40,0,0,0.34399366366366013
40,10230,nominal_split,40,0,0,0.34399366366366013
40,10230,wdro_single,40,2,1,0.70286550708998785
40,10230,wdro_nominal_split_unconditional,40,1,1,0.55850015844504175
40,10231,nominal_single,40,0,0,0.34399366366366013
40,10231,nominal_split,40,0,0,0.34399366366366013
40,10231,wdro_single,40,0,0,0.70286550708998785
40,10231,wdro_nominal_split_unconditional,40,0,0,0.55850015844504175
40,10232,nominal_single,40,1,1,0.34399366366366013
40,10232,nominal_split,40,1,1,0.34399366366366013
40,10232,wdro_single,40,2,1,0.70286550708998785
40,10232,wdro_nominal_split_unconditional,40,1,1,0.55850015844504175
40,10233,nominal_single,40,0,0,0.34399366366366013
40,10233,nominal_split,40,0,0,0.34399366366366013
40,10233,wdro_single,40,2,1,0.70286550708998785
40,10233,wdro_nominal_split_unconditional,40,1,1,0.55850015844504175
40,10234,nominal_single,40,0,0,0.34399366366366013
40,10234,nominal_split,40,0,0,0.34399366366366013
40,10234,wdro_single,40,3,1,0.70286550708998785
40,10234,wdro_nominal_split_unconditional,40,1,1,0.55850015844504175
40,10235,nominal_single,40,0,0,0.34399366366366013
40,10235,nominal_split,40,0,0,0.34399366366366013
40,10235,wdro_single,40,0,0,0.70286550708998785
40,10235,wdro_nominal_split_unconditional,40,0,0,0.55850015844504175
40,10236,nominal_single,40,1,1,0.34399366366366013
40,10236,nominal_split,40,1,1,0.34399366366366013
40,10236,wdro_single,40,2,1,0.70286550708998785
40,10236,wdro_nominal_split_unconditional,40,1,1,0.55850015844504175
40,10237,nominal_single,40,1,1,0.34399366366366013
40,10237,nominal_split,40,1,1,0.34399366366366013
40,10237,wdro_single,40,2,1,0.70286550708998785
40,10237,wdro_nominal_split_unconditional,40,1,1,0.55850015844504175
40,10238,nominal_single,40,1,1,0.34399366366366013
40,10238,nominal_split,40,1,1,0.34399366366366013
40,10238,wdro_single,40,1,1,0.70286550708998785
40,10238,wdro_nominal_split_unconditional,40,1,1,0.55850015844504175
40,10239,nominal_single,40,1,1,0.34399366366366013
40,10239,nominal_split,40,1,1,0.34399366366366013
40,10239,wdro_single,40,1,1,0.70286550708998785
40,10239,wdro_nominal_split_unconditional,40,1,1,0.55850015844504175
40,10240,nominal_single,40,0,0,0.34399366366366013
40,10240,nominal_split,40,0,0,0.34399366366366013
40,10240,wdro_single,40,0,0,0.70286550708998785
40,10240,wdro_nominal_split_unconditional,40,0,0,0.55850015844504175
40,10241,nominal_single,40,0,0,0.34399366366366013
40,10241,nominal_split,40,0,0,0.34399366366366013
40,10241,wdro_single,40,0,0,0.70286550708998785
40,10241,wdro_nominal_split_unconditional,40,0,0,0.55850015844504175
40,10242,nominal_single,40,0,0,0.34399366366366013
40,10242,nominal_split,40,0,0,0.34399366366366013
40,10242,wdro_single,40,0,0,0.70286550708998785
40,10242,wdro_nominal_split_unconditional,40,0,0,0.55850015844504175
40,10243,nominal_single,40,0,0,0.34399366366366013
40,10243,nominal_split,40,0,0,0.34399366366366013
40,10243,wdro_single,40,2,1,0.70286550708998785
40,10243,wdro_nominal_split_unconditional,40,2,1,0.55850015844504175
40,10244,nominal_single,40,0,0,0.34399366366366013
40,10244,nominal_split,40,0,0,0.34399366366366013
40,10244,wdro_single,40,0,0,0.70286550708998785
40,10244,wdro_nominal_split_unconditional,40,0,0,0.55850015844504175
40,10245,nominal_single,40,0,0,0.34399366366366013
40,10245,nominal_split,40,0,0,0.34399366366366013
40,10245,wdro_single,40,2,1,0.70286550708998785
40,10245,wdro_nominal_split_unconditional,40,2,1,0.55850015844504175
40,10246,nominal_single,40,2,1,0.34399366366366013
40,10246,nominal_split,40,2,1,0.34399366366366013
40,10246,wdro_single,40,3,1,0.70286550708998785
40,10246,wdro_nominal_split_unconditional,40,2,1,0.55850015844504175
40,10247,nominal_single,40,0,0,0.34399366366366013
40,10247,nominal_split,40,0,0,0.34399366366366013
40,10247,wdro_single,40,0,0,0.70286550708998785
40,10247,wdro_nominal_split_unconditional,40,0,0,0.55850015844504175
40,10248,nominal_single,40,0,0,0.34399366366366013
40,10248,nominal_split,40,0,0,0.34399366366366013
40,10248,wdro_single,40,0,0,0.70286550708998785
40,10248,wdro_nominal_split_unconditional,40,0,0,0.55850015844504175
40,10249,nominal_single,40,1,1,0.34399366366366013
40,10249,nominal_split,40,1,1,0.34399366366366013
40,10249,wdro_single,40,2,1,0.70286550708998785
40,10249,wdro_nominal_split_unconditional,40,2,1,0.55850015844504175
40,10250,nominal_single,40,0,0,0.34399366366366013
40,10250,nominal_split,40,0,0,0.34399366366366013
40,10250,wdro_single,40,2,1,0.70286550708998785
40,10250,wdro_nominal_split_unconditional,40,1,1,0.55850015844504175
40,10251,nominal_single,40,1,1,0.34399366366366013
40,10251,nominal_split,40,1,1,0.34399366366366013
40,10251,wdro_single,40,2,1,0.70286550708998785
40,10251,wdro_nominal_split_unconditional,40,2,1,0.55850015844504175
40,10252,nominal_single,40,1,1,0.34399366366366013
40,10252,nominal_split,40,1,1,0.34399366366366013
40,10252,wdro_single,40,4,1,0.70286550708998785
40,10252,wdro_nominal_split_unconditional,40,3,1,0.55850015844504175
40,10253,nominal_single,40,0,0,0.34399366366366013
40,10253,nominal_split,40,0,0,0.34399366366366013
40,10253,wdro_single,40,1,1,0.70286550708998785
40,10253,wdro_nominal_split_unconditional,40,0,0,0.55850015844504175
40,10254,nominal_single,40,1,1,0.34399366366366013
40,10254,nominal_split,40,1,1,0.34399366366366013
40,10254,wdro_single,40,1,1,0.70286550708998785
40,10254,wdro_nominal_split_unconditional,40,1,1,0.55850015844504175
40,10255,nominal_single,40,0,0,0.34399366366366013
40,10255,nominal_split,40,0,0,0.34399366366366013
40,10255,wdro_single,40,2,1,0.70286550708998785
40,10255,wdro_nominal_split_unconditional,40,2,1,0.55850015844504175
40,10256,nominal_single,40,0,0,0.34399366366366013
40,10256,nominal_split,40,0,0,0.34399366366366013
40,10256,wdro_single,40,1,1,0.70286550708998785
40,10256,wdro_nominal_split_unconditional,40,1,1,0.55850015844504175
40,10257,nominal_single,40,0,0,0.34399366366366013
40,10257,nominal_split,40,0,0,0.34399366366366013
40,10257,wdro_single,40,2,1,0.70286550708998785
40,10257,wdro_nominal_split_unconditional,40,1,1,0.55850015844504175
40,10258,nominal_single,40,0,0,0.34399366366366013
40,10258,nominal_split,40,0,0,0.34399366366366013
40,10258,wdro_single,40,0,0,0.70286550708998785
40,10258,wdro_nominal_split_unconditional,40,0,0,0.55850015844504175
40,10259,nominal_single,40,0,0,0.34399366366366013
40,10259,nominal_split,40,0,0,0.34399366366366013
40,10259,wdro_single,40,1,1,0.70286550708998785
40,10259,wdro_nominal_split_unconditional,40,1,1,0.55850015844504175
40,10260,nominal_single,40,0,0,0.34399366366366013
40,10260,nominal_split,40,0,0,0.34399366366366013
40,10260,wdro_single,40,1,1,0.70286550708998785
40,10260,wdro_nominal_split_unconditional,40,1,1,0.55850015844504175
40,10261,nominal_single,40,0,0,0.34399366366366013
40,10261,nominal_split,40,0,0,0.34399366366366013
40,10261,wdro_single,40,1,1,0.70286550708998785
40,10261,wdro_nominal_split_unconditional,40,0,0,0.55850015844504175
40,10262,nominal_single,40,0,0,0.34399366366366013
40,10262,nominal_split,40,0,0,0.34399366366366013
40,10262,wdro_single,40,2,1,0.70286550708998785
40,10262,wdro_nominal_split_unconditional,40,1,1,0.55850015844504175
40,10263,nominal_single,40,1,1,0.34399366366366013
40,10263,nominal_split,40,1,1,0.34399366366366013
40,10263,wdro_single,40,1,1,0.70286550708998785
40,10263,wdro_nominal_split_unconditional,40,1,1,0.55850015844504175
40,10264,nominal_single,40,0,0,0.34399366366366013
40,10264,nominal_split,40,0,0,0.34399366366366013
40,10264,wdro_single,40,0,0,0.70286550708998785
40,10264,wdro_nominal_split_unconditional,40,0,0,0.55850015844504175
40,10265,nominal_single,40,0,0,0.34399366366366013
40,10265,nominal_split,40,0,0,0.34399366366366013
40,10265,wdro_single,40,0,0,0.70286550708998785
40,10265,wdro_nominal_split_unconditional,40,0,0,0.55850015844504175
40,10266,nominal_single,40,1,1,0.34399366366366013
40,10266,nominal_split,40,1,1,0.34399366366366013
40,10266,wdro_single,40,3,1,0.70286550708998785
40,10266,wdro_nominal_split_unconditional,40,1,1,0.55850015844504175
40,10267,nominal_single,40,0,0,0.34399366366366013
40,10267,nominal_split,40,0,0,0.34399366366366013
40,10267,wdro_single,40,2,1,0.70286550708998785
40,10267,wdro_nominal_split_unconditional,40,1,1,0.55850015844504175
40,10268,nominal_single,40,0,0,0.34399366366366013
40,10268,nominal_split,40,0,0,0.34399366366366013
40,10268,wdro_single,40,0,0,0.70286550708998785
40,10268,wdro_nominal_split_unconditional,40,0,0,0.55850015844504175
40,10269,nominal_single,40,0,0,0.34399366366366013
40,10269,nominal_split,40,0,0,0.34399366366366013
40,10269,wdro_single,40,1,1,0.70286550708998785
40,10269,wdro_nominal_split_unconditional,40,1,1,0.55850015844504175
40,10270,nominal_single,40,0,0,0.34399366366366013
40,10270,nominal_split,40,0,0,0.34399366366366013
40,10270,wdro_single,40,0,0,0.70286550708998785
40,10270,wdro_nominal_split_unconditional,40,0,0,0.55850015844504175
40,10271,nominal_single,40,1,1,0.34399366366366013
40,10271,nominal_split,40,1,1,0.34399366366366013
40,10271,wdro_single,40,1,1,0.70286550708998785
40,10271,wdro_nominal_split_unconditional,40,1,1,0.55850015844504175
40,10272,nominal_single,40,0,0,0.34399366366366013
40,10272,nominal_split,40,0,0,0.34399366366366013
40,10272,wdro_single,40,0,0,0.70286550708998785
40,10272,wdro_nominal_split_unconditional,40,0,0,0.55850015844504175
40,10273,nominal_single,40,0,0,0.34399366366366013
40,10273,nominal_split,40,0,0,0.34399366366366013
40,10273,wdro_single,40,0,0,0.70286550708998785
40,10273,wdro_nominal_split_unconditional,40,0,0,0.55850015844504175
40,10274,nominal_single,40,0,0,0.34399366366366013
40,10274,nominal_split,40,0,0,0.34399366366366013
40,10274,wdro_single,40,1,1,0.70286550708998785
40,10274,wdro_nominal_split_unconditional,40,1,1,0.55850015844504175
40,10275,nominal_single,40,1,1,0.34399366366366013
40,10275,nominal_split,40,1,1,0.34399366366366013
40,10275,wdro_single,40,1,1,0.70286550708998785
40,10275,wdro_nominal_split_unconditional,40,1,1,0.55850015844504175
40,10276,nominal_single,40,0,0,0.34399366366366013
40,10276,nominal_split,40,0,0,0.34399366366366013
40,10276,wdro_single,40,0,0,0.70286550708998785
40,10276,wdro_nominal_split_unconditional,40,0,0,0.55850015844504175
40,10277,nominal_single,40,0,0,0.34399366366366013
40,10277,nominal_split,40,0,0,0.34399366366366013
40,10277,wdro_single,40,1,1,0.70286550708998785
40,10277,wdro_nominal_split_unconditional,40,0,0,0.55850015844504175
40,10278,nominal_single,40,1,1,0.34399366366366013
40,10278,nominal_split,40,1,1,0.34399366366366013
40,10278,wdro_single,40,2,1,0.70286550708998785
40,10278,wdro_nominal_split_unconditional,40,2,1,0.55850015844504175
40,10279,nominal_single,40,0,0,0.34399366366366013
40,10279,nominal_split,40,0,0,0.34399366366366013
40,10279,wdro_single,40,0,0,0.70286550708998785
40,10279,wdro_nominal_split_unconditional,40,0,0,0.55850015844504175
40,10280,nominal_single,40,2,1,0.34399366366366013
40,10280,nominal_split,40,2,1,0.34399366366366013
40,10280,wdro_single,40,3,1,0.70286550708998785
40,10280,wdro_nominal_split_unconditional,40,2,1,0.55850015844504175
40,10281,nominal_single,40,0,0,0.34399366366366013
40,10281,nominal_split,40,0,0,0.34399366366366013
40,10281,wdro_single,40,0,0,0.70286550708998785
40,10281,wdro_nominal_split_unconditional,40,0,0,0.55850015844504175
40,10282,nominal_single,40,0,0,0.34399366366366013
40,10282,nominal_split,40,0,0,0.34399366366366013
40,10282,wdro_single,40,0,0,0.70286550708998785
40,10282,wdro_nominal_split_unconditional,40,0,0,0.55850015844504175
40,10283,nominal_single,40,0,0,0.34399366366366013
40,10283,nominal_split,40,0,0,0.34399366366366013
40,10283,wdro_single,40,2,1,0.70286550708998785
40,10283,wdro_nominal_split_unconditional,40,0,0,0.55850015844504175
40,10284,nominal_single,40,0,0,0.34399366366366013
40,10284,nominal_split,40,0,0,0.34399366366366013
40,10284,wdro_single,40,0,0,0.70286550708998785
40,10284,wdro_nominal_split_unconditional,40,0,0,0.55850015844504175
40,10285,nominal_single,40,1,1,0.34399366366366013
40,10285,nominal_split,40,1,1,0.34399366366366013
40,10285,wdro_single,40,2,1,0.70286550708998785
40,10285,wdro_nominal_split_unconditional,40,2,1,0.55850015844504175
40,10286,nominal_single,40,0,0,0.34399366366366013
40,10286,nominal_split,40,0,0,0.34399366366366013
40,10286,wdro_single,40,0,0,0.70286550708998785
40,10286,wdro_nominal_split_unconditional,40,0,0,0.55850015844504175
40,10287,nominal_single,40,2,1,0.34399366366366013
40,10287,nominal_split,40,2,1,0.34399366366366013
40,10287,wdro_single,40,3,1,0.70286550708998785
40,10287,wdro_nominal_split_unconditional,40,3,1,0.55850015844504175
40,10288,nominal_single,40,0,0,0.34399366366366013
40,10288,nominal_split,40,0,0,0.34399366366366013
40,10288,wdro_single,40,3,1,0.70286550708998785
40,10288,wdro_nominal_split_unconditional,40,1,1,0.55850015844504175
40,10289,nominal_single,40,0,0,0.34399366366366013
40,10289,nominal_split,40,0,0,0.34399366366366013
40,10289,wdro_single,40,0,0,0.70286550708998785
40,10289,wdro_nominal_split_unconditional,40,0,0,0.55850015844504175
40,10290,nominal_single,40,0,0,0.34399366366366013
40,10290,nominal_split,40,0,0,0.34399366366366013
40,10290,wdro_single,40,0,0,0.70286550708998785
40,10290,wdro_nominal_split_unconditional,40,0,0,0.55850015844504175
40,10291,nominal_single,40,0,0,0.34399366366366013
40,10291,nominal_split,40,0,0,0.34399366366366013
40,10291,wdro_single,40,0,0,0.70286550708998785
40,10291,wdro_nominal_split_unconditional,40,0,0,0.55850015844504175
40,10292,nominal_single,40,0,0,0.34399366366366013
40,10292,nominal_split,40,0,0,0.34399366366366013
40,10292,wdro_single,40,0,0,0.70286550708998785
40,10292,wdro_nominal_split_unconditional,40,0,0,0.55850015844504175
40,10293,nominal_single,40,1,1,0.34399366366366013
40,10293,nominal_split,40,1,1,0.34399366366366013
40,10293,wdro_single,40,2,1,0.70286550708998785
40,10293,wdro_nominal_split_unconditional,40,2,1,0.55850015844504175
40,10294,nominal_single,40,0,0,0.34399366366366013
40,10294,nominal_split,40,0,0,0.34399366366366013
40,10294,wdro_single,40,0,0,0.70286550708998785
40,10294,wdro_nominal_split_unconditional,40,0,0,0.55850015844504175
40,10295,nominal_single,40,0,0,0.34399366366366013
40,10295,nominal_split,40,0,0,0.34399366366366013
40,10295,wdro_single,40,0,0,0.70286550708998785
40,10295,wdro_nominal_split_unconditional,40,0,0,0.55850015844504175
40,10296,nominal_single,40,0,0,0.34399366366366013
40,10296,nominal_split,40,0,0,0.34399366366366013
40,10296,wdro_single,40,0,0,0.70286550708998785
40,10296,wdro_nominal_split_unconditional,40,0,0,0.55850015844504175
40,10297,nominal_single,40,0,0,0.34399366366366013
40,10297,nominal_split,40,0,0,0.34399366366366013
40,10297,wdro_single,40,0,0,0.70286550708998785
40,10297,wdro_nominal_split_unconditional,40,0,0,0.55850015844504175
40,10298,nominal_single,40,0,0,0.34399366366366013
40,10298,nominal_split,40,0,0,0.34399366366366013
40,10298,wdro_single,40,0,0,0.70286550708998785
40,10298,wdro_nominal_split_unconditional,40,0,0,0.55850015844504175
40,10299,nominal_single,40,1,1,0.34399366366366013
40,10299,nominal_split,40,1,1,0.34399366366366013
40,10299,wdro_single,40,1,1,0.70286550708998785
40,10299,wdro_nominal_split_unconditional,40,1,1,0.55850015844504175
40,10300,nominal_single,40,0,0,0.34399366366366013
40,10300,nominal_split,40,0,0,0.34399366366366013
40,10300,wdro_single,40,1,1,0.70286550708998785
40,10300,wdro_nominal_split_unconditional,40,0,0,0.55850015844504175
40,10301,nominal_single,40,0,0,0.34399366366366013
40,10301,nominal_split,40,0,0,0.34399366366366013
40,10301,wdro_single,40,1,1,0.70286550708998785
40,10301,wdro_nominal_split_unconditional,40,0,0,0.55850015844504175
40,10302,nominal_single,40,1,1,0.34399366366366013
40,10302,nominal_split,40,1,1,0.34399366366366013
40,10302,wdro_single,40,1,1,0.70286550708998785
40,10302,wdro_nominal_split_unconditional,40,1,1,0.55850015844504175
40,10303,nominal_single,40,1,1,0.34399366366366013
40,10303,nominal_split,40,1,1,0.34399366366366013
40,10303,wdro_single,40,1,1,0.70286550708998785
40,10303,wdro_nominal_split_unconditional,40,1,1,0.55850015844504175
40,10304,nominal_single,40,1,1,0.34399366366366013
40,10304,nominal_split,40,1,1,0.34399366366366013
40,10304,wdro_single,40,1,1,0.70286550708998785
40,10304,wdro_nominal_split_unconditional,40,1,1,0.55850015844504175
40,10305,nominal_single,40,0,0,0.34399366366366013
40,10305,nominal_split,40,0,0,0.34399366366366013
40,10305,wdro_single,40,1,1,0.70286550708998785
40,10305,wdro_nominal_split_unconditional,40,1,1,0.55850015844504175
40,10306,nominal_single,40,1,1,0.34399366366366013
40,10306,nominal_split,40,1,1,0.34399366366366013
40,10306,wdro_single,40,4,1,0.70286550708998785
40,10306,wdro_nominal_split_unconditional,40,3,1,0.55850015844504175
40,10307,nominal_single,40,0,0,0.34399366366366013
40,10307,nominal_split,40,0,0,0.34399366366366013
40,10307,wdro_single,40,2,1,0.70286550708998785
40,10307,wdro_nominal_split_unconditional,40,2,1,0.55850015844504175
40,10308,nominal_single,40,1,1,0.34399366366366013
40,10308,nominal_split,40,1,1,0.34399366366366013
40,10308,wdro_single,40,1,1,0.70286550708998785
40,10308,wdro_nominal_split_unconditional,40,1,1,0.55850015844504175
40,10309,nominal_single,40,0,0,0.34399366366366013
40,10309,nominal_split,40,0,0,0.34399366366366013
40,10309,wdro_single,40,4,1,0.70286550708998785
40,10309,wdro_nominal_split_unconditional,40,3,1,0.55850015844504175
40,10310,nominal_single,40,0,0,0.34399366366366013
40,10310,nominal_split,40,0,0,0.34399366366366013
40,10310,wdro_single,40,2,1,0.70286550708998785
40,10310,wdro_nominal_split_unconditional,40,1,1,0.55850015844504175
40,10311,nominal_single,40,0,0,0.34399366366366013
40,10311,nominal_split,40,0,0,0.34399366366366013
40,10311,wdro_single,40,0,0,0.70286550708998785
40,10311,wdro_nominal_split_unconditional,40,0,0,0.55850015844504175
40,10312,nominal_single,40,1,1,0.34399366366366013
40,10312,nominal_split,40,1,1,0.34399366366366013
40,10312,wdro_single,40,1,1,0.70286550708998785
40,10312,wdro_nominal_split_unconditional,40,1,1,0.55850015844504175
40,10313,nominal_single,40,0,0,0.34399366366366013
40,10313,nominal_split,40,0,0,0.34399366366366013
40,10313,wdro_single,40,1,1,0.70286550708998785
40,10313,wdro_nominal_split_unconditional,40,1,1,0.55850015844504175
40,10314,nominal_single,40,1,1,0.34399366366366013
40,10314,nominal_split,40,1,1,0.34399366366366013
40,10314,wdro_single,40,1,1,0.70286550708998785
40,10314,wdro_nominal_split_unconditional,40,1,1,0.55850015844504175
40,10315,nominal_single,40,1,1,0.34399366366366013
40,10315,nominal_split,40,1,1,0.34399366366366013
40,10315,wdro_single,40,1,1,0.70286550708998785
40,10315,wdro_nominal_split_unconditional,40,1,1,0.55850015844504175
40,10316,nominal_single,40,0,0,0.34399366366366013
40,10316,nominal_split,40,0,0,0.34399366366366013
40,10316,wdro_single,40,0,0,0.70286550708998785
40,10316,wdro_nominal_split_unconditional,40,0,0,0.55850015844504175
40,10317,nominal_single,40,0,0,0.34399366366366013
40,10317,nominal_split,40,0,0,0.34399366366366013
40,10317,wdro_single,40,0,0,0.70286550708998785
40,10317,wdro_nominal_split_unconditional,40,0,0,0.55850015844504175
40,10318,nominal_single,40,1,1,0.34399366366366013
40,10318,nominal_split,40,1,1,0.34399366366366013
40,10318,wdro_single,40,1,1,0.70286550708998785
40,10318,wdro_nominal_split_unconditional,40,1,1,0.55850015844504175
40,10319,nominal_single,40,0,0,0.34399366366366013
40,10319,nominal_split,40,0,0,0.34399366366366013
40,10319,wdro_single,40,0,0,0.70286550708998785
40,10319,wdro_nominal_split_unconditional,40,0,0,0.55850015844504175
40,10320,nominal_single,40,0,0,0.34399366366366013
40,10320,nominal_split,40,0,0,0.34399366366366013
40,10320,wdro_single,40,1,1,0.70286550708998785
40,10320,wdro_nominal_split_unconditional,40,1,1,0.55850015844504175
40,10321,nominal_single,40,0,0,0.34399366366366013
40,10321,nominal_split,40,0,0,0.34399366366366013
40,10321,wdro_single,40,2,1,0.70286550708998785
40,10321,wdro_nominal_split_unconditional,40,2,1,0.55850015844504175
40,10322,nominal_single,40,0,0,0.34399366366366013
40,10322,nominal_split,40,0,0,0.34399366366366013
40,10322,wdro_single,40,1,1,0.70286550708998785
40,10322,wdro_nominal_split_unconditional,40,0,0,0.55850015844504175
40,10323,nominal_single,40,1,1,0.34399366366366013
40,10323,nominal_split,40,1,1,0.34399366366366013
40,10323,wdro_single,40,1,1,0.70286550708998785
40,10323,wdro_nominal_split_unconditional,40,1,1,0.55850015844504175
40,10324,nominal_single,40,0,0,0.34399366366366013
40,10324,nominal_split,40,0,0,0.34399366366366013
40,10324,wdro_single,40,1,1,0.70286550708998785
40,10324,wdro_nominal_split_unconditional,40,1,1,0.55850015844504175
40,10325,nominal_single,40,0,0,0.34399366366366013
40,10325,nominal_split,40,0,0,0.34399366366366013
40,10325,wdro_single,40,1,1,0.70286550708998785
40,10325,wdro_nominal_split_unconditional,40,1,1,0.55850015844504175
40,10326,nominal_single,40,1,1,0.34399366366366013
40,10326,nominal_split,40,1,1,0.34399366366366013
40,10326,wdro_single,40,3,1,0.70286550708998785
40,10326,wdro_nominal_split_unconditional,40,3,1,0.55850015844504175
40,10327,nominal_single,40,0,0,0.34399366366366013
40,10327,nominal_split,40,0,0,0.34399366366366013
40,10327,wdro_single,40,3,1,0.70286550708998785
40,10327,wdro_nominal_split_unconditional,40,2,1,0.55850015844504175
40,10328,nominal_single,40,0,0,0.34399366366366013
40,10328,nominal_split,40,0,0,0.34399366366366013
40,10328,wdro_single,40,0,0,0.70286550708998785
40,10328,wdro_nominal_split_unconditional,40,0,0,0.55850015844504175
40,10329,nominal_single,40,1,1,0.34399366366366013
40,10329,nominal_split,40,1,1,0.34399366366366013
40,10329,wdro_single,40,1,1,0.70286550708998785
40,10329,wdro_nominal_split_unconditional,40,1,1,0.55850015844504175
40,10330,nominal_single,40,0,0,0.34399366366366013
40,10330,nominal_split,40,0,0,0.34399366366366013
40,10330,wdro_single,40,0,0,0.70286550708998785
40,10330,wdro_nominal_split_unconditional,40,0,0,0.55850015844504175
40,10331,nominal_single,40,0,0,0.34399366366366013
40,10331,nominal_split,40,0,0,0.34399366366366013
40,10331,wdro_single,40,0,0,0.70286550708998785
40,10331,wdro_nominal_split_unconditional,40,0,0,0.55850015844504175
40,10332,nominal_single,40,0,0,0.34399366366366013
40,10332,nominal_split,40,0,0,0.34399366366366013
40,10332,wdro_single,40,1,1,0.70286550708998785
40,10332,wdro_nominal_split_unconditional,40,1,1,0.55850015844504175
40,10333,nominal_single,40,1,1,0.34399366366366013
40,10333,nominal_split,40,1,1,0.34399366366366013
40,10333,wdro_single,40,2,1,0.70286550708998785
40,10333,wdro_nominal_split_unconditional,40,2,1,0.55850015844504175
40,10334,nominal_single,40,2,1,0.34399366366366013
40,10334,nominal_split,40,2,1,0.34399366366366013
40,10334,wdro_single,40,2,1,0.70286550708998785
40,10334,wdro_nominal_split_unconditional,40,2,1,0.55850015844504175
40,10335,nominal_single,40,0,0,0.34399366366366013
40,10335,nominal_split,40,0,0,0.34399366366366013
40,10335,wdro_single,40,2,1,0.70286550708998785
40,10335,wdro_nominal_split_unconditional,40,1,1,0.55850015844504175
40,10336,nominal_single,40,0,0,0.34399366366366013
40,10336,nominal_split,40,0,0,0.34399366366366013
40,10336,wdro_single,40,1,1,0.70286550708998785
40,10336,wdro_nominal_split_unconditional,40,0,0,0.55850015844504175
40,10337,nominal_single,40,2,1,0.34399366366366013
40,10337,nominal_split,40,2,1,0.34399366366366013
40,10337,wdro_single,40,2,1,0.70286550708998785
40,10337,wdro_nominal_split_unconditional,40,2,1,0.55850015844504175
40,10338,nominal_single,40,0,0,0.34399366366366013
40,10338,nominal_split,40,0,0,0.34399366366366013
40,10338,wdro_single,40,1,1,0.70286550708998785
40,10338,wdro_nominal_split_unconditional,40,0,0,0.55850015844504175
40,10339,nominal_single,40,0,0,0.34399366366366013
40,10339,nominal_split,40,0,0,0.34399366366366013
40,10339,wdro_single,40,1,1,0.70286550708998785
40,10339,wdro_nominal_split_unconditional,40,1,1,0.55850015844504175
40,10340,nominal_single,40,1,1,0.34399366366366013
40,10340,nominal_split,40,1,1,0.34399366366366013
40,10340,wdro_single,40,3,1,0.70286550708998785
40,10340,wdro_nominal_split_unconditional,40,3,1,0.55850015844504175
40,10341,nominal_single,40,0,0,0.34399366366366013
40,10341,nominal_split,40,0,0,0.34399366366366013
40,10341,wdro_single,40,0,0,0.70286550708998785
40,10341,wdro_nominal_split_unconditional,40,0,0,0.55850015844504175
40,10342,nominal_single,40,1,1,0.34399366366366013
40,10342,nominal_split,40,1,1,0.34399366366366013
40,10342,wdro_single,40,3,1,0.70286550708998785
40,10342,wdro_nominal_split_unconditional,40,1,1,0.55850015844504175
40,10343,nominal_single,40,1,1,0.34399366366366013
40,10343,nominal_split,40,1,1,0.34399366366366013
40,10343,wdro_single,40,3,1,0.70286550708998785
40,10343,wdro_nominal_split_unconditional,40,2,1,0.55850015844504175
40,10344,nominal_single,40,0,0,0.34399366366366013
40,10344,nominal_split,40,0,0,0.34399366366366013
40,10344,wdro_single,40,0,0,0.70286550708998785
40,10344,wdro_nominal_split_unconditional,40,0,0,0.55850015844504175
40,10345,nominal_single,40,0,0,0.34399366366366013
40,10345,nominal_split,40,0,0,0.34399366366366013
40,10345,wdro_single,40,2,1,0.70286550708998785
40,10345,wdro_nominal_split_unconditional,40,2,1,0.55850015844504175
40,10346,nominal_single,40,2,1,0.34399366366366013
40,10346,nominal_split,40,2,1,0.34399366366366013
40,10346,wdro_single,40,2,1,0.70286550708998785
40,10346,wdro_nominal_split_unconditional,40,2,1,0.55850015844504175
40,10347,nominal_single,40,1,1,0.34399366366366013
40,10347,nominal_split,40,1,1,0.34399366366366013
40,10347,wdro_single,40,1,1,0.70286550708998785
40,10347,wdro_nominal_split_unconditional,40,1,1,0.55850015844504175
40,10348,nominal_single,40,1,1,0.34399366366366013
40,10348,nominal_split,40,1,1,0.34399366366366013
40,10348,wdro_single,40,1,1,0.70286550708998785
40,10348,wdro_nominal_split_unconditional,40,1,1,0.55850015844504175
40,10349,nominal_single,40,1,1,0.34399366366366013
40,10349,nominal_split,40,1,1,0.34399366366366013
40,10349,wdro_single,40,2,1,0.70286550708998785
40,10349,wdro_nominal_split_unconditional,40,1,1,0.55850015844504175
40,10350,nominal_single,40,2,1,0.34399366366366013
40,10350,nominal_split,40,2,1,0.34399366366366013
40,10350,wdro_single,40,3,1,0.70286550708998785
40,10350,wdro_nominal_split_unconditional,40,3,1,0.55850015844504175
40,10351,nominal_single,40,0,0,0.34399366366366013
40,10351,nominal_split,40,0,0,0.34399366366366013
40,10351,wdro_single,40,1,1,0.70286550708998785
40,10351,wdro_nominal_split_unconditional,40,0,0,0.55850015844504175
40,10352,nominal_single,40,0,0,0.34399366366366013
40,10352,nominal_split,40,0,0,0.34399366366366013
40,10352,wdro_single,40,0,0,0.70286550708998785
40,10352,wdro_nominal_split_unconditional,40,0,0,0.55850015844504175
40,10353,nominal_single,40,0,0,0.34399366366366013
40,10353,nominal_split,40,0,0,0.34399366366366013
40,10353,wdro_single,40,0,0,0.70286550708998785
40,10353,wdro_nominal_split_unconditional,40,0,0,0.55850015844504175
40,10354,nominal_single,40,1,1,0.34399366366366013
40,10354,nominal_split,40,1,1,0.34399366366366013
40,10354,wdro_single,40,1,1,0.70286550708998785
40,10354,wdro_nominal_split_unconditional,40,1,1,0.55850015844504175
40,10355,nominal_single,40,0,0,0.34399366366366013
40,10355,nominal_split,40,0,0,0.34399366366366013
40,10355,wdro_single,40,0,0,0.70286550708998785
40,10355,wdro_nominal_split_unconditional,40,0,0,0.55850015844504175
40,10356,nominal_single,40,0,0,0.34399366366366013
40,10356,nominal_split,40,0,0,0.34399366366366013
40,10356,wdro_single,40,1,1,0.70286550708998785
40,10356,wdro_nominal_split_unconditional,40,0,0,0.55850015844504175
40,10357,nominal_single,40,0,0,0.34399366366366013
40,10357,nominal_split,40,0,0,0.34399366366366013
40,10357,wdro_single,40,1,1,0.70286550708998785
40,10357,wdro_nominal_split_unconditional,40,1,1,0.55850015844504175
40,10358,nominal_single,40,0,0,0.34399366366366013
40,10358,nominal_split,40,0,0,0.34399366366366013
40,10358,wdro_single,40,2,1,0.70286550708998785
40,10358,wdro_nominal_split_unconditional,40,1,1,0.55850015844504175
40,10359,nominal_single,40,0,0,0.34399366366366013
40,10359,nominal_split,40,0,0,0.34399366366366013
40,10359,wdro_single,40,0,0,0.70286550708998785
40,10359,wdro_nominal_split_unconditional,40,0,0,0.55850015844504175
40,10360,nominal_single,40,0,0,0.34399366366366013
40,10360,nominal_split,40,0,0,0.34399366366366013
40,10360,wdro_single,40,0,0,0.70286550708998785
40,10360,wdro_nominal_split_unconditional,40,0,0,0.55850015844504175
40,10361,nominal_single,40,0,0,0.34399366366366013
40,10361,nominal_split,40,0,0,0.34399366366366013
40,10361,wdro_single,40,1,1,0.70286550708998785
40,10361,wdro_nominal_split_unconditional,40,0,0,0.55850015844504175
40,10362,nominal_single,40,0,0,0.34399366366366013
40,10362,nominal_split,40,0,0,0.34399366366366013
40,10362,wdro_single,40,0,0,0.70286550708998785
40,10362,wdro_nominal_split_unconditional,40,0,0,0.55850015844504175
40,10363,nominal_single,40,0,0,0.34399366366366013
40,10363,nominal_split,40,0,0,0.34399366366366013
40,10363,wdro_single,40,1,1,0.70286550708998785
40,10363,wdro_nominal_split_unconditional,40,0,0,0.55850015844504175
40,10364,nominal_single,40,0,0,0.34399366366366013
40,10364,nominal_split,40,0,0,0.34399366366366013
40,10364,wdro_single,40,2,1,0.70286550708998785
40,10364,wdro_nominal_split_unconditional,40,1,1,0.55850015844504175
40,10365,nominal_single,40,0,0,0.34399366366366013
40,10365,nominal_split,40,0,0,0.34399366366366013
40,10365,wdro_single,40,1,1,0.70286550708998785
40,10365,wdro_nominal_split_unconditional,40,1,1,0.55850015844504175
40,10366,nominal_single,40,0,0,0.34399366366366013
40,10366,nominal_split,40,0,0,0.34399366366366013
40,10366,wdro_single,40,1,1,0.70286550708998785
40,10366,wdro_nominal_split_unconditional,40,1,1,0.55850015844504175
40,10367,nominal_single,40,0,0,0.34399366366366013
40,10367,nominal_split,40,0,0,0.34399366366366013
40,10367,wdro_single,40,2,1,0.70286550708998785
40,10367,wdro_nominal_split_unconditional,40,1,1,0.55850015844504175
40,10368,nominal_single,40,0,0,0.34399366366366013
40,10368,nominal_split,40,0,0,0.34399366366366013
40,10368,wdro_single,40,3,1,0.70286550708998785
40,10368,wdro_nominal_split_unconditional,40,0,0,0.55850015844504175
40,10369,nominal_single,40,0,0,0.34399366366366013
40,10369,nominal_split,40,0,0,0.34399366366366013
40,10369,wdro_single,40,2,1,0.70286550708998785
40,10369,wdro_nominal_split_unconditional,40,0,0,0.55850015844504175
40,10370,nominal_single,40,0,0,0.34399366366366013
40,10370,nominal_split,40,0,0,0.34399366366366013
40,10370,wdro_single,40,1,1,0.70286550708998785
40,10370,wdro_nominal_split_unconditional,40,0,0,0.55850015844504175
40,10371,nominal_single,40,0,0,0.34399366366366013
40,10371,nominal_split,40,0,0,0.34399366366366013
40,10371,wdro_single,40,1,1,0.70286550708998785
40,10371,wdro_nominal_split_unconditional,40,0,0,0.55850015844504175
40,10372,nominal_single,40,0,0,0.34399366366366013
40,10372,nominal_split,40,0,0,0.34399366366366013
40,10372,wdro_single,40,2,1,0.70286550708998785
40,10372,wdro_nominal_split_unconditional,40,1,1,0.55850015844504175
40,10373,nominal_single,40,1,1,0.34399366366366013
40,10373,nominal_split,40,1,1,0.34399366366366013
40,10373,wdro_single,40,1,1,0.70286550708998785
40,10373,wdro_nominal_split_unconditional,40,1,1,0.55850015844504175
40,10374,nominal_single,40,0,0,0.34399366366366013
40,10374,nominal_split,40,0,0,0.34399366366366013
40,10374,wdro_single,40,0,0,0.70286550708998785
40,10374,wdro_nominal_split_unconditional,40,0,0,0.55850015844504175
40,10375,nominal_single,40,0,0,0.34399366366366013
40,10375,nominal_split,40,0,0,0.34399366366366013
40,10375,wdro_single,40,0,0,0.70286550708998785
40,10375,wdro_nominal_split_unconditional,40,0,0,0.55850015844504175
40,10376,nominal_single,40,0,0,0.34399366366366013
40,10376,nominal_split,40,0,0,0.34399366366366013
40,10376,wdro_single,40,0,0,0.70286550708998785
40,10376,wdro_nominal_split_unconditional,40,0,0,0.55850015844504175
40,10377,nominal_single,40,0,0,0.34399366366366013
40,10377,nominal_split,40,0,0,0.34399366366366013
40,10377,wdro_single,40,2,1,0.70286550708998785
40,10377,wdro_nominal_split_unconditional,40,1,1,0.55850015844504175
40,10378,nominal_single,40,1,1,0.34399366366366013
40,10378,nominal_split,40,1,1,0.34399366366366013
40,10378,wdro_single,40,1,1,0.70286550708998785
40,10378,wdro_nominal_split_unconditional,40,1,1,0.55850015844504175
40,10379,nominal_single,40,0,0,0.34399366366366013
40,10379,nominal_split,40,0,0,0.34399366366366013
40,10379,wdro_single,40,1,1,0.70286550708998785
40,10379,wdro_nominal_split_unconditional,40,0,0,0.55850015844504175
40,10380,nominal_single,40,0,0,0.34399366366366013
40,10380,nominal_split,40,0,0,0.34399366366366013
40,10380,wdro_single,40,1,1,0.70286550708998785
40,10380,wdro_nominal_split_unconditional,40,1,1,0.55850015844504175
40,10381,nominal_single,40,0,0,0.34399366366366013
40,10381,nominal_split,40,0,0,0.34399366366366013
40,10381,wdro_single,40,1,1,0.70286550708998785
40,10381,wdro_nominal_split_unconditional,40,0,0,0.55850015844504175
40,10382,nominal_single,40,1,1,0.34399366366366013
40,10382,nominal_split,40,1,1,0.34399366366366013
40,10382,wdro_single,40,1,1,0.70286550708998785
40,10382,wdro_nominal_split_unconditional,40,1,1,0.55850015844504175
40,10383,nominal_single,40,2,1,0.34399366366366013
40,10383,nominal_split,40,2,1,0.34399366366366013
40,10383,wdro_single,40,2,1,0.70286550708998785
40,10383,wdro_nominal_split_unconditional,40,2,1,0.55850015844504175
40,10384,nominal_single,40,0,0,0.34399366366366013
40,10384,nominal_split,40,0,0,0.34399366366366013
40,10384,wdro_single,40,0,0,0.70286550708998785
40,10384,wdro_nominal_split_unconditional,40,0,0,0.55850015844504175
40,10385,nominal_single,40,1,1,0.34399366366366013
40,10385,nominal_split,40,1,1,0.34399366366366013
40,10385,wdro_single,40,2,1,0.70286550708998785
40,10385,wdro_nominal_split_unconditional,40,1,1,0.55850015844504175
40,10386,nominal_single,40,0,0,0.34399366366366013
40,10386,nominal_split,40,0,0,0.34399366366366013
40,10386,wdro_single,40,1,1,0.70286550708998785
40,10386,wdro_nominal_split_unconditional,40,0,0,0.55850015844504175
40,10387,nominal_single,40,0,0,0.34399366366366013
40,10387,nominal_split,40,0,0,0.34399366366366013
40,10387,wdro_single,40,1,1,0.70286550708998785
40,10387,wdro_nominal_split_unconditional,40,0,0,0.55850015844504175
40,10388,nominal_single,40,1,1,0.34399366366366013
40,10388,nominal_split,40,1,1,0.34399366366366013
40,10388,wdro_single,40,1,1,0.70286550708998785
40,10388,wdro_nominal_split_unconditional,40,1,1,0.55850015844504175
40,10389,nominal_single,40,1,1,0.34399366366366013
40,10389,nominal_split,40,1,1,0.34399366366366013
40,10389,wdro_single,40,1,1,0.70286550708998785
40,10389,wdro_nominal_split_unconditional,40,1,1,0.55850015844504175
40,10390,nominal_single,40,1,1,0.34399366366366013
40,10390,nominal_split,40,1,1,0.34399366366366013
40,10390,wdro_single,40,1,1,0.70286550708998785
40,10390,wdro_nominal_split_unconditional,40,1,1,0.55850015844504175
40,10391,nominal_single,40,0,0,0.34399366366366013
40,10391,nominal_split,40,0,0,0.34399366366366013
40,10391,wdro_single,40,0,0,0.70286550708998785
40,10391,wdro_nominal_split_unconditional,40,0,0,0.55850015844504175
40,10392,nominal_single,40,0,0,0.34399366366366013
40,10392,nominal_split,40,0,0,0.34399366366366013
40,10392,wdro_single,40,0,0,0.70286550708998785
40,10392,wdro_nominal_split_unconditional,40,0,0,0.55850015844504175
40,10393,nominal_single,40,0,0,0.34399366366366013
40,10393,nominal_split,40,0,0,0.34399366366366013
40,10393,wdro_single,40,1,1,0.70286550708998785
40,10393,wdro_nominal_split_unconditional,40,1,1,0.55850015844504175
40,10394,nominal_single,40,0,0,0.34399366366366013
40,10394,nominal_split,40,0,0,0.34399366366366013
40,10394,wdro_single,40,1,1,0.70286550708998785
40,10394,wdro_nominal_split_unconditional,40,1,1,0.55850015844504175
40,10395,nominal_single,40,0,0,0.34399366366366013
40,10395,nominal_split,40,0,0,0.34399366366366013
40,10395,wdro_single,40,1,1,0.70286550708998785
40,10395,wdro_nominal_split_unconditional,40,1,1,0.55850015844504175
40,10396,nominal_single,40,0,0,0.34399366366366013
40,10396,nominal_split,40,0,0,0.34399366366366013
40,10396,wdro_single,40,1,1,0.70286550708998785
40,10396,wdro_nominal_split_unconditional,40,0,0,0.55850015844504175
40,10397,nominal_single,40,2,1,0.34399366366366013
40,10397,nominal_split,40,2,1,0.34399366366366013
40,10397,wdro_single,40,2,1,0.70286550708998785
40,10397,wdro_nominal_split_unconditional,40,2,1,0.55850015844504175
40,10398,nominal_single,40,0,0,0.34399366366366013
40,10398,nominal_split,40,0,0,0.34399366366366013
40,10398,wdro_single,40,0,0,0.70286550708998785
40,10398,wdro_nominal_split_unconditional,40,0,0,0.55850015844504175
40,10399,nominal_single,40,1,1,0.34399366366366013
40,10399,nominal_split,40,1,1,0.34399366366366013
40,10399,wdro_single,40,3,1,0.70286550708998785
40,10399,wdro_nominal_split_unconditional,40,1,1,0.55850015844504175
40,10400,nominal_single,40,0,0,0.34399366366366013
40,10400,nominal_split,40,0,0,0.34399366366366013
40,10400,wdro_single,40,1,1,0.70286550708998785
40,10400,wdro_nominal_split_unconditional,40,0,0,0.55850015844504175
40,10401,nominal_single,40,0,0,0.34399366366366013
40,10401,nominal_split,40,0,0,0.34399366366366013
40,10401,wdro_single,40,0,0,0.70286550708998785
40,10401,wdro_nominal_split_unconditional,40,0,0,0.55850015844504175
40,10402,nominal_single,40,0,0,0.34399366366366013
40,10402,nominal_split,40,0,0,0.34399366366366013
40,10402,wdro_single,40,1,1,0.70286550708998785
40,10402,wdro_nominal_split_unconditional,40,1,1,0.55850015844504175
40,10403,nominal_single,40,0,0,0.34399366366366013
40,10403,nominal_split,40,0,0,0.34399366366366013
40,10403,wdro_single,40,1,1,0.70286550708998785
40,10403,wdro_nominal_split_unconditional,40,0,0,0.55850015844504175
40,10404,nominal_single,40,0,0,0.34399366366366013
40,10404,nominal_split,40,0,0,0.34399366366366013
40,10404,wdro_single,40,1,1,0.70286550708998785
40,10404,wdro_nominal_split_unconditional,40,1,1,0.55850015844504175
40,10405,nominal_single,40,0,0,0.34399366366366013
40,10405,nominal_split,40,0,0,0.34399366366366013
40,10405,wdro_single,40,1,1,0.70286550708998785
40,10405,wdro_nominal_split_unconditional,40,0,0,0.55850015844504175
40,10406,nominal_single,40,0,0,0.34399366366366013
40,10406,nominal_split,40,0,0,0.34399366366366013
40,10406,wdro_single,40,0,0,0.70286550708998785
40,10406,wdro_nominal_split_unconditional,40,0,0,0.55850015844504175
40,10407,nominal_single,40,0,0,0.34399366366366013
40,10407,nominal_split,40,0,0,0.34399366366366013
40,10407,wdro_single,40,0,0,0.70286550708998785
40,10407,wdro_nominal_split_unconditional,40,0,0,0.55850015844504175
40,10408,nominal_single,40,0,0,0.34399366366366013
40,10408,nominal_split,40,0,0,0.34399366366366013
40,10408,wdro_single,40,0,0,0.70286550708998785
40,10408,wdro_nominal_split_unconditional,40,0,0,0.55850015844504175
40,10409,nominal_single,40,1,1,0.34399366366366013
40,10409,nominal_split,40,1,1,0.34399366366366013
40,10409,wdro_single,40,2,1,0.70286550708998785
40,10409,wdro_nominal_split_unconditional,40,2,1,0.55850015844504175
40,10410,nominal_single,40,1,1,0.34399366366366013
40,10410,nominal_split,40,1,1,0.34399366366366013
40,10410,wdro_single,40,2,1,0.70286550708998785
40,10410,wdro_nominal_split_unconditional,40,1,1,0.55850015844504175
40,10411,nominal_single,40,0,0,0.34399366366366013
40,10411,nominal_split,40,0,0,0.34399366366366013
40,10411,wdro_single,40,1,1,0.70286550708998785
40,10411,wdro_nominal_split_unconditional,40,1,1,0.55850015844504175
40,10412,nominal_single,40,0,0,0.34399366366366013
40,10412,nominal_split,40,0,0,0.34399366366366013
40,10412,wdro_single,40,1,1,0.70286550708998785
40,10412,wdro_nominal_split_unconditional,40,1,1,0.55850015844504175
40,10413,nominal_single,40,0,0,0.34399366366366013
40,10413,nominal_split,40,0,0,0.34399366366366013
40,10413,wdro_single,40,2,1,0.70286550708998785
40,10413,wdro_nominal_split_unconditional,40,1,1,0.55850015844504175
40,10414,nominal_single,40,0,0,0.34399366366366013
40,10414,nominal_split,40,0,0,0.34399366366366013
40,10414,wdro_single,40,0,0,0.70286550708998785
40,10414,wdro_nominal_split_unconditional,40,0,0,0.55850015844504175
40,10415,nominal_single,40,0,0,0.34399366366366013
40,10415,nominal_split,40,0,0,0.34399366366366013
40,10415,wdro_single,40,0,0,0.70286550708998785
40,10415,wdro_nominal_split_unconditional,40,0,0,0.55850015844504175
40,10416,nominal_single,40,0,0,0.34399366366366013
40,10416,nominal_split,40,0,0,0.34399366366366013
40,10416,wdro_single,40,0,0,0.70286550708998785
40,10416,wdro_nominal_split_unconditional,40,0,0,0.55850015844504175
40,10417,nominal_single,40,0,0,0.34399366366366013
40,10417,nominal_split,40,0,0,0.34399366366366013
40,10417,wdro_single,40,0,0,0.70286550708998785
40,10417,wdro_nominal_split_unconditional,40,0,0,0.55850015844504175
40,10418,nominal_single,40,0,0,0.34399366366366013
40,10418,nominal_split,40,0,0,0.34399366366366013
40,10418,wdro_single,40,1,1,0.70286550708998785
40,10418,wdro_nominal_split_unconditional,40,1,1,0.55850015844504175
40,10419,nominal_single,40,0,0,0.34399366366366013
40,10419,nominal_split,40,0,0,0.34399366366366013
40,10419,wdro_single,40,0,0,0.70286550708998785
40,10419,wdro_nominal_split_unconditional,40,0,0,0.55850015844504175
40,10420,nominal_single,40,0,0,0.34399366366366013
40,10420,nominal_split,40,0,0,0.34399366366366013
40,10420,wdro_single,40,1,1,0.70286550708998785
40,10420,wdro_nominal_split_unconditional,40,1,1,0.55850015844504175
40,10421,nominal_single,40,0,0,0.34399366366366013
40,10421,nominal_split,40,0,0,0.34399366366366013
40,10421,wdro_single,40,2,1,0.70286550708998785
40,10421,wdro_nominal_split_unconditional,40,2,1,0.55850015844504175
40,10422,nominal_single,40,0,0,0.34399366366366013
40,10422,nominal_split,40,0,0,0.34399366366366013
40,10422,wdro_single,40,1,1,0.70286550708998785
40,10422,wdro_nominal_split_unconditional,40,0,0,0.55850015844504175
40,10423,nominal_single,40,1,1,0.34399366366366013
40,10423,nominal_split,40,1,1,0.34399366366366013
40,10423,wdro_single,40,3,1,0.70286550708998785
40,10423,wdro_nominal_split_unconditional,40,1,1,0.55850015844504175
40,10424,nominal_single,40,0,0,0.34399366366366013
40,10424,nominal_split,40,0,0,0.34399366366366013
40,10424,wdro_single,40,1,1,0.70286550708998785
40,10424,wdro_nominal_split_unconditional,40,0,0,0.55850015844504175
40,10425,nominal_single,40,0,0,0.34399366366366013
40,10425,nominal_split,40,0,0,0.34399366366366013
40,10425,wdro_single,40,0,0,0.70286550708998785
40,10425,wdro_nominal_split_unconditional,40,0,0,0.55850015844504175
40,10426,nominal_single,40,1,1,0.34399366366366013
40,10426,nominal_split,40,1,1,0.34399366366366013
40,10426,wdro_single,40,2,1,0.70286550708998785
40,10426,wdro_nominal_split_unconditional,40,2,1,0.55850015844504175
40,10427,nominal_single,40,1,1,0.34399366366366013
40,10427,nominal_split,40,1,1,0.34399366366366013
40,10427,wdro_single,40,2,1,0.70286550708998785
40,10427,wdro_nominal_split_unconditional,40,1,1,0.55850015844504175
40,10428,nominal_single,40,1,1,0.34399366366366013
40,10428,nominal_split,40,1,1,0.34399366366366013
40,10428,wdro_single,40,1,1,0.70286550708998785
40,10428,wdro_nominal_split_unconditional,40,1,1,0.55850015844504175
40,10429,nominal_single,40,0,0,0.34399366366366013
40,10429,nominal_split,40,0,0,0.34399366366366013
40,10429,wdro_single,40,0,0,0.70286550708998785
40,10429,wdro_nominal_split_unconditional,40,0,0,0.55850015844504175
40,10430,nominal_single,40,0,0,0.34399366366366013
40,10430,nominal_split,40,0,0,0.34399366366366013
40,10430,wdro_single,40,1,1,0.70286550708998785
40,10430,wdro_nominal_split_unconditional,40,0,0,0.55850015844504175
40,10431,nominal_single,40,1,1,0.34399366366366013
40,10431,nominal_split,40,1,1,0.34399366366366013
40,10431,wdro_single,40,2,1,0.70286550708998785
40,10431,wdro_nominal_split_unconditional,40,2,1,0.55850015844504175
40,10432,nominal_single,40,1,1,0.34399366366366013
40,10432,nominal_split,40,1,1,0.34399366366366013
40,10432,wdro_single,40,2,1,0.70286550708998785
40,10432,wdro_nominal_split_unconditional,40,1,1,0.55850015844504175
40,10433,nominal_single,40,0,0,0.34399366366366013
40,10433,nominal_split,40,0,0,0.34399366366366013
40,10433,wdro_single,40,0,0,0.70286550708998785
40,10433,wdro_nominal_split_unconditional,40,0,0,0.55850015844504175
40,10434,nominal_single,40,0,0,0.34399366366366013
40,10434,nominal_split,40,0,0,0.34399366366366013
40,10434,wdro_single,40,0,0,0.70286550708998785
40,10434,wdro_nominal_split_unconditional,40,0,0,0.55850015844504175
40,10435,nominal_single,40,0,0,0.34399366366366013
40,10435,nominal_split,40,0,0,0.34399366366366013
40,10435,wdro_single,40,2,1,0.70286550708998785
40,10435,wdro_nominal_split_unconditional,40,2,1,0.55850015844504175
40,10436,nominal_single,40,0,0,0.34399366366366013
40,10436,nominal_split,40,0,0,0.34399366366366013
40,10436,wdro_single,40,2,1,0.70286550708998785
40,10436,wdro_nominal_split_unconditional,40,1,1,0.55850015844504175
40,10437,nominal_single,40,1,1,0.34399366366366013
40,10437,nominal_split,40,1,1,0.34399366366366013
40,10437,wdro_single,40,1,1,0.70286550708998785
40,10437,wdro_nominal_split_unconditional,40,1,1,0.55850015844504175
40,10438,nominal_single,40,0,0,0.34399366366366013
40,10438,nominal_split,40,0,0,0.34399366366366013
40,10438,wdro_single,40,3,1,0.70286550708998785
40,10438,wdro_nominal_split_unconditional,40,1,1,0.55850015844504175
40,10439,nominal_single,40,0,0,0.34399366366366013
40,10439,nominal_split,40,0,0,0.34399366366366013
40,10439,wdro_single,40,0,0,0.70286550708998785
40,10439,wdro_nominal_split_unconditional,40,0,0,0.55850015844504175
40,10440,nominal_single,40,0,0,0.34399366366366013
40,10440,nominal_split,40,0,0,0.34399366366366013
40,10440,wdro_single,40,1,1,0.70286550708998785
40,10440,wdro_nominal_split_unconditional,40,0,0,0.55850015844504175
40,10441,nominal_single,40,0,0,0.34399366366366013
40,10441,nominal_split,40,0,0,0.34399366366366013
40,10441,wdro_single,40,1,1,0.70286550708998785
40,10441,wdro_nominal_split_unconditional,40,1,1,0.55850015844504175
40,10442,nominal_single,40,1,1,0.34399366366366013
40,10442,nominal_split,40,1,1,0.34399366366366013
40,10442,wdro_single,40,2,1,0.70286550708998785
40,10442,wdro_nominal_split_unconditional,40,1,1,0.55850015844504175
40,10443,nominal_single,40,0,0,0.34399366366366013
40,10443,nominal_split,40,0,0,0.34399366366366013
40,10443,wdro_single,40,1,1,0.70286550708998785
40,10443,wdro_nominal_split_unconditional,40,0,0,0.55850015844504175
40,10444,nominal_single,40,2,1,0.34399366366366013
40,10444,nominal_split,40,2,1,0.34399366366366013
40,10444,wdro_single,40,5,1,0.70286550708998785
40,10444,wdro_nominal_split_unconditional,40,3,1,0.55850015844504175
40,10445,nominal_single,40,1,1,0.34399366366366013
40,10445,nominal_split,40,1,1,0.34399366366366013
40,10445,wdro_single,40,2,1,0.70286550708998785
40,10445,wdro_nominal_split_unconditional,40,1,1,0.55850015844504175
40,10446,nominal_single,40,1,1,0.34399366366366013
40,10446,nominal_split,40,1,1,0.34399366366366013
40,10446,wdro_single,40,3,1,0.70286550708998785
40,10446,wdro_nominal_split_unconditional,40,2,1,0.55850015844504175
40,10447,nominal_single,40,0,0,0.34399366366366013
40,10447,nominal_split,40,0,0,0.34399366366366013
40,10447,wdro_single,40,0,0,0.70286550708998785
40,10447,wdro_nominal_split_unconditional,40,0,0,0.55850015844504175
40,10448,nominal_single,40,0,0,0.34399366366366013
40,10448,nominal_split,40,0,0,0.34399366366366013
40,10448,wdro_single,40,0,0,0.70286550708998785
40,10448,wdro_nominal_split_unconditional,40,0,0,0.55850015844504175
40,10449,nominal_single,40,0,0,0.34399366366366013
40,10449,nominal_split,40,0,0,0.34399366366366013
40,10449,wdro_single,40,1,1,0.70286550708998785
40,10449,wdro_nominal_split_unconditional,40,1,1,0.55850015844504175
40,10450,nominal_single,40,1,1,0.34399366366366013
40,10450,nominal_split,40,1,1,0.34399366366366013
40,10450,wdro_single,40,1,1,0.70286550708998785
40,10450,wdro_nominal_split_unconditional,40,1,1,0.55850015844504175
40,10451,nominal_single,40,0,0,0.34399366366366013
40,10451,nominal_split,40,0,0,0.34399366366366013
40,10451,wdro_single,40,2,1,0.70286550708998785
40,10451,wdro_nominal_split_unconditional,40,1,1,0.55850015844504175
40,10452,nominal_single,40,0,0,0.34399366366366013
40,10452,nominal_split,40,0,0,0.34399366366366013
40,10452,wdro_single,40,0,0,0.70286550708998785
40,10452,wdro_nominal_split_unconditional,40,0,0,0.55850015844504175
40,10453,nominal_single,40,0,0,0.34399366366366013
40,10453,nominal_split,40,0,0,0.34399366366366013
40,10453,wdro_single,40,0,0,0.70286550708998785
40,10453,wdro_nominal_split_unconditional,40,0,0,0.55850015844504175
40,10454,nominal_single,40,0,0,0.34399366366366013
40,10454,nominal_split,40,0,0,0.34399366366366013
40,10454,wdro_single,40,1,1,0.70286550708998785
40,10454,wdro_nominal_split_unconditional,40,0,0,0.55850015844504175
40,10455,nominal_single,40,1,1,0.34399366366366013
40,10455,nominal_split,40,1,1,0.34399366366366013
40,10455,wdro_single,40,1,1,0.70286550708998785
40,10455,wdro_nominal_split_unconditional,40,1,1,0.55850015844504175
40,10456,nominal_single,40,2,1,0.34399366366366013
40,10456,nominal_split,40,2,1,0.34399366366366013
40,10456,wdro_single,40,3,1,0.70286550708998785
40,10456,wdro_nominal_split_unconditional,40,2,1,0.55850015844504175
40,10457,nominal_single,40,0,0,0.34399366366366013
40,10457,nominal_split,40,0,0,0.34399366366366013
40,10457,wdro_single,40,1,1,0.70286550708998785
40,10457,wdro_nominal_split_unconditional,40,1,1,0.55850015844504175
40,10458,nominal_single,40,1,1,0.34399366366366013
40,10458,nominal_split,40,1,1,0.34399366366366013
40,10458,wdro_single,40,1,1,0.70286550708998785
40,10458,wdro_nominal_split_unconditional,40,1,1,0.55850015844504175
40,10459,nominal_single,40,2,1,0.34399366366366013
40,10459,nominal_split,40,2,1,0.34399366366366013
40,10459,wdro_single,40,2,1,0.70286550708998785
40,10459,wdro_nominal_split_unconditional,40,2,1,0.55850015844504175
40,10460,nominal_single,40,1,1,0.34399366366366013
40,10460,nominal_split,40,1,1,0.34399366366366013
40,10460,wdro_single,40,1,1,0.70286550708998785
40,10460,wdro_nominal_split_unconditional,40,1,1,0.55850015844504175
40,10461,nominal_single,40,0,0,0.34399366366366013
40,10461,nominal_split,40,0,0,0.34399366366366013
40,10461,wdro_single,40,0,0,0.70286550708998785
40,10461,wdro_nominal_split_unconditional,40,0,0,0.55850015844504175
40,10462,nominal_single,40,0,0,0.34399366366366013
40,10462,nominal_split,40,0,0,0.34399366366366013
40,10462,wdro_single,40,0,0,0.70286550708998785
40,10462,wdro_nominal_split_unconditional,40,0,0,0.55850015844504175
40,10463,nominal_single,40,0,0,0.34399366366366013
40,10463,nominal_split,40,0,0,0.34399366366366013
40,10463,wdro_single,40,0,0,0.70286550708998785
40,10463,wdro_nominal_split_unconditional,40,0,0,0.55850015844504175
40,10464,nominal_single,40,0,0,0.34399366366366013
40,10464,nominal_split,40,0,0,0.34399366366366013
40,10464,wdro_single,40,1,1,0.70286550708998785
40,10464,wdro_nominal_split_unconditional,40,1,1,0.55850015844504175
40,10465,nominal_single,40,0,0,0.34399366366366013
40,10465,nominal_split,40,0,0,0.34399366366366013
40,10465,wdro_single,40,1,1,0.70286550708998785
40,10465,wdro_nominal_split_unconditional,40,1,1,0.55850015844504175
40,10466,nominal_single,40,0,0,0.34399366366366013
40,10466,nominal_split,40,0,0,0.34399366366366013
40,10466,wdro_single,40,1,1,0.70286550708998785
40,10466,wdro_nominal_split_unconditional,40,1,1,0.55850015844504175
40,10467,nominal_single,40,0,0,0.34399366366366013
40,10467,nominal_split,40,0,0,0.34399366366366013
40,10467,wdro_single,40,0,0,0.70286550708998785
40,10467,wdro_nominal_split_unconditional,40,0,0,0.55850015844504175
40,10468,nominal_single,40,0,0,0.34399366366366013
40,10468,nominal_split,40,0,0,0.34399366366366013
40,10468,wdro_single,40,0,0,0.70286550708998785
40,10468,wdro_nominal_split_unconditional,40,0,0,0.55850015844504175
40,10469,nominal_single,40,0,0,0.34399366366366013
40,10469,nominal_split,40,0,0,0.34399366366366013
40,10469,wdro_single,40,0,0,0.70286550708998785
40,10469,wdro_nominal_split_unconditional,40,0,0,0.55850015844504175
40,10470,nominal_single,40,0,0,0.34399366366366013
40,10470,nominal_split,40,0,0,0.34399366366366013
40,10470,wdro_single,40,1,1,0.70286550708998785
40,10470,wdro_nominal_split_unconditional,40,0,0,0.55850015844504175
40,10471,nominal_single,40,1,1,0.34399366366366013
40,10471,nominal_split,40,1,1,0.34399366366366013
40,10471,wdro_single,40,2,1,0.70286550708998785
40,10471,wdro_nominal_split_unconditional,40,1,1,0.55850015844504175
40,10472,nominal_single,40,0,0,0.34399366366366013
40,10472,nominal_split,40,0,0,0.34399366366366013
40,10472,wdro_single,40,0,0,0.70286550708998785
40,10472,wdro_nominal_split_unconditional,40,0,0,0.55850015844504175
40,10473,nominal_single,40,1,1,0.34399366366366013
40,10473,nominal_split,40,1,1,0.34399366366366013
40,10473,wdro_single,40,2,1,0.70286550708998785
40,10473,wdro_nominal_split_unconditional,40,2,1,0.55850015844504175
40,10474,nominal_single,40,1,1,0.34399366366366013
40,10474,nominal_split,40,1,1,0.34399366366366013
40,10474,wdro_single,40,2,1,0.70286550708998785
40,10474,wdro_nominal_split_unconditional,40,2,1,0.55850015844504175
40,10475,nominal_single,40,0,0,0.34399366366366013
40,10475,nominal_split,40,0,0,0.34399366366366013
40,10475,wdro_single,40,2,1,0.70286550708998785
40,10475,wdro_nominal_split_unconditional,40,1,1,0.55850015844504175
40,10476,nominal_single,40,1,1,0.34399366366366013
40,10476,nominal_split,40,1,1,0.34399366366366013
40,10476,wdro_single,40,1,1,0.70286550708998785
40,10476,wdro_nominal_split_unconditional,40,1,1,0.55850015844504175
40,10477,nominal_single,40,0,0,0.34399366366366013
40,10477,nominal_split,40,0,0,0.34399366366366013
40,10477,wdro_single,40,1,1,0.70286550708998785
40,10477,wdro_nominal_split_unconditional,40,1,1,0.55850015844504175
40,10478,nominal_single,40,1,1,0.34399366366366013
40,10478,nominal_split,40,1,1,0.34399366366366013
40,10478,wdro_single,40,2,1,0.70286550708998785
40,10478,wdro_nominal_split_unconditional,40,1,1,0.55850015844504175
40,10479,nominal_single,40,0,0,0.34399366366366013
40,10479,nominal_split,40,0,0,0.34399366366366013
40,10479,wdro_single,40,0,0,0.70286550708998785
40,10479,wdro_nominal_split_unconditional,40,0,0,0.55850015844504175
40,10480,nominal_single,40,0,0,0.34399366366366013
40,10480,nominal_split,40,0,0,0.34399366366366013
40,10480,wdro_single,40,0,0,0.70286550708998785
40,10480,wdro_nominal_split_unconditional,40,0,0,0.55850015844504175
40,10481,nominal_single,40,2,1,0.34399366366366013
40,10481,nominal_split,40,2,1,0.34399366366366013
40,10481,wdro_single,40,2,1,0.70286550708998785
40,10481,wdro_nominal_split_unconditional,40,2,1,0.55850015844504175
40,10482,nominal_single,40,0,0,0.34399366366366013
40,10482,nominal_split,40,0,0,0.34399366366366013
40,10482,wdro_single,40,2,1,0.70286550708998785
40,10482,wdro_nominal_split_unconditional,40,2,1,0.55850015844504175
40,10483,nominal_single,40,1,1,0.34399366366366013
40,10483,nominal_split,40,1,1,0.34399366366366013
40,10483,wdro_single,40,2,1,0.70286550708998785
40,10483,wdro_nominal_split_unconditional,40,2,1,0.55850015844504175
40,10484,nominal_single,40,1,1,0.34399366366366013
40,10484,nominal_split,40,1,1,0.34399366366366013
40,10484,wdro_single,40,3,1,0.70286550708998785
40,10484,wdro_nominal_split_unconditional,40,2,1,0.55850015844504175
40,10485,nominal_single,40,0,0,0.34399366366366013
40,10485,nominal_split,40,0,0,0.34399366366366013
40,10485,wdro_single,40,0,0,0.70286550708998785
40,10485,wdro_nominal_split_unconditional,40,0,0,0.55850015844504175
40,10486,nominal_single,40,1,1,0.34399366366366013
40,10486,nominal_split,40,1,1,0.34399366366366013
40,10486,wdro_single,40,3,1,0.70286550708998785
40,10486,wdro_nominal_split_unconditional,40,1,1,0.55850015844504175
40,10487,nominal_single,40,1,1,0.34399366366366013
40,10487,nominal_split,40,1,1,0.34399366366366013
40,10487,wdro_single,40,1,1,0.70286550708998785
40,10487,wdro_nominal_split_unconditional,40,1,1,0.55850015844504175
40,10488,nominal_single,40,0,0,0.34399366366366013
40,10488,nominal_split,40,0,0,0.34399366366366013
40,10488,wdro_single,40,0,0,0.70286550708998785
40,10488,wdro_nominal_split_unconditional,40,0,0,0.55850015844504175
40,10489,nominal_single,40,2,1,0.34399366366366013
40,10489,nominal_split,40,2,1,0.34399366366366013
40,10489,wdro_single,40,2,1,0.70286550708998785
40,10489,wdro_nominal_split_unconditional,40,2,1,0.55850015844504175
40,10490,nominal_single,40,0,0,0.34399366366366013
40,10490,nominal_split,40,0,0,0.34399366366366013
40,10490,wdro_single,40,2,1,0.70286550708998785
40,10490,wdro_nominal_split_unconditional,40,1,1,0.55850015844504175
40,10491,nominal_single,40,0,0,0.34399366366366013
40,10491,nominal_split,40,0,0,0.34399366366366013
40,10491,wdro_single,40,0,0,0.70286550708998785
40,10491,wdro_nominal_split_unconditional,40,0,0,0.55850015844504175
40,10492,nominal_single,40,0,0,0.34399366366366013
40,10492,nominal_split,40,0,0,0.34399366366366013
40,10492,wdro_single,40,1,1,0.70286550708998785
40,10492,wdro_nominal_split_unconditional,40,1,1,0.55850015844504175
40,10493,nominal_single,40,0,0,0.34399366366366013
40,10493,nominal_split,40,0,0,0.34399366366366013
40,10493,wdro_single,40,1,1,0.70286550708998785
40,10493,wdro_nominal_split_unconditional,40,1,1,0.55850015844504175
40,10494,nominal_single,40,1,1,0.34399366366366013
40,10494,nominal_split,40,1,1,0.34399366366366013
40,10494,wdro_single,40,2,1,0.70286550708998785
40,10494,wdro_nominal_split_unconditional,40,1,1,0.55850015844504175
40,10495,nominal_single,40,0,0,0.34399366366366013
40,10495,nominal_split,40,0,0,0.34399366366366013
40,10495,wdro_single,40,2,1,0.70286550708998785
40,10495,wdro_nominal_split_unconditional,40,1,1,0.55850015844504175
40,10496,nominal_single,40,1,1,0.34399366366366013
40,10496,nominal_split,40,1,1,0.34399366366366013
40,10496,wdro_single,40,1,1,0.70286550708998785
40,10496,wdro_nominal_split_unconditional,40,1,1,0.55850015844504175
40,10497,nominal_single,40,1,1,0.34399366366366013
40,10497,nominal_split,40,1,1,0.34399366366366013
40,10497,wdro_single,40,2,1,0.70286550708998785
40,10497,wdro_nominal_split_unconditional,40,2,1,0.55850015844504175
40,10498,nominal_single,40,0,0,0.34399366366366013
40,10498,nominal_split,40,0,0,0.34399366366366013
40,10498,wdro_single,40,0,0,0.70286550708998785
40,10498,wdro_nominal_split_unconditional,40,0,0,0.55850015844504175
40,10499,nominal_single,40,0,0,0.34399366366366013
40,10499,nominal_split,40,0,0,0.34399366366366013
40,10499,wdro_single,40,0,0,0.70286550708998785
40,10499,wdro_nominal_split_unconditional,40,0,0,0.55850015844504175
40,10500,nominal_single,40,0,0,0.34399366366366013
40,10500,nominal_split,40,0,0,0.34399366366366013
40,10500,wdro_single,40,0,0,0.70286550708998785
40,10500,wdro_nominal_split_unconditional,40,0,0,0.55850015844504175
80,10001,nominal_single,80,1,1,0.56965568668657296
80,10001,nominal_split,80,1,1,0.56965568668657296
80,10001,wdro_single,80,3,1,0.91171109312310994
80,10001,wdro_nominal_split_unconditional,80,1,1,0.80507788990694684
80,10002,nominal_single,80,0,0,0.56965568668657296
80,10002,nominal_split,80,0,0,0.56965568668657296
80,10002,wdro_single,80,1,1,0.91171109312310994
80,10002,wdro_nominal_split_unconditional,80,1,1,0.80507788990694684
80,10003,nominal_single,80,0,0,0.56965568668657296
80,10003,nominal_split,80,0,0,0.56965568668657296
80,10003,wdro_single,80,1,1,0.91171109312310994
80,10003,wdro_nominal_split_unconditional,80,0,0,0.80507788990694684
80,10004,nominal_single,80,2,1,0.56965568668657296
80,10004,nominal_split,80,2,1,0.56965568668657296
80,10004,wdro_single,80,4,1,0.91171109312310994
80,10004,wdro_nominal_split_unconditional,80,3,1,0.80507788990694684
80,10005,nominal_single,80,0,0,0.56965568668657296
80,10005,nominal_split,80,0,0,0.56965568668657296
80,10005,wdro_single,80,2,1,0.91171109312310994
80,10005,wdro_nominal_split_unconditional,80,1,1,0.80507788990694684
80,10006,nominal_single,80,0,0,0.56965568668657296
80,10006,nominal_split,80,0,0,0.56965568668657296
80,10006,wdro_single,80,1,1,0.91171109312310994
80,10006,wdro_nominal_split_unconditional,80,1,1,0.80507788990694684
80,10007,nominal_single,80,1,1,0.56965568668657296
80,10007,nominal_split,80,1,1,0.56965568668657296
80,10007,wdro_single,80,1,1,0.91171109312310994
80,10007,wdro_nominal_split_unconditional,80,1,1,0.80507788990694684
80,10008,nominal_single,80,2,1,0.56965568668657296
80,10008,nominal_split,80,2,1,0.56965568668657296
80,10008,wdro_single,80,2,1,0.91171109312310994
80,10008,wdro_nominal_split_unconditional,80,2,1,0.80507788990694684
80,10009,nominal_single,80,2,1,0.56965568668657296
80,10009,nominal_split,80,2,1,0.56965568668657296
80,10009,wdro_single,80,4,1,0.91171109312310994
80,10009,wdro_nominal_split_unconditional,80,3,1,0.80507788990694684
80,10010,nominal_single,80,0,0,0.56965568668657296
80,10010,nominal_split,80,0,0,0.56965568668657296
80,10010,wdro_single,80,0,0,0.91171109312310994
80,10010,wdro_nominal_split_unconditional,80,0,0,0.80507788990694684
80,10011,nominal_single,80,1,1,0.56965568668657296
80,10011,nominal_split,80,1,1,0.56965568668657296
80,10011,wdro_single,80,4,1,0.91171109312310994
80,10011,wdro_nominal_split_unconditional,80,1,1,0.80507788990694684
80,10012,nominal_single,80,1,1,0.56965568668657296
80,10012,nominal_split,80,1,1,0.56965568668657296
80,10012,wdro_single,80,3,1,0.91171109312310994
80,10012,wdro_nominal_split_unconditional,80,3,1,0.80507788990694684
80,10013,nominal_single,80,1,1,0.56965568668657296
80,10013,nominal_split,80,1,1,0.56965568668657296
80,10013,wdro_single,80,3,1,0.91171109312310994
80,10013,wdro_nominal_split_unconditional,80,2,1,0.80507788990694684
80,10014,nominal_single,80,1,1,0.56965568668657296
80,10014,nominal_split,80,1,1,0.56965568668657296
80,10014,wdro_single,80,3,1,0.91171109312310994
80,10014,wdro_nominal_split_unconditional,80,3,1,0.80507788990694684
80,10015,nominal_single,80,0,0,0.56965568668657296
80,10015,nominal_split,80,0,0,0.56965568668657296
80,10015,wdro_single,80,1,1,0.91171109312310994
80,10015,wdro_nominal_split_unconditional,80,1,1,0.80507788990694684
80,10016,nominal_single,80,0,0,0.56965568668657296
80,10016,nominal_split,80,0,0,0.56965568668657296
80,10016,wdro_single,80,2,1,0.91171109312310994
80,10016,wdro_nominal_split_unconditional,80,1,1,0.80507788990694684
80,10017,nominal_single,80,1,1,0.56965568668657296
80,10017,nominal_split,80,1,1,0.56965568668657296
80,10017,wdro_single,80,3,1,0.91171109312310994
80,10017,wdro_nominal_split_unconditional,80,2,1,0.80507788990694684
80,10018,nominal_single,80,2,1,0.56965568668657296
80,10018,nominal_split,80,2,1,0.56965568668657296
80,10018,wdro_single,80,4,1,0.91171109312310994
80,10018,wdro_nominal_split_unconditional,80,3,1,0.80507788990694684
80,10019,nominal_single,80,0,0,0.56965568668657296
80,10019,nominal_split,80,0,0,0.56965568668657296
80,10019,wdro_single,80,1,1,0.91171109312310994
80,10019,wdro_nominal_split_unconditional,80,0,0,0.80507788990694684
80,10020,nominal_single,80,0,0,0.56965568668657296
80,10020,nominal_split,80,0,0,0.56965568668657296
80,10020,wdro_single,80,3,1,0.91171109312310994
80,10020,wdro_nominal_split_unconditional,80,0,0,0.80507788990694684
80,10021,nominal_single,80,3,1,0.56965568668657296
80,10021,nominal_split,80,3,1,0.56965568668657296
80,10021,wdro_single,80,5,1,0.91171109312310994
80,10021,wdro_nominal_split_unconditional,80,4,1,0.80507788990694684
80,10022,nominal_single,80,2,1,0.56965568668657296
80,10022,nominal_split,80,2,1,0.56965568668657296
80,10022,wdro_single,80,4,1,0.91171109312310994
80,10022,wdro_nominal_split_unconditional,80,4,1,0.80507788990694684
80,10023,nominal_single,80,1,1,0.56965568668657296
80,10023,nominal_split,80,1,1,0.56965568668657296
80,10023,wdro_single,80,1,1,0.91171109312310994
80,10023,wdro_nominal_split_unconditional,80,1,1,0.80507788990694684
80,10024,nominal_single,80,5,1,0.56965568668657296
80,10024,nominal_split,80,5,1,0.56965568668657296
80,10024,wdro_single,80,6,1,0.91171109312310994
80,10024,wdro_nominal_split_unconditional,80,6,1,0.80507788990694684
80,10025,nominal_single,80,1,1,0.56965568668657296
80,10025,nominal_split,80,1,1,0.56965568668657296
80,10025,wdro_single,80,3,1,0.91171109312310994
80,10025,wdro_nominal_split_unconditional,80,2,1,0.80507788990694684
80,10026,nominal_single,80,0,0,0.56965568668657296
80,10026,nominal_split,80,0,0,0.56965568668657296
80,10026,wdro_single,80,2,1,0.91171109312310994
80,10026,wdro_nominal_split_unconditional,80,1,1,0.80507788990694684
80,10027,nominal_single,80,3,1,0.56965568668657296
80,10027,nominal_split,80,3,1,0.56965568668657296
80,10027,wdro_single,80,4,1,0.91171109312310994
80,10027,wdro_nominal_split_unconditional,80,3,1,0.80507788990694684
80,10028,nominal_single,80,0,0,0.56965568668657296
80,10028,nominal_split,80,0,0,0.56965568668657296
80,10028,wdro_single,80,0,0,0.91171109312310994
80,10028,wdro_nominal_split_unconditional,80,0,0,0.80507788990694684
80,10029,nominal_single,80,1,1,0.56965568668657296
80,10029,nominal_split,80,1,1,0.56965568668657296
80,10029,wdro_single,80,2,1,0.91171109312310994
80,10029,wdro_nominal_split_unconditional,80,1,1,0.80507788990694684
80,10030,nominal_single,80,0,0,0.56965568668657296
80,10030,nominal_split,80,0,0,0.56965568668657296
80,10030,wdro_single,80,2,1,0.91171109312310994
80,10030,wdro_nominal_split_unconditional,80,1,1,0.80507788990694684
80,10031,nominal_single,80,1,1,0.56965568668657296
80,10031,nominal_split,80,1,1,0.56965568668657296
80,10031,wdro_single,80,2,1,0.91171109312310994
80,10031,wdro_nominal_split_unconditional,80,2,1,0.80507788990694684
80,10032,nominal_single,80,1,1,0.56965568668657296
80,10032,nominal_split,80,1,1,0.56965568668657296
80,10032,wdro_single,80,3,1,0.91171109312310994
80,10032,wdro_nominal_split_unconditional,80,2,1,0.80507788990694684
80,10033,nominal_single,80,1,1,0.56965568668657296
80,10033,nominal_split,80,1,1,0.56965568668657296
80,10033,wdro_single,80,3,1,0.91171109312310994
80,10033,wdro_nominal_split_unconditional,80,2,1,0.80507788990694684
80,10034,nominal_single,80,0,0,0.56965568668657296
80,10034,nominal_split,80,0,0,0.56965568668657296
80,10034,wdro_single,80,0,0,0.91171109312310994
80,10034,wdro_nominal_split_unconditional,80,0,0,0.80507788990694684
80,10035,nominal_single,80,0,0,0.56965568668657296
80,10035,nominal_split,80,0,0,0.56965568668657296
80,10035,wdro_single,80,2,1,0.91171109312310994
80,10035,wdro_nominal_split_unconditional,80,0,0,0.80507788990694684
80,10036,nominal_single,80,0,0,0.56965568668657296
80,10036,nominal_split,80,0,0,0.56965568668657296
80,10036,wdro_single,80,1,1,0.91171109312310994
80,10036,wdro_nominal_split_unconditional,80,0,0,0.80507788990694684
80,10037,nominal_single,80,1,1,0.56965568668657296
80,10037,nominal_split,80,1,1,0.56965568668657296
80,10037,wdro_single,80,4,1,0.91171109312310994
80,10037,wdro_nominal_split_unconditional,80,2,1,0.80507788990694684
80,10038,nominal_single,80,0,0,0.56965568668657296
80,10038,nominal_split,80,0,0,0.56965568668657296
80,10038,wdro_single,80,4,1,0.91171109312310994
80,10038,wdro_nominal_split_unconditional,80,1,1,0.80507788990694684
80,10039,nominal_single,80,0,0,0.56965568668657296
80,10039,nominal_split,80,0,0,0.56965568668657296
80,10039,wdro_single,80,2,1,0.91171109312310994
80,10039,wdro_nominal_split_unconditional,80,0,0,0.80507788990694684
80,10040,nominal_single,80,0,0,0.56965568668657296
80,10040,nominal_split,80,0,0,0.56965568668657296
80,10040,wdro_single,80,4,1,0.91171109312310994
80,10040,wdro_nominal_split_unconditional,80,3,1,0.80507788990694684
80,10041,nominal_single,80,0,0,0.56965568668657296
80,10041,nominal_split,80,0,0,0.56965568668657296
80,10041,wdro_single,80,0,0,0.91171109312310994
80,10041,wdro_nominal_split_unconditional,80,0,0,0.80507788990694684
80,10042,nominal_single,80,2,1,0.56965568668657296
80,10042,nominal_split,80,2,1,0.56965568668657296
80,10042,wdro_single,80,2,1,0.91171109312310994
80,10042,wdro_nominal_split_unconditional,80,2,1,0.80507788990694684
80,10043,nominal_single,80,1,1,0.56965568668657296
80,10043,nominal_split,80,1,1,0.56965568668657296
80,10043,wdro_single,80,1,1,0.91171109312310994
80,10043,wdro_nominal_split_unconditional,80,1,1,0.80507788990694684
80,10044,nominal_single,80,3,1,0.56965568668657296
80,10044,nominal_split,80,3,1,0.56965568668657296
80,10044,wdro_single,80,3,1,0.91171109312310994
80,10044,wdro_nominal_split_unconditional,80,3,1,0.80507788990694684
80,10045,nominal_single,80,0,0,0.56965568668657296
80,10045,nominal_split,80,0,0,0.56965568668657296
80,10045,wdro_single,80,1,1,0.91171109312310994
80,10045,wdro_nominal_split_unconditional,80,0,0,0.80507788990694684
80,10046,nominal_single,80,1,1,0.56965568668657296
80,10046,nominal_split,80,1,1,0.56965568668657296
80,10046,wdro_single,80,3,1,0.91171109312310994
80,10046,wdro_nominal_split_unconditional,80,2,1,0.80507788990694684
80,10047,nominal_single,80,1,1,0.56965568668657296
80,10047,nominal_split,80,1,1,0.56965568668657296
80,10047,wdro_single,80,3,1,0.91171109312310994
80,10047,wdro_nominal_split_unconditional,80,3,1,0.80507788990694684
80,10048,nominal_single,80,1,1,0.56965568668657296
80,10048,nominal_split,80,1,1,0.56965568668657296
80,10048,wdro_single,80,4,1,0.91171109312310994
80,10048,wdro_nominal_split_unconditional,80,1,1,0.80507788990694684
80,10049,nominal_single,80,0,0,0.56965568668657296
80,10049,nominal_split,80,0,0,0.56965568668657296
80,10049,wdro_single,80,2,1,0.91171109312310994
80,10049,wdro_nominal_split_unconditional,80,2,1,0.80507788990694684
80,10050,nominal_single,80,0,0,0.56965568668657296
80,10050,nominal_split,80,0,0,0.56965568668657296
80,10050,wdro_single,80,4,1,0.91171109312310994
80,10050,wdro_nominal_split_unconditional,80,3,1,0.80507788990694684
80,10051,nominal_single,80,2,1,0.56965568668657296
80,10051,nominal_split,80,2,1,0.56965568668657296
80,10051,wdro_single,80,7,1,0.91171109312310994
80,10051,wdro_nominal_split_unconditional,80,6,1,0.80507788990694684
80,10052,nominal_single,80,1,1,0.56965568668657296
80,10052,nominal_split,80,1,1,0.56965568668657296
80,10052,wdro_single,80,1,1,0.91171109312310994
80,10052,wdro_nominal_split_unconditional,80,1,1,0.80507788990694684
80,10053,nominal_single,80,0,0,0.56965568668657296
80,10053,nominal_split,80,0,0,0.56965568668657296
80,10053,wdro_single,80,2,1,0.91171109312310994
80,10053,wdro_nominal_split_unconditional,80,2,1,0.80507788990694684
80,10054,nominal_single,80,0,0,0.56965568668657296
80,10054,nominal_split,80,0,0,0.56965568668657296
80,10054,wdro_single,80,0,0,0.91171109312310994
80,10054,wdro_nominal_split_unconditional,80,0,0,0.80507788990694684
80,10055,nominal_single,80,2,1,0.56965568668657296
80,10055,nominal_split,80,2,1,0.56965568668657296
80,10055,wdro_single,80,3,1,0.91171109312310994
80,10055,wdro_nominal_split_unconditional,80,2,1,0.80507788990694684
80,10056,nominal_single,80,1,1,0.56965568668657296
80,10056,nominal_split,80,1,1,0.56965568668657296
80,10056,wdro_single,80,3,1,0.91171109312310994
80,10056,wdro_nominal_split_unconditional,80,3,1,0.80507788990694684
80,10057,nominal_single,80,2,1,0.56965568668657296
80,10057,nominal_split,80,2,1,0.56965568668657296
80,10057,wdro_single,80,3,1,0.91171109312310994
80,10057,wdro_nominal_split_unconditional,80,2,1,0.80507788990694684
80,10058,nominal_single,80,0,0,0.56965568668657296
80,10058,nominal_split,80,0,0,0.56965568668657296
80,10058,wdro_single,80,2,1,0.91171109312310994
80,10058,wdro_nominal_split_unconditional,80,1,1,0.80507788990694684
80,10059,nominal_single,80,2,1,0.56965568668657296
80,10059,nominal_split,80,2,1,0.56965568668657296
80,10059,wdro_single,80,2,1,0.91171109312310994
80,10059,wdro_nominal_split_unconditional,80,2,1,0.80507788990694684
80,10060,nominal_single,80,1,1,0.56965568668657296
80,10060,nominal_split,80,1,1,0.56965568668657296
80,10060,wdro_single,80,3,1,0.91171109312310994
80,10060,wdro_nominal_split_unconditional,80,3,1,0.80507788990694684
80,10061,nominal_single,80,1,1,0.56965568668657296
80,10061,nominal_split,80,1,1,0.56965568668657296
80,10061,wdro_single,80,4,1,0.91171109312310994
80,10061,wdro_nominal_split_unconditional,80,3,1,0.80507788990694684
80,10062,nominal_single,80,0,0,0.56965568668657296
80,10062,nominal_split,80,0,0,0.56965568668657296
80,10062,wdro_single,80,1,1,0.91171109312310994
80,10062,wdro_nominal_split_unconditional,80,1,1,0.80507788990694684
80,10063,nominal_single,80,3,1,0.56965568668657296
80,10063,nominal_split,80,3,1,0.56965568668657296
80,10063,wdro_single,80,4,1,0.91171109312310994
80,10063,wdro_nominal_split_unconditional,80,3,1,0.80507788990694684
80,10064,nominal_single,80,0,0,0.56965568668657296
80,10064,nominal_split,80,0,0,0.56965568668657296
80,10064,wdro_single,80,0,0,0.91171109312310994
80,10064,wdro_nominal_split_unconditional,80,0,0,0.80507788990694684
80,10065,nominal_single,80,0,0,0.56965568668657296
80,10065,nominal_split,80,0,0,0.56965568668657296
80,10065,wdro_single,80,1,1,0.91171109312310994
80,10065,wdro_nominal_split_unconditional,80,0,0,0.80507788990694684
80,10066,nominal_single,80,2,1,0.56965568668657296
80,10066,nominal_split,80,2,1,0.56965568668657296
80,10066,wdro_single,80,5,1,0.91171109312310994
80,10066,wdro_nominal_split_unconditional,80,4,1,0.80507788990694684
80,10067,nominal_single,80,0,0,0.56965568668657296
80,10067,nominal_split,80,0,0,0.56965568668657296
80,10067,wdro_single,80,1,1,0.91171109312310994
80,10067,wdro_nominal_split_unconditional,80,0,0,0.80507788990694684
80,10068,nominal_single,80,1,1,0.56965568668657296
80,10068,nominal_split,80,1,1,0.56965568668657296
80,10068,wdro_single,80,2,1,0.91171109312310994
80,10068,wdro_nominal_split_unconditional,80,1,1,0.80507788990694684
80,10069,nominal_single,80,0,0,0.56965568668657296
80,10069,nominal_split,80,0,0,0.56965568668657296
80,10069,wdro_single,80,1,1,0.91171109312310994
80,10069,wdro_nominal_split_unconditional,80,1,1,0.80507788990694684
80,10070,nominal_single,80,0,0,0.56965568668657296
80,10070,nominal_split,80,0,0,0.56965568668657296
80,10070,wdro_single,80,3,1,0.91171109312310994
80,10070,wdro_nominal_split_unconditional,80,2,1,0.80507788990694684
80,10071,nominal_single,80,0,0,0.56965568668657296
80,10071,nominal_split,80,0,0,0.56965568668657296
80,10071,wdro_single,80,2,1,0.91171109312310994
80,10071,wdro_nominal_split_unconditional,80,2,1,0.80507788990694684
80,10072,nominal_single,80,1,1,0.56965568668657296
80,10072,nominal_split,80,1,1,0.56965568668657296
80,10072,wdro_single,80,1,1,0.91171109312310994
80,10072,wdro_nominal_split_unconditional,80,1,1,0.80507788990694684
80,10073,nominal_single,80,2,1,0.56965568668657296
80,10073,nominal_split,80,2,1,0.56965568668657296
80,10073,wdro_single,80,5,1,0.91171109312310994
80,10073,wdro_nominal_split_unconditional,80,4,1,0.80507788990694684
80,10074,nominal_single,80,2,1,0.56965568668657296
80,10074,nominal_split,80,2,1,0.56965568668657296
80,10074,wdro_single,80,3,1,0.91171109312310994
80,10074,wdro_nominal_split_unconditional,80,3,1,0.80507788990694684
80,10075,nominal_single,80,0,0,0.56965568668657296
80,10075,nominal_split,80,0,0,0.56965568668657296
80,10075,wdro_single,80,2,1,0.91171109312310994
80,10075,wdro_nominal_split_unconditional,80,1,1,0.80507788990694684
80,10076,nominal_single,80,0,0,0.56965568668657296
80,10076,nominal_split,80,0,0,0.56965568668657296
80,10076,wdro_single,80,0,0,0.91171109312310994
80,10076,wdro_nominal_split_unconditional,80,0,0,0.80507788990694684
80,10077,nominal_single,80,0,0,0.56965568668657296
80,10077,nominal_split,80,0,0,0.56965568668657296
80,10077,wdro_single,80,3,1,0.91171109312310994
80,10077,wdro_nominal_split_unconditional,80,1,1,0.80507788990694684
80,10078,nominal_single,80,0,0,0.56965568668657296
80,10078,nominal_split,80,0,0,0.56965568668657296
80,10078,wdro_single,80,0,0,0.91171109312310994
80,10078,wdro_nominal_split_unconditional,80,0,0,0.80507788990694684
80,10079,nominal_single,80,0,0,0.56965568668657296
80,10079,nominal_split,80,0,0,0.56965568668657296
80,10079,wdro_single,80,2,1,0.91171109312310994
80,10079,wdro_nominal_split_unconditional,80,2,1,0.80507788990694684
80,10080,nominal_single,80,2,1,0.56965568668657296
80,10080,nominal_split,80,2,1,0.56965568668657296
80,10080,wdro_single,80,4,1,0.91171109312310994
80,10080,wdro_nominal_split_unconditional,80,4,1,0.80507788990694684
80,10081,nominal_single,80,1,1,0.56965568668657296
80,10081,nominal_split,80,1,1,0.56965568668657296
80,10081,wdro_single,80,3,1,0.91171109312310994
80,10081,wdro_nominal_split_unconditional,80,2,1,0.80507788990694684
80,10082,nominal_single,80,0,0,0.56965568668657296
80,10082,nominal_split,80,0,0,0.56965568668657296
80,10082,wdro_single,80,1,1,0.91171109312310994
80,10082,wdro_nominal_split_unconditional,80,1,1,0.80507788990694684
80,10083,nominal_single,80,0,0,0.56965568668657296
80,10083,nominal_split,80,0,0,0.56965568668657296
80,10083,wdro_single,80,0,0,0.91171109312310994
80,10083,wdro_nominal_split_unconditional,80,0,0,0.80507788990694684
80,10084,nominal_single,80,1,1,0.56965568668657296
80,10084,nominal_split,80,1,1,0.56965568668657296
80,10084,wdro_single,80,2,1,0.91171109312310994
80,10084,wdro_nominal_split_unconditional,80,1,1,0.80507788990694684
80,10085,nominal_single,80,0,0,0.56965568668657296
80,10085,nominal_split,80,0,0,0.56965568668657296
80,10085,wdro_single,80,2,1,0.91171109312310994
80,10085,wdro_nominal_split_unconditional,80,2,1,0.80507788990694684
80,10086,nominal_single,80,0,0,0.56965568668657296
80,10086,nominal_split,80,0,0,0.56965568668657296
80,10086,wdro_single,80,2,1,0.91171109312310994
80,10086,wdro_nominal_split_unconditional,80,1,1,0.80507788990694684
80,10087,nominal_single,80,1,1,0.56965568668657296
80,10087,nominal_split,80,1,1,0.56965568668657296
80,10087,wdro_single,80,1,1,0.91171109312310994
80,10087,wdro_nominal_split_unconditional,80,1,1,0.80507788990694684
80,10088,nominal_single,80,1,1,0.56965568668657296
80,10088,nominal_split,80,1,1,0.56965568668657296
80,10088,wdro_single,80,2,1,0.91171109312310994
80,10088,wdro_nominal_split_unconditional,80,2,1,0.80507788990694684
80,10089,nominal_single,80,1,1,0.56965568668657296
80,10089,nominal_split,80,1,1,0.56965568668657296
80,10089,wdro_single,80,2,1,0.91171109312310994
80,10089,wdro_nominal_split_unconditional,80,2,1,0.80507788990694684
80,10090,nominal_single,80,0,0,0.56965568668657296
80,10090,nominal_split,80,0,0,0.56965568668657296
80,10090,wdro_single,80,1,1,0.91171109312310994
80,10090,wdro_nominal_split_unconditional,80,1,1,0.80507788990694684
80,10091,nominal_single,80,2,1,0.56965568668657296
80,10091,nominal_split,80,2,1,0.56965568668657296
80,10091,wdro_single,80,2,1,0.91171109312310994
80,10091,wdro_nominal_split_unconditional,80,2,1,0.80507788990694684
80,10092,nominal_single,80,2,1,0.56965568668657296
80,10092,nominal_split,80,2,1,0.56965568668657296
80,10092,wdro_single,80,3,1,0.91171109312310994
80,10092,wdro_nominal_split_unconditional,80,3,1,0.80507788990694684
80,10093,nominal_single,80,2,1,0.56965568668657296
80,10093,nominal_split,80,2,1,0.56965568668657296
80,10093,wdro_single,80,5,1,0.91171109312310994
80,10093,wdro_nominal_split_unconditional,80,3,1,0.80507788990694684
80,10094,nominal_single,80,1,1,0.56965568668657296
80,10094,nominal_split,80,1,1,0.56965568668657296
80,10094,wdro_single,80,4,1,0.91171109312310994
80,10094,wdro_nominal_split_unconditional,80,1,1,0.80507788990694684
80,10095,nominal_single,80,3,1,0.56965568668657296
80,10095,nominal_split,80,3,1,0.56965568668657296
80,10095,wdro_single,80,5,1,0.91171109312310994
80,10095,wdro_nominal_split_unconditional,80,4,1,0.80507788990694684
80,10096,nominal_single,80,2,1,0.56965568668657296
80,10096,nominal_split,80,2,1,0.56965568668657296
80,10096,wdro_single,80,4,1,0.91171109312310994
80,10096,wdro_nominal_split_unconditional,80,3,1,0.80507788990694684
80,10097,nominal_single,80,1,1,0.56965568668657296
80,10097,nominal_split,80,1,1,0.56965568668657296
80,10097,wdro_single,80,1,1,0.91171109312310994
80,10097,wdro_nominal_split_unconditional,80,1,1,0.80507788990694684
80,10098,nominal_single,80,0,0,0.56965568668657296
80,10098,nominal_split,80,0,0,0.56965568668657296
80,10098,wdro_single,80,0,0,0.91171109312310994
80,10098,wdro_nominal_split_unconditional,80,0,0,0.80507788990694684
80,10099,nominal_single,80,1,1,0.56965568668657296
80,10099,nominal_split,80,1,1,0.56965568668657296
80,10099,wdro_single,80,2,1,0.91171109312310994
80,10099,wdro_nominal_split_unconditional,80,2,1,0.80507788990694684
80,10100,nominal_single,80,0,0,0.56965568668657296
80,10100,nominal_split,80,0,0,0.56965568668657296
80,10100,wdro_single,80,3,1,0.91171109312310994
80,10100,wdro_nominal_split_unconditional,80,1,1,0.80507788990694684
80,10101,nominal_single,80,1,1,0.56965568668657296
80,10101,nominal_split,80,1,1,0.56965568668657296
80,10101,wdro_single,80,2,1,0.91171109312310994
80,10101,wdro_nominal_split_unconditional,80,2,1,0.80507788990694684
80,10102,nominal_single,80,0,0,0.56965568668657296
80,10102,nominal_split,80,0,0,0.56965568668657296
80,10102,wdro_single,80,0,0,0.91171109312310994
80,10102,wdro_nominal_split_unconditional,80,0,0,0.80507788990694684
80,10103,nominal_single,80,2,1,0.56965568668657296
80,10103,nominal_split,80,2,1,0.56965568668657296
80,10103,wdro_single,80,4,1,0.91171109312310994
80,10103,wdro_nominal_split_unconditional,80,3,1,0.80507788990694684
80,10104,nominal_single,80,1,1,0.56965568668657296
80,10104,nominal_split,80,1,1,0.56965568668657296
80,10104,wdro_single,80,1,1,0.91171109312310994
80,10104,wdro_nominal_split_unconditional,80,1,1,0.80507788990694684
80,10105,nominal_single,80,3,1,0.56965568668657296
80,10105,nominal_split,80,3,1,0.56965568668657296
80,10105,wdro_single,80,4,1,0.91171109312310994
80,10105,wdro_nominal_split_unconditional,80,3,1,0.80507788990694684
80,10106,nominal_single,80,1,1,0.56965568668657296
80,10106,nominal_split,80,1,1,0.56965568668657296
80,10106,wdro_single,80,2,1,0.91171109312310994
80,10106,wdro_nominal_split_unconditional,80,1,1,0.80507788990694684
80,10107,nominal_single,80,0,0,0.56965568668657296
80,10107,nominal_split,80,0,0,0.56965568668657296
80,10107,wdro_single,80,6,1,0.91171109312310994
80,10107,wdro_nominal_split_unconditional,80,3,1,0.80507788990694684
80,10108,nominal_single,80,1,1,0.56965568668657296
80,10108,nominal_split,80,1,1,0.56965568668657296
80,10108,wdro_single,80,2,1,0.91171109312310994
80,10108,wdro_nominal_split_unconditional,80,2,1,0.80507788990694684
80,10109,nominal_single,80,1,1,0.56965568668657296
80,10109,nominal_split,80,1,1,0.56965568668657296
80,10109,wdro_single,80,1,1,0.91171109312310994
80,10109,wdro_nominal_split_unconditional,80,1,1,0.80507788990694684
80,10110,nominal_single,80,1,1,0.56965568668657296
80,10110,nominal_split,80,1,1,0.56965568668657296
80,10110,wdro_single,80,2,1,0.91171109312310994
80,10110,wdro_nominal_split_unconditional,80,1,1,0.80507788990694684
80,10111,nominal_single,80,1,1,0.56965568668657296
80,10111,nominal_split,80,1,1,0.56965568668657296
80,10111,wdro_single,80,1,1,0.91171109312310994
80,10111,wdro_nominal_split_unconditional,80,1,1,0.80507788990694684
80,10112,nominal_single,80,1,1,0.56965568668657296
80,10112,nominal_split,80,1,1,0.56965568668657296
80,10112,wdro_single,80,2,1,0.91171109312310994
80,10112,wdro_nominal_split_unconditional,80,2,1,0.80507788990694684
80,10113,nominal_single,80,3,1,0.56965568668657296
80,10113,nominal_split,80,3,1,0.56965568668657296
80,10113,wdro_single,80,5,1,0.91171109312310994
80,10113,wdro_nominal_split_unconditional,80,4,1,0.80507788990694684
80,10114,nominal_single,80,1,1,0.56965568668657296
80,10114,nominal_split,80,1,1,0.56965568668657296
80,10114,wdro_single,80,3,1,0.91171109312310994
80,10114,wdro_nominal_split_unconditional,80,1,1,0.80507788990694684
80,10115,nominal_single,80,2,1,0.56965568668657296
80,10115,nominal_split,80,2,1,0.56965568668657296
80,10115,wdro_single,80,6,1,0.91171109312310994
80,10115,wdro_nominal_split_unconditional,80,5,1,0.80507788990694684
80,10116,nominal_single,80,0,0,0.56965568668657296
80,10116,nominal_split,80,0,0,0.56965568668657296
80,10116,wdro_single,80,2,1,0.91171109312310994
80,10116,wdro_nominal_split_unconditional,80,0,0,0.80507788990694684
80,10117,nominal_single,80,1,1,0.56965568668657296
80,10117,nominal_split,80,1,1,0.56965568668657296
80,10117,wdro_single,80,3,1,0.91171109312310994
80,10117,wdro_nominal_split_unconditional,80,2,1,0.80507788990694684
80,10118,nominal_single,80,2,1,0.56965568668657296
80,10118,nominal_split,80,2,1,0.56965568668657296
80,10118,wdro_single,80,2,1,0.91171109312310994
80,10118,wdro_nominal_split_unconditional,80,2,1,0.80507788990694684
80,10119,nominal_single,80,0,0,0.56965568668657296
80,10119,nominal_split,80,0,0,0.56965568668657296
80,10119,wdro_single,80,3,1,0.91171109312310994
80,10119,wdro_nominal_split_unconditional,80,2,1,0.80507788990694684
80,10120,nominal_single,80,3,1,0.56965568668657296
80,10120,nominal_split,80,3,1,0.56965568668657296
80,10120,wdro_single,80,3,1,0.91171109312310994
80,10120,wdro_nominal_split_unconditional,80,3,1,0.80507788990694684
80,10121,nominal_single,80,1,1,0.56965568668657296
80,10121,nominal_split,80,1,1,0.56965568668657296
80,10121,wdro_single,80,3,1,0.91171109312310994
80,10121,wdro_nominal_split_unconditional,80,1,1,0.80507788990694684
80,10122,nominal_single,80,0,0,0.56965568668657296
80,10122,nominal_split,80,0,0,0.56965568668657296
80,10122,wdro_single,80,1,1,0.91171109312310994
80,10122,wdro_nominal_split_unconditional,80,1,1,0.80507788990694684
80,10123,nominal_single,80,1,1,0.56965568668657296
80,10123,nominal_split,80,1,1,0.56965568668657296
80,10123,wdro_single,80,1,1,0.91171109312310994
80,10123,wdro_nominal_split_unconditional,80,1,1,0.80507788990694684
80,10124,nominal_single,80,1,1,0.56965568668657296
80,10124,nominal_split,80,1,1,0.56965568668657296
80,10124,wdro_single,80,2,1,0.91171109312310994
80,10124,wdro_nominal_split_unconditional,80,1,1,0.80507788990694684
80,10125,nominal_single,80,0,0,0.56965568668657296
80,10125,nominal_split,80,0,0,0.56965568668657296
80,10125,wdro_single,80,4,1,0.91171109312310994
80,10125,wdro_nominal_split_unconditional,80,0,0,0.80507788990694684
80,10126,nominal_single,80,1,1,0.56965568668657296
80,10126,nominal_split,80,1,1,0.56965568668657296
80,10126,wdro_single,80,2,1,0.91171109312310994
80,10126,wdro_nominal_split_unconditional,80,2,1,0.80507788990694684
80,10127,nominal_single,80,0,0,0.56965568668657296
80,10127,nominal_split,80,0,0,0.56965568668657296
80,10127,wdro_single,80,1,1,0.91171109312310994
80,10127,wdro_nominal_split_unconditional,80,1,1,0.80507788990694684
80,10128,nominal_single,80,0,0,0.56965568668657296
80,10128,nominal_split,80,0,0,0.56965568668657296
80,10128,wdro_single,80,1,1,0.91171109312310994
80,10128,wdro_nominal_split_unconditional,80,1,1,0.80507788990694684
80,10129,nominal_single,80,1,1,0.56965568668657296
80,10129,nominal_split,80,1,1,0.56965568668657296
80,10129,wdro_single,80,4,1,0.91171109312310994
80,10129,wdro_nominal_split_unconditional,80,3,1,0.80507788990694684
80,10130,nominal_single,80,0,0,0.56965568668657296
80,10130,nominal_split,80,0,0,0.56965568668657296
80,10130,wdro_single,80,0,0,0.91171109312310994
80,10130,wdro_nominal_split_unconditional,80,0,0,0.80507788990694684
80,10131,nominal_single,80,0,0,0.56965568668657296
80,10131,nominal_split,80,0,0,0.56965568668657296
80,10131,wdro_single,80,1,1,0.91171109312310994
80,10131,wdro_nominal_split_unconditional,80,0,0,0.80507788990694684
80,10132,nominal_single,80,2,1,0.56965568668657296
80,10132,nominal_split,80,2,1,0.56965568668657296
80,10132,wdro_single,80,2,1,0.91171109312310994
80,10132,wdro_nominal_split_unconditional,80,2,1,0.80507788990694684
80,10133,nominal_single,80,0,0,0.56965568668657296
80,10133,nominal_split,80,0,0,0.56965568668657296
80,10133,wdro_single,80,0,0,0.91171109312310994
80,10133,wdro_nominal_split_unconditional,80,0,0,0.80507788990694684
80,10134,nominal_single,80,2,1,0.56965568668657296
80,10134,nominal_split,80,2,1,0.56965568668657296
80,10134,wdro_single,80,4,1,0.91171109312310994
80,10134,wdro_nominal_split_unconditional,80,3,1,0.80507788990694684
80,10135,nominal_single,80,0,0,0.56965568668657296
80,10135,nominal_split,80,0,0,0.56965568668657296
80,10135,wdro_single,80,0,0,0.91171109312310994
80,10135,wdro_nominal_split_unconditional,80,0,0,0.80507788990694684
80,10136,nominal_single,80,1,1,0.56965568668657296
80,10136,nominal_split,80,1,1,0.56965568668657296
80,10136,wdro_single,80,2,1,0.91171109312310994
80,10136,wdro_nominal_split_unconditional,80,2,1,0.80507788990694684
80,10137,nominal_single,80,1,1,0.56965568668657296
80,10137,nominal_split,80,1,1,0.56965568668657296
80,10137,wdro_single,80,3,1,0.91171109312310994
80,10137,wdro_nominal_split_unconditional,80,2,1,0.80507788990694684
80,10138,nominal_single,80,1,1,0.56965568668657296
80,10138,nominal_split,80,1,1,0.56965568668657296
80,10138,wdro_single,80,2,1,0.91171109312310994
80,10138,wdro_nominal_split_unconditional,80,1,1,0.80507788990694684
80,10139,nominal_single,80,0,0,0.56965568668657296
80,10139,nominal_split,80,0,0,0.56965568668657296
80,10139,wdro_single,80,0,0,0.91171109312310994
80,10139,wdro_nominal_split_unconditional,80,0,0,0.80507788990694684
80,10140,nominal_single,80,0,0,0.56965568668657296
80,10140,nominal_split,80,0,0,0.56965568668657296
80,10140,wdro_single,80,3,1,0.91171109312310994
80,10140,wdro_nominal_split_unconditional,80,2,1,0.80507788990694684
80,10141,nominal_single,80,1,1,0.56965568668657296
80,10141,nominal_split,80,1,1,0.56965568668657296
80,10141,wdro_single,80,2,1,0.91171109312310994
80,10141,wdro_nominal_split_unconditional,80,2,1,0.80507788990694684
80,10142,nominal_single,80,1,1,0.56965568668657296
80,10142,nominal_split,80,1,1,0.56965568668657296
80,10142,wdro_single,80,1,1,0.91171109312310994
80,10142,wdro_nominal_split_unconditional,80,1,1,0.80507788990694684
80,10143,nominal_single,80,0,0,0.56965568668657296
80,10143,nominal_split,80,0,0,0.56965568668657296
80,10143,wdro_single,80,1,1,0.91171109312310994
80,10143,wdro_nominal_split_unconditional,80,0,0,0.80507788990694684
80,10144,nominal_single,80,0,0,0.56965568668657296
80,10144,nominal_split,80,0,0,0.56965568668657296
80,10144,wdro_single,80,3,1,0.91171109312310994
80,10144,wdro_nominal_split_unconditional,80,2,1,0.80507788990694684
80,10145,nominal_single,80,1,1,0.56965568668657296
80,10145,nominal_split,80,1,1,0.56965568668657296
80,10145,wdro_single,80,4,1,0.91171109312310994
80,10145,wdro_nominal_split_unconditional,80,2,1,0.80507788990694684
80,10146,nominal_single,80,0,0,0.56965568668657296
80,10146,nominal_split,80,0,0,0.56965568668657296
80,10146,wdro_single,80,0,0,0.91171109312310994
80,10146,wdro_nominal_split_unconditional,80,0,0,0.80507788990694684
80,10147,nominal_single,80,0,0,0.56965568668657296
80,10147,nominal_split,80,0,0,0.56965568668657296
80,10147,wdro_single,80,3,1,0.91171109312310994
80,10147,wdro_nominal_split_unconditional,80,1,1,0.80507788990694684
80,10148,nominal_single,80,2,1,0.56965568668657296
80,10148,nominal_split,80,2,1,0.56965568668657296
80,10148,wdro_single,80,4,1,0.91171109312310994
80,10148,wdro_nominal_split_unconditional,80,3,1,0.80507788990694684
80,10149,nominal_single,80,0,0,0.56965568668657296
80,10149,nominal_split,80,0,0,0.56965568668657296
80,10149,wdro_single,80,2,1,0.91171109312310994
80,10149,wdro_nominal_split_unconditional,80,1,1,0.80507788990694684
80,10150,nominal_single,80,0,0,0.56965568668657296
80,10150,nominal_split,80,0,0,0.56965568668657296
80,10150,wdro_single,80,0,0,0.91171109312310994
80,10150,wdro_nominal_split_unconditional,80,0,0,0.80507788990694684
80,10151,nominal_single,80,0,0,0.56965568668657296
80,10151,nominal_split,80,0,0,0.56965568668657296
80,10151,wdro_single,80,4,1,0.91171109312310994
80,10151,wdro_nominal_split_unconditional,80,2,1,0.80507788990694684
80,10152,nominal_single,80,1,1,0.56965568668657296
80,10152,nominal_split,80,1,1,0.56965568668657296
80,10152,wdro_single,80,1,1,0.91171109312310994
80,10152,wdro_nominal_split_unconditional,80,1,1,0.80507788990694684
80,10153,nominal_single,80,0,0,0.56965568668657296
80,10153,nominal_split,80,0,0,0.56965568668657296
80,10153,wdro_single,80,2,1,0.91171109312310994
80,10153,wdro_nominal_split_unconditional,80,1,1,0.80507788990694684
80,10154,nominal_single,80,1,1,0.56965568668657296
80,10154,nominal_split,80,1,1,0.56965568668657296
80,10154,wdro_single,80,2,1,0.91171109312310994
80,10154,wdro_nominal_split_unconditional,80,2,1,0.80507788990694684
80,10155,nominal_single,80,0,0,0.56965568668657296
80,10155,nominal_split,80,0,0,0.56965568668657296
80,10155,wdro_single,80,0,0,0.91171109312310994
80,10155,wdro_nominal_split_unconditional,80,0,0,0.80507788990694684
80,10156,nominal_single,80,1,1,0.56965568668657296
80,10156,nominal_split,80,1,1,0.56965568668657296
80,10156,wdro_single,80,2,1,0.91171109312310994
80,10156,wdro_nominal_split_unconditional,80,2,1,0.80507788990694684
80,10157,nominal_single,80,2,1,0.56965568668657296
80,10157,nominal_split,80,2,1,0.56965568668657296
80,10157,wdro_single,80,2,1,0.91171109312310994
80,10157,wdro_nominal_split_unconditional,80,2,1,0.80507788990694684
80,10158,nominal_single,80,1,1,0.56965568668657296
80,10158,nominal_split,80,1,1,0.56965568668657296
80,10158,wdro_single,80,2,1,0.91171109312310994
80,10158,wdro_nominal_split_unconditional,80,2,1,0.80507788990694684
80,10159,nominal_single,80,0,0,0.56965568668657296
80,10159,nominal_split,80,0,0,0.56965568668657296
80,10159,wdro_single,80,1,1,0.91171109312310994
80,10159,wdro_nominal_split_unconditional,80,0,0,0.80507788990694684
80,10160,nominal_single,80,0,0,0.56965568668657296
80,10160,nominal_split,80,0,0,0.56965568668657296
80,10160,wdro_single,80,2,1,0.91171109312310994
80,10160,wdro_nominal_split_unconditional,80,1,1,0.80507788990694684
80,10161,nominal_single,80,2,1,0.56965568668657296
80,10161,nominal_split,80,2,1,0.56965568668657296
80,10161,wdro_single,80,2,1,0.91171109312310994
80,10161,wdro_nominal_split_unconditional,80,2,1,0.80507788990694684
80,10162,nominal_single,80,1,1,0.56965568668657296
80,10162,nominal_split,80,1,1,0.56965568668657296
80,10162,wdro_single,80,3,1,0.91171109312310994
80,10162,wdro_nominal_split_unconditional,80,1,1,0.80507788990694684
80,10163,nominal_single,80,0,0,0.56965568668657296
80,10163,nominal_split,80,0,0,0.56965568668657296
80,10163,wdro_single,80,1,1,0.91171109312310994
80,10163,wdro_nominal_split_unconditional,80,0,0,0.80507788990694684
80,10164,nominal_single,80,0,0,0.56965568668657296
80,10164,nominal_split,80,0,0,0.56965568668657296
80,10164,wdro_single,80,2,1,0.91171109312310994
80,10164,wdro_nominal_split_unconditional,80,1,1,0.80507788990694684
80,10165,nominal_single,80,1,1,0.56965568668657296
80,10165,nominal_split,80,1,1,0.56965568668657296
80,10165,wdro_single,80,3,1,0.91171109312310994
80,10165,wdro_nominal_split_unconditional,80,2,1,0.80507788990694684
80,10166,nominal_single,80,1,1,0.56965568668657296
80,10166,nominal_split,80,1,1,0.56965568668657296
80,10166,wdro_single,80,5,1,0.91171109312310994
80,10166,wdro_nominal_split_unconditional,80,3,1,0.80507788990694684
80,10167,nominal_single,80,1,1,0.56965568668657296
80,10167,nominal_split,80,1,1,0.56965568668657296
80,10167,wdro_single,80,3,1,0.91171109312310994
80,10167,wdro_nominal_split_unconditional,80,2,1,0.80507788990694684
80,10168,nominal_single,80,1,1,0.56965568668657296
80,10168,nominal_split,80,1,1,0.56965568668657296
80,10168,wdro_single,80,4,1,0.91171109312310994
80,10168,wdro_nominal_split_unconditional,80,2,1,0.80507788990694684
80,10169,nominal_single,80,1,1,0.56965568668657296
80,10169,nominal_split,80,1,1,0.56965568668657296
80,10169,wdro_single,80,4,1,0.91171109312310994
80,10169,wdro_nominal_split_unconditional,80,2,1,0.80507788990694684
80,10170,nominal_single,80,0,0,0.56965568668657296
80,10170,nominal_split,80,0,0,0.56965568668657296
80,10170,wdro_single,80,2,1,0.91171109312310994
80,10170,wdro_nominal_split_unconditional,80,1,1,0.80507788990694684
80,10171,nominal_single,80,1,1,0.56965568668657296
80,10171,nominal_split,80,1,1,0.56965568668657296
80,10171,wdro_single,80,2,1,0.91171109312310994
80,10171,wdro_nominal_split_unconditional,80,2,1,0.80507788990694684
80,10172,nominal_single,80,1,1,0.56965568668657296
80,10172,nominal_split,80,1,1,0.56965568668657296
80,10172,wdro_single,80,2,1,0.91171109312310994
80,10172,wdro_nominal_split_unconditional,80,1,1,0.80507788990694684
80,10173,nominal_single,80,2,1,0.56965568668657296
80,10173,nominal_split,80,2,1,0.56965568668657296
80,10173,wdro_single,80,2,1,0.91171109312310994
80,10173,wdro_nominal_split_unconditional,80,2,1,0.80507788990694684
80,10174,nominal_single,80,0,0,0.56965568668657296
80,10174,nominal_split,80,0,0,0.56965568668657296
80,10174,wdro_single,80,0,0,0.91171109312310994
80,10174,wdro_nominal_split_unconditional,80,0,0,0.80507788990694684
80,10175,nominal_single,80,2,1,0.56965568668657296
80,10175,nominal_split,80,2,1,0.56965568668657296
80,10175,wdro_single,80,2,1,0.91171109312310994
80,10175,wdro_nominal_split_unconditional,80,2,1,0.80507788990694684
80,10176,nominal_single,80,1,1,0.56965568668657296
80,10176,nominal_split,80,1,1,0.56965568668657296
80,10176,wdro_single,80,3,1,0.91171109312310994
80,10176,wdro_nominal_split_unconditional,80,3,1,0.80507788990694684
80,10177,nominal_single,80,1,1,0.56965568668657296
80,10177,nominal_split,80,1,1,0.56965568668657296
80,10177,wdro_single,80,2,1,0.91171109312310994
80,10177,wdro_nominal_split_unconditional,80,1,1,0.80507788990694684
80,10178,nominal_single,80,2,1,0.56965568668657296
80,10178,nominal_split,80,2,1,0.56965568668657296
80,10178,wdro_single,80,6,1,0.91171109312310994
80,10178,wdro_nominal_split_unconditional,80,3,1,0.80507788990694684
80,10179,nominal_single,80,0,0,0.56965568668657296
80,10179,nominal_split,80,0,0,0.56965568668657296
80,10179,wdro_single,80,3,1,0.91171109312310994
80,10179,wdro_nominal_split_unconditional,80,3,1,0.80507788990694684
80,10180,nominal_single,80,1,1,0.56965568668657296
80,10180,nominal_split,80,1,1,0.56965568668657296
80,10180,wdro_single,80,1,1,0.91171109312310994
80,10180,wdro_nominal_split_unconditional,80,1,1,0.80507788990694684
80,10181,nominal_single,80,0,0,0.56965568668657296
80,10181,nominal_split,80,0,0,0.56965568668657296
80,10181,wdro_single,80,2,1,0.91171109312310994
80,10181,wdro_nominal_split_unconditional,80,1,1,0.80507788990694684
80,10182,nominal_single,80,1,1,0.56965568668657296
80,10182,nominal_split,80,1,1,0.56965568668657296
80,10182,wdro_single,80,2,1,0.91171109312310994
80,10182,wdro_nominal_split_unconditional,80,2,1,0.80507788990694684
80,10183,nominal_single,80,0,0,0.56965568668657296
80,10183,nominal_split,80,0,0,0.56965568668657296
80,10183,wdro_single,80,2,1,0.91171109312310994
80,10183,wdro_nominal_split_unconditional,80,1,1,0.80507788990694684
80,10184,nominal_single,80,1,1,0.56965568668657296
80,10184,nominal_split,80,1,1,0.56965568668657296
80,10184,wdro_single,80,2,1,0.91171109312310994
80,10184,wdro_nominal_split_unconditional,80,1,1,0.80507788990694684
80,10185,nominal_single,80,2,1,0.56965568668657296
80,10185,nominal_split,80,2,1,0.56965568668657296
80,10185,wdro_single,80,3,1,0.91171109312310994
80,10185,wdro_nominal_split_unconditional,80,3,1,0.80507788990694684
80,10186,nominal_single,80,0,0,0.56965568668657296
80,10186,nominal_split,80,0,0,0.56965568668657296
80,10186,wdro_single,80,0,0,0.91171109312310994
80,10186,wdro_nominal_split_unconditional,80,0,0,0.80507788990694684
80,10187,nominal_single,80,2,1,0.56965568668657296
80,10187,nominal_split,80,2,1,0.56965568668657296
80,10187,wdro_single,80,2,1,0.91171109312310994
80,10187,wdro_nominal_split_unconditional,80,2,1,0.80507788990694684
80,10188,nominal_single,80,0,0,0.56965568668657296
80,10188,nominal_split,80,0,0,0.56965568668657296
80,10188,wdro_single,80,1,1,0.91171109312310994
80,10188,wdro_nominal_split_unconditional,80,0,0,0.80507788990694684
80,10189,nominal_single,80,0,0,0.56965568668657296
80,10189,nominal_split,80,0,0,0.56965568668657296
80,10189,wdro_single,80,0,0,0.91171109312310994
80,10189,wdro_nominal_split_unconditional,80,0,0,0.80507788990694684
80,10190,nominal_single,80,1,1,0.56965568668657296
80,10190,nominal_split,80,1,1,0.56965568668657296
80,10190,wdro_single,80,2,1,0.91171109312310994
80,10190,wdro_nominal_split_unconditional,80,2,1,0.80507788990694684
80,10191,nominal_single,80,0,0,0.56965568668657296
80,10191,nominal_split,80,0,0,0.56965568668657296
80,10191,wdro_single,80,2,1,0.91171109312310994
80,10191,wdro_nominal_split_unconditional,80,2,1,0.80507788990694684
80,10192,nominal_single,80,0,0,0.56965568668657296
80,10192,nominal_split,80,0,0,0.56965568668657296
80,10192,wdro_single,80,0,0,0.91171109312310994
80,10192,wdro_nominal_split_unconditional,80,0,0,0.80507788990694684
80,10193,nominal_single,80,0,0,0.56965568668657296
80,10193,nominal_split,80,0,0,0.56965568668657296
80,10193,wdro_single,80,2,1,0.91171109312310994
80,10193,wdro_nominal_split_unconditional,80,1,1,0.80507788990694684
80,10194,nominal_single,80,3,1,0.56965568668657296
80,10194,nominal_split,80,3,1,0.56965568668657296
80,10194,wdro_single,80,3,1,0.91171109312310994
80,10194,wdro_nominal_split_unconditional,80,3,1,0.80507788990694684
80,10195,nominal_single,80,0,0,0.56965568668657296
80,10195,nominal_split,80,0,0,0.56965568668657296
80,10195,wdro_single,80,1,1,0.91171109312310994
80,10195,wdro_nominal_split_unconditional,80,0,0,0.80507788990694684
80,10196,nominal_single,80,0,0,0.56965568668657296
80,10196,nominal_split,80,0,0,0.56965568668657296
80,10196,wdro_single,80,0,0,0.91171109312310994
80,10196,wdro_nominal_split_unconditional,80,0,0,0.80507788990694684
80,10197,nominal_single,80,0,0,0.56965568668657296
80,10197,nominal_split,80,0,0,0.56965568668657296
80,10197,wdro_single,80,0,0,0.91171109312310994
80,10197,wdro_nominal_split_unconditional,80,0,0,0.80507788990694684
80,10198,nominal_single,80,1,1,0.56965568668657296
80,10198,nominal_split,80,1,1,0.56965568668657296
80,10198,wdro_single,80,3,1,0.91171109312310994
80,10198,wdro_nominal_split_unconditional,80,3,1,0.80507788990694684
80,10199,nominal_single,80,2,1,0.56965568668657296
80,10199,nominal_split,80,2,1,0.56965568668657296
80,10199,wdro_single,80,5,1,0.91171109312310994
80,10199,wdro_nominal_split_unconditional,80,3,1,0.80507788990694684
80,10200,nominal_single,80,0,0,0.56965568668657296
80,10200,nominal_split,80,0,0,0.56965568668657296
80,10200,wdro_single,80,1,1,0.91171109312310994
80,10200,wdro_nominal_split_unconditional,80,0,0,0.80507788990694684
80,10201,nominal_single,80,0,0,0.56965568668657296
80,10201,nominal_split,80,0,0,0.56965568668657296
80,10201,wdro_single,80,1,1,0.91171109312310994
80,10201,wdro_nominal_split_unconditional,80,1,1,0.80507788990694684
80,10202,nominal_single,80,1,1,0.56965568668657296
80,10202,nominal_split,80,1,1,0.56965568668657296
80,10202,wdro_single,80,1,1,0.91171109312310994
80,10202,wdro_nominal_split_unconditional,80,1,1,0.80507788990694684
80,10203,nominal_single,80,3,1,0.56965568668657296
80,10203,nominal_split,80,3,1,0.56965568668657296
80,10203,wdro_single,80,3,1,0.91171109312310994
80,10203,wdro_nominal_split_unconditional,80,3,1,0.80507788990694684
80,10204,nominal_single,80,2,1,0.56965568668657296
80,10204,nominal_split,80,2,1,0.56965568668657296
80,10204,wdro_single,80,3,1,0.91171109312310994
80,10204,wdro_nominal_split_unconditional,80,3,1,0.80507788990694684
80,10205,nominal_single,80,2,1,0.56965568668657296
80,10205,nominal_split,80,2,1,0.56965568668657296
80,10205,wdro_single,80,3,1,0.91171109312310994
80,10205,wdro_nominal_split_unconditional,80,2,1,0.80507788990694684
80,10206,nominal_single,80,2,1,0.56965568668657296
80,10206,nominal_split,80,2,1,0.56965568668657296
80,10206,wdro_single,80,3,1,0.91171109312310994
80,10206,wdro_nominal_split_unconditional,80,2,1,0.80507788990694684
80,10207,nominal_single,80,0,0,0.56965568668657296
80,10207,nominal_split,80,0,0,0.56965568668657296
80,10207,wdro_single,80,1,1,0.91171109312310994
80,10207,wdro_nominal_split_unconditional,80,1,1,0.80507788990694684
80,10208,nominal_single,80,1,1,0.56965568668657296
80,10208,nominal_split,80,1,1,0.56965568668657296
80,10208,wdro_single,80,3,1,0.91171109312310994
80,10208,wdro_nominal_split_unconditional,80,2,1,0.80507788990694684
80,10209,nominal_single,80,1,1,0.56965568668657296
80,10209,nominal_split,80,1,1,0.56965568668657296
80,10209,wdro_single,80,6,1,0.91171109312310994
80,10209,wdro_nominal_split_unconditional,80,3,1,0.80507788990694684
80,10210,nominal_single,80,1,1,0.56965568668657296
80,10210,nominal_split,80,1,1,0.56965568668657296
80,10210,wdro_single,80,1,1,0.91171109312310994
80,10210,wdro_nominal_split_unconditional,80,1,1,0.80507788990694684
80,10211,nominal_single,80,2,1,0.56965568668657296
80,10211,nominal_split,80,2,1,0.56965568668657296
80,10211,wdro_single,80,4,1,0.91171109312310994
80,10211,wdro_nominal_split_unconditional,80,3,1,0.80507788990694684
80,10212,nominal_single,80,1,1,0.56965568668657296
80,10212,nominal_split,80,1,1,0.56965568668657296
80,10212,wdro_single,80,1,1,0.91171109312310994
80,10212,wdro_nominal_split_unconditional,80,1,1,0.80507788990694684
80,10213,nominal_single,80,0,0,0.56965568668657296
80,10213,nominal_split,80,0,0,0.56965568668657296
80,10213,wdro_single,80,2,1,0.91171109312310994
80,10213,wdro_nominal_split_unconditional,80,1,1,0.80507788990694684
80,10214,nominal_single,80,0,0,0.56965568668657296
80,10214,nominal_split,80,0,0,0.56965568668657296
80,10214,wdro_single,80,3,1,0.91171109312310994
80,10214,wdro_nominal_split_unconditional,80,2,1,0.80507788990694684
80,10215,nominal_single,80,0,0,0.56965568668657296
80,10215,nominal_split,80,0,0,0.56965568668657296
80,10215,wdro_single,80,1,1,0.91171109312310994
80,10215,wdro_nominal_split_unconditional,80,0,0,0.80507788990694684
80,10216,nominal_single,80,1,1,0.56965568668657296
80,10216,nominal_split,80,1,1,0.56965568668657296
80,10216,wdro_single,80,3,1,0.91171109312310994
80,10216,wdro_nominal_split_unconditional,80,2,1,0.80507788990694684
80,10217,nominal_single,80,0,0,0.56965568668657296
80,10217,nominal_split,80,0,0,0.56965568668657296
80,10217,wdro_single,80,1,1,0.91171109312310994
80,10217,wdro_nominal_split_unconditional,80,1,1,0.80507788990694684
80,10218,nominal_single,80,0,0,0.56965568668657296
80,10218,nominal_split,80,0,0,0.56965568668657296
80,10218,wdro_single,80,1,1,0.91171109312310994
80,10218,wdro_nominal_split_unconditional,80,0,0,0.80507788990694684
80,10219,nominal_single,80,0,0,0.56965568668657296
80,10219,nominal_split,80,0,0,0.56965568668657296
80,10219,wdro_single,80,7,1,0.91171109312310994
80,10219,wdro_nominal_split_unconditional,80,3,1,0.80507788990694684
80,10220,nominal_single,80,2,1,0.56965568668657296
80,10220,nominal_split,80,2,1,0.56965568668657296
80,10220,wdro_single,80,3,1,0.91171109312310994
80,10220,wdro_nominal_split_unconditional,80,2,1,0.80507788990694684
80,10221,nominal_single,80,0,0,0.56965568668657296
80,10221,nominal_split,80,0,0,0.56965568668657296
80,10221,wdro_single,80,3,1,0.91171109312310994
80,10221,wdro_nominal_split_unconditional,80,2,1,0.80507788990694684
80,10222,nominal_single,80,2,1,0.56965568668657296
80,10222,nominal_split,80,2,1,0.56965568668657296
80,10222,wdro_single,80,5,1,0.91171109312310994
80,10222,wdro_nominal_split_unconditional,80,4,1,0.80507788990694684
80,10223,nominal_single,80,0,0,0.56965568668657296
80,10223,nominal_split,80,0,0,0.56965568668657296
80,10223,wdro_single,80,1,1,0.91171109312310994
80,10223,wdro_nominal_split_unconditional,80,0,0,0.80507788990694684
80,10224,nominal_single,80,1,1,0.56965568668657296
80,10224,nominal_split,80,1,1,0.56965568668657296
80,10224,wdro_single,80,3,1,0.91171109312310994
80,10224,wdro_nominal_split_unconditional,80,2,1,0.80507788990694684
80,10225,nominal_single,80,0,0,0.56965568668657296
80,10225,nominal_split,80,0,0,0.56965568668657296
80,10225,wdro_single,80,2,1,0.91171109312310994
80,10225,wdro_nominal_split_unconditional,80,2,1,0.80507788990694684
80,10226,nominal_single,80,2,1,0.56965568668657296
80,10226,nominal_split,80,2,1,0.56965568668657296
80,10226,wdro_single,80,5,1,0.91171109312310994
80,10226,wdro_nominal_split_unconditional,80,3,1,0.80507788990694684
80,10227,nominal_single,80,3,1,0.56965568668657296
80,10227,nominal_split,80,3,1,0.56965568668657296
80,10227,wdro_single,80,4,1,0.91171109312310994
80,10227,wdro_nominal_split_unconditional,80,4,1,0.80507788990694684
80,10228,nominal_single,80,1,1,0.56965568668657296
80,10228,nominal_split,80,1,1,0.56965568668657296
80,10228,wdro_single,80,4,1,0.91171109312310994
80,10228,wdro_nominal_split_unconditional,80,4,1,0.80507788990694684
80,10229,nominal_single,80,2,1,0.56965568668657296
80,10229,nominal_split,80,2,1,0.56965568668657296
80,10229,wdro_single,80,3,1,0.91171109312310994
80,10229,wdro_nominal_split_unconditional,80,3,1,0.80507788990694684
80,10230,nominal_single,80,2,1,0.56965568668657296
80,10230,nominal_split,80,2,1,0.56965568668657296
80,10230,wdro_single,80,5,1,0.91171109312310994
80,10230,wdro_nominal_split_unconditional,80,4,1,0.80507788990694684
80,10231,nominal_single,80,1,1,0.56965568668657296
80,10231,nominal_split,80,1,1,0.56965568668657296
80,10231,wdro_single,80,2,1,0.91171109312310994
80,10231,wdro_nominal_split_unconditional,80,1,1,0.80507788990694684
80,10232,nominal_single,80,1,1,0.56965568668657296
80,10232,nominal_split,80,1,1,0.56965568668657296
80,10232,wdro_single,80,3,1,0.91171109312310994
80,10232,wdro_nominal_split_unconditional,80,2,1,0.80507788990694684
80,10233,nominal_single,80,0,0,0.56965568668657296
80,10233,nominal_split,80,0,0,0.56965568668657296
80,10233,wdro_single,80,3,1,0.91171109312310994
80,10233,wdro_nominal_split_unconditional,80,2,1,0.80507788990694684
80,10234,nominal_single,80,0,0,0.56965568668657296
80,10234,nominal_split,80,0,0,0.56965568668657296
80,10234,wdro_single,80,3,1,0.91171109312310994
80,10234,wdro_nominal_split_unconditional,80,3,1,0.80507788990694684
80,10235,nominal_single,80,0,0,0.56965568668657296
80,10235,nominal_split,80,0,0,0.56965568668657296
80,10235,wdro_single,80,2,1,0.91171109312310994
80,10235,wdro_nominal_split_unconditional,80,0,0,0.80507788990694684
80,10236,nominal_single,80,1,1,0.56965568668657296
80,10236,nominal_split,80,1,1,0.56965568668657296
80,10236,wdro_single,80,2,1,0.91171109312310994
80,10236,wdro_nominal_split_unconditional,80,2,1,0.80507788990694684
80,10237,nominal_single,80,2,1,0.56965568668657296
80,10237,nominal_split,80,2,1,0.56965568668657296
80,10237,wdro_single,80,7,1,0.91171109312310994
80,10237,wdro_nominal_split_unconditional,80,3,1,0.80507788990694684
80,10238,nominal_single,80,3,1,0.56965568668657296
80,10238,nominal_split,80,3,1,0.56965568668657296
80,10238,wdro_single,80,4,1,0.91171109312310994
80,10238,wdro_nominal_split_unconditional,80,3,1,0.80507788990694684
80,10239,nominal_single,80,2,1,0.56965568668657296
80,10239,nominal_split,80,2,1,0.56965568668657296
80,10239,wdro_single,80,2,1,0.91171109312310994
80,10239,wdro_nominal_split_unconditional,80,2,1,0.80507788990694684
80,10240,nominal_single,80,1,1,0.56965568668657296
80,10240,nominal_split,80,1,1,0.56965568668657296
80,10240,wdro_single,80,1,1,0.91171109312310994
80,10240,wdro_nominal_split_unconditional,80,1,1,0.80507788990694684
80,10241,nominal_single,80,0,0,0.56965568668657296
80,10241,nominal_split,80,0,0,0.56965568668657296
80,10241,wdro_single,80,1,1,0.91171109312310994
80,10241,wdro_nominal_split_unconditional,80,0,0,0.80507788990694684
80,10242,nominal_single,80,0,0,0.56965568668657296
80,10242,nominal_split,80,0,0,0.56965568668657296
80,10242,wdro_single,80,1,1,0.91171109312310994
80,10242,wdro_nominal_split_unconditional,80,0,0,0.80507788990694684
80,10243,nominal_single,80,0,0,0.56965568668657296
80,10243,nominal_split,80,0,0,0.56965568668657296
80,10243,wdro_single,80,3,1,0.91171109312310994
80,10243,wdro_nominal_split_unconditional,80,2,1,0.80507788990694684
80,10244,nominal_single,80,0,0,0.56965568668657296
80,10244,nominal_split,80,0,0,0.56965568668657296
80,10244,wdro_single,80,1,1,0.91171109312310994
80,10244,wdro_nominal_split_unconditional,80,0,0,0.80507788990694684
80,10245,nominal_single,80,1,1,0.56965568668657296
80,10245,nominal_split,80,1,1,0.56965568668657296
80,10245,wdro_single,80,3,1,0.91171109312310994
80,10245,wdro_nominal_split_unconditional,80,3,1,0.80507788990694684
80,10246,nominal_single,80,3,1,0.56965568668657296
80,10246,nominal_split,80,3,1,0.56965568668657296
80,10246,wdro_single,80,6,1,0.91171109312310994
80,10246,wdro_nominal_split_unconditional,80,4,1,0.80507788990694684
80,10247,nominal_single,80,0,0,0.56965568668657296
80,10247,nominal_split,80,0,0,0.56965568668657296
80,10247,wdro_single,80,0,0,0.91171109312310994
80,10247,wdro_nominal_split_unconditional,80,0,0,0.80507788990694684
80,10248,nominal_single,80,1,1,0.56965568668657296
80,10248,nominal_split,80,1,1,0.56965568668657296
80,10248,wdro_single,80,4,1,0.91171109312310994
80,10248,wdro_nominal_split_unconditional,80,1,1,0.80507788990694684
80,10249,nominal_single,80,1,1,0.56965568668657296
80,10249,nominal_split,80,1,1,0.56965568668657296
80,10249,wdro_single,80,2,1,0.91171109312310994
80,10249,wdro_nominal_split_unconditional,80,2,1,0.80507788990694684
80,10250,nominal_single,80,0,0,0.56965568668657296
80,10250,nominal_split,80,0,0,0.56965568668657296
80,10250,wdro_single,80,2,1,0.91171109312310994
80,10250,wdro_nominal_split_unconditional,80,2,1,0.80507788990694684
80,10251,nominal_single,80,1,1,0.56965568668657296
80,10251,nominal_split,80,1,1,0.56965568668657296
80,10251,wdro_single,80,2,1,0.91171109312310994
80,10251,wdro_nominal_split_unconditional,80,2,1,0.80507788990694684
80,10252,nominal_single,80,1,1,0.56965568668657296
80,10252,nominal_split,80,1,1,0.56965568668657296
80,10252,wdro_single,80,4,1,0.91171109312310994
80,10252,wdro_nominal_split_unconditional,80,4,1,0.80507788990694684
80,10253,nominal_single,80,1,1,0.56965568668657296
80,10253,nominal_split,80,1,1,0.56965568668657296
80,10253,wdro_single,80,2,1,0.91171109312310994
80,10253,wdro_nominal_split_unconditional,80,2,1,0.80507788990694684
80,10254,nominal_single,80,1,1,0.56965568668657296
80,10254,nominal_split,80,1,1,0.56965568668657296
80,10254,wdro_single,80,2,1,0.91171109312310994
80,10254,wdro_nominal_split_unconditional,80,1,1,0.80507788990694684
80,10255,nominal_single,80,0,0,0.56965568668657296
80,10255,nominal_split,80,0,0,0.56965568668657296
80,10255,wdro_single,80,2,1,0.91171109312310994
80,10255,wdro_nominal_split_unconditional,80,2,1,0.80507788990694684
80,10256,nominal_single,80,0,0,0.56965568668657296
80,10256,nominal_split,80,0,0,0.56965568668657296
80,10256,wdro_single,80,1,1,0.91171109312310994
80,10256,wdro_nominal_split_unconditional,80,1,1,0.80507788990694684
80,10257,nominal_single,80,1,1,0.56965568668657296
80,10257,nominal_split,80,1,1,0.56965568668657296
80,10257,wdro_single,80,3,1,0.91171109312310994
80,10257,wdro_nominal_split_unconditional,80,3,1,0.80507788990694684
80,10258,nominal_single,80,0,0,0.56965568668657296
80,10258,nominal_split,80,0,0,0.56965568668657296
80,10258,wdro_single,80,1,1,0.91171109312310994
80,10258,wdro_nominal_split_unconditional,80,0,0,0.80507788990694684
80,10259,nominal_single,80,0,0,0.56965568668657296
80,10259,nominal_split,80,0,0,0.56965568668657296
80,10259,wdro_single,80,1,1,0.91171109312310994
80,10259,wdro_nominal_split_unconditional,80,1,1,0.80507788990694684
80,10260,nominal_single,80,0,0,0.56965568668657296
80,10260,nominal_split,80,0,0,0.56965568668657296
80,10260,wdro_single,80,1,1,0.91171109312310994
80,10260,wdro_nominal_split_unconditional,80,1,1,0.80507788990694684
80,10261,nominal_single,80,0,0,0.56965568668657296
80,10261,nominal_split,80,0,0,0.56965568668657296
80,10261,wdro_single,80,1,1,0.91171109312310994
80,10261,wdro_nominal_split_unconditional,80,1,1,0.80507788990694684
80,10262,nominal_single,80,1,1,0.56965568668657296
80,10262,nominal_split,80,1,1,0.56965568668657296
80,10262,wdro_single,80,4,1,0.91171109312310994
80,10262,wdro_nominal_split_unconditional,80,3,1,0.80507788990694684
80,10263,nominal_single,80,1,1,0.56965568668657296
80,10263,nominal_split,80,1,1,0.56965568668657296
80,10263,wdro_single,80,1,1,0.91171109312310994
80,10263,wdro_nominal_split_unconditional,80,1,1,0.80507788990694684
80,10264,nominal_single,80,0,0,0.56965568668657296
80,10264,nominal_split,80,0,0,0.56965568668657296
80,10264,wdro_single,80,0,0,0.91171109312310994
80,10264,wdro_nominal_split_unconditional,80,0,0,0.80507788990694684
80,10265,nominal_single,80,1,1,0.56965568668657296
80,10265,nominal_split,80,1,1,0.56965568668657296
80,10265,wdro_single,80,2,1,0.91171109312310994
80,10265,wdro_nominal_split_unconditional,80,1,1,0.80507788990694684
80,10266,nominal_single,80,1,1,0.56965568668657296
80,10266,nominal_split,80,1,1,0.56965568668657296
80,10266,wdro_single,80,3,1,0.91171109312310994
80,10266,wdro_nominal_split_unconditional,80,3,1,0.80507788990694684
80,10267,nominal_single,80,0,0,0.56965568668657296
80,10267,nominal_split,80,0,0,0.56965568668657296
80,10267,wdro_single,80,3,1,0.91171109312310994
80,10267,wdro_nominal_split_unconditional,80,2,1,0.80507788990694684
80,10268,nominal_single,80,1,1,0.56965568668657296
80,10268,nominal_split,80,1,1,0.56965568668657296
80,10268,wdro_single,80,1,1,0.91171109312310994
80,10268,wdro_nominal_split_unconditional,80,1,1,0.80507788990694684
80,10269,nominal_single,80,0,0,0.56965568668657296
80,10269,nominal_split,80,0,0,0.56965568668657296
80,10269,wdro_single,80,2,1,0.91171109312310994
80,10269,wdro_nominal_split_unconditional,80,1,1,0.80507788990694684
80,10270,nominal_single,80,1,1,0.56965568668657296
80,10270,nominal_split,80,1,1,0.56965568668657296
80,10270,wdro_single,80,1,1,0.91171109312310994
80,10270,wdro_nominal_split_unconditional,80,1,1,0.80507788990694684
80,10271,nominal_single,80,1,1,0.56965568668657296
80,10271,nominal_split,80,1,1,0.56965568668657296
80,10271,wdro_single,80,1,1,0.91171109312310994
80,10271,wdro_nominal_split_unconditional,80,1,1,0.80507788990694684
80,10272,nominal_single,80,1,1,0.56965568668657296
80,10272,nominal_split,80,1,1,0.56965568668657296
80,10272,wdro_single,80,3,1,0.91171109312310994
80,10272,wdro_nominal_split_unconditional,80,1,1,0.80507788990694684
80,10273,nominal_single,80,1,1,0.56965568668657296
80,10273,nominal_split,80,1,1,0.56965568668657296
80,10273,wdro_single,80,3,1,0.91171109312310994
80,10273,wdro_nominal_split_unconditional,80,1,1,0.80507788990694684
80,10274,nominal_single,80,0,0,0.56965568668657296
80,10274,nominal_split,80,0,0,0.56965568668657296
80,10274,wdro_single,80,3,1,0.91171109312310994
80,10274,wdro_nominal_split_unconditional,80,1,1,0.80507788990694684
80,10275,nominal_single,80,2,1,0.56965568668657296
80,10275,nominal_split,80,2,1,0.56965568668657296
80,10275,wdro_single,80,3,1,0.91171109312310994
80,10275,wdro_nominal_split_unconditional,80,2,1,0.80507788990694684
80,10276,nominal_single,80,0,0,0.56965568668657296
80,10276,nominal_split,80,0,0,0.56965568668657296
80,10276,wdro_single,80,1,1,0.91171109312310994
80,10276,wdro_nominal_split_unconditional,80,0,0,0.80507788990694684
80,10277,nominal_single,80,0,0,0.56965568668657296
80,10277,nominal_split,80,0,0,0.56965568668657296
80,10277,wdro_single,80,3,1,0.91171109312310994
80,10277,wdro_nominal_split_unconditional,80,1,1,0.80507788990694684
80,10278,nominal_single,80,3,1,0.56965568668657296
80,10278,nominal_split,80,3,1,0.56965568668657296
80,10278,wdro_single,80,5,1,0.91171109312310994
80,10278,wdro_nominal_split_unconditional,80,4,1,0.80507788990694684
80,10279,nominal_single,80,0,0,0.56965568668657296
80,10279,nominal_split,80,0,0,0.56965568668657296
80,10279,wdro_single,80,0,0,0.91171109312310994
80,10279,wdro_nominal_split_unconditional,80,0,0,0.80507788990694684
80,10280,nominal_single,80,3,1,0.56965568668657296
80,10280,nominal_split,80,3,1,0.56965568668657296
80,10280,wdro_single,80,5,1,0.91171109312310994
80,10280,wdro_nominal_split_unconditional,80,4,1,0.80507788990694684
80,10281,nominal_single,80,2,1,0.56965568668657296
80,10281,nominal_split,80,2,1,0.56965568668657296
80,10281,wdro_single,80,4,1,0.91171109312310994
80,10281,wdro_nominal_split_unconditional,80,2,1,0.80507788990694684
80,10282,nominal_single,80,0,0,0.56965568668657296
80,10282,nominal_split,80,0,0,0.56965568668657296
80,10282,wdro_single,80,0,0,0.91171109312310994
80,10282,wdro_nominal_split_unconditional,80,0,0,0.80507788990694684
80,10283,nominal_single,80,2,1,0.56965568668657296
80,10283,nominal_split,80,2,1,0.56965568668657296
80,10283,wdro_single,80,4,1,0.91171109312310994
80,10283,wdro_nominal_split_unconditional,80,4,1,0.80507788990694684
80,10284,nominal_single,80,0,0,0.56965568668657296
80,10284,nominal_split,80,0,0,0.56965568668657296
80,10284,wdro_single,80,2,1,0.91171109312310994
80,10284,wdro_nominal_split_unconditional,80,0,0,0.80507788990694684
80,10285,nominal_single,80,2,1,0.56965568668657296
80,10285,nominal_split,80,2,1,0.56965568668657296
80,10285,wdro_single,80,5,1,0.91171109312310994
80,10285,wdro_nominal_split_unconditional,80,3,1,0.80507788990694684
80,10286,nominal_single,80,0,0,0.56965568668657296
80,10286,nominal_split,80,0,0,0.56965568668657296
80,10286,wdro_single,80,0,0,0.91171109312310994
80,10286,wdro_nominal_split_unconditional,80,0,0,0.80507788990694684
80,10287,nominal_single,80,2,1,0.56965568668657296
80,10287,nominal_split,80,2,1,0.56965568668657296
80,10287,wdro_single,80,4,1,0.91171109312310994
80,10287,wdro_nominal_split_unconditional,80,3,1,0.80507788990694684
80,10288,nominal_single,80,0,0,0.56965568668657296
80,10288,nominal_split,80,0,0,0.56965568668657296
80,10288,wdro_single,80,3,1,0.91171109312310994
80,10288,wdro_nominal_split_unconditional,80,3,1,0.80507788990694684
80,10289,nominal_single,80,0,0,0.56965568668657296
80,10289,nominal_split,80,0,0,0.56965568668657296
80,10289,wdro_single,80,1,1,0.91171109312310994
80,10289,wdro_nominal_split_unconditional,80,0,0,0.80507788990694684
80,10290,nominal_single,80,0,0,0.56965568668657296
80,10290,nominal_split,80,0,0,0.56965568668657296
80,10290,wdro_single,80,1,1,0.91171109312310994
80,10290,wdro_nominal_split_unconditional,80,0,0,0.80507788990694684
80,10291,nominal_single,80,1,1,0.56965568668657296
80,10291,nominal_split,80,1,1,0.56965568668657296
80,10291,wdro_single,80,2,1,0.91171109312310994
80,10291,wdro_nominal_split_unconditional,80,1,1,0.80507788990694684
80,10292,nominal_single,80,2,1,0.56965568668657296
80,10292,nominal_split,80,2,1,0.56965568668657296
80,10292,wdro_single,80,2,1,0.91171109312310994
80,10292,wdro_nominal_split_unconditional,80,2,1,0.80507788990694684
80,10293,nominal_single,80,2,1,0.56965568668657296
80,10293,nominal_split,80,2,1,0.56965568668657296
80,10293,wdro_single,80,3,1,0.91171109312310994
80,10293,wdro_nominal_split_unconditional,80,3,1,0.80507788990694684
80,10294,nominal_single,80,1,1,0.56965568668657296
80,10294,nominal_split,80,1,1,0.56965568668657296
80,10294,wdro_single,80,1,1,0.91171109312310994
80,10294,wdro_nominal_split_unconditional,80,1,1,0.80507788990694684
80,10295,nominal_single,80,1,1,0.56965568668657296
80,10295,nominal_split,80,1,1,0.56965568668657296
80,10295,wdro_single,80,2,1,0.91171109312310994
80,10295,wdro_nominal_split_unconditional,80,1,1,0.80507788990694684
80,10296,nominal_single,80,0,0,0.56965568668657296
80,10296,nominal_split,80,0,0,0.56965568668657296
80,10296,wdro_single,80,2,1,0.91171109312310994
80,10296,wdro_nominal_split_unconditional,80,0,0,0.80507788990694684
80,10297,nominal_single,80,0,0,0.56965568668657296
80,10297,nominal_split,80,0,0,0.56965568668657296
80,10297,wdro_single,80,1,1,0.91171109312310994
80,10297,wdro_nominal_split_unconditional,80,0,0,0.80507788990694684
80,10298,nominal_single,80,1,1,0.56965568668657296
80,10298,nominal_split,80,1,1,0.56965568668657296
80,10298,wdro_single,80,1,1,0.91171109312310994
80,10298,wdro_nominal_split_unconditional,80,1,1,0.80507788990694684
80,10299,nominal_single,80,1,1,0.56965568668657296
80,10299,nominal_split,80,1,1,0.56965568668657296
80,10299,wdro_single,80,1,1,0.91171109312310994
80,10299,wdro_nominal_split_unconditional,80,1,1,0.80507788990694684
80,10300,nominal_single,80,0,0,0.56965568668657296
80,10300,nominal_split,80,0,0,0.56965568668657296
80,10300,wdro_single,80,4,1,0.91171109312310994
80,10300,wdro_nominal_split_unconditional,80,1,1,0.80507788990694684
80,10301,nominal_single,80,0,0,0.56965568668657296
80,10301,nominal_split,80,0,0,0.56965568668657296
80,10301,wdro_single,80,3,1,0.91171109312310994
80,10301,wdro_nominal_split_unconditional,80,1,1,0.80507788990694684
80,10302,nominal_single,80,1,1,0.56965568668657296
80,10302,nominal_split,80,1,1,0.56965568668657296
80,10302,wdro_single,80,3,1,0.91171109312310994
80,10302,wdro_nominal_split_unconditional,80,1,1,0.80507788990694684
80,10303,nominal_single,80,3,1,0.56965568668657296
80,10303,nominal_split,80,3,1,0.56965568668657296
80,10303,wdro_single,80,3,1,0.91171109312310994
80,10303,wdro_nominal_split_unconditional,80,3,1,0.80507788990694684
80,10304,nominal_single,80,1,1,0.56965568668657296
80,10304,nominal_split,80,1,1,0.56965568668657296
80,10304,wdro_single,80,1,1,0.91171109312310994
80,10304,wdro_nominal_split_unconditional,80,1,1,0.80507788990694684
80,10305,nominal_single,80,0,0,0.56965568668657296
80,10305,nominal_split,80,0,0,0.56965568668657296
80,10305,wdro_single,80,1,1,0.91171109312310994
80,10305,wdro_nominal_split_unconditional,80,1,1,0.80507788990694684
80,10306,nominal_single,80,1,1,0.56965568668657296
80,10306,nominal_split,80,1,1,0.56965568668657296
80,10306,wdro_single,80,4,1,0.91171109312310994
80,10306,wdro_nominal_split_unconditional,80,4,1,0.80507788990694684
80,10307,nominal_single,80,0,0,0.56965568668657296
80,10307,nominal_split,80,0,0,0.56965568668657296
80,10307,wdro_single,80,2,1,0.91171109312310994
80,10307,wdro_nominal_split_unconditional,80,2,1,0.80507788990694684
80,10308,nominal_single,80,2,1,0.56965568668657296
80,10308,nominal_split,80,2,1,0.56965568668657296
80,10308,wdro_single,80,2,1,0.91171109312310994
80,10308,wdro_nominal_split_unconditional,80,2,1,0.80507788990694684
80,10309,nominal_single,80,1,1,0.56965568668657296
80,10309,nominal_split,80,1,1,0.56965568668657296
80,10309,wdro_single,80,5,1,0.91171109312310994
80,10309,wdro_nominal_split_unconditional,80,5,1,0.80507788990694684
80,10310,nominal_single,80,1,1,0.56965568668657296
80,10310,nominal_split,80,1,1,0.56965568668657296
80,10310,wdro_single,80,5,1,0.91171109312310994
80,10310,wdro_nominal_split_unconditional,80,3,1,0.80507788990694684
80,10311,nominal_single,80,1,1,0.56965568668657296
80,10311,nominal_split,80,1,1,0.56965568668657296
80,10311,wdro_single,80,2,1,0.91171109312310994
80,10311,wdro_nominal_split_unconditional,80,1,1,0.80507788990694684
80,10312,nominal_single,80,1,1,0.56965568668657296
80,10312,nominal_split,80,1,1,0.56965568668657296
80,10312,wdro_single,80,3,1,0.91171109312310994
80,10312,wdro_nominal_split_unconditional,80,1,1,0.80507788990694684
80,10313,nominal_single,80,0,0,0.56965568668657296
80,10313,nominal_split,80,0,0,0.56965568668657296
80,10313,wdro_single,80,1,1,0.91171109312310994
80,10313,wdro_nominal_split_unconditional,80,1,1,0.80507788990694684
80,10314,nominal_single,80,2,1,0.56965568668657296
80,10314,nominal_split,80,2,1,0.56965568668657296
80,10314,wdro_single,80,3,1,0.91171109312310994
80,10314,wdro_nominal_split_unconditional,80,2,1,0.80507788990694684
80,10315,nominal_single,80,1,1,0.56965568668657296
80,10315,nominal_split,80,1,1,0.56965568668657296
80,10315,wdro_single,80,2,1,0.91171109312310994
80,10315,wdro_nominal_split_unconditional,80,1,1,0.80507788990694684
80,10316,nominal_single,80,1,1,0.56965568668657296
80,10316,nominal_split,80,1,1,0.56965568668657296
80,10316,wdro_single,80,1,1,0.91171109312310994
80,10316,wdro_nominal_split_unconditional,80,1,1,0.80507788990694684
80,10317,nominal_single,80,1,1,0.56965568668657296
80,10317,nominal_split,80,1,1,0.56965568668657296
80,10317,wdro_single,80,1,1,0.91171109312310994
80,10317,wdro_nominal_split_unconditional,80,1,1,0.80507788990694684
80,10318,nominal_single,80,2,1,0.56965568668657296
80,10318,nominal_split,80,2,1,0.56965568668657296
80,10318,wdro_single,80,3,1,0.91171109312310994
80,10318,wdro_nominal_split_unconditional,80,2,1,0.80507788990694684
80,10319,nominal_single,80,0,0,0.56965568668657296
80,10319,nominal_split,80,0,0,0.56965568668657296
80,10319,wdro_single,80,0,0,0.91171109312310994
80,10319,wdro_nominal_split_unconditional,80,0,0,0.80507788990694684
80,10320,nominal_single,80,0,0,0.56965568668657296
80,10320,nominal_split,80,0,0,0.56965568668657296
80,10320,wdro_single,80,1,1,0.91171109312310994
80,10320,wdro_nominal_split_unconditional,80,1,1,0.80507788990694684
80,10321,nominal_single,80,1,1,0.56965568668657296
80,10321,nominal_split,80,1,1,0.56965568668657296
80,10321,wdro_single,80,4,1,0.91171109312310994
80,10321,wdro_nominal_split_unconditional,80,3,1,0.80507788990694684
80,10322,nominal_single,80,0,0,0.56965568668657296
80,10322,nominal_split,80,0,0,0.56965568668657296
80,10322,wdro_single,80,2,1,0.91171109312310994
80,10322,wdro_nominal_split_unconditional,80,1,1,0.80507788990694684
80,10323,nominal_single,80,1,1,0.56965568668657296
80,10323,nominal_split,80,1,1,0.56965568668657296
80,10323,wdro_single,80,2,1,0.91171109312310994
80,10323,wdro_nominal_split_unconditional,80,1,1,0.80507788990694684
80,10324,nominal_single,80,1,1,0.56965568668657296
80,10324,nominal_split,80,1,1,0.56965568668657296
80,10324,wdro_single,80,3,1,0.91171109312310994
80,10324,wdro_nominal_split_unconditional,80,2,1,0.80507788990694684
80,10325,nominal_single,80,1,1,0.56965568668657296
80,10325,nominal_split,80,1,1,0.56965568668657296
80,10325,wdro_single,80,3,1,0.91171109312310994
80,10325,wdro_nominal_split_unconditional,80,2,1,0.80507788990694684
80,10326,nominal_single,80,3,1,0.56965568668657296
80,10326,nominal_split,80,3,1,0.56965568668657296
80,10326,wdro_single,80,6,1,0.91171109312310994
80,10326,wdro_nominal_split_unconditional,80,5,1,0.80507788990694684
80,10327,nominal_single,80,1,1,0.56965568668657296
80,10327,nominal_split,80,1,1,0.56965568668657296
80,10327,wdro_single,80,4,1,0.91171109312310994
80,10327,wdro_nominal_split_unconditional,80,4,1,0.80507788990694684
80,10328,nominal_single,80,0,0,0.56965568668657296
80,10328,nominal_split,80,0,0,0.56965568668657296
80,10328,wdro_single,80,1,1,0.91171109312310994
80,10328,wdro_nominal_split_unconditional,80,0,0,0.80507788990694684
80,10329,nominal_single,80,1,1,0.56965568668657296
80,10329,nominal_split,80,1,1,0.56965568668657296
80,10329,wdro_single,80,2,1,0.91171109312310994
80,10329,wdro_nominal_split_unconditional,80,1,1,0.80507788990694684
80,10330,nominal_single,80,1,1,0.56965568668657296
80,10330,nominal_split,80,1,1,0.56965568668657296
80,10330,wdro_single,80,1,1,0.91171109312310994
80,10330,wdro_nominal_split_unconditional,80,1,1,0.80507788990694684
80,10331,nominal_single,80,0,0,0.56965568668657296
80,10331,nominal_split,80,0,0,0.56965568668657296
80,10331,wdro_single,80,0,0,0.91171109312310994
80,10331,wdro_nominal_split_unconditional,80,0,0,0.80507788990694684
80,10332,nominal_single,80,1,1,0.56965568668657296
80,10332,nominal_split,80,1,1,0.56965568668657296
80,10332,wdro_single,80,3,1,0.91171109312310994
80,10332,wdro_nominal_split_unconditional,80,2,1,0.80507788990694684
80,10333,nominal_single,80,1,1,0.56965568668657296
80,10333,nominal_split,80,1,1,0.56965568668657296
80,10333,wdro_single,80,4,1,0.91171109312310994
80,10333,wdro_nominal_split_unconditional,80,2,1,0.80507788990694684
80,10334,nominal_single,80,3,1,0.56965568668657296
80,10334,nominal_split,80,3,1,0.56965568668657296
80,10334,wdro_single,80,4,1,0.91171109312310994
80,10334,wdro_nominal_split_unconditional,80,3,1,0.80507788990694684
80,10335,nominal_single,80,1,1,0.56965568668657296
80,10335,nominal_split,80,1,1,0.56965568668657296
80,10335,wdro_single,80,5,1,0.91171109312310994
80,10335,wdro_nominal_split_unconditional,80,3,1,0.80507788990694684
80,10336,nominal_single,80,0,0,0.56965568668657296
80,10336,nominal_split,80,0,0,0.56965568668657296
80,10336,wdro_single,80,3,1,0.91171109312310994
80,10336,wdro_nominal_split_unconditional,80,1,1,0.80507788990694684
80,10337,nominal_single,80,2,1,0.56965568668657296
80,10337,nominal_split,80,2,1,0.56965568668657296
80,10337,wdro_single,80,2,1,0.91171109312310994
80,10337,wdro_nominal_split_unconditional,80,2,1,0.80507788990694684
80,10338,nominal_single,80,1,1,0.56965568668657296
80,10338,nominal_split,80,1,1,0.56965568668657296
80,10338,wdro_single,80,3,1,0.91171109312310994
80,10338,wdro_nominal_split_unconditional,80,2,1,0.80507788990694684
80,10339,nominal_single,80,0,0,0.56965568668657296
80,10339,nominal_split,80,0,0,0.56965568668657296
80,10339,wdro_single,80,1,1,0.91171109312310994
80,10339,wdro_nominal_split_unconditional,80,1,1,0.80507788990694684
80,10340,nominal_single,80,1,1,0.56965568668657296
80,10340,nominal_split,80,1,1,0.56965568668657296
80,10340,wdro_single,80,3,1,0.91171109312310994
80,10340,wdro_nominal_split_unconditional,80,3,1,0.80507788990694684
80,10341,nominal_single,80,0,0,0.56965568668657296
80,10341,nominal_split,80,0,0,0.56965568668657296
80,10341,wdro_single,80,1,1,0.91171109312310994
80,10341,wdro_nominal_split_unconditional,80,0,0,0.80507788990694684
80,10342,nominal_single,80,2,1,0.56965568668657296
80,10342,nominal_split,80,2,1,0.56965568668657296
80,10342,wdro_single,80,4,1,0.91171109312310994
80,10342,wdro_nominal_split_unconditional,80,4,1,0.80507788990694684
80,10343,nominal_single,80,3,1,0.56965568668657296
80,10343,nominal_split,80,3,1,0.56965568668657296
80,10343,wdro_single,80,5,1,0.91171109312310994
80,10343,wdro_nominal_split_unconditional,80,5,1,0.80507788990694684
80,10344,nominal_single,80,0,0,0.56965568668657296
80,10344,nominal_split,80,0,0,0.56965568668657296
80,10344,wdro_single,80,0,0,0.91171109312310994
80,10344,wdro_nominal_split_unconditional,80,0,0,0.80507788990694684
80,10345,nominal_single,80,0,0,0.56965568668657296
80,10345,nominal_split,80,0,0,0.56965568668657296
80,10345,wdro_single,80,2,1,0.91171109312310994
80,10345,wdro_nominal_split_unconditional,80,2,1,0.80507788990694684
80,10346,nominal_single,80,2,1,0.56965568668657296
80,10346,nominal_split,80,2,1,0.56965568668657296
80,10346,wdro_single,80,2,1,0.91171109312310994
80,10346,wdro_nominal_split_unconditional,80,2,1,0.80507788990694684
80,10347,nominal_single,80,2,1,0.56965568668657296
80,10347,nominal_split,80,2,1,0.56965568668657296
80,10347,wdro_single,80,4,1,0.91171109312310994
80,10347,wdro_nominal_split_unconditional,80,2,1,0.80507788990694684
80,10348,nominal_single,80,2,1,0.56965568668657296
80,10348,nominal_split,80,2,1,0.56965568668657296
80,10348,wdro_single,80,5,1,0.91171109312310994
80,10348,wdro_nominal_split_unconditional,80,2,1,0.80507788990694684
80,10349,nominal_single,80,2,1,0.56965568668657296
80,10349,nominal_split,80,2,1,0.56965568668657296
80,10349,wdro_single,80,3,1,0.91171109312310994
80,10349,wdro_nominal_split_unconditional,80,3,1,0.80507788990694684
80,10350,nominal_single,80,3,1,0.56965568668657296
80,10350,nominal_split,80,3,1,0.56965568668657296
80,10350,wdro_single,80,4,1,0.91171109312310994
80,10350,wdro_nominal_split_unconditional,80,4,1,0.80507788990694684
80,10351,nominal_single,80,1,1,0.56965568668657296
80,10351,nominal_split,80,1,1,0.56965568668657296
80,10351,wdro_single,80,3,1,0.91171109312310994
80,10351,wdro_nominal_split_unconditional,80,2,1,0.80507788990694684
80,10352,nominal_single,80,3,1,0.56965568668657296
80,10352,nominal_split,80,3,1,0.56965568668657296
80,10352,wdro_single,80,4,1,0.91171109312310994
80,10352,wdro_nominal_split_unconditional,80,3,1,0.80507788990694684
80,10353,nominal_single,80,1,1,0.56965568668657296
80,10353,nominal_split,80,1,1,0.56965568668657296
80,10353,wdro_single,80,3,1,0.91171109312310994
80,10353,wdro_nominal_split_unconditional,80,1,1,0.80507788990694684
80,10354,nominal_single,80,1,1,0.56965568668657296
80,10354,nominal_split,80,1,1,0.56965568668657296
80,10354,wdro_single,80,1,1,0.91171109312310994
80,10354,wdro_nominal_split_unconditional,80,1,1,0.80507788990694684
80,10355,nominal_single,80,2,1,0.56965568668657296
80,10355,nominal_split,80,2,1,0.56965568668657296
80,10355,wdro_single,80,3,1,0.91171109312310994
80,10355,wdro_nominal_split_unconditional,80,2,1,0.80507788990694684
80,10356,nominal_single,80,0,0,0.56965568668657296
80,10356,nominal_split,80,0,0,0.56965568668657296
80,10356,wdro_single,80,3,1,0.91171109312310994
80,10356,wdro_nominal_split_unconditional,80,1,1,0.80507788990694684
80,10357,nominal_single,80,0,0,0.56965568668657296
80,10357,nominal_split,80,0,0,0.56965568668657296
80,10357,wdro_single,80,1,1,0.91171109312310994
80,10357,wdro_nominal_split_unconditional,80,1,1,0.80507788990694684
80,10358,nominal_single,80,0,0,0.56965568668657296
80,10358,nominal_split,80,0,0,0.56965568668657296
80,10358,wdro_single,80,2,1,0.91171109312310994
80,10358,wdro_nominal_split_unconditional,80,2,1,0.80507788990694684
80,10359,nominal_single,80,1,1,0.56965568668657296
80,10359,nominal_split,80,1,1,0.56965568668657296
80,10359,wdro_single,80,4,1,0.91171109312310994
80,10359,wdro_nominal_split_unconditional,80,1,1,0.80507788990694684
80,10360,nominal_single,80,0,0,0.56965568668657296
80,10360,nominal_split,80,0,0,0.56965568668657296
80,10360,wdro_single,80,1,1,0.91171109312310994
80,10360,wdro_nominal_split_unconditional,80,0,0,0.80507788990694684
80,10361,nominal_single,80,0,0,0.56965568668657296
80,10361,nominal_split,80,0,0,0.56965568668657296
80,10361,wdro_single,80,2,1,0.91171109312310994
80,10361,wdro_nominal_split_unconditional,80,1,1,0.80507788990694684
80,10362,nominal_single,80,1,1,0.56965568668657296
80,10362,nominal_split,80,1,1,0.56965568668657296
80,10362,wdro_single,80,1,1,0.91171109312310994
80,10362,wdro_nominal_split_unconditional,80,1,1,0.80507788990694684
80,10363,nominal_single,80,0,0,0.56965568668657296
80,10363,nominal_split,80,0,0,0.56965568668657296
80,10363,wdro_single,80,1,1,0.91171109312310994
80,10363,wdro_nominal_split_unconditional,80,1,1,0.80507788990694684
80,10364,nominal_single,80,0,0,0.56965568668657296
80,10364,nominal_split,80,0,0,0.56965568668657296
80,10364,wdro_single,80,2,1,0.91171109312310994
80,10364,wdro_nominal_split_unconditional,80,2,1,0.80507788990694684
80,10365,nominal_single,80,2,1,0.56965568668657296
80,10365,nominal_split,80,2,1,0.56965568668657296
80,10365,wdro_single,80,3,1,0.91171109312310994
80,10365,wdro_nominal_split_unconditional,80,3,1,0.80507788990694684
80,10366,nominal_single,80,0,0,0.56965568668657296
80,10366,nominal_split,80,0,0,0.56965568668657296
80,10366,wdro_single,80,1,1,0.91171109312310994
80,10366,wdro_nominal_split_unconditional,80,1,1,0.80507788990694684
80,10367,nominal_single,80,0,0,0.56965568668657296
80,10367,nominal_split,80,0,0,0.56965568668657296
80,10367,wdro_single,80,3,1,0.91171109312310994
80,10367,wdro_nominal_split_unconditional,80,2,1,0.80507788990694684
80,10368,nominal_single,80,1,1,0.56965568668657296
80,10368,nominal_split,80,1,1,0.56965568668657296
80,10368,wdro_single,80,4,1,0.91171109312310994
80,10368,wdro_nominal_split_unconditional,80,4,1,0.80507788990694684
80,10369,nominal_single,80,3,1,0.56965568668657296
80,10369,nominal_split,80,3,1,0.56965568668657296
80,10369,wdro_single,80,6,1,0.91171109312310994
80,10369,wdro_nominal_split_unconditional,80,5,1,0.80507788990694684
80,10370,nominal_single,80,0,0,0.56965568668657296
80,10370,nominal_split,80,0,0,0.56965568668657296
80,10370,wdro_single,80,1,1,0.91171109312310994
80,10370,wdro_nominal_split_unconditional,80,1,1,0.80507788990694684
80,10371,nominal_single,80,1,1,0.56965568668657296
80,10371,nominal_split,80,1,1,0.56965568668657296
80,10371,wdro_single,80,3,1,0.91171109312310994
80,10371,wdro_nominal_split_unconditional,80,2,1,0.80507788990694684
80,10372,nominal_single,80,0,0,0.56965568668657296
80,10372,nominal_split,80,0,0,0.56965568668657296
80,10372,wdro_single,80,3,1,0.91171109312310994
80,10372,wdro_nominal_split_unconditional,80,2,1,0.80507788990694684
80,10373,nominal_single,80,2,1,0.56965568668657296
80,10373,nominal_split,80,2,1,0.56965568668657296
80,10373,wdro_single,80,2,1,0.91171109312310994
80,10373,wdro_nominal_split_unconditional,80,2,1,0.80507788990694684
80,10374,nominal_single,80,1,1,0.56965568668657296
80,10374,nominal_split,80,1,1,0.56965568668657296
80,10374,wdro_single,80,1,1,0.91171109312310994
80,10374,wdro_nominal_split_unconditional,80,1,1,0.80507788990694684
80,10375,nominal_single,80,0,0,0.56965568668657296
80,10375,nominal_split,80,0,0,0.56965568668657296
80,10375,wdro_single,80,0,0,0.91171109312310994
80,10375,wdro_nominal_split_unconditional,80,0,0,0.80507788990694684
80,10376,nominal_single,80,0,0,0.56965568668657296
80,10376,nominal_split,80,0,0,0.56965568668657296
80,10376,wdro_single,80,0,0,0.91171109312310994
80,10376,wdro_nominal_split_unconditional,80,0,0,0.80507788990694684
80,10377,nominal_single,80,0,0,0.56965568668657296
80,10377,nominal_split,80,0,0,0.56965568668657296
80,10377,wdro_single,80,2,1,0.91171109312310994
80,10377,wdro_nominal_split_unconditional,80,2,1,0.80507788990694684
80,10378,nominal_single,80,2,1,0.56965568668657296
80,10378,nominal_split,80,2,1,0.56965568668657296
80,10378,wdro_single,80,4,1,0.91171109312310994
80,10378,wdro_nominal_split_unconditional,80,2,1,0.80507788990694684
80,10379,nominal_single,80,0,0,0.56965568668657296
80,10379,nominal_split,80,0,0,0.56965568668657296
80,10379,wdro_single,80,1,1,0.91171109312310994
80,10379,wdro_nominal_split_unconditional,80,1,1,0.80507788990694684
80,10380,nominal_single,80,0,0,0.56965568668657296
80,10380,nominal_split,80,0,0,0.56965568668657296
80,10380,wdro_single,80,2,1,0.91171109312310994
80,10380,wdro_nominal_split_unconditional,80,1,1,0.80507788990694684
80,10381,nominal_single,80,1,1,0.56965568668657296
80,10381,nominal_split,80,1,1,0.56965568668657296
80,10381,wdro_single,80,3,1,0.91171109312310994
80,10381,wdro_nominal_split_unconditional,80,2,1,0.80507788990694684
80,10382,nominal_single,80,1,1,0.56965568668657296
80,10382,nominal_split,80,1,1,0.56965568668657296
80,10382,wdro_single,80,1,1,0.91171109312310994
80,10382,wdro_nominal_split_unconditional,80,1,1,0.80507788990694684
80,10383,nominal_single,80,2,1,0.56965568668657296
80,10383,nominal_split,80,2,1,0.56965568668657296
80,10383,wdro_single,80,3,1,0.91171109312310994
80,10383,wdro_nominal_split_unconditional,80,2,1,0.80507788990694684
80,10384,nominal_single,80,0,0,0.56965568668657296
80,10384,nominal_split,80,0,0,0.56965568668657296
80,10384,wdro_single,80,3,1,0.91171109312310994
80,10384,wdro_nominal_split_unconditional,80,0,0,0.80507788990694684
80,10385,nominal_single,80,1,1,0.56965568668657296
80,10385,nominal_split,80,1,1,0.56965568668657296
80,10385,wdro_single,80,3,1,0.91171109312310994
80,10385,wdro_nominal_split_unconditional,80,2,1,0.80507788990694684
80,10386,nominal_single,80,0,0,0.56965568668657296
80,10386,nominal_split,80,0,0,0.56965568668657296
80,10386,wdro_single,80,3,1,0.91171109312310994
80,10386,wdro_nominal_split_unconditional,80,1,1,0.80507788990694684
80,10387,nominal_single,80,1,1,0.56965568668657296
80,10387,nominal_split,80,1,1,0.56965568668657296
80,10387,wdro_single,80,2,1,0.91171109312310994
80,10387,wdro_nominal_split_unconditional,80,2,1,0.80507788990694684
80,10388,nominal_single,80,2,1,0.56965568668657296
80,10388,nominal_split,80,2,1,0.56965568668657296
80,10388,wdro_single,80,3,1,0.91171109312310994
80,10388,wdro_nominal_split_unconditional,80,2,1,0.80507788990694684
80,10389,nominal_single,80,1,1,0.56965568668657296
80,10389,nominal_split,80,1,1,0.56965568668657296
80,10389,wdro_single,80,1,1,0.91171109312310994
80,10389,wdro_nominal_split_unconditional,80,1,1,0.80507788990694684
80,10390,nominal_single,80,2,1,0.56965568668657296
80,10390,nominal_split,80,2,1,0.56965568668657296
80,10390,wdro_single,80,2,1,0.91171109312310994
80,10390,wdro_nominal_split_unconditional,80,2,1,0.80507788990694684
80,10391,nominal_single,80,0,0,0.56965568668657296
80,10391,nominal_split,80,0,0,0.56965568668657296
80,10391,wdro_single,80,0,0,0.91171109312310994
80,10391,wdro_nominal_split_unconditional,80,0,0,0.80507788990694684
80,10392,nominal_single,80,1,1,0.56965568668657296
80,10392,nominal_split,80,1,1,0.56965568668657296
80,10392,wdro_single,80,2,1,0.91171109312310994
80,10392,wdro_nominal_split_unconditional,80,1,1,0.80507788990694684
80,10393,nominal_single,80,2,1,0.56965568668657296
80,10393,nominal_split,80,2,1,0.56965568668657296
80,10393,wdro_single,80,3,1,0.91171109312310994
80,10393,wdro_nominal_split_unconditional,80,3,1,0.80507788990694684
80,10394,nominal_single,80,0,0,0.56965568668657296
80,10394,nominal_split,80,0,0,0.56965568668657296
80,10394,wdro_single,80,1,1,0.91171109312310994
80,10394,wdro_nominal_split_unconditional,80,1,1,0.80507788990694684
80,10395,nominal_single,80,0,0,0.56965568668657296
80,10395,nominal_split,80,0,0,0.56965568668657296
80,10395,wdro_single,80,1,1,0.91171109312310994
80,10395,wdro_nominal_split_unconditional,80,1,1,0.80507788990694684
80,10396,nominal_single,80,0,0,0.56965568668657296
80,10396,nominal_split,80,0,0,0.56965568668657296
80,10396,wdro_single,80,2,1,0.91171109312310994
80,10396,wdro_nominal_split_unconditional,80,1,1,0.80507788990694684
80,10397,nominal_single,80,3,1,0.56965568668657296
80,10397,nominal_split,80,3,1,0.56965568668657296
80,10397,wdro_single,80,5,1,0.91171109312310994
80,10397,wdro_nominal_split_unconditional,80,3,1,0.80507788990694684
80,10398,nominal_single,80,0,0,0.56965568668657296
80,10398,nominal_split,80,0,0,0.56965568668657296
80,10398,wdro_single,80,3,1,0.91171109312310994
80,10398,wdro_nominal_split_unconditional,80,0,0,0.80507788990694684
80,10399,nominal_single,80,1,1,0.56965568668657296
80,10399,nominal_split,80,1,1,0.56965568668657296
80,10399,wdro_single,80,3,1,0.91171109312310994
80,10399,wdro_nominal_split_unconditional,80,3,1,0.80507788990694684
80,10400,nominal_single,80,0,0,0.56965568668657296
80,10400,nominal_split,80,0,0,0.56965568668657296
80,10400,wdro_single,80,1,1,0.91171109312310994
80,10400,wdro_nominal_split_unconditional,80,1,1,0.80507788990694684
80,10401,nominal_single,80,0,0,0.56965568668657296
80,10401,nominal_split,80,0,0,0.56965568668657296
80,10401,wdro_single,80,0,0,0.91171109312310994
80,10401,wdro_nominal_split_unconditional,80,0,0,0.80507788990694684
80,10402,nominal_single,80,0,0,0.56965568668657296
80,10402,nominal_split,80,0,0,0.56965568668657296
80,10402,wdro_single,80,2,1,0.91171109312310994
80,10402,wdro_nominal_split_unconditional,80,1,1,0.80507788990694684
80,10403,nominal_single,80,0,0,0.56965568668657296
80,10403,nominal_split,80,0,0,0.56965568668657296
80,10403,wdro_single,80,1,1,0.91171109312310994
80,10403,wdro_nominal_split_unconditional,80,1,1,0.80507788990694684
80,10404,nominal_single,80,0,0,0.56965568668657296
80,10404,nominal_split,80,0,0,0.56965568668657296
80,10404,wdro_single,80,2,1,0.91171109312310994
80,10404,wdro_nominal_split_unconditional,80,1,1,0.80507788990694684
80,10405,nominal_single,80,1,1,0.56965568668657296
80,10405,nominal_split,80,1,1,0.56965568668657296
80,10405,wdro_single,80,4,1,0.91171109312310994
80,10405,wdro_nominal_split_unconditional,80,2,1,0.80507788990694684
80,10406,nominal_single,80,0,0,0.56965568668657296
80,10406,nominal_split,80,0,0,0.56965568668657296
80,10406,wdro_single,80,2,1,0.91171109312310994
80,10406,wdro_nominal_split_unconditional,80,0,0,0.80507788990694684
80,10407,nominal_single,80,0,0,0.56965568668657296
80,10407,nominal_split,80,0,0,0.56965568668657296
80,10407,wdro_single,80,4,1,0.91171109312310994
80,10407,wdro_nominal_split_unconditional,80,0,0,0.80507788990694684
80,10408,nominal_single,80,0,0,0.56965568668657296
80,10408,nominal_split,80,0,0,0.56965568668657296
80,10408,wdro_single,80,2,1,0.91171109312310994
80,10408,wdro_nominal_split_unconditional,80,0,0,0.80507788990694684
80,10409,nominal_single,80,2,1,0.56965568668657296
80,10409,nominal_split,80,2,1,0.56965568668657296
80,10409,wdro_single,80,4,1,0.91171109312310994
80,10409,wdro_nominal_split_unconditional,80,3,1,0.80507788990694684
80,10410,nominal_single,80,1,1,0.56965568668657296
80,10410,nominal_split,80,1,1,0.56965568668657296
80,10410,wdro_single,80,4,1,0.91171109312310994
80,10410,wdro_nominal_split_unconditional,80,2,1,0.80507788990694684
80,10411,nominal_single,80,0,0,0.56965568668657296
80,10411,nominal_split,80,0,0,0.56965568668657296
80,10411,wdro_single,80,1,1,0.91171109312310994
80,10411,wdro_nominal_split_unconditional,80,1,1,0.80507788990694684
80,10412,nominal_single,80,1,1,0.56965568668657296
80,10412,nominal_split,80,1,1,0.56965568668657296
80,10412,wdro_single,80,3,1,0.91171109312310994
80,10412,wdro_nominal_split_unconditional,80,2,1,0.80507788990694684
80,10413,nominal_single,80,1,1,0.56965568668657296
80,10413,nominal_split,80,1,1,0.56965568668657296
80,10413,wdro_single,80,3,1,0.91171109312310994
80,10413,wdro_nominal_split_unconditional,80,3,1,0.80507788990694684
80,10414,nominal_single,80,0,0,0.56965568668657296
80,10414,nominal_split,80,0,0,0.56965568668657296
80,10414,wdro_single,80,1,1,0.91171109312310994
80,10414,wdro_nominal_split_unconditional,80,0,0,0.80507788990694684
80,10415,nominal_single,80,1,1,0.56965568668657296
80,10415,nominal_split,80,1,1,0.56965568668657296
80,10415,wdro_single,80,1,1,0.91171109312310994
80,10415,wdro_nominal_split_unconditional,80,1,1,0.80507788990694684
80,10416,nominal_single,80,1,1,0.56965568668657296
80,10416,nominal_split,80,1,1,0.56965568668657296
80,10416,wdro_single,80,1,1,0.91171109312310994
80,10416,wdro_nominal_split_unconditional,80,1,1,0.80507788990694684
80,10417,nominal_single,80,0,0,0.56965568668657296
80,10417,nominal_split,80,0,0,0.56965568668657296
80,10417,wdro_single,80,1,1,0.91171109312310994
80,10417,wdro_nominal_split_unconditional,80,0,0,0.80507788990694684
80,10418,nominal_single,80,1,1,0.56965568668657296
80,10418,nominal_split,80,1,1,0.56965568668657296
80,10418,wdro_single,80,4,1,0.91171109312310994
80,10418,wdro_nominal_split_unconditional,80,2,1,0.80507788990694684
80,10419,nominal_single,80,1,1,0.56965568668657296
80,10419,nominal_split,80,1,1,0.56965568668657296
80,10419,wdro_single,80,1,1,0.91171109312310994
80,10419,wdro_nominal_split_unconditional,80,1,1,0.80507788990694684
80,10420,nominal_single,80,0,0,0.56965568668657296
80,10420,nominal_split,80,0,0,0.56965568668657296
80,10420,wdro_single,80,3,1,0.91171109312310994
80,10420,wdro_nominal_split_unconditional,80,1,1,0.80507788990694684
80,10421,nominal_single,80,0,0,0.56965568668657296
80,10421,nominal_split,80,0,0,0.56965568668657296
80,10421,wdro_single,80,3,1,0.91171109312310994
80,10421,wdro_nominal_split_unconditional,80,2,1,0.80507788990694684
80,10422,nominal_single,80,0,0,0.56965568668657296
80,10422,nominal_split,80,0,0,0.56965568668657296
80,10422,wdro_single,80,2,1,0.91171109312310994
80,10422,wdro_nominal_split_unconditional,80,1,1,0.80507788990694684
80,10423,nominal_single,80,1,1,0.56965568668657296
80,10423,nominal_split,80,1,1,0.56965568668657296
80,10423,wdro_single,80,3,1,0.91171109312310994
80,10423,wdro_nominal_split_unconditional,80,3,1,0.80507788990694684
80,10424,nominal_single,80,0,0,0.56965568668657296
80,10424,nominal_split,80,0,0,0.56965568668657296
80,10424,wdro_single,80,2,1,0.91171109312310994
80,10424,wdro_nominal_split_unconditional,80,1,1,0.80507788990694684
80,10425,nominal_single,80,1,1,0.56965568668657296
80,10425,nominal_split,80,1,1,0.56965568668657296
80,10425,wdro_single,80,3,1,0.91171109312310994
80,10425,wdro_nominal_split_unconditional,80,1,1,0.80507788990694684
80,10426,nominal_single,80,1,1,0.56965568668657296
80,10426,nominal_split,80,1,1,0.56965568668657296
80,10426,wdro_single,80,5,1,0.91171109312310994
80,10426,wdro_nominal_split_unconditional,80,2,1,0.80507788990694684
80,10427,nominal_single,80,2,1,0.56965568668657296
80,10427,nominal_split,80,2,1,0.56965568668657296
80,10427,wdro_single,80,5,1,0.91171109312310994
80,10427,wdro_nominal_split_unconditional,80,3,1,0.80507788990694684
80,10428,nominal_single,80,2,1,0.56965568668657296
80,10428,nominal_split,80,2,1,0.56965568668657296
80,10428,wdro_single,80,3,1,0.91171109312310994
80,10428,wdro_nominal_split_unconditional,80,2,1,0.80507788990694684
80,10429,nominal_single,80,1,1,0.56965568668657296
80,10429,nominal_split,80,1,1,0.56965568668657296
80,10429,wdro_single,80,2,1,0.91171109312310994
80,10429,wdro_nominal_split_unconditional,80,1,1,0.80507788990694684
80,10430,nominal_single,80,0,0,0.56965568668657296
80,10430,nominal_split,80,0,0,0.56965568668657296
80,10430,wdro_single,80,1,1,0.91171109312310994
80,10430,wdro_nominal_split_unconditional,80,1,1,0.80507788990694684
80,10431,nominal_single,80,2,1,0.56965568668657296
80,10431,nominal_split,80,2,1,0.56965568668657296
80,10431,wdro_single,80,3,1,0.91171109312310994
80,10431,wdro_nominal_split_unconditional,80,3,1,0.80507788990694684
80,10432,nominal_single,80,1,1,0.56965568668657296
80,10432,nominal_split,80,1,1,0.56965568668657296
80,10432,wdro_single,80,4,1,0.91171109312310994
80,10432,wdro_nominal_split_unconditional,80,2,1,0.80507788990694684
80,10433,nominal_single,80,0,0,0.56965568668657296
80,10433,nominal_split,80,0,0,0.56965568668657296
80,10433,wdro_single,80,0,0,0.91171109312310994
80,10433,wdro_nominal_split_unconditional,80,0,0,0.80507788990694684
80,10434,nominal_single,80,0,0,0.56965568668657296
80,10434,nominal_split,80,0,0,0.56965568668657296
80,10434,wdro_single,80,1,1,0.91171109312310994
80,10434,wdro_nominal_split_unconditional,80,0,0,0.80507788990694684
80,10435,nominal_single,80,0,0,0.56965568668657296
80,10435,nominal_split,80,0,0,0.56965568668657296
80,10435,wdro_single,80,3,1,0.91171109312310994
80,10435,wdro_nominal_split_unconditional,80,2,1,0.80507788990694684
80,10436,nominal_single,80,0,0,0.56965568668657296
80,10436,nominal_split,80,0,0,0.56965568668657296
80,10436,wdro_single,80,2,1,0.91171109312310994
80,10436,wdro_nominal_split_unconditional,80,2,1,0.80507788990694684
80,10437,nominal_single,80,1,1,0.56965568668657296
80,10437,nominal_split,80,1,1,0.56965568668657296
80,10437,wdro_single,80,2,1,0.91171109312310994
80,10437,wdro_nominal_split_unconditional,80,1,1,0.80507788990694684
80,10438,nominal_single,80,1,1,0.56965568668657296
80,10438,nominal_split,80,1,1,0.56965568668657296
80,10438,wdro_single,80,5,1,0.91171109312310994
80,10438,wdro_nominal_split_unconditional,80,4,1,0.80507788990694684
80,10439,nominal_single,80,0,0,0.56965568668657296
80,10439,nominal_split,80,0,0,0.56965568668657296
80,10439,wdro_single,80,1,1,0.91171109312310994
80,10439,wdro_nominal_split_unconditional,80,0,0,0.80507788990694684
80,10440,nominal_single,80,0,0,0.56965568668657296
80,10440,nominal_split,80,0,0,0.56965568668657296
80,10440,wdro_single,80,1,1,0.91171109312310994
80,10440,wdro_nominal_split_unconditional,80,1,1,0.80507788990694684
80,10441,nominal_single,80,0,0,0.56965568668657296
80,10441,nominal_split,80,0,0,0.56965568668657296
80,10441,wdro_single,80,1,1,0.91171109312310994
80,10441,wdro_nominal_split_unconditional,80,1,1,0.80507788990694684
80,10442,nominal_single,80,2,1,0.56965568668657296
80,10442,nominal_split,80,2,1,0.56965568668657296
80,10442,wdro_single,80,3,1,0.91171109312310994
80,10442,wdro_nominal_split_unconditional,80,3,1,0.80507788990694684
80,10443,nominal_single,80,0,0,0.56965568668657296
80,10443,nominal_split,80,0,0,0.56965568668657296
80,10443,wdro_single,80,4,1,0.91171109312310994
80,10443,wdro_nominal_split_unconditional,80,1,1,0.80507788990694684
80,10444,nominal_single,80,3,1,0.56965568668657296
80,10444,nominal_split,80,3,1,0.56965568668657296
80,10444,wdro_single,80,6,1,0.91171109312310994
80,10444,wdro_nominal_split_unconditional,80,6,1,0.80507788990694684
80,10445,nominal_single,80,2,1,0.56965568668657296
80,10445,nominal_split,80,2,1,0.56965568668657296
80,10445,wdro_single,80,4,1,0.91171109312310994
80,10445,wdro_nominal_split_unconditional,80,3,1,0.80507788990694684
80,10446,nominal_single,80,1,1,0.56965568668657296
80,10446,nominal_split,80,1,1,0.56965568668657296
80,10446,wdro_single,80,3,1,0.91171109312310994
80,10446,wdro_nominal_split_unconditional,80,3,1,0.80507788990694684
80,10447,nominal_single,80,2,1,0.56965568668657296
80,10447,nominal_split,80,2,1,0.56965568668657296
80,10447,wdro_single,80,3,1,0.91171109312310994
80,10447,wdro_nominal_split_unconditional,80,2,1,0.80507788990694684
80,10448,nominal_single,80,0,0,0.56965568668657296
80,10448,nominal_split,80,0,0,0.56965568668657296
80,10448,wdro_single,80,1,1,0.91171109312310994
80,10448,wdro_nominal_split_unconditional,80,0,0,0.80507788990694684
80,10449,nominal_single,80,0,0,0.56965568668657296
80,10449,nominal_split,80,0,0,0.56965568668657296
80,10449,wdro_single,80,1,1,0.91171109312310994
80,10449,wdro_nominal_split_unconditional,80,1,1,0.80507788990694684
80,10450,nominal_single,80,1,1,0.56965568668657296
80,10450,nominal_split,80,1,1,0.56965568668657296
80,10450,wdro_single,80,2,1,0.91171109312310994
80,10450,wdro_nominal_split_unconditional,80,1,1,0.80507788990694684
80,10451,nominal_single,80,0,0,0.56965568668657296
80,10451,nominal_split,80,0,0,0.56965568668657296
80,10451,wdro_single,80,2,1,0.91171109312310994
80,10451,wdro_nominal_split_unconditional,80,2,1,0.80507788990694684
80,10452,nominal_single,80,0,0,0.56965568668657296
80,10452,nominal_split,80,0,0,0.56965568668657296
80,10452,wdro_single,80,1,1,0.91171109312310994
80,10452,wdro_nominal_split_unconditional,80,0,0,0.80507788990694684
80,10453,nominal_single,80,0,0,0.56965568668657296
80,10453,nominal_split,80,0,0,0.56965568668657296
80,10453,wdro_single,80,1,1,0.91171109312310994
80,10453,wdro_nominal_split_unconditional,80,0,0,0.80507788990694684
80,10454,nominal_single,80,0,0,0.56965568668657296
80,10454,nominal_split,80,0,0,0.56965568668657296
80,10454,wdro_single,80,1,1,0.91171109312310994
80,10454,wdro_nominal_split_unconditional,80,1,1,0.80507788990694684
80,10455,nominal_single,80,2,1,0.56965568668657296
80,10455,nominal_split,80,2,1,0.56965568668657296
80,10455,wdro_single,80,3,1,0.91171109312310994
80,10455,wdro_nominal_split_unconditional,80,2,1,0.80507788990694684
80,10456,nominal_single,80,3,1,0.56965568668657296
80,10456,nominal_split,80,3,1,0.56965568668657296
80,10456,wdro_single,80,4,1,0.91171109312310994
80,10456,wdro_nominal_split_unconditional,80,4,1,0.80507788990694684
80,10457,nominal_single,80,0,0,0.56965568668657296
80,10457,nominal_split,80,0,0,0.56965568668657296
80,10457,wdro_single,80,2,1,0.91171109312310994
80,10457,wdro_nominal_split_unconditional,80,1,1,0.80507788990694684
80,10458,nominal_single,80,1,1,0.56965568668657296
80,10458,nominal_split,80,1,1,0.56965568668657296
80,10458,wdro_single,80,2,1,0.91171109312310994
80,10458,wdro_nominal_split_unconditional,80,1,1,0.80507788990694684
80,10459,nominal_single,80,2,1,0.56965568668657296
80,10459,nominal_split,80,2,1,0.56965568668657296
80,10459,wdro_single,80,2,1,0.91171109312310994
80,10459,wdro_nominal_split_unconditional,80,2,1,0.80507788990694684
80,10460,nominal_single,80,2,1,0.56965568668657296
80,10460,nominal_split,80,2,1,0.56965568668657296
80,10460,wdro_single,80,3,1,0.91171109312310994
80,10460,wdro_nominal_split_unconditional,80,2,1,0.80507788990694684
80,10461,nominal_single,80,0,0,0.56965568668657296
80,10461,nominal_split,80,0,0,0.56965568668657296
80,10461,wdro_single,80,1,1,0.91171109312310994
80,10461,wdro_nominal_split_unconditional,80,0,0,0.80507788990694684
80,10462,nominal_single,80,0,0,0.56965568668657296
80,10462,nominal_split,80,0,0,0.56965568668657296
80,10462,wdro_single,80,1,1,0.91171109312310994
80,10462,wdro_nominal_split_unconditional,80,0,0,0.80507788990694684
80,10463,nominal_single,80,0,0,0.56965568668657296
80,10463,nominal_split,80,0,0,0.56965568668657296
80,10463,wdro_single,80,0,0,0.91171109312310994
80,10463,wdro_nominal_split_unconditional,80,0,0,0.80507788990694684
80,10464,nominal_single,80,0,0,0.56965568668657296
80,10464,nominal_split,80,0,0,0.56965568668657296
80,10464,wdro_single,80,1,1,0.91171109312310994
80,10464,wdro_nominal_split_unconditional,80,1,1,0.80507788990694684
80,10465,nominal_single,80,0,0,0.56965568668657296
80,10465,nominal_split,80,0,0,0.56965568668657296
80,10465,wdro_single,80,1,1,0.91171109312310994
80,10465,wdro_nominal_split_unconditional,80,1,1,0.80507788990694684
80,10466,nominal_single,80,0,0,0.56965568668657296
80,10466,nominal_split,80,0,0,0.56965568668657296
80,10466,wdro_single,80,2,1,0.91171109312310994
80,10466,wdro_nominal_split_unconditional,80,1,1,0.80507788990694684
80,10467,nominal_single,80,0,0,0.56965568668657296
80,10467,nominal_split,80,0,0,0.56965568668657296
80,10467,wdro_single,80,1,1,0.91171109312310994
80,10467,wdro_nominal_split_unconditional,80,0,0,0.80507788990694684
80,10468,nominal_single,80,0,0,0.56965568668657296
80,10468,nominal_split,80,0,0,0.56965568668657296
80,10468,wdro_single,80,0,0,0.91171109312310994
80,10468,wdro_nominal_split_unconditional,80,0,0,0.80507788990694684
80,10469,nominal_single,80,1,1,0.56965568668657296
80,10469,nominal_split,80,1,1,0.56965568668657296
80,10469,wdro_single,80,1,1,0.91171109312310994
80,10469,wdro_nominal_split_unconditional,80,1,1,0.80507788990694684
80,10470,nominal_single,80,0,0,0.56965568668657296
80,10470,nominal_split,80,0,0,0.56965568668657296
80,10470,wdro_single,80,3,1,0.91171109312310994
80,10470,wdro_nominal_split_unconditional,80,1,1,0.80507788990694684
80,10471,nominal_single,80,3,1,0.56965568668657296
80,10471,nominal_split,80,3,1,0.56965568668657296
80,10471,wdro_single,80,5,1,0.91171109312310994
80,10471,wdro_nominal_split_unconditional,80,4,1,0.80507788990694684
80,10472,nominal_single,80,0,0,0.56965568668657296
80,10472,nominal_split,80,0,0,0.56965568668657296
80,10472,wdro_single,80,1,1,0.91171109312310994
80,10472,wdro_nominal_split_unconditional,80,0,0,0.80507788990694684
80,10473,nominal_single,80,1,1,0.56965568668657296
80,10473,nominal_split,80,1,1,0.56965568668657296
80,10473,wdro_single,80,3,1,0.91171109312310994
80,10473,wdro_nominal_split_unconditional,80,2,1,0.80507788990694684
80,10474,nominal_single,80,1,1,0.56965568668657296
80,10474,nominal_split,80,1,1,0.56965568668657296
80,10474,wdro_single,80,3,1,0.91171109312310994
80,10474,wdro_nominal_split_unconditional,80,2,1,0.80507788990694684
80,10475,nominal_single,80,0,0,0.56965568668657296
80,10475,nominal_split,80,0,0,0.56965568668657296
80,10475,wdro_single,80,3,1,0.91171109312310994
80,10475,wdro_nominal_split_unconditional,80,2,1,0.80507788990694684
80,10476,nominal_single,80,2,1,0.56965568668657296
80,10476,nominal_split,80,2,1,0.56965568668657296
80,10476,wdro_single,80,3,1,0.91171109312310994
80,10476,wdro_nominal_split_unconditional,80,2,1,0.80507788990694684
80,10477,nominal_single,80,2,1,0.56965568668657296
80,10477,nominal_split,80,2,1,0.56965568668657296
80,10477,wdro_single,80,4,1,0.91171109312310994
80,10477,wdro_nominal_split_unconditional,80,3,1,0.80507788990694684
80,10478,nominal_single,80,2,1,0.56965568668657296
80,10478,nominal_split,80,2,1,0.56965568668657296
80,10478,wdro_single,80,4,1,0.91171109312310994
80,10478,wdro_nominal_split_unconditional,80,3,1,0.80507788990694684
80,10479,nominal_single,80,0,0,0.56965568668657296
80,10479,nominal_split,80,0,0,0.56965568668657296
80,10479,wdro_single,80,0,0,0.91171109312310994
80,10479,wdro_nominal_split_unconditional,80,0,0,0.80507788990694684
80,10480,nominal_single,80,0,0,0.56965568668657296
80,10480,nominal_split,80,0,0,0.56965568668657296
80,10480,wdro_single,80,1,1,0.91171109312310994
80,10480,wdro_nominal_split_unconditional,80,0,0,0.80507788990694684
80,10481,nominal_single,80,2,1,0.56965568668657296
80,10481,nominal_split,80,2,1,0.56965568668657296
80,10481,wdro_single,80,3,1,0.91171109312310994
80,10481,wdro_nominal_split_unconditional,80,2,1,0.80507788990694684
80,10482,nominal_single,80,1,1,0.56965568668657296
80,10482,nominal_split,80,1,1,0.56965568668657296
80,10482,wdro_single,80,3,1,0.91171109312310994
80,10482,wdro_nominal_split_unconditional,80,3,1,0.80507788990694684
80,10483,nominal_single,80,2,1,0.56965568668657296
80,10483,nominal_split,80,2,1,0.56965568668657296
80,10483,wdro_single,80,4,1,0.91171109312310994
80,10483,wdro_nominal_split_unconditional,80,3,1,0.80507788990694684
80,10484,nominal_single,80,1,1,0.56965568668657296
80,10484,nominal_split,80,1,1,0.56965568668657296
80,10484,wdro_single,80,4,1,0.91171109312310994
80,10484,wdro_nominal_split_unconditional,80,3,1,0.80507788990694684
80,10485,nominal_single,80,0,0,0.56965568668657296
80,10485,nominal_split,80,0,0,0.56965568668657296
80,10485,wdro_single,80,2,1,0.91171109312310994
80,10485,wdro_nominal_split_unconditional,80,0,0,0.80507788990694684
80,10486,nominal_single,80,1,1,0.56965568668657296
80,10486,nominal_split,80,1,1,0.56965568668657296
80,10486,wdro_single,80,3,1,0.91171109312310994
80,10486,wdro_nominal_split_unconditional,80,3,1,0.80507788990694684
80,10487,nominal_single,80,3,1,0.56965568668657296
80,10487,nominal_split,80,3,1,0.56965568668657296
80,10487,wdro_single,80,3,1,0.91171109312310994
80,10487,wdro_nominal_split_unconditional,80,3,1,0.80507788990694684
80,10488,nominal_single,80,1,1,0.56965568668657296
80,10488,nominal_split,80,1,1,0.56965568668657296
80,10488,wdro_single,80,3,1,0.91171109312310994
80,10488,wdro_nominal_split_unconditional,80,1,1,0.80507788990694684
80,10489,nominal_single,80,2,1,0.56965568668657296
80,10489,nominal_split,80,2,1,0.56965568668657296
80,10489,wdro_single,80,3,1,0.91171109312310994
80,10489,wdro_nominal_split_unconditional,80,2,1,0.80507788990694684
80,10490,nominal_single,80,0,0,0.56965568668657296
80,10490,nominal_split,80,0,0,0.56965568668657296
80,10490,wdro_single,80,3,1,0.91171109312310994
80,10490,wdro_nominal_split_unconditional,80,2,1,0.80507788990694684
80,10491,nominal_single,80,1,1,0.56965568668657296
80,10491,nominal_split,80,1,1,0.56965568668657296
80,10491,wdro_single,80,1,1,0.91171109312310994
80,10491,wdro_nominal_split_unconditional,80,1,1,0.80507788990694684
80,10492,nominal_single,80,0,0,0.56965568668657296
80,10492,nominal_split,80,0,0,0.56965568668657296
80,10492,wdro_single,80,2,1,0.91171109312310994
80,10492,wdro_nominal_split_unconditional,80,1,1,0.80507788990694684
80,10493,nominal_single,80,1,1,0.56965568668657296
80,10493,nominal_split,80,1,1,0.56965568668657296
80,10493,wdro_single,80,2,1,0.91171109312310994
80,10493,wdro_nominal_split_unconditional,80,2,1,0.80507788990694684
80,10494,nominal_single,80,1,1,0.56965568668657296
80,10494,nominal_split,80,1,1,0.56965568668657296
80,10494,wdro_single,80,2,1,0.91171109312310994
80,10494,wdro_nominal_split_unconditional,80,2,1,0.80507788990694684
80,10495,nominal_single,80,1,1,0.56965568668657296
80,10495,nominal_split,80,1,1,0.56965568668657296
80,10495,wdro_single,80,3,1,0.91171109312310994
80,10495,wdro_nominal_split_unconditional,80,3,1,0.80507788990694684
80,10496,nominal_single,80,1,1,0.56965568668657296
80,10496,nominal_split,80,1,1,0.56965568668657296
80,10496,wdro_single,80,3,1,0.91171109312310994
80,10496,wdro_nominal_split_unconditional,80,1,1,0.80507788990694684
80,10497,nominal_single,80,1,1,0.56965568668657296
80,10497,nominal_split,80,1,1,0.56965568668657296
80,10497,wdro_single,80,3,1,0.91171109312310994
80,10497,wdro_nominal_split_unconditional,80,2,1,0.80507788990694684
80,10498,nominal_single,80,1,1,0.56965568668657296
80,10498,nominal_split,80,1,1,0.56965568668657296
80,10498,wdro_single,80,1,1,0.91171109312310994
80,10498,wdro_nominal_split_unconditional,80,1,1,0.80507788990694684
80,10499,nominal_single,80,0,0,0.56965568668657296
80,10499,nominal_split,80,0,0,0.56965568668657296
80,10499,wdro_single,80,0,0,0.91171109312310994
80,10499,wdro_nominal_split_unconditional,80,0,0,0.80507788990694684
80,10500,nominal_single,80,0,0,0.56965568668657296
80,10500,nominal_split,80,0,0,0.56965568668657296
80,10500,wdro_single,80,0,0,0.91171109312310994
80,10500,wdro_nominal_split_unconditional,80,0,0,0.80507788990694684
160,10001,nominal_single,160,1,1,0.81480377199879495
160,10001,nominal_split,160,1,1,0.81480377199879495
160,10001,wdro_single,160,5,1,0.99220506892248383
160,10001,wdro_nominal_split_unconditional,160,3,1,0.96200537099687167
160,10002,nominal_single,160,0,0,0.81480377199879495
160,10002,nominal_split,160,0,0,0.81480377199879495
160,10002,wdro_single,160,2,1,0.99220506892248383
160,10002,wdro_nominal_split_unconditional,160,1,1,0.96200537099687167
160,10003,nominal_single,160,3,1,0.81480377199879495
160,10003,nominal_split,160,3,1,0.81480377199879495
160,10003,wdro_single,160,6,1,0.99220506892248383
160,10003,wdro_nominal_split_unconditional,160,4,1,0.96200537099687167
160,10004,nominal_single,160,3,1,0.81480377199879495
160,10004,nominal_split,160,3,1,0.81480377199879495
160,10004,wdro_single,160,7,1,0.99220506892248383
160,10004,wdro_nominal_split_unconditional,160,5,1,0.96200537099687167
160,10005,nominal_single,160,2,1,0.81480377199879495
160,10005,nominal_split,160,2,1,0.81480377199879495
160,10005,wdro_single,160,6,1,0.99220506892248383
160,10005,wdro_nominal_split_unconditional,160,4,1,0.96200537099687167
160,10006,nominal_single,160,0,0,0.81480377199879495
160,10006,nominal_split,160,0,0,0.81480377199879495
160,10006,wdro_single,160,3,1,0.99220506892248383
160,10006,wdro_nominal_split_unconditional,160,1,1,0.96200537099687167
160,10007,nominal_single,160,1,1,0.81480377199879495
160,10007,nominal_split,160,1,1,0.81480377199879495
160,10007,wdro_single,160,1,1,0.99220506892248383
160,10007,wdro_nominal_split_unconditional,160,1,1,0.96200537099687167
160,10008,nominal_single,160,3,1,0.81480377199879495
160,10008,nominal_split,160,3,1,0.81480377199879495
160,10008,wdro_single,160,5,1,0.99220506892248383
160,10008,wdro_nominal_split_unconditional,160,3,1,0.96200537099687167
160,10009,nominal_single,160,2,1,0.81480377199879495
160,10009,nominal_split,160,2,1,0.81480377199879495
160,10009,wdro_single,160,5,1,0.99220506892248383
160,10009,wdro_nominal_split_unconditional,160,4,1,0.96200537099687167
160,10010,nominal_single,160,2,1,0.81480377199879495
160,10010,nominal_split,160,2,1,0.81480377199879495
160,10010,wdro_single,160,4,1,0.99220506892248383
160,10010,wdro_nominal_split_unconditional,160,2,1,0.96200537099687167
160,10011,nominal_single,160,2,1,0.81480377199879495
160,10011,nominal_split,160,2,1,0.81480377199879495
160,10011,wdro_single,160,8,1,0.99220506892248383
160,10011,wdro_nominal_split_unconditional,160,5,1,0.96200537099687167
160,10012,nominal_single,160,1,1,0.81480377199879495
160,10012,nominal_split,160,1,1,0.81480377199879495
160,10012,wdro_single,160,4,1,0.99220506892248383
160,10012,wdro_nominal_split_unconditional,160,3,1,0.96200537099687167
160,10013,nominal_single,160,2,1,0.81480377199879495
160,10013,nominal_split,160,2,1,0.81480377199879495
160,10013,wdro_single,160,8,1,0.99220506892248383
160,10013,wdro_nominal_split_unconditional,160,4,1,0.96200537099687167
160,10014,nominal_single,160,3,1,0.81480377199879495
160,10014,nominal_split,160,3,1,0.81480377199879495
160,10014,wdro_single,160,9,1,0.99220506892248383
160,10014,wdro_nominal_split_unconditional,160,5,1,0.96200537099687167
160,10015,nominal_single,160,0,0,0.81480377199879495
160,10015,nominal_split,160,0,0,0.81480377199879495
160,10015,wdro_single,160,3,1,0.99220506892248383
160,10015,wdro_nominal_split_unconditional,160,1,1,0.96200537099687167
160,10016,nominal_single,160,1,1,0.81480377199879495
160,10016,nominal_split,160,1,1,0.81480377199879495
160,10016,wdro_single,160,3,1,0.99220506892248383
160,10016,wdro_nominal_split_unconditional,160,3,1,0.96200537099687167
160,10017,nominal_single,160,2,1,0.81480377199879495
160,10017,nominal_split,160,2,1,0.81480377199879495
160,10017,wdro_single,160,8,1,0.99220506892248383
160,10017,wdro_nominal_split_unconditional,160,4,1,0.96200537099687167
160,10018,nominal_single,160,2,1,0.81480377199879495
160,10018,nominal_split,160,2,1,0.81480377199879495
160,10018,wdro_single,160,8,1,0.99220506892248383
160,10018,wdro_nominal_split_unconditional,160,4,1,0.96200537099687167
160,10019,nominal_single,160,2,1,0.81480377199879495
160,10019,nominal_split,160,2,1,0.81480377199879495
160,10019,wdro_single,160,6,1,0.99220506892248383
160,10019,wdro_nominal_split_unconditional,160,3,1,0.96200537099687167
160,10020,nominal_single,160,0,0,0.81480377199879495
160,10020,nominal_split,160,0,0,0.81480377199879495
160,10020,wdro_single,160,4,1,0.99220506892248383
160,10020,wdro_nominal_split_unconditional,160,3,1,0.96200537099687167
160,10021,nominal_single,160,4,1,0.81480377199879495
160,10021,nominal_split,160,4,1,0.81480377199879495
160,10021,wdro_single,160,7,1,0.99220506892248383
160,10021,wdro_nominal_split_unconditional,160,6,1,0.96200537099687167
160,10022,nominal_single,160,2,1,0.81480377199879495
160,10022,nominal_split,160,2,1,0.81480377199879495
160,10022,wdro_single,160,4,1,0.99220506892248383
160,10022,wdro_nominal_split_unconditional,160,4,1,0.96200537099687167
160,10023,nominal_single,160,4,1,0.81480377199879495
160,10023,nominal_split,160,4,1,0.81480377199879495
160,10023,wdro_single,160,7,1,0.99220506892248383
160,10023,wdro_nominal_split_unconditional,160,4,1,0.96200537099687167
160,10024,nominal_single,160,5,1,0.81480377199879495
160,10024,nominal_split,160,5,1,0.81480377199879495
160,10024,wdro_single,160,8,1,0.99220506892248383
160,10024,wdro_nominal_split_unconditional,160,6,1,0.96200537099687167
160,10025,nominal_single,160,3,1,0.81480377199879495
160,10025,nominal_split,160,3,1,0.81480377199879495
160,10025,wdro_single,160,10,1,0.99220506892248383
160,10025,wdro_nominal_split_unconditional,160,5,1,0.96200537099687167
160,10026,nominal_single,160,2,1,0.81480377199879495
160,10026,nominal_split,160,2,1,0.81480377199879495
160,10026,wdro_single,160,5,1,0.99220506892248383
160,10026,wdro_nominal_split_unconditional,160,4,1,0.96200537099687167
160,10027,nominal_single,160,5,1,0.81480377199879495
160,10027,nominal_split,160,5,1,0.81480377199879495
160,10027,wdro_single,160,7,1,0.99220506892248383
160,10027,wdro_nominal_split_unconditional,160,6,1,0.96200537099687167
160,10028,nominal_single,160,2,1,0.81480377199879495
160,10028,nominal_split,160,2,1,0.81480377199879495
160,10028,wdro_single,160,2,1,0.99220506892248383
160,10028,wdro_nominal_split_unconditional,160,2,1,0.96200537099687167
160,10029,nominal_single,160,1,1,0.81480377199879495
160,10029,nominal_split,160,1,1,0.81480377199879495
160,10029,wdro_single,160,3,1,0.99220506892248383
160,10029,wdro_nominal_split_unconditional,160,2,1,0.96200537099687167
160,10030,nominal_single,160,0,0,0.81480377199879495
160,10030,nominal_split,160,0,0,0.81480377199879495
160,10030,wdro_single,160,3,1,0.99220506892248383
160,10030,wdro_nominal_split_unconditional,160,2,1,0.96200537099687167
160,10031,nominal_single,160,2,1,0.81480377199879495
160,10031,nominal_split,160,2,1,0.81480377199879495
160,10031,wdro_single,160,5,1,0.99220506892248383
160,10031,wdro_nominal_split_unconditional,160,3,1,0.96200537099687167
160,10032,nominal_single,160,2,1,0.81480377199879495
160,10032,nominal_split,160,2,1,0.81480377199879495
160,10032,wdro_single,160,5,1,0.99220506892248383
160,10032,wdro_nominal_split_unconditional,160,4,1,0.96200537099687167
160,10033,nominal_single,160,4,1,0.81480377199879495
160,10033,nominal_split,160,4,1,0.81480377199879495
160,10033,wdro_single,160,9,1,0.99220506892248383
160,10033,wdro_nominal_split_unconditional,160,6,1,0.96200537099687167
160,10034,nominal_single,160,0,0,0.81480377199879495
160,10034,nominal_split,160,0,0,0.81480377199879495
160,10034,wdro_single,160,1,1,0.99220506892248383
160,10034,wdro_nominal_split_unconditional,160,0,0,0.96200537099687167
160,10035,nominal_single,160,1,1,0.81480377199879495
160,10035,nominal_split,160,1,1,0.81480377199879495
160,10035,wdro_single,160,5,1,0.99220506892248383
160,10035,wdro_nominal_split_unconditional,160,3,1,0.96200537099687167
160,10036,nominal_single,160,2,1,0.81480377199879495
160,10036,nominal_split,160,2,1,0.81480377199879495
160,10036,wdro_single,160,6,1,0.99220506892248383
160,10036,wdro_nominal_split_unconditional,160,3,1,0.96200537099687167
160,10037,nominal_single,160,3,1,0.81480377199879495
160,10037,nominal_split,160,3,1,0.81480377199879495
160,10037,wdro_single,160,6,1,0.99220506892248383
160,10037,wdro_nominal_split_unconditional,160,6,1,0.96200537099687167
160,10038,nominal_single,160,1,1,0.81480377199879495
160,10038,nominal_split,160,1,1,0.81480377199879495
160,10038,wdro_single,160,8,1,0.99220506892248383
160,10038,wdro_nominal_split_unconditional,160,5,1,0.96200537099687167
160,10039,nominal_single,160,0,0,0.81480377199879495
160,10039,nominal_split,160,0,0,0.81480377199879495
160,10039,wdro_single,160,2,1,0.99220506892248383
160,10039,wdro_nominal_split_unconditional,160,2,1,0.96200537099687167
160,10040,nominal_single,160,0,0,0.81480377199879495
160,10040,nominal_split,160,0,0,0.81480377199879495
160,10040,wdro_single,160,4,1,0.99220506892248383
160,10040,wdro_nominal_split_unconditional,160,4,1,0.96200537099687167
160,10041,nominal_single,160,2,1,0.81480377199879495
160,10041,nominal_split,160,2,1,0.81480377199879495
160,10041,wdro_single,160,6,1,0.99220506892248383
160,10041,wdro_nominal_split_unconditional,160,2,1,0.96200537099687167
160,10042,nominal_single,160,2,1,0.81480377199879495
160,10042,nominal_split,160,2,1,0.81480377199879495
160,10042,wdro_single,160,4,1,0.99220506892248383
160,10042,wdro_nominal_split_unconditional,160,2,1,0.96200537099687167
160,10043,nominal_single,160,1,1,0.81480377199879495
160,10043,nominal_split,160,1,1,0.81480377199879495
160,10043,wdro_single,160,1,1,0.99220506892248383
160,10043,wdro_nominal_split_unconditional,160,1,1,0.96200537099687167
160,10044,nominal_single,160,3,1,0.81480377199879495
160,10044,nominal_split,160,3,1,0.81480377199879495
160,10044,wdro_single,160,5,1,0.99220506892248383
160,10044,wdro_nominal_split_unconditional,160,3,1,0.96200537099687167
160,10045,nominal_single,160,0,0,0.81480377199879495
160,10045,nominal_split,160,0,0,0.81480377199879495
160,10045,wdro_single,160,2,1,0.99220506892248383
160,10045,wdro_nominal_split_unconditional,160,1,1,0.96200537099687167
160,10046,nominal_single,160,3,1,0.81480377199879495
160,10046,nominal_split,160,3,1,0.81480377199879495
160,10046,wdro_single,160,7,1,0.99220506892248383
160,10046,wdro_nominal_split_unconditional,160,5,1,0.96200537099687167
160,10047,nominal_single,160,1,1,0.81480377199879495
160,10047,nominal_split,160,1,1,0.81480377199879495
160,10047,wdro_single,160,4,1,0.99220506892248383
160,10047,wdro_nominal_split_unconditional,160,3,1,0.96200537099687167
160,10048,nominal_single,160,1,1,0.81480377199879495
160,10048,nominal_split,160,1,1,0.81480377199879495
160,10048,wdro_single,160,7,1,0.99220506892248383
160,10048,wdro_nominal_split_unconditional,160,4,1,0.96200537099687167
160,10049,nominal_single,160,0,0,0.81480377199879495
160,10049,nominal_split,160,0,0,0.81480377199879495
160,10049,wdro_single,160,2,1,0.99220506892248383
160,10049,wdro_nominal_split_unconditional,160,2,1,0.96200537099687167
160,10050,nominal_single,160,0,0,0.81480377199879495
160,10050,nominal_split,160,0,0,0.81480377199879495
160,10050,wdro_single,160,5,1,0.99220506892248383
160,10050,wdro_nominal_split_unconditional,160,4,1,0.96200537099687167
160,10051,nominal_single,160,3,1,0.81480377199879495
160,10051,nominal_split,160,3,1,0.81480377199879495
160,10051,wdro_single,160,10,1,0.99220506892248383
160,10051,wdro_nominal_split_unconditional,160,8,1,0.96200537099687167
160,10052,nominal_single,160,3,1,0.81480377199879495
160,10052,nominal_split,160,3,1,0.81480377199879495
160,10052,wdro_single,160,6,1,0.99220506892248383
160,10052,wdro_nominal_split_unconditional,160,3,1,0.96200537099687167
160,10053,nominal_single,160,1,1,0.81480377199879495
160,10053,nominal_split,160,1,1,0.81480377199879495
160,10053,wdro_single,160,6,1,0.99220506892248383
160,10053,wdro_nominal_split_unconditional,160,3,1,0.96200537099687167
160,10054,nominal_single,160,0,0,0.81480377199879495
160,10054,nominal_split,160,0,0,0.81480377199879495
160,10054,wdro_single,160,0,0,0.99220506892248383
160,10054,wdro_nominal_split_unconditional,160,0,0,0.96200537099687167
160,10055,nominal_single,160,2,1,0.81480377199879495
160,10055,nominal_split,160,2,1,0.81480377199879495
160,10055,wdro_single,160,5,1,0.99220506892248383
160,10055,wdro_nominal_split_unconditional,160,3,1,0.96200537099687167
160,10056,nominal_single,160,3,1,0.81480377199879495
160,10056,nominal_split,160,3,1,0.81480377199879495
160,10056,wdro_single,160,8,1,0.99220506892248383
160,10056,wdro_nominal_split_unconditional,160,5,1,0.96200537099687167
160,10057,nominal_single,160,3,1,0.81480377199879495
160,10057,nominal_split,160,3,1,0.81480377199879495
160,10057,wdro_single,160,8,1,0.99220506892248383
160,10057,wdro_nominal_split_unconditional,160,4,1,0.96200537099687167
160,10058,nominal_single,160,1,1,0.81480377199879495
160,10058,nominal_split,160,1,1,0.81480377199879495
160,10058,wdro_single,160,6,1,0.99220506892248383
160,10058,wdro_nominal_split_unconditional,160,3,1,0.96200537099687167
160,10059,nominal_single,160,3,1,0.81480377199879495
160,10059,nominal_split,160,3,1,0.81480377199879495
160,10059,wdro_single,160,5,1,0.99220506892248383
160,10059,wdro_nominal_split_unconditional,160,3,1,0.96200537099687167
160,10060,nominal_single,160,3,1,0.81480377199879495
160,10060,nominal_split,160,3,1,0.81480377199879495
160,10060,wdro_single,160,5,1,0.99220506892248383
160,10060,wdro_nominal_split_unconditional,160,5,1,0.96200537099687167
160,10061,nominal_single,160,2,1,0.81480377199879495
160,10061,nominal_split,160,2,1,0.81480377199879495
160,10061,wdro_single,160,8,1,0.99220506892248383
160,10061,wdro_nominal_split_unconditional,160,5,1,0.96200537099687167
160,10062,nominal_single,160,0,0,0.81480377199879495
160,10062,nominal_split,160,0,0,0.81480377199879495
160,10062,wdro_single,160,1,1,0.99220506892248383
160,10062,wdro_nominal_split_unconditional,160,1,1,0.96200537099687167
160,10063,nominal_single,160,3,1,0.81480377199879495
160,10063,nominal_split,160,3,1,0.81480377199879495
160,10063,wdro_single,160,5,1,0.99220506892248383
160,10063,wdro_nominal_split_unconditional,160,4,1,0.96200537099687167
160,10064,nominal_single,160,0,0,0.81480377199879495
160,10064,nominal_split,160,0,0,0.81480377199879495
160,10064,wdro_single,160,0,0,0.99220506892248383
160,10064,wdro_nominal_split_unconditional,160,0,0,0.96200537099687167
160,10065,nominal_single,160,1,1,0.81480377199879495
160,10065,nominal_split,160,1,1,0.81480377199879495
160,10065,wdro_single,160,4,1,0.99220506892248383
160,10065,wdro_nominal_split_unconditional,160,2,1,0.96200537099687167
160,10066,nominal_single,160,4,1,0.81480377199879495
160,10066,nominal_split,160,4,1,0.81480377199879495
160,10066,wdro_single,160,10,1,0.99220506892248383
160,10066,wdro_nominal_split_unconditional,160,7,1,0.96200537099687167
160,10067,nominal_single,160,0,0,0.81480377199879495
160,10067,nominal_split,160,0,0,0.81480377199879495
160,10067,wdro_single,160,2,1,0.99220506892248383
160,10067,wdro_nominal_split_unconditional,160,1,1,0.96200537099687167
160,10068,nominal_single,160,1,1,0.81480377199879495
160,10068,nominal_split,160,1,1,0.81480377199879495
160,10068,wdro_single,160,4,1,0.99220506892248383
160,10068,wdro_nominal_split_unconditional,160,2,1,0.96200537099687167
160,10069,nominal_single,160,0,0,0.81480377199879495
160,10069,nominal_split,160,0,0,0.81480377199879495
160,10069,wdro_single,160,1,1,0.99220506892248383
160,10069,wdro_nominal_split_unconditional,160,1,1,0.96200537099687167
160,10070,nominal_single,160,0,0,0.81480377199879495
160,10070,nominal_split,160,0,0,0.81480377199879495
160,10070,wdro_single,160,3,1,0.99220506892248383
160,10070,wdro_nominal_split_unconditional,160,3,1,0.96200537099687167
160,10071,nominal_single,160,0,0,0.81480377199879495
160,10071,nominal_split,160,0,0,0.81480377199879495
160,10071,wdro_single,160,2,1,0.99220506892248383
160,10071,wdro_nominal_split_unconditional,160,2,1,0.96200537099687167
160,10072,nominal_single,160,2,1,0.81480377199879495
160,10072,nominal_split,160,2,1,0.81480377199879495
160,10072,wdro_single,160,5,1,0.99220506892248383
160,10072,wdro_nominal_split_unconditional,160,2,1,0.96200537099687167
160,10073,nominal_single,160,3,1,0.81480377199879495
160,10073,nominal_split,160,3,1,0.81480377199879495
160,10073,wdro_single,160,9,1,0.99220506892248383
160,10073,wdro_nominal_split_unconditional,160,6,1,0.96200537099687167
160,10074,nominal_single,160,4,1,0.81480377199879495
160,10074,nominal_split,160,4,1,0.81480377199879495
160,10074,wdro_single,160,5,1,0.99220506892248383
160,10074,wdro_nominal_split_unconditional,160,5,1,0.96200537099687167
160,10075,nominal_single,160,0,0,0.81480377199879495
160,10075,nominal_split,160,0,0,0.81480377199879495
160,10075,wdro_single,160,4,1,0.99220506892248383
160,10075,wdro_nominal_split_unconditional,160,2,1,0.96200537099687167
160,10076,nominal_single,160,3,1,0.81480377199879495
160,10076,nominal_split,160,3,1,0.81480377199879495
160,10076,wdro_single,160,5,1,0.99220506892248383
160,10076,wdro_nominal_split_unconditional,160,3,1,0.96200537099687167
160,10077,nominal_single,160,1,1,0.81480377199879495
160,10077,nominal_split,160,1,1,0.81480377199879495
160,10077,wdro_single,160,6,1,0.99220506892248383
160,10077,wdro_nominal_split_unconditional,160,4,1,0.96200537099687167
160,10078,nominal_single,160,0,0,0.81480377199879495
160,10078,nominal_split,160,0,0,0.81480377199879495
160,10078,wdro_single,160,0,0,0.99220506892248383
160,10078,wdro_nominal_split_unconditional,160,0,0,0.96200537099687167
160,10079,nominal_single,160,1,1,0.81480377199879495
160,10079,nominal_split,160,1,1,0.81480377199879495
160,10079,wdro_single,160,4,1,0.99220506892248383
160,10079,wdro_nominal_split_unconditional,160,3,1,0.96200537099687167
160,10080,nominal_single,160,3,1,0.81480377199879495
160,10080,nominal_split,160,3,1,0.81480377199879495
160,10080,wdro_single,160,7,1,0.99220506892248383
160,10080,wdro_nominal_split_unconditional,160,5,1,0.96200537099687167
160,10081,nominal_single,160,2,1,0.81480377199879495
160,10081,nominal_split,160,2,1,0.81480377199879495
160,10081,wdro_single,160,5,1,0.99220506892248383
160,10081,wdro_nominal_split_unconditional,160,4,1,0.96200537099687167
160,10082,nominal_single,160,1,1,0.81480377199879495
160,10082,nominal_split,160,1,1,0.81480377199879495
160,10082,wdro_single,160,5,1,0.99220506892248383
160,10082,wdro_nominal_split_unconditional,160,2,1,0.96200537099687167
160,10083,nominal_single,160,1,1,0.81480377199879495
160,10083,nominal_split,160,1,1,0.81480377199879495
160,10083,wdro_single,160,1,1,0.99220506892248383
160,10083,wdro_nominal_split_unconditional,160,1,1,0.96200537099687167
160,10084,nominal_single,160,3,1,0.81480377199879495
160,10084,nominal_split,160,3,1,0.81480377199879495
160,10084,wdro_single,160,4,1,0.99220506892248383
160,10084,wdro_nominal_split_unconditional,160,4,1,0.96200537099687167
160,10085,nominal_single,160,0,0,0.81480377199879495
160,10085,nominal_split,160,0,0,0.81480377199879495
160,10085,wdro_single,160,5,1,0.99220506892248383
160,10085,wdro_nominal_split_unconditional,160,2,1,0.96200537099687167
160,10086,nominal_single,160,1,1,0.81480377199879495
160,10086,nominal_split,160,1,1,0.81480377199879495
160,10086,wdro_single,160,5,1,0.99220506892248383
160,10086,wdro_nominal_split_unconditional,160,3,1,0.96200537099687167
160,10087,nominal_single,160,1,1,0.81480377199879495
160,10087,nominal_split,160,1,1,0.81480377199879495
160,10087,wdro_single,160,2,1,0.99220506892248383
160,10087,wdro_nominal_split_unconditional,160,1,1,0.96200537099687167
160,10088,nominal_single,160,2,1,0.81480377199879495
160,10088,nominal_split,160,2,1,0.81480377199879495
160,10088,wdro_single,160,3,1,0.99220506892248383
160,10088,wdro_nominal_split_unconditional,160,3,1,0.96200537099687167
160,10089,nominal_single,160,2,1,0.81480377199879495
160,10089,nominal_split,160,2,1,0.81480377199879495
160,10089,wdro_single,160,6,1,0.99220506892248383
160,10089,wdro_nominal_split_unconditional,160,3,1,0.96200537099687167
160,10090,nominal_single,160,0,0,0.81480377199879495
160,10090,nominal_split,160,0,0,0.81480377199879495
160,10090,wdro_single,160,5,1,0.99220506892248383
160,10090,wdro_nominal_split_unconditional,160,1,1,0.96200537099687167
160,10091,nominal_single,160,5,1,0.81480377199879495
160,10091,nominal_split,160,5,1,0.81480377199879495
160,10091,wdro_single,160,8,1,0.99220506892248383
160,10091,wdro_nominal_split_unconditional,160,5,1,0.96200537099687167
160,10092,nominal_single,160,2,1,0.81480377199879495
160,10092,nominal_split,160,2,1,0.81480377199879495
160,10092,wdro_single,160,4,1,0.99220506892248383
160,10092,wdro_nominal_split_unconditional,160,3,1,0.96200537099687167
160,10093,nominal_single,160,2,1,0.81480377199879495
160,10093,nominal_split,160,2,1,0.81480377199879495
160,10093,wdro_single,160,6,1,0.99220506892248383
160,10093,wdro_nominal_split_unconditional,160,5,1,0.96200537099687167
160,10094,nominal_single,160,1,1,0.81480377199879495
160,10094,nominal_split,160,1,1,0.81480377199879495
160,10094,wdro_single,160,5,1,0.99220506892248383
160,10094,wdro_nominal_split_unconditional,160,4,1,0.96200537099687167
160,10095,nominal_single,160,3,1,0.81480377199879495
160,10095,nominal_split,160,3,1,0.81480377199879495
160,10095,wdro_single,160,7,1,0.99220506892248383
160,10095,wdro_nominal_split_unconditional,160,5,1,0.96200537099687167
160,10096,nominal_single,160,2,1,0.81480377199879495
160,10096,nominal_split,160,2,1,0.81480377199879495
160,10096,wdro_single,160,5,1,0.99220506892248383
160,10096,wdro_nominal_split_unconditional,160,4,1,0.96200537099687167
160,10097,nominal_single,160,1,1,0.81480377199879495
160,10097,nominal_split,160,1,1,0.81480377199879495
160,10097,wdro_single,160,2,1,0.99220506892248383
160,10097,wdro_nominal_split_unconditional,160,1,1,0.96200537099687167
160,10098,nominal_single,160,0,0,0.81480377199879495
160,10098,nominal_split,160,0,0,0.81480377199879495
160,10098,wdro_single,160,4,1,0.99220506892248383
160,10098,wdro_nominal_split_unconditional,160,0,0,0.96200537099687167
160,10099,nominal_single,160,1,1,0.81480377199879495
160,10099,nominal_split,160,1,1,0.81480377199879495
160,10099,wdro_single,160,5,1,0.99220506892248383
160,10099,wdro_nominal_split_unconditional,160,2,1,0.96200537099687167
160,10100,nominal_single,160,0,0,0.81480377199879495
160,10100,nominal_split,160,0,0,0.81480377199879495
160,10100,wdro_single,160,5,1,0.99220506892248383
160,10100,wdro_nominal_split_unconditional,160,3,1,0.96200537099687167
160,10101,nominal_single,160,2,1,0.81480377199879495
160,10101,nominal_split,160,2,1,0.81480377199879495
160,10101,wdro_single,160,8,1,0.99220506892248383
160,10101,wdro_nominal_split_unconditional,160,3,1,0.96200537099687167
160,10102,nominal_single,160,1,1,0.81480377199879495
160,10102,nominal_split,160,1,1,0.81480377199879495
160,10102,wdro_single,160,3,1,0.99220506892248383
160,10102,wdro_nominal_split_unconditional,160,1,1,0.96200537099687167
160,10103,nominal_single,160,3,1,0.81480377199879495
160,10103,nominal_split,160,3,1,0.81480377199879495
160,10103,wdro_single,160,5,1,0.99220506892248383
160,10103,wdro_nominal_split_unconditional,160,5,1,0.96200537099687167
160,10104,nominal_single,160,2,1,0.81480377199879495
160,10104,nominal_split,160,2,1,0.81480377199879495
160,10104,wdro_single,160,2,1,0.99220506892248383
160,10104,wdro_nominal_split_unconditional,160,2,1,0.96200537099687167
160,10105,nominal_single,160,5,1,0.81480377199879495
160,10105,nominal_split,160,5,1,0.81480377199879495
160,10105,wdro_single,160,6,1,0.99220506892248383
160,10105,wdro_nominal_split_unconditional,160,6,1,0.96200537099687167
160,10106,nominal_single,160,2,1,0.81480377199879495
160,10106,nominal_split,160,2,1,0.81480377199879495
160,10106,wdro_single,160,5,1,0.99220506892248383
160,10106,wdro_nominal_split_unconditional,160,3,1,0.96200537099687167
160,10107,nominal_single,160,0,0,0.81480377199879495
160,10107,nominal_split,160,0,0,0.81480377199879495
160,10107,wdro_single,160,6,1,0.99220506892248383
160,10107,wdro_nominal_split_unconditional,160,6,1,0.96200537099687167
160,10108,nominal_single,160,2,1,0.81480377199879495
160,10108,nominal_split,160,2,1,0.81480377199879495
160,10108,wdro_single,160,5,1,0.99220506892248383
160,10108,wdro_nominal_split_unconditional,160,3,1,0.96200537099687167
160,10109,nominal_single,160,2,1,0.81480377199879495
160,10109,nominal_split,160,2,1,0.81480377199879495
160,10109,wdro_single,160,3,1,0.99220506892248383
160,10109,wdro_nominal_split_unconditional,160,2,1,0.96200537099687167
160,10110,nominal_single,160,1,1,0.81480377199879495
160,10110,nominal_split,160,1,1,0.81480377199879495
160,10110,wdro_single,160,2,1,0.99220506892248383
160,10110,wdro_nominal_split_unconditional,160,2,1,0.96200537099687167
160,10111,nominal_single,160,1,1,0.81480377199879495
160,10111,nominal_split,160,1,1,0.81480377199879495
160,10111,wdro_single,160,4,1,0.99220506892248383
160,10111,wdro_nominal_split_unconditional,160,1,1,0.96200537099687167
160,10112,nominal_single,160,3,1,0.81480377199879495
160,10112,nominal_split,160,3,1,0.81480377199879495
160,10112,wdro_single,160,4,1,0.99220506892248383
160,10112,wdro_nominal_split_unconditional,160,4,1,0.96200537099687167
160,10113,nominal_single,160,4,1,0.81480377199879495
160,10113,nominal_split,160,4,1,0.81480377199879495
160,10113,wdro_single,160,8,1,0.99220506892248383
160,10113,wdro_nominal_split_unconditional,160,6,1,0.96200537099687167
160,10114,nominal_single,160,1,1,0.81480377199879495
160,10114,nominal_split,160,1,1,0.81480377199879495
160,10114,wdro_single,160,4,1,0.99220506892248383
160,10114,wdro_nominal_split_unconditional,160,3,1,0.96200537099687167
160,10115,nominal_single,160,2,1,0.81480377199879495
160,10115,nominal_split,160,2,1,0.81480377199879495
160,10115,wdro_single,160,6,1,0.99220506892248383
160,10115,wdro_nominal_split_unconditional,160,6,1,0.96200537099687167
160,10116,nominal_single,160,2,1,0.81480377199879495
160,10116,nominal_split,160,2,1,0.81480377199879495
160,10116,wdro_single,160,9,1,0.99220506892248383
160,10116,wdro_nominal_split_unconditional,160,4,1,0.96200537099687167
160,10117,nominal_single,160,2,1,0.81480377199879495
160,10117,nominal_split,160,2,1,0.81480377199879495
160,10117,wdro_single,160,4,1,0.99220506892248383
160,10117,wdro_nominal_split_unconditional,160,4,1,0.96200537099687167
160,10118,nominal_single,160,4,1,0.81480377199879495
160,10118,nominal_split,160,4,1,0.81480377199879495
160,10118,wdro_single,160,7,1,0.99220506892248383
160,10118,wdro_nominal_split_unconditional,160,4,1,0.96200537099687167
160,10119,nominal_single,160,0,0,0.81480377199879495
160,10119,nominal_split,160,0,0,0.81480377199879495
160,10119,wdro_single,160,3,1,0.99220506892248383
160,10119,wdro_nominal_split_unconditional,160,3,1,0.96200537099687167
160,10120,nominal_single,160,4,1,0.81480377199879495
160,10120,nominal_split,160,4,1,0.81480377199879495
160,10120,wdro_single,160,4,1,0.99220506892248383
160,10120,wdro_nominal_split_unconditional,160,4,1,0.96200537099687167
160,10121,nominal_single,160,2,1,0.81480377199879495
160,10121,nominal_split,160,2,1,0.81480377199879495
160,10121,wdro_single,160,5,1,0.99220506892248383
160,10121,wdro_nominal_split_unconditional,160,4,1,0.96200537099687167
160,10122,nominal_single,160,0,0,0.81480377199879495
160,10122,nominal_split,160,0,0,0.81480377199879495
160,10122,wdro_single,160,4,1,0.99220506892248383
160,10122,wdro_nominal_split_unconditional,160,1,1,0.96200537099687167
160,10123,nominal_single,160,3,1,0.81480377199879495
160,10123,nominal_split,160,3,1,0.81480377199879495
160,10123,wdro_single,160,3,1,0.99220506892248383
160,10123,wdro_nominal_split_unconditional,160,3,1,0.96200537099687167
160,10124,nominal_single,160,3,1,0.81480377199879495
160,10124,nominal_split,160,3,1,0.81480377199879495
160,10124,wdro_single,160,6,1,0.99220506892248383
160,10124,wdro_nominal_split_unconditional,160,4,1,0.96200537099687167
160,10125,nominal_single,160,1,1,0.81480377199879495
160,10125,nominal_split,160,1,1,0.81480377199879495
160,10125,wdro_single,160,6,1,0.99220506892248383
160,10125,wdro_nominal_split_unconditional,160,5,1,0.96200537099687167
160,10126,nominal_single,160,1,1,0.81480377199879495
160,10126,nominal_split,160,1,1,0.81480377199879495
160,10126,wdro_single,160,3,1,0.99220506892248383
160,10126,wdro_nominal_split_unconditional,160,2,1,0.96200537099687167
160,10127,nominal_single,160,1,1,0.81480377199879495
160,10127,nominal_split,160,1,1,0.81480377199879495
160,10127,wdro_single,160,3,1,0.99220506892248383
160,10127,wdro_nominal_split_unconditional,160,2,1,0.96200537099687167
160,10128,nominal_single,160,0,0,0.81480377199879495
160,10128,nominal_split,160,0,0,0.81480377199879495
160,10128,wdro_single,160,2,1,0.99220506892248383
160,10128,wdro_nominal_split_unconditional,160,1,1,0.96200537099687167
160,10129,nominal_single,160,2,1,0.81480377199879495
160,10129,nominal_split,160,2,1,0.81480377199879495
160,10129,wdro_single,160,7,1,0.99220506892248383
160,10129,wdro_nominal_split_unconditional,160,5,1,0.96200537099687167
160,10130,nominal_single,160,1,1,0.81480377199879495
160,10130,nominal_split,160,1,1,0.81480377199879495
160,10130,wdro_single,160,3,1,0.99220506892248383
160,10130,wdro_nominal_split_unconditional,160,1,1,0.96200537099687167
160,10131,nominal_single,160,1,1,0.81480377199879495
160,10131,nominal_split,160,1,1,0.81480377199879495
160,10131,wdro_single,160,5,1,0.99220506892248383
160,10131,wdro_nominal_split_unconditional,160,2,1,0.96200537099687167
160,10132,nominal_single,160,3,1,0.81480377199879495
160,10132,nominal_split,160,3,1,0.81480377199879495
160,10132,wdro_single,160,4,1,0.99220506892248383
160,10132,wdro_nominal_split_unconditional,160,3,1,0.96200537099687167
160,10133,nominal_single,160,0,0,0.81480377199879495
160,10133,nominal_split,160,0,0,0.81480377199879495
160,10133,wdro_single,160,0,0,0.99220506892248383
160,10133,wdro_nominal_split_unconditional,160,0,0,0.96200537099687167
160,10134,nominal_single,160,4,1,0.81480377199879495
160,10134,nominal_split,160,4,1,0.81480377199879495
160,10134,wdro_single,160,7,1,0.99220506892248383
160,10134,wdro_nominal_split_unconditional,160,6,1,0.96200537099687167
160,10135,nominal_single,160,0,0,0.81480377199879495
160,10135,nominal_split,160,0,0,0.81480377199879495
160,10135,wdro_single,160,1,1,0.99220506892248383
160,10135,wdro_nominal_split_unconditional,160,0,0,0.96200537099687167
160,10136,nominal_single,160,2,1,0.81480377199879495
160,10136,nominal_split,160,2,1,0.81480377199879495
160,10136,wdro_single,160,3,1,0.99220506892248383
160,10136,wdro_nominal_split_unconditional,160,3,1,0.96200537099687167
160,10137,nominal_single,160,2,1,0.81480377199879495
160,10137,nominal_split,160,2,1,0.81480377199879495
160,10137,wdro_single,160,7,1,0.99220506892248383
160,10137,wdro_nominal_split_unconditional,160,4,1,0.96200537099687167
160,10138,nominal_single,160,2,1,0.81480377199879495
160,10138,nominal_split,160,2,1,0.81480377199879495
160,10138,wdro_single,160,4,1,0.99220506892248383
160,10138,wdro_nominal_split_unconditional,160,3,1,0.96200537099687167
160,10139,nominal_single,160,2,1,0.81480377199879495
160,10139,nominal_split,160,2,1,0.81480377199879495
160,10139,wdro_single,160,5,1,0.99220506892248383
160,10139,wdro_nominal_split_unconditional,160,2,1,0.96200537099687167
160,10140,nominal_single,160,0,0,0.81480377199879495
160,10140,nominal_split,160,0,0,0.81480377199879495
160,10140,wdro_single,160,6,1,0.99220506892248383
160,10140,wdro_nominal_split_unconditional,160,3,1,0.96200537099687167
160,10141,nominal_single,160,2,1,0.81480377199879495
160,10141,nominal_split,160,2,1,0.81480377199879495
160,10141,wdro_single,160,4,1,0.99220506892248383
160,10141,wdro_nominal_split_unconditional,160,3,1,0.96200537099687167
160,10142,nominal_single,160,1,1,0.81480377199879495
160,10142,nominal_split,160,1,1,0.81480377199879495
160,10142,wdro_single,160,3,1,0.99220506892248383
160,10142,wdro_nominal_split_unconditional,160,1,1,0.96200537099687167
160,10143,nominal_single,160,2,1,0.81480377199879495
160,10143,nominal_split,160,2,1,0.81480377199879495
160,10143,wdro_single,160,6,1,0.99220506892248383
160,10143,wdro_nominal_split_unconditional,160,3,1,0.96200537099687167
160,10144,nominal_single,160,0,0,0.81480377199879495
160,10144,nominal_split,160,0,0,0.81480377199879495
160,10144,wdro_single,160,7,1,0.99220506892248383
160,10144,wdro_nominal_split_unconditional,160,3,1,0.96200537099687167
160,10145,nominal_single,160,2,1,0.81480377199879495
160,10145,nominal_split,160,2,1,0.81480377199879495
160,10145,wdro_single,160,5,1,0.99220506892248383
160,10145,wdro_nominal_split_unconditional,160,5,1,0.96200537099687167
160,10146,nominal_single,160,0,0,0.81480377199879495
160,10146,nominal_split,160,0,0,0.81480377199879495
160,10146,wdro_single,160,2,1,0.99220506892248383
160,10146,wdro_nominal_split_unconditional,160,0,0,0.96200537099687167
160,10147,nominal_single,160,1,1,0.81480377199879495
160,10147,nominal_split,160,1,1,0.81480377199879495
160,10147,wdro_single,160,5,1,0.99220506892248383
160,10147,wdro_nominal_split_unconditional,160,4,1,0.96200537099687167
160,10148,nominal_single,160,4,1,0.81480377199879495
160,10148,nominal_split,160,4,1,0.81480377199879495
160,10148,wdro_single,160,6,1,0.99220506892248383
160,10148,wdro_nominal_split_unconditional,160,6,1,0.96200537099687167
160,10149,nominal_single,160,1,1,0.81480377199879495
160,10149,nominal_split,160,1,1,0.81480377199879495
160,10149,wdro_single,160,4,1,0.99220506892248383
160,10149,wdro_nominal_split_unconditional,160,3,1,0.96200537099687167
160,10150,nominal_single,160,2,1,0.81480377199879495
160,10150,nominal_split,160,2,1,0.81480377199879495
160,10150,wdro_single,160,2,1,0.99220506892248383
160,10150,wdro_nominal_split_unconditional,160,2,1,0.96200537099687167
160,10151,nominal_single,160,0,0,0.81480377199879495
160,10151,nominal_split,160,0,0,0.81480377199879495
160,10151,wdro_single,160,4,1,0.99220506892248383
160,10151,wdro_nominal_split_unconditional,160,4,1,0.96200537099687167
160,10152,nominal_single,160,1,1,0.81480377199879495
160,10152,nominal_split,160,1,1,0.81480377199879495
160,10152,wdro_single,160,1,1,0.99220506892248383
160,10152,wdro_nominal_split_unconditional,160,1,1,0.96200537099687167
160,10153,nominal_single,160,0,0,0.81480377199879495
160,10153,nominal_split,160,0,0,0.81480377199879495
160,10153,wdro_single,160,2,1,0.99220506892248383
160,10153,wdro_nominal_split_unconditional,160,2,1,0.96200537099687167
160,10154,nominal_single,160,3,1,0.81480377199879495
160,10154,nominal_split,160,3,1,0.81480377199879495
160,10154,wdro_single,160,5,1,0.99220506892248383
160,10154,wdro_nominal_split_unconditional,160,4,1,0.96200537099687167
160,10155,nominal_single,160,0,0,0.81480377199879495
160,10155,nominal_split,160,0,0,0.81480377199879495
160,10155,wdro_single,160,1,1,0.99220506892248383
160,10155,wdro_nominal_split_unconditional,160,0,0,0.96200537099687167
160,10156,nominal_single,160,2,1,0.81480377199879495
160,10156,nominal_split,160,2,1,0.81480377199879495
160,10156,wdro_single,160,5,1,0.99220506892248383
160,10156,wdro_nominal_split_unconditional,160,3,1,0.96200537099687167
160,10157,nominal_single,160,2,1,0.81480377199879495
160,10157,nominal_split,160,2,1,0.81480377199879495
160,10157,wdro_single,160,3,1,0.99220506892248383
160,10157,wdro_nominal_split_unconditional,160,2,1,0.96200537099687167
160,10158,nominal_single,160,3,1,0.81480377199879495
160,10158,nominal_split,160,3,1,0.81480377199879495
160,10158,wdro_single,160,5,1,0.99220506892248383
160,10158,wdro_nominal_split_unconditional,160,4,1,0.96200537099687167
160,10159,nominal_single,160,1,1,0.81480377199879495
160,10159,nominal_split,160,1,1,0.81480377199879495
160,10159,wdro_single,160,3,1,0.99220506892248383
160,10159,wdro_nominal_split_unconditional,160,2,1,0.96200537099687167
160,10160,nominal_single,160,0,0,0.81480377199879495
160,10160,nominal_split,160,0,0,0.81480377199879495
160,10160,wdro_single,160,2,1,0.99220506892248383
160,10160,wdro_nominal_split_unconditional,160,2,1,0.96200537099687167
160,10161,nominal_single,160,4,1,0.81480377199879495
160,10161,nominal_split,160,4,1,0.81480377199879495
160,10161,wdro_single,160,7,1,0.99220506892248383
160,10161,wdro_nominal_split_unconditional,160,4,1,0.96200537099687167
160,10162,nominal_single,160,2,1,0.81480377199879495
160,10162,nominal_split,160,2,1,0.81480377199879495
160,10162,wdro_single,160,6,1,0.99220506892248383
160,10162,wdro_nominal_split_unconditional,160,4,1,0.96200537099687167
160,10163,nominal_single,160,1,1,0.81480377199879495
160,10163,nominal_split,160,1,1,0.81480377199879495
160,10163,wdro_single,160,3,1,0.99220506892248383
160,10163,wdro_nominal_split_unconditional,160,2,1,0.96200537099687167
160,10164,nominal_single,160,1,1,0.81480377199879495
160,10164,nominal_split,160,1,1,0.81480377199879495
160,10164,wdro_single,160,4,1,0.99220506892248383
160,10164,wdro_nominal_split_unconditional,160,3,1,0.96200537099687167
160,10165,nominal_single,160,3,1,0.81480377199879495
160,10165,nominal_split,160,3,1,0.81480377199879495
160,10165,wdro_single,160,9,1,0.99220506892248383
160,10165,wdro_nominal_split_unconditional,160,5,1,0.96200537099687167
160,10166,nominal_single,160,5,1,0.81480377199879495
160,10166,nominal_split,160,5,1,0.81480377199879495
160,10166,wdro_single,160,10,1,0.99220506892248383
160,10166,wdro_nominal_split_unconditional,160,9,1,0.96200537099687167
160,10167,nominal_single,160,1,1,0.81480377199879495
160,10167,nominal_split,160,1,1,0.81480377199879495
160,10167,wdro_single,160,4,1,0.99220506892248383
160,10167,wdro_nominal_split_unconditional,160,3,1,0.96200537099687167
160,10168,nominal_single,160,1,1,0.81480377199879495
160,10168,nominal_split,160,1,1,0.81480377199879495
160,10168,wdro_single,160,5,1,0.99220506892248383
160,10168,wdro_nominal_split_unconditional,160,4,1,0.96200537099687167
160,10169,nominal_single,160,1,1,0.81480377199879495
160,10169,nominal_split,160,1,1,0.81480377199879495
160,10169,wdro_single,160,5,1,0.99220506892248383
160,10169,wdro_nominal_split_unconditional,160,4,1,0.96200537099687167
160,10170,nominal_single,160,1,1,0.81480377199879495
160,10170,nominal_split,160,1,1,0.81480377199879495
160,10170,wdro_single,160,4,1,0.99220506892248383
160,10170,wdro_nominal_split_unconditional,160,3,1,0.96200537099687167
160,10171,nominal_single,160,1,1,0.81480377199879495
160,10171,nominal_split,160,1,1,0.81480377199879495
160,10171,wdro_single,160,3,1,0.99220506892248383
160,10171,wdro_nominal_split_unconditional,160,2,1,0.96200537099687167
160,10172,nominal_single,160,2,1,0.81480377199879495
160,10172,nominal_split,160,2,1,0.81480377199879495
160,10172,wdro_single,160,4,1,0.99220506892248383
160,10172,wdro_nominal_split_unconditional,160,3,1,0.96200537099687167
160,10173,nominal_single,160,2,1,0.81480377199879495
160,10173,nominal_split,160,2,1,0.81480377199879495
160,10173,wdro_single,160,3,1,0.99220506892248383
160,10173,wdro_nominal_split_unconditional,160,2,1,0.96200537099687167
160,10174,nominal_single,160,0,0,0.81480377199879495
160,10174,nominal_split,160,0,0,0.81480377199879495
160,10174,wdro_single,160,0,0,0.99220506892248383
160,10174,wdro_nominal_split_unconditional,160,0,0,0.96200537099687167
160,10175,nominal_single,160,2,1,0.81480377199879495
160,10175,nominal_split,160,2,1,0.81480377199879495
160,10175,wdro_single,160,3,1,0.99220506892248383
160,10175,wdro_nominal_split_unconditional,160,2,1,0.96200537099687167
160,10176,nominal_single,160,1,1,0.81480377199879495
160,10176,nominal_split,160,1,1,0.81480377199879495
160,10176,wdro_single,160,3,1,0.99220506892248383
160,10176,wdro_nominal_split_unconditional,160,3,1,0.96200537099687167
160,10177,nominal_single,160,1,1,0.81480377199879495
160,10177,nominal_split,160,1,1,0.81480377199879495
160,10177,wdro_single,160,2,1,0.99220506892248383
160,10177,wdro_nominal_split_unconditional,160,2,1,0.96200537099687167
160,10178,nominal_single,160,2,1,0.81480377199879495
160,10178,nominal_split,160,2,1,0.81480377199879495
160,10178,wdro_single,160,8,1,0.99220506892248383
160,10178,wdro_nominal_split_unconditional,160,6,1,0.96200537099687167
160,10179,nominal_single,160,1,1,0.81480377199879495
160,10179,nominal_split,160,1,1,0.81480377199879495
160,10179,wdro_single,160,5,1,0.99220506892248383
160,10179,wdro_nominal_split_unconditional,160,4,1,0.96200537099687167
160,10180,nominal_single,160,1,1,0.81480377199879495
160,10180,nominal_split,160,1,1,0.81480377199879495
160,10180,wdro_single,160,2,1,0.99220506892248383
160,10180,wdro_nominal_split_unconditional,160,1,1,0.96200537099687167
160,10181,nominal_single,160,2,1,0.81480377199879495
160,10181,nominal_split,160,2,1,0.81480377199879495
160,10181,wdro_single,160,5,1,0.99220506892248383
160,10181,wdro_nominal_split_unconditional,160,4,1,0.96200537099687167
160,10182,nominal_single,160,2,1,0.81480377199879495
160,10182,nominal_split,160,2,1,0.81480377199879495
160,10182,wdro_single,160,7,1,0.99220506892248383
160,10182,wdro_nominal_split_unconditional,160,3,1,0.96200537099687167
160,10183,nominal_single,160,1,1,0.81480377199879495
160,10183,nominal_split,160,1,1,0.81480377199879495
160,10183,wdro_single,160,3,1,0.99220506892248383
160,10183,wdro_nominal_split_unconditional,160,3,1,0.96200537099687167
160,10184,nominal_single,160,1,1,0.81480377199879495
160,10184,nominal_split,160,1,1,0.81480377199879495
160,10184,wdro_single,160,4,1,0.99220506892248383
160,10184,wdro_nominal_split_unconditional,160,2,1,0.96200537099687167
160,10185,nominal_single,160,2,1,0.81480377199879495
160,10185,nominal_split,160,2,1,0.81480377199879495
160,10185,wdro_single,160,4,1,0.99220506892248383
160,10185,wdro_nominal_split_unconditional,160,3,1,0.96200537099687167
160,10186,nominal_single,160,0,0,0.81480377199879495
160,10186,nominal_split,160,0,0,0.81480377199879495
160,10186,wdro_single,160,1,1,0.99220506892248383
160,10186,wdro_nominal_split_unconditional,160,0,0,0.96200537099687167
160,10187,nominal_single,160,4,1,0.81480377199879495
160,10187,nominal_split,160,4,1,0.81480377199879495
160,10187,wdro_single,160,8,1,0.99220506892248383
160,10187,wdro_nominal_split_unconditional,160,4,1,0.96200537099687167
160,10188,nominal_single,160,1,1,0.81480377199879495
160,10188,nominal_split,160,1,1,0.81480377199879495
160,10188,wdro_single,160,2,1,0.99220506892248383
160,10188,wdro_nominal_split_unconditional,160,2,1,0.96200537099687167
160,10189,nominal_single,160,2,1,0.81480377199879495
160,10189,nominal_split,160,2,1,0.81480377199879495
160,10189,wdro_single,160,2,1,0.99220506892248383
160,10189,wdro_nominal_split_unconditional,160,2,1,0.96200537099687167
160,10190,nominal_single,160,1,1,0.81480377199879495
160,10190,nominal_split,160,1,1,0.81480377199879495
160,10190,wdro_single,160,3,1,0.99220506892248383
160,10190,wdro_nominal_split_unconditional,160,2,1,0.96200537099687167
160,10191,nominal_single,160,2,1,0.81480377199879495
160,10191,nominal_split,160,2,1,0.81480377199879495
160,10191,wdro_single,160,6,1,0.99220506892248383
160,10191,wdro_nominal_split_unconditional,160,4,1,0.96200537099687167
160,10192,nominal_single,160,0,0,0.81480377199879495
160,10192,nominal_split,160,0,0,0.81480377199879495
160,10192,wdro_single,160,1,1,0.99220506892248383
160,10192,wdro_nominal_split_unconditional,160,0,0,0.96200537099687167
160,10193,nominal_single,160,0,0,0.81480377199879495
160,10193,nominal_split,160,0,0,0.81480377199879495
160,10193,wdro_single,160,3,1,0.99220506892248383
160,10193,wdro_nominal_split_unconditional,160,2,1,0.96200537099687167
160,10194,nominal_single,160,4,1,0.81480377199879495
160,10194,nominal_split,160,4,1,0.81480377199879495
160,10194,wdro_single,160,4,1,0.99220506892248383
160,10194,wdro_nominal_split_unconditional,160,4,1,0.96200537099687167
160,10195,nominal_single,160,1,1,0.81480377199879495
160,10195,nominal_split,160,1,1,0.81480377199879495
160,10195,wdro_single,160,3,1,0.99220506892248383
160,10195,wdro_nominal_split_unconditional,160,2,1,0.96200537099687167
160,10196,nominal_single,160,1,1,0.81480377199879495
160,10196,nominal_split,160,1,1,0.81480377199879495
160,10196,wdro_single,160,3,1,0.99220506892248383
160,10196,wdro_nominal_split_unconditional,160,1,1,0.96200537099687167
160,10197,nominal_single,160,0,0,0.81480377199879495
160,10197,nominal_split,160,0,0,0.81480377199879495
160,10197,wdro_single,160,3,1,0.99220506892248383
160,10197,wdro_nominal_split_unconditional,160,0,0,0.96200537099687167
160,10198,nominal_single,160,1,1,0.81480377199879495
160,10198,nominal_split,160,1,1,0.81480377199879495
160,10198,wdro_single,160,5,1,0.99220506892248383
160,10198,wdro_nominal_split_unconditional,160,3,1,0.96200537099687167
160,10199,nominal_single,160,3,1,0.81480377199879495
160,10199,nominal_split,160,3,1,0.81480377199879495
160,10199,wdro_single,160,8,1,0.99220506892248383
160,10199,wdro_nominal_split_unconditional,160,6,1,0.96200537099687167
160,10200,nominal_single,160,1,1,0.81480377199879495
160,10200,nominal_split,160,1,1,0.81480377199879495
160,10200,wdro_single,160,3,1,0.99220506892248383
160,10200,wdro_nominal_split_unconditional,160,2,1,0.96200537099687167
160,10201,nominal_single,160,1,1,0.81480377199879495
160,10201,nominal_split,160,1,1,0.81480377199879495
160,10201,wdro_single,160,3,1,0.99220506892248383
160,10201,wdro_nominal_split_unconditional,160,2,1,0.96200537099687167
160,10202,nominal_single,160,1,1,0.81480377199879495
160,10202,nominal_split,160,1,1,0.81480377199879495
160,10202,wdro_single,160,4,1,0.99220506892248383
160,10202,wdro_nominal_split_unconditional,160,1,1,0.96200537099687167
160,10203,nominal_single,160,3,1,0.81480377199879495
160,10203,nominal_split,160,3,1,0.81480377199879495
160,10203,wdro_single,160,6,1,0.99220506892248383
160,10203,wdro_nominal_split_unconditional,160,3,1,0.96200537099687167
160,10204,nominal_single,160,3,1,0.81480377199879495
160,10204,nominal_split,160,3,1,0.81480377199879495
160,10204,wdro_single,160,6,1,0.99220506892248383
160,10204,wdro_nominal_split_unconditional,160,4,1,0.96200537099687167
160,10205,nominal_single,160,2,1,0.81480377199879495
160,10205,nominal_split,160,2,1,0.81480377199879495
160,10205,wdro_single,160,4,1,0.99220506892248383
160,10205,wdro_nominal_split_unconditional,160,3,1,0.96200537099687167
160,10206,nominal_single,160,3,1,0.81480377199879495
160,10206,nominal_split,160,3,1,0.81480377199879495
160,10206,wdro_single,160,7,1,0.99220506892248383
160,10206,wdro_nominal_split_unconditional,160,4,1,0.96200537099687167
160,10207,nominal_single,160,3,1,0.81480377199879495
160,10207,nominal_split,160,3,1,0.81480377199879495
160,10207,wdro_single,160,4,1,0.99220506892248383
160,10207,wdro_nominal_split_unconditional,160,4,1,0.96200537099687167
160,10208,nominal_single,160,1,1,0.81480377199879495
160,10208,nominal_split,160,1,1,0.81480377199879495
160,10208,wdro_single,160,7,1,0.99220506892248383
160,10208,wdro_nominal_split_unconditional,160,3,1,0.96200537099687167
160,10209,nominal_single,160,1,1,0.81480377199879495
160,10209,nominal_split,160,1,1,0.81480377199879495
160,10209,wdro_single,160,7,1,0.99220506892248383
160,10209,wdro_nominal_split_unconditional,160,6,1,0.96200537099687167
160,10210,nominal_single,160,2,1,0.81480377199879495
160,10210,nominal_split,160,2,1,0.81480377199879495
160,10210,wdro_single,160,5,1,0.99220506892248383
160,10210,wdro_nominal_split_unconditional,160,2,1,0.96200537099687167
160,10211,nominal_single,160,2,1,0.81480377199879495
160,10211,nominal_split,160,2,1,0.81480377199879495
160,10211,wdro_single,160,4,1,0.99220506892248383
160,10211,wdro_nominal_split_unconditional,160,4,1,0.96200537099687167
160,10212,nominal_single,160,4,1,0.81480377199879495
160,10212,nominal_split,160,4,1,0.81480377199879495
160,10212,wdro_single,160,5,1,0.99220506892248383
160,10212,wdro_nominal_split_unconditional,160,4,1,0.96200537099687167
160,10213,nominal_single,160,0,0,0.81480377199879495
160,10213,nominal_split,160,0,0,0.81480377199879495
160,10213,wdro_single,160,3,1,0.99220506892248383
160,10213,wdro_nominal_split_unconditional,160,2,1,0.96200537099687167
160,10214,nominal_single,160,0,0,0.81480377199879495
160,10214,nominal_split,160,0,0,0.81480377199879495
160,10214,wdro_single,160,7,1,0.99220506892248383
160,10214,wdro_nominal_split_unconditional,160,3,1,0.96200537099687167
160,10215,nominal_single,160,1,1,0.81480377199879495
160,10215,nominal_split,160,1,1,0.81480377199879495
160,10215,wdro_single,160,7,1,0.99220506892248383
160,10215,wdro_nominal_split_unconditional,160,2,1,0.96200537099687167
160,10216,nominal_single,160,2,1,0.81480377199879495
160,10216,nominal_split,160,2,1,0.81480377199879495
160,10216,wdro_single,160,5,1,0.99220506892248383
160,10216,wdro_nominal_split_unconditional,160,4,1,0.96200537099687167
160,10217,nominal_single,160,1,1,0.81480377199879495
160,10217,nominal_split,160,1,1,0.81480377199879495
160,10217,wdro_single,160,3,1,0.99220506892248383
160,10217,wdro_nominal_split_unconditional,160,2,1,0.96200537099687167
160,10218,nominal_single,160,4,1,0.81480377199879495
160,10218,nominal_split,160,4,1,0.81480377199879495
160,10218,wdro_single,160,6,1,0.99220506892248383
160,10218,wdro_nominal_split_unconditional,160,5,1,0.96200537099687167
160,10219,nominal_single,160,0,0,0.81480377199879495
160,10219,nominal_split,160,0,0,0.81480377199879495
160,10219,wdro_single,160,7,1,0.99220506892248383
160,10219,wdro_nominal_split_unconditional,160,7,1,0.96200537099687167
160,10220,nominal_single,160,3,1,0.81480377199879495
160,10220,nominal_split,160,3,1,0.81480377199879495
160,10220,wdro_single,160,5,1,0.99220506892248383
160,10220,wdro_nominal_split_unconditional,160,4,1,0.96200537099687167
160,10221,nominal_single,160,3,1,0.81480377199879495
160,10221,nominal_split,160,3,1,0.81480377199879495
160,10221,wdro_single,160,8,1,0.99220506892248383
160,10221,wdro_nominal_split_unconditional,160,6,1,0.96200537099687167
160,10222,nominal_single,160,4,1,0.81480377199879495
160,10222,nominal_split,160,4,1,0.81480377199879495
160,10222,wdro_single,160,12,1,0.99220506892248383
160,10222,wdro_nominal_split_unconditional,160,7,1,0.96200537099687167
160,10223,nominal_single,160,1,1,0.81480377199879495
160,10223,nominal_split,160,1,1,0.81480377199879495
160,10223,wdro_single,160,3,1,0.99220506892248383
160,10223,wdro_nominal_split_unconditional,160,2,1,0.96200537099687167
160,10224,nominal_single,160,1,1,0.81480377199879495
160,10224,nominal_split,160,1,1,0.81480377199879495
160,10224,wdro_single,160,6,1,0.99220506892248383
160,10224,wdro_nominal_split_unconditional,160,3,1,0.96200537099687167
160,10225,nominal_single,160,0,0,0.81480377199879495
160,10225,nominal_split,160,0,0,0.81480377199879495
160,10225,wdro_single,160,4,1,0.99220506892248383
160,10225,wdro_nominal_split_unconditional,160,2,1,0.96200537099687167
160,10226,nominal_single,160,5,1,0.81480377199879495
160,10226,nominal_split,160,5,1,0.81480377199879495
160,10226,wdro_single,160,8,1,0.99220506892248383
160,10226,wdro_nominal_split_unconditional,160,8,1,0.96200537099687167
160,10227,nominal_single,160,4,1,0.81480377199879495
160,10227,nominal_split,160,4,1,0.81480377199879495
160,10227,wdro_single,160,7,1,0.99220506892248383
160,10227,wdro_nominal_split_unconditional,160,5,1,0.96200537099687167
160,10228,nominal_single,160,2,1,0.81480377199879495
160,10228,nominal_split,160,2,1,0.81480377199879495
160,10228,wdro_single,160,6,1,0.99220506892248383
160,10228,wdro_nominal_split_unconditional,160,5,1,0.96200537099687167
160,10229,nominal_single,160,3,1,0.81480377199879495
160,10229,nominal_split,160,3,1,0.81480377199879495
160,10229,wdro_single,160,6,1,0.99220506892248383
160,10229,wdro_nominal_split_unconditional,160,4,1,0.96200537099687167
160,10230,nominal_single,160,3,1,0.81480377199879495
160,10230,nominal_split,160,3,1,0.81480377199879495
160,10230,wdro_single,160,6,1,0.99220506892248383
160,10230,wdro_nominal_split_unconditional,160,6,1,0.96200537099687167
160,10231,nominal_single,160,3,1,0.81480377199879495
160,10231,nominal_split,160,3,1,0.81480377199879495
160,10231,wdro_single,160,5,1,0.99220506892248383
160,10231,wdro_nominal_split_unconditional,160,4,1,0.96200537099687167
160,10232,nominal_single,160,2,1,0.81480377199879495
160,10232,nominal_split,160,2,1,0.81480377199879495
160,10232,wdro_single,160,4,1,0.99220506892248383
160,10232,wdro_nominal_split_unconditional,160,4,1,0.96200537099687167
160,10233,nominal_single,160,0,0,0.81480377199879495
160,10233,nominal_split,160,0,0,0.81480377199879495
160,10233,wdro_single,160,4,1,0.99220506892248383
160,10233,wdro_nominal_split_unconditional,160,3,1,0.96200537099687167
160,10234,nominal_single,160,1,1,0.81480377199879495
160,10234,nominal_split,160,1,1,0.81480377199879495
160,10234,wdro_single,160,6,1,0.99220506892248383
160,10234,wdro_nominal_split_unconditional,160,4,1,0.96200537099687167
160,10235,nominal_single,160,1,1,0.81480377199879495
160,10235,nominal_split,160,1,1,0.81480377199879495
160,10235,wdro_single,160,5,1,0.99220506892248383
160,10235,wdro_nominal_split_unconditional,160,3,1,0.96200537099687167
160,10236,nominal_single,160,2,1,0.81480377199879495
160,10236,nominal_split,160,2,1,0.81480377199879495
160,10236,wdro_single,160,3,1,0.99220506892248383
160,10236,wdro_nominal_split_unconditional,160,3,1,0.96200537099687167
160,10237,nominal_single,160,4,1,0.81480377199879495
160,10237,nominal_split,160,4,1,0.81480377199879495
160,10237,wdro_single,160,10,1,0.99220506892248383
160,10237,wdro_nominal_split_unconditional,160,9,1,0.96200537099687167
160,10238,nominal_single,160,4,1,0.81480377199879495
160,10238,nominal_split,160,4,1,0.81480377199879495
160,10238,wdro_single,160,8,1,0.99220506892248383
160,10238,wdro_nominal_split_unconditional,160,5,1,0.96200537099687167
160,10239,nominal_single,160,3,1,0.81480377199879495
160,10239,nominal_split,160,3,1,0.81480377199879495
160,10239,wdro_single,160,4,1,0.99220506892248383
160,10239,wdro_nominal_split_unconditional,160,3,1,0.96200537099687167
160,10240,nominal_single,160,1,1,0.81480377199879495
160,10240,nominal_split,160,1,1,0.81480377199879495
160,10240,wdro_single,160,2,1,0.99220506892248383
160,10240,wdro_nominal_split_unconditional,160,1,1,0.96200537099687167
160,10241,nominal_single,160,0,0,0.81480377199879495
160,10241,nominal_split,160,0,0,0.81480377199879495
160,10241,wdro_single,160,3,1,0.99220506892248383
160,10241,wdro_nominal_split_unconditional,160,1,1,0.96200537099687167
160,10242,nominal_single,160,0,0,0.81480377199879495
160,10242,nominal_split,160,0,0,0.81480377199879495
160,10242,wdro_single,160,2,1,0.99220506892248383
160,10242,wdro_nominal_split_unconditional,160,1,1,0.96200537099687167
160,10243,nominal_single,160,0,0,0.81480377199879495
160,10243,nominal_split,160,0,0,0.81480377199879495
160,10243,wdro_single,160,6,1,0.99220506892248383
160,10243,wdro_nominal_split_unconditional,160,3,1,0.96200537099687167
160,10244,nominal_single,160,2,1,0.81480377199879495
160,10244,nominal_split,160,2,1,0.81480377199879495
160,10244,wdro_single,160,5,1,0.99220506892248383
160,10244,wdro_nominal_split_unconditional,160,3,1,0.96200537099687167
160,10245,nominal_single,160,2,1,0.81480377199879495
160,10245,nominal_split,160,2,1,0.81480377199879495
160,10245,wdro_single,160,5,1,0.99220506892248383
160,10245,wdro_nominal_split_unconditional,160,4,1,0.96200537099687167
160,10246,nominal_single,160,3,1,0.81480377199879495
160,10246,nominal_split,160,3,1,0.81480377199879495
160,10246,wdro_single,160,10,1,0.99220506892248383
160,10246,wdro_nominal_split_unconditional,160,6,1,0.96200537099687167
160,10247,nominal_single,160,1,1,0.81480377199879495
160,10247,nominal_split,160,1,1,0.81480377199879495
160,10247,wdro_single,160,2,1,0.99220506892248383
160,10247,wdro_nominal_split_unconditional,160,1,1,0.96200537099687167
160,10248,nominal_single,160,1,1,0.81480377199879495
160,10248,nominal_split,160,1,1,0.81480377199879495
160,10248,wdro_single,160,6,1,0.99220506892248383
160,10248,wdro_nominal_split_unconditional,160,4,1,0.96200537099687167
160,10249,nominal_single,160,1,1,0.81480377199879495
160,10249,nominal_split,160,1,1,0.81480377199879495
160,10249,wdro_single,160,2,1,0.99220506892248383
160,10249,wdro_nominal_split_unconditional,160,2,1,0.96200537099687167
160,10250,nominal_single,160,1,1,0.81480377199879495
160,10250,nominal_split,160,1,1,0.81480377199879495
160,10250,wdro_single,160,5,1,0.99220506892248383
160,10250,wdro_nominal_split_unconditional,160,3,1,0.96200537099687167
160,10251,nominal_single,160,1,1,0.81480377199879495
160,10251,nominal_split,160,1,1,0.81480377199879495
160,10251,wdro_single,160,3,1,0.99220506892248383
160,10251,wdro_nominal_split_unconditional,160,2,1,0.96200537099687167
160,10252,nominal_single,160,3,1,0.81480377199879495
160,10252,nominal_split,160,3,1,0.81480377199879495
160,10252,wdro_single,160,8,1,0.99220506892248383
160,10252,wdro_nominal_split_unconditional,160,6,1,0.96200537099687167
160,10253,nominal_single,160,2,1,0.81480377199879495
160,10253,nominal_split,160,2,1,0.81480377199879495
160,10253,wdro_single,160,5,1,0.99220506892248383
160,10253,wdro_nominal_split_unconditional,160,3,1,0.96200537099687167
160,10254,nominal_single,160,1,1,0.81480377199879495
160,10254,nominal_split,160,1,1,0.81480377199879495
160,10254,wdro_single,160,5,1,0.99220506892248383
160,10254,wdro_nominal_split_unconditional,160,2,1,0.96200537099687167
160,10255,nominal_single,160,0,0,0.81480377199879495
160,10255,nominal_split,160,0,0,0.81480377199879495
160,10255,wdro_single,160,4,1,0.99220506892248383
160,10255,wdro_nominal_split_unconditional,160,2,1,0.96200537099687167
160,10256,nominal_single,160,0,0,0.81480377199879495
160,10256,nominal_split,160,0,0,0.81480377199879495
160,10256,wdro_single,160,1,1,0.99220506892248383
160,10256,wdro_nominal_split_unconditional,160,1,1,0.96200537099687167
160,10257,nominal_single,160,1,1,0.81480377199879495
160,10257,nominal_split,160,1,1,0.81480377199879495
160,10257,wdro_single,160,4,1,0.99220506892248383
160,10257,wdro_nominal_split_unconditional,160,3,1,0.96200537099687167
160,10258,nominal_single,160,1,1,0.81480377199879495
160,10258,nominal_split,160,1,1,0.81480377199879495
160,10258,wdro_single,160,4,1,0.99220506892248383
160,10258,wdro_nominal_split_unconditional,160,2,1,0.96200537099687167
160,10259,nominal_single,160,0,0,0.81480377199879495
160,10259,nominal_split,160,0,0,0.81480377199879495
160,10259,wdro_single,160,4,1,0.99220506892248383
160,10259,wdro_nominal_split_unconditional,160,1,1,0.96200537099687167
160,10260,nominal_single,160,1,1,0.81480377199879495
160,10260,nominal_split,160,1,1,0.81480377199879495
160,10260,wdro_single,160,5,1,0.99220506892248383
160,10260,wdro_nominal_split_unconditional,160,2,1,0.96200537099687167
160,10261,nominal_single,160,1,1,0.81480377199879495
160,10261,nominal_split,160,1,1,0.81480377199879495
160,10261,wdro_single,160,3,1,0.99220506892248383
160,10261,wdro_nominal_split_unconditional,160,2,1,0.96200537099687167
160,10262,nominal_single,160,1,1,0.81480377199879495
160,10262,nominal_split,160,1,1,0.81480377199879495
160,10262,wdro_single,160,6,1,0.99220506892248383
160,10262,wdro_nominal_split_unconditional,160,4,1,0.96200537099687167
160,10263,nominal_single,160,1,1,0.81480377199879495
160,10263,nominal_split,160,1,1,0.81480377199879495
160,10263,wdro_single,160,1,1,0.99220506892248383
160,10263,wdro_nominal_split_unconditional,160,1,1,0.96200537099687167
160,10264,nominal_single,160,0,0,0.81480377199879495
160,10264,nominal_split,160,0,0,0.81480377199879495
160,10264,wdro_single,160,1,1,0.99220506892248383
160,10264,wdro_nominal_split_unconditional,160,0,0,0.96200537099687167
160,10265,nominal_single,160,2,1,0.81480377199879495
160,10265,nominal_split,160,2,1,0.81480377199879495
160,10265,wdro_single,160,4,1,0.99220506892248383
160,10265,wdro_nominal_split_unconditional,160,3,1,0.96200537099687167
160,10266,nominal_single,160,1,1,0.81480377199879495
160,10266,nominal_split,160,1,1,0.81480377199879495
160,10266,wdro_single,160,6,1,0.99220506892248383
160,10266,wdro_nominal_split_unconditional,160,3,1,0.96200537099687167
160,10267,nominal_single,160,4,1,0.81480377199879495
160,10267,nominal_split,160,4,1,0.81480377199879495
160,10267,wdro_single,160,12,1,0.99220506892248383
160,10267,wdro_nominal_split_unconditional,160,7,1,0.96200537099687167
160,10268,nominal_single,160,1,1,0.81480377199879495
160,10268,nominal_split,160,1,1,0.81480377199879495
160,10268,wdro_single,160,1,1,0.99220506892248383
160,10268,wdro_nominal_split_unconditional,160,1,1,0.96200537099687167
160,10269,nominal_single,160,1,1,0.81480377199879495
160,10269,nominal_split,160,1,1,0.81480377199879495
160,10269,wdro_single,160,5,1,0.99220506892248383
160,10269,wdro_nominal_split_unconditional,160,3,1,0.96200537099687167
160,10270,nominal_single,160,1,1,0.81480377199879495
160,10270,nominal_split,160,1,1,0.81480377199879495
160,10270,wdro_single,160,2,1,0.99220506892248383
160,10270,wdro_nominal_split_unconditional,160,1,1,0.96200537099687167
160,10271,nominal_single,160,2,1,0.81480377199879495
160,10271,nominal_split,160,2,1,0.81480377199879495
160,10271,wdro_single,160,5,1,0.99220506892248383
160,10271,wdro_nominal_split_unconditional,160,2,1,0.96200537099687167
160,10272,nominal_single,160,1,1,0.81480377199879495
160,10272,nominal_split,160,1,1,0.81480377199879495
160,10272,wdro_single,160,7,1,0.99220506892248383
160,10272,wdro_nominal_split_unconditional,160,3,1,0.96200537099687167
160,10273,nominal_single,160,1,1,0.81480377199879495
160,10273,nominal_split,160,1,1,0.81480377199879495
160,10273,wdro_single,160,3,1,0.99220506892248383
160,10273,wdro_nominal_split_unconditional,160,3,1,0.96200537099687167
160,10274,nominal_single,160,2,1,0.81480377199879495
160,10274,nominal_split,160,2,1,0.81480377199879495
160,10274,wdro_single,160,7,1,0.99220506892248383
160,10274,wdro_nominal_split_unconditional,160,5,1,0.96200537099687167
160,10275,nominal_single,160,2,1,0.81480377199879495
160,10275,nominal_split,160,2,1,0.81480377199879495
160,10275,wdro_single,160,4,1,0.99220506892248383
160,10275,wdro_nominal_split_unconditional,160,3,1,0.96200537099687167
160,10276,nominal_single,160,0,0,0.81480377199879495
160,10276,nominal_split,160,0,0,0.81480377199879495
160,10276,wdro_single,160,3,1,0.99220506892248383
160,10276,wdro_nominal_split_unconditional,160,1,1,0.96200537099687167
160,10277,nominal_single,160,1,1,0.81480377199879495
160,10277,nominal_split,160,1,1,0.81480377199879495
160,10277,wdro_single,160,6,1,0.99220506892248383
160,10277,wdro_nominal_split_unconditional,160,4,1,0.96200537099687167
160,10278,nominal_single,160,6,1,0.81480377199879495
160,10278,nominal_split,160,6,1,0.81480377199879495
160,10278,wdro_single,160,12,1,0.99220506892248383
160,10278,wdro_nominal_split_unconditional,160,8,1,0.96200537099687167
160,10279,nominal_single,160,1,1,0.81480377199879495
160,10279,nominal_split,160,1,1,0.81480377199879495
160,10279,wdro_single,160,4,1,0.99220506892248383
160,10279,wdro_nominal_split_unconditional,160,1,1,0.96200537099687167
160,10280,nominal_single,160,3,1,0.81480377199879495
160,10280,nominal_split,160,3,1,0.81480377199879495
160,10280,wdro_single,160,7,1,0.99220506892248383
160,10280,wdro_nominal_split_unconditional,160,5,1,0.96200537099687167
160,10281,nominal_single,160,3,1,0.81480377199879495
160,10281,nominal_split,160,3,1,0.81480377199879495
160,10281,wdro_single,160,5,1,0.99220506892248383
160,10281,wdro_nominal_split_unconditional,160,5,1,0.96200537099687167
160,10282,nominal_single,160,2,1,0.81480377199879495
160,10282,nominal_split,160,2,1,0.81480377199879495
160,10282,wdro_single,160,5,1,0.99220506892248383
160,10282,wdro_nominal_split_unconditional,160,2,1,0.96200537099687167
160,10283,nominal_single,160,3,1,0.81480377199879495
160,10283,nominal_split,160,3,1,0.81480377199879495
160,10283,wdro_single,160,5,1,0.99220506892248383
160,10283,wdro_nominal_split_unconditional,160,5,1,0.96200537099687167
160,10284,nominal_single,160,0,0,0.81480377199879495
160,10284,nominal_split,160,0,0,0.81480377199879495
160,10284,wdro_single,160,2,1,0.99220506892248383
160,10284,wdro_nominal_split_unconditional,160,2,1,0.96200537099687167
160,10285,nominal_single,160,3,1,0.81480377199879495
160,10285,nominal_split,160,3,1,0.81480377199879495
160,10285,wdro_single,160,11,1,0.99220506892248383
160,10285,wdro_nominal_split_unconditional,160,6,1,0.96200537099687167
160,10286,nominal_single,160,1,1,0.81480377199879495
160,10286,nominal_split,160,1,1,0.81480377199879495
160,10286,wdro_single,160,4,1,0.99220506892248383
160,10286,wdro_nominal_split_unconditional,160,1,1,0.96200537099687167
160,10287,nominal_single,160,4,1,0.81480377199879495
160,10287,nominal_split,160,4,1,0.81480377199879495
160,10287,wdro_single,160,8,1,0.99220506892248383
160,10287,wdro_nominal_split_unconditional,160,6,1,0.96200537099687167
160,10288,nominal_single,160,0,0,0.81480377199879495
160,10288,nominal_split,160,0,0,0.81480377199879495
160,10288,wdro_single,160,5,1,0.99220506892248383
160,10288,wdro_nominal_split_unconditional,160,3,1,0.96200537099687167
160,10289,nominal_single,160,1,1,0.81480377199879495
160,10289,nominal_split,160,1,1,0.81480377199879495
160,10289,wdro_single,160,3,1,0.99220506892248383
160,10289,wdro_nominal_split_unconditional,160,2,1,0.96200537099687167
160,10290,nominal_single,160,1,1,0.81480377199879495
160,10290,nominal_split,160,1,1,0.81480377199879495
160,10290,wdro_single,160,4,1,0.99220506892248383
160,10290,wdro_nominal_split_unconditional,160,2,1,0.96200537099687167
160,10291,nominal_single,160,1,1,0.81480377199879495
160,10291,nominal_split,160,1,1,0.81480377199879495
160,10291,wdro_single,160,3,1,0.99220506892248383
160,10291,wdro_nominal_split_unconditional,160,2,1,0.96200537099687167
160,10292,nominal_single,160,2,1,0.81480377199879495
160,10292,nominal_split,160,2,1,0.81480377199879495
160,10292,wdro_single,160,3,1,0.99220506892248383
160,10292,wdro_nominal_split_unconditional,160,2,1,0.96200537099687167
160,10293,nominal_single,160,2,1,0.81480377199879495
160,10293,nominal_split,160,2,1,0.81480377199879495
160,10293,wdro_single,160,4,1,0.99220506892248383
160,10293,wdro_nominal_split_unconditional,160,3,1,0.96200537099687167
160,10294,nominal_single,160,1,1,0.81480377199879495
160,10294,nominal_split,160,1,1,0.81480377199879495
160,10294,wdro_single,160,1,1,0.99220506892248383
160,10294,wdro_nominal_split_unconditional,160,1,1,0.96200537099687167
160,10295,nominal_single,160,1,1,0.81480377199879495
160,10295,nominal_split,160,1,1,0.81480377199879495
160,10295,wdro_single,160,4,1,0.99220506892248383
160,10295,wdro_nominal_split_unconditional,160,2,1,0.96200537099687167
160,10296,nominal_single,160,0,0,0.81480377199879495
160,10296,nominal_split,160,0,0,0.81480377199879495
160,10296,wdro_single,160,2,1,0.99220506892248383
160,10296,wdro_nominal_split_unconditional,160,2,1,0.96200537099687167
160,10297,nominal_single,160,2,1,0.81480377199879495
160,10297,nominal_split,160,2,1,0.81480377199879495
160,10297,wdro_single,160,4,1,0.99220506892248383
160,10297,wdro_nominal_split_unconditional,160,3,1,0.96200537099687167
160,10298,nominal_single,160,1,1,0.81480377199879495
160,10298,nominal_split,160,1,1,0.81480377199879495
160,10298,wdro_single,160,3,1,0.99220506892248383
160,10298,wdro_nominal_split_unconditional,160,1,1,0.96200537099687167
160,10299,nominal_single,160,2,1,0.81480377199879495
160,10299,nominal_split,160,2,1,0.81480377199879495
160,10299,wdro_single,160,4,1,0.99220506892248383
160,10299,wdro_nominal_split_unconditional,160,2,1,0.96200537099687167
160,10300,nominal_single,160,0,0,0.81480377199879495
160,10300,nominal_split,160,0,0,0.81480377199879495
160,10300,wdro_single,160,5,1,0.99220506892248383
160,10300,wdro_nominal_split_unconditional,160,4,1,0.96200537099687167
160,10301,nominal_single,160,1,1,0.81480377199879495
160,10301,nominal_split,160,1,1,0.81480377199879495
160,10301,wdro_single,160,6,1,0.99220506892248383
160,10301,wdro_nominal_split_unconditional,160,4,1,0.96200537099687167
160,10302,nominal_single,160,3,1,0.81480377199879495
160,10302,nominal_split,160,3,1,0.81480377199879495
160,10302,wdro_single,160,7,1,0.99220506892248383
160,10302,wdro_nominal_split_unconditional,160,5,1,0.96200537099687167
160,10303,nominal_single,160,5,1,0.81480377199879495
160,10303,nominal_split,160,5,1,0.81480377199879495
160,10303,wdro_single,160,7,1,0.99220506892248383
160,10303,wdro_nominal_split_unconditional,160,5,1,0.96200537099687167
160,10304,nominal_single,160,3,1,0.81480377199879495
160,10304,nominal_split,160,3,1,0.81480377199879495
160,10304,wdro_single,160,3,1,0.99220506892248383
160,10304,wdro_nominal_split_unconditional,160,3,1,0.96200537099687167
160,10305,nominal_single,160,1,1,0.81480377199879495
160,10305,nominal_split,160,1,1,0.81480377199879495
160,10305,wdro_single,160,6,1,0.99220506892248383
160,10305,wdro_nominal_split_unconditional,160,2,1,0.96200537099687167
160,10306,nominal_single,160,1,1,0.81480377199879495
160,10306,nominal_split,160,1,1,0.81480377199879495
160,10306,wdro_single,160,4,1,0.99220506892248383
160,10306,wdro_nominal_split_unconditional,160,4,1,0.96200537099687167
160,10307,nominal_single,160,0,0,0.81480377199879495
160,10307,nominal_split,160,0,0,0.81480377199879495
160,10307,wdro_single,160,2,1,0.99220506892248383
160,10307,wdro_nominal_split_unconditional,160,2,1,0.96200537099687167
160,10308,nominal_single,160,2,1,0.81480377199879495
160,10308,nominal_split,160,2,1,0.81480377199879495
160,10308,wdro_single,160,2,1,0.99220506892248383
160,10308,wdro_nominal_split_unconditional,160,2,1,0.96200537099687167
160,10309,nominal_single,160,2,1,0.81480377199879495
160,10309,nominal_split,160,2,1,0.81480377199879495
160,10309,wdro_single,160,6,1,0.99220506892248383
160,10309,wdro_nominal_split_unconditional,160,6,1,0.96200537099687167
160,10310,nominal_single,160,2,1,0.81480377199879495
160,10310,nominal_split,160,2,1,0.81480377199879495
160,10310,wdro_single,160,7,1,0.99220506892248383
160,10310,wdro_nominal_split_unconditional,160,6,1,0.96200537099687167
160,10311,nominal_single,160,1,1,0.81480377199879495
160,10311,nominal_split,160,1,1,0.81480377199879495
160,10311,wdro_single,160,4,1,0.99220506892248383
160,10311,wdro_nominal_split_unconditional,160,2,1,0.96200537099687167
160,10312,nominal_single,160,1,1,0.81480377199879495
160,10312,nominal_split,160,1,1,0.81480377199879495
160,10312,wdro_single,160,6,1,0.99220506892248383
160,10312,wdro_nominal_split_unconditional,160,3,1,0.96200537099687167
160,10313,nominal_single,160,2,1,0.81480377199879495
160,10313,nominal_split,160,2,1,0.81480377199879495
160,10313,wdro_single,160,6,1,0.99220506892248383
160,10313,wdro_nominal_split_unconditional,160,3,1,0.96200537099687167
160,10314,nominal_single,160,2,1,0.81480377199879495
160,10314,nominal_split,160,2,1,0.81480377199879495
160,10314,wdro_single,160,4,1,0.99220506892248383
160,10314,wdro_nominal_split_unconditional,160,3,1,0.96200537099687167
160,10315,nominal_single,160,4,1,0.81480377199879495
160,10315,nominal_split,160,4,1,0.81480377199879495
160,10315,wdro_single,160,8,1,0.99220506892248383
160,10315,wdro_nominal_split_unconditional,160,5,1,0.96200537099687167
160,10316,nominal_single,160,1,1,0.81480377199879495
160,10316,nominal_split,160,1,1,0.81480377199879495
160,10316,wdro_single,160,4,1,0.99220506892248383
160,10316,wdro_nominal_split_unconditional,160,1,1,0.96200537099687167
160,10317,nominal_single,160,2,1,0.81480377199879495
160,10317,nominal_split,160,2,1,0.81480377199879495
160,10317,wdro_single,160,2,1,0.99220506892248383
160,10317,wdro_nominal_split_unconditional,160,2,1,0.96200537099687167
160,10318,nominal_single,160,2,1,0.81480377199879495
160,10318,nominal_split,160,2,1,0.81480377199879495
160,10318,wdro_single,160,6,1,0.99220506892248383
160,10318,wdro_nominal_split_unconditional,160,3,1,0.96200537099687167
160,10319,nominal_single,160,1,1,0.81480377199879495
160,10319,nominal_split,160,1,1,0.81480377199879495
160,10319,wdro_single,160,1,1,0.99220506892248383
160,10319,wdro_nominal_split_unconditional,160,1,1,0.96200537099687167
160,10320,nominal_single,160,1,1,0.81480377199879495
160,10320,nominal_split,160,1,1,0.81480377199879495
160,10320,wdro_single,160,2,1,0.99220506892248383
160,10320,wdro_nominal_split_unconditional,160,2,1,0.96200537099687167
160,10321,nominal_single,160,4,1,0.81480377199879495
160,10321,nominal_split,160,4,1,0.81480377199879495
160,10321,wdro_single,160,7,1,0.99220506892248383
160,10321,wdro_nominal_split_unconditional,160,7,1,0.96200537099687167
160,10322,nominal_single,160,0,0,0.81480377199879495
160,10322,nominal_split,160,0,0,0.81480377199879495
160,10322,wdro_single,160,3,1,0.99220506892248383
160,10322,wdro_nominal_split_unconditional,160,2,1,0.96200537099687167
160,10323,nominal_single,160,1,1,0.81480377199879495
160,10323,nominal_split,160,1,1,0.81480377199879495
160,10323,wdro_single,160,3,1,0.99220506892248383
160,10323,wdro_nominal_split_unconditional,160,2,1,0.96200537099687167
160,10324,nominal_single,160,1,1,0.81480377199879495
160,10324,nominal_split,160,1,1,0.81480377199879495
160,10324,wdro_single,160,6,1,0.99220506892248383
160,10324,wdro_nominal_split_unconditional,160,3,1,0.96200537099687167
160,10325,nominal_single,160,2,1,0.81480377199879495
160,10325,nominal_split,160,2,1,0.81480377199879495
160,10325,wdro_single,160,4,1,0.99220506892248383
160,10325,wdro_nominal_split_unconditional,160,4,1,0.96200537099687167
160,10326,nominal_single,160,5,1,0.81480377199879495
160,10326,nominal_split,160,5,1,0.81480377199879495
160,10326,wdro_single,160,8,1,0.99220506892248383
160,10326,wdro_nominal_split_unconditional,160,8,1,0.96200537099687167
160,10327,nominal_single,160,3,1,0.81480377199879495
160,10327,nominal_split,160,3,1,0.81480377199879495
160,10327,wdro_single,160,8,1,0.99220506892248383
160,10327,wdro_nominal_split_unconditional,160,6,1,0.96200537099687167
160,10328,nominal_single,160,2,1,0.81480377199879495
160,10328,nominal_split,160,2,1,0.81480377199879495
160,10328,wdro_single,160,4,1,0.99220506892248383
160,10328,wdro_nominal_split_unconditional,160,3,1,0.96200537099687167
160,10329,nominal_single,160,2,1,0.81480377199879495
160,10329,nominal_split,160,2,1,0.81480377199879495
160,10329,wdro_single,160,4,1,0.99220506892248383
160,10329,wdro_nominal_split_unconditional,160,3,1,0.96200537099687167
160,10330,nominal_single,160,1,1,0.81480377199879495
160,10330,nominal_split,160,1,1,0.81480377199879495
160,10330,wdro_single,160,3,1,0.99220506892248383
160,10330,wdro_nominal_split_unconditional,160,1,1,0.96200537099687167
160,10331,nominal_single,160,1,1,0.81480377199879495
160,10331,nominal_split,160,1,1,0.81480377199879495
160,10331,wdro_single,160,3,1,0.99220506892248383
160,10331,wdro_nominal_split_unconditional,160,1,1,0.96200537099687167
160,10332,nominal_single,160,1,1,0.81480377199879495
160,10332,nominal_split,160,1,1,0.81480377199879495
160,10332,wdro_single,160,4,1,0.99220506892248383
160,10332,wdro_nominal_split_unconditional,160,3,1,0.96200537099687167
160,10333,nominal_single,160,1,1,0.81480377199879495
160,10333,nominal_split,160,1,1,0.81480377199879495
160,10333,wdro_single,160,7,1,0.99220506892248383
160,10333,wdro_nominal_split_unconditional,160,4,1,0.96200537099687167
160,10334,nominal_single,160,6,1,0.81480377199879495
160,10334,nominal_split,160,6,1,0.81480377199879495
160,10334,wdro_single,160,7,1,0.99220506892248383
160,10334,wdro_nominal_split_unconditional,160,7,1,0.96200537099687167
160,10335,nominal_single,160,1,1,0.81480377199879495
160,10335,nominal_split,160,1,1,0.81480377199879495
160,10335,wdro_single,160,9,1,0.99220506892248383
160,10335,wdro_nominal_split_unconditional,160,5,1,0.96200537099687167
160,10336,nominal_single,160,0,0,0.81480377199879495
160,10336,nominal_split,160,0,0,0.81480377199879495
160,10336,wdro_single,160,4,1,0.99220506892248383
160,10336,wdro_nominal_split_unconditional,160,3,1,0.96200537099687167
160,10337,nominal_single,160,2,1,0.81480377199879495
160,10337,nominal_split,160,2,1,0.81480377199879495
160,10337,wdro_single,160,4,1,0.99220506892248383
160,10337,wdro_nominal_split_unconditional,160,2,1,0.96200537099687167
160,10338,nominal_single,160,2,1,0.81480377199879495
160,10338,nominal_split,160,2,1,0.81480377199879495
160,10338,wdro_single,160,4,1,0.99220506892248383
160,10338,wdro_nominal_split_unconditional,160,4,1,0.96200537099687167
160,10339,nominal_single,160,0,0,0.81480377199879495
160,10339,nominal_split,160,0,0,0.81480377199879495
160,10339,wdro_single,160,3,1,0.99220506892248383
160,10339,wdro_nominal_split_unconditional,160,1,1,0.96200537099687167
160,10340,nominal_single,160,4,1,0.81480377199879495
160,10340,nominal_split,160,4,1,0.81480377199879495
160,10340,wdro_single,160,8,1,0.99220506892248383
160,10340,wdro_nominal_split_unconditional,160,6,1,0.96200537099687167
160,10341,nominal_single,160,1,1,0.81480377199879495
160,10341,nominal_split,160,1,1,0.81480377199879495
160,10341,wdro_single,160,3,1,0.99220506892248383
160,10341,wdro_nominal_split_unconditional,160,2,1,0.96200537099687167
160,10342,nominal_single,160,3,1,0.81480377199879495
160,10342,nominal_split,160,3,1,0.81480377199879495
160,10342,wdro_single,160,6,1,0.99220506892248383
160,10342,wdro_nominal_split_unconditional,160,5,1,0.96200537099687167
160,10343,nominal_single,160,4,1,0.81480377199879495
160,10343,nominal_split,160,4,1,0.81480377199879495
160,10343,wdro_single,160,10,1,0.99220506892248383
160,10343,wdro_nominal_split_unconditional,160,6,1,0.96200537099687167
160,10344,nominal_single,160,0,0,0.81480377199879495
160,10344,nominal_split,160,0,0,0.81480377199879495
160,10344,wdro_single,160,3,1,0.99220506892248383
160,10344,wdro_nominal_split_unconditional,160,0,0,0.96200537099687167
160,10345,nominal_single,160,1,1,0.81480377199879495
160,10345,nominal_split,160,1,1,0.81480377199879495
160,10345,wdro_single,160,4,1,0.99220506892248383
160,10345,wdro_nominal_split_unconditional,160,3,1,0.96200537099687167
160,10346,nominal_single,160,2,1,0.81480377199879495
160,10346,nominal_split,160,2,1,0.81480377199879495
160,10346,wdro_single,160,4,1,0.99220506892248383
160,10346,wdro_nominal_split_unconditional,160,2,1,0.96200537099687167
160,10347,nominal_single,160,4,1,0.81480377199879495
160,10347,nominal_split,160,4,1,0.81480377199879495
160,10347,wdro_single,160,11,1,0.99220506892248383
160,10347,wdro_nominal_split_unconditional,160,6,1,0.96200537099687167
160,10348,nominal_single,160,3,1,0.81480377199879495
160,10348,nominal_split,160,3,1,0.81480377199879495
160,10348,wdro_single,160,9,1,0.99220506892248383
160,10348,wdro_nominal_split_unconditional,160,6,1,0.96200537099687167
160,10349,nominal_single,160,2,1,0.81480377199879495
160,10349,nominal_split,160,2,1,0.81480377199879495
160,10349,wdro_single,160,6,1,0.99220506892248383
160,10349,wdro_nominal_split_unconditional,160,3,1,0.96200537099687167
160,10350,nominal_single,160,3,1,0.81480377199879495
160,10350,nominal_split,160,3,1,0.81480377199879495
160,10350,wdro_single,160,7,1,0.99220506892248383
160,10350,wdro_nominal_split_unconditional,160,4,1,0.96200537099687167
160,10351,nominal_single,160,1,1,0.81480377199879495
160,10351,nominal_split,160,1,1,0.81480377199879495
160,10351,wdro_single,160,3,1,0.99220506892248383
160,10351,wdro_nominal_split_unconditional,160,3,1,0.96200537099687167
160,10352,nominal_single,160,5,1,0.81480377199879495
160,10352,nominal_split,160,5,1,0.81480377199879495
160,10352,wdro_single,160,7,1,0.99220506892248383
160,10352,wdro_nominal_split_unconditional,160,6,1,0.96200537099687167
160,10353,nominal_single,160,2,1,0.81480377199879495
160,10353,nominal_split,160,2,1,0.81480377199879495
160,10353,wdro_single,160,5,1,0.99220506892248383
160,10353,wdro_nominal_split_unconditional,160,4,1,0.96200537099687167
160,10354,nominal_single,160,2,1,0.81480377199879495
160,10354,nominal_split,160,2,1,0.81480377199879495
160,10354,wdro_single,160,4,1,0.99220506892248383
160,10354,wdro_nominal_split_unconditional,160,2,1,0.96200537099687167
160,10355,nominal_single,160,2,1,0.81480377199879495
160,10355,nominal_split,160,2,1,0.81480377199879495
160,10355,wdro_single,160,6,1,0.99220506892248383
160,10355,wdro_nominal_split_unconditional,160,3,1,0.96200537099687167
160,10356,nominal_single,160,0,0,0.81480377199879495
160,10356,nominal_split,160,0,0,0.81480377199879495
160,10356,wdro_single,160,4,1,0.99220506892248383
160,10356,wdro_nominal_split_unconditional,160,3,1,0.96200537099687167
160,10357,nominal_single,160,1,1,0.81480377199879495
160,10357,nominal_split,160,1,1,0.81480377199879495
160,10357,wdro_single,160,2,1,0.99220506892248383
160,10357,wdro_nominal_split_unconditional,160,2,1,0.96200537099687167
160,10358,nominal_single,160,0,0,0.81480377199879495
160,10358,nominal_split,160,0,0,0.81480377199879495
160,10358,wdro_single,160,4,1,0.99220506892248383
160,10358,wdro_nominal_split_unconditional,160,2,1,0.96200537099687167
160,10359,nominal_single,160,3,1,0.81480377199879495
160,10359,nominal_split,160,3,1,0.81480377199879495
160,10359,wdro_single,160,7,1,0.99220506892248383
160,10359,wdro_nominal_split_unconditional,160,6,1,0.96200537099687167
160,10360,nominal_single,160,3,1,0.81480377199879495
160,10360,nominal_split,160,3,1,0.81480377199879495
160,10360,wdro_single,160,6,1,0.99220506892248383
160,10360,wdro_nominal_split_unconditional,160,4,1,0.96200537099687167
160,10361,nominal_single,160,0,0,0.81480377199879495
160,10361,nominal_split,160,0,0,0.81480377199879495
160,10361,wdro_single,160,2,1,0.99220506892248383
160,10361,wdro_nominal_split_unconditional,160,2,1,0.96200537099687167
160,10362,nominal_single,160,3,1,0.81480377199879495
160,10362,nominal_split,160,3,1,0.81480377199879495
160,10362,wdro_single,160,5,1,0.99220506892248383
160,10362,wdro_nominal_split_unconditional,160,3,1,0.96200537099687167
160,10363,nominal_single,160,3,1,0.81480377199879495
160,10363,nominal_split,160,3,1,0.81480377199879495
160,10363,wdro_single,160,5,1,0.99220506892248383
160,10363,wdro_nominal_split_unconditional,160,4,1,0.96200537099687167
160,10364,nominal_single,160,0,0,0.81480377199879495
160,10364,nominal_split,160,0,0,0.81480377199879495
160,10364,wdro_single,160,3,1,0.99220506892248383
160,10364,wdro_nominal_split_unconditional,160,2,1,0.96200537099687167
160,10365,nominal_single,160,3,1,0.81480377199879495
160,10365,nominal_split,160,3,1,0.81480377199879495
160,10365,wdro_single,160,4,1,0.99220506892248383
160,10365,wdro_nominal_split_unconditional,160,4,1,0.96200537099687167
160,10366,nominal_single,160,0,0,0.81480377199879495
160,10366,nominal_split,160,0,0,0.81480377199879495
160,10366,wdro_single,160,3,1,0.99220506892248383
160,10366,wdro_nominal_split_unconditional,160,1,1,0.96200537099687167
160,10367,nominal_single,160,0,0,0.81480377199879495
160,10367,nominal_split,160,0,0,0.81480377199879495
160,10367,wdro_single,160,4,1,0.99220506892248383
160,10367,wdro_nominal_split_unconditional,160,3,1,0.96200537099687167
160,10368,nominal_single,160,1,1,0.81480377199879495
160,10368,nominal_split,160,1,1,0.81480377199879495
160,10368,wdro_single,160,7,1,0.99220506892248383
160,10368,wdro_nominal_split_unconditional,160,4,1,0.96200537099687167
160,10369,nominal_single,160,5,1,0.81480377199879495
160,10369,nominal_split,160,5,1,0.81480377199879495
160,10369,wdro_single,160,9,1,0.99220506892248383
160,10369,wdro_nominal_split_unconditional,160,8,1,0.96200537099687167
160,10370,nominal_single,160,1,1,0.81480377199879495
160,10370,nominal_split,160,1,1,0.81480377199879495
160,10370,wdro_single,160,5,1,0.99220506892248383
160,10370,wdro_nominal_split_unconditional,160,2,1,0.96200537099687167
160,10371,nominal_single,160,1,1,0.81480377199879495
160,10371,nominal_split,160,1,1,0.81480377199879495
160,10371,wdro_single,160,7,1,0.99220506892248383
160,10371,wdro_nominal_split_unconditional,160,3,1,0.96200537099687167
160,10372,nominal_single,160,1,1,0.81480377199879495
160,10372,nominal_split,160,1,1,0.81480377199879495
160,10372,wdro_single,160,7,1,0.99220506892248383
160,10372,wdro_nominal_split_unconditional,160,4,1,0.96200537099687167
160,10373,nominal_single,160,5,1,0.81480377199879495
160,10373,nominal_split,160,5,1,0.81480377199879495
160,10373,wdro_single,160,6,1,0.99220506892248383
160,10373,wdro_nominal_split_unconditional,160,5,1,0.96200537099687167
160,10374,nominal_single,160,1,1,0.81480377199879495
160,10374,nominal_split,160,1,1,0.81480377199879495
160,10374,wdro_single,160,4,1,0.99220506892248383
160,10374,wdro_nominal_split_unconditional,160,1,1,0.96200537099687167
160,10375,nominal_single,160,1,1,0.81480377199879495
160,10375,nominal_split,160,1,1,0.81480377199879495
160,10375,wdro_single,160,3,1,0.99220506892248383
160,10375,wdro_nominal_split_unconditional,160,1,1,0.96200537099687167
160,10376,nominal_single,160,2,1,0.81480377199879495
160,10376,nominal_split,160,2,1,0.81480377199879495
160,10376,wdro_single,160,3,1,0.99220506892248383
160,10376,wdro_nominal_split_unconditional,160,2,1,0.96200537099687167
160,10377,nominal_single,160,2,1,0.81480377199879495
160,10377,nominal_split,160,2,1,0.81480377199879495
160,10377,wdro_single,160,6,1,0.99220506892248383
160,10377,wdro_nominal_split_unconditional,160,4,1,0.96200537099687167
160,10378,nominal_single,160,2,1,0.81480377199879495
160,10378,nominal_split,160,2,1,0.81480377199879495
160,10378,wdro_single,160,4,1,0.99220506892248383
160,10378,wdro_nominal_split_unconditional,160,4,1,0.96200537099687167
160,10379,nominal_single,160,0,0,0.81480377199879495
160,10379,nominal_split,160,0,0,0.81480377199879495
160,10379,wdro_single,160,4,1,0.99220506892248383
160,10379,wdro_nominal_split_unconditional,160,1,1,0.96200537099687167
160,10380,nominal_single,160,2,1,0.81480377199879495
160,10380,nominal_split,160,2,1,0.81480377199879495
160,10380,wdro_single,160,8,1,0.99220506892248383
160,10380,wdro_nominal_split_unconditional,160,4,1,0.96200537099687167
160,10381,nominal_single,160,1,1,0.81480377199879495
160,10381,nominal_split,160,1,1,0.81480377199879495
160,10381,wdro_single,160,3,1,0.99220506892248383
160,10381,wdro_nominal_split_unconditional,160,3,1,0.96200537099687167
160,10382,nominal_single,160,2,1,0.81480377199879495
160,10382,nominal_split,160,2,1,0.81480377199879495
160,10382,wdro_single,160,4,1,0.99220506892248383
160,10382,wdro_nominal_split_unconditional,160,2,1,0.96200537099687167
160,10383,nominal_single,160,5,1,0.81480377199879495
160,10383,nominal_split,160,5,1,0.81480377199879495
160,10383,wdro_single,160,7,1,0.99220506892248383
160,10383,wdro_nominal_split_unconditional,160,6,1,0.96200537099687167
160,10384,nominal_single,160,2,1,0.81480377199879495
160,10384,nominal_split,160,2,1,0.81480377199879495
160,10384,wdro_single,160,7,1,0.99220506892248383
160,10384,wdro_nominal_split_unconditional,160,5,1,0.96200537099687167
160,10385,nominal_single,160,2,1,0.81480377199879495
160,10385,nominal_split,160,2,1,0.81480377199879495
160,10385,wdro_single,160,4,1,0.99220506892248383
160,10385,wdro_nominal_split_unconditional,160,4,1,0.96200537099687167
160,10386,nominal_single,160,2,1,0.81480377199879495
160,10386,nominal_split,160,2,1,0.81480377199879495
160,10386,wdro_single,160,8,1,0.99220506892248383
160,10386,wdro_nominal_split_unconditional,160,5,1,0.96200537099687167
160,10387,nominal_single,160,1,1,0.81480377199879495
160,10387,nominal_split,160,1,1,0.81480377199879495
160,10387,wdro_single,160,2,1,0.99220506892248383
160,10387,wdro_nominal_split_unconditional,160,2,1,0.96200537099687167
160,10388,nominal_single,160,3,1,0.81480377199879495
160,10388,nominal_split,160,3,1,0.81480377199879495
160,10388,wdro_single,160,5,1,0.99220506892248383
160,10388,wdro_nominal_split_unconditional,160,4,1,0.96200537099687167
160,10389,nominal_single,160,2,1,0.81480377199879495
160,10389,nominal_split,160,2,1,0.81480377199879495
160,10389,wdro_single,160,5,1,0.99220506892248383
160,10389,wdro_nominal_split_unconditional,160,2,1,0.96200537099687167
160,10390,nominal_single,160,3,1,0.81480377199879495
160,10390,nominal_split,160,3,1,0.81480377199879495
160,10390,wdro_single,160,6,1,0.99220506892248383
160,10390,wdro_nominal_split_unconditional,160,3,1,0.96200537099687167
160,10391,nominal_single,160,0,0,0.81480377199879495
160,10391,nominal_split,160,0,0,0.81480377199879495
160,10391,wdro_single,160,1,1,0.99220506892248383
160,10391,wdro_nominal_split_unconditional,160,0,0,0.96200537099687167
160,10392,nominal_single,160,2,1,0.81480377199879495
160,10392,nominal_split,160,2,1,0.81480377199879495
160,10392,wdro_single,160,9,1,0.99220506892248383
160,10392,wdro_nominal_split_unconditional,160,3,1,0.96200537099687167
160,10393,nominal_single,160,3,1,0.81480377199879495
160,10393,nominal_split,160,3,1,0.81480377199879495
160,10393,wdro_single,160,5,1,0.99220506892248383
160,10393,wdro_nominal_split_unconditional,160,4,1,0.96200537099687167
160,10394,nominal_single,160,2,1,0.81480377199879495
160,10394,nominal_split,160,2,1,0.81480377199879495
160,10394,wdro_single,160,4,1,0.99220506892248383
160,10394,wdro_nominal_split_unconditional,160,3,1,0.96200537099687167
160,10395,nominal_single,160,1,1,0.81480377199879495
160,10395,nominal_split,160,1,1,0.81480377199879495
160,10395,wdro_single,160,7,1,0.99220506892248383
160,10395,wdro_nominal_split_unconditional,160,2,1,0.96200537099687167
160,10396,nominal_single,160,0,0,0.81480377199879495
160,10396,nominal_split,160,0,0,0.81480377199879495
160,10396,wdro_single,160,5,1,0.99220506892248383
160,10396,wdro_nominal_split_unconditional,160,2,1,0.96200537099687167
160,10397,nominal_single,160,3,1,0.81480377199879495
160,10397,nominal_split,160,3,1,0.81480377199879495
160,10397,wdro_single,160,7,1,0.99220506892248383
160,10397,wdro_nominal_split_unconditional,160,5,1,0.96200537099687167
160,10398,nominal_single,160,1,1,0.81480377199879495
160,10398,nominal_split,160,1,1,0.81480377199879495
160,10398,wdro_single,160,5,1,0.99220506892248383
160,10398,wdro_nominal_split_unconditional,160,4,1,0.96200537099687167
160,10399,nominal_single,160,1,1,0.81480377199879495
160,10399,nominal_split,160,1,1,0.81480377199879495
160,10399,wdro_single,160,6,1,0.99220506892248383
160,10399,wdro_nominal_split_unconditional,160,3,1,0.96200537099687167
160,10400,nominal_single,160,1,1,0.81480377199879495
160,10400,nominal_split,160,1,1,0.81480377199879495
160,10400,wdro_single,160,3,1,0.99220506892248383
160,10400,wdro_nominal_split_unconditional,160,2,1,0.96200537099687167
160,10401,nominal_single,160,1,1,0.81480377199879495
160,10401,nominal_split,160,1,1,0.81480377199879495
160,10401,wdro_single,160,3,1,0.99220506892248383
160,10401,wdro_nominal_split_unconditional,160,1,1,0.96200537099687167
160,10402,nominal_single,160,3,1,0.81480377199879495
160,10402,nominal_split,160,3,1,0.81480377199879495
160,10402,wdro_single,160,6,1,0.99220506892248383
160,10402,wdro_nominal_split_unconditional,160,5,1,0.96200537099687167
160,10403,nominal_single,160,0,0,0.81480377199879495
160,10403,nominal_split,160,0,0,0.81480377199879495
160,10403,wdro_single,160,2,1,0.99220506892248383
160,10403,wdro_nominal_split_unconditional,160,1,1,0.96200537099687167
160,10404,nominal_single,160,3,1,0.81480377199879495
160,10404,nominal_split,160,3,1,0.81480377199879495
160,10404,wdro_single,160,6,1,0.99220506892248383
160,10404,wdro_nominal_split_unconditional,160,5,1,0.96200537099687167
160,10405,nominal_single,160,3,1,0.81480377199879495
160,10405,nominal_split,160,3,1,0.81480377199879495
160,10405,wdro_single,160,9,1,0.99220506892248383
160,10405,wdro_nominal_split_unconditional,160,6,1,0.96200537099687167
160,10406,nominal_single,160,1,1,0.81480377199879495
160,10406,nominal_split,160,1,1,0.81480377199879495
160,10406,wdro_single,160,3,1,0.99220506892248383
160,10406,wdro_nominal_split_unconditional,160,3,1,0.96200537099687167
160,10407,nominal_single,160,2,1,0.81480377199879495
160,10407,nominal_split,160,2,1,0.81480377199879495
160,10407,wdro_single,160,6,1,0.99220506892248383
160,10407,wdro_nominal_split_unconditional,160,6,1,0.96200537099687167
160,10408,nominal_single,160,0,0,0.81480377199879495
160,10408,nominal_split,160,0,0,0.81480377199879495
160,10408,wdro_single,160,3,1,0.99220506892248383
160,10408,wdro_nominal_split_unconditional,160,2,1,0.96200537099687167
160,10409,nominal_single,160,3,1,0.81480377199879495
160,10409,nominal_split,160,3,1,0.81480377199879495
160,10409,wdro_single,160,8,1,0.99220506892248383
160,10409,wdro_nominal_split_unconditional,160,5,1,0.96200537099687167
160,10410,nominal_single,160,1,1,0.81480377199879495
160,10410,nominal_split,160,1,1,0.81480377199879495
160,10410,wdro_single,160,5,1,0.99220506892248383
160,10410,wdro_nominal_split_unconditional,160,4,1,0.96200537099687167
160,10411,nominal_single,160,2,1,0.81480377199879495
160,10411,nominal_split,160,2,1,0.81480377199879495
160,10411,wdro_single,160,3,1,0.99220506892248383
160,10411,wdro_nominal_split_unconditional,160,3,1,0.96200537099687167
160,10412,nominal_single,160,4,1,0.81480377199879495
160,10412,nominal_split,160,4,1,0.81480377199879495
160,10412,wdro_single,160,6,1,0.99220506892248383
160,10412,wdro_nominal_split_unconditional,160,6,1,0.96200537099687167
160,10413,nominal_single,160,2,1,0.81480377199879495
160,10413,nominal_split,160,2,1,0.81480377199879495
160,10413,wdro_single,160,7,1,0.99220506892248383
160,10413,wdro_nominal_split_unconditional,160,4,1,0.96200537099687167
160,10414,nominal_single,160,2,1,0.81480377199879495
160,10414,nominal_split,160,2,1,0.81480377199879495
160,10414,wdro_single,160,5,1,0.99220506892248383
160,10414,wdro_nominal_split_unconditional,160,3,1,0.96200537099687167
160,10415,nominal_single,160,3,1,0.81480377199879495
160,10415,nominal_split,160,3,1,0.81480377199879495
160,10415,wdro_single,160,5,1,0.99220506892248383
160,10415,wdro_nominal_split_unconditional,160,3,1,0.96200537099687167
160,10416,nominal_single,160,1,1,0.81480377199879495
160,10416,nominal_split,160,1,1,0.81480377199879495
160,10416,wdro_single,160,4,1,0.99220506892248383
160,10416,wdro_nominal_split_unconditional,160,1,1,0.96200537099687167
160,10417,nominal_single,160,3,1,0.81480377199879495
160,10417,nominal_split,160,3,1,0.81480377199879495
160,10417,wdro_single,160,4,1,0.99220506892248383
160,10417,wdro_nominal_split_unconditional,160,4,1,0.96200537099687167
160,10418,nominal_single,160,2,1,0.81480377199879495
160,10418,nominal_split,160,2,1,0.81480377199879495
160,10418,wdro_single,160,6,1,0.99220506892248383
160,10418,wdro_nominal_split_unconditional,160,5,1,0.96200537099687167
160,10419,nominal_single,160,1,1,0.81480377199879495
160,10419,nominal_split,160,1,1,0.81480377199879495
160,10419,wdro_single,160,1,1,0.99220506892248383
160,10419,wdro_nominal_split_unconditional,160,1,1,0.96200537099687167
160,10420,nominal_single,160,0,0,0.81480377199879495
160,10420,nominal_split,160,0,0,0.81480377199879495
160,10420,wdro_single,160,5,1,0.99220506892248383
160,10420,wdro_nominal_split_unconditional,160,3,1,0.96200537099687167
160,10421,nominal_single,160,1,1,0.81480377199879495
160,10421,nominal_split,160,1,1,0.81480377199879495
160,10421,wdro_single,160,5,1,0.99220506892248383
160,10421,wdro_nominal_split_unconditional,160,4,1,0.96200537099687167
160,10422,nominal_single,160,0,0,0.81480377199879495
160,10422,nominal_split,160,0,0,0.81480377199879495
160,10422,wdro_single,160,3,1,0.99220506892248383
160,10422,wdro_nominal_split_unconditional,160,2,1,0.96200537099687167
160,10423,nominal_single,160,1,1,0.81480377199879495
160,10423,nominal_split,160,1,1,0.81480377199879495
160,10423,wdro_single,160,4,1,0.99220506892248383
160,10423,wdro_nominal_split_unconditional,160,3,1,0.96200537099687167
160,10424,nominal_single,160,0,0,0.81480377199879495
160,10424,nominal_split,160,0,0,0.81480377199879495
160,10424,wdro_single,160,3,1,0.99220506892248383
160,10424,wdro_nominal_split_unconditional,160,2,1,0.96200537099687167
160,10425,nominal_single,160,2,1,0.81480377199879495
160,10425,nominal_split,160,2,1,0.81480377199879495
160,10425,wdro_single,160,4,1,0.99220506892248383
160,10425,wdro_nominal_split_unconditional,160,4,1,0.96200537099687167
160,10426,nominal_single,160,3,1,0.81480377199879495
160,10426,nominal_split,160,3,1,0.81480377199879495
160,10426,wdro_single,160,7,1,0.99220506892248383
160,10426,wdro_nominal_split_unconditional,160,7,1,0.96200537099687167
160,10427,nominal_single,160,3,1,0.81480377199879495
160,10427,nominal_split,160,3,1,0.81480377199879495
160,10427,wdro_single,160,7,1,0.99220506892248383
160,10427,wdro_nominal_split_unconditional,160,6,1,0.96200537099687167
160,10428,nominal_single,160,3,1,0.81480377199879495
160,10428,nominal_split,160,3,1,0.81480377199879495
160,10428,wdro_single,160,4,1,0.99220506892248383
160,10428,wdro_nominal_split_unconditional,160,4,1,0.96200537099687167
160,10429,nominal_single,160,1,1,0.81480377199879495
160,10429,nominal_split,160,1,1,0.81480377199879495
160,10429,wdro_single,160,2,1,0.99220506892248383
160,10429,wdro_nominal_split_unconditional,160,2,1,0.96200537099687167
160,10430,nominal_single,160,0,0,0.81480377199879495
160,10430,nominal_split,160,0,0,0.81480377199879495
160,10430,wdro_single,160,1,1,0.99220506892248383
160,10430,wdro_nominal_split_unconditional,160,1,1,0.96200537099687167
160,10431,nominal_single,160,3,1,0.81480377199879495
160,10431,nominal_split,160,3,1,0.81480377199879495
160,10431,wdro_single,160,6,1,0.99220506892248383
160,10431,wdro_nominal_split_unconditional,160,4,1,0.96200537099687167
160,10432,nominal_single,160,3,1,0.81480377199879495
160,10432,nominal_split,160,3,1,0.81480377199879495
160,10432,wdro_single,160,6,1,0.99220506892248383
160,10432,wdro_nominal_split_unconditional,160,6,1,0.96200537099687167
160,10433,nominal_single,160,1,1,0.81480377199879495
160,10433,nominal_split,160,1,1,0.81480377199879495
160,10433,wdro_single,160,2,1,0.99220506892248383
160,10433,wdro_nominal_split_unconditional,160,1,1,0.96200537099687167
160,10434,nominal_single,160,2,1,0.81480377199879495
160,10434,nominal_split,160,2,1,0.81480377199879495
160,10434,wdro_single,160,3,1,0.99220506892248383
160,10434,wdro_nominal_split_unconditional,160,3,1,0.96200537099687167
160,10435,nominal_single,160,3,1,0.81480377199879495
160,10435,nominal_split,160,3,1,0.81480377199879495
160,10435,wdro_single,160,7,1,0.99220506892248383
160,10435,wdro_nominal_split_unconditional,160,6,1,0.96200537099687167
160,10436,nominal_single,160,1,1,0.81480377199879495
160,10436,nominal_split,160,1,1,0.81480377199879495
160,10436,wdro_single,160,3,1,0.99220506892248383
160,10436,wdro_nominal_split_unconditional,160,3,1,0.96200537099687167
160,10437,nominal_single,160,2,1,0.81480377199879495
160,10437,nominal_split,160,2,1,0.81480377199879495
160,10437,wdro_single,160,3,1,0.99220506892248383
160,10437,wdro_nominal_split_unconditional,160,3,1,0.96200537099687167
160,10438,nominal_single,160,1,1,0.81480377199879495
160,10438,nominal_split,160,1,1,0.81480377199879495
160,10438,wdro_single,160,7,1,0.99220506892248383
160,10438,wdro_nominal_split_unconditional,160,5,1,0.96200537099687167
160,10439,nominal_single,160,0,0,0.81480377199879495
160,10439,nominal_split,160,0,0,0.81480377199879495
160,10439,wdro_single,160,5,1,0.99220506892248383
160,10439,wdro_nominal_split_unconditional,160,1,1,0.96200537099687167
160,10440,nominal_single,160,2,1,0.81480377199879495
160,10440,nominal_split,160,2,1,0.81480377199879495
160,10440,wdro_single,160,4,1,0.99220506892248383
160,10440,wdro_nominal_split_unconditional,160,3,1,0.96200537099687167
160,10441,nominal_single,160,0,0,0.81480377199879495
160,10441,nominal_split,160,0,0,0.81480377199879495
160,10441,wdro_single,160,1,1,0.99220506892248383
160,10441,wdro_nominal_split_unconditional,160,1,1,0.96200537099687167
160,10442,nominal_single,160,4,1,0.81480377199879495
160,10442,nominal_split,160,4,1,0.81480377199879495
160,10442,wdro_single,160,11,1,0.99220506892248383
160,10442,wdro_nominal_split_unconditional,160,5,1,0.96200537099687167
160,10443,nominal_single,160,1,1,0.81480377199879495
160,10443,nominal_split,160,1,1,0.81480377199879495
160,10443,wdro_single,160,6,1,0.99220506892248383
160,10443,wdro_nominal_split_unconditional,160,5,1,0.96200537099687167
160,10444,nominal_single,160,3,1,0.81480377199879495
160,10444,nominal_split,160,3,1,0.81480377199879495
160,10444,wdro_single,160,8,1,0.99220506892248383
160,10444,wdro_nominal_split_unconditional,160,6,1,0.96200537099687167
160,10445,nominal_single,160,3,1,0.81480377199879495
160,10445,nominal_split,160,3,1,0.81480377199879495
160,10445,wdro_single,160,5,1,0.99220506892248383
160,10445,wdro_nominal_split_unconditional,160,5,1,0.96200537099687167
160,10446,nominal_single,160,1,1,0.81480377199879495
160,10446,nominal_split,160,1,1,0.81480377199879495
160,10446,wdro_single,160,7,1,0.99220506892248383
160,10446,wdro_nominal_split_unconditional,160,3,1,0.96200537099687167
160,10447,nominal_single,160,2,1,0.81480377199879495
160,10447,nominal_split,160,2,1,0.81480377199879495
160,10447,wdro_single,160,3,1,0.99220506892248383
160,10447,wdro_nominal_split_unconditional,160,3,1,0.96200537099687167
160,10448,nominal_single,160,0,0,0.81480377199879495
160,10448,nominal_split,160,0,0,0.81480377199879495
160,10448,wdro_single,160,2,1,0.99220506892248383
160,10448,wdro_nominal_split_unconditional,160,1,1,0.96200537099687167
160,10449,nominal_single,160,2,1,0.81480377199879495
160,10449,nominal_split,160,2,1,0.81480377199879495
160,10449,wdro_single,160,4,1,0.99220506892248383
160,10449,wdro_nominal_split_unconditional,160,3,1,0.96200537099687167
160,10450,nominal_single,160,2,1,0.81480377199879495
160,10450,nominal_split,160,2,1,0.81480377199879495
160,10450,wdro_single,160,3,1,0.99220506892248383
160,10450,wdro_nominal_split_unconditional,160,3,1,0.96200537099687167
160,10451,nominal_single,160,0,0,0.81480377199879495
160,10451,nominal_split,160,0,0,0.81480377199879495
160,10451,wdro_single,160,2,1,0.99220506892248383
160,10451,wdro_nominal_split_unconditional,160,2,1,0.96200537099687167
160,10452,nominal_single,160,1,1,0.81480377199879495
160,10452,nominal_split,160,1,1,0.81480377199879495
160,10452,wdro_single,160,3,1,0.99220506892248383
160,10452,wdro_nominal_split_unconditional,160,2,1,0.96200537099687167
160,10453,nominal_single,160,0,0,0.81480377199879495
160,10453,nominal_split,160,0,0,0.81480377199879495
160,10453,wdro_single,160,1,1,0.99220506892248383
160,10453,wdro_nominal_split_unconditional,160,1,1,0.96200537099687167
160,10454,nominal_single,160,1,1,0.81480377199879495
160,10454,nominal_split,160,1,1,0.81480377199879495
160,10454,wdro_single,160,3,1,0.99220506892248383
160,10454,wdro_nominal_split_unconditional,160,2,1,0.96200537099687167
160,10455,nominal_single,160,2,1,0.81480377199879495
160,10455,nominal_split,160,2,1,0.81480377199879495
160,10455,wdro_single,160,5,1,0.99220506892248383
160,10455,wdro_nominal_split_unconditional,160,3,1,0.96200537099687167
160,10456,nominal_single,160,6,1,0.81480377199879495
160,10456,nominal_split,160,6,1,0.81480377199879495
160,10456,wdro_single,160,10,1,0.99220506892248383
160,10456,wdro_nominal_split_unconditional,160,7,1,0.96200537099687167
160,10457,nominal_single,160,0,0,0.81480377199879495
160,10457,nominal_split,160,0,0,0.81480377199879495
160,10457,wdro_single,160,4,1,0.99220506892248383
160,10457,wdro_nominal_split_unconditional,160,2,1,0.96200537099687167
160,10458,nominal_single,160,1,1,0.81480377199879495
160,10458,nominal_split,160,1,1,0.81480377199879495
160,10458,wdro_single,160,3,1,0.99220506892248383
160,10458,wdro_nominal_split_unconditional,160,2,1,0.96200537099687167
160,10459,nominal_single,160,2,1,0.81480377199879495
160,10459,nominal_split,160,2,1,0.81480377199879495
160,10459,wdro_single,160,9,1,0.99220506892248383
160,10459,wdro_nominal_split_unconditional,160,2,1,0.96200537099687167
160,10460,nominal_single,160,3,1,0.81480377199879495
160,10460,nominal_split,160,3,1,0.81480377199879495
160,10460,wdro_single,160,5,1,0.99220506892248383
160,10460,wdro_nominal_split_unconditional,160,4,1,0.96200537099687167
160,10461,nominal_single,160,2,1,0.81480377199879495
160,10461,nominal_split,160,2,1,0.81480377199879495
160,10461,wdro_single,160,3,1,0.99220506892248383
160,10461,wdro_nominal_split_unconditional,160,3,1,0.96200537099687167
160,10462,nominal_single,160,0,0,0.81480377199879495
160,10462,nominal_split,160,0,0,0.81480377199879495
160,10462,wdro_single,160,3,1,0.99220506892248383
160,10462,wdro_nominal_split_unconditional,160,1,1,0.96200537099687167
160,10463,nominal_single,160,1,1,0.81480377199879495
160,10463,nominal_split,160,1,1,0.81480377199879495
160,10463,wdro_single,160,1,1,0.99220506892248383
160,10463,wdro_nominal_split_unconditional,160,1,1,0.96200537099687167
160,10464,nominal_single,160,2,1,0.81480377199879495
160,10464,nominal_split,160,2,1,0.81480377199879495
160,10464,wdro_single,160,3,1,0.99220506892248383
160,10464,wdro_nominal_split_unconditional,160,3,1,0.96200537099687167
160,10465,nominal_single,160,2,1,0.81480377199879495
160,10465,nominal_split,160,2,1,0.81480377199879495
160,10465,wdro_single,160,5,1,0.99220506892248383
160,10465,wdro_nominal_split_unconditional,160,3,1,0.96200537099687167
160,10466,nominal_single,160,1,1,0.81480377199879495
160,10466,nominal_split,160,1,1,0.81480377199879495
160,10466,wdro_single,160,3,1,0.99220506892248383
160,10466,wdro_nominal_split_unconditional,160,3,1,0.96200537099687167
160,10467,nominal_single,160,0,0,0.81480377199879495
160,10467,nominal_split,160,0,0,0.81480377199879495
160,10467,wdro_single,160,2,1,0.99220506892248383
160,10467,wdro_nominal_split_unconditional,160,1,1,0.96200537099687167
160,10468,nominal_single,160,0,0,0.81480377199879495
160,10468,nominal_split,160,0,0,0.81480377199879495
160,10468,wdro_single,160,0,0,0.99220506892248383
160,10468,wdro_nominal_split_unconditional,160,0,0,0.96200537099687167
160,10469,nominal_single,160,2,1,0.81480377199879495
160,10469,nominal_split,160,2,1,0.81480377199879495
160,10469,wdro_single,160,4,1,0.99220506892248383
160,10469,wdro_nominal_split_unconditional,160,2,1,0.96200537099687167
160,10470,nominal_single,160,1,1,0.81480377199879495
160,10470,nominal_split,160,1,1,0.81480377199879495
160,10470,wdro_single,160,4,1,0.99220506892248383
160,10470,wdro_nominal_split_unconditional,160,4,1,0.96200537099687167
160,10471,nominal_single,160,3,1,0.81480377199879495
160,10471,nominal_split,160,3,1,0.81480377199879495
160,10471,wdro_single,160,6,1,0.99220506892248383
160,10471,wdro_nominal_split_unconditional,160,5,1,0.96200537099687167
160,10472,nominal_single,160,0,0,0.81480377199879495
160,10472,nominal_split,160,0,0,0.81480377199879495
160,10472,wdro_single,160,1,1,0.99220506892248383
160,10472,wdro_nominal_split_unconditional,160,1,1,0.96200537099687167
160,10473,nominal_single,160,1,1,0.81480377199879495
160,10473,nominal_split,160,1,1,0.81480377199879495
160,10473,wdro_single,160,4,1,0.99220506892248383
160,10473,wdro_nominal_split_unconditional,160,3,1,0.96200537099687167
160,10474,nominal_single,160,1,1,0.81480377199879495
160,10474,nominal_split,160,1,1,0.81480377199879495
160,10474,wdro_single,160,4,1,0.99220506892248383
160,10474,wdro_nominal_split_unconditional,160,3,1,0.96200537099687167
160,10475,nominal_single,160,1,1,0.81480377199879495
160,10475,nominal_split,160,1,1,0.81480377199879495
160,10475,wdro_single,160,4,1,0.99220506892248383
160,10475,wdro_nominal_split_unconditional,160,4,1,0.96200537099687167
160,10476,nominal_single,160,2,1,0.81480377199879495
160,10476,nominal_split,160,2,1,0.81480377199879495
160,10476,wdro_single,160,5,1,0.99220506892248383
160,10476,wdro_nominal_split_unconditional,160,3,1,0.96200537099687167
160,10477,nominal_single,160,2,1,0.81480377199879495
160,10477,nominal_split,160,2,1,0.81480377199879495
160,10477,wdro_single,160,6,1,0.99220506892248383
160,10477,wdro_nominal_split_unconditional,160,4,1,0.96200537099687167
160,10478,nominal_single,160,2,1,0.81480377199879495
160,10478,nominal_split,160,2,1,0.81480377199879495
160,10478,wdro_single,160,4,1,0.99220506892248383
160,10478,wdro_nominal_split_unconditional,160,4,1,0.96200537099687167
160,10479,nominal_single,160,0,0,0.81480377199879495
160,10479,nominal_split,160,0,0,0.81480377199879495
160,10479,wdro_single,160,1,1,0.99220506892248383
160,10479,wdro_nominal_split_unconditional,160,0,0,0.96200537099687167
160,10480,nominal_single,160,1,1,0.81480377199879495
160,10480,nominal_split,160,1,1,0.81480377199879495
160,10480,wdro_single,160,3,1,0.99220506892248383
160,10480,wdro_nominal_split_unconditional,160,2,1,0.96200537099687167
160,10481,nominal_single,160,2,1,0.81480377199879495
160,10481,nominal_split,160,2,1,0.81480377199879495
160,10481,wdro_single,160,6,1,0.99220506892248383
160,10481,wdro_nominal_split_unconditional,160,3,1,0.96200537099687167
160,10482,nominal_single,160,1,1,0.81480377199879495
160,10482,nominal_split,160,1,1,0.81480377199879495
160,10482,wdro_single,160,4,1,0.99220506892248383
160,10482,wdro_nominal_split_unconditional,160,3,1,0.96200537099687167
160,10483,nominal_single,160,4,1,0.81480377199879495
160,10483,nominal_split,160,4,1,0.81480377199879495
160,10483,wdro_single,160,11,1,0.99220506892248383
160,10483,wdro_nominal_split_unconditional,160,6,1,0.96200537099687167
160,10484,nominal_single,160,2,1,0.81480377199879495
160,10484,nominal_split,160,2,1,0.81480377199879495
160,10484,wdro_single,160,5,1,0.99220506892248383
160,10484,wdro_nominal_split_unconditional,160,5,1,0.96200537099687167
160,10485,nominal_single,160,0,0,0.81480377199879495
160,10485,nominal_split,160,0,0,0.81480377199879495
160,10485,wdro_single,160,6,1,0.99220506892248383
160,10485,wdro_nominal_split_unconditional,160,2,1,0.96200537099687167
160,10486,nominal_single,160,1,1,0.81480377199879495
160,10486,nominal_split,160,1,1,0.81480377199879495
160,10486,wdro_single,160,5,1,0.99220506892248383
160,10486,wdro_nominal_split_unconditional,160,3,1,0.96200537099687167
160,10487,nominal_single,160,4,1,0.81480377199879495
160,10487,nominal_split,160,4,1,0.81480377199879495
160,10487,wdro_single,160,9,1,0.99220506892248383
160,10487,wdro_nominal_split_unconditional,160,4,1,0.96200537099687167
160,10488,nominal_single,160,1,1,0.81480377199879495
160,10488,nominal_split,160,1,1,0.81480377199879495
160,10488,wdro_single,160,5,1,0.99220506892248383
160,10488,wdro_nominal_split_unconditional,160,3,1,0.96200537099687167
160,10489,nominal_single,160,3,1,0.81480377199879495
160,10489,nominal_split,160,3,1,0.81480377199879495
160,10489,wdro_single,160,6,1,0.99220506892248383
160,10489,wdro_nominal_split_unconditional,160,4,1,0.96200537099687167
160,10490,nominal_single,160,1,1,0.81480377199879495
160,10490,nominal_split,160,1,1,0.81480377199879495
160,10490,wdro_single,160,6,1,0.99220506892248383
160,10490,wdro_nominal_split_unconditional,160,4,1,0.96200537099687167
160,10491,nominal_single,160,3,1,0.81480377199879495
160,10491,nominal_split,160,3,1,0.81480377199879495
160,10491,wdro_single,160,3,1,0.99220506892248383
160,10491,wdro_nominal_split_unconditional,160,3,1,0.96200537099687167
160,10492,nominal_single,160,0,0,0.81480377199879495
160,10492,nominal_split,160,0,0,0.81480377199879495
160,10492,wdro_single,160,3,1,0.99220506892248383
160,10492,wdro_nominal_split_unconditional,160,2,1,0.96200537099687167
160,10493,nominal_single,160,2,1,0.81480377199879495
160,10493,nominal_split,160,2,1,0.81480377199879495
160,10493,wdro_single,160,3,1,0.99220506892248383
160,10493,wdro_nominal_split_unconditional,160,3,1,0.96200537099687167
160,10494,nominal_single,160,5,1,0.81480377199879495
160,10494,nominal_split,160,5,1,0.81480377199879495
160,10494,wdro_single,160,8,1,0.99220506892248383
160,10494,wdro_nominal_split_unconditional,160,6,1,0.96200537099687167
160,10495,nominal_single,160,1,1,0.81480377199879495
160,10495,nominal_split,160,1,1,0.81480377199879495
160,10495,wdro_single,160,3,1,0.99220506892248383
160,10495,wdro_nominal_split_unconditional,160,3,1,0.96200537099687167
160,10496,nominal_single,160,2,1,0.81480377199879495
160,10496,nominal_split,160,2,1,0.81480377199879495
160,10496,wdro_single,160,5,1,0.99220506892248383
160,10496,wdro_nominal_split_unconditional,160,4,1,0.96200537099687167
160,10497,nominal_single,160,1,1,0.81480377199879495
160,10497,nominal_split,160,1,1,0.81480377199879495
160,10497,wdro_single,160,4,1,0.99220506892248383
160,10497,wdro_nominal_split_unconditional,160,3,1,0.96200537099687167
160,10498,nominal_single,160,3,1,0.81480377199879495
160,10498,nominal_split,160,3,1,0.81480377199879495
160,10498,wdro_single,160,3,1,0.99220506892248383
160,10498,wdro_nominal_split_unconditional,160,3,1,0.96200537099687167
160,10499,nominal_single,160,2,1,0.81480377199879495
160,10499,nominal_split,160,2,1,0.81480377199879495
160,10499,wdro_single,160,7,1,0.99220506892248383
160,10499,wdro_nominal_split_unconditional,160,2,1,0.96200537099687167
160,10500,nominal_single,160,1,1,0.81480377199879495
160,10500,nominal_split,160,1,1,0.81480377199879495
160,10500,wdro_single,160,2,1,0.99220506892248383
160,10500,wdro_nominal_split_unconditional,160,1,1,0.96200537099687167
