[EVAL SAFETY] step=0 min_center_distance=3.00065 min_clearance=2.05065 collision_this_step=0 collision_run=0 collision_radius=0.95
[DRO SUMMARY] step=1 obstacle=0 S=40 rho=0.00798127 rho_raw=0.00798127 D_max=0.0115351 D_min=0.00578169 tv_bound=1 eta=0.691912 eta_raw=0.691912 radius_m=1 radius_d=3 transport_cost=0 budget_usage=0 lambda=0 q_support=3 nominal_risk=0 qstar_risk=0 risk_lift=0 tv=0
[DRO MODE] step=1 obstacle=0 mode=constant_velocity p=0.2 risk=0 q=0.2 delta_q=0 q_times_S=8
[DRO MODE] step=1 obstacle=0 mode=turn_left p=0.2 risk=0 q=0.2 delta_q=0 q_times_S=8
[DRO MODE] step=1 obstacle=0 mode=turn_right p=0.6 risk=0 q=0.6 delta_q=0 q_times_S=24
[DRO SAMPLE] step=1 obstacle=0 mode=constant_velocity q=0.2 q_times_S=8 first_count=6 first_fraction=0.15 occupancy=48 occupancy_fraction=0.15
[DRO SAMPLE] step=1 obstacle=0 mode=turn_left q=0.2 q_times_S=8 first_count=9 first_fraction=0.225 occupancy=72 occupancy_fraction=0.225
[DRO SAMPLE] step=1 obstacle=0 mode=turn_right q=0.6 q_times_S=24 first_count=25 first_fraction=0.625 occupancy=200 occupancy_fraction=0.625
[FREE POLY] k=1 disc=0 raw=40 facets=0 vertices=4 rho=4.8 anchor_shift=0
[FREE POLY] k=1 disc=1 raw=40 facets=0 vertices=4 rho=0.800001 anchor_shift=0
[FREE POLY] k=1 disc=2 raw=40 facets=3 vertices=6 rho=4.8 anchor_shift=0
[FREE POLY] k=2 disc=0 raw=40 facets=0 vertices=4 rho=5.6 anchor_shift=0
[FREE POLY] k=2 disc=1 raw=40 facets=0 vertices=4 rho=1.6 anchor_shift=0
[FREE POLY] k=2 disc=2 raw=40 facets=4 vertices=7 rho=5.6 anchor_shift=0
[FREE POLY] k=3 disc=0 raw=40 facets=3 vertices=6 rho=6.4 anchor_shift=0
[FREE POLY] k=3 disc=1 raw=40 facets=0 vertices=4 rho=2.4 anchor_shift=0
[FREE POLY] k=3 disc=2 raw=40 facets=3 vertices=6 rho=6.4 anchor_shift=0
[FREE POLY] k=4 disc=0 raw=40 facets=2 vertices=5 rho=7.2 anchor_shift=0
[FREE POLY] k=4 disc=1 raw=40 facets=0 vertices=4 rho=3.2 anchor_shift=0
[FREE POLY] k=4 disc=2 raw=40 facets=4 vertices=7 rho=7.2 anchor_shift=0
[FREE POLY] k=5 disc=0 raw=40 facets=3 vertices=6 rho=8 anchor_shift=0
[FREE POLY] k=5 disc=1 raw=40 facets=3 vertices=6 rho=4 anchor_shift=0
[FREE POLY] k=5 disc=2 raw=40 facets=4 vertices=7 rho=8 anchor_shift=0
[FREE POLY] k=6 disc=0 raw=40 facets=3 vertices=6 rho=8.8 anchor_shift=0
[FREE POLY] k=6 disc=1 raw=40 facets=3 vertices=6 rho=4.8 anchor_shift=0
[FREE POLY] k=6 disc=2 raw=40 facets=3 vertices=6 rho=8.8 anchor_shift=0
[FREE POLY] k=7 disc=0 raw=40 facets=3 vertices=6 rho=9.6 anchor_shift=0
[FREE POLY] k=7 disc=1 raw=40 facets=3 vertices=6 rho=5.6 anchor_shift=0
[FREE POLY] k=7 disc=2 raw=40 facets=4 vertices=7 rho=9.6 anchor_shift=0
[FREE POLY] k=8 disc=0 raw=40 facets=4 vertices=7 rho=10.4 anchor_shift=0
[FREE POLY] k=8 disc=1 raw=40 facets=4 vertices=7 rho=6.4 anchor_shift=0
[FREE POLY] k=8 disc=2 raw=40 facets=4 vertices=7 rho=10.4 anchor_shift=0
[RF SUPPORT SEED] removed=0 support_limit=-1
[SQP] before_solve iter=0 vars=16 constraints=92 max_d=-0.680723
[QP WORST] iter=0 row=59 type=collision d=-0.680723
[QP WORST COLLISION] scenario=34 k=8 obstacle=0 disc=2
[SQP] after_solve iter=0 converged=1 status=0 iterations=3 primal_residual=4.44089e-16 dual_residual=1.76212e-05 x_size=16 x_finite=1
[SQP LINESEARCH] iter=0 current_violation=0 accepted_violation=0 accepted=1 alpha=1 delta_u_norm=1.50278
[SQP SUPPORT] iter=0 support_size=0 support_limit=-1 support_ok=1
[SQP] before_solve iter=1 vars=16 constraints=92 max_d=-0.522958
[QP WORST] iter=1 row=59 type=collision d=-0.522958
[QP WORST COLLISION] scenario=34 k=8 obstacle=0 disc=2
[SQP] after_solve iter=1 converged=1 status=0 iterations=4 primal_residual=4.57967e-16 dual_residual=2.23163e-09 x_size=16 x_finite=1
[SQP LINESEARCH] iter=1 current_violation=0 accepted_violation=0 accepted=1 alpha=1 delta_u_norm=0.872934
[SQP SUPPORT] iter=1 support_size=0 support_limit=-1 support_ok=1
[SQP] before_solve iter=2 vars=16 constraints=92 max_d=-0.470439
[QP WORST] iter=2 row=59 type=collision d=-0.470439
[QP WORST COLLISION] scenario=34 k=8 obstacle=0 disc=2
[SQP] after_solve iter=2 converged=1 status=0 iterations=4 primal_residual=3.88578e-16 dual_residual=1.80307e-05 x_size=16 x_finite=1
[SQP LINESEARCH] iter=2 current_violation=0 accepted_violation=0 accepted=1 alpha=1 delta_u_norm=0.647101
[SQP SUPPORT] iter=2 support_size=0 support_limit=-1 support_ok=1
[SQP] before_solve iter=3 vars=16 constraints=92 max_d=-0.44806
[QP WORST] iter=3 row=59 type=collision d=-0.44806
[QP WORST COLLISION] scenario=34 k=8 obstacle=0 disc=2
[SQP] after_solve iter=3 converged=1 status=0 iterations=4 primal_residual=4.44089e-16 dual_residual=5.4691e-07 x_size=16 x_finite=1
[SQP LINESEARCH] iter=3 current_violation=0 accepted_violation=0 accepted=1 alpha=1 delta_u_norm=0.370769
[SQP SUPPORT] iter=3 support_size=0 support_limit=-1 support_ok=1
[SQP] before_solve iter=4 vars=16 constraints=92 max_d=-0.442603
[QP WORST] iter=4 row=59 type=collision d=-0.442603
[QP WORST COLLISION] scenario=34 k=8 obstacle=0 disc=2
[SQP] after_solve iter=4 converged=1 status=0 iterations=3 primal_residual=3.65411e-09 dual_residual=5.88195e-05 x_size=16 x_finite=1
[SQP LINESEARCH] iter=4 current_violation=0 accepted_violation=0 accepted=1 alpha=1 delta_u_norm=0.259818
[SQP SUPPORT] iter=4 support_size=0 support_limit=-1 support_ok=1
[SQP] before_solve iter=5 vars=16 constraints=92 max_d=-0.442179
[QP WORST] iter=5 row=59 type=collision d=-0.442179
[QP WORST COLLISION] scenario=34 k=8 obstacle=0 disc=2
[SQP] after_solve iter=5 converged=1 status=0 iterations=3 primal_residual=3.2197e-09 dual_residual=4.93425e-05 x_size=16 x_finite=1
[SQP LINESEARCH] iter=5 current_violation=0 accepted_violation=0 accepted=1 alpha=1 delta_u_norm=0.216738
[SQP SUPPORT] iter=5 support_size=0 support_limit=-1 support_ok=1
[SQP] before_solve iter=6 vars=16 constraints=92 max_d=-0.439934
[QP WORST] iter=6 row=59 type=collision d=-0.439934
[QP WORST COLLISION] scenario=34 k=8 obstacle=0 disc=2
[SQP] after_solve iter=6 converged=1 status=0 iterations=3 primal_residual=2.91796e-09 dual_residual=4.28208e-05 x_size=16 x_finite=1
[SQP LINESEARCH] iter=6 current_violation=0 accepted_violation=0 accepted=1 alpha=1 delta_u_norm=0.184868
[SQP SUPPORT] iter=6 support_size=0 support_limit=-1 support_ok=1
[SQP] before_solve iter=7 vars=16 constraints=92 max_d=-0.437543
[QP WORST] iter=7 row=59 type=collision d=-0.437543
[QP WORST COLLISION] scenario=34 k=8 obstacle=0 disc=2
[SQP] after_solve iter=7 converged=1 status=0 iterations=3 primal_residual=2.63699e-09 dual_residual=3.76893e-05 x_size=16 x_finite=1
[SQP LINESEARCH] iter=7 current_violation=0 accepted_violation=0 accepted=1 alpha=1 delta_u_norm=0.160445
[SQP SUPPORT] iter=7 support_size=0 support_limit=-1 support_ok=1
[SQP] before_solve iter=8 vars=16 constraints=92 max_d=-0.435412
[QP WORST] iter=8 row=59 type=collision d=-0.435412
[QP WORST COLLISION] scenario=34 k=8 obstacle=0 disc=2
[SQP] after_solve iter=8 converged=1 status=0 iterations=3 primal_residual=2.3742e-09 dual_residual=3.33662e-05 x_size=16 x_finite=1
[SQP LINESEARCH] iter=8 current_violation=0 accepted_violation=0 accepted=1 alpha=1 delta_u_norm=0.141571
[SQP SUPPORT] iter=8 support_size=0 support_limit=-1 support_ok=1
[SQP] before_solve iter=9 vars=16 constraints=92 max_d=-0.433606
[QP WORST] iter=9 row=59 type=collision d=-0.433606
[QP WORST COLLISION] scenario=34 k=8 obstacle=0 disc=2
[SQP] after_solve iter=9 converged=1 status=0 iterations=3 primal_residual=2.13608e-09 dual_residual=2.96435e-05 x_size=16 x_finite=1
[SQP LINESEARCH] iter=9 current_violation=0 accepted_violation=0 accepted=1 alpha=1 delta_u_norm=0.126864
[SQP SUPPORT] iter=9 support_size=0 support_limit=-1 support_ok=1
[SQP FINAL] final_violation=0 violated_constraints=0
[SUPPORT FINAL] sqp_union=0 final_active=0 support_limit=-1
[SUPPORT FINAL IDS]
[SUPPORT UNION IDS]
[COLD START RECOVERY CHECK] ordinary_sqp_failed=0 seed_available=0 incompatible=0 try_homotopy=0
[HARNESS RESULT] step=0 success=1 controls=8 first_input_present=1
[MPC STEP METRICS] step=0 applied=1 success=1 fallback=0 a=2.99925 omega=4.79088e-09 dt=0.1 acceleration_weight=0.1 steering_weight=0.1 control_cost_unweighted=8.99548 control_cost_weighted=0.899548 mpc_cost=-15.9486 solve_time=0.0428899 qp_solve_time=0.0257042 constraint_time=0.00934391 dro_risk_time=0.000606906 ambiguity_radius=0.00798127 certificate=not_requested
[EVAL SAFETY] step=1 min_center_distance=2.84853 min_clearance=1.89853 collision_this_step=0 collision_run=0 collision_radius=0.95
[PATH COMPLETION] step=1 completion_progress=0.164996 path_length=25 fraction=0.00659985 required_fraction=0.95 termination_enabled=1 completed=0
[DRO SUMMARY] step=2 obstacle=0 S=40 rho=0.00686966 rho_raw=0.00686966 D_max=0.0115351 D_min=0.00578169 tv_bound=1 eta=0.595544 eta_raw=0.595544 radius_m=2 radius_d=3 transport_cost=0 budget_usage=0 lambda=0 q_support=3 nominal_risk=0 qstar_risk=0 risk_lift=0 tv=0
[DRO MODE] step=2 obstacle=0 mode=constant_velocity p=0.428571 risk=0 q=0.428571 delta_q=0 q_times_S=17.1429
[DRO MODE] step=2 obstacle=0 mode=turn_left p=0.142857 risk=0 q=0.142857 delta_q=0 q_times_S=5.71429
[DRO MODE] step=2 obstacle=0 mode=turn_right p=0.428571 risk=0 q=0.428571 delta_q=0 q_times_S=17.1429
[DRO SAMPLE] step=2 obstacle=0 mode=constant_velocity q=0.428571 q_times_S=17.1429 first_count=18 first_fraction=0.45 occupancy=144 occupancy_fraction=0.45
[DRO SAMPLE] step=2 obstacle=0 mode=turn_left q=0.142857 q_times_S=5.71429 first_count=5 first_fraction=0.125 occupancy=40 occupancy_fraction=0.125
[DRO SAMPLE] step=2 obstacle=0 mode=turn_right q=0.428571 q_times_S=17.1429 first_count=17 first_fraction=0.425 occupancy=136 occupancy_fraction=0.425
[RF BACKUP] available=1 controls=8 states=9
[FREE POLY] k=1 disc=0 raw=40 facets=0 vertices=4 rho=4.8 anchor_shift=0
[FREE POLY] k=1 disc=1 raw=40 facets=0 vertices=4 rho=0.800001 anchor_shift=0
[FREE POLY] k=1 disc=2 raw=40 facets=4 vertices=7 rho=4.8 anchor_shift=0
[FREE POLY] k=2 disc=0 raw=40 facets=2 vertices=5 rho=5.6 anchor_shift=0
[FREE POLY] k=2 disc=1 raw=40 facets=0 vertices=4 rho=1.6 anchor_shift=0
[FREE POLY] k=2 disc=2 raw=40 facets=2 vertices=5 rho=5.6 anchor_shift=0
[FREE POLY] k=3 disc=0 raw=40 facets=2 vertices=5 rho=6.4 anchor_shift=0
[FREE POLY] k=3 disc=1 raw=40 facets=0 vertices=4 rho=2.4 anchor_shift=0
[FREE POLY] k=3 disc=2 raw=40 facets=2 vertices=5 rho=6.4 anchor_shift=0
[FREE POLY] k=4 disc=0 raw=40 facets=2 vertices=5 rho=7.2 anchor_shift=0
[FREE POLY] k=4 disc=1 raw=40 facets=2 vertices=5 rho=3.2 anchor_shift=0
[FREE POLY] k=4 disc=2 raw=40 facets=4 vertices=7 rho=7.2 anchor_shift=0
[FREE POLY] k=5 disc=0 raw=40 facets=2 vertices=5 rho=8 anchor_shift=0
[FREE POLY] k=5 disc=1 raw=40 facets=2 vertices=5 rho=4 anchor_shift=0
[FREE POLY] k=5 disc=2 raw=40 facets=4 vertices=7 rho=8 anchor_shift=0
[FREE POLY] k=6 disc=0 raw=40 facets=2 vertices=5 rho=8.8 anchor_shift=0
[FREE POLY] k=6 disc=1 raw=40 facets=2 vertices=5 rho=4.8 anchor_shift=0
[FREE POLY] k=6 disc=2 raw=40 facets=4 vertices=7 rho=8.8 anchor_shift=0
[FREE POLY] k=7 disc=0 raw=40 facets=3 vertices=6 rho=9.6 anchor_shift=0
[FREE POLY] k=7 disc=1 raw=40 facets=3 vertices=6 rho=5.6 anchor_shift=0
[FREE POLY] k=7 disc=2 raw=40 facets=4 vertices=7 rho=9.6 anchor_shift=0
[FREE POLY] k=8 disc=0 raw=40 facets=5 vertices=8 rho=10.4 anchor_shift=0
[FREE POLY] k=8 disc=1 raw=40 facets=5 vertices=8 rho=6.4 anchor_shift=0
[FREE POLY] k=8 disc=2 raw=40 facets=5 vertices=8 rho=10.4 anchor_shift=0
[RF SUPPORT SEED] removed=0 support_limit=-1
[SQP] before_solve iter=0 vars=16 constraints=93 max_d=-0.222647
[QP WORST] iter=0 row=56 type=collision d=-0.222647
[QP WORST COLLISION] scenario=3 k=8 obstacle=0 disc=2
[SQP] after_solve iter=0 converged=1 status=0 iterations=3 primal_residual=4.44089e-16 dual_residual=1.20155e-07 x_size=16 x_finite=1
[SQP LINESEARCH] iter=0 current_violation=0 accepted_violation=0 accepted=1 alpha=1 delta_u_norm=0.213588
[SQP SUPPORT] iter=0 support_size=0 support_limit=-1 support_ok=1
[SQP] before_solve iter=1 vars=16 constraints=93 max_d=-0.205693
[QP WORST] iter=1 row=56 type=collision d=-0.205693
[QP WORST COLLISION] scenario=3 k=8 obstacle=0 disc=2
[SQP] after_solve iter=1 converged=1 status=0 iterations=3 primal_residual=4.12864e-16 dual_residual=2.44243e-08 x_size=16 x_finite=1
[SQP LINESEARCH] iter=1 current_violation=0 accepted_violation=0 accepted=1 alpha=1 delta_u_norm=0.163297
[SQP SUPPORT] iter=1 support_size=0 support_limit=-1 support_ok=1
[SQP] before_solve iter=2 vars=16 constraints=93 max_d=-0.201022
[QP WORST] iter=2 row=56 type=collision d=-0.201022
[QP WORST COLLISION] scenario=3 k=8 obstacle=0 disc=2
[SQP] after_solve iter=2 converged=1 status=0 iterations=3 primal_residual=4.26525e-16 dual_residual=1.40695e-08 x_size=16 x_finite=1
[SQP LINESEARCH] iter=2 current_violation=0 accepted_violation=0 accepted=1 alpha=1 delta_u_norm=0.151168
[SQP SUPPORT] iter=2 support_size=0 support_limit=-1 support_ok=1
[SQP] before_solve iter=3 vars=16 constraints=93 max_d=-0.199539
[QP WORST] iter=3 row=56 type=collision d=-0.199539
[QP WORST COLLISION] scenario=3 k=8 obstacle=0 disc=2
[SQP] after_solve iter=3 converged=1 status=0 iterations=3 primal_residual=4.09395e-16 dual_residual=1.4081e-08 x_size=16 x_finite=1
[SQP LINESEARCH] iter=3 current_violation=0 accepted_violation=0 accepted=1 alpha=1 delta_u_norm=0.142763
[SQP SUPPORT] iter=3 support_size=0 support_limit=-1 support_ok=1
[SQP] before_solve iter=4 vars=16 constraints=93 max_d=-0.198878
[QP WORST] iter=4 row=56 type=collision d=-0.198878
[QP WORST COLLISION] scenario=3 k=8 obstacle=0 disc=2
[SQP] after_solve iter=4 converged=1 status=0 iterations=3 primal_residual=4.41921e-16 dual_residual=1.70159e-08 x_size=16 x_finite=1
[SQP LINESEARCH] iter=4 current_violation=0 accepted_violation=0 accepted=1 alpha=1 delta_u_norm=0.135148
[SQP SUPPORT] iter=4 support_size=0 support_limit=-1 support_ok=1
[SQP] before_solve iter=5 vars=16 constraints=93 max_d=-0.198426
[QP WORST] iter=5 row=56 type=collision d=-0.198426
[QP WORST COLLISION] scenario=3 k=8 obstacle=0 disc=2
[SQP] after_solve iter=5 converged=1 status=0 iterations=3 primal_residual=4.40837e-16 dual_residual=2.17784e-08 x_size=16 x_finite=1
[SQP LINESEARCH] iter=5 current_violation=0 accepted_violation=0 accepted=1 alpha=1 delta_u_norm=0.128058
[SQP SUPPORT] iter=5 support_size=0 support_limit=-1 support_ok=1
[SQP] before_solve iter=6 vars=16 constraints=93 max_d=-0.19803
[QP WORST] iter=6 row=56 type=collision d=-0.19803
[QP WORST COLLISION] scenario=3 k=8 obstacle=0 disc=2
[SQP] after_solve iter=6 converged=1 status=0 iterations=3 primal_residual=4.23923e-16 dual_residual=2.85069e-08 x_size=16 x_finite=1
[SQP LINESEARCH] iter=6 current_violation=0 accepted_violation=0 accepted=1 alpha=1 delta_u_norm=0.121431
[SQP SUPPORT] iter=6 support_size=0 support_limit=-1 support_ok=1
[SQP] before_solve iter=7 vars=16 constraints=93 max_d=-0.197652
[QP WORST] iter=7 row=56 type=collision d=-0.197652
[QP WORST COLLISION] scenario=3 k=8 obstacle=0 disc=2
[SQP] after_solve iter=7 converged=1 status=0 iterations=3 primal_residual=4.09178e-16 dual_residual=3.78781e-08 x_size=16 x_finite=1
[SQP LINESEARCH] iter=7 current_violation=0 accepted_violation=0 accepted=1 alpha=1 delta_u_norm=0.115226
[SQP SUPPORT] iter=7 support_size=0 support_limit=-1 support_ok=1
[SQP] before_solve iter=8 vars=16 constraints=93 max_d=-0.197285
[QP WORST] iter=8 row=56 type=collision d=-0.197285
[QP WORST COLLISION] scenario=3 k=8 obstacle=0 disc=2
[SQP] after_solve iter=8 converged=1 status=0 iterations=3 primal_residual=4.39752e-16 dual_residual=5.1058e-08 x_size=16 x_finite=1
[SQP LINESEARCH] iter=8 current_violation=0 accepted_violation=0 accepted=1 alpha=1 delta_u_norm=0.10941
[SQP SUPPORT] iter=8 support_size=0 support_limit=-1 support_ok=1
[SQP] before_solve iter=9 vars=16 constraints=93 max_d=-0.196929
[QP WORST] iter=9 row=56 type=collision d=-0.196929
[QP WORST COLLISION] scenario=3 k=8 obstacle=0 disc=2
[SQP] after_solve iter=9 converged=1 status=0 iterations=3 primal_residual=4.43113e-16 dual_residual=6.98667e-08 x_size=16 x_finite=1
[SQP LINESEARCH] iter=9 current_violation=0 accepted_violation=0 accepted=1 alpha=1 delta_u_norm=0.103953
[SQP SUPPORT] iter=9 support_size=0 support_limit=-1 support_ok=1
[SQP FINAL] final_violation=0 violated_constraints=0
[SUPPORT FINAL] sqp_union=0 final_active=0 support_limit=-1
[SUPPORT FINAL IDS]
[SUPPORT UNION IDS]
[COLD START RECOVERY CHECK] ordinary_sqp_failed=0 seed_available=1 incompatible=0 try_homotopy=0
[HARNESS RESULT] step=1 success=1 controls=8 first_input_present=1
[MPC STEP METRICS] step=1 applied=1 success=1 fallback=0 a=2.7531 omega=-5.86861e-09 dt=0.1 acceleration_weight=0.1 steering_weight=0.1 control_cost_unweighted=7.57957 control_cost_weighted=0.757957 mpc_cost=-16.8719 solve_time=0.0373683 qp_solve_time=0.0249172 constraint_time=0.00644345 dro_risk_time=0.000405129 ambiguity_radius=0.00686966 certificate=not_requested
[EVAL SAFETY] step=2 min_center_distance=2.66767 min_clearance=1.71767 collision_this_step=0 collision_run=0 collision_radius=0.95
[DRO SUMMARY] step=3 obstacle=0 S=40 rho=0.00586887 rho_raw=0.00586887 D_max=0.0115351 D_min=0.00578169 tv_bound=1 eta=0.508784 eta_raw=0.508784 radius_m=3 radius_d=3 transport_cost=0.00449373 budget_usage=0.765688 lambda=0 q_support=1 nominal_risk=0.023652 qstar_risk=0.0249921 risk_lift=0.00134012 tv=0.666667
[DRO MODE] step=3 obstacle=0 mode=constant_velocity p=0.555556 risk=0.0230354 q=0 delta_q=-0.555556 q_times_S=0
[DRO MODE] step=3 obstacle=0 mode=turn_left p=0.111111 risk=0.0227147 q=0 delta_q=-0.111111 q_times_S=0
[DRO MODE] step=3 obstacle=0 mode=turn_right p=0.333333 risk=0.0249921 q=1 delta_q=0.666667 q_times_S=40
[DRO SAMPLE] step=3 obstacle=0 mode=constant_velocity q=0 q_times_S=0 first_count=0 first_fraction=0 occupancy=0 occupancy_fraction=0
[DRO SAMPLE] step=3 obstacle=0 mode=turn_left q=0 q_times_S=0 first_count=0 first_fraction=0 occupancy=0 occupancy_fraction=0
[DRO SAMPLE] step=3 obstacle=0 mode=turn_right q=1 q_times_S=40 first_count=40 first_fraction=1 occupancy=320 occupancy_fraction=1
[RF BACKUP] available=1 controls=8 states=9
[FREE POLY] k=1 disc=0 raw=40 facets=0 vertices=4 rho=4.8 anchor_shift=0
[FREE POLY] k=1 disc=1 raw=40 facets=0 vertices=4 rho=0.800001 anchor_shift=0
[FREE POLY] k=1 disc=2 raw=40 facets=3 vertices=6 rho=4.8 anchor_shift=0
[FREE POLY] k=2 disc=0 raw=40 facets=1 vertices=4 rho=5.6 anchor_shift=0
[FREE POLY] k=2 disc=1 raw=40 facets=0 vertices=4 rho=1.6 anchor_shift=0
[FREE POLY] k=2 disc=2 raw=40 facets=2 vertices=5 rho=5.6 anchor_shift=0
[FREE POLY] k=3 disc=0 raw=40 facets=2 vertices=5 rho=6.4 anchor_shift=0
[FREE POLY] k=3 disc=1 raw=40 facets=0 vertices=4 rho=2.4 anchor_shift=0
[FREE POLY] k=3 disc=2 raw=40 facets=3 vertices=6 rho=6.4 anchor_shift=0
[FREE POLY] k=4 disc=0 raw=40 facets=2 vertices=5 rho=7.2 anchor_shift=0
[FREE POLY] k=4 disc=1 raw=40 facets=2 vertices=5 rho=3.2 anchor_shift=0
[FREE POLY] k=4 disc=2 raw=40 facets=3 vertices=6 rho=7.2 anchor_shift=0
[FREE POLY] k=5 disc=0 raw=40 facets=3 vertices=6 rho=8 anchor_shift=0
[FREE POLY] k=5 disc=1 raw=40 facets=3 vertices=6 rho=4 anchor_shift=0
[FREE POLY] k=5 disc=2 raw=40 facets=4 vertices=7 rho=8 anchor_shift=0
[FREE POLY] k=6 disc=0 raw=40 facets=3 vertices=6 rho=8.8 anchor_shift=0
[FREE POLY] k=6 disc=1 raw=40 facets=3 vertices=6 rho=4.8 anchor_shift=0
[FREE POLY] k=6 disc=2 raw=40 facets=3 vertices=6 rho=8.8 anchor_shift=0
[FREE POLY] k=7 disc=0 raw=40 facets=3 vertices=6 rho=9.6 anchor_shift=0
[FREE POLY] k=7 disc=1 raw=40 facets=3 vertices=6 rho=5.6 anchor_shift=0
[FREE POLY] k=7 disc=2 raw=40 facets=3 vertices=6 rho=9.6 anchor_shift=0
[FREE POLY] k=8 disc=0 raw=40 facets=3 vertices=6 rho=10.4 anchor_shift=0
[FREE POLY] k=8 disc=1 raw=40 facets=3 vertices=6 rho=6.4 anchor_shift=0
[FREE POLY] k=8 disc=2 raw=40 facets=3 vertices=6 rho=10.4 anchor_shift=0
[RF SUPPORT SEED] removed=0 support_limit=-1
[SQP] before_solve iter=0 vars=16 constraints=87 max_d=0.0459721
[QP WORST] iter=0 row=52 type=collision d=0.0459721
[QP WORST COLLISION] scenario=17 k=8 obstacle=0 disc=2
[SQP] after_solve iter=0 converged=1 status=0 iterations=4 primal_residual=8.53097e-12 dual_residual=3.74651e-06 x_size=16 x_finite=1
[SQP LINESEARCH] iter=0 current_violation=0.0459721 accepted_violation=0 accepted=1 alpha=1 delta_u_norm=0.44616
[SQP SUPPORT] iter=0 support_size=0 support_limit=-1 support_ok=1
[SQP] before_solve iter=1 vars=16 constraints=87 max_d=-0.00219968
[QP WORST] iter=1 row=52 type=collision d=-0.00219968
[QP WORST COLLISION] scenario=17 k=8 obstacle=0 disc=2
[SQP] after_solve iter=1 converged=1 status=0 iterations=4 primal_residual=1.16015e-10 dual_residual=6.23082e-06 x_size=16 x_finite=1
[SQP LINESEARCH] iter=1 current_violation=0 accepted_violation=0 accepted=1 alpha=1 delta_u_norm=0.249126
[SQP SUPPORT] iter=1 support_size=0 support_limit=-1 support_ok=1
[SQP] before_solve iter=2 vars=16 constraints=87 max_d=-9.02337e-05
[QP WORST] iter=2 row=52 type=collision d=-9.02337e-05
[QP WORST COLLISION] scenario=17 k=8 obstacle=0 disc=2
[SQP] after_solve iter=2 converged=1 status=0 iterations=4 primal_residual=1.1753e-10 dual_residual=1.03216e-05 x_size=16 x_finite=1
[SQP LINESEARCH] iter=2 current_violation=0 accepted_violation=0 accepted=1 alpha=1 delta_u_norm=0.19417
[SQP SUPPORT] iter=2 support_size=0 support_limit=-1 support_ok=1
[SQP] before_solve iter=3 vars=16 constraints=87 max_d=-0.000175691
[QP WORST] iter=3 row=52 type=collision d=-0.000175691
[QP WORST COLLISION] scenario=17 k=8 obstacle=0 disc=2
[SQP] after_solve iter=3 converged=1 status=0 iterations=4 primal_residual=2.74051e-10 dual_residual=1.19653e-05 x_size=16 x_finite=1
[SQP LINESEARCH] iter=3 current_violation=0 accepted_violation=0 accepted=1 alpha=1 delta_u_norm=0.168067
[SQP SUPPORT] iter=3 support_size=0 support_limit=-1 support_ok=1
[SQP] before_solve iter=4 vars=16 constraints=87 max_d=-8.20715e-05
[QP WORST] iter=4 row=52 type=collision d=-8.20715e-05
[QP WORST COLLISION] scenario=17 k=8 obstacle=0 disc=2
[SQP] after_solve iter=4 converged=1 status=0 iterations=4 primal_residual=4.11815e-10 dual_residual=1.41615e-05 x_size=16 x_finite=1
[SQP LINESEARCH] iter=4 current_violation=0 accepted_violation=0 accepted=1 alpha=1 delta_u_norm=0.14871
[SQP SUPPORT] iter=4 support_size=0 support_limit=-1 support_ok=1
[SQP] before_solve iter=5 vars=16 constraints=87 max_d=-6.67032e-05
[QP WORST] iter=5 row=52 type=collision d=-6.67032e-05
[QP WORST COLLISION] scenario=17 k=8 obstacle=0 disc=2
[SQP] after_solve iter=5 converged=1 status=0 iterations=4 primal_residual=6.9253e-10 dual_residual=1.65169e-05 x_size=16 x_finite=1
[SQP LINESEARCH] iter=5 current_violation=0 accepted_violation=0 accepted=1 alpha=1 delta_u_norm=0.135472
[SQP SUPPORT] iter=5 support_size=0 support_limit=-1 support_ok=1
[SQP] before_solve iter=6 vars=16 constraints=87 max_d=-5.38009e-05
[QP WORST] iter=6 row=52 type=collision d=-5.38009e-05
[QP WORST COLLISION] scenario=17 k=8 obstacle=0 disc=2
[SQP] after_solve iter=6 converged=1 status=0 iterations=4 primal_residual=1.14599e-09 dual_residual=1.91401e-05 x_size=16 x_finite=1
[SQP LINESEARCH] iter=6 current_violation=0 accepted_violation=0 accepted=1 alpha=1 delta_u_norm=0.125403
[SQP SUPPORT] iter=6 support_size=0 support_limit=-1 support_ok=1
[SQP] before_solve iter=7 vars=16 constraints=87 max_d=-4.92621e-05
[QP WORST] iter=7 row=52 type=collision d=-4.92621e-05
[QP WORST COLLISION] scenario=17 k=8 obstacle=0 disc=2
[SQP] after_solve iter=7 converged=1 status=0 iterations=4 primal_residual=1.93018e-09 dual_residual=2.21418e-05 x_size=16 x_finite=1
[SQP LINESEARCH] iter=7 current_violation=0 accepted_violation=0 accepted=1 alpha=1 delta_u_norm=0.117333
[SQP SUPPORT] iter=7 support_size=0 support_limit=-1 support_ok=1
[SQP] before_solve iter=8 vars=16 constraints=87 max_d=-4.84919e-05
[QP WORST] iter=8 row=52 type=collision d=-4.84919e-05
[QP WORST COLLISION] scenario=17 k=8 obstacle=0 disc=2
[SQP] after_solve iter=8 converged=1 status=0 iterations=4 primal_residual=3.23955e-09 dual_residual=2.55546e-05 x_size=16 x_finite=1
[SQP LINESEARCH] iter=8 current_violation=0 accepted_violation=0 accepted=1 alpha=1 delta_u_norm=0.110496
[SQP SUPPORT] iter=8 support_size=0 support_limit=-1 support_ok=1
[SQP] before_solve iter=9 vars=16 constraints=87 max_d=-5.04385e-05
[QP WORST] iter=9 row=52 type=collision d=-5.04385e-05
[QP WORST COLLISION] scenario=17 k=8 obstacle=0 disc=2
[SQP] after_solve iter=9 converged=1 status=0 iterations=4 primal_residual=5.13836e-09 dual_residual=2.95004e-05 x_size=16 x_finite=1
[SQP LINESEARCH] iter=9 current_violation=0 accepted_violation=0 accepted=1 alpha=1 delta_u_norm=0.104493
[SQP SUPPORT] iter=9 support_size=0 support_limit=-1 support_ok=1
[SQP FINAL] final_violation=0 violated_constraints=0
[SUPPORT FINAL] sqp_union=0 final_active=1 support_limit=-1
[SUPPORT FINAL IDS] 17
[SUPPORT UNION IDS]
[COLD START RECOVERY CHECK] ordinary_sqp_failed=0 seed_available=1 incompatible=0 try_homotopy=0
[HARNESS RESULT] step=2 success=1 controls=8 first_input_present=1
[MPC STEP METRICS] step=2 applied=1 success=1 fallback=0 a=-0.0204065 omega=-0.00400228 dt=0.1 acceleration_weight=0.1 steering_weight=0.1 control_cost_unweighted=0.000432444 control_cost_weighted=4.32444e-05 mpc_cost=-17.5619 solve_time=0.0370851 qp_solve_time=0.0246234 constraint_time=0.00642286 dro_risk_time=0.000402574 ambiguity_radius=0.00586887 certificate=not_requested
[EVAL SAFETY] step=3 min_center_distance=2.47317 min_clearance=1.52317 collision_this_step=0 collision_run=0 collision_radius=0.95
[DRO SUMMARY] step=4 obstacle=0 S=40 rho=0.00499736 rho_raw=0.00499736 D_max=0.0115351 D_min=0.00578169 tv_bound=0.864343 eta=0.433231 eta_raw=0.433231 radius_m=4 radius_d=3 transport_cost=0.00499736 budget_usage=1 lambda=0.73764 q_support=2 nominal_risk=0.119789 qstar_risk=0.123819 risk_lift=0.00402928 tv=0.659947
[DRO MODE] step=4 obstacle=0 mode=constant_velocity p=0.454545 risk=0.119372 q=0 delta_q=-0.454545 q_times_S=0
[DRO MODE] step=4 obstacle=0 mode=turn_left p=0.272727 risk=0.115883 q=0.0673262 delta_q=-0.205401 q_times_S=2.69305
[DRO MODE] step=4 obstacle=0 mode=turn_right p=0.272727 risk=0.124392 q=0.932674 delta_q=0.659947 q_times_S=37.307
[DRO SAMPLE] step=4 obstacle=0 mode=constant_velocity q=0 q_times_S=0 first_count=0 first_fraction=0 occupancy=0 occupancy_fraction=0
[DRO SAMPLE] step=4 obstacle=0 mode=turn_left q=0.0673262 q_times_S=2.69305 first_count=4 first_fraction=0.1 occupancy=32 occupancy_fraction=0.1
[DRO SAMPLE] step=4 obstacle=0 mode=turn_right q=0.932674 q_times_S=37.307 first_count=36 first_fraction=0.9 occupancy=288 occupancy_fraction=0.9
[RF BACKUP] available=1 controls=8 states=9
[FREE POLY] k=1 disc=0 raw=40 facets=0 vertices=4 rho=4.8 anchor_shift=0
[FREE POLY] k=1 disc=1 raw=40 facets=0 vertices=4 rho=0.800001 anchor_shift=0
[FREE POLY] k=1 disc=2 raw=40 facets=2 vertices=5 rho=4.8 anchor_shift=0
[FREE POLY] k=2 disc=0 raw=40 facets=3 vertices=6 rho=5.6 anchor_shift=0
[FREE POLY] k=2 disc=1 raw=40 facets=0 vertices=4 rho=1.6 anchor_shift=0
[FREE POLY] k=2 disc=2 raw=40 facets=3 vertices=6 rho=5.6 anchor_shift=0
[FREE POLY] k=3 disc=0 raw=40 facets=4 vertices=7 rho=6.4 anchor_shift=0
[FREE POLY] k=3 disc=1 raw=40 facets=0 vertices=4 rho=2.4 anchor_shift=0
[FREE POLY] k=3 disc=2 raw=40 facets=5 vertices=8 rho=6.4 anchor_shift=0
[FREE POLY] k=4 disc=0 raw=40 facets=4 vertices=7 rho=7.2 anchor_shift=0
[FREE POLY] k=4 disc=1 raw=40 facets=3 vertices=6 rho=3.2 anchor_shift=0
[FREE POLY] k=4 disc=2 raw=40 facets=5 vertices=8 rho=7.2 anchor_shift=0
[FREE POLY] k=5 disc=0 raw=40 facets=4 vertices=7 rho=8 anchor_shift=0
[FREE POLY] k=5 disc=1 raw=40 facets=3 vertices=6 rho=4 anchor_shift=0
[FREE POLY] k=5 disc=2 raw=40 facets=6 vertices=9 rho=8 anchor_shift=0
[FREE POLY] k=6 disc=0 raw=40 facets=5 vertices=8 rho=8.8 anchor_shift=0
[FREE POLY] k=6 disc=1 raw=40 facets=4 vertices=7 rho=4.8 anchor_shift=0
[FREE POLY] k=6 disc=2 raw=40 facets=7 vertices=10 rho=8.8 anchor_shift=0
[FREE POLY] k=7 disc=0 raw=40 facets=6 vertices=9 rho=9.6 anchor_shift=0
[FREE POLY] k=7 disc=1 raw=40 facets=6 vertices=9 rho=5.6 anchor_shift=0
[FREE POLY] k=7 disc=2 raw=40 facets=7 vertices=10 rho=9.6 anchor_shift=0
[FREE POLY] k=8 disc=0 raw=40 facets=6 vertices=9 rho=10.4 anchor_shift=0
[FREE POLY] k=8 disc=1 raw=40 facets=5 vertices=8 rho=6.4 anchor_shift=0
[FREE POLY] k=8 disc=2 raw=40 facets=6 vertices=9 rho=10.4 anchor_shift=0
[RF SUPPORT SEED] removed=0 support_limit=-1
[SQP] before_solve iter=0 vars=16 constraints=126 max_d=0.0919771
[QP WORST] iter=0 row=88 type=collision d=0.0919771
[QP WORST COLLISION] scenario=8 k=8 obstacle=0 disc=2
[SQP] after_solve iter=0 converged=1 status=0 iterations=5 primal_residual=4.38885e-16 dual_residual=2.37999e-05 x_size=16 x_finite=1
[SQP LINESEARCH] iter=0 current_violation=0.0919771 accepted_violation=0 accepted=1 alpha=1 delta_u_norm=0.471799
[SQP SUPPORT] iter=0 support_size=0 support_limit=-1 support_ok=1
[SQP] before_solve iter=1 vars=16 constraints=126 max_d=-0.0139789
[QP WORST] iter=1 row=88 type=collision d=-0.0139789
[QP WORST COLLISION] scenario=8 k=8 obstacle=0 disc=2
[SQP] after_solve iter=1 converged=1 status=0 iterations=4 primal_residual=1.1989e-08 dual_residual=5.05608e-05 x_size=16 x_finite=1
[SQP LINESEARCH] iter=1 current_violation=0 accepted_violation=0 accepted=1 alpha=1 delta_u_norm=0.383336
[SQP SUPPORT] iter=1 support_size=0 support_limit=-1 support_ok=1
[SQP] before_solve iter=2 vars=16 constraints=126 max_d=-0.000403332
[QP WORST] iter=2 row=88 type=collision d=-0.000403332
[QP WORST COLLISION] scenario=8 k=8 obstacle=0 disc=2
[SQP] after_solve iter=2 converged=1 status=0 iterations=5 primal_residual=4.43005e-16 dual_residual=1.57903e-05 x_size=16 x_finite=1
[SQP LINESEARCH] iter=2 current_violation=0 accepted_violation=0 accepted=1 alpha=1 delta_u_norm=0.256184
[SQP SUPPORT] iter=2 support_size=0 support_limit=-1 support_ok=1
[SQP] before_solve iter=3 vars=16 constraints=126 max_d=-8.83814e-05
[QP WORST] iter=3 row=88 type=collision d=-8.83814e-05
[QP WORST COLLISION] scenario=8 k=8 obstacle=0 disc=2
[SQP] after_solve iter=3 converged=1 status=0 iterations=4 primal_residual=1.96594e-08 dual_residual=6.36418e-05 x_size=16 x_finite=1
[SQP LINESEARCH] iter=3 current_violation=0 accepted_violation=0 accepted=1 alpha=1 delta_u_norm=0.134706
[SQP SUPPORT] iter=3 support_size=0 support_limit=-1 support_ok=1
[SQP] before_solve iter=4 vars=16 constraints=126 max_d=-1.12025e-05
[QP WORST] iter=4 row=88 type=collision d=-1.12025e-05
[QP WORST COLLISION] scenario=8 k=8 obstacle=0 disc=2
[SQP] after_solve iter=4 converged=1 status=0 iterations=4 primal_residual=2.32878e-08 dual_residual=6.8653e-05 x_size=16 x_finite=1
[SQP LINESEARCH] iter=4 current_violation=0 accepted_violation=0 accepted=1 alpha=1 delta_u_norm=0.123432
[SQP SUPPORT] iter=4 support_size=0 support_limit=-1 support_ok=1
[SQP] before_solve iter=5 vars=16 constraints=126 max_d=-7.03646e-06
[QP WORST] iter=5 row=88 type=collision d=-7.03646e-06
[QP WORST COLLISION] scenario=8 k=8 obstacle=0 disc=2
[SQP] after_solve iter=5 converged=1 status=0 iterations=4 primal_residual=2.3918e-08 dual_residual=6.99521e-05 x_size=16 x_finite=1
[SQP LINESEARCH] iter=5 current_violation=0 accepted_violation=0 accepted=1 alpha=1 delta_u_norm=0.116145
[SQP SUPPORT] iter=5 support_size=0 support_limit=-1 support_ok=1
[SQP] before_solve iter=6 vars=16 constraints=126 max_d=-6.82634e-06
[QP WORST] iter=6 row=88 type=collision d=-6.82634e-06
[QP WORST COLLISION] scenario=8 k=8 obstacle=0 disc=2
[SQP] after_solve iter=6 converged=1 status=0 iterations=4 primal_residual=2.39481e-08 dual_residual=7.05252e-05 x_size=16 x_finite=1
[SQP LINESEARCH] iter=6 current_violation=0 accepted_violation=0 accepted=1 alpha=1 delta_u_norm=0.109662
[SQP SUPPORT] iter=6 support_size=0 support_limit=-1 support_ok=1
[SQP] before_solve iter=7 vars=16 constraints=126 max_d=-6.83012e-06
[QP WORST] iter=7 row=88 type=collision d=-6.83012e-06
[QP WORST COLLISION] scenario=8 k=8 obstacle=0 disc=2
[SQP] after_solve iter=7 converged=1 status=0 iterations=4 primal_residual=2.37463e-08 dual_residual=7.08592e-05 x_size=16 x_finite=1
[SQP LINESEARCH] iter=7 current_violation=0 accepted_violation=0 accepted=1 alpha=1 delta_u_norm=0.103696
[SQP SUPPORT] iter=7 support_size=0 support_limit=-1 support_ok=1
[SQP] before_solve iter=8 vars=16 constraints=126 max_d=-6.82326e-06
[QP WORST] iter=8 row=88 type=collision d=-6.82326e-06
[QP WORST COLLISION] scenario=8 k=8 obstacle=0 disc=2
[SQP] after_solve iter=8 converged=1 status=0 iterations=4 primal_residual=2.34012e-08 dual_residual=7.10593e-05 x_size=16 x_finite=1
[SQP LINESEARCH] iter=8 current_violation=0 accepted_violation=0 accepted=1 alpha=1 delta_u_norm=0.098159
[SQP SUPPORT] iter=8 support_size=0 support_limit=-1 support_ok=1
[SQP] before_solve iter=9 vars=16 constraints=126 max_d=-6.78856e-06
[QP WORST] iter=9 row=88 type=collision d=-6.78856e-06
[QP WORST COLLISION] scenario=8 k=8 obstacle=0 disc=2
[SQP] after_solve iter=9 converged=1 status=0 iterations=4 primal_residual=2.2949e-08 dual_residual=7.11672e-05 x_size=16 x_finite=1
[SQP LINESEARCH] iter=9 current_violation=0 accepted_violation=0 accepted=1 alpha=1 delta_u_norm=0.0929989
[SQP SUPPORT] iter=9 support_size=0 support_limit=-1 support_ok=1
[SQP FINAL] final_violation=0 violated_constraints=0
[SUPPORT FINAL] sqp_union=0 final_active=1 support_limit=-1
[SUPPORT FINAL IDS] 8
[SUPPORT UNION IDS]
[COLD START RECOVERY CHECK] ordinary_sqp_failed=0 seed_available=1 incompatible=0 try_homotopy=0
[HARNESS RESULT] step=3 success=1 controls=8 first_input_present=1
[MPC STEP METRICS] step=3 applied=1 success=1 fallback=0 a=-0.0827905 omega=-0.0426973 dt=0.1 acceleration_weight=0.1 steering_weight=0.1 control_cost_unweighted=0.00867732 control_cost_weighted=0.000867732 mpc_cost=-17.3604 solve_time=0.0400219 qp_solve_time=0.0268139 constraint_time=0.00711418 dro_risk_time=0.000411771 ambiguity_radius=0.00499736 certificate=not_requested
[EVAL SAFETY] step=4 min_center_distance=2.27948 min_clearance=1.32948 collision_this_step=0 collision_run=0 collision_radius=0.95
[DRO SUMMARY] step=5 obstacle=0 S=40 rho=0.00526551 rho_raw=0.00526551 D_max=0.0115351 D_min=0.00578169 tv_bound=0.910722 eta=0.456477 eta_raw=0.456477 radius_m=5 radius_d=3 transport_cost=0.00488567 budget_usage=0.927863 lambda=0 q_support=1 nominal_risk=0.116507 qstar_risk=0.123704 risk_lift=0.00719738 tv=0.615385
[DRO MODE] step=5 obstacle=0 mode=constant_velocity p=0.384615 risk=0.114862 q=0 delta_q=-0.384615 q_times_S=0
[DRO MODE] step=5 obstacle=0 mode=turn_left p=0.230769 risk=0.107252 q=0 delta_q=-0.230769 q_times_S=0
[DRO MODE] step=5 obstacle=0 mode=turn_right p=0.384615 risk=0.123704 q=1 delta_q=0.615385 q_times_S=40
[DRO SAMPLE] step=5 obstacle=0 mode=constant_velocity q=0 q_times_S=0 first_count=0 first_fraction=0 occupancy=0 occupancy_fraction=0
[DRO SAMPLE] step=5 obstacle=0 mode=turn_left q=0 q_times_S=0 first_count=0 first_fraction=0 occupancy=0 occupancy_fraction=0
[DRO SAMPLE] step=5 obstacle=0 mode=turn_right q=1 q_times_S=40 first_count=40 first_fraction=1 occupancy=320 occupancy_fraction=1
[RF BACKUP] available=1 controls=8 states=9
[FREE POLY] k=1 disc=0 raw=40 facets=0 vertices=4 rho=4.8 anchor_shift=0
[FREE POLY] k=1 disc=1 raw=40 facets=0 vertices=4 rho=0.800001 anchor_shift=0
[FREE POLY] k=1 disc=2 raw=40 facets=4 vertices=7 rho=4.8 anchor_shift=0
[FREE POLY] k=2 disc=0 raw=40 facets=3 vertices=6 rho=5.6 anchor_shift=0
[FREE POLY] k=2 disc=1 raw=40 facets=0 vertices=4 rho=1.6 anchor_shift=0
[FREE POLY] k=2 disc=2 raw=40 facets=5 vertices=8 rho=5.6 anchor_shift=0
[FREE POLY] k=3 disc=0 raw=40 facets=3 vertices=6 rho=6.4 anchor_shift=0
[FREE POLY] k=3 disc=1 raw=40 facets=0 vertices=4 rho=2.4 anchor_shift=0
[FREE POLY] k=3 disc=2 raw=40 facets=3 vertices=6 rho=6.4 anchor_shift=0
[FREE POLY] k=4 disc=0 raw=40 facets=3 vertices=6 rho=7.2 anchor_shift=0
[FREE POLY] k=4 disc=1 raw=40 facets=2 vertices=5 rho=3.2 anchor_shift=0
[FREE POLY] k=4 disc=2 raw=40 facets=3 vertices=6 rho=7.2 anchor_shift=0
[FREE POLY] k=5 disc=0 raw=40 facets=3 vertices=6 rho=8 anchor_shift=0
[FREE POLY] k=5 disc=1 raw=40 facets=3 vertices=6 rho=4 anchor_shift=0
[FREE POLY] k=5 disc=2 raw=40 facets=3 vertices=6 rho=8 anchor_shift=0
[FREE POLY] k=6 disc=0 raw=40 facets=3 vertices=6 rho=8.8 anchor_shift=0
[FREE POLY] k=6 disc=1 raw=40 facets=3 vertices=6 rho=4.8 anchor_shift=0
[FREE POLY] k=6 disc=2 raw=40 facets=4 vertices=7 rho=8.8 anchor_shift=0
[FREE POLY] k=7 disc=0 raw=40 facets=3 vertices=6 rho=9.6 anchor_shift=0
[FREE POLY] k=7 disc=1 raw=40 facets=3 vertices=6 rho=5.6 anchor_shift=0
[FREE POLY] k=7 disc=2 raw=40 facets=5 vertices=8 rho=9.6 anchor_shift=0
[FREE POLY] k=8 disc=0 raw=40 facets=3 vertices=6 rho=10.4 anchor_shift=0
[FREE POLY] k=8 disc=1 raw=40 facets=4 vertices=7 rho=6.4 anchor_shift=0
[FREE POLY] k=8 disc=2 raw=40 facets=7 vertices=10 rho=10.4 anchor_shift=0
[RF SUPPORT SEED] removed=0 support_limit=-1
[SQP] before_solve iter=0 vars=16 constraints=102 max_d=0.106089
[QP WORST] iter=0 row=67 type=collision d=0.106089
[QP WORST COLLISION] scenario=20 k=8 obstacle=0 disc=2
[SQP] after_solve iter=0 converged=1 status=0 iterations=5 primal_residual=4.42354e-16 dual_residual=1.79502e-06 x_size=16 x_finite=1
[SQP LINESEARCH] iter=0 current_violation=0.106089 accepted_violation=0 accepted=1 alpha=1 delta_u_norm=0.51176
[SQP SUPPORT] iter=0 support_size=0 support_limit=-1 support_ok=1
[SQP] before_solve iter=1 vars=16 constraints=102 max_d=-0.00281084
[QP WORST] iter=1 row=67 type=collision d=-0.00281084
[QP WORST COLLISION] scenario=20 k=8 obstacle=0 disc=2
[SQP] after_solve iter=1 converged=1 status=0 iterations=5 primal_residual=4.40891e-16 dual_residual=1.89853e-05 x_size=16 x_finite=1
[SQP LINESEARCH] iter=1 current_violation=0 accepted_violation=0 accepted=1 alpha=1 delta_u_norm=0.396537
[SQP SUPPORT] iter=1 support_size=0 support_limit=-1 support_ok=1
[SQP] before_solve iter=2 vars=16 constraints=102 max_d=-0.000133093
[QP WORST] iter=2 row=67 type=collision d=-0.000133093
[QP WORST COLLISION] scenario=20 k=8 obstacle=0 disc=2
[SQP] after_solve iter=2 converged=1 status=0 iterations=5 primal_residual=2.15118e-09 dual_residual=1.68115e-05 x_size=16 x_finite=1
[SQP LINESEARCH] iter=2 current_violation=0 accepted_violation=0 accepted=1 alpha=1 delta_u_norm=0.145748
[SQP SUPPORT] iter=2 support_size=0 support_limit=-1 support_ok=1
[SQP] before_solve iter=3 vars=16 constraints=102 max_d=-2.93772e-06
[QP WORST] iter=3 row=67 type=collision d=-2.93772e-06
[QP WORST COLLISION] scenario=20 k=8 obstacle=0 disc=2
[SQP] after_solve iter=3 converged=1 status=0 iterations=5 primal_residual=1.85531e-09 dual_residual=1.53946e-05 x_size=16 x_finite=1
[SQP LINESEARCH] iter=3 current_violation=0 accepted_violation=0 accepted=1 alpha=1 delta_u_norm=0.133512
[SQP SUPPORT] iter=3 support_size=0 support_limit=-1 support_ok=1
[SQP] before_solve iter=4 vars=16 constraints=102 max_d=-1.06199e-06
[QP WORST] iter=4 row=67 type=collision d=-1.06199e-06
[QP WORST COLLISION] scenario=20 k=8 obstacle=0 disc=2
[SQP] after_solve iter=4 converged=1 status=0 iterations=5 primal_residual=1.65422e-09 dual_residual=1.41859e-05 x_size=16 x_finite=1
[SQP LINESEARCH] iter=4 current_violation=0 accepted_violation=0 accepted=1 alpha=1 delta_u_norm=0.124666
[SQP SUPPORT] iter=4 support_size=0 support_limit=-1 support_ok=1
[SQP] before_solve iter=5 vars=16 constraints=102 max_d=-7.97296e-07
[QP WORST] iter=5 row=67 type=collision d=-7.97296e-07
[QP WORST COLLISION] scenario=20 k=8 obstacle=0 disc=2
[SQP] after_solve iter=5 converged=1 status=0 iterations=5 primal_residual=1.53223e-09 dual_residual=1.34024e-05 x_size=16 x_finite=1
[SQP LINESEARCH] iter=5 current_violation=0 accepted_violation=0 accepted=1 alpha=1 delta_u_norm=0.11712
[SQP SUPPORT] iter=5 support_size=0 support_limit=-1 support_ok=1
[SQP] before_solve iter=6 vars=16 constraints=102 max_d=-7.72887e-07
[QP WORST] iter=6 row=67 type=collision d=-7.72887e-07
[QP WORST COLLISION] scenario=20 k=8 obstacle=0 disc=2
[SQP] after_solve iter=6 converged=1 status=0 iterations=5 primal_residual=1.45765e-09 dual_residual=1.29129e-05 x_size=16 x_finite=1
[SQP LINESEARCH] iter=6 current_violation=0 accepted_violation=0 accepted=1 alpha=1 delta_u_norm=0.110398
[SQP SUPPORT] iter=6 support_size=0 support_limit=-1 support_ok=1
[SQP] before_solve iter=7 vars=16 constraints=102 max_d=-7.93025e-07
[QP WORST] iter=7 row=67 type=collision d=-7.93025e-07
[QP WORST COLLISION] scenario=20 k=8 obstacle=0 disc=2
[SQP] after_solve iter=7 converged=1 status=0 iterations=5 primal_residual=1.41092e-09 dual_residual=1.26068e-05 x_size=16 x_finite=1
[SQP LINESEARCH] iter=7 current_violation=0 accepted_violation=0 accepted=1 alpha=1 delta_u_norm=0.104285
[SQP SUPPORT] iter=7 support_size=0 support_limit=-1 support_ok=1
[SQP] before_solve iter=8 vars=16 constraints=102 max_d=-8.19406e-07
[QP WORST] iter=8 row=67 type=collision d=-8.19406e-07
[QP WORST COLLISION] scenario=20 k=8 obstacle=0 disc=2
[SQP] after_solve iter=8 converged=1 status=0 iterations=5 primal_residual=1.3811e-09 dual_residual=1.24165e-05 x_size=16 x_finite=1
[SQP LINESEARCH] iter=8 current_violation=0 accepted_violation=0 accepted=1 alpha=1 delta_u_norm=0.0986626
[SQP SUPPORT] iter=8 support_size=0 support_limit=-1 support_ok=1
[SQP] before_solve iter=9 vars=16 constraints=102 max_d=-8.42615e-07
[QP WORST] iter=9 row=67 type=collision d=-8.42615e-07
[QP WORST COLLISION] scenario=20 k=8 obstacle=0 disc=2
[SQP] after_solve iter=9 converged=1 status=0 iterations=5 primal_residual=1.36177e-09 dual_residual=1.23003e-05 x_size=16 x_finite=1
[SQP LINESEARCH] iter=9 current_violation=0 accepted_violation=0 accepted=1 alpha=1 delta_u_norm=0.0934545
[SQP SUPPORT] iter=9 support_size=0 support_limit=-1 support_ok=1
[SQP FINAL] final_violation=0 violated_constraints=0
[SUPPORT FINAL] sqp_union=0 final_active=1 support_limit=-1
[SUPPORT FINAL IDS] 20
[SUPPORT UNION IDS]
[COLD START RECOVERY CHECK] ordinary_sqp_failed=0 seed_available=1 incompatible=0 try_homotopy=0
[HARNESS RESULT] step=4 success=1 controls=8 first_input_present=1
[MPC STEP METRICS] step=4 applied=1 success=1 fallback=0 a=0.114381 omega=-0.0671429 dt=0.1 acceleration_weight=0.1 steering_weight=0.1 control_cost_unweighted=0.0175912 control_cost_weighted=0.00175912 mpc_cost=-17.1705 solve_time=0.0387676 qp_solve_time=0.0259894 constraint_time=0.00667759 dro_risk_time=0.000409467 ambiguity_radius=0.00526551 certificate=not_requested
[EVAL SAFETY] step=5 min_center_distance=2.08605 min_clearance=1.13605 collision_this_step=0 collision_run=0 collision_radius=0.95
[DRO SUMMARY] step=6 obstacle=0 S=40 rho=0.00467976 rho_raw=0.00467976 D_max=0.0115351 D_min=0.00578169 tv_bound=0.80941 eta=0.405697 eta_raw=0.405697 radius_m=6 radius_d=3 transport_cost=0.00467976 budget_usage=1 lambda=1.8997 q_support=2 nominal_risk=0.0900495 qstar_risk=0.0990687 risk_lift=0.00901915 tv=0.571955
[DRO MODE] step=6 obstacle=0 mode=constant_velocity p=0.333333 risk=0.0897736 q=0 delta_q=-0.333333 q_times_S=0
[DRO MODE] step=6 obstacle=0 mode=turn_left p=0.333333 risk=0.0792308 q=0.0947113 delta_q=-0.238622 q_times_S=3.78845
[DRO MODE] step=6 obstacle=0 mode=turn_right p=0.333333 risk=0.101144 q=0.905289 delta_q=0.571955 q_times_S=36.2115
[DRO SAMPLE] step=6 obstacle=0 mode=constant_velocity q=0 q_times_S=0 first_count=0 first_fraction=0 occupancy=0 occupancy_fraction=0
[DRO SAMPLE] step=6 obstacle=0 mode=turn_left q=0.0947113 q_times_S=3.78845 first_count=3 first_fraction=0.075 occupancy=24 occupancy_fraction=0.075
[DRO SAMPLE] step=6 obstacle=0 mode=turn_right q=0.905289 q_times_S=36.2115 first_count=37 first_fraction=0.925 occupancy=296 occupancy_fraction=0.925
[RF BACKUP] available=1 controls=8 states=9
[FREE POLY] k=1 disc=0 raw=40 facets=0 vertices=4 rho=4.8 anchor_shift=0
[FREE POLY] k=1 disc=1 raw=40 facets=0 vertices=4 rho=0.800001 anchor_shift=0
[FREE POLY] k=1 disc=2 raw=40 facets=4 vertices=7 rho=4.8 anchor_shift=0
[FREE POLY] k=2 disc=0 raw=40 facets=3 vertices=6 rho=5.6 anchor_shift=0
[FREE POLY] k=2 disc=1 raw=40 facets=0 vertices=4 rho=1.6 anchor_shift=0
[FREE POLY] k=2 disc=2 raw=40 facets=3 vertices=6 rho=5.6 anchor_shift=0
[FREE POLY] k=3 disc=0 raw=40 facets=3 vertices=6 rho=6.4 anchor_shift=0
[FREE POLY] k=3 disc=1 raw=40 facets=0 vertices=4 rho=2.4 anchor_shift=0
[FREE POLY] k=3 disc=2 raw=40 facets=5 vertices=8 rho=6.4 anchor_shift=0
[FREE POLY] k=4 disc=0 raw=40 facets=4 vertices=7 rho=7.2 anchor_shift=0
[FREE POLY] k=4 disc=1 raw=40 facets=4 vertices=7 rho=3.2 anchor_shift=0
[FREE POLY] k=4 disc=2 raw=40 facets=5 vertices=8 rho=7.2 anchor_shift=0
[FREE POLY] k=5 disc=0 raw=40 facets=4 vertices=7 rho=8 anchor_shift=0
[FREE POLY] k=5 disc=1 raw=40 facets=4 vertices=7 rho=4 anchor_shift=0
[FREE POLY] k=5 disc=2 raw=40 facets=5 vertices=8 rho=8 anchor_shift=0
[FREE POLY] k=6 disc=0 raw=40 facets=4 vertices=7 rho=8.8 anchor_shift=0
[FREE POLY] k=6 disc=1 raw=40 facets=4 vertices=7 rho=4.8 anchor_shift=0
[FREE POLY] k=6 disc=2 raw=40 facets=5 vertices=8 rho=8.8 anchor_shift=0
[FREE POLY] k=7 disc=0 raw=40 facets=3 vertices=6 rho=9.6 anchor_shift=0
[FREE POLY] k=7 disc=1 raw=40 facets=3 vertices=6 rho=5.6 anchor_shift=0
[FREE POLY] k=7 disc=2 raw=40 facets=4 vertices=6 rho=9.6 anchor_shift=0
[FREE POLY] k=8 disc=0 raw=40 facets=3 vertices=6 rho=10.4 anchor_shift=0
[FREE POLY] k=8 disc=1 raw=40 facets=3 vertices=6 rho=6.4 anchor_shift=0
[FREE POLY] k=8 disc=2 raw=40 facets=5 vertices=7 rho=10.4 anchor_shift=0
[RF SUPPORT SEED] removed=0 support_limit=-1
[SQP] before_solve iter=0 vars=16 constraints=110 max_d=0.0523702
[QP WORST] iter=0 row=73 type=collision d=0.0523702
[QP WORST COLLISION] scenario=4 k=8 obstacle=0 disc=2
[SQP] after_solve iter=0 converged=1 status=0 iterations=5 primal_residual=6.10722e-10 dual_residual=3.18858e-05 x_size=16 x_finite=1
[SQP LINESEARCH] iter=0 current_violation=0.0523702 accepted_violation=0 accepted=1 alpha=1 delta_u_norm=0.610533
[SQP SUPPORT] iter=0 support_size=0 support_limit=-1 support_ok=1
[SQP] before_solve iter=1 vars=16 constraints=110 max_d=-0.000377189
[QP WORST] iter=1 row=63 type=collision d=-0.000377189
[QP WORST COLLISION] scenario=4 k=7 obstacle=0 disc=2
[SQP] after_solve iter=1 converged=1 status=0 iterations=4 primal_residual=1.16716e-07 dual_residual=8.70329e-05 x_size=16 x_finite=1
[SQP LINESEARCH] iter=1 current_violation=0 accepted_violation=0 accepted=1 alpha=0.5 delta_u_norm=0.162607
[SQP SUPPORT] iter=1 support_size=0 support_limit=-1 support_ok=1
[SQP] before_solve iter=2 vars=16 constraints=110 max_d=-0.00019472
[QP WORST] iter=2 row=63 type=collision d=-0.00019472
[QP WORST COLLISION] scenario=4 k=7 obstacle=0 disc=2
[SQP] after_solve iter=2 converged=1 status=0 iterations=4 primal_residual=8.58274e-08 dual_residual=8.00935e-05 x_size=16 x_finite=1
[SQP LINESEARCH] iter=2 current_violation=0 accepted_violation=0 accepted=1 alpha=0.5 delta_u_norm=0.153533
[SQP SUPPORT] iter=2 support_size=0 support_limit=-1 support_ok=1
[SQP] before_solve iter=3 vars=16 constraints=110 max_d=-0.000101084
[QP WORST] iter=3 row=63 type=collision d=-0.000101084
[QP WORST COLLISION] scenario=4 k=7 obstacle=0 disc=2
[SQP] after_solve iter=3 converged=1 status=0 iterations=4 primal_residual=6.81218e-08 dual_residual=7.59935e-05 x_size=16 x_finite=1
[SQP LINESEARCH] iter=3 current_violation=0 accepted_violation=0 accepted=1 alpha=0.5 delta_u_norm=0.146173
[SQP SUPPORT] iter=3 support_size=0 support_limit=-1 support_ok=1
[SQP] before_solve iter=4 vars=16 constraints=110 max_d=-5.30127e-05
[QP WORST] iter=4 row=63 type=collision d=-5.30127e-05
[QP WORST COLLISION] scenario=4 k=7 obstacle=0 disc=2
[SQP] after_solve iter=4 converged=1 status=0 iterations=4 primal_residual=5.85173e-08 dual_residual=7.38744e-05 x_size=16 x_finite=1
[SQP LINESEARCH] iter=4 current_violation=0 accepted_violation=0 accepted=1 alpha=0.5 delta_u_norm=0.139856
[SQP SUPPORT] iter=4 support_size=0 support_limit=-1 support_ok=1
[SQP] before_solve iter=5 vars=16 constraints=110 max_d=-2.83359e-05
[QP WORST] iter=5 row=63 type=collision d=-2.83359e-05
[QP WORST COLLISION] scenario=4 k=7 obstacle=0 disc=2
[SQP] after_solve iter=5 converged=1 status=0 iterations=4 primal_residual=5.43181e-08 dual_residual=7.30242e-05 x_size=16 x_finite=1
[SQP LINESEARCH] iter=5 current_violation=0 accepted_violation=0 accepted=1 alpha=0.5 delta_u_norm=0.134259
[SQP SUPPORT] iter=5 support_size=0 support_limit=-1 support_ok=1
[SQP] before_solve iter=6 vars=16 constraints=110 max_d=-1.4932e-05
[QP WORST] iter=6 row=73 type=collision d=-1.4932e-05
[QP WORST COLLISION] scenario=4 k=8 obstacle=0 disc=2
[SQP] after_solve iter=6 converged=1 status=0 iterations=4 primal_residual=5.33259e-08 dual_residual=7.29091e-05 x_size=16 x_finite=1
[SQP LINESEARCH] iter=6 current_violation=0 accepted_violation=0 accepted=1 alpha=0.5 delta_u_norm=0.12921
[SQP SUPPORT] iter=6 support_size=0 support_limit=-1 support_ok=1
[SQP] before_solve iter=7 vars=16 constraints=110 max_d=-7.39417e-06
[QP WORST] iter=7 row=73 type=collision d=-7.39417e-06
[QP WORST COLLISION] scenario=4 k=8 obstacle=0 disc=2
[SQP] after_solve iter=7 converged=1 status=0 iterations=4 primal_residual=5.38104e-08 dual_residual=7.31992e-05 x_size=16 x_finite=1
[SQP LINESEARCH] iter=7 current_violation=0 accepted_violation=0 accepted=1 alpha=0.5 delta_u_norm=0.124599
[SQP SUPPORT] iter=7 support_size=0 support_limit=-1 support_ok=1
[SQP] before_solve iter=8 vars=16 constraints=110 max_d=-3.66042e-06
[QP WORST] iter=8 row=73 type=collision d=-3.66042e-06
[QP WORST COLLISION] scenario=4 k=8 obstacle=0 disc=2
[SQP] after_solve iter=8 converged=1 status=0 iterations=4 primal_residual=5.48191e-08 dual_residual=7.37007e-05 x_size=16 x_finite=1
[SQP LINESEARCH] iter=8 current_violation=0 accepted_violation=0 accepted=1 alpha=0.5 delta_u_norm=0.120354
[SQP SUPPORT] iter=8 support_size=0 support_limit=-1 support_ok=1
[SQP] before_solve iter=9 vars=16 constraints=110 max_d=-1.81991e-06
[QP WORST] iter=9 row=73 type=collision d=-1.81991e-06
[QP WORST COLLISION] scenario=4 k=8 obstacle=0 disc=2
[SQP] after_solve iter=9 converged=1 status=0 iterations=4 primal_residual=5.59333e-08 dual_residual=7.4301e-05 x_size=16 x_finite=1
[SQP LINESEARCH] iter=9 current_violation=0 accepted_violation=0 accepted=1 alpha=0.5 delta_u_norm=0.116416
[SQP SUPPORT] iter=9 support_size=0 support_limit=-1 support_ok=1
[SQP FINAL] final_violation=0 violated_constraints=0
[SUPPORT FINAL] sqp_union=0 final_active=1 support_limit=-1
[SUPPORT FINAL IDS] 4
[SUPPORT UNION IDS]
[COLD START RECOVERY CHECK] ordinary_sqp_failed=0 seed_available=1 incompatible=0 try_homotopy=0
[HARNESS RESULT] step=5 success=1 controls=8 first_input_present=1
[MPC STEP METRICS] step=5 applied=1 success=1 fallback=0 a=0.0142884 omega=-0.0114119 dt=0.1 acceleration_weight=0.1 steering_weight=0.1 control_cost_unweighted=0.00033439 control_cost_weighted=3.3439e-05 mpc_cost=-17.0567 solve_time=0.0448738 qp_solve_time=0.0317563 constraint_time=0.00693338 dro_risk_time=0.000403706 ambiguity_radius=0.00467976 certificate=not_requested
[EVAL SAFETY] step=6 min_center_distance=1.89165 min_clearance=0.941647 collision_this_step=0 collision_run=0 collision_radius=0.95
[DRO SUMMARY] step=7 obstacle=0 S=40 rho=0.00434234 rho_raw=0.00434234 D_max=0.0115351 D_min=0.00578169 tv_bound=0.751051 eta=0.376446 eta_raw=0.376446 radius_m=7 radius_d=3 transport_cost=0.00434234 budget_usage=1 lambda=2.11133 q_support=2 nominal_risk=0.0733122 qstar_risk=0.0825779 risk_lift=0.00926571 tv=0.581824
[DRO MODE] step=7 obstacle=0 mode=constant_velocity p=0.411765 risk=0.0731552 q=0 delta_q=-0.411765 q_times_S=0
[DRO MODE] step=7 obstacle=0 mode=turn_left p=0.294118 risk=0.0612449 q=0.124059 delta_q=-0.170059 q_times_S=4.96235
[DRO MODE] step=7 obstacle=0 mode=turn_right p=0.294118 risk=0.0855993 q=0.875941 delta_q=0.581824 q_times_S=35.0377
[DRO SAMPLE] step=7 obstacle=0 mode=constant_velocity q=0 q_times_S=0 first_count=0 first_fraction=0 occupancy=0 occupancy_fraction=0
[DRO SAMPLE] step=7 obstacle=0 mode=turn_left q=0.124059 q_times_S=4.96235 first_count=4 first_fraction=0.1 occupancy=32 occupancy_fraction=0.1
[DRO SAMPLE] step=7 obstacle=0 mode=turn_right q=0.875941 q_times_S=35.0377 first_count=36 first_fraction=0.9 occupancy=288 occupancy_fraction=0.9
[RF BACKUP] available=1 controls=8 states=9
[FREE POLY] k=1 disc=0 raw=40 facets=4 vertices=7 rho=4.8 anchor_shift=0
[FREE POLY] k=1 disc=1 raw=40 facets=0 vertices=4 rho=0.800001 anchor_shift=0
[FREE POLY] k=1 disc=2 raw=40 facets=4 vertices=7 rho=4.8 anchor_shift=0
[FREE POLY] k=2 disc=0 raw=40 facets=3 vertices=6 rho=5.6 anchor_shift=0
[FREE POLY] k=2 disc=1 raw=40 facets=0 vertices=4 rho=1.6 anchor_shift=0
[FREE POLY] k=2 disc=2 raw=40 facets=3 vertices=6 rho=5.6 anchor_shift=0
[FREE POLY] k=3 disc=0 raw=40 facets=4 vertices=7 rho=6.4 anchor_shift=0
[FREE POLY] k=3 disc=1 raw=40 facets=4 vertices=7 rho=2.4 anchor_shift=0
[FREE POLY] k=3 disc=2 raw=40 facets=4 vertices=7 rho=6.4 anchor_shift=0
[FREE POLY] k=4 disc=0 raw=40 facets=3 vertices=6 rho=7.2 anchor_shift=0
[FREE POLY] k=4 disc=1 raw=40 facets=3 vertices=6 rho=3.2 anchor_shift=0
[FREE POLY] k=4 disc=2 raw=40 facets=3 vertices=6 rho=7.2 anchor_shift=0
[FREE POLY] k=5 disc=0 raw=40 facets=3 vertices=6 rho=8 anchor_shift=0
[FREE POLY] k=5 disc=1 raw=40 facets=3 vertices=6 rho=4 anchor_shift=0
[FREE POLY] k=5 disc=2 raw=40 facets=4 vertices=7 rho=8 anchor_shift=0
[FREE POLY] k=6 disc=0 raw=40 facets=3 vertices=6 rho=8.8 anchor_shift=0
[FREE POLY] k=6 disc=1 raw=40 facets=3 vertices=6 rho=4.8 anchor_shift=0
[FREE POLY] k=6 disc=2 raw=40 facets=6 vertices=8 rho=8.8 anchor_shift=0
[FREE POLY] k=7 disc=0 raw=40 facets=4 vertices=7 rho=9.6 anchor_shift=0
[FREE POLY] k=7 disc=1 raw=40 facets=5 vertices=8 rho=5.6 anchor_shift=0
[FREE POLY] k=7 disc=2 raw=40 facets=7 vertices=10 rho=9.6 anchor_shift=0
[FREE POLY] k=8 disc=0 raw=40 facets=5 vertices=8 rho=10.4 anchor_shift=0
[FREE POLY] k=8 disc=1 raw=40 facets=5 vertices=8 rho=6.4 anchor_shift=0
[FREE POLY] k=8 disc=2 raw=40 facets=6 vertices=9 rho=10.4 anchor_shift=0
[RF SUPPORT SEED] removed=0 support_limit=-1
[SQP] before_solve iter=0 vars=16 constraints=121 max_d=0.0595436
[QP WORST] iter=0 row=83 type=collision d=0.0595436
[QP WORST COLLISION] scenario=3 k=8 obstacle=0 disc=2
[SQP] after_solve iter=0 converged=1 status=0 iterations=5 primal_residual=8.67742e-09 dual_residual=2.42018e-05 x_size=16 x_finite=1
[SQP LINESEARCH] iter=0 current_violation=0.0595436 accepted_violation=0 accepted=1 alpha=1 delta_u_norm=0.373502
[SQP SUPPORT] iter=0 support_size=0 support_limit=-1 support_ok=1
[SQP] before_solve iter=1 vars=16 constraints=121 max_d=-9.38045e-06
[QP WORST] iter=1 row=55 type=collision d=-9.38045e-06
[QP WORST COLLISION] scenario=20 k=6 obstacle=0 disc=2
[SQP] after_solve iter=1 converged=1 status=0 iterations=5 primal_residual=4.28666e-16 dual_residual=2.75301e-05 x_size=16 x_finite=1
[SQP LINESEARCH] iter=1 current_violation=0 accepted_violation=0 accepted=1 alpha=1 delta_u_norm=0.171545
[SQP SUPPORT] iter=1 support_size=0 support_limit=-1 support_ok=1
[SQP] before_solve iter=2 vars=16 constraints=121 max_d=-7.3706e-06
[QP WORST] iter=2 row=55 type=collision d=-7.3706e-06
[QP WORST COLLISION] scenario=20 k=6 obstacle=0 disc=2
[SQP] after_solve iter=2 converged=1 status=0 iterations=5 primal_residual=3.95517e-16 dual_residual=2.6948e-05 x_size=16 x_finite=1
[SQP LINESEARCH] iter=2 current_violation=0 accepted_violation=0 accepted=1 alpha=1 delta_u_norm=0.154313
[SQP SUPPORT] iter=2 support_size=0 support_limit=-1 support_ok=1
[SQP] before_solve iter=3 vars=16 constraints=121 max_d=-7.39731e-06
[QP WORST] iter=3 row=55 type=collision d=-7.39731e-06
[QP WORST COLLISION] scenario=20 k=6 obstacle=0 disc=2
[SQP] after_solve iter=3 converged=1 status=0 iterations=5 primal_residual=4.18068e-16 dual_residual=2.6986e-05 x_size=16 x_finite=1
[SQP LINESEARCH] iter=3 current_violation=0 accepted_violation=0 accepted=1 alpha=1 delta_u_norm=0.141925
[SQP SUPPORT] iter=3 support_size=0 support_limit=-1 support_ok=1
[SQP] before_solve iter=4 vars=16 constraints=121 max_d=-7.35065e-06
[QP WORST] iter=4 row=55 type=collision d=-7.35065e-06
[QP WORST COLLISION] scenario=20 k=6 obstacle=0 disc=2
[SQP] after_solve iter=4 converged=1 status=0 iterations=5 primal_residual=4.21958e-16 dual_residual=2.70765e-05 x_size=16 x_finite=1
[SQP LINESEARCH] iter=4 current_violation=0 accepted_violation=0 accepted=1 alpha=1 delta_u_norm=0.131472
[SQP SUPPORT] iter=4 support_size=0 support_limit=-1 support_ok=1
[SQP] before_solve iter=5 vars=16 constraints=121 max_d=-7.2951e-06
[QP WORST] iter=5 row=55 type=collision d=-7.2951e-06
[QP WORST COLLISION] scenario=20 k=6 obstacle=0 disc=2
[SQP] after_solve iter=5 converged=1 status=0 iterations=5 primal_residual=4.0766e-16 dual_residual=2.71403e-05 x_size=16 x_finite=1
[SQP LINESEARCH] iter=5 current_violation=0 accepted_violation=0 accepted=1 alpha=1 delta_u_norm=0.122408
[SQP SUPPORT] iter=5 support_size=0 support_limit=-1 support_ok=1
[SQP] before_solve iter=6 vars=16 constraints=121 max_d=-7.26157e-06
[QP WORST] iter=6 row=55 type=collision d=-7.26157e-06
[QP WORST COLLISION] scenario=20 k=6 obstacle=0 disc=2
[SQP] after_solve iter=6 converged=1 status=0 iterations=5 primal_residual=4.36283e-16 dual_residual=2.71718e-05 x_size=16 x_finite=1
[SQP LINESEARCH] iter=6 current_violation=0 accepted_violation=0 accepted=1 alpha=1 delta_u_norm=0.1144
[SQP SUPPORT] iter=6 support_size=0 support_limit=-1 support_ok=1
[SQP] before_solve iter=7 vars=16 constraints=121 max_d=-7.24521e-06
[QP WORST] iter=7 row=55 type=collision d=-7.24521e-06
[QP WORST COLLISION] scenario=20 k=6 obstacle=0 disc=2
[SQP] after_solve iter=7 converged=1 status=0 iterations=5 primal_residual=4.37848e-16 dual_residual=2.71783e-05 x_size=16 x_finite=1
[SQP LINESEARCH] iter=7 current_violation=0 accepted_violation=0 accepted=1 alpha=1 delta_u_norm=0.107228
[SQP SUPPORT] iter=7 support_size=0 support_limit=-1 support_ok=1
[SQP] before_solve iter=8 vars=16 constraints=121 max_d=-7.23833e-06
[QP WORST] iter=8 row=55 type=collision d=-7.23833e-06
[QP WORST COLLISION] scenario=20 k=6 obstacle=0 disc=2
[SQP] after_solve iter=8 converged=1 status=0 iterations=5 primal_residual=4.15249e-16 dual_residual=2.71675e-05 x_size=16 x_finite=1
[SQP LINESEARCH] iter=8 current_violation=0 accepted_violation=0 accepted=1 alpha=1 delta_u_norm=0.100738
[SQP SUPPORT] iter=8 support_size=0 support_limit=-1 support_ok=1
[SQP] before_solve iter=9 vars=16 constraints=121 max_d=-7.23604e-06
[QP WORST] iter=9 row=55 type=collision d=-7.23604e-06
[QP WORST COLLISION] scenario=20 k=6 obstacle=0 disc=2
[SQP] after_solve iter=9 converged=1 status=0 iterations=5 primal_residual=4.14599e-16 dual_residual=2.71452e-05 x_size=16 x_finite=1
[SQP LINESEARCH] iter=9 current_violation=0 accepted_violation=0 accepted=1 alpha=1 delta_u_norm=0.0948187
[SQP SUPPORT] iter=9 support_size=0 support_limit=-1 support_ok=1
[SQP FINAL] final_violation=0 violated_constraints=0
[SUPPORT FINAL] sqp_union=0 final_active=2 support_limit=-1
[SUPPORT FINAL IDS] 3 20
[SUPPORT UNION IDS]
[COLD START RECOVERY CHECK] ordinary_sqp_failed=0 seed_available=1 incompatible=0 try_homotopy=0
[HARNESS RESULT] step=6 success=1 controls=8 first_input_present=1
[MPC STEP METRICS] step=6 applied=1 success=1 fallback=0 a=-0.0534149 omega=0.037539 dt=0.1 acceleration_weight=0.1 steering_weight=0.1 control_cost_unweighted=0.00426233 control_cost_weighted=0.000426233 mpc_cost=-16.8127 solve_time=0.039294 qp_solve_time=0.0261782 constraint_time=0.00703578 dro_risk_time=0.000401561 ambiguity_radius=0.00434234 certificate=not_requested
[EVAL SAFETY] step=7 min_center_distance=1.69691 min_clearance=0.746906 collision_this_step=0 collision_run=0 collision_radius=0.95
[DRO SUMMARY] step=8 obstacle=0 S=40 rho=0.00441355 rho_raw=0.00441355 D_max=0.0115351 D_min=0.00578169 tv_bound=0.763368 eta=0.38262 eta_raw=0.38262 radius_m=8 radius_d=3 transport_cost=0.00441355 budget_usage=1 lambda=2.27704 q_support=2 nominal_risk=0.0170601 qstar_risk=0.0271306 risk_lift=0.0100705 tv=0.566379
[DRO MODE] step=8 obstacle=0 mode=constant_velocity p=0.368421 risk=0.0156218 q=0 delta_q=-0.368421 q_times_S=0
[DRO MODE] step=8 obstacle=0 mode=turn_left p=0.263158 risk=0.00257728 q=0.0652003 delta_q=-0.197958 q_times_S=2.60801
[DRO MODE] step=8 obstacle=0 mode=turn_right p=0.368421 risk=0.0288431 q=0.9348 delta_q=0.566379 q_times_S=37.392
[DRO SAMPLE] step=8 obstacle=0 mode=constant_velocity q=0 q_times_S=0 first_count=0 first_fraction=0 occupancy=0 occupancy_fraction=0
[DRO SAMPLE] step=8 obstacle=0 mode=turn_left q=0.0652003 q_times_S=2.60801 first_count=5 first_fraction=0.125 occupancy=40 occupancy_fraction=0.125
[DRO SAMPLE] step=8 obstacle=0 mode=turn_right q=0.9348 q_times_S=37.392 first_count=35 first_fraction=0.875 occupancy=280 occupancy_fraction=0.875
[RF BACKUP] available=1 controls=8 states=9
[FREE POLY] k=1 disc=0 raw=40 facets=3 vertices=6 rho=4.8 anchor_shift=0
[FREE POLY] k=1 disc=1 raw=40 facets=0 vertices=4 rho=0.800001 anchor_shift=0
[FREE POLY] k=1 disc=2 raw=40 facets=3 vertices=6 rho=4.8 anchor_shift=0
[FREE POLY] k=2 disc=0 raw=40 facets=2 vertices=5 rho=5.6 anchor_shift=0
[FREE POLY] k=2 disc=1 raw=40 facets=0 vertices=4 rho=1.6 anchor_shift=0
[FREE POLY] k=2 disc=2 raw=40 facets=3 vertices=6 rho=5.6 anchor_shift=0
[FREE POLY] k=3 disc=0 raw=40 facets=2 vertices=5 rho=6.4 anchor_shift=0
[FREE POLY] k=3 disc=1 raw=40 facets=2 vertices=5 rho=2.4 anchor_shift=0
[FREE POLY] k=3 disc=2 raw=40 facets=3 vertices=6 rho=6.4 anchor_shift=0
[FREE POLY] k=4 disc=0 raw=40 facets=3 vertices=6 rho=7.2 anchor_shift=0
[FREE POLY] k=4 disc=1 raw=40 facets=3 vertices=6 rho=3.2 anchor_shift=0
[FREE POLY] k=4 disc=2 raw=40 facets=5 vertices=8 rho=7.2 anchor_shift=0
[FREE POLY] k=5 disc=0 raw=40 facets=3 vertices=6 rho=8 anchor_shift=0
[FREE POLY] k=5 disc=1 raw=40 facets=3 vertices=6 rho=4 anchor_shift=0
[FREE POLY] k=5 disc=2 raw=40 facets=5 vertices=8 rho=8 anchor_shift=0
[FREE POLY] k=6 disc=0 raw=40 facets=3 vertices=6 rho=8.8 anchor_shift=0
[FREE POLY] k=6 disc=1 raw=40 facets=3 vertices=6 rho=4.8 anchor_shift=0
[FREE POLY] k=6 disc=2 raw=40 facets=4 vertices=7 rho=8.8 anchor_shift=0
[FREE POLY] k=7 disc=0 raw=40 facets=3 vertices=6 rho=9.6 anchor_shift=0
[FREE POLY] k=7 disc=1 raw=40 facets=3 vertices=6 rho=5.6 anchor_shift=0
[FREE POLY] k=7 disc=2 raw=40 facets=4 vertices=7 rho=9.6 anchor_shift=0
[FREE POLY] k=8 disc=0 raw=40 facets=3 vertices=6 rho=10.4 anchor_shift=0
[FREE POLY] k=8 disc=1 raw=40 facets=4 vertices=7 rho=6.4 anchor_shift=0
[FREE POLY] k=8 disc=2 raw=40 facets=4 vertices=7 rho=10.4 anchor_shift=0
[RF SUPPORT SEED] removed=0 support_limit=-1
[SQP] before_solve iter=0 vars=16 constraints=103 max_d=-0.0512237
[QP WORST] iter=0 row=47 type=collision d=-0.0512237
[QP WORST COLLISION] scenario=13 k=6 obstacle=0 disc=2
[SQP] after_solve iter=0 converged=1 status=0 iterations=5 primal_residual=4.43222e-16 dual_residual=1.35078e-05 x_size=16 x_finite=1
[SQP LINESEARCH] iter=0 current_violation=0 accepted_violation=0 accepted=1 alpha=0.5 delta_u_norm=0.259149
[SQP SUPPORT] iter=0 support_size=0 support_limit=-1 support_ok=1
[SQP] before_solve iter=1 vars=16 constraints=103 max_d=-0.0256117
[QP WORST] iter=1 row=47 type=collision d=-0.0256117
[QP WORST COLLISION] scenario=13 k=6 obstacle=0 disc=2
[SQP] after_solve iter=1 converged=1 status=0 iterations=5 primal_residual=3.92644e-16 dual_residual=9.96374e-06 x_size=16 x_finite=1
[SQP LINESEARCH] iter=1 current_violation=0 accepted_violation=0 accepted=1 alpha=0.5 delta_u_norm=0.193947
[SQP SUPPORT] iter=1 support_size=0 support_limit=-1 support_ok=1
[SQP] before_solve iter=2 vars=16 constraints=103 max_d=-0.0128042
[QP WORST] iter=2 row=47 type=collision d=-0.0128042
[QP WORST COLLISION] scenario=13 k=6 obstacle=0 disc=2
[SQP] after_solve iter=2 converged=1 status=0 iterations=5 primal_residual=5.7438e-10 dual_residual=5.7035e-06 x_size=16 x_finite=1
[SQP LINESEARCH] iter=2 current_violation=0 accepted_violation=0 accepted=1 alpha=0.5 delta_u_norm=0.164506
[SQP SUPPORT] iter=2 support_size=0 support_limit=-1 support_ok=1
[SQP] before_solve iter=3 vars=16 constraints=103 max_d=-0.00640136
[QP WORST] iter=3 row=47 type=collision d=-0.00640136
[QP WORST COLLISION] scenario=13 k=6 obstacle=0 disc=2
[SQP] after_solve iter=3 converged=1 status=0 iterations=5 primal_residual=6.84494e-10 dual_residual=5.49268e-06 x_size=16 x_finite=1
[SQP LINESEARCH] iter=3 current_violation=0 accepted_violation=0 accepted=1 alpha=0.5 delta_u_norm=0.149931
[SQP SUPPORT] iter=3 support_size=0 support_limit=-1 support_ok=1
[SQP] before_solve iter=4 vars=16 constraints=103 max_d=-0.00320066
[QP WORST] iter=4 row=47 type=collision d=-0.00320066
[QP WORST COLLISION] scenario=13 k=6 obstacle=0 disc=2
[SQP] after_solve iter=4 converged=1 status=0 iterations=5 primal_residual=7.94574e-10 dual_residual=5.53948e-06 x_size=16 x_finite=1
[SQP LINESEARCH] iter=4 current_violation=0 accepted_violation=0 accepted=1 alpha=0.5 delta_u_norm=0.141294
[SQP SUPPORT] iter=4 support_size=0 support_limit=-1 support_ok=1
[SQP] before_solve iter=5 vars=16 constraints=103 max_d=-0.0016006
[QP WORST] iter=5 row=47 type=collision d=-0.0016006
[QP WORST COLLISION] scenario=13 k=6 obstacle=0 disc=2
[SQP] after_solve iter=5 converged=1 status=0 iterations=5 primal_residual=1.23236e-09 dual_residual=6.82233e-06 x_size=16 x_finite=1
[SQP LINESEARCH] iter=5 current_violation=0 accepted_violation=0 accepted=1 alpha=1 delta_u_norm=0.135102
[SQP SUPPORT] iter=5 support_size=0 support_limit=-1 support_ok=1
[SQP] before_solve iter=6 vars=16 constraints=103 max_d=-5.51364e-08
[QP WORST] iter=6 row=68 type=collision d=-5.51364e-08
[QP WORST COLLISION] scenario=13 k=8 obstacle=0 disc=2
[SQP] after_solve iter=6 converged=1 status=0 iterations=5 primal_residual=8.78023e-10 dual_residual=9.12859e-06 x_size=16 x_finite=1
[SQP LINESEARCH] iter=6 current_violation=0 accepted_violation=0 accepted=1 alpha=1 delta_u_norm=0.125322
[SQP SUPPORT] iter=6 support_size=0 support_limit=-1 support_ok=1
[SQP] before_solve iter=7 vars=16 constraints=103 max_d=-6.75327e-07
[QP WORST] iter=7 row=58 type=collision d=-6.75327e-07
[QP WORST COLLISION] scenario=13 k=7 obstacle=0 disc=2
[SQP] after_solve iter=7 converged=1 status=0 iterations=5 primal_residual=6.03207e-10 dual_residual=1.12073e-05 x_size=16 x_finite=1
[SQP LINESEARCH] iter=7 current_violation=0 accepted_violation=0 accepted=1 alpha=1 delta_u_norm=0.117452
[SQP SUPPORT] iter=7 support_size=0 support_limit=-1 support_ok=1
[SQP] before_solve iter=8 vars=16 constraints=103 max_d=-6.28163e-07
[QP WORST] iter=8 row=58 type=collision d=-6.28163e-07
[QP WORST COLLISION] scenario=13 k=7 obstacle=0 disc=2
[SQP] after_solve iter=8 converged=1 status=0 iterations=5 primal_residual=2.56323e-10 dual_residual=1.25721e-05 x_size=16 x_finite=1
[SQP LINESEARCH] iter=8 current_violation=0 accepted_violation=0 accepted=1 alpha=1 delta_u_norm=0.110519
[SQP SUPPORT] iter=8 support_size=0 support_limit=-1 support_ok=1
[SQP] before_solve iter=9 vars=16 constraints=103 max_d=-5.70361e-07
[QP WORST] iter=9 row=58 type=collision d=-5.70361e-07
[QP WORST COLLISION] scenario=13 k=7 obstacle=0 disc=2
[SQP] after_solve iter=9 converged=1 status=0 iterations=5 primal_residual=3.67761e-16 dual_residual=1.34679e-05 x_size=16 x_finite=1
[SQP LINESEARCH] iter=9 current_violation=0 accepted_violation=0 accepted=1 alpha=1 delta_u_norm=0.104281
[SQP SUPPORT] iter=9 support_size=0 support_limit=-1 support_ok=1
[SQP FINAL] final_violation=0 violated_constraints=0
[SUPPORT FINAL] sqp_union=0 final_active=1 support_limit=-1
[SUPPORT FINAL IDS] 13
[SUPPORT UNION IDS]
[COLD START RECOVERY CHECK] ordinary_sqp_failed=0 seed_available=1 incompatible=0 try_homotopy=0
[HARNESS RESULT] step=7 success=1 controls=8 first_input_present=1
[MPC STEP METRICS] step=7 applied=1 success=1 fallback=0 a=-0.0372833 omega=0.14115 dt=0.1 acceleration_weight=0.1 steering_weight=0.1 control_cost_unweighted=0.0213135 control_cost_weighted=0.00213135 mpc_cost=-16.6748 solve_time=0.0489846 qp_solve_time=0.0361604 constraint_time=0.00669021 dro_risk_time=0.000427701 ambiguity_radius=0.00441355 certificate=not_requested
[EVAL SAFETY] step=8 min_center_distance=1.5016 min_clearance=0.551599 collision_this_step=0 collision_run=0 collision_radius=0.95
[DRO SUMMARY] step=9 obstacle=0 S=40 rho=0.00408906 rho_raw=0.00408906 D_max=0.0115351 D_min=0.00578169 tv_bound=0.707244 eta=0.354489 eta_raw=0.354489 radius_m=9 radius_d=3 transport_cost=0.00408906 budget_usage=1 lambda=2.35122 q_support=2 nominal_risk=0.04599 qstar_risk=0.0557231 risk_lift=0.00973304 tv=0.375541
[DRO MODE] step=9 obstacle=0 mode=constant_velocity p=0.333333 risk=0.0460866 q=0.291126 delta_q=-0.0422075 q_times_S=11.645
[DRO MODE] step=9 obstacle=0 mode=turn_left p=0.333333 risk=0.0322028 q=0 delta_q=-0.333333 q_times_S=0
[DRO MODE] step=9 obstacle=0 mode=turn_right p=0.333333 risk=0.0596806 q=0.708874 delta_q=0.375541 q_times_S=28.355
[DRO SAMPLE] step=9 obstacle=0 mode=constant_velocity q=0.291126 q_times_S=11.645 first_count=9 first_fraction=0.225 occupancy=72 occupancy_fraction=0.225
[DRO SAMPLE] step=9 obstacle=0 mode=turn_left q=0 q_times_S=0 first_count=0 first_fraction=0 occupancy=0 occupancy_fraction=0
[DRO SAMPLE] step=9 obstacle=0 mode=turn_right q=0.708874 q_times_S=28.355 first_count=31 first_fraction=0.775 occupancy=248 occupancy_fraction=0.775
[RF BACKUP] available=1 controls=8 states=9
[FREE POLY] k=1 disc=0 raw=40 facets=3 vertices=6 rho=4.8 anchor_shift=0
[FREE POLY] k=1 disc=1 raw=40 facets=0 vertices=4 rho=0.800001 anchor_shift=0
[FREE POLY] k=1 disc=2 raw=40 facets=4 vertices=7 rho=4.8 anchor_shift=0
[FREE POLY] k=2 disc=0 raw=40 facets=3 vertices=6 rho=5.6 anchor_shift=0
[FREE POLY] k=2 disc=1 raw=40 facets=0 vertices=4 rho=1.6 anchor_shift=0
[FREE POLY] k=2 disc=2 raw=40 facets=4 vertices=7 rho=5.6 anchor_shift=0
[FREE POLY] k=3 disc=0 raw=40 facets=3 vertices=6 rho=6.4 anchor_shift=0
[FREE POLY] k=3 disc=1 raw=40 facets=3 vertices=6 rho=2.4 anchor_shift=0
[FREE POLY] k=3 disc=2 raw=40 facets=4 vertices=7 rho=6.4 anchor_shift=0
[FREE POLY] k=4 disc=0 raw=40 facets=3 vertices=6 rho=7.2 anchor_shift=0
[FREE POLY] k=4 disc=1 raw=40 facets=3 vertices=6 rho=3.2 anchor_shift=0
[FREE POLY] k=4 disc=2 raw=40 facets=5 vertices=8 rho=7.2 anchor_shift=0
[FREE POLY] k=5 disc=0 raw=40 facets=4 vertices=7 rho=8 anchor_shift=0
[FREE POLY] k=5 disc=1 raw=40 facets=3 vertices=6 rho=4 anchor_shift=0
[FREE POLY] k=5 disc=2 raw=40 facets=5 vertices=8 rho=8 anchor_shift=0
[FREE POLY] k=6 disc=0 raw=40 facets=4 vertices=7 rho=8.8 anchor_shift=0
[FREE POLY] k=6 disc=1 raw=40 facets=4 vertices=7 rho=4.8 anchor_shift=0
[FREE POLY] k=6 disc=2 raw=40 facets=4 vertices=7 rho=8.8 anchor_shift=0
[FREE POLY] k=7 disc=0 raw=40 facets=4 vertices=7 rho=9.6 anchor_shift=0
[FREE POLY] k=7 disc=1 raw=40 facets=5 vertices=8 rho=5.6 anchor_shift=0
[FREE POLY] k=7 disc=2 raw=40 facets=4 vertices=7 rho=9.6 anchor_shift=0
[FREE POLY] k=8 disc=0 raw=40 facets=5 vertices=8 rho=10.4 anchor_shift=0
[FREE POLY] k=8 disc=1 raw=40 facets=5 vertices=8 rho=6.4 anchor_shift=0
[FREE POLY] k=8 disc=2 raw=40 facets=5 vertices=8 rho=10.4 anchor_shift=0
[RF SUPPORT SEED] removed=0 support_limit=-1
[SQP] before_solve iter=0 vars=16 constraints=119 max_d=-0.00494966
[QP WORST] iter=0 row=71 type=collision d=-0.00494966
[QP WORST COLLISION] scenario=37 k=7 obstacle=0 disc=2
[SQP] after_solve iter=0 converged=1 status=0 iterations=5 primal_residual=9.20146e-09 dual_residual=2.62161e-05 x_size=16 x_finite=1
[SQP LINESEARCH] iter=0 current_violation=0 accepted_violation=0 accepted=1 alpha=0.5 delta_u_norm=0.231912
[SQP SUPPORT] iter=0 support_size=0 support_limit=-1 support_ok=1
[SQP] before_solve iter=1 vars=16 constraints=119 max_d=-0.00246749
[QP WORST] iter=1 row=71 type=collision d=-0.00246749
[QP WORST COLLISION] scenario=37 k=7 obstacle=0 disc=2
[SQP] after_solve iter=1 converged=1 status=0 iterations=5 primal_residual=1.371e-08 dual_residual=2.56457e-05 x_size=16 x_finite=1
[SQP LINESEARCH] iter=1 current_violation=0 accepted_violation=0 accepted=1 alpha=0.5 delta_u_norm=0.190845
[SQP SUPPORT] iter=1 support_size=0 support_limit=-1 support_ok=1
[SQP] before_solve iter=2 vars=16 constraints=119 max_d=-0.00123599
[QP WORST] iter=2 row=71 type=collision d=-0.00123599
[QP WORST COLLISION] scenario=37 k=7 obstacle=0 disc=2
[SQP] after_solve iter=2 converged=1 status=0 iterations=5 primal_residual=7.06137e-09 dual_residual=2.34548e-05 x_size=16 x_finite=1
[SQP LINESEARCH] iter=2 current_violation=0 accepted_violation=0 accepted=1 alpha=0.5 delta_u_norm=0.170821
[SQP SUPPORT] iter=2 support_size=0 support_limit=-1 support_ok=1
[SQP] before_solve iter=3 vars=16 constraints=119 max_d=-0.000619781
[QP WORST] iter=3 row=71 type=collision d=-0.000619781
[QP WORST COLLISION] scenario=37 k=7 obstacle=0 disc=2
[SQP] after_solve iter=3 converged=1 status=0 iterations=5 primal_residual=8.2536e-09 dual_residual=2.40131e-05 x_size=16 x_finite=1
[SQP LINESEARCH] iter=3 current_violation=0 accepted_violation=0 accepted=1 alpha=1 delta_u_norm=0.158949
[SQP SUPPORT] iter=3 support_size=0 support_limit=-1 support_ok=1
[SQP] before_solve iter=4 vars=16 constraints=119 max_d=-5.51662e-07
[QP WORST] iter=4 row=55 type=collision d=-5.51662e-07
[QP WORST COLLISION] scenario=1 k=6 obstacle=0 disc=2
[SQP] after_solve iter=4 converged=1 status=0 iterations=5 primal_residual=4.96417e-08 dual_residual=3.57829e-05 x_size=16 x_finite=1
[SQP LINESEARCH] iter=4 current_violation=0 accepted_violation=0 accepted=1 alpha=1 delta_u_norm=0.1429
[SQP SUPPORT] iter=4 support_size=0 support_limit=-1 support_ok=1
[SQP] before_solve iter=5 vars=16 constraints=119 max_d=-7.97732e-07
[QP WORST] iter=5 row=55 type=collision d=-7.97732e-07
[QP WORST COLLISION] scenario=1 k=6 obstacle=0 disc=2
[SQP] after_solve iter=5 converged=1 status=0 iterations=5 primal_residual=8.5817e-08 dual_residual=4.3126e-05 x_size=16 x_finite=1
[SQP LINESEARCH] iter=5 current_violation=0 accepted_violation=0 accepted=1 alpha=1 delta_u_norm=0.131744
[SQP SUPPORT] iter=5 support_size=0 support_limit=-1 support_ok=1
[SQP] before_solve iter=6 vars=16 constraints=119 max_d=-8.66295e-07
[QP WORST] iter=6 row=55 type=collision d=-8.66295e-07
[QP WORST COLLISION] scenario=1 k=6 obstacle=0 disc=2
[SQP] after_solve iter=6 converged=1 status=0 iterations=5 primal_residual=1.09383e-07 dual_residual=4.7045e-05 x_size=16 x_finite=1
[SQP LINESEARCH] iter=6 current_violation=0 accepted_violation=0 accepted=1 alpha=1 delta_u_norm=0.122525
[SQP SUPPORT] iter=6 support_size=0 support_limit=-1 support_ok=1
[SQP] before_solve iter=7 vars=16 constraints=119 max_d=-8.45508e-07
[QP WORST] iter=7 row=55 type=collision d=-8.45508e-07
[QP WORST COLLISION] scenario=1 k=6 obstacle=0 disc=2
[SQP] after_solve iter=7 converged=1 status=0 iterations=5 primal_residual=1.24191e-07 dual_residual=4.97935e-05 x_size=16 x_finite=1
[SQP LINESEARCH] iter=7 current_violation=0 accepted_violation=0 accepted=1 alpha=1 delta_u_norm=0.114586
[SQP SUPPORT] iter=7 support_size=0 support_limit=-1 support_ok=1
[SQP] before_solve iter=8 vars=16 constraints=119 max_d=-8.09592e-07
[QP WORST] iter=8 row=55 type=collision d=-8.09592e-07
[QP WORST COLLISION] scenario=1 k=6 obstacle=0 disc=2
[SQP] after_solve iter=8 converged=1 status=0 iterations=5 primal_residual=1.33486e-07 dual_residual=5.35512e-05 x_size=16 x_finite=1
[SQP LINESEARCH] iter=8 current_violation=0 accepted_violation=0 accepted=1 alpha=1 delta_u_norm=0.107582
[SQP SUPPORT] iter=8 support_size=0 support_limit=-1 support_ok=1
[SQP] before_solve iter=9 vars=16 constraints=119 max_d=-7.77405e-07
[QP WORST] iter=9 row=55 type=collision d=-7.77405e-07
[QP WORST COLLISION] scenario=1 k=6 obstacle=0 disc=2
[SQP] after_solve iter=9 converged=1 status=0 iterations=5 primal_residual=1.39347e-07 dual_residual=5.59372e-05 x_size=16 x_finite=1
[SQP LINESEARCH] iter=9 current_violation=0 accepted_violation=0 accepted=1 alpha=1 delta_u_norm=0.101299
[SQP SUPPORT] iter=9 support_size=0 support_limit=-1 support_ok=1
[SQP FINAL] final_violation=0 violated_constraints=0
[SUPPORT FINAL] sqp_union=0 final_active=2 support_limit=-1
[SUPPORT FINAL IDS] 1 37
[SUPPORT UNION IDS]
[COLD START RECOVERY CHECK] ordinary_sqp_failed=0 seed_available=1 incompatible=0 try_homotopy=0
[HARNESS RESULT] step=8 success=1 controls=8 first_input_present=1
[MPC STEP METRICS] step=8 applied=1 success=1 fallback=0 a=-0.0666337 omega=-0.0981332 dt=0.1 acceleration_weight=0.1 steering_weight=0.1 control_cost_unweighted=0.0140702 control_cost_weighted=0.00140702 mpc_cost=-16.445 solve_time=0.0412823 qp_solve_time=0.0278875 constraint_time=0.00715235 dro_risk_time=0.00040084 ambiguity_radius=0.00408906 certificate=not_requested
[EVAL SAFETY] step=9 min_center_distance=1.30907 min_clearance=0.359071 collision_this_step=0 collision_run=0 collision_radius=0.95
[DRO SUMMARY] step=10 obstacle=0 S=40 rho=0.00409774 rho_raw=0.00409774 D_max=0.0115351 D_min=0.00578169 tv_bound=0.708745 eta=0.355241 eta_raw=0.355241 radius_m=10 radius_d=3 transport_cost=0.00409774 budget_usage=1 lambda=1.83467 q_support=2 nominal_risk=0.0195972 qstar_risk=0.0271734 risk_lift=0.00757624 tv=0.405885
[DRO MODE] step=10 obstacle=0 mode=constant_velocity p=0.304348 risk=0.0187173 q=0.20281 delta_q=-0.101537 q_times_S=8.11241
[DRO MODE] step=10 obstacle=0 mode=turn_left p=0.304348 risk=0.0079703 q=0 delta_q=-0.304348 q_times_S=0
[DRO MODE] step=10 obstacle=0 mode=turn_right p=0.391304 risk=0.0293247 q=0.79719 delta_q=0.405885 q_times_S=31.8876
[DRO SAMPLE] step=10 obstacle=0 mode=constant_velocity q=0.20281 q_times_S=8.11241 first_count=5 first_fraction=0.125 occupancy=40 occupancy_fraction=0.125
[DRO SAMPLE] step=10 obstacle=0 mode=turn_left q=0 q_times_S=0 first_count=0 first_fraction=0 occupancy=0 occupancy_fraction=0
[DRO SAMPLE] step=10 obstacle=0 mode=turn_right q=0.79719 q_times_S=31.8876 first_count=35 first_fraction=0.875 occupancy=280 occupancy_fraction=0.875
[RF BACKUP] available=1 controls=8 states=9
[FREE POLY] k=1 disc=0 raw=40 facets=3 vertices=6 rho=4.8 anchor_shift=0
[FREE POLY] k=1 disc=1 raw=40 facets=0 vertices=4 rho=0.800001 anchor_shift=0
[FREE POLY] k=1 disc=2 raw=40 facets=5 vertices=8 rho=4.8 anchor_shift=0
[FREE POLY] k=2 disc=0 raw=40 facets=3 vertices=6 rho=5.6 anchor_shift=0
[FREE POLY] k=2 disc=1 raw=40 facets=0 vertices=4 rho=1.6 anchor_shift=0
[FREE POLY] k=2 disc=2 raw=40 facets=3 vertices=6 rho=5.6 anchor_shift=0
[FREE POLY] k=3 disc=0 raw=40 facets=3 vertices=6 rho=6.4 anchor_shift=0
[FREE POLY] k=3 disc=1 raw=40 facets=2 vertices=5 rho=2.4 anchor_shift=0
[FREE POLY] k=3 disc=2 raw=40 facets=3 vertices=6 rho=6.4 anchor_shift=0
[FREE POLY] k=4 disc=0 raw=40 facets=3 vertices=6 rho=7.2 anchor_shift=0
[FREE POLY] k=4 disc=1 raw=40 facets=2 vertices=5 rho=3.2 anchor_shift=0
[FREE POLY] k=4 disc=2 raw=40 facets=4 vertices=7 rho=7.2 anchor_shift=0
[FREE POLY] k=5 disc=0 raw=40 facets=4 vertices=7 rho=8 anchor_shift=0
[FREE POLY] k=5 disc=1 raw=40 facets=2 vertices=5 rho=4 anchor_shift=0
[FREE POLY] k=5 disc=2 raw=40 facets=6 vertices=9 rho=8 anchor_shift=0
[FREE POLY] k=6 disc=0 raw=40 facets=4 vertices=7 rho=8.8 anchor_shift=0
[FREE POLY] k=6 disc=1 raw=40 facets=2 vertices=5 rho=4.8 anchor_shift=0
[FREE POLY] k=6 disc=2 raw=40 facets=5 vertices=8 rho=8.8 anchor_shift=0
[FREE POLY] k=7 disc=0 raw=40 facets=4 vertices=7 rho=9.6 anchor_shift=0
[FREE POLY] k=7 disc=1 raw=40 facets=3 vertices=6 rho=5.6 anchor_shift=0
[FREE POLY] k=7 disc=2 raw=40 facets=4 vertices=7 rho=9.6 anchor_shift=0
[FREE POLY] k=8 disc=0 raw=40 facets=4 vertices=7 rho=10.4 anchor_shift=0
[FREE POLY] k=8 disc=1 raw=40 facets=4 vertices=7 rho=6.4 anchor_shift=0
[FREE POLY] k=8 disc=2 raw=40 facets=4 vertices=7 rho=10.4 anchor_shift=0
[RF SUPPORT SEED] removed=0 support_limit=-1
[SQP] before_solve iter=0 vars=16 constraints=109 max_d=-0.0125156
[QP WORST] iter=0 row=40 type=collision d=-0.0125156
[QP WORST COLLISION] scenario=35 k=5 obstacle=0 disc=2
[SQP] after_solve iter=0 converged=1 status=0 iterations=5 primal_residual=4.16334e-16 dual_residual=7.29741e-05 x_size=16 x_finite=1
[SQP LINESEARCH] iter=0 current_violation=0 accepted_violation=0 accepted=1 alpha=0.5 delta_u_norm=0.31065
[SQP SUPPORT] iter=0 support_size=0 support_limit=-1 support_ok=1
[SQP] before_solve iter=1 vars=16 constraints=109 max_d=-0.00633186
[QP WORST] iter=1 row=40 type=collision d=-0.00633186
[QP WORST COLLISION] scenario=35 k=5 obstacle=0 disc=2
[SQP] after_solve iter=1 converged=1 status=0 iterations=5 primal_residual=4.02456e-16 dual_residual=7.98116e-05 x_size=16 x_finite=1
[SQP LINESEARCH] iter=1 current_violation=0 accepted_violation=0 accepted=1 alpha=1 delta_u_norm=0.216759
[SQP SUPPORT] iter=1 support_size=0 support_limit=-1 support_ok=1
[SQP] before_solve iter=2 vars=16 constraints=109 max_d=-8.34492e-06
[QP WORST] iter=2 row=73 type=collision d=-8.34492e-06
[QP WORST COLLISION] scenario=7 k=8 obstacle=0 disc=2
[SQP] after_solve iter=2 converged=1 status=0 iterations=5 primal_residual=4.20318e-16 dual_residual=7.65171e-05 x_size=16 x_finite=1
[SQP LINESEARCH] iter=2 current_violation=0 accepted_violation=0 accepted=1 alpha=1 delta_u_norm=0.151924
[SQP SUPPORT] iter=2 support_size=0 support_limit=-1 support_ok=1
[SQP] before_solve iter=3 vars=16 constraints=109 max_d=-3.15073e-05
[QP WORST] iter=3 row=20 type=collision d=-3.15073e-05
[QP WORST COLLISION] scenario=35 k=3 obstacle=0 disc=2
[SQP] after_solve iter=3 converged=1 status=0 iterations=5 primal_residual=4.16943e-16 dual_residual=7.46523e-05 x_size=16 x_finite=1
[SQP LINESEARCH] iter=3 current_violation=0 accepted_violation=0 accepted=1 alpha=1 delta_u_norm=0.138323
[SQP SUPPORT] iter=3 support_size=0 support_limit=-1 support_ok=1
[SQP] before_solve iter=4 vars=16 constraints=109 max_d=-2.67335e-05
[QP WORST] iter=4 row=20 type=collision d=-2.67335e-05
[QP WORST COLLISION] scenario=35 k=3 obstacle=0 disc=2
[SQP] after_solve iter=4 converged=1 status=0 iterations=5 primal_residual=4.3715e-16 dual_residual=7.39309e-05 x_size=16 x_finite=1
[SQP LINESEARCH] iter=4 current_violation=0 accepted_violation=0 accepted=1 alpha=1 delta_u_norm=0.128584
[SQP SUPPORT] iter=4 support_size=0 support_limit=-1 support_ok=1
[SQP] before_solve iter=5 vars=16 constraints=109 max_d=-2.35828e-05
[QP WORST] iter=5 row=20 type=collision d=-2.35828e-05
[QP WORST COLLISION] scenario=35 k=3 obstacle=0 disc=2
[SQP] after_solve iter=5 converged=1 status=0 iterations=5 primal_residual=4.4127e-16 dual_residual=7.33823e-05 x_size=16 x_finite=1
[SQP LINESEARCH] iter=5 current_violation=0 accepted_violation=0 accepted=1 alpha=1 delta_u_norm=0.120294
[SQP SUPPORT] iter=5 support_size=0 support_limit=-1 support_ok=1
[SQP] before_solve iter=6 vars=16 constraints=109 max_d=-2.12714e-05
[QP WORST] iter=6 row=20 type=collision d=-2.12714e-05
[QP WORST COLLISION] scenario=35 k=3 obstacle=0 disc=2
[SQP] after_solve iter=6 converged=1 status=0 iterations=5 primal_residual=4.25007e-16 dual_residual=7.29445e-05 x_size=16 x_finite=1
[SQP LINESEARCH] iter=6 current_violation=0 accepted_violation=0 accepted=1 alpha=1 delta_u_norm=0.112979
[SQP SUPPORT] iter=6 support_size=0 support_limit=-1 support_ok=1
[SQP] before_solve iter=7 vars=16 constraints=109 max_d=-1.96179e-05
[QP WORST] iter=7 row=20 type=collision d=-1.96179e-05
[QP WORST COLLISION] scenario=35 k=3 obstacle=0 disc=2
[SQP] after_solve iter=7 converged=1 status=0 iterations=5 primal_residual=4.19803e-16 dual_residual=7.26016e-05 x_size=16 x_finite=1
[SQP LINESEARCH] iter=7 current_violation=0 accepted_violation=0 accepted=1 alpha=1 delta_u_norm=0.106409
[SQP SUPPORT] iter=7 support_size=0 support_limit=-1 support_ok=1
[SQP] before_solve iter=8 vars=16 constraints=109 max_d=-1.84117e-05
[QP WORST] iter=8 row=20 type=collision d=-1.84117e-05
[QP WORST COLLISION] scenario=35 k=3 obstacle=0 disc=2
[SQP] after_solve iter=8 converged=1 status=0 iterations=5 primal_residual=4.26742e-16 dual_residual=7.23476e-05 x_size=16 x_finite=1
[SQP LINESEARCH] iter=8 current_violation=0 accepted_violation=0 accepted=1 alpha=1 delta_u_norm=0.100439
[SQP SUPPORT] iter=8 support_size=0 support_limit=-1 support_ok=1
[SQP] before_solve iter=9 vars=16 constraints=109 max_d=-1.75393e-05
[QP WORST] iter=9 row=20 type=collision d=-1.75393e-05
[QP WORST COLLISION] scenario=35 k=3 obstacle=0 disc=2
[SQP] after_solve iter=9 converged=1 status=0 iterations=5 primal_residual=4.3582e-16 dual_residual=7.21703e-05 x_size=16 x_finite=1
[SQP LINESEARCH] iter=9 current_violation=0 accepted_violation=0 accepted=1 alpha=1 delta_u_norm=0.0949658
[SQP SUPPORT] iter=9 support_size=0 support_limit=-1 support_ok=1
[SQP FINAL] final_violation=0 violated_constraints=0
[SUPPORT FINAL] sqp_union=0 final_active=2 support_limit=-1
[SUPPORT FINAL IDS] 7 35
[SUPPORT UNION IDS]
[COLD START RECOVERY CHECK] ordinary_sqp_failed=0 seed_available=1 incompatible=0 try_homotopy=0
[HARNESS RESULT] step=9 success=1 controls=8 first_input_present=1
[MPC STEP METRICS] step=9 applied=1 success=1 fallback=0 a=-0.0462603 omega=-0.671076 dt=0.1 acceleration_weight=0.1 steering_weight=0.1 control_cost_unweighted=0.452483 control_cost_weighted=0.0452483 mpc_cost=-16.2122 solve_time=0.0395486 qp_solve_time=0.0264864 constraint_time=0.00693632 dro_risk_time=0.000404558 ambiguity_radius=0.00409774 certificate=not_requested
[EVAL SAFETY] step=10 min_center_distance=1.14004 min_clearance=0.190039 collision_this_step=0 collision_run=0 collision_radius=0.95
[DRO SUMMARY] step=11 obstacle=0 S=40 rho=0.00384498 rho_raw=0.00384498 D_max=0.0115351 D_min=0.00578169 tv_bound=0.665027 eta=0.333329 eta_raw=0.333329 radius_m=11 radius_d=3 transport_cost=0.00384498 budget_usage=1 lambda=1.81742 q_support=2 nominal_risk=0.033953 qstar_risk=0.0411023 risk_lift=0.00714937 tv=0.36
[DRO MODE] step=11 obstacle=0 mode=constant_velocity p=0.28 risk=0.0341329 q=0.333474 delta_q=0.0534739 q_times_S=13.339
[DRO MODE] step=11 obstacle=0 mode=turn_left p=0.36 risk=0.0231767 q=0 delta_q=-0.36 q_times_S=0
[DRO MODE] step=11 obstacle=0 mode=turn_right p=0.36 risk=0.0445892 q=0.666526 delta_q=0.306526 q_times_S=26.661
[DRO SAMPLE] step=11 obstacle=0 mode=constant_velocity q=0.333474 q_times_S=13.339 first_count=9 first_fraction=0.225 occupancy=72 occupancy_fraction=0.225
[DRO SAMPLE] step=11 obstacle=0 mode=turn_left q=0 q_times_S=0 first_count=0 first_fraction=0 occupancy=0 occupancy_fraction=0
[DRO SAMPLE] step=11 obstacle=0 mode=turn_right q=0.666526 q_times_S=26.661 first_count=31 first_fraction=0.775 occupancy=248 occupancy_fraction=0.775
[RF BACKUP] available=1 controls=8 states=9
[FREE POLY] k=1 disc=0 raw=40 facets=3 vertices=6 rho=4.8 anchor_shift=0
[FREE POLY] k=1 disc=1 raw=40 facets=0 vertices=4 rho=0.800001 anchor_shift=0
[FREE POLY] k=1 disc=2 raw=40 facets=6 vertices=9 rho=4.8 anchor_shift=0
[FREE POLY] k=2 disc=0 raw=40 facets=6 vertices=9 rho=5.6 anchor_shift=0
[FREE POLY] k=2 disc=1 raw=40 facets=0 vertices=4 rho=1.6 anchor_shift=0
[FREE POLY] k=2 disc=2 raw=40 facets=7 vertices=10 rho=5.6 anchor_shift=0
[FREE POLY] k=3 disc=0 raw=40 facets=3 vertices=6 rho=6.4 anchor_shift=0
[FREE POLY] k=3 disc=1 raw=40 facets=3 vertices=6 rho=2.4 anchor_shift=0
[FREE POLY] k=3 disc=2 raw=40 facets=5 vertices=8 rho=6.4 anchor_shift=0
[FREE POLY] k=4 disc=0 raw=40 facets=2 vertices=5 rho=7.2 anchor_shift=0
[FREE POLY] k=4 disc=1 raw=40 facets=4 vertices=7 rho=3.2 anchor_shift=0
[FREE POLY] k=4 disc=2 raw=40 facets=6 vertices=9 rho=7.2 anchor_shift=0
[FREE POLY] k=5 disc=0 raw=40 facets=2 vertices=5 rho=8 anchor_shift=0
[FREE POLY] k=5 disc=1 raw=40 facets=3 vertices=6 rho=4 anchor_shift=0
[FREE POLY] k=5 disc=2 raw=40 facets=3 vertices=6 rho=8 anchor_shift=0
[FREE POLY] k=6 disc=0 raw=40 facets=3 vertices=6 rho=8.8 anchor_shift=0
[FREE POLY] k=6 disc=1 raw=40 facets=3 vertices=6 rho=4.8 anchor_shift=0
[FREE POLY] k=6 disc=2 raw=40 facets=4 vertices=7 rho=8.8 anchor_shift=0
[FREE POLY] k=7 disc=0 raw=40 facets=4 vertices=7 rho=9.6 anchor_shift=0
[FREE POLY] k=7 disc=1 raw=40 facets=4 vertices=7 rho=5.6 anchor_shift=0
[FREE POLY] k=7 disc=2 raw=40 facets=4 vertices=7 rho=9.6 anchor_shift=0
[FREE POLY] k=8 disc=0 raw=40 facets=4 vertices=7 rho=10.4 anchor_shift=0
[FREE POLY] k=8 disc=1 raw=40 facets=4 vertices=7 rho=6.4 anchor_shift=0
[FREE POLY] k=8 disc=2 raw=40 facets=4 vertices=7 rho=10.4 anchor_shift=0
[RF SUPPORT SEED] removed=0 support_limit=-1
[SQP] before_solve iter=0 vars=16 constraints=119 max_d=-0.000134728
[QP WORST] iter=0 row=73 type=collision d=-0.000134728
[QP WORST COLLISION] scenario=37 k=7 obstacle=0 disc=2
[SQP] after_solve iter=0 converged=1 status=0 iterations=7 primal_residual=6.14488e-08 dual_residual=3.19952e-05 x_size=16 x_finite=1
[SQP LINESEARCH] iter=0 current_violation=0 accepted_violation=0 accepted=1 alpha=0.5 delta_u_norm=0.404736
[SQP SUPPORT] iter=0 support_size=0 support_limit=-1 support_ok=1
[SQP] before_solve iter=1 vars=16 constraints=119 max_d=-6.59029e-05
[QP WORST] iter=1 row=73 type=collision d=-6.59029e-05
[QP WORST COLLISION] scenario=37 k=7 obstacle=0 disc=2
[SQP] after_solve iter=1 converged=1 status=0 iterations=7 primal_residual=9.12087e-08 dual_residual=5.51872e-05 x_size=16 x_finite=1
[SQP LINESEARCH] iter=1 current_violation=0 accepted_violation=0 accepted=1 alpha=0.5 delta_u_norm=0.252709
[SQP SUPPORT] iter=1 support_size=0 support_limit=-1 support_ok=1
[SQP] before_solve iter=2 vars=16 constraints=119 max_d=-4.9929e-05
[QP WORST] iter=2 row=73 type=collision d=-4.9929e-05
[QP WORST COLLISION] scenario=37 k=7 obstacle=0 disc=2
[SQP] after_solve iter=2 converged=1 status=0 iterations=7 primal_residual=1.19733e-07 dual_residual=7.76895e-05 x_size=16 x_finite=1
[SQP LINESEARCH] iter=2 current_violation=0 accepted_violation=0 accepted=1 alpha=1 delta_u_norm=0.187461
[SQP SUPPORT] iter=2 support_size=0 support_limit=-1 support_ok=1
[SQP] before_solve iter=3 vars=16 constraints=119 max_d=-9.90089e-06
[QP WORST] iter=3 row=18 type=collision d=-9.90089e-06
[QP WORST COLLISION] scenario=25 k=2 obstacle=0 disc=2
[SQP] after_solve iter=3 converged=1 status=0 iterations=8 primal_residual=3.59088e-16 dual_residual=4.91256e-06 x_size=16 x_finite=1
[SQP LINESEARCH] iter=3 current_violation=0 accepted_violation=0 accepted=1 alpha=1 delta_u_norm=0.144218
[SQP SUPPORT] iter=3 support_size=0 support_limit=-1 support_ok=1
[SQP] before_solve iter=4 vars=16 constraints=119 max_d=-7.21491e-06
[QP WORST] iter=4 row=85 type=collision d=-7.21491e-06
[QP WORST COLLISION] scenario=37 k=8 obstacle=0 disc=2
[SQP] after_solve iter=4 converged=1 status=0 iterations=8 primal_residual=3.03577e-16 dual_residual=4.88813e-06 x_size=16 x_finite=1
[SQP LINESEARCH] iter=4 current_violation=0 accepted_violation=0 accepted=1 alpha=1 delta_u_norm=0.133211
[SQP SUPPORT] iter=4 support_size=0 support_limit=-1 support_ok=1
[SQP] before_solve iter=5 vars=16 constraints=119 max_d=-7.5843e-06
[QP WORST] iter=5 row=85 type=collision d=-7.5843e-06
[QP WORST COLLISION] scenario=37 k=8 obstacle=0 disc=2
[SQP] after_solve iter=5 converged=1 status=0 iterations=8 primal_residual=4.44089e-16 dual_residual=4.85436e-06 x_size=16 x_finite=1
[SQP LINESEARCH] iter=5 current_violation=0 accepted_violation=0 accepted=1 alpha=1 delta_u_norm=0.124593
[SQP SUPPORT] iter=5 support_size=0 support_limit=-1 support_ok=1
[SQP] before_solve iter=6 vars=16 constraints=119 max_d=-7.53799e-06
[QP WORST] iter=6 row=85 type=collision d=-7.53799e-06
[QP WORST COLLISION] scenario=37 k=8 obstacle=0 disc=2
[SQP] after_solve iter=6 converged=1 status=0 iterations=8 primal_residual=4.44089e-16 dual_residual=4.82667e-06 x_size=16 x_finite=1
[SQP LINESEARCH] iter=6 current_violation=0 accepted_violation=0 accepted=1 alpha=1 delta_u_norm=0.117106
[SQP SUPPORT] iter=6 support_size=0 support_limit=-1 support_ok=1
[SQP] before_solve iter=7 vars=16 constraints=119 max_d=-7.47712e-06
[QP WORST] iter=7 row=85 type=collision d=-7.47712e-06
[QP WORST COLLISION] scenario=37 k=8 obstacle=0 disc=2
[SQP] after_solve iter=7 converged=1 status=0 iterations=8 primal_residual=4.30211e-16 dual_residual=4.80711e-06 x_size=16 x_finite=1
[SQP LINESEARCH] iter=7 current_violation=0 accepted_violation=0 accepted=1 alpha=1 delta_u_norm=0.110419
[SQP SUPPORT] iter=7 support_size=0 support_limit=-1 support_ok=1
[SQP] before_solve iter=8 vars=16 constraints=119 max_d=-7.4348e-06
[QP WORST] iter=8 row=85 type=collision d=-7.4348e-06
[QP WORST COLLISION] scenario=37 k=8 obstacle=0 disc=2
[SQP] after_solve iter=8 converged=1 status=0 iterations=8 primal_residual=4.44089e-16 dual_residual=4.79514e-06 x_size=16 x_finite=1
[SQP LINESEARCH] iter=8 current_violation=0 accepted_violation=0 accepted=1 alpha=1 delta_u_norm=0.104353
[SQP SUPPORT] iter=8 support_size=0 support_limit=-1 support_ok=1
[SQP] before_solve iter=9 vars=16 constraints=119 max_d=-7.41002e-06
[QP WORST] iter=9 row=85 type=collision d=-7.41002e-06
[QP WORST COLLISION] scenario=37 k=8 obstacle=0 disc=2
[SQP] after_solve iter=9 converged=1 status=0 iterations=8 primal_residual=4.44089e-16 dual_residual=4.78951e-06 x_size=16 x_finite=1
[SQP LINESEARCH] iter=9 current_violation=0 accepted_violation=0 accepted=1 alpha=1 delta_u_norm=0.0987935
[SQP SUPPORT] iter=9 support_size=0 support_limit=-1 support_ok=1
[SQP FINAL] final_violation=0 violated_constraints=0
[SUPPORT FINAL] sqp_union=0 final_active=5 support_limit=-1
[SUPPORT FINAL IDS] 19 22 25 35 37
[SUPPORT UNION IDS]
[COLD START RECOVERY CHECK] ordinary_sqp_failed=0 seed_available=1 incompatible=0 try_homotopy=0
[HARNESS RESULT] step=10 success=1 controls=8 first_input_present=1
[MPC STEP METRICS] step=10 applied=1 success=1 fallback=0 a=-0.0344371 omega=-0.647224 dt=0.1 acceleration_weight=0.1 steering_weight=0.1 control_cost_unweighted=0.420084 control_cost_weighted=0.0420084 mpc_cost=-16.0369 solve_time=0.0404755 qp_solve_time=0.0270396 constraint_time=0.00727615 dro_risk_time=0.000419245 ambiguity_radius=0.00384498 certificate=not_requested
[EVAL SAFETY] step=11 min_center_distance=1.01028 min_clearance=0.0602823 collision_this_step=0 collision_run=0 collision_radius=0.95
[DRO SUMMARY] step=12 obstacle=0 S=40 rho=0.00365707 rho_raw=0.00365707 D_max=0.0115351 D_min=0.00578169 tv_bound=0.632526 eta=0.317038 eta_raw=0.317038 radius_m=12 radius_d=3 transport_cost=0.00365707 budget_usage=1 lambda=0.917508 q_support=2 nominal_risk=0.00406563 qstar_risk=0.00864284 risk_lift=0.00457721 tv=0.483296
[DRO MODE] step=12 obstacle=0 mode=constant_velocity p=0.333333 risk=0.00161334 q=0 delta_q=-0.333333 q_times_S=0
[DRO MODE] step=12 obstacle=0 mode=turn_left p=0.333333 risk=0 q=0.18337 delta_q=-0.149963 q_times_S=7.33481
[DRO MODE] step=12 obstacle=0 mode=turn_right p=0.333333 risk=0.0105835 q=0.81663 delta_q=0.483296 q_times_S=32.6652
[DRO SAMPLE] step=12 obstacle=0 mode=constant_velocity q=0 q_times_S=0 first_count=0 first_fraction=0 occupancy=0 occupancy_fraction=0
[DRO SAMPLE] step=12 obstacle=0 mode=turn_left q=0.18337 q_times_S=7.33481 first_count=8 first_fraction=0.2 occupancy=64 occupancy_fraction=0.2
[DRO SAMPLE] step=12 obstacle=0 mode=turn_right q=0.81663 q_times_S=32.6652 first_count=32 first_fraction=0.8 occupancy=256 occupancy_fraction=0.8
[RF BACKUP] available=1 controls=8 states=9
[FREE POLY] k=1 disc=0 raw=40 facets=2 vertices=5 rho=4.8 anchor_shift=0
[FREE POLY] k=1 disc=1 raw=40 facets=0 vertices=4 rho=0.800001 anchor_shift=0
[FREE POLY] k=1 disc=2 raw=40 facets=3 vertices=6 rho=4.8 anchor_shift=0
[FREE POLY] k=2 disc=0 raw=40 facets=2 vertices=5 rho=5.6 anchor_shift=0
[FREE POLY] k=2 disc=1 raw=40 facets=1 vertices=5 rho=1.6 anchor_shift=0
[FREE POLY] k=2 disc=2 raw=40 facets=3 vertices=6 rho=5.6 anchor_shift=0
[FREE POLY] k=3 disc=0 raw=40 facets=4 vertices=7 rho=6.4 anchor_shift=0
[FREE POLY] k=3 disc=1 raw=40 facets=3 vertices=6 rho=2.4 anchor_shift=0
[FREE POLY] k=3 disc=2 raw=40 facets=4 vertices=7 rho=6.4 anchor_shift=0
[FREE POLY] k=4 disc=0 raw=40 facets=4 vertices=7 rho=7.2 anchor_shift=0
[FREE POLY] k=4 disc=1 raw=40 facets=4 vertices=7 rho=3.2 anchor_shift=0
[FREE POLY] k=4 disc=2 raw=40 facets=3 vertices=6 rho=7.2 anchor_shift=0
[FREE POLY] k=5 disc=0 raw=40 facets=5 vertices=8 rho=8 anchor_shift=0
[FREE POLY] k=5 disc=1 raw=40 facets=3 vertices=6 rho=4 anchor_shift=0
[FREE POLY] k=5 disc=2 raw=40 facets=4 vertices=7 rho=8 anchor_shift=0
[FREE POLY] k=6 disc=0 raw=40 facets=5 vertices=8 rho=8.8 anchor_shift=0
[FREE POLY] k=6 disc=1 raw=40 facets=4 vertices=7 rho=4.8 anchor_shift=0
[FREE POLY] k=6 disc=2 raw=40 facets=4 vertices=7 rho=8.8 anchor_shift=0
[FREE POLY] k=7 disc=0 raw=40 facets=5 vertices=8 rho=9.6 anchor_shift=0
[FREE POLY] k=7 disc=1 raw=40 facets=4 vertices=7 rho=5.6 anchor_shift=0
[FREE POLY] k=7 disc=2 raw=40 facets=6 vertices=9 rho=9.6 anchor_shift=0
[FREE POLY] k=8 disc=0 raw=40 facets=5 vertices=8 rho=10.4 anchor_shift=0
[FREE POLY] k=8 disc=1 raw=40 facets=4 vertices=7 rho=6.4 anchor_shift=0
[FREE POLY] k=8 disc=2 raw=40 facets=6 vertices=9 rho=10.4 anchor_shift=0
[RF SUPPORT SEED] removed=0 support_limit=-1
[SQP] before_solve iter=0 vars=16 constraints=120 max_d=0.0525487
[QP WORST] iter=0 row=70 type=collision d=0.0525487
[QP WORST COLLISION] scenario=22 k=7 obstacle=0 disc=2
[SQP] after_solve iter=0 converged=1 status=0 iterations=7 primal_residual=1.48599e-08 dual_residual=9.0131e-06 x_size=16 x_finite=1
[SQP LINESEARCH] iter=0 current_violation=0.0525487 accepted_violation=0.000324646 accepted=1 alpha=1 delta_u_norm=0.415426
[SQP SUPPORT] iter=0 support_size=0 support_limit=-1 support_ok=1
[SQP] before_solve iter=1 vars=16 constraints=120 max_d=0.000324646
[QP WORST] iter=1 row=70 type=collision d=0.000324646
[QP WORST COLLISION] scenario=22 k=7 obstacle=0 disc=2
[SQP] after_solve iter=1 converged=1 status=0 iterations=6 primal_residual=3.81639e-16 dual_residual=8.0929e-06 x_size=16 x_finite=1
[SQP LINESEARCH] iter=1 current_violation=0.000324646 accepted_violation=0 accepted=1 alpha=1 delta_u_norm=0.161201
[SQP SUPPORT] iter=1 support_size=0 support_limit=-1 support_ok=1
[SQP] before_solve iter=2 vars=16 constraints=120 max_d=-6.11998e-08
[QP WORST] iter=2 row=19 type=collision d=-6.11998e-08
[QP WORST COLLISION] scenario=10 k=3 obstacle=0 disc=2
[SQP] after_solve iter=2 converged=1 status=0 iterations=6 primal_residual=4.02456e-16 dual_residual=9.08581e-06 x_size=16 x_finite=1
[SQP LINESEARCH] iter=2 current_violation=0 accepted_violation=0 accepted=1 alpha=1 delta_u_norm=0.145133
[SQP SUPPORT] iter=2 support_size=0 support_limit=-1 support_ok=1
[SQP] before_solve iter=3 vars=16 constraints=120 max_d=-8.828e-08
[QP WORST] iter=3 row=19 type=collision d=-8.828e-08
[QP WORST COLLISION] scenario=10 k=3 obstacle=0 disc=2
[SQP] after_solve iter=3 converged=1 status=0 iterations=6 primal_residual=4.02456e-16 dual_residual=1.02674e-05 x_size=16 x_finite=1
[SQP LINESEARCH] iter=3 current_violation=0 accepted_violation=0 accepted=1 alpha=1 delta_u_norm=0.135102
[SQP SUPPORT] iter=3 support_size=0 support_limit=-1 support_ok=1
[SQP] before_solve iter=4 vars=16 constraints=120 max_d=-1.0276e-07
[QP WORST] iter=4 row=19 type=collision d=-1.0276e-07
[QP WORST COLLISION] scenario=10 k=3 obstacle=0 disc=2
[SQP] after_solve iter=4 converged=1 status=0 iterations=6 primal_residual=4.02456e-16 dual_residual=1.12441e-05 x_size=16 x_finite=1
[SQP LINESEARCH] iter=4 current_violation=0 accepted_violation=0 accepted=1 alpha=1 delta_u_norm=0.126662
[SQP SUPPORT] iter=4 support_size=0 support_limit=-1 support_ok=1
[SQP] before_solve iter=5 vars=16 constraints=120 max_d=-1.09683e-07
[QP WORST] iter=5 row=19 type=collision d=-1.09683e-07
[QP WORST COLLISION] scenario=10 k=3 obstacle=0 disc=2
[SQP] after_solve iter=5 converged=1 status=0 iterations=6 primal_residual=2.498e-16 dual_residual=1.1952e-05 x_size=16 x_finite=1
[SQP LINESEARCH] iter=5 current_violation=0 accepted_violation=0 accepted=1 alpha=1 delta_u_norm=0.119172
[SQP SUPPORT] iter=5 support_size=0 support_limit=-1 support_ok=1
[SQP] before_solve iter=6 vars=16 constraints=120 max_d=-1.14463e-07
[QP WORST] iter=6 row=19 type=collision d=-1.14463e-07
[QP WORST COLLISION] scenario=10 k=3 obstacle=0 disc=2
[SQP] after_solve iter=6 converged=1 status=0 iterations=6 primal_residual=4.25007e-16 dual_residual=1.2417e-05 x_size=16 x_finite=1
[SQP LINESEARCH] iter=6 current_violation=0 accepted_violation=0 accepted=1 alpha=1 delta_u_norm=0.112403
[SQP SUPPORT] iter=6 support_size=0 support_limit=-1 support_ok=1
[SQP] before_solve iter=7 vars=16 constraints=120 max_d=-1.17903e-07
[QP WORST] iter=7 row=19 type=collision d=-1.17903e-07
[QP WORST COLLISION] scenario=10 k=3 obstacle=0 disc=2
[SQP] after_solve iter=7 converged=1 status=0 iterations=6 primal_residual=4.43656e-16 dual_residual=1.26838e-05 x_size=16 x_finite=1
[SQP LINESEARCH] iter=7 current_violation=0 accepted_violation=0 accepted=1 alpha=1 delta_u_norm=0.106218
[SQP SUPPORT] iter=7 support_size=0 support_limit=-1 support_ok=1
[SQP] before_solve iter=8 vars=16 constraints=120 max_d=-1.19985e-07
[QP WORST] iter=8 row=19 type=collision d=-1.19985e-07
[QP WORST COLLISION] scenario=10 k=3 obstacle=0 disc=2
[SQP] after_solve iter=8 converged=1 status=0 iterations=6 primal_residual=3.69496e-16 dual_residual=1.27955e-05 x_size=16 x_finite=1
[SQP LINESEARCH] iter=8 current_violation=0 accepted_violation=0 accepted=1 alpha=1 delta_u_norm=0.100522
[SQP SUPPORT] iter=8 support_size=0 support_limit=-1 support_ok=1
[SQP] before_solve iter=9 vars=16 constraints=120 max_d=-1.20743e-07
[QP WORST] iter=9 row=19 type=collision d=-1.20743e-07
[QP WORST COLLISION] scenario=10 k=3 obstacle=0 disc=2
[SQP] after_solve iter=9 converged=1 status=0 iterations=6 primal_residual=4.46691e-16 dual_residual=1.27881e-05 x_size=16 x_finite=1
[SQP LINESEARCH] iter=9 current_violation=0 accepted_violation=0 accepted=1 alpha=1 delta_u_norm=0.0952479
[SQP SUPPORT] iter=9 support_size=0 support_limit=-1 support_ok=1
[SQP FINAL] final_violation=0 violated_constraints=0
[SUPPORT FINAL] sqp_union=0 final_active=4 support_limit=-1
[SUPPORT FINAL IDS] 2 10 22 39
[SUPPORT UNION IDS]
[COLD START RECOVERY CHECK] ordinary_sqp_failed=0 seed_available=1 incompatible=0 try_homotopy=0
[HARNESS RESULT] step=11 success=1 controls=8 first_input_present=1
[MPC STEP METRICS] step=11 applied=1 success=1 fallback=0 a=0.0589009 omega=-0.765215 dt=0.1 acceleration_weight=0.1 steering_weight=0.1 control_cost_unweighted=0.589023 control_cost_weighted=0.0589023 mpc_cost=-15.7305 solve_time=0.0399745 qp_solve_time=0.0268505 constraint_time=0.00704029 dro_risk_time=0.000420487 ambiguity_radius=0.00365707 certificate=not_requested
[EVAL SAFETY] step=12 min_center_distance=0.955155 min_clearance=0.00515519 collision_this_step=0 collision_run=0 collision_radius=0.95
[DRO SUMMARY] step=13 obstacle=0 S=40 rho=0.0036467 rho_raw=0.0036467 D_max=0.0115351 D_min=0.00578169 tv_bound=0.630732 eta=0.316139 eta_raw=0.316139 radius_m=13 radius_d=3 transport_cost=0.0036467 budget_usage=1 lambda=0.1085 q_support=2 nominal_risk=0.000456204 qstar_risk=0.000977813 risk_lift=0.00052161 tv=0.470931
[DRO MODE] step=13 obstacle=0 mode=constant_velocity p=0.310345 risk=0.00021843 q=0 delta_q=-0.310345 q_times_S=0
[DRO MODE] step=13 obstacle=0 mode=turn_left p=0.37931 risk=0 q=0.218724 delta_q=-0.160586 q_times_S=8.74896
[DRO MODE] step=13 obstacle=0 mode=turn_right p=0.310345 risk=0.00125156 q=0.781276 delta_q=0.470931 q_times_S=31.251
[DRO SAMPLE] step=13 obstacle=0 mode=constant_velocity q=0 q_times_S=0 first_count=0 first_fraction=0 occupancy=0 occupancy_fraction=0
[DRO SAMPLE] step=13 obstacle=0 mode=turn_left q=0.218724 q_times_S=8.74896 first_count=9 first_fraction=0.225 occupancy=72 occupancy_fraction=0.225
[DRO SAMPLE] step=13 obstacle=0 mode=turn_right q=0.781276 q_times_S=31.251 first_count=31 first_fraction=0.775 occupancy=248 occupancy_fraction=0.775
[RF BACKUP] available=1 controls=8 states=9
[FREE POLY] k=1 disc=0 raw=40 facets=3 vertices=6 rho=4.8 anchor_shift=0
[FREE POLY] k=1 disc=1 raw=40 facets=0 vertices=4 rho=0.800001 anchor_shift=0
[FREE POLY] k=1 disc=2 raw=40 facets=2 vertices=5 rho=4.8 anchor_shift=0
[FREE POLY] k=2 disc=0 raw=40 facets=2 vertices=5 rho=5.6 anchor_shift=0
[FREE POLY] k=2 disc=1 raw=40 facets=1 vertices=4 rho=1.6 anchor_shift=0
[FREE POLY] k=2 disc=2 raw=40 facets=3 vertices=6 rho=5.6 anchor_shift=0
[FREE POLY] k=3 disc=0 raw=40 facets=3 vertices=6 rho=6.4 anchor_shift=0
[FREE POLY] k=3 disc=1 raw=40 facets=3 vertices=6 rho=2.4 anchor_shift=0
[FREE POLY] k=3 disc=2 raw=40 facets=4 vertices=7 rho=6.4 anchor_shift=0
[FREE POLY] k=4 disc=0 raw=40 facets=4 vertices=7 rho=7.2 anchor_shift=0
[FREE POLY] k=4 disc=1 raw=40 facets=3 vertices=6 rho=3.2 anchor_shift=0
[FREE POLY] k=4 disc=2 raw=40 facets=6 vertices=9 rho=7.2 anchor_shift=0
[FREE POLY] k=5 disc=0 raw=40 facets=4 vertices=7 rho=8 anchor_shift=0
[FREE POLY] k=5 disc=1 raw=40 facets=5 vertices=8 rho=4 anchor_shift=0
[FREE POLY] k=5 disc=2 raw=40 facets=6 vertices=9 rho=8 anchor_shift=0
[FREE POLY] k=6 disc=0 raw=40 facets=4 vertices=7 rho=8.8 anchor_shift=0
[FREE POLY] k=6 disc=1 raw=40 facets=4 vertices=7 rho=4.8 anchor_shift=0
[FREE POLY] k=6 disc=2 raw=40 facets=5 vertices=8 rho=8.8 anchor_shift=0
[FREE POLY] k=7 disc=0 raw=40 facets=4 vertices=7 rho=9.6 anchor_shift=0
[FREE POLY] k=7 disc=1 raw=40 facets=3 vertices=6 rho=5.6 anchor_shift=0
[FREE POLY] k=7 disc=2 raw=40 facets=5 vertices=8 rho=9.6 anchor_shift=0
[FREE POLY] k=8 disc=0 raw=40 facets=4 vertices=7 rho=10.4 anchor_shift=0
[FREE POLY] k=8 disc=1 raw=40 facets=3 vertices=6 rho=6.4 anchor_shift=0
[FREE POLY] k=8 disc=2 raw=40 facets=5 vertices=8 rho=10.4 anchor_shift=0
[RF SUPPORT SEED] removed=0 support_limit=-1
[SQP] before_solve iter=0 vars=16 constraints=118 max_d=-0.0020221
[QP WORST] iter=0 row=10 type=collision d=-0.0020221
[QP WORST COLLISION] scenario=29 k=2 obstacle=0 disc=2
[SQP] after_solve iter=0 converged=1 status=0 iterations=6 primal_residual=3.95517e-16 dual_residual=9.26412e-07 x_size=16 x_finite=1
[SQP LINESEARCH] iter=0 current_violation=0 accepted_violation=0 accepted=1 alpha=0.5 delta_u_norm=0.568839
[SQP SUPPORT] iter=0 support_size=0 support_limit=-1 support_ok=1
[SQP] before_solve iter=1 vars=16 constraints=118 max_d=-0.00101194
[QP WORST] iter=1 row=10 type=collision d=-0.00101194
[QP WORST COLLISION] scenario=29 k=2 obstacle=0 disc=2
[SQP] after_solve iter=1 converged=1 status=0 iterations=5 primal_residual=1.01439e-07 dual_residual=7.87075e-05 x_size=16 x_finite=1
[SQP LINESEARCH] iter=1 current_violation=0 accepted_violation=0 accepted=1 alpha=0.5 delta_u_norm=0.420536
[SQP SUPPORT] iter=1 support_size=0 support_limit=-1 support_ok=1
[SQP] before_solve iter=2 vars=16 constraints=118 max_d=-0.000543544
[QP WORST] iter=2 row=10 type=collision d=-0.000543544
[QP WORST COLLISION] scenario=29 k=2 obstacle=0 disc=2
[SQP] after_solve iter=2 converged=1 status=0 iterations=6 primal_residual=1.15612e-10 dual_residual=3.49671e-06 x_size=16 x_finite=1
[SQP LINESEARCH] iter=2 current_violation=0 accepted_violation=0 accepted=1 alpha=0.5 delta_u_norm=0.346581
[SQP SUPPORT] iter=2 support_size=0 support_limit=-1 support_ok=1
[SQP] before_solve iter=3 vars=16 constraints=118 max_d=-0.000271954
[QP WORST] iter=3 row=10 type=collision d=-0.000271954
[QP WORST COLLISION] scenario=29 k=2 obstacle=0 disc=2
[SQP] after_solve iter=3 converged=1 status=0 iterations=6 primal_residual=4.3715e-16 dual_residual=2.45933e-07 x_size=16 x_finite=1
[SQP LINESEARCH] iter=3 current_violation=0 accepted_violation=0 accepted=1 alpha=0.5 delta_u_norm=0.220396
[SQP SUPPORT] iter=3 support_size=0 support_limit=-1 support_ok=1
[SQP] before_solve iter=4 vars=16 constraints=118 max_d=-0.000136223
[QP WORST] iter=4 row=10 type=collision d=-0.000136223
[QP WORST COLLISION] scenario=29 k=2 obstacle=0 disc=2
[SQP] after_solve iter=4 converged=1 status=0 iterations=6 primal_residual=3.747e-16 dual_residual=1.08213e-06 x_size=16 x_finite=1
[SQP LINESEARCH] iter=4 current_violation=0 accepted_violation=0 accepted=1 alpha=0.5 delta_u_norm=0.171637
[SQP SUPPORT] iter=4 support_size=0 support_limit=-1 support_ok=1
[SQP] before_solve iter=5 vars=16 constraints=118 max_d=-6.90496e-05
[QP WORST] iter=5 row=10 type=collision d=-6.90496e-05
[QP WORST COLLISION] scenario=29 k=2 obstacle=0 disc=2
[SQP] after_solve iter=5 converged=1 status=0 iterations=6 primal_residual=5.86977e-11 dual_residual=1.21349e-06 x_size=16 x_finite=1
[SQP LINESEARCH] iter=5 current_violation=0 accepted_violation=0 accepted=1 alpha=0.5 delta_u_norm=0.152239
[SQP SUPPORT] iter=5 support_size=0 support_limit=-1 support_ok=1
[SQP] before_solve iter=6 vars=16 constraints=118 max_d=-3.5884e-05
[QP WORST] iter=6 row=10 type=collision d=-3.5884e-05
[QP WORST COLLISION] scenario=29 k=2 obstacle=0 disc=2
[SQP] after_solve iter=6 converged=1 status=0 iterations=6 primal_residual=4.16334e-16 dual_residual=9.31335e-07 x_size=16 x_finite=1
[SQP LINESEARCH] iter=6 current_violation=0 accepted_violation=0 accepted=1 alpha=0.5 delta_u_norm=0.142722
[SQP SUPPORT] iter=6 support_size=0 support_limit=-1 support_ok=1
[SQP] before_solve iter=7 vars=16 constraints=118 max_d=-1.85562e-05
[QP WORST] iter=7 row=10 type=collision d=-1.85562e-05
[QP WORST COLLISION] scenario=29 k=2 obstacle=0 disc=2
[SQP] after_solve iter=7 converged=1 status=0 iterations=6 primal_residual=3.97252e-16 dual_residual=9.64707e-07 x_size=16 x_finite=1
[SQP LINESEARCH] iter=7 current_violation=0 accepted_violation=0 accepted=1 alpha=1 delta_u_norm=0.136538
[SQP SUPPORT] iter=7 support_size=0 support_limit=-1 support_ok=1
[SQP] before_solve iter=8 vars=16 constraints=118 max_d=-1.30436e-06
[QP WORST] iter=8 row=10 type=collision d=-1.30436e-06
[QP WORST COLLISION] scenario=29 k=2 obstacle=0 disc=2
[SQP] after_solve iter=8 converged=1 status=0 iterations=6 primal_residual=4.38912e-16 dual_residual=1.01659e-06 x_size=16 x_finite=1
[SQP LINESEARCH] iter=8 current_violation=0 accepted_violation=0 accepted=1 alpha=1 delta_u_norm=0.127063
[SQP SUPPORT] iter=8 support_size=0 support_limit=-1 support_ok=1
[SQP] before_solve iter=9 vars=16 constraints=118 max_d=-1.38154e-06
[QP WORST] iter=9 row=10 type=collision d=-1.38154e-06
[QP WORST COLLISION] scenario=29 k=2 obstacle=0 disc=2
[SQP] after_solve iter=9 converged=1 status=0 iterations=6 primal_residual=4.16334e-16 dual_residual=1.02391e-06 x_size=16 x_finite=1
[SQP LINESEARCH] iter=9 current_violation=0 accepted_violation=0 accepted=1 alpha=1 delta_u_norm=0.119376
[SQP SUPPORT] iter=9 support_size=0 support_limit=-1 support_ok=1
[SQP FINAL] final_violation=0 violated_constraints=0
[SUPPORT FINAL] sqp_union=0 final_active=3 support_limit=-1
[SUPPORT FINAL IDS] 9 29 30
[SUPPORT UNION IDS]
[COLD START RECOVERY CHECK] ordinary_sqp_failed=0 seed_available=1 incompatible=0 try_homotopy=0
[HARNESS RESULT] step=12 success=1 controls=8 first_input_present=1
[MPC STEP METRICS] step=12 applied=1 success=1 fallback=0 a=0.144902 omega=-0.635381 dt=0.1 acceleration_weight=0.1 steering_weight=0.1 control_cost_unweighted=0.424705 control_cost_weighted=0.0424705 mpc_cost=-15.6919 solve_time=0.0426665 qp_solve_time=0.0296774 constraint_time=0.00699924 dro_risk_time=0.00040061 ambiguity_radius=0.0036467 certificate=not_requested
[EVAL SAFETY] step=13 min_center_distance=0.9569 min_clearance=0.00690028 collision_this_step=0 collision_run=0 collision_radius=0.95
[DRO SUMMARY] step=14 obstacle=0 S=40 rho=0.00347744 rho_raw=0.00347744 D_max=0.0115351 D_min=0.00578169 tv_bound=0.601458 eta=0.301466 eta_raw=0.301466 radius_m=14 radius_d=3 transport_cost=0 budget_usage=0 lambda=0 q_support=3 nominal_risk=0 qstar_risk=0 risk_lift=0 tv=0
[DRO MODE] step=14 obstacle=0 mode=constant_velocity p=0.354839 risk=0 q=0.354839 delta_q=0 q_times_S=14.1935
[DRO MODE] step=14 obstacle=0 mode=turn_left p=0.354839 risk=0 q=0.354839 delta_q=0 q_times_S=14.1935
[DRO MODE] step=14 obstacle=0 mode=turn_right p=0.290323 risk=0 q=0.290323 delta_q=0 q_times_S=11.6129
[DRO SAMPLE] step=14 obstacle=0 mode=constant_velocity q=0.354839 q_times_S=14.1935 first_count=12 first_fraction=0.3 occupancy=96 occupancy_fraction=0.3
[DRO SAMPLE] step=14 obstacle=0 mode=turn_left q=0.354839 q_times_S=14.1935 first_count=18 first_fraction=0.45 occupancy=144 occupancy_fraction=0.45
[DRO SAMPLE] step=14 obstacle=0 mode=turn_right q=0.290323 q_times_S=11.6129 first_count=10 first_fraction=0.25 occupancy=80 occupancy_fraction=0.25
[RF BACKUP] available=1 controls=8 states=9
[FREE POLY] k=1 disc=0 raw=40 facets=2 vertices=5 rho=4.8 anchor_shift=0
[FREE POLY] k=1 disc=1 raw=40 facets=0 vertices=4 rho=0.800001 anchor_shift=0
[FREE POLY] k=1 disc=2 raw=40 facets=4 vertices=7 rho=4.8 anchor_shift=0
[FREE POLY] k=2 disc=0 raw=40 facets=3 vertices=6 rho=5.6 anchor_shift=0
[FREE POLY] k=2 disc=1 raw=40 facets=3 vertices=6 rho=1.6 anchor_shift=0
[FREE POLY] k=2 disc=2 raw=40 facets=2 vertices=5 rho=5.6 anchor_shift=0
[FREE POLY] k=3 disc=0 raw=40 facets=4 vertices=7 rho=6.4 anchor_shift=0
[FREE POLY] k=3 disc=1 raw=40 facets=3 vertices=6 rho=2.4 anchor_shift=0
[FREE POLY] k=3 disc=2 raw=40 facets=4 vertices=7 rho=6.4 anchor_shift=0
[FREE POLY] k=4 disc=0 raw=40 facets=3 vertices=6 rho=7.2 anchor_shift=0
[FREE POLY] k=4 disc=1 raw=40 facets=3 vertices=6 rho=3.2 anchor_shift=0
[FREE POLY] k=4 disc=2 raw=40 facets=4 vertices=7 rho=7.2 anchor_shift=0
[FREE POLY] k=5 disc=0 raw=40 facets=3 vertices=6 rho=8 anchor_shift=0
[FREE POLY] k=5 disc=1 raw=40 facets=3 vertices=6 rho=4 anchor_shift=0
[FREE POLY] k=5 disc=2 raw=40 facets=4 vertices=7 rho=8 anchor_shift=0
[FREE POLY] k=6 disc=0 raw=40 facets=5 vertices=8 rho=8.8 anchor_shift=0
[FREE POLY] k=6 disc=1 raw=40 facets=3 vertices=6 rho=4.8 anchor_shift=0
[FREE POLY] k=6 disc=2 raw=40 facets=4 vertices=7 rho=8.8 anchor_shift=0
[FREE POLY] k=7 disc=0 raw=40 facets=5 vertices=8 rho=9.6 anchor_shift=0
[FREE POLY] k=7 disc=1 raw=40 facets=4 vertices=7 rho=5.6 anchor_shift=0
[FREE POLY] k=7 disc=2 raw=40 facets=4 vertices=6 rho=9.6 anchor_shift=0
[FREE POLY] k=8 disc=0 raw=40 facets=5 vertices=8 rho=10.4 anchor_shift=0
[FREE POLY] k=8 disc=1 raw=40 facets=4 vertices=7 rho=6.4 anchor_shift=0
[FREE POLY] k=8 disc=2 raw=40 facets=3 vertices=5 rho=10.4 anchor_shift=0
[RF SUPPORT SEED] removed=0 support_limit=-1
[SQP] before_solve iter=0 vars=16 constraints=114 max_d=-0.00109453
[QP WORST] iter=0 row=24 type=collision d=-0.00109453
[QP WORST COLLISION] scenario=38 k=3 obstacle=0 disc=2
[SQP] after_solve iter=0 converged=1 status=0 iterations=6 primal_residual=4.16334e-16 dual_residual=6.2496e-06 x_size=16 x_finite=1
[SQP LINESEARCH] iter=0 current_violation=0 accepted_violation=0 accepted=1 alpha=0.5 delta_u_norm=0.390021
[SQP SUPPORT] iter=0 support_size=0 support_limit=-1 support_ok=1
[SQP] before_solve iter=1 vars=16 constraints=114 max_d=-0.000549888
[QP WORST] iter=1 row=24 type=collision d=-0.000549888
[QP WORST COLLISION] scenario=38 k=3 obstacle=0 disc=2
[SQP] after_solve iter=1 converged=1 status=0 iterations=5 primal_residual=3.60822e-16 dual_residual=3.17934e-05 x_size=16 x_finite=1
[SQP LINESEARCH] iter=1 current_violation=0 accepted_violation=0 accepted=1 alpha=0.5 delta_u_norm=0.294806
[SQP SUPPORT] iter=1 support_size=0 support_limit=-1 support_ok=1
[SQP] before_solve iter=2 vars=16 constraints=114 max_d=-0.000298431
[QP WORST] iter=2 row=24 type=collision d=-0.000298431
[QP WORST COLLISION] scenario=38 k=3 obstacle=0 disc=2
[SQP] after_solve iter=2 converged=1 status=0 iterations=6 primal_residual=3.54751e-16 dual_residual=1.22495e-06 x_size=16 x_finite=1
[SQP LINESEARCH] iter=2 current_violation=0 accepted_violation=0 accepted=1 alpha=0.5 delta_u_norm=0.252534
[SQP SUPPORT] iter=2 support_size=0 support_limit=-1 support_ok=1
[SQP] before_solve iter=3 vars=16 constraints=114 max_d=-0.0001503
[QP WORST] iter=3 row=24 type=collision d=-0.0001503
[QP WORST COLLISION] scenario=38 k=3 obstacle=0 disc=2
[SQP] after_solve iter=3 converged=1 status=0 iterations=6 primal_residual=4.02456e-16 dual_residual=1.32337e-06 x_size=16 x_finite=1
[SQP LINESEARCH] iter=3 current_violation=0 accepted_violation=0 accepted=1 alpha=0.5 delta_u_norm=0.229917
[SQP SUPPORT] iter=3 support_size=0 support_limit=-1 support_ok=1
[SQP] before_solve iter=4 vars=16 constraints=114 max_d=-7.6436e-05
[QP WORST] iter=4 row=24 type=collision d=-7.6436e-05
[QP WORST COLLISION] scenario=38 k=3 obstacle=0 disc=2
[SQP] after_solve iter=4 converged=1 status=0 iterations=5 primal_residual=4.92661e-16 dual_residual=8.93181e-05 x_size=16 x_finite=1
[SQP LINESEARCH] iter=4 current_violation=0 accepted_violation=0 accepted=1 alpha=1 delta_u_norm=0.213727
[SQP SUPPORT] iter=4 support_size=0 support_limit=-1 support_ok=1
[SQP] before_solve iter=5 vars=16 constraints=114 max_d=-2.56334e-06
[QP WORST] iter=5 row=5 type=collision d=-2.56334e-06
[QP WORST COLLISION] scenario=38 k=1 obstacle=0 disc=2
[SQP] after_solve iter=5 converged=1 status=0 iterations=5 primal_residual=4.54498e-16 dual_residual=9.18478e-05 x_size=16 x_finite=1
[SQP LINESEARCH] iter=5 current_violation=0 accepted_violation=0 accepted=1 alpha=1 delta_u_norm=0.190057
[SQP SUPPORT] iter=5 support_size=0 support_limit=-1 support_ok=1
[SQP] before_solve iter=6 vars=16 constraints=114 max_d=-3.02211e-06
[QP WORST] iter=6 row=5 type=collision d=-3.02211e-06
[QP WORST COLLISION] scenario=38 k=1 obstacle=0 disc=2
[SQP] after_solve iter=6 converged=1 status=0 iterations=5 primal_residual=3.81639e-16 dual_residual=9.92656e-05 x_size=16 x_finite=1
[SQP LINESEARCH] iter=6 current_violation=0 accepted_violation=0 accepted=1 alpha=1 delta_u_norm=0.16918
[SQP SUPPORT] iter=6 support_size=0 support_limit=-1 support_ok=1
[SQP] before_solve iter=7 vars=16 constraints=114 max_d=-3.38039e-06
[QP WORST] iter=7 row=5 type=collision d=-3.38039e-06
[QP WORST COLLISION] scenario=38 k=1 obstacle=0 disc=2
[SQP] after_solve iter=7 converged=1 status=0 iterations=6 primal_residual=4.28477e-16 dual_residual=2.73909e-06 x_size=16 x_finite=1
[SQP LINESEARCH] iter=7 current_violation=0 accepted_violation=0 accepted=1 alpha=1 delta_u_norm=0.137899
[SQP SUPPORT] iter=7 support_size=0 support_limit=-1 support_ok=1
[SQP] before_solve iter=8 vars=16 constraints=114 max_d=-3.42352e-06
[QP WORST] iter=8 row=55 type=collision d=-3.42352e-06
[QP WORST COLLISION] scenario=35 k=6 obstacle=0 disc=2
[SQP] after_solve iter=8 converged=1 status=0 iterations=6 primal_residual=4.3715e-16 dual_residual=3.02737e-06 x_size=16 x_finite=1
[SQP LINESEARCH] iter=8 current_violation=0 accepted_violation=0 accepted=1 alpha=1 delta_u_norm=0.117478
[SQP SUPPORT] iter=8 support_size=0 support_limit=-1 support_ok=1
[SQP] before_solve iter=9 vars=16 constraints=114 max_d=-3.72482e-06
[QP WORST] iter=9 row=55 type=collision d=-3.72482e-06
[QP WORST COLLISION] scenario=35 k=6 obstacle=0 disc=2
[SQP] after_solve iter=9 converged=1 status=0 iterations=6 primal_residual=4.23273e-16 dual_residual=2.96993e-06 x_size=16 x_finite=1
[SQP LINESEARCH] iter=9 current_violation=0 accepted_violation=0 accepted=1 alpha=1 delta_u_norm=0.110419
[SQP SUPPORT] iter=9 support_size=0 support_limit=-1 support_ok=1
[SQP FINAL] final_violation=0 violated_constraints=0
[SUPPORT FINAL] sqp_union=0 final_active=2 support_limit=-1
[SUPPORT FINAL IDS] 35 38
[SUPPORT UNION IDS]
[COLD START RECOVERY CHECK] ordinary_sqp_failed=0 seed_available=1 incompatible=0 try_homotopy=0
[HARNESS RESULT] step=13 success=1 controls=8 first_input_present=1
[MPC STEP METRICS] step=13 applied=1 success=1 fallback=0 a=0.0583462 omega=-0.280696 dt=0.1 acceleration_weight=0.1 steering_weight=0.1 control_cost_unweighted=0.0821944 control_cost_weighted=0.00821944 mpc_cost=-15.506 solve_time=0.0406096 qp_solve_time=0.0276676 constraint_time=0.00691083 dro_risk_time=0.000402453 ambiguity_radius=0.00347744 certificate=not_requested
[EVAL SAFETY] step=14 min_center_distance=0.954875 min_clearance=0.00487496 collision_this_step=0 collision_run=0 collision_radius=0.95
[DRO SUMMARY] step=15 obstacle=0 S=40 rho=0.0033204 rho_raw=0.0033204 D_max=0.0115351 D_min=0.00578169 tv_bound=0.574296 eta=0.287852 eta_raw=0.287852 radius_m=15 radius_d=3 transport_cost=0.0033204 budget_usage=1 lambda=1.2875 q_support=2 nominal_risk=0.0949914 qstar_risk=0.0995184 risk_lift=0.00452697 tv=0.484339
[DRO MODE] step=15 obstacle=0 mode=constant_velocity p=0.393939 risk=0.0950428 q=0 delta_q=-0.393939 q_times_S=0
[DRO MODE] step=15 obstacle=0 mode=turn_left p=0.333333 risk=0.0882749 q=0.242934 delta_q=-0.0903993 q_times_S=9.71736
[DRO MODE] step=15 obstacle=0 mode=turn_right p=0.272727 risk=0.103126 q=0.757066 delta_q=0.484339 q_times_S=30.2826
[DRO SAMPLE] step=15 obstacle=0 mode=constant_velocity q=0 q_times_S=0 first_count=0 first_fraction=0 occupancy=0 occupancy_fraction=0
[DRO SAMPLE] step=15 obstacle=0 mode=turn_left q=0.242934 q_times_S=9.71736 first_count=17 first_fraction=0.425 occupancy=136 occupancy_fraction=0.425
[DRO SAMPLE] step=15 obstacle=0 mode=turn_right q=0.757066 q_times_S=30.2826 first_count=23 first_fraction=0.575 occupancy=184 occupancy_fraction=0.575
[RF BACKUP] available=1 controls=8 states=9
[FREE POLY] k=1 disc=0 raw=40 facets=3 vertices=6 rho=4.8 anchor_shift=0
[FREE POLY] k=1 disc=1 raw=40 facets=0 vertices=4 rho=0.800001 anchor_shift=0
[FREE POLY] k=1 disc=2 raw=40 facets=4 vertices=7 rho=4.8 anchor_shift=0
[FREE POLY] k=2 disc=0 raw=40 facets=2 vertices=5 rho=5.6 anchor_shift=0
[FREE POLY] k=2 disc=1 raw=40 facets=2 vertices=5 rho=1.6 anchor_shift=0
[FREE POLY] k=2 disc=2 raw=40 facets=5 vertices=8 rho=5.6 anchor_shift=0
[FREE POLY] k=3 disc=0 raw=40 facets=3 vertices=6 rho=6.4 anchor_shift=0
[FREE POLY] k=3 disc=1 raw=40 facets=3 vertices=6 rho=2.4 anchor_shift=0
[FREE POLY] k=3 disc=2 raw=40 facets=5 vertices=8 rho=6.4 anchor_shift=0
[FREE POLY] k=4 disc=0 raw=40 facets=2 vertices=5 rho=7.2 anchor_shift=0
[FREE POLY] k=4 disc=1 raw=40 facets=2 vertices=5 rho=3.2 anchor_shift=0
[FREE POLY] k=4 disc=2 raw=40 facets=5 vertices=8 rho=7.2 anchor_shift=0
[FREE POLY] k=5 disc=0 raw=40 facets=2 vertices=5 rho=8 anchor_shift=0
[FREE POLY] k=5 disc=1 raw=40 facets=2 vertices=5 rho=4 anchor_shift=0
[FREE POLY] k=5 disc=2 raw=40 facets=5 vertices=8 rho=8 anchor_shift=0
[FREE POLY] k=6 disc=0 raw=40 facets=2 vertices=5 rho=8.8 anchor_shift=0
[FREE POLY] k=6 disc=1 raw=40 facets=2 vertices=5 rho=4.8 anchor_shift=0
[FREE POLY] k=6 disc=2 raw=40 facets=4 vertices=6 rho=8.8 anchor_shift=0
[FREE POLY] k=7 disc=0 raw=40 facets=2 vertices=5 rho=9.6 anchor_shift=0
[FREE POLY] k=7 disc=1 raw=40 facets=2 vertices=5 rho=5.6 anchor_shift=0
[FREE POLY] k=7 disc=2 raw=40 facets=7 vertices=10 rho=9.6 anchor_shift=0
[FREE POLY] k=8 disc=0 raw=40 facets=2 vertices=5 rho=10.4 anchor_shift=0
[FREE POLY] k=8 disc=1 raw=40 facets=4 vertices=7 rho=6.4 anchor_shift=0
[FREE POLY] k=8 disc=2 raw=40 facets=6 vertices=9 rho=10.4 anchor_shift=0
[RF SUPPORT SEED] removed=0 support_limit=-1
[SQP] before_solve iter=0 vars=16 constraints=108 max_d=0.105718
[QP WORST] iter=0 row=69 type=collision d=0.105718
[QP WORST COLLISION] scenario=22 k=8 obstacle=0 disc=1
[SQP] after_solve iter=0 converged=1 status=0 iterations=6 primal_residual=3.32508e-08 dual_residual=1.19628e-05 x_size=16 x_finite=1
[SQP LINESEARCH] iter=0 current_violation=0.105718 accepted_violation=0.000787419 accepted=1 alpha=1 delta_u_norm=1.1546
[SQP SUPPORT] iter=0 support_size=0 support_limit=-1 support_ok=1
[SQP] before_solve iter=1 vars=16 constraints=108 max_d=0.000787419
[QP WORST] iter=1 row=69 type=collision d=0.000787419
[QP WORST COLLISION] scenario=22 k=8 obstacle=0 disc=1
[SQP] after_solve iter=1 converged=1 status=0 iterations=6 primal_residual=7.75453e-09 dual_residual=5.77608e-06 x_size=16 x_finite=1
[SQP LINESEARCH] iter=1 current_violation=0.000787419 accepted_violation=0 accepted=1 alpha=1 delta_u_norm=0.399359
[SQP SUPPORT] iter=1 support_size=0 support_limit=-1 support_ok=1
[SQP] before_solve iter=2 vars=16 constraints=108 max_d=-6.41425e-06
[QP WORST] iter=2 row=35 type=collision d=-6.41425e-06
[QP WORST COLLISION] scenario=39 k=4 obstacle=0 disc=2
[SQP] after_solve iter=2 converged=1 status=0 iterations=6 primal_residual=7.75153e-09 dual_residual=8.71436e-06 x_size=16 x_finite=1
[SQP LINESEARCH] iter=2 current_violation=0 accepted_violation=0 accepted=1 alpha=1 delta_u_norm=0.269198
[SQP SUPPORT] iter=2 support_size=0 support_limit=-1 support_ok=1
[SQP] before_solve iter=3 vars=16 constraints=108 max_d=-1.14212e-06
[QP WORST] iter=3 row=69 type=collision d=-1.14212e-06
[QP WORST COLLISION] scenario=22 k=8 obstacle=0 disc=1
[SQP] after_solve iter=3 converged=1 status=0 iterations=5 primal_residual=5.51526e-08 dual_residual=9.84368e-05 x_size=16 x_finite=1
[SQP LINESEARCH] iter=3 current_violation=0 accepted_violation=0 accepted=1 alpha=0.5 delta_u_norm=0.211018
[SQP SUPPORT] iter=3 support_size=0 support_limit=-1 support_ok=1
[SQP] before_solve iter=4 vars=16 constraints=108 max_d=-6.89441e-06
[QP WORST] iter=4 row=69 type=collision d=-6.89441e-06
[QP WORST COLLISION] scenario=22 k=8 obstacle=0 disc=1
[SQP] after_solve iter=4 converged=1 status=0 iterations=5 primal_residual=3.42289e-08 dual_residual=9.93353e-05 x_size=16 x_finite=1
[SQP LINESEARCH] iter=4 current_violation=0 accepted_violation=0 accepted=1 alpha=0.5 delta_u_norm=0.191587
[SQP SUPPORT] iter=4 support_size=0 support_limit=-1 support_ok=1
[SQP] before_solve iter=5 vars=16 constraints=108 max_d=-4.81376e-06
[QP WORST] iter=5 row=40 type=collision d=-4.81376e-06
[QP WORST COLLISION] scenario=4 k=5 obstacle=0 disc=2
[SQP] after_solve iter=5 converged=1 status=0 iterations=6 primal_residual=4.44089e-16 dual_residual=5.6987e-06 x_size=16 x_finite=1
[SQP LINESEARCH] iter=5 current_violation=0 accepted_violation=0 accepted=1 alpha=0.5 delta_u_norm=0.176936
[SQP SUPPORT] iter=5 support_size=0 support_limit=-1 support_ok=1
[SQP] before_solve iter=6 vars=16 constraints=108 max_d=-4.96303e-06
[QP WORST] iter=6 row=69 type=collision d=-4.96303e-06
[QP WORST COLLISION] scenario=22 k=8 obstacle=0 disc=1
[SQP] after_solve iter=6 converged=1 status=0 iterations=6 primal_residual=1.70841e-10 dual_residual=6.80404e-06 x_size=16 x_finite=1
[SQP LINESEARCH] iter=6 current_violation=0 accepted_violation=0 accepted=1 alpha=0.5 delta_u_norm=0.163258
[SQP SUPPORT] iter=6 support_size=0 support_limit=-1 support_ok=1
[SQP] before_solve iter=7 vars=16 constraints=108 max_d=-2.69345e-06
[QP WORST] iter=7 row=69 type=collision d=-2.69345e-06
[QP WORST COLLISION] scenario=22 k=8 obstacle=0 disc=1
[SQP] after_solve iter=7 converged=1 status=0 iterations=6 primal_residual=1.71925e-09 dual_residual=8.06059e-06 x_size=16 x_finite=1
[SQP LINESEARCH] iter=7 current_violation=0 accepted_violation=0 accepted=1 alpha=1 delta_u_norm=0.151585
[SQP SUPPORT] iter=7 support_size=0 support_limit=-1 support_ok=1
[SQP] before_solve iter=8 vars=16 constraints=108 max_d=-1.86178e-07
[QP WORST] iter=8 row=69 type=collision d=-1.86178e-07
[QP WORST COLLISION] scenario=22 k=8 obstacle=0 disc=1
[SQP] after_solve iter=8 converged=1 status=0 iterations=6 primal_residual=7.01794e-09 dual_residual=9.71869e-06 x_size=16 x_finite=1
[SQP LINESEARCH] iter=8 current_violation=0 accepted_violation=0 accepted=1 alpha=1 delta_u_norm=0.132006
[SQP SUPPORT] iter=8 support_size=0 support_limit=-1 support_ok=1
[SQP] before_solve iter=9 vars=16 constraints=108 max_d=-8.7419e-07
[QP WORST] iter=9 row=69 type=collision d=-8.7419e-07
[QP WORST COLLISION] scenario=22 k=8 obstacle=0 disc=1
[SQP] after_solve iter=9 converged=1 status=0 iterations=6 primal_residual=7.3695e-09 dual_residual=1.23146e-05 x_size=16 x_finite=1
[SQP LINESEARCH] iter=9 current_violation=0 accepted_violation=0 accepted=1 alpha=1 delta_u_norm=0.116681
[SQP SUPPORT] iter=9 support_size=0 support_limit=-1 support_ok=1
[SQP FINAL] final_violation=0 violated_constraints=0
[SUPPORT FINAL] sqp_union=0 final_active=4 support_limit=-1
[SUPPORT FINAL IDS] 4 22 36 39
[SUPPORT UNION IDS]
[COLD START RECOVERY CHECK] ordinary_sqp_failed=0 seed_available=1 incompatible=0 try_homotopy=0
[HARNESS RESULT] step=14 success=1 controls=8 first_input_present=1
[MPC STEP METRICS] step=14 applied=1 success=1 fallback=0 a=-1.49012 omega=-0.0671076 dt=0.1 acceleration_weight=0.1 steering_weight=0.1 control_cost_unweighted=2.22496 control_cost_weighted=0.222496 mpc_cost=-15.1142 solve_time=0.0409175 qp_solve_time=0.0280435 constraint_time=0.00683122 dro_risk_time=0.000413594 ambiguity_radius=0.0033204 certificate=not_requested
[EVAL SAFETY] step=15 min_center_distance=0.95655 min_clearance=0.00654982 collision_this_step=0 collision_run=0 collision_radius=0.95
[DRO SUMMARY] step=16 obstacle=0 S=40 rho=0.00329448 rho_raw=0.00329448 D_max=0.0115351 D_min=0.00578169 tv_bound=0.569813 eta=0.285605 eta_raw=0.285605 radius_m=16 radius_d=3 transport_cost=0.00329448 budget_usage=1 lambda=1.32456 q_support=2 nominal_risk=0.119987 qstar_risk=0.124583 risk_lift=0.00459668 tv=0.470864
[DRO MODE] step=16 obstacle=0 mode=constant_velocity p=0.371429 risk=0.120454 q=0 delta_q=-0.371429 q_times_S=0
[DRO MODE] step=16 obstacle=0 mode=turn_left p=0.371429 risk=0.11346 q=0.271993 delta_q=-0.0994356 q_times_S=10.8797
[DRO MODE] step=16 obstacle=0 mode=turn_right p=0.257143 risk=0.128739 q=0.728007 delta_q=0.470864 q_times_S=29.1203
[DRO SAMPLE] step=16 obstacle=0 mode=constant_velocity q=0 q_times_S=0 first_count=0 first_fraction=0 occupancy=0 occupancy_fraction=0
[DRO SAMPLE] step=16 obstacle=0 mode=turn_left q=0.271993 q_times_S=10.8797 first_count=13 first_fraction=0.325 occupancy=104 occupancy_fraction=0.325
[DRO SAMPLE] step=16 obstacle=0 mode=turn_right q=0.728007 q_times_S=29.1203 first_count=27 first_fraction=0.675 occupancy=216 occupancy_fraction=0.675
[RF BACKUP] available=1 controls=8 states=9
[FREE POLY] k=1 disc=0 raw=40 facets=2 vertices=5 rho=4.8 anchor_shift=0
[FREE POLY] k=1 disc=1 raw=40 facets=0 vertices=4 rho=0.800001 anchor_shift=0
[FREE POLY] k=1 disc=2 raw=40 facets=4 vertices=7 rho=4.8 anchor_shift=0
[FREE POLY] k=2 disc=0 raw=40 facets=2 vertices=5 rho=5.6 anchor_shift=0
[FREE POLY] k=2 disc=1 raw=40 facets=2 vertices=5 rho=1.6 anchor_shift=0
[FREE POLY] k=2 disc=2 raw=40 facets=6 vertices=9 rho=5.6 anchor_shift=0
[FREE POLY] k=3 disc=0 raw=40 facets=3 vertices=6 rho=6.4 anchor_shift=0
[FREE POLY] k=3 disc=1 raw=40 facets=3 vertices=6 rho=2.4 anchor_shift=0
[FREE POLY] k=3 disc=2 raw=40 facets=6 vertices=9 rho=6.4 anchor_shift=0
[FREE POLY] k=4 disc=0 raw=40 facets=3 vertices=6 rho=7.2 anchor_shift=0
[FREE POLY] k=4 disc=1 raw=40 facets=2 vertices=5 rho=3.2 anchor_shift=0
[FREE POLY] k=4 disc=2 raw=40 facets=5 vertices=8 rho=7.2 anchor_shift=0
[FREE POLY] k=5 disc=0 raw=40 facets=4 vertices=7 rho=8 anchor_shift=0
[FREE POLY] k=5 disc=1 raw=40 facets=4 vertices=7 rho=4 anchor_shift=0
[FREE POLY] k=5 disc=2 raw=40 facets=4 vertices=7 rho=8 anchor_shift=0
[FREE POLY] k=6 disc=0 raw=40 facets=4 vertices=7 rho=8.8 anchor_shift=0
[FREE POLY] k=6 disc=1 raw=40 facets=4 vertices=7 rho=4.8 anchor_shift=0
[FREE POLY] k=6 disc=2 raw=40 facets=4 vertices=7 rho=8.8 anchor_shift=0
[FREE POLY] k=7 disc=0 raw=40 facets=5 vertices=8 rho=9.6 anchor_shift=0
[FREE POLY] k=7 disc=1 raw=40 facets=4 vertices=7 rho=5.6 anchor_shift=0
[FREE POLY] k=7 disc=2 raw=40 facets=5 vertices=8 rho=9.6 anchor_shift=0
[FREE POLY] k=8 disc=0 raw=40 facets=6 vertices=9 rho=10.4 anchor_shift=0
[FREE POLY] k=8 disc=1 raw=40 facets=5 vertices=8 rho=6.4 anchor_shift=0
[FREE POLY] k=8 disc=2 raw=40 facets=6 vertices=9 rho=10.4 anchor_shift=0
[RF SUPPORT SEED] removed=0 support_limit=-1
[SQP] before_solve iter=0 vars=16 constraints=125 max_d=0.052492
[QP WORST] iter=0 row=84 type=collision d=0.052492
[QP WORST COLLISION] scenario=14 k=8 obstacle=0 disc=1
[SQP] after_solve iter=0 converged=1 status=0 iterations=6 primal_residual=3.45571e-08 dual_residual=2.08431e-05 x_size=16 x_finite=1
[SQP LINESEARCH] iter=0 current_violation=0.052492 accepted_violation=0 accepted=1 alpha=1 delta_u_norm=0.618122
[SQP SUPPORT] iter=0 support_size=0 support_limit=-1 support_ok=1
[SQP] before_solve iter=1 vars=16 constraints=125 max_d=-6.30495e-05
[QP WORST] iter=1 row=4 type=collision d=-6.30495e-05
[QP WORST COLLISION] scenario=15 k=1 obstacle=0 disc=2
[SQP] after_solve iter=1 converged=1 status=0 iterations=6 primal_residual=3.96384e-16 dual_residual=6.70537e-06 x_size=16 x_finite=1
[SQP LINESEARCH] iter=1 current_violation=0 accepted_violation=0 accepted=1 alpha=1 delta_u_norm=0.231021
[SQP SUPPORT] iter=1 support_size=0 support_limit=-1 support_ok=1
[SQP] before_solve iter=2 vars=16 constraints=125 max_d=-1.52391e-07
[QP WORST] iter=2 row=11 type=collision d=-1.52391e-07
[QP WORST COLLISION] scenario=4 k=2 obstacle=0 disc=2
[SQP] after_solve iter=2 converged=1 status=0 iterations=5 primal_residual=3.50414e-16 dual_residual=6.54018e-05 x_size=16 x_finite=1
[SQP LINESEARCH] iter=2 current_violation=0 accepted_violation=0 accepted=1 alpha=1 delta_u_norm=0.167103
[SQP SUPPORT] iter=2 support_size=0 support_limit=-1 support_ok=1
[SQP] before_solve iter=3 vars=16 constraints=125 max_d=-1.93981e-05
[QP WORST] iter=3 row=11 type=collision d=-1.93981e-05
[QP WORST COLLISION] scenario=4 k=2 obstacle=0 disc=2
[SQP] after_solve iter=3 converged=1 status=0 iterations=5 primal_residual=3.88578e-16 dual_residual=3.92928e-05 x_size=16 x_finite=1
[SQP LINESEARCH] iter=3 current_violation=0 accepted_violation=0 accepted=1 alpha=1 delta_u_norm=0.144216
[SQP SUPPORT] iter=3 support_size=0 support_limit=-1 support_ok=1
[SQP] before_solve iter=4 vars=16 constraints=125 max_d=-2.41006e-06
[QP WORST] iter=4 row=11 type=collision d=-2.41006e-06
[QP WORST COLLISION] scenario=4 k=2 obstacle=0 disc=2
[SQP] after_solve iter=4 converged=1 status=0 iterations=5 primal_residual=4.64906e-16 dual_residual=4.05981e-05 x_size=16 x_finite=1
[SQP LINESEARCH] iter=4 current_violation=0 accepted_violation=0 accepted=1 alpha=1 delta_u_norm=0.132712
[SQP SUPPORT] iter=4 support_size=0 support_limit=-1 support_ok=1
[SQP] before_solve iter=5 vars=16 constraints=125 max_d=-2.43332e-06
[QP WORST] iter=5 row=10 type=collision d=-2.43332e-06
[QP WORST COLLISION] scenario=0 k=2 obstacle=0 disc=2
[SQP] after_solve iter=5 converged=1 status=0 iterations=5 primal_residual=4.22839e-16 dual_residual=4.19845e-05 x_size=16 x_finite=1
[SQP LINESEARCH] iter=5 current_violation=0 accepted_violation=0 accepted=1 alpha=1 delta_u_norm=0.124637
[SQP SUPPORT] iter=5 support_size=0 support_limit=-1 support_ok=1
[SQP] before_solve iter=6 vars=16 constraints=125 max_d=-2.42739e-06
[QP WORST] iter=6 row=10 type=collision d=-2.42739e-06
[QP WORST COLLISION] scenario=0 k=2 obstacle=0 disc=2
[SQP] after_solve iter=6 converged=1 status=0 iterations=5 primal_residual=4.47559e-16 dual_residual=4.38735e-05 x_size=16 x_finite=1
[SQP LINESEARCH] iter=6 current_violation=0 accepted_violation=0 accepted=1 alpha=1 delta_u_norm=0.118214
[SQP SUPPORT] iter=6 support_size=0 support_limit=-1 support_ok=1
[SQP] before_solve iter=7 vars=16 constraints=125 max_d=-2.37391e-06
[QP WORST] iter=7 row=10 type=collision d=-2.37391e-06
[QP WORST COLLISION] scenario=0 k=2 obstacle=0 disc=2
[SQP] after_solve iter=7 converged=1 status=0 iterations=5 primal_residual=4.09395e-16 dual_residual=4.66285e-05 x_size=16 x_finite=1
[SQP LINESEARCH] iter=7 current_violation=0 accepted_violation=0 accepted=1 alpha=1 delta_u_norm=0.112748
[SQP SUPPORT] iter=7 support_size=0 support_limit=-1 support_ok=1
[SQP] before_solve iter=8 vars=16 constraints=125 max_d=-2.25209e-06
[QP WORST] iter=8 row=10 type=collision d=-2.25209e-06
[QP WORST COLLISION] scenario=0 k=2 obstacle=0 disc=2
[SQP] after_solve iter=8 converged=1 status=0 iterations=5 primal_residual=3.93782e-16 dual_residual=5.04657e-05 x_size=16 x_finite=1
[SQP LINESEARCH] iter=8 current_violation=0 accepted_violation=0 accepted=1 alpha=1 delta_u_norm=0.10778
[SQP SUPPORT] iter=8 support_size=0 support_limit=-1 support_ok=1
[SQP] before_solve iter=9 vars=16 constraints=125 max_d=-2.05398e-06
[QP WORST] iter=9 row=10 type=collision d=-2.05398e-06
[QP WORST COLLISION] scenario=0 k=2 obstacle=0 disc=2
[SQP] after_solve iter=9 converged=1 status=0 iterations=5 primal_residual=3.86843e-16 dual_residual=5.59248e-05 x_size=16 x_finite=1
[SQP LINESEARCH] iter=9 current_violation=0 accepted_violation=0 accepted=1 alpha=1 delta_u_norm=0.102333
[SQP SUPPORT] iter=9 support_size=0 support_limit=-1 support_ok=1
[SQP FINAL] final_violation=0 violated_constraints=0
[SUPPORT FINAL] sqp_union=0 final_active=5 support_limit=-1
[SUPPORT FINAL IDS] 0 4 14 15 24
[SUPPORT UNION IDS]
[COLD START RECOVERY CHECK] ordinary_sqp_failed=0 seed_available=1 incompatible=0 try_homotopy=0
[HARNESS RESULT] step=15 success=1 controls=8 first_input_present=1
[MPC STEP METRICS] step=15 applied=1 success=1 fallback=0 a=-1.01736 omega=0.121432 dt=0.1 acceleration_weight=0.1 steering_weight=0.1 control_cost_unweighted=1.04977 control_cost_weighted=0.104977 mpc_cost=-14.8234 solve_time=0.0385812 qp_solve_time=0.0254243 constraint_time=0.00715436 dro_risk_time=0.000401302 ambiguity_radius=0.00329448 certificate=not_requested
[EVAL SAFETY] step=16 min_center_distance=0.955328 min_clearance=0.00532835 collision_this_step=0 collision_run=0 collision_radius=0.95
[DRO SUMMARY] step=17 obstacle=0 S=40 rho=0.00325074 rho_raw=0.00325074 D_max=0.0115351 D_min=0.00578169 tv_bound=0.562248 eta=0.281813 eta_raw=0.281813 radius_m=17 radius_d=3 transport_cost=0.00325074 budget_usage=1 lambda=1.54253 q_support=2 nominal_risk=0.170432 qstar_risk=0.17564 risk_lift=0.00520806 tv=0.457058
[DRO MODE] step=17 obstacle=0 mode=constant_velocity p=0.351351 risk=0.171503 q=0 delta_q=-0.351351 q_times_S=0
[DRO MODE] step=17 obstacle=0 mode=turn_left p=0.405405 risk=0.16318 q=0.299699 delta_q=-0.105707 q_times_S=11.988
[DRO MODE] step=17 obstacle=0 mode=turn_right p=0.243243 risk=0.180973 q=0.700301 delta_q=0.457058 q_times_S=28.012
[DRO SAMPLE] step=17 obstacle=0 mode=constant_velocity q=0 q_times_S=0 first_count=0 first_fraction=0 occupancy=0 occupancy_fraction=0
[DRO SAMPLE] step=17 obstacle=0 mode=turn_left q=0.299699 q_times_S=11.988 first_count=10 first_fraction=0.25 occupancy=80 occupancy_fraction=0.25
[DRO SAMPLE] step=17 obstacle=0 mode=turn_right q=0.700301 q_times_S=28.012 first_count=30 first_fraction=0.75 occupancy=240 occupancy_fraction=0.75
[RF BACKUP] available=1 controls=8 states=9
[FREE POLY] k=1 disc=0 raw=40 facets=2 vertices=5 rho=4.8 anchor_shift=0
[FREE POLY] k=1 disc=1 raw=40 facets=1 vertices=5 rho=0.800001 anchor_shift=0
[FREE POLY] k=1 disc=2 raw=40 facets=5 vertices=8 rho=4.8 anchor_shift=0
[FREE POLY] k=2 disc=0 raw=40 facets=3 vertices=6 rho=5.6 anchor_shift=0
[FREE POLY] k=2 disc=1 raw=40 facets=2 vertices=5 rho=1.6 anchor_shift=0
[FREE POLY] k=2 disc=2 raw=40 facets=4 vertices=7 rho=5.6 anchor_shift=0
[FREE POLY] k=3 disc=0 raw=40 facets=4 vertices=7 rho=6.4 anchor_shift=0
[FREE POLY] k=3 disc=1 raw=40 facets=3 vertices=6 rho=2.4 anchor_shift=0
[FREE POLY] k=3 disc=2 raw=40 facets=4 vertices=7 rho=6.4 anchor_shift=0
[FREE POLY] k=4 disc=0 raw=40 facets=2 vertices=5 rho=7.2 anchor_shift=0
[FREE POLY] k=4 disc=1 raw=40 facets=3 vertices=6 rho=3.2 anchor_shift=0
[FREE POLY] k=4 disc=2 raw=40 facets=5 vertices=8 rho=7.2 anchor_shift=0
[FREE POLY] k=5 disc=0 raw=40 facets=3 vertices=6 rho=8 anchor_shift=0
[FREE POLY] k=5 disc=1 raw=40 facets=4 vertices=7 rho=4 anchor_shift=0
[FREE POLY] k=5 disc=2 raw=40 facets=4 vertices=7 rho=8 anchor_shift=0
[FREE POLY] k=6 disc=0 raw=40 facets=4 vertices=7 rho=8.8 anchor_shift=0
[FREE POLY] k=6 disc=1 raw=40 facets=4 vertices=7 rho=4.8 anchor_shift=0
[FREE POLY] k=6 disc=2 raw=40 facets=3 vertices=6 rho=8.8 anchor_shift=0
[FREE POLY] k=7 disc=0 raw=40 facets=5 vertices=8 rho=9.6 anchor_shift=0
[FREE POLY] k=7 disc=1 raw=40 facets=4 vertices=7 rho=5.6 anchor_shift=0
[FREE POLY] k=7 disc=2 raw=40 facets=3 vertices=6 rho=9.6 anchor_shift=0
[FREE POLY] k=8 disc=0 raw=40 facets=5 vertices=8 rho=10.4 anchor_shift=0
[FREE POLY] k=8 disc=1 raw=40 facets=4 vertices=6 rho=6.4 anchor_shift=0
[FREE POLY] k=8 disc=2 raw=40 facets=3 vertices=6 rho=10.4 anchor_shift=0
[RF SUPPORT SEED] removed=0 support_limit=-1
[SQP] before_solve iter=0 vars=16 constraints=116 max_d=0.148467
[QP WORST] iter=0 row=78 type=collision d=0.148467
[QP WORST COLLISION] scenario=7 k=8 obstacle=0 disc=1
[SQP] after_solve iter=0 converged=1 status=0 iterations=5 primal_residual=4.44089e-16 dual_residual=8.82641e-05 x_size=16 x_finite=1
[SQP LINESEARCH] iter=0 current_violation=0.148467 accepted_violation=0 accepted=1 alpha=1 delta_u_norm=0.97775
[SQP SUPPORT] iter=0 support_size=0 support_limit=-1 support_ok=1
[SQP] before_solve iter=1 vars=16 constraints=116 max_d=-0.0042556
[QP WORST] iter=1 row=78 type=collision d=-0.0042556
[QP WORST COLLISION] scenario=7 k=8 obstacle=0 disc=1
[SQP] after_solve iter=1 converged=1 status=0 iterations=5 primal_residual=1.10546e-08 dual_residual=2.37004e-05 x_size=16 x_finite=1
[SQP LINESEARCH] iter=1 current_violation=0 accepted_violation=0 accepted=1 alpha=1 delta_u_norm=0.368087
[SQP SUPPORT] iter=1 support_size=0 support_limit=-1 support_ok=1
[SQP] before_solve iter=2 vars=16 constraints=116 max_d=-0.000120387
[QP WORST] iter=2 row=78 type=collision d=-0.000120387
[QP WORST COLLISION] scenario=7 k=8 obstacle=0 disc=1
[SQP] after_solve iter=2 converged=1 status=0 iterations=6 primal_residual=1.52326e-09 dual_residual=5.11008e-06 x_size=16 x_finite=1
[SQP LINESEARCH] iter=2 current_violation=0 accepted_violation=0 accepted=1 alpha=1 delta_u_norm=0.298005
[SQP SUPPORT] iter=2 support_size=0 support_limit=-1 support_ok=1
[SQP] before_solve iter=3 vars=16 constraints=116 max_d=-5.29514e-08
[QP WORST] iter=3 row=3 type=collision d=-5.29514e-08
[QP WORST COLLISION] scenario=1 k=1 obstacle=0 disc=2
[SQP] after_solve iter=3 converged=1 status=0 iterations=6 primal_residual=4.23273e-16 dual_residual=7.59776e-07 x_size=16 x_finite=1
[SQP LINESEARCH] iter=3 current_violation=0 accepted_violation=0 accepted=1 alpha=1 delta_u_norm=0.225372
[SQP SUPPORT] iter=3 support_size=0 support_limit=-1 support_ok=1
[SQP] before_solve iter=4 vars=16 constraints=116 max_d=-4.94851e-06
[QP WORST] iter=4 row=13 type=collision d=-4.94851e-06
[QP WORST COLLISION] scenario=1 k=2 obstacle=0 disc=2
[SQP] after_solve iter=4 converged=1 status=0 iterations=6 primal_residual=4.30211e-16 dual_residual=1.72228e-06 x_size=16 x_finite=1
[SQP LINESEARCH] iter=4 current_violation=0 accepted_violation=0 accepted=1 alpha=1 delta_u_norm=0.144192
[SQP SUPPORT] iter=4 support_size=0 support_limit=-1 support_ok=1
[SQP] before_solve iter=5 vars=16 constraints=116 max_d=-3.6975e-06
[QP WORST] iter=5 row=78 type=collision d=-3.6975e-06
[QP WORST COLLISION] scenario=7 k=8 obstacle=0 disc=1
[SQP] after_solve iter=5 converged=1 status=0 iterations=6 primal_residual=4.27609e-16 dual_residual=1.18416e-06 x_size=16 x_finite=1
[SQP LINESEARCH] iter=5 current_violation=0 accepted_violation=0 accepted=1 alpha=1 delta_u_norm=0.109105
[SQP SUPPORT] iter=5 support_size=0 support_limit=-1 support_ok=1
[SQP] before_solve iter=6 vars=16 constraints=116 max_d=-3.3311e-06
[QP WORST] iter=6 row=78 type=collision d=-3.3311e-06
[QP WORST COLLISION] scenario=7 k=8 obstacle=0 disc=1
[SQP] after_solve iter=6 converged=1 status=0 iterations=5 primal_residual=1.30038e-07 dual_residual=6.96878e-05 x_size=16 x_finite=1
[SQP LINESEARCH] iter=6 current_violation=0 accepted_violation=0 accepted=1 alpha=1 delta_u_norm=0.100861
[SQP SUPPORT] iter=6 support_size=0 support_limit=-1 support_ok=1
[SQP] before_solve iter=7 vars=16 constraints=116 max_d=-5.87534e-07
[QP WORST] iter=7 row=3 type=collision d=-5.87534e-07
[QP WORST COLLISION] scenario=1 k=1 obstacle=0 disc=2
[SQP] after_solve iter=7 converged=1 status=0 iterations=5 primal_residual=4.34331e-16 dual_residual=1.71153e-05 x_size=16 x_finite=1
[SQP LINESEARCH] iter=7 current_violation=0 accepted_violation=0 accepted=1 alpha=1 delta_u_norm=0.0951286
[SQP SUPPORT] iter=7 support_size=0 support_limit=-1 support_ok=1
[SQP] before_solve iter=8 vars=16 constraints=116 max_d=-3.5548e-06
[QP WORST] iter=8 row=78 type=collision d=-3.5548e-06
[QP WORST COLLISION] scenario=7 k=8 obstacle=0 disc=1
[SQP] after_solve iter=8 converged=1 status=0 iterations=5 primal_residual=3.747e-16 dual_residual=1.72559e-05 x_size=16 x_finite=1
[SQP LINESEARCH] iter=8 current_violation=0 accepted_violation=0 accepted=1 alpha=1 delta_u_norm=0.0903169
[SQP SUPPORT] iter=8 support_size=0 support_limit=-1 support_ok=1
[SQP] before_solve iter=9 vars=16 constraints=116 max_d=-3.14412e-06
[QP WORST] iter=9 row=78 type=collision d=-3.14412e-06
[QP WORST COLLISION] scenario=7 k=8 obstacle=0 disc=1
[SQP] after_solve iter=9 converged=1 status=0 iterations=5 primal_residual=7.16277e-09 dual_residual=2.52995e-05 x_size=16 x_finite=1
[SQP LINESEARCH] iter=9 current_violation=0 accepted_violation=0 accepted=1 alpha=1 delta_u_norm=0.0861107
[SQP SUPPORT] iter=9 support_size=0 support_limit=-1 support_ok=1
[SQP FINAL] final_violation=0 violated_constraints=0
[SUPPORT FINAL] sqp_union=0 final_active=2 support_limit=-1
[SUPPORT FINAL IDS] 1 7
[SUPPORT UNION IDS]
[COLD START RECOVERY CHECK] ordinary_sqp_failed=0 seed_available=1 incompatible=0 try_homotopy=0
[HARNESS RESULT] step=16 success=1 controls=8 first_input_present=1
[MPC STEP METRICS] step=16 applied=1 success=1 fallback=0 a=-0.805233 omega=0.253776 dt=0.1 acceleration_weight=0.1 steering_weight=0.1 control_cost_unweighted=0.712802 control_cost_weighted=0.0712802 mpc_cost=-13.2849 solve_time=0.0381291 qp_solve_time=0.0250691 constraint_time=0.00704537 dro_risk_time=0.000418013 ambiguity_radius=0.00325074 certificate=not_requested
[EVAL SAFETY] step=17 min_center_distance=0.955389 min_clearance=0.00538949 collision_this_step=0 collision_run=0 collision_radius=0.95
[DRO SUMMARY] step=18 obstacle=0 S=40 rho=0.00315456 rho_raw=0.00315456 D_max=0.0115351 D_min=0.00578169 tv_bound=0.545612 eta=0.273475 eta_raw=0.273475 radius_m=18 radius_d=3 transport_cost=0.00315456 budget_usage=1 lambda=1.79497 q_support=2 nominal_risk=0.0731647 qstar_risk=0.0789755 risk_lift=0.00581076 tv=0.439733
[DRO MODE] step=18 obstacle=0 mode=constant_velocity p=0.333333 risk=0.0739128 q=0 delta_q=-0.333333 q_times_S=0
[DRO MODE] step=18 obstacle=0 mode=turn_left p=0.384615 risk=0.0640309 q=0.278216 delta_q=-0.106399 q_times_S=11.1286
[DRO MODE] step=18 obstacle=0 mode=turn_right p=0.282051 risk=0.084736 q=0.721784 delta_q=0.439733 q_times_S=28.8714
[DRO SAMPLE] step=18 obstacle=0 mode=constant_velocity q=0 q_times_S=0 first_count=0 first_fraction=0 occupancy=0 occupancy_fraction=0
[DRO SAMPLE] step=18 obstacle=0 mode=turn_left q=0.278216 q_times_S=11.1286 first_count=10 first_fraction=0.25 occupancy=80 occupancy_fraction=0.25
[DRO SAMPLE] step=18 obstacle=0 mode=turn_right q=0.721784 q_times_S=28.8714 first_count=30 first_fraction=0.75 occupancy=240 occupancy_fraction=0.75
[RF BACKUP] available=1 controls=8 states=9
[FREE POLY] k=1 disc=0 raw=40 facets=2 vertices=5 rho=4.8 anchor_shift=0
[FREE POLY] k=1 disc=1 raw=40 facets=1 vertices=5 rho=0.800001 anchor_shift=0
[FREE POLY] k=1 disc=2 raw=40 facets=5 vertices=8 rho=4.8 anchor_shift=0
[FREE POLY] k=2 disc=0 raw=40 facets=3 vertices=6 rho=5.6 anchor_shift=0
[FREE POLY] k=2 disc=1 raw=40 facets=2 vertices=5 rho=1.6 anchor_shift=0
[FREE POLY] k=2 disc=2 raw=40 facets=4 vertices=7 rho=5.6 anchor_shift=0
[FREE POLY] k=3 disc=0 raw=40 facets=5 vertices=8 rho=6.4 anchor_shift=0
[FREE POLY] k=3 disc=1 raw=40 facets=5 vertices=8 rho=2.4 anchor_shift=0
[FREE POLY] k=3 disc=2 raw=40 facets=4 vertices=7 rho=6.4 anchor_shift=0
[FREE POLY] k=4 disc=0 raw=40 facets=6 vertices=9 rho=7.2 anchor_shift=0
[FREE POLY] k=4 disc=1 raw=40 facets=6 vertices=9 rho=3.2 anchor_shift=0
[FREE POLY] k=4 disc=2 raw=40 facets=4 vertices=7 rho=7.2 anchor_shift=0
[FREE POLY] k=5 disc=0 raw=40 facets=3 vertices=6 rho=8 anchor_shift=0
[FREE POLY] k=5 disc=1 raw=40 facets=5 vertices=8 rho=4 anchor_shift=0
[FREE POLY] k=5 disc=2 raw=40 facets=4 vertices=7 rho=8 anchor_shift=0
[FREE POLY] k=6 disc=0 raw=40 facets=3 vertices=6 rho=8.8 anchor_shift=0
[FREE POLY] k=6 disc=1 raw=40 facets=5 vertices=8 rho=4.8 anchor_shift=0
[FREE POLY] k=6 disc=2 raw=40 facets=5 vertices=8 rho=8.8 anchor_shift=0
[FREE POLY] k=7 disc=0 raw=40 facets=4 vertices=7 rho=9.6 anchor_shift=0
[FREE POLY] k=7 disc=1 raw=40 facets=6 vertices=8 rho=5.6 anchor_shift=0
[FREE POLY] k=7 disc=2 raw=40 facets=6 vertices=9 rho=9.6 anchor_shift=0
[FREE POLY] k=8 disc=0 raw=40 facets=4 vertices=7 rho=10.4 anchor_shift=0
[FREE POLY] k=8 disc=1 raw=40 facets=5 vertices=8 rho=6.4 anchor_shift=0
[FREE POLY] k=8 disc=2 raw=40 facets=4 vertices=7 rho=10.4 anchor_shift=0
[RF SUPPORT SEED] removed=0 support_limit=-1
[SQP] before_solve iter=0 vars=16 constraints=133 max_d=0.020616
[QP WORST] iter=0 row=96 type=collision d=0.020616
[QP WORST COLLISION] scenario=39 k=8 obstacle=0 disc=1
[SQP] after_solve iter=0 converged=1 status=0 iterations=5 primal_residual=8.2218e-10 dual_residual=1.70309e-05 x_size=16 x_finite=1
[SQP LINESEARCH] iter=0 current_violation=0.020616 accepted_violation=0 accepted=1 alpha=1 delta_u_norm=0.571606
[SQP SUPPORT] iter=0 support_size=0 support_limit=-1 support_ok=1
[SQP] before_solve iter=1 vars=16 constraints=133 max_d=-0.0017633
[QP WORST] iter=1 row=96 type=collision d=-0.0017633
[QP WORST COLLISION] scenario=39 k=8 obstacle=0 disc=1
[SQP] after_solve iter=1 converged=1 status=0 iterations=6 primal_residual=4.2479e-16 dual_residual=1.00149e-06 x_size=16 x_finite=1
[SQP LINESEARCH] iter=1 current_violation=0 accepted_violation=0 accepted=1 alpha=0.5 delta_u_norm=0.339053
[SQP SUPPORT] iter=1 support_size=0 support_limit=-1 support_ok=1
[SQP] before_solve iter=2 vars=16 constraints=133 max_d=-0.000896909
[QP WORST] iter=2 row=96 type=collision d=-0.000896909
[QP WORST COLLISION] scenario=39 k=8 obstacle=0 disc=1
[SQP] after_solve iter=2 converged=1 status=0 iterations=5 primal_residual=4.35416e-16 dual_residual=3.75727e-05 x_size=16 x_finite=1
[SQP LINESEARCH] iter=2 current_violation=0 accepted_violation=0 accepted=1 alpha=1 delta_u_norm=0.31858
[SQP SUPPORT] iter=2 support_size=0 support_limit=-1 support_ok=1
[SQP] before_solve iter=3 vars=16 constraints=133 max_d=-3.90045e-05
[QP WORST] iter=3 row=96 type=collision d=-3.90045e-05
[QP WORST COLLISION] scenario=39 k=8 obstacle=0 disc=1
[SQP] after_solve iter=3 converged=1 status=0 iterations=5 primal_residual=4.21538e-16 dual_residual=5.71575e-05 x_size=16 x_finite=1
[SQP LINESEARCH] iter=3 current_violation=0 accepted_violation=0 accepted=1 alpha=1 delta_u_norm=0.293781
[SQP SUPPORT] iter=3 support_size=0 support_limit=-1 support_ok=1
[SQP] before_solve iter=4 vars=16 constraints=133 max_d=-1.6721e-05
[QP WORST] iter=4 row=96 type=collision d=-1.6721e-05
[QP WORST COLLISION] scenario=39 k=8 obstacle=0 disc=1
[SQP] after_solve iter=4 converged=1 status=0 iterations=5 primal_residual=4.18068e-16 dual_residual=4.76036e-05 x_size=16 x_finite=1
[SQP LINESEARCH] iter=4 current_violation=0 accepted_violation=0 accepted=1 alpha=1 delta_u_norm=0.25235
[SQP SUPPORT] iter=4 support_size=0 support_limit=-1 support_ok=1
[SQP] before_solve iter=5 vars=16 constraints=133 max_d=-1.10586e-05
[QP WORST] iter=5 row=96 type=collision d=-1.10586e-05
[QP WORST COLLISION] scenario=39 k=8 obstacle=0 disc=1
[SQP] after_solve iter=5 converged=1 status=0 iterations=5 primal_residual=4.31946e-16 dual_residual=4.39983e-05 x_size=16 x_finite=1
[SQP LINESEARCH] iter=5 current_violation=0 accepted_violation=0 accepted=1 alpha=1 delta_u_norm=0.174601
[SQP SUPPORT] iter=5 support_size=0 support_limit=-1 support_ok=1
[SQP] before_solve iter=6 vars=16 constraints=133 max_d=-8.29881e-06
[QP WORST] iter=6 row=96 type=collision d=-8.29881e-06
[QP WORST COLLISION] scenario=39 k=8 obstacle=0 disc=1
[SQP] after_solve iter=6 converged=1 status=0 iterations=5 primal_residual=4.11129e-16 dual_residual=2.65356e-05 x_size=16 x_finite=1
[SQP LINESEARCH] iter=6 current_violation=0 accepted_violation=0 accepted=1 alpha=1 delta_u_norm=0.146154
[SQP SUPPORT] iter=6 support_size=0 support_limit=-1 support_ok=1
[SQP] before_solve iter=7 vars=16 constraints=133 max_d=-5.70756e-06
[QP WORST] iter=7 row=96 type=collision d=-5.70756e-06
[QP WORST COLLISION] scenario=39 k=8 obstacle=0 disc=1
[SQP] after_solve iter=7 converged=1 status=0 iterations=6 primal_residual=6.75877e-10 dual_residual=3.98867e-06 x_size=16 x_finite=1
[SQP LINESEARCH] iter=7 current_violation=0 accepted_violation=0 accepted=1 alpha=0.5 delta_u_norm=0.112294
[SQP SUPPORT] iter=7 support_size=0 support_limit=-1 support_ok=1
[SQP] before_solve iter=8 vars=16 constraints=133 max_d=-3.38477e-06
[QP WORST] iter=8 row=96 type=collision d=-3.38477e-06
[QP WORST COLLISION] scenario=39 k=8 obstacle=0 disc=1
[SQP] after_solve iter=8 converged=1 status=0 iterations=6 primal_residual=1.44725e-09 dual_residual=8.63206e-06 x_size=16 x_finite=1
[SQP LINESEARCH] iter=8 current_violation=0 accepted_violation=0 accepted=1 alpha=0.5 delta_u_norm=0.0937784
[SQP SUPPORT] iter=8 support_size=0 support_limit=-1 support_ok=1
[SQP] before_solve iter=9 vars=16 constraints=133 max_d=-1.96425e-06
[QP WORST] iter=9 row=96 type=collision d=-1.96425e-06
[QP WORST COLLISION] scenario=39 k=8 obstacle=0 disc=1
[SQP] after_solve iter=9 converged=1 status=0 iterations=6 primal_residual=1.81076e-09 dual_residual=1.05287e-05 x_size=16 x_finite=1
[SQP LINESEARCH] iter=9 current_violation=0 accepted_violation=0 accepted=1 alpha=1 delta_u_norm=0.083859
[SQP SUPPORT] iter=9 support_size=0 support_limit=-1 support_ok=1
[SQP FINAL] final_violation=0 violated_constraints=0
[SUPPORT FINAL] sqp_union=0 final_active=3 support_limit=-1
[SUPPORT FINAL IDS] 28 34 39
[SUPPORT UNION IDS]
[COLD START RECOVERY CHECK] ordinary_sqp_failed=0 seed_available=1 incompatible=0 try_homotopy=0
[HARNESS RESULT] step=17 success=1 controls=8 first_input_present=1
[MPC STEP METRICS] step=17 applied=1 success=1 fallback=0 a=0.490643 omega=0.393343 dt=0.1 acceleration_weight=0.1 steering_weight=0.1 control_cost_unweighted=0.39545 control_cost_weighted=0.039545 mpc_cost=-12.6301 solve_time=0.0437046 qp_solve_time=0.0302205 constraint_time=0.00747564 dro_risk_time=0.000407473 ambiguity_radius=0.00315456 certificate=not_requested
[EVAL SAFETY] step=18 min_center_distance=0.954978 min_clearance=0.00497805 collision_this_step=0 collision_run=0 collision_radius=0.95
[DRO SUMMARY] step=19 obstacle=0 S=40 rho=0.0030384 rho_raw=0.0030384 D_max=0.0115351 D_min=0.00578169 tv_bound=0.525521 eta=0.263405 eta_raw=0.263405 radius_m=19 radius_d=3 transport_cost=0.0030384 budget_usage=1 lambda=2.14281 q_support=2 nominal_risk=0.0662479 qstar_risk=0.072835 risk_lift=0.00658714 tv=0.445883
[DRO MODE] step=19 obstacle=0 mode=constant_velocity p=0.365854 risk=0.0673019 q=0 delta_q=-0.365854 q_times_S=0
[DRO MODE] step=19 obstacle=0 mode=turn_left p=0.365854 risk=0.0551823 q=0.285824 delta_q=-0.0800292 q_times_S=11.433
[DRO MODE] step=19 obstacle=0 mode=turn_right p=0.268293 risk=0.0798999 q=0.714176 delta_q=0.445883 q_times_S=28.567
[DRO SAMPLE] step=19 obstacle=0 mode=constant_velocity q=0 q_times_S=0 first_count=0 first_fraction=0 occupancy=0 occupancy_fraction=0
[DRO SAMPLE] step=19 obstacle=0 mode=turn_left q=0.285824 q_times_S=11.433 first_count=11 first_fraction=0.275 occupancy=88 occupancy_fraction=0.275
[DRO SAMPLE] step=19 obstacle=0 mode=turn_right q=0.714176 q_times_S=28.567 first_count=29 first_fraction=0.725 occupancy=232 occupancy_fraction=0.725
[RF BACKUP] available=1 controls=8 states=9
[FREE POLY] k=1 disc=0 raw=40 facets=4 vertices=7 rho=4.8 anchor_shift=0
[FREE POLY] k=1 disc=1 raw=40 facets=2 vertices=6 rho=0.800001 anchor_shift=0
[FREE POLY] k=1 disc=2 raw=40 facets=3 vertices=6 rho=4.8 anchor_shift=0
[FREE POLY] k=2 disc=0 raw=40 facets=4 vertices=7 rho=5.6 anchor_shift=0
[FREE POLY] k=2 disc=1 raw=40 facets=4 vertices=7 rho=1.6 anchor_shift=0
[FREE POLY] k=2 disc=2 raw=40 facets=6 vertices=9 rho=5.6 anchor_shift=0
[FREE POLY] k=3 disc=0 raw=40 facets=4 vertices=7 rho=6.4 anchor_shift=0
[FREE POLY] k=3 disc=1 raw=40 facets=5 vertices=8 rho=2.4 anchor_shift=0
[FREE POLY] k=3 disc=2 raw=40 facets=5 vertices=8 rho=6.4 anchor_shift=0
[FREE POLY] k=4 disc=0 raw=40 facets=4 vertices=7 rho=7.2 anchor_shift=0
[FREE POLY] k=4 disc=1 raw=40 facets=4 vertices=7 rho=3.2 anchor_shift=0
[FREE POLY] k=4 disc=2 raw=40 facets=4 vertices=7 rho=7.2 anchor_shift=0
[FREE POLY] k=5 disc=0 raw=40 facets=4 vertices=7 rho=8 anchor_shift=0
[FREE POLY] k=5 disc=1 raw=40 facets=4 vertices=7 rho=4 anchor_shift=0
[FREE POLY] k=5 disc=2 raw=40 facets=3 vertices=6 rho=8 anchor_shift=0
[FREE POLY] k=6 disc=0 raw=40 facets=4 vertices=7 rho=8.8 anchor_shift=0
[FREE POLY] k=6 disc=1 raw=40 facets=3 vertices=6 rho=4.8 anchor_shift=0
[FREE POLY] k=6 disc=2 raw=40 facets=3 vertices=6 rho=8.8 anchor_shift=0
[FREE POLY] k=7 disc=0 raw=40 facets=3 vertices=6 rho=9.6 anchor_shift=0
[FREE POLY] k=7 disc=1 raw=40 facets=3 vertices=6 rho=5.6 anchor_shift=0
[FREE POLY] k=7 disc=2 raw=40 facets=4 vertices=7 rho=9.6 anchor_shift=0
[FREE POLY] k=8 disc=0 raw=40 facets=3 vertices=6 rho=10.4 anchor_shift=0
[FREE POLY] k=8 disc=1 raw=40 facets=3 vertices=6 rho=6.4 anchor_shift=0
[FREE POLY] k=8 disc=2 raw=40 facets=4 vertices=7 rho=10.4 anchor_shift=0
[RF SUPPORT SEED] removed=0 support_limit=-1
[SQP] before_solve iter=0 vars=16 constraints=122 max_d=0.0469159
[QP WORST] iter=0 row=84 type=collision d=0.0469159
[QP WORST COLLISION] scenario=22 k=8 obstacle=0 disc=1
[SQP] after_solve iter=0 converged=1 status=0 iterations=5 primal_residual=4.19803e-16 dual_residual=3.56626e-07 x_size=16 x_finite=1
[SQP LINESEARCH] iter=0 current_violation=0.0469159 accepted_violation=0 accepted=1 alpha=1 delta_u_norm=0.575016
[SQP SUPPORT] iter=0 support_size=0 support_limit=-1 support_ok=1
[SQP] before_solve iter=1 vars=16 constraints=122 max_d=-0.00131033
[QP WORST] iter=1 row=84 type=collision d=-0.00131033
[QP WORST COLLISION] scenario=22 k=8 obstacle=0 disc=1
[SQP] after_solve iter=1 converged=1 status=0 iterations=5 primal_residual=1.61292e-11 dual_residual=1.53985e-05 x_size=16 x_finite=1
[SQP LINESEARCH] iter=1 current_violation=0 accepted_violation=0 accepted=1 alpha=1 delta_u_norm=0.382763
[SQP SUPPORT] iter=1 support_size=0 support_limit=-1 support_ok=1
[SQP] before_solve iter=2 vars=16 constraints=122 max_d=-4.53099e-05
[QP WORST] iter=2 row=84 type=collision d=-4.53099e-05
[QP WORST COLLISION] scenario=22 k=8 obstacle=0 disc=1
[SQP] after_solve iter=2 converged=1 status=0 iterations=5 primal_residual=2.1229e-09 dual_residual=9.78684e-06 x_size=16 x_finite=1
[SQP LINESEARCH] iter=2 current_violation=0 accepted_violation=0 accepted=1 alpha=1 delta_u_norm=0.351852
[SQP SUPPORT] iter=2 support_size=0 support_limit=-1 support_ok=1
[SQP] before_solve iter=3 vars=16 constraints=122 max_d=-2.40611e-05
[QP WORST] iter=3 row=84 type=collision d=-2.40611e-05
[QP WORST COLLISION] scenario=22 k=8 obstacle=0 disc=1
[SQP] after_solve iter=3 converged=1 status=0 iterations=5 primal_residual=1.33503e-08 dual_residual=5.47485e-05 x_size=16 x_finite=1
[SQP LINESEARCH] iter=3 current_violation=0 accepted_violation=0 accepted=1 alpha=1 delta_u_norm=0.251413
[SQP SUPPORT] iter=3 support_size=0 support_limit=-1 support_ok=1
[SQP] before_solve iter=4 vars=16 constraints=122 max_d=-1.28023e-05
[QP WORST] iter=4 row=84 type=collision d=-1.28023e-05
[QP WORST COLLISION] scenario=22 k=8 obstacle=0 disc=1
[SQP] after_solve iter=4 converged=1 status=0 iterations=5 primal_residual=4.38885e-16 dual_residual=5.04133e-05 x_size=16 x_finite=1
[SQP LINESEARCH] iter=4 current_violation=0 accepted_violation=0 accepted=1 alpha=1 delta_u_norm=0.16755
[SQP SUPPORT] iter=4 support_size=0 support_limit=-1 support_ok=1
[SQP] before_solve iter=5 vars=16 constraints=122 max_d=-6.42057e-06
[QP WORST] iter=5 row=84 type=collision d=-6.42057e-06
[QP WORST COLLISION] scenario=22 k=8 obstacle=0 disc=1
[SQP] after_solve iter=5 converged=1 status=0 iterations=5 primal_residual=2.45932e-09 dual_residual=6.49651e-05 x_size=16 x_finite=1
[SQP LINESEARCH] iter=5 current_violation=0 accepted_violation=0 accepted=1 alpha=1 delta_u_norm=0.125325
[SQP SUPPORT] iter=5 support_size=0 support_limit=-1 support_ok=1
[SQP] before_solve iter=6 vars=16 constraints=122 max_d=-2.93599e-06
[QP WORST] iter=6 row=84 type=collision d=-2.93599e-06
[QP WORST COLLISION] scenario=22 k=8 obstacle=0 disc=1
[SQP] after_solve iter=6 converged=1 status=0 iterations=5 primal_residual=3.62738e-09 dual_residual=6.31875e-05 x_size=16 x_finite=1
[SQP LINESEARCH] iter=6 current_violation=0 accepted_violation=0 accepted=1 alpha=1 delta_u_norm=0.0994043
[SQP SUPPORT] iter=6 support_size=0 support_limit=-1 support_ok=1
[SQP] before_solve iter=7 vars=16 constraints=122 max_d=-1.1761e-07
[QP WORST] iter=7 row=84 type=collision d=-1.1761e-07
[QP WORST COLLISION] scenario=22 k=8 obstacle=0 disc=1
[SQP] after_solve iter=7 converged=1 status=0 iterations=5 primal_residual=3.14999e-09 dual_residual=6.17726e-05 x_size=16 x_finite=1
[SQP LINESEARCH] iter=7 current_violation=0 accepted_violation=0 accepted=1 alpha=1 delta_u_norm=0.0941986
[SQP SUPPORT] iter=7 support_size=0 support_limit=-1 support_ok=1
[SQP] before_solve iter=8 vars=16 constraints=122 max_d=-6.97163e-08
[QP WORST] iter=8 row=84 type=collision d=-6.97163e-08
[QP WORST COLLISION] scenario=22 k=8 obstacle=0 disc=1
[SQP] after_solve iter=8 converged=1 status=0 iterations=5 primal_residual=3.06011e-09 dual_residual=6.1493e-05 x_size=16 x_finite=1
[SQP LINESEARCH] iter=8 current_violation=0 accepted_violation=0 accepted=1 alpha=1 delta_u_norm=0.0894162
[SQP SUPPORT] iter=8 support_size=0 support_limit=-1 support_ok=1
[SQP] before_solve iter=9 vars=16 constraints=122 max_d=-7.20197e-08
[QP WORST] iter=9 row=84 type=collision d=-7.20197e-08
[QP WORST COLLISION] scenario=22 k=8 obstacle=0 disc=1
[SQP] after_solve iter=9 converged=1 status=0 iterations=5 primal_residual=3.01867e-09 dual_residual=6.13596e-05 x_size=16 x_finite=1
[SQP LINESEARCH] iter=9 current_violation=0 accepted_violation=0 accepted=1 alpha=1 delta_u_norm=0.0849348
[SQP SUPPORT] iter=9 support_size=0 support_limit=-1 support_ok=1
[SQP FINAL] final_violation=0 violated_constraints=0
[SUPPORT FINAL] sqp_union=0 final_active=2 support_limit=-1
[SUPPORT FINAL IDS] 20 22
[SUPPORT UNION IDS]
[COLD START RECOVERY CHECK] ordinary_sqp_failed=0 seed_available=1 incompatible=0 try_homotopy=0
[HARNESS RESULT] step=18 success=1 controls=8 first_input_present=1
[MPC STEP METRICS] step=18 applied=1 success=1 fallback=0 a=0.607213 omega=0.556537 dt=0.1 acceleration_weight=0.1 steering_weight=0.1 control_cost_unweighted=0.678441 control_cost_weighted=0.0678441 mpc_cost=-11.3764 solve_time=0.0396814 qp_solve_time=0.0262765 constraint_time=0.007222 dro_risk_time=0.000415218 ambiguity_radius=0.0030384 certificate=not_requested
[EVAL SAFETY] step=19 min_center_distance=0.957255 min_clearance=0.0072553 collision_this_step=0 collision_run=0 collision_radius=0.95
[DRO SUMMARY] step=20 obstacle=0 S=40 rho=0.00300322 rho_raw=0.00300322 D_max=0.0115351 D_min=0.00578169 tv_bound=0.519437 eta=0.260355 eta_raw=0.260355 radius_m=20 radius_d=3 transport_cost=0 budget_usage=0 lambda=0 q_support=3 nominal_risk=0 qstar_risk=0 risk_lift=0 tv=0
[DRO MODE] step=20 obstacle=0 mode=constant_velocity p=0.348837 risk=0 q=0.348837 delta_q=0 q_times_S=13.9535
[DRO MODE] step=20 obstacle=0 mode=turn_left p=0.395349 risk=0 q=0.395349 delta_q=0 q_times_S=15.814
[DRO MODE] step=20 obstacle=0 mode=turn_right p=0.255814 risk=0 q=0.255814 delta_q=0 q_times_S=10.2326
[DRO SAMPLE] step=20 obstacle=0 mode=constant_velocity q=0.348837 q_times_S=13.9535 first_count=12 first_fraction=0.3 occupancy=96 occupancy_fraction=0.3
[DRO SAMPLE] step=20 obstacle=0 mode=turn_left q=0.395349 q_times_S=15.814 first_count=19 first_fraction=0.475 occupancy=152 occupancy_fraction=0.475
[DRO SAMPLE] step=20 obstacle=0 mode=turn_right q=0.255814 q_times_S=10.2326 first_count=9 first_fraction=0.225 occupancy=72 occupancy_fraction=0.225
[RF BACKUP] available=1 controls=8 states=9
[FREE POLY] k=1 disc=0 raw=40 facets=2 vertices=5 rho=4.8 anchor_shift=0
[FREE POLY] k=1 disc=1 raw=40 facets=1 vertices=5 rho=0.800001 anchor_shift=0
[FREE POLY] k=1 disc=2 raw=40 facets=4 vertices=7 rho=4.8 anchor_shift=0
[FREE POLY] k=2 disc=0 raw=40 facets=3 vertices=6 rho=5.6 anchor_shift=0
[FREE POLY] k=2 disc=1 raw=40 facets=2 vertices=5 rho=1.6 anchor_shift=0
[FREE POLY] k=2 disc=2 raw=40 facets=5 vertices=8 rho=5.6 anchor_shift=0
[FREE POLY] k=3 disc=0 raw=40 facets=4 vertices=7 rho=6.4 anchor_shift=0
[FREE POLY] k=3 disc=1 raw=40 facets=4 vertices=7 rho=2.4 anchor_shift=0
[FREE POLY] k=3 disc=2 raw=40 facets=5 vertices=8 rho=6.4 anchor_shift=0
[FREE POLY] k=4 disc=0 raw=40 facets=3 vertices=6 rho=7.2 anchor_shift=0
[FREE POLY] k=4 disc=1 raw=40 facets=3 vertices=6 rho=3.2 anchor_shift=0
[FREE POLY] k=4 disc=2 raw=40 facets=5 vertices=8 rho=7.2 anchor_shift=0
[FREE POLY] k=5 disc=0 raw=40 facets=3 vertices=6 rho=8 anchor_shift=0
[FREE POLY] k=5 disc=1 raw=40 facets=3 vertices=6 rho=4 anchor_shift=0
[FREE POLY] k=5 disc=2 raw=40 facets=4 vertices=7 rho=8 anchor_shift=0
[FREE POLY] k=6 disc=0 raw=40 facets=4 vertices=7 rho=8.8 anchor_shift=0
[FREE POLY] k=6 disc=1 raw=40 facets=4 vertices=7 rho=4.8 anchor_shift=0
[FREE POLY] k=6 disc=2 raw=40 facets=5 vertices=8 rho=8.8 anchor_shift=0
[FREE POLY] k=7 disc=0 raw=40 facets=4 vertices=7 rho=9.6 anchor_shift=0
[FREE POLY] k=7 disc=1 raw=40 facets=4 vertices=7 rho=5.6 anchor_shift=0
[FREE POLY] k=7 disc=2 raw=40 facets=5 vertices=8 rho=9.6 anchor_shift=0
[FREE POLY] k=8 disc=0 raw=40 facets=4 vertices=7 rho=10.4 anchor_shift=0
[FREE POLY] k=8 disc=1 raw=40 facets=5 vertices=8 rho=6.4 anchor_shift=0
[FREE POLY] k=8 disc=2 raw=40 facets=5 vertices=8 rho=10.4 anchor_shift=0
[RF SUPPORT SEED] removed=0 support_limit=-1
[SQP] before_solve iter=0 vars=16 constraints=123 max_d=-0.0546342
[QP WORST] iter=0 row=71 type=collision d=-0.0546342
[QP WORST COLLISION] scenario=27 k=7 obstacle=0 disc=1
[SQP] after_solve iter=0 converged=1 status=0 iterations=7 primal_residual=4.16334e-16 dual_residual=9.39934e-05 x_size=16 x_finite=1
[SQP LINESEARCH] iter=0 current_violation=0 accepted_violation=0 accepted=1 alpha=0.5 delta_u_norm=0.832863
[SQP SUPPORT] iter=0 support_size=0 support_limit=-1 support_ok=1
[SQP] before_solve iter=1 vars=16 constraints=123 max_d=-0.0269467
[QP WORST] iter=1 row=71 type=collision d=-0.0269467
[QP WORST COLLISION] scenario=27 k=7 obstacle=0 disc=1
[SQP] after_solve iter=1 converged=1 status=0 iterations=8 primal_residual=4.44089e-16 dual_residual=3.58914e-05 x_size=16 x_finite=1
[SQP LINESEARCH] iter=1 current_violation=0 accepted_violation=0 accepted=1 alpha=0.5 delta_u_norm=0.581868
[SQP SUPPORT] iter=1 support_size=0 support_limit=-1 support_ok=1
[SQP] before_solve iter=2 vars=16 constraints=123 max_d=-0.0133639
[QP WORST] iter=2 row=71 type=collision d=-0.0133639
[QP WORST COLLISION] scenario=27 k=7 obstacle=0 disc=1
[SQP] after_solve iter=2 converged=1 status=0 iterations=6 primal_residual=5.53917e-09 dual_residual=3.51552e-05 x_size=16 x_finite=1
[SQP LINESEARCH] iter=2 current_violation=0 accepted_violation=0 accepted=1 alpha=0.5 delta_u_norm=0.323007
[SQP SUPPORT] iter=2 support_size=0 support_limit=-1 support_ok=1
[SQP] before_solve iter=3 vars=16 constraints=123 max_d=-0.00665001
[QP WORST] iter=3 row=71 type=collision d=-0.00665001
[QP WORST COLLISION] scenario=27 k=7 obstacle=0 disc=1
[SQP] after_solve iter=3 converged=1 status=0 iterations=6 primal_residual=1.42379e-09 dual_residual=5.31281e-05 x_size=16 x_finite=1
[SQP LINESEARCH] iter=3 current_violation=0 accepted_violation=0 accepted=1 alpha=0.5 delta_u_norm=0.206992
[SQP SUPPORT] iter=3 support_size=0 support_limit=-1 support_ok=1
[SQP] before_solve iter=4 vars=16 constraints=123 max_d=-0.00331571
[QP WORST] iter=4 row=71 type=collision d=-0.00331571
[QP WORST COLLISION] scenario=27 k=7 obstacle=0 disc=1
[SQP] after_solve iter=4 converged=1 status=0 iterations=6 primal_residual=1.48822e-09 dual_residual=7.05124e-05 x_size=16 x_finite=1
[SQP LINESEARCH] iter=4 current_violation=0 accepted_violation=0 accepted=1 alpha=0.5 delta_u_norm=0.160273
[SQP SUPPORT] iter=4 support_size=0 support_limit=-1 support_ok=1
[SQP] before_solve iter=5 vars=16 constraints=123 max_d=-0.00165527
[QP WORST] iter=5 row=71 type=collision d=-0.00165527
[QP WORST COLLISION] scenario=27 k=7 obstacle=0 disc=1
[SQP] after_solve iter=5 converged=1 status=0 iterations=6 primal_residual=1.04009e-09 dual_residual=8.43049e-05 x_size=16 x_finite=1
[SQP LINESEARCH] iter=5 current_violation=0 accepted_violation=0 accepted=1 alpha=0.5 delta_u_norm=0.14106
[SQP SUPPORT] iter=5 support_size=0 support_limit=-1 support_ok=1
[SQP] before_solve iter=6 vars=16 constraints=123 max_d=-0.000827311
[QP WORST] iter=6 row=71 type=collision d=-0.000827311
[QP WORST COLLISION] scenario=27 k=7 obstacle=0 disc=1
[SQP] after_solve iter=6 converged=1 status=0 iterations=6 primal_residual=4.23273e-16 dual_residual=8.57905e-05 x_size=16 x_finite=1
[SQP LINESEARCH] iter=6 current_violation=0 accepted_violation=0 accepted=1 alpha=0.5 delta_u_norm=0.131644
[SQP SUPPORT] iter=6 support_size=0 support_limit=-1 support_ok=1
[SQP] before_solve iter=7 vars=16 constraints=123 max_d=-0.000413877
[QP WORST] iter=7 row=71 type=collision d=-0.000413877
[QP WORST COLLISION] scenario=27 k=7 obstacle=0 disc=1
[SQP] after_solve iter=7 converged=1 status=0 iterations=6 primal_residual=4.11997e-16 dual_residual=9.27344e-05 x_size=16 x_finite=1
[SQP LINESEARCH] iter=7 current_violation=0 accepted_violation=0 accepted=1 alpha=1 delta_u_norm=0.123854
[SQP SUPPORT] iter=7 support_size=0 support_limit=-1 support_ok=1
[SQP] before_solve iter=8 vars=16 constraints=123 max_d=-8.62098e-07
[QP WORST] iter=8 row=71 type=collision d=-8.62098e-07
[QP WORST COLLISION] scenario=27 k=7 obstacle=0 disc=1
[SQP] after_solve iter=8 converged=1 status=0 iterations=7 primal_residual=4.44089e-16 dual_residual=1.12556e-05 x_size=16 x_finite=1
[SQP LINESEARCH] iter=8 current_violation=0 accepted_violation=0 accepted=1 alpha=0.5 delta_u_norm=0.116347
[SQP SUPPORT] iter=8 support_size=0 support_limit=-1 support_ok=1
[SQP] before_solve iter=9 vars=16 constraints=123 max_d=-1.13373e-07
[QP WORST] iter=9 row=71 type=collision d=-1.13373e-07
[QP WORST COLLISION] scenario=27 k=7 obstacle=0 disc=1
[SQP] after_solve iter=9 converged=1 status=0 iterations=7 primal_residual=3.88578e-16 dual_residual=1.33012e-05 x_size=16 x_finite=1
[SQP LINESEARCH] iter=9 current_violation=0 accepted_violation=0 accepted=1 alpha=0.25 delta_u_norm=0.109244
[SQP SUPPORT] iter=9 support_size=0 support_limit=-1 support_ok=1
[SQP FINAL] final_violation=0 violated_constraints=0
[SUPPORT FINAL] sqp_union=0 final_active=2 support_limit=-1
[SUPPORT FINAL IDS] 1 27
[SUPPORT UNION IDS]
[COLD START RECOVERY CHECK] ordinary_sqp_failed=0 seed_available=1 incompatible=0 try_homotopy=0
[HARNESS RESULT] step=19 success=1 controls=8 first_input_present=1
[MPC STEP METRICS] step=19 applied=1 success=1 fallback=0 a=0.405232 omega=-0.531999 dt=0.1 acceleration_weight=0.1 steering_weight=0.1 control_cost_unweighted=0.447236 control_cost_weighted=0.0447236 mpc_cost=-11.2105 solve_time=0.0441102 qp_solve_time=0.0310044 constraint_time=0.00717487 dro_risk_time=0.000408134 ambiguity_radius=0.00300322 certificate=not_requested
[EVAL SAFETY] step=20 min_center_distance=1.15528 min_clearance=0.205275 collision_this_step=0 collision_run=0 collision_radius=0.95
[DRO SUMMARY] step=21 obstacle=0 S=40 rho=0.00292717 rho_raw=0.00292717 D_max=0.0115351 D_min=0.00578169 tv_bound=0.506282 eta=0.253762 eta_raw=0.253762 radius_m=21 radius_d=3 transport_cost=0.00292717 budget_usage=1 lambda=1.84593 q_support=2 nominal_risk=0.0202853 qstar_risk=0.0257739 risk_lift=0.00548864 tv=0.42002
[DRO MODE] step=21 obstacle=0 mode=constant_velocity p=0.333333 risk=0.0210437 q=0 delta_q=-0.333333 q_times_S=0
[DRO MODE] step=21 obstacle=0 mode=turn_left p=0.377778 risk=0.0106791 q=0.291091 delta_q=-0.0866865 q_times_S=11.6437
[DRO MODE] step=21 obstacle=0 mode=turn_right p=0.288889 risk=0.0319721 q=0.708909 delta_q=0.42002 q_times_S=28.3563
[DRO SAMPLE] step=21 obstacle=0 mode=constant_velocity q=0 q_times_S=0 first_count=0 first_fraction=0 occupancy=0 occupancy_fraction=0
[DRO SAMPLE] step=21 obstacle=0 mode=turn_left q=0.291091 q_times_S=11.6437 first_count=14 first_fraction=0.35 occupancy=112 occupancy_fraction=0.35
[DRO SAMPLE] step=21 obstacle=0 mode=turn_right q=0.708909 q_times_S=28.3563 first_count=26 first_fraction=0.65 occupancy=208 occupancy_fraction=0.65
[RF BACKUP] available=1 controls=8 states=9
[FREE POLY] k=1 disc=0 raw=40 facets=5 vertices=8 rho=4.8 anchor_shift=0
[FREE POLY] k=1 disc=1 raw=40 facets=2 vertices=6 rho=0.800001 anchor_shift=0
[FREE POLY] k=1 disc=2 raw=40 facets=5 vertices=8 rho=4.8 anchor_shift=0
[FREE POLY] k=2 disc=0 raw=40 facets=4 vertices=7 rho=5.6 anchor_shift=0
[FREE POLY] k=2 disc=1 raw=40 facets=3 vertices=6 rho=1.6 anchor_shift=0
[FREE POLY] k=2 disc=2 raw=40 facets=4 vertices=7 rho=5.6 anchor_shift=0
[FREE POLY] k=3 disc=0 raw=40 facets=6 vertices=9 rho=6.4 anchor_shift=0
[FREE POLY] k=3 disc=1 raw=40 facets=4 vertices=7 rho=2.4 anchor_shift=0
[FREE POLY] k=3 disc=2 raw=40 facets=5 vertices=8 rho=6.4 anchor_shift=0
[FREE POLY] k=4 disc=0 raw=40 facets=4 vertices=7 rho=7.2 anchor_shift=0
[FREE POLY] k=4 disc=1 raw=40 facets=3 vertices=6 rho=3.2 anchor_shift=0
[FREE POLY] k=4 disc=2 raw=40 facets=6 vertices=9 rho=7.2 anchor_shift=0
[FREE POLY] k=5 disc=0 raw=40 facets=4 vertices=7 rho=8 anchor_shift=0
[FREE POLY] k=5 disc=1 raw=40 facets=3 vertices=6 rho=4 anchor_shift=0
[FREE POLY] k=5 disc=2 raw=40 facets=6 vertices=9 rho=8 anchor_shift=0
[FREE POLY] k=6 disc=0 raw=40 facets=3 vertices=6 rho=8.8 anchor_shift=0
[FREE POLY] k=6 disc=1 raw=40 facets=4 vertices=7 rho=4.8 anchor_shift=0
[FREE POLY] k=6 disc=2 raw=40 facets=7 vertices=11 rho=8.8 anchor_shift=0
[FREE POLY] k=7 disc=0 raw=40 facets=3 vertices=6 rho=9.6 anchor_shift=0
[FREE POLY] k=7 disc=1 raw=40 facets=6 vertices=9 rho=5.6 anchor_shift=0
[FREE POLY] k=7 disc=2 raw=40 facets=7 vertices=11 rho=9.6 anchor_shift=0
[FREE POLY] k=8 disc=0 raw=40 facets=3 vertices=6 rho=10.4 anchor_shift=0
[FREE POLY] k=8 disc=1 raw=40 facets=4 vertices=7 rho=6.4 anchor_shift=0
[FREE POLY] k=8 disc=2 raw=40 facets=5 vertices=8 rho=10.4 anchor_shift=0
[RF SUPPORT SEED] removed=0 support_limit=-1
[SQP] before_solve iter=0 vars=16 constraints=138 max_d=-0.0172539
[QP WORST] iter=0 row=82 type=collision d=-0.0172539
[QP WORST COLLISION] scenario=11 k=7 obstacle=0 disc=1
[SQP] after_solve iter=0 converged=1 status=0 iterations=6 primal_residual=8.21568e-10 dual_residual=1.83671e-05 x_size=16 x_finite=1
[SQP LINESEARCH] iter=0 current_violation=0 accepted_violation=0 accepted=1 alpha=0.5 delta_u_norm=0.664572
[SQP SUPPORT] iter=0 support_size=0 support_limit=-1 support_ok=1
[SQP] before_solve iter=1 vars=16 constraints=138 max_d=-0.00855051
[QP WORST] iter=1 row=82 type=collision d=-0.00855051
[QP WORST COLLISION] scenario=11 k=7 obstacle=0 disc=1
[SQP] after_solve iter=1 converged=1 status=0 iterations=6 primal_residual=5.68442e-10 dual_residual=1.06209e-05 x_size=16 x_finite=1
[SQP LINESEARCH] iter=1 current_violation=0 accepted_violation=0 accepted=1 alpha=0.5 delta_u_norm=0.617719
[SQP SUPPORT] iter=1 support_size=0 support_limit=-1 support_ok=1
[SQP] before_solve iter=2 vars=16 constraints=138 max_d=-0.00426124
[QP WORST] iter=2 row=82 type=collision d=-0.00426124
[QP WORST COLLISION] scenario=11 k=7 obstacle=0 disc=1
[SQP] after_solve iter=2 converged=1 status=0 iterations=6 primal_residual=3.82681e-09 dual_residual=2.71037e-05 x_size=16 x_finite=1
[SQP LINESEARCH] iter=2 current_violation=0 accepted_violation=0 accepted=1 alpha=1 delta_u_norm=0.487758
[SQP SUPPORT] iter=2 support_size=0 support_limit=-1 support_ok=1
[SQP] before_solve iter=3 vars=16 constraints=138 max_d=-2.75086e-06
[QP WORST] iter=3 row=82 type=collision d=-2.75086e-06
[QP WORST COLLISION] scenario=11 k=7 obstacle=0 disc=1
[SQP] after_solve iter=3 converged=1 status=0 iterations=6 primal_residual=4.18936e-16 dual_residual=2.34294e-05 x_size=16 x_finite=1
[SQP LINESEARCH] iter=3 current_violation=0 accepted_violation=0 accepted=1 alpha=1 delta_u_norm=0.253381
[SQP SUPPORT] iter=3 support_size=0 support_limit=-1 support_ok=1
[SQP] before_solve iter=4 vars=16 constraints=138 max_d=-1.17024e-05
[QP WORST] iter=4 row=82 type=collision d=-1.17024e-05
[QP WORST COLLISION] scenario=11 k=7 obstacle=0 disc=1
[SQP] after_solve iter=4 converged=1 status=0 iterations=6 primal_residual=4.34548e-16 dual_residual=2.34487e-05 x_size=16 x_finite=1
[SQP LINESEARCH] iter=4 current_violation=0 accepted_violation=0 accepted=1 alpha=1 delta_u_norm=0.214276
[SQP SUPPORT] iter=4 support_size=0 support_limit=-1 support_ok=1
[SQP] before_solve iter=5 vars=16 constraints=138 max_d=-4.79763e-06
[QP WORST] iter=5 row=82 type=collision d=-4.79763e-06
[QP WORST COLLISION] scenario=11 k=7 obstacle=0 disc=1
[SQP] after_solve iter=5 converged=1 status=0 iterations=6 primal_residual=4.33681e-16 dual_residual=2.25863e-05 x_size=16 x_finite=1
[SQP LINESEARCH] iter=5 current_violation=0 accepted_violation=0 accepted=1 alpha=1 delta_u_norm=0.154882
[SQP SUPPORT] iter=5 support_size=0 support_limit=-1 support_ok=1
[SQP] before_solve iter=6 vars=16 constraints=138 max_d=-8.19941e-07
[QP WORST] iter=6 row=82 type=collision d=-8.19941e-07
[QP WORST COLLISION] scenario=11 k=7 obstacle=0 disc=1
[SQP] after_solve iter=6 converged=1 status=0 iterations=6 primal_residual=4.31892e-16 dual_residual=2.50062e-05 x_size=16 x_finite=1
[SQP LINESEARCH] iter=6 current_violation=0 accepted_violation=0 accepted=1 alpha=1 delta_u_norm=0.130332
[SQP SUPPORT] iter=6 support_size=0 support_limit=-1 support_ok=1
[SQP] before_solve iter=7 vars=16 constraints=138 max_d=-2.21553e-07
[QP WORST] iter=7 row=68 type=collision d=-2.21553e-07
[QP WORST COLLISION] scenario=11 k=6 obstacle=0 disc=1
[SQP] after_solve iter=7 converged=1 status=0 iterations=6 primal_residual=4.19803e-16 dual_residual=2.22044e-05 x_size=16 x_finite=1
[SQP LINESEARCH] iter=7 current_violation=0 accepted_violation=0 accepted=1 alpha=1 delta_u_norm=0.120154
[SQP SUPPORT] iter=7 support_size=0 support_limit=-1 support_ok=1
[SQP] before_solve iter=8 vars=16 constraints=138 max_d=-1.98894e-07
[QP WORST] iter=8 row=68 type=collision d=-1.98894e-07
[QP WORST COLLISION] scenario=11 k=6 obstacle=0 disc=1
[SQP] after_solve iter=8 converged=1 status=0 iterations=6 primal_residual=4.28477e-16 dual_residual=2.16461e-05 x_size=16 x_finite=1
[SQP LINESEARCH] iter=8 current_violation=0 accepted_violation=0 accepted=1 alpha=1 delta_u_norm=0.112552
[SQP SUPPORT] iter=8 support_size=0 support_limit=-1 support_ok=1
[SQP] before_solve iter=9 vars=16 constraints=138 max_d=-1.06827e-07
[QP WORST] iter=9 row=68 type=collision d=-1.06827e-07
[QP WORST COLLISION] scenario=11 k=6 obstacle=0 disc=1
[SQP] after_solve iter=9 converged=1 status=0 iterations=6 primal_residual=3.88659e-16 dual_residual=2.15547e-05 x_size=16 x_finite=1
[SQP LINESEARCH] iter=9 current_violation=0 accepted_violation=0 accepted=1 alpha=1 delta_u_norm=0.105755
[SQP SUPPORT] iter=9 support_size=0 support_limit=-1 support_ok=1
[SQP FINAL] final_violation=0 violated_constraints=0
[SUPPORT FINAL] sqp_union=0 final_active=1 support_limit=-1
[SUPPORT FINAL IDS] 11
[SUPPORT UNION IDS]
[COLD START RECOVERY CHECK] ordinary_sqp_failed=0 seed_available=1 incompatible=0 try_homotopy=0
[HARNESS RESULT] step=20 success=1 controls=8 first_input_present=1
[MPC STEP METRICS] step=20 applied=1 success=1 fallback=0 a=0.454432 omega=-0.133501 dt=0.1 acceleration_weight=0.1 steering_weight=0.1 control_cost_unweighted=0.224331 control_cost_weighted=0.0224331 mpc_cost=-10.6885 solve_time=0.0424539 qp_solve_time=0.0275816 constraint_time=0.00867668 dro_risk_time=0.000405258 ambiguity_radius=0.00292717 certificate=not_requested
[EVAL SAFETY] step=21 min_center_distance=1.30703 min_clearance=0.35703 collision_this_step=0 collision_run=0 collision_radius=0.95
[PATH COMPLETION] step=21 completion_progress=4.08458 path_length=25 fraction=0.163383 required_fraction=0.95 termination_enabled=1 completed=0
[DRO SUMMARY] step=22 obstacle=0 S=40 rho=0.00283311 rho_raw=0.00283311 D_max=0.0115351 D_min=0.00578169 tv_bound=0.490015 eta=0.245608 eta_raw=0.245608 radius_m=22 radius_d=3 transport_cost=0.00283311 budget_usage=1 lambda=1.0431 q_support=2 nominal_risk=0.00814988 qstar_risk=0.0113554 risk_lift=0.00320556 tv=0.426016
[DRO MODE] step=22 obstacle=0 mode=constant_velocity p=0.361702 risk=0.00821068 q=0 delta_q=-0.361702 q_times_S=0
[DRO MODE] step=22 obstacle=0 mode=turn_left p=0.361702 risk=0.00290146 q=0.297389 delta_q=-0.0643136 q_times_S=11.8955
[DRO MODE] step=22 obstacle=0 mode=turn_right p=0.276596 risk=0.0149337 q=0.702611 delta_q=0.426016 q_times_S=28.1045
[DRO SAMPLE] step=22 obstacle=0 mode=constant_velocity q=0 q_times_S=0 first_count=0 first_fraction=0 occupancy=0 occupancy_fraction=0
[DRO SAMPLE] step=22 obstacle=0 mode=turn_left q=0.297389 q_times_S=11.8955 first_count=9 first_fraction=0.225 occupancy=72 occupancy_fraction=0.225
[DRO SAMPLE] step=22 obstacle=0 mode=turn_right q=0.702611 q_times_S=28.1045 first_count=31 first_fraction=0.775 occupancy=248 occupancy_fraction=0.775
[RF BACKUP] available=1 controls=8 states=9
[FREE POLY] k=1 disc=0 raw=40 facets=3 vertices=6 rho=4.8 anchor_shift=0
[FREE POLY] k=1 disc=1 raw=40 facets=3 vertices=6 rho=0.800001 anchor_shift=0
[FREE POLY] k=1 disc=2 raw=40 facets=4 vertices=7 rho=4.8 anchor_shift=0
[FREE POLY] k=2 disc=0 raw=40 facets=3 vertices=6 rho=5.6 anchor_shift=0
[FREE POLY] k=2 disc=1 raw=40 facets=4 vertices=7 rho=1.6 anchor_shift=0
[FREE POLY] k=2 disc=2 raw=40 facets=3 vertices=6 rho=5.6 anchor_shift=0
[FREE POLY] k=3 disc=0 raw=40 facets=4 vertices=7 rho=6.4 anchor_shift=0
[FREE POLY] k=3 disc=1 raw=40 facets=4 vertices=7 rho=2.4 anchor_shift=0
[FREE POLY] k=3 disc=2 raw=40 facets=3 vertices=6 rho=6.4 anchor_shift=0
[FREE POLY] k=4 disc=0 raw=40 facets=6 vertices=9 rho=7.2 anchor_shift=0
[FREE POLY] k=4 disc=1 raw=40 facets=5 vertices=8 rho=3.2 anchor_shift=0
[FREE POLY] k=4 disc=2 raw=40 facets=5 vertices=8 rho=7.2 anchor_shift=0
[FREE POLY] k=5 disc=0 raw=40 facets=6 vertices=9 rho=8 anchor_shift=0
[FREE POLY] k=5 disc=1 raw=40 facets=4 vertices=7 rho=4 anchor_shift=0
[FREE POLY] k=5 disc=2 raw=40 facets=5 vertices=9 rho=8 anchor_shift=0
[FREE POLY] k=6 disc=0 raw=40 facets=4 vertices=7 rho=8.8 anchor_shift=0
[FREE POLY] k=6 disc=1 raw=40 facets=4 vertices=7 rho=4.8 anchor_shift=0
[FREE POLY] k=6 disc=2 raw=40 facets=5 vertices=9 rho=8.8 anchor_shift=0
[FREE POLY] k=7 disc=0 raw=40 facets=5 vertices=8 rho=9.6 anchor_shift=0
[FREE POLY] k=7 disc=1 raw=40 facets=4 vertices=7 rho=5.6 anchor_shift=0
[FREE POLY] k=7 disc=2 raw=40 facets=5 vertices=8 rho=9.6 anchor_shift=0
[FREE POLY] k=8 disc=0 raw=40 facets=5 vertices=8 rho=10.4 anchor_shift=0
[FREE POLY] k=8 disc=1 raw=40 facets=5 vertices=8 rho=6.4 anchor_shift=0
[FREE POLY] k=8 disc=2 raw=40 facets=5 vertices=8 rho=10.4 anchor_shift=0
[RF SUPPORT SEED] removed=0 support_limit=-1
[SQP] before_solve iter=0 vars=16 constraints=136 max_d=-0.00252837
[QP WORST] iter=0 row=54 type=collision d=-0.00252837
[QP WORST COLLISION] scenario=10 k=5 obstacle=0 disc=1
[SQP] after_solve iter=0 converged=1 status=0 iterations=5 primal_residual=4.44089e-16 dual_residual=5.52999e-05 x_size=16 x_finite=1
[SQP LINESEARCH] iter=0 current_violation=0 accepted_violation=0 accepted=1 alpha=1 delta_u_norm=0.47917
[SQP SUPPORT] iter=0 support_size=0 support_limit=-1 support_ok=1
[SQP] before_solve iter=1 vars=16 constraints=136 max_d=-7.2405e-06
[QP WORST] iter=1 row=54 type=collision d=-7.2405e-06
[QP WORST COLLISION] scenario=10 k=5 obstacle=0 disc=1
[SQP] after_solve iter=1 converged=1 status=0 iterations=6 primal_residual=1.32724e-11 dual_residual=2.53914e-05 x_size=16 x_finite=1
[SQP LINESEARCH] iter=1 current_violation=0 accepted_violation=0 accepted=1 alpha=0.5 delta_u_norm=0.399619
[SQP SUPPORT] iter=1 support_size=0 support_limit=-1 support_ok=1
[SQP] before_solve iter=2 vars=16 constraints=136 max_d=-3.43471e-06
[QP WORST] iter=2 row=54 type=collision d=-3.43471e-06
[QP WORST COLLISION] scenario=10 k=5 obstacle=0 disc=1
[SQP] after_solve iter=2 converged=1 status=0 iterations=5 primal_residual=6.43576e-08 dual_residual=9.08627e-05 x_size=16 x_finite=1
[SQP LINESEARCH] iter=2 current_violation=0 accepted_violation=0 accepted=1 alpha=0.5 delta_u_norm=0.255693
[SQP SUPPORT] iter=2 support_size=0 support_limit=-1 support_ok=1
[SQP] before_solve iter=3 vars=16 constraints=136 max_d=-1.72549e-06
[QP WORST] iter=3 row=54 type=collision d=-1.72549e-06
[QP WORST COLLISION] scenario=10 k=5 obstacle=0 disc=1
[SQP] after_solve iter=3 converged=1 status=0 iterations=6 primal_residual=1.56069e-13 dual_residual=2.13895e-09 x_size=16 x_finite=1
[SQP LINESEARCH] iter=3 current_violation=0 accepted_violation=0 accepted=1 alpha=0.5 delta_u_norm=0.186641
[SQP SUPPORT] iter=3 support_size=0 support_limit=-1 support_ok=1
[SQP] before_solve iter=4 vars=16 constraints=136 max_d=-7.4412e-07
[QP WORST] iter=4 row=54 type=collision d=-7.4412e-07
[QP WORST COLLISION] scenario=10 k=5 obstacle=0 disc=1
[SQP] after_solve iter=4 converged=1 status=0 iterations=6 primal_residual=2.13794e-13 dual_residual=3.02053e-09 x_size=16 x_finite=1
[SQP LINESEARCH] iter=4 current_violation=0 accepted_violation=0 accepted=1 alpha=0.5 delta_u_norm=0.156409
[SQP SUPPORT] iter=4 support_size=0 support_limit=-1 support_ok=1
[SQP] before_solve iter=5 vars=16 constraints=136 max_d=-2.80076e-07
[QP WORST] iter=5 row=54 type=collision d=-2.80076e-07
[QP WORST COLLISION] scenario=10 k=5 obstacle=0 disc=1
[SQP] after_solve iter=5 converged=1 status=0 iterations=6 primal_residual=2.90625e-13 dual_residual=4.12943e-09 x_size=16 x_finite=1
[SQP LINESEARCH] iter=5 current_violation=0 accepted_violation=0 accepted=1 alpha=0.5 delta_u_norm=0.142332
[SQP SUPPORT] iter=5 support_size=0 support_limit=-1 support_ok=1
[SQP] before_solve iter=6 vars=16 constraints=136 max_d=-6.92729e-08
[QP WORST] iter=6 row=54 type=collision d=-6.92729e-08
[QP WORST COLLISION] scenario=10 k=5 obstacle=0 disc=1
[SQP] after_solve iter=6 converged=1 status=0 iterations=6 primal_residual=3.80652e-13 dual_residual=5.46243e-09 x_size=16 x_finite=1
[SQP LINESEARCH] iter=6 current_violation=0 accepted_violation=0 accepted=1 alpha=0.25 delta_u_norm=0.133716
[SQP SUPPORT] iter=6 support_size=0 support_limit=-1 support_ok=1
[SQP] before_solve iter=7 vars=16 constraints=136 max_d=-3.84501e-08
[QP WORST] iter=7 row=54 type=collision d=-3.84501e-08
[QP WORST COLLISION] scenario=10 k=5 obstacle=0 disc=1
[SQP] after_solve iter=7 converged=1 status=0 iterations=6 primal_residual=4.29153e-13 dual_residual=6.19061e-09 x_size=16 x_finite=1
[SQP LINESEARCH] iter=7 current_violation=0 accepted_violation=0 accepted=1 alpha=0.25 delta_u_norm=0.130396
[SQP SUPPORT] iter=7 support_size=0 support_limit=-1 support_ok=1
[SQP] before_solve iter=8 vars=16 constraints=136 max_d=-1.70227e-08
[QP WORST] iter=8 row=54 type=collision d=-1.70227e-08
[QP WORST COLLISION] scenario=10 k=5 obstacle=0 disc=1
[SQP] after_solve iter=8 converged=1 status=0 iterations=6 primal_residual=4.80727e-13 dual_residual=6.97122e-09 x_size=16 x_finite=1
[SQP LINESEARCH] iter=8 current_violation=0 accepted_violation=0 accepted=1 alpha=0.25 delta_u_norm=0.127377
[SQP SUPPORT] iter=8 support_size=0 support_limit=-1 support_ok=1
[SQP] before_solve iter=9 vars=16 constraints=136 max_d=-2.44292e-09
[QP WORST] iter=9 row=54 type=collision d=-2.44292e-09
[QP WORST COLLISION] scenario=10 k=5 obstacle=0 disc=1
[SQP] after_solve iter=9 converged=1 status=0 iterations=6 primal_residual=5.35256e-13 dual_residual=7.80314e-09 x_size=16 x_finite=1
[SQP LINESEARCH] iter=9 current_violation=0 accepted_violation=0 accepted=0 alpha=0 delta_u_norm=0.124597
[SQP] no additional feasible SQP step; keeping current collision-feasible iterate iter=9
[SQP SUPPORT] iter=9 support_size=0 support_limit=-1 support_ok=1
[SQP FINAL] final_violation=0 violated_constraints=0
[SUPPORT FINAL] sqp_union=0 final_active=1 support_limit=-1
[SUPPORT FINAL IDS] 10
[SUPPORT UNION IDS]
[COLD START RECOVERY CHECK] ordinary_sqp_failed=0 seed_available=1 incompatible=0 try_homotopy=0
[HARNESS RESULT] step=21 success=1 controls=8 first_input_present=1
[MPC STEP METRICS] step=21 applied=1 success=1 fallback=0 a=-0.0275267 omega=-0.8 dt=0.1 acceleration_weight=0.1 steering_weight=0.1 control_cost_unweighted=0.640758 control_cost_weighted=0.0640758 mpc_cost=-9.94594 solve_time=0.0476354 qp_solve_time=0.0338995 constraint_time=0.00767494 dro_risk_time=0.000407062 ambiguity_radius=0.00283311 certificate=not_requested
[EVAL SAFETY] step=22 min_center_distance=1.19552 min_clearance=0.24552 collision_this_step=0 collision_run=0 collision_radius=0.95
[DRO SUMMARY] step=23 obstacle=0 S=40 rho=0.00280393 rho_raw=0.00280393 D_max=0.0115351 D_min=0.00578169 tv_bound=0.484968 eta=0.243078 eta_raw=0.243078 radius_m=23 radius_d=3 transport_cost=0 budget_usage=0 lambda=0 q_support=3 nominal_risk=0 qstar_risk=0 risk_lift=0 tv=0
[DRO MODE] step=23 obstacle=0 mode=constant_velocity p=0.346939 risk=0 q=0.346939 delta_q=0 q_times_S=13.8776
[DRO MODE] step=23 obstacle=0 mode=turn_left p=0.387755 risk=0 q=0.387755 delta_q=0 q_times_S=15.5102
[DRO MODE] step=23 obstacle=0 mode=turn_right p=0.265306 risk=0 q=0.265306 delta_q=0 q_times_S=10.6122
[DRO SAMPLE] step=23 obstacle=0 mode=constant_velocity q=0.346939 q_times_S=13.8776 first_count=14 first_fraction=0.35 occupancy=112 occupancy_fraction=0.35
[DRO SAMPLE] step=23 obstacle=0 mode=turn_left q=0.387755 q_times_S=15.5102 first_count=19 first_fraction=0.475 occupancy=152 occupancy_fraction=0.475
[DRO SAMPLE] step=23 obstacle=0 mode=turn_right q=0.265306 q_times_S=10.6122 first_count=7 first_fraction=0.175 occupancy=56 occupancy_fraction=0.175
[RF BACKUP] available=1 controls=8 states=9
[FREE POLY] k=1 disc=0 raw=40 facets=5 vertices=8 rho=4.8 anchor_shift=0
[FREE POLY] k=1 disc=1 raw=40 facets=3 vertices=7 rho=0.800001 anchor_shift=0
[FREE POLY] k=1 disc=2 raw=40 facets=4 vertices=7 rho=4.8 anchor_shift=0
[FREE POLY] k=2 disc=0 raw=40 facets=5 vertices=8 rho=5.6 anchor_shift=0
[FREE POLY] k=2 disc=1 raw=40 facets=4 vertices=7 rho=1.6 anchor_shift=0
[FREE POLY] k=2 disc=2 raw=40 facets=5 vertices=8 rho=5.6 anchor_shift=0
[FREE POLY] k=3 disc=0 raw=40 facets=4 vertices=7 rho=6.4 anchor_shift=0
[FREE POLY] k=3 disc=1 raw=40 facets=3 vertices=6 rho=2.4 anchor_shift=0
[FREE POLY] k=3 disc=2 raw=40 facets=3 vertices=6 rho=6.4 anchor_shift=0
[FREE POLY] k=4 disc=0 raw=40 facets=4 vertices=7 rho=7.2 anchor_shift=0
[FREE POLY] k=4 disc=1 raw=40 facets=3 vertices=6 rho=3.2 anchor_shift=0
[FREE POLY] k=4 disc=2 raw=40 facets=4 vertices=8 rho=7.2 anchor_shift=0
[FREE POLY] k=5 disc=0 raw=40 facets=4 vertices=7 rho=8 anchor_shift=0
[FREE POLY] k=5 disc=1 raw=40 facets=4 vertices=7 rho=4 anchor_shift=0
[FREE POLY] k=5 disc=2 raw=40 facets=5 vertices=9 rho=8 anchor_shift=0
[FREE POLY] k=6 disc=0 raw=40 facets=5 vertices=8 rho=8.8 anchor_shift=0
[FREE POLY] k=6 disc=1 raw=40 facets=5 vertices=8 rho=4.8 anchor_shift=0
[FREE POLY] k=6 disc=2 raw=40 facets=5 vertices=8 rho=8.8 anchor_shift=0
[FREE POLY] k=7 disc=0 raw=40 facets=4 vertices=7 rho=9.6 anchor_shift=0
[FREE POLY] k=7 disc=1 raw=40 facets=5 vertices=8 rho=5.6 anchor_shift=0
[FREE POLY] k=7 disc=2 raw=40 facets=5 vertices=8 rho=9.6 anchor_shift=0
[FREE POLY] k=8 disc=0 raw=40 facets=5 vertices=8 rho=10.4 anchor_shift=0
[FREE POLY] k=8 disc=1 raw=40 facets=5 vertices=8 rho=6.4 anchor_shift=0
[FREE POLY] k=8 disc=2 raw=40 facets=5 vertices=8 rho=10.4 anchor_shift=0
[RF SUPPORT SEED] removed=0 support_limit=-1
[SQP] before_solve iter=0 vars=16 constraints=136 max_d=-0.0330543
[QP WORST] iter=0 row=42 type=collision d=-0.0330543
[QP WORST COLLISION] scenario=34 k=4 obstacle=0 disc=1
[SQP] after_solve iter=0 converged=1 status=0 iterations=6 primal_residual=4.4062e-16 dual_residual=5.03078e-06 x_size=16 x_finite=1
[SQP LINESEARCH] iter=0 current_violation=0 accepted_violation=0 accepted=1 alpha=0.5 delta_u_norm=0.769255
[SQP SUPPORT] iter=0 support_size=0 support_limit=-1 support_ok=1
[SQP] before_solve iter=1 vars=16 constraints=136 max_d=-0.0162934
[QP WORST] iter=1 row=42 type=collision d=-0.0162934
[QP WORST COLLISION] scenario=34 k=4 obstacle=0 disc=1
[SQP] after_solve iter=1 converged=1 status=0 iterations=6 primal_residual=4.44089e-16 dual_residual=3.51848e-05 x_size=16 x_finite=1
[SQP LINESEARCH] iter=1 current_violation=0 accepted_violation=0 accepted=1 alpha=0.5 delta_u_norm=0.491867
[SQP SUPPORT] iter=1 support_size=0 support_limit=-1 support_ok=1
[SQP] before_solve iter=2 vars=16 constraints=136 max_d=-0.0081503
[QP WORST] iter=2 row=42 type=collision d=-0.0081503
[QP WORST COLLISION] scenario=34 k=4 obstacle=0 disc=1
[SQP] after_solve iter=2 converged=1 status=0 iterations=7 primal_residual=4.4062e-16 dual_residual=7.35436e-05 x_size=16 x_finite=1
[SQP LINESEARCH] iter=2 current_violation=0 accepted_violation=0 accepted=1 alpha=0.5 delta_u_norm=0.34029
[SQP SUPPORT] iter=2 support_size=0 support_limit=-1 support_ok=1
[SQP] before_solve iter=3 vars=16 constraints=136 max_d=-0.00418845
[QP WORST] iter=3 row=42 type=collision d=-0.00418845
[QP WORST COLLISION] scenario=34 k=4 obstacle=0 disc=1
[SQP] after_solve iter=3 converged=1 status=0 iterations=6 primal_residual=4.16334e-16 dual_residual=5.57131e-05 x_size=16 x_finite=1
[SQP LINESEARCH] iter=3 current_violation=0 accepted_violation=0 accepted=1 alpha=0.5 delta_u_norm=0.257446
[SQP SUPPORT] iter=3 support_size=0 support_limit=-1 support_ok=1
[SQP] before_solve iter=4 vars=16 constraints=136 max_d=-0.00220062
[QP WORST] iter=4 row=42 type=collision d=-0.00220062
[QP WORST COLLISION] scenario=34 k=4 obstacle=0 disc=1
[SQP] after_solve iter=4 converged=1 status=0 iterations=6 primal_residual=3.41741e-16 dual_residual=6.85573e-05 x_size=16 x_finite=1
[SQP LINESEARCH] iter=4 current_violation=0 accepted_violation=0 accepted=1 alpha=0.5 delta_u_norm=0.214352
[SQP SUPPORT] iter=4 support_size=0 support_limit=-1 support_ok=1
[SQP] before_solve iter=5 vars=16 constraints=136 max_d=-0.00117968
[QP WORST] iter=5 row=42 type=collision d=-0.00117968
[QP WORST COLLISION] scenario=34 k=4 obstacle=0 disc=1
[SQP] after_solve iter=5 converged=1 status=0 iterations=6 primal_residual=4.44089e-16 dual_residual=7.15303e-05 x_size=16 x_finite=1
[SQP LINESEARCH] iter=5 current_violation=0 accepted_violation=0 accepted=1 alpha=0.5 delta_u_norm=0.193569
[SQP SUPPORT] iter=5 support_size=0 support_limit=-1 support_ok=1
[SQP] before_solve iter=6 vars=16 constraints=136 max_d=-0.000652816
[QP WORST] iter=6 row=42 type=collision d=-0.000652816
[QP WORST COLLISION] scenario=34 k=4 obstacle=0 disc=1
[SQP] after_solve iter=6 converged=1 status=0 iterations=6 primal_residual=4.47559e-16 dual_residual=7.10877e-05 x_size=16 x_finite=1
[SQP LINESEARCH] iter=6 current_violation=0 accepted_violation=0 accepted=1 alpha=0.5 delta_u_norm=0.181073
[SQP SUPPORT] iter=6 support_size=0 support_limit=-1 support_ok=1
[SQP] before_solve iter=7 vars=16 constraints=136 max_d=-0.000336833
[QP WORST] iter=7 row=54 type=collision d=-0.000336833
[QP WORST COLLISION] scenario=34 k=5 obstacle=0 disc=1
[SQP] after_solve iter=7 converged=1 status=0 iterations=6 primal_residual=4.23273e-16 dual_residual=7.01175e-05 x_size=16 x_finite=1
[SQP LINESEARCH] iter=7 current_violation=0 accepted_violation=0 accepted=1 alpha=0.5 delta_u_norm=0.171775
[SQP SUPPORT] iter=7 support_size=0 support_limit=-1 support_ok=1
[SQP] before_solve iter=8 vars=16 constraints=136 max_d=-0.000168329
[QP WORST] iter=8 row=54 type=collision d=-0.000168329
[QP WORST COLLISION] scenario=34 k=5 obstacle=0 disc=1
[SQP] after_solve iter=8 converged=1 status=0 iterations=6 primal_residual=3.75378e-16 dual_residual=6.94322e-05 x_size=16 x_finite=1
[SQP LINESEARCH] iter=8 current_violation=0 accepted_violation=0 accepted=1 alpha=0.5 delta_u_norm=0.163858
[SQP SUPPORT] iter=8 support_size=0 support_limit=-1 support_ok=1
[SQP] before_solve iter=9 vars=16 constraints=136 max_d=-8.41483e-05
[QP WORST] iter=9 row=54 type=collision d=-8.41483e-05
[QP WORST COLLISION] scenario=34 k=5 obstacle=0 disc=1
[SQP] after_solve iter=9 converged=1 status=0 iterations=6 primal_residual=4.33518e-16 dual_residual=6.91148e-05 x_size=16 x_finite=1
[SQP LINESEARCH] iter=9 current_violation=0 accepted_violation=0 accepted=1 alpha=1 delta_u_norm=0.156423
[SQP SUPPORT] iter=9 support_size=0 support_limit=-1 support_ok=1
[SQP FINAL] final_violation=0 violated_constraints=0
[SUPPORT FINAL] sqp_union=0 final_active=1 support_limit=-1
[SUPPORT FINAL IDS] 34
[SUPPORT UNION IDS]
[COLD START RECOVERY CHECK] ordinary_sqp_failed=0 seed_available=1 incompatible=0 try_homotopy=0
[HARNESS RESULT] step=22 success=1 controls=8 first_input_present=1
[MPC STEP METRICS] step=22 applied=1 success=1 fallback=0 a=0.706013 omega=-0.798277 dt=0.1 acceleration_weight=0.1 steering_weight=0.1 control_cost_unweighted=1.1357 control_cost_weighted=0.11357 mpc_cost=-10.0787 solve_time=0.0457793 qp_solve_time=0.0319492 constraint_time=0.00767463 dro_risk_time=0.000435064 ambiguity_radius=0.00280393 certificate=not_requested
[EVAL SAFETY] step=23 min_center_distance=1.09897 min_clearance=0.148965 collision_this_step=0 collision_run=0 collision_radius=0.95
[DRO SUMMARY] step=24 obstacle=0 S=40 rho=0.00271916 rho_raw=0.00271916 D_max=0.0115351 D_min=0.00578169 tv_bound=0.470305 eta=0.235729 eta_raw=0.235729 radius_m=24 radius_d=3 transport_cost=0.00271916 budget_usage=1 lambda=0.413577 q_support=2 nominal_risk=0.00158218 qstar_risk=0.0032271 risk_lift=0.00164493 tv=0.421547
[DRO MODE] step=24 obstacle=0 mode=constant_velocity p=0.372549 risk=0.000982766 q=0 delta_q=-0.372549 q_times_S=0
[DRO MODE] step=24 obstacle=0 mode=turn_left p=0.372549 risk=0 q=0.323551 delta_q=-0.0489979 q_times_S=12.942
[DRO MODE] step=24 obstacle=0 mode=turn_right p=0.254902 risk=0.00477065 q=0.676449 delta_q=0.421547 q_times_S=27.058
[DRO SAMPLE] step=24 obstacle=0 mode=constant_velocity q=0 q_times_S=0 first_count=0 first_fraction=0 occupancy=0 occupancy_fraction=0
[DRO SAMPLE] step=24 obstacle=0 mode=turn_left q=0.323551 q_times_S=12.942 first_count=12 first_fraction=0.3 occupancy=96 occupancy_fraction=0.3
[DRO SAMPLE] step=24 obstacle=0 mode=turn_right q=0.676449 q_times_S=27.058 first_count=28 first_fraction=0.7 occupancy=224 occupancy_fraction=0.7
[RF BACKUP] available=1 controls=8 states=9
[FREE POLY] k=1 disc=0 raw=40 facets=2 vertices=5 rho=4.8 anchor_shift=0
[FREE POLY] k=1 disc=1 raw=40 facets=2 vertices=5 rho=0.800001 anchor_shift=0
[FREE POLY] k=1 disc=2 raw=40 facets=2 vertices=5 rho=4.8 anchor_shift=0
[FREE POLY] k=2 disc=0 raw=40 facets=4 vertices=7 rho=5.6 anchor_shift=0
[FREE POLY] k=2 disc=1 raw=40 facets=4 vertices=7 rho=1.6 anchor_shift=0
[FREE POLY] k=2 disc=2 raw=40 facets=3 vertices=7 rho=5.6 anchor_shift=0
[FREE POLY] k=3 disc=0 raw=40 facets=5 vertices=8 rho=6.4 anchor_shift=0
[FREE POLY] k=3 disc=1 raw=40 facets=3 vertices=6 rho=2.4 anchor_shift=0
[FREE POLY] k=3 disc=2 raw=40 facets=3 vertices=7 rho=6.4 anchor_shift=0
[FREE POLY] k=4 disc=0 raw=40 facets=4 vertices=7 rho=7.2 anchor_shift=0
[FREE POLY] k=4 disc=1 raw=40 facets=3 vertices=6 rho=3.2 anchor_shift=0
[FREE POLY] k=4 disc=2 raw=40 facets=4 vertices=7 rho=7.2 anchor_shift=0
[FREE POLY] k=5 disc=0 raw=40 facets=4 vertices=7 rho=8 anchor_shift=0
[FREE POLY] k=5 disc=1 raw=40 facets=4 vertices=7 rho=4 anchor_shift=0
[FREE POLY] k=5 disc=2 raw=40 facets=3 vertices=6 rho=8 anchor_shift=0
[FREE POLY] k=6 disc=0 raw=40 facets=5 vertices=8 rho=8.8 anchor_shift=0
[FREE POLY] k=6 disc=1 raw=40 facets=4 vertices=7 rho=4.8 anchor_shift=0
[FREE POLY] k=6 disc=2 raw=40 facets=4 vertices=7 rho=8.8 anchor_shift=0
[FREE POLY] k=7 disc=0 raw=40 facets=5 vertices=8 rho=9.6 anchor_shift=0
[FREE POLY] k=7 disc=1 raw=40 facets=4 vertices=7 rho=5.6 anchor_shift=0
[FREE POLY] k=7 disc=2 raw=40 facets=4 vertices=7 rho=9.6 anchor_shift=0
[FREE POLY] k=8 disc=0 raw=40 facets=4 vertices=7 rho=10.4 anchor_shift=0
[FREE POLY] k=8 disc=1 raw=40 facets=4 vertices=7 rho=6.4 anchor_shift=0
[FREE POLY] k=8 disc=2 raw=40 facets=4 vertices=7 rho=10.4 anchor_shift=0
[RF SUPPORT SEED] removed=0 support_limit=-1
[SQP] before_solve iter=0 vars=16 constraints=120 max_d=-0.0128485
[QP WORST] iter=0 row=22 type=collision d=-0.0128485
[QP WORST COLLISION] scenario=12 k=3 obstacle=0 disc=1
[SQP] after_solve iter=0 converged=1 status=0 iterations=6 primal_residual=1.09228e-08 dual_residual=9.70118e-06 x_size=16 x_finite=1
[SQP LINESEARCH] iter=0 current_violation=0 accepted_violation=0 accepted=1 alpha=0.5 delta_u_norm=0.3339
[SQP SUPPORT] iter=0 support_size=0 support_limit=-1 support_ok=1
[SQP] before_solve iter=1 vars=16 constraints=120 max_d=-0.0064171
[QP WORST] iter=1 row=22 type=collision d=-0.0064171
[QP WORST COLLISION] scenario=12 k=3 obstacle=0 disc=1
[SQP] after_solve iter=1 converged=1 status=0 iterations=6 primal_residual=4.23273e-16 dual_residual=7.8729e-06 x_size=16 x_finite=1
[SQP LINESEARCH] iter=1 current_violation=0 accepted_violation=0 accepted=1 alpha=0.5 delta_u_norm=0.232797
[SQP SUPPORT] iter=1 support_size=0 support_limit=-1 support_ok=1
[SQP] before_solve iter=2 vars=16 constraints=120 max_d=-0.00320722
[QP WORST] iter=2 row=22 type=collision d=-0.00320722
[QP WORST COLLISION] scenario=12 k=3 obstacle=0 disc=1
[SQP] after_solve iter=2 converged=1 status=0 iterations=6 primal_residual=4.30211e-16 dual_residual=2.17187e-06 x_size=16 x_finite=1
[SQP LINESEARCH] iter=2 current_violation=0 accepted_violation=0 accepted=1 alpha=0.5 delta_u_norm=0.190291
[SQP SUPPORT] iter=2 support_size=0 support_limit=-1 support_ok=1
[SQP] before_solve iter=3 vars=16 constraints=120 max_d=-0.00160319
[QP WORST] iter=3 row=22 type=collision d=-0.00160319
[QP WORST COLLISION] scenario=12 k=3 obstacle=0 disc=1
[SQP] after_solve iter=3 converged=1 status=0 iterations=6 primal_residual=4.19803e-16 dual_residual=1.25569e-06 x_size=16 x_finite=1
[SQP LINESEARCH] iter=3 current_violation=0 accepted_violation=0 accepted=1 alpha=0.5 delta_u_norm=0.170773
[SQP SUPPORT] iter=3 support_size=0 support_limit=-1 support_ok=1
[SQP] before_solve iter=4 vars=16 constraints=120 max_d=-0.000801479
[QP WORST] iter=4 row=22 type=collision d=-0.000801479
[QP WORST COLLISION] scenario=12 k=3 obstacle=0 disc=1
[SQP] after_solve iter=4 converged=1 status=0 iterations=6 primal_residual=4.2891e-16 dual_residual=1.18621e-06 x_size=16 x_finite=1
[SQP LINESEARCH] iter=4 current_violation=0 accepted_violation=0 accepted=1 alpha=0.5 delta_u_norm=0.159771
[SQP SUPPORT] iter=4 support_size=0 support_limit=-1 support_ok=1
[SQP] before_solve iter=5 vars=16 constraints=120 max_d=-0.000400702
[QP WORST] iter=5 row=22 type=collision d=-0.000400702
[QP WORST COLLISION] scenario=12 k=3 obstacle=0 disc=1
[SQP] after_solve iter=5 converged=1 status=0 iterations=6 primal_residual=4.44089e-16 dual_residual=1.49341e-06 x_size=16 x_finite=1
[SQP LINESEARCH] iter=5 current_violation=0 accepted_violation=0 accepted=1 alpha=0.5 delta_u_norm=0.15218
[SQP SUPPORT] iter=5 support_size=0 support_limit=-1 support_ok=1
[SQP] before_solve iter=6 vars=16 constraints=120 max_d=-0.000200338
[QP WORST] iter=6 row=22 type=collision d=-0.000200338
[QP WORST COLLISION] scenario=12 k=3 obstacle=0 disc=1
[SQP] after_solve iter=6 converged=1 status=0 iterations=6 primal_residual=3.82778e-16 dual_residual=1.79005e-06 x_size=16 x_finite=1
[SQP LINESEARCH] iter=6 current_violation=0 accepted_violation=0 accepted=1 alpha=0.5 delta_u_norm=0.146183
[SQP SUPPORT] iter=6 support_size=0 support_limit=-1 support_ok=1
[SQP] before_solve iter=7 vars=16 constraints=120 max_d=-0.000100164
[QP WORST] iter=7 row=22 type=collision d=-0.000100164
[QP WORST COLLISION] scenario=12 k=3 obstacle=0 disc=1
[SQP] after_solve iter=7 converged=1 status=0 iterations=6 primal_residual=4.25875e-16 dual_residual=2.15454e-06 x_size=16 x_finite=1
[SQP LINESEARCH] iter=7 current_violation=0 accepted_violation=0 accepted=1 alpha=0.5 delta_u_norm=0.14105
[SQP SUPPORT] iter=7 support_size=0 support_limit=-1 support_ok=1
[SQP] before_solve iter=8 vars=16 constraints=120 max_d=-5.00795e-05
[QP WORST] iter=8 row=22 type=collision d=-5.00795e-05
[QP WORST COLLISION] scenario=12 k=3 obstacle=0 disc=1
[SQP] after_solve iter=8 converged=1 status=0 iterations=6 primal_residual=3.93731e-16 dual_residual=2.56618e-06 x_size=16 x_finite=1
[SQP LINESEARCH] iter=8 current_violation=0 accepted_violation=0 accepted=1 alpha=0.5 delta_u_norm=0.136448
[SQP SUPPORT] iter=8 support_size=0 support_limit=-1 support_ok=1
[SQP] before_solve iter=9 vars=16 constraints=120 max_d=-2.50387e-05
[QP WORST] iter=9 row=22 type=collision d=-2.50387e-05
[QP WORST COLLISION] scenario=12 k=3 obstacle=0 disc=1
[SQP] after_solve iter=9 converged=1 status=0 iterations=6 primal_residual=4.4062e-16 dual_residual=2.88019e-06 x_size=16 x_finite=1
[SQP LINESEARCH] iter=9 current_violation=0 accepted_violation=0 accepted=1 alpha=0.5 delta_u_norm=0.132202
[SQP SUPPORT] iter=9 support_size=0 support_limit=-1 support_ok=1
[SQP FINAL] final_violation=0 violated_constraints=0
[SUPPORT FINAL] sqp_union=0 final_active=2 support_limit=-1
[SUPPORT FINAL IDS] 12 32
[SUPPORT UNION IDS]
[COLD START RECOVERY CHECK] ordinary_sqp_failed=0 seed_available=1 incompatible=0 try_homotopy=0
[HARNESS RESULT] step=23 success=1 controls=8 first_input_present=1
[MPC STEP METRICS] step=23 applied=1 success=1 fallback=0 a=0.717464 omega=-0.288573 dt=0.1 acceleration_weight=0.1 steering_weight=0.1 control_cost_unweighted=0.59803 control_cost_weighted=0.059803 mpc_cost=-10.1581 solve_time=0.0449788 qp_solve_time=0.0310361 constraint_time=0.00759757 dro_risk_time=0.000473977 ambiguity_radius=0.00271916 certificate=not_requested
[EVAL SAFETY] step=24 min_center_distance=1.03558 min_clearance=0.0855819 collision_this_step=0 collision_run=0 collision_radius=0.95
[DRO SUMMARY] step=25 obstacle=0 S=40 rho=0.00268859 rho_raw=0.00268859 D_max=0.0115351 D_min=0.00578169 tv_bound=0.465018 eta=0.233079 eta_raw=0.233079 radius_m=25 radius_d=3 transport_cost=0 budget_usage=0 lambda=0 q_support=3 nominal_risk=0 qstar_risk=0 risk_lift=0 tv=0
[DRO MODE] step=25 obstacle=0 mode=constant_velocity p=0.358491 risk=0 q=0.358491 delta_q=0 q_times_S=14.3396
[DRO MODE] step=25 obstacle=0 mode=turn_left p=0.396226 risk=0 q=0.396226 delta_q=0 q_times_S=15.8491
[DRO MODE] step=25 obstacle=0 mode=turn_right p=0.245283 risk=0 q=0.245283 delta_q=0 q_times_S=9.81132
[DRO SAMPLE] step=25 obstacle=0 mode=constant_velocity q=0.358491 q_times_S=14.3396 first_count=12 first_fraction=0.3 occupancy=96 occupancy_fraction=0.3
[DRO SAMPLE] step=25 obstacle=0 mode=turn_left q=0.396226 q_times_S=15.8491 first_count=18 first_fraction=0.45 occupancy=144 occupancy_fraction=0.45
[DRO SAMPLE] step=25 obstacle=0 mode=turn_right q=0.245283 q_times_S=9.81132 first_count=10 first_fraction=0.25 occupancy=80 occupancy_fraction=0.25
[RF BACKUP] available=1 controls=8 states=9
[FREE POLY] k=1 disc=0 raw=40 facets=3 vertices=6 rho=4.8 anchor_shift=0
[FREE POLY] k=1 disc=1 raw=40 facets=3 vertices=6 rho=0.800001 anchor_shift=0
[FREE POLY] k=1 disc=2 raw=40 facets=3 vertices=7 rho=4.8 anchor_shift=0
[FREE POLY] k=2 disc=0 raw=40 facets=5 vertices=8 rho=5.6 anchor_shift=0
[FREE POLY] k=2 disc=1 raw=40 facets=4 vertices=7 rho=1.6 anchor_shift=0
[FREE POLY] k=2 disc=2 raw=40 facets=4 vertices=8 rho=5.6 anchor_shift=0
[FREE POLY] k=3 disc=0 raw=40 facets=5 vertices=8 rho=6.4 anchor_shift=0
[FREE POLY] k=3 disc=1 raw=40 facets=4 vertices=7 rho=2.4 anchor_shift=0
[FREE POLY] k=3 disc=2 raw=40 facets=3 vertices=6 rho=6.4 anchor_shift=0
[FREE POLY] k=4 disc=0 raw=40 facets=4 vertices=7 rho=7.2 anchor_shift=0
[FREE POLY] k=4 disc=1 raw=40 facets=4 vertices=7 rho=3.2 anchor_shift=0
[FREE POLY] k=4 disc=2 raw=40 facets=4 vertices=7 rho=7.2 anchor_shift=0
[FREE POLY] k=5 disc=0 raw=40 facets=3 vertices=6 rho=8 anchor_shift=0
[FREE POLY] k=5 disc=1 raw=40 facets=4 vertices=7 rho=4 anchor_shift=0
[FREE POLY] k=5 disc=2 raw=40 facets=4 vertices=7 rho=8 anchor_shift=0
[FREE POLY] k=6 disc=0 raw=40 facets=3 vertices=6 rho=8.8 anchor_shift=0
[FREE POLY] k=6 disc=1 raw=40 facets=4 vertices=7 rho=4.8 anchor_shift=0
[FREE POLY] k=6 disc=2 raw=40 facets=5 vertices=8 rho=8.8 anchor_shift=0
[FREE POLY] k=7 disc=0 raw=40 facets=5 vertices=8 rho=9.6 anchor_shift=0
[FREE POLY] k=7 disc=1 raw=40 facets=4 vertices=7 rho=5.6 anchor_shift=0
[FREE POLY] k=7 disc=2 raw=40 facets=5 vertices=8 rho=9.6 anchor_shift=0
[FREE POLY] k=8 disc=0 raw=40 facets=3 vertices=5 rho=10.4 anchor_shift=0
[FREE POLY] k=8 disc=1 raw=40 facets=5 vertices=8 rho=6.4 anchor_shift=0
[FREE POLY] k=8 disc=2 raw=40 facets=4 vertices=7 rho=10.4 anchor_shift=0
[RF SUPPORT SEED] removed=0 support_limit=-1
[SQP] before_solve iter=0 vars=16 constraints=127 max_d=-0.0140605
[QP WORST] iter=0 row=30 type=collision d=-0.0140605
[QP WORST COLLISION] scenario=39 k=3 obstacle=0 disc=1
[SQP] after_solve iter=0 converged=1 status=0 iterations=5 primal_residual=1.26383e-07 dual_residual=8.55542e-05 x_size=16 x_finite=1
[SQP LINESEARCH] iter=0 current_violation=0 accepted_violation=0 accepted=1 alpha=1 delta_u_norm=0.495559
[SQP SUPPORT] iter=0 support_size=0 support_limit=-1 support_ok=1
[SQP] before_solve iter=1 vars=16 constraints=127 max_d=-0.0126026
[QP WORST] iter=1 row=30 type=collision d=-0.0126026
[QP WORST COLLISION] scenario=39 k=3 obstacle=0 disc=1
[SQP] after_solve iter=1 converged=1 status=0 iterations=5 primal_residual=5.9389e-08 dual_residual=6.98985e-05 x_size=16 x_finite=1
[SQP LINESEARCH] iter=1 current_violation=0 accepted_violation=0 accepted=1 alpha=1 delta_u_norm=0.411748
[SQP SUPPORT] iter=1 support_size=0 support_limit=-1 support_ok=1
[SQP] before_solve iter=2 vars=16 constraints=127 max_d=-0.0114012
[QP WORST] iter=2 row=30 type=collision d=-0.0114012
[QP WORST COLLISION] scenario=39 k=3 obstacle=0 disc=1
[SQP] after_solve iter=2 converged=1 status=0 iterations=6 primal_residual=4.34765e-16 dual_residual=1.96096e-08 x_size=16 x_finite=1
[SQP LINESEARCH] iter=2 current_violation=0 accepted_violation=0 accepted=1 alpha=1 delta_u_norm=0.350309
[SQP SUPPORT] iter=2 support_size=0 support_limit=-1 support_ok=1
[SQP] before_solve iter=3 vars=16 constraints=127 max_d=-0.0104103
[QP WORST] iter=3 row=30 type=collision d=-0.0104103
[QP WORST COLLISION] scenario=39 k=3 obstacle=0 disc=1
[SQP] after_solve iter=3 converged=1 status=0 iterations=6 primal_residual=4.16334e-16 dual_residual=6.38078e-07 x_size=16 x_finite=1
[SQP LINESEARCH] iter=3 current_violation=0 accepted_violation=0 accepted=1 alpha=1 delta_u_norm=0.303842
[SQP SUPPORT] iter=3 support_size=0 support_limit=-1 support_ok=1
[SQP] before_solve iter=4 vars=16 constraints=127 max_d=-0.00959212
[QP WORST] iter=4 row=30 type=collision d=-0.00959212
[QP WORST COLLISION] scenario=39 k=3 obstacle=0 disc=1
[SQP] after_solve iter=4 converged=1 status=0 iterations=6 primal_residual=4.17418e-16 dual_residual=1.12394e-05 x_size=16 x_finite=1
[SQP LINESEARCH] iter=4 current_violation=0 accepted_violation=0 accepted=1 alpha=1 delta_u_norm=0.267732
[SQP SUPPORT] iter=4 support_size=0 support_limit=-1 support_ok=1
[SQP] before_solve iter=5 vars=16 constraints=127 max_d=-0.00891131
[QP WORST] iter=5 row=30 type=collision d=-0.00891131
[QP WORST COLLISION] scenario=39 k=3 obstacle=0 disc=1
[SQP] after_solve iter=5 converged=1 status=0 iterations=6 primal_residual=6.28582e-11 dual_residual=2.37028e-05 x_size=16 x_finite=1
[SQP LINESEARCH] iter=5 current_violation=0 accepted_violation=0 accepted=1 alpha=1 delta_u_norm=0.233184
[SQP SUPPORT] iter=5 support_size=0 support_limit=-1 support_ok=1
[SQP] before_solve iter=6 vars=16 constraints=127 max_d=-0.00834041
[QP WORST] iter=6 row=30 type=collision d=-0.00834041
[QP WORST COLLISION] scenario=39 k=3 obstacle=0 disc=1
[SQP] after_solve iter=6 converged=1 status=0 iterations=6 primal_residual=3.53824e-11 dual_residual=8.03051e-06 x_size=16 x_finite=1
[SQP LINESEARCH] iter=6 current_violation=0 accepted_violation=0 accepted=1 alpha=1 delta_u_norm=0.20427
[SQP SUPPORT] iter=6 support_size=0 support_limit=-1 support_ok=1
[SQP] before_solve iter=7 vars=16 constraints=127 max_d=-0.00785762
[QP WORST] iter=7 row=30 type=collision d=-0.00785762
[QP WORST COLLISION] scenario=39 k=3 obstacle=0 disc=1
[SQP] after_solve iter=7 converged=1 status=0 iterations=6 primal_residual=1.06126e-11 dual_residual=4.34659e-06 x_size=16 x_finite=1
[SQP LINESEARCH] iter=7 current_violation=0 accepted_violation=0 accepted=1 alpha=1 delta_u_norm=0.183681
[SQP SUPPORT] iter=7 support_size=0 support_limit=-1 support_ok=1
[SQP] before_solve iter=8 vars=16 constraints=127 max_d=-0.00744628
[QP WORST] iter=8 row=30 type=collision d=-0.00744628
[QP WORST COLLISION] scenario=39 k=3 obstacle=0 disc=1
[SQP] after_solve iter=8 converged=1 status=0 iterations=6 primal_residual=8.77814e-12 dual_residual=4.01656e-06 x_size=16 x_finite=1
[SQP LINESEARCH] iter=8 current_violation=0 accepted_violation=0 accepted=1 alpha=1 delta_u_norm=0.16622
[SQP SUPPORT] iter=8 support_size=0 support_limit=-1 support_ok=1
[SQP] before_solve iter=9 vars=16 constraints=127 max_d=-0.00709373
[QP WORST] iter=9 row=30 type=collision d=-0.00709373
[QP WORST COLLISION] scenario=39 k=3 obstacle=0 disc=1
[SQP] after_solve iter=9 converged=1 status=0 iterations=6 primal_residual=3.56941e-11 dual_residual=8.01814e-06 x_size=16 x_finite=1
[SQP LINESEARCH] iter=9 current_violation=0 accepted_violation=0 accepted=1 alpha=1 delta_u_norm=0.151248
[SQP SUPPORT] iter=9 support_size=0 support_limit=-1 support_ok=1
[SQP FINAL] final_violation=0 violated_constraints=0
[SUPPORT FINAL] sqp_union=0 final_active=0 support_limit=-1
[SUPPORT FINAL IDS]
[SUPPORT UNION IDS]
[COLD START RECOVERY CHECK] ordinary_sqp_failed=0 seed_available=1 incompatible=0 try_homotopy=0
[HARNESS RESULT] step=24 success=1 controls=8 first_input_present=1
[MPC STEP METRICS] step=24 applied=1 success=1 fallback=0 a=-1.29687 omega=0.8 dt=0.1 acceleration_weight=0.1 steering_weight=0.1 control_cost_unweighted=2.32187 control_cost_weighted=0.232187 mpc_cost=-9.76242 solve_time=0.0386154 qp_solve_time=0.02507 constraint_time=0.00751012 dro_risk_time=0.000403625 ambiguity_radius=0.00268859 certificate=not_requested
[EVAL SAFETY] step=25 min_center_distance=1.00159 min_clearance=0.0515918 collision_this_step=0 collision_run=0 collision_radius=0.95
[DRO SUMMARY] step=26 obstacle=0 S=40 rho=0.00265403 rho_raw=0.00265403 D_max=0.0115351 D_min=0.00578169 tv_bound=0.459041 eta=0.230083 eta_raw=0.230083 radius_m=26 radius_d=3 transport_cost=0 budget_usage=0 lambda=0 q_support=3 nominal_risk=0 qstar_risk=0 risk_lift=0 tv=0
[DRO MODE] step=26 obstacle=0 mode=constant_velocity p=0.345455 risk=0 q=0.345455 delta_q=0 q_times_S=13.8182
[DRO MODE] step=26 obstacle=0 mode=turn_left p=0.418182 risk=0 q=0.418182 delta_q=0 q_times_S=16.7273
[DRO MODE] step=26 obstacle=0 mode=turn_right p=0.236364 risk=0 q=0.236364 delta_q=0 q_times_S=9.45455
[DRO SAMPLE] step=26 obstacle=0 mode=constant_velocity q=0.345455 q_times_S=13.8182 first_count=10 first_fraction=0.25 occupancy=80 occupancy_fraction=0.25
[DRO SAMPLE] step=26 obstacle=0 mode=turn_left q=0.418182 q_times_S=16.7273 first_count=24 first_fraction=0.6 occupancy=192 occupancy_fraction=0.6
[DRO SAMPLE] step=26 obstacle=0 mode=turn_right q=0.236364 q_times_S=9.45455 first_count=6 first_fraction=0.15 occupancy=48 occupancy_fraction=0.15
[RF BACKUP] available=1 controls=8 states=9
[FREE POLY] k=1 disc=0 raw=40 facets=4 vertices=7 rho=4.8 anchor_shift=0
[FREE POLY] k=1 disc=1 raw=40 facets=4 vertices=7 rho=0.800001 anchor_shift=0
[FREE POLY] k=1 disc=2 raw=40 facets=5 vertices=9 rho=4.8 anchor_shift=0
[FREE POLY] k=2 disc=0 raw=40 facets=5 vertices=8 rho=5.6 anchor_shift=0
[FREE POLY] k=2 disc=1 raw=40 facets=6 vertices=9 rho=1.6 anchor_shift=0
[FREE POLY] k=2 disc=2 raw=40 facets=5 vertices=9 rho=5.6 anchor_shift=0
[FREE POLY] k=3 disc=0 raw=40 facets=6 vertices=9 rho=6.4 anchor_shift=0
[FREE POLY] k=3 disc=1 raw=40 facets=5 vertices=8 rho=2.4 anchor_shift=0
[FREE POLY] k=3 disc=2 raw=40 facets=5 vertices=8 rho=6.4 anchor_shift=0
[FREE POLY] k=4 disc=0 raw=40 facets=8 vertices=11 rho=7.2 anchor_shift=0
[FREE POLY] k=4 disc=1 raw=40 facets=8 vertices=11 rho=3.2 anchor_shift=0
[FREE POLY] k=4 disc=2 raw=40 facets=7 vertices=10 rho=7.2 anchor_shift=0
[FREE POLY] k=5 disc=0 raw=40 facets=7 vertices=10 rho=8 anchor_shift=0
[FREE POLY] k=5 disc=1 raw=40 facets=5 vertices=8 rho=4 anchor_shift=0
[FREE POLY] k=5 disc=2 raw=40 facets=5 vertices=8 rho=8 anchor_shift=0
[FREE POLY] k=6 disc=0 raw=40 facets=6 vertices=10 rho=8.8 anchor_shift=0
[FREE POLY] k=6 disc=1 raw=40 facets=4 vertices=7 rho=4.8 anchor_shift=0
[FREE POLY] k=6 disc=2 raw=40 facets=5 vertices=8 rho=8.8 anchor_shift=0
[FREE POLY] k=7 disc=0 raw=40 facets=5 vertices=7 rho=9.6 anchor_shift=0
[FREE POLY] k=7 disc=1 raw=40 facets=4 vertices=7 rho=5.6 anchor_shift=0
[FREE POLY] k=7 disc=2 raw=40 facets=4 vertices=7 rho=9.6 anchor_shift=0
[FREE POLY] k=8 disc=0 raw=40 facets=6 vertices=9 rho=10.4 anchor_shift=0
[FREE POLY] k=8 disc=1 raw=40 facets=4 vertices=6 rho=6.4 anchor_shift=0
[FREE POLY] k=8 disc=2 raw=40 facets=4 vertices=7 rho=10.4 anchor_shift=0
[RF SUPPORT SEED] removed=0 support_limit=-1
[SQP] before_solve iter=0 vars=16 constraints=159 max_d=-0.0269755
[QP WORST] iter=0 row=21 type=collision d=-0.0269755
[QP WORST COLLISION] scenario=16 k=2 obstacle=0 disc=1
[SQP] after_solve iter=0 converged=1 status=0 iterations=5 primal_residual=8.88644e-09 dual_residual=5.95038e-05 x_size=16 x_finite=1
[SQP LINESEARCH] iter=0 current_violation=0 accepted_violation=0 accepted=1 alpha=1 delta_u_norm=0.263984
[SQP SUPPORT] iter=0 support_size=0 support_limit=-1 support_ok=1
[SQP] before_solve iter=1 vars=16 constraints=159 max_d=-0.0270101
[QP WORST] iter=1 row=21 type=collision d=-0.0270101
[QP WORST COLLISION] scenario=16 k=2 obstacle=0 disc=1
[SQP] after_solve iter=1 converged=1 status=0 iterations=5 primal_residual=7.05628e-09 dual_residual=6.20891e-05 x_size=16 x_finite=1
[SQP LINESEARCH] iter=1 current_violation=0 accepted_violation=0 accepted=1 alpha=1 delta_u_norm=0.206121
[SQP SUPPORT] iter=1 support_size=0 support_limit=-1 support_ok=1
[SQP] before_solve iter=2 vars=16 constraints=159 max_d=-0.0269629
[QP WORST] iter=2 row=21 type=collision d=-0.0269629
[QP WORST COLLISION] scenario=16 k=2 obstacle=0 disc=1
[SQP] after_solve iter=2 converged=1 status=0 iterations=5 primal_residual=7.14596e-09 dual_residual=6.70053e-05 x_size=16 x_finite=1
[SQP LINESEARCH] iter=2 current_violation=0 accepted_violation=0 accepted=1 alpha=1 delta_u_norm=0.186806
[SQP SUPPORT] iter=2 support_size=0 support_limit=-1 support_ok=1
[SQP] before_solve iter=3 vars=16 constraints=159 max_d=-0.0269043
[QP WORST] iter=3 row=21 type=collision d=-0.0269043
[QP WORST COLLISION] scenario=16 k=2 obstacle=0 disc=1
[SQP] after_solve iter=3 converged=1 status=0 iterations=5 primal_residual=7.64863e-09 dual_residual=7.164e-05 x_size=16 x_finite=1
[SQP LINESEARCH] iter=3 current_violation=0 accepted_violation=0 accepted=1 alpha=1 delta_u_norm=0.173786
[SQP SUPPORT] iter=3 support_size=0 support_limit=-1 support_ok=1
[SQP] before_solve iter=4 vars=16 constraints=159 max_d=-0.0268508
[QP WORST] iter=4 row=21 type=collision d=-0.0268508
[QP WORST COLLISION] scenario=16 k=2 obstacle=0 disc=1
[SQP] after_solve iter=4 converged=1 status=0 iterations=5 primal_residual=8.22271e-09 dual_residual=7.54982e-05 x_size=16 x_finite=1
[SQP LINESEARCH] iter=4 current_violation=0 accepted_violation=0 accepted=1 alpha=1 delta_u_norm=0.163255
[SQP SUPPORT] iter=4 support_size=0 support_limit=-1 support_ok=1
[SQP] before_solve iter=5 vars=16 constraints=159 max_d=-0.026805
[QP WORST] iter=5 row=21 type=collision d=-0.026805
[QP WORST COLLISION] scenario=16 k=2 obstacle=0 disc=1
[SQP] after_solve iter=5 converged=1 status=0 iterations=5 primal_residual=9.2122e-09 dual_residual=7.9003e-05 x_size=16 x_finite=1
[SQP LINESEARCH] iter=5 current_violation=0 accepted_violation=0 accepted=1 alpha=1 delta_u_norm=0.154227
[SQP SUPPORT] iter=5 support_size=0 support_limit=-1 support_ok=1
[SQP] before_solve iter=6 vars=16 constraints=159 max_d=-0.0267663
[QP WORST] iter=6 row=21 type=collision d=-0.0267663
[QP WORST COLLISION] scenario=16 k=2 obstacle=0 disc=1
[SQP] after_solve iter=6 converged=1 status=0 iterations=5 primal_residual=1.02174e-08 dual_residual=8.19866e-05 x_size=16 x_finite=1
[SQP LINESEARCH] iter=6 current_violation=0 accepted_violation=0 accepted=1 alpha=1 delta_u_norm=0.146208
[SQP SUPPORT] iter=6 support_size=0 support_limit=-1 support_ok=1
[SQP] before_solve iter=7 vars=16 constraints=159 max_d=-0.0267338
[QP WORST] iter=7 row=21 type=collision d=-0.0267338
[QP WORST COLLISION] scenario=16 k=2 obstacle=0 disc=1
[SQP] after_solve iter=7 converged=1 status=0 iterations=5 primal_residual=1.11335e-08 dual_residual=8.45731e-05 x_size=16 x_finite=1
[SQP LINESEARCH] iter=7 current_violation=0 accepted_violation=0 accepted=1 alpha=1 delta_u_norm=0.1389
[SQP SUPPORT] iter=7 support_size=0 support_limit=-1 support_ok=1
[SQP] before_solve iter=8 vars=16 constraints=159 max_d=-0.0267063
[QP WORST] iter=8 row=21 type=collision d=-0.0267063
[QP WORST COLLISION] scenario=16 k=2 obstacle=0 disc=1
[SQP] after_solve iter=8 converged=1 status=0 iterations=5 primal_residual=1.19725e-08 dual_residual=8.70123e-05 x_size=16 x_finite=1
[SQP LINESEARCH] iter=8 current_violation=0 accepted_violation=0 accepted=1 alpha=1 delta_u_norm=0.132132
[SQP SUPPORT] iter=8 support_size=0 support_limit=-1 support_ok=1
[SQP] before_solve iter=9 vars=16 constraints=159 max_d=-0.0266829
[QP WORST] iter=9 row=21 type=collision d=-0.0266829
[QP WORST COLLISION] scenario=16 k=2 obstacle=0 disc=1
[SQP] after_solve iter=9 converged=1 status=0 iterations=5 primal_residual=1.2742e-08 dual_residual=8.9572e-05 x_size=16 x_finite=1
[SQP LINESEARCH] iter=9 current_violation=0 accepted_violation=0 accepted=1 alpha=1 delta_u_norm=0.12584
[SQP SUPPORT] iter=9 support_size=0 support_limit=-1 support_ok=1
[SQP FINAL] final_violation=0 violated_constraints=0
[SUPPORT FINAL] sqp_union=0 final_active=0 support_limit=-1
[SUPPORT FINAL IDS]
[SUPPORT UNION IDS]
[COLD START RECOVERY CHECK] ordinary_sqp_failed=0 seed_available=1 incompatible=0 try_homotopy=0
[HARNESS RESULT] step=25 success=1 controls=8 first_input_present=1
[MPC STEP METRICS] step=25 applied=1 success=1 fallback=0 a=-0.230469 omega=0.799993 dt=0.1 acceleration_weight=0.1 steering_weight=0.1 control_cost_unweighted=0.693105 control_cost_weighted=0.0693105 mpc_cost=-10.0016 solve_time=0.0405509 qp_solve_time=0.0264583 constraint_time=0.00803288 dro_risk_time=0.000407553 ambiguity_radius=0.00265403 certificate=not_requested
[EVAL SAFETY] step=26 min_center_distance=0.987598 min_clearance=0.0375978 collision_this_step=0 collision_run=0 collision_radius=0.95
[DRO SUMMARY] step=27 obstacle=0 S=40 rho=0.00261673 rho_raw=0.00261673 D_max=0.0115351 D_min=0.00578169 tv_bound=0.45259 eta=0.22685 eta_raw=0.22685 radius_m=27 radius_d=3 transport_cost=0 budget_usage=0 lambda=0 q_support=3 nominal_risk=0 qstar_risk=0 risk_lift=0 tv=0
[DRO MODE] step=27 obstacle=0 mode=constant_velocity p=0.333333 risk=0 q=0.333333 delta_q=0 q_times_S=13.3333
[DRO MODE] step=27 obstacle=0 mode=turn_left p=0.438596 risk=0 q=0.438596 delta_q=0 q_times_S=17.5439
[DRO MODE] step=27 obstacle=0 mode=turn_right p=0.22807 risk=0 q=0.22807 delta_q=0 q_times_S=9.12281
[DRO SAMPLE] step=27 obstacle=0 mode=constant_velocity q=0.333333 q_times_S=13.3333 first_count=13 first_fraction=0.325 occupancy=104 occupancy_fraction=0.325
[DRO SAMPLE] step=27 obstacle=0 mode=turn_left q=0.438596 q_times_S=17.5439 first_count=15 first_fraction=0.375 occupancy=120 occupancy_fraction=0.375
[DRO SAMPLE] step=27 obstacle=0 mode=turn_right q=0.22807 q_times_S=9.12281 first_count=12 first_fraction=0.3 occupancy=96 occupancy_fraction=0.3
[RF BACKUP] available=1 controls=8 states=9
[FREE POLY] k=1 disc=0 raw=40 facets=4 vertices=7 rho=4.8 anchor_shift=0
[FREE POLY] k=1 disc=1 raw=40 facets=2 vertices=5 rho=0.800001 anchor_shift=0
[FREE POLY] k=1 disc=2 raw=40 facets=4 vertices=8 rho=4.8 anchor_shift=0
[FREE POLY] k=2 disc=0 raw=40 facets=4 vertices=7 rho=5.6 anchor_shift=0
[FREE POLY] k=2 disc=1 raw=40 facets=4 vertices=7 rho=1.6 anchor_shift=0
[FREE POLY] k=2 disc=2 raw=40 facets=5 vertices=8 rho=5.6 anchor_shift=0
[FREE POLY] k=3 disc=0 raw=40 facets=6 vertices=9 rho=6.4 anchor_shift=0
[FREE POLY] k=3 disc=1 raw=40 facets=4 vertices=7 rho=2.4 anchor_shift=0
[FREE POLY] k=3 disc=2 raw=40 facets=4 vertices=7 rho=6.4 anchor_shift=0
[FREE POLY] k=4 disc=0 raw=40 facets=5 vertices=8 rho=7.2 anchor_shift=0
[FREE POLY] k=4 disc=1 raw=40 facets=3 vertices=6 rho=3.2 anchor_shift=0
[FREE POLY] k=4 disc=2 raw=40 facets=3 vertices=6 rho=7.2 anchor_shift=0
[FREE POLY] k=5 disc=0 raw=40 facets=5 vertices=8 rho=8 anchor_shift=0
[FREE POLY] k=5 disc=1 raw=40 facets=3 vertices=6 rho=4 anchor_shift=0
[FREE POLY] k=5 disc=2 raw=40 facets=3 vertices=6 rho=8 anchor_shift=0
[FREE POLY] k=6 disc=0 raw=40 facets=5 vertices=8 rho=8.8 anchor_shift=0
[FREE POLY] k=6 disc=1 raw=40 facets=3 vertices=6 rho=4.8 anchor_shift=0
[FREE POLY] k=6 disc=2 raw=40 facets=3 vertices=6 rho=8.8 anchor_shift=0
[FREE POLY] k=7 disc=0 raw=40 facets=6 vertices=9 rho=9.6 anchor_shift=0
[FREE POLY] k=7 disc=1 raw=40 facets=4 vertices=7 rho=5.6 anchor_shift=0
[FREE POLY] k=7 disc=2 raw=40 facets=4 vertices=7 rho=9.6 anchor_shift=0
[FREE POLY] k=8 disc=0 raw=40 facets=7 vertices=10 rho=10.4 anchor_shift=0
[FREE POLY] k=8 disc=1 raw=40 facets=5 vertices=8 rho=6.4 anchor_shift=0
[FREE POLY] k=8 disc=2 raw=40 facets=4 vertices=7 rho=10.4 anchor_shift=0
[RF SUPPORT SEED] removed=0 support_limit=-1
[SQP] before_solve iter=0 vars=16 constraints=132 max_d=-0.0341713
[QP WORST] iter=0 row=5 type=collision d=-0.0341713
[QP WORST COLLISION] scenario=30 k=1 obstacle=0 disc=1
[SQP] after_solve iter=0 converged=1 status=0 iterations=4 primal_residual=3.93504e-12 dual_residual=3.76286e-07 x_size=16 x_finite=1
[SQP LINESEARCH] iter=0 current_violation=0 accepted_violation=0 accepted=1 alpha=1 delta_u_norm=0.413923
[SQP SUPPORT] iter=0 support_size=0 support_limit=-1 support_ok=1
[SQP] before_solve iter=1 vars=16 constraints=132 max_d=-0.0341804
[QP WORST] iter=1 row=5 type=collision d=-0.0341804
[QP WORST COLLISION] scenario=30 k=1 obstacle=0 disc=1
[SQP] after_solve iter=1 converged=1 status=0 iterations=4 primal_residual=4.41989e-16 dual_residual=1.8344e-05 x_size=16 x_finite=1
[SQP LINESEARCH] iter=1 current_violation=0 accepted_violation=0 accepted=1 alpha=1 delta_u_norm=0.300725
[SQP SUPPORT] iter=1 support_size=0 support_limit=-1 support_ok=1
[SQP] before_solve iter=2 vars=16 constraints=132 max_d=-0.0341743
[QP WORST] iter=2 row=5 type=collision d=-0.0341743
[QP WORST COLLISION] scenario=30 k=1 obstacle=0 disc=1
[SQP] after_solve iter=2 converged=1 status=0 iterations=4 primal_residual=2.45242e-11 dual_residual=8.00627e-06 x_size=16 x_finite=1
[SQP LINESEARCH] iter=2 current_violation=0 accepted_violation=0 accepted=1 alpha=1 delta_u_norm=0.21833
[SQP SUPPORT] iter=2 support_size=0 support_limit=-1 support_ok=1
[SQP] before_solve iter=3 vars=16 constraints=132 max_d=-0.0341659
[QP WORST] iter=3 row=5 type=collision d=-0.0341659
[QP WORST COLLISION] scenario=30 k=1 obstacle=0 disc=1
[SQP] after_solve iter=3 converged=1 status=0 iterations=4 primal_residual=9.13721e-12 dual_residual=1.12054e-06 x_size=16 x_finite=1
[SQP LINESEARCH] iter=3 current_violation=0 accepted_violation=0 accepted=1 alpha=1 delta_u_norm=0.181672
[SQP SUPPORT] iter=3 support_size=0 support_limit=-1 support_ok=1
[SQP] before_solve iter=4 vars=16 constraints=132 max_d=-0.0341584
[QP WORST] iter=4 row=5 type=collision d=-0.0341584
[QP WORST COLLISION] scenario=30 k=1 obstacle=0 disc=1
[SQP] after_solve iter=4 converged=1 status=0 iterations=4 primal_residual=7.93637e-12 dual_residual=6.92501e-07 x_size=16 x_finite=1
[SQP LINESEARCH] iter=4 current_violation=0 accepted_violation=0 accepted=1 alpha=1 delta_u_norm=0.162598
[SQP SUPPORT] iter=4 support_size=0 support_limit=-1 support_ok=1
[SQP] before_solve iter=5 vars=16 constraints=132 max_d=-0.0341522
[QP WORST] iter=5 row=5 type=collision d=-0.0341522
[QP WORST COLLISION] scenario=30 k=1 obstacle=0 disc=1
[SQP] after_solve iter=5 converged=1 status=0 iterations=4 primal_residual=7.14507e-12 dual_residual=5.0591e-07 x_size=16 x_finite=1
[SQP LINESEARCH] iter=5 current_violation=0 accepted_violation=0 accepted=1 alpha=1 delta_u_norm=0.149239
[SQP SUPPORT] iter=5 support_size=0 support_limit=-1 support_ok=1
[SQP] before_solve iter=6 vars=16 constraints=132 max_d=-0.0341473
[QP WORST] iter=6 row=5 type=collision d=-0.0341473
[QP WORST COLLISION] scenario=30 k=1 obstacle=0 disc=1
[SQP] after_solve iter=6 converged=1 status=0 iterations=4 primal_residual=1.09084e-11 dual_residual=5.02988e-07 x_size=16 x_finite=1
[SQP LINESEARCH] iter=6 current_violation=0 accepted_violation=0 accepted=1 alpha=1 delta_u_norm=0.139135
[SQP SUPPORT] iter=6 support_size=0 support_limit=-1 support_ok=1
[SQP] before_solve iter=7 vars=16 constraints=132 max_d=-0.0341436
[QP WORST] iter=7 row=5 type=collision d=-0.0341436
[QP WORST COLLISION] scenario=30 k=1 obstacle=0 disc=1
[SQP] after_solve iter=7 converged=1 status=0 iterations=4 primal_residual=6.86294e-12 dual_residual=4.09374e-07 x_size=16 x_finite=1
[SQP LINESEARCH] iter=7 current_violation=0 accepted_violation=0 accepted=1 alpha=1 delta_u_norm=0.130915
[SQP SUPPORT] iter=7 support_size=0 support_limit=-1 support_ok=1
[SQP] before_solve iter=8 vars=16 constraints=132 max_d=-0.0341407
[QP WORST] iter=8 row=5 type=collision d=-0.0341407
[QP WORST COLLISION] scenario=30 k=1 obstacle=0 disc=1
[SQP] after_solve iter=8 converged=1 status=0 iterations=4 primal_residual=1.86713e-11 dual_residual=3.83589e-07 x_size=16 x_finite=1
[SQP LINESEARCH] iter=8 current_violation=0 accepted_violation=0 accepted=1 alpha=1 delta_u_norm=0.123834
[SQP SUPPORT] iter=8 support_size=0 support_limit=-1 support_ok=1
[SQP] before_solve iter=9 vars=16 constraints=132 max_d=-0.0341386
[QP WORST] iter=9 row=5 type=collision d=-0.0341386
[QP WORST COLLISION] scenario=30 k=1 obstacle=0 disc=1
[SQP] after_solve iter=9 converged=1 status=0 iterations=4 primal_residual=8.84436e-11 dual_residual=8.22265e-06 x_size=16 x_finite=1
[SQP LINESEARCH] iter=9 current_violation=0 accepted_violation=0 accepted=1 alpha=1 delta_u_norm=0.11635
[SQP SUPPORT] iter=9 support_size=0 support_limit=-1 support_ok=1
[SQP FINAL] final_violation=0 violated_constraints=0
[SUPPORT FINAL] sqp_union=0 final_active=0 support_limit=-1
[SUPPORT FINAL IDS]
[SUPPORT UNION IDS]
[COLD START RECOVERY CHECK] ordinary_sqp_failed=0 seed_available=1 incompatible=0 try_homotopy=0
[HARNESS RESULT] step=26 success=1 controls=8 first_input_present=1
[MPC STEP METRICS] step=26 applied=1 success=1 fallback=0 a=0.518545 omega=0.8 dt=0.1 acceleration_weight=0.1 steering_weight=0.1 control_cost_unweighted=0.908888 control_cost_weighted=0.0908888 mpc_cost=-10.1405 solve_time=0.0383365 qp_solve_time=0.0247936 constraint_time=0.00752793 dro_risk_time=0.000405429 ambiguity_radius=0.00261673 certificate=not_requested
[EVAL SAFETY] step=27 min_center_distance=0.992198 min_clearance=0.0421978 collision_this_step=0 collision_run=0 collision_radius=0.95
[DRO SUMMARY] step=28 obstacle=0 S=40 rho=0.00254801 rho_raw=0.00254801 D_max=0.0115351 D_min=0.00578169 tv_bound=0.440704 eta=0.220892 eta_raw=0.220892 radius_m=28 radius_d=3 transport_cost=0 budget_usage=0 lambda=0 q_support=3 nominal_risk=0 qstar_risk=0 risk_lift=0 tv=0
[DRO MODE] step=28 obstacle=0 mode=constant_velocity p=0.355932 risk=0 q=0.355932 delta_q=0 q_times_S=14.2373
[DRO MODE] step=28 obstacle=0 mode=turn_left p=0.423729 risk=0 q=0.423729 delta_q=0 q_times_S=16.9492
[DRO MODE] step=28 obstacle=0 mode=turn_right p=0.220339 risk=0 q=0.220339 delta_q=0 q_times_S=8.81356
[DRO SAMPLE] step=28 obstacle=0 mode=constant_velocity q=0.355932 q_times_S=14.2373 first_count=15 first_fraction=0.375 occupancy=120 occupancy_fraction=0.375
[DRO SAMPLE] step=28 obstacle=0 mode=turn_left q=0.423729 q_times_S=16.9492 first_count=15 first_fraction=0.375 occupancy=120 occupancy_fraction=0.375
[DRO SAMPLE] step=28 obstacle=0 mode=turn_right q=0.220339 q_times_S=8.81356 first_count=10 first_fraction=0.25 occupancy=80 occupancy_fraction=0.25
[RF BACKUP] available=1 controls=8 states=9
[FREE POLY] k=1 disc=0 raw=40 facets=4 vertices=7 rho=4.8 anchor_shift=0
[FREE POLY] k=1 disc=1 raw=40 facets=2 vertices=5 rho=0.800001 anchor_shift=0
[FREE POLY] k=1 disc=2 raw=40 facets=3 vertices=6 rho=4.8 anchor_shift=0
[FREE POLY] k=2 disc=0 raw=40 facets=5 vertices=8 rho=5.6 anchor_shift=0
[FREE POLY] k=2 disc=1 raw=40 facets=3 vertices=6 rho=1.6 anchor_shift=0
[FREE POLY] k=2 disc=2 raw=40 facets=3 vertices=6 rho=5.6 anchor_shift=0
[FREE POLY] k=3 disc=0 raw=40 facets=6 vertices=9 rho=6.4 anchor_shift=0
[FREE POLY] k=3 disc=1 raw=40 facets=4 vertices=7 rho=2.4 anchor_shift=0
[FREE POLY] k=3 disc=2 raw=40 facets=5 vertices=8 rho=6.4 anchor_shift=0
[FREE POLY] k=4 disc=0 raw=40 facets=6 vertices=10 rho=7.2 anchor_shift=0
[FREE POLY] k=4 disc=1 raw=40 facets=5 vertices=8 rho=3.2 anchor_shift=0
[FREE POLY] k=4 disc=2 raw=40 facets=5 vertices=8 rho=7.2 anchor_shift=0
[FREE POLY] k=5 disc=0 raw=40 facets=6 vertices=9 rho=8 anchor_shift=0
[FREE POLY] k=5 disc=1 raw=40 facets=4 vertices=7 rho=4 anchor_shift=0
[FREE POLY] k=5 disc=2 raw=40 facets=5 vertices=8 rho=8 anchor_shift=0
[FREE POLY] k=6 disc=0 raw=40 facets=6 vertices=9 rho=8.8 anchor_shift=0
[FREE POLY] k=6 disc=1 raw=40 facets=5 vertices=8 rho=4.8 anchor_shift=0
[FREE POLY] k=6 disc=2 raw=40 facets=5 vertices=8 rho=8.8 anchor_shift=0
[FREE POLY] k=7 disc=0 raw=40 facets=5 vertices=8 rho=9.6 anchor_shift=0
[FREE POLY] k=7 disc=1 raw=40 facets=4 vertices=7 rho=5.6 anchor_shift=0
[FREE POLY] k=7 disc=2 raw=40 facets=4 vertices=7 rho=9.6 anchor_shift=0
[FREE POLY] k=8 disc=0 raw=40 facets=4 vertices=7 rho=10.4 anchor_shift=0
[FREE POLY] k=8 disc=1 raw=40 facets=5 vertices=8 rho=6.4 anchor_shift=0
[FREE POLY] k=8 disc=2 raw=40 facets=3 vertices=6 rho=10.4 anchor_shift=0
[RF SUPPORT SEED] removed=0 support_limit=-1
[SQP] before_solve iter=0 vars=16 constraints=139 max_d=-0.0612529
[QP WORST] iter=0 row=5 type=collision d=-0.0612529
[QP WORST COLLISION] scenario=34 k=1 obstacle=0 disc=1
[SQP] after_solve iter=0 converged=1 status=0 iterations=4 primal_residual=3.36958e-11 dual_residual=5.31126e-08 x_size=16 x_finite=1
[SQP LINESEARCH] iter=0 current_violation=0 accepted_violation=0 accepted=1 alpha=1 delta_u_norm=0.396553
[SQP SUPPORT] iter=0 support_size=0 support_limit=-1 support_ok=1
[SQP] before_solve iter=1 vars=16 constraints=139 max_d=-0.0612843
[QP WORST] iter=1 row=5 type=collision d=-0.0612843
[QP WORST COLLISION] scenario=34 k=1 obstacle=0 disc=1
[SQP] after_solve iter=1 converged=1 status=0 iterations=3 primal_residual=1.50955e-07 dual_residual=9.80327e-05 x_size=16 x_finite=1
[SQP LINESEARCH] iter=1 current_violation=0 accepted_violation=0 accepted=1 alpha=1 delta_u_norm=0.279391
[SQP SUPPORT] iter=1 support_size=0 support_limit=-1 support_ok=1
[SQP] before_solve iter=2 vars=16 constraints=139 max_d=-0.0612756
[QP WORST] iter=2 row=5 type=collision d=-0.0612756
[QP WORST COLLISION] scenario=34 k=1 obstacle=0 disc=1
[SQP] after_solve iter=2 converged=1 status=0 iterations=3 primal_residual=2.02647e-07 dual_residual=8.56647e-05 x_size=16 x_finite=1
[SQP LINESEARCH] iter=2 current_violation=0 accepted_violation=0 accepted=1 alpha=1 delta_u_norm=0.238092
[SQP SUPPORT] iter=2 support_size=0 support_limit=-1 support_ok=1
[SQP] before_solve iter=3 vars=16 constraints=139 max_d=-0.0612599
[QP WORST] iter=3 row=5 type=collision d=-0.0612599
[QP WORST COLLISION] scenario=34 k=1 obstacle=0 disc=1
[SQP] after_solve iter=3 converged=1 status=0 iterations=4 primal_residual=1.94133e-10 dual_residual=1.55612e-05 x_size=16 x_finite=1
[SQP LINESEARCH] iter=3 current_violation=0 accepted_violation=0 accepted=1 alpha=1 delta_u_norm=0.216745
[SQP SUPPORT] iter=3 support_size=0 support_limit=-1 support_ok=1
[SQP] before_solve iter=4 vars=16 constraints=139 max_d=-0.0612452
[QP WORST] iter=4 row=5 type=collision d=-0.0612452
[QP WORST COLLISION] scenario=34 k=1 obstacle=0 disc=1
[SQP] after_solve iter=4 converged=1 status=0 iterations=4 primal_residual=1.77754e-10 dual_residual=1.64118e-05 x_size=16 x_finite=1
[SQP LINESEARCH] iter=4 current_violation=0 accepted_violation=0 accepted=1 alpha=1 delta_u_norm=0.196065
[SQP SUPPORT] iter=4 support_size=0 support_limit=-1 support_ok=1
[SQP] before_solve iter=5 vars=16 constraints=139 max_d=-0.0612339
[QP WORST] iter=5 row=5 type=collision d=-0.0612339
[QP WORST COLLISION] scenario=34 k=1 obstacle=0 disc=1
[SQP] after_solve iter=5 converged=1 status=0 iterations=4 primal_residual=1.32847e-10 dual_residual=9.24464e-06 x_size=16 x_finite=1
[SQP LINESEARCH] iter=5 current_violation=0 accepted_violation=0 accepted=1 alpha=1 delta_u_norm=0.180355
[SQP SUPPORT] iter=5 support_size=0 support_limit=-1 support_ok=1
[SQP] before_solve iter=6 vars=16 constraints=139 max_d=-0.0612253
[QP WORST] iter=6 row=5 type=collision d=-0.0612253
[QP WORST COLLISION] scenario=34 k=1 obstacle=0 disc=1
[SQP] after_solve iter=6 converged=1 status=0 iterations=4 primal_residual=5.67547e-11 dual_residual=6.81369e-06 x_size=16 x_finite=1
[SQP LINESEARCH] iter=6 current_violation=0 accepted_violation=0 accepted=1 alpha=1 delta_u_norm=0.167584
[SQP SUPPORT] iter=6 support_size=0 support_limit=-1 support_ok=1
[SQP] before_solve iter=7 vars=16 constraints=139 max_d=-0.0612191
[QP WORST] iter=7 row=5 type=collision d=-0.0612191
[QP WORST COLLISION] scenario=34 k=1 obstacle=0 disc=1
[SQP] after_solve iter=7 converged=1 status=0 iterations=4 primal_residual=8.69928e-11 dual_residual=6.97072e-06 x_size=16 x_finite=1
[SQP LINESEARCH] iter=7 current_violation=0 accepted_violation=0 accepted=1 alpha=1 delta_u_norm=0.155637
[SQP SUPPORT] iter=7 support_size=0 support_limit=-1 support_ok=1
[SQP] before_solve iter=8 vars=16 constraints=139 max_d=-0.0612148
[QP WORST] iter=8 row=5 type=collision d=-0.0612148
[QP WORST COLLISION] scenario=34 k=1 obstacle=0 disc=1
[SQP] after_solve iter=8 converged=1 status=0 iterations=4 primal_residual=5.45477e-11 dual_residual=7.39387e-06 x_size=16 x_finite=1
[SQP LINESEARCH] iter=8 current_violation=0 accepted_violation=0 accepted=1 alpha=1 delta_u_norm=0.122133
[SQP SUPPORT] iter=8 support_size=0 support_limit=-1 support_ok=1
[SQP] before_solve iter=9 vars=16 constraints=139 max_d=-0.0612119
[QP WORST] iter=9 row=5 type=collision d=-0.0612119
[QP WORST COLLISION] scenario=34 k=1 obstacle=0 disc=1
[SQP] after_solve iter=9 converged=1 status=0 iterations=4 primal_residual=1.70738e-11 dual_residual=2.77295e-06 x_size=16 x_finite=1
[SQP LINESEARCH] iter=9 current_violation=0 accepted_violation=0 accepted=1 alpha=1 delta_u_norm=0.106543
[SQP SUPPORT] iter=9 support_size=0 support_limit=-1 support_ok=1
[SQP FINAL] final_violation=0 violated_constraints=0
[SUPPORT FINAL] sqp_union=0 final_active=0 support_limit=-1
[SUPPORT FINAL IDS]
[SUPPORT UNION IDS]
[COLD START RECOVERY CHECK] ordinary_sqp_failed=0 seed_available=1 incompatible=0 try_homotopy=0
[HARNESS RESULT] step=27 success=1 controls=8 first_input_present=1
[MPC STEP METRICS] step=27 applied=1 success=1 fallback=0 a=0.56996 omega=0.8 dt=0.1 acceleration_weight=0.1 steering_weight=0.1 control_cost_unweighted=0.964854 control_cost_weighted=0.0964854 mpc_cost=-10.4292 solve_time=0.0383556 qp_solve_time=0.024921 constraint_time=0.00754739 dro_risk_time=0.000403525 ambiguity_radius=0.00254801 certificate=not_requested
[EVAL SAFETY] step=28 min_center_distance=1.01599 min_clearance=0.0659864 collision_this_step=0 collision_run=0 collision_radius=0.95
[DRO SUMMARY] step=29 obstacle=0 S=40 rho=0.00251261 rho_raw=0.00251261 D_max=0.0115351 D_min=0.00578169 tv_bound=0.434581 eta=0.217823 eta_raw=0.217823 radius_m=29 radius_d=3 transport_cost=0.00251261 budget_usage=1 lambda=2.05058 q_support=2 nominal_risk=0.0141757 qstar_risk=0.019427 risk_lift=0.00525126 tv=0.389532
[DRO MODE] step=29 obstacle=0 mode=constant_velocity p=0.344262 risk=0.0166825 q=0 delta_q=-0.344262 q_times_S=0
[DRO MODE] step=29 obstacle=0 mode=turn_left p=0.442623 risk=0.00517218 q=0.397353 delta_q=-0.0452701 q_times_S=15.8941
[DRO MODE] step=29 obstacle=0 mode=turn_right p=0.213115 risk=0.0288258 q=0.602647 delta_q=0.389532 q_times_S=24.1059
[DRO SAMPLE] step=29 obstacle=0 mode=constant_velocity q=0 q_times_S=0 first_count=0 first_fraction=0 occupancy=0 occupancy_fraction=0
[DRO SAMPLE] step=29 obstacle=0 mode=turn_left q=0.397353 q_times_S=15.8941 first_count=15 first_fraction=0.375 occupancy=120 occupancy_fraction=0.375
[DRO SAMPLE] step=29 obstacle=0 mode=turn_right q=0.602647 q_times_S=24.1059 first_count=25 first_fraction=0.625 occupancy=200 occupancy_fraction=0.625
[RF BACKUP] available=1 controls=8 states=9
[FREE POLY] k=1 disc=0 raw=40 facets=3 vertices=6 rho=4.8 anchor_shift=0
[FREE POLY] k=1 disc=1 raw=40 facets=1 vertices=4 rho=0.800001 anchor_shift=0
[FREE POLY] k=1 disc=2 raw=40 facets=2 vertices=5 rho=4.8 anchor_shift=0
[FREE POLY] k=2 disc=0 raw=40 facets=3 vertices=6 rho=5.6 anchor_shift=0
[FREE POLY] k=2 disc=1 raw=40 facets=3 vertices=6 rho=1.6 anchor_shift=0
[FREE POLY] k=2 disc=2 raw=40 facets=3 vertices=6 rho=5.6 anchor_shift=0
[FREE POLY] k=3 disc=0 raw=40 facets=3 vertices=7 rho=6.4 anchor_shift=0
[FREE POLY] k=3 disc=1 raw=40 facets=5 vertices=8 rho=2.4 anchor_shift=0
[FREE POLY] k=3 disc=2 raw=40 facets=4 vertices=7 rho=6.4 anchor_shift=0
[FREE POLY] k=4 disc=0 raw=40 facets=3 vertices=6 rho=7.2 anchor_shift=0
[FREE POLY] k=4 disc=1 raw=40 facets=4 vertices=7 rho=3.2 anchor_shift=0
[FREE POLY] k=4 disc=2 raw=40 facets=4 vertices=7 rho=7.2 anchor_shift=0
[FREE POLY] k=5 disc=0 raw=40 facets=3 vertices=6 rho=8 anchor_shift=0
[FREE POLY] k=5 disc=1 raw=40 facets=4 vertices=7 rho=4 anchor_shift=0
[FREE POLY] k=5 disc=2 raw=40 facets=6 vertices=9 rho=8 anchor_shift=0
[FREE POLY] k=6 disc=0 raw=40 facets=3 vertices=6 rho=8.8 anchor_shift=0
[FREE POLY] k=6 disc=1 raw=40 facets=3 vertices=6 rho=4.8 anchor_shift=0
[FREE POLY] k=6 disc=2 raw=40 facets=4 vertices=7 rho=8.8 anchor_shift=0
[FREE POLY] k=7 disc=0 raw=40 facets=4 vertices=7 rho=9.6 anchor_shift=0
[FREE POLY] k=7 disc=1 raw=40 facets=4 vertices=7 rho=5.6 anchor_shift=0
[FREE POLY] k=7 disc=2 raw=40 facets=5 vertices=8 rho=9.6 anchor_shift=0
[FREE POLY] k=8 disc=0 raw=40 facets=5 vertices=8 rho=10.4 anchor_shift=0
[FREE POLY] k=8 disc=1 raw=40 facets=4 vertices=7 rho=6.4 anchor_shift=0
[FREE POLY] k=8 disc=2 raw=40 facets=6 vertices=9 rho=10.4 anchor_shift=0
[RF SUPPORT SEED] removed=0 support_limit=-1
[SQP] before_solve iter=0 vars=16 constraints=121 max_d=-0.00325042
[QP WORST] iter=0 row=74 type=collision d=-0.00325042
[QP WORST COLLISION] scenario=17 k=8 obstacle=0 disc=0
[SQP] after_solve iter=0 converged=1 status=0 iterations=5 primal_residual=1.17033e-11 dual_residual=1.42215e-05 x_size=16 x_finite=1
[SQP LINESEARCH] iter=0 current_violation=0 accepted_violation=0 accepted=1 alpha=1 delta_u_norm=0.412609
[SQP SUPPORT] iter=0 support_size=0 support_limit=-1 support_ok=1
[SQP] before_solve iter=1 vars=16 constraints=121 max_d=-0.0223291
[QP WORST] iter=1 row=74 type=collision d=-0.0223291
[QP WORST COLLISION] scenario=17 k=8 obstacle=0 disc=0
[SQP] after_solve iter=1 converged=1 status=0 iterations=5 primal_residual=3.97935e-16 dual_residual=2.7871e-05 x_size=16 x_finite=1
[SQP LINESEARCH] iter=1 current_violation=0 accepted_violation=0 accepted=1 alpha=1 delta_u_norm=0.208326
[SQP SUPPORT] iter=1 support_size=0 support_limit=-1 support_ok=1
[SQP] before_solve iter=2 vars=16 constraints=121 max_d=-0.00344754
[QP WORST] iter=2 row=74 type=collision d=-0.00344754
[QP WORST COLLISION] scenario=17 k=8 obstacle=0 disc=0
[SQP] after_solve iter=2 converged=1 status=0 iterations=5 primal_residual=3.79904e-16 dual_residual=5.79848e-06 x_size=16 x_finite=1
[SQP LINESEARCH] iter=2 current_violation=0 accepted_violation=0 accepted=1 alpha=1 delta_u_norm=0.177528
[SQP SUPPORT] iter=2 support_size=0 support_limit=-1 support_ok=1
[SQP] before_solve iter=3 vars=16 constraints=121 max_d=-0.000157922
[QP WORST] iter=3 row=74 type=collision d=-0.000157922
[QP WORST COLLISION] scenario=17 k=8 obstacle=0 disc=0
[SQP] after_solve iter=3 converged=1 status=0 iterations=5 primal_residual=4.25007e-16 dual_residual=2.88208e-06 x_size=16 x_finite=1
[SQP LINESEARCH] iter=3 current_violation=0 accepted_violation=0 accepted=1 alpha=1 delta_u_norm=0.162404
[SQP SUPPORT] iter=3 support_size=0 support_limit=-1 support_ok=1
[SQP] before_solve iter=4 vars=16 constraints=121 max_d=-5.94259e-05
[QP WORST] iter=4 row=74 type=collision d=-5.94259e-05
[QP WORST COLLISION] scenario=17 k=8 obstacle=0 disc=0
[SQP] after_solve iter=4 converged=1 status=0 iterations=5 primal_residual=4.80907e-12 dual_residual=3.74781e-06 x_size=16 x_finite=1
[SQP LINESEARCH] iter=4 current_violation=0 accepted_violation=0 accepted=1 alpha=1 delta_u_norm=0.149127
[SQP SUPPORT] iter=4 support_size=0 support_limit=-1 support_ok=1
[SQP] before_solve iter=5 vars=16 constraints=121 max_d=-2.81777e-05
[QP WORST] iter=5 row=74 type=collision d=-2.81777e-05
[QP WORST COLLISION] scenario=17 k=8 obstacle=0 disc=0
[SQP] after_solve iter=5 converged=1 status=0 iterations=5 primal_residual=2.80713e-11 dual_residual=3.74897e-06 x_size=16 x_finite=1
[SQP LINESEARCH] iter=5 current_violation=0 accepted_violation=0 accepted=1 alpha=1 delta_u_norm=0.137649
[SQP SUPPORT] iter=5 support_size=0 support_limit=-1 support_ok=1
[SQP] before_solve iter=6 vars=16 constraints=121 max_d=-2.35625e-06
[QP WORST] iter=6 row=74 type=collision d=-2.35625e-06
[QP WORST COLLISION] scenario=17 k=8 obstacle=0 disc=0
[SQP] after_solve iter=6 converged=1 status=0 iterations=5 primal_residual=6.19666e-11 dual_residual=2.71817e-06 x_size=16 x_finite=1
[SQP LINESEARCH] iter=6 current_violation=0 accepted_violation=0 accepted=1 alpha=0.5 delta_u_norm=0.127647
[SQP SUPPORT] iter=6 support_size=0 support_limit=-1 support_ok=1
[SQP] before_solve iter=7 vars=16 constraints=121 max_d=-1.00856e-06
[QP WORST] iter=7 row=74 type=collision d=-1.00856e-06
[QP WORST COLLISION] scenario=17 k=8 obstacle=0 disc=0
[SQP] after_solve iter=7 converged=1 status=0 iterations=4 primal_residual=6.87994e-09 dual_residual=7.9438e-05 x_size=16 x_finite=1
[SQP LINESEARCH] iter=7 current_violation=0 accepted_violation=0 accepted=1 alpha=1 delta_u_norm=0.123398
[SQP SUPPORT] iter=7 support_size=0 support_limit=-1 support_ok=1
[SQP] before_solve iter=8 vars=16 constraints=121 max_d=-0.00121057
[QP WORST] iter=8 row=74 type=collision d=-0.00121057
[QP WORST COLLISION] scenario=17 k=8 obstacle=0 disc=0
[SQP] after_solve iter=8 converged=1 status=0 iterations=4 primal_residual=4.28161e-10 dual_residual=3.17217e-05 x_size=16 x_finite=1
[SQP LINESEARCH] iter=8 current_violation=0 accepted_violation=0 accepted=1 alpha=1 delta_u_norm=0.114842
[SQP SUPPORT] iter=8 support_size=0 support_limit=-1 support_ok=1
[SQP] before_solve iter=9 vars=16 constraints=121 max_d=-0.000465102
[QP WORST] iter=9 row=74 type=collision d=-0.000465102
[QP WORST COLLISION] scenario=17 k=8 obstacle=0 disc=0
[SQP] after_solve iter=9 converged=1 status=0 iterations=4 primal_residual=2.15733e-10 dual_residual=2.18804e-05 x_size=16 x_finite=1
[SQP LINESEARCH] iter=9 current_violation=0 accepted_violation=0 accepted=1 alpha=1 delta_u_norm=0.107564
[SQP SUPPORT] iter=9 support_size=0 support_limit=-1 support_ok=1
[SQP FINAL] final_violation=0 violated_constraints=0
[SUPPORT FINAL] sqp_union=0 final_active=1 support_limit=-1
[SUPPORT FINAL IDS] 17
[SUPPORT UNION IDS]
[COLD START RECOVERY CHECK] ordinary_sqp_failed=0 seed_available=1 incompatible=0 try_homotopy=0
[HARNESS RESULT] step=28 success=1 controls=8 first_input_present=1
[MPC STEP METRICS] step=28 applied=1 success=1 fallback=0 a=0.584555 omega=0.8 dt=0.1 acceleration_weight=0.1 steering_weight=0.1 control_cost_unweighted=0.981704 control_cost_weighted=0.0981704 mpc_cost=-10.8706 solve_time=0.0379172 qp_solve_time=0.0249275 constraint_time=0.0070922 dro_risk_time=0.000404387 ambiguity_radius=0.00251261 certificate=not_requested
[EVAL SAFETY] step=29 min_center_distance=1.05993 min_clearance=0.109931 collision_this_step=0 collision_run=0 collision_radius=0.95
[DRO SUMMARY] step=30 obstacle=0 S=40 rho=0.00247593 rho_raw=0.00247593 D_max=0.0115351 D_min=0.00578169 tv_bound=0.428237 eta=0.214644 eta_raw=0.214644 radius_m=30 radius_d=3 transport_cost=0.00247593 budget_usage=1 lambda=2.20807 q_support=2 nominal_risk=0.0794226 qstar_risk=0.0849371 risk_lift=0.00551454 tv=0.380902
[DRO MODE] step=30 obstacle=0 mode=constant_velocity p=0.333333 risk=0.0825411 q=0 delta_q=-0.333333 q_times_S=0
[DRO MODE] step=30 obstacle=0 mode=turn_left p=0.460317 risk=0.0699797 q=0.412749 delta_q=-0.0475683 q_times_S=16.51
[DRO MODE] step=30 obstacle=0 mode=turn_right p=0.206349 risk=0.09545 q=0.587251 delta_q=0.380902 q_times_S=23.49
[DRO SAMPLE] step=30 obstacle=0 mode=constant_velocity q=0 q_times_S=0 first_count=0 first_fraction=0 occupancy=0 occupancy_fraction=0
[DRO SAMPLE] step=30 obstacle=0 mode=turn_left q=0.412749 q_times_S=16.51 first_count=12 first_fraction=0.3 occupancy=96 occupancy_fraction=0.3
[DRO SAMPLE] step=30 obstacle=0 mode=turn_right q=0.587251 q_times_S=23.49 first_count=28 first_fraction=0.7 occupancy=224 occupancy_fraction=0.7
[RF BACKUP] available=1 controls=8 states=9
[FREE POLY] k=1 disc=0 raw=40 facets=7 vertices=10 rho=4.8 anchor_shift=0
[FREE POLY] k=1 disc=1 raw=40 facets=4 vertices=7 rho=0.800001 anchor_shift=0
[FREE POLY] k=1 disc=2 raw=40 facets=6 vertices=9 rho=4.8 anchor_shift=0
[FREE POLY] k=2 disc=0 raw=40 facets=5 vertices=9 rho=5.6 anchor_shift=0
[FREE POLY] k=2 disc=1 raw=40 facets=3 vertices=6 rho=1.6 anchor_shift=0
[FREE POLY] k=2 disc=2 raw=40 facets=5 vertices=8 rho=5.6 anchor_shift=0
[FREE POLY] k=3 disc=0 raw=40 facets=7 vertices=10 rho=6.4 anchor_shift=0
[FREE POLY] k=3 disc=1 raw=40 facets=3 vertices=7 rho=2.4 anchor_shift=0
[FREE POLY] k=3 disc=2 raw=40 facets=3 vertices=6 rho=6.4 anchor_shift=0
[FREE POLY] k=4 disc=0 raw=40 facets=4 vertices=7 rho=7.2 anchor_shift=0
[FREE POLY] k=4 disc=1 raw=40 facets=3 vertices=7 rho=3.2 anchor_shift=0
[FREE POLY] k=4 disc=2 raw=40 facets=3 vertices=6 rho=7.2 anchor_shift=0
[FREE POLY] k=5 disc=0 raw=40 facets=4 vertices=7 rho=8 anchor_shift=0
[FREE POLY] k=5 disc=1 raw=40 facets=3 vertices=6 rho=4 anchor_shift=0
[FREE POLY] k=5 disc=2 raw=40 facets=4 vertices=7 rho=8 anchor_shift=0
[FREE POLY] k=6 disc=0 raw=40 facets=4 vertices=7 rho=8.8 anchor_shift=0
[FREE POLY] k=6 disc=1 raw=40 facets=3 vertices=6 rho=4.8 anchor_shift=0
[FREE POLY] k=6 disc=2 raw=40 facets=4 vertices=7 rho=8.8 anchor_shift=0
[FREE POLY] k=7 disc=0 raw=40 facets=5 vertices=8 rho=9.6 anchor_shift=0
[FREE POLY] k=7 disc=1 raw=40 facets=4 vertices=7 rho=5.6 anchor_shift=0
[FREE POLY] k=7 disc=2 raw=40 facets=3 vertices=6 rho=9.6 anchor_shift=0
[FREE POLY] k=8 disc=0 raw=40 facets=5 vertices=8 rho=10.4 anchor_shift=0
[FREE POLY] k=8 disc=1 raw=40 facets=3 vertices=6 rho=6.4 anchor_shift=0
[FREE POLY] k=8 disc=2 raw=40 facets=2 vertices=5 rho=10.4 anchor_shift=0
[RF SUPPORT SEED] removed=0 support_limit=-1
[SQP] before_solve iter=0 vars=16 constraints=129 max_d=0.0502582
[QP WORST] iter=0 row=89 type=collision d=0.0502582
[QP WORST COLLISION] scenario=17 k=8 obstacle=0 disc=0
[SQP] after_solve iter=0 converged=1 status=0 iterations=5 primal_residual=4.33843e-16 dual_residual=2.39326e-06 x_size=16 x_finite=1
[SQP LINESEARCH] iter=0 current_violation=0.0502582 accepted_violation=0.000906056 accepted=1 alpha=1 delta_u_norm=0.40191
[SQP SUPPORT] iter=0 support_size=0 support_limit=-1 support_ok=1
[SQP] before_solve iter=1 vars=16 constraints=129 max_d=0.000906056
[QP WORST] iter=1 row=89 type=collision d=0.000906056
[QP WORST COLLISION] scenario=17 k=8 obstacle=0 disc=0
[SQP] after_solve iter=1 converged=1 status=0 iterations=5 primal_residual=4.38138e-16 dual_residual=4.24323e-07 x_size=16 x_finite=1
[SQP LINESEARCH] iter=1 current_violation=0.000906056 accepted_violation=3.12598e-05 accepted=1 alpha=1 delta_u_norm=0.218475
[SQP SUPPORT] iter=1 support_size=0 support_limit=-1 support_ok=1
[SQP] before_solve iter=2 vars=16 constraints=129 max_d=3.12598e-05
[QP WORST] iter=2 row=89 type=collision d=3.12598e-05
[QP WORST COLLISION] scenario=17 k=8 obstacle=0 disc=0
[SQP] after_solve iter=2 converged=1 status=0 iterations=5 primal_residual=3.96506e-16 dual_residual=1.11582e-07 x_size=16 x_finite=1
[SQP LINESEARCH] iter=2 current_violation=3.12598e-05 accepted_violation=4.13811e-06 accepted=1 alpha=1 delta_u_norm=0.186558
[SQP SUPPORT] iter=2 support_size=0 support_limit=-1 support_ok=1
[SQP] before_solve iter=3 vars=16 constraints=129 max_d=4.13811e-06
[QP WORST] iter=3 row=89 type=collision d=4.13811e-06
[QP WORST COLLISION] scenario=17 k=8 obstacle=0 disc=0
[SQP] after_solve iter=3 converged=1 status=0 iterations=5 primal_residual=4.10804e-16 dual_residual=1.58561e-07 x_size=16 x_finite=1
[SQP LINESEARCH] iter=3 current_violation=4.13811e-06 accepted_violation=0 accepted=1 alpha=1 delta_u_norm=0.168886
[SQP SUPPORT] iter=3 support_size=0 support_limit=-1 support_ok=1
[SQP] before_solve iter=4 vars=16 constraints=129 max_d=-5.64922e-07
[QP WORST] iter=4 row=89 type=collision d=-5.64922e-07
[QP WORST COLLISION] scenario=17 k=8 obstacle=0 disc=0
[SQP] after_solve iter=4 converged=1 status=0 iterations=5 primal_residual=3.47812e-16 dual_residual=1.09553e-06 x_size=16 x_finite=1
[SQP LINESEARCH] iter=4 current_violation=0 accepted_violation=0 accepted=1 alpha=1 delta_u_norm=0.156128
[SQP SUPPORT] iter=4 support_size=0 support_limit=-1 support_ok=1
[SQP] before_solve iter=5 vars=16 constraints=129 max_d=-1.76494e-06
[QP WORST] iter=5 row=89 type=collision d=-1.76494e-06
[QP WORST COLLISION] scenario=17 k=8 obstacle=0 disc=0
[SQP] after_solve iter=5 converged=1 status=0 iterations=5 primal_residual=1.72665e-12 dual_residual=6.04037e-06 x_size=16 x_finite=1
[SQP LINESEARCH] iter=5 current_violation=0 accepted_violation=0 accepted=1 alpha=1 delta_u_norm=0.145008
[SQP SUPPORT] iter=5 support_size=0 support_limit=-1 support_ok=1
[SQP] before_solve iter=6 vars=16 constraints=129 max_d=-2.21727e-06
[QP WORST] iter=6 row=89 type=collision d=-2.21727e-06
[QP WORST COLLISION] scenario=17 k=8 obstacle=0 disc=0
[SQP] after_solve iter=6 converged=1 status=0 iterations=5 primal_residual=4.26742e-16 dual_residual=1.80616e-06 x_size=16 x_finite=1
[SQP LINESEARCH] iter=6 current_violation=0 accepted_violation=0 accepted=1 alpha=1 delta_u_norm=0.133039
[SQP SUPPORT] iter=6 support_size=0 support_limit=-1 support_ok=1
[SQP] before_solve iter=7 vars=16 constraints=129 max_d=-1.60261e-06
[QP WORST] iter=7 row=89 type=collision d=-1.60261e-06
[QP WORST COLLISION] scenario=17 k=8 obstacle=0 disc=0
[SQP] after_solve iter=7 converged=1 status=0 iterations=5 primal_residual=4.08527e-16 dual_residual=3.17325e-07 x_size=16 x_finite=1
[SQP LINESEARCH] iter=7 current_violation=0 accepted_violation=0 accepted=1 alpha=1 delta_u_norm=0.124205
[SQP SUPPORT] iter=7 support_size=0 support_limit=-1 support_ok=1
[SQP] before_solve iter=8 vars=16 constraints=129 max_d=-9.34104e-07
[QP WORST] iter=8 row=89 type=collision d=-9.34104e-07
[QP WORST COLLISION] scenario=17 k=8 obstacle=0 disc=0
[SQP] after_solve iter=8 converged=1 status=0 iterations=5 primal_residual=4.13162e-16 dual_residual=6.75188e-08 x_size=16 x_finite=1
[SQP LINESEARCH] iter=8 current_violation=0 accepted_violation=0 accepted=1 alpha=1 delta_u_norm=0.111979
[SQP SUPPORT] iter=8 support_size=0 support_limit=-1 support_ok=1
[SQP] before_solve iter=9 vars=16 constraints=129 max_d=-3.19418e-07
[QP WORST] iter=9 row=89 type=collision d=-3.19418e-07
[QP WORST COLLISION] scenario=17 k=8 obstacle=0 disc=0
[SQP] after_solve iter=9 converged=1 status=0 iterations=6 primal_residual=4.27121e-16 dual_residual=1.41839e-05 x_size=16 x_finite=1
[SQP LINESEARCH] iter=9 current_violation=0 accepted_violation=0 accepted=1 alpha=0.5 delta_u_norm=0.100566
[SQP SUPPORT] iter=9 support_size=0 support_limit=-1 support_ok=1
[SQP FINAL] final_violation=0 violated_constraints=0
[SUPPORT FINAL] sqp_union=0 final_active=1 support_limit=-1
[SUPPORT FINAL IDS] 17
[SUPPORT UNION IDS]
[COLD START RECOVERY CHECK] ordinary_sqp_failed=0 seed_available=1 incompatible=0 try_homotopy=0
[HARNESS RESULT] step=29 success=1 controls=8 first_input_present=1
[MPC STEP METRICS] step=29 applied=1 success=1 fallback=0 a=0.434961 omega=0.8 dt=0.1 acceleration_weight=0.1 steering_weight=0.1 control_cost_unweighted=0.829191 control_cost_weighted=0.0829191 mpc_cost=-11.3426 solve_time=0.0427094 qp_solve_time=0.0290689 constraint_time=0.00761396 dro_risk_time=0.000402744 ambiguity_radius=0.00247593 certificate=not_requested
[EVAL SAFETY] step=30 min_center_distance=1.12323 min_clearance=0.173229 collision_this_step=0 collision_run=0 collision_radius=0.95
[DRO SUMMARY] step=31 obstacle=0 S=40 rho=0.00243849 rho_raw=0.00243849 D_max=0.0115351 D_min=0.00578169 tv_bound=0.42176 eta=0.211397 eta_raw=0.211397 radius_m=31 radius_d=3 transport_cost=0.00243849 budget_usage=1 lambda=2.33326 q_support=3 nominal_risk=0.0687922 qstar_risk=0.0744818 risk_lift=0.00568961 tv=0.211397
[DRO MODE] step=31 obstacle=0 mode=constant_velocity p=0.323077 risk=0.0725234 q=0.323077 delta_q=0 q_times_S=12.9231
[DRO MODE] step=31 obstacle=0 mode=turn_left p=0.476923 risk=0.0590594 q=0.265526 delta_q=-0.211397 q_times_S=10.621
[DRO MODE] step=31 obstacle=0 mode=turn_right p=0.2 risk=0.0859737 q=0.411397 delta_q=0.211397 q_times_S=16.4559
[DRO SAMPLE] step=31 obstacle=0 mode=constant_velocity q=0.323077 q_times_S=12.9231 first_count=15 first_fraction=0.375 occupancy=120 occupancy_fraction=0.375
[DRO SAMPLE] step=31 obstacle=0 mode=turn_left q=0.265526 q_times_S=10.621 first_count=13 first_fraction=0.325 occupancy=104 occupancy_fraction=0.325
[DRO SAMPLE] step=31 obstacle=0 mode=turn_right q=0.411397 q_times_S=16.4559 first_count=12 first_fraction=0.3 occupancy=96 occupancy_fraction=0.3
[RF BACKUP] available=1 controls=8 states=9
[FREE POLY] k=1 disc=0 raw=40 facets=6 vertices=10 rho=4.8 anchor_shift=0
[FREE POLY] k=1 disc=1 raw=40 facets=3 vertices=6 rho=0.800001 anchor_shift=0
[FREE POLY] k=1 disc=2 raw=40 facets=4 vertices=7 rho=4.8 anchor_shift=0
[FREE POLY] k=2 disc=0 raw=40 facets=5 vertices=8 rho=5.6 anchor_shift=0
[FREE POLY] k=2 disc=1 raw=40 facets=2 vertices=6 rho=1.6 anchor_shift=0
[FREE POLY] k=2 disc=2 raw=40 facets=4 vertices=7 rho=5.6 anchor_shift=0
[FREE POLY] k=3 disc=0 raw=40 facets=5 vertices=8 rho=6.4 anchor_shift=0
[FREE POLY] k=3 disc=1 raw=40 facets=3 vertices=7 rho=2.4 anchor_shift=0
[FREE POLY] k=3 disc=2 raw=40 facets=3 vertices=6 rho=6.4 anchor_shift=0
[FREE POLY] k=4 disc=0 raw=40 facets=5 vertices=8 rho=7.2 anchor_shift=0
[FREE POLY] k=4 disc=1 raw=40 facets=3 vertices=6 rho=3.2 anchor_shift=0
[FREE POLY] k=4 disc=2 raw=40 facets=4 vertices=7 rho=7.2 anchor_shift=0
[FREE POLY] k=5 disc=0 raw=40 facets=3 vertices=6 rho=8 anchor_shift=0
[FREE POLY] k=5 disc=1 raw=40 facets=3 vertices=6 rho=4 anchor_shift=0
[FREE POLY] k=5 disc=2 raw=40 facets=3 vertices=6 rho=8 anchor_shift=0
[FREE POLY] k=6 disc=0 raw=40 facets=3 vertices=6 rho=8.8 anchor_shift=0
[FREE POLY] k=6 disc=1 raw=40 facets=3 vertices=6 rho=4.8 anchor_shift=0
[FREE POLY] k=6 disc=2 raw=40 facets=3 vertices=6 rho=8.8 anchor_shift=0
[FREE POLY] k=7 disc=0 raw=40 facets=4 vertices=7 rho=9.6 anchor_shift=0
[FREE POLY] k=7 disc=1 raw=40 facets=3 vertices=6 rho=5.6 anchor_shift=0
[FREE POLY] k=7 disc=2 raw=40 facets=3 vertices=6 rho=9.6 anchor_shift=0
[FREE POLY] k=8 disc=0 raw=40 facets=3 vertices=6 rho=10.4 anchor_shift=0
[FREE POLY] k=8 disc=1 raw=40 facets=4 vertices=7 rho=6.4 anchor_shift=0
[FREE POLY] k=8 disc=2 raw=40 facets=4 vertices=7 rho=10.4 anchor_shift=0
[RF SUPPORT SEED] removed=0 support_limit=-1
[SQP] before_solve iter=0 vars=16 constraints=118 max_d=0.082891
[QP WORST] iter=0 row=76 type=collision d=0.082891
[QP WORST COLLISION] scenario=22 k=8 obstacle=0 disc=0
[SQP] after_solve iter=0 converged=1 status=0 iterations=5 primal_residual=4.3715e-16 dual_residual=4.43741e-06 x_size=16 x_finite=1
[SQP LINESEARCH] iter=0 current_violation=0.082891 accepted_violation=0.00186899 accepted=1 alpha=1 delta_u_norm=0.426362
[SQP SUPPORT] iter=0 support_size=0 support_limit=-1 support_ok=1
[SQP] before_solve iter=1 vars=16 constraints=118 max_d=0.00186899
[QP WORST] iter=1 row=76 type=collision d=0.00186899
[QP WORST COLLISION] scenario=22 k=8 obstacle=0 disc=0
[SQP] after_solve iter=1 converged=1 status=0 iterations=4 primal_residual=4.02221e-10 dual_residual=1.29191e-05 x_size=16 x_finite=1
[SQP LINESEARCH] iter=1 current_violation=0.00186899 accepted_violation=0 accepted=1 alpha=1 delta_u_norm=0.23248
[SQP SUPPORT] iter=1 support_size=0 support_limit=-1 support_ok=1
[SQP] before_solve iter=2 vars=16 constraints=118 max_d=-3.76899e-05
[QP WORST] iter=2 row=76 type=collision d=-3.76899e-05
[QP WORST COLLISION] scenario=22 k=8 obstacle=0 disc=0
[SQP] after_solve iter=2 converged=1 status=0 iterations=4 primal_residual=3.26578e-09 dual_residual=4.29554e-05 x_size=16 x_finite=1
[SQP LINESEARCH] iter=2 current_violation=0 accepted_violation=0 accepted=1 alpha=1 delta_u_norm=0.193602
[SQP SUPPORT] iter=2 support_size=0 support_limit=-1 support_ok=1
[SQP] before_solve iter=3 vars=16 constraints=118 max_d=-1.27032e-05
[QP WORST] iter=3 row=76 type=collision d=-1.27032e-05
[QP WORST COLLISION] scenario=22 k=8 obstacle=0 disc=0
[SQP] after_solve iter=3 converged=1 status=0 iterations=4 primal_residual=2.40435e-08 dual_residual=7.33896e-05 x_size=16 x_finite=1
[SQP LINESEARCH] iter=3 current_violation=0 accepted_violation=0 accepted=1 alpha=1 delta_u_norm=0.171093
[SQP SUPPORT] iter=3 support_size=0 support_limit=-1 support_ok=1
[SQP] before_solve iter=4 vars=16 constraints=118 max_d=-5.22069e-06
[QP WORST] iter=4 row=76 type=collision d=-5.22069e-06
[QP WORST COLLISION] scenario=22 k=8 obstacle=0 disc=0
[SQP] after_solve iter=4 converged=1 status=0 iterations=4 primal_residual=7.38826e-08 dual_residual=8.88637e-05 x_size=16 x_finite=1
[SQP LINESEARCH] iter=4 current_violation=0 accepted_violation=0 accepted=1 alpha=1 delta_u_norm=0.15781
[SQP SUPPORT] iter=4 support_size=0 support_limit=-1 support_ok=1
[SQP] before_solve iter=5 vars=16 constraints=118 max_d=-4.06727e-06
[QP WORST] iter=5 row=76 type=collision d=-4.06727e-06
[QP WORST COLLISION] scenario=22 k=8 obstacle=0 disc=0
[SQP] after_solve iter=5 converged=1 status=0 iterations=5 primal_residual=4.57623e-09 dual_residual=1.19036e-05 x_size=16 x_finite=1
[SQP LINESEARCH] iter=5 current_violation=0 accepted_violation=0 accepted=1 alpha=1 delta_u_norm=0.152258
[SQP SUPPORT] iter=5 support_size=0 support_limit=-1 support_ok=1
[SQP] before_solve iter=6 vars=16 constraints=118 max_d=-2.52854e-06
[QP WORST] iter=6 row=76 type=collision d=-2.52854e-06
[QP WORST COLLISION] scenario=22 k=8 obstacle=0 disc=0
[SQP] after_solve iter=6 converged=1 status=0 iterations=5 primal_residual=1.39223e-08 dual_residual=4.27328e-05 x_size=16 x_finite=1
[SQP LINESEARCH] iter=6 current_violation=0 accepted_violation=0 accepted=1 alpha=1 delta_u_norm=0.134963
[SQP SUPPORT] iter=6 support_size=0 support_limit=-1 support_ok=1
[SQP] before_solve iter=7 vars=16 constraints=118 max_d=-2.58854e-06
[QP WORST] iter=7 row=76 type=collision d=-2.58854e-06
[QP WORST COLLISION] scenario=22 k=8 obstacle=0 disc=0
[SQP] after_solve iter=7 converged=1 status=0 iterations=5 primal_residual=2.25546e-08 dual_residual=3.41066e-05 x_size=16 x_finite=1
[SQP LINESEARCH] iter=7 current_violation=0 accepted_violation=0 accepted=1 alpha=1 delta_u_norm=0.113044
[SQP SUPPORT] iter=7 support_size=0 support_limit=-1 support_ok=1
[SQP] before_solve iter=8 vars=16 constraints=118 max_d=-2.90986e-05
[QP WORST] iter=8 row=76 type=collision d=-2.90986e-05
[QP WORST COLLISION] scenario=22 k=8 obstacle=0 disc=0
[SQP] after_solve iter=8 converged=1 status=0 iterations=5 primal_residual=4.36283e-16 dual_residual=1.59487e-05 x_size=16 x_finite=1
[SQP LINESEARCH] iter=8 current_violation=0 accepted_violation=0 accepted=1 alpha=1 delta_u_norm=0.105415
[SQP SUPPORT] iter=8 support_size=0 support_limit=-1 support_ok=1
[SQP] before_solve iter=9 vars=16 constraints=118 max_d=-8.3328e-06
[QP WORST] iter=9 row=76 type=collision d=-8.3328e-06
[QP WORST COLLISION] scenario=22 k=8 obstacle=0 disc=0
[SQP] after_solve iter=9 converged=1 status=0 iterations=5 primal_residual=4.38885e-16 dual_residual=9.86481e-06 x_size=16 x_finite=1
[SQP LINESEARCH] iter=9 current_violation=0 accepted_violation=0 accepted=1 alpha=1 delta_u_norm=0.0995943
[SQP SUPPORT] iter=9 support_size=0 support_limit=-1 support_ok=1
[SQP FINAL] final_violation=0 violated_constraints=0
[SUPPORT FINAL] sqp_union=0 final_active=1 support_limit=-1
[SUPPORT FINAL IDS] 22
[SUPPORT UNION IDS]
[COLD START RECOVERY CHECK] ordinary_sqp_failed=0 seed_available=1 incompatible=0 try_homotopy=0
[HARNESS RESULT] step=30 success=1 controls=8 first_input_present=1
[MPC STEP METRICS] step=30 applied=1 success=1 fallback=0 a=0.356456 omega=0.799995 dt=0.1 acceleration_weight=0.1 steering_weight=0.1 control_cost_unweighted=0.767052 control_cost_weighted=0.0767052 mpc_cost=-11.8146 solve_time=0.039076 qp_solve_time=0.0254918 constraint_time=0.00734226 dro_risk_time=0.000536324 ambiguity_radius=0.00243849 certificate=not_requested
[EVAL SAFETY] step=31 min_center_distance=1.20368 min_clearance=0.253683 collision_this_step=0 collision_run=0 collision_radius=0.95
[DRO SUMMARY] step=32 obstacle=0 S=40 rho=0.00238263 rho_raw=0.00238263 D_max=0.0115351 D_min=0.00578169 tv_bound=0.4121 eta=0.206555 eta_raw=0.206555 radius_m=32 radius_d=3 transport_cost=0.00238263 budget_usage=1 lambda=1.1028 q_support=2 nominal_risk=0.00246823 qstar_risk=0.00727388 risk_lift=0.00480565 tv=0.377776
[DRO MODE] step=32 obstacle=0 mode=constant_velocity p=0.343284 risk=0 q=0 delta_q=-0.343284 q_times_S=0
[DRO MODE] step=32 obstacle=0 mode=turn_left p=0.462687 risk=0 q=0.428194 delta_q=-0.0344927 q_times_S=17.1278
[DRO MODE] step=32 obstacle=0 mode=turn_right p=0.19403 risk=0.0127209 q=0.571806 delta_q=0.377776 q_times_S=22.8722
[DRO SAMPLE] step=32 obstacle=0 mode=constant_velocity q=0 q_times_S=0 first_count=0 first_fraction=0 occupancy=0 occupancy_fraction=0
[DRO SAMPLE] step=32 obstacle=0 mode=turn_left q=0.428194 q_times_S=17.1278 first_count=14 first_fraction=0.35 occupancy=112 occupancy_fraction=0.35
[DRO SAMPLE] step=32 obstacle=0 mode=turn_right q=0.571806 q_times_S=22.8722 first_count=26 first_fraction=0.65 occupancy=208 occupancy_fraction=0.65
[RF BACKUP] available=1 controls=8 states=9
[FREE POLY] k=1 disc=0 raw=40 facets=2 vertices=6 rho=4.8 anchor_shift=0
[FREE POLY] k=1 disc=1 raw=40 facets=2 vertices=6 rho=0.800001 anchor_shift=0
[FREE POLY] k=1 disc=2 raw=40 facets=4 vertices=7 rho=4.8 anchor_shift=0
[FREE POLY] k=2 disc=0 raw=40 facets=2 vertices=5 rho=5.6 anchor_shift=0
[FREE POLY] k=2 disc=1 raw=40 facets=3 vertices=7 rho=1.6 anchor_shift=0
[FREE POLY] k=2 disc=2 raw=40 facets=4 vertices=7 rho=5.6 anchor_shift=0
[FREE POLY] k=3 disc=0 raw=40 facets=2 vertices=5 rho=6.4 anchor_shift=0
[FREE POLY] k=3 disc=1 raw=40 facets=2 vertices=5 rho=2.4 anchor_shift=0
[FREE POLY] k=3 disc=2 raw=40 facets=3 vertices=6 rho=6.4 anchor_shift=0
[FREE POLY] k=4 disc=0 raw=40 facets=3 vertices=6 rho=7.2 anchor_shift=0
[FREE POLY] k=4 disc=1 raw=40 facets=3 vertices=6 rho=3.2 anchor_shift=0
[FREE POLY] k=4 disc=2 raw=40 facets=3 vertices=6 rho=7.2 anchor_shift=0
[FREE POLY] k=5 disc=0 raw=40 facets=5 vertices=8 rho=8 anchor_shift=0
[FREE POLY] k=5 disc=1 raw=40 facets=3 vertices=6 rho=4 anchor_shift=0
[FREE POLY] k=5 disc=2 raw=40 facets=3 vertices=6 rho=8 anchor_shift=0
[FREE POLY] k=6 disc=0 raw=40 facets=5 vertices=8 rho=8.8 anchor_shift=0
[FREE POLY] k=6 disc=1 raw=40 facets=3 vertices=6 rho=4.8 anchor_shift=0
[FREE POLY] k=6 disc=2 raw=40 facets=4 vertices=7 rho=8.8 anchor_shift=0
[FREE POLY] k=7 disc=0 raw=40 facets=6 vertices=9 rho=9.6 anchor_shift=0
[FREE POLY] k=7 disc=1 raw=40 facets=4 vertices=7 rho=5.6 anchor_shift=0
[FREE POLY] k=7 disc=2 raw=40 facets=5 vertices=8 rho=9.6 anchor_shift=0
[FREE POLY] k=8 disc=0 raw=40 facets=6 vertices=9 rho=10.4 anchor_shift=0
[FREE POLY] k=8 disc=1 raw=40 facets=5 vertices=8 rho=6.4 anchor_shift=0
[FREE POLY] k=8 disc=2 raw=40 facets=5 vertices=8 rho=10.4 anchor_shift=0
[RF SUPPORT SEED] removed=0 support_limit=-1
[SQP] before_solve iter=0 vars=16 constraints=119 max_d=-0.0701432
[QP WORST] iter=0 row=44 type=collision d=-0.0701432
[QP WORST COLLISION] scenario=12 k=6 obstacle=0 disc=0
[SQP] after_solve iter=0 converged=1 status=0 iterations=4 primal_residual=4.30211e-16 dual_residual=5.02296e-05 x_size=16 x_finite=1
[SQP LINESEARCH] iter=0 current_violation=0 accepted_violation=0 accepted=1 alpha=1 delta_u_norm=0.438248
[SQP SUPPORT] iter=0 support_size=0 support_limit=-1 support_ok=1
[SQP] before_solve iter=1 vars=16 constraints=119 max_d=-0.000433287
[QP WORST] iter=1 row=71 type=collision d=-0.000433287
[QP WORST COLLISION] scenario=4 k=8 obstacle=0 disc=0
[SQP] after_solve iter=1 converged=1 status=0 iterations=5 primal_residual=4.4062e-16 dual_residual=1.37829e-05 x_size=16 x_finite=1
[SQP LINESEARCH] iter=1 current_violation=0 accepted_violation=0 accepted=1 alpha=1 delta_u_norm=0.262955
[SQP SUPPORT] iter=1 support_size=0 support_limit=-1 support_ok=1
[SQP] before_solve iter=2 vars=16 constraints=119 max_d=-3.18359e-05
[QP WORST] iter=2 row=71 type=collision d=-3.18359e-05
[QP WORST COLLISION] scenario=4 k=8 obstacle=0 disc=0
[SQP] after_solve iter=2 converged=1 status=0 iterations=5 primal_residual=4.34008e-16 dual_residual=6.82473e-06 x_size=16 x_finite=1
[SQP LINESEARCH] iter=2 current_violation=0 accepted_violation=0 accepted=1 alpha=1 delta_u_norm=0.211037
[SQP SUPPORT] iter=2 support_size=0 support_limit=-1 support_ok=1
[SQP] before_solve iter=3 vars=16 constraints=119 max_d=-1.13562e-05
[QP WORST] iter=3 row=71 type=collision d=-1.13562e-05
[QP WORST COLLISION] scenario=4 k=8 obstacle=0 disc=0
[SQP] after_solve iter=3 converged=1 status=0 iterations=5 primal_residual=4.38126e-16 dual_residual=3.95948e-06 x_size=16 x_finite=1
[SQP LINESEARCH] iter=3 current_violation=0 accepted_violation=0 accepted=1 alpha=1 delta_u_norm=0.192197
[SQP SUPPORT] iter=3 support_size=0 support_limit=-1 support_ok=1
[SQP] before_solve iter=4 vars=16 constraints=119 max_d=-3.98132e-06
[QP WORST] iter=4 row=71 type=collision d=-3.98132e-06
[QP WORST COLLISION] scenario=4 k=8 obstacle=0 disc=0
[SQP] after_solve iter=4 converged=1 status=0 iterations=5 primal_residual=3.85109e-16 dual_residual=1.4689e-05 x_size=16 x_finite=1
[SQP LINESEARCH] iter=4 current_violation=0 accepted_violation=0 accepted=1 alpha=1 delta_u_norm=0.175535
[SQP SUPPORT] iter=4 support_size=0 support_limit=-1 support_ok=1
[SQP] before_solve iter=5 vars=16 constraints=119 max_d=-4.34915e-06
[QP WORST] iter=5 row=71 type=collision d=-4.34915e-06
[QP WORST COLLISION] scenario=4 k=8 obstacle=0 disc=0
[SQP] after_solve iter=5 converged=1 status=0 iterations=5 primal_residual=4.15335e-16 dual_residual=1.78786e-05 x_size=16 x_finite=1
[SQP LINESEARCH] iter=5 current_violation=0 accepted_violation=0 accepted=1 alpha=1 delta_u_norm=0.14796
[SQP SUPPORT] iter=5 support_size=0 support_limit=-1 support_ok=1
[SQP] before_solve iter=6 vars=16 constraints=119 max_d=-5.64813e-06
[QP WORST] iter=6 row=57 type=collision d=-5.64813e-06
[QP WORST COLLISION] scenario=12 k=7 obstacle=0 disc=0
[SQP] after_solve iter=6 converged=1 status=0 iterations=5 primal_residual=3.70797e-16 dual_residual=2.13433e-05 x_size=16 x_finite=1
[SQP LINESEARCH] iter=6 current_violation=0 accepted_violation=0 accepted=1 alpha=1 delta_u_norm=0.130022
[SQP SUPPORT] iter=6 support_size=0 support_limit=-1 support_ok=1
[SQP] before_solve iter=7 vars=16 constraints=119 max_d=-3.28188e-06
[QP WORST] iter=7 row=57 type=collision d=-3.28188e-06
[QP WORST COLLISION] scenario=12 k=7 obstacle=0 disc=0
[SQP] after_solve iter=7 converged=1 status=0 iterations=5 primal_residual=4.26742e-16 dual_residual=9.85641e-06 x_size=16 x_finite=1
[SQP LINESEARCH] iter=7 current_violation=0 accepted_violation=0 accepted=1 alpha=1 delta_u_norm=0.11657
[SQP SUPPORT] iter=7 support_size=0 support_limit=-1 support_ok=1
[SQP] before_solve iter=8 vars=16 constraints=119 max_d=-1.25916e-06
[QP WORST] iter=8 row=57 type=collision d=-1.25916e-06
[QP WORST COLLISION] scenario=12 k=7 obstacle=0 disc=0
[SQP] after_solve iter=8 converged=1 status=0 iterations=5 primal_residual=3.70797e-16 dual_residual=5.35686e-06 x_size=16 x_finite=1
[SQP LINESEARCH] iter=8 current_violation=0 accepted_violation=0 accepted=1 alpha=1 delta_u_norm=0.107648
[SQP SUPPORT] iter=8 support_size=0 support_limit=-1 support_ok=1
[SQP] before_solve iter=9 vars=16 constraints=119 max_d=-3.53747e-07
[QP WORST] iter=9 row=57 type=collision d=-3.53747e-07
[QP WORST COLLISION] scenario=12 k=7 obstacle=0 disc=0
[SQP] after_solve iter=9 converged=1 status=0 iterations=5 primal_residual=3.232e-12 dual_residual=3.85805e-06 x_size=16 x_finite=1
[SQP LINESEARCH] iter=9 current_violation=0 accepted_violation=0 accepted=1 alpha=1 delta_u_norm=0.101114
[SQP SUPPORT] iter=9 support_size=0 support_limit=-1 support_ok=1
[SQP FINAL] final_violation=0 violated_constraints=0
[SUPPORT FINAL] sqp_union=0 final_active=2 support_limit=-1
[SUPPORT FINAL IDS] 4 12
[SUPPORT UNION IDS]
[COLD START RECOVERY CHECK] ordinary_sqp_failed=0 seed_available=1 incompatible=0 try_homotopy=0
[HARNESS RESULT] step=31 success=1 controls=8 first_input_present=1
[MPC STEP METRICS] step=31 applied=1 success=1 fallback=0 a=0.257046 omega=0.799995 dt=0.1 acceleration_weight=0.1 steering_weight=0.1 control_cost_unweighted=0.706065 control_cost_weighted=0.0706065 mpc_cost=-12.5039 solve_time=0.0378332 qp_solve_time=0.0243521 constraint_time=0.00742008 dro_risk_time=0.000406952 ambiguity_radius=0.00238263 certificate=not_requested
[EVAL SAFETY] step=32 min_center_distance=1.2981 min_clearance=0.348102 collision_this_step=0 collision_run=0 collision_radius=0.95
[DRO SUMMARY] step=33 obstacle=0 S=40 rho=0.00236194 rho_raw=0.00236194 D_max=0.0115351 D_min=0.00578169 tv_bound=0.408521 eta=0.204761 eta_raw=0.204761 radius_m=33 radius_d=3 transport_cost=0.00236194 budget_usage=1 lambda=2.44306 q_support=3 nominal_risk=0.0673824 qstar_risk=0.0731528 risk_lift=0.00577036 tv=0.408521
[DRO MODE] step=33 obstacle=0 mode=constant_velocity p=0.333333 risk=0.070841 q=0.741855 delta_q=0.408521 q_times_S=29.6742
[DRO MODE] step=33 obstacle=0 mode=turn_left p=0.449275 risk=0.056716 q=0.040754 delta_q=-0.408521 q_times_S=1.63016
[DRO MODE] step=33 obstacle=0 mode=turn_right p=0.217391 risk=0.0841234 q=0.217391 delta_q=2.77556e-17 q_times_S=8.69565
[DRO SAMPLE] step=33 obstacle=0 mode=constant_velocity q=0.741855 q_times_S=29.6742 first_count=26 first_fraction=0.65 occupancy=208 occupancy_fraction=0.65
[DRO SAMPLE] step=33 obstacle=0 mode=turn_left q=0.040754 q_times_S=1.63016 first_count=2 first_fraction=0.05 occupancy=16 occupancy_fraction=0.05
[DRO SAMPLE] step=33 obstacle=0 mode=turn_right q=0.217391 q_times_S=8.69565 first_count=12 first_fraction=0.3 occupancy=96 occupancy_fraction=0.3
[RF BACKUP] available=1 controls=8 states=9
[FREE POLY] k=1 disc=0 raw=40 facets=4 vertices=7 rho=4.8 anchor_shift=0
[FREE POLY] k=1 disc=1 raw=40 facets=2 vertices=6 rho=0.800001 anchor_shift=0
[FREE POLY] k=1 disc=2 raw=40 facets=3 vertices=6 rho=4.8 anchor_shift=0
[FREE POLY] k=2 disc=0 raw=40 facets=4 vertices=7 rho=5.6 anchor_shift=0
[FREE POLY] k=2 disc=1 raw=40 facets=2 vertices=6 rho=1.6 anchor_shift=0
[FREE POLY] k=2 disc=2 raw=40 facets=3 vertices=6 rho=5.6 anchor_shift=0
[FREE POLY] k=3 disc=0 raw=40 facets=4 vertices=7 rho=6.4 anchor_shift=0
[FREE POLY] k=3 disc=1 raw=40 facets=5 vertices=8 rho=2.4 anchor_shift=0
[FREE POLY] k=3 disc=2 raw=40 facets=5 vertices=8 rho=6.4 anchor_shift=0
[FREE POLY] k=4 disc=0 raw=40 facets=3 vertices=6 rho=7.2 anchor_shift=0
[FREE POLY] k=4 disc=1 raw=40 facets=3 vertices=6 rho=3.2 anchor_shift=0
[FREE POLY] k=4 disc=2 raw=40 facets=3 vertices=6 rho=7.2 anchor_shift=0
[FREE POLY] k=5 disc=0 raw=40 facets=3 vertices=6 rho=8 anchor_shift=0
[FREE POLY] k=5 disc=1 raw=40 facets=4 vertices=7 rho=4 anchor_shift=0
[FREE POLY] k=5 disc=2 raw=40 facets=4 vertices=7 rho=8 anchor_shift=0
[FREE POLY] k=6 disc=0 raw=40 facets=3 vertices=6 rho=8.8 anchor_shift=0
[FREE POLY] k=6 disc=1 raw=40 facets=4 vertices=7 rho=4.8 anchor_shift=0
[FREE POLY] k=6 disc=2 raw=40 facets=4 vertices=7 rho=8.8 anchor_shift=0
[FREE POLY] k=7 disc=0 raw=40 facets=5 vertices=8 rho=9.6 anchor_shift=0
[FREE POLY] k=7 disc=1 raw=40 facets=3 vertices=6 rho=5.6 anchor_shift=0
[FREE POLY] k=7 disc=2 raw=40 facets=4 vertices=7 rho=9.6 anchor_shift=0
[FREE POLY] k=8 disc=0 raw=40 facets=4 vertices=7 rho=10.4 anchor_shift=0
[FREE POLY] k=8 disc=1 raw=40 facets=3 vertices=6 rho=6.4 anchor_shift=0
[FREE POLY] k=8 disc=2 raw=40 facets=4 vertices=7 rho=10.4 anchor_shift=0
[RF SUPPORT SEED] removed=0 support_limit=-1
[SQP] before_solve iter=0 vars=16 constraints=118 max_d=0.0119221
[QP WORST] iter=0 row=78 type=collision d=0.0119221
[QP WORST COLLISION] scenario=38 k=8 obstacle=0 disc=0
[SQP] after_solve iter=0 converged=1 status=0 iterations=5 primal_residual=4.04111e-09 dual_residual=1.82411e-05 x_size=16 x_finite=1
[SQP LINESEARCH] iter=0 current_violation=0.0119221 accepted_violation=0.000307952 accepted=1 alpha=1 delta_u_norm=0.313029
[SQP SUPPORT] iter=0 support_size=0 support_limit=-1 support_ok=1
[SQP] before_solve iter=1 vars=16 constraints=118 max_d=0.000307952
[QP WORST] iter=1 row=78 type=collision d=0.000307952
[QP WORST COLLISION] scenario=38 k=8 obstacle=0 disc=0
[SQP] after_solve iter=1 converged=1 status=0 iterations=5 primal_residual=7.10099e-10 dual_residual=1.45922e-05 x_size=16 x_finite=1
[SQP LINESEARCH] iter=1 current_violation=0.000307952 accepted_violation=0 accepted=1 alpha=1 delta_u_norm=0.188529
[SQP SUPPORT] iter=1 support_size=0 support_limit=-1 support_ok=1
[SQP] before_solve iter=2 vars=16 constraints=118 max_d=-9.68573e-07
[QP WORST] iter=2 row=78 type=collision d=-9.68573e-07
[QP WORST COLLISION] scenario=38 k=8 obstacle=0 disc=0
[SQP] after_solve iter=2 converged=1 status=0 iterations=5 primal_residual=1.26892e-09 dual_residual=2.18791e-05 x_size=16 x_finite=1
[SQP LINESEARCH] iter=2 current_violation=0 accepted_violation=0 accepted=1 alpha=1 delta_u_norm=0.166312
[SQP SUPPORT] iter=2 support_size=0 support_limit=-1 support_ok=1
[SQP] before_solve iter=3 vars=16 constraints=118 max_d=-1.30675e-05
[QP WORST] iter=3 row=78 type=collision d=-1.30675e-05
[QP WORST COLLISION] scenario=38 k=8 obstacle=0 disc=0
[SQP] after_solve iter=3 converged=1 status=0 iterations=5 primal_residual=9.23391e-10 dual_residual=9.1581e-06 x_size=16 x_finite=1
[SQP LINESEARCH] iter=3 current_violation=0 accepted_violation=0 accepted=1 alpha=1 delta_u_norm=0.150197
[SQP SUPPORT] iter=3 support_size=0 support_limit=-1 support_ok=1
[SQP] before_solve iter=4 vars=16 constraints=118 max_d=-1.04105e-05
[QP WORST] iter=4 row=78 type=collision d=-1.04105e-05
[QP WORST COLLISION] scenario=38 k=8 obstacle=0 disc=0
[SQP] after_solve iter=4 converged=1 status=0 iterations=4 primal_residual=1.6599e-07 dual_residual=9.61315e-05 x_size=16 x_finite=1
[SQP LINESEARCH] iter=4 current_violation=0 accepted_violation=0 accepted=1 alpha=1 delta_u_norm=0.138359
[SQP SUPPORT] iter=4 support_size=0 support_limit=-1 support_ok=1
[SQP] before_solve iter=5 vars=16 constraints=118 max_d=-4.71472e-06
[QP WORST] iter=5 row=64 type=collision d=-4.71472e-06
[QP WORST COLLISION] scenario=10 k=7 obstacle=0 disc=0
[SQP] after_solve iter=5 converged=1 status=0 iterations=5 primal_residual=1.57936e-09 dual_residual=9.5256e-06 x_size=16 x_finite=1
[SQP LINESEARCH] iter=5 current_violation=0 accepted_violation=0 accepted=1 alpha=1 delta_u_norm=0.128993
[SQP SUPPORT] iter=5 support_size=0 support_limit=-1 support_ok=1
[SQP] before_solve iter=6 vars=16 constraints=118 max_d=-1.00961e-05
[QP WORST] iter=6 row=78 type=collision d=-1.00961e-05
[QP WORST COLLISION] scenario=38 k=8 obstacle=0 disc=0
[SQP] after_solve iter=6 converged=1 status=0 iterations=4 primal_residual=2.2908e-07 dual_residual=8.05016e-05 x_size=16 x_finite=1
[SQP LINESEARCH] iter=6 current_violation=0 accepted_violation=0 accepted=1 alpha=1 delta_u_norm=0.121007
[SQP SUPPORT] iter=6 support_size=0 support_limit=-1 support_ok=1
[SQP] before_solve iter=7 vars=16 constraints=118 max_d=-4.10466e-06
[QP WORST] iter=7 row=64 type=collision d=-4.10466e-06
[QP WORST COLLISION] scenario=10 k=7 obstacle=0 disc=0
[SQP] after_solve iter=7 converged=1 status=0 iterations=4 primal_residual=2.86646e-07 dual_residual=8.66054e-05 x_size=16 x_finite=1
[SQP LINESEARCH] iter=7 current_violation=0 accepted_violation=0 accepted=1 alpha=1 delta_u_norm=0.112935
[SQP SUPPORT] iter=7 support_size=0 support_limit=-1 support_ok=1
[SQP] before_solve iter=8 vars=16 constraints=118 max_d=-4.8874e-06
[QP WORST] iter=8 row=64 type=collision d=-4.8874e-06
[QP WORST COLLISION] scenario=10 k=7 obstacle=0 disc=0
[SQP] after_solve iter=8 converged=1 status=0 iterations=4 primal_residual=2.9353e-07 dual_residual=8.54568e-05 x_size=16 x_finite=1
[SQP LINESEARCH] iter=8 current_violation=0 accepted_violation=0 accepted=1 alpha=1 delta_u_norm=0.106731
[SQP SUPPORT] iter=8 support_size=0 support_limit=-1 support_ok=1
[SQP] before_solve iter=9 vars=16 constraints=118 max_d=-4.88677e-06
[QP WORST] iter=9 row=64 type=collision d=-4.88677e-06
[QP WORST COLLISION] scenario=10 k=7 obstacle=0 disc=0
[SQP] after_solve iter=9 converged=1 status=0 iterations=4 primal_residual=2.93347e-07 dual_residual=8.53685e-05 x_size=16 x_finite=1
[SQP LINESEARCH] iter=9 current_violation=0 accepted_violation=0 accepted=1 alpha=1 delta_u_norm=0.101082
[SQP SUPPORT] iter=9 support_size=0 support_limit=-1 support_ok=1
[SQP FINAL] final_violation=0 violated_constraints=0
[SUPPORT FINAL] sqp_union=0 final_active=2 support_limit=-1
[SUPPORT FINAL IDS] 10 38
[SUPPORT UNION IDS]
[COLD START RECOVERY CHECK] ordinary_sqp_failed=0 seed_available=1 incompatible=0 try_homotopy=0
[HARNESS RESULT] step=32 success=1 controls=8 first_input_present=1
[MPC STEP METRICS] step=32 applied=1 success=1 fallback=0 a=0.126994 omega=0.799481 dt=0.1 acceleration_weight=0.1 steering_weight=0.1 control_cost_unweighted=0.655296 control_cost_weighted=0.0655296 mpc_cost=-13.1497 solve_time=0.0388634 qp_solve_time=0.0253964 constraint_time=0.0074051 dro_risk_time=0.000410659 ambiguity_radius=0.00236194 certificate=not_requested
[EVAL SAFETY] step=33 min_center_distance=1.40306 min_clearance=0.453061 collision_this_step=0 collision_run=0 collision_radius=0.95
[DRO SUMMARY] step=34 obstacle=0 S=40 rho=0.00233744 rho_raw=0.00233744 D_max=0.0115351 D_min=0.00578169 tv_bound=0.404284 eta=0.202638 eta_raw=0.202638 radius_m=34 radius_d=3 transport_cost=0.00233744 budget_usage=1 lambda=1.88514 q_support=3 nominal_risk=0.0254438 qstar_risk=0.0298502 risk_lift=0.00440641 tv=0.404284
[DRO MODE] step=34 obstacle=0 mode=constant_velocity p=0.323944 risk=0.0277446 q=0.728228 delta_q=0.404284 q_times_S=29.1291
[DRO MODE] step=34 obstacle=0 mode=turn_left p=0.43662 risk=0.0168453 q=0.0323357 delta_q=-0.404284 q_times_S=1.29343
[DRO MODE] step=34 obstacle=0 mode=turn_right p=0.239437 risk=0.0380104 q=0.239437 delta_q=0 q_times_S=9.57746
[DRO SAMPLE] step=34 obstacle=0 mode=constant_velocity q=0.728228 q_times_S=29.1291 first_count=29 first_fraction=0.725 occupancy=232 occupancy_fraction=0.725
[DRO SAMPLE] step=34 obstacle=0 mode=turn_left q=0.0323357 q_times_S=1.29343 first_count=1 first_fraction=0.025 occupancy=8 occupancy_fraction=0.025
[DRO SAMPLE] step=34 obstacle=0 mode=turn_right q=0.239437 q_times_S=9.57746 first_count=10 first_fraction=0.25 occupancy=80 occupancy_fraction=0.25
[RF BACKUP] available=1 controls=8 states=9
[FREE POLY] k=1 disc=0 raw=40 facets=6 vertices=9 rho=4.8 anchor_shift=0
[FREE POLY] k=1 disc=1 raw=40 facets=1 vertices=5 rho=0.800001 anchor_shift=0
[FREE POLY] k=1 disc=2 raw=40 facets=3 vertices=6 rho=4.8 anchor_shift=0
[FREE POLY] k=2 disc=0 raw=40 facets=4 vertices=7 rho=5.6 anchor_shift=0
[FREE POLY] k=2 disc=1 raw=40 facets=2 vertices=6 rho=1.6 anchor_shift=0
[FREE POLY] k=2 disc=2 raw=40 facets=2 vertices=5 rho=5.6 anchor_shift=0
[FREE POLY] k=3 disc=0 raw=40 facets=4 vertices=7 rho=6.4 anchor_shift=0
[FREE POLY] k=3 disc=1 raw=40 facets=2 vertices=5 rho=2.4 anchor_shift=0
[FREE POLY] k=3 disc=2 raw=40 facets=2 vertices=5 rho=6.4 anchor_shift=0
[FREE POLY] k=4 disc=0 raw=40 facets=4 vertices=7 rho=7.2 anchor_shift=0
[FREE POLY] k=4 disc=1 raw=40 facets=2 vertices=5 rho=3.2 anchor_shift=0
[FREE POLY] k=4 disc=2 raw=40 facets=2 vertices=5 rho=7.2 anchor_shift=0
[FREE POLY] k=5 disc=0 raw=40 facets=6 vertices=9 rho=8 anchor_shift=0
[FREE POLY] k=5 disc=1 raw=40 facets=3 vertices=6 rho=4 anchor_shift=0
[FREE POLY] k=5 disc=2 raw=40 facets=5 vertices=8 rho=8 anchor_shift=0
[FREE POLY] k=6 disc=0 raw=40 facets=7 vertices=10 rho=8.8 anchor_shift=0
[FREE POLY] k=6 disc=1 raw=40 facets=5 vertices=8 rho=4.8 anchor_shift=0
[FREE POLY] k=6 disc=2 raw=40 facets=5 vertices=8 rho=8.8 anchor_shift=0
[FREE POLY] k=7 disc=0 raw=40 facets=5 vertices=8 rho=9.6 anchor_shift=0
[FREE POLY] k=7 disc=1 raw=40 facets=4 vertices=7 rho=5.6 anchor_shift=0
[FREE POLY] k=7 disc=2 raw=40 facets=4 vertices=7 rho=9.6 anchor_shift=0
[FREE POLY] k=8 disc=0 raw=40 facets=4 vertices=7 rho=10.4 anchor_shift=0
[FREE POLY] k=8 disc=1 raw=40 facets=3 vertices=6 rho=6.4 anchor_shift=0
[FREE POLY] k=8 disc=2 raw=40 facets=3 vertices=6 rho=10.4 anchor_shift=0
[RF SUPPORT SEED] removed=0 support_limit=-1
[SQP] before_solve iter=0 vars=16 constraints=120 max_d=-0.0264845
[QP WORST] iter=0 row=38 type=collision d=-0.0264845
[QP WORST COLLISION] scenario=21 k=5 obstacle=0 disc=0
[SQP] after_solve iter=0 converged=1 status=0 iterations=4 primal_residual=7.77458e-09 dual_residual=6.36253e-05 x_size=16 x_finite=1
[SQP LINESEARCH] iter=0 current_violation=0 accepted_violation=0 accepted=1 alpha=1 delta_u_norm=0.40255
[SQP SUPPORT] iter=0 support_size=0 support_limit=-1 support_ok=1
[SQP] before_solve iter=1 vars=16 constraints=120 max_d=-0.000359293
[QP WORST] iter=1 row=68 type=collision d=-0.000359293
[QP WORST COLLISION] scenario=31 k=7 obstacle=0 disc=0
[SQP] after_solve iter=1 converged=1 status=0 iterations=4 primal_residual=1.22272e-07 dual_residual=6.74648e-05 x_size=16 x_finite=1
[SQP LINESEARCH] iter=1 current_violation=0 accepted_violation=0 accepted=1 alpha=0.5 delta_u_norm=0.202548
[SQP SUPPORT] iter=1 support_size=0 support_limit=-1 support_ok=1
[SQP] before_solve iter=2 vars=16 constraints=120 max_d=-0.000173927
[QP WORST] iter=2 row=68 type=collision d=-0.000173927
[QP WORST COLLISION] scenario=31 k=7 obstacle=0 disc=0
[SQP] after_solve iter=2 converged=1 status=0 iterations=4 primal_residual=1.30398e-07 dual_residual=6.62374e-05 x_size=16 x_finite=1
[SQP LINESEARCH] iter=2 current_violation=0 accepted_violation=0 accepted=1 alpha=0.5 delta_u_norm=0.179401
[SQP SUPPORT] iter=2 support_size=0 support_limit=-1 support_ok=1
[SQP] before_solve iter=3 vars=16 constraints=120 max_d=-8.61806e-05
[QP WORST] iter=3 row=68 type=collision d=-8.61806e-05
[QP WORST COLLISION] scenario=31 k=7 obstacle=0 disc=0
[SQP] after_solve iter=3 converged=1 status=0 iterations=4 primal_residual=1.31344e-07 dual_residual=6.33875e-05 x_size=16 x_finite=1
[SQP LINESEARCH] iter=3 current_violation=0 accepted_violation=0 accepted=1 alpha=1 delta_u_norm=0.166096
[SQP SUPPORT] iter=3 support_size=0 support_limit=-1 support_ok=1
[SQP] before_solve iter=4 vars=16 constraints=120 max_d=-4.79895e-07
[QP WORST] iter=4 row=68 type=collision d=-4.79895e-07
[QP WORST COLLISION] scenario=31 k=7 obstacle=0 disc=0
[SQP] after_solve iter=4 converged=1 status=0 iterations=4 primal_residual=1.74923e-07 dual_residual=7.45054e-05 x_size=16 x_finite=1
[SQP LINESEARCH] iter=4 current_violation=0 accepted_violation=0 accepted=1 alpha=1 delta_u_norm=0.149308
[SQP SUPPORT] iter=4 support_size=0 support_limit=-1 support_ok=1
[SQP] before_solve iter=5 vars=16 constraints=120 max_d=-1.1238e-05
[QP WORST] iter=5 row=53 type=collision d=-1.1238e-05
[QP WORST COLLISION] scenario=31 k=6 obstacle=0 disc=0
[SQP] after_solve iter=5 converged=1 status=0 iterations=4 primal_residual=1.93069e-07 dual_residual=8.28239e-05 x_size=16 x_finite=1
[SQP LINESEARCH] iter=5 current_violation=0 accepted_violation=0 accepted=1 alpha=1 delta_u_norm=0.138556
[SQP SUPPORT] iter=5 support_size=0 support_limit=-1 support_ok=1
[SQP] before_solve iter=6 vars=16 constraints=120 max_d=-1.20139e-05
[QP WORST] iter=6 row=53 type=collision d=-1.20139e-05
[QP WORST COLLISION] scenario=31 k=6 obstacle=0 disc=0
[SQP] after_solve iter=6 converged=1 status=0 iterations=4 primal_residual=1.95573e-07 dual_residual=9.06968e-05 x_size=16 x_finite=1
[SQP LINESEARCH] iter=6 current_violation=0 accepted_violation=0 accepted=1 alpha=1 delta_u_norm=0.129607
[SQP SUPPORT] iter=6 support_size=0 support_limit=-1 support_ok=1
[SQP] before_solve iter=7 vars=16 constraints=120 max_d=-1.22605e-05
[QP WORST] iter=7 row=53 type=collision d=-1.22605e-05
[QP WORST COLLISION] scenario=31 k=6 obstacle=0 disc=0
[SQP] after_solve iter=7 converged=1 status=0 iterations=4 primal_residual=1.94053e-07 dual_residual=9.6182e-05 x_size=16 x_finite=1
[SQP LINESEARCH] iter=7 current_violation=0 accepted_violation=0 accepted=1 alpha=1 delta_u_norm=0.121722
[SQP SUPPORT] iter=7 support_size=0 support_limit=-1 support_ok=1
[SQP] before_solve iter=8 vars=16 constraints=120 max_d=-1.23607e-05
[QP WORST] iter=8 row=53 type=collision d=-1.23607e-05
[QP WORST COLLISION] scenario=31 k=6 obstacle=0 disc=0
[SQP] after_solve iter=8 converged=1 status=0 iterations=4 primal_residual=1.98301e-07 dual_residual=9.96075e-05 x_size=16 x_finite=1
[SQP LINESEARCH] iter=8 current_violation=0 accepted_violation=0 accepted=1 alpha=1 delta_u_norm=0.114611
[SQP SUPPORT] iter=8 support_size=0 support_limit=-1 support_ok=1
[SQP] before_solve iter=9 vars=16 constraints=120 max_d=-1.23469e-05
[QP WORST] iter=9 row=53 type=collision d=-1.23469e-05
[QP WORST COLLISION] scenario=31 k=6 obstacle=0 disc=0
[SQP] after_solve iter=9 converged=1 status=0 iterations=5 primal_residual=8.67248e-10 dual_residual=1.46413e-05 x_size=16 x_finite=1
[SQP LINESEARCH] iter=9 current_violation=0 accepted_violation=0 accepted=1 alpha=1 delta_u_norm=0.113957
[SQP SUPPORT] iter=9 support_size=0 support_limit=-1 support_ok=1
[SQP FINAL] final_violation=0 violated_constraints=0
[SUPPORT FINAL] sqp_union=0 final_active=1 support_limit=-1
[SUPPORT FINAL IDS] 31
[SUPPORT UNION IDS]
[COLD START RECOVERY CHECK] ordinary_sqp_failed=0 seed_available=1 incompatible=0 try_homotopy=0
[HARNESS RESULT] step=33 success=1 controls=8 first_input_present=1
[MPC STEP METRICS] step=33 applied=1 success=1 fallback=0 a=-0.00796323 omega=0.799939 dt=0.1 acceleration_weight=0.1 steering_weight=0.1 control_cost_unweighted=0.639965 control_cost_weighted=0.0639965 mpc_cost=-13.8054 solve_time=0.0390406 qp_solve_time=0.0250469 constraint_time=0.00719846 dro_risk_time=0.00117451 ambiguity_radius=0.00233744 certificate=not_requested
[EVAL SAFETY] step=34 min_center_distance=1.51552 min_clearance=0.565515 collision_this_step=0 collision_run=0 collision_radius=0.95
[DRO SUMMARY] step=35 obstacle=0 S=40 rho=0.00230858 rho_raw=0.00230858 D_max=0.0115351 D_min=0.00578169 tv_bound=0.399292 eta=0.200136 eta_raw=0.200136 radius_m=35 radius_d=3 transport_cost=0.00230858 budget_usage=1 lambda=1.78562 q_support=3 nominal_risk=0.0475755 qstar_risk=0.0516977 risk_lift=0.00412225 tv=0.399292
[DRO MODE] step=35 obstacle=0 mode=constant_velocity p=0.315068 risk=0.0500755 q=0.714361 delta_q=0.399292 q_times_S=28.5744
[DRO MODE] step=35 obstacle=0 mode=turn_left p=0.452055 risk=0.0397516 q=0.0527626 delta_q=-0.399292 q_times_S=2.1105
[DRO MODE] step=35 obstacle=0 mode=turn_right p=0.232877 risk=0.0593805 q=0.232877 delta_q=0 q_times_S=9.31507
[DRO SAMPLE] step=35 obstacle=0 mode=constant_velocity q=0.714361 q_times_S=28.5744 first_count=28 first_fraction=0.7 occupancy=224 occupancy_fraction=0.7
[DRO SAMPLE] step=35 obstacle=0 mode=turn_left q=0.0527626 q_times_S=2.1105 first_count=1 first_fraction=0.025 occupancy=8 occupancy_fraction=0.025
[DRO SAMPLE] step=35 obstacle=0 mode=turn_right q=0.232877 q_times_S=9.31507 first_count=11 first_fraction=0.275 occupancy=88 occupancy_fraction=0.275
[RF BACKUP] available=1 controls=8 states=9
[FREE POLY] k=1 disc=0 raw=40 facets=6 vertices=9 rho=4.8 anchor_shift=0
[FREE POLY] k=1 disc=1 raw=40 facets=2 vertices=6 rho=0.800001 anchor_shift=0
[FREE POLY] k=1 disc=2 raw=40 facets=2 vertices=5 rho=4.8 anchor_shift=0
[FREE POLY] k=2 disc=0 raw=40 facets=6 vertices=9 rho=5.6 anchor_shift=0
[FREE POLY] k=2 disc=1 raw=40 facets=3 vertices=6 rho=1.6 anchor_shift=0
[FREE POLY] k=2 disc=2 raw=40 facets=3 vertices=6 rho=5.6 anchor_shift=0
[FREE POLY] k=3 disc=0 raw=40 facets=6 vertices=9 rho=6.4 anchor_shift=0
[FREE POLY] k=3 disc=1 raw=40 facets=4 vertices=7 rho=2.4 anchor_shift=0
[FREE POLY] k=3 disc=2 raw=40 facets=3 vertices=6 rho=6.4 anchor_shift=0
[FREE POLY] k=4 disc=0 raw=40 facets=6 vertices=9 rho=7.2 anchor_shift=0
[FREE POLY] k=4 disc=1 raw=40 facets=3 vertices=6 rho=3.2 anchor_shift=0
[FREE POLY] k=4 disc=2 raw=40 facets=3 vertices=6 rho=7.2 anchor_shift=0
[FREE POLY] k=5 disc=0 raw=40 facets=6 vertices=9 rho=8 anchor_shift=0
[FREE POLY] k=5 disc=1 raw=40 facets=3 vertices=6 rho=4 anchor_shift=0
[FREE POLY] k=5 disc=2 raw=40 facets=3 vertices=6 rho=8 anchor_shift=0
[FREE POLY] k=6 disc=0 raw=40 facets=4 vertices=7 rho=8.8 anchor_shift=0
[FREE POLY] k=6 disc=1 raw=40 facets=3 vertices=6 rho=4.8 anchor_shift=0
[FREE POLY] k=6 disc=2 raw=40 facets=3 vertices=6 rho=8.8 anchor_shift=0
[FREE POLY] k=7 disc=0 raw=40 facets=4 vertices=7 rho=9.6 anchor_shift=0
[FREE POLY] k=7 disc=1 raw=40 facets=3 vertices=6 rho=5.6 anchor_shift=0
[FREE POLY] k=7 disc=2 raw=40 facets=3 vertices=6 rho=9.6 anchor_shift=0
[FREE POLY] k=8 disc=0 raw=40 facets=4 vertices=6 rho=10.4 anchor_shift=0
[FREE POLY] k=8 disc=1 raw=40 facets=3 vertices=6 rho=6.4 anchor_shift=0
[FREE POLY] k=8 disc=2 raw=40 facets=3 vertices=6 rho=10.4 anchor_shift=0
[RF SUPPORT SEED] removed=0 support_limit=-1
[SQP] before_solve iter=0 vars=16 constraints=121 max_d=-0.00204164
[QP WORST] iter=0 row=60 type=collision d=-0.00204164
[QP WORST COLLISION] scenario=11 k=6 obstacle=0 disc=0
[SQP] after_solve iter=0 converged=1 status=0 iterations=5 primal_residual=3.85103e-10 dual_residual=1.46639e-05 x_size=16 x_finite=1
[SQP LINESEARCH] iter=0 current_violation=0 accepted_violation=0 accepted=1 alpha=0.5 delta_u_norm=0.3885
[SQP SUPPORT] iter=0 support_size=0 support_limit=-1 support_ok=1
[SQP] before_solve iter=1 vars=16 constraints=121 max_d=-0.000988642
[QP WORST] iter=1 row=60 type=collision d=-0.000988642
[QP WORST COLLISION] scenario=11 k=6 obstacle=0 disc=0
[SQP] after_solve iter=1 converged=1 status=0 iterations=4 primal_residual=1.78086e-07 dual_residual=9.07864e-05 x_size=16 x_finite=1
[SQP LINESEARCH] iter=1 current_violation=0 accepted_violation=0 accepted=1 alpha=0.5 delta_u_norm=0.32453
[SQP SUPPORT] iter=1 support_size=0 support_limit=-1 support_ok=1
[SQP] before_solve iter=2 vars=16 constraints=121 max_d=-0.000482433
[QP WORST] iter=2 row=60 type=collision d=-0.000482433
[QP WORST COLLISION] scenario=11 k=6 obstacle=0 disc=0
[SQP] after_solve iter=2 converged=1 status=0 iterations=4 primal_residual=1.19362e-07 dual_residual=7.28285e-05 x_size=16 x_finite=1
[SQP LINESEARCH] iter=2 current_violation=0 accepted_violation=0 accepted=1 alpha=0.5 delta_u_norm=0.286515
[SQP SUPPORT] iter=2 support_size=0 support_limit=-1 support_ok=1
[SQP] before_solve iter=3 vars=16 constraints=121 max_d=-0.000238077
[QP WORST] iter=3 row=60 type=collision d=-0.000238077
[QP WORST COLLISION] scenario=11 k=6 obstacle=0 disc=0
[SQP] after_solve iter=3 converged=1 status=0 iterations=4 primal_residual=6.06971e-08 dual_residual=8.20029e-05 x_size=16 x_finite=1
[SQP LINESEARCH] iter=3 current_violation=0 accepted_violation=0 accepted=1 alpha=0.5 delta_u_norm=0.25308
[SQP SUPPORT] iter=3 support_size=0 support_limit=-1 support_ok=1
[SQP] before_solve iter=4 vars=16 constraints=121 max_d=-0.000118449
[QP WORST] iter=4 row=60 type=collision d=-0.000118449
[QP WORST COLLISION] scenario=11 k=6 obstacle=0 disc=0
[SQP] after_solve iter=4 converged=1 status=0 iterations=4 primal_residual=7.43484e-10 dual_residual=6.32942e-05 x_size=16 x_finite=1
[SQP LINESEARCH] iter=4 current_violation=0 accepted_violation=0 accepted=1 alpha=1 delta_u_norm=0.211771
[SQP SUPPORT] iter=4 support_size=0 support_limit=-1 support_ok=1
[SQP] before_solve iter=5 vars=16 constraints=121 max_d=-1.89281e-05
[QP WORST] iter=5 row=60 type=collision d=-1.89281e-05
[QP WORST COLLISION] scenario=11 k=6 obstacle=0 disc=0
[SQP] after_solve iter=5 converged=1 status=0 iterations=4 primal_residual=3.57035e-08 dual_residual=8.27009e-05 x_size=16 x_finite=1
[SQP LINESEARCH] iter=5 current_violation=0 accepted_violation=0 accepted=1 alpha=1 delta_u_norm=0.148535
[SQP SUPPORT] iter=5 support_size=0 support_limit=-1 support_ok=1
[SQP] before_solve iter=6 vars=16 constraints=121 max_d=-3.82766e-06
[QP WORST] iter=6 row=79 type=collision d=-3.82766e-06
[QP WORST COLLISION] scenario=0 k=8 obstacle=0 disc=0
[SQP] after_solve iter=6 converged=1 status=0 iterations=4 primal_residual=3.51689e-08 dual_residual=8.27821e-05 x_size=16 x_finite=1
[SQP LINESEARCH] iter=6 current_violation=0 accepted_violation=0 accepted=1 alpha=1 delta_u_norm=0.137893
[SQP SUPPORT] iter=6 support_size=0 support_limit=-1 support_ok=1
[SQP] before_solve iter=7 vars=16 constraints=121 max_d=-3.46241e-06
[QP WORST] iter=7 row=79 type=collision d=-3.46241e-06
[QP WORST COLLISION] scenario=0 k=8 obstacle=0 disc=0
[SQP] after_solve iter=7 converged=1 status=0 iterations=4 primal_residual=3.7366e-08 dual_residual=8.61967e-05 x_size=16 x_finite=1
[SQP LINESEARCH] iter=7 current_violation=0 accepted_violation=0 accepted=1 alpha=1 delta_u_norm=0.129458
[SQP SUPPORT] iter=7 support_size=0 support_limit=-1 support_ok=1
[SQP] before_solve iter=8 vars=16 constraints=121 max_d=-3.50901e-06
[QP WORST] iter=8 row=79 type=collision d=-3.50901e-06
[QP WORST COLLISION] scenario=0 k=8 obstacle=0 disc=0
[SQP] after_solve iter=8 converged=1 status=0 iterations=5 primal_residual=4.62932e-10 dual_residual=7.19186e-06 x_size=16 x_finite=1
[SQP LINESEARCH] iter=8 current_violation=0 accepted_violation=0 accepted=1 alpha=0.5 delta_u_norm=0.124619
[SQP SUPPORT] iter=8 support_size=0 support_limit=-1 support_ok=1
[SQP] before_solve iter=9 vars=16 constraints=121 max_d=-1.77159e-06
[QP WORST] iter=9 row=79 type=collision d=-1.77159e-06
[QP WORST COLLISION] scenario=0 k=8 obstacle=0 disc=0
[SQP] after_solve iter=9 converged=1 status=0 iterations=5 primal_residual=9.28808e-10 dual_residual=7.49607e-06 x_size=16 x_finite=1
[SQP LINESEARCH] iter=9 current_violation=0 accepted_violation=0 accepted=1 alpha=0.5 delta_u_norm=0.119946
[SQP SUPPORT] iter=9 support_size=0 support_limit=-1 support_ok=1
[SQP FINAL] final_violation=0 violated_constraints=0
[SUPPORT FINAL] sqp_union=0 final_active=2 support_limit=-1
[SUPPORT FINAL IDS] 0 11
[SUPPORT UNION IDS]
[COLD START RECOVERY CHECK] ordinary_sqp_failed=0 seed_available=1 incompatible=0 try_homotopy=0
[HARNESS RESULT] step=34 success=1 controls=8 first_input_present=1
[MPC STEP METRICS] step=34 applied=1 success=1 fallback=0 a=-0.111473 omega=0.791322 dt=0.1 acceleration_weight=0.1 steering_weight=0.1 control_cost_unweighted=0.638617 control_cost_weighted=0.0638617 mpc_cost=-14.4576 solve_time=0.0390077 qp_solve_time=0.0260298 constraint_time=0.00711391 dro_risk_time=0.000403606 ambiguity_radius=0.00230858 certificate=not_requested
[EVAL SAFETY] step=35 min_center_distance=1.6333 min_clearance=0.683299 collision_this_step=0 collision_run=0 collision_radius=0.95
[DRO SUMMARY] step=36 obstacle=0 S=40 rho=0.00227909 rho_raw=0.00227909 D_max=0.0115351 D_min=0.00578169 tv_bound=0.394192 eta=0.197579 eta_raw=0.197579 radius_m=36 radius_d=3 transport_cost=0.00227909 budget_usage=1 lambda=1.62458 q_support=3 nominal_risk=0.0468245 qstar_risk=0.0505271 risk_lift=0.00370256 tv=0.394192
[DRO MODE] step=36 obstacle=0 mode=constant_velocity p=0.306667 risk=0.049378 q=0.700859 delta_q=0.394192 q_times_S=28.0343
[DRO MODE] step=36 obstacle=0 mode=turn_left p=0.466667 risk=0.0399852 q=0.0724748 delta_q=-0.394192 q_times_S=2.89899
[DRO MODE] step=36 obstacle=0 mode=turn_right p=0.226667 risk=0.0574509 q=0.226667 delta_q=0 q_times_S=9.06667
[DRO SAMPLE] step=36 obstacle=0 mode=constant_velocity q=0.700859 q_times_S=28.0343 first_count=25 first_fraction=0.625 occupancy=200 occupancy_fraction=0.625
[DRO SAMPLE] step=36 obstacle=0 mode=turn_left q=0.0724748 q_times_S=2.89899 first_count=2 first_fraction=0.05 occupancy=16 occupancy_fraction=0.05
[DRO SAMPLE] step=36 obstacle=0 mode=turn_right q=0.226667 q_times_S=9.06667 first_count=13 first_fraction=0.325 occupancy=104 occupancy_fraction=0.325
[RF BACKUP] available=1 controls=8 states=9
[FREE POLY] k=1 disc=0 raw=40 facets=3 vertices=6 rho=4.8 anchor_shift=0
[FREE POLY] k=1 disc=1 raw=40 facets=1 vertices=5 rho=0.800001 anchor_shift=0
[FREE POLY] k=1 disc=2 raw=40 facets=2 vertices=5 rho=4.8 anchor_shift=0
[FREE POLY] k=2 disc=0 raw=40 facets=3 vertices=6 rho=5.6 anchor_shift=0
[FREE POLY] k=2 disc=1 raw=40 facets=3 vertices=6 rho=1.6 anchor_shift=0
[FREE POLY] k=2 disc=2 raw=40 facets=1 vertices=4 rho=5.6 anchor_shift=0
[FREE POLY] k=3 disc=0 raw=40 facets=3 vertices=6 rho=6.4 anchor_shift=0
[FREE POLY] k=3 disc=1 raw=40 facets=2 vertices=5 rho=2.4 anchor_shift=0
[FREE POLY] k=3 disc=2 raw=40 facets=2 vertices=5 rho=6.4 anchor_shift=0
[FREE POLY] k=4 disc=0 raw=40 facets=3 vertices=6 rho=7.2 anchor_shift=0
[FREE POLY] k=4 disc=1 raw=40 facets=2 vertices=5 rho=3.2 anchor_shift=0
[FREE POLY] k=4 disc=2 raw=40 facets=4 vertices=7 rho=7.2 anchor_shift=0
[FREE POLY] k=5 disc=0 raw=40 facets=4 vertices=7 rho=8 anchor_shift=0
[FREE POLY] k=5 disc=1 raw=40 facets=3 vertices=6 rho=4 anchor_shift=0
[FREE POLY] k=5 disc=2 raw=40 facets=4 vertices=7 rho=8 anchor_shift=0
[FREE POLY] k=6 disc=0 raw=40 facets=4 vertices=7 rho=8.8 anchor_shift=0
[FREE POLY] k=6 disc=1 raw=40 facets=5 vertices=8 rho=4.8 anchor_shift=0
[FREE POLY] k=6 disc=2 raw=40 facets=4 vertices=7 rho=8.8 anchor_shift=0
[FREE POLY] k=7 disc=0 raw=40 facets=5 vertices=7 rho=9.6 anchor_shift=0
[FREE POLY] k=7 disc=1 raw=40 facets=6 vertices=9 rho=5.6 anchor_shift=0
[FREE POLY] k=7 disc=2 raw=40 facets=6 vertices=9 rho=9.6 anchor_shift=0
[FREE POLY] k=8 disc=0 raw=40 facets=6 vertices=9 rho=10.4 anchor_shift=0
[FREE POLY] k=8 disc=1 raw=40 facets=5 vertices=8 rho=6.4 anchor_shift=0
[FREE POLY] k=8 disc=2 raw=40 facets=6 vertices=9 rho=10.4 anchor_shift=0
[RF SUPPORT SEED] removed=0 support_limit=-1
[SQP] before_solve iter=0 vars=16 constraints=119 max_d=0.0117266
[QP WORST] iter=0 row=53 type=collision d=0.0117266
[QP WORST COLLISION] scenario=3 k=7 obstacle=0 disc=0
[SQP] after_solve iter=0 converged=1 status=0 iterations=5 primal_residual=2.19603e-08 dual_residual=2.80024e-05 x_size=16 x_finite=1
[SQP LINESEARCH] iter=0 current_violation=0.0117266 accepted_violation=3.6169e-05 accepted=1 alpha=1 delta_u_norm=0.324316
[SQP SUPPORT] iter=0 support_size=0 support_limit=-1 support_ok=1
[SQP] before_solve iter=1 vars=16 constraints=119 max_d=3.6169e-05
[QP WORST] iter=1 row=31 type=collision d=3.6169e-05
[QP WORST COLLISION] scenario=27 k=5 obstacle=0 disc=0
[SQP] after_solve iter=1 converged=1 status=0 iterations=5 primal_residual=1.05011e-08 dual_residual=3.23942e-05 x_size=16 x_finite=1
[SQP LINESEARCH] iter=1 current_violation=3.6169e-05 accepted_violation=0 accepted=1 alpha=1 delta_u_norm=0.244344
[SQP SUPPORT] iter=1 support_size=0 support_limit=-1 support_ok=1
[SQP] before_solve iter=2 vars=16 constraints=119 max_d=-4.67294e-06
[QP WORST] iter=2 row=31 type=collision d=-4.67294e-06
[QP WORST COLLISION] scenario=27 k=5 obstacle=0 disc=0
[SQP] after_solve iter=2 converged=1 status=0 iterations=5 primal_residual=3.30913e-09 dual_residual=2.61261e-05 x_size=16 x_finite=1
[SQP LINESEARCH] iter=2 current_violation=0 accepted_violation=0 accepted=1 alpha=1 delta_u_norm=0.216327
[SQP SUPPORT] iter=2 support_size=0 support_limit=-1 support_ok=1
[SQP] before_solve iter=3 vars=16 constraints=119 max_d=-1.13596e-05
[QP WORST] iter=3 row=42 type=collision d=-1.13596e-05
[QP WORST COLLISION] scenario=27 k=6 obstacle=0 disc=0
[SQP] after_solve iter=3 converged=1 status=0 iterations=5 primal_residual=3.58566e-09 dual_residual=2.07715e-05 x_size=16 x_finite=1
[SQP LINESEARCH] iter=3 current_violation=0 accepted_violation=0 accepted=1 alpha=1 delta_u_norm=0.195738
[SQP SUPPORT] iter=3 support_size=0 support_limit=-1 support_ok=1
[SQP] before_solve iter=4 vars=16 constraints=119 max_d=-1.06446e-05
[QP WORST] iter=4 row=42 type=collision d=-1.06446e-05
[QP WORST COLLISION] scenario=27 k=6 obstacle=0 disc=0
[SQP] after_solve iter=4 converged=1 status=0 iterations=5 primal_residual=3.50416e-09 dual_residual=1.72725e-05 x_size=16 x_finite=1
[SQP LINESEARCH] iter=4 current_violation=0 accepted_violation=0 accepted=1 alpha=1 delta_u_norm=0.177751
[SQP SUPPORT] iter=4 support_size=0 support_limit=-1 support_ok=1
[SQP] before_solve iter=5 vars=16 constraints=119 max_d=-1.05439e-05
[QP WORST] iter=5 row=42 type=collision d=-1.05439e-05
[QP WORST COLLISION] scenario=27 k=6 obstacle=0 disc=0
[SQP] after_solve iter=5 converged=1 status=0 iterations=5 primal_residual=7.70613e-09 dual_residual=4.26986e-05 x_size=16 x_finite=1
[SQP LINESEARCH] iter=5 current_violation=0 accepted_violation=0 accepted=1 alpha=1 delta_u_norm=0.15229
[SQP SUPPORT] iter=5 support_size=0 support_limit=-1 support_ok=1
[SQP] before_solve iter=6 vars=16 constraints=119 max_d=-1.98406e-05
[QP WORST] iter=6 row=42 type=collision d=-1.98406e-05
[QP WORST COLLISION] scenario=27 k=6 obstacle=0 disc=0
[SQP] after_solve iter=6 converged=1 status=0 iterations=5 primal_residual=3.17131e-09 dual_residual=1.71355e-05 x_size=16 x_finite=1
[SQP LINESEARCH] iter=6 current_violation=0 accepted_violation=0 accepted=1 alpha=1 delta_u_norm=0.124785
[SQP SUPPORT] iter=6 support_size=0 support_limit=-1 support_ok=1
[SQP] before_solve iter=7 vars=16 constraints=119 max_d=-3.71133e-08
[QP WORST] iter=7 row=53 type=collision d=-3.71133e-08
[QP WORST COLLISION] scenario=3 k=7 obstacle=0 disc=0
[SQP] after_solve iter=7 converged=1 status=0 iterations=5 primal_residual=1.4581e-08 dual_residual=1.89221e-05 x_size=16 x_finite=1
[SQP LINESEARCH] iter=7 current_violation=0 accepted_violation=0 accepted=1 alpha=1 delta_u_norm=0.115259
[SQP SUPPORT] iter=7 support_size=0 support_limit=-1 support_ok=1
[SQP] before_solve iter=8 vars=16 constraints=119 max_d=-4.01555e-07
[QP WORST] iter=8 row=53 type=collision d=-4.01555e-07
[QP WORST COLLISION] scenario=3 k=7 obstacle=0 disc=0
[SQP] after_solve iter=8 converged=1 status=0 iterations=5 primal_residual=1.50775e-08 dual_residual=1.8797e-05 x_size=16 x_finite=1
[SQP LINESEARCH] iter=8 current_violation=0 accepted_violation=0 accepted=1 alpha=1 delta_u_norm=0.108521
[SQP SUPPORT] iter=8 support_size=0 support_limit=-1 support_ok=1
[SQP] before_solve iter=9 vars=16 constraints=119 max_d=-4.23998e-07
[QP WORST] iter=9 row=53 type=collision d=-4.23998e-07
[QP WORST COLLISION] scenario=3 k=7 obstacle=0 disc=0
[SQP] after_solve iter=9 converged=1 status=0 iterations=5 primal_residual=1.48917e-08 dual_residual=1.86439e-05 x_size=16 x_finite=1
[SQP LINESEARCH] iter=9 current_violation=0 accepted_violation=0 accepted=1 alpha=1 delta_u_norm=0.102363
[SQP SUPPORT] iter=9 support_size=0 support_limit=-1 support_ok=1
[SQP FINAL] final_violation=0 violated_constraints=0
[SUPPORT FINAL] sqp_union=0 final_active=3 support_limit=-1
[SUPPORT FINAL IDS] 3 27 35
[SUPPORT UNION IDS]
[COLD START RECOVERY CHECK] ordinary_sqp_failed=0 seed_available=1 incompatible=0 try_homotopy=0
[HARNESS RESULT] step=35 success=1 controls=8 first_input_present=1
[MPC STEP METRICS] step=35 applied=1 success=1 fallback=0 a=-0.144562 omega=-0.542149 dt=0.1 acceleration_weight=0.1 steering_weight=0.1 control_cost_unweighted=0.314824 control_cost_weighted=0.0314824 mpc_cost=-15.1057 solve_time=0.0366314 qp_solve_time=0.0238349 constraint_time=0.00693069 dro_risk_time=0.000402754 ambiguity_radius=0.00227909 certificate=not_requested
[EVAL SAFETY] step=36 min_center_distance=1.47759 min_clearance=0.527586 collision_this_step=0 collision_run=0 collision_radius=0.95
[DRO SUMMARY] step=37 obstacle=0 S=40 rho=0.0022343 rho_raw=0.0022343 D_max=0.0115351 D_min=0.00578169 tv_bound=0.386444 eta=0.193696 eta_raw=0.193696 radius_m=37 radius_d=3 transport_cost=0.0022343 budget_usage=1 lambda=0.82669 q_support=2 nominal_risk=0.00317072 qstar_risk=0.00549666 risk_lift=0.00232594 tv=0.355635
[DRO MODE] step=37 obstacle=0 mode=constant_velocity p=0.324675 risk=0.00328136 q=0 delta_q=-0.324675 q_times_S=0
[DRO MODE] step=37 obstacle=0 mode=turn_left p=0.454545 risk=0 q=0.423585 delta_q=-0.0309601 q_times_S=16.9434
[DRO MODE] step=37 obstacle=0 mode=turn_right p=0.220779 risk=0.00953595 q=0.576415 delta_q=0.355635 q_times_S=23.0566
[DRO SAMPLE] step=37 obstacle=0 mode=constant_velocity q=0 q_times_S=0 first_count=0 first_fraction=0 occupancy=0 occupancy_fraction=0
[DRO SAMPLE] step=37 obstacle=0 mode=turn_left q=0.423585 q_times_S=16.9434 first_count=14 first_fraction=0.35 occupancy=112 occupancy_fraction=0.35
[DRO SAMPLE] step=37 obstacle=0 mode=turn_right q=0.576415 q_times_S=23.0566 first_count=26 first_fraction=0.65 occupancy=208 occupancy_fraction=0.65
[RF BACKUP] available=1 controls=8 states=9
[FREE POLY] k=1 disc=0 raw=40 facets=6 vertices=9 rho=4.8 anchor_shift=0
[FREE POLY] k=1 disc=1 raw=40 facets=1 vertices=5 rho=0.800001 anchor_shift=0
[FREE POLY] k=1 disc=2 raw=40 facets=4 vertices=7 rho=4.8 anchor_shift=0
[FREE POLY] k=2 disc=0 raw=40 facets=5 vertices=8 rho=5.6 anchor_shift=0
[FREE POLY] k=2 disc=1 raw=40 facets=2 vertices=6 rho=1.6 anchor_shift=0
[FREE POLY] k=2 disc=2 raw=40 facets=2 vertices=5 rho=5.6 anchor_shift=0
[FREE POLY] k=3 disc=0 raw=40 facets=3 vertices=6 rho=6.4 anchor_shift=0
[FREE POLY] k=3 disc=1 raw=40 facets=2 vertices=5 rho=2.4 anchor_shift=0
[FREE POLY] k=3 disc=2 raw=40 facets=2 vertices=5 rho=6.4 anchor_shift=0
[FREE POLY] k=4 disc=0 raw=40 facets=3 vertices=6 rho=7.2 anchor_shift=0
[FREE POLY] k=4 disc=1 raw=40 facets=2 vertices=5 rho=3.2 anchor_shift=0
[FREE POLY] k=4 disc=2 raw=40 facets=2 vertices=5 rho=7.2 anchor_shift=0
[FREE POLY] k=5 disc=0 raw=40 facets=3 vertices=6 rho=8 anchor_shift=0
[FREE POLY] k=5 disc=1 raw=40 facets=2 vertices=5 rho=4 anchor_shift=0
[FREE POLY] k=5 disc=2 raw=40 facets=2 vertices=5 rho=8 anchor_shift=0
[FREE POLY] k=6 disc=0 raw=40 facets=3 vertices=5 rho=8.8 anchor_shift=0
[FREE POLY] k=6 disc=1 raw=40 facets=2 vertices=5 rho=4.8 anchor_shift=0
[FREE POLY] k=6 disc=2 raw=40 facets=2 vertices=5 rho=8.8 anchor_shift=0
[FREE POLY] k=7 disc=0 raw=40 facets=2 vertices=5 rho=9.6 anchor_shift=0
[FREE POLY] k=7 disc=1 raw=40 facets=2 vertices=5 rho=5.6 anchor_shift=0
[FREE POLY] k=7 disc=2 raw=40 facets=2 vertices=5 rho=9.6 anchor_shift=0
[FREE POLY] k=8 disc=0 raw=40 facets=3 vertices=6 rho=10.4 anchor_shift=0
[FREE POLY] k=8 disc=1 raw=40 facets=3 vertices=6 rho=6.4 anchor_shift=0
[FREE POLY] k=8 disc=2 raw=40 facets=3 vertices=6 rho=10.4 anchor_shift=0
[RF SUPPORT SEED] removed=0 support_limit=-1
[SQP] before_solve iter=0 vars=16 constraints=95 max_d=-0.00282536
[QP WORST] iter=0 row=36 type=collision d=-0.00282536
[QP WORST COLLISION] scenario=33 k=5 obstacle=0 disc=0
[SQP] after_solve iter=0 converged=1 status=0 iterations=5 primal_residual=4.44089e-16 dual_residual=1.30975e-05 x_size=16 x_finite=1
[SQP LINESEARCH] iter=0 current_violation=0 accepted_violation=0 accepted=1 alpha=0.5 delta_u_norm=0.281332
[SQP SUPPORT] iter=0 support_size=0 support_limit=-1 support_ok=1
[SQP] before_solve iter=1 vars=16 constraints=95 max_d=-0.00140404
[QP WORST] iter=1 row=36 type=collision d=-0.00140404
[QP WORST COLLISION] scenario=33 k=5 obstacle=0 disc=0
[SQP] after_solve iter=1 converged=1 status=0 iterations=5 primal_residual=3.88578e-16 dual_residual=4.29906e-06 x_size=16 x_finite=1
[SQP LINESEARCH] iter=1 current_violation=0 accepted_violation=0 accepted=1 alpha=0.5 delta_u_norm=0.233321
[SQP SUPPORT] iter=1 support_size=0 support_limit=-1 support_ok=1
[SQP] before_solve iter=2 vars=16 constraints=95 max_d=-0.000698963
[QP WORST] iter=2 row=36 type=collision d=-0.000698963
[QP WORST COLLISION] scenario=33 k=5 obstacle=0 disc=0
[SQP] after_solve iter=2 converged=1 status=0 iterations=5 primal_residual=4.16334e-16 dual_residual=7.8247e-06 x_size=16 x_finite=1
[SQP LINESEARCH] iter=2 current_violation=0 accepted_violation=0 accepted=1 alpha=0.5 delta_u_norm=0.205984
[SQP SUPPORT] iter=2 support_size=0 support_limit=-1 support_ok=1
[SQP] before_solve iter=3 vars=16 constraints=95 max_d=-0.000348887
[QP WORST] iter=3 row=36 type=collision d=-0.000348887
[QP WORST COLLISION] scenario=33 k=5 obstacle=0 disc=0
[SQP] after_solve iter=3 converged=1 status=0 iterations=5 primal_residual=4.22405e-16 dual_residual=1.31972e-05 x_size=16 x_finite=1
[SQP LINESEARCH] iter=3 current_violation=0 accepted_violation=0 accepted=1 alpha=1 delta_u_norm=0.18911
[SQP SUPPORT] iter=3 support_size=0 support_limit=-1 support_ok=1
[SQP] before_solve iter=4 vars=16 constraints=95 max_d=-4.10926e-07
[QP WORST] iter=4 row=36 type=collision d=-4.10926e-07
[QP WORST COLLISION] scenario=33 k=5 obstacle=0 disc=0
[SQP] after_solve iter=4 converged=1 status=0 iterations=4 primal_residual=3.96415e-08 dual_residual=9.01795e-05 x_size=16 x_finite=1
[SQP LINESEARCH] iter=4 current_violation=0 accepted_violation=0 accepted=1 alpha=1 delta_u_norm=0.163281
[SQP SUPPORT] iter=4 support_size=0 support_limit=-1 support_ok=1
[SQP] before_solve iter=5 vars=16 constraints=95 max_d=-5.4614e-06
[QP WORST] iter=5 row=36 type=collision d=-5.4614e-06
[QP WORST COLLISION] scenario=33 k=5 obstacle=0 disc=0
[SQP] after_solve iter=5 converged=1 status=0 iterations=5 primal_residual=3.85109e-16 dual_residual=5.04506e-06 x_size=16 x_finite=1
[SQP LINESEARCH] iter=5 current_violation=0 accepted_violation=0 accepted=1 alpha=1 delta_u_norm=0.149846
[SQP SUPPORT] iter=5 support_size=0 support_limit=-1 support_ok=1
[SQP] before_solve iter=6 vars=16 constraints=95 max_d=-7.36014e-07
[QP WORST] iter=6 row=36 type=collision d=-7.36014e-07
[QP WORST COLLISION] scenario=33 k=5 obstacle=0 disc=0
[SQP] after_solve iter=6 converged=1 status=0 iterations=4 primal_residual=1.37885e-08 dual_residual=7.47689e-05 x_size=16 x_finite=1
[SQP LINESEARCH] iter=6 current_violation=0 accepted_violation=0 accepted=1 alpha=1 delta_u_norm=0.138179
[SQP SUPPORT] iter=6 support_size=0 support_limit=-1 support_ok=1
[SQP] before_solve iter=7 vars=16 constraints=95 max_d=-2.52017e-06
[QP WORST] iter=7 row=36 type=collision d=-2.52017e-06
[QP WORST COLLISION] scenario=33 k=5 obstacle=0 disc=0
[SQP] after_solve iter=7 converged=1 status=0 iterations=4 primal_residual=2.9852e-08 dual_residual=9.6597e-05 x_size=16 x_finite=1
[SQP LINESEARCH] iter=7 current_violation=0 accepted_violation=0 accepted=1 alpha=1 delta_u_norm=0.128556
[SQP SUPPORT] iter=7 support_size=0 support_limit=-1 support_ok=1
[SQP] before_solve iter=8 vars=16 constraints=95 max_d=-4.0474e-06
[QP WORST] iter=8 row=36 type=collision d=-4.0474e-06
[QP WORST COLLISION] scenario=33 k=5 obstacle=0 disc=0
[SQP] after_solve iter=8 converged=1 status=0 iterations=5 primal_residual=4.33681e-16 dual_residual=2.61273e-06 x_size=16 x_finite=1
[SQP LINESEARCH] iter=8 current_violation=0 accepted_violation=0 accepted=1 alpha=1 delta_u_norm=0.121444
[SQP SUPPORT] iter=8 support_size=0 support_limit=-1 support_ok=1
[SQP] before_solve iter=9 vars=16 constraints=95 max_d=-4.06533e-08
[QP WORST] iter=9 row=36 type=collision d=-4.06533e-08
[QP WORST COLLISION] scenario=33 k=5 obstacle=0 disc=0
[SQP] after_solve iter=9 converged=1 status=0 iterations=4 primal_residual=1.87268e-08 dual_residual=8.79771e-05 x_size=16 x_finite=1
[SQP LINESEARCH] iter=9 current_violation=0 accepted_violation=0 accepted=1 alpha=1 delta_u_norm=0.114115
[SQP SUPPORT] iter=9 support_size=0 support_limit=-1 support_ok=1
[SQP FINAL] final_violation=0 violated_constraints=0
[SUPPORT FINAL] sqp_union=0 final_active=1 support_limit=-1
[SUPPORT FINAL IDS] 33
[SUPPORT UNION IDS]
[COLD START RECOVERY CHECK] ordinary_sqp_failed=0 seed_available=1 incompatible=0 try_homotopy=0
[HARNESS RESULT] step=36 success=1 controls=8 first_input_present=1
[MPC STEP METRICS] step=36 applied=1 success=1 fallback=0 a=-0.162177 omega=-0.418199 dt=0.1 acceleration_weight=0.1 steering_weight=0.1 control_cost_unweighted=0.201192 control_cost_weighted=0.0201192 mpc_cost=-15.7162 solve_time=0.0357521 qp_solve_time=0.0232924 constraint_time=0.00662725 dro_risk_time=0.000401512 ambiguity_radius=0.0022343 certificate=not_requested
[EVAL SAFETY] step=37 min_center_distance=1.3082 min_clearance=0.358205 collision_this_step=0 collision_run=0 collision_radius=0.95
[DRO SUMMARY] step=38 obstacle=0 S=40 rho=0.00220649 rho_raw=0.00220649 D_max=0.0115351 D_min=0.00578169 tv_bound=0.381634 eta=0.191285 eta_raw=0.191285 radius_m=38 radius_d=3 transport_cost=0 budget_usage=0 lambda=0 q_support=3 nominal_risk=0 qstar_risk=0 risk_lift=0 tv=0
[DRO MODE] step=38 obstacle=0 mode=constant_velocity p=0.316456 risk=0 q=0.316456 delta_q=0 q_times_S=12.6582
[DRO MODE] step=38 obstacle=0 mode=turn_left p=0.468354 risk=0 q=0.468354 delta_q=0 q_times_S=18.7342
[DRO MODE] step=38 obstacle=0 mode=turn_right p=0.21519 risk=0 q=0.21519 delta_q=0 q_times_S=8.60759
[DRO SAMPLE] step=38 obstacle=0 mode=constant_velocity q=0.316456 q_times_S=12.6582 first_count=13 first_fraction=0.325 occupancy=104 occupancy_fraction=0.325
[DRO SAMPLE] step=38 obstacle=0 mode=turn_left q=0.468354 q_times_S=18.7342 first_count=17 first_fraction=0.425 occupancy=136 occupancy_fraction=0.425
[DRO SAMPLE] step=38 obstacle=0 mode=turn_right q=0.21519 q_times_S=8.60759 first_count=10 first_fraction=0.25 occupancy=80 occupancy_fraction=0.25
[RF BACKUP] available=1 controls=8 states=9
[FREE POLY] k=1 disc=0 raw=40 facets=3 vertices=6 rho=4.8 anchor_shift=0
[FREE POLY] k=1 disc=1 raw=40 facets=0 vertices=4 rho=0.800001 anchor_shift=0
[FREE POLY] k=1 disc=2 raw=40 facets=5 vertices=8 rho=4.8 anchor_shift=0
[FREE POLY] k=2 disc=0 raw=40 facets=3 vertices=6 rho=5.6 anchor_shift=0
[FREE POLY] k=2 disc=1 raw=40 facets=2 vertices=6 rho=1.6 anchor_shift=0
[FREE POLY] k=2 disc=2 raw=40 facets=3 vertices=6 rho=5.6 anchor_shift=0
[FREE POLY] k=3 disc=0 raw=40 facets=4 vertices=7 rho=6.4 anchor_shift=0
[FREE POLY] k=3 disc=1 raw=40 facets=3 vertices=6 rho=2.4 anchor_shift=0
[FREE POLY] k=3 disc=2 raw=40 facets=3 vertices=6 rho=6.4 anchor_shift=0
[FREE POLY] k=4 disc=0 raw=40 facets=4 vertices=7 rho=7.2 anchor_shift=0
[FREE POLY] k=4 disc=1 raw=40 facets=3 vertices=6 rho=3.2 anchor_shift=0
[FREE POLY] k=4 disc=2 raw=40 facets=6 vertices=9 rho=7.2 anchor_shift=0
[FREE POLY] k=5 disc=0 raw=40 facets=5 vertices=8 rho=8 anchor_shift=0
[FREE POLY] k=5 disc=1 raw=40 facets=3 vertices=6 rho=4 anchor_shift=0
[FREE POLY] k=5 disc=2 raw=40 facets=5 vertices=8 rho=8 anchor_shift=0
[FREE POLY] k=6 disc=0 raw=40 facets=5 vertices=8 rho=8.8 anchor_shift=0
[FREE POLY] k=6 disc=1 raw=40 facets=4 vertices=7 rho=4.8 anchor_shift=0
[FREE POLY] k=6 disc=2 raw=40 facets=4 vertices=7 rho=8.8 anchor_shift=0
[FREE POLY] k=7 disc=0 raw=40 facets=5 vertices=8 rho=9.6 anchor_shift=0
[FREE POLY] k=7 disc=1 raw=40 facets=4 vertices=7 rho=5.6 anchor_shift=0
[FREE POLY] k=7 disc=2 raw=40 facets=4 vertices=7 rho=9.6 anchor_shift=0
[FREE POLY] k=8 disc=0 raw=40 facets=6 vertices=9 rho=10.4 anchor_shift=0
[FREE POLY] k=8 disc=1 raw=40 facets=5 vertices=8 rho=6.4 anchor_shift=0
[FREE POLY] k=8 disc=2 raw=40 facets=5 vertices=8 rho=10.4 anchor_shift=0
[RF SUPPORT SEED] removed=0 support_limit=-1
[SQP] before_solve iter=0 vars=16 constraints=126 max_d=-0.0303871
[QP WORST] iter=0 row=16 type=collision d=-0.0303871
[QP WORST COLLISION] scenario=1 k=3 obstacle=0 disc=0
[SQP] after_solve iter=0 converged=1 status=0 iterations=4 primal_residual=3.51769e-10 dual_residual=1.87888e-05 x_size=16 x_finite=1
[SQP LINESEARCH] iter=0 current_violation=0 accepted_violation=0 accepted=1 alpha=1 delta_u_norm=0.251757
[SQP SUPPORT] iter=0 support_size=0 support_limit=-1 support_ok=1
[SQP] before_solve iter=1 vars=16 constraints=126 max_d=-0.036703
[QP WORST] iter=1 row=40 type=collision d=-0.036703
[QP WORST COLLISION] scenario=6 k=5 obstacle=0 disc=0
[SQP] after_solve iter=1 converged=1 status=0 iterations=4 primal_residual=5.61876e-11 dual_residual=2.80264e-05 x_size=16 x_finite=1
[SQP LINESEARCH] iter=1 current_violation=0 accepted_violation=0 accepted=1 alpha=1 delta_u_norm=0.195127
[SQP SUPPORT] iter=1 support_size=0 support_limit=-1 support_ok=1
[SQP] before_solve iter=2 vars=16 constraints=126 max_d=-0.0266436
[QP WORST] iter=2 row=26 type=collision d=-0.0266436
[QP WORST COLLISION] scenario=1 k=4 obstacle=0 disc=0
[SQP] after_solve iter=2 converged=1 status=0 iterations=4 primal_residual=1.86044e-08 dual_residual=4.80418e-05 x_size=16 x_finite=1
[SQP LINESEARCH] iter=2 current_violation=0 accepted_violation=0 accepted=1 alpha=1 delta_u_norm=0.173813
[SQP SUPPORT] iter=2 support_size=0 support_limit=-1 support_ok=1
[SQP] before_solve iter=3 vars=16 constraints=126 max_d=-0.0236127
[QP WORST] iter=3 row=26 type=collision d=-0.0236127
[QP WORST COLLISION] scenario=1 k=4 obstacle=0 disc=0
[SQP] after_solve iter=3 converged=1 status=0 iterations=4 primal_residual=1.53205e-08 dual_residual=5.73537e-05 x_size=16 x_finite=1
[SQP LINESEARCH] iter=3 current_violation=0 accepted_violation=0 accepted=1 alpha=1 delta_u_norm=0.159012
[SQP SUPPORT] iter=3 support_size=0 support_limit=-1 support_ok=1
[SQP] before_solve iter=4 vars=16 constraints=126 max_d=-0.0161917
[QP WORST] iter=4 row=26 type=collision d=-0.0161917
[QP WORST COLLISION] scenario=1 k=4 obstacle=0 disc=0
[SQP] after_solve iter=4 converged=1 status=0 iterations=4 primal_residual=4.39536e-16 dual_residual=5.67866e-05 x_size=16 x_finite=1
[SQP LINESEARCH] iter=4 current_violation=0 accepted_violation=0 accepted=1 alpha=1 delta_u_norm=0.146866
[SQP SUPPORT] iter=4 support_size=0 support_limit=-1 support_ok=1
[SQP] before_solve iter=5 vars=16 constraints=126 max_d=-0.013153
[QP WORST] iter=5 row=26 type=collision d=-0.013153
[QP WORST COLLISION] scenario=1 k=4 obstacle=0 disc=0
[SQP] after_solve iter=5 converged=1 status=0 iterations=4 primal_residual=4.43005e-16 dual_residual=6.33119e-05 x_size=16 x_finite=1
[SQP LINESEARCH] iter=5 current_violation=0 accepted_violation=0 accepted=1 alpha=1 delta_u_norm=0.135729
[SQP SUPPORT] iter=5 support_size=0 support_limit=-1 support_ok=1
[SQP] before_solve iter=6 vars=16 constraints=126 max_d=-0.00922371
[QP WORST] iter=6 row=26 type=collision d=-0.00922371
[QP WORST COLLISION] scenario=1 k=4 obstacle=0 disc=0
[SQP] after_solve iter=6 converged=1 status=0 iterations=4 primal_residual=4.36391e-16 dual_residual=6.48703e-05 x_size=16 x_finite=1
[SQP LINESEARCH] iter=6 current_violation=0 accepted_violation=0 accepted=1 alpha=1 delta_u_norm=0.126508
[SQP SUPPORT] iter=6 support_size=0 support_limit=-1 support_ok=1
[SQP] before_solve iter=7 vars=16 constraints=126 max_d=-0.00726733
[QP WORST] iter=7 row=26 type=collision d=-0.00726733
[QP WORST COLLISION] scenario=1 k=4 obstacle=0 disc=0
[SQP] after_solve iter=7 converged=1 status=0 iterations=4 primal_residual=4.23273e-16 dual_residual=6.6505e-05 x_size=16 x_finite=1
[SQP LINESEARCH] iter=7 current_violation=0 accepted_violation=0 accepted=1 alpha=1 delta_u_norm=0.118208
[SQP SUPPORT] iter=7 support_size=0 support_limit=-1 support_ok=1
[SQP] before_solve iter=8 vars=16 constraints=126 max_d=-0.00538477
[QP WORST] iter=8 row=26 type=collision d=-0.00538477
[QP WORST COLLISION] scenario=1 k=4 obstacle=0 disc=0
[SQP] after_solve iter=8 converged=1 status=0 iterations=4 primal_residual=4.05817e-16 dual_residual=6.7585e-05 x_size=16 x_finite=1
[SQP LINESEARCH] iter=8 current_violation=0 accepted_violation=0 accepted=1 alpha=1 delta_u_norm=0.111048
[SQP SUPPORT] iter=8 support_size=0 support_limit=-1 support_ok=1
[SQP] before_solve iter=9 vars=16 constraints=126 max_d=-0.00436838
[QP WORST] iter=9 row=26 type=collision d=-0.00436838
[QP WORST COLLISION] scenario=1 k=4 obstacle=0 disc=0
[SQP] after_solve iter=9 converged=1 status=0 iterations=4 primal_residual=4.22351e-16 dual_residual=6.88057e-05 x_size=16 x_finite=1
[SQP LINESEARCH] iter=9 current_violation=0 accepted_violation=0 accepted=1 alpha=1 delta_u_norm=0.10457
[SQP SUPPORT] iter=9 support_size=0 support_limit=-1 support_ok=1
[SQP FINAL] final_violation=0 violated_constraints=0
[SUPPORT FINAL] sqp_union=0 final_active=0 support_limit=-1
[SUPPORT FINAL IDS]
[SUPPORT UNION IDS]
[COLD START RECOVERY CHECK] ordinary_sqp_failed=0 seed_available=1 incompatible=0 try_homotopy=0
[HARNESS RESULT] step=37 success=1 controls=8 first_input_present=1
[MPC STEP METRICS] step=37 applied=1 success=1 fallback=0 a=-0.163319 omega=-0.396135 dt=0.1 acceleration_weight=0.1 steering_weight=0.1 control_cost_unweighted=0.183596 control_cost_weighted=0.0183596 mpc_cost=-16.1943 solve_time=0.0362814 qp_solve_time=0.0231682 constraint_time=0.00733014 dro_risk_time=0.000402573 ambiguity_radius=0.00220649 certificate=not_requested
[EVAL SAFETY] step=38 min_center_distance=1.16958 min_clearance=0.219584 collision_this_step=0 collision_run=0 collision_radius=0.95
[DRO SUMMARY] step=39 obstacle=0 S=40 rho=0.00218873 rho_raw=0.00218873 D_max=0.0115351 D_min=0.00578169 tv_bound=0.378562 eta=0.189745 eta_raw=0.189745 radius_m=39 radius_d=3 transport_cost=0 budget_usage=0 lambda=0 q_support=3 nominal_risk=0 qstar_risk=0 risk_lift=0 tv=0
[DRO MODE] step=39 obstacle=0 mode=constant_velocity p=0.308642 risk=0 q=0.308642 delta_q=0 q_times_S=12.3457
[DRO MODE] step=39 obstacle=0 mode=turn_left p=0.45679 risk=0 q=0.45679 delta_q=0 q_times_S=18.2716
[DRO MODE] step=39 obstacle=0 mode=turn_right p=0.234568 risk=0 q=0.234568 delta_q=0 q_times_S=9.38272
[DRO SAMPLE] step=39 obstacle=0 mode=constant_velocity q=0.308642 q_times_S=12.3457 first_count=12 first_fraction=0.3 occupancy=96 occupancy_fraction=0.3
[DRO SAMPLE] step=39 obstacle=0 mode=turn_left q=0.45679 q_times_S=18.2716 first_count=18 first_fraction=0.45 occupancy=144 occupancy_fraction=0.45
[DRO SAMPLE] step=39 obstacle=0 mode=turn_right q=0.234568 q_times_S=9.38272 first_count=10 first_fraction=0.25 occupancy=80 occupancy_fraction=0.25
[RF BACKUP] available=1 controls=8 states=9
[FREE POLY] k=1 disc=0 raw=40 facets=3 vertices=6 rho=4.8 anchor_shift=0
[FREE POLY] k=1 disc=1 raw=40 facets=0 vertices=4 rho=0.800001 anchor_shift=0
[FREE POLY] k=1 disc=2 raw=40 facets=4 vertices=7 rho=4.8 anchor_shift=0
[FREE POLY] k=2 disc=0 raw=40 facets=3 vertices=6 rho=5.6 anchor_shift=0
[FREE POLY] k=2 disc=1 raw=40 facets=2 vertices=6 rho=1.6 anchor_shift=0
[FREE POLY] k=2 disc=2 raw=40 facets=2 vertices=5 rho=5.6 anchor_shift=0
[FREE POLY] k=3 disc=0 raw=40 facets=4 vertices=7 rho=6.4 anchor_shift=0
[FREE POLY] k=3 disc=1 raw=40 facets=2 vertices=5 rho=2.4 anchor_shift=0
[FREE POLY] k=3 disc=2 raw=40 facets=2 vertices=5 rho=6.4 anchor_shift=0
[FREE POLY] k=4 disc=0 raw=40 facets=4 vertices=7 rho=7.2 anchor_shift=0
[FREE POLY] k=4 disc=1 raw=40 facets=2 vertices=5 rho=3.2 anchor_shift=0
[FREE POLY] k=4 disc=2 raw=40 facets=2 vertices=5 rho=7.2 anchor_shift=0
[FREE POLY] k=5 disc=0 raw=40 facets=3 vertices=6 rho=8 anchor_shift=0
[FREE POLY] k=5 disc=1 raw=40 facets=2 vertices=5 rho=4 anchor_shift=0
[FREE POLY] k=5 disc=2 raw=40 facets=2 vertices=5 rho=8 anchor_shift=0
[FREE POLY] k=6 disc=0 raw=40 facets=3 vertices=6 rho=8.8 anchor_shift=0
[FREE POLY] k=6 disc=1 raw=40 facets=3 vertices=6 rho=4.8 anchor_shift=0
[FREE POLY] k=6 disc=2 raw=40 facets=3 vertices=6 rho=8.8 anchor_shift=0
[FREE POLY] k=7 disc=0 raw=40 facets=4 vertices=7 rho=9.6 anchor_shift=0
[FREE POLY] k=7 disc=1 raw=40 facets=3 vertices=6 rho=5.6 anchor_shift=0
[FREE POLY] k=7 disc=2 raw=40 facets=4 vertices=7 rho=9.6 anchor_shift=0
[FREE POLY] k=8 disc=0 raw=40 facets=5 vertices=8 rho=10.4 anchor_shift=0
[FREE POLY] k=8 disc=1 raw=40 facets=5 vertices=8 rho=6.4 anchor_shift=0
[FREE POLY] k=8 disc=2 raw=40 facets=5 vertices=8 rho=10.4 anchor_shift=0
[RF SUPPORT SEED] removed=0 support_limit=-1
[SQP] before_solve iter=0 vars=16 constraints=104 max_d=-0.0198372
[QP WORST] iter=0 row=14 type=collision d=-0.0198372
[QP WORST COLLISION] scenario=17 k=3 obstacle=0 disc=0
[SQP] after_solve iter=0 converged=1 status=0 iterations=4 primal_residual=4.16334e-16 dual_residual=2.04537e-06 x_size=16 x_finite=1
[SQP LINESEARCH] iter=0 current_violation=0 accepted_violation=0 accepted=1 alpha=1 delta_u_norm=0.268332
[SQP SUPPORT] iter=0 support_size=0 support_limit=-1 support_ok=1
[SQP] before_solve iter=1 vars=16 constraints=104 max_d=-0.046771
[QP WORST] iter=1 row=14 type=collision d=-0.046771
[QP WORST COLLISION] scenario=17 k=3 obstacle=0 disc=0
[SQP] after_solve iter=1 converged=1 status=0 iterations=4 primal_residual=1.59964e-10 dual_residual=2.78317e-05 x_size=16 x_finite=1
[SQP LINESEARCH] iter=1 current_violation=0 accepted_violation=0 accepted=1 alpha=1 delta_u_norm=0.19437
[SQP SUPPORT] iter=1 support_size=0 support_limit=-1 support_ok=1
[SQP] before_solve iter=2 vars=16 constraints=104 max_d=-0.0280637
[QP WORST] iter=2 row=14 type=collision d=-0.0280637
[QP WORST COLLISION] scenario=17 k=3 obstacle=0 disc=0
[SQP] after_solve iter=2 converged=1 status=0 iterations=4 primal_residual=1.63939e-10 dual_residual=5.72934e-06 x_size=16 x_finite=1
[SQP LINESEARCH] iter=2 current_violation=0 accepted_violation=0 accepted=1 alpha=1 delta_u_norm=0.171088
[SQP SUPPORT] iter=2 support_size=0 support_limit=-1 support_ok=1
[SQP] before_solve iter=3 vars=16 constraints=104 max_d=-0.0388718
[QP WORST] iter=3 row=14 type=collision d=-0.0388718
[QP WORST COLLISION] scenario=17 k=3 obstacle=0 disc=0
[SQP] after_solve iter=3 converged=1 status=0 iterations=4 primal_residual=1.41473e-09 dual_residual=2.93943e-05 x_size=16 x_finite=1
[SQP LINESEARCH] iter=3 current_violation=0 accepted_violation=0 accepted=1 alpha=1 delta_u_norm=0.151366
[SQP SUPPORT] iter=3 support_size=0 support_limit=-1 support_ok=1
[SQP] before_solve iter=4 vars=16 constraints=104 max_d=-0.0283741
[QP WORST] iter=4 row=14 type=collision d=-0.0283741
[QP WORST COLLISION] scenario=17 k=3 obstacle=0 disc=0
[SQP] after_solve iter=4 converged=1 status=0 iterations=4 primal_residual=7.45621e-10 dual_residual=1.59918e-05 x_size=16 x_finite=1
[SQP LINESEARCH] iter=4 current_violation=0 accepted_violation=0 accepted=1 alpha=1 delta_u_norm=0.14075
[SQP SUPPORT] iter=4 support_size=0 support_limit=-1 support_ok=1
[SQP] before_solve iter=5 vars=16 constraints=104 max_d=-0.0326139
[QP WORST] iter=5 row=14 type=collision d=-0.0326139
[QP WORST COLLISION] scenario=17 k=3 obstacle=0 disc=0
[SQP] after_solve iter=5 converged=1 status=0 iterations=4 primal_residual=1.5101e-09 dual_residual=3.4346e-05 x_size=16 x_finite=1
[SQP LINESEARCH] iter=5 current_violation=0 accepted_violation=0 accepted=1 alpha=1 delta_u_norm=0.129314
[SQP SUPPORT] iter=5 support_size=0 support_limit=-1 support_ok=1
[SQP] before_solve iter=6 vars=16 constraints=104 max_d=-0.0267142
[QP WORST] iter=6 row=14 type=collision d=-0.0267142
[QP WORST COLLISION] scenario=17 k=3 obstacle=0 disc=0
[SQP] after_solve iter=6 converged=1 status=0 iterations=4 primal_residual=1.01358e-09 dual_residual=2.77414e-05 x_size=16 x_finite=1
[SQP LINESEARCH] iter=6 current_violation=0 accepted_violation=0 accepted=1 alpha=1 delta_u_norm=0.121803
[SQP SUPPORT] iter=6 support_size=0 support_limit=-1 support_ok=1
[SQP] before_solve iter=7 vars=16 constraints=104 max_d=-0.0280453
[QP WORST] iter=7 row=14 type=collision d=-0.0280453
[QP WORST COLLISION] scenario=17 k=3 obstacle=0 disc=0
[SQP] after_solve iter=7 converged=1 status=0 iterations=4 primal_residual=1.36571e-09 dual_residual=4.11726e-05 x_size=16 x_finite=1
[SQP LINESEARCH] iter=7 current_violation=0 accepted_violation=0 accepted=1 alpha=1 delta_u_norm=0.11388
[SQP SUPPORT] iter=7 support_size=0 support_limit=-1 support_ok=1
[SQP] before_solve iter=8 vars=16 constraints=104 max_d=-0.024625
[QP WORST] iter=8 row=14 type=collision d=-0.024625
[QP WORST COLLISION] scenario=17 k=3 obstacle=0 disc=0
[SQP] after_solve iter=8 converged=1 status=0 iterations=4 primal_residual=1.0155e-09 dual_residual=3.91181e-05 x_size=16 x_finite=1
[SQP LINESEARCH] iter=8 current_violation=0 accepted_violation=0 accepted=1 alpha=1 delta_u_norm=0.107756
[SQP SUPPORT] iter=8 support_size=0 support_limit=-1 support_ok=1
[SQP] before_solve iter=9 vars=16 constraints=104 max_d=-0.0247158
[QP WORST] iter=9 row=14 type=collision d=-0.0247158
[QP WORST COLLISION] scenario=17 k=3 obstacle=0 disc=0
[SQP] after_solve iter=9 converged=1 status=0 iterations=4 primal_residual=1.13668e-09 dual_residual=4.8386e-05 x_size=16 x_finite=1
[SQP LINESEARCH] iter=9 current_violation=0 accepted_violation=0 accepted=1 alpha=1 delta_u_norm=0.101586
[SQP SUPPORT] iter=9 support_size=0 support_limit=-1 support_ok=1
[SQP FINAL] final_violation=0 violated_constraints=0
[SUPPORT FINAL] sqp_union=0 final_active=0 support_limit=-1
[SUPPORT FINAL IDS]
[SUPPORT UNION IDS]
[COLD START RECOVERY CHECK] ordinary_sqp_failed=0 seed_available=1 incompatible=0 try_homotopy=0
[HARNESS RESULT] step=38 success=1 controls=8 first_input_present=1
[MPC STEP METRICS] step=38 applied=1 success=1 fallback=0 a=-0.107483 omega=-0.300442 dt=0.1 acceleration_weight=0.1 steering_weight=0.1 control_cost_unweighted=0.101818 control_cost_weighted=0.0101818 mpc_cost=-16.5436 solve_time=0.0350053 qp_solve_time=0.0221401 constraint_time=0.0068817 dro_risk_time=0.000491901 ambiguity_radius=0.00218873 certificate=not_requested
[EVAL SAFETY] step=39 min_center_distance=1.08452 min_clearance=0.134517 collision_this_step=0 collision_run=0 collision_radius=0.95
[DRO SUMMARY] step=40 obstacle=0 S=40 rho=0.0021488 rho_raw=0.0021488 D_max=0.0115351 D_min=0.00578169 tv_bound=0.371656 eta=0.186284 eta_raw=0.186284 radius_m=40 radius_d=3 transport_cost=0 budget_usage=0 lambda=0 q_support=3 nominal_risk=0 qstar_risk=0 risk_lift=0 tv=0
[DRO MODE] step=40 obstacle=0 mode=constant_velocity p=0.325301 risk=0 q=0.325301 delta_q=0 q_times_S=13.012
[DRO MODE] step=40 obstacle=0 mode=turn_left p=0.445783 risk=0 q=0.445783 delta_q=0 q_times_S=17.8313
[DRO MODE] step=40 obstacle=0 mode=turn_right p=0.228916 risk=0 q=0.228916 delta_q=0 q_times_S=9.15663
[DRO SAMPLE] step=40 obstacle=0 mode=constant_velocity q=0.325301 q_times_S=13.012 first_count=9 first_fraction=0.225 occupancy=72 occupancy_fraction=0.225
[DRO SAMPLE] step=40 obstacle=0 mode=turn_left q=0.445783 q_times_S=17.8313 first_count=18 first_fraction=0.45 occupancy=144 occupancy_fraction=0.45
[DRO SAMPLE] step=40 obstacle=0 mode=turn_right q=0.228916 q_times_S=9.15663 first_count=13 first_fraction=0.325 occupancy=104 occupancy_fraction=0.325
[RF BACKUP] available=1 controls=8 states=9
[FREE POLY] k=1 disc=0 raw=40 facets=4 vertices=7 rho=4.8 anchor_shift=0
[FREE POLY] k=1 disc=1 raw=40 facets=0 vertices=4 rho=0.800001 anchor_shift=0
[FREE POLY] k=1 disc=2 raw=40 facets=2 vertices=5 rho=4.8 anchor_shift=0
[FREE POLY] k=2 disc=0 raw=40 facets=6 vertices=9 rho=5.6 anchor_shift=0
[FREE POLY] k=2 disc=1 raw=40 facets=1 vertices=5 rho=1.6 anchor_shift=0
[FREE POLY] k=2 disc=2 raw=40 facets=2 vertices=5 rho=5.6 anchor_shift=0
[FREE POLY] k=3 disc=0 raw=40 facets=6 vertices=9 rho=6.4 anchor_shift=0
[FREE POLY] k=3 disc=1 raw=40 facets=2 vertices=5 rho=2.4 anchor_shift=0
[FREE POLY] k=3 disc=2 raw=40 facets=3 vertices=6 rho=6.4 anchor_shift=0
[FREE POLY] k=4 disc=0 raw=40 facets=7 vertices=10 rho=7.2 anchor_shift=0
[FREE POLY] k=4 disc=1 raw=40 facets=2 vertices=5 rho=3.2 anchor_shift=0
[FREE POLY] k=4 disc=2 raw=40 facets=3 vertices=6 rho=7.2 anchor_shift=0
[FREE POLY] k=5 disc=0 raw=40 facets=5 vertices=8 rho=8 anchor_shift=0
[FREE POLY] k=5 disc=1 raw=40 facets=3 vertices=6 rho=4 anchor_shift=0
[FREE POLY] k=5 disc=2 raw=40 facets=3 vertices=6 rho=8 anchor_shift=0
[FREE POLY] k=6 disc=0 raw=40 facets=4 vertices=7 rho=8.8 anchor_shift=0
[FREE POLY] k=6 disc=1 raw=40 facets=3 vertices=6 rho=4.8 anchor_shift=0
[FREE POLY] k=6 disc=2 raw=40 facets=3 vertices=6 rho=8.8 anchor_shift=0
[FREE POLY] k=7 disc=0 raw=40 facets=4 vertices=7 rho=9.6 anchor_shift=0
[FREE POLY] k=7 disc=1 raw=40 facets=3 vertices=6 rho=5.6 anchor_shift=0
[FREE POLY] k=7 disc=2 raw=40 facets=3 vertices=6 rho=9.6 anchor_shift=0
[FREE POLY] k=8 disc=0 raw=40 facets=4 vertices=7 rho=10.4 anchor_shift=0
[FREE POLY] k=8 disc=1 raw=40 facets=3 vertices=6 rho=6.4 anchor_shift=0
[FREE POLY] k=8 disc=2 raw=40 facets=3 vertices=6 rho=10.4 anchor_shift=0
[RF SUPPORT SEED] removed=0 support_limit=-1
[SQP] before_solve iter=0 vars=16 constraints=111 max_d=-0.0467177
[QP WORST] iter=0 row=7 type=collision d=-0.0467177
[QP WORST COLLISION] scenario=13 k=2 obstacle=0 disc=0
[SQP] after_solve iter=0 converged=1 status=0 iterations=4 primal_residual=3.64668e-11 dual_residual=5.85197e-07 x_size=16 x_finite=1
[SQP LINESEARCH] iter=0 current_violation=0 accepted_violation=0 accepted=1 alpha=1 delta_u_norm=0.269304
[SQP SUPPORT] iter=0 support_size=0 support_limit=-1 support_ok=1
[SQP] before_solve iter=1 vars=16 constraints=111 max_d=-0.0693329
[QP WORST] iter=1 row=7 type=collision d=-0.0693329
[QP WORST COLLISION] scenario=13 k=2 obstacle=0 disc=0
[SQP] after_solve iter=1 converged=1 status=0 iterations=4 primal_residual=1.92553e-12 dual_residual=7.82212e-08 x_size=16 x_finite=1
[SQP LINESEARCH] iter=1 current_violation=0 accepted_violation=0 accepted=1 alpha=1 delta_u_norm=0.194785
[SQP SUPPORT] iter=1 support_size=0 support_limit=-1 support_ok=1
[SQP] before_solve iter=2 vars=16 constraints=111 max_d=-0.0576074
[QP WORST] iter=2 row=7 type=collision d=-0.0576074
[QP WORST COLLISION] scenario=13 k=2 obstacle=0 disc=0
[SQP] after_solve iter=2 converged=1 status=0 iterations=4 primal_residual=5.41409e-12 dual_residual=8.41884e-08 x_size=16 x_finite=1
[SQP LINESEARCH] iter=2 current_violation=0 accepted_violation=0 accepted=1 alpha=1 delta_u_norm=0.169477
[SQP SUPPORT] iter=2 support_size=0 support_limit=-1 support_ok=1
[SQP] before_solve iter=3 vars=16 constraints=111 max_d=-0.0668602
[QP WORST] iter=3 row=7 type=collision d=-0.0668602
[QP WORST COLLISION] scenario=13 k=2 obstacle=0 disc=0
[SQP] after_solve iter=3 converged=1 status=0 iterations=3 primal_residual=3.57435e-08 dual_residual=9.99801e-05 x_size=16 x_finite=1
[SQP LINESEARCH] iter=3 current_violation=0 accepted_violation=0 accepted=1 alpha=1 delta_u_norm=0.149976
[SQP SUPPORT] iter=3 support_size=0 support_limit=-1 support_ok=1
[SQP] before_solve iter=4 vars=16 constraints=111 max_d=-0.0610983
[QP WORST] iter=4 row=7 type=collision d=-0.0610983
[QP WORST COLLISION] scenario=13 k=2 obstacle=0 disc=0
[SQP] after_solve iter=4 converged=1 status=0 iterations=4 primal_residual=1.82767e-12 dual_residual=3.11181e-08 x_size=16 x_finite=1
[SQP LINESEARCH] iter=4 current_violation=0 accepted_violation=0 accepted=1 alpha=1 delta_u_norm=0.138488
[SQP SUPPORT] iter=4 support_size=0 support_limit=-1 support_ok=1
[SQP] before_solve iter=5 vars=16 constraints=111 max_d=-0.064447
[QP WORST] iter=5 row=7 type=collision d=-0.064447
[QP WORST COLLISION] scenario=13 k=2 obstacle=0 disc=0
[SQP] after_solve iter=5 converged=1 status=0 iterations=3 primal_residual=2.75029e-08 dual_residual=8.59147e-05 x_size=16 x_finite=1
[SQP LINESEARCH] iter=5 current_violation=0 accepted_violation=0 accepted=1 alpha=1 delta_u_norm=0.127596
[SQP SUPPORT] iter=5 support_size=0 support_limit=-1 support_ok=1
[SQP] before_solve iter=6 vars=16 constraints=111 max_d=-0.0616653
[QP WORST] iter=6 row=7 type=collision d=-0.0616653
[QP WORST COLLISION] scenario=13 k=2 obstacle=0 disc=0
[SQP] after_solve iter=6 converged=1 status=0 iterations=4 primal_residual=1.6069e-12 dual_residual=3.05761e-08 x_size=16 x_finite=1
[SQP LINESEARCH] iter=6 current_violation=0 accepted_violation=0 accepted=1 alpha=1 delta_u_norm=0.120077
[SQP SUPPORT] iter=6 support_size=0 support_limit=-1 support_ok=1
[SQP] before_solve iter=7 vars=16 constraints=111 max_d=-0.0625343
[QP WORST] iter=7 row=7 type=collision d=-0.0625343
[QP WORST COLLISION] scenario=13 k=2 obstacle=0 disc=0
[SQP] after_solve iter=7 converged=1 status=0 iterations=3 primal_residual=3.96864e-08 dual_residual=9.0855e-05 x_size=16 x_finite=1
[SQP LINESEARCH] iter=7 current_violation=0 accepted_violation=0 accepted=1 alpha=1 delta_u_norm=0.112608
[SQP SUPPORT] iter=7 support_size=0 support_limit=-1 support_ok=1
[SQP] before_solve iter=8 vars=16 constraints=111 max_d=-0.0616377
[QP WORST] iter=8 row=7 type=collision d=-0.0616377
[QP WORST COLLISION] scenario=13 k=2 obstacle=0 disc=0
[SQP] after_solve iter=8 converged=1 status=0 iterations=3 primal_residual=4.38392e-08 dual_residual=9.01756e-05 x_size=16 x_finite=1
[SQP LINESEARCH] iter=8 current_violation=0 accepted_violation=0 accepted=1 alpha=1 delta_u_norm=0.10656
[SQP SUPPORT] iter=8 support_size=0 support_limit=-1 support_ok=1
[SQP] before_solve iter=9 vars=16 constraints=111 max_d=-0.0623256
[QP WORST] iter=9 row=7 type=collision d=-0.0623256
[QP WORST COLLISION] scenario=13 k=2 obstacle=0 disc=0
[SQP] after_solve iter=9 converged=1 status=0 iterations=3 primal_residual=3.67209e-08 dual_residual=7.68616e-05 x_size=16 x_finite=1
[SQP LINESEARCH] iter=9 current_violation=0 accepted_violation=0 accepted=1 alpha=1 delta_u_norm=0.100798
[SQP SUPPORT] iter=9 support_size=0 support_limit=-1 support_ok=1
[SQP FINAL] final_violation=0 violated_constraints=0
[SUPPORT FINAL] sqp_union=0 final_active=0 support_limit=-1
[SUPPORT FINAL IDS]
[SUPPORT UNION IDS]
[COLD START RECOVERY CHECK] ordinary_sqp_failed=0 seed_available=1 incompatible=0 try_homotopy=0
[HARNESS RESULT] step=39 success=1 controls=8 first_input_present=1
[MPC STEP METRICS] step=39 applied=1 success=1 fallback=0 a=-0.0799543 omega=-0.358145 dt=0.1 acceleration_weight=0.1 steering_weight=0.1 control_cost_unweighted=0.13466 control_cost_weighted=0.013466 mpc_cost=-16.8086 solve_time=0.0347616 qp_solve_time=0.0218777 constraint_time=0.00703304 dro_risk_time=0.000403816 ambiguity_radius=0.0021488 certificate=not_requested
[EVAL SAFETY] step=40 min_center_distance=1.03197 min_clearance=0.0819658 collision_this_step=0 collision_run=0 collision_radius=0.95
[DRO SUMMARY] step=41 obstacle=0 S=40 rho=0.00213032 rho_raw=0.00213032 D_max=0.0115351 D_min=0.00578169 tv_bound=0.36846 eta=0.184682 eta_raw=0.184682 radius_m=41 radius_d=3 transport_cost=0 budget_usage=0 lambda=0 q_support=3 nominal_risk=0 qstar_risk=0 risk_lift=0 tv=0
[DRO MODE] step=41 obstacle=0 mode=constant_velocity p=0.317647 risk=0 q=0.317647 delta_q=0 q_times_S=12.7059
[DRO MODE] step=41 obstacle=0 mode=turn_left p=0.435294 risk=0 q=0.435294 delta_q=0 q_times_S=17.4118
[DRO MODE] step=41 obstacle=0 mode=turn_right p=0.247059 risk=0 q=0.247059 delta_q=0 q_times_S=9.88235
[DRO SAMPLE] step=41 obstacle=0 mode=constant_velocity q=0.317647 q_times_S=12.7059 first_count=14 first_fraction=0.35 occupancy=112 occupancy_fraction=0.35
[DRO SAMPLE] step=41 obstacle=0 mode=turn_left q=0.435294 q_times_S=17.4118 first_count=18 first_fraction=0.45 occupancy=144 occupancy_fraction=0.45
[DRO SAMPLE] step=41 obstacle=0 mode=turn_right q=0.247059 q_times_S=9.88235 first_count=8 first_fraction=0.2 occupancy=64 occupancy_fraction=0.2
[RF BACKUP] available=1 controls=8 states=9
[FREE POLY] k=1 disc=0 raw=40 facets=5 vertices=8 rho=4.8 anchor_shift=0
[FREE POLY] k=1 disc=1 raw=40 facets=0 vertices=4 rho=0.800001 anchor_shift=0
[FREE POLY] k=1 disc=2 raw=40 facets=4 vertices=7 rho=4.8 anchor_shift=0
[FREE POLY] k=2 disc=0 raw=40 facets=3 vertices=6 rho=5.6 anchor_shift=0
[FREE POLY] k=2 disc=1 raw=40 facets=0 vertices=4 rho=1.6 anchor_shift=0
[FREE POLY] k=2 disc=2 raw=40 facets=2 vertices=5 rho=5.6 anchor_shift=0
[FREE POLY] k=3 disc=0 raw=40 facets=4 vertices=7 rho=6.4 anchor_shift=0
[FREE POLY] k=3 disc=1 raw=40 facets=3 vertices=6 rho=2.4 anchor_shift=0
[FREE POLY] k=3 disc=2 raw=40 facets=3 vertices=6 rho=6.4 anchor_shift=0
[FREE POLY] k=4 disc=0 raw=40 facets=5 vertices=8 rho=7.2 anchor_shift=0
[FREE POLY] k=4 disc=1 raw=40 facets=3 vertices=6 rho=3.2 anchor_shift=0
[FREE POLY] k=4 disc=2 raw=40 facets=3 vertices=6 rho=7.2 anchor_shift=0
[FREE POLY] k=5 disc=0 raw=40 facets=4 vertices=7 rho=8 anchor_shift=0
[FREE POLY] k=5 disc=1 raw=40 facets=2 vertices=5 rho=4 anchor_shift=0
[FREE POLY] k=5 disc=2 raw=40 facets=2 vertices=5 rho=8 anchor_shift=0
[FREE POLY] k=6 disc=0 raw=40 facets=4 vertices=7 rho=8.8 anchor_shift=0
[FREE POLY] k=6 disc=1 raw=40 facets=3 vertices=6 rho=4.8 anchor_shift=0
[FREE POLY] k=6 disc=2 raw=40 facets=3 vertices=6 rho=8.8 anchor_shift=0
[FREE POLY] k=7 disc=0 raw=40 facets=5 vertices=8 rho=9.6 anchor_shift=0
[FREE POLY] k=7 disc=1 raw=40 facets=3 vertices=6 rho=5.6 anchor_shift=0
[FREE POLY] k=7 disc=2 raw=40 facets=3 vertices=6 rho=9.6 anchor_shift=0
[FREE POLY] k=8 disc=0 raw=40 facets=5 vertices=8 rho=10.4 anchor_shift=0
[FREE POLY] k=8 disc=1 raw=40 facets=3 vertices=6 rho=6.4 anchor_shift=0
[FREE POLY] k=8 disc=2 raw=40 facets=4 vertices=7 rho=10.4 anchor_shift=0
[RF SUPPORT SEED] removed=0 support_limit=-1
[SQP] before_solve iter=0 vars=16 constraints=108 max_d=-0.0691435
[QP WORST] iter=0 row=4 type=collision d=-0.0691435
[QP WORST COLLISION] scenario=23 k=1 obstacle=0 disc=0
[SQP] after_solve iter=0 converged=1 status=0 iterations=3 primal_residual=3.05094e-08 dual_residual=3.16637e-05 x_size=16 x_finite=1
[SQP LINESEARCH] iter=0 current_violation=0 accepted_violation=0 accepted=1 alpha=1 delta_u_norm=0.259011
[SQP SUPPORT] iter=0 support_size=0 support_limit=-1 support_ok=1
[SQP] before_solve iter=1 vars=16 constraints=108 max_d=-0.0801242
[QP WORST] iter=1 row=4 type=collision d=-0.0801242
[QP WORST COLLISION] scenario=23 k=1 obstacle=0 disc=0
[SQP] after_solve iter=1 converged=1 status=0 iterations=3 primal_residual=4.42429e-09 dual_residual=1.15827e-05 x_size=16 x_finite=1
[SQP LINESEARCH] iter=1 current_violation=0 accepted_violation=0 accepted=1 alpha=1 delta_u_norm=0.188699
[SQP SUPPORT] iter=1 support_size=0 support_limit=-1 support_ok=1
[SQP] before_solve iter=2 vars=16 constraints=108 max_d=-0.0758558
[QP WORST] iter=2 row=4 type=collision d=-0.0758558
[QP WORST COLLISION] scenario=23 k=1 obstacle=0 disc=0
[SQP] after_solve iter=2 converged=1 status=0 iterations=3 primal_residual=4.43973e-09 dual_residual=7.19724e-06 x_size=16 x_finite=1
[SQP LINESEARCH] iter=2 current_violation=0 accepted_violation=0 accepted=1 alpha=1 delta_u_norm=0.165233
[SQP SUPPORT] iter=2 support_size=0 support_limit=-1 support_ok=1
[SQP] before_solve iter=3 vars=16 constraints=108 max_d=-0.080387
[QP WORST] iter=3 row=4 type=collision d=-0.080387
[QP WORST COLLISION] scenario=23 k=1 obstacle=0 disc=0
[SQP] after_solve iter=3 converged=1 status=0 iterations=3 primal_residual=2.08238e-09 dual_residual=6.16407e-06 x_size=16 x_finite=1
[SQP LINESEARCH] iter=3 current_violation=0 accepted_violation=0 accepted=1 alpha=1 delta_u_norm=0.148212
[SQP SUPPORT] iter=3 support_size=0 support_limit=-1 support_ok=1
[SQP] before_solve iter=4 vars=16 constraints=108 max_d=-0.0779565
[QP WORST] iter=4 row=4 type=collision d=-0.0779565
[QP WORST COLLISION] scenario=23 k=1 obstacle=0 disc=0
[SQP] after_solve iter=4 converged=1 status=0 iterations=3 primal_residual=1.8981e-09 dual_residual=4.39827e-06 x_size=16 x_finite=1
[SQP LINESEARCH] iter=4 current_violation=0 accepted_violation=0 accepted=1 alpha=1 delta_u_norm=0.13757
[SQP SUPPORT] iter=4 support_size=0 support_limit=-1 support_ok=1
[SQP] before_solve iter=5 vars=16 constraints=108 max_d=-0.0800789
[QP WORST] iter=5 row=4 type=collision d=-0.0800789
[QP WORST COLLISION] scenario=23 k=1 obstacle=0 disc=0
[SQP] after_solve iter=5 converged=1 status=0 iterations=3 primal_residual=1.08e-09 dual_residual=3.92649e-06 x_size=16 x_finite=1
[SQP LINESEARCH] iter=5 current_violation=0 accepted_violation=0 accepted=1 alpha=1 delta_u_norm=0.12738
[SQP SUPPORT] iter=5 support_size=0 support_limit=-1 support_ok=1
[SQP] before_solve iter=6 vars=16 constraints=108 max_d=-0.07885
[QP WORST] iter=6 row=4 type=collision d=-0.07885
[QP WORST COLLISION] scenario=23 k=1 obstacle=0 disc=0
[SQP] after_solve iter=6 converged=1 status=0 iterations=3 primal_residual=9.6531e-10 dual_residual=3.04594e-06 x_size=16 x_finite=1
[SQP LINESEARCH] iter=6 current_violation=0 accepted_violation=0 accepted=1 alpha=1 delta_u_norm=0.119911
[SQP SUPPORT] iter=6 support_size=0 support_limit=-1 support_ok=1
[SQP] before_solve iter=7 vars=16 constraints=108 max_d=-0.0799391
[QP WORST] iter=7 row=4 type=collision d=-0.0799391
[QP WORST COLLISION] scenario=23 k=1 obstacle=0 disc=0
[SQP] after_solve iter=7 converged=1 status=0 iterations=3 primal_residual=6.00526e-10 dual_residual=2.64758e-06 x_size=16 x_finite=1
[SQP LINESEARCH] iter=7 current_violation=0 accepted_violation=0 accepted=1 alpha=1 delta_u_norm=0.112591
[SQP SUPPORT] iter=7 support_size=0 support_limit=-1 support_ok=1
[SQP] before_solve iter=8 vars=16 constraints=108 max_d=-0.0793851
[QP WORST] iter=8 row=4 type=collision d=-0.0793851
[QP WORST COLLISION] scenario=23 k=1 obstacle=0 disc=0
[SQP] after_solve iter=8 converged=1 status=0 iterations=3 primal_residual=5.41379e-10 dual_residual=2.15331e-06 x_size=16 x_finite=1
[SQP LINESEARCH] iter=8 current_violation=0 accepted_violation=0 accepted=1 alpha=1 delta_u_norm=0.106557
[SQP SUPPORT] iter=8 support_size=0 support_limit=-1 support_ok=1
[SQP] before_solve iter=9 vars=16 constraints=108 max_d=-0.0800028
[QP WORST] iter=9 row=4 type=collision d=-0.0800028
[QP WORST COLLISION] scenario=23 k=1 obstacle=0 disc=0
[SQP] after_solve iter=9 converged=1 status=0 iterations=3 primal_residual=3.45985e-10 dual_residual=1.80768e-06 x_size=16 x_finite=1
[SQP LINESEARCH] iter=9 current_violation=0 accepted_violation=0 accepted=1 alpha=1 delta_u_norm=0.100711
[SQP SUPPORT] iter=9 support_size=0 support_limit=-1 support_ok=1
[SQP FINAL] final_violation=0 violated_constraints=0
[SUPPORT FINAL] sqp_union=0 final_active=0 support_limit=-1
[SUPPORT FINAL IDS]
[SUPPORT UNION IDS]
[COLD START RECOVERY CHECK] ordinary_sqp_failed=0 seed_available=1 incompatible=0 try_homotopy=0
[HARNESS RESULT] step=40 success=1 controls=8 first_input_present=1
[MPC STEP METRICS] step=40 applied=1 success=1 fallback=0 a=-0.0600385 omega=-0.322525 dt=0.1 acceleration_weight=0.1 steering_weight=0.1 control_cost_unweighted=0.107627 control_cost_weighted=0.0107627 mpc_cost=-17.016 solve_time=0.0354551 qp_solve_time=0.0222985 constraint_time=0.00704281 dro_risk_time=0.000403456 ambiguity_radius=0.00213032 certificate=not_requested
[EVAL SAFETY] step=41 min_center_distance=1.03577 min_clearance=0.0857675 collision_this_step=0 collision_run=0 collision_radius=0.95
[PATH COMPLETION] step=41 completion_progress=8.1097 path_length=25 fraction=0.324388 required_fraction=0.95 termination_enabled=1 completed=0
[DRO SUMMARY] step=42 obstacle=0 S=40 rho=0.00209302 rho_raw=0.00209302 D_max=0.0115351 D_min=0.00578169 tv_bound=0.362009 eta=0.181448 eta_raw=0.181448 radius_m=42 radius_d=3 transport_cost=0 budget_usage=0 lambda=0 q_support=3 nominal_risk=0 qstar_risk=0 risk_lift=0 tv=0
[DRO MODE] step=42 obstacle=0 mode=constant_velocity p=0.333333 risk=0 q=0.333333 delta_q=0 q_times_S=13.3333
[DRO MODE] step=42 obstacle=0 mode=turn_left p=0.425287 risk=0 q=0.425287 delta_q=0 q_times_S=17.0115
[DRO MODE] step=42 obstacle=0 mode=turn_right p=0.241379 risk=0 q=0.241379 delta_q=0 q_times_S=9.65517
[DRO SAMPLE] step=42 obstacle=0 mode=constant_velocity q=0.333333 q_times_S=13.3333 first_count=14 first_fraction=0.35 occupancy=112 occupancy_fraction=0.35
[DRO SAMPLE] step=42 obstacle=0 mode=turn_left q=0.425287 q_times_S=17.0115 first_count=18 first_fraction=0.45 occupancy=144 occupancy_fraction=0.45
[DRO SAMPLE] step=42 obstacle=0 mode=turn_right q=0.241379 q_times_S=9.65517 first_count=8 first_fraction=0.2 occupancy=64 occupancy_fraction=0.2
[RF BACKUP] available=1 controls=8 states=9
[FREE POLY] k=1 disc=0 raw=40 facets=5 vertices=8 rho=4.8 anchor_shift=0
[FREE POLY] k=1 disc=1 raw=40 facets=0 vertices=4 rho=0.800001 anchor_shift=0
[FREE POLY] k=1 disc=2 raw=40 facets=4 vertices=7 rho=4.8 anchor_shift=0
[FREE POLY] k=2 disc=0 raw=40 facets=6 vertices=9 rho=5.6 anchor_shift=0
[FREE POLY] k=2 disc=1 raw=40 facets=0 vertices=4 rho=1.6 anchor_shift=0
[FREE POLY] k=2 disc=2 raw=40 facets=5 vertices=8 rho=5.6 anchor_shift=0
[FREE POLY] k=3 disc=0 raw=40 facets=4 vertices=7 rho=6.4 anchor_shift=0
[FREE POLY] k=3 disc=1 raw=40 facets=2 vertices=6 rho=2.4 anchor_shift=0
[FREE POLY] k=3 disc=2 raw=40 facets=3 vertices=6 rho=6.4 anchor_shift=0
[FREE POLY] k=4 disc=0 raw=40 facets=4 vertices=7 rho=7.2 anchor_shift=0
[FREE POLY] k=4 disc=1 raw=40 facets=2 vertices=5 rho=3.2 anchor_shift=0
[FREE POLY] k=4 disc=2 raw=40 facets=3 vertices=6 rho=7.2 anchor_shift=0
[FREE POLY] k=5 disc=0 raw=40 facets=4 vertices=7 rho=8 anchor_shift=0
[FREE POLY] k=5 disc=1 raw=40 facets=4 vertices=7 rho=4 anchor_shift=0
[FREE POLY] k=5 disc=2 raw=40 facets=4 vertices=7 rho=8 anchor_shift=0
[FREE POLY] k=6 disc=0 raw=40 facets=5 vertices=8 rho=8.8 anchor_shift=0
[FREE POLY] k=6 disc=1 raw=40 facets=4 vertices=7 rho=4.8 anchor_shift=0
[FREE POLY] k=6 disc=2 raw=40 facets=5 vertices=8 rho=8.8 anchor_shift=0
[FREE POLY] k=7 disc=0 raw=40 facets=5 vertices=8 rho=9.6 anchor_shift=0
[FREE POLY] k=7 disc=1 raw=40 facets=3 vertices=6 rho=5.6 anchor_shift=0
[FREE POLY] k=7 disc=2 raw=40 facets=3 vertices=6 rho=9.6 anchor_shift=0
[FREE POLY] k=8 disc=0 raw=40 facets=3 vertices=6 rho=10.4 anchor_shift=0
[FREE POLY] k=8 disc=1 raw=40 facets=2 vertices=5 rho=6.4 anchor_shift=0
[FREE POLY] k=8 disc=2 raw=40 facets=2 vertices=5 rho=10.4 anchor_shift=0
[RF SUPPORT SEED] removed=0 support_limit=-1
[SQP] before_solve iter=0 vars=16 constraints=114 max_d=-0.1247
[QP WORST] iter=0 row=4 type=collision d=-0.1247
[QP WORST COLLISION] scenario=37 k=1 obstacle=0 disc=0
[SQP] after_solve iter=0 converged=1 status=0 iterations=3 primal_residual=4.31079e-16 dual_residual=7.80971e-08 x_size=16 x_finite=1
[SQP LINESEARCH] iter=0 current_violation=0 accepted_violation=0 accepted=1 alpha=1 delta_u_norm=0.251914
[SQP SUPPORT] iter=0 support_size=0 support_limit=-1 support_ok=1
[SQP] before_solve iter=1 vars=16 constraints=114 max_d=-0.133417
[QP WORST] iter=1 row=4 type=collision d=-0.133417
[QP WORST COLLISION] scenario=37 k=1 obstacle=0 disc=0
[SQP] after_solve iter=1 converged=1 status=0 iterations=3 primal_residual=4.31079e-16 dual_residual=1.15157e-08 x_size=16 x_finite=1
[SQP LINESEARCH] iter=1 current_violation=0 accepted_violation=0 accepted=1 alpha=1 delta_u_norm=0.184519
[SQP SUPPORT] iter=1 support_size=0 support_limit=-1 support_ok=1
[SQP] before_solve iter=2 vars=16 constraints=114 max_d=-0.130582
[QP WORST] iter=2 row=4 type=collision d=-0.130582
[QP WORST COLLISION] scenario=37 k=1 obstacle=0 disc=0
[SQP] after_solve iter=2 converged=1 status=0 iterations=3 primal_residual=4.28477e-16 dual_residual=5.06686e-09 x_size=16 x_finite=1
[SQP LINESEARCH] iter=2 current_violation=0 accepted_violation=0 accepted=1 alpha=1 delta_u_norm=0.162361
[SQP SUPPORT] iter=2 support_size=0 support_limit=-1 support_ok=1
[SQP] before_solve iter=3 vars=16 constraints=114 max_d=-0.134282
[QP WORST] iter=3 row=4 type=collision d=-0.134282
[QP WORST COLLISION] scenario=37 k=1 obstacle=0 disc=0
[SQP] after_solve iter=3 converged=1 status=0 iterations=3 primal_residual=4.3715e-16 dual_residual=1.37847e-09 x_size=16 x_finite=1
[SQP LINESEARCH] iter=3 current_violation=0 accepted_violation=0 accepted=1 alpha=1 delta_u_norm=0.14692
[SQP SUPPORT] iter=3 support_size=0 support_limit=-1 support_ok=1
[SQP] before_solve iter=4 vars=16 constraints=114 max_d=-0.132723
[QP WORST] iter=4 row=4 type=collision d=-0.132723
[QP WORST COLLISION] scenario=37 k=1 obstacle=0 disc=0
[SQP] after_solve iter=4 converged=1 status=0 iterations=3 primal_residual=4.21538e-16 dual_residual=4.32891e-10 x_size=16 x_finite=1
[SQP LINESEARCH] iter=4 current_violation=0 accepted_violation=0 accepted=1 alpha=1 delta_u_norm=0.136528
[SQP SUPPORT] iter=4 support_size=0 support_limit=-1 support_ok=1
[SQP] before_solve iter=5 vars=16 constraints=114 max_d=-0.134536
[QP WORST] iter=5 row=4 type=collision d=-0.134536
[QP WORST COLLISION] scenario=37 k=1 obstacle=0 disc=0
[SQP] after_solve iter=5 converged=1 status=0 iterations=3 primal_residual=4.44089e-16 dual_residual=1.60959e-10 x_size=16 x_finite=1
[SQP LINESEARCH] iter=5 current_violation=0 accepted_violation=0 accepted=1 alpha=1 delta_u_norm=0.126922
[SQP SUPPORT] iter=5 support_size=0 support_limit=-1 support_ok=1
[SQP] before_solve iter=6 vars=16 constraints=114 max_d=-0.133825
[QP WORST] iter=6 row=4 type=collision d=-0.133825
[QP WORST COLLISION] scenario=37 k=1 obstacle=0 disc=0
[SQP] after_solve iter=6 converged=1 status=0 iterations=3 primal_residual=4.43222e-16 dual_residual=6.29449e-11 x_size=16 x_finite=1
[SQP LINESEARCH] iter=6 current_violation=0 accepted_violation=0 accepted=1 alpha=1 delta_u_norm=0.119473
[SQP SUPPORT] iter=6 support_size=0 support_limit=-1 support_ok=1
[SQP] before_solve iter=7 vars=16 constraints=114 max_d=-0.134819
[QP WORST] iter=7 row=4 type=collision d=-0.134819
[QP WORST COLLISION] scenario=37 k=1 obstacle=0 disc=0
[SQP] after_solve iter=7 converged=1 status=0 iterations=2 primal_residual=4.42571e-16 dual_residual=6.63962e-05 x_size=16 x_finite=1
[SQP LINESEARCH] iter=7 current_violation=0 accepted_violation=0 accepted=1 alpha=1 delta_u_norm=0.112291
[SQP SUPPORT] iter=7 support_size=0 support_limit=-1 support_ok=1
[SQP] before_solve iter=8 vars=16 constraints=114 max_d=-0.134586
[QP WORST] iter=8 row=4 type=collision d=-0.134586
[QP WORST COLLISION] scenario=37 k=1 obstacle=0 disc=0
[SQP] after_solve iter=8 converged=1 status=0 iterations=2 primal_residual=4.3715e-16 dual_residual=9.83678e-05 x_size=16 x_finite=1
[SQP LINESEARCH] iter=8 current_violation=0 accepted_violation=0 accepted=1 alpha=1 delta_u_norm=0.106216
[SQP SUPPORT] iter=8 support_size=0 support_limit=-1 support_ok=1
[SQP] before_solve iter=9 vars=16 constraints=114 max_d=-0.135119
[QP WORST] iter=9 row=4 type=collision d=-0.135119
[QP WORST COLLISION] scenario=37 k=1 obstacle=0 disc=0
[SQP] after_solve iter=9 converged=1 status=0 iterations=2 primal_residual=4.43764e-16 dual_residual=4.78554e-05 x_size=16 x_finite=1
[SQP LINESEARCH] iter=9 current_violation=0 accepted_violation=0 accepted=1 alpha=1 delta_u_norm=0.1005
[SQP SUPPORT] iter=9 support_size=0 support_limit=-1 support_ok=1
[SQP FINAL] final_violation=0 violated_constraints=0
[SUPPORT FINAL] sqp_union=0 final_active=0 support_limit=-1
[SUPPORT FINAL IDS]
[SUPPORT UNION IDS]
[COLD START RECOVERY CHECK] ordinary_sqp_failed=0 seed_available=1 incompatible=0 try_homotopy=0
[HARNESS RESULT] step=41 success=1 controls=8 first_input_present=1
[MPC STEP METRICS] step=41 applied=1 success=1 fallback=0 a=-0.0216963 omega=-0.31678 dt=0.1 acceleration_weight=0.1 steering_weight=0.1 control_cost_unweighted=0.10082 control_cost_weighted=0.010082 mpc_cost=-17.1708 solve_time=0.0352992 qp_solve_time=0.0222622 constraint_time=0.00722537 dro_risk_time=0.000406881 ambiguity_radius=0.00209302 certificate=not_requested
[EVAL SAFETY] step=42 min_center_distance=1.08881 min_clearance=0.138812 collision_this_step=0 collision_run=0 collision_radius=0.95
[DRO SUMMARY] step=43 obstacle=0 S=40 rho=0.00207201 rho_raw=0.00207201 D_max=0.0115351 D_min=0.00578169 tv_bound=0.358374 eta=0.179627 eta_raw=0.179627 radius_m=43 radius_d=3 transport_cost=0 budget_usage=0 lambda=0 q_support=3 nominal_risk=0 qstar_risk=0 risk_lift=0 tv=0
[DRO MODE] step=43 obstacle=0 mode=constant_velocity p=0.325843 risk=0 q=0.325843 delta_q=0 q_times_S=13.0337
[DRO MODE] step=43 obstacle=0 mode=turn_left p=0.438202 risk=0 q=0.438202 delta_q=0 q_times_S=17.5281
[DRO MODE] step=43 obstacle=0 mode=turn_right p=0.235955 risk=0 q=0.235955 delta_q=0 q_times_S=9.4382
[DRO SAMPLE] step=43 obstacle=0 mode=constant_velocity q=0.325843 q_times_S=13.0337 first_count=7 first_fraction=0.175 occupancy=56 occupancy_fraction=0.175
[DRO SAMPLE] step=43 obstacle=0 mode=turn_left q=0.438202 q_times_S=17.5281 first_count=24 first_fraction=0.6 occupancy=192 occupancy_fraction=0.6
[DRO SAMPLE] step=43 obstacle=0 mode=turn_right q=0.235955 q_times_S=9.4382 first_count=9 first_fraction=0.225 occupancy=72 occupancy_fraction=0.225
[RF BACKUP] available=1 controls=8 states=9
[FREE POLY] k=1 disc=0 raw=40 facets=4 vertices=7 rho=4.8 anchor_shift=0
[FREE POLY] k=1 disc=1 raw=40 facets=0 vertices=4 rho=0.800001 anchor_shift=0
[FREE POLY] k=1 disc=2 raw=40 facets=3 vertices=6 rho=4.8 anchor_shift=0
[FREE POLY] k=2 disc=0 raw=40 facets=4 vertices=7 rho=5.6 anchor_shift=0
[FREE POLY] k=2 disc=1 raw=40 facets=0 vertices=4 rho=1.6 anchor_shift=0
[FREE POLY] k=2 disc=2 raw=40 facets=3 vertices=6 rho=5.6 anchor_shift=0
[FREE POLY] k=3 disc=0 raw=40 facets=5 vertices=8 rho=6.4 anchor_shift=0
[FREE POLY] k=3 disc=1 raw=40 facets=1 vertices=5 rho=2.4 anchor_shift=0
[FREE POLY] k=3 disc=2 raw=40 facets=4 vertices=7 rho=6.4 anchor_shift=0
[FREE POLY] k=4 disc=0 raw=40 facets=4 vertices=7 rho=7.2 anchor_shift=0
[FREE POLY] k=4 disc=1 raw=40 facets=4 vertices=7 rho=3.2 anchor_shift=0
[FREE POLY] k=4 disc=2 raw=40 facets=4 vertices=7 rho=7.2 anchor_shift=0
[FREE POLY] k=5 disc=0 raw=40 facets=4 vertices=7 rho=8 anchor_shift=0
[FREE POLY] k=5 disc=1 raw=40 facets=3 vertices=6 rho=4 anchor_shift=0
[FREE POLY] k=5 disc=2 raw=40 facets=3 vertices=6 rho=8 anchor_shift=0
[FREE POLY] k=6 disc=0 raw=40 facets=4 vertices=7 rho=8.8 anchor_shift=0
[FREE POLY] k=6 disc=1 raw=40 facets=4 vertices=7 rho=4.8 anchor_shift=0
[FREE POLY] k=6 disc=2 raw=40 facets=4 vertices=7 rho=8.8 anchor_shift=0
[FREE POLY] k=7 disc=0 raw=40 facets=3 vertices=6 rho=9.6 anchor_shift=0
[FREE POLY] k=7 disc=1 raw=40 facets=2 vertices=5 rho=5.6 anchor_shift=0
[FREE POLY] k=7 disc=2 raw=40 facets=2 vertices=5 rho=9.6 anchor_shift=0
[FREE POLY] k=8 disc=0 raw=40 facets=3 vertices=6 rho=10.4 anchor_shift=0
[FREE POLY] k=8 disc=1 raw=40 facets=2 vertices=5 rho=6.4 anchor_shift=0
[FREE POLY] k=8 disc=2 raw=40 facets=2 vertices=5 rho=10.4 anchor_shift=0
[RF SUPPORT SEED] removed=0 support_limit=-1
[SQP] before_solve iter=0 vars=16 constraints=104 max_d=-0.226155
[QP WORST] iter=0 row=2 type=collision d=-0.226155
[QP WORST COLLISION] scenario=4 k=1 obstacle=0 disc=0
[SQP] after_solve iter=0 converged=1 status=0 iterations=3 primal_residual=3.93782e-16 dual_residual=1.62024e-09 x_size=16 x_finite=1
[SQP LINESEARCH] iter=0 current_violation=0 accepted_violation=0 accepted=1 alpha=1 delta_u_norm=0.245423
[SQP SUPPORT] iter=0 support_size=0 support_limit=-1 support_ok=1
[SQP] before_solve iter=1 vars=16 constraints=104 max_d=-0.232377
[QP WORST] iter=1 row=2 type=collision d=-0.232377
[QP WORST COLLISION] scenario=4 k=1 obstacle=0 disc=0
[SQP] after_solve iter=1 converged=1 status=0 iterations=3 primal_residual=4.23706e-16 dual_residual=1.12219e-09 x_size=16 x_finite=1
[SQP LINESEARCH] iter=1 current_violation=0 accepted_violation=0 accepted=1 alpha=1 delta_u_norm=0.180403
[SQP SUPPORT] iter=1 support_size=0 support_limit=-1 support_ok=1
[SQP] before_solve iter=2 vars=16 constraints=104 max_d=-0.230439
[QP WORST] iter=2 row=2 type=collision d=-0.230439
[QP WORST COLLISION] scenario=4 k=1 obstacle=0 disc=0
[SQP] after_solve iter=2 converged=1 status=0 iterations=3 primal_residual=4.14599e-16 dual_residual=3.04506e-10 x_size=16 x_finite=1
[SQP LINESEARCH] iter=2 current_violation=0 accepted_violation=0 accepted=1 alpha=1 delta_u_norm=0.15986
[SQP SUPPORT] iter=2 support_size=0 support_limit=-1 support_ok=1
[SQP] before_solve iter=3 vars=16 constraints=104 max_d=-0.233074
[QP WORST] iter=3 row=2 type=collision d=-0.233074
[QP WORST COLLISION] scenario=4 k=1 obstacle=0 disc=0
[SQP] after_solve iter=3 converged=1 status=0 iterations=2 primal_residual=4.30754e-16 dual_residual=6.08738e-05 x_size=16 x_finite=1
[SQP LINESEARCH] iter=3 current_violation=0 accepted_violation=0 accepted=1 alpha=1 delta_u_norm=0.145483
[SQP SUPPORT] iter=3 support_size=0 support_limit=-1 support_ok=1
[SQP] before_solve iter=4 vars=16 constraints=104 max_d=-0.23203
[QP WORST] iter=4 row=2 type=collision d=-0.23203
[QP WORST COLLISION] scenario=4 k=1 obstacle=0 disc=0
[SQP] after_solve iter=4 converged=1 status=0 iterations=2 primal_residual=4.39102e-16 dual_residual=8.85731e-05 x_size=16 x_finite=1
[SQP LINESEARCH] iter=4 current_violation=0 accepted_violation=0 accepted=1 alpha=1 delta_u_norm=0.135339
[SQP SUPPORT] iter=4 support_size=0 support_limit=-1 support_ok=1
[SQP] before_solve iter=5 vars=16 constraints=104 max_d=-0.233282
[QP WORST] iter=5 row=2 type=collision d=-0.233282
[QP WORST COLLISION] scenario=4 k=1 obstacle=0 disc=0
[SQP] after_solve iter=5 converged=1 status=0 iterations=2 primal_residual=4.41162e-16 dual_residual=3.8624e-05 x_size=16 x_finite=1
[SQP LINESEARCH] iter=5 current_violation=0 accepted_violation=0 accepted=1 alpha=1 delta_u_norm=0.126322
[SQP SUPPORT] iter=5 support_size=0 support_limit=-1 support_ok=1
[SQP] before_solve iter=6 vars=16 constraints=104 max_d=-0.232888
[QP WORST] iter=6 row=2 type=collision d=-0.232888
[QP WORST COLLISION] scenario=4 k=1 obstacle=0 disc=0
[SQP] after_solve iter=6 converged=1 status=0 iterations=2 primal_residual=4.01372e-16 dual_residual=4.48577e-05 x_size=16 x_finite=1
[SQP LINESEARCH] iter=6 current_violation=0 accepted_violation=0 accepted=1 alpha=1 delta_u_norm=0.118955
[SQP SUPPORT] iter=6 support_size=0 support_limit=-1 support_ok=1
[SQP] before_solve iter=7 vars=16 constraints=104 max_d=-0.233587
[QP WORST] iter=7 row=2 type=collision d=-0.233587
[QP WORST COLLISION] scenario=4 k=1 obstacle=0 disc=0
[SQP] after_solve iter=7 converged=1 status=0 iterations=2 primal_residual=4.42856e-16 dual_residual=2.75997e-05 x_size=16 x_finite=1
[SQP LINESEARCH] iter=7 current_violation=0 accepted_violation=0 accepted=1 alpha=1 delta_u_norm=0.112092
[SQP SUPPORT] iter=7 support_size=0 support_limit=-1 support_ok=1
[SQP] before_solve iter=8 vars=16 constraints=104 max_d=-0.233518
[QP WORST] iter=8 row=2 type=collision d=-0.233518
[QP WORST COLLISION] scenario=4 k=1 obstacle=0 disc=0
[SQP] after_solve iter=8 converged=1 status=0 iterations=2 primal_residual=4.10154e-16 dual_residual=2.7482e-05 x_size=16 x_finite=1
[SQP LINESEARCH] iter=8 current_violation=0 accepted_violation=0 accepted=1 alpha=1 delta_u_norm=0.106068
[SQP SUPPORT] iter=8 support_size=0 support_limit=-1 support_ok=1
[SQP] before_solve iter=9 vars=16 constraints=104 max_d=-0.233973
[QP WORST] iter=9 row=2 type=collision d=-0.233973
[QP WORST COLLISION] scenario=4 k=1 obstacle=0 disc=0
[SQP] after_solve iter=9 converged=1 status=0 iterations=2 primal_residual=4.3959e-16 dual_residual=1.9164e-05 x_size=16 x_finite=1
[SQP LINESEARCH] iter=9 current_violation=0 accepted_violation=0 accepted=1 alpha=1 delta_u_norm=0.100406
[SQP SUPPORT] iter=9 support_size=0 support_limit=-1 support_ok=1
[SQP FINAL] final_violation=0 violated_constraints=0
[SUPPORT FINAL] sqp_union=0 final_active=0 support_limit=-1
[SUPPORT FINAL IDS]
[SUPPORT UNION IDS]
[COLD START RECOVERY CHECK] ordinary_sqp_failed=0 seed_available=1 incompatible=0 try_homotopy=0
[HARNESS RESULT] step=42 success=1 controls=8 first_input_present=1
[MPC STEP METRICS] step=42 applied=1 success=1 fallback=0 a=-0.047059 omega=-0.282912 dt=0.1 acceleration_weight=0.1 steering_weight=0.1 control_cost_unweighted=0.0822535 control_cost_weighted=0.00822535 mpc_cost=-17.2848 solve_time=0.0344804 qp_solve_time=0.0217822 constraint_time=0.00675965 dro_risk_time=0.000526275 ambiguity_radius=0.00207201 certificate=not_requested
[EVAL SAFETY] step=43 min_center_distance=1.18763 min_clearance=0.237632 collision_this_step=0 collision_run=0 collision_radius=0.95
[DRO SUMMARY] step=44 obstacle=0 S=40 rho=0.00205057 rho_raw=0.00205057 D_max=0.0115351 D_min=0.00578169 tv_bound=0.354667 eta=0.177768 eta_raw=0.177768 radius_m=44 radius_d=3 transport_cost=0 budget_usage=0 lambda=0 q_support=3 nominal_risk=0 qstar_risk=0 risk_lift=0 tv=0
[DRO MODE] step=44 obstacle=0 mode=constant_velocity p=0.318681 risk=0 q=0.318681 delta_q=0 q_times_S=12.7473
[DRO MODE] step=44 obstacle=0 mode=turn_left p=0.450549 risk=0 q=0.450549 delta_q=0 q_times_S=18.022
[DRO MODE] step=44 obstacle=0 mode=turn_right p=0.230769 risk=0 q=0.230769 delta_q=0 q_times_S=9.23077
[DRO SAMPLE] step=44 obstacle=0 mode=constant_velocity q=0.318681 q_times_S=12.7473 first_count=14 first_fraction=0.35 occupancy=112 occupancy_fraction=0.35
[DRO SAMPLE] step=44 obstacle=0 mode=turn_left q=0.450549 q_times_S=18.022 first_count=17 first_fraction=0.425 occupancy=136 occupancy_fraction=0.425
[DRO SAMPLE] step=44 obstacle=0 mode=turn_right q=0.230769 q_times_S=9.23077 first_count=9 first_fraction=0.225 occupancy=72 occupancy_fraction=0.225
[RF BACKUP] available=1 controls=8 states=9
[FREE POLY] k=1 disc=0 raw=40 facets=3 vertices=6 rho=4.8 anchor_shift=0
[FREE POLY] k=1 disc=1 raw=40 facets=0 vertices=4 rho=0.800001 anchor_shift=0
[FREE POLY] k=1 disc=2 raw=40 facets=2 vertices=5 rho=4.8 anchor_shift=0
[FREE POLY] k=2 disc=0 raw=40 facets=3 vertices=6 rho=5.6 anchor_shift=0
[FREE POLY] k=2 disc=1 raw=40 facets=0 vertices=4 rho=1.6 anchor_shift=0
[FREE POLY] k=2 disc=2 raw=40 facets=3 vertices=6 rho=5.6 anchor_shift=0
[FREE POLY] k=3 disc=0 raw=40 facets=3 vertices=6 rho=6.4 anchor_shift=0
[FREE POLY] k=3 disc=1 raw=40 facets=0 vertices=4 rho=2.4 anchor_shift=0
[FREE POLY] k=3 disc=2 raw=40 facets=3 vertices=6 rho=6.4 anchor_shift=0
[FREE POLY] k=4 disc=0 raw=40 facets=4 vertices=7 rho=7.2 anchor_shift=0
[FREE POLY] k=4 disc=1 raw=40 facets=3 vertices=6 rho=3.2 anchor_shift=0
[FREE POLY] k=4 disc=2 raw=40 facets=4 vertices=7 rho=7.2 anchor_shift=0
[FREE POLY] k=5 disc=0 raw=40 facets=4 vertices=7 rho=8 anchor_shift=0
[FREE POLY] k=5 disc=1 raw=40 facets=4 vertices=7 rho=4 anchor_shift=0
[FREE POLY] k=5 disc=2 raw=40 facets=4 vertices=7 rho=8 anchor_shift=0
[FREE POLY] k=6 disc=0 raw=40 facets=4 vertices=7 rho=8.8 anchor_shift=0
[FREE POLY] k=6 disc=1 raw=40 facets=4 vertices=7 rho=4.8 anchor_shift=0
[FREE POLY] k=6 disc=2 raw=40 facets=4 vertices=7 rho=8.8 anchor_shift=0
[FREE POLY] k=7 disc=0 raw=40 facets=4 vertices=7 rho=9.6 anchor_shift=0
[FREE POLY] k=7 disc=1 raw=40 facets=4 vertices=7 rho=5.6 anchor_shift=0
[FREE POLY] k=7 disc=2 raw=40 facets=4 vertices=7 rho=9.6 anchor_shift=0
[FREE POLY] k=8 disc=0 raw=40 facets=4 vertices=7 rho=10.4 anchor_shift=0
[FREE POLY] k=8 disc=1 raw=40 facets=4 vertices=7 rho=6.4 anchor_shift=0
[FREE POLY] k=8 disc=2 raw=40 facets=4 vertices=7 rho=10.4 anchor_shift=0
[RF SUPPORT SEED] removed=0 support_limit=-1
[SQP] before_solve iter=0 vars=16 constraints=108 max_d=-0.361606
[QP WORST] iter=0 row=2 type=collision d=-0.361606
[QP WORST COLLISION] scenario=19 k=1 obstacle=0 disc=0
[SQP] after_solve iter=0 converged=1 status=0 iterations=3 primal_residual=4.26091e-16 dual_residual=5.35261e-10 x_size=16 x_finite=1
[SQP LINESEARCH] iter=0 current_violation=0 accepted_violation=0 accepted=1 alpha=1 delta_u_norm=0.240733
[SQP SUPPORT] iter=0 support_size=0 support_limit=-1 support_ok=1
[SQP] before_solve iter=1 vars=16 constraints=108 max_d=-0.365958
[QP WORST] iter=1 row=2 type=collision d=-0.365958
[QP WORST COLLISION] scenario=19 k=1 obstacle=0 disc=0
[SQP] after_solve iter=1 converged=1 status=0 iterations=2 primal_residual=4.28694e-16 dual_residual=8.07849e-05 x_size=16 x_finite=1
[SQP LINESEARCH] iter=1 current_violation=0 accepted_violation=0 accepted=1 alpha=1 delta_u_norm=0.177038
[SQP SUPPORT] iter=1 support_size=0 support_limit=-1 support_ok=1
[SQP] before_solve iter=2 vars=16 constraints=108 max_d=-0.364449
[QP WORST] iter=2 row=2 type=collision d=-0.364449
[QP WORST COLLISION] scenario=19 k=1 obstacle=0 disc=0
[SQP] after_solve iter=2 converged=1 status=0 iterations=2 primal_residual=4.38018e-16 dual_residual=5.55238e-05 x_size=16 x_finite=1
[SQP LINESEARCH] iter=2 current_violation=0 accepted_violation=0 accepted=1 alpha=1 delta_u_norm=0.157497
[SQP SUPPORT] iter=2 support_size=0 support_limit=-1 support_ok=1
[SQP] before_solve iter=3 vars=16 constraints=108 max_d=-0.366171
[QP WORST] iter=3 row=2 type=collision d=-0.366171
[QP WORST COLLISION] scenario=19 k=1 obstacle=0 disc=0
[SQP] after_solve iter=3 converged=1 status=0 iterations=2 primal_residual=4.12864e-16 dual_residual=3.22167e-05 x_size=16 x_finite=1
[SQP LINESEARCH] iter=3 current_violation=0 accepted_violation=0 accepted=1 alpha=1 delta_u_norm=0.144429
[SQP SUPPORT] iter=3 support_size=0 support_limit=-1 support_ok=1
[SQP] before_solve iter=4 vars=16 constraints=108 max_d=-0.365414
[QP WORST] iter=4 row=2 type=collision d=-0.365414
[QP WORST COLLISION] scenario=19 k=1 obstacle=0 disc=0
[SQP] after_solve iter=4 converged=1 status=0 iterations=2 primal_residual=4.36175e-16 dual_residual=3.08441e-05 x_size=16 x_finite=1
[SQP LINESEARCH] iter=4 current_violation=0 accepted_violation=0 accepted=1 alpha=1 delta_u_norm=0.134675
[SQP SUPPORT] iter=4 support_size=0 support_limit=-1 support_ok=1
[SQP] before_solve iter=5 vars=16 constraints=108 max_d=-0.366218
[QP WORST] iter=5 row=2 type=collision d=-0.366218
[QP WORST COLLISION] scenario=19 k=1 obstacle=0 disc=0
[SQP] after_solve iter=5 converged=1 status=0 iterations=2 primal_residual=4.23273e-16 dual_residual=1.78687e-05 x_size=16 x_finite=1
[SQP LINESEARCH] iter=5 current_violation=0 accepted_violation=0 accepted=1 alpha=1 delta_u_norm=0.125973
[SQP SUPPORT] iter=5 support_size=0 support_limit=-1 support_ok=1
[SQP] before_solve iter=6 vars=16 constraints=108 max_d=-0.365899
[QP WORST] iter=6 row=2 type=collision d=-0.365899
[QP WORST COLLISION] scenario=19 k=1 obstacle=0 disc=0
[SQP] after_solve iter=6 converged=1 status=0 iterations=2 primal_residual=4.34115e-16 dual_residual=1.85493e-05 x_size=16 x_finite=1
[SQP LINESEARCH] iter=6 current_violation=0 accepted_violation=0 accepted=1 alpha=1 delta_u_norm=0.118674
[SQP SUPPORT] iter=6 support_size=0 support_limit=-1 support_ok=1
[SQP] before_solve iter=7 vars=16 constraints=108 max_d=-0.366333
[QP WORST] iter=7 row=2 type=collision d=-0.366333
[QP WORST COLLISION] scenario=19 k=1 obstacle=0 disc=0
[SQP] after_solve iter=7 converged=1 status=0 iterations=2 primal_residual=4.3715e-16 dual_residual=1.22211e-05 x_size=16 x_finite=1
[SQP LINESEARCH] iter=7 current_violation=0 accepted_violation=0 accepted=1 alpha=1 delta_u_norm=0.111911
[SQP SUPPORT] iter=7 support_size=0 support_limit=-1 support_ok=1
[SQP] before_solve iter=8 vars=16 constraints=108 max_d=-0.366244
[QP WORST] iter=8 row=2 type=collision d=-0.366244
[QP WORST COLLISION] scenario=19 k=1 obstacle=0 disc=0
[SQP] after_solve iter=8 converged=1 status=0 iterations=2 primal_residual=4.35849e-16 dual_residual=1.17217e-05 x_size=16 x_finite=1
[SQP LINESEARCH] iter=8 current_violation=0 accepted_violation=0 accepted=1 alpha=1 delta_u_norm=0.105899
[SQP SUPPORT] iter=8 support_size=0 support_limit=-1 support_ok=1
[SQP] before_solve iter=9 vars=16 constraints=108 max_d=-0.366518
[QP WORST] iter=9 row=2 type=collision d=-0.366518
[QP WORST COLLISION] scenario=19 k=1 obstacle=0 disc=0
[SQP] after_solve iter=9 converged=1 status=0 iterations=2 primal_residual=4.25387e-16 dual_residual=8.50481e-06 x_size=16 x_finite=1
[SQP LINESEARCH] iter=9 current_violation=0 accepted_violation=0 accepted=1 alpha=1 delta_u_norm=0.100274
[SQP SUPPORT] iter=9 support_size=0 support_limit=-1 support_ok=1
[SQP FINAL] final_violation=0 violated_constraints=0
[SUPPORT FINAL] sqp_union=0 final_active=0 support_limit=-1
[SUPPORT FINAL IDS]
[SUPPORT UNION IDS]
[COLD START RECOVERY CHECK] ordinary_sqp_failed=0 seed_available=1 incompatible=0 try_homotopy=0
[HARNESS RESULT] step=43 success=1 controls=8 first_input_present=1
[MPC STEP METRICS] step=43 applied=1 success=1 fallback=0 a=-0.00595752 omega=-0.204502 dt=0.1 acceleration_weight=0.1 steering_weight=0.1 control_cost_unweighted=0.0418565 control_cost_weighted=0.00418565 mpc_cost=-17.3696 solve_time=0.0345233 qp_solve_time=0.02174 constraint_time=0.00700375 dro_risk_time=0.000401121 ambiguity_radius=0.00205057 certificate=not_requested
[EVAL SAFETY] step=44 min_center_distance=1.32467 min_clearance=0.374669 collision_this_step=0 collision_run=0 collision_radius=0.95
[DRO SUMMARY] step=45 obstacle=0 S=40 rho=0.00203505 rho_raw=0.00203505 D_max=0.0115351 D_min=0.00578169 tv_bound=0.351982 eta=0.176422 eta_raw=0.176422 radius_m=45 radius_d=3 transport_cost=0 budget_usage=0 lambda=0 q_support=3 nominal_risk=0 qstar_risk=0 risk_lift=0 tv=0
[DRO MODE] step=45 obstacle=0 mode=constant_velocity p=0.311828 risk=0 q=0.311828 delta_q=0 q_times_S=12.4731
[DRO MODE] step=45 obstacle=0 mode=turn_left p=0.44086 risk=0 q=0.44086 delta_q=0 q_times_S=17.6344
[DRO MODE] step=45 obstacle=0 mode=turn_right p=0.247312 risk=0 q=0.247312 delta_q=0 q_times_S=9.89247
[DRO SAMPLE] step=45 obstacle=0 mode=constant_velocity q=0.311828 q_times_S=12.4731 first_count=14 first_fraction=0.35 occupancy=112 occupancy_fraction=0.35
[DRO SAMPLE] step=45 obstacle=0 mode=turn_left q=0.44086 q_times_S=17.6344 first_count=21 first_fraction=0.525 occupancy=168 occupancy_fraction=0.525
[DRO SAMPLE] step=45 obstacle=0 mode=turn_right q=0.247312 q_times_S=9.89247 first_count=5 first_fraction=0.125 occupancy=40 occupancy_fraction=0.125
[RF BACKUP] available=1 controls=8 states=9
[FREE POLY] k=1 disc=0 raw=40 facets=3 vertices=6 rho=4.8 anchor_shift=0
[FREE POLY] k=1 disc=1 raw=40 facets=0 vertices=4 rho=0.800001 anchor_shift=0
[FREE POLY] k=1 disc=2 raw=40 facets=2 vertices=5 rho=4.8 anchor_shift=0
[FREE POLY] k=2 disc=0 raw=40 facets=3 vertices=6 rho=5.6 anchor_shift=0
[FREE POLY] k=2 disc=1 raw=40 facets=0 vertices=4 rho=1.6 anchor_shift=0
[FREE POLY] k=2 disc=2 raw=40 facets=2 vertices=5 rho=5.6 anchor_shift=0
[FREE POLY] k=3 disc=0 raw=40 facets=3 vertices=6 rho=6.4 anchor_shift=0
[FREE POLY] k=3 disc=1 raw=40 facets=0 vertices=4 rho=2.4 anchor_shift=0
[FREE POLY] k=3 disc=2 raw=40 facets=2 vertices=5 rho=6.4 anchor_shift=0
[FREE POLY] k=4 disc=0 raw=40 facets=5 vertices=8 rho=7.2 anchor_shift=0
[FREE POLY] k=4 disc=1 raw=40 facets=2 vertices=5 rho=3.2 anchor_shift=0
[FREE POLY] k=4 disc=2 raw=40 facets=3 vertices=6 rho=7.2 anchor_shift=0
[FREE POLY] k=5 disc=0 raw=40 facets=4 vertices=7 rho=8 anchor_shift=0
[FREE POLY] k=5 disc=1 raw=40 facets=2 vertices=5 rho=4 anchor_shift=0
[FREE POLY] k=5 disc=2 raw=40 facets=2 vertices=5 rho=8 anchor_shift=0
[FREE POLY] k=6 disc=0 raw=40 facets=4 vertices=7 rho=8.8 anchor_shift=0
[FREE POLY] k=6 disc=1 raw=40 facets=2 vertices=5 rho=4.8 anchor_shift=0
[FREE POLY] k=6 disc=2 raw=40 facets=2 vertices=5 rho=8.8 anchor_shift=0
[FREE POLY] k=7 disc=0 raw=40 facets=4 vertices=7 rho=9.6 anchor_shift=0
[FREE POLY] k=7 disc=1 raw=40 facets=2 vertices=5 rho=5.6 anchor_shift=0
[FREE POLY] k=7 disc=2 raw=40 facets=2 vertices=5 rho=9.6 anchor_shift=0
[FREE POLY] k=8 disc=0 raw=40 facets=4 vertices=7 rho=10.4 anchor_shift=0
[FREE POLY] k=8 disc=1 raw=40 facets=2 vertices=5 rho=6.4 anchor_shift=0
[FREE POLY] k=8 disc=2 raw=40 facets=2 vertices=5 rho=10.4 anchor_shift=0
[RF SUPPORT SEED] removed=0 support_limit=-1
[SQP] before_solve iter=0 vars=16 constraints=89 max_d=-0.520124
[QP WORST] iter=0 row=2 type=collision d=-0.520124
[QP WORST COLLISION] scenario=38 k=1 obstacle=0 disc=0
[SQP] after_solve iter=0 converged=1 status=0 iterations=2 primal_residual=4.30211e-16 dual_residual=8.1426e-05 x_size=16 x_finite=1
[SQP LINESEARCH] iter=0 current_violation=0 accepted_violation=0 accepted=1 alpha=1 delta_u_norm=0.236788
[SQP SUPPORT] iter=0 support_size=0 support_limit=-1 support_ok=1
[SQP] before_solve iter=1 vars=16 constraints=89 max_d=-0.523191
[QP WORST] iter=1 row=2 type=collision d=-0.523191
[QP WORST COLLISION] scenario=38 k=1 obstacle=0 disc=0
[SQP] after_solve iter=1 converged=1 status=0 iterations=2 primal_residual=4.00721e-16 dual_residual=5.95997e-05 x_size=16 x_finite=1
[SQP LINESEARCH] iter=1 current_violation=0 accepted_violation=0 accepted=1 alpha=1 delta_u_norm=0.174906
[SQP SUPPORT] iter=1 support_size=0 support_limit=-1 support_ok=1
[SQP] before_solve iter=2 vars=16 constraints=89 max_d=-0.522196
[QP WORST] iter=2 row=2 type=collision d=-0.522196
[QP WORST COLLISION] scenario=38 k=1 obstacle=0 disc=0
[SQP] after_solve iter=2 converged=1 status=0 iterations=2 primal_residual=4.26742e-16 dual_residual=4.6374e-05 x_size=16 x_finite=1
[SQP LINESEARCH] iter=2 current_violation=0 accepted_violation=0 accepted=1 alpha=1 delta_u_norm=0.156301
[SQP SUPPORT] iter=2 support_size=0 support_limit=-1 support_ok=1
[SQP] before_solve iter=3 vars=16 constraints=89 max_d=-0.523367
[QP WORST] iter=3 row=2 type=collision d=-0.523367
[QP WORST COLLISION] scenario=38 k=1 obstacle=0 disc=0
[SQP] after_solve iter=3 converged=1 status=0 iterations=2 primal_residual=4.19369e-16 dual_residual=2.46729e-05 x_size=16 x_finite=1
[SQP LINESEARCH] iter=3 current_violation=0 accepted_violation=0 accepted=1 alpha=1 delta_u_norm=0.143892
[SQP SUPPORT] iter=3 support_size=0 support_limit=-1 support_ok=1
[SQP] before_solve iter=4 vars=16 constraints=89 max_d=-0.522848
[QP WORST] iter=4 row=2 type=collision d=-0.522848
[QP WORST COLLISION] scenario=38 k=1 obstacle=0 disc=0
[SQP] after_solve iter=4 converged=1 status=0 iterations=2 primal_residual=4.42246e-16 dual_residual=2.60973e-05 x_size=16 x_finite=1
[SQP LINESEARCH] iter=4 current_violation=0 accepted_violation=0 accepted=1 alpha=1 delta_u_norm=0.134323
[SQP SUPPORT] iter=4 support_size=0 support_limit=-1 support_ok=1
[SQP] before_solve iter=5 vars=16 constraints=89 max_d=-0.523394
[QP WORST] iter=5 row=2 type=collision d=-0.523394
[QP WORST COLLISION] scenario=38 k=1 obstacle=0 disc=0
[SQP] after_solve iter=5 converged=1 status=0 iterations=2 primal_residual=4.39969e-16 dual_residual=1.48646e-05 x_size=16 x_finite=1
[SQP LINESEARCH] iter=5 current_violation=0 accepted_violation=0 accepted=1 alpha=1 delta_u_norm=0.125821
[SQP SUPPORT] iter=5 support_size=0 support_limit=-1 support_ok=1
[SQP] before_solve iter=6 vars=16 constraints=89 max_d=-0.523176
[QP WORST] iter=6 row=2 type=collision d=-0.523176
[QP WORST COLLISION] scenario=38 k=1 obstacle=0 disc=0
[SQP] after_solve iter=6 converged=1 status=0 iterations=2 primal_residual=4.44143e-16 dual_residual=1.56714e-05 x_size=16 x_finite=1
[SQP LINESEARCH] iter=6 current_violation=0 accepted_violation=0 accepted=1 alpha=1 delta_u_norm=0.118551
[SQP SUPPORT] iter=6 support_size=0 support_limit=-1 support_ok=1
[SQP] before_solve iter=7 vars=16 constraints=89 max_d=-0.523475
[QP WORST] iter=7 row=2 type=collision d=-0.523475
[QP WORST COLLISION] scenario=38 k=1 obstacle=0 disc=0
[SQP] after_solve iter=7 converged=1 status=0 iterations=2 primal_residual=4.32695e-16 dual_residual=1.03904e-05 x_size=16 x_finite=1
[SQP LINESEARCH] iter=7 current_violation=0 accepted_violation=0 accepted=1 alpha=1 delta_u_norm=0.111852
[SQP SUPPORT] iter=7 support_size=0 support_limit=-1 support_ok=1
[SQP] before_solve iter=8 vars=16 constraints=89 max_d=-0.523417
[QP WORST] iter=8 row=2 type=collision d=-0.523417
[QP WORST COLLISION] scenario=38 k=1 obstacle=0 disc=0
[SQP] after_solve iter=8 converged=1 status=0 iterations=2 primal_residual=4.03886e-16 dual_residual=9.88085e-06 x_size=16 x_finite=1
[SQP LINESEARCH] iter=8 current_violation=0 accepted_violation=0 accepted=1 alpha=1 delta_u_norm=0.105843
[SQP SUPPORT] iter=8 support_size=0 support_limit=-1 support_ok=1
[SQP] before_solve iter=9 vars=16 constraints=89 max_d=-0.52361
[QP WORST] iter=9 row=2 type=collision d=-0.52361
[QP WORST COLLISION] scenario=38 k=1 obstacle=0 disc=0
[SQP] after_solve iter=9 converged=1 status=0 iterations=2 primal_residual=4.44089e-16 dual_residual=7.27426e-06 x_size=16 x_finite=1
[SQP LINESEARCH] iter=9 current_violation=0 accepted_violation=0 accepted=1 alpha=1 delta_u_norm=0.100241
[SQP SUPPORT] iter=9 support_size=0 support_limit=-1 support_ok=1
[SQP FINAL] final_violation=0 violated_constraints=0
[SUPPORT FINAL] sqp_union=0 final_active=0 support_limit=-1
[SUPPORT FINAL IDS]
[SUPPORT UNION IDS]
[COLD START RECOVERY CHECK] ordinary_sqp_failed=0 seed_available=1 incompatible=0 try_homotopy=0
[HARNESS RESULT] step=44 success=1 controls=8 first_input_present=1
[MPC STEP METRICS] step=44 applied=1 success=1 fallback=0 a=-0.0209283 omega=-0.194604 dt=0.1 acceleration_weight=0.1 steering_weight=0.1 control_cost_unweighted=0.0383089 control_cost_weighted=0.00383089 mpc_cost=-17.4279 solve_time=0.0328121 qp_solve_time=0.0202601 constraint_time=0.00676226 dro_risk_time=0.00040645 ambiguity_radius=0.00203505 certificate=not_requested
[EVAL SAFETY] step=45 min_center_distance=1.48035 min_clearance=0.530349 collision_this_step=0 collision_run=0 collision_radius=0.95
[DRO SUMMARY] step=46 obstacle=0 S=40 rho=0.00201812 rho_raw=0.00201812 D_max=0.0115351 D_min=0.00578169 tv_bound=0.349054 eta=0.174955 eta_raw=0.174955 radius_m=46 radius_d=3 transport_cost=0 budget_usage=0 lambda=0 q_support=3 nominal_risk=0 qstar_risk=0 risk_lift=0 tv=0
[DRO MODE] step=46 obstacle=0 mode=constant_velocity p=0.305263 risk=0 q=0.305263 delta_q=0 q_times_S=12.2105
[DRO MODE] step=46 obstacle=0 mode=turn_left p=0.431579 risk=0 q=0.431579 delta_q=0 q_times_S=17.2632
[DRO MODE] step=46 obstacle=0 mode=turn_right p=0.263158 risk=0 q=0.263158 delta_q=0 q_times_S=10.5263
[DRO SAMPLE] step=46 obstacle=0 mode=constant_velocity q=0.305263 q_times_S=12.2105 first_count=10 first_fraction=0.25 occupancy=80 occupancy_fraction=0.25
[DRO SAMPLE] step=46 obstacle=0 mode=turn_left q=0.431579 q_times_S=17.2632 first_count=14 first_fraction=0.35 occupancy=112 occupancy_fraction=0.35
[DRO SAMPLE] step=46 obstacle=0 mode=turn_right q=0.263158 q_times_S=10.5263 first_count=16 first_fraction=0.4 occupancy=128 occupancy_fraction=0.4
[RF BACKUP] available=1 controls=8 states=9
[FREE POLY] k=1 disc=0 raw=40 facets=3 vertices=6 rho=4.8 anchor_shift=0
[FREE POLY] k=1 disc=1 raw=40 facets=0 vertices=4 rho=0.800001 anchor_shift=0
[FREE POLY] k=1 disc=2 raw=40 facets=3 vertices=6 rho=4.8 anchor_shift=0
[FREE POLY] k=2 disc=0 raw=40 facets=3 vertices=6 rho=5.6 anchor_shift=0
[FREE POLY] k=2 disc=1 raw=40 facets=0 vertices=4 rho=1.6 anchor_shift=0
[FREE POLY] k=2 disc=2 raw=40 facets=3 vertices=6 rho=5.6 anchor_shift=0
[FREE POLY] k=3 disc=0 raw=40 facets=4 vertices=7 rho=6.4 anchor_shift=0
[FREE POLY] k=3 disc=1 raw=40 facets=0 vertices=4 rho=2.4 anchor_shift=0
[FREE POLY] k=3 disc=2 raw=40 facets=3 vertices=6 rho=6.4 anchor_shift=0
[FREE POLY] k=4 disc=0 raw=40 facets=4 vertices=7 rho=7.2 anchor_shift=0
[FREE POLY] k=4 disc=1 raw=40 facets=1 vertices=5 rho=3.2 anchor_shift=0
[FREE POLY] k=4 disc=2 raw=40 facets=2 vertices=5 rho=7.2 anchor_shift=0
[FREE POLY] k=5 disc=0 raw=40 facets=5 vertices=8 rho=8 anchor_shift=0
[FREE POLY] k=5 disc=1 raw=40 facets=3 vertices=6 rho=4 anchor_shift=0
[FREE POLY] k=5 disc=2 raw=40 facets=4 vertices=7 rho=8 anchor_shift=0
[FREE POLY] k=6 disc=0 raw=40 facets=4 vertices=7 rho=8.8 anchor_shift=0
[FREE POLY] k=6 disc=1 raw=40 facets=2 vertices=5 rho=4.8 anchor_shift=0
[FREE POLY] k=6 disc=2 raw=40 facets=4 vertices=7 rho=8.8 anchor_shift=0
[FREE POLY] k=7 disc=0 raw=40 facets=5 vertices=8 rho=9.6 anchor_shift=0
[FREE POLY] k=7 disc=1 raw=40 facets=4 vertices=7 rho=5.6 anchor_shift=0
[FREE POLY] k=7 disc=2 raw=40 facets=4 vertices=7 rho=9.6 anchor_shift=0
[FREE POLY] k=8 disc=0 raw=40 facets=5 vertices=8 rho=10.4 anchor_shift=0
[FREE POLY] k=8 disc=1 raw=40 facets=3 vertices=6 rho=6.4 anchor_shift=0
[FREE POLY] k=8 disc=2 raw=40 facets=3 vertices=6 rho=10.4 anchor_shift=0
[RF SUPPORT SEED] removed=0 support_limit=-1
[SQP] before_solve iter=0 vars=16 constraints=104 max_d=-0.692191
[QP WORST] iter=0 row=1 type=collision d=-0.692191
[QP WORST COLLISION] scenario=15 k=1 obstacle=0 disc=0
[SQP] after_solve iter=0 converged=1 status=0 iterations=2 primal_residual=4.38885e-16 dual_residual=6.85516e-05 x_size=16 x_finite=1
[SQP LINESEARCH] iter=0 current_violation=0 accepted_violation=0 accepted=1 alpha=1 delta_u_norm=0.234416
[SQP SUPPORT] iter=0 support_size=0 support_limit=-1 support_ok=1
[SQP] before_solve iter=1 vars=16 constraints=104 max_d=-0.694391
[QP WORST] iter=1 row=1 type=collision d=-0.694391
[QP WORST COLLISION] scenario=15 k=1 obstacle=0 disc=0
[SQP] after_solve iter=1 converged=1 status=0 iterations=2 primal_residual=4.38262e-16 dual_residual=4.75185e-05 x_size=16 x_finite=1
[SQP LINESEARCH] iter=1 current_violation=0 accepted_violation=0 accepted=1 alpha=1 delta_u_norm=0.173529
[SQP SUPPORT] iter=1 support_size=0 support_limit=-1 support_ok=1
[SQP] before_solve iter=2 vars=16 constraints=104 max_d=-0.69369
[QP WORST] iter=2 row=1 type=collision d=-0.69369
[QP WORST COLLISION] scenario=15 k=1 obstacle=0 disc=0
[SQP] after_solve iter=2 converged=1 status=0 iterations=2 primal_residual=3.92048e-16 dual_residual=3.93036e-05 x_size=16 x_finite=1
[SQP LINESEARCH] iter=2 current_violation=0 accepted_violation=0 accepted=1 alpha=1 delta_u_norm=0.15553
[SQP SUPPORT] iter=2 support_size=0 support_limit=-1 support_ok=1
[SQP] before_solve iter=3 vars=16 constraints=104 max_d=-0.694497
[QP WORST] iter=3 row=1 type=collision d=-0.694497
[QP WORST COLLISION] scenario=15 k=1 obstacle=0 disc=0
[SQP] after_solve iter=3 converged=1 status=0 iterations=2 primal_residual=4.44089e-16 dual_residual=1.99932e-05 x_size=16 x_finite=1
[SQP LINESEARCH] iter=3 current_violation=0 accepted_violation=0 accepted=1 alpha=1 delta_u_norm=0.143528
[SQP SUPPORT] iter=3 support_size=0 support_limit=-1 support_ok=1
[SQP] before_solve iter=4 vars=16 constraints=104 max_d=-0.69412
[QP WORST] iter=4 row=1 type=collision d=-0.69412
[QP WORST COLLISION] scenario=15 k=1 obstacle=0 disc=0
[SQP] after_solve iter=4 converged=1 status=0 iterations=2 primal_residual=4.30211e-16 dual_residual=2.20679e-05 x_size=16 x_finite=1
[SQP LINESEARCH] iter=4 current_violation=0 accepted_violation=0 accepted=1 alpha=1 delta_u_norm=0.134066
[SQP SUPPORT] iter=4 support_size=0 support_limit=-1 support_ok=1
[SQP] before_solve iter=5 vars=16 constraints=104 max_d=-0.694497
[QP WORST] iter=5 row=1 type=collision d=-0.694497
[QP WORST COLLISION] scenario=15 k=1 obstacle=0 disc=0
[SQP] after_solve iter=5 converged=1 status=0 iterations=2 primal_residual=4.37448e-16 dual_residual=1.25892e-05 x_size=16 x_finite=1
[SQP LINESEARCH] iter=5 current_violation=0 accepted_violation=0 accepted=1 alpha=1 delta_u_norm=0.125687
[SQP SUPPORT] iter=5 support_size=0 support_limit=-1 support_ok=1
[SQP] before_solve iter=6 vars=16 constraints=104 max_d=-0.69434
[QP WORST] iter=6 row=1 type=collision d=-0.69434
[QP WORST COLLISION] scenario=15 k=1 obstacle=0 disc=0
[SQP] after_solve iter=6 converged=1 status=0 iterations=2 primal_residual=4.33572e-16 dual_residual=1.32168e-05 x_size=16 x_finite=1
[SQP LINESEARCH] iter=6 current_violation=0 accepted_violation=0 accepted=1 alpha=1 delta_u_norm=0.118433
[SQP SUPPORT] iter=6 support_size=0 support_limit=-1 support_ok=1
[SQP] before_solve iter=7 vars=16 constraints=104 max_d=-0.694551
[QP WORST] iter=7 row=1 type=collision d=-0.694551
[QP WORST COLLISION] scenario=15 k=1 obstacle=0 disc=0
[SQP] after_solve iter=7 converged=1 status=0 iterations=2 primal_residual=4.39617e-16 dual_residual=8.7585e-06 x_size=16 x_finite=1
[SQP LINESEARCH] iter=7 current_violation=0 accepted_violation=0 accepted=1 alpha=1 delta_u_norm=0.111775
[SQP SUPPORT] iter=7 support_size=0 support_limit=-1 support_ok=1
[SQP] before_solve iter=8 vars=16 constraints=104 max_d=-0.694513
[QP WORST] iter=8 row=1 type=collision d=-0.694513
[QP WORST COLLISION] scenario=15 k=1 obstacle=0 disc=0
[SQP] after_solve iter=8 converged=1 status=0 iterations=2 primal_residual=4.41487e-16 dual_residual=8.44238e-06 x_size=16 x_finite=1
[SQP LINESEARCH] iter=8 current_violation=0 accepted_violation=0 accepted=1 alpha=1 delta_u_norm=0.105768
[SQP SUPPORT] iter=8 support_size=0 support_limit=-1 support_ok=1
[SQP] before_solve iter=9 vars=16 constraints=104 max_d=-0.694654
[QP WORST] iter=9 row=1 type=collision d=-0.694654
[QP WORST COLLISION] scenario=15 k=1 obstacle=0 disc=0
[SQP] after_solve iter=9 converged=1 status=0 iterations=2 primal_residual=4.1403e-16 dual_residual=6.41756e-06 x_size=16 x_finite=1
[SQP LINESEARCH] iter=9 current_violation=0 accepted_violation=0 accepted=1 alpha=1 delta_u_norm=0.100183
[SQP SUPPORT] iter=9 support_size=0 support_limit=-1 support_ok=1
[SQP FINAL] final_violation=0 violated_constraints=0
[SUPPORT FINAL] sqp_union=0 final_active=0 support_limit=-1
[SUPPORT FINAL IDS]
[SUPPORT UNION IDS]
[COLD START RECOVERY CHECK] ordinary_sqp_failed=0 seed_available=1 incompatible=0 try_homotopy=0
[HARNESS RESULT] step=45 success=1 controls=8 first_input_present=1
[MPC STEP METRICS] step=45 applied=1 success=1 fallback=0 a=-0.00906749 omega=-0.166791 dt=0.1 acceleration_weight=0.1 steering_weight=0.1 control_cost_unweighted=0.0279015 control_cost_weighted=0.00279015 mpc_cost=-17.4723 solve_time=0.0335528 qp_solve_time=0.0211079 constraint_time=0.0067984 dro_risk_time=0.000397274 ambiguity_radius=0.00201812 certificate=not_requested
[EVAL SAFETY] step=46 min_center_distance=1.65022 min_clearance=0.700216 collision_this_step=0 collision_run=0 collision_radius=0.95
[DRO SUMMARY] step=47 obstacle=0 S=40 rho=0.0019993 rho_raw=0.0019993 D_max=0.0115351 D_min=0.00578169 tv_bound=0.345799 eta=0.173323 eta_raw=0.173323 radius_m=47 radius_d=3 transport_cost=0 budget_usage=0 lambda=0 q_support=3 nominal_risk=0 qstar_risk=0 risk_lift=0 tv=0
[DRO MODE] step=47 obstacle=0 mode=constant_velocity p=0.298969 risk=0 q=0.298969 delta_q=0 q_times_S=11.9588
[DRO MODE] step=47 obstacle=0 mode=turn_left p=0.443299 risk=0 q=0.443299 delta_q=0 q_times_S=17.732
[DRO MODE] step=47 obstacle=0 mode=turn_right p=0.257732 risk=0 q=0.257732 delta_q=0 q_times_S=10.3093
[DRO SAMPLE] step=47 obstacle=0 mode=constant_velocity q=0.298969 q_times_S=11.9588 first_count=10 first_fraction=0.25 occupancy=80 occupancy_fraction=0.25
[DRO SAMPLE] step=47 obstacle=0 mode=turn_left q=0.443299 q_times_S=17.732 first_count=19 first_fraction=0.475 occupancy=152 occupancy_fraction=0.475
[DRO SAMPLE] step=47 obstacle=0 mode=turn_right q=0.257732 q_times_S=10.3093 first_count=11 first_fraction=0.275 occupancy=88 occupancy_fraction=0.275
[RF BACKUP] available=1 controls=8 states=9
[FREE POLY] k=1 disc=0 raw=40 facets=4 vertices=7 rho=4.8 anchor_shift=0
[FREE POLY] k=1 disc=1 raw=40 facets=0 vertices=4 rho=0.800001 anchor_shift=0
[FREE POLY] k=1 disc=2 raw=40 facets=2 vertices=6 rho=4.8 anchor_shift=0
[FREE POLY] k=2 disc=0 raw=40 facets=4 vertices=7 rho=5.6 anchor_shift=0
[FREE POLY] k=2 disc=1 raw=40 facets=0 vertices=4 rho=1.6 anchor_shift=0
[FREE POLY] k=2 disc=2 raw=40 facets=3 vertices=6 rho=5.6 anchor_shift=0
[FREE POLY] k=3 disc=0 raw=40 facets=4 vertices=7 rho=6.4 anchor_shift=0
[FREE POLY] k=3 disc=1 raw=40 facets=0 vertices=4 rho=2.4 anchor_shift=0
[FREE POLY] k=3 disc=2 raw=40 facets=4 vertices=7 rho=6.4 anchor_shift=0
[FREE POLY] k=4 disc=0 raw=40 facets=4 vertices=7 rho=7.2 anchor_shift=0
[FREE POLY] k=4 disc=1 raw=40 facets=0 vertices=4 rho=3.2 anchor_shift=0
[FREE POLY] k=4 disc=2 raw=40 facets=3 vertices=6 rho=7.2 anchor_shift=0
[FREE POLY] k=5 disc=0 raw=40 facets=3 vertices=6 rho=8 anchor_shift=0
[FREE POLY] k=5 disc=1 raw=40 facets=3 vertices=6 rho=4 anchor_shift=0
[FREE POLY] k=5 disc=2 raw=40 facets=3 vertices=6 rho=8 anchor_shift=0
[FREE POLY] k=6 disc=0 raw=40 facets=3 vertices=6 rho=8.8 anchor_shift=0
[FREE POLY] k=6 disc=1 raw=40 facets=3 vertices=6 rho=4.8 anchor_shift=0
[FREE POLY] k=6 disc=2 raw=40 facets=3 vertices=6 rho=8.8 anchor_shift=0
[FREE POLY] k=7 disc=0 raw=40 facets=3 vertices=6 rho=9.6 anchor_shift=0
[FREE POLY] k=7 disc=1 raw=40 facets=3 vertices=6 rho=5.6 anchor_shift=0
[FREE POLY] k=7 disc=2 raw=40 facets=3 vertices=6 rho=9.6 anchor_shift=0
[FREE POLY] k=8 disc=0 raw=40 facets=3 vertices=6 rho=10.4 anchor_shift=0
[FREE POLY] k=8 disc=1 raw=40 facets=2 vertices=5 rho=6.4 anchor_shift=0
[FREE POLY] k=8 disc=2 raw=40 facets=2 vertices=5 rho=10.4 anchor_shift=0
[RF SUPPORT SEED] removed=0 support_limit=-1
[SQP] before_solve iter=0 vars=16 constraints=94 max_d=-0.872737
[QP WORST] iter=0 row=1 type=collision d=-0.872737
[QP WORST COLLISION] scenario=35 k=1 obstacle=0 disc=0
[SQP] after_solve iter=0 converged=1 status=0 iterations=2 primal_residual=3.88578e-16 dual_residual=5.83842e-05 x_size=16 x_finite=1
[SQP LINESEARCH] iter=0 current_violation=0 accepted_violation=0 accepted=1 alpha=1 delta_u_norm=0.232664
[SQP SUPPORT] iter=0 support_size=0 support_limit=-1 support_ok=1
[SQP] before_solve iter=1 vars=16 constraints=94 max_d=-0.874326
[QP WORST] iter=1 row=1 type=collision d=-0.874326
[QP WORST COLLISION] scenario=35 k=1 obstacle=0 disc=0
[SQP] after_solve iter=1 converged=1 status=0 iterations=2 primal_residual=4.44089e-16 dual_residual=3.78378e-05 x_size=16 x_finite=1
[SQP LINESEARCH] iter=1 current_violation=0 accepted_violation=0 accepted=1 alpha=1 delta_u_norm=0.172486
[SQP SUPPORT] iter=1 support_size=0 support_limit=-1 support_ok=1
[SQP] before_solve iter=2 vars=16 constraints=94 max_d=-0.873815
[QP WORST] iter=2 row=1 type=collision d=-0.873815
[QP WORST COLLISION] scenario=35 k=1 obstacle=0 disc=0
[SQP] after_solve iter=2 converged=1 status=0 iterations=2 primal_residual=4.42788e-16 dual_residual=3.33333e-05 x_size=16 x_finite=1
[SQP LINESEARCH] iter=2 current_violation=0 accepted_violation=0 accepted=1 alpha=1 delta_u_norm=0.154942
[SQP SUPPORT] iter=2 support_size=0 support_limit=-1 support_ok=1
[SQP] before_solve iter=3 vars=16 constraints=94 max_d=-0.87436
[QP WORST] iter=3 row=1 type=collision d=-0.87436
[QP WORST COLLISION] scenario=35 k=1 obstacle=0 disc=0
[SQP] after_solve iter=3 converged=1 status=0 iterations=2 primal_residual=4.12864e-16 dual_residual=1.61569e-05 x_size=16 x_finite=1
[SQP LINESEARCH] iter=3 current_violation=0 accepted_violation=0 accepted=1 alpha=1 delta_u_norm=0.143246
[SQP SUPPORT] iter=3 support_size=0 support_limit=-1 support_ok=1
[SQP] before_solve iter=4 vars=16 constraints=94 max_d=-0.874072
[QP WORST] iter=4 row=1 type=collision d=-0.874072
[QP WORST COLLISION] scenario=35 k=1 obstacle=0 disc=0
[SQP] after_solve iter=4 converged=1 status=0 iterations=2 primal_residual=4.39346e-16 dual_residual=1.8678e-05 x_size=16 x_finite=1
[SQP LINESEARCH] iter=4 current_violation=0 accepted_violation=0 accepted=1 alpha=1 delta_u_norm=0.13387
[SQP SUPPORT] iter=4 support_size=0 support_limit=-1 support_ok=1
[SQP] before_solve iter=5 vars=16 constraints=94 max_d=-0.874322
[QP WORST] iter=5 row=1 type=collision d=-0.874322
[QP WORST COLLISION] scenario=35 k=1 obstacle=0 disc=0
[SQP] after_solve iter=5 converged=1 status=0 iterations=2 primal_residual=4.19912e-16 dual_residual=1.06546e-05 x_size=16 x_finite=1
[SQP LINESEARCH] iter=5 current_violation=0 accepted_violation=0 accepted=1 alpha=1 delta_u_norm=0.125586
[SQP SUPPORT] iter=5 support_size=0 support_limit=-1 support_ok=1
[SQP] before_solve iter=6 vars=16 constraints=94 max_d=-0.874199
[QP WORST] iter=6 row=1 type=collision d=-0.874199
[QP WORST COLLISION] scenario=35 k=1 obstacle=0 disc=0
[SQP] after_solve iter=6 converged=1 status=0 iterations=2 primal_residual=4.35416e-16 dual_residual=1.11649e-05 x_size=16 x_finite=1
[SQP LINESEARCH] iter=6 current_violation=0 accepted_violation=0 accepted=1 alpha=1 delta_u_norm=0.118346
[SQP SUPPORT] iter=6 support_size=0 support_limit=-1 support_ok=1
[SQP] before_solve iter=7 vars=16 constraints=94 max_d=-0.874339
[QP WORST] iter=7 row=1 type=collision d=-0.874339
[QP WORST COLLISION] scenario=35 k=1 obstacle=0 disc=0
[SQP] after_solve iter=7 converged=1 status=0 iterations=2 primal_residual=4.37271e-16 dual_residual=7.70398e-06 x_size=16 x_finite=1
[SQP LINESEARCH] iter=7 current_violation=0 accepted_violation=0 accepted=1 alpha=1 delta_u_norm=0.111721
[SQP SUPPORT] iter=7 support_size=0 support_limit=-1 support_ok=1
[SQP] before_solve iter=8 vars=16 constraints=94 max_d=-0.874307
[QP WORST] iter=8 row=1 type=collision d=-0.874307
[QP WORST COLLISION] scenario=35 k=1 obstacle=0 disc=0
[SQP] after_solve iter=8 converged=1 status=0 iterations=2 primal_residual=3.88849e-16 dual_residual=7.42608e-06 x_size=16 x_finite=1
[SQP LINESEARCH] iter=8 current_violation=0 accepted_violation=0 accepted=1 alpha=1 delta_u_norm=0.105717
[SQP SUPPORT] iter=8 support_size=0 support_limit=-1 support_ok=1
[SQP] before_solve iter=9 vars=16 constraints=94 max_d=-0.874403
[QP WORST] iter=9 row=1 type=collision d=-0.874403
[QP WORST COLLISION] scenario=35 k=1 obstacle=0 disc=0
[SQP] after_solve iter=9 converged=1 status=0 iterations=2 primal_residual=4.42083e-16 dual_residual=5.67605e-06 x_size=16 x_finite=1
[SQP LINESEARCH] iter=9 current_violation=0 accepted_violation=0 accepted=1 alpha=1 delta_u_norm=0.100145
[SQP SUPPORT] iter=9 support_size=0 support_limit=-1 support_ok=1
[SQP FINAL] final_violation=0 violated_constraints=0
[SUPPORT FINAL] sqp_union=0 final_active=0 support_limit=-1
[SUPPORT FINAL IDS]
[SUPPORT UNION IDS]
[COLD START RECOVERY CHECK] ordinary_sqp_failed=0 seed_available=1 incompatible=0 try_homotopy=0
[HARNESS RESULT] step=46 success=1 controls=8 first_input_present=1
[MPC STEP METRICS] step=46 applied=1 success=1 fallback=0 a=-0.00788778 omega=-0.137249 dt=0.1 acceleration_weight=0.1 steering_weight=0.1 control_cost_unweighted=0.0188995 control_cost_weighted=0.00188995 mpc_cost=-17.5041 solve_time=0.0330093 qp_solve_time=0.0205675 constraint_time=0.00674566 dro_risk_time=0.000407453 ambiguity_radius=0.0019993 certificate=not_requested
[EVAL SAFETY] step=47 min_center_distance=1.83004 min_clearance=0.88004 collision_this_step=0 collision_run=0 collision_radius=0.95
[DRO SUMMARY] step=48 obstacle=0 S=40 rho=0.00198267 rho_raw=0.00198267 D_max=0.0115351 D_min=0.00578169 tv_bound=0.342922 eta=0.171881 eta_raw=0.171881 radius_m=48 radius_d=3 transport_cost=0 budget_usage=0 lambda=0 q_support=3 nominal_risk=0 qstar_risk=0 risk_lift=0 tv=0
[DRO MODE] step=48 obstacle=0 mode=constant_velocity p=0.292929 risk=0 q=0.292929 delta_q=0 q_times_S=11.7172
[DRO MODE] step=48 obstacle=0 mode=turn_left p=0.434343 risk=0 q=0.434343 delta_q=0 q_times_S=17.3737
[DRO MODE] step=48 obstacle=0 mode=turn_right p=0.272727 risk=0 q=0.272727 delta_q=0 q_times_S=10.9091
[DRO SAMPLE] step=48 obstacle=0 mode=constant_velocity q=0.292929 q_times_S=11.7172 first_count=7 first_fraction=0.175 occupancy=56 occupancy_fraction=0.175
[DRO SAMPLE] step=48 obstacle=0 mode=turn_left q=0.434343 q_times_S=17.3737 first_count=22 first_fraction=0.55 occupancy=176 occupancy_fraction=0.55
[DRO SAMPLE] step=48 obstacle=0 mode=turn_right q=0.272727 q_times_S=10.9091 first_count=11 first_fraction=0.275 occupancy=88 occupancy_fraction=0.275
[RF BACKUP] available=1 controls=8 states=9
[FREE POLY] k=1 disc=0 raw=40 facets=4 vertices=7 rho=4.8 anchor_shift=0
[FREE POLY] k=1 disc=1 raw=40 facets=0 vertices=4 rho=0.800001 anchor_shift=0
[FREE POLY] k=1 disc=2 raw=40 facets=0 vertices=4 rho=4.8 anchor_shift=0
[FREE POLY] k=2 disc=0 raw=40 facets=4 vertices=7 rho=5.6 anchor_shift=0
[FREE POLY] k=2 disc=1 raw=40 facets=0 vertices=4 rho=1.6 anchor_shift=0
[FREE POLY] k=2 disc=2 raw=40 facets=2 vertices=5 rho=5.6 anchor_shift=0
[FREE POLY] k=3 disc=0 raw=40 facets=3 vertices=6 rho=6.4 anchor_shift=0
[FREE POLY] k=3 disc=1 raw=40 facets=0 vertices=4 rho=2.4 anchor_shift=0
[FREE POLY] k=3 disc=2 raw=40 facets=3 vertices=6 rho=6.4 anchor_shift=0
[FREE POLY] k=4 disc=0 raw=40 facets=3 vertices=6 rho=7.2 anchor_shift=0
[FREE POLY] k=4 disc=1 raw=40 facets=0 vertices=4 rho=3.2 anchor_shift=0
[FREE POLY] k=4 disc=2 raw=40 facets=2 vertices=5 rho=7.2 anchor_shift=0
[FREE POLY] k=5 disc=0 raw=40 facets=4 vertices=7 rho=8 anchor_shift=0
[FREE POLY] k=5 disc=1 raw=40 facets=3 vertices=6 rho=4 anchor_shift=0
[FREE POLY] k=5 disc=2 raw=40 facets=3 vertices=6 rho=8 anchor_shift=0
[FREE POLY] k=6 disc=0 raw=40 facets=4 vertices=7 rho=8.8 anchor_shift=0
[FREE POLY] k=6 disc=1 raw=40 facets=2 vertices=5 rho=4.8 anchor_shift=0
[FREE POLY] k=6 disc=2 raw=40 facets=2 vertices=5 rho=8.8 anchor_shift=0
[FREE POLY] k=7 disc=0 raw=40 facets=3 vertices=6 rho=9.6 anchor_shift=0
[FREE POLY] k=7 disc=1 raw=40 facets=2 vertices=5 rho=5.6 anchor_shift=0
[FREE POLY] k=7 disc=2 raw=40 facets=2 vertices=5 rho=9.6 anchor_shift=0
[FREE POLY] k=8 disc=0 raw=40 facets=2 vertices=5 rho=10.4 anchor_shift=0
[FREE POLY] k=8 disc=1 raw=40 facets=2 vertices=5 rho=6.4 anchor_shift=0
[FREE POLY] k=8 disc=2 raw=40 facets=2 vertices=5 rho=10.4 anchor_shift=0
[RF SUPPORT SEED] removed=0 support_limit=-1
[SQP] before_solve iter=0 vars=16 constraints=84 max_d=-1.05852
[QP WORST] iter=0 row=1 type=collision d=-1.05852
[QP WORST COLLISION] scenario=18 k=1 obstacle=0 disc=0
[SQP] after_solve iter=0 converged=1 status=0 iterations=2 primal_residual=4.35416e-16 dual_residual=4.9727e-05 x_size=16 x_finite=1
[SQP LINESEARCH] iter=0 current_violation=0 accepted_violation=0 accepted=1 alpha=1 delta_u_norm=0.231399
[SQP SUPPORT] iter=0 support_size=0 support_limit=-1 support_ok=1
[SQP] before_solve iter=1 vars=16 constraints=84 max_d=-1.0597
[QP WORST] iter=1 row=1 type=collision d=-1.0597
[QP WORST COLLISION] scenario=18 k=1 obstacle=0 disc=0
[SQP] after_solve iter=1 converged=1 status=0 iterations=2 primal_residual=4.11563e-16 dual_residual=3.07719e-05 x_size=16 x_finite=1
[SQP LINESEARCH] iter=1 current_violation=0 accepted_violation=0 accepted=1 alpha=1 delta_u_norm=0.17174
[SQP SUPPORT] iter=1 support_size=0 support_limit=-1 support_ok=1
[SQP] before_solve iter=2 vars=16 constraints=84 max_d=-1.05933
[QP WORST] iter=2 row=1 type=collision d=-1.05933
[QP WORST COLLISION] scenario=18 k=1 obstacle=0 disc=0
[SQP] after_solve iter=2 converged=1 status=0 iterations=2 primal_residual=4.3509e-16 dual_residual=2.83e-05 x_size=16 x_finite=1
[SQP LINESEARCH] iter=2 current_violation=0 accepted_violation=0 accepted=1 alpha=1 delta_u_norm=0.15452
[SQP SUPPORT] iter=2 support_size=0 support_limit=-1 support_ok=1
[SQP] before_solve iter=3 vars=16 constraints=84 max_d=-1.0597
[QP WORST] iter=3 row=1 type=collision d=-1.0597
[QP WORST COLLISION] scenario=18 k=1 obstacle=0 disc=0
[SQP] after_solve iter=3 converged=1 status=0 iterations=2 primal_residual=4.44089e-16 dual_residual=1.33427e-05 x_size=16 x_finite=1
[SQP LINESEARCH] iter=3 current_violation=0 accepted_violation=0 accepted=1 alpha=1 delta_u_norm=0.143048
[SQP SUPPORT] iter=3 support_size=0 support_limit=-1 support_ok=1
[SQP] before_solve iter=4 vars=16 constraints=84 max_d=-1.05948
[QP WORST] iter=4 row=1 type=collision d=-1.05948
[QP WORST COLLISION] scenario=18 k=1 obstacle=0 disc=0
[SQP] after_solve iter=4 converged=1 status=0 iterations=2 primal_residual=4.26308e-16 dual_residual=1.58328e-05 x_size=16 x_finite=1
[SQP LINESEARCH] iter=4 current_violation=0 accepted_violation=0 accepted=1 alpha=1 delta_u_norm=0.133731
[SQP SUPPORT] iter=4 support_size=0 support_limit=-1 support_ok=1
[SQP] before_solve iter=5 vars=16 constraints=84 max_d=-1.05965
[QP WORST] iter=5 row=1 type=collision d=-1.05965
[QP WORST COLLISION] scenario=18 k=1 obstacle=0 disc=0
[SQP] after_solve iter=5 converged=1 status=0 iterations=2 primal_residual=4.32759e-16 dual_residual=9.17893e-06 x_size=16 x_finite=1
[SQP LINESEARCH] iter=5 current_violation=0 accepted_violation=0 accepted=1 alpha=1 delta_u_norm=0.125516
[SQP SUPPORT] iter=5 support_size=0 support_limit=-1 support_ok=1
[SQP] before_solve iter=6 vars=16 constraints=84 max_d=-1.05955
[QP WORST] iter=6 row=1 type=collision d=-1.05955
[QP WORST COLLISION] scenario=18 k=1 obstacle=0 disc=0
[SQP] after_solve iter=6 converged=1 status=0 iterations=2 primal_residual=4.40945e-16 dual_residual=9.66e-06 x_size=16 x_finite=1
[SQP LINESEARCH] iter=6 current_violation=0 accepted_violation=0 accepted=1 alpha=1 delta_u_norm=0.118286
[SQP SUPPORT] iter=6 support_size=0 support_limit=-1 support_ok=1
[SQP] before_solve iter=7 vars=16 constraints=84 max_d=-1.05965
[QP WORST] iter=7 row=1 type=collision d=-1.05965
[QP WORST COLLISION] scenario=18 k=1 obstacle=0 disc=0
[SQP] after_solve iter=7 converged=1 status=0 iterations=2 primal_residual=4.2105e-16 dual_residual=6.81472e-06 x_size=16 x_finite=1
[SQP LINESEARCH] iter=7 current_violation=0 accepted_violation=0 accepted=1 alpha=1 delta_u_norm=0.111684
[SQP SUPPORT] iter=7 support_size=0 support_limit=-1 support_ok=1
[SQP] before_solve iter=8 vars=16 constraints=84 max_d=-1.05963
[QP WORST] iter=8 row=1 type=collision d=-1.05963
[QP WORST COLLISION] scenario=18 k=1 obstacle=0 disc=0
[SQP] after_solve iter=8 converged=1 status=0 iterations=2 primal_residual=4.42626e-16 dual_residual=6.55261e-06 x_size=16 x_finite=1
[SQP LINESEARCH] iter=8 current_violation=0 accepted_violation=0 accepted=1 alpha=1 delta_u_norm=0.105681
[SQP SUPPORT] iter=8 support_size=0 support_limit=-1 support_ok=1
[SQP] before_solve iter=9 vars=16 constraints=84 max_d=-1.05969
[QP WORST] iter=9 row=1 type=collision d=-1.05969
[QP WORST COLLISION] scenario=18 k=1 obstacle=0 disc=0
[SQP] after_solve iter=9 converged=1 status=0 iterations=2 primal_residual=4.43256e-16 dual_residual=5.03736e-06 x_size=16 x_finite=1
[SQP LINESEARCH] iter=9 current_violation=0 accepted_violation=0 accepted=1 alpha=1 delta_u_norm=0.100118
[SQP SUPPORT] iter=9 support_size=0 support_limit=-1 support_ok=1
[SQP FINAL] final_violation=0 violated_constraints=0
[SUPPORT FINAL] sqp_union=0 final_active=0 support_limit=-1
[SUPPORT FINAL IDS]
[SUPPORT UNION IDS]
[COLD START RECOVERY CHECK] ordinary_sqp_failed=0 seed_available=1 incompatible=0 try_homotopy=0
[HARNESS RESULT] step=47 success=1 controls=8 first_input_present=1
[MPC STEP METRICS] step=47 applied=1 success=1 fallback=0 a=-0.00570021 omega=-0.120607 dt=0.1 acceleration_weight=0.1 steering_weight=0.1 control_cost_unweighted=0.0145785 control_cost_weighted=0.00145785 mpc_cost=-17.5272 solve_time=0.033013 qp_solve_time=0.0206992 constraint_time=0.00654581 dro_risk_time=0.000401311 ambiguity_radius=0.00198267 certificate=not_requested
[EVAL SAFETY] step=48 min_center_distance=2.01558 min_clearance=1.06558 collision_this_step=0 collision_run=0 collision_radius=0.95
[DRO SUMMARY] step=49 obstacle=0 S=40 rho=0.00196516 rho_raw=0.00196516 D_max=0.0115351 D_min=0.00578169 tv_bound=0.339894 eta=0.170363 eta_raw=0.170363 radius_m=49 radius_d=3 transport_cost=0 budget_usage=0 lambda=0 q_support=3 nominal_risk=0 qstar_risk=0 risk_lift=0 tv=0
[DRO MODE] step=49 obstacle=0 mode=constant_velocity p=0.287129 risk=0 q=0.287129 delta_q=0 q_times_S=11.4851
[DRO MODE] step=49 obstacle=0 mode=turn_left p=0.425743 risk=0 q=0.425743 delta_q=0 q_times_S=17.0297
[DRO MODE] step=49 obstacle=0 mode=turn_right p=0.287129 risk=0 q=0.287129 delta_q=0 q_times_S=11.4851
[DRO SAMPLE] step=49 obstacle=0 mode=constant_velocity q=0.287129 q_times_S=11.4851 first_count=12 first_fraction=0.3 occupancy=96 occupancy_fraction=0.3
[DRO SAMPLE] step=49 obstacle=0 mode=turn_left q=0.425743 q_times_S=17.0297 first_count=20 first_fraction=0.5 occupancy=160 occupancy_fraction=0.5
[DRO SAMPLE] step=49 obstacle=0 mode=turn_right q=0.287129 q_times_S=11.4851 first_count=8 first_fraction=0.2 occupancy=64 occupancy_fraction=0.2
[RF BACKUP] available=1 controls=8 states=9
[FREE POLY] k=1 disc=0 raw=40 facets=4 vertices=7 rho=4.8 anchor_shift=0
[FREE POLY] k=1 disc=1 raw=40 facets=0 vertices=4 rho=0.800001 anchor_shift=0
[FREE POLY] k=1 disc=2 raw=40 facets=0 vertices=4 rho=4.8 anchor_shift=0
[FREE POLY] k=2 disc=0 raw=40 facets=4 vertices=7 rho=5.6 anchor_shift=0
[FREE POLY] k=2 disc=1 raw=40 facets=0 vertices=4 rho=1.6 anchor_shift=0
[FREE POLY] k=2 disc=2 raw=40 facets=4 vertices=7 rho=5.6 anchor_shift=0
[FREE POLY] k=3 disc=0 raw=40 facets=4 vertices=7 rho=6.4 anchor_shift=0
[FREE POLY] k=3 disc=1 raw=40 facets=0 vertices=4 rho=2.4 anchor_shift=0
[FREE POLY] k=3 disc=2 raw=40 facets=4 vertices=7 rho=6.4 anchor_shift=0
[FREE POLY] k=4 disc=0 raw=40 facets=4 vertices=7 rho=7.2 anchor_shift=0
[FREE POLY] k=4 disc=1 raw=40 facets=0 vertices=4 rho=3.2 anchor_shift=0
[FREE POLY] k=4 disc=2 raw=40 facets=4 vertices=7 rho=7.2 anchor_shift=0
[FREE POLY] k=5 disc=0 raw=40 facets=3 vertices=6 rho=8 anchor_shift=0
[FREE POLY] k=5 disc=1 raw=40 facets=1 vertices=5 rho=4 anchor_shift=0
[FREE POLY] k=5 disc=2 raw=40 facets=3 vertices=6 rho=8 anchor_shift=0
[FREE POLY] k=6 disc=0 raw=40 facets=3 vertices=6 rho=8.8 anchor_shift=0
[FREE POLY] k=6 disc=1 raw=40 facets=2 vertices=5 rho=4.8 anchor_shift=0
[FREE POLY] k=6 disc=2 raw=40 facets=3 vertices=6 rho=8.8 anchor_shift=0
[FREE POLY] k=7 disc=0 raw=40 facets=3 vertices=6 rho=9.6 anchor_shift=0
[FREE POLY] k=7 disc=1 raw=40 facets=2 vertices=5 rho=5.6 anchor_shift=0
[FREE POLY] k=7 disc=2 raw=40 facets=3 vertices=6 rho=9.6 anchor_shift=0
[FREE POLY] k=8 disc=0 raw=40 facets=3 vertices=6 rho=10.4 anchor_shift=0
[FREE POLY] k=8 disc=1 raw=40 facets=2 vertices=5 rho=6.4 anchor_shift=0
[FREE POLY] k=8 disc=2 raw=40 facets=3 vertices=6 rho=10.4 anchor_shift=0
[RF SUPPORT SEED] removed=0 support_limit=-1
[SQP] before_solve iter=0 vars=16 constraints=91 max_d=-1.24832
[QP WORST] iter=0 row=2 type=collision d=-1.24832
[QP WORST COLLISION] scenario=31 k=1 obstacle=0 disc=0
[SQP] after_solve iter=0 converged=1 status=0 iterations=2 primal_residual=4.3715e-16 dual_residual=4.23131e-05 x_size=16 x_finite=1
[SQP LINESEARCH] iter=0 current_violation=0 accepted_violation=0 accepted=1 alpha=1 delta_u_norm=0.230475
[SQP SUPPORT] iter=0 support_size=0 support_limit=-1 support_ok=1
[SQP] before_solve iter=1 vars=16 constraints=91 max_d=-1.24922
[QP WORST] iter=1 row=2 type=collision d=-1.24922
[QP WORST COLLISION] scenario=31 k=1 obstacle=0 disc=0
[SQP] after_solve iter=1 converged=1 status=0 iterations=2 primal_residual=4.42354e-16 dual_residual=2.52233e-05 x_size=16 x_finite=1
[SQP LINESEARCH] iter=1 current_violation=0 accepted_violation=0 accepted=1 alpha=1 delta_u_norm=0.171191
[SQP SUPPORT] iter=1 support_size=0 support_limit=-1 support_ok=1
[SQP] before_solve iter=2 vars=16 constraints=91 max_d=-1.24894
[QP WORST] iter=2 row=2 type=collision d=-1.24894
[QP WORST COLLISION] scenario=31 k=1 obstacle=0 disc=0
[SQP] after_solve iter=2 converged=1 status=0 iterations=2 primal_residual=4.36066e-16 dual_residual=2.40531e-05 x_size=16 x_finite=1
[SQP LINESEARCH] iter=2 current_violation=0 accepted_violation=0 accepted=1 alpha=1 delta_u_norm=0.15421
[SQP SUPPORT] iter=2 support_size=0 support_limit=-1 support_ok=1
[SQP] before_solve iter=3 vars=16 constraints=91 max_d=-1.24919
[QP WORST] iter=3 row=2 type=collision d=-1.24919
[QP WORST COLLISION] scenario=31 k=1 obstacle=0 disc=0
[SQP] after_solve iter=3 converged=1 status=0 iterations=2 primal_residual=4.33193e-16 dual_residual=1.10562e-05 x_size=16 x_finite=1
[SQP LINESEARCH] iter=3 current_violation=0 accepted_violation=0 accepted=1 alpha=1 delta_u_norm=0.142901
[SQP SUPPORT] iter=3 support_size=0 support_limit=-1 support_ok=1
[SQP] before_solve iter=4 vars=16 constraints=91 max_d=-1.24901
[QP WORST] iter=4 row=2 type=collision d=-1.24901
[QP WORST COLLISION] scenario=31 k=1 obstacle=0 disc=0
[SQP] after_solve iter=4 converged=1 status=0 iterations=2 primal_residual=4.4062e-16 dual_residual=1.34411e-05 x_size=16 x_finite=1
[SQP LINESEARCH] iter=4 current_violation=0 accepted_violation=0 accepted=1 alpha=1 delta_u_norm=0.133629
[SQP SUPPORT] iter=4 support_size=0 support_limit=-1 support_ok=1
[SQP] before_solve iter=5 vars=16 constraints=91 max_d=-1.24912
[QP WORST] iter=5 row=2 type=collision d=-1.24912
[QP WORST COLLISION] scenario=31 k=1 obstacle=0 disc=0
[SQP] after_solve iter=5 converged=1 status=0 iterations=2 primal_residual=4.40186e-16 dual_residual=8.12419e-06 x_size=16 x_finite=1
[SQP LINESEARCH] iter=5 current_violation=0 accepted_violation=0 accepted=1 alpha=1 delta_u_norm=0.125464
[SQP SUPPORT] iter=5 support_size=0 support_limit=-1 support_ok=1
[SQP] before_solve iter=6 vars=16 constraints=91 max_d=-1.24904
[QP WORST] iter=6 row=2 type=collision d=-1.24904
[QP WORST COLLISION] scenario=31 k=1 obstacle=0 disc=0
[SQP] after_solve iter=6 converged=1 status=0 iterations=2 primal_residual=4.41162e-16 dual_residual=8.50082e-06 x_size=16 x_finite=1
[SQP LINESEARCH] iter=6 current_violation=0 accepted_violation=0 accepted=1 alpha=1 delta_u_norm=0.118241
[SQP SUPPORT] iter=6 support_size=0 support_limit=-1 support_ok=1
[SQP] before_solve iter=7 vars=16 constraints=91 max_d=-1.24911
[QP WORST] iter=7 row=2 type=collision d=-1.24911
[QP WORST COLLISION] scenario=31 k=1 obstacle=0 disc=0
[SQP] after_solve iter=7 converged=1 status=0 iterations=2 primal_residual=3.7817e-16 dual_residual=6.04572e-06 x_size=16 x_finite=1
[SQP LINESEARCH] iter=7 current_violation=0 accepted_violation=0 accepted=1 alpha=1 delta_u_norm=0.111657
[SQP SUPPORT] iter=7 support_size=0 support_limit=-1 support_ok=1
[SQP] before_solve iter=8 vars=16 constraints=91 max_d=-1.24909
[QP WORST] iter=8 row=2 type=collision d=-1.24909
[QP WORST COLLISION] scenario=31 k=1 obstacle=0 disc=0
[SQP] after_solve iter=8 converged=1 status=0 iterations=2 primal_residual=4.32271e-16 dual_residual=5.79901e-06 x_size=16 x_finite=1
[SQP LINESEARCH] iter=8 current_violation=0 accepted_violation=0 accepted=1 alpha=1 delta_u_norm=0.105655
[SQP SUPPORT] iter=8 support_size=0 support_limit=-1 support_ok=1
[SQP] before_solve iter=9 vars=16 constraints=91 max_d=-1.24914
[QP WORST] iter=9 row=2 type=collision d=-1.24914
[QP WORST COLLISION] scenario=31 k=1 obstacle=0 disc=0
[SQP] after_solve iter=9 converged=1 status=0 iterations=2 primal_residual=4.30347e-16 dual_residual=4.48507e-06 x_size=16 x_finite=1
[SQP LINESEARCH] iter=9 current_violation=0 accepted_violation=0 accepted=1 alpha=1 delta_u_norm=0.100098
[SQP SUPPORT] iter=9 support_size=0 support_limit=-1 support_ok=1
[SQP FINAL] final_violation=0 violated_constraints=0
[SUPPORT FINAL] sqp_union=0 final_active=0 support_limit=-1
[SUPPORT FINAL IDS]
[SUPPORT UNION IDS]
[COLD START RECOVERY CHECK] ordinary_sqp_failed=0 seed_available=1 incompatible=0 try_homotopy=0
[HARNESS RESULT] step=48 success=1 controls=8 first_input_present=1
[MPC STEP METRICS] step=48 applied=1 success=1 fallback=0 a=-0.00408909 omega=-0.101949 dt=0.1 acceleration_weight=0.1 steering_weight=0.1 control_cost_unweighted=0.0104103 control_cost_weighted=0.00104103 mpc_cost=-17.544 solve_time=0.0330972 qp_solve_time=0.0205042 constraint_time=0.00684473 dro_risk_time=0.000401251 ambiguity_radius=0.00196516 certificate=not_requested
[EVAL SAFETY] step=49 min_center_distance=2.20517 min_clearance=1.25517 collision_this_step=0 collision_run=0 collision_radius=0.95
[DRO SUMMARY] step=50 obstacle=0 S=40 rho=0.00194699 rho_raw=0.00194699 D_max=0.0115351 D_min=0.00578169 tv_bound=0.336751 eta=0.168788 eta_raw=0.168788 radius_m=50 radius_d=3 transport_cost=0 budget_usage=0 lambda=0 q_support=3 nominal_risk=0 qstar_risk=0 risk_lift=0 tv=0
[DRO MODE] step=50 obstacle=0 mode=constant_velocity p=0.281553 risk=0 q=0.281553 delta_q=0 q_times_S=11.2621
[DRO MODE] step=50 obstacle=0 mode=turn_left p=0.417476 risk=0 q=0.417476 delta_q=0 q_times_S=16.699
[DRO MODE] step=50 obstacle=0 mode=turn_right p=0.300971 risk=0 q=0.300971 delta_q=0 q_times_S=12.0388
[DRO SAMPLE] step=50 obstacle=0 mode=constant_velocity q=0.281553 q_times_S=11.2621 first_count=9 first_fraction=0.225 occupancy=72 occupancy_fraction=0.225
[DRO SAMPLE] step=50 obstacle=0 mode=turn_left q=0.417476 q_times_S=16.699 first_count=16 first_fraction=0.4 occupancy=128 occupancy_fraction=0.4
[DRO SAMPLE] step=50 obstacle=0 mode=turn_right q=0.300971 q_times_S=12.0388 first_count=15 first_fraction=0.375 occupancy=120 occupancy_fraction=0.375
[RF BACKUP] available=1 controls=8 states=9
[FREE POLY] k=1 disc=0 raw=40 facets=3 vertices=6 rho=4.8 anchor_shift=0
[FREE POLY] k=1 disc=1 raw=40 facets=0 vertices=4 rho=0.800001 anchor_shift=0
[FREE POLY] k=1 disc=2 raw=40 facets=0 vertices=4 rho=4.8 anchor_shift=0
[FREE POLY] k=2 disc=0 raw=40 facets=4 vertices=7 rho=5.6 anchor_shift=0
[FREE POLY] k=2 disc=1 raw=40 facets=0 vertices=4 rho=1.6 anchor_shift=0
[FREE POLY] k=2 disc=2 raw=40 facets=1 vertices=5 rho=5.6 anchor_shift=0
[FREE POLY] k=3 disc=0 raw=40 facets=3 vertices=6 rho=6.4 anchor_shift=0
[FREE POLY] k=3 disc=1 raw=40 facets=0 vertices=4 rho=2.4 anchor_shift=0
[FREE POLY] k=3 disc=2 raw=40 facets=3 vertices=6 rho=6.4 anchor_shift=0
[FREE POLY] k=4 disc=0 raw=40 facets=2 vertices=5 rho=7.2 anchor_shift=0
[FREE POLY] k=4 disc=1 raw=40 facets=0 vertices=4 rho=3.2 anchor_shift=0
[FREE POLY] k=4 disc=2 raw=40 facets=2 vertices=5 rho=7.2 anchor_shift=0
[FREE POLY] k=5 disc=0 raw=40 facets=4 vertices=7 rho=8 anchor_shift=0
[FREE POLY] k=5 disc=1 raw=40 facets=0 vertices=4 rho=4 anchor_shift=0
[FREE POLY] k=5 disc=2 raw=40 facets=2 vertices=5 rho=8 anchor_shift=0
[FREE POLY] k=6 disc=0 raw=40 facets=5 vertices=8 rho=8.8 anchor_shift=0
[FREE POLY] k=6 disc=1 raw=40 facets=2 vertices=5 rho=4.8 anchor_shift=0
[FREE POLY] k=6 disc=2 raw=40 facets=2 vertices=5 rho=8.8 anchor_shift=0
[FREE POLY] k=7 disc=0 raw=40 facets=6 vertices=9 rho=9.6 anchor_shift=0
[FREE POLY] k=7 disc=1 raw=40 facets=4 vertices=7 rho=5.6 anchor_shift=0
[FREE POLY] k=7 disc=2 raw=40 facets=5 vertices=8 rho=9.6 anchor_shift=0
[FREE POLY] k=8 disc=0 raw=40 facets=6 vertices=9 rho=10.4 anchor_shift=0
[FREE POLY] k=8 disc=1 raw=40 facets=6 vertices=9 rho=6.4 anchor_shift=0
[FREE POLY] k=8 disc=2 raw=40 facets=6 vertices=9 rho=10.4 anchor_shift=0
[RF SUPPORT SEED] removed=0 support_limit=-1
[SQP] before_solve iter=0 vars=16 constraints=98 max_d=-1.44365
[QP WORST] iter=0 row=1 type=collision d=-1.44365
[QP WORST COLLISION] scenario=8 k=1 obstacle=0 disc=0
[SQP] after_solve iter=0 converged=1 status=0 iterations=2 primal_residual=4.30211e-16 dual_residual=3.59552e-05 x_size=16 x_finite=1
[SQP LINESEARCH] iter=0 current_violation=0 accepted_violation=0 accepted=1 alpha=1 delta_u_norm=0.229804
[SQP SUPPORT] iter=0 support_size=0 support_limit=-1 support_ok=1
[SQP] before_solve iter=1 vars=16 constraints=98 max_d=-1.44434
[QP WORST] iter=1 row=1 type=collision d=-1.44434
[QP WORST COLLISION] scenario=8 k=1 obstacle=0 disc=0
[SQP] after_solve iter=1 converged=1 status=0 iterations=2 primal_residual=4.44089e-16 dual_residual=2.08053e-05 x_size=16 x_finite=1
[SQP LINESEARCH] iter=1 current_violation=0 accepted_violation=0 accepted=1 alpha=1 delta_u_norm=0.170791
[SQP SUPPORT] iter=1 support_size=0 support_limit=-1 support_ok=1
[SQP] before_solve iter=2 vars=16 constraints=98 max_d=-1.44413
[QP WORST] iter=2 row=1 type=collision d=-1.44413
[QP WORST COLLISION] scenario=8 k=1 obstacle=0 disc=0
[SQP] after_solve iter=2 converged=1 status=0 iterations=2 primal_residual=4.39319e-16 dual_residual=2.04513e-05 x_size=16 x_finite=1
[SQP LINESEARCH] iter=2 current_violation=0 accepted_violation=0 accepted=1 alpha=1 delta_u_norm=0.153985
[SQP SUPPORT] iter=2 support_size=0 support_limit=-1 support_ok=1
[SQP] before_solve iter=3 vars=16 constraints=98 max_d=-1.44429
[QP WORST] iter=3 row=1 type=collision d=-1.44429
[QP WORST COLLISION] scenario=8 k=1 obstacle=0 disc=0
[SQP] after_solve iter=3 converged=1 status=0 iterations=2 primal_residual=4.25089e-16 dual_residual=9.55305e-06 x_size=16 x_finite=1
[SQP LINESEARCH] iter=3 current_violation=0 accepted_violation=0 accepted=1 alpha=1 delta_u_norm=0.142794
[SQP SUPPORT] iter=3 support_size=0 support_limit=-1 support_ok=1
[SQP] before_solve iter=4 vars=16 constraints=98 max_d=-1.44414
[QP WORST] iter=4 row=1 type=collision d=-1.44414
[QP WORST COLLISION] scenario=8 k=1 obstacle=0 disc=0
[SQP] after_solve iter=4 converged=1 status=0 iterations=2 primal_residual=4.36933e-16 dual_residual=1.14974e-05 x_size=16 x_finite=1
[SQP LINESEARCH] iter=4 current_violation=0 accepted_violation=0 accepted=1 alpha=1 delta_u_norm=0.133554
[SQP SUPPORT] iter=4 support_size=0 support_limit=-1 support_ok=1
[SQP] before_solve iter=5 vars=16 constraints=98 max_d=-1.44421
[QP WORST] iter=5 row=1 type=collision d=-1.44421
[QP WORST COLLISION] scenario=8 k=1 obstacle=0 disc=0
[SQP] after_solve iter=5 converged=1 status=0 iterations=2 primal_residual=4.39265e-16 dual_residual=7.20882e-06 x_size=16 x_finite=1
[SQP LINESEARCH] iter=5 current_violation=0 accepted_violation=0 accepted=1 alpha=1 delta_u_norm=0.125426
[SQP SUPPORT] iter=5 support_size=0 support_limit=-1 support_ok=1
[SQP] before_solve iter=6 vars=16 constraints=98 max_d=-1.44415
[QP WORST] iter=6 row=1 type=collision d=-1.44415
[QP WORST COLLISION] scenario=8 k=1 obstacle=0 disc=0
[SQP] after_solve iter=6 converged=1 status=0 iterations=2 primal_residual=4.3425e-16 dual_residual=7.50133e-06 x_size=16 x_finite=1
[SQP LINESEARCH] iter=6 current_violation=0 accepted_violation=0 accepted=1 alpha=1 delta_u_norm=0.118209
[SQP SUPPORT] iter=6 support_size=0 support_limit=-1 support_ok=1
[SQP] before_solve iter=7 vars=16 constraints=98 max_d=-1.44419
[QP WORST] iter=7 row=1 type=collision d=-1.44419
[QP WORST COLLISION] scenario=8 k=1 obstacle=0 disc=0
[SQP] after_solve iter=7 converged=1 status=0 iterations=2 primal_residual=4.38993e-16 dual_residual=5.38027e-06 x_size=16 x_finite=1
[SQP LINESEARCH] iter=7 current_violation=0 accepted_violation=0 accepted=1 alpha=1 delta_u_norm=0.111637
[SQP SUPPORT] iter=7 support_size=0 support_limit=-1 support_ok=1
[SQP] before_solve iter=8 vars=16 constraints=98 max_d=-1.44417
[QP WORST] iter=8 row=1 type=collision d=-1.44417
[QP WORST COLLISION] scenario=8 k=1 obstacle=0 disc=0
[SQP] after_solve iter=8 converged=1 status=0 iterations=2 primal_residual=3.93376e-16 dual_residual=5.149e-06 x_size=16 x_finite=1
[SQP LINESEARCH] iter=8 current_violation=0 accepted_violation=0 accepted=1 alpha=1 delta_u_norm=0.105635
[SQP SUPPORT] iter=8 support_size=0 support_limit=-1 support_ok=1
[SQP] before_solve iter=9 vars=16 constraints=98 max_d=-1.44421
[QP WORST] iter=9 row=1 type=collision d=-1.44421
[QP WORST COLLISION] scenario=8 k=1 obstacle=0 disc=0
[SQP] after_solve iter=9 converged=1 status=0 iterations=2 primal_residual=4.41108e-16 dual_residual=4.00799e-06 x_size=16 x_finite=1
[SQP LINESEARCH] iter=9 current_violation=0 accepted_violation=0 accepted=1 alpha=1 delta_u_norm=0.100084
[SQP SUPPORT] iter=9 support_size=0 support_limit=-1 support_ok=1
[SQP FINAL] final_violation=0 violated_constraints=0
[SUPPORT FINAL] sqp_union=0 final_active=0 support_limit=-1
[SUPPORT FINAL IDS]
[SUPPORT UNION IDS]
[COLD START RECOVERY CHECK] ordinary_sqp_failed=0 seed_available=1 incompatible=0 try_homotopy=0
[HARNESS RESULT] step=49 success=1 controls=8 first_input_present=1
[MPC STEP METRICS] step=49 applied=1 success=1 fallback=0 a=-0.00297988 omega=-0.0869973 dt=0.1 acceleration_weight=0.1 steering_weight=0.1 control_cost_unweighted=0.0075774 control_cost_weighted=0.00075774 mpc_cost=-17.5562 solve_time=0.0332671 qp_solve_time=0.0206047 constraint_time=0.00688246 dro_risk_time=0.000405549 ambiguity_radius=0.00194699 certificate=not_requested
[EVAL SAFETY] step=50 min_center_distance=2.39744 min_clearance=1.44744 collision_this_step=0 collision_run=0 collision_radius=0.95
[DRO SUMMARY] step=51 obstacle=0 S=40 rho=0.00191968 rho_raw=0.00191968 D_max=0.0115351 D_min=0.00578169 tv_bound=0.332028 eta=0.166421 eta_raw=0.166421 radius_m=51 radius_d=3 transport_cost=0 budget_usage=0 lambda=0 q_support=3 nominal_risk=0 qstar_risk=0 risk_lift=0 tv=0
[DRO MODE] step=51 obstacle=0 mode=constant_velocity p=0.295238 risk=0 q=0.295238 delta_q=0 q_times_S=11.8095
[DRO MODE] step=51 obstacle=0 mode=turn_left p=0.409524 risk=0 q=0.409524 delta_q=0 q_times_S=16.381
[DRO MODE] step=51 obstacle=0 mode=turn_right p=0.295238 risk=0 q=0.295238 delta_q=0 q_times_S=11.8095
[DRO SAMPLE] step=51 obstacle=0 mode=constant_velocity q=0.295238 q_times_S=11.8095 first_count=11 first_fraction=0.275 occupancy=88 occupancy_fraction=0.275
[DRO SAMPLE] step=51 obstacle=0 mode=turn_left q=0.409524 q_times_S=16.381 first_count=15 first_fraction=0.375 occupancy=120 occupancy_fraction=0.375
[DRO SAMPLE] step=51 obstacle=0 mode=turn_right q=0.295238 q_times_S=11.8095 first_count=14 first_fraction=0.35 occupancy=112 occupancy_fraction=0.35
[RF BACKUP] available=1 controls=8 states=9
[FREE POLY] k=1 disc=0 raw=40 facets=4 vertices=7 rho=4.8 anchor_shift=0
[FREE POLY] k=1 disc=1 raw=40 facets=0 vertices=4 rho=0.800001 anchor_shift=0
[FREE POLY] k=1 disc=2 raw=40 facets=0 vertices=4 rho=4.8 anchor_shift=0
[FREE POLY] k=2 disc=0 raw=40 facets=3 vertices=6 rho=5.6 anchor_shift=0
[FREE POLY] k=2 disc=1 raw=40 facets=0 vertices=4 rho=1.6 anchor_shift=0
[FREE POLY] k=2 disc=2 raw=40 facets=0 vertices=4 rho=5.6 anchor_shift=0
[FREE POLY] k=3 disc=0 raw=40 facets=3 vertices=6 rho=6.4 anchor_shift=0
[FREE POLY] k=3 disc=1 raw=40 facets=0 vertices=4 rho=2.4 anchor_shift=0
[FREE POLY] k=3 disc=2 raw=40 facets=3 vertices=6 rho=6.4 anchor_shift=0
[FREE POLY] k=4 disc=0 raw=40 facets=3 vertices=6 rho=7.2 anchor_shift=0
[FREE POLY] k=4 disc=1 raw=40 facets=0 vertices=4 rho=3.2 anchor_shift=0
[FREE POLY] k=4 disc=2 raw=40 facets=3 vertices=6 rho=7.2 anchor_shift=0
[FREE POLY] k=5 disc=0 raw=40 facets=3 vertices=6 rho=8 anchor_shift=0
[FREE POLY] k=5 disc=1 raw=40 facets=0 vertices=4 rho=4 anchor_shift=0
[FREE POLY] k=5 disc=2 raw=40 facets=3 vertices=6 rho=8 anchor_shift=0
[FREE POLY] k=6 disc=0 raw=40 facets=5 vertices=8 rho=8.8 anchor_shift=0
[FREE POLY] k=6 disc=1 raw=40 facets=3 vertices=6 rho=4.8 anchor_shift=0
[FREE POLY] k=6 disc=2 raw=40 facets=3 vertices=6 rho=8.8 anchor_shift=0
[FREE POLY] k=7 disc=0 raw=40 facets=6 vertices=9 rho=9.6 anchor_shift=0
[FREE POLY] k=7 disc=1 raw=40 facets=3 vertices=6 rho=5.6 anchor_shift=0
[FREE POLY] k=7 disc=2 raw=40 facets=3 vertices=6 rho=9.6 anchor_shift=0
[FREE POLY] k=8 disc=0 raw=40 facets=6 vertices=9 rho=10.4 anchor_shift=0
[FREE POLY] k=8 disc=1 raw=40 facets=4 vertices=7 rho=6.4 anchor_shift=0
[FREE POLY] k=8 disc=2 raw=40 facets=4 vertices=7 rho=10.4 anchor_shift=0
[RF SUPPORT SEED] removed=0 support_limit=-1
[SQP] before_solve iter=0 vars=16 constraints=94 max_d=-1.63424
[QP WORST] iter=0 row=3 type=collision d=-1.63424
[QP WORST COLLISION] scenario=35 k=1 obstacle=0 disc=0
[SQP] after_solve iter=0 converged=1 status=0 iterations=2 primal_residual=4.3715e-16 dual_residual=3.0626e-05 x_size=16 x_finite=1
[SQP LINESEARCH] iter=0 current_violation=0 accepted_violation=0 accepted=1 alpha=1 delta_u_norm=0.229319
[SQP SUPPORT] iter=0 support_size=0 support_limit=-1 support_ok=1
[SQP] before_solve iter=1 vars=16 constraints=94 max_d=-1.63479
[QP WORST] iter=1 row=3 type=collision d=-1.63479
[QP WORST COLLISION] scenario=35 k=1 obstacle=0 disc=0
[SQP] after_solve iter=1 converged=1 status=0 iterations=2 primal_residual=4.32814e-16 dual_residual=1.72913e-05 x_size=16 x_finite=1
[SQP LINESEARCH] iter=1 current_violation=0 accepted_violation=0 accepted=1 alpha=1 delta_u_norm=0.170501
[SQP SUPPORT] iter=1 support_size=0 support_limit=-1 support_ok=1
[SQP] before_solve iter=2 vars=16 constraints=94 max_d=-1.63462
[QP WORST] iter=2 row=3 type=collision d=-1.63462
[QP WORST COLLISION] scenario=35 k=1 obstacle=0 disc=0
[SQP] after_solve iter=2 converged=1 status=0 iterations=2 primal_residual=4.34982e-16 dual_residual=1.73992e-05 x_size=16 x_finite=1
[SQP LINESEARCH] iter=2 current_violation=0 accepted_violation=0 accepted=1 alpha=1 delta_u_norm=0.153822
[SQP SUPPORT] iter=2 support_size=0 support_limit=-1 support_ok=1
[SQP] before_solve iter=3 vars=16 constraints=94 max_d=-1.63472
[QP WORST] iter=3 row=3 type=collision d=-1.63472
[QP WORST COLLISION] scenario=35 k=1 obstacle=0 disc=0
[SQP] after_solve iter=3 converged=1 status=0 iterations=2 primal_residual=4.30428e-16 dual_residual=8.48912e-06 x_size=16 x_finite=1
[SQP LINESEARCH] iter=3 current_violation=0 accepted_violation=0 accepted=1 alpha=1 delta_u_norm=0.142716
[SQP SUPPORT] iter=3 support_size=0 support_limit=-1 support_ok=1
[SQP] before_solve iter=4 vars=16 constraints=94 max_d=-1.6346
[QP WORST] iter=4 row=3 type=collision d=-1.6346
[QP WORST COLLISION] scenario=35 k=1 obstacle=0 disc=0
[SQP] after_solve iter=4 converged=1 status=0 iterations=2 primal_residual=4.41921e-16 dual_residual=1.01092e-05 x_size=16 x_finite=1
[SQP LINESEARCH] iter=4 current_violation=0 accepted_violation=0 accepted=1 alpha=1 delta_u_norm=0.1335
[SQP SUPPORT] iter=4 support_size=0 support_limit=-1 support_ok=1
[SQP] before_solve iter=5 vars=16 constraints=94 max_d=-1.63464
[QP WORST] iter=5 row=3 type=collision d=-1.63464
[QP WORST COLLISION] scenario=35 k=1 obstacle=0 disc=0
[SQP] after_solve iter=5 converged=1 status=0 iterations=2 primal_residual=4.41596e-16 dual_residual=6.41792e-06 x_size=16 x_finite=1
[SQP LINESEARCH] iter=5 current_violation=0 accepted_violation=0 accepted=1 alpha=1 delta_u_norm=0.125399
[SQP SUPPORT] iter=5 support_size=0 support_limit=-1 support_ok=1
[SQP] before_solve iter=6 vars=16 constraints=94 max_d=-1.63459
[QP WORST] iter=6 row=3 type=collision d=-1.63459
[QP WORST COLLISION] scenario=35 k=1 obstacle=0 disc=0
[SQP] after_solve iter=6 converged=1 status=0 iterations=2 primal_residual=4.4062e-16 dual_residual=6.64126e-06 x_size=16 x_finite=1
[SQP LINESEARCH] iter=6 current_violation=0 accepted_violation=0 accepted=1 alpha=1 delta_u_norm=0.118185
[SQP SUPPORT] iter=6 support_size=0 support_limit=-1 support_ok=1
[SQP] before_solve iter=7 vars=16 constraints=94 max_d=-1.63462
[QP WORST] iter=7 row=3 type=collision d=-1.63462
[QP WORST COLLISION] scenario=35 k=1 obstacle=0 disc=0
[SQP] after_solve iter=7 converged=1 status=0 iterations=2 primal_residual=4.11563e-16 dual_residual=4.80633e-06 x_size=16 x_finite=1
[SQP LINESEARCH] iter=7 current_violation=0 accepted_violation=0 accepted=1 alpha=1 delta_u_norm=0.111622
[SQP SUPPORT] iter=7 support_size=0 support_limit=-1 support_ok=1
[SQP] before_solve iter=8 vars=16 constraints=94 max_d=-1.6346
[QP WORST] iter=8 row=3 type=collision d=-1.6346
[QP WORST COLLISION] scenario=35 k=1 obstacle=0 disc=0
[SQP] after_solve iter=8 converged=1 status=0 iterations=2 primal_residual=4.38939e-16 dual_residual=4.58943e-06 x_size=16 x_finite=1
[SQP LINESEARCH] iter=8 current_violation=0 accepted_violation=0 accepted=1 alpha=1 delta_u_norm=0.105621
[SQP SUPPORT] iter=8 support_size=0 support_limit=-1 support_ok=1
[SQP] before_solve iter=9 vars=16 constraints=94 max_d=-1.63463
[QP WORST] iter=9 row=3 type=collision d=-1.63463
[QP WORST COLLISION] scenario=35 k=1 obstacle=0 disc=0
[SQP] after_solve iter=9 converged=1 status=0 iterations=2 primal_residual=4.43994e-16 dual_residual=3.59689e-06 x_size=16 x_finite=1
[SQP LINESEARCH] iter=9 current_violation=0 accepted_violation=0 accepted=1 alpha=1 delta_u_norm=0.100073
[SQP SUPPORT] iter=9 support_size=0 support_limit=-1 support_ok=1
[SQP FINAL] final_violation=0 violated_constraints=0
[SUPPORT FINAL] sqp_union=0 final_active=0 support_limit=-1
[SUPPORT FINAL IDS]
[SUPPORT UNION IDS]
[COLD START RECOVERY CHECK] ordinary_sqp_failed=0 seed_available=1 incompatible=0 try_homotopy=0
[HARNESS RESULT] step=50 success=1 controls=8 first_input_present=1
[MPC STEP METRICS] step=50 applied=1 success=1 fallback=0 a=-0.00217015 omega=-0.0743065 dt=0.1 acceleration_weight=0.1 steering_weight=0.1 control_cost_unweighted=0.00552616 control_cost_weighted=0.000552616 mpc_cost=-17.5651 solve_time=0.0327259 qp_solve_time=0.0202855 constraint_time=0.00670437 dro_risk_time=0.000402323 ambiguity_radius=0.00191968 certificate=not_requested
[EVAL SAFETY] step=51 min_center_distance=2.59166 min_clearance=1.64166 collision_this_step=0 collision_run=0 collision_radius=0.95
[DRO SUMMARY] step=52 obstacle=0 S=40 rho=0.00189298 rho_raw=0.00189298 D_max=0.0115351 D_min=0.00578169 tv_bound=0.327409 eta=0.164106 eta_raw=0.164106 radius_m=52 radius_d=3 transport_cost=0 budget_usage=0 lambda=0 q_support=3 nominal_risk=0 qstar_risk=0 risk_lift=0 tv=0
[DRO MODE] step=52 obstacle=0 mode=constant_velocity p=0.308411 risk=0 q=0.308411 delta_q=0 q_times_S=12.3364
[DRO MODE] step=52 obstacle=0 mode=turn_left p=0.401869 risk=0 q=0.401869 delta_q=0 q_times_S=16.0748
[DRO MODE] step=52 obstacle=0 mode=turn_right p=0.28972 risk=0 q=0.28972 delta_q=0 q_times_S=11.5888
[DRO SAMPLE] step=52 obstacle=0 mode=constant_velocity q=0.308411 q_times_S=12.3364 first_count=12 first_fraction=0.3 occupancy=96 occupancy_fraction=0.3
[DRO SAMPLE] step=52 obstacle=0 mode=turn_left q=0.401869 q_times_S=16.0748 first_count=19 first_fraction=0.475 occupancy=152 occupancy_fraction=0.475
[DRO SAMPLE] step=52 obstacle=0 mode=turn_right q=0.28972 q_times_S=11.5888 first_count=9 first_fraction=0.225 occupancy=72 occupancy_fraction=0.225
[RF BACKUP] available=1 controls=8 states=9
[FREE POLY] k=1 disc=0 raw=40 facets=4 vertices=7 rho=4.8 anchor_shift=0
[FREE POLY] k=1 disc=1 raw=40 facets=0 vertices=4 rho=0.800001 anchor_shift=0
[FREE POLY] k=1 disc=2 raw=40 facets=0 vertices=4 rho=4.8 anchor_shift=0
[FREE POLY] k=2 disc=0 raw=40 facets=4 vertices=7 rho=5.6 anchor_shift=0
[FREE POLY] k=2 disc=1 raw=40 facets=0 vertices=4 rho=1.6 anchor_shift=0
[FREE POLY] k=2 disc=2 raw=40 facets=0 vertices=4 rho=5.6 anchor_shift=0
[FREE POLY] k=3 disc=0 raw=40 facets=3 vertices=6 rho=6.4 anchor_shift=0
[FREE POLY] k=3 disc=1 raw=40 facets=0 vertices=4 rho=2.4 anchor_shift=0
[FREE POLY] k=3 disc=2 raw=40 facets=3 vertices=6 rho=6.4 anchor_shift=0
[FREE POLY] k=4 disc=0 raw=40 facets=5 vertices=8 rho=7.2 anchor_shift=0
[FREE POLY] k=4 disc=1 raw=40 facets=0 vertices=4 rho=3.2 anchor_shift=0
[FREE POLY] k=4 disc=2 raw=40 facets=5 vertices=8 rho=7.2 anchor_shift=0
[FREE POLY] k=5 disc=0 raw=40 facets=4 vertices=7 rho=8 anchor_shift=0
[FREE POLY] k=5 disc=1 raw=40 facets=0 vertices=4 rho=4 anchor_shift=0
[FREE POLY] k=5 disc=2 raw=40 facets=3 vertices=6 rho=8 anchor_shift=0
[FREE POLY] k=6 disc=0 raw=40 facets=4 vertices=7 rho=8.8 anchor_shift=0
[FREE POLY] k=6 disc=1 raw=40 facets=2 vertices=6 rho=4.8 anchor_shift=0
[FREE POLY] k=6 disc=2 raw=40 facets=3 vertices=6 rho=8.8 anchor_shift=0
[FREE POLY] k=7 disc=0 raw=40 facets=4 vertices=7 rho=9.6 anchor_shift=0
[FREE POLY] k=7 disc=1 raw=40 facets=3 vertices=6 rho=5.6 anchor_shift=0
[FREE POLY] k=7 disc=2 raw=40 facets=3 vertices=6 rho=9.6 anchor_shift=0
[FREE POLY] k=8 disc=0 raw=40 facets=5 vertices=8 rho=10.4 anchor_shift=0
[FREE POLY] k=8 disc=1 raw=40 facets=4 vertices=7 rho=6.4 anchor_shift=0
[FREE POLY] k=8 disc=2 raw=40 facets=4 vertices=7 rho=10.4 anchor_shift=0
[RF SUPPORT SEED] removed=0 support_limit=-1
[SQP] before_solve iter=0 vars=16 constraints=95 max_d=-1.83229
[QP WORST] iter=0 row=1 type=collision d=-1.83229
[QP WORST COLLISION] scenario=20 k=1 obstacle=0 disc=0
[SQP] after_solve iter=0 converged=1 status=0 iterations=2 primal_residual=4.30211e-16 dual_residual=2.60971e-05 x_size=16 x_finite=1
[SQP LINESEARCH] iter=0 current_violation=0 accepted_violation=0 accepted=1 alpha=1 delta_u_norm=0.228969
[SQP SUPPORT] iter=0 support_size=0 support_limit=-1 support_ok=1
[SQP] before_solve iter=1 vars=16 constraints=95 max_d=-1.83273
[QP WORST] iter=1 row=1 type=collision d=-1.83273
[QP WORST COLLISION] scenario=20 k=1 obstacle=0 disc=0
[SQP] after_solve iter=1 converged=1 status=0 iterations=2 primal_residual=4.41135e-16 dual_residual=1.44439e-05 x_size=16 x_finite=1
[SQP LINESEARCH] iter=1 current_violation=0 accepted_violation=0 accepted=1 alpha=1 delta_u_norm=0.170289
[SQP SUPPORT] iter=1 support_size=0 support_limit=-1 support_ok=1
[SQP] before_solve iter=2 vars=16 constraints=95 max_d=-1.8326
[QP WORST] iter=2 row=1 type=collision d=-1.8326
[QP WORST COLLISION] scenario=20 k=1 obstacle=0 disc=0
[SQP] after_solve iter=2 converged=1 status=0 iterations=2 primal_residual=4.42246e-16 dual_residual=1.48075e-05 x_size=16 x_finite=1
[SQP LINESEARCH] iter=2 current_violation=0 accepted_violation=0 accepted=1 alpha=1 delta_u_norm=0.153704
[SQP SUPPORT] iter=2 support_size=0 support_limit=-1 support_ok=1
[SQP] before_solve iter=3 vars=16 constraints=95 max_d=-1.83266
[QP WORST] iter=3 row=1 type=collision d=-1.83266
[QP WORST COLLISION] scenario=20 k=1 obstacle=0 disc=0
[SQP] after_solve iter=3 converged=1 status=0 iterations=2 primal_residual=4.30211e-16 dual_residual=7.56929e-06 x_size=16 x_finite=1
[SQP LINESEARCH] iter=3 current_violation=0 accepted_violation=0 accepted=1 alpha=1 delta_u_norm=0.142659
[SQP SUPPORT] iter=3 support_size=0 support_limit=-1 support_ok=1
[SQP] before_solve iter=4 vars=16 constraints=95 max_d=-1.83255
[QP WORST] iter=4 row=1 type=collision d=-1.83255
[QP WORST COLLISION] scenario=20 k=1 obstacle=0 disc=0
[SQP] after_solve iter=4 converged=1 status=0 iterations=2 primal_residual=4.2414e-16 dual_residual=8.91654e-06 x_size=16 x_finite=1
[SQP LINESEARCH] iter=4 current_violation=0 accepted_violation=0 accepted=1 alpha=1 delta_u_norm=0.133461
[SQP SUPPORT] iter=4 support_size=0 support_limit=-1 support_ok=1
[SQP] before_solve iter=5 vars=16 constraints=95 max_d=-1.83257
[QP WORST] iter=5 row=1 type=collision d=-1.83257
[QP WORST COLLISION] scenario=20 k=1 obstacle=0 disc=0
[SQP] after_solve iter=5 converged=1 status=0 iterations=2 primal_residual=4.42354e-16 dual_residual=5.73572e-06 x_size=16 x_finite=1
[SQP LINESEARCH] iter=5 current_violation=0 accepted_violation=0 accepted=1 alpha=1 delta_u_norm=0.125379
[SQP SUPPORT] iter=5 support_size=0 support_limit=-1 support_ok=1
[SQP] before_solve iter=6 vars=16 constraints=95 max_d=-1.83252
[QP WORST] iter=6 row=1 type=collision d=-1.83252
[QP WORST COLLISION] scenario=20 k=1 obstacle=0 disc=0
[SQP] after_solve iter=6 converged=1 status=0 iterations=2 primal_residual=4.34223e-16 dual_residual=5.90133e-06 x_size=16 x_finite=1
[SQP LINESEARCH] iter=6 current_violation=0 accepted_violation=0 accepted=1 alpha=1 delta_u_norm=0.118168
[SQP SUPPORT] iter=6 support_size=0 support_limit=-1 support_ok=1
[SQP] before_solve iter=7 vars=16 constraints=95 max_d=-1.83254
[QP WORST] iter=7 row=1 type=collision d=-1.83254
[QP WORST COLLISION] scenario=20 k=1 obstacle=0 disc=0
[SQP] after_solve iter=7 converged=1 status=0 iterations=2 primal_residual=4.17201e-16 dual_residual=4.3116e-06 x_size=16 x_finite=1
[SQP LINESEARCH] iter=7 current_violation=0 accepted_violation=0 accepted=1 alpha=1 delta_u_norm=0.111611
[SQP SUPPORT] iter=7 support_size=0 support_limit=-1 support_ok=1
[SQP] before_solve iter=8 vars=16 constraints=95 max_d=-1.83253
[QP WORST] iter=8 row=1 type=collision d=-1.83253
[QP WORST COLLISION] scenario=20 k=1 obstacle=0 disc=0
[SQP] after_solve iter=8 converged=1 status=0 iterations=2 primal_residual=4.34982e-16 dual_residual=4.10765e-06 x_size=16 x_finite=1
[SQP LINESEARCH] iter=8 current_violation=0 accepted_violation=0 accepted=1 alpha=1 delta_u_norm=0.105611
[SQP SUPPORT] iter=8 support_size=0 support_limit=-1 support_ok=1
[SQP] before_solve iter=9 vars=16 constraints=95 max_d=-1.83255
[QP WORST] iter=9 row=1 type=collision d=-1.83255
[QP WORST COLLISION] scenario=20 k=1 obstacle=0 disc=0
[SQP] after_solve iter=9 converged=1 status=0 iterations=2 primal_residual=4.28124e-16 dual_residual=3.24259e-06 x_size=16 x_finite=1
[SQP LINESEARCH] iter=9 current_violation=0 accepted_violation=0 accepted=1 alpha=1 delta_u_norm=0.100066
[SQP SUPPORT] iter=9 support_size=0 support_limit=-1 support_ok=1
[SQP FINAL] final_violation=0 violated_constraints=0
[SUPPORT FINAL] sqp_union=0 final_active=0 support_limit=-1
[SUPPORT FINAL IDS]
[SUPPORT UNION IDS]
[COLD START RECOVERY CHECK] ordinary_sqp_failed=0 seed_available=1 incompatible=0 try_homotopy=0
[HARNESS RESULT] step=51 success=1 controls=8 first_input_present=1
[MPC STEP METRICS] step=51 applied=1 success=1 fallback=0 a=-0.00156954 omega=-0.0632685 dt=0.1 acceleration_weight=0.1 steering_weight=0.1 control_cost_unweighted=0.00400537 control_cost_weighted=0.000400537 mpc_cost=-17.5715 solve_time=0.0326139 qp_solve_time=0.0200946 constraint_time=0.00681474 dro_risk_time=0.000402624 ambiguity_radius=0.00189298 certificate=not_requested
[EVAL SAFETY] step=52 min_center_distance=2.78725 min_clearance=1.83725 collision_this_step=0 collision_run=0 collision_radius=0.95
[DRO SUMMARY] step=53 obstacle=0 S=40 rho=0.00186688 rho_raw=0.00186688 D_max=0.0115351 D_min=0.00578169 tv_bound=0.322895 eta=0.161843 eta_raw=0.161843 radius_m=53 radius_d=3 transport_cost=0 budget_usage=0 lambda=0 q_support=3 nominal_risk=0 qstar_risk=0 risk_lift=0 tv=0
[DRO MODE] step=53 obstacle=0 mode=constant_velocity p=0.321101 risk=0 q=0.321101 delta_q=0 q_times_S=12.844
[DRO MODE] step=53 obstacle=0 mode=turn_left p=0.394495 risk=0 q=0.394495 delta_q=0 q_times_S=15.7798
[DRO MODE] step=53 obstacle=0 mode=turn_right p=0.284404 risk=0 q=0.284404 delta_q=0 q_times_S=11.3761
[DRO SAMPLE] step=53 obstacle=0 mode=constant_velocity q=0.321101 q_times_S=12.844 first_count=13 first_fraction=0.325 occupancy=104 occupancy_fraction=0.325
[DRO SAMPLE] step=53 obstacle=0 mode=turn_left q=0.394495 q_times_S=15.7798 first_count=11 first_fraction=0.275 occupancy=88 occupancy_fraction=0.275
[DRO SAMPLE] step=53 obstacle=0 mode=turn_right q=0.284404 q_times_S=11.3761 first_count=16 first_fraction=0.4 occupancy=128 occupancy_fraction=0.4
[RF BACKUP] available=1 controls=8 states=9
[FREE POLY] k=1 disc=0 raw=40 facets=4 vertices=7 rho=4.8 anchor_shift=0
[FREE POLY] k=1 disc=1 raw=40 facets=0 vertices=4 rho=0.800001 anchor_shift=0
[FREE POLY] k=1 disc=2 raw=40 facets=0 vertices=4 rho=4.8 anchor_shift=0
[FREE POLY] k=2 disc=0 raw=40 facets=3 vertices=6 rho=5.6 anchor_shift=0
[FREE POLY] k=2 disc=1 raw=40 facets=0 vertices=4 rho=1.6 anchor_shift=0
[FREE POLY] k=2 disc=2 raw=40 facets=0 vertices=4 rho=5.6 anchor_shift=0
[FREE POLY] k=3 disc=0 raw=40 facets=3 vertices=6 rho=6.4 anchor_shift=0
[FREE POLY] k=3 disc=1 raw=40 facets=0 vertices=4 rho=2.4 anchor_shift=0
[FREE POLY] k=3 disc=2 raw=40 facets=2 vertices=6 rho=6.4 anchor_shift=0
[FREE POLY] k=4 disc=0 raw=40 facets=2 vertices=5 rho=7.2 anchor_shift=0
[FREE POLY] k=4 disc=1 raw=40 facets=0 vertices=4 rho=3.2 anchor_shift=0
[FREE POLY] k=4 disc=2 raw=40 facets=2 vertices=5 rho=7.2 anchor_shift=0
[FREE POLY] k=5 disc=0 raw=40 facets=2 vertices=5 rho=8 anchor_shift=0
[FREE POLY] k=5 disc=1 raw=40 facets=0 vertices=4 rho=4 anchor_shift=0
[FREE POLY] k=5 disc=2 raw=40 facets=2 vertices=5 rho=8 anchor_shift=0
[FREE POLY] k=6 disc=0 raw=40 facets=2 vertices=5 rho=8.8 anchor_shift=0
[FREE POLY] k=6 disc=1 raw=40 facets=1 vertices=5 rho=4.8 anchor_shift=0
[FREE POLY] k=6 disc=2 raw=40 facets=2 vertices=5 rho=8.8 anchor_shift=0
[FREE POLY] k=7 disc=0 raw=40 facets=2 vertices=5 rho=9.6 anchor_shift=0
[FREE POLY] k=7 disc=1 raw=40 facets=2 vertices=5 rho=5.6 anchor_shift=0
[FREE POLY] k=7 disc=2 raw=40 facets=2 vertices=5 rho=9.6 anchor_shift=0
[FREE POLY] k=8 disc=0 raw=40 facets=2 vertices=5 rho=10.4 anchor_shift=0
[FREE POLY] k=8 disc=1 raw=40 facets=2 vertices=5 rho=6.4 anchor_shift=0
[FREE POLY] k=8 disc=2 raw=40 facets=2 vertices=5 rho=10.4 anchor_shift=0
[RF SUPPORT SEED] removed=0 support_limit=-1
[SQP] before_solve iter=0 vars=16 constraints=69 max_d=-1.8559
[QP WORST] iter=0 row=60 type=velocity d=-1.8559
[SQP] after_solve iter=0 converged=1 status=0 iterations=2 primal_residual=4.30211e-16 dual_residual=2.22712e-05 x_size=16 x_finite=1
[SQP LINESEARCH] iter=0 current_violation=0 accepted_violation=0 accepted=1 alpha=1 delta_u_norm=0.228716
[SQP SUPPORT] iter=0 support_size=0 support_limit=-1 support_ok=1
[SQP] before_solve iter=1 vars=16 constraints=69 max_d=-1.83859
[QP WORST] iter=1 row=60 type=velocity d=-1.83859
[SQP] after_solve iter=1 converged=1 status=0 iterations=2 primal_residual=4.44089e-16 dual_residual=1.21154e-05 x_size=16 x_finite=1
[SQP LINESEARCH] iter=1 current_violation=0 accepted_violation=0 accepted=1 alpha=1 delta_u_norm=0.170136
[SQP SUPPORT] iter=1 support_size=0 support_limit=-1 support_ok=1
[SQP] before_solve iter=2 vars=16 constraints=69 max_d=-1.83785
[QP WORST] iter=2 row=60 type=velocity d=-1.83785
[SQP] after_solve iter=2 converged=1 status=0 iterations=2 primal_residual=4.26742e-16 dual_residual=1.26218e-05 x_size=16 x_finite=1
[SQP LINESEARCH] iter=2 current_violation=0 accepted_violation=0 accepted=1 alpha=1 delta_u_norm=0.153618
[SQP SUPPORT] iter=2 support_size=0 support_limit=-1 support_ok=1
[SQP] before_solve iter=3 vars=16 constraints=69 max_d=-1.84079
[QP WORST] iter=3 row=60 type=velocity d=-1.84079
[SQP] after_solve iter=3 converged=1 status=0 iterations=2 primal_residual=4.25766e-16 dual_residual=6.77819e-06 x_size=16 x_finite=1
[SQP LINESEARCH] iter=3 current_violation=0 accepted_violation=0 accepted=1 alpha=1 delta_u_norm=0.142618
[SQP SUPPORT] iter=3 support_size=0 support_limit=-1 support_ok=1
[SQP] before_solve iter=4 vars=16 constraints=69 max_d=-1.84417
[QP WORST] iter=4 row=60 type=velocity d=-1.84417
[SQP] after_solve iter=4 converged=1 status=0 iterations=2 primal_residual=4.18936e-16 dual_residual=7.89403e-06 x_size=16 x_finite=1
[SQP LINESEARCH] iter=4 current_violation=0 accepted_violation=0 accepted=1 alpha=1 delta_u_norm=0.133433
[SQP SUPPORT] iter=4 support_size=0 support_limit=-1 support_ok=1
[SQP] before_solve iter=5 vars=16 constraints=69 max_d=-1.84727
[QP WORST] iter=5 row=60 type=velocity d=-1.84727
[SQP] after_solve iter=5 converged=1 status=0 iterations=2 primal_residual=3.99312e-16 dual_residual=5.14957e-06 x_size=16 x_finite=1
[SQP LINESEARCH] iter=5 current_violation=0 accepted_violation=0 accepted=1 alpha=1 delta_u_norm=0.125364
[SQP SUPPORT] iter=5 support_size=0 support_limit=-1 support_ok=1
[SQP] before_solve iter=6 vars=16 constraints=69 max_d=-1.84999
[QP WORST] iter=6 row=60 type=velocity d=-1.84999
[SQP] after_solve iter=6 converged=1 status=0 iterations=2 primal_residual=4.28802e-16 dual_residual=5.26635e-06 x_size=16 x_finite=1
[SQP LINESEARCH] iter=6 current_violation=0 accepted_violation=0 accepted=1 alpha=1 delta_u_norm=0.118155
[SQP SUPPORT] iter=6 support_size=0 support_limit=-1 support_ok=1
[SQP] before_solve iter=7 vars=16 constraints=69 max_d=-1.85236
[QP WORST] iter=7 row=60 type=velocity d=-1.85236
[SQP] after_solve iter=7 converged=1 status=0 iterations=2 primal_residual=4.36825e-16 dual_residual=3.88659e-06 x_size=16 x_finite=1
[SQP LINESEARCH] iter=7 current_violation=0 accepted_violation=0 accepted=1 alpha=1 delta_u_norm=0.111603
[SQP SUPPORT] iter=7 support_size=0 support_limit=-1 support_ok=1
[SQP] before_solve iter=8 vars=16 constraints=69 max_d=-1.85444
[QP WORST] iter=8 row=60 type=velocity d=-1.85444
[SQP] after_solve iter=8 converged=1 status=0 iterations=2 primal_residual=4.36066e-16 dual_residual=3.69393e-06 x_size=16 x_finite=1
[SQP LINESEARCH] iter=8 current_violation=0 accepted_violation=0 accepted=1 alpha=1 delta_u_norm=0.105603
[SQP SUPPORT] iter=8 support_size=0 support_limit=-1 support_ok=1
[SQP] before_solve iter=9 vars=16 constraints=69 max_d=-1.85558
[QP WORST] iter=9 row=62 type=velocity d=-1.85558
[SQP] after_solve iter=9 converged=1 status=0 iterations=2 primal_residual=4.43276e-16 dual_residual=2.93819e-06 x_size=16 x_finite=1
[SQP LINESEARCH] iter=9 current_violation=0 accepted_violation=0 accepted=1 alpha=1 delta_u_norm=0.10006
[SQP SUPPORT] iter=9 support_size=0 support_limit=-1 support_ok=1
[SQP FINAL] final_violation=0 violated_constraints=0
[SUPPORT FINAL] sqp_union=0 final_active=0 support_limit=-1
[SUPPORT FINAL IDS]
[SUPPORT UNION IDS]
[COLD START RECOVERY CHECK] ordinary_sqp_failed=0 seed_available=1 incompatible=0 try_homotopy=0
[HARNESS RESULT] step=52 success=1 controls=8 first_input_present=1
[MPC STEP METRICS] step=52 applied=1 success=1 fallback=0 a=-0.00114265 omega=-0.0539598 dt=0.1 acceleration_weight=0.1 steering_weight=0.1 control_cost_unweighted=0.00291297 control_cost_weighted=0.000291297 mpc_cost=-17.5762 solve_time=0.0302945 qp_solve_time=0.0185525 constraint_time=0.00606762 dro_risk_time=0.00040609 ambiguity_radius=0.00186688 certificate=not_requested
[EVAL SAFETY] step=53 min_center_distance=2.98379 min_clearance=2.03379 collision_this_step=0 collision_run=0 collision_radius=0.95
[DRO SUMMARY] step=54 obstacle=0 S=40 rho=0.00185378 rho_raw=0.00185378 D_max=0.0115351 D_min=0.00578169 tv_bound=0.320629 eta=0.160708 eta_raw=0.160708 radius_m=54 radius_d=3 transport_cost=0 budget_usage=0 lambda=0 q_support=3 nominal_risk=0 qstar_risk=0 risk_lift=0 tv=0
[DRO MODE] step=54 obstacle=0 mode=constant_velocity p=0.315315 risk=0 q=0.315315 delta_q=0 q_times_S=12.6126
[DRO MODE] step=54 obstacle=0 mode=turn_left p=0.405405 risk=0 q=0.405405 delta_q=0 q_times_S=16.2162
[DRO MODE] step=54 obstacle=0 mode=turn_right p=0.279279 risk=0 q=0.279279 delta_q=0 q_times_S=11.1712
[DRO SAMPLE] step=54 obstacle=0 mode=constant_velocity q=0.315315 q_times_S=12.6126 first_count=8 first_fraction=0.2 occupancy=64 occupancy_fraction=0.2
[DRO SAMPLE] step=54 obstacle=0 mode=turn_left q=0.405405 q_times_S=16.2162 first_count=19 first_fraction=0.475 occupancy=152 occupancy_fraction=0.475
[DRO SAMPLE] step=54 obstacle=0 mode=turn_right q=0.279279 q_times_S=11.1712 first_count=13 first_fraction=0.325 occupancy=104 occupancy_fraction=0.325
[RF BACKUP] available=1 controls=8 states=9
[FREE POLY] k=1 disc=0 raw=40 facets=4 vertices=7 rho=4.8 anchor_shift=0
[FREE POLY] k=1 disc=1 raw=40 facets=0 vertices=4 rho=0.800001 anchor_shift=0
[FREE POLY] k=1 disc=2 raw=40 facets=0 vertices=4 rho=4.8 anchor_shift=0
[FREE POLY] k=2 disc=0 raw=40 facets=4 vertices=7 rho=5.6 anchor_shift=0
[FREE POLY] k=2 disc=1 raw=40 facets=0 vertices=4 rho=1.6 anchor_shift=0
[FREE POLY] k=2 disc=2 raw=40 facets=0 vertices=4 rho=5.6 anchor_shift=0
[FREE POLY] k=3 disc=0 raw=40 facets=4 vertices=7 rho=6.4 anchor_shift=0
[FREE POLY] k=3 disc=1 raw=40 facets=0 vertices=4 rho=2.4 anchor_shift=0
[FREE POLY] k=3 disc=2 raw=40 facets=0 vertices=4 rho=6.4 anchor_shift=0
[FREE POLY] k=4 disc=0 raw=40 facets=3 vertices=6 rho=7.2 anchor_shift=0
[FREE POLY] k=4 disc=1 raw=40 facets=0 vertices=4 rho=3.2 anchor_shift=0
[FREE POLY] k=4 disc=2 raw=40 facets=2 vertices=5 rho=7.2 anchor_shift=0
[FREE POLY] k=5 disc=0 raw=40 facets=2 vertices=5 rho=8 anchor_shift=0
[FREE POLY] k=5 disc=1 raw=40 facets=0 vertices=4 rho=4 anchor_shift=0
[FREE POLY] k=5 disc=2 raw=40 facets=2 vertices=5 rho=8 anchor_shift=0
[FREE POLY] k=6 disc=0 raw=40 facets=3 vertices=6 rho=8.8 anchor_shift=0
[FREE POLY] k=6 disc=1 raw=40 facets=0 vertices=4 rho=4.8 anchor_shift=0
[FREE POLY] k=6 disc=2 raw=40 facets=3 vertices=6 rho=8.8 anchor_shift=0
[FREE POLY] k=7 disc=0 raw=40 facets=3 vertices=6 rho=9.6 anchor_shift=0
[FREE POLY] k=7 disc=1 raw=40 facets=3 vertices=6 rho=5.6 anchor_shift=0
[FREE POLY] k=7 disc=2 raw=40 facets=3 vertices=6 rho=9.6 anchor_shift=0
[FREE POLY] k=8 disc=0 raw=40 facets=3 vertices=6 rho=10.4 anchor_shift=0
[FREE POLY] k=8 disc=1 raw=40 facets=3 vertices=6 rho=6.4 anchor_shift=0
[FREE POLY] k=8 disc=2 raw=40 facets=3 vertices=6 rho=10.4 anchor_shift=0
[RF SUPPORT SEED] removed=0 support_limit=-1
[SQP] before_solve iter=0 vars=16 constraints=77 max_d=-1.85592
[QP WORST] iter=0 row=68 type=velocity d=-1.85592
[SQP] after_solve iter=0 converged=1 status=0 iterations=2 primal_residual=4.33681e-16 dual_residual=1.94306e-05 x_size=16 x_finite=1
[SQP LINESEARCH] iter=0 current_violation=0 accepted_violation=0 accepted=1 alpha=1 delta_u_norm=0.228533
[SQP SUPPORT] iter=0 support_size=0 support_limit=-1 support_ok=1
[SQP] before_solve iter=1 vars=16 constraints=77 max_d=-1.83861
[QP WORST] iter=1 row=68 type=velocity d=-1.83861
[SQP] after_solve iter=1 converged=1 status=0 iterations=2 primal_residual=4.3715e-16 dual_residual=1.0186e-05 x_size=16 x_finite=1
[SQP LINESEARCH] iter=1 current_violation=0 accepted_violation=0 accepted=1 alpha=1 delta_u_norm=0.170025
[SQP SUPPORT] iter=1 support_size=0 support_limit=-1 support_ok=1
[SQP] before_solve iter=2 vars=16 constraints=77 max_d=-1.83787
[QP WORST] iter=2 row=68 type=velocity d=-1.83787
[SQP] after_solve iter=2 converged=1 status=0 iterations=2 primal_residual=4.26742e-16 dual_residual=1.11157e-05 x_size=16 x_finite=1
[SQP LINESEARCH] iter=2 current_violation=0 accepted_violation=0 accepted=1 alpha=1 delta_u_norm=0.153557
[SQP SUPPORT] iter=2 support_size=0 support_limit=-1 support_ok=1
[SQP] before_solve iter=3 vars=16 constraints=77 max_d=-1.84081
[QP WORST] iter=3 row=68 type=velocity d=-1.84081
[SQP] after_solve iter=3 converged=1 status=0 iterations=2 primal_residual=4.36717e-16 dual_residual=6.09641e-06 x_size=16 x_finite=1
[SQP LINESEARCH] iter=3 current_violation=0 accepted_violation=0 accepted=1 alpha=1 delta_u_norm=0.142589
[SQP SUPPORT] iter=3 support_size=0 support_limit=-1 support_ok=1
[SQP] before_solve iter=4 vars=16 constraints=77 max_d=-1.84419
[QP WORST] iter=4 row=68 type=velocity d=-1.84419
[SQP] after_solve iter=4 converged=1 status=0 iterations=2 primal_residual=4.27718e-16 dual_residual=7.01636e-06 x_size=16 x_finite=1
[SQP LINESEARCH] iter=4 current_violation=0 accepted_violation=0 accepted=1 alpha=1 delta_u_norm=0.133413
[SQP SUPPORT] iter=4 support_size=0 support_limit=-1 support_ok=1
[SQP] before_solve iter=5 vars=16 constraints=77 max_d=-1.8473
[QP WORST] iter=5 row=68 type=velocity d=-1.8473
[SQP] after_solve iter=5 converged=1 status=0 iterations=2 primal_residual=4.24357e-16 dual_residual=4.64518e-06 x_size=16 x_finite=1
[SQP LINESEARCH] iter=5 current_violation=0 accepted_violation=0 accepted=1 alpha=1 delta_u_norm=0.125354
[SQP SUPPORT] iter=5 support_size=0 support_limit=-1 support_ok=1
[SQP] before_solve iter=6 vars=16 constraints=77 max_d=-1.85001
[QP WORST] iter=6 row=68 type=velocity d=-1.85001
[SQP] after_solve iter=6 converged=1 status=0 iterations=2 primal_residual=4.25007e-16 dual_residual=4.72077e-06 x_size=16 x_finite=1
[SQP LINESEARCH] iter=6 current_violation=0 accepted_violation=0 accepted=1 alpha=1 delta_u_norm=0.118147
[SQP SUPPORT] iter=6 support_size=0 support_limit=-1 support_ok=1
[SQP] before_solve iter=7 vars=16 constraints=77 max_d=-1.85238
[QP WORST] iter=7 row=68 type=velocity d=-1.85238
[SQP] after_solve iter=7 converged=1 status=0 iterations=2 primal_residual=4.40945e-16 dual_residual=3.52096e-06 x_size=16 x_finite=1
[SQP LINESEARCH] iter=7 current_violation=0 accepted_violation=0 accepted=1 alpha=1 delta_u_norm=0.111598
[SQP SUPPORT] iter=7 support_size=0 support_limit=-1 support_ok=1
[SQP] before_solve iter=8 vars=16 constraints=77 max_d=-1.85447
[QP WORST] iter=8 row=68 type=velocity d=-1.85447
[SQP] after_solve iter=8 converged=1 status=0 iterations=2 primal_residual=4.42354e-16 dual_residual=3.33823e-06 x_size=16 x_finite=1
[SQP LINESEARCH] iter=8 current_violation=0 accepted_violation=0 accepted=1 alpha=1 delta_u_norm=0.105598
[SQP SUPPORT] iter=8 support_size=0 support_limit=-1 support_ok=1
[SQP] before_solve iter=9 vars=16 constraints=77 max_d=-1.85559
[QP WORST] iter=9 row=70 type=velocity d=-1.85559
[SQP] after_solve iter=9 converged=1 status=0 iterations=2 primal_residual=4.44089e-16 dual_residual=2.67632e-06 x_size=16 x_finite=1
[SQP LINESEARCH] iter=9 current_violation=0 accepted_violation=0 accepted=1 alpha=1 delta_u_norm=0.100056
[SQP SUPPORT] iter=9 support_size=0 support_limit=-1 support_ok=1
[SQP FINAL] final_violation=0 violated_constraints=0
[SUPPORT FINAL] sqp_union=0 final_active=0 support_limit=-1
[SUPPORT FINAL IDS]
[SUPPORT UNION IDS]
[COLD START RECOVERY CHECK] ordinary_sqp_failed=0 seed_available=1 incompatible=0 try_homotopy=0
[HARNESS RESULT] step=53 success=1 controls=8 first_input_present=1
[MPC STEP METRICS] step=53 applied=1 success=1 fallback=0 a=-0.000828556 omega=-0.0459702 dt=0.1 acceleration_weight=0.1 steering_weight=0.1 control_cost_unweighted=0.00211395 control_cost_weighted=0.000211395 mpc_cost=-17.5796 solve_time=0.0314937 qp_solve_time=0.0191268 constraint_time=0.00658458 dro_risk_time=0.000417923 ambiguity_radius=0.00185378 certificate=not_requested
[EVAL SAFETY] step=54 min_center_distance=3.18112 min_clearance=2.23112 collision_this_step=0 collision_run=0 collision_radius=0.95
[DRO SUMMARY] step=55 obstacle=0 S=40 rho=0.00184025 rho_raw=0.00184025 D_max=0.0115351 D_min=0.00578169 tv_bound=0.31829 eta=0.159535 eta_raw=0.159535 radius_m=55 radius_d=3 transport_cost=0 budget_usage=0 lambda=0 q_support=3 nominal_risk=0 qstar_risk=0 risk_lift=0 tv=0
[DRO MODE] step=55 obstacle=0 mode=constant_velocity p=0.309735 risk=0 q=0.309735 delta_q=0 q_times_S=12.3894
[DRO MODE] step=55 obstacle=0 mode=turn_left p=0.415929 risk=0 q=0.415929 delta_q=0 q_times_S=16.6372
[DRO MODE] step=55 obstacle=0 mode=turn_right p=0.274336 risk=0 q=0.274336 delta_q=0 q_times_S=10.9735
[DRO SAMPLE] step=55 obstacle=0 mode=constant_velocity q=0.309735 q_times_S=12.3894 first_count=13 first_fraction=0.325 occupancy=104 occupancy_fraction=0.325
[DRO SAMPLE] step=55 obstacle=0 mode=turn_left q=0.415929 q_times_S=16.6372 first_count=18 first_fraction=0.45 occupancy=144 occupancy_fraction=0.45
[DRO SAMPLE] step=55 obstacle=0 mode=turn_right q=0.274336 q_times_S=10.9735 first_count=9 first_fraction=0.225 occupancy=72 occupancy_fraction=0.225
[RF BACKUP] available=1 controls=8 states=9
[FREE POLY] k=1 disc=0 raw=40 facets=4 vertices=7 rho=4.8 anchor_shift=0
[FREE POLY] k=1 disc=1 raw=40 facets=0 vertices=4 rho=0.800001 anchor_shift=0
[FREE POLY] k=1 disc=2 raw=40 facets=0 vertices=4 rho=4.8 anchor_shift=0
[FREE POLY] k=2 disc=0 raw=40 facets=3 vertices=6 rho=5.6 anchor_shift=0
[FREE POLY] k=2 disc=1 raw=40 facets=0 vertices=4 rho=1.6 anchor_shift=0
[FREE POLY] k=2 disc=2 raw=40 facets=0 vertices=4 rho=5.6 anchor_shift=0
[FREE POLY] k=3 disc=0 raw=40 facets=3 vertices=6 rho=6.4 anchor_shift=0
[FREE POLY] k=3 disc=1 raw=40 facets=0 vertices=4 rho=2.4 anchor_shift=0
[FREE POLY] k=3 disc=2 raw=40 facets=0 vertices=4 rho=6.4 anchor_shift=0
[FREE POLY] k=4 disc=0 raw=40 facets=5 vertices=8 rho=7.2 anchor_shift=0
[FREE POLY] k=4 disc=1 raw=40 facets=0 vertices=4 rho=3.2 anchor_shift=0
[FREE POLY] k=4 disc=2 raw=40 facets=4 vertices=7 rho=7.2 anchor_shift=0
[FREE POLY] k=5 disc=0 raw=40 facets=5 vertices=8 rho=8 anchor_shift=0
[FREE POLY] k=5 disc=1 raw=40 facets=0 vertices=4 rho=4 anchor_shift=0
[FREE POLY] k=5 disc=2 raw=40 facets=4 vertices=7 rho=8 anchor_shift=0
[FREE POLY] k=6 disc=0 raw=40 facets=4 vertices=7 rho=8.8 anchor_shift=0
[FREE POLY] k=6 disc=1 raw=40 facets=0 vertices=4 rho=4.8 anchor_shift=0
[FREE POLY] k=6 disc=2 raw=40 facets=3 vertices=6 rho=8.8 anchor_shift=0
[FREE POLY] k=7 disc=0 raw=40 facets=7 vertices=10 rho=9.6 anchor_shift=0
[FREE POLY] k=7 disc=1 raw=40 facets=4 vertices=8 rho=5.6 anchor_shift=0
[FREE POLY] k=7 disc=2 raw=40 facets=6 vertices=9 rho=9.6 anchor_shift=0
[FREE POLY] k=8 disc=0 raw=40 facets=5 vertices=8 rho=10.4 anchor_shift=0
[FREE POLY] k=8 disc=1 raw=40 facets=3 vertices=6 rho=6.4 anchor_shift=0
[FREE POLY] k=8 disc=2 raw=40 facets=3 vertices=6 rho=10.4 anchor_shift=0
[RF SUPPORT SEED] removed=0 support_limit=-1
[SQP] before_solve iter=0 vars=16 constraints=95 max_d=-1.85593
[QP WORST] iter=0 row=86 type=velocity d=-1.85593
[SQP] after_solve iter=0 converged=1 status=0 iterations=2 primal_residual=4.3715e-16 dual_residual=1.70092e-05 x_size=16 x_finite=1
[SQP LINESEARCH] iter=0 current_violation=0 accepted_violation=0 accepted=1 alpha=1 delta_u_norm=0.228402
[SQP SUPPORT] iter=0 support_size=0 support_limit=-1 support_ok=1
[SQP] before_solve iter=1 vars=16 constraints=95 max_d=-1.83862
[QP WORST] iter=1 row=86 type=velocity d=-1.83862
[SQP] after_solve iter=1 converged=1 status=0 iterations=2 primal_residual=4.09395e-16 dual_residual=9.03531e-06 x_size=16 x_finite=1
[SQP LINESEARCH] iter=1 current_violation=0 accepted_violation=0 accepted=1 alpha=1 delta_u_norm=0.169945
[SQP SUPPORT] iter=1 support_size=0 support_limit=-1 support_ok=1
[SQP] before_solve iter=2 vars=16 constraints=95 max_d=-1.83788
[QP WORST] iter=2 row=86 type=velocity d=-1.83788
[SQP] after_solve iter=2 converged=1 status=0 iterations=2 primal_residual=4.41053e-16 dual_residual=9.82527e-06 x_size=16 x_finite=1
[SQP LINESEARCH] iter=2 current_violation=0 accepted_violation=0 accepted=1 alpha=1 delta_u_norm=0.153512
[SQP SUPPORT] iter=2 support_size=0 support_limit=-1 support_ok=1
[SQP] before_solve iter=3 vars=16 constraints=95 max_d=-1.84082
[QP WORST] iter=3 row=86 type=velocity d=-1.84082
[SQP] after_solve iter=3 converged=1 status=0 iterations=2 primal_residual=4.32814e-16 dual_residual=5.51038e-06 x_size=16 x_finite=1
[SQP LINESEARCH] iter=3 current_violation=0 accepted_violation=0 accepted=1 alpha=1 delta_u_norm=0.142567
[SQP SUPPORT] iter=3 support_size=0 support_limit=-1 support_ok=1
[SQP] before_solve iter=4 vars=16 constraints=95 max_d=-1.84421
[QP WORST] iter=4 row=86 type=velocity d=-1.84421
[SQP] after_solve iter=4 converged=1 status=0 iterations=2 primal_residual=4.32597e-16 dual_residual=6.26391e-06 x_size=16 x_finite=1
[SQP LINESEARCH] iter=4 current_violation=0 accepted_violation=0 accepted=1 alpha=1 delta_u_norm=0.133398
[SQP SUPPORT] iter=4 support_size=0 support_limit=-1 support_ok=1
[SQP] before_solve iter=5 vars=16 constraints=95 max_d=-1.84731
[QP WORST] iter=5 row=86 type=velocity d=-1.84731
[SQP] after_solve iter=5 converged=1 status=0 iterations=2 primal_residual=4.29669e-16 dual_residual=4.21202e-06 x_size=16 x_finite=1
[SQP LINESEARCH] iter=5 current_violation=0 accepted_violation=0 accepted=1 alpha=1 delta_u_norm=0.125346
[SQP SUPPORT] iter=5 support_size=0 support_limit=-1 support_ok=1
[SQP] before_solve iter=6 vars=16 constraints=95 max_d=-1.85003
[QP WORST] iter=6 row=86 type=velocity d=-1.85003
[SQP] after_solve iter=6 converged=1 status=0 iterations=2 primal_residual=4.23151e-16 dual_residual=4.25264e-06 x_size=16 x_finite=1
[SQP LINESEARCH] iter=6 current_violation=0 accepted_violation=0 accepted=1 alpha=1 delta_u_norm=0.11814
[SQP SUPPORT] iter=6 support_size=0 support_limit=-1 support_ok=1
[SQP] before_solve iter=7 vars=16 constraints=95 max_d=-1.8524
[QP WORST] iter=7 row=86 type=velocity d=-1.8524
[SQP] after_solve iter=7 converged=1 status=0 iterations=2 primal_residual=4.35307e-16 dual_residual=3.20696e-06 x_size=16 x_finite=1
[SQP LINESEARCH] iter=7 current_violation=0 accepted_violation=0 accepted=1 alpha=1 delta_u_norm=0.111594
[SQP SUPPORT] iter=7 support_size=0 support_limit=-1 support_ok=1
[SQP] before_solve iter=8 vars=16 constraints=95 max_d=-1.85448
[QP WORST] iter=8 row=86 type=velocity d=-1.85448
[SQP] after_solve iter=8 converged=1 status=0 iterations=2 primal_residual=4.33681e-16 dual_residual=3.03283e-06 x_size=16 x_finite=1
[SQP LINESEARCH] iter=8 current_violation=0 accepted_violation=0 accepted=1 alpha=1 delta_u_norm=0.105594
[SQP SUPPORT] iter=8 support_size=0 support_limit=-1 support_ok=1
[SQP] before_solve iter=9 vars=16 constraints=95 max_d=-1.8556
[QP WORST] iter=9 row=88 type=velocity d=-1.8556
[SQP] after_solve iter=9 converged=1 status=0 iterations=2 primal_residual=4.33898e-16 dual_residual=2.45137e-06 x_size=16 x_finite=1
[SQP LINESEARCH] iter=9 current_violation=0 accepted_violation=0 accepted=1 alpha=1 delta_u_norm=0.100053
[SQP SUPPORT] iter=9 support_size=0 support_limit=-1 support_ok=1
[SQP FINAL] final_violation=0 violated_constraints=0
[SUPPORT FINAL] sqp_union=0 final_active=0 support_limit=-1
[SUPPORT FINAL IDS]
[SUPPORT UNION IDS]
[COLD START RECOVERY CHECK] ordinary_sqp_failed=0 seed_available=1 incompatible=0 try_homotopy=0
[HARNESS RESULT] step=54 success=1 controls=8 first_input_present=1
[MPC STEP METRICS] step=54 applied=1 success=1 fallback=0 a=-0.00060167 omega=-0.0391757 dt=0.1 acceleration_weight=0.1 steering_weight=0.1 control_cost_unweighted=0.0015351 control_cost_weighted=0.00015351 mpc_cost=-17.5821 solve_time=0.0315964 qp_solve_time=0.0194675 constraint_time=0.00659999 dro_risk_time=0.000401902 ambiguity_radius=0.00184025 certificate=not_requested
[EVAL SAFETY] step=55 min_center_distance=3.37906 min_clearance=2.42906 collision_this_step=0 collision_run=0 collision_radius=0.95
[DRO SUMMARY] step=56 obstacle=0 S=40 rho=0.00181613 rho_raw=0.00181613 D_max=0.0115351 D_min=0.00578169 tv_bound=0.314118 eta=0.157444 eta_raw=0.157444 radius_m=56 radius_d=3 transport_cost=0 budget_usage=0 lambda=0 q_support=3 nominal_risk=0 qstar_risk=0 risk_lift=0 tv=0
[DRO MODE] step=56 obstacle=0 mode=constant_velocity p=0.321739 risk=0 q=0.321739 delta_q=0 q_times_S=12.8696
[DRO MODE] step=56 obstacle=0 mode=turn_left p=0.408696 risk=0 q=0.408696 delta_q=0 q_times_S=16.3478
[DRO MODE] step=56 obstacle=0 mode=turn_right p=0.269565 risk=0 q=0.269565 delta_q=0 q_times_S=10.7826
[DRO SAMPLE] step=56 obstacle=0 mode=constant_velocity q=0.321739 q_times_S=12.8696 first_count=19 first_fraction=0.475 occupancy=152 occupancy_fraction=0.475
[DRO SAMPLE] step=56 obstacle=0 mode=turn_left q=0.408696 q_times_S=16.3478 first_count=12 first_fraction=0.3 occupancy=96 occupancy_fraction=0.3
[DRO SAMPLE] step=56 obstacle=0 mode=turn_right q=0.269565 q_times_S=10.7826 first_count=9 first_fraction=0.225 occupancy=72 occupancy_fraction=0.225
[RF BACKUP] available=1 controls=8 states=9
[FREE POLY] k=1 disc=0 raw=40 facets=4 vertices=7 rho=4.8 anchor_shift=0
[FREE POLY] k=1 disc=1 raw=40 facets=0 vertices=4 rho=0.800001 anchor_shift=0
[FREE POLY] k=1 disc=2 raw=40 facets=0 vertices=4 rho=4.8 anchor_shift=0
[FREE POLY] k=2 disc=0 raw=40 facets=4 vertices=7 rho=5.6 anchor_shift=0
[FREE POLY] k=2 disc=1 raw=40 facets=0 vertices=4 rho=1.6 anchor_shift=0
[FREE POLY] k=2 disc=2 raw=40 facets=0 vertices=4 rho=5.6 anchor_shift=0
[FREE POLY] k=3 disc=0 raw=40 facets=3 vertices=6 rho=6.4 anchor_shift=0
[FREE POLY] k=3 disc=1 raw=40 facets=0 vertices=4 rho=2.4 anchor_shift=0
[FREE POLY] k=3 disc=2 raw=40 facets=0 vertices=4 rho=6.4 anchor_shift=0
[FREE POLY] k=4 disc=0 raw=40 facets=2 vertices=5 rho=7.2 anchor_shift=0
[FREE POLY] k=4 disc=1 raw=40 facets=0 vertices=4 rho=3.2 anchor_shift=0
[FREE POLY] k=4 disc=2 raw=40 facets=2 vertices=6 rho=7.2 anchor_shift=0
[FREE POLY] k=5 disc=0 raw=40 facets=3 vertices=6 rho=8 anchor_shift=0
[FREE POLY] k=5 disc=1 raw=40 facets=0 vertices=4 rho=4 anchor_shift=0
[FREE POLY] k=5 disc=2 raw=40 facets=3 vertices=6 rho=8 anchor_shift=0
[FREE POLY] k=6 disc=0 raw=40 facets=3 vertices=6 rho=8.8 anchor_shift=0
[FREE POLY] k=6 disc=1 raw=40 facets=0 vertices=4 rho=4.8 anchor_shift=0
[FREE POLY] k=6 disc=2 raw=40 facets=3 vertices=6 rho=8.8 anchor_shift=0
[FREE POLY] k=7 disc=0 raw=40 facets=3 vertices=6 rho=9.6 anchor_shift=0
[FREE POLY] k=7 disc=1 raw=40 facets=2 vertices=6 rho=5.6 anchor_shift=0
[FREE POLY] k=7 disc=2 raw=40 facets=3 vertices=6 rho=9.6 anchor_shift=0
[FREE POLY] k=8 disc=0 raw=40 facets=3 vertices=6 rho=10.4 anchor_shift=0
[FREE POLY] k=8 disc=1 raw=40 facets=3 vertices=6 rho=6.4 anchor_shift=0
[FREE POLY] k=8 disc=2 raw=40 facets=3 vertices=6 rho=10.4 anchor_shift=0
[RF SUPPORT SEED] removed=0 support_limit=-1
[SQP] before_solve iter=0 vars=16 constraints=76 max_d=-1.85594
[QP WORST] iter=0 row=67 type=velocity d=-1.85594
[SQP] after_solve iter=0 converged=1 status=0 iterations=2 primal_residual=4.44089e-16 dual_residual=1.49425e-05 x_size=16 x_finite=1
[SQP LINESEARCH] iter=0 current_violation=0 accepted_violation=0 accepted=1 alpha=1 delta_u_norm=0.228308
[SQP SUPPORT] iter=0 support_size=0 support_limit=-1 support_ok=1
[SQP] before_solve iter=1 vars=16 constraints=76 max_d=-1.83863
[QP WORST] iter=1 row=67 type=velocity d=-1.83863
[SQP] after_solve iter=1 converged=1 status=0 iterations=2 primal_residual=4.26742e-16 dual_residual=8.10286e-06 x_size=16 x_finite=1
[SQP LINESEARCH] iter=1 current_violation=0 accepted_violation=0 accepted=1 alpha=1 delta_u_norm=0.169887
[SQP SUPPORT] iter=1 support_size=0 support_limit=-1 support_ok=1
[SQP] before_solve iter=2 vars=16 constraints=76 max_d=-1.83789
[QP WORST] iter=2 row=67 type=velocity d=-1.83789
[SQP] after_solve iter=2 converged=1 status=0 iterations=2 primal_residual=4.09828e-16 dual_residual=8.723e-06 x_size=16 x_finite=1
[SQP LINESEARCH] iter=2 current_violation=0 accepted_violation=0 accepted=1 alpha=1 delta_u_norm=0.153481
[SQP SUPPORT] iter=2 support_size=0 support_limit=-1 support_ok=1
[SQP] before_solve iter=3 vars=16 constraints=76 max_d=-1.84083
[QP WORST] iter=3 row=67 type=velocity d=-1.84083
[SQP] after_solve iter=3 converged=1 status=0 iterations=2 primal_residual=4.33085e-16 dual_residual=5.00925e-06 x_size=16 x_finite=1
[SQP LINESEARCH] iter=3 current_violation=0 accepted_violation=0 accepted=1 alpha=1 delta_u_norm=0.142551
[SQP SUPPORT] iter=3 support_size=0 support_limit=-1 support_ok=1
[SQP] before_solve iter=4 vars=16 constraints=76 max_d=-1.84422
[QP WORST] iter=4 row=67 type=velocity d=-1.84422
[SQP] after_solve iter=4 converged=1 status=0 iterations=2 primal_residual=4.12431e-16 dual_residual=5.6205e-06 x_size=16 x_finite=1
[SQP LINESEARCH] iter=4 current_violation=0 accepted_violation=0 accepted=1 alpha=1 delta_u_norm=0.133388
[SQP SUPPORT] iter=4 support_size=0 support_limit=-1 support_ok=1
[SQP] before_solve iter=5 vars=16 constraints=76 max_d=-1.84732
[QP WORST] iter=5 row=67 type=velocity d=-1.84732
[SQP] after_solve iter=5 converged=1 status=0 iterations=2 primal_residual=4.27392e-16 dual_residual=3.8414e-06 x_size=16 x_finite=1
[SQP LINESEARCH] iter=5 current_violation=0 accepted_violation=0 accepted=1 alpha=1 delta_u_norm=0.125341
[SQP SUPPORT] iter=5 support_size=0 support_limit=-1 support_ok=1
[SQP] before_solve iter=6 vars=16 constraints=76 max_d=-1.85004
[QP WORST] iter=6 row=67 type=velocity d=-1.85004
[SQP] after_solve iter=6 converged=1 status=0 iterations=2 primal_residual=4.42734e-16 dual_residual=3.85197e-06 x_size=16 x_finite=1
[SQP LINESEARCH] iter=6 current_violation=0 accepted_violation=0 accepted=1 alpha=1 delta_u_norm=0.118135
[SQP SUPPORT] iter=6 support_size=0 support_limit=-1 support_ok=1
[SQP] before_solve iter=7 vars=16 constraints=76 max_d=-1.85241
[QP WORST] iter=7 row=67 type=velocity d=-1.85241
[SQP] after_solve iter=7 converged=1 status=0 iterations=2 primal_residual=4.09395e-16 dual_residual=2.93808e-06 x_size=16 x_finite=1
[SQP LINESEARCH] iter=7 current_violation=0 accepted_violation=0 accepted=1 alpha=1 delta_u_norm=0.11159
[SQP SUPPORT] iter=7 support_size=0 support_limit=-1 support_ok=1
[SQP] before_solve iter=8 vars=16 constraints=76 max_d=-1.85449
[QP WORST] iter=8 row=67 type=velocity d=-1.85449
[SQP] after_solve iter=8 converged=1 status=0 iterations=2 primal_residual=4.17255e-16 dual_residual=2.77123e-06 x_size=16 x_finite=1
[SQP LINESEARCH] iter=8 current_violation=0 accepted_violation=0 accepted=1 alpha=1 delta_u_norm=0.105591
[SQP SUPPORT] iter=8 support_size=0 support_limit=-1 support_ok=1
[SQP] before_solve iter=9 vars=16 constraints=76 max_d=-1.85561
[QP WORST] iter=9 row=69 type=velocity d=-1.85561
[SQP] after_solve iter=9 converged=1 status=0 iterations=2 primal_residual=4.16334e-16 dual_residual=2.25861e-06 x_size=16 x_finite=1
[SQP LINESEARCH] iter=9 current_violation=0 accepted_violation=0 accepted=1 alpha=1 delta_u_norm=0.10005
[SQP SUPPORT] iter=9 support_size=0 support_limit=-1 support_ok=1
[SQP FINAL] final_violation=0 violated_constraints=0
[SUPPORT FINAL] sqp_union=0 final_active=0 support_limit=-1
[SUPPORT FINAL IDS]
[SUPPORT UNION IDS]
[COLD START RECOVERY CHECK] ordinary_sqp_failed=0 seed_available=1 incompatible=0 try_homotopy=0
[HARNESS RESULT] step=55 success=1 controls=8 first_input_present=1
[MPC STEP METRICS] step=55 applied=1 success=1 fallback=0 a=-0.0004367 omega=-0.0333787 dt=0.1 acceleration_weight=0.1 steering_weight=0.1 control_cost_unweighted=0.00111433 control_cost_weighted=0.000111433 mpc_cost=-17.5839 solve_time=0.0309486 qp_solve_time=0.01883 constraint_time=0.0063872 dro_risk_time=0.000408194 ambiguity_radius=0.00181613 certificate=not_requested
[EVAL SAFETY] step=56 min_center_distance=3.57735 min_clearance=2.62735 collision_this_step=0 collision_run=0 collision_radius=0.95
[DRO SUMMARY] step=57 obstacle=0 S=40 rho=0.00180278 rho_raw=0.00180278 D_max=0.0115351 D_min=0.00578169 tv_bound=0.311809 eta=0.156287 eta_raw=0.156287 radius_m=57 radius_d=3 transport_cost=0 budget_usage=0 lambda=0 q_support=3 nominal_risk=0 qstar_risk=0 risk_lift=0 tv=0
[DRO MODE] step=57 obstacle=0 mode=constant_velocity p=0.316239 risk=0 q=0.316239 delta_q=0 q_times_S=12.6496
[DRO MODE] step=57 obstacle=0 mode=turn_left p=0.401709 risk=0 q=0.401709 delta_q=0 q_times_S=16.0684
[DRO MODE] step=57 obstacle=0 mode=turn_right p=0.282051 risk=0 q=0.282051 delta_q=0 q_times_S=11.2821
[DRO SAMPLE] step=57 obstacle=0 mode=constant_velocity q=0.316239 q_times_S=12.6496 first_count=15 first_fraction=0.375 occupancy=120 occupancy_fraction=0.375
[DRO SAMPLE] step=57 obstacle=0 mode=turn_left q=0.401709 q_times_S=16.0684 first_count=14 first_fraction=0.35 occupancy=112 occupancy_fraction=0.35
[DRO SAMPLE] step=57 obstacle=0 mode=turn_right q=0.282051 q_times_S=11.2821 first_count=11 first_fraction=0.275 occupancy=88 occupancy_fraction=0.275
[RF BACKUP] available=1 controls=8 states=9
[FREE POLY] k=1 disc=0 raw=40 facets=4 vertices=7 rho=4.8 anchor_shift=0
[FREE POLY] k=1 disc=1 raw=40 facets=0 vertices=4 rho=0.800001 anchor_shift=0
[FREE POLY] k=1 disc=2 raw=40 facets=0 vertices=4 rho=4.8 anchor_shift=0
[FREE POLY] k=2 disc=0 raw=40 facets=5 vertices=8 rho=5.6 anchor_shift=0
[FREE POLY] k=2 disc=1 raw=40 facets=0 vertices=4 rho=1.6 anchor_shift=0
[FREE POLY] k=2 disc=2 raw=40 facets=0 vertices=4 rho=5.6 anchor_shift=0
[FREE POLY] k=3 disc=0 raw=40 facets=4 vertices=7 rho=6.4 anchor_shift=0
[FREE POLY] k=3 disc=1 raw=40 facets=0 vertices=4 rho=2.4 anchor_shift=0
[FREE POLY] k=3 disc=2 raw=40 facets=0 vertices=4 rho=6.4 anchor_shift=0
[FREE POLY] k=4 disc=0 raw=40 facets=6 vertices=9 rho=7.2 anchor_shift=0
[FREE POLY] k=4 disc=1 raw=40 facets=0 vertices=4 rho=3.2 anchor_shift=0
[FREE POLY] k=4 disc=2 raw=40 facets=0 vertices=4 rho=7.2 anchor_shift=0
[FREE POLY] k=5 disc=0 raw=40 facets=3 vertices=6 rho=8 anchor_shift=0
[FREE POLY] k=5 disc=1 raw=40 facets=0 vertices=4 rho=4 anchor_shift=0
[FREE POLY] k=5 disc=2 raw=40 facets=3 vertices=6 rho=8 anchor_shift=0
[FREE POLY] k=6 disc=0 raw=40 facets=3 vertices=6 rho=8.8 anchor_shift=0
[FREE POLY] k=6 disc=1 raw=40 facets=0 vertices=4 rho=4.8 anchor_shift=0
[FREE POLY] k=6 disc=2 raw=40 facets=2 vertices=5 rho=8.8 anchor_shift=0
[FREE POLY] k=7 disc=0 raw=40 facets=3 vertices=6 rho=9.6 anchor_shift=0
[FREE POLY] k=7 disc=1 raw=40 facets=0 vertices=4 rho=5.6 anchor_shift=0
[FREE POLY] k=7 disc=2 raw=40 facets=2 vertices=5 rho=9.6 anchor_shift=0
[FREE POLY] k=8 disc=0 raw=40 facets=4 vertices=7 rho=10.4 anchor_shift=0
[FREE POLY] k=8 disc=1 raw=40 facets=3 vertices=6 rho=6.4 anchor_shift=0
[FREE POLY] k=8 disc=2 raw=40 facets=4 vertices=7 rho=10.4 anchor_shift=0
[RF SUPPORT SEED] removed=0 support_limit=-1
[SQP] before_solve iter=0 vars=16 constraints=78 max_d=-1.85595
[QP WORST] iter=0 row=69 type=velocity d=-1.85595
[SQP] after_solve iter=0 converged=1 status=0 iterations=2 primal_residual=7.07767e-16 dual_residual=1.31765e-05 x_size=16 x_finite=1
[SQP LINESEARCH] iter=0 current_violation=0 accepted_violation=0 accepted=1 alpha=1 delta_u_norm=0.228241
[SQP SUPPORT] iter=0 support_size=0 support_limit=-1 support_ok=1
[SQP] before_solve iter=1 vars=16 constraints=78 max_d=-1.83864
[QP WORST] iter=1 row=69 type=velocity d=-1.83864
[SQP] after_solve iter=1 converged=1 status=0 iterations=2 primal_residual=6.53991e-16 dual_residual=7.29296e-06 x_size=16 x_finite=1
[SQP LINESEARCH] iter=1 current_violation=0 accepted_violation=0 accepted=1 alpha=1 delta_u_norm=0.169845
[SQP SUPPORT] iter=1 support_size=0 support_limit=-1 support_ok=1
[SQP] before_solve iter=2 vars=16 constraints=78 max_d=-1.8379
[QP WORST] iter=2 row=69 type=velocity d=-1.8379
[SQP] after_solve iter=2 converged=1 status=0 iterations=2 primal_residual=5.10551e-16 dual_residual=7.77951e-06 x_size=16 x_finite=1
[SQP LINESEARCH] iter=2 current_violation=0 accepted_violation=0 accepted=1 alpha=1 delta_u_norm=0.153458
[SQP SUPPORT] iter=2 support_size=0 support_limit=-1 support_ok=1
[SQP] before_solve iter=3 vars=16 constraints=78 max_d=-1.84084
[QP WORST] iter=3 row=69 type=velocity d=-1.84084
[SQP] after_solve iter=3 converged=1 status=0 iterations=2 primal_residual=8.31163e-16 dual_residual=4.57905e-06 x_size=16 x_finite=1
[SQP LINESEARCH] iter=3 current_violation=0 accepted_violation=0 accepted=1 alpha=1 delta_u_norm=0.14254
[SQP SUPPORT] iter=3 support_size=0 support_limit=-1 support_ok=1
[SQP] before_solve iter=4 vars=16 constraints=78 max_d=-1.84423
[QP WORST] iter=4 row=69 type=velocity d=-1.84423
[SQP] after_solve iter=4 converged=1 status=0 iterations=2 primal_residual=7.61544e-16 dual_residual=5.06929e-06 x_size=16 x_finite=1
[SQP LINESEARCH] iter=4 current_violation=0 accepted_violation=0 accepted=1 alpha=1 delta_u_norm=0.13338
[SQP SUPPORT] iter=4 support_size=0 support_limit=-1 support_ok=1
[SQP] before_solve iter=5 vars=16 constraints=78 max_d=-1.84733
[QP WORST] iter=5 row=69 type=velocity d=-1.84733
[SQP] after_solve iter=5 converged=1 status=0 iterations=2 primal_residual=8.11783e-16 dual_residual=3.52346e-06 x_size=16 x_finite=1
[SQP LINESEARCH] iter=5 current_violation=0 accepted_violation=0 accepted=1 alpha=1 delta_u_norm=0.125337
[SQP SUPPORT] iter=5 support_size=0 support_limit=-1 support_ok=1
[SQP] before_solve iter=6 vars=16 constraints=78 max_d=-1.85005
[QP WORST] iter=6 row=69 type=velocity d=-1.85005
[SQP] after_solve iter=6 converged=1 status=0 iterations=2 primal_residual=4.59566e-16 dual_residual=3.50855e-06 x_size=16 x_finite=1
[SQP LINESEARCH] iter=6 current_violation=0 accepted_violation=0 accepted=1 alpha=1 delta_u_norm=0.118132
[SQP SUPPORT] iter=6 support_size=0 support_limit=-1 support_ok=1
[SQP] before_solve iter=7 vars=16 constraints=78 max_d=-1.85242
[QP WORST] iter=7 row=69 type=velocity d=-1.85242
[SQP] after_solve iter=7 converged=1 status=0 iterations=2 primal_residual=5.96094e-16 dual_residual=2.70748e-06 x_size=16 x_finite=1
[SQP LINESEARCH] iter=7 current_violation=0 accepted_violation=0 accepted=1 alpha=1 delta_u_norm=0.111588
[SQP SUPPORT] iter=7 support_size=0 support_limit=-1 support_ok=1
[SQP] before_solve iter=8 vars=16 constraints=78 max_d=-1.8545
[QP WORST] iter=8 row=69 type=velocity d=-1.8545
[SQP] after_solve iter=8 converged=1 status=0 iterations=2 primal_residual=7.43763e-16 dual_residual=2.54694e-06 x_size=16 x_finite=1
[SQP LINESEARCH] iter=8 current_violation=0 accepted_violation=0 accepted=1 alpha=1 delta_u_norm=0.105589
[SQP SUPPORT] iter=8 support_size=0 support_limit=-1 support_ok=1
[SQP] before_solve iter=9 vars=16 constraints=78 max_d=-1.85561
[QP WORST] iter=9 row=71 type=velocity d=-1.85561
[SQP] after_solve iter=9 converged=1 status=0 iterations=2 primal_residual=7.07767e-16 dual_residual=2.0933e-06 x_size=16 x_finite=1
[SQP LINESEARCH] iter=9 current_violation=0 accepted_violation=0 accepted=1 alpha=1 delta_u_norm=0.100049
[SQP SUPPORT] iter=9 support_size=0 support_limit=-1 support_ok=1
[SQP FINAL] final_violation=0 violated_constraints=0
[SUPPORT FINAL] sqp_union=0 final_active=0 support_limit=-1
[SUPPORT FINAL IDS]
[SUPPORT UNION IDS]
[COLD START RECOVERY CHECK] ordinary_sqp_failed=0 seed_available=1 incompatible=0 try_homotopy=0
[HARNESS RESULT] step=56 success=1 controls=8 first_input_present=1
[MPC STEP METRICS] step=56 applied=1 success=1 fallback=0 a=-0.000316973 omega=-0.028438 dt=0.1 acceleration_weight=0.1 steering_weight=0.1 control_cost_unweighted=0.000808819 control_cost_weighted=8.08819e-05 mpc_cost=-17.5851 solve_time=0.0335192 qp_solve_time=0.0212483 constraint_time=0.00657342 dro_risk_time=0.000403365 ambiguity_radius=0.00180278 certificate=not_requested
[EVAL SAFETY] step=57 min_center_distance=3.7758 min_clearance=2.8258 collision_this_step=0 collision_run=0 collision_radius=0.95
[DRO SUMMARY] step=58 obstacle=0 S=40 rho=0.00178893 rho_raw=0.00178893 D_max=0.0115351 D_min=0.00578169 tv_bound=0.309413 eta=0.155086 eta_raw=0.155086 radius_m=58 radius_d=3 transport_cost=0 budget_usage=0 lambda=0 q_support=3 nominal_risk=0 qstar_risk=0 risk_lift=0 tv=0
[DRO MODE] step=58 obstacle=0 mode=constant_velocity p=0.310924 risk=0 q=0.310924 delta_q=0 q_times_S=12.437
[DRO MODE] step=58 obstacle=0 mode=turn_left p=0.394958 risk=0 q=0.394958 delta_q=0 q_times_S=15.7983
[DRO MODE] step=58 obstacle=0 mode=turn_right p=0.294118 risk=0 q=0.294118 delta_q=0 q_times_S=11.7647
[DRO SAMPLE] step=58 obstacle=0 mode=constant_velocity q=0.310924 q_times_S=12.437 first_count=15 first_fraction=0.375 occupancy=120 occupancy_fraction=0.375
[DRO SAMPLE] step=58 obstacle=0 mode=turn_left q=0.394958 q_times_S=15.7983 first_count=11 first_fraction=0.275 occupancy=88 occupancy_fraction=0.275
[DRO SAMPLE] step=58 obstacle=0 mode=turn_right q=0.294118 q_times_S=11.7647 first_count=14 first_fraction=0.35 occupancy=112 occupancy_fraction=0.35
[RF BACKUP] available=1 controls=8 states=9
[FREE POLY] k=1 disc=0 raw=40 facets=3 vertices=6 rho=4.8 anchor_shift=0
[FREE POLY] k=1 disc=1 raw=40 facets=0 vertices=4 rho=0.800001 anchor_shift=0
[FREE POLY] k=1 disc=2 raw=40 facets=0 vertices=4 rho=4.8 anchor_shift=0
[FREE POLY] k=2 disc=0 raw=40 facets=3 vertices=6 rho=5.6 anchor_shift=0
[FREE POLY] k=2 disc=1 raw=40 facets=0 vertices=4 rho=1.6 anchor_shift=0
[FREE POLY] k=2 disc=2 raw=40 facets=0 vertices=4 rho=5.6 anchor_shift=0
[FREE POLY] k=3 disc=0 raw=40 facets=4 vertices=7 rho=6.4 anchor_shift=0
[FREE POLY] k=3 disc=1 raw=40 facets=0 vertices=4 rho=2.4 anchor_shift=0
[FREE POLY] k=3 disc=2 raw=40 facets=0 vertices=4 rho=6.4 anchor_shift=0
[FREE POLY] k=4 disc=0 raw=40 facets=3 vertices=6 rho=7.2 anchor_shift=0
[FREE POLY] k=4 disc=1 raw=40 facets=0 vertices=4 rho=3.2 anchor_shift=0
[FREE POLY] k=4 disc=2 raw=40 facets=0 vertices=4 rho=7.2 anchor_shift=0
[FREE POLY] k=5 disc=0 raw=40 facets=3 vertices=6 rho=8 anchor_shift=0
[FREE POLY] k=5 disc=1 raw=40 facets=0 vertices=4 rho=4 anchor_shift=0
[FREE POLY] k=5 disc=2 raw=40 facets=3 vertices=6 rho=8 anchor_shift=0
[FREE POLY] k=6 disc=0 raw=40 facets=3 vertices=6 rho=8.8 anchor_shift=0
[FREE POLY] k=6 disc=1 raw=40 facets=0 vertices=4 rho=4.8 anchor_shift=0
[FREE POLY] k=6 disc=2 raw=40 facets=3 vertices=6 rho=8.8 anchor_shift=0
[FREE POLY] k=7 disc=0 raw=40 facets=4 vertices=7 rho=9.6 anchor_shift=0
[FREE POLY] k=7 disc=1 raw=40 facets=0 vertices=4 rho=5.6 anchor_shift=0
[FREE POLY] k=7 disc=2 raw=40 facets=4 vertices=7 rho=9.6 anchor_shift=0
[FREE POLY] k=8 disc=0 raw=40 facets=4 vertices=7 rho=10.4 anchor_shift=0
[FREE POLY] k=8 disc=1 raw=40 facets=3 vertices=7 rho=6.4 anchor_shift=0
[FREE POLY] k=8 disc=2 raw=40 facets=3 vertices=6 rho=10.4 anchor_shift=0
[RF SUPPORT SEED] removed=0 support_limit=-1
[SQP] before_solve iter=0 vars=16 constraints=75 max_d=-1.85595
[QP WORST] iter=0 row=66 type=velocity d=-1.85595
[SQP] after_solve iter=0 converged=1 status=0 iterations=2 primal_residual=5.6205e-16 dual_residual=1.16708e-05 x_size=16 x_finite=1
[SQP LINESEARCH] iter=0 current_violation=0 accepted_violation=0 accepted=1 alpha=1 delta_u_norm=0.228193
[SQP SUPPORT] iter=0 support_size=0 support_limit=-1 support_ok=1
[SQP] before_solve iter=1 vars=16 constraints=75 max_d=-1.83864
[QP WORST] iter=1 row=66 type=velocity d=-1.83864
[SQP] after_solve iter=1 converged=1 status=0 iterations=2 primal_residual=8.88178e-16 dual_residual=6.59548e-06 x_size=16 x_finite=1
[SQP LINESEARCH] iter=1 current_violation=0 accepted_violation=0 accepted=1 alpha=1 delta_u_norm=0.169815
[SQP SUPPORT] iter=1 support_size=0 support_limit=-1 support_ok=1
[SQP] before_solve iter=2 vars=16 constraints=75 max_d=-1.83791
[QP WORST] iter=2 row=66 type=velocity d=-1.83791
[SQP] after_solve iter=2 converged=1 status=0 iterations=2 primal_residual=8.65193e-16 dual_residual=6.97393e-06 x_size=16 x_finite=1
[SQP LINESEARCH] iter=2 current_violation=0 accepted_violation=0 accepted=1 alpha=1 delta_u_norm=0.153442
[SQP SUPPORT] iter=2 support_size=0 support_limit=-1 support_ok=1
[SQP] before_solve iter=3 vars=16 constraints=75 max_d=-1.84085
[QP WORST] iter=3 row=66 type=velocity d=-1.84085
[SQP] after_solve iter=3 converged=1 status=0 iterations=2 primal_residual=8.87745e-16 dual_residual=4.21148e-06 x_size=16 x_finite=1
[SQP LINESEARCH] iter=3 current_violation=0 accepted_violation=0 accepted=1 alpha=1 delta_u_norm=0.142532
[SQP SUPPORT] iter=3 support_size=0 support_limit=-1 support_ok=1
[SQP] before_solve iter=4 vars=16 constraints=75 max_d=-1.84423
[QP WORST] iter=4 row=66 type=velocity d=-1.84423
[SQP] after_solve iter=4 converged=1 status=0 iterations=2 primal_residual=8.51559e-16 dual_residual=4.59833e-06 x_size=16 x_finite=1
[SQP LINESEARCH] iter=4 current_violation=0 accepted_violation=0 accepted=1 alpha=1 delta_u_norm=0.133375
[SQP SUPPORT] iter=4 support_size=0 support_limit=-1 support_ok=1
[SQP] before_solve iter=5 vars=16 constraints=75 max_d=-1.84734
[QP WORST] iter=5 row=66 type=velocity d=-1.84734
[SQP] after_solve iter=5 converged=1 status=0 iterations=2 primal_residual=8.22544e-16 dual_residual=3.25172e-06 x_size=16 x_finite=1
[SQP LINESEARCH] iter=5 current_violation=0 accepted_violation=0 accepted=1 alpha=1 delta_u_norm=0.125334
[SQP SUPPORT] iter=5 support_size=0 support_limit=-1 support_ok=1
[SQP] before_solve iter=6 vars=16 constraints=75 max_d=-1.85006
[QP WORST] iter=6 row=66 type=velocity d=-1.85006
[SQP] after_solve iter=6 converged=1 status=0 iterations=2 primal_residual=7.99043e-16 dual_residual=3.21493e-06 x_size=16 x_finite=1
[SQP LINESEARCH] iter=6 current_violation=0 accepted_violation=0 accepted=1 alpha=1 delta_u_norm=0.11813
[SQP SUPPORT] iter=6 support_size=0 support_limit=-1 support_ok=1
[SQP] before_solve iter=7 vars=16 constraints=75 max_d=-1.85243
[QP WORST] iter=7 row=66 type=velocity d=-1.85243
[SQP] after_solve iter=7 converged=1 status=0 iterations=2 primal_residual=7.61286e-16 dual_residual=2.51028e-06 x_size=16 x_finite=1
[SQP LINESEARCH] iter=7 current_violation=0 accepted_violation=0 accepted=1 alpha=1 delta_u_norm=0.111587
[SQP SUPPORT] iter=7 support_size=0 support_limit=-1 support_ok=1
[SQP] before_solve iter=8 vars=16 constraints=75 max_d=-1.85451
[QP WORST] iter=8 row=66 type=velocity d=-1.85451
[SQP] after_solve iter=8 converged=1 status=0 iterations=2 primal_residual=8.36028e-16 dual_residual=2.35508e-06 x_size=16 x_finite=1
[SQP LINESEARCH] iter=8 current_violation=0 accepted_violation=0 accepted=1 alpha=1 delta_u_norm=0.105587
[SQP SUPPORT] iter=8 support_size=0 support_limit=-1 support_ok=1
[SQP] before_solve iter=9 vars=16 constraints=75 max_d=-1.85562
[QP WORST] iter=9 row=68 type=velocity d=-1.85562
[SQP] after_solve iter=9 converged=1 status=0 iterations=2 primal_residual=7.45552e-16 dual_residual=1.95187e-06 x_size=16 x_finite=1
[SQP LINESEARCH] iter=9 current_violation=0 accepted_violation=0 accepted=1 alpha=1 delta_u_norm=0.100048
[SQP SUPPORT] iter=9 support_size=0 support_limit=-1 support_ok=1
[SQP FINAL] final_violation=0 violated_constraints=0
[SUPPORT FINAL] sqp_union=0 final_active=0 support_limit=-1
[SUPPORT FINAL IDS]
[SUPPORT UNION IDS]
[COLD START RECOVERY CHECK] ordinary_sqp_failed=0 seed_available=1 incompatible=0 try_homotopy=0
[HARNESS RESULT] step=57 success=1 controls=8 first_input_present=1
[MPC STEP METRICS] step=57 applied=1 success=1 fallback=0 a=-0.000230118 omega=-0.0242281 dt=0.1 acceleration_weight=0.1 steering_weight=0.1 control_cost_unweighted=0.000587051 control_cost_weighted=5.87051e-05 mpc_cost=-17.5861 solve_time=0.0350274 qp_solve_time=0.0184445 constraint_time=0.00814909 dro_risk_time=0.000604882 ambiguity_radius=0.00178893 certificate=not_requested
[EVAL SAFETY] step=58 min_center_distance=3.97435 min_clearance=3.02435 collision_this_step=0 collision_run=0 collision_radius=0.95
[DRO SUMMARY] step=59 obstacle=0 S=40 rho=0.0017667 rho_raw=0.0017667 D_max=0.0115351 D_min=0.00578169 tv_bound=0.305569 eta=0.153159 eta_raw=0.153159 radius_m=59 radius_d=3 transport_cost=0 budget_usage=0 lambda=0 q_support=3 nominal_risk=0 qstar_risk=0 risk_lift=0 tv=0
[DRO MODE] step=59 obstacle=0 mode=constant_velocity p=0.322314 risk=0 q=0.322314 delta_q=0 q_times_S=12.8926
[DRO MODE] step=59 obstacle=0 mode=turn_left p=0.38843 risk=0 q=0.38843 delta_q=0 q_times_S=15.5372
[DRO MODE] step=59 obstacle=0 mode=turn_right p=0.289256 risk=0 q=0.289256 delta_q=0 q_times_S=11.5702
[DRO SAMPLE] step=59 obstacle=0 mode=constant_velocity q=0.322314 q_times_S=12.8926 first_count=12 first_fraction=0.3 occupancy=96 occupancy_fraction=0.3
[DRO SAMPLE] step=59 obstacle=0 mode=turn_left q=0.38843 q_times_S=15.5372 first_count=15 first_fraction=0.375 occupancy=120 occupancy_fraction=0.375
[DRO SAMPLE] step=59 obstacle=0 mode=turn_right q=0.289256 q_times_S=11.5702 first_count=13 first_fraction=0.325 occupancy=104 occupancy_fraction=0.325
[RF BACKUP] available=1 controls=8 states=9
[FREE POLY] k=1 disc=0 raw=40 facets=3 vertices=6 rho=4.8 anchor_shift=0
[FREE POLY] k=1 disc=1 raw=40 facets=0 vertices=4 rho=0.800001 anchor_shift=0
[FREE POLY] k=1 disc=2 raw=40 facets=0 vertices=4 rho=4.8 anchor_shift=0
[FREE POLY] k=2 disc=0 raw=40 facets=5 vertices=8 rho=5.6 anchor_shift=0
[FREE POLY] k=2 disc=1 raw=40 facets=0 vertices=4 rho=1.6 anchor_shift=0
[FREE POLY] k=2 disc=2 raw=40 facets=0 vertices=4 rho=5.6 anchor_shift=0
[FREE POLY] k=3 disc=0 raw=40 facets=3 vertices=6 rho=6.4 anchor_shift=0
[FREE POLY] k=3 disc=1 raw=40 facets=0 vertices=4 rho=2.4 anchor_shift=0
[FREE POLY] k=3 disc=2 raw=40 facets=0 vertices=4 rho=6.4 anchor_shift=0
[FREE POLY] k=4 disc=0 raw=40 facets=5 vertices=8 rho=7.2 anchor_shift=0
[FREE POLY] k=4 disc=1 raw=40 facets=0 vertices=4 rho=3.2 anchor_shift=0
[FREE POLY] k=4 disc=2 raw=40 facets=0 vertices=4 rho=7.2 anchor_shift=0
[FREE POLY] k=5 disc=0 raw=40 facets=4 vertices=7 rho=8 anchor_shift=0
[FREE POLY] k=5 disc=1 raw=40 facets=0 vertices=4 rho=4 anchor_shift=0
[FREE POLY] k=5 disc=2 raw=40 facets=3 vertices=7 rho=8 anchor_shift=0
[FREE POLY] k=6 disc=0 raw=40 facets=4 vertices=7 rho=8.8 anchor_shift=0
[FREE POLY] k=6 disc=1 raw=40 facets=0 vertices=4 rho=4.8 anchor_shift=0
[FREE POLY] k=6 disc=2 raw=40 facets=3 vertices=6 rho=8.8 anchor_shift=0
[FREE POLY] k=7 disc=0 raw=40 facets=4 vertices=7 rho=9.6 anchor_shift=0
[FREE POLY] k=7 disc=1 raw=40 facets=0 vertices=4 rho=5.6 anchor_shift=0
[FREE POLY] k=7 disc=2 raw=40 facets=4 vertices=7 rho=9.6 anchor_shift=0
[FREE POLY] k=8 disc=0 raw=40 facets=4 vertices=7 rho=10.4 anchor_shift=0
[FREE POLY] k=8 disc=1 raw=40 facets=2 vertices=6 rho=6.4 anchor_shift=0
[FREE POLY] k=8 disc=2 raw=40 facets=4 vertices=7 rho=10.4 anchor_shift=0
[RF SUPPORT SEED] removed=0 support_limit=-1
[SQP] before_solve iter=0 vars=16 constraints=80 max_d=-1.85595
[QP WORST] iter=0 row=71 type=velocity d=-1.85595
[SQP] after_solve iter=0 converged=1 status=0 iterations=2 primal_residual=7.89299e-16 dual_residual=1.03874e-05 x_size=16 x_finite=1
[SQP LINESEARCH] iter=0 current_violation=0 accepted_violation=0 accepted=1 alpha=1 delta_u_norm=0.228159
[SQP SUPPORT] iter=0 support_size=0 support_limit=-1 support_ok=1
[SQP] before_solve iter=1 vars=16 constraints=80 max_d=-1.83864
[QP WORST] iter=1 row=71 type=velocity d=-1.83864
[SQP] after_solve iter=1 converged=1 status=0 iterations=2 primal_residual=8.86444e-16 dual_residual=5.99939e-06 x_size=16 x_finite=1
[SQP LINESEARCH] iter=1 current_violation=0 accepted_violation=0 accepted=1 alpha=1 delta_u_norm=0.169793
[SQP SUPPORT] iter=1 support_size=0 support_limit=-1 support_ok=1
[SQP] before_solve iter=2 vars=16 constraints=80 max_d=-1.83791
[QP WORST] iter=2 row=71 type=velocity d=-1.83791
[SQP] after_solve iter=2 converged=1 status=0 iterations=2 primal_residual=8.41124e-16 dual_residual=6.28573e-06 x_size=16 x_finite=1
[SQP LINESEARCH] iter=2 current_violation=0 accepted_violation=0 accepted=1 alpha=1 delta_u_norm=0.15343
[SQP SUPPORT] iter=2 support_size=0 support_limit=-1 support_ok=1
[SQP] before_solve iter=3 vars=16 constraints=80 max_d=-1.84085
[QP WORST] iter=3 row=71 type=velocity d=-1.84085
[SQP] after_solve iter=3 converged=1 status=0 iterations=2 primal_residual=7.97458e-16 dual_residual=3.89686e-06 x_size=16 x_finite=1
[SQP LINESEARCH] iter=3 current_violation=0 accepted_violation=0 accepted=1 alpha=1 delta_u_norm=0.142526
[SQP SUPPORT] iter=3 support_size=0 support_limit=-1 support_ok=1
[SQP] before_solve iter=4 vars=16 constraints=80 max_d=-1.84424
[QP WORST] iter=4 row=71 type=velocity d=-1.84424
[SQP] after_solve iter=4 converged=1 status=0 iterations=2 primal_residual=7.25101e-16 dual_residual=4.19553e-06 x_size=16 x_finite=1
[SQP LINESEARCH] iter=4 current_violation=0 accepted_violation=0 accepted=1 alpha=1 delta_u_norm=0.133371
[SQP SUPPORT] iter=4 support_size=0 support_limit=-1 support_ok=1
[SQP] before_solve iter=5 vars=16 constraints=80 max_d=-1.84734
[QP WORST] iter=5 row=71 type=velocity d=-1.84734
[SQP] after_solve iter=5 converged=1 status=0 iterations=2 primal_residual=7.68591e-16 dual_residual=3.01912e-06 x_size=16 x_finite=1
[SQP LINESEARCH] iter=5 current_violation=0 accepted_violation=0 accepted=1 alpha=1 delta_u_norm=0.125332
[SQP SUPPORT] iter=5 support_size=0 support_limit=-1 support_ok=1
[SQP] before_solve iter=6 vars=16 constraints=80 max_d=-1.85006
[QP WORST] iter=6 row=71 type=velocity d=-1.85006
[SQP] after_solve iter=6 converged=1 status=0 iterations=2 primal_residual=6.15759e-16 dual_residual=2.9637e-06 x_size=16 x_finite=1
[SQP LINESEARCH] iter=6 current_violation=0 accepted_violation=0 accepted=1 alpha=1 delta_u_norm=0.118128
[SQP SUPPORT] iter=6 support_size=0 support_limit=-1 support_ok=1
[SQP] before_solve iter=7 vars=16 constraints=80 max_d=-1.85243
[QP WORST] iter=7 row=71 type=velocity d=-1.85243
[SQP] after_solve iter=7 converged=1 status=0 iterations=2 primal_residual=8.12745e-16 dual_residual=2.34149e-06 x_size=16 x_finite=1
[SQP LINESEARCH] iter=7 current_violation=0 accepted_violation=0 accepted=1 alpha=1 delta_u_norm=0.111586
[SQP SUPPORT] iter=7 support_size=0 support_limit=-1 support_ok=1
[SQP] before_solve iter=8 vars=16 constraints=80 max_d=-1.85451
[QP WORST] iter=8 row=71 type=velocity d=-1.85451
[SQP] after_solve iter=8 converged=1 status=0 iterations=2 primal_residual=8.83245e-16 dual_residual=2.19087e-06 x_size=16 x_finite=1
[SQP LINESEARCH] iter=8 current_violation=0 accepted_violation=0 accepted=1 alpha=1 delta_u_norm=0.105586
[SQP SUPPORT] iter=8 support_size=0 support_limit=-1 support_ok=1
[SQP] before_solve iter=9 vars=16 constraints=80 max_d=-1.85562
[QP WORST] iter=9 row=73 type=velocity d=-1.85562
[SQP] after_solve iter=9 converged=1 status=0 iterations=2 primal_residual=6.62204e-16 dual_residual=1.8308e-06 x_size=16 x_finite=1
[SQP LINESEARCH] iter=9 current_violation=0 accepted_violation=0 accepted=1 alpha=1 delta_u_norm=0.100047
[SQP SUPPORT] iter=9 support_size=0 support_limit=-1 support_ok=1
[SQP FINAL] final_violation=0 violated_constraints=0
[SUPPORT FINAL] sqp_union=0 final_active=0 support_limit=-1
[SUPPORT FINAL IDS]
[SUPPORT UNION IDS]
[COLD START RECOVERY CHECK] ordinary_sqp_failed=0 seed_available=1 incompatible=0 try_homotopy=0
[HARNESS RESULT] step=58 success=1 controls=8 first_input_present=1
[MPC STEP METRICS] step=58 applied=1 success=1 fallback=0 a=-0.000167032 omega=-0.0206407 dt=0.1 acceleration_weight=0.1 steering_weight=0.1 control_cost_unweighted=0.000426064 control_cost_weighted=4.26064e-05 mpc_cost=-17.5868 solve_time=0.0305403 qp_solve_time=0.0183491 constraint_time=0.00656067 dro_risk_time=0.000405759 ambiguity_radius=0.0017667 certificate=not_requested
[EVAL SAFETY] step=59 min_center_distance=4.17306 min_clearance=3.22306 collision_this_step=0 collision_run=0 collision_radius=0.95
[DRO SUMMARY] step=60 obstacle=0 S=40 rho=0.00175312 rho_raw=0.00175312 D_max=0.0115351 D_min=0.00578169 tv_bound=0.303219 eta=0.151981 eta_raw=0.151981 radius_m=60 radius_d=3 transport_cost=0 budget_usage=0 lambda=0 q_support=3 nominal_risk=0 qstar_risk=0 risk_lift=0 tv=0
[DRO MODE] step=60 obstacle=0 mode=constant_velocity p=0.317073 risk=0 q=0.317073 delta_q=0 q_times_S=12.6829
[DRO MODE] step=60 obstacle=0 mode=turn_left p=0.382114 risk=0 q=0.382114 delta_q=0 q_times_S=15.2846
[DRO MODE] step=60 obstacle=0 mode=turn_right p=0.300813 risk=0 q=0.300813 delta_q=0 q_times_S=12.0325
[DRO SAMPLE] step=60 obstacle=0 mode=constant_velocity q=0.317073 q_times_S=12.6829 first_count=13 first_fraction=0.325 occupancy=104 occupancy_fraction=0.325
[DRO SAMPLE] step=60 obstacle=0 mode=turn_left q=0.382114 q_times_S=15.2846 first_count=14 first_fraction=0.35 occupancy=112 occupancy_fraction=0.35
[DRO SAMPLE] step=60 obstacle=0 mode=turn_right q=0.300813 q_times_S=12.0325 first_count=13 first_fraction=0.325 occupancy=104 occupancy_fraction=0.325
[RF BACKUP] available=1 controls=8 states=9
[FREE POLY] k=1 disc=0 raw=40 facets=2 vertices=5 rho=4.8 anchor_shift=0
[FREE POLY] k=1 disc=1 raw=40 facets=0 vertices=4 rho=0.800001 anchor_shift=0
[FREE POLY] k=1 disc=2 raw=40 facets=0 vertices=4 rho=4.8 anchor_shift=0
[FREE POLY] k=2 disc=0 raw=40 facets=4 vertices=7 rho=5.6 anchor_shift=0
[FREE POLY] k=2 disc=1 raw=40 facets=0 vertices=4 rho=1.6 anchor_shift=0
[FREE POLY] k=2 disc=2 raw=40 facets=0 vertices=4 rho=5.6 anchor_shift=0
[FREE POLY] k=3 disc=0 raw=40 facets=3 vertices=6 rho=6.4 anchor_shift=0
[FREE POLY] k=3 disc=1 raw=40 facets=0 vertices=4 rho=2.4 anchor_shift=0
[FREE POLY] k=3 disc=2 raw=40 facets=0 vertices=4 rho=6.4 anchor_shift=0
[FREE POLY] k=4 disc=0 raw=40 facets=4 vertices=7 rho=7.2 anchor_shift=0
[FREE POLY] k=4 disc=1 raw=40 facets=0 vertices=4 rho=3.2 anchor_shift=0
[FREE POLY] k=4 disc=2 raw=40 facets=0 vertices=4 rho=7.2 anchor_shift=0
[FREE POLY] k=5 disc=0 raw=40 facets=6 vertices=9 rho=8 anchor_shift=0
[FREE POLY] k=5 disc=1 raw=40 facets=0 vertices=4 rho=4 anchor_shift=0
[FREE POLY] k=5 disc=2 raw=40 facets=1 vertices=5 rho=8 anchor_shift=0
[FREE POLY] k=6 disc=0 raw=40 facets=6 vertices=9 rho=8.8 anchor_shift=0
[FREE POLY] k=6 disc=1 raw=40 facets=0 vertices=4 rho=4.8 anchor_shift=0
[FREE POLY] k=6 disc=2 raw=40 facets=4 vertices=7 rho=8.8 anchor_shift=0
[FREE POLY] k=7 disc=0 raw=40 facets=4 vertices=7 rho=9.6 anchor_shift=0
[FREE POLY] k=7 disc=1 raw=40 facets=0 vertices=4 rho=5.6 anchor_shift=0
[FREE POLY] k=7 disc=2 raw=40 facets=3 vertices=6 rho=9.6 anchor_shift=0
[FREE POLY] k=8 disc=0 raw=40 facets=4 vertices=7 rho=10.4 anchor_shift=0
[FREE POLY] k=8 disc=1 raw=40 facets=0 vertices=4 rho=6.4 anchor_shift=0
[FREE POLY] k=8 disc=2 raw=40 facets=4 vertices=7 rho=10.4 anchor_shift=0
[RF SUPPORT SEED] removed=0 support_limit=-1
[SQP] before_solve iter=0 vars=16 constraints=77 max_d=-1.85596
[QP WORST] iter=0 row=68 type=velocity d=-1.85596
[SQP] after_solve iter=0 converged=1 status=0 iterations=2 primal_residual=8.36137e-16 dual_residual=9.28812e-06 x_size=16 x_finite=1
[SQP LINESEARCH] iter=0 current_violation=0 accepted_violation=0 accepted=1 alpha=1 delta_u_norm=0.228135
[SQP SUPPORT] iter=0 support_size=0 support_limit=-1 support_ok=1
[SQP] before_solve iter=1 vars=16 constraints=77 max_d=-1.83865
[QP WORST] iter=1 row=68 type=velocity d=-1.83865
[SQP] after_solve iter=1 converged=1 status=0 iterations=2 primal_residual=6.9042e-16 dual_residual=5.48652e-06 x_size=16 x_finite=1
[SQP LINESEARCH] iter=1 current_violation=0 accepted_violation=0 accepted=1 alpha=1 delta_u_norm=0.169778
[SQP SUPPORT] iter=1 support_size=0 support_limit=-1 support_ok=1
[SQP] before_solve iter=2 vars=16 constraints=77 max_d=-1.83791
[QP WORST] iter=2 row=68 type=velocity d=-1.83791
[SQP] after_solve iter=2 converged=1 status=0 iterations=2 primal_residual=5.85469e-16 dual_residual=5.69786e-06 x_size=16 x_finite=1
[SQP LINESEARCH] iter=2 current_violation=0 accepted_violation=0 accepted=1 alpha=1 delta_u_norm=0.153422
[SQP SUPPORT] iter=2 support_size=0 support_limit=-1 support_ok=1
[SQP] before_solve iter=3 vars=16 constraints=77 max_d=-1.84085
[QP WORST] iter=3 row=68 type=velocity d=-1.84085
[SQP] after_solve iter=3 converged=1 status=0 iterations=2 primal_residual=7.20127e-16 dual_residual=3.6279e-06 x_size=16 x_finite=1
[SQP LINESEARCH] iter=3 current_violation=0 accepted_violation=0 accepted=1 alpha=1 delta_u_norm=0.142522
[SQP SUPPORT] iter=3 support_size=0 support_limit=-1 support_ok=1
[SQP] before_solve iter=4 vars=16 constraints=77 max_d=-1.84424
[QP WORST] iter=4 row=68 type=velocity d=-1.84424
[SQP] after_solve iter=4 converged=1 status=0 iterations=2 primal_residual=8.41937e-16 dual_residual=3.85134e-06 x_size=16 x_finite=1
[SQP LINESEARCH] iter=4 current_violation=0 accepted_violation=0 accepted=1 alpha=1 delta_u_norm=0.133369
[SQP SUPPORT] iter=4 support_size=0 support_limit=-1 support_ok=1
[SQP] before_solve iter=5 vars=16 constraints=77 max_d=-1.84734
[QP WORST] iter=5 row=68 type=velocity d=-1.84734
[SQP] after_solve iter=5 converged=1 status=0 iterations=2 primal_residual=8.47616e-16 dual_residual=2.82028e-06 x_size=16 x_finite=1
[SQP LINESEARCH] iter=5 current_violation=0 accepted_violation=0 accepted=1 alpha=1 delta_u_norm=0.12533
[SQP SUPPORT] iter=5 support_size=0 support_limit=-1 support_ok=1
[SQP] before_solve iter=6 vars=16 constraints=77 max_d=-1.85006
[QP WORST] iter=6 row=68 type=velocity d=-1.85006
[SQP] after_solve iter=6 converged=1 status=0 iterations=2 primal_residual=8.65952e-16 dual_residual=2.74893e-06 x_size=16 x_finite=1
[SQP LINESEARCH] iter=6 current_violation=0 accepted_violation=0 accepted=1 alpha=1 delta_u_norm=0.118127
[SQP SUPPORT] iter=6 support_size=0 support_limit=-1 support_ok=1
[SQP] before_solve iter=7 vars=16 constraints=77 max_d=-1.85243
[QP WORST] iter=7 row=68 type=velocity d=-1.85243
[SQP] after_solve iter=7 converged=1 status=0 iterations=2 primal_residual=8.69178e-16 dual_residual=2.19715e-06 x_size=16 x_finite=1
[SQP LINESEARCH] iter=7 current_violation=0 accepted_violation=0 accepted=1 alpha=1 delta_u_norm=0.111585
[SQP SUPPORT] iter=7 support_size=0 support_limit=-1 support_ok=1
[SQP] before_solve iter=8 vars=16 constraints=77 max_d=-1.85452
[QP WORST] iter=8 row=68 type=velocity d=-1.85452
[SQP] after_solve iter=8 converged=1 status=0 iterations=2 primal_residual=8.20985e-16 dual_residual=2.05044e-06 x_size=16 x_finite=1
[SQP LINESEARCH] iter=8 current_violation=0 accepted_violation=0 accepted=1 alpha=1 delta_u_norm=0.105586
[SQP SUPPORT] iter=8 support_size=0 support_limit=-1 support_ok=1
[SQP] before_solve iter=9 vars=16 constraints=77 max_d=-1.85562
[QP WORST] iter=9 row=70 type=velocity d=-1.85562
[SQP] after_solve iter=9 converged=1 status=0 iterations=2 primal_residual=7.27771e-16 dual_residual=1.72724e-06 x_size=16 x_finite=1
[SQP LINESEARCH] iter=9 current_violation=0 accepted_violation=0 accepted=1 alpha=1 delta_u_norm=0.100046
[SQP SUPPORT] iter=9 support_size=0 support_limit=-1 support_ok=1
[SQP FINAL] final_violation=0 violated_constraints=0
[SUPPORT FINAL] sqp_union=0 final_active=0 support_limit=-1
[SUPPORT FINAL IDS]
[SUPPORT UNION IDS]
[COLD START RECOVERY CHECK] ordinary_sqp_failed=0 seed_available=1 incompatible=0 try_homotopy=0
[HARNESS RESULT] step=59 success=1 controls=8 first_input_present=1
[MPC STEP METRICS] step=59 applied=1 success=1 fallback=0 a=-0.000121244 omega=-0.0175839 dt=0.1 acceleration_weight=0.1 steering_weight=0.1 control_cost_unweighted=0.000309209 control_cost_weighted=3.09209e-05 mpc_cost=-17.5873 solve_time=0.0299682 qp_solve_time=0.0180303 constraint_time=0.00636506 dro_risk_time=0.000403194 ambiguity_radius=0.00175312 certificate=not_requested
[EVAL SAFETY] step=60 min_center_distance=4.3718 min_clearance=3.4218 collision_this_step=0 collision_run=0 collision_radius=0.95
[PATH COMPLETION] step=60 completion_progress=12.1261 path_length=25 fraction=0.485045 required_fraction=0.95 termination_enabled=1 completed=0
seed=77 collision=no termination=step_limit artifact=/home/stephen/ros2_ws/src/DRO_SHMPCC/build-concentration/fixed-budget-uncertified-short-horizon/four_way_intersection_o1_c1_m3_boost_0_s40/seed_77/sh_mpcc_dro/repeat_1
