[EVAL SAFETY] step=0 min_center_distance=3.01772 min_clearance=2.06772 collision_this_step=0 collision_run=0 collision_radius=0.95
[FREE POLY] k=1 disc=0 raw=40 facets=0 vertices=4 rho=4.8 anchor_shift=0
[FREE POLY] k=1 disc=1 raw=40 facets=0 vertices=4 rho=0.800001 anchor_shift=0
[FREE POLY] k=1 disc=2 raw=40 facets=5 vertices=8 rho=4.8 anchor_shift=0
[FREE POLY] k=2 disc=0 raw=40 facets=1 vertices=5 rho=5.6 anchor_shift=0
[FREE POLY] k=2 disc=1 raw=40 facets=0 vertices=4 rho=1.6 anchor_shift=0
[FREE POLY] k=2 disc=2 raw=40 facets=5 vertices=8 rho=5.6 anchor_shift=0
[FREE POLY] k=3 disc=0 raw=40 facets=4 vertices=7 rho=6.4 anchor_shift=0
[FREE POLY] k=3 disc=1 raw=40 facets=0 vertices=4 rho=2.4 anchor_shift=0
[FREE POLY] k=3 disc=2 raw=40 facets=5 vertices=8 rho=6.4 anchor_shift=0
[FREE POLY] k=4 disc=0 raw=40 facets=4 vertices=7 rho=7.2 anchor_shift=0
[FREE POLY] k=4 disc=1 raw=40 facets=0 vertices=4 rho=3.2 anchor_shift=0
[FREE POLY] k=4 disc=2 raw=40 facets=5 vertices=8 rho=7.2 anchor_shift=0
[FREE POLY] k=5 disc=0 raw=40 facets=3 vertices=6 rho=8 anchor_shift=0
[FREE POLY] k=5 disc=1 raw=40 facets=3 vertices=6 rho=4 anchor_shift=0
[FREE POLY] k=5 disc=2 raw=40 facets=5 vertices=8 rho=8 anchor_shift=0
[FREE POLY] k=6 disc=0 raw=40 facets=3 vertices=6 rho=8.8 anchor_shift=0
[FREE POLY] k=6 disc=1 raw=40 facets=3 vertices=6 rho=4.8 anchor_shift=0
[FREE POLY] k=6 disc=2 raw=40 facets=4 vertices=7 rho=8.8 anchor_shift=0
[FREE POLY] k=7 disc=0 raw=40 facets=3 vertices=6 rho=9.6 anchor_shift=0
[FREE POLY] k=7 disc=1 raw=40 facets=3 vertices=6 rho=5.6 anchor_shift=0
[FREE POLY] k=7 disc=2 raw=40 facets=4 vertices=7 rho=9.6 anchor_shift=0
[FREE POLY] k=8 disc=0 raw=40 facets=3 vertices=6 rho=10.4 anchor_shift=0
[FREE POLY] k=8 disc=1 raw=40 facets=3 vertices=6 rho=6.4 anchor_shift=0
[FREE POLY] k=8 disc=2 raw=40 facets=5 vertices=8 rho=10.4 anchor_shift=0
[RF SUPPORT SEED] removed=0 support_limit=-1
[SQP] before_solve iter=0 vars=16 constraints=103 max_d=-0.808271
[QP WORST] iter=0 row=68 type=collision d=-0.808271
[QP WORST COLLISION] scenario=8 k=8 obstacle=0 disc=2
[SQP] after_solve iter=0 converged=1 status=0 iterations=3 primal_residual=4.44089e-16 dual_residual=1.87854e-05 x_size=16 x_finite=1
[SQP LINESEARCH] iter=0 current_violation=0 accepted_violation=0 accepted=1 alpha=1 delta_u_norm=1.50278
[SQP SUPPORT] iter=0 support_size=0 support_limit=-1 support_ok=1
[SQP] before_solve iter=1 vars=16 constraints=103 max_d=-0.651876
[QP WORST] iter=1 row=68 type=collision d=-0.651876
[QP WORST COLLISION] scenario=8 k=8 obstacle=0 disc=2
[SQP] after_solve iter=1 converged=1 status=0 iterations=4 primal_residual=4.57967e-16 dual_residual=2.30841e-09 x_size=16 x_finite=1
[SQP LINESEARCH] iter=1 current_violation=0 accepted_violation=0 accepted=1 alpha=1 delta_u_norm=0.872935
[SQP SUPPORT] iter=1 support_size=0 support_limit=-1 support_ok=1
[SQP] before_solve iter=2 vars=16 constraints=103 max_d=-0.599813
[QP WORST] iter=2 row=68 type=collision d=-0.599813
[QP WORST COLLISION] scenario=8 k=8 obstacle=0 disc=2
[SQP] after_solve iter=2 converged=1 status=0 iterations=4 primal_residual=4.4062e-16 dual_residual=1.82306e-05 x_size=16 x_finite=1
[SQP LINESEARCH] iter=2 current_violation=0 accepted_violation=0 accepted=1 alpha=1 delta_u_norm=0.647095
[SQP SUPPORT] iter=2 support_size=0 support_limit=-1 support_ok=1
[SQP] before_solve iter=3 vars=16 constraints=103 max_d=-0.577629
[QP WORST] iter=3 row=68 type=collision d=-0.577629
[QP WORST COLLISION] scenario=8 k=8 obstacle=0 disc=2
[SQP] after_solve iter=3 converged=1 status=0 iterations=4 primal_residual=4.16334e-16 dual_residual=5.44815e-07 x_size=16 x_finite=1
[SQP LINESEARCH] iter=3 current_violation=0 accepted_violation=0 accepted=1 alpha=1 delta_u_norm=0.370776
[SQP SUPPORT] iter=3 support_size=0 support_limit=-1 support_ok=1
[SQP] before_solve iter=4 vars=16 constraints=103 max_d=-0.572218
[QP WORST] iter=4 row=68 type=collision d=-0.572218
[QP WORST COLLISION] scenario=8 k=8 obstacle=0 disc=2
[SQP] after_solve iter=4 converged=1 status=0 iterations=3 primal_residual=3.72886e-09 dual_residual=5.9086e-05 x_size=16 x_finite=1
[SQP LINESEARCH] iter=4 current_violation=0 accepted_violation=0 accepted=1 alpha=1 delta_u_norm=0.259818
[SQP SUPPORT] iter=4 support_size=0 support_limit=-1 support_ok=1
[SQP] before_solve iter=5 vars=16 constraints=103 max_d=-0.571798
[QP WORST] iter=5 row=68 type=collision d=-0.571798
[QP WORST COLLISION] scenario=8 k=8 obstacle=0 disc=2
[SQP] after_solve iter=5 converged=1 status=0 iterations=3 primal_residual=3.3006e-09 dual_residual=4.9738e-05 x_size=16 x_finite=1
[SQP LINESEARCH] iter=5 current_violation=0 accepted_violation=0 accepted=1 alpha=1 delta_u_norm=0.216738
[SQP SUPPORT] iter=5 support_size=0 support_limit=-1 support_ok=1
[SQP] before_solve iter=6 vars=16 constraints=103 max_d=-0.569573
[QP WORST] iter=6 row=68 type=collision d=-0.569573
[QP WORST COLLISION] scenario=8 k=8 obstacle=0 disc=2
[SQP] after_solve iter=6 converged=1 status=0 iterations=3 primal_residual=2.99001e-09 dual_residual=4.3228e-05 x_size=16 x_finite=1
[SQP LINESEARCH] iter=6 current_violation=0 accepted_violation=0 accepted=1 alpha=1 delta_u_norm=0.184868
[SQP SUPPORT] iter=6 support_size=0 support_limit=-1 support_ok=1
[SQP] before_solve iter=7 vars=16 constraints=103 max_d=-0.567203
[QP WORST] iter=7 row=68 type=collision d=-0.567203
[QP WORST COLLISION] scenario=8 k=8 obstacle=0 disc=2
[SQP] after_solve iter=7 converged=1 status=0 iterations=3 primal_residual=2.69868e-09 dual_residual=3.80781e-05 x_size=16 x_finite=1
[SQP LINESEARCH] iter=7 current_violation=0 accepted_violation=0 accepted=1 alpha=1 delta_u_norm=0.160445
[SQP SUPPORT] iter=7 support_size=0 support_limit=-1 support_ok=1
[SQP] before_solve iter=8 vars=16 constraints=103 max_d=-0.56509
[QP WORST] iter=8 row=68 type=collision d=-0.56509
[QP WORST COLLISION] scenario=8 k=8 obstacle=0 disc=2
[SQP] after_solve iter=8 converged=1 status=0 iterations=3 primal_residual=2.42729e-09 dual_residual=3.37325e-05 x_size=16 x_finite=1
[SQP LINESEARCH] iter=8 current_violation=0 accepted_violation=0 accepted=1 alpha=1 delta_u_norm=0.141571
[SQP SUPPORT] iter=8 support_size=0 support_limit=-1 support_ok=1
[SQP] before_solve iter=9 vars=16 constraints=103 max_d=-0.5633
[QP WORST] iter=9 row=68 type=collision d=-0.5633
[QP WORST COLLISION] scenario=8 k=8 obstacle=0 disc=2
[SQP] after_solve iter=9 converged=1 status=0 iterations=3 primal_residual=2.18262e-09 dual_residual=2.99899e-05 x_size=16 x_finite=1
[SQP LINESEARCH] iter=9 current_violation=0 accepted_violation=0 accepted=1 alpha=1 delta_u_norm=0.126864
[SQP SUPPORT] iter=9 support_size=0 support_limit=-1 support_ok=1
[SQP FINAL] final_violation=0 violated_constraints=0
[SUPPORT FINAL] sqp_union=0 final_active=0 support_limit=-1
[SUPPORT FINAL IDS]
[SUPPORT UNION IDS]
[COLD START RECOVERY CHECK] ordinary_sqp_failed=0 seed_available=0 incompatible=0 try_homotopy=0
[HARNESS RESULT] step=0 success=1 controls=8 first_input_present=1
[MPC STEP METRICS] step=0 applied=1 success=1 fallback=0 a=2.99924 omega=-5.90394e-08 dt=0.1 acceleration_weight=0.1 steering_weight=0.1 control_cost_unweighted=8.99543 control_cost_weighted=0.899543 mpc_cost=-15.9486 solve_time=0.0501187 qp_solve_time=0.0377085 constraint_time=0.00772403 dro_risk_time=0 ambiguity_radius=0 certificate=not_requested
[EVAL SAFETY] step=1 min_center_distance=2.8822 min_clearance=1.9322 collision_this_step=0 collision_run=0 collision_radius=0.95
[PATH COMPLETION] step=1 completion_progress=0.164996 path_length=25 fraction=0.00659985 required_fraction=0.95 termination_enabled=1 completed=0
[RF BACKUP] available=1 controls=8 states=9
[FREE POLY] k=1 disc=0 raw=40 facets=0 vertices=4 rho=4.8 anchor_shift=0
[FREE POLY] k=1 disc=1 raw=40 facets=0 vertices=4 rho=0.800001 anchor_shift=0
[FREE POLY] k=1 disc=2 raw=40 facets=4 vertices=7 rho=4.8 anchor_shift=0
[FREE POLY] k=2 disc=0 raw=40 facets=2 vertices=6 rho=5.6 anchor_shift=0
[FREE POLY] k=2 disc=1 raw=40 facets=0 vertices=4 rho=1.6 anchor_shift=0
[FREE POLY] k=2 disc=2 raw=40 facets=3 vertices=6 rho=5.6 anchor_shift=0
[FREE POLY] k=3 disc=0 raw=40 facets=4 vertices=7 rho=6.4 anchor_shift=0
[FREE POLY] k=3 disc=1 raw=40 facets=0 vertices=4 rho=2.4 anchor_shift=0
[FREE POLY] k=3 disc=2 raw=40 facets=4 vertices=7 rho=6.4 anchor_shift=0
[FREE POLY] k=4 disc=0 raw=40 facets=3 vertices=6 rho=7.2 anchor_shift=0
[FREE POLY] k=4 disc=1 raw=40 facets=3 vertices=7 rho=3.2 anchor_shift=0
[FREE POLY] k=4 disc=2 raw=40 facets=5 vertices=8 rho=7.2 anchor_shift=0
[FREE POLY] k=5 disc=0 raw=40 facets=4 vertices=7 rho=8 anchor_shift=0
[FREE POLY] k=5 disc=1 raw=40 facets=4 vertices=7 rho=4 anchor_shift=0
[FREE POLY] k=5 disc=2 raw=40 facets=5 vertices=8 rho=8 anchor_shift=0
[FREE POLY] k=6 disc=0 raw=40 facets=3 vertices=6 rho=8.8 anchor_shift=0
[FREE POLY] k=6 disc=1 raw=40 facets=3 vertices=6 rho=4.8 anchor_shift=0
[FREE POLY] k=6 disc=2 raw=40 facets=4 vertices=7 rho=8.8 anchor_shift=0
[FREE POLY] k=7 disc=0 raw=40 facets=3 vertices=6 rho=9.6 anchor_shift=0
[FREE POLY] k=7 disc=1 raw=40 facets=3 vertices=6 rho=5.6 anchor_shift=0
[FREE POLY] k=7 disc=2 raw=40 facets=5 vertices=8 rho=9.6 anchor_shift=0
[FREE POLY] k=8 disc=0 raw=40 facets=5 vertices=8 rho=10.4 anchor_shift=0
[FREE POLY] k=8 disc=1 raw=40 facets=5 vertices=8 rho=6.4 anchor_shift=0
[FREE POLY] k=8 disc=2 raw=40 facets=5 vertices=8 rho=10.4 anchor_shift=0
[RF SUPPORT SEED] removed=0 support_limit=-1
[SQP] before_solve iter=0 vars=16 constraints=109 max_d=-0.401067
[QP WORST] iter=0 row=73 type=collision d=-0.401067
[QP WORST COLLISION] scenario=11 k=8 obstacle=0 disc=2
[SQP] after_solve iter=0 converged=1 status=0 iterations=3 primal_residual=4.44089e-16 dual_residual=1.49229e-07 x_size=16 x_finite=1
[SQP LINESEARCH] iter=0 current_violation=0 accepted_violation=0 accepted=1 alpha=1 delta_u_norm=0.213588
[SQP SUPPORT] iter=0 support_size=0 support_limit=-1 support_ok=1
[SQP] before_solve iter=1 vars=16 constraints=109 max_d=-0.38441
[QP WORST] iter=1 row=73 type=collision d=-0.38441
[QP WORST COLLISION] scenario=11 k=8 obstacle=0 disc=2
[SQP] after_solve iter=1 converged=1 status=0 iterations=3 primal_residual=4.14599e-16 dual_residual=2.51681e-08 x_size=16 x_finite=1
[SQP LINESEARCH] iter=1 current_violation=0 accepted_violation=0 accepted=1 alpha=1 delta_u_norm=0.163297
[SQP SUPPORT] iter=1 support_size=0 support_limit=-1 support_ok=1
[SQP] before_solve iter=2 vars=16 constraints=109 max_d=-0.379821
[QP WORST] iter=2 row=73 type=collision d=-0.379821
[QP WORST COLLISION] scenario=11 k=8 obstacle=0 disc=2
[SQP] after_solve iter=2 converged=1 status=0 iterations=3 primal_residual=4.44089e-16 dual_residual=1.38673e-08 x_size=16 x_finite=1
[SQP LINESEARCH] iter=2 current_violation=0 accepted_violation=0 accepted=1 alpha=1 delta_u_norm=0.151168
[SQP SUPPORT] iter=2 support_size=0 support_limit=-1 support_ok=1
[SQP] before_solve iter=3 vars=16 constraints=109 max_d=-0.378364
[QP WORST] iter=3 row=73 type=collision d=-0.378364
[QP WORST COLLISION] scenario=11 k=8 obstacle=0 disc=2
[SQP] after_solve iter=3 converged=1 status=0 iterations=3 primal_residual=4.30211e-16 dual_residual=1.37379e-08 x_size=16 x_finite=1
[SQP LINESEARCH] iter=3 current_violation=0 accepted_violation=0 accepted=1 alpha=1 delta_u_norm=0.142763
[SQP SUPPORT] iter=3 support_size=0 support_limit=-1 support_ok=1
[SQP] before_solve iter=4 vars=16 constraints=109 max_d=-0.377714
[QP WORST] iter=4 row=73 type=collision d=-0.377714
[QP WORST COLLISION] scenario=11 k=8 obstacle=0 disc=2
[SQP] after_solve iter=4 converged=1 status=0 iterations=3 primal_residual=4.03432e-16 dual_residual=1.6564e-08 x_size=16 x_finite=1
[SQP LINESEARCH] iter=4 current_violation=0 accepted_violation=0 accepted=1 alpha=1 delta_u_norm=0.135148
[SQP SUPPORT] iter=4 support_size=0 support_limit=-1 support_ok=1
[SQP] before_solve iter=5 vars=16 constraints=109 max_d=-0.377271
[QP WORST] iter=5 row=73 type=collision d=-0.377271
[QP WORST COLLISION] scenario=11 k=8 obstacle=0 disc=2
[SQP] after_solve iter=5 converged=1 status=0 iterations=3 primal_residual=4.35199e-16 dual_residual=2.1206e-08 x_size=16 x_finite=1
[SQP LINESEARCH] iter=5 current_violation=0 accepted_violation=0 accepted=1 alpha=1 delta_u_norm=0.128058
[SQP SUPPORT] iter=5 support_size=0 support_limit=-1 support_ok=1
[SQP] before_solve iter=6 vars=16 constraints=109 max_d=-0.376881
[QP WORST] iter=6 row=73 type=collision d=-0.376881
[QP WORST COLLISION] scenario=11 k=8 obstacle=0 disc=2
[SQP] after_solve iter=6 converged=1 status=0 iterations=3 primal_residual=4.25766e-16 dual_residual=2.77915e-08 x_size=16 x_finite=1
[SQP LINESEARCH] iter=6 current_violation=0 accepted_violation=0 accepted=1 alpha=1 delta_u_norm=0.121431
[SQP SUPPORT] iter=6 support_size=0 support_limit=-1 support_ok=1
[SQP] before_solve iter=7 vars=16 constraints=109 max_d=-0.37651
[QP WORST] iter=7 row=73 type=collision d=-0.37651
[QP WORST COLLISION] scenario=11 k=8 obstacle=0 disc=2
[SQP] after_solve iter=7 converged=1 status=0 iterations=3 primal_residual=4.16713e-16 dual_residual=3.69874e-08 x_size=16 x_finite=1
[SQP LINESEARCH] iter=7 current_violation=0 accepted_violation=0 accepted=1 alpha=1 delta_u_norm=0.115226
[SQP SUPPORT] iter=7 support_size=0 support_limit=-1 support_ok=1
[SQP] before_solve iter=8 vars=16 constraints=109 max_d=-0.376149
[QP WORST] iter=8 row=73 type=collision d=-0.376149
[QP WORST COLLISION] scenario=11 k=8 obstacle=0 disc=2
[SQP] after_solve iter=8 converged=1 status=0 iterations=3 primal_residual=4.23273e-16 dual_residual=4.99496e-08 x_size=16 x_finite=1
[SQP LINESEARCH] iter=8 current_violation=0 accepted_violation=0 accepted=1 alpha=1 delta_u_norm=0.10941
[SQP SUPPORT] iter=8 support_size=0 support_limit=-1 support_ok=1
[SQP] before_solve iter=9 vars=16 constraints=109 max_d=-0.3758
[QP WORST] iter=9 row=73 type=collision d=-0.3758
[QP WORST COLLISION] scenario=11 k=8 obstacle=0 disc=2
[SQP] after_solve iter=9 converged=1 status=0 iterations=3 primal_residual=4.4165e-16 dual_residual=6.84874e-08 x_size=16 x_finite=1
[SQP LINESEARCH] iter=9 current_violation=0 accepted_violation=0 accepted=1 alpha=1 delta_u_norm=0.103953
[SQP SUPPORT] iter=9 support_size=0 support_limit=-1 support_ok=1
[SQP FINAL] final_violation=0 violated_constraints=0
[SUPPORT FINAL] sqp_union=0 final_active=0 support_limit=-1
[SUPPORT FINAL IDS]
[SUPPORT UNION IDS]
[COLD START RECOVERY CHECK] ordinary_sqp_failed=0 seed_available=1 incompatible=0 try_homotopy=0
[HARNESS RESULT] step=1 success=1 controls=8 first_input_present=1
[MPC STEP METRICS] step=1 applied=1 success=1 fallback=0 a=2.75311 omega=6.37202e-08 dt=0.1 acceleration_weight=0.1 steering_weight=0.1 control_cost_unweighted=7.57961 control_cost_weighted=0.757961 mpc_cost=-16.8719 solve_time=0.0457301 qp_solve_time=0.0280723 constraint_time=0.010058 dro_risk_time=0 ambiguity_radius=0 certificate=not_requested
[EVAL SAFETY] step=2 min_center_distance=2.71829 min_clearance=1.76829 collision_this_step=0 collision_run=0 collision_radius=0.95
[RF BACKUP] available=1 controls=8 states=9
[FREE POLY] k=1 disc=0 raw=40 facets=0 vertices=4 rho=4.8 anchor_shift=0
[FREE POLY] k=1 disc=1 raw=40 facets=0 vertices=4 rho=0.800001 anchor_shift=0
[FREE POLY] k=1 disc=2 raw=40 facets=3 vertices=6 rho=4.8 anchor_shift=0
[FREE POLY] k=2 disc=0 raw=40 facets=2 vertices=6 rho=5.6 anchor_shift=0
[FREE POLY] k=2 disc=1 raw=40 facets=0 vertices=4 rho=1.6 anchor_shift=0
[FREE POLY] k=2 disc=2 raw=40 facets=4 vertices=7 rho=5.6 anchor_shift=0
[FREE POLY] k=3 disc=0 raw=40 facets=4 vertices=7 rho=6.4 anchor_shift=0
[FREE POLY] k=3 disc=1 raw=40 facets=0 vertices=4 rho=2.4 anchor_shift=0
[FREE POLY] k=3 disc=2 raw=40 facets=4 vertices=7 rho=6.4 anchor_shift=0
[FREE POLY] k=4 disc=0 raw=40 facets=3 vertices=6 rho=7.2 anchor_shift=0
[FREE POLY] k=4 disc=1 raw=40 facets=2 vertices=6 rho=3.2 anchor_shift=0
[FREE POLY] k=4 disc=2 raw=40 facets=3 vertices=6 rho=7.2 anchor_shift=0
[FREE POLY] k=5 disc=0 raw=40 facets=4 vertices=7 rho=8 anchor_shift=0
[FREE POLY] k=5 disc=1 raw=40 facets=4 vertices=7 rho=4 anchor_shift=0
[FREE POLY] k=5 disc=2 raw=40 facets=5 vertices=8 rho=8 anchor_shift=0
[FREE POLY] k=6 disc=0 raw=40 facets=4 vertices=7 rho=8.8 anchor_shift=0
[FREE POLY] k=6 disc=1 raw=40 facets=4 vertices=7 rho=4.8 anchor_shift=0
[FREE POLY] k=6 disc=2 raw=40 facets=6 vertices=9 rho=8.8 anchor_shift=0
[FREE POLY] k=7 disc=0 raw=40 facets=4 vertices=7 rho=9.6 anchor_shift=0
[FREE POLY] k=7 disc=1 raw=40 facets=4 vertices=7 rho=5.6 anchor_shift=0
[FREE POLY] k=7 disc=2 raw=40 facets=5 vertices=8 rho=9.6 anchor_shift=0
[FREE POLY] k=8 disc=0 raw=40 facets=5 vertices=8 rho=10.4 anchor_shift=0
[FREE POLY] k=8 disc=1 raw=40 facets=5 vertices=8 rho=6.4 anchor_shift=0
[FREE POLY] k=8 disc=2 raw=40 facets=7 vertices=10 rho=10.4 anchor_shift=0
[RF SUPPORT SEED] removed=0 support_limit=-1
[SQP] before_solve iter=0 vars=16 constraints=114 max_d=-0.295953
[QP WORST] iter=0 row=77 type=collision d=-0.295953
[QP WORST COLLISION] scenario=11 k=8 obstacle=0 disc=2
[SQP] after_solve iter=0 converged=1 status=0 iterations=3 primal_residual=4.44089e-16 dual_residual=1.7089e-09 x_size=16 x_finite=1
[SQP LINESEARCH] iter=0 current_violation=0 accepted_violation=0 accepted=1 alpha=1 delta_u_norm=0.230693
[SQP SUPPORT] iter=0 support_size=0 support_limit=-1 support_ok=1
[SQP] before_solve iter=1 vars=16 constraints=114 max_d=-0.280268
[QP WORST] iter=1 row=77 type=collision d=-0.280268
[QP WORST COLLISION] scenario=11 k=8 obstacle=0 disc=2
[SQP] after_solve iter=1 converged=1 status=0 iterations=2 primal_residual=4.37476e-16 dual_residual=2.61464e-05 x_size=16 x_finite=1
[SQP LINESEARCH] iter=1 current_violation=0 accepted_violation=0 accepted=1 alpha=1 delta_u_norm=0.172206
[SQP SUPPORT] iter=1 support_size=0 support_limit=-1 support_ok=1
[SQP] before_solve iter=2 vars=16 constraints=114 max_d=-0.276828
[QP WORST] iter=2 row=77 type=collision d=-0.276828
[QP WORST COLLISION] scenario=11 k=8 obstacle=0 disc=2
[SQP] after_solve iter=2 converged=1 status=0 iterations=2 primal_residual=4.42354e-16 dual_residual=5.37105e-06 x_size=16 x_finite=1
[SQP LINESEARCH] iter=2 current_violation=0 accepted_violation=0 accepted=1 alpha=1 delta_u_norm=0.154993
[SQP SUPPORT] iter=2 support_size=0 support_limit=-1 support_ok=1
[SQP] before_solve iter=3 vars=16 constraints=114 max_d=-0.276193
[QP WORST] iter=3 row=77 type=collision d=-0.276193
[QP WORST COLLISION] scenario=11 k=8 obstacle=0 disc=2
[SQP] after_solve iter=3 converged=1 status=0 iterations=2 primal_residual=4.42354e-16 dual_residual=5.36065e-06 x_size=16 x_finite=1
[SQP LINESEARCH] iter=3 current_violation=0 accepted_violation=0 accepted=1 alpha=1 delta_u_norm=0.14348
[SQP SUPPORT] iter=3 support_size=0 support_limit=-1 support_ok=1
[SQP] before_solve iter=4 vars=16 constraints=114 max_d=-0.276335
[QP WORST] iter=4 row=77 type=collision d=-0.276335
[QP WORST COLLISION] scenario=11 k=8 obstacle=0 disc=2
[SQP] after_solve iter=4 converged=1 status=0 iterations=2 primal_residual=4.44089e-16 dual_residual=3.23623e-06 x_size=16 x_finite=1
[SQP LINESEARCH] iter=4 current_violation=0 accepted_violation=0 accepted=1 alpha=1 delta_u_norm=0.133979
[SQP SUPPORT] iter=4 support_size=0 support_limit=-1 support_ok=1
[SQP] before_solve iter=5 vars=16 constraints=114 max_d=-0.276469
[QP WORST] iter=5 row=77 type=collision d=-0.276469
[QP WORST COLLISION] scenario=11 k=8 obstacle=0 disc=2
[SQP] after_solve iter=5 converged=1 status=0 iterations=2 primal_residual=4.44089e-16 dual_residual=2.93256e-06 x_size=16 x_finite=1
[SQP LINESEARCH] iter=5 current_violation=0 accepted_violation=0 accepted=1 alpha=1 delta_u_norm=0.12575
[SQP SUPPORT] iter=5 support_size=0 support_limit=-1 support_ok=1
[SQP] before_solve iter=6 vars=16 constraints=114 max_d=-0.276598
[QP WORST] iter=6 row=77 type=collision d=-0.276598
[QP WORST COLLISION] scenario=11 k=8 obstacle=0 disc=2
[SQP] after_solve iter=6 converged=1 status=0 iterations=2 primal_residual=4.40295e-16 dual_residual=1.91717e-06 x_size=16 x_finite=1
[SQP LINESEARCH] iter=6 current_violation=0 accepted_violation=0 accepted=1 alpha=1 delta_u_norm=0.118458
[SQP SUPPORT] iter=6 support_size=0 support_limit=-1 support_ok=1
[SQP] before_solve iter=7 vars=16 constraints=114 max_d=-0.276623
[QP WORST] iter=7 row=77 type=collision d=-0.276623
[QP WORST COLLISION] scenario=11 k=8 obstacle=0 disc=2
[SQP] after_solve iter=7 converged=1 status=0 iterations=2 primal_residual=4.33681e-16 dual_residual=1.60135e-06 x_size=16 x_finite=1
[SQP LINESEARCH] iter=7 current_violation=0 accepted_violation=0 accepted=1 alpha=1 delta_u_norm=0.111885
[SQP SUPPORT] iter=7 support_size=0 support_limit=-1 support_ok=1
[SQP] before_solve iter=8 vars=16 constraints=114 max_d=-0.276614
[QP WORST] iter=8 row=77 type=collision d=-0.276614
[QP WORST COLLISION] scenario=11 k=8 obstacle=0 disc=2
[SQP] after_solve iter=8 converged=1 status=0 iterations=2 primal_residual=4.39807e-16 dual_residual=1.42737e-06 x_size=16 x_finite=1
[SQP LINESEARCH] iter=8 current_violation=0 accepted_violation=0 accepted=1 alpha=1 delta_u_norm=0.105889
[SQP SUPPORT] iter=8 support_size=0 support_limit=-1 support_ok=1
[SQP] before_solve iter=9 vars=16 constraints=114 max_d=-0.276545
[QP WORST] iter=9 row=77 type=collision d=-0.276545
[QP WORST COLLISION] scenario=11 k=8 obstacle=0 disc=2
[SQP] after_solve iter=9 converged=1 status=0 iterations=2 primal_residual=4.28477e-16 dual_residual=1.32075e-06 x_size=16 x_finite=1
[SQP LINESEARCH] iter=9 current_violation=0 accepted_violation=0 accepted=1 alpha=1 delta_u_norm=0.100371
[SQP SUPPORT] iter=9 support_size=0 support_limit=-1 support_ok=1
[SQP FINAL] final_violation=0 violated_constraints=0
[SUPPORT FINAL] sqp_union=0 final_active=0 support_limit=-1
[SUPPORT FINAL IDS]
[SUPPORT UNION IDS]
[COLD START RECOVERY CHECK] ordinary_sqp_failed=0 seed_available=1 incompatible=0 try_homotopy=0
[HARNESS RESULT] step=2 success=1 controls=8 first_input_present=1
[MPC STEP METRICS] step=2 applied=1 success=1 fallback=0 a=0.498514 omega=1.20718e-05 dt=0.1 acceleration_weight=0.1 steering_weight=0.1 control_cost_unweighted=0.248517 control_cost_weighted=0.0248517 mpc_cost=-17.5846 solve_time=0.0391214 qp_solve_time=0.0267067 constraint_time=0.00720218 dro_risk_time=0 ambiguity_radius=0 certificate=not_requested
[EVAL SAFETY] step=3 min_center_distance=2.5385 min_clearance=1.5885 collision_this_step=0 collision_run=0 collision_radius=0.95
[RF BACKUP] available=1 controls=8 states=9
[FREE POLY] k=1 disc=0 raw=40 facets=0 vertices=4 rho=4.8 anchor_shift=0
[FREE POLY] k=1 disc=1 raw=40 facets=0 vertices=4 rho=0.800001 anchor_shift=0
[FREE POLY] k=1 disc=2 raw=40 facets=5 vertices=8 rho=4.8 anchor_shift=0
[FREE POLY] k=2 disc=0 raw=40 facets=3 vertices=6 rho=5.6 anchor_shift=0
[FREE POLY] k=2 disc=1 raw=40 facets=0 vertices=4 rho=1.6 anchor_shift=0
[FREE POLY] k=2 disc=2 raw=40 facets=6 vertices=9 rho=5.6 anchor_shift=0
[FREE POLY] k=3 disc=0 raw=40 facets=3 vertices=6 rho=6.4 anchor_shift=0
[FREE POLY] k=3 disc=1 raw=40 facets=0 vertices=4 rho=2.4 anchor_shift=0
[FREE POLY] k=3 disc=2 raw=40 facets=6 vertices=9 rho=6.4 anchor_shift=0
[FREE POLY] k=4 disc=0 raw=40 facets=3 vertices=6 rho=7.2 anchor_shift=0
[FREE POLY] k=4 disc=1 raw=40 facets=3 vertices=6 rho=3.2 anchor_shift=0
[FREE POLY] k=4 disc=2 raw=40 facets=5 vertices=8 rho=7.2 anchor_shift=0
[FREE POLY] k=5 disc=0 raw=40 facets=3 vertices=6 rho=8 anchor_shift=0
[FREE POLY] k=5 disc=1 raw=40 facets=3 vertices=6 rho=4 anchor_shift=0
[FREE POLY] k=5 disc=2 raw=40 facets=5 vertices=8 rho=8 anchor_shift=0
[FREE POLY] k=6 disc=0 raw=40 facets=3 vertices=6 rho=8.8 anchor_shift=0
[FREE POLY] k=6 disc=1 raw=40 facets=2 vertices=5 rho=4.8 anchor_shift=0
[FREE POLY] k=6 disc=2 raw=40 facets=5 vertices=8 rho=8.8 anchor_shift=0
[FREE POLY] k=7 disc=0 raw=40 facets=2 vertices=5 rho=9.6 anchor_shift=0
[FREE POLY] k=7 disc=1 raw=40 facets=2 vertices=5 rho=5.6 anchor_shift=0
[FREE POLY] k=7 disc=2 raw=40 facets=4 vertices=7 rho=9.6 anchor_shift=0
[FREE POLY] k=8 disc=0 raw=40 facets=2 vertices=5 rho=10.4 anchor_shift=0
[FREE POLY] k=8 disc=1 raw=40 facets=2 vertices=5 rho=6.4 anchor_shift=0
[FREE POLY] k=8 disc=2 raw=40 facets=3 vertices=6 rho=10.4 anchor_shift=0
[RF SUPPORT SEED] removed=0 support_limit=-1
[SQP] before_solve iter=0 vars=16 constraints=102 max_d=-0.0576371
[QP WORST] iter=0 row=68 type=collision d=-0.0576371
[QP WORST COLLISION] scenario=15 k=8 obstacle=0 disc=2
[SQP] after_solve iter=0 converged=1 status=0 iterations=4 primal_residual=4.4062e-16 dual_residual=1.11568e-06 x_size=16 x_finite=1
[SQP LINESEARCH] iter=0 current_violation=0 accepted_violation=0 accepted=1 alpha=1 delta_u_norm=0.228212
[SQP SUPPORT] iter=0 support_size=0 support_limit=-1 support_ok=1
[SQP] before_solve iter=1 vars=16 constraints=102 max_d=-0.0416067
[QP WORST] iter=1 row=68 type=collision d=-0.0416067
[QP WORST COLLISION] scenario=15 k=8 obstacle=0 disc=2
[SQP] after_solve iter=1 converged=1 status=0 iterations=4 primal_residual=4.21538e-16 dual_residual=3.25983e-06 x_size=16 x_finite=1
[SQP LINESEARCH] iter=1 current_violation=0 accepted_violation=0 accepted=1 alpha=1 delta_u_norm=0.169865
[SQP SUPPORT] iter=1 support_size=0 support_limit=-1 support_ok=1
[SQP] before_solve iter=2 vars=16 constraints=102 max_d=-0.0378495
[QP WORST] iter=2 row=68 type=collision d=-0.0378495
[QP WORST COLLISION] scenario=15 k=8 obstacle=0 disc=2
[SQP] after_solve iter=2 converged=1 status=0 iterations=4 primal_residual=3.747e-16 dual_residual=3.97067e-06 x_size=16 x_finite=1
[SQP LINESEARCH] iter=2 current_violation=0 accepted_violation=0 accepted=1 alpha=1 delta_u_norm=0.153677
[SQP SUPPORT] iter=2 support_size=0 support_limit=-1 support_ok=1
[SQP] before_solve iter=3 vars=16 constraints=102 max_d=-0.0371251
[QP WORST] iter=3 row=68 type=collision d=-0.0371251
[QP WORST COLLISION] scenario=15 k=8 obstacle=0 disc=2
[SQP] after_solve iter=3 converged=1 status=0 iterations=4 primal_residual=4.31946e-16 dual_residual=4.02611e-06 x_size=16 x_finite=1
[SQP LINESEARCH] iter=3 current_violation=0 accepted_violation=0 accepted=1 alpha=1 delta_u_norm=0.142879
[SQP SUPPORT] iter=3 support_size=0 support_limit=-1 support_ok=1
[SQP] before_solve iter=4 vars=16 constraints=102 max_d=-0.0370871
[QP WORST] iter=4 row=68 type=collision d=-0.0370871
[QP WORST COLLISION] scenario=15 k=8 obstacle=0 disc=2
[SQP] after_solve iter=4 converged=1 status=0 iterations=4 primal_residual=3.9259e-16 dual_residual=3.97939e-06 x_size=16 x_finite=1
[SQP LINESEARCH] iter=4 current_violation=0 accepted_violation=0 accepted=1 alpha=1 delta_u_norm=0.133782
[SQP SUPPORT] iter=4 support_size=0 support_limit=-1 support_ok=1
[SQP] before_solve iter=5 vars=16 constraints=102 max_d=-0.0371379
[QP WORST] iter=5 row=68 type=collision d=-0.0371379
[QP WORST COLLISION] scenario=15 k=8 obstacle=0 disc=2
[SQP] after_solve iter=5 converged=1 status=0 iterations=4 primal_residual=4.32949e-16 dual_residual=3.9601e-06 x_size=16 x_finite=1
[SQP LINESEARCH] iter=5 current_violation=0 accepted_violation=0 accepted=1 alpha=1 delta_u_norm=0.125768
[SQP SUPPORT] iter=5 support_size=0 support_limit=-1 support_ok=1
[SQP] before_solve iter=6 vars=16 constraints=102 max_d=-0.037156
[QP WORST] iter=6 row=68 type=collision d=-0.037156
[QP WORST COLLISION] scenario=15 k=8 obstacle=0 disc=2
[SQP] after_solve iter=6 converged=1 status=0 iterations=4 primal_residual=4.22839e-16 dual_residual=3.99152e-06 x_size=16 x_finite=1
[SQP LINESEARCH] iter=6 current_violation=0 accepted_violation=0 accepted=1 alpha=1 delta_u_norm=0.118569
[SQP SUPPORT] iter=6 support_size=0 support_limit=-1 support_ok=1
[SQP] before_solve iter=7 vars=16 constraints=102 max_d=-0.037119
[QP WORST] iter=7 row=68 type=collision d=-0.037119
[QP WORST COLLISION] scenario=15 k=8 obstacle=0 disc=2
[SQP] after_solve iter=7 converged=1 status=0 iterations=4 primal_residual=4.39048e-16 dual_residual=4.0641e-06 x_size=16 x_finite=1
[SQP LINESEARCH] iter=7 current_violation=0 accepted_violation=0 accepted=1 alpha=1 delta_u_norm=0.112018
[SQP SUPPORT] iter=7 support_size=0 support_limit=-1 support_ok=1
[SQP] before_solve iter=8 vars=16 constraints=102 max_d=-0.0370394
[QP WORST] iter=8 row=68 type=collision d=-0.0370394
[QP WORST COLLISION] scenario=15 k=8 obstacle=0 disc=2
[SQP] after_solve iter=8 converged=1 status=0 iterations=4 primal_residual=4.27772e-16 dual_residual=4.17069e-06 x_size=16 x_finite=1
[SQP LINESEARCH] iter=8 current_violation=0 accepted_violation=0 accepted=1 alpha=1 delta_u_norm=0.106002
[SQP SUPPORT] iter=8 support_size=0 support_limit=-1 support_ok=1
[SQP] before_solve iter=9 vars=16 constraints=102 max_d=-0.0369261
[QP WORST] iter=9 row=68 type=collision d=-0.0369261
[QP WORST COLLISION] scenario=15 k=8 obstacle=0 disc=2
[SQP] after_solve iter=9 converged=1 status=0 iterations=4 primal_residual=4.44089e-16 dual_residual=4.30158e-06 x_size=16 x_finite=1
[SQP LINESEARCH] iter=9 current_violation=0 accepted_violation=0 accepted=1 alpha=1 delta_u_norm=0.10044
[SQP SUPPORT] iter=9 support_size=0 support_limit=-1 support_ok=1
[SQP FINAL] final_violation=0 violated_constraints=0
[SUPPORT FINAL] sqp_union=0 final_active=0 support_limit=-1
[SUPPORT FINAL IDS]
[SUPPORT UNION IDS]
[COLD START RECOVERY CHECK] ordinary_sqp_failed=0 seed_available=1 incompatible=0 try_homotopy=0
[HARNESS RESULT] step=3 success=1 controls=8 first_input_present=1
[MPC STEP METRICS] step=3 applied=1 success=1 fallback=0 a=-0.030783 omega=4.67307e-06 dt=0.1 acceleration_weight=0.1 steering_weight=0.1 control_cost_unweighted=0.000947594 control_cost_weighted=9.47594e-05 mpc_cost=-17.5837 solve_time=0.0391618 qp_solve_time=0.026459 constraint_time=0.0074767 dro_risk_time=0 ambiguity_radius=0 certificate=not_requested
[EVAL SAFETY] step=4 min_center_distance=2.35669 min_clearance=1.40669 collision_this_step=0 collision_run=0 collision_radius=0.95
[RF BACKUP] available=1 controls=8 states=9
[FREE POLY] k=1 disc=0 raw=40 facets=0 vertices=4 rho=4.8 anchor_shift=0
[FREE POLY] k=1 disc=1 raw=40 facets=0 vertices=4 rho=0.800001 anchor_shift=0
[FREE POLY] k=1 disc=2 raw=40 facets=4 vertices=7 rho=4.8 anchor_shift=0
[FREE POLY] k=2 disc=0 raw=40 facets=3 vertices=6 rho=5.6 anchor_shift=0
[FREE POLY] k=2 disc=1 raw=40 facets=0 vertices=4 rho=1.6 anchor_shift=0
[FREE POLY] k=2 disc=2 raw=40 facets=5 vertices=8 rho=5.6 anchor_shift=0
[FREE POLY] k=3 disc=0 raw=40 facets=3 vertices=6 rho=6.4 anchor_shift=0
[FREE POLY] k=3 disc=1 raw=40 facets=0 vertices=4 rho=2.4 anchor_shift=0
[FREE POLY] k=3 disc=2 raw=40 facets=4 vertices=7 rho=6.4 anchor_shift=0
[FREE POLY] k=4 disc=0 raw=40 facets=2 vertices=5 rho=7.2 anchor_shift=0
[FREE POLY] k=4 disc=1 raw=40 facets=2 vertices=5 rho=3.2 anchor_shift=0
[FREE POLY] k=4 disc=2 raw=40 facets=3 vertices=6 rho=7.2 anchor_shift=0
[FREE POLY] k=5 disc=0 raw=40 facets=2 vertices=5 rho=8 anchor_shift=0
[FREE POLY] k=5 disc=1 raw=40 facets=2 vertices=5 rho=4 anchor_shift=0
[FREE POLY] k=5 disc=2 raw=40 facets=4 vertices=7 rho=8 anchor_shift=0
[FREE POLY] k=6 disc=0 raw=40 facets=2 vertices=5 rho=8.8 anchor_shift=0
[FREE POLY] k=6 disc=1 raw=40 facets=2 vertices=5 rho=4.8 anchor_shift=0
[FREE POLY] k=6 disc=2 raw=40 facets=4 vertices=7 rho=8.8 anchor_shift=0
[FREE POLY] k=7 disc=0 raw=40 facets=2 vertices=5 rho=9.6 anchor_shift=0
[FREE POLY] k=7 disc=1 raw=40 facets=2 vertices=5 rho=5.6 anchor_shift=0
[FREE POLY] k=7 disc=2 raw=40 facets=4 vertices=7 rho=9.6 anchor_shift=0
[FREE POLY] k=8 disc=0 raw=40 facets=2 vertices=5 rho=10.4 anchor_shift=0
[FREE POLY] k=8 disc=1 raw=40 facets=2 vertices=5 rho=6.4 anchor_shift=0
[FREE POLY] k=8 disc=2 raw=40 facets=3 vertices=6 rho=10.4 anchor_shift=0
[RF SUPPORT SEED] removed=0 support_limit=-1
[SQP] before_solve iter=0 vars=16 constraints=89 max_d=0.156139
[QP WORST] iter=0 row=54 type=collision d=0.156139
[QP WORST COLLISION] scenario=4 k=8 obstacle=0 disc=2
[SQP] after_solve iter=0 converged=1 status=0 iterations=4 primal_residual=3.67653e-08 dual_residual=9.93977e-06 x_size=16 x_finite=1
[SQP LINESEARCH] iter=0 current_violation=0.156139 accepted_violation=0 accepted=1 alpha=1 delta_u_norm=0.68026
[SQP SUPPORT] iter=0 support_size=0 support_limit=-1 support_ok=1
[SQP] before_solve iter=1 vars=16 constraints=89 max_d=-0.0344696
[QP WORST] iter=1 row=54 type=collision d=-0.0344696
[QP WORST COLLISION] scenario=4 k=8 obstacle=0 disc=2
[SQP] after_solve iter=1 converged=1 status=0 iterations=4 primal_residual=5.16468e-10 dual_residual=6.04053e-06 x_size=16 x_finite=1
[SQP LINESEARCH] iter=1 current_violation=0 accepted_violation=0 accepted=1 alpha=1 delta_u_norm=0.5034
[SQP SUPPORT] iter=1 support_size=0 support_limit=-1 support_ok=1
[SQP] before_solve iter=2 vars=16 constraints=89 max_d=-0.00166274
[QP WORST] iter=2 row=54 type=collision d=-0.00166274
[QP WORST COLLISION] scenario=4 k=8 obstacle=0 disc=2
[SQP] after_solve iter=2 converged=1 status=0 iterations=4 primal_residual=2.84017e-09 dual_residual=4.28941e-05 x_size=16 x_finite=1
[SQP LINESEARCH] iter=2 current_violation=0 accepted_violation=0 accepted=1 alpha=1 delta_u_norm=0.237087
[SQP SUPPORT] iter=2 support_size=0 support_limit=-1 support_ok=1
[SQP] before_solve iter=3 vars=16 constraints=89 max_d=-7.74959e-05
[QP WORST] iter=3 row=54 type=collision d=-7.74959e-05
[QP WORST COLLISION] scenario=4 k=8 obstacle=0 disc=2
[SQP] after_solve iter=3 converged=1 status=0 iterations=4 primal_residual=1.18169e-09 dual_residual=3.28e-05 x_size=16 x_finite=1
[SQP LINESEARCH] iter=3 current_violation=0 accepted_violation=0 accepted=1 alpha=1 delta_u_norm=0.169761
[SQP SUPPORT] iter=3 support_size=0 support_limit=-1 support_ok=1
[SQP] before_solve iter=4 vars=16 constraints=89 max_d=-1.94289e-05
[QP WORST] iter=4 row=54 type=collision d=-1.94289e-05
[QP WORST COLLISION] scenario=4 k=8 obstacle=0 disc=2
[SQP] after_solve iter=4 converged=1 status=0 iterations=4 primal_residual=1.64907e-09 dual_residual=1.91403e-05 x_size=16 x_finite=1
[SQP LINESEARCH] iter=4 current_violation=0 accepted_violation=0 accepted=1 alpha=1 delta_u_norm=0.138672
[SQP SUPPORT] iter=4 support_size=0 support_limit=-1 support_ok=1
[SQP] before_solve iter=5 vars=16 constraints=89 max_d=-7.4899e-06
[QP WORST] iter=5 row=54 type=collision d=-7.4899e-06
[QP WORST COLLISION] scenario=4 k=8 obstacle=0 disc=2
[SQP] after_solve iter=5 converged=1 status=0 iterations=4 primal_residual=2.1961e-09 dual_residual=1.90015e-05 x_size=16 x_finite=1
[SQP LINESEARCH] iter=5 current_violation=0 accepted_violation=0 accepted=1 alpha=1 delta_u_norm=0.127938
[SQP SUPPORT] iter=5 support_size=0 support_limit=-1 support_ok=1
[SQP] before_solve iter=6 vars=16 constraints=89 max_d=-7.91775e-06
[QP WORST] iter=6 row=54 type=collision d=-7.91775e-06
[QP WORST COLLISION] scenario=4 k=8 obstacle=0 disc=2
[SQP] after_solve iter=6 converged=1 status=0 iterations=4 primal_residual=2.86773e-09 dual_residual=1.98868e-05 x_size=16 x_finite=1
[SQP LINESEARCH] iter=6 current_violation=0 accepted_violation=0 accepted=1 alpha=1 delta_u_norm=0.119249
[SQP SUPPORT] iter=6 support_size=0 support_limit=-1 support_ok=1
[SQP] before_solve iter=7 vars=16 constraints=89 max_d=-9.28942e-06
[QP WORST] iter=7 row=54 type=collision d=-9.28942e-06
[QP WORST COLLISION] scenario=4 k=8 obstacle=0 disc=2
[SQP] after_solve iter=7 converged=1 status=0 iterations=4 primal_residual=3.69623e-09 dual_residual=2.08726e-05 x_size=16 x_finite=1
[SQP LINESEARCH] iter=7 current_violation=0 accepted_violation=0 accepted=1 alpha=1 delta_u_norm=0.111746
[SQP SUPPORT] iter=7 support_size=0 support_limit=-1 support_ok=1
[SQP] before_solve iter=8 vars=16 constraints=89 max_d=-1.11283e-05
[QP WORST] iter=8 row=54 type=collision d=-1.11283e-05
[QP WORST COLLISION] scenario=4 k=8 obstacle=0 disc=2
[SQP] after_solve iter=8 converged=1 status=0 iterations=4 primal_residual=4.65305e-09 dual_residual=2.18518e-05 x_size=16 x_finite=1
[SQP LINESEARCH] iter=8 current_violation=0 accepted_violation=0 accepted=1 alpha=1 delta_u_norm=0.105123
[SQP SUPPORT] iter=8 support_size=0 support_limit=-1 support_ok=1
[SQP] before_solve iter=9 vars=16 constraints=89 max_d=-1.3357e-05
[QP WORST] iter=9 row=54 type=collision d=-1.3357e-05
[QP WORST COLLISION] scenario=4 k=8 obstacle=0 disc=2
[SQP] after_solve iter=9 converged=1 status=0 iterations=4 primal_residual=5.55545e-09 dual_residual=2.27597e-05 x_size=16 x_finite=1
[SQP LINESEARCH] iter=9 current_violation=0 accepted_violation=0 accepted=1 alpha=1 delta_u_norm=0.0991837
[SQP SUPPORT] iter=9 support_size=0 support_limit=-1 support_ok=1
[SQP FINAL] final_violation=0 violated_constraints=0
[SUPPORT FINAL] sqp_union=0 final_active=1 support_limit=-1
[SUPPORT FINAL IDS] 4
[SUPPORT UNION IDS]
[COLD START RECOVERY CHECK] ordinary_sqp_failed=0 seed_available=1 incompatible=0 try_homotopy=0
[HARNESS RESULT] step=4 success=1 controls=8 first_input_present=1
[MPC STEP METRICS] step=4 applied=1 success=1 fallback=0 a=-0.321054 omega=0.0495571 dt=0.1 acceleration_weight=0.1 steering_weight=0.1 control_cost_unweighted=0.105531 control_cost_weighted=0.0105531 mpc_cost=-17.4128 solve_time=0.051392 qp_solve_time=0.036429 constraint_time=0.00966975 dro_risk_time=0 ambiguity_radius=0 certificate=not_requested
[EVAL SAFETY] step=5 min_center_distance=2.17867 min_clearance=1.22867 collision_this_step=0 collision_run=0 collision_radius=0.95
[RF BACKUP] available=1 controls=8 states=9
[FREE POLY] k=1 disc=0 raw=40 facets=1 vertices=5 rho=4.8 anchor_shift=0
[FREE POLY] k=1 disc=1 raw=40 facets=0 vertices=4 rho=0.800001 anchor_shift=0
[FREE POLY] k=1 disc=2 raw=40 facets=4 vertices=7 rho=4.8 anchor_shift=0
[FREE POLY] k=2 disc=0 raw=40 facets=4 vertices=7 rho=5.6 anchor_shift=0
[FREE POLY] k=2 disc=1 raw=40 facets=0 vertices=4 rho=1.6 anchor_shift=0
[FREE POLY] k=2 disc=2 raw=40 facets=4 vertices=7 rho=5.6 anchor_shift=0
[FREE POLY] k=3 disc=0 raw=40 facets=3 vertices=6 rho=6.4 anchor_shift=0
[FREE POLY] k=3 disc=1 raw=40 facets=0 vertices=4 rho=2.4 anchor_shift=0
[FREE POLY] k=3 disc=2 raw=40 facets=4 vertices=7 rho=6.4 anchor_shift=0
[FREE POLY] k=4 disc=0 raw=40 facets=3 vertices=6 rho=7.2 anchor_shift=0
[FREE POLY] k=4 disc=1 raw=40 facets=3 vertices=6 rho=3.2 anchor_shift=0
[FREE POLY] k=4 disc=2 raw=40 facets=3 vertices=6 rho=7.2 anchor_shift=0
[FREE POLY] k=5 disc=0 raw=40 facets=3 vertices=6 rho=8 anchor_shift=0
[FREE POLY] k=5 disc=1 raw=40 facets=3 vertices=6 rho=4 anchor_shift=0
[FREE POLY] k=5 disc=2 raw=40 facets=4 vertices=7 rho=8 anchor_shift=0
[FREE POLY] k=6 disc=0 raw=40 facets=4 vertices=7 rho=8.8 anchor_shift=0
[FREE POLY] k=6 disc=1 raw=40 facets=4 vertices=7 rho=4.8 anchor_shift=0
[FREE POLY] k=6 disc=2 raw=40 facets=4 vertices=7 rho=8.8 anchor_shift=0
[FREE POLY] k=7 disc=0 raw=40 facets=4 vertices=7 rho=9.6 anchor_shift=0
[FREE POLY] k=7 disc=1 raw=40 facets=4 vertices=7 rho=5.6 anchor_shift=0
[FREE POLY] k=7 disc=2 raw=40 facets=4 vertices=6 rho=9.6 anchor_shift=0
[FREE POLY] k=8 disc=0 raw=40 facets=4 vertices=7 rho=10.4 anchor_shift=0
[FREE POLY] k=8 disc=1 raw=40 facets=4 vertices=7 rho=6.4 anchor_shift=0
[FREE POLY] k=8 disc=2 raw=40 facets=4 vertices=6 rho=10.4 anchor_shift=0
[RF SUPPORT SEED] removed=0 support_limit=-1
[SQP] before_solve iter=0 vars=16 constraints=107 max_d=-0.0866116
[QP WORST] iter=0 row=73 type=collision d=-0.0866116
[QP WORST COLLISION] scenario=23 k=8 obstacle=0 disc=2
[SQP] after_solve iter=0 converged=1 status=0 iterations=4 primal_residual=1.78735e-09 dual_residual=3.1254e-05 x_size=16 x_finite=1
[SQP LINESEARCH] iter=0 current_violation=0 accepted_violation=0 accepted=1 alpha=1 delta_u_norm=0.355012
[SQP SUPPORT] iter=0 support_size=0 support_limit=-1 support_ok=1
[SQP] before_solve iter=1 vars=16 constraints=107 max_d=-0.000383605
[QP WORST] iter=1 row=73 type=collision d=-0.000383605
[QP WORST COLLISION] scenario=23 k=8 obstacle=0 disc=2
[SQP] after_solve iter=1 converged=1 status=0 iterations=5 primal_residual=4.20237e-16 dual_residual=3.14098e-06 x_size=16 x_finite=1
[SQP LINESEARCH] iter=1 current_violation=0 accepted_violation=0 accepted=1 alpha=1 delta_u_norm=0.225811
[SQP SUPPORT] iter=1 support_size=0 support_limit=-1 support_ok=1
[SQP] before_solve iter=2 vars=16 constraints=107 max_d=-1.34571e-05
[QP WORST] iter=2 row=73 type=collision d=-1.34571e-05
[QP WORST COLLISION] scenario=23 k=8 obstacle=0 disc=2
[SQP] after_solve iter=2 converged=1 status=0 iterations=4 primal_residual=2.51505e-10 dual_residual=1.00926e-05 x_size=16 x_finite=1
[SQP LINESEARCH] iter=2 current_violation=0 accepted_violation=0 accepted=1 alpha=1 delta_u_norm=0.197306
[SQP SUPPORT] iter=2 support_size=0 support_limit=-1 support_ok=1
[SQP] before_solve iter=3 vars=16 constraints=107 max_d=-2.06184e-05
[QP WORST] iter=3 row=73 type=collision d=-2.06184e-05
[QP WORST COLLISION] scenario=23 k=8 obstacle=0 disc=2
[SQP] after_solve iter=3 converged=1 status=0 iterations=4 primal_residual=1.41208e-09 dual_residual=8.38106e-06 x_size=16 x_finite=1
[SQP LINESEARCH] iter=3 current_violation=0 accepted_violation=0 accepted=1 alpha=1 delta_u_norm=0.18028
[SQP SUPPORT] iter=3 support_size=0 support_limit=-1 support_ok=1
[SQP] before_solve iter=4 vars=16 constraints=107 max_d=-4.24562e-05
[QP WORST] iter=4 row=73 type=collision d=-4.24562e-05
[QP WORST COLLISION] scenario=23 k=8 obstacle=0 disc=2
[SQP] after_solve iter=4 converged=1 status=0 iterations=4 primal_residual=3.1701e-09 dual_residual=1.1592e-05 x_size=16 x_finite=1
[SQP LINESEARCH] iter=4 current_violation=0 accepted_violation=0 accepted=1 alpha=1 delta_u_norm=0.166172
[SQP SUPPORT] iter=4 support_size=0 support_limit=-1 support_ok=1
[SQP] before_solve iter=5 vars=16 constraints=107 max_d=-5.88746e-05
[QP WORST] iter=5 row=73 type=collision d=-5.88746e-05
[QP WORST COLLISION] scenario=23 k=8 obstacle=0 disc=2
[SQP] after_solve iter=5 converged=1 status=0 iterations=4 primal_residual=2.93634e-08 dual_residual=1.73063e-05 x_size=16 x_finite=1
[SQP LINESEARCH] iter=5 current_violation=0 accepted_violation=0 accepted=1 alpha=1 delta_u_norm=0.153917
[SQP SUPPORT] iter=5 support_size=0 support_limit=-1 support_ok=1
[SQP] before_solve iter=6 vars=16 constraints=107 max_d=-8.87062e-05
[QP WORST] iter=6 row=73 type=collision d=-8.87062e-05
[QP WORST COLLISION] scenario=23 k=8 obstacle=0 disc=2
[SQP] after_solve iter=6 converged=1 status=0 iterations=4 primal_residual=4.42571e-16 dual_residual=1.12447e-05 x_size=16 x_finite=1
[SQP LINESEARCH] iter=6 current_violation=0 accepted_violation=0 accepted=1 alpha=1 delta_u_norm=0.142942
[SQP SUPPORT] iter=6 support_size=0 support_limit=-1 support_ok=1
[SQP] before_solve iter=7 vars=16 constraints=107 max_d=-3.11508e-05
[QP WORST] iter=7 row=73 type=collision d=-3.11508e-05
[QP WORST COLLISION] scenario=23 k=8 obstacle=0 disc=2
[SQP] after_solve iter=7 converged=1 status=0 iterations=4 primal_residual=4.42978e-16 dual_residual=3.53239e-05 x_size=16 x_finite=1
[SQP LINESEARCH] iter=7 current_violation=0 accepted_violation=0 accepted=1 alpha=1 delta_u_norm=0.130437
[SQP SUPPORT] iter=7 support_size=0 support_limit=-1 support_ok=1
[SQP] before_solve iter=8 vars=16 constraints=107 max_d=-5.25868e-05
[QP WORST] iter=8 row=73 type=collision d=-5.25868e-05
[QP WORST COLLISION] scenario=23 k=8 obstacle=0 disc=2
[SQP] after_solve iter=8 converged=1 status=0 iterations=4 primal_residual=1.31327e-07 dual_residual=5.29261e-05 x_size=16 x_finite=1
[SQP LINESEARCH] iter=8 current_violation=0 accepted_violation=0 accepted=1 alpha=1 delta_u_norm=0.112211
[SQP SUPPORT] iter=8 support_size=0 support_limit=-1 support_ok=1
[SQP] before_solve iter=9 vars=16 constraints=107 max_d=-0.000173697
[QP WORST] iter=9 row=73 type=collision d=-0.000173697
[QP WORST COLLISION] scenario=23 k=8 obstacle=0 disc=2
[SQP] after_solve iter=9 converged=1 status=0 iterations=4 primal_residual=1.08559e-07 dual_residual=5.19599e-05 x_size=16 x_finite=1
[SQP LINESEARCH] iter=9 current_violation=0 accepted_violation=0 accepted=1 alpha=1 delta_u_norm=0.101924
[SQP SUPPORT] iter=9 support_size=0 support_limit=-1 support_ok=1
[SQP FINAL] final_violation=0 violated_constraints=0
[SUPPORT FINAL] sqp_union=0 final_active=1 support_limit=-1
[SUPPORT FINAL IDS] 23
[SUPPORT UNION IDS]
[COLD START RECOVERY CHECK] ordinary_sqp_failed=0 seed_available=1 incompatible=0 try_homotopy=0
[HARNESS RESULT] step=5 success=1 controls=8 first_input_present=1
[MPC STEP METRICS] step=5 applied=1 success=1 fallback=0 a=0.0680735 omega=0.0565177 dt=0.1 acceleration_weight=0.1 steering_weight=0.1 control_cost_unweighted=0.00782824 control_cost_weighted=0.000782824 mpc_cost=-17.4531 solve_time=0.043639 qp_solve_time=0.0267763 constraint_time=0.0093218 dro_risk_time=0 ambiguity_radius=0 certificate=not_requested
[EVAL SAFETY] step=6 min_center_distance=2.00329 min_clearance=1.05329 collision_this_step=0 collision_run=0 collision_radius=0.95
[RF BACKUP] available=1 controls=8 states=9
[FREE POLY] k=1 disc=0 raw=40 facets=1 vertices=5 rho=4.8 anchor_shift=0
[FREE POLY] k=1 disc=1 raw=40 facets=0 vertices=4 rho=0.800001 anchor_shift=0
[FREE POLY] k=1 disc=2 raw=40 facets=2 vertices=5 rho=4.8 anchor_shift=0
[FREE POLY] k=2 disc=0 raw=40 facets=2 vertices=5 rho=5.6 anchor_shift=0
[FREE POLY] k=2 disc=1 raw=40 facets=0 vertices=4 rho=1.6 anchor_shift=0
[FREE POLY] k=2 disc=2 raw=40 facets=3 vertices=6 rho=5.6 anchor_shift=0
[FREE POLY] k=3 disc=0 raw=40 facets=3 vertices=6 rho=6.4 anchor_shift=0
[FREE POLY] k=3 disc=1 raw=40 facets=2 vertices=6 rho=2.4 anchor_shift=0
[FREE POLY] k=3 disc=2 raw=40 facets=3 vertices=6 rho=6.4 anchor_shift=0
[FREE POLY] k=4 disc=0 raw=40 facets=4 vertices=7 rho=7.2 anchor_shift=0
[FREE POLY] k=4 disc=1 raw=40 facets=4 vertices=7 rho=3.2 anchor_shift=0
[FREE POLY] k=4 disc=2 raw=40 facets=4 vertices=7 rho=7.2 anchor_shift=0
[FREE POLY] k=5 disc=0 raw=40 facets=4 vertices=7 rho=8 anchor_shift=0
[FREE POLY] k=5 disc=1 raw=40 facets=4 vertices=7 rho=4 anchor_shift=0
[FREE POLY] k=5 disc=2 raw=40 facets=4 vertices=7 rho=8 anchor_shift=0
[FREE POLY] k=6 disc=0 raw=40 facets=4 vertices=7 rho=8.8 anchor_shift=0
[FREE POLY] k=6 disc=1 raw=40 facets=4 vertices=7 rho=4.8 anchor_shift=0
[FREE POLY] k=6 disc=2 raw=40 facets=4 vertices=7 rho=8.8 anchor_shift=0
[FREE POLY] k=7 disc=0 raw=40 facets=5 vertices=8 rho=9.6 anchor_shift=0
[FREE POLY] k=7 disc=1 raw=40 facets=5 vertices=8 rho=5.6 anchor_shift=0
[FREE POLY] k=7 disc=2 raw=40 facets=5 vertices=7 rho=9.6 anchor_shift=0
[FREE POLY] k=8 disc=0 raw=40 facets=6 vertices=9 rho=10.4 anchor_shift=0
[FREE POLY] k=8 disc=1 raw=40 facets=6 vertices=9 rho=6.4 anchor_shift=0
[FREE POLY] k=8 disc=2 raw=40 facets=6 vertices=9 rho=10.4 anchor_shift=0
[RF SUPPORT SEED] removed=0 support_limit=-1
[SQP] before_solve iter=0 vars=16 constraints=117 max_d=0.102847
[QP WORST] iter=0 row=83 type=collision d=0.102847
[QP WORST COLLISION] scenario=25 k=8 obstacle=0 disc=2
[SQP] after_solve iter=0 converged=1 status=0 iterations=5 primal_residual=4.16334e-16 dual_residual=1.10751e-05 x_size=16 x_finite=1
[SQP LINESEARCH] iter=0 current_violation=0.102847 accepted_violation=0 accepted=1 alpha=1 delta_u_norm=0.352386
[SQP SUPPORT] iter=0 support_size=0 support_limit=-1 support_ok=1
[SQP] before_solve iter=1 vars=16 constraints=117 max_d=-0.00187362
[QP WORST] iter=1 row=80 type=collision d=-0.00187362
[QP WORST COLLISION] scenario=9 k=8 obstacle=0 disc=2
[SQP] after_solve iter=1 converged=1 status=0 iterations=4 primal_residual=4.30211e-16 dual_residual=9.98945e-05 x_size=16 x_finite=1
[SQP LINESEARCH] iter=1 current_violation=0 accepted_violation=0 accepted=1 alpha=1 delta_u_norm=0.276628
[SQP SUPPORT] iter=1 support_size=0 support_limit=-1 support_ok=1
[SQP] before_solve iter=2 vars=16 constraints=117 max_d=-0.000368044
[QP WORST] iter=2 row=80 type=collision d=-0.000368044
[QP WORST COLLISION] scenario=9 k=8 obstacle=0 disc=2
[SQP] after_solve iter=2 converged=1 status=0 iterations=5 primal_residual=2.74697e-08 dual_residual=9.66741e-06 x_size=16 x_finite=1
[SQP LINESEARCH] iter=2 current_violation=0 accepted_violation=0 accepted=1 alpha=0.5 delta_u_norm=0.153669
[SQP SUPPORT] iter=2 support_size=0 support_limit=-1 support_ok=1
[SQP] before_solve iter=3 vars=16 constraints=117 max_d=-0.000183356
[QP WORST] iter=3 row=80 type=collision d=-0.000183356
[QP WORST COLLISION] scenario=9 k=8 obstacle=0 disc=2
[SQP] after_solve iter=3 converged=1 status=0 iterations=5 primal_residual=1.36382e-08 dual_residual=4.78078e-06 x_size=16 x_finite=1
[SQP LINESEARCH] iter=3 current_violation=0 accepted_violation=0 accepted=1 alpha=0.5 delta_u_norm=0.146319
[SQP SUPPORT] iter=3 support_size=0 support_limit=-1 support_ok=1
[SQP] before_solve iter=4 vars=16 constraints=117 max_d=-9.12722e-05
[QP WORST] iter=4 row=80 type=collision d=-9.12722e-05
[QP WORST COLLISION] scenario=9 k=8 obstacle=0 disc=2
[SQP] after_solve iter=4 converged=1 status=0 iterations=4 primal_residual=1.28138e-07 dual_residual=8.82627e-05 x_size=16 x_finite=1
[SQP LINESEARCH] iter=4 current_violation=0 accepted_violation=0 accepted=1 alpha=0.5 delta_u_norm=0.141135
[SQP SUPPORT] iter=4 support_size=0 support_limit=-1 support_ok=1
[SQP] before_solve iter=5 vars=16 constraints=117 max_d=-0.000284234
[QP WORST] iter=5 row=80 type=collision d=-0.000284234
[QP WORST COLLISION] scenario=9 k=8 obstacle=0 disc=2
[SQP] after_solve iter=5 converged=1 status=0 iterations=4 primal_residual=4.27772e-16 dual_residual=8.05768e-05 x_size=16 x_finite=1
[SQP LINESEARCH] iter=5 current_violation=0 accepted_violation=0 accepted=1 alpha=1 delta_u_norm=0.135615
[SQP SUPPORT] iter=5 support_size=0 support_limit=-1 support_ok=1
[SQP] before_solve iter=6 vars=16 constraints=117 max_d=-7.38186e-05
[QP WORST] iter=6 row=65 type=collision d=-7.38186e-05
[QP WORST COLLISION] scenario=12 k=7 obstacle=0 disc=2
[SQP] after_solve iter=6 converged=1 status=0 iterations=4 primal_residual=9.16847e-08 dual_residual=7.76349e-05 x_size=16 x_finite=1
[SQP LINESEARCH] iter=6 current_violation=0 accepted_violation=0 accepted=1 alpha=1 delta_u_norm=0.126094
[SQP SUPPORT] iter=6 support_size=0 support_limit=-1 support_ok=1
[SQP] before_solve iter=7 vars=16 constraints=117 max_d=-0.000234781
[QP WORST] iter=7 row=65 type=collision d=-0.000234781
[QP WORST COLLISION] scenario=12 k=7 obstacle=0 disc=2
[SQP] after_solve iter=7 converged=1 status=0 iterations=4 primal_residual=1.2043e-07 dual_residual=7.57735e-05 x_size=16 x_finite=1
[SQP LINESEARCH] iter=7 current_violation=0 accepted_violation=0 accepted=1 alpha=1 delta_u_norm=0.118098
[SQP SUPPORT] iter=7 support_size=0 support_limit=-1 support_ok=1
[SQP] before_solve iter=8 vars=16 constraints=117 max_d=-0.000280977
[QP WORST] iter=8 row=65 type=collision d=-0.000280977
[QP WORST COLLISION] scenario=12 k=7 obstacle=0 disc=2
[SQP] after_solve iter=8 converged=1 status=0 iterations=4 primal_residual=1.24992e-07 dual_residual=7.47427e-05 x_size=16 x_finite=1
[SQP LINESEARCH] iter=8 current_violation=0 accepted_violation=0 accepted=1 alpha=1 delta_u_norm=0.111118
[SQP SUPPORT] iter=8 support_size=0 support_limit=-1 support_ok=1
[SQP] before_solve iter=9 vars=16 constraints=117 max_d=-0.000314289
[QP WORST] iter=9 row=65 type=collision d=-0.000314289
[QP WORST COLLISION] scenario=12 k=7 obstacle=0 disc=2
[SQP] after_solve iter=9 converged=1 status=0 iterations=4 primal_residual=1.18229e-07 dual_residual=7.43754e-05 x_size=16 x_finite=1
[SQP LINESEARCH] iter=9 current_violation=0 accepted_violation=0 accepted=1 alpha=1 delta_u_norm=0.104871
[SQP SUPPORT] iter=9 support_size=0 support_limit=-1 support_ok=1
[SQP FINAL] final_violation=0 violated_constraints=0
[SUPPORT FINAL] sqp_union=0 final_active=3 support_limit=-1
[SUPPORT FINAL IDS] 9 12 25
[SUPPORT UNION IDS]
[COLD START RECOVERY CHECK] ordinary_sqp_failed=0 seed_available=1 incompatible=0 try_homotopy=0
[HARNESS RESULT] step=6 success=1 controls=8 first_input_present=1
[MPC STEP METRICS] step=6 applied=1 success=1 fallback=0 a=0.025855 omega=0.0103879 dt=0.1 acceleration_weight=0.1 steering_weight=0.1 control_cost_unweighted=0.000776391 control_cost_weighted=7.76391e-05 mpc_cost=-17.3748 solve_time=0.0500923 qp_solve_time=0.0379019 constraint_time=0.00702945 dro_risk_time=0 ambiguity_radius=0 certificate=not_requested
[EVAL SAFETY] step=7 min_center_distance=1.82692 min_clearance=0.876919 collision_this_step=0 collision_run=0 collision_radius=0.95
[RF BACKUP] available=1 controls=8 states=9
[FREE POLY] k=1 disc=0 raw=40 facets=2 vertices=6 rho=4.8 anchor_shift=0
[FREE POLY] k=1 disc=1 raw=40 facets=0 vertices=4 rho=0.800001 anchor_shift=0
[FREE POLY] k=1 disc=2 raw=40 facets=4 vertices=7 rho=4.8 anchor_shift=0
[FREE POLY] k=2 disc=0 raw=40 facets=3 vertices=6 rho=5.6 anchor_shift=0
[FREE POLY] k=2 disc=1 raw=40 facets=0 vertices=4 rho=1.6 anchor_shift=0
[FREE POLY] k=2 disc=2 raw=40 facets=4 vertices=7 rho=5.6 anchor_shift=0
[FREE POLY] k=3 disc=0 raw=40 facets=4 vertices=7 rho=6.4 anchor_shift=0
[FREE POLY] k=3 disc=1 raw=40 facets=2 vertices=6 rho=2.4 anchor_shift=0
[FREE POLY] k=3 disc=2 raw=40 facets=4 vertices=7 rho=6.4 anchor_shift=0
[FREE POLY] k=4 disc=0 raw=40 facets=4 vertices=7 rho=7.2 anchor_shift=0
[FREE POLY] k=4 disc=1 raw=40 facets=4 vertices=7 rho=3.2 anchor_shift=0
[FREE POLY] k=4 disc=2 raw=40 facets=5 vertices=8 rho=7.2 anchor_shift=0
[FREE POLY] k=5 disc=0 raw=40 facets=5 vertices=8 rho=8 anchor_shift=0
[FREE POLY] k=5 disc=1 raw=40 facets=5 vertices=8 rho=4 anchor_shift=0
[FREE POLY] k=5 disc=2 raw=40 facets=5 vertices=8 rho=8 anchor_shift=0
[FREE POLY] k=6 disc=0 raw=40 facets=6 vertices=9 rho=8.8 anchor_shift=0
[FREE POLY] k=6 disc=1 raw=40 facets=6 vertices=9 rho=4.8 anchor_shift=0
[FREE POLY] k=6 disc=2 raw=40 facets=6 vertices=8 rho=8.8 anchor_shift=0
[FREE POLY] k=7 disc=0 raw=40 facets=4 vertices=7 rho=9.6 anchor_shift=0
[FREE POLY] k=7 disc=1 raw=40 facets=3 vertices=6 rho=5.6 anchor_shift=0
[FREE POLY] k=7 disc=2 raw=40 facets=4 vertices=7 rho=9.6 anchor_shift=0
[FREE POLY] k=8 disc=0 raw=40 facets=3 vertices=6 rho=10.4 anchor_shift=0
[FREE POLY] k=8 disc=1 raw=40 facets=3 vertices=6 rho=6.4 anchor_shift=0
[FREE POLY] k=8 disc=2 raw=40 facets=4 vertices=7 rho=10.4 anchor_shift=0
[RF SUPPORT SEED] removed=0 support_limit=-1
[SQP] before_solve iter=0 vars=16 constraints=122 max_d=0.0607953
[QP WORST] iter=0 row=88 type=collision d=0.0607953
[QP WORST COLLISION] scenario=31 k=8 obstacle=0 disc=2
[SQP] after_solve iter=0 converged=1 status=0 iterations=5 primal_residual=2.86059e-07 dual_residual=8.28799e-05 x_size=16 x_finite=1
[SQP LINESEARCH] iter=0 current_violation=0.0607953 accepted_violation=0 accepted=1 alpha=1 delta_u_norm=0.391588
[SQP SUPPORT] iter=0 support_size=0 support_limit=-1 support_ok=1
[SQP] before_solve iter=1 vars=16 constraints=122 max_d=-6.17527e-06
[QP WORST] iter=1 row=67 type=collision d=-6.17527e-06
[QP WORST COLLISION] scenario=31 k=6 obstacle=0 disc=2
[SQP] after_solve iter=1 converged=1 status=0 iterations=5 primal_residual=4.32705e-16 dual_residual=1.64508e-06 x_size=16 x_finite=1
[SQP LINESEARCH] iter=1 current_violation=0 accepted_violation=0 accepted=1 alpha=1 delta_u_norm=0.168597
[SQP SUPPORT] iter=1 support_size=0 support_limit=-1 support_ok=1
[SQP] before_solve iter=2 vars=16 constraints=122 max_d=-1.01321e-06
[QP WORST] iter=2 row=88 type=collision d=-1.01321e-06
[QP WORST COLLISION] scenario=31 k=8 obstacle=0 disc=2
[SQP] after_solve iter=2 converged=1 status=0 iterations=5 primal_residual=4.44089e-16 dual_residual=1.73726e-06 x_size=16 x_finite=1
[SQP LINESEARCH] iter=2 current_violation=0 accepted_violation=0 accepted=1 alpha=1 delta_u_norm=0.15215
[SQP SUPPORT] iter=2 support_size=0 support_limit=-1 support_ok=1
[SQP] before_solve iter=3 vars=16 constraints=122 max_d=-3.25739e-06
[QP WORST] iter=3 row=88 type=collision d=-3.25739e-06
[QP WORST COLLISION] scenario=31 k=8 obstacle=0 disc=2
[SQP] after_solve iter=3 converged=1 status=0 iterations=5 primal_residual=4.11848e-16 dual_residual=1.79294e-06 x_size=16 x_finite=1
[SQP LINESEARCH] iter=3 current_violation=0 accepted_violation=0 accepted=1 alpha=1 delta_u_norm=0.140734
[SQP SUPPORT] iter=3 support_size=0 support_limit=-1 support_ok=1
[SQP] before_solve iter=4 vars=16 constraints=122 max_d=-4.0247e-06
[QP WORST] iter=4 row=88 type=collision d=-4.0247e-06
[QP WORST COLLISION] scenario=31 k=8 obstacle=0 disc=2
[SQP] after_solve iter=4 converged=1 status=0 iterations=5 primal_residual=4.33356e-16 dual_residual=1.85143e-06 x_size=16 x_finite=1
[SQP LINESEARCH] iter=4 current_violation=0 accepted_violation=0 accepted=1 alpha=1 delta_u_norm=0.131139
[SQP SUPPORT] iter=4 support_size=0 support_limit=-1 support_ok=1
[SQP] before_solve iter=5 vars=16 constraints=122 max_d=-4.55823e-06
[QP WORST] iter=5 row=88 type=collision d=-4.55823e-06
[QP WORST COLLISION] scenario=31 k=8 obstacle=0 disc=2
[SQP] after_solve iter=5 converged=1 status=0 iterations=5 primal_residual=3.96113e-16 dual_residual=1.90077e-06 x_size=16 x_finite=1
[SQP LINESEARCH] iter=5 current_violation=0 accepted_violation=0 accepted=1 alpha=1 delta_u_norm=0.122793
[SQP SUPPORT] iter=5 support_size=0 support_limit=-1 support_ok=1
[SQP] before_solve iter=6 vars=16 constraints=122 max_d=-4.91831e-06
[QP WORST] iter=6 row=88 type=collision d=-4.91831e-06
[QP WORST COLLISION] scenario=31 k=8 obstacle=0 disc=2
[SQP] after_solve iter=6 converged=1 status=0 iterations=5 primal_residual=3.99854e-16 dual_residual=1.93939e-06 x_size=16 x_finite=1
[SQP LINESEARCH] iter=6 current_violation=0 accepted_violation=0 accepted=1 alpha=1 delta_u_norm=0.115384
[SQP SUPPORT] iter=6 support_size=0 support_limit=-1 support_ok=1
[SQP] before_solve iter=7 vars=16 constraints=122 max_d=-5.16436e-06
[QP WORST] iter=7 row=88 type=collision d=-5.16436e-06
[QP WORST COLLISION] scenario=31 k=8 obstacle=0 disc=2
[SQP] after_solve iter=7 converged=1 status=0 iterations=5 primal_residual=4.31946e-16 dual_residual=1.96915e-06 x_size=16 x_finite=1
[SQP LINESEARCH] iter=7 current_violation=0 accepted_violation=0 accepted=1 alpha=1 delta_u_norm=0.108708
[SQP SUPPORT] iter=7 support_size=0 support_limit=-1 support_ok=1
[SQP] before_solve iter=8 vars=16 constraints=122 max_d=-5.33563e-06
[QP WORST] iter=8 row=88 type=collision d=-5.33563e-06
[QP WORST COLLISION] scenario=31 k=8 obstacle=0 disc=2
[SQP] after_solve iter=8 converged=1 status=0 iterations=5 primal_residual=4.4205e-16 dual_residual=1.99202e-06 x_size=16 x_finite=1
[SQP LINESEARCH] iter=8 current_violation=0 accepted_violation=0 accepted=1 alpha=1 delta_u_norm=0.102627
[SQP SUPPORT] iter=8 support_size=0 support_limit=-1 support_ok=1
[SQP] before_solve iter=9 vars=16 constraints=122 max_d=-5.45703e-06
[QP WORST] iter=9 row=88 type=collision d=-5.45703e-06
[QP WORST COLLISION] scenario=31 k=8 obstacle=0 disc=2
[SQP] after_solve iter=9 converged=1 status=0 iterations=5 primal_residual=4.31133e-16 dual_residual=2.00963e-06 x_size=16 x_finite=1
[SQP LINESEARCH] iter=9 current_violation=0 accepted_violation=0 accepted=1 alpha=1 delta_u_norm=0.0970431
[SQP SUPPORT] iter=9 support_size=0 support_limit=-1 support_ok=1
[SQP FINAL] final_violation=0 violated_constraints=0
[SUPPORT FINAL] sqp_union=0 final_active=1 support_limit=-1
[SUPPORT FINAL IDS] 31
[SUPPORT UNION IDS]
[COLD START RECOVERY CHECK] ordinary_sqp_failed=0 seed_available=1 incompatible=0 try_homotopy=0
[HARNESS RESULT] step=7 success=1 controls=8 first_input_present=1
[MPC STEP METRICS] step=7 applied=1 success=1 fallback=0 a=-0.0606773 omega=0.0186912 dt=0.1 acceleration_weight=0.1 steering_weight=0.1 control_cost_unweighted=0.00403109 control_cost_weighted=0.000403109 mpc_cost=-17.2587 solve_time=0.045238 qp_solve_time=0.0270233 constraint_time=0.0106808 dro_risk_time=0 ambiguity_radius=0 certificate=not_requested
[EVAL SAFETY] step=8 min_center_distance=1.65242 min_clearance=0.702417 collision_this_step=0 collision_run=0 collision_radius=0.95
[RF BACKUP] available=1 controls=8 states=9
[FREE POLY] k=1 disc=0 raw=40 facets=2 vertices=5 rho=4.8 anchor_shift=0
[FREE POLY] k=1 disc=1 raw=40 facets=0 vertices=4 rho=0.800001 anchor_shift=0
[FREE POLY] k=1 disc=2 raw=40 facets=3 vertices=6 rho=4.8 anchor_shift=0
[FREE POLY] k=2 disc=0 raw=40 facets=4 vertices=7 rho=5.6 anchor_shift=0
[FREE POLY] k=2 disc=1 raw=40 facets=0 vertices=4 rho=1.6 anchor_shift=0
[FREE POLY] k=2 disc=2 raw=40 facets=5 vertices=8 rho=5.6 anchor_shift=0
[FREE POLY] k=3 disc=0 raw=40 facets=3 vertices=6 rho=6.4 anchor_shift=0
[FREE POLY] k=3 disc=1 raw=40 facets=2 vertices=6 rho=2.4 anchor_shift=0
[FREE POLY] k=3 disc=2 raw=40 facets=3 vertices=6 rho=6.4 anchor_shift=0
[FREE POLY] k=4 disc=0 raw=40 facets=3 vertices=6 rho=7.2 anchor_shift=0
[FREE POLY] k=4 disc=1 raw=40 facets=3 vertices=6 rho=3.2 anchor_shift=0
[FREE POLY] k=4 disc=2 raw=40 facets=4 vertices=7 rho=7.2 anchor_shift=0
[FREE POLY] k=5 disc=0 raw=40 facets=3 vertices=6 rho=8 anchor_shift=0
[FREE POLY] k=5 disc=1 raw=40 facets=3 vertices=6 rho=4 anchor_shift=0
[FREE POLY] k=5 disc=2 raw=40 facets=4 vertices=6 rho=8 anchor_shift=0
[FREE POLY] k=6 disc=0 raw=40 facets=3 vertices=6 rho=8.8 anchor_shift=0
[FREE POLY] k=6 disc=1 raw=40 facets=3 vertices=6 rho=4.8 anchor_shift=0
[FREE POLY] k=6 disc=2 raw=40 facets=4 vertices=7 rho=8.8 anchor_shift=0
[FREE POLY] k=7 disc=0 raw=40 facets=2 vertices=5 rho=9.6 anchor_shift=0
[FREE POLY] k=7 disc=1 raw=40 facets=2 vertices=5 rho=5.6 anchor_shift=0
[FREE POLY] k=7 disc=2 raw=40 facets=4 vertices=7 rho=9.6 anchor_shift=0
[FREE POLY] k=8 disc=0 raw=40 facets=3 vertices=6 rho=10.4 anchor_shift=0
[FREE POLY] k=8 disc=1 raw=40 facets=3 vertices=6 rho=6.4 anchor_shift=0
[FREE POLY] k=8 disc=2 raw=40 facets=5 vertices=8 rho=10.4 anchor_shift=0
[RF SUPPORT SEED] removed=0 support_limit=-1
[SQP] before_solve iter=0 vars=16 constraints=103 max_d=0.0169244
[QP WORST] iter=0 row=66 type=collision d=0.0169244
[QP WORST COLLISION] scenario=0 k=8 obstacle=0 disc=2
[SQP] after_solve iter=0 converged=1 status=0 iterations=5 primal_residual=4.98164e-09 dual_residual=5.22915e-06 x_size=16 x_finite=1
[SQP LINESEARCH] iter=0 current_violation=0.0169244 accepted_violation=0 accepted=1 alpha=1 delta_u_norm=0.241296
[SQP SUPPORT] iter=0 support_size=0 support_limit=-1 support_ok=1
[SQP] before_solve iter=1 vars=16 constraints=103 max_d=-1.1775e-05
[QP WORST] iter=1 row=56 type=collision d=-1.1775e-05
[QP WORST COLLISION] scenario=0 k=7 obstacle=0 disc=2
[SQP] after_solve iter=1 converged=1 status=0 iterations=5 primal_residual=1.08301e-09 dual_residual=3.37731e-06 x_size=16 x_finite=1
[SQP LINESEARCH] iter=1 current_violation=0 accepted_violation=0 accepted=1 alpha=1 delta_u_norm=0.162698
[SQP SUPPORT] iter=1 support_size=0 support_limit=-1 support_ok=1
[SQP] before_solve iter=2 vars=16 constraints=103 max_d=-4.57182e-07
[QP WORST] iter=2 row=48 type=collision d=-4.57182e-07
[QP WORST COLLISION] scenario=0 k=6 obstacle=0 disc=2
[SQP] after_solve iter=2 converged=1 status=0 iterations=5 primal_residual=1.2413e-09 dual_residual=3.74787e-06 x_size=16 x_finite=1
[SQP LINESEARCH] iter=2 current_violation=0 accepted_violation=0 accepted=1 alpha=1 delta_u_norm=0.147039
[SQP SUPPORT] iter=2 support_size=0 support_limit=-1 support_ok=1
[SQP] before_solve iter=3 vars=16 constraints=103 max_d=-4.54754e-07
[QP WORST] iter=3 row=48 type=collision d=-4.54754e-07
[QP WORST COLLISION] scenario=0 k=6 obstacle=0 disc=2
[SQP] after_solve iter=3 converged=1 status=0 iterations=5 primal_residual=1.4005e-09 dual_residual=4.11237e-06 x_size=16 x_finite=1
[SQP LINESEARCH] iter=3 current_violation=0 accepted_violation=0 accepted=1 alpha=1 delta_u_norm=0.136374
[SQP SUPPORT] iter=3 support_size=0 support_limit=-1 support_ok=1
[SQP] before_solve iter=4 vars=16 constraints=103 max_d=-3.67388e-07
[QP WORST] iter=4 row=48 type=collision d=-3.67388e-07
[QP WORST COLLISION] scenario=0 k=6 obstacle=0 disc=2
[SQP] after_solve iter=4 converged=1 status=0 iterations=5 primal_residual=1.53872e-09 dual_residual=4.41295e-06 x_size=16 x_finite=1
[SQP LINESEARCH] iter=4 current_violation=0 accepted_violation=0 accepted=1 alpha=1 delta_u_norm=0.127475
[SQP SUPPORT] iter=4 support_size=0 support_limit=-1 support_ok=1
[SQP] before_solve iter=5 vars=16 constraints=103 max_d=-2.39457e-07
[QP WORST] iter=5 row=48 type=collision d=-2.39457e-07
[QP WORST COLLISION] scenario=0 k=6 obstacle=0 disc=2
[SQP] after_solve iter=5 converged=1 status=0 iterations=5 primal_residual=1.65251e-09 dual_residual=4.64919e-06 x_size=16 x_finite=1
[SQP LINESEARCH] iter=5 current_violation=0 accepted_violation=0 accepted=1 alpha=1 delta_u_norm=0.119715
[SQP SUPPORT] iter=5 support_size=0 support_limit=-1 support_ok=1
[SQP] before_solve iter=6 vars=16 constraints=103 max_d=-1.50509e-07
[QP WORST] iter=6 row=48 type=collision d=-1.50509e-07
[QP WORST COLLISION] scenario=0 k=6 obstacle=0 disc=2
[SQP] after_solve iter=6 converged=1 status=0 iterations=5 primal_residual=1.74473e-09 dual_residual=4.832e-06 x_size=16 x_finite=1
[SQP LINESEARCH] iter=6 current_violation=0 accepted_violation=0 accepted=1 alpha=1 delta_u_norm=0.112796
[SQP SUPPORT] iter=6 support_size=0 support_limit=-1 support_ok=1
[SQP] before_solve iter=7 vars=16 constraints=103 max_d=-9.81299e-08
[QP WORST] iter=7 row=48 type=collision d=-9.81299e-08
[QP WORST COLLISION] scenario=0 k=6 obstacle=0 disc=2
[SQP] after_solve iter=7 converged=1 status=0 iterations=5 primal_residual=1.81961e-09 dual_residual=4.97333e-06 x_size=16 x_finite=1
[SQP LINESEARCH] iter=7 current_violation=0 accepted_violation=0 accepted=1 alpha=1 delta_u_norm=0.106533
[SQP SUPPORT] iter=7 support_size=0 support_limit=-1 support_ok=1
[SQP] before_solve iter=8 vars=16 constraints=103 max_d=-6.86509e-08
[QP WORST] iter=8 row=48 type=collision d=-6.86509e-08
[QP WORST COLLISION] scenario=0 k=6 obstacle=0 disc=2
[SQP] after_solve iter=8 converged=1 status=0 iterations=5 primal_residual=1.88116e-09 dual_residual=5.08342e-06 x_size=16 x_finite=1
[SQP LINESEARCH] iter=8 current_violation=0 accepted_violation=0 accepted=1 alpha=1 delta_u_norm=0.100801
[SQP SUPPORT] iter=8 support_size=0 support_limit=-1 support_ok=1
[SQP] before_solve iter=9 vars=16 constraints=103 max_d=-5.21055e-08
[QP WORST] iter=9 row=48 type=collision d=-5.21055e-08
[QP WORST COLLISION] scenario=0 k=6 obstacle=0 disc=2
[SQP] after_solve iter=9 converged=1 status=0 iterations=5 primal_residual=1.93271e-09 dual_residual=5.17034e-06 x_size=16 x_finite=1
[SQP LINESEARCH] iter=9 current_violation=0 accepted_violation=0 accepted=1 alpha=1 delta_u_norm=0.0955169
[SQP SUPPORT] iter=9 support_size=0 support_limit=-1 support_ok=1
[SQP FINAL] final_violation=0 violated_constraints=0
[SUPPORT FINAL] sqp_union=0 final_active=1 support_limit=-1
[SUPPORT FINAL IDS] 0
[SUPPORT UNION IDS]
[COLD START RECOVERY CHECK] ordinary_sqp_failed=0 seed_available=1 incompatible=0 try_homotopy=0
[HARNESS RESULT] step=8 success=1 controls=8 first_input_present=1
[MPC STEP METRICS] step=8 applied=1 success=1 fallback=0 a=-0.00909799 omega=-0.00624524 dt=0.1 acceleration_weight=0.1 steering_weight=0.1 control_cost_unweighted=0.000121777 control_cost_weighted=1.21777e-05 mpc_cost=-17.1376 solve_time=0.0384239 qp_solve_time=0.0256363 constraint_time=0.00675884 dro_risk_time=0 ambiguity_radius=0 certificate=not_requested
[EVAL SAFETY] step=9 min_center_distance=1.47873 min_clearance=0.528735 collision_this_step=0 collision_run=0 collision_radius=0.95
[RF BACKUP] available=1 controls=8 states=9
[FREE POLY] k=1 disc=0 raw=40 facets=5 vertices=8 rho=4.8 anchor_shift=0
[FREE POLY] k=1 disc=1 raw=40 facets=0 vertices=4 rho=0.800001 anchor_shift=0
[FREE POLY] k=1 disc=2 raw=40 facets=6 vertices=9 rho=4.8 anchor_shift=0
[FREE POLY] k=2 disc=0 raw=40 facets=4 vertices=7 rho=5.6 anchor_shift=0
[FREE POLY] k=2 disc=1 raw=40 facets=0 vertices=4 rho=1.6 anchor_shift=0
[FREE POLY] k=2 disc=2 raw=40 facets=5 vertices=8 rho=5.6 anchor_shift=0
[FREE POLY] k=3 disc=0 raw=40 facets=3 vertices=6 rho=6.4 anchor_shift=0
[FREE POLY] k=3 disc=1 raw=40 facets=2 vertices=5 rho=2.4 anchor_shift=0
[FREE POLY] k=3 disc=2 raw=40 facets=3 vertices=6 rho=6.4 anchor_shift=0
[FREE POLY] k=4 disc=0 raw=40 facets=2 vertices=5 rho=7.2 anchor_shift=0
[FREE POLY] k=4 disc=1 raw=40 facets=2 vertices=5 rho=3.2 anchor_shift=0
[FREE POLY] k=4 disc=2 raw=40 facets=3 vertices=5 rho=7.2 anchor_shift=0
[FREE POLY] k=5 disc=0 raw=40 facets=2 vertices=5 rho=8 anchor_shift=0
[FREE POLY] k=5 disc=1 raw=40 facets=2 vertices=5 rho=4 anchor_shift=0
[FREE POLY] k=5 disc=2 raw=40 facets=3 vertices=6 rho=8 anchor_shift=0
[FREE POLY] k=6 disc=0 raw=40 facets=2 vertices=5 rho=8.8 anchor_shift=0
[FREE POLY] k=6 disc=1 raw=40 facets=2 vertices=5 rho=4.8 anchor_shift=0
[FREE POLY] k=6 disc=2 raw=40 facets=3 vertices=6 rho=8.8 anchor_shift=0
[FREE POLY] k=7 disc=0 raw=40 facets=2 vertices=5 rho=9.6 anchor_shift=0
[FREE POLY] k=7 disc=1 raw=40 facets=2 vertices=5 rho=5.6 anchor_shift=0
[FREE POLY] k=7 disc=2 raw=40 facets=3 vertices=6 rho=9.6 anchor_shift=0
[FREE POLY] k=8 disc=0 raw=40 facets=2 vertices=5 rho=10.4 anchor_shift=0
[FREE POLY] k=8 disc=1 raw=40 facets=2 vertices=5 rho=6.4 anchor_shift=0
[FREE POLY] k=8 disc=2 raw=40 facets=3 vertices=6 rho=10.4 anchor_shift=0
[RF SUPPORT SEED] removed=0 support_limit=-1
[SQP] before_solve iter=0 vars=16 constraints=95 max_d=0.0139133
[QP WORST] iter=0 row=61 type=collision d=0.0139133
[QP WORST COLLISION] scenario=20 k=8 obstacle=0 disc=2
[SQP] after_solve iter=0 converged=1 status=0 iterations=5 primal_residual=1.885e-10 dual_residual=2.34245e-06 x_size=16 x_finite=1
[SQP LINESEARCH] iter=0 current_violation=0.0139133 accepted_violation=1.11866e-05 accepted=1 alpha=1 delta_u_norm=0.226736
[SQP SUPPORT] iter=0 support_size=0 support_limit=-1 support_ok=1
[SQP] before_solve iter=1 vars=16 constraints=95 max_d=1.11866e-05
[QP WORST] iter=1 row=47 type=collision d=1.11866e-05
[QP WORST COLLISION] scenario=20 k=6 obstacle=0 disc=2
[SQP] after_solve iter=1 converged=1 status=0 iterations=5 primal_residual=8.14318e-10 dual_residual=5.17703e-06 x_size=16 x_finite=1
[SQP LINESEARCH] iter=1 current_violation=1.11866e-05 accepted_violation=0 accepted=1 alpha=1 delta_u_norm=0.163409
[SQP SUPPORT] iter=1 support_size=0 support_limit=-1 support_ok=1
[SQP] before_solve iter=2 vars=16 constraints=95 max_d=-2.41701e-07
[QP WORST] iter=2 row=61 type=collision d=-2.41701e-07
[QP WORST COLLISION] scenario=20 k=8 obstacle=0 disc=2
[SQP] after_solve iter=2 converged=1 status=0 iterations=5 primal_residual=8.49757e-10 dual_residual=5.46669e-06 x_size=16 x_finite=1
[SQP LINESEARCH] iter=2 current_violation=0 accepted_violation=0 accepted=1 alpha=1 delta_u_norm=0.147682
[SQP SUPPORT] iter=2 support_size=0 support_limit=-1 support_ok=1
[SQP] before_solve iter=3 vars=16 constraints=95 max_d=-4.7956e-07
[QP WORST] iter=3 row=61 type=collision d=-4.7956e-07
[QP WORST COLLISION] scenario=20 k=8 obstacle=0 disc=2
[SQP] after_solve iter=3 converged=1 status=0 iterations=5 primal_residual=8.92685e-10 dual_residual=5.73328e-06 x_size=16 x_finite=1
[SQP LINESEARCH] iter=3 current_violation=0 accepted_violation=0 accepted=1 alpha=1 delta_u_norm=0.136937
[SQP SUPPORT] iter=3 support_size=0 support_limit=-1 support_ok=1
[SQP] before_solve iter=4 vars=16 constraints=95 max_d=-3.93828e-07
[QP WORST] iter=4 row=61 type=collision d=-3.93828e-07
[QP WORST COLLISION] scenario=20 k=8 obstacle=0 disc=2
[SQP] after_solve iter=4 converged=1 status=0 iterations=5 primal_residual=9.31436e-10 dual_residual=5.96233e-06 x_size=16 x_finite=1
[SQP LINESEARCH] iter=4 current_violation=0 accepted_violation=0 accepted=1 alpha=1 delta_u_norm=0.127993
[SQP SUPPORT] iter=4 support_size=0 support_limit=-1 support_ok=1
[SQP] before_solve iter=5 vars=16 constraints=95 max_d=-2.68804e-07
[QP WORST] iter=5 row=61 type=collision d=-2.68804e-07
[QP WORST COLLISION] scenario=20 k=8 obstacle=0 disc=2
[SQP] after_solve iter=5 converged=1 status=0 iterations=5 primal_residual=9.62656e-10 dual_residual=6.14613e-06 x_size=16 x_finite=1
[SQP LINESEARCH] iter=5 current_violation=0 accepted_violation=0 accepted=1 alpha=1 delta_u_norm=0.120211
[SQP SUPPORT] iter=5 support_size=0 support_limit=-1 support_ok=1
[SQP] before_solve iter=6 vars=16 constraints=95 max_d=-1.78106e-07
[QP WORST] iter=6 row=61 type=collision d=-1.78106e-07
[QP WORST COLLISION] scenario=20 k=8 obstacle=0 disc=2
[SQP] after_solve iter=6 converged=1 status=0 iterations=5 primal_residual=9.86793e-10 dual_residual=6.28978e-06 x_size=16 x_finite=1
[SQP LINESEARCH] iter=6 current_violation=0 accepted_violation=0 accepted=1 alpha=1 delta_u_norm=0.113283
[SQP SUPPORT] iter=6 support_size=0 support_limit=-1 support_ok=1
[SQP] before_solve iter=7 vars=16 constraints=95 max_d=-1.2076e-07
[QP WORST] iter=7 row=61 type=collision d=-1.2076e-07
[QP WORST COLLISION] scenario=20 k=8 obstacle=0 disc=2
[SQP] after_solve iter=7 converged=1 status=0 iterations=5 primal_residual=1.00513e-09 dual_residual=6.40085e-06 x_size=16 x_finite=1
[SQP LINESEARCH] iter=7 current_violation=0 accepted_violation=0 accepted=1 alpha=1 delta_u_norm=0.107017
[SQP SUPPORT] iter=7 support_size=0 support_limit=-1 support_ok=1
[SQP] before_solve iter=8 vars=16 constraints=95 max_d=-8.57372e-08
[QP WORST] iter=8 row=61 type=collision d=-8.57372e-08
[QP WORST COLLISION] scenario=20 k=8 obstacle=0 disc=2
[SQP] after_solve iter=8 converged=1 status=0 iterations=5 primal_residual=1.01893e-09 dual_residual=6.48634e-06 x_size=16 x_finite=1
[SQP LINESEARCH] iter=8 current_violation=0 accepted_violation=0 accepted=1 alpha=1 delta_u_norm=0.101285
[SQP SUPPORT] iter=8 support_size=0 support_limit=-1 support_ok=1
[SQP] before_solve iter=9 vars=16 constraints=95 max_d=-6.44244e-08
[QP WORST] iter=9 row=61 type=collision d=-6.44244e-08
[QP WORST COLLISION] scenario=20 k=8 obstacle=0 disc=2
[SQP] after_solve iter=9 converged=1 status=0 iterations=5 primal_residual=1.02924e-09 dual_residual=6.55202e-06 x_size=16 x_finite=1
[SQP LINESEARCH] iter=9 current_violation=0 accepted_violation=0 accepted=1 alpha=1 delta_u_norm=0.0959992
[SQP SUPPORT] iter=9 support_size=0 support_limit=-1 support_ok=1
[SQP FINAL] final_violation=0 violated_constraints=0
[SUPPORT FINAL] sqp_union=0 final_active=1 support_limit=-1
[SUPPORT FINAL IDS] 20
[SUPPORT UNION IDS]
[COLD START RECOVERY CHECK] ordinary_sqp_failed=0 seed_available=1 incompatible=0 try_homotopy=0
[HARNESS RESULT] step=9 success=1 controls=8 first_input_present=1
[MPC STEP METRICS] step=9 applied=1 success=1 fallback=0 a=-0.0155251 omega=-0.0842265 dt=0.1 acceleration_weight=0.1 steering_weight=0.1 control_cost_unweighted=0.00733513 control_cost_weighted=0.000733513 mpc_cost=-16.9908 solve_time=0.0380702 qp_solve_time=0.0262102 constraint_time=0.00662773 dro_risk_time=0 ambiguity_radius=0 certificate=not_requested
[EVAL SAFETY] step=10 min_center_distance=1.30216 min_clearance=0.352158 collision_this_step=0 collision_run=0 collision_radius=0.95
[RF BACKUP] available=1 controls=8 states=9
[FREE POLY] k=1 disc=0 raw=40 facets=4 vertices=7 rho=4.8 anchor_shift=0
[FREE POLY] k=1 disc=1 raw=40 facets=0 vertices=4 rho=0.800001 anchor_shift=0
[FREE POLY] k=1 disc=2 raw=40 facets=6 vertices=9 rho=4.8 anchor_shift=0
[FREE POLY] k=2 disc=0 raw=40 facets=3 vertices=6 rho=5.6 anchor_shift=0
[FREE POLY] k=2 disc=1 raw=40 facets=0 vertices=4 rho=1.6 anchor_shift=0
[FREE POLY] k=2 disc=2 raw=40 facets=3 vertices=6 rho=5.6 anchor_shift=0
[FREE POLY] k=3 disc=0 raw=40 facets=3 vertices=6 rho=6.4 anchor_shift=0
[FREE POLY] k=3 disc=1 raw=40 facets=3 vertices=6 rho=2.4 anchor_shift=0
[FREE POLY] k=3 disc=2 raw=40 facets=4 vertices=6 rho=6.4 anchor_shift=0
[FREE POLY] k=4 disc=0 raw=40 facets=3 vertices=6 rho=7.2 anchor_shift=0
[FREE POLY] k=4 disc=1 raw=40 facets=3 vertices=6 rho=3.2 anchor_shift=0
[FREE POLY] k=4 disc=2 raw=40 facets=5 vertices=8 rho=7.2 anchor_shift=0
[FREE POLY] k=5 disc=0 raw=40 facets=5 vertices=8 rho=8 anchor_shift=0
[FREE POLY] k=5 disc=1 raw=40 facets=4 vertices=7 rho=4 anchor_shift=0
[FREE POLY] k=5 disc=2 raw=40 facets=6 vertices=9 rho=8 anchor_shift=0
[FREE POLY] k=6 disc=0 raw=40 facets=4 vertices=7 rho=8.8 anchor_shift=0
[FREE POLY] k=6 disc=1 raw=40 facets=5 vertices=8 rho=4.8 anchor_shift=0
[FREE POLY] k=6 disc=2 raw=40 facets=5 vertices=8 rho=8.8 anchor_shift=0
[FREE POLY] k=7 disc=0 raw=40 facets=4 vertices=7 rho=9.6 anchor_shift=0
[FREE POLY] k=7 disc=1 raw=40 facets=4 vertices=7 rho=5.6 anchor_shift=0
[FREE POLY] k=7 disc=2 raw=40 facets=4 vertices=7 rho=9.6 anchor_shift=0
[FREE POLY] k=8 disc=0 raw=40 facets=4 vertices=7 rho=10.4 anchor_shift=0
[FREE POLY] k=8 disc=1 raw=40 facets=5 vertices=8 rho=6.4 anchor_shift=0
[FREE POLY] k=8 disc=2 raw=40 facets=5 vertices=8 rho=10.4 anchor_shift=0
[RF SUPPORT SEED] removed=0 support_limit=-1
[SQP] before_solve iter=0 vars=16 constraints=124 max_d=-0.0448489
[QP WORST] iter=0 row=25 type=collision d=-0.0448489
[QP WORST COLLISION] scenario=35 k=3 obstacle=0 disc=2
[SQP] after_solve iter=0 converged=1 status=0 iterations=6 primal_residual=3.62557e-16 dual_residual=7.88458e-06 x_size=16 x_finite=1
[SQP LINESEARCH] iter=0 current_violation=0 accepted_violation=0 accepted=1 alpha=0.5 delta_u_norm=0.323119
[SQP SUPPORT] iter=0 support_size=0 support_limit=-1 support_ok=1
[SQP] before_solve iter=1 vars=16 constraints=124 max_d=-0.0225355
[QP WORST] iter=1 row=25 type=collision d=-0.0225355
[QP WORST COLLISION] scenario=35 k=3 obstacle=0 disc=2
[SQP] after_solve iter=1 converged=1 status=0 iterations=6 primal_residual=1.05948e-08 dual_residual=1.01771e-05 x_size=16 x_finite=1
[SQP LINESEARCH] iter=1 current_violation=0 accepted_violation=0 accepted=1 alpha=0.5 delta_u_norm=0.228107
[SQP SUPPORT] iter=1 support_size=0 support_limit=-1 support_ok=1
[SQP] before_solve iter=2 vars=16 constraints=124 max_d=-0.0112912
[QP WORST] iter=2 row=25 type=collision d=-0.0112912
[QP WORST COLLISION] scenario=35 k=3 obstacle=0 disc=2
[SQP] after_solve iter=2 converged=1 status=0 iterations=6 primal_residual=1.76355e-10 dual_residual=4.5251e-06 x_size=16 x_finite=1
[SQP LINESEARCH] iter=2 current_violation=0 accepted_violation=0 accepted=1 alpha=0.5 delta_u_norm=0.184464
[SQP SUPPORT] iter=2 support_size=0 support_limit=-1 support_ok=1
[SQP] before_solve iter=3 vars=16 constraints=124 max_d=-0.0056576
[QP WORST] iter=3 row=25 type=collision d=-0.0056576
[QP WORST COLLISION] scenario=35 k=3 obstacle=0 disc=2
[SQP] after_solve iter=3 converged=1 status=0 iterations=6 primal_residual=1.49794e-10 dual_residual=2.95232e-06 x_size=16 x_finite=1
[SQP LINESEARCH] iter=3 current_violation=0 accepted_violation=0 accepted=1 alpha=0.5 delta_u_norm=0.163527
[SQP SUPPORT] iter=3 support_size=0 support_limit=-1 support_ok=1
[SQP] before_solve iter=4 vars=16 constraints=124 max_d=-0.00283872
[QP WORST] iter=4 row=25 type=collision d=-0.00283872
[QP WORST COLLISION] scenario=35 k=3 obstacle=0 disc=2
[SQP] after_solve iter=4 converged=1 status=0 iterations=6 primal_residual=1.88908e-09 dual_residual=8.31218e-06 x_size=16 x_finite=1
[SQP LINESEARCH] iter=4 current_violation=0 accepted_violation=0 accepted=1 alpha=0.5 delta_u_norm=0.152313
[SQP SUPPORT] iter=4 support_size=0 support_limit=-1 support_ok=1
[SQP] before_solve iter=5 vars=16 constraints=124 max_d=-0.00143364
[QP WORST] iter=5 row=25 type=collision d=-0.00143364
[QP WORST COLLISION] scenario=35 k=3 obstacle=0 disc=2
[SQP] after_solve iter=5 converged=1 status=0 iterations=6 primal_residual=1.84366e-09 dual_residual=9.74421e-06 x_size=16 x_finite=1
[SQP LINESEARCH] iter=5 current_violation=0 accepted_violation=0 accepted=1 alpha=0.5 delta_u_norm=0.145005
[SQP SUPPORT] iter=5 support_size=0 support_limit=-1 support_ok=1
[SQP] before_solve iter=6 vars=16 constraints=124 max_d=-0.000732403
[QP WORST] iter=6 row=25 type=collision d=-0.000732403
[QP WORST COLLISION] scenario=35 k=3 obstacle=0 disc=2
[SQP] after_solve iter=6 converged=1 status=0 iterations=6 primal_residual=2.3725e-10 dual_residual=6.23133e-06 x_size=16 x_finite=1
[SQP LINESEARCH] iter=6 current_violation=0 accepted_violation=0 accepted=1 alpha=1 delta_u_norm=0.139342
[SQP SUPPORT] iter=6 support_size=0 support_limit=-1 support_ok=1
[SQP] before_solve iter=7 vars=16 constraints=124 max_d=-1.12327e-07
[QP WORST] iter=7 row=61 type=collision d=-1.12327e-07
[QP WORST COLLISION] scenario=2 k=6 obstacle=0 disc=2
[SQP] after_solve iter=7 converged=1 status=0 iterations=6 primal_residual=3.93355e-16 dual_residual=5.66803e-06 x_size=16 x_finite=1
[SQP LINESEARCH] iter=7 current_violation=0 accepted_violation=0 accepted=1 alpha=1 delta_u_norm=0.129884
[SQP SUPPORT] iter=7 support_size=0 support_limit=-1 support_ok=1
[SQP] before_solve iter=8 vars=16 constraints=124 max_d=-1.61417e-07
[QP WORST] iter=8 row=61 type=collision d=-1.61417e-07
[QP WORST COLLISION] scenario=2 k=6 obstacle=0 disc=2
[SQP] after_solve iter=8 converged=1 status=0 iterations=6 primal_residual=4.03648e-16 dual_residual=4.97645e-06 x_size=16 x_finite=1
[SQP LINESEARCH] iter=8 current_violation=0 accepted_violation=0 accepted=1 alpha=1 delta_u_norm=0.121999
[SQP SUPPORT] iter=8 support_size=0 support_limit=-1 support_ok=1
[SQP] before_solve iter=9 vars=16 constraints=124 max_d=-9.44264e-08
[QP WORST] iter=9 row=61 type=collision d=-9.44264e-08
[QP WORST COLLISION] scenario=2 k=6 obstacle=0 disc=2
[SQP] after_solve iter=9 converged=1 status=0 iterations=6 primal_residual=3.95517e-16 dual_residual=4.49983e-06 x_size=16 x_finite=1
[SQP LINESEARCH] iter=9 current_violation=0 accepted_violation=0 accepted=1 alpha=1 delta_u_norm=0.114989
[SQP SUPPORT] iter=9 support_size=0 support_limit=-1 support_ok=1
[SQP FINAL] final_violation=0 violated_constraints=0
[SUPPORT FINAL] sqp_union=0 final_active=3 support_limit=-1
[SUPPORT FINAL IDS] 2 3 35
[SUPPORT UNION IDS]
[COLD START RECOVERY CHECK] ordinary_sqp_failed=0 seed_available=1 incompatible=0 try_homotopy=0
[HARNESS RESULT] step=10 success=1 controls=8 first_input_present=1
[MPC STEP METRICS] step=10 applied=1 success=1 fallback=0 a=0.0117013 omega=-0.162095 dt=0.1 acceleration_weight=0.1 steering_weight=0.1 control_cost_unweighted=0.0264117 control_cost_weighted=0.00264117 mpc_cost=-17.0716 solve_time=0.042736 qp_solve_time=0.0302321 constraint_time=0.00736068 dro_risk_time=0 ambiguity_radius=0 certificate=not_requested
[EVAL SAFETY] step=11 min_center_distance=1.12151 min_clearance=0.171508 collision_this_step=0 collision_run=0 collision_radius=0.95
[RF BACKUP] available=1 controls=8 states=9
[FREE POLY] k=1 disc=0 raw=40 facets=3 vertices=6 rho=4.8 anchor_shift=0
[FREE POLY] k=1 disc=1 raw=40 facets=0 vertices=4 rho=0.800001 anchor_shift=0
[FREE POLY] k=1 disc=2 raw=40 facets=4 vertices=7 rho=4.8 anchor_shift=0
[FREE POLY] k=2 disc=0 raw=40 facets=3 vertices=6 rho=5.6 anchor_shift=0
[FREE POLY] k=2 disc=1 raw=40 facets=1 vertices=5 rho=1.6 anchor_shift=0
[FREE POLY] k=2 disc=2 raw=40 facets=5 vertices=8 rho=5.6 anchor_shift=0
[FREE POLY] k=3 disc=0 raw=40 facets=2 vertices=5 rho=6.4 anchor_shift=0
[FREE POLY] k=3 disc=1 raw=40 facets=2 vertices=5 rho=2.4 anchor_shift=0
[FREE POLY] k=3 disc=2 raw=40 facets=5 vertices=8 rho=6.4 anchor_shift=0
[FREE POLY] k=4 disc=0 raw=40 facets=2 vertices=5 rho=7.2 anchor_shift=0
[FREE POLY] k=4 disc=1 raw=40 facets=2 vertices=5 rho=3.2 anchor_shift=0
[FREE POLY] k=4 disc=2 raw=40 facets=5 vertices=8 rho=7.2 anchor_shift=0
[FREE POLY] k=5 disc=0 raw=40 facets=2 vertices=5 rho=8 anchor_shift=0
[FREE POLY] k=5 disc=1 raw=40 facets=2 vertices=5 rho=4 anchor_shift=0
[FREE POLY] k=5 disc=2 raw=40 facets=4 vertices=7 rho=8 anchor_shift=0
[FREE POLY] k=6 disc=0 raw=40 facets=2 vertices=5 rho=8.8 anchor_shift=0
[FREE POLY] k=6 disc=1 raw=40 facets=2 vertices=5 rho=4.8 anchor_shift=0
[FREE POLY] k=6 disc=2 raw=40 facets=4 vertices=7 rho=8.8 anchor_shift=0
[FREE POLY] k=7 disc=0 raw=40 facets=2 vertices=5 rho=9.6 anchor_shift=0
[FREE POLY] k=7 disc=1 raw=40 facets=3 vertices=6 rho=5.6 anchor_shift=0
[FREE POLY] k=7 disc=2 raw=40 facets=3 vertices=6 rho=9.6 anchor_shift=0
[FREE POLY] k=8 disc=0 raw=40 facets=3 vertices=6 rho=10.4 anchor_shift=0
[FREE POLY] k=8 disc=1 raw=40 facets=3 vertices=6 rho=6.4 anchor_shift=0
[FREE POLY] k=8 disc=2 raw=40 facets=4 vertices=7 rho=10.4 anchor_shift=0
[RF SUPPORT SEED] removed=0 support_limit=-1
[SQP] before_solve iter=0 vars=16 constraints=100 max_d=0.00524884
[QP WORST] iter=0 row=41 type=collision d=0.00524884
[QP WORST COLLISION] scenario=34 k=5 obstacle=0 disc=2
[SQP] after_solve iter=0 converged=1 status=0 iterations=6 primal_residual=8.30667e-08 dual_residual=5.07435e-05 x_size=16 x_finite=1
[SQP LINESEARCH] iter=0 current_violation=0.00524884 accepted_violation=0.000264215 accepted=1 alpha=1 delta_u_norm=0.33944
[SQP SUPPORT] iter=0 support_size=0 support_limit=-1 support_ok=1
[SQP] before_solve iter=1 vars=16 constraints=100 max_d=0.000264215
[QP WORST] iter=1 row=64 type=collision d=0.000264215
[QP WORST COLLISION] scenario=25 k=8 obstacle=0 disc=2
[SQP] after_solve iter=1 converged=1 status=0 iterations=6 primal_residual=2.07765e-11 dual_residual=1.95834e-05 x_size=16 x_finite=1
[SQP LINESEARCH] iter=1 current_violation=0.000264215 accepted_violation=0 accepted=1 alpha=1 delta_u_norm=0.171729
[SQP SUPPORT] iter=1 support_size=0 support_limit=-1 support_ok=1
[SQP] before_solve iter=2 vars=16 constraints=100 max_d=-1.45398e-05
[QP WORST] iter=2 row=33 type=collision d=-1.45398e-05
[QP WORST COLLISION] scenario=34 k=4 obstacle=0 disc=2
[SQP] after_solve iter=2 converged=1 status=0 iterations=6 primal_residual=4.26742e-16 dual_residual=2.04631e-05 x_size=16 x_finite=1
[SQP LINESEARCH] iter=2 current_violation=0 accepted_violation=0 accepted=1 alpha=1 delta_u_norm=0.155233
[SQP SUPPORT] iter=2 support_size=0 support_limit=-1 support_ok=1
[SQP] before_solve iter=3 vars=16 constraints=100 max_d=-1.21206e-05
[QP WORST] iter=3 row=33 type=collision d=-1.21206e-05
[QP WORST COLLISION] scenario=34 k=4 obstacle=0 disc=2
[SQP] after_solve iter=3 converged=1 status=0 iterations=6 primal_residual=4.35416e-16 dual_residual=2.10136e-05 x_size=16 x_finite=1
[SQP LINESEARCH] iter=3 current_violation=0 accepted_violation=0 accepted=1 alpha=1 delta_u_norm=0.143961
[SQP SUPPORT] iter=3 support_size=0 support_limit=-1 support_ok=1
[SQP] before_solve iter=4 vars=16 constraints=100 max_d=-1.13362e-05
[QP WORST] iter=4 row=33 type=collision d=-1.13362e-05
[QP WORST COLLISION] scenario=34 k=4 obstacle=0 disc=2
[SQP] after_solve iter=4 converged=1 status=0 iterations=6 primal_residual=4.00721e-16 dual_residual=2.14266e-05 x_size=16 x_finite=1
[SQP LINESEARCH] iter=4 current_violation=0 accepted_violation=0 accepted=1 alpha=1 delta_u_norm=0.134353
[SQP SUPPORT] iter=4 support_size=0 support_limit=-1 support_ok=1
[SQP] before_solve iter=5 vars=16 constraints=100 max_d=-1.0771e-05
[QP WORST] iter=5 row=33 type=collision d=-1.0771e-05
[QP WORST COLLISION] scenario=34 k=4 obstacle=0 disc=2
[SQP] after_solve iter=5 converged=1 status=0 iterations=6 primal_residual=4.32814e-16 dual_residual=2.17124e-05 x_size=16 x_finite=1
[SQP LINESEARCH] iter=5 current_violation=0 accepted_violation=0 accepted=1 alpha=1 delta_u_norm=0.125843
[SQP SUPPORT] iter=5 support_size=0 support_limit=-1 support_ok=1
[SQP] before_solve iter=6 vars=16 constraints=100 max_d=-1.04016e-05
[QP WORST] iter=6 row=33 type=collision d=-1.04016e-05
[QP WORST COLLISION] scenario=34 k=4 obstacle=0 disc=2
[SQP] after_solve iter=6 converged=1 status=0 iterations=6 primal_residual=4.30211e-16 dual_residual=2.19016e-05 x_size=16 x_finite=1
[SQP LINESEARCH] iter=6 current_violation=0 accepted_violation=0 accepted=1 alpha=1 delta_u_norm=0.118189
[SQP SUPPORT] iter=6 support_size=0 support_limit=-1 support_ok=1
[SQP] before_solve iter=7 vars=16 constraints=100 max_d=-1.01793e-05
[QP WORST] iter=7 row=33 type=collision d=-1.01793e-05
[QP WORST COLLISION] scenario=34 k=4 obstacle=0 disc=2
[SQP] after_solve iter=7 converged=1 status=0 iterations=6 primal_residual=4.12864e-16 dual_residual=2.20207e-05 x_size=16 x_finite=1
[SQP LINESEARCH] iter=7 current_violation=0 accepted_violation=0 accepted=1 alpha=1 delta_u_norm=0.111233
[SQP SUPPORT] iter=7 support_size=0 support_limit=-1 support_ok=1
[SQP] before_solve iter=8 vars=16 constraints=100 max_d=-1.00571e-05
[QP WORST] iter=8 row=33 type=collision d=-1.00571e-05
[QP WORST COLLISION] scenario=34 k=4 obstacle=0 disc=2
[SQP] after_solve iter=8 converged=1 status=0 iterations=6 primal_residual=3.64292e-16 dual_residual=2.20888e-05 x_size=16 x_finite=1
[SQP LINESEARCH] iter=8 current_violation=0 accepted_violation=0 accepted=1 alpha=1 delta_u_norm=0.104865
[SQP SUPPORT] iter=8 support_size=0 support_limit=-1 support_ok=1
[SQP] before_solve iter=9 vars=16 constraints=100 max_d=-1.00016e-05
[QP WORST] iter=9 row=33 type=collision d=-1.00016e-05
[QP WORST COLLISION] scenario=34 k=4 obstacle=0 disc=2
[SQP] after_solve iter=9 converged=1 status=0 iterations=6 primal_residual=4.00504e-16 dual_residual=2.21195e-05 x_size=16 x_finite=1
[SQP LINESEARCH] iter=9 current_violation=0 accepted_violation=0 accepted=1 alpha=1 delta_u_norm=0.0990044
[SQP SUPPORT] iter=9 support_size=0 support_limit=-1 support_ok=1
[SQP FINAL] final_violation=0 violated_constraints=0
[SUPPORT FINAL] sqp_union=0 final_active=3 support_limit=-1
[SUPPORT FINAL IDS] 25 27 34
[SUPPORT UNION IDS]
[COLD START RECOVERY CHECK] ordinary_sqp_failed=0 seed_available=1 incompatible=0 try_homotopy=0
[HARNESS RESULT] step=11 success=1 controls=8 first_input_present=1
[MPC STEP METRICS] step=11 applied=1 success=1 fallback=0 a=0.0116084 omega=0.527047 dt=0.1 acceleration_weight=0.1 steering_weight=0.1 control_cost_unweighted=0.277913 control_cost_weighted=0.0277913 mpc_cost=-16.933 solve_time=0.0381519 qp_solve_time=0.0261642 constraint_time=0.00686463 dro_risk_time=0 ambiguity_radius=0 certificate=not_requested
[EVAL SAFETY] step=12 min_center_distance=1.00136 min_clearance=0.0513608 collision_this_step=0 collision_run=0 collision_radius=0.95
[RF BACKUP] available=1 controls=8 states=9
[FREE POLY] k=1 disc=0 raw=40 facets=3 vertices=6 rho=4.8 anchor_shift=0
[FREE POLY] k=1 disc=1 raw=40 facets=0 vertices=4 rho=0.800001 anchor_shift=0
[FREE POLY] k=1 disc=2 raw=40 facets=3 vertices=6 rho=4.8 anchor_shift=0
[FREE POLY] k=2 disc=0 raw=40 facets=2 vertices=5 rho=5.6 anchor_shift=0
[FREE POLY] k=2 disc=1 raw=40 facets=1 vertices=5 rho=1.6 anchor_shift=0
[FREE POLY] k=2 disc=2 raw=40 facets=4 vertices=7 rho=5.6 anchor_shift=0
[FREE POLY] k=3 disc=0 raw=40 facets=3 vertices=6 rho=6.4 anchor_shift=0
[FREE POLY] k=3 disc=1 raw=40 facets=2 vertices=5 rho=2.4 anchor_shift=0
[FREE POLY] k=3 disc=2 raw=40 facets=3 vertices=6 rho=6.4 anchor_shift=0
[FREE POLY] k=4 disc=0 raw=40 facets=3 vertices=6 rho=7.2 anchor_shift=0
[FREE POLY] k=4 disc=1 raw=40 facets=4 vertices=7 rho=3.2 anchor_shift=0
[FREE POLY] k=4 disc=2 raw=40 facets=4 vertices=7 rho=7.2 anchor_shift=0
[FREE POLY] k=5 disc=0 raw=40 facets=4 vertices=7 rho=8 anchor_shift=0
[FREE POLY] k=5 disc=1 raw=40 facets=5 vertices=8 rho=4 anchor_shift=0
[FREE POLY] k=5 disc=2 raw=40 facets=6 vertices=9 rho=8 anchor_shift=0
[FREE POLY] k=6 disc=0 raw=40 facets=4 vertices=7 rho=8.8 anchor_shift=0
[FREE POLY] k=6 disc=1 raw=40 facets=5 vertices=8 rho=4.8 anchor_shift=0
[FREE POLY] k=6 disc=2 raw=40 facets=4 vertices=7 rho=8.8 anchor_shift=0
[FREE POLY] k=7 disc=0 raw=40 facets=5 vertices=8 rho=9.6 anchor_shift=0
[FREE POLY] k=7 disc=1 raw=40 facets=6 vertices=9 rho=5.6 anchor_shift=0
[FREE POLY] k=7 disc=2 raw=40 facets=6 vertices=9 rho=9.6 anchor_shift=0
[FREE POLY] k=8 disc=0 raw=40 facets=5 vertices=8 rho=10.4 anchor_shift=0
[FREE POLY] k=8 disc=1 raw=40 facets=7 vertices=10 rho=6.4 anchor_shift=0
[FREE POLY] k=8 disc=2 raw=40 facets=6 vertices=9 rho=10.4 anchor_shift=0
[RF SUPPORT SEED] removed=0 support_limit=-1
[SQP] before_solve iter=0 vars=16 constraints=127 max_d=-0.0124563
[QP WORST] iter=0 row=5 type=collision d=-0.0124563
[QP WORST COLLISION] scenario=35 k=1 obstacle=0 disc=2
[SQP] after_solve iter=0 converged=1 status=0 iterations=6 primal_residual=4.16334e-16 dual_residual=7.41092e-06 x_size=16 x_finite=1
[SQP LINESEARCH] iter=0 current_violation=0 accepted_violation=0 accepted=1 alpha=0.5 delta_u_norm=0.369531
[SQP SUPPORT] iter=0 support_size=0 support_limit=-1 support_ok=1
[SQP] before_solve iter=1 vars=16 constraints=127 max_d=-0.00623817
[QP WORST] iter=1 row=5 type=collision d=-0.00623817
[QP WORST COLLISION] scenario=35 k=1 obstacle=0 disc=2
[SQP] after_solve iter=1 converged=1 status=0 iterations=6 primal_residual=4.3715e-16 dual_residual=6.64518e-06 x_size=16 x_finite=1
[SQP LINESEARCH] iter=1 current_violation=0 accepted_violation=0 accepted=1 alpha=0.5 delta_u_norm=0.296927
[SQP SUPPORT] iter=1 support_size=0 support_limit=-1 support_ok=1
[SQP] before_solve iter=2 vars=16 constraints=127 max_d=-0.00314733
[QP WORST] iter=2 row=5 type=collision d=-0.00314733
[QP WORST COLLISION] scenario=35 k=1 obstacle=0 disc=2
[SQP] after_solve iter=2 converged=1 status=0 iterations=6 primal_residual=4.30211e-16 dual_residual=3.84849e-06 x_size=16 x_finite=1
[SQP LINESEARCH] iter=2 current_violation=0 accepted_violation=0 accepted=1 alpha=0.5 delta_u_norm=0.209069
[SQP SUPPORT] iter=2 support_size=0 support_limit=-1 support_ok=1
[SQP] before_solve iter=3 vars=16 constraints=127 max_d=-0.00159213
[QP WORST] iter=3 row=5 type=collision d=-0.00159213
[QP WORST COLLISION] scenario=35 k=1 obstacle=0 disc=2
[SQP] after_solve iter=3 converged=1 status=0 iterations=6 primal_residual=4.0766e-16 dual_residual=4.64884e-06 x_size=16 x_finite=1
[SQP LINESEARCH] iter=3 current_violation=0 accepted_violation=0 accepted=1 alpha=0.5 delta_u_norm=0.172003
[SQP SUPPORT] iter=3 support_size=0 support_limit=-1 support_ok=1
[SQP] before_solve iter=4 vars=16 constraints=127 max_d=-0.000815938
[QP WORST] iter=4 row=5 type=collision d=-0.000815938
[QP WORST COLLISION] scenario=35 k=1 obstacle=0 disc=2
[SQP] after_solve iter=4 converged=1 status=0 iterations=6 primal_residual=3.81639e-16 dual_residual=5.32957e-06 x_size=16 x_finite=1
[SQP LINESEARCH] iter=4 current_violation=0 accepted_violation=0 accepted=1 alpha=1 delta_u_norm=0.155968
[SQP SUPPORT] iter=4 support_size=0 support_limit=-1 support_ok=1
[SQP] before_solve iter=5 vars=16 constraints=127 max_d=-1.98501e-05
[QP WORST] iter=5 row=28 type=collision d=-1.98501e-05
[QP WORST COLLISION] scenario=15 k=4 obstacle=0 disc=2
[SQP] after_solve iter=5 converged=1 status=0 iterations=6 primal_residual=3.4521e-16 dual_residual=5.91713e-06 x_size=16 x_finite=1
[SQP LINESEARCH] iter=5 current_violation=0 accepted_violation=0 accepted=1 alpha=1 delta_u_norm=0.140294
[SQP SUPPORT] iter=5 support_size=0 support_limit=-1 support_ok=1
[SQP] before_solve iter=6 vars=16 constraints=127 max_d=-2.13752e-05
[QP WORST] iter=6 row=28 type=collision d=-2.13752e-05
[QP WORST COLLISION] scenario=15 k=4 obstacle=0 disc=2
[SQP] after_solve iter=6 converged=1 status=0 iterations=6 primal_residual=4.16334e-16 dual_residual=5.90655e-06 x_size=16 x_finite=1
[SQP LINESEARCH] iter=6 current_violation=0 accepted_violation=0 accepted=1 alpha=1 delta_u_norm=0.130822
[SQP SUPPORT] iter=6 support_size=0 support_limit=-1 support_ok=1
[SQP] before_solve iter=7 vars=16 constraints=127 max_d=-2.13638e-05
[QP WORST] iter=7 row=28 type=collision d=-2.13638e-05
[QP WORST COLLISION] scenario=15 k=4 obstacle=0 disc=2
[SQP] after_solve iter=7 converged=1 status=0 iterations=6 primal_residual=4.30211e-16 dual_residual=5.90043e-06 x_size=16 x_finite=1
[SQP LINESEARCH] iter=7 current_violation=0 accepted_violation=0 accepted=1 alpha=1 delta_u_norm=0.122736
[SQP SUPPORT] iter=7 support_size=0 support_limit=-1 support_ok=1
[SQP] before_solve iter=8 vars=16 constraints=127 max_d=-2.13634e-05
[QP WORST] iter=8 row=28 type=collision d=-2.13634e-05
[QP WORST COLLISION] scenario=15 k=4 obstacle=0 disc=2
[SQP] after_solve iter=8 converged=1 status=0 iterations=6 primal_residual=4.17635e-16 dual_residual=5.89299e-06 x_size=16 x_finite=1
[SQP LINESEARCH] iter=8 current_violation=0 accepted_violation=0 accepted=1 alpha=1 delta_u_norm=0.115568
[SQP SUPPORT] iter=8 support_size=0 support_limit=-1 support_ok=1
[SQP] before_solve iter=9 vars=16 constraints=127 max_d=-2.13619e-05
[QP WORST] iter=9 row=28 type=collision d=-2.13619e-05
[QP WORST COLLISION] scenario=15 k=4 obstacle=0 disc=2
[SQP] after_solve iter=9 converged=1 status=0 iterations=6 primal_residual=3.64292e-16 dual_residual=5.88374e-06 x_size=16 x_finite=1
[SQP LINESEARCH] iter=9 current_violation=0 accepted_violation=0 accepted=1 alpha=1 delta_u_norm=0.109105
[SQP SUPPORT] iter=9 support_size=0 support_limit=-1 support_ok=1
[SQP FINAL] final_violation=0 violated_constraints=0
[SUPPORT FINAL] sqp_union=0 final_active=3 support_limit=-1
[SUPPORT FINAL IDS] 15 35 38
[SUPPORT UNION IDS]
[COLD START RECOVERY CHECK] ordinary_sqp_failed=0 seed_available=1 incompatible=0 try_homotopy=0
[HARNESS RESULT] step=12 success=1 controls=8 first_input_present=1
[MPC STEP METRICS] step=12 applied=1 success=1 fallback=0 a=0.009459 omega=0.718313 dt=0.1 acceleration_weight=0.1 steering_weight=0.1 control_cost_unweighted=0.516063 control_cost_weighted=0.0516063 mpc_cost=-16.9056 solve_time=0.0414658 qp_solve_time=0.0288919 constraint_time=0.00746507 dro_risk_time=0 ambiguity_radius=0 certificate=not_requested
[EVAL SAFETY] step=13 min_center_distance=0.956819 min_clearance=0.00681914 collision_this_step=0 collision_run=0 collision_radius=0.95
[RF BACKUP] available=1 controls=8 states=9
[FREE POLY] k=1 disc=0 raw=40 facets=4 vertices=7 rho=4.8 anchor_shift=0
[FREE POLY] k=1 disc=1 raw=40 facets=0 vertices=4 rho=0.800001 anchor_shift=0
[FREE POLY] k=1 disc=2 raw=40 facets=6 vertices=9 rho=4.8 anchor_shift=0
[FREE POLY] k=2 disc=0 raw=40 facets=4 vertices=7 rho=5.6 anchor_shift=0
[FREE POLY] k=2 disc=1 raw=40 facets=1 vertices=5 rho=1.6 anchor_shift=0
[FREE POLY] k=2 disc=2 raw=40 facets=5 vertices=8 rho=5.6 anchor_shift=0
[FREE POLY] k=3 disc=0 raw=40 facets=3 vertices=6 rho=6.4 anchor_shift=0
[FREE POLY] k=3 disc=1 raw=40 facets=2 vertices=5 rho=2.4 anchor_shift=0
[FREE POLY] k=3 disc=2 raw=40 facets=4 vertices=7 rho=6.4 anchor_shift=0
[FREE POLY] k=4 disc=0 raw=40 facets=4 vertices=7 rho=7.2 anchor_shift=0
[FREE POLY] k=4 disc=1 raw=40 facets=4 vertices=7 rho=3.2 anchor_shift=0
[FREE POLY] k=4 disc=2 raw=40 facets=5 vertices=8 rho=7.2 anchor_shift=0
[FREE POLY] k=5 disc=0 raw=40 facets=4 vertices=7 rho=8 anchor_shift=0
[FREE POLY] k=5 disc=1 raw=40 facets=3 vertices=6 rho=4 anchor_shift=0
[FREE POLY] k=5 disc=2 raw=40 facets=4 vertices=7 rho=8 anchor_shift=0
[FREE POLY] k=6 disc=0 raw=40 facets=4 vertices=7 rho=8.8 anchor_shift=0
[FREE POLY] k=6 disc=1 raw=40 facets=3 vertices=6 rho=4.8 anchor_shift=0
[FREE POLY] k=6 disc=2 raw=40 facets=4 vertices=7 rho=8.8 anchor_shift=0
[FREE POLY] k=7 disc=0 raw=40 facets=5 vertices=8 rho=9.6 anchor_shift=0
[FREE POLY] k=7 disc=1 raw=40 facets=4 vertices=7 rho=5.6 anchor_shift=0
[FREE POLY] k=7 disc=2 raw=40 facets=6 vertices=9 rho=9.6 anchor_shift=0
[FREE POLY] k=8 disc=0 raw=40 facets=5 vertices=8 rho=10.4 anchor_shift=0
[FREE POLY] k=8 disc=1 raw=40 facets=4 vertices=7 rho=6.4 anchor_shift=0
[FREE POLY] k=8 disc=2 raw=40 facets=6 vertices=9 rho=10.4 anchor_shift=0
[RF SUPPORT SEED] removed=0 support_limit=-1
[SQP] before_solve iter=0 vars=16 constraints=126 max_d=-0.0117546
[QP WORST] iter=0 row=40 type=collision d=-0.0117546
[QP WORST COLLISION] scenario=24 k=4 obstacle=0 disc=2
[SQP] after_solve iter=0 converged=1 status=0 iterations=6 primal_residual=1.80961e-08 dual_residual=2.72585e-05 x_size=16 x_finite=1
[SQP LINESEARCH] iter=0 current_violation=0 accepted_violation=0 accepted=1 alpha=0.5 delta_u_norm=0.378073
[SQP SUPPORT] iter=0 support_size=0 support_limit=-1 support_ok=1
[SQP] before_solve iter=1 vars=16 constraints=126 max_d=-0.00591097
[QP WORST] iter=1 row=40 type=collision d=-0.00591097
[QP WORST COLLISION] scenario=24 k=4 obstacle=0 disc=2
[SQP] after_solve iter=1 converged=1 status=0 iterations=6 primal_residual=1.34322e-08 dual_residual=2.46297e-05 x_size=16 x_finite=1
[SQP LINESEARCH] iter=1 current_violation=0 accepted_violation=0 accepted=1 alpha=0.5 delta_u_norm=0.272825
[SQP SUPPORT] iter=1 support_size=0 support_limit=-1 support_ok=1
[SQP] before_solve iter=2 vars=16 constraints=126 max_d=-0.00300089
[QP WORST] iter=2 row=40 type=collision d=-0.00300089
[QP WORST COLLISION] scenario=24 k=4 obstacle=0 disc=2
[SQP] after_solve iter=2 converged=1 status=0 iterations=6 primal_residual=1.10411e-11 dual_residual=1.62428e-05 x_size=16 x_finite=1
[SQP LINESEARCH] iter=2 current_violation=0 accepted_violation=0 accepted=1 alpha=1 delta_u_norm=0.226778
[SQP SUPPORT] iter=2 support_size=0 support_limit=-1 support_ok=1
[SQP] before_solve iter=3 vars=16 constraints=126 max_d=-2.06729e-06
[QP WORST] iter=3 row=7 type=collision d=-2.06729e-06
[QP WORST COLLISION] scenario=24 k=1 obstacle=0 disc=2
[SQP] after_solve iter=3 converged=1 status=0 iterations=6 primal_residual=3.88578e-16 dual_residual=5.26146e-05 x_size=16 x_finite=1
[SQP LINESEARCH] iter=3 current_violation=0 accepted_violation=0 accepted=1 alpha=1 delta_u_norm=0.18656
[SQP SUPPORT] iter=3 support_size=0 support_limit=-1 support_ok=1
[SQP] before_solve iter=4 vars=16 constraints=126 max_d=-2.18379e-06
[QP WORST] iter=4 row=7 type=collision d=-2.18379e-06
[QP WORST COLLISION] scenario=24 k=1 obstacle=0 disc=2
[SQP] after_solve iter=4 converged=1 status=0 iterations=6 primal_residual=4.71845e-16 dual_residual=5.04311e-05 x_size=16 x_finite=1
[SQP LINESEARCH] iter=4 current_violation=0 accepted_violation=0 accepted=1 alpha=1 delta_u_norm=0.168993
[SQP SUPPORT] iter=4 support_size=0 support_limit=-1 support_ok=1
[SQP] before_solve iter=5 vars=16 constraints=126 max_d=-2.05729e-06
[QP WORST] iter=5 row=7 type=collision d=-2.05729e-06
[QP WORST COLLISION] scenario=24 k=1 obstacle=0 disc=2
[SQP] after_solve iter=5 converged=1 status=0 iterations=6 primal_residual=3.92048e-16 dual_residual=5.0473e-05 x_size=16 x_finite=1
[SQP LINESEARCH] iter=5 current_violation=0 accepted_violation=0 accepted=1 alpha=1 delta_u_norm=0.152141
[SQP SUPPORT] iter=5 support_size=0 support_limit=-1 support_ok=1
[SQP] before_solve iter=6 vars=16 constraints=126 max_d=-2.05507e-06
[QP WORST] iter=6 row=7 type=collision d=-2.05507e-06
[QP WORST COLLISION] scenario=24 k=1 obstacle=0 disc=2
[SQP] after_solve iter=6 converged=1 status=0 iterations=6 primal_residual=3.79037e-16 dual_residual=5.26898e-05 x_size=16 x_finite=1
[SQP LINESEARCH] iter=6 current_violation=0 accepted_violation=0 accepted=1 alpha=1 delta_u_norm=0.130871
[SQP SUPPORT] iter=6 support_size=0 support_limit=-1 support_ok=1
[SQP] before_solve iter=7 vars=16 constraints=126 max_d=-2.17553e-06
[QP WORST] iter=7 row=7 type=collision d=-2.17553e-06
[QP WORST COLLISION] scenario=24 k=1 obstacle=0 disc=2
[SQP] after_solve iter=7 converged=1 status=0 iterations=6 primal_residual=3.36536e-16 dual_residual=5.07292e-05 x_size=16 x_finite=1
[SQP LINESEARCH] iter=7 current_violation=0 accepted_violation=0 accepted=1 alpha=1 delta_u_norm=0.119284
[SQP SUPPORT] iter=7 support_size=0 support_limit=-1 support_ok=1
[SQP] before_solve iter=8 vars=16 constraints=126 max_d=-2.01254e-06
[QP WORST] iter=8 row=7 type=collision d=-2.01254e-06
[QP WORST COLLISION] scenario=24 k=1 obstacle=0 disc=2
[SQP] after_solve iter=8 converged=1 status=0 iterations=6 primal_residual=3.747e-16 dual_residual=5.00217e-05 x_size=16 x_finite=1
[SQP LINESEARCH] iter=8 current_violation=0 accepted_violation=0 accepted=1 alpha=1 delta_u_norm=0.112405
[SQP SUPPORT] iter=8 support_size=0 support_limit=-1 support_ok=1
[SQP] before_solve iter=9 vars=16 constraints=126 max_d=-1.94082e-06
[QP WORST] iter=9 row=7 type=collision d=-1.94082e-06
[QP WORST COLLISION] scenario=24 k=1 obstacle=0 disc=2
[SQP] after_solve iter=9 converged=1 status=0 iterations=6 primal_residual=5.30825e-16 dual_residual=5.00231e-05 x_size=16 x_finite=1
[SQP LINESEARCH] iter=9 current_violation=0 accepted_violation=0 accepted=1 alpha=1 delta_u_norm=0.106181
[SQP SUPPORT] iter=9 support_size=0 support_limit=-1 support_ok=1
[SQP FINAL] final_violation=0 violated_constraints=0
[SUPPORT FINAL] sqp_union=0 final_active=4 support_limit=-1
[SUPPORT FINAL IDS] 15 20 24 39
[SUPPORT UNION IDS]
[COLD START RECOVERY CHECK] ordinary_sqp_failed=0 seed_available=1 incompatible=0 try_homotopy=0
[HARNESS RESULT] step=13 success=1 controls=8 first_input_present=1
[MPC STEP METRICS] step=13 applied=1 success=1 fallback=0 a=0.0888723 omega=0.54171 dt=0.1 acceleration_weight=0.1 steering_weight=0.1 control_cost_unweighted=0.301348 control_cost_weighted=0.0301348 mpc_cost=-16.8588 solve_time=0.0408468 qp_solve_time=0.0286296 constraint_time=0.00706663 dro_risk_time=0 ambiguity_radius=0 certificate=not_requested
[EVAL SAFETY] step=14 min_center_distance=0.953662 min_clearance=0.00366181 collision_this_step=0 collision_run=0 collision_radius=0.95
[RF BACKUP] available=1 controls=8 states=9
[FREE POLY] k=1 disc=0 raw=40 facets=3 vertices=6 rho=4.8 anchor_shift=0
[FREE POLY] k=1 disc=1 raw=40 facets=0 vertices=4 rho=0.800001 anchor_shift=0
[FREE POLY] k=1 disc=2 raw=40 facets=4 vertices=7 rho=4.8 anchor_shift=0
[FREE POLY] k=2 disc=0 raw=40 facets=4 vertices=7 rho=5.6 anchor_shift=0
[FREE POLY] k=2 disc=1 raw=40 facets=3 vertices=7 rho=1.6 anchor_shift=0
[FREE POLY] k=2 disc=2 raw=40 facets=4 vertices=7 rho=5.6 anchor_shift=0
[FREE POLY] k=3 disc=0 raw=40 facets=4 vertices=7 rho=6.4 anchor_shift=0
[FREE POLY] k=3 disc=1 raw=40 facets=3 vertices=6 rho=2.4 anchor_shift=0
[FREE POLY] k=3 disc=2 raw=40 facets=5 vertices=8 rho=6.4 anchor_shift=0
[FREE POLY] k=4 disc=0 raw=40 facets=4 vertices=7 rho=7.2 anchor_shift=0
[FREE POLY] k=4 disc=1 raw=40 facets=4 vertices=7 rho=3.2 anchor_shift=0
[FREE POLY] k=4 disc=2 raw=40 facets=4 vertices=7 rho=7.2 anchor_shift=0
[FREE POLY] k=5 disc=0 raw=40 facets=4 vertices=7 rho=8 anchor_shift=0
[FREE POLY] k=5 disc=1 raw=40 facets=4 vertices=7 rho=4 anchor_shift=0
[FREE POLY] k=5 disc=2 raw=40 facets=5 vertices=8 rho=8 anchor_shift=0
[FREE POLY] k=6 disc=0 raw=40 facets=4 vertices=7 rho=8.8 anchor_shift=0
[FREE POLY] k=6 disc=1 raw=40 facets=3 vertices=6 rho=4.8 anchor_shift=0
[FREE POLY] k=6 disc=2 raw=40 facets=5 vertices=8 rho=8.8 anchor_shift=0
[FREE POLY] k=7 disc=0 raw=40 facets=3 vertices=6 rho=9.6 anchor_shift=0
[FREE POLY] k=7 disc=1 raw=40 facets=3 vertices=6 rho=5.6 anchor_shift=0
[FREE POLY] k=7 disc=2 raw=40 facets=5 vertices=7 rho=9.6 anchor_shift=0
[FREE POLY] k=8 disc=0 raw=40 facets=3 vertices=6 rho=10.4 anchor_shift=0
[FREE POLY] k=8 disc=1 raw=40 facets=3 vertices=6 rho=6.4 anchor_shift=0
[FREE POLY] k=8 disc=2 raw=40 facets=5 vertices=7 rho=10.4 anchor_shift=0
[RF SUPPORT SEED] removed=0 support_limit=-1
[SQP] before_solve iter=0 vars=16 constraints=121 max_d=0.00832093
[QP WORST] iter=0 row=63 type=collision d=0.00832093
[QP WORST COLLISION] scenario=11 k=6 obstacle=0 disc=2
[SQP] after_solve iter=0 converged=1 status=0 iterations=6 primal_residual=2.76639e-09 dual_residual=2.38691e-05 x_size=16 x_finite=1
[SQP LINESEARCH] iter=0 current_violation=0.00832093 accepted_violation=0 accepted=1 alpha=1 delta_u_norm=0.264191
[SQP SUPPORT] iter=0 support_size=0 support_limit=-1 support_ok=1
[SQP] before_solve iter=1 vars=16 constraints=121 max_d=-4.3821e-06
[QP WORST] iter=1 row=6 type=collision d=-4.3821e-06
[QP WORST COLLISION] scenario=35 k=1 obstacle=0 disc=2
[SQP] after_solve iter=1 converged=1 status=0 iterations=5 primal_residual=4.41704e-16 dual_residual=8.82123e-05 x_size=16 x_finite=1
[SQP LINESEARCH] iter=1 current_violation=0 accepted_violation=0 accepted=1 alpha=1 delta_u_norm=0.173315
[SQP SUPPORT] iter=1 support_size=0 support_limit=-1 support_ok=1
[SQP] before_solve iter=2 vars=16 constraints=121 max_d=-0.000226553
[QP WORST] iter=2 row=29 type=collision d=-0.000226553
[QP WORST COLLISION] scenario=36 k=3 obstacle=0 disc=2
[SQP] after_solve iter=2 converged=1 status=0 iterations=5 primal_residual=4.3715e-16 dual_residual=8.80571e-05 x_size=16 x_finite=1
[SQP LINESEARCH] iter=2 current_violation=0 accepted_violation=0 accepted=1 alpha=1 delta_u_norm=0.156263
[SQP SUPPORT] iter=2 support_size=0 support_limit=-1 support_ok=1
[SQP] before_solve iter=3 vars=16 constraints=121 max_d=-0.000224187
[QP WORST] iter=3 row=29 type=collision d=-0.000224187
[QP WORST COLLISION] scenario=36 k=3 obstacle=0 disc=2
[SQP] after_solve iter=3 converged=1 status=0 iterations=5 primal_residual=4.32814e-16 dual_residual=8.809e-05 x_size=16 x_finite=1
[SQP LINESEARCH] iter=3 current_violation=0 accepted_violation=0 accepted=1 alpha=1 delta_u_norm=0.145253
[SQP SUPPORT] iter=3 support_size=0 support_limit=-1 support_ok=1
[SQP] before_solve iter=4 vars=16 constraints=121 max_d=-0.00022336
[QP WORST] iter=4 row=29 type=collision d=-0.00022336
[QP WORST COLLISION] scenario=36 k=3 obstacle=0 disc=2
[SQP] after_solve iter=4 converged=1 status=0 iterations=5 primal_residual=4.44089e-16 dual_residual=8.81066e-05 x_size=16 x_finite=1
[SQP LINESEARCH] iter=4 current_violation=0 accepted_violation=0 accepted=1 alpha=1 delta_u_norm=0.135827
[SQP SUPPORT] iter=4 support_size=0 support_limit=-1 support_ok=1
[SQP] before_solve iter=5 vars=16 constraints=121 max_d=-0.000222587
[QP WORST] iter=5 row=29 type=collision d=-0.000222587
[QP WORST COLLISION] scenario=36 k=3 obstacle=0 disc=2
[SQP] after_solve iter=5 converged=1 status=0 iterations=5 primal_residual=4.27176e-16 dual_residual=8.81053e-05 x_size=16 x_finite=1
[SQP LINESEARCH] iter=5 current_violation=0 accepted_violation=0 accepted=1 alpha=1 delta_u_norm=0.127405
[SQP SUPPORT] iter=5 support_size=0 support_limit=-1 support_ok=1
[SQP] before_solve iter=6 vars=16 constraints=121 max_d=-0.000221972
[QP WORST] iter=6 row=29 type=collision d=-0.000221972
[QP WORST COLLISION] scenario=36 k=3 obstacle=0 disc=2
[SQP] after_solve iter=6 converged=1 status=0 iterations=5 primal_residual=3.98986e-16 dual_residual=8.81025e-05 x_size=16 x_finite=1
[SQP LINESEARCH] iter=6 current_violation=0 accepted_violation=0 accepted=1 alpha=1 delta_u_norm=0.119788
[SQP SUPPORT] iter=6 support_size=0 support_limit=-1 support_ok=1
[SQP] before_solve iter=7 vars=16 constraints=121 max_d=-0.000221501
[QP WORST] iter=7 row=29 type=collision d=-0.000221501
[QP WORST COLLISION] scenario=36 k=3 obstacle=0 disc=2
[SQP] after_solve iter=7 converged=1 status=0 iterations=5 primal_residual=4.16334e-16 dual_residual=8.81027e-05 x_size=16 x_finite=1
[SQP LINESEARCH] iter=7 current_violation=0 accepted_violation=0 accepted=1 alpha=1 delta_u_norm=0.112848
[SQP SUPPORT] iter=7 support_size=0 support_limit=-1 support_ok=1
[SQP] before_solve iter=8 vars=16 constraints=121 max_d=-0.000221156
[QP WORST] iter=8 row=29 type=collision d=-0.000221156
[QP WORST COLLISION] scenario=36 k=3 obstacle=0 disc=2
[SQP] after_solve iter=8 converged=1 status=0 iterations=5 primal_residual=4.12864e-16 dual_residual=8.8105e-05 x_size=16 x_finite=1
[SQP LINESEARCH] iter=8 current_violation=0 accepted_violation=0 accepted=1 alpha=1 delta_u_norm=0.10649
[SQP SUPPORT] iter=8 support_size=0 support_limit=-1 support_ok=1
[SQP] before_solve iter=9 vars=16 constraints=121 max_d=-0.000220914
[QP WORST] iter=9 row=29 type=collision d=-0.000220914
[QP WORST COLLISION] scenario=36 k=3 obstacle=0 disc=2
[SQP] after_solve iter=9 converged=1 status=0 iterations=5 primal_residual=4.26742e-16 dual_residual=8.81083e-05 x_size=16 x_finite=1
[SQP LINESEARCH] iter=9 current_violation=0 accepted_violation=0 accepted=1 alpha=1 delta_u_norm=0.100639
[SQP SUPPORT] iter=9 support_size=0 support_limit=-1 support_ok=1
[SQP FINAL] final_violation=0 violated_constraints=0
[SUPPORT FINAL] sqp_union=0 final_active=5 support_limit=-1
[SUPPORT FINAL IDS] 9 11 30 35 36
[SUPPORT UNION IDS]
[COLD START RECOVERY CHECK] ordinary_sqp_failed=0 seed_available=1 incompatible=0 try_homotopy=0
[HARNESS RESULT] step=14 success=1 controls=8 first_input_present=1
[MPC STEP METRICS] step=14 applied=1 success=1 fallback=0 a=0.0827332 omega=0.270317 dt=0.1 acceleration_weight=0.1 steering_weight=0.1 control_cost_unweighted=0.0799159 control_cost_weighted=0.00799159 mpc_cost=-16.8073 solve_time=0.047984 qp_solve_time=0.0351209 constraint_time=0.00714456 dro_risk_time=0 ambiguity_radius=0 certificate=not_requested
[EVAL SAFETY] step=15 min_center_distance=0.955323 min_clearance=0.00532256 collision_this_step=0 collision_run=0 collision_radius=0.95
[RF BACKUP] available=1 controls=8 states=9
[FREE POLY] k=1 disc=0 raw=40 facets=3 vertices=6 rho=4.8 anchor_shift=0
[FREE POLY] k=1 disc=1 raw=40 facets=0 vertices=4 rho=0.800001 anchor_shift=0
[FREE POLY] k=1 disc=2 raw=40 facets=5 vertices=8 rho=4.8 anchor_shift=0
[FREE POLY] k=2 disc=0 raw=40 facets=3 vertices=6 rho=5.6 anchor_shift=0
[FREE POLY] k=2 disc=1 raw=40 facets=2 vertices=6 rho=1.6 anchor_shift=0
[FREE POLY] k=2 disc=2 raw=40 facets=4 vertices=7 rho=5.6 anchor_shift=0
[FREE POLY] k=3 disc=0 raw=40 facets=2 vertices=5 rho=6.4 anchor_shift=0
[FREE POLY] k=3 disc=1 raw=40 facets=2 vertices=5 rho=2.4 anchor_shift=0
[FREE POLY] k=3 disc=2 raw=40 facets=4 vertices=7 rho=6.4 anchor_shift=0
[FREE POLY] k=4 disc=0 raw=40 facets=2 vertices=5 rho=7.2 anchor_shift=0
[FREE POLY] k=4 disc=1 raw=40 facets=2 vertices=5 rho=3.2 anchor_shift=0
[FREE POLY] k=4 disc=2 raw=40 facets=3 vertices=6 rho=7.2 anchor_shift=0
[FREE POLY] k=5 disc=0 raw=40 facets=3 vertices=6 rho=8 anchor_shift=0
[FREE POLY] k=5 disc=1 raw=40 facets=3 vertices=6 rho=4 anchor_shift=0
[FREE POLY] k=5 disc=2 raw=40 facets=3 vertices=6 rho=8 anchor_shift=0
[FREE POLY] k=6 disc=0 raw=40 facets=3 vertices=6 rho=8.8 anchor_shift=0
[FREE POLY] k=6 disc=1 raw=40 facets=2 vertices=5 rho=4.8 anchor_shift=0
[FREE POLY] k=6 disc=2 raw=40 facets=3 vertices=5 rho=8.8 anchor_shift=0
[FREE POLY] k=7 disc=0 raw=40 facets=3 vertices=6 rho=9.6 anchor_shift=0
[FREE POLY] k=7 disc=1 raw=40 facets=2 vertices=5 rho=5.6 anchor_shift=0
[FREE POLY] k=7 disc=2 raw=40 facets=3 vertices=6 rho=9.6 anchor_shift=0
[FREE POLY] k=8 disc=0 raw=40 facets=3 vertices=6 rho=10.4 anchor_shift=0
[FREE POLY] k=8 disc=1 raw=40 facets=2 vertices=5 rho=6.4 anchor_shift=0
[FREE POLY] k=8 disc=2 raw=40 facets=4 vertices=7 rho=10.4 anchor_shift=0
[RF SUPPORT SEED] removed=0 support_limit=-1
[SQP] before_solve iter=0 vars=16 constraints=98 max_d=-0.00335586
[QP WORST] iter=0 row=47 type=collision d=-0.00335586
[QP WORST COLLISION] scenario=17 k=6 obstacle=0 disc=2
[SQP] after_solve iter=0 converged=1 status=0 iterations=5 primal_residual=1.11658e-08 dual_residual=6.88418e-05 x_size=16 x_finite=1
[SQP LINESEARCH] iter=0 current_violation=0 accepted_violation=0 accepted=1 alpha=1 delta_u_norm=0.264789
[SQP SUPPORT] iter=0 support_size=0 support_limit=-1 support_ok=1
[SQP] before_solve iter=1 vars=16 constraints=98 max_d=-2.40332e-06
[QP WORST] iter=1 row=5 type=collision d=-2.40332e-06
[QP WORST COLLISION] scenario=26 k=1 obstacle=0 disc=2
[SQP] after_solve iter=1 converged=1 status=0 iterations=5 primal_residual=3.747e-16 dual_residual=8.68231e-05 x_size=16 x_finite=1
[SQP LINESEARCH] iter=1 current_violation=0 accepted_violation=0 accepted=1 alpha=1 delta_u_norm=0.175816
[SQP SUPPORT] iter=1 support_size=0 support_limit=-1 support_ok=1
[SQP] before_solve iter=2 vars=16 constraints=98 max_d=-4.10639e-06
[QP WORST] iter=2 row=5 type=collision d=-4.10639e-06
[QP WORST COLLISION] scenario=26 k=1 obstacle=0 disc=2
[SQP] after_solve iter=2 converged=1 status=0 iterations=5 primal_residual=3.03577e-16 dual_residual=7.45354e-05 x_size=16 x_finite=1
[SQP LINESEARCH] iter=2 current_violation=0 accepted_violation=0 accepted=1 alpha=1 delta_u_norm=0.158658
[SQP SUPPORT] iter=2 support_size=0 support_limit=-1 support_ok=1
[SQP] before_solve iter=3 vars=16 constraints=98 max_d=-6.45592e-06
[QP WORST] iter=3 row=5 type=collision d=-6.45592e-06
[QP WORST COLLISION] scenario=26 k=1 obstacle=0 disc=2
[SQP] after_solve iter=3 converged=1 status=0 iterations=5 primal_residual=4.63171e-16 dual_residual=8.50197e-05 x_size=16 x_finite=1
[SQP LINESEARCH] iter=3 current_violation=0 accepted_violation=0 accepted=1 alpha=1 delta_u_norm=0.147043
[SQP SUPPORT] iter=3 support_size=0 support_limit=-1 support_ok=1
[SQP] before_solve iter=4 vars=16 constraints=98 max_d=-4.18321e-06
[QP WORST] iter=4 row=5 type=collision d=-4.18321e-06
[QP WORST COLLISION] scenario=26 k=1 obstacle=0 disc=2
[SQP] after_solve iter=4 converged=1 status=0 iterations=5 primal_residual=4.49293e-16 dual_residual=8.3295e-05 x_size=16 x_finite=1
[SQP LINESEARCH] iter=4 current_violation=0 accepted_violation=0 accepted=1 alpha=1 delta_u_norm=0.137573
[SQP SUPPORT] iter=4 support_size=0 support_limit=-1 support_ok=1
[SQP] before_solve iter=5 vars=16 constraints=98 max_d=-4.11084e-06
[QP WORST] iter=5 row=5 type=collision d=-4.11084e-06
[QP WORST COLLISION] scenario=26 k=1 obstacle=0 disc=2
[SQP] after_solve iter=5 converged=1 status=0 iterations=5 primal_residual=3.23526e-16 dual_residual=8.23209e-05 x_size=16 x_finite=1
[SQP LINESEARCH] iter=5 current_violation=0 accepted_violation=0 accepted=1 alpha=1 delta_u_norm=0.129337
[SQP SUPPORT] iter=5 support_size=0 support_limit=-1 support_ok=1
[SQP] before_solve iter=6 vars=16 constraints=98 max_d=-4.0924e-06
[QP WORST] iter=6 row=5 type=collision d=-4.0924e-06
[QP WORST COLLISION] scenario=26 k=1 obstacle=0 disc=2
[SQP] after_solve iter=6 converged=1 status=0 iterations=5 primal_residual=1.79256e-08 dual_residual=6.98606e-05 x_size=16 x_finite=1
[SQP LINESEARCH] iter=6 current_violation=0 accepted_violation=0 accepted=1 alpha=1 delta_u_norm=0.122202
[SQP SUPPORT] iter=6 support_size=0 support_limit=-1 support_ok=1
[SQP] before_solve iter=7 vars=16 constraints=98 max_d=-5.91727e-06
[QP WORST] iter=7 row=5 type=collision d=-5.91727e-06
[QP WORST COLLISION] scenario=26 k=1 obstacle=0 disc=2
[SQP] after_solve iter=7 converged=1 status=0 iterations=5 primal_residual=2.40677e-10 dual_residual=7.17174e-05 x_size=16 x_finite=1
[SQP LINESEARCH] iter=7 current_violation=0 accepted_violation=0 accepted=1 alpha=1 delta_u_norm=0.115532
[SQP SUPPORT] iter=7 support_size=0 support_limit=-1 support_ok=1
[SQP] before_solve iter=8 vars=16 constraints=98 max_d=-5.36731e-06
[QP WORST] iter=8 row=38 type=collision d=-5.36731e-06
[QP WORST COLLISION] scenario=17 k=5 obstacle=0 disc=2
[SQP] after_solve iter=8 converged=1 status=0 iterations=5 primal_residual=2.86088e-09 dual_residual=5.8944e-05 x_size=16 x_finite=1
[SQP LINESEARCH] iter=8 current_violation=0 accepted_violation=0 accepted=1 alpha=1 delta_u_norm=0.109473
[SQP SUPPORT] iter=8 support_size=0 support_limit=-1 support_ok=1
[SQP] before_solve iter=9 vars=16 constraints=98 max_d=-4.84727e-06
[QP WORST] iter=9 row=5 type=collision d=-4.84727e-06
[QP WORST COLLISION] scenario=26 k=1 obstacle=0 disc=2
[SQP] after_solve iter=9 converged=1 status=0 iterations=5 primal_residual=3.22794e-08 dual_residual=6.62733e-05 x_size=16 x_finite=1
[SQP LINESEARCH] iter=9 current_violation=0 accepted_violation=0 accepted=1 alpha=1 delta_u_norm=0.103835
[SQP SUPPORT] iter=9 support_size=0 support_limit=-1 support_ok=1
[SQP FINAL] final_violation=0 violated_constraints=0
[SUPPORT FINAL] sqp_union=0 final_active=4 support_limit=-1
[SUPPORT FINAL IDS] 17 26 31 37
[SUPPORT UNION IDS]
[COLD START RECOVERY CHECK] ordinary_sqp_failed=0 seed_available=1 incompatible=0 try_homotopy=0
[HARNESS RESULT] step=15 success=1 controls=8 first_input_present=1
[MPC STEP METRICS] step=15 applied=1 success=1 fallback=0 a=0.0403046 omega=0.0463486 dt=0.1 acceleration_weight=0.1 steering_weight=0.1 control_cost_unweighted=0.00377265 control_cost_weighted=0.000377265 mpc_cost=-16.8028 solve_time=0.0387689 qp_solve_time=0.0246553 constraint_time=0.0071346 dro_risk_time=0 ambiguity_radius=0 certificate=not_requested
[EVAL SAFETY] step=16 min_center_distance=0.954614 min_clearance=0.00461366 collision_this_step=0 collision_run=0 collision_radius=0.95
[RF BACKUP] available=1 controls=8 states=9
[FREE POLY] k=1 disc=0 raw=40 facets=3 vertices=6 rho=4.8 anchor_shift=0
[FREE POLY] k=1 disc=1 raw=40 facets=0 vertices=4 rho=0.800001 anchor_shift=0
[FREE POLY] k=1 disc=2 raw=40 facets=4 vertices=7 rho=4.8 anchor_shift=0
[FREE POLY] k=2 disc=0 raw=40 facets=4 vertices=7 rho=5.6 anchor_shift=0
[FREE POLY] k=2 disc=1 raw=40 facets=3 vertices=6 rho=1.6 anchor_shift=0
[FREE POLY] k=2 disc=2 raw=40 facets=4 vertices=7 rho=5.6 anchor_shift=0
[FREE POLY] k=3 disc=0 raw=40 facets=3 vertices=6 rho=6.4 anchor_shift=0
[FREE POLY] k=3 disc=1 raw=40 facets=3 vertices=6 rho=2.4 anchor_shift=0
[FREE POLY] k=3 disc=2 raw=40 facets=6 vertices=9 rho=6.4 anchor_shift=0
[FREE POLY] k=4 disc=0 raw=40 facets=4 vertices=7 rho=7.2 anchor_shift=0
[FREE POLY] k=4 disc=1 raw=40 facets=5 vertices=8 rho=3.2 anchor_shift=0
[FREE POLY] k=4 disc=2 raw=40 facets=5 vertices=8 rho=7.2 anchor_shift=0
[FREE POLY] k=5 disc=0 raw=40 facets=4 vertices=7 rho=8 anchor_shift=0
[FREE POLY] k=5 disc=1 raw=40 facets=4 vertices=7 rho=4 anchor_shift=0
[FREE POLY] k=5 disc=2 raw=40 facets=4 vertices=6 rho=8 anchor_shift=0
[FREE POLY] k=6 disc=0 raw=40 facets=4 vertices=7 rho=8.8 anchor_shift=0
[FREE POLY] k=6 disc=1 raw=40 facets=4 vertices=7 rho=4.8 anchor_shift=0
[FREE POLY] k=6 disc=2 raw=40 facets=4 vertices=7 rho=8.8 anchor_shift=0
[FREE POLY] k=7 disc=0 raw=40 facets=4 vertices=7 rho=9.6 anchor_shift=0
[FREE POLY] k=7 disc=1 raw=40 facets=4 vertices=7 rho=5.6 anchor_shift=0
[FREE POLY] k=7 disc=2 raw=40 facets=4 vertices=7 rho=9.6 anchor_shift=0
[FREE POLY] k=8 disc=0 raw=40 facets=3 vertices=6 rho=10.4 anchor_shift=0
[FREE POLY] k=8 disc=1 raw=40 facets=3 vertices=5 rho=6.4 anchor_shift=0
[FREE POLY] k=8 disc=2 raw=40 facets=4 vertices=7 rho=10.4 anchor_shift=0
[RF SUPPORT SEED] removed=0 support_limit=-1
[SQP] before_solve iter=0 vars=16 constraints=122 max_d=0.0539856
[QP WORST] iter=0 row=84 type=collision d=0.0539856
[QP WORST COLLISION] scenario=31 k=8 obstacle=0 disc=1
[SQP] after_solve iter=0 converged=1 status=0 iterations=6 primal_residual=3.88578e-16 dual_residual=2.146e-05 x_size=16 x_finite=1
[SQP LINESEARCH] iter=0 current_violation=0.0539856 accepted_violation=0 accepted=1 alpha=1 delta_u_norm=0.630808
[SQP SUPPORT] iter=0 support_size=0 support_limit=-1 support_ok=1
[SQP] before_solve iter=1 vars=16 constraints=122 max_d=-8.30659e-05
[QP WORST] iter=1 row=14 type=collision d=-8.30659e-05
[QP WORST COLLISION] scenario=0 k=2 obstacle=0 disc=2
[SQP] after_solve iter=1 converged=1 status=0 iterations=6 primal_residual=1.28782e-08 dual_residual=1.88181e-05 x_size=16 x_finite=1
[SQP LINESEARCH] iter=1 current_violation=0 accepted_violation=0 accepted=1 alpha=1 delta_u_norm=0.267622
[SQP SUPPORT] iter=1 support_size=0 support_limit=-1 support_ok=1
[SQP] before_solve iter=2 vars=16 constraints=122 max_d=-3.8365e-05
[QP WORST] iter=2 row=84 type=collision d=-3.8365e-05
[QP WORST COLLISION] scenario=31 k=8 obstacle=0 disc=1
[SQP] after_solve iter=2 converged=1 status=0 iterations=5 primal_residual=4.30211e-16 dual_residual=6.86765e-05 x_size=16 x_finite=1
[SQP LINESEARCH] iter=2 current_violation=0 accepted_violation=0 accepted=1 alpha=1 delta_u_norm=0.203642
[SQP SUPPORT] iter=2 support_size=0 support_limit=-1 support_ok=1
[SQP] before_solve iter=3 vars=16 constraints=122 max_d=-3.06169e-05
[QP WORST] iter=3 row=84 type=collision d=-3.06169e-05
[QP WORST COLLISION] scenario=31 k=8 obstacle=0 disc=1
[SQP] after_solve iter=3 converged=1 status=0 iterations=5 primal_residual=2.15509e-08 dual_residual=7.45495e-05 x_size=16 x_finite=1
[SQP LINESEARCH] iter=3 current_violation=0 accepted_violation=0 accepted=1 alpha=0.5 delta_u_norm=0.159376
[SQP SUPPORT] iter=3 support_size=0 support_limit=-1 support_ok=1
[SQP] before_solve iter=4 vars=16 constraints=122 max_d=-2.82988e-05
[QP WORST] iter=4 row=84 type=collision d=-2.82988e-05
[QP WORST COLLISION] scenario=31 k=8 obstacle=0 disc=1
[SQP] after_solve iter=4 converged=1 status=0 iterations=5 primal_residual=3.80802e-09 dual_residual=7.51776e-05 x_size=16 x_finite=1
[SQP LINESEARCH] iter=4 current_violation=0 accepted_violation=0 accepted=1 alpha=0.5 delta_u_norm=0.149799
[SQP SUPPORT] iter=4 support_size=0 support_limit=-1 support_ok=1
[SQP] before_solve iter=5 vars=16 constraints=122 max_d=-2.69011e-05
[QP WORST] iter=5 row=84 type=collision d=-2.69011e-05
[QP WORST COLLISION] scenario=31 k=8 obstacle=0 disc=1
[SQP] after_solve iter=5 converged=1 status=0 iterations=5 primal_residual=3.95517e-16 dual_residual=7.52829e-05 x_size=16 x_finite=1
[SQP LINESEARCH] iter=5 current_violation=0 accepted_violation=0 accepted=1 alpha=1 delta_u_norm=0.141925
[SQP SUPPORT] iter=5 support_size=0 support_limit=-1 support_ok=1
[SQP] before_solve iter=6 vars=16 constraints=122 max_d=-9.10926e-06
[QP WORST] iter=6 row=42 type=collision d=-9.10926e-06
[QP WORST COLLISION] scenario=21 k=4 obstacle=0 disc=2
[SQP] after_solve iter=6 converged=1 status=0 iterations=5 primal_residual=4.13732e-16 dual_residual=7.49929e-05 x_size=16 x_finite=1
[SQP LINESEARCH] iter=6 current_violation=0 accepted_violation=0 accepted=1 alpha=1 delta_u_norm=0.12889
[SQP SUPPORT] iter=6 support_size=0 support_limit=-1 support_ok=1
[SQP] before_solve iter=7 vars=16 constraints=122 max_d=-2.43193e-05
[QP WORST] iter=7 row=42 type=collision d=-2.43193e-05
[QP WORST COLLISION] scenario=21 k=4 obstacle=0 disc=2
[SQP] after_solve iter=7 converged=1 status=0 iterations=5 primal_residual=4.11997e-16 dual_residual=7.74584e-05 x_size=16 x_finite=1
[SQP LINESEARCH] iter=7 current_violation=0 accepted_violation=0 accepted=1 alpha=1 delta_u_norm=0.118986
[SQP SUPPORT] iter=7 support_size=0 support_limit=-1 support_ok=1
[SQP] before_solve iter=8 vars=16 constraints=122 max_d=-2.63492e-05
[QP WORST] iter=8 row=84 type=collision d=-2.63492e-05
[QP WORST COLLISION] scenario=31 k=8 obstacle=0 disc=1
[SQP] after_solve iter=8 converged=1 status=0 iterations=5 primal_residual=4.34115e-16 dual_residual=8.01439e-05 x_size=16 x_finite=1
[SQP LINESEARCH] iter=8 current_violation=0 accepted_violation=0 accepted=1 alpha=1 delta_u_norm=0.111008
[SQP SUPPORT] iter=8 support_size=0 support_limit=-1 support_ok=1
[SQP] before_solve iter=9 vars=16 constraints=122 max_d=-2.70733e-05
[QP WORST] iter=9 row=84 type=collision d=-2.70733e-05
[QP WORST COLLISION] scenario=31 k=8 obstacle=0 disc=1
[SQP] after_solve iter=9 converged=1 status=0 iterations=5 primal_residual=4.11997e-16 dual_residual=8.19621e-05 x_size=16 x_finite=1
[SQP LINESEARCH] iter=9 current_violation=0 accepted_violation=0 accepted=1 alpha=1 delta_u_norm=0.104315
[SQP SUPPORT] iter=9 support_size=0 support_limit=-1 support_ok=1
[SQP FINAL] final_violation=0 violated_constraints=0
[SUPPORT FINAL] sqp_union=0 final_active=5 support_limit=-1
[SUPPORT FINAL IDS] 0 11 13 21 31
[SUPPORT UNION IDS]
[COLD START RECOVERY CHECK] ordinary_sqp_failed=0 seed_available=1 incompatible=0 try_homotopy=0
[HARNESS RESULT] step=16 success=1 controls=8 first_input_present=1
[MPC STEP METRICS] step=16 applied=1 success=1 fallback=0 a=-0.643604 omega=-0.127652 dt=0.1 acceleration_weight=0.1 steering_weight=0.1 control_cost_unweighted=0.430521 control_cost_weighted=0.0430521 mpc_cost=-16.7943 solve_time=0.0393548 qp_solve_time=0.0269507 constraint_time=0.00727275 dro_risk_time=0 ambiguity_radius=0 certificate=not_requested
[EVAL SAFETY] step=17 min_center_distance=0.953084 min_clearance=0.00308355 collision_this_step=0 collision_run=0 collision_radius=0.95
[RF BACKUP] available=1 controls=8 states=9
[FREE POLY] k=1 disc=0 raw=40 facets=3 vertices=6 rho=4.8 anchor_shift=0
[FREE POLY] k=1 disc=1 raw=40 facets=1 vertices=5 rho=0.800001 anchor_shift=0
[FREE POLY] k=1 disc=2 raw=40 facets=5 vertices=8 rho=4.8 anchor_shift=0
[FREE POLY] k=2 disc=0 raw=40 facets=4 vertices=7 rho=5.6 anchor_shift=0
[FREE POLY] k=2 disc=1 raw=40 facets=2 vertices=5 rho=1.6 anchor_shift=0
[FREE POLY] k=2 disc=2 raw=40 facets=5 vertices=8 rho=5.6 anchor_shift=0
[FREE POLY] k=3 disc=0 raw=40 facets=4 vertices=7 rho=6.4 anchor_shift=0
[FREE POLY] k=3 disc=1 raw=40 facets=3 vertices=6 rho=2.4 anchor_shift=0
[FREE POLY] k=3 disc=2 raw=40 facets=4 vertices=7 rho=6.4 anchor_shift=0
[FREE POLY] k=4 disc=0 raw=40 facets=4 vertices=7 rho=7.2 anchor_shift=0
[FREE POLY] k=4 disc=1 raw=40 facets=4 vertices=7 rho=3.2 anchor_shift=0
[FREE POLY] k=4 disc=2 raw=40 facets=5 vertices=7 rho=7.2 anchor_shift=0
[FREE POLY] k=5 disc=0 raw=40 facets=5 vertices=8 rho=8 anchor_shift=0
[FREE POLY] k=5 disc=1 raw=40 facets=4 vertices=7 rho=4 anchor_shift=0
[FREE POLY] k=5 disc=2 raw=40 facets=3 vertices=6 rho=8 anchor_shift=0
[FREE POLY] k=6 disc=0 raw=40 facets=4 vertices=7 rho=8.8 anchor_shift=0
[FREE POLY] k=6 disc=1 raw=40 facets=4 vertices=7 rho=4.8 anchor_shift=0
[FREE POLY] k=6 disc=2 raw=40 facets=3 vertices=6 rho=8.8 anchor_shift=0
[FREE POLY] k=7 disc=0 raw=40 facets=4 vertices=7 rho=9.6 anchor_shift=0
[FREE POLY] k=7 disc=1 raw=40 facets=4 vertices=6 rho=5.6 anchor_shift=0
[FREE POLY] k=7 disc=2 raw=40 facets=3 vertices=6 rho=9.6 anchor_shift=0
[FREE POLY] k=8 disc=0 raw=40 facets=4 vertices=7 rho=10.4 anchor_shift=0
[FREE POLY] k=8 disc=1 raw=40 facets=6 vertices=8 rho=6.4 anchor_shift=0
[FREE POLY] k=8 disc=2 raw=40 facets=4 vertices=7 rho=10.4 anchor_shift=0
[RF SUPPORT SEED] removed=0 support_limit=-1
[SQP] before_solve iter=0 vars=16 constraints=124 max_d=0.108819
[QP WORST] iter=0 row=83 type=collision d=0.108819
[QP WORST COLLISION] scenario=12 k=8 obstacle=0 disc=1
[SQP] after_solve iter=0 converged=1 status=0 iterations=5 primal_residual=1.61233e-08 dual_residual=5.05805e-05 x_size=16 x_finite=1
[SQP LINESEARCH] iter=0 current_violation=0.108819 accepted_violation=0 accepted=1 alpha=1 delta_u_norm=0.727233
[SQP SUPPORT] iter=0 support_size=0 support_limit=-1 support_ok=1
[SQP] before_solve iter=1 vars=16 constraints=124 max_d=-0.00260359
[QP WORST] iter=1 row=83 type=collision d=-0.00260359
[QP WORST COLLISION] scenario=12 k=8 obstacle=0 disc=1
[SQP] after_solve iter=1 converged=1 status=0 iterations=5 primal_residual=5.64969e-08 dual_residual=6.78903e-05 x_size=16 x_finite=1
[SQP LINESEARCH] iter=1 current_violation=0 accepted_violation=0 accepted=1 alpha=1 delta_u_norm=0.280209
[SQP SUPPORT] iter=1 support_size=0 support_limit=-1 support_ok=1
[SQP] before_solve iter=2 vars=16 constraints=124 max_d=-1.29825e-06
[QP WORST] iter=2 row=7 type=collision d=-1.29825e-06
[QP WORST COLLISION] scenario=12 k=1 obstacle=0 disc=2
[SQP] after_solve iter=2 converged=1 status=0 iterations=5 primal_residual=5.02191e-08 dual_residual=9.32825e-05 x_size=16 x_finite=1
[SQP LINESEARCH] iter=2 current_violation=0 accepted_violation=0 accepted=1 alpha=1 delta_u_norm=0.20958
[SQP SUPPORT] iter=2 support_size=0 support_limit=-1 support_ok=1
[SQP] before_solve iter=3 vars=16 constraints=124 max_d=-3.30824e-06
[QP WORST] iter=3 row=7 type=collision d=-3.30824e-06
[QP WORST COLLISION] scenario=12 k=1 obstacle=0 disc=2
[SQP] after_solve iter=3 converged=1 status=0 iterations=5 primal_residual=4.54409e-08 dual_residual=9.6073e-05 x_size=16 x_finite=1
[SQP LINESEARCH] iter=3 current_violation=0 accepted_violation=0 accepted=1 alpha=1 delta_u_norm=0.180454
[SQP SUPPORT] iter=3 support_size=0 support_limit=-1 support_ok=1
[SQP] before_solve iter=4 vars=16 constraints=124 max_d=-3.99185e-06
[QP WORST] iter=4 row=7 type=collision d=-3.99185e-06
[QP WORST COLLISION] scenario=12 k=1 obstacle=0 disc=2
[SQP] after_solve iter=4 converged=1 status=0 iterations=5 primal_residual=4.26265e-08 dual_residual=9.3786e-05 x_size=16 x_finite=1
[SQP LINESEARCH] iter=4 current_violation=0 accepted_violation=0 accepted=1 alpha=1 delta_u_norm=0.160217
[SQP SUPPORT] iter=4 support_size=0 support_limit=-1 support_ok=1
[SQP] before_solve iter=5 vars=16 constraints=124 max_d=-3.63051e-06
[QP WORST] iter=5 row=7 type=collision d=-3.63051e-06
[QP WORST COLLISION] scenario=12 k=1 obstacle=0 disc=2
[SQP] after_solve iter=5 converged=1 status=0 iterations=5 primal_residual=3.96399e-08 dual_residual=8.96741e-05 x_size=16 x_finite=1
[SQP LINESEARCH] iter=5 current_violation=0 accepted_violation=0 accepted=1 alpha=1 delta_u_norm=0.144711
[SQP SUPPORT] iter=5 support_size=0 support_limit=-1 support_ok=1
[SQP] before_solve iter=6 vars=16 constraints=124 max_d=-3.16363e-06
[QP WORST] iter=6 row=7 type=collision d=-3.16363e-06
[QP WORST COLLISION] scenario=12 k=1 obstacle=0 disc=2
[SQP] after_solve iter=6 converged=1 status=0 iterations=5 primal_residual=3.62402e-08 dual_residual=8.42024e-05 x_size=16 x_finite=1
[SQP LINESEARCH] iter=6 current_violation=0 accepted_violation=0 accepted=1 alpha=1 delta_u_norm=0.132013
[SQP SUPPORT] iter=6 support_size=0 support_limit=-1 support_ok=1
[SQP] before_solve iter=7 vars=16 constraints=124 max_d=-2.68221e-06
[QP WORST] iter=7 row=7 type=collision d=-2.68221e-06
[QP WORST COLLISION] scenario=12 k=1 obstacle=0 disc=2
[SQP] after_solve iter=7 converged=1 status=0 iterations=5 primal_residual=3.34465e-08 dual_residual=8.00942e-05 x_size=16 x_finite=1
[SQP LINESEARCH] iter=7 current_violation=0 accepted_violation=0 accepted=1 alpha=1 delta_u_norm=0.12036
[SQP SUPPORT] iter=7 support_size=0 support_limit=-1 support_ok=1
[SQP] before_solve iter=8 vars=16 constraints=124 max_d=-2.32961e-06
[QP WORST] iter=8 row=7 type=collision d=-2.32961e-06
[QP WORST COLLISION] scenario=12 k=1 obstacle=0 disc=2
[SQP] after_solve iter=8 converged=1 status=0 iterations=5 primal_residual=2.98879e-08 dual_residual=7.53983e-05 x_size=16 x_finite=1
[SQP LINESEARCH] iter=8 current_violation=0 accepted_violation=0 accepted=1 alpha=1 delta_u_norm=0.106202
[SQP SUPPORT] iter=8 support_size=0 support_limit=-1 support_ok=1
[SQP] before_solve iter=9 vars=16 constraints=124 max_d=-2.30054e-06
[QP WORST] iter=9 row=83 type=collision d=-2.30054e-06
[QP WORST COLLISION] scenario=12 k=8 obstacle=0 disc=1
[SQP] after_solve iter=9 converged=1 status=0 iterations=5 primal_residual=2.55209e-08 dual_residual=6.89945e-05 x_size=16 x_finite=1
[SQP LINESEARCH] iter=9 current_violation=0 accepted_violation=0 accepted=1 alpha=1 delta_u_norm=0.0838619
[SQP SUPPORT] iter=9 support_size=0 support_limit=-1 support_ok=1
[SQP FINAL] final_violation=0 violated_constraints=0
[SUPPORT FINAL] sqp_union=0 final_active=3 support_limit=-1
[SUPPORT FINAL IDS] 7 8 12
[SUPPORT UNION IDS]
[COLD START RECOVERY CHECK] ordinary_sqp_failed=0 seed_available=1 incompatible=0 try_homotopy=0
[HARNESS RESULT] step=17 success=1 controls=8 first_input_present=1
[MPC STEP METRICS] step=17 applied=1 success=1 fallback=0 a=-0.85034 omega=-0.257631 dt=0.1 acceleration_weight=0.1 steering_weight=0.1 control_cost_unweighted=0.789451 control_cost_weighted=0.0789451 mpc_cost=-16.2361 solve_time=0.0375278 qp_solve_time=0.0253079 constraint_time=0.00717706 dro_risk_time=0 ambiguity_radius=0 certificate=not_requested
[EVAL SAFETY] step=18 min_center_distance=0.955768 min_clearance=0.00576825 collision_this_step=0 collision_run=0 collision_radius=0.95
[RF BACKUP] available=1 controls=8 states=9
[FREE POLY] k=1 disc=0 raw=40 facets=5 vertices=8 rho=4.8 anchor_shift=0
[FREE POLY] k=1 disc=1 raw=40 facets=2 vertices=6 rho=0.800001 anchor_shift=0
[FREE POLY] k=1 disc=2 raw=40 facets=6 vertices=9 rho=4.8 anchor_shift=0
[FREE POLY] k=2 disc=0 raw=40 facets=4 vertices=7 rho=5.6 anchor_shift=0
[FREE POLY] k=2 disc=1 raw=40 facets=4 vertices=7 rho=1.6 anchor_shift=0
[FREE POLY] k=2 disc=2 raw=40 facets=5 vertices=8 rho=5.6 anchor_shift=0
[FREE POLY] k=3 disc=0 raw=40 facets=3 vertices=6 rho=6.4 anchor_shift=0
[FREE POLY] k=3 disc=1 raw=40 facets=5 vertices=8 rho=2.4 anchor_shift=0
[FREE POLY] k=3 disc=2 raw=40 facets=4 vertices=7 rho=6.4 anchor_shift=0
[FREE POLY] k=4 disc=0 raw=40 facets=4 vertices=7 rho=7.2 anchor_shift=0
[FREE POLY] k=4 disc=1 raw=40 facets=5 vertices=8 rho=3.2 anchor_shift=0
[FREE POLY] k=4 disc=2 raw=40 facets=5 vertices=8 rho=7.2 anchor_shift=0
[FREE POLY] k=5 disc=0 raw=40 facets=3 vertices=6 rho=8 anchor_shift=0
[FREE POLY] k=5 disc=1 raw=40 facets=4 vertices=7 rho=4 anchor_shift=0
[FREE POLY] k=5 disc=2 raw=40 facets=5 vertices=8 rho=8 anchor_shift=0
[FREE POLY] k=6 disc=0 raw=40 facets=5 vertices=8 rho=8.8 anchor_shift=0
[FREE POLY] k=6 disc=1 raw=40 facets=7 vertices=9 rho=4.8 anchor_shift=0
[FREE POLY] k=6 disc=2 raw=40 facets=6 vertices=9 rho=8.8 anchor_shift=0
[FREE POLY] k=7 disc=0 raw=40 facets=5 vertices=8 rho=9.6 anchor_shift=0
[FREE POLY] k=7 disc=1 raw=40 facets=4 vertices=7 rho=5.6 anchor_shift=0
[FREE POLY] k=7 disc=2 raw=40 facets=6 vertices=9 rho=9.6 anchor_shift=0
[FREE POLY] k=8 disc=0 raw=40 facets=5 vertices=8 rho=10.4 anchor_shift=0
[FREE POLY] k=8 disc=1 raw=40 facets=4 vertices=7 rho=6.4 anchor_shift=0
[FREE POLY] k=8 disc=2 raw=40 facets=5 vertices=8 rho=10.4 anchor_shift=0
[RF SUPPORT SEED] removed=0 support_limit=-1
[SQP] before_solve iter=0 vars=16 constraints=143 max_d=0.0754489
[QP WORST] iter=0 row=102 type=collision d=0.0754489
[QP WORST COLLISION] scenario=7 k=8 obstacle=0 disc=1
[SQP] after_solve iter=0 converged=1 status=0 iterations=5 primal_residual=1.39008e-08 dual_residual=5.63864e-05 x_size=16 x_finite=1
[SQP LINESEARCH] iter=0 current_violation=0.0754489 accepted_violation=0 accepted=1 alpha=1 delta_u_norm=0.552573
[SQP SUPPORT] iter=0 support_size=0 support_limit=-1 support_ok=1
[SQP] before_solve iter=1 vars=16 constraints=143 max_d=-0.00344086
[QP WORST] iter=1 row=102 type=collision d=-0.00344086
[QP WORST COLLISION] scenario=7 k=8 obstacle=0 disc=1
[SQP] after_solve iter=1 converged=1 status=0 iterations=5 primal_residual=4.3715e-16 dual_residual=2.56439e-05 x_size=16 x_finite=1
[SQP LINESEARCH] iter=1 current_violation=0 accepted_violation=0 accepted=1 alpha=1 delta_u_norm=0.229754
[SQP SUPPORT] iter=1 support_size=0 support_limit=-1 support_ok=1
[SQP] before_solve iter=2 vars=16 constraints=143 max_d=-2.16694e-05
[QP WORST] iter=2 row=102 type=collision d=-2.16694e-05
[QP WORST COLLISION] scenario=7 k=8 obstacle=0 disc=1
[SQP] after_solve iter=2 converged=1 status=0 iterations=5 primal_residual=4.23273e-16 dual_residual=2.78336e-05 x_size=16 x_finite=1
[SQP LINESEARCH] iter=2 current_violation=0 accepted_violation=0 accepted=1 alpha=1 delta_u_norm=0.195453
[SQP SUPPORT] iter=2 support_size=0 support_limit=-1 support_ok=1
[SQP] before_solve iter=3 vars=16 constraints=143 max_d=-1.18985e-05
[QP WORST] iter=3 row=102 type=collision d=-1.18985e-05
[QP WORST COLLISION] scenario=7 k=8 obstacle=0 disc=1
[SQP] after_solve iter=3 converged=1 status=0 iterations=5 primal_residual=3.83374e-16 dual_residual=3.52998e-05 x_size=16 x_finite=1
[SQP LINESEARCH] iter=3 current_violation=0 accepted_violation=0 accepted=1 alpha=1 delta_u_norm=0.180094
[SQP SUPPORT] iter=3 support_size=0 support_limit=-1 support_ok=1
[SQP] before_solve iter=4 vars=16 constraints=143 max_d=-6.22748e-06
[QP WORST] iter=4 row=102 type=collision d=-6.22748e-06
[QP WORST COLLISION] scenario=7 k=8 obstacle=0 disc=1
[SQP] after_solve iter=4 converged=1 status=0 iterations=5 primal_residual=4.21538e-16 dual_residual=7.55294e-05 x_size=16 x_finite=1
[SQP LINESEARCH] iter=4 current_violation=0 accepted_violation=0 accepted=1 alpha=1 delta_u_norm=0.170126
[SQP SUPPORT] iter=4 support_size=0 support_limit=-1 support_ok=1
[SQP] before_solve iter=5 vars=16 constraints=143 max_d=-4.32515e-06
[QP WORST] iter=5 row=8 type=collision d=-4.32515e-06
[QP WORST COLLISION] scenario=17 k=1 obstacle=0 disc=2
[SQP] after_solve iter=5 converged=1 status=0 iterations=5 primal_residual=3.747e-16 dual_residual=8.78682e-05 x_size=16 x_finite=1
[SQP LINESEARCH] iter=5 current_violation=0 accepted_violation=0 accepted=1 alpha=1 delta_u_norm=0.161443
[SQP SUPPORT] iter=5 support_size=0 support_limit=-1 support_ok=1
[SQP] before_solve iter=6 vars=16 constraints=143 max_d=-5.33912e-06
[QP WORST] iter=6 row=8 type=collision d=-5.33912e-06
[QP WORST COLLISION] scenario=17 k=1 obstacle=0 disc=2
[SQP] after_solve iter=6 converged=1 status=0 iterations=5 primal_residual=3.59088e-16 dual_residual=9.20996e-05 x_size=16 x_finite=1
[SQP LINESEARCH] iter=6 current_violation=0 accepted_violation=0 accepted=1 alpha=1 delta_u_norm=0.148318
[SQP SUPPORT] iter=6 support_size=0 support_limit=-1 support_ok=1
[SQP] before_solve iter=7 vars=16 constraints=143 max_d=-5.72107e-06
[QP WORST] iter=7 row=8 type=collision d=-5.72107e-06
[QP WORST COLLISION] scenario=17 k=1 obstacle=0 disc=2
[SQP] after_solve iter=7 converged=1 status=0 iterations=5 primal_residual=4.04191e-16 dual_residual=9.28472e-05 x_size=16 x_finite=1
[SQP LINESEARCH] iter=7 current_violation=0 accepted_violation=0 accepted=1 alpha=1 delta_u_norm=0.110896
[SQP SUPPORT] iter=7 support_size=0 support_limit=-1 support_ok=1
[SQP] before_solve iter=8 vars=16 constraints=143 max_d=-5.71016e-06
[QP WORST] iter=8 row=8 type=collision d=-5.71016e-06
[QP WORST COLLISION] scenario=17 k=1 obstacle=0 disc=2
[SQP] after_solve iter=8 converged=1 status=0 iterations=5 primal_residual=4.23273e-16 dual_residual=8.63479e-05 x_size=16 x_finite=1
[SQP LINESEARCH] iter=8 current_violation=0 accepted_violation=0 accepted=1 alpha=1 delta_u_norm=0.0973899
[SQP SUPPORT] iter=8 support_size=0 support_limit=-1 support_ok=1
[SQP] before_solve iter=9 vars=16 constraints=143 max_d=-4.71927e-06
[QP WORST] iter=9 row=102 type=collision d=-4.71927e-06
[QP WORST COLLISION] scenario=7 k=8 obstacle=0 disc=1
[SQP] after_solve iter=9 converged=1 status=0 iterations=5 primal_residual=3.57353e-16 dual_residual=7.71414e-05 x_size=16 x_finite=1
[SQP LINESEARCH] iter=9 current_violation=0 accepted_violation=0 accepted=1 alpha=1 delta_u_norm=0.0900759
[SQP SUPPORT] iter=9 support_size=0 support_limit=-1 support_ok=1
[SQP FINAL] final_violation=0 violated_constraints=0
[SUPPORT FINAL] sqp_union=0 final_active=3 support_limit=-1
[SUPPORT FINAL IDS] 7 17 20
[SUPPORT UNION IDS]
[COLD START RECOVERY CHECK] ordinary_sqp_failed=0 seed_available=1 incompatible=0 try_homotopy=0
[HARNESS RESULT] step=18 success=1 controls=8 first_input_present=1
[MPC STEP METRICS] step=18 applied=1 success=1 fallback=0 a=0.0464183 omega=-0.411055 dt=0.1 acceleration_weight=0.1 steering_weight=0.1 control_cost_unweighted=0.171121 control_cost_weighted=0.0171121 mpc_cost=-15.6917 solve_time=0.0394613 qp_solve_time=0.0267465 constraint_time=0.00763986 dro_risk_time=0 ambiguity_radius=0 certificate=not_requested
[EVAL SAFETY] step=19 min_center_distance=0.956497 min_clearance=0.00649727 collision_this_step=0 collision_run=0 collision_radius=0.95
[RF BACKUP] available=1 controls=8 states=9
[FREE POLY] k=1 disc=0 raw=40 facets=2 vertices=5 rho=4.8 anchor_shift=0
[FREE POLY] k=1 disc=1 raw=40 facets=2 vertices=6 rho=0.800001 anchor_shift=0
[FREE POLY] k=1 disc=2 raw=40 facets=4 vertices=7 rho=4.8 anchor_shift=0
[FREE POLY] k=2 disc=0 raw=40 facets=2 vertices=5 rho=5.6 anchor_shift=0
[FREE POLY] k=2 disc=1 raw=40 facets=3 vertices=6 rho=1.6 anchor_shift=0
[FREE POLY] k=2 disc=2 raw=40 facets=6 vertices=9 rho=5.6 anchor_shift=0
[FREE POLY] k=3 disc=0 raw=40 facets=3 vertices=6 rho=6.4 anchor_shift=0
[FREE POLY] k=3 disc=1 raw=40 facets=6 vertices=9 rho=2.4 anchor_shift=0
[FREE POLY] k=3 disc=2 raw=40 facets=7 vertices=10 rho=6.4 anchor_shift=0
[FREE POLY] k=4 disc=0 raw=40 facets=4 vertices=7 rho=7.2 anchor_shift=0
[FREE POLY] k=4 disc=1 raw=40 facets=6 vertices=9 rho=3.2 anchor_shift=0
[FREE POLY] k=4 disc=2 raw=40 facets=5 vertices=8 rho=7.2 anchor_shift=0
[FREE POLY] k=5 disc=0 raw=40 facets=4 vertices=7 rho=8 anchor_shift=0
[FREE POLY] k=5 disc=1 raw=40 facets=7 vertices=10 rho=4 anchor_shift=0
[FREE POLY] k=5 disc=2 raw=40 facets=6 vertices=9 rho=8 anchor_shift=0
[FREE POLY] k=6 disc=0 raw=40 facets=5 vertices=8 rho=8.8 anchor_shift=0
[FREE POLY] k=6 disc=1 raw=40 facets=6 vertices=9 rho=4.8 anchor_shift=0
[FREE POLY] k=6 disc=2 raw=40 facets=5 vertices=8 rho=8.8 anchor_shift=0
[FREE POLY] k=7 disc=0 raw=40 facets=5 vertices=8 rho=9.6 anchor_shift=0
[FREE POLY] k=7 disc=1 raw=40 facets=5 vertices=8 rho=5.6 anchor_shift=0
[FREE POLY] k=7 disc=2 raw=40 facets=5 vertices=9 rho=9.6 anchor_shift=0
[FREE POLY] k=8 disc=0 raw=40 facets=5 vertices=8 rho=10.4 anchor_shift=0
[FREE POLY] k=8 disc=1 raw=40 facets=4 vertices=7 rho=6.4 anchor_shift=0
[FREE POLY] k=8 disc=2 raw=40 facets=6 vertices=9 rho=10.4 anchor_shift=0
[RF SUPPORT SEED] removed=0 support_limit=-1
[SQP] before_solve iter=0 vars=16 constraints=145 max_d=-0.0350919
[QP WORST] iter=0 row=4 type=collision d=-0.0350919
[QP WORST COLLISION] scenario=0 k=1 obstacle=0 disc=2
[SQP] after_solve iter=0 converged=1 status=0 iterations=5 primal_residual=4.02456e-16 dual_residual=3.67832e-05 x_size=16 x_finite=1
[SQP LINESEARCH] iter=0 current_violation=0 accepted_violation=0 accepted=1 alpha=0.5 delta_u_norm=0.446702
[SQP SUPPORT] iter=0 support_size=0 support_limit=-1 support_ok=1
[SQP] before_solve iter=1 vars=16 constraints=145 max_d=-0.0182723
[QP WORST] iter=1 row=4 type=collision d=-0.0182723
[QP WORST COLLISION] scenario=0 k=1 obstacle=0 disc=2
[SQP] after_solve iter=1 converged=1 status=0 iterations=5 primal_residual=3.40006e-16 dual_residual=5.28898e-05 x_size=16 x_finite=1
[SQP LINESEARCH] iter=1 current_violation=0 accepted_violation=0 accepted=1 alpha=0.5 delta_u_norm=0.341002
[SQP SUPPORT] iter=1 support_size=0 support_limit=-1 support_ok=1
[SQP] before_solve iter=2 vars=16 constraints=145 max_d=-0.00965242
[QP WORST] iter=2 row=4 type=collision d=-0.00965242
[QP WORST COLLISION] scenario=0 k=1 obstacle=0 disc=2
[SQP] after_solve iter=2 converged=1 status=0 iterations=5 primal_residual=4.19803e-16 dual_residual=6.53278e-05 x_size=16 x_finite=1
[SQP LINESEARCH] iter=2 current_violation=0 accepted_violation=0 accepted=1 alpha=0.5 delta_u_norm=0.286346
[SQP SUPPORT] iter=2 support_size=0 support_limit=-1 support_ok=1
[SQP] before_solve iter=3 vars=16 constraints=145 max_d=-0.0054138
[QP WORST] iter=3 row=4 type=collision d=-0.0054138
[QP WORST COLLISION] scenario=0 k=1 obstacle=0 disc=2
[SQP] after_solve iter=3 converged=1 status=0 iterations=5 primal_residual=4.11129e-16 dual_residual=7.57287e-05 x_size=16 x_finite=1
[SQP LINESEARCH] iter=3 current_violation=0 accepted_violation=0 accepted=1 alpha=1 delta_u_norm=0.253433
[SQP SUPPORT] iter=3 support_size=0 support_limit=-1 support_ok=1
[SQP] before_solve iter=4 vars=16 constraints=145 max_d=-6.31414e-06
[QP WORST] iter=4 row=105 type=collision d=-6.31414e-06
[QP WORST COLLISION] scenario=17 k=8 obstacle=0 disc=1
[SQP] after_solve iter=4 converged=1 status=0 iterations=5 primal_residual=3.88578e-16 dual_residual=8.99521e-05 x_size=16 x_finite=1
[SQP LINESEARCH] iter=4 current_violation=0 accepted_violation=0 accepted=1 alpha=1 delta_u_norm=0.211304
[SQP SUPPORT] iter=4 support_size=0 support_limit=-1 support_ok=1
[SQP] before_solve iter=5 vars=16 constraints=145 max_d=-1.97202e-05
[QP WORST] iter=5 row=105 type=collision d=-1.97202e-05
[QP WORST COLLISION] scenario=17 k=8 obstacle=0 disc=1
[SQP] after_solve iter=5 converged=1 status=0 iterations=5 primal_residual=4.44089e-16 dual_residual=8.47981e-05 x_size=16 x_finite=1
[SQP LINESEARCH] iter=5 current_violation=0 accepted_violation=0 accepted=1 alpha=1 delta_u_norm=0.189525
[SQP SUPPORT] iter=5 support_size=0 support_limit=-1 support_ok=1
[SQP] before_solve iter=6 vars=16 constraints=145 max_d=-1.22145e-05
[QP WORST] iter=6 row=105 type=collision d=-1.22145e-05
[QP WORST COLLISION] scenario=17 k=8 obstacle=0 disc=1
[SQP] after_solve iter=6 converged=1 status=0 iterations=5 primal_residual=3.52149e-16 dual_residual=8.78355e-05 x_size=16 x_finite=1
[SQP LINESEARCH] iter=6 current_violation=0 accepted_violation=0 accepted=1 alpha=1 delta_u_norm=0.175894
[SQP SUPPORT] iter=6 support_size=0 support_limit=-1 support_ok=1
[SQP] before_solve iter=7 vars=16 constraints=145 max_d=-1.04576e-05
[QP WORST] iter=7 row=105 type=collision d=-1.04576e-05
[QP WORST COLLISION] scenario=17 k=8 obstacle=0 disc=1
[SQP] after_solve iter=7 converged=1 status=0 iterations=5 primal_residual=3.46945e-16 dual_residual=8.99464e-05 x_size=16 x_finite=1
[SQP LINESEARCH] iter=7 current_violation=0 accepted_violation=0 accepted=1 alpha=1 delta_u_norm=0.165321
[SQP SUPPORT] iter=7 support_size=0 support_limit=-1 support_ok=1
[SQP] before_solve iter=8 vars=16 constraints=145 max_d=-9.7587e-06
[QP WORST] iter=8 row=105 type=collision d=-9.7587e-06
[QP WORST COLLISION] scenario=17 k=8 obstacle=0 disc=1
[SQP] after_solve iter=8 converged=1 status=0 iterations=5 primal_residual=4.16334e-16 dual_residual=9.13713e-05 x_size=16 x_finite=1
[SQP LINESEARCH] iter=8 current_violation=0 accepted_violation=0 accepted=1 alpha=1 delta_u_norm=0.155646
[SQP SUPPORT] iter=8 support_size=0 support_limit=-1 support_ok=1
[SQP] before_solve iter=9 vars=16 constraints=145 max_d=-9.2879e-06
[QP WORST] iter=9 row=105 type=collision d=-9.2879e-06
[QP WORST COLLISION] scenario=17 k=8 obstacle=0 disc=1
[SQP] after_solve iter=9 converged=1 status=0 iterations=5 primal_residual=3.43475e-16 dual_residual=9.21949e-05 x_size=16 x_finite=1
[SQP LINESEARCH] iter=9 current_violation=0 accepted_violation=0 accepted=1 alpha=1 delta_u_norm=0.141231
[SQP SUPPORT] iter=9 support_size=0 support_limit=-1 support_ok=1
[SQP FINAL] final_violation=0 violated_constraints=0
[SUPPORT FINAL] sqp_union=0 final_active=1 support_limit=-1
[SUPPORT FINAL IDS] 17
[SUPPORT UNION IDS]
[COLD START RECOVERY CHECK] ordinary_sqp_failed=0 seed_available=1 incompatible=0 try_homotopy=0
[HARNESS RESULT] step=19 success=1 controls=8 first_input_present=1
[MPC STEP METRICS] step=19 applied=1 success=1 fallback=0 a=0.398343 omega=-0.547367 dt=0.1 acceleration_weight=0.1 steering_weight=0.1 control_cost_unweighted=0.458288 control_cost_weighted=0.0458288 mpc_cost=-15.8392 solve_time=0.0413473 qp_solve_time=0.0284633 constraint_time=0.00783522 dro_risk_time=0 ambiguity_radius=0 certificate=not_requested
[EVAL SAFETY] step=20 min_center_distance=0.96278 min_clearance=0.0127804 collision_this_step=0 collision_run=0 collision_radius=0.95
[RF BACKUP] available=1 controls=8 states=9
[FREE POLY] k=1 disc=0 raw=40 facets=3 vertices=6 rho=4.8 anchor_shift=0
[FREE POLY] k=1 disc=1 raw=40 facets=1 vertices=5 rho=0.800001 anchor_shift=0
[FREE POLY] k=1 disc=2 raw=40 facets=4 vertices=7 rho=4.8 anchor_shift=0
[FREE POLY] k=2 disc=0 raw=40 facets=4 vertices=7 rho=5.6 anchor_shift=0
[FREE POLY] k=2 disc=1 raw=40 facets=4 vertices=7 rho=1.6 anchor_shift=0
[FREE POLY] k=2 disc=2 raw=40 facets=5 vertices=8 rho=5.6 anchor_shift=0
[FREE POLY] k=3 disc=0 raw=40 facets=4 vertices=7 rho=6.4 anchor_shift=0
[FREE POLY] k=3 disc=1 raw=40 facets=5 vertices=8 rho=2.4 anchor_shift=0
[FREE POLY] k=3 disc=2 raw=40 facets=3 vertices=6 rho=6.4 anchor_shift=0
[FREE POLY] k=4 disc=0 raw=40 facets=3 vertices=6 rho=7.2 anchor_shift=0
[FREE POLY] k=4 disc=1 raw=40 facets=4 vertices=7 rho=3.2 anchor_shift=0
[FREE POLY] k=4 disc=2 raw=40 facets=3 vertices=6 rho=7.2 anchor_shift=0
[FREE POLY] k=5 disc=0 raw=40 facets=3 vertices=6 rho=8 anchor_shift=0
[FREE POLY] k=5 disc=1 raw=40 facets=4 vertices=7 rho=4 anchor_shift=0
[FREE POLY] k=5 disc=2 raw=40 facets=4 vertices=7 rho=8 anchor_shift=0
[FREE POLY] k=6 disc=0 raw=40 facets=3 vertices=6 rho=8.8 anchor_shift=0
[FREE POLY] k=6 disc=1 raw=40 facets=4 vertices=7 rho=4.8 anchor_shift=0
[FREE POLY] k=6 disc=2 raw=40 facets=4 vertices=8 rho=8.8 anchor_shift=0
[FREE POLY] k=7 disc=0 raw=40 facets=3 vertices=6 rho=9.6 anchor_shift=0
[FREE POLY] k=7 disc=1 raw=40 facets=3 vertices=6 rho=5.6 anchor_shift=0
[FREE POLY] k=7 disc=2 raw=40 facets=4 vertices=7 rho=9.6 anchor_shift=0
[FREE POLY] k=8 disc=0 raw=40 facets=4 vertices=7 rho=10.4 anchor_shift=0
[FREE POLY] k=8 disc=1 raw=40 facets=4 vertices=7 rho=6.4 anchor_shift=0
[FREE POLY] k=8 disc=2 raw=40 facets=4 vertices=7 rho=10.4 anchor_shift=0
[RF SUPPORT SEED] removed=0 support_limit=-1
[SQP] before_solve iter=0 vars=16 constraints=119 max_d=0.041288
[QP WORST] iter=0 row=80 type=collision d=0.041288
[QP WORST COLLISION] scenario=4 k=8 obstacle=0 disc=1
[SQP] after_solve iter=0 converged=1 status=0 iterations=6 primal_residual=4.02456e-16 dual_residual=1.53559e-06 x_size=16 x_finite=1
[SQP LINESEARCH] iter=0 current_violation=0.041288 accepted_violation=0 accepted=1 alpha=1 delta_u_norm=0.492498
[SQP SUPPORT] iter=0 support_size=0 support_limit=-1 support_ok=1
[SQP] before_solve iter=1 vars=16 constraints=119 max_d=-0.00123934
[QP WORST] iter=1 row=80 type=collision d=-0.00123934
[QP WORST COLLISION] scenario=4 k=8 obstacle=0 disc=1
[SQP] after_solve iter=1 converged=1 status=0 iterations=6 primal_residual=6.10814e-12 dual_residual=8.28785e-06 x_size=16 x_finite=1
[SQP LINESEARCH] iter=1 current_violation=0 accepted_violation=0 accepted=1 alpha=1 delta_u_norm=0.260734
[SQP SUPPORT] iter=1 support_size=0 support_limit=-1 support_ok=1
[SQP] before_solve iter=2 vars=16 constraints=119 max_d=-4.60045e-06
[QP WORST] iter=2 row=80 type=collision d=-4.60045e-06
[QP WORST COLLISION] scenario=4 k=8 obstacle=0 disc=1
[SQP] after_solve iter=2 converged=1 status=0 iterations=5 primal_residual=1.25525e-08 dual_residual=8.36957e-05 x_size=16 x_finite=1
[SQP LINESEARCH] iter=2 current_violation=0 accepted_violation=0 accepted=1 alpha=1 delta_u_norm=0.225042
[SQP SUPPORT] iter=2 support_size=0 support_limit=-1 support_ok=1
[SQP] before_solve iter=3 vars=16 constraints=119 max_d=-6.08122e-06
[QP WORST] iter=3 row=80 type=collision d=-6.08122e-06
[QP WORST COLLISION] scenario=4 k=8 obstacle=0 disc=1
[SQP] after_solve iter=3 converged=1 status=0 iterations=5 primal_residual=5.01259e-08 dual_residual=9.72577e-05 x_size=16 x_finite=1
[SQP LINESEARCH] iter=3 current_violation=0 accepted_violation=0 accepted=1 alpha=1 delta_u_norm=0.210886
[SQP SUPPORT] iter=3 support_size=0 support_limit=-1 support_ok=1
[SQP] before_solve iter=4 vars=16 constraints=119 max_d=-5.52009e-06
[QP WORST] iter=4 row=80 type=collision d=-5.52009e-06
[QP WORST COLLISION] scenario=4 k=8 obstacle=0 disc=1
[SQP] after_solve iter=4 converged=1 status=0 iterations=6 primal_residual=1.90532e-11 dual_residual=4.16726e-07 x_size=16 x_finite=1
[SQP LINESEARCH] iter=4 current_violation=0 accepted_violation=0 accepted=1 alpha=1 delta_u_norm=0.19909
[SQP SUPPORT] iter=4 support_size=0 support_limit=-1 support_ok=1
[SQP] before_solve iter=5 vars=16 constraints=119 max_d=-4.69795e-06
[QP WORST] iter=5 row=80 type=collision d=-4.69795e-06
[QP WORST COLLISION] scenario=4 k=8 obstacle=0 disc=1
[SQP] after_solve iter=5 converged=1 status=0 iterations=6 primal_residual=3.57353e-16 dual_residual=5.55306e-06 x_size=16 x_finite=1
[SQP LINESEARCH] iter=5 current_violation=0 accepted_violation=0 accepted=1 alpha=1 delta_u_norm=0.185547
[SQP SUPPORT] iter=5 support_size=0 support_limit=-1 support_ok=1
[SQP] before_solve iter=6 vars=16 constraints=119 max_d=-3.73983e-06
[QP WORST] iter=6 row=80 type=collision d=-3.73983e-06
[QP WORST COLLISION] scenario=4 k=8 obstacle=0 disc=1
[SQP] after_solve iter=6 converged=1 status=0 iterations=6 primal_residual=3.38847e-12 dual_residual=2.00967e-07 x_size=16 x_finite=1
[SQP LINESEARCH] iter=6 current_violation=0 accepted_violation=0 accepted=1 alpha=1 delta_u_norm=0.128248
[SQP SUPPORT] iter=6 support_size=0 support_limit=-1 support_ok=1
[SQP] before_solve iter=7 vars=16 constraints=119 max_d=-1.39965e-06
[QP WORST] iter=7 row=80 type=collision d=-1.39965e-06
[QP WORST COLLISION] scenario=4 k=8 obstacle=0 disc=1
[SQP] after_solve iter=7 converged=1 status=0 iterations=6 primal_residual=4.11997e-16 dual_residual=1.21103e-07 x_size=16 x_finite=1
[SQP LINESEARCH] iter=7 current_violation=0 accepted_violation=0 accepted=1 alpha=1 delta_u_norm=0.118893
[SQP SUPPORT] iter=7 support_size=0 support_limit=-1 support_ok=1
[SQP] before_solve iter=8 vars=16 constraints=119 max_d=-6.76327e-07
[QP WORST] iter=8 row=80 type=collision d=-6.76327e-07
[QP WORST COLLISION] scenario=4 k=8 obstacle=0 disc=1
[SQP] after_solve iter=8 converged=1 status=0 iterations=6 primal_residual=3.38271e-16 dual_residual=1.11209e-07 x_size=16 x_finite=1
[SQP LINESEARCH] iter=8 current_violation=0 accepted_violation=0 accepted=1 alpha=1 delta_u_norm=0.112375
[SQP SUPPORT] iter=8 support_size=0 support_limit=-1 support_ok=1
[SQP] before_solve iter=9 vars=16 constraints=119 max_d=-5.26619e-07
[QP WORST] iter=9 row=80 type=collision d=-5.26619e-07
[QP WORST COLLISION] scenario=4 k=8 obstacle=0 disc=1
[SQP] after_solve iter=9 converged=1 status=0 iterations=6 primal_residual=3.33067e-16 dual_residual=1.04698e-07 x_size=16 x_finite=1
[SQP LINESEARCH] iter=9 current_violation=0 accepted_violation=0 accepted=1 alpha=1 delta_u_norm=0.106384
[SQP SUPPORT] iter=9 support_size=0 support_limit=-1 support_ok=1
[SQP FINAL] final_violation=0 violated_constraints=0
[SUPPORT FINAL] sqp_union=0 final_active=1 support_limit=-1
[SUPPORT FINAL IDS] 4
[SUPPORT UNION IDS]
[COLD START RECOVERY CHECK] ordinary_sqp_failed=0 seed_available=1 incompatible=0 try_homotopy=0
[HARNESS RESULT] step=20 success=1 controls=8 first_input_present=1
[MPC STEP METRICS] step=20 applied=1 success=1 fallback=0 a=0.49291 omega=-0.0193802 dt=0.1 acceleration_weight=0.1 steering_weight=0.1 control_cost_unweighted=0.243336 control_cost_weighted=0.0243336 mpc_cost=-15.2558 solve_time=0.0373718 qp_solve_time=0.0248694 constraint_time=0.00735837 dro_risk_time=0 ambiguity_radius=0 certificate=not_requested
[EVAL SAFETY] step=21 min_center_distance=1.08019 min_clearance=0.130192 collision_this_step=0 collision_run=0 collision_radius=0.95
[PATH COMPLETION] step=21 completion_progress=4.28664 path_length=25 fraction=0.171466 required_fraction=0.95 termination_enabled=1 completed=0
[RF BACKUP] available=1 controls=8 states=9
[FREE POLY] k=1 disc=0 raw=40 facets=5 vertices=8 rho=4.8 anchor_shift=0
[FREE POLY] k=1 disc=1 raw=40 facets=5 vertices=9 rho=0.800001 anchor_shift=0
[FREE POLY] k=1 disc=2 raw=40 facets=4 vertices=7 rho=4.8 anchor_shift=0
[FREE POLY] k=2 disc=0 raw=40 facets=4 vertices=7 rho=5.6 anchor_shift=0
[FREE POLY] k=2 disc=1 raw=40 facets=5 vertices=8 rho=1.6 anchor_shift=0
[FREE POLY] k=2 disc=2 raw=40 facets=4 vertices=8 rho=5.6 anchor_shift=0
[FREE POLY] k=3 disc=0 raw=40 facets=3 vertices=6 rho=6.4 anchor_shift=0
[FREE POLY] k=3 disc=1 raw=40 facets=4 vertices=7 rho=2.4 anchor_shift=0
[FREE POLY] k=3 disc=2 raw=40 facets=5 vertices=9 rho=6.4 anchor_shift=0
[FREE POLY] k=4 disc=0 raw=40 facets=3 vertices=6 rho=7.2 anchor_shift=0
[FREE POLY] k=4 disc=1 raw=40 facets=4 vertices=7 rho=3.2 anchor_shift=0
[FREE POLY] k=4 disc=2 raw=40 facets=6 vertices=10 rho=7.2 anchor_shift=0
[FREE POLY] k=5 disc=0 raw=40 facets=4 vertices=7 rho=8 anchor_shift=0
[FREE POLY] k=5 disc=1 raw=40 facets=3 vertices=6 rho=4 anchor_shift=0
[FREE POLY] k=5 disc=2 raw=40 facets=6 vertices=10 rho=8 anchor_shift=0
[FREE POLY] k=6 disc=0 raw=40 facets=6 vertices=9 rho=8.8 anchor_shift=0
[FREE POLY] k=6 disc=1 raw=40 facets=3 vertices=6 rho=4.8 anchor_shift=0
[FREE POLY] k=6 disc=2 raw=40 facets=4 vertices=8 rho=8.8 anchor_shift=0
[FREE POLY] k=7 disc=0 raw=40 facets=5 vertices=8 rho=9.6 anchor_shift=0
[FREE POLY] k=7 disc=1 raw=40 facets=4 vertices=7 rho=5.6 anchor_shift=0
[FREE POLY] k=7 disc=2 raw=40 facets=4 vertices=7 rho=9.6 anchor_shift=0
[FREE POLY] k=8 disc=0 raw=40 facets=5 vertices=8 rho=10.4 anchor_shift=0
[FREE POLY] k=8 disc=1 raw=40 facets=6 vertices=9 rho=6.4 anchor_shift=0
[FREE POLY] k=8 disc=2 raw=40 facets=4 vertices=7 rho=10.4 anchor_shift=0
[RF SUPPORT SEED] removed=0 support_limit=-1
[SQP] before_solve iter=0 vars=16 constraints=138 max_d=-0.0602293
[QP WORST] iter=0 row=58 type=collision d=-0.0602293
[QP WORST COLLISION] scenario=37 k=5 obstacle=0 disc=1
[SQP] after_solve iter=0 converged=1 status=0 iterations=5 primal_residual=3.88578e-16 dual_residual=5.05461e-05 x_size=16 x_finite=1
[SQP LINESEARCH] iter=0 current_violation=0 accepted_violation=0 accepted=1 alpha=0.5 delta_u_norm=0.529698
[SQP SUPPORT] iter=0 support_size=0 support_limit=-1 support_ok=1
[SQP] before_solve iter=1 vars=16 constraints=138 max_d=-0.036171
[QP WORST] iter=1 row=73 type=collision d=-0.036171
[QP WORST COLLISION] scenario=37 k=6 obstacle=0 disc=1
[SQP] after_solve iter=1 converged=1 status=0 iterations=5 primal_residual=4.3715e-16 dual_residual=4.75037e-05 x_size=16 x_finite=1
[SQP LINESEARCH] iter=1 current_violation=0 accepted_violation=0 accepted=1 alpha=0.5 delta_u_norm=0.353954
[SQP SUPPORT] iter=1 support_size=0 support_limit=-1 support_ok=1
[SQP] before_solve iter=2 vars=16 constraints=138 max_d=-0.0193056
[QP WORST] iter=2 row=84 type=collision d=-0.0193056
[QP WORST COLLISION] scenario=6 k=7 obstacle=0 disc=1
[SQP] after_solve iter=2 converged=1 status=0 iterations=6 primal_residual=3.07136e-11 dual_residual=3.3796e-07 x_size=16 x_finite=1
[SQP LINESEARCH] iter=2 current_violation=0 accepted_violation=0 accepted=1 alpha=0.5 delta_u_norm=0.295109
[SQP SUPPORT] iter=2 support_size=0 support_limit=-1 support_ok=1
[SQP] before_solve iter=3 vars=16 constraints=138 max_d=-0.00963439
[QP WORST] iter=3 row=84 type=collision d=-0.00963439
[QP WORST COLLISION] scenario=6 k=7 obstacle=0 disc=1
[SQP] after_solve iter=3 converged=1 status=0 iterations=6 primal_residual=2.41276e-10 dual_residual=1.81445e-06 x_size=16 x_finite=1
[SQP LINESEARCH] iter=3 current_violation=0 accepted_violation=0 accepted=1 alpha=0.5 delta_u_norm=0.272802
[SQP SUPPORT] iter=3 support_size=0 support_limit=-1 support_ok=1
[SQP] before_solve iter=4 vars=16 constraints=138 max_d=-0.00481477
[QP WORST] iter=4 row=84 type=collision d=-0.00481477
[QP WORST COLLISION] scenario=6 k=7 obstacle=0 disc=1
[SQP] after_solve iter=4 converged=1 status=0 iterations=6 primal_residual=9.06929e-10 dual_residual=5.9123e-06 x_size=16 x_finite=1
[SQP LINESEARCH] iter=4 current_violation=0 accepted_violation=0 accepted=1 alpha=1 delta_u_norm=0.259611
[SQP SUPPORT] iter=4 support_size=0 support_limit=-1 support_ok=1
[SQP] before_solve iter=5 vars=16 constraints=138 max_d=-5.79395e-06
[QP WORST] iter=5 row=84 type=collision d=-5.79395e-06
[QP WORST COLLISION] scenario=6 k=7 obstacle=0 disc=1
[SQP] after_solve iter=5 converged=1 status=0 iterations=6 primal_residual=4.19814e-09 dual_residual=2.2874e-05 x_size=16 x_finite=1
[SQP LINESEARCH] iter=5 current_violation=0 accepted_violation=0 accepted=1 alpha=1 delta_u_norm=0.206288
[SQP SUPPORT] iter=5 support_size=0 support_limit=-1 support_ok=1
[SQP] before_solve iter=6 vars=16 constraints=138 max_d=-7.91505e-06
[QP WORST] iter=6 row=84 type=collision d=-7.91505e-06
[QP WORST COLLISION] scenario=6 k=7 obstacle=0 disc=1
[SQP] after_solve iter=6 converged=1 status=0 iterations=6 primal_residual=1.9433e-09 dual_residual=2.34778e-05 x_size=16 x_finite=1
[SQP LINESEARCH] iter=6 current_violation=0 accepted_violation=0 accepted=1 alpha=1 delta_u_norm=0.138438
[SQP SUPPORT] iter=6 support_size=0 support_limit=-1 support_ok=1
[SQP] before_solve iter=7 vars=16 constraints=138 max_d=-3.84252e-06
[QP WORST] iter=7 row=84 type=collision d=-3.84252e-06
[QP WORST COLLISION] scenario=6 k=7 obstacle=0 disc=1
[SQP] after_solve iter=7 converged=1 status=0 iterations=6 primal_residual=3.98607e-16 dual_residual=1.89759e-05 x_size=16 x_finite=1
[SQP LINESEARCH] iter=7 current_violation=0 accepted_violation=0 accepted=1 alpha=1 delta_u_norm=0.126104
[SQP SUPPORT] iter=7 support_size=0 support_limit=-1 support_ok=1
[SQP] before_solve iter=8 vars=16 constraints=138 max_d=-1.49816e-06
[QP WORST] iter=8 row=84 type=collision d=-1.49816e-06
[QP WORST COLLISION] scenario=6 k=7 obstacle=0 disc=1
[SQP] after_solve iter=8 converged=1 status=0 iterations=6 primal_residual=3.92048e-16 dual_residual=1.85775e-05 x_size=16 x_finite=1
[SQP LINESEARCH] iter=8 current_violation=0 accepted_violation=0 accepted=1 alpha=1 delta_u_norm=0.11797
[SQP SUPPORT] iter=8 support_size=0 support_limit=-1 support_ok=1
[SQP] before_solve iter=9 vars=16 constraints=138 max_d=-5.14118e-07
[QP WORST] iter=9 row=84 type=collision d=-5.14118e-07
[QP WORST COLLISION] scenario=6 k=7 obstacle=0 disc=1
[SQP] after_solve iter=9 converged=1 status=0 iterations=6 primal_residual=3.54344e-16 dual_residual=1.91464e-05 x_size=16 x_finite=1
[SQP LINESEARCH] iter=9 current_violation=0 accepted_violation=0 accepted=1 alpha=1 delta_u_norm=0.111309
[SQP SUPPORT] iter=9 support_size=0 support_limit=-1 support_ok=1
[SQP FINAL] final_violation=0 violated_constraints=0
[SUPPORT FINAL] sqp_union=0 final_active=2 support_limit=-1
[SUPPORT FINAL IDS] 6 37
[SUPPORT UNION IDS]
[COLD START RECOVERY CHECK] ordinary_sqp_failed=0 seed_available=1 incompatible=0 try_homotopy=0
[HARNESS RESULT] step=21 success=1 controls=8 first_input_present=1
[MPC STEP METRICS] step=21 applied=1 success=1 fallback=0 a=0.178969 omega=0.12677 dt=0.1 acceleration_weight=0.1 steering_weight=0.1 control_cost_unweighted=0.0481008 control_cost_weighted=0.00481008 mpc_cost=-15.5135 solve_time=0.0413563 qp_solve_time=0.0283947 constraint_time=0.00774504 dro_risk_time=0 ambiguity_radius=0 certificate=not_requested
[EVAL SAFETY] step=22 min_center_distance=1.23365 min_clearance=0.283654 collision_this_step=0 collision_run=0 collision_radius=0.95
[RF BACKUP] available=1 controls=8 states=9
[FREE POLY] k=1 disc=0 raw=40 facets=3 vertices=6 rho=4.8 anchor_shift=0
[FREE POLY] k=1 disc=1 raw=40 facets=2 vertices=6 rho=0.800001 anchor_shift=0
[FREE POLY] k=1 disc=2 raw=40 facets=4 vertices=8 rho=4.8 anchor_shift=0
[FREE POLY] k=2 disc=0 raw=40 facets=3 vertices=6 rho=5.6 anchor_shift=0
[FREE POLY] k=2 disc=1 raw=40 facets=5 vertices=9 rho=1.6 anchor_shift=0
[FREE POLY] k=2 disc=2 raw=40 facets=4 vertices=8 rho=5.6 anchor_shift=0
[FREE POLY] k=3 disc=0 raw=40 facets=3 vertices=6 rho=6.4 anchor_shift=0
[FREE POLY] k=3 disc=1 raw=40 facets=4 vertices=7 rho=2.4 anchor_shift=0
[FREE POLY] k=3 disc=2 raw=40 facets=5 vertices=9 rho=6.4 anchor_shift=0
[FREE POLY] k=4 disc=0 raw=40 facets=3 vertices=6 rho=7.2 anchor_shift=0
[FREE POLY] k=4 disc=1 raw=40 facets=4 vertices=7 rho=3.2 anchor_shift=0
[FREE POLY] k=4 disc=2 raw=40 facets=6 vertices=10 rho=7.2 anchor_shift=0
[FREE POLY] k=5 disc=0 raw=40 facets=4 vertices=7 rho=8 anchor_shift=0
[FREE POLY] k=5 disc=1 raw=40 facets=6 vertices=9 rho=4 anchor_shift=0
[FREE POLY] k=5 disc=2 raw=40 facets=7 vertices=10 rho=8 anchor_shift=0
[FREE POLY] k=6 disc=0 raw=40 facets=4 vertices=7 rho=8.8 anchor_shift=0
[FREE POLY] k=6 disc=1 raw=40 facets=5 vertices=8 rho=4.8 anchor_shift=0
[FREE POLY] k=6 disc=2 raw=40 facets=7 vertices=10 rho=8.8 anchor_shift=0
[FREE POLY] k=7 disc=0 raw=40 facets=4 vertices=7 rho=9.6 anchor_shift=0
[FREE POLY] k=7 disc=1 raw=40 facets=4 vertices=7 rho=5.6 anchor_shift=0
[FREE POLY] k=7 disc=2 raw=40 facets=6 vertices=9 rho=9.6 anchor_shift=0
[FREE POLY] k=8 disc=0 raw=40 facets=4 vertices=7 rho=10.4 anchor_shift=0
[FREE POLY] k=8 disc=1 raw=40 facets=4 vertices=7 rho=6.4 anchor_shift=0
[FREE POLY] k=8 disc=2 raw=40 facets=5 vertices=8 rho=10.4 anchor_shift=0
[RF SUPPORT SEED] removed=0 support_limit=-1
[SQP] before_solve iter=0 vars=16 constraints=138 max_d=0.00101835
[QP WORST] iter=0 row=52 type=collision d=0.00101835
[QP WORST COLLISION] scenario=23 k=5 obstacle=0 disc=1
[SQP] after_solve iter=0 converged=1 status=0 iterations=5 primal_residual=3.88578e-16 dual_residual=5.276e-05 x_size=16 x_finite=1
[SQP LINESEARCH] iter=0 current_violation=0.00101835 accepted_violation=0.000253511 accepted=1 alpha=1 delta_u_norm=0.523873
[SQP SUPPORT] iter=0 support_size=0 support_limit=-1 support_ok=1
[SQP] before_solve iter=1 vars=16 constraints=138 max_d=0.000253511
[QP WORST] iter=1 row=68 type=collision d=0.000253511
[QP WORST COLLISION] scenario=23 k=6 obstacle=0 disc=1
[SQP] after_solve iter=1 converged=1 status=0 iterations=6 primal_residual=2.3947e-11 dual_residual=2.3135e-06 x_size=16 x_finite=1
[SQP LINESEARCH] iter=1 current_violation=0.000253511 accepted_violation=1.62087e-05 accepted=1 alpha=1 delta_u_norm=0.205586
[SQP SUPPORT] iter=1 support_size=0 support_limit=-1 support_ok=1
[SQP] before_solve iter=2 vars=16 constraints=138 max_d=1.62087e-05
[QP WORST] iter=2 row=68 type=collision d=1.62087e-05
[QP WORST COLLISION] scenario=23 k=6 obstacle=0 disc=1
[SQP] after_solve iter=2 converged=1 status=0 iterations=6 primal_residual=1.19524e-10 dual_residual=7.49675e-06 x_size=16 x_finite=1
[SQP LINESEARCH] iter=2 current_violation=1.62087e-05 accepted_violation=1.97273e-06 accepted=1 alpha=1 delta_u_norm=0.165265
[SQP SUPPORT] iter=2 support_size=0 support_limit=-1 support_ok=1
[SQP] before_solve iter=3 vars=16 constraints=138 max_d=1.97273e-06
[QP WORST] iter=3 row=68 type=collision d=1.97273e-06
[QP WORST COLLISION] scenario=23 k=6 obstacle=0 disc=1
[SQP] after_solve iter=3 converged=1 status=0 iterations=6 primal_residual=1.66376e-10 dual_residual=1.06512e-05 x_size=16 x_finite=1
[SQP LINESEARCH] iter=3 current_violation=1.97273e-06 accepted_violation=2.02408e-07 accepted=1 alpha=1 delta_u_norm=0.1503
[SQP SUPPORT] iter=3 support_size=0 support_limit=-1 support_ok=1
[SQP] before_solve iter=4 vars=16 constraints=138 max_d=2.02408e-07
[QP WORST] iter=4 row=68 type=collision d=2.02408e-07
[QP WORST COLLISION] scenario=23 k=6 obstacle=0 disc=1
[SQP] after_solve iter=4 converged=1 status=0 iterations=6 primal_residual=1.56104e-10 dual_residual=1.17247e-05 x_size=16 x_finite=1
[SQP LINESEARCH] iter=4 current_violation=2.02408e-07 accepted_violation=9.3395e-09 accepted=1 alpha=1 delta_u_norm=0.139873
[SQP SUPPORT] iter=4 support_size=0 support_limit=-1 support_ok=1
[SQP] before_solve iter=5 vars=16 constraints=138 max_d=9.3395e-09
[QP WORST] iter=5 row=68 type=collision d=9.3395e-09
[QP WORST COLLISION] scenario=23 k=6 obstacle=0 disc=1
[SQP] after_solve iter=5 converged=1 status=0 iterations=6 primal_residual=1.24008e-10 dual_residual=1.18629e-05 x_size=16 x_finite=1
[SQP LINESEARCH] iter=5 current_violation=9.3395e-09 accepted_violation=0 accepted=1 alpha=1 delta_u_norm=0.130841
[SQP SUPPORT] iter=5 support_size=0 support_limit=-1 support_ok=1
[SQP] before_solve iter=6 vars=16 constraints=138 max_d=-7.81574e-10
[QP WORST] iter=6 row=68 type=collision d=-7.81574e-10
[QP WORST COLLISION] scenario=23 k=6 obstacle=0 disc=1
[SQP] after_solve iter=6 converged=1 status=0 iterations=6 primal_residual=8.76748e-11 dual_residual=1.16624e-05 x_size=16 x_finite=1
[SQP LINESEARCH] iter=6 current_violation=0 accepted_violation=0 accepted=1 alpha=0.25 delta_u_norm=0.122682
[SQP SUPPORT] iter=6 support_size=0 support_limit=-1 support_ok=1
[SQP] before_solve iter=7 vars=16 constraints=138 max_d=-4.28752e-10
[QP WORST] iter=7 row=68 type=collision d=-4.28752e-10
[QP WORST COLLISION] scenario=23 k=6 obstacle=0 disc=1
[SQP] after_solve iter=7 converged=1 status=0 iterations=6 primal_residual=7.93262e-11 dual_residual=1.15889e-05 x_size=16 x_finite=1
[SQP LINESEARCH] iter=7 current_violation=0 accepted_violation=0 accepted=1 alpha=0.25 delta_u_norm=0.120812
[SQP SUPPORT] iter=7 support_size=0 support_limit=-1 support_ok=1
[SQP] before_solve iter=8 vars=16 constraints=138 max_d=-7.42588e-11
[QP WORST] iter=8 row=68 type=collision d=-7.42588e-11
[QP WORST COLLISION] scenario=23 k=6 obstacle=0 disc=1
[SQP] after_solve iter=8 converged=1 status=0 iterations=6 primal_residual=7.12148e-11 dual_residual=1.15149e-05 x_size=16 x_finite=1
[SQP LINESEARCH] iter=8 current_violation=0 accepted_violation=0 accepted=0 alpha=0 delta_u_norm=0.118981
[SQP] no additional feasible SQP step; keeping current collision-feasible iterate iter=8
[SQP SUPPORT] iter=8 support_size=0 support_limit=-1 support_ok=1
[SQP] before_solve iter=9 vars=16 constraints=138 max_d=-7.42588e-11
[QP WORST] iter=9 row=68 type=collision d=-7.42588e-11
[QP WORST COLLISION] scenario=23 k=6 obstacle=0 disc=1
[SQP] after_solve iter=9 converged=1 status=0 iterations=6 primal_residual=7.12148e-11 dual_residual=1.15149e-05 x_size=16 x_finite=1
[SQP LINESEARCH] iter=9 current_violation=0 accepted_violation=0 accepted=0 alpha=0 delta_u_norm=0.118981
[SQP] no additional feasible SQP step; keeping current collision-feasible iterate iter=9
[SQP SUPPORT] iter=9 support_size=0 support_limit=-1 support_ok=1
[SQP FINAL] final_violation=0 violated_constraints=0
[SUPPORT FINAL] sqp_union=0 final_active=1 support_limit=-1
[SUPPORT FINAL IDS] 23
[SUPPORT UNION IDS]
[COLD START RECOVERY CHECK] ordinary_sqp_failed=0 seed_available=1 incompatible=0 try_homotopy=0
[HARNESS RESULT] step=22 success=1 controls=8 first_input_present=1
[MPC STEP METRICS] step=22 applied=1 success=1 fallback=0 a=0.138074 omega=0.667239 dt=0.1 acceleration_weight=0.1 steering_weight=0.1 control_cost_unweighted=0.464272 control_cost_weighted=0.0464272 mpc_cost=-15.3285 solve_time=0.0532546 qp_solve_time=0.0403184 constraint_time=0.00781252 dro_risk_time=0 ambiguity_radius=0 certificate=not_requested
[EVAL SAFETY] step=23 min_center_distance=1.21016 min_clearance=0.260158 collision_this_step=0 collision_run=0 collision_radius=0.95
[RF BACKUP] available=1 controls=8 states=9
[FREE POLY] k=1 disc=0 raw=40 facets=3 vertices=6 rho=4.8 anchor_shift=0
[FREE POLY] k=1 disc=1 raw=40 facets=2 vertices=6 rho=0.800001 anchor_shift=0
[FREE POLY] k=1 disc=2 raw=40 facets=4 vertices=8 rho=4.8 anchor_shift=0
[FREE POLY] k=2 disc=0 raw=40 facets=4 vertices=7 rho=5.6 anchor_shift=0
[FREE POLY] k=2 disc=1 raw=40 facets=3 vertices=6 rho=1.6 anchor_shift=0
[FREE POLY] k=2 disc=2 raw=40 facets=3 vertices=7 rho=5.6 anchor_shift=0
[FREE POLY] k=3 disc=0 raw=40 facets=4 vertices=7 rho=6.4 anchor_shift=0
[FREE POLY] k=3 disc=1 raw=40 facets=3 vertices=6 rho=2.4 anchor_shift=0
[FREE POLY] k=3 disc=2 raw=40 facets=3 vertices=7 rho=6.4 anchor_shift=0
[FREE POLY] k=4 disc=0 raw=40 facets=3 vertices=6 rho=7.2 anchor_shift=0
[FREE POLY] k=4 disc=1 raw=40 facets=3 vertices=6 rho=3.2 anchor_shift=0
[FREE POLY] k=4 disc=2 raw=40 facets=3 vertices=6 rho=7.2 anchor_shift=0
[FREE POLY] k=5 disc=0 raw=40 facets=3 vertices=6 rho=8 anchor_shift=0
[FREE POLY] k=5 disc=1 raw=40 facets=5 vertices=8 rho=4 anchor_shift=0
[FREE POLY] k=5 disc=2 raw=40 facets=4 vertices=7 rho=8 anchor_shift=0
[FREE POLY] k=6 disc=0 raw=40 facets=2 vertices=5 rho=8.8 anchor_shift=0
[FREE POLY] k=6 disc=1 raw=40 facets=5 vertices=8 rho=4.8 anchor_shift=0
[FREE POLY] k=6 disc=2 raw=40 facets=4 vertices=7 rho=8.8 anchor_shift=0
[FREE POLY] k=7 disc=0 raw=40 facets=2 vertices=5 rho=9.6 anchor_shift=0
[FREE POLY] k=7 disc=1 raw=40 facets=4 vertices=7 rho=5.6 anchor_shift=0
[FREE POLY] k=7 disc=2 raw=40 facets=3 vertices=6 rho=9.6 anchor_shift=0
[FREE POLY] k=8 disc=0 raw=40 facets=2 vertices=5 rho=10.4 anchor_shift=0
[FREE POLY] k=8 disc=1 raw=40 facets=4 vertices=7 rho=6.4 anchor_shift=0
[FREE POLY] k=8 disc=2 raw=40 facets=3 vertices=6 rho=10.4 anchor_shift=0
[RF SUPPORT SEED] removed=0 support_limit=-1
[SQP] before_solve iter=0 vars=16 constraints=111 max_d=0.0295441
[QP WORST] iter=0 row=43 type=collision d=0.0295441
[QP WORST COLLISION] scenario=22 k=5 obstacle=0 disc=1
[SQP] after_solve iter=0 converged=1 status=0 iterations=5 primal_residual=1.10848e-07 dual_residual=7.05195e-05 x_size=16 x_finite=1
[SQP LINESEARCH] iter=0 current_violation=0.0295441 accepted_violation=0 accepted=1 alpha=1 delta_u_norm=0.377587
[SQP SUPPORT] iter=0 support_size=0 support_limit=-1 support_ok=1
[SQP] before_solve iter=1 vars=16 constraints=111 max_d=-0.000107922
[QP WORST] iter=1 row=43 type=collision d=-0.000107922
[QP WORST COLLISION] scenario=22 k=5 obstacle=0 disc=1
[SQP] after_solve iter=1 converged=1 status=0 iterations=5 primal_residual=2.68804e-07 dual_residual=8.85462e-05 x_size=16 x_finite=1
[SQP LINESEARCH] iter=1 current_violation=0 accepted_violation=0 accepted=1 alpha=0.5 delta_u_norm=0.245619
[SQP SUPPORT] iter=1 support_size=0 support_limit=-1 support_ok=1
[SQP] before_solve iter=2 vars=16 constraints=111 max_d=-5.43136e-05
[QP WORST] iter=2 row=43 type=collision d=-5.43136e-05
[QP WORST COLLISION] scenario=22 k=5 obstacle=0 disc=1
[SQP] after_solve iter=2 converged=1 status=0 iterations=5 primal_residual=3.4345e-07 dual_residual=9.6698e-05 x_size=16 x_finite=1
[SQP LINESEARCH] iter=2 current_violation=0 accepted_violation=0 accepted=1 alpha=1 delta_u_norm=0.193732
[SQP SUPPORT] iter=2 support_size=0 support_limit=-1 support_ok=1
[SQP] before_solve iter=3 vars=16 constraints=111 max_d=-1.42542e-06
[QP WORST] iter=3 row=43 type=collision d=-1.42542e-06
[QP WORST COLLISION] scenario=22 k=5 obstacle=0 disc=1
[SQP] after_solve iter=3 converged=1 status=0 iterations=5 primal_residual=2.42798e-08 dual_residual=9.30071e-05 x_size=16 x_finite=1
[SQP LINESEARCH] iter=3 current_violation=0 accepted_violation=0 accepted=1 alpha=1 delta_u_norm=0.153561
[SQP SUPPORT] iter=3 support_size=0 support_limit=-1 support_ok=1
[SQP] before_solve iter=4 vars=16 constraints=111 max_d=-1.34703e-07
[QP WORST] iter=4 row=43 type=collision d=-1.34703e-07
[QP WORST COLLISION] scenario=22 k=5 obstacle=0 disc=1
[SQP] after_solve iter=4 converged=1 status=0 iterations=5 primal_residual=5.58813e-08 dual_residual=7.76929e-05 x_size=16 x_finite=1
[SQP LINESEARCH] iter=4 current_violation=0 accepted_violation=0 accepted=1 alpha=1 delta_u_norm=0.14195
[SQP SUPPORT] iter=4 support_size=0 support_limit=-1 support_ok=1
[SQP] before_solve iter=5 vars=16 constraints=111 max_d=-6.89962e-07
[QP WORST] iter=5 row=43 type=collision d=-6.89962e-07
[QP WORST COLLISION] scenario=22 k=5 obstacle=0 disc=1
[SQP] after_solve iter=5 converged=1 status=0 iterations=5 primal_residual=4.29553e-08 dual_residual=7.79027e-05 x_size=16 x_finite=1
[SQP LINESEARCH] iter=5 current_violation=0 accepted_violation=0 accepted=1 alpha=1 delta_u_norm=0.12977
[SQP SUPPORT] iter=5 support_size=0 support_limit=-1 support_ok=1
[SQP] before_solve iter=6 vars=16 constraints=111 max_d=-7.79917e-07
[QP WORST] iter=6 row=43 type=collision d=-7.79917e-07
[QP WORST COLLISION] scenario=22 k=5 obstacle=0 disc=1
[SQP] after_solve iter=6 converged=1 status=0 iterations=5 primal_residual=5.94482e-08 dual_residual=8.83394e-05 x_size=16 x_finite=1
[SQP LINESEARCH] iter=6 current_violation=0 accepted_violation=0 accepted=1 alpha=1 delta_u_norm=0.120481
[SQP SUPPORT] iter=6 support_size=0 support_limit=-1 support_ok=1
[SQP] before_solve iter=7 vars=16 constraints=111 max_d=-9.4652e-07
[QP WORST] iter=7 row=43 type=collision d=-9.4652e-07
[QP WORST COLLISION] scenario=22 k=5 obstacle=0 disc=1
[SQP] after_solve iter=7 converged=1 status=0 iterations=5 primal_residual=6.58348e-08 dual_residual=9.09425e-05 x_size=16 x_finite=1
[SQP LINESEARCH] iter=7 current_violation=0 accepted_violation=0 accepted=1 alpha=1 delta_u_norm=0.113508
[SQP SUPPORT] iter=7 support_size=0 support_limit=-1 support_ok=1
[SQP] before_solve iter=8 vars=16 constraints=111 max_d=-9.72276e-07
[QP WORST] iter=8 row=43 type=collision d=-9.72276e-07
[QP WORST COLLISION] scenario=22 k=5 obstacle=0 disc=1
[SQP] after_solve iter=8 converged=1 status=0 iterations=5 primal_residual=6.6802e-08 dual_residual=9.10744e-05 x_size=16 x_finite=1
[SQP LINESEARCH] iter=8 current_violation=0 accepted_violation=0 accepted=1 alpha=1 delta_u_norm=0.1072
[SQP SUPPORT] iter=8 support_size=0 support_limit=-1 support_ok=1
[SQP] before_solve iter=9 vars=16 constraints=111 max_d=-9.66041e-07
[QP WORST] iter=9 row=43 type=collision d=-9.66041e-07
[QP WORST COLLISION] scenario=22 k=5 obstacle=0 disc=1
[SQP] after_solve iter=9 converged=1 status=0 iterations=5 primal_residual=6.6754e-08 dual_residual=9.07917e-05 x_size=16 x_finite=1
[SQP LINESEARCH] iter=9 current_violation=0 accepted_violation=0 accepted=1 alpha=1 delta_u_norm=0.101364
[SQP SUPPORT] iter=9 support_size=0 support_limit=-1 support_ok=1
[SQP FINAL] final_violation=0 violated_constraints=0
[SUPPORT FINAL] sqp_union=0 final_active=1 support_limit=-1
[SUPPORT FINAL IDS] 22
[SUPPORT UNION IDS]
[COLD START RECOVERY CHECK] ordinary_sqp_failed=0 seed_available=1 incompatible=0 try_homotopy=0
[HARNESS RESULT] step=23 success=1 controls=8 first_input_present=1
[MPC STEP METRICS] step=23 applied=1 success=1 fallback=0 a=0.209054 omega=0.794449 dt=0.1 acceleration_weight=0.1 steering_weight=0.1 control_cost_unweighted=0.674852 control_cost_weighted=0.0674852 mpc_cost=-14.7603 solve_time=0.0480553 qp_solve_time=0.0303583 constraint_time=0.0103867 dro_risk_time=0 ambiguity_radius=0 certificate=not_requested
[EVAL SAFETY] step=24 min_center_distance=1.10856 min_clearance=0.158562 collision_this_step=0 collision_run=0 collision_radius=0.95
[RF BACKUP] available=1 controls=8 states=9
[FREE POLY] k=1 disc=0 raw=40 facets=3 vertices=6 rho=4.8 anchor_shift=0
[FREE POLY] k=1 disc=1 raw=40 facets=2 vertices=5 rho=0.800001 anchor_shift=0
[FREE POLY] k=1 disc=2 raw=40 facets=3 vertices=7 rho=4.8 anchor_shift=0
[FREE POLY] k=2 disc=0 raw=40 facets=5 vertices=8 rho=5.6 anchor_shift=0
[FREE POLY] k=2 disc=1 raw=40 facets=4 vertices=7 rho=1.6 anchor_shift=0
[FREE POLY] k=2 disc=2 raw=40 facets=4 vertices=8 rho=5.6 anchor_shift=0
[FREE POLY] k=3 disc=0 raw=40 facets=4 vertices=7 rho=6.4 anchor_shift=0
[FREE POLY] k=3 disc=1 raw=40 facets=5 vertices=8 rho=2.4 anchor_shift=0
[FREE POLY] k=3 disc=2 raw=40 facets=4 vertices=8 rho=6.4 anchor_shift=0
[FREE POLY] k=4 disc=0 raw=40 facets=3 vertices=6 rho=7.2 anchor_shift=0
[FREE POLY] k=4 disc=1 raw=40 facets=5 vertices=8 rho=3.2 anchor_shift=0
[FREE POLY] k=4 disc=2 raw=40 facets=5 vertices=8 rho=7.2 anchor_shift=0
[FREE POLY] k=5 disc=0 raw=40 facets=2 vertices=5 rho=8 anchor_shift=0
[FREE POLY] k=5 disc=1 raw=40 facets=4 vertices=7 rho=4 anchor_shift=0
[FREE POLY] k=5 disc=2 raw=40 facets=5 vertices=8 rho=8 anchor_shift=0
[FREE POLY] k=6 disc=0 raw=40 facets=3 vertices=6 rho=8.8 anchor_shift=0
[FREE POLY] k=6 disc=1 raw=40 facets=4 vertices=7 rho=4.8 anchor_shift=0
[FREE POLY] k=6 disc=2 raw=40 facets=5 vertices=8 rho=8.8 anchor_shift=0
[FREE POLY] k=7 disc=0 raw=40 facets=3 vertices=6 rho=9.6 anchor_shift=0
[FREE POLY] k=7 disc=1 raw=40 facets=5 vertices=8 rho=5.6 anchor_shift=0
[FREE POLY] k=7 disc=2 raw=40 facets=5 vertices=8 rho=9.6 anchor_shift=0
[FREE POLY] k=8 disc=0 raw=40 facets=4 vertices=7 rho=10.4 anchor_shift=0
[FREE POLY] k=8 disc=1 raw=40 facets=5 vertices=8 rho=6.4 anchor_shift=0
[FREE POLY] k=8 disc=2 raw=40 facets=6 vertices=9 rho=10.4 anchor_shift=0
[RF SUPPORT SEED] removed=0 support_limit=-1
[SQP] before_solve iter=0 vars=16 constraints=130 max_d=-0.038278
[QP WORST] iter=0 row=29 type=collision d=-0.038278
[QP WORST COLLISION] scenario=37 k=3 obstacle=0 disc=1
[SQP] after_solve iter=0 converged=1 status=0 iterations=5 primal_residual=3.88578e-16 dual_residual=4.78429e-06 x_size=16 x_finite=1
[SQP LINESEARCH] iter=0 current_violation=0 accepted_violation=0 accepted=1 alpha=0.5 delta_u_norm=0.519603
[SQP SUPPORT] iter=0 support_size=0 support_limit=-1 support_ok=1
[SQP] before_solve iter=1 vars=16 constraints=130 max_d=-0.0199356
[QP WORST] iter=1 row=41 type=collision d=-0.0199356
[QP WORST COLLISION] scenario=37 k=4 obstacle=0 disc=1
[SQP] after_solve iter=1 converged=1 status=0 iterations=6 primal_residual=5.27854e-11 dual_residual=4.18737e-07 x_size=16 x_finite=1
[SQP LINESEARCH] iter=1 current_violation=0 accepted_violation=0 accepted=1 alpha=0.5 delta_u_norm=0.310631
[SQP SUPPORT] iter=1 support_size=0 support_limit=-1 support_ok=1
[SQP] before_solve iter=2 vars=16 constraints=130 max_d=-0.00994274
[QP WORST] iter=2 row=41 type=collision d=-0.00994274
[QP WORST COLLISION] scenario=37 k=4 obstacle=0 disc=1
[SQP] after_solve iter=2 converged=1 status=0 iterations=6 primal_residual=1.38602e-10 dual_residual=1.23631e-06 x_size=16 x_finite=1
[SQP LINESEARCH] iter=2 current_violation=0 accepted_violation=0 accepted=1 alpha=0.5 delta_u_norm=0.22836
[SQP SUPPORT] iter=2 support_size=0 support_limit=-1 support_ok=1
[SQP] before_solve iter=3 vars=16 constraints=130 max_d=-0.00496663
[QP WORST] iter=3 row=41 type=collision d=-0.00496663
[QP WORST COLLISION] scenario=37 k=4 obstacle=0 disc=1
[SQP] after_solve iter=3 converged=1 status=0 iterations=6 primal_residual=4.39326e-11 dual_residual=1.73423e-06 x_size=16 x_finite=1
[SQP LINESEARCH] iter=3 current_violation=0 accepted_violation=0 accepted=1 alpha=0.5 delta_u_norm=0.195877
[SQP SUPPORT] iter=3 support_size=0 support_limit=-1 support_ok=1
[SQP] before_solve iter=4 vars=16 constraints=130 max_d=-0.00248291
[QP WORST] iter=4 row=41 type=collision d=-0.00248291
[QP WORST COLLISION] scenario=37 k=4 obstacle=0 disc=1
[SQP] after_solve iter=4 converged=1 status=0 iterations=6 primal_residual=4.87439e-11 dual_residual=1.79648e-06 x_size=16 x_finite=1
[SQP LINESEARCH] iter=4 current_violation=0 accepted_violation=0 accepted=1 alpha=1 delta_u_norm=0.179654
[SQP SUPPORT] iter=4 support_size=0 support_limit=-1 support_ok=1
[SQP] before_solve iter=5 vars=16 constraints=130 max_d=-1.13776e-06
[QP WORST] iter=5 row=41 type=collision d=-1.13776e-06
[QP WORST COLLISION] scenario=37 k=4 obstacle=0 disc=1
[SQP] after_solve iter=5 converged=1 status=0 iterations=6 primal_residual=6.62493e-11 dual_residual=1.45809e-06 x_size=16 x_finite=1
[SQP LINESEARCH] iter=5 current_violation=0 accepted_violation=0 accepted=1 alpha=0.5 delta_u_norm=0.159488
[SQP SUPPORT] iter=5 support_size=0 support_limit=-1 support_ok=1
[SQP] before_solve iter=6 vars=16 constraints=130 max_d=-5.47247e-07
[QP WORST] iter=6 row=41 type=collision d=-5.47247e-07
[QP WORST COLLISION] scenario=37 k=4 obstacle=0 disc=1
[SQP] after_solve iter=6 converged=1 status=0 iterations=6 primal_residual=6.31321e-11 dual_residual=1.17178e-06 x_size=16 x_finite=1
[SQP LINESEARCH] iter=6 current_violation=0 accepted_violation=0 accepted=1 alpha=0.5 delta_u_norm=0.152133
[SQP SUPPORT] iter=6 support_size=0 support_limit=-1 support_ok=1
[SQP] before_solve iter=7 vars=16 constraints=130 max_d=-2.60145e-07
[QP WORST] iter=7 row=41 type=collision d=-2.60145e-07
[QP WORST COLLISION] scenario=37 k=4 obstacle=0 disc=1
[SQP] after_solve iter=7 converged=1 status=0 iterations=6 primal_residual=5.98664e-11 dual_residual=9.79006e-07 x_size=16 x_finite=1
[SQP LINESEARCH] iter=7 current_violation=0 accepted_violation=0 accepted=1 alpha=0.5 delta_u_norm=0.145831
[SQP SUPPORT] iter=7 support_size=0 support_limit=-1 support_ok=1
[SQP] before_solve iter=8 vars=16 constraints=130 max_d=-1.24083e-07
[QP WORST] iter=8 row=41 type=collision d=-1.24083e-07
[QP WORST COLLISION] scenario=37 k=4 obstacle=0 disc=1
[SQP] after_solve iter=8 converged=1 status=0 iterations=6 primal_residual=5.76205e-11 dual_residual=8.45104e-07 x_size=16 x_finite=1
[SQP LINESEARCH] iter=8 current_violation=0 accepted_violation=0 accepted=1 alpha=1 delta_u_norm=0.140323
[SQP SUPPORT] iter=8 support_size=0 support_limit=-1 support_ok=1
[SQP] before_solve iter=9 vars=16 constraints=130 max_d=-8.7368e-10
[QP WORST] iter=9 row=41 type=collision d=-8.7368e-10
[QP WORST COLLISION] scenario=37 k=4 obstacle=0 disc=1
[SQP] after_solve iter=9 converged=1 status=0 iterations=6 primal_residual=5.28797e-11 dual_residual=6.62103e-07 x_size=16 x_finite=1
[SQP LINESEARCH] iter=9 current_violation=0 accepted_violation=0 accepted=1 alpha=1 delta_u_norm=0.13071
[SQP SUPPORT] iter=9 support_size=0 support_limit=-1 support_ok=1
[SQP FINAL] final_violation=0 violated_constraints=0
[SUPPORT FINAL] sqp_union=0 final_active=1 support_limit=-1
[SUPPORT FINAL IDS] 37
[SUPPORT UNION IDS]
[COLD START RECOVERY CHECK] ordinary_sqp_failed=0 seed_available=1 incompatible=0 try_homotopy=0
[HARNESS RESULT] step=24 success=1 controls=8 first_input_present=1
[MPC STEP METRICS] step=24 applied=1 success=1 fallback=0 a=0.182708 omega=0.512764 dt=0.1 acceleration_weight=0.1 steering_weight=0.1 control_cost_unweighted=0.296309 control_cost_weighted=0.0296309 mpc_cost=-15.1756 solve_time=0.049886 qp_solve_time=0.0371473 constraint_time=0.00765283 dro_risk_time=0 ambiguity_radius=0 certificate=not_requested
[EVAL SAFETY] step=25 min_center_distance=1.04236 min_clearance=0.0923587 collision_this_step=0 collision_run=0 collision_radius=0.95
[RF BACKUP] available=1 controls=8 states=9
[FREE POLY] k=1 disc=0 raw=40 facets=3 vertices=6 rho=4.8 anchor_shift=0
[FREE POLY] k=1 disc=1 raw=40 facets=3 vertices=6 rho=0.800001 anchor_shift=0
[FREE POLY] k=1 disc=2 raw=40 facets=3 vertices=7 rho=4.8 anchor_shift=0
[FREE POLY] k=2 disc=0 raw=40 facets=3 vertices=6 rho=5.6 anchor_shift=0
[FREE POLY] k=2 disc=1 raw=40 facets=4 vertices=7 rho=1.6 anchor_shift=0
[FREE POLY] k=2 disc=2 raw=40 facets=3 vertices=6 rho=5.6 anchor_shift=0
[FREE POLY] k=3 disc=0 raw=40 facets=3 vertices=6 rho=6.4 anchor_shift=0
[FREE POLY] k=3 disc=1 raw=40 facets=4 vertices=7 rho=2.4 anchor_shift=0
[FREE POLY] k=3 disc=2 raw=40 facets=3 vertices=6 rho=6.4 anchor_shift=0
[FREE POLY] k=4 disc=0 raw=40 facets=3 vertices=6 rho=7.2 anchor_shift=0
[FREE POLY] k=4 disc=1 raw=40 facets=4 vertices=7 rho=3.2 anchor_shift=0
[FREE POLY] k=4 disc=2 raw=40 facets=3 vertices=6 rho=7.2 anchor_shift=0
[FREE POLY] k=5 disc=0 raw=40 facets=3 vertices=6 rho=8 anchor_shift=0
[FREE POLY] k=5 disc=1 raw=40 facets=5 vertices=8 rho=4 anchor_shift=0
[FREE POLY] k=5 disc=2 raw=40 facets=4 vertices=7 rho=8 anchor_shift=0
[FREE POLY] k=6 disc=0 raw=40 facets=5 vertices=8 rho=8.8 anchor_shift=0
[FREE POLY] k=6 disc=1 raw=40 facets=5 vertices=8 rho=4.8 anchor_shift=0
[FREE POLY] k=6 disc=2 raw=40 facets=4 vertices=7 rho=8.8 anchor_shift=0
[FREE POLY] k=7 disc=0 raw=40 facets=5 vertices=8 rho=9.6 anchor_shift=0
[FREE POLY] k=7 disc=1 raw=40 facets=5 vertices=8 rho=5.6 anchor_shift=0
[FREE POLY] k=7 disc=2 raw=40 facets=4 vertices=7 rho=9.6 anchor_shift=0
[FREE POLY] k=8 disc=0 raw=40 facets=6 vertices=8 rho=10.4 anchor_shift=0
[FREE POLY] k=8 disc=1 raw=40 facets=4 vertices=7 rho=6.4 anchor_shift=0
[FREE POLY] k=8 disc=2 raw=40 facets=5 vertices=8 rho=10.4 anchor_shift=0
[RF SUPPORT SEED] removed=0 support_limit=-1
[SQP] before_solve iter=0 vars=16 constraints=126 max_d=-0.0145833
[QP WORST] iter=0 row=24 type=collision d=-0.0145833
[QP WORST COLLISION] scenario=33 k=3 obstacle=0 disc=1
[SQP] after_solve iter=0 converged=1 status=0 iterations=6 primal_residual=4.04191e-16 dual_residual=2.02092e-06 x_size=16 x_finite=1
[SQP LINESEARCH] iter=0 current_violation=0 accepted_violation=0 accepted=1 alpha=0.5 delta_u_norm=0.382145
[SQP SUPPORT] iter=0 support_size=0 support_limit=-1 support_ok=1
[SQP] before_solve iter=1 vars=16 constraints=126 max_d=-0.00727382
[QP WORST] iter=1 row=24 type=collision d=-0.00727382
[QP WORST COLLISION] scenario=33 k=3 obstacle=0 disc=1
[SQP] after_solve iter=1 converged=1 status=0 iterations=6 primal_residual=4.44089e-16 dual_residual=8.85635e-06 x_size=16 x_finite=1
[SQP LINESEARCH] iter=1 current_violation=0 accepted_violation=0 accepted=1 alpha=0.5 delta_u_norm=0.260625
[SQP SUPPORT] iter=1 support_size=0 support_limit=-1 support_ok=1
[SQP] before_solve iter=2 vars=16 constraints=126 max_d=-0.00363346
[QP WORST] iter=2 row=24 type=collision d=-0.00363346
[QP WORST COLLISION] scenario=33 k=3 obstacle=0 disc=1
[SQP] after_solve iter=2 converged=1 status=0 iterations=6 primal_residual=4.09395e-16 dual_residual=2.72351e-05 x_size=16 x_finite=1
[SQP LINESEARCH] iter=2 current_violation=0 accepted_violation=0 accepted=1 alpha=0.5 delta_u_norm=0.21187
[SQP SUPPORT] iter=2 support_size=0 support_limit=-1 support_ok=1
[SQP] before_solve iter=3 vars=16 constraints=126 max_d=-0.00181963
[QP WORST] iter=3 row=24 type=collision d=-0.00181963
[QP WORST COLLISION] scenario=33 k=3 obstacle=0 disc=1
[SQP] after_solve iter=3 converged=1 status=0 iterations=6 primal_residual=2.88381e-10 dual_residual=2.93933e-05 x_size=16 x_finite=1
[SQP LINESEARCH] iter=3 current_violation=0 accepted_violation=0 accepted=1 alpha=0.5 delta_u_norm=0.19026
[SQP SUPPORT] iter=3 support_size=0 support_limit=-1 support_ok=1
[SQP] before_solve iter=4 vars=16 constraints=126 max_d=-0.000914057
[QP WORST] iter=4 row=24 type=collision d=-0.000914057
[QP WORST COLLISION] scenario=33 k=3 obstacle=0 disc=1
[SQP] after_solve iter=4 converged=1 status=0 iterations=6 primal_residual=1.54979e-09 dual_residual=1.62706e-05 x_size=16 x_finite=1
[SQP LINESEARCH] iter=4 current_violation=0 accepted_violation=0 accepted=1 alpha=0.5 delta_u_norm=0.178182
[SQP SUPPORT] iter=4 support_size=0 support_limit=-1 support_ok=1
[SQP] before_solve iter=5 vars=16 constraints=126 max_d=-0.000457485
[QP WORST] iter=5 row=24 type=collision d=-0.000457485
[QP WORST COLLISION] scenario=33 k=3 obstacle=0 disc=1
[SQP] after_solve iter=5 converged=1 status=0 iterations=6 primal_residual=8.07724e-08 dual_residual=6.12423e-05 x_size=16 x_finite=1
[SQP LINESEARCH] iter=5 current_violation=0 accepted_violation=0 accepted=1 alpha=1 delta_u_norm=0.170327
[SQP SUPPORT] iter=5 support_size=0 support_limit=-1 support_ok=1
[SQP] before_solve iter=6 vars=16 constraints=126 max_d=-1.82626e-07
[QP WORST] iter=6 row=34 type=collision d=-1.82626e-07
[QP WORST COLLISION] scenario=33 k=4 obstacle=0 disc=1
[SQP] after_solve iter=6 converged=1 status=0 iterations=7 primal_residual=1.68764e-08 dual_residual=5.48173e-05 x_size=16 x_finite=1
[SQP LINESEARCH] iter=6 current_violation=0 accepted_violation=0 accepted=1 alpha=1 delta_u_norm=0.15627
[SQP SUPPORT] iter=6 support_size=0 support_limit=-1 support_ok=1
[SQP] before_solve iter=7 vars=16 constraints=126 max_d=-1.63715e-06
[QP WORST] iter=7 row=24 type=collision d=-1.63715e-06
[QP WORST COLLISION] scenario=33 k=3 obstacle=0 disc=1
[SQP] after_solve iter=7 converged=1 status=0 iterations=7 primal_residual=1.27613e-08 dual_residual=4.4259e-05 x_size=16 x_finite=1
[SQP LINESEARCH] iter=7 current_violation=0 accepted_violation=0 accepted=1 alpha=1 delta_u_norm=0.146092
[SQP SUPPORT] iter=7 support_size=0 support_limit=-1 support_ok=1
[SQP] before_solve iter=8 vars=16 constraints=126 max_d=-1.47566e-06
[QP WORST] iter=8 row=24 type=collision d=-1.47566e-06
[QP WORST COLLISION] scenario=33 k=3 obstacle=0 disc=1
[SQP] after_solve iter=8 converged=1 status=0 iterations=7 primal_residual=1.16277e-08 dual_residual=3.71345e-05 x_size=16 x_finite=1
[SQP LINESEARCH] iter=8 current_violation=0 accepted_violation=0 accepted=1 alpha=1 delta_u_norm=0.137215
[SQP SUPPORT] iter=8 support_size=0 support_limit=-1 support_ok=1
[SQP] before_solve iter=9 vars=16 constraints=126 max_d=-1.43167e-06
[QP WORST] iter=9 row=24 type=collision d=-1.43167e-06
[QP WORST COLLISION] scenario=33 k=3 obstacle=0 disc=1
[SQP] after_solve iter=9 converged=1 status=0 iterations=7 primal_residual=5.77719e-09 dual_residual=2.15187e-05 x_size=16 x_finite=1
[SQP LINESEARCH] iter=9 current_violation=0 accepted_violation=0 accepted=1 alpha=1 delta_u_norm=0.129099
[SQP SUPPORT] iter=9 support_size=0 support_limit=-1 support_ok=1
[SQP FINAL] final_violation=0 violated_constraints=0
[SUPPORT FINAL] sqp_union=0 final_active=1 support_limit=-1
[SUPPORT FINAL IDS] 33
[SUPPORT UNION IDS]
[COLD START RECOVERY CHECK] ordinary_sqp_failed=0 seed_available=1 incompatible=0 try_homotopy=0
[HARNESS RESULT] step=25 success=1 controls=8 first_input_present=1
[MPC STEP METRICS] step=25 applied=1 success=1 fallback=0 a=0.206471 omega=-0.701342 dt=0.1 acceleration_weight=0.1 steering_weight=0.1 control_cost_unweighted=0.534511 control_cost_weighted=0.0534511 mpc_cost=-15.3032 solve_time=0.0414443 qp_solve_time=0.0288242 constraint_time=0.00744474 dro_risk_time=0 ambiguity_radius=0 certificate=not_requested
[EVAL SAFETY] step=26 min_center_distance=1.00495 min_clearance=0.0549451 collision_this_step=0 collision_run=0 collision_radius=0.95
[RF BACKUP] available=1 controls=8 states=9
[FREE POLY] k=1 disc=0 raw=40 facets=4 vertices=7 rho=4.8 anchor_shift=0
[FREE POLY] k=1 disc=1 raw=40 facets=3 vertices=6 rho=0.800001 anchor_shift=0
[FREE POLY] k=1 disc=2 raw=40 facets=3 vertices=6 rho=4.8 anchor_shift=0
[FREE POLY] k=2 disc=0 raw=40 facets=5 vertices=8 rho=5.6 anchor_shift=0
[FREE POLY] k=2 disc=1 raw=40 facets=3 vertices=6 rho=1.6 anchor_shift=0
[FREE POLY] k=2 disc=2 raw=40 facets=3 vertices=6 rho=5.6 anchor_shift=0
[FREE POLY] k=3 disc=0 raw=40 facets=5 vertices=8 rho=6.4 anchor_shift=0
[FREE POLY] k=3 disc=1 raw=40 facets=5 vertices=8 rho=2.4 anchor_shift=0
[FREE POLY] k=3 disc=2 raw=40 facets=5 vertices=8 rho=6.4 anchor_shift=0
[FREE POLY] k=4 disc=0 raw=40 facets=6 vertices=9 rho=7.2 anchor_shift=0
[FREE POLY] k=4 disc=1 raw=40 facets=5 vertices=8 rho=3.2 anchor_shift=0
[FREE POLY] k=4 disc=2 raw=40 facets=3 vertices=6 rho=7.2 anchor_shift=0
[FREE POLY] k=5 disc=0 raw=40 facets=4 vertices=7 rho=8 anchor_shift=0
[FREE POLY] k=5 disc=1 raw=40 facets=4 vertices=7 rho=4 anchor_shift=0
[FREE POLY] k=5 disc=2 raw=40 facets=4 vertices=7 rho=8 anchor_shift=0
[FREE POLY] k=6 disc=0 raw=40 facets=3 vertices=6 rho=8.8 anchor_shift=0
[FREE POLY] k=6 disc=1 raw=40 facets=7 vertices=10 rho=4.8 anchor_shift=0
[FREE POLY] k=6 disc=2 raw=40 facets=6 vertices=9 rho=8.8 anchor_shift=0
[FREE POLY] k=7 disc=0 raw=40 facets=4 vertices=6 rho=9.6 anchor_shift=0
[FREE POLY] k=7 disc=1 raw=40 facets=6 vertices=9 rho=5.6 anchor_shift=0
[FREE POLY] k=7 disc=2 raw=40 facets=5 vertices=8 rho=9.6 anchor_shift=0
[FREE POLY] k=8 disc=0 raw=40 facets=4 vertices=6 rho=10.4 anchor_shift=0
[FREE POLY] k=8 disc=1 raw=40 facets=6 vertices=8 rho=6.4 anchor_shift=0
[FREE POLY] k=8 disc=2 raw=40 facets=4 vertices=7 rho=10.4 anchor_shift=0
[RF SUPPORT SEED] removed=0 support_limit=-1
[SQP] before_solve iter=0 vars=16 constraints=139 max_d=-0.0223044
[QP WORST] iter=0 row=15 type=collision d=-0.0223044
[QP WORST COLLISION] scenario=2 k=2 obstacle=0 disc=1
[SQP] after_solve iter=0 converged=1 status=0 iterations=5 primal_residual=7.67619e-08 dual_residual=9.47863e-05 x_size=16 x_finite=1
[SQP LINESEARCH] iter=0 current_violation=0 accepted_violation=0 accepted=1 alpha=1 delta_u_norm=0.348261
[SQP SUPPORT] iter=0 support_size=0 support_limit=-1 support_ok=1
[SQP] before_solve iter=1 vars=16 constraints=139 max_d=-0.0218792
[QP WORST] iter=1 row=15 type=collision d=-0.0218792
[QP WORST COLLISION] scenario=2 k=2 obstacle=0 disc=1
[SQP] after_solve iter=1 converged=1 status=0 iterations=5 primal_residual=3.7817e-16 dual_residual=1.47563e-05 x_size=16 x_finite=1
[SQP LINESEARCH] iter=1 current_violation=0 accepted_violation=0 accepted=1 alpha=1 delta_u_norm=0.244483
[SQP SUPPORT] iter=1 support_size=0 support_limit=-1 support_ok=1
[SQP] before_solve iter=2 vars=16 constraints=139 max_d=-0.021794
[QP WORST] iter=2 row=15 type=collision d=-0.021794
[QP WORST COLLISION] scenario=2 k=2 obstacle=0 disc=1
[SQP] after_solve iter=2 converged=1 status=0 iterations=5 primal_residual=2.31095e-08 dual_residual=3.65249e-05 x_size=16 x_finite=1
[SQP LINESEARCH] iter=2 current_violation=0 accepted_violation=0 accepted=1 alpha=1 delta_u_norm=0.213426
[SQP SUPPORT] iter=2 support_size=0 support_limit=-1 support_ok=1
[SQP] before_solve iter=3 vars=16 constraints=139 max_d=-0.0217186
[QP WORST] iter=3 row=15 type=collision d=-0.0217186
[QP WORST COLLISION] scenario=2 k=2 obstacle=0 disc=1
[SQP] after_solve iter=3 converged=1 status=0 iterations=5 primal_residual=6.25298e-08 dual_residual=8.99847e-05 x_size=16 x_finite=1
[SQP LINESEARCH] iter=3 current_violation=0 accepted_violation=0 accepted=1 alpha=1 delta_u_norm=0.187589
[SQP SUPPORT] iter=3 support_size=0 support_limit=-1 support_ok=1
[SQP] before_solve iter=4 vars=16 constraints=139 max_d=-0.0216556
[QP WORST] iter=4 row=15 type=collision d=-0.0216556
[QP WORST COLLISION] scenario=2 k=2 obstacle=0 disc=1
[SQP] after_solve iter=4 converged=1 status=0 iterations=6 primal_residual=9.27162e-11 dual_residual=1.9979e-05 x_size=16 x_finite=1
[SQP LINESEARCH] iter=4 current_violation=0 accepted_violation=0 accepted=1 alpha=1 delta_u_norm=0.17011
[SQP SUPPORT] iter=4 support_size=0 support_limit=-1 support_ok=1
[SQP] before_solve iter=5 vars=16 constraints=139 max_d=-0.0216004
[QP WORST] iter=5 row=15 type=collision d=-0.0216004
[QP WORST COLLISION] scenario=2 k=2 obstacle=0 disc=1
[SQP] after_solve iter=5 converged=1 status=0 iterations=6 primal_residual=7.87624e-11 dual_residual=1.37894e-05 x_size=16 x_finite=1
[SQP LINESEARCH] iter=5 current_violation=0 accepted_violation=0 accepted=1 alpha=1 delta_u_norm=0.147862
[SQP SUPPORT] iter=5 support_size=0 support_limit=-1 support_ok=1
[SQP] before_solve iter=6 vars=16 constraints=139 max_d=-0.0215544
[QP WORST] iter=6 row=15 type=collision d=-0.0215544
[QP WORST COLLISION] scenario=2 k=2 obstacle=0 disc=1
[SQP] after_solve iter=6 converged=1 status=0 iterations=6 primal_residual=5.56952e-11 dual_residual=8.61388e-06 x_size=16 x_finite=1
[SQP LINESEARCH] iter=6 current_violation=0 accepted_violation=0 accepted=1 alpha=1 delta_u_norm=0.133651
[SQP SUPPORT] iter=6 support_size=0 support_limit=-1 support_ok=1
[SQP] before_solve iter=7 vars=16 constraints=139 max_d=-0.021515
[QP WORST] iter=7 row=15 type=collision d=-0.021515
[QP WORST COLLISION] scenario=2 k=2 obstacle=0 disc=1
[SQP] after_solve iter=7 converged=1 status=0 iterations=6 primal_residual=4.92766e-11 dual_residual=7.1863e-06 x_size=16 x_finite=1
[SQP LINESEARCH] iter=7 current_violation=0 accepted_violation=0 accepted=1 alpha=1 delta_u_norm=0.123409
[SQP SUPPORT] iter=7 support_size=0 support_limit=-1 support_ok=1
[SQP] before_solve iter=8 vars=16 constraints=139 max_d=-0.0214812
[QP WORST] iter=8 row=15 type=collision d=-0.0214812
[QP WORST COLLISION] scenario=2 k=2 obstacle=0 disc=1
[SQP] after_solve iter=8 converged=1 status=0 iterations=6 primal_residual=4.91413e-11 dual_residual=6.86483e-06 x_size=16 x_finite=1
[SQP LINESEARCH] iter=8 current_violation=0 accepted_violation=0 accepted=1 alpha=1 delta_u_norm=0.114999
[SQP SUPPORT] iter=8 support_size=0 support_limit=-1 support_ok=1
[SQP] before_solve iter=9 vars=16 constraints=139 max_d=-0.0214519
[QP WORST] iter=9 row=15 type=collision d=-0.0214519
[QP WORST COLLISION] scenario=2 k=2 obstacle=0 disc=1
[SQP] after_solve iter=9 converged=1 status=0 iterations=6 primal_residual=5.15599e-11 dual_residual=6.93386e-06 x_size=16 x_finite=1
[SQP LINESEARCH] iter=9 current_violation=0 accepted_violation=0 accepted=1 alpha=1 delta_u_norm=0.107618
[SQP SUPPORT] iter=9 support_size=0 support_limit=-1 support_ok=1
[SQP FINAL] final_violation=0 violated_constraints=0
[SUPPORT FINAL] sqp_union=0 final_active=0 support_limit=-1
[SUPPORT FINAL IDS]
[SUPPORT UNION IDS]
[COLD START RECOVERY CHECK] ordinary_sqp_failed=0 seed_available=1 incompatible=0 try_homotopy=0
[HARNESS RESULT] step=26 success=1 controls=8 first_input_present=1
[MPC STEP METRICS] step=26 applied=1 success=1 fallback=0 a=-0.376655 omega=-0.8 dt=0.1 acceleration_weight=0.1 steering_weight=0.1 control_cost_unweighted=0.781869 control_cost_weighted=0.0781869 mpc_cost=-15.3379 solve_time=0.0378317 qp_solve_time=0.0253881 constraint_time=0.00743711 dro_risk_time=0 ambiguity_radius=0 certificate=not_requested
[EVAL SAFETY] step=27 min_center_distance=0.985852 min_clearance=0.0358523 collision_this_step=0 collision_run=0 collision_radius=0.95
[RF BACKUP] available=1 controls=8 states=9
[FREE POLY] k=1 disc=0 raw=40 facets=4 vertices=7 rho=4.8 anchor_shift=0
[FREE POLY] k=1 disc=1 raw=40 facets=2 vertices=5 rho=0.800001 anchor_shift=0
[FREE POLY] k=1 disc=2 raw=40 facets=3 vertices=6 rho=4.8 anchor_shift=0
[FREE POLY] k=2 disc=0 raw=40 facets=4 vertices=7 rho=5.6 anchor_shift=0
[FREE POLY] k=2 disc=1 raw=40 facets=4 vertices=7 rho=1.6 anchor_shift=0
[FREE POLY] k=2 disc=2 raw=40 facets=4 vertices=7 rho=5.6 anchor_shift=0
[FREE POLY] k=3 disc=0 raw=40 facets=3 vertices=6 rho=6.4 anchor_shift=0
[FREE POLY] k=3 disc=1 raw=40 facets=4 vertices=7 rho=2.4 anchor_shift=0
[FREE POLY] k=3 disc=2 raw=40 facets=4 vertices=7 rho=6.4 anchor_shift=0
[FREE POLY] k=4 disc=0 raw=40 facets=4 vertices=8 rho=7.2 anchor_shift=0
[FREE POLY] k=4 disc=1 raw=40 facets=4 vertices=7 rho=3.2 anchor_shift=0
[FREE POLY] k=4 disc=2 raw=40 facets=4 vertices=7 rho=7.2 anchor_shift=0
[FREE POLY] k=5 disc=0 raw=40 facets=4 vertices=8 rho=8 anchor_shift=0
[FREE POLY] k=5 disc=1 raw=40 facets=5 vertices=8 rho=4 anchor_shift=0
[FREE POLY] k=5 disc=2 raw=40 facets=4 vertices=7 rho=8 anchor_shift=0
[FREE POLY] k=6 disc=0 raw=40 facets=4 vertices=7 rho=8.8 anchor_shift=0
[FREE POLY] k=6 disc=1 raw=40 facets=5 vertices=7 rho=4.8 anchor_shift=0
[FREE POLY] k=6 disc=2 raw=40 facets=4 vertices=7 rho=8.8 anchor_shift=0
[FREE POLY] k=7 disc=0 raw=40 facets=5 vertices=7 rho=9.6 anchor_shift=0
[FREE POLY] k=7 disc=1 raw=40 facets=7 vertices=10 rho=5.6 anchor_shift=0
[FREE POLY] k=7 disc=2 raw=40 facets=6 vertices=9 rho=9.6 anchor_shift=0
[FREE POLY] k=8 disc=0 raw=40 facets=3 vertices=6 rho=10.4 anchor_shift=0
[FREE POLY] k=8 disc=1 raw=40 facets=7 vertices=10 rho=6.4 anchor_shift=0
[FREE POLY] k=8 disc=2 raw=40 facets=6 vertices=9 rho=10.4 anchor_shift=0
[RF SUPPORT SEED] removed=0 support_limit=-1
[SQP] before_solve iter=0 vars=16 constraints=136 max_d=-0.0297104
[QP WORST] iter=0 row=4 type=collision d=-0.0297104
[QP WORST COLLISION] scenario=13 k=1 obstacle=0 disc=1
[SQP] after_solve iter=0 converged=1 status=0 iterations=5 primal_residual=5.80851e-09 dual_residual=1.19486e-05 x_size=16 x_finite=1
[SQP LINESEARCH] iter=0 current_violation=0 accepted_violation=0 accepted=1 alpha=1 delta_u_norm=0.31334
[SQP SUPPORT] iter=0 support_size=0 support_limit=-1 support_ok=1
[SQP] before_solve iter=1 vars=16 constraints=136 max_d=-0.0297152
[QP WORST] iter=1 row=4 type=collision d=-0.0297152
[QP WORST COLLISION] scenario=13 k=1 obstacle=0 disc=1
[SQP] after_solve iter=1 converged=1 status=0 iterations=5 primal_residual=1.26597e-08 dual_residual=6.71038e-05 x_size=16 x_finite=1
[SQP LINESEARCH] iter=1 current_violation=0 accepted_violation=0 accepted=1 alpha=1 delta_u_norm=0.192865
[SQP SUPPORT] iter=1 support_size=0 support_limit=-1 support_ok=1
[SQP] before_solve iter=2 vars=16 constraints=136 max_d=-0.0297149
[QP WORST] iter=2 row=4 type=collision d=-0.0297149
[QP WORST COLLISION] scenario=13 k=1 obstacle=0 disc=1
[SQP] after_solve iter=2 converged=1 status=0 iterations=6 primal_residual=1.14756e-12 dual_residual=2.61713e-07 x_size=16 x_finite=1
[SQP LINESEARCH] iter=2 current_violation=0 accepted_violation=0 accepted=1 alpha=1 delta_u_norm=0.171004
[SQP SUPPORT] iter=2 support_size=0 support_limit=-1 support_ok=1
[SQP] before_solve iter=3 vars=16 constraints=136 max_d=-0.0297133
[QP WORST] iter=3 row=4 type=collision d=-0.0297133
[QP WORST COLLISION] scenario=13 k=1 obstacle=0 disc=1
[SQP] after_solve iter=3 converged=1 status=0 iterations=6 primal_residual=2.5701e-12 dual_residual=4.87219e-07 x_size=16 x_finite=1
[SQP LINESEARCH] iter=3 current_violation=0 accepted_violation=0 accepted=1 alpha=1 delta_u_norm=0.156893
[SQP SUPPORT] iter=3 support_size=0 support_limit=-1 support_ok=1
[SQP] before_solve iter=4 vars=16 constraints=136 max_d=-0.0297119
[QP WORST] iter=4 row=4 type=collision d=-0.0297119
[QP WORST COLLISION] scenario=13 k=1 obstacle=0 disc=1
[SQP] after_solve iter=4 converged=1 status=0 iterations=6 primal_residual=4.3158e-12 dual_residual=7.24358e-07 x_size=16 x_finite=1
[SQP LINESEARCH] iter=4 current_violation=0 accepted_violation=0 accepted=1 alpha=1 delta_u_norm=0.145249
[SQP SUPPORT] iter=4 support_size=0 support_limit=-1 support_ok=1
[SQP] before_solve iter=5 vars=16 constraints=136 max_d=-0.0297108
[QP WORST] iter=5 row=4 type=collision d=-0.0297108
[QP WORST COLLISION] scenario=13 k=1 obstacle=0 disc=1
[SQP] after_solve iter=5 converged=1 status=0 iterations=6 primal_residual=6.69882e-12 dual_residual=1.01668e-06 x_size=16 x_finite=1
[SQP LINESEARCH] iter=5 current_violation=0 accepted_violation=0 accepted=1 alpha=1 delta_u_norm=0.135004
[SQP SUPPORT] iter=5 support_size=0 support_limit=-1 support_ok=1
[SQP] before_solve iter=6 vars=16 constraints=136 max_d=-0.02971
[QP WORST] iter=6 row=4 type=collision d=-0.02971
[QP WORST COLLISION] scenario=13 k=1 obstacle=0 disc=1
[SQP] after_solve iter=6 converged=1 status=0 iterations=6 primal_residual=9.53245e-12 dual_residual=1.34997e-06 x_size=16 x_finite=1
[SQP LINESEARCH] iter=6 current_violation=0 accepted_violation=0 accepted=1 alpha=1 delta_u_norm=0.125922
[SQP SUPPORT] iter=6 support_size=0 support_limit=-1 support_ok=1
[SQP] before_solve iter=7 vars=16 constraints=136 max_d=-0.0297094
[QP WORST] iter=7 row=4 type=collision d=-0.0297094
[QP WORST COLLISION] scenario=13 k=1 obstacle=0 disc=1
[SQP] after_solve iter=7 converged=1 status=0 iterations=6 primal_residual=1.24605e-11 dual_residual=1.70987e-06 x_size=16 x_finite=1
[SQP LINESEARCH] iter=7 current_violation=0 accepted_violation=0 accepted=1 alpha=1 delta_u_norm=0.117814
[SQP SUPPORT] iter=7 support_size=0 support_limit=-1 support_ok=1
[SQP] before_solve iter=8 vars=16 constraints=136 max_d=-0.029709
[QP WORST] iter=8 row=4 type=collision d=-0.029709
[QP WORST COLLISION] scenario=13 k=1 obstacle=0 disc=1
[SQP] after_solve iter=8 converged=1 status=0 iterations=6 primal_residual=1.50142e-11 dual_residual=2.0815e-06 x_size=16 x_finite=1
[SQP LINESEARCH] iter=8 current_violation=0 accepted_violation=0 accepted=1 alpha=1 delta_u_norm=0.110534
[SQP SUPPORT] iter=8 support_size=0 support_limit=-1 support_ok=1
[SQP] before_solve iter=9 vars=16 constraints=136 max_d=-0.0297087
[QP WORST] iter=9 row=4 type=collision d=-0.0297087
[QP WORST COLLISION] scenario=13 k=1 obstacle=0 disc=1
[SQP] after_solve iter=9 converged=1 status=0 iterations=6 primal_residual=1.6822e-11 dual_residual=2.45169e-06 x_size=16 x_finite=1
[SQP LINESEARCH] iter=9 current_violation=0 accepted_violation=0 accepted=1 alpha=1 delta_u_norm=0.103959
[SQP SUPPORT] iter=9 support_size=0 support_limit=-1 support_ok=1
[SQP FINAL] final_violation=0 violated_constraints=0
[SUPPORT FINAL] sqp_union=0 final_active=0 support_limit=-1
[SUPPORT FINAL IDS]
[SUPPORT UNION IDS]
[COLD START RECOVERY CHECK] ordinary_sqp_failed=0 seed_available=1 incompatible=0 try_homotopy=0
[HARNESS RESULT] step=27 success=1 controls=8 first_input_present=1
[MPC STEP METRICS] step=27 applied=1 success=1 fallback=0 a=-0.0499067 omega=-0.8 dt=0.1 acceleration_weight=0.1 steering_weight=0.1 control_cost_unweighted=0.642491 control_cost_weighted=0.0642491 mpc_cost=-15.5689 solve_time=0.0379111 qp_solve_time=0.0253805 constraint_time=0.00754336 dro_risk_time=0 ambiguity_radius=0 certificate=not_requested
[EVAL SAFETY] step=28 min_center_distance=0.984874 min_clearance=0.0348741 collision_this_step=0 collision_run=0 collision_radius=0.95
[RF BACKUP] available=1 controls=8 states=9
[FREE POLY] k=1 disc=0 raw=40 facets=5 vertices=8 rho=4.8 anchor_shift=0
[FREE POLY] k=1 disc=1 raw=40 facets=2 vertices=5 rho=0.800001 anchor_shift=0
[FREE POLY] k=1 disc=2 raw=40 facets=5 vertices=8 rho=4.8 anchor_shift=0
[FREE POLY] k=2 disc=0 raw=40 facets=4 vertices=7 rho=5.6 anchor_shift=0
[FREE POLY] k=2 disc=1 raw=40 facets=4 vertices=7 rho=1.6 anchor_shift=0
[FREE POLY] k=2 disc=2 raw=40 facets=6 vertices=9 rho=5.6 anchor_shift=0
[FREE POLY] k=3 disc=0 raw=40 facets=5 vertices=9 rho=6.4 anchor_shift=0
[FREE POLY] k=3 disc=1 raw=40 facets=7 vertices=10 rho=2.4 anchor_shift=0
[FREE POLY] k=3 disc=2 raw=40 facets=5 vertices=8 rho=6.4 anchor_shift=0
[FREE POLY] k=4 disc=0 raw=40 facets=5 vertices=9 rho=7.2 anchor_shift=0
[FREE POLY] k=4 disc=1 raw=40 facets=6 vertices=9 rho=3.2 anchor_shift=0
[FREE POLY] k=4 disc=2 raw=40 facets=4 vertices=7 rho=7.2 anchor_shift=0
[FREE POLY] k=5 disc=0 raw=40 facets=5 vertices=8 rho=8 anchor_shift=0
[FREE POLY] k=5 disc=1 raw=40 facets=6 vertices=9 rho=4 anchor_shift=0
[FREE POLY] k=5 disc=2 raw=40 facets=5 vertices=8 rho=8 anchor_shift=0
[FREE POLY] k=6 disc=0 raw=40 facets=4 vertices=6 rho=8.8 anchor_shift=0
[FREE POLY] k=6 disc=1 raw=40 facets=4 vertices=7 rho=4.8 anchor_shift=0
[FREE POLY] k=6 disc=2 raw=40 facets=3 vertices=6 rho=8.8 anchor_shift=0
[FREE POLY] k=7 disc=0 raw=40 facets=3 vertices=5 rho=9.6 anchor_shift=0
[FREE POLY] k=7 disc=1 raw=40 facets=5 vertices=8 rho=5.6 anchor_shift=0
[FREE POLY] k=7 disc=2 raw=40 facets=4 vertices=7 rho=9.6 anchor_shift=0
[FREE POLY] k=8 disc=0 raw=40 facets=3 vertices=6 rho=10.4 anchor_shift=0
[FREE POLY] k=8 disc=1 raw=40 facets=5 vertices=8 rho=6.4 anchor_shift=0
[FREE POLY] k=8 disc=2 raw=40 facets=4 vertices=7 rho=10.4 anchor_shift=0
[RF SUPPORT SEED] removed=0 support_limit=-1
[SQP] before_solve iter=0 vars=16 constraints=141 max_d=-0.0248326
[QP WORST] iter=0 row=98 type=collision d=-0.0248326
[QP WORST COLLISION] scenario=18 k=8 obstacle=0 disc=0
[SQP] after_solve iter=0 converged=1 status=0 iterations=4 primal_residual=3.47017e-09 dual_residual=1.25083e-05 x_size=16 x_finite=1
[SQP LINESEARCH] iter=0 current_violation=0 accepted_violation=0 accepted=1 alpha=1 delta_u_norm=0.336548
[SQP SUPPORT] iter=0 support_size=0 support_limit=-1 support_ok=1
[SQP] before_solve iter=1 vars=16 constraints=141 max_d=-0.0426302
[QP WORST] iter=1 row=98 type=collision d=-0.0426302
[QP WORST COLLISION] scenario=18 k=8 obstacle=0 disc=0
[SQP] after_solve iter=1 converged=1 status=0 iterations=4 primal_residual=1.21609e-08 dual_residual=9.61077e-05 x_size=16 x_finite=1
[SQP LINESEARCH] iter=1 current_violation=0 accepted_violation=0 accepted=1 alpha=1 delta_u_norm=0.190455
[SQP SUPPORT] iter=1 support_size=0 support_limit=-1 support_ok=1
[SQP] before_solve iter=2 vars=16 constraints=141 max_d=-0.0223954
[QP WORST] iter=2 row=98 type=collision d=-0.0223954
[QP WORST COLLISION] scenario=18 k=8 obstacle=0 disc=0
[SQP] after_solve iter=2 converged=1 status=0 iterations=5 primal_residual=4.14599e-16 dual_residual=1.15443e-05 x_size=16 x_finite=1
[SQP LINESEARCH] iter=2 current_violation=0 accepted_violation=0 accepted=1 alpha=1 delta_u_norm=0.169861
[SQP SUPPORT] iter=2 support_size=0 support_limit=-1 support_ok=1
[SQP] before_solve iter=3 vars=16 constraints=141 max_d=-0.0116777
[QP WORST] iter=3 row=98 type=collision d=-0.0116777
[QP WORST COLLISION] scenario=18 k=8 obstacle=0 disc=0
[SQP] after_solve iter=3 converged=1 status=0 iterations=5 primal_residual=4.16334e-16 dual_residual=2.78437e-05 x_size=16 x_finite=1
[SQP LINESEARCH] iter=3 current_violation=0 accepted_violation=0 accepted=1 alpha=1 delta_u_norm=0.152639
[SQP SUPPORT] iter=3 support_size=0 support_limit=-1 support_ok=1
[SQP] before_solve iter=4 vars=16 constraints=141 max_d=-0.00526805
[QP WORST] iter=4 row=98 type=collision d=-0.00526805
[QP WORST COLLISION] scenario=18 k=8 obstacle=0 disc=0
[SQP] after_solve iter=4 converged=1 status=0 iterations=5 primal_residual=4.39427e-16 dual_residual=2.91335e-05 x_size=16 x_finite=1
[SQP LINESEARCH] iter=4 current_violation=0 accepted_violation=0 accepted=1 alpha=1 delta_u_norm=0.138646
[SQP SUPPORT] iter=4 support_size=0 support_limit=-1 support_ok=1
[SQP] before_solve iter=5 vars=16 constraints=141 max_d=-0.00241273
[QP WORST] iter=5 row=98 type=collision d=-0.00241273
[QP WORST COLLISION] scenario=18 k=8 obstacle=0 disc=0
[SQP] after_solve iter=5 converged=1 status=0 iterations=5 primal_residual=4.32342e-16 dual_residual=2.39169e-05 x_size=16 x_finite=1
[SQP LINESEARCH] iter=5 current_violation=0 accepted_violation=0 accepted=1 alpha=1 delta_u_norm=0.127809
[SQP SUPPORT] iter=5 support_size=0 support_limit=-1 support_ok=1
[SQP] before_solve iter=6 vars=16 constraints=141 max_d=-0.00131312
[QP WORST] iter=6 row=98 type=collision d=-0.00131312
[QP WORST COLLISION] scenario=18 k=8 obstacle=0 disc=0
[SQP] after_solve iter=6 converged=1 status=0 iterations=5 primal_residual=4.3715e-16 dual_residual=1.98991e-05 x_size=16 x_finite=1
[SQP LINESEARCH] iter=6 current_violation=0 accepted_violation=0 accepted=1 alpha=1 delta_u_norm=0.119426
[SQP SUPPORT] iter=6 support_size=0 support_limit=-1 support_ok=1
[SQP] before_solve iter=7 vars=16 constraints=141 max_d=-0.000893
[QP WORST] iter=7 row=98 type=collision d=-0.000893
[QP WORST COLLISION] scenario=18 k=8 obstacle=0 disc=0
[SQP] after_solve iter=7 converged=1 status=0 iterations=5 primal_residual=4.30211e-16 dual_residual=1.7692e-05 x_size=16 x_finite=1
[SQP LINESEARCH] iter=7 current_violation=0 accepted_violation=0 accepted=1 alpha=1 delta_u_norm=0.112478
[SQP SUPPORT] iter=7 support_size=0 support_limit=-1 support_ok=1
[SQP] before_solve iter=8 vars=16 constraints=141 max_d=-0.000718652
[QP WORST] iter=8 row=98 type=collision d=-0.000718652
[QP WORST COLLISION] scenario=18 k=8 obstacle=0 disc=0
[SQP] after_solve iter=8 converged=1 status=0 iterations=5 primal_residual=3.97035e-16 dual_residual=1.65641e-05 x_size=16 x_finite=1
[SQP LINESEARCH] iter=8 current_violation=0 accepted_violation=0 accepted=1 alpha=1 delta_u_norm=0.106355
[SQP SUPPORT] iter=8 support_size=0 support_limit=-1 support_ok=1
[SQP] before_solve iter=9 vars=16 constraints=141 max_d=-0.000639876
[QP WORST] iter=9 row=98 type=collision d=-0.000639876
[QP WORST COLLISION] scenario=18 k=8 obstacle=0 disc=0
[SQP] after_solve iter=9 converged=1 status=0 iterations=5 primal_residual=4.26959e-16 dual_residual=1.59897e-05 x_size=16 x_finite=1
[SQP LINESEARCH] iter=9 current_violation=0 accepted_violation=0 accepted=1 alpha=1 delta_u_norm=0.100783
[SQP SUPPORT] iter=9 support_size=0 support_limit=-1 support_ok=1
[SQP FINAL] final_violation=0 violated_constraints=0
[SUPPORT FINAL] sqp_union=0 final_active=1 support_limit=-1
[SUPPORT FINAL IDS] 18
[SUPPORT UNION IDS]
[COLD START RECOVERY CHECK] ordinary_sqp_failed=0 seed_available=1 incompatible=0 try_homotopy=0
[HARNESS RESULT] step=28 success=1 controls=8 first_input_present=1
[MPC STEP METRICS] step=28 applied=1 success=1 fallback=0 a=0.19001 omega=-0.8 dt=0.1 acceleration_weight=0.1 steering_weight=0.1 control_cost_unweighted=0.676104 control_cost_weighted=0.0676104 mpc_cost=-15.7823 solve_time=0.037896 qp_solve_time=0.0251547 constraint_time=0.00777456 dro_risk_time=0 ambiguity_radius=0 certificate=not_requested
[EVAL SAFETY] step=29 min_center_distance=1.00124 min_clearance=0.0512448 collision_this_step=0 collision_run=0 collision_radius=0.95
[RF BACKUP] available=1 controls=8 states=9
[FREE POLY] k=1 disc=0 raw=40 facets=3 vertices=7 rho=4.8 anchor_shift=0
[FREE POLY] k=1 disc=1 raw=40 facets=1 vertices=4 rho=0.800001 anchor_shift=0
[FREE POLY] k=1 disc=2 raw=40 facets=3 vertices=6 rho=4.8 anchor_shift=0
[FREE POLY] k=2 disc=0 raw=40 facets=3 vertices=7 rho=5.6 anchor_shift=0
[FREE POLY] k=2 disc=1 raw=40 facets=3 vertices=6 rho=1.6 anchor_shift=0
[FREE POLY] k=2 disc=2 raw=40 facets=4 vertices=7 rho=5.6 anchor_shift=0
[FREE POLY] k=3 disc=0 raw=40 facets=4 vertices=8 rho=6.4 anchor_shift=0
[FREE POLY] k=3 disc=1 raw=40 facets=4 vertices=7 rho=2.4 anchor_shift=0
[FREE POLY] k=3 disc=2 raw=40 facets=3 vertices=6 rho=6.4 anchor_shift=0
[FREE POLY] k=4 disc=0 raw=40 facets=4 vertices=7 rho=7.2 anchor_shift=0
[FREE POLY] k=4 disc=1 raw=40 facets=5 vertices=9 rho=3.2 anchor_shift=0
[FREE POLY] k=4 disc=2 raw=40 facets=4 vertices=7 rho=7.2 anchor_shift=0
[FREE POLY] k=5 disc=0 raw=40 facets=4 vertices=7 rho=8 anchor_shift=0
[FREE POLY] k=5 disc=1 raw=40 facets=6 vertices=9 rho=4 anchor_shift=0
[FREE POLY] k=5 disc=2 raw=40 facets=4 vertices=7 rho=8 anchor_shift=0
[FREE POLY] k=6 disc=0 raw=40 facets=5 vertices=8 rho=8.8 anchor_shift=0
[FREE POLY] k=6 disc=1 raw=40 facets=6 vertices=9 rho=4.8 anchor_shift=0
[FREE POLY] k=6 disc=2 raw=40 facets=4 vertices=7 rho=8.8 anchor_shift=0
[FREE POLY] k=7 disc=0 raw=40 facets=5 vertices=8 rho=9.6 anchor_shift=0
[FREE POLY] k=7 disc=1 raw=40 facets=5 vertices=8 rho=5.6 anchor_shift=0
[FREE POLY] k=7 disc=2 raw=40 facets=3 vertices=6 rho=9.6 anchor_shift=0
[FREE POLY] k=8 disc=0 raw=40 facets=5 vertices=8 rho=10.4 anchor_shift=0
[FREE POLY] k=8 disc=1 raw=40 facets=5 vertices=8 rho=6.4 anchor_shift=0
[FREE POLY] k=8 disc=2 raw=40 facets=4 vertices=7 rho=10.4 anchor_shift=0
[RF SUPPORT SEED] removed=0 support_limit=-1
[SQP] before_solve iter=0 vars=16 constraints=129 max_d=0.117103
[QP WORST] iter=0 row=86 type=collision d=0.117103
[QP WORST COLLISION] scenario=35 k=8 obstacle=0 disc=0
[SQP] after_solve iter=0 converged=1 status=0 iterations=5 primal_residual=3.46945e-16 dual_residual=3.59873e-06 x_size=16 x_finite=1
[SQP LINESEARCH] iter=0 current_violation=0.117103 accepted_violation=0.0037345 accepted=1 alpha=1 delta_u_norm=0.447456
[SQP SUPPORT] iter=0 support_size=0 support_limit=-1 support_ok=1
[SQP] before_solve iter=1 vars=16 constraints=129 max_d=0.0037345
[QP WORST] iter=1 row=86 type=collision d=0.0037345
[QP WORST COLLISION] scenario=35 k=8 obstacle=0 disc=0
[SQP] after_solve iter=1 converged=1 status=0 iterations=4 primal_residual=1.53907e-09 dual_residual=5.6903e-05 x_size=16 x_finite=1
[SQP LINESEARCH] iter=1 current_violation=0.0037345 accepted_violation=0 accepted=1 alpha=1 delta_u_norm=0.288698
[SQP SUPPORT] iter=1 support_size=0 support_limit=-1 support_ok=1
[SQP] before_solve iter=2 vars=16 constraints=129 max_d=-0.00018426
[QP WORST] iter=2 row=86 type=collision d=-0.00018426
[QP WORST COLLISION] scenario=35 k=8 obstacle=0 disc=0
[SQP] after_solve iter=2 converged=1 status=0 iterations=4 primal_residual=1.6893e-08 dual_residual=3.67379e-05 x_size=16 x_finite=1
[SQP LINESEARCH] iter=2 current_violation=0 accepted_violation=0 accepted=1 alpha=1 delta_u_norm=0.169808
[SQP SUPPORT] iter=2 support_size=0 support_limit=-1 support_ok=1
[SQP] before_solve iter=3 vars=16 constraints=129 max_d=-8.32963e-05
[QP WORST] iter=3 row=86 type=collision d=-8.32963e-05
[QP WORST COLLISION] scenario=35 k=8 obstacle=0 disc=0
[SQP] after_solve iter=3 converged=1 status=0 iterations=4 primal_residual=3.52173e-08 dual_residual=4.23705e-05 x_size=16 x_finite=1
[SQP LINESEARCH] iter=3 current_violation=0 accepted_violation=0 accepted=1 alpha=1 delta_u_norm=0.153367
[SQP SUPPORT] iter=3 support_size=0 support_limit=-1 support_ok=1
[SQP] before_solve iter=4 vars=16 constraints=129 max_d=-0.000139921
[QP WORST] iter=4 row=86 type=collision d=-0.000139921
[QP WORST COLLISION] scenario=35 k=8 obstacle=0 disc=0
[SQP] after_solve iter=4 converged=1 status=0 iterations=4 primal_residual=5.26012e-08 dual_residual=4.8219e-05 x_size=16 x_finite=1
[SQP LINESEARCH] iter=4 current_violation=0 accepted_violation=0 accepted=1 alpha=1 delta_u_norm=0.142575
[SQP SUPPORT] iter=4 support_size=0 support_limit=-1 support_ok=1
[SQP] before_solve iter=5 vars=16 constraints=129 max_d=-0.00015973
[QP WORST] iter=5 row=86 type=collision d=-0.00015973
[QP WORST COLLISION] scenario=35 k=8 obstacle=0 disc=0
[SQP] after_solve iter=5 converged=1 status=0 iterations=4 primal_residual=6.92641e-08 dual_residual=5.32296e-05 x_size=16 x_finite=1
[SQP LINESEARCH] iter=5 current_violation=0 accepted_violation=0 accepted=1 alpha=1 delta_u_norm=0.133309
[SQP SUPPORT] iter=5 support_size=0 support_limit=-1 support_ok=1
[SQP] before_solve iter=6 vars=16 constraints=129 max_d=-0.000141564
[QP WORST] iter=6 row=86 type=collision d=-0.000141564
[QP WORST COLLISION] scenario=35 k=8 obstacle=0 disc=0
[SQP] after_solve iter=6 converged=1 status=0 iterations=4 primal_residual=8.68508e-08 dual_residual=5.76503e-05 x_size=16 x_finite=1
[SQP LINESEARCH] iter=6 current_violation=0 accepted_violation=0 accepted=1 alpha=1 delta_u_norm=0.124948
[SQP SUPPORT] iter=6 support_size=0 support_limit=-1 support_ok=1
[SQP] before_solve iter=7 vars=16 constraints=129 max_d=-0.000102582
[QP WORST] iter=7 row=86 type=collision d=-0.000102582
[QP WORST COLLISION] scenario=35 k=8 obstacle=0 disc=0
[SQP] after_solve iter=7 converged=1 status=0 iterations=4 primal_residual=1.06546e-07 dual_residual=7.19764e-05 x_size=16 x_finite=1
[SQP LINESEARCH] iter=7 current_violation=0 accepted_violation=0 accepted=1 alpha=1 delta_u_norm=0.1173
[SQP SUPPORT] iter=7 support_size=0 support_limit=-1 support_ok=1
[SQP] before_solve iter=8 vars=16 constraints=129 max_d=-5.28234e-05
[QP WORST] iter=8 row=86 type=collision d=-5.28234e-05
[QP WORST COLLISION] scenario=35 k=8 obstacle=0 disc=0
[SQP] after_solve iter=8 converged=1 status=0 iterations=4 primal_residual=1.3006e-07 dual_residual=9.3501e-05 x_size=16 x_finite=1
[SQP LINESEARCH] iter=8 current_violation=0 accepted_violation=0 accepted=1 alpha=1 delta_u_norm=0.110255
[SQP SUPPORT] iter=8 support_size=0 support_limit=-1 support_ok=1
[SQP] before_solve iter=9 vars=16 constraints=129 max_d=-2.52055e-06
[QP WORST] iter=9 row=86 type=collision d=-2.52055e-06
[QP WORST COLLISION] scenario=35 k=8 obstacle=0 disc=0
[SQP] after_solve iter=9 converged=1 status=0 iterations=5 primal_residual=1.70173e-12 dual_residual=6.6388e-07 x_size=16 x_finite=1
[SQP LINESEARCH] iter=9 current_violation=0 accepted_violation=0 accepted=1 alpha=1 delta_u_norm=0.105776
[SQP SUPPORT] iter=9 support_size=0 support_limit=-1 support_ok=1
[SQP FINAL] final_violation=0 violated_constraints=0
[SUPPORT FINAL] sqp_union=0 final_active=1 support_limit=-1
[SUPPORT FINAL IDS] 35
[SUPPORT UNION IDS]
[COLD START RECOVERY CHECK] ordinary_sqp_failed=0 seed_available=1 incompatible=0 try_homotopy=0
[HARNESS RESULT] step=29 success=1 controls=8 first_input_present=1
[MPC STEP METRICS] step=29 applied=1 success=1 fallback=0 a=0.145812 omega=-0.8 dt=0.1 acceleration_weight=0.1 steering_weight=0.1 control_cost_unweighted=0.661261 control_cost_weighted=0.0661261 mpc_cost=-15.949 solve_time=0.0381301 qp_solve_time=0.0257473 constraint_time=0.00750891 dro_risk_time=0 ambiguity_radius=0 certificate=not_requested
[EVAL SAFETY] step=30 min_center_distance=1.03426 min_clearance=0.0842556 collision_this_step=0 collision_run=0 collision_radius=0.95
[RF BACKUP] available=1 controls=8 states=9
[FREE POLY] k=1 disc=0 raw=40 facets=6 vertices=10 rho=4.8 anchor_shift=0
[FREE POLY] k=1 disc=1 raw=40 facets=3 vertices=6 rho=0.800001 anchor_shift=0
[FREE POLY] k=1 disc=2 raw=40 facets=4 vertices=7 rho=4.8 anchor_shift=0
[FREE POLY] k=2 disc=0 raw=40 facets=5 vertices=9 rho=5.6 anchor_shift=0
[FREE POLY] k=2 disc=1 raw=40 facets=4 vertices=7 rho=1.6 anchor_shift=0
[FREE POLY] k=2 disc=2 raw=40 facets=5 vertices=8 rho=5.6 anchor_shift=0
[FREE POLY] k=3 disc=0 raw=40 facets=6 vertices=9 rho=6.4 anchor_shift=0
[FREE POLY] k=3 disc=1 raw=40 facets=3 vertices=7 rho=2.4 anchor_shift=0
[FREE POLY] k=3 disc=2 raw=40 facets=3 vertices=6 rho=6.4 anchor_shift=0
[FREE POLY] k=4 disc=0 raw=40 facets=5 vertices=8 rho=7.2 anchor_shift=0
[FREE POLY] k=4 disc=1 raw=40 facets=3 vertices=6 rho=3.2 anchor_shift=0
[FREE POLY] k=4 disc=2 raw=40 facets=3 vertices=6 rho=7.2 anchor_shift=0
[FREE POLY] k=5 disc=0 raw=40 facets=6 vertices=9 rho=8 anchor_shift=0
[FREE POLY] k=5 disc=1 raw=40 facets=5 vertices=8 rho=4 anchor_shift=0
[FREE POLY] k=5 disc=2 raw=40 facets=5 vertices=8 rho=8 anchor_shift=0
[FREE POLY] k=6 disc=0 raw=40 facets=7 vertices=10 rho=8.8 anchor_shift=0
[FREE POLY] k=6 disc=1 raw=40 facets=6 vertices=9 rho=4.8 anchor_shift=0
[FREE POLY] k=6 disc=2 raw=40 facets=6 vertices=9 rho=8.8 anchor_shift=0
[FREE POLY] k=7 disc=0 raw=40 facets=6 vertices=9 rho=9.6 anchor_shift=0
[FREE POLY] k=7 disc=1 raw=40 facets=6 vertices=9 rho=5.6 anchor_shift=0
[FREE POLY] k=7 disc=2 raw=40 facets=6 vertices=9 rho=9.6 anchor_shift=0
[FREE POLY] k=8 disc=0 raw=40 facets=6 vertices=9 rho=10.4 anchor_shift=0
[FREE POLY] k=8 disc=1 raw=40 facets=5 vertices=8 rho=6.4 anchor_shift=0
[FREE POLY] k=8 disc=2 raw=40 facets=4 vertices=7 rho=10.4 anchor_shift=0
[RF SUPPORT SEED] removed=0 support_limit=-1
[SQP] before_solve iter=0 vars=16 constraints=150 max_d=0.0240522
[QP WORST] iter=0 row=104 type=collision d=0.0240522
[QP WORST COLLISION] scenario=11 k=8 obstacle=0 disc=0
[SQP] after_solve iter=0 converged=1 status=0 iterations=5 primal_residual=7.15849e-12 dual_residual=9.61274e-08 x_size=16 x_finite=1
[SQP LINESEARCH] iter=0 current_violation=0.0240522 accepted_violation=0.000488107 accepted=1 alpha=1 delta_u_norm=0.27167
[SQP SUPPORT] iter=0 support_size=0 support_limit=-1 support_ok=1
[SQP] before_solve iter=1 vars=16 constraints=150 max_d=0.000488107
[QP WORST] iter=1 row=104 type=collision d=0.000488107
[QP WORST COLLISION] scenario=11 k=8 obstacle=0 disc=0
[SQP] after_solve iter=1 converged=1 status=0 iterations=5 primal_residual=6.56266e-11 dual_residual=6.95545e-08 x_size=16 x_finite=1
[SQP LINESEARCH] iter=1 current_violation=0.000488107 accepted_violation=0 accepted=1 alpha=1 delta_u_norm=0.219067
[SQP SUPPORT] iter=1 support_size=0 support_limit=-1 support_ok=1
[SQP] before_solve iter=2 vars=16 constraints=150 max_d=-6.79771e-05
[QP WORST] iter=2 row=104 type=collision d=-6.79771e-05
[QP WORST COLLISION] scenario=11 k=8 obstacle=0 disc=0
[SQP] after_solve iter=2 converged=1 status=0 iterations=5 primal_residual=3.69496e-16 dual_residual=8.853e-08 x_size=16 x_finite=1
[SQP LINESEARCH] iter=2 current_violation=0 accepted_violation=0 accepted=1 alpha=1 delta_u_norm=0.183683
[SQP SUPPORT] iter=2 support_size=0 support_limit=-1 support_ok=1
[SQP] before_solve iter=3 vars=16 constraints=150 max_d=-1.17991e-05
[QP WORST] iter=3 row=104 type=collision d=-1.17991e-05
[QP WORST COLLISION] scenario=11 k=8 obstacle=0 disc=0
[SQP] after_solve iter=3 converged=1 status=0 iterations=5 primal_residual=3.87377e-11 dual_residual=3.62293e-07 x_size=16 x_finite=1
[SQP LINESEARCH] iter=3 current_violation=0 accepted_violation=0 accepted=1 alpha=1 delta_u_norm=0.168831
[SQP SUPPORT] iter=3 support_size=0 support_limit=-1 support_ok=1
[SQP] before_solve iter=4 vars=16 constraints=150 max_d=-9.77314e-06
[QP WORST] iter=4 row=104 type=collision d=-9.77314e-06
[QP WORST COLLISION] scenario=11 k=8 obstacle=0 disc=0
[SQP] after_solve iter=4 converged=1 status=0 iterations=5 primal_residual=2.2389e-10 dual_residual=1.17969e-05 x_size=16 x_finite=1
[SQP LINESEARCH] iter=4 current_violation=0 accepted_violation=0 accepted=1 alpha=1 delta_u_norm=0.15518
[SQP SUPPORT] iter=4 support_size=0 support_limit=-1 support_ok=1
[SQP] before_solve iter=5 vars=16 constraints=150 max_d=-6.99249e-06
[QP WORST] iter=5 row=104 type=collision d=-6.99249e-06
[QP WORST COLLISION] scenario=11 k=8 obstacle=0 disc=0
[SQP] after_solve iter=5 converged=1 status=0 iterations=5 primal_residual=3.86193e-16 dual_residual=4.13911e-05 x_size=16 x_finite=1
[SQP LINESEARCH] iter=5 current_violation=0 accepted_violation=0 accepted=1 alpha=1 delta_u_norm=0.138018
[SQP SUPPORT] iter=5 support_size=0 support_limit=-1 support_ok=1
[SQP] before_solve iter=6 vars=16 constraints=150 max_d=-5.87392e-06
[QP WORST] iter=6 row=104 type=collision d=-5.87392e-06
[QP WORST COLLISION] scenario=11 k=8 obstacle=0 disc=0
[SQP] after_solve iter=6 converged=1 status=0 iterations=5 primal_residual=3.46945e-16 dual_residual=3.1453e-05 x_size=16 x_finite=1
[SQP LINESEARCH] iter=6 current_violation=0 accepted_violation=0 accepted=1 alpha=1 delta_u_norm=0.122061
[SQP SUPPORT] iter=6 support_size=0 support_limit=-1 support_ok=1
[SQP] before_solve iter=7 vars=16 constraints=150 max_d=-4.91947e-06
[QP WORST] iter=7 row=104 type=collision d=-4.91947e-06
[QP WORST COLLISION] scenario=11 k=8 obstacle=0 disc=0
[SQP] after_solve iter=7 converged=1 status=0 iterations=5 primal_residual=4.23273e-16 dual_residual=2.24835e-05 x_size=16 x_finite=1
[SQP LINESEARCH] iter=7 current_violation=0 accepted_violation=0 accepted=1 alpha=1 delta_u_norm=0.112832
[SQP SUPPORT] iter=7 support_size=0 support_limit=-1 support_ok=1
[SQP] before_solve iter=8 vars=16 constraints=150 max_d=-3.53895e-06
[QP WORST] iter=8 row=104 type=collision d=-3.53895e-06
[QP WORST COLLISION] scenario=11 k=8 obstacle=0 disc=0
[SQP] after_solve iter=8 converged=1 status=0 iterations=5 primal_residual=4.05925e-16 dual_residual=2.06513e-05 x_size=16 x_finite=1
[SQP LINESEARCH] iter=8 current_violation=0 accepted_violation=0 accepted=1 alpha=1 delta_u_norm=0.106199
[SQP SUPPORT] iter=8 support_size=0 support_limit=-1 support_ok=1
[SQP] before_solve iter=9 vars=16 constraints=150 max_d=-2.4003e-06
[QP WORST] iter=9 row=104 type=collision d=-2.4003e-06
[QP WORST COLLISION] scenario=11 k=8 obstacle=0 disc=0
[SQP] after_solve iter=9 converged=1 status=0 iterations=5 primal_residual=4.42354e-16 dual_residual=1.89349e-05 x_size=16 x_finite=1
[SQP LINESEARCH] iter=9 current_violation=0 accepted_violation=0 accepted=1 alpha=1 delta_u_norm=0.100451
[SQP SUPPORT] iter=9 support_size=0 support_limit=-1 support_ok=1
[SQP FINAL] final_violation=0 violated_constraints=0
[SUPPORT FINAL] sqp_union=0 final_active=1 support_limit=-1
[SUPPORT FINAL IDS] 11
[SUPPORT UNION IDS]
[COLD START RECOVERY CHECK] ordinary_sqp_failed=0 seed_available=1 incompatible=0 try_homotopy=0
[HARNESS RESULT] step=30 success=1 controls=8 first_input_present=1
[MPC STEP METRICS] step=30 applied=1 success=1 fallback=0 a=-0.00108288 omega=-0.799893 dt=0.1 acceleration_weight=0.1 steering_weight=0.1 control_cost_unweighted=0.639831 control_cost_weighted=0.0639831 mpc_cost=-16.1337 solve_time=0.0402224 qp_solve_time=0.0271702 constraint_time=0.00798063 dro_risk_time=0 ambiguity_radius=0 certificate=not_requested
[EVAL SAFETY] step=31 min_center_distance=1.08228 min_clearance=0.132277 collision_this_step=0 collision_run=0 collision_radius=0.95
[RF BACKUP] available=1 controls=8 states=9
[FREE POLY] k=1 disc=0 raw=40 facets=4 vertices=8 rho=4.8 anchor_shift=0
[FREE POLY] k=1 disc=1 raw=40 facets=3 vertices=7 rho=0.800001 anchor_shift=0
[FREE POLY] k=1 disc=2 raw=40 facets=2 vertices=5 rho=4.8 anchor_shift=0
[FREE POLY] k=2 disc=0 raw=40 facets=4 vertices=7 rho=5.6 anchor_shift=0
[FREE POLY] k=2 disc=1 raw=40 facets=3 vertices=7 rho=1.6 anchor_shift=0
[FREE POLY] k=2 disc=2 raw=40 facets=2 vertices=5 rho=5.6 anchor_shift=0
[FREE POLY] k=3 disc=0 raw=40 facets=4 vertices=7 rho=6.4 anchor_shift=0
[FREE POLY] k=3 disc=1 raw=40 facets=4 vertices=7 rho=2.4 anchor_shift=0
[FREE POLY] k=3 disc=2 raw=40 facets=3 vertices=6 rho=6.4 anchor_shift=0
[FREE POLY] k=4 disc=0 raw=40 facets=4 vertices=7 rho=7.2 anchor_shift=0
[FREE POLY] k=4 disc=1 raw=40 facets=3 vertices=6 rho=3.2 anchor_shift=0
[FREE POLY] k=4 disc=2 raw=40 facets=3 vertices=6 rho=7.2 anchor_shift=0
[FREE POLY] k=5 disc=0 raw=40 facets=3 vertices=6 rho=8 anchor_shift=0
[FREE POLY] k=5 disc=1 raw=40 facets=2 vertices=5 rho=4 anchor_shift=0
[FREE POLY] k=5 disc=2 raw=40 facets=2 vertices=5 rho=8 anchor_shift=0
[FREE POLY] k=6 disc=0 raw=40 facets=3 vertices=6 rho=8.8 anchor_shift=0
[FREE POLY] k=6 disc=1 raw=40 facets=2 vertices=5 rho=4.8 anchor_shift=0
[FREE POLY] k=6 disc=2 raw=40 facets=2 vertices=5 rho=8.8 anchor_shift=0
[FREE POLY] k=7 disc=0 raw=40 facets=4 vertices=7 rho=9.6 anchor_shift=0
[FREE POLY] k=7 disc=1 raw=40 facets=3 vertices=6 rho=5.6 anchor_shift=0
[FREE POLY] k=7 disc=2 raw=40 facets=3 vertices=6 rho=9.6 anchor_shift=0
[FREE POLY] k=8 disc=0 raw=40 facets=4 vertices=7 rho=10.4 anchor_shift=0
[FREE POLY] k=8 disc=1 raw=40 facets=3 vertices=6 rho=6.4 anchor_shift=0
[FREE POLY] k=8 disc=2 raw=40 facets=4 vertices=7 rho=10.4 anchor_shift=0
[RF SUPPORT SEED] removed=0 support_limit=-1
[SQP] before_solve iter=0 vars=16 constraints=106 max_d=0.0604127
[QP WORST] iter=0 row=65 type=collision d=0.0604127
[QP WORST COLLISION] scenario=29 k=8 obstacle=0 disc=0
[SQP] after_solve iter=0 converged=1 status=0 iterations=5 primal_residual=4.7108e-09 dual_residual=2.25611e-05 x_size=16 x_finite=1
[SQP LINESEARCH] iter=0 current_violation=0.0604127 accepted_violation=0.000765503 accepted=1 alpha=1 delta_u_norm=0.343622
[SQP SUPPORT] iter=0 support_size=0 support_limit=-1 support_ok=1
[SQP] before_solve iter=1 vars=16 constraints=106 max_d=0.000765503
[QP WORST] iter=1 row=65 type=collision d=0.000765503
[QP WORST COLLISION] scenario=29 k=8 obstacle=0 disc=0
[SQP] after_solve iter=1 converged=1 status=0 iterations=4 primal_residual=7.78233e-09 dual_residual=9.41711e-05 x_size=16 x_finite=1
[SQP LINESEARCH] iter=1 current_violation=0.000765503 accepted_violation=0 accepted=1 alpha=1 delta_u_norm=0.250026
[SQP SUPPORT] iter=1 support_size=0 support_limit=-1 support_ok=1
[SQP] before_solve iter=2 vars=16 constraints=106 max_d=-9.60217e-05
[QP WORST] iter=2 row=65 type=collision d=-9.60217e-05
[QP WORST COLLISION] scenario=29 k=8 obstacle=0 disc=0
[SQP] after_solve iter=2 converged=1 status=0 iterations=5 primal_residual=1.41328e-09 dual_residual=1.60599e-05 x_size=16 x_finite=1
[SQP LINESEARCH] iter=2 current_violation=0 accepted_violation=0 accepted=1 alpha=1 delta_u_norm=0.195282
[SQP SUPPORT] iter=2 support_size=0 support_limit=-1 support_ok=1
[SQP] before_solve iter=3 vars=16 constraints=106 max_d=-1.00573e-05
[QP WORST] iter=3 row=65 type=collision d=-1.00573e-05
[QP WORST COLLISION] scenario=29 k=8 obstacle=0 disc=0
[SQP] after_solve iter=3 converged=1 status=0 iterations=4 primal_residual=2.59462e-08 dual_residual=9.23091e-05 x_size=16 x_finite=1
[SQP LINESEARCH] iter=3 current_violation=0 accepted_violation=0 accepted=1 alpha=1 delta_u_norm=0.148042
[SQP SUPPORT] iter=3 support_size=0 support_limit=-1 support_ok=1
[SQP] before_solve iter=4 vars=16 constraints=106 max_d=-1.41867e-06
[QP WORST] iter=4 row=65 type=collision d=-1.41867e-06
[QP WORST COLLISION] scenario=29 k=8 obstacle=0 disc=0
[SQP] after_solve iter=4 converged=1 status=0 iterations=4 primal_residual=1.52536e-08 dual_residual=9.05245e-05 x_size=16 x_finite=1
[SQP LINESEARCH] iter=4 current_violation=0 accepted_violation=0 accepted=1 alpha=1 delta_u_norm=0.133826
[SQP SUPPORT] iter=4 support_size=0 support_limit=-1 support_ok=1
[SQP] before_solve iter=5 vars=16 constraints=106 max_d=-3.05636e-05
[QP WORST] iter=5 row=65 type=collision d=-3.05636e-05
[QP WORST COLLISION] scenario=29 k=8 obstacle=0 disc=0
[SQP] after_solve iter=5 converged=1 status=0 iterations=4 primal_residual=1.87029e-08 dual_residual=9.4354e-05 x_size=16 x_finite=1
[SQP LINESEARCH] iter=5 current_violation=0 accepted_violation=0 accepted=1 alpha=1 delta_u_norm=0.125257
[SQP SUPPORT] iter=5 support_size=0 support_limit=-1 support_ok=1
[SQP] before_solve iter=6 vars=16 constraints=106 max_d=-1.14873e-05
[QP WORST] iter=6 row=65 type=collision d=-1.14873e-05
[QP WORST COLLISION] scenario=29 k=8 obstacle=0 disc=0
[SQP] after_solve iter=6 converged=1 status=0 iterations=4 primal_residual=2.88184e-08 dual_residual=9.58401e-05 x_size=16 x_finite=1
[SQP LINESEARCH] iter=6 current_violation=0 accepted_violation=0 accepted=1 alpha=1 delta_u_norm=0.11781
[SQP SUPPORT] iter=6 support_size=0 support_limit=-1 support_ok=1
[SQP] before_solve iter=7 vars=16 constraints=106 max_d=-4.21433e-07
[QP WORST] iter=7 row=65 type=collision d=-4.21433e-07
[QP WORST COLLISION] scenario=29 k=8 obstacle=0 disc=0
[SQP] after_solve iter=7 converged=1 status=0 iterations=4 primal_residual=4.74886e-08 dual_residual=9.77071e-05 x_size=16 x_finite=1
[SQP LINESEARCH] iter=7 current_violation=0 accepted_violation=0 accepted=1 alpha=1 delta_u_norm=0.111157
[SQP SUPPORT] iter=7 support_size=0 support_limit=-1 support_ok=1
[SQP] before_solve iter=8 vars=16 constraints=106 max_d=-5.53829e-07
[QP WORST] iter=8 row=65 type=collision d=-5.53829e-07
[QP WORST COLLISION] scenario=29 k=8 obstacle=0 disc=0
[SQP] after_solve iter=8 converged=1 status=0 iterations=4 primal_residual=6.41667e-08 dual_residual=9.89057e-05 x_size=16 x_finite=1
[SQP LINESEARCH] iter=8 current_violation=0 accepted_violation=0 accepted=1 alpha=1 delta_u_norm=0.10509
[SQP SUPPORT] iter=8 support_size=0 support_limit=-1 support_ok=1
[SQP] before_solve iter=9 vars=16 constraints=106 max_d=-6.88563e-07
[QP WORST] iter=9 row=65 type=collision d=-6.88563e-07
[QP WORST COLLISION] scenario=29 k=8 obstacle=0 disc=0
[SQP] after_solve iter=9 converged=1 status=0 iterations=4 primal_residual=7.90568e-08 dual_residual=9.98286e-05 x_size=16 x_finite=1
[SQP LINESEARCH] iter=9 current_violation=0 accepted_violation=0 accepted=1 alpha=1 delta_u_norm=0.0995104
[SQP SUPPORT] iter=9 support_size=0 support_limit=-1 support_ok=1
[SQP FINAL] final_violation=0 violated_constraints=0
[SUPPORT FINAL] sqp_union=0 final_active=2 support_limit=-1
[SUPPORT FINAL IDS] 11 29
[SUPPORT UNION IDS]
[COLD START RECOVERY CHECK] ordinary_sqp_failed=0 seed_available=1 incompatible=0 try_homotopy=0
[HARNESS RESULT] step=31 success=1 controls=8 first_input_present=1
[MPC STEP METRICS] step=31 applied=1 success=1 fallback=0 a=-0.0448246 omega=-0.7754 dt=0.1 acceleration_weight=0.1 steering_weight=0.1 control_cost_unweighted=0.603254 control_cost_weighted=0.0603254 mpc_cost=-16.3592 solve_time=0.0371627 qp_solve_time=0.0247937 constraint_time=0.007291 dro_risk_time=0 ambiguity_radius=0 certificate=not_requested
[EVAL SAFETY] step=32 min_center_distance=1.1439 min_clearance=0.193899 collision_this_step=0 collision_run=0 collision_radius=0.95
[RF BACKUP] available=1 controls=8 states=9
[FREE POLY] k=1 disc=0 raw=40 facets=5 vertices=9 rho=4.8 anchor_shift=0
[FREE POLY] k=1 disc=1 raw=40 facets=3 vertices=7 rho=0.800001 anchor_shift=0
[FREE POLY] k=1 disc=2 raw=40 facets=3 vertices=6 rho=4.8 anchor_shift=0
[FREE POLY] k=2 disc=0 raw=40 facets=4 vertices=7 rho=5.6 anchor_shift=0
[FREE POLY] k=2 disc=1 raw=40 facets=3 vertices=7 rho=1.6 anchor_shift=0
[FREE POLY] k=2 disc=2 raw=40 facets=3 vertices=6 rho=5.6 anchor_shift=0
[FREE POLY] k=3 disc=0 raw=40 facets=5 vertices=8 rho=6.4 anchor_shift=0
[FREE POLY] k=3 disc=1 raw=40 facets=4 vertices=7 rho=2.4 anchor_shift=0
[FREE POLY] k=3 disc=2 raw=40 facets=5 vertices=8 rho=6.4 anchor_shift=0
[FREE POLY] k=4 disc=0 raw=40 facets=5 vertices=8 rho=7.2 anchor_shift=0
[FREE POLY] k=4 disc=1 raw=40 facets=4 vertices=7 rho=3.2 anchor_shift=0
[FREE POLY] k=4 disc=2 raw=40 facets=4 vertices=7 rho=7.2 anchor_shift=0
[FREE POLY] k=5 disc=0 raw=40 facets=5 vertices=8 rho=8 anchor_shift=0
[FREE POLY] k=5 disc=1 raw=40 facets=3 vertices=6 rho=4 anchor_shift=0
[FREE POLY] k=5 disc=2 raw=40 facets=4 vertices=7 rho=8 anchor_shift=0
[FREE POLY] k=6 disc=0 raw=40 facets=5 vertices=8 rho=8.8 anchor_shift=0
[FREE POLY] k=6 disc=1 raw=40 facets=3 vertices=6 rho=4.8 anchor_shift=0
[FREE POLY] k=6 disc=2 raw=40 facets=4 vertices=7 rho=8.8 anchor_shift=0
[FREE POLY] k=7 disc=0 raw=40 facets=6 vertices=9 rho=9.6 anchor_shift=0
[FREE POLY] k=7 disc=1 raw=40 facets=3 vertices=6 rho=5.6 anchor_shift=0
[FREE POLY] k=7 disc=2 raw=40 facets=4 vertices=7 rho=9.6 anchor_shift=0
[FREE POLY] k=8 disc=0 raw=40 facets=5 vertices=8 rho=10.4 anchor_shift=0
[FREE POLY] k=8 disc=1 raw=40 facets=4 vertices=7 rho=6.4 anchor_shift=0
[FREE POLY] k=8 disc=2 raw=40 facets=4 vertices=7 rho=10.4 anchor_shift=0
[RF SUPPORT SEED] removed=0 support_limit=-1
[SQP] before_solve iter=0 vars=16 constraints=130 max_d=0.00367685
[QP WORST] iter=0 row=52 type=collision d=0.00367685
[QP WORST COLLISION] scenario=34 k=5 obstacle=0 disc=0
[SQP] after_solve iter=0 converged=1 status=0 iterations=5 primal_residual=4.23273e-16 dual_residual=8.30781e-06 x_size=16 x_finite=1
[SQP LINESEARCH] iter=0 current_violation=0.00367685 accepted_violation=5.74276e-05 accepted=1 alpha=1 delta_u_norm=0.281381
[SQP SUPPORT] iter=0 support_size=0 support_limit=-1 support_ok=1
[SQP] before_solve iter=1 vars=16 constraints=130 max_d=5.74276e-05
[QP WORST] iter=1 row=64 type=collision d=5.74276e-05
[QP WORST COLLISION] scenario=34 k=6 obstacle=0 disc=0
[SQP] after_solve iter=1 converged=1 status=0 iterations=5 primal_residual=3.05311e-16 dual_residual=5.39252e-06 x_size=16 x_finite=1
[SQP LINESEARCH] iter=1 current_violation=5.74276e-05 accepted_violation=0 accepted=1 alpha=1 delta_u_norm=0.188845
[SQP SUPPORT] iter=1 support_size=0 support_limit=-1 support_ok=1
[SQP] before_solve iter=2 vars=16 constraints=130 max_d=-7.5461e-07
[QP WORST] iter=2 row=64 type=collision d=-7.5461e-07
[QP WORST COLLISION] scenario=34 k=6 obstacle=0 disc=0
[SQP] after_solve iter=2 converged=1 status=0 iterations=5 primal_residual=4.30211e-16 dual_residual=4.23474e-06 x_size=16 x_finite=1
[SQP LINESEARCH] iter=2 current_violation=0 accepted_violation=0 accepted=1 alpha=1 delta_u_norm=0.151081
[SQP SUPPORT] iter=2 support_size=0 support_limit=-1 support_ok=1
[SQP] before_solve iter=3 vars=16 constraints=130 max_d=-1.18321e-07
[QP WORST] iter=3 row=64 type=collision d=-1.18321e-07
[QP WORST COLLISION] scenario=34 k=6 obstacle=0 disc=0
[SQP] after_solve iter=3 converged=1 status=0 iterations=5 primal_residual=4.16334e-16 dual_residual=4.48335e-06 x_size=16 x_finite=1
[SQP LINESEARCH] iter=3 current_violation=0 accepted_violation=0 accepted=1 alpha=1 delta_u_norm=0.140829
[SQP SUPPORT] iter=3 support_size=0 support_limit=-1 support_ok=1
[SQP] before_solve iter=4 vars=16 constraints=130 max_d=-1.49244e-07
[QP WORST] iter=4 row=64 type=collision d=-1.49244e-07
[QP WORST COLLISION] scenario=34 k=6 obstacle=0 disc=0
[SQP] after_solve iter=4 converged=1 status=0 iterations=5 primal_residual=4.30211e-16 dual_residual=4.60694e-06 x_size=16 x_finite=1
[SQP LINESEARCH] iter=4 current_violation=0 accepted_violation=0 accepted=1 alpha=1 delta_u_norm=0.13215
[SQP SUPPORT] iter=4 support_size=0 support_limit=-1 support_ok=1
[SQP] before_solve iter=5 vars=16 constraints=130 max_d=-1.90418e-07
[QP WORST] iter=5 row=64 type=collision d=-1.90418e-07
[QP WORST COLLISION] scenario=34 k=6 obstacle=0 disc=0
[SQP] after_solve iter=5 converged=1 status=0 iterations=5 primal_residual=4.11997e-16 dual_residual=4.60858e-06 x_size=16 x_finite=1
[SQP LINESEARCH] iter=5 current_violation=0 accepted_violation=0 accepted=1 alpha=1 delta_u_norm=0.124407
[SQP SUPPORT] iter=5 support_size=0 support_limit=-1 support_ok=1
[SQP] before_solve iter=6 vars=16 constraints=130 max_d=-1.90018e-07
[QP WORST] iter=6 row=64 type=collision d=-1.90018e-07
[QP WORST COLLISION] scenario=34 k=6 obstacle=0 disc=0
[SQP] after_solve iter=6 converged=1 status=0 iterations=5 primal_residual=4.23273e-16 dual_residual=4.56258e-06 x_size=16 x_finite=1
[SQP LINESEARCH] iter=6 current_violation=0 accepted_violation=0 accepted=1 alpha=1 delta_u_norm=0.117381
[SQP SUPPORT] iter=6 support_size=0 support_limit=-1 support_ok=1
[SQP] before_solve iter=7 vars=16 constraints=130 max_d=-1.76468e-07
[QP WORST] iter=7 row=64 type=collision d=-1.76468e-07
[QP WORST COLLISION] scenario=34 k=6 obstacle=0 disc=0
[SQP] after_solve iter=7 converged=1 status=0 iterations=5 primal_residual=2.44162e-16 dual_residual=4.5066e-06 x_size=16 x_finite=1
[SQP LINESEARCH] iter=7 current_violation=0 accepted_violation=0 accepted=1 alpha=1 delta_u_norm=0.110944
[SQP SUPPORT] iter=7 support_size=0 support_limit=-1 support_ok=1
[SQP] before_solve iter=8 vars=16 constraints=130 max_d=-1.62818e-07
[QP WORST] iter=8 row=64 type=collision d=-1.62818e-07
[QP WORST COLLISION] scenario=34 k=6 obstacle=0 disc=0
[SQP] after_solve iter=8 converged=1 status=0 iterations=5 primal_residual=4.28477e-16 dual_residual=4.45403e-06 x_size=16 x_finite=1
[SQP LINESEARCH] iter=8 current_violation=0 accepted_violation=0 accepted=1 alpha=1 delta_u_norm=0.105007
[SQP SUPPORT] iter=8 support_size=0 support_limit=-1 support_ok=1
[SQP] before_solve iter=9 vars=16 constraints=130 max_d=-1.51977e-07
[QP WORST] iter=9 row=64 type=collision d=-1.51977e-07
[QP WORST COLLISION] scenario=34 k=6 obstacle=0 disc=0
[SQP] after_solve iter=9 converged=1 status=0 iterations=5 primal_residual=4.16334e-16 dual_residual=4.40828e-06 x_size=16 x_finite=1
[SQP LINESEARCH] iter=9 current_violation=0 accepted_violation=0 accepted=1 alpha=1 delta_u_norm=0.0995041
[SQP SUPPORT] iter=9 support_size=0 support_limit=-1 support_ok=1
[SQP FINAL] final_violation=0 violated_constraints=0
[SUPPORT FINAL] sqp_union=0 final_active=1 support_limit=-1
[SUPPORT FINAL IDS] 34
[SUPPORT UNION IDS]
[COLD START RECOVERY CHECK] ordinary_sqp_failed=0 seed_available=1 incompatible=0 try_homotopy=0
[HARNESS RESULT] step=32 success=1 controls=8 first_input_present=1
[MPC STEP METRICS] step=32 applied=1 success=1 fallback=0 a=-0.0318514 omega=0.524384 dt=0.1 acceleration_weight=0.1 steering_weight=0.1 control_cost_unweighted=0.275993 control_cost_weighted=0.0275993 mpc_cost=-16.6158 solve_time=0.0378889 qp_solve_time=0.0252367 constraint_time=0.00753439 dro_risk_time=0 ambiguity_radius=0 certificate=not_requested
[EVAL SAFETY] step=33 min_center_distance=1.22811 min_clearance=0.278111 collision_this_step=0 collision_run=0 collision_radius=0.95
[RF BACKUP] available=1 controls=8 states=9
[FREE POLY] k=1 disc=0 raw=40 facets=5 vertices=8 rho=4.8 anchor_shift=0
[FREE POLY] k=1 disc=1 raw=40 facets=2 vertices=6 rho=0.800001 anchor_shift=0
[FREE POLY] k=1 disc=2 raw=40 facets=4 vertices=7 rho=4.8 anchor_shift=0
[FREE POLY] k=2 disc=0 raw=40 facets=4 vertices=7 rho=5.6 anchor_shift=0
[FREE POLY] k=2 disc=1 raw=40 facets=3 vertices=7 rho=1.6 anchor_shift=0
[FREE POLY] k=2 disc=2 raw=40 facets=3 vertices=6 rho=5.6 anchor_shift=0
[FREE POLY] k=3 disc=0 raw=40 facets=4 vertices=7 rho=6.4 anchor_shift=0
[FREE POLY] k=3 disc=1 raw=40 facets=3 vertices=6 rho=2.4 anchor_shift=0
[FREE POLY] k=3 disc=2 raw=40 facets=3 vertices=6 rho=6.4 anchor_shift=0
[FREE POLY] k=4 disc=0 raw=40 facets=5 vertices=8 rho=7.2 anchor_shift=0
[FREE POLY] k=4 disc=1 raw=40 facets=3 vertices=6 rho=3.2 anchor_shift=0
[FREE POLY] k=4 disc=2 raw=40 facets=3 vertices=6 rho=7.2 anchor_shift=0
[FREE POLY] k=5 disc=0 raw=40 facets=5 vertices=8 rho=8 anchor_shift=0
[FREE POLY] k=5 disc=1 raw=40 facets=3 vertices=6 rho=4 anchor_shift=0
[FREE POLY] k=5 disc=2 raw=40 facets=3 vertices=6 rho=8 anchor_shift=0
[FREE POLY] k=6 disc=0 raw=40 facets=4 vertices=7 rho=8.8 anchor_shift=0
[FREE POLY] k=6 disc=1 raw=40 facets=2 vertices=5 rho=4.8 anchor_shift=0
[FREE POLY] k=6 disc=2 raw=40 facets=3 vertices=6 rho=8.8 anchor_shift=0
[FREE POLY] k=7 disc=0 raw=40 facets=4 vertices=7 rho=9.6 anchor_shift=0
[FREE POLY] k=7 disc=1 raw=40 facets=3 vertices=6 rho=5.6 anchor_shift=0
[FREE POLY] k=7 disc=2 raw=40 facets=3 vertices=6 rho=9.6 anchor_shift=0
[FREE POLY] k=8 disc=0 raw=40 facets=5 vertices=8 rho=10.4 anchor_shift=0
[FREE POLY] k=8 disc=1 raw=40 facets=3 vertices=6 rho=6.4 anchor_shift=0
[FREE POLY] k=8 disc=2 raw=40 facets=3 vertices=6 rho=10.4 anchor_shift=0
[RF SUPPORT SEED] removed=0 support_limit=-1
[SQP] before_solve iter=0 vars=16 constraints=115 max_d=-0.034405
[QP WORST] iter=0 row=76 type=collision d=-0.034405
[QP WORST COLLISION] scenario=37 k=8 obstacle=0 disc=0
[SQP] after_solve iter=0 converged=1 status=0 iterations=5 primal_residual=3.45989e-11 dual_residual=1.19671e-05 x_size=16 x_finite=1
[SQP LINESEARCH] iter=0 current_violation=0 accepted_violation=0 accepted=1 alpha=0.5 delta_u_norm=0.34859
[SQP SUPPORT] iter=0 support_size=0 support_limit=-1 support_ok=1
[SQP] before_solve iter=1 vars=16 constraints=115 max_d=-0.0173733
[QP WORST] iter=1 row=76 type=collision d=-0.0173733
[QP WORST COLLISION] scenario=37 k=8 obstacle=0 disc=0
[SQP] after_solve iter=1 converged=1 status=0 iterations=5 primal_residual=2.12937e-07 dual_residual=9.05043e-05 x_size=16 x_finite=1
[SQP LINESEARCH] iter=1 current_violation=0 accepted_violation=0 accepted=1 alpha=1 delta_u_norm=0.261497
[SQP SUPPORT] iter=1 support_size=0 support_limit=-1 support_ok=1
[SQP] before_solve iter=2 vars=16 constraints=115 max_d=-1.36036e-05
[QP WORST] iter=2 row=54 type=collision d=-1.36036e-05
[QP WORST COLLISION] scenario=19 k=6 obstacle=0 disc=0
[SQP] after_solve iter=2 converged=1 status=0 iterations=5 primal_residual=2.23262e-08 dual_residual=2.12909e-05 x_size=16 x_finite=1
[SQP LINESEARCH] iter=2 current_violation=0 accepted_violation=0 accepted=1 alpha=1 delta_u_norm=0.188222
[SQP SUPPORT] iter=2 support_size=0 support_limit=-1 support_ok=1
[SQP] before_solve iter=3 vars=16 constraints=115 max_d=-4.31639e-05
[QP WORST] iter=3 row=76 type=collision d=-4.31639e-05
[QP WORST COLLISION] scenario=37 k=8 obstacle=0 disc=0
[SQP] after_solve iter=3 converged=1 status=0 iterations=5 primal_residual=5.23325e-08 dual_residual=3.6256e-05 x_size=16 x_finite=1
[SQP LINESEARCH] iter=3 current_violation=0 accepted_violation=0 accepted=1 alpha=1 delta_u_norm=0.152773
[SQP SUPPORT] iter=3 support_size=0 support_limit=-1 support_ok=1
[SQP] before_solve iter=4 vars=16 constraints=115 max_d=-5.46474e-05
[QP WORST] iter=4 row=65 type=collision d=-5.46474e-05
[QP WORST COLLISION] scenario=37 k=7 obstacle=0 disc=0
[SQP] after_solve iter=4 converged=1 status=0 iterations=5 primal_residual=7.88498e-08 dual_residual=3.54773e-05 x_size=16 x_finite=1
[SQP LINESEARCH] iter=4 current_violation=0 accepted_violation=0 accepted=1 alpha=1 delta_u_norm=0.13934
[SQP SUPPORT] iter=4 support_size=0 support_limit=-1 support_ok=1
[SQP] before_solve iter=5 vars=16 constraints=115 max_d=-4.29507e-05
[QP WORST] iter=5 row=65 type=collision d=-4.29507e-05
[QP WORST COLLISION] scenario=37 k=7 obstacle=0 disc=0
[SQP] after_solve iter=5 converged=1 status=0 iterations=5 primal_residual=8.1628e-08 dual_residual=3.31715e-05 x_size=16 x_finite=1
[SQP LINESEARCH] iter=5 current_violation=0 accepted_violation=0 accepted=1 alpha=1 delta_u_norm=0.130187
[SQP SUPPORT] iter=5 support_size=0 support_limit=-1 support_ok=1
[SQP] before_solve iter=6 vars=16 constraints=115 max_d=-4.19948e-05
[QP WORST] iter=6 row=65 type=collision d=-4.19948e-05
[QP WORST COLLISION] scenario=37 k=7 obstacle=0 disc=0
[SQP] after_solve iter=6 converged=1 status=0 iterations=5 primal_residual=8.49564e-08 dual_residual=3.27002e-05 x_size=16 x_finite=1
[SQP LINESEARCH] iter=6 current_violation=0 accepted_violation=0 accepted=1 alpha=1 delta_u_norm=0.122451
[SQP SUPPORT] iter=6 support_size=0 support_limit=-1 support_ok=1
[SQP] before_solve iter=7 vars=16 constraints=115 max_d=-4.28672e-05
[QP WORST] iter=7 row=65 type=collision d=-4.28672e-05
[QP WORST COLLISION] scenario=37 k=7 obstacle=0 disc=0
[SQP] after_solve iter=7 converged=1 status=0 iterations=5 primal_residual=8.73628e-08 dual_residual=3.24066e-05 x_size=16 x_finite=1
[SQP LINESEARCH] iter=7 current_violation=0 accepted_violation=0 accepted=1 alpha=1 delta_u_norm=0.11551
[SQP SUPPORT] iter=7 support_size=0 support_limit=-1 support_ok=1
[SQP] before_solve iter=8 vars=16 constraints=115 max_d=-4.38314e-05
[QP WORST] iter=8 row=65 type=collision d=-4.38314e-05
[QP WORST COLLISION] scenario=37 k=7 obstacle=0 disc=0
[SQP] after_solve iter=8 converged=1 status=0 iterations=5 primal_residual=8.93095e-08 dual_residual=3.22757e-05 x_size=16 x_finite=1
[SQP LINESEARCH] iter=8 current_violation=0 accepted_violation=0 accepted=1 alpha=1 delta_u_norm=0.109181
[SQP SUPPORT] iter=8 support_size=0 support_limit=-1 support_ok=1
[SQP] before_solve iter=9 vars=16 constraints=115 max_d=-4.47391e-05
[QP WORST] iter=9 row=65 type=collision d=-4.47391e-05
[QP WORST COLLISION] scenario=37 k=7 obstacle=0 disc=0
[SQP] after_solve iter=9 converged=1 status=0 iterations=5 primal_residual=9.10603e-08 dual_residual=3.23136e-05 x_size=16 x_finite=1
[SQP LINESEARCH] iter=9 current_violation=0 accepted_violation=0 accepted=1 alpha=1 delta_u_norm=0.103359
[SQP SUPPORT] iter=9 support_size=0 support_limit=-1 support_ok=1
[SQP FINAL] final_violation=0 violated_constraints=0
[SUPPORT FINAL] sqp_union=0 final_active=3 support_limit=-1
[SUPPORT FINAL IDS] 13 19 37
[SUPPORT UNION IDS]
[COLD START RECOVERY CHECK] ordinary_sqp_failed=0 seed_available=1 incompatible=0 try_homotopy=0
[HARNESS RESULT] step=33 success=1 controls=8 first_input_present=1
[MPC STEP METRICS] step=33 applied=1 success=1 fallback=0 a=-0.0282012 omega=0.319079 dt=0.1 acceleration_weight=0.1 steering_weight=0.1 control_cost_unweighted=0.102607 control_cost_weighted=0.0102607 mpc_cost=-16.8766 solve_time=0.0361072 qp_solve_time=0.0237925 constraint_time=0.00723802 dro_risk_time=0 ambiguity_radius=0 certificate=not_requested
[EVAL SAFETY] step=34 min_center_distance=1.33966 min_clearance=0.389664 collision_this_step=0 collision_run=0 collision_radius=0.95
[RF BACKUP] available=1 controls=8 states=9
[FREE POLY] k=1 disc=0 raw=40 facets=3 vertices=6 rho=4.8 anchor_shift=0
[FREE POLY] k=1 disc=1 raw=40 facets=3 vertices=7 rho=0.800001 anchor_shift=0
[FREE POLY] k=1 disc=2 raw=40 facets=3 vertices=6 rho=4.8 anchor_shift=0
[FREE POLY] k=2 disc=0 raw=40 facets=4 vertices=7 rho=5.6 anchor_shift=0
[FREE POLY] k=2 disc=1 raw=40 facets=2 vertices=6 rho=1.6 anchor_shift=0
[FREE POLY] k=2 disc=2 raw=40 facets=3 vertices=6 rho=5.6 anchor_shift=0
[FREE POLY] k=3 disc=0 raw=40 facets=4 vertices=7 rho=6.4 anchor_shift=0
[FREE POLY] k=3 disc=1 raw=40 facets=3 vertices=6 rho=2.4 anchor_shift=0
[FREE POLY] k=3 disc=2 raw=40 facets=3 vertices=6 rho=6.4 anchor_shift=0
[FREE POLY] k=4 disc=0 raw=40 facets=6 vertices=9 rho=7.2 anchor_shift=0
[FREE POLY] k=4 disc=1 raw=40 facets=3 vertices=6 rho=3.2 anchor_shift=0
[FREE POLY] k=4 disc=2 raw=40 facets=4 vertices=7 rho=7.2 anchor_shift=0
[FREE POLY] k=5 disc=0 raw=40 facets=6 vertices=9 rho=8 anchor_shift=0
[FREE POLY] k=5 disc=1 raw=40 facets=4 vertices=7 rho=4 anchor_shift=0
[FREE POLY] k=5 disc=2 raw=40 facets=5 vertices=8 rho=8 anchor_shift=0
[FREE POLY] k=6 disc=0 raw=40 facets=5 vertices=8 rho=8.8 anchor_shift=0
[FREE POLY] k=6 disc=1 raw=40 facets=4 vertices=7 rho=4.8 anchor_shift=0
[FREE POLY] k=6 disc=2 raw=40 facets=5 vertices=8 rho=8.8 anchor_shift=0
[FREE POLY] k=7 disc=0 raw=40 facets=5 vertices=8 rho=9.6 anchor_shift=0
[FREE POLY] k=7 disc=1 raw=40 facets=4 vertices=7 rho=5.6 anchor_shift=0
[FREE POLY] k=7 disc=2 raw=40 facets=5 vertices=8 rho=9.6 anchor_shift=0
[FREE POLY] k=8 disc=0 raw=40 facets=5 vertices=8 rho=10.4 anchor_shift=0
[FREE POLY] k=8 disc=1 raw=40 facets=4 vertices=7 rho=6.4 anchor_shift=0
[FREE POLY] k=8 disc=2 raw=40 facets=5 vertices=8 rho=10.4 anchor_shift=0
[RF SUPPORT SEED] removed=0 support_limit=-1
[SQP] before_solve iter=0 vars=16 constraints=130 max_d=0.0162946
[QP WORST] iter=0 row=44 type=collision d=0.0162946
[QP WORST COLLISION] scenario=17 k=5 obstacle=0 disc=0
[SQP] after_solve iter=0 converged=1 status=0 iterations=5 primal_residual=5.1665e-08 dual_residual=2.48237e-05 x_size=16 x_finite=1
[SQP LINESEARCH] iter=0 current_violation=0.0162946 accepted_violation=5.30564e-05 accepted=1 alpha=1 delta_u_norm=0.32886
[SQP SUPPORT] iter=0 support_size=0 support_limit=-1 support_ok=1
[SQP] before_solve iter=1 vars=16 constraints=130 max_d=5.30564e-05
[QP WORST] iter=1 row=73 type=collision d=5.30564e-05
[QP WORST COLLISION] scenario=17 k=7 obstacle=0 disc=0
[SQP] after_solve iter=1 converged=1 status=0 iterations=5 primal_residual=1.16084e-08 dual_residual=4.56043e-06 x_size=16 x_finite=1
[SQP LINESEARCH] iter=1 current_violation=5.30564e-05 accepted_violation=0 accepted=1 alpha=1 delta_u_norm=0.174316
[SQP SUPPORT] iter=1 support_size=0 support_limit=-1 support_ok=1
[SQP] before_solve iter=2 vars=16 constraints=130 max_d=-9.84012e-06
[QP WORST] iter=2 row=44 type=collision d=-9.84012e-06
[QP WORST COLLISION] scenario=17 k=5 obstacle=0 disc=0
[SQP] after_solve iter=2 converged=1 status=0 iterations=5 primal_residual=7.36262e-08 dual_residual=2.90553e-05 x_size=16 x_finite=1
[SQP LINESEARCH] iter=2 current_violation=0 accepted_violation=0 accepted=1 alpha=1 delta_u_norm=0.153898
[SQP SUPPORT] iter=2 support_size=0 support_limit=-1 support_ok=1
[SQP] before_solve iter=3 vars=16 constraints=130 max_d=-4.28372e-07
[QP WORST] iter=3 row=31 type=collision d=-4.28372e-07
[QP WORST COLLISION] scenario=17 k=4 obstacle=0 disc=0
[SQP] after_solve iter=3 converged=1 status=0 iterations=5 primal_residual=1.13583e-07 dual_residual=4.49044e-05 x_size=16 x_finite=1
[SQP LINESEARCH] iter=3 current_violation=0 accepted_violation=0 accepted=1 alpha=1 delta_u_norm=0.142937
[SQP SUPPORT] iter=3 support_size=0 support_limit=-1 support_ok=1
[SQP] before_solve iter=4 vars=16 constraints=130 max_d=-1.38012e-06
[QP WORST] iter=4 row=31 type=collision d=-1.38012e-06
[QP WORST COLLISION] scenario=17 k=4 obstacle=0 disc=0
[SQP] after_solve iter=4 converged=1 status=0 iterations=5 primal_residual=1.31264e-07 dual_residual=5.18981e-05 x_size=16 x_finite=1
[SQP LINESEARCH] iter=4 current_violation=0 accepted_violation=0 accepted=1 alpha=1 delta_u_norm=0.134016
[SQP SUPPORT] iter=4 support_size=0 support_limit=-1 support_ok=1
[SQP] before_solve iter=5 vars=16 constraints=130 max_d=-1.99312e-06
[QP WORST] iter=5 row=31 type=collision d=-1.99312e-06
[QP WORST COLLISION] scenario=17 k=4 obstacle=0 disc=0
[SQP] after_solve iter=5 converged=1 status=0 iterations=5 primal_residual=1.3965e-07 dual_residual=5.51606e-05 x_size=16 x_finite=1
[SQP LINESEARCH] iter=5 current_violation=0 accepted_violation=0 accepted=1 alpha=1 delta_u_norm=0.126117
[SQP SUPPORT] iter=5 support_size=0 support_limit=-1 support_ok=1
[SQP] before_solve iter=6 vars=16 constraints=130 max_d=-2.31637e-06
[QP WORST] iter=6 row=31 type=collision d=-2.31637e-06
[QP WORST COLLISION] scenario=17 k=4 obstacle=0 disc=0
[SQP] after_solve iter=6 converged=1 status=0 iterations=5 primal_residual=1.44152e-07 dual_residual=5.68537e-05 x_size=16 x_finite=1
[SQP LINESEARCH] iter=6 current_violation=0 accepted_violation=0 accepted=1 alpha=1 delta_u_norm=0.118956
[SQP SUPPORT] iter=6 support_size=0 support_limit=-1 support_ok=1
[SQP] before_solve iter=7 vars=16 constraints=130 max_d=-2.49515e-06
[QP WORST] iter=7 row=31 type=collision d=-2.49515e-06
[QP WORST COLLISION] scenario=17 k=4 obstacle=0 disc=0
[SQP] after_solve iter=7 converged=1 status=0 iterations=5 primal_residual=1.46938e-07 dual_residual=5.78511e-05 x_size=16 x_finite=1
[SQP LINESEARCH] iter=7 current_violation=0 accepted_violation=0 accepted=1 alpha=1 delta_u_norm=0.112391
[SQP SUPPORT] iter=7 support_size=0 support_limit=-1 support_ok=1
[SQP] before_solve iter=8 vars=16 constraints=130 max_d=-2.60919e-06
[QP WORST] iter=8 row=31 type=collision d=-2.60919e-06
[QP WORST COLLISION] scenario=17 k=4 obstacle=0 disc=0
[SQP] after_solve iter=8 converged=1 status=0 iterations=5 primal_residual=1.48906e-07 dual_residual=5.85174e-05 x_size=16 x_finite=1
[SQP LINESEARCH] iter=8 current_violation=0 accepted_violation=0 accepted=1 alpha=1 delta_u_norm=0.106335
[SQP SUPPORT] iter=8 support_size=0 support_limit=-1 support_ok=1
[SQP] before_solve iter=9 vars=16 constraints=130 max_d=-2.69431e-06
[QP WORST] iter=9 row=31 type=collision d=-2.69431e-06
[QP WORST COLLISION] scenario=17 k=4 obstacle=0 disc=0
[SQP] after_solve iter=9 converged=1 status=0 iterations=5 primal_residual=1.50437e-07 dual_residual=5.90064e-05 x_size=16 x_finite=1
[SQP LINESEARCH] iter=9 current_violation=0 accepted_violation=0 accepted=1 alpha=1 delta_u_norm=0.10072
[SQP SUPPORT] iter=9 support_size=0 support_limit=-1 support_ok=1
[SQP FINAL] final_violation=0 violated_constraints=0
[SUPPORT FINAL] sqp_union=0 final_active=1 support_limit=-1
[SUPPORT FINAL IDS] 17
[SUPPORT UNION IDS]
[COLD START RECOVERY CHECK] ordinary_sqp_failed=0 seed_available=1 incompatible=0 try_homotopy=0
[HARNESS RESULT] step=34 success=1 controls=8 first_input_present=1
[MPC STEP METRICS] step=34 applied=1 success=1 fallback=0 a=0.0222863 omega=0.43859 dt=0.1 acceleration_weight=0.1 steering_weight=0.1 control_cost_unweighted=0.192858 control_cost_weighted=0.0192858 mpc_cost=-16.983 solve_time=0.037969 qp_solve_time=0.0253436 constraint_time=0.00762673 dro_risk_time=0 ambiguity_radius=0 certificate=not_requested
[EVAL SAFETY] step=35 min_center_distance=1.32508 min_clearance=0.375077 collision_this_step=0 collision_run=0 collision_radius=0.95
[RF BACKUP] available=1 controls=8 states=9
[FREE POLY] k=1 disc=0 raw=40 facets=4 vertices=7 rho=4.8 anchor_shift=0
[FREE POLY] k=1 disc=1 raw=40 facets=3 vertices=7 rho=0.800001 anchor_shift=0
[FREE POLY] k=1 disc=2 raw=40 facets=3 vertices=6 rho=4.8 anchor_shift=0
[FREE POLY] k=2 disc=0 raw=40 facets=5 vertices=8 rho=5.6 anchor_shift=0
[FREE POLY] k=2 disc=1 raw=40 facets=2 vertices=6 rho=1.6 anchor_shift=0
[FREE POLY] k=2 disc=2 raw=40 facets=2 vertices=5 rho=5.6 anchor_shift=0
[FREE POLY] k=3 disc=0 raw=40 facets=6 vertices=9 rho=6.4 anchor_shift=0
[FREE POLY] k=3 disc=1 raw=40 facets=2 vertices=5 rho=2.4 anchor_shift=0
[FREE POLY] k=3 disc=2 raw=40 facets=2 vertices=5 rho=6.4 anchor_shift=0
[FREE POLY] k=4 disc=0 raw=40 facets=5 vertices=8 rho=7.2 anchor_shift=0
[FREE POLY] k=4 disc=1 raw=40 facets=3 vertices=6 rho=3.2 anchor_shift=0
[FREE POLY] k=4 disc=2 raw=40 facets=4 vertices=7 rho=7.2 anchor_shift=0
[FREE POLY] k=5 disc=0 raw=40 facets=5 vertices=8 rho=8 anchor_shift=0
[FREE POLY] k=5 disc=1 raw=40 facets=4 vertices=7 rho=4 anchor_shift=0
[FREE POLY] k=5 disc=2 raw=40 facets=4 vertices=7 rho=8 anchor_shift=0
[FREE POLY] k=6 disc=0 raw=40 facets=5 vertices=8 rho=8.8 anchor_shift=0
[FREE POLY] k=6 disc=1 raw=40 facets=5 vertices=8 rho=4.8 anchor_shift=0
[FREE POLY] k=6 disc=2 raw=40 facets=6 vertices=9 rho=8.8 anchor_shift=0
[FREE POLY] k=7 disc=0 raw=40 facets=5 vertices=8 rho=9.6 anchor_shift=0
[FREE POLY] k=7 disc=1 raw=40 facets=5 vertices=8 rho=5.6 anchor_shift=0
[FREE POLY] k=7 disc=2 raw=40 facets=5 vertices=8 rho=9.6 anchor_shift=0
[FREE POLY] k=8 disc=0 raw=40 facets=4 vertices=7 rho=10.4 anchor_shift=0
[FREE POLY] k=8 disc=1 raw=40 facets=4 vertices=7 rho=6.4 anchor_shift=0
[FREE POLY] k=8 disc=2 raw=40 facets=4 vertices=7 rho=10.4 anchor_shift=0
[RF SUPPORT SEED] removed=0 support_limit=-1
[SQP] before_solve iter=0 vars=16 constraints=129 max_d=-0.0209273
[QP WORST] iter=0 row=20 type=collision d=-0.0209273
[QP WORST COLLISION] scenario=12 k=3 obstacle=0 disc=0
[SQP] after_solve iter=0 converged=1 status=0 iterations=5 primal_residual=9.44769e-08 dual_residual=4.94942e-05 x_size=16 x_finite=1
[SQP LINESEARCH] iter=0 current_violation=0 accepted_violation=0 accepted=1 alpha=0.5 delta_u_norm=0.314143
[SQP SUPPORT] iter=0 support_size=0 support_limit=-1 support_ok=1
[SQP] before_solve iter=1 vars=16 constraints=129 max_d=-0.0104898
[QP WORST] iter=1 row=20 type=collision d=-0.0104898
[QP WORST COLLISION] scenario=12 k=3 obstacle=0 disc=0
[SQP] after_solve iter=1 converged=1 status=0 iterations=6 primal_residual=1.99141e-08 dual_residual=9.33378e-06 x_size=16 x_finite=1
[SQP LINESEARCH] iter=1 current_violation=0 accepted_violation=0 accepted=1 alpha=0.5 delta_u_norm=0.256846
[SQP SUPPORT] iter=1 support_size=0 support_limit=-1 support_ok=1
[SQP] before_solve iter=2 vars=16 constraints=129 max_d=-0.00545701
[QP WORST] iter=2 row=20 type=collision d=-0.00545701
[QP WORST COLLISION] scenario=12 k=3 obstacle=0 disc=0
[SQP] after_solve iter=2 converged=1 status=0 iterations=6 primal_residual=1.25858e-08 dual_residual=5.93773e-06 x_size=16 x_finite=1
[SQP LINESEARCH] iter=2 current_violation=0 accepted_violation=0 accepted=1 alpha=1 delta_u_norm=0.228633
[SQP SUPPORT] iter=2 support_size=0 support_limit=-1 support_ok=1
[SQP] before_solve iter=3 vars=16 constraints=129 max_d=-1.81526e-06
[QP WORST] iter=3 row=29 type=collision d=-1.81526e-06
[QP WORST COLLISION] scenario=12 k=4 obstacle=0 disc=0
[SQP] after_solve iter=3 converged=1 status=0 iterations=5 primal_residual=1.9908e-07 dual_residual=8.3806e-05 x_size=16 x_finite=1
[SQP LINESEARCH] iter=3 current_violation=0 accepted_violation=0 accepted=1 alpha=1 delta_u_norm=0.180693
[SQP SUPPORT] iter=3 support_size=0 support_limit=-1 support_ok=1
[SQP] before_solve iter=4 vars=16 constraints=129 max_d=-8.40731e-06
[QP WORST] iter=4 row=29 type=collision d=-8.40731e-06
[QP WORST COLLISION] scenario=12 k=4 obstacle=0 disc=0
[SQP] after_solve iter=4 converged=1 status=0 iterations=5 primal_residual=2.98143e-08 dual_residual=2.19101e-05 x_size=16 x_finite=1
[SQP LINESEARCH] iter=4 current_violation=0 accepted_violation=0 accepted=1 alpha=1 delta_u_norm=0.149423
[SQP SUPPORT] iter=4 support_size=0 support_limit=-1 support_ok=1
[SQP] before_solve iter=5 vars=16 constraints=129 max_d=-5.81672e-07
[QP WORST] iter=5 row=72 type=collision d=-5.81672e-07
[QP WORST COLLISION] scenario=17 k=7 obstacle=0 disc=0
[SQP] after_solve iter=5 converged=1 status=0 iterations=4 primal_residual=2.05844e-07 dual_residual=9.69294e-05 x_size=16 x_finite=1
[SQP LINESEARCH] iter=5 current_violation=0 accepted_violation=0 accepted=1 alpha=1 delta_u_norm=0.138751
[SQP SUPPORT] iter=5 support_size=0 support_limit=-1 support_ok=1
[SQP] before_solve iter=6 vars=16 constraints=129 max_d=-1.34324e-05
[QP WORST] iter=6 row=29 type=collision d=-1.34324e-05
[QP WORST COLLISION] scenario=12 k=4 obstacle=0 disc=0
[SQP] after_solve iter=6 converged=1 status=0 iterations=5 primal_residual=2.37871e-09 dual_residual=1.51055e-05 x_size=16 x_finite=1
[SQP LINESEARCH] iter=6 current_violation=0 accepted_violation=0 accepted=1 alpha=1 delta_u_norm=0.130803
[SQP SUPPORT] iter=6 support_size=0 support_limit=-1 support_ok=1
[SQP] before_solve iter=7 vars=16 constraints=129 max_d=-7.50008e-07
[QP WORST] iter=7 row=72 type=collision d=-7.50008e-07
[QP WORST COLLISION] scenario=17 k=7 obstacle=0 disc=0
[SQP] after_solve iter=7 converged=1 status=0 iterations=5 primal_residual=4.44198e-16 dual_residual=1.11535e-05 x_size=16 x_finite=1
[SQP LINESEARCH] iter=7 current_violation=0 accepted_violation=0 accepted=1 alpha=0.5 delta_u_norm=0.121127
[SQP SUPPORT] iter=7 support_size=0 support_limit=-1 support_ok=1
[SQP] before_solve iter=8 vars=16 constraints=129 max_d=-4.08164e-07
[QP WORST] iter=8 row=72 type=collision d=-4.08164e-07
[QP WORST COLLISION] scenario=17 k=7 obstacle=0 disc=0
[SQP] after_solve iter=8 converged=1 status=0 iterations=5 primal_residual=3.69279e-16 dual_residual=1.07079e-05 x_size=16 x_finite=1
[SQP LINESEARCH] iter=8 current_violation=0 accepted_violation=0 accepted=1 alpha=0.5 delta_u_norm=0.117273
[SQP SUPPORT] iter=8 support_size=0 support_limit=-1 support_ok=1
[SQP] before_solve iter=9 vars=16 constraints=129 max_d=-2.10535e-07
[QP WORST] iter=9 row=72 type=collision d=-2.10535e-07
[QP WORST COLLISION] scenario=17 k=7 obstacle=0 disc=0
[SQP] after_solve iter=9 converged=1 status=0 iterations=5 primal_residual=4.11129e-16 dual_residual=1.18293e-05 x_size=16 x_finite=1
[SQP LINESEARCH] iter=9 current_violation=0 accepted_violation=0 accepted=1 alpha=1 delta_u_norm=0.113651
[SQP SUPPORT] iter=9 support_size=0 support_limit=-1 support_ok=1
[SQP FINAL] final_violation=0 violated_constraints=0
[SUPPORT FINAL] sqp_union=0 final_active=2 support_limit=-1
[SUPPORT FINAL IDS] 12 17
[SUPPORT UNION IDS]
[COLD START RECOVERY CHECK] ordinary_sqp_failed=0 seed_available=1 incompatible=0 try_homotopy=0
[HARNESS RESULT] step=35 success=1 controls=8 first_input_present=1
[MPC STEP METRICS] step=35 applied=1 success=1 fallback=0 a=0.00199543 omega=0.349783 dt=0.1 acceleration_weight=0.1 steering_weight=0.1 control_cost_unweighted=0.122352 control_cost_weighted=0.0122352 mpc_cost=-17.1795 solve_time=0.0463413 qp_solve_time=0.0337308 constraint_time=0.00753957 dro_risk_time=0 ambiguity_radius=0 certificate=not_requested
[EVAL SAFETY] step=36 min_center_distance=1.15612 min_clearance=0.206118 collision_this_step=0 collision_run=0 collision_radius=0.95
[RF BACKUP] available=1 controls=8 states=9
[FREE POLY] k=1 disc=0 raw=40 facets=4 vertices=7 rho=4.8 anchor_shift=0
[FREE POLY] k=1 disc=1 raw=40 facets=1 vertices=5 rho=0.800001 anchor_shift=0
[FREE POLY] k=1 disc=2 raw=40 facets=2 vertices=5 rho=4.8 anchor_shift=0
[FREE POLY] k=2 disc=0 raw=40 facets=4 vertices=7 rho=5.6 anchor_shift=0
[FREE POLY] k=2 disc=1 raw=40 facets=4 vertices=8 rho=1.6 anchor_shift=0
[FREE POLY] k=2 disc=2 raw=40 facets=4 vertices=7 rho=5.6 anchor_shift=0
[FREE POLY] k=3 disc=0 raw=40 facets=3 vertices=6 rho=6.4 anchor_shift=0
[FREE POLY] k=3 disc=1 raw=40 facets=3 vertices=6 rho=2.4 anchor_shift=0
[FREE POLY] k=3 disc=2 raw=40 facets=3 vertices=6 rho=6.4 anchor_shift=0
[FREE POLY] k=4 disc=0 raw=40 facets=3 vertices=6 rho=7.2 anchor_shift=0
[FREE POLY] k=4 disc=1 raw=40 facets=4 vertices=7 rho=3.2 anchor_shift=0
[FREE POLY] k=4 disc=2 raw=40 facets=4 vertices=7 rho=7.2 anchor_shift=0
[FREE POLY] k=5 disc=0 raw=40 facets=4 vertices=7 rho=8 anchor_shift=0
[FREE POLY] k=5 disc=1 raw=40 facets=4 vertices=7 rho=4 anchor_shift=0
[FREE POLY] k=5 disc=2 raw=40 facets=4 vertices=7 rho=8 anchor_shift=0
[FREE POLY] k=6 disc=0 raw=40 facets=5 vertices=8 rho=8.8 anchor_shift=0
[FREE POLY] k=6 disc=1 raw=40 facets=4 vertices=7 rho=4.8 anchor_shift=0
[FREE POLY] k=6 disc=2 raw=40 facets=3 vertices=6 rho=8.8 anchor_shift=0
[FREE POLY] k=7 disc=0 raw=40 facets=5 vertices=7 rho=9.6 anchor_shift=0
[FREE POLY] k=7 disc=1 raw=40 facets=3 vertices=6 rho=5.6 anchor_shift=0
[FREE POLY] k=7 disc=2 raw=40 facets=3 vertices=6 rho=9.6 anchor_shift=0
[FREE POLY] k=8 disc=0 raw=40 facets=5 vertices=7 rho=10.4 anchor_shift=0
[FREE POLY] k=8 disc=1 raw=40 facets=4 vertices=7 rho=6.4 anchor_shift=0
[FREE POLY] k=8 disc=2 raw=40 facets=3 vertices=6 rho=10.4 anchor_shift=0
[RF SUPPORT SEED] removed=0 support_limit=-1
[SQP] before_solve iter=0 vars=16 constraints=118 max_d=0.00460826
[QP WORST] iter=0 row=63 type=collision d=0.00460826
[QP WORST COLLISION] scenario=1 k=7 obstacle=0 disc=0
[SQP] after_solve iter=0 converged=1 status=0 iterations=5 primal_residual=4.06241e-09 dual_residual=4.5258e-05 x_size=16 x_finite=1
[SQP LINESEARCH] iter=0 current_violation=0.00460826 accepted_violation=0 accepted=1 alpha=1 delta_u_norm=0.250836
[SQP SUPPORT] iter=0 support_size=0 support_limit=-1 support_ok=1
[SQP] before_solve iter=1 vars=16 constraints=118 max_d=-8.30098e-06
[QP WORST] iter=1 row=21 type=collision d=-8.30098e-06
[QP WORST COLLISION] scenario=37 k=3 obstacle=0 disc=0
[SQP] after_solve iter=1 converged=1 status=0 iterations=5 primal_residual=2.77556e-16 dual_residual=4.59008e-05 x_size=16 x_finite=1
[SQP LINESEARCH] iter=1 current_violation=0 accepted_violation=0 accepted=1 alpha=1 delta_u_norm=0.191127
[SQP SUPPORT] iter=1 support_size=0 support_limit=-1 support_ok=1
[SQP] before_solve iter=2 vars=16 constraints=118 max_d=-5.8427e-06
[QP WORST] iter=2 row=21 type=collision d=-5.8427e-06
[QP WORST COLLISION] scenario=37 k=3 obstacle=0 disc=0
[SQP] after_solve iter=2 converged=1 status=0 iterations=5 primal_residual=4.85723e-16 dual_residual=4.49723e-05 x_size=16 x_finite=1
[SQP LINESEARCH] iter=2 current_violation=0 accepted_violation=0 accepted=1 alpha=1 delta_u_norm=0.172413
[SQP SUPPORT] iter=2 support_size=0 support_limit=-1 support_ok=1
[SQP] before_solve iter=3 vars=16 constraints=118 max_d=-5.7984e-06
[QP WORST] iter=3 row=21 type=collision d=-5.7984e-06
[QP WORST COLLISION] scenario=37 k=3 obstacle=0 disc=0
[SQP] after_solve iter=3 converged=1 status=0 iterations=5 primal_residual=4.16334e-16 dual_residual=4.33811e-05 x_size=16 x_finite=1
[SQP LINESEARCH] iter=3 current_violation=0 accepted_violation=0 accepted=1 alpha=1 delta_u_norm=0.158858
[SQP SUPPORT] iter=3 support_size=0 support_limit=-1 support_ok=1
[SQP] before_solve iter=4 vars=16 constraints=118 max_d=-5.55895e-06
[QP WORST] iter=4 row=21 type=collision d=-5.55895e-06
[QP WORST COLLISION] scenario=37 k=3 obstacle=0 disc=0
[SQP] after_solve iter=4 converged=1 status=0 iterations=5 primal_residual=3.84241e-16 dual_residual=4.31021e-05 x_size=16 x_finite=1
[SQP LINESEARCH] iter=4 current_violation=0 accepted_violation=0 accepted=1 alpha=1 delta_u_norm=0.147154
[SQP SUPPORT] iter=4 support_size=0 support_limit=-1 support_ok=1
[SQP] before_solve iter=5 vars=16 constraints=118 max_d=-5.52342e-06
[QP WORST] iter=5 row=21 type=collision d=-5.52342e-06
[QP WORST COLLISION] scenario=37 k=3 obstacle=0 disc=0
[SQP] after_solve iter=5 converged=1 status=0 iterations=5 primal_residual=4.05058e-16 dual_residual=4.36221e-05 x_size=16 x_finite=1
[SQP LINESEARCH] iter=5 current_violation=0 accepted_violation=0 accepted=1 alpha=1 delta_u_norm=0.136688
[SQP SUPPORT] iter=5 support_size=0 support_limit=-1 support_ok=1
[SQP] before_solve iter=6 vars=16 constraints=118 max_d=-5.58194e-06
[QP WORST] iter=6 row=21 type=collision d=-5.58194e-06
[QP WORST COLLISION] scenario=37 k=3 obstacle=0 disc=0
[SQP] after_solve iter=6 converged=1 status=0 iterations=5 primal_residual=3.7817e-16 dual_residual=4.59141e-05 x_size=16 x_finite=1
[SQP LINESEARCH] iter=6 current_violation=0 accepted_violation=0 accepted=1 alpha=1 delta_u_norm=0.127065
[SQP SUPPORT] iter=6 support_size=0 support_limit=-1 support_ok=1
[SQP] before_solve iter=7 vars=16 constraints=118 max_d=-5.92866e-06
[QP WORST] iter=7 row=21 type=collision d=-5.92866e-06
[QP WORST COLLISION] scenario=37 k=3 obstacle=0 disc=0
[SQP] after_solve iter=7 converged=1 status=0 iterations=5 primal_residual=4.30211e-16 dual_residual=4.76521e-05 x_size=16 x_finite=1
[SQP LINESEARCH] iter=7 current_violation=0 accepted_violation=0 accepted=1 alpha=1 delta_u_norm=0.117913
[SQP SUPPORT] iter=7 support_size=0 support_limit=-1 support_ok=1
[SQP] before_solve iter=8 vars=16 constraints=118 max_d=-6.16514e-06
[QP WORST] iter=8 row=21 type=collision d=-6.16514e-06
[QP WORST COLLISION] scenario=37 k=3 obstacle=0 disc=0
[SQP] after_solve iter=8 converged=1 status=0 iterations=5 primal_residual=6.04639e-09 dual_residual=5.79363e-05 x_size=16 x_finite=1
[SQP LINESEARCH] iter=8 current_violation=0 accepted_violation=0 accepted=1 alpha=1 delta_u_norm=0.10942
[SQP SUPPORT] iter=8 support_size=0 support_limit=-1 support_ok=1
[SQP] before_solve iter=9 vars=16 constraints=118 max_d=-6.23165e-06
[QP WORST] iter=9 row=21 type=collision d=-6.23165e-06
[QP WORST COLLISION] scenario=37 k=3 obstacle=0 disc=0
[SQP] after_solve iter=9 converged=1 status=0 iterations=5 primal_residual=1.35453e-08 dual_residual=6.29731e-05 x_size=16 x_finite=1
[SQP LINESEARCH] iter=9 current_violation=0 accepted_violation=0 accepted=1 alpha=1 delta_u_norm=0.102272
[SQP SUPPORT] iter=9 support_size=0 support_limit=-1 support_ok=1
[SQP FINAL] final_violation=0 violated_constraints=0
[SUPPORT FINAL] sqp_union=0 final_active=2 support_limit=-1
[SUPPORT FINAL IDS] 1 37
[SUPPORT UNION IDS]
[COLD START RECOVERY CHECK] ordinary_sqp_failed=0 seed_available=1 incompatible=0 try_homotopy=0
[HARNESS RESULT] step=36 success=1 controls=8 first_input_present=1
[MPC STEP METRICS] step=36 applied=1 success=1 fallback=0 a=-0.0100646 omega=0.176004 dt=0.1 acceleration_weight=0.1 steering_weight=0.1 control_cost_unweighted=0.0310785 control_cost_weighted=0.00310785 mpc_cost=-17.2392 solve_time=0.035264 qp_solve_time=0.0231936 constraint_time=0.0070355 dro_risk_time=0 ambiguity_radius=0 certificate=not_requested
[EVAL SAFETY] step=37 min_center_distance=1.03252 min_clearance=0.0825169 collision_this_step=0 collision_run=0 collision_radius=0.95
[RF BACKUP] available=1 controls=8 states=9
[FREE POLY] k=1 disc=0 raw=40 facets=5 vertices=8 rho=4.8 anchor_shift=0
[FREE POLY] k=1 disc=1 raw=40 facets=1 vertices=5 rho=0.800001 anchor_shift=0
[FREE POLY] k=1 disc=2 raw=40 facets=3 vertices=6 rho=4.8 anchor_shift=0
[FREE POLY] k=2 disc=0 raw=40 facets=5 vertices=8 rho=5.6 anchor_shift=0
[FREE POLY] k=2 disc=1 raw=40 facets=2 vertices=6 rho=1.6 anchor_shift=0
[FREE POLY] k=2 disc=2 raw=40 facets=3 vertices=6 rho=5.6 anchor_shift=0
[FREE POLY] k=3 disc=0 raw=40 facets=4 vertices=7 rho=6.4 anchor_shift=0
[FREE POLY] k=3 disc=1 raw=40 facets=2 vertices=5 rho=2.4 anchor_shift=0
[FREE POLY] k=3 disc=2 raw=40 facets=3 vertices=6 rho=6.4 anchor_shift=0
[FREE POLY] k=4 disc=0 raw=40 facets=5 vertices=8 rho=7.2 anchor_shift=0
[FREE POLY] k=4 disc=1 raw=40 facets=2 vertices=5 rho=3.2 anchor_shift=0
[FREE POLY] k=4 disc=2 raw=40 facets=3 vertices=6 rho=7.2 anchor_shift=0
[FREE POLY] k=5 disc=0 raw=40 facets=4 vertices=7 rho=8 anchor_shift=0
[FREE POLY] k=5 disc=1 raw=40 facets=2 vertices=5 rho=4 anchor_shift=0
[FREE POLY] k=5 disc=2 raw=40 facets=3 vertices=6 rho=8 anchor_shift=0
[FREE POLY] k=6 disc=0 raw=40 facets=3 vertices=6 rho=8.8 anchor_shift=0
[FREE POLY] k=6 disc=1 raw=40 facets=2 vertices=5 rho=4.8 anchor_shift=0
[FREE POLY] k=6 disc=2 raw=40 facets=2 vertices=5 rho=8.8 anchor_shift=0
[FREE POLY] k=7 disc=0 raw=40 facets=3 vertices=5 rho=9.6 anchor_shift=0
[FREE POLY] k=7 disc=1 raw=40 facets=2 vertices=5 rho=5.6 anchor_shift=0
[FREE POLY] k=7 disc=2 raw=40 facets=2 vertices=5 rho=9.6 anchor_shift=0
[FREE POLY] k=8 disc=0 raw=40 facets=3 vertices=6 rho=10.4 anchor_shift=0
[FREE POLY] k=8 disc=1 raw=40 facets=2 vertices=5 rho=6.4 anchor_shift=0
[FREE POLY] k=8 disc=2 raw=40 facets=2 vertices=5 rho=10.4 anchor_shift=0
[RF SUPPORT SEED] removed=0 support_limit=-1
[SQP] before_solve iter=0 vars=16 constraints=100 max_d=-0.0213202
[QP WORST] iter=0 row=29 type=collision d=-0.0213202
[QP WORST COLLISION] scenario=5 k=4 obstacle=0 disc=0
[SQP] after_solve iter=0 converged=1 status=0 iterations=5 primal_residual=2.35922e-16 dual_residual=1.612e-05 x_size=16 x_finite=1
[SQP LINESEARCH] iter=0 current_violation=0 accepted_violation=0 accepted=1 alpha=1 delta_u_norm=0.250375
[SQP SUPPORT] iter=0 support_size=0 support_limit=-1 support_ok=1
[SQP] before_solve iter=1 vars=16 constraints=100 max_d=-0.000122139
[QP WORST] iter=1 row=29 type=collision d=-0.000122139
[QP WORST COLLISION] scenario=5 k=4 obstacle=0 disc=0
[SQP] after_solve iter=1 converged=1 status=0 iterations=4 primal_residual=2.30076e-09 dual_residual=9.99875e-05 x_size=16 x_finite=1
[SQP LINESEARCH] iter=1 current_violation=0 accepted_violation=0 accepted=1 alpha=1 delta_u_norm=0.185014
[SQP SUPPORT] iter=1 support_size=0 support_limit=-1 support_ok=1
[SQP] before_solve iter=2 vars=16 constraints=100 max_d=-0.00226959
[QP WORST] iter=2 row=29 type=collision d=-0.00226959
[QP WORST COLLISION] scenario=5 k=4 obstacle=0 disc=0
[SQP] after_solve iter=2 converged=1 status=0 iterations=5 primal_residual=2.24534e-09 dual_residual=1.23033e-05 x_size=16 x_finite=1
[SQP LINESEARCH] iter=2 current_violation=0 accepted_violation=0 accepted=1 alpha=1 delta_u_norm=0.158489
[SQP SUPPORT] iter=2 support_size=0 support_limit=-1 support_ok=1
[SQP] before_solve iter=3 vars=16 constraints=100 max_d=-7.77568e-07
[QP WORST] iter=3 row=19 type=collision d=-7.77568e-07
[QP WORST COLLISION] scenario=5 k=3 obstacle=0 disc=0
[SQP] after_solve iter=3 converged=1 status=0 iterations=4 primal_residual=4.23273e-16 dual_residual=8.50249e-05 x_size=16 x_finite=1
[SQP LINESEARCH] iter=3 current_violation=0 accepted_violation=0 accepted=1 alpha=1 delta_u_norm=0.147762
[SQP SUPPORT] iter=3 support_size=0 support_limit=-1 support_ok=1
[SQP] before_solve iter=4 vars=16 constraints=100 max_d=-0.000117932
[QP WORST] iter=4 row=29 type=collision d=-0.000117932
[QP WORST COLLISION] scenario=5 k=4 obstacle=0 disc=0
[SQP] after_solve iter=4 converged=1 status=0 iterations=5 primal_residual=1.07811e-08 dual_residual=1.69492e-05 x_size=16 x_finite=1
[SQP LINESEARCH] iter=4 current_violation=0 accepted_violation=0 accepted=1 alpha=1 delta_u_norm=0.135512
[SQP SUPPORT] iter=4 support_size=0 support_limit=-1 support_ok=1
[SQP] before_solve iter=5 vars=16 constraints=100 max_d=-3.62817e-06
[QP WORST] iter=5 row=19 type=collision d=-3.62817e-06
[QP WORST COLLISION] scenario=5 k=3 obstacle=0 disc=0
[SQP] after_solve iter=5 converged=1 status=0 iterations=5 primal_residual=4.16708e-09 dual_residual=1.26576e-05 x_size=16 x_finite=1
[SQP LINESEARCH] iter=5 current_violation=0 accepted_violation=0 accepted=1 alpha=1 delta_u_norm=0.126706
[SQP SUPPORT] iter=5 support_size=0 support_limit=-1 support_ok=1
[SQP] before_solve iter=6 vars=16 constraints=100 max_d=-1.69334e-06
[QP WORST] iter=6 row=19 type=collision d=-1.69334e-06
[QP WORST COLLISION] scenario=5 k=3 obstacle=0 disc=0
[SQP] after_solve iter=6 converged=1 status=0 iterations=5 primal_residual=4.87167e-09 dual_residual=1.4074e-05 x_size=16 x_finite=1
[SQP LINESEARCH] iter=6 current_violation=0 accepted_violation=0 accepted=1 alpha=1 delta_u_norm=0.119359
[SQP SUPPORT] iter=6 support_size=0 support_limit=-1 support_ok=1
[SQP] before_solve iter=7 vars=16 constraints=100 max_d=-1.89159e-06
[QP WORST] iter=7 row=19 type=collision d=-1.89159e-06
[QP WORST COLLISION] scenario=5 k=3 obstacle=0 disc=0
[SQP] after_solve iter=7 converged=1 status=0 iterations=5 primal_residual=5.88832e-09 dual_residual=1.57717e-05 x_size=16 x_finite=1
[SQP LINESEARCH] iter=7 current_violation=0 accepted_violation=0 accepted=1 alpha=1 delta_u_norm=0.112701
[SQP SUPPORT] iter=7 support_size=0 support_limit=-1 support_ok=1
[SQP] before_solve iter=8 vars=16 constraints=100 max_d=-2.13745e-06
[QP WORST] iter=8 row=19 type=collision d=-2.13745e-06
[QP WORST COLLISION] scenario=5 k=3 obstacle=0 disc=0
[SQP] after_solve iter=8 converged=1 status=0 iterations=5 primal_residual=6.7839e-09 dual_residual=1.77915e-05 x_size=16 x_finite=1
[SQP LINESEARCH] iter=8 current_violation=0 accepted_violation=0 accepted=1 alpha=1 delta_u_norm=0.106605
[SQP SUPPORT] iter=8 support_size=0 support_limit=-1 support_ok=1
[SQP] before_solve iter=9 vars=16 constraints=100 max_d=-2.34751e-06
[QP WORST] iter=9 row=19 type=collision d=-2.34751e-06
[QP WORST COLLISION] scenario=5 k=3 obstacle=0 disc=0
[SQP] after_solve iter=9 converged=1 status=0 iterations=5 primal_residual=7.49302e-09 dual_residual=1.96933e-05 x_size=16 x_finite=1
[SQP LINESEARCH] iter=9 current_violation=0 accepted_violation=0 accepted=1 alpha=1 delta_u_norm=0.100981
[SQP SUPPORT] iter=9 support_size=0 support_limit=-1 support_ok=1
[SQP FINAL] final_violation=0 violated_constraints=0
[SUPPORT FINAL] sqp_union=0 final_active=1 support_limit=-1
[SUPPORT FINAL IDS] 5
[SUPPORT UNION IDS]
[COLD START RECOVERY CHECK] ordinary_sqp_failed=0 seed_available=1 incompatible=0 try_homotopy=0
[HARNESS RESULT] step=37 success=1 controls=8 first_input_present=1
[MPC STEP METRICS] step=37 applied=1 success=1 fallback=0 a=-0.0393863 omega=-0.176763 dt=0.1 acceleration_weight=0.1 steering_weight=0.1 control_cost_unweighted=0.0327963 control_cost_weighted=0.00327963 mpc_cost=-17.3092 solve_time=0.0337976 qp_solve_time=0.021861 constraint_time=0.00695395 dro_risk_time=0 ambiguity_radius=0 certificate=not_requested
[EVAL SAFETY] step=38 min_center_distance=0.996888 min_clearance=0.0468884 collision_this_step=0 collision_run=0 collision_radius=0.95
[RF BACKUP] available=1 controls=8 states=9
[FREE POLY] k=1 disc=0 raw=40 facets=5 vertices=8 rho=4.8 anchor_shift=0
[FREE POLY] k=1 disc=1 raw=40 facets=0 vertices=4 rho=0.800001 anchor_shift=0
[FREE POLY] k=1 disc=2 raw=40 facets=3 vertices=6 rho=4.8 anchor_shift=0
[FREE POLY] k=2 disc=0 raw=40 facets=4 vertices=7 rho=5.6 anchor_shift=0
[FREE POLY] k=2 disc=1 raw=40 facets=2 vertices=6 rho=1.6 anchor_shift=0
[FREE POLY] k=2 disc=2 raw=40 facets=2 vertices=5 rho=5.6 anchor_shift=0
[FREE POLY] k=3 disc=0 raw=40 facets=4 vertices=7 rho=6.4 anchor_shift=0
[FREE POLY] k=3 disc=1 raw=40 facets=2 vertices=5 rho=2.4 anchor_shift=0
[FREE POLY] k=3 disc=2 raw=40 facets=2 vertices=5 rho=6.4 anchor_shift=0
[FREE POLY] k=4 disc=0 raw=40 facets=3 vertices=6 rho=7.2 anchor_shift=0
[FREE POLY] k=4 disc=1 raw=40 facets=2 vertices=5 rho=3.2 anchor_shift=0
[FREE POLY] k=4 disc=2 raw=40 facets=2 vertices=5 rho=7.2 anchor_shift=0
[FREE POLY] k=5 disc=0 raw=40 facets=3 vertices=5 rho=8 anchor_shift=0
[FREE POLY] k=5 disc=1 raw=40 facets=2 vertices=5 rho=4 anchor_shift=0
[FREE POLY] k=5 disc=2 raw=40 facets=3 vertices=6 rho=8 anchor_shift=0
[FREE POLY] k=6 disc=0 raw=40 facets=3 vertices=6 rho=8.8 anchor_shift=0
[FREE POLY] k=6 disc=1 raw=40 facets=3 vertices=6 rho=4.8 anchor_shift=0
[FREE POLY] k=6 disc=2 raw=40 facets=3 vertices=6 rho=8.8 anchor_shift=0
[FREE POLY] k=7 disc=0 raw=40 facets=4 vertices=7 rho=9.6 anchor_shift=0
[FREE POLY] k=7 disc=1 raw=40 facets=4 vertices=7 rho=5.6 anchor_shift=0
[FREE POLY] k=7 disc=2 raw=40 facets=4 vertices=7 rho=9.6 anchor_shift=0
[FREE POLY] k=8 disc=0 raw=40 facets=5 vertices=8 rho=10.4 anchor_shift=0
[FREE POLY] k=8 disc=1 raw=40 facets=5 vertices=8 rho=6.4 anchor_shift=0
[FREE POLY] k=8 disc=2 raw=40 facets=5 vertices=8 rho=10.4 anchor_shift=0
[RF SUPPORT SEED] removed=0 support_limit=-1
[SQP] before_solve iter=0 vars=16 constraints=107 max_d=-0.00517699
[QP WORST] iter=0 row=8 type=collision d=-0.00517699
[QP WORST COLLISION] scenario=2 k=2 obstacle=0 disc=0
[SQP] after_solve iter=0 converged=1 status=0 iterations=4 primal_residual=1.38649e-09 dual_residual=8.91506e-05 x_size=16 x_finite=1
[SQP LINESEARCH] iter=0 current_violation=0 accepted_violation=0 accepted=1 alpha=1 delta_u_norm=0.233658
[SQP SUPPORT] iter=0 support_size=0 support_limit=-1 support_ok=1
[SQP] before_solve iter=1 vars=16 constraints=107 max_d=-0.00712434
[QP WORST] iter=1 row=8 type=collision d=-0.00712434
[QP WORST COLLISION] scenario=2 k=2 obstacle=0 disc=0
[SQP] after_solve iter=1 converged=1 status=0 iterations=4 primal_residual=5.86154e-09 dual_residual=9.1976e-05 x_size=16 x_finite=1
[SQP LINESEARCH] iter=1 current_violation=0 accepted_violation=0 accepted=1 alpha=1 delta_u_norm=0.172813
[SQP SUPPORT] iter=1 support_size=0 support_limit=-1 support_ok=1
[SQP] before_solve iter=2 vars=16 constraints=107 max_d=-0.00411117
[QP WORST] iter=2 row=18 type=collision d=-0.00411117
[QP WORST COLLISION] scenario=16 k=3 obstacle=0 disc=0
[SQP] after_solve iter=2 converged=1 status=0 iterations=4 primal_residual=5.92776e-09 dual_residual=9.47734e-05 x_size=16 x_finite=1
[SQP LINESEARCH] iter=2 current_violation=0 accepted_violation=0 accepted=1 alpha=1 delta_u_norm=0.155516
[SQP SUPPORT] iter=2 support_size=0 support_limit=-1 support_ok=1
[SQP] before_solve iter=3 vars=16 constraints=107 max_d=-0.00348391
[QP WORST] iter=3 row=18 type=collision d=-0.00348391
[QP WORST COLLISION] scenario=16 k=3 obstacle=0 disc=0
[SQP] after_solve iter=3 converged=1 status=0 iterations=4 primal_residual=6.07651e-09 dual_residual=9.53206e-05 x_size=16 x_finite=1
[SQP LINESEARCH] iter=3 current_violation=0 accepted_violation=0 accepted=1 alpha=1 delta_u_norm=0.143472
[SQP SUPPORT] iter=3 support_size=0 support_limit=-1 support_ok=1
[SQP] before_solve iter=4 vars=16 constraints=107 max_d=-0.00222837
[QP WORST] iter=4 row=18 type=collision d=-0.00222837
[QP WORST COLLISION] scenario=16 k=3 obstacle=0 disc=0
[SQP] after_solve iter=4 converged=1 status=0 iterations=4 primal_residual=5.88584e-09 dual_residual=9.5055e-05 x_size=16 x_finite=1
[SQP LINESEARCH] iter=4 current_violation=0 accepted_violation=0 accepted=1 alpha=1 delta_u_norm=0.134146
[SQP SUPPORT] iter=4 support_size=0 support_limit=-1 support_ok=1
[SQP] before_solve iter=5 vars=16 constraints=107 max_d=-0.00195666
[QP WORST] iter=5 row=18 type=collision d=-0.00195666
[QP WORST COLLISION] scenario=16 k=3 obstacle=0 disc=0
[SQP] after_solve iter=5 converged=1 status=0 iterations=4 primal_residual=5.66342e-09 dual_residual=9.38644e-05 x_size=16 x_finite=1
[SQP LINESEARCH] iter=5 current_violation=0 accepted_violation=0 accepted=1 alpha=1 delta_u_norm=0.12592
[SQP SUPPORT] iter=5 support_size=0 support_limit=-1 support_ok=1
[SQP] before_solve iter=6 vars=16 constraints=107 max_d=-0.00164667
[QP WORST] iter=6 row=18 type=collision d=-0.00164667
[QP WORST COLLISION] scenario=16 k=3 obstacle=0 disc=0
[SQP] after_solve iter=6 converged=1 status=0 iterations=4 primal_residual=5.42346e-09 dual_residual=9.28413e-05 x_size=16 x_finite=1
[SQP LINESEARCH] iter=6 current_violation=0 accepted_violation=0 accepted=1 alpha=1 delta_u_norm=0.118658
[SQP SUPPORT] iter=6 support_size=0 support_limit=-1 support_ok=1
[SQP] before_solve iter=7 vars=16 constraints=107 max_d=-0.0015381
[QP WORST] iter=7 row=18 type=collision d=-0.0015381
[QP WORST COLLISION] scenario=16 k=3 obstacle=0 disc=0
[SQP] after_solve iter=7 converged=1 status=0 iterations=4 primal_residual=5.22224e-09 dual_residual=9.17002e-05 x_size=16 x_finite=1
[SQP LINESEARCH] iter=7 current_violation=0 accepted_violation=0 accepted=1 alpha=1 delta_u_norm=0.112064
[SQP SUPPORT] iter=7 support_size=0 support_limit=-1 support_ok=1
[SQP] before_solve iter=8 vars=16 constraints=107 max_d=-0.00144331
[QP WORST] iter=8 row=18 type=collision d=-0.00144331
[QP WORST COLLISION] scenario=16 k=3 obstacle=0 disc=0
[SQP] after_solve iter=8 converged=1 status=0 iterations=4 primal_residual=5.04073e-09 dual_residual=9.06972e-05 x_size=16 x_finite=1
[SQP LINESEARCH] iter=8 current_violation=0 accepted_violation=0 accepted=1 alpha=1 delta_u_norm=0.106036
[SQP SUPPORT] iter=8 support_size=0 support_limit=-1 support_ok=1
[SQP] before_solve iter=9 vars=16 constraints=107 max_d=-0.00139368
[QP WORST] iter=9 row=18 type=collision d=-0.00139368
[QP WORST COLLISION] scenario=16 k=3 obstacle=0 disc=0
[SQP] after_solve iter=9 converged=1 status=0 iterations=4 primal_residual=4.87767e-09 dual_residual=8.97348e-05 x_size=16 x_finite=1
[SQP LINESEARCH] iter=9 current_violation=0 accepted_violation=0 accepted=1 alpha=1 delta_u_norm=0.100474
[SQP SUPPORT] iter=9 support_size=0 support_limit=-1 support_ok=1
[SQP FINAL] final_violation=0 violated_constraints=0
[SUPPORT FINAL] sqp_union=0 final_active=0 support_limit=-1
[SUPPORT FINAL IDS]
[SUPPORT UNION IDS]
[COLD START RECOVERY CHECK] ordinary_sqp_failed=0 seed_available=1 incompatible=0 try_homotopy=0
[HARNESS RESULT] step=38 success=1 controls=8 first_input_present=1
[MPC STEP METRICS] step=38 applied=1 success=1 fallback=0 a=-0.028367 omega=-0.105895 dt=0.1 acceleration_weight=0.1 steering_weight=0.1 control_cost_unweighted=0.0120185 control_cost_weighted=0.00120185 mpc_cost=-17.3735 solve_time=0.0340118 qp_solve_time=0.0221679 constraint_time=0.00695234 dro_risk_time=0 ambiguity_radius=0 certificate=not_requested
[EVAL SAFETY] step=39 min_center_distance=0.98017 min_clearance=0.0301697 collision_this_step=0 collision_run=0 collision_radius=0.95
[RF BACKUP] available=1 controls=8 states=9
[FREE POLY] k=1 disc=0 raw=40 facets=4 vertices=7 rho=4.8 anchor_shift=0
[FREE POLY] k=1 disc=1 raw=40 facets=0 vertices=4 rho=0.800001 anchor_shift=0
[FREE POLY] k=1 disc=2 raw=40 facets=2 vertices=5 rho=4.8 anchor_shift=0
[FREE POLY] k=2 disc=0 raw=40 facets=5 vertices=8 rho=5.6 anchor_shift=0
[FREE POLY] k=2 disc=1 raw=40 facets=1 vertices=5 rho=1.6 anchor_shift=0
[FREE POLY] k=2 disc=2 raw=40 facets=4 vertices=7 rho=5.6 anchor_shift=0
[FREE POLY] k=3 disc=0 raw=40 facets=4 vertices=7 rho=6.4 anchor_shift=0
[FREE POLY] k=3 disc=1 raw=40 facets=2 vertices=5 rho=2.4 anchor_shift=0
[FREE POLY] k=3 disc=2 raw=40 facets=3 vertices=6 rho=6.4 anchor_shift=0
[FREE POLY] k=4 disc=0 raw=40 facets=4 vertices=7 rho=7.2 anchor_shift=0
[FREE POLY] k=4 disc=1 raw=40 facets=3 vertices=6 rho=3.2 anchor_shift=0
[FREE POLY] k=4 disc=2 raw=40 facets=3 vertices=6 rho=7.2 anchor_shift=0
[FREE POLY] k=5 disc=0 raw=40 facets=4 vertices=7 rho=8 anchor_shift=0
[FREE POLY] k=5 disc=1 raw=40 facets=3 vertices=6 rho=4 anchor_shift=0
[FREE POLY] k=5 disc=2 raw=40 facets=3 vertices=6 rho=8 anchor_shift=0
[FREE POLY] k=6 disc=0 raw=40 facets=4 vertices=7 rho=8.8 anchor_shift=0
[FREE POLY] k=6 disc=1 raw=40 facets=3 vertices=6 rho=4.8 anchor_shift=0
[FREE POLY] k=6 disc=2 raw=40 facets=3 vertices=6 rho=8.8 anchor_shift=0
[FREE POLY] k=7 disc=0 raw=40 facets=4 vertices=7 rho=9.6 anchor_shift=0
[FREE POLY] k=7 disc=1 raw=40 facets=3 vertices=6 rho=5.6 anchor_shift=0
[FREE POLY] k=7 disc=2 raw=40 facets=3 vertices=6 rho=9.6 anchor_shift=0
[FREE POLY] k=8 disc=0 raw=40 facets=5 vertices=8 rho=10.4 anchor_shift=0
[FREE POLY] k=8 disc=1 raw=40 facets=5 vertices=8 rho=6.4 anchor_shift=0
[FREE POLY] k=8 disc=2 raw=40 facets=5 vertices=8 rho=10.4 anchor_shift=0
[RF SUPPORT SEED] removed=0 support_limit=-1
[SQP] before_solve iter=0 vars=16 constraints=112 max_d=-0.0181107
[QP WORST] iter=0 row=0 type=collision d=-0.0181107
[QP WORST COLLISION] scenario=2 k=1 obstacle=0 disc=0
[SQP] after_solve iter=0 converged=1 status=0 iterations=4 primal_residual=1.00445e-08 dual_residual=7.38179e-05 x_size=16 x_finite=1
[SQP LINESEARCH] iter=0 current_violation=0 accepted_violation=0 accepted=1 alpha=1 delta_u_norm=0.233274
[SQP SUPPORT] iter=0 support_size=0 support_limit=-1 support_ok=1
[SQP] before_solve iter=1 vars=16 constraints=112 max_d=-0.0195238
[QP WORST] iter=1 row=0 type=collision d=-0.0195238
[QP WORST COLLISION] scenario=2 k=1 obstacle=0 disc=0
[SQP] after_solve iter=1 converged=1 status=0 iterations=4 primal_residual=9.32873e-09 dual_residual=7.26691e-05 x_size=16 x_finite=1
[SQP LINESEARCH] iter=1 current_violation=0 accepted_violation=0 accepted=1 alpha=1 delta_u_norm=0.172217
[SQP SUPPORT] iter=1 support_size=0 support_limit=-1 support_ok=1
[SQP] before_solve iter=2 vars=16 constraints=112 max_d=-0.0171554
[QP WORST] iter=2 row=7 type=collision d=-0.0171554
[QP WORST COLLISION] scenario=16 k=2 obstacle=0 disc=0
[SQP] after_solve iter=2 converged=1 status=0 iterations=4 primal_residual=9.10179e-09 dual_residual=7.35148e-05 x_size=16 x_finite=1
[SQP LINESEARCH] iter=2 current_violation=0 accepted_violation=0 accepted=1 alpha=1 delta_u_norm=0.15572
[SQP SUPPORT] iter=2 support_size=0 support_limit=-1 support_ok=1
[SQP] before_solve iter=3 vars=16 constraints=112 max_d=-0.0180259
[QP WORST] iter=3 row=7 type=collision d=-0.0180259
[QP WORST COLLISION] scenario=16 k=2 obstacle=0 disc=0
[SQP] after_solve iter=3 converged=1 status=0 iterations=4 primal_residual=8.59039e-09 dual_residual=7.25259e-05 x_size=16 x_finite=1
[SQP LINESEARCH] iter=3 current_violation=0 accepted_violation=0 accepted=1 alpha=1 delta_u_norm=0.143715
[SQP SUPPORT] iter=3 support_size=0 support_limit=-1 support_ok=1
[SQP] before_solve iter=4 vars=16 constraints=112 max_d=-0.0162781
[QP WORST] iter=4 row=7 type=collision d=-0.0162781
[QP WORST COLLISION] scenario=16 k=2 obstacle=0 disc=0
[SQP] after_solve iter=4 converged=1 status=0 iterations=4 primal_residual=8.62705e-09 dual_residual=7.28463e-05 x_size=16 x_finite=1
[SQP LINESEARCH] iter=4 current_violation=0 accepted_violation=0 accepted=1 alpha=1 delta_u_norm=0.134482
[SQP SUPPORT] iter=4 support_size=0 support_limit=-1 support_ok=1
[SQP] before_solve iter=5 vars=16 constraints=112 max_d=-0.0166478
[QP WORST] iter=5 row=7 type=collision d=-0.0166478
[QP WORST COLLISION] scenario=16 k=2 obstacle=0 disc=0
[SQP] after_solve iter=5 converged=1 status=0 iterations=4 primal_residual=8.34561e-09 dual_residual=7.22414e-05 x_size=16 x_finite=1
[SQP LINESEARCH] iter=5 current_violation=0 accepted_violation=0 accepted=1 alpha=1 delta_u_norm=0.126056
[SQP SUPPORT] iter=5 support_size=0 support_limit=-1 support_ok=1
[SQP] before_solve iter=6 vars=16 constraints=112 max_d=-0.0159121
[QP WORST] iter=6 row=7 type=collision d=-0.0159121
[QP WORST COLLISION] scenario=16 k=2 obstacle=0 disc=0
[SQP] after_solve iter=6 converged=1 status=0 iterations=4 primal_residual=8.24571e-09 dual_residual=7.23755e-05 x_size=16 x_finite=1
[SQP LINESEARCH] iter=6 current_violation=0 accepted_violation=0 accepted=1 alpha=1 delta_u_norm=0.118783
[SQP SUPPORT] iter=6 support_size=0 support_limit=-1 support_ok=1
[SQP] before_solve iter=7 vars=16 constraints=112 max_d=-0.0160479
[QP WORST] iter=7 row=7 type=collision d=-0.0160479
[QP WORST COLLISION] scenario=16 k=2 obstacle=0 disc=0
[SQP] after_solve iter=7 converged=1 status=0 iterations=4 primal_residual=8.05188e-09 dual_residual=7.45557e-05 x_size=16 x_finite=1
[SQP LINESEARCH] iter=7 current_violation=0 accepted_violation=0 accepted=1 alpha=1 delta_u_norm=0.112074
[SQP SUPPORT] iter=7 support_size=0 support_limit=-1 support_ok=1
[SQP] before_solve iter=8 vars=16 constraints=112 max_d=-0.0157361
[QP WORST] iter=8 row=7 type=collision d=-0.0157361
[QP WORST COLLISION] scenario=16 k=2 obstacle=0 disc=0
[SQP] after_solve iter=8 converged=1 status=0 iterations=4 primal_residual=7.92359e-09 dual_residual=7.60194e-05 x_size=16 x_finite=1
[SQP LINESEARCH] iter=8 current_violation=0 accepted_violation=0 accepted=1 alpha=1 delta_u_norm=0.106017
[SQP SUPPORT] iter=8 support_size=0 support_limit=-1 support_ok=1
[SQP] before_solve iter=9 vars=16 constraints=112 max_d=-0.0157892
[QP WORST] iter=9 row=7 type=collision d=-0.0157892
[QP WORST COLLISION] scenario=16 k=2 obstacle=0 disc=0
[SQP] after_solve iter=9 converged=1 status=0 iterations=4 primal_residual=7.77713e-09 dual_residual=7.77598e-05 x_size=16 x_finite=1
[SQP LINESEARCH] iter=9 current_violation=0 accepted_violation=0 accepted=1 alpha=1 delta_u_norm=0.100392
[SQP SUPPORT] iter=9 support_size=0 support_limit=-1 support_ok=1
[SQP FINAL] final_violation=0 violated_constraints=0
[SUPPORT FINAL] sqp_union=0 final_active=0 support_limit=-1
[SUPPORT FINAL IDS]
[SUPPORT UNION IDS]
[COLD START RECOVERY CHECK] ordinary_sqp_failed=0 seed_available=1 incompatible=0 try_homotopy=0
[HARNESS RESULT] step=39 success=1 controls=8 first_input_present=1
[MPC STEP METRICS] step=39 applied=1 success=1 fallback=0 a=-0.0223377 omega=0.00728072 dt=0.1 acceleration_weight=0.1 steering_weight=0.1 control_cost_unweighted=0.000551982 control_cost_weighted=5.51982e-05 mpc_cost=-17.4263 solve_time=0.0340694 qp_solve_time=0.0221002 constraint_time=0.00702458 dro_risk_time=0 ambiguity_radius=0 certificate=not_requested
[EVAL SAFETY] step=40 min_center_distance=0.975704 min_clearance=0.0257038 collision_this_step=0 collision_run=0 collision_radius=0.95
[RF BACKUP] available=1 controls=8 states=9
[FREE POLY] k=1 disc=0 raw=40 facets=3 vertices=6 rho=4.8 anchor_shift=0
[FREE POLY] k=1 disc=1 raw=40 facets=0 vertices=4 rho=0.800001 anchor_shift=0
[FREE POLY] k=1 disc=2 raw=40 facets=2 vertices=5 rho=4.8 anchor_shift=0
[FREE POLY] k=2 disc=0 raw=40 facets=4 vertices=7 rho=5.6 anchor_shift=0
[FREE POLY] k=2 disc=1 raw=40 facets=1 vertices=5 rho=1.6 anchor_shift=0
[FREE POLY] k=2 disc=2 raw=40 facets=3 vertices=6 rho=5.6 anchor_shift=0
[FREE POLY] k=3 disc=0 raw=40 facets=4 vertices=7 rho=6.4 anchor_shift=0
[FREE POLY] k=3 disc=1 raw=40 facets=1 vertices=5 rho=2.4 anchor_shift=0
[FREE POLY] k=3 disc=2 raw=40 facets=3 vertices=6 rho=6.4 anchor_shift=0
[FREE POLY] k=4 disc=0 raw=40 facets=5 vertices=8 rho=7.2 anchor_shift=0
[FREE POLY] k=4 disc=1 raw=40 facets=2 vertices=5 rho=3.2 anchor_shift=0
[FREE POLY] k=4 disc=2 raw=40 facets=3 vertices=6 rho=7.2 anchor_shift=0
[FREE POLY] k=5 disc=0 raw=40 facets=5 vertices=8 rho=8 anchor_shift=0
[FREE POLY] k=5 disc=1 raw=40 facets=5 vertices=8 rho=4 anchor_shift=0
[FREE POLY] k=5 disc=2 raw=40 facets=5 vertices=8 rho=8 anchor_shift=0
[FREE POLY] k=6 disc=0 raw=40 facets=5 vertices=8 rho=8.8 anchor_shift=0
[FREE POLY] k=6 disc=1 raw=40 facets=5 vertices=8 rho=4.8 anchor_shift=0
[FREE POLY] k=6 disc=2 raw=40 facets=5 vertices=8 rho=8.8 anchor_shift=0
[FREE POLY] k=7 disc=0 raw=40 facets=5 vertices=8 rho=9.6 anchor_shift=0
[FREE POLY] k=7 disc=1 raw=40 facets=5 vertices=8 rho=5.6 anchor_shift=0
[FREE POLY] k=7 disc=2 raw=40 facets=5 vertices=8 rho=9.6 anchor_shift=0
[FREE POLY] k=8 disc=0 raw=40 facets=4 vertices=7 rho=10.4 anchor_shift=0
[FREE POLY] k=8 disc=1 raw=40 facets=4 vertices=7 rho=6.4 anchor_shift=0
[FREE POLY] k=8 disc=2 raw=40 facets=4 vertices=7 rho=10.4 anchor_shift=0
[RF SUPPORT SEED] removed=0 support_limit=-1
[SQP] before_solve iter=0 vars=16 constraints=120 max_d=-0.025553
[QP WORST] iter=0 row=1 type=collision d=-0.025553
[QP WORST COLLISION] scenario=23 k=1 obstacle=0 disc=0
[SQP] after_solve iter=0 converged=1 status=0 iterations=4 primal_residual=2.15251e-09 dual_residual=3.11493e-05 x_size=16 x_finite=1
[SQP LINESEARCH] iter=0 current_violation=0 accepted_violation=0 accepted=1 alpha=1 delta_u_norm=0.233523
[SQP SUPPORT] iter=0 support_size=0 support_limit=-1 support_ok=1
[SQP] before_solve iter=1 vars=16 constraints=120 max_d=-0.0262065
[QP WORST] iter=1 row=1 type=collision d=-0.0262065
[QP WORST COLLISION] scenario=23 k=1 obstacle=0 disc=0
[SQP] after_solve iter=1 converged=1 status=0 iterations=4 primal_residual=6.16953e-09 dual_residual=4.3384e-05 x_size=16 x_finite=1
[SQP LINESEARCH] iter=1 current_violation=0 accepted_violation=0 accepted=1 alpha=1 delta_u_norm=0.172491
[SQP SUPPORT] iter=1 support_size=0 support_limit=-1 support_ok=1
[SQP] before_solve iter=2 vars=16 constraints=120 max_d=-0.0224318
[QP WORST] iter=2 row=1 type=collision d=-0.0224318
[QP WORST COLLISION] scenario=23 k=1 obstacle=0 disc=0
[SQP] after_solve iter=2 converged=1 status=0 iterations=4 primal_residual=4.46876e-09 dual_residual=4.08856e-05 x_size=16 x_finite=1
[SQP LINESEARCH] iter=2 current_violation=0 accepted_violation=0 accepted=1 alpha=1 delta_u_norm=0.155768
[SQP SUPPORT] iter=2 support_size=0 support_limit=-1 support_ok=1
[SQP] before_solve iter=3 vars=16 constraints=120 max_d=-0.0221504
[QP WORST] iter=3 row=1 type=collision d=-0.0221504
[QP WORST COLLISION] scenario=23 k=1 obstacle=0 disc=0
[SQP] after_solve iter=3 converged=1 status=0 iterations=4 primal_residual=7.64154e-09 dual_residual=4.94321e-05 x_size=16 x_finite=1
[SQP LINESEARCH] iter=3 current_violation=0 accepted_violation=0 accepted=1 alpha=1 delta_u_norm=0.143482
[SQP SUPPORT] iter=3 support_size=0 support_limit=-1 support_ok=1
[SQP] before_solve iter=4 vars=16 constraints=120 max_d=-0.0200959
[QP WORST] iter=4 row=1 type=collision d=-0.0200959
[QP WORST COLLISION] scenario=23 k=1 obstacle=0 disc=0
[SQP] after_solve iter=4 converged=1 status=0 iterations=4 primal_residual=6.76002e-09 dual_residual=4.99559e-05 x_size=16 x_finite=1
[SQP LINESEARCH] iter=4 current_violation=0 accepted_violation=0 accepted=1 alpha=1 delta_u_norm=0.134249
[SQP SUPPORT] iter=4 support_size=0 support_limit=-1 support_ok=1
[SQP] before_solve iter=5 vars=16 constraints=120 max_d=-0.0196923
[QP WORST] iter=5 row=1 type=collision d=-0.0196923
[QP WORST COLLISION] scenario=23 k=1 obstacle=0 disc=0
[SQP] after_solve iter=5 converged=1 status=0 iterations=4 primal_residual=8.52353e-09 dual_residual=5.6189e-05 x_size=16 x_finite=1
[SQP LINESEARCH] iter=5 current_violation=0 accepted_violation=0 accepted=1 alpha=1 delta_u_norm=0.125737
[SQP SUPPORT] iter=5 support_size=0 support_limit=-1 support_ok=1
[SQP] before_solve iter=6 vars=16 constraints=120 max_d=-0.0185413
[QP WORST] iter=6 row=1 type=collision d=-0.0185413
[QP WORST COLLISION] scenario=23 k=1 obstacle=0 disc=0
[SQP] after_solve iter=6 converged=1 status=0 iterations=4 primal_residual=8.13705e-09 dual_residual=5.86678e-05 x_size=16 x_finite=1
[SQP LINESEARCH] iter=6 current_violation=0 accepted_violation=0 accepted=1 alpha=1 delta_u_norm=0.118508
[SQP SUPPORT] iter=6 support_size=0 support_limit=-1 support_ok=1
[SQP] before_solve iter=7 vars=16 constraints=120 max_d=-0.0181807
[QP WORST] iter=7 row=1 type=collision d=-0.0181807
[QP WORST COLLISION] scenario=23 k=1 obstacle=0 disc=0
[SQP] after_solve iter=7 converged=1 status=0 iterations=4 primal_residual=9.08104e-09 dual_residual=6.264e-05 x_size=16 x_finite=1
[SQP LINESEARCH] iter=7 current_violation=0 accepted_violation=0 accepted=1 alpha=1 delta_u_norm=0.111799
[SQP SUPPORT] iter=7 support_size=0 support_limit=-1 support_ok=1
[SQP] before_solve iter=8 vars=16 constraints=120 max_d=-0.0175141
[QP WORST] iter=8 row=1 type=collision d=-0.0175141
[QP WORST COLLISION] scenario=23 k=1 obstacle=0 disc=0
[SQP] after_solve iter=8 converged=1 status=0 iterations=4 primal_residual=8.9387e-09 dual_residual=6.45619e-05 x_size=16 x_finite=1
[SQP LINESEARCH] iter=8 current_violation=0 accepted_violation=0 accepted=1 alpha=1 delta_u_norm=0.105786
[SQP SUPPORT] iter=8 support_size=0 support_limit=-1 support_ok=1
[SQP] before_solve iter=9 vars=16 constraints=120 max_d=-0.017234
[QP WORST] iter=9 row=1 type=collision d=-0.017234
[QP WORST COLLISION] scenario=23 k=1 obstacle=0 disc=0
[SQP] after_solve iter=9 converged=1 status=0 iterations=4 primal_residual=9.43308e-09 dual_residual=6.70703e-05 x_size=16 x_finite=1
[SQP LINESEARCH] iter=9 current_violation=0 accepted_violation=0 accepted=1 alpha=1 delta_u_norm=0.100183
[SQP SUPPORT] iter=9 support_size=0 support_limit=-1 support_ok=1
[SQP FINAL] final_violation=0 violated_constraints=0
[SUPPORT FINAL] sqp_union=0 final_active=0 support_limit=-1
[SUPPORT FINAL IDS]
[SUPPORT UNION IDS]
[COLD START RECOVERY CHECK] ordinary_sqp_failed=0 seed_available=1 incompatible=0 try_homotopy=0
[HARNESS RESULT] step=40 success=1 controls=8 first_input_present=1
[MPC STEP METRICS] step=40 applied=1 success=1 fallback=0 a=-0.0125394 omega=0.184686 dt=0.1 acceleration_weight=0.1 steering_weight=0.1 control_cost_unweighted=0.0342661 control_cost_weighted=0.00342661 mpc_cost=-17.4692 solve_time=0.0342858 qp_solve_time=0.0222824 constraint_time=0.00724948 dro_risk_time=0 ambiguity_radius=0 certificate=not_requested
[EVAL SAFETY] step=41 min_center_distance=0.974005 min_clearance=0.0240053 collision_this_step=0 collision_run=0 collision_radius=0.95
[PATH COMPLETION] step=41 completion_progress=8.48006 path_length=25 fraction=0.339202 required_fraction=0.95 termination_enabled=1 completed=0
[RF BACKUP] available=1 controls=8 states=9
[FREE POLY] k=1 disc=0 raw=40 facets=4 vertices=7 rho=4.8 anchor_shift=0
[FREE POLY] k=1 disc=1 raw=40 facets=0 vertices=4 rho=0.800001 anchor_shift=0
[FREE POLY] k=1 disc=2 raw=40 facets=2 vertices=5 rho=4.8 anchor_shift=0
[FREE POLY] k=2 disc=0 raw=40 facets=6 vertices=9 rho=5.6 anchor_shift=0
[FREE POLY] k=2 disc=1 raw=40 facets=1 vertices=5 rho=1.6 anchor_shift=0
[FREE POLY] k=2 disc=2 raw=40 facets=4 vertices=7 rho=5.6 anchor_shift=0
[FREE POLY] k=3 disc=0 raw=40 facets=5 vertices=8 rho=6.4 anchor_shift=0
[FREE POLY] k=3 disc=1 raw=40 facets=3 vertices=7 rho=2.4 anchor_shift=0
[FREE POLY] k=3 disc=2 raw=40 facets=3 vertices=6 rho=6.4 anchor_shift=0
[FREE POLY] k=4 disc=0 raw=40 facets=4 vertices=7 rho=7.2 anchor_shift=0
[FREE POLY] k=4 disc=1 raw=40 facets=3 vertices=6 rho=3.2 anchor_shift=0
[FREE POLY] k=4 disc=2 raw=40 facets=3 vertices=6 rho=7.2 anchor_shift=0
[FREE POLY] k=5 disc=0 raw=40 facets=4 vertices=7 rho=8 anchor_shift=0
[FREE POLY] k=5 disc=1 raw=40 facets=3 vertices=6 rho=4 anchor_shift=0
[FREE POLY] k=5 disc=2 raw=40 facets=3 vertices=6 rho=8 anchor_shift=0
[FREE POLY] k=6 disc=0 raw=40 facets=4 vertices=7 rho=8.8 anchor_shift=0
[FREE POLY] k=6 disc=1 raw=40 facets=3 vertices=6 rho=4.8 anchor_shift=0
[FREE POLY] k=6 disc=2 raw=40 facets=3 vertices=6 rho=8.8 anchor_shift=0
[FREE POLY] k=7 disc=0 raw=40 facets=4 vertices=7 rho=9.6 anchor_shift=0
[FREE POLY] k=7 disc=1 raw=40 facets=3 vertices=6 rho=5.6 anchor_shift=0
[FREE POLY] k=7 disc=2 raw=40 facets=3 vertices=6 rho=9.6 anchor_shift=0
[FREE POLY] k=8 disc=0 raw=40 facets=4 vertices=7 rho=10.4 anchor_shift=0
[FREE POLY] k=8 disc=1 raw=40 facets=3 vertices=6 rho=6.4 anchor_shift=0
[FREE POLY] k=8 disc=2 raw=40 facets=3 vertices=6 rho=10.4 anchor_shift=0
[RF SUPPORT SEED] removed=0 support_limit=-1
[SQP] before_solve iter=0 vars=16 constraints=110 max_d=-0.0446965
[QP WORST] iter=0 row=3 type=collision d=-0.0446965
[QP WORST COLLISION] scenario=36 k=1 obstacle=0 disc=0
[SQP] after_solve iter=0 converged=1 status=0 iterations=4 primal_residual=7.34566e-11 dual_residual=1.26648e-06 x_size=16 x_finite=1
[SQP LINESEARCH] iter=0 current_violation=0 accepted_violation=0 accepted=1 alpha=1 delta_u_norm=0.232388
[SQP SUPPORT] iter=0 support_size=0 support_limit=-1 support_ok=1
[SQP] before_solve iter=1 vars=16 constraints=110 max_d=-0.0483829
[QP WORST] iter=1 row=3 type=collision d=-0.0483829
[QP WORST COLLISION] scenario=36 k=1 obstacle=0 disc=0
[SQP] after_solve iter=1 converged=1 status=0 iterations=4 primal_residual=1.51235e-11 dual_residual=7.26831e-07 x_size=16 x_finite=1
[SQP LINESEARCH] iter=1 current_violation=0 accepted_violation=0 accepted=1 alpha=1 delta_u_norm=0.172339
[SQP SUPPORT] iter=1 support_size=0 support_limit=-1 support_ok=1
[SQP] before_solve iter=2 vars=16 constraints=110 max_d=-0.0465909
[QP WORST] iter=2 row=3 type=collision d=-0.0465909
[QP WORST COLLISION] scenario=36 k=1 obstacle=0 disc=0
[SQP] after_solve iter=2 converged=1 status=0 iterations=4 primal_residual=1.96229e-11 dual_residual=8.05923e-07 x_size=16 x_finite=1
[SQP LINESEARCH] iter=2 current_violation=0 accepted_violation=0 accepted=1 alpha=1 delta_u_norm=0.154988
[SQP SUPPORT] iter=2 support_size=0 support_limit=-1 support_ok=1
[SQP] before_solve iter=3 vars=16 constraints=110 max_d=-0.0479044
[QP WORST] iter=3 row=3 type=collision d=-0.0479044
[QP WORST COLLISION] scenario=36 k=1 obstacle=0 disc=0
[SQP] after_solve iter=3 converged=1 status=0 iterations=4 primal_residual=1.59134e-11 dual_residual=7.12342e-07 x_size=16 x_finite=1
[SQP LINESEARCH] iter=3 current_violation=0 accepted_violation=0 accepted=1 alpha=1 delta_u_norm=0.143268
[SQP SUPPORT] iter=3 support_size=0 support_limit=-1 support_ok=1
[SQP] before_solve iter=4 vars=16 constraints=110 max_d=-0.0467777
[QP WORST] iter=4 row=3 type=collision d=-0.0467777
[QP WORST COLLISION] scenario=36 k=1 obstacle=0 disc=0
[SQP] after_solve iter=4 converged=1 status=0 iterations=4 primal_residual=1.20679e-11 dual_residual=7.83176e-07 x_size=16 x_finite=1
[SQP LINESEARCH] iter=4 current_violation=0 accepted_violation=0 accepted=1 alpha=1 delta_u_norm=0.133927
[SQP SUPPORT] iter=4 support_size=0 support_limit=-1 support_ok=1
[SQP] before_solve iter=5 vars=16 constraints=110 max_d=-0.047246
[QP WORST] iter=5 row=3 type=collision d=-0.047246
[QP WORST COLLISION] scenario=36 k=1 obstacle=0 disc=0
[SQP] after_solve iter=5 converged=1 status=0 iterations=4 primal_residual=1.8819e-11 dual_residual=7.69348e-07 x_size=16 x_finite=1
[SQP LINESEARCH] iter=5 current_violation=0 accepted_violation=0 accepted=1 alpha=1 delta_u_norm=0.125613
[SQP SUPPORT] iter=5 support_size=0 support_limit=-1 support_ok=1
[SQP] before_solve iter=6 vars=16 constraints=110 max_d=-0.0465658
[QP WORST] iter=6 row=3 type=collision d=-0.0465658
[QP WORST COLLISION] scenario=36 k=1 obstacle=0 disc=0
[SQP] after_solve iter=6 converged=1 status=0 iterations=4 primal_residual=1.13881e-11 dual_residual=8.33873e-07 x_size=16 x_finite=1
[SQP LINESEARCH] iter=6 current_violation=0 accepted_violation=0 accepted=1 alpha=1 delta_u_norm=0.118382
[SQP SUPPORT] iter=6 support_size=0 support_limit=-1 support_ok=1
[SQP] before_solve iter=7 vars=16 constraints=110 max_d=-0.0466905
[QP WORST] iter=7 row=3 type=collision d=-0.0466905
[QP WORST COLLISION] scenario=36 k=1 obstacle=0 disc=0
[SQP] after_solve iter=7 converged=1 status=0 iterations=4 primal_residual=1.94922e-11 dual_residual=8.48217e-07 x_size=16 x_finite=1
[SQP LINESEARCH] iter=7 current_violation=0 accepted_violation=0 accepted=1 alpha=1 delta_u_norm=0.111741
[SQP SUPPORT] iter=7 support_size=0 support_limit=-1 support_ok=1
[SQP] before_solve iter=8 vars=16 constraints=110 max_d=-0.046266
[QP WORST] iter=8 row=3 type=collision d=-0.046266
[QP WORST COLLISION] scenario=36 k=1 obstacle=0 disc=0
[SQP] after_solve iter=8 converged=1 status=0 iterations=4 primal_residual=1.44426e-11 dual_residual=8.96542e-07 x_size=16 x_finite=1
[SQP LINESEARCH] iter=8 current_violation=0 accepted_violation=0 accepted=1 alpha=1 delta_u_norm=0.105742
[SQP SUPPORT] iter=8 support_size=0 support_limit=-1 support_ok=1
[SQP] before_solve iter=9 vars=16 constraints=110 max_d=-0.0462463
[QP WORST] iter=9 row=3 type=collision d=-0.0462463
[QP WORST COLLISION] scenario=36 k=1 obstacle=0 disc=0
[SQP] after_solve iter=9 converged=1 status=0 iterations=4 primal_residual=2.01496e-11 dual_residual=9.18914e-07 x_size=16 x_finite=1
[SQP LINESEARCH] iter=9 current_violation=0 accepted_violation=0 accepted=1 alpha=1 delta_u_norm=0.100163
[SQP SUPPORT] iter=9 support_size=0 support_limit=-1 support_ok=1
[SQP FINAL] final_violation=0 violated_constraints=0
[SUPPORT FINAL] sqp_union=0 final_active=0 support_limit=-1
[SUPPORT FINAL IDS]
[SUPPORT UNION IDS]
[COLD START RECOVERY CHECK] ordinary_sqp_failed=0 seed_available=1 incompatible=0 try_homotopy=0
[HARNESS RESULT] step=41 success=1 controls=8 first_input_present=1
[MPC STEP METRICS] step=41 applied=1 success=1 fallback=0 a=-0.022325 omega=0.241968 dt=0.1 acceleration_weight=0.1 steering_weight=0.1 control_cost_unweighted=0.0590472 control_cost_weighted=0.00590472 mpc_cost=-17.5045 solve_time=0.0329498 qp_solve_time=0.0213298 constraint_time=0.00688816 dro_risk_time=0 ambiguity_radius=0 certificate=not_requested
[EVAL SAFETY] step=42 min_center_distance=1.00084 min_clearance=0.0508425 collision_this_step=0 collision_run=0 collision_radius=0.95
[RF BACKUP] available=1 controls=8 states=9
[FREE POLY] k=1 disc=0 raw=40 facets=5 vertices=8 rho=4.8 anchor_shift=0
[FREE POLY] k=1 disc=1 raw=40 facets=0 vertices=4 rho=0.800001 anchor_shift=0
[FREE POLY] k=1 disc=2 raw=40 facets=4 vertices=7 rho=4.8 anchor_shift=0
[FREE POLY] k=2 disc=0 raw=40 facets=5 vertices=8 rho=5.6 anchor_shift=0
[FREE POLY] k=2 disc=1 raw=40 facets=0 vertices=4 rho=1.6 anchor_shift=0
[FREE POLY] k=2 disc=2 raw=40 facets=3 vertices=6 rho=5.6 anchor_shift=0
[FREE POLY] k=3 disc=0 raw=40 facets=7 vertices=10 rho=6.4 anchor_shift=0
[FREE POLY] k=3 disc=1 raw=40 facets=3 vertices=7 rho=2.4 anchor_shift=0
[FREE POLY] k=3 disc=2 raw=40 facets=5 vertices=8 rho=6.4 anchor_shift=0
[FREE POLY] k=4 disc=0 raw=40 facets=7 vertices=10 rho=7.2 anchor_shift=0
[FREE POLY] k=4 disc=1 raw=40 facets=4 vertices=7 rho=3.2 anchor_shift=0
[FREE POLY] k=4 disc=2 raw=40 facets=4 vertices=7 rho=7.2 anchor_shift=0
[FREE POLY] k=5 disc=0 raw=40 facets=6 vertices=9 rho=8 anchor_shift=0
[FREE POLY] k=5 disc=1 raw=40 facets=3 vertices=6 rho=4 anchor_shift=0
[FREE POLY] k=5 disc=2 raw=40 facets=4 vertices=7 rho=8 anchor_shift=0
[FREE POLY] k=6 disc=0 raw=40 facets=5 vertices=8 rho=8.8 anchor_shift=0
[FREE POLY] k=6 disc=1 raw=40 facets=3 vertices=6 rho=4.8 anchor_shift=0
[FREE POLY] k=6 disc=2 raw=40 facets=4 vertices=7 rho=8.8 anchor_shift=0
[FREE POLY] k=7 disc=0 raw=40 facets=5 vertices=8 rho=9.6 anchor_shift=0
[FREE POLY] k=7 disc=1 raw=40 facets=3 vertices=6 rho=5.6 anchor_shift=0
[FREE POLY] k=7 disc=2 raw=40 facets=3 vertices=6 rho=9.6 anchor_shift=0
[FREE POLY] k=8 disc=0 raw=40 facets=5 vertices=8 rho=10.4 anchor_shift=0
[FREE POLY] k=8 disc=1 raw=40 facets=3 vertices=6 rho=6.4 anchor_shift=0
[FREE POLY] k=8 disc=2 raw=40 facets=3 vertices=6 rho=10.4 anchor_shift=0
[RF SUPPORT SEED] removed=0 support_limit=-1
[SQP] before_solve iter=0 vars=16 constraints=126 max_d=-0.119311
[QP WORST] iter=0 row=1 type=collision d=-0.119311
[QP WORST COLLISION] scenario=22 k=1 obstacle=0 disc=0
[SQP] after_solve iter=0 converged=1 status=0 iterations=3 primal_residual=4.4062e-16 dual_residual=4.78484e-09 x_size=16 x_finite=1
[SQP LINESEARCH] iter=0 current_violation=0 accepted_violation=0 accepted=1 alpha=1 delta_u_norm=0.23143
[SQP SUPPORT] iter=0 support_size=0 support_limit=-1 support_ok=1
[SQP] before_solve iter=1 vars=16 constraints=126 max_d=-0.122851
[QP WORST] iter=1 row=1 type=collision d=-0.122851
[QP WORST COLLISION] scenario=22 k=1 obstacle=0 disc=0
[SQP] after_solve iter=1 converged=1 status=0 iterations=3 primal_residual=4.4062e-16 dual_residual=4.21522e-10 x_size=16 x_finite=1
[SQP LINESEARCH] iter=1 current_violation=0 accepted_violation=0 accepted=1 alpha=1 delta_u_norm=0.171844
[SQP SUPPORT] iter=1 support_size=0 support_limit=-1 support_ok=1
[SQP] before_solve iter=2 vars=16 constraints=126 max_d=-0.122013
[QP WORST] iter=2 row=1 type=collision d=-0.122013
[QP WORST COLLISION] scenario=22 k=1 obstacle=0 disc=0
[SQP] after_solve iter=2 converged=1 status=0 iterations=3 primal_residual=4.41487e-16 dual_residual=3.00428e-10 x_size=16 x_finite=1
[SQP LINESEARCH] iter=2 current_violation=0 accepted_violation=0 accepted=1 alpha=1 delta_u_norm=0.154627
[SQP SUPPORT] iter=2 support_size=0 support_limit=-1 support_ok=1
[SQP] before_solve iter=3 vars=16 constraints=126 max_d=-0.123526
[QP WORST] iter=3 row=1 type=collision d=-0.123526
[QP WORST COLLISION] scenario=22 k=1 obstacle=0 disc=0
[SQP] after_solve iter=3 converged=1 status=0 iterations=3 primal_residual=4.33681e-16 dual_residual=7.07189e-11 x_size=16 x_finite=1
[SQP LINESEARCH] iter=3 current_violation=0 accepted_violation=0 accepted=1 alpha=1 delta_u_norm=0.143129
[SQP SUPPORT] iter=3 support_size=0 support_limit=-1 support_ok=1
[SQP] before_solve iter=4 vars=16 constraints=126 max_d=-0.123104
[QP WORST] iter=4 row=1 type=collision d=-0.123104
[QP WORST COLLISION] scenario=22 k=1 obstacle=0 disc=0
[SQP] after_solve iter=4 converged=1 status=0 iterations=3 primal_residual=4.36717e-16 dual_residual=3.31138e-11 x_size=16 x_finite=1
[SQP LINESEARCH] iter=4 current_violation=0 accepted_violation=0 accepted=1 alpha=1 delta_u_norm=0.133794
[SQP SUPPORT] iter=4 support_size=0 support_limit=-1 support_ok=1
[SQP] before_solve iter=5 vars=16 constraints=126 max_d=-0.12389
[QP WORST] iter=5 row=1 type=collision d=-0.12389
[QP WORST COLLISION] scenario=22 k=1 obstacle=0 disc=0
[SQP] after_solve iter=5 converged=1 status=0 iterations=2 primal_residual=4.44035e-16 dual_residual=7.32873e-05 x_size=16 x_finite=1
[SQP LINESEARCH] iter=5 current_violation=0 accepted_violation=0 accepted=1 alpha=1 delta_u_norm=0.125504
[SQP SUPPORT] iter=5 support_size=0 support_limit=-1 support_ok=1
[SQP] before_solve iter=6 vars=16 constraints=126 max_d=-0.123771
[QP WORST] iter=6 row=1 type=collision d=-0.123771
[QP WORST COLLISION] scenario=22 k=1 obstacle=0 disc=0
[SQP] after_solve iter=6 converged=1 status=0 iterations=2 primal_residual=3.94866e-16 dual_residual=7.93033e-05 x_size=16 x_finite=1
[SQP LINESEARCH] iter=6 current_violation=0 accepted_violation=0 accepted=1 alpha=1 delta_u_norm=0.118257
[SQP SUPPORT] iter=6 support_size=0 support_limit=-1 support_ok=1
[SQP] before_solve iter=7 vars=16 constraints=126 max_d=-0.124169
[QP WORST] iter=7 row=1 type=collision d=-0.124169
[QP WORST COLLISION] scenario=22 k=1 obstacle=0 disc=0
[SQP] after_solve iter=7 converged=1 status=0 iterations=2 primal_residual=4.32814e-16 dual_residual=4.10538e-05 x_size=16 x_finite=1
[SQP LINESEARCH] iter=7 current_violation=0 accepted_violation=0 accepted=1 alpha=1 delta_u_norm=0.111671
[SQP SUPPORT] iter=7 support_size=0 support_limit=-1 support_ok=1
[SQP] before_solve iter=8 vars=16 constraints=126 max_d=-0.12421
[QP WORST] iter=8 row=1 type=collision d=-0.12421
[QP WORST COLLISION] scenario=22 k=1 obstacle=0 disc=0
[SQP] after_solve iter=8 converged=1 status=0 iterations=2 primal_residual=4.02456e-16 dual_residual=4.48299e-05 x_size=16 x_finite=1
[SQP LINESEARCH] iter=8 current_violation=0 accepted_violation=0 accepted=1 alpha=1 delta_u_norm=0.105662
[SQP SUPPORT] iter=8 support_size=0 support_limit=-1 support_ok=1
[SQP] before_solve iter=9 vars=16 constraints=126 max_d=-0.124484
[QP WORST] iter=9 row=1 type=collision d=-0.124484
[QP WORST COLLISION] scenario=22 k=1 obstacle=0 disc=0
[SQP] after_solve iter=9 converged=1 status=0 iterations=2 primal_residual=4.43764e-16 dual_residual=2.53741e-05 x_size=16 x_finite=1
[SQP LINESEARCH] iter=9 current_violation=0 accepted_violation=0 accepted=1 alpha=1 delta_u_norm=0.10011
[SQP SUPPORT] iter=9 support_size=0 support_limit=-1 support_ok=1
[SQP FINAL] final_violation=0 violated_constraints=0
[SUPPORT FINAL] sqp_union=0 final_active=0 support_limit=-1
[SUPPORT FINAL IDS]
[SUPPORT UNION IDS]
[COLD START RECOVERY CHECK] ordinary_sqp_failed=0 seed_available=1 incompatible=0 try_homotopy=0
[HARNESS RESULT] step=42 success=1 controls=8 first_input_present=1
[MPC STEP METRICS] step=42 applied=1 success=1 fallback=0 a=0.0087978 omega=0.145063 dt=0.1 acceleration_weight=0.1 steering_weight=0.1 control_cost_unweighted=0.0211206 control_cost_weighted=0.00211206 mpc_cost=-17.5328 solve_time=0.0344399 qp_solve_time=0.0225673 constraint_time=0.00717618 dro_risk_time=0 ambiguity_radius=0 certificate=not_requested
[EVAL SAFETY] step=43 min_center_distance=1.07963 min_clearance=0.129635 collision_this_step=0 collision_run=0 collision_radius=0.95
[RF BACKUP] available=1 controls=8 states=9
[FREE POLY] k=1 disc=0 raw=40 facets=5 vertices=8 rho=4.8 anchor_shift=0
[FREE POLY] k=1 disc=1 raw=40 facets=0 vertices=4 rho=0.800001 anchor_shift=0
[FREE POLY] k=1 disc=2 raw=40 facets=3 vertices=6 rho=4.8 anchor_shift=0
[FREE POLY] k=2 disc=0 raw=40 facets=5 vertices=8 rho=5.6 anchor_shift=0
[FREE POLY] k=2 disc=1 raw=40 facets=0 vertices=4 rho=1.6 anchor_shift=0
[FREE POLY] k=2 disc=2 raw=40 facets=2 vertices=5 rho=5.6 anchor_shift=0
[FREE POLY] k=3 disc=0 raw=40 facets=3 vertices=6 rho=6.4 anchor_shift=0
[FREE POLY] k=3 disc=1 raw=40 facets=1 vertices=5 rho=2.4 anchor_shift=0
[FREE POLY] k=3 disc=2 raw=40 facets=2 vertices=5 rho=6.4 anchor_shift=0
[FREE POLY] k=4 disc=0 raw=40 facets=3 vertices=6 rho=7.2 anchor_shift=0
[FREE POLY] k=4 disc=1 raw=40 facets=2 vertices=5 rho=3.2 anchor_shift=0
[FREE POLY] k=4 disc=2 raw=40 facets=2 vertices=5 rho=7.2 anchor_shift=0
[FREE POLY] k=5 disc=0 raw=40 facets=3 vertices=6 rho=8 anchor_shift=0
[FREE POLY] k=5 disc=1 raw=40 facets=2 vertices=5 rho=4 anchor_shift=0
[FREE POLY] k=5 disc=2 raw=40 facets=2 vertices=5 rho=8 anchor_shift=0
[FREE POLY] k=6 disc=0 raw=40 facets=3 vertices=6 rho=8.8 anchor_shift=0
[FREE POLY] k=6 disc=1 raw=40 facets=2 vertices=5 rho=4.8 anchor_shift=0
[FREE POLY] k=6 disc=2 raw=40 facets=2 vertices=5 rho=8.8 anchor_shift=0
[FREE POLY] k=7 disc=0 raw=40 facets=3 vertices=6 rho=9.6 anchor_shift=0
[FREE POLY] k=7 disc=1 raw=40 facets=2 vertices=5 rho=5.6 anchor_shift=0
[FREE POLY] k=7 disc=2 raw=40 facets=2 vertices=5 rho=9.6 anchor_shift=0
[FREE POLY] k=8 disc=0 raw=40 facets=3 vertices=6 rho=10.4 anchor_shift=0
[FREE POLY] k=8 disc=1 raw=40 facets=2 vertices=5 rho=6.4 anchor_shift=0
[FREE POLY] k=8 disc=2 raw=40 facets=2 vertices=5 rho=10.4 anchor_shift=0
[RF SUPPORT SEED] removed=0 support_limit=-1
[SQP] before_solve iter=0 vars=16 constraints=88 max_d=-0.231401
[QP WORST] iter=0 row=2 type=collision d=-0.231401
[QP WORST COLLISION] scenario=25 k=1 obstacle=0 disc=0
[SQP] after_solve iter=0 converged=1 status=0 iterations=3 primal_residual=4.23652e-16 dual_residual=1.06131e-10 x_size=16 x_finite=1
[SQP LINESEARCH] iter=0 current_violation=0 accepted_violation=0 accepted=1 alpha=1 delta_u_norm=0.230411
[SQP SUPPORT] iter=0 support_size=0 support_limit=-1 support_ok=1
[SQP] before_solve iter=1 vars=16 constraints=88 max_d=-0.233895
[QP WORST] iter=1 row=2 type=collision d=-0.233895
[QP WORST COLLISION] scenario=25 k=1 obstacle=0 disc=0
[SQP] after_solve iter=1 converged=1 status=0 iterations=2 primal_residual=4.44089e-16 dual_residual=5.67438e-05 x_size=16 x_finite=1
[SQP LINESEARCH] iter=1 current_violation=0 accepted_violation=0 accepted=1 alpha=1 delta_u_norm=0.171034
[SQP SUPPORT] iter=1 support_size=0 support_limit=-1 support_ok=1
[SQP] before_solve iter=2 vars=16 constraints=88 max_d=-0.233139
[QP WORST] iter=2 row=2 type=collision d=-0.233139
[QP WORST COLLISION] scenario=25 k=1 obstacle=0 disc=0
[SQP] after_solve iter=2 converged=1 status=0 iterations=2 primal_residual=4.37584e-16 dual_residual=6.57045e-05 x_size=16 x_finite=1
[SQP LINESEARCH] iter=2 current_violation=0 accepted_violation=0 accepted=1 alpha=1 delta_u_norm=0.154117
[SQP SUPPORT] iter=2 support_size=0 support_limit=-1 support_ok=1
[SQP] before_solve iter=3 vars=16 constraints=88 max_d=-0.234092
[QP WORST] iter=3 row=2 type=collision d=-0.234092
[QP WORST COLLISION] scenario=25 k=1 obstacle=0 disc=0
[SQP] after_solve iter=3 converged=1 status=0 iterations=2 primal_residual=4.2105e-16 dual_residual=3.4035e-05 x_size=16 x_finite=1
[SQP LINESEARCH] iter=3 current_violation=0 accepted_violation=0 accepted=1 alpha=1 delta_u_norm=0.142848
[SQP SUPPORT] iter=3 support_size=0 support_limit=-1 support_ok=1
[SQP] before_solve iter=4 vars=16 constraints=88 max_d=-0.23373
[QP WORST] iter=4 row=2 type=collision d=-0.23373
[QP WORST COLLISION] scenario=25 k=1 obstacle=0 disc=0
[SQP] after_solve iter=4 converged=1 status=0 iterations=2 primal_residual=4.00938e-16 dual_residual=3.26357e-05 x_size=16 x_finite=1
[SQP LINESEARCH] iter=4 current_violation=0 accepted_violation=0 accepted=1 alpha=1 delta_u_norm=0.133602
[SQP SUPPORT] iter=4 support_size=0 support_limit=-1 support_ok=1
[SQP] before_solve iter=5 vars=16 constraints=88 max_d=-0.2342
[QP WORST] iter=5 row=2 type=collision d=-0.2342
[QP WORST COLLISION] scenario=25 k=1 obstacle=0 disc=0
[SQP] after_solve iter=5 converged=1 status=0 iterations=2 primal_residual=4.01561e-16 dual_residual=1.93673e-05 x_size=16 x_finite=1
[SQP LINESEARCH] iter=5 current_violation=0 accepted_violation=0 accepted=1 alpha=1 delta_u_norm=0.125455
[SQP SUPPORT] iter=5 support_size=0 support_limit=-1 support_ok=1
[SQP] before_solve iter=6 vars=16 constraints=88 max_d=-0.234079
[QP WORST] iter=6 row=2 type=collision d=-0.234079
[QP WORST COLLISION] scenario=25 k=1 obstacle=0 disc=0
[SQP] after_solve iter=6 converged=1 status=0 iterations=2 primal_residual=3.85868e-16 dual_residual=1.90763e-05 x_size=16 x_finite=1
[SQP LINESEARCH] iter=6 current_violation=0 accepted_violation=0 accepted=1 alpha=1 delta_u_norm=0.118238
[SQP SUPPORT] iter=6 support_size=0 support_limit=-1 support_ok=1
[SQP] before_solve iter=7 vars=16 constraints=88 max_d=-0.234359
[QP WORST] iter=7 row=2 type=collision d=-0.234359
[QP WORST COLLISION] scenario=25 k=1 obstacle=0 disc=0
[SQP] after_solve iter=7 converged=1 status=0 iterations=2 primal_residual=4.29236e-16 dual_residual=1.21869e-05 x_size=16 x_finite=1
[SQP LINESEARCH] iter=7 current_violation=0 accepted_violation=0 accepted=1 alpha=1 delta_u_norm=0.111661
[SQP SUPPORT] iter=7 support_size=0 support_limit=-1 support_ok=1
[SQP] before_solve iter=8 vars=16 constraints=88 max_d=-0.234363
[QP WORST] iter=8 row=2 type=collision d=-0.234363
[QP WORST COLLISION] scenario=25 k=1 obstacle=0 disc=0
[SQP] after_solve iter=8 converged=1 status=0 iterations=2 primal_residual=4.31858e-16 dual_residual=1.17712e-05 x_size=16 x_finite=1
[SQP LINESEARCH] iter=8 current_violation=0 accepted_violation=0 accepted=1 alpha=1 delta_u_norm=0.10566
[SQP SUPPORT] iter=8 support_size=0 support_limit=-1 support_ok=1
[SQP] before_solve iter=9 vars=16 constraints=88 max_d=-0.234561
[QP WORST] iter=9 row=2 type=collision d=-0.234561
[QP WORST COLLISION] scenario=25 k=1 obstacle=0 disc=0
[SQP] after_solve iter=9 converged=1 status=0 iterations=2 primal_residual=3.91614e-16 dual_residual=8.36278e-06 x_size=16 x_finite=1
[SQP LINESEARCH] iter=9 current_violation=0 accepted_violation=0 accepted=1 alpha=1 delta_u_norm=0.100107
[SQP SUPPORT] iter=9 support_size=0 support_limit=-1 support_ok=1
[SQP FINAL] final_violation=0 violated_constraints=0
[SUPPORT FINAL] sqp_union=0 final_active=0 support_limit=-1
[SUPPORT FINAL IDS]
[SUPPORT UNION IDS]
[COLD START RECOVERY CHECK] ordinary_sqp_failed=0 seed_available=1 incompatible=0 try_homotopy=0
[HARNESS RESULT] step=43 success=1 controls=8 first_input_present=1
[MPC STEP METRICS] step=43 applied=1 success=1 fallback=0 a=-0.011301 omega=0.103044 dt=0.1 acceleration_weight=0.1 steering_weight=0.1 control_cost_unweighted=0.0107457 control_cost_weighted=0.00107457 mpc_cost=-17.5482 solve_time=0.031605 qp_solve_time=0.0202316 constraint_time=0.00649173 dro_risk_time=0 ambiguity_radius=0 certificate=not_requested
[EVAL SAFETY] step=44 min_center_distance=1.19054 min_clearance=0.240538 collision_this_step=0 collision_run=0 collision_radius=0.95
[RF BACKUP] available=1 controls=8 states=9
[FREE POLY] k=1 disc=0 raw=40 facets=6 vertices=9 rho=4.8 anchor_shift=0
[FREE POLY] k=1 disc=1 raw=40 facets=0 vertices=4 rho=0.800001 anchor_shift=0
[FREE POLY] k=1 disc=2 raw=40 facets=3 vertices=6 rho=4.8 anchor_shift=0
[FREE POLY] k=2 disc=0 raw=40 facets=3 vertices=6 rho=5.6 anchor_shift=0
[FREE POLY] k=2 disc=1 raw=40 facets=0 vertices=4 rho=1.6 anchor_shift=0
[FREE POLY] k=2 disc=2 raw=40 facets=2 vertices=5 rho=5.6 anchor_shift=0
[FREE POLY] k=3 disc=0 raw=40 facets=5 vertices=8 rho=6.4 anchor_shift=0
[FREE POLY] k=3 disc=1 raw=40 facets=1 vertices=5 rho=2.4 anchor_shift=0
[FREE POLY] k=3 disc=2 raw=40 facets=4 vertices=7 rho=6.4 anchor_shift=0
[FREE POLY] k=4 disc=0 raw=40 facets=4 vertices=7 rho=7.2 anchor_shift=0
[FREE POLY] k=4 disc=1 raw=40 facets=3 vertices=7 rho=3.2 anchor_shift=0
[FREE POLY] k=4 disc=2 raw=40 facets=3 vertices=6 rho=7.2 anchor_shift=0
[FREE POLY] k=5 disc=0 raw=40 facets=5 vertices=8 rho=8 anchor_shift=0
[FREE POLY] k=5 disc=1 raw=40 facets=5 vertices=8 rho=4 anchor_shift=0
[FREE POLY] k=5 disc=2 raw=40 facets=5 vertices=8 rho=8 anchor_shift=0
[FREE POLY] k=6 disc=0 raw=40 facets=6 vertices=9 rho=8.8 anchor_shift=0
[FREE POLY] k=6 disc=1 raw=40 facets=6 vertices=9 rho=4.8 anchor_shift=0
[FREE POLY] k=6 disc=2 raw=40 facets=5 vertices=8 rho=8.8 anchor_shift=0
[FREE POLY] k=7 disc=0 raw=40 facets=6 vertices=9 rho=9.6 anchor_shift=0
[FREE POLY] k=7 disc=1 raw=40 facets=5 vertices=8 rho=5.6 anchor_shift=0
[FREE POLY] k=7 disc=2 raw=40 facets=6 vertices=9 rho=9.6 anchor_shift=0
[FREE POLY] k=8 disc=0 raw=40 facets=6 vertices=9 rho=10.4 anchor_shift=0
[FREE POLY] k=8 disc=1 raw=40 facets=5 vertices=8 rho=6.4 anchor_shift=0
[FREE POLY] k=8 disc=2 raw=40 facets=5 vertices=8 rho=10.4 anchor_shift=0
[RF SUPPORT SEED] removed=0 support_limit=-1
[SQP] before_solve iter=0 vars=16 constraints=131 max_d=-0.369074
[QP WORST] iter=0 row=5 type=collision d=-0.369074
[QP WORST COLLISION] scenario=30 k=1 obstacle=0 disc=0
[SQP] after_solve iter=0 converged=1 status=0 iterations=2 primal_residual=4.33247e-16 dual_residual=5.68102e-05 x_size=16 x_finite=1
[SQP LINESEARCH] iter=0 current_violation=0 accepted_violation=0 accepted=1 alpha=1 delta_u_norm=0.229614
[SQP SUPPORT] iter=0 support_size=0 support_limit=-1 support_ok=1
[SQP] before_solve iter=1 vars=16 constraints=131 max_d=-0.370895
[QP WORST] iter=1 row=5 type=collision d=-0.370895
[QP WORST COLLISION] scenario=30 k=1 obstacle=0 disc=0
[SQP] after_solve iter=1 converged=1 status=0 iterations=2 primal_residual=4.42354e-16 dual_residual=2.62161e-05 x_size=16 x_finite=1
[SQP LINESEARCH] iter=1 current_violation=0 accepted_violation=0 accepted=1 alpha=1 delta_u_norm=0.170668
[SQP SUPPORT] iter=1 support_size=0 support_limit=-1 support_ok=1
[SQP] before_solve iter=2 vars=16 constraints=131 max_d=-0.370244
[QP WORST] iter=2 row=5 type=collision d=-0.370244
[QP WORST COLLISION] scenario=30 k=1 obstacle=0 disc=0
[SQP] after_solve iter=2 converged=1 status=0 iterations=2 primal_residual=4.4062e-16 dual_residual=3.20822e-05 x_size=16 x_finite=1
[SQP LINESEARCH] iter=2 current_violation=0 accepted_violation=0 accepted=1 alpha=1 delta_u_norm=0.153913
[SQP SUPPORT] iter=2 support_size=0 support_limit=-1 support_ok=1
[SQP] before_solve iter=3 vars=16 constraints=131 max_d=-0.370877
[QP WORST] iter=3 row=5 type=collision d=-0.370877
[QP WORST COLLISION] scenario=30 k=1 obstacle=0 disc=0
[SQP] after_solve iter=3 converged=1 status=0 iterations=2 primal_residual=4.37205e-16 dual_residual=1.37059e-05 x_size=16 x_finite=1
[SQP LINESEARCH] iter=3 current_violation=0 accepted_violation=0 accepted=1 alpha=1 delta_u_norm=0.142752
[SQP SUPPORT] iter=3 support_size=0 support_limit=-1 support_ok=1
[SQP] before_solve iter=4 vars=16 constraints=131 max_d=-0.370507
[QP WORST] iter=4 row=5 type=collision d=-0.370507
[QP WORST COLLISION] scenario=30 k=1 obstacle=0 disc=0
[SQP] after_solve iter=4 converged=1 status=0 iterations=2 primal_residual=4.31079e-16 dual_residual=1.76603e-05 x_size=16 x_finite=1
[SQP LINESEARCH] iter=4 current_violation=0 accepted_violation=0 accepted=1 alpha=1 delta_u_norm=0.133526
[SQP SUPPORT] iter=4 support_size=0 support_limit=-1 support_ok=1
[SQP] before_solve iter=5 vars=16 constraints=131 max_d=-0.370779
[QP WORST] iter=5 row=5 type=collision d=-0.370779
[QP WORST COLLISION] scenario=30 k=1 obstacle=0 disc=0
[SQP] after_solve iter=5 converged=1 status=0 iterations=2 primal_residual=4.1178e-16 dual_residual=9.7429e-06 x_size=16 x_finite=1
[SQP LINESEARCH] iter=5 current_violation=0 accepted_violation=0 accepted=1 alpha=1 delta_u_norm=0.125408
[SQP SUPPORT] iter=5 support_size=0 support_limit=-1 support_ok=1
[SQP] before_solve iter=6 vars=16 constraints=131 max_d=-0.370601
[QP WORST] iter=6 row=5 type=collision d=-0.370601
[QP WORST COLLISION] scenario=30 k=1 obstacle=0 disc=0
[SQP] after_solve iter=6 converged=1 status=0 iterations=2 primal_residual=4.36933e-16 dual_residual=1.04092e-05 x_size=16 x_finite=1
[SQP LINESEARCH] iter=6 current_violation=0 accepted_violation=0 accepted=1 alpha=1 delta_u_norm=0.118193
[SQP SUPPORT] iter=6 support_size=0 support_limit=-1 support_ok=1
[SQP] before_solve iter=7 vars=16 constraints=131 max_d=-0.370737
[QP WORST] iter=7 row=5 type=collision d=-0.370737
[QP WORST COLLISION] scenario=30 k=1 obstacle=0 disc=0
[SQP] after_solve iter=7 converged=1 status=0 iterations=2 primal_residual=4.30211e-16 dual_residual=6.75927e-06 x_size=16 x_finite=1
[SQP LINESEARCH] iter=7 current_violation=0 accepted_violation=0 accepted=1 alpha=1 delta_u_norm=0.111625
[SQP SUPPORT] iter=7 support_size=0 support_limit=-1 support_ok=1
[SQP] before_solve iter=8 vars=16 constraints=131 max_d=-0.370665
[QP WORST] iter=8 row=5 type=collision d=-0.370665
[QP WORST COLLISION] scenario=30 k=1 obstacle=0 disc=0
[SQP] after_solve iter=8 converged=1 status=0 iterations=2 primal_residual=4.11129e-16 dual_residual=6.46112e-06 x_size=16 x_finite=1
[SQP LINESEARCH] iter=8 current_violation=0 accepted_violation=0 accepted=1 alpha=1 delta_u_norm=0.105625
[SQP SUPPORT] iter=8 support_size=0 support_limit=-1 support_ok=1
[SQP] before_solve iter=9 vars=16 constraints=131 max_d=-0.370745
[QP WORST] iter=9 row=5 type=collision d=-0.370745
[QP WORST COLLISION] scenario=30 k=1 obstacle=0 disc=0
[SQP] after_solve iter=9 converged=1 status=0 iterations=2 primal_residual=4.07741e-16 dual_residual=4.63299e-06 x_size=16 x_finite=1
[SQP LINESEARCH] iter=9 current_violation=0 accepted_violation=0 accepted=1 alpha=1 delta_u_norm=0.100075
[SQP SUPPORT] iter=9 support_size=0 support_limit=-1 support_ok=1
[SQP FINAL] final_violation=0 violated_constraints=0
[SUPPORT FINAL] sqp_union=0 final_active=0 support_limit=-1
[SUPPORT FINAL IDS]
[SUPPORT UNION IDS]
[COLD START RECOVERY CHECK] ordinary_sqp_failed=0 seed_available=1 incompatible=0 try_homotopy=0
[HARNESS RESULT] step=44 success=1 controls=8 first_input_present=1
[MPC STEP METRICS] step=44 applied=1 success=1 fallback=0 a=-0.000264849 omega=0.0542442 dt=0.1 acceleration_weight=0.1 steering_weight=0.1 control_cost_unweighted=0.0029425 control_cost_weighted=0.00029425 mpc_cost=-17.5596 solve_time=0.0400891 qp_solve_time=0.0281481 constraint_time=0.00722909 dro_risk_time=0 ambiguity_radius=0 certificate=not_requested
[EVAL SAFETY] step=45 min_center_distance=1.32463 min_clearance=0.374626 collision_this_step=0 collision_run=0 collision_radius=0.95
[RF BACKUP] available=1 controls=8 states=9
[FREE POLY] k=1 disc=0 raw=40 facets=6 vertices=9 rho=4.8 anchor_shift=0
[FREE POLY] k=1 disc=1 raw=40 facets=0 vertices=4 rho=0.800001 anchor_shift=0
[FREE POLY] k=1 disc=2 raw=40 facets=3 vertices=7 rho=4.8 anchor_shift=0
[FREE POLY] k=2 disc=0 raw=40 facets=4 vertices=7 rho=5.6 anchor_shift=0
[FREE POLY] k=2 disc=1 raw=40 facets=0 vertices=4 rho=1.6 anchor_shift=0
[FREE POLY] k=2 disc=2 raw=40 facets=3 vertices=6 rho=5.6 anchor_shift=0
[FREE POLY] k=3 disc=0 raw=40 facets=3 vertices=6 rho=6.4 anchor_shift=0
[FREE POLY] k=3 disc=1 raw=40 facets=1 vertices=5 rho=2.4 anchor_shift=0
[FREE POLY] k=3 disc=2 raw=40 facets=2 vertices=5 rho=6.4 anchor_shift=0
[FREE POLY] k=4 disc=0 raw=40 facets=3 vertices=6 rho=7.2 anchor_shift=0
[FREE POLY] k=4 disc=1 raw=40 facets=2 vertices=6 rho=3.2 anchor_shift=0
[FREE POLY] k=4 disc=2 raw=40 facets=2 vertices=5 rho=7.2 anchor_shift=0
[FREE POLY] k=5 disc=0 raw=40 facets=5 vertices=8 rho=8 anchor_shift=0
[FREE POLY] k=5 disc=1 raw=40 facets=2 vertices=5 rho=4 anchor_shift=0
[FREE POLY] k=5 disc=2 raw=40 facets=2 vertices=5 rho=8 anchor_shift=0
[FREE POLY] k=6 disc=0 raw=40 facets=7 vertices=10 rho=8.8 anchor_shift=0
[FREE POLY] k=6 disc=1 raw=40 facets=4 vertices=7 rho=4.8 anchor_shift=0
[FREE POLY] k=6 disc=2 raw=40 facets=4 vertices=7 rho=8.8 anchor_shift=0
[FREE POLY] k=7 disc=0 raw=40 facets=6 vertices=9 rho=9.6 anchor_shift=0
[FREE POLY] k=7 disc=1 raw=40 facets=5 vertices=8 rho=5.6 anchor_shift=0
[FREE POLY] k=7 disc=2 raw=40 facets=5 vertices=8 rho=9.6 anchor_shift=0
[FREE POLY] k=8 disc=0 raw=40 facets=4 vertices=7 rho=10.4 anchor_shift=0
[FREE POLY] k=8 disc=1 raw=40 facets=3 vertices=6 rho=6.4 anchor_shift=0
[FREE POLY] k=8 disc=2 raw=40 facets=3 vertices=6 rho=10.4 anchor_shift=0
[RF SUPPORT SEED] removed=0 support_limit=-1
[SQP] before_solve iter=0 vars=16 constraints=111 max_d=-0.510067
[QP WORST] iter=0 row=0 type=collision d=-0.510067
[QP WORST COLLISION] scenario=8 k=1 obstacle=0 disc=0
[SQP] after_solve iter=0 converged=1 status=0 iterations=2 primal_residual=4.44089e-16 dual_residual=3.56679e-05 x_size=16 x_finite=1
[SQP LINESEARCH] iter=0 current_violation=0 accepted_violation=0 accepted=1 alpha=1 delta_u_norm=0.229187
[SQP SUPPORT] iter=0 support_size=0 support_limit=-1 support_ok=1
[SQP] before_solve iter=1 vars=16 constraints=111 max_d=-0.511553
[QP WORST] iter=1 row=0 type=collision d=-0.511553
[QP WORST COLLISION] scenario=8 k=1 obstacle=0 disc=0
[SQP] after_solve iter=1 converged=1 status=0 iterations=2 primal_residual=4.29046e-16 dual_residual=1.67278e-05 x_size=16 x_finite=1
[SQP LINESEARCH] iter=1 current_violation=0 accepted_violation=0 accepted=1 alpha=1 delta_u_norm=0.170422
[SQP SUPPORT] iter=1 support_size=0 support_limit=-1 support_ok=1
[SQP] before_solve iter=2 vars=16 constraints=111 max_d=-0.511116
[QP WORST] iter=2 row=0 type=collision d=-0.511116
[QP WORST COLLISION] scenario=8 k=1 obstacle=0 disc=0
[SQP] after_solve iter=2 converged=1 status=0 iterations=2 primal_residual=4.44089e-16 dual_residual=1.97355e-05 x_size=16 x_finite=1
[SQP LINESEARCH] iter=2 current_violation=0 accepted_violation=0 accepted=1 alpha=1 delta_u_norm=0.153773
[SQP SUPPORT] iter=2 support_size=0 support_limit=-1 support_ok=1
[SQP] before_solve iter=3 vars=16 constraints=111 max_d=-0.511638
[QP WORST] iter=3 row=0 type=collision d=-0.511638
[QP WORST COLLISION] scenario=8 k=1 obstacle=0 disc=0
[SQP] after_solve iter=3 converged=1 status=0 iterations=2 primal_residual=4.23869e-16 dual_residual=8.48942e-06 x_size=16 x_finite=1
[SQP LINESEARCH] iter=3 current_violation=0 accepted_violation=0 accepted=1 alpha=1 delta_u_norm=0.142694
[SQP SUPPORT] iter=3 support_size=0 support_limit=-1 support_ok=1
[SQP] before_solve iter=4 vars=16 constraints=111 max_d=-0.511397
[QP WORST] iter=4 row=0 type=collision d=-0.511397
[QP WORST COLLISION] scenario=8 k=1 obstacle=0 disc=0
[SQP] after_solve iter=4 converged=1 status=0 iterations=2 primal_residual=4.44089e-16 dual_residual=1.08541e-05 x_size=16 x_finite=1
[SQP LINESEARCH] iter=4 current_violation=0 accepted_violation=0 accepted=1 alpha=1 delta_u_norm=0.133485
[SQP SUPPORT] iter=4 support_size=0 support_limit=-1 support_ok=1
[SQP] before_solve iter=5 vars=16 constraints=111 max_d=-0.511644
[QP WORST] iter=5 row=0 type=collision d=-0.511644
[QP WORST COLLISION] scenario=8 k=1 obstacle=0 disc=0
[SQP] after_solve iter=5 converged=1 status=0 iterations=2 primal_residual=4.10608e-16 dual_residual=6.12471e-06 x_size=16 x_finite=1
[SQP LINESEARCH] iter=5 current_violation=0 accepted_violation=0 accepted=1 alpha=1 delta_u_norm=0.125392
[SQP SUPPORT] iter=5 support_size=0 support_limit=-1 support_ok=1
[SQP] before_solve iter=6 vars=16 constraints=111 max_d=-0.511549
[QP WORST] iter=6 row=0 type=collision d=-0.511549
[QP WORST COLLISION] scenario=8 k=1 obstacle=0 disc=0
[SQP] after_solve iter=6 converged=1 status=0 iterations=2 primal_residual=4.4062e-16 dual_residual=6.4053e-06 x_size=16 x_finite=1
[SQP LINESEARCH] iter=6 current_violation=0 accepted_violation=0 accepted=1 alpha=1 delta_u_norm=0.11818
[SQP SUPPORT] iter=6 support_size=0 support_limit=-1 support_ok=1
[SQP] before_solve iter=7 vars=16 constraints=111 max_d=-0.511692
[QP WORST] iter=7 row=0 type=collision d=-0.511692
[QP WORST COLLISION] scenario=8 k=1 obstacle=0 disc=0
[SQP] after_solve iter=7 converged=1 status=0 iterations=2 primal_residual=4.33247e-16 dual_residual=4.61311e-06 x_size=16 x_finite=1
[SQP LINESEARCH] iter=7 current_violation=0 accepted_violation=0 accepted=1 alpha=1 delta_u_norm=0.11162
[SQP SUPPORT] iter=7 support_size=0 support_limit=-1 support_ok=1
[SQP] before_solve iter=8 vars=16 constraints=111 max_d=-0.511676
[QP WORST] iter=8 row=0 type=collision d=-0.511676
[QP WORST COLLISION] scenario=8 k=1 obstacle=0 disc=0
[SQP] after_solve iter=8 converged=1 status=0 iterations=2 primal_residual=4.09381e-16 dual_residual=4.41816e-06 x_size=16 x_finite=1
[SQP LINESEARCH] iter=8 current_violation=0 accepted_violation=0 accepted=1 alpha=1 delta_u_norm=0.105619
[SQP SUPPORT] iter=8 support_size=0 support_limit=-1 support_ok=1
[SQP] before_solve iter=9 vars=16 constraints=111 max_d=-0.511776
[QP WORST] iter=9 row=0 type=collision d=-0.511776
[QP WORST COLLISION] scenario=8 k=1 obstacle=0 disc=0
[SQP] after_solve iter=9 converged=1 status=0 iterations=2 primal_residual=4.20399e-16 dual_residual=3.46744e-06 x_size=16 x_finite=1
[SQP LINESEARCH] iter=9 current_violation=0 accepted_violation=0 accepted=1 alpha=1 delta_u_norm=0.100072
[SQP SUPPORT] iter=9 support_size=0 support_limit=-1 support_ok=1
[SQP FINAL] final_violation=0 violated_constraints=0
[SUPPORT FINAL] sqp_union=0 final_active=0 support_limit=-1
[SUPPORT FINAL IDS]
[SUPPORT UNION IDS]
[COLD START RECOVERY CHECK] ordinary_sqp_failed=0 seed_available=1 incompatible=0 try_homotopy=0
[HARNESS RESULT] step=45 success=1 controls=8 first_input_present=1
[MPC STEP METRICS] step=45 applied=1 success=1 fallback=0 a=-0.00232124 omega=0.0901913 dt=0.1 acceleration_weight=0.1 steering_weight=0.1 control_cost_unweighted=0.00813986 control_cost_weighted=0.000813986 mpc_cost=-17.5671 solve_time=0.0325641 qp_solve_time=0.0209383 constraint_time=0.00695766 dro_risk_time=0 ambiguity_radius=0 certificate=not_requested
[EVAL SAFETY] step=46 min_center_distance=1.46589 min_clearance=0.515886 collision_this_step=0 collision_run=0 collision_radius=0.95
[RF BACKUP] available=1 controls=8 states=9
[FREE POLY] k=1 disc=0 raw=40 facets=5 vertices=8 rho=4.8 anchor_shift=0
[FREE POLY] k=1 disc=1 raw=40 facets=0 vertices=4 rho=0.800001 anchor_shift=0
[FREE POLY] k=1 disc=2 raw=40 facets=4 vertices=8 rho=4.8 anchor_shift=0
[FREE POLY] k=2 disc=0 raw=40 facets=6 vertices=9 rho=5.6 anchor_shift=0
[FREE POLY] k=2 disc=1 raw=40 facets=0 vertices=4 rho=1.6 anchor_shift=0
[FREE POLY] k=2 disc=2 raw=40 facets=4 vertices=7 rho=5.6 anchor_shift=0
[FREE POLY] k=3 disc=0 raw=40 facets=4 vertices=7 rho=6.4 anchor_shift=0
[FREE POLY] k=3 disc=1 raw=40 facets=0 vertices=4 rho=2.4 anchor_shift=0
[FREE POLY] k=3 disc=2 raw=40 facets=3 vertices=6 rho=6.4 anchor_shift=0
[FREE POLY] k=4 disc=0 raw=40 facets=4 vertices=7 rho=7.2 anchor_shift=0
[FREE POLY] k=4 disc=1 raw=40 facets=2 vertices=6 rho=3.2 anchor_shift=0
[FREE POLY] k=4 disc=2 raw=40 facets=3 vertices=6 rho=7.2 anchor_shift=0
[FREE POLY] k=5 disc=0 raw=40 facets=4 vertices=7 rho=8 anchor_shift=0
[FREE POLY] k=5 disc=1 raw=40 facets=2 vertices=5 rho=4 anchor_shift=0
[FREE POLY] k=5 disc=2 raw=40 facets=3 vertices=6 rho=8 anchor_shift=0
[FREE POLY] k=6 disc=0 raw=40 facets=4 vertices=7 rho=8.8 anchor_shift=0
[FREE POLY] k=6 disc=1 raw=40 facets=2 vertices=5 rho=4.8 anchor_shift=0
[FREE POLY] k=6 disc=2 raw=40 facets=3 vertices=6 rho=8.8 anchor_shift=0
[FREE POLY] k=7 disc=0 raw=40 facets=4 vertices=7 rho=9.6 anchor_shift=0
[FREE POLY] k=7 disc=1 raw=40 facets=3 vertices=6 rho=5.6 anchor_shift=0
[FREE POLY] k=7 disc=2 raw=40 facets=3 vertices=6 rho=9.6 anchor_shift=0
[FREE POLY] k=8 disc=0 raw=40 facets=4 vertices=7 rho=10.4 anchor_shift=0
[FREE POLY] k=8 disc=1 raw=40 facets=3 vertices=6 rho=6.4 anchor_shift=0
[FREE POLY] k=8 disc=2 raw=40 facets=3 vertices=6 rho=10.4 anchor_shift=0
[RF SUPPORT SEED] removed=0 support_limit=-1
[SQP] before_solve iter=0 vars=16 constraints=105 max_d=-0.66337
[QP WORST] iter=0 row=2 type=collision d=-0.66337
[QP WORST COLLISION] scenario=28 k=1 obstacle=0 disc=0
[SQP] after_solve iter=0 converged=1 status=0 iterations=2 primal_residual=4.44469e-16 dual_residual=2.4613e-05 x_size=16 x_finite=1
[SQP LINESEARCH] iter=0 current_violation=0 accepted_violation=0 accepted=1 alpha=1 delta_u_norm=0.228873
[SQP SUPPORT] iter=0 support_size=0 support_limit=-1 support_ok=1
[SQP] before_solve iter=1 vars=16 constraints=105 max_d=-0.664508
[QP WORST] iter=1 row=2 type=collision d=-0.664508
[QP WORST COLLISION] scenario=28 k=1 obstacle=0 disc=0
[SQP] after_solve iter=1 converged=1 status=0 iterations=2 primal_residual=4.36866e-16 dual_residual=1.34507e-05 x_size=16 x_finite=1
[SQP LINESEARCH] iter=1 current_violation=0 accepted_violation=0 accepted=1 alpha=1 delta_u_norm=0.17023
[SQP SUPPORT] iter=1 support_size=0 support_limit=-1 support_ok=1
[SQP] before_solve iter=2 vars=16 constraints=105 max_d=-0.664146
[QP WORST] iter=2 row=2 type=collision d=-0.664146
[QP WORST COLLISION] scenario=28 k=1 obstacle=0 disc=0
[SQP] after_solve iter=2 converged=1 status=0 iterations=2 primal_residual=4.42354e-16 dual_residual=1.40317e-05 x_size=16 x_finite=1
[SQP LINESEARCH] iter=2 current_violation=0 accepted_violation=0 accepted=1 alpha=1 delta_u_norm=0.153671
[SQP SUPPORT] iter=2 support_size=0 support_limit=-1 support_ok=1
[SQP] before_solve iter=3 vars=16 constraints=105 max_d=-0.66451
[QP WORST] iter=3 row=2 type=collision d=-0.66451
[QP WORST COLLISION] scenario=28 k=1 obstacle=0 disc=0
[SQP] after_solve iter=3 converged=1 status=0 iterations=2 primal_residual=4.35849e-16 dual_residual=7.24654e-06 x_size=16 x_finite=1
[SQP LINESEARCH] iter=3 current_violation=0 accepted_violation=0 accepted=1 alpha=1 delta_u_norm=0.142642
[SQP SUPPORT] iter=3 support_size=0 support_limit=-1 support_ok=1
[SQP] before_solve iter=4 vars=16 constraints=105 max_d=-0.664298
[QP WORST] iter=4 row=2 type=collision d=-0.664298
[QP WORST COLLISION] scenario=28 k=1 obstacle=0 disc=0
[SQP] after_solve iter=4 converged=1 status=0 iterations=2 primal_residual=4.29073e-16 dual_residual=8.55418e-06 x_size=16 x_finite=1
[SQP LINESEARCH] iter=4 current_violation=0 accepted_violation=0 accepted=1 alpha=1 delta_u_norm=0.13345
[SQP SUPPORT] iter=4 support_size=0 support_limit=-1 support_ok=1
[SQP] before_solve iter=5 vars=16 constraints=105 max_d=-0.664464
[QP WORST] iter=5 row=2 type=collision d=-0.664464
[QP WORST COLLISION] scenario=28 k=1 obstacle=0 disc=0
[SQP] after_solve iter=5 converged=1 status=0 iterations=2 primal_residual=4.22405e-16 dual_residual=5.51063e-06 x_size=16 x_finite=1
[SQP LINESEARCH] iter=5 current_violation=0 accepted_violation=0 accepted=1 alpha=1 delta_u_norm=0.125373
[SQP SUPPORT] iter=5 support_size=0 support_limit=-1 support_ok=1
[SQP] before_solve iter=6 vars=16 constraints=105 max_d=-0.664373
[QP WORST] iter=6 row=2 type=collision d=-0.664373
[QP WORST COLLISION] scenario=28 k=1 obstacle=0 disc=0
[SQP] after_solve iter=6 converged=1 status=0 iterations=2 primal_residual=4.43005e-16 dual_residual=5.67361e-06 x_size=16 x_finite=1
[SQP LINESEARCH] iter=6 current_violation=0 accepted_violation=0 accepted=1 alpha=1 delta_u_norm=0.118163
[SQP SUPPORT] iter=6 support_size=0 support_limit=-1 support_ok=1
[SQP] before_solve iter=7 vars=16 constraints=105 max_d=-0.664469
[QP WORST] iter=7 row=2 type=collision d=-0.664469
[QP WORST COLLISION] scenario=28 k=1 obstacle=0 disc=0
[SQP] after_solve iter=7 converged=1 status=0 iterations=2 primal_residual=4.16249e-16 dual_residual=4.15254e-06 x_size=16 x_finite=1
[SQP LINESEARCH] iter=7 current_violation=0 accepted_violation=0 accepted=1 alpha=1 delta_u_norm=0.111608
[SQP SUPPORT] iter=7 support_size=0 support_limit=-1 support_ok=1
[SQP] before_solve iter=8 vars=16 constraints=105 max_d=-0.664445
[QP WORST] iter=8 row=2 type=collision d=-0.664445
[QP WORST COLLISION] scenario=28 k=1 obstacle=0 disc=0
[SQP] after_solve iter=8 converged=1 status=0 iterations=2 primal_residual=4.3979e-16 dual_residual=3.95815e-06 x_size=16 x_finite=1
[SQP LINESEARCH] iter=8 current_violation=0 accepted_violation=0 accepted=1 alpha=1 delta_u_norm=0.105608
[SQP SUPPORT] iter=8 support_size=0 support_limit=-1 support_ok=1
[SQP] before_solve iter=9 vars=16 constraints=105 max_d=-0.664513
[QP WORST] iter=9 row=2 type=collision d=-0.664513
[QP WORST COLLISION] scenario=28 k=1 obstacle=0 disc=0
[SQP] after_solve iter=9 converged=1 status=0 iterations=2 primal_residual=4.3856e-16 dual_residual=3.13007e-06 x_size=16 x_finite=1
[SQP LINESEARCH] iter=9 current_violation=0 accepted_violation=0 accepted=1 alpha=1 delta_u_norm=0.100064
[SQP SUPPORT] iter=9 support_size=0 support_limit=-1 support_ok=1
[SQP FINAL] final_violation=0 violated_constraints=0
[SUPPORT FINAL] sqp_union=0 final_active=0 support_limit=-1
[SUPPORT FINAL IDS]
[SUPPORT UNION IDS]
[COLD START RECOVERY CHECK] ordinary_sqp_failed=0 seed_available=1 incompatible=0 try_homotopy=0
[HARNESS RESULT] step=46 success=1 controls=8 first_input_present=1
[MPC STEP METRICS] step=46 applied=1 success=1 fallback=0 a=-0.00144094 omega=0.0533111 dt=0.1 acceleration_weight=0.1 steering_weight=0.1 control_cost_unweighted=0.00284415 control_cost_weighted=0.000284415 mpc_cost=-17.5733 solve_time=0.0383752 qp_solve_time=0.0268835 constraint_time=0.00676143 dro_risk_time=0 ambiguity_radius=0 certificate=not_requested
[EVAL SAFETY] step=47 min_center_distance=1.61973 min_clearance=0.669732 collision_this_step=0 collision_run=0 collision_radius=0.95
[RF BACKUP] available=1 controls=8 states=9
[FREE POLY] k=1 disc=0 raw=40 facets=4 vertices=7 rho=4.8 anchor_shift=0
[FREE POLY] k=1 disc=1 raw=40 facets=0 vertices=4 rho=0.800001 anchor_shift=0
[FREE POLY] k=1 disc=2 raw=40 facets=1 vertices=5 rho=4.8 anchor_shift=0
[FREE POLY] k=2 disc=0 raw=40 facets=4 vertices=7 rho=5.6 anchor_shift=0
[FREE POLY] k=2 disc=1 raw=40 facets=0 vertices=4 rho=1.6 anchor_shift=0
[FREE POLY] k=2 disc=2 raw=40 facets=2 vertices=5 rho=5.6 anchor_shift=0
[FREE POLY] k=3 disc=0 raw=40 facets=3 vertices=6 rho=6.4 anchor_shift=0
[FREE POLY] k=3 disc=1 raw=40 facets=0 vertices=4 rho=2.4 anchor_shift=0
[FREE POLY] k=3 disc=2 raw=40 facets=3 vertices=6 rho=6.4 anchor_shift=0
[FREE POLY] k=4 disc=0 raw=40 facets=3 vertices=6 rho=7.2 anchor_shift=0
[FREE POLY] k=4 disc=1 raw=40 facets=2 vertices=6 rho=3.2 anchor_shift=0
[FREE POLY] k=4 disc=2 raw=40 facets=3 vertices=6 rho=7.2 anchor_shift=0
[FREE POLY] k=5 disc=0 raw=40 facets=5 vertices=8 rho=8 anchor_shift=0
[FREE POLY] k=5 disc=1 raw=40 facets=3 vertices=6 rho=4 anchor_shift=0
[FREE POLY] k=5 disc=2 raw=40 facets=3 vertices=6 rho=8 anchor_shift=0
[FREE POLY] k=6 disc=0 raw=40 facets=4 vertices=7 rho=8.8 anchor_shift=0
[FREE POLY] k=6 disc=1 raw=40 facets=3 vertices=6 rho=4.8 anchor_shift=0
[FREE POLY] k=6 disc=2 raw=40 facets=4 vertices=7 rho=8.8 anchor_shift=0
[FREE POLY] k=7 disc=0 raw=40 facets=4 vertices=7 rho=9.6 anchor_shift=0
[FREE POLY] k=7 disc=1 raw=40 facets=4 vertices=7 rho=5.6 anchor_shift=0
[FREE POLY] k=7 disc=2 raw=40 facets=4 vertices=7 rho=9.6 anchor_shift=0
[FREE POLY] k=8 disc=0 raw=40 facets=5 vertices=8 rho=10.4 anchor_shift=0
[FREE POLY] k=8 disc=1 raw=40 facets=4 vertices=7 rho=6.4 anchor_shift=0
[FREE POLY] k=8 disc=2 raw=40 facets=4 vertices=7 rho=10.4 anchor_shift=0
[RF SUPPORT SEED] removed=0 support_limit=-1
[SQP] before_solve iter=0 vars=16 constraints=104 max_d=-0.823965
[QP WORST] iter=0 row=1 type=collision d=-0.823965
[QP WORST COLLISION] scenario=13 k=1 obstacle=0 disc=0
[SQP] after_solve iter=0 converged=1 status=0 iterations=2 primal_residual=3.95517e-16 dual_residual=2.08295e-05 x_size=16 x_finite=1
[SQP LINESEARCH] iter=0 current_violation=0 accepted_violation=0 accepted=1 alpha=1 delta_u_norm=0.228649
[SQP SUPPORT] iter=0 support_size=0 support_limit=-1 support_ok=1
[SQP] before_solve iter=1 vars=16 constraints=104 max_d=-0.824874
[QP WORST] iter=1 row=1 type=collision d=-0.824874
[QP WORST COLLISION] scenario=13 k=1 obstacle=0 disc=0
[SQP] after_solve iter=1 converged=1 status=0 iterations=2 primal_residual=4.31946e-16 dual_residual=1.1309e-05 x_size=16 x_finite=1
[SQP LINESEARCH] iter=1 current_violation=0 accepted_violation=0 accepted=1 alpha=1 delta_u_norm=0.170095
[SQP SUPPORT] iter=1 support_size=0 support_limit=-1 support_ok=1
[SQP] before_solve iter=2 vars=16 constraints=104 max_d=-0.824586
[QP WORST] iter=2 row=1 type=collision d=-0.824586
[QP WORST COLLISION] scenario=13 k=1 obstacle=0 disc=0
[SQP] after_solve iter=2 converged=1 status=0 iterations=2 primal_residual=4.38912e-16 dual_residual=1.2057e-05 x_size=16 x_finite=1
[SQP LINESEARCH] iter=2 current_violation=0 accepted_violation=0 accepted=1 alpha=1 delta_u_norm=0.153595
[SQP SUPPORT] iter=2 support_size=0 support_limit=-1 support_ok=1
[SQP] before_solve iter=3 vars=16 constraints=104 max_d=-0.824849
[QP WORST] iter=3 row=1 type=collision d=-0.824849
[QP WORST COLLISION] scenario=13 k=1 obstacle=0 disc=0
[SQP] after_solve iter=3 converged=1 status=0 iterations=2 primal_residual=3.95571e-16 dual_residual=6.5063e-06 x_size=16 x_finite=1
[SQP LINESEARCH] iter=3 current_violation=0 accepted_violation=0 accepted=1 alpha=1 delta_u_norm=0.142606
[SQP SUPPORT] iter=3 support_size=0 support_limit=-1 support_ok=1
[SQP] before_solve iter=4 vars=16 constraints=104 max_d=-0.824672
[QP WORST] iter=4 row=1 type=collision d=-0.824672
[QP WORST COLLISION] scenario=13 k=1 obstacle=0 disc=0
[SQP] after_solve iter=4 converged=1 status=0 iterations=2 primal_residual=4.42842e-16 dual_residual=7.57505e-06 x_size=16 x_finite=1
[SQP LINESEARCH] iter=4 current_violation=0 accepted_violation=0 accepted=1 alpha=1 delta_u_norm=0.133425
[SQP SUPPORT] iter=4 support_size=0 support_limit=-1 support_ok=1
[SQP] before_solve iter=5 vars=16 constraints=104 max_d=-0.824788
[QP WORST] iter=5 row=1 type=collision d=-0.824788
[QP WORST COLLISION] scenario=13 k=1 obstacle=0 disc=0
[SQP] after_solve iter=5 converged=1 status=0 iterations=2 primal_residual=4.40132e-16 dual_residual=4.95866e-06 x_size=16 x_finite=1
[SQP LINESEARCH] iter=5 current_violation=0 accepted_violation=0 accepted=1 alpha=1 delta_u_norm=0.12536
[SQP SUPPORT] iter=5 support_size=0 support_limit=-1 support_ok=1
[SQP] before_solve iter=6 vars=16 constraints=104 max_d=-0.824711
[QP WORST] iter=6 row=1 type=collision d=-0.824711
[QP WORST COLLISION] scenario=13 k=1 obstacle=0 disc=0
[SQP] after_solve iter=6 converged=1 status=0 iterations=2 primal_residual=4.43005e-16 dual_residual=5.0681e-06 x_size=16 x_finite=1
[SQP LINESEARCH] iter=6 current_violation=0 accepted_violation=0 accepted=1 alpha=1 delta_u_norm=0.118152
[SQP SUPPORT] iter=6 support_size=0 support_limit=-1 support_ok=1
[SQP] before_solve iter=7 vars=16 constraints=104 max_d=-0.824779
[QP WORST] iter=7 row=1 type=collision d=-0.824779
[QP WORST COLLISION] scenario=13 k=1 obstacle=0 disc=0
[SQP] after_solve iter=7 converged=1 status=0 iterations=2 primal_residual=4.37584e-16 dual_residual=3.75104e-06 x_size=16 x_finite=1
[SQP LINESEARCH] iter=7 current_violation=0 accepted_violation=0 accepted=1 alpha=1 delta_u_norm=0.111601
[SQP SUPPORT] iter=7 support_size=0 support_limit=-1 support_ok=1
[SQP] before_solve iter=8 vars=16 constraints=104 max_d=-0.824757
[QP WORST] iter=8 row=1 type=collision d=-0.824757
[QP WORST COLLISION] scenario=13 k=1 obstacle=0 disc=0
[SQP] after_solve iter=8 converged=1 status=0 iterations=2 primal_residual=4.44089e-16 dual_residual=3.56489e-06 x_size=16 x_finite=1
[SQP LINESEARCH] iter=8 current_violation=0 accepted_violation=0 accepted=1 alpha=1 delta_u_norm=0.105601
[SQP SUPPORT] iter=8 support_size=0 support_limit=-1 support_ok=1
[SQP] before_solve iter=9 vars=16 constraints=104 max_d=-0.824808
[QP WORST] iter=9 row=1 type=collision d=-0.824808
[QP WORST COLLISION] scenario=13 k=1 obstacle=0 disc=0
[SQP] after_solve iter=9 converged=1 status=0 iterations=2 primal_residual=4.26037e-16 dual_residual=2.84237e-06 x_size=16 x_finite=1
[SQP LINESEARCH] iter=9 current_violation=0 accepted_violation=0 accepted=1 alpha=1 delta_u_norm=0.100058
[SQP SUPPORT] iter=9 support_size=0 support_limit=-1 support_ok=1
[SQP FINAL] final_violation=0 violated_constraints=0
[SUPPORT FINAL] sqp_union=0 final_active=0 support_limit=-1
[SUPPORT FINAL IDS]
[SUPPORT UNION IDS]
[COLD START RECOVERY CHECK] ordinary_sqp_failed=0 seed_available=1 incompatible=0 try_homotopy=0
[HARNESS RESULT] step=47 success=1 controls=8 first_input_present=1
[MPC STEP METRICS] step=47 applied=1 success=1 fallback=0 a=-0.00100216 omega=0.051993 dt=0.1 acceleration_weight=0.1 steering_weight=0.1 control_cost_unweighted=0.00270428 control_cost_weighted=0.000270428 mpc_cost=-17.5774 solve_time=0.0325229 qp_solve_time=0.0209863 constraint_time=0.00678714 dro_risk_time=0 ambiguity_radius=0 certificate=not_requested
[EVAL SAFETY] step=48 min_center_distance=1.7804 min_clearance=0.830403 collision_this_step=0 collision_run=0 collision_radius=0.95
[RF BACKUP] available=1 controls=8 states=9
[FREE POLY] k=1 disc=0 raw=40 facets=4 vertices=7 rho=4.8 anchor_shift=0
[FREE POLY] k=1 disc=1 raw=40 facets=0 vertices=4 rho=0.800001 anchor_shift=0
[FREE POLY] k=1 disc=2 raw=40 facets=2 vertices=6 rho=4.8 anchor_shift=0
[FREE POLY] k=2 disc=0 raw=40 facets=5 vertices=8 rho=5.6 anchor_shift=0
[FREE POLY] k=2 disc=1 raw=40 facets=0 vertices=4 rho=1.6 anchor_shift=0
[FREE POLY] k=2 disc=2 raw=40 facets=2 vertices=6 rho=5.6 anchor_shift=0
[FREE POLY] k=3 disc=0 raw=40 facets=5 vertices=8 rho=6.4 anchor_shift=0
[FREE POLY] k=3 disc=1 raw=40 facets=0 vertices=4 rho=2.4 anchor_shift=0
[FREE POLY] k=3 disc=2 raw=40 facets=3 vertices=6 rho=6.4 anchor_shift=0
[FREE POLY] k=4 disc=0 raw=40 facets=4 vertices=7 rho=7.2 anchor_shift=0
[FREE POLY] k=4 disc=1 raw=40 facets=1 vertices=5 rho=3.2 anchor_shift=0
[FREE POLY] k=4 disc=2 raw=40 facets=3 vertices=6 rho=7.2 anchor_shift=0
[FREE POLY] k=5 disc=0 raw=40 facets=4 vertices=7 rho=8 anchor_shift=0
[FREE POLY] k=5 disc=1 raw=40 facets=3 vertices=7 rho=4 anchor_shift=0
[FREE POLY] k=5 disc=2 raw=40 facets=4 vertices=7 rho=8 anchor_shift=0
[FREE POLY] k=6 disc=0 raw=40 facets=3 vertices=6 rho=8.8 anchor_shift=0
[FREE POLY] k=6 disc=1 raw=40 facets=2 vertices=5 rho=4.8 anchor_shift=0
[FREE POLY] k=6 disc=2 raw=40 facets=3 vertices=6 rho=8.8 anchor_shift=0
[FREE POLY] k=7 disc=0 raw=40 facets=3 vertices=6 rho=9.6 anchor_shift=0
[FREE POLY] k=7 disc=1 raw=40 facets=2 vertices=5 rho=5.6 anchor_shift=0
[FREE POLY] k=7 disc=2 raw=40 facets=3 vertices=6 rho=9.6 anchor_shift=0
[FREE POLY] k=8 disc=0 raw=40 facets=3 vertices=6 rho=10.4 anchor_shift=0
[FREE POLY] k=8 disc=1 raw=40 facets=2 vertices=5 rho=6.4 anchor_shift=0
[FREE POLY] k=8 disc=2 raw=40 facets=3 vertices=6 rho=10.4 anchor_shift=0
[RF SUPPORT SEED] removed=0 support_limit=-1
[SQP] before_solve iter=0 vars=16 constraints=96 max_d=-0.990888
[QP WORST] iter=0 row=2 type=collision d=-0.990888
[QP WORST COLLISION] scenario=19 k=1 obstacle=0 disc=0
[SQP] after_solve iter=0 converged=1 status=0 iterations=2 primal_residual=4.21538e-16 dual_residual=1.844e-05 x_size=16 x_finite=1
[SQP LINESEARCH] iter=0 current_violation=0 accepted_violation=0 accepted=1 alpha=1 delta_u_norm=0.228486
[SQP SUPPORT] iter=0 support_size=0 support_limit=-1 support_ok=1
[SQP] before_solve iter=1 vars=16 constraints=96 max_d=-0.991621
[QP WORST] iter=1 row=2 type=collision d=-0.991621
[QP WORST COLLISION] scenario=19 k=1 obstacle=0 disc=0
[SQP] after_solve iter=1 converged=1 status=0 iterations=2 primal_residual=4.28043e-16 dual_residual=9.62679e-06 x_size=16 x_finite=1
[SQP LINESEARCH] iter=1 current_violation=0 accepted_violation=0 accepted=1 alpha=1 delta_u_norm=0.169996
[SQP SUPPORT] iter=1 support_size=0 support_limit=-1 support_ok=1
[SQP] before_solve iter=2 vars=16 constraints=96 max_d=-0.991394
[QP WORST] iter=2 row=2 type=collision d=-0.991394
[QP WORST COLLISION] scenario=19 k=1 obstacle=0 disc=0
[SQP] after_solve iter=2 converged=1 status=0 iterations=2 primal_residual=4.27176e-16 dual_residual=1.06478e-05 x_size=16 x_finite=1
[SQP LINESEARCH] iter=2 current_violation=0 accepted_violation=0 accepted=1 alpha=1 delta_u_norm=0.15354
[SQP SUPPORT] iter=2 support_size=0 support_limit=-1 support_ok=1
[SQP] before_solve iter=3 vars=16 constraints=96 max_d=-0.991581
[QP WORST] iter=3 row=2 type=collision d=-0.991581
[QP WORST COLLISION] scenario=19 k=1 obstacle=0 disc=0
[SQP] after_solve iter=3 converged=1 status=0 iterations=2 primal_residual=4.3715e-16 dual_residual=5.86544e-06 x_size=16 x_finite=1
[SQP LINESEARCH] iter=3 current_violation=0 accepted_violation=0 accepted=1 alpha=1 delta_u_norm=0.14258
[SQP SUPPORT] iter=3 support_size=0 support_limit=-1 support_ok=1
[SQP] before_solve iter=4 vars=16 constraints=96 max_d=-0.991434
[QP WORST] iter=4 row=2 type=collision d=-0.991434
[QP WORST COLLISION] scenario=19 k=1 obstacle=0 disc=0
[SQP] after_solve iter=4 converged=1 status=0 iterations=2 primal_residual=4.40403e-16 dual_residual=6.74568e-06 x_size=16 x_finite=1
[SQP LINESEARCH] iter=4 current_violation=0 accepted_violation=0 accepted=1 alpha=1 delta_u_norm=0.133407
[SQP SUPPORT] iter=4 support_size=0 support_limit=-1 support_ok=1
[SQP] before_solve iter=5 vars=16 constraints=96 max_d=-0.991515
[QP WORST] iter=5 row=2 type=collision d=-0.991515
[QP WORST COLLISION] scenario=19 k=1 obstacle=0 disc=0
[SQP] after_solve iter=5 converged=1 status=0 iterations=2 primal_residual=4.41514e-16 dual_residual=4.48265e-06 x_size=16 x_finite=1
[SQP LINESEARCH] iter=5 current_violation=0 accepted_violation=0 accepted=1 alpha=1 delta_u_norm=0.125351
[SQP SUPPORT] iter=5 support_size=0 support_limit=-1 support_ok=1
[SQP] before_solve iter=6 vars=16 constraints=96 max_d=-0.991451
[QP WORST] iter=6 row=2 type=collision d=-0.991451
[QP WORST COLLISION] scenario=19 k=1 obstacle=0 disc=0
[SQP] after_solve iter=6 converged=1 status=0 iterations=2 primal_residual=4.25658e-16 dual_residual=4.55318e-06 x_size=16 x_finite=1
[SQP LINESEARCH] iter=6 current_violation=0 accepted_violation=0 accepted=1 alpha=1 delta_u_norm=0.118144
[SQP SUPPORT] iter=6 support_size=0 support_limit=-1 support_ok=1
[SQP] before_solve iter=7 vars=16 constraints=96 max_d=-0.991501
[QP WORST] iter=7 row=2 type=collision d=-0.991501
[QP WORST COLLISION] scenario=19 k=1 obstacle=0 disc=0
[SQP] after_solve iter=7 converged=1 status=0 iterations=2 primal_residual=4.21538e-16 dual_residual=3.40649e-06 x_size=16 x_finite=1
[SQP LINESEARCH] iter=7 current_violation=0 accepted_violation=0 accepted=1 alpha=1 delta_u_norm=0.111596
[SQP SUPPORT] iter=7 support_size=0 support_limit=-1 support_ok=1
[SQP] before_solve iter=8 vars=16 constraints=96 max_d=-0.991485
[QP WORST] iter=8 row=2 type=collision d=-0.991485
[QP WORST COLLISION] scenario=19 k=1 obstacle=0 disc=0
[SQP] after_solve iter=8 converged=1 status=0 iterations=2 primal_residual=4.3921e-16 dual_residual=3.22971e-06 x_size=16 x_finite=1
[SQP LINESEARCH] iter=8 current_violation=0 accepted_violation=0 accepted=1 alpha=1 delta_u_norm=0.105596
[SQP SUPPORT] iter=8 support_size=0 support_limit=-1 support_ok=1
[SQP] before_solve iter=9 vars=16 constraints=96 max_d=-0.991524
[QP WORST] iter=9 row=2 type=collision d=-0.991524
[QP WORST COLLISION] scenario=19 k=1 obstacle=0 disc=0
[SQP] after_solve iter=9 converged=1 status=0 iterations=2 primal_residual=4.39752e-16 dual_residual=2.59584e-06 x_size=16 x_finite=1
[SQP LINESEARCH] iter=9 current_violation=0 accepted_violation=0 accepted=1 alpha=1 delta_u_norm=0.100055
[SQP SUPPORT] iter=9 support_size=0 support_limit=-1 support_ok=1
[SQP FINAL] final_violation=0 violated_constraints=0
[SUPPORT FINAL] sqp_union=0 final_active=0 support_limit=-1
[SUPPORT FINAL IDS]
[SUPPORT UNION IDS]
[COLD START RECOVERY CHECK] ordinary_sqp_failed=0 seed_available=1 incompatible=0 try_homotopy=0
[HARNESS RESULT] step=48 success=1 controls=8 first_input_present=1
[MPC STEP METRICS] step=48 applied=1 success=1 fallback=0 a=-0.000749615 omega=0.0440602 dt=0.1 acceleration_weight=0.1 steering_weight=0.1 control_cost_unweighted=0.00194187 control_cost_weighted=0.000194187 mpc_cost=-17.5805 solve_time=0.0319139 qp_solve_time=0.0204486 constraint_time=0.0066961 dro_risk_time=0 ambiguity_radius=0 certificate=not_requested
[EVAL SAFETY] step=49 min_center_distance=1.94625 min_clearance=0.996253 collision_this_step=0 collision_run=0 collision_radius=0.95
[RF BACKUP] available=1 controls=8 states=9
[FREE POLY] k=1 disc=0 raw=40 facets=3 vertices=6 rho=4.8 anchor_shift=0
[FREE POLY] k=1 disc=1 raw=40 facets=0 vertices=4 rho=0.800001 anchor_shift=0
[FREE POLY] k=1 disc=2 raw=40 facets=1 vertices=5 rho=4.8 anchor_shift=0
[FREE POLY] k=2 disc=0 raw=40 facets=3 vertices=6 rho=5.6 anchor_shift=0
[FREE POLY] k=2 disc=1 raw=40 facets=0 vertices=4 rho=1.6 anchor_shift=0
[FREE POLY] k=2 disc=2 raw=40 facets=2 vertices=6 rho=5.6 anchor_shift=0
[FREE POLY] k=3 disc=0 raw=40 facets=4 vertices=7 rho=6.4 anchor_shift=0
[FREE POLY] k=3 disc=1 raw=40 facets=0 vertices=4 rho=2.4 anchor_shift=0
[FREE POLY] k=3 disc=2 raw=40 facets=2 vertices=5 rho=6.4 anchor_shift=0
[FREE POLY] k=4 disc=0 raw=40 facets=4 vertices=7 rho=7.2 anchor_shift=0
[FREE POLY] k=4 disc=1 raw=40 facets=1 vertices=5 rho=3.2 anchor_shift=0
[FREE POLY] k=4 disc=2 raw=40 facets=2 vertices=5 rho=7.2 anchor_shift=0
[FREE POLY] k=5 disc=0 raw=40 facets=4 vertices=7 rho=8 anchor_shift=0
[FREE POLY] k=5 disc=1 raw=40 facets=2 vertices=6 rho=4 anchor_shift=0
[FREE POLY] k=5 disc=2 raw=40 facets=3 vertices=6 rho=8 anchor_shift=0
[FREE POLY] k=6 disc=0 raw=40 facets=5 vertices=8 rho=8.8 anchor_shift=0
[FREE POLY] k=6 disc=1 raw=40 facets=3 vertices=6 rho=4.8 anchor_shift=0
[FREE POLY] k=6 disc=2 raw=40 facets=4 vertices=7 rho=8.8 anchor_shift=0
[FREE POLY] k=7 disc=0 raw=40 facets=4 vertices=7 rho=9.6 anchor_shift=0
[FREE POLY] k=7 disc=1 raw=40 facets=3 vertices=6 rho=5.6 anchor_shift=0
[FREE POLY] k=7 disc=2 raw=40 facets=3 vertices=6 rho=9.6 anchor_shift=0
[FREE POLY] k=8 disc=0 raw=40 facets=3 vertices=6 rho=10.4 anchor_shift=0
[FREE POLY] k=8 disc=1 raw=40 facets=3 vertices=6 rho=6.4 anchor_shift=0
[FREE POLY] k=8 disc=2 raw=40 facets=3 vertices=6 rho=10.4 anchor_shift=0
[RF SUPPORT SEED] removed=0 support_limit=-1
[SQP] before_solve iter=0 vars=16 constraints=94 max_d=-1.15901
[QP WORST] iter=0 row=1 type=collision d=-1.15901
[QP WORST COLLISION] scenario=5 k=1 obstacle=0 disc=0
[SQP] after_solve iter=0 converged=1 status=0 iterations=2 primal_residual=4.30211e-16 dual_residual=1.62008e-05 x_size=16 x_finite=1
[SQP LINESEARCH] iter=0 current_violation=0 accepted_violation=0 accepted=1 alpha=1 delta_u_norm=0.228368
[SQP SUPPORT] iter=0 support_size=0 support_limit=-1 support_ok=1
[SQP] before_solve iter=1 vars=16 constraints=94 max_d=-1.15961
[QP WORST] iter=1 row=1 type=collision d=-1.15961
[QP WORST COLLISION] scenario=5 k=1 obstacle=0 disc=0
[SQP] after_solve iter=1 converged=1 status=0 iterations=2 primal_residual=4.30211e-16 dual_residual=8.59473e-06 x_size=16 x_finite=1
[SQP LINESEARCH] iter=1 current_violation=0 accepted_violation=0 accepted=1 alpha=1 delta_u_norm=0.169924
[SQP SUPPORT] iter=1 support_size=0 support_limit=-1 support_ok=1
[SQP] before_solve iter=2 vars=16 constraints=94 max_d=-1.15943
[QP WORST] iter=2 row=1 type=collision d=-1.15943
[QP WORST COLLISION] scenario=5 k=1 obstacle=0 disc=0
[SQP] after_solve iter=2 converged=1 status=0 iterations=2 primal_residual=4.39481e-16 dual_residual=9.4276e-06 x_size=16 x_finite=1
[SQP LINESEARCH] iter=2 current_violation=0 accepted_violation=0 accepted=1 alpha=1 delta_u_norm=0.153501
[SQP SUPPORT] iter=2 support_size=0 support_limit=-1 support_ok=1
[SQP] before_solve iter=3 vars=16 constraints=94 max_d=-1.15956
[QP WORST] iter=3 row=1 type=collision d=-1.15956
[QP WORST COLLISION] scenario=5 k=1 obstacle=0 disc=0
[SQP] after_solve iter=3 converged=1 status=0 iterations=2 primal_residual=4.36066e-16 dual_residual=5.31828e-06 x_size=16 x_finite=1
[SQP LINESEARCH] iter=3 current_violation=0 accepted_violation=0 accepted=1 alpha=1 delta_u_norm=0.142561
[SQP SUPPORT] iter=3 support_size=0 support_limit=-1 support_ok=1
[SQP] before_solve iter=4 vars=16 constraints=94 max_d=-1.15943
[QP WORST] iter=4 row=1 type=collision d=-1.15943
[QP WORST COLLISION] scenario=5 k=1 obstacle=0 disc=0
[SQP] after_solve iter=4 converged=1 status=0 iterations=2 primal_residual=4.39508e-16 dual_residual=6.03345e-06 x_size=16 x_finite=1
[SQP LINESEARCH] iter=4 current_violation=0 accepted_violation=0 accepted=1 alpha=1 delta_u_norm=0.133394
[SQP SUPPORT] iter=4 support_size=0 support_limit=-1 support_ok=1
[SQP] before_solve iter=5 vars=16 constraints=94 max_d=-1.15948
[QP WORST] iter=5 row=1 type=collision d=-1.15948
[QP WORST COLLISION] scenario=5 k=1 obstacle=0 disc=0
[SQP] after_solve iter=5 converged=1 status=0 iterations=2 primal_residual=4.41596e-16 dual_residual=4.0752e-06 x_size=16 x_finite=1
[SQP LINESEARCH] iter=5 current_violation=0 accepted_violation=0 accepted=1 alpha=1 delta_u_norm=0.125344
[SQP SUPPORT] iter=5 support_size=0 support_limit=-1 support_ok=1
[SQP] before_solve iter=6 vars=16 constraints=94 max_d=-1.15943
[QP WORST] iter=6 row=1 type=collision d=-1.15943
[QP WORST COLLISION] scenario=5 k=1 obstacle=0 disc=0
[SQP] after_solve iter=6 converged=1 status=0 iterations=2 primal_residual=4.27636e-16 dual_residual=4.10974e-06 x_size=16 x_finite=1
[SQP LINESEARCH] iter=6 current_violation=0 accepted_violation=0 accepted=1 alpha=1 delta_u_norm=0.118138
[SQP SUPPORT] iter=6 support_size=0 support_limit=-1 support_ok=1
[SQP] before_solve iter=7 vars=16 constraints=94 max_d=-1.15946
[QP WORST] iter=7 row=1 type=collision d=-1.15946
[QP WORST COLLISION] scenario=5 k=1 obstacle=0 disc=0
[SQP] after_solve iter=7 converged=1 status=0 iterations=2 primal_residual=4.31404e-16 dual_residual=3.10975e-06 x_size=16 x_finite=1
[SQP LINESEARCH] iter=7 current_violation=0 accepted_violation=0 accepted=1 alpha=1 delta_u_norm=0.111592
[SQP SUPPORT] iter=7 support_size=0 support_limit=-1 support_ok=1
[SQP] before_solve iter=8 vars=16 constraints=94 max_d=-1.15945
[QP WORST] iter=8 row=1 type=collision d=-1.15945
[QP WORST COLLISION] scenario=5 k=1 obstacle=0 disc=0
[SQP] after_solve iter=8 converged=1 status=0 iterations=2 primal_residual=4.34873e-16 dual_residual=2.94e-06 x_size=16 x_finite=1
[SQP LINESEARCH] iter=8 current_violation=0 accepted_violation=0 accepted=1 alpha=1 delta_u_norm=0.105593
[SQP SUPPORT] iter=8 support_size=0 support_limit=-1 support_ok=1
[SQP] before_solve iter=9 vars=16 constraints=94 max_d=-1.15948
[QP WORST] iter=9 row=1 type=collision d=-1.15948
[QP WORST COLLISION] scenario=5 k=1 obstacle=0 disc=0
[SQP] after_solve iter=9 converged=1 status=0 iterations=2 primal_residual=4.38397e-16 dual_residual=2.38258e-06 x_size=16 x_finite=1
[SQP LINESEARCH] iter=9 current_violation=0 accepted_violation=0 accepted=1 alpha=1 delta_u_norm=0.100052
[SQP SUPPORT] iter=9 support_size=0 support_limit=-1 support_ok=1
[SQP FINAL] final_violation=0 violated_constraints=0
[SUPPORT FINAL] sqp_union=0 final_active=0 support_limit=-1
[SUPPORT FINAL IDS]
[SUPPORT UNION IDS]
[COLD START RECOVERY CHECK] ordinary_sqp_failed=0 seed_available=1 incompatible=0 try_homotopy=0
[HARNESS RESULT] step=49 success=1 controls=8 first_input_present=1
[MPC STEP METRICS] step=49 applied=1 success=1 fallback=0 a=-0.00054496 omega=0.0370356 dt=0.1 acceleration_weight=0.1 steering_weight=0.1 control_cost_unweighted=0.00137193 control_cost_weighted=0.000137193 mpc_cost=-17.5827 solve_time=0.0317606 qp_solve_time=0.0202436 constraint_time=0.00676272 dro_risk_time=0 ambiguity_radius=0 certificate=not_requested
[EVAL SAFETY] step=50 min_center_distance=2.11592 min_clearance=1.16592 collision_this_step=0 collision_run=0 collision_radius=0.95
[RF BACKUP] available=1 controls=8 states=9
[FREE POLY] k=1 disc=0 raw=40 facets=5 vertices=8 rho=4.8 anchor_shift=0
[FREE POLY] k=1 disc=1 raw=40 facets=0 vertices=4 rho=0.800001 anchor_shift=0
[FREE POLY] k=1 disc=2 raw=40 facets=1 vertices=5 rho=4.8 anchor_shift=0
[FREE POLY] k=2 disc=0 raw=40 facets=5 vertices=8 rho=5.6 anchor_shift=0
[FREE POLY] k=2 disc=1 raw=40 facets=0 vertices=4 rho=1.6 anchor_shift=0
[FREE POLY] k=2 disc=2 raw=40 facets=3 vertices=7 rho=5.6 anchor_shift=0
[FREE POLY] k=3 disc=0 raw=40 facets=4 vertices=7 rho=6.4 anchor_shift=0
[FREE POLY] k=3 disc=1 raw=40 facets=0 vertices=4 rho=2.4 anchor_shift=0
[FREE POLY] k=3 disc=2 raw=40 facets=4 vertices=7 rho=6.4 anchor_shift=0
[FREE POLY] k=4 disc=0 raw=40 facets=4 vertices=7 rho=7.2 anchor_shift=0
[FREE POLY] k=4 disc=1 raw=40 facets=0 vertices=4 rho=3.2 anchor_shift=0
[FREE POLY] k=4 disc=2 raw=40 facets=4 vertices=7 rho=7.2 anchor_shift=0
[FREE POLY] k=5 disc=0 raw=40 facets=5 vertices=8 rho=8 anchor_shift=0
[FREE POLY] k=5 disc=1 raw=40 facets=3 vertices=7 rho=4 anchor_shift=0
[FREE POLY] k=5 disc=2 raw=40 facets=5 vertices=8 rho=8 anchor_shift=0
[FREE POLY] k=6 disc=0 raw=40 facets=7 vertices=10 rho=8.8 anchor_shift=0
[FREE POLY] k=6 disc=1 raw=40 facets=6 vertices=9 rho=4.8 anchor_shift=0
[FREE POLY] k=6 disc=2 raw=40 facets=6 vertices=9 rho=8.8 anchor_shift=0
[FREE POLY] k=7 disc=0 raw=40 facets=5 vertices=8 rho=9.6 anchor_shift=0
[FREE POLY] k=7 disc=1 raw=40 facets=4 vertices=7 rho=5.6 anchor_shift=0
[FREE POLY] k=7 disc=2 raw=40 facets=5 vertices=8 rho=9.6 anchor_shift=0
[FREE POLY] k=8 disc=0 raw=40 facets=5 vertices=8 rho=10.4 anchor_shift=0
[FREE POLY] k=8 disc=1 raw=40 facets=4 vertices=7 rho=6.4 anchor_shift=0
[FREE POLY] k=8 disc=2 raw=40 facets=5 vertices=8 rho=10.4 anchor_shift=0
[RF SUPPORT SEED] removed=0 support_limit=-1
[SQP] before_solve iter=0 vars=16 constraints=122 max_d=-1.33396
[QP WORST] iter=0 row=1 type=collision d=-1.33396
[QP WORST COLLISION] scenario=9 k=1 obstacle=0 disc=0
[SQP] after_solve iter=0 converged=1 status=0 iterations=2 primal_residual=4.39752e-16 dual_residual=1.41295e-05 x_size=16 x_finite=1
[SQP LINESEARCH] iter=0 current_violation=0 accepted_violation=0 accepted=1 alpha=1 delta_u_norm=0.228284
[SQP SUPPORT] iter=0 support_size=0 support_limit=-1 support_ok=1
[SQP] before_solve iter=1 vars=16 constraints=122 max_d=-1.33446
[QP WORST] iter=1 row=1 type=collision d=-1.33446
[QP WORST COLLISION] scenario=9 k=1 obstacle=0 disc=0
[SQP] after_solve iter=1 converged=1 status=0 iterations=2 primal_residual=4.35849e-16 dual_residual=7.68106e-06 x_size=16 x_finite=1
[SQP LINESEARCH] iter=1 current_violation=0 accepted_violation=0 accepted=1 alpha=1 delta_u_norm=0.169872
[SQP SUPPORT] iter=1 support_size=0 support_limit=-1 support_ok=1
[SQP] before_solve iter=2 vars=16 constraints=122 max_d=-1.33431
[QP WORST] iter=2 row=1 type=collision d=-1.33431
[QP WORST COLLISION] scenario=9 k=1 obstacle=0 disc=0
[SQP] after_solve iter=2 converged=1 status=0 iterations=2 primal_residual=4.42354e-16 dual_residual=8.37252e-06 x_size=16 x_finite=1
[SQP LINESEARCH] iter=2 current_violation=0 accepted_violation=0 accepted=1 alpha=1 delta_u_norm=0.153472
[SQP SUPPORT] iter=2 support_size=0 support_limit=-1 support_ok=1
[SQP] before_solve iter=3 vars=16 constraints=122 max_d=-1.3344
[QP WORST] iter=3 row=1 type=collision d=-1.3344
[QP WORST COLLISION] scenario=9 k=1 obstacle=0 disc=0
[SQP] after_solve iter=3 converged=1 status=0 iterations=2 primal_residual=4.43032e-16 dual_residual=4.84282e-06 x_size=16 x_finite=1
[SQP LINESEARCH] iter=3 current_violation=0 accepted_violation=0 accepted=1 alpha=1 delta_u_norm=0.142547
[SQP SUPPORT] iter=3 support_size=0 support_limit=-1 support_ok=1
[SQP] before_solve iter=4 vars=16 constraints=122 max_d=-1.33428
[QP WORST] iter=4 row=1 type=collision d=-1.33428
[QP WORST COLLISION] scenario=9 k=1 obstacle=0 disc=0
[SQP] after_solve iter=4 converged=1 status=0 iterations=2 primal_residual=4.36066e-16 dual_residual=5.42094e-06 x_size=16 x_finite=1
[SQP LINESEARCH] iter=4 current_violation=0 accepted_violation=0 accepted=1 alpha=1 delta_u_norm=0.133385
[SQP SUPPORT] iter=4 support_size=0 support_limit=-1 support_ok=1
[SQP] before_solve iter=5 vars=16 constraints=122 max_d=-1.33432
[QP WORST] iter=5 row=1 type=collision d=-1.33432
[QP WORST COLLISION] scenario=9 k=1 obstacle=0 disc=0
[SQP] after_solve iter=5 converged=1 status=0 iterations=2 primal_residual=4.36025e-16 dual_residual=3.72338e-06 x_size=16 x_finite=1
[SQP LINESEARCH] iter=5 current_violation=0 accepted_violation=0 accepted=1 alpha=1 delta_u_norm=0.125339
[SQP SUPPORT] iter=5 support_size=0 support_limit=-1 support_ok=1
[SQP] before_solve iter=6 vars=16 constraints=122 max_d=-1.33427
[QP WORST] iter=6 row=1 type=collision d=-1.33427
[QP WORST COLLISION] scenario=9 k=1 obstacle=0 disc=0
[SQP] after_solve iter=6 converged=1 status=0 iterations=2 primal_residual=4.39698e-16 dual_residual=3.72823e-06 x_size=16 x_finite=1
[SQP LINESEARCH] iter=6 current_violation=0 accepted_violation=0 accepted=1 alpha=1 delta_u_norm=0.118134
[SQP SUPPORT] iter=6 support_size=0 support_limit=-1 support_ok=1
[SQP] before_solve iter=7 vars=16 constraints=122 max_d=-1.33429
[QP WORST] iter=7 row=1 type=collision d=-1.33429
[QP WORST COLLISION] scenario=9 k=1 obstacle=0 disc=0
[SQP] after_solve iter=7 converged=1 status=0 iterations=2 primal_residual=4.43439e-16 dual_residual=2.854e-06 x_size=16 x_finite=1
[SQP LINESEARCH] iter=7 current_violation=0 accepted_violation=0 accepted=1 alpha=1 delta_u_norm=0.11159
[SQP SUPPORT] iter=7 support_size=0 support_limit=-1 support_ok=1
[SQP] before_solve iter=8 vars=16 constraints=122 max_d=-1.33428
[QP WORST] iter=8 row=1 type=collision d=-1.33428
[QP WORST COLLISION] scenario=9 k=1 obstacle=0 disc=0
[SQP] after_solve iter=8 converged=1 status=0 iterations=2 primal_residual=4.13189e-16 dual_residual=2.69074e-06 x_size=16 x_finite=1
[SQP LINESEARCH] iter=8 current_violation=0 accepted_violation=0 accepted=1 alpha=1 delta_u_norm=0.10559
[SQP SUPPORT] iter=8 support_size=0 support_limit=-1 support_ok=1
[SQP] before_solve iter=9 vars=16 constraints=122 max_d=-1.3343
[QP WORST] iter=9 row=1 type=collision d=-1.3343
[QP WORST COLLISION] scenario=9 k=1 obstacle=0 disc=0
[SQP] after_solve iter=9 converged=1 status=0 iterations=2 primal_residual=4.33681e-16 dual_residual=2.19899e-06 x_size=16 x_finite=1
[SQP LINESEARCH] iter=9 current_violation=0 accepted_violation=0 accepted=1 alpha=1 delta_u_norm=0.10005
[SQP SUPPORT] iter=9 support_size=0 support_limit=-1 support_ok=1
[SQP FINAL] final_violation=0 violated_constraints=0
[SUPPORT FINAL] sqp_union=0 final_active=0 support_limit=-1
[SUPPORT FINAL IDS]
[SUPPORT UNION IDS]
[COLD START RECOVERY CHECK] ordinary_sqp_failed=0 seed_available=1 incompatible=0 try_homotopy=0
[HARNESS RESULT] step=50 success=1 controls=8 first_input_present=1
[MPC STEP METRICS] step=50 applied=1 success=1 fallback=0 a=-0.000393526 omega=0.0317057 dt=0.1 acceleration_weight=0.1 steering_weight=0.1 control_cost_unweighted=0.00100541 control_cost_weighted=0.000100541 mpc_cost=-17.5843 solve_time=0.0337488 qp_solve_time=0.0216615 constraint_time=0.00733199 dro_risk_time=0 ambiguity_radius=0 certificate=not_requested
[EVAL SAFETY] step=51 min_center_distance=2.28796 min_clearance=1.33796 collision_this_step=0 collision_run=0 collision_radius=0.95
[RF BACKUP] available=1 controls=8 states=9
[FREE POLY] k=1 disc=0 raw=40 facets=4 vertices=7 rho=4.8 anchor_shift=0
[FREE POLY] k=1 disc=1 raw=40 facets=0 vertices=4 rho=0.800001 anchor_shift=0
[FREE POLY] k=1 disc=2 raw=40 facets=0 vertices=4 rho=4.8 anchor_shift=0
[FREE POLY] k=2 disc=0 raw=40 facets=4 vertices=7 rho=5.6 anchor_shift=0
[FREE POLY] k=2 disc=1 raw=40 facets=0 vertices=4 rho=1.6 anchor_shift=0
[FREE POLY] k=2 disc=2 raw=40 facets=1 vertices=5 rho=5.6 anchor_shift=0
[FREE POLY] k=3 disc=0 raw=40 facets=4 vertices=7 rho=6.4 anchor_shift=0
[FREE POLY] k=3 disc=1 raw=40 facets=0 vertices=4 rho=2.4 anchor_shift=0
[FREE POLY] k=3 disc=2 raw=40 facets=3 vertices=7 rho=6.4 anchor_shift=0
[FREE POLY] k=4 disc=0 raw=40 facets=4 vertices=7 rho=7.2 anchor_shift=0
[FREE POLY] k=4 disc=1 raw=40 facets=0 vertices=4 rho=3.2 anchor_shift=0
[FREE POLY] k=4 disc=2 raw=40 facets=3 vertices=6 rho=7.2 anchor_shift=0
[FREE POLY] k=5 disc=0 raw=40 facets=4 vertices=7 rho=8 anchor_shift=0
[FREE POLY] k=5 disc=1 raw=40 facets=1 vertices=5 rho=4 anchor_shift=0
[FREE POLY] k=5 disc=2 raw=40 facets=3 vertices=6 rho=8 anchor_shift=0
[FREE POLY] k=6 disc=0 raw=40 facets=4 vertices=7 rho=8.8 anchor_shift=0
[FREE POLY] k=6 disc=1 raw=40 facets=3 vertices=7 rho=4.8 anchor_shift=0
[FREE POLY] k=6 disc=2 raw=40 facets=3 vertices=6 rho=8.8 anchor_shift=0
[FREE POLY] k=7 disc=0 raw=40 facets=4 vertices=7 rho=9.6 anchor_shift=0
[FREE POLY] k=7 disc=1 raw=40 facets=3 vertices=6 rho=5.6 anchor_shift=0
[FREE POLY] k=7 disc=2 raw=40 facets=3 vertices=6 rho=9.6 anchor_shift=0
[FREE POLY] k=8 disc=0 raw=40 facets=4 vertices=7 rho=10.4 anchor_shift=0
[FREE POLY] k=8 disc=1 raw=40 facets=4 vertices=7 rho=6.4 anchor_shift=0
[FREE POLY] k=8 disc=2 raw=40 facets=4 vertices=7 rho=10.4 anchor_shift=0
[RF SUPPORT SEED] removed=0 support_limit=-1
[SQP] before_solve iter=0 vars=16 constraints=95 max_d=-1.50699
[QP WORST] iter=0 row=0 type=collision d=-1.50699
[QP WORST COLLISION] scenario=2 k=1 obstacle=0 disc=0
[SQP] after_solve iter=0 converged=1 status=0 iterations=2 primal_residual=4.4062e-16 dual_residual=1.25045e-05 x_size=16 x_finite=1
[SQP LINESEARCH] iter=0 current_violation=0 accepted_violation=0 accepted=1 alpha=1 delta_u_norm=0.228224
[SQP SUPPORT] iter=0 support_size=0 support_limit=-1 support_ok=1
[SQP] before_solve iter=1 vars=16 constraints=95 max_d=-1.50742
[QP WORST] iter=1 row=0 type=collision d=-1.50742
[QP WORST COLLISION] scenario=2 k=1 obstacle=0 disc=0
[SQP] after_solve iter=1 converged=1 status=0 iterations=2 primal_residual=4.43005e-16 dual_residual=6.96045e-06 x_size=16 x_finite=1
[SQP LINESEARCH] iter=1 current_violation=0 accepted_violation=0 accepted=1 alpha=1 delta_u_norm=0.169835
[SQP SUPPORT] iter=1 support_size=0 support_limit=-1 support_ok=1
[SQP] before_solve iter=2 vars=16 constraints=95 max_d=-1.50729
[QP WORST] iter=2 row=0 type=collision d=-1.50729
[QP WORST COLLISION] scenario=2 k=1 obstacle=0 disc=0
[SQP] after_solve iter=2 converged=1 status=0 iterations=2 primal_residual=4.16334e-16 dual_residual=7.48546e-06 x_size=16 x_finite=1
[SQP LINESEARCH] iter=2 current_violation=0 accepted_violation=0 accepted=1 alpha=1 delta_u_norm=0.153452
[SQP SUPPORT] iter=2 support_size=0 support_limit=-1 support_ok=1
[SQP] before_solve iter=3 vars=16 constraints=95 max_d=-1.50734
[QP WORST] iter=3 row=0 type=collision d=-1.50734
[QP WORST COLLISION] scenario=2 k=1 obstacle=0 disc=0
[SQP] after_solve iter=3 converged=1 status=0 iterations=2 primal_residual=4.17038e-16 dual_residual=4.44228e-06 x_size=16 x_finite=1
[SQP LINESEARCH] iter=3 current_violation=0 accepted_violation=0 accepted=1 alpha=1 delta_u_norm=0.142537
[SQP SUPPORT] iter=3 support_size=0 support_limit=-1 support_ok=1
[SQP] before_solve iter=4 vars=16 constraints=95 max_d=-1.50724
[QP WORST] iter=4 row=0 type=collision d=-1.50724
[QP WORST COLLISION] scenario=2 k=1 obstacle=0 disc=0
[SQP] after_solve iter=4 converged=1 status=0 iterations=2 primal_residual=4.31296e-16 dual_residual=4.90158e-06 x_size=16 x_finite=1
[SQP LINESEARCH] iter=4 current_violation=0 accepted_violation=0 accepted=1 alpha=1 delta_u_norm=0.133378
[SQP SUPPORT] iter=4 support_size=0 support_limit=-1 support_ok=1
[SQP] before_solve iter=5 vars=16 constraints=95 max_d=-1.50726
[QP WORST] iter=5 row=0 type=collision d=-1.50726
[QP WORST COLLISION] scenario=2 k=1 obstacle=0 disc=0
[SQP] after_solve iter=5 converged=1 status=0 iterations=2 primal_residual=4.40728e-16 dual_residual=3.42533e-06 x_size=16 x_finite=1
[SQP LINESEARCH] iter=5 current_violation=0 accepted_violation=0 accepted=1 alpha=1 delta_u_norm=0.125335
[SQP SUPPORT] iter=5 support_size=0 support_limit=-1 support_ok=1
[SQP] before_solve iter=6 vars=16 constraints=95 max_d=-1.50721
[QP WORST] iter=6 row=0 type=collision d=-1.50721
[QP WORST COLLISION] scenario=2 k=1 obstacle=0 disc=0
[SQP] after_solve iter=6 converged=1 status=0 iterations=2 primal_residual=4.37259e-16 dual_residual=3.4044e-06 x_size=16 x_finite=1
[SQP LINESEARCH] iter=6 current_violation=0 accepted_violation=0 accepted=1 alpha=1 delta_u_norm=0.118131
[SQP SUPPORT] iter=6 support_size=0 support_limit=-1 support_ok=1
[SQP] before_solve iter=7 vars=16 constraints=95 max_d=-1.50723
[QP WORST] iter=7 row=0 type=collision d=-1.50723
[QP WORST COLLISION] scenario=2 k=1 obstacle=0 disc=0
[SQP] after_solve iter=7 converged=1 status=0 iterations=2 primal_residual=4.24858e-16 dual_residual=2.63707e-06 x_size=16 x_finite=1
[SQP LINESEARCH] iter=7 current_violation=0 accepted_violation=0 accepted=1 alpha=1 delta_u_norm=0.111588
[SQP SUPPORT] iter=7 support_size=0 support_limit=-1 support_ok=1
[SQP] before_solve iter=8 vars=16 constraints=95 max_d=-1.50722
[QP WORST] iter=8 row=0 type=collision d=-1.50722
[QP WORST COLLISION] scenario=2 k=1 obstacle=0 disc=0
[SQP] after_solve iter=8 converged=1 status=0 iterations=2 primal_residual=4.13515e-16 dual_residual=2.47908e-06 x_size=16 x_finite=1
[SQP LINESEARCH] iter=8 current_violation=0 accepted_violation=0 accepted=1 alpha=1 delta_u_norm=0.105588
[SQP SUPPORT] iter=8 support_size=0 support_limit=-1 support_ok=1
[SQP] before_solve iter=9 vars=16 constraints=95 max_d=-1.50723
[QP WORST] iter=9 row=0 type=collision d=-1.50723
[QP WORST COLLISION] scenario=2 k=1 obstacle=0 disc=0
[SQP] after_solve iter=9 converged=1 status=0 iterations=2 primal_residual=4.43493e-16 dual_residual=2.04315e-06 x_size=16 x_finite=1
[SQP LINESEARCH] iter=9 current_violation=0 accepted_violation=0 accepted=1 alpha=1 delta_u_norm=0.100048
[SQP SUPPORT] iter=9 support_size=0 support_limit=-1 support_ok=1
[SQP FINAL] final_violation=0 violated_constraints=0
[SUPPORT FINAL] sqp_union=0 final_active=0 support_limit=-1
[SUPPORT FINAL IDS]
[SUPPORT UNION IDS]
[COLD START RECOVERY CHECK] ordinary_sqp_failed=0 seed_available=1 incompatible=0 try_homotopy=0
[HARNESS RESULT] step=51 success=1 controls=8 first_input_present=1
[MPC STEP METRICS] step=51 applied=1 success=1 fallback=0 a=-0.000285557 omega=0.0270299 dt=0.1 acceleration_weight=0.1 steering_weight=0.1 control_cost_unweighted=0.000730699 control_cost_weighted=7.30699e-05 mpc_cost=-17.5855 solve_time=0.0315171 qp_solve_time=0.0200167 constraint_time=0.00675714 dro_risk_time=0 ambiguity_radius=0 certificate=not_requested
[EVAL SAFETY] step=52 min_center_distance=2.4618 min_clearance=1.5118 collision_this_step=0 collision_run=0 collision_radius=0.95
[RF BACKUP] available=1 controls=8 states=9
[FREE POLY] k=1 disc=0 raw=40 facets=3 vertices=6 rho=4.8 anchor_shift=0
[FREE POLY] k=1 disc=1 raw=40 facets=0 vertices=4 rho=0.800001 anchor_shift=0
[FREE POLY] k=1 disc=2 raw=40 facets=0 vertices=4 rho=4.8 anchor_shift=0
[FREE POLY] k=2 disc=0 raw=40 facets=2 vertices=5 rho=5.6 anchor_shift=0
[FREE POLY] k=2 disc=1 raw=40 facets=0 vertices=4 rho=1.6 anchor_shift=0
[FREE POLY] k=2 disc=2 raw=40 facets=1 vertices=5 rho=5.6 anchor_shift=0
[FREE POLY] k=3 disc=0 raw=40 facets=3 vertices=6 rho=6.4 anchor_shift=0
[FREE POLY] k=3 disc=1 raw=40 facets=0 vertices=4 rho=2.4 anchor_shift=0
[FREE POLY] k=3 disc=2 raw=40 facets=1 vertices=5 rho=6.4 anchor_shift=0
[FREE POLY] k=4 disc=0 raw=40 facets=4 vertices=7 rho=7.2 anchor_shift=0
[FREE POLY] k=4 disc=1 raw=40 facets=0 vertices=4 rho=3.2 anchor_shift=0
[FREE POLY] k=4 disc=2 raw=40 facets=2 vertices=5 rho=7.2 anchor_shift=0
[FREE POLY] k=5 disc=0 raw=40 facets=5 vertices=8 rho=8 anchor_shift=0
[FREE POLY] k=5 disc=1 raw=40 facets=1 vertices=5 rho=4 anchor_shift=0
[FREE POLY] k=5 disc=2 raw=40 facets=3 vertices=6 rho=8 anchor_shift=0
[FREE POLY] k=6 disc=0 raw=40 facets=5 vertices=8 rho=8.8 anchor_shift=0
[FREE POLY] k=6 disc=1 raw=40 facets=2 vertices=6 rho=4.8 anchor_shift=0
[FREE POLY] k=6 disc=2 raw=40 facets=5 vertices=8 rho=8.8 anchor_shift=0
[FREE POLY] k=7 disc=0 raw=40 facets=6 vertices=9 rho=9.6 anchor_shift=0
[FREE POLY] k=7 disc=1 raw=40 facets=5 vertices=8 rho=5.6 anchor_shift=0
[FREE POLY] k=7 disc=2 raw=40 facets=5 vertices=8 rho=9.6 anchor_shift=0
[FREE POLY] k=8 disc=0 raw=40 facets=7 vertices=10 rho=10.4 anchor_shift=0
[FREE POLY] k=8 disc=1 raw=40 facets=6 vertices=9 rho=6.4 anchor_shift=0
[FREE POLY] k=8 disc=2 raw=40 facets=7 vertices=10 rho=10.4 anchor_shift=0
[RF SUPPORT SEED] removed=0 support_limit=-1
[SQP] before_solve iter=0 vars=16 constraints=105 max_d=-1.67921
[QP WORST] iter=0 row=0 type=collision d=-1.67921
[QP WORST COLLISION] scenario=5 k=1 obstacle=0 disc=0
[SQP] after_solve iter=0 converged=1 status=0 iterations=2 primal_residual=4.38885e-16 dual_residual=1.09797e-05 x_size=16 x_finite=1
[SQP LINESEARCH] iter=0 current_violation=0 accepted_violation=0 accepted=1 alpha=1 delta_u_norm=0.228181
[SQP SUPPORT] iter=0 support_size=0 support_limit=-1 support_ok=1
[SQP] before_solve iter=1 vars=16 constraints=105 max_d=-1.67958
[QP WORST] iter=1 row=0 type=collision d=-1.67958
[QP WORST COLLISION] scenario=5 k=1 obstacle=0 disc=0
[SQP] after_solve iter=1 converged=1 status=0 iterations=2 primal_residual=4.31079e-16 dual_residual=6.26682e-06 x_size=16 x_finite=1
[SQP LINESEARCH] iter=1 current_violation=0 accepted_violation=0 accepted=1 alpha=1 delta_u_norm=0.169808
[SQP SUPPORT] iter=1 support_size=0 support_limit=-1 support_ok=1
[SQP] before_solve iter=2 vars=16 constraints=105 max_d=-1.67947
[QP WORST] iter=2 row=0 type=collision d=-1.67947
[QP WORST COLLISION] scenario=5 k=1 obstacle=0 disc=0
[SQP] after_solve iter=2 converged=1 status=0 iterations=2 primal_residual=4.44089e-16 dual_residual=6.71485e-06 x_size=16 x_finite=1
[SQP LINESEARCH] iter=2 current_violation=0 accepted_violation=0 accepted=1 alpha=1 delta_u_norm=0.153437
[SQP SUPPORT] iter=2 support_size=0 support_limit=-1 support_ok=1
[SQP] before_solve iter=3 vars=16 constraints=105 max_d=-1.6795
[QP WORST] iter=3 row=0 type=collision d=-1.6795
[QP WORST COLLISION] scenario=5 k=1 obstacle=0 disc=0
[SQP] after_solve iter=3 converged=1 status=0 iterations=2 primal_residual=4.29995e-16 dual_residual=4.09433e-06 x_size=16 x_finite=1
[SQP LINESEARCH] iter=3 current_violation=0 accepted_violation=0 accepted=1 alpha=1 delta_u_norm=0.14253
[SQP SUPPORT] iter=3 support_size=0 support_limit=-1 support_ok=1
[SQP] before_solve iter=4 vars=16 constraints=105 max_d=-1.67941
[QP WORST] iter=4 row=0 type=collision d=-1.67941
[QP WORST COLLISION] scenario=5 k=1 obstacle=0 disc=0
[SQP] after_solve iter=4 converged=1 status=0 iterations=2 primal_residual=4.41474e-16 dual_residual=4.45423e-06 x_size=16 x_finite=1
[SQP LINESEARCH] iter=4 current_violation=0 accepted_violation=0 accepted=1 alpha=1 delta_u_norm=0.133374
[SQP SUPPORT] iter=4 support_size=0 support_limit=-1 support_ok=1
[SQP] before_solve iter=5 vars=16 constraints=105 max_d=-1.67941
[QP WORST] iter=5 row=0 type=collision d=-1.67941
[QP WORST COLLISION] scenario=5 k=1 obstacle=0 disc=0
[SQP] after_solve iter=5 converged=1 status=0 iterations=2 primal_residual=4.41419e-16 dual_residual=3.16786e-06 x_size=16 x_finite=1
[SQP LINESEARCH] iter=5 current_violation=0 accepted_violation=0 accepted=1 alpha=1 delta_u_norm=0.125333
[SQP SUPPORT] iter=5 support_size=0 support_limit=-1 support_ok=1
[SQP] before_solve iter=6 vars=16 constraints=105 max_d=-1.67937
[QP WORST] iter=6 row=0 type=collision d=-1.67937
[QP WORST COLLISION] scenario=5 k=1 obstacle=0 disc=0
[SQP] after_solve iter=6 converged=1 status=0 iterations=2 primal_residual=4.23273e-16 dual_residual=3.12521e-06 x_size=16 x_finite=1
[SQP LINESEARCH] iter=6 current_violation=0 accepted_violation=0 accepted=1 alpha=1 delta_u_norm=0.118129
[SQP SUPPORT] iter=6 support_size=0 support_limit=-1 support_ok=1
[SQP] before_solve iter=7 vars=16 constraints=105 max_d=-1.67938
[QP WORST] iter=7 row=0 type=collision d=-1.67938
[QP WORST COLLISION] scenario=5 k=1 obstacle=0 disc=0
[SQP] after_solve iter=7 converged=1 status=0 iterations=2 primal_residual=4.23273e-16 dual_residual=2.44961e-06 x_size=16 x_finite=1
[SQP LINESEARCH] iter=7 current_violation=0 accepted_violation=0 accepted=1 alpha=1 delta_u_norm=0.111586
[SQP SUPPORT] iter=7 support_size=0 support_limit=-1 support_ok=1
[SQP] before_solve iter=8 vars=16 constraints=105 max_d=-1.67937
[QP WORST] iter=8 row=0 type=collision d=-1.67937
[QP WORST COLLISION] scenario=5 k=1 obstacle=0 disc=0
[SQP] after_solve iter=8 converged=1 status=0 iterations=2 primal_residual=4.3753e-16 dual_residual=2.29631e-06 x_size=16 x_finite=1
[SQP LINESEARCH] iter=8 current_violation=0 accepted_violation=0 accepted=1 alpha=1 delta_u_norm=0.105587
[SQP SUPPORT] iter=8 support_size=0 support_limit=-1 support_ok=1
[SQP] before_solve iter=9 vars=16 constraints=105 max_d=-1.67938
[QP WORST] iter=9 row=0 type=collision d=-1.67938
[QP WORST COLLISION] scenario=5 k=1 obstacle=0 disc=0
[SQP] after_solve iter=9 converged=1 status=0 iterations=2 primal_residual=4.33681e-16 dual_residual=1.90837e-06 x_size=16 x_finite=1
[SQP LINESEARCH] iter=9 current_violation=0 accepted_violation=0 accepted=1 alpha=1 delta_u_norm=0.100047
[SQP SUPPORT] iter=9 support_size=0 support_limit=-1 support_ok=1
[SQP FINAL] final_violation=0 violated_constraints=0
[SUPPORT FINAL] sqp_union=0 final_active=0 support_limit=-1
[SUPPORT FINAL IDS]
[SUPPORT UNION IDS]
[COLD START RECOVERY CHECK] ordinary_sqp_failed=0 seed_available=1 incompatible=0 try_homotopy=0
[HARNESS RESULT] step=52 success=1 controls=8 first_input_present=1
[MPC STEP METRICS] step=52 applied=1 success=1 fallback=0 a=-0.000207826 omega=0.0230071 dt=0.1 acceleration_weight=0.1 steering_weight=0.1 control_cost_unweighted=0.000529371 control_cost_weighted=5.29371e-05 mpc_cost=-17.5863 solve_time=0.032006 qp_solve_time=0.0203422 constraint_time=0.00691637 dro_risk_time=0 ambiguity_radius=0 certificate=not_requested
[EVAL SAFETY] step=53 min_center_distance=2.63734 min_clearance=1.68734 collision_this_step=0 collision_run=0 collision_radius=0.95
[RF BACKUP] available=1 controls=8 states=9
[FREE POLY] k=1 disc=0 raw=40 facets=4 vertices=7 rho=4.8 anchor_shift=0
[FREE POLY] k=1 disc=1 raw=40 facets=0 vertices=4 rho=0.800001 anchor_shift=0
[FREE POLY] k=1 disc=2 raw=40 facets=0 vertices=4 rho=4.8 anchor_shift=0
[FREE POLY] k=2 disc=0 raw=40 facets=4 vertices=7 rho=5.6 anchor_shift=0
[FREE POLY] k=2 disc=1 raw=40 facets=0 vertices=4 rho=1.6 anchor_shift=0
[FREE POLY] k=2 disc=2 raw=40 facets=1 vertices=5 rho=5.6 anchor_shift=0
[FREE POLY] k=3 disc=0 raw=40 facets=4 vertices=7 rho=6.4 anchor_shift=0
[FREE POLY] k=3 disc=1 raw=40 facets=0 vertices=4 rho=2.4 anchor_shift=0
[FREE POLY] k=3 disc=2 raw=40 facets=4 vertices=8 rho=6.4 anchor_shift=0
[FREE POLY] k=4 disc=0 raw=40 facets=4 vertices=7 rho=7.2 anchor_shift=0
[FREE POLY] k=4 disc=1 raw=40 facets=0 vertices=4 rho=3.2 anchor_shift=0
[FREE POLY] k=4 disc=2 raw=40 facets=4 vertices=7 rho=7.2 anchor_shift=0
[FREE POLY] k=5 disc=0 raw=40 facets=4 vertices=7 rho=8 anchor_shift=0
[FREE POLY] k=5 disc=1 raw=40 facets=0 vertices=4 rho=4 anchor_shift=0
[FREE POLY] k=5 disc=2 raw=40 facets=4 vertices=7 rho=8 anchor_shift=0
[FREE POLY] k=6 disc=0 raw=40 facets=4 vertices=7 rho=8.8 anchor_shift=0
[FREE POLY] k=6 disc=1 raw=40 facets=3 vertices=7 rho=4.8 anchor_shift=0
[FREE POLY] k=6 disc=2 raw=40 facets=4 vertices=7 rho=8.8 anchor_shift=0
[FREE POLY] k=7 disc=0 raw=40 facets=5 vertices=8 rho=9.6 anchor_shift=0
[FREE POLY] k=7 disc=1 raw=40 facets=4 vertices=7 rho=5.6 anchor_shift=0
[FREE POLY] k=7 disc=2 raw=40 facets=4 vertices=7 rho=9.6 anchor_shift=0
[FREE POLY] k=8 disc=0 raw=40 facets=6 vertices=9 rho=10.4 anchor_shift=0
[FREE POLY] k=8 disc=1 raw=40 facets=5 vertices=8 rho=6.4 anchor_shift=0
[FREE POLY] k=8 disc=2 raw=40 facets=5 vertices=8 rho=10.4 anchor_shift=0
[RF SUPPORT SEED] removed=0 support_limit=-1
[SQP] before_solve iter=0 vars=16 constraints=105 max_d=-1.85595
[QP WORST] iter=0 row=96 type=velocity d=-1.85595
[SQP] after_solve iter=0 converged=1 status=0 iterations=2 primal_residual=4.23273e-16 dual_residual=9.82042e-06 x_size=16 x_finite=1
[SQP LINESEARCH] iter=0 current_violation=0 accepted_violation=0 accepted=1 alpha=1 delta_u_norm=0.228151
[SQP SUPPORT] iter=0 support_size=0 support_limit=-1 support_ok=1
[SQP] before_solve iter=1 vars=16 constraints=105 max_d=-1.83864
[QP WORST] iter=1 row=96 type=velocity d=-1.83864
[SQP] after_solve iter=1 converged=1 status=0 iterations=2 primal_residual=4.34846e-16 dual_residual=5.73168e-06 x_size=16 x_finite=1
[SQP LINESEARCH] iter=1 current_violation=0 accepted_violation=0 accepted=1 alpha=1 delta_u_norm=0.169788
[SQP SUPPORT] iter=1 support_size=0 support_limit=-1 support_ok=1
[SQP] before_solve iter=2 vars=16 constraints=105 max_d=-1.83791
[QP WORST] iter=2 row=96 type=velocity d=-1.83791
[SQP] after_solve iter=2 converged=1 status=0 iterations=2 primal_residual=4.37801e-16 dual_residual=6.0674e-06 x_size=16 x_finite=1
[SQP LINESEARCH] iter=2 current_violation=0 accepted_violation=0 accepted=1 alpha=1 delta_u_norm=0.153427
[SQP SUPPORT] iter=2 support_size=0 support_limit=-1 support_ok=1
[SQP] before_solve iter=3 vars=16 constraints=105 max_d=-1.84085
[QP WORST] iter=3 row=96 type=velocity d=-1.84085
[SQP] after_solve iter=3 converged=1 status=0 iterations=2 primal_residual=4.43005e-16 dual_residual=3.79776e-06 x_size=16 x_finite=1
[SQP LINESEARCH] iter=3 current_violation=0 accepted_violation=0 accepted=1 alpha=1 delta_u_norm=0.142525
[SQP SUPPORT] iter=3 support_size=0 support_limit=-1 support_ok=1
[SQP] before_solve iter=4 vars=16 constraints=105 max_d=-1.84424
[QP WORST] iter=4 row=96 type=velocity d=-1.84424
[SQP] after_solve iter=4 converged=1 status=0 iterations=2 primal_residual=4.38451e-16 dual_residual=4.07342e-06 x_size=16 x_finite=1
[SQP LINESEARCH] iter=4 current_violation=0 accepted_violation=0 accepted=1 alpha=1 delta_u_norm=0.13337
[SQP SUPPORT] iter=4 support_size=0 support_limit=-1 support_ok=1
[SQP] before_solve iter=5 vars=16 constraints=105 max_d=-1.84734
[QP WORST] iter=5 row=96 type=velocity d=-1.84734
[SQP] after_solve iter=5 converged=1 status=0 iterations=2 primal_residual=4.40295e-16 dual_residual=2.94801e-06 x_size=16 x_finite=1
[SQP LINESEARCH] iter=5 current_violation=0 accepted_violation=0 accepted=1 alpha=1 delta_u_norm=0.125331
[SQP SUPPORT] iter=5 support_size=0 support_limit=-1 support_ok=1
[SQP] before_solve iter=6 vars=16 constraints=105 max_d=-1.85006
[QP WORST] iter=6 row=96 type=velocity d=-1.85006
[SQP] after_solve iter=6 converged=1 status=0 iterations=2 primal_residual=4.40186e-16 dual_residual=2.88763e-06 x_size=16 x_finite=1
[SQP LINESEARCH] iter=6 current_violation=0 accepted_violation=0 accepted=1 alpha=1 delta_u_norm=0.118128
[SQP SUPPORT] iter=6 support_size=0 support_limit=-1 support_ok=1
[SQP] before_solve iter=7 vars=16 constraints=105 max_d=-1.85243
[QP WORST] iter=7 row=96 type=velocity d=-1.85243
[SQP] after_solve iter=7 converged=1 status=0 iterations=2 primal_residual=4.40078e-16 dual_residual=2.29004e-06 x_size=16 x_finite=1
[SQP LINESEARCH] iter=7 current_violation=0 accepted_violation=0 accepted=1 alpha=1 delta_u_norm=0.111585
[SQP SUPPORT] iter=7 support_size=0 support_limit=-1 support_ok=1
[SQP] before_solve iter=8 vars=16 constraints=105 max_d=-1.85451
[QP WORST] iter=8 row=96 type=velocity d=-1.85451
[SQP] after_solve iter=8 converged=1 status=0 iterations=2 primal_residual=4.38506e-16 dual_residual=2.14105e-06 x_size=16 x_finite=1
[SQP LINESEARCH] iter=8 current_violation=0 accepted_violation=0 accepted=1 alpha=1 delta_u_norm=0.105586
[SQP SUPPORT] iter=8 support_size=0 support_limit=-1 support_ok=1
[SQP] before_solve iter=9 vars=16 constraints=105 max_d=-1.85562
[QP WORST] iter=9 row=98 type=velocity d=-1.85562
[SQP] after_solve iter=9 converged=1 status=0 iterations=2 primal_residual=4.43872e-16 dual_residual=1.79392e-06 x_size=16 x_finite=1
[SQP LINESEARCH] iter=9 current_violation=0 accepted_violation=0 accepted=1 alpha=1 delta_u_norm=0.100046
[SQP SUPPORT] iter=9 support_size=0 support_limit=-1 support_ok=1
[SQP FINAL] final_violation=0 violated_constraints=0
[SUPPORT FINAL] sqp_union=0 final_active=0 support_limit=-1
[SUPPORT FINAL IDS]
[SUPPORT UNION IDS]
[COLD START RECOVERY CHECK] ordinary_sqp_failed=0 seed_available=1 incompatible=0 try_homotopy=0
[HARNESS RESULT] step=53 success=1 controls=8 first_input_present=1
[MPC STEP METRICS] step=53 applied=1 success=1 fallback=0 a=-0.000150568 omega=0.0196044 dt=0.1 acceleration_weight=0.1 steering_weight=0.1 control_cost_unweighted=0.000384355 control_cost_weighted=3.84355e-05 mpc_cost=-17.5869 solve_time=0.0319118 qp_solve_time=0.0202601 constraint_time=0.00685192 dro_risk_time=0 ambiguity_radius=0 certificate=not_requested
[EVAL SAFETY] step=54 min_center_distance=2.8142 min_clearance=1.8642 collision_this_step=0 collision_run=0 collision_radius=0.95
[RF BACKUP] available=1 controls=8 states=9
[FREE POLY] k=1 disc=0 raw=40 facets=3 vertices=6 rho=4.8 anchor_shift=0
[FREE POLY] k=1 disc=1 raw=40 facets=0 vertices=4 rho=0.800001 anchor_shift=0
[FREE POLY] k=1 disc=2 raw=40 facets=0 vertices=4 rho=4.8 anchor_shift=0
[FREE POLY] k=2 disc=0 raw=40 facets=3 vertices=6 rho=5.6 anchor_shift=0
[FREE POLY] k=2 disc=1 raw=40 facets=0 vertices=4 rho=1.6 anchor_shift=0
[FREE POLY] k=2 disc=2 raw=40 facets=0 vertices=4 rho=5.6 anchor_shift=0
[FREE POLY] k=3 disc=0 raw=40 facets=3 vertices=6 rho=6.4 anchor_shift=0
[FREE POLY] k=3 disc=1 raw=40 facets=0 vertices=4 rho=2.4 anchor_shift=0
[FREE POLY] k=3 disc=2 raw=40 facets=2 vertices=6 rho=6.4 anchor_shift=0
[FREE POLY] k=4 disc=0 raw=40 facets=4 vertices=7 rho=7.2 anchor_shift=0
[FREE POLY] k=4 disc=1 raw=40 facets=0 vertices=4 rho=3.2 anchor_shift=0
[FREE POLY] k=4 disc=2 raw=40 facets=2 vertices=5 rho=7.2 anchor_shift=0
[FREE POLY] k=5 disc=0 raw=40 facets=4 vertices=7 rho=8 anchor_shift=0
[FREE POLY] k=5 disc=1 raw=40 facets=0 vertices=4 rho=4 anchor_shift=0
[FREE POLY] k=5 disc=2 raw=40 facets=3 vertices=6 rho=8 anchor_shift=0
[FREE POLY] k=6 disc=0 raw=40 facets=4 vertices=7 rho=8.8 anchor_shift=0
[FREE POLY] k=6 disc=1 raw=40 facets=2 vertices=6 rho=4.8 anchor_shift=0
[FREE POLY] k=6 disc=2 raw=40 facets=3 vertices=6 rho=8.8 anchor_shift=0
[FREE POLY] k=7 disc=0 raw=40 facets=4 vertices=7 rho=9.6 anchor_shift=0
[FREE POLY] k=7 disc=1 raw=40 facets=3 vertices=6 rho=5.6 anchor_shift=0
[FREE POLY] k=7 disc=2 raw=40 facets=3 vertices=6 rho=9.6 anchor_shift=0
[FREE POLY] k=8 disc=0 raw=40 facets=4 vertices=7 rho=10.4 anchor_shift=0
[FREE POLY] k=8 disc=1 raw=40 facets=3 vertices=6 rho=6.4 anchor_shift=0
[FREE POLY] k=8 disc=2 raw=40 facets=3 vertices=6 rho=10.4 anchor_shift=0
[RF SUPPORT SEED] removed=0 support_limit=-1
[SQP] before_solve iter=0 vars=16 constraints=85 max_d=-1.85596
[QP WORST] iter=0 row=76 type=velocity d=-1.85596
[SQP] after_solve iter=0 converged=1 status=0 iterations=2 primal_residual=4.26742e-16 dual_residual=8.8656e-06 x_size=16 x_finite=1
[SQP LINESEARCH] iter=0 current_violation=0 accepted_violation=0 accepted=1 alpha=1 delta_u_norm=0.228129
[SQP SUPPORT] iter=0 support_size=0 support_limit=-1 support_ok=1
[SQP] before_solve iter=1 vars=16 constraints=85 max_d=-1.83865
[QP WORST] iter=1 row=76 type=velocity d=-1.83865
[SQP] after_solve iter=1 converged=1 status=0 iterations=2 primal_residual=4.43168e-16 dual_residual=5.27698e-06 x_size=16 x_finite=1
[SQP LINESEARCH] iter=1 current_violation=0 accepted_violation=0 accepted=1 alpha=1 delta_u_norm=0.169774
[SQP SUPPORT] iter=1 support_size=0 support_limit=-1 support_ok=1
[SQP] before_solve iter=2 vars=16 constraints=85 max_d=-1.83792
[QP WORST] iter=2 row=76 type=velocity d=-1.83792
[SQP] after_solve iter=2 converged=1 status=0 iterations=2 primal_residual=4.30211e-16 dual_residual=5.51557e-06 x_size=16 x_finite=1
[SQP LINESEARCH] iter=2 current_violation=0 accepted_violation=0 accepted=1 alpha=1 delta_u_norm=0.15342
[SQP SUPPORT] iter=2 support_size=0 support_limit=-1 support_ok=1
[SQP] before_solve iter=3 vars=16 constraints=85 max_d=-1.84085
[QP WORST] iter=3 row=76 type=velocity d=-1.84085
[SQP] after_solve iter=3 converged=1 status=0 iterations=2 primal_residual=4.44089e-16 dual_residual=3.54411e-06 x_size=16 x_finite=1
[SQP LINESEARCH] iter=3 current_violation=0 accepted_violation=0 accepted=1 alpha=1 delta_u_norm=0.142521
[SQP SUPPORT] iter=3 support_size=0 support_limit=-1 support_ok=1
[SQP] before_solve iter=4 vars=16 constraints=85 max_d=-1.84424
[QP WORST] iter=4 row=76 type=velocity d=-1.84424
[SQP] after_solve iter=4 converged=1 status=0 iterations=2 primal_residual=4.27989e-16 dual_residual=3.7476e-06 x_size=16 x_finite=1
[SQP LINESEARCH] iter=4 current_violation=0 accepted_violation=0 accepted=1 alpha=1 delta_u_norm=0.133368
[SQP SUPPORT] iter=4 support_size=0 support_limit=-1 support_ok=1
[SQP] before_solve iter=5 vars=16 constraints=85 max_d=-1.84734
[QP WORST] iter=5 row=76 type=velocity d=-1.84734
[SQP] after_solve iter=5 converged=1 status=0 iterations=2 primal_residual=4.19247e-16 dual_residual=2.75983e-06 x_size=16 x_finite=1
[SQP LINESEARCH] iter=5 current_violation=0 accepted_violation=0 accepted=1 alpha=1 delta_u_norm=0.12533
[SQP SUPPORT] iter=5 support_size=0 support_limit=-1 support_ok=1
[SQP] before_solve iter=6 vars=16 constraints=85 max_d=-1.85006
[QP WORST] iter=6 row=76 type=velocity d=-1.85006
[SQP] after_solve iter=6 converged=1 status=0 iterations=2 primal_residual=4.35172e-16 dual_residual=2.68436e-06 x_size=16 x_finite=1
[SQP LINESEARCH] iter=6 current_violation=0 accepted_violation=0 accepted=1 alpha=1 delta_u_norm=0.118126
[SQP SUPPORT] iter=6 support_size=0 support_limit=-1 support_ok=1
[SQP] before_solve iter=7 vars=16 constraints=85 max_d=-1.85243
[QP WORST] iter=7 row=76 type=velocity d=-1.85243
[SQP] after_solve iter=7 converged=1 status=0 iterations=2 primal_residual=4.27704e-16 dual_residual=2.15353e-06 x_size=16 x_finite=1
[SQP LINESEARCH] iter=7 current_violation=0 accepted_violation=0 accepted=1 alpha=1 delta_u_norm=0.111584
[SQP SUPPORT] iter=7 support_size=0 support_limit=-1 support_ok=1
[SQP] before_solve iter=8 vars=16 constraints=85 max_d=-1.85452
[QP WORST] iter=8 row=76 type=velocity d=-1.85452
[SQP] after_solve iter=8 converged=1 status=0 iterations=2 primal_residual=4.30211e-16 dual_residual=2.00824e-06 x_size=16 x_finite=1
[SQP LINESEARCH] iter=8 current_violation=0 accepted_violation=0 accepted=1 alpha=1 delta_u_norm=0.105585
[SQP SUPPORT] iter=8 support_size=0 support_limit=-1 support_ok=1
[SQP] before_solve iter=9 vars=16 constraints=85 max_d=-1.85562
[QP WORST] iter=9 row=78 type=velocity d=-1.85562
[SQP] after_solve iter=9 converged=1 status=0 iterations=2 primal_residual=4.28585e-16 dual_residual=1.69604e-06 x_size=16 x_finite=1
[SQP LINESEARCH] iter=9 current_violation=0 accepted_violation=0 accepted=1 alpha=1 delta_u_norm=0.100046
[SQP SUPPORT] iter=9 support_size=0 support_limit=-1 support_ok=1
[SQP FINAL] final_violation=0 violated_constraints=0
[SUPPORT FINAL] sqp_union=0 final_active=0 support_limit=-1
[SUPPORT FINAL IDS]
[SUPPORT UNION IDS]
[COLD START RECOVERY CHECK] ordinary_sqp_failed=0 seed_available=1 incompatible=0 try_homotopy=0
[HARNESS RESULT] step=54 success=1 controls=8 first_input_present=1
[MPC STEP METRICS] step=54 applied=1 success=1 fallback=0 a=-0.000109412 omega=0.0167011 dt=0.1 acceleration_weight=0.1 steering_weight=0.1 control_cost_unweighted=0.000278937 control_cost_weighted=2.78937e-05 mpc_cost=-17.5874 solve_time=0.0305447 qp_solve_time=0.019297 constraint_time=0.00654862 dro_risk_time=0 ambiguity_radius=0 certificate=not_requested
[EVAL SAFETY] step=55 min_center_distance=2.99245 min_clearance=2.04245 collision_this_step=0 collision_run=0 collision_radius=0.95
[RF BACKUP] available=1 controls=8 states=9
[FREE POLY] k=1 disc=0 raw=40 facets=3 vertices=6 rho=4.8 anchor_shift=0
[FREE POLY] k=1 disc=1 raw=40 facets=0 vertices=4 rho=0.800001 anchor_shift=0
[FREE POLY] k=1 disc=2 raw=40 facets=0 vertices=4 rho=4.8 anchor_shift=0
[FREE POLY] k=2 disc=0 raw=40 facets=3 vertices=6 rho=5.6 anchor_shift=0
[FREE POLY] k=2 disc=1 raw=40 facets=0 vertices=4 rho=1.6 anchor_shift=0
[FREE POLY] k=2 disc=2 raw=40 facets=0 vertices=4 rho=5.6 anchor_shift=0
[FREE POLY] k=3 disc=0 raw=40 facets=3 vertices=6 rho=6.4 anchor_shift=0
[FREE POLY] k=3 disc=1 raw=40 facets=0 vertices=4 rho=2.4 anchor_shift=0
[FREE POLY] k=3 disc=2 raw=40 facets=1 vertices=5 rho=6.4 anchor_shift=0
[FREE POLY] k=4 disc=0 raw=40 facets=3 vertices=6 rho=7.2 anchor_shift=0
[FREE POLY] k=4 disc=1 raw=40 facets=0 vertices=4 rho=3.2 anchor_shift=0
[FREE POLY] k=4 disc=2 raw=40 facets=3 vertices=7 rho=7.2 anchor_shift=0
[FREE POLY] k=5 disc=0 raw=40 facets=3 vertices=6 rho=8 anchor_shift=0
[FREE POLY] k=5 disc=1 raw=40 facets=0 vertices=4 rho=4 anchor_shift=0
[FREE POLY] k=5 disc=2 raw=40 facets=2 vertices=5 rho=8 anchor_shift=0
[FREE POLY] k=6 disc=0 raw=40 facets=4 vertices=7 rho=8.8 anchor_shift=0
[FREE POLY] k=6 disc=1 raw=40 facets=1 vertices=5 rho=4.8 anchor_shift=0
[FREE POLY] k=6 disc=2 raw=40 facets=4 vertices=7 rho=8.8 anchor_shift=0
[FREE POLY] k=7 disc=0 raw=40 facets=4 vertices=7 rho=9.6 anchor_shift=0
[FREE POLY] k=7 disc=1 raw=40 facets=4 vertices=8 rho=5.6 anchor_shift=0
[FREE POLY] k=7 disc=2 raw=40 facets=4 vertices=7 rho=9.6 anchor_shift=0
[FREE POLY] k=8 disc=0 raw=40 facets=5 vertices=8 rho=10.4 anchor_shift=0
[FREE POLY] k=8 disc=1 raw=40 facets=4 vertices=7 rho=6.4 anchor_shift=0
[FREE POLY] k=8 disc=2 raw=40 facets=4 vertices=7 rho=10.4 anchor_shift=0
[RF SUPPORT SEED] removed=0 support_limit=-1
[SQP] before_solve iter=0 vars=16 constraints=87 max_d=-1.85596
[QP WORST] iter=0 row=78 type=velocity d=-1.85596
[SQP] after_solve iter=0 converged=1 status=0 iterations=2 primal_residual=4.30211e-16 dual_residual=7.9719e-06 x_size=16 x_finite=1
[SQP LINESEARCH] iter=0 current_violation=0 accepted_violation=0 accepted=1 alpha=1 delta_u_norm=0.228114
[SQP SUPPORT] iter=0 support_size=0 support_limit=-1 support_ok=1
[SQP] before_solve iter=1 vars=16 constraints=87 max_d=-1.83865
[QP WORST] iter=1 row=78 type=velocity d=-1.83865
[SQP] after_solve iter=1 converged=1 status=0 iterations=2 primal_residual=4.3715e-16 dual_residual=4.86577e-06 x_size=16 x_finite=1
[SQP LINESEARCH] iter=1 current_violation=0 accepted_violation=0 accepted=1 alpha=1 delta_u_norm=0.169764
[SQP SUPPORT] iter=1 support_size=0 support_limit=-1 support_ok=1
[SQP] before_solve iter=2 vars=16 constraints=87 max_d=-1.83792
[QP WORST] iter=2 row=78 type=velocity d=-1.83792
[SQP] after_solve iter=2 converged=1 status=0 iterations=2 primal_residual=4.41053e-16 dual_residual=5.04045e-06 x_size=16 x_finite=1
[SQP LINESEARCH] iter=2 current_violation=0 accepted_violation=0 accepted=1 alpha=1 delta_u_norm=0.153415
[SQP SUPPORT] iter=2 support_size=0 support_limit=-1 support_ok=1
[SQP] before_solve iter=3 vars=16 constraints=87 max_d=-1.84086
[QP WORST] iter=3 row=78 type=velocity d=-1.84086
[SQP] after_solve iter=3 converged=1 status=0 iterations=2 primal_residual=4.3715e-16 dual_residual=3.32768e-06 x_size=16 x_finite=1
[SQP LINESEARCH] iter=3 current_violation=0 accepted_violation=0 accepted=1 alpha=1 delta_u_norm=0.142518
[SQP SUPPORT] iter=3 support_size=0 support_limit=-1 support_ok=1
[SQP] before_solve iter=4 vars=16 constraints=87 max_d=-1.84424
[QP WORST] iter=4 row=78 type=velocity d=-1.84424
[SQP] after_solve iter=4 converged=1 status=0 iterations=2 primal_residual=4.26959e-16 dual_residual=3.4697e-06 x_size=16 x_finite=1
[SQP LINESEARCH] iter=4 current_violation=0 accepted_violation=0 accepted=1 alpha=1 delta_u_norm=0.133366
[SQP SUPPORT] iter=4 support_size=0 support_limit=-1 support_ok=1
[SQP] before_solve iter=5 vars=16 constraints=87 max_d=-1.84735
[QP WORST] iter=5 row=78 type=velocity d=-1.84735
[SQP] after_solve iter=5 converged=1 status=0 iterations=2 primal_residual=4.31784e-16 dual_residual=2.59945e-06 x_size=16 x_finite=1
[SQP LINESEARCH] iter=5 current_violation=0 accepted_violation=0 accepted=1 alpha=1 delta_u_norm=0.125329
[SQP SUPPORT] iter=5 support_size=0 support_limit=-1 support_ok=1
[SQP] before_solve iter=6 vars=16 constraints=87 max_d=-1.85007
[QP WORST] iter=6 row=78 type=velocity d=-1.85007
[SQP] after_solve iter=6 converged=1 status=0 iterations=2 primal_residual=4.14599e-16 dual_residual=2.51071e-06 x_size=16 x_finite=1
[SQP LINESEARCH] iter=6 current_violation=0 accepted_violation=0 accepted=1 alpha=1 delta_u_norm=0.118126
[SQP SUPPORT] iter=6 support_size=0 support_limit=-1 support_ok=1
[SQP] before_solve iter=7 vars=16 constraints=87 max_d=-1.85244
[QP WORST] iter=7 row=78 type=velocity d=-1.85244
[SQP] after_solve iter=7 converged=1 status=0 iterations=2 primal_residual=4.42802e-16 dual_residual=2.03683e-06 x_size=16 x_finite=1
[SQP LINESEARCH] iter=7 current_violation=0 accepted_violation=0 accepted=1 alpha=1 delta_u_norm=0.111584
[SQP SUPPORT] iter=7 support_size=0 support_limit=-1 support_ok=1
[SQP] before_solve iter=8 vars=16 constraints=87 max_d=-1.85452
[QP WORST] iter=8 row=78 type=velocity d=-1.85452
[SQP] after_solve iter=8 converged=1 status=0 iterations=2 primal_residual=4.16334e-16 dual_residual=1.89453e-06 x_size=16 x_finite=1
[SQP LINESEARCH] iter=8 current_violation=0 accepted_violation=0 accepted=1 alpha=1 delta_u_norm=0.105585
[SQP SUPPORT] iter=8 support_size=0 support_limit=-1 support_ok=1
[SQP] before_solve iter=9 vars=16 constraints=87 max_d=-1.85562
[QP WORST] iter=9 row=80 type=velocity d=-1.85562
[SQP] after_solve iter=9 converged=1 status=0 iterations=2 primal_residual=4.09395e-16 dual_residual=1.61216e-06 x_size=16 x_finite=1
[SQP LINESEARCH] iter=9 current_violation=0 accepted_violation=0 accepted=1 alpha=1 delta_u_norm=0.100045
[SQP SUPPORT] iter=9 support_size=0 support_limit=-1 support_ok=1
[SQP FINAL] final_violation=0 violated_constraints=0
[SUPPORT FINAL] sqp_union=0 final_active=0 support_limit=-1
[SUPPORT FINAL IDS]
[SUPPORT UNION IDS]
[COLD START RECOVERY CHECK] ordinary_sqp_failed=0 seed_available=1 incompatible=0 try_homotopy=0
[HARNESS RESULT] step=55 success=1 controls=8 first_input_present=1
[MPC STEP METRICS] step=55 applied=1 success=1 fallback=0 a=-7.94041e-05 omega=0.0142286 dt=0.1 acceleration_weight=0.1 steering_weight=0.1 control_cost_unweighted=0.000202459 control_cost_weighted=2.02459e-05 mpc_cost=-17.5877 solve_time=0.0303454 qp_solve_time=0.0190079 constraint_time=0.00653083 dro_risk_time=0 ambiguity_radius=0 certificate=not_requested
[EVAL SAFETY] step=56 min_center_distance=3.17187 min_clearance=2.22187 collision_this_step=0 collision_run=0 collision_radius=0.95
[RF BACKUP] available=1 controls=8 states=9
[FREE POLY] k=1 disc=0 raw=40 facets=4 vertices=7 rho=4.8 anchor_shift=0
[FREE POLY] k=1 disc=1 raw=40 facets=0 vertices=4 rho=0.800001 anchor_shift=0
[FREE POLY] k=1 disc=2 raw=40 facets=0 vertices=4 rho=4.8 anchor_shift=0
[FREE POLY] k=2 disc=0 raw=40 facets=4 vertices=7 rho=5.6 anchor_shift=0
[FREE POLY] k=2 disc=1 raw=40 facets=0 vertices=4 rho=1.6 anchor_shift=0
[FREE POLY] k=2 disc=2 raw=40 facets=0 vertices=4 rho=5.6 anchor_shift=0
[FREE POLY] k=3 disc=0 raw=40 facets=5 vertices=8 rho=6.4 anchor_shift=0
[FREE POLY] k=3 disc=1 raw=40 facets=0 vertices=4 rho=2.4 anchor_shift=0
[FREE POLY] k=3 disc=2 raw=40 facets=3 vertices=7 rho=6.4 anchor_shift=0
[FREE POLY] k=4 disc=0 raw=40 facets=3 vertices=6 rho=7.2 anchor_shift=0
[FREE POLY] k=4 disc=1 raw=40 facets=0 vertices=4 rho=3.2 anchor_shift=0
[FREE POLY] k=4 disc=2 raw=40 facets=3 vertices=7 rho=7.2 anchor_shift=0
[FREE POLY] k=5 disc=0 raw=40 facets=4 vertices=7 rho=8 anchor_shift=0
[FREE POLY] k=5 disc=1 raw=40 facets=0 vertices=4 rho=4 anchor_shift=0
[FREE POLY] k=5 disc=2 raw=40 facets=4 vertices=7 rho=8 anchor_shift=0
[FREE POLY] k=6 disc=0 raw=40 facets=5 vertices=8 rho=8.8 anchor_shift=0
[FREE POLY] k=6 disc=1 raw=40 facets=1 vertices=5 rho=4.8 anchor_shift=0
[FREE POLY] k=6 disc=2 raw=40 facets=5 vertices=8 rho=8.8 anchor_shift=0
[FREE POLY] k=7 disc=0 raw=40 facets=4 vertices=7 rho=9.6 anchor_shift=0
[FREE POLY] k=7 disc=1 raw=40 facets=4 vertices=8 rho=5.6 anchor_shift=0
[FREE POLY] k=7 disc=2 raw=40 facets=4 vertices=7 rho=9.6 anchor_shift=0
[FREE POLY] k=8 disc=0 raw=40 facets=3 vertices=6 rho=10.4 anchor_shift=0
[FREE POLY] k=8 disc=1 raw=40 facets=3 vertices=6 rho=6.4 anchor_shift=0
[FREE POLY] k=8 disc=2 raw=40 facets=3 vertices=6 rho=10.4 anchor_shift=0
[RF SUPPORT SEED] removed=0 support_limit=-1
[SQP] before_solve iter=0 vars=16 constraints=94 max_d=-1.85596
[QP WORST] iter=0 row=85 type=velocity d=-1.85596
[SQP] after_solve iter=0 converged=1 status=0 iterations=2 primal_residual=4.10262e-16 dual_residual=7.28084e-06 x_size=16 x_finite=1
[SQP LINESEARCH] iter=0 current_violation=0 accepted_violation=0 accepted=1 alpha=1 delta_u_norm=0.228103
[SQP SUPPORT] iter=0 support_size=0 support_limit=-1 support_ok=1
[SQP] before_solve iter=1 vars=16 constraints=94 max_d=-1.83865
[QP WORST] iter=1 row=85 type=velocity d=-1.83865
[SQP] after_solve iter=1 converged=1 status=0 iterations=2 primal_residual=4.4062e-16 dual_residual=4.52653e-06 x_size=16 x_finite=1
[SQP LINESEARCH] iter=1 current_violation=0 accepted_violation=0 accepted=1 alpha=1 delta_u_norm=0.169757
[SQP SUPPORT] iter=1 support_size=0 support_limit=-1 support_ok=1
[SQP] before_solve iter=2 vars=16 constraints=94 max_d=-1.83792
[QP WORST] iter=2 row=85 type=velocity d=-1.83792
[SQP] after_solve iter=2 converged=1 status=0 iterations=2 primal_residual=4.43656e-16 dual_residual=4.63712e-06 x_size=16 x_finite=1
[SQP LINESEARCH] iter=2 current_violation=0 accepted_violation=0 accepted=1 alpha=1 delta_u_norm=0.153411
[SQP SUPPORT] iter=2 support_size=0 support_limit=-1 support_ok=1
[SQP] before_solve iter=3 vars=16 constraints=94 max_d=-1.84086
[QP WORST] iter=3 row=85 type=velocity d=-1.84086
[SQP] after_solve iter=3 converged=1 status=0 iterations=2 primal_residual=4.44089e-16 dual_residual=3.14125e-06 x_size=16 x_finite=1
[SQP LINESEARCH] iter=3 current_violation=0 accepted_violation=0 accepted=1 alpha=1 delta_u_norm=0.142516
[SQP SUPPORT] iter=3 support_size=0 support_limit=-1 support_ok=1
[SQP] before_solve iter=4 vars=16 constraints=94 max_d=-1.84424
[QP WORST] iter=4 row=85 type=velocity d=-1.84424
[SQP] after_solve iter=4 converged=1 status=0 iterations=2 primal_residual=4.19803e-16 dual_residual=3.23115e-06 x_size=16 x_finite=1
[SQP LINESEARCH] iter=4 current_violation=0 accepted_violation=0 accepted=1 alpha=1 delta_u_norm=0.133365
[SQP SUPPORT] iter=4 support_size=0 support_limit=-1 support_ok=1
[SQP] before_solve iter=5 vars=16 constraints=94 max_d=-1.84735
[QP WORST] iter=5 row=85 type=velocity d=-1.84735
[SQP] after_solve iter=5 converged=1 status=0 iterations=2 primal_residual=4.30211e-16 dual_residual=2.46143e-06 x_size=16 x_finite=1
[SQP LINESEARCH] iter=5 current_violation=0 accepted_violation=0 accepted=1 alpha=1 delta_u_norm=0.125328
[SQP SUPPORT] iter=5 support_size=0 support_limit=-1 support_ok=1
[SQP] before_solve iter=6 vars=16 constraints=94 max_d=-1.85007
[QP WORST] iter=6 row=85 type=velocity d=-1.85007
[SQP] after_solve iter=6 converged=1 status=0 iterations=2 primal_residual=4.41216e-16 dual_residual=2.36193e-06 x_size=16 x_finite=1
[SQP LINESEARCH] iter=6 current_violation=0 accepted_violation=0 accepted=1 alpha=1 delta_u_norm=0.118125
[SQP SUPPORT] iter=6 support_size=0 support_limit=-1 support_ok=1
[SQP] before_solve iter=7 vars=16 constraints=94 max_d=-1.85244
[QP WORST] iter=7 row=85 type=velocity d=-1.85244
[SQP] after_solve iter=7 converged=1 status=0 iterations=2 primal_residual=4.30211e-16 dual_residual=1.93688e-06 x_size=16 x_finite=1
[SQP LINESEARCH] iter=7 current_violation=0 accepted_violation=0 accepted=1 alpha=1 delta_u_norm=0.111583
[SQP SUPPORT] iter=7 support_size=0 support_limit=-1 support_ok=1
[SQP] before_solve iter=8 vars=16 constraints=94 max_d=-1.85452
[QP WORST] iter=8 row=85 type=velocity d=-1.85452
[SQP] after_solve iter=8 converged=1 status=0 iterations=2 primal_residual=4.33735e-16 dual_residual=1.79738e-06 x_size=16 x_finite=1
[SQP LINESEARCH] iter=8 current_violation=0 accepted_violation=0 accepted=1 alpha=1 delta_u_norm=0.105584
[SQP SUPPORT] iter=8 support_size=0 support_limit=-1 support_ok=1
[SQP] before_solve iter=9 vars=16 constraints=94 max_d=-1.85562
[QP WORST] iter=9 row=87 type=velocity d=-1.85562
[SQP] after_solve iter=9 converged=1 status=0 iterations=2 primal_residual=4.31838e-16 dual_residual=1.54057e-06 x_size=16 x_finite=1
[SQP LINESEARCH] iter=9 current_violation=0 accepted_violation=0 accepted=1 alpha=1 delta_u_norm=0.100045
[SQP SUPPORT] iter=9 support_size=0 support_limit=-1 support_ok=1
[SQP FINAL] final_violation=0 violated_constraints=0
[SUPPORT FINAL] sqp_union=0 final_active=0 support_limit=-1
[SUPPORT FINAL IDS]
[SUPPORT UNION IDS]
[COLD START RECOVERY CHECK] ordinary_sqp_failed=0 seed_available=1 incompatible=0 try_homotopy=0
[HARNESS RESULT] step=56 success=1 controls=8 first_input_present=1
[MPC STEP METRICS] step=56 applied=1 success=1 fallback=0 a=-5.76248e-05 omega=0.0121201 dt=0.1 acceleration_weight=0.1 steering_weight=0.1 control_cost_unweighted=0.0001469 control_cost_weighted=1.469e-05 mpc_cost=-17.588 solve_time=0.0304716 qp_solve_time=0.0189337 constraint_time=0.00685822 dro_risk_time=0 ambiguity_radius=0 certificate=not_requested
[EVAL SAFETY] step=57 min_center_distance=3.35158 min_clearance=2.40158 collision_this_step=0 collision_run=0 collision_radius=0.95
[RF BACKUP] available=1 controls=8 states=9
[FREE POLY] k=1 disc=0 raw=40 facets=3 vertices=6 rho=4.8 anchor_shift=0
[FREE POLY] k=1 disc=1 raw=40 facets=0 vertices=4 rho=0.800001 anchor_shift=0
[FREE POLY] k=1 disc=2 raw=40 facets=0 vertices=4 rho=4.8 anchor_shift=0
[FREE POLY] k=2 disc=0 raw=40 facets=3 vertices=6 rho=5.6 anchor_shift=0
[FREE POLY] k=2 disc=1 raw=40 facets=0 vertices=4 rho=1.6 anchor_shift=0
[FREE POLY] k=2 disc=2 raw=40 facets=0 vertices=4 rho=5.6 anchor_shift=0
[FREE POLY] k=3 disc=0 raw=40 facets=2 vertices=5 rho=6.4 anchor_shift=0
[FREE POLY] k=3 disc=1 raw=40 facets=0 vertices=4 rho=2.4 anchor_shift=0
[FREE POLY] k=3 disc=2 raw=40 facets=1 vertices=5 rho=6.4 anchor_shift=0
[FREE POLY] k=4 disc=0 raw=40 facets=2 vertices=5 rho=7.2 anchor_shift=0
[FREE POLY] k=4 disc=1 raw=40 facets=0 vertices=4 rho=3.2 anchor_shift=0
[FREE POLY] k=4 disc=2 raw=40 facets=2 vertices=6 rho=7.2 anchor_shift=0
[FREE POLY] k=5 disc=0 raw=40 facets=3 vertices=6 rho=8 anchor_shift=0
[FREE POLY] k=5 disc=1 raw=40 facets=0 vertices=4 rho=4 anchor_shift=0
[FREE POLY] k=5 disc=2 raw=40 facets=3 vertices=6 rho=8 anchor_shift=0
[FREE POLY] k=6 disc=0 raw=40 facets=4 vertices=7 rho=8.8 anchor_shift=0
[FREE POLY] k=6 disc=1 raw=40 facets=0 vertices=4 rho=4.8 anchor_shift=0
[FREE POLY] k=6 disc=2 raw=40 facets=3 vertices=6 rho=8.8 anchor_shift=0
[FREE POLY] k=7 disc=0 raw=40 facets=5 vertices=8 rho=9.6 anchor_shift=0
[FREE POLY] k=7 disc=1 raw=40 facets=2 vertices=6 rho=5.6 anchor_shift=0
[FREE POLY] k=7 disc=2 raw=40 facets=5 vertices=8 rho=9.6 anchor_shift=0
[FREE POLY] k=8 disc=0 raw=40 facets=5 vertices=8 rho=10.4 anchor_shift=0
[FREE POLY] k=8 disc=1 raw=40 facets=3 vertices=6 rho=6.4 anchor_shift=0
[FREE POLY] k=8 disc=2 raw=40 facets=4 vertices=7 rho=10.4 anchor_shift=0
[RF SUPPORT SEED] removed=0 support_limit=-1
[SQP] before_solve iter=0 vars=16 constraints=82 max_d=-1.85596
[QP WORST] iter=0 row=73 type=velocity d=-1.85596
[SQP] after_solve iter=0 converged=1 status=0 iterations=2 primal_residual=4.26742e-16 dual_residual=6.58813e-06 x_size=16 x_finite=1
[SQP LINESEARCH] iter=0 current_violation=0 accepted_violation=0 accepted=1 alpha=1 delta_u_norm=0.228096
[SQP SUPPORT] iter=0 support_size=0 support_limit=-1 support_ok=1
[SQP] before_solve iter=1 vars=16 constraints=82 max_d=-1.83865
[QP WORST] iter=1 row=73 type=velocity d=-1.83865
[SQP] after_solve iter=1 converged=1 status=0 iterations=2 primal_residual=4.25441e-16 dual_residual=4.20883e-06 x_size=16 x_finite=1
[SQP LINESEARCH] iter=1 current_violation=0 accepted_violation=0 accepted=1 alpha=1 delta_u_norm=0.169752
[SQP SUPPORT] iter=1 support_size=0 support_limit=-1 support_ok=1
[SQP] before_solve iter=2 vars=16 constraints=82 max_d=-1.83792
[QP WORST] iter=2 row=73 type=velocity d=-1.83792
[SQP] after_solve iter=2 converged=1 status=0 iterations=2 primal_residual=4.44089e-16 dual_residual=4.28954e-06 x_size=16 x_finite=1
[SQP LINESEARCH] iter=2 current_violation=0 accepted_violation=0 accepted=1 alpha=1 delta_u_norm=0.153409
[SQP SUPPORT] iter=2 support_size=0 support_limit=-1 support_ok=1
[SQP] before_solve iter=3 vars=16 constraints=82 max_d=-1.84086
[QP WORST] iter=3 row=73 type=velocity d=-1.84086
[SQP] after_solve iter=3 converged=1 status=0 iterations=2 primal_residual=4.32461e-16 dual_residual=2.98413e-06 x_size=16 x_finite=1
[SQP LINESEARCH] iter=3 current_violation=0 accepted_violation=0 accepted=1 alpha=1 delta_u_norm=0.142515
[SQP SUPPORT] iter=3 support_size=0 support_limit=-1 support_ok=1
[SQP] before_solve iter=4 vars=16 constraints=82 max_d=-1.84424
[QP WORST] iter=4 row=73 type=velocity d=-1.84424
[SQP] after_solve iter=4 converged=1 status=0 iterations=2 primal_residual=4.42937e-16 dual_residual=3.02908e-06 x_size=16 x_finite=1
[SQP LINESEARCH] iter=4 current_violation=0 accepted_violation=0 accepted=1 alpha=1 delta_u_norm=0.133365
[SQP SUPPORT] iter=4 support_size=0 support_limit=-1 support_ok=1
[SQP] before_solve iter=5 vars=16 constraints=82 max_d=-1.84735
[QP WORST] iter=5 row=73 type=velocity d=-1.84735
[SQP] after_solve iter=5 converged=1 status=0 iterations=2 primal_residual=4.09015e-16 dual_residual=2.34497e-06 x_size=16 x_finite=1
[SQP LINESEARCH] iter=5 current_violation=0 accepted_violation=0 accepted=1 alpha=1 delta_u_norm=0.125328
[SQP SUPPORT] iter=5 support_size=0 support_limit=-1 support_ok=1
[SQP] before_solve iter=6 vars=16 constraints=82 max_d=-1.85007
[QP WORST] iter=6 row=73 type=velocity d=-1.85007
[SQP] after_solve iter=6 converged=1 status=0 iterations=2 primal_residual=4.07308e-16 dual_residual=2.23547e-06 x_size=16 x_finite=1
[SQP LINESEARCH] iter=6 current_violation=0 accepted_violation=0 accepted=1 alpha=1 delta_u_norm=0.118125
[SQP SUPPORT] iter=6 support_size=0 support_limit=-1 support_ok=1
[SQP] before_solve iter=7 vars=16 constraints=82 max_d=-1.85244
[QP WORST] iter=7 row=73 type=velocity d=-1.85244
[SQP] after_solve iter=7 converged=1 status=0 iterations=2 primal_residual=4.37326e-16 dual_residual=1.85187e-06 x_size=16 x_finite=1
[SQP LINESEARCH] iter=7 current_violation=0 accepted_violation=0 accepted=1 alpha=1 delta_u_norm=0.111583
[SQP SUPPORT] iter=7 support_size=0 support_limit=-1 support_ok=1
[SQP] before_solve iter=8 vars=16 constraints=82 max_d=-1.85452
[QP WORST] iter=8 row=73 type=velocity d=-1.85452
[SQP] after_solve iter=8 converged=1 status=0 iterations=2 primal_residual=4.25441e-16 dual_residual=1.71441e-06 x_size=16 x_finite=1
[SQP LINESEARCH] iter=8 current_violation=0 accepted_violation=0 accepted=1 alpha=1 delta_u_norm=0.105584
[SQP SUPPORT] iter=8 support_size=0 support_limit=-1 support_ok=1
[SQP] before_solve iter=9 vars=16 constraints=82 max_d=-1.85562
[QP WORST] iter=9 row=75 type=velocity d=-1.85562
[SQP] after_solve iter=9 converged=1 status=0 iterations=2 primal_residual=4.27609e-16 dual_residual=1.47932e-06 x_size=16 x_finite=1
[SQP LINESEARCH] iter=9 current_violation=0 accepted_violation=0 accepted=1 alpha=1 delta_u_norm=0.100045
[SQP SUPPORT] iter=9 support_size=0 support_limit=-1 support_ok=1
[SQP FINAL] final_violation=0 violated_constraints=0
[SUPPORT FINAL] sqp_union=0 final_active=0 support_limit=-1
[SUPPORT FINAL IDS]
[SUPPORT UNION IDS]
[COLD START RECOVERY CHECK] ordinary_sqp_failed=0 seed_available=1 incompatible=0 try_homotopy=0
[HARNESS RESULT] step=57 success=1 controls=8 first_input_present=1
[MPC STEP METRICS] step=57 applied=1 success=1 fallback=0 a=-4.18941e-05 omega=0.0103252 dt=0.1 acceleration_weight=0.1 steering_weight=0.1 control_cost_unweighted=0.000106612 control_cost_weighted=1.06612e-05 mpc_cost=-17.5881 solve_time=0.0297868 qp_solve_time=0.018537 constraint_time=0.00661763 dro_risk_time=0 ambiguity_radius=0 certificate=not_requested
[EVAL SAFETY] step=58 min_center_distance=3.53153 min_clearance=2.58153 collision_this_step=0 collision_run=0 collision_radius=0.95
[RF BACKUP] available=1 controls=8 states=9
[FREE POLY] k=1 disc=0 raw=40 facets=2 vertices=5 rho=4.8 anchor_shift=0
[FREE POLY] k=1 disc=1 raw=40 facets=0 vertices=4 rho=0.800001 anchor_shift=0
[FREE POLY] k=1 disc=2 raw=40 facets=0 vertices=4 rho=4.8 anchor_shift=0
[FREE POLY] k=2 disc=0 raw=40 facets=4 vertices=7 rho=5.6 anchor_shift=0
[FREE POLY] k=2 disc=1 raw=40 facets=0 vertices=4 rho=1.6 anchor_shift=0
[FREE POLY] k=2 disc=2 raw=40 facets=0 vertices=4 rho=5.6 anchor_shift=0
[FREE POLY] k=3 disc=0 raw=40 facets=2 vertices=5 rho=6.4 anchor_shift=0
[FREE POLY] k=3 disc=1 raw=40 facets=0 vertices=4 rho=2.4 anchor_shift=0
[FREE POLY] k=3 disc=2 raw=40 facets=0 vertices=4 rho=6.4 anchor_shift=0
[FREE POLY] k=4 disc=0 raw=40 facets=3 vertices=6 rho=7.2 anchor_shift=0
[FREE POLY] k=4 disc=1 raw=40 facets=0 vertices=4 rho=3.2 anchor_shift=0
[FREE POLY] k=4 disc=2 raw=40 facets=2 vertices=6 rho=7.2 anchor_shift=0
[FREE POLY] k=5 disc=0 raw=40 facets=4 vertices=7 rho=8 anchor_shift=0
[FREE POLY] k=5 disc=1 raw=40 facets=0 vertices=4 rho=4 anchor_shift=0
[FREE POLY] k=5 disc=2 raw=40 facets=2 vertices=6 rho=8 anchor_shift=0
[FREE POLY] k=6 disc=0 raw=40 facets=4 vertices=7 rho=8.8 anchor_shift=0
[FREE POLY] k=6 disc=1 raw=40 facets=0 vertices=4 rho=4.8 anchor_shift=0
[FREE POLY] k=6 disc=2 raw=40 facets=3 vertices=6 rho=8.8 anchor_shift=0
[FREE POLY] k=7 disc=0 raw=40 facets=5 vertices=8 rho=9.6 anchor_shift=0
[FREE POLY] k=7 disc=1 raw=40 facets=1 vertices=5 rho=5.6 anchor_shift=0
[FREE POLY] k=7 disc=2 raw=40 facets=4 vertices=7 rho=9.6 anchor_shift=0
[FREE POLY] k=8 disc=0 raw=40 facets=5 vertices=8 rho=10.4 anchor_shift=0
[FREE POLY] k=8 disc=1 raw=40 facets=4 vertices=8 rho=6.4 anchor_shift=0
[FREE POLY] k=8 disc=2 raw=40 facets=4 vertices=7 rho=10.4 anchor_shift=0
[RF SUPPORT SEED] removed=0 support_limit=-1
[SQP] before_solve iter=0 vars=16 constraints=81 max_d=-1.85596
[QP WORST] iter=0 row=72 type=velocity d=-1.85596
[SQP] after_solve iter=0 converged=1 status=0 iterations=2 primal_residual=4.16334e-16 dual_residual=6.04893e-06 x_size=16 x_finite=1
[SQP LINESEARCH] iter=0 current_violation=0 accepted_violation=0 accepted=1 alpha=1 delta_u_norm=0.228091
[SQP SUPPORT] iter=0 support_size=0 support_limit=-1 support_ok=1
[SQP] before_solve iter=1 vars=16 constraints=81 max_d=-1.83865
[QP WORST] iter=1 row=72 type=velocity d=-1.83865
[SQP] after_solve iter=1 converged=1 status=0 iterations=2 primal_residual=7.99708e-16 dual_residual=3.95202e-06 x_size=16 x_finite=1
[SQP LINESEARCH] iter=1 current_violation=0 accepted_violation=0 accepted=1 alpha=1 delta_u_norm=0.169748
[SQP SUPPORT] iter=1 support_size=0 support_limit=-1 support_ok=1
[SQP] before_solve iter=2 vars=16 constraints=81 max_d=-1.83792
[QP WORST] iter=2 row=72 type=velocity d=-1.83792
[SQP] after_solve iter=2 converged=1 status=0 iterations=2 primal_residual=7.09502e-16 dual_residual=3.99395e-06 x_size=16 x_finite=1
[SQP LINESEARCH] iter=2 current_violation=0 accepted_violation=0 accepted=1 alpha=1 delta_u_norm=0.153407
[SQP SUPPORT] iter=2 support_size=0 support_limit=-1 support_ok=1
[SQP] before_solve iter=3 vars=16 constraints=81 max_d=-1.84086
[QP WORST] iter=3 row=72 type=velocity d=-1.84086
[SQP] after_solve iter=3 converged=1 status=0 iterations=2 primal_residual=6.35058e-16 dual_residual=2.84829e-06 x_size=16 x_finite=1
[SQP LINESEARCH] iter=3 current_violation=0 accepted_violation=0 accepted=1 alpha=1 delta_u_norm=0.142514
[SQP SUPPORT] iter=3 support_size=0 support_limit=-1 support_ok=1
[SQP] before_solve iter=4 vars=16 constraints=81 max_d=-1.84425
[QP WORST] iter=4 row=72 type=velocity d=-1.84425
[SQP] after_solve iter=4 converged=1 status=0 iterations=2 primal_residual=4.57316e-16 dual_residual=2.85535e-06 x_size=16 x_finite=1
[SQP LINESEARCH] iter=4 current_violation=0 accepted_violation=0 accepted=1 alpha=1 delta_u_norm=0.133364
[SQP SUPPORT] iter=4 support_size=0 support_limit=-1 support_ok=1
[SQP] before_solve iter=5 vars=16 constraints=81 max_d=-1.84735
[QP WORST] iter=5 row=72 type=velocity d=-1.84735
[SQP] after_solve iter=5 converged=1 status=0 iterations=2 primal_residual=4.17621e-16 dual_residual=2.24446e-06 x_size=16 x_finite=1
[SQP LINESEARCH] iter=5 current_violation=0 accepted_violation=0 accepted=1 alpha=1 delta_u_norm=0.125327
[SQP SUPPORT] iter=5 support_size=0 support_limit=-1 support_ok=1
[SQP] before_solve iter=6 vars=16 constraints=81 max_d=-1.85007
[QP WORST] iter=6 row=72 type=velocity d=-1.85007
[SQP] after_solve iter=6 converged=1 status=0 iterations=2 primal_residual=7.60514e-16 dual_residual=2.12695e-06 x_size=16 x_finite=1
[SQP LINESEARCH] iter=6 current_violation=0 accepted_violation=0 accepted=1 alpha=1 delta_u_norm=0.118124
[SQP SUPPORT] iter=6 support_size=0 support_limit=-1 support_ok=1
[SQP] before_solve iter=7 vars=16 constraints=81 max_d=-1.85244
[QP WORST] iter=7 row=72 type=velocity d=-1.85244
[SQP] after_solve iter=7 converged=1 status=0 iterations=2 primal_residual=4.36229e-16 dual_residual=1.7789e-06 x_size=16 x_finite=1
[SQP LINESEARCH] iter=7 current_violation=0 accepted_violation=0 accepted=1 alpha=1 delta_u_norm=0.111583
[SQP SUPPORT] iter=7 support_size=0 support_limit=-1 support_ok=1
[SQP] before_solve iter=8 vars=16 constraints=81 max_d=-1.85452
[QP WORST] iter=8 row=72 type=velocity d=-1.85452
[SQP] after_solve iter=8 converged=1 status=0 iterations=2 primal_residual=4.30211e-16 dual_residual=1.6434e-06 x_size=16 x_finite=1
[SQP LINESEARCH] iter=8 current_violation=0 accepted_violation=0 accepted=1 alpha=1 delta_u_norm=0.105584
[SQP SUPPORT] iter=8 support_size=0 support_limit=-1 support_ok=1
[SQP] before_solve iter=9 vars=16 constraints=81 max_d=-1.85562
[QP WORST] iter=9 row=74 type=velocity d=-1.85562
[SQP] after_solve iter=9 converged=1 status=0 iterations=2 primal_residual=4.33681e-16 dual_residual=1.42695e-06 x_size=16 x_finite=1
[SQP LINESEARCH] iter=9 current_violation=0 accepted_violation=0 accepted=1 alpha=1 delta_u_norm=0.100045
[SQP SUPPORT] iter=9 support_size=0 support_limit=-1 support_ok=1
[SQP FINAL] final_violation=0 violated_constraints=0
[SUPPORT FINAL] sqp_union=0 final_active=0 support_limit=-1
[SUPPORT FINAL IDS]
[SUPPORT UNION IDS]
[COLD START RECOVERY CHECK] ordinary_sqp_failed=0 seed_available=1 incompatible=0 try_homotopy=0
[HARNESS RESULT] step=58 success=1 controls=8 first_input_present=1
[MPC STEP METRICS] step=58 applied=1 success=1 fallback=0 a=-3.03627e-05 omega=0.00879594 dt=0.1 acceleration_weight=0.1 steering_weight=0.1 control_cost_unweighted=7.73695e-05 control_cost_weighted=7.73695e-06 mpc_cost=-17.5882 solve_time=0.0298741 qp_solve_time=0.018637 constraint_time=0.00647852 dro_risk_time=0 ambiguity_radius=0 certificate=not_requested
[EVAL SAFETY] step=59 min_center_distance=3.71194 min_clearance=2.76194 collision_this_step=0 collision_run=0 collision_radius=0.95
[RF BACKUP] available=1 controls=8 states=9
[FREE POLY] k=1 disc=0 raw=40 facets=2 vertices=5 rho=4.8 anchor_shift=0
[FREE POLY] k=1 disc=1 raw=40 facets=0 vertices=4 rho=0.800001 anchor_shift=0
[FREE POLY] k=1 disc=2 raw=40 facets=0 vertices=4 rho=4.8 anchor_shift=0
[FREE POLY] k=2 disc=0 raw=40 facets=3 vertices=6 rho=5.6 anchor_shift=0
[FREE POLY] k=2 disc=1 raw=40 facets=0 vertices=4 rho=1.6 anchor_shift=0
[FREE POLY] k=2 disc=2 raw=40 facets=0 vertices=4 rho=5.6 anchor_shift=0
[FREE POLY] k=3 disc=0 raw=40 facets=4 vertices=7 rho=6.4 anchor_shift=0
[FREE POLY] k=3 disc=1 raw=40 facets=0 vertices=4 rho=2.4 anchor_shift=0
[FREE POLY] k=3 disc=2 raw=40 facets=0 vertices=4 rho=6.4 anchor_shift=0
[FREE POLY] k=4 disc=0 raw=40 facets=4 vertices=7 rho=7.2 anchor_shift=0
[FREE POLY] k=4 disc=1 raw=40 facets=0 vertices=4 rho=3.2 anchor_shift=0
[FREE POLY] k=4 disc=2 raw=40 facets=1 vertices=5 rho=7.2 anchor_shift=0
[FREE POLY] k=5 disc=0 raw=40 facets=4 vertices=7 rho=8 anchor_shift=0
[FREE POLY] k=5 disc=1 raw=40 facets=0 vertices=4 rho=4 anchor_shift=0
[FREE POLY] k=5 disc=2 raw=40 facets=3 vertices=7 rho=8 anchor_shift=0
[FREE POLY] k=6 disc=0 raw=40 facets=3 vertices=6 rho=8.8 anchor_shift=0
[FREE POLY] k=6 disc=1 raw=40 facets=0 vertices=4 rho=4.8 anchor_shift=0
[FREE POLY] k=6 disc=2 raw=40 facets=3 vertices=6 rho=8.8 anchor_shift=0
[FREE POLY] k=7 disc=0 raw=40 facets=4 vertices=7 rho=9.6 anchor_shift=0
[FREE POLY] k=7 disc=1 raw=40 facets=1 vertices=5 rho=5.6 anchor_shift=0
[FREE POLY] k=7 disc=2 raw=40 facets=3 vertices=6 rho=9.6 anchor_shift=0
[FREE POLY] k=8 disc=0 raw=40 facets=5 vertices=8 rho=10.4 anchor_shift=0
[FREE POLY] k=8 disc=1 raw=40 facets=4 vertices=8 rho=6.4 anchor_shift=0
[FREE POLY] k=8 disc=2 raw=40 facets=5 vertices=8 rho=10.4 anchor_shift=0
[RF SUPPORT SEED] removed=0 support_limit=-1
[SQP] before_solve iter=0 vars=16 constraints=81 max_d=-1.85596
[QP WORST] iter=0 row=72 type=velocity d=-1.85596
[SQP] after_solve iter=0 converged=1 status=0 iterations=2 primal_residual=7.42462e-16 dual_residual=5.5798e-06 x_size=16 x_finite=1
[SQP LINESEARCH] iter=0 current_violation=0 accepted_violation=0 accepted=1 alpha=1 delta_u_norm=0.228087
[SQP SUPPORT] iter=0 support_size=0 support_limit=-1 support_ok=1
[SQP] before_solve iter=1 vars=16 constraints=81 max_d=-1.83865
[QP WORST] iter=1 row=72 type=velocity d=-1.83865
[SQP] after_solve iter=1 converged=1 status=0 iterations=2 primal_residual=8.84709e-16 dual_residual=3.736e-06 x_size=16 x_finite=1
[SQP LINESEARCH] iter=1 current_violation=0 accepted_violation=0 accepted=1 alpha=1 delta_u_norm=0.169746
[SQP SUPPORT] iter=1 support_size=0 support_limit=-1 support_ok=1
[SQP] before_solve iter=2 vars=16 constraints=81 max_d=-1.83792
[QP WORST] iter=2 row=72 type=velocity d=-1.83792
[SQP] after_solve iter=2 converged=1 status=0 iterations=2 primal_residual=7.42462e-16 dual_residual=3.74215e-06 x_size=16 x_finite=1
[SQP LINESEARCH] iter=2 current_violation=0 accepted_violation=0 accepted=1 alpha=1 delta_u_norm=0.153406
[SQP SUPPORT] iter=2 support_size=0 support_limit=-1 support_ok=1
[SQP] before_solve iter=3 vars=16 constraints=81 max_d=-1.84086
[QP WORST] iter=3 row=72 type=velocity d=-1.84086
[SQP] after_solve iter=3 converged=1 status=0 iterations=2 primal_residual=7.37827e-16 dual_residual=2.73298e-06 x_size=16 x_finite=1
[SQP LINESEARCH] iter=3 current_violation=0 accepted_violation=0 accepted=1 alpha=1 delta_u_norm=0.142513
[SQP SUPPORT] iter=3 support_size=0 support_limit=-1 support_ok=1
[SQP] before_solve iter=4 vars=16 constraints=81 max_d=-1.84425
[QP WORST] iter=4 row=72 type=velocity d=-1.84425
[SQP] after_solve iter=4 converged=1 status=0 iterations=2 primal_residual=5.84697e-16 dual_residual=2.7076e-06 x_size=16 x_finite=1
[SQP LINESEARCH] iter=4 current_violation=0 accepted_violation=0 accepted=1 alpha=1 delta_u_norm=0.133364
[SQP SUPPORT] iter=4 support_size=0 support_limit=-1 support_ok=1
[SQP] before_solve iter=5 vars=16 constraints=81 max_d=-1.84735
[QP WORST] iter=5 row=72 type=velocity d=-1.84735
[SQP] after_solve iter=5 converged=1 status=0 iterations=2 primal_residual=7.96238e-16 dual_residual=2.15903e-06 x_size=16 x_finite=1
[SQP LINESEARCH] iter=5 current_violation=0 accepted_violation=0 accepted=1 alpha=1 delta_u_norm=0.125327
[SQP SUPPORT] iter=5 support_size=0 support_limit=-1 support_ok=1
[SQP] before_solve iter=6 vars=16 constraints=81 max_d=-1.85007
[QP WORST] iter=6 row=72 type=velocity d=-1.85007
[SQP] after_solve iter=6 converged=1 status=0 iterations=2 primal_residual=7.13188e-16 dual_residual=2.03458e-06 x_size=16 x_finite=1
[SQP LINESEARCH] iter=6 current_violation=0 accepted_violation=0 accepted=1 alpha=1 delta_u_norm=0.118124
[SQP SUPPORT] iter=6 support_size=0 support_limit=-1 support_ok=1
[SQP] before_solve iter=7 vars=16 constraints=81 max_d=-1.85244
[QP WORST] iter=7 row=72 type=velocity d=-1.85244
[SQP] after_solve iter=7 converged=1 status=0 iterations=2 primal_residual=8.5942e-16 dual_residual=1.71678e-06 x_size=16 x_finite=1
[SQP LINESEARCH] iter=7 current_violation=0 accepted_violation=0 accepted=1 alpha=1 delta_u_norm=0.111583
[SQP SUPPORT] iter=7 support_size=0 support_limit=-1 support_ok=1
[SQP] before_solve iter=8 vars=16 constraints=81 max_d=-1.85452
[QP WORST] iter=8 row=72 type=velocity d=-1.85452
[SQP] after_solve iter=8 converged=1 status=0 iterations=2 primal_residual=8.72593e-16 dual_residual=1.58291e-06 x_size=16 x_finite=1
[SQP LINESEARCH] iter=8 current_violation=0 accepted_violation=0 accepted=1 alpha=1 delta_u_norm=0.105584
[SQP SUPPORT] iter=8 support_size=0 support_limit=-1 support_ok=1
[SQP] before_solve iter=9 vars=16 constraints=81 max_d=-1.85562
[QP WORST] iter=9 row=74 type=velocity d=-1.85562
[SQP] after_solve iter=9 converged=1 status=0 iterations=2 primal_residual=7.51244e-16 dual_residual=1.38232e-06 x_size=16 x_finite=1
[SQP LINESEARCH] iter=9 current_violation=0 accepted_violation=0 accepted=1 alpha=1 delta_u_norm=0.100044
[SQP SUPPORT] iter=9 support_size=0 support_limit=-1 support_ok=1
[SQP FINAL] final_violation=0 violated_constraints=0
[SUPPORT FINAL] sqp_union=0 final_active=0 support_limit=-1
[SUPPORT FINAL IDS]
[SUPPORT UNION IDS]
[COLD START RECOVERY CHECK] ordinary_sqp_failed=0 seed_available=1 incompatible=0 try_homotopy=0
[HARNESS RESULT] step=59 success=1 controls=8 first_input_present=1
[MPC STEP METRICS] step=59 applied=1 success=1 fallback=0 a=-2.20775e-05 omega=0.00749297 dt=0.1 acceleration_weight=0.1 steering_weight=0.1 control_cost_unweighted=5.6145e-05 control_cost_weighted=5.6145e-06 mpc_cost=-17.5883 solve_time=0.0295607 qp_solve_time=0.0183875 constraint_time=0.00649388 dro_risk_time=0 ambiguity_radius=0 certificate=not_requested
[EVAL SAFETY] step=60 min_center_distance=3.89246 min_clearance=2.94246 collision_this_step=0 collision_run=0 collision_radius=0.95
[PATH COMPLETION] step=60 completion_progress=12.5048 path_length=25 fraction=0.500192 required_fraction=0.95 termination_enabled=1 completed=0
seed=78 collision=no termination=step_limit artifact=/home/stephen/ros2_ws/src/DRO_SHMPCC/build-concentration/fixed-budget-uncertified-short-horizon/four_way_intersection_o1_c1_m3_boost_15_s40/seed_78/sh_mpcc/repeat_1
