[EVAL SAFETY] step=0 min_center_distance=3.00065 min_clearance=2.05065 collision_this_step=0 collision_run=0 collision_radius=0.95
[DRO SUMMARY] step=1 obstacle=0 S=40 rho=0.00798127 rho_raw=0.00798127 D_max=0.0115351 D_min=0.00578169 tv_bound=1 eta=0.691912 eta_raw=0.691912 radius_m=1 radius_d=3 transport_cost=0 budget_usage=0 lambda=0 q_support=3 nominal_risk=0 qstar_risk=0 risk_lift=0 tv=0
[DRO MODE] step=1 obstacle=0 mode=constant_velocity p=0.2 risk=0 q=0.2 delta_q=0 q_times_S=8
[DRO MODE] step=1 obstacle=0 mode=turn_left p=0.2 risk=0 q=0.2 delta_q=0 q_times_S=8
[DRO MODE] step=1 obstacle=0 mode=turn_right p=0.6 risk=0 q=0.6 delta_q=0 q_times_S=24
[DRO SAMPLE] step=1 obstacle=0 mode=constant_velocity q=0.2 q_times_S=8 first_count=6 first_fraction=0.15 occupancy=48 occupancy_fraction=0.15
[DRO SAMPLE] step=1 obstacle=0 mode=turn_left q=0.2 q_times_S=8 first_count=9 first_fraction=0.225 occupancy=72 occupancy_fraction=0.225
[DRO SAMPLE] step=1 obstacle=0 mode=turn_right q=0.6 q_times_S=24 first_count=25 first_fraction=0.625 occupancy=200 occupancy_fraction=0.625
[FREE POLY] k=1 disc=0 raw=40 facets=0 vertices=4 rho=4.8 anchor_shift=0
[FREE POLY] k=1 disc=1 raw=40 facets=0 vertices=4 rho=0.800001 anchor_shift=0
[FREE POLY] k=1 disc=2 raw=40 facets=3 vertices=6 rho=4.8 anchor_shift=0
[FREE POLY] k=2 disc=0 raw=40 facets=0 vertices=4 rho=5.6 anchor_shift=0
[FREE POLY] k=2 disc=1 raw=40 facets=0 vertices=4 rho=1.6 anchor_shift=0
[FREE POLY] k=2 disc=2 raw=40 facets=4 vertices=7 rho=5.6 anchor_shift=0
[FREE POLY] k=3 disc=0 raw=40 facets=3 vertices=6 rho=6.4 anchor_shift=0
[FREE POLY] k=3 disc=1 raw=40 facets=0 vertices=4 rho=2.4 anchor_shift=0
[FREE POLY] k=3 disc=2 raw=40 facets=3 vertices=6 rho=6.4 anchor_shift=0
[FREE POLY] k=4 disc=0 raw=40 facets=2 vertices=5 rho=7.2 anchor_shift=0
[FREE POLY] k=4 disc=1 raw=40 facets=0 vertices=4 rho=3.2 anchor_shift=0
[FREE POLY] k=4 disc=2 raw=40 facets=4 vertices=7 rho=7.2 anchor_shift=0
[FREE POLY] k=5 disc=0 raw=40 facets=3 vertices=6 rho=8 anchor_shift=0
[FREE POLY] k=5 disc=1 raw=40 facets=3 vertices=6 rho=4 anchor_shift=0
[FREE POLY] k=5 disc=2 raw=40 facets=4 vertices=7 rho=8 anchor_shift=0
[FREE POLY] k=6 disc=0 raw=40 facets=3 vertices=6 rho=8.8 anchor_shift=0
[FREE POLY] k=6 disc=1 raw=40 facets=3 vertices=6 rho=4.8 anchor_shift=0
[FREE POLY] k=6 disc=2 raw=40 facets=3 vertices=6 rho=8.8 anchor_shift=0
[FREE POLY] k=7 disc=0 raw=40 facets=3 vertices=6 rho=9.6 anchor_shift=0
[FREE POLY] k=7 disc=1 raw=40 facets=3 vertices=6 rho=5.6 anchor_shift=0
[FREE POLY] k=7 disc=2 raw=40 facets=4 vertices=7 rho=9.6 anchor_shift=0
[FREE POLY] k=8 disc=0 raw=40 facets=4 vertices=7 rho=10.4 anchor_shift=0
[FREE POLY] k=8 disc=1 raw=40 facets=4 vertices=7 rho=6.4 anchor_shift=0
[FREE POLY] k=8 disc=2 raw=40 facets=4 vertices=7 rho=10.4 anchor_shift=0
[RF SUPPORT SEED] removed=0 support_limit=-1
[SQP] before_solve iter=0 vars=16 constraints=92 max_d=-0.680723
[QP WORST] iter=0 row=59 type=collision d=-0.680723
[QP WORST COLLISION] scenario=34 k=8 obstacle=0 disc=2
[SQP] after_solve iter=0 converged=1 status=0 iterations=3 primal_residual=4.44089e-16 dual_residual=1.76212e-05 x_size=16 x_finite=1
[SQP LINESEARCH] iter=0 current_violation=0 accepted_violation=0 accepted=1 alpha=1 delta_u_norm=1.50278
[SQP SUPPORT] iter=0 support_size=0 support_limit=-1 support_ok=1
[SQP] before_solve iter=1 vars=16 constraints=92 max_d=-0.522958
[QP WORST] iter=1 row=59 type=collision d=-0.522958
[QP WORST COLLISION] scenario=34 k=8 obstacle=0 disc=2
[SQP] after_solve iter=1 converged=1 status=0 iterations=4 primal_residual=4.57967e-16 dual_residual=2.23163e-09 x_size=16 x_finite=1
[SQP LINESEARCH] iter=1 current_violation=0 accepted_violation=0 accepted=1 alpha=1 delta_u_norm=0.872934
[SQP SUPPORT] iter=1 support_size=0 support_limit=-1 support_ok=1
[SQP] before_solve iter=2 vars=16 constraints=92 max_d=-0.470439
[QP WORST] iter=2 row=59 type=collision d=-0.470439
[QP WORST COLLISION] scenario=34 k=8 obstacle=0 disc=2
[SQP] after_solve iter=2 converged=1 status=0 iterations=4 primal_residual=3.88578e-16 dual_residual=1.80307e-05 x_size=16 x_finite=1
[SQP LINESEARCH] iter=2 current_violation=0 accepted_violation=0 accepted=1 alpha=1 delta_u_norm=0.647101
[SQP SUPPORT] iter=2 support_size=0 support_limit=-1 support_ok=1
[SQP] before_solve iter=3 vars=16 constraints=92 max_d=-0.44806
[QP WORST] iter=3 row=59 type=collision d=-0.44806
[QP WORST COLLISION] scenario=34 k=8 obstacle=0 disc=2
[SQP] after_solve iter=3 converged=1 status=0 iterations=4 primal_residual=4.44089e-16 dual_residual=5.4691e-07 x_size=16 x_finite=1
[SQP LINESEARCH] iter=3 current_violation=0 accepted_violation=0 accepted=1 alpha=1 delta_u_norm=0.370769
[SQP SUPPORT] iter=3 support_size=0 support_limit=-1 support_ok=1
[SQP] before_solve iter=4 vars=16 constraints=92 max_d=-0.442603
[QP WORST] iter=4 row=59 type=collision d=-0.442603
[QP WORST COLLISION] scenario=34 k=8 obstacle=0 disc=2
[SQP] after_solve iter=4 converged=1 status=0 iterations=3 primal_residual=3.65411e-09 dual_residual=5.88195e-05 x_size=16 x_finite=1
[SQP LINESEARCH] iter=4 current_violation=0 accepted_violation=0 accepted=1 alpha=1 delta_u_norm=0.259818
[SQP SUPPORT] iter=4 support_size=0 support_limit=-1 support_ok=1
[SQP] before_solve iter=5 vars=16 constraints=92 max_d=-0.442179
[QP WORST] iter=5 row=59 type=collision d=-0.442179
[QP WORST COLLISION] scenario=34 k=8 obstacle=0 disc=2
[SQP] after_solve iter=5 converged=1 status=0 iterations=3 primal_residual=3.2197e-09 dual_residual=4.93425e-05 x_size=16 x_finite=1
[SQP LINESEARCH] iter=5 current_violation=0 accepted_violation=0 accepted=1 alpha=1 delta_u_norm=0.216738
[SQP SUPPORT] iter=5 support_size=0 support_limit=-1 support_ok=1
[SQP] before_solve iter=6 vars=16 constraints=92 max_d=-0.439934
[QP WORST] iter=6 row=59 type=collision d=-0.439934
[QP WORST COLLISION] scenario=34 k=8 obstacle=0 disc=2
[SQP] after_solve iter=6 converged=1 status=0 iterations=3 primal_residual=2.91796e-09 dual_residual=4.28208e-05 x_size=16 x_finite=1
[SQP LINESEARCH] iter=6 current_violation=0 accepted_violation=0 accepted=1 alpha=1 delta_u_norm=0.184868
[SQP SUPPORT] iter=6 support_size=0 support_limit=-1 support_ok=1
[SQP] before_solve iter=7 vars=16 constraints=92 max_d=-0.437543
[QP WORST] iter=7 row=59 type=collision d=-0.437543
[QP WORST COLLISION] scenario=34 k=8 obstacle=0 disc=2
[SQP] after_solve iter=7 converged=1 status=0 iterations=3 primal_residual=2.63699e-09 dual_residual=3.76893e-05 x_size=16 x_finite=1
[SQP LINESEARCH] iter=7 current_violation=0 accepted_violation=0 accepted=1 alpha=1 delta_u_norm=0.160445
[SQP SUPPORT] iter=7 support_size=0 support_limit=-1 support_ok=1
[SQP] before_solve iter=8 vars=16 constraints=92 max_d=-0.435412
[QP WORST] iter=8 row=59 type=collision d=-0.435412
[QP WORST COLLISION] scenario=34 k=8 obstacle=0 disc=2
[SQP] after_solve iter=8 converged=1 status=0 iterations=3 primal_residual=2.3742e-09 dual_residual=3.33662e-05 x_size=16 x_finite=1
[SQP LINESEARCH] iter=8 current_violation=0 accepted_violation=0 accepted=1 alpha=1 delta_u_norm=0.141571
[SQP SUPPORT] iter=8 support_size=0 support_limit=-1 support_ok=1
[SQP] before_solve iter=9 vars=16 constraints=92 max_d=-0.433606
[QP WORST] iter=9 row=59 type=collision d=-0.433606
[QP WORST COLLISION] scenario=34 k=8 obstacle=0 disc=2
[SQP] after_solve iter=9 converged=1 status=0 iterations=3 primal_residual=2.13608e-09 dual_residual=2.96435e-05 x_size=16 x_finite=1
[SQP LINESEARCH] iter=9 current_violation=0 accepted_violation=0 accepted=1 alpha=1 delta_u_norm=0.126864
[SQP SUPPORT] iter=9 support_size=0 support_limit=-1 support_ok=1
[SQP FINAL] final_violation=0 violated_constraints=0
[SUPPORT FINAL] sqp_union=0 final_active=0 support_limit=-1
[SUPPORT FINAL IDS]
[SUPPORT UNION IDS]
[COLD START RECOVERY CHECK] ordinary_sqp_failed=0 seed_available=0 incompatible=0 try_homotopy=0
[HARNESS RESULT] step=0 success=1 controls=8 first_input_present=1
[MPC STEP METRICS] step=0 applied=1 success=1 fallback=0 a=2.99925 omega=4.79088e-09 dt=0.1 acceleration_weight=0.1 steering_weight=0.1 control_cost_unweighted=8.99548 control_cost_weighted=0.899548 mpc_cost=-15.9486 solve_time=0.0410458 qp_solve_time=0.0259769 constraint_time=0.00722013 dro_risk_time=0.000610413 ambiguity_radius=0.00798127 certificate=not_requested
[EVAL SAFETY] step=1 min_center_distance=2.84853 min_clearance=1.89853 collision_this_step=0 collision_run=0 collision_radius=0.95
[PATH COMPLETION] step=1 completion_progress=0.164996 path_length=25 fraction=0.00659985 required_fraction=0.95 termination_enabled=1 completed=0
[DRO SUMMARY] step=2 obstacle=0 S=40 rho=0.0057214 rho_raw=0.0057214 D_max=0.0115351 D_min=0.00578169 tv_bound=0.989573 eta=0.496 eta_raw=0.496 radius_m=2 radius_d=3 transport_cost=0 budget_usage=0 lambda=0 q_support=3 nominal_risk=0 qstar_risk=0 risk_lift=0 tv=0
[DRO MODE] step=2 obstacle=0 mode=constant_velocity p=0.142857 risk=0 q=0.142857 delta_q=0 q_times_S=5.71429
[DRO MODE] step=2 obstacle=0 mode=turn_left p=0.428571 risk=0 q=0.428571 delta_q=0 q_times_S=17.1429
[DRO MODE] step=2 obstacle=0 mode=turn_right p=0.428571 risk=0 q=0.428571 delta_q=0 q_times_S=17.1429
[DRO SAMPLE] step=2 obstacle=0 mode=constant_velocity q=0.142857 q_times_S=5.71429 first_count=3 first_fraction=0.075 occupancy=24 occupancy_fraction=0.075
[DRO SAMPLE] step=2 obstacle=0 mode=turn_left q=0.428571 q_times_S=17.1429 first_count=20 first_fraction=0.5 occupancy=160 occupancy_fraction=0.5
[DRO SAMPLE] step=2 obstacle=0 mode=turn_right q=0.428571 q_times_S=17.1429 first_count=17 first_fraction=0.425 occupancy=136 occupancy_fraction=0.425
[RF BACKUP] available=1 controls=8 states=9
[FREE POLY] k=1 disc=0 raw=40 facets=0 vertices=4 rho=4.8 anchor_shift=0
[FREE POLY] k=1 disc=1 raw=40 facets=0 vertices=4 rho=0.800001 anchor_shift=0
[FREE POLY] k=1 disc=2 raw=40 facets=4 vertices=7 rho=4.8 anchor_shift=0
[FREE POLY] k=2 disc=0 raw=40 facets=2 vertices=5 rho=5.6 anchor_shift=0
[FREE POLY] k=2 disc=1 raw=40 facets=0 vertices=4 rho=1.6 anchor_shift=0
[FREE POLY] k=2 disc=2 raw=40 facets=3 vertices=6 rho=5.6 anchor_shift=0
[FREE POLY] k=3 disc=0 raw=40 facets=2 vertices=5 rho=6.4 anchor_shift=0
[FREE POLY] k=3 disc=1 raw=40 facets=0 vertices=4 rho=2.4 anchor_shift=0
[FREE POLY] k=3 disc=2 raw=40 facets=2 vertices=5 rho=6.4 anchor_shift=0
[FREE POLY] k=4 disc=0 raw=40 facets=2 vertices=5 rho=7.2 anchor_shift=0
[FREE POLY] k=4 disc=1 raw=40 facets=2 vertices=5 rho=3.2 anchor_shift=0
[FREE POLY] k=4 disc=2 raw=40 facets=4 vertices=7 rho=7.2 anchor_shift=0
[FREE POLY] k=5 disc=0 raw=40 facets=2 vertices=5 rho=8 anchor_shift=0
[FREE POLY] k=5 disc=1 raw=40 facets=2 vertices=5 rho=4 anchor_shift=0
[FREE POLY] k=5 disc=2 raw=40 facets=4 vertices=7 rho=8 anchor_shift=0
[FREE POLY] k=6 disc=0 raw=40 facets=3 vertices=6 rho=8.8 anchor_shift=0
[FREE POLY] k=6 disc=1 raw=40 facets=2 vertices=5 rho=4.8 anchor_shift=0
[FREE POLY] k=6 disc=2 raw=40 facets=4 vertices=7 rho=8.8 anchor_shift=0
[FREE POLY] k=7 disc=0 raw=40 facets=4 vertices=7 rho=9.6 anchor_shift=0
[FREE POLY] k=7 disc=1 raw=40 facets=4 vertices=7 rho=5.6 anchor_shift=0
[FREE POLY] k=7 disc=2 raw=40 facets=4 vertices=7 rho=9.6 anchor_shift=0
[FREE POLY] k=8 disc=0 raw=40 facets=4 vertices=7 rho=10.4 anchor_shift=0
[FREE POLY] k=8 disc=1 raw=40 facets=4 vertices=7 rho=6.4 anchor_shift=0
[FREE POLY] k=8 disc=2 raw=40 facets=4 vertices=7 rho=10.4 anchor_shift=0
[RF SUPPORT SEED] removed=0 support_limit=-1
[SQP] before_solve iter=0 vars=16 constraints=94 max_d=-0.221159
[QP WORST] iter=0 row=58 type=collision d=-0.221159
[QP WORST COLLISION] scenario=3 k=8 obstacle=0 disc=2
[SQP] after_solve iter=0 converged=1 status=0 iterations=3 primal_residual=4.44089e-16 dual_residual=1.2438e-07 x_size=16 x_finite=1
[SQP LINESEARCH] iter=0 current_violation=0 accepted_violation=0 accepted=1 alpha=1 delta_u_norm=0.213588
[SQP SUPPORT] iter=0 support_size=0 support_limit=-1 support_ok=1
[SQP] before_solve iter=1 vars=16 constraints=94 max_d=-0.204203
[QP WORST] iter=1 row=58 type=collision d=-0.204203
[QP WORST COLLISION] scenario=3 k=8 obstacle=0 disc=2
[SQP] after_solve iter=1 converged=1 status=0 iterations=3 primal_residual=4.33464e-16 dual_residual=2.43517e-08 x_size=16 x_finite=1
[SQP LINESEARCH] iter=1 current_violation=0 accepted_violation=0 accepted=1 alpha=1 delta_u_norm=0.163297
[SQP SUPPORT] iter=1 support_size=0 support_limit=-1 support_ok=1
[SQP] before_solve iter=2 vars=16 constraints=94 max_d=-0.199532
[QP WORST] iter=2 row=58 type=collision d=-0.199532
[QP WORST COLLISION] scenario=3 k=8 obstacle=0 disc=2
[SQP] after_solve iter=2 converged=1 status=0 iterations=3 primal_residual=4.38018e-16 dual_residual=1.39841e-08 x_size=16 x_finite=1
[SQP LINESEARCH] iter=2 current_violation=0 accepted_violation=0 accepted=1 alpha=1 delta_u_norm=0.151168
[SQP SUPPORT] iter=2 support_size=0 support_limit=-1 support_ok=1
[SQP] before_solve iter=3 vars=16 constraints=94 max_d=-0.198049
[QP WORST] iter=3 row=58 type=collision d=-0.198049
[QP WORST COLLISION] scenario=3 k=8 obstacle=0 disc=2
[SQP] after_solve iter=3 converged=1 status=0 iterations=3 primal_residual=4.36933e-16 dual_residual=1.39996e-08 x_size=16 x_finite=1
[SQP LINESEARCH] iter=3 current_violation=0 accepted_violation=0 accepted=1 alpha=1 delta_u_norm=0.142763
[SQP SUPPORT] iter=3 support_size=0 support_limit=-1 support_ok=1
[SQP] before_solve iter=4 vars=16 constraints=94 max_d=-0.197387
[QP WORST] iter=4 row=58 type=collision d=-0.197387
[QP WORST COLLISION] scenario=3 k=8 obstacle=0 disc=2
[SQP] after_solve iter=4 converged=1 status=0 iterations=3 primal_residual=4.06251e-16 dual_residual=1.69217e-08 x_size=16 x_finite=1
[SQP LINESEARCH] iter=4 current_violation=0 accepted_violation=0 accepted=1 alpha=1 delta_u_norm=0.135148
[SQP SUPPORT] iter=4 support_size=0 support_limit=-1 support_ok=1
[SQP] before_solve iter=5 vars=16 constraints=94 max_d=-0.196936
[QP WORST] iter=5 row=58 type=collision d=-0.196936
[QP WORST COLLISION] scenario=3 k=8 obstacle=0 disc=2
[SQP] after_solve iter=5 converged=1 status=0 iterations=3 primal_residual=4.40945e-16 dual_residual=2.16642e-08 x_size=16 x_finite=1
[SQP LINESEARCH] iter=5 current_violation=0 accepted_violation=0 accepted=1 alpha=1 delta_u_norm=0.128058
[SQP SUPPORT] iter=5 support_size=0 support_limit=-1 support_ok=1
[SQP] before_solve iter=6 vars=16 constraints=94 max_d=-0.196539
[QP WORST] iter=6 row=58 type=collision d=-0.196539
[QP WORST COLLISION] scenario=3 k=8 obstacle=0 disc=2
[SQP] after_solve iter=6 converged=1 status=0 iterations=3 primal_residual=4.03161e-16 dual_residual=2.83678e-08 x_size=16 x_finite=1
[SQP LINESEARCH] iter=6 current_violation=0 accepted_violation=0 accepted=1 alpha=1 delta_u_norm=0.121431
[SQP SUPPORT] iter=6 support_size=0 support_limit=-1 support_ok=1
[SQP] before_solve iter=7 vars=16 constraints=94 max_d=-0.196161
[QP WORST] iter=7 row=58 type=collision d=-0.196161
[QP WORST COLLISION] scenario=3 k=8 obstacle=0 disc=2
[SQP] after_solve iter=7 converged=1 status=0 iterations=3 primal_residual=4.26091e-16 dual_residual=3.77087e-08 x_size=16 x_finite=1
[SQP LINESEARCH] iter=7 current_violation=0 accepted_violation=0 accepted=1 alpha=1 delta_u_norm=0.115226
[SQP SUPPORT] iter=7 support_size=0 support_limit=-1 support_ok=1
[SQP] before_solve iter=8 vars=16 constraints=94 max_d=-0.195794
[QP WORST] iter=8 row=58 type=collision d=-0.195794
[QP WORST COLLISION] scenario=3 k=8 obstacle=0 disc=2
[SQP] after_solve iter=8 converged=1 status=0 iterations=3 primal_residual=3.83157e-16 dual_residual=5.08518e-08 x_size=16 x_finite=1
[SQP LINESEARCH] iter=8 current_violation=0 accepted_violation=0 accepted=1 alpha=1 delta_u_norm=0.10941
[SQP SUPPORT] iter=8 support_size=0 support_limit=-1 support_ok=1
[SQP] before_solve iter=9 vars=16 constraints=94 max_d=-0.195438
[QP WORST] iter=9 row=58 type=collision d=-0.195438
[QP WORST COLLISION] scenario=3 k=8 obstacle=0 disc=2
[SQP] after_solve iter=9 converged=1 status=0 iterations=3 primal_residual=4.42951e-16 dual_residual=6.96156e-08 x_size=16 x_finite=1
[SQP LINESEARCH] iter=9 current_violation=0 accepted_violation=0 accepted=1 alpha=1 delta_u_norm=0.103953
[SQP SUPPORT] iter=9 support_size=0 support_limit=-1 support_ok=1
[SQP FINAL] final_violation=0 violated_constraints=0
[SUPPORT FINAL] sqp_union=0 final_active=0 support_limit=-1
[SUPPORT FINAL IDS]
[SUPPORT UNION IDS]
[COLD START RECOVERY CHECK] ordinary_sqp_failed=0 seed_available=1 incompatible=0 try_homotopy=0
[HARNESS RESULT] step=1 success=1 controls=8 first_input_present=1
[MPC STEP METRICS] step=1 applied=1 success=1 fallback=0 a=2.7531 omega=-5.87639e-09 dt=0.1 acceleration_weight=0.1 steering_weight=0.1 control_cost_unweighted=7.57957 control_cost_weighted=0.757957 mpc_cost=-16.8719 solve_time=0.0388189 qp_solve_time=0.0260446 constraint_time=0.0066655 dro_risk_time=0.000403836 ambiguity_radius=0.0057214 certificate=not_requested
[EVAL SAFETY] step=2 min_center_distance=2.66768 min_clearance=1.71768 collision_this_step=0 collision_run=0 collision_radius=0.95
[DRO SUMMARY] step=3 obstacle=0 S=40 rho=0.00643166 rho_raw=0.00643166 D_max=0.0115351 D_min=0.00578169 tv_bound=1 eta=0.557574 eta_raw=0.557574 radius_m=3 radius_d=3 transport_cost=0.00448744 budget_usage=0.697711 lambda=0 q_support=1 nominal_risk=0.0236954 qstar_risk=0.0243836 risk_lift=0.000688201 tv=0.444444
[DRO MODE] step=3 obstacle=0 mode=constant_velocity p=0.111111 risk=0.022796 q=0 delta_q=-0.111111 q_times_S=0
[DRO MODE] step=3 obstacle=0 mode=turn_left p=0.333333 risk=0.0228482 q=0 delta_q=-0.333333 q_times_S=0
[DRO MODE] step=3 obstacle=0 mode=turn_right p=0.555556 risk=0.0243836 q=1 delta_q=0.444444 q_times_S=40
[DRO SAMPLE] step=3 obstacle=0 mode=constant_velocity q=0 q_times_S=0 first_count=0 first_fraction=0 occupancy=0 occupancy_fraction=0
[DRO SAMPLE] step=3 obstacle=0 mode=turn_left q=0 q_times_S=0 first_count=0 first_fraction=0 occupancy=0 occupancy_fraction=0
[DRO SAMPLE] step=3 obstacle=0 mode=turn_right q=1 q_times_S=40 first_count=40 first_fraction=1 occupancy=320 occupancy_fraction=1
[RF BACKUP] available=1 controls=8 states=9
[FREE POLY] k=1 disc=0 raw=40 facets=0 vertices=4 rho=4.8 anchor_shift=0
[FREE POLY] k=1 disc=1 raw=40 facets=0 vertices=4 rho=0.800001 anchor_shift=0
[FREE POLY] k=1 disc=2 raw=40 facets=3 vertices=6 rho=4.8 anchor_shift=0
[FREE POLY] k=2 disc=0 raw=40 facets=1 vertices=4 rho=5.6 anchor_shift=0
[FREE POLY] k=2 disc=1 raw=40 facets=0 vertices=4 rho=1.6 anchor_shift=0
[FREE POLY] k=2 disc=2 raw=40 facets=2 vertices=5 rho=5.6 anchor_shift=0
[FREE POLY] k=3 disc=0 raw=40 facets=2 vertices=5 rho=6.4 anchor_shift=0
[FREE POLY] k=3 disc=1 raw=40 facets=0 vertices=4 rho=2.4 anchor_shift=0
[FREE POLY] k=3 disc=2 raw=40 facets=3 vertices=6 rho=6.4 anchor_shift=0
[FREE POLY] k=4 disc=0 raw=40 facets=2 vertices=5 rho=7.2 anchor_shift=0
[FREE POLY] k=4 disc=1 raw=40 facets=2 vertices=5 rho=3.2 anchor_shift=0
[FREE POLY] k=4 disc=2 raw=40 facets=3 vertices=6 rho=7.2 anchor_shift=0
[FREE POLY] k=5 disc=0 raw=40 facets=3 vertices=6 rho=8 anchor_shift=0
[FREE POLY] k=5 disc=1 raw=40 facets=3 vertices=6 rho=4 anchor_shift=0
[FREE POLY] k=5 disc=2 raw=40 facets=4 vertices=7 rho=8 anchor_shift=0
[FREE POLY] k=6 disc=0 raw=40 facets=3 vertices=6 rho=8.8 anchor_shift=0
[FREE POLY] k=6 disc=1 raw=40 facets=3 vertices=6 rho=4.8 anchor_shift=0
[FREE POLY] k=6 disc=2 raw=40 facets=3 vertices=6 rho=8.8 anchor_shift=0
[FREE POLY] k=7 disc=0 raw=40 facets=3 vertices=6 rho=9.6 anchor_shift=0
[FREE POLY] k=7 disc=1 raw=40 facets=3 vertices=6 rho=5.6 anchor_shift=0
[FREE POLY] k=7 disc=2 raw=40 facets=3 vertices=6 rho=9.6 anchor_shift=0
[FREE POLY] k=8 disc=0 raw=40 facets=3 vertices=6 rho=10.4 anchor_shift=0
[FREE POLY] k=8 disc=1 raw=40 facets=3 vertices=6 rho=6.4 anchor_shift=0
[FREE POLY] k=8 disc=2 raw=40 facets=3 vertices=6 rho=10.4 anchor_shift=0
[RF SUPPORT SEED] removed=0 support_limit=-1
[SQP] before_solve iter=0 vars=16 constraints=87 max_d=0.0453586
[QP WORST] iter=0 row=52 type=collision d=0.0453586
[QP WORST COLLISION] scenario=17 k=8 obstacle=0 disc=2
[SQP] after_solve iter=0 converged=1 status=0 iterations=4 primal_residual=1.94513e-11 dual_residual=4.40016e-06 x_size=16 x_finite=1
[SQP LINESEARCH] iter=0 current_violation=0.0453586 accepted_violation=0 accepted=1 alpha=1 delta_u_norm=0.440952
[SQP SUPPORT] iter=0 support_size=0 support_limit=-1 support_ok=1
[SQP] before_solve iter=1 vars=16 constraints=87 max_d=-0.00249611
[QP WORST] iter=1 row=52 type=collision d=-0.00249611
[QP WORST COLLISION] scenario=17 k=8 obstacle=0 disc=2
[SQP] after_solve iter=1 converged=1 status=0 iterations=4 primal_residual=1.66768e-10 dual_residual=6.71479e-06 x_size=16 x_finite=1
[SQP LINESEARCH] iter=1 current_violation=0 accepted_violation=0 accepted=1 alpha=1 delta_u_norm=0.251279
[SQP SUPPORT] iter=1 support_size=0 support_limit=-1 support_ok=1
[SQP] before_solve iter=2 vars=16 constraints=87 max_d=-9.67826e-05
[QP WORST] iter=2 row=52 type=collision d=-9.67826e-05
[QP WORST COLLISION] scenario=17 k=8 obstacle=0 disc=2
[SQP] after_solve iter=2 converged=1 status=0 iterations=4 primal_residual=1.71541e-10 dual_residual=1.14174e-05 x_size=16 x_finite=1
[SQP LINESEARCH] iter=2 current_violation=0 accepted_violation=0 accepted=1 alpha=1 delta_u_norm=0.193931
[SQP SUPPORT] iter=2 support_size=0 support_limit=-1 support_ok=1
[SQP] before_solve iter=3 vars=16 constraints=87 max_d=-0.000180966
[QP WORST] iter=3 row=52 type=collision d=-0.000180966
[QP WORST COLLISION] scenario=17 k=8 obstacle=0 disc=2
[SQP] after_solve iter=3 converged=1 status=0 iterations=4 primal_residual=3.49863e-10 dual_residual=1.30707e-05 x_size=16 x_finite=1
[SQP LINESEARCH] iter=3 current_violation=0 accepted_violation=0 accepted=1 alpha=1 delta_u_norm=0.168013
[SQP SUPPORT] iter=3 support_size=0 support_limit=-1 support_ok=1
[SQP] before_solve iter=4 vars=16 constraints=87 max_d=-8.02414e-05
[QP WORST] iter=4 row=52 type=collision d=-8.02414e-05
[QP WORST COLLISION] scenario=17 k=8 obstacle=0 disc=2
[SQP] after_solve iter=4 converged=1 status=0 iterations=4 primal_residual=5.18844e-10 dual_residual=1.55667e-05 x_size=16 x_finite=1
[SQP LINESEARCH] iter=4 current_violation=0 accepted_violation=0 accepted=1 alpha=1 delta_u_norm=0.148622
[SQP SUPPORT] iter=4 support_size=0 support_limit=-1 support_ok=1
[SQP] before_solve iter=5 vars=16 constraints=87 max_d=-6.58647e-05
[QP WORST] iter=5 row=52 type=collision d=-6.58647e-05
[QP WORST COLLISION] scenario=17 k=8 obstacle=0 disc=2
[SQP] after_solve iter=5 converged=1 status=0 iterations=4 primal_residual=8.83319e-10 dual_residual=1.82784e-05 x_size=16 x_finite=1
[SQP LINESEARCH] iter=5 current_violation=0 accepted_violation=0 accepted=1 alpha=1 delta_u_norm=0.135413
[SQP SUPPORT] iter=5 support_size=0 support_limit=-1 support_ok=1
[SQP] before_solve iter=6 vars=16 constraints=87 max_d=-5.41152e-05
[QP WORST] iter=6 row=52 type=collision d=-5.41152e-05
[QP WORST COLLISION] scenario=17 k=8 obstacle=0 disc=2
[SQP] after_solve iter=6 converged=1 status=0 iterations=4 primal_residual=1.4443e-09 dual_residual=2.12004e-05 x_size=16 x_finite=1
[SQP LINESEARCH] iter=6 current_violation=0 accepted_violation=0 accepted=1 alpha=1 delta_u_norm=0.125329
[SQP SUPPORT] iter=6 support_size=0 support_limit=-1 support_ok=1
[SQP] before_solve iter=7 vars=16 constraints=87 max_d=-5.08038e-05
[QP WORST] iter=7 row=52 type=collision d=-5.08038e-05
[QP WORST COLLISION] scenario=17 k=8 obstacle=0 disc=2
[SQP] after_solve iter=7 converged=1 status=0 iterations=4 primal_residual=2.37191e-09 dual_residual=2.43211e-05 x_size=16 x_finite=1
[SQP LINESEARCH] iter=7 current_violation=0 accepted_violation=0 accepted=1 alpha=1 delta_u_norm=0.117225
[SQP SUPPORT] iter=7 support_size=0 support_limit=-1 support_ok=1
[SQP] before_solve iter=8 vars=16 constraints=87 max_d=-5.09228e-05
[QP WORST] iter=8 row=52 type=collision d=-5.09228e-05
[QP WORST COLLISION] scenario=17 k=8 obstacle=0 disc=2
[SQP] after_solve iter=8 converged=1 status=0 iterations=4 primal_residual=3.92986e-09 dual_residual=2.79874e-05 x_size=16 x_finite=1
[SQP LINESEARCH] iter=8 current_violation=0 accepted_violation=0 accepted=1 alpha=1 delta_u_norm=0.110347
[SQP SUPPORT] iter=8 support_size=0 support_limit=-1 support_ok=1
[SQP] before_solve iter=9 vars=16 constraints=87 max_d=-5.38774e-05
[QP WORST] iter=9 row=52 type=collision d=-5.38774e-05
[QP WORST COLLISION] scenario=17 k=8 obstacle=0 disc=2
[SQP] after_solve iter=9 converged=1 status=0 iterations=4 primal_residual=6.06257e-09 dual_residual=3.22465e-05 x_size=16 x_finite=1
[SQP LINESEARCH] iter=9 current_violation=0 accepted_violation=0 accepted=1 alpha=1 delta_u_norm=0.104305
[SQP SUPPORT] iter=9 support_size=0 support_limit=-1 support_ok=1
[SQP FINAL] final_violation=0 violated_constraints=0
[SUPPORT FINAL] sqp_union=0 final_active=1 support_limit=-1
[SUPPORT FINAL IDS] 17
[SUPPORT UNION IDS]
[COLD START RECOVERY CHECK] ordinary_sqp_failed=0 seed_available=1 incompatible=0 try_homotopy=0
[HARNESS RESULT] step=2 success=1 controls=8 first_input_present=1
[MPC STEP METRICS] step=2 applied=1 success=1 fallback=0 a=-0.00360867 omega=-0.00570408 dt=0.1 acceleration_weight=0.1 steering_weight=0.1 control_cost_unweighted=4.5559e-05 control_cost_weighted=4.5559e-06 mpc_cost=-17.5615 solve_time=0.0377866 qp_solve_time=0.0249065 constraint_time=0.00653847 dro_risk_time=0.000409627 ambiguity_radius=0.00643166 certificate=not_requested
[EVAL SAFETY] step=3 min_center_distance=2.47311 min_clearance=1.52311 collision_this_step=0 collision_run=0 collision_radius=0.95
[DRO SUMMARY] step=4 obstacle=0 S=40 rho=0.00583544 rho_raw=0.00583544 D_max=0.0115351 D_min=0.00578169 tv_bound=1 eta=0.505886 eta_raw=0.505886 radius_m=4 radius_d=3 transport_cost=0.00472276 budget_usage=0.809323 lambda=0 q_support=1 nominal_risk=0.121682 qstar_risk=0.125395 risk_lift=0.0037131 tv=0.545455
[DRO MODE] step=4 obstacle=0 mode=constant_velocity p=0.272727 risk=0.120347 q=0 delta_q=-0.272727 q_times_S=0
[DRO MODE] step=4 obstacle=0 mode=turn_left p=0.272727 risk=0.116828 q=0 delta_q=-0.272727 q_times_S=0
[DRO MODE] step=4 obstacle=0 mode=turn_right p=0.454545 risk=0.125395 q=1 delta_q=0.545455 q_times_S=40
[DRO SAMPLE] step=4 obstacle=0 mode=constant_velocity q=0 q_times_S=0 first_count=0 first_fraction=0 occupancy=0 occupancy_fraction=0
[DRO SAMPLE] step=4 obstacle=0 mode=turn_left q=0 q_times_S=0 first_count=0 first_fraction=0 occupancy=0 occupancy_fraction=0
[DRO SAMPLE] step=4 obstacle=0 mode=turn_right q=1 q_times_S=40 first_count=40 first_fraction=1 occupancy=320 occupancy_fraction=1
[RF BACKUP] available=1 controls=8 states=9
[FREE POLY] k=1 disc=0 raw=40 facets=0 vertices=4 rho=4.8 anchor_shift=0
[FREE POLY] k=1 disc=1 raw=40 facets=0 vertices=4 rho=0.800001 anchor_shift=0
[FREE POLY] k=1 disc=2 raw=40 facets=2 vertices=5 rho=4.8 anchor_shift=0
[FREE POLY] k=2 disc=0 raw=40 facets=3 vertices=6 rho=5.6 anchor_shift=0
[FREE POLY] k=2 disc=1 raw=40 facets=0 vertices=4 rho=1.6 anchor_shift=0
[FREE POLY] k=2 disc=2 raw=40 facets=3 vertices=6 rho=5.6 anchor_shift=0
[FREE POLY] k=3 disc=0 raw=40 facets=4 vertices=7 rho=6.4 anchor_shift=0
[FREE POLY] k=3 disc=1 raw=40 facets=0 vertices=4 rho=2.4 anchor_shift=0
[FREE POLY] k=3 disc=2 raw=40 facets=5 vertices=8 rho=6.4 anchor_shift=0
[FREE POLY] k=4 disc=0 raw=40 facets=4 vertices=7 rho=7.2 anchor_shift=0
[FREE POLY] k=4 disc=1 raw=40 facets=3 vertices=6 rho=3.2 anchor_shift=0
[FREE POLY] k=4 disc=2 raw=40 facets=5 vertices=8 rho=7.2 anchor_shift=0
[FREE POLY] k=5 disc=0 raw=40 facets=4 vertices=7 rho=8 anchor_shift=0
[FREE POLY] k=5 disc=1 raw=40 facets=3 vertices=6 rho=4 anchor_shift=0
[FREE POLY] k=5 disc=2 raw=40 facets=6 vertices=9 rho=8 anchor_shift=0
[FREE POLY] k=6 disc=0 raw=40 facets=4 vertices=7 rho=8.8 anchor_shift=0
[FREE POLY] k=6 disc=1 raw=40 facets=3 vertices=6 rho=4.8 anchor_shift=0
[FREE POLY] k=6 disc=2 raw=40 facets=6 vertices=9 rho=8.8 anchor_shift=0
[FREE POLY] k=7 disc=0 raw=40 facets=6 vertices=9 rho=9.6 anchor_shift=0
[FREE POLY] k=7 disc=1 raw=40 facets=6 vertices=9 rho=5.6 anchor_shift=0
[FREE POLY] k=7 disc=2 raw=40 facets=7 vertices=10 rho=9.6 anchor_shift=0
[FREE POLY] k=8 disc=0 raw=40 facets=7 vertices=10 rho=10.4 anchor_shift=0
[FREE POLY] k=8 disc=1 raw=40 facets=6 vertices=9 rho=6.4 anchor_shift=0
[FREE POLY] k=8 disc=2 raw=40 facets=7 vertices=10 rho=10.4 anchor_shift=0
[RF SUPPORT SEED] removed=0 support_limit=-1
[SQP] before_solve iter=0 vars=16 constraints=126 max_d=0.0946468
[QP WORST] iter=0 row=93 type=collision d=0.0946468
[QP WORST COLLISION] scenario=26 k=8 obstacle=0 disc=2
[SQP] after_solve iter=0 converged=1 status=0 iterations=5 primal_residual=4.06264e-10 dual_residual=5.73815e-05 x_size=16 x_finite=1
[SQP LINESEARCH] iter=0 current_violation=0.0946468 accepted_violation=0 accepted=1 alpha=1 delta_u_norm=0.46794
[SQP SUPPORT] iter=0 support_size=0 support_limit=-1 support_ok=1
[SQP] before_solve iter=1 vars=16 constraints=126 max_d=-0.0137726
[QP WORST] iter=1 row=87 type=collision d=-0.0137726
[QP WORST COLLISION] scenario=8 k=8 obstacle=0 disc=2
[SQP] after_solve iter=1 converged=1 status=0 iterations=5 primal_residual=4.44089e-16 dual_residual=1.34034e-06 x_size=16 x_finite=1
[SQP LINESEARCH] iter=1 current_violation=0 accepted_violation=0 accepted=1 alpha=1 delta_u_norm=0.384244
[SQP SUPPORT] iter=1 support_size=0 support_limit=-1 support_ok=1
[SQP] before_solve iter=2 vars=16 constraints=126 max_d=-0.000409472
[QP WORST] iter=2 row=87 type=collision d=-0.000409472
[QP WORST COLLISION] scenario=8 k=8 obstacle=0 disc=2
[SQP] after_solve iter=2 converged=1 status=0 iterations=5 primal_residual=4.0083e-16 dual_residual=2.38695e-05 x_size=16 x_finite=1
[SQP LINESEARCH] iter=2 current_violation=0 accepted_violation=0 accepted=1 alpha=1 delta_u_norm=0.25305
[SQP SUPPORT] iter=2 support_size=0 support_limit=-1 support_ok=1
[SQP] before_solve iter=3 vars=16 constraints=126 max_d=-8.20058e-05
[QP WORST] iter=3 row=87 type=collision d=-8.20058e-05
[QP WORST COLLISION] scenario=8 k=8 obstacle=0 disc=2
[SQP] after_solve iter=3 converged=1 status=0 iterations=5 primal_residual=4.19803e-16 dual_residual=5.85861e-06 x_size=16 x_finite=1
[SQP LINESEARCH] iter=3 current_violation=0 accepted_violation=0 accepted=1 alpha=1 delta_u_norm=0.135104
[SQP SUPPORT] iter=3 support_size=0 support_limit=-1 support_ok=1
[SQP] before_solve iter=4 vars=16 constraints=126 max_d=-4.54891e-06
[QP WORST] iter=4 row=87 type=collision d=-4.54891e-06
[QP WORST COLLISION] scenario=8 k=8 obstacle=0 disc=2
[SQP] after_solve iter=4 converged=1 status=0 iterations=5 primal_residual=4.24919e-16 dual_residual=5.46519e-06 x_size=16 x_finite=1
[SQP LINESEARCH] iter=4 current_violation=0 accepted_violation=0 accepted=1 alpha=1 delta_u_norm=0.123678
[SQP SUPPORT] iter=4 support_size=0 support_limit=-1 support_ok=1
[SQP] before_solve iter=5 vars=16 constraints=126 max_d=-7.37347e-07
[QP WORST] iter=5 row=87 type=collision d=-7.37347e-07
[QP WORST COLLISION] scenario=8 k=8 obstacle=0 disc=2
[SQP] after_solve iter=5 converged=1 status=0 iterations=5 primal_residual=4.36283e-16 dual_residual=5.27631e-06 x_size=16 x_finite=1
[SQP LINESEARCH] iter=5 current_violation=0 accepted_violation=0 accepted=1 alpha=1 delta_u_norm=0.116226
[SQP SUPPORT] iter=5 support_size=0 support_limit=-1 support_ok=1
[SQP] before_solve iter=6 vars=16 constraints=126 max_d=-2.85381e-07
[QP WORST] iter=6 row=87 type=collision d=-2.85381e-07
[QP WORST COLLISION] scenario=8 k=8 obstacle=0 disc=2
[SQP] after_solve iter=6 converged=1 status=0 iterations=5 primal_residual=4.10913e-16 dual_residual=5.19695e-06 x_size=16 x_finite=1
[SQP LINESEARCH] iter=6 current_violation=0 accepted_violation=0 accepted=1 alpha=1 delta_u_norm=0.109692
[SQP SUPPORT] iter=6 support_size=0 support_limit=-1 support_ok=1
[SQP] before_solve iter=7 vars=16 constraints=126 max_d=-2.25641e-07
[QP WORST] iter=7 row=87 type=collision d=-2.25641e-07
[QP WORST COLLISION] scenario=8 k=8 obstacle=0 disc=2
[SQP] after_solve iter=7 converged=1 status=0 iterations=5 primal_residual=4.29724e-16 dual_residual=5.15396e-06 x_size=16 x_finite=1
[SQP LINESEARCH] iter=7 current_violation=0 accepted_violation=0 accepted=1 alpha=1 delta_u_norm=0.103709
[SQP SUPPORT] iter=7 support_size=0 support_limit=-1 support_ok=1
[SQP] before_solve iter=8 vars=16 constraints=126 max_d=-2.14413e-07
[QP WORST] iter=8 row=87 type=collision d=-2.14413e-07
[QP WORST COLLISION] scenario=8 k=8 obstacle=0 disc=2
[SQP] after_solve iter=8 converged=1 status=0 iterations=5 primal_residual=4.38451e-16 dual_residual=5.12233e-06 x_size=16 x_finite=1
[SQP LINESEARCH] iter=8 current_violation=0 accepted_violation=0 accepted=1 alpha=1 delta_u_norm=0.0981658
[SQP SUPPORT] iter=8 support_size=0 support_limit=-1 support_ok=1
[SQP] before_solve iter=9 vars=16 constraints=126 max_d=-2.08261e-07
[QP WORST] iter=9 row=87 type=collision d=-2.08261e-07
[QP WORST COLLISION] scenario=8 k=8 obstacle=0 disc=2
[SQP] after_solve iter=9 converged=1 status=0 iterations=5 primal_residual=4.42571e-16 dual_residual=5.0916e-06 x_size=16 x_finite=1
[SQP LINESEARCH] iter=9 current_violation=0 accepted_violation=0 accepted=1 alpha=1 delta_u_norm=0.0930042
[SQP SUPPORT] iter=9 support_size=0 support_limit=-1 support_ok=1
[SQP FINAL] final_violation=0 violated_constraints=0
[SUPPORT FINAL] sqp_union=0 final_active=1 support_limit=-1
[SUPPORT FINAL IDS] 8
[SUPPORT UNION IDS]
[COLD START RECOVERY CHECK] ordinary_sqp_failed=0 seed_available=1 incompatible=0 try_homotopy=0
[HARNESS RESULT] step=3 success=1 controls=8 first_input_present=1
[MPC STEP METRICS] step=3 applied=1 success=1 fallback=0 a=-0.0899529 omega=-0.0423977 dt=0.1 acceleration_weight=0.1 steering_weight=0.1 control_cost_unweighted=0.00988909 control_cost_weighted=0.000988909 mpc_cost=-17.3593 solve_time=0.0408015 qp_solve_time=0.027426 constraint_time=0.00716828 dro_risk_time=0.000463758 ambiguity_radius=0.00583544 certificate=not_requested
[EVAL SAFETY] step=4 min_center_distance=2.27928 min_clearance=1.32928 collision_this_step=0 collision_run=0 collision_radius=0.95
[DRO SUMMARY] step=5 obstacle=0 S=40 rho=0.00502694 rho_raw=0.00502694 D_max=0.0115351 D_min=0.00578169 tv_bound=0.869459 eta=0.435795 eta_raw=0.435795 radius_m=5 radius_d=3 transport_cost=0.00502694 budget_usage=1 lambda=1.47875 q_support=2 nominal_risk=0.118135 qstar_risk=0.125702 risk_lift=0.00756685 tv=0.550897
[DRO MODE] step=5 obstacle=0 mode=constant_velocity p=0.230769 risk=0.117675 q=0 delta_q=-0.230769 q_times_S=0
[DRO MODE] step=5 obstacle=0 mode=turn_left p=0.384615 risk=0.109744 q=0.0644875 delta_q=-0.320128 q_times_S=2.5795
[DRO MODE] step=5 obstacle=0 mode=turn_right p=0.384615 risk=0.126802 q=0.935513 delta_q=0.550897 q_times_S=37.4205
[DRO SAMPLE] step=5 obstacle=0 mode=constant_velocity q=0 q_times_S=0 first_count=0 first_fraction=0 occupancy=0 occupancy_fraction=0
[DRO SAMPLE] step=5 obstacle=0 mode=turn_left q=0.0644875 q_times_S=2.5795 first_count=2 first_fraction=0.05 occupancy=16 occupancy_fraction=0.05
[DRO SAMPLE] step=5 obstacle=0 mode=turn_right q=0.935513 q_times_S=37.4205 first_count=38 first_fraction=0.95 occupancy=304 occupancy_fraction=0.95
[RF BACKUP] available=1 controls=8 states=9
[FREE POLY] k=1 disc=0 raw=40 facets=0 vertices=4 rho=4.8 anchor_shift=0
[FREE POLY] k=1 disc=1 raw=40 facets=0 vertices=4 rho=0.800001 anchor_shift=0
[FREE POLY] k=1 disc=2 raw=40 facets=4 vertices=7 rho=4.8 anchor_shift=0
[FREE POLY] k=2 disc=0 raw=40 facets=3 vertices=6 rho=5.6 anchor_shift=0
[FREE POLY] k=2 disc=1 raw=40 facets=0 vertices=4 rho=1.6 anchor_shift=0
[FREE POLY] k=2 disc=2 raw=40 facets=5 vertices=8 rho=5.6 anchor_shift=0
[FREE POLY] k=3 disc=0 raw=40 facets=3 vertices=6 rho=6.4 anchor_shift=0
[FREE POLY] k=3 disc=1 raw=40 facets=0 vertices=4 rho=2.4 anchor_shift=0
[FREE POLY] k=3 disc=2 raw=40 facets=3 vertices=6 rho=6.4 anchor_shift=0
[FREE POLY] k=4 disc=0 raw=40 facets=3 vertices=6 rho=7.2 anchor_shift=0
[FREE POLY] k=4 disc=1 raw=40 facets=2 vertices=5 rho=3.2 anchor_shift=0
[FREE POLY] k=4 disc=2 raw=40 facets=3 vertices=6 rho=7.2 anchor_shift=0
[FREE POLY] k=5 disc=0 raw=40 facets=3 vertices=6 rho=8 anchor_shift=0
[FREE POLY] k=5 disc=1 raw=40 facets=3 vertices=6 rho=4 anchor_shift=0
[FREE POLY] k=5 disc=2 raw=40 facets=3 vertices=6 rho=8 anchor_shift=0
[FREE POLY] k=6 disc=0 raw=40 facets=3 vertices=6 rho=8.8 anchor_shift=0
[FREE POLY] k=6 disc=1 raw=40 facets=3 vertices=6 rho=4.8 anchor_shift=0
[FREE POLY] k=6 disc=2 raw=40 facets=4 vertices=7 rho=8.8 anchor_shift=0
[FREE POLY] k=7 disc=0 raw=40 facets=3 vertices=6 rho=9.6 anchor_shift=0
[FREE POLY] k=7 disc=1 raw=40 facets=3 vertices=6 rho=5.6 anchor_shift=0
[FREE POLY] k=7 disc=2 raw=40 facets=5 vertices=8 rho=9.6 anchor_shift=0
[FREE POLY] k=8 disc=0 raw=40 facets=3 vertices=6 rho=10.4 anchor_shift=0
[FREE POLY] k=8 disc=1 raw=40 facets=4 vertices=7 rho=6.4 anchor_shift=0
[FREE POLY] k=8 disc=2 raw=40 facets=7 vertices=10 rho=10.4 anchor_shift=0
[RF SUPPORT SEED] removed=0 support_limit=-1
[SQP] before_solve iter=0 vars=16 constraints=102 max_d=0.109388
[QP WORST] iter=0 row=67 type=collision d=0.109388
[QP WORST COLLISION] scenario=20 k=8 obstacle=0 disc=2
[SQP] after_solve iter=0 converged=1 status=0 iterations=5 primal_residual=4.33898e-16 dual_residual=1.2751e-06 x_size=16 x_finite=1
[SQP LINESEARCH] iter=0 current_violation=0.109388 accepted_violation=0 accepted=1 alpha=1 delta_u_norm=0.515519
[SQP SUPPORT] iter=0 support_size=0 support_limit=-1 support_ok=1
[SQP] before_solve iter=1 vars=16 constraints=102 max_d=-0.00295013
[QP WORST] iter=1 row=67 type=collision d=-0.00295013
[QP WORST COLLISION] scenario=20 k=8 obstacle=0 disc=2
[SQP] after_solve iter=1 converged=1 status=0 iterations=5 primal_residual=4.25658e-16 dual_residual=1.82321e-05 x_size=16 x_finite=1
[SQP LINESEARCH] iter=1 current_violation=0 accepted_violation=0 accepted=1 alpha=1 delta_u_norm=0.393707
[SQP SUPPORT] iter=1 support_size=0 support_limit=-1 support_ok=1
[SQP] before_solve iter=2 vars=16 constraints=102 max_d=-0.000134975
[QP WORST] iter=2 row=67 type=collision d=-0.000134975
[QP WORST COLLISION] scenario=20 k=8 obstacle=0 disc=2
[SQP] after_solve iter=2 converged=1 status=0 iterations=5 primal_residual=2.0435e-09 dual_residual=1.60099e-05 x_size=16 x_finite=1
[SQP LINESEARCH] iter=2 current_violation=0 accepted_violation=0 accepted=1 alpha=1 delta_u_norm=0.14504
[SQP SUPPORT] iter=2 support_size=0 support_limit=-1 support_ok=1
[SQP] before_solve iter=3 vars=16 constraints=102 max_d=-2.71861e-06
[QP WORST] iter=3 row=67 type=collision d=-2.71861e-06
[QP WORST COLLISION] scenario=20 k=8 obstacle=0 disc=2
[SQP] after_solve iter=3 converged=1 status=0 iterations=5 primal_residual=1.77471e-09 dual_residual=1.46268e-05 x_size=16 x_finite=1
[SQP LINESEARCH] iter=3 current_violation=0 accepted_violation=0 accepted=1 alpha=1 delta_u_norm=0.13317
[SQP SUPPORT] iter=3 support_size=0 support_limit=-1 support_ok=1
[SQP] before_solve iter=4 vars=16 constraints=102 max_d=-9.51461e-07
[QP WORST] iter=4 row=67 type=collision d=-9.51461e-07
[QP WORST COLLISION] scenario=20 k=8 obstacle=0 disc=2
[SQP] after_solve iter=4 converged=1 status=0 iterations=5 primal_residual=1.60183e-09 dual_residual=1.35395e-05 x_size=16 x_finite=1
[SQP LINESEARCH] iter=4 current_violation=0 accepted_violation=0 accepted=1 alpha=1 delta_u_norm=0.124477
[SQP SUPPORT] iter=4 support_size=0 support_limit=-1 support_ok=1
[SQP] before_solve iter=5 vars=16 constraints=102 max_d=-7.48881e-07
[QP WORST] iter=5 row=67 type=collision d=-7.48881e-07
[QP WORST COLLISION] scenario=20 k=8 obstacle=0 disc=2
[SQP] after_solve iter=5 converged=1 status=0 iterations=5 primal_residual=1.5006e-09 dual_residual=1.28529e-05 x_size=16 x_finite=1
[SQP LINESEARCH] iter=5 current_violation=0 accepted_violation=0 accepted=1 alpha=1 delta_u_norm=0.117
[SQP SUPPORT] iter=5 support_size=0 support_limit=-1 support_ok=1
[SQP] before_solve iter=6 vars=16 constraints=102 max_d=-7.45665e-07
[QP WORST] iter=6 row=67 type=collision d=-7.45665e-07
[QP WORST COLLISION] scenario=20 k=8 obstacle=0 disc=2
[SQP] after_solve iter=6 converged=1 status=0 iterations=5 primal_residual=1.44131e-09 dual_residual=1.2428e-05 x_size=16 x_finite=1
[SQP LINESEARCH] iter=6 current_violation=0 accepted_violation=0 accepted=1 alpha=1 delta_u_norm=0.110309
[SQP SUPPORT] iter=6 support_size=0 support_limit=-1 support_ok=1
[SQP] before_solve iter=7 vars=16 constraints=102 max_d=-7.72941e-07
[QP WORST] iter=7 row=67 type=collision d=-7.72941e-07
[QP WORST COLLISION] scenario=20 k=8 obstacle=0 disc=2
[SQP] after_solve iter=7 converged=1 status=0 iterations=5 primal_residual=1.40668e-09 dual_residual=1.21653e-05 x_size=16 x_finite=1
[SQP LINESEARCH] iter=7 current_violation=0 accepted_violation=0 accepted=1 alpha=1 delta_u_norm=0.104213
[SQP SUPPORT] iter=7 support_size=0 support_limit=-1 support_ok=1
[SQP] before_solve iter=8 vars=16 constraints=102 max_d=-8.01328e-07
[QP WORST] iter=8 row=67 type=collision d=-8.01328e-07
[QP WORST COLLISION] scenario=20 k=8 obstacle=0 disc=2
[SQP] after_solve iter=8 converged=1 status=0 iterations=5 primal_residual=1.38707e-09 dual_residual=1.2005e-05 x_size=16 x_finite=1
[SQP LINESEARCH] iter=8 current_violation=0 accepted_violation=0 accepted=1 alpha=1 delta_u_norm=0.0985981
[SQP SUPPORT] iter=8 support_size=0 support_limit=-1 support_ok=1
[SQP] before_solve iter=9 vars=16 constraints=102 max_d=-8.24834e-07
[QP WORST] iter=9 row=67 type=collision d=-8.24834e-07
[QP WORST COLLISION] scenario=20 k=8 obstacle=0 disc=2
[SQP] after_solve iter=9 converged=1 status=0 iterations=5 primal_residual=1.37678e-09 dual_residual=1.19102e-05 x_size=16 x_finite=1
[SQP LINESEARCH] iter=9 current_violation=0 accepted_violation=0 accepted=1 alpha=1 delta_u_norm=0.0933951
[SQP SUPPORT] iter=9 support_size=0 support_limit=-1 support_ok=1
[SQP FINAL] final_violation=0 violated_constraints=0
[SUPPORT FINAL] sqp_union=0 final_active=1 support_limit=-1
[SUPPORT FINAL IDS] 20
[SUPPORT UNION IDS]
[COLD START RECOVERY CHECK] ordinary_sqp_failed=0 seed_available=1 incompatible=0 try_homotopy=0
[HARNESS RESULT] step=4 success=1 controls=8 first_input_present=1
[MPC STEP METRICS] step=4 applied=1 success=1 fallback=0 a=0.104165 omega=-0.0640821 dt=0.1 acceleration_weight=0.1 steering_weight=0.1 control_cost_unweighted=0.0149568 control_cost_weighted=0.00149568 mpc_cost=-17.167 solve_time=0.0393771 qp_solve_time=0.0263643 constraint_time=0.00671721 dro_risk_time=0.000409506 ambiguity_radius=0.00502694 certificate=not_requested
[EVAL SAFETY] step=5 min_center_distance=2.08579 min_clearance=1.13579 collision_this_step=0 collision_run=0 collision_radius=0.95
[DRO SUMMARY] step=6 obstacle=0 S=40 rho=0.00513018 rho_raw=0.00513018 D_max=0.0115351 D_min=0.00578169 tv_bound=0.887315 eta=0.444745 eta_raw=0.444745 radius_m=6 radius_d=3 transport_cost=0.00500137 budget_usage=0.974892 lambda=0 q_support=1 nominal_risk=0.0857477 qstar_risk=0.0951328 risk_lift=0.00938508 tv=0.533333
[DRO MODE] step=6 obstacle=0 mode=constant_velocity p=0.2 risk=0.0839682 q=0 delta_q=-0.2 q_times_S=0
[DRO MODE] step=6 obstacle=0 mode=turn_left p=0.333333 risk=0.0736762 q=0 delta_q=-0.333333 q_times_S=0
[DRO MODE] step=6 obstacle=0 mode=turn_right p=0.466667 risk=0.0951328 q=1 delta_q=0.533333 q_times_S=40
[DRO SAMPLE] step=6 obstacle=0 mode=constant_velocity q=0 q_times_S=0 first_count=0 first_fraction=0 occupancy=0 occupancy_fraction=0
[DRO SAMPLE] step=6 obstacle=0 mode=turn_left q=0 q_times_S=0 first_count=0 first_fraction=0 occupancy=0 occupancy_fraction=0
[DRO SAMPLE] step=6 obstacle=0 mode=turn_right q=1 q_times_S=40 first_count=40 first_fraction=1 occupancy=320 occupancy_fraction=1
[RF BACKUP] available=1 controls=8 states=9
[FREE POLY] k=1 disc=0 raw=40 facets=0 vertices=4 rho=4.8 anchor_shift=0
[FREE POLY] k=1 disc=1 raw=40 facets=0 vertices=4 rho=0.800001 anchor_shift=0
[FREE POLY] k=1 disc=2 raw=40 facets=4 vertices=7 rho=4.8 anchor_shift=0
[FREE POLY] k=2 disc=0 raw=40 facets=3 vertices=6 rho=5.6 anchor_shift=0
[FREE POLY] k=2 disc=1 raw=40 facets=0 vertices=4 rho=1.6 anchor_shift=0
[FREE POLY] k=2 disc=2 raw=40 facets=3 vertices=6 rho=5.6 anchor_shift=0
[FREE POLY] k=3 disc=0 raw=40 facets=3 vertices=6 rho=6.4 anchor_shift=0
[FREE POLY] k=3 disc=1 raw=40 facets=0 vertices=4 rho=2.4 anchor_shift=0
[FREE POLY] k=3 disc=2 raw=40 facets=5 vertices=8 rho=6.4 anchor_shift=0
[FREE POLY] k=4 disc=0 raw=40 facets=4 vertices=7 rho=7.2 anchor_shift=0
[FREE POLY] k=4 disc=1 raw=40 facets=4 vertices=7 rho=3.2 anchor_shift=0
[FREE POLY] k=4 disc=2 raw=40 facets=5 vertices=8 rho=7.2 anchor_shift=0
[FREE POLY] k=5 disc=0 raw=40 facets=4 vertices=7 rho=8 anchor_shift=0
[FREE POLY] k=5 disc=1 raw=40 facets=4 vertices=7 rho=4 anchor_shift=0
[FREE POLY] k=5 disc=2 raw=40 facets=5 vertices=8 rho=8 anchor_shift=0
[FREE POLY] k=6 disc=0 raw=40 facets=4 vertices=7 rho=8.8 anchor_shift=0
[FREE POLY] k=6 disc=1 raw=40 facets=4 vertices=7 rho=4.8 anchor_shift=0
[FREE POLY] k=6 disc=2 raw=40 facets=5 vertices=8 rho=8.8 anchor_shift=0
[FREE POLY] k=7 disc=0 raw=40 facets=3 vertices=6 rho=9.6 anchor_shift=0
[FREE POLY] k=7 disc=1 raw=40 facets=3 vertices=6 rho=5.6 anchor_shift=0
[FREE POLY] k=7 disc=2 raw=40 facets=4 vertices=6 rho=9.6 anchor_shift=0
[FREE POLY] k=8 disc=0 raw=40 facets=3 vertices=6 rho=10.4 anchor_shift=0
[FREE POLY] k=8 disc=1 raw=40 facets=3 vertices=6 rho=6.4 anchor_shift=0
[FREE POLY] k=8 disc=2 raw=40 facets=5 vertices=7 rho=10.4 anchor_shift=0
[RF SUPPORT SEED] removed=0 support_limit=-1
[SQP] before_solve iter=0 vars=16 constraints=110 max_d=0.046303
[QP WORST] iter=0 row=73 type=collision d=0.046303
[QP WORST COLLISION] scenario=4 k=8 obstacle=0 disc=2
[SQP] after_solve iter=0 converged=1 status=0 iterations=5 primal_residual=4.31458e-16 dual_residual=2.66644e-05 x_size=16 x_finite=1
[SQP LINESEARCH] iter=0 current_violation=0.046303 accepted_violation=0 accepted=1 alpha=1 delta_u_norm=0.60976
[SQP SUPPORT] iter=0 support_size=0 support_limit=-1 support_ok=1
[SQP] before_solve iter=1 vars=16 constraints=110 max_d=-0.000341101
[QP WORST] iter=1 row=63 type=collision d=-0.000341101
[QP WORST COLLISION] scenario=4 k=7 obstacle=0 disc=2
[SQP] after_solve iter=1 converged=1 status=0 iterations=4 primal_residual=1.15839e-07 dual_residual=8.42723e-05 x_size=16 x_finite=1
[SQP LINESEARCH] iter=1 current_violation=0 accepted_violation=0 accepted=1 alpha=0.5 delta_u_norm=0.163008
[SQP SUPPORT] iter=1 support_size=0 support_limit=-1 support_ok=1
[SQP] before_solve iter=2 vars=16 constraints=110 max_d=-0.000176798
[QP WORST] iter=2 row=63 type=collision d=-0.000176798
[QP WORST COLLISION] scenario=4 k=7 obstacle=0 disc=2
[SQP] after_solve iter=2 converged=1 status=0 iterations=4 primal_residual=8.21915e-08 dual_residual=7.68136e-05 x_size=16 x_finite=1
[SQP LINESEARCH] iter=2 current_violation=0 accepted_violation=0 accepted=1 alpha=0.5 delta_u_norm=0.153755
[SQP SUPPORT] iter=2 support_size=0 support_limit=-1 support_ok=1
[SQP] before_solve iter=3 vars=16 constraints=110 max_d=-9.20463e-05
[QP WORST] iter=3 row=63 type=collision d=-9.20463e-05
[QP WORST COLLISION] scenario=4 k=7 obstacle=0 disc=2
[SQP] after_solve iter=3 converged=1 status=0 iterations=4 primal_residual=6.24045e-08 dual_residual=7.25176e-05 x_size=16 x_finite=1
[SQP LINESEARCH] iter=3 current_violation=0 accepted_violation=0 accepted=1 alpha=0.5 delta_u_norm=0.146334
[SQP SUPPORT] iter=3 support_size=0 support_limit=-1 support_ok=1
[SQP] before_solve iter=4 vars=16 constraints=110 max_d=-4.83274e-05
[QP WORST] iter=4 row=63 type=collision d=-4.83274e-05
[QP WORST COLLISION] scenario=4 k=7 obstacle=0 disc=2
[SQP] after_solve iter=4 converged=1 status=0 iterations=4 primal_residual=5.08935e-08 dual_residual=7.03489e-05 x_size=16 x_finite=1
[SQP LINESEARCH] iter=4 current_violation=0 accepted_violation=0 accepted=1 alpha=0.5 delta_u_norm=0.139999
[SQP SUPPORT] iter=4 support_size=0 support_limit=-1 support_ok=1
[SQP] before_solve iter=5 vars=16 constraints=110 max_d=-2.51417e-05
[QP WORST] iter=5 row=73 type=collision d=-2.51417e-05
[QP WORST COLLISION] scenario=4 k=8 obstacle=0 disc=2
[SQP] after_solve iter=5 converged=1 status=0 iterations=4 primal_residual=4.59404e-08 dual_residual=6.95787e-05 x_size=16 x_finite=1
[SQP LINESEARCH] iter=5 current_violation=0 accepted_violation=0 accepted=1 alpha=0.5 delta_u_norm=0.1344
[SQP SUPPORT] iter=5 support_size=0 support_limit=-1 support_ok=1
[SQP] before_solve iter=6 vars=16 constraints=110 max_d=-1.24347e-05
[QP WORST] iter=6 row=73 type=collision d=-1.24347e-05
[QP WORST COLLISION] scenario=4 k=8 obstacle=0 disc=2
[SQP] after_solve iter=6 converged=1 status=0 iterations=4 primal_residual=4.56038e-08 dual_residual=6.96382e-05 x_size=16 x_finite=1
[SQP LINESEARCH] iter=6 current_violation=0 accepted_violation=0 accepted=1 alpha=0.5 delta_u_norm=0.129352
[SQP SUPPORT] iter=6 support_size=0 support_limit=-1 support_ok=1
[SQP] before_solve iter=7 vars=16 constraints=110 max_d=-6.13126e-06
[QP WORST] iter=7 row=73 type=collision d=-6.13126e-06
[QP WORST COLLISION] scenario=4 k=8 obstacle=0 disc=2
[SQP] after_solve iter=7 converged=1 status=0 iterations=4 primal_residual=4.7204e-08 dual_residual=7.01416e-05 x_size=16 x_finite=1
[SQP LINESEARCH] iter=7 current_violation=0 accepted_violation=0 accepted=1 alpha=0.5 delta_u_norm=0.124743
[SQP SUPPORT] iter=7 support_size=0 support_limit=-1 support_ok=1
[SQP] before_solve iter=8 vars=16 constraints=110 max_d=-3.01701e-06
[QP WORST] iter=8 row=73 type=collision d=-3.01701e-06
[QP WORST COLLISION] scenario=4 k=8 obstacle=0 disc=2
[SQP] after_solve iter=8 converged=1 status=0 iterations=4 primal_residual=4.92144e-08 dual_residual=7.08612e-05 x_size=16 x_finite=1
[SQP LINESEARCH] iter=8 current_violation=0 accepted_violation=0 accepted=1 alpha=0.5 delta_u_norm=0.120497
[SQP SUPPORT] iter=8 support_size=0 support_limit=-1 support_ok=1
[SQP] before_solve iter=9 vars=16 constraints=110 max_d=-1.48815e-06
[QP WORST] iter=9 row=73 type=collision d=-1.48815e-06
[QP WORST COLLISION] scenario=4 k=8 obstacle=0 disc=2
[SQP] after_solve iter=9 converged=1 status=0 iterations=4 primal_residual=5.11036e-08 dual_residual=7.16713e-05 x_size=16 x_finite=1
[SQP LINESEARCH] iter=9 current_violation=0 accepted_violation=0 accepted=1 alpha=0.5 delta_u_norm=0.116558
[SQP SUPPORT] iter=9 support_size=0 support_limit=-1 support_ok=1
[SQP FINAL] final_violation=0 violated_constraints=0
[SUPPORT FINAL] sqp_union=0 final_active=1 support_limit=-1
[SUPPORT FINAL IDS] 4
[SUPPORT UNION IDS]
[COLD START RECOVERY CHECK] ordinary_sqp_failed=0 seed_available=1 incompatible=0 try_homotopy=0
[HARNESS RESULT] step=5 success=1 controls=8 first_input_present=1
[MPC STEP METRICS] step=5 applied=1 success=1 fallback=0 a=0.0161325 omega=-0.0125955 dt=0.1 acceleration_weight=0.1 steering_weight=0.1 control_cost_unweighted=0.000418906 control_cost_weighted=4.18906e-05 mpc_cost=-17.0602 solve_time=0.0575236 qp_solve_time=0.0424512 constraint_time=0.00691493 dro_risk_time=0.00092937 ambiguity_radius=0.00513018 certificate=not_requested
[EVAL SAFETY] step=6 min_center_distance=1.89138 min_clearance=0.941378 collision_this_step=0 collision_run=0 collision_radius=0.95
[DRO SUMMARY] step=7 obstacle=0 S=40 rho=0.00503627 rho_raw=0.00503627 D_max=0.0115351 D_min=0.00578169 tv_bound=0.871073 eta=0.436604 eta_raw=0.436604 radius_m=7 radius_d=3 transport_cost=0.00441297 budget_usage=0.876238 lambda=0 q_support=1 nominal_risk=0.0823649 qstar_risk=0.091858 risk_lift=0.00949302 tv=0.470588
[DRO MODE] step=7 obstacle=0 mode=constant_velocity p=0.176471 risk=0.0792602 q=0 delta_q=-0.176471 q_times_S=0
[DRO MODE] step=7 obstacle=0 mode=turn_left p=0.294118 risk=0.0671404 q=0 delta_q=-0.294118 q_times_S=0
[DRO MODE] step=7 obstacle=0 mode=turn_right p=0.529412 risk=0.091858 q=1 delta_q=0.470588 q_times_S=40
[DRO SAMPLE] step=7 obstacle=0 mode=constant_velocity q=0 q_times_S=0 first_count=0 first_fraction=0 occupancy=0 occupancy_fraction=0
[DRO SAMPLE] step=7 obstacle=0 mode=turn_left q=0 q_times_S=0 first_count=0 first_fraction=0 occupancy=0 occupancy_fraction=0
[DRO SAMPLE] step=7 obstacle=0 mode=turn_right q=1 q_times_S=40 first_count=40 first_fraction=1 occupancy=320 occupancy_fraction=1
[RF BACKUP] available=1 controls=8 states=9
[FREE POLY] k=1 disc=0 raw=40 facets=4 vertices=7 rho=4.8 anchor_shift=0
[FREE POLY] k=1 disc=1 raw=40 facets=0 vertices=4 rho=0.800001 anchor_shift=0
[FREE POLY] k=1 disc=2 raw=40 facets=4 vertices=7 rho=4.8 anchor_shift=0
[FREE POLY] k=2 disc=0 raw=40 facets=3 vertices=6 rho=5.6 anchor_shift=0
[FREE POLY] k=2 disc=1 raw=40 facets=0 vertices=4 rho=1.6 anchor_shift=0
[FREE POLY] k=2 disc=2 raw=40 facets=3 vertices=6 rho=5.6 anchor_shift=0
[FREE POLY] k=3 disc=0 raw=40 facets=4 vertices=7 rho=6.4 anchor_shift=0
[FREE POLY] k=3 disc=1 raw=40 facets=4 vertices=7 rho=2.4 anchor_shift=0
[FREE POLY] k=3 disc=2 raw=40 facets=4 vertices=7 rho=6.4 anchor_shift=0
[FREE POLY] k=4 disc=0 raw=40 facets=3 vertices=6 rho=7.2 anchor_shift=0
[FREE POLY] k=4 disc=1 raw=40 facets=3 vertices=6 rho=3.2 anchor_shift=0
[FREE POLY] k=4 disc=2 raw=40 facets=3 vertices=6 rho=7.2 anchor_shift=0
[FREE POLY] k=5 disc=0 raw=40 facets=3 vertices=6 rho=8 anchor_shift=0
[FREE POLY] k=5 disc=1 raw=40 facets=3 vertices=6 rho=4 anchor_shift=0
[FREE POLY] k=5 disc=2 raw=40 facets=4 vertices=7 rho=8 anchor_shift=0
[FREE POLY] k=6 disc=0 raw=40 facets=3 vertices=6 rho=8.8 anchor_shift=0
[FREE POLY] k=6 disc=1 raw=40 facets=3 vertices=6 rho=4.8 anchor_shift=0
[FREE POLY] k=6 disc=2 raw=40 facets=6 vertices=8 rho=8.8 anchor_shift=0
[FREE POLY] k=7 disc=0 raw=40 facets=5 vertices=8 rho=9.6 anchor_shift=0
[FREE POLY] k=7 disc=1 raw=40 facets=5 vertices=8 rho=5.6 anchor_shift=0
[FREE POLY] k=7 disc=2 raw=40 facets=7 vertices=10 rho=9.6 anchor_shift=0
[FREE POLY] k=8 disc=0 raw=40 facets=6 vertices=9 rho=10.4 anchor_shift=0
[FREE POLY] k=8 disc=1 raw=40 facets=5 vertices=8 rho=6.4 anchor_shift=0
[FREE POLY] k=8 disc=2 raw=40 facets=6 vertices=9 rho=10.4 anchor_shift=0
[RF SUPPORT SEED] removed=0 support_limit=-1
[SQP] before_solve iter=0 vars=16 constraints=123 max_d=0.0658451
[QP WORST] iter=0 row=85 type=collision d=0.0658451
[QP WORST COLLISION] scenario=3 k=8 obstacle=0 disc=2
[SQP] after_solve iter=0 converged=1 status=0 iterations=5 primal_residual=8.38522e-09 dual_residual=2.39674e-05 x_size=16 x_finite=1
[SQP LINESEARCH] iter=0 current_violation=0.0658451 accepted_violation=0 accepted=1 alpha=1 delta_u_norm=0.374531
[SQP SUPPORT] iter=0 support_size=0 support_limit=-1 support_ok=1
[SQP] before_solve iter=1 vars=16 constraints=123 max_d=-2.26747e-05
[QP WORST] iter=1 row=55 type=collision d=-2.26747e-05
[QP WORST COLLISION] scenario=20 k=6 obstacle=0 disc=2
[SQP] after_solve iter=1 converged=1 status=0 iterations=5 primal_residual=4.33681e-16 dual_residual=2.78256e-05 x_size=16 x_finite=1
[SQP LINESEARCH] iter=1 current_violation=0 accepted_violation=0 accepted=1 alpha=1 delta_u_norm=0.171672
[SQP SUPPORT] iter=1 support_size=0 support_limit=-1 support_ok=1
[SQP] before_solve iter=2 vars=16 constraints=123 max_d=-7.63084e-06
[QP WORST] iter=2 row=55 type=collision d=-7.63084e-06
[QP WORST COLLISION] scenario=20 k=6 obstacle=0 disc=2
[SQP] after_solve iter=2 converged=1 status=0 iterations=5 primal_residual=4.33681e-16 dual_residual=2.74095e-05 x_size=16 x_finite=1
[SQP LINESEARCH] iter=2 current_violation=0 accepted_violation=0 accepted=1 alpha=1 delta_u_norm=0.154515
[SQP SUPPORT] iter=2 support_size=0 support_limit=-1 support_ok=1
[SQP] before_solve iter=3 vars=16 constraints=123 max_d=-7.71027e-06
[QP WORST] iter=3 row=55 type=collision d=-7.71027e-06
[QP WORST COLLISION] scenario=20 k=6 obstacle=0 disc=2
[SQP] after_solve iter=3 converged=1 status=0 iterations=5 primal_residual=4.10045e-16 dual_residual=2.75277e-05 x_size=16 x_finite=1
[SQP LINESEARCH] iter=3 current_violation=0 accepted_violation=0 accepted=1 alpha=1 delta_u_norm=0.142028
[SQP SUPPORT] iter=3 support_size=0 support_limit=-1 support_ok=1
[SQP] before_solve iter=4 vars=16 constraints=123 max_d=-7.65846e-06
[QP WORST] iter=4 row=55 type=collision d=-7.65846e-06
[QP WORST COLLISION] scenario=20 k=6 obstacle=0 disc=2
[SQP] after_solve iter=4 converged=1 status=0 iterations=5 primal_residual=4.37259e-16 dual_residual=2.76685e-05 x_size=16 x_finite=1
[SQP LINESEARCH] iter=4 current_violation=0 accepted_violation=0 accepted=1 alpha=1 delta_u_norm=0.131512
[SQP SUPPORT] iter=4 support_size=0 support_limit=-1 support_ok=1
[SQP] before_solve iter=5 vars=16 constraints=123 max_d=-7.60081e-06
[QP WORST] iter=5 row=55 type=collision d=-7.60081e-06
[QP WORST COLLISION] scenario=20 k=6 obstacle=0 disc=2
[SQP] after_solve iter=5 converged=1 status=0 iterations=5 primal_residual=4.02456e-16 dual_residual=2.77683e-05 x_size=16 x_finite=1
[SQP LINESEARCH] iter=5 current_violation=0 accepted_violation=0 accepted=1 alpha=1 delta_u_norm=0.122409
[SQP SUPPORT] iter=5 support_size=0 support_limit=-1 support_ok=1
[SQP] before_solve iter=6 vars=16 constraints=123 max_d=-7.56789e-06
[QP WORST] iter=6 row=55 type=collision d=-7.56789e-06
[QP WORST COLLISION] scenario=20 k=6 obstacle=0 disc=2
[SQP] after_solve iter=6 converged=1 status=0 iterations=5 primal_residual=4.34331e-16 dual_residual=2.78275e-05 x_size=16 x_finite=1
[SQP LINESEARCH] iter=6 current_violation=0 accepted_violation=0 accepted=1 alpha=1 delta_u_norm=0.11438
[SQP SUPPORT] iter=6 support_size=0 support_limit=-1 support_ok=1
[SQP] before_solve iter=7 vars=16 constraints=123 max_d=-7.55349e-06
[QP WORST] iter=7 row=55 type=collision d=-7.55349e-06
[QP WORST COLLISION] scenario=20 k=6 obstacle=0 disc=2
[SQP] after_solve iter=7 converged=1 status=0 iterations=5 primal_residual=4.26742e-16 dual_residual=2.78559e-05 x_size=16 x_finite=1
[SQP LINESEARCH] iter=7 current_violation=0 accepted_violation=0 accepted=1 alpha=1 delta_u_norm=0.107196
[SQP SUPPORT] iter=7 support_size=0 support_limit=-1 support_ok=1
[SQP] before_solve iter=8 vars=16 constraints=123 max_d=-7.54916e-06
[QP WORST] iter=8 row=55 type=collision d=-7.54916e-06
[QP WORST COLLISION] scenario=20 k=6 obstacle=0 disc=2
[SQP] after_solve iter=8 converged=1 status=0 iterations=5 primal_residual=4.12918e-16 dual_residual=2.78627e-05 x_size=16 x_finite=1
[SQP LINESEARCH] iter=8 current_violation=0 accepted_violation=0 accepted=1 alpha=1 delta_u_norm=0.1007
[SQP SUPPORT] iter=8 support_size=0 support_limit=-1 support_ok=1
[SQP] before_solve iter=9 vars=16 constraints=123 max_d=-7.54962e-06
[QP WORST] iter=9 row=55 type=collision d=-7.54962e-06
[QP WORST COLLISION] scenario=20 k=6 obstacle=0 disc=2
[SQP] after_solve iter=9 converged=1 status=0 iterations=5 primal_residual=4.32874e-16 dual_residual=2.7855e-05 x_size=16 x_finite=1
[SQP LINESEARCH] iter=9 current_violation=0 accepted_violation=0 accepted=1 alpha=1 delta_u_norm=0.0947796
[SQP SUPPORT] iter=9 support_size=0 support_limit=-1 support_ok=1
[SQP FINAL] final_violation=0 violated_constraints=0
[SUPPORT FINAL] sqp_union=0 final_active=2 support_limit=-1
[SUPPORT FINAL IDS] 3 20
[SUPPORT UNION IDS]
[COLD START RECOVERY CHECK] ordinary_sqp_failed=0 seed_available=1 incompatible=0 try_homotopy=0
[HARNESS RESULT] step=6 success=1 controls=8 first_input_present=1
[MPC STEP METRICS] step=6 applied=1 success=1 fallback=0 a=-0.0571099 omega=0.0379768 dt=0.1 acceleration_weight=0.1 steering_weight=0.1 control_cost_unweighted=0.00470378 control_cost_weighted=0.000470378 mpc_cost=-16.808 solve_time=0.0581761 qp_solve_time=0.038597 constraint_time=0.0105405 dro_risk_time=0.000598761 ambiguity_radius=0.00503627 certificate=not_requested
[EVAL SAFETY] step=7 min_center_distance=1.69657 min_clearance=0.746575 collision_this_step=0 collision_run=0 collision_radius=0.95
[DRO SUMMARY] step=8 obstacle=0 S=40 rho=0.00468552 rho_raw=0.00468552 D_max=0.0115351 D_min=0.00578169 tv_bound=0.810407 eta=0.406197 eta_raw=0.406197 radius_m=8 radius_d=3 transport_cost=0.00455705 budget_usage=0.972581 lambda=0 q_support=1 nominal_risk=0.0219323 qstar_risk=0.0324869 risk_lift=0.0105546 tv=0.526316
[DRO MODE] step=8 obstacle=0 mode=constant_velocity p=0.263158 risk=0.0191009 q=0 delta_q=-0.263158 q_times_S=0
[DRO MODE] step=8 obstacle=0 mode=turn_left p=0.263158 risk=0.00576553 q=0 delta_q=-0.263158 q_times_S=0
[DRO MODE] step=8 obstacle=0 mode=turn_right p=0.473684 risk=0.0324869 q=1 delta_q=0.526316 q_times_S=40
[DRO SAMPLE] step=8 obstacle=0 mode=constant_velocity q=0 q_times_S=0 first_count=0 first_fraction=0 occupancy=0 occupancy_fraction=0
[DRO SAMPLE] step=8 obstacle=0 mode=turn_left q=0 q_times_S=0 first_count=0 first_fraction=0 occupancy=0 occupancy_fraction=0
[DRO SAMPLE] step=8 obstacle=0 mode=turn_right q=1 q_times_S=40 first_count=40 first_fraction=1 occupancy=320 occupancy_fraction=1
[RF BACKUP] available=1 controls=8 states=9
[FREE POLY] k=1 disc=0 raw=40 facets=3 vertices=6 rho=4.8 anchor_shift=0
[FREE POLY] k=1 disc=1 raw=40 facets=0 vertices=4 rho=0.800001 anchor_shift=0
[FREE POLY] k=1 disc=2 raw=40 facets=3 vertices=6 rho=4.8 anchor_shift=0
[FREE POLY] k=2 disc=0 raw=40 facets=2 vertices=5 rho=5.6 anchor_shift=0
[FREE POLY] k=2 disc=1 raw=40 facets=0 vertices=4 rho=1.6 anchor_shift=0
[FREE POLY] k=2 disc=2 raw=40 facets=3 vertices=6 rho=5.6 anchor_shift=0
[FREE POLY] k=3 disc=0 raw=40 facets=2 vertices=5 rho=6.4 anchor_shift=0
[FREE POLY] k=3 disc=1 raw=40 facets=2 vertices=5 rho=2.4 anchor_shift=0
[FREE POLY] k=3 disc=2 raw=40 facets=3 vertices=6 rho=6.4 anchor_shift=0
[FREE POLY] k=4 disc=0 raw=40 facets=3 vertices=6 rho=7.2 anchor_shift=0
[FREE POLY] k=4 disc=1 raw=40 facets=3 vertices=6 rho=3.2 anchor_shift=0
[FREE POLY] k=4 disc=2 raw=40 facets=5 vertices=8 rho=7.2 anchor_shift=0
[FREE POLY] k=5 disc=0 raw=40 facets=3 vertices=6 rho=8 anchor_shift=0
[FREE POLY] k=5 disc=1 raw=40 facets=3 vertices=6 rho=4 anchor_shift=0
[FREE POLY] k=5 disc=2 raw=40 facets=5 vertices=8 rho=8 anchor_shift=0
[FREE POLY] k=6 disc=0 raw=40 facets=3 vertices=6 rho=8.8 anchor_shift=0
[FREE POLY] k=6 disc=1 raw=40 facets=3 vertices=6 rho=4.8 anchor_shift=0
[FREE POLY] k=6 disc=2 raw=40 facets=4 vertices=7 rho=8.8 anchor_shift=0
[FREE POLY] k=7 disc=0 raw=40 facets=3 vertices=6 rho=9.6 anchor_shift=0
[FREE POLY] k=7 disc=1 raw=40 facets=3 vertices=6 rho=5.6 anchor_shift=0
[FREE POLY] k=7 disc=2 raw=40 facets=4 vertices=7 rho=9.6 anchor_shift=0
[FREE POLY] k=8 disc=0 raw=40 facets=3 vertices=6 rho=10.4 anchor_shift=0
[FREE POLY] k=8 disc=1 raw=40 facets=4 vertices=7 rho=6.4 anchor_shift=0
[FREE POLY] k=8 disc=2 raw=40 facets=4 vertices=7 rho=10.4 anchor_shift=0
[RF SUPPORT SEED] removed=0 support_limit=-1
[SQP] before_solve iter=0 vars=16 constraints=103 max_d=-0.0482366
[QP WORST] iter=0 row=68 type=collision d=-0.0482366
[QP WORST COLLISION] scenario=13 k=8 obstacle=0 disc=2
[SQP] after_solve iter=0 converged=1 status=0 iterations=5 primal_residual=4.39969e-16 dual_residual=1.33753e-05 x_size=16 x_finite=1
[SQP LINESEARCH] iter=0 current_violation=0 accepted_violation=0 accepted=1 alpha=0.5 delta_u_norm=0.257867
[SQP SUPPORT] iter=0 support_size=0 support_limit=-1 support_ok=1
[SQP] before_solve iter=1 vars=16 constraints=103 max_d=-0.0240454
[QP WORST] iter=1 row=68 type=collision d=-0.0240454
[QP WORST COLLISION] scenario=13 k=8 obstacle=0 disc=2
[SQP] after_solve iter=1 converged=1 status=0 iterations=5 primal_residual=4.5141e-14 dual_residual=9.2258e-06 x_size=16 x_finite=1
[SQP LINESEARCH] iter=1 current_violation=0 accepted_violation=0 accepted=1 alpha=0.5 delta_u_norm=0.193385
[SQP SUPPORT] iter=1 support_size=0 support_limit=-1 support_ok=1
[SQP] before_solve iter=2 vars=16 constraints=103 max_d=-0.0120006
[QP WORST] iter=2 row=68 type=collision d=-0.0120006
[QP WORST COLLISION] scenario=13 k=8 obstacle=0 disc=2
[SQP] after_solve iter=2 converged=1 status=0 iterations=5 primal_residual=6.29249e-10 dual_residual=5.51229e-06 x_size=16 x_finite=1
[SQP LINESEARCH] iter=2 current_violation=0 accepted_violation=0 accepted=1 alpha=0.5 delta_u_norm=0.164265
[SQP SUPPORT] iter=2 support_size=0 support_limit=-1 support_ok=1
[SQP] before_solve iter=3 vars=16 constraints=103 max_d=-0.00599366
[QP WORST] iter=3 row=68 type=collision d=-0.00599366
[QP WORST COLLISION] scenario=13 k=8 obstacle=0 disc=2
[SQP] after_solve iter=3 converged=1 status=0 iterations=5 primal_residual=8.00724e-10 dual_residual=5.59288e-06 x_size=16 x_finite=1
[SQP LINESEARCH] iter=3 current_violation=0 accepted_violation=0 accepted=1 alpha=0.5 delta_u_norm=0.149806
[SQP SUPPORT] iter=3 support_size=0 support_limit=-1 support_ok=1
[SQP] before_solve iter=4 vars=16 constraints=103 max_d=-0.00299508
[QP WORST] iter=4 row=68 type=collision d=-0.00299508
[QP WORST COLLISION] scenario=13 k=8 obstacle=0 disc=2
[SQP] after_solve iter=4 converged=1 status=0 iterations=5 primal_residual=9.46229e-10 dual_residual=7.62602e-06 x_size=16 x_finite=1
[SQP LINESEARCH] iter=4 current_violation=0 accepted_violation=0 accepted=1 alpha=0.5 delta_u_norm=0.141196
[SQP SUPPORT] iter=4 support_size=0 support_limit=-1 support_ok=1
[SQP] before_solve iter=5 vars=16 constraints=103 max_d=-0.00149732
[QP WORST] iter=5 row=68 type=collision d=-0.00149732
[QP WORST COLLISION] scenario=13 k=8 obstacle=0 disc=2
[SQP] after_solve iter=5 converged=1 status=0 iterations=5 primal_residual=1.06627e-09 dual_residual=9.56542e-06 x_size=16 x_finite=1
[SQP LINESEARCH] iter=5 current_violation=0 accepted_violation=0 accepted=1 alpha=1 delta_u_norm=0.135004
[SQP SUPPORT] iter=5 support_size=0 support_limit=-1 support_ok=1
[SQP] before_solve iter=6 vars=16 constraints=103 max_d=-2.80423e-07
[QP WORST] iter=6 row=68 type=collision d=-2.80423e-07
[QP WORST COLLISION] scenario=13 k=8 obstacle=0 disc=2
[SQP] after_solve iter=6 converged=1 status=0 iterations=5 primal_residual=1.87939e-09 dual_residual=1.35792e-05 x_size=16 x_finite=1
[SQP LINESEARCH] iter=6 current_violation=0 accepted_violation=0 accepted=1 alpha=1 delta_u_norm=0.125174
[SQP SUPPORT] iter=6 support_size=0 support_limit=-1 support_ok=1
[SQP] before_solve iter=7 vars=16 constraints=103 max_d=-8.91772e-07
[QP WORST] iter=7 row=58 type=collision d=-8.91772e-07
[QP WORST COLLISION] scenario=13 k=7 obstacle=0 disc=2
[SQP] after_solve iter=7 converged=1 status=0 iterations=5 primal_residual=2.12368e-09 dual_residual=1.58765e-05 x_size=16 x_finite=1
[SQP LINESEARCH] iter=7 current_violation=0 accepted_violation=0 accepted=1 alpha=1 delta_u_norm=0.117295
[SQP SUPPORT] iter=7 support_size=0 support_limit=-1 support_ok=1
[SQP] before_solve iter=8 vars=16 constraints=103 max_d=-8.47273e-07
[QP WORST] iter=8 row=58 type=collision d=-8.47273e-07
[QP WORST COLLISION] scenario=13 k=7 obstacle=0 disc=2
[SQP] after_solve iter=8 converged=1 status=0 iterations=5 primal_residual=2.15919e-09 dual_residual=1.71022e-05 x_size=16 x_finite=1
[SQP LINESEARCH] iter=8 current_violation=0 accepted_violation=0 accepted=1 alpha=1 delta_u_norm=0.110371
[SQP SUPPORT] iter=8 support_size=0 support_limit=-1 support_ok=1
[SQP] before_solve iter=9 vars=16 constraints=103 max_d=-7.8492e-07
[QP WORST] iter=9 row=58 type=collision d=-7.8492e-07
[QP WORST COLLISION] scenario=13 k=7 obstacle=0 disc=2
[SQP] after_solve iter=9 converged=1 status=0 iterations=5 primal_residual=2.02313e-09 dual_residual=1.76255e-05 x_size=16 x_finite=1
[SQP LINESEARCH] iter=9 current_violation=0 accepted_violation=0 accepted=1 alpha=1 delta_u_norm=0.104146
[SQP SUPPORT] iter=9 support_size=0 support_limit=-1 support_ok=1
[SQP FINAL] final_violation=0 violated_constraints=0
[SUPPORT FINAL] sqp_union=0 final_active=1 support_limit=-1
[SUPPORT FINAL IDS] 13
[SUPPORT UNION IDS]
[COLD START RECOVERY CHECK] ordinary_sqp_failed=0 seed_available=1 incompatible=0 try_homotopy=0
[HARNESS RESULT] step=7 success=1 controls=8 first_input_present=1
[MPC STEP METRICS] step=7 applied=1 success=1 fallback=0 a=-0.039995 omega=0.13916 dt=0.1 acceleration_weight=0.1 steering_weight=0.1 control_cost_unweighted=0.0209652 control_cost_weighted=0.00209652 mpc_cost=-16.6633 solve_time=0.0445642 qp_solve_time=0.0289737 constraint_time=0.00690965 dro_risk_time=0.00060383 ambiguity_radius=0.00468552 certificate=not_requested
[EVAL SAFETY] step=8 min_center_distance=1.5013 min_clearance=0.551302 collision_this_step=0 collision_run=0 collision_radius=0.95
[DRO SUMMARY] step=9 obstacle=0 S=40 rho=0.00434895 rho_raw=0.00434895 D_max=0.0115351 D_min=0.00578169 tv_bound=0.752194 eta=0.377019 eta_raw=0.377019 radius_m=9 radius_d=3 transport_cost=0.00434895 budget_usage=1 lambda=2.35181 q_support=2 nominal_risk=0.0442034 qstar_risk=0.0545718 risk_lift=0.0103684 tv=0.420491
[DRO MODE] step=9 obstacle=0 mode=constant_velocity p=0.238095 risk=0.0430267 q=0.150938 delta_q=-0.0871572 q_times_S=6.03752
[DRO MODE] step=9 obstacle=0 mode=turn_left p=0.333333 risk=0.0290742 q=0 delta_q=-0.333333 q_times_S=0
[DRO MODE] step=9 obstacle=0 mode=turn_right p=0.428571 risk=0.0566242 q=0.849062 delta_q=0.420491 q_times_S=33.9625
[DRO SAMPLE] step=9 obstacle=0 mode=constant_velocity q=0.150938 q_times_S=6.03752 first_count=2 first_fraction=0.05 occupancy=16 occupancy_fraction=0.05
[DRO SAMPLE] step=9 obstacle=0 mode=turn_left q=0 q_times_S=0 first_count=0 first_fraction=0 occupancy=0 occupancy_fraction=0
[DRO SAMPLE] step=9 obstacle=0 mode=turn_right q=0.849062 q_times_S=33.9625 first_count=38 first_fraction=0.95 occupancy=304 occupancy_fraction=0.95
[RF BACKUP] available=1 controls=8 states=9
[FREE POLY] k=1 disc=0 raw=40 facets=3 vertices=6 rho=4.8 anchor_shift=0
[FREE POLY] k=1 disc=1 raw=40 facets=0 vertices=4 rho=0.800001 anchor_shift=0
[FREE POLY] k=1 disc=2 raw=40 facets=4 vertices=7 rho=4.8 anchor_shift=0
[FREE POLY] k=2 disc=0 raw=40 facets=3 vertices=6 rho=5.6 anchor_shift=0
[FREE POLY] k=2 disc=1 raw=40 facets=0 vertices=4 rho=1.6 anchor_shift=0
[FREE POLY] k=2 disc=2 raw=40 facets=4 vertices=7 rho=5.6 anchor_shift=0
[FREE POLY] k=3 disc=0 raw=40 facets=4 vertices=7 rho=6.4 anchor_shift=0
[FREE POLY] k=3 disc=1 raw=40 facets=4 vertices=7 rho=2.4 anchor_shift=0
[FREE POLY] k=3 disc=2 raw=40 facets=5 vertices=8 rho=6.4 anchor_shift=0
[FREE POLY] k=4 disc=0 raw=40 facets=3 vertices=6 rho=7.2 anchor_shift=0
[FREE POLY] k=4 disc=1 raw=40 facets=3 vertices=6 rho=3.2 anchor_shift=0
[FREE POLY] k=4 disc=2 raw=40 facets=5 vertices=8 rho=7.2 anchor_shift=0
[FREE POLY] k=5 disc=0 raw=40 facets=4 vertices=7 rho=8 anchor_shift=0
[FREE POLY] k=5 disc=1 raw=40 facets=3 vertices=6 rho=4 anchor_shift=0
[FREE POLY] k=5 disc=2 raw=40 facets=5 vertices=8 rho=8 anchor_shift=0
[FREE POLY] k=6 disc=0 raw=40 facets=4 vertices=7 rho=8.8 anchor_shift=0
[FREE POLY] k=6 disc=1 raw=40 facets=4 vertices=7 rho=4.8 anchor_shift=0
[FREE POLY] k=6 disc=2 raw=40 facets=4 vertices=7 rho=8.8 anchor_shift=0
[FREE POLY] k=7 disc=0 raw=40 facets=4 vertices=7 rho=9.6 anchor_shift=0
[FREE POLY] k=7 disc=1 raw=40 facets=5 vertices=8 rho=5.6 anchor_shift=0
[FREE POLY] k=7 disc=2 raw=40 facets=4 vertices=7 rho=9.6 anchor_shift=0
[FREE POLY] k=8 disc=0 raw=40 facets=5 vertices=8 rho=10.4 anchor_shift=0
[FREE POLY] k=8 disc=1 raw=40 facets=5 vertices=8 rho=6.4 anchor_shift=0
[FREE POLY] k=8 disc=2 raw=40 facets=5 vertices=8 rho=10.4 anchor_shift=0
[RF SUPPORT SEED] removed=0 support_limit=-1
[SQP] before_solve iter=0 vars=16 constraints=122 max_d=-0.00816897
[QP WORST] iter=0 row=74 type=collision d=-0.00816897
[QP WORST COLLISION] scenario=37 k=7 obstacle=0 disc=2
[SQP] after_solve iter=0 converged=1 status=0 iterations=5 primal_residual=4.33681e-16 dual_residual=2.81439e-05 x_size=16 x_finite=1
[SQP LINESEARCH] iter=0 current_violation=0 accepted_violation=0 accepted=1 alpha=0.5 delta_u_norm=0.222492
[SQP SUPPORT] iter=0 support_size=0 support_limit=-1 support_ok=1
[SQP] before_solve iter=1 vars=16 constraints=122 max_d=-0.00408062
[QP WORST] iter=1 row=74 type=collision d=-0.00408062
[QP WORST COLLISION] scenario=37 k=7 obstacle=0 disc=2
[SQP] after_solve iter=1 converged=1 status=0 iterations=5 primal_residual=4.44089e-16 dual_residual=2.66608e-05 x_size=16 x_finite=1
[SQP LINESEARCH] iter=1 current_violation=0 accepted_violation=0 accepted=1 alpha=0.5 delta_u_norm=0.187604
[SQP SUPPORT] iter=1 support_size=0 support_limit=-1 support_ok=1
[SQP] before_solve iter=2 vars=16 constraints=122 max_d=-0.00204255
[QP WORST] iter=2 row=74 type=collision d=-0.00204255
[QP WORST COLLISION] scenario=37 k=7 obstacle=0 disc=2
[SQP] after_solve iter=2 converged=1 status=0 iterations=5 primal_residual=4.06793e-16 dual_residual=2.78279e-05 x_size=16 x_finite=1
[SQP LINESEARCH] iter=2 current_violation=0 accepted_violation=0 accepted=1 alpha=1 delta_u_norm=0.16943
[SQP SUPPORT] iter=2 support_size=0 support_limit=-1 support_ok=1
[SQP] before_solve iter=3 vars=16 constraints=122 max_d=-3.73179e-06
[QP WORST] iter=3 row=89 type=collision d=-3.73179e-06
[QP WORST COLLISION] scenario=37 k=8 obstacle=0 disc=2
[SQP] after_solve iter=3 converged=1 status=0 iterations=5 primal_residual=4.31892e-16 dual_residual=3.40317e-05 x_size=16 x_finite=1
[SQP LINESEARCH] iter=3 current_violation=0 accepted_violation=0 accepted=1 alpha=1 delta_u_norm=0.148789
[SQP SUPPORT] iter=3 support_size=0 support_limit=-1 support_ok=1
[SQP] before_solve iter=4 vars=16 constraints=122 max_d=-6.45244e-06
[QP WORST] iter=4 row=89 type=collision d=-6.45244e-06
[QP WORST COLLISION] scenario=37 k=8 obstacle=0 disc=2
[SQP] after_solve iter=4 converged=1 status=0 iterations=5 primal_residual=4.44089e-16 dual_residual=3.72607e-05 x_size=16 x_finite=1
[SQP LINESEARCH] iter=4 current_violation=0 accepted_violation=0 accepted=1 alpha=1 delta_u_norm=0.136506
[SQP SUPPORT] iter=4 support_size=0 support_limit=-1 support_ok=1
[SQP] before_solve iter=5 vars=16 constraints=122 max_d=-6.03631e-06
[QP WORST] iter=5 row=89 type=collision d=-6.03631e-06
[QP WORST COLLISION] scenario=37 k=8 obstacle=0 disc=2
[SQP] after_solve iter=5 converged=1 status=0 iterations=5 primal_residual=4.30211e-16 dual_residual=3.87832e-05 x_size=16 x_finite=1
[SQP LINESEARCH] iter=5 current_violation=0 accepted_violation=0 accepted=1 alpha=1 delta_u_norm=0.126597
[SQP SUPPORT] iter=5 support_size=0 support_limit=-1 support_ok=1
[SQP] before_solve iter=6 vars=16 constraints=122 max_d=-5.60829e-06
[QP WORST] iter=6 row=89 type=collision d=-5.60829e-06
[QP WORST COLLISION] scenario=37 k=8 obstacle=0 disc=2
[SQP] after_solve iter=6 converged=1 status=0 iterations=5 primal_residual=4.30211e-16 dual_residual=3.94945e-05 x_size=16 x_finite=1
[SQP LINESEARCH] iter=6 current_violation=0 accepted_violation=0 accepted=1 alpha=1 delta_u_norm=0.118155
[SQP SUPPORT] iter=6 support_size=0 support_limit=-1 support_ok=1
[SQP] before_solve iter=7 vars=16 constraints=122 max_d=-5.26877e-06
[QP WORST] iter=7 row=89 type=collision d=-5.26877e-06
[QP WORST COLLISION] scenario=37 k=8 obstacle=0 disc=2
[SQP] after_solve iter=7 converged=1 status=0 iterations=5 primal_residual=4.09395e-16 dual_residual=3.98203e-05 x_size=16 x_finite=1
[SQP LINESEARCH] iter=7 current_violation=0 accepted_violation=0 accepted=1 alpha=1 delta_u_norm=0.110766
[SQP SUPPORT] iter=7 support_size=0 support_limit=-1 support_ok=1
[SQP] before_solve iter=8 vars=16 constraints=122 max_d=-5.0124e-06
[QP WORST] iter=8 row=89 type=collision d=-5.0124e-06
[QP WORST COLLISION] scenario=37 k=8 obstacle=0 disc=2
[SQP] after_solve iter=8 converged=1 status=0 iterations=5 primal_residual=4.16334e-16 dual_residual=3.99606e-05 x_size=16 x_finite=1
[SQP LINESEARCH] iter=8 current_violation=0 accepted_violation=0 accepted=1 alpha=1 delta_u_norm=0.104177
[SQP SUPPORT] iter=8 support_size=0 support_limit=-1 support_ok=1
[SQP] before_solve iter=9 vars=16 constraints=122 max_d=-4.81681e-06
[QP WORST] iter=9 row=89 type=collision d=-4.81681e-06
[QP WORST COLLISION] scenario=37 k=8 obstacle=0 disc=2
[SQP] after_solve iter=9 converged=1 status=0 iterations=5 primal_residual=3.69496e-16 dual_residual=4.00103e-05 x_size=16 x_finite=1
[SQP LINESEARCH] iter=9 current_violation=0 accepted_violation=0 accepted=1 alpha=1 delta_u_norm=0.0982204
[SQP SUPPORT] iter=9 support_size=0 support_limit=-1 support_ok=1
[SQP FINAL] final_violation=0 violated_constraints=0
[SUPPORT FINAL] sqp_union=0 final_active=2 support_limit=-1
[SUPPORT FINAL IDS] 1 37
[SUPPORT UNION IDS]
[COLD START RECOVERY CHECK] ordinary_sqp_failed=0 seed_available=1 incompatible=0 try_homotopy=0
[HARNESS RESULT] step=8 success=1 controls=8 first_input_present=1
[MPC STEP METRICS] step=8 applied=1 success=1 fallback=0 a=-0.0654389 omega=-0.109454 dt=0.1 acceleration_weight=0.1 steering_weight=0.1 control_cost_unweighted=0.0162623 control_cost_weighted=0.00162623 mpc_cost=-16.4247 solve_time=0.0475113 qp_solve_time=0.0311747 constraint_time=0.0101445 dro_risk_time=0.000406721 ambiguity_radius=0.00434895 certificate=not_requested
[EVAL SAFETY] step=9 min_center_distance=1.30893 min_clearance=0.358926 collision_this_step=0 collision_run=0 collision_radius=0.95
[DRO SUMMARY] step=10 obstacle=0 S=40 rho=0.00427766 rho_raw=0.00427766 D_max=0.0115351 D_min=0.00578169 tv_bound=0.739864 eta=0.370839 eta_raw=0.370839 radius_m=10 radius_d=3 transport_cost=0.00427766 budget_usage=1 lambda=1.83659 q_support=2 nominal_risk=0.020493 qstar_risk=0.0284216 risk_lift=0.00792862 tv=0.437005
[DRO MODE] step=10 obstacle=0 mode=constant_velocity p=0.217391 risk=0.0187027 q=0.0847345 delta_q=-0.132657 q_times_S=3.38938
[DRO MODE] step=10 obstacle=0 mode=turn_left p=0.304348 risk=0.00789853 q=0 delta_q=-0.304348 q_times_S=0
[DRO MODE] step=10 obstacle=0 mode=turn_right p=0.478261 risk=0.0293213 q=0.915265 delta_q=0.437005 q_times_S=36.6106
[DRO SAMPLE] step=10 obstacle=0 mode=constant_velocity q=0.0847345 q_times_S=3.38938 first_count=1 first_fraction=0.025 occupancy=8 occupancy_fraction=0.025
[DRO SAMPLE] step=10 obstacle=0 mode=turn_left q=0 q_times_S=0 first_count=0 first_fraction=0 occupancy=0 occupancy_fraction=0
[DRO SAMPLE] step=10 obstacle=0 mode=turn_right q=0.915265 q_times_S=36.6106 first_count=39 first_fraction=0.975 occupancy=312 occupancy_fraction=0.975
[RF BACKUP] available=1 controls=8 states=9
[FREE POLY] k=1 disc=0 raw=40 facets=3 vertices=6 rho=4.8 anchor_shift=0
[FREE POLY] k=1 disc=1 raw=40 facets=0 vertices=4 rho=0.800001 anchor_shift=0
[FREE POLY] k=1 disc=2 raw=40 facets=5 vertices=8 rho=4.8 anchor_shift=0
[FREE POLY] k=2 disc=0 raw=40 facets=3 vertices=6 rho=5.6 anchor_shift=0
[FREE POLY] k=2 disc=1 raw=40 facets=0 vertices=4 rho=1.6 anchor_shift=0
[FREE POLY] k=2 disc=2 raw=40 facets=3 vertices=6 rho=5.6 anchor_shift=0
[FREE POLY] k=3 disc=0 raw=40 facets=3 vertices=6 rho=6.4 anchor_shift=0
[FREE POLY] k=3 disc=1 raw=40 facets=2 vertices=5 rho=2.4 anchor_shift=0
[FREE POLY] k=3 disc=2 raw=40 facets=4 vertices=7 rho=6.4 anchor_shift=0
[FREE POLY] k=4 disc=0 raw=40 facets=3 vertices=6 rho=7.2 anchor_shift=0
[FREE POLY] k=4 disc=1 raw=40 facets=2 vertices=5 rho=3.2 anchor_shift=0
[FREE POLY] k=4 disc=2 raw=40 facets=4 vertices=7 rho=7.2 anchor_shift=0
[FREE POLY] k=5 disc=0 raw=40 facets=3 vertices=6 rho=8 anchor_shift=0
[FREE POLY] k=5 disc=1 raw=40 facets=2 vertices=5 rho=4 anchor_shift=0
[FREE POLY] k=5 disc=2 raw=40 facets=6 vertices=9 rho=8 anchor_shift=0
[FREE POLY] k=6 disc=0 raw=40 facets=3 vertices=6 rho=8.8 anchor_shift=0
[FREE POLY] k=6 disc=1 raw=40 facets=2 vertices=5 rho=4.8 anchor_shift=0
[FREE POLY] k=6 disc=2 raw=40 facets=5 vertices=8 rho=8.8 anchor_shift=0
[FREE POLY] k=7 disc=0 raw=40 facets=3 vertices=6 rho=9.6 anchor_shift=0
[FREE POLY] k=7 disc=1 raw=40 facets=4 vertices=7 rho=5.6 anchor_shift=0
[FREE POLY] k=7 disc=2 raw=40 facets=4 vertices=7 rho=9.6 anchor_shift=0
[FREE POLY] k=8 disc=0 raw=40 facets=4 vertices=7 rho=10.4 anchor_shift=0
[FREE POLY] k=8 disc=1 raw=40 facets=5 vertices=8 rho=6.4 anchor_shift=0
[FREE POLY] k=8 disc=2 raw=40 facets=4 vertices=7 rho=10.4 anchor_shift=0
[RF SUPPORT SEED] removed=0 support_limit=-1
[SQP] before_solve iter=0 vars=16 constraints=109 max_d=-0.0168753
[QP WORST] iter=0 row=40 type=collision d=-0.0168753
[QP WORST COLLISION] scenario=35 k=5 obstacle=0 disc=2
[SQP] after_solve iter=0 converged=1 status=0 iterations=5 primal_residual=4.30211e-16 dual_residual=7.76145e-05 x_size=16 x_finite=1
[SQP LINESEARCH] iter=0 current_violation=0 accepted_violation=0 accepted=1 alpha=0.5 delta_u_norm=0.305808
[SQP SUPPORT] iter=0 support_size=0 support_limit=-1 support_ok=1
[SQP] before_solve iter=1 vars=16 constraints=109 max_d=-0.00853535
[QP WORST] iter=1 row=40 type=collision d=-0.00853535
[QP WORST COLLISION] scenario=35 k=5 obstacle=0 disc=2
[SQP] after_solve iter=1 converged=1 status=0 iterations=5 primal_residual=3.55618e-16 dual_residual=8.36283e-05 x_size=16 x_finite=1
[SQP LINESEARCH] iter=1 current_violation=0 accepted_violation=0 accepted=1 alpha=1 delta_u_norm=0.21471
[SQP SUPPORT] iter=1 support_size=0 support_limit=-1 support_ok=1
[SQP] before_solve iter=2 vars=16 constraints=109 max_d=-1.70765e-05
[QP WORST] iter=2 row=51 type=collision d=-1.70765e-05
[QP WORST COLLISION] scenario=35 k=6 obstacle=0 disc=2
[SQP] after_solve iter=2 converged=1 status=0 iterations=5 primal_residual=6.31692e-08 dual_residual=8.09849e-05 x_size=16 x_finite=1
[SQP LINESEARCH] iter=2 current_violation=0 accepted_violation=0 accepted=1 alpha=1 delta_u_norm=0.150889
[SQP SUPPORT] iter=2 support_size=0 support_limit=-1 support_ok=1
[SQP] before_solve iter=3 vars=16 constraints=109 max_d=-2.69715e-07
[QP WORST] iter=3 row=51 type=collision d=-2.69715e-07
[QP WORST COLLISION] scenario=35 k=6 obstacle=0 disc=2
[SQP] after_solve iter=3 converged=1 status=0 iterations=5 primal_residual=1.41685e-07 dual_residual=8.21482e-05 x_size=16 x_finite=1
[SQP LINESEARCH] iter=3 current_violation=0 accepted_violation=0 accepted=1 alpha=1 delta_u_norm=0.137433
[SQP SUPPORT] iter=3 support_size=0 support_limit=-1 support_ok=1
[SQP] before_solve iter=4 vars=16 constraints=109 max_d=-5.03241e-07
[QP WORST] iter=4 row=51 type=collision d=-5.03241e-07
[QP WORST COLLISION] scenario=35 k=6 obstacle=0 disc=2
[SQP] after_solve iter=4 converged=1 status=0 iterations=5 primal_residual=1.92034e-07 dual_residual=9.15055e-05 x_size=16 x_finite=1
[SQP LINESEARCH] iter=4 current_violation=0 accepted_violation=0 accepted=1 alpha=1 delta_u_norm=0.127822
[SQP SUPPORT] iter=4 support_size=0 support_limit=-1 support_ok=1
[SQP] before_solve iter=5 vars=16 constraints=109 max_d=-5.83881e-07
[QP WORST] iter=5 row=51 type=collision d=-5.83881e-07
[QP WORST COLLISION] scenario=35 k=6 obstacle=0 disc=2
[SQP] after_solve iter=5 converged=1 status=0 iterations=6 primal_residual=4.22405e-16 dual_residual=3.02673e-06 x_size=16 x_finite=1
[SQP LINESEARCH] iter=5 current_violation=0 accepted_violation=0 accepted=1 alpha=1 delta_u_norm=0.120066
[SQP SUPPORT] iter=5 support_size=0 support_limit=-1 support_ok=1
[SQP] before_solve iter=6 vars=16 constraints=109 max_d=-1.31764e-06
[QP WORST] iter=6 row=21 type=collision d=-1.31764e-06
[QP WORST COLLISION] scenario=35 k=3 obstacle=0 disc=2
[SQP] after_solve iter=6 converged=1 status=0 iterations=6 primal_residual=4.05166e-16 dual_residual=2.13981e-06 x_size=16 x_finite=1
[SQP LINESEARCH] iter=6 current_violation=0 accepted_violation=0 accepted=1 alpha=1 delta_u_norm=0.112346
[SQP SUPPORT] iter=6 support_size=0 support_limit=-1 support_ok=1
[SQP] before_solve iter=7 vars=16 constraints=109 max_d=-1.07111e-06
[QP WORST] iter=7 row=21 type=collision d=-1.07111e-06
[QP WORST COLLISION] scenario=35 k=3 obstacle=0 disc=2
[SQP] after_solve iter=7 converged=1 status=0 iterations=6 primal_residual=4.27376e-16 dual_residual=2.13306e-06 x_size=16 x_finite=1
[SQP LINESEARCH] iter=7 current_violation=0 accepted_violation=0 accepted=1 alpha=1 delta_u_norm=0.105924
[SQP SUPPORT] iter=7 support_size=0 support_limit=-1 support_ok=1
[SQP] before_solve iter=8 vars=16 constraints=109 max_d=-1.01945e-06
[QP WORST] iter=8 row=21 type=collision d=-1.01945e-06
[QP WORST COLLISION] scenario=35 k=3 obstacle=0 disc=2
[SQP] after_solve iter=8 converged=1 status=0 iterations=6 primal_residual=4.14599e-16 dual_residual=2.13576e-06 x_size=16 x_finite=1
[SQP LINESEARCH] iter=8 current_violation=0 accepted_violation=0 accepted=1 alpha=1 delta_u_norm=0.100071
[SQP SUPPORT] iter=8 support_size=0 support_limit=-1 support_ok=1
[SQP] before_solve iter=9 vars=16 constraints=109 max_d=-9.83061e-07
[QP WORST] iter=9 row=21 type=collision d=-9.83061e-07
[QP WORST COLLISION] scenario=35 k=3 obstacle=0 disc=2
[SQP] after_solve iter=9 converged=1 status=0 iterations=6 primal_residual=4.41568e-16 dual_residual=2.13762e-06 x_size=16 x_finite=1
[SQP LINESEARCH] iter=9 current_violation=0 accepted_violation=0 accepted=1 alpha=1 delta_u_norm=0.0946941
[SQP SUPPORT] iter=9 support_size=0 support_limit=-1 support_ok=1
[SQP FINAL] final_violation=0 violated_constraints=0
[SUPPORT FINAL] sqp_union=0 final_active=2 support_limit=-1
[SUPPORT FINAL IDS] 7 35
[SUPPORT UNION IDS]
[COLD START RECOVERY CHECK] ordinary_sqp_failed=0 seed_available=1 incompatible=0 try_homotopy=0
[HARNESS RESULT] step=9 success=1 controls=8 first_input_present=1
[MPC STEP METRICS] step=9 applied=1 success=1 fallback=0 a=-0.0404979 omega=-0.660728 dt=0.1 acceleration_weight=0.1 steering_weight=0.1 control_cost_unweighted=0.438202 control_cost_weighted=0.0438202 mpc_cost=-16.1917 solve_time=0.0392159 qp_solve_time=0.0260235 constraint_time=0.00708354 dro_risk_time=0.00040029 ambiguity_radius=0.00427766 certificate=not_requested
[EVAL SAFETY] step=10 min_center_distance=1.13962 min_clearance=0.189615 collision_this_step=0 collision_run=0 collision_radius=0.95
[DRO SUMMARY] step=11 obstacle=0 S=40 rho=0.00416716 rho_raw=0.00416716 D_max=0.0115351 D_min=0.00578169 tv_bound=0.720751 eta=0.361259 eta_raw=0.361259 radius_m=11 radius_d=3 transport_cost=0.00416716 budget_usage=1 lambda=1.79946 q_support=2 nominal_risk=0.0279035 qstar_risk=0.0355681 risk_lift=0.00766464 tv=0.442121
[DRO MODE] step=11 obstacle=0 mode=constant_velocity p=0.2 risk=0.0255583 q=0.0378794 delta_q=-0.162121 q_times_S=1.51518
[DRO MODE] step=11 obstacle=0 mode=turn_left p=0.28 risk=0.0146124 q=0 delta_q=-0.28 q_times_S=0
[DRO MODE] step=11 obstacle=0 mode=turn_right p=0.52 risk=0.0359622 q=0.962121 delta_q=0.442121 q_times_S=38.4848
[DRO SAMPLE] step=11 obstacle=0 mode=constant_velocity q=0.0378794 q_times_S=1.51518 first_count=2 first_fraction=0.05 occupancy=16 occupancy_fraction=0.05
[DRO SAMPLE] step=11 obstacle=0 mode=turn_left q=0 q_times_S=0 first_count=0 first_fraction=0 occupancy=0 occupancy_fraction=0
[DRO SAMPLE] step=11 obstacle=0 mode=turn_right q=0.962121 q_times_S=38.4848 first_count=38 first_fraction=0.95 occupancy=304 occupancy_fraction=0.95
[RF BACKUP] available=1 controls=8 states=9
[FREE POLY] k=1 disc=0 raw=40 facets=3 vertices=6 rho=4.8 anchor_shift=0
[FREE POLY] k=1 disc=1 raw=40 facets=0 vertices=4 rho=0.800001 anchor_shift=0
[FREE POLY] k=1 disc=2 raw=40 facets=6 vertices=9 rho=4.8 anchor_shift=0
[FREE POLY] k=2 disc=0 raw=40 facets=6 vertices=9 rho=5.6 anchor_shift=0
[FREE POLY] k=2 disc=1 raw=40 facets=0 vertices=4 rho=1.6 anchor_shift=0
[FREE POLY] k=2 disc=2 raw=40 facets=7 vertices=10 rho=5.6 anchor_shift=0
[FREE POLY] k=3 disc=0 raw=40 facets=3 vertices=6 rho=6.4 anchor_shift=0
[FREE POLY] k=3 disc=1 raw=40 facets=3 vertices=6 rho=2.4 anchor_shift=0
[FREE POLY] k=3 disc=2 raw=40 facets=5 vertices=8 rho=6.4 anchor_shift=0
[FREE POLY] k=4 disc=0 raw=40 facets=2 vertices=5 rho=7.2 anchor_shift=0
[FREE POLY] k=4 disc=1 raw=40 facets=4 vertices=7 rho=3.2 anchor_shift=0
[FREE POLY] k=4 disc=2 raw=40 facets=6 vertices=9 rho=7.2 anchor_shift=0
[FREE POLY] k=5 disc=0 raw=40 facets=2 vertices=5 rho=8 anchor_shift=0
[FREE POLY] k=5 disc=1 raw=40 facets=3 vertices=6 rho=4 anchor_shift=0
[FREE POLY] k=5 disc=2 raw=40 facets=3 vertices=6 rho=8 anchor_shift=0
[FREE POLY] k=6 disc=0 raw=40 facets=3 vertices=6 rho=8.8 anchor_shift=0
[FREE POLY] k=6 disc=1 raw=40 facets=3 vertices=6 rho=4.8 anchor_shift=0
[FREE POLY] k=6 disc=2 raw=40 facets=4 vertices=7 rho=8.8 anchor_shift=0
[FREE POLY] k=7 disc=0 raw=40 facets=4 vertices=7 rho=9.6 anchor_shift=0
[FREE POLY] k=7 disc=1 raw=40 facets=4 vertices=7 rho=5.6 anchor_shift=0
[FREE POLY] k=7 disc=2 raw=40 facets=4 vertices=7 rho=9.6 anchor_shift=0
[FREE POLY] k=8 disc=0 raw=40 facets=4 vertices=7 rho=10.4 anchor_shift=0
[FREE POLY] k=8 disc=1 raw=40 facets=4 vertices=7 rho=6.4 anchor_shift=0
[FREE POLY] k=8 disc=2 raw=40 facets=4 vertices=7 rho=10.4 anchor_shift=0
[RF SUPPORT SEED] removed=0 support_limit=-1
[SQP] before_solve iter=0 vars=16 constraints=119 max_d=-0.00872661
[QP WORST] iter=0 row=73 type=collision d=-0.00872661
[QP WORST COLLISION] scenario=37 k=7 obstacle=0 disc=2
[SQP] after_solve iter=0 converged=1 status=0 iterations=7 primal_residual=7.98304e-08 dual_residual=4.31603e-05 x_size=16 x_finite=1
[SQP LINESEARCH] iter=0 current_violation=0 accepted_violation=0 accepted=1 alpha=0.5 delta_u_norm=0.397338
[SQP SUPPORT] iter=0 support_size=0 support_limit=-1 support_ok=1
[SQP] before_solve iter=1 vars=16 constraints=119 max_d=-0.00436053
[QP WORST] iter=1 row=73 type=collision d=-0.00436053
[QP WORST COLLISION] scenario=37 k=7 obstacle=0 disc=2
[SQP] after_solve iter=1 converged=1 status=0 iterations=7 primal_residual=7.11645e-08 dual_residual=4.36486e-05 x_size=16 x_finite=1
[SQP LINESEARCH] iter=1 current_violation=0 accepted_violation=0 accepted=1 alpha=0.5 delta_u_norm=0.249985
[SQP SUPPORT] iter=1 support_size=0 support_limit=-1 support_ok=1
[SQP] before_solve iter=2 vars=16 constraints=119 max_d=-0.00219746
[QP WORST] iter=2 row=73 type=collision d=-0.00219746
[QP WORST COLLISION] scenario=37 k=7 obstacle=0 disc=2
[SQP] after_solve iter=2 converged=1 status=0 iterations=7 primal_residual=9.6277e-08 dual_residual=6.29638e-05 x_size=16 x_finite=1
[SQP LINESEARCH] iter=2 current_violation=0 accepted_violation=0 accepted=1 alpha=1 delta_u_norm=0.187069
[SQP SUPPORT] iter=2 support_size=0 support_limit=-1 support_ok=1
[SQP] before_solve iter=3 vars=16 constraints=119 max_d=-9.97951e-06
[QP WORST] iter=3 row=19 type=collision d=-9.97951e-06
[QP WORST COLLISION] scenario=25 k=2 obstacle=0 disc=2
[SQP] after_solve iter=3 converged=1 status=0 iterations=7 primal_residual=1.42027e-07 dual_residual=9.46222e-05 x_size=16 x_finite=1
[SQP LINESEARCH] iter=3 current_violation=0 accepted_violation=0 accepted=1 alpha=1 delta_u_norm=0.144994
[SQP SUPPORT] iter=3 support_size=0 support_limit=-1 support_ok=1
[SQP] before_solve iter=4 vars=16 constraints=119 max_d=-5.29807e-07
[QP WORST] iter=4 row=19 type=collision d=-5.29807e-07
[QP WORST COLLISION] scenario=25 k=2 obstacle=0 disc=2
[SQP] after_solve iter=4 converged=1 status=0 iterations=7 primal_residual=1.49506e-07 dual_residual=9.96269e-05 x_size=16 x_finite=1
[SQP LINESEARCH] iter=4 current_violation=0 accepted_violation=0 accepted=1 alpha=1 delta_u_norm=0.133752
[SQP SUPPORT] iter=4 support_size=0 support_limit=-1 support_ok=1
[SQP] before_solve iter=5 vars=16 constraints=119 max_d=-5.48181e-07
[QP WORST] iter=5 row=19 type=collision d=-5.48181e-07
[QP WORST COLLISION] scenario=25 k=2 obstacle=0 disc=2
[SQP] after_solve iter=5 converged=1 status=0 iterations=8 primal_residual=4.4062e-16 dual_residual=3.72589e-06 x_size=16 x_finite=1
[SQP LINESEARCH] iter=5 current_violation=0 accepted_violation=0 accepted=1 alpha=1 delta_u_norm=0.124954
[SQP SUPPORT] iter=5 support_size=0 support_limit=-1 support_ok=1
[SQP] before_solve iter=6 vars=16 constraints=119 max_d=-6.49478e-06
[QP WORST] iter=6 row=85 type=collision d=-6.49478e-06
[QP WORST COLLISION] scenario=37 k=8 obstacle=0 disc=2
[SQP] after_solve iter=6 converged=1 status=0 iterations=8 primal_residual=3.46945e-16 dual_residual=3.74175e-06 x_size=16 x_finite=1
[SQP LINESEARCH] iter=6 current_violation=0 accepted_violation=0 accepted=1 alpha=1 delta_u_norm=0.117397
[SQP SUPPORT] iter=6 support_size=0 support_limit=-1 support_ok=1
[SQP] before_solve iter=7 vars=16 constraints=119 max_d=-6.48437e-06
[QP WORST] iter=7 row=85 type=collision d=-6.48437e-06
[QP WORST COLLISION] scenario=37 k=8 obstacle=0 disc=2
[SQP] after_solve iter=7 converged=1 status=0 iterations=8 primal_residual=4.02456e-16 dual_residual=3.74298e-06 x_size=16 x_finite=1
[SQP LINESEARCH] iter=7 current_violation=0 accepted_violation=0 accepted=1 alpha=1 delta_u_norm=0.110669
[SQP SUPPORT] iter=7 support_size=0 support_limit=-1 support_ok=1
[SQP] before_solve iter=8 vars=16 constraints=119 max_d=-6.46889e-06
[QP WORST] iter=8 row=85 type=collision d=-6.46889e-06
[QP WORST COLLISION] scenario=37 k=8 obstacle=0 disc=2
[SQP] after_solve iter=8 converged=1 status=0 iterations=8 primal_residual=4.23273e-16 dual_residual=3.74435e-06 x_size=16 x_finite=1
[SQP LINESEARCH] iter=8 current_violation=0 accepted_violation=0 accepted=1 alpha=1 delta_u_norm=0.104576
[SQP SUPPORT] iter=8 support_size=0 support_limit=-1 support_ok=1
[SQP] before_solve iter=9 vars=16 constraints=119 max_d=-6.46101e-06
[QP WORST] iter=9 row=85 type=collision d=-6.46101e-06
[QP WORST COLLISION] scenario=37 k=8 obstacle=0 disc=2
[SQP] after_solve iter=9 converged=1 status=0 iterations=8 primal_residual=3.22875e-16 dual_residual=3.74632e-06 x_size=16 x_finite=1
[SQP LINESEARCH] iter=9 current_violation=0 accepted_violation=0 accepted=1 alpha=1 delta_u_norm=0.0989954
[SQP SUPPORT] iter=9 support_size=0 support_limit=-1 support_ok=1
[SQP FINAL] final_violation=0 violated_constraints=0
[SUPPORT FINAL] sqp_union=0 final_active=5 support_limit=-1
[SUPPORT FINAL IDS] 15 19 22 25 37
[SUPPORT UNION IDS]
[COLD START RECOVERY CHECK] ordinary_sqp_failed=0 seed_available=1 incompatible=0 try_homotopy=0
[HARNESS RESULT] step=10 success=1 controls=8 first_input_present=1
[MPC STEP METRICS] step=10 applied=1 success=1 fallback=0 a=-0.0409856 omega=-0.654375 dt=0.1 acceleration_weight=0.1 steering_weight=0.1 control_cost_unweighted=0.429887 control_cost_weighted=0.0429887 mpc_cost=-16.0234 solve_time=0.0432289 qp_solve_time=0.029537 constraint_time=0.00739512 dro_risk_time=0.000424324 ambiguity_radius=0.00416716 certificate=not_requested
[EVAL SAFETY] step=11 min_center_distance=1.00998 min_clearance=0.0599756 collision_this_step=0 collision_run=0 collision_radius=0.95
[DRO SUMMARY] step=12 obstacle=0 S=40 rho=0.0039554 rho_raw=0.0039554 D_max=0.0115351 D_min=0.00578169 tv_bound=0.684126 eta=0.342902 eta_raw=0.342902 radius_m=12 radius_d=3 transport_cost=0.0039554 budget_usage=1 lambda=1.23389 q_support=2 nominal_risk=0.00932455 qstar_risk=0.0146739 risk_lift=0.00534933 tv=0.435267
[DRO MODE] step=12 obstacle=0 mode=constant_velocity p=0.185185 risk=0.00619339 q=0 delta_q=-0.185185 q_times_S=0
[DRO MODE] step=12 obstacle=0 mode=turn_left p=0.333333 risk=0.00162571 q=0.0832512 delta_q=-0.250082 q_times_S=3.33005
[DRO MODE] step=12 obstacle=0 mode=turn_right p=0.481481 risk=0.0158588 q=0.916749 delta_q=0.435267 q_times_S=36.67
[DRO SAMPLE] step=12 obstacle=0 mode=constant_velocity q=0 q_times_S=0 first_count=0 first_fraction=0 occupancy=0 occupancy_fraction=0
[DRO SAMPLE] step=12 obstacle=0 mode=turn_left q=0.0832512 q_times_S=3.33005 first_count=5 first_fraction=0.125 occupancy=40 occupancy_fraction=0.125
[DRO SAMPLE] step=12 obstacle=0 mode=turn_right q=0.916749 q_times_S=36.67 first_count=35 first_fraction=0.875 occupancy=280 occupancy_fraction=0.875
[RF BACKUP] available=1 controls=8 states=9
[FREE POLY] k=1 disc=0 raw=40 facets=2 vertices=5 rho=4.8 anchor_shift=0
[FREE POLY] k=1 disc=1 raw=40 facets=0 vertices=4 rho=0.800001 anchor_shift=0
[FREE POLY] k=1 disc=2 raw=40 facets=3 vertices=6 rho=4.8 anchor_shift=0
[FREE POLY] k=2 disc=0 raw=40 facets=2 vertices=5 rho=5.6 anchor_shift=0
[FREE POLY] k=2 disc=1 raw=40 facets=1 vertices=5 rho=1.6 anchor_shift=0
[FREE POLY] k=2 disc=2 raw=40 facets=3 vertices=6 rho=5.6 anchor_shift=0
[FREE POLY] k=3 disc=0 raw=40 facets=4 vertices=7 rho=6.4 anchor_shift=0
[FREE POLY] k=3 disc=1 raw=40 facets=3 vertices=6 rho=2.4 anchor_shift=0
[FREE POLY] k=3 disc=2 raw=40 facets=4 vertices=7 rho=6.4 anchor_shift=0
[FREE POLY] k=4 disc=0 raw=40 facets=4 vertices=7 rho=7.2 anchor_shift=0
[FREE POLY] k=4 disc=1 raw=40 facets=4 vertices=7 rho=3.2 anchor_shift=0
[FREE POLY] k=4 disc=2 raw=40 facets=3 vertices=6 rho=7.2 anchor_shift=0
[FREE POLY] k=5 disc=0 raw=40 facets=5 vertices=8 rho=8 anchor_shift=0
[FREE POLY] k=5 disc=1 raw=40 facets=3 vertices=6 rho=4 anchor_shift=0
[FREE POLY] k=5 disc=2 raw=40 facets=4 vertices=7 rho=8 anchor_shift=0
[FREE POLY] k=6 disc=0 raw=40 facets=5 vertices=8 rho=8.8 anchor_shift=0
[FREE POLY] k=6 disc=1 raw=40 facets=4 vertices=7 rho=4.8 anchor_shift=0
[FREE POLY] k=6 disc=2 raw=40 facets=4 vertices=7 rho=8.8 anchor_shift=0
[FREE POLY] k=7 disc=0 raw=40 facets=5 vertices=8 rho=9.6 anchor_shift=0
[FREE POLY] k=7 disc=1 raw=40 facets=4 vertices=7 rho=5.6 anchor_shift=0
[FREE POLY] k=7 disc=2 raw=40 facets=6 vertices=9 rho=9.6 anchor_shift=0
[FREE POLY] k=8 disc=0 raw=40 facets=6 vertices=9 rho=10.4 anchor_shift=0
[FREE POLY] k=8 disc=1 raw=40 facets=5 vertices=8 rho=6.4 anchor_shift=0
[FREE POLY] k=8 disc=2 raw=40 facets=7 vertices=10 rho=10.4 anchor_shift=0
[RF SUPPORT SEED] removed=0 support_limit=-1
[SQP] before_solve iter=0 vars=16 constraints=123 max_d=0.0578496
[QP WORST] iter=0 row=70 type=collision d=0.0578496
[QP WORST COLLISION] scenario=22 k=7 obstacle=0 disc=2
[SQP] after_solve iter=0 converged=1 status=0 iterations=6 primal_residual=2.26867e-07 dual_residual=9.30305e-05 x_size=16 x_finite=1
[SQP LINESEARCH] iter=0 current_violation=0.0578496 accepted_violation=0.000284277 accepted=1 alpha=1 delta_u_norm=0.413246
[SQP SUPPORT] iter=0 support_size=0 support_limit=-1 support_ok=1
[SQP] before_solve iter=1 vars=16 constraints=123 max_d=0.000284277
[QP WORST] iter=1 row=70 type=collision d=0.000284277
[QP WORST COLLISION] scenario=22 k=7 obstacle=0 disc=2
[SQP] after_solve iter=1 converged=1 status=0 iterations=6 primal_residual=4.19803e-16 dual_residual=2.67606e-06 x_size=16 x_finite=1
[SQP LINESEARCH] iter=1 current_violation=0.000284277 accepted_violation=1.30394e-07 accepted=1 alpha=1 delta_u_norm=0.161006
[SQP SUPPORT] iter=1 support_size=0 support_limit=-1 support_ok=1
[SQP] before_solve iter=2 vars=16 constraints=123 max_d=1.30394e-07
[QP WORST] iter=2 row=89 type=collision d=1.30394e-07
[QP WORST COLLISION] scenario=22 k=8 obstacle=0 disc=2
[SQP] after_solve iter=2 converged=1 status=0 iterations=6 primal_residual=4.02456e-16 dual_residual=2.76776e-06 x_size=16 x_finite=1
[SQP LINESEARCH] iter=2 current_violation=1.30394e-07 accepted_violation=0 accepted=1 alpha=1 delta_u_norm=0.145013
[SQP SUPPORT] iter=2 support_size=0 support_limit=-1 support_ok=1
[SQP] before_solve iter=3 vars=16 constraints=123 max_d=-3.97767e-06
[QP WORST] iter=3 row=89 type=collision d=-3.97767e-06
[QP WORST COLLISION] scenario=22 k=8 obstacle=0 disc=2
[SQP] after_solve iter=3 converged=1 status=0 iterations=6 primal_residual=4.3715e-16 dual_residual=2.83895e-06 x_size=16 x_finite=1
[SQP LINESEARCH] iter=3 current_violation=0 accepted_violation=0 accepted=1 alpha=1 delta_u_norm=0.135014
[SQP SUPPORT] iter=3 support_size=0 support_limit=-1 support_ok=1
[SQP] before_solve iter=4 vars=16 constraints=123 max_d=-4.18284e-06
[QP WORST] iter=4 row=89 type=collision d=-4.18284e-06
[QP WORST COLLISION] scenario=22 k=8 obstacle=0 disc=2
[SQP] after_solve iter=4 converged=1 status=0 iterations=6 primal_residual=3.59088e-16 dual_residual=2.89321e-06 x_size=16 x_finite=1
[SQP LINESEARCH] iter=4 current_violation=0 accepted_violation=0 accepted=1 alpha=1 delta_u_norm=0.12659
[SQP SUPPORT] iter=4 support_size=0 support_limit=-1 support_ok=1
[SQP] before_solve iter=5 vars=16 constraints=123 max_d=-4.14978e-06
[QP WORST] iter=5 row=89 type=collision d=-4.14978e-06
[QP WORST COLLISION] scenario=22 k=8 obstacle=0 disc=2
[SQP] after_solve iter=5 converged=1 status=0 iterations=6 primal_residual=4.01805e-16 dual_residual=2.94242e-06 x_size=16 x_finite=1
[SQP LINESEARCH] iter=5 current_violation=0 accepted_violation=0 accepted=1 alpha=1 delta_u_norm=0.119106
[SQP SUPPORT] iter=5 support_size=0 support_limit=-1 support_ok=1
[SQP] before_solve iter=6 vars=16 constraints=123 max_d=-4.22497e-06
[QP WORST] iter=6 row=89 type=collision d=-4.22497e-06
[QP WORST COLLISION] scenario=22 k=8 obstacle=0 disc=2
[SQP] after_solve iter=6 converged=1 status=0 iterations=6 primal_residual=3.67761e-16 dual_residual=2.97963e-06 x_size=16 x_finite=1
[SQP LINESEARCH] iter=6 current_violation=0 accepted_violation=0 accepted=1 alpha=1 delta_u_norm=0.112339
[SQP SUPPORT] iter=6 support_size=0 support_limit=-1 support_ok=1
[SQP] before_solve iter=7 vars=16 constraints=123 max_d=-4.27053e-06
[QP WORST] iter=7 row=89 type=collision d=-4.27053e-06
[QP WORST COLLISION] scenario=22 k=8 obstacle=0 disc=2
[SQP] after_solve iter=7 converged=1 status=0 iterations=6 primal_residual=4.11129e-16 dual_residual=3.00789e-06 x_size=16 x_finite=1
[SQP LINESEARCH] iter=7 current_violation=0 accepted_violation=0 accepted=1 alpha=1 delta_u_norm=0.106153
[SQP SUPPORT] iter=7 support_size=0 support_limit=-1 support_ok=1
[SQP] before_solve iter=8 vars=16 constraints=123 max_d=-4.29472e-06
[QP WORST] iter=8 row=89 type=collision d=-4.29472e-06
[QP WORST COLLISION] scenario=22 k=8 obstacle=0 disc=2
[SQP] after_solve iter=8 converged=1 status=0 iterations=6 primal_residual=4.0289e-16 dual_residual=3.029e-06 x_size=16 x_finite=1
[SQP LINESEARCH] iter=8 current_violation=0 accepted_violation=0 accepted=1 alpha=1 delta_u_norm=0.100455
[SQP SUPPORT] iter=8 support_size=0 support_limit=-1 support_ok=1
[SQP] before_solve iter=9 vars=16 constraints=123 max_d=-4.30281e-06
[QP WORST] iter=9 row=89 type=collision d=-4.30281e-06
[QP WORST COLLISION] scenario=22 k=8 obstacle=0 disc=2
[SQP] after_solve iter=9 converged=1 status=0 iterations=6 primal_residual=4.36283e-16 dual_residual=3.04972e-06 x_size=16 x_finite=1
[SQP LINESEARCH] iter=9 current_violation=0 accepted_violation=0 accepted=1 alpha=1 delta_u_norm=0.0951778
[SQP SUPPORT] iter=9 support_size=0 support_limit=-1 support_ok=1
[SQP FINAL] final_violation=0 violated_constraints=0
[SUPPORT FINAL] sqp_union=0 final_active=4 support_limit=-1
[SUPPORT FINAL IDS] 2 10 22 39
[SUPPORT UNION IDS]
[COLD START RECOVERY CHECK] ordinary_sqp_failed=0 seed_available=1 incompatible=0 try_homotopy=0
[HARNESS RESULT] step=11 success=1 controls=8 first_input_present=1
[MPC STEP METRICS] step=11 applied=1 success=1 fallback=0 a=0.058176 omega=-0.771357 dt=0.1 acceleration_weight=0.1 steering_weight=0.1 control_cost_unweighted=0.598376 control_cost_weighted=0.0598376 mpc_cost=-15.6963 solve_time=0.0563669 qp_solve_time=0.036758 constraint_time=0.0105794 dro_risk_time=0.000613348 ambiguity_radius=0.0039554 certificate=not_requested
[EVAL SAFETY] step=12 min_center_distance=0.955423 min_clearance=0.0054225 collision_this_step=0 collision_run=0 collision_radius=0.95
[DRO SUMMARY] step=13 obstacle=0 S=40 rho=0.00386489 rho_raw=0.00386489 D_max=0.0115351 D_min=0.00578169 tv_bound=0.668471 eta=0.335055 eta_raw=0.335055 radius_m=13 radius_d=3 transport_cost=0.00386489 budget_usage=1 lambda=0.0163661 q_support=2 nominal_risk=9.76473e-05 qstar_risk=0.000177135 risk_lift=7.94879e-05 tv=0.421051
[DRO MODE] step=13 obstacle=0 mode=constant_velocity p=0.172414 risk=0 q=0 delta_q=-0.172414 q_times_S=0
[DRO MODE] step=13 obstacle=0 mode=turn_left p=0.310345 risk=0 q=0.0617079 delta_q=-0.248637 q_times_S=2.46832
[DRO MODE] step=13 obstacle=0 mode=turn_right p=0.517241 risk=0.000188785 q=0.938292 delta_q=0.421051 q_times_S=37.5317
[DRO SAMPLE] step=13 obstacle=0 mode=constant_velocity q=0 q_times_S=0 first_count=0 first_fraction=0 occupancy=0 occupancy_fraction=0
[DRO SAMPLE] step=13 obstacle=0 mode=turn_left q=0.0617079 q_times_S=2.46832 first_count=4 first_fraction=0.1 occupancy=32 occupancy_fraction=0.1
[DRO SAMPLE] step=13 obstacle=0 mode=turn_right q=0.938292 q_times_S=37.5317 first_count=36 first_fraction=0.9 occupancy=288 occupancy_fraction=0.9
[RF BACKUP] available=1 controls=8 states=9
[FREE POLY] k=1 disc=0 raw=40 facets=3 vertices=6 rho=4.8 anchor_shift=0
[FREE POLY] k=1 disc=1 raw=40 facets=0 vertices=4 rho=0.800001 anchor_shift=0
[FREE POLY] k=1 disc=2 raw=40 facets=2 vertices=5 rho=4.8 anchor_shift=0
[FREE POLY] k=2 disc=0 raw=40 facets=3 vertices=6 rho=5.6 anchor_shift=0
[FREE POLY] k=2 disc=1 raw=40 facets=1 vertices=4 rho=1.6 anchor_shift=0
[FREE POLY] k=2 disc=2 raw=40 facets=3 vertices=6 rho=5.6 anchor_shift=0
[FREE POLY] k=3 disc=0 raw=40 facets=4 vertices=7 rho=6.4 anchor_shift=0
[FREE POLY] k=3 disc=1 raw=40 facets=3 vertices=6 rho=2.4 anchor_shift=0
[FREE POLY] k=3 disc=2 raw=40 facets=4 vertices=7 rho=6.4 anchor_shift=0
[FREE POLY] k=4 disc=0 raw=40 facets=3 vertices=6 rho=7.2 anchor_shift=0
[FREE POLY] k=4 disc=1 raw=40 facets=3 vertices=6 rho=3.2 anchor_shift=0
[FREE POLY] k=4 disc=2 raw=40 facets=6 vertices=9 rho=7.2 anchor_shift=0
[FREE POLY] k=5 disc=0 raw=40 facets=4 vertices=7 rho=8 anchor_shift=0
[FREE POLY] k=5 disc=1 raw=40 facets=5 vertices=8 rho=4 anchor_shift=0
[FREE POLY] k=5 disc=2 raw=40 facets=6 vertices=9 rho=8 anchor_shift=0
[FREE POLY] k=6 disc=0 raw=40 facets=4 vertices=7 rho=8.8 anchor_shift=0
[FREE POLY] k=6 disc=1 raw=40 facets=4 vertices=7 rho=4.8 anchor_shift=0
[FREE POLY] k=6 disc=2 raw=40 facets=5 vertices=8 rho=8.8 anchor_shift=0
[FREE POLY] k=7 disc=0 raw=40 facets=4 vertices=7 rho=9.6 anchor_shift=0
[FREE POLY] k=7 disc=1 raw=40 facets=3 vertices=6 rho=5.6 anchor_shift=0
[FREE POLY] k=7 disc=2 raw=40 facets=5 vertices=8 rho=9.6 anchor_shift=0
[FREE POLY] k=8 disc=0 raw=40 facets=4 vertices=7 rho=10.4 anchor_shift=0
[FREE POLY] k=8 disc=1 raw=40 facets=3 vertices=6 rho=6.4 anchor_shift=0
[FREE POLY] k=8 disc=2 raw=40 facets=5 vertices=8 rho=10.4 anchor_shift=0
[RF SUPPORT SEED] removed=0 support_limit=-1
[SQP] before_solve iter=0 vars=16 constraints=119 max_d=-0.00307311
[QP WORST] iter=0 row=11 type=collision d=-0.00307311
[QP WORST COLLISION] scenario=29 k=2 obstacle=0 disc=2
[SQP] after_solve iter=0 converged=1 status=0 iterations=6 primal_residual=4.02456e-16 dual_residual=5.85693e-07 x_size=16 x_finite=1
[SQP LINESEARCH] iter=0 current_violation=0 accepted_violation=0 accepted=1 alpha=0.5 delta_u_norm=0.572139
[SQP SUPPORT] iter=0 support_size=0 support_limit=-1 support_ok=1
[SQP] before_solve iter=1 vars=16 constraints=119 max_d=-0.00153703
[QP WORST] iter=1 row=11 type=collision d=-0.00153703
[QP WORST COLLISION] scenario=29 k=2 obstacle=0 disc=2
[SQP] after_solve iter=1 converged=1 status=0 iterations=5 primal_residual=1.08333e-07 dual_residual=8.4234e-05 x_size=16 x_finite=1
[SQP LINESEARCH] iter=1 current_violation=0 accepted_violation=0 accepted=1 alpha=0.5 delta_u_norm=0.424039
[SQP SUPPORT] iter=1 support_size=0 support_limit=-1 support_ok=1
[SQP] before_solve iter=2 vars=16 constraints=119 max_d=-0.000804763
[QP WORST] iter=2 row=11 type=collision d=-0.000804763
[QP WORST COLLISION] scenario=29 k=2 obstacle=0 disc=2
[SQP] after_solve iter=2 converged=1 status=0 iterations=5 primal_residual=1.10593e-07 dual_residual=9.2136e-05 x_size=16 x_finite=1
[SQP LINESEARCH] iter=2 current_violation=0 accepted_violation=0 accepted=1 alpha=0.5 delta_u_norm=0.331235
[SQP SUPPORT] iter=2 support_size=0 support_limit=-1 support_ok=1
[SQP] before_solve iter=3 vars=16 constraints=119 max_d=-0.000451173
[QP WORST] iter=3 row=11 type=collision d=-0.000451173
[QP WORST COLLISION] scenario=29 k=2 obstacle=0 disc=2
[SQP] after_solve iter=3 converged=1 status=0 iterations=6 primal_residual=3.89445e-16 dual_residual=2.08109e-07 x_size=16 x_finite=1
[SQP LINESEARCH] iter=3 current_violation=0 accepted_violation=0 accepted=1 alpha=0.5 delta_u_norm=0.219146
[SQP SUPPORT] iter=3 support_size=0 support_limit=-1 support_ok=1
[SQP] before_solve iter=4 vars=16 constraints=119 max_d=-0.000225805
[QP WORST] iter=4 row=11 type=collision d=-0.000225805
[QP WORST COLLISION] scenario=29 k=2 obstacle=0 disc=2
[SQP] after_solve iter=4 converged=1 status=0 iterations=6 primal_residual=3.05311e-16 dual_residual=8.41347e-07 x_size=16 x_finite=1
[SQP LINESEARCH] iter=4 current_violation=0 accepted_violation=0 accepted=1 alpha=0.5 delta_u_norm=0.171219
[SQP SUPPORT] iter=4 support_size=0 support_limit=-1 support_ok=1
[SQP] before_solve iter=5 vars=16 constraints=119 max_d=-0.000113402
[QP WORST] iter=5 row=11 type=collision d=-0.000113402
[QP WORST COLLISION] scenario=29 k=2 obstacle=0 disc=2
[SQP] after_solve iter=5 converged=1 status=0 iterations=6 primal_residual=7.90916e-11 dual_residual=1.22479e-06 x_size=16 x_finite=1
[SQP LINESEARCH] iter=5 current_violation=0 accepted_violation=0 accepted=1 alpha=0.5 delta_u_norm=0.152073
[SQP SUPPORT] iter=5 support_size=0 support_limit=-1 support_ok=1
[SQP] before_solve iter=6 vars=16 constraints=119 max_d=-5.82164e-05
[QP WORST] iter=6 row=11 type=collision d=-5.82164e-05
[QP WORST COLLISION] scenario=29 k=2 obstacle=0 disc=2
[SQP] after_solve iter=6 converged=1 status=0 iterations=6 primal_residual=2.72804e-11 dual_residual=9.00189e-07 x_size=16 x_finite=1
[SQP LINESEARCH] iter=6 current_violation=0 accepted_violation=0 accepted=1 alpha=0.5 delta_u_norm=0.142616
[SQP SUPPORT] iter=6 support_size=0 support_limit=-1 support_ok=1
[SQP] before_solve iter=7 vars=16 constraints=119 max_d=-2.9809e-05
[QP WORST] iter=7 row=11 type=collision d=-2.9809e-05
[QP WORST COLLISION] scenario=29 k=2 obstacle=0 disc=2
[SQP] after_solve iter=7 converged=1 status=0 iterations=6 primal_residual=4.4062e-16 dual_residual=8.0547e-07 x_size=16 x_finite=1
[SQP LINESEARCH] iter=7 current_violation=0 accepted_violation=0 accepted=1 alpha=1 delta_u_norm=0.13644
[SQP SUPPORT] iter=7 support_size=0 support_limit=-1 support_ok=1
[SQP] before_solve iter=8 vars=16 constraints=119 max_d=-5.81401e-07
[QP WORST] iter=8 row=11 type=collision d=-5.81401e-07
[QP WORST COLLISION] scenario=29 k=2 obstacle=0 disc=2
[SQP] after_solve iter=8 converged=1 status=0 iterations=6 primal_residual=3.60348e-16 dual_residual=8.37094e-07 x_size=16 x_finite=1
[SQP LINESEARCH] iter=8 current_violation=0 accepted_violation=0 accepted=1 alpha=1 delta_u_norm=0.126955
[SQP SUPPORT] iter=8 support_size=0 support_limit=-1 support_ok=1
[SQP] before_solve iter=9 vars=16 constraints=119 max_d=-6.40881e-07
[QP WORST] iter=9 row=11 type=collision d=-6.40881e-07
[QP WORST COLLISION] scenario=29 k=2 obstacle=0 disc=2
[SQP] after_solve iter=9 converged=1 status=0 iterations=6 primal_residual=4.3715e-16 dual_residual=8.42853e-07 x_size=16 x_finite=1
[SQP LINESEARCH] iter=9 current_violation=0 accepted_violation=0 accepted=1 alpha=1 delta_u_norm=0.11926
[SQP SUPPORT] iter=9 support_size=0 support_limit=-1 support_ok=1
[SQP FINAL] final_violation=0 violated_constraints=0
[SUPPORT FINAL] sqp_union=0 final_active=3 support_limit=-1
[SUPPORT FINAL IDS] 9 29 30
[SUPPORT UNION IDS]
[COLD START RECOVERY CHECK] ordinary_sqp_failed=0 seed_available=1 incompatible=0 try_homotopy=0
[HARNESS RESULT] step=12 success=1 controls=8 first_input_present=1
[MPC STEP METRICS] step=12 applied=1 success=1 fallback=0 a=0.142213 omega=-0.63572 dt=0.1 acceleration_weight=0.1 steering_weight=0.1 control_cost_unweighted=0.424364 control_cost_weighted=0.0424364 mpc_cost=-15.6629 solve_time=0.0547903 qp_solve_time=0.0364746 constraint_time=0.010587 dro_risk_time=0.000405349 ambiguity_radius=0.00386489 certificate=not_requested
[EVAL SAFETY] step=13 min_center_distance=0.956316 min_clearance=0.00631603 collision_this_step=0 collision_run=0 collision_radius=0.95
[DRO SUMMARY] step=14 obstacle=0 S=40 rho=0.00369366 rho_raw=0.00369366 D_max=0.0115351 D_min=0.00578169 tv_bound=0.638855 eta=0.32021 eta_raw=0.32021 radius_m=14 radius_d=3 transport_cost=0.00369366 budget_usage=1 lambda=0.0234098 q_support=2 nominal_risk=0.000130662 qstar_risk=0.000238854 risk_lift=0.000108192 tv=0.400658
[DRO MODE] step=14 obstacle=0 mode=constant_velocity p=0.16129 risk=0 q=0 delta_q=-0.16129 q_times_S=0
[DRO MODE] step=14 obstacle=0 mode=turn_left p=0.354839 risk=0 q=0.115471 delta_q=-0.239368 q_times_S=4.61885
[DRO MODE] step=14 obstacle=0 mode=turn_right p=0.483871 risk=0.000270035 q=0.884529 delta_q=0.400658 q_times_S=35.3812
[DRO SAMPLE] step=14 obstacle=0 mode=constant_velocity q=0 q_times_S=0 first_count=0 first_fraction=0 occupancy=0 occupancy_fraction=0
[DRO SAMPLE] step=14 obstacle=0 mode=turn_left q=0.115471 q_times_S=4.61885 first_count=4 first_fraction=0.1 occupancy=32 occupancy_fraction=0.1
[DRO SAMPLE] step=14 obstacle=0 mode=turn_right q=0.884529 q_times_S=35.3812 first_count=36 first_fraction=0.9 occupancy=288 occupancy_fraction=0.9
[RF BACKUP] available=1 controls=8 states=9
[FREE POLY] k=1 disc=0 raw=40 facets=2 vertices=5 rho=4.8 anchor_shift=0
[FREE POLY] k=1 disc=1 raw=40 facets=0 vertices=4 rho=0.800001 anchor_shift=0
[FREE POLY] k=1 disc=2 raw=40 facets=4 vertices=7 rho=4.8 anchor_shift=0
[FREE POLY] k=2 disc=0 raw=40 facets=2 vertices=5 rho=5.6 anchor_shift=0
[FREE POLY] k=2 disc=1 raw=40 facets=2 vertices=5 rho=1.6 anchor_shift=0
[FREE POLY] k=2 disc=2 raw=40 facets=3 vertices=6 rho=5.6 anchor_shift=0
[FREE POLY] k=3 disc=0 raw=40 facets=4 vertices=7 rho=6.4 anchor_shift=0
[FREE POLY] k=3 disc=1 raw=40 facets=3 vertices=6 rho=2.4 anchor_shift=0
[FREE POLY] k=3 disc=2 raw=40 facets=4 vertices=7 rho=6.4 anchor_shift=0
[FREE POLY] k=4 disc=0 raw=40 facets=4 vertices=7 rho=7.2 anchor_shift=0
[FREE POLY] k=4 disc=1 raw=40 facets=4 vertices=7 rho=3.2 anchor_shift=0
[FREE POLY] k=4 disc=2 raw=40 facets=5 vertices=8 rho=7.2 anchor_shift=0
[FREE POLY] k=5 disc=0 raw=40 facets=3 vertices=6 rho=8 anchor_shift=0
[FREE POLY] k=5 disc=1 raw=40 facets=4 vertices=7 rho=4 anchor_shift=0
[FREE POLY] k=5 disc=2 raw=40 facets=6 vertices=9 rho=8 anchor_shift=0
[FREE POLY] k=6 disc=0 raw=40 facets=4 vertices=7 rho=8.8 anchor_shift=0
[FREE POLY] k=6 disc=1 raw=40 facets=4 vertices=7 rho=4.8 anchor_shift=0
[FREE POLY] k=6 disc=2 raw=40 facets=4 vertices=7 rho=8.8 anchor_shift=0
[FREE POLY] k=7 disc=0 raw=40 facets=4 vertices=7 rho=9.6 anchor_shift=0
[FREE POLY] k=7 disc=1 raw=40 facets=4 vertices=7 rho=5.6 anchor_shift=0
[FREE POLY] k=7 disc=2 raw=40 facets=4 vertices=6 rho=9.6 anchor_shift=0
[FREE POLY] k=8 disc=0 raw=40 facets=5 vertices=8 rho=10.4 anchor_shift=0
[FREE POLY] k=8 disc=1 raw=40 facets=4 vertices=7 rho=6.4 anchor_shift=0
[FREE POLY] k=8 disc=2 raw=40 facets=4 vertices=6 rho=10.4 anchor_shift=0
[RF SUPPORT SEED] removed=0 support_limit=-1
[SQP] before_solve iter=0 vars=16 constraints=119 max_d=-0.000999193
[QP WORST] iter=0 row=23 type=collision d=-0.000999193
[QP WORST COLLISION] scenario=38 k=3 obstacle=0 disc=2
[SQP] after_solve iter=0 converged=1 status=0 iterations=6 primal_residual=4.30211e-16 dual_residual=2.29094e-05 x_size=16 x_finite=1
[SQP LINESEARCH] iter=0 current_violation=0 accepted_violation=0 accepted=1 alpha=0.5 delta_u_norm=0.38951
[SQP SUPPORT] iter=0 support_size=0 support_limit=-1 support_ok=1
[SQP] before_solve iter=1 vars=16 constraints=119 max_d=-0.000510684
[QP WORST] iter=1 row=23 type=collision d=-0.000510684
[QP WORST COLLISION] scenario=38 k=3 obstacle=0 disc=2
[SQP] after_solve iter=1 converged=1 status=0 iterations=6 primal_residual=4.16334e-16 dual_residual=1.63524e-05 x_size=16 x_finite=1
[SQP LINESEARCH] iter=1 current_violation=0 accepted_violation=0 accepted=1 alpha=0.5 delta_u_norm=0.298475
[SQP SUPPORT] iter=1 support_size=0 support_limit=-1 support_ok=1
[SQP] before_solve iter=2 vars=16 constraints=119 max_d=-0.000265707
[QP WORST] iter=2 row=23 type=collision d=-0.000265707
[QP WORST COLLISION] scenario=38 k=3 obstacle=0 disc=2
[SQP] after_solve iter=2 converged=1 status=0 iterations=6 primal_residual=4.09395e-16 dual_residual=1.57688e-05 x_size=16 x_finite=1
[SQP LINESEARCH] iter=2 current_violation=0 accepted_violation=0 accepted=1 alpha=0.5 delta_u_norm=0.256869
[SQP SUPPORT] iter=2 support_size=0 support_limit=-1 support_ok=1
[SQP] before_solve iter=3 vars=16 constraints=119 max_d=-0.000143513
[QP WORST] iter=3 row=23 type=collision d=-0.000143513
[QP WORST COLLISION] scenario=38 k=3 obstacle=0 disc=2
[SQP] after_solve iter=3 converged=1 status=0 iterations=6 primal_residual=4.27176e-16 dual_residual=2.05463e-05 x_size=16 x_finite=1
[SQP LINESEARCH] iter=3 current_violation=0 accepted_violation=0 accepted=1 alpha=1 delta_u_norm=0.234301
[SQP SUPPORT] iter=3 support_size=0 support_limit=-1 support_ok=1
[SQP] before_solve iter=4 vars=16 constraints=119 max_d=-8.9286e-06
[QP WORST] iter=4 row=61 type=collision d=-8.9286e-06
[QP WORST COLLISION] scenario=35 k=6 obstacle=0 disc=2
[SQP] after_solve iter=4 converged=1 status=0 iterations=6 primal_residual=4.31187e-16 dual_residual=2.13734e-05 x_size=16 x_finite=1
[SQP LINESEARCH] iter=4 current_violation=0 accepted_violation=0 accepted=1 alpha=1 delta_u_norm=0.205554
[SQP SUPPORT] iter=4 support_size=0 support_limit=-1 support_ok=1
[SQP] before_solve iter=5 vars=16 constraints=119 max_d=-1.77336e-05
[QP WORST] iter=5 row=61 type=collision d=-1.77336e-05
[QP WORST COLLISION] scenario=35 k=6 obstacle=0 disc=2
[SQP] after_solve iter=5 converged=1 status=0 iterations=6 primal_residual=4.4062e-16 dual_residual=2.23003e-05 x_size=16 x_finite=1
[SQP LINESEARCH] iter=5 current_violation=0 accepted_violation=0 accepted=1 alpha=1 delta_u_norm=0.185317
[SQP SUPPORT] iter=5 support_size=0 support_limit=-1 support_ok=1
[SQP] before_solve iter=6 vars=16 constraints=119 max_d=-1.85685e-05
[QP WORST] iter=6 row=61 type=collision d=-1.85685e-05
[QP WORST COLLISION] scenario=35 k=6 obstacle=0 disc=2
[SQP] after_solve iter=6 converged=1 status=0 iterations=6 primal_residual=3.7817e-16 dual_residual=2.35118e-05 x_size=16 x_finite=1
[SQP LINESEARCH] iter=6 current_violation=0 accepted_violation=0 accepted=1 alpha=1 delta_u_norm=0.144203
[SQP SUPPORT] iter=6 support_size=0 support_limit=-1 support_ok=1
[SQP] before_solve iter=7 vars=16 constraints=119 max_d=-1.96225e-05
[QP WORST] iter=7 row=61 type=collision d=-1.96225e-05
[QP WORST COLLISION] scenario=35 k=6 obstacle=0 disc=2
[SQP] after_solve iter=7 converged=1 status=0 iterations=6 primal_residual=4.23273e-16 dual_residual=2.38444e-05 x_size=16 x_finite=1
[SQP LINESEARCH] iter=7 current_violation=0 accepted_violation=0 accepted=1 alpha=1 delta_u_norm=0.120823
[SQP SUPPORT] iter=7 support_size=0 support_limit=-1 support_ok=1
[SQP] before_solve iter=8 vars=16 constraints=119 max_d=-1.99021e-05
[QP WORST] iter=8 row=61 type=collision d=-1.99021e-05
[QP WORST COLLISION] scenario=35 k=6 obstacle=0 disc=2
[SQP] after_solve iter=8 converged=1 status=0 iterations=6 primal_residual=4.16334e-16 dual_residual=2.35727e-05 x_size=16 x_finite=1
[SQP LINESEARCH] iter=8 current_violation=0 accepted_violation=0 accepted=1 alpha=1 delta_u_norm=0.113454
[SQP SUPPORT] iter=8 support_size=0 support_limit=-1 support_ok=1
[SQP] before_solve iter=9 vars=16 constraints=119 max_d=-1.96745e-05
[QP WORST] iter=9 row=61 type=collision d=-1.96745e-05
[QP WORST COLLISION] scenario=35 k=6 obstacle=0 disc=2
[SQP] after_solve iter=9 converged=1 status=0 iterations=6 primal_residual=4.38885e-16 dual_residual=2.32939e-05 x_size=16 x_finite=1
[SQP LINESEARCH] iter=9 current_violation=0 accepted_violation=0 accepted=1 alpha=1 delta_u_norm=0.106756
[SQP SUPPORT] iter=9 support_size=0 support_limit=-1 support_ok=1
[SQP FINAL] final_violation=0 violated_constraints=0
[SUPPORT FINAL] sqp_union=0 final_active=3 support_limit=-1
[SUPPORT FINAL IDS] 13 35 38
[SUPPORT UNION IDS]
[COLD START RECOVERY CHECK] ordinary_sqp_failed=0 seed_available=1 incompatible=0 try_homotopy=0
[HARNESS RESULT] step=13 success=1 controls=8 first_input_present=1
[MPC STEP METRICS] step=13 applied=1 success=1 fallback=0 a=0.0618986 omega=-0.288585 dt=0.1 acceleration_weight=0.1 steering_weight=0.1 control_cost_unweighted=0.0871129 control_cost_weighted=0.00871129 mpc_cost=-15.464 solve_time=0.0417152 qp_solve_time=0.0282102 constraint_time=0.00727031 dro_risk_time=0.000404077 ambiguity_radius=0.00369366 certificate=not_requested
[EVAL SAFETY] step=14 min_center_distance=0.954933 min_clearance=0.00493293 collision_this_step=0 collision_run=0 collision_radius=0.95
[DRO SUMMARY] step=15 obstacle=0 S=40 rho=0.0036177 rho_raw=0.0036177 D_max=0.0115351 D_min=0.00578169 tv_bound=0.625718 eta=0.313626 eta_raw=0.313626 radius_m=15 radius_d=3 transport_cost=0.0036177 budget_usage=1 lambda=1.45029 q_support=2 nominal_risk=0.100343 qstar_risk=0.105679 risk_lift=0.00533589 tv=0.389198
[DRO MODE] step=15 obstacle=0 mode=constant_velocity p=0.151515 risk=0.0983055 q=0 delta_q=-0.151515 q_times_S=0
[DRO MODE] step=15 obstacle=0 mode=turn_left p=0.333333 risk=0.0905499 q=0.0956507 delta_q=-0.237683 q_times_S=3.82603
[DRO MODE] step=15 obstacle=0 mode=turn_right p=0.515152 risk=0.107279 q=0.904349 delta_q=0.389198 q_times_S=36.174
[DRO SAMPLE] step=15 obstacle=0 mode=constant_velocity q=0 q_times_S=0 first_count=0 first_fraction=0 occupancy=0 occupancy_fraction=0
[DRO SAMPLE] step=15 obstacle=0 mode=turn_left q=0.0956507 q_times_S=3.82603 first_count=8 first_fraction=0.2 occupancy=64 occupancy_fraction=0.2
[DRO SAMPLE] step=15 obstacle=0 mode=turn_right q=0.904349 q_times_S=36.174 first_count=32 first_fraction=0.8 occupancy=256 occupancy_fraction=0.8
[RF BACKUP] available=1 controls=8 states=9
[FREE POLY] k=1 disc=0 raw=40 facets=3 vertices=6 rho=4.8 anchor_shift=0
[FREE POLY] k=1 disc=1 raw=40 facets=0 vertices=4 rho=0.800001 anchor_shift=0
[FREE POLY] k=1 disc=2 raw=40 facets=4 vertices=7 rho=4.8 anchor_shift=0
[FREE POLY] k=2 disc=0 raw=40 facets=2 vertices=5 rho=5.6 anchor_shift=0
[FREE POLY] k=2 disc=1 raw=40 facets=2 vertices=5 rho=1.6 anchor_shift=0
[FREE POLY] k=2 disc=2 raw=40 facets=4 vertices=7 rho=5.6 anchor_shift=0
[FREE POLY] k=3 disc=0 raw=40 facets=3 vertices=6 rho=6.4 anchor_shift=0
[FREE POLY] k=3 disc=1 raw=40 facets=3 vertices=6 rho=2.4 anchor_shift=0
[FREE POLY] k=3 disc=2 raw=40 facets=5 vertices=8 rho=6.4 anchor_shift=0
[FREE POLY] k=4 disc=0 raw=40 facets=2 vertices=5 rho=7.2 anchor_shift=0
[FREE POLY] k=4 disc=1 raw=40 facets=2 vertices=5 rho=3.2 anchor_shift=0
[FREE POLY] k=4 disc=2 raw=40 facets=4 vertices=7 rho=7.2 anchor_shift=0
[FREE POLY] k=5 disc=0 raw=40 facets=2 vertices=5 rho=8 anchor_shift=0
[FREE POLY] k=5 disc=1 raw=40 facets=2 vertices=5 rho=4 anchor_shift=0
[FREE POLY] k=5 disc=2 raw=40 facets=6 vertices=9 rho=8 anchor_shift=0
[FREE POLY] k=6 disc=0 raw=40 facets=2 vertices=5 rho=8.8 anchor_shift=0
[FREE POLY] k=6 disc=1 raw=40 facets=2 vertices=5 rho=4.8 anchor_shift=0
[FREE POLY] k=6 disc=2 raw=40 facets=5 vertices=7 rho=8.8 anchor_shift=0
[FREE POLY] k=7 disc=0 raw=40 facets=2 vertices=5 rho=9.6 anchor_shift=0
[FREE POLY] k=7 disc=1 raw=40 facets=3 vertices=6 rho=5.6 anchor_shift=0
[FREE POLY] k=7 disc=2 raw=40 facets=7 vertices=10 rho=9.6 anchor_shift=0
[FREE POLY] k=8 disc=0 raw=40 facets=2 vertices=5 rho=10.4 anchor_shift=0
[FREE POLY] k=8 disc=1 raw=40 facets=3 vertices=6 rho=6.4 anchor_shift=0
[FREE POLY] k=8 disc=2 raw=40 facets=6 vertices=9 rho=10.4 anchor_shift=0
[RF SUPPORT SEED] removed=0 support_limit=-1
[SQP] before_solve iter=0 vars=16 constraints=108 max_d=0.10965
[QP WORST] iter=0 row=69 type=collision d=0.10965
[QP WORST COLLISION] scenario=22 k=8 obstacle=0 disc=1
[SQP] after_solve iter=0 converged=1 status=0 iterations=6 primal_residual=2.94934e-08 dual_residual=1.48482e-05 x_size=16 x_finite=1
[SQP LINESEARCH] iter=0 current_violation=0.10965 accepted_violation=0.000905271 accepted=1 alpha=1 delta_u_norm=1.17841
[SQP SUPPORT] iter=0 support_size=0 support_limit=-1 support_ok=1
[SQP] before_solve iter=1 vars=16 constraints=108 max_d=0.000905271
[QP WORST] iter=1 row=69 type=collision d=0.000905271
[QP WORST COLLISION] scenario=22 k=8 obstacle=0 disc=1
[SQP] after_solve iter=1 converged=1 status=0 iterations=6 primal_residual=6.02649e-09 dual_residual=5.90896e-06 x_size=16 x_finite=1
[SQP LINESEARCH] iter=1 current_violation=0.000905271 accepted_violation=0 accepted=1 alpha=1 delta_u_norm=0.410628
[SQP SUPPORT] iter=1 support_size=0 support_limit=-1 support_ok=1
[SQP] before_solve iter=2 vars=16 constraints=108 max_d=-7.51102e-06
[QP WORST] iter=2 row=33 type=collision d=-7.51102e-06
[QP WORST COLLISION] scenario=39 k=4 obstacle=0 disc=2
[SQP] after_solve iter=2 converged=1 status=0 iterations=5 primal_residual=1.29472e-07 dual_residual=9.49092e-05 x_size=16 x_finite=1
[SQP LINESEARCH] iter=2 current_violation=0 accepted_violation=0 accepted=1 alpha=0.5 delta_u_norm=0.275435
[SQP SUPPORT] iter=2 support_size=0 support_limit=-1 support_ok=1
[SQP] before_solve iter=3 vars=16 constraints=108 max_d=-2.09682e-05
[QP WORST] iter=3 row=69 type=collision d=-2.09682e-05
[QP WORST COLLISION] scenario=22 k=8 obstacle=0 disc=1
[SQP] after_solve iter=3 converged=1 status=0 iterations=5 primal_residual=5.41307e-08 dual_residual=9.14269e-05 x_size=16 x_finite=1
[SQP LINESEARCH] iter=3 current_violation=0 accepted_violation=0 accepted=1 alpha=1 delta_u_norm=0.244432
[SQP SUPPORT] iter=3 support_size=0 support_limit=-1 support_ok=1
[SQP] before_solve iter=4 vars=16 constraints=108 max_d=-3.32896e-07
[QP WORST] iter=4 row=5 type=collision d=-3.32896e-07
[QP WORST COLLISION] scenario=36 k=1 obstacle=0 disc=2
[SQP] after_solve iter=4 converged=1 status=0 iterations=5 primal_residual=5.65601e-08 dual_residual=9.298e-05 x_size=16 x_finite=1
[SQP LINESEARCH] iter=4 current_violation=0 accepted_violation=0 accepted=1 alpha=1 delta_u_norm=0.194989
[SQP SUPPORT] iter=4 support_size=0 support_limit=-1 support_ok=1
[SQP] before_solve iter=5 vars=16 constraints=108 max_d=-3.2943e-07
[QP WORST] iter=5 row=5 type=collision d=-3.2943e-07
[QP WORST COLLISION] scenario=36 k=1 obstacle=0 disc=2
[SQP] after_solve iter=5 converged=1 status=0 iterations=5 primal_residual=5.51948e-08 dual_residual=9.44253e-05 x_size=16 x_finite=1
[SQP LINESEARCH] iter=5 current_violation=0 accepted_violation=0 accepted=1 alpha=1 delta_u_norm=0.161592
[SQP SUPPORT] iter=5 support_size=0 support_limit=-1 support_ok=1
[SQP] before_solve iter=6 vars=16 constraints=108 max_d=-3.15186e-07
[QP WORST] iter=6 row=5 type=collision d=-3.15186e-07
[QP WORST COLLISION] scenario=36 k=1 obstacle=0 disc=2
[SQP] after_solve iter=6 converged=1 status=0 iterations=5 primal_residual=4.73302e-08 dual_residual=9.82226e-05 x_size=16 x_finite=1
[SQP LINESEARCH] iter=6 current_violation=0 accepted_violation=0 accepted=1 alpha=1 delta_u_norm=0.137632
[SQP SUPPORT] iter=6 support_size=0 support_limit=-1 support_ok=1
[SQP] before_solve iter=7 vars=16 constraints=108 max_d=-2.61247e-07
[QP WORST] iter=7 row=5 type=collision d=-2.61247e-07
[QP WORST COLLISION] scenario=36 k=1 obstacle=0 disc=2
[SQP] after_solve iter=7 converged=1 status=0 iterations=6 primal_residual=4.19803e-16 dual_residual=9.68912e-06 x_size=16 x_finite=1
[SQP LINESEARCH] iter=7 current_violation=0 accepted_violation=0 accepted=1 alpha=1 delta_u_norm=0.124312
[SQP SUPPORT] iter=7 support_size=0 support_limit=-1 support_ok=1
[SQP] before_solve iter=8 vars=16 constraints=108 max_d=-6.52777e-07
[QP WORST] iter=8 row=69 type=collision d=-6.52777e-07
[QP WORST COLLISION] scenario=22 k=8 obstacle=0 disc=1
[SQP] after_solve iter=8 converged=1 status=0 iterations=6 primal_residual=4.32641e-10 dual_residual=7.39099e-06 x_size=16 x_finite=1
[SQP LINESEARCH] iter=8 current_violation=0 accepted_violation=0 accepted=1 alpha=1 delta_u_norm=0.106986
[SQP SUPPORT] iter=8 support_size=0 support_limit=-1 support_ok=1
[SQP] before_solve iter=9 vars=16 constraints=108 max_d=-1.41459e-06
[QP WORST] iter=9 row=69 type=collision d=-1.41459e-06
[QP WORST COLLISION] scenario=22 k=8 obstacle=0 disc=1
[SQP] after_solve iter=9 converged=1 status=0 iterations=6 primal_residual=9.51682e-10 dual_residual=7.91852e-06 x_size=16 x_finite=1
[SQP LINESEARCH] iter=9 current_violation=0 accepted_violation=0 accepted=1 alpha=1 delta_u_norm=0.0958408
[SQP SUPPORT] iter=9 support_size=0 support_limit=-1 support_ok=1
[SQP FINAL] final_violation=0 violated_constraints=0
[SUPPORT FINAL] sqp_union=0 final_active=4 support_limit=-1
[SUPPORT FINAL IDS] 4 22 36 39
[SUPPORT UNION IDS]
[COLD START RECOVERY CHECK] ordinary_sqp_failed=0 seed_available=1 incompatible=0 try_homotopy=0
[HARNESS RESULT] step=14 success=1 controls=8 first_input_present=1
[MPC STEP METRICS] step=14 applied=1 success=1 fallback=0 a=-1.60873 omega=-0.071583 dt=0.1 acceleration_weight=0.1 steering_weight=0.1 control_cost_unweighted=2.59315 control_cost_weighted=0.259315 mpc_cost=-15.0068 solve_time=0.0417015 qp_solve_time=0.0282318 constraint_time=0.00720192 dro_risk_time=0.000404106 ambiguity_radius=0.0036177 certificate=not_requested
[EVAL SAFETY] step=15 min_center_distance=0.95619 min_clearance=0.00619025 collision_this_step=0 collision_run=0 collision_radius=0.95
[DRO SUMMARY] step=16 obstacle=0 S=40 rho=0.00348184 rho_raw=0.00348184 D_max=0.0115351 D_min=0.00578169 tv_bound=0.602219 eta=0.301848 eta_raw=0.301848 radius_m=16 radius_d=3 transport_cost=0.00348184 budget_usage=1 lambda=1.5288 q_support=2 nominal_risk=0.12496 qstar_risk=0.130394 risk_lift=0.00543488 tv=0.401603
[DRO MODE] step=16 obstacle=0 mode=constant_velocity p=0.2 risk=0.122983 q=0 delta_q=-0.2 q_times_S=0
[DRO MODE] step=16 obstacle=0 mode=turn_left p=0.314286 risk=0.114747 q=0.112683 delta_q=-0.201603 q_times_S=4.50732
[DRO MODE] step=16 obstacle=0 mode=turn_right p=0.485714 risk=0.132382 q=0.887317 delta_q=0.401603 q_times_S=35.4927
[DRO SAMPLE] step=16 obstacle=0 mode=constant_velocity q=0 q_times_S=0 first_count=0 first_fraction=0 occupancy=0 occupancy_fraction=0
[DRO SAMPLE] step=16 obstacle=0 mode=turn_left q=0.112683 q_times_S=4.50732 first_count=4 first_fraction=0.1 occupancy=32 occupancy_fraction=0.1
[DRO SAMPLE] step=16 obstacle=0 mode=turn_right q=0.887317 q_times_S=35.4927 first_count=36 first_fraction=0.9 occupancy=288 occupancy_fraction=0.9
[RF BACKUP] available=1 controls=8 states=9
[FREE POLY] k=1 disc=0 raw=40 facets=2 vertices=5 rho=4.8 anchor_shift=0
[FREE POLY] k=1 disc=1 raw=40 facets=0 vertices=4 rho=0.800001 anchor_shift=0
[FREE POLY] k=1 disc=2 raw=40 facets=4 vertices=7 rho=4.8 anchor_shift=0
[FREE POLY] k=2 disc=0 raw=40 facets=2 vertices=5 rho=5.6 anchor_shift=0
[FREE POLY] k=2 disc=1 raw=40 facets=2 vertices=5 rho=1.6 anchor_shift=0
[FREE POLY] k=2 disc=2 raw=40 facets=6 vertices=9 rho=5.6 anchor_shift=0
[FREE POLY] k=3 disc=0 raw=40 facets=3 vertices=6 rho=6.4 anchor_shift=0
[FREE POLY] k=3 disc=1 raw=40 facets=3 vertices=6 rho=2.4 anchor_shift=0
[FREE POLY] k=3 disc=2 raw=40 facets=6 vertices=9 rho=6.4 anchor_shift=0
[FREE POLY] k=4 disc=0 raw=40 facets=4 vertices=7 rho=7.2 anchor_shift=0
[FREE POLY] k=4 disc=1 raw=40 facets=3 vertices=6 rho=3.2 anchor_shift=0
[FREE POLY] k=4 disc=2 raw=40 facets=6 vertices=9 rho=7.2 anchor_shift=0
[FREE POLY] k=5 disc=0 raw=40 facets=4 vertices=7 rho=8 anchor_shift=0
[FREE POLY] k=5 disc=1 raw=40 facets=4 vertices=7 rho=4 anchor_shift=0
[FREE POLY] k=5 disc=2 raw=40 facets=5 vertices=8 rho=8 anchor_shift=0
[FREE POLY] k=6 disc=0 raw=40 facets=4 vertices=7 rho=8.8 anchor_shift=0
[FREE POLY] k=6 disc=1 raw=40 facets=4 vertices=7 rho=4.8 anchor_shift=0
[FREE POLY] k=6 disc=2 raw=40 facets=4 vertices=7 rho=8.8 anchor_shift=0
[FREE POLY] k=7 disc=0 raw=40 facets=5 vertices=8 rho=9.6 anchor_shift=0
[FREE POLY] k=7 disc=1 raw=40 facets=5 vertices=8 rho=5.6 anchor_shift=0
[FREE POLY] k=7 disc=2 raw=40 facets=5 vertices=8 rho=9.6 anchor_shift=0
[FREE POLY] k=8 disc=0 raw=40 facets=6 vertices=9 rho=10.4 anchor_shift=0
[FREE POLY] k=8 disc=1 raw=40 facets=5 vertices=8 rho=6.4 anchor_shift=0
[FREE POLY] k=8 disc=2 raw=40 facets=4 vertices=7 rho=10.4 anchor_shift=0
[RF SUPPORT SEED] removed=0 support_limit=-1
[SQP] before_solve iter=0 vars=16 constraints=128 max_d=0.0564713
[QP WORST] iter=0 row=89 type=collision d=0.0564713
[QP WORST COLLISION] scenario=14 k=8 obstacle=0 disc=1
[SQP] after_solve iter=0 converged=1 status=0 iterations=6 primal_residual=5.58651e-08 dual_residual=2.65798e-05 x_size=16 x_finite=1
[SQP LINESEARCH] iter=0 current_violation=0.0564713 accepted_violation=0 accepted=1 alpha=1 delta_u_norm=0.630587
[SQP SUPPORT] iter=0 support_size=0 support_limit=-1 support_ok=1
[SQP] before_solve iter=1 vars=16 constraints=128 max_d=-4.78559e-05
[QP WORST] iter=1 row=4 type=collision d=-4.78559e-05
[QP WORST COLLISION] scenario=15 k=1 obstacle=0 disc=2
[SQP] after_solve iter=1 converged=1 status=0 iterations=6 primal_residual=4.61436e-16 dual_residual=1.29122e-05 x_size=16 x_finite=1
[SQP LINESEARCH] iter=1 current_violation=0 accepted_violation=0 accepted=1 alpha=1 delta_u_norm=0.230047
[SQP SUPPORT] iter=1 support_size=0 support_limit=-1 support_ok=1
[SQP] before_solve iter=2 vars=16 constraints=128 max_d=-3.335e-07
[QP WORST] iter=2 row=10 type=collision d=-3.335e-07
[QP WORST COLLISION] scenario=0 k=2 obstacle=0 disc=2
[SQP] after_solve iter=2 converged=1 status=0 iterations=6 primal_residual=4.3715e-16 dual_residual=5.41432e-06 x_size=16 x_finite=1
[SQP LINESEARCH] iter=2 current_violation=0 accepted_violation=0 accepted=1 alpha=1 delta_u_norm=0.164693
[SQP SUPPORT] iter=2 support_size=0 support_limit=-1 support_ok=1
[SQP] before_solve iter=3 vars=16 constraints=128 max_d=-5.33554e-08
[QP WORST] iter=3 row=10 type=collision d=-5.33554e-08
[QP WORST COLLISION] scenario=0 k=2 obstacle=0 disc=2
[SQP] after_solve iter=3 converged=1 status=0 iterations=5 primal_residual=3.85109e-16 dual_residual=9.26784e-05 x_size=16 x_finite=1
[SQP LINESEARCH] iter=3 current_violation=0 accepted_violation=0 accepted=1 alpha=1 delta_u_norm=0.142424
[SQP SUPPORT] iter=3 support_size=0 support_limit=-1 support_ok=1
[SQP] before_solve iter=4 vars=16 constraints=128 max_d=-1.49292e-05
[QP WORST] iter=4 row=89 type=collision d=-1.49292e-05
[QP WORST COLLISION] scenario=14 k=8 obstacle=0 disc=1
[SQP] after_solve iter=4 converged=1 status=0 iterations=5 primal_residual=4.35958e-16 dual_residual=8.97183e-05 x_size=16 x_finite=1
[SQP LINESEARCH] iter=4 current_violation=0 accepted_violation=0 accepted=1 alpha=1 delta_u_norm=0.130976
[SQP SUPPORT] iter=4 support_size=0 support_limit=-1 support_ok=1
[SQP] before_solve iter=5 vars=16 constraints=128 max_d=-1.13919e-05
[QP WORST] iter=5 row=89 type=collision d=-1.13919e-05
[QP WORST COLLISION] scenario=14 k=8 obstacle=0 disc=1
[SQP] after_solve iter=5 converged=1 status=0 iterations=5 primal_residual=4.23273e-16 dual_residual=9.25794e-05 x_size=16 x_finite=1
[SQP LINESEARCH] iter=5 current_violation=0 accepted_violation=0 accepted=1 alpha=1 delta_u_norm=0.123026
[SQP SUPPORT] iter=5 support_size=0 support_limit=-1 support_ok=1
[SQP] before_solve iter=6 vars=16 constraints=128 max_d=-1.08923e-05
[QP WORST] iter=6 row=89 type=collision d=-1.08923e-05
[QP WORST COLLISION] scenario=14 k=8 obstacle=0 disc=1
[SQP] after_solve iter=6 converged=1 status=0 iterations=5 primal_residual=4.38885e-16 dual_residual=9.56349e-05 x_size=16 x_finite=1
[SQP LINESEARCH] iter=6 current_violation=0 accepted_violation=0 accepted=1 alpha=1 delta_u_norm=0.116717
[SQP SUPPORT] iter=6 support_size=0 support_limit=-1 support_ok=1
[SQP] before_solve iter=7 vars=16 constraints=128 max_d=-1.09514e-05
[QP WORST] iter=7 row=89 type=collision d=-1.09514e-05
[QP WORST COLLISION] scenario=14 k=8 obstacle=0 disc=1
[SQP] after_solve iter=7 converged=1 status=0 iterations=5 primal_residual=4.04136e-16 dual_residual=9.93735e-05 x_size=16 x_finite=1
[SQP LINESEARCH] iter=7 current_violation=0 accepted_violation=0 accepted=1 alpha=1 delta_u_norm=0.111295
[SQP SUPPORT] iter=7 support_size=0 support_limit=-1 support_ok=1
[SQP] before_solve iter=8 vars=16 constraints=128 max_d=-1.11971e-05
[QP WORST] iter=8 row=89 type=collision d=-1.11971e-05
[QP WORST COLLISION] scenario=14 k=8 obstacle=0 disc=1
[SQP] after_solve iter=8 converged=1 status=0 iterations=6 primal_residual=3.60822e-16 dual_residual=6.40336e-06 x_size=16 x_finite=1
[SQP LINESEARCH] iter=8 current_violation=0 accepted_violation=0 accepted=1 alpha=1 delta_u_norm=0.109281
[SQP SUPPORT] iter=8 support_size=0 support_limit=-1 support_ok=1
[SQP] before_solve iter=9 vars=16 constraints=128 max_d=-7.93695e-08
[QP WORST] iter=9 row=4 type=collision d=-7.93695e-08
[QP WORST COLLISION] scenario=15 k=1 obstacle=0 disc=2
[SQP] after_solve iter=9 converged=1 status=0 iterations=6 primal_residual=4.09937e-16 dual_residual=6.84697e-06 x_size=16 x_finite=1
[SQP LINESEARCH] iter=9 current_violation=0 accepted_violation=0 accepted=1 alpha=1 delta_u_norm=0.105202
[SQP SUPPORT] iter=9 support_size=0 support_limit=-1 support_ok=1
[SQP FINAL] final_violation=0 violated_constraints=0
[SUPPORT FINAL] sqp_union=0 final_active=5 support_limit=-1
[SUPPORT FINAL IDS] 0 4 14 15 23
[SUPPORT UNION IDS]
[COLD START RECOVERY CHECK] ordinary_sqp_failed=0 seed_available=1 incompatible=0 try_homotopy=0
[HARNESS RESULT] step=15 success=1 controls=8 first_input_present=1
[MPC STEP METRICS] step=15 applied=1 success=1 fallback=0 a=-1.02488 omega=0.11231 dt=0.1 acceleration_weight=0.1 steering_weight=0.1 control_cost_unweighted=1.063 control_cost_weighted=0.1063 mpc_cost=-14.7214 solve_time=0.0410071 qp_solve_time=0.0271141 constraint_time=0.00757196 dro_risk_time=0.000405058 ambiguity_radius=0.00348184 certificate=not_requested
[EVAL SAFETY] step=16 min_center_distance=0.954706 min_clearance=0.00470627 collision_this_step=0 collision_run=0 collision_radius=0.95
[DRO SUMMARY] step=17 obstacle=0 S=40 rho=0.00340691 rho_raw=0.00340691 D_max=0.0115351 D_min=0.00578169 tv_bound=0.589259 eta=0.295352 eta_raw=0.295352 radius_m=17 radius_d=3 transport_cost=0.00340691 budget_usage=1 lambda=1.76426 q_support=2 nominal_risk=0.177236 qstar_risk=0.183333 risk_lift=0.00609704 tv=0.389714
[DRO MODE] step=17 obstacle=0 mode=constant_velocity p=0.189189 risk=0.174646 q=0 delta_q=-0.189189 q_times_S=0
[DRO MODE] step=17 obstacle=0 mode=turn_left p=0.297297 risk=0.164951 q=0.096772 delta_q=-0.200525 q_times_S=3.87088
[DRO MODE] step=17 obstacle=0 mode=turn_right p=0.513514 risk=0.185302 q=0.903228 delta_q=0.389714 q_times_S=36.1291
[DRO SAMPLE] step=17 obstacle=0 mode=constant_velocity q=0 q_times_S=0 first_count=0 first_fraction=0 occupancy=0 occupancy_fraction=0
[DRO SAMPLE] step=17 obstacle=0 mode=turn_left q=0.096772 q_times_S=3.87088 first_count=0 first_fraction=0 occupancy=0 occupancy_fraction=0
[DRO SAMPLE] step=17 obstacle=0 mode=turn_right q=0.903228 q_times_S=36.1291 first_count=40 first_fraction=1 occupancy=320 occupancy_fraction=1
[RF BACKUP] available=1 controls=8 states=9
[FREE POLY] k=1 disc=0 raw=40 facets=2 vertices=5 rho=4.8 anchor_shift=0
[FREE POLY] k=1 disc=1 raw=40 facets=1 vertices=5 rho=0.800001 anchor_shift=0
[FREE POLY] k=1 disc=2 raw=40 facets=5 vertices=8 rho=4.8 anchor_shift=0
[FREE POLY] k=2 disc=0 raw=40 facets=3 vertices=6 rho=5.6 anchor_shift=0
[FREE POLY] k=2 disc=1 raw=40 facets=2 vertices=5 rho=1.6 anchor_shift=0
[FREE POLY] k=2 disc=2 raw=40 facets=4 vertices=7 rho=5.6 anchor_shift=0
[FREE POLY] k=3 disc=0 raw=40 facets=4 vertices=7 rho=6.4 anchor_shift=0
[FREE POLY] k=3 disc=1 raw=40 facets=3 vertices=6 rho=2.4 anchor_shift=0
[FREE POLY] k=3 disc=2 raw=40 facets=3 vertices=6 rho=6.4 anchor_shift=0
[FREE POLY] k=4 disc=0 raw=40 facets=2 vertices=5 rho=7.2 anchor_shift=0
[FREE POLY] k=4 disc=1 raw=40 facets=3 vertices=6 rho=3.2 anchor_shift=0
[FREE POLY] k=4 disc=2 raw=40 facets=5 vertices=8 rho=7.2 anchor_shift=0
[FREE POLY] k=5 disc=0 raw=40 facets=3 vertices=6 rho=8 anchor_shift=0
[FREE POLY] k=5 disc=1 raw=40 facets=4 vertices=7 rho=4 anchor_shift=0
[FREE POLY] k=5 disc=2 raw=40 facets=4 vertices=7 rho=8 anchor_shift=0
[FREE POLY] k=6 disc=0 raw=40 facets=4 vertices=7 rho=8.8 anchor_shift=0
[FREE POLY] k=6 disc=1 raw=40 facets=4 vertices=7 rho=4.8 anchor_shift=0
[FREE POLY] k=6 disc=2 raw=40 facets=3 vertices=6 rho=8.8 anchor_shift=0
[FREE POLY] k=7 disc=0 raw=40 facets=4 vertices=7 rho=9.6 anchor_shift=0
[FREE POLY] k=7 disc=1 raw=40 facets=4 vertices=7 rho=5.6 anchor_shift=0
[FREE POLY] k=7 disc=2 raw=40 facets=3 vertices=6 rho=9.6 anchor_shift=0
[FREE POLY] k=8 disc=0 raw=40 facets=5 vertices=8 rho=10.4 anchor_shift=0
[FREE POLY] k=8 disc=1 raw=40 facets=4 vertices=6 rho=6.4 anchor_shift=0
[FREE POLY] k=8 disc=2 raw=40 facets=3 vertices=6 rho=10.4 anchor_shift=0
[RF SUPPORT SEED] removed=0 support_limit=-1
[SQP] before_solve iter=0 vars=16 constraints=114 max_d=0.15212
[QP WORST] iter=0 row=76 type=collision d=0.15212
[QP WORST COLLISION] scenario=7 k=8 obstacle=0 disc=1
[SQP] after_solve iter=0 converged=1 status=0 iterations=5 primal_residual=3.60822e-16 dual_residual=6.66329e-05 x_size=16 x_finite=1
[SQP LINESEARCH] iter=0 current_violation=0.15212 accepted_violation=0 accepted=1 alpha=1 delta_u_norm=0.999671
[SQP SUPPORT] iter=0 support_size=0 support_limit=-1 support_ok=1
[SQP] before_solve iter=1 vars=16 constraints=114 max_d=-0.00412099
[QP WORST] iter=1 row=76 type=collision d=-0.00412099
[QP WORST COLLISION] scenario=7 k=8 obstacle=0 disc=1
[SQP] after_solve iter=1 converged=1 status=0 iterations=5 primal_residual=3.81368e-09 dual_residual=1.68515e-05 x_size=16 x_finite=1
[SQP LINESEARCH] iter=1 current_violation=0 accepted_violation=0 accepted=1 alpha=1 delta_u_norm=0.379734
[SQP SUPPORT] iter=1 support_size=0 support_limit=-1 support_ok=1
[SQP] before_solve iter=2 vars=16 constraints=114 max_d=-9.46296e-05
[QP WORST] iter=2 row=3 type=collision d=-9.46296e-05
[QP WORST COLLISION] scenario=1 k=1 obstacle=0 disc=2
[SQP] after_solve iter=2 converged=1 status=0 iterations=6 primal_residual=1.53801e-09 dual_residual=6.71035e-06 x_size=16 x_finite=1
[SQP LINESEARCH] iter=2 current_violation=0 accepted_violation=0 accepted=1 alpha=1 delta_u_norm=0.313343
[SQP SUPPORT] iter=2 support_size=0 support_limit=-1 support_ok=1
[SQP] before_solve iter=3 vars=16 constraints=114 max_d=-4.33118e-08
[QP WORST] iter=3 row=3 type=collision d=-4.33118e-08
[QP WORST COLLISION] scenario=1 k=1 obstacle=0 disc=2
[SQP] after_solve iter=3 converged=1 status=0 iterations=6 primal_residual=4.16334e-16 dual_residual=1.01245e-06 x_size=16 x_finite=1
[SQP LINESEARCH] iter=3 current_violation=0 accepted_violation=0 accepted=1 alpha=1 delta_u_norm=0.231285
[SQP SUPPORT] iter=3 support_size=0 support_limit=-1 support_ok=1
[SQP] before_solve iter=4 vars=16 constraints=114 max_d=-6.10747e-06
[QP WORST] iter=4 row=76 type=collision d=-6.10747e-06
[QP WORST COLLISION] scenario=7 k=8 obstacle=0 disc=1
[SQP] after_solve iter=4 converged=1 status=0 iterations=6 primal_residual=4.16334e-16 dual_residual=3.1184e-06 x_size=16 x_finite=1
[SQP LINESEARCH] iter=4 current_violation=0 accepted_violation=0 accepted=1 alpha=1 delta_u_norm=0.136375
[SQP SUPPORT] iter=4 support_size=0 support_limit=-1 support_ok=1
[SQP] before_solve iter=5 vars=16 constraints=114 max_d=-3.73837e-06
[QP WORST] iter=5 row=76 type=collision d=-3.73837e-06
[QP WORST COLLISION] scenario=7 k=8 obstacle=0 disc=1
[SQP] after_solve iter=5 converged=1 status=0 iterations=6 primal_residual=4.31079e-16 dual_residual=2.65228e-06 x_size=16 x_finite=1
[SQP LINESEARCH] iter=5 current_violation=0 accepted_violation=0 accepted=1 alpha=1 delta_u_norm=0.109409
[SQP SUPPORT] iter=5 support_size=0 support_limit=-1 support_ok=1
[SQP] before_solve iter=6 vars=16 constraints=114 max_d=-3.398e-06
[QP WORST] iter=6 row=76 type=collision d=-3.398e-06
[QP WORST COLLISION] scenario=7 k=8 obstacle=0 disc=1
[SQP] after_solve iter=6 converged=1 status=0 iterations=6 primal_residual=4.09395e-16 dual_residual=1.66487e-06 x_size=16 x_finite=1
[SQP LINESEARCH] iter=6 current_violation=0 accepted_violation=0 accepted=1 alpha=1 delta_u_norm=0.10161
[SQP SUPPORT] iter=6 support_size=0 support_limit=-1 support_ok=1
[SQP] before_solve iter=7 vars=16 constraints=114 max_d=-2.6736e-06
[QP WORST] iter=7 row=76 type=collision d=-2.6736e-06
[QP WORST COLLISION] scenario=7 k=8 obstacle=0 disc=1
[SQP] after_solve iter=7 converged=1 status=0 iterations=6 primal_residual=4.30211e-16 dual_residual=1.8833e-06 x_size=16 x_finite=1
[SQP LINESEARCH] iter=7 current_violation=0 accepted_violation=0 accepted=1 alpha=1 delta_u_norm=0.095756
[SQP SUPPORT] iter=7 support_size=0 support_limit=-1 support_ok=1
[SQP] before_solve iter=8 vars=16 constraints=114 max_d=-2.22263e-06
[QP WORST] iter=8 row=76 type=collision d=-2.22263e-06
[QP WORST COLLISION] scenario=7 k=8 obstacle=0 disc=1
[SQP] after_solve iter=8 converged=1 status=0 iterations=6 primal_residual=3.9118e-16 dual_residual=2.42086e-06 x_size=16 x_finite=1
[SQP LINESEARCH] iter=8 current_violation=0 accepted_violation=0 accepted=1 alpha=1 delta_u_norm=0.0911513
[SQP SUPPORT] iter=8 support_size=0 support_limit=-1 support_ok=1
[SQP] before_solve iter=9 vars=16 constraints=114 max_d=-1.91945e-06
[QP WORST] iter=9 row=76 type=collision d=-1.91945e-06
[QP WORST COLLISION] scenario=7 k=8 obstacle=0 disc=1
[SQP] after_solve iter=9 converged=1 status=0 iterations=6 primal_residual=3.1572e-16 dual_residual=2.33995e-06 x_size=16 x_finite=1
[SQP LINESEARCH] iter=9 current_violation=0 accepted_violation=0 accepted=1 alpha=1 delta_u_norm=0.0873923
[SQP SUPPORT] iter=9 support_size=0 support_limit=-1 support_ok=1
[SQP FINAL] final_violation=0 violated_constraints=0
[SUPPORT FINAL] sqp_union=0 final_active=3 support_limit=-1
[SUPPORT FINAL IDS] 1 7 29
[SUPPORT UNION IDS]
[COLD START RECOVERY CHECK] ordinary_sqp_failed=0 seed_available=1 incompatible=0 try_homotopy=0
[HARNESS RESULT] step=16 success=1 controls=8 first_input_present=1
[MPC STEP METRICS] step=16 applied=1 success=1 fallback=0 a=-0.850775 omega=0.238761 dt=0.1 acceleration_weight=0.1 steering_weight=0.1 control_cost_unweighted=0.780824 control_cost_weighted=0.0780824 mpc_cost=-13.0998 solve_time=0.0391359 qp_solve_time=0.0257471 constraint_time=0.00724839 dro_risk_time=0.000412442 ambiguity_radius=0.00340691 certificate=not_requested
[EVAL SAFETY] step=17 min_center_distance=0.954385 min_clearance=0.0043852 collision_this_step=0 collision_run=0 collision_radius=0.95
[DRO SUMMARY] step=18 obstacle=0 S=40 rho=0.00332727 rho_raw=0.00332727 D_max=0.0115351 D_min=0.00578169 tv_bound=0.575485 eta=0.288448 eta_raw=0.288448 radius_m=18 radius_d=3 transport_cost=0.00332727 budget_usage=1 lambda=2.05088 q_support=2 nominal_risk=0.085791 qstar_risk=0.0926661 risk_lift=0.00687515 tv=0.377972
[DRO MODE] step=18 obstacle=0 mode=constant_velocity p=0.179487 risk=0.0824997 q=0 delta_q=-0.179487 q_times_S=0
[DRO MODE] step=18 obstacle=0 mode=turn_left p=0.282051 risk=0.070986 q=0.083567 delta_q=-0.198484 q_times_S=3.34268
[DRO MODE] step=18 obstacle=0 mode=turn_right p=0.538462 risk=0.0946431 q=0.916433 delta_q=0.377972 q_times_S=36.6573
[DRO SAMPLE] step=18 obstacle=0 mode=constant_velocity q=0 q_times_S=0 first_count=0 first_fraction=0 occupancy=0 occupancy_fraction=0
[DRO SAMPLE] step=18 obstacle=0 mode=turn_left q=0.083567 q_times_S=3.34268 first_count=3 first_fraction=0.075 occupancy=24 occupancy_fraction=0.075
[DRO SAMPLE] step=18 obstacle=0 mode=turn_right q=0.916433 q_times_S=36.6573 first_count=37 first_fraction=0.925 occupancy=296 occupancy_fraction=0.925
[RF BACKUP] available=1 controls=8 states=9
[FREE POLY] k=1 disc=0 raw=40 facets=2 vertices=5 rho=4.8 anchor_shift=0
[FREE POLY] k=1 disc=1 raw=40 facets=1 vertices=5 rho=0.800001 anchor_shift=0
[FREE POLY] k=1 disc=2 raw=40 facets=5 vertices=8 rho=4.8 anchor_shift=0
[FREE POLY] k=2 disc=0 raw=40 facets=3 vertices=6 rho=5.6 anchor_shift=0
[FREE POLY] k=2 disc=1 raw=40 facets=2 vertices=5 rho=1.6 anchor_shift=0
[FREE POLY] k=2 disc=2 raw=40 facets=5 vertices=8 rho=5.6 anchor_shift=0
[FREE POLY] k=3 disc=0 raw=40 facets=5 vertices=8 rho=6.4 anchor_shift=0
[FREE POLY] k=3 disc=1 raw=40 facets=5 vertices=8 rho=2.4 anchor_shift=0
[FREE POLY] k=3 disc=2 raw=40 facets=4 vertices=7 rho=6.4 anchor_shift=0
[FREE POLY] k=4 disc=0 raw=40 facets=7 vertices=10 rho=7.2 anchor_shift=0
[FREE POLY] k=4 disc=1 raw=40 facets=6 vertices=9 rho=3.2 anchor_shift=0
[FREE POLY] k=4 disc=2 raw=40 facets=4 vertices=7 rho=7.2 anchor_shift=0
[FREE POLY] k=5 disc=0 raw=40 facets=4 vertices=7 rho=8 anchor_shift=0
[FREE POLY] k=5 disc=1 raw=40 facets=4 vertices=7 rho=4 anchor_shift=0
[FREE POLY] k=5 disc=2 raw=40 facets=4 vertices=7 rho=8 anchor_shift=0
[FREE POLY] k=6 disc=0 raw=40 facets=4 vertices=7 rho=8.8 anchor_shift=0
[FREE POLY] k=6 disc=1 raw=40 facets=5 vertices=8 rho=4.8 anchor_shift=0
[FREE POLY] k=6 disc=2 raw=40 facets=5 vertices=8 rho=8.8 anchor_shift=0
[FREE POLY] k=7 disc=0 raw=40 facets=5 vertices=8 rho=9.6 anchor_shift=0
[FREE POLY] k=7 disc=1 raw=40 facets=6 vertices=8 rho=5.6 anchor_shift=0
[FREE POLY] k=7 disc=2 raw=40 facets=6 vertices=9 rho=9.6 anchor_shift=0
[FREE POLY] k=8 disc=0 raw=40 facets=4 vertices=7 rho=10.4 anchor_shift=0
[FREE POLY] k=8 disc=1 raw=40 facets=5 vertices=8 rho=6.4 anchor_shift=0
[FREE POLY] k=8 disc=2 raw=40 facets=4 vertices=7 rho=10.4 anchor_shift=0
[RF SUPPORT SEED] removed=0 support_limit=-1
[SQP] before_solve iter=0 vars=16 constraints=137 max_d=0.0320461
[QP WORST] iter=0 row=100 type=collision d=0.0320461
[QP WORST COLLISION] scenario=39 k=8 obstacle=0 disc=1
[SQP] after_solve iter=0 converged=1 status=0 iterations=5 primal_residual=2.09325e-09 dual_residual=9.50843e-06 x_size=16 x_finite=1
[SQP LINESEARCH] iter=0 current_violation=0.0320461 accepted_violation=0 accepted=1 alpha=1 delta_u_norm=0.583245
[SQP SUPPORT] iter=0 support_size=0 support_limit=-1 support_ok=1
[SQP] before_solve iter=1 vars=16 constraints=137 max_d=-0.00228245
[QP WORST] iter=1 row=100 type=collision d=-0.00228245
[QP WORST COLLISION] scenario=39 k=8 obstacle=0 disc=1
[SQP] after_solve iter=1 converged=1 status=0 iterations=5 primal_residual=3.91027e-08 dual_residual=9.76476e-05 x_size=16 x_finite=1
[SQP LINESEARCH] iter=1 current_violation=0 accepted_violation=0 accepted=1 alpha=0.5 delta_u_norm=0.349466
[SQP SUPPORT] iter=1 support_size=0 support_limit=-1 support_ok=1
[SQP] before_solve iter=2 vars=16 constraints=137 max_d=-0.00115742
[QP WORST] iter=2 row=100 type=collision d=-0.00115742
[QP WORST COLLISION] scenario=39 k=8 obstacle=0 disc=1
[SQP] after_solve iter=2 converged=1 status=0 iterations=5 primal_residual=7.28865e-09 dual_residual=3.47426e-05 x_size=16 x_finite=1
[SQP LINESEARCH] iter=2 current_violation=0 accepted_violation=0 accepted=1 alpha=1 delta_u_norm=0.323984
[SQP SUPPORT] iter=2 support_size=0 support_limit=-1 support_ok=1
[SQP] before_solve iter=3 vars=16 constraints=137 max_d=-4.01054e-05
[QP WORST] iter=3 row=100 type=collision d=-4.01054e-05
[QP WORST COLLISION] scenario=39 k=8 obstacle=0 disc=1
[SQP] after_solve iter=3 converged=1 status=0 iterations=5 primal_residual=1.44827e-08 dual_residual=5.70444e-05 x_size=16 x_finite=1
[SQP LINESEARCH] iter=3 current_violation=0 accepted_violation=0 accepted=1 alpha=1 delta_u_norm=0.298004
[SQP SUPPORT] iter=3 support_size=0 support_limit=-1 support_ok=1
[SQP] before_solve iter=4 vars=16 constraints=137 max_d=-1.81263e-05
[QP WORST] iter=4 row=100 type=collision d=-1.81263e-05
[QP WORST COLLISION] scenario=39 k=8 obstacle=0 disc=1
[SQP] after_solve iter=4 converged=1 status=0 iterations=5 primal_residual=4.50929e-09 dual_residual=6.09662e-05 x_size=16 x_finite=1
[SQP LINESEARCH] iter=4 current_violation=0 accepted_violation=0 accepted=1 alpha=1 delta_u_norm=0.229427
[SQP SUPPORT] iter=4 support_size=0 support_limit=-1 support_ok=1
[SQP] before_solve iter=5 vars=16 constraints=137 max_d=-1.19402e-05
[QP WORST] iter=5 row=100 type=collision d=-1.19402e-05
[QP WORST COLLISION] scenario=39 k=8 obstacle=0 disc=1
[SQP] after_solve iter=5 converged=1 status=0 iterations=5 primal_residual=4.35416e-16 dual_residual=6.05695e-05 x_size=16 x_finite=1
[SQP LINESEARCH] iter=5 current_violation=0 accepted_violation=0 accepted=1 alpha=1 delta_u_norm=0.1719
[SQP SUPPORT] iter=5 support_size=0 support_limit=-1 support_ok=1
[SQP] before_solve iter=6 vars=16 constraints=137 max_d=-9.47356e-06
[QP WORST] iter=6 row=100 type=collision d=-9.47356e-06
[QP WORST COLLISION] scenario=39 k=8 obstacle=0 disc=1
[SQP] after_solve iter=6 converged=1 status=0 iterations=5 primal_residual=4.31946e-16 dual_residual=3.18208e-05 x_size=16 x_finite=1
[SQP LINESEARCH] iter=6 current_violation=0 accepted_violation=0 accepted=1 alpha=1 delta_u_norm=0.150689
[SQP SUPPORT] iter=6 support_size=0 support_limit=-1 support_ok=1
[SQP] before_solve iter=7 vars=16 constraints=137 max_d=-6.81188e-06
[QP WORST] iter=7 row=100 type=collision d=-6.81188e-06
[QP WORST COLLISION] scenario=39 k=8 obstacle=0 disc=1
[SQP] after_solve iter=7 converged=1 status=0 iterations=5 primal_residual=4.41307e-09 dual_residual=1.20703e-05 x_size=16 x_finite=1
[SQP LINESEARCH] iter=7 current_violation=0 accepted_violation=0 accepted=1 alpha=1 delta_u_norm=0.107435
[SQP SUPPORT] iter=7 support_size=0 support_limit=-1 support_ok=1
[SQP] before_solve iter=8 vars=16 constraints=137 max_d=-2.8509e-06
[QP WORST] iter=8 row=100 type=collision d=-2.8509e-06
[QP WORST COLLISION] scenario=39 k=8 obstacle=0 disc=1
[SQP] after_solve iter=8 converged=1 status=0 iterations=6 primal_residual=4.30211e-16 dual_residual=7.40573e-07 x_size=16 x_finite=1
[SQP LINESEARCH] iter=8 current_violation=0 accepted_violation=0 accepted=1 alpha=1 delta_u_norm=0.076063
[SQP SUPPORT] iter=8 support_size=0 support_limit=-1 support_ok=1
[SQP] before_solve iter=9 vars=16 constraints=137 max_d=-1.52088e-07
[QP WORST] iter=9 row=100 type=collision d=-1.52088e-07
[QP WORST COLLISION] scenario=39 k=8 obstacle=0 disc=1
[SQP] after_solve iter=9 converged=1 status=0 iterations=6 primal_residual=4.05925e-16 dual_residual=8.14911e-07 x_size=16 x_finite=1
[SQP LINESEARCH] iter=9 current_violation=0 accepted_violation=0 accepted=1 alpha=1 delta_u_norm=0.0720057
[SQP SUPPORT] iter=9 support_size=0 support_limit=-1 support_ok=1
[SQP FINAL] final_violation=0 violated_constraints=0
[SUPPORT FINAL] sqp_union=0 final_active=2 support_limit=-1
[SUPPORT FINAL IDS] 28 39
[SUPPORT UNION IDS]
[COLD START RECOVERY CHECK] ordinary_sqp_failed=0 seed_available=1 incompatible=0 try_homotopy=0
[HARNESS RESULT] step=17 success=1 controls=8 first_input_present=1
[MPC STEP METRICS] step=17 applied=1 success=1 fallback=0 a=0.439509 omega=0.367375 dt=0.1 acceleration_weight=0.1 steering_weight=0.1 control_cost_unweighted=0.328132 control_cost_weighted=0.0328132 mpc_cost=-12.3265 solve_time=0.0405752 qp_solve_time=0.0267874 constraint_time=0.00759943 dro_risk_time=0.000488494 ambiguity_radius=0.00332727 certificate=not_requested
[EVAL SAFETY] step=18 min_center_distance=0.95495 min_clearance=0.00494952 collision_this_step=0 collision_run=0 collision_radius=0.95
[DRO SUMMARY] step=19 obstacle=0 S=40 rho=0.00323431 rho_raw=0.00323431 D_max=0.0115351 D_min=0.00578169 tv_bound=0.559406 eta=0.280389 eta_raw=0.280389 radius_m=19 radius_d=3 transport_cost=0.00323431 budget_usage=1 lambda=2.29889 q_support=2 nominal_risk=0.0710677 qstar_risk=0.0785068 risk_lift=0.00743916 tv=0.365545
[DRO MODE] step=19 obstacle=0 mode=constant_velocity p=0.170732 risk=0.068435 q=0 delta_q=-0.170732 q_times_S=0
[DRO MODE] step=19 obstacle=0 mode=turn_left p=0.317073 risk=0.055231 q=0.12226 delta_q=-0.194813 q_times_S=4.89039
[DRO MODE] step=19 obstacle=0 mode=turn_right p=0.512195 risk=0.0817489 q=0.87774 delta_q=0.365545 q_times_S=35.1096
[DRO SAMPLE] step=19 obstacle=0 mode=constant_velocity q=0 q_times_S=0 first_count=0 first_fraction=0 occupancy=0 occupancy_fraction=0
[DRO SAMPLE] step=19 obstacle=0 mode=turn_left q=0.12226 q_times_S=4.89039 first_count=5 first_fraction=0.125 occupancy=40 occupancy_fraction=0.125
[DRO SAMPLE] step=19 obstacle=0 mode=turn_right q=0.87774 q_times_S=35.1096 first_count=35 first_fraction=0.875 occupancy=280 occupancy_fraction=0.875
[RF BACKUP] available=1 controls=8 states=9
[FREE POLY] k=1 disc=0 raw=40 facets=3 vertices=6 rho=4.8 anchor_shift=0
[FREE POLY] k=1 disc=1 raw=40 facets=2 vertices=6 rho=0.800001 anchor_shift=0
[FREE POLY] k=1 disc=2 raw=40 facets=3 vertices=6 rho=4.8 anchor_shift=0
[FREE POLY] k=2 disc=0 raw=40 facets=5 vertices=8 rho=5.6 anchor_shift=0
[FREE POLY] k=2 disc=1 raw=40 facets=5 vertices=8 rho=1.6 anchor_shift=0
[FREE POLY] k=2 disc=2 raw=40 facets=6 vertices=9 rho=5.6 anchor_shift=0
[FREE POLY] k=3 disc=0 raw=40 facets=4 vertices=7 rho=6.4 anchor_shift=0
[FREE POLY] k=3 disc=1 raw=40 facets=5 vertices=8 rho=2.4 anchor_shift=0
[FREE POLY] k=3 disc=2 raw=40 facets=5 vertices=8 rho=6.4 anchor_shift=0
[FREE POLY] k=4 disc=0 raw=40 facets=4 vertices=7 rho=7.2 anchor_shift=0
[FREE POLY] k=4 disc=1 raw=40 facets=6 vertices=9 rho=3.2 anchor_shift=0
[FREE POLY] k=4 disc=2 raw=40 facets=5 vertices=8 rho=7.2 anchor_shift=0
[FREE POLY] k=5 disc=0 raw=40 facets=5 vertices=8 rho=8 anchor_shift=0
[FREE POLY] k=5 disc=1 raw=40 facets=5 vertices=8 rho=4 anchor_shift=0
[FREE POLY] k=5 disc=2 raw=40 facets=4 vertices=7 rho=8 anchor_shift=0
[FREE POLY] k=6 disc=0 raw=40 facets=4 vertices=7 rho=8.8 anchor_shift=0
[FREE POLY] k=6 disc=1 raw=40 facets=4 vertices=6 rho=4.8 anchor_shift=0
[FREE POLY] k=6 disc=2 raw=40 facets=4 vertices=7 rho=8.8 anchor_shift=0
[FREE POLY] k=7 disc=0 raw=40 facets=3 vertices=6 rho=9.6 anchor_shift=0
[FREE POLY] k=7 disc=1 raw=40 facets=4 vertices=7 rho=5.6 anchor_shift=0
[FREE POLY] k=7 disc=2 raw=40 facets=5 vertices=8 rho=9.6 anchor_shift=0
[FREE POLY] k=8 disc=0 raw=40 facets=3 vertices=6 rho=10.4 anchor_shift=0
[FREE POLY] k=8 disc=1 raw=40 facets=3 vertices=6 rho=6.4 anchor_shift=0
[FREE POLY] k=8 disc=2 raw=40 facets=4 vertices=7 rho=10.4 anchor_shift=0
[RF SUPPORT SEED] removed=0 support_limit=-1
[SQP] before_solve iter=0 vars=16 constraints=133 max_d=0.0481556
[QP WORST] iter=0 row=95 type=collision d=0.0481556
[QP WORST COLLISION] scenario=22 k=8 obstacle=0 disc=1
[SQP] after_solve iter=0 converged=1 status=0 iterations=5 primal_residual=4.4062e-16 dual_residual=7.64292e-08 x_size=16 x_finite=1
[SQP LINESEARCH] iter=0 current_violation=0.0481556 accepted_violation=0 accepted=1 alpha=1 delta_u_norm=0.586464
[SQP SUPPORT] iter=0 support_size=0 support_limit=-1 support_ok=1
[SQP] before_solve iter=1 vars=16 constraints=133 max_d=-0.00134554
[QP WORST] iter=1 row=95 type=collision d=-0.00134554
[QP WORST COLLISION] scenario=22 k=8 obstacle=0 disc=1
[SQP] after_solve iter=1 converged=1 status=0 iterations=5 primal_residual=4.30211e-16 dual_residual=9.50951e-06 x_size=16 x_finite=1
[SQP LINESEARCH] iter=1 current_violation=0 accepted_violation=0 accepted=1 alpha=1 delta_u_norm=0.387851
[SQP SUPPORT] iter=1 support_size=0 support_limit=-1 support_ok=1
[SQP] before_solve iter=2 vars=16 constraints=133 max_d=-4.58959e-05
[QP WORST] iter=2 row=95 type=collision d=-4.58959e-05
[QP WORST COLLISION] scenario=22 k=8 obstacle=0 disc=1
[SQP] after_solve iter=2 converged=1 status=0 iterations=5 primal_residual=3.35931e-12 dual_residual=8.41836e-06 x_size=16 x_finite=1
[SQP LINESEARCH] iter=2 current_violation=0 accepted_violation=0 accepted=1 alpha=1 delta_u_norm=0.359829
[SQP SUPPORT] iter=2 support_size=0 support_limit=-1 support_ok=1
[SQP] before_solve iter=3 vars=16 constraints=133 max_d=-2.52092e-05
[QP WORST] iter=3 row=95 type=collision d=-2.52092e-05
[QP WORST COLLISION] scenario=22 k=8 obstacle=0 disc=1
[SQP] after_solve iter=3 converged=1 status=0 iterations=4 primal_residual=1.50416e-08 dual_residual=8.66326e-05 x_size=16 x_finite=1
[SQP LINESEARCH] iter=3 current_violation=0 accepted_violation=0 accepted=1 alpha=1 delta_u_norm=0.240328
[SQP SUPPORT] iter=3 support_size=0 support_limit=-1 support_ok=1
[SQP] before_solve iter=4 vars=16 constraints=133 max_d=-1.49801e-05
[QP WORST] iter=4 row=95 type=collision d=-1.49801e-05
[QP WORST COLLISION] scenario=22 k=8 obstacle=0 disc=1
[SQP] after_solve iter=4 converged=1 status=0 iterations=5 primal_residual=2.66307e-10 dual_residual=9.4252e-06 x_size=16 x_finite=1
[SQP LINESEARCH] iter=4 current_violation=0 accepted_violation=0 accepted=1 alpha=1 delta_u_norm=0.189302
[SQP SUPPORT] iter=4 support_size=0 support_limit=-1 support_ok=1
[SQP] before_solve iter=5 vars=16 constraints=133 max_d=-9.05563e-06
[QP WORST] iter=5 row=95 type=collision d=-9.05563e-06
[QP WORST COLLISION] scenario=22 k=8 obstacle=0 disc=1
[SQP] after_solve iter=5 converged=1 status=0 iterations=5 primal_residual=3.7391e-10 dual_residual=1.10072e-05 x_size=16 x_finite=1
[SQP LINESEARCH] iter=5 current_violation=0 accepted_violation=0 accepted=1 alpha=1 delta_u_norm=0.103126
[SQP SUPPORT] iter=5 support_size=0 support_limit=-1 support_ok=1
[SQP] before_solve iter=6 vars=16 constraints=133 max_d=-1.18847e-06
[QP WORST] iter=6 row=95 type=collision d=-1.18847e-06
[QP WORST COLLISION] scenario=22 k=8 obstacle=0 disc=1
[SQP] after_solve iter=6 converged=1 status=0 iterations=5 primal_residual=2.63301e-09 dual_residual=9.01798e-06 x_size=16 x_finite=1
[SQP LINESEARCH] iter=6 current_violation=0 accepted_violation=0 accepted=1 alpha=1 delta_u_norm=0.0964169
[SQP SUPPORT] iter=6 support_size=0 support_limit=-1 support_ok=1
[SQP] before_solve iter=7 vars=16 constraints=133 max_d=-3.36151e-07
[QP WORST] iter=7 row=95 type=collision d=-3.36151e-07
[QP WORST COLLISION] scenario=22 k=8 obstacle=0 disc=1
[SQP] after_solve iter=7 converged=1 status=0 iterations=5 primal_residual=4.49489e-09 dual_residual=1.2929e-05 x_size=16 x_finite=1
[SQP LINESEARCH] iter=7 current_violation=0 accepted_violation=0 accepted=1 alpha=1 delta_u_norm=0.091308
[SQP SUPPORT] iter=7 support_size=0 support_limit=-1 support_ok=1
[SQP] before_solve iter=8 vars=16 constraints=133 max_d=-2.59021e-07
[QP WORST] iter=8 row=95 type=collision d=-2.59021e-07
[QP WORST COLLISION] scenario=22 k=8 obstacle=0 disc=1
[SQP] after_solve iter=8 converged=1 status=0 iterations=5 primal_residual=6.71188e-09 dual_residual=1.71615e-05 x_size=16 x_finite=1
[SQP LINESEARCH] iter=8 current_violation=0 accepted_violation=0 accepted=1 alpha=1 delta_u_norm=0.0865893
[SQP SUPPORT] iter=8 support_size=0 support_limit=-1 support_ok=1
[SQP] before_solve iter=9 vars=16 constraints=133 max_d=-2.11389e-07
[QP WORST] iter=9 row=95 type=collision d=-2.11389e-07
[QP WORST COLLISION] scenario=22 k=8 obstacle=0 disc=1
[SQP] after_solve iter=9 converged=1 status=0 iterations=5 primal_residual=9.09656e-09 dual_residual=2.13134e-05 x_size=16 x_finite=1
[SQP LINESEARCH] iter=9 current_violation=0 accepted_violation=0 accepted=1 alpha=1 delta_u_norm=0.0822088
[SQP SUPPORT] iter=9 support_size=0 support_limit=-1 support_ok=1
[SQP FINAL] final_violation=0 violated_constraints=0
[SUPPORT FINAL] sqp_union=0 final_active=1 support_limit=-1
[SUPPORT FINAL IDS] 22
[SUPPORT UNION IDS]
[COLD START RECOVERY CHECK] ordinary_sqp_failed=0 seed_available=1 incompatible=0 try_homotopy=0
[HARNESS RESULT] step=18 success=1 controls=8 first_input_present=1
[MPC STEP METRICS] step=18 applied=1 success=1 fallback=0 a=0.554083 omega=0.481404 dt=0.1 acceleration_weight=0.1 steering_weight=0.1 control_cost_unweighted=0.538758 control_cost_weighted=0.0538758 mpc_cost=-10.9919 solve_time=0.0403328 qp_solve_time=0.0266943 constraint_time=0.00742137 dro_risk_time=0.000405169 ambiguity_radius=0.00323431 certificate=not_requested
[EVAL SAFETY] step=19 min_center_distance=0.965676 min_clearance=0.0156759 collision_this_step=0 collision_run=0 collision_radius=0.95
[DRO SUMMARY] step=20 obstacle=0 S=40 rho=0.00316636 rho_raw=0.00316636 D_max=0.0115351 D_min=0.00578169 tv_bound=0.547654 eta=0.274498 eta_raw=0.274498 radius_m=20 radius_d=3 transport_cost=0 budget_usage=0 lambda=0 q_support=3 nominal_risk=0 qstar_risk=0 risk_lift=0 tv=0
[DRO MODE] step=20 obstacle=0 mode=constant_velocity p=0.162791 risk=0 q=0.162791 delta_q=0 q_times_S=6.51163
[DRO MODE] step=20 obstacle=0 mode=turn_left p=0.302326 risk=0 q=0.302326 delta_q=0 q_times_S=12.093
[DRO MODE] step=20 obstacle=0 mode=turn_right p=0.534884 risk=0 q=0.534884 delta_q=0 q_times_S=21.3953
[DRO SAMPLE] step=20 obstacle=0 mode=constant_velocity q=0.162791 q_times_S=6.51163 first_count=6 first_fraction=0.15 occupancy=48 occupancy_fraction=0.15
[DRO SAMPLE] step=20 obstacle=0 mode=turn_left q=0.302326 q_times_S=12.093 first_count=9 first_fraction=0.225 occupancy=72 occupancy_fraction=0.225
[DRO SAMPLE] step=20 obstacle=0 mode=turn_right q=0.534884 q_times_S=21.3953 first_count=25 first_fraction=0.625 occupancy=200 occupancy_fraction=0.625
[RF BACKUP] available=1 controls=8 states=9
[FREE POLY] k=1 disc=0 raw=40 facets=2 vertices=5 rho=4.8 anchor_shift=0
[FREE POLY] k=1 disc=1 raw=40 facets=1 vertices=5 rho=0.800001 anchor_shift=0
[FREE POLY] k=1 disc=2 raw=40 facets=5 vertices=8 rho=4.8 anchor_shift=0
[FREE POLY] k=2 disc=0 raw=40 facets=3 vertices=6 rho=5.6 anchor_shift=0
[FREE POLY] k=2 disc=1 raw=40 facets=2 vertices=5 rho=1.6 anchor_shift=0
[FREE POLY] k=2 disc=2 raw=40 facets=5 vertices=8 rho=5.6 anchor_shift=0
[FREE POLY] k=3 disc=0 raw=40 facets=6 vertices=9 rho=6.4 anchor_shift=0
[FREE POLY] k=3 disc=1 raw=40 facets=5 vertices=8 rho=2.4 anchor_shift=0
[FREE POLY] k=3 disc=2 raw=40 facets=5 vertices=8 rho=6.4 anchor_shift=0
[FREE POLY] k=4 disc=0 raw=40 facets=4 vertices=7 rho=7.2 anchor_shift=0
[FREE POLY] k=4 disc=1 raw=40 facets=3 vertices=6 rho=3.2 anchor_shift=0
[FREE POLY] k=4 disc=2 raw=40 facets=5 vertices=8 rho=7.2 anchor_shift=0
[FREE POLY] k=5 disc=0 raw=40 facets=4 vertices=7 rho=8 anchor_shift=0
[FREE POLY] k=5 disc=1 raw=40 facets=3 vertices=6 rho=4 anchor_shift=0
[FREE POLY] k=5 disc=2 raw=40 facets=5 vertices=8 rho=8 anchor_shift=0
[FREE POLY] k=6 disc=0 raw=40 facets=5 vertices=8 rho=8.8 anchor_shift=0
[FREE POLY] k=6 disc=1 raw=40 facets=4 vertices=7 rho=4.8 anchor_shift=0
[FREE POLY] k=6 disc=2 raw=40 facets=5 vertices=8 rho=8.8 anchor_shift=0
[FREE POLY] k=7 disc=0 raw=40 facets=4 vertices=7 rho=9.6 anchor_shift=0
[FREE POLY] k=7 disc=1 raw=40 facets=4 vertices=7 rho=5.6 anchor_shift=0
[FREE POLY] k=7 disc=2 raw=40 facets=5 vertices=8 rho=9.6 anchor_shift=0
[FREE POLY] k=8 disc=0 raw=40 facets=3 vertices=6 rho=10.4 anchor_shift=0
[FREE POLY] k=8 disc=1 raw=40 facets=4 vertices=7 rho=6.4 anchor_shift=0
[FREE POLY] k=8 disc=2 raw=40 facets=5 vertices=8 rho=10.4 anchor_shift=0
[RF SUPPORT SEED] removed=0 support_limit=-1
[SQP] before_solve iter=0 vars=16 constraints=129 max_d=-0.0549169
[QP WORST] iter=0 row=90 type=collision d=-0.0549169
[QP WORST COLLISION] scenario=17 k=8 obstacle=0 disc=1
[SQP] after_solve iter=0 converged=1 status=0 iterations=6 primal_residual=3.71231e-16 dual_residual=4.71081e-05 x_size=16 x_finite=1
[SQP LINESEARCH] iter=0 current_violation=0 accepted_violation=0 accepted=1 alpha=0.5 delta_u_norm=0.599097
[SQP SUPPORT] iter=0 support_size=0 support_limit=-1 support_ok=1
[SQP] before_solve iter=1 vars=16 constraints=129 max_d=-0.0270472
[QP WORST] iter=1 row=90 type=collision d=-0.0270472
[QP WORST COLLISION] scenario=17 k=8 obstacle=0 disc=1
[SQP] after_solve iter=1 converged=1 status=0 iterations=6 primal_residual=4.30211e-16 dual_residual=7.85547e-06 x_size=16 x_finite=1
[SQP LINESEARCH] iter=1 current_violation=0 accepted_violation=0 accepted=1 alpha=0.5 delta_u_norm=0.458323
[SQP SUPPORT] iter=1 support_size=0 support_limit=-1 support_ok=1
[SQP] before_solve iter=2 vars=16 constraints=129 max_d=-0.0134283
[QP WORST] iter=2 row=90 type=collision d=-0.0134283
[QP WORST COLLISION] scenario=17 k=8 obstacle=0 disc=1
[SQP] after_solve iter=2 converged=1 status=0 iterations=6 primal_residual=4.09395e-16 dual_residual=2.81655e-06 x_size=16 x_finite=1
[SQP LINESEARCH] iter=2 current_violation=0 accepted_violation=0 accepted=1 alpha=0.5 delta_u_norm=0.399382
[SQP SUPPORT] iter=2 support_size=0 support_limit=-1 support_ok=1
[SQP] before_solve iter=3 vars=16 constraints=129 max_d=-0.00669419
[QP WORST] iter=3 row=90 type=collision d=-0.00669419
[QP WORST COLLISION] scenario=17 k=8 obstacle=0 disc=1
[SQP] after_solve iter=3 converged=1 status=0 iterations=6 primal_residual=4.16334e-16 dual_residual=3.31177e-06 x_size=16 x_finite=1
[SQP LINESEARCH] iter=3 current_violation=0 accepted_violation=0 accepted=1 alpha=0.5 delta_u_norm=0.376104
[SQP SUPPORT] iter=3 support_size=0 support_limit=-1 support_ok=1
[SQP] before_solve iter=4 vars=16 constraints=129 max_d=-0.00334479
[QP WORST] iter=4 row=90 type=collision d=-0.00334479
[QP WORST COLLISION] scenario=17 k=8 obstacle=0 disc=1
[SQP] after_solve iter=4 converged=1 status=0 iterations=6 primal_residual=4.34548e-16 dual_residual=2.50469e-05 x_size=16 x_finite=1
[SQP LINESEARCH] iter=4 current_violation=0 accepted_violation=0 accepted=1 alpha=1 delta_u_norm=0.356341
[SQP SUPPORT] iter=4 support_size=0 support_limit=-1 support_ok=1
[SQP] before_solve iter=5 vars=16 constraints=129 max_d=-6.01327e-06
[QP WORST] iter=5 row=90 type=collision d=-6.01327e-06
[QP WORST COLLISION] scenario=17 k=8 obstacle=0 disc=1
[SQP] after_solve iter=5 converged=1 status=0 iterations=6 primal_residual=4.34548e-16 dual_residual=1.59039e-05 x_size=16 x_finite=1
[SQP LINESEARCH] iter=5 current_violation=0 accepted_violation=0 accepted=1 alpha=1 delta_u_norm=0.197229
[SQP SUPPORT] iter=5 support_size=0 support_limit=-1 support_ok=1
[SQP] before_solve iter=6 vars=16 constraints=129 max_d=-1.86092e-06
[QP WORST] iter=6 row=90 type=collision d=-1.86092e-06
[QP WORST COLLISION] scenario=17 k=8 obstacle=0 disc=1
[SQP] after_solve iter=6 converged=1 status=0 iterations=6 primal_residual=3.67761e-16 dual_residual=1.84932e-05 x_size=16 x_finite=1
[SQP LINESEARCH] iter=6 current_violation=0 accepted_violation=0 accepted=1 alpha=1 delta_u_norm=0.137132
[SQP SUPPORT] iter=6 support_size=0 support_limit=-1 support_ok=1
[SQP] before_solve iter=7 vars=16 constraints=129 max_d=-4.46044e-07
[QP WORST] iter=7 row=90 type=collision d=-4.46044e-07
[QP WORST COLLISION] scenario=17 k=8 obstacle=0 disc=1
[SQP] after_solve iter=7 converged=1 status=0 iterations=6 primal_residual=4.30211e-16 dual_residual=1.13631e-05 x_size=16 x_finite=1
[SQP LINESEARCH] iter=7 current_violation=0 accepted_violation=0 accepted=1 alpha=1 delta_u_norm=0.113655
[SQP SUPPORT] iter=7 support_size=0 support_limit=-1 support_ok=1
[SQP] before_solve iter=8 vars=16 constraints=129 max_d=-8.52281e-07
[QP WORST] iter=8 row=90 type=collision d=-8.52281e-07
[QP WORST COLLISION] scenario=17 k=8 obstacle=0 disc=1
[SQP] after_solve iter=8 converged=1 status=0 iterations=6 primal_residual=4.3715e-16 dual_residual=1.06504e-05 x_size=16 x_finite=1
[SQP LINESEARCH] iter=8 current_violation=0 accepted_violation=0 accepted=1 alpha=1 delta_u_norm=0.104433
[SQP SUPPORT] iter=8 support_size=0 support_limit=-1 support_ok=1
[SQP] before_solve iter=9 vars=16 constraints=129 max_d=-6.68429e-07
[QP WORST] iter=9 row=90 type=collision d=-6.68429e-07
[QP WORST COLLISION] scenario=17 k=8 obstacle=0 disc=1
[SQP] after_solve iter=9 converged=1 status=0 iterations=6 primal_residual=4.33681e-16 dual_residual=1.06675e-05 x_size=16 x_finite=1
[SQP LINESEARCH] iter=9 current_violation=0 accepted_violation=0 accepted=1 alpha=1 delta_u_norm=0.0978883
[SQP SUPPORT] iter=9 support_size=0 support_limit=-1 support_ok=1
[SQP FINAL] final_violation=0 violated_constraints=0
[SUPPORT FINAL] sqp_union=0 final_active=1 support_limit=-1
[SUPPORT FINAL IDS] 17
[SUPPORT UNION IDS]
[COLD START RECOVERY CHECK] ordinary_sqp_failed=0 seed_available=1 incompatible=0 try_homotopy=0
[HARNESS RESULT] step=19 success=1 controls=8 first_input_present=1
[MPC STEP METRICS] step=19 applied=1 success=1 fallback=0 a=0.45336 omega=-0.170074 dt=0.1 acceleration_weight=0.1 steering_weight=0.1 control_cost_unweighted=0.23446 control_cost_weighted=0.023446 mpc_cost=-10.6718 solve_time=0.0421226 qp_solve_time=0.028575 constraint_time=0.00753975 dro_risk_time=0.000405529 ambiguity_radius=0.00316636 certificate=not_requested
[EVAL SAFETY] step=20 min_center_distance=1.10447 min_clearance=0.154466 collision_this_step=0 collision_run=0 collision_radius=0.95
[DRO SUMMARY] step=21 obstacle=0 S=40 rho=0.00308434 rho_raw=0.00308434 D_max=0.0115351 D_min=0.00578169 tv_bound=0.533467 eta=0.267387 eta_raw=0.267387 radius_m=21 radius_d=3 transport_cost=0.00308434 budget_usage=1 lambda=1.35168 q_support=2 nominal_risk=0.00883889 qstar_risk=0.0133479 risk_lift=0.00450898 tv=0.344974
[DRO MODE] step=21 obstacle=0 mode=constant_velocity p=0.155556 risk=0.0055914 q=0 delta_q=-0.155556 q_times_S=0
[DRO MODE] step=21 obstacle=0 mode=turn_left p=0.333333 risk=0 q=0.143915 delta_q=-0.189419 q_times_S=5.75658
[DRO MODE] step=21 obstacle=0 mode=turn_right p=0.511111 risk=0.0155917 q=0.856085 delta_q=0.344974 q_times_S=34.2434
[DRO SAMPLE] step=21 obstacle=0 mode=constant_velocity q=0 q_times_S=0 first_count=0 first_fraction=0 occupancy=0 occupancy_fraction=0
[DRO SAMPLE] step=21 obstacle=0 mode=turn_left q=0.143915 q_times_S=5.75658 first_count=6 first_fraction=0.15 occupancy=48 occupancy_fraction=0.15
[DRO SAMPLE] step=21 obstacle=0 mode=turn_right q=0.856085 q_times_S=34.2434 first_count=34 first_fraction=0.85 occupancy=272 occupancy_fraction=0.85
[RF BACKUP] available=1 controls=8 states=9
[FREE POLY] k=1 disc=0 raw=40 facets=5 vertices=8 rho=4.8 anchor_shift=0
[FREE POLY] k=1 disc=1 raw=40 facets=2 vertices=5 rho=0.800001 anchor_shift=0
[FREE POLY] k=1 disc=2 raw=40 facets=5 vertices=8 rho=4.8 anchor_shift=0
[FREE POLY] k=2 disc=0 raw=40 facets=4 vertices=7 rho=5.6 anchor_shift=0
[FREE POLY] k=2 disc=1 raw=40 facets=3 vertices=6 rho=1.6 anchor_shift=0
[FREE POLY] k=2 disc=2 raw=40 facets=4 vertices=7 rho=5.6 anchor_shift=0
[FREE POLY] k=3 disc=0 raw=40 facets=6 vertices=9 rho=6.4 anchor_shift=0
[FREE POLY] k=3 disc=1 raw=40 facets=4 vertices=7 rho=2.4 anchor_shift=0
[FREE POLY] k=3 disc=2 raw=40 facets=5 vertices=8 rho=6.4 anchor_shift=0
[FREE POLY] k=4 disc=0 raw=40 facets=4 vertices=7 rho=7.2 anchor_shift=0
[FREE POLY] k=4 disc=1 raw=40 facets=3 vertices=6 rho=3.2 anchor_shift=0
[FREE POLY] k=4 disc=2 raw=40 facets=6 vertices=9 rho=7.2 anchor_shift=0
[FREE POLY] k=5 disc=0 raw=40 facets=4 vertices=7 rho=8 anchor_shift=0
[FREE POLY] k=5 disc=1 raw=40 facets=3 vertices=6 rho=4 anchor_shift=0
[FREE POLY] k=5 disc=2 raw=40 facets=5 vertices=8 rho=8 anchor_shift=0
[FREE POLY] k=6 disc=0 raw=40 facets=3 vertices=6 rho=8.8 anchor_shift=0
[FREE POLY] k=6 disc=1 raw=40 facets=4 vertices=7 rho=4.8 anchor_shift=0
[FREE POLY] k=6 disc=2 raw=40 facets=6 vertices=9 rho=8.8 anchor_shift=0
[FREE POLY] k=7 disc=0 raw=40 facets=3 vertices=6 rho=9.6 anchor_shift=0
[FREE POLY] k=7 disc=1 raw=40 facets=4 vertices=7 rho=5.6 anchor_shift=0
[FREE POLY] k=7 disc=2 raw=40 facets=5 vertices=8 rho=9.6 anchor_shift=0
[FREE POLY] k=8 disc=0 raw=40 facets=3 vertices=6 rho=10.4 anchor_shift=0
[FREE POLY] k=8 disc=1 raw=40 facets=4 vertices=7 rho=6.4 anchor_shift=0
[FREE POLY] k=8 disc=2 raw=40 facets=5 vertices=9 rho=10.4 anchor_shift=0
[RF SUPPORT SEED] removed=0 support_limit=-1
[SQP] before_solve iter=0 vars=16 constraints=132 max_d=-0.0320003
[QP WORST] iter=0 row=56 type=collision d=-0.0320003
[QP WORST COLLISION] scenario=34 k=5 obstacle=0 disc=1
[SQP] after_solve iter=0 converged=1 status=0 iterations=7 primal_residual=4.23273e-16 dual_residual=2.70506e-06 x_size=16 x_finite=1
[SQP LINESEARCH] iter=0 current_violation=0 accepted_violation=0 accepted=1 alpha=0.5 delta_u_norm=0.72379
[SQP SUPPORT] iter=0 support_size=0 support_limit=-1 support_ok=1
[SQP] before_solve iter=1 vars=16 constraints=132 max_d=-0.0168992
[QP WORST] iter=1 row=67 type=collision d=-0.0168992
[QP WORST COLLISION] scenario=11 k=6 obstacle=0 disc=1
[SQP] after_solve iter=1 converged=1 status=0 iterations=7 primal_residual=4.44089e-16 dual_residual=1.19799e-05 x_size=16 x_finite=1
[SQP LINESEARCH] iter=1 current_violation=0 accepted_violation=0 accepted=1 alpha=0.5 delta_u_norm=0.543415
[SQP SUPPORT] iter=1 support_size=0 support_limit=-1 support_ok=1
[SQP] before_solve iter=2 vars=16 constraints=132 max_d=-0.00859458
[QP WORST] iter=2 row=79 type=collision d=-0.00859458
[QP WORST COLLISION] scenario=11 k=7 obstacle=0 disc=1
[SQP] after_solve iter=2 converged=1 status=0 iterations=7 primal_residual=4.27392e-16 dual_residual=2.49844e-05 x_size=16 x_finite=1
[SQP LINESEARCH] iter=2 current_violation=0 accepted_violation=0 accepted=1 alpha=0.5 delta_u_norm=0.312749
[SQP SUPPORT] iter=2 support_size=0 support_limit=-1 support_ok=1
[SQP] before_solve iter=3 vars=16 constraints=132 max_d=-0.00427596
[QP WORST] iter=3 row=79 type=collision d=-0.00427596
[QP WORST COLLISION] scenario=11 k=7 obstacle=0 disc=1
[SQP] after_solve iter=3 converged=1 status=0 iterations=7 primal_residual=3.73833e-16 dual_residual=3.33782e-05 x_size=16 x_finite=1
[SQP LINESEARCH] iter=3 current_violation=0 accepted_violation=0 accepted=1 alpha=0.5 delta_u_norm=0.211054
[SQP SUPPORT] iter=3 support_size=0 support_limit=-1 support_ok=1
[SQP] before_solve iter=4 vars=16 constraints=132 max_d=-0.00213171
[QP WORST] iter=4 row=79 type=collision d=-0.00213171
[QP WORST COLLISION] scenario=11 k=7 obstacle=0 disc=1
[SQP] after_solve iter=4 converged=1 status=0 iterations=7 primal_residual=4.44143e-16 dual_residual=3.89885e-05 x_size=16 x_finite=1
[SQP LINESEARCH] iter=4 current_violation=0 accepted_violation=0 accepted=1 alpha=0.5 delta_u_norm=0.168891
[SQP SUPPORT] iter=4 support_size=0 support_limit=-1 support_ok=1
[SQP] before_solve iter=5 vars=16 constraints=132 max_d=-0.00106407
[QP WORST] iter=5 row=79 type=collision d=-0.00106407
[QP WORST COLLISION] scenario=11 k=7 obstacle=0 disc=1
[SQP] after_solve iter=5 converged=1 status=0 iterations=6 primal_residual=4.37692e-16 dual_residual=6.44944e-05 x_size=16 x_finite=1
[SQP LINESEARCH] iter=5 current_violation=0 accepted_violation=0 accepted=1 alpha=0.5 delta_u_norm=0.150008
[SQP SUPPORT] iter=5 support_size=0 support_limit=-1 support_ok=1
[SQP] before_solve iter=6 vars=16 constraints=132 max_d=-0.000532357
[QP WORST] iter=6 row=79 type=collision d=-0.000532357
[QP WORST COLLISION] scenario=11 k=7 obstacle=0 disc=1
[SQP] after_solve iter=6 converged=1 status=0 iterations=6 primal_residual=4.33139e-16 dual_residual=6.34671e-05 x_size=16 x_finite=1
[SQP LINESEARCH] iter=6 current_violation=0 accepted_violation=0 accepted=1 alpha=1 delta_u_norm=0.138946
[SQP SUPPORT] iter=6 support_size=0 support_limit=-1 support_ok=1
[SQP] before_solve iter=7 vars=16 constraints=132 max_d=-1.47244e-06
[QP WORST] iter=7 row=79 type=collision d=-1.47244e-06
[QP WORST COLLISION] scenario=11 k=7 obstacle=0 disc=1
[SQP] after_solve iter=7 converged=1 status=0 iterations=6 primal_residual=4.42192e-16 dual_residual=9.60707e-05 x_size=16 x_finite=1
[SQP LINESEARCH] iter=7 current_violation=0 accepted_violation=0 accepted=1 alpha=1 delta_u_norm=0.127136
[SQP SUPPORT] iter=7 support_size=0 support_limit=-1 support_ok=1
[SQP] before_solve iter=8 vars=16 constraints=132 max_d=-2.89017e-06
[QP WORST] iter=8 row=79 type=collision d=-2.89017e-06
[QP WORST COLLISION] scenario=11 k=7 obstacle=0 disc=1
[SQP] after_solve iter=8 converged=1 status=0 iterations=6 primal_residual=4.16334e-16 dual_residual=9.39055e-05 x_size=16 x_finite=1
[SQP LINESEARCH] iter=8 current_violation=0 accepted_violation=0 accepted=1 alpha=1 delta_u_norm=0.119522
[SQP SUPPORT] iter=8 support_size=0 support_limit=-1 support_ok=1
[SQP] before_solve iter=9 vars=16 constraints=132 max_d=-2.00222e-06
[QP WORST] iter=9 row=79 type=collision d=-2.00222e-06
[QP WORST COLLISION] scenario=11 k=7 obstacle=0 disc=1
[SQP] after_solve iter=9 converged=1 status=0 iterations=6 primal_residual=3.67978e-16 dual_residual=9.03212e-05 x_size=16 x_finite=1
[SQP LINESEARCH] iter=9 current_violation=0 accepted_violation=0 accepted=1 alpha=1 delta_u_norm=0.11262
[SQP SUPPORT] iter=9 support_size=0 support_limit=-1 support_ok=1
[SQP FINAL] final_violation=0 violated_constraints=0
[SUPPORT FINAL] sqp_union=0 final_active=1 support_limit=-1
[SUPPORT FINAL IDS] 11
[SUPPORT UNION IDS]
[COLD START RECOVERY CHECK] ordinary_sqp_failed=0 seed_available=1 incompatible=0 try_homotopy=0
[HARNESS RESULT] step=20 success=1 controls=8 first_input_present=1
[MPC STEP METRICS] step=20 applied=1 success=1 fallback=0 a=0.434343 omega=-0.571153 dt=0.1 acceleration_weight=0.1 steering_weight=0.1 control_cost_unweighted=0.51487 control_cost_weighted=0.051487 mpc_cost=-10.1062 solve_time=0.0429069 qp_solve_time=0.0294003 constraint_time=0.00747766 dro_risk_time=0.000408455 ambiguity_radius=0.00308434 certificate=not_requested
[EVAL SAFETY] step=21 min_center_distance=1.31263 min_clearance=0.362629 collision_this_step=0 collision_run=0 collision_radius=0.95
[PATH COMPLETION] step=21 completion_progress=4.07046 path_length=25 fraction=0.162818 required_fraction=0.95 termination_enabled=1 completed=0
[DRO SUMMARY] step=22 obstacle=0 S=40 rho=0.00302548 rho_raw=0.00302548 D_max=0.0115351 D_min=0.00578169 tv_bound=0.523287 eta=0.262285 eta_raw=0.262285 radius_m=22 radius_d=3 transport_cost=0.00302548 budget_usage=1 lambda=0.949108 q_support=2 nominal_risk=0.00655429 qstar_risk=0.00950822 risk_lift=0.00295393 tv=0.33657
[DRO MODE] step=22 obstacle=0 mode=constant_velocity p=0.148936 risk=0.00490718 q=0 delta_q=-0.148936 q_times_S=0
[DRO MODE] step=22 obstacle=0 mode=turn_left p=0.319149 risk=0 q=0.131515 delta_q=-0.187634 q_times_S=5.2606
[DRO MODE] step=22 obstacle=0 mode=turn_right p=0.531915 risk=0.0109481 q=0.868485 delta_q=0.33657 q_times_S=34.7394
[DRO SAMPLE] step=22 obstacle=0 mode=constant_velocity q=0 q_times_S=0 first_count=0 first_fraction=0 occupancy=0 occupancy_fraction=0
[DRO SAMPLE] step=22 obstacle=0 mode=turn_left q=0.131515 q_times_S=5.2606 first_count=5 first_fraction=0.125 occupancy=40 occupancy_fraction=0.125
[DRO SAMPLE] step=22 obstacle=0 mode=turn_right q=0.868485 q_times_S=34.7394 first_count=35 first_fraction=0.875 occupancy=280 occupancy_fraction=0.875
[RF BACKUP] available=1 controls=8 states=9
[FREE POLY] k=1 disc=0 raw=40 facets=3 vertices=6 rho=4.8 anchor_shift=0
[FREE POLY] k=1 disc=1 raw=40 facets=3 vertices=6 rho=0.800001 anchor_shift=0
[FREE POLY] k=1 disc=2 raw=40 facets=4 vertices=7 rho=4.8 anchor_shift=0
[FREE POLY] k=2 disc=0 raw=40 facets=3 vertices=6 rho=5.6 anchor_shift=0
[FREE POLY] k=2 disc=1 raw=40 facets=4 vertices=7 rho=1.6 anchor_shift=0
[FREE POLY] k=2 disc=2 raw=40 facets=3 vertices=6 rho=5.6 anchor_shift=0
[FREE POLY] k=3 disc=0 raw=40 facets=4 vertices=7 rho=6.4 anchor_shift=0
[FREE POLY] k=3 disc=1 raw=40 facets=4 vertices=7 rho=2.4 anchor_shift=0
[FREE POLY] k=3 disc=2 raw=40 facets=3 vertices=6 rho=6.4 anchor_shift=0
[FREE POLY] k=4 disc=0 raw=40 facets=6 vertices=9 rho=7.2 anchor_shift=0
[FREE POLY] k=4 disc=1 raw=40 facets=6 vertices=9 rho=3.2 anchor_shift=0
[FREE POLY] k=4 disc=2 raw=40 facets=5 vertices=8 rho=7.2 anchor_shift=0
[FREE POLY] k=5 disc=0 raw=40 facets=6 vertices=9 rho=8 anchor_shift=0
[FREE POLY] k=5 disc=1 raw=40 facets=4 vertices=7 rho=4 anchor_shift=0
[FREE POLY] k=5 disc=2 raw=40 facets=5 vertices=8 rho=8 anchor_shift=0
[FREE POLY] k=6 disc=0 raw=40 facets=5 vertices=8 rho=8.8 anchor_shift=0
[FREE POLY] k=6 disc=1 raw=40 facets=3 vertices=6 rho=4.8 anchor_shift=0
[FREE POLY] k=6 disc=2 raw=40 facets=4 vertices=8 rho=8.8 anchor_shift=0
[FREE POLY] k=7 disc=0 raw=40 facets=5 vertices=8 rho=9.6 anchor_shift=0
[FREE POLY] k=7 disc=1 raw=40 facets=5 vertices=8 rho=5.6 anchor_shift=0
[FREE POLY] k=7 disc=2 raw=40 facets=5 vertices=9 rho=9.6 anchor_shift=0
[FREE POLY] k=8 disc=0 raw=40 facets=5 vertices=8 rho=10.4 anchor_shift=0
[FREE POLY] k=8 disc=1 raw=40 facets=5 vertices=8 rho=6.4 anchor_shift=0
[FREE POLY] k=8 disc=2 raw=40 facets=5 vertices=8 rho=10.4 anchor_shift=0
[RF SUPPORT SEED] removed=0 support_limit=-1
[SQP] before_solve iter=0 vars=16 constraints=137 max_d=-0.00605969
[QP WORST] iter=0 row=55 type=collision d=-0.00605969
[QP WORST COLLISION] scenario=10 k=5 obstacle=0 disc=1
[SQP] after_solve iter=0 converged=1 status=0 iterations=6 primal_residual=4.42029e-16 dual_residual=7.49302e-08 x_size=16 x_finite=1
[SQP LINESEARCH] iter=0 current_violation=0 accepted_violation=0 accepted=1 alpha=1 delta_u_norm=0.59053
[SQP SUPPORT] iter=0 support_size=0 support_limit=-1 support_ok=1
[SQP] before_solve iter=1 vars=16 constraints=137 max_d=-3.41328e-05
[QP WORST] iter=1 row=55 type=collision d=-3.41328e-05
[QP WORST COLLISION] scenario=10 k=5 obstacle=0 disc=1
[SQP] after_solve iter=1 converged=1 status=0 iterations=6 primal_residual=2.17256e-10 dual_residual=3.67072e-06 x_size=16 x_finite=1
[SQP LINESEARCH] iter=1 current_violation=0 accepted_violation=0 accepted=1 alpha=0.5 delta_u_norm=0.372152
[SQP SUPPORT] iter=1 support_size=0 support_limit=-1 support_ok=1
[SQP] before_solve iter=2 vars=16 constraints=137 max_d=-1.68453e-05
[QP WORST] iter=2 row=55 type=collision d=-1.68453e-05
[QP WORST COLLISION] scenario=10 k=5 obstacle=0 disc=1
[SQP] after_solve iter=2 converged=1 status=0 iterations=6 primal_residual=4.00404e-10 dual_residual=6.55518e-06 x_size=16 x_finite=1
[SQP LINESEARCH] iter=2 current_violation=0 accepted_violation=0 accepted=1 alpha=0.5 delta_u_norm=0.24088
[SQP SUPPORT] iter=2 support_size=0 support_limit=-1 support_ok=1
[SQP] before_solve iter=3 vars=16 constraints=137 max_d=-8.24794e-06
[QP WORST] iter=3 row=55 type=collision d=-8.24794e-06
[QP WORST COLLISION] scenario=10 k=5 obstacle=0 disc=1
[SQP] after_solve iter=3 converged=1 status=0 iterations=6 primal_residual=6.29803e-10 dual_residual=1.0829e-05 x_size=16 x_finite=1
[SQP LINESEARCH] iter=3 current_violation=0 accepted_violation=0 accepted=1 alpha=0.5 delta_u_norm=0.186262
[SQP SUPPORT] iter=3 support_size=0 support_limit=-1 support_ok=1
[SQP] before_solve iter=4 vars=16 constraints=137 max_d=-3.98846e-06
[QP WORST] iter=4 row=55 type=collision d=-3.98846e-06
[QP WORST COLLISION] scenario=10 k=5 obstacle=0 disc=1
[SQP] after_solve iter=4 converged=1 status=0 iterations=6 primal_residual=9.06545e-10 dual_residual=1.65636e-05 x_size=16 x_finite=1
[SQP LINESEARCH] iter=4 current_violation=0 accepted_violation=0 accepted=1 alpha=0.5 delta_u_norm=0.162257
[SQP SUPPORT] iter=4 support_size=0 support_limit=-1 support_ok=1
[SQP] before_solve iter=5 vars=16 constraints=137 max_d=-1.89141e-06
[QP WORST] iter=5 row=55 type=collision d=-1.89141e-06
[QP WORST COLLISION] scenario=10 k=5 obstacle=0 disc=1
[SQP] after_solve iter=5 converged=1 status=0 iterations=6 primal_residual=1.21142e-09 dual_residual=2.35245e-05 x_size=16 x_finite=1
[SQP LINESEARCH] iter=5 current_violation=0 accepted_violation=0 accepted=1 alpha=0.5 delta_u_norm=0.148896
[SQP SUPPORT] iter=5 support_size=0 support_limit=-1 support_ok=1
[SQP] before_solve iter=6 vars=16 constraints=137 max_d=-8.69718e-07
[QP WORST] iter=6 row=55 type=collision d=-8.69718e-07
[QP WORST COLLISION] scenario=10 k=5 obstacle=0 disc=1
[SQP] after_solve iter=6 converged=1 status=0 iterations=6 primal_residual=1.51172e-09 dual_residual=3.108e-05 x_size=16 x_finite=1
[SQP LINESEARCH] iter=6 current_violation=0 accepted_violation=0 accepted=1 alpha=0.5 delta_u_norm=0.139399
[SQP SUPPORT] iter=6 support_size=0 support_limit=-1 support_ok=1
[SQP] before_solve iter=7 vars=16 constraints=137 max_d=-3.80514e-07
[QP WORST] iter=7 row=55 type=collision d=-3.80514e-07
[QP WORST COLLISION] scenario=10 k=5 obstacle=0 disc=1
[SQP] after_solve iter=7 converged=1 status=0 iterations=6 primal_residual=1.77324e-09 dual_residual=3.83351e-05 x_size=16 x_finite=1
[SQP LINESEARCH] iter=7 current_violation=0 accepted_violation=0 accepted=1 alpha=0.5 delta_u_norm=0.131675
[SQP SUPPORT] iter=7 support_size=0 support_limit=-1 support_ok=1
[SQP] before_solve iter=8 vars=16 constraints=137 max_d=-1.52964e-07
[QP WORST] iter=8 row=55 type=collision d=-1.52964e-07
[QP WORST COLLISION] scenario=10 k=5 obstacle=0 disc=1
[SQP] after_solve iter=8 converged=1 status=0 iterations=6 primal_residual=1.96991e-09 dual_residual=4.43918e-05 x_size=16 x_finite=1
[SQP LINESEARCH] iter=8 current_violation=0 accepted_violation=0 accepted=1 alpha=0.5 delta_u_norm=0.125044
[SQP SUPPORT] iter=8 support_size=0 support_limit=-1 support_ok=1
[SQP] before_solve iter=9 vars=16 constraints=137 max_d=-5.21711e-08
[QP WORST] iter=9 row=55 type=collision d=-5.21711e-08
[QP WORST COLLISION] scenario=10 k=5 obstacle=0 disc=1
[SQP] after_solve iter=9 converged=1 status=0 iterations=6 primal_residual=2.09014e-09 dual_residual=4.86294e-05 x_size=16 x_finite=1
[SQP LINESEARCH] iter=9 current_violation=0 accepted_violation=0 accepted=1 alpha=0.5 delta_u_norm=0.119242
[SQP SUPPORT] iter=9 support_size=0 support_limit=-1 support_ok=1
[SQP FINAL] final_violation=0 violated_constraints=0
[SUPPORT FINAL] sqp_union=0 final_active=1 support_limit=-1
[SUPPORT FINAL IDS] 10
[SUPPORT UNION IDS]
[COLD START RECOVERY CHECK] ordinary_sqp_failed=0 seed_available=1 incompatible=0 try_homotopy=0
[HARNESS RESULT] step=21 success=1 controls=8 first_input_present=1
[MPC STEP METRICS] step=21 applied=1 success=1 fallback=0 a=-0.175506 omega=-0.8 dt=0.1 acceleration_weight=0.1 steering_weight=0.1 control_cost_unweighted=0.670802 control_cost_weighted=0.0670802 mpc_cost=-9.40872 solve_time=0.0452254 qp_solve_time=0.0315618 constraint_time=0.00759992 dro_risk_time=0.00045956 ambiguity_radius=0.00302548 certificate=not_requested
[EVAL SAFETY] step=22 min_center_distance=1.20032 min_clearance=0.250321 collision_this_step=0 collision_run=0 collision_radius=0.95
[DRO SUMMARY] step=23 obstacle=0 S=40 rho=0.00295265 rho_raw=0.00295265 D_max=0.0115351 D_min=0.00578169 tv_bound=0.510691 eta=0.255971 eta_raw=0.255971 radius_m=23 radius_d=3 transport_cost=0 budget_usage=0 lambda=0 q_support=3 nominal_risk=0 qstar_risk=0 risk_lift=0 tv=0
[DRO MODE] step=23 obstacle=0 mode=constant_velocity p=0.142857 risk=0 q=0.142857 delta_q=0 q_times_S=5.71429
[DRO MODE] step=23 obstacle=0 mode=turn_left p=0.346939 risk=0 q=0.346939 delta_q=0 q_times_S=13.8776
[DRO MODE] step=23 obstacle=0 mode=turn_right p=0.510204 risk=0 q=0.510204 delta_q=0 q_times_S=20.4082
[DRO SAMPLE] step=23 obstacle=0 mode=constant_velocity q=0.142857 q_times_S=5.71429 first_count=9 first_fraction=0.225 occupancy=72 occupancy_fraction=0.225
[DRO SAMPLE] step=23 obstacle=0 mode=turn_left q=0.346939 q_times_S=13.8776 first_count=10 first_fraction=0.25 occupancy=80 occupancy_fraction=0.25
[DRO SAMPLE] step=23 obstacle=0 mode=turn_right q=0.510204 q_times_S=20.4082 first_count=21 first_fraction=0.525 occupancy=168 occupancy_fraction=0.525
[RF BACKUP] available=1 controls=8 states=9
[FREE POLY] k=1 disc=0 raw=40 facets=5 vertices=8 rho=4.8 anchor_shift=0
[FREE POLY] k=1 disc=1 raw=40 facets=3 vertices=7 rho=0.800001 anchor_shift=0
[FREE POLY] k=1 disc=2 raw=40 facets=4 vertices=7 rho=4.8 anchor_shift=0
[FREE POLY] k=2 disc=0 raw=40 facets=4 vertices=7 rho=5.6 anchor_shift=0
[FREE POLY] k=2 disc=1 raw=40 facets=5 vertices=8 rho=1.6 anchor_shift=0
[FREE POLY] k=2 disc=2 raw=40 facets=5 vertices=8 rho=5.6 anchor_shift=0
[FREE POLY] k=3 disc=0 raw=40 facets=4 vertices=7 rho=6.4 anchor_shift=0
[FREE POLY] k=3 disc=1 raw=40 facets=3 vertices=6 rho=2.4 anchor_shift=0
[FREE POLY] k=3 disc=2 raw=40 facets=4 vertices=7 rho=6.4 anchor_shift=0
[FREE POLY] k=4 disc=0 raw=40 facets=4 vertices=7 rho=7.2 anchor_shift=0
[FREE POLY] k=4 disc=1 raw=40 facets=3 vertices=6 rho=3.2 anchor_shift=0
[FREE POLY] k=4 disc=2 raw=40 facets=5 vertices=9 rho=7.2 anchor_shift=0
[FREE POLY] k=5 disc=0 raw=40 facets=3 vertices=6 rho=8 anchor_shift=0
[FREE POLY] k=5 disc=1 raw=40 facets=4 vertices=7 rho=4 anchor_shift=0
[FREE POLY] k=5 disc=2 raw=40 facets=5 vertices=9 rho=8 anchor_shift=0
[FREE POLY] k=6 disc=0 raw=40 facets=4 vertices=7 rho=8.8 anchor_shift=0
[FREE POLY] k=6 disc=1 raw=40 facets=5 vertices=8 rho=4.8 anchor_shift=0
[FREE POLY] k=6 disc=2 raw=40 facets=5 vertices=9 rho=8.8 anchor_shift=0
[FREE POLY] k=7 disc=0 raw=40 facets=4 vertices=7 rho=9.6 anchor_shift=0
[FREE POLY] k=7 disc=1 raw=40 facets=5 vertices=8 rho=5.6 anchor_shift=0
[FREE POLY] k=7 disc=2 raw=40 facets=5 vertices=8 rho=9.6 anchor_shift=0
[FREE POLY] k=8 disc=0 raw=40 facets=4 vertices=7 rho=10.4 anchor_shift=0
[FREE POLY] k=8 disc=1 raw=40 facets=5 vertices=8 rho=6.4 anchor_shift=0
[FREE POLY] k=8 disc=2 raw=40 facets=5 vertices=8 rho=10.4 anchor_shift=0
[RF SUPPORT SEED] removed=0 support_limit=-1
[SQP] before_solve iter=0 vars=16 constraints=135 max_d=-0.0306725
[QP WORST] iter=0 row=43 type=collision d=-0.0306725
[QP WORST COLLISION] scenario=34 k=4 obstacle=0 disc=1
[SQP] after_solve iter=0 converged=1 status=0 iterations=5 primal_residual=4.30211e-16 dual_residual=2.15503e-05 x_size=16 x_finite=1
[SQP LINESEARCH] iter=0 current_violation=0 accepted_violation=0 accepted=1 alpha=0.5 delta_u_norm=0.763672
[SQP SUPPORT] iter=0 support_size=0 support_limit=-1 support_ok=1
[SQP] before_solve iter=1 vars=16 constraints=135 max_d=-0.0161613
[QP WORST] iter=1 row=43 type=collision d=-0.0161613
[QP WORST COLLISION] scenario=34 k=4 obstacle=0 disc=1
[SQP] after_solve iter=1 converged=1 status=0 iterations=6 primal_residual=8.64778e-10 dual_residual=3.47802e-06 x_size=16 x_finite=1
[SQP LINESEARCH] iter=1 current_violation=0 accepted_violation=0 accepted=1 alpha=0.5 delta_u_norm=0.521312
[SQP SUPPORT] iter=1 support_size=0 support_limit=-1 support_ok=1
[SQP] before_solve iter=2 vars=16 constraints=135 max_d=-0.00929382
[QP WORST] iter=2 row=43 type=collision d=-0.00929382
[QP WORST COLLISION] scenario=34 k=4 obstacle=0 disc=1
[SQP] after_solve iter=2 converged=1 status=0 iterations=6 primal_residual=1.07053e-10 dual_residual=5.8926e-07 x_size=16 x_finite=1
[SQP LINESEARCH] iter=2 current_violation=0 accepted_violation=0 accepted=1 alpha=0.5 delta_u_norm=0.401542
[SQP SUPPORT] iter=2 support_size=0 support_limit=-1 support_ok=1
[SQP] before_solve iter=3 vars=16 constraints=135 max_d=-0.00467927
[QP WORST] iter=3 row=55 type=collision d=-0.00467927
[QP WORST COLLISION] scenario=34 k=5 obstacle=0 disc=1
[SQP] after_solve iter=3 converged=1 status=0 iterations=6 primal_residual=7.02487e-10 dual_residual=1.67986e-05 x_size=16 x_finite=1
[SQP LINESEARCH] iter=3 current_violation=0 accepted_violation=0 accepted=1 alpha=0.5 delta_u_norm=0.332798
[SQP SUPPORT] iter=3 support_size=0 support_limit=-1 support_ok=1
[SQP] before_solve iter=4 vars=16 constraints=135 max_d=-0.00232515
[QP WORST] iter=4 row=55 type=collision d=-0.00232515
[QP WORST COLLISION] scenario=34 k=5 obstacle=0 disc=1
[SQP] after_solve iter=4 converged=1 status=0 iterations=6 primal_residual=4.47559e-16 dual_residual=2.08487e-05 x_size=16 x_finite=1
[SQP LINESEARCH] iter=4 current_violation=0 accepted_violation=0 accepted=1 alpha=0.5 delta_u_norm=0.262599
[SQP SUPPORT] iter=4 support_size=0 support_limit=-1 support_ok=1
[SQP] before_solve iter=5 vars=16 constraints=135 max_d=-0.00115861
[QP WORST] iter=5 row=55 type=collision d=-0.00115861
[QP WORST COLLISION] scenario=34 k=5 obstacle=0 disc=1
[SQP] after_solve iter=5 converged=1 status=0 iterations=6 primal_residual=3.80772e-16 dual_residual=1.44701e-05 x_size=16 x_finite=1
[SQP LINESEARCH] iter=5 current_violation=0 accepted_violation=0 accepted=1 alpha=0.5 delta_u_norm=0.225798
[SQP SUPPORT] iter=5 support_size=0 support_limit=-1 support_ok=1
[SQP] before_solve iter=6 vars=16 constraints=135 max_d=-0.000578277
[QP WORST] iter=6 row=55 type=collision d=-0.000578277
[QP WORST COLLISION] scenario=34 k=5 obstacle=0 disc=1
[SQP] after_solve iter=6 converged=1 status=0 iterations=6 primal_residual=3.747e-16 dual_residual=3.73567e-05 x_size=16 x_finite=1
[SQP LINESEARCH] iter=6 current_violation=0 accepted_violation=0 accepted=1 alpha=0.5 delta_u_norm=0.194851
[SQP SUPPORT] iter=6 support_size=0 support_limit=-1 support_ok=1
[SQP] before_solve iter=7 vars=16 constraints=135 max_d=-0.000289044
[QP WORST] iter=7 row=55 type=collision d=-0.000289044
[QP WORST COLLISION] scenario=34 k=5 obstacle=0 disc=1
[SQP] after_solve iter=7 converged=1 status=0 iterations=6 primal_residual=4.28477e-16 dual_residual=1.9634e-05 x_size=16 x_finite=1
[SQP LINESEARCH] iter=7 current_violation=0 accepted_violation=0 accepted=1 alpha=1 delta_u_norm=0.155943
[SQP SUPPORT] iter=7 support_size=0 support_limit=-1 support_ok=1
[SQP] before_solve iter=8 vars=16 constraints=135 max_d=-1.53789e-07
[QP WORST] iter=8 row=55 type=collision d=-1.53789e-07
[QP WORST COLLISION] scenario=34 k=5 obstacle=0 disc=1
[SQP] after_solve iter=8 converged=1 status=0 iterations=6 primal_residual=3.83916e-16 dual_residual=1.26564e-05 x_size=16 x_finite=1
[SQP LINESEARCH] iter=8 current_violation=0 accepted_violation=0 accepted=1 alpha=1 delta_u_norm=0.122894
[SQP SUPPORT] iter=8 support_size=0 support_limit=-1 support_ok=1
[SQP] before_solve iter=9 vars=16 constraints=135 max_d=-7.30484e-07
[QP WORST] iter=9 row=55 type=collision d=-7.30484e-07
[QP WORST COLLISION] scenario=34 k=5 obstacle=0 disc=1
[SQP] after_solve iter=9 converged=1 status=0 iterations=6 primal_residual=4.02456e-16 dual_residual=1.19222e-05 x_size=16 x_finite=1
[SQP LINESEARCH] iter=9 current_violation=0 accepted_violation=0 accepted=1 alpha=1 delta_u_norm=0.115805
[SQP SUPPORT] iter=9 support_size=0 support_limit=-1 support_ok=1
[SQP FINAL] final_violation=0 violated_constraints=0
[SUPPORT FINAL] sqp_union=0 final_active=1 support_limit=-1
[SUPPORT FINAL IDS] 34
[SUPPORT UNION IDS]
[COLD START RECOVERY CHECK] ordinary_sqp_failed=0 seed_available=1 incompatible=0 try_homotopy=0
[HARNESS RESULT] step=22 success=1 controls=8 first_input_present=1
[MPC STEP METRICS] step=22 applied=1 success=1 fallback=0 a=0.824081 omega=-0.7991 dt=0.1 acceleration_weight=0.1 steering_weight=0.1 control_cost_unweighted=1.31767 control_cost_weighted=0.131767 mpc_cost=-9.34304 solve_time=0.0482493 qp_solve_time=0.0304775 constraint_time=0.00998554 dro_risk_time=0.000407894 ambiguity_radius=0.00295265 certificate=not_requested
[EVAL SAFETY] step=23 min_center_distance=1.10403 min_clearance=0.154026 collision_this_step=0 collision_run=0 collision_radius=0.95
[DRO SUMMARY] step=24 obstacle=0 S=40 rho=0.00290102 rho_raw=0.00290102 D_max=0.0115351 D_min=0.00578169 tv_bound=0.50176 eta=0.251495 eta_raw=0.251495 radius_m=24 radius_d=3 transport_cost=0.00290102 budget_usage=1 lambda=0.345809 q_support=2 nominal_risk=0.00213325 qstar_risk=0.00338807 risk_lift=0.00125482 tv=0.319954
[DRO MODE] step=24 obstacle=0 mode=constant_velocity p=0.137255 risk=0.000156309 q=0 delta_q=-0.137255 q_times_S=0
[DRO MODE] step=24 obstacle=0 mode=turn_left p=0.333333 risk=0 q=0.150634 delta_q=-0.182699 q_times_S=6.02536
[DRO MODE] step=24 obstacle=0 mode=turn_right p=0.529412 risk=0.00398894 q=0.849366 delta_q=0.319954 q_times_S=33.9746
[DRO SAMPLE] step=24 obstacle=0 mode=constant_velocity q=0 q_times_S=0 first_count=0 first_fraction=0 occupancy=0 occupancy_fraction=0
[DRO SAMPLE] step=24 obstacle=0 mode=turn_left q=0.150634 q_times_S=6.02536 first_count=9 first_fraction=0.225 occupancy=72 occupancy_fraction=0.225
[DRO SAMPLE] step=24 obstacle=0 mode=turn_right q=0.849366 q_times_S=33.9746 first_count=31 first_fraction=0.775 occupancy=248 occupancy_fraction=0.775
[RF BACKUP] available=1 controls=8 states=9
[FREE POLY] k=1 disc=0 raw=40 facets=3 vertices=6 rho=4.8 anchor_shift=0
[FREE POLY] k=1 disc=1 raw=40 facets=2 vertices=6 rho=0.800001 anchor_shift=0
[FREE POLY] k=1 disc=2 raw=40 facets=2 vertices=5 rho=4.8 anchor_shift=0
[FREE POLY] k=2 disc=0 raw=40 facets=4 vertices=7 rho=5.6 anchor_shift=0
[FREE POLY] k=2 disc=1 raw=40 facets=4 vertices=7 rho=1.6 anchor_shift=0
[FREE POLY] k=2 disc=2 raw=40 facets=3 vertices=7 rho=5.6 anchor_shift=0
[FREE POLY] k=3 disc=0 raw=40 facets=5 vertices=8 rho=6.4 anchor_shift=0
[FREE POLY] k=3 disc=1 raw=40 facets=3 vertices=6 rho=2.4 anchor_shift=0
[FREE POLY] k=3 disc=2 raw=40 facets=3 vertices=7 rho=6.4 anchor_shift=0
[FREE POLY] k=4 disc=0 raw=40 facets=4 vertices=7 rho=7.2 anchor_shift=0
[FREE POLY] k=4 disc=1 raw=40 facets=3 vertices=6 rho=3.2 anchor_shift=0
[FREE POLY] k=4 disc=2 raw=40 facets=4 vertices=8 rho=7.2 anchor_shift=0
[FREE POLY] k=5 disc=0 raw=40 facets=4 vertices=7 rho=8 anchor_shift=0
[FREE POLY] k=5 disc=1 raw=40 facets=4 vertices=7 rho=4 anchor_shift=0
[FREE POLY] k=5 disc=2 raw=40 facets=3 vertices=6 rho=8 anchor_shift=0
[FREE POLY] k=6 disc=0 raw=40 facets=5 vertices=8 rho=8.8 anchor_shift=0
[FREE POLY] k=6 disc=1 raw=40 facets=4 vertices=7 rho=4.8 anchor_shift=0
[FREE POLY] k=6 disc=2 raw=40 facets=4 vertices=7 rho=8.8 anchor_shift=0
[FREE POLY] k=7 disc=0 raw=40 facets=5 vertices=8 rho=9.6 anchor_shift=0
[FREE POLY] k=7 disc=1 raw=40 facets=4 vertices=7 rho=5.6 anchor_shift=0
[FREE POLY] k=7 disc=2 raw=40 facets=4 vertices=7 rho=9.6 anchor_shift=0
[FREE POLY] k=8 disc=0 raw=40 facets=5 vertices=8 rho=10.4 anchor_shift=0
[FREE POLY] k=8 disc=1 raw=40 facets=5 vertices=8 rho=6.4 anchor_shift=0
[FREE POLY] k=8 disc=2 raw=40 facets=5 vertices=8 rho=10.4 anchor_shift=0
[RF SUPPORT SEED] removed=0 support_limit=-1
[SQP] before_solve iter=0 vars=16 constraints=124 max_d=-0.0153274
[QP WORST] iter=0 row=23 type=collision d=-0.0153274
[QP WORST COLLISION] scenario=12 k=3 obstacle=0 disc=1
[SQP] after_solve iter=0 converged=1 status=0 iterations=7 primal_residual=4.30211e-16 dual_residual=6.97409e-08 x_size=16 x_finite=1
[SQP LINESEARCH] iter=0 current_violation=0 accepted_violation=0 accepted=1 alpha=0.5 delta_u_norm=0.368217
[SQP SUPPORT] iter=0 support_size=0 support_limit=-1 support_ok=1
[SQP] before_solve iter=1 vars=16 constraints=124 max_d=-0.00821646
[QP WORST] iter=1 row=33 type=collision d=-0.00821646
[QP WORST COLLISION] scenario=12 k=4 obstacle=0 disc=1
[SQP] after_solve iter=1 converged=1 status=0 iterations=7 primal_residual=4.09395e-16 dual_residual=1.7611e-07 x_size=16 x_finite=1
[SQP LINESEARCH] iter=1 current_violation=0 accepted_violation=0 accepted=1 alpha=0.5 delta_u_norm=0.252902
[SQP SUPPORT] iter=1 support_size=0 support_limit=-1 support_ok=1
[SQP] before_solve iter=2 vars=16 constraints=124 max_d=-0.00408736
[QP WORST] iter=2 row=33 type=collision d=-0.00408736
[QP WORST COLLISION] scenario=12 k=4 obstacle=0 disc=1
[SQP] after_solve iter=2 converged=1 status=0 iterations=7 primal_residual=4.19508e-12 dual_residual=4.99277e-07 x_size=16 x_finite=1
[SQP LINESEARCH] iter=2 current_violation=0 accepted_violation=0 accepted=1 alpha=0.5 delta_u_norm=0.201625
[SQP SUPPORT] iter=2 support_size=0 support_limit=-1 support_ok=1
[SQP] before_solve iter=3 vars=16 constraints=124 max_d=-0.0020366
[QP WORST] iter=3 row=33 type=collision d=-0.0020366
[QP WORST COLLISION] scenario=12 k=4 obstacle=0 disc=1
[SQP] after_solve iter=3 converged=1 status=0 iterations=7 primal_residual=2.71038e-10 dual_residual=1.86016e-06 x_size=16 x_finite=1
[SQP LINESEARCH] iter=3 current_violation=0 accepted_violation=0 accepted=1 alpha=0.5 delta_u_norm=0.177943
[SQP SUPPORT] iter=3 support_size=0 support_limit=-1 support_ok=1
[SQP] before_solve iter=4 vars=16 constraints=124 max_d=-0.00101582
[QP WORST] iter=4 row=33 type=collision d=-0.00101582
[QP WORST COLLISION] scenario=12 k=4 obstacle=0 disc=1
[SQP] after_solve iter=4 converged=1 status=0 iterations=7 primal_residual=5.12619e-10 dual_residual=3.02736e-06 x_size=16 x_finite=1
[SQP LINESEARCH] iter=4 current_violation=0 accepted_violation=0 accepted=1 alpha=0.5 delta_u_norm=0.165347
[SQP SUPPORT] iter=4 support_size=0 support_limit=-1 support_ok=1
[SQP] before_solve iter=5 vars=16 constraints=124 max_d=-0.00050702
[QP WORST] iter=5 row=33 type=collision d=-0.00050702
[QP WORST COLLISION] scenario=12 k=4 obstacle=0 disc=1
[SQP] after_solve iter=5 converged=1 status=0 iterations=7 primal_residual=6.05958e-10 dual_residual=3.65213e-06 x_size=16 x_finite=1
[SQP LINESEARCH] iter=5 current_violation=0 accepted_violation=0 accepted=1 alpha=0.5 delta_u_norm=0.157197
[SQP SUPPORT] iter=5 support_size=0 support_limit=-1 support_ok=1
[SQP] before_solve iter=6 vars=16 constraints=124 max_d=-0.000253197
[QP WORST] iter=6 row=33 type=collision d=-0.000253197
[QP WORST COLLISION] scenario=12 k=4 obstacle=0 disc=1
[SQP] after_solve iter=6 converged=1 status=0 iterations=7 primal_residual=6.07389e-10 dual_residual=3.90163e-06 x_size=16 x_finite=1
[SQP LINESEARCH] iter=6 current_violation=0 accepted_violation=0 accepted=1 alpha=0.5 delta_u_norm=0.150949
[SQP SUPPORT] iter=6 support_size=0 support_limit=-1 support_ok=1
[SQP] before_solve iter=7 vars=16 constraints=124 max_d=-0.000126502
[QP WORST] iter=7 row=33 type=collision d=-0.000126502
[QP WORST COLLISION] scenario=12 k=4 obstacle=0 disc=1
[SQP] after_solve iter=7 converged=1 status=0 iterations=7 primal_residual=5.65408e-10 dual_residual=3.93568e-06 x_size=16 x_finite=1
[SQP LINESEARCH] iter=7 current_violation=0 accepted_violation=0 accepted=1 alpha=0.5 delta_u_norm=0.145619
[SQP SUPPORT] iter=7 support_size=0 support_limit=-1 support_ok=1
[SQP] before_solve iter=8 vars=16 constraints=124 max_d=-6.32377e-05
[QP WORST] iter=8 row=33 type=collision d=-6.32377e-05
[QP WORST COLLISION] scenario=12 k=4 obstacle=0 disc=1
[SQP] after_solve iter=8 converged=1 status=0 iterations=7 primal_residual=5.15178e-10 dual_residual=3.89705e-06 x_size=16 x_finite=1
[SQP LINESEARCH] iter=8 current_violation=0 accepted_violation=0 accepted=1 alpha=0.5 delta_u_norm=0.140807
[SQP SUPPORT] iter=8 support_size=0 support_limit=-1 support_ok=1
[SQP] before_solve iter=9 vars=16 constraints=124 max_d=-3.1639e-05
[QP WORST] iter=9 row=33 type=collision d=-3.1639e-05
[QP WORST COLLISION] scenario=12 k=4 obstacle=0 disc=1
[SQP] after_solve iter=9 converged=1 status=0 iterations=7 primal_residual=4.63841e-10 dual_residual=3.82314e-06 x_size=16 x_finite=1
[SQP LINESEARCH] iter=9 current_violation=0 accepted_violation=0 accepted=1 alpha=1 delta_u_norm=0.13634
[SQP SUPPORT] iter=9 support_size=0 support_limit=-1 support_ok=1
[SQP FINAL] final_violation=0 violated_constraints=0
[SUPPORT FINAL] sqp_union=0 final_active=1 support_limit=-1
[SUPPORT FINAL IDS] 12
[SUPPORT UNION IDS]
[COLD START RECOVERY CHECK] ordinary_sqp_failed=0 seed_available=1 incompatible=0 try_homotopy=0
[HARNESS RESULT] step=23 success=1 controls=8 first_input_present=1
[MPC STEP METRICS] step=23 applied=1 success=1 fallback=0 a=1.06364 omega=-0.416201 dt=0.1 acceleration_weight=0.1 steering_weight=0.1 control_cost_unweighted=1.30454 control_cost_weighted=0.130454 mpc_cost=-9.29795 solve_time=0.0439997 qp_solve_time=0.0303949 constraint_time=0.0075845 dro_risk_time=0.000405059 ambiguity_radius=0.00290102 certificate=not_requested
[EVAL SAFETY] step=24 min_center_distance=1.0393 min_clearance=0.0893035 collision_this_step=0 collision_run=0 collision_radius=0.95
[DRO SUMMARY] step=25 obstacle=0 S=40 rho=0.00284804 rho_raw=0.00284804 D_max=0.0115351 D_min=0.00578169 tv_bound=0.492596 eta=0.246902 eta_raw=0.246902 radius_m=25 radius_d=3 transport_cost=0 budget_usage=0 lambda=0 q_support=3 nominal_risk=0 qstar_risk=0 risk_lift=0 tv=0
[DRO MODE] step=25 obstacle=0 mode=constant_velocity p=0.132075 risk=0 q=0.132075 delta_q=0 q_times_S=5.28302
[DRO MODE] step=25 obstacle=0 mode=turn_left p=0.320755 risk=0 q=0.320755 delta_q=0 q_times_S=12.8302
[DRO MODE] step=25 obstacle=0 mode=turn_right p=0.54717 risk=0 q=0.54717 delta_q=0 q_times_S=21.8868
[DRO SAMPLE] step=25 obstacle=0 mode=constant_velocity q=0.132075 q_times_S=5.28302 first_count=4 first_fraction=0.1 occupancy=32 occupancy_fraction=0.1
[DRO SAMPLE] step=25 obstacle=0 mode=turn_left q=0.320755 q_times_S=12.8302 first_count=12 first_fraction=0.3 occupancy=96 occupancy_fraction=0.3
[DRO SAMPLE] step=25 obstacle=0 mode=turn_right q=0.54717 q_times_S=21.8868 first_count=24 first_fraction=0.6 occupancy=192 occupancy_fraction=0.6
[RF BACKUP] available=1 controls=8 states=9
[FREE POLY] k=1 disc=0 raw=40 facets=3 vertices=6 rho=4.8 anchor_shift=0
[FREE POLY] k=1 disc=1 raw=40 facets=2 vertices=5 rho=0.800001 anchor_shift=0
[FREE POLY] k=1 disc=2 raw=40 facets=4 vertices=8 rho=4.8 anchor_shift=0
[FREE POLY] k=2 disc=0 raw=40 facets=3 vertices=6 rho=5.6 anchor_shift=0
[FREE POLY] k=2 disc=1 raw=40 facets=3 vertices=6 rho=1.6 anchor_shift=0
[FREE POLY] k=2 disc=2 raw=40 facets=5 vertices=9 rho=5.6 anchor_shift=0
[FREE POLY] k=3 disc=0 raw=40 facets=6 vertices=9 rho=6.4 anchor_shift=0
[FREE POLY] k=3 disc=1 raw=40 facets=4 vertices=7 rho=2.4 anchor_shift=0
[FREE POLY] k=3 disc=2 raw=40 facets=3 vertices=7 rho=6.4 anchor_shift=0
[FREE POLY] k=4 disc=0 raw=40 facets=4 vertices=7 rho=7.2 anchor_shift=0
[FREE POLY] k=4 disc=1 raw=40 facets=4 vertices=7 rho=3.2 anchor_shift=0
[FREE POLY] k=4 disc=2 raw=40 facets=4 vertices=7 rho=7.2 anchor_shift=0
[FREE POLY] k=5 disc=0 raw=40 facets=4 vertices=7 rho=8 anchor_shift=0
[FREE POLY] k=5 disc=1 raw=40 facets=5 vertices=8 rho=4 anchor_shift=0
[FREE POLY] k=5 disc=2 raw=40 facets=4 vertices=7 rho=8 anchor_shift=0
[FREE POLY] k=6 disc=0 raw=40 facets=5 vertices=8 rho=8.8 anchor_shift=0
[FREE POLY] k=6 disc=1 raw=40 facets=4 vertices=7 rho=4.8 anchor_shift=0
[FREE POLY] k=6 disc=2 raw=40 facets=5 vertices=8 rho=8.8 anchor_shift=0
[FREE POLY] k=7 disc=0 raw=40 facets=4 vertices=7 rho=9.6 anchor_shift=0
[FREE POLY] k=7 disc=1 raw=40 facets=4 vertices=7 rho=5.6 anchor_shift=0
[FREE POLY] k=7 disc=2 raw=40 facets=5 vertices=8 rho=9.6 anchor_shift=0
[FREE POLY] k=8 disc=0 raw=40 facets=3 vertices=5 rho=10.4 anchor_shift=0
[FREE POLY] k=8 disc=1 raw=40 facets=4 vertices=7 rho=6.4 anchor_shift=0
[FREE POLY] k=8 disc=2 raw=40 facets=4 vertices=7 rho=10.4 anchor_shift=0
[RF SUPPORT SEED] removed=0 support_limit=-1
[SQP] before_solve iter=0 vars=16 constraints=128 max_d=-0.0140428
[QP WORST] iter=0 row=29 type=collision d=-0.0140428
[QP WORST COLLISION] scenario=39 k=3 obstacle=0 disc=1
[SQP] after_solve iter=0 converged=1 status=0 iterations=6 primal_residual=5.76216e-11 dual_residual=1.24282e-06 x_size=16 x_finite=1
[SQP LINESEARCH] iter=0 current_violation=0 accepted_violation=0 accepted=1 alpha=1 delta_u_norm=0.610349
[SQP SUPPORT] iter=0 support_size=0 support_limit=-1 support_ok=1
[SQP] before_solve iter=1 vars=16 constraints=128 max_d=-0.0119857
[QP WORST] iter=1 row=29 type=collision d=-0.0119857
[QP WORST COLLISION] scenario=39 k=3 obstacle=0 disc=1
[SQP] after_solve iter=1 converged=1 status=0 iterations=6 primal_residual=1.48029e-09 dual_residual=6.48724e-05 x_size=16 x_finite=1
[SQP LINESEARCH] iter=1 current_violation=0 accepted_violation=0 accepted=1 alpha=1 delta_u_norm=0.492784
[SQP SUPPORT] iter=1 support_size=0 support_limit=-1 support_ok=1
[SQP] before_solve iter=2 vars=16 constraints=128 max_d=-0.0103875
[QP WORST] iter=2 row=29 type=collision d=-0.0103875
[QP WORST COLLISION] scenario=39 k=3 obstacle=0 disc=1
[SQP] after_solve iter=2 converged=1 status=0 iterations=6 primal_residual=2.33145e-10 dual_residual=1.45935e-05 x_size=16 x_finite=1
[SQP LINESEARCH] iter=2 current_violation=0 accepted_violation=0 accepted=1 alpha=1 delta_u_norm=0.3881
[SQP SUPPORT] iter=2 support_size=0 support_limit=-1 support_ok=1
[SQP] before_solve iter=3 vars=16 constraints=128 max_d=-0.00909947
[QP WORST] iter=3 row=29 type=collision d=-0.00909947
[QP WORST COLLISION] scenario=39 k=3 obstacle=0 disc=1
[SQP] after_solve iter=3 converged=1 status=0 iterations=6 primal_residual=4.34548e-16 dual_residual=2.30647e-06 x_size=16 x_finite=1
[SQP LINESEARCH] iter=3 current_violation=0 accepted_violation=0 accepted=1 alpha=1 delta_u_norm=0.328052
[SQP SUPPORT] iter=3 support_size=0 support_limit=-1 support_ok=1
[SQP] before_solve iter=4 vars=16 constraints=128 max_d=-0.00804385
[QP WORST] iter=4 row=29 type=collision d=-0.00804385
[QP WORST COLLISION] scenario=39 k=3 obstacle=0 disc=1
[SQP] after_solve iter=4 converged=1 status=0 iterations=6 primal_residual=4.42788e-16 dual_residual=3.62108e-06 x_size=16 x_finite=1
[SQP LINESEARCH] iter=4 current_violation=0 accepted_violation=0 accepted=1 alpha=1 delta_u_norm=0.2836
[SQP SUPPORT] iter=4 support_size=0 support_limit=-1 support_ok=1
[SQP] before_solve iter=5 vars=16 constraints=128 max_d=-0.00717064
[QP WORST] iter=5 row=29 type=collision d=-0.00717064
[QP WORST COLLISION] scenario=39 k=3 obstacle=0 disc=1
[SQP] after_solve iter=5 converged=1 status=0 iterations=6 primal_residual=4.05275e-16 dual_residual=1.72675e-06 x_size=16 x_finite=1
[SQP LINESEARCH] iter=5 current_violation=0 accepted_violation=0 accepted=1 alpha=1 delta_u_norm=0.248599
[SQP SUPPORT] iter=5 support_size=0 support_limit=-1 support_ok=1
[SQP] before_solve iter=6 vars=16 constraints=128 max_d=-0.00644275
[QP WORST] iter=6 row=29 type=collision d=-0.00644275
[QP WORST COLLISION] scenario=39 k=3 obstacle=0 disc=1
[SQP] after_solve iter=6 converged=1 status=0 iterations=6 primal_residual=3.64726e-16 dual_residual=3.65304e-07 x_size=16 x_finite=1
[SQP LINESEARCH] iter=6 current_violation=0 accepted_violation=0 accepted=1 alpha=1 delta_u_norm=0.220504
[SQP SUPPORT] iter=6 support_size=0 support_limit=-1 support_ok=1
[SQP] before_solve iter=7 vars=16 constraints=128 max_d=-0.00583115
[QP WORST] iter=7 row=29 type=collision d=-0.00583115
[QP WORST COLLISION] scenario=39 k=3 obstacle=0 disc=1
[SQP] after_solve iter=7 converged=1 status=0 iterations=6 primal_residual=1.99317e-11 dual_residual=2.63874e-07 x_size=16 x_finite=1
[SQP LINESEARCH] iter=7 current_violation=0 accepted_violation=0 accepted=1 alpha=1 delta_u_norm=0.197507
[SQP SUPPORT] iter=7 support_size=0 support_limit=-1 support_ok=1
[SQP] before_solve iter=8 vars=16 constraints=128 max_d=-0.00531319
[QP WORST] iter=8 row=29 type=collision d=-0.00531319
[QP WORST COLLISION] scenario=39 k=3 obstacle=0 disc=1
[SQP] after_solve iter=8 converged=1 status=0 iterations=6 primal_residual=4.20997e-12 dual_residual=1.98947e-07 x_size=16 x_finite=1
[SQP LINESEARCH] iter=8 current_violation=0 accepted_violation=0 accepted=1 alpha=1 delta_u_norm=0.178352
[SQP SUPPORT] iter=8 support_size=0 support_limit=-1 support_ok=1
[SQP] before_solve iter=9 vars=16 constraints=128 max_d=-0.00487117
[QP WORST] iter=9 row=29 type=collision d=-0.00487117
[QP WORST COLLISION] scenario=39 k=3 obstacle=0 disc=1
[SQP] after_solve iter=9 converged=1 status=0 iterations=6 primal_residual=4.87649e-12 dual_residual=8.62651e-07 x_size=16 x_finite=1
[SQP LINESEARCH] iter=9 current_violation=0 accepted_violation=0 accepted=1 alpha=1 delta_u_norm=0.162137
[SQP SUPPORT] iter=9 support_size=0 support_limit=-1 support_ok=1
[SQP FINAL] final_violation=0 violated_constraints=0
[SUPPORT FINAL] sqp_union=0 final_active=0 support_limit=-1
[SUPPORT FINAL IDS]
[SUPPORT UNION IDS]
[COLD START RECOVERY CHECK] ordinary_sqp_failed=0 seed_available=1 incompatible=0 try_homotopy=0
[HARNESS RESULT] step=24 success=1 controls=8 first_input_present=1
[MPC STEP METRICS] step=24 applied=1 success=1 fallback=0 a=-1.57924 omega=0.8 dt=0.1 acceleration_weight=0.1 steering_weight=0.1 control_cost_unweighted=3.134 control_cost_weighted=0.3134 mpc_cost=-8.92126 solve_time=0.0392216 qp_solve_time=0.0254397 constraint_time=0.00773401 dro_risk_time=0.000406381 ambiguity_radius=0.00284804 certificate=not_requested
[EVAL SAFETY] step=25 min_center_distance=1.00347 min_clearance=0.0534744 collision_this_step=0 collision_run=0 collision_radius=0.95
[DRO SUMMARY] step=26 obstacle=0 S=40 rho=0.00279448 rho_raw=0.00279448 D_max=0.0115351 D_min=0.00578169 tv_bound=0.483333 eta=0.242259 eta_raw=0.242259 radius_m=26 radius_d=3 transport_cost=0 budget_usage=0 lambda=0 q_support=3 nominal_risk=0 qstar_risk=0 risk_lift=0 tv=0
[DRO MODE] step=26 obstacle=0 mode=constant_velocity p=0.127273 risk=0 q=0.127273 delta_q=0 q_times_S=5.09091
[DRO MODE] step=26 obstacle=0 mode=turn_left p=0.309091 risk=0 q=0.309091 delta_q=0 q_times_S=12.3636
[DRO MODE] step=26 obstacle=0 mode=turn_right p=0.563636 risk=0 q=0.563636 delta_q=0 q_times_S=22.5455
[DRO SAMPLE] step=26 obstacle=0 mode=constant_velocity q=0.127273 q_times_S=5.09091 first_count=4 first_fraction=0.1 occupancy=32 occupancy_fraction=0.1
[DRO SAMPLE] step=26 obstacle=0 mode=turn_left q=0.309091 q_times_S=12.3636 first_count=7 first_fraction=0.175 occupancy=56 occupancy_fraction=0.175
[DRO SAMPLE] step=26 obstacle=0 mode=turn_right q=0.563636 q_times_S=22.5455 first_count=29 first_fraction=0.725 occupancy=232 occupancy_fraction=0.725
[RF BACKUP] available=1 controls=8 states=9
[FREE POLY] k=1 disc=0 raw=40 facets=4 vertices=7 rho=4.8 anchor_shift=0
[FREE POLY] k=1 disc=1 raw=40 facets=3 vertices=6 rho=0.800001 anchor_shift=0
[FREE POLY] k=1 disc=2 raw=40 facets=5 vertices=9 rho=4.8 anchor_shift=0
[FREE POLY] k=2 disc=0 raw=40 facets=6 vertices=9 rho=5.6 anchor_shift=0
[FREE POLY] k=2 disc=1 raw=40 facets=4 vertices=7 rho=1.6 anchor_shift=0
[FREE POLY] k=2 disc=2 raw=40 facets=4 vertices=8 rho=5.6 anchor_shift=0
[FREE POLY] k=3 disc=0 raw=40 facets=6 vertices=9 rho=6.4 anchor_shift=0
[FREE POLY] k=3 disc=1 raw=40 facets=6 vertices=9 rho=2.4 anchor_shift=0
[FREE POLY] k=3 disc=2 raw=40 facets=6 vertices=9 rho=6.4 anchor_shift=0
[FREE POLY] k=4 disc=0 raw=40 facets=5 vertices=8 rho=7.2 anchor_shift=0
[FREE POLY] k=4 disc=1 raw=40 facets=6 vertices=9 rho=3.2 anchor_shift=0
[FREE POLY] k=4 disc=2 raw=40 facets=6 vertices=9 rho=7.2 anchor_shift=0
[FREE POLY] k=5 disc=0 raw=40 facets=6 vertices=9 rho=8 anchor_shift=0
[FREE POLY] k=5 disc=1 raw=40 facets=4 vertices=7 rho=4 anchor_shift=0
[FREE POLY] k=5 disc=2 raw=40 facets=5 vertices=8 rho=8 anchor_shift=0
[FREE POLY] k=6 disc=0 raw=40 facets=5 vertices=8 rho=8.8 anchor_shift=0
[FREE POLY] k=6 disc=1 raw=40 facets=3 vertices=6 rho=4.8 anchor_shift=0
[FREE POLY] k=6 disc=2 raw=40 facets=4 vertices=7 rho=8.8 anchor_shift=0
[FREE POLY] k=7 disc=0 raw=40 facets=6 vertices=9 rho=9.6 anchor_shift=0
[FREE POLY] k=7 disc=1 raw=40 facets=3 vertices=6 rho=5.6 anchor_shift=0
[FREE POLY] k=7 disc=2 raw=40 facets=6 vertices=9 rho=9.6 anchor_shift=0
[FREE POLY] k=8 disc=0 raw=40 facets=6 vertices=8 rho=10.4 anchor_shift=0
[FREE POLY] k=8 disc=1 raw=40 facets=4 vertices=6 rho=6.4 anchor_shift=0
[FREE POLY] k=8 disc=2 raw=40 facets=5 vertices=8 rho=10.4 anchor_shift=0
[RF SUPPORT SEED] removed=0 support_limit=-1
[SQP] before_solve iter=0 vars=16 constraints=150 max_d=-0.0200512
[QP WORST] iter=0 row=19 type=collision d=-0.0200512
[QP WORST COLLISION] scenario=16 k=2 obstacle=0 disc=1
[SQP] after_solve iter=0 converged=1 status=0 iterations=6 primal_residual=1.73714e-12 dual_residual=2.00495e-08 x_size=16 x_finite=1
[SQP LINESEARCH] iter=0 current_violation=0 accepted_violation=0 accepted=1 alpha=1 delta_u_norm=0.286168
[SQP SUPPORT] iter=0 support_size=0 support_limit=-1 support_ok=1
[SQP] before_solve iter=1 vars=16 constraints=150 max_d=-0.020068
[QP WORST] iter=1 row=19 type=collision d=-0.020068
[QP WORST COLLISION] scenario=16 k=2 obstacle=0 disc=1
[SQP] after_solve iter=1 converged=1 status=0 iterations=6 primal_residual=2.1471e-12 dual_residual=2.78034e-08 x_size=16 x_finite=1
[SQP LINESEARCH] iter=1 current_violation=0 accepted_violation=0 accepted=1 alpha=1 delta_u_norm=0.225878
[SQP SUPPORT] iter=1 support_size=0 support_limit=-1 support_ok=1
[SQP] before_solve iter=2 vars=16 constraints=150 max_d=-0.0200132
[QP WORST] iter=2 row=19 type=collision d=-0.0200132
[QP WORST COLLISION] scenario=16 k=2 obstacle=0 disc=1
[SQP] after_solve iter=2 converged=1 status=0 iterations=6 primal_residual=2.3351e-12 dual_residual=3.5379e-08 x_size=16 x_finite=1
[SQP LINESEARCH] iter=2 current_violation=0 accepted_violation=0 accepted=1 alpha=1 delta_u_norm=0.201603
[SQP SUPPORT] iter=2 support_size=0 support_limit=-1 support_ok=1
[SQP] before_solve iter=3 vars=16 constraints=150 max_d=-0.0199499
[QP WORST] iter=3 row=19 type=collision d=-0.0199499
[QP WORST COLLISION] scenario=16 k=2 obstacle=0 disc=1
[SQP] after_solve iter=3 converged=1 status=0 iterations=6 primal_residual=2.20055e-12 dual_residual=4.02252e-08 x_size=16 x_finite=1
[SQP LINESEARCH] iter=3 current_violation=0 accepted_violation=0 accepted=1 alpha=1 delta_u_norm=0.185617
[SQP SUPPORT] iter=3 support_size=0 support_limit=-1 support_ok=1
[SQP] before_solve iter=4 vars=16 constraints=150 max_d=-0.0198924
[QP WORST] iter=4 row=19 type=collision d=-0.0198924
[QP WORST COLLISION] scenario=16 k=2 obstacle=0 disc=1
[SQP] after_solve iter=4 converged=1 status=0 iterations=6 primal_residual=1.81172e-12 dual_residual=4.1906e-08 x_size=16 x_finite=1
[SQP LINESEARCH] iter=4 current_violation=0 accepted_violation=0 accepted=1 alpha=1 delta_u_norm=0.173507
[SQP SUPPORT] iter=4 support_size=0 support_limit=-1 support_ok=1
[SQP] before_solve iter=5 vars=16 constraints=150 max_d=-0.019843
[QP WORST] iter=5 row=19 type=collision d=-0.019843
[QP WORST COLLISION] scenario=16 k=2 obstacle=0 disc=1
[SQP] after_solve iter=5 converged=1 status=0 iterations=6 primal_residual=1.40889e-12 dual_residual=4.14776e-08 x_size=16 x_finite=1
[SQP LINESEARCH] iter=5 current_violation=0 accepted_violation=0 accepted=1 alpha=1 delta_u_norm=0.163672
[SQP SUPPORT] iter=5 support_size=0 support_limit=-1 support_ok=1
[SQP] before_solve iter=6 vars=16 constraints=150 max_d=-0.019801
[QP WORST] iter=6 row=19 type=collision d=-0.019801
[QP WORST COLLISION] scenario=16 k=2 obstacle=0 disc=1
[SQP] after_solve iter=6 converged=1 status=0 iterations=6 primal_residual=2.37801e-12 dual_residual=4.19996e-08 x_size=16 x_finite=1
[SQP LINESEARCH] iter=6 current_violation=0 accepted_violation=0 accepted=1 alpha=1 delta_u_norm=0.155276
[SQP SUPPORT] iter=6 support_size=0 support_limit=-1 support_ok=1
[SQP] before_solve iter=7 vars=16 constraints=150 max_d=-0.0197653
[QP WORST] iter=7 row=19 type=collision d=-0.0197653
[QP WORST COLLISION] scenario=16 k=2 obstacle=0 disc=1
[SQP] after_solve iter=7 converged=1 status=0 iterations=6 primal_residual=5.30223e-12 dual_residual=9.78978e-08 x_size=16 x_finite=1
[SQP LINESEARCH] iter=7 current_violation=0 accepted_violation=0 accepted=1 alpha=1 delta_u_norm=0.147849
[SQP SUPPORT] iter=7 support_size=0 support_limit=-1 support_ok=1
[SQP] before_solve iter=8 vars=16 constraints=150 max_d=-0.0197348
[QP WORST] iter=8 row=19 type=collision d=-0.0197348
[QP WORST COLLISION] scenario=16 k=2 obstacle=0 disc=1
[SQP] after_solve iter=8 converged=1 status=0 iterations=6 primal_residual=1.69364e-11 dual_residual=4.8219e-07 x_size=16 x_finite=1
[SQP LINESEARCH] iter=8 current_violation=0 accepted_violation=0 accepted=1 alpha=1 delta_u_norm=0.141116
[SQP SUPPORT] iter=8 support_size=0 support_limit=-1 support_ok=1
[SQP] before_solve iter=9 vars=16 constraints=150 max_d=-0.0197085
[QP WORST] iter=9 row=19 type=collision d=-0.0197085
[QP WORST COLLISION] scenario=16 k=2 obstacle=0 disc=1
[SQP] after_solve iter=9 converged=1 status=0 iterations=6 primal_residual=4.38331e-11 dual_residual=2.38668e-06 x_size=16 x_finite=1
[SQP LINESEARCH] iter=9 current_violation=0 accepted_violation=0 accepted=1 alpha=1 delta_u_norm=0.134847
[SQP SUPPORT] iter=9 support_size=0 support_limit=-1 support_ok=1
[SQP FINAL] final_violation=0 violated_constraints=0
[SUPPORT FINAL] sqp_union=0 final_active=0 support_limit=-1
[SUPPORT FINAL IDS]
[SUPPORT UNION IDS]
[COLD START RECOVERY CHECK] ordinary_sqp_failed=0 seed_available=1 incompatible=0 try_homotopy=0
[HARNESS RESULT] step=25 success=1 controls=8 first_input_present=1
[MPC STEP METRICS] step=25 applied=1 success=1 fallback=0 a=-0.344152 omega=0.8 dt=0.1 acceleration_weight=0.1 steering_weight=0.1 control_cost_unweighted=0.758441 control_cost_weighted=0.0758441 mpc_cost=-9.12705 solve_time=0.0406772 qp_solve_time=0.0267458 constraint_time=0.00793489 dro_risk_time=0.000407293 ambiguity_radius=0.00279448 certificate=not_requested
[EVAL SAFETY] step=26 min_center_distance=0.986066 min_clearance=0.0360657 collision_this_step=0 collision_run=0 collision_radius=0.95
[DRO SUMMARY] step=27 obstacle=0 S=40 rho=0.0027432 rho_raw=0.0027432 D_max=0.0115351 D_min=0.00578169 tv_bound=0.474464 eta=0.237814 eta_raw=0.237814 radius_m=27 radius_d=3 transport_cost=0 budget_usage=0 lambda=0 q_support=3 nominal_risk=0 qstar_risk=0 risk_lift=0 tv=0
[DRO MODE] step=27 obstacle=0 mode=constant_velocity p=0.122807 risk=0 q=0.122807 delta_q=0 q_times_S=4.91228
[DRO MODE] step=27 obstacle=0 mode=turn_left p=0.333333 risk=0 q=0.333333 delta_q=0 q_times_S=13.3333
[DRO MODE] step=27 obstacle=0 mode=turn_right p=0.54386 risk=0 q=0.54386 delta_q=0 q_times_S=21.7544
[DRO SAMPLE] step=27 obstacle=0 mode=constant_velocity q=0.122807 q_times_S=4.91228 first_count=6 first_fraction=0.15 occupancy=48 occupancy_fraction=0.15
[DRO SAMPLE] step=27 obstacle=0 mode=turn_left q=0.333333 q_times_S=13.3333 first_count=12 first_fraction=0.3 occupancy=96 occupancy_fraction=0.3
[DRO SAMPLE] step=27 obstacle=0 mode=turn_right q=0.54386 q_times_S=21.7544 first_count=22 first_fraction=0.55 occupancy=176 occupancy_fraction=0.55
[RF BACKUP] available=1 controls=8 states=9
[FREE POLY] k=1 disc=0 raw=40 facets=4 vertices=7 rho=4.8 anchor_shift=0
[FREE POLY] k=1 disc=1 raw=40 facets=3 vertices=6 rho=0.800001 anchor_shift=0
[FREE POLY] k=1 disc=2 raw=40 facets=4 vertices=8 rho=4.8 anchor_shift=0
[FREE POLY] k=2 disc=0 raw=40 facets=4 vertices=7 rho=5.6 anchor_shift=0
[FREE POLY] k=2 disc=1 raw=40 facets=3 vertices=6 rho=1.6 anchor_shift=0
[FREE POLY] k=2 disc=2 raw=40 facets=5 vertices=8 rho=5.6 anchor_shift=0
[FREE POLY] k=3 disc=0 raw=40 facets=7 vertices=10 rho=6.4 anchor_shift=0
[FREE POLY] k=3 disc=1 raw=40 facets=4 vertices=7 rho=2.4 anchor_shift=0
[FREE POLY] k=3 disc=2 raw=40 facets=5 vertices=8 rho=6.4 anchor_shift=0
[FREE POLY] k=4 disc=0 raw=40 facets=6 vertices=9 rho=7.2 anchor_shift=0
[FREE POLY] k=4 disc=1 raw=40 facets=4 vertices=7 rho=3.2 anchor_shift=0
[FREE POLY] k=4 disc=2 raw=40 facets=4 vertices=7 rho=7.2 anchor_shift=0
[FREE POLY] k=5 disc=0 raw=40 facets=5 vertices=8 rho=8 anchor_shift=0
[FREE POLY] k=5 disc=1 raw=40 facets=4 vertices=7 rho=4 anchor_shift=0
[FREE POLY] k=5 disc=2 raw=40 facets=3 vertices=6 rho=8 anchor_shift=0
[FREE POLY] k=6 disc=0 raw=40 facets=5 vertices=8 rho=8.8 anchor_shift=0
[FREE POLY] k=6 disc=1 raw=40 facets=4 vertices=7 rho=4.8 anchor_shift=0
[FREE POLY] k=6 disc=2 raw=40 facets=4 vertices=7 rho=8.8 anchor_shift=0
[FREE POLY] k=7 disc=0 raw=40 facets=6 vertices=8 rho=9.6 anchor_shift=0
[FREE POLY] k=7 disc=1 raw=40 facets=5 vertices=8 rho=5.6 anchor_shift=0
[FREE POLY] k=7 disc=2 raw=40 facets=3 vertices=6 rho=9.6 anchor_shift=0
[FREE POLY] k=8 disc=0 raw=40 facets=4 vertices=7 rho=10.4 anchor_shift=0
[FREE POLY] k=8 disc=1 raw=40 facets=5 vertices=8 rho=6.4 anchor_shift=0
[FREE POLY] k=8 disc=2 raw=40 facets=5 vertices=8 rho=10.4 anchor_shift=0
[RF SUPPORT SEED] removed=0 support_limit=-1
[SQP] before_solve iter=0 vars=16 constraints=138 max_d=-0.0279958
[QP WORST] iter=0 row=6 type=collision d=-0.0279958
[QP WORST COLLISION] scenario=30 k=1 obstacle=0 disc=1
[SQP] after_solve iter=0 converged=1 status=0 iterations=4 primal_residual=2.76732e-10 dual_residual=8.56797e-06 x_size=16 x_finite=1
[SQP LINESEARCH] iter=0 current_violation=0 accepted_violation=0 accepted=1 alpha=1 delta_u_norm=0.302589
[SQP SUPPORT] iter=0 support_size=0 support_limit=-1 support_ok=1
[SQP] before_solve iter=1 vars=16 constraints=138 max_d=-0.0280028
[QP WORST] iter=1 row=6 type=collision d=-0.0280028
[QP WORST COLLISION] scenario=30 k=1 obstacle=0 disc=1
[SQP] after_solve iter=1 converged=1 status=0 iterations=4 primal_residual=6.26905e-11 dual_residual=1.30655e-06 x_size=16 x_finite=1
[SQP LINESEARCH] iter=1 current_violation=0 accepted_violation=0 accepted=1 alpha=1 delta_u_norm=0.203956
[SQP SUPPORT] iter=1 support_size=0 support_limit=-1 support_ok=1
[SQP] before_solve iter=2 vars=16 constraints=138 max_d=-0.0279962
[QP WORST] iter=2 row=6 type=collision d=-0.0279962
[QP WORST COLLISION] scenario=30 k=1 obstacle=0 disc=1
[SQP] after_solve iter=2 converged=1 status=0 iterations=4 primal_residual=7.22467e-11 dual_residual=1.39289e-06 x_size=16 x_finite=1
[SQP LINESEARCH] iter=2 current_violation=0 accepted_violation=0 accepted=1 alpha=1 delta_u_norm=0.18581
[SQP SUPPORT] iter=2 support_size=0 support_limit=-1 support_ok=1
[SQP] before_solve iter=3 vars=16 constraints=138 max_d=-0.0279878
[QP WORST] iter=3 row=6 type=collision d=-0.0279878
[QP WORST COLLISION] scenario=30 k=1 obstacle=0 disc=1
[SQP] after_solve iter=3 converged=1 status=0 iterations=4 primal_residual=8.24153e-11 dual_residual=1.51521e-06 x_size=16 x_finite=1
[SQP LINESEARCH] iter=3 current_violation=0 accepted_violation=0 accepted=1 alpha=1 delta_u_norm=0.173623
[SQP SUPPORT] iter=3 support_size=0 support_limit=-1 support_ok=1
[SQP] before_solve iter=4 vars=16 constraints=138 max_d=-0.0279806
[QP WORST] iter=4 row=6 type=collision d=-0.0279806
[QP WORST COLLISION] scenario=30 k=1 obstacle=0 disc=1
[SQP] after_solve iter=4 converged=1 status=0 iterations=4 primal_residual=9.16203e-11 dual_residual=1.64194e-06 x_size=16 x_finite=1
[SQP LINESEARCH] iter=4 current_violation=0 accepted_violation=0 accepted=1 alpha=1 delta_u_norm=0.163411
[SQP SUPPORT] iter=4 support_size=0 support_limit=-1 support_ok=1
[SQP] before_solve iter=5 vars=16 constraints=138 max_d=-0.0279749
[QP WORST] iter=5 row=6 type=collision d=-0.0279749
[QP WORST COLLISION] scenario=30 k=1 obstacle=0 disc=1
[SQP] after_solve iter=5 converged=1 status=0 iterations=4 primal_residual=9.6322e-11 dual_residual=1.75547e-06 x_size=16 x_finite=1
[SQP LINESEARCH] iter=5 current_violation=0 accepted_violation=0 accepted=1 alpha=1 delta_u_norm=0.154458
[SQP SUPPORT] iter=5 support_size=0 support_limit=-1 support_ok=1
[SQP] before_solve iter=6 vars=16 constraints=138 max_d=-0.0279705
[QP WORST] iter=6 row=6 type=collision d=-0.0279705
[QP WORST COLLISION] scenario=30 k=1 obstacle=0 disc=1
[SQP] after_solve iter=6 converged=1 status=0 iterations=4 primal_residual=8.80859e-11 dual_residual=1.83709e-06 x_size=16 x_finite=1
[SQP LINESEARCH] iter=6 current_violation=0 accepted_violation=0 accepted=1 alpha=1 delta_u_norm=0.14644
[SQP SUPPORT] iter=6 support_size=0 support_limit=-1 support_ok=1
[SQP] before_solve iter=7 vars=16 constraints=138 max_d=-0.0279672
[QP WORST] iter=7 row=6 type=collision d=-0.0279672
[QP WORST COLLISION] scenario=30 k=1 obstacle=0 disc=1
[SQP] after_solve iter=7 converged=1 status=0 iterations=4 primal_residual=1.16868e-10 dual_residual=1.89812e-06 x_size=16 x_finite=1
[SQP LINESEARCH] iter=7 current_violation=0 accepted_violation=0 accepted=1 alpha=1 delta_u_norm=0.13915
[SQP SUPPORT] iter=7 support_size=0 support_limit=-1 support_ok=1
[SQP] before_solve iter=8 vars=16 constraints=138 max_d=-0.0279648
[QP WORST] iter=8 row=6 type=collision d=-0.0279648
[QP WORST COLLISION] scenario=30 k=1 obstacle=0 disc=1
[SQP] after_solve iter=8 converged=1 status=0 iterations=4 primal_residual=2.78004e-10 dual_residual=2.00135e-06 x_size=16 x_finite=1
[SQP LINESEARCH] iter=8 current_violation=0 accepted_violation=0 accepted=1 alpha=1 delta_u_norm=0.132426
[SQP SUPPORT] iter=8 support_size=0 support_limit=-1 support_ok=1
[SQP] before_solve iter=9 vars=16 constraints=138 max_d=-0.027963
[QP WORST] iter=9 row=6 type=collision d=-0.027963
[QP WORST COLLISION] scenario=30 k=1 obstacle=0 disc=1
[SQP] after_solve iter=9 converged=1 status=0 iterations=4 primal_residual=6.25969e-10 dual_residual=5.75777e-06 x_size=16 x_finite=1
[SQP LINESEARCH] iter=9 current_violation=0 accepted_violation=0 accepted=1 alpha=1 delta_u_norm=0.126038
[SQP SUPPORT] iter=9 support_size=0 support_limit=-1 support_ok=1
[SQP FINAL] final_violation=0 violated_constraints=0
[SUPPORT FINAL] sqp_union=0 final_active=0 support_limit=-1
[SUPPORT FINAL IDS]
[SUPPORT UNION IDS]
[COLD START RECOVERY CHECK] ordinary_sqp_failed=0 seed_available=1 incompatible=0 try_homotopy=0
[HARNESS RESULT] step=26 success=1 controls=8 first_input_present=1
[MPC STEP METRICS] step=26 applied=1 success=1 fallback=0 a=0.446633 omega=0.799999 dt=0.1 acceleration_weight=0.1 steering_weight=0.1 control_cost_unweighted=0.839481 control_cost_weighted=0.0839481 mpc_cost=-9.30953 solve_time=0.0383833 qp_solve_time=0.0250174 constraint_time=0.00747791 dro_risk_time=0.000406962 ambiguity_radius=0.0027432 certificate=not_requested
[EVAL SAFETY] step=27 min_center_distance=0.98598 min_clearance=0.0359799 collision_this_step=0 collision_run=0 collision_radius=0.95
[DRO SUMMARY] step=28 obstacle=0 S=40 rho=0.00269569 rho_raw=0.00269569 D_max=0.0115351 D_min=0.00578169 tv_bound=0.466246 eta=0.233694 eta_raw=0.233694 radius_m=28 radius_d=3 transport_cost=0 budget_usage=0 lambda=0 q_support=3 nominal_risk=0 qstar_risk=0 risk_lift=0 tv=0
[DRO MODE] step=28 obstacle=0 mode=constant_velocity p=0.118644 risk=0 q=0.118644 delta_q=0 q_times_S=4.74576
[DRO MODE] step=28 obstacle=0 mode=turn_left p=0.322034 risk=0 q=0.322034 delta_q=0 q_times_S=12.8814
[DRO MODE] step=28 obstacle=0 mode=turn_right p=0.559322 risk=0 q=0.559322 delta_q=0 q_times_S=22.3729
[DRO SAMPLE] step=28 obstacle=0 mode=constant_velocity q=0.118644 q_times_S=4.74576 first_count=3 first_fraction=0.075 occupancy=24 occupancy_fraction=0.075
[DRO SAMPLE] step=28 obstacle=0 mode=turn_left q=0.322034 q_times_S=12.8814 first_count=16 first_fraction=0.4 occupancy=128 occupancy_fraction=0.4
[DRO SAMPLE] step=28 obstacle=0 mode=turn_right q=0.559322 q_times_S=22.3729 first_count=21 first_fraction=0.525 occupancy=168 occupancy_fraction=0.525
[RF BACKUP] available=1 controls=8 states=9
[FREE POLY] k=1 disc=0 raw=40 facets=3 vertices=6 rho=4.8 anchor_shift=0
[FREE POLY] k=1 disc=1 raw=40 facets=2 vertices=5 rho=0.800001 anchor_shift=0
[FREE POLY] k=1 disc=2 raw=40 facets=3 vertices=7 rho=4.8 anchor_shift=0
[FREE POLY] k=2 disc=0 raw=40 facets=4 vertices=7 rho=5.6 anchor_shift=0
[FREE POLY] k=2 disc=1 raw=40 facets=3 vertices=6 rho=1.6 anchor_shift=0
[FREE POLY] k=2 disc=2 raw=40 facets=3 vertices=6 rho=5.6 anchor_shift=0
[FREE POLY] k=3 disc=0 raw=40 facets=7 vertices=10 rho=6.4 anchor_shift=0
[FREE POLY] k=3 disc=1 raw=40 facets=5 vertices=8 rho=2.4 anchor_shift=0
[FREE POLY] k=3 disc=2 raw=40 facets=5 vertices=8 rho=6.4 anchor_shift=0
[FREE POLY] k=4 disc=0 raw=40 facets=6 vertices=9 rho=7.2 anchor_shift=0
[FREE POLY] k=4 disc=1 raw=40 facets=4 vertices=7 rho=3.2 anchor_shift=0
[FREE POLY] k=4 disc=2 raw=40 facets=5 vertices=8 rho=7.2 anchor_shift=0
[FREE POLY] k=5 disc=0 raw=40 facets=5 vertices=8 rho=8 anchor_shift=0
[FREE POLY] k=5 disc=1 raw=40 facets=4 vertices=7 rho=4 anchor_shift=0
[FREE POLY] k=5 disc=2 raw=40 facets=5 vertices=8 rho=8 anchor_shift=0
[FREE POLY] k=6 disc=0 raw=40 facets=5 vertices=8 rho=8.8 anchor_shift=0
[FREE POLY] k=6 disc=1 raw=40 facets=4 vertices=7 rho=4.8 anchor_shift=0
[FREE POLY] k=6 disc=2 raw=40 facets=5 vertices=8 rho=8.8 anchor_shift=0
[FREE POLY] k=7 disc=0 raw=40 facets=5 vertices=8 rho=9.6 anchor_shift=0
[FREE POLY] k=7 disc=1 raw=40 facets=4 vertices=7 rho=5.6 anchor_shift=0
[FREE POLY] k=7 disc=2 raw=40 facets=5 vertices=8 rho=9.6 anchor_shift=0
[FREE POLY] k=8 disc=0 raw=40 facets=4 vertices=7 rho=10.4 anchor_shift=0
[FREE POLY] k=8 disc=1 raw=40 facets=5 vertices=8 rho=6.4 anchor_shift=0
[FREE POLY] k=8 disc=2 raw=40 facets=5 vertices=8 rho=10.4 anchor_shift=0
[RF SUPPORT SEED] removed=0 support_limit=-1
[SQP] before_solve iter=0 vars=16 constraints=138 max_d=-0.0494659
[QP WORST] iter=0 row=4 type=collision d=-0.0494659
[QP WORST COLLISION] scenario=34 k=1 obstacle=0 disc=1
[SQP] after_solve iter=0 converged=1 status=0 iterations=4 primal_residual=4.16334e-16 dual_residual=5.62904e-07 x_size=16 x_finite=1
[SQP LINESEARCH] iter=0 current_violation=0 accepted_violation=0 accepted=1 alpha=1 delta_u_norm=0.423112
[SQP SUPPORT] iter=0 support_size=0 support_limit=-1 support_ok=1
[SQP] before_solve iter=1 vars=16 constraints=138 max_d=-0.0494894
[QP WORST] iter=1 row=4 type=collision d=-0.0494894
[QP WORST COLLISION] scenario=34 k=1 obstacle=0 disc=1
[SQP] after_solve iter=1 converged=1 status=0 iterations=3 primal_residual=8.1915e-08 dual_residual=6.28897e-05 x_size=16 x_finite=1
[SQP LINESEARCH] iter=1 current_violation=0 accepted_violation=0 accepted=1 alpha=1 delta_u_norm=0.3034
[SQP SUPPORT] iter=1 support_size=0 support_limit=-1 support_ok=1
[SQP] before_solve iter=2 vars=16 constraints=138 max_d=-0.0494766
[QP WORST] iter=2 row=4 type=collision d=-0.0494766
[QP WORST COLLISION] scenario=34 k=1 obstacle=0 disc=1
[SQP] after_solve iter=2 converged=1 status=0 iterations=3 primal_residual=1.18298e-07 dual_residual=5.97323e-05 x_size=16 x_finite=1
[SQP LINESEARCH] iter=2 current_violation=0 accepted_violation=0 accepted=1 alpha=1 delta_u_norm=0.259726
[SQP SUPPORT] iter=2 support_size=0 support_limit=-1 support_ok=1
[SQP] before_solve iter=3 vars=16 constraints=138 max_d=-0.0494581
[QP WORST] iter=3 row=4 type=collision d=-0.0494581
[QP WORST COLLISION] scenario=34 k=1 obstacle=0 disc=1
[SQP] after_solve iter=3 converged=1 status=0 iterations=4 primal_residual=3.04876e-11 dual_residual=2.56613e-06 x_size=16 x_finite=1
[SQP LINESEARCH] iter=3 current_violation=0 accepted_violation=0 accepted=1 alpha=1 delta_u_norm=0.23826
[SQP SUPPORT] iter=3 support_size=0 support_limit=-1 support_ok=1
[SQP] before_solve iter=4 vars=16 constraints=138 max_d=-0.0494413
[QP WORST] iter=4 row=4 type=collision d=-0.0494413
[QP WORST COLLISION] scenario=34 k=1 obstacle=0 disc=1
[SQP] after_solve iter=4 converged=1 status=0 iterations=4 primal_residual=7.98393e-12 dual_residual=1.68321e-05 x_size=16 x_finite=1
[SQP LINESEARCH] iter=4 current_violation=0 accepted_violation=0 accepted=1 alpha=1 delta_u_norm=0.214548
[SQP SUPPORT] iter=4 support_size=0 support_limit=-1 support_ok=1
[SQP] before_solve iter=5 vars=16 constraints=138 max_d=-0.049428
[QP WORST] iter=5 row=4 type=collision d=-0.049428
[QP WORST COLLISION] scenario=34 k=1 obstacle=0 disc=1
[SQP] after_solve iter=5 converged=1 status=0 iterations=4 primal_residual=4.30211e-16 dual_residual=8.38826e-06 x_size=16 x_finite=1
[SQP LINESEARCH] iter=5 current_violation=0 accepted_violation=0 accepted=1 alpha=1 delta_u_norm=0.173279
[SQP SUPPORT] iter=5 support_size=0 support_limit=-1 support_ok=1
[SQP] before_solve iter=6 vars=16 constraints=138 max_d=-0.0494177
[QP WORST] iter=6 row=4 type=collision d=-0.0494177
[QP WORST COLLISION] scenario=34 k=1 obstacle=0 disc=1
[SQP] after_solve iter=6 converged=1 status=0 iterations=4 primal_residual=3.72845e-11 dual_residual=8.02415e-06 x_size=16 x_finite=1
[SQP LINESEARCH] iter=6 current_violation=0 accepted_violation=0 accepted=1 alpha=1 delta_u_norm=0.154862
[SQP SUPPORT] iter=6 support_size=0 support_limit=-1 support_ok=1
[SQP] before_solve iter=7 vars=16 constraints=138 max_d=-0.0494098
[QP WORST] iter=7 row=4 type=collision d=-0.0494098
[QP WORST COLLISION] scenario=34 k=1 obstacle=0 disc=1
[SQP] after_solve iter=7 converged=1 status=0 iterations=4 primal_residual=7.27089e-11 dual_residual=1.45396e-05 x_size=16 x_finite=1
[SQP LINESEARCH] iter=7 current_violation=0 accepted_violation=0 accepted=1 alpha=1 delta_u_norm=0.131683
[SQP SUPPORT] iter=7 support_size=0 support_limit=-1 support_ok=1
[SQP] before_solve iter=8 vars=16 constraints=138 max_d=-0.0494039
[QP WORST] iter=8 row=4 type=collision d=-0.0494039
[QP WORST COLLISION] scenario=34 k=1 obstacle=0 disc=1
[SQP] after_solve iter=8 converged=1 status=0 iterations=4 primal_residual=3.33418e-11 dual_residual=9.91553e-06 x_size=16 x_finite=1
[SQP LINESEARCH] iter=8 current_violation=0 accepted_violation=0 accepted=1 alpha=1 delta_u_norm=0.11036
[SQP SUPPORT] iter=8 support_size=0 support_limit=-1 support_ok=1
[SQP] before_solve iter=9 vars=16 constraints=138 max_d=-0.0493996
[QP WORST] iter=9 row=4 type=collision d=-0.0493996
[QP WORST COLLISION] scenario=34 k=1 obstacle=0 disc=1
[SQP] after_solve iter=9 converged=1 status=0 iterations=4 primal_residual=2.34343e-11 dual_residual=9.27306e-06 x_size=16 x_finite=1
[SQP LINESEARCH] iter=9 current_violation=0 accepted_violation=0 accepted=1 alpha=1 delta_u_norm=0.104039
[SQP SUPPORT] iter=9 support_size=0 support_limit=-1 support_ok=1
[SQP FINAL] final_violation=0 violated_constraints=0
[SUPPORT FINAL] sqp_union=0 final_active=0 support_limit=-1
[SUPPORT FINAL IDS]
[SUPPORT UNION IDS]
[COLD START RECOVERY CHECK] ordinary_sqp_failed=0 seed_available=1 incompatible=0 try_homotopy=0
[HARNESS RESULT] step=27 success=1 controls=8 first_input_present=1
[MPC STEP METRICS] step=27 applied=1 success=1 fallback=0 a=0.664268 omega=0.8 dt=0.1 acceleration_weight=0.1 steering_weight=0.1 control_cost_unweighted=1.08125 control_cost_weighted=0.108125 mpc_cost=-9.49572 solve_time=0.0385953 qp_solve_time=0.0251893 constraint_time=0.0074586 dro_risk_time=0.000410037 ambiguity_radius=0.00269569 certificate=not_requested
[EVAL SAFETY] step=28 min_center_distance=1.0036 min_clearance=0.053604 collision_this_step=0 collision_run=0 collision_radius=0.95
[DRO SUMMARY] step=29 obstacle=0 S=40 rho=0.00264868 rho_raw=0.00264868 D_max=0.0115351 D_min=0.00578169 tv_bound=0.458115 eta=0.229619 eta_raw=0.229619 radius_m=29 radius_d=3 transport_cost=0.00264868 budget_usage=1 lambda=2.34643 q_support=2 nominal_risk=0.0249064 qstar_risk=0.0311237 risk_lift=0.00621727 tv=0.344262
[DRO MODE] step=29 obstacle=0 mode=constant_velocity p=0.114754 risk=0.0222758 q=0.344604 delta_q=0.229849 q_times_S=13.7841
[DRO MODE] step=29 obstacle=0 mode=turn_left p=0.344262 risk=0.00870275 q=0 delta_q=-0.344262 q_times_S=0
[DRO MODE] step=29 obstacle=0 mode=turn_right p=0.540984 risk=0.0357758 q=0.655396 delta_q=0.114413 q_times_S=26.2159
[DRO SAMPLE] step=29 obstacle=0 mode=constant_velocity q=0.344604 q_times_S=13.7841 first_count=14 first_fraction=0.35 occupancy=112 occupancy_fraction=0.35
[DRO SAMPLE] step=29 obstacle=0 mode=turn_left q=0 q_times_S=0 first_count=0 first_fraction=0 occupancy=0 occupancy_fraction=0
[DRO SAMPLE] step=29 obstacle=0 mode=turn_right q=0.655396 q_times_S=26.2159 first_count=26 first_fraction=0.65 occupancy=208 occupancy_fraction=0.65
[RF BACKUP] available=1 controls=8 states=9
[FREE POLY] k=1 disc=0 raw=40 facets=4 vertices=7 rho=4.8 anchor_shift=0
[FREE POLY] k=1 disc=1 raw=40 facets=1 vertices=4 rho=0.800001 anchor_shift=0
[FREE POLY] k=1 disc=2 raw=40 facets=2 vertices=5 rho=4.8 anchor_shift=0
[FREE POLY] k=2 disc=0 raw=40 facets=4 vertices=7 rho=5.6 anchor_shift=0
[FREE POLY] k=2 disc=1 raw=40 facets=3 vertices=6 rho=1.6 anchor_shift=0
[FREE POLY] k=2 disc=2 raw=40 facets=3 vertices=6 rho=5.6 anchor_shift=0
[FREE POLY] k=3 disc=0 raw=40 facets=3 vertices=6 rho=6.4 anchor_shift=0
[FREE POLY] k=3 disc=1 raw=40 facets=4 vertices=7 rho=2.4 anchor_shift=0
[FREE POLY] k=3 disc=2 raw=40 facets=3 vertices=6 rho=6.4 anchor_shift=0
[FREE POLY] k=4 disc=0 raw=40 facets=3 vertices=6 rho=7.2 anchor_shift=0
[FREE POLY] k=4 disc=1 raw=40 facets=4 vertices=7 rho=3.2 anchor_shift=0
[FREE POLY] k=4 disc=2 raw=40 facets=4 vertices=7 rho=7.2 anchor_shift=0
[FREE POLY] k=5 disc=0 raw=40 facets=3 vertices=6 rho=8 anchor_shift=0
[FREE POLY] k=5 disc=1 raw=40 facets=3 vertices=6 rho=4 anchor_shift=0
[FREE POLY] k=5 disc=2 raw=40 facets=4 vertices=7 rho=8 anchor_shift=0
[FREE POLY] k=6 disc=0 raw=40 facets=3 vertices=6 rho=8.8 anchor_shift=0
[FREE POLY] k=6 disc=1 raw=40 facets=3 vertices=6 rho=4.8 anchor_shift=0
[FREE POLY] k=6 disc=2 raw=40 facets=5 vertices=8 rho=8.8 anchor_shift=0
[FREE POLY] k=7 disc=0 raw=40 facets=4 vertices=7 rho=9.6 anchor_shift=0
[FREE POLY] k=7 disc=1 raw=40 facets=4 vertices=7 rho=5.6 anchor_shift=0
[FREE POLY] k=7 disc=2 raw=40 facets=4 vertices=7 rho=9.6 anchor_shift=0
[FREE POLY] k=8 disc=0 raw=40 facets=4 vertices=7 rho=10.4 anchor_shift=0
[FREE POLY] k=8 disc=1 raw=40 facets=4 vertices=7 rho=6.4 anchor_shift=0
[FREE POLY] k=8 disc=2 raw=40 facets=4 vertices=7 rho=10.4 anchor_shift=0
[RF SUPPORT SEED] removed=0 support_limit=-1
[SQP] before_solve iter=0 vars=16 constraints=115 max_d=0.00257756
[QP WORST] iter=0 row=71 type=collision d=0.00257756
[QP WORST COLLISION] scenario=17 k=8 obstacle=0 disc=0
[SQP] after_solve iter=0 converged=1 status=0 iterations=5 primal_residual=4.44089e-16 dual_residual=8.96902e-06 x_size=16 x_finite=1
[SQP LINESEARCH] iter=0 current_violation=0.00257756 accepted_violation=0 accepted=1 alpha=1 delta_u_norm=0.351474
[SQP SUPPORT] iter=0 support_size=0 support_limit=-1 support_ok=1
[SQP] before_solve iter=1 vars=16 constraints=115 max_d=-0.00765722
[QP WORST] iter=1 row=71 type=collision d=-0.00765722
[QP WORST COLLISION] scenario=17 k=8 obstacle=0 disc=0
[SQP] after_solve iter=1 converged=1 status=0 iterations=5 primal_residual=3.85109e-16 dual_residual=2.48423e-05 x_size=16 x_finite=1
[SQP LINESEARCH] iter=1 current_violation=0 accepted_violation=0 accepted=1 alpha=1 delta_u_norm=0.258828
[SQP SUPPORT] iter=1 support_size=0 support_limit=-1 support_ok=1
[SQP] before_solve iter=2 vars=16 constraints=115 max_d=-0.00773263
[QP WORST] iter=2 row=71 type=collision d=-0.00773263
[QP WORST COLLISION] scenario=17 k=8 obstacle=0 disc=0
[SQP] after_solve iter=2 converged=1 status=0 iterations=5 primal_residual=4.36872e-16 dual_residual=2.87454e-05 x_size=16 x_finite=1
[SQP LINESEARCH] iter=2 current_violation=0 accepted_violation=0 accepted=1 alpha=1 delta_u_norm=0.224648
[SQP SUPPORT] iter=2 support_size=0 support_limit=-1 support_ok=1
[SQP] before_solve iter=3 vars=16 constraints=115 max_d=-0.00433533
[QP WORST] iter=3 row=71 type=collision d=-0.00433533
[QP WORST COLLISION] scenario=17 k=8 obstacle=0 disc=0
[SQP] after_solve iter=3 converged=1 status=0 iterations=5 primal_residual=1.4429e-09 dual_residual=3.10312e-05 x_size=16 x_finite=1
[SQP LINESEARCH] iter=3 current_violation=0 accepted_violation=0 accepted=1 alpha=1 delta_u_norm=0.200799
[SQP SUPPORT] iter=3 support_size=0 support_limit=-1 support_ok=1
[SQP] before_solve iter=4 vars=16 constraints=115 max_d=-0.00222267
[QP WORST] iter=4 row=71 type=collision d=-0.00222267
[QP WORST COLLISION] scenario=17 k=8 obstacle=0 disc=0
[SQP] after_solve iter=4 converged=1 status=0 iterations=5 primal_residual=8.04476e-10 dual_residual=1.82614e-05 x_size=16 x_finite=1
[SQP LINESEARCH] iter=4 current_violation=0 accepted_violation=0 accepted=1 alpha=1 delta_u_norm=0.18064
[SQP SUPPORT] iter=4 support_size=0 support_limit=-1 support_ok=1
[SQP] before_solve iter=5 vars=16 constraints=115 max_d=-0.000761176
[QP WORST] iter=5 row=71 type=collision d=-0.000761176
[QP WORST COLLISION] scenario=17 k=8 obstacle=0 disc=0
[SQP] after_solve iter=5 converged=1 status=0 iterations=5 primal_residual=1.92907e-10 dual_residual=5.53206e-06 x_size=16 x_finite=1
[SQP LINESEARCH] iter=5 current_violation=0 accepted_violation=0 accepted=1 alpha=1 delta_u_norm=0.163089
[SQP SUPPORT] iter=5 support_size=0 support_limit=-1 support_ok=1
[SQP] before_solve iter=6 vars=16 constraints=115 max_d=-0.000160585
[QP WORST] iter=6 row=71 type=collision d=-0.000160585
[QP WORST COLLISION] scenario=17 k=8 obstacle=0 disc=0
[SQP] after_solve iter=6 converged=1 status=0 iterations=4 primal_residual=4.83201e-09 dual_residual=7.32887e-05 x_size=16 x_finite=1
[SQP LINESEARCH] iter=6 current_violation=0 accepted_violation=0 accepted=1 alpha=1 delta_u_norm=0.147622
[SQP SUPPORT] iter=6 support_size=0 support_limit=-1 support_ok=1
[SQP] before_solve iter=7 vars=16 constraints=115 max_d=-0.00153048
[QP WORST] iter=7 row=71 type=collision d=-0.00153048
[QP WORST COLLISION] scenario=17 k=8 obstacle=0 disc=0
[SQP] after_solve iter=7 converged=1 status=0 iterations=4 primal_residual=5.50099e-08 dual_residual=8.51135e-05 x_size=16 x_finite=1
[SQP LINESEARCH] iter=7 current_violation=0 accepted_violation=0 accepted=1 alpha=1 delta_u_norm=0.133732
[SQP SUPPORT] iter=7 support_size=0 support_limit=-1 support_ok=1
[SQP] before_solve iter=8 vars=16 constraints=115 max_d=-0.00161132
[QP WORST] iter=8 row=71 type=collision d=-0.00161132
[QP WORST COLLISION] scenario=17 k=8 obstacle=0 disc=0
[SQP] after_solve iter=8 converged=1 status=0 iterations=5 primal_residual=4.44089e-16 dual_residual=1.26069e-06 x_size=16 x_finite=1
[SQP LINESEARCH] iter=8 current_violation=0 accepted_violation=0 accepted=1 alpha=1 delta_u_norm=0.123466
[SQP SUPPORT] iter=8 support_size=0 support_limit=-1 support_ok=1
[SQP] before_solve iter=9 vars=16 constraints=115 max_d=-2.35062e-05
[QP WORST] iter=9 row=71 type=collision d=-2.35062e-05
[QP WORST COLLISION] scenario=17 k=8 obstacle=0 disc=0
[SQP] after_solve iter=9 converged=1 status=0 iterations=5 primal_residual=6.63168e-10 dual_residual=4.87549e-06 x_size=16 x_finite=1
[SQP LINESEARCH] iter=9 current_violation=0 accepted_violation=0 accepted=1 alpha=1 delta_u_norm=0.113785
[SQP SUPPORT] iter=9 support_size=0 support_limit=-1 support_ok=1
[SQP FINAL] final_violation=0 violated_constraints=0
[SUPPORT FINAL] sqp_union=0 final_active=1 support_limit=-1
[SUPPORT FINAL IDS] 17
[SUPPORT UNION IDS]
[COLD START RECOVERY CHECK] ordinary_sqp_failed=0 seed_available=1 incompatible=0 try_homotopy=0
[HARNESS RESULT] step=28 success=1 controls=8 first_input_present=1
[MPC STEP METRICS] step=28 applied=1 success=1 fallback=0 a=0.63036 omega=0.8 dt=0.1 acceleration_weight=0.1 steering_weight=0.1 control_cost_unweighted=1.03735 control_cost_weighted=0.103735 mpc_cost=-9.94125 solve_time=0.0367038 qp_solve_time=0.0235905 constraint_time=0.0070869 dro_risk_time=0.000404728 ambiguity_radius=0.00264868 certificate=not_requested
[EVAL SAFETY] step=29 min_center_distance=1.04105 min_clearance=0.0910478 collision_this_step=0 collision_run=0 collision_radius=0.95
[DRO SUMMARY] step=30 obstacle=0 S=40 rho=0.00259561 rho_raw=0.00259561 D_max=0.0115351 D_min=0.00578169 tv_bound=0.448936 eta=0.225018 eta_raw=0.225018 radius_m=30 radius_d=3 transport_cost=0.00259561 budget_usage=1 lambda=2.36263 q_support=2 nominal_risk=0.0969262 qstar_risk=0.10317 risk_lift=0.00624385 tv=0.333333
[DRO MODE] step=30 obstacle=0 mode=constant_velocity p=0.142857 risk=0.0944707 q=0.36002 delta_q=0.217163 q_times_S=14.4008
[DRO MODE] step=30 obstacle=0 mode=turn_left p=0.333333 risk=0.0804766 q=0 delta_q=-0.333333 q_times_S=0
[DRO MODE] step=30 obstacle=0 mode=turn_right p=0.52381 risk=0.108064 q=0.63998 delta_q=0.11617 q_times_S=25.5992
[DRO SAMPLE] step=30 obstacle=0 mode=constant_velocity q=0.36002 q_times_S=14.4008 first_count=11 first_fraction=0.275 occupancy=88 occupancy_fraction=0.275
[DRO SAMPLE] step=30 obstacle=0 mode=turn_left q=0 q_times_S=0 first_count=0 first_fraction=0 occupancy=0 occupancy_fraction=0
[DRO SAMPLE] step=30 obstacle=0 mode=turn_right q=0.63998 q_times_S=25.5992 first_count=29 first_fraction=0.725 occupancy=232 occupancy_fraction=0.725
[RF BACKUP] available=1 controls=8 states=9
[FREE POLY] k=1 disc=0 raw=40 facets=5 vertices=8 rho=4.8 anchor_shift=0
[FREE POLY] k=1 disc=1 raw=40 facets=3 vertices=6 rho=0.800001 anchor_shift=0
[FREE POLY] k=1 disc=2 raw=40 facets=5 vertices=8 rho=4.8 anchor_shift=0
[FREE POLY] k=2 disc=0 raw=40 facets=5 vertices=9 rho=5.6 anchor_shift=0
[FREE POLY] k=2 disc=1 raw=40 facets=3 vertices=6 rho=1.6 anchor_shift=0
[FREE POLY] k=2 disc=2 raw=40 facets=5 vertices=8 rho=5.6 anchor_shift=0
[FREE POLY] k=3 disc=0 raw=40 facets=6 vertices=10 rho=6.4 anchor_shift=0
[FREE POLY] k=3 disc=1 raw=40 facets=3 vertices=6 rho=2.4 anchor_shift=0
[FREE POLY] k=3 disc=2 raw=40 facets=3 vertices=6 rho=6.4 anchor_shift=0
[FREE POLY] k=4 disc=0 raw=40 facets=4 vertices=7 rho=7.2 anchor_shift=0
[FREE POLY] k=4 disc=1 raw=40 facets=3 vertices=7 rho=3.2 anchor_shift=0
[FREE POLY] k=4 disc=2 raw=40 facets=3 vertices=6 rho=7.2 anchor_shift=0
[FREE POLY] k=5 disc=0 raw=40 facets=5 vertices=8 rho=8 anchor_shift=0
[FREE POLY] k=5 disc=1 raw=40 facets=3 vertices=6 rho=4 anchor_shift=0
[FREE POLY] k=5 disc=2 raw=40 facets=4 vertices=7 rho=8 anchor_shift=0
[FREE POLY] k=6 disc=0 raw=40 facets=5 vertices=8 rho=8.8 anchor_shift=0
[FREE POLY] k=6 disc=1 raw=40 facets=4 vertices=7 rho=4.8 anchor_shift=0
[FREE POLY] k=6 disc=2 raw=40 facets=4 vertices=7 rho=8.8 anchor_shift=0
[FREE POLY] k=7 disc=0 raw=40 facets=5 vertices=8 rho=9.6 anchor_shift=0
[FREE POLY] k=7 disc=1 raw=40 facets=3 vertices=6 rho=5.6 anchor_shift=0
[FREE POLY] k=7 disc=2 raw=40 facets=4 vertices=7 rho=9.6 anchor_shift=0
[FREE POLY] k=8 disc=0 raw=40 facets=5 vertices=8 rho=10.4 anchor_shift=0
[FREE POLY] k=8 disc=1 raw=40 facets=2 vertices=5 rho=6.4 anchor_shift=0
[FREE POLY] k=8 disc=2 raw=40 facets=3 vertices=6 rho=10.4 anchor_shift=0
[RF SUPPORT SEED] removed=0 support_limit=-1
[SQP] before_solve iter=0 vars=16 constraints=127 max_d=0.0759917
[QP WORST] iter=0 row=85 type=collision d=0.0759917
[QP WORST COLLISION] scenario=0 k=8 obstacle=0 disc=0
[SQP] after_solve iter=0 converged=1 status=0 iterations=5 primal_residual=1.27398e-09 dual_residual=3.34706e-06 x_size=16 x_finite=1
[SQP LINESEARCH] iter=0 current_violation=0.0759917 accepted_violation=0.00192264 accepted=1 alpha=1 delta_u_norm=0.48258
[SQP SUPPORT] iter=0 support_size=0 support_limit=-1 support_ok=1
[SQP] before_solve iter=1 vars=16 constraints=127 max_d=0.00192264
[QP WORST] iter=1 row=85 type=collision d=0.00192264
[QP WORST COLLISION] scenario=0 k=8 obstacle=0 disc=0
[SQP] after_solve iter=1 converged=1 status=0 iterations=5 primal_residual=4.28477e-16 dual_residual=7.89792e-07 x_size=16 x_finite=1
[SQP LINESEARCH] iter=1 current_violation=0.00192264 accepted_violation=3.52054e-05 accepted=1 alpha=1 delta_u_norm=0.22437
[SQP SUPPORT] iter=1 support_size=0 support_limit=-1 support_ok=1
[SQP] before_solve iter=2 vars=16 constraints=127 max_d=3.52054e-05
[QP WORST] iter=2 row=85 type=collision d=3.52054e-05
[QP WORST COLLISION] scenario=0 k=8 obstacle=0 disc=0
[SQP] after_solve iter=2 converged=1 status=0 iterations=5 primal_residual=4.25875e-16 dual_residual=1.7262e-05 x_size=16 x_finite=1
[SQP LINESEARCH] iter=2 current_violation=3.52054e-05 accepted_violation=2.19917e-06 accepted=1 alpha=1 delta_u_norm=0.186515
[SQP SUPPORT] iter=2 support_size=0 support_limit=-1 support_ok=1
[SQP] before_solve iter=3 vars=16 constraints=127 max_d=2.19917e-06
[QP WORST] iter=3 row=85 type=collision d=2.19917e-06
[QP WORST COLLISION] scenario=0 k=8 obstacle=0 disc=0
[SQP] after_solve iter=3 converged=1 status=0 iterations=5 primal_residual=3.93782e-16 dual_residual=6.6395e-06 x_size=16 x_finite=1
[SQP LINESEARCH] iter=3 current_violation=2.19917e-06 accepted_violation=0 accepted=1 alpha=1 delta_u_norm=0.153079
[SQP SUPPORT] iter=3 support_size=0 support_limit=-1 support_ok=1
[SQP] before_solve iter=4 vars=16 constraints=127 max_d=-2.85638e-06
[QP WORST] iter=4 row=85 type=collision d=-2.85638e-06
[QP WORST COLLISION] scenario=0 k=8 obstacle=0 disc=0
[SQP] after_solve iter=4 converged=1 status=0 iterations=5 primal_residual=4.41547e-16 dual_residual=1.27822e-05 x_size=16 x_finite=1
[SQP LINESEARCH] iter=4 current_violation=0 accepted_violation=0 accepted=1 alpha=1 delta_u_norm=0.141747
[SQP SUPPORT] iter=4 support_size=0 support_limit=-1 support_ok=1
[SQP] before_solve iter=5 vars=16 constraints=127 max_d=-4.49586e-06
[QP WORST] iter=5 row=85 type=collision d=-4.49586e-06
[QP WORST COLLISION] scenario=0 k=8 obstacle=0 disc=0
[SQP] after_solve iter=5 converged=1 status=0 iterations=5 primal_residual=4.37218e-16 dual_residual=1.74434e-05 x_size=16 x_finite=1
[SQP LINESEARCH] iter=5 current_violation=0 accepted_violation=0 accepted=1 alpha=1 delta_u_norm=0.130935
[SQP SUPPORT] iter=5 support_size=0 support_limit=-1 support_ok=1
[SQP] before_solve iter=6 vars=16 constraints=127 max_d=-4.73869e-06
[QP WORST] iter=6 row=85 type=collision d=-4.73869e-06
[QP WORST COLLISION] scenario=0 k=8 obstacle=0 disc=0
[SQP] after_solve iter=6 converged=1 status=0 iterations=5 primal_residual=4.20257e-16 dual_residual=1.43828e-05 x_size=16 x_finite=1
[SQP LINESEARCH] iter=6 current_violation=0 accepted_violation=0 accepted=1 alpha=1 delta_u_norm=0.121582
[SQP SUPPORT] iter=6 support_size=0 support_limit=-1 support_ok=1
[SQP] before_solve iter=7 vars=16 constraints=127 max_d=-4.38475e-06
[QP WORST] iter=7 row=85 type=collision d=-4.38475e-06
[QP WORST COLLISION] scenario=0 k=8 obstacle=0 disc=0
[SQP] after_solve iter=7 converged=1 status=0 iterations=5 primal_residual=3.98471e-16 dual_residual=1.08744e-05 x_size=16 x_finite=1
[SQP LINESEARCH] iter=7 current_violation=0 accepted_violation=0 accepted=1 alpha=1 delta_u_norm=0.11394
[SQP SUPPORT] iter=7 support_size=0 support_limit=-1 support_ok=1
[SQP] before_solve iter=8 vars=16 constraints=127 max_d=-3.22978e-06
[QP WORST] iter=8 row=85 type=collision d=-3.22978e-06
[QP WORST COLLISION] scenario=0 k=8 obstacle=0 disc=0
[SQP] after_solve iter=8 converged=1 status=0 iterations=5 primal_residual=4.17391e-16 dual_residual=1.22092e-05 x_size=16 x_finite=1
[SQP LINESEARCH] iter=8 current_violation=0 accepted_violation=0 accepted=1 alpha=1 delta_u_norm=0.107185
[SQP SUPPORT] iter=8 support_size=0 support_limit=-1 support_ok=1
[SQP] before_solve iter=9 vars=16 constraints=127 max_d=-2.15742e-06
[QP WORST] iter=9 row=85 type=collision d=-2.15742e-06
[QP WORST COLLISION] scenario=0 k=8 obstacle=0 disc=0
[SQP] after_solve iter=9 converged=1 status=0 iterations=5 primal_residual=4.4062e-16 dual_residual=1.20856e-05 x_size=16 x_finite=1
[SQP LINESEARCH] iter=9 current_violation=0 accepted_violation=0 accepted=1 alpha=1 delta_u_norm=0.101071
[SQP SUPPORT] iter=9 support_size=0 support_limit=-1 support_ok=1
[SQP FINAL] final_violation=0 violated_constraints=0
[SUPPORT FINAL] sqp_union=0 final_active=1 support_limit=-1
[SUPPORT FINAL IDS] 0
[SUPPORT UNION IDS]
[COLD START RECOVERY CHECK] ordinary_sqp_failed=0 seed_available=1 incompatible=0 try_homotopy=0
[HARNESS RESULT] step=29 success=1 controls=8 first_input_present=1
[MPC STEP METRICS] step=29 applied=1 success=1 fallback=0 a=0.493783 omega=0.799999 dt=0.1 acceleration_weight=0.1 steering_weight=0.1 control_cost_unweighted=0.883821 control_cost_weighted=0.0883821 mpc_cost=-10.3785 solve_time=0.0409586 qp_solve_time=0.0274552 constraint_time=0.00741197 dro_risk_time=0.000434703 ambiguity_radius=0.00259561 certificate=not_requested
[EVAL SAFETY] step=30 min_center_distance=1.09785 min_clearance=0.147855 collision_this_step=0 collision_run=0 collision_radius=0.95
[DRO SUMMARY] step=31 obstacle=0 S=40 rho=0.00255583 rho_raw=0.00255583 D_max=0.0115351 D_min=0.00578169 tv_bound=0.442056 eta=0.22157 eta_raw=0.22157 radius_m=31 radius_d=3 transport_cost=0.00255583 budget_usage=1 lambda=2.29757 q_support=2 nominal_risk=0.0746419 qstar_risk=0.0807811 risk_lift=0.00613919 tv=0.323077
[DRO MODE] step=31 obstacle=0 mode=constant_velocity p=0.138462 risk=0.0720828 q=0.341975 delta_q=0.203513 q_times_S=13.679
[DRO MODE] step=31 obstacle=0 mode=turn_left p=0.323077 risk=0.0579725 q=0 delta_q=-0.323077 q_times_S=0
[DRO MODE] step=31 obstacle=0 mode=turn_right p=0.538462 risk=0.0853016 q=0.658025 delta_q=0.119564 q_times_S=26.321
[DRO SAMPLE] step=31 obstacle=0 mode=constant_velocity q=0.341975 q_times_S=13.679 first_count=16 first_fraction=0.4 occupancy=128 occupancy_fraction=0.4
[DRO SAMPLE] step=31 obstacle=0 mode=turn_left q=0 q_times_S=0 first_count=0 first_fraction=0 occupancy=0 occupancy_fraction=0
[DRO SAMPLE] step=31 obstacle=0 mode=turn_right q=0.658025 q_times_S=26.321 first_count=24 first_fraction=0.6 occupancy=192 occupancy_fraction=0.6
[RF BACKUP] available=1 controls=8 states=9
[FREE POLY] k=1 disc=0 raw=40 facets=3 vertices=7 rho=4.8 anchor_shift=0
[FREE POLY] k=1 disc=1 raw=40 facets=2 vertices=5 rho=0.800001 anchor_shift=0
[FREE POLY] k=1 disc=2 raw=40 facets=3 vertices=6 rho=4.8 anchor_shift=0
[FREE POLY] k=2 disc=0 raw=40 facets=4 vertices=8 rho=5.6 anchor_shift=0
[FREE POLY] k=2 disc=1 raw=40 facets=2 vertices=6 rho=1.6 anchor_shift=0
[FREE POLY] k=2 disc=2 raw=40 facets=4 vertices=7 rho=5.6 anchor_shift=0
[FREE POLY] k=3 disc=0 raw=40 facets=4 vertices=7 rho=6.4 anchor_shift=0
[FREE POLY] k=3 disc=1 raw=40 facets=2 vertices=6 rho=2.4 anchor_shift=0
[FREE POLY] k=3 disc=2 raw=40 facets=3 vertices=6 rho=6.4 anchor_shift=0
[FREE POLY] k=4 disc=0 raw=40 facets=4 vertices=7 rho=7.2 anchor_shift=0
[FREE POLY] k=4 disc=1 raw=40 facets=3 vertices=6 rho=3.2 anchor_shift=0
[FREE POLY] k=4 disc=2 raw=40 facets=3 vertices=6 rho=7.2 anchor_shift=0
[FREE POLY] k=5 disc=0 raw=40 facets=4 vertices=7 rho=8 anchor_shift=0
[FREE POLY] k=5 disc=1 raw=40 facets=3 vertices=6 rho=4 anchor_shift=0
[FREE POLY] k=5 disc=2 raw=40 facets=3 vertices=6 rho=8 anchor_shift=0
[FREE POLY] k=6 disc=0 raw=40 facets=3 vertices=6 rho=8.8 anchor_shift=0
[FREE POLY] k=6 disc=1 raw=40 facets=3 vertices=6 rho=4.8 anchor_shift=0
[FREE POLY] k=6 disc=2 raw=40 facets=3 vertices=6 rho=8.8 anchor_shift=0
[FREE POLY] k=7 disc=0 raw=40 facets=4 vertices=7 rho=9.6 anchor_shift=0
[FREE POLY] k=7 disc=1 raw=40 facets=4 vertices=7 rho=5.6 anchor_shift=0
[FREE POLY] k=7 disc=2 raw=40 facets=4 vertices=7 rho=9.6 anchor_shift=0
[FREE POLY] k=8 disc=0 raw=40 facets=3 vertices=6 rho=10.4 anchor_shift=0
[FREE POLY] k=8 disc=1 raw=40 facets=4 vertices=7 rho=6.4 anchor_shift=0
[FREE POLY] k=8 disc=2 raw=40 facets=5 vertices=8 rho=10.4 anchor_shift=0
[RF SUPPORT SEED] removed=0 support_limit=-1
[SQP] before_solve iter=0 vars=16 constraints=112 max_d=0.0766394
[QP WORST] iter=0 row=69 type=collision d=0.0766394
[QP WORST COLLISION] scenario=22 k=8 obstacle=0 disc=0
[SQP] after_solve iter=0 converged=1 status=0 iterations=5 primal_residual=4.38241e-12 dual_residual=1.52389e-08 x_size=16 x_finite=1
[SQP LINESEARCH] iter=0 current_violation=0.0766394 accepted_violation=0.00161153 accepted=1 alpha=1 delta_u_norm=0.399291
[SQP SUPPORT] iter=0 support_size=0 support_limit=-1 support_ok=1
[SQP] before_solve iter=1 vars=16 constraints=112 max_d=0.00161153
[QP WORST] iter=1 row=69 type=collision d=0.00161153
[QP WORST COLLISION] scenario=22 k=8 obstacle=0 disc=0
[SQP] after_solve iter=1 converged=1 status=0 iterations=4 primal_residual=7.68921e-08 dual_residual=8.31475e-05 x_size=16 x_finite=1
[SQP LINESEARCH] iter=1 current_violation=0.00161153 accepted_violation=0 accepted=1 alpha=1 delta_u_norm=0.204509
[SQP SUPPORT] iter=1 support_size=0 support_limit=-1 support_ok=1
[SQP] before_solve iter=2 vars=16 constraints=112 max_d=-9.67473e-05
[QP WORST] iter=2 row=69 type=collision d=-9.67473e-05
[QP WORST COLLISION] scenario=22 k=8 obstacle=0 disc=0
[SQP] after_solve iter=2 converged=1 status=0 iterations=4 primal_residual=1.10512e-07 dual_residual=7.93095e-05 x_size=16 x_finite=1
[SQP LINESEARCH] iter=2 current_violation=0 accepted_violation=0 accepted=1 alpha=1 delta_u_norm=0.18666
[SQP SUPPORT] iter=2 support_size=0 support_limit=-1 support_ok=1
[SQP] before_solve iter=3 vars=16 constraints=112 max_d=-6.53635e-05
[QP WORST] iter=3 row=69 type=collision d=-6.53635e-05
[QP WORST COLLISION] scenario=22 k=8 obstacle=0 disc=0
[SQP] after_solve iter=3 converged=1 status=0 iterations=4 primal_residual=5.17478e-08 dual_residual=6.26083e-05 x_size=16 x_finite=1
[SQP LINESEARCH] iter=3 current_violation=0 accepted_violation=0 accepted=1 alpha=1 delta_u_norm=0.172646
[SQP SUPPORT] iter=3 support_size=0 support_limit=-1 support_ok=1
[SQP] before_solve iter=4 vars=16 constraints=112 max_d=-6.72605e-06
[QP WORST] iter=4 row=69 type=collision d=-6.72605e-06
[QP WORST COLLISION] scenario=22 k=8 obstacle=0 disc=0
[SQP] after_solve iter=4 converged=1 status=0 iterations=4 primal_residual=4.13793e-08 dual_residual=4.5411e-05 x_size=16 x_finite=1
[SQP LINESEARCH] iter=4 current_violation=0 accepted_violation=0 accepted=1 alpha=1 delta_u_norm=0.162098
[SQP SUPPORT] iter=4 support_size=0 support_limit=-1 support_ok=1
[SQP] before_solve iter=5 vars=16 constraints=112 max_d=-1.81797e-06
[QP WORST] iter=5 row=69 type=collision d=-1.81797e-06
[QP WORST COLLISION] scenario=22 k=8 obstacle=0 disc=0
[SQP] after_solve iter=5 converged=1 status=0 iterations=4 primal_residual=8.71073e-08 dual_residual=4.90336e-05 x_size=16 x_finite=1
[SQP LINESEARCH] iter=5 current_violation=0 accepted_violation=0 accepted=1 alpha=1 delta_u_norm=0.153343
[SQP SUPPORT] iter=5 support_size=0 support_limit=-1 support_ok=1
[SQP] before_solve iter=6 vars=16 constraints=112 max_d=-1.71261e-06
[QP WORST] iter=6 row=69 type=collision d=-1.71261e-06
[QP WORST COLLISION] scenario=22 k=8 obstacle=0 disc=0
[SQP] after_solve iter=6 converged=1 status=0 iterations=4 primal_residual=1.2696e-07 dual_residual=4.92064e-05 x_size=16 x_finite=1
[SQP LINESEARCH] iter=6 current_violation=0 accepted_violation=0 accepted=1 alpha=1 delta_u_norm=0.145259
[SQP SUPPORT] iter=6 support_size=0 support_limit=-1 support_ok=1
[SQP] before_solve iter=7 vars=16 constraints=112 max_d=-2.01754e-06
[QP WORST] iter=7 row=69 type=collision d=-2.01754e-06
[QP WORST COLLISION] scenario=22 k=8 obstacle=0 disc=0
[SQP] after_solve iter=7 converged=1 status=0 iterations=4 primal_residual=1.4384e-07 dual_residual=8.55009e-05 x_size=16 x_finite=1
[SQP LINESEARCH] iter=7 current_violation=0 accepted_violation=0 accepted=1 alpha=1 delta_u_norm=0.137132
[SQP SUPPORT] iter=7 support_size=0 support_limit=-1 support_ok=1
[SQP] before_solve iter=8 vars=16 constraints=112 max_d=-2.36292e-06
[QP WORST] iter=8 row=69 type=collision d=-2.36292e-06
[QP WORST COLLISION] scenario=22 k=8 obstacle=0 disc=0
[SQP] after_solve iter=8 converged=1 status=0 iterations=5 primal_residual=3.73863e-11 dual_residual=1.87162e-06 x_size=16 x_finite=1
[SQP LINESEARCH] iter=8 current_violation=0 accepted_violation=0 accepted=1 alpha=1 delta_u_norm=0.133018
[SQP SUPPORT] iter=8 support_size=0 support_limit=-1 support_ok=1
[SQP] before_solve iter=9 vars=16 constraints=112 max_d=-1.46928e-06
[QP WORST] iter=9 row=69 type=collision d=-1.46928e-06
[QP WORST COLLISION] scenario=22 k=8 obstacle=0 disc=0
[SQP] after_solve iter=9 converged=1 status=0 iterations=5 primal_residual=4.55734e-09 dual_residual=1.54385e-05 x_size=16 x_finite=1
[SQP LINESEARCH] iter=9 current_violation=0 accepted_violation=0 accepted=1 alpha=1 delta_u_norm=0.125506
[SQP SUPPORT] iter=9 support_size=0 support_limit=-1 support_ok=1
[SQP FINAL] final_violation=0 violated_constraints=0
[SUPPORT FINAL] sqp_union=0 final_active=1 support_limit=-1
[SUPPORT FINAL IDS] 22
[SUPPORT UNION IDS]
[COLD START RECOVERY CHECK] ordinary_sqp_failed=0 seed_available=1 incompatible=0 try_homotopy=0
[HARNESS RESULT] step=30 success=1 controls=8 first_input_present=1
[MPC STEP METRICS] step=30 applied=1 success=1 fallback=0 a=0.446698 omega=0.799998 dt=0.1 acceleration_weight=0.1 steering_weight=0.1 control_cost_unweighted=0.839536 control_cost_weighted=0.0839536 mpc_cost=-10.9506 solve_time=0.0378553 qp_solve_time=0.0245682 constraint_time=0.0070506 dro_risk_time=0.000467445 ambiguity_radius=0.00255583 certificate=not_requested
[EVAL SAFETY] step=31 min_center_distance=1.17226 min_clearance=0.222265 collision_this_step=0 collision_run=0 collision_radius=0.95
[DRO SUMMARY] step=32 obstacle=0 S=40 rho=0.00251581 rho_raw=0.00251581 D_max=0.0115351 D_min=0.00578169 tv_bound=0.435135 eta=0.218101 eta_raw=0.218101 radius_m=32 radius_d=3 transport_cost=0.00251581 budget_usage=1 lambda=2.10709 q_support=2 nominal_risk=0.0263717 qstar_risk=0.0321029 risk_lift=0.0057312 tv=0.313433
[DRO MODE] step=32 obstacle=0 mode=constant_velocity p=0.134328 risk=0.0239255 q=0.325461 delta_q=0.191133 q_times_S=13.0184
[DRO MODE] step=32 obstacle=0 mode=turn_left p=0.313433 risk=0.0103705 q=0 delta_q=-0.313433 q_times_S=0
[DRO MODE] step=32 obstacle=0 mode=turn_right p=0.552239 risk=0.0360484 q=0.674539 delta_q=0.1223 q_times_S=26.9816
[DRO SAMPLE] step=32 obstacle=0 mode=constant_velocity q=0.325461 q_times_S=13.0184 first_count=11 first_fraction=0.275 occupancy=88 occupancy_fraction=0.275
[DRO SAMPLE] step=32 obstacle=0 mode=turn_left q=0 q_times_S=0 first_count=0 first_fraction=0 occupancy=0 occupancy_fraction=0
[DRO SAMPLE] step=32 obstacle=0 mode=turn_right q=0.674539 q_times_S=26.9816 first_count=29 first_fraction=0.725 occupancy=232 occupancy_fraction=0.725
[RF BACKUP] available=1 controls=8 states=9
[FREE POLY] k=1 disc=0 raw=40 facets=2 vertices=6 rho=4.8 anchor_shift=0
[FREE POLY] k=1 disc=1 raw=40 facets=3 vertices=7 rho=0.800001 anchor_shift=0
[FREE POLY] k=1 disc=2 raw=40 facets=4 vertices=7 rho=4.8 anchor_shift=0
[FREE POLY] k=2 disc=0 raw=40 facets=2 vertices=5 rho=5.6 anchor_shift=0
[FREE POLY] k=2 disc=1 raw=40 facets=2 vertices=6 rho=1.6 anchor_shift=0
[FREE POLY] k=2 disc=2 raw=40 facets=3 vertices=6 rho=5.6 anchor_shift=0
[FREE POLY] k=3 disc=0 raw=40 facets=2 vertices=5 rho=6.4 anchor_shift=0
[FREE POLY] k=3 disc=1 raw=40 facets=2 vertices=5 rho=2.4 anchor_shift=0
[FREE POLY] k=3 disc=2 raw=40 facets=3 vertices=6 rho=6.4 anchor_shift=0
[FREE POLY] k=4 disc=0 raw=40 facets=3 vertices=6 rho=7.2 anchor_shift=0
[FREE POLY] k=4 disc=1 raw=40 facets=3 vertices=6 rho=3.2 anchor_shift=0
[FREE POLY] k=4 disc=2 raw=40 facets=3 vertices=6 rho=7.2 anchor_shift=0
[FREE POLY] k=5 disc=0 raw=40 facets=5 vertices=8 rho=8 anchor_shift=0
[FREE POLY] k=5 disc=1 raw=40 facets=3 vertices=6 rho=4 anchor_shift=0
[FREE POLY] k=5 disc=2 raw=40 facets=3 vertices=6 rho=8 anchor_shift=0
[FREE POLY] k=6 disc=0 raw=40 facets=5 vertices=8 rho=8.8 anchor_shift=0
[FREE POLY] k=6 disc=1 raw=40 facets=3 vertices=6 rho=4.8 anchor_shift=0
[FREE POLY] k=6 disc=2 raw=40 facets=4 vertices=7 rho=8.8 anchor_shift=0
[FREE POLY] k=7 disc=0 raw=40 facets=6 vertices=9 rho=9.6 anchor_shift=0
[FREE POLY] k=7 disc=1 raw=40 facets=4 vertices=7 rho=5.6 anchor_shift=0
[FREE POLY] k=7 disc=2 raw=40 facets=6 vertices=9 rho=9.6 anchor_shift=0
[FREE POLY] k=8 disc=0 raw=40 facets=6 vertices=9 rho=10.4 anchor_shift=0
[FREE POLY] k=8 disc=1 raw=40 facets=4 vertices=7 rho=6.4 anchor_shift=0
[FREE POLY] k=8 disc=2 raw=40 facets=5 vertices=8 rho=10.4 anchor_shift=0
[RF SUPPORT SEED] removed=0 support_limit=-1
[SQP] before_solve iter=0 vars=16 constraints=118 max_d=-0.0597599
[QP WORST] iter=0 row=43 type=collision d=-0.0597599
[QP WORST COLLISION] scenario=12 k=6 obstacle=0 disc=0
[SQP] after_solve iter=0 converged=1 status=0 iterations=5 primal_residual=4.44089e-16 dual_residual=2.66487e-06 x_size=16 x_finite=1
[SQP LINESEARCH] iter=0 current_violation=0 accepted_violation=0 accepted=1 alpha=1 delta_u_norm=0.413535
[SQP SUPPORT] iter=0 support_size=0 support_limit=-1 support_ok=1
[SQP] before_solve iter=1 vars=16 constraints=118 max_d=-8.00358e-06
[QP WORST] iter=1 row=72 type=collision d=-8.00358e-06
[QP WORST COLLISION] scenario=12 k=8 obstacle=0 disc=0
[SQP] after_solve iter=1 converged=1 status=0 iterations=4 primal_residual=1.16504e-07 dual_residual=9.13984e-05 x_size=16 x_finite=1
[SQP LINESEARCH] iter=1 current_violation=0 accepted_violation=0 accepted=1 alpha=0.25 delta_u_norm=0.282867
[SQP SUPPORT] iter=1 support_size=0 support_limit=-1 support_ok=1
[SQP] before_solve iter=2 vars=16 constraints=118 max_d=-3.37112e-06
[QP WORST] iter=2 row=72 type=collision d=-3.37112e-06
[QP WORST COLLISION] scenario=12 k=8 obstacle=0 disc=0
[SQP] after_solve iter=2 converged=1 status=0 iterations=4 primal_residual=4.2688e-08 dual_residual=6.47317e-05 x_size=16 x_finite=1
[SQP LINESEARCH] iter=2 current_violation=0 accepted_violation=0 accepted=1 alpha=0.25 delta_u_norm=0.267475
[SQP SUPPORT] iter=2 support_size=0 support_limit=-1 support_ok=1
[SQP] before_solve iter=3 vars=16 constraints=118 max_d=-7.57646e-07
[QP WORST] iter=3 row=72 type=collision d=-7.57646e-07
[QP WORST COLLISION] scenario=12 k=8 obstacle=0 disc=0
[SQP] after_solve iter=3 converged=1 status=0 iterations=4 primal_residual=2.14483e-09 dual_residual=4.67204e-05 x_size=16 x_finite=1
[SQP LINESEARCH] iter=3 current_violation=0 accepted_violation=0 accepted=1 alpha=1 delta_u_norm=0.255156
[SQP SUPPORT] iter=3 support_size=0 support_limit=-1 support_ok=1
[SQP] before_solve iter=4 vars=16 constraints=118 max_d=-2.50315e-05
[QP WORST] iter=4 row=72 type=collision d=-2.50315e-05
[QP WORST COLLISION] scenario=12 k=8 obstacle=0 disc=0
[SQP] after_solve iter=4 converged=1 status=0 iterations=4 primal_residual=1.29276e-08 dual_residual=7.82353e-05 x_size=16 x_finite=1
[SQP LINESEARCH] iter=4 current_violation=0 accepted_violation=0 accepted=1 alpha=1 delta_u_norm=0.217088
[SQP SUPPORT] iter=4 support_size=0 support_limit=-1 support_ok=1
[SQP] before_solve iter=5 vars=16 constraints=118 max_d=-0.000383824
[QP WORST] iter=5 row=72 type=collision d=-0.000383824
[QP WORST COLLISION] scenario=12 k=8 obstacle=0 disc=0
[SQP] after_solve iter=5 converged=1 status=0 iterations=5 primal_residual=1.6519e-10 dual_residual=1.36286e-05 x_size=16 x_finite=1
[SQP LINESEARCH] iter=5 current_violation=0 accepted_violation=0 accepted=1 alpha=1 delta_u_norm=0.199039
[SQP SUPPORT] iter=5 support_size=0 support_limit=-1 support_ok=1
[SQP] before_solve iter=6 vars=16 constraints=118 max_d=-6.34009e-06
[QP WORST] iter=6 row=72 type=collision d=-6.34009e-06
[QP WORST COLLISION] scenario=12 k=8 obstacle=0 disc=0
[SQP] after_solve iter=6 converged=1 status=0 iterations=5 primal_residual=3.81668e-09 dual_residual=1.49658e-05 x_size=16 x_finite=1
[SQP LINESEARCH] iter=6 current_violation=0 accepted_violation=0 accepted=1 alpha=1 delta_u_norm=0.1578
[SQP SUPPORT] iter=6 support_size=0 support_limit=-1 support_ok=1
[SQP] before_solve iter=7 vars=16 constraints=118 max_d=-9.32156e-07
[QP WORST] iter=7 row=72 type=collision d=-9.32156e-07
[QP WORST COLLISION] scenario=12 k=8 obstacle=0 disc=0
[SQP] after_solve iter=7 converged=1 status=0 iterations=5 primal_residual=5.0122e-09 dual_residual=4.03831e-06 x_size=16 x_finite=1
[SQP LINESEARCH] iter=7 current_violation=0 accepted_violation=0 accepted=1 alpha=1 delta_u_norm=0.136332
[SQP SUPPORT] iter=7 support_size=0 support_limit=-1 support_ok=1
[SQP] before_solve iter=8 vars=16 constraints=118 max_d=-8.20736e-07
[QP WORST] iter=8 row=72 type=collision d=-8.20736e-07
[QP WORST COLLISION] scenario=12 k=8 obstacle=0 disc=0
[SQP] after_solve iter=8 converged=1 status=0 iterations=5 primal_residual=9.34098e-09 dual_residual=4.65558e-06 x_size=16 x_finite=1
[SQP LINESEARCH] iter=8 current_violation=0 accepted_violation=0 accepted=1 alpha=1 delta_u_norm=0.121966
[SQP SUPPORT] iter=8 support_size=0 support_limit=-1 support_ok=1
[SQP] before_solve iter=9 vars=16 constraints=118 max_d=-6.31854e-07
[QP WORST] iter=9 row=72 type=collision d=-6.31854e-07
[QP WORST COLLISION] scenario=12 k=8 obstacle=0 disc=0
[SQP] after_solve iter=9 converged=1 status=0 iterations=5 primal_residual=4.30211e-16 dual_residual=2.07717e-06 x_size=16 x_finite=1
[SQP LINESEARCH] iter=9 current_violation=0 accepted_violation=0 accepted=1 alpha=1 delta_u_norm=0.111968
[SQP SUPPORT] iter=9 support_size=0 support_limit=-1 support_ok=1
[SQP FINAL] final_violation=0 violated_constraints=0
[SUPPORT FINAL] sqp_union=0 final_active=1 support_limit=-1
[SUPPORT FINAL IDS] 12
[SUPPORT UNION IDS]
[COLD START RECOVERY CHECK] ordinary_sqp_failed=0 seed_available=1 incompatible=0 try_homotopy=0
[HARNESS RESULT] step=31 success=1 controls=8 first_input_present=1
[MPC STEP METRICS] step=31 applied=1 success=1 fallback=0 a=0.327157 omega=0.8 dt=0.1 acceleration_weight=0.1 steering_weight=0.1 control_cost_unweighted=0.747031 control_cost_weighted=0.0747031 mpc_cost=-11.6149 solve_time=0.0401638 qp_solve_time=0.0263788 constraint_time=0.00751521 dro_risk_time=0.000428452 ambiguity_radius=0.00251581 certificate=not_requested
[EVAL SAFETY] step=32 min_center_distance=1.26209 min_clearance=0.312088 collision_this_step=0 collision_run=0 collision_radius=0.95
[DRO SUMMARY] step=33 obstacle=0 S=40 rho=0.00247583 rho_raw=0.00247583 D_max=0.0115351 D_min=0.00578169 tv_bound=0.42822 eta=0.214635 eta_raw=0.214635 radius_m=33 radius_d=3 transport_cost=0.00247583 budget_usage=1 lambda=1.80586 q_support=2 nominal_risk=0.0868992 qstar_risk=0.0919445 risk_lift=0.00504524 tv=0.304348
[DRO MODE] step=33 obstacle=0 mode=constant_velocity p=0.130435 risk=0.0847786 q=0.310302 delta_q=0.179867 q_times_S=12.4121
[DRO MODE] step=33 obstacle=0 mode=turn_left p=0.304348 risk=0.0724509 q=0 delta_q=-0.304348 q_times_S=0
[DRO MODE] step=33 obstacle=0 mode=turn_right p=0.565217 risk=0.0951685 q=0.689698 delta_q=0.124481 q_times_S=27.5879
[DRO SAMPLE] step=33 obstacle=0 mode=constant_velocity q=0.310302 q_times_S=12.4121 first_count=13 first_fraction=0.325 occupancy=104 occupancy_fraction=0.325
[DRO SAMPLE] step=33 obstacle=0 mode=turn_left q=0 q_times_S=0 first_count=0 first_fraction=0 occupancy=0 occupancy_fraction=0
[DRO SAMPLE] step=33 obstacle=0 mode=turn_right q=0.689698 q_times_S=27.5879 first_count=27 first_fraction=0.675 occupancy=216 occupancy_fraction=0.675
[RF BACKUP] available=1 controls=8 states=9
[FREE POLY] k=1 disc=0 raw=40 facets=4 vertices=7 rho=4.8 anchor_shift=0
[FREE POLY] k=1 disc=1 raw=40 facets=2 vertices=6 rho=0.800001 anchor_shift=0
[FREE POLY] k=1 disc=2 raw=40 facets=3 vertices=6 rho=4.8 anchor_shift=0
[FREE POLY] k=2 disc=0 raw=40 facets=4 vertices=7 rho=5.6 anchor_shift=0
[FREE POLY] k=2 disc=1 raw=40 facets=2 vertices=6 rho=1.6 anchor_shift=0
[FREE POLY] k=2 disc=2 raw=40 facets=3 vertices=6 rho=5.6 anchor_shift=0
[FREE POLY] k=3 disc=0 raw=40 facets=5 vertices=8 rho=6.4 anchor_shift=0
[FREE POLY] k=3 disc=1 raw=40 facets=4 vertices=7 rho=2.4 anchor_shift=0
[FREE POLY] k=3 disc=2 raw=40 facets=4 vertices=7 rho=6.4 anchor_shift=0
[FREE POLY] k=4 disc=0 raw=40 facets=4 vertices=7 rho=7.2 anchor_shift=0
[FREE POLY] k=4 disc=1 raw=40 facets=3 vertices=6 rho=3.2 anchor_shift=0
[FREE POLY] k=4 disc=2 raw=40 facets=3 vertices=6 rho=7.2 anchor_shift=0
[FREE POLY] k=5 disc=0 raw=40 facets=3 vertices=6 rho=8 anchor_shift=0
[FREE POLY] k=5 disc=1 raw=40 facets=3 vertices=6 rho=4 anchor_shift=0
[FREE POLY] k=5 disc=2 raw=40 facets=3 vertices=6 rho=8 anchor_shift=0
[FREE POLY] k=6 disc=0 raw=40 facets=3 vertices=6 rho=8.8 anchor_shift=0
[FREE POLY] k=6 disc=1 raw=40 facets=4 vertices=7 rho=4.8 anchor_shift=0
[FREE POLY] k=6 disc=2 raw=40 facets=5 vertices=8 rho=8.8 anchor_shift=0
[FREE POLY] k=7 disc=0 raw=40 facets=3 vertices=6 rho=9.6 anchor_shift=0
[FREE POLY] k=7 disc=1 raw=40 facets=3 vertices=6 rho=5.6 anchor_shift=0
[FREE POLY] k=7 disc=2 raw=40 facets=4 vertices=7 rho=9.6 anchor_shift=0
[FREE POLY] k=8 disc=0 raw=40 facets=5 vertices=8 rho=10.4 anchor_shift=0
[FREE POLY] k=8 disc=1 raw=40 facets=3 vertices=6 rho=6.4 anchor_shift=0
[FREE POLY] k=8 disc=2 raw=40 facets=4 vertices=7 rho=10.4 anchor_shift=0
[RF SUPPORT SEED] removed=0 support_limit=-1
[SQP] before_solve iter=0 vars=16 constraints=116 max_d=0.0348956
[QP WORST] iter=0 row=76 type=collision d=0.0348956
[QP WORST COLLISION] scenario=38 k=8 obstacle=0 disc=0
[SQP] after_solve iter=0 converged=1 status=0 iterations=5 primal_residual=7.63238e-11 dual_residual=1.07162e-05 x_size=16 x_finite=1
[SQP LINESEARCH] iter=0 current_violation=0.0348956 accepted_violation=0.000335003 accepted=1 alpha=1 delta_u_norm=0.341486
[SQP SUPPORT] iter=0 support_size=0 support_limit=-1 support_ok=1
[SQP] before_solve iter=1 vars=16 constraints=116 max_d=0.000335003
[QP WORST] iter=1 row=76 type=collision d=0.000335003
[QP WORST COLLISION] scenario=38 k=8 obstacle=0 disc=0
[SQP] after_solve iter=1 converged=1 status=0 iterations=5 primal_residual=5.81033e-10 dual_residual=2.6701e-05 x_size=16 x_finite=1
[SQP LINESEARCH] iter=1 current_violation=0.000335003 accepted_violation=3.09284e-06 accepted=1 alpha=1 delta_u_norm=0.198833
[SQP SUPPORT] iter=1 support_size=0 support_limit=-1 support_ok=1
[SQP] before_solve iter=2 vars=16 constraints=116 max_d=3.09284e-06
[QP WORST] iter=2 row=63 type=collision d=3.09284e-06
[QP WORST COLLISION] scenario=10 k=7 obstacle=0 disc=0
[SQP] after_solve iter=2 converged=1 status=0 iterations=5 primal_residual=2.26337e-09 dual_residual=2.15803e-05 x_size=16 x_finite=1
[SQP LINESEARCH] iter=2 current_violation=3.09284e-06 accepted_violation=0 accepted=1 alpha=1 delta_u_norm=0.168619
[SQP SUPPORT] iter=2 support_size=0 support_limit=-1 support_ok=1
[SQP] before_solve iter=3 vars=16 constraints=116 max_d=-2.12217e-06
[QP WORST] iter=3 row=63 type=collision d=-2.12217e-06
[QP WORST COLLISION] scenario=10 k=7 obstacle=0 disc=0
[SQP] after_solve iter=3 converged=1 status=0 iterations=5 primal_residual=4.77226e-11 dual_residual=9.17439e-06 x_size=16 x_finite=1
[SQP LINESEARCH] iter=3 current_violation=0 accepted_violation=0 accepted=1 alpha=1 delta_u_norm=0.146344
[SQP SUPPORT] iter=3 support_size=0 support_limit=-1 support_ok=1
[SQP] before_solve iter=4 vars=16 constraints=116 max_d=-5.08972e-07
[QP WORST] iter=4 row=76 type=collision d=-5.08972e-07
[QP WORST COLLISION] scenario=38 k=8 obstacle=0 disc=0
[SQP] after_solve iter=4 converged=1 status=0 iterations=5 primal_residual=9.86243e-11 dual_residual=6.58385e-06 x_size=16 x_finite=1
[SQP LINESEARCH] iter=4 current_violation=0 accepted_violation=0 accepted=1 alpha=1 delta_u_norm=0.135929
[SQP SUPPORT] iter=4 support_size=0 support_limit=-1 support_ok=1
[SQP] before_solve iter=5 vars=16 constraints=116 max_d=-1.70881e-07
[QP WORST] iter=5 row=63 type=collision d=-1.70881e-07
[QP WORST COLLISION] scenario=10 k=7 obstacle=0 disc=0
[SQP] after_solve iter=5 converged=1 status=0 iterations=5 primal_residual=2.21549e-10 dual_residual=7.24196e-06 x_size=16 x_finite=1
[SQP LINESEARCH] iter=5 current_violation=0 accepted_violation=0 accepted=1 alpha=1 delta_u_norm=0.12784
[SQP SUPPORT] iter=5 support_size=0 support_limit=-1 support_ok=1
[SQP] before_solve iter=6 vars=16 constraints=116 max_d=-8.32434e-08
[QP WORST] iter=6 row=51 type=collision d=-8.32434e-08
[QP WORST COLLISION] scenario=10 k=6 obstacle=0 disc=0
[SQP] after_solve iter=6 converged=1 status=0 iterations=5 primal_residual=2.91026e-10 dual_residual=7.48326e-06 x_size=16 x_finite=1
[SQP LINESEARCH] iter=6 current_violation=0 accepted_violation=0 accepted=1 alpha=1 delta_u_norm=0.120458
[SQP SUPPORT] iter=6 support_size=0 support_limit=-1 support_ok=1
[SQP] before_solve iter=7 vars=16 constraints=116 max_d=-9.78737e-08
[QP WORST] iter=7 row=51 type=collision d=-9.78737e-08
[QP WORST COLLISION] scenario=10 k=6 obstacle=0 disc=0
[SQP] after_solve iter=7 converged=1 status=0 iterations=5 primal_residual=3.21758e-10 dual_residual=7.58717e-06 x_size=16 x_finite=1
[SQP LINESEARCH] iter=7 current_violation=0 accepted_violation=0 accepted=1 alpha=1 delta_u_norm=0.11366
[SQP SUPPORT] iter=7 support_size=0 support_limit=-1 support_ok=1
[SQP] before_solve iter=8 vars=16 constraints=116 max_d=-1.04522e-07
[QP WORST] iter=8 row=51 type=collision d=-1.04522e-07
[QP WORST COLLISION] scenario=10 k=6 obstacle=0 disc=0
[SQP] after_solve iter=8 converged=1 status=0 iterations=5 primal_residual=3.40094e-10 dual_residual=7.64246e-06 x_size=16 x_finite=1
[SQP LINESEARCH] iter=8 current_violation=0 accepted_violation=0 accepted=1 alpha=1 delta_u_norm=0.107375
[SQP SUPPORT] iter=8 support_size=0 support_limit=-1 support_ok=1
[SQP] before_solve iter=9 vars=16 constraints=116 max_d=-1.08171e-07
[QP WORST] iter=9 row=51 type=collision d=-1.08171e-07
[QP WORST COLLISION] scenario=10 k=6 obstacle=0 disc=0
[SQP] after_solve iter=9 converged=1 status=0 iterations=5 primal_residual=3.53077e-10 dual_residual=7.67657e-06 x_size=16 x_finite=1
[SQP LINESEARCH] iter=9 current_violation=0 accepted_violation=0 accepted=1 alpha=1 delta_u_norm=0.101546
[SQP SUPPORT] iter=9 support_size=0 support_limit=-1 support_ok=1
[SQP FINAL] final_violation=0 violated_constraints=0
[SUPPORT FINAL] sqp_union=0 final_active=2 support_limit=-1
[SUPPORT FINAL IDS] 10 38
[SUPPORT UNION IDS]
[COLD START RECOVERY CHECK] ordinary_sqp_failed=0 seed_available=1 incompatible=0 try_homotopy=0
[HARNESS RESULT] step=32 success=1 controls=8 first_input_present=1
[MPC STEP METRICS] step=32 applied=1 success=1 fallback=0 a=0.212045 omega=0.799998 dt=0.1 acceleration_weight=0.1 steering_weight=0.1 control_cost_unweighted=0.68496 control_cost_weighted=0.068496 mpc_cost=-12.2321 solve_time=0.0399761 qp_solve_time=0.0263754 constraint_time=0.00735693 dro_risk_time=0.000405589 ambiguity_radius=0.00247583 certificate=not_requested
[EVAL SAFETY] step=33 min_center_distance=1.36456 min_clearance=0.414563 collision_this_step=0 collision_run=0 collision_radius=0.95
[DRO SUMMARY] step=34 obstacle=0 S=40 rho=0.0024361 rho_raw=0.0024361 D_max=0.0115351 D_min=0.00578169 tv_bound=0.421347 eta=0.21119 eta_raw=0.21119 radius_m=34 radius_d=3 transport_cost=0.0024361 budget_usage=1 lambda=1.43085 q_support=2 nominal_risk=0.0248385 qstar_risk=0.0290087 risk_lift=0.00417017 tv=0.295775
[DRO MODE] step=34 obstacle=0 mode=constant_velocity p=0.126761 risk=0.0232161 q=0.296346 delta_q=0.169585 q_times_S=11.8538
[DRO MODE] step=34 obstacle=0 mode=turn_left p=0.295775 risk=0.0126291 q=0 delta_q=-0.295775 q_times_S=0
[DRO MODE] step=34 obstacle=0 mode=turn_right p=0.577465 risk=0.0314483 q=0.703654 delta_q=0.12619 q_times_S=28.1462
[DRO SAMPLE] step=34 obstacle=0 mode=constant_velocity q=0.296346 q_times_S=11.8538 first_count=13 first_fraction=0.325 occupancy=104 occupancy_fraction=0.325
[DRO SAMPLE] step=34 obstacle=0 mode=turn_left q=0 q_times_S=0 first_count=0 first_fraction=0 occupancy=0 occupancy_fraction=0
[DRO SAMPLE] step=34 obstacle=0 mode=turn_right q=0.703654 q_times_S=28.1462 first_count=27 first_fraction=0.675 occupancy=216 occupancy_fraction=0.675
[RF BACKUP] available=1 controls=8 states=9
[FREE POLY] k=1 disc=0 raw=40 facets=6 vertices=9 rho=4.8 anchor_shift=0
[FREE POLY] k=1 disc=1 raw=40 facets=1 vertices=5 rho=0.800001 anchor_shift=0
[FREE POLY] k=1 disc=2 raw=40 facets=3 vertices=6 rho=4.8 anchor_shift=0
[FREE POLY] k=2 disc=0 raw=40 facets=5 vertices=8 rho=5.6 anchor_shift=0
[FREE POLY] k=2 disc=1 raw=40 facets=2 vertices=6 rho=1.6 anchor_shift=0
[FREE POLY] k=2 disc=2 raw=40 facets=3 vertices=6 rho=5.6 anchor_shift=0
[FREE POLY] k=3 disc=0 raw=40 facets=4 vertices=7 rho=6.4 anchor_shift=0
[FREE POLY] k=3 disc=1 raw=40 facets=2 vertices=5 rho=2.4 anchor_shift=0
[FREE POLY] k=3 disc=2 raw=40 facets=3 vertices=6 rho=6.4 anchor_shift=0
[FREE POLY] k=4 disc=0 raw=40 facets=4 vertices=7 rho=7.2 anchor_shift=0
[FREE POLY] k=4 disc=1 raw=40 facets=3 vertices=6 rho=3.2 anchor_shift=0
[FREE POLY] k=4 disc=2 raw=40 facets=4 vertices=7 rho=7.2 anchor_shift=0
[FREE POLY] k=5 disc=0 raw=40 facets=5 vertices=8 rho=8 anchor_shift=0
[FREE POLY] k=5 disc=1 raw=40 facets=3 vertices=6 rho=4 anchor_shift=0
[FREE POLY] k=5 disc=2 raw=40 facets=4 vertices=7 rho=8 anchor_shift=0
[FREE POLY] k=6 disc=0 raw=40 facets=5 vertices=8 rho=8.8 anchor_shift=0
[FREE POLY] k=6 disc=1 raw=40 facets=5 vertices=8 rho=4.8 anchor_shift=0
[FREE POLY] k=6 disc=2 raw=40 facets=4 vertices=7 rho=8.8 anchor_shift=0
[FREE POLY] k=7 disc=0 raw=40 facets=4 vertices=7 rho=9.6 anchor_shift=0
[FREE POLY] k=7 disc=1 raw=40 facets=3 vertices=6 rho=5.6 anchor_shift=0
[FREE POLY] k=7 disc=2 raw=40 facets=3 vertices=6 rho=9.6 anchor_shift=0
[FREE POLY] k=8 disc=0 raw=40 facets=3 vertices=6 rho=10.4 anchor_shift=0
[FREE POLY] k=8 disc=1 raw=40 facets=3 vertices=6 rho=6.4 anchor_shift=0
[FREE POLY] k=8 disc=2 raw=40 facets=3 vertices=6 rho=10.4 anchor_shift=0
[RF SUPPORT SEED] removed=0 support_limit=-1
[SQP] before_solve iter=0 vars=16 constraints=117 max_d=-0.0284949
[QP WORST] iter=0 row=43 type=collision d=-0.0284949
[QP WORST COLLISION] scenario=21 k=5 obstacle=0 disc=0
[SQP] after_solve iter=0 converged=1 status=0 iterations=5 primal_residual=2.57417e-09 dual_residual=1.84193e-05 x_size=16 x_finite=1
[SQP LINESEARCH] iter=0 current_violation=0 accepted_violation=0 accepted=1 alpha=1 delta_u_norm=0.338563
[SQP SUPPORT] iter=0 support_size=0 support_limit=-1 support_ok=1
[SQP] before_solve iter=1 vars=16 constraints=117 max_d=-4.68263e-05
[QP WORST] iter=1 row=55 type=collision d=-4.68263e-05
[QP WORST COLLISION] scenario=31 k=6 obstacle=0 disc=0
[SQP] after_solve iter=1 converged=1 status=0 iterations=5 primal_residual=1.36167e-07 dual_residual=4.82777e-05 x_size=16 x_finite=1
[SQP LINESEARCH] iter=1 current_violation=0 accepted_violation=0 accepted=1 alpha=0.5 delta_u_norm=0.204366
[SQP SUPPORT] iter=1 support_size=0 support_limit=-1 support_ok=1
[SQP] before_solve iter=2 vars=16 constraints=117 max_d=-1.99842e-05
[QP WORST] iter=2 row=55 type=collision d=-1.99842e-05
[QP WORST COLLISION] scenario=31 k=6 obstacle=0 disc=0
[SQP] after_solve iter=2 converged=1 status=0 iterations=5 primal_residual=1.55161e-07 dual_residual=5.25277e-05 x_size=16 x_finite=1
[SQP LINESEARCH] iter=2 current_violation=0 accepted_violation=0 accepted=1 alpha=0.5 delta_u_norm=0.184227
[SQP SUPPORT] iter=2 support_size=0 support_limit=-1 support_ok=1
[SQP] before_solve iter=3 vars=16 constraints=117 max_d=-9.61245e-06
[QP WORST] iter=3 row=55 type=collision d=-9.61245e-06
[QP WORST COLLISION] scenario=31 k=6 obstacle=0 disc=0
[SQP] after_solve iter=3 converged=1 status=0 iterations=5 primal_residual=1.98282e-07 dual_residual=6.6396e-05 x_size=16 x_finite=1
[SQP LINESEARCH] iter=3 current_violation=0 accepted_violation=0 accepted=1 alpha=0.5 delta_u_norm=0.170603
[SQP SUPPORT] iter=3 support_size=0 support_limit=-1 support_ok=1
[SQP] before_solve iter=4 vars=16 constraints=117 max_d=-5.48083e-06
[QP WORST] iter=4 row=55 type=collision d=-5.48083e-06
[QP WORST COLLISION] scenario=31 k=6 obstacle=0 disc=0
[SQP] after_solve iter=4 converged=1 status=0 iterations=5 primal_residual=2.08666e-07 dual_residual=6.94285e-05 x_size=16 x_finite=1
[SQP LINESEARCH] iter=4 current_violation=0 accepted_violation=0 accepted=1 alpha=1 delta_u_norm=0.160975
[SQP SUPPORT] iter=4 support_size=0 support_limit=-1 support_ok=1
[SQP] before_solve iter=5 vars=16 constraints=117 max_d=-1.63521e-06
[QP WORST] iter=5 row=68 type=collision d=-1.63521e-06
[QP WORST COLLISION] scenario=31 k=7 obstacle=0 disc=0
[SQP] after_solve iter=5 converged=1 status=0 iterations=5 primal_residual=2.03479e-07 dual_residual=6.72275e-05 x_size=16 x_finite=1
[SQP LINESEARCH] iter=5 current_violation=0 accepted_violation=0 accepted=1 alpha=1 delta_u_norm=0.146866
[SQP SUPPORT] iter=5 support_size=0 support_limit=-1 support_ok=1
[SQP] before_solve iter=6 vars=16 constraints=117 max_d=-2.78244e-06
[QP WORST] iter=6 row=55 type=collision d=-2.78244e-06
[QP WORST COLLISION] scenario=31 k=6 obstacle=0 disc=0
[SQP] after_solve iter=6 converged=1 status=0 iterations=5 primal_residual=1.90474e-07 dual_residual=6.2923e-05 x_size=16 x_finite=1
[SQP LINESEARCH] iter=6 current_violation=0 accepted_violation=0 accepted=1 alpha=1 delta_u_norm=0.136898
[SQP SUPPORT] iter=6 support_size=0 support_limit=-1 support_ok=1
[SQP] before_solve iter=7 vars=16 constraints=117 max_d=-2.2299e-06
[QP WORST] iter=7 row=55 type=collision d=-2.2299e-06
[QP WORST COLLISION] scenario=31 k=6 obstacle=0 disc=0
[SQP] after_solve iter=7 converged=1 status=0 iterations=5 primal_residual=1.81982e-07 dual_residual=6.01787e-05 x_size=16 x_finite=1
[SQP LINESEARCH] iter=7 current_violation=0 accepted_violation=0 accepted=1 alpha=1 delta_u_norm=0.128419
[SQP SUPPORT] iter=7 support_size=0 support_limit=-1 support_ok=1
[SQP] before_solve iter=8 vars=16 constraints=117 max_d=-1.88223e-06
[QP WORST] iter=8 row=55 type=collision d=-1.88223e-06
[QP WORST COLLISION] scenario=31 k=6 obstacle=0 disc=0
[SQP] after_solve iter=8 converged=1 status=0 iterations=5 primal_residual=1.79798e-07 dual_residual=5.94744e-05 x_size=16 x_finite=1
[SQP LINESEARCH] iter=8 current_violation=0 accepted_violation=0 accepted=1 alpha=1 delta_u_norm=0.120659
[SQP SUPPORT] iter=8 support_size=0 support_limit=-1 support_ok=1
[SQP] before_solve iter=9 vars=16 constraints=117 max_d=-1.76963e-06
[QP WORST] iter=9 row=55 type=collision d=-1.76963e-06
[QP WORST COLLISION] scenario=31 k=6 obstacle=0 disc=0
[SQP] after_solve iter=9 converged=1 status=0 iterations=5 primal_residual=1.80034e-07 dual_residual=5.95145e-05 x_size=16 x_finite=1
[SQP LINESEARCH] iter=9 current_violation=0 accepted_violation=0 accepted=1 alpha=1 delta_u_norm=0.11338
[SQP SUPPORT] iter=9 support_size=0 support_limit=-1 support_ok=1
[SQP FINAL] final_violation=0 violated_constraints=0
[SUPPORT FINAL] sqp_union=0 final_active=2 support_limit=-1
[SUPPORT FINAL IDS] 21 31
[SUPPORT UNION IDS]
[COLD START RECOVERY CHECK] ordinary_sqp_failed=0 seed_available=1 incompatible=0 try_homotopy=0
[HARNESS RESULT] step=33 success=1 controls=8 first_input_present=1
[MPC STEP METRICS] step=33 applied=1 success=1 fallback=0 a=0.0874524 omega=0.799767 dt=0.1 acceleration_weight=0.1 steering_weight=0.1 control_cost_unweighted=0.647275 control_cost_weighted=0.0647275 mpc_cost=-13.008 solve_time=0.039385 qp_solve_time=0.0258318 constraint_time=0.00744241 dro_risk_time=0.000407934 ambiguity_radius=0.0024361 certificate=not_requested
[EVAL SAFETY] step=34 min_center_distance=1.47681 min_clearance=0.526807 collision_this_step=0 collision_run=0 collision_radius=0.95
[DRO SUMMARY] step=35 obstacle=0 S=40 rho=0.00239391 rho_raw=0.00239391 D_max=0.0115351 D_min=0.00578169 tv_bound=0.41405 eta=0.207533 eta_raw=0.207533 radius_m=35 radius_d=3 transport_cost=0.00239391 budget_usage=1 lambda=1.01409 q_support=2 nominal_risk=0.0480814 qstar_risk=0.0509823 risk_lift=0.00290093 tv=0.287671
[DRO MODE] step=35 obstacle=0 mode=constant_velocity p=0.150685 risk=0.0469644 q=0.311356 delta_q=0.160671 q_times_S=12.4542
[DRO MODE] step=35 obstacle=0 mode=turn_left p=0.287671 risk=0.039456 q=0 delta_q=-0.287671 q_times_S=0
[DRO MODE] step=35 obstacle=0 mode=turn_right p=0.561644 risk=0.0527989 q=0.688644 delta_q=0.127 q_times_S=27.5458
[DRO SAMPLE] step=35 obstacle=0 mode=constant_velocity q=0.311356 q_times_S=12.4542 first_count=16 first_fraction=0.4 occupancy=128 occupancy_fraction=0.4
[DRO SAMPLE] step=35 obstacle=0 mode=turn_left q=0 q_times_S=0 first_count=0 first_fraction=0 occupancy=0 occupancy_fraction=0
[DRO SAMPLE] step=35 obstacle=0 mode=turn_right q=0.688644 q_times_S=27.5458 first_count=24 first_fraction=0.6 occupancy=192 occupancy_fraction=0.6
[RF BACKUP] available=1 controls=8 states=9
[FREE POLY] k=1 disc=0 raw=40 facets=6 vertices=9 rho=4.8 anchor_shift=0
[FREE POLY] k=1 disc=1 raw=40 facets=2 vertices=6 rho=0.800001 anchor_shift=0
[FREE POLY] k=1 disc=2 raw=40 facets=2 vertices=5 rho=4.8 anchor_shift=0
[FREE POLY] k=2 disc=0 raw=40 facets=6 vertices=9 rho=5.6 anchor_shift=0
[FREE POLY] k=2 disc=1 raw=40 facets=3 vertices=6 rho=1.6 anchor_shift=0
[FREE POLY] k=2 disc=2 raw=40 facets=3 vertices=6 rho=5.6 anchor_shift=0
[FREE POLY] k=3 disc=0 raw=40 facets=7 vertices=10 rho=6.4 anchor_shift=0
[FREE POLY] k=3 disc=1 raw=40 facets=5 vertices=8 rho=2.4 anchor_shift=0
[FREE POLY] k=3 disc=2 raw=40 facets=3 vertices=6 rho=6.4 anchor_shift=0
[FREE POLY] k=4 disc=0 raw=40 facets=7 vertices=10 rho=7.2 anchor_shift=0
[FREE POLY] k=4 disc=1 raw=40 facets=4 vertices=7 rho=3.2 anchor_shift=0
[FREE POLY] k=4 disc=2 raw=40 facets=2 vertices=5 rho=7.2 anchor_shift=0
[FREE POLY] k=5 disc=0 raw=40 facets=5 vertices=8 rho=8 anchor_shift=0
[FREE POLY] k=5 disc=1 raw=40 facets=3 vertices=6 rho=4 anchor_shift=0
[FREE POLY] k=5 disc=2 raw=40 facets=3 vertices=6 rho=8 anchor_shift=0
[FREE POLY] k=6 disc=0 raw=40 facets=4 vertices=7 rho=8.8 anchor_shift=0
[FREE POLY] k=6 disc=1 raw=40 facets=3 vertices=6 rho=4.8 anchor_shift=0
[FREE POLY] k=6 disc=2 raw=40 facets=3 vertices=6 rho=8.8 anchor_shift=0
[FREE POLY] k=7 disc=0 raw=40 facets=3 vertices=6 rho=9.6 anchor_shift=0
[FREE POLY] k=7 disc=1 raw=40 facets=3 vertices=6 rho=5.6 anchor_shift=0
[FREE POLY] k=7 disc=2 raw=40 facets=3 vertices=6 rho=9.6 anchor_shift=0
[FREE POLY] k=8 disc=0 raw=40 facets=5 vertices=7 rho=10.4 anchor_shift=0
[FREE POLY] k=8 disc=1 raw=40 facets=4 vertices=7 rho=6.4 anchor_shift=0
[FREE POLY] k=8 disc=2 raw=40 facets=3 vertices=6 rho=10.4 anchor_shift=0
[RF SUPPORT SEED] removed=0 support_limit=-1
[SQP] before_solve iter=0 vars=16 constraints=124 max_d=-0.00830933
[QP WORST] iter=0 row=62 type=collision d=-0.00830933
[QP WORST COLLISION] scenario=11 k=6 obstacle=0 disc=0
[SQP] after_solve iter=0 converged=1 status=0 iterations=5 primal_residual=3.21046e-10 dual_residual=1.84183e-05 x_size=16 x_finite=1
[SQP LINESEARCH] iter=0 current_violation=0 accepted_violation=0 accepted=1 alpha=0.5 delta_u_norm=0.427916
[SQP SUPPORT] iter=0 support_size=0 support_limit=-1 support_ok=1
[SQP] before_solve iter=1 vars=16 constraints=124 max_d=-0.00413936
[QP WORST] iter=1 row=62 type=collision d=-0.00413936
[QP WORST COLLISION] scenario=11 k=6 obstacle=0 disc=0
[SQP] after_solve iter=1 converged=1 status=0 iterations=5 primal_residual=6.90094e-10 dual_residual=1.3707e-05 x_size=16 x_finite=1
[SQP LINESEARCH] iter=1 current_violation=0 accepted_violation=0 accepted=1 alpha=0.5 delta_u_norm=0.360737
[SQP SUPPORT] iter=1 support_size=0 support_limit=-1 support_ok=1
[SQP] before_solve iter=2 vars=16 constraints=124 max_d=-0.00206112
[QP WORST] iter=2 row=62 type=collision d=-0.00206112
[QP WORST COLLISION] scenario=11 k=6 obstacle=0 disc=0
[SQP] after_solve iter=2 converged=1 status=0 iterations=5 primal_residual=4.02456e-16 dual_residual=5.03385e-06 x_size=16 x_finite=1
[SQP LINESEARCH] iter=2 current_violation=0 accepted_violation=0 accepted=1 alpha=0.5 delta_u_norm=0.253528
[SQP SUPPORT] iter=2 support_size=0 support_limit=-1 support_ok=1
[SQP] before_solve iter=3 vars=16 constraints=124 max_d=-0.00103262
[QP WORST] iter=3 row=62 type=collision d=-0.00103262
[QP WORST COLLISION] scenario=11 k=6 obstacle=0 disc=0
[SQP] after_solve iter=3 converged=1 status=0 iterations=5 primal_residual=4.60061e-09 dual_residual=3.97987e-06 x_size=16 x_finite=1
[SQP LINESEARCH] iter=3 current_violation=0 accepted_violation=0 accepted=1 alpha=0.5 delta_u_norm=0.201543
[SQP SUPPORT] iter=3 support_size=0 support_limit=-1 support_ok=1
[SQP] before_solve iter=4 vars=16 constraints=124 max_d=-0.000521944
[QP WORST] iter=4 row=62 type=collision d=-0.000521944
[QP WORST COLLISION] scenario=11 k=6 obstacle=0 disc=0
[SQP] after_solve iter=4 converged=1 status=0 iterations=5 primal_residual=6.53978e-10 dual_residual=4.2096e-06 x_size=16 x_finite=1
[SQP LINESEARCH] iter=4 current_violation=0 accepted_violation=0 accepted=1 alpha=0.5 delta_u_norm=0.176603
[SQP SUPPORT] iter=4 support_size=0 support_limit=-1 support_ok=1
[SQP] before_solve iter=5 vars=16 constraints=124 max_d=-0.000269903
[QP WORST] iter=5 row=62 type=collision d=-0.000269903
[QP WORST COLLISION] scenario=11 k=6 obstacle=0 disc=0
[SQP] after_solve iter=5 converged=1 status=0 iterations=5 primal_residual=3.44073e-10 dual_residual=3.7057e-06 x_size=16 x_finite=1
[SQP LINESEARCH] iter=5 current_violation=0 accepted_violation=0 accepted=1 alpha=0.5 delta_u_norm=0.163077
[SQP SUPPORT] iter=5 support_size=0 support_limit=-1 support_ok=1
[SQP] before_solve iter=6 vars=16 constraints=124 max_d=-0.000143249
[QP WORST] iter=6 row=62 type=collision d=-0.000143249
[QP WORST COLLISION] scenario=11 k=6 obstacle=0 disc=0
[SQP] after_solve iter=6 converged=1 status=0 iterations=5 primal_residual=7.5149e-10 dual_residual=4.68812e-06 x_size=16 x_finite=1
[SQP LINESEARCH] iter=6 current_violation=0 accepted_violation=0 accepted=1 alpha=0.5 delta_u_norm=0.154364
[SQP SUPPORT] iter=6 support_size=0 support_limit=-1 support_ok=1
[SQP] before_solve iter=7 vars=16 constraints=124 max_d=-7.98394e-05
[QP WORST] iter=7 row=62 type=collision d=-7.98394e-05
[QP WORST COLLISION] scenario=11 k=6 obstacle=0 disc=0
[SQP] after_solve iter=7 converged=1 status=0 iterations=5 primal_residual=1.41493e-09 dual_residual=6.11333e-06 x_size=16 x_finite=1
[SQP LINESEARCH] iter=7 current_violation=0 accepted_violation=0 accepted=1 alpha=1 delta_u_norm=0.147824
[SQP SUPPORT] iter=7 support_size=0 support_limit=-1 support_ok=1
[SQP] before_solve iter=8 vars=16 constraints=124 max_d=-2.38341e-07
[QP WORST] iter=8 row=80 type=collision d=-2.38341e-07
[QP WORST COLLISION] scenario=0 k=8 obstacle=0 disc=0
[SQP] after_solve iter=8 converged=1 status=0 iterations=5 primal_residual=5.67028e-10 dual_residual=7.45246e-06 x_size=16 x_finite=1
[SQP LINESEARCH] iter=8 current_violation=0 accepted_violation=0 accepted=1 alpha=1 delta_u_norm=0.137233
[SQP SUPPORT] iter=8 support_size=0 support_limit=-1 support_ok=1
[SQP] before_solve iter=9 vars=16 constraints=124 max_d=-5.68418e-07
[QP WORST] iter=9 row=80 type=collision d=-5.68418e-07
[QP WORST COLLISION] scenario=0 k=8 obstacle=0 disc=0
[SQP] after_solve iter=9 converged=1 status=0 iterations=4 primal_residual=2.53838e-08 dual_residual=8.91987e-05 x_size=16 x_finite=1
[SQP LINESEARCH] iter=9 current_violation=0 accepted_violation=0 accepted=1 alpha=1 delta_u_norm=0.1277
[SQP SUPPORT] iter=9 support_size=0 support_limit=-1 support_ok=1
[SQP FINAL] final_violation=0 violated_constraints=0
[SUPPORT FINAL] sqp_union=0 final_active=2 support_limit=-1
[SUPPORT FINAL IDS] 0 11
[SUPPORT UNION IDS]
[COLD START RECOVERY CHECK] ordinary_sqp_failed=0 seed_available=1 incompatible=0 try_homotopy=0
[HARNESS RESULT] step=34 success=1 controls=8 first_input_present=1
[MPC STEP METRICS] step=34 applied=1 success=1 fallback=0 a=-0.0458891 omega=0.797236 dt=0.1 acceleration_weight=0.1 steering_weight=0.1 control_cost_unweighted=0.63769 control_cost_weighted=0.063769 mpc_cost=-13.7812 solve_time=0.042529 qp_solve_time=0.0287401 constraint_time=0.00753762 dro_risk_time=0.000564647 ambiguity_radius=0.00239391 certificate=not_requested
[EVAL SAFETY] step=35 min_center_distance=1.59609 min_clearance=0.646093 collision_this_step=0 collision_run=0 collision_radius=0.95
[DRO SUMMARY] step=36 obstacle=0 S=40 rho=0.00235681 rho_raw=0.00235681 D_max=0.0115351 D_min=0.00578169 tv_bound=0.407634 eta=0.204317 eta_raw=0.204317 radius_m=36 radius_d=3 transport_cost=0.00235681 budget_usage=1 lambda=0.634314 q_support=2 nominal_risk=0.0518963 qstar_risk=0.0539155 risk_lift=0.00201916 tv=0.28
[DRO MODE] step=36 obstacle=0 mode=constant_velocity p=0.146667 risk=0.051355 q=0.298405 delta_q=0.151738 q_times_S=11.9362
[DRO MODE] step=36 obstacle=0 mode=turn_left p=0.28 risk=0.0458155 q=0 delta_q=-0.28 q_times_S=0
[DRO MODE] step=36 obstacle=0 mode=turn_right p=0.573333 risk=0.0550045 q=0.701595 delta_q=0.128262 q_times_S=28.0638
[DRO SAMPLE] step=36 obstacle=0 mode=constant_velocity q=0.298405 q_times_S=11.9362 first_count=8 first_fraction=0.2 occupancy=64 occupancy_fraction=0.2
[DRO SAMPLE] step=36 obstacle=0 mode=turn_left q=0 q_times_S=0 first_count=0 first_fraction=0 occupancy=0 occupancy_fraction=0
[DRO SAMPLE] step=36 obstacle=0 mode=turn_right q=0.701595 q_times_S=28.0638 first_count=32 first_fraction=0.8 occupancy=256 occupancy_fraction=0.8
[RF BACKUP] available=1 controls=8 states=9
[FREE POLY] k=1 disc=0 raw=40 facets=3 vertices=6 rho=4.8 anchor_shift=0
[FREE POLY] k=1 disc=1 raw=40 facets=1 vertices=5 rho=0.800001 anchor_shift=0
[FREE POLY] k=1 disc=2 raw=40 facets=2 vertices=5 rho=4.8 anchor_shift=0
[FREE POLY] k=2 disc=0 raw=40 facets=3 vertices=6 rho=5.6 anchor_shift=0
[FREE POLY] k=2 disc=1 raw=40 facets=3 vertices=6 rho=1.6 anchor_shift=0
[FREE POLY] k=2 disc=2 raw=40 facets=1 vertices=4 rho=5.6 anchor_shift=0
[FREE POLY] k=3 disc=0 raw=40 facets=4 vertices=7 rho=6.4 anchor_shift=0
[FREE POLY] k=3 disc=1 raw=40 facets=2 vertices=5 rho=2.4 anchor_shift=0
[FREE POLY] k=3 disc=2 raw=40 facets=3 vertices=6 rho=6.4 anchor_shift=0
[FREE POLY] k=4 disc=0 raw=40 facets=3 vertices=6 rho=7.2 anchor_shift=0
[FREE POLY] k=4 disc=1 raw=40 facets=2 vertices=5 rho=3.2 anchor_shift=0
[FREE POLY] k=4 disc=2 raw=40 facets=4 vertices=7 rho=7.2 anchor_shift=0
[FREE POLY] k=5 disc=0 raw=40 facets=4 vertices=7 rho=8 anchor_shift=0
[FREE POLY] k=5 disc=1 raw=40 facets=5 vertices=8 rho=4 anchor_shift=0
[FREE POLY] k=5 disc=2 raw=40 facets=5 vertices=8 rho=8 anchor_shift=0
[FREE POLY] k=6 disc=0 raw=40 facets=5 vertices=8 rho=8.8 anchor_shift=0
[FREE POLY] k=6 disc=1 raw=40 facets=6 vertices=9 rho=4.8 anchor_shift=0
[FREE POLY] k=6 disc=2 raw=40 facets=5 vertices=8 rho=8.8 anchor_shift=0
[FREE POLY] k=7 disc=0 raw=40 facets=5 vertices=7 rho=9.6 anchor_shift=0
[FREE POLY] k=7 disc=1 raw=40 facets=6 vertices=9 rho=5.6 anchor_shift=0
[FREE POLY] k=7 disc=2 raw=40 facets=6 vertices=9 rho=9.6 anchor_shift=0
[FREE POLY] k=8 disc=0 raw=40 facets=6 vertices=9 rho=10.4 anchor_shift=0
[FREE POLY] k=8 disc=1 raw=40 facets=6 vertices=9 rho=6.4 anchor_shift=0
[FREE POLY] k=8 disc=2 raw=40 facets=5 vertices=8 rho=10.4 anchor_shift=0
[RF SUPPORT SEED] removed=0 support_limit=-1
[SQP] before_solve iter=0 vars=16 constraints=127 max_d=0.00753999
[QP WORST] iter=0 row=61 type=collision d=0.00753999
[QP WORST COLLISION] scenario=3 k=7 obstacle=0 disc=0
[SQP] after_solve iter=0 converged=1 status=0 iterations=5 primal_residual=2.71744e-08 dual_residual=2.66484e-05 x_size=16 x_finite=1
[SQP LINESEARCH] iter=0 current_violation=0.00753999 accepted_violation=4.99974e-05 accepted=1 alpha=1 delta_u_norm=0.378861
[SQP SUPPORT] iter=0 support_size=0 support_limit=-1 support_ok=1
[SQP] before_solve iter=1 vars=16 constraints=127 max_d=4.99974e-05
[QP WORST] iter=1 row=61 type=collision d=4.99974e-05
[QP WORST COLLISION] scenario=3 k=7 obstacle=0 disc=0
[SQP] after_solve iter=1 converged=1 status=0 iterations=5 primal_residual=4.39752e-16 dual_residual=1.65657e-05 x_size=16 x_finite=1
[SQP LINESEARCH] iter=1 current_violation=4.99974e-05 accepted_violation=2.72783e-06 accepted=1 alpha=1 delta_u_norm=0.301154
[SQP SUPPORT] iter=1 support_size=0 support_limit=-1 support_ok=1
[SQP] before_solve iter=2 vars=16 constraints=127 max_d=2.72783e-06
[QP WORST] iter=2 row=61 type=collision d=2.72783e-06
[QP WORST COLLISION] scenario=3 k=7 obstacle=0 disc=0
[SQP] after_solve iter=2 converged=1 status=0 iterations=5 primal_residual=9.04936e-09 dual_residual=2.02289e-05 x_size=16 x_finite=1
[SQP LINESEARCH] iter=2 current_violation=2.72783e-06 accepted_violation=0 accepted=1 alpha=1 delta_u_norm=0.219476
[SQP SUPPORT] iter=2 support_size=0 support_limit=-1 support_ok=1
[SQP] before_solve iter=3 vars=16 constraints=127 max_d=-4.10817e-05
[QP WORST] iter=3 row=61 type=collision d=-4.10817e-05
[QP WORST COLLISION] scenario=3 k=7 obstacle=0 disc=0
[SQP] after_solve iter=3 converged=1 status=0 iterations=5 primal_residual=9.33949e-09 dual_residual=1.29483e-05 x_size=16 x_finite=1
[SQP LINESEARCH] iter=3 current_violation=0 accepted_violation=0 accepted=1 alpha=1 delta_u_norm=0.153061
[SQP SUPPORT] iter=3 support_size=0 support_limit=-1 support_ok=1
[SQP] before_solve iter=4 vars=16 constraints=127 max_d=-3.9111e-07
[QP WORST] iter=4 row=78 type=collision d=-3.9111e-07
[QP WORST COLLISION] scenario=3 k=8 obstacle=0 disc=0
[SQP] after_solve iter=4 converged=1 status=0 iterations=5 primal_residual=1.48283e-08 dual_residual=1.72155e-05 x_size=16 x_finite=1
[SQP LINESEARCH] iter=4 current_violation=0 accepted_violation=0 accepted=1 alpha=1 delta_u_norm=0.141667
[SQP SUPPORT] iter=4 support_size=0 support_limit=-1 support_ok=1
[SQP] before_solve iter=5 vars=16 constraints=127 max_d=-4.5949e-07
[QP WORST] iter=5 row=78 type=collision d=-4.5949e-07
[QP WORST COLLISION] scenario=3 k=8 obstacle=0 disc=0
[SQP] after_solve iter=5 converged=1 status=0 iterations=5 primal_residual=1.55829e-08 dual_residual=1.77145e-05 x_size=16 x_finite=1
[SQP LINESEARCH] iter=5 current_violation=0 accepted_violation=0 accepted=1 alpha=1 delta_u_norm=0.13207
[SQP SUPPORT] iter=5 support_size=0 support_limit=-1 support_ok=1
[SQP] before_solve iter=6 vars=16 constraints=127 max_d=-5.80151e-07
[QP WORST] iter=6 row=78 type=collision d=-5.80151e-07
[QP WORST COLLISION] scenario=3 k=8 obstacle=0 disc=0
[SQP] after_solve iter=6 converged=1 status=0 iterations=5 primal_residual=1.5233e-08 dual_residual=1.73371e-05 x_size=16 x_finite=1
[SQP LINESEARCH] iter=6 current_violation=0 accepted_violation=0 accepted=1 alpha=1 delta_u_norm=0.123722
[SQP SUPPORT] iter=6 support_size=0 support_limit=-1 support_ok=1
[SQP] before_solve iter=7 vars=16 constraints=127 max_d=-5.9145e-07
[QP WORST] iter=7 row=78 type=collision d=-5.9145e-07
[QP WORST COLLISION] scenario=3 k=8 obstacle=0 disc=0
[SQP] after_solve iter=7 converged=1 status=0 iterations=5 primal_residual=1.48664e-08 dual_residual=1.69804e-05 x_size=16 x_finite=1
[SQP LINESEARCH] iter=7 current_violation=0 accepted_violation=0 accepted=1 alpha=1 delta_u_norm=0.116234
[SQP SUPPORT] iter=7 support_size=0 support_limit=-1 support_ok=1
[SQP] before_solve iter=8 vars=16 constraints=127 max_d=-5.83267e-07
[QP WORST] iter=8 row=78 type=collision d=-5.83267e-07
[QP WORST COLLISION] scenario=3 k=8 obstacle=0 disc=0
[SQP] after_solve iter=8 converged=1 status=0 iterations=5 primal_residual=1.47052e-08 dual_residual=1.68481e-05 x_size=16 x_finite=1
[SQP LINESEARCH] iter=8 current_violation=0 accepted_violation=0 accepted=1 alpha=1 delta_u_norm=0.109395
[SQP SUPPORT] iter=8 support_size=0 support_limit=-1 support_ok=1
[SQP] before_solve iter=9 vars=16 constraints=127 max_d=-5.82939e-07
[QP WORST] iter=9 row=78 type=collision d=-5.82939e-07
[QP WORST COLLISION] scenario=3 k=8 obstacle=0 disc=0
[SQP] after_solve iter=9 converged=1 status=0 iterations=5 primal_residual=1.47725e-08 dual_residual=1.69355e-05 x_size=16 x_finite=1
[SQP LINESEARCH] iter=9 current_violation=0 accepted_violation=0 accepted=1 alpha=1 delta_u_norm=0.103105
[SQP SUPPORT] iter=9 support_size=0 support_limit=-1 support_ok=1
[SQP FINAL] final_violation=0 violated_constraints=0
[SUPPORT FINAL] sqp_union=0 final_active=3 support_limit=-1
[SUPPORT FINAL IDS] 3 27 35
[SUPPORT UNION IDS]
[COLD START RECOVERY CHECK] ordinary_sqp_failed=0 seed_available=1 incompatible=0 try_homotopy=0
[HARNESS RESULT] step=35 success=1 controls=8 first_input_present=1
[MPC STEP METRICS] step=35 applied=1 success=1 fallback=0 a=-0.118209 omega=0.141006 dt=0.1 acceleration_weight=0.1 steering_weight=0.1 control_cost_unweighted=0.0338561 control_cost_weighted=0.00338561 mpc_cost=-14.4655 solve_time=0.0391828 qp_solve_time=0.0256867 constraint_time=0.00728895 dro_risk_time=0.000407132 ambiguity_radius=0.00235681 certificate=not_requested
[EVAL SAFETY] step=36 min_center_distance=1.52916 min_clearance=0.579156 collision_this_step=0 collision_run=0 collision_radius=0.95
[DRO SUMMARY] step=37 obstacle=0 S=40 rho=0.00233176 rho_raw=0.00233176 D_max=0.0115351 D_min=0.00578169 tv_bound=0.403301 eta=0.202145 eta_raw=0.202145 radius_m=37 radius_d=3 transport_cost=0.00233176 budget_usage=1 lambda=0.429224 q_support=2 nominal_risk=0.0124352 qstar_risk=0.0137975 risk_lift=0.00136225 tv=0.298701
[DRO MODE] step=37 obstacle=0 mode=constant_velocity p=0.142857 risk=0.0121588 q=0.336445 delta_q=0.193588 q_times_S=13.4578
[DRO MODE] step=37 obstacle=0 mode=turn_left p=0.298701 risk=0.00846728 q=0 delta_q=-0.298701 q_times_S=0
[DRO MODE] step=37 obstacle=0 mode=turn_right p=0.558442 risk=0.0146283 q=0.663555 delta_q=0.105114 q_times_S=26.5422
[DRO SAMPLE] step=37 obstacle=0 mode=constant_velocity q=0.336445 q_times_S=13.4578 first_count=7 first_fraction=0.175 occupancy=56 occupancy_fraction=0.175
[DRO SAMPLE] step=37 obstacle=0 mode=turn_left q=0 q_times_S=0 first_count=0 first_fraction=0 occupancy=0 occupancy_fraction=0
[DRO SAMPLE] step=37 obstacle=0 mode=turn_right q=0.663555 q_times_S=26.5422 first_count=33 first_fraction=0.825 occupancy=264 occupancy_fraction=0.825
[RF BACKUP] available=1 controls=8 states=9
[FREE POLY] k=1 disc=0 raw=40 facets=5 vertices=8 rho=4.8 anchor_shift=0
[FREE POLY] k=1 disc=1 raw=40 facets=1 vertices=5 rho=0.800001 anchor_shift=0
[FREE POLY] k=1 disc=2 raw=40 facets=4 vertices=7 rho=4.8 anchor_shift=0
[FREE POLY] k=2 disc=0 raw=40 facets=6 vertices=9 rho=5.6 anchor_shift=0
[FREE POLY] k=2 disc=1 raw=40 facets=2 vertices=5 rho=1.6 anchor_shift=0
[FREE POLY] k=2 disc=2 raw=40 facets=2 vertices=5 rho=5.6 anchor_shift=0
[FREE POLY] k=3 disc=0 raw=40 facets=3 vertices=6 rho=6.4 anchor_shift=0
[FREE POLY] k=3 disc=1 raw=40 facets=2 vertices=5 rho=2.4 anchor_shift=0
[FREE POLY] k=3 disc=2 raw=40 facets=2 vertices=5 rho=6.4 anchor_shift=0
[FREE POLY] k=4 disc=0 raw=40 facets=3 vertices=6 rho=7.2 anchor_shift=0
[FREE POLY] k=4 disc=1 raw=40 facets=2 vertices=5 rho=3.2 anchor_shift=0
[FREE POLY] k=4 disc=2 raw=40 facets=2 vertices=5 rho=7.2 anchor_shift=0
[FREE POLY] k=5 disc=0 raw=40 facets=3 vertices=6 rho=8 anchor_shift=0
[FREE POLY] k=5 disc=1 raw=40 facets=2 vertices=5 rho=4 anchor_shift=0
[FREE POLY] k=5 disc=2 raw=40 facets=2 vertices=5 rho=8 anchor_shift=0
[FREE POLY] k=6 disc=0 raw=40 facets=3 vertices=5 rho=8.8 anchor_shift=0
[FREE POLY] k=6 disc=1 raw=40 facets=2 vertices=5 rho=4.8 anchor_shift=0
[FREE POLY] k=6 disc=2 raw=40 facets=2 vertices=5 rho=8.8 anchor_shift=0
[FREE POLY] k=7 disc=0 raw=40 facets=3 vertices=6 rho=9.6 anchor_shift=0
[FREE POLY] k=7 disc=1 raw=40 facets=2 vertices=5 rho=5.6 anchor_shift=0
[FREE POLY] k=7 disc=2 raw=40 facets=2 vertices=5 rho=9.6 anchor_shift=0
[FREE POLY] k=8 disc=0 raw=40 facets=3 vertices=6 rho=10.4 anchor_shift=0
[FREE POLY] k=8 disc=1 raw=40 facets=3 vertices=6 rho=6.4 anchor_shift=0
[FREE POLY] k=8 disc=2 raw=40 facets=3 vertices=6 rho=10.4 anchor_shift=0
[RF SUPPORT SEED] removed=0 support_limit=-1
[SQP] before_solve iter=0 vars=16 constraints=96 max_d=0.000415966
[QP WORST] iter=0 row=36 type=collision d=0.000415966
[QP WORST COLLISION] scenario=33 k=5 obstacle=0 disc=0
[SQP] after_solve iter=0 converged=1 status=0 iterations=5 primal_residual=3.95517e-16 dual_residual=1.99965e-05 x_size=16 x_finite=1
[SQP LINESEARCH] iter=0 current_violation=0.000415966 accepted_violation=1.12986e-05 accepted=1 alpha=1 delta_u_norm=0.344379
[SQP SUPPORT] iter=0 support_size=0 support_limit=-1 support_ok=1
[SQP] before_solve iter=1 vars=16 constraints=96 max_d=1.12986e-05
[QP WORST] iter=1 row=36 type=collision d=1.12986e-05
[QP WORST COLLISION] scenario=33 k=5 obstacle=0 disc=0
[SQP] after_solve iter=1 converged=1 status=0 iterations=5 primal_residual=1.4092e-09 dual_residual=5.295e-06 x_size=16 x_finite=1
[SQP LINESEARCH] iter=1 current_violation=1.12986e-05 accepted_violation=5.39548e-06 accepted=1 alpha=1 delta_u_norm=0.22775
[SQP SUPPORT] iter=1 support_size=0 support_limit=-1 support_ok=1
[SQP] before_solve iter=2 vars=16 constraints=96 max_d=5.39548e-06
[QP WORST] iter=2 row=43 type=collision d=5.39548e-06
[QP WORST COLLISION] scenario=33 k=6 obstacle=0 disc=0
[SQP] after_solve iter=2 converged=1 status=0 iterations=4 primal_residual=3.82048e-08 dual_residual=5.67539e-05 x_size=16 x_finite=1
[SQP LINESEARCH] iter=2 current_violation=5.39548e-06 accepted_violation=0 accepted=1 alpha=1 delta_u_norm=0.198884
[SQP SUPPORT] iter=2 support_size=0 support_limit=-1 support_ok=1
[SQP] before_solve iter=3 vars=16 constraints=96 max_d=-3.68776e-06
[QP WORST] iter=3 row=43 type=collision d=-3.68776e-06
[QP WORST COLLISION] scenario=33 k=6 obstacle=0 disc=0
[SQP] after_solve iter=3 converged=1 status=0 iterations=4 primal_residual=1.08367e-08 dual_residual=5.16224e-05 x_size=16 x_finite=1
[SQP LINESEARCH] iter=3 current_violation=0 accepted_violation=0 accepted=1 alpha=1 delta_u_norm=0.179597
[SQP SUPPORT] iter=3 support_size=0 support_limit=-1 support_ok=1
[SQP] before_solve iter=4 vars=16 constraints=96 max_d=-2.59244e-06
[QP WORST] iter=4 row=43 type=collision d=-2.59244e-06
[QP WORST COLLISION] scenario=33 k=6 obstacle=0 disc=0
[SQP] after_solve iter=4 converged=1 status=0 iterations=4 primal_residual=5.65973e-09 dual_residual=5.43351e-05 x_size=16 x_finite=1
[SQP LINESEARCH] iter=4 current_violation=0 accepted_violation=0 accepted=1 alpha=1 delta_u_norm=0.164711
[SQP SUPPORT] iter=4 support_size=0 support_limit=-1 support_ok=1
[SQP] before_solve iter=5 vars=16 constraints=96 max_d=-1.30034e-06
[QP WORST] iter=5 row=36 type=collision d=-1.30034e-06
[QP WORST COLLISION] scenario=33 k=5 obstacle=0 disc=0
[SQP] after_solve iter=5 converged=1 status=0 iterations=4 primal_residual=3.39323e-09 dual_residual=6.02145e-05 x_size=16 x_finite=1
[SQP LINESEARCH] iter=5 current_violation=0 accepted_violation=0 accepted=1 alpha=1 delta_u_norm=0.151672
[SQP SUPPORT] iter=5 support_size=0 support_limit=-1 support_ok=1
[SQP] before_solve iter=6 vars=16 constraints=96 max_d=-1.08199e-06
[QP WORST] iter=6 row=36 type=collision d=-1.08199e-06
[QP WORST COLLISION] scenario=33 k=5 obstacle=0 disc=0
[SQP] after_solve iter=6 converged=1 status=0 iterations=4 primal_residual=3.53844e-09 dual_residual=6.79568e-05 x_size=16 x_finite=1
[SQP LINESEARCH] iter=6 current_violation=0 accepted_violation=0 accepted=1 alpha=1 delta_u_norm=0.138852
[SQP SUPPORT] iter=6 support_size=0 support_limit=-1 support_ok=1
[SQP] before_solve iter=7 vars=16 constraints=96 max_d=-1.00909e-06
[QP WORST] iter=7 row=36 type=collision d=-1.00909e-06
[QP WORST COLLISION] scenario=33 k=5 obstacle=0 disc=0
[SQP] after_solve iter=7 converged=1 status=0 iterations=4 primal_residual=4.08721e-09 dual_residual=7.69681e-05 x_size=16 x_finite=1
[SQP LINESEARCH] iter=7 current_violation=0 accepted_violation=0 accepted=1 alpha=1 delta_u_norm=0.119895
[SQP SUPPORT] iter=7 support_size=0 support_limit=-1 support_ok=1
[SQP] before_solve iter=8 vars=16 constraints=96 max_d=-1.48829e-06
[QP WORST] iter=8 row=29 type=collision d=-1.48829e-06
[QP WORST COLLISION] scenario=33 k=4 obstacle=0 disc=0
[SQP] after_solve iter=8 converged=1 status=0 iterations=4 primal_residual=5.22602e-09 dual_residual=8.75953e-05 x_size=16 x_finite=1
[SQP LINESEARCH] iter=8 current_violation=0 accepted_violation=0 accepted=1 alpha=1 delta_u_norm=0.107062
[SQP SUPPORT] iter=8 support_size=0 support_limit=-1 support_ok=1
[SQP] before_solve iter=9 vars=16 constraints=96 max_d=-1.91365e-06
[QP WORST] iter=9 row=29 type=collision d=-1.91365e-06
[QP WORST COLLISION] scenario=33 k=4 obstacle=0 disc=0
[SQP] after_solve iter=9 converged=1 status=0 iterations=4 primal_residual=5.87358e-09 dual_residual=9.73839e-05 x_size=16 x_finite=1
[SQP LINESEARCH] iter=9 current_violation=0 accepted_violation=0 accepted=1 alpha=1 delta_u_norm=0.100547
[SQP SUPPORT] iter=9 support_size=0 support_limit=-1 support_ok=1
[SQP FINAL] final_violation=0 violated_constraints=0
[SUPPORT FINAL] sqp_union=0 final_active=1 support_limit=-1
[SUPPORT FINAL IDS] 33
[SUPPORT UNION IDS]
[COLD START RECOVERY CHECK] ordinary_sqp_failed=0 seed_available=1 incompatible=0 try_homotopy=0
[HARNESS RESULT] step=36 success=1 controls=8 first_input_present=1
[MPC STEP METRICS] step=36 applied=1 success=1 fallback=0 a=-0.180364 omega=-0.462615 dt=0.1 acceleration_weight=0.1 steering_weight=0.1 control_cost_unweighted=0.246544 control_cost_weighted=0.0246544 mpc_cost=-15.0737 solve_time=0.0365174 qp_solve_time=0.0238906 constraint_time=0.00668518 dro_risk_time=0.00040633 ambiguity_radius=0.00233176 certificate=not_requested
[EVAL SAFETY] step=37 min_center_distance=1.33792 min_clearance=0.387922 collision_this_step=0 collision_run=0 collision_radius=0.95
[DRO SUMMARY] step=38 obstacle=0 S=40 rho=0.00229365 rho_raw=0.00229365 D_max=0.0115351 D_min=0.00578169 tv_bound=0.39671 eta=0.198841 eta_raw=0.198841 radius_m=38 radius_d=3 transport_cost=0 budget_usage=0 lambda=0 q_support=3 nominal_risk=0 qstar_risk=0 risk_lift=0 tv=0
[DRO MODE] step=38 obstacle=0 mode=constant_velocity p=0.164557 risk=0 q=0.164557 delta_q=0 q_times_S=6.58228
[DRO MODE] step=38 obstacle=0 mode=turn_left p=0.291139 risk=0 q=0.291139 delta_q=0 q_times_S=11.6456
[DRO MODE] step=38 obstacle=0 mode=turn_right p=0.544304 risk=0 q=0.544304 delta_q=0 q_times_S=21.7722
[DRO SAMPLE] step=38 obstacle=0 mode=constant_velocity q=0.164557 q_times_S=6.58228 first_count=6 first_fraction=0.15 occupancy=48 occupancy_fraction=0.15
[DRO SAMPLE] step=38 obstacle=0 mode=turn_left q=0.291139 q_times_S=11.6456 first_count=11 first_fraction=0.275 occupancy=88 occupancy_fraction=0.275
[DRO SAMPLE] step=38 obstacle=0 mode=turn_right q=0.544304 q_times_S=21.7722 first_count=23 first_fraction=0.575 occupancy=184 occupancy_fraction=0.575
[RF BACKUP] available=1 controls=8 states=9
[FREE POLY] k=1 disc=0 raw=40 facets=4 vertices=7 rho=4.8 anchor_shift=0
[FREE POLY] k=1 disc=1 raw=40 facets=0 vertices=4 rho=0.800001 anchor_shift=0
[FREE POLY] k=1 disc=2 raw=40 facets=5 vertices=8 rho=4.8 anchor_shift=0
[FREE POLY] k=2 disc=0 raw=40 facets=3 vertices=6 rho=5.6 anchor_shift=0
[FREE POLY] k=2 disc=1 raw=40 facets=3 vertices=7 rho=1.6 anchor_shift=0
[FREE POLY] k=2 disc=2 raw=40 facets=3 vertices=6 rho=5.6 anchor_shift=0
[FREE POLY] k=3 disc=0 raw=40 facets=4 vertices=7 rho=6.4 anchor_shift=0
[FREE POLY] k=3 disc=1 raw=40 facets=3 vertices=6 rho=2.4 anchor_shift=0
[FREE POLY] k=3 disc=2 raw=40 facets=3 vertices=6 rho=6.4 anchor_shift=0
[FREE POLY] k=4 disc=0 raw=40 facets=4 vertices=7 rho=7.2 anchor_shift=0
[FREE POLY] k=4 disc=1 raw=40 facets=3 vertices=6 rho=3.2 anchor_shift=0
[FREE POLY] k=4 disc=2 raw=40 facets=4 vertices=7 rho=7.2 anchor_shift=0
[FREE POLY] k=5 disc=0 raw=40 facets=4 vertices=7 rho=8 anchor_shift=0
[FREE POLY] k=5 disc=1 raw=40 facets=3 vertices=6 rho=4 anchor_shift=0
[FREE POLY] k=5 disc=2 raw=40 facets=4 vertices=7 rho=8 anchor_shift=0
[FREE POLY] k=6 disc=0 raw=40 facets=7 vertices=10 rho=8.8 anchor_shift=0
[FREE POLY] k=6 disc=1 raw=40 facets=4 vertices=7 rho=4.8 anchor_shift=0
[FREE POLY] k=6 disc=2 raw=40 facets=4 vertices=7 rho=8.8 anchor_shift=0
[FREE POLY] k=7 disc=0 raw=40 facets=6 vertices=9 rho=9.6 anchor_shift=0
[FREE POLY] k=7 disc=1 raw=40 facets=5 vertices=8 rho=5.6 anchor_shift=0
[FREE POLY] k=7 disc=2 raw=40 facets=5 vertices=8 rho=9.6 anchor_shift=0
[FREE POLY] k=8 disc=0 raw=40 facets=6 vertices=9 rho=10.4 anchor_shift=0
[FREE POLY] k=8 disc=1 raw=40 facets=4 vertices=7 rho=6.4 anchor_shift=0
[FREE POLY] k=8 disc=2 raw=40 facets=4 vertices=7 rho=10.4 anchor_shift=0
[RF SUPPORT SEED] removed=0 support_limit=-1
[SQP] before_solve iter=0 vars=16 constraints=127 max_d=-0.0274073
[QP WORST] iter=0 row=11 type=collision d=-0.0274073
[QP WORST COLLISION] scenario=29 k=2 obstacle=0 disc=0
[SQP] after_solve iter=0 converged=1 status=0 iterations=4 primal_residual=4.3715e-16 dual_residual=9.05638e-05 x_size=16 x_finite=1
[SQP LINESEARCH] iter=0 current_violation=0 accepted_violation=0 accepted=1 alpha=1 delta_u_norm=0.303246
[SQP SUPPORT] iter=0 support_size=0 support_limit=-1 support_ok=1
[SQP] before_solve iter=1 vars=16 constraints=127 max_d=-0.00360956
[QP WORST] iter=1 row=40 type=collision d=-0.00360956
[QP WORST COLLISION] scenario=6 k=5 obstacle=0 disc=0
[SQP] after_solve iter=1 converged=1 status=0 iterations=4 primal_residual=3.81205e-16 dual_residual=8.27429e-05 x_size=16 x_finite=1
[SQP LINESEARCH] iter=1 current_violation=0 accepted_violation=0 accepted=1 alpha=1 delta_u_norm=0.218393
[SQP SUPPORT] iter=1 support_size=0 support_limit=-1 support_ok=1
[SQP] before_solve iter=2 vars=16 constraints=127 max_d=-0.00507486
[QP WORST] iter=2 row=40 type=collision d=-0.00507486
[QP WORST COLLISION] scenario=6 k=5 obstacle=0 disc=0
[SQP] after_solve iter=2 converged=1 status=0 iterations=5 primal_residual=4.30211e-16 dual_residual=3.22364e-06 x_size=16 x_finite=1
[SQP LINESEARCH] iter=2 current_violation=0 accepted_violation=0 accepted=1 alpha=1 delta_u_norm=0.182162
[SQP SUPPORT] iter=2 support_size=0 support_limit=-1 support_ok=1
[SQP] before_solve iter=3 vars=16 constraints=127 max_d=-2.16295e-05
[QP WORST] iter=3 row=40 type=collision d=-2.16295e-05
[QP WORST COLLISION] scenario=6 k=5 obstacle=0 disc=0
[SQP] after_solve iter=3 converged=1 status=0 iterations=5 primal_residual=5.01962e-10 dual_residual=4.29534e-06 x_size=16 x_finite=1
[SQP LINESEARCH] iter=3 current_violation=0 accepted_violation=0 accepted=1 alpha=1 delta_u_norm=0.161423
[SQP SUPPORT] iter=3 support_size=0 support_limit=-1 support_ok=1
[SQP] before_solve iter=4 vars=16 constraints=127 max_d=-2.93003e-05
[QP WORST] iter=4 row=28 type=collision d=-2.93003e-05
[QP WORST COLLISION] scenario=1 k=4 obstacle=0 disc=0
[SQP] after_solve iter=4 converged=1 status=0 iterations=5 primal_residual=8.05246e-09 dual_residual=1.51678e-05 x_size=16 x_finite=1
[SQP LINESEARCH] iter=4 current_violation=0 accepted_violation=0 accepted=1 alpha=1 delta_u_norm=0.145606
[SQP SUPPORT] iter=4 support_size=0 support_limit=-1 support_ok=1
[SQP] before_solve iter=5 vars=16 constraints=127 max_d=-1.88205e-06
[QP WORST] iter=5 row=40 type=collision d=-1.88205e-06
[QP WORST COLLISION] scenario=6 k=5 obstacle=0 disc=0
[SQP] after_solve iter=5 converged=1 status=0 iterations=5 primal_residual=1.09736e-08 dual_residual=1.90414e-05 x_size=16 x_finite=1
[SQP LINESEARCH] iter=5 current_violation=0 accepted_violation=0 accepted=1 alpha=1 delta_u_norm=0.13535
[SQP SUPPORT] iter=5 support_size=0 support_limit=-1 support_ok=1
[SQP] before_solve iter=6 vars=16 constraints=127 max_d=-1.14601e-06
[QP WORST] iter=6 row=40 type=collision d=-1.14601e-06
[QP WORST COLLISION] scenario=6 k=5 obstacle=0 disc=0
[SQP] after_solve iter=6 converged=1 status=0 iterations=5 primal_residual=9.69264e-09 dual_residual=1.89486e-05 x_size=16 x_finite=1
[SQP LINESEARCH] iter=6 current_violation=0 accepted_violation=0 accepted=1 alpha=1 delta_u_norm=0.127112
[SQP SUPPORT] iter=6 support_size=0 support_limit=-1 support_ok=1
[SQP] before_solve iter=7 vars=16 constraints=127 max_d=-6.29537e-07
[QP WORST] iter=7 row=40 type=collision d=-6.29537e-07
[QP WORST COLLISION] scenario=6 k=5 obstacle=0 disc=0
[SQP] after_solve iter=7 converged=1 status=0 iterations=5 primal_residual=4.86603e-09 dual_residual=1.56415e-05 x_size=16 x_finite=1
[SQP LINESEARCH] iter=7 current_violation=0 accepted_violation=0 accepted=1 alpha=1 delta_u_norm=0.119899
[SQP SUPPORT] iter=7 support_size=0 support_limit=-1 support_ok=1
[SQP] before_solve iter=8 vars=16 constraints=127 max_d=-9.8667e-08
[QP WORST] iter=8 row=40 type=collision d=-9.8667e-08
[QP WORST COLLISION] scenario=6 k=5 obstacle=0 disc=0
[SQP] after_solve iter=8 converged=1 status=0 iterations=5 primal_residual=4.17147e-16 dual_residual=1.1362e-05 x_size=16 x_finite=1
[SQP LINESEARCH] iter=8 current_violation=0 accepted_violation=0 accepted=1 alpha=1 delta_u_norm=0.113236
[SQP SUPPORT] iter=8 support_size=0 support_limit=-1 support_ok=1
[SQP] before_solve iter=9 vars=16 constraints=127 max_d=-2.24014e-05
[QP WORST] iter=9 row=40 type=collision d=-2.24014e-05
[QP WORST COLLISION] scenario=6 k=5 obstacle=0 disc=0
[SQP] after_solve iter=9 converged=1 status=0 iterations=5 primal_residual=9.31911e-10 dual_residual=1.09969e-05 x_size=16 x_finite=1
[SQP LINESEARCH] iter=9 current_violation=0 accepted_violation=0 accepted=1 alpha=1 delta_u_norm=0.106649
[SQP SUPPORT] iter=9 support_size=0 support_limit=-1 support_ok=1
[SQP FINAL] final_violation=0 violated_constraints=0
[SUPPORT FINAL] sqp_union=0 final_active=2 support_limit=-1
[SUPPORT FINAL IDS] 1 6
[SUPPORT UNION IDS]
[COLD START RECOVERY CHECK] ordinary_sqp_failed=0 seed_available=1 incompatible=0 try_homotopy=0
[HARNESS RESULT] step=37 success=1 controls=8 first_input_present=1
[MPC STEP METRICS] step=37 applied=1 success=1 fallback=0 a=-0.222587 omega=-0.307363 dt=0.1 acceleration_weight=0.1 steering_weight=0.1 control_cost_unweighted=0.144017 control_cost_weighted=0.0144017 mpc_cost=-15.6915 solve_time=0.0367841 qp_solve_time=0.0234886 constraint_time=0.00744365 dro_risk_time=0.000404878 ambiguity_radius=0.00229365 certificate=not_requested
[EVAL SAFETY] step=38 min_center_distance=1.19942 min_clearance=0.249423 collision_this_step=0 collision_run=0 collision_radius=0.95
[DRO SUMMARY] step=39 obstacle=0 S=40 rho=0.00225616 rho_raw=0.00225616 D_max=0.0115351 D_min=0.00578169 tv_bound=0.390225 eta=0.195591 eta_raw=0.195591 radius_m=39 radius_d=3 transport_cost=0 budget_usage=0 lambda=0 q_support=3 nominal_risk=0 qstar_risk=0 risk_lift=0 tv=0
[DRO MODE] step=39 obstacle=0 mode=constant_velocity p=0.185185 risk=0 q=0.185185 delta_q=0 q_times_S=7.40741
[DRO MODE] step=39 obstacle=0 mode=turn_left p=0.283951 risk=0 q=0.283951 delta_q=0 q_times_S=11.358
[DRO MODE] step=39 obstacle=0 mode=turn_right p=0.530864 risk=0 q=0.530864 delta_q=0 q_times_S=21.2346
[DRO SAMPLE] step=39 obstacle=0 mode=constant_velocity q=0.185185 q_times_S=7.40741 first_count=6 first_fraction=0.15 occupancy=48 occupancy_fraction=0.15
[DRO SAMPLE] step=39 obstacle=0 mode=turn_left q=0.283951 q_times_S=11.358 first_count=14 first_fraction=0.35 occupancy=112 occupancy_fraction=0.35
[DRO SAMPLE] step=39 obstacle=0 mode=turn_right q=0.530864 q_times_S=21.2346 first_count=20 first_fraction=0.5 occupancy=160 occupancy_fraction=0.5
[RF BACKUP] available=1 controls=8 states=9
[FREE POLY] k=1 disc=0 raw=40 facets=3 vertices=6 rho=4.8 anchor_shift=0
[FREE POLY] k=1 disc=1 raw=40 facets=0 vertices=4 rho=0.800001 anchor_shift=0
[FREE POLY] k=1 disc=2 raw=40 facets=3 vertices=6 rho=4.8 anchor_shift=0
[FREE POLY] k=2 disc=0 raw=40 facets=4 vertices=7 rho=5.6 anchor_shift=0
[FREE POLY] k=2 disc=1 raw=40 facets=2 vertices=6 rho=1.6 anchor_shift=0
[FREE POLY] k=2 disc=2 raw=40 facets=2 vertices=5 rho=5.6 anchor_shift=0
[FREE POLY] k=3 disc=0 raw=40 facets=4 vertices=7 rho=6.4 anchor_shift=0
[FREE POLY] k=3 disc=1 raw=40 facets=2 vertices=5 rho=2.4 anchor_shift=0
[FREE POLY] k=3 disc=2 raw=40 facets=2 vertices=5 rho=6.4 anchor_shift=0
[FREE POLY] k=4 disc=0 raw=40 facets=4 vertices=7 rho=7.2 anchor_shift=0
[FREE POLY] k=4 disc=1 raw=40 facets=2 vertices=5 rho=3.2 anchor_shift=0
[FREE POLY] k=4 disc=2 raw=40 facets=2 vertices=5 rho=7.2 anchor_shift=0
[FREE POLY] k=5 disc=0 raw=40 facets=2 vertices=5 rho=8 anchor_shift=0
[FREE POLY] k=5 disc=1 raw=40 facets=2 vertices=5 rho=4 anchor_shift=0
[FREE POLY] k=5 disc=2 raw=40 facets=2 vertices=5 rho=8 anchor_shift=0
[FREE POLY] k=6 disc=0 raw=40 facets=3 vertices=6 rho=8.8 anchor_shift=0
[FREE POLY] k=6 disc=1 raw=40 facets=2 vertices=5 rho=4.8 anchor_shift=0
[FREE POLY] k=6 disc=2 raw=40 facets=3 vertices=6 rho=8.8 anchor_shift=0
[FREE POLY] k=7 disc=0 raw=40 facets=4 vertices=7 rho=9.6 anchor_shift=0
[FREE POLY] k=7 disc=1 raw=40 facets=4 vertices=7 rho=5.6 anchor_shift=0
[FREE POLY] k=7 disc=2 raw=40 facets=4 vertices=7 rho=9.6 anchor_shift=0
[FREE POLY] k=8 disc=0 raw=40 facets=5 vertices=8 rho=10.4 anchor_shift=0
[FREE POLY] k=8 disc=1 raw=40 facets=5 vertices=8 rho=6.4 anchor_shift=0
[FREE POLY] k=8 disc=2 raw=40 facets=5 vertices=8 rho=10.4 anchor_shift=0
[RF SUPPORT SEED] removed=0 support_limit=-1
[SQP] before_solve iter=0 vars=16 constraints=103 max_d=-0.0144476
[QP WORST] iter=0 row=14 type=collision d=-0.0144476
[QP WORST COLLISION] scenario=17 k=3 obstacle=0 disc=0
[SQP] after_solve iter=0 converged=1 status=0 iterations=4 primal_residual=4.25007e-16 dual_residual=2.78086e-05 x_size=16 x_finite=1
[SQP LINESEARCH] iter=0 current_violation=0 accepted_violation=0 accepted=1 alpha=1 delta_u_norm=0.262206
[SQP SUPPORT] iter=0 support_size=0 support_limit=-1 support_ok=1
[SQP] before_solve iter=1 vars=16 constraints=103 max_d=-0.0314939
[QP WORST] iter=1 row=14 type=collision d=-0.0314939
[QP WORST COLLISION] scenario=17 k=3 obstacle=0 disc=0
[SQP] after_solve iter=1 converged=1 status=0 iterations=4 primal_residual=1.29944e-08 dual_residual=7.9333e-05 x_size=16 x_finite=1
[SQP LINESEARCH] iter=1 current_violation=0 accepted_violation=0 accepted=1 alpha=1 delta_u_norm=0.192027
[SQP SUPPORT] iter=1 support_size=0 support_limit=-1 support_ok=1
[SQP] before_solve iter=2 vars=16 constraints=103 max_d=-0.0143534
[QP WORST] iter=2 row=14 type=collision d=-0.0143534
[QP WORST COLLISION] scenario=17 k=3 obstacle=0 disc=0
[SQP] after_solve iter=2 converged=1 status=0 iterations=4 primal_residual=9.68023e-08 dual_residual=7.75696e-05 x_size=16 x_finite=1
[SQP LINESEARCH] iter=2 current_violation=0 accepted_violation=0 accepted=1 alpha=1 delta_u_norm=0.17138
[SQP SUPPORT] iter=2 support_size=0 support_limit=-1 support_ok=1
[SQP] before_solve iter=3 vars=16 constraints=103 max_d=-0.0201674
[QP WORST] iter=3 row=14 type=collision d=-0.0201674
[QP WORST COLLISION] scenario=17 k=3 obstacle=0 disc=0
[SQP] after_solve iter=3 converged=1 status=0 iterations=4 primal_residual=2.49075e-09 dual_residual=8.23547e-05 x_size=16 x_finite=1
[SQP LINESEARCH] iter=3 current_violation=0 accepted_violation=0 accepted=1 alpha=1 delta_u_norm=0.154207
[SQP SUPPORT] iter=3 support_size=0 support_limit=-1 support_ok=1
[SQP] before_solve iter=4 vars=16 constraints=103 max_d=-0.0111553
[QP WORST] iter=4 row=14 type=collision d=-0.0111553
[QP WORST COLLISION] scenario=17 k=3 obstacle=0 disc=0
[SQP] after_solve iter=4 converged=1 status=0 iterations=4 primal_residual=4.12864e-16 dual_residual=8.19986e-05 x_size=16 x_finite=1
[SQP LINESEARCH] iter=4 current_violation=0 accepted_violation=0 accepted=1 alpha=1 delta_u_norm=0.143973
[SQP SUPPORT] iter=4 support_size=0 support_limit=-1 support_ok=1
[SQP] before_solve iter=5 vars=16 constraints=103 max_d=-0.0125979
[QP WORST] iter=5 row=14 type=collision d=-0.0125979
[QP WORST COLLISION] scenario=17 k=3 obstacle=0 disc=0
[SQP] after_solve iter=5 converged=1 status=0 iterations=4 primal_residual=3.90313e-16 dual_residual=8.49242e-05 x_size=16 x_finite=1
[SQP LINESEARCH] iter=5 current_violation=0 accepted_violation=0 accepted=1 alpha=1 delta_u_norm=0.132734
[SQP SUPPORT] iter=5 support_size=0 support_limit=-1 support_ok=1
[SQP] before_solve iter=6 vars=16 constraints=103 max_d=-0.00830946
[QP WORST] iter=6 row=14 type=collision d=-0.00830946
[QP WORST COLLISION] scenario=17 k=3 obstacle=0 disc=0
[SQP] after_solve iter=6 converged=1 status=0 iterations=4 primal_residual=4.0354e-16 dual_residual=8.37896e-05 x_size=16 x_finite=1
[SQP LINESEARCH] iter=6 current_violation=0 accepted_violation=0 accepted=1 alpha=1 delta_u_norm=0.124936
[SQP SUPPORT] iter=6 support_size=0 support_limit=-1 support_ok=1
[SQP] before_solve iter=7 vars=16 constraints=103 max_d=-0.00829123
[QP WORST] iter=7 row=14 type=collision d=-0.00829123
[QP WORST COLLISION] scenario=17 k=3 obstacle=0 disc=0
[SQP] after_solve iter=7 converged=1 status=0 iterations=4 primal_residual=4.19478e-16 dual_residual=8.44507e-05 x_size=16 x_finite=1
[SQP LINESEARCH] iter=7 current_violation=0 accepted_violation=0 accepted=1 alpha=1 delta_u_norm=0.116752
[SQP SUPPORT] iter=7 support_size=0 support_limit=-1 support_ok=1
[SQP] before_solve iter=8 vars=16 constraints=103 max_d=-0.0064605
[QP WORST] iter=8 row=14 type=collision d=-0.0064605
[QP WORST COLLISION] scenario=17 k=3 obstacle=0 disc=0
[SQP] after_solve iter=8 converged=1 status=0 iterations=4 primal_residual=4.13515e-16 dual_residual=9.08518e-05 x_size=16 x_finite=1
[SQP LINESEARCH] iter=8 current_violation=0 accepted_violation=0 accepted=1 alpha=1 delta_u_norm=0.110184
[SQP SUPPORT] iter=8 support_size=0 support_limit=-1 support_ok=1
[SQP] before_solve iter=9 vars=16 constraints=103 max_d=-0.00612578
[QP WORST] iter=9 row=14 type=collision d=-0.00612578
[QP WORST COLLISION] scenario=17 k=3 obstacle=0 disc=0
[SQP] after_solve iter=9 converged=1 status=0 iterations=4 primal_residual=4.38235e-16 dual_residual=9.79307e-05 x_size=16 x_finite=1
[SQP LINESEARCH] iter=9 current_violation=0 accepted_violation=0 accepted=1 alpha=1 delta_u_norm=0.103808
[SQP SUPPORT] iter=9 support_size=0 support_limit=-1 support_ok=1
[SQP FINAL] final_violation=0 violated_constraints=0
[SUPPORT FINAL] sqp_union=0 final_active=0 support_limit=-1
[SUPPORT FINAL IDS]
[SUPPORT UNION IDS]
[COLD START RECOVERY CHECK] ordinary_sqp_failed=0 seed_available=1 incompatible=0 try_homotopy=0
[HARNESS RESULT] step=38 success=1 controls=8 first_input_present=1
[MPC STEP METRICS] step=38 applied=1 success=1 fallback=0 a=-0.144838 omega=-0.302299 dt=0.1 acceleration_weight=0.1 steering_weight=0.1 control_cost_unweighted=0.112363 control_cost_weighted=0.0112363 mpc_cost=-16.1674 solve_time=0.0351325 qp_solve_time=0.0225207 constraint_time=0.00684509 dro_risk_time=0.000405209 ambiguity_radius=0.00225616 certificate=not_requested
[EVAL SAFETY] step=39 min_center_distance=1.09549 min_clearance=0.145493 collision_this_step=0 collision_run=0 collision_radius=0.95
[DRO SUMMARY] step=40 obstacle=0 S=40 rho=0.00221935 rho_raw=0.00221935 D_max=0.0115351 D_min=0.00578169 tv_bound=0.383859 eta=0.1924 eta_raw=0.1924 radius_m=40 radius_d=3 transport_cost=0 budget_usage=0 lambda=0 q_support=3 nominal_risk=0 qstar_risk=0 risk_lift=0 tv=0
[DRO MODE] step=40 obstacle=0 mode=constant_velocity p=0.204819 risk=0 q=0.204819 delta_q=0 q_times_S=8.19277
[DRO MODE] step=40 obstacle=0 mode=turn_left p=0.277108 risk=0 q=0.277108 delta_q=0 q_times_S=11.0843
[DRO MODE] step=40 obstacle=0 mode=turn_right p=0.518072 risk=0 q=0.518072 delta_q=0 q_times_S=20.7229
[DRO SAMPLE] step=40 obstacle=0 mode=constant_velocity q=0.204819 q_times_S=8.19277 first_count=7 first_fraction=0.175 occupancy=56 occupancy_fraction=0.175
[DRO SAMPLE] step=40 obstacle=0 mode=turn_left q=0.277108 q_times_S=11.0843 first_count=8 first_fraction=0.2 occupancy=64 occupancy_fraction=0.2
[DRO SAMPLE] step=40 obstacle=0 mode=turn_right q=0.518072 q_times_S=20.7229 first_count=25 first_fraction=0.625 occupancy=200 occupancy_fraction=0.625
[RF BACKUP] available=1 controls=8 states=9
[FREE POLY] k=1 disc=0 raw=40 facets=2 vertices=5 rho=4.8 anchor_shift=0
[FREE POLY] k=1 disc=1 raw=40 facets=0 vertices=4 rho=0.800001 anchor_shift=0
[FREE POLY] k=1 disc=2 raw=40 facets=3 vertices=6 rho=4.8 anchor_shift=0
[FREE POLY] k=2 disc=0 raw=40 facets=4 vertices=7 rho=5.6 anchor_shift=0
[FREE POLY] k=2 disc=1 raw=40 facets=1 vertices=5 rho=1.6 anchor_shift=0
[FREE POLY] k=2 disc=2 raw=40 facets=2 vertices=5 rho=5.6 anchor_shift=0
[FREE POLY] k=3 disc=0 raw=40 facets=6 vertices=9 rho=6.4 anchor_shift=0
[FREE POLY] k=3 disc=1 raw=40 facets=1 vertices=4 rho=2.4 anchor_shift=0
[FREE POLY] k=3 disc=2 raw=40 facets=2 vertices=5 rho=6.4 anchor_shift=0
[FREE POLY] k=4 disc=0 raw=40 facets=6 vertices=9 rho=7.2 anchor_shift=0
[FREE POLY] k=4 disc=1 raw=40 facets=3 vertices=6 rho=3.2 anchor_shift=0
[FREE POLY] k=4 disc=2 raw=40 facets=3 vertices=6 rho=7.2 anchor_shift=0
[FREE POLY] k=5 disc=0 raw=40 facets=4 vertices=7 rho=8 anchor_shift=0
[FREE POLY] k=5 disc=1 raw=40 facets=3 vertices=6 rho=4 anchor_shift=0
[FREE POLY] k=5 disc=2 raw=40 facets=3 vertices=6 rho=8 anchor_shift=0
[FREE POLY] k=6 disc=0 raw=40 facets=4 vertices=7 rho=8.8 anchor_shift=0
[FREE POLY] k=6 disc=1 raw=40 facets=3 vertices=6 rho=4.8 anchor_shift=0
[FREE POLY] k=6 disc=2 raw=40 facets=3 vertices=6 rho=8.8 anchor_shift=0
[FREE POLY] k=7 disc=0 raw=40 facets=4 vertices=7 rho=9.6 anchor_shift=0
[FREE POLY] k=7 disc=1 raw=40 facets=3 vertices=6 rho=5.6 anchor_shift=0
[FREE POLY] k=7 disc=2 raw=40 facets=3 vertices=6 rho=9.6 anchor_shift=0
[FREE POLY] k=8 disc=0 raw=40 facets=5 vertices=8 rho=10.4 anchor_shift=0
[FREE POLY] k=8 disc=1 raw=40 facets=3 vertices=6 rho=6.4 anchor_shift=0
[FREE POLY] k=8 disc=2 raw=40 facets=4 vertices=7 rho=10.4 anchor_shift=0
[RF SUPPORT SEED] removed=0 support_limit=-1
[SQP] before_solve iter=0 vars=16 constraints=107 max_d=-0.0278215
[QP WORST] iter=0 row=5 type=collision d=-0.0278215
[QP WORST COLLISION] scenario=13 k=2 obstacle=0 disc=0
[SQP] after_solve iter=0 converged=1 status=0 iterations=4 primal_residual=4.44089e-16 dual_residual=1.08064e-06 x_size=16 x_finite=1
[SQP LINESEARCH] iter=0 current_violation=0 accepted_violation=0 accepted=1 alpha=1 delta_u_norm=0.274416
[SQP SUPPORT] iter=0 support_size=0 support_limit=-1 support_ok=1
[SQP] before_solve iter=1 vars=16 constraints=107 max_d=-0.0489427
[QP WORST] iter=1 row=5 type=collision d=-0.0489427
[QP WORST COLLISION] scenario=13 k=2 obstacle=0 disc=0
[SQP] after_solve iter=1 converged=1 status=0 iterations=4 primal_residual=6.25145e-10 dual_residual=7.92635e-06 x_size=16 x_finite=1
[SQP LINESEARCH] iter=1 current_violation=0 accepted_violation=0 accepted=1 alpha=1 delta_u_norm=0.19744
[SQP SUPPORT] iter=1 support_size=0 support_limit=-1 support_ok=1
[SQP] before_solve iter=2 vars=16 constraints=107 max_d=-0.0346303
[QP WORST] iter=2 row=5 type=collision d=-0.0346303
[QP WORST COLLISION] scenario=13 k=2 obstacle=0 disc=0
[SQP] after_solve iter=2 converged=1 status=0 iterations=4 primal_residual=1.71148e-10 dual_residual=2.05988e-06 x_size=16 x_finite=1
[SQP LINESEARCH] iter=2 current_violation=0 accepted_violation=0 accepted=1 alpha=1 delta_u_norm=0.173827
[SQP SUPPORT] iter=2 support_size=0 support_limit=-1 support_ok=1
[SQP] before_solve iter=3 vars=16 constraints=107 max_d=-0.043148
[QP WORST] iter=3 row=5 type=collision d=-0.043148
[QP WORST COLLISION] scenario=13 k=2 obstacle=0 disc=0
[SQP] after_solve iter=3 converged=1 status=0 iterations=4 primal_residual=1.17627e-09 dual_residual=9.17076e-06 x_size=16 x_finite=1
[SQP LINESEARCH] iter=3 current_violation=0 accepted_violation=0 accepted=1 alpha=1 delta_u_norm=0.152491
[SQP SUPPORT] iter=3 support_size=0 support_limit=-1 support_ok=1
[SQP] before_solve iter=4 vars=16 constraints=107 max_d=-0.035023
[QP WORST] iter=4 row=5 type=collision d=-0.035023
[QP WORST COLLISION] scenario=13 k=2 obstacle=0 disc=0
[SQP] after_solve iter=4 converged=1 status=0 iterations=4 primal_residual=1.2692e-10 dual_residual=4.94515e-06 x_size=16 x_finite=1
[SQP LINESEARCH] iter=4 current_violation=0 accepted_violation=0 accepted=1 alpha=1 delta_u_norm=0.141772
[SQP SUPPORT] iter=4 support_size=0 support_limit=-1 support_ok=1
[SQP] before_solve iter=5 vars=16 constraints=107 max_d=-0.03853
[QP WORST] iter=5 row=5 type=collision d=-0.03853
[QP WORST COLLISION] scenario=13 k=2 obstacle=0 disc=0
[SQP] after_solve iter=5 converged=1 status=0 iterations=4 primal_residual=1.39535e-09 dual_residual=1.10109e-05 x_size=16 x_finite=1
[SQP LINESEARCH] iter=5 current_violation=0 accepted_violation=0 accepted=1 alpha=1 delta_u_norm=0.129712
[SQP SUPPORT] iter=5 support_size=0 support_limit=-1 support_ok=1
[SQP] before_solve iter=6 vars=16 constraints=107 max_d=-0.0340054
[QP WORST] iter=6 row=5 type=collision d=-0.0340054
[QP WORST COLLISION] scenario=13 k=2 obstacle=0 disc=0
[SQP] after_solve iter=6 converged=1 status=0 iterations=4 primal_residual=3.35941e-10 dual_residual=8.55374e-06 x_size=16 x_finite=1
[SQP LINESEARCH] iter=6 current_violation=0 accepted_violation=0 accepted=1 alpha=1 delta_u_norm=0.122185
[SQP SUPPORT] iter=6 support_size=0 support_limit=-1 support_ok=1
[SQP] before_solve iter=7 vars=16 constraints=107 max_d=-0.0353217
[QP WORST] iter=7 row=5 type=collision d=-0.0353217
[QP WORST COLLISION] scenario=13 k=2 obstacle=0 disc=0
[SQP] after_solve iter=7 converged=1 status=0 iterations=4 primal_residual=1.47427e-09 dual_residual=1.29971e-05 x_size=16 x_finite=1
[SQP LINESEARCH] iter=7 current_violation=0 accepted_violation=0 accepted=1 alpha=1 delta_u_norm=0.114064
[SQP SUPPORT] iter=7 support_size=0 support_limit=-1 support_ok=1
[SQP] before_solve iter=8 vars=16 constraints=107 max_d=-0.032771
[QP WORST] iter=8 row=5 type=collision d=-0.032771
[QP WORST COLLISION] scenario=13 k=2 obstacle=0 disc=0
[SQP] after_solve iter=8 converged=1 status=0 iterations=4 primal_residual=5.50978e-10 dual_residual=1.19091e-05 x_size=16 x_finite=1
[SQP LINESEARCH] iter=8 current_violation=0 accepted_violation=0 accepted=1 alpha=1 delta_u_norm=0.107955
[SQP SUPPORT] iter=8 support_size=0 support_limit=-1 support_ok=1
[SQP] before_solve iter=9 vars=16 constraints=107 max_d=-0.0331281
[QP WORST] iter=9 row=5 type=collision d=-0.0331281
[QP WORST COLLISION] scenario=13 k=2 obstacle=0 disc=0
[SQP] after_solve iter=9 converged=1 status=0 iterations=4 primal_residual=1.50436e-09 dual_residual=1.49629e-05 x_size=16 x_finite=1
[SQP LINESEARCH] iter=9 current_violation=0 accepted_violation=0 accepted=1 alpha=1 delta_u_norm=0.101741
[SQP SUPPORT] iter=9 support_size=0 support_limit=-1 support_ok=1
[SQP FINAL] final_violation=0 violated_constraints=0
[SUPPORT FINAL] sqp_union=0 final_active=0 support_limit=-1
[SUPPORT FINAL IDS]
[SUPPORT UNION IDS]
[COLD START RECOVERY CHECK] ordinary_sqp_failed=0 seed_available=1 incompatible=0 try_homotopy=0
[HARNESS RESULT] step=39 success=1 controls=8 first_input_present=1
[MPC STEP METRICS] step=39 applied=1 success=1 fallback=0 a=-0.122239 omega=-0.361308 dt=0.1 acceleration_weight=0.1 steering_weight=0.1 control_cost_unweighted=0.145486 control_cost_weighted=0.0145486 mpc_cost=-16.521 solve_time=0.0362835 qp_solve_time=0.0230427 constraint_time=0.00718707 dro_risk_time=0.000484206 ambiguity_radius=0.00221935 certificate=not_requested
[EVAL SAFETY] step=40 min_center_distance=1.02304 min_clearance=0.0730356 collision_this_step=0 collision_run=0 collision_radius=0.95
[DRO SUMMARY] step=41 obstacle=0 S=40 rho=0.00218328 rho_raw=0.00218328 D_max=0.0115351 D_min=0.00578169 tv_bound=0.377621 eta=0.189273 eta_raw=0.189273 radius_m=41 radius_d=3 transport_cost=0 budget_usage=0 lambda=0 q_support=3 nominal_risk=0 qstar_risk=0 risk_lift=0 tv=0
[DRO MODE] step=41 obstacle=0 mode=constant_velocity p=0.223529 risk=0 q=0.223529 delta_q=0 q_times_S=8.94118
[DRO MODE] step=41 obstacle=0 mode=turn_left p=0.270588 risk=0 q=0.270588 delta_q=0 q_times_S=10.8235
[DRO MODE] step=41 obstacle=0 mode=turn_right p=0.505882 risk=0 q=0.505882 delta_q=0 q_times_S=20.2353
[DRO SAMPLE] step=41 obstacle=0 mode=constant_velocity q=0.223529 q_times_S=8.94118 first_count=10 first_fraction=0.25 occupancy=80 occupancy_fraction=0.25
[DRO SAMPLE] step=41 obstacle=0 mode=turn_left q=0.270588 q_times_S=10.8235 first_count=8 first_fraction=0.2 occupancy=64 occupancy_fraction=0.2
[DRO SAMPLE] step=41 obstacle=0 mode=turn_right q=0.505882 q_times_S=20.2353 first_count=22 first_fraction=0.55 occupancy=176 occupancy_fraction=0.55
[RF BACKUP] available=1 controls=8 states=9
[FREE POLY] k=1 disc=0 raw=40 facets=3 vertices=6 rho=4.8 anchor_shift=0
[FREE POLY] k=1 disc=1 raw=40 facets=0 vertices=4 rho=0.800001 anchor_shift=0
[FREE POLY] k=1 disc=2 raw=40 facets=4 vertices=7 rho=4.8 anchor_shift=0
[FREE POLY] k=2 disc=0 raw=40 facets=4 vertices=7 rho=5.6 anchor_shift=0
[FREE POLY] k=2 disc=1 raw=40 facets=0 vertices=4 rho=1.6 anchor_shift=0
[FREE POLY] k=2 disc=2 raw=40 facets=2 vertices=5 rho=5.6 anchor_shift=0
[FREE POLY] k=3 disc=0 raw=40 facets=4 vertices=7 rho=6.4 anchor_shift=0
[FREE POLY] k=3 disc=1 raw=40 facets=3 vertices=6 rho=2.4 anchor_shift=0
[FREE POLY] k=3 disc=2 raw=40 facets=3 vertices=6 rho=6.4 anchor_shift=0
[FREE POLY] k=4 disc=0 raw=40 facets=4 vertices=7 rho=7.2 anchor_shift=0
[FREE POLY] k=4 disc=1 raw=40 facets=3 vertices=6 rho=3.2 anchor_shift=0
[FREE POLY] k=4 disc=2 raw=40 facets=3 vertices=6 rho=7.2 anchor_shift=0
[FREE POLY] k=5 disc=0 raw=40 facets=4 vertices=7 rho=8 anchor_shift=0
[FREE POLY] k=5 disc=1 raw=40 facets=3 vertices=6 rho=4 anchor_shift=0
[FREE POLY] k=5 disc=2 raw=40 facets=3 vertices=6 rho=8 anchor_shift=0
[FREE POLY] k=6 disc=0 raw=40 facets=5 vertices=8 rho=8.8 anchor_shift=0
[FREE POLY] k=6 disc=1 raw=40 facets=3 vertices=6 rho=4.8 anchor_shift=0
[FREE POLY] k=6 disc=2 raw=40 facets=3 vertices=6 rho=8.8 anchor_shift=0
[FREE POLY] k=7 disc=0 raw=40 facets=5 vertices=8 rho=9.6 anchor_shift=0
[FREE POLY] k=7 disc=1 raw=40 facets=3 vertices=6 rho=5.6 anchor_shift=0
[FREE POLY] k=7 disc=2 raw=40 facets=3 vertices=6 rho=9.6 anchor_shift=0
[FREE POLY] k=8 disc=0 raw=40 facets=5 vertices=8 rho=10.4 anchor_shift=0
[FREE POLY] k=8 disc=1 raw=40 facets=3 vertices=6 rho=6.4 anchor_shift=0
[FREE POLY] k=8 disc=2 raw=40 facets=3 vertices=6 rho=10.4 anchor_shift=0
[RF SUPPORT SEED] removed=0 support_limit=-1
[SQP] before_solve iter=0 vars=16 constraints=108 max_d=-0.0410016
[QP WORST] iter=0 row=2 type=collision d=-0.0410016
[QP WORST COLLISION] scenario=23 k=1 obstacle=0 disc=0
[SQP] after_solve iter=0 converged=1 status=0 iterations=4 primal_residual=2.42941e-10 dual_residual=2.46673e-06 x_size=16 x_finite=1
[SQP LINESEARCH] iter=0 current_violation=0 accepted_violation=0 accepted=1 alpha=1 delta_u_norm=0.270965
[SQP SUPPORT] iter=0 support_size=0 support_limit=-1 support_ok=1
[SQP] before_solve iter=1 vars=16 constraints=108 max_d=-0.054113
[QP WORST] iter=1 row=2 type=collision d=-0.054113
[QP WORST COLLISION] scenario=23 k=1 obstacle=0 disc=0
[SQP] after_solve iter=1 converged=1 status=0 iterations=4 primal_residual=3.86794e-11 dual_residual=6.49221e-07 x_size=16 x_finite=1
[SQP LINESEARCH] iter=1 current_violation=0 accepted_violation=0 accepted=1 alpha=1 delta_u_norm=0.196056
[SQP SUPPORT] iter=1 support_size=0 support_limit=-1 support_ok=1
[SQP] before_solve iter=2 vars=16 constraints=108 max_d=-0.0486783
[QP WORST] iter=2 row=2 type=collision d=-0.0486783
[QP WORST COLLISION] scenario=23 k=1 obstacle=0 disc=0
[SQP] after_solve iter=2 converged=1 status=0 iterations=4 primal_residual=1.70511e-11 dual_residual=4.31526e-07 x_size=16 x_finite=1
[SQP LINESEARCH] iter=2 current_violation=0 accepted_violation=0 accepted=1 alpha=1 delta_u_norm=0.17005
[SQP SUPPORT] iter=2 support_size=0 support_limit=-1 support_ok=1
[SQP] before_solve iter=3 vars=16 constraints=108 max_d=-0.0541425
[QP WORST] iter=3 row=2 type=collision d=-0.0541425
[QP WORST COLLISION] scenario=23 k=1 obstacle=0 disc=0
[SQP] after_solve iter=3 converged=1 status=0 iterations=4 primal_residual=2.22626e-11 dual_residual=4.17128e-07 x_size=16 x_finite=1
[SQP LINESEARCH] iter=3 current_violation=0 accepted_violation=0 accepted=1 alpha=1 delta_u_norm=0.1505
[SQP SUPPORT] iter=3 support_size=0 support_limit=-1 support_ok=1
[SQP] before_solve iter=4 vars=16 constraints=108 max_d=-0.0510264
[QP WORST] iter=4 row=2 type=collision d=-0.0510264
[QP WORST COLLISION] scenario=23 k=1 obstacle=0 disc=0
[SQP] after_solve iter=4 converged=1 status=0 iterations=4 primal_residual=1.19843e-11 dual_residual=3.69565e-07 x_size=16 x_finite=1
[SQP LINESEARCH] iter=4 current_violation=0 accepted_violation=0 accepted=1 alpha=1 delta_u_norm=0.139242
[SQP SUPPORT] iter=4 support_size=0 support_limit=-1 support_ok=1
[SQP] before_solve iter=5 vars=16 constraints=108 max_d=-0.0535915
[QP WORST] iter=5 row=2 type=collision d=-0.0535915
[QP WORST COLLISION] scenario=23 k=1 obstacle=0 disc=0
[SQP] after_solve iter=5 converged=1 status=0 iterations=4 primal_residual=1.84605e-11 dual_residual=3.88645e-07 x_size=16 x_finite=1
[SQP LINESEARCH] iter=5 current_violation=0 accepted_violation=0 accepted=1 alpha=1 delta_u_norm=0.1281
[SQP SUPPORT] iter=5 support_size=0 support_limit=-1 support_ok=1
[SQP] before_solve iter=6 vars=16 constraints=108 max_d=-0.0519986
[QP WORST] iter=6 row=2 type=collision d=-0.0519986
[QP WORST COLLISION] scenario=23 k=1 obstacle=0 disc=0
[SQP] after_solve iter=6 converged=1 status=0 iterations=4 primal_residual=7.22394e-12 dual_residual=3.45981e-07 x_size=16 x_finite=1
[SQP LINESEARCH] iter=6 current_violation=0 accepted_violation=0 accepted=1 alpha=1 delta_u_norm=0.120509
[SQP SUPPORT] iter=6 support_size=0 support_limit=-1 support_ok=1
[SQP] before_solve iter=7 vars=16 constraints=108 max_d=-0.0533227
[QP WORST] iter=7 row=2 type=collision d=-0.0533227
[QP WORST COLLISION] scenario=23 k=1 obstacle=0 disc=0
[SQP] after_solve iter=7 converged=1 status=0 iterations=4 primal_residual=1.61703e-11 dual_residual=3.74195e-07 x_size=16 x_finite=1
[SQP LINESEARCH] iter=7 current_violation=0 accepted_violation=0 accepted=1 alpha=1 delta_u_norm=0.112843
[SQP SUPPORT] iter=7 support_size=0 support_limit=-1 support_ok=1
[SQP] before_solve iter=8 vars=16 constraints=108 max_d=-0.0525969
[QP WORST] iter=8 row=2 type=collision d=-0.0525969
[QP WORST COLLISION] scenario=23 k=1 obstacle=0 disc=0
[SQP] after_solve iter=8 converged=1 status=0 iterations=4 primal_residual=5.86168e-12 dual_residual=3.26429e-07 x_size=16 x_finite=1
[SQP LINESEARCH] iter=8 current_violation=0 accepted_violation=0 accepted=1 alpha=1 delta_u_norm=0.106798
[SQP SUPPORT] iter=8 support_size=0 support_limit=-1 support_ok=1
[SQP] before_solve iter=9 vars=16 constraints=108 max_d=-0.0533588
[QP WORST] iter=9 row=2 type=collision d=-0.0533588
[QP WORST COLLISION] scenario=23 k=1 obstacle=0 disc=0
[SQP] after_solve iter=9 converged=1 status=0 iterations=4 primal_residual=1.42323e-11 dual_residual=3.51161e-07 x_size=16 x_finite=1
[SQP LINESEARCH] iter=9 current_violation=0 accepted_violation=0 accepted=1 alpha=1 delta_u_norm=0.100825
[SQP SUPPORT] iter=9 support_size=0 support_limit=-1 support_ok=1
[SQP FINAL] final_violation=0 violated_constraints=0
[SUPPORT FINAL] sqp_union=0 final_active=0 support_limit=-1
[SUPPORT FINAL IDS]
[SUPPORT UNION IDS]
[COLD START RECOVERY CHECK] ordinary_sqp_failed=0 seed_available=1 incompatible=0 try_homotopy=0
[HARNESS RESULT] step=40 success=1 controls=8 first_input_present=1
[MPC STEP METRICS] step=40 applied=1 success=1 fallback=0 a=-0.0784398 omega=-0.321663 dt=0.1 acceleration_weight=0.1 steering_weight=0.1 control_cost_unweighted=0.10962 control_cost_weighted=0.010962 mpc_cost=-16.7965 solve_time=0.0362139 qp_solve_time=0.0229481 constraint_time=0.00732097 dro_risk_time=0.000404497 ambiguity_radius=0.00218328 certificate=not_requested
[EVAL SAFETY] step=41 min_center_distance=1.00943 min_clearance=0.0594263 collision_this_step=0 collision_run=0 collision_radius=0.95
[PATH COMPLETION] step=41 completion_progress=8.06405 path_length=25 fraction=0.322562 required_fraction=0.95 termination_enabled=1 completed=0
[DRO SUMMARY] step=42 obstacle=0 S=40 rho=0.00215612 rho_raw=0.00215612 D_max=0.0115351 D_min=0.00578169 tv_bound=0.372923 eta=0.186918 eta_raw=0.186918 radius_m=42 radius_d=3 transport_cost=0 budget_usage=0 lambda=0 q_support=3 nominal_risk=0 qstar_risk=0 risk_lift=0 tv=0
[DRO MODE] step=42 obstacle=0 mode=constant_velocity p=0.218391 risk=0 q=0.218391 delta_q=0 q_times_S=8.73563
[DRO MODE] step=42 obstacle=0 mode=turn_left p=0.264368 risk=0 q=0.264368 delta_q=0 q_times_S=10.5747
[DRO MODE] step=42 obstacle=0 mode=turn_right p=0.517241 risk=0 q=0.517241 delta_q=0 q_times_S=20.6897
[DRO SAMPLE] step=42 obstacle=0 mode=constant_velocity q=0.218391 q_times_S=8.73563 first_count=11 first_fraction=0.275 occupancy=88 occupancy_fraction=0.275
[DRO SAMPLE] step=42 obstacle=0 mode=turn_left q=0.264368 q_times_S=10.5747 first_count=12 first_fraction=0.3 occupancy=96 occupancy_fraction=0.3
[DRO SAMPLE] step=42 obstacle=0 mode=turn_right q=0.517241 q_times_S=20.6897 first_count=17 first_fraction=0.425 occupancy=136 occupancy_fraction=0.425
[RF BACKUP] available=1 controls=8 states=9
[FREE POLY] k=1 disc=0 raw=40 facets=5 vertices=8 rho=4.8 anchor_shift=0
[FREE POLY] k=1 disc=1 raw=40 facets=0 vertices=4 rho=0.800001 anchor_shift=0
[FREE POLY] k=1 disc=2 raw=40 facets=4 vertices=7 rho=4.8 anchor_shift=0
[FREE POLY] k=2 disc=0 raw=40 facets=6 vertices=9 rho=5.6 anchor_shift=0
[FREE POLY] k=2 disc=1 raw=40 facets=0 vertices=4 rho=1.6 anchor_shift=0
[FREE POLY] k=2 disc=2 raw=40 facets=5 vertices=8 rho=5.6 anchor_shift=0
[FREE POLY] k=3 disc=0 raw=40 facets=4 vertices=7 rho=6.4 anchor_shift=0
[FREE POLY] k=3 disc=1 raw=40 facets=2 vertices=5 rho=2.4 anchor_shift=0
[FREE POLY] k=3 disc=2 raw=40 facets=3 vertices=6 rho=6.4 anchor_shift=0
[FREE POLY] k=4 disc=0 raw=40 facets=4 vertices=7 rho=7.2 anchor_shift=0
[FREE POLY] k=4 disc=1 raw=40 facets=2 vertices=5 rho=3.2 anchor_shift=0
[FREE POLY] k=4 disc=2 raw=40 facets=3 vertices=6 rho=7.2 anchor_shift=0
[FREE POLY] k=5 disc=0 raw=40 facets=4 vertices=7 rho=8 anchor_shift=0
[FREE POLY] k=5 disc=1 raw=40 facets=4 vertices=7 rho=4 anchor_shift=0
[FREE POLY] k=5 disc=2 raw=40 facets=4 vertices=7 rho=8 anchor_shift=0
[FREE POLY] k=6 disc=0 raw=40 facets=5 vertices=8 rho=8.8 anchor_shift=0
[FREE POLY] k=6 disc=1 raw=40 facets=4 vertices=7 rho=4.8 anchor_shift=0
[FREE POLY] k=6 disc=2 raw=40 facets=5 vertices=8 rho=8.8 anchor_shift=0
[FREE POLY] k=7 disc=0 raw=40 facets=5 vertices=8 rho=9.6 anchor_shift=0
[FREE POLY] k=7 disc=1 raw=40 facets=3 vertices=6 rho=5.6 anchor_shift=0
[FREE POLY] k=7 disc=2 raw=40 facets=3 vertices=6 rho=9.6 anchor_shift=0
[FREE POLY] k=8 disc=0 raw=40 facets=3 vertices=6 rho=10.4 anchor_shift=0
[FREE POLY] k=8 disc=1 raw=40 facets=2 vertices=5 rho=6.4 anchor_shift=0
[FREE POLY] k=8 disc=2 raw=40 facets=2 vertices=5 rho=10.4 anchor_shift=0
[RF SUPPORT SEED] removed=0 support_limit=-1
[SQP] before_solve iter=0 vars=16 constraints=114 max_d=-0.0747491
[QP WORST] iter=0 row=3 type=collision d=-0.0747491
[QP WORST COLLISION] scenario=37 k=1 obstacle=0 disc=0
[SQP] after_solve iter=0 converged=1 status=0 iterations=3 primal_residual=8.08241e-09 dual_residual=6.72457e-06 x_size=16 x_finite=1
[SQP LINESEARCH] iter=0 current_violation=0 accepted_violation=0 accepted=1 alpha=1 delta_u_norm=0.260866
[SQP SUPPORT] iter=0 support_size=0 support_limit=-1 support_ok=1
[SQP] before_solve iter=1 vars=16 constraints=114 max_d=-0.0851626
[QP WORST] iter=1 row=3 type=collision d=-0.0851626
[QP WORST COLLISION] scenario=37 k=1 obstacle=0 disc=0
[SQP] after_solve iter=1 converged=1 status=0 iterations=3 primal_residual=1.56564e-09 dual_residual=5.90817e-06 x_size=16 x_finite=1
[SQP LINESEARCH] iter=1 current_violation=0 accepted_violation=0 accepted=1 alpha=1 delta_u_norm=0.190156
[SQP SUPPORT] iter=1 support_size=0 support_limit=-1 support_ok=1
[SQP] before_solve iter=2 vars=16 constraints=114 max_d=-0.0816156
[QP WORST] iter=2 row=3 type=collision d=-0.0816156
[QP WORST COLLISION] scenario=37 k=1 obstacle=0 disc=0
[SQP] after_solve iter=2 converged=1 status=0 iterations=3 primal_residual=1.11056e-09 dual_residual=1.78761e-06 x_size=16 x_finite=1
[SQP LINESEARCH] iter=2 current_violation=0 accepted_violation=0 accepted=1 alpha=1 delta_u_norm=0.165846
[SQP SUPPORT] iter=2 support_size=0 support_limit=-1 support_ok=1
[SQP] before_solve iter=3 vars=16 constraints=114 max_d=-0.0860092
[QP WORST] iter=3 row=3 type=collision d=-0.0860092
[QP WORST COLLISION] scenario=37 k=1 obstacle=0 disc=0
[SQP] after_solve iter=3 converged=1 status=0 iterations=3 primal_residual=5.78988e-10 dual_residual=2.3626e-06 x_size=16 x_finite=1
[SQP LINESEARCH] iter=3 current_violation=0 accepted_violation=0 accepted=1 alpha=1 delta_u_norm=0.14864
[SQP SUPPORT] iter=3 support_size=0 support_limit=-1 support_ok=1
[SQP] before_solve iter=4 vars=16 constraints=114 max_d=-0.0840099
[QP WORST] iter=4 row=3 type=collision d=-0.0840099
[QP WORST COLLISION] scenario=37 k=1 obstacle=0 disc=0
[SQP] after_solve iter=4 converged=1 status=0 iterations=3 primal_residual=4.06256e-10 dual_residual=1.06263e-06 x_size=16 x_finite=1
[SQP LINESEARCH] iter=4 current_violation=0 accepted_violation=0 accepted=1 alpha=1 delta_u_norm=0.137763
[SQP SUPPORT] iter=4 support_size=0 support_limit=-1 support_ok=1
[SQP] before_solve iter=5 vars=16 constraints=114 max_d=-0.0861309
[QP WORST] iter=5 row=3 type=collision d=-0.0861309
[QP WORST COLLISION] scenario=37 k=1 obstacle=0 disc=0
[SQP] after_solve iter=5 converged=1 status=0 iterations=3 primal_residual=2.52425e-10 dual_residual=1.17541e-06 x_size=16 x_finite=1
[SQP LINESEARCH] iter=5 current_violation=0 accepted_violation=0 accepted=1 alpha=1 delta_u_norm=0.127516
[SQP SUPPORT] iter=5 support_size=0 support_limit=-1 support_ok=1
[SQP] before_solve iter=6 vars=16 constraints=114 max_d=-0.0851683
[QP WORST] iter=6 row=3 type=collision d=-0.0851683
[QP WORST COLLISION] scenario=37 k=1 obstacle=0 disc=0
[SQP] after_solve iter=6 converged=1 status=0 iterations=3 primal_residual=1.74454e-10 dual_residual=6.59852e-07 x_size=16 x_finite=1
[SQP LINESEARCH] iter=6 current_violation=0 accepted_violation=0 accepted=1 alpha=1 delta_u_norm=0.119979
[SQP SUPPORT] iter=6 support_size=0 support_limit=-1 support_ok=1
[SQP] before_solve iter=7 vars=16 constraints=114 max_d=-0.0863016
[QP WORST] iter=7 row=3 type=collision d=-0.0863016
[QP WORST COLLISION] scenario=37 k=1 obstacle=0 disc=0
[SQP] after_solve iter=7 converged=1 status=0 iterations=3 primal_residual=1.22376e-10 dual_residual=6.42085e-07 x_size=16 x_finite=1
[SQP LINESEARCH] iter=7 current_violation=0 accepted_violation=0 accepted=1 alpha=1 delta_u_norm=0.112639
[SQP SUPPORT] iter=7 support_size=0 support_limit=-1 support_ok=1
[SQP] before_solve iter=8 vars=16 constraints=114 max_d=-0.0859175
[QP WORST] iter=8 row=3 type=collision d=-0.0859175
[QP WORST COLLISION] scenario=37 k=1 obstacle=0 disc=0
[SQP] after_solve iter=8 converged=1 status=0 iterations=3 primal_residual=7.99339e-11 dual_residual=4.05625e-07 x_size=16 x_finite=1
[SQP LINESEARCH] iter=8 current_violation=0 accepted_violation=0 accepted=1 alpha=1 delta_u_norm=0.106583
[SQP SUPPORT] iter=8 support_size=0 support_limit=-1 support_ok=1
[SQP] before_solve iter=9 vars=16 constraints=114 max_d=-0.086589
[QP WORST] iter=9 row=3 type=collision d=-0.086589
[QP WORST COLLISION] scenario=37 k=1 obstacle=0 disc=0
[SQP] after_solve iter=9 converged=1 status=0 iterations=3 primal_residual=6.27166e-11 dual_residual=3.64551e-07 x_size=16 x_finite=1
[SQP LINESEARCH] iter=9 current_violation=0 accepted_violation=0 accepted=1 alpha=1 delta_u_norm=0.100728
[SQP SUPPORT] iter=9 support_size=0 support_limit=-1 support_ok=1
[SQP FINAL] final_violation=0 violated_constraints=0
[SUPPORT FINAL] sqp_union=0 final_active=0 support_limit=-1
[SUPPORT FINAL IDS]
[SUPPORT UNION IDS]
[COLD START RECOVERY CHECK] ordinary_sqp_failed=0 seed_available=1 incompatible=0 try_homotopy=0
[HARNESS RESULT] step=41 success=1 controls=8 first_input_present=1
[MPC STEP METRICS] step=41 applied=1 success=1 fallback=0 a=-0.0355024 omega=-0.368192 dt=0.1 acceleration_weight=0.1 steering_weight=0.1 control_cost_unweighted=0.136826 control_cost_weighted=0.0136826 mpc_cost=-17.0054 solve_time=0.0362906 qp_solve_time=0.0230266 constraint_time=0.00733825 dro_risk_time=0.000412122 ambiguity_radius=0.00215612 certificate=not_requested
[EVAL SAFETY] step=42 min_center_distance=1.0405 min_clearance=0.0904958 collision_this_step=0 collision_run=0 collision_radius=0.95
[DRO SUMMARY] step=43 obstacle=0 S=40 rho=0.00213679 rho_raw=0.00213679 D_max=0.0115351 D_min=0.00578169 tv_bound=0.369578 eta=0.185242 eta_raw=0.185242 radius_m=43 radius_d=3 transport_cost=0 budget_usage=0 lambda=0 q_support=3 nominal_risk=0 qstar_risk=0 risk_lift=0 tv=0
[DRO MODE] step=43 obstacle=0 mode=constant_velocity p=0.213483 risk=0 q=0.213483 delta_q=0 q_times_S=8.53933
[DRO MODE] step=43 obstacle=0 mode=turn_left p=0.280899 risk=0 q=0.280899 delta_q=0 q_times_S=11.236
[DRO MODE] step=43 obstacle=0 mode=turn_right p=0.505618 risk=0 q=0.505618 delta_q=0 q_times_S=20.2247
[DRO SAMPLE] step=43 obstacle=0 mode=constant_velocity q=0.213483 q_times_S=8.53933 first_count=5 first_fraction=0.125 occupancy=40 occupancy_fraction=0.125
[DRO SAMPLE] step=43 obstacle=0 mode=turn_left q=0.280899 q_times_S=11.236 first_count=11 first_fraction=0.275 occupancy=88 occupancy_fraction=0.275
[DRO SAMPLE] step=43 obstacle=0 mode=turn_right q=0.505618 q_times_S=20.2247 first_count=24 first_fraction=0.6 occupancy=192 occupancy_fraction=0.6
[RF BACKUP] available=1 controls=8 states=9
[FREE POLY] k=1 disc=0 raw=40 facets=4 vertices=7 rho=4.8 anchor_shift=0
[FREE POLY] k=1 disc=1 raw=40 facets=0 vertices=4 rho=0.800001 anchor_shift=0
[FREE POLY] k=1 disc=2 raw=40 facets=3 vertices=6 rho=4.8 anchor_shift=0
[FREE POLY] k=2 disc=0 raw=40 facets=5 vertices=8 rho=5.6 anchor_shift=0
[FREE POLY] k=2 disc=1 raw=40 facets=0 vertices=4 rho=1.6 anchor_shift=0
[FREE POLY] k=2 disc=2 raw=40 facets=4 vertices=7 rho=5.6 anchor_shift=0
[FREE POLY] k=3 disc=0 raw=40 facets=5 vertices=8 rho=6.4 anchor_shift=0
[FREE POLY] k=3 disc=1 raw=40 facets=1 vertices=5 rho=2.4 anchor_shift=0
[FREE POLY] k=3 disc=2 raw=40 facets=3 vertices=6 rho=6.4 anchor_shift=0
[FREE POLY] k=4 disc=0 raw=40 facets=3 vertices=6 rho=7.2 anchor_shift=0
[FREE POLY] k=4 disc=1 raw=40 facets=3 vertices=6 rho=3.2 anchor_shift=0
[FREE POLY] k=4 disc=2 raw=40 facets=3 vertices=6 rho=7.2 anchor_shift=0
[FREE POLY] k=5 disc=0 raw=40 facets=3 vertices=6 rho=8 anchor_shift=0
[FREE POLY] k=5 disc=1 raw=40 facets=3 vertices=6 rho=4 anchor_shift=0
[FREE POLY] k=5 disc=2 raw=40 facets=3 vertices=6 rho=8 anchor_shift=0
[FREE POLY] k=6 disc=0 raw=40 facets=4 vertices=7 rho=8.8 anchor_shift=0
[FREE POLY] k=6 disc=1 raw=40 facets=3 vertices=6 rho=4.8 anchor_shift=0
[FREE POLY] k=6 disc=2 raw=40 facets=4 vertices=7 rho=8.8 anchor_shift=0
[FREE POLY] k=7 disc=0 raw=40 facets=4 vertices=7 rho=9.6 anchor_shift=0
[FREE POLY] k=7 disc=1 raw=40 facets=3 vertices=6 rho=5.6 anchor_shift=0
[FREE POLY] k=7 disc=2 raw=40 facets=3 vertices=6 rho=9.6 anchor_shift=0
[FREE POLY] k=8 disc=0 raw=40 facets=4 vertices=7 rho=10.4 anchor_shift=0
[FREE POLY] k=8 disc=1 raw=40 facets=2 vertices=5 rho=6.4 anchor_shift=0
[FREE POLY] k=8 disc=2 raw=40 facets=2 vertices=5 rho=10.4 anchor_shift=0
[RF SUPPORT SEED] removed=0 support_limit=-1
[SQP] before_solve iter=0 vars=16 constraints=104 max_d=-0.166036
[QP WORST] iter=0 row=2 type=collision d=-0.166036
[QP WORST COLLISION] scenario=4 k=1 obstacle=0 disc=0
[SQP] after_solve iter=0 converged=1 status=0 iterations=3 primal_residual=4.16334e-16 dual_residual=5.61706e-09 x_size=16 x_finite=1
[SQP LINESEARCH] iter=0 current_violation=0 accepted_violation=0 accepted=1 alpha=1 delta_u_norm=0.252267
[SQP SUPPORT] iter=0 support_size=0 support_limit=-1 support_ok=1
[SQP] before_solve iter=1 vars=16 constraints=104 max_d=-0.17342
[QP WORST] iter=1 row=2 type=collision d=-0.17342
[QP WORST COLLISION] scenario=4 k=1 obstacle=0 disc=0
[SQP] after_solve iter=1 converged=1 status=0 iterations=3 primal_residual=4.05925e-16 dual_residual=6.75807e-09 x_size=16 x_finite=1
[SQP LINESEARCH] iter=1 current_violation=0 accepted_violation=0 accepted=1 alpha=1 delta_u_norm=0.184723
[SQP SUPPORT] iter=1 support_size=0 support_limit=-1 support_ok=1
[SQP] before_solve iter=2 vars=16 constraints=104 max_d=-0.171078
[QP WORST] iter=2 row=2 type=collision d=-0.171078
[QP WORST COLLISION] scenario=4 k=1 obstacle=0 disc=0
[SQP] after_solve iter=2 converged=1 status=0 iterations=3 primal_residual=4.30645e-16 dual_residual=7.7843e-10 x_size=16 x_finite=1
[SQP LINESEARCH] iter=2 current_violation=0 accepted_violation=0 accepted=1 alpha=1 delta_u_norm=0.162518
[SQP SUPPORT] iter=2 support_size=0 support_limit=-1 support_ok=1
[SQP] before_solve iter=3 vars=16 constraints=104 max_d=-0.174217
[QP WORST] iter=3 row=2 type=collision d=-0.174217
[QP WORST COLLISION] scenario=4 k=1 obstacle=0 disc=0
[SQP] after_solve iter=3 converged=1 status=0 iterations=3 primal_residual=4.32163e-16 dual_residual=8.28046e-10 x_size=16 x_finite=1
[SQP LINESEARCH] iter=3 current_violation=0 accepted_violation=0 accepted=1 alpha=1 delta_u_norm=0.14701
[SQP SUPPORT] iter=3 support_size=0 support_limit=-1 support_ok=1
[SQP] before_solve iter=4 vars=16 constraints=104 max_d=-0.172945
[QP WORST] iter=4 row=2 type=collision d=-0.172945
[QP WORST COLLISION] scenario=4 k=1 obstacle=0 disc=0
[SQP] after_solve iter=4 converged=1 status=0 iterations=3 primal_residual=3.97035e-16 dual_residual=1.12094e-10 x_size=16 x_finite=1
[SQP LINESEARCH] iter=4 current_violation=0 accepted_violation=0 accepted=1 alpha=1 delta_u_norm=0.136605
[SQP SUPPORT] iter=4 support_size=0 support_limit=-1 support_ok=1
[SQP] before_solve iter=5 vars=16 constraints=104 max_d=-0.174508
[QP WORST] iter=5 row=2 type=collision d=-0.174508
[QP WORST COLLISION] scenario=4 k=1 obstacle=0 disc=0
[SQP] after_solve iter=5 converged=1 status=0 iterations=2 primal_residual=4.43276e-16 dual_residual=5.34402e-05 x_size=16 x_finite=1
[SQP LINESEARCH] iter=5 current_violation=0 accepted_violation=0 accepted=1 alpha=1 delta_u_norm=0.126854
[SQP SUPPORT] iter=5 support_size=0 support_limit=-1 support_ok=1
[SQP] before_solve iter=6 vars=16 constraints=104 max_d=-0.173946
[QP WORST] iter=6 row=2 type=collision d=-0.173946
[QP WORST COLLISION] scenario=4 k=1 obstacle=0 disc=0
[SQP] after_solve iter=6 converged=1 status=0 iterations=2 primal_residual=4.36608e-16 dual_residual=7.81009e-05 x_size=16 x_finite=1
[SQP LINESEARCH] iter=6 current_violation=0 accepted_violation=0 accepted=1 alpha=1 delta_u_norm=0.119343
[SQP SUPPORT] iter=6 support_size=0 support_limit=-1 support_ok=1
[SQP] before_solve iter=7 vars=16 constraints=104 max_d=-0.174766
[QP WORST] iter=7 row=2 type=collision d=-0.174766
[QP WORST COLLISION] scenario=4 k=1 obstacle=0 disc=0
[SQP] after_solve iter=7 converged=1 status=0 iterations=2 primal_residual=4.27067e-16 dual_residual=3.93799e-05 x_size=16 x_finite=1
[SQP LINESEARCH] iter=7 current_violation=0 accepted_violation=0 accepted=1 alpha=1 delta_u_norm=0.112312
[SQP SUPPORT] iter=7 support_size=0 support_limit=-1 support_ok=1
[SQP] before_solve iter=8 vars=16 constraints=104 max_d=-0.174621
[QP WORST] iter=8 row=2 type=collision d=-0.174621
[QP WORST COLLISION] scenario=4 k=1 obstacle=0 disc=0
[SQP] after_solve iter=8 converged=1 status=0 iterations=2 primal_residual=4.40728e-16 dual_residual=4.33296e-05 x_size=16 x_finite=1
[SQP LINESEARCH] iter=8 current_violation=0 accepted_violation=0 accepted=1 alpha=1 delta_u_norm=0.106264
[SQP SUPPORT] iter=8 support_size=0 support_limit=-1 support_ok=1
[SQP] before_solve iter=9 vars=16 constraints=104 max_d=-0.175131
[QP WORST] iter=9 row=2 type=collision d=-0.175131
[QP WORST COLLISION] scenario=4 k=1 obstacle=0 disc=0
[SQP] after_solve iter=9 converged=1 status=0 iterations=2 primal_residual=4.30211e-16 dual_residual=2.77485e-05 x_size=16 x_finite=1
[SQP LINESEARCH] iter=9 current_violation=0 accepted_violation=0 accepted=1 alpha=1 delta_u_norm=0.100542
[SQP SUPPORT] iter=9 support_size=0 support_limit=-1 support_ok=1
[SQP FINAL] final_violation=0 violated_constraints=0
[SUPPORT FINAL] sqp_union=0 final_active=0 support_limit=-1
[SUPPORT FINAL IDS]
[SUPPORT UNION IDS]
[COLD START RECOVERY CHECK] ordinary_sqp_failed=0 seed_available=1 incompatible=0 try_homotopy=0
[HARNESS RESULT] step=42 success=1 controls=8 first_input_present=1
[MPC STEP METRICS] step=42 applied=1 success=1 fallback=0 a=-0.0508745 omega=-0.310633 dt=0.1 acceleration_weight=0.1 steering_weight=0.1 control_cost_unweighted=0.0990812 control_cost_weighted=0.00990812 mpc_cost=-17.1642 solve_time=0.0352312 qp_solve_time=0.0220472 constraint_time=0.00724367 dro_risk_time=0.000444663 ambiguity_radius=0.00213679 certificate=not_requested
[EVAL SAFETY] step=43 min_center_distance=1.12835 min_clearance=0.178353 collision_this_step=0 collision_run=0 collision_radius=0.95
[DRO SUMMARY] step=44 obstacle=0 S=40 rho=0.00210408 rho_raw=0.00210408 D_max=0.0115351 D_min=0.00578169 tv_bound=0.363922 eta=0.182407 eta_raw=0.182407 radius_m=44 radius_d=3 transport_cost=0 budget_usage=0 lambda=0 q_support=3 nominal_risk=0 qstar_risk=0 risk_lift=0 tv=0
[DRO MODE] step=44 obstacle=0 mode=constant_velocity p=0.230769 risk=0 q=0.230769 delta_q=0 q_times_S=9.23077
[DRO MODE] step=44 obstacle=0 mode=turn_left p=0.274725 risk=0 q=0.274725 delta_q=0 q_times_S=10.989
[DRO MODE] step=44 obstacle=0 mode=turn_right p=0.494505 risk=0 q=0.494505 delta_q=0 q_times_S=19.7802
[DRO SAMPLE] step=44 obstacle=0 mode=constant_velocity q=0.230769 q_times_S=9.23077 first_count=14 first_fraction=0.35 occupancy=112 occupancy_fraction=0.35
[DRO SAMPLE] step=44 obstacle=0 mode=turn_left q=0.274725 q_times_S=10.989 first_count=9 first_fraction=0.225 occupancy=72 occupancy_fraction=0.225
[DRO SAMPLE] step=44 obstacle=0 mode=turn_right q=0.494505 q_times_S=19.7802 first_count=17 first_fraction=0.425 occupancy=136 occupancy_fraction=0.425
[RF BACKUP] available=1 controls=8 states=9
[FREE POLY] k=1 disc=0 raw=40 facets=4 vertices=7 rho=4.8 anchor_shift=0
[FREE POLY] k=1 disc=1 raw=40 facets=0 vertices=4 rho=0.800001 anchor_shift=0
[FREE POLY] k=1 disc=2 raw=40 facets=2 vertices=5 rho=4.8 anchor_shift=0
[FREE POLY] k=2 disc=0 raw=40 facets=3 vertices=6 rho=5.6 anchor_shift=0
[FREE POLY] k=2 disc=1 raw=40 facets=0 vertices=4 rho=1.6 anchor_shift=0
[FREE POLY] k=2 disc=2 raw=40 facets=3 vertices=6 rho=5.6 anchor_shift=0
[FREE POLY] k=3 disc=0 raw=40 facets=3 vertices=6 rho=6.4 anchor_shift=0
[FREE POLY] k=3 disc=1 raw=40 facets=0 vertices=4 rho=2.4 anchor_shift=0
[FREE POLY] k=3 disc=2 raw=40 facets=3 vertices=6 rho=6.4 anchor_shift=0
[FREE POLY] k=4 disc=0 raw=40 facets=4 vertices=7 rho=7.2 anchor_shift=0
[FREE POLY] k=4 disc=1 raw=40 facets=3 vertices=6 rho=3.2 anchor_shift=0
[FREE POLY] k=4 disc=2 raw=40 facets=4 vertices=7 rho=7.2 anchor_shift=0
[FREE POLY] k=5 disc=0 raw=40 facets=4 vertices=7 rho=8 anchor_shift=0
[FREE POLY] k=5 disc=1 raw=40 facets=4 vertices=7 rho=4 anchor_shift=0
[FREE POLY] k=5 disc=2 raw=40 facets=4 vertices=7 rho=8 anchor_shift=0
[FREE POLY] k=6 disc=0 raw=40 facets=4 vertices=7 rho=8.8 anchor_shift=0
[FREE POLY] k=6 disc=1 raw=40 facets=4 vertices=7 rho=4.8 anchor_shift=0
[FREE POLY] k=6 disc=2 raw=40 facets=4 vertices=7 rho=8.8 anchor_shift=0
[FREE POLY] k=7 disc=0 raw=40 facets=4 vertices=7 rho=9.6 anchor_shift=0
[FREE POLY] k=7 disc=1 raw=40 facets=4 vertices=7 rho=5.6 anchor_shift=0
[FREE POLY] k=7 disc=2 raw=40 facets=4 vertices=7 rho=9.6 anchor_shift=0
[FREE POLY] k=8 disc=0 raw=40 facets=4 vertices=7 rho=10.4 anchor_shift=0
[FREE POLY] k=8 disc=1 raw=40 facets=4 vertices=7 rho=6.4 anchor_shift=0
[FREE POLY] k=8 disc=2 raw=40 facets=4 vertices=7 rho=10.4 anchor_shift=0
[RF SUPPORT SEED] removed=0 support_limit=-1
[SQP] before_solve iter=0 vars=16 constraints=109 max_d=-0.289888
[QP WORST] iter=0 row=2 type=collision d=-0.289888
[QP WORST COLLISION] scenario=19 k=1 obstacle=0 disc=0
[SQP] after_solve iter=0 converged=1 status=0 iterations=3 primal_residual=4.40186e-16 dual_residual=9.08494e-10 x_size=16 x_finite=1
[SQP LINESEARCH] iter=0 current_violation=0 accepted_violation=0 accepted=1 alpha=1 delta_u_norm=0.245683
[SQP SUPPORT] iter=0 support_size=0 support_limit=-1 support_ok=1
[SQP] before_solve iter=1 vars=16 constraints=109 max_d=-0.294868
[QP WORST] iter=1 row=2 type=collision d=-0.294868
[QP WORST COLLISION] scenario=19 k=1 obstacle=0 disc=0
[SQP] after_solve iter=1 converged=1 status=0 iterations=3 primal_residual=4.3715e-16 dual_residual=1.94467e-09 x_size=16 x_finite=1
[SQP LINESEARCH] iter=1 current_violation=0 accepted_violation=0 accepted=1 alpha=1 delta_u_norm=0.180552
[SQP SUPPORT] iter=1 support_size=0 support_limit=-1 support_ok=1
[SQP] before_solve iter=2 vars=16 constraints=109 max_d=-0.29329
[QP WORST] iter=2 row=2 type=collision d=-0.29329
[QP WORST COLLISION] scenario=19 k=1 obstacle=0 disc=0
[SQP] after_solve iter=2 converged=1 status=0 iterations=2 primal_residual=4.42842e-16 dual_residual=8.98103e-05 x_size=16 x_finite=1
[SQP LINESEARCH] iter=2 current_violation=0 accepted_violation=0 accepted=1 alpha=1 delta_u_norm=0.159542
[SQP SUPPORT] iter=2 support_size=0 support_limit=-1 support_ok=1
[SQP] before_solve iter=3 vars=16 constraints=109 max_d=-0.295328
[QP WORST] iter=3 row=2 type=collision d=-0.295328
[QP WORST COLLISION] scenario=19 k=1 obstacle=0 disc=0
[SQP] after_solve iter=3 converged=1 status=0 iterations=2 primal_residual=4.44089e-16 dual_residual=4.4749e-05 x_size=16 x_finite=1
[SQP LINESEARCH] iter=3 current_violation=0 accepted_violation=0 accepted=1 alpha=1 delta_u_norm=0.145404
[SQP SUPPORT] iter=3 support_size=0 support_limit=-1 support_ok=1
[SQP] before_solve iter=4 vars=16 constraints=109 max_d=-0.294489
[QP WORST] iter=4 row=2 type=collision d=-0.294489
[QP WORST COLLISION] scenario=19 k=1 obstacle=0 disc=0
[SQP] after_solve iter=4 converged=1 status=0 iterations=2 primal_residual=4.43113e-16 dual_residual=4.86534e-05 x_size=16 x_finite=1
[SQP LINESEARCH] iter=4 current_violation=0 accepted_violation=0 accepted=1 alpha=1 delta_u_norm=0.135322
[SQP SUPPORT] iter=4 support_size=0 support_limit=-1 support_ok=1
[SQP] before_solve iter=5 vars=16 constraints=109 max_d=-0.29547
[QP WORST] iter=5 row=2 type=collision d=-0.29547
[QP WORST COLLISION] scenario=19 k=1 obstacle=0 disc=0
[SQP] after_solve iter=5 converged=1 status=0 iterations=2 primal_residual=4.42354e-16 dual_residual=2.45255e-05 x_size=16 x_finite=1
[SQP LINESEARCH] iter=5 current_violation=0 accepted_violation=0 accepted=1 alpha=1 delta_u_norm=0.126306
[SQP SUPPORT] iter=5 support_size=0 support_limit=-1 support_ok=1
[SQP] before_solve iter=6 vars=16 constraints=109 max_d=-0.295146
[QP WORST] iter=6 row=2 type=collision d=-0.295146
[QP WORST COLLISION] scenario=19 k=1 obstacle=0 disc=0
[SQP] after_solve iter=6 converged=1 status=0 iterations=2 primal_residual=4.41053e-16 dual_residual=2.78115e-05 x_size=16 x_finite=1
[SQP LINESEARCH] iter=6 current_violation=0 accepted_violation=0 accepted=1 alpha=1 delta_u_norm=0.118949
[SQP SUPPORT] iter=6 support_size=0 support_limit=-1 support_ok=1
[SQP] before_solve iter=7 vars=16 constraints=109 max_d=-0.295696
[QP WORST] iter=7 row=2 type=collision d=-0.295696
[QP WORST COLLISION] scenario=19 k=1 obstacle=0 disc=0
[SQP] after_solve iter=7 converged=1 status=0 iterations=2 primal_residual=4.26742e-16 dual_residual=1.73175e-05 x_size=16 x_finite=1
[SQP LINESEARCH] iter=7 current_violation=0 accepted_violation=0 accepted=1 alpha=1 delta_u_norm=0.112083
[SQP SUPPORT] iter=7 support_size=0 support_limit=-1 support_ok=1
[SQP] before_solve iter=8 vars=16 constraints=109 max_d=-0.295637
[QP WORST] iter=8 row=2 type=collision d=-0.295637
[QP WORST COLLISION] scenario=19 k=1 obstacle=0 disc=0
[SQP] after_solve iter=8 converged=1 status=0 iterations=2 primal_residual=4.3921e-16 dual_residual=1.70312e-05 x_size=16 x_finite=1
[SQP LINESEARCH] iter=8 current_violation=0 accepted_violation=0 accepted=1 alpha=1 delta_u_norm=0.106061
[SQP SUPPORT] iter=8 support_size=0 support_limit=-1 support_ok=1
[SQP] before_solve iter=9 vars=16 constraints=109 max_d=-0.295998
[QP WORST] iter=9 row=2 type=collision d=-0.295998
[QP WORST COLLISION] scenario=19 k=1 obstacle=0 disc=0
[SQP] after_solve iter=9 converged=1 status=0 iterations=2 primal_residual=4.42029e-16 dual_residual=1.19436e-05 x_size=16 x_finite=1
[SQP LINESEARCH] iter=9 current_violation=0 accepted_violation=0 accepted=1 alpha=1 delta_u_norm=0.100398
[SQP SUPPORT] iter=9 support_size=0 support_limit=-1 support_ok=1
[SQP FINAL] final_violation=0 violated_constraints=0
[SUPPORT FINAL] sqp_union=0 final_active=0 support_limit=-1
[SUPPORT FINAL IDS]
[SUPPORT UNION IDS]
[COLD START RECOVERY CHECK] ordinary_sqp_failed=0 seed_available=1 incompatible=0 try_homotopy=0
[HARNESS RESULT] step=43 success=1 controls=8 first_input_present=1
[MPC STEP METRICS] step=43 applied=1 success=1 fallback=0 a=-0.0228394 omega=-0.285691 dt=0.1 acceleration_weight=0.1 steering_weight=0.1 control_cost_unweighted=0.0821412 control_cost_weighted=0.00821412 mpc_cost=-17.281 solve_time=0.0353253 qp_solve_time=0.0222903 constraint_time=0.00708876 dro_risk_time=0.0004059 ambiguity_radius=0.00210408 certificate=not_requested
[EVAL SAFETY] step=44 min_center_distance=1.25413 min_clearance=0.304128 collision_this_step=0 collision_run=0 collision_radius=0.95
[DRO SUMMARY] step=45 obstacle=0 S=40 rho=0.00207206 rho_raw=0.00207206 D_max=0.0115351 D_min=0.00578169 tv_bound=0.358383 eta=0.179631 eta_raw=0.179631 radius_m=45 radius_d=3 transport_cost=0 budget_usage=0 lambda=0 q_support=3 nominal_risk=0 qstar_risk=0 risk_lift=0 tv=0
[DRO MODE] step=45 obstacle=0 mode=constant_velocity p=0.247312 risk=0 q=0.247312 delta_q=0 q_times_S=9.89247
[DRO MODE] step=45 obstacle=0 mode=turn_left p=0.268817 risk=0 q=0.268817 delta_q=0 q_times_S=10.7527
[DRO MODE] step=45 obstacle=0 mode=turn_right p=0.483871 risk=0 q=0.483871 delta_q=0 q_times_S=19.3548
[DRO SAMPLE] step=45 obstacle=0 mode=constant_velocity q=0.247312 q_times_S=9.89247 first_count=12 first_fraction=0.3 occupancy=96 occupancy_fraction=0.3
[DRO SAMPLE] step=45 obstacle=0 mode=turn_left q=0.268817 q_times_S=10.7527 first_count=11 first_fraction=0.275 occupancy=88 occupancy_fraction=0.275
[DRO SAMPLE] step=45 obstacle=0 mode=turn_right q=0.483871 q_times_S=19.3548 first_count=17 first_fraction=0.425 occupancy=136 occupancy_fraction=0.425
[RF BACKUP] available=1 controls=8 states=9
[FREE POLY] k=1 disc=0 raw=40 facets=3 vertices=6 rho=4.8 anchor_shift=0
[FREE POLY] k=1 disc=1 raw=40 facets=0 vertices=4 rho=0.800001 anchor_shift=0
[FREE POLY] k=1 disc=2 raw=40 facets=2 vertices=5 rho=4.8 anchor_shift=0
[FREE POLY] k=2 disc=0 raw=40 facets=3 vertices=6 rho=5.6 anchor_shift=0
[FREE POLY] k=2 disc=1 raw=40 facets=0 vertices=4 rho=1.6 anchor_shift=0
[FREE POLY] k=2 disc=2 raw=40 facets=2 vertices=5 rho=5.6 anchor_shift=0
[FREE POLY] k=3 disc=0 raw=40 facets=4 vertices=7 rho=6.4 anchor_shift=0
[FREE POLY] k=3 disc=1 raw=40 facets=0 vertices=4 rho=2.4 anchor_shift=0
[FREE POLY] k=3 disc=2 raw=40 facets=3 vertices=6 rho=6.4 anchor_shift=0
[FREE POLY] k=4 disc=0 raw=40 facets=5 vertices=8 rho=7.2 anchor_shift=0
[FREE POLY] k=4 disc=1 raw=40 facets=2 vertices=5 rho=3.2 anchor_shift=0
[FREE POLY] k=4 disc=2 raw=40 facets=3 vertices=6 rho=7.2 anchor_shift=0
[FREE POLY] k=5 disc=0 raw=40 facets=4 vertices=7 rho=8 anchor_shift=0
[FREE POLY] k=5 disc=1 raw=40 facets=2 vertices=5 rho=4 anchor_shift=0
[FREE POLY] k=5 disc=2 raw=40 facets=2 vertices=5 rho=8 anchor_shift=0
[FREE POLY] k=6 disc=0 raw=40 facets=4 vertices=7 rho=8.8 anchor_shift=0
[FREE POLY] k=6 disc=1 raw=40 facets=2 vertices=5 rho=4.8 anchor_shift=0
[FREE POLY] k=6 disc=2 raw=40 facets=2 vertices=5 rho=8.8 anchor_shift=0
[FREE POLY] k=7 disc=0 raw=40 facets=4 vertices=7 rho=9.6 anchor_shift=0
[FREE POLY] k=7 disc=1 raw=40 facets=2 vertices=5 rho=5.6 anchor_shift=0
[FREE POLY] k=7 disc=2 raw=40 facets=2 vertices=5 rho=9.6 anchor_shift=0
[FREE POLY] k=8 disc=0 raw=40 facets=4 vertices=7 rho=10.4 anchor_shift=0
[FREE POLY] k=8 disc=1 raw=40 facets=2 vertices=5 rho=6.4 anchor_shift=0
[FREE POLY] k=8 disc=2 raw=40 facets=2 vertices=5 rho=10.4 anchor_shift=0
[RF SUPPORT SEED] removed=0 support_limit=-1
[SQP] before_solve iter=0 vars=16 constraints=91 max_d=-0.45144
[QP WORST] iter=0 row=2 type=collision d=-0.45144
[QP WORST COLLISION] scenario=38 k=1 obstacle=0 disc=0
[SQP] after_solve iter=0 converged=1 status=0 iterations=2 primal_residual=4.38777e-16 dual_residual=9.55561e-05 x_size=16 x_finite=1
[SQP LINESEARCH] iter=0 current_violation=0 accepted_violation=0 accepted=1 alpha=1 delta_u_norm=0.240242
[SQP SUPPORT] iter=0 support_size=0 support_limit=-1 support_ok=1
[SQP] before_solve iter=1 vars=16 constraints=91 max_d=-0.454764
[QP WORST] iter=1 row=2 type=collision d=-0.454764
[QP WORST COLLISION] scenario=38 k=1 obstacle=0 disc=0
[SQP] after_solve iter=1 converged=1 status=0 iterations=2 primal_residual=4.41921e-16 dual_residual=7.64378e-05 x_size=16 x_finite=1
[SQP LINESEARCH] iter=1 current_violation=0 accepted_violation=0 accepted=1 alpha=1 delta_u_norm=0.176901
[SQP SUPPORT] iter=1 support_size=0 support_limit=-1 support_ok=1
[SQP] before_solve iter=2 vars=16 constraints=91 max_d=-0.45362
[QP WORST] iter=2 row=2 type=collision d=-0.45362
[QP WORST COLLISION] scenario=38 k=1 obstacle=0 disc=0
[SQP] after_solve iter=2 converged=1 status=0 iterations=2 primal_residual=4.30211e-16 dual_residual=5.53727e-05 x_size=16 x_finite=1
[SQP LINESEARCH] iter=2 current_violation=0 accepted_violation=0 accepted=1 alpha=1 delta_u_norm=0.157434
[SQP SUPPORT] iter=2 support_size=0 support_limit=-1 support_ok=1
[SQP] before_solve iter=3 vars=16 constraints=91 max_d=-0.45488
[QP WORST] iter=3 row=2 type=collision d=-0.45488
[QP WORST COLLISION] scenario=38 k=1 obstacle=0 disc=0
[SQP] after_solve iter=3 converged=1 status=0 iterations=2 primal_residual=4.30211e-16 dual_residual=3.28169e-05 x_size=16 x_finite=1
[SQP LINESEARCH] iter=3 current_violation=0 accepted_violation=0 accepted=1 alpha=1 delta_u_norm=0.144409
[SQP SUPPORT] iter=3 support_size=0 support_limit=-1 support_ok=1
[SQP] before_solve iter=4 vars=16 constraints=91 max_d=-0.454281
[QP WORST] iter=4 row=2 type=collision d=-0.454281
[QP WORST COLLISION] scenario=38 k=1 obstacle=0 disc=0
[SQP] after_solve iter=4 converged=1 status=0 iterations=2 primal_residual=4.01372e-16 dual_residual=3.12762e-05 x_size=16 x_finite=1
[SQP LINESEARCH] iter=4 current_violation=0 accepted_violation=0 accepted=1 alpha=1 delta_u_norm=0.134685
[SQP SUPPORT] iter=4 support_size=0 support_limit=-1 support_ok=1
[SQP] before_solve iter=5 vars=16 constraints=91 max_d=-0.454856
[QP WORST] iter=5 row=2 type=collision d=-0.454856
[QP WORST COLLISION] scenario=38 k=1 obstacle=0 disc=0
[SQP] after_solve iter=5 converged=1 status=0 iterations=2 primal_residual=4.28544e-16 dual_residual=1.78287e-05 x_size=16 x_finite=1
[SQP LINESEARCH] iter=5 current_violation=0 accepted_violation=0 accepted=1 alpha=1 delta_u_norm=0.125992
[SQP SUPPORT] iter=5 support_size=0 support_limit=-1 support_ok=1
[SQP] before_solve iter=6 vars=16 constraints=91 max_d=-0.454593
[QP WORST] iter=6 row=2 type=collision d=-0.454593
[QP WORST COLLISION] scenario=38 k=1 obstacle=0 disc=0
[SQP] after_solve iter=6 converged=1 status=0 iterations=2 primal_residual=4.17743e-16 dual_residual=1.88422e-05 x_size=16 x_finite=1
[SQP LINESEARCH] iter=6 current_violation=0 accepted_violation=0 accepted=1 alpha=1 delta_u_norm=0.118701
[SQP SUPPORT] iter=6 support_size=0 support_limit=-1 support_ok=1
[SQP] before_solve iter=7 vars=16 constraints=91 max_d=-0.454898
[QP WORST] iter=7 row=2 type=collision d=-0.454898
[QP WORST COLLISION] scenario=38 k=1 obstacle=0 disc=0
[SQP] after_solve iter=7 converged=1 status=0 iterations=2 primal_residual=4.20748e-16 dual_residual=1.25157e-05 x_size=16 x_finite=1
[SQP LINESEARCH] iter=7 current_violation=0 accepted_violation=0 accepted=1 alpha=1 delta_u_norm=0.111936
[SQP SUPPORT] iter=7 support_size=0 support_limit=-1 support_ok=1
[SQP] before_solve iter=8 vars=16 constraints=91 max_d=-0.454812
[QP WORST] iter=8 row=2 type=collision d=-0.454812
[QP WORST COLLISION] scenario=38 k=1 obstacle=0 disc=0
[SQP] after_solve iter=8 converged=1 status=0 iterations=2 primal_residual=4.38885e-16 dual_residual=1.19197e-05 x_size=16 x_finite=1
[SQP LINESEARCH] iter=8 current_violation=0 accepted_violation=0 accepted=1 alpha=1 delta_u_norm=0.105926
[SQP SUPPORT] iter=8 support_size=0 support_limit=-1 support_ok=1
[SQP] before_solve iter=9 vars=16 constraints=91 max_d=-0.455003
[QP WORST] iter=9 row=2 type=collision d=-0.455003
[QP WORST COLLISION] scenario=38 k=1 obstacle=0 disc=0
[SQP] after_solve iter=9 converged=1 status=0 iterations=2 primal_residual=4.34521e-16 dual_residual=8.68742e-06 x_size=16 x_finite=1
[SQP LINESEARCH] iter=9 current_violation=0 accepted_violation=0 accepted=1 alpha=1 delta_u_norm=0.100298
[SQP SUPPORT] iter=9 support_size=0 support_limit=-1 support_ok=1
[SQP FINAL] final_violation=0 violated_constraints=0
[SUPPORT FINAL] sqp_union=0 final_active=0 support_limit=-1
[SUPPORT FINAL IDS]
[SUPPORT UNION IDS]
[COLD START RECOVERY CHECK] ordinary_sqp_failed=0 seed_available=1 incompatible=0 try_homotopy=0
[HARNESS RESULT] step=44 success=1 controls=8 first_input_present=1
[MPC STEP METRICS] step=44 applied=1 success=1 fallback=0 a=-0.021422 omega=-0.1905 dt=0.1 acceleration_weight=0.1 steering_weight=0.1 control_cost_unweighted=0.0367491 control_cost_weighted=0.00367491 mpc_cost=-17.3652 solve_time=0.0339735 qp_solve_time=0.0210977 constraint_time=0.0069841 dro_risk_time=0.000431688 ambiguity_radius=0.00207206 certificate=not_requested
[EVAL SAFETY] step=45 min_center_distance=1.41163 min_clearance=0.461632 collision_this_step=0 collision_run=0 collision_radius=0.95
[DRO SUMMARY] step=46 obstacle=0 S=40 rho=0.00204933 rho_raw=0.00204933 D_max=0.0115351 D_min=0.00578169 tv_bound=0.354451 eta=0.17766 eta_raw=0.17766 radius_m=46 radius_d=3 transport_cost=0 budget_usage=0 lambda=0 q_support=3 nominal_risk=0 qstar_risk=0 risk_lift=0 tv=0
[DRO MODE] step=46 obstacle=0 mode=constant_velocity p=0.242105 risk=0 q=0.242105 delta_q=0 q_times_S=9.68421
[DRO MODE] step=46 obstacle=0 mode=turn_left p=0.263158 risk=0 q=0.263158 delta_q=0 q_times_S=10.5263
[DRO MODE] step=46 obstacle=0 mode=turn_right p=0.494737 risk=0 q=0.494737 delta_q=0 q_times_S=19.7895
[DRO SAMPLE] step=46 obstacle=0 mode=constant_velocity q=0.242105 q_times_S=9.68421 first_count=8 first_fraction=0.2 occupancy=64 occupancy_fraction=0.2
[DRO SAMPLE] step=46 obstacle=0 mode=turn_left q=0.263158 q_times_S=10.5263 first_count=8 first_fraction=0.2 occupancy=64 occupancy_fraction=0.2
[DRO SAMPLE] step=46 obstacle=0 mode=turn_right q=0.494737 q_times_S=19.7895 first_count=24 first_fraction=0.6 occupancy=192 occupancy_fraction=0.6
[RF BACKUP] available=1 controls=8 states=9
[FREE POLY] k=1 disc=0 raw=40 facets=3 vertices=6 rho=4.8 anchor_shift=0
[FREE POLY] k=1 disc=1 raw=40 facets=0 vertices=4 rho=0.800001 anchor_shift=0
[FREE POLY] k=1 disc=2 raw=40 facets=3 vertices=6 rho=4.8 anchor_shift=0
[FREE POLY] k=2 disc=0 raw=40 facets=3 vertices=6 rho=5.6 anchor_shift=0
[FREE POLY] k=2 disc=1 raw=40 facets=0 vertices=4 rho=1.6 anchor_shift=0
[FREE POLY] k=2 disc=2 raw=40 facets=2 vertices=5 rho=5.6 anchor_shift=0
[FREE POLY] k=3 disc=0 raw=40 facets=4 vertices=7 rho=6.4 anchor_shift=0
[FREE POLY] k=3 disc=1 raw=40 facets=0 vertices=4 rho=2.4 anchor_shift=0
[FREE POLY] k=3 disc=2 raw=40 facets=2 vertices=5 rho=6.4 anchor_shift=0
[FREE POLY] k=4 disc=0 raw=40 facets=4 vertices=7 rho=7.2 anchor_shift=0
[FREE POLY] k=4 disc=1 raw=40 facets=1 vertices=4 rho=3.2 anchor_shift=0
[FREE POLY] k=4 disc=2 raw=40 facets=3 vertices=6 rho=7.2 anchor_shift=0
[FREE POLY] k=5 disc=0 raw=40 facets=5 vertices=8 rho=8 anchor_shift=0
[FREE POLY] k=5 disc=1 raw=40 facets=2 vertices=5 rho=4 anchor_shift=0
[FREE POLY] k=5 disc=2 raw=40 facets=3 vertices=6 rho=8 anchor_shift=0
[FREE POLY] k=6 disc=0 raw=40 facets=4 vertices=7 rho=8.8 anchor_shift=0
[FREE POLY] k=6 disc=1 raw=40 facets=2 vertices=5 rho=4.8 anchor_shift=0
[FREE POLY] k=6 disc=2 raw=40 facets=3 vertices=6 rho=8.8 anchor_shift=0
[FREE POLY] k=7 disc=0 raw=40 facets=4 vertices=7 rho=9.6 anchor_shift=0
[FREE POLY] k=7 disc=1 raw=40 facets=3 vertices=6 rho=5.6 anchor_shift=0
[FREE POLY] k=7 disc=2 raw=40 facets=3 vertices=6 rho=9.6 anchor_shift=0
[FREE POLY] k=8 disc=0 raw=40 facets=4 vertices=7 rho=10.4 anchor_shift=0
[FREE POLY] k=8 disc=1 raw=40 facets=3 vertices=6 rho=6.4 anchor_shift=0
[FREE POLY] k=8 disc=2 raw=40 facets=3 vertices=6 rho=10.4 anchor_shift=0
[RF SUPPORT SEED] removed=0 support_limit=-1
[SQP] before_solve iter=0 vars=16 constraints=96 max_d=-0.622155
[QP WORST] iter=0 row=1 type=collision d=-0.622155
[QP WORST COLLISION] scenario=15 k=1 obstacle=0 disc=0
[SQP] after_solve iter=0 converged=1 status=0 iterations=2 primal_residual=4.44089e-16 dual_residual=8.20109e-05 x_size=16 x_finite=1
[SQP LINESEARCH] iter=0 current_violation=0 accepted_violation=0 accepted=1 alpha=1 delta_u_norm=0.236957
[SQP SUPPORT] iter=0 support_size=0 support_limit=-1 support_ok=1
[SQP] before_solve iter=1 vars=16 constraints=96 max_d=-0.624435
[QP WORST] iter=1 row=1 type=collision d=-0.624435
[QP WORST COLLISION] scenario=15 k=1 obstacle=0 disc=0
[SQP] after_solve iter=1 converged=1 status=0 iterations=2 primal_residual=4.31946e-16 dual_residual=6.11474e-05 x_size=16 x_finite=1
[SQP LINESEARCH] iter=1 current_violation=0 accepted_violation=0 accepted=1 alpha=1 delta_u_norm=0.17503
[SQP SUPPORT] iter=1 support_size=0 support_limit=-1 support_ok=1
[SQP] before_solve iter=2 vars=16 constraints=96 max_d=-0.623718
[QP WORST] iter=2 row=1 type=collision d=-0.623718
[QP WORST COLLISION] scenario=15 k=1 obstacle=0 disc=0
[SQP] after_solve iter=2 converged=1 status=0 iterations=2 primal_residual=4.44089e-16 dual_residual=4.68079e-05 x_size=16 x_finite=1
[SQP LINESEARCH] iter=2 current_violation=0 accepted_violation=0 accepted=1 alpha=1 delta_u_norm=0.15637
[SQP SUPPORT] iter=2 support_size=0 support_limit=-1 support_ok=1
[SQP] before_solve iter=3 vars=16 constraints=96 max_d=-0.624558
[QP WORST] iter=3 row=1 type=collision d=-0.624558
[QP WORST COLLISION] scenario=15 k=1 obstacle=0 disc=0
[SQP] after_solve iter=3 converged=1 status=0 iterations=2 primal_residual=4.44089e-16 dual_residual=2.5252e-05 x_size=16 x_finite=1
[SQP LINESEARCH] iter=3 current_violation=0 accepted_violation=0 accepted=1 alpha=1 delta_u_norm=0.143931
[SQP SUPPORT] iter=3 support_size=0 support_limit=-1 support_ok=1
[SQP] before_solve iter=4 vars=16 constraints=96 max_d=-0.624176
[QP WORST] iter=4 row=1 type=collision d=-0.624176
[QP WORST COLLISION] scenario=15 k=1 obstacle=0 disc=0
[SQP] after_solve iter=4 converged=1 status=0 iterations=2 primal_residual=4.40295e-16 dual_residual=2.63489e-05 x_size=16 x_finite=1
[SQP LINESEARCH] iter=4 current_violation=0 accepted_violation=0 accepted=1 alpha=1 delta_u_norm=0.134346
[SQP SUPPORT] iter=4 support_size=0 support_limit=-1 support_ok=1
[SQP] before_solve iter=5 vars=16 constraints=96 max_d=-0.624571
[QP WORST] iter=5 row=1 type=collision d=-0.624571
[QP WORST COLLISION] scenario=15 k=1 obstacle=0 disc=0
[SQP] after_solve iter=5 converged=1 status=0 iterations=2 primal_residual=4.41216e-16 dual_residual=1.50268e-05 x_size=16 x_finite=1
[SQP LINESEARCH] iter=5 current_violation=0 accepted_violation=0 accepted=1 alpha=1 delta_u_norm=0.125833
[SQP SUPPORT] iter=5 support_size=0 support_limit=-1 support_ok=1
[SQP] before_solve iter=6 vars=16 constraints=96 max_d=-0.624414
[QP WORST] iter=6 row=1 type=collision d=-0.624414
[QP WORST COLLISION] scenario=15 k=1 obstacle=0 disc=0
[SQP] after_solve iter=6 converged=1 status=0 iterations=2 primal_residual=4.44089e-16 dual_residual=1.58248e-05 x_size=16 x_finite=1
[SQP LINESEARCH] iter=6 current_violation=0 accepted_violation=0 accepted=1 alpha=1 delta_u_norm=0.118559
[SQP SUPPORT] iter=6 support_size=0 support_limit=-1 support_ok=1
[SQP] before_solve iter=7 vars=16 constraints=96 max_d=-0.624636
[QP WORST] iter=7 row=1 type=collision d=-0.624636
[QP WORST COLLISION] scenario=15 k=1 obstacle=0 disc=0
[SQP] after_solve iter=7 converged=1 status=0 iterations=2 primal_residual=4.0686e-16 dual_residual=1.04987e-05 x_size=16 x_finite=1
[SQP LINESEARCH] iter=7 current_violation=0 accepted_violation=0 accepted=1 alpha=1 delta_u_norm=0.111856
[SQP SUPPORT] iter=7 support_size=0 support_limit=-1 support_ok=1
[SQP] before_solve iter=8 vars=16 constraints=96 max_d=-0.6246
[QP WORST] iter=8 row=1 type=collision d=-0.6246
[QP WORST COLLISION] scenario=15 k=1 obstacle=0 disc=0
[SQP] after_solve iter=8 converged=1 status=0 iterations=2 primal_residual=4.26173e-16 dual_residual=9.97775e-06 x_size=16 x_finite=1
[SQP LINESEARCH] iter=8 current_violation=0 accepted_violation=0 accepted=1 alpha=1 delta_u_norm=0.105846
[SQP SUPPORT] iter=8 support_size=0 support_limit=-1 support_ok=1
[SQP] before_solve iter=9 vars=16 constraints=96 max_d=-0.624749
[QP WORST] iter=9 row=1 type=collision d=-0.624749
[QP WORST COLLISION] scenario=15 k=1 obstacle=0 disc=0
[SQP] after_solve iter=9 converged=1 status=0 iterations=2 primal_residual=4.3715e-16 dual_residual=7.32768e-06 x_size=16 x_finite=1
[SQP LINESEARCH] iter=9 current_violation=0 accepted_violation=0 accepted=1 alpha=1 delta_u_norm=0.100242
[SQP SUPPORT] iter=9 support_size=0 support_limit=-1 support_ok=1
[SQP FINAL] final_violation=0 violated_constraints=0
[SUPPORT FINAL] sqp_union=0 final_active=0 support_limit=-1
[SUPPORT FINAL IDS]
[SUPPORT UNION IDS]
[COLD START RECOVERY CHECK] ordinary_sqp_failed=0 seed_available=1 incompatible=0 try_homotopy=0
[HARNESS RESULT] step=45 success=1 controls=8 first_input_present=1
[MPC STEP METRICS] step=45 applied=1 success=1 fallback=0 a=-0.0149957 omega=-0.214173 dt=0.1 acceleration_weight=0.1 steering_weight=0.1 control_cost_unweighted=0.0460948 control_cost_weighted=0.00460948 mpc_cost=-17.4251 solve_time=0.0340728 qp_solve_time=0.0213294 constraint_time=0.00692422 dro_risk_time=0.000400951 ambiguity_radius=0.00204933 certificate=not_requested
[EVAL SAFETY] step=46 min_center_distance=1.58073 min_clearance=0.630727 collision_this_step=0 collision_run=0 collision_radius=0.95
[DRO SUMMARY] step=47 obstacle=0 S=40 rho=0.00203251 rho_raw=0.00203251 D_max=0.0115351 D_min=0.00578169 tv_bound=0.351544 eta=0.176203 eta_raw=0.176203 radius_m=47 radius_d=3 transport_cost=0 budget_usage=0 lambda=0 q_support=3 nominal_risk=0 qstar_risk=0 risk_lift=0 tv=0
[DRO MODE] step=47 obstacle=0 mode=constant_velocity p=0.237113 risk=0 q=0.237113 delta_q=0 q_times_S=9.48454
[DRO MODE] step=47 obstacle=0 mode=turn_left p=0.278351 risk=0 q=0.278351 delta_q=0 q_times_S=11.134
[DRO MODE] step=47 obstacle=0 mode=turn_right p=0.484536 risk=0 q=0.484536 delta_q=0 q_times_S=19.3814
[DRO SAMPLE] step=47 obstacle=0 mode=constant_velocity q=0.237113 q_times_S=9.48454 first_count=9 first_fraction=0.225 occupancy=72 occupancy_fraction=0.225
[DRO SAMPLE] step=47 obstacle=0 mode=turn_left q=0.278351 q_times_S=11.134 first_count=9 first_fraction=0.225 occupancy=72 occupancy_fraction=0.225
[DRO SAMPLE] step=47 obstacle=0 mode=turn_right q=0.484536 q_times_S=19.3814 first_count=22 first_fraction=0.55 occupancy=176 occupancy_fraction=0.55
[RF BACKUP] available=1 controls=8 states=9
[FREE POLY] k=1 disc=0 raw=40 facets=5 vertices=8 rho=4.8 anchor_shift=0
[FREE POLY] k=1 disc=1 raw=40 facets=0 vertices=4 rho=0.800001 anchor_shift=0
[FREE POLY] k=1 disc=2 raw=40 facets=2 vertices=6 rho=4.8 anchor_shift=0
[FREE POLY] k=2 disc=0 raw=40 facets=4 vertices=7 rho=5.6 anchor_shift=0
[FREE POLY] k=2 disc=1 raw=40 facets=0 vertices=4 rho=1.6 anchor_shift=0
[FREE POLY] k=2 disc=2 raw=40 facets=3 vertices=6 rho=5.6 anchor_shift=0
[FREE POLY] k=3 disc=0 raw=40 facets=4 vertices=7 rho=6.4 anchor_shift=0
[FREE POLY] k=3 disc=1 raw=40 facets=0 vertices=4 rho=2.4 anchor_shift=0
[FREE POLY] k=3 disc=2 raw=40 facets=4 vertices=7 rho=6.4 anchor_shift=0
[FREE POLY] k=4 disc=0 raw=40 facets=4 vertices=7 rho=7.2 anchor_shift=0
[FREE POLY] k=4 disc=1 raw=40 facets=0 vertices=4 rho=3.2 anchor_shift=0
[FREE POLY] k=4 disc=2 raw=40 facets=3 vertices=6 rho=7.2 anchor_shift=0
[FREE POLY] k=5 disc=0 raw=40 facets=3 vertices=6 rho=8 anchor_shift=0
[FREE POLY] k=5 disc=1 raw=40 facets=3 vertices=6 rho=4 anchor_shift=0
[FREE POLY] k=5 disc=2 raw=40 facets=3 vertices=6 rho=8 anchor_shift=0
[FREE POLY] k=6 disc=0 raw=40 facets=3 vertices=6 rho=8.8 anchor_shift=0
[FREE POLY] k=6 disc=1 raw=40 facets=3 vertices=6 rho=4.8 anchor_shift=0
[FREE POLY] k=6 disc=2 raw=40 facets=3 vertices=6 rho=8.8 anchor_shift=0
[FREE POLY] k=7 disc=0 raw=40 facets=3 vertices=6 rho=9.6 anchor_shift=0
[FREE POLY] k=7 disc=1 raw=40 facets=3 vertices=6 rho=5.6 anchor_shift=0
[FREE POLY] k=7 disc=2 raw=40 facets=3 vertices=6 rho=9.6 anchor_shift=0
[FREE POLY] k=8 disc=0 raw=40 facets=3 vertices=6 rho=10.4 anchor_shift=0
[FREE POLY] k=8 disc=1 raw=40 facets=2 vertices=5 rho=6.4 anchor_shift=0
[FREE POLY] k=8 disc=2 raw=40 facets=2 vertices=5 rho=10.4 anchor_shift=0
[RF SUPPORT SEED] removed=0 support_limit=-1
[SQP] before_solve iter=0 vars=16 constraints=95 max_d=-0.805481
[QP WORST] iter=0 row=3 type=collision d=-0.805481
[QP WORST COLLISION] scenario=36 k=1 obstacle=0 disc=0
[SQP] after_solve iter=0 converged=1 status=0 iterations=2 primal_residual=4.30211e-16 dual_residual=6.91545e-05 x_size=16 x_finite=1
[SQP LINESEARCH] iter=0 current_violation=0 accepted_violation=0 accepted=1 alpha=1 delta_u_norm=0.234513
[SQP SUPPORT] iter=0 support_size=0 support_limit=-1 support_ok=1
[SQP] before_solve iter=1 vars=16 constraints=95 max_d=-0.807053
[QP WORST] iter=1 row=3 type=collision d=-0.807053
[QP WORST COLLISION] scenario=36 k=1 obstacle=0 disc=0
[SQP] after_solve iter=1 converged=1 status=0 iterations=2 primal_residual=4.30211e-16 dual_residual=4.78648e-05 x_size=16 x_finite=1
[SQP LINESEARCH] iter=1 current_violation=0 accepted_violation=0 accepted=1 alpha=1 delta_u_norm=0.173577
[SQP SUPPORT] iter=1 support_size=0 support_limit=-1 support_ok=1
[SQP] before_solve iter=2 vars=16 constraints=95 max_d=-0.806548
[QP WORST] iter=2 row=3 type=collision d=-0.806548
[QP WORST COLLISION] scenario=36 k=1 obstacle=0 disc=0
[SQP] after_solve iter=2 converged=1 status=0 iterations=2 primal_residual=4.44089e-16 dual_residual=3.96402e-05 x_size=16 x_finite=1
[SQP LINESEARCH] iter=2 current_violation=0 accepted_violation=0 accepted=1 alpha=1 delta_u_norm=0.15556
[SQP SUPPORT] iter=2 support_size=0 support_limit=-1 support_ok=1
[SQP] before_solve iter=3 vars=16 constraints=95 max_d=-0.807084
[QP WORST] iter=3 row=3 type=collision d=-0.807084
[QP WORST COLLISION] scenario=36 k=1 obstacle=0 disc=0
[SQP] after_solve iter=3 converged=1 status=0 iterations=2 primal_residual=4.42029e-16 dual_residual=1.99899e-05 x_size=16 x_finite=1
[SQP LINESEARCH] iter=3 current_violation=0 accepted_violation=0 accepted=1 alpha=1 delta_u_norm=0.143539
[SQP SUPPORT] iter=3 support_size=0 support_limit=-1 support_ok=1
[SQP] before_solve iter=4 vars=16 constraints=95 max_d=-0.806799
[QP WORST] iter=4 row=3 type=collision d=-0.806799
[QP WORST COLLISION] scenario=36 k=1 obstacle=0 disc=0
[SQP] after_solve iter=4 converged=1 status=0 iterations=2 primal_residual=4.4127e-16 dual_residual=2.22614e-05 x_size=16 x_finite=1
[SQP LINESEARCH] iter=4 current_violation=0 accepted_violation=0 accepted=1 alpha=1 delta_u_norm=0.134075
[SQP SUPPORT] iter=4 support_size=0 support_limit=-1 support_ok=1
[SQP] before_solve iter=5 vars=16 constraints=95 max_d=-0.807046
[QP WORST] iter=5 row=3 type=collision d=-0.807046
[QP WORST COLLISION] scenario=36 k=1 obstacle=0 disc=0
[SQP] after_solve iter=5 converged=1 status=0 iterations=2 primal_residual=4.43073e-16 dual_residual=1.27124e-05 x_size=16 x_finite=1
[SQP LINESEARCH] iter=5 current_violation=0 accepted_violation=0 accepted=1 alpha=1 delta_u_norm=0.12569
[SQP SUPPORT] iter=5 support_size=0 support_limit=-1 support_ok=1
[SQP] before_solve iter=6 vars=16 constraints=95 max_d=-0.806925
[QP WORST] iter=6 row=3 type=collision d=-0.806925
[QP WORST COLLISION] scenario=36 k=1 obstacle=0 disc=0
[SQP] after_solve iter=6 converged=1 status=0 iterations=2 primal_residual=3.74267e-16 dual_residual=1.33331e-05 x_size=16 x_finite=1
[SQP LINESEARCH] iter=6 current_violation=0 accepted_violation=0 accepted=1 alpha=1 delta_u_norm=0.118436
[SQP SUPPORT] iter=6 support_size=0 support_limit=-1 support_ok=1
[SQP] before_solve iter=7 vars=16 constraints=95 max_d=-0.807065
[QP WORST] iter=7 row=3 type=collision d=-0.807065
[QP WORST COLLISION] scenario=36 k=1 obstacle=0 disc=0
[SQP] after_solve iter=7 converged=1 status=0 iterations=2 primal_residual=4.31147e-16 dual_residual=8.83955e-06 x_size=16 x_finite=1
[SQP LINESEARCH] iter=7 current_violation=0 accepted_violation=0 accepted=1 alpha=1 delta_u_norm=0.111777
[SQP SUPPORT] iter=7 support_size=0 support_limit=-1 support_ok=1
[SQP] before_solve iter=8 vars=16 constraints=95 max_d=-0.807033
[QP WORST] iter=8 row=3 type=collision d=-0.807033
[QP WORST COLLISION] scenario=36 k=1 obstacle=0 disc=0
[SQP] after_solve iter=8 converged=1 status=0 iterations=2 primal_residual=4.4085e-16 dual_residual=8.49792e-06 x_size=16 x_finite=1
[SQP LINESEARCH] iter=8 current_violation=0 accepted_violation=0 accepted=1 alpha=1 delta_u_norm=0.10577
[SQP SUPPORT] iter=8 support_size=0 support_limit=-1 support_ok=1
[SQP] before_solve iter=9 vars=16 constraints=95 max_d=-0.807129
[QP WORST] iter=9 row=3 type=collision d=-0.807129
[QP WORST COLLISION] scenario=36 k=1 obstacle=0 disc=0
[SQP] after_solve iter=9 converged=1 status=0 iterations=2 primal_residual=4.20562e-16 dual_residual=6.45916e-06 x_size=16 x_finite=1
[SQP LINESEARCH] iter=9 current_violation=0 accepted_violation=0 accepted=1 alpha=1 delta_u_norm=0.100184
[SQP SUPPORT] iter=9 support_size=0 support_limit=-1 support_ok=1
[SQP FINAL] final_violation=0 violated_constraints=0
[SUPPORT FINAL] sqp_union=0 final_active=0 support_limit=-1
[SUPPORT FINAL IDS]
[SUPPORT UNION IDS]
[COLD START RECOVERY CHECK] ordinary_sqp_failed=0 seed_available=1 incompatible=0 try_homotopy=0
[HARNESS RESULT] step=46 success=1 controls=8 first_input_present=1
[MPC STEP METRICS] step=46 applied=1 success=1 fallback=0 a=-0.0107458 omega=-0.157776 dt=0.1 acceleration_weight=0.1 steering_weight=0.1 control_cost_unweighted=0.0250087 control_cost_weighted=0.00250087 mpc_cost=-17.4705 solve_time=0.0339092 qp_solve_time=0.0210655 constraint_time=0.00693368 dro_risk_time=0.000408555 ambiguity_radius=0.00203251 certificate=not_requested
[EVAL SAFETY] step=47 min_center_distance=1.76237 min_clearance=0.812368 collision_this_step=0 collision_run=0 collision_radius=0.95
[DRO SUMMARY] step=48 obstacle=0 S=40 rho=0.00201474 rho_raw=0.00201474 D_max=0.0115351 D_min=0.00578169 tv_bound=0.348468 eta=0.174661 eta_raw=0.174661 radius_m=48 radius_d=3 transport_cost=0 budget_usage=0 lambda=0 q_support=3 nominal_risk=0 qstar_risk=0 risk_lift=0 tv=0
[DRO MODE] step=48 obstacle=0 mode=constant_velocity p=0.232323 risk=0 q=0.232323 delta_q=0 q_times_S=9.29293
[DRO MODE] step=48 obstacle=0 mode=turn_left p=0.292929 risk=0 q=0.292929 delta_q=0 q_times_S=11.7172
[DRO MODE] step=48 obstacle=0 mode=turn_right p=0.474747 risk=0 q=0.474747 delta_q=0 q_times_S=18.9899
[DRO SAMPLE] step=48 obstacle=0 mode=constant_velocity q=0.232323 q_times_S=9.29293 first_count=7 first_fraction=0.175 occupancy=56 occupancy_fraction=0.175
[DRO SAMPLE] step=48 obstacle=0 mode=turn_left q=0.292929 q_times_S=11.7172 first_count=13 first_fraction=0.325 occupancy=104 occupancy_fraction=0.325
[DRO SAMPLE] step=48 obstacle=0 mode=turn_right q=0.474747 q_times_S=18.9899 first_count=20 first_fraction=0.5 occupancy=160 occupancy_fraction=0.5
[RF BACKUP] available=1 controls=8 states=9
[FREE POLY] k=1 disc=0 raw=40 facets=5 vertices=8 rho=4.8 anchor_shift=0
[FREE POLY] k=1 disc=1 raw=40 facets=0 vertices=4 rho=0.800001 anchor_shift=0
[FREE POLY] k=1 disc=2 raw=40 facets=0 vertices=4 rho=4.8 anchor_shift=0
[FREE POLY] k=2 disc=0 raw=40 facets=4 vertices=7 rho=5.6 anchor_shift=0
[FREE POLY] k=2 disc=1 raw=40 facets=0 vertices=4 rho=1.6 anchor_shift=0
[FREE POLY] k=2 disc=2 raw=40 facets=2 vertices=5 rho=5.6 anchor_shift=0
[FREE POLY] k=3 disc=0 raw=40 facets=3 vertices=6 rho=6.4 anchor_shift=0
[FREE POLY] k=3 disc=1 raw=40 facets=0 vertices=4 rho=2.4 anchor_shift=0
[FREE POLY] k=3 disc=2 raw=40 facets=3 vertices=6 rho=6.4 anchor_shift=0
[FREE POLY] k=4 disc=0 raw=40 facets=3 vertices=6 rho=7.2 anchor_shift=0
[FREE POLY] k=4 disc=1 raw=40 facets=0 vertices=4 rho=3.2 anchor_shift=0
[FREE POLY] k=4 disc=2 raw=40 facets=2 vertices=5 rho=7.2 anchor_shift=0
[FREE POLY] k=5 disc=0 raw=40 facets=3 vertices=6 rho=8 anchor_shift=0
[FREE POLY] k=5 disc=1 raw=40 facets=2 vertices=5 rho=4 anchor_shift=0
[FREE POLY] k=5 disc=2 raw=40 facets=2 vertices=5 rho=8 anchor_shift=0
[FREE POLY] k=6 disc=0 raw=40 facets=4 vertices=7 rho=8.8 anchor_shift=0
[FREE POLY] k=6 disc=1 raw=40 facets=2 vertices=5 rho=4.8 anchor_shift=0
[FREE POLY] k=6 disc=2 raw=40 facets=2 vertices=5 rho=8.8 anchor_shift=0
[FREE POLY] k=7 disc=0 raw=40 facets=2 vertices=5 rho=9.6 anchor_shift=0
[FREE POLY] k=7 disc=1 raw=40 facets=2 vertices=5 rho=5.6 anchor_shift=0
[FREE POLY] k=7 disc=2 raw=40 facets=2 vertices=5 rho=9.6 anchor_shift=0
[FREE POLY] k=8 disc=0 raw=40 facets=2 vertices=5 rho=10.4 anchor_shift=0
[FREE POLY] k=8 disc=1 raw=40 facets=2 vertices=5 rho=6.4 anchor_shift=0
[FREE POLY] k=8 disc=2 raw=40 facets=2 vertices=5 rho=10.4 anchor_shift=0
[RF SUPPORT SEED] removed=0 support_limit=-1
[SQP] before_solve iter=0 vars=16 constraints=81 max_d=-0.992875
[QP WORST] iter=0 row=0 type=collision d=-0.992875
[QP WORST COLLISION] scenario=5 k=1 obstacle=0 disc=0
[SQP] after_solve iter=0 converged=1 status=0 iterations=2 primal_residual=3.88578e-16 dual_residual=5.88863e-05 x_size=16 x_finite=1
[SQP LINESEARCH] iter=0 current_violation=0 accepted_violation=0 accepted=1 alpha=1 delta_u_norm=0.232747
[SQP SUPPORT] iter=0 support_size=0 support_limit=-1 support_ok=1
[SQP] before_solve iter=1 vars=16 constraints=81 max_d=-0.993974
[QP WORST] iter=1 row=0 type=collision d=-0.993974
[QP WORST COLLISION] scenario=5 k=1 obstacle=0 disc=0
[SQP] after_solve iter=1 converged=1 status=0 iterations=2 primal_residual=4.34982e-16 dual_residual=3.82756e-05 x_size=16 x_finite=1
[SQP LINESEARCH] iter=1 current_violation=0 accepted_violation=0 accepted=1 alpha=1 delta_u_norm=0.172537
[SQP SUPPORT] iter=1 support_size=0 support_limit=-1 support_ok=1
[SQP] before_solve iter=2 vars=16 constraints=81 max_d=-0.993625
[QP WORST] iter=2 row=0 type=collision d=-0.993625
[QP WORST COLLISION] scenario=5 k=1 obstacle=0 disc=0
[SQP] after_solve iter=2 converged=1 status=0 iterations=2 primal_residual=3.86843e-16 dual_residual=3.36135e-05 x_size=16 x_finite=1
[SQP LINESEARCH] iter=2 current_violation=0 accepted_violation=0 accepted=1 alpha=1 delta_u_norm=0.15497
[SQP SUPPORT] iter=2 support_size=0 support_limit=-1 support_ok=1
[SQP] before_solve iter=3 vars=16 constraints=81 max_d=-0.99396
[QP WORST] iter=3 row=0 type=collision d=-0.99396
[QP WORST COLLISION] scenario=5 k=1 obstacle=0 disc=0
[SQP] after_solve iter=3 converged=1 status=0 iterations=2 primal_residual=4.36391e-16 dual_residual=1.63195e-05 x_size=16 x_finite=1
[SQP LINESEARCH] iter=3 current_violation=0 accepted_violation=0 accepted=1 alpha=1 delta_u_norm=0.143261
[SQP SUPPORT] iter=3 support_size=0 support_limit=-1 support_ok=1
[SQP] before_solve iter=4 vars=16 constraints=81 max_d=-0.99375
[QP WORST] iter=4 row=0 type=collision d=-0.99375
[QP WORST COLLISION] scenario=5 k=1 obstacle=0 disc=0
[SQP] after_solve iter=4 converged=1 status=0 iterations=2 primal_residual=4.3715e-16 dual_residual=1.88383e-05 x_size=16 x_finite=1
[SQP LINESEARCH] iter=4 current_violation=0 accepted_violation=0 accepted=1 alpha=1 delta_u_norm=0.133879
[SQP SUPPORT] iter=4 support_size=0 support_limit=-1 support_ok=1
[SQP] before_solve iter=5 vars=16 constraints=81 max_d=-0.9939
[QP WORST] iter=5 row=0 type=collision d=-0.9939
[QP WORST COLLISION] scenario=5 k=1 obstacle=0 disc=0
[SQP] after_solve iter=5 converged=1 status=0 iterations=2 primal_residual=4.42897e-16 dual_residual=1.07498e-05 x_size=16 x_finite=1
[SQP LINESEARCH] iter=5 current_violation=0 accepted_violation=0 accepted=1 alpha=1 delta_u_norm=0.125591
[SQP SUPPORT] iter=5 support_size=0 support_limit=-1 support_ok=1
[SQP] before_solve iter=6 vars=16 constraints=81 max_d=-0.99381
[QP WORST] iter=6 row=0 type=collision d=-0.99381
[QP WORST COLLISION] scenario=5 k=1 obstacle=0 disc=0
[SQP] after_solve iter=6 converged=1 status=0 iterations=2 primal_residual=4.35416e-16 dual_residual=1.12635e-05 x_size=16 x_finite=1
[SQP LINESEARCH] iter=6 current_violation=0 accepted_violation=0 accepted=1 alpha=1 delta_u_norm=0.11835
[SQP SUPPORT] iter=6 support_size=0 support_limit=-1 support_ok=1
[SQP] before_solve iter=7 vars=16 constraints=81 max_d=-0.993897
[QP WORST] iter=7 row=0 type=collision d=-0.993897
[QP WORST COLLISION] scenario=5 k=1 obstacle=0 disc=0
[SQP] after_solve iter=7 converged=1 status=0 iterations=2 primal_residual=4.30211e-16 dual_residual=7.75631e-06 x_size=16 x_finite=1
[SQP LINESEARCH] iter=7 current_violation=0 accepted_violation=0 accepted=1 alpha=1 delta_u_norm=0.111724
[SQP SUPPORT] iter=7 support_size=0 support_limit=-1 support_ok=1
[SQP] before_solve iter=8 vars=16 constraints=81 max_d=-0.993873
[QP WORST] iter=8 row=0 type=collision d=-0.993873
[QP WORST COLLISION] scenario=5 k=1 obstacle=0 disc=0
[SQP] after_solve iter=8 converged=1 status=0 iterations=2 primal_residual=4.42165e-16 dual_residual=7.47682e-06 x_size=16 x_finite=1
[SQP LINESEARCH] iter=8 current_violation=0 accepted_violation=0 accepted=1 alpha=1 delta_u_norm=0.105719
[SQP SUPPORT] iter=8 support_size=0 support_limit=-1 support_ok=1
[SQP] before_solve iter=9 vars=16 constraints=81 max_d=-0.993936
[QP WORST] iter=9 row=0 type=collision d=-0.993936
[QP WORST COLLISION] scenario=5 k=1 obstacle=0 disc=0
[SQP] after_solve iter=9 converged=1 status=0 iterations=2 primal_residual=4.3715e-16 dual_residual=5.71396e-06 x_size=16 x_finite=1
[SQP LINESEARCH] iter=9 current_violation=0 accepted_violation=0 accepted=1 alpha=1 delta_u_norm=0.100146
[SQP SUPPORT] iter=9 support_size=0 support_limit=-1 support_ok=1
[SQP FINAL] final_violation=0 violated_constraints=0
[SUPPORT FINAL] sqp_union=0 final_active=0 support_limit=-1
[SUPPORT FINAL IDS]
[SUPPORT UNION IDS]
[COLD START RECOVERY CHECK] ordinary_sqp_failed=0 seed_available=1 incompatible=0 try_homotopy=0
[HARNESS RESULT] step=47 success=1 controls=8 first_input_present=1
[MPC STEP METRICS] step=47 applied=1 success=1 fallback=0 a=-0.00789861 omega=-0.141817 dt=0.1 acceleration_weight=0.1 steering_weight=0.1 control_cost_unweighted=0.0201745 control_cost_weighted=0.00201745 mpc_cost=-17.5026 solve_time=0.0327853 qp_solve_time=0.0203936 constraint_time=0.00642884 dro_risk_time=0.000524882 ambiguity_radius=0.00201474 certificate=not_requested
[EVAL SAFETY] step=48 min_center_distance=1.95001 min_clearance=1.00001 collision_this_step=0 collision_run=0 collision_radius=0.95
[DRO SUMMARY] step=49 obstacle=0 S=40 rho=0.00199479 rho_raw=0.00199479 D_max=0.0115351 D_min=0.00578169 tv_bound=0.345018 eta=0.172932 eta_raw=0.172932 radius_m=49 radius_d=3 transport_cost=0 budget_usage=0 lambda=0 q_support=3 nominal_risk=0 qstar_risk=0 risk_lift=0 tv=0
[DRO MODE] step=49 obstacle=0 mode=constant_velocity p=0.227723 risk=0 q=0.227723 delta_q=0 q_times_S=9.10891
[DRO MODE] step=49 obstacle=0 mode=turn_left p=0.287129 risk=0 q=0.287129 delta_q=0 q_times_S=11.4851
[DRO MODE] step=49 obstacle=0 mode=turn_right p=0.485149 risk=0 q=0.485149 delta_q=0 q_times_S=19.4059
[DRO SAMPLE] step=49 obstacle=0 mode=constant_velocity q=0.227723 q_times_S=9.10891 first_count=11 first_fraction=0.275 occupancy=88 occupancy_fraction=0.275
[DRO SAMPLE] step=49 obstacle=0 mode=turn_left q=0.287129 q_times_S=11.4851 first_count=10 first_fraction=0.25 occupancy=80 occupancy_fraction=0.25
[DRO SAMPLE] step=49 obstacle=0 mode=turn_right q=0.485149 q_times_S=19.4059 first_count=19 first_fraction=0.475 occupancy=152 occupancy_fraction=0.475
[RF BACKUP] available=1 controls=8 states=9
[FREE POLY] k=1 disc=0 raw=40 facets=4 vertices=7 rho=4.8 anchor_shift=0
[FREE POLY] k=1 disc=1 raw=40 facets=0 vertices=4 rho=0.800001 anchor_shift=0
[FREE POLY] k=1 disc=2 raw=40 facets=0 vertices=4 rho=4.8 anchor_shift=0
[FREE POLY] k=2 disc=0 raw=40 facets=4 vertices=7 rho=5.6 anchor_shift=0
[FREE POLY] k=2 disc=1 raw=40 facets=0 vertices=4 rho=1.6 anchor_shift=0
[FREE POLY] k=2 disc=2 raw=40 facets=4 vertices=7 rho=5.6 anchor_shift=0
[FREE POLY] k=3 disc=0 raw=40 facets=4 vertices=7 rho=6.4 anchor_shift=0
[FREE POLY] k=3 disc=1 raw=40 facets=0 vertices=4 rho=2.4 anchor_shift=0
[FREE POLY] k=3 disc=2 raw=40 facets=4 vertices=7 rho=6.4 anchor_shift=0
[FREE POLY] k=4 disc=0 raw=40 facets=4 vertices=7 rho=7.2 anchor_shift=0
[FREE POLY] k=4 disc=1 raw=40 facets=0 vertices=4 rho=3.2 anchor_shift=0
[FREE POLY] k=4 disc=2 raw=40 facets=4 vertices=7 rho=7.2 anchor_shift=0
[FREE POLY] k=5 disc=0 raw=40 facets=3 vertices=6 rho=8 anchor_shift=0
[FREE POLY] k=5 disc=1 raw=40 facets=1 vertices=4 rho=4 anchor_shift=0
[FREE POLY] k=5 disc=2 raw=40 facets=3 vertices=6 rho=8 anchor_shift=0
[FREE POLY] k=6 disc=0 raw=40 facets=3 vertices=6 rho=8.8 anchor_shift=0
[FREE POLY] k=6 disc=1 raw=40 facets=1 vertices=4 rho=4.8 anchor_shift=0
[FREE POLY] k=6 disc=2 raw=40 facets=3 vertices=6 rho=8.8 anchor_shift=0
[FREE POLY] k=7 disc=0 raw=40 facets=3 vertices=6 rho=9.6 anchor_shift=0
[FREE POLY] k=7 disc=1 raw=40 facets=2 vertices=5 rho=5.6 anchor_shift=0
[FREE POLY] k=7 disc=2 raw=40 facets=3 vertices=6 rho=9.6 anchor_shift=0
[FREE POLY] k=8 disc=0 raw=40 facets=3 vertices=6 rho=10.4 anchor_shift=0
[FREE POLY] k=8 disc=1 raw=40 facets=3 vertices=6 rho=6.4 anchor_shift=0
[FREE POLY] k=8 disc=2 raw=40 facets=3 vertices=6 rho=10.4 anchor_shift=0
[RF SUPPORT SEED] removed=0 support_limit=-1
[SQP] before_solve iter=0 vars=16 constraints=91 max_d=-1.18498
[QP WORST] iter=0 row=2 type=collision d=-1.18498
[QP WORST COLLISION] scenario=31 k=1 obstacle=0 disc=0
[SQP] after_solve iter=0 converged=1 status=0 iterations=2 primal_residual=4.36608e-16 dual_residual=5.01258e-05 x_size=16 x_finite=1
[SQP LINESEARCH] iter=0 current_violation=0 accepted_violation=0 accepted=1 alpha=1 delta_u_norm=0.231456
[SQP SUPPORT] iter=0 support_size=0 support_limit=-1 support_ok=1
[SQP] before_solve iter=1 vars=16 constraints=91 max_d=-1.18577
[QP WORST] iter=1 row=2 type=collision d=-1.18577
[QP WORST COLLISION] scenario=31 k=1 obstacle=0 disc=0
[SQP] after_solve iter=1 converged=1 status=0 iterations=2 primal_residual=4.14599e-16 dual_residual=3.1138e-05 x_size=16 x_finite=1
[SQP LINESEARCH] iter=1 current_violation=0 accepted_violation=0 accepted=1 alpha=1 delta_u_norm=0.171775
[SQP SUPPORT] iter=1 support_size=0 support_limit=-1 support_ok=1
[SQP] before_solve iter=2 vars=16 constraints=91 max_d=-1.18552
[QP WORST] iter=2 row=2 type=collision d=-1.18552
[QP WORST COLLISION] scenario=31 k=1 obstacle=0 disc=0
[SQP] after_solve iter=2 converged=1 status=0 iterations=2 primal_residual=4.43872e-16 dual_residual=2.85454e-05 x_size=16 x_finite=1
[SQP LINESEARCH] iter=2 current_violation=0 accepted_violation=0 accepted=1 alpha=1 delta_u_norm=0.154539
[SQP SUPPORT] iter=2 support_size=0 support_limit=-1 support_ok=1
[SQP] before_solve iter=3 vars=16 constraints=91 max_d=-1.18573
[QP WORST] iter=3 row=2 type=collision d=-1.18573
[QP WORST COLLISION] scenario=31 k=1 obstacle=0 disc=0
[SQP] after_solve iter=3 converged=1 status=0 iterations=2 primal_residual=4.43981e-16 dual_residual=1.34753e-05 x_size=16 x_finite=1
[SQP LINESEARCH] iter=3 current_violation=0 accepted_violation=0 accepted=1 alpha=1 delta_u_norm=0.143057
[SQP SUPPORT] iter=3 support_size=0 support_limit=-1 support_ok=1
[SQP] before_solve iter=4 vars=16 constraints=91 max_d=-1.18557
[QP WORST] iter=4 row=2 type=collision d=-1.18557
[QP WORST COLLISION] scenario=31 k=1 obstacle=0 disc=0
[SQP] after_solve iter=4 converged=1 status=0 iterations=2 primal_residual=4.42788e-16 dual_residual=1.59725e-05 x_size=16 x_finite=1
[SQP LINESEARCH] iter=4 current_violation=0 accepted_violation=0 accepted=1 alpha=1 delta_u_norm=0.133737
[SQP SUPPORT] iter=4 support_size=0 support_limit=-1 support_ok=1
[SQP] before_solve iter=5 vars=16 constraints=91 max_d=-1.18565
[QP WORST] iter=5 row=2 type=collision d=-1.18565
[QP WORST COLLISION] scenario=31 k=1 obstacle=0 disc=0
[SQP] after_solve iter=5 converged=1 status=0 iterations=2 primal_residual=4.44089e-16 dual_residual=9.24308e-06 x_size=16 x_finite=1
[SQP LINESEARCH] iter=5 current_violation=0 accepted_violation=0 accepted=1 alpha=1 delta_u_norm=0.12552
[SQP SUPPORT] iter=5 support_size=0 support_limit=-1 support_ok=1
[SQP] before_solve iter=6 vars=16 constraints=91 max_d=-1.18559
[QP WORST] iter=6 row=2 type=collision d=-1.18559
[QP WORST COLLISION] scenario=31 k=1 obstacle=0 disc=0
[SQP] after_solve iter=6 converged=1 status=0 iterations=2 primal_residual=4.23273e-16 dual_residual=9.72726e-06 x_size=16 x_finite=1
[SQP LINESEARCH] iter=6 current_violation=0 accepted_violation=0 accepted=1 alpha=1 delta_u_norm=0.118289
[SQP SUPPORT] iter=6 support_size=0 support_limit=-1 support_ok=1
[SQP] before_solve iter=7 vars=16 constraints=91 max_d=-1.18564
[QP WORST] iter=7 row=2 type=collision d=-1.18564
[QP WORST COLLISION] scenario=31 k=1 obstacle=0 disc=0
[SQP] after_solve iter=7 converged=1 status=0 iterations=2 primal_residual=4.40403e-16 dual_residual=6.86043e-06 x_size=16 x_finite=1
[SQP LINESEARCH] iter=7 current_violation=0 accepted_violation=0 accepted=1 alpha=1 delta_u_norm=0.111686
[SQP SUPPORT] iter=7 support_size=0 support_limit=-1 support_ok=1
[SQP] before_solve iter=8 vars=16 constraints=91 max_d=-1.18562
[QP WORST] iter=8 row=2 type=collision d=-1.18562
[QP WORST COLLISION] scenario=31 k=1 obstacle=0 disc=0
[SQP] after_solve iter=8 converged=1 status=0 iterations=2 primal_residual=4.3715e-16 dual_residual=6.59623e-06 x_size=16 x_finite=1
[SQP LINESEARCH] iter=8 current_violation=0 accepted_violation=0 accepted=1 alpha=1 delta_u_norm=0.105683
[SQP SUPPORT] iter=8 support_size=0 support_limit=-1 support_ok=1
[SQP] before_solve iter=9 vars=16 constraints=91 max_d=-1.18566
[QP WORST] iter=9 row=2 type=collision d=-1.18566
[QP WORST COLLISION] scenario=31 k=1 obstacle=0 disc=0
[SQP] after_solve iter=9 converged=1 status=0 iterations=2 primal_residual=4.26742e-16 dual_residual=5.06968e-06 x_size=16 x_finite=1
[SQP LINESEARCH] iter=9 current_violation=0 accepted_violation=0 accepted=1 alpha=1 delta_u_norm=0.10012
[SQP SUPPORT] iter=9 support_size=0 support_limit=-1 support_ok=1
[SQP FINAL] final_violation=0 violated_constraints=0
[SUPPORT FINAL] sqp_union=0 final_active=0 support_limit=-1
[SUPPORT FINAL IDS]
[SUPPORT UNION IDS]
[COLD START RECOVERY CHECK] ordinary_sqp_failed=0 seed_available=1 incompatible=0 try_homotopy=0
[HARNESS RESULT] step=48 success=1 controls=8 first_input_present=1
[MPC STEP METRICS] step=48 applied=1 success=1 fallback=0 a=-0.00574893 omega=-0.121185 dt=0.1 acceleration_weight=0.1 steering_weight=0.1 control_cost_unweighted=0.0147188 control_cost_weighted=0.00147188 mpc_cost=-17.5262 solve_time=0.0336534 qp_solve_time=0.0207142 constraint_time=0.00689339 dro_risk_time=0.000445143 ambiguity_radius=0.00199479 certificate=not_requested
[EVAL SAFETY] step=49 min_center_distance=2.14193 min_clearance=1.19193 collision_this_step=0 collision_run=0 collision_radius=0.95
[DRO SUMMARY] step=50 obstacle=0 S=40 rho=0.00197759 rho_raw=0.00197759 D_max=0.0115351 D_min=0.00578169 tv_bound=0.342044 eta=0.171441 eta_raw=0.171441 radius_m=50 radius_d=3 transport_cost=0 budget_usage=0 lambda=0 q_support=3 nominal_risk=0 qstar_risk=0 risk_lift=0 tv=0
[DRO MODE] step=50 obstacle=0 mode=constant_velocity p=0.223301 risk=0 q=0.223301 delta_q=0 q_times_S=8.93204
[DRO MODE] step=50 obstacle=0 mode=turn_left p=0.300971 risk=0 q=0.300971 delta_q=0 q_times_S=12.0388
[DRO MODE] step=50 obstacle=0 mode=turn_right p=0.475728 risk=0 q=0.475728 delta_q=0 q_times_S=19.0291
[DRO SAMPLE] step=50 obstacle=0 mode=constant_velocity q=0.223301 q_times_S=8.93204 first_count=8 first_fraction=0.2 occupancy=64 occupancy_fraction=0.2
[DRO SAMPLE] step=50 obstacle=0 mode=turn_left q=0.300971 q_times_S=12.0388 first_count=9 first_fraction=0.225 occupancy=72 occupancy_fraction=0.225
[DRO SAMPLE] step=50 obstacle=0 mode=turn_right q=0.475728 q_times_S=19.0291 first_count=23 first_fraction=0.575 occupancy=184 occupancy_fraction=0.575
[RF BACKUP] available=1 controls=8 states=9
[FREE POLY] k=1 disc=0 raw=40 facets=3 vertices=6 rho=4.8 anchor_shift=0
[FREE POLY] k=1 disc=1 raw=40 facets=0 vertices=4 rho=0.800001 anchor_shift=0
[FREE POLY] k=1 disc=2 raw=40 facets=0 vertices=4 rho=4.8 anchor_shift=0
[FREE POLY] k=2 disc=0 raw=40 facets=3 vertices=6 rho=5.6 anchor_shift=0
[FREE POLY] k=2 disc=1 raw=40 facets=0 vertices=4 rho=1.6 anchor_shift=0
[FREE POLY] k=2 disc=2 raw=40 facets=3 vertices=7 rho=5.6 anchor_shift=0
[FREE POLY] k=3 disc=0 raw=40 facets=3 vertices=6 rho=6.4 anchor_shift=0
[FREE POLY] k=3 disc=1 raw=40 facets=0 vertices=4 rho=2.4 anchor_shift=0
[FREE POLY] k=3 disc=2 raw=40 facets=3 vertices=6 rho=6.4 anchor_shift=0
[FREE POLY] k=4 disc=0 raw=40 facets=2 vertices=5 rho=7.2 anchor_shift=0
[FREE POLY] k=4 disc=1 raw=40 facets=0 vertices=4 rho=3.2 anchor_shift=0
[FREE POLY] k=4 disc=2 raw=40 facets=2 vertices=5 rho=7.2 anchor_shift=0
[FREE POLY] k=5 disc=0 raw=40 facets=3 vertices=6 rho=8 anchor_shift=0
[FREE POLY] k=5 disc=1 raw=40 facets=0 vertices=4 rho=4 anchor_shift=0
[FREE POLY] k=5 disc=2 raw=40 facets=2 vertices=5 rho=8 anchor_shift=0
[FREE POLY] k=6 disc=0 raw=40 facets=5 vertices=8 rho=8.8 anchor_shift=0
[FREE POLY] k=6 disc=1 raw=40 facets=3 vertices=6 rho=4.8 anchor_shift=0
[FREE POLY] k=6 disc=2 raw=40 facets=4 vertices=7 rho=8.8 anchor_shift=0
[FREE POLY] k=7 disc=0 raw=40 facets=6 vertices=9 rho=9.6 anchor_shift=0
[FREE POLY] k=7 disc=1 raw=40 facets=5 vertices=8 rho=5.6 anchor_shift=0
[FREE POLY] k=7 disc=2 raw=40 facets=5 vertices=8 rho=9.6 anchor_shift=0
[FREE POLY] k=8 disc=0 raw=40 facets=6 vertices=9 rho=10.4 anchor_shift=0
[FREE POLY] k=8 disc=1 raw=40 facets=4 vertices=7 rho=6.4 anchor_shift=0
[FREE POLY] k=8 disc=2 raw=40 facets=4 vertices=7 rho=10.4 anchor_shift=0
[RF SUPPORT SEED] removed=0 support_limit=-1
[SQP] before_solve iter=0 vars=16 constraints=98 max_d=-1.38296
[QP WORST] iter=0 row=1 type=collision d=-1.38296
[QP WORST COLLISION] scenario=8 k=1 obstacle=0 disc=0
[SQP] after_solve iter=0 converged=1 status=0 iterations=2 primal_residual=4.25007e-16 dual_residual=4.26523e-05 x_size=16 x_finite=1
[SQP LINESEARCH] iter=0 current_violation=0 accepted_violation=0 accepted=1 alpha=1 delta_u_norm=0.230515
[SQP SUPPORT] iter=0 support_size=0 support_limit=-1 support_ok=1
[SQP] before_solve iter=1 vars=16 constraints=98 max_d=-1.38353
[QP WORST] iter=1 row=1 type=collision d=-1.38353
[QP WORST COLLISION] scenario=8 k=1 obstacle=0 disc=0
[SQP] after_solve iter=1 converged=1 status=0 iterations=2 primal_residual=4.18068e-16 dual_residual=2.54799e-05 x_size=16 x_finite=1
[SQP LINESEARCH] iter=1 current_violation=0 accepted_violation=0 accepted=1 alpha=1 delta_u_norm=0.171216
[SQP SUPPORT] iter=1 support_size=0 support_limit=-1 support_ok=1
[SQP] before_solve iter=2 vars=16 constraints=98 max_d=-1.38335
[QP WORST] iter=2 row=1 type=collision d=-1.38335
[QP WORST COLLISION] scenario=8 k=1 obstacle=0 disc=0
[SQP] after_solve iter=2 converged=1 status=0 iterations=2 primal_residual=3.92048e-16 dual_residual=2.42637e-05 x_size=16 x_finite=1
[SQP LINESEARCH] iter=2 current_violation=0 accepted_violation=0 accepted=1 alpha=1 delta_u_norm=0.154224
[SQP SUPPORT] iter=2 support_size=0 support_limit=-1 support_ok=1
[SQP] before_solve iter=3 vars=16 constraints=98 max_d=-1.38346
[QP WORST] iter=3 row=1 type=collision d=-1.38346
[QP WORST COLLISION] scenario=8 k=1 obstacle=0 disc=0
[SQP] after_solve iter=3 converged=1 status=0 iterations=2 primal_residual=4.38343e-16 dual_residual=1.11445e-05 x_size=16 x_finite=1
[SQP LINESEARCH] iter=3 current_violation=0 accepted_violation=0 accepted=1 alpha=1 delta_u_norm=0.142908
[SQP SUPPORT] iter=3 support_size=0 support_limit=-1 support_ok=1
[SQP] before_solve iter=4 vars=16 constraints=98 max_d=-1.38334
[QP WORST] iter=4 row=1 type=collision d=-1.38334
[QP WORST COLLISION] scenario=8 k=1 obstacle=0 disc=0
[SQP] after_solve iter=4 converged=1 status=0 iterations=2 primal_residual=4.42246e-16 dual_residual=1.35591e-05 x_size=16 x_finite=1
[SQP LINESEARCH] iter=4 current_violation=0 accepted_violation=0 accepted=1 alpha=1 delta_u_norm=0.133633
[SQP SUPPORT] iter=4 support_size=0 support_limit=-1 support_ok=1
[SQP] before_solve iter=5 vars=16 constraints=98 max_d=-1.38338
[QP WORST] iter=5 row=1 type=collision d=-1.38338
[QP WORST COLLISION] scenario=8 k=1 obstacle=0 disc=0
[SQP] after_solve iter=5 converged=1 status=0 iterations=2 primal_residual=4.42571e-16 dual_residual=8.1787e-06 x_size=16 x_finite=1
[SQP LINESEARCH] iter=5 current_violation=0 accepted_violation=0 accepted=1 alpha=1 delta_u_norm=0.125467
[SQP SUPPORT] iter=5 support_size=0 support_limit=-1 support_ok=1
[SQP] before_solve iter=6 vars=16 constraints=98 max_d=-1.38333
[QP WORST] iter=6 row=1 type=collision d=-1.38333
[QP WORST COLLISION] scenario=8 k=1 obstacle=0 disc=0
[SQP] after_solve iter=6 converged=1 status=0 iterations=2 primal_residual=4.35958e-16 dual_residual=8.55839e-06 x_size=16 x_finite=1
[SQP LINESEARCH] iter=6 current_violation=0 accepted_violation=0 accepted=1 alpha=1 delta_u_norm=0.118243
[SQP SUPPORT] iter=6 support_size=0 support_limit=-1 support_ok=1
[SQP] before_solve iter=7 vars=16 constraints=98 max_d=-1.38336
[QP WORST] iter=7 row=1 type=collision d=-1.38336
[QP WORST COLLISION] scenario=8 k=1 obstacle=0 disc=0
[SQP] after_solve iter=7 converged=1 status=0 iterations=2 primal_residual=4.21538e-16 dual_residual=6.08462e-06 x_size=16 x_finite=1
[SQP LINESEARCH] iter=7 current_violation=0 accepted_violation=0 accepted=1 alpha=1 delta_u_norm=0.111658
[SQP SUPPORT] iter=7 support_size=0 support_limit=-1 support_ok=1
[SQP] before_solve iter=8 vars=16 constraints=98 max_d=-1.38334
[QP WORST] iter=8 row=1 type=collision d=-1.38334
[QP WORST COLLISION] scenario=8 k=1 obstacle=0 disc=0
[SQP] after_solve iter=8 converged=1 status=0 iterations=2 primal_residual=4.4062e-16 dual_residual=5.83631e-06 x_size=16 x_finite=1
[SQP LINESEARCH] iter=8 current_violation=0 accepted_violation=0 accepted=1 alpha=1 delta_u_norm=0.105656
[SQP SUPPORT] iter=8 support_size=0 support_limit=-1 support_ok=1
[SQP] before_solve iter=9 vars=16 constraints=98 max_d=-1.38337
[QP WORST] iter=9 row=1 type=collision d=-1.38337
[QP WORST COLLISION] scenario=8 k=1 obstacle=0 disc=0
[SQP] after_solve iter=9 converged=1 status=0 iterations=2 primal_residual=4.40782e-16 dual_residual=4.51264e-06 x_size=16 x_finite=1
[SQP LINESEARCH] iter=9 current_violation=0 accepted_violation=0 accepted=1 alpha=1 delta_u_norm=0.100099
[SQP SUPPORT] iter=9 support_size=0 support_limit=-1 support_ok=1
[SQP FINAL] final_violation=0 violated_constraints=0
[SUPPORT FINAL] sqp_union=0 final_active=0 support_limit=-1
[SUPPORT FINAL IDS]
[SUPPORT UNION IDS]
[COLD START RECOVERY CHECK] ordinary_sqp_failed=0 seed_available=1 incompatible=0 try_homotopy=0
[HARNESS RESULT] step=49 success=1 controls=8 first_input_present=1
[MPC STEP METRICS] step=49 applied=1 success=1 fallback=0 a=-0.004171 omega=-0.102616 dt=0.1 acceleration_weight=0.1 steering_weight=0.1 control_cost_unweighted=0.0105475 control_cost_weighted=0.00105475 mpc_cost=-17.5433 solve_time=0.0343568 qp_solve_time=0.0213556 constraint_time=0.00695489 dro_risk_time=0.000520835 ambiguity_radius=0.00197759 certificate=not_requested
[EVAL SAFETY] step=50 min_center_distance=2.3365 min_clearance=1.3865 collision_this_step=0 collision_run=0 collision_radius=0.95
[DRO SUMMARY] step=51 obstacle=0 S=40 rho=0.00195113 rho_raw=0.00195113 D_max=0.0115351 D_min=0.00578169 tv_bound=0.337467 eta=0.169147 eta_raw=0.169147 radius_m=51 radius_d=3 transport_cost=0 budget_usage=0 lambda=0 q_support=3 nominal_risk=0 qstar_risk=0 risk_lift=0 tv=0
[DRO MODE] step=51 obstacle=0 mode=constant_velocity p=0.238095 risk=0 q=0.238095 delta_q=0 q_times_S=9.52381
[DRO MODE] step=51 obstacle=0 mode=turn_left p=0.295238 risk=0 q=0.295238 delta_q=0 q_times_S=11.8095
[DRO MODE] step=51 obstacle=0 mode=turn_right p=0.466667 risk=0 q=0.466667 delta_q=0 q_times_S=18.6667
[DRO SAMPLE] step=51 obstacle=0 mode=constant_velocity q=0.238095 q_times_S=9.52381 first_count=6 first_fraction=0.15 occupancy=48 occupancy_fraction=0.15
[DRO SAMPLE] step=51 obstacle=0 mode=turn_left q=0.295238 q_times_S=11.8095 first_count=12 first_fraction=0.3 occupancy=96 occupancy_fraction=0.3
[DRO SAMPLE] step=51 obstacle=0 mode=turn_right q=0.466667 q_times_S=18.6667 first_count=22 first_fraction=0.55 occupancy=176 occupancy_fraction=0.55
[RF BACKUP] available=1 controls=8 states=9
[FREE POLY] k=1 disc=0 raw=40 facets=4 vertices=7 rho=4.8 anchor_shift=0
[FREE POLY] k=1 disc=1 raw=40 facets=0 vertices=4 rho=0.800001 anchor_shift=0
[FREE POLY] k=1 disc=2 raw=40 facets=0 vertices=4 rho=4.8 anchor_shift=0
[FREE POLY] k=2 disc=0 raw=40 facets=3 vertices=6 rho=5.6 anchor_shift=0
[FREE POLY] k=2 disc=1 raw=40 facets=0 vertices=4 rho=1.6 anchor_shift=0
[FREE POLY] k=2 disc=2 raw=40 facets=0 vertices=4 rho=5.6 anchor_shift=0
[FREE POLY] k=3 disc=0 raw=40 facets=3 vertices=6 rho=6.4 anchor_shift=0
[FREE POLY] k=3 disc=1 raw=40 facets=0 vertices=4 rho=2.4 anchor_shift=0
[FREE POLY] k=3 disc=2 raw=40 facets=3 vertices=6 rho=6.4 anchor_shift=0
[FREE POLY] k=4 disc=0 raw=40 facets=4 vertices=7 rho=7.2 anchor_shift=0
[FREE POLY] k=4 disc=1 raw=40 facets=0 vertices=4 rho=3.2 anchor_shift=0
[FREE POLY] k=4 disc=2 raw=40 facets=3 vertices=6 rho=7.2 anchor_shift=0
[FREE POLY] k=5 disc=0 raw=40 facets=4 vertices=7 rho=8 anchor_shift=0
[FREE POLY] k=5 disc=1 raw=40 facets=0 vertices=4 rho=4 anchor_shift=0
[FREE POLY] k=5 disc=2 raw=40 facets=3 vertices=6 rho=8 anchor_shift=0
[FREE POLY] k=6 disc=0 raw=40 facets=4 vertices=7 rho=8.8 anchor_shift=0
[FREE POLY] k=6 disc=1 raw=40 facets=3 vertices=6 rho=4.8 anchor_shift=0
[FREE POLY] k=6 disc=2 raw=40 facets=3 vertices=6 rho=8.8 anchor_shift=0
[FREE POLY] k=7 disc=0 raw=40 facets=4 vertices=7 rho=9.6 anchor_shift=0
[FREE POLY] k=7 disc=1 raw=40 facets=3 vertices=6 rho=5.6 anchor_shift=0
[FREE POLY] k=7 disc=2 raw=40 facets=3 vertices=6 rho=9.6 anchor_shift=0
[FREE POLY] k=8 disc=0 raw=40 facets=6 vertices=9 rho=10.4 anchor_shift=0
[FREE POLY] k=8 disc=1 raw=40 facets=4 vertices=7 rho=6.4 anchor_shift=0
[FREE POLY] k=8 disc=2 raw=40 facets=4 vertices=7 rho=10.4 anchor_shift=0
[RF SUPPORT SEED] removed=0 support_limit=-1
[SQP] before_solve iter=0 vars=16 constraints=93 max_d=-1.57573
[QP WORST] iter=0 row=3 type=collision d=-1.57573
[QP WORST COLLISION] scenario=35 k=1 obstacle=0 disc=0
[SQP] after_solve iter=0 converged=1 status=0 iterations=2 primal_residual=4.3715e-16 dual_residual=3.63421e-05 x_size=16 x_finite=1
[SQP LINESEARCH] iter=0 current_violation=0 accepted_violation=0 accepted=1 alpha=1 delta_u_norm=0.229834
[SQP SUPPORT] iter=0 support_size=0 support_limit=-1 support_ok=1
[SQP] before_solve iter=1 vars=16 constraints=93 max_d=-1.57616
[QP WORST] iter=1 row=3 type=collision d=-1.57616
[QP WORST COLLISION] scenario=35 k=1 obstacle=0 disc=0
[SQP] after_solve iter=1 converged=1 status=0 iterations=2 primal_residual=4.44089e-16 dual_residual=2.10395e-05 x_size=16 x_finite=1
[SQP LINESEARCH] iter=1 current_violation=0 accepted_violation=0 accepted=1 alpha=1 delta_u_norm=0.170809
[SQP SUPPORT] iter=1 support_size=0 support_limit=-1 support_ok=1
[SQP] before_solve iter=2 vars=16 constraints=93 max_d=-1.57603
[QP WORST] iter=2 row=3 type=collision d=-1.57603
[QP WORST COLLISION] scenario=35 k=1 obstacle=0 disc=0
[SQP] after_solve iter=2 converged=1 status=0 iterations=2 primal_residual=4.09395e-16 dual_residual=2.06316e-05 x_size=16 x_finite=1
[SQP LINESEARCH] iter=2 current_violation=0 accepted_violation=0 accepted=1 alpha=1 delta_u_norm=0.153995
[SQP SUPPORT] iter=2 support_size=0 support_limit=-1 support_ok=1
[SQP] before_solve iter=3 vars=16 constraints=93 max_d=-1.57608
[QP WORST] iter=3 row=3 type=collision d=-1.57608
[QP WORST COLLISION] scenario=35 k=1 obstacle=0 disc=0
[SQP] after_solve iter=3 converged=1 status=0 iterations=2 primal_residual=4.27664e-16 dual_residual=9.61617e-06 x_size=16 x_finite=1
[SQP LINESEARCH] iter=3 current_violation=0 accepted_violation=0 accepted=1 alpha=1 delta_u_norm=0.142799
[SQP SUPPORT] iter=3 support_size=0 support_limit=-1 support_ok=1
[SQP] before_solve iter=4 vars=16 constraints=93 max_d=-1.57598
[QP WORST] iter=4 row=3 type=collision d=-1.57598
[QP WORST COLLISION] scenario=35 k=1 obstacle=0 disc=0
[SQP] after_solve iter=4 converged=1 status=0 iterations=2 primal_residual=4.33356e-16 dual_residual=1.15768e-05 x_size=16 x_finite=1
[SQP LINESEARCH] iter=4 current_violation=0 accepted_violation=0 accepted=1 alpha=1 delta_u_norm=0.133558
[SQP SUPPORT] iter=4 support_size=0 support_limit=-1 support_ok=1
[SQP] before_solve iter=5 vars=16 constraints=93 max_d=-1.576
[QP WORST] iter=5 row=3 type=collision d=-1.576
[QP WORST COLLISION] scenario=35 k=1 obstacle=0 disc=0
[SQP] after_solve iter=5 converged=1 status=0 iterations=2 primal_residual=4.41812e-16 dual_residual=7.25473e-06 x_size=16 x_finite=1
[SQP LINESEARCH] iter=5 current_violation=0 accepted_violation=0 accepted=1 alpha=1 delta_u_norm=0.125428
[SQP SUPPORT] iter=5 support_size=0 support_limit=-1 support_ok=1
[SQP] before_solve iter=6 vars=16 constraints=93 max_d=-1.57595
[QP WORST] iter=6 row=3 type=collision d=-1.57595
[QP WORST COLLISION] scenario=35 k=1 obstacle=0 disc=0
[SQP] after_solve iter=6 converged=1 status=0 iterations=2 primal_residual=4.4268e-16 dual_residual=7.55061e-06 x_size=16 x_finite=1
[SQP LINESEARCH] iter=6 current_violation=0 accepted_violation=0 accepted=1 alpha=1 delta_u_norm=0.11821
[SQP SUPPORT] iter=6 support_size=0 support_limit=-1 support_ok=1
[SQP] before_solve iter=7 vars=16 constraints=93 max_d=-1.57597
[QP WORST] iter=7 row=3 type=collision d=-1.57597
[QP WORST COLLISION] scenario=35 k=1 obstacle=0 disc=0
[SQP] after_solve iter=7 converged=1 status=0 iterations=2 primal_residual=4.37218e-16 dual_residual=5.4135e-06 x_size=16 x_finite=1
[SQP LINESEARCH] iter=7 current_violation=0 accepted_violation=0 accepted=1 alpha=1 delta_u_norm=0.111637
[SQP SUPPORT] iter=7 support_size=0 support_limit=-1 support_ok=1
[SQP] before_solve iter=8 vars=16 constraints=93 max_d=-1.57595
[QP WORST] iter=8 row=3 type=collision d=-1.57595
[QP WORST COLLISION] scenario=35 k=1 obstacle=0 disc=0
[SQP] after_solve iter=8 converged=1 status=0 iterations=2 primal_residual=4.43954e-16 dual_residual=5.18118e-06 x_size=16 x_finite=1
[SQP LINESEARCH] iter=8 current_violation=0 accepted_violation=0 accepted=1 alpha=1 delta_u_norm=0.105636
[SQP SUPPORT] iter=8 support_size=0 support_limit=-1 support_ok=1
[SQP] before_solve iter=9 vars=16 constraints=93 max_d=-1.57597
[QP WORST] iter=9 row=3 type=collision d=-1.57597
[QP WORST COLLISION] scenario=35 k=1 obstacle=0 disc=0
[SQP] after_solve iter=9 converged=1 status=0 iterations=2 primal_residual=4.31729e-16 dual_residual=4.03178e-06 x_size=16 x_finite=1
[SQP LINESEARCH] iter=9 current_violation=0 accepted_violation=0 accepted=1 alpha=1 delta_u_norm=0.100085
[SQP SUPPORT] iter=9 support_size=0 support_limit=-1 support_ok=1
[SQP FINAL] final_violation=0 violated_constraints=0
[SUPPORT FINAL] sqp_union=0 final_active=0 support_limit=-1
[SUPPORT FINAL IDS]
[SUPPORT UNION IDS]
[COLD START RECOVERY CHECK] ordinary_sqp_failed=0 seed_available=1 incompatible=0 try_homotopy=0
[HARNESS RESULT] step=50 success=1 controls=8 first_input_present=1
[MPC STEP METRICS] step=50 applied=1 success=1 fallback=0 a=-0.00303706 omega=-0.0878246 dt=0.1 acceleration_weight=0.1 steering_weight=0.1 control_cost_unweighted=0.00772238 control_cost_weighted=0.000772238 mpc_cost=-17.5557 solve_time=0.0334135 qp_solve_time=0.0205908 constraint_time=0.00698961 dro_risk_time=0.000414436 ambiguity_radius=0.00195113 certificate=not_requested
[EVAL SAFETY] step=51 min_center_distance=2.53281 min_clearance=1.58281 collision_this_step=0 collision_run=0 collision_radius=0.95
[DRO SUMMARY] step=52 obstacle=0 S=40 rho=0.00192517 rho_raw=0.00192517 D_max=0.0115351 D_min=0.00578169 tv_bound=0.332977 eta=0.166897 eta_raw=0.166897 radius_m=52 radius_d=3 transport_cost=0 budget_usage=0 lambda=0 q_support=3 nominal_risk=0 qstar_risk=0 risk_lift=0 tv=0
[DRO MODE] step=52 obstacle=0 mode=constant_velocity p=0.252336 risk=0 q=0.252336 delta_q=0 q_times_S=10.0935
[DRO MODE] step=52 obstacle=0 mode=turn_left p=0.28972 risk=0 q=0.28972 delta_q=0 q_times_S=11.5888
[DRO MODE] step=52 obstacle=0 mode=turn_right p=0.457944 risk=0 q=0.457944 delta_q=0 q_times_S=18.3178
[DRO SAMPLE] step=52 obstacle=0 mode=constant_velocity q=0.252336 q_times_S=10.0935 first_count=10 first_fraction=0.25 occupancy=80 occupancy_fraction=0.25
[DRO SAMPLE] step=52 obstacle=0 mode=turn_left q=0.28972 q_times_S=11.5888 first_count=14 first_fraction=0.35 occupancy=112 occupancy_fraction=0.35
[DRO SAMPLE] step=52 obstacle=0 mode=turn_right q=0.457944 q_times_S=18.3178 first_count=16 first_fraction=0.4 occupancy=128 occupancy_fraction=0.4
[RF BACKUP] available=1 controls=8 states=9
[FREE POLY] k=1 disc=0 raw=40 facets=6 vertices=9 rho=4.8 anchor_shift=0
[FREE POLY] k=1 disc=1 raw=40 facets=0 vertices=4 rho=0.800001 anchor_shift=0
[FREE POLY] k=1 disc=2 raw=40 facets=0 vertices=4 rho=4.8 anchor_shift=0
[FREE POLY] k=2 disc=0 raw=40 facets=3 vertices=6 rho=5.6 anchor_shift=0
[FREE POLY] k=2 disc=1 raw=40 facets=0 vertices=4 rho=1.6 anchor_shift=0
[FREE POLY] k=2 disc=2 raw=40 facets=0 vertices=4 rho=5.6 anchor_shift=0
[FREE POLY] k=3 disc=0 raw=40 facets=5 vertices=8 rho=6.4 anchor_shift=0
[FREE POLY] k=3 disc=1 raw=40 facets=0 vertices=4 rho=2.4 anchor_shift=0
[FREE POLY] k=3 disc=2 raw=40 facets=3 vertices=6 rho=6.4 anchor_shift=0
[FREE POLY] k=4 disc=0 raw=40 facets=4 vertices=7 rho=7.2 anchor_shift=0
[FREE POLY] k=4 disc=1 raw=40 facets=0 vertices=4 rho=3.2 anchor_shift=0
[FREE POLY] k=4 disc=2 raw=40 facets=3 vertices=6 rho=7.2 anchor_shift=0
[FREE POLY] k=5 disc=0 raw=40 facets=4 vertices=7 rho=8 anchor_shift=0
[FREE POLY] k=5 disc=1 raw=40 facets=0 vertices=4 rho=4 anchor_shift=0
[FREE POLY] k=5 disc=2 raw=40 facets=3 vertices=6 rho=8 anchor_shift=0
[FREE POLY] k=6 disc=0 raw=40 facets=4 vertices=7 rho=8.8 anchor_shift=0
[FREE POLY] k=6 disc=1 raw=40 facets=3 vertices=6 rho=4.8 anchor_shift=0
[FREE POLY] k=6 disc=2 raw=40 facets=3 vertices=6 rho=8.8 anchor_shift=0
[FREE POLY] k=7 disc=0 raw=40 facets=4 vertices=7 rho=9.6 anchor_shift=0
[FREE POLY] k=7 disc=1 raw=40 facets=3 vertices=6 rho=5.6 anchor_shift=0
[FREE POLY] k=7 disc=2 raw=40 facets=3 vertices=6 rho=9.6 anchor_shift=0
[FREE POLY] k=8 disc=0 raw=40 facets=4 vertices=7 rho=10.4 anchor_shift=0
[FREE POLY] k=8 disc=1 raw=40 facets=3 vertices=6 rho=6.4 anchor_shift=0
[FREE POLY] k=8 disc=2 raw=40 facets=3 vertices=6 rho=10.4 anchor_shift=0
[RF SUPPORT SEED] removed=0 support_limit=-1
[SQP] before_solve iter=0 vars=16 constraints=93 max_d=-1.77547
[QP WORST] iter=0 row=2 type=collision d=-1.77547
[QP WORST COLLISION] scenario=20 k=1 obstacle=0 disc=0
[SQP] after_solve iter=0 converged=1 status=0 iterations=2 primal_residual=4.44089e-16 dual_residual=3.09626e-05 x_size=16 x_finite=1
[SQP LINESEARCH] iter=0 current_violation=0 accepted_violation=0 accepted=1 alpha=1 delta_u_norm=0.229341
[SQP SUPPORT] iter=0 support_size=0 support_limit=-1 support_ok=1
[SQP] before_solve iter=1 vars=16 constraints=93 max_d=-1.77581
[QP WORST] iter=1 row=2 type=collision d=-1.77581
[QP WORST COLLISION] scenario=20 k=1 obstacle=0 disc=0
[SQP] after_solve iter=1 converged=1 status=0 iterations=2 primal_residual=4.365e-16 dual_residual=1.74839e-05 x_size=16 x_finite=1
[SQP LINESEARCH] iter=1 current_violation=0 accepted_violation=0 accepted=1 alpha=1 delta_u_norm=0.170514
[SQP SUPPORT] iter=1 support_size=0 support_limit=-1 support_ok=1
[SQP] before_solve iter=2 vars=16 constraints=93 max_d=-1.77571
[QP WORST] iter=2 row=2 type=collision d=-1.77571
[QP WORST COLLISION] scenario=20 k=1 obstacle=0 disc=0
[SQP] after_solve iter=2 converged=1 status=0 iterations=2 primal_residual=4.10154e-16 dual_residual=1.7553e-05 x_size=16 x_finite=1
[SQP LINESEARCH] iter=2 current_violation=0 accepted_violation=0 accepted=1 alpha=1 delta_u_norm=0.153829
[SQP SUPPORT] iter=2 support_size=0 support_limit=-1 support_ok=1
[SQP] before_solve iter=3 vars=16 constraints=93 max_d=-1.77572
[QP WORST] iter=3 row=2 type=collision d=-1.77572
[QP WORST COLLISION] scenario=20 k=1 obstacle=0 disc=0
[SQP] after_solve iter=3 converged=1 status=0 iterations=2 primal_residual=4.30211e-16 dual_residual=8.54351e-06 x_size=16 x_finite=1
[SQP LINESEARCH] iter=3 current_violation=0 accepted_violation=0 accepted=1 alpha=1 delta_u_norm=0.142719
[SQP SUPPORT] iter=3 support_size=0 support_limit=-1 support_ok=1
[SQP] before_solve iter=4 vars=16 constraints=93 max_d=-1.77563
[QP WORST] iter=4 row=2 type=collision d=-1.77563
[QP WORST COLLISION] scenario=20 k=1 obstacle=0 disc=0
[SQP] after_solve iter=4 converged=1 status=0 iterations=2 primal_residual=4.38018e-16 dual_residual=1.01776e-05 x_size=16 x_finite=1
[SQP LINESEARCH] iter=4 current_violation=0 accepted_violation=0 accepted=1 alpha=1 delta_u_norm=0.133503
[SQP SUPPORT] iter=4 support_size=0 support_limit=-1 support_ok=1
[SQP] before_solve iter=5 vars=16 constraints=93 max_d=-1.77563
[QP WORST] iter=5 row=2 type=collision d=-1.77563
[QP WORST COLLISION] scenario=20 k=1 obstacle=0 disc=0
[SQP] after_solve iter=5 converged=1 status=0 iterations=2 primal_residual=4.32786e-16 dual_residual=6.45742e-06 x_size=16 x_finite=1
[SQP LINESEARCH] iter=5 current_violation=0 accepted_violation=0 accepted=1 alpha=1 delta_u_norm=0.1254
[SQP SUPPORT] iter=5 support_size=0 support_limit=-1 support_ok=1
[SQP] before_solve iter=6 vars=16 constraints=93 max_d=-1.77559
[QP WORST] iter=6 row=2 type=collision d=-1.77559
[QP WORST COLLISION] scenario=20 k=1 obstacle=0 disc=0
[SQP] after_solve iter=6 converged=1 status=0 iterations=2 primal_residual=4.34494e-16 dual_residual=6.68367e-06 x_size=16 x_finite=1
[SQP LINESEARCH] iter=6 current_violation=0 accepted_violation=0 accepted=1 alpha=1 delta_u_norm=0.118186
[SQP SUPPORT] iter=6 support_size=0 support_limit=-1 support_ok=1
[SQP] before_solve iter=7 vars=16 constraints=93 max_d=-1.77559
[QP WORST] iter=7 row=2 type=collision d=-1.77559
[QP WORST COLLISION] scenario=20 k=1 obstacle=0 disc=0
[SQP] after_solve iter=7 converged=1 status=0 iterations=2 primal_residual=4.22527e-16 dual_residual=4.83489e-06 x_size=16 x_finite=1
[SQP LINESEARCH] iter=7 current_violation=0 accepted_violation=0 accepted=1 alpha=1 delta_u_norm=0.111623
[SQP SUPPORT] iter=7 support_size=0 support_limit=-1 support_ok=1
[SQP] before_solve iter=8 vars=16 constraints=93 max_d=-1.77558
[QP WORST] iter=8 row=2 type=collision d=-1.77558
[QP WORST COLLISION] scenario=20 k=1 obstacle=0 disc=0
[SQP] after_solve iter=8 converged=1 status=0 iterations=2 primal_residual=4.32705e-16 dual_residual=4.6171e-06 x_size=16 x_finite=1
[SQP LINESEARCH] iter=8 current_violation=0 accepted_violation=0 accepted=1 alpha=1 delta_u_norm=0.105622
[SQP SUPPORT] iter=8 support_size=0 support_limit=-1 support_ok=1
[SQP] before_solve iter=9 vars=16 constraints=93 max_d=-1.77559
[QP WORST] iter=9 row=2 type=collision d=-1.77559
[QP WORST COLLISION] scenario=20 k=1 obstacle=0 disc=0
[SQP] after_solve iter=9 converged=1 status=0 iterations=2 primal_residual=4.4062e-16 dual_residual=3.61732e-06 x_size=16 x_finite=1
[SQP LINESEARCH] iter=9 current_violation=0 accepted_violation=0 accepted=1 alpha=1 delta_u_norm=0.100074
[SQP SUPPORT] iter=9 support_size=0 support_limit=-1 support_ok=1
[SQP FINAL] final_violation=0 violated_constraints=0
[SUPPORT FINAL] sqp_union=0 final_active=0 support_limit=-1
[SUPPORT FINAL IDS]
[SUPPORT UNION IDS]
[COLD START RECOVERY CHECK] ordinary_sqp_failed=0 seed_available=1 incompatible=0 try_homotopy=0
[HARNESS RESULT] step=51 success=1 controls=8 first_input_present=1
[MPC STEP METRICS] step=51 applied=1 success=1 fallback=0 a=-0.00219688 omega=-0.0748814 dt=0.1 acceleration_weight=0.1 steering_weight=0.1 control_cost_unweighted=0.00561205 control_cost_weighted=0.000561205 mpc_cost=-17.5647 solve_time=0.0334028 qp_solve_time=0.020662 constraint_time=0.00697104 dro_risk_time=0.000404577 ambiguity_radius=0.00192517 certificate=not_requested
[EVAL SAFETY] step=52 min_center_distance=2.73026 min_clearance=1.78026 collision_this_step=0 collision_run=0 collision_radius=0.95
[DRO SUMMARY] step=53 obstacle=0 S=40 rho=0.00190806 rho_raw=0.00190806 D_max=0.0115351 D_min=0.00578169 tv_bound=0.330018 eta=0.165413 eta_raw=0.165413 radius_m=53 radius_d=3 transport_cost=0 budget_usage=0 lambda=0 q_support=3 nominal_risk=0 qstar_risk=0 risk_lift=0 tv=0
[DRO MODE] step=53 obstacle=0 mode=constant_velocity p=0.247706 risk=0 q=0.247706 delta_q=0 q_times_S=9.90826
[DRO MODE] step=53 obstacle=0 mode=turn_left p=0.284404 risk=0 q=0.284404 delta_q=0 q_times_S=11.3761
[DRO MODE] step=53 obstacle=0 mode=turn_right p=0.46789 risk=0 q=0.46789 delta_q=0 q_times_S=18.7156
[DRO SAMPLE] step=53 obstacle=0 mode=constant_velocity q=0.247706 q_times_S=9.90826 first_count=10 first_fraction=0.25 occupancy=80 occupancy_fraction=0.25
[DRO SAMPLE] step=53 obstacle=0 mode=turn_left q=0.284404 q_times_S=11.3761 first_count=10 first_fraction=0.25 occupancy=80 occupancy_fraction=0.25
[DRO SAMPLE] step=53 obstacle=0 mode=turn_right q=0.46789 q_times_S=18.7156 first_count=20 first_fraction=0.5 occupancy=160 occupancy_fraction=0.5
[RF BACKUP] available=1 controls=8 states=9
[FREE POLY] k=1 disc=0 raw=40 facets=5 vertices=8 rho=4.8 anchor_shift=0
[FREE POLY] k=1 disc=1 raw=40 facets=0 vertices=4 rho=0.800001 anchor_shift=0
[FREE POLY] k=1 disc=2 raw=40 facets=0 vertices=4 rho=4.8 anchor_shift=0
[FREE POLY] k=2 disc=0 raw=40 facets=3 vertices=6 rho=5.6 anchor_shift=0
[FREE POLY] k=2 disc=1 raw=40 facets=0 vertices=4 rho=1.6 anchor_shift=0
[FREE POLY] k=2 disc=2 raw=40 facets=0 vertices=4 rho=5.6 anchor_shift=0
[FREE POLY] k=3 disc=0 raw=40 facets=3 vertices=6 rho=6.4 anchor_shift=0
[FREE POLY] k=3 disc=1 raw=40 facets=0 vertices=4 rho=2.4 anchor_shift=0
[FREE POLY] k=3 disc=2 raw=40 facets=3 vertices=6 rho=6.4 anchor_shift=0
[FREE POLY] k=4 disc=0 raw=40 facets=2 vertices=5 rho=7.2 anchor_shift=0
[FREE POLY] k=4 disc=1 raw=40 facets=0 vertices=4 rho=3.2 anchor_shift=0
[FREE POLY] k=4 disc=2 raw=40 facets=2 vertices=5 rho=7.2 anchor_shift=0
[FREE POLY] k=5 disc=0 raw=40 facets=2 vertices=5 rho=8 anchor_shift=0
[FREE POLY] k=5 disc=1 raw=40 facets=0 vertices=4 rho=4 anchor_shift=0
[FREE POLY] k=5 disc=2 raw=40 facets=2 vertices=5 rho=8 anchor_shift=0
[FREE POLY] k=6 disc=0 raw=40 facets=2 vertices=5 rho=8.8 anchor_shift=0
[FREE POLY] k=6 disc=1 raw=40 facets=1 vertices=5 rho=4.8 anchor_shift=0
[FREE POLY] k=6 disc=2 raw=40 facets=2 vertices=5 rho=8.8 anchor_shift=0
[FREE POLY] k=7 disc=0 raw=40 facets=2 vertices=5 rho=9.6 anchor_shift=0
[FREE POLY] k=7 disc=1 raw=40 facets=2 vertices=5 rho=5.6 anchor_shift=0
[FREE POLY] k=7 disc=2 raw=40 facets=2 vertices=5 rho=9.6 anchor_shift=0
[FREE POLY] k=8 disc=0 raw=40 facets=2 vertices=5 rho=10.4 anchor_shift=0
[FREE POLY] k=8 disc=1 raw=40 facets=2 vertices=5 rho=6.4 anchor_shift=0
[FREE POLY] k=8 disc=2 raw=40 facets=2 vertices=5 rho=10.4 anchor_shift=0
[RF SUPPORT SEED] removed=0 support_limit=-1
[SQP] before_solve iter=0 vars=16 constraints=71 max_d=-1.85588
[QP WORST] iter=0 row=62 type=velocity d=-1.85588
[SQP] after_solve iter=0 converged=1 status=0 iterations=2 primal_residual=3.95517e-16 dual_residual=2.63859e-05 x_size=16 x_finite=1
[SQP LINESEARCH] iter=0 current_violation=0 accepted_violation=0 accepted=1 alpha=1 delta_u_norm=0.228984
[SQP SUPPORT] iter=0 support_size=0 support_limit=-1 support_ok=1
[SQP] before_solve iter=1 vars=16 constraints=71 max_d=-1.83856
[QP WORST] iter=1 row=62 type=velocity d=-1.83856
[SQP] after_solve iter=1 converged=1 status=0 iterations=2 primal_residual=4.32068e-16 dual_residual=1.45953e-05 x_size=16 x_finite=1
[SQP LINESEARCH] iter=1 current_violation=0 accepted_violation=0 accepted=1 alpha=1 delta_u_norm=0.170299
[SQP SUPPORT] iter=1 support_size=0 support_limit=-1 support_ok=1
[SQP] before_solve iter=2 vars=16 constraints=71 max_d=-1.83782
[QP WORST] iter=2 row=62 type=velocity d=-1.83782
[SQP] after_solve iter=2 converged=1 status=0 iterations=2 primal_residual=4.44089e-16 dual_residual=1.49378e-05 x_size=16 x_finite=1
[SQP LINESEARCH] iter=2 current_violation=0 accepted_violation=0 accepted=1 alpha=1 delta_u_norm=0.153709
[SQP SUPPORT] iter=2 support_size=0 support_limit=-1 support_ok=1
[SQP] before_solve iter=3 vars=16 constraints=71 max_d=-1.84076
[QP WORST] iter=3 row=62 type=velocity d=-1.84076
[SQP] after_solve iter=3 converged=1 status=0 iterations=2 primal_residual=4.31431e-16 dual_residual=7.61681e-06 x_size=16 x_finite=1
[SQP LINESEARCH] iter=3 current_violation=0 accepted_violation=0 accepted=1 alpha=1 delta_u_norm=0.142662
[SQP SUPPORT] iter=3 support_size=0 support_limit=-1 support_ok=1
[SQP] before_solve iter=4 vars=16 constraints=71 max_d=-1.84414
[QP WORST] iter=4 row=62 type=velocity d=-1.84414
[SQP] after_solve iter=4 converged=1 status=0 iterations=2 primal_residual=4.13054e-16 dual_residual=8.97573e-06 x_size=16 x_finite=1
[SQP LINESEARCH] iter=4 current_violation=0 accepted_violation=0 accepted=1 alpha=1 delta_u_norm=0.133463
[SQP SUPPORT] iter=4 support_size=0 support_limit=-1 support_ok=1
[SQP] before_solve iter=5 vars=16 constraints=71 max_d=-1.84724
[QP WORST] iter=5 row=62 type=velocity d=-1.84724
[SQP] after_solve iter=5 converged=1 status=0 iterations=2 primal_residual=4.3818e-16 dual_residual=5.77015e-06 x_size=16 x_finite=1
[SQP LINESEARCH] iter=5 current_violation=0 accepted_violation=0 accepted=1 alpha=1 delta_u_norm=0.12538
[SQP SUPPORT] iter=5 support_size=0 support_limit=-1 support_ok=1
[SQP] before_solve iter=6 vars=16 constraints=71 max_d=-1.84996
[QP WORST] iter=6 row=62 type=velocity d=-1.84996
[SQP] after_solve iter=6 converged=1 status=0 iterations=2 primal_residual=4.11888e-16 dual_residual=5.93808e-06 x_size=16 x_finite=1
[SQP LINESEARCH] iter=6 current_violation=0 accepted_violation=0 accepted=1 alpha=1 delta_u_norm=0.118169
[SQP SUPPORT] iter=6 support_size=0 support_limit=-1 support_ok=1
[SQP] before_solve iter=7 vars=16 constraints=71 max_d=-1.85233
[QP WORST] iter=7 row=62 type=velocity d=-1.85233
[SQP] after_solve iter=7 converged=1 status=0 iterations=2 primal_residual=4.22243e-16 dual_residual=4.3364e-06 x_size=16 x_finite=1
[SQP LINESEARCH] iter=7 current_violation=0 accepted_violation=0 accepted=1 alpha=1 delta_u_norm=0.111612
[SQP SUPPORT] iter=7 support_size=0 support_limit=-1 support_ok=1
[SQP] before_solve iter=8 vars=16 constraints=71 max_d=-1.85441
[QP WORST] iter=8 row=62 type=velocity d=-1.85441
[SQP] after_solve iter=8 converged=1 status=0 iterations=2 primal_residual=4.4062e-16 dual_residual=4.1316e-06 x_size=16 x_finite=1
[SQP LINESEARCH] iter=8 current_violation=0 accepted_violation=0 accepted=1 alpha=1 delta_u_norm=0.105611
[SQP SUPPORT] iter=8 support_size=0 support_limit=-1 support_ok=1
[SQP] before_solve iter=9 vars=16 constraints=71 max_d=-1.85557
[QP WORST] iter=9 row=64 type=velocity d=-1.85557
[SQP] after_solve iter=9 converged=1 status=0 iterations=2 primal_residual=4.35714e-16 dual_residual=3.26028e-06 x_size=16 x_finite=1
[SQP LINESEARCH] iter=9 current_violation=0 accepted_violation=0 accepted=1 alpha=1 delta_u_norm=0.100066
[SQP SUPPORT] iter=9 support_size=0 support_limit=-1 support_ok=1
[SQP FINAL] final_violation=0 violated_constraints=0
[SUPPORT FINAL] sqp_union=0 final_active=0 support_limit=-1
[SUPPORT FINAL IDS]
[SUPPORT UNION IDS]
[COLD START RECOVERY CHECK] ordinary_sqp_failed=0 seed_available=1 incompatible=0 try_homotopy=0
[HARNESS RESULT] step=52 success=1 controls=8 first_input_present=1
[MPC STEP METRICS] step=52 applied=1 success=1 fallback=0 a=-0.00160077 omega=-0.0638144 dt=0.1 acceleration_weight=0.1 steering_weight=0.1 control_cost_unweighted=0.00407485 control_cost_weighted=0.000407485 mpc_cost=-17.5713 solve_time=0.0340278 qp_solve_time=0.0217435 constraint_time=0.00652227 dro_risk_time=0.000407483 ambiguity_radius=0.00190806 certificate=not_requested
[EVAL SAFETY] step=53 min_center_distance=2.92856 min_clearance=1.97856 collision_this_step=0 collision_run=0 collision_radius=0.95
[DRO SUMMARY] step=54 obstacle=0 S=40 rho=0.0018834 rho_raw=0.0018834 D_max=0.0115351 D_min=0.00578169 tv_bound=0.325752 eta=0.163275 eta_raw=0.163275 radius_m=54 radius_d=3 transport_cost=0 budget_usage=0 lambda=0 q_support=3 nominal_risk=0 qstar_risk=0 risk_lift=0 tv=0
[DRO MODE] step=54 obstacle=0 mode=constant_velocity p=0.261261 risk=0 q=0.261261 delta_q=0 q_times_S=10.4505
[DRO MODE] step=54 obstacle=0 mode=turn_left p=0.279279 risk=0 q=0.279279 delta_q=0 q_times_S=11.1712
[DRO MODE] step=54 obstacle=0 mode=turn_right p=0.459459 risk=0 q=0.459459 delta_q=0 q_times_S=18.3784
[DRO SAMPLE] step=54 obstacle=0 mode=constant_velocity q=0.261261 q_times_S=10.4505 first_count=8 first_fraction=0.2 occupancy=64 occupancy_fraction=0.2
[DRO SAMPLE] step=54 obstacle=0 mode=turn_left q=0.279279 q_times_S=11.1712 first_count=10 first_fraction=0.25 occupancy=80 occupancy_fraction=0.25
[DRO SAMPLE] step=54 obstacle=0 mode=turn_right q=0.459459 q_times_S=18.3784 first_count=22 first_fraction=0.55 occupancy=176 occupancy_fraction=0.55
[RF BACKUP] available=1 controls=8 states=9
[FREE POLY] k=1 disc=0 raw=40 facets=4 vertices=7 rho=4.8 anchor_shift=0
[FREE POLY] k=1 disc=1 raw=40 facets=0 vertices=4 rho=0.800001 anchor_shift=0
[FREE POLY] k=1 disc=2 raw=40 facets=0 vertices=4 rho=4.8 anchor_shift=0
[FREE POLY] k=2 disc=0 raw=40 facets=4 vertices=7 rho=5.6 anchor_shift=0
[FREE POLY] k=2 disc=1 raw=40 facets=0 vertices=4 rho=1.6 anchor_shift=0
[FREE POLY] k=2 disc=2 raw=40 facets=0 vertices=4 rho=5.6 anchor_shift=0
[FREE POLY] k=3 disc=0 raw=40 facets=3 vertices=6 rho=6.4 anchor_shift=0
[FREE POLY] k=3 disc=1 raw=40 facets=0 vertices=4 rho=2.4 anchor_shift=0
[FREE POLY] k=3 disc=2 raw=40 facets=0 vertices=4 rho=6.4 anchor_shift=0
[FREE POLY] k=4 disc=0 raw=40 facets=4 vertices=7 rho=7.2 anchor_shift=0
[FREE POLY] k=4 disc=1 raw=40 facets=0 vertices=4 rho=3.2 anchor_shift=0
[FREE POLY] k=4 disc=2 raw=40 facets=3 vertices=6 rho=7.2 anchor_shift=0
[FREE POLY] k=5 disc=0 raw=40 facets=4 vertices=7 rho=8 anchor_shift=0
[FREE POLY] k=5 disc=1 raw=40 facets=0 vertices=4 rho=4 anchor_shift=0
[FREE POLY] k=5 disc=2 raw=40 facets=3 vertices=6 rho=8 anchor_shift=0
[FREE POLY] k=6 disc=0 raw=40 facets=4 vertices=7 rho=8.8 anchor_shift=0
[FREE POLY] k=6 disc=1 raw=40 facets=0 vertices=4 rho=4.8 anchor_shift=0
[FREE POLY] k=6 disc=2 raw=40 facets=3 vertices=6 rho=8.8 anchor_shift=0
[FREE POLY] k=7 disc=0 raw=40 facets=4 vertices=7 rho=9.6 anchor_shift=0
[FREE POLY] k=7 disc=1 raw=40 facets=3 vertices=6 rho=5.6 anchor_shift=0
[FREE POLY] k=7 disc=2 raw=40 facets=3 vertices=6 rho=9.6 anchor_shift=0
[FREE POLY] k=8 disc=0 raw=40 facets=4 vertices=7 rho=10.4 anchor_shift=0
[FREE POLY] k=8 disc=1 raw=40 facets=3 vertices=6 rho=6.4 anchor_shift=0
[FREE POLY] k=8 disc=2 raw=40 facets=3 vertices=6 rho=10.4 anchor_shift=0
[RF SUPPORT SEED] removed=0 support_limit=-1
[SQP] before_solve iter=0 vars=16 constraints=84 max_d=-1.8559
[QP WORST] iter=0 row=75 type=velocity d=-1.8559
[SQP] after_solve iter=0 converged=1 status=0 iterations=2 primal_residual=4.42354e-16 dual_residual=2.24808e-05 x_size=16 x_finite=1
[SQP LINESEARCH] iter=0 current_violation=0 accepted_violation=0 accepted=1 alpha=1 delta_u_norm=0.228727
[SQP SUPPORT] iter=0 support_size=0 support_limit=-1 support_ok=1
[SQP] before_solve iter=1 vars=16 constraints=84 max_d=-1.83859
[QP WORST] iter=1 row=75 type=velocity d=-1.83859
[SQP] after_solve iter=1 converged=1 status=0 iterations=2 primal_residual=4.16334e-16 dual_residual=1.22353e-05 x_size=16 x_finite=1
[SQP LINESEARCH] iter=1 current_violation=0 accepted_violation=0 accepted=1 alpha=1 delta_u_norm=0.170143
[SQP SUPPORT] iter=1 support_size=0 support_limit=-1 support_ok=1
[SQP] before_solve iter=2 vars=16 constraints=84 max_d=-1.83785
[QP WORST] iter=2 row=75 type=velocity d=-1.83785
[SQP] after_solve iter=2 converged=1 status=0 iterations=2 primal_residual=4.26959e-16 dual_residual=1.27172e-05 x_size=16 x_finite=1
[SQP LINESEARCH] iter=2 current_violation=0 accepted_violation=0 accepted=1 alpha=1 delta_u_norm=0.153622
[SQP SUPPORT] iter=2 support_size=0 support_limit=-1 support_ok=1
[SQP] before_solve iter=3 vars=16 constraints=84 max_d=-1.84079
[QP WORST] iter=3 row=75 type=velocity d=-1.84079
[SQP] after_solve iter=3 converged=1 status=0 iterations=2 primal_residual=4.25224e-16 dual_residual=6.81799e-06 x_size=16 x_finite=1
[SQP LINESEARCH] iter=3 current_violation=0 accepted_violation=0 accepted=1 alpha=1 delta_u_norm=0.14262
[SQP SUPPORT] iter=3 support_size=0 support_limit=-1 support_ok=1
[SQP] before_solve iter=4 vars=16 constraints=84 max_d=-1.84417
[QP WORST] iter=4 row=75 type=velocity d=-1.84417
[SQP] after_solve iter=4 converged=1 status=0 iterations=2 primal_residual=4.42517e-16 dual_residual=7.94413e-06 x_size=16 x_finite=1
[SQP LINESEARCH] iter=4 current_violation=0 accepted_violation=0 accepted=1 alpha=1 delta_u_norm=0.133434
[SQP SUPPORT] iter=4 support_size=0 support_limit=-1 support_ok=1
[SQP] before_solve iter=5 vars=16 constraints=84 max_d=-1.84727
[QP WORST] iter=5 row=75 type=velocity d=-1.84727
[SQP] after_solve iter=5 converged=1 status=0 iterations=2 primal_residual=4.35199e-16 dual_residual=5.17855e-06 x_size=16 x_finite=1
[SQP LINESEARCH] iter=5 current_violation=0 accepted_violation=0 accepted=1 alpha=1 delta_u_norm=0.125365
[SQP SUPPORT] iter=5 support_size=0 support_limit=-1 support_ok=1
[SQP] before_solve iter=6 vars=16 constraints=84 max_d=-1.84999
[QP WORST] iter=6 row=75 type=velocity d=-1.84999
[SQP] after_solve iter=6 converged=1 status=0 iterations=2 primal_residual=4.07145e-16 dual_residual=5.29747e-06 x_size=16 x_finite=1
[SQP LINESEARCH] iter=6 current_violation=0 accepted_violation=0 accepted=1 alpha=1 delta_u_norm=0.118156
[SQP SUPPORT] iter=6 support_size=0 support_limit=-1 support_ok=1
[SQP] before_solve iter=7 vars=16 constraints=84 max_d=-1.85236
[QP WORST] iter=7 row=75 type=velocity d=-1.85236
[SQP] after_solve iter=7 converged=1 status=0 iterations=2 primal_residual=4.31241e-16 dual_residual=3.90756e-06 x_size=16 x_finite=1
[SQP LINESEARCH] iter=7 current_violation=0 accepted_violation=0 accepted=1 alpha=1 delta_u_norm=0.111604
[SQP SUPPORT] iter=7 support_size=0 support_limit=-1 support_ok=1
[SQP] before_solve iter=8 vars=16 constraints=84 max_d=-1.85444
[QP WORST] iter=8 row=75 type=velocity d=-1.85444
[SQP] after_solve iter=8 converged=1 status=0 iterations=2 primal_residual=4.31079e-16 dual_residual=3.71425e-06 x_size=16 x_finite=1
[SQP LINESEARCH] iter=8 current_violation=0 accepted_violation=0 accepted=1 alpha=1 delta_u_norm=0.105604
[SQP SUPPORT] iter=8 support_size=0 support_limit=-1 support_ok=1
[SQP] before_solve iter=9 vars=16 constraints=84 max_d=-1.85558
[QP WORST] iter=9 row=77 type=velocity d=-1.85558
[SQP] after_solve iter=9 converged=1 status=0 iterations=2 primal_residual=4.21565e-16 dual_residual=2.95321e-06 x_size=16 x_finite=1
[SQP LINESEARCH] iter=9 current_violation=0 accepted_violation=0 accepted=1 alpha=1 delta_u_norm=0.10006
[SQP SUPPORT] iter=9 support_size=0 support_limit=-1 support_ok=1
[SQP FINAL] final_violation=0 violated_constraints=0
[SUPPORT FINAL] sqp_union=0 final_active=0 support_limit=-1
[SUPPORT FINAL IDS]
[SUPPORT UNION IDS]
[COLD START RECOVERY CHECK] ordinary_sqp_failed=0 seed_available=1 incompatible=0 try_homotopy=0
[HARNESS RESULT] step=53 success=1 controls=8 first_input_present=1
[MPC STEP METRICS] step=53 applied=1 success=1 fallback=0 a=-0.00116031 omega=-0.0543955 dt=0.1 acceleration_weight=0.1 steering_weight=0.1 control_cost_unweighted=0.00296022 control_cost_weighted=0.000296022 mpc_cost=-17.576 solve_time=0.0403979 qp_solve_time=0.0227837 constraint_time=0.00935854 dro_risk_time=0.000601026 ambiguity_radius=0.0018834 certificate=not_requested
[EVAL SAFETY] step=54 min_center_distance=3.12736 min_clearance=2.17736 collision_this_step=0 collision_run=0 collision_radius=0.95
[DRO SUMMARY] step=55 obstacle=0 S=40 rho=0.00186692 rho_raw=0.00186692 D_max=0.0115351 D_min=0.00578169 tv_bound=0.322902 eta=0.161847 eta_raw=0.161847 radius_m=55 radius_d=3 transport_cost=0 budget_usage=0 lambda=0 q_support=3 nominal_risk=0 qstar_risk=0 risk_lift=0 tv=0
[DRO MODE] step=55 obstacle=0 mode=constant_velocity p=0.256637 risk=0 q=0.256637 delta_q=0 q_times_S=10.2655
[DRO MODE] step=55 obstacle=0 mode=turn_left p=0.274336 risk=0 q=0.274336 delta_q=0 q_times_S=10.9735
[DRO MODE] step=55 obstacle=0 mode=turn_right p=0.469027 risk=0 q=0.469027 delta_q=0 q_times_S=18.7611
[DRO SAMPLE] step=55 obstacle=0 mode=constant_velocity q=0.256637 q_times_S=10.2655 first_count=12 first_fraction=0.3 occupancy=96 occupancy_fraction=0.3
[DRO SAMPLE] step=55 obstacle=0 mode=turn_left q=0.274336 q_times_S=10.9735 first_count=10 first_fraction=0.25 occupancy=80 occupancy_fraction=0.25
[DRO SAMPLE] step=55 obstacle=0 mode=turn_right q=0.469027 q_times_S=18.7611 first_count=18 first_fraction=0.45 occupancy=144 occupancy_fraction=0.45
[RF BACKUP] available=1 controls=8 states=9
[FREE POLY] k=1 disc=0 raw=40 facets=4 vertices=7 rho=4.8 anchor_shift=0
[FREE POLY] k=1 disc=1 raw=40 facets=0 vertices=4 rho=0.800001 anchor_shift=0
[FREE POLY] k=1 disc=2 raw=40 facets=0 vertices=4 rho=4.8 anchor_shift=0
[FREE POLY] k=2 disc=0 raw=40 facets=3 vertices=6 rho=5.6 anchor_shift=0
[FREE POLY] k=2 disc=1 raw=40 facets=0 vertices=4 rho=1.6 anchor_shift=0
[FREE POLY] k=2 disc=2 raw=40 facets=0 vertices=4 rho=5.6 anchor_shift=0
[FREE POLY] k=3 disc=0 raw=40 facets=4 vertices=7 rho=6.4 anchor_shift=0
[FREE POLY] k=3 disc=1 raw=40 facets=0 vertices=4 rho=2.4 anchor_shift=0
[FREE POLY] k=3 disc=2 raw=40 facets=0 vertices=4 rho=6.4 anchor_shift=0
[FREE POLY] k=4 disc=0 raw=40 facets=5 vertices=8 rho=7.2 anchor_shift=0
[FREE POLY] k=4 disc=1 raw=40 facets=0 vertices=4 rho=3.2 anchor_shift=0
[FREE POLY] k=4 disc=2 raw=40 facets=4 vertices=7 rho=7.2 anchor_shift=0
[FREE POLY] k=5 disc=0 raw=40 facets=5 vertices=8 rho=8 anchor_shift=0
[FREE POLY] k=5 disc=1 raw=40 facets=0 vertices=4 rho=4 anchor_shift=0
[FREE POLY] k=5 disc=2 raw=40 facets=3 vertices=6 rho=8 anchor_shift=0
[FREE POLY] k=6 disc=0 raw=40 facets=4 vertices=7 rho=8.8 anchor_shift=0
[FREE POLY] k=6 disc=1 raw=40 facets=0 vertices=4 rho=4.8 anchor_shift=0
[FREE POLY] k=6 disc=2 raw=40 facets=2 vertices=5 rho=8.8 anchor_shift=0
[FREE POLY] k=7 disc=0 raw=40 facets=6 vertices=9 rho=9.6 anchor_shift=0
[FREE POLY] k=7 disc=1 raw=40 facets=3 vertices=6 rho=5.6 anchor_shift=0
[FREE POLY] k=7 disc=2 raw=40 facets=4 vertices=7 rho=9.6 anchor_shift=0
[FREE POLY] k=8 disc=0 raw=40 facets=7 vertices=10 rho=10.4 anchor_shift=0
[FREE POLY] k=8 disc=1 raw=40 facets=4 vertices=7 rho=6.4 anchor_shift=0
[FREE POLY] k=8 disc=2 raw=40 facets=4 vertices=7 rho=10.4 anchor_shift=0
[RF SUPPORT SEED] removed=0 support_limit=-1
[SQP] before_solve iter=0 vars=16 constraints=94 max_d=-1.85592
[QP WORST] iter=0 row=85 type=velocity d=-1.85592
[SQP] after_solve iter=0 converged=1 status=0 iterations=2 primal_residual=4.4062e-16 dual_residual=1.96035e-05 x_size=16 x_finite=1
[SQP LINESEARCH] iter=0 current_violation=0 accepted_violation=0 accepted=1 alpha=1 delta_u_norm=0.228541
[SQP SUPPORT] iter=0 support_size=0 support_limit=-1 support_ok=1
[SQP] before_solve iter=1 vars=16 constraints=94 max_d=-1.83861
[QP WORST] iter=1 row=85 type=velocity d=-1.83861
[SQP] after_solve iter=1 converged=1 status=0 iterations=2 primal_residual=4.41487e-16 dual_residual=1.02843e-05 x_size=16 x_finite=1
[SQP LINESEARCH] iter=1 current_violation=0 accepted_violation=0 accepted=1 alpha=1 delta_u_norm=0.17003
[SQP SUPPORT] iter=1 support_size=0 support_limit=-1 support_ok=1
[SQP] before_solve iter=2 vars=16 constraints=94 max_d=-1.83787
[QP WORST] iter=2 row=85 type=velocity d=-1.83787
[SQP] after_solve iter=2 converged=1 status=0 iterations=2 primal_residual=4.44089e-16 dual_residual=1.11909e-05 x_size=16 x_finite=1
[SQP LINESEARCH] iter=2 current_violation=0 accepted_violation=0 accepted=1 alpha=1 delta_u_norm=0.15356
[SQP SUPPORT] iter=2 support_size=0 support_limit=-1 support_ok=1
[SQP] before_solve iter=3 vars=16 constraints=94 max_d=-1.84081
[QP WORST] iter=3 row=85 type=velocity d=-1.84081
[SQP] after_solve iter=3 converged=1 status=0 iterations=2 primal_residual=4.40837e-16 dual_residual=6.13058e-06 x_size=16 x_finite=1
[SQP LINESEARCH] iter=3 current_violation=0 accepted_violation=0 accepted=1 alpha=1 delta_u_norm=0.14259
[SQP SUPPORT] iter=3 support_size=0 support_limit=-1 support_ok=1
[SQP] before_solve iter=4 vars=16 constraints=94 max_d=-1.84419
[QP WORST] iter=4 row=85 type=velocity d=-1.84419
[SQP] after_solve iter=4 converged=1 status=0 iterations=2 primal_residual=4.4062e-16 dual_residual=7.05938e-06 x_size=16 x_finite=1
[SQP LINESEARCH] iter=4 current_violation=0 accepted_violation=0 accepted=1 alpha=1 delta_u_norm=0.133414
[SQP SUPPORT] iter=4 support_size=0 support_limit=-1 support_ok=1
[SQP] before_solve iter=5 vars=16 constraints=94 max_d=-1.84729
[QP WORST] iter=5 row=85 type=velocity d=-1.84729
[SQP] after_solve iter=5 converged=1 status=0 iterations=2 primal_residual=4.36825e-16 dual_residual=4.67007e-06 x_size=16 x_finite=1
[SQP LINESEARCH] iter=5 current_violation=0 accepted_violation=0 accepted=1 alpha=1 delta_u_norm=0.125354
[SQP SUPPORT] iter=5 support_size=0 support_limit=-1 support_ok=1
[SQP] before_solve iter=6 vars=16 constraints=94 max_d=-1.85001
[QP WORST] iter=6 row=85 type=velocity d=-1.85001
[SQP] after_solve iter=6 converged=1 status=0 iterations=2 primal_residual=4.44089e-16 dual_residual=4.7475e-06 x_size=16 x_finite=1
[SQP LINESEARCH] iter=6 current_violation=0 accepted_violation=0 accepted=1 alpha=1 delta_u_norm=0.118147
[SQP SUPPORT] iter=6 support_size=0 support_limit=-1 support_ok=1
[SQP] before_solve iter=7 vars=16 constraints=94 max_d=-1.85238
[QP WORST] iter=7 row=85 type=velocity d=-1.85238
[SQP] after_solve iter=7 converged=1 status=0 iterations=2 primal_residual=4.40511e-16 dual_residual=3.53896e-06 x_size=16 x_finite=1
[SQP LINESEARCH] iter=7 current_violation=0 accepted_violation=0 accepted=1 alpha=1 delta_u_norm=0.111598
[SQP SUPPORT] iter=7 support_size=0 support_limit=-1 support_ok=1
[SQP] before_solve iter=8 vars=16 constraints=94 max_d=-1.85446
[QP WORST] iter=8 row=85 type=velocity d=-1.85446
[SQP] after_solve iter=8 converged=1 status=0 iterations=2 primal_residual=4.25278e-16 dual_residual=3.35567e-06 x_size=16 x_finite=1
[SQP LINESEARCH] iter=8 current_violation=0 accepted_violation=0 accepted=1 alpha=1 delta_u_norm=0.105598
[SQP SUPPORT] iter=8 support_size=0 support_limit=-1 support_ok=1
[SQP] before_solve iter=9 vars=16 constraints=94 max_d=-1.85559
[QP WORST] iter=9 row=87 type=velocity d=-1.85559
[SQP] after_solve iter=9 converged=1 status=0 iterations=2 primal_residual=4.29967e-16 dual_residual=2.6892e-06 x_size=16 x_finite=1
[SQP LINESEARCH] iter=9 current_violation=0 accepted_violation=0 accepted=1 alpha=1 delta_u_norm=0.100056
[SQP SUPPORT] iter=9 support_size=0 support_limit=-1 support_ok=1
[SQP FINAL] final_violation=0 violated_constraints=0
[SUPPORT FINAL] sqp_union=0 final_active=0 support_limit=-1
[SUPPORT FINAL IDS]
[SUPPORT UNION IDS]
[COLD START RECOVERY CHECK] ordinary_sqp_failed=0 seed_available=1 incompatible=0 try_homotopy=0
[HARNESS RESULT] step=54 success=1 controls=8 first_input_present=1
[MPC STEP METRICS] step=54 applied=1 success=1 fallback=0 a=-0.000842678 omega=-0.0463568 dt=0.1 acceleration_weight=0.1 steering_weight=0.1 control_cost_unweighted=0.00214966 control_cost_weighted=0.000214966 mpc_cost=-17.5795 solve_time=0.0328186 qp_solve_time=0.0199332 constraint_time=0.00699326 dro_risk_time=0.000411109 ambiguity_radius=0.00186692 certificate=not_requested
[EVAL SAFETY] step=55 min_center_distance=3.32661 min_clearance=2.37661 collision_this_step=0 collision_run=0 collision_radius=0.95
[DRO SUMMARY] step=56 obstacle=0 S=40 rho=0.00185033 rho_raw=0.00185033 D_max=0.0115351 D_min=0.00578169 tv_bound=0.320034 eta=0.160409 eta_raw=0.160409 radius_m=56 radius_d=3 transport_cost=0 budget_usage=0 lambda=0 q_support=3 nominal_risk=0 qstar_risk=0 risk_lift=0 tv=0
[DRO MODE] step=56 obstacle=0 mode=constant_velocity p=0.252174 risk=0 q=0.252174 delta_q=0 q_times_S=10.087
[DRO MODE] step=56 obstacle=0 mode=turn_left p=0.269565 risk=0 q=0.269565 delta_q=0 q_times_S=10.7826
[DRO MODE] step=56 obstacle=0 mode=turn_right p=0.478261 risk=0 q=0.478261 delta_q=0 q_times_S=19.1304
[DRO SAMPLE] step=56 obstacle=0 mode=constant_velocity q=0.252174 q_times_S=10.087 first_count=16 first_fraction=0.4 occupancy=128 occupancy_fraction=0.4
[DRO SAMPLE] step=56 obstacle=0 mode=turn_left q=0.269565 q_times_S=10.7826 first_count=8 first_fraction=0.2 occupancy=64 occupancy_fraction=0.2
[DRO SAMPLE] step=56 obstacle=0 mode=turn_right q=0.478261 q_times_S=19.1304 first_count=16 first_fraction=0.4 occupancy=128 occupancy_fraction=0.4
[RF BACKUP] available=1 controls=8 states=9
[FREE POLY] k=1 disc=0 raw=40 facets=4 vertices=7 rho=4.8 anchor_shift=0
[FREE POLY] k=1 disc=1 raw=40 facets=0 vertices=4 rho=0.800001 anchor_shift=0
[FREE POLY] k=1 disc=2 raw=40 facets=0 vertices=4 rho=4.8 anchor_shift=0
[FREE POLY] k=2 disc=0 raw=40 facets=4 vertices=7 rho=5.6 anchor_shift=0
[FREE POLY] k=2 disc=1 raw=40 facets=0 vertices=4 rho=1.6 anchor_shift=0
[FREE POLY] k=2 disc=2 raw=40 facets=0 vertices=4 rho=5.6 anchor_shift=0
[FREE POLY] k=3 disc=0 raw=40 facets=3 vertices=6 rho=6.4 anchor_shift=0
[FREE POLY] k=3 disc=1 raw=40 facets=0 vertices=4 rho=2.4 anchor_shift=0
[FREE POLY] k=3 disc=2 raw=40 facets=0 vertices=4 rho=6.4 anchor_shift=0
[FREE POLY] k=4 disc=0 raw=40 facets=2 vertices=5 rho=7.2 anchor_shift=0
[FREE POLY] k=4 disc=1 raw=40 facets=0 vertices=4 rho=3.2 anchor_shift=0
[FREE POLY] k=4 disc=2 raw=40 facets=2 vertices=6 rho=7.2 anchor_shift=0
[FREE POLY] k=5 disc=0 raw=40 facets=4 vertices=7 rho=8 anchor_shift=0
[FREE POLY] k=5 disc=1 raw=40 facets=0 vertices=4 rho=4 anchor_shift=0
[FREE POLY] k=5 disc=2 raw=40 facets=3 vertices=6 rho=8 anchor_shift=0
[FREE POLY] k=6 disc=0 raw=40 facets=4 vertices=7 rho=8.8 anchor_shift=0
[FREE POLY] k=6 disc=1 raw=40 facets=0 vertices=4 rho=4.8 anchor_shift=0
[FREE POLY] k=6 disc=2 raw=40 facets=3 vertices=6 rho=8.8 anchor_shift=0
[FREE POLY] k=7 disc=0 raw=40 facets=3 vertices=6 rho=9.6 anchor_shift=0
[FREE POLY] k=7 disc=1 raw=40 facets=1 vertices=5 rho=5.6 anchor_shift=0
[FREE POLY] k=7 disc=2 raw=40 facets=3 vertices=6 rho=9.6 anchor_shift=0
[FREE POLY] k=8 disc=0 raw=40 facets=3 vertices=6 rho=10.4 anchor_shift=0
[FREE POLY] k=8 disc=1 raw=40 facets=3 vertices=6 rho=6.4 anchor_shift=0
[FREE POLY] k=8 disc=2 raw=40 facets=3 vertices=6 rho=10.4 anchor_shift=0
[RF SUPPORT SEED] removed=0 support_limit=-1
[SQP] before_solve iter=0 vars=16 constraints=77 max_d=-1.85593
[QP WORST] iter=0 row=68 type=velocity d=-1.85593
[SQP] after_solve iter=0 converged=1 status=0 iterations=2 primal_residual=4.3715e-16 dual_residual=1.71433e-05 x_size=16 x_finite=1
[SQP LINESEARCH] iter=0 current_violation=0 accepted_violation=0 accepted=1 alpha=1 delta_u_norm=0.228408
[SQP SUPPORT] iter=0 support_size=0 support_limit=-1 support_ok=1
[SQP] before_solve iter=1 vars=16 constraints=77 max_d=-1.83862
[QP WORST] iter=1 row=68 type=velocity d=-1.83862
[SQP] after_solve iter=1 converged=1 status=0 iterations=2 primal_residual=4.09395e-16 dual_residual=9.10705e-06 x_size=16 x_finite=1
[SQP LINESEARCH] iter=1 current_violation=0 accepted_violation=0 accepted=1 alpha=1 delta_u_norm=0.169949
[SQP SUPPORT] iter=1 support_size=0 support_limit=-1 support_ok=1
[SQP] before_solve iter=2 vars=16 constraints=77 max_d=-1.83788
[QP WORST] iter=2 row=68 type=velocity d=-1.83788
[SQP] after_solve iter=2 converged=1 status=0 iterations=2 primal_residual=4.24465e-16 dual_residual=9.89015e-06 x_size=16 x_finite=1
[SQP LINESEARCH] iter=2 current_violation=0 accepted_violation=0 accepted=1 alpha=1 delta_u_norm=0.153514
[SQP SUPPORT] iter=2 support_size=0 support_limit=-1 support_ok=1
[SQP] before_solve iter=3 vars=16 constraints=77 max_d=-1.84082
[QP WORST] iter=3 row=68 type=velocity d=-1.84082
[SQP] after_solve iter=3 converged=1 status=0 iterations=2 primal_residual=4.4333e-16 dual_residual=5.54033e-06 x_size=16 x_finite=1
[SQP LINESEARCH] iter=3 current_violation=0 accepted_violation=0 accepted=1 alpha=1 delta_u_norm=0.142568
[SQP SUPPORT] iter=3 support_size=0 support_limit=-1 support_ok=1
[SQP] before_solve iter=4 vars=16 constraints=77 max_d=-1.84421
[QP WORST] iter=4 row=68 type=velocity d=-1.84421
[SQP] after_solve iter=4 converged=1 status=0 iterations=2 primal_residual=4.31946e-16 dual_residual=6.30117e-06 x_size=16 x_finite=1
[SQP LINESEARCH] iter=4 current_violation=0 accepted_violation=0 accepted=1 alpha=1 delta_u_norm=0.133399
[SQP SUPPORT] iter=4 support_size=0 support_limit=-1 support_ok=1
[SQP] before_solve iter=5 vars=16 constraints=77 max_d=-1.84731
[QP WORST] iter=5 row=68 type=velocity d=-1.84731
[SQP] after_solve iter=5 converged=1 status=0 iterations=2 primal_residual=4.3715e-16 dual_residual=4.2337e-06 x_size=16 x_finite=1
[SQP LINESEARCH] iter=5 current_violation=0 accepted_violation=0 accepted=1 alpha=1 delta_u_norm=0.125346
[SQP SUPPORT] iter=5 support_size=0 support_limit=-1 support_ok=1
[SQP] before_solve iter=6 vars=16 constraints=77 max_d=-1.85003
[QP WORST] iter=6 row=68 type=velocity d=-1.85003
[SQP] after_solve iter=6 converged=1 status=0 iterations=2 primal_residual=4.35795e-16 dual_residual=4.27576e-06 x_size=16 x_finite=1
[SQP LINESEARCH] iter=6 current_violation=0 accepted_violation=0 accepted=1 alpha=1 delta_u_norm=0.11814
[SQP SUPPORT] iter=6 support_size=0 support_limit=-1 support_ok=1
[SQP] before_solve iter=7 vars=16 constraints=77 max_d=-1.8524
[QP WORST] iter=7 row=68 type=velocity d=-1.8524
[SQP] after_solve iter=7 converged=1 status=0 iterations=2 primal_residual=4.41053e-16 dual_residual=3.22254e-06 x_size=16 x_finite=1
[SQP LINESEARCH] iter=7 current_violation=0 accepted_violation=0 accepted=1 alpha=1 delta_u_norm=0.111594
[SQP SUPPORT] iter=7 support_size=0 support_limit=-1 support_ok=1
[SQP] before_solve iter=8 vars=16 constraints=77 max_d=-1.85448
[QP WORST] iter=8 row=68 type=velocity d=-1.85448
[SQP] after_solve iter=8 converged=1 status=0 iterations=2 primal_residual=4.44089e-16 dual_residual=3.04788e-06 x_size=16 x_finite=1
[SQP LINESEARCH] iter=8 current_violation=0 accepted_violation=0 accepted=1 alpha=1 delta_u_norm=0.105594
[SQP SUPPORT] iter=8 support_size=0 support_limit=-1 support_ok=1
[SQP] before_solve iter=9 vars=16 constraints=77 max_d=-1.8556
[QP WORST] iter=9 row=70 type=velocity d=-1.8556
[SQP] after_solve iter=9 converged=1 status=0 iterations=2 primal_residual=4.19803e-16 dual_residual=2.46247e-06 x_size=16 x_finite=1
[SQP LINESEARCH] iter=9 current_violation=0 accepted_violation=0 accepted=1 alpha=1 delta_u_norm=0.100053
[SQP SUPPORT] iter=9 support_size=0 support_limit=-1 support_ok=1
[SQP FINAL] final_violation=0 violated_constraints=0
[SUPPORT FINAL] sqp_union=0 final_active=0 support_limit=-1
[SUPPORT FINAL IDS]
[SUPPORT UNION IDS]
[COLD START RECOVERY CHECK] ordinary_sqp_failed=0 seed_available=1 incompatible=0 try_homotopy=0
[HARNESS RESULT] step=55 success=1 controls=8 first_input_present=1
[MPC STEP METRICS] step=55 applied=1 success=1 fallback=0 a=-0.00061166 omega=-0.0395009 dt=0.1 acceleration_weight=0.1 steering_weight=0.1 control_cost_unweighted=0.00156069 control_cost_weighted=0.000156069 mpc_cost=-17.582 solve_time=0.0310917 qp_solve_time=0.0188679 constraint_time=0.00650136 dro_risk_time=0.000408926 ambiguity_radius=0.00185033 certificate=not_requested
[EVAL SAFETY] step=56 min_center_distance=3.52621 min_clearance=2.57621 collision_this_step=0 collision_run=0 collision_radius=0.95
[DRO SUMMARY] step=57 obstacle=0 S=40 rho=0.00182761 rho_raw=0.00182761 D_max=0.0115351 D_min=0.00578169 tv_bound=0.316104 eta=0.158439 eta_raw=0.158439 radius_m=57 radius_d=3 transport_cost=0 budget_usage=0 lambda=0 q_support=3 nominal_risk=0 qstar_risk=0 risk_lift=0 tv=0
[DRO MODE] step=57 obstacle=0 mode=constant_velocity p=0.264957 risk=0 q=0.264957 delta_q=0 q_times_S=10.5983
[DRO MODE] step=57 obstacle=0 mode=turn_left p=0.264957 risk=0 q=0.264957 delta_q=0 q_times_S=10.5983
[DRO MODE] step=57 obstacle=0 mode=turn_right p=0.470085 risk=0 q=0.470085 delta_q=0 q_times_S=18.8034
[DRO SAMPLE] step=57 obstacle=0 mode=constant_velocity q=0.264957 q_times_S=10.5983 first_count=13 first_fraction=0.325 occupancy=104 occupancy_fraction=0.325
[DRO SAMPLE] step=57 obstacle=0 mode=turn_left q=0.264957 q_times_S=10.5983 first_count=8 first_fraction=0.2 occupancy=64 occupancy_fraction=0.2
[DRO SAMPLE] step=57 obstacle=0 mode=turn_right q=0.470085 q_times_S=18.8034 first_count=19 first_fraction=0.475 occupancy=152 occupancy_fraction=0.475
[RF BACKUP] available=1 controls=8 states=9
[FREE POLY] k=1 disc=0 raw=40 facets=5 vertices=8 rho=4.8 anchor_shift=0
[FREE POLY] k=1 disc=1 raw=40 facets=0 vertices=4 rho=0.800001 anchor_shift=0
[FREE POLY] k=1 disc=2 raw=40 facets=0 vertices=4 rho=4.8 anchor_shift=0
[FREE POLY] k=2 disc=0 raw=40 facets=5 vertices=8 rho=5.6 anchor_shift=0
[FREE POLY] k=2 disc=1 raw=40 facets=0 vertices=4 rho=1.6 anchor_shift=0
[FREE POLY] k=2 disc=2 raw=40 facets=0 vertices=4 rho=5.6 anchor_shift=0
[FREE POLY] k=3 disc=0 raw=40 facets=4 vertices=7 rho=6.4 anchor_shift=0
[FREE POLY] k=3 disc=1 raw=40 facets=0 vertices=4 rho=2.4 anchor_shift=0
[FREE POLY] k=3 disc=2 raw=40 facets=0 vertices=4 rho=6.4 anchor_shift=0
[FREE POLY] k=4 disc=0 raw=40 facets=4 vertices=7 rho=7.2 anchor_shift=0
[FREE POLY] k=4 disc=1 raw=40 facets=0 vertices=4 rho=3.2 anchor_shift=0
[FREE POLY] k=4 disc=2 raw=40 facets=0 vertices=4 rho=7.2 anchor_shift=0
[FREE POLY] k=5 disc=0 raw=40 facets=3 vertices=6 rho=8 anchor_shift=0
[FREE POLY] k=5 disc=1 raw=40 facets=0 vertices=4 rho=4 anchor_shift=0
[FREE POLY] k=5 disc=2 raw=40 facets=3 vertices=6 rho=8 anchor_shift=0
[FREE POLY] k=6 disc=0 raw=40 facets=3 vertices=6 rho=8.8 anchor_shift=0
[FREE POLY] k=6 disc=1 raw=40 facets=0 vertices=4 rho=4.8 anchor_shift=0
[FREE POLY] k=6 disc=2 raw=40 facets=2 vertices=5 rho=8.8 anchor_shift=0
[FREE POLY] k=7 disc=0 raw=40 facets=4 vertices=7 rho=9.6 anchor_shift=0
[FREE POLY] k=7 disc=1 raw=40 facets=0 vertices=4 rho=5.6 anchor_shift=0
[FREE POLY] k=7 disc=2 raw=40 facets=2 vertices=5 rho=9.6 anchor_shift=0
[FREE POLY] k=8 disc=0 raw=40 facets=4 vertices=7 rho=10.4 anchor_shift=0
[FREE POLY] k=8 disc=1 raw=40 facets=3 vertices=6 rho=6.4 anchor_shift=0
[FREE POLY] k=8 disc=2 raw=40 facets=3 vertices=6 rho=10.4 anchor_shift=0
[RF SUPPORT SEED] removed=0 support_limit=-1
[SQP] before_solve iter=0 vars=16 constraints=77 max_d=-1.85594
[QP WORST] iter=0 row=68 type=velocity d=-1.85594
[SQP] after_solve iter=0 converged=1 status=0 iterations=2 primal_residual=5.96745e-16 dual_residual=1.507e-05 x_size=16 x_finite=1
[SQP LINESEARCH] iter=0 current_violation=0 accepted_violation=0 accepted=1 alpha=1 delta_u_norm=0.228312
[SQP SUPPORT] iter=0 support_size=0 support_limit=-1 support_ok=1
[SQP] before_solve iter=1 vars=16 constraints=77 max_d=-1.83863
[QP WORST] iter=1 row=68 type=velocity d=-1.83863
[SQP] after_solve iter=1 converged=1 status=0 iterations=2 primal_residual=5.70724e-16 dual_residual=8.16205e-06 x_size=16 x_finite=1
[SQP LINESEARCH] iter=1 current_violation=0 accepted_violation=0 accepted=1 alpha=1 delta_u_norm=0.16989
[SQP SUPPORT] iter=1 support_size=0 support_limit=-1 support_ok=1
[SQP] before_solve iter=2 vars=16 constraints=77 max_d=-1.83789
[QP WORST] iter=2 row=68 type=velocity d=-1.83789
[SQP] after_solve iter=2 converged=1 status=0 iterations=2 primal_residual=7.58291e-16 dual_residual=8.77849e-06 x_size=16 x_finite=1
[SQP LINESEARCH] iter=2 current_violation=0 accepted_violation=0 accepted=1 alpha=1 delta_u_norm=0.153482
[SQP SUPPORT] iter=2 support_size=0 support_limit=-1 support_ok=1
[SQP] before_solve iter=3 vars=16 constraints=77 max_d=-1.84083
[QP WORST] iter=3 row=68 type=velocity d=-1.84083
[SQP] after_solve iter=3 converged=1 status=0 iterations=2 primal_residual=4.6127e-16 dual_residual=5.03451e-06 x_size=16 x_finite=1
[SQP LINESEARCH] iter=3 current_violation=0 accepted_violation=0 accepted=1 alpha=1 delta_u_norm=0.142552
[SQP SUPPORT] iter=3 support_size=0 support_limit=-1 support_ok=1
[SQP] before_solve iter=4 vars=16 constraints=77 max_d=-1.84422
[QP WORST] iter=4 row=68 type=velocity d=-1.84422
[SQP] after_solve iter=4 converged=1 status=0 iterations=2 primal_residual=4.87823e-16 dual_residual=5.65213e-06 x_size=16 x_finite=1
[SQP LINESEARCH] iter=4 current_violation=0 accepted_violation=0 accepted=1 alpha=1 delta_u_norm=0.133388
[SQP SUPPORT] iter=4 support_size=0 support_limit=-1 support_ok=1
[SQP] before_solve iter=5 vars=16 constraints=77 max_d=-1.84732
[QP WORST] iter=5 row=68 type=velocity d=-1.84732
[SQP] after_solve iter=5 converged=1 status=0 iterations=2 primal_residual=8.00507e-16 dual_residual=3.85975e-06 x_size=16 x_finite=1
[SQP LINESEARCH] iter=5 current_violation=0 accepted_violation=0 accepted=1 alpha=1 delta_u_norm=0.125341
[SQP SUPPORT] iter=5 support_size=0 support_limit=-1 support_ok=1
[SQP] before_solve iter=6 vars=16 constraints=77 max_d=-1.85004
[QP WORST] iter=6 row=68 type=velocity d=-1.85004
[SQP] after_solve iter=6 converged=1 status=0 iterations=2 primal_residual=4.29724e-16 dual_residual=3.87166e-06 x_size=16 x_finite=1
[SQP LINESEARCH] iter=6 current_violation=0 accepted_violation=0 accepted=1 alpha=1 delta_u_norm=0.118136
[SQP SUPPORT] iter=6 support_size=0 support_limit=-1 support_ok=1
[SQP] before_solve iter=7 vars=16 constraints=77 max_d=-1.85241
[QP WORST] iter=7 row=68 type=velocity d=-1.85241
[SQP] after_solve iter=7 converged=1 status=0 iterations=2 primal_residual=6.25232e-16 dual_residual=2.95136e-06 x_size=16 x_finite=1
[SQP LINESEARCH] iter=7 current_violation=0 accepted_violation=0 accepted=1 alpha=1 delta_u_norm=0.111591
[SQP SUPPORT] iter=7 support_size=0 support_limit=-1 support_ok=1
[SQP] before_solve iter=8 vars=16 constraints=77 max_d=-1.85449
[QP WORST] iter=8 row=68 type=velocity d=-1.85449
[SQP] after_solve iter=8 converged=1 status=0 iterations=2 primal_residual=8.77201e-16 dual_residual=2.78411e-06 x_size=16 x_finite=1
[SQP LINESEARCH] iter=8 current_violation=0 accepted_violation=0 accepted=1 alpha=1 delta_u_norm=0.105591
[SQP SUPPORT] iter=8 support_size=0 support_limit=-1 support_ok=1
[SQP] before_solve iter=9 vars=16 constraints=77 max_d=-1.85561
[QP WORST] iter=9 row=70 type=velocity d=-1.85561
[SQP] after_solve iter=9 converged=1 status=0 iterations=2 primal_residual=4.04435e-16 dual_residual=2.26813e-06 x_size=16 x_finite=1
[SQP LINESEARCH] iter=9 current_violation=0 accepted_violation=0 accepted=1 alpha=1 delta_u_norm=0.100051
[SQP SUPPORT] iter=9 support_size=0 support_limit=-1 support_ok=1
[SQP FINAL] final_violation=0 violated_constraints=0
[SUPPORT FINAL] sqp_union=0 final_active=0 support_limit=-1
[SUPPORT FINAL IDS]
[SUPPORT UNION IDS]
[COLD START RECOVERY CHECK] ordinary_sqp_failed=0 seed_available=1 incompatible=0 try_homotopy=0
[HARNESS RESULT] step=56 success=1 controls=8 first_input_present=1
[MPC STEP METRICS] step=56 applied=1 success=1 fallback=0 a=-0.000443991 omega=-0.0336559 dt=0.1 acceleration_weight=0.1 steering_weight=0.1 control_cost_unweighted=0.00113292 control_cost_weighted=0.000113292 mpc_cost=-17.5838 solve_time=0.0310281 qp_solve_time=0.01889 constraint_time=0.00639634 dro_risk_time=0.000409878 ambiguity_radius=0.00182761 certificate=not_requested
[EVAL SAFETY] step=57 min_center_distance=3.72596 min_clearance=2.77596 collision_this_step=0 collision_run=0 collision_radius=0.95
[DRO SUMMARY] step=58 obstacle=0 S=40 rho=0.0018053 rho_raw=0.0018053 D_max=0.0115351 D_min=0.00578169 tv_bound=0.312245 eta=0.156505 eta_raw=0.156505 radius_m=58 radius_d=3 transport_cost=0 budget_usage=0 lambda=0 q_support=3 nominal_risk=0 qstar_risk=0 risk_lift=0 tv=0
[DRO MODE] step=58 obstacle=0 mode=constant_velocity p=0.277311 risk=0 q=0.277311 delta_q=0 q_times_S=11.0924
[DRO MODE] step=58 obstacle=0 mode=turn_left p=0.260504 risk=0 q=0.260504 delta_q=0 q_times_S=10.4202
[DRO MODE] step=58 obstacle=0 mode=turn_right p=0.462185 risk=0 q=0.462185 delta_q=0 q_times_S=18.4874
[DRO SAMPLE] step=58 obstacle=0 mode=constant_velocity q=0.277311 q_times_S=11.0924 first_count=13 first_fraction=0.325 occupancy=104 occupancy_fraction=0.325
[DRO SAMPLE] step=58 obstacle=0 mode=turn_left q=0.260504 q_times_S=10.4202 first_count=8 first_fraction=0.2 occupancy=64 occupancy_fraction=0.2
[DRO SAMPLE] step=58 obstacle=0 mode=turn_right q=0.462185 q_times_S=18.4874 first_count=19 first_fraction=0.475 occupancy=152 occupancy_fraction=0.475
[RF BACKUP] available=1 controls=8 states=9
[FREE POLY] k=1 disc=0 raw=40 facets=3 vertices=6 rho=4.8 anchor_shift=0
[FREE POLY] k=1 disc=1 raw=40 facets=0 vertices=4 rho=0.800001 anchor_shift=0
[FREE POLY] k=1 disc=2 raw=40 facets=0 vertices=4 rho=4.8 anchor_shift=0
[FREE POLY] k=2 disc=0 raw=40 facets=3 vertices=6 rho=5.6 anchor_shift=0
[FREE POLY] k=2 disc=1 raw=40 facets=0 vertices=4 rho=1.6 anchor_shift=0
[FREE POLY] k=2 disc=2 raw=40 facets=0 vertices=4 rho=5.6 anchor_shift=0
[FREE POLY] k=3 disc=0 raw=40 facets=4 vertices=7 rho=6.4 anchor_shift=0
[FREE POLY] k=3 disc=1 raw=40 facets=0 vertices=4 rho=2.4 anchor_shift=0
[FREE POLY] k=3 disc=2 raw=40 facets=0 vertices=4 rho=6.4 anchor_shift=0
[FREE POLY] k=4 disc=0 raw=40 facets=3 vertices=6 rho=7.2 anchor_shift=0
[FREE POLY] k=4 disc=1 raw=40 facets=0 vertices=4 rho=3.2 anchor_shift=0
[FREE POLY] k=4 disc=2 raw=40 facets=0 vertices=4 rho=7.2 anchor_shift=0
[FREE POLY] k=5 disc=0 raw=40 facets=3 vertices=6 rho=8 anchor_shift=0
[FREE POLY] k=5 disc=1 raw=40 facets=0 vertices=4 rho=4 anchor_shift=0
[FREE POLY] k=5 disc=2 raw=40 facets=3 vertices=6 rho=8 anchor_shift=0
[FREE POLY] k=6 disc=0 raw=40 facets=3 vertices=6 rho=8.8 anchor_shift=0
[FREE POLY] k=6 disc=1 raw=40 facets=0 vertices=4 rho=4.8 anchor_shift=0
[FREE POLY] k=6 disc=2 raw=40 facets=3 vertices=6 rho=8.8 anchor_shift=0
[FREE POLY] k=7 disc=0 raw=40 facets=4 vertices=7 rho=9.6 anchor_shift=0
[FREE POLY] k=7 disc=1 raw=40 facets=0 vertices=4 rho=5.6 anchor_shift=0
[FREE POLY] k=7 disc=2 raw=40 facets=4 vertices=7 rho=9.6 anchor_shift=0
[FREE POLY] k=8 disc=0 raw=40 facets=4 vertices=7 rho=10.4 anchor_shift=0
[FREE POLY] k=8 disc=1 raw=40 facets=3 vertices=6 rho=6.4 anchor_shift=0
[FREE POLY] k=8 disc=2 raw=40 facets=3 vertices=6 rho=10.4 anchor_shift=0
[RF SUPPORT SEED] removed=0 support_limit=-1
[SQP] before_solve iter=0 vars=16 constraints=75 max_d=-1.85595
[QP WORST] iter=0 row=66 type=velocity d=-1.85595
[SQP] after_solve iter=0 converged=1 status=0 iterations=2 primal_residual=8.79505e-16 dual_residual=1.32872e-05 x_size=16 x_finite=1
[SQP LINESEARCH] iter=0 current_violation=0 accepted_violation=0 accepted=1 alpha=1 delta_u_norm=0.228244
[SQP SUPPORT] iter=0 support_size=0 support_limit=-1 support_ok=1
[SQP] before_solve iter=1 vars=16 constraints=75 max_d=-1.83863
[QP WORST] iter=1 row=66 type=velocity d=-1.83863
[SQP] after_solve iter=1 converged=1 status=0 iterations=2 primal_residual=7.74554e-16 dual_residual=7.34314e-06 x_size=16 x_finite=1
[SQP LINESEARCH] iter=1 current_violation=0 accepted_violation=0 accepted=1 alpha=1 delta_u_norm=0.169847
[SQP SUPPORT] iter=1 support_size=0 support_limit=-1 support_ok=1
[SQP] before_solve iter=2 vars=16 constraints=75 max_d=-1.8379
[QP WORST] iter=2 row=66 type=velocity d=-1.8379
[SQP] after_solve iter=2 converged=1 status=0 iterations=2 primal_residual=8.81944e-16 dual_residual=7.82734e-06 x_size=16 x_finite=1
[SQP LINESEARCH] iter=2 current_violation=0 accepted_violation=0 accepted=1 alpha=1 delta_u_norm=0.153459
[SQP SUPPORT] iter=2 support_size=0 support_limit=-1 support_ok=1
[SQP] before_solve iter=3 vars=16 constraints=75 max_d=-1.84084
[QP WORST] iter=3 row=66 type=velocity d=-1.84084
[SQP] after_solve iter=3 converged=1 status=0 iterations=2 primal_residual=7.86941e-16 dual_residual=4.60097e-06 x_size=16 x_finite=1
[SQP LINESEARCH] iter=3 current_violation=0 accepted_violation=0 accepted=1 alpha=1 delta_u_norm=0.142541
[SQP SUPPORT] iter=3 support_size=0 support_limit=-1 support_ok=1
[SQP] before_solve iter=4 vars=16 constraints=75 max_d=-1.84423
[QP WORST] iter=4 row=66 type=velocity d=-1.84423
[SQP] after_solve iter=4 converged=1 status=0 iterations=2 primal_residual=7.03159e-16 dual_residual=5.09658e-06 x_size=16 x_finite=1
[SQP LINESEARCH] iter=4 current_violation=0 accepted_violation=0 accepted=1 alpha=1 delta_u_norm=0.133381
[SQP SUPPORT] iter=4 support_size=0 support_limit=-1 support_ok=1
[SQP] before_solve iter=5 vars=16 constraints=75 max_d=-1.84733
[QP WORST] iter=5 row=66 type=velocity d=-1.84733
[SQP] after_solve iter=5 converged=1 status=0 iterations=2 primal_residual=7.15817e-16 dual_residual=3.53935e-06 x_size=16 x_finite=1
[SQP LINESEARCH] iter=5 current_violation=0 accepted_violation=0 accepted=1 alpha=1 delta_u_norm=0.125337
[SQP SUPPORT] iter=5 support_size=0 support_limit=-1 support_ok=1
[SQP] before_solve iter=6 vars=16 constraints=75 max_d=-1.85005
[QP WORST] iter=6 row=66 type=velocity d=-1.85005
[SQP] after_solve iter=6 converged=1 status=0 iterations=2 primal_residual=7.07388e-16 dual_residual=3.52553e-06 x_size=16 x_finite=1
[SQP LINESEARCH] iter=6 current_violation=0 accepted_violation=0 accepted=1 alpha=1 delta_u_norm=0.118132
[SQP SUPPORT] iter=6 support_size=0 support_limit=-1 support_ok=1
[SQP] before_solve iter=7 vars=16 constraints=75 max_d=-1.85242
[QP WORST] iter=7 row=66 type=velocity d=-1.85242
[SQP] after_solve iter=7 converged=1 status=0 iterations=2 primal_residual=5.00305e-16 dual_residual=2.71896e-06 x_size=16 x_finite=1
[SQP LINESEARCH] iter=7 current_violation=0 accepted_violation=0 accepted=1 alpha=1 delta_u_norm=0.111588
[SQP SUPPORT] iter=7 support_size=0 support_limit=-1 support_ok=1
[SQP] before_solve iter=8 vars=16 constraints=75 max_d=-1.8545
[QP WORST] iter=8 row=66 type=velocity d=-1.8545
[SQP] after_solve iter=8 converged=1 status=0 iterations=2 primal_residual=6.9828e-16 dual_residual=2.55804e-06 x_size=16 x_finite=1
[SQP LINESEARCH] iter=8 current_violation=0 accepted_violation=0 accepted=1 alpha=1 delta_u_norm=0.105589
[SQP SUPPORT] iter=8 support_size=0 support_limit=-1 support_ok=1
[SQP] before_solve iter=9 vars=16 constraints=75 max_d=-1.85561
[QP WORST] iter=9 row=68 type=velocity d=-1.85561
[SQP] after_solve iter=9 converged=1 status=0 iterations=2 primal_residual=8.63133e-16 dual_residual=2.10151e-06 x_size=16 x_finite=1
[SQP LINESEARCH] iter=9 current_violation=0 accepted_violation=0 accepted=1 alpha=1 delta_u_norm=0.100049
[SQP SUPPORT] iter=9 support_size=0 support_limit=-1 support_ok=1
[SQP FINAL] final_violation=0 violated_constraints=0
[SUPPORT FINAL] sqp_union=0 final_active=0 support_limit=-1
[SUPPORT FINAL IDS]
[SUPPORT UNION IDS]
[COLD START RECOVERY CHECK] ordinary_sqp_failed=0 seed_available=1 incompatible=0 try_homotopy=0
[HARNESS RESULT] step=57 success=1 controls=8 first_input_present=1
[MPC STEP METRICS] step=57 applied=1 success=1 fallback=0 a=-0.000322311 omega=-0.0286747 dt=0.1 acceleration_weight=0.1 steering_weight=0.1 control_cost_unweighted=0.000822344 control_cost_weighted=8.22344e-05 mpc_cost=-17.5851 solve_time=0.0304276 qp_solve_time=0.0182792 constraint_time=0.0064706 dro_risk_time=0.000404407 ambiguity_radius=0.0018053 certificate=not_requested
[EVAL SAFETY] step=58 min_center_distance=3.92581 min_clearance=2.97581 collision_this_step=0 collision_run=0 collision_radius=0.95
[DRO SUMMARY] step=59 obstacle=0 S=40 rho=0.001794 rho_raw=0.001794 D_max=0.0115351 D_min=0.00578169 tv_bound=0.31029 eta=0.155525 eta_raw=0.155525 radius_m=59 radius_d=3 transport_cost=0 budget_usage=0 lambda=0 q_support=3 nominal_risk=0 qstar_risk=0 risk_lift=0 tv=0
[DRO MODE] step=59 obstacle=0 mode=constant_velocity p=0.272727 risk=0 q=0.272727 delta_q=0 q_times_S=10.9091
[DRO MODE] step=59 obstacle=0 mode=turn_left p=0.272727 risk=0 q=0.272727 delta_q=0 q_times_S=10.9091
[DRO MODE] step=59 obstacle=0 mode=turn_right p=0.454545 risk=0 q=0.454545 delta_q=0 q_times_S=18.1818
[DRO SAMPLE] step=59 obstacle=0 mode=constant_velocity q=0.272727 q_times_S=10.9091 first_count=9 first_fraction=0.225 occupancy=72 occupancy_fraction=0.225
[DRO SAMPLE] step=59 obstacle=0 mode=turn_left q=0.272727 q_times_S=10.9091 first_count=14 first_fraction=0.35 occupancy=112 occupancy_fraction=0.35
[DRO SAMPLE] step=59 obstacle=0 mode=turn_right q=0.454545 q_times_S=18.1818 first_count=17 first_fraction=0.425 occupancy=136 occupancy_fraction=0.425
[RF BACKUP] available=1 controls=8 states=9
[FREE POLY] k=1 disc=0 raw=40 facets=3 vertices=6 rho=4.8 anchor_shift=0
[FREE POLY] k=1 disc=1 raw=40 facets=0 vertices=4 rho=0.800001 anchor_shift=0
[FREE POLY] k=1 disc=2 raw=40 facets=0 vertices=4 rho=4.8 anchor_shift=0
[FREE POLY] k=2 disc=0 raw=40 facets=5 vertices=8 rho=5.6 anchor_shift=0
[FREE POLY] k=2 disc=1 raw=40 facets=0 vertices=4 rho=1.6 anchor_shift=0
[FREE POLY] k=2 disc=2 raw=40 facets=0 vertices=4 rho=5.6 anchor_shift=0
[FREE POLY] k=3 disc=0 raw=40 facets=4 vertices=7 rho=6.4 anchor_shift=0
[FREE POLY] k=3 disc=1 raw=40 facets=0 vertices=4 rho=2.4 anchor_shift=0
[FREE POLY] k=3 disc=2 raw=40 facets=0 vertices=4 rho=6.4 anchor_shift=0
[FREE POLY] k=4 disc=0 raw=40 facets=5 vertices=8 rho=7.2 anchor_shift=0
[FREE POLY] k=4 disc=1 raw=40 facets=0 vertices=4 rho=3.2 anchor_shift=0
[FREE POLY] k=4 disc=2 raw=40 facets=0 vertices=4 rho=7.2 anchor_shift=0
[FREE POLY] k=5 disc=0 raw=40 facets=3 vertices=6 rho=8 anchor_shift=0
[FREE POLY] k=5 disc=1 raw=40 facets=0 vertices=4 rho=4 anchor_shift=0
[FREE POLY] k=5 disc=2 raw=40 facets=3 vertices=6 rho=8 anchor_shift=0
[FREE POLY] k=6 disc=0 raw=40 facets=6 vertices=9 rho=8.8 anchor_shift=0
[FREE POLY] k=6 disc=1 raw=40 facets=0 vertices=4 rho=4.8 anchor_shift=0
[FREE POLY] k=6 disc=2 raw=40 facets=5 vertices=8 rho=8.8 anchor_shift=0
[FREE POLY] k=7 disc=0 raw=40 facets=4 vertices=7 rho=9.6 anchor_shift=0
[FREE POLY] k=7 disc=1 raw=40 facets=0 vertices=4 rho=5.6 anchor_shift=0
[FREE POLY] k=7 disc=2 raw=40 facets=3 vertices=6 rho=9.6 anchor_shift=0
[FREE POLY] k=8 disc=0 raw=40 facets=3 vertices=6 rho=10.4 anchor_shift=0
[FREE POLY] k=8 disc=1 raw=40 facets=2 vertices=5 rho=6.4 anchor_shift=0
[FREE POLY] k=8 disc=2 raw=40 facets=2 vertices=5 rho=10.4 anchor_shift=0
[RF SUPPORT SEED] removed=0 support_limit=-1
[SQP] before_solve iter=0 vars=16 constraints=80 max_d=-1.85595
[QP WORST] iter=0 row=71 type=velocity d=-1.85595
[SQP] after_solve iter=0 converged=1 status=0 iterations=2 primal_residual=7.25114e-16 dual_residual=1.17595e-05 x_size=16 x_finite=1
[SQP LINESEARCH] iter=0 current_violation=0 accepted_violation=0 accepted=1 alpha=1 delta_u_norm=0.228195
[SQP SUPPORT] iter=0 support_size=0 support_limit=-1 support_ok=1
[SQP] before_solve iter=1 vars=16 constraints=80 max_d=-1.83864
[QP WORST] iter=1 row=71 type=velocity d=-1.83864
[SQP] after_solve iter=1 converged=1 status=0 iterations=2 primal_residual=8.54351e-16 dual_residual=6.64145e-06 x_size=16 x_finite=1
[SQP LINESEARCH] iter=1 current_violation=0 accepted_violation=0 accepted=1 alpha=1 delta_u_norm=0.169816
[SQP SUPPORT] iter=1 support_size=0 support_limit=-1 support_ok=1
[SQP] before_solve iter=2 vars=16 constraints=80 max_d=-1.83791
[QP WORST] iter=2 row=71 type=velocity d=-1.83791
[SQP] after_solve iter=2 converged=1 status=0 iterations=2 primal_residual=7.47449e-16 dual_residual=7.01487e-06 x_size=16 x_finite=1
[SQP LINESEARCH] iter=2 current_violation=0 accepted_violation=0 accepted=1 alpha=1 delta_u_norm=0.153442
[SQP SUPPORT] iter=2 support_size=0 support_limit=-1 support_ok=1
[SQP] before_solve iter=3 vars=16 constraints=80 max_d=-1.84085
[QP WORST] iter=3 row=71 type=velocity d=-1.84085
[SQP] after_solve iter=3 converged=1 status=0 iterations=2 primal_residual=7.95371e-16 dual_residual=4.23011e-06 x_size=16 x_finite=1
[SQP LINESEARCH] iter=3 current_violation=0 accepted_violation=0 accepted=1 alpha=1 delta_u_norm=0.142532
[SQP SUPPORT] iter=3 support_size=0 support_limit=-1 support_ok=1
[SQP] before_solve iter=4 vars=16 constraints=80 max_d=-1.84423
[QP WORST] iter=4 row=71 type=velocity d=-1.84423
[SQP] after_solve iter=4 converged=1 status=0 iterations=2 primal_residual=6.10677e-16 dual_residual=4.62157e-06 x_size=16 x_finite=1
[SQP LINESEARCH] iter=4 current_violation=0 accepted_violation=0 accepted=1 alpha=1 delta_u_norm=0.133375
[SQP SUPPORT] iter=4 support_size=0 support_limit=-1 support_ok=1
[SQP] before_solve iter=5 vars=16 constraints=80 max_d=-1.84734
[QP WORST] iter=5 row=71 type=velocity d=-1.84734
[SQP] after_solve iter=5 converged=1 status=0 iterations=2 primal_residual=7.82577e-16 dual_residual=3.26521e-06 x_size=16 x_finite=1
[SQP LINESEARCH] iter=5 current_violation=0 accepted_violation=0 accepted=1 alpha=1 delta_u_norm=0.125334
[SQP SUPPORT] iter=5 support_size=0 support_limit=-1 support_ok=1
[SQP] before_solve iter=6 vars=16 constraints=80 max_d=-1.85006
[QP WORST] iter=6 row=71 type=velocity d=-1.85006
[SQP] after_solve iter=6 converged=1 status=0 iterations=2 primal_residual=7.68361e-16 dual_residual=3.2294e-06 x_size=16 x_finite=1
[SQP LINESEARCH] iter=6 current_violation=0 accepted_violation=0 accepted=1 alpha=1 delta_u_norm=0.11813
[SQP SUPPORT] iter=6 support_size=0 support_limit=-1 support_ok=1
[SQP] before_solve iter=7 vars=16 constraints=80 max_d=-1.85243
[QP WORST] iter=7 row=71 type=velocity d=-1.85243
[SQP] after_solve iter=7 converged=1 status=0 iterations=2 primal_residual=8.77716e-16 dual_residual=2.52004e-06 x_size=16 x_finite=1
[SQP LINESEARCH] iter=7 current_violation=0 accepted_violation=0 accepted=1 alpha=1 delta_u_norm=0.111587
[SQP SUPPORT] iter=7 support_size=0 support_limit=-1 support_ok=1
[SQP] before_solve iter=8 vars=16 constraints=80 max_d=-1.85451
[QP WORST] iter=8 row=71 type=velocity d=-1.85451
[SQP] after_solve iter=8 converged=1 status=0 iterations=2 primal_residual=6.78494e-16 dual_residual=2.36454e-06 x_size=16 x_finite=1
[SQP LINESEARCH] iter=8 current_violation=0 accepted_violation=0 accepted=1 alpha=1 delta_u_norm=0.105588
[SQP SUPPORT] iter=8 support_size=0 support_limit=-1 support_ok=1
[SQP] before_solve iter=9 vars=16 constraints=80 max_d=-1.85561
[QP WORST] iter=9 row=73 type=velocity d=-1.85561
[SQP] after_solve iter=9 converged=1 status=0 iterations=2 primal_residual=6.84457e-16 dual_residual=1.95887e-06 x_size=16 x_finite=1
[SQP LINESEARCH] iter=9 current_violation=0 accepted_violation=0 accepted=1 alpha=1 delta_u_norm=0.100048
[SQP SUPPORT] iter=9 support_size=0 support_limit=-1 support_ok=1
[SQP FINAL] final_violation=0 violated_constraints=0
[SUPPORT FINAL] sqp_union=0 final_active=0 support_limit=-1
[SUPPORT FINAL IDS]
[SUPPORT UNION IDS]
[COLD START RECOVERY CHECK] ordinary_sqp_failed=0 seed_available=1 incompatible=0 try_homotopy=0
[HARNESS RESULT] step=58 success=1 controls=8 first_input_present=1
[MPC STEP METRICS] step=58 applied=1 success=1 fallback=0 a=-0.000233935 omega=-0.0244297 dt=0.1 acceleration_weight=0.1 steering_weight=0.1 control_cost_unweighted=0.000596865 control_cost_weighted=5.96865e-05 mpc_cost=-17.586 solve_time=0.030244 qp_solve_time=0.0181424 constraint_time=0.00640159 dro_risk_time=0.000401311 ambiguity_radius=0.001794 certificate=not_requested
[EVAL SAFETY] step=59 min_center_distance=4.12558 min_clearance=3.17558 collision_this_step=0 collision_run=0 collision_radius=0.95
[DRO SUMMARY] step=60 obstacle=0 S=40 rho=0.00178208 rho_raw=0.00178208 D_max=0.0115351 D_min=0.00578169 tv_bound=0.308229 eta=0.154492 eta_raw=0.154492 radius_m=60 radius_d=3 transport_cost=0 budget_usage=0 lambda=0 q_support=3 nominal_risk=0 qstar_risk=0 risk_lift=0 tv=0
[DRO MODE] step=60 obstacle=0 mode=constant_velocity p=0.268293 risk=0 q=0.268293 delta_q=0 q_times_S=10.7317
[DRO MODE] step=60 obstacle=0 mode=turn_left p=0.284553 risk=0 q=0.284553 delta_q=0 q_times_S=11.3821
[DRO MODE] step=60 obstacle=0 mode=turn_right p=0.447154 risk=0 q=0.447154 delta_q=0 q_times_S=17.8862
[DRO SAMPLE] step=60 obstacle=0 mode=constant_velocity q=0.268293 q_times_S=10.7317 first_count=12 first_fraction=0.3 occupancy=96 occupancy_fraction=0.3
[DRO SAMPLE] step=60 obstacle=0 mode=turn_left q=0.284553 q_times_S=11.3821 first_count=9 first_fraction=0.225 occupancy=72 occupancy_fraction=0.225
[DRO SAMPLE] step=60 obstacle=0 mode=turn_right q=0.447154 q_times_S=17.8862 first_count=19 first_fraction=0.475 occupancy=152 occupancy_fraction=0.475
[RF BACKUP] available=1 controls=8 states=9
[FREE POLY] k=1 disc=0 raw=40 facets=3 vertices=6 rho=4.8 anchor_shift=0
[FREE POLY] k=1 disc=1 raw=40 facets=0 vertices=4 rho=0.800001 anchor_shift=0
[FREE POLY] k=1 disc=2 raw=40 facets=0 vertices=4 rho=4.8 anchor_shift=0
[FREE POLY] k=2 disc=0 raw=40 facets=4 vertices=7 rho=5.6 anchor_shift=0
[FREE POLY] k=2 disc=1 raw=40 facets=0 vertices=4 rho=1.6 anchor_shift=0
[FREE POLY] k=2 disc=2 raw=40 facets=0 vertices=4 rho=5.6 anchor_shift=0
[FREE POLY] k=3 disc=0 raw=40 facets=3 vertices=6 rho=6.4 anchor_shift=0
[FREE POLY] k=3 disc=1 raw=40 facets=0 vertices=4 rho=2.4 anchor_shift=0
[FREE POLY] k=3 disc=2 raw=40 facets=0 vertices=4 rho=6.4 anchor_shift=0
[FREE POLY] k=4 disc=0 raw=40 facets=4 vertices=7 rho=7.2 anchor_shift=0
[FREE POLY] k=4 disc=1 raw=40 facets=0 vertices=4 rho=3.2 anchor_shift=0
[FREE POLY] k=4 disc=2 raw=40 facets=0 vertices=4 rho=7.2 anchor_shift=0
[FREE POLY] k=5 disc=0 raw=40 facets=5 vertices=8 rho=8 anchor_shift=0
[FREE POLY] k=5 disc=1 raw=40 facets=0 vertices=4 rho=4 anchor_shift=0
[FREE POLY] k=5 disc=2 raw=40 facets=0 vertices=4 rho=8 anchor_shift=0
[FREE POLY] k=6 disc=0 raw=40 facets=5 vertices=8 rho=8.8 anchor_shift=0
[FREE POLY] k=6 disc=1 raw=40 facets=0 vertices=4 rho=4.8 anchor_shift=0
[FREE POLY] k=6 disc=2 raw=40 facets=4 vertices=7 rho=8.8 anchor_shift=0
[FREE POLY] k=7 disc=0 raw=40 facets=4 vertices=7 rho=9.6 anchor_shift=0
[FREE POLY] k=7 disc=1 raw=40 facets=0 vertices=4 rho=5.6 anchor_shift=0
[FREE POLY] k=7 disc=2 raw=40 facets=3 vertices=6 rho=9.6 anchor_shift=0
[FREE POLY] k=8 disc=0 raw=40 facets=4 vertices=7 rho=10.4 anchor_shift=0
[FREE POLY] k=8 disc=1 raw=40 facets=0 vertices=4 rho=6.4 anchor_shift=0
[FREE POLY] k=8 disc=2 raw=40 facets=2 vertices=5 rho=10.4 anchor_shift=0
[RF SUPPORT SEED] removed=0 support_limit=-1
[SQP] before_solve iter=0 vars=16 constraints=73 max_d=-1.85595
[QP WORST] iter=0 row=64 type=velocity d=-1.85595
[SQP] after_solve iter=0 converged=1 status=0 iterations=2 primal_residual=7.89299e-16 dual_residual=1.04662e-05 x_size=16 x_finite=1
[SQP LINESEARCH] iter=0 current_violation=0 accepted_violation=0 accepted=1 alpha=1 delta_u_norm=0.22816
[SQP SUPPORT] iter=0 support_size=0 support_limit=-1 support_ok=1
[SQP] before_solve iter=1 vars=16 constraints=73 max_d=-1.83864
[QP WORST] iter=1 row=64 type=velocity d=-1.83864
[SQP] after_solve iter=1 converged=1 status=0 iterations=2 primal_residual=8.80806e-16 dual_residual=6.03865e-06 x_size=16 x_finite=1
[SQP LINESEARCH] iter=1 current_violation=0 accepted_violation=0 accepted=1 alpha=1 delta_u_norm=0.169794
[SQP SUPPORT] iter=1 support_size=0 support_limit=-1 support_ok=1
[SQP] before_solve iter=2 vars=16 constraints=73 max_d=-1.83791
[QP WORST] iter=2 row=64 type=velocity d=-1.83791
[SQP] after_solve iter=2 converged=1 status=0 iterations=2 primal_residual=8.85468e-16 dual_residual=6.32094e-06 x_size=16 x_finite=1
[SQP LINESEARCH] iter=2 current_violation=0 accepted_violation=0 accepted=1 alpha=1 delta_u_norm=0.153431
[SQP SUPPORT] iter=2 support_size=0 support_limit=-1 support_ok=1
[SQP] before_solve iter=3 vars=16 constraints=73 max_d=-1.84085
[QP WORST] iter=3 row=64 type=velocity d=-1.84085
[SQP] after_solve iter=3 converged=1 status=0 iterations=2 primal_residual=8.36354e-16 dual_residual=3.91299e-06 x_size=16 x_finite=1
[SQP LINESEARCH] iter=3 current_violation=0 accepted_violation=0 accepted=1 alpha=1 delta_u_norm=0.142527
[SQP SUPPORT] iter=3 support_size=0 support_limit=-1 support_ok=1
[SQP] before_solve iter=4 vars=16 constraints=73 max_d=-1.84424
[QP WORST] iter=4 row=64 type=velocity d=-1.84424
[SQP] after_solve iter=4 converged=1 status=0 iterations=2 primal_residual=7.73253e-16 dual_residual=4.21555e-06 x_size=16 x_finite=1
[SQP LINESEARCH] iter=4 current_violation=0 accepted_violation=0 accepted=1 alpha=1 delta_u_norm=0.133372
[SQP SUPPORT] iter=4 support_size=0 support_limit=-1 support_ok=1
[SQP] before_solve iter=5 vars=16 constraints=73 max_d=-1.84734
[QP WORST] iter=5 row=64 type=velocity d=-1.84734
[SQP] after_solve iter=5 converged=1 status=0 iterations=2 primal_residual=7.76411e-16 dual_residual=3.03079e-06 x_size=16 x_finite=1
[SQP LINESEARCH] iter=5 current_violation=0 accepted_violation=0 accepted=1 alpha=1 delta_u_norm=0.125332
[SQP SUPPORT] iter=5 support_size=0 support_limit=-1 support_ok=1
[SQP] before_solve iter=6 vars=16 constraints=73 max_d=-1.85006
[QP WORST] iter=6 row=64 type=velocity d=-1.85006
[SQP] after_solve iter=6 converged=1 status=0 iterations=2 primal_residual=8.21879e-16 dual_residual=2.97616e-06 x_size=16 x_finite=1
[SQP LINESEARCH] iter=6 current_violation=0 accepted_violation=0 accepted=1 alpha=1 delta_u_norm=0.118128
[SQP SUPPORT] iter=6 support_size=0 support_limit=-1 support_ok=1
[SQP] before_solve iter=7 vars=16 constraints=73 max_d=-1.85243
[QP WORST] iter=7 row=64 type=velocity d=-1.85243
[SQP] after_solve iter=7 converged=1 status=0 iterations=2 primal_residual=6.0428e-16 dual_residual=2.34991e-06 x_size=16 x_finite=1
[SQP LINESEARCH] iter=7 current_violation=0 accepted_violation=0 accepted=1 alpha=1 delta_u_norm=0.111586
[SQP SUPPORT] iter=7 support_size=0 support_limit=-1 support_ok=1
[SQP] before_solve iter=8 vars=16 constraints=73 max_d=-1.85451
[QP WORST] iter=8 row=64 type=velocity d=-1.85451
[SQP] after_solve iter=8 converged=1 status=0 iterations=2 primal_residual=7.11399e-16 dual_residual=2.19902e-06 x_size=16 x_finite=1
[SQP LINESEARCH] iter=8 current_violation=0 accepted_violation=0 accepted=1 alpha=1 delta_u_norm=0.105586
[SQP SUPPORT] iter=8 support_size=0 support_limit=-1 support_ok=1
[SQP] before_solve iter=9 vars=16 constraints=73 max_d=-1.85562
[QP WORST] iter=9 row=66 type=velocity d=-1.85562
[SQP] after_solve iter=9 converged=1 status=0 iterations=2 primal_residual=8.71184e-16 dual_residual=1.83683e-06 x_size=16 x_finite=1
[SQP LINESEARCH] iter=9 current_violation=0 accepted_violation=0 accepted=1 alpha=1 delta_u_norm=0.100047
[SQP SUPPORT] iter=9 support_size=0 support_limit=-1 support_ok=1
[SQP FINAL] final_violation=0 violated_constraints=0
[SUPPORT FINAL] sqp_union=0 final_active=0 support_limit=-1
[SUPPORT FINAL IDS]
[SUPPORT UNION IDS]
[COLD START RECOVERY CHECK] ordinary_sqp_failed=0 seed_available=1 incompatible=0 try_homotopy=0
[HARNESS RESULT] step=59 success=1 controls=8 first_input_present=1
[MPC STEP METRICS] step=59 applied=1 success=1 fallback=0 a=-0.000169826 omega=-0.0208123 dt=0.1 acceleration_weight=0.1 steering_weight=0.1 control_cost_unweighted=0.000433182 control_cost_weighted=4.33182e-05 mpc_cost=-17.5867 solve_time=0.0297891 qp_solve_time=0.0180324 constraint_time=0.00614341 dro_risk_time=0.000434012 ambiguity_radius=0.00178208 certificate=not_requested
[EVAL SAFETY] step=60 min_center_distance=4.32526 min_clearance=3.37526 collision_this_step=0 collision_run=0 collision_radius=0.95
[PATH COMPLETION] step=60 completion_progress=12.0764 path_length=25 fraction=0.483055 required_fraction=0.95 termination_enabled=1 completed=0
seed=77 collision=no termination=step_limit artifact=/home/stephen/ros2_ws/src/DRO_SHMPCC/build-concentration/fixed-budget-uncertified-short-horizon/four_way_intersection_o1_c1_m3_boost_15_s40/seed_77/sh_mpcc_dro/repeat_1
