[EVAL SAFETY] step=0 min_center_distance=3.01772 min_clearance=2.06772 collision_this_step=0 collision_run=0 collision_radius=0.95
[DRO SUMMARY] step=1 obstacle=0 S=40 rho=0.0127505 rho_raw=0.0127505 D_max=0.0256781 D_min=0.0128703 tv_bound=0.990697 eta=0.496553 eta_raw=0.496553 radius_m=1 radius_d=3 transport_cost=0 budget_usage=0 lambda=0 q_support=3 nominal_risk=0 qstar_risk=0 risk_lift=0 tv=0
[DRO MODE] step=1 obstacle=0 mode=constant_velocity p=0.6 risk=0 q=0.6 delta_q=0 q_times_S=24
[DRO MODE] step=1 obstacle=0 mode=turn_left p=0.2 risk=0 q=0.2 delta_q=0 q_times_S=8
[DRO MODE] step=1 obstacle=0 mode=turn_right p=0.2 risk=0 q=0.2 delta_q=0 q_times_S=8
[DRO SAMPLE] step=1 obstacle=0 mode=constant_velocity q=0.6 q_times_S=24 first_count=20 first_fraction=0.5 occupancy=160 occupancy_fraction=0.5
[DRO SAMPLE] step=1 obstacle=0 mode=turn_left q=0.2 q_times_S=8 first_count=13 first_fraction=0.325 occupancy=104 occupancy_fraction=0.325
[DRO SAMPLE] step=1 obstacle=0 mode=turn_right q=0.2 q_times_S=8 first_count=7 first_fraction=0.175 occupancy=56 occupancy_fraction=0.175
[FREE POLY] k=1 disc=0 raw=40 facets=0 vertices=4 rho=4.8 anchor_shift=0
[FREE POLY] k=1 disc=1 raw=40 facets=0 vertices=4 rho=0.800001 anchor_shift=0
[FREE POLY] k=1 disc=2 raw=40 facets=5 vertices=8 rho=4.8 anchor_shift=0
[FREE POLY] k=2 disc=0 raw=40 facets=1 vertices=5 rho=5.6 anchor_shift=0
[FREE POLY] k=2 disc=1 raw=40 facets=0 vertices=4 rho=1.6 anchor_shift=0
[FREE POLY] k=2 disc=2 raw=40 facets=5 vertices=8 rho=5.6 anchor_shift=0
[FREE POLY] k=3 disc=0 raw=40 facets=4 vertices=7 rho=6.4 anchor_shift=0
[FREE POLY] k=3 disc=1 raw=40 facets=0 vertices=4 rho=2.4 anchor_shift=0
[FREE POLY] k=3 disc=2 raw=40 facets=5 vertices=8 rho=6.4 anchor_shift=0
[FREE POLY] k=4 disc=0 raw=40 facets=4 vertices=7 rho=7.2 anchor_shift=0
[FREE POLY] k=4 disc=1 raw=40 facets=0 vertices=4 rho=3.2 anchor_shift=0
[FREE POLY] k=4 disc=2 raw=40 facets=5 vertices=8 rho=7.2 anchor_shift=0
[FREE POLY] k=5 disc=0 raw=40 facets=3 vertices=6 rho=8 anchor_shift=0
[FREE POLY] k=5 disc=1 raw=40 facets=3 vertices=6 rho=4 anchor_shift=0
[FREE POLY] k=5 disc=2 raw=40 facets=5 vertices=8 rho=8 anchor_shift=0
[FREE POLY] k=6 disc=0 raw=40 facets=3 vertices=6 rho=8.8 anchor_shift=0
[FREE POLY] k=6 disc=1 raw=40 facets=3 vertices=6 rho=4.8 anchor_shift=0
[FREE POLY] k=6 disc=2 raw=40 facets=4 vertices=7 rho=8.8 anchor_shift=0
[FREE POLY] k=7 disc=0 raw=40 facets=3 vertices=6 rho=9.6 anchor_shift=0
[FREE POLY] k=7 disc=1 raw=40 facets=3 vertices=6 rho=5.6 anchor_shift=0
[FREE POLY] k=7 disc=2 raw=40 facets=4 vertices=7 rho=9.6 anchor_shift=0
[FREE POLY] k=8 disc=0 raw=40 facets=3 vertices=6 rho=10.4 anchor_shift=0
[FREE POLY] k=8 disc=1 raw=40 facets=3 vertices=6 rho=6.4 anchor_shift=0
[FREE POLY] k=8 disc=2 raw=40 facets=5 vertices=8 rho=10.4 anchor_shift=0
[RF SUPPORT SEED] removed=0 support_limit=-1
[SQP] before_solve iter=0 vars=16 constraints=103 max_d=-0.808271
[QP WORST] iter=0 row=68 type=collision d=-0.808271
[QP WORST COLLISION] scenario=8 k=8 obstacle=0 disc=2
[SQP] after_solve iter=0 converged=1 status=0 iterations=3 primal_residual=4.44089e-16 dual_residual=1.87854e-05 x_size=16 x_finite=1
[SQP LINESEARCH] iter=0 current_violation=0 accepted_violation=0 accepted=1 alpha=1 delta_u_norm=1.50278
[SQP SUPPORT] iter=0 support_size=0 support_limit=-1 support_ok=1
[SQP] before_solve iter=1 vars=16 constraints=103 max_d=-0.651876
[QP WORST] iter=1 row=68 type=collision d=-0.651876
[QP WORST COLLISION] scenario=8 k=8 obstacle=0 disc=2
[SQP] after_solve iter=1 converged=1 status=0 iterations=4 primal_residual=4.57967e-16 dual_residual=2.30841e-09 x_size=16 x_finite=1
[SQP LINESEARCH] iter=1 current_violation=0 accepted_violation=0 accepted=1 alpha=1 delta_u_norm=0.872935
[SQP SUPPORT] iter=1 support_size=0 support_limit=-1 support_ok=1
[SQP] before_solve iter=2 vars=16 constraints=103 max_d=-0.599813
[QP WORST] iter=2 row=68 type=collision d=-0.599813
[QP WORST COLLISION] scenario=8 k=8 obstacle=0 disc=2
[SQP] after_solve iter=2 converged=1 status=0 iterations=4 primal_residual=4.4062e-16 dual_residual=1.82306e-05 x_size=16 x_finite=1
[SQP LINESEARCH] iter=2 current_violation=0 accepted_violation=0 accepted=1 alpha=1 delta_u_norm=0.647095
[SQP SUPPORT] iter=2 support_size=0 support_limit=-1 support_ok=1
[SQP] before_solve iter=3 vars=16 constraints=103 max_d=-0.577629
[QP WORST] iter=3 row=68 type=collision d=-0.577629
[QP WORST COLLISION] scenario=8 k=8 obstacle=0 disc=2
[SQP] after_solve iter=3 converged=1 status=0 iterations=4 primal_residual=4.16334e-16 dual_residual=5.44815e-07 x_size=16 x_finite=1
[SQP LINESEARCH] iter=3 current_violation=0 accepted_violation=0 accepted=1 alpha=1 delta_u_norm=0.370776
[SQP SUPPORT] iter=3 support_size=0 support_limit=-1 support_ok=1
[SQP] before_solve iter=4 vars=16 constraints=103 max_d=-0.572218
[QP WORST] iter=4 row=68 type=collision d=-0.572218
[QP WORST COLLISION] scenario=8 k=8 obstacle=0 disc=2
[SQP] after_solve iter=4 converged=1 status=0 iterations=3 primal_residual=3.72886e-09 dual_residual=5.9086e-05 x_size=16 x_finite=1
[SQP LINESEARCH] iter=4 current_violation=0 accepted_violation=0 accepted=1 alpha=1 delta_u_norm=0.259818
[SQP SUPPORT] iter=4 support_size=0 support_limit=-1 support_ok=1
[SQP] before_solve iter=5 vars=16 constraints=103 max_d=-0.571798
[QP WORST] iter=5 row=68 type=collision d=-0.571798
[QP WORST COLLISION] scenario=8 k=8 obstacle=0 disc=2
[SQP] after_solve iter=5 converged=1 status=0 iterations=3 primal_residual=3.3006e-09 dual_residual=4.9738e-05 x_size=16 x_finite=1
[SQP LINESEARCH] iter=5 current_violation=0 accepted_violation=0 accepted=1 alpha=1 delta_u_norm=0.216738
[SQP SUPPORT] iter=5 support_size=0 support_limit=-1 support_ok=1
[SQP] before_solve iter=6 vars=16 constraints=103 max_d=-0.569573
[QP WORST] iter=6 row=68 type=collision d=-0.569573
[QP WORST COLLISION] scenario=8 k=8 obstacle=0 disc=2
[SQP] after_solve iter=6 converged=1 status=0 iterations=3 primal_residual=2.99001e-09 dual_residual=4.3228e-05 x_size=16 x_finite=1
[SQP LINESEARCH] iter=6 current_violation=0 accepted_violation=0 accepted=1 alpha=1 delta_u_norm=0.184868
[SQP SUPPORT] iter=6 support_size=0 support_limit=-1 support_ok=1
[SQP] before_solve iter=7 vars=16 constraints=103 max_d=-0.567203
[QP WORST] iter=7 row=68 type=collision d=-0.567203
[QP WORST COLLISION] scenario=8 k=8 obstacle=0 disc=2
[SQP] after_solve iter=7 converged=1 status=0 iterations=3 primal_residual=2.69868e-09 dual_residual=3.80781e-05 x_size=16 x_finite=1
[SQP LINESEARCH] iter=7 current_violation=0 accepted_violation=0 accepted=1 alpha=1 delta_u_norm=0.160445
[SQP SUPPORT] iter=7 support_size=0 support_limit=-1 support_ok=1
[SQP] before_solve iter=8 vars=16 constraints=103 max_d=-0.56509
[QP WORST] iter=8 row=68 type=collision d=-0.56509
[QP WORST COLLISION] scenario=8 k=8 obstacle=0 disc=2
[SQP] after_solve iter=8 converged=1 status=0 iterations=3 primal_residual=2.42729e-09 dual_residual=3.37325e-05 x_size=16 x_finite=1
[SQP LINESEARCH] iter=8 current_violation=0 accepted_violation=0 accepted=1 alpha=1 delta_u_norm=0.141571
[SQP SUPPORT] iter=8 support_size=0 support_limit=-1 support_ok=1
[SQP] before_solve iter=9 vars=16 constraints=103 max_d=-0.5633
[QP WORST] iter=9 row=68 type=collision d=-0.5633
[QP WORST COLLISION] scenario=8 k=8 obstacle=0 disc=2
[SQP] after_solve iter=9 converged=1 status=0 iterations=3 primal_residual=2.18262e-09 dual_residual=2.99899e-05 x_size=16 x_finite=1
[SQP LINESEARCH] iter=9 current_violation=0 accepted_violation=0 accepted=1 alpha=1 delta_u_norm=0.126864
[SQP SUPPORT] iter=9 support_size=0 support_limit=-1 support_ok=1
[SQP FINAL] final_violation=0 violated_constraints=0
[SUPPORT FINAL] sqp_union=0 final_active=0 support_limit=-1
[SUPPORT FINAL IDS]
[SUPPORT UNION IDS]
[COLD START RECOVERY CHECK] ordinary_sqp_failed=0 seed_available=0 incompatible=0 try_homotopy=0
[HARNESS RESULT] step=0 success=1 controls=8 first_input_present=1
[MPC STEP METRICS] step=0 applied=1 success=1 fallback=0 a=2.99924 omega=-5.90394e-08 dt=0.1 acceleration_weight=0.1 steering_weight=0.1 control_cost_unweighted=8.99543 control_cost_weighted=0.899543 mpc_cost=-15.9486 solve_time=0.0423474 qp_solve_time=0.0275768 constraint_time=0.00710039 dro_risk_time=0.000613809 ambiguity_radius=0.0127505 certificate=not_requested
[EVAL SAFETY] step=1 min_center_distance=2.8822 min_clearance=1.9322 collision_this_step=0 collision_run=0 collision_radius=0.95
[PATH COMPLETION] step=1 completion_progress=0.164996 path_length=25 fraction=0.00659985 required_fraction=0.95 termination_enabled=1 completed=0
[DRO SUMMARY] step=2 obstacle=0 S=40 rho=0.0152924 rho_raw=0.0152924 D_max=0.0256781 D_min=0.0128703 tv_bound=1 eta=0.595541 eta_raw=0.595541 radius_m=2 radius_d=3 transport_cost=0 budget_usage=0 lambda=0 q_support=3 nominal_risk=0 qstar_risk=0 risk_lift=0 tv=0
[DRO MODE] step=2 obstacle=0 mode=constant_velocity p=0.428571 risk=0 q=0.428571 delta_q=0 q_times_S=17.1429
[DRO MODE] step=2 obstacle=0 mode=turn_left p=0.142857 risk=0 q=0.142857 delta_q=0 q_times_S=5.71429
[DRO MODE] step=2 obstacle=0 mode=turn_right p=0.428571 risk=0 q=0.428571 delta_q=0 q_times_S=17.1429
[DRO SAMPLE] step=2 obstacle=0 mode=constant_velocity q=0.428571 q_times_S=17.1429 first_count=12 first_fraction=0.3 occupancy=96 occupancy_fraction=0.3
[DRO SAMPLE] step=2 obstacle=0 mode=turn_left q=0.142857 q_times_S=5.71429 first_count=5 first_fraction=0.125 occupancy=40 occupancy_fraction=0.125
[DRO SAMPLE] step=2 obstacle=0 mode=turn_right q=0.428571 q_times_S=17.1429 first_count=23 first_fraction=0.575 occupancy=184 occupancy_fraction=0.575
[RF BACKUP] available=1 controls=8 states=9
[FREE POLY] k=1 disc=0 raw=40 facets=0 vertices=4 rho=4.8 anchor_shift=0
[FREE POLY] k=1 disc=1 raw=40 facets=0 vertices=4 rho=0.800001 anchor_shift=0
[FREE POLY] k=1 disc=2 raw=40 facets=4 vertices=7 rho=4.8 anchor_shift=0
[FREE POLY] k=2 disc=0 raw=40 facets=2 vertices=6 rho=5.6 anchor_shift=0
[FREE POLY] k=2 disc=1 raw=40 facets=0 vertices=4 rho=1.6 anchor_shift=0
[FREE POLY] k=2 disc=2 raw=40 facets=3 vertices=6 rho=5.6 anchor_shift=0
[FREE POLY] k=3 disc=0 raw=40 facets=4 vertices=7 rho=6.4 anchor_shift=0
[FREE POLY] k=3 disc=1 raw=40 facets=0 vertices=4 rho=2.4 anchor_shift=0
[FREE POLY] k=3 disc=2 raw=40 facets=4 vertices=7 rho=6.4 anchor_shift=0
[FREE POLY] k=4 disc=0 raw=40 facets=3 vertices=6 rho=7.2 anchor_shift=0
[FREE POLY] k=4 disc=1 raw=40 facets=3 vertices=7 rho=3.2 anchor_shift=0
[FREE POLY] k=4 disc=2 raw=40 facets=5 vertices=8 rho=7.2 anchor_shift=0
[FREE POLY] k=5 disc=0 raw=40 facets=4 vertices=7 rho=8 anchor_shift=0
[FREE POLY] k=5 disc=1 raw=40 facets=4 vertices=7 rho=4 anchor_shift=0
[FREE POLY] k=5 disc=2 raw=40 facets=5 vertices=8 rho=8 anchor_shift=0
[FREE POLY] k=6 disc=0 raw=40 facets=3 vertices=6 rho=8.8 anchor_shift=0
[FREE POLY] k=6 disc=1 raw=40 facets=3 vertices=6 rho=4.8 anchor_shift=0
[FREE POLY] k=6 disc=2 raw=40 facets=4 vertices=7 rho=8.8 anchor_shift=0
[FREE POLY] k=7 disc=0 raw=40 facets=3 vertices=6 rho=9.6 anchor_shift=0
[FREE POLY] k=7 disc=1 raw=40 facets=3 vertices=6 rho=5.6 anchor_shift=0
[FREE POLY] k=7 disc=2 raw=40 facets=5 vertices=8 rho=9.6 anchor_shift=0
[FREE POLY] k=8 disc=0 raw=40 facets=5 vertices=8 rho=10.4 anchor_shift=0
[FREE POLY] k=8 disc=1 raw=40 facets=5 vertices=8 rho=6.4 anchor_shift=0
[FREE POLY] k=8 disc=2 raw=40 facets=5 vertices=8 rho=10.4 anchor_shift=0
[RF SUPPORT SEED] removed=0 support_limit=-1
[SQP] before_solve iter=0 vars=16 constraints=109 max_d=-0.401067
[QP WORST] iter=0 row=73 type=collision d=-0.401067
[QP WORST COLLISION] scenario=11 k=8 obstacle=0 disc=2
[SQP] after_solve iter=0 converged=1 status=0 iterations=3 primal_residual=4.44089e-16 dual_residual=1.49229e-07 x_size=16 x_finite=1
[SQP LINESEARCH] iter=0 current_violation=0 accepted_violation=0 accepted=1 alpha=1 delta_u_norm=0.213588
[SQP SUPPORT] iter=0 support_size=0 support_limit=-1 support_ok=1
[SQP] before_solve iter=1 vars=16 constraints=109 max_d=-0.38441
[QP WORST] iter=1 row=73 type=collision d=-0.38441
[QP WORST COLLISION] scenario=11 k=8 obstacle=0 disc=2
[SQP] after_solve iter=1 converged=1 status=0 iterations=3 primal_residual=4.14599e-16 dual_residual=2.51681e-08 x_size=16 x_finite=1
[SQP LINESEARCH] iter=1 current_violation=0 accepted_violation=0 accepted=1 alpha=1 delta_u_norm=0.163297
[SQP SUPPORT] iter=1 support_size=0 support_limit=-1 support_ok=1
[SQP] before_solve iter=2 vars=16 constraints=109 max_d=-0.379821
[QP WORST] iter=2 row=73 type=collision d=-0.379821
[QP WORST COLLISION] scenario=11 k=8 obstacle=0 disc=2
[SQP] after_solve iter=2 converged=1 status=0 iterations=3 primal_residual=4.44089e-16 dual_residual=1.38673e-08 x_size=16 x_finite=1
[SQP LINESEARCH] iter=2 current_violation=0 accepted_violation=0 accepted=1 alpha=1 delta_u_norm=0.151168
[SQP SUPPORT] iter=2 support_size=0 support_limit=-1 support_ok=1
[SQP] before_solve iter=3 vars=16 constraints=109 max_d=-0.378364
[QP WORST] iter=3 row=73 type=collision d=-0.378364
[QP WORST COLLISION] scenario=11 k=8 obstacle=0 disc=2
[SQP] after_solve iter=3 converged=1 status=0 iterations=3 primal_residual=4.30211e-16 dual_residual=1.37379e-08 x_size=16 x_finite=1
[SQP LINESEARCH] iter=3 current_violation=0 accepted_violation=0 accepted=1 alpha=1 delta_u_norm=0.142763
[SQP SUPPORT] iter=3 support_size=0 support_limit=-1 support_ok=1
[SQP] before_solve iter=4 vars=16 constraints=109 max_d=-0.377714
[QP WORST] iter=4 row=73 type=collision d=-0.377714
[QP WORST COLLISION] scenario=11 k=8 obstacle=0 disc=2
[SQP] after_solve iter=4 converged=1 status=0 iterations=3 primal_residual=4.03432e-16 dual_residual=1.6564e-08 x_size=16 x_finite=1
[SQP LINESEARCH] iter=4 current_violation=0 accepted_violation=0 accepted=1 alpha=1 delta_u_norm=0.135148
[SQP SUPPORT] iter=4 support_size=0 support_limit=-1 support_ok=1
[SQP] before_solve iter=5 vars=16 constraints=109 max_d=-0.377271
[QP WORST] iter=5 row=73 type=collision d=-0.377271
[QP WORST COLLISION] scenario=11 k=8 obstacle=0 disc=2
[SQP] after_solve iter=5 converged=1 status=0 iterations=3 primal_residual=4.35199e-16 dual_residual=2.1206e-08 x_size=16 x_finite=1
[SQP LINESEARCH] iter=5 current_violation=0 accepted_violation=0 accepted=1 alpha=1 delta_u_norm=0.128058
[SQP SUPPORT] iter=5 support_size=0 support_limit=-1 support_ok=1
[SQP] before_solve iter=6 vars=16 constraints=109 max_d=-0.376881
[QP WORST] iter=6 row=73 type=collision d=-0.376881
[QP WORST COLLISION] scenario=11 k=8 obstacle=0 disc=2
[SQP] after_solve iter=6 converged=1 status=0 iterations=3 primal_residual=4.25766e-16 dual_residual=2.77915e-08 x_size=16 x_finite=1
[SQP LINESEARCH] iter=6 current_violation=0 accepted_violation=0 accepted=1 alpha=1 delta_u_norm=0.121431
[SQP SUPPORT] iter=6 support_size=0 support_limit=-1 support_ok=1
[SQP] before_solve iter=7 vars=16 constraints=109 max_d=-0.37651
[QP WORST] iter=7 row=73 type=collision d=-0.37651
[QP WORST COLLISION] scenario=11 k=8 obstacle=0 disc=2
[SQP] after_solve iter=7 converged=1 status=0 iterations=3 primal_residual=4.16713e-16 dual_residual=3.69874e-08 x_size=16 x_finite=1
[SQP LINESEARCH] iter=7 current_violation=0 accepted_violation=0 accepted=1 alpha=1 delta_u_norm=0.115226
[SQP SUPPORT] iter=7 support_size=0 support_limit=-1 support_ok=1
[SQP] before_solve iter=8 vars=16 constraints=109 max_d=-0.376149
[QP WORST] iter=8 row=73 type=collision d=-0.376149
[QP WORST COLLISION] scenario=11 k=8 obstacle=0 disc=2
[SQP] after_solve iter=8 converged=1 status=0 iterations=3 primal_residual=4.23273e-16 dual_residual=4.99496e-08 x_size=16 x_finite=1
[SQP LINESEARCH] iter=8 current_violation=0 accepted_violation=0 accepted=1 alpha=1 delta_u_norm=0.10941
[SQP SUPPORT] iter=8 support_size=0 support_limit=-1 support_ok=1
[SQP] before_solve iter=9 vars=16 constraints=109 max_d=-0.3758
[QP WORST] iter=9 row=73 type=collision d=-0.3758
[QP WORST COLLISION] scenario=11 k=8 obstacle=0 disc=2
[SQP] after_solve iter=9 converged=1 status=0 iterations=3 primal_residual=4.4165e-16 dual_residual=6.84874e-08 x_size=16 x_finite=1
[SQP LINESEARCH] iter=9 current_violation=0 accepted_violation=0 accepted=1 alpha=1 delta_u_norm=0.103953
[SQP SUPPORT] iter=9 support_size=0 support_limit=-1 support_ok=1
[SQP FINAL] final_violation=0 violated_constraints=0
[SUPPORT FINAL] sqp_union=0 final_active=0 support_limit=-1
[SUPPORT FINAL IDS]
[SUPPORT UNION IDS]
[COLD START RECOVERY CHECK] ordinary_sqp_failed=0 seed_available=1 incompatible=0 try_homotopy=0
[HARNESS RESULT] step=1 success=1 controls=8 first_input_present=1
[MPC STEP METRICS] step=1 applied=1 success=1 fallback=0 a=2.75311 omega=6.37202e-08 dt=0.1 acceleration_weight=0.1 steering_weight=0.1 control_cost_unweighted=7.57961 control_cost_weighted=0.757961 mpc_cost=-16.8719 solve_time=0.0470857 qp_solve_time=0.0338178 constraint_time=0.00698245 dro_risk_time=0.000439513 ambiguity_radius=0.0152924 certificate=not_requested
[EVAL SAFETY] step=2 min_center_distance=2.71829 min_clearance=1.76829 collision_this_step=0 collision_run=0 collision_radius=0.95
[DRO SUMMARY] step=3 obstacle=0 S=40 rho=0.0152589 rho_raw=0.0152589 D_max=0.0256781 D_min=0.0128703 tv_bound=1 eta=0.594239 eta_raw=0.594239 radius_m=3 radius_d=3 transport_cost=0 budget_usage=0 lambda=0 q_support=3 nominal_risk=0 qstar_risk=0 risk_lift=0 tv=0
[DRO MODE] step=3 obstacle=0 mode=constant_velocity p=0.333333 risk=0 q=0.333333 delta_q=0 q_times_S=13.3333
[DRO MODE] step=3 obstacle=0 mode=turn_left p=0.111111 risk=0 q=0.111111 delta_q=0 q_times_S=4.44444
[DRO MODE] step=3 obstacle=0 mode=turn_right p=0.555556 risk=0 q=0.555556 delta_q=0 q_times_S=22.2222
[DRO SAMPLE] step=3 obstacle=0 mode=constant_velocity q=0.333333 q_times_S=13.3333 first_count=11 first_fraction=0.275 occupancy=88 occupancy_fraction=0.275
[DRO SAMPLE] step=3 obstacle=0 mode=turn_left q=0.111111 q_times_S=4.44444 first_count=6 first_fraction=0.15 occupancy=48 occupancy_fraction=0.15
[DRO SAMPLE] step=3 obstacle=0 mode=turn_right q=0.555556 q_times_S=22.2222 first_count=23 first_fraction=0.575 occupancy=184 occupancy_fraction=0.575
[RF BACKUP] available=1 controls=8 states=9
[FREE POLY] k=1 disc=0 raw=40 facets=0 vertices=4 rho=4.8 anchor_shift=0
[FREE POLY] k=1 disc=1 raw=40 facets=0 vertices=4 rho=0.800001 anchor_shift=0
[FREE POLY] k=1 disc=2 raw=40 facets=3 vertices=6 rho=4.8 anchor_shift=0
[FREE POLY] k=2 disc=0 raw=40 facets=2 vertices=6 rho=5.6 anchor_shift=0
[FREE POLY] k=2 disc=1 raw=40 facets=0 vertices=4 rho=1.6 anchor_shift=0
[FREE POLY] k=2 disc=2 raw=40 facets=4 vertices=7 rho=5.6 anchor_shift=0
[FREE POLY] k=3 disc=0 raw=40 facets=4 vertices=7 rho=6.4 anchor_shift=0
[FREE POLY] k=3 disc=1 raw=40 facets=0 vertices=4 rho=2.4 anchor_shift=0
[FREE POLY] k=3 disc=2 raw=40 facets=4 vertices=7 rho=6.4 anchor_shift=0
[FREE POLY] k=4 disc=0 raw=40 facets=3 vertices=6 rho=7.2 anchor_shift=0
[FREE POLY] k=4 disc=1 raw=40 facets=2 vertices=6 rho=3.2 anchor_shift=0
[FREE POLY] k=4 disc=2 raw=40 facets=3 vertices=6 rho=7.2 anchor_shift=0
[FREE POLY] k=5 disc=0 raw=40 facets=4 vertices=7 rho=8 anchor_shift=0
[FREE POLY] k=5 disc=1 raw=40 facets=4 vertices=7 rho=4 anchor_shift=0
[FREE POLY] k=5 disc=2 raw=40 facets=5 vertices=8 rho=8 anchor_shift=0
[FREE POLY] k=6 disc=0 raw=40 facets=4 vertices=7 rho=8.8 anchor_shift=0
[FREE POLY] k=6 disc=1 raw=40 facets=4 vertices=7 rho=4.8 anchor_shift=0
[FREE POLY] k=6 disc=2 raw=40 facets=6 vertices=9 rho=8.8 anchor_shift=0
[FREE POLY] k=7 disc=0 raw=40 facets=4 vertices=7 rho=9.6 anchor_shift=0
[FREE POLY] k=7 disc=1 raw=40 facets=4 vertices=7 rho=5.6 anchor_shift=0
[FREE POLY] k=7 disc=2 raw=40 facets=5 vertices=8 rho=9.6 anchor_shift=0
[FREE POLY] k=8 disc=0 raw=40 facets=5 vertices=8 rho=10.4 anchor_shift=0
[FREE POLY] k=8 disc=1 raw=40 facets=5 vertices=8 rho=6.4 anchor_shift=0
[FREE POLY] k=8 disc=2 raw=40 facets=7 vertices=10 rho=10.4 anchor_shift=0
[RF SUPPORT SEED] removed=0 support_limit=-1
[SQP] before_solve iter=0 vars=16 constraints=114 max_d=-0.295953
[QP WORST] iter=0 row=77 type=collision d=-0.295953
[QP WORST COLLISION] scenario=11 k=8 obstacle=0 disc=2
[SQP] after_solve iter=0 converged=1 status=0 iterations=3 primal_residual=4.44089e-16 dual_residual=1.7089e-09 x_size=16 x_finite=1
[SQP LINESEARCH] iter=0 current_violation=0 accepted_violation=0 accepted=1 alpha=1 delta_u_norm=0.230693
[SQP SUPPORT] iter=0 support_size=0 support_limit=-1 support_ok=1
[SQP] before_solve iter=1 vars=16 constraints=114 max_d=-0.280268
[QP WORST] iter=1 row=77 type=collision d=-0.280268
[QP WORST COLLISION] scenario=11 k=8 obstacle=0 disc=2
[SQP] after_solve iter=1 converged=1 status=0 iterations=2 primal_residual=4.37476e-16 dual_residual=2.61464e-05 x_size=16 x_finite=1
[SQP LINESEARCH] iter=1 current_violation=0 accepted_violation=0 accepted=1 alpha=1 delta_u_norm=0.172206
[SQP SUPPORT] iter=1 support_size=0 support_limit=-1 support_ok=1
[SQP] before_solve iter=2 vars=16 constraints=114 max_d=-0.276828
[QP WORST] iter=2 row=77 type=collision d=-0.276828
[QP WORST COLLISION] scenario=11 k=8 obstacle=0 disc=2
[SQP] after_solve iter=2 converged=1 status=0 iterations=2 primal_residual=4.42354e-16 dual_residual=5.37105e-06 x_size=16 x_finite=1
[SQP LINESEARCH] iter=2 current_violation=0 accepted_violation=0 accepted=1 alpha=1 delta_u_norm=0.154993
[SQP SUPPORT] iter=2 support_size=0 support_limit=-1 support_ok=1
[SQP] before_solve iter=3 vars=16 constraints=114 max_d=-0.276193
[QP WORST] iter=3 row=77 type=collision d=-0.276193
[QP WORST COLLISION] scenario=11 k=8 obstacle=0 disc=2
[SQP] after_solve iter=3 converged=1 status=0 iterations=2 primal_residual=4.42354e-16 dual_residual=5.36065e-06 x_size=16 x_finite=1
[SQP LINESEARCH] iter=3 current_violation=0 accepted_violation=0 accepted=1 alpha=1 delta_u_norm=0.14348
[SQP SUPPORT] iter=3 support_size=0 support_limit=-1 support_ok=1
[SQP] before_solve iter=4 vars=16 constraints=114 max_d=-0.276335
[QP WORST] iter=4 row=77 type=collision d=-0.276335
[QP WORST COLLISION] scenario=11 k=8 obstacle=0 disc=2
[SQP] after_solve iter=4 converged=1 status=0 iterations=2 primal_residual=4.44089e-16 dual_residual=3.23623e-06 x_size=16 x_finite=1
[SQP LINESEARCH] iter=4 current_violation=0 accepted_violation=0 accepted=1 alpha=1 delta_u_norm=0.133979
[SQP SUPPORT] iter=4 support_size=0 support_limit=-1 support_ok=1
[SQP] before_solve iter=5 vars=16 constraints=114 max_d=-0.276469
[QP WORST] iter=5 row=77 type=collision d=-0.276469
[QP WORST COLLISION] scenario=11 k=8 obstacle=0 disc=2
[SQP] after_solve iter=5 converged=1 status=0 iterations=2 primal_residual=4.44089e-16 dual_residual=2.93256e-06 x_size=16 x_finite=1
[SQP LINESEARCH] iter=5 current_violation=0 accepted_violation=0 accepted=1 alpha=1 delta_u_norm=0.12575
[SQP SUPPORT] iter=5 support_size=0 support_limit=-1 support_ok=1
[SQP] before_solve iter=6 vars=16 constraints=114 max_d=-0.276598
[QP WORST] iter=6 row=77 type=collision d=-0.276598
[QP WORST COLLISION] scenario=11 k=8 obstacle=0 disc=2
[SQP] after_solve iter=6 converged=1 status=0 iterations=2 primal_residual=4.40295e-16 dual_residual=1.91717e-06 x_size=16 x_finite=1
[SQP LINESEARCH] iter=6 current_violation=0 accepted_violation=0 accepted=1 alpha=1 delta_u_norm=0.118458
[SQP SUPPORT] iter=6 support_size=0 support_limit=-1 support_ok=1
[SQP] before_solve iter=7 vars=16 constraints=114 max_d=-0.276623
[QP WORST] iter=7 row=77 type=collision d=-0.276623
[QP WORST COLLISION] scenario=11 k=8 obstacle=0 disc=2
[SQP] after_solve iter=7 converged=1 status=0 iterations=2 primal_residual=4.33681e-16 dual_residual=1.60135e-06 x_size=16 x_finite=1
[SQP LINESEARCH] iter=7 current_violation=0 accepted_violation=0 accepted=1 alpha=1 delta_u_norm=0.111885
[SQP SUPPORT] iter=7 support_size=0 support_limit=-1 support_ok=1
[SQP] before_solve iter=8 vars=16 constraints=114 max_d=-0.276614
[QP WORST] iter=8 row=77 type=collision d=-0.276614
[QP WORST COLLISION] scenario=11 k=8 obstacle=0 disc=2
[SQP] after_solve iter=8 converged=1 status=0 iterations=2 primal_residual=4.39807e-16 dual_residual=1.42737e-06 x_size=16 x_finite=1
[SQP LINESEARCH] iter=8 current_violation=0 accepted_violation=0 accepted=1 alpha=1 delta_u_norm=0.105889
[SQP SUPPORT] iter=8 support_size=0 support_limit=-1 support_ok=1
[SQP] before_solve iter=9 vars=16 constraints=114 max_d=-0.276545
[QP WORST] iter=9 row=77 type=collision d=-0.276545
[QP WORST COLLISION] scenario=11 k=8 obstacle=0 disc=2
[SQP] after_solve iter=9 converged=1 status=0 iterations=2 primal_residual=4.28477e-16 dual_residual=1.32075e-06 x_size=16 x_finite=1
[SQP LINESEARCH] iter=9 current_violation=0 accepted_violation=0 accepted=1 alpha=1 delta_u_norm=0.100371
[SQP SUPPORT] iter=9 support_size=0 support_limit=-1 support_ok=1
[SQP FINAL] final_violation=0 violated_constraints=0
[SUPPORT FINAL] sqp_union=0 final_active=0 support_limit=-1
[SUPPORT FINAL IDS]
[SUPPORT UNION IDS]
[COLD START RECOVERY CHECK] ordinary_sqp_failed=0 seed_available=1 incompatible=0 try_homotopy=0
[HARNESS RESULT] step=2 success=1 controls=8 first_input_present=1
[MPC STEP METRICS] step=2 applied=1 success=1 fallback=0 a=0.498514 omega=1.20718e-05 dt=0.1 acceleration_weight=0.1 steering_weight=0.1 control_cost_unweighted=0.248517 control_cost_weighted=0.0248517 mpc_cost=-17.5846 solve_time=0.0413718 qp_solve_time=0.0276988 constraint_time=0.00739385 dro_risk_time=0.000424034 ambiguity_radius=0.0152589 certificate=not_requested
[EVAL SAFETY] step=3 min_center_distance=2.5385 min_clearance=1.5885 collision_this_step=0 collision_run=0 collision_radius=0.95
[DRO SUMMARY] step=4 obstacle=0 S=40 rho=0.0142683 rho_raw=0.0142683 D_max=0.0256781 D_min=0.0128703 tv_bound=1 eta=0.555662 eta_raw=0.555662 radius_m=4 radius_d=3 transport_cost=0.0142683 budget_usage=1 lambda=0.223099 q_support=2 nominal_risk=0.000520798 qstar_risk=0.00448336 risk_lift=0.00396256 tv=0.691694
[DRO MODE] step=4 obstacle=0 mode=constant_velocity p=0.272727 risk=0 q=0 delta_q=-0.272727 q_times_S=0
[DRO MODE] step=4 obstacle=0 mode=turn_left p=0.0909091 risk=0.00572877 q=0.782603 delta_q=0.691694 q_times_S=31.3041
[DRO MODE] step=4 obstacle=0 mode=turn_right p=0.636364 risk=0 q=0.217397 delta_q=-0.418967 q_times_S=8.69588
[DRO SAMPLE] step=4 obstacle=0 mode=constant_velocity q=0 q_times_S=0 first_count=0 first_fraction=0 occupancy=0 occupancy_fraction=0
[DRO SAMPLE] step=4 obstacle=0 mode=turn_left q=0.782603 q_times_S=31.3041 first_count=32 first_fraction=0.8 occupancy=256 occupancy_fraction=0.8
[DRO SAMPLE] step=4 obstacle=0 mode=turn_right q=0.217397 q_times_S=8.69588 first_count=8 first_fraction=0.2 occupancy=64 occupancy_fraction=0.2
[RF BACKUP] available=1 controls=8 states=9
[FREE POLY] k=1 disc=0 raw=40 facets=0 vertices=4 rho=4.8 anchor_shift=0
[FREE POLY] k=1 disc=1 raw=40 facets=0 vertices=4 rho=0.800001 anchor_shift=0
[FREE POLY] k=1 disc=2 raw=40 facets=3 vertices=6 rho=4.8 anchor_shift=0
[FREE POLY] k=2 disc=0 raw=40 facets=3 vertices=6 rho=5.6 anchor_shift=0
[FREE POLY] k=2 disc=1 raw=40 facets=0 vertices=4 rho=1.6 anchor_shift=0
[FREE POLY] k=2 disc=2 raw=40 facets=5 vertices=8 rho=5.6 anchor_shift=0
[FREE POLY] k=3 disc=0 raw=40 facets=3 vertices=6 rho=6.4 anchor_shift=0
[FREE POLY] k=3 disc=1 raw=40 facets=0 vertices=4 rho=2.4 anchor_shift=0
[FREE POLY] k=3 disc=2 raw=40 facets=5 vertices=8 rho=6.4 anchor_shift=0
[FREE POLY] k=4 disc=0 raw=40 facets=3 vertices=6 rho=7.2 anchor_shift=0
[FREE POLY] k=4 disc=1 raw=40 facets=3 vertices=6 rho=3.2 anchor_shift=0
[FREE POLY] k=4 disc=2 raw=40 facets=5 vertices=8 rho=7.2 anchor_shift=0
[FREE POLY] k=5 disc=0 raw=40 facets=2 vertices=5 rho=8 anchor_shift=0
[FREE POLY] k=5 disc=1 raw=40 facets=2 vertices=5 rho=4 anchor_shift=0
[FREE POLY] k=5 disc=2 raw=40 facets=4 vertices=7 rho=8 anchor_shift=0
[FREE POLY] k=6 disc=0 raw=40 facets=2 vertices=5 rho=8.8 anchor_shift=0
[FREE POLY] k=6 disc=1 raw=40 facets=2 vertices=5 rho=4.8 anchor_shift=0
[FREE POLY] k=6 disc=2 raw=40 facets=4 vertices=7 rho=8.8 anchor_shift=0
[FREE POLY] k=7 disc=0 raw=40 facets=2 vertices=5 rho=9.6 anchor_shift=0
[FREE POLY] k=7 disc=1 raw=40 facets=2 vertices=5 rho=5.6 anchor_shift=0
[FREE POLY] k=7 disc=2 raw=40 facets=3 vertices=6 rho=9.6 anchor_shift=0
[FREE POLY] k=8 disc=0 raw=40 facets=2 vertices=5 rho=10.4 anchor_shift=0
[FREE POLY] k=8 disc=1 raw=40 facets=2 vertices=5 rho=6.4 anchor_shift=0
[FREE POLY] k=8 disc=2 raw=40 facets=4 vertices=7 rho=10.4 anchor_shift=0
[RF SUPPORT SEED] removed=0 support_limit=-1
[SQP] before_solve iter=0 vars=16 constraints=93 max_d=-0.0450669
[QP WORST] iter=0 row=59 type=collision d=-0.0450669
[QP WORST COLLISION] scenario=15 k=8 obstacle=0 disc=2
[SQP] after_solve iter=0 converged=1 status=0 iterations=4 primal_residual=4.03323e-16 dual_residual=1.87888e-05 x_size=16 x_finite=1
[SQP LINESEARCH] iter=0 current_violation=0 accepted_violation=0 accepted=1 alpha=1 delta_u_norm=0.228113
[SQP SUPPORT] iter=0 support_size=0 support_limit=-1 support_ok=1
[SQP] before_solve iter=1 vars=16 constraints=93 max_d=-0.0290802
[QP WORST] iter=1 row=59 type=collision d=-0.0290802
[QP WORST COLLISION] scenario=15 k=8 obstacle=0 disc=2
[SQP] after_solve iter=1 converged=1 status=0 iterations=4 primal_residual=4.43222e-16 dual_residual=3.38515e-05 x_size=16 x_finite=1
[SQP LINESEARCH] iter=1 current_violation=0 accepted_violation=0 accepted=1 alpha=1 delta_u_norm=0.169839
[SQP SUPPORT] iter=1 support_size=0 support_limit=-1 support_ok=1
[SQP] before_solve iter=2 vars=16 constraints=93 max_d=-0.0253903
[QP WORST] iter=2 row=59 type=collision d=-0.0253903
[QP WORST COLLISION] scenario=15 k=8 obstacle=0 disc=2
[SQP] after_solve iter=2 converged=1 status=0 iterations=4 primal_residual=3.94541e-16 dual_residual=3.7086e-05 x_size=16 x_finite=1
[SQP LINESEARCH] iter=2 current_violation=0 accepted_violation=0 accepted=1 alpha=1 delta_u_norm=0.15368
[SQP SUPPORT] iter=2 support_size=0 support_limit=-1 support_ok=1
[SQP] before_solve iter=3 vars=16 constraints=93 max_d=-0.0247038
[QP WORST] iter=3 row=59 type=collision d=-0.0247038
[QP WORST COLLISION] scenario=15 k=8 obstacle=0 disc=2
[SQP] after_solve iter=3 converged=1 status=0 iterations=4 primal_residual=3.90313e-16 dual_residual=3.70564e-05 x_size=16 x_finite=1
[SQP LINESEARCH] iter=3 current_violation=0 accepted_violation=0 accepted=1 alpha=1 delta_u_norm=0.142875
[SQP SUPPORT] iter=3 support_size=0 support_limit=-1 support_ok=1
[SQP] before_solve iter=4 vars=16 constraints=93 max_d=-0.024686
[QP WORST] iter=4 row=59 type=collision d=-0.024686
[QP WORST COLLISION] scenario=15 k=8 obstacle=0 disc=2
[SQP] after_solve iter=4 converged=1 status=0 iterations=4 primal_residual=4.25712e-16 dual_residual=3.67002e-05 x_size=16 x_finite=1
[SQP LINESEARCH] iter=4 current_violation=0 accepted_violation=0 accepted=1 alpha=1 delta_u_norm=0.13377
[SQP SUPPORT] iter=4 support_size=0 support_limit=-1 support_ok=1
[SQP] before_solve iter=5 vars=16 constraints=93 max_d=-0.0247494
[QP WORST] iter=5 row=59 type=collision d=-0.0247494
[QP WORST COLLISION] scenario=15 k=8 obstacle=0 disc=2
[SQP] after_solve iter=5 converged=1 status=0 iterations=4 primal_residual=4.38885e-16 dual_residual=3.65697e-05 x_size=16 x_finite=1
[SQP LINESEARCH] iter=5 current_violation=0 accepted_violation=0 accepted=1 alpha=1 delta_u_norm=0.125751
[SQP SUPPORT] iter=5 support_size=0 support_limit=-1 support_ok=1
[SQP] before_solve iter=6 vars=16 constraints=93 max_d=-0.0247777
[QP WORST] iter=6 row=59 type=collision d=-0.0247777
[QP WORST COLLISION] scenario=15 k=8 obstacle=0 disc=2
[SQP] after_solve iter=6 converged=1 status=0 iterations=4 primal_residual=4.28802e-16 dual_residual=3.67597e-05 x_size=16 x_finite=1
[SQP LINESEARCH] iter=6 current_violation=0 accepted_violation=0 accepted=1 alpha=1 delta_u_norm=0.11855
[SQP SUPPORT] iter=6 support_size=0 support_limit=-1 support_ok=1
[SQP] before_solve iter=7 vars=16 constraints=93 max_d=-0.0247506
[QP WORST] iter=7 row=59 type=collision d=-0.0247506
[QP WORST COLLISION] scenario=15 k=8 obstacle=0 disc=2
[SQP] after_solve iter=7 converged=1 status=0 iterations=4 primal_residual=4.42476e-16 dual_residual=3.71874e-05 x_size=16 x_finite=1
[SQP LINESEARCH] iter=7 current_violation=0 accepted_violation=0 accepted=1 alpha=1 delta_u_norm=0.111998
[SQP SUPPORT] iter=7 support_size=0 support_limit=-1 support_ok=1
[SQP] before_solve iter=8 vars=16 constraints=93 max_d=-0.024681
[QP WORST] iter=8 row=59 type=collision d=-0.024681
[QP WORST COLLISION] scenario=15 k=8 obstacle=0 disc=2
[SQP] after_solve iter=8 converged=1 status=0 iterations=4 primal_residual=4.19803e-16 dual_residual=3.78069e-05 x_size=16 x_finite=1
[SQP LINESEARCH] iter=8 current_violation=0 accepted_violation=0 accepted=1 alpha=1 delta_u_norm=0.105981
[SQP SUPPORT] iter=8 support_size=0 support_limit=-1 support_ok=1
[SQP] before_solve iter=9 vars=16 constraints=93 max_d=-0.0245785
[QP WORST] iter=9 row=59 type=collision d=-0.0245785
[QP WORST COLLISION] scenario=15 k=8 obstacle=0 disc=2
[SQP] after_solve iter=9 converged=1 status=0 iterations=4 primal_residual=4.43113e-16 dual_residual=3.8553e-05 x_size=16 x_finite=1
[SQP LINESEARCH] iter=9 current_violation=0 accepted_violation=0 accepted=1 alpha=1 delta_u_norm=0.100419
[SQP SUPPORT] iter=9 support_size=0 support_limit=-1 support_ok=1
[SQP FINAL] final_violation=0 violated_constraints=0
[SUPPORT FINAL] sqp_union=0 final_active=0 support_limit=-1
[SUPPORT FINAL IDS]
[SUPPORT UNION IDS]
[COLD START RECOVERY CHECK] ordinary_sqp_failed=0 seed_available=1 incompatible=0 try_homotopy=0
[HARNESS RESULT] step=3 success=1 controls=8 first_input_present=1
[MPC STEP METRICS] step=3 applied=1 success=1 fallback=0 a=-0.0317441 omega=0.000184857 dt=0.1 acceleration_weight=0.1 steering_weight=0.1 control_cost_unweighted=0.00100772 control_cost_weighted=0.000100772 mpc_cost=-17.5838 solve_time=0.0409641 qp_solve_time=0.0278888 constraint_time=0.00681506 dro_risk_time=0.00040619 ambiguity_radius=0.0142683 certificate=not_requested
[EVAL SAFETY] step=4 min_center_distance=2.35671 min_clearance=1.40671 collision_this_step=0 collision_run=0 collision_radius=0.95
[DRO SUMMARY] step=5 obstacle=0 S=40 rho=0.0130963 rho_raw=0.0130963 D_max=0.0256781 D_min=0.0128703 tv_bound=1 eta=0.510016 eta_raw=0.510016 radius_m=5 radius_d=3 transport_cost=0.0130963 budget_usage=1 lambda=0.669894 q_support=2 nominal_risk=0.16261 qstar_risk=0.171792 risk_lift=0.00918264 tv=0.62512
[DRO MODE] step=5 obstacle=0 mode=constant_velocity p=0.230769 risk=0.166521 q=0 delta_q=-0.230769 q_times_S=0
[DRO MODE] step=5 obstacle=0 mode=turn_left p=0.0769231 risk=0.176918 q=0.702043 delta_q=0.62512 q_times_S=28.0817
[DRO MODE] step=5 obstacle=0 mode=turn_right p=0.692308 risk=0.159716 q=0.297957 delta_q=-0.394351 q_times_S=11.9183
[DRO SAMPLE] step=5 obstacle=0 mode=constant_velocity q=0 q_times_S=0 first_count=0 first_fraction=0 occupancy=0 occupancy_fraction=0
[DRO SAMPLE] step=5 obstacle=0 mode=turn_left q=0.702043 q_times_S=28.0817 first_count=29 first_fraction=0.725 occupancy=232 occupancy_fraction=0.725
[DRO SAMPLE] step=5 obstacle=0 mode=turn_right q=0.297957 q_times_S=11.9183 first_count=11 first_fraction=0.275 occupancy=88 occupancy_fraction=0.275
[RF BACKUP] available=1 controls=8 states=9
[FREE POLY] k=1 disc=0 raw=40 facets=0 vertices=4 rho=4.8 anchor_shift=0
[FREE POLY] k=1 disc=1 raw=40 facets=0 vertices=4 rho=0.800001 anchor_shift=0
[FREE POLY] k=1 disc=2 raw=40 facets=4 vertices=7 rho=4.8 anchor_shift=0
[FREE POLY] k=2 disc=0 raw=40 facets=3 vertices=6 rho=5.6 anchor_shift=0
[FREE POLY] k=2 disc=1 raw=40 facets=0 vertices=4 rho=1.6 anchor_shift=0
[FREE POLY] k=2 disc=2 raw=40 facets=5 vertices=8 rho=5.6 anchor_shift=0
[FREE POLY] k=3 disc=0 raw=40 facets=3 vertices=6 rho=6.4 anchor_shift=0
[FREE POLY] k=3 disc=1 raw=40 facets=0 vertices=4 rho=2.4 anchor_shift=0
[FREE POLY] k=3 disc=2 raw=40 facets=4 vertices=7 rho=6.4 anchor_shift=0
[FREE POLY] k=4 disc=0 raw=40 facets=2 vertices=5 rho=7.2 anchor_shift=0
[FREE POLY] k=4 disc=1 raw=40 facets=2 vertices=5 rho=3.2 anchor_shift=0
[FREE POLY] k=4 disc=2 raw=40 facets=4 vertices=7 rho=7.2 anchor_shift=0
[FREE POLY] k=5 disc=0 raw=40 facets=2 vertices=5 rho=8 anchor_shift=0
[FREE POLY] k=5 disc=1 raw=40 facets=2 vertices=5 rho=4 anchor_shift=0
[FREE POLY] k=5 disc=2 raw=40 facets=3 vertices=6 rho=8 anchor_shift=0
[FREE POLY] k=6 disc=0 raw=40 facets=2 vertices=5 rho=8.8 anchor_shift=0
[FREE POLY] k=6 disc=1 raw=40 facets=2 vertices=5 rho=4.8 anchor_shift=0
[FREE POLY] k=6 disc=2 raw=40 facets=3 vertices=6 rho=8.8 anchor_shift=0
[FREE POLY] k=7 disc=0 raw=40 facets=2 vertices=5 rho=9.6 anchor_shift=0
[FREE POLY] k=7 disc=1 raw=40 facets=2 vertices=5 rho=5.6 anchor_shift=0
[FREE POLY] k=7 disc=2 raw=40 facets=3 vertices=6 rho=9.6 anchor_shift=0
[FREE POLY] k=8 disc=0 raw=40 facets=2 vertices=5 rho=10.4 anchor_shift=0
[FREE POLY] k=8 disc=1 raw=40 facets=2 vertices=5 rho=6.4 anchor_shift=0
[FREE POLY] k=8 disc=2 raw=40 facets=3 vertices=6 rho=10.4 anchor_shift=0
[RF SUPPORT SEED] removed=0 support_limit=-1
[SQP] before_solve iter=0 vars=16 constraints=87 max_d=0.181092
[QP WORST] iter=0 row=52 type=collision d=0.181092
[QP WORST COLLISION] scenario=4 k=8 obstacle=0 disc=2
[SQP] after_solve iter=0 converged=1 status=0 iterations=4 primal_residual=2.93872e-07 dual_residual=3.467e-05 x_size=16 x_finite=1
[SQP LINESEARCH] iter=0 current_violation=0.181092 accepted_violation=0 accepted=1 alpha=1 delta_u_norm=0.832595
[SQP SUPPORT] iter=0 support_size=0 support_limit=-1 support_ok=1
[SQP] before_solve iter=1 vars=16 constraints=87 max_d=-0.0514328
[QP WORST] iter=1 row=52 type=collision d=-0.0514328
[QP WORST COLLISION] scenario=4 k=8 obstacle=0 disc=2
[SQP] after_solve iter=1 converged=1 status=0 iterations=4 primal_residual=4.57525e-10 dual_residual=2.85968e-05 x_size=16 x_finite=1
[SQP LINESEARCH] iter=1 current_violation=0 accepted_violation=0 accepted=1 alpha=1 delta_u_norm=0.603551
[SQP SUPPORT] iter=1 support_size=0 support_limit=-1 support_ok=1
[SQP] before_solve iter=2 vars=16 constraints=87 max_d=-0.00286803
[QP WORST] iter=2 row=52 type=collision d=-0.00286803
[QP WORST COLLISION] scenario=4 k=8 obstacle=0 disc=2
[SQP] after_solve iter=2 converged=1 status=0 iterations=4 primal_residual=1.15354e-08 dual_residual=4.79785e-05 x_size=16 x_finite=1
[SQP LINESEARCH] iter=2 current_violation=0 accepted_violation=0 accepted=1 alpha=1 delta_u_norm=0.21736
[SQP SUPPORT] iter=2 support_size=0 support_limit=-1 support_ok=1
[SQP] before_solve iter=3 vars=16 constraints=87 max_d=-6.68388e-05
[QP WORST] iter=3 row=52 type=collision d=-6.68388e-05
[QP WORST COLLISION] scenario=4 k=8 obstacle=0 disc=2
[SQP] after_solve iter=3 converged=1 status=0 iterations=4 primal_residual=1.69045e-09 dual_residual=1.48865e-05 x_size=16 x_finite=1
[SQP LINESEARCH] iter=3 current_violation=0 accepted_violation=0 accepted=1 alpha=1 delta_u_norm=0.159254
[SQP SUPPORT] iter=3 support_size=0 support_limit=-1 support_ok=1
[SQP] before_solve iter=4 vars=16 constraints=87 max_d=-1.27182e-05
[QP WORST] iter=4 row=52 type=collision d=-1.27182e-05
[QP WORST COLLISION] scenario=4 k=8 obstacle=0 disc=2
[SQP] after_solve iter=4 converged=1 status=0 iterations=4 primal_residual=1.41157e-09 dual_residual=1.50892e-05 x_size=16 x_finite=1
[SQP LINESEARCH] iter=4 current_violation=0 accepted_violation=0 accepted=1 alpha=1 delta_u_norm=0.144674
[SQP SUPPORT] iter=4 support_size=0 support_limit=-1 support_ok=1
[SQP] before_solve iter=5 vars=16 constraints=87 max_d=-1.00229e-05
[QP WORST] iter=5 row=52 type=collision d=-1.00229e-05
[QP WORST COLLISION] scenario=4 k=8 obstacle=0 disc=2
[SQP] after_solve iter=5 converged=1 status=0 iterations=4 primal_residual=2.29218e-09 dual_residual=1.77921e-05 x_size=16 x_finite=1
[SQP LINESEARCH] iter=5 current_violation=0 accepted_violation=0 accepted=1 alpha=1 delta_u_norm=0.132081
[SQP SUPPORT] iter=5 support_size=0 support_limit=-1 support_ok=1
[SQP] before_solve iter=6 vars=16 constraints=87 max_d=-1.36158e-05
[QP WORST] iter=6 row=52 type=collision d=-1.36158e-05
[QP WORST COLLISION] scenario=4 k=8 obstacle=0 disc=2
[SQP] after_solve iter=6 converged=1 status=0 iterations=4 primal_residual=3.60992e-09 dual_residual=4.64844e-05 x_size=16 x_finite=1
[SQP LINESEARCH] iter=6 current_violation=0 accepted_violation=0 accepted=1 alpha=1 delta_u_norm=0.117648
[SQP SUPPORT] iter=6 support_size=0 support_limit=-1 support_ok=1
[SQP] before_solve iter=7 vars=16 constraints=87 max_d=-1.89294e-05
[QP WORST] iter=7 row=52 type=collision d=-1.89294e-05
[QP WORST COLLISION] scenario=4 k=8 obstacle=0 disc=2
[SQP] after_solve iter=7 converged=1 status=0 iterations=4 primal_residual=4.57088e-09 dual_residual=5.34742e-05 x_size=16 x_finite=1
[SQP LINESEARCH] iter=7 current_violation=0 accepted_violation=0 accepted=1 alpha=1 delta_u_norm=0.107195
[SQP SUPPORT] iter=7 support_size=0 support_limit=-1 support_ok=1
[SQP] before_solve iter=8 vars=16 constraints=87 max_d=-1.99384e-05
[QP WORST] iter=8 row=52 type=collision d=-1.99384e-05
[QP WORST COLLISION] scenario=4 k=8 obstacle=0 disc=2
[SQP] after_solve iter=8 converged=1 status=0 iterations=4 primal_residual=4.84834e-09 dual_residual=5.39871e-05 x_size=16 x_finite=1
[SQP LINESEARCH] iter=8 current_violation=0 accepted_violation=0 accepted=1 alpha=1 delta_u_norm=0.100085
[SQP SUPPORT] iter=8 support_size=0 support_limit=-1 support_ok=1
[SQP] before_solve iter=9 vars=16 constraints=87 max_d=-1.97221e-05
[QP WORST] iter=9 row=52 type=collision d=-1.97221e-05
[QP WORST COLLISION] scenario=4 k=8 obstacle=0 disc=2
[SQP] after_solve iter=9 converged=1 status=0 iterations=4 primal_residual=4.91737e-09 dual_residual=5.39196e-05 x_size=16 x_finite=1
[SQP LINESEARCH] iter=9 current_violation=0 accepted_violation=0 accepted=1 alpha=1 delta_u_norm=0.0942479
[SQP SUPPORT] iter=9 support_size=0 support_limit=-1 support_ok=1
[SQP FINAL] final_violation=0 violated_constraints=0
[SUPPORT FINAL] sqp_union=0 final_active=1 support_limit=-1
[SUPPORT FINAL IDS] 4
[SUPPORT UNION IDS]
[COLD START RECOVERY CHECK] ordinary_sqp_failed=0 seed_available=1 incompatible=0 try_homotopy=0
[HARNESS RESULT] step=4 success=1 controls=8 first_input_present=1
[MPC STEP METRICS] step=4 applied=1 success=1 fallback=0 a=-0.397668 omega=0.0446664 dt=0.1 acceleration_weight=0.1 steering_weight=0.1 control_cost_unweighted=0.160135 control_cost_weighted=0.0160135 mpc_cost=-17.3561 solve_time=0.0522533 qp_solve_time=0.0335584 constraint_time=0.00967498 dro_risk_time=0.000604723 ambiguity_radius=0.0130963 certificate=not_requested
[EVAL SAFETY] step=5 min_center_distance=2.1789 min_clearance=1.2289 collision_this_step=0 collision_run=0 collision_radius=0.95
[DRO SUMMARY] step=6 obstacle=0 S=40 rho=0.011984 rho_raw=0.011984 D_max=0.0256781 D_min=0.0128703 tv_bound=0.93114 eta=0.466702 eta_raw=0.466702 radius_m=6 radius_d=3 transport_cost=0 budget_usage=0 lambda=0 q_support=3 nominal_risk=0 qstar_risk=0 risk_lift=0 tv=0
[DRO MODE] step=6 obstacle=0 mode=constant_velocity p=0.2 risk=0 q=0.2 delta_q=0 q_times_S=8
[DRO MODE] step=6 obstacle=0 mode=turn_left p=0.0666667 risk=0 q=0.0666667 delta_q=0 q_times_S=2.66667
[DRO MODE] step=6 obstacle=0 mode=turn_right p=0.733333 risk=0 q=0.733333 delta_q=0 q_times_S=29.3333
[DRO SAMPLE] step=6 obstacle=0 mode=constant_velocity q=0.2 q_times_S=8 first_count=8 first_fraction=0.2 occupancy=64 occupancy_fraction=0.2
[DRO SAMPLE] step=6 obstacle=0 mode=turn_left q=0.0666667 q_times_S=2.66667 first_count=4 first_fraction=0.1 occupancy=32 occupancy_fraction=0.1
[DRO SAMPLE] step=6 obstacle=0 mode=turn_right q=0.733333 q_times_S=29.3333 first_count=28 first_fraction=0.7 occupancy=224 occupancy_fraction=0.7
[RF BACKUP] available=1 controls=8 states=9
[FREE POLY] k=1 disc=0 raw=40 facets=1 vertices=5 rho=4.8 anchor_shift=0
[FREE POLY] k=1 disc=1 raw=40 facets=0 vertices=4 rho=0.800001 anchor_shift=0
[FREE POLY] k=1 disc=2 raw=40 facets=4 vertices=7 rho=4.8 anchor_shift=0
[FREE POLY] k=2 disc=0 raw=40 facets=4 vertices=7 rho=5.6 anchor_shift=0
[FREE POLY] k=2 disc=1 raw=40 facets=0 vertices=4 rho=1.6 anchor_shift=0
[FREE POLY] k=2 disc=2 raw=40 facets=4 vertices=7 rho=5.6 anchor_shift=0
[FREE POLY] k=3 disc=0 raw=40 facets=3 vertices=6 rho=6.4 anchor_shift=0
[FREE POLY] k=3 disc=1 raw=40 facets=0 vertices=4 rho=2.4 anchor_shift=0
[FREE POLY] k=3 disc=2 raw=40 facets=4 vertices=7 rho=6.4 anchor_shift=0
[FREE POLY] k=4 disc=0 raw=40 facets=3 vertices=6 rho=7.2 anchor_shift=0
[FREE POLY] k=4 disc=1 raw=40 facets=3 vertices=6 rho=3.2 anchor_shift=0
[FREE POLY] k=4 disc=2 raw=40 facets=3 vertices=6 rho=7.2 anchor_shift=0
[FREE POLY] k=5 disc=0 raw=40 facets=3 vertices=6 rho=8 anchor_shift=0
[FREE POLY] k=5 disc=1 raw=40 facets=3 vertices=6 rho=4 anchor_shift=0
[FREE POLY] k=5 disc=2 raw=40 facets=4 vertices=7 rho=8 anchor_shift=0
[FREE POLY] k=6 disc=0 raw=40 facets=4 vertices=7 rho=8.8 anchor_shift=0
[FREE POLY] k=6 disc=1 raw=40 facets=4 vertices=7 rho=4.8 anchor_shift=0
[FREE POLY] k=6 disc=2 raw=40 facets=4 vertices=7 rho=8.8 anchor_shift=0
[FREE POLY] k=7 disc=0 raw=40 facets=4 vertices=7 rho=9.6 anchor_shift=0
[FREE POLY] k=7 disc=1 raw=40 facets=4 vertices=7 rho=5.6 anchor_shift=0
[FREE POLY] k=7 disc=2 raw=40 facets=4 vertices=6 rho=9.6 anchor_shift=0
[FREE POLY] k=8 disc=0 raw=40 facets=4 vertices=7 rho=10.4 anchor_shift=0
[FREE POLY] k=8 disc=1 raw=40 facets=4 vertices=7 rho=6.4 anchor_shift=0
[FREE POLY] k=8 disc=2 raw=40 facets=4 vertices=6 rho=10.4 anchor_shift=0
[RF SUPPORT SEED] removed=0 support_limit=-1
[SQP] before_solve iter=0 vars=16 constraints=107 max_d=-0.151017
[QP WORST] iter=0 row=73 type=collision d=-0.151017
[QP WORST COLLISION] scenario=23 k=8 obstacle=0 disc=2
[SQP] after_solve iter=0 converged=1 status=0 iterations=4 primal_residual=4.30211e-16 dual_residual=3.5123e-05 x_size=16 x_finite=1
[SQP LINESEARCH] iter=0 current_violation=0 accepted_violation=0 accepted=1 alpha=1 delta_u_norm=0.440522
[SQP SUPPORT] iter=0 support_size=0 support_limit=-1 support_ok=1
[SQP] before_solve iter=1 vars=16 constraints=107 max_d=-0.00167842
[QP WORST] iter=1 row=73 type=collision d=-0.00167842
[QP WORST COLLISION] scenario=23 k=8 obstacle=0 disc=2
[SQP] after_solve iter=1 converged=1 status=0 iterations=5 primal_residual=4.18936e-16 dual_residual=2.62247e-07 x_size=16 x_finite=1
[SQP LINESEARCH] iter=1 current_violation=0 accepted_violation=0 accepted=1 alpha=1 delta_u_norm=0.248442
[SQP SUPPORT] iter=1 support_size=0 support_limit=-1 support_ok=1
[SQP] before_solve iter=2 vars=16 constraints=107 max_d=-5.35503e-05
[QP WORST] iter=2 row=73 type=collision d=-5.35503e-05
[QP WORST COLLISION] scenario=23 k=8 obstacle=0 disc=2
[SQP] after_solve iter=2 converged=1 status=0 iterations=4 primal_residual=4.05817e-16 dual_residual=1.73715e-05 x_size=16 x_finite=1
[SQP LINESEARCH] iter=2 current_violation=0 accepted_violation=0 accepted=1 alpha=1 delta_u_norm=0.202802
[SQP SUPPORT] iter=2 support_size=0 support_limit=-1 support_ok=1
[SQP] before_solve iter=3 vars=16 constraints=107 max_d=-8.81545e-05
[QP WORST] iter=3 row=73 type=collision d=-8.81545e-05
[QP WORST COLLISION] scenario=23 k=8 obstacle=0 disc=2
[SQP] after_solve iter=3 converged=1 status=0 iterations=4 primal_residual=2.89806e-09 dual_residual=3.65952e-06 x_size=16 x_finite=1
[SQP LINESEARCH] iter=3 current_violation=0 accepted_violation=0 accepted=1 alpha=1 delta_u_norm=0.183911
[SQP SUPPORT] iter=3 support_size=0 support_limit=-1 support_ok=1
[SQP] before_solve iter=4 vars=16 constraints=107 max_d=-2.1124e-05
[QP WORST] iter=4 row=73 type=collision d=-2.1124e-05
[QP WORST COLLISION] scenario=23 k=8 obstacle=0 disc=2
[SQP] after_solve iter=4 converged=1 status=0 iterations=4 primal_residual=4.84599e-08 dual_residual=1.99777e-05 x_size=16 x_finite=1
[SQP LINESEARCH] iter=4 current_violation=0 accepted_violation=0 accepted=1 alpha=1 delta_u_norm=0.169063
[SQP SUPPORT] iter=4 support_size=0 support_limit=-1 support_ok=1
[SQP] before_solve iter=5 vars=16 constraints=107 max_d=-2.90103e-06
[QP WORST] iter=5 row=73 type=collision d=-2.90103e-06
[QP WORST COLLISION] scenario=23 k=8 obstacle=0 disc=2
[SQP] after_solve iter=5 converged=1 status=0 iterations=4 primal_residual=4.36951e-08 dual_residual=1.96795e-05 x_size=16 x_finite=1
[SQP LINESEARCH] iter=5 current_violation=0 accepted_violation=0 accepted=1 alpha=1 delta_u_norm=0.156318
[SQP SUPPORT] iter=5 support_size=0 support_limit=-1 support_ok=1
[SQP] before_solve iter=6 vars=16 constraints=107 max_d=-0.00010289
[QP WORST] iter=6 row=73 type=collision d=-0.00010289
[QP WORST COLLISION] scenario=23 k=8 obstacle=0 disc=2
[SQP] after_solve iter=6 converged=1 status=0 iterations=4 primal_residual=4.30211e-16 dual_residual=1.87004e-05 x_size=16 x_finite=1
[SQP LINESEARCH] iter=6 current_violation=0 accepted_violation=0 accepted=1 alpha=1 delta_u_norm=0.144464
[SQP SUPPORT] iter=6 support_size=0 support_limit=-1 support_ok=1
[SQP] before_solve iter=7 vars=16 constraints=107 max_d=-4.14743e-05
[QP WORST] iter=7 row=73 type=collision d=-4.14743e-05
[QP WORST COLLISION] scenario=23 k=8 obstacle=0 disc=2
[SQP] after_solve iter=7 converged=1 status=0 iterations=4 primal_residual=4.4371e-16 dual_residual=5.04694e-05 x_size=16 x_finite=1
[SQP LINESEARCH] iter=7 current_violation=0 accepted_violation=0 accepted=1 alpha=1 delta_u_norm=0.130542
[SQP SUPPORT] iter=7 support_size=0 support_limit=-1 support_ok=1
[SQP] before_solve iter=8 vars=16 constraints=107 max_d=-7.15941e-05
[QP WORST] iter=8 row=73 type=collision d=-7.15941e-05
[QP WORST COLLISION] scenario=23 k=8 obstacle=0 disc=2
[SQP] after_solve iter=8 converged=1 status=0 iterations=4 primal_residual=4.44089e-16 dual_residual=5.50011e-05 x_size=16 x_finite=1
[SQP LINESEARCH] iter=8 current_violation=0 accepted_violation=0 accepted=1 alpha=1 delta_u_norm=0.11341
[SQP SUPPORT] iter=8 support_size=0 support_limit=-1 support_ok=1
[SQP] before_solve iter=9 vars=16 constraints=107 max_d=-5.63741e-05
[QP WORST] iter=9 row=73 type=collision d=-5.63741e-05
[QP WORST COLLISION] scenario=23 k=8 obstacle=0 disc=2
[SQP] after_solve iter=9 converged=1 status=0 iterations=4 primal_residual=1.84351e-07 dual_residual=6.49401e-05 x_size=16 x_finite=1
[SQP LINESEARCH] iter=9 current_violation=0 accepted_violation=0 accepted=1 alpha=1 delta_u_norm=0.102408
[SQP SUPPORT] iter=9 support_size=0 support_limit=-1 support_ok=1
[SQP FINAL] final_violation=0 violated_constraints=0
[SUPPORT FINAL] sqp_union=0 final_active=1 support_limit=-1
[SUPPORT FINAL IDS] 23
[SUPPORT UNION IDS]
[COLD START RECOVERY CHECK] ordinary_sqp_failed=0 seed_available=1 incompatible=0 try_homotopy=0
[HARNESS RESULT] step=5 success=1 controls=8 first_input_present=1
[MPC STEP METRICS] step=5 applied=1 success=1 fallback=0 a=0.122881 omega=0.0693738 dt=0.1 acceleration_weight=0.1 steering_weight=0.1 control_cost_unweighted=0.0199124 control_cost_weighted=0.00199124 mpc_cost=-17.4567 solve_time=0.0398315 qp_solve_time=0.026798 constraint_time=0.00687454 dro_risk_time=0.000398596 ambiguity_radius=0.011984 certificate=not_requested
[EVAL SAFETY] step=6 min_center_distance=2.00449 min_clearance=1.05449 collision_this_step=0 collision_run=0 collision_radius=0.95
[DRO SUMMARY] step=7 obstacle=0 S=40 rho=0.0109921 rho_raw=0.0109921 D_max=0.0256781 D_min=0.0128703 tv_bound=0.854066 eta=0.428071 eta_raw=0.428071 radius_m=7 radius_d=3 transport_cost=0.0109921 budget_usage=1 lambda=1.66438 q_support=2 nominal_risk=0.172242 qstar_risk=0.190768 risk_lift=0.0185254 tv=0.516092
[DRO MODE] step=7 obstacle=0 mode=constant_velocity p=0.176471 risk=0.186208 q=0 delta_q=-0.176471 q_times_S=0
[DRO MODE] step=7 obstacle=0 mode=turn_left p=0.0588235 risk=0.208935 q=0.574915 delta_q=0.516092 q_times_S=22.9966
[DRO MODE] step=7 obstacle=0 mode=turn_right p=0.764706 risk=0.166197 q=0.425085 delta_q=-0.339621 q_times_S=17.0034
[DRO SAMPLE] step=7 obstacle=0 mode=constant_velocity q=0 q_times_S=0 first_count=0 first_fraction=0 occupancy=0 occupancy_fraction=0
[DRO SAMPLE] step=7 obstacle=0 mode=turn_left q=0.574915 q_times_S=22.9966 first_count=19 first_fraction=0.475 occupancy=152 occupancy_fraction=0.475
[DRO SAMPLE] step=7 obstacle=0 mode=turn_right q=0.425085 q_times_S=17.0034 first_count=21 first_fraction=0.525 occupancy=168 occupancy_fraction=0.525
[RF BACKUP] available=1 controls=8 states=9
[FREE POLY] k=1 disc=0 raw=40 facets=1 vertices=5 rho=4.8 anchor_shift=0
[FREE POLY] k=1 disc=1 raw=40 facets=0 vertices=4 rho=0.800001 anchor_shift=0
[FREE POLY] k=1 disc=2 raw=40 facets=2 vertices=5 rho=4.8 anchor_shift=0
[FREE POLY] k=2 disc=0 raw=40 facets=4 vertices=7 rho=5.6 anchor_shift=0
[FREE POLY] k=2 disc=1 raw=40 facets=0 vertices=4 rho=1.6 anchor_shift=0
[FREE POLY] k=2 disc=2 raw=40 facets=4 vertices=7 rho=5.6 anchor_shift=0
[FREE POLY] k=3 disc=0 raw=40 facets=3 vertices=6 rho=6.4 anchor_shift=0
[FREE POLY] k=3 disc=1 raw=40 facets=2 vertices=6 rho=2.4 anchor_shift=0
[FREE POLY] k=3 disc=2 raw=40 facets=4 vertices=7 rho=6.4 anchor_shift=0
[FREE POLY] k=4 disc=0 raw=40 facets=3 vertices=6 rho=7.2 anchor_shift=0
[FREE POLY] k=4 disc=1 raw=40 facets=3 vertices=6 rho=3.2 anchor_shift=0
[FREE POLY] k=4 disc=2 raw=40 facets=4 vertices=7 rho=7.2 anchor_shift=0
[FREE POLY] k=5 disc=0 raw=40 facets=4 vertices=7 rho=8 anchor_shift=0
[FREE POLY] k=5 disc=1 raw=40 facets=4 vertices=7 rho=4 anchor_shift=0
[FREE POLY] k=5 disc=2 raw=40 facets=5 vertices=8 rho=8 anchor_shift=0
[FREE POLY] k=6 disc=0 raw=40 facets=4 vertices=7 rho=8.8 anchor_shift=0
[FREE POLY] k=6 disc=1 raw=40 facets=4 vertices=7 rho=4.8 anchor_shift=0
[FREE POLY] k=6 disc=2 raw=40 facets=5 vertices=8 rho=8.8 anchor_shift=0
[FREE POLY] k=7 disc=0 raw=40 facets=6 vertices=9 rho=9.6 anchor_shift=0
[FREE POLY] k=7 disc=1 raw=40 facets=6 vertices=9 rho=5.6 anchor_shift=0
[FREE POLY] k=7 disc=2 raw=40 facets=7 vertices=9 rho=9.6 anchor_shift=0
[FREE POLY] k=8 disc=0 raw=40 facets=7 vertices=10 rho=10.4 anchor_shift=0
[FREE POLY] k=8 disc=1 raw=40 facets=7 vertices=10 rho=6.4 anchor_shift=0
[FREE POLY] k=8 disc=2 raw=40 facets=8 vertices=11 rho=10.4 anchor_shift=0
[RF SUPPORT SEED] removed=0 support_limit=-1
[SQP] before_solve iter=0 vars=16 constraints=129 max_d=0.131793
[QP WORST] iter=0 row=89 type=collision d=0.131793
[QP WORST COLLISION] scenario=0 k=8 obstacle=0 disc=2
[SQP] after_solve iter=0 converged=1 status=0 iterations=5 primal_residual=4.19369e-16 dual_residual=1.60836e-05 x_size=16 x_finite=1
[SQP LINESEARCH] iter=0 current_violation=0.131793 accepted_violation=0 accepted=1 alpha=1 delta_u_norm=0.391686
[SQP SUPPORT] iter=0 support_size=0 support_limit=-1 support_ok=1
[SQP] before_solve iter=1 vars=16 constraints=129 max_d=-0.00295223
[QP WORST] iter=1 row=89 type=collision d=-0.00295223
[QP WORST COLLISION] scenario=0 k=8 obstacle=0 disc=2
[SQP] after_solve iter=1 converged=1 status=0 iterations=5 primal_residual=4.09395e-16 dual_residual=1.60652e-05 x_size=16 x_finite=1
[SQP LINESEARCH] iter=1 current_violation=0 accepted_violation=0 accepted=1 alpha=1 delta_u_norm=0.333218
[SQP SUPPORT] iter=1 support_size=0 support_limit=-1 support_ok=1
[SQP] before_solve iter=2 vars=16 constraints=129 max_d=-0.000107702
[QP WORST] iter=2 row=89 type=collision d=-0.000107702
[QP WORST COLLISION] scenario=0 k=8 obstacle=0 disc=2
[SQP] after_solve iter=2 converged=1 status=0 iterations=5 primal_residual=4.14165e-16 dual_residual=7.75591e-06 x_size=16 x_finite=1
[SQP LINESEARCH] iter=2 current_violation=0 accepted_violation=0 accepted=1 alpha=1 delta_u_norm=0.153266
[SQP SUPPORT] iter=2 support_size=0 support_limit=-1 support_ok=1
[SQP] before_solve iter=3 vars=16 constraints=129 max_d=-2.0177e-05
[QP WORST] iter=3 row=89 type=collision d=-2.0177e-05
[QP WORST COLLISION] scenario=0 k=8 obstacle=0 disc=2
[SQP] after_solve iter=3 converged=1 status=0 iterations=5 primal_residual=4.34982e-16 dual_residual=7.63275e-06 x_size=16 x_finite=1
[SQP LINESEARCH] iter=3 current_violation=0 accepted_violation=0 accepted=1 alpha=1 delta_u_norm=0.14015
[SQP SUPPORT] iter=3 support_size=0 support_limit=-1 support_ok=1
[SQP] before_solve iter=4 vars=16 constraints=129 max_d=-2.16053e-05
[QP WORST] iter=4 row=89 type=collision d=-2.16053e-05
[QP WORST COLLISION] scenario=0 k=8 obstacle=0 disc=2
[SQP] after_solve iter=4 converged=1 status=0 iterations=5 primal_residual=4.32353e-16 dual_residual=7.47107e-06 x_size=16 x_finite=1
[SQP LINESEARCH] iter=4 current_violation=0 accepted_violation=0 accepted=1 alpha=1 delta_u_norm=0.129945
[SQP SUPPORT] iter=4 support_size=0 support_limit=-1 support_ok=1
[SQP] before_solve iter=5 vars=16 constraints=129 max_d=-2.17836e-05
[QP WORST] iter=5 row=89 type=collision d=-2.17836e-05
[QP WORST COLLISION] scenario=0 k=8 obstacle=0 disc=2
[SQP] after_solve iter=5 converged=1 status=0 iterations=5 primal_residual=4.29371e-16 dual_residual=7.33968e-06 x_size=16 x_finite=1
[SQP LINESEARCH] iter=5 current_violation=0 accepted_violation=0 accepted=1 alpha=1 delta_u_norm=0.121425
[SQP SUPPORT] iter=5 support_size=0 support_limit=-1 support_ok=1
[SQP] before_solve iter=6 vars=16 constraints=129 max_d=-2.17688e-05
[QP WORST] iter=6 row=89 type=collision d=-2.17688e-05
[QP WORST COLLISION] scenario=0 k=8 obstacle=0 disc=2
[SQP] after_solve iter=6 converged=1 status=0 iterations=5 primal_residual=4.15141e-16 dual_residual=7.23065e-06 x_size=16 x_finite=1
[SQP LINESEARCH] iter=6 current_violation=0 accepted_violation=0 accepted=1 alpha=1 delta_u_norm=0.114051
[SQP SUPPORT] iter=6 support_size=0 support_limit=-1 support_ok=1
[SQP] before_solve iter=7 vars=16 constraints=129 max_d=-2.16604e-05
[QP WORST] iter=7 row=89 type=collision d=-2.16604e-05
[QP WORST COLLISION] scenario=0 k=8 obstacle=0 disc=2
[SQP] after_solve iter=7 converged=1 status=0 iterations=5 primal_residual=4.31079e-16 dual_residual=7.18382e-06 x_size=16 x_finite=1
[SQP LINESEARCH] iter=7 current_violation=0 accepted_violation=0 accepted=1 alpha=1 delta_u_norm=0.107511
[SQP SUPPORT] iter=7 support_size=0 support_limit=-1 support_ok=1
[SQP] before_solve iter=8 vars=16 constraints=129 max_d=-2.16332e-05
[QP WORST] iter=8 row=89 type=collision d=-2.16332e-05
[QP WORST COLLISION] scenario=0 k=8 obstacle=0 disc=2
[SQP] after_solve iter=8 converged=1 status=0 iterations=5 primal_residual=4.42748e-16 dual_residual=7.16847e-06 x_size=16 x_finite=1
[SQP LINESEARCH] iter=8 current_violation=0 accepted_violation=0 accepted=1 alpha=1 delta_u_norm=0.10161
[SQP SUPPORT] iter=8 support_size=0 support_limit=-1 support_ok=1
[SQP] before_solve iter=9 vars=16 constraints=129 max_d=-2.1641e-05
[QP WORST] iter=9 row=89 type=collision d=-2.1641e-05
[QP WORST COLLISION] scenario=0 k=8 obstacle=0 disc=2
[SQP] after_solve iter=9 converged=1 status=0 iterations=5 primal_residual=4.20237e-16 dual_residual=7.16167e-06 x_size=16 x_finite=1
[SQP LINESEARCH] iter=9 current_violation=0 accepted_violation=0 accepted=1 alpha=1 delta_u_norm=0.0962215
[SQP SUPPORT] iter=9 support_size=0 support_limit=-1 support_ok=1
[SQP FINAL] final_violation=0 violated_constraints=0
[SUPPORT FINAL] sqp_union=0 final_active=2 support_limit=-1
[SUPPORT FINAL IDS] 0 26
[SUPPORT UNION IDS]
[COLD START RECOVERY CHECK] ordinary_sqp_failed=0 seed_available=1 incompatible=0 try_homotopy=0
[HARNESS RESULT] step=6 success=1 controls=8 first_input_present=1
[MPC STEP METRICS] step=6 applied=1 success=1 fallback=0 a=0.0304818 omega=0.00763378 dt=0.1 acceleration_weight=0.1 steering_weight=0.1 control_cost_unweighted=0.000987415 control_cost_weighted=9.87415e-05 mpc_cost=-17.3243 solve_time=0.0418461 qp_solve_time=0.0280961 constraint_time=0.00755784 dro_risk_time=0.000405569 ambiguity_radius=0.0109921 certificate=not_requested
[EVAL SAFETY] step=7 min_center_distance=1.82826 min_clearance=0.878259 collision_this_step=0 collision_run=0 collision_radius=0.95
[DRO SUMMARY] step=8 obstacle=0 S=40 rho=0.0101243 rho_raw=0.0101243 D_max=0.0256781 D_min=0.0128703 tv_bound=0.786642 eta=0.394277 eta_raw=0.394277 radius_m=8 radius_d=3 transport_cost=0.0101243 budget_usage=1 lambda=1.97331 q_support=2 nominal_risk=0.0535315 qstar_risk=0.0736698 risk_lift=0.0201384 tv=0.473033
[DRO MODE] step=8 obstacle=0 mode=constant_velocity p=0.157895 risk=0.0712946 q=0 delta_q=-0.157895 q_times_S=0
[DRO MODE] step=8 obstacle=0 mode=turn_left p=0.0526316 risk=0.0977048 q=0.525664 delta_q=0.473033 q_times_S=21.0266
[DRO MODE] step=8 obstacle=0 mode=turn_right p=0.789474 risk=0.0470339 q=0.474336 delta_q=-0.315138 q_times_S=18.9734
[DRO SAMPLE] step=8 obstacle=0 mode=constant_velocity q=0 q_times_S=0 first_count=0 first_fraction=0 occupancy=0 occupancy_fraction=0
[DRO SAMPLE] step=8 obstacle=0 mode=turn_left q=0.525664 q_times_S=21.0266 first_count=22 first_fraction=0.55 occupancy=176 occupancy_fraction=0.55
[DRO SAMPLE] step=8 obstacle=0 mode=turn_right q=0.474336 q_times_S=18.9734 first_count=18 first_fraction=0.45 occupancy=144 occupancy_fraction=0.45
[RF BACKUP] available=1 controls=8 states=9
[FREE POLY] k=1 disc=0 raw=40 facets=3 vertices=7 rho=4.8 anchor_shift=0
[FREE POLY] k=1 disc=1 raw=40 facets=0 vertices=4 rho=0.800001 anchor_shift=0
[FREE POLY] k=1 disc=2 raw=40 facets=4 vertices=7 rho=4.8 anchor_shift=0
[FREE POLY] k=2 disc=0 raw=40 facets=4 vertices=7 rho=5.6 anchor_shift=0
[FREE POLY] k=2 disc=1 raw=40 facets=0 vertices=4 rho=1.6 anchor_shift=0
[FREE POLY] k=2 disc=2 raw=40 facets=4 vertices=7 rho=5.6 anchor_shift=0
[FREE POLY] k=3 disc=0 raw=40 facets=4 vertices=7 rho=6.4 anchor_shift=0
[FREE POLY] k=3 disc=1 raw=40 facets=2 vertices=6 rho=2.4 anchor_shift=0
[FREE POLY] k=3 disc=2 raw=40 facets=4 vertices=7 rho=6.4 anchor_shift=0
[FREE POLY] k=4 disc=0 raw=40 facets=3 vertices=6 rho=7.2 anchor_shift=0
[FREE POLY] k=4 disc=1 raw=40 facets=3 vertices=6 rho=3.2 anchor_shift=0
[FREE POLY] k=4 disc=2 raw=40 facets=5 vertices=8 rho=7.2 anchor_shift=0
[FREE POLY] k=5 disc=0 raw=40 facets=4 vertices=7 rho=8 anchor_shift=0
[FREE POLY] k=5 disc=1 raw=40 facets=5 vertices=8 rho=4 anchor_shift=0
[FREE POLY] k=5 disc=2 raw=40 facets=7 vertices=10 rho=8 anchor_shift=0
[FREE POLY] k=6 disc=0 raw=40 facets=6 vertices=9 rho=8.8 anchor_shift=0
[FREE POLY] k=6 disc=1 raw=40 facets=6 vertices=9 rho=4.8 anchor_shift=0
[FREE POLY] k=6 disc=2 raw=40 facets=7 vertices=9 rho=8.8 anchor_shift=0
[FREE POLY] k=7 disc=0 raw=40 facets=5 vertices=8 rho=9.6 anchor_shift=0
[FREE POLY] k=7 disc=1 raw=40 facets=4 vertices=7 rho=5.6 anchor_shift=0
[FREE POLY] k=7 disc=2 raw=40 facets=6 vertices=9 rho=9.6 anchor_shift=0
[FREE POLY] k=8 disc=0 raw=40 facets=4 vertices=7 rho=10.4 anchor_shift=0
[FREE POLY] k=8 disc=1 raw=40 facets=4 vertices=7 rho=6.4 anchor_shift=0
[FREE POLY] k=8 disc=2 raw=40 facets=6 vertices=9 rho=10.4 anchor_shift=0
[RF SUPPORT SEED] removed=0 support_limit=-1
[SQP] before_solve iter=0 vars=16 constraints=132 max_d=0.0177962
[QP WORST] iter=0 row=97 type=collision d=0.0177962
[QP WORST COLLISION] scenario=31 k=8 obstacle=0 disc=2
[SQP] after_solve iter=0 converged=1 status=0 iterations=5 primal_residual=4.21213e-16 dual_residual=2.32559e-05 x_size=16 x_finite=1
[SQP LINESEARCH] iter=0 current_violation=0.0177962 accepted_violation=7.46741e-06 accepted=1 alpha=1 delta_u_norm=0.347277
[SQP SUPPORT] iter=0 support_size=0 support_limit=-1 support_ok=1
[SQP] before_solve iter=1 vars=16 constraints=132 max_d=7.46741e-06
[QP WORST] iter=1 row=97 type=collision d=7.46741e-06
[QP WORST COLLISION] scenario=31 k=8 obstacle=0 disc=2
[SQP] after_solve iter=1 converged=1 status=0 iterations=5 primal_residual=4.28477e-16 dual_residual=8.26499e-06 x_size=16 x_finite=1
[SQP LINESEARCH] iter=1 current_violation=7.46741e-06 accepted_violation=0 accepted=1 alpha=1 delta_u_norm=0.181913
[SQP SUPPORT] iter=1 support_size=0 support_limit=-1 support_ok=1
[SQP] before_solve iter=2 vars=16 constraints=132 max_d=-1.29629e-05
[QP WORST] iter=2 row=97 type=collision d=-1.29629e-05
[QP WORST COLLISION] scenario=31 k=8 obstacle=0 disc=2
[SQP] after_solve iter=2 converged=1 status=0 iterations=5 primal_residual=2.96577e-08 dual_residual=1.6965e-05 x_size=16 x_finite=1
[SQP LINESEARCH] iter=2 current_violation=0 accepted_violation=0 accepted=1 alpha=1 delta_u_norm=0.149044
[SQP SUPPORT] iter=2 support_size=0 support_limit=-1 support_ok=1
[SQP] before_solve iter=3 vars=16 constraints=132 max_d=-1.49923e-05
[QP WORST] iter=3 row=97 type=collision d=-1.49923e-05
[QP WORST COLLISION] scenario=31 k=8 obstacle=0 disc=2
[SQP] after_solve iter=3 converged=1 status=0 iterations=5 primal_residual=1.7507e-08 dual_residual=9.99746e-06 x_size=16 x_finite=1
[SQP LINESEARCH] iter=3 current_violation=0 accepted_violation=0 accepted=1 alpha=1 delta_u_norm=0.137993
[SQP SUPPORT] iter=3 support_size=0 support_limit=-1 support_ok=1
[SQP] before_solve iter=4 vars=16 constraints=132 max_d=-1.46219e-05
[QP WORST] iter=4 row=97 type=collision d=-1.46219e-05
[QP WORST COLLISION] scenario=31 k=8 obstacle=0 disc=2
[SQP] after_solve iter=4 converged=1 status=0 iterations=5 primal_residual=1.25022e-08 dual_residual=8.45125e-06 x_size=16 x_finite=1
[SQP LINESEARCH] iter=4 current_violation=0 accepted_violation=0 accepted=1 alpha=1 delta_u_norm=0.128861
[SQP SUPPORT] iter=4 support_size=0 support_limit=-1 support_ok=1
[SQP] before_solve iter=5 vars=16 constraints=132 max_d=-1.45973e-05
[QP WORST] iter=5 row=97 type=collision d=-1.45973e-05
[QP WORST COLLISION] scenario=31 k=8 obstacle=0 disc=2
[SQP] after_solve iter=5 converged=1 status=0 iterations=5 primal_residual=9.84879e-09 dual_residual=8.01176e-06 x_size=16 x_finite=1
[SQP LINESEARCH] iter=5 current_violation=0 accepted_violation=0 accepted=1 alpha=1 delta_u_norm=0.120943
[SQP SUPPORT] iter=5 support_size=0 support_limit=-1 support_ok=1
[SQP] before_solve iter=6 vars=16 constraints=132 max_d=-1.45661e-05
[QP WORST] iter=6 row=97 type=collision d=-1.45661e-05
[QP WORST COLLISION] scenario=31 k=8 obstacle=0 disc=2
[SQP] after_solve iter=6 converged=1 status=0 iterations=5 primal_residual=8.24297e-09 dual_residual=7.72261e-06 x_size=16 x_finite=1
[SQP LINESEARCH] iter=6 current_violation=0 accepted_violation=0 accepted=1 alpha=1 delta_u_norm=0.113912
[SQP SUPPORT] iter=6 support_size=0 support_limit=-1 support_ok=1
[SQP] before_solve iter=7 vars=16 constraints=132 max_d=-1.4499e-05
[QP WORST] iter=7 row=97 type=collision d=-1.4499e-05
[QP WORST COLLISION] scenario=31 k=8 obstacle=0 disc=2
[SQP] after_solve iter=7 converged=1 status=0 iterations=5 primal_residual=7.16871e-09 dual_residual=7.50952e-06 x_size=16 x_finite=1
[SQP LINESEARCH] iter=7 current_violation=0 accepted_violation=0 accepted=1 alpha=1 delta_u_norm=0.107565
[SQP SUPPORT] iter=7 support_size=0 support_limit=-1 support_ok=1
[SQP] before_solve iter=8 vars=16 constraints=132 max_d=-1.44044e-05
[QP WORST] iter=8 row=97 type=collision d=-1.44044e-05
[QP WORST COLLISION] scenario=31 k=8 obstacle=0 disc=2
[SQP] after_solve iter=8 converged=1 status=0 iterations=5 primal_residual=6.39039e-09 dual_residual=7.33963e-06 x_size=16 x_finite=1
[SQP LINESEARCH] iter=8 current_violation=0 accepted_violation=0 accepted=1 alpha=1 delta_u_norm=0.101768
[SQP SUPPORT] iter=8 support_size=0 support_limit=-1 support_ok=1
[SQP] before_solve iter=9 vars=16 constraints=132 max_d=-1.42936e-05
[QP WORST] iter=9 row=97 type=collision d=-1.42936e-05
[QP WORST COLLISION] scenario=31 k=8 obstacle=0 disc=2
[SQP] after_solve iter=9 converged=1 status=0 iterations=5 primal_residual=5.78751e-09 dual_residual=7.1965e-06 x_size=16 x_finite=1
[SQP LINESEARCH] iter=9 current_violation=0 accepted_violation=0 accepted=1 alpha=1 delta_u_norm=0.096428
[SQP SUPPORT] iter=9 support_size=0 support_limit=-1 support_ok=1
[SQP FINAL] final_violation=0 violated_constraints=0
[SUPPORT FINAL] sqp_union=0 final_active=2 support_limit=-1
[SUPPORT FINAL IDS] 15 31
[SUPPORT UNION IDS]
[COLD START RECOVERY CHECK] ordinary_sqp_failed=0 seed_available=1 incompatible=0 try_homotopy=0
[HARNESS RESULT] step=7 success=1 controls=8 first_input_present=1
[MPC STEP METRICS] step=7 applied=1 success=1 fallback=0 a=-0.0394942 omega=0.0180251 dt=0.1 acceleration_weight=0.1 steering_weight=0.1 control_cost_unweighted=0.00188469 control_cost_weighted=0.000188469 mpc_cost=-17.2527 solve_time=0.0433311 qp_solve_time=0.0294481 constraint_time=0.00758263 dro_risk_time=0.00041164 ambiguity_radius=0.0101243 certificate=not_requested
[EVAL SAFETY] step=8 min_center_distance=1.65385 min_clearance=0.703854 collision_this_step=0 collision_run=0 collision_radius=0.95
[DRO SUMMARY] step=9 obstacle=0 S=40 rho=0.00936833 rho_raw=0.00936833 D_max=0.0256781 D_min=0.0128703 tv_bound=0.727905 eta=0.364837 eta_raw=0.364837 radius_m=9 radius_d=3 transport_cost=0.00936833 budget_usage=1 lambda=2.15013 q_support=2 nominal_risk=0.027042 qstar_risk=0.0472904 risk_lift=0.0202483 tv=0.436092
[DRO MODE] step=9 obstacle=0 mode=constant_velocity p=0.142857 risk=0.0473863 q=0 delta_q=-0.142857 q_times_S=0
[DRO MODE] step=9 obstacle=0 mode=turn_left p=0.047619 risk=0.0757954 q=0.483711 delta_q=0.436092 q_times_S=19.3485
[DRO MODE] step=9 obstacle=0 mode=turn_right p=0.809524 risk=0.020584 q=0.516289 delta_q=-0.293235 q_times_S=20.6515
[DRO SAMPLE] step=9 obstacle=0 mode=constant_velocity q=0 q_times_S=0 first_count=0 first_fraction=0 occupancy=0 occupancy_fraction=0
[DRO SAMPLE] step=9 obstacle=0 mode=turn_left q=0.483711 q_times_S=19.3485 first_count=25 first_fraction=0.625 occupancy=200 occupancy_fraction=0.625
[DRO SAMPLE] step=9 obstacle=0 mode=turn_right q=0.516289 q_times_S=20.6515 first_count=15 first_fraction=0.375 occupancy=120 occupancy_fraction=0.375
[RF BACKUP] available=1 controls=8 states=9
[FREE POLY] k=1 disc=0 raw=40 facets=2 vertices=5 rho=4.8 anchor_shift=0
[FREE POLY] k=1 disc=1 raw=40 facets=0 vertices=4 rho=0.800001 anchor_shift=0
[FREE POLY] k=1 disc=2 raw=40 facets=3 vertices=6 rho=4.8 anchor_shift=0
[FREE POLY] k=2 disc=0 raw=40 facets=3 vertices=6 rho=5.6 anchor_shift=0
[FREE POLY] k=2 disc=1 raw=40 facets=0 vertices=4 rho=1.6 anchor_shift=0
[FREE POLY] k=2 disc=2 raw=40 facets=4 vertices=7 rho=5.6 anchor_shift=0
[FREE POLY] k=3 disc=0 raw=40 facets=4 vertices=7 rho=6.4 anchor_shift=0
[FREE POLY] k=3 disc=1 raw=40 facets=3 vertices=6 rho=2.4 anchor_shift=0
[FREE POLY] k=3 disc=2 raw=40 facets=4 vertices=7 rho=6.4 anchor_shift=0
[FREE POLY] k=4 disc=0 raw=40 facets=3 vertices=6 rho=7.2 anchor_shift=0
[FREE POLY] k=4 disc=1 raw=40 facets=3 vertices=6 rho=3.2 anchor_shift=0
[FREE POLY] k=4 disc=2 raw=40 facets=5 vertices=8 rho=7.2 anchor_shift=0
[FREE POLY] k=5 disc=0 raw=40 facets=4 vertices=7 rho=8 anchor_shift=0
[FREE POLY] k=5 disc=1 raw=40 facets=4 vertices=7 rho=4 anchor_shift=0
[FREE POLY] k=5 disc=2 raw=40 facets=5 vertices=7 rho=8 anchor_shift=0
[FREE POLY] k=6 disc=0 raw=40 facets=3 vertices=6 rho=8.8 anchor_shift=0
[FREE POLY] k=6 disc=1 raw=40 facets=3 vertices=6 rho=4.8 anchor_shift=0
[FREE POLY] k=6 disc=2 raw=40 facets=4 vertices=7 rho=8.8 anchor_shift=0
[FREE POLY] k=7 disc=0 raw=40 facets=2 vertices=5 rho=9.6 anchor_shift=0
[FREE POLY] k=7 disc=1 raw=40 facets=2 vertices=5 rho=5.6 anchor_shift=0
[FREE POLY] k=7 disc=2 raw=40 facets=4 vertices=7 rho=9.6 anchor_shift=0
[FREE POLY] k=8 disc=0 raw=40 facets=3 vertices=6 rho=10.4 anchor_shift=0
[FREE POLY] k=8 disc=1 raw=40 facets=3 vertices=6 rho=6.4 anchor_shift=0
[FREE POLY] k=8 disc=2 raw=40 facets=5 vertices=8 rho=10.4 anchor_shift=0
[RF SUPPORT SEED] removed=0 support_limit=-1
[SQP] before_solve iter=0 vars=16 constraints=108 max_d=0.064266
[QP WORST] iter=0 row=71 type=collision d=0.064266
[QP WORST COLLISION] scenario=0 k=8 obstacle=0 disc=2
[SQP] after_solve iter=0 converged=1 status=0 iterations=4 primal_residual=4.21104e-16 dual_residual=8.30799e-05 x_size=16 x_finite=1
[SQP LINESEARCH] iter=0 current_violation=0.064266 accepted_violation=0 accepted=1 alpha=1 delta_u_norm=0.259192
[SQP SUPPORT] iter=0 support_size=0 support_limit=-1 support_ok=1
[SQP] before_solve iter=1 vars=16 constraints=108 max_d=-0.000152953
[QP WORST] iter=1 row=53 type=collision d=-0.000152953
[QP WORST COLLISION] scenario=0 k=6 obstacle=0 disc=2
[SQP] after_solve iter=1 converged=1 status=0 iterations=5 primal_residual=4.41812e-16 dual_residual=7.62598e-06 x_size=16 x_finite=1
[SQP LINESEARCH] iter=1 current_violation=0 accepted_violation=0 accepted=1 alpha=1 delta_u_norm=0.164242
[SQP SUPPORT] iter=1 support_size=0 support_limit=-1 support_ok=1
[SQP] before_solve iter=2 vars=16 constraints=108 max_d=-2.80098e-06
[QP WORST] iter=2 row=71 type=collision d=-2.80098e-06
[QP WORST COLLISION] scenario=0 k=8 obstacle=0 disc=2
[SQP] after_solve iter=2 converged=1 status=0 iterations=5 primal_residual=4.38397e-16 dual_residual=7.32725e-06 x_size=16 x_finite=1
[SQP LINESEARCH] iter=2 current_violation=0 accepted_violation=0 accepted=1 alpha=1 delta_u_norm=0.148653
[SQP SUPPORT] iter=2 support_size=0 support_limit=-1 support_ok=1
[SQP] before_solve iter=3 vars=16 constraints=108 max_d=-1.94906e-06
[QP WORST] iter=3 row=71 type=collision d=-1.94906e-06
[QP WORST COLLISION] scenario=0 k=8 obstacle=0 disc=2
[SQP] after_solve iter=3 converged=1 status=0 iterations=5 primal_residual=4.00748e-16 dual_residual=7.98624e-06 x_size=16 x_finite=1
[SQP LINESEARCH] iter=3 current_violation=0 accepted_violation=0 accepted=1 alpha=1 delta_u_norm=0.13755
[SQP SUPPORT] iter=3 support_size=0 support_limit=-1 support_ok=1
[SQP] before_solve iter=4 vars=16 constraints=108 max_d=-1.91726e-06
[QP WORST] iter=4 row=71 type=collision d=-1.91726e-06
[QP WORST COLLISION] scenario=0 k=8 obstacle=0 disc=2
[SQP] after_solve iter=4 converged=1 status=0 iterations=5 primal_residual=3.95043e-16 dual_residual=8.60157e-06 x_size=16 x_finite=1
[SQP LINESEARCH] iter=4 current_violation=0 accepted_violation=0 accepted=1 alpha=1 delta_u_norm=0.128346
[SQP SUPPORT] iter=4 support_size=0 support_limit=-1 support_ok=1
[SQP] before_solve iter=5 vars=16 constraints=108 max_d=-1.98557e-06
[QP WORST] iter=5 row=71 type=collision d=-1.98557e-06
[QP WORST COLLISION] scenario=0 k=8 obstacle=0 disc=2
[SQP] after_solve iter=5 converged=1 status=0 iterations=5 primal_residual=4.16957e-16 dual_residual=9.07533e-06 x_size=16 x_finite=1
[SQP LINESEARCH] iter=5 current_violation=0 accepted_violation=0 accepted=1 alpha=1 delta_u_norm=0.120401
[SQP SUPPORT] iter=5 support_size=0 support_limit=-1 support_ok=1
[SQP] before_solve iter=6 vars=16 constraints=108 max_d=-2.12425e-06
[QP WORST] iter=6 row=71 type=collision d=-2.12425e-06
[QP WORST COLLISION] scenario=0 k=8 obstacle=0 disc=2
[SQP] after_solve iter=6 converged=1 status=0 iterations=5 primal_residual=4.3715e-16 dual_residual=9.13522e-06 x_size=16 x_finite=1
[SQP LINESEARCH] iter=6 current_violation=0 accepted_violation=0 accepted=1 alpha=1 delta_u_norm=0.113368
[SQP SUPPORT] iter=6 support_size=0 support_limit=-1 support_ok=1
[SQP] before_solve iter=7 vars=16 constraints=108 max_d=-2.18784e-06
[QP WORST] iter=7 row=71 type=collision d=-2.18784e-06
[QP WORST COLLISION] scenario=0 k=8 obstacle=0 disc=2
[SQP] after_solve iter=7 converged=1 status=0 iterations=5 primal_residual=4.22331e-16 dual_residual=9.1635e-06 x_size=16 x_finite=1
[SQP LINESEARCH] iter=7 current_violation=0 accepted_violation=0 accepted=1 alpha=1 delta_u_norm=0.107031
[SQP SUPPORT] iter=7 support_size=0 support_limit=-1 support_ok=1
[SQP] before_solve iter=8 vars=16 constraints=108 max_d=-2.10117e-06
[QP WORST] iter=8 row=53 type=collision d=-2.10117e-06
[QP WORST COLLISION] scenario=0 k=6 obstacle=0 disc=2
[SQP] after_solve iter=8 converged=1 status=0 iterations=5 primal_residual=4.19369e-16 dual_residual=9.16966e-06 x_size=16 x_finite=1
[SQP LINESEARCH] iter=8 current_violation=0 accepted_violation=0 accepted=1 alpha=1 delta_u_norm=0.101249
[SQP SUPPORT] iter=8 support_size=0 support_limit=-1 support_ok=1
[SQP] before_solve iter=9 vars=16 constraints=108 max_d=-1.92264e-06
[QP WORST] iter=9 row=53 type=collision d=-1.92264e-06
[QP WORST COLLISION] scenario=0 k=6 obstacle=0 disc=2
[SQP] after_solve iter=9 converged=1 status=0 iterations=5 primal_residual=4.0293e-16 dual_residual=9.15474e-06 x_size=16 x_finite=1
[SQP LINESEARCH] iter=9 current_violation=0 accepted_violation=0 accepted=1 alpha=1 delta_u_norm=0.0959253
[SQP SUPPORT] iter=9 support_size=0 support_limit=-1 support_ok=1
[SQP FINAL] final_violation=0 violated_constraints=0
[SUPPORT FINAL] sqp_union=0 final_active=1 support_limit=-1
[SUPPORT FINAL IDS] 0
[SUPPORT UNION IDS]
[COLD START RECOVERY CHECK] ordinary_sqp_failed=0 seed_available=1 incompatible=0 try_homotopy=0
[HARNESS RESULT] step=8 success=1 controls=8 first_input_present=1
[MPC STEP METRICS] step=8 applied=1 success=1 fallback=0 a=-0.0228438 omega=-0.0120702 dt=0.1 acceleration_weight=0.1 steering_weight=0.1 control_cost_unweighted=0.000667528 control_cost_weighted=6.67528e-05 mpc_cost=-17.0808 solve_time=0.0397504 qp_solve_time=0.0263428 constraint_time=0.00706381 dro_risk_time=0.000435105 ambiguity_radius=0.00936833 certificate=not_requested
[EVAL SAFETY] step=9 min_center_distance=1.47992 min_clearance=0.529922 collision_this_step=0 collision_run=0 collision_radius=0.95
[DRO SUMMARY] step=10 obstacle=0 S=40 rho=0.00957471 rho_raw=0.00957471 D_max=0.0256781 D_min=0.0128703 tv_bound=0.743941 eta=0.372875 eta_raw=0.372875 radius_m=10 radius_d=3 transport_cost=0 budget_usage=0 lambda=0 q_support=3 nominal_risk=0 qstar_risk=0 risk_lift=0 tv=0
[DRO MODE] step=10 obstacle=0 mode=constant_velocity p=0.130435 risk=0 q=0.130435 delta_q=0 q_times_S=5.21739
[DRO MODE] step=10 obstacle=0 mode=turn_left p=0.130435 risk=0 q=0.130435 delta_q=0 q_times_S=5.21739
[DRO MODE] step=10 obstacle=0 mode=turn_right p=0.73913 risk=0 q=0.73913 delta_q=0 q_times_S=29.5652
[DRO SAMPLE] step=10 obstacle=0 mode=constant_velocity q=0.130435 q_times_S=5.21739 first_count=6 first_fraction=0.15 occupancy=48 occupancy_fraction=0.15
[DRO SAMPLE] step=10 obstacle=0 mode=turn_left q=0.130435 q_times_S=5.21739 first_count=1 first_fraction=0.025 occupancy=8 occupancy_fraction=0.025
[DRO SAMPLE] step=10 obstacle=0 mode=turn_right q=0.73913 q_times_S=29.5652 first_count=33 first_fraction=0.825 occupancy=264 occupancy_fraction=0.825
[RF BACKUP] available=1 controls=8 states=9
[FREE POLY] k=1 disc=0 raw=40 facets=5 vertices=8 rho=4.8 anchor_shift=0
[FREE POLY] k=1 disc=1 raw=40 facets=0 vertices=4 rho=0.800001 anchor_shift=0
[FREE POLY] k=1 disc=2 raw=40 facets=6 vertices=9 rho=4.8 anchor_shift=0
[FREE POLY] k=2 disc=0 raw=40 facets=4 vertices=7 rho=5.6 anchor_shift=0
[FREE POLY] k=2 disc=1 raw=40 facets=0 vertices=4 rho=1.6 anchor_shift=0
[FREE POLY] k=2 disc=2 raw=40 facets=5 vertices=8 rho=5.6 anchor_shift=0
[FREE POLY] k=3 disc=0 raw=40 facets=3 vertices=6 rho=6.4 anchor_shift=0
[FREE POLY] k=3 disc=1 raw=40 facets=2 vertices=5 rho=2.4 anchor_shift=0
[FREE POLY] k=3 disc=2 raw=40 facets=3 vertices=6 rho=6.4 anchor_shift=0
[FREE POLY] k=4 disc=0 raw=40 facets=2 vertices=5 rho=7.2 anchor_shift=0
[FREE POLY] k=4 disc=1 raw=40 facets=2 vertices=5 rho=3.2 anchor_shift=0
[FREE POLY] k=4 disc=2 raw=40 facets=3 vertices=5 rho=7.2 anchor_shift=0
[FREE POLY] k=5 disc=0 raw=40 facets=2 vertices=5 rho=8 anchor_shift=0
[FREE POLY] k=5 disc=1 raw=40 facets=2 vertices=5 rho=4 anchor_shift=0
[FREE POLY] k=5 disc=2 raw=40 facets=3 vertices=6 rho=8 anchor_shift=0
[FREE POLY] k=6 disc=0 raw=40 facets=2 vertices=5 rho=8.8 anchor_shift=0
[FREE POLY] k=6 disc=1 raw=40 facets=2 vertices=5 rho=4.8 anchor_shift=0
[FREE POLY] k=6 disc=2 raw=40 facets=3 vertices=6 rho=8.8 anchor_shift=0
[FREE POLY] k=7 disc=0 raw=40 facets=2 vertices=5 rho=9.6 anchor_shift=0
[FREE POLY] k=7 disc=1 raw=40 facets=2 vertices=5 rho=5.6 anchor_shift=0
[FREE POLY] k=7 disc=2 raw=40 facets=3 vertices=6 rho=9.6 anchor_shift=0
[FREE POLY] k=8 disc=0 raw=40 facets=2 vertices=5 rho=10.4 anchor_shift=0
[FREE POLY] k=8 disc=1 raw=40 facets=2 vertices=5 rho=6.4 anchor_shift=0
[FREE POLY] k=8 disc=2 raw=40 facets=3 vertices=6 rho=10.4 anchor_shift=0
[RF SUPPORT SEED] removed=0 support_limit=-1
[SQP] before_solve iter=0 vars=16 constraints=95 max_d=-0.0250634
[QP WORST] iter=0 row=33 type=collision d=-0.0250634
[QP WORST COLLISION] scenario=20 k=4 obstacle=0 disc=2
[SQP] after_solve iter=0 converged=1 status=0 iterations=5 primal_residual=9.11878e-10 dual_residual=9.06231e-06 x_size=16 x_finite=1
[SQP LINESEARCH] iter=0 current_violation=0 accepted_violation=0 accepted=1 alpha=0.5 delta_u_norm=0.229478
[SQP SUPPORT] iter=0 support_size=0 support_limit=-1 support_ok=1
[SQP] before_solve iter=1 vars=16 constraints=95 max_d=-0.0125556
[QP WORST] iter=1 row=33 type=collision d=-0.0125556
[QP WORST COLLISION] scenario=20 k=4 obstacle=0 disc=2
[SQP] after_solve iter=1 converged=1 status=0 iterations=5 primal_residual=1.29431e-09 dual_residual=9.1219e-06 x_size=16 x_finite=1
[SQP LINESEARCH] iter=1 current_violation=0 accepted_violation=0 accepted=1 alpha=0.5 delta_u_norm=0.190216
[SQP SUPPORT] iter=1 support_size=0 support_limit=-1 support_ok=1
[SQP] before_solve iter=2 vars=16 constraints=95 max_d=-0.00628654
[QP WORST] iter=2 row=33 type=collision d=-0.00628654
[QP WORST COLLISION] scenario=20 k=4 obstacle=0 disc=2
[SQP] after_solve iter=2 converged=1 status=0 iterations=5 primal_residual=1.34021e-09 dual_residual=8.53625e-06 x_size=16 x_finite=1
[SQP LINESEARCH] iter=2 current_violation=0 accepted_violation=0 accepted=1 alpha=0.5 delta_u_norm=0.169634
[SQP SUPPORT] iter=2 support_size=0 support_limit=-1 support_ok=1
[SQP] before_solve iter=3 vars=16 constraints=95 max_d=-0.00314781
[QP WORST] iter=3 row=33 type=collision d=-0.00314781
[QP WORST COLLISION] scenario=20 k=4 obstacle=0 disc=2
[SQP] after_solve iter=3 converged=1 status=0 iterations=5 primal_residual=1.25017e-09 dual_residual=7.88941e-06 x_size=16 x_finite=1
[SQP LINESEARCH] iter=3 current_violation=0 accepted_violation=0 accepted=1 alpha=0.5 delta_u_norm=0.157566
[SQP SUPPORT] iter=3 support_size=0 support_limit=-1 support_ok=1
[SQP] before_solve iter=4 vars=16 constraints=95 max_d=-0.00157708
[QP WORST] iter=4 row=33 type=collision d=-0.00157708
[QP WORST COLLISION] scenario=20 k=4 obstacle=0 disc=2
[SQP] after_solve iter=4 converged=1 status=0 iterations=5 primal_residual=1.18234e-09 dual_residual=7.49909e-06 x_size=16 x_finite=1
[SQP LINESEARCH] iter=4 current_violation=0 accepted_violation=0 accepted=1 alpha=0.5 delta_u_norm=0.149392
[SQP SUPPORT] iter=4 support_size=0 support_limit=-1 support_ok=1
[SQP] before_solve iter=5 vars=16 constraints=95 max_d=-0.000791226
[QP WORST] iter=5 row=33 type=collision d=-0.000791226
[QP WORST COLLISION] scenario=20 k=4 obstacle=0 disc=2
[SQP] after_solve iter=5 converged=1 status=0 iterations=5 primal_residual=1.14681e-09 dual_residual=7.30977e-06 x_size=16 x_finite=1
[SQP LINESEARCH] iter=5 current_violation=0 accepted_violation=0 accepted=1 alpha=0.5 delta_u_norm=0.143095
[SQP SUPPORT] iter=5 support_size=0 support_limit=-1 support_ok=1
[SQP] before_solve iter=6 vars=16 constraints=95 max_d=-0.00039811
[QP WORST] iter=6 row=33 type=collision d=-0.00039811
[QP WORST COLLISION] scenario=20 k=4 obstacle=0 disc=2
[SQP] after_solve iter=6 converged=1 status=0 iterations=5 primal_residual=1.13179e-09 dual_residual=7.23515e-06 x_size=16 x_finite=1
[SQP LINESEARCH] iter=6 current_violation=0 accepted_violation=0 accepted=1 alpha=0.5 delta_u_norm=0.13779
[SQP SUPPORT] iter=6 support_size=0 support_limit=-1 support_ok=1
[SQP] before_solve iter=7 vars=16 constraints=95 max_d=-0.000201486
[QP WORST] iter=7 row=33 type=collision d=-0.000201486
[QP WORST COLLISION] scenario=20 k=4 obstacle=0 disc=2
[SQP] after_solve iter=7 converged=1 status=0 iterations=5 primal_residual=1.1278e-09 dual_residual=7.21951e-06 x_size=16 x_finite=1
[SQP LINESEARCH] iter=7 current_violation=0 accepted_violation=0 accepted=1 alpha=1 delta_u_norm=0.13308
[SQP SUPPORT] iter=7 support_size=0 support_limit=-1 support_ok=1
[SQP] before_solve iter=8 vars=16 constraints=95 max_d=-9.67814e-08
[QP WORST] iter=8 row=61 type=collision d=-9.67814e-08
[QP WORST COLLISION] scenario=20 k=8 obstacle=0 disc=2
[SQP] after_solve iter=8 converged=1 status=0 iterations=5 primal_residual=1.13041e-09 dual_residual=7.24352e-06 x_size=16 x_finite=1
[SQP LINESEARCH] iter=8 current_violation=0 accepted_violation=0 accepted=1 alpha=1 delta_u_norm=0.124572
[SQP SUPPORT] iter=8 support_size=0 support_limit=-1 support_ok=1
[SQP] before_solve iter=9 vars=16 constraints=95 max_d=-1.54879e-07
[QP WORST] iter=9 row=61 type=collision d=-1.54879e-07
[QP WORST COLLISION] scenario=20 k=8 obstacle=0 disc=2
[SQP] after_solve iter=9 converged=1 status=0 iterations=5 primal_residual=1.1426e-09 dual_residual=7.31274e-06 x_size=16 x_finite=1
[SQP LINESEARCH] iter=9 current_violation=0 accepted_violation=0 accepted=1 alpha=1 delta_u_norm=0.117164
[SQP SUPPORT] iter=9 support_size=0 support_limit=-1 support_ok=1
[SQP FINAL] final_violation=0 violated_constraints=0
[SUPPORT FINAL] sqp_union=0 final_active=1 support_limit=-1
[SUPPORT FINAL IDS] 20
[SUPPORT UNION IDS]
[COLD START RECOVERY CHECK] ordinary_sqp_failed=0 seed_available=1 incompatible=0 try_homotopy=0
[HARNESS RESULT] step=9 success=1 controls=8 first_input_present=1
[MPC STEP METRICS] step=9 applied=1 success=1 fallback=0 a=-0.00587613 omega=-0.089599 dt=0.1 acceleration_weight=0.1 steering_weight=0.1 control_cost_unweighted=0.0080625 control_cost_weighted=0.00080625 mpc_cost=-17.0232 solve_time=0.0433107 qp_solve_time=0.0302663 constraint_time=0.00678942 dro_risk_time=0.00040619 ambiguity_radius=0.00957471 certificate=not_requested
[EVAL SAFETY] step=10 min_center_distance=1.30305 min_clearance=0.35305 collision_this_step=0 collision_run=0 collision_radius=0.95
[DRO SUMMARY] step=11 obstacle=0 S=40 rho=0.00911372 rho_raw=0.00911372 D_max=0.0256781 D_min=0.0128703 tv_bound=0.708122 eta=0.354922 eta_raw=0.354922 radius_m=11 radius_d=3 transport_cost=0 budget_usage=0 lambda=0 q_support=3 nominal_risk=0 qstar_risk=0 risk_lift=0 tv=0
[DRO MODE] step=11 obstacle=0 mode=constant_velocity p=0.2 risk=0 q=0.2 delta_q=0 q_times_S=8
[DRO MODE] step=11 obstacle=0 mode=turn_left p=0.12 risk=0 q=0.12 delta_q=0 q_times_S=4.8
[DRO MODE] step=11 obstacle=0 mode=turn_right p=0.68 risk=0 q=0.68 delta_q=0 q_times_S=27.2
[DRO SAMPLE] step=11 obstacle=0 mode=constant_velocity q=0.2 q_times_S=8 first_count=7 first_fraction=0.175 occupancy=56 occupancy_fraction=0.175
[DRO SAMPLE] step=11 obstacle=0 mode=turn_left q=0.12 q_times_S=4.8 first_count=7 first_fraction=0.175 occupancy=56 occupancy_fraction=0.175
[DRO SAMPLE] step=11 obstacle=0 mode=turn_right q=0.68 q_times_S=27.2 first_count=26 first_fraction=0.65 occupancy=208 occupancy_fraction=0.65
[RF BACKUP] available=1 controls=8 states=9
[FREE POLY] k=1 disc=0 raw=40 facets=4 vertices=7 rho=4.8 anchor_shift=0
[FREE POLY] k=1 disc=1 raw=40 facets=0 vertices=4 rho=0.800001 anchor_shift=0
[FREE POLY] k=1 disc=2 raw=40 facets=6 vertices=9 rho=4.8 anchor_shift=0
[FREE POLY] k=2 disc=0 raw=40 facets=3 vertices=6 rho=5.6 anchor_shift=0
[FREE POLY] k=2 disc=1 raw=40 facets=0 vertices=4 rho=1.6 anchor_shift=0
[FREE POLY] k=2 disc=2 raw=40 facets=3 vertices=6 rho=5.6 anchor_shift=0
[FREE POLY] k=3 disc=0 raw=40 facets=3 vertices=6 rho=6.4 anchor_shift=0
[FREE POLY] k=3 disc=1 raw=40 facets=3 vertices=6 rho=2.4 anchor_shift=0
[FREE POLY] k=3 disc=2 raw=40 facets=4 vertices=6 rho=6.4 anchor_shift=0
[FREE POLY] k=4 disc=0 raw=40 facets=3 vertices=6 rho=7.2 anchor_shift=0
[FREE POLY] k=4 disc=1 raw=40 facets=3 vertices=6 rho=3.2 anchor_shift=0
[FREE POLY] k=4 disc=2 raw=40 facets=5 vertices=8 rho=7.2 anchor_shift=0
[FREE POLY] k=5 disc=0 raw=40 facets=5 vertices=8 rho=8 anchor_shift=0
[FREE POLY] k=5 disc=1 raw=40 facets=4 vertices=7 rho=4 anchor_shift=0
[FREE POLY] k=5 disc=2 raw=40 facets=6 vertices=9 rho=8 anchor_shift=0
[FREE POLY] k=6 disc=0 raw=40 facets=4 vertices=7 rho=8.8 anchor_shift=0
[FREE POLY] k=6 disc=1 raw=40 facets=5 vertices=8 rho=4.8 anchor_shift=0
[FREE POLY] k=6 disc=2 raw=40 facets=5 vertices=8 rho=8.8 anchor_shift=0
[FREE POLY] k=7 disc=0 raw=40 facets=4 vertices=7 rho=9.6 anchor_shift=0
[FREE POLY] k=7 disc=1 raw=40 facets=4 vertices=7 rho=5.6 anchor_shift=0
[FREE POLY] k=7 disc=2 raw=40 facets=4 vertices=7 rho=9.6 anchor_shift=0
[FREE POLY] k=8 disc=0 raw=40 facets=4 vertices=7 rho=10.4 anchor_shift=0
[FREE POLY] k=8 disc=1 raw=40 facets=5 vertices=8 rho=6.4 anchor_shift=0
[FREE POLY] k=8 disc=2 raw=40 facets=5 vertices=8 rho=10.4 anchor_shift=0
[RF SUPPORT SEED] removed=0 support_limit=-1
[SQP] before_solve iter=0 vars=16 constraints=124 max_d=-0.0450246
[QP WORST] iter=0 row=25 type=collision d=-0.0450246
[QP WORST COLLISION] scenario=35 k=3 obstacle=0 disc=2
[SQP] after_solve iter=0 converged=1 status=0 iterations=6 primal_residual=4.02456e-16 dual_residual=7.94564e-06 x_size=16 x_finite=1
[SQP LINESEARCH] iter=0 current_violation=0 accepted_violation=0 accepted=1 alpha=0.5 delta_u_norm=0.324207
[SQP SUPPORT] iter=0 support_size=0 support_limit=-1 support_ok=1
[SQP] before_solve iter=1 vars=16 constraints=124 max_d=-0.0226263
[QP WORST] iter=1 row=25 type=collision d=-0.0226263
[QP WORST COLLISION] scenario=35 k=3 obstacle=0 disc=2
[SQP] after_solve iter=1 converged=1 status=0 iterations=6 primal_residual=1.62877e-09 dual_residual=4.94202e-06 x_size=16 x_finite=1
[SQP LINESEARCH] iter=1 current_violation=0 accepted_violation=0 accepted=1 alpha=0.5 delta_u_norm=0.232166
[SQP SUPPORT] iter=1 support_size=0 support_limit=-1 support_ok=1
[SQP] before_solve iter=2 vars=16 constraints=124 max_d=-0.0113376
[QP WORST] iter=2 row=25 type=collision d=-0.0113376
[QP WORST COLLISION] scenario=35 k=3 obstacle=0 disc=2
[SQP] after_solve iter=2 converged=1 status=0 iterations=6 primal_residual=1.81946e-09 dual_residual=5.27902e-06 x_size=16 x_finite=1
[SQP LINESEARCH] iter=2 current_violation=0 accepted_violation=0 accepted=1 alpha=0.5 delta_u_norm=0.190387
[SQP SUPPORT] iter=2 support_size=0 support_limit=-1 support_ok=1
[SQP] before_solve iter=3 vars=16 constraints=124 max_d=-0.00568225
[QP WORST] iter=3 row=25 type=collision d=-0.00568225
[QP WORST COLLISION] scenario=35 k=3 obstacle=0 disc=2
[SQP] after_solve iter=3 converged=1 status=0 iterations=6 primal_residual=5.02196e-10 dual_residual=5.34755e-06 x_size=16 x_finite=1
[SQP LINESEARCH] iter=3 current_violation=0 accepted_violation=0 accepted=1 alpha=0.5 delta_u_norm=0.170318
[SQP SUPPORT] iter=3 support_size=0 support_limit=-1 support_ok=1
[SQP] before_solve iter=4 vars=16 constraints=124 max_d=-0.00285301
[QP WORST] iter=4 row=25 type=collision d=-0.00285301
[QP WORST COLLISION] scenario=35 k=3 obstacle=0 disc=2
[SQP] after_solve iter=4 converged=1 status=0 iterations=6 primal_residual=5.47978e-10 dual_residual=5.58172e-06 x_size=16 x_finite=1
[SQP LINESEARCH] iter=4 current_violation=0 accepted_violation=0 accepted=1 alpha=0.5 delta_u_norm=0.159258
[SQP SUPPORT] iter=4 support_size=0 support_limit=-1 support_ok=1
[SQP] before_solve iter=5 vars=16 constraints=124 max_d=-0.00143904
[QP WORST] iter=5 row=25 type=collision d=-0.00143904
[QP WORST COLLISION] scenario=35 k=3 obstacle=0 disc=2
[SQP] after_solve iter=5 converged=1 status=0 iterations=6 primal_residual=6.30351e-10 dual_residual=5.83761e-06 x_size=16 x_finite=1
[SQP LINESEARCH] iter=5 current_violation=0 accepted_violation=0 accepted=1 alpha=0.5 delta_u_norm=0.151743
[SQP SUPPORT] iter=5 support_size=0 support_limit=-1 support_ok=1
[SQP] before_solve iter=6 vars=16 constraints=124 max_d=-0.000731926
[QP WORST] iter=6 row=25 type=collision d=-0.000731926
[QP WORST COLLISION] scenario=35 k=3 obstacle=0 disc=2
[SQP] after_solve iter=6 converged=1 status=0 iterations=6 primal_residual=4.00315e-16 dual_residual=3.95807e-06 x_size=16 x_finite=1
[SQP LINESEARCH] iter=6 current_violation=0 accepted_violation=0 accepted=1 alpha=1 delta_u_norm=0.145733
[SQP SUPPORT] iter=6 support_size=0 support_limit=-1 support_ok=1
[SQP] before_solve iter=7 vars=16 constraints=124 max_d=-8.55528e-06
[QP WORST] iter=7 row=61 type=collision d=-8.55528e-06
[QP WORST COLLISION] scenario=2 k=6 obstacle=0 disc=2
[SQP] after_solve iter=7 converged=1 status=0 iterations=6 primal_residual=4.27067e-16 dual_residual=3.44262e-06 x_size=16 x_finite=1
[SQP LINESEARCH] iter=7 current_violation=0 accepted_violation=0 accepted=1 alpha=1 delta_u_norm=0.135427
[SQP SUPPORT] iter=7 support_size=0 support_limit=-1 support_ok=1
[SQP] before_solve iter=8 vars=16 constraints=124 max_d=-1.14341e-05
[QP WORST] iter=8 row=87 type=collision d=-1.14341e-05
[QP WORST COLLISION] scenario=3 k=8 obstacle=0 disc=2
[SQP] after_solve iter=8 converged=1 status=0 iterations=6 primal_residual=4.22093e-16 dual_residual=3.15246e-06 x_size=16 x_finite=1
[SQP LINESEARCH] iter=8 current_violation=0 accepted_violation=0 accepted=1 alpha=1 delta_u_norm=0.126646
[SQP SUPPORT] iter=8 support_size=0 support_limit=-1 support_ok=1
[SQP] before_solve iter=9 vars=16 constraints=124 max_d=-1.16201e-05
[QP WORST] iter=9 row=87 type=collision d=-1.16201e-05
[QP WORST COLLISION] scenario=3 k=8 obstacle=0 disc=2
[SQP] after_solve iter=9 converged=1 status=0 iterations=6 primal_residual=4.25339e-16 dual_residual=2.92568e-06 x_size=16 x_finite=1
[SQP LINESEARCH] iter=9 current_violation=0 accepted_violation=0 accepted=1 alpha=1 delta_u_norm=0.118792
[SQP SUPPORT] iter=9 support_size=0 support_limit=-1 support_ok=1
[SQP FINAL] final_violation=0 violated_constraints=0
[SUPPORT FINAL] sqp_union=0 final_active=3 support_limit=-1
[SUPPORT FINAL IDS] 2 3 35
[SUPPORT UNION IDS]
[COLD START RECOVERY CHECK] ordinary_sqp_failed=0 seed_available=1 incompatible=0 try_homotopy=0
[HARNESS RESULT] step=10 success=1 controls=8 first_input_present=1
[MPC STEP METRICS] step=10 applied=1 success=1 fallback=0 a=0.0126864 omega=-0.169793 dt=0.1 acceleration_weight=0.1 steering_weight=0.1 control_cost_unweighted=0.0289905 control_cost_weighted=0.00289905 mpc_cost=-17.0906 solve_time=0.0446049 qp_solve_time=0.0309162 constraint_time=0.00754116 dro_risk_time=0.000407563 ambiguity_radius=0.00911372 certificate=not_requested
[EVAL SAFETY] step=11 min_center_distance=1.12185 min_clearance=0.171855 collision_this_step=0 collision_run=0 collision_radius=0.95
[DRO SUMMARY] step=12 obstacle=0 S=40 rho=0.00865464 rho_raw=0.00865464 D_max=0.0256781 D_min=0.0128703 tv_bound=0.672452 eta=0.337043 eta_raw=0.337043 radius_m=12 radius_d=3 transport_cost=0.00865464 budget_usage=1 lambda=1.85908 q_support=3 nominal_risk=0.0420549 qstar_risk=0.0581446 risk_lift=0.0160897 tv=0.337043
[DRO MODE] step=12 obstacle=0 mode=constant_velocity p=0.259259 risk=0.0544459 q=0.259259 delta_q=0 q_times_S=10.3704
[DRO MODE] step=12 obstacle=0 mode=turn_left p=0.111111 risk=0.0782951 q=0.448154 delta_q=0.337043 q_times_S=17.9262
[DRO MODE] step=12 obstacle=0 mode=turn_right p=0.62963 risk=0.0305574 q=0.292586 delta_q=-0.337043 q_times_S=11.7035
[DRO SAMPLE] step=12 obstacle=0 mode=constant_velocity q=0.259259 q_times_S=10.3704 first_count=7 first_fraction=0.175 occupancy=56 occupancy_fraction=0.175
[DRO SAMPLE] step=12 obstacle=0 mode=turn_left q=0.448154 q_times_S=17.9262 first_count=17 first_fraction=0.425 occupancy=136 occupancy_fraction=0.425
[DRO SAMPLE] step=12 obstacle=0 mode=turn_right q=0.292586 q_times_S=11.7035 first_count=16 first_fraction=0.4 occupancy=128 occupancy_fraction=0.4
[RF BACKUP] available=1 controls=8 states=9
[FREE POLY] k=1 disc=0 raw=40 facets=3 vertices=6 rho=4.8 anchor_shift=0
[FREE POLY] k=1 disc=1 raw=40 facets=0 vertices=4 rho=0.800001 anchor_shift=0
[FREE POLY] k=1 disc=2 raw=40 facets=4 vertices=7 rho=4.8 anchor_shift=0
[FREE POLY] k=2 disc=0 raw=40 facets=3 vertices=6 rho=5.6 anchor_shift=0
[FREE POLY] k=2 disc=1 raw=40 facets=1 vertices=5 rho=1.6 anchor_shift=0
[FREE POLY] k=2 disc=2 raw=40 facets=4 vertices=7 rho=5.6 anchor_shift=0
[FREE POLY] k=3 disc=0 raw=40 facets=3 vertices=6 rho=6.4 anchor_shift=0
[FREE POLY] k=3 disc=1 raw=40 facets=2 vertices=5 rho=2.4 anchor_shift=0
[FREE POLY] k=3 disc=2 raw=40 facets=5 vertices=8 rho=6.4 anchor_shift=0
[FREE POLY] k=4 disc=0 raw=40 facets=2 vertices=5 rho=7.2 anchor_shift=0
[FREE POLY] k=4 disc=1 raw=40 facets=2 vertices=5 rho=3.2 anchor_shift=0
[FREE POLY] k=4 disc=2 raw=40 facets=5 vertices=8 rho=7.2 anchor_shift=0
[FREE POLY] k=5 disc=0 raw=40 facets=2 vertices=5 rho=8 anchor_shift=0
[FREE POLY] k=5 disc=1 raw=40 facets=2 vertices=5 rho=4 anchor_shift=0
[FREE POLY] k=5 disc=2 raw=40 facets=4 vertices=7 rho=8 anchor_shift=0
[FREE POLY] k=6 disc=0 raw=40 facets=2 vertices=5 rho=8.8 anchor_shift=0
[FREE POLY] k=6 disc=1 raw=40 facets=2 vertices=5 rho=4.8 anchor_shift=0
[FREE POLY] k=6 disc=2 raw=40 facets=3 vertices=6 rho=8.8 anchor_shift=0
[FREE POLY] k=7 disc=0 raw=40 facets=2 vertices=5 rho=9.6 anchor_shift=0
[FREE POLY] k=7 disc=1 raw=40 facets=3 vertices=6 rho=5.6 anchor_shift=0
[FREE POLY] k=7 disc=2 raw=40 facets=3 vertices=6 rho=9.6 anchor_shift=0
[FREE POLY] k=8 disc=0 raw=40 facets=4 vertices=7 rho=10.4 anchor_shift=0
[FREE POLY] k=8 disc=1 raw=40 facets=3 vertices=6 rho=6.4 anchor_shift=0
[FREE POLY] k=8 disc=2 raw=40 facets=5 vertices=8 rho=10.4 anchor_shift=0
[RF SUPPORT SEED] removed=0 support_limit=-1
[SQP] before_solve iter=0 vars=16 constraints=101 max_d=0.00531456
[QP WORST] iter=0 row=41 type=collision d=0.00531456
[QP WORST COLLISION] scenario=34 k=5 obstacle=0 disc=2
[SQP] after_solve iter=0 converged=1 status=0 iterations=6 primal_residual=5.00331e-10 dual_residual=9.70368e-06 x_size=16 x_finite=1
[SQP LINESEARCH] iter=0 current_violation=0.00531456 accepted_violation=0.000220178 accepted=1 alpha=1 delta_u_norm=0.337664
[SQP SUPPORT] iter=0 support_size=0 support_limit=-1 support_ok=1
[SQP] before_solve iter=1 vars=16 constraints=101 max_d=0.000220178
[QP WORST] iter=1 row=65 type=collision d=0.000220178
[QP WORST COLLISION] scenario=25 k=8 obstacle=0 disc=2
[SQP] after_solve iter=1 converged=1 status=0 iterations=5 primal_residual=4.01413e-09 dual_residual=9.08036e-05 x_size=16 x_finite=1
[SQP LINESEARCH] iter=1 current_violation=0.000220178 accepted_violation=0 accepted=1 alpha=1 delta_u_norm=0.170117
[SQP SUPPORT] iter=1 support_size=0 support_limit=-1 support_ok=1
[SQP] before_solve iter=2 vars=16 constraints=101 max_d=-0.000141103
[QP WORST] iter=2 row=14 type=collision d=-0.000141103
[QP WORST COLLISION] scenario=34 k=2 obstacle=0 disc=2
[SQP] after_solve iter=2 converged=1 status=0 iterations=5 primal_residual=4.08153e-08 dual_residual=9.71165e-05 x_size=16 x_finite=1
[SQP LINESEARCH] iter=2 current_violation=0 accepted_violation=0 accepted=1 alpha=1 delta_u_norm=0.15345
[SQP SUPPORT] iter=2 support_size=0 support_limit=-1 support_ok=1
[SQP] before_solve iter=3 vars=16 constraints=101 max_d=-4.06263e-07
[QP WORST] iter=3 row=14 type=collision d=-4.06263e-07
[QP WORST COLLISION] scenario=34 k=2 obstacle=0 disc=2
[SQP] after_solve iter=3 converged=1 status=0 iterations=5 primal_residual=9.11758e-10 dual_residual=9.11277e-05 x_size=16 x_finite=1
[SQP LINESEARCH] iter=3 current_violation=0 accepted_violation=0 accepted=1 alpha=1 delta_u_norm=0.142148
[SQP SUPPORT] iter=3 support_size=0 support_limit=-1 support_ok=1
[SQP] before_solve iter=4 vars=16 constraints=101 max_d=-3.93629e-08
[QP WORST] iter=4 row=14 type=collision d=-3.93629e-08
[QP WORST COLLISION] scenario=34 k=2 obstacle=0 disc=2
[SQP] after_solve iter=4 converged=1 status=0 iterations=5 primal_residual=4.23273e-16 dual_residual=8.86696e-05 x_size=16 x_finite=1
[SQP LINESEARCH] iter=4 current_violation=0 accepted_violation=0 accepted=1 alpha=1 delta_u_norm=0.132525
[SQP SUPPORT] iter=4 support_size=0 support_limit=-1 support_ok=1
[SQP] before_solve iter=5 vars=16 constraints=101 max_d=-6.38304e-05
[QP WORST] iter=5 row=14 type=collision d=-6.38304e-05
[QP WORST COLLISION] scenario=34 k=2 obstacle=0 disc=2
[SQP] after_solve iter=5 converged=1 status=0 iterations=5 primal_residual=3.05311e-16 dual_residual=8.66426e-05 x_size=16 x_finite=1
[SQP LINESEARCH] iter=5 current_violation=0 accepted_violation=0 accepted=1 alpha=1 delta_u_norm=0.123984
[SQP SUPPORT] iter=5 support_size=0 support_limit=-1 support_ok=1
[SQP] before_solve iter=6 vars=16 constraints=101 max_d=-0.000112715
[QP WORST] iter=6 row=14 type=collision d=-0.000112715
[QP WORST COLLISION] scenario=34 k=2 obstacle=0 disc=2
[SQP] after_solve iter=6 converged=1 status=0 iterations=5 primal_residual=4.83454e-09 dual_residual=8.54679e-05 x_size=16 x_finite=1
[SQP LINESEARCH] iter=6 current_violation=0 accepted_violation=0 accepted=1 alpha=1 delta_u_norm=0.116303
[SQP SUPPORT] iter=6 support_size=0 support_limit=-1 support_ok=1
[SQP] before_solve iter=7 vars=16 constraints=101 max_d=-0.00015555
[QP WORST] iter=7 row=14 type=collision d=-0.00015555
[QP WORST COLLISION] scenario=34 k=2 obstacle=0 disc=2
[SQP] after_solve iter=7 converged=1 status=0 iterations=5 primal_residual=2.20888e-08 dual_residual=8.93682e-05 x_size=16 x_finite=1
[SQP LINESEARCH] iter=7 current_violation=0 accepted_violation=0 accepted=1 alpha=1 delta_u_norm=0.109338
[SQP SUPPORT] iter=7 support_size=0 support_limit=-1 support_ok=1
[SQP] before_solve iter=8 vars=16 constraints=101 max_d=-0.00019309
[QP WORST] iter=8 row=14 type=collision d=-0.00019309
[QP WORST COLLISION] scenario=34 k=2 obstacle=0 disc=2
[SQP] after_solve iter=8 converged=1 status=0 iterations=5 primal_residual=3.12144e-08 dual_residual=9.13848e-05 x_size=16 x_finite=1
[SQP LINESEARCH] iter=8 current_violation=0 accepted_violation=0 accepted=1 alpha=1 delta_u_norm=0.102975
[SQP SUPPORT] iter=8 support_size=0 support_limit=-1 support_ok=1
[SQP] before_solve iter=9 vars=16 constraints=101 max_d=-0.000208716
[QP WORST] iter=9 row=41 type=collision d=-0.000208716
[QP WORST COLLISION] scenario=34 k=5 obstacle=0 disc=2
[SQP] after_solve iter=9 converged=1 status=0 iterations=5 primal_residual=3.79775e-08 dual_residual=9.29065e-05 x_size=16 x_finite=1
[SQP LINESEARCH] iter=9 current_violation=0 accepted_violation=0 accepted=1 alpha=1 delta_u_norm=0.0971358
[SQP SUPPORT] iter=9 support_size=0 support_limit=-1 support_ok=1
[SQP FINAL] final_violation=0 violated_constraints=0
[SUPPORT FINAL] sqp_union=0 final_active=3 support_limit=-1
[SUPPORT FINAL IDS] 25 27 34
[SUPPORT UNION IDS]
[COLD START RECOVERY CHECK] ordinary_sqp_failed=0 seed_available=1 incompatible=0 try_homotopy=0
[HARNESS RESULT] step=11 success=1 controls=8 first_input_present=1
[MPC STEP METRICS] step=11 applied=1 success=1 fallback=0 a=0.0149865 omega=0.546621 dt=0.1 acceleration_weight=0.1 steering_weight=0.1 control_cost_unweighted=0.299019 control_cost_weighted=0.0299019 mpc_cost=-16.9305 solve_time=0.0401348 qp_solve_time=0.0269926 constraint_time=0.00686621 dro_risk_time=0.000479668 ambiguity_radius=0.00865464 certificate=not_requested
[EVAL SAFETY] step=12 min_center_distance=1.00297 min_clearance=0.0529732 collision_this_step=0 collision_run=0 collision_radius=0.95
[DRO SUMMARY] step=13 obstacle=0 S=40 rho=0.00826339 rho_raw=0.00826339 D_max=0.0256781 D_min=0.0128703 tv_bound=0.642052 eta=0.321807 eta_raw=0.321807 radius_m=13 radius_d=3 transport_cost=0.00826339 budget_usage=1 lambda=1.63366 q_support=2 nominal_risk=0.0128508 qstar_risk=0.02695 risk_lift=0.0140992 tv=0.442203
[DRO MODE] step=13 obstacle=0 mode=constant_velocity p=0.241379 risk=0.0224998 q=0 delta_q=-0.241379 q_times_S=0
[DRO MODE] step=13 obstacle=0 mode=turn_left p=0.103448 risk=0.0460096 q=0.545651 delta_q=0.442203 q_times_S=21.826
[DRO MODE] step=13 obstacle=0 mode=turn_right p=0.655172 risk=0.00406032 q=0.454349 delta_q=-0.200824 q_times_S=18.174
[DRO SAMPLE] step=13 obstacle=0 mode=constant_velocity q=0 q_times_S=0 first_count=0 first_fraction=0 occupancy=0 occupancy_fraction=0
[DRO SAMPLE] step=13 obstacle=0 mode=turn_left q=0.545651 q_times_S=21.826 first_count=11 first_fraction=0.275 occupancy=88 occupancy_fraction=0.275
[DRO SAMPLE] step=13 obstacle=0 mode=turn_right q=0.454349 q_times_S=18.174 first_count=29 first_fraction=0.725 occupancy=232 occupancy_fraction=0.725
[RF BACKUP] available=1 controls=8 states=9
[FREE POLY] k=1 disc=0 raw=40 facets=2 vertices=5 rho=4.8 anchor_shift=0
[FREE POLY] k=1 disc=1 raw=40 facets=0 vertices=4 rho=0.800001 anchor_shift=0
[FREE POLY] k=1 disc=2 raw=40 facets=3 vertices=6 rho=4.8 anchor_shift=0
[FREE POLY] k=2 disc=0 raw=40 facets=3 vertices=6 rho=5.6 anchor_shift=0
[FREE POLY] k=2 disc=1 raw=40 facets=1 vertices=5 rho=1.6 anchor_shift=0
[FREE POLY] k=2 disc=2 raw=40 facets=4 vertices=7 rho=5.6 anchor_shift=0
[FREE POLY] k=3 disc=0 raw=40 facets=3 vertices=6 rho=6.4 anchor_shift=0
[FREE POLY] k=3 disc=1 raw=40 facets=2 vertices=5 rho=2.4 anchor_shift=0
[FREE POLY] k=3 disc=2 raw=40 facets=4 vertices=7 rho=6.4 anchor_shift=0
[FREE POLY] k=4 disc=0 raw=40 facets=3 vertices=6 rho=7.2 anchor_shift=0
[FREE POLY] k=4 disc=1 raw=40 facets=4 vertices=7 rho=3.2 anchor_shift=0
[FREE POLY] k=4 disc=2 raw=40 facets=4 vertices=7 rho=7.2 anchor_shift=0
[FREE POLY] k=5 disc=0 raw=40 facets=4 vertices=7 rho=8 anchor_shift=0
[FREE POLY] k=5 disc=1 raw=40 facets=5 vertices=8 rho=4 anchor_shift=0
[FREE POLY] k=5 disc=2 raw=40 facets=5 vertices=8 rho=8 anchor_shift=0
[FREE POLY] k=6 disc=0 raw=40 facets=3 vertices=6 rho=8.8 anchor_shift=0
[FREE POLY] k=6 disc=1 raw=40 facets=4 vertices=7 rho=4.8 anchor_shift=0
[FREE POLY] k=6 disc=2 raw=40 facets=5 vertices=8 rho=8.8 anchor_shift=0
[FREE POLY] k=7 disc=0 raw=40 facets=4 vertices=7 rho=9.6 anchor_shift=0
[FREE POLY] k=7 disc=1 raw=40 facets=5 vertices=8 rho=5.6 anchor_shift=0
[FREE POLY] k=7 disc=2 raw=40 facets=5 vertices=8 rho=9.6 anchor_shift=0
[FREE POLY] k=8 disc=0 raw=40 facets=4 vertices=7 rho=10.4 anchor_shift=0
[FREE POLY] k=8 disc=1 raw=40 facets=6 vertices=9 rho=6.4 anchor_shift=0
[FREE POLY] k=8 disc=2 raw=40 facets=6 vertices=9 rho=10.4 anchor_shift=0
[RF SUPPORT SEED] removed=0 support_limit=-1
[SQP] before_solve iter=0 vars=16 constraints=121 max_d=-0.0126618
[QP WORST] iter=0 row=4 type=collision d=-0.0126618
[QP WORST COLLISION] scenario=35 k=1 obstacle=0 disc=2
[SQP] after_solve iter=0 converged=1 status=0 iterations=6 primal_residual=3.14041e-10 dual_residual=7.77499e-06 x_size=16 x_finite=1
[SQP LINESEARCH] iter=0 current_violation=0 accepted_violation=0 accepted=1 alpha=0.5 delta_u_norm=0.355024
[SQP SUPPORT] iter=0 support_size=0 support_limit=-1 support_ok=1
[SQP] before_solve iter=1 vars=16 constraints=121 max_d=-0.00634145
[QP WORST] iter=1 row=4 type=collision d=-0.00634145
[QP WORST COLLISION] scenario=35 k=1 obstacle=0 disc=2
[SQP] after_solve iter=1 converged=1 status=0 iterations=6 primal_residual=1.09877e-09 dual_residual=3.29229e-06 x_size=16 x_finite=1
[SQP LINESEARCH] iter=1 current_violation=0 accepted_violation=0 accepted=1 alpha=0.5 delta_u_norm=0.277825
[SQP SUPPORT] iter=1 support_size=0 support_limit=-1 support_ok=1
[SQP] before_solve iter=2 vars=16 constraints=121 max_d=-0.00317999
[QP WORST] iter=2 row=4 type=collision d=-0.00317999
[QP WORST COLLISION] scenario=35 k=1 obstacle=0 disc=2
[SQP] after_solve iter=2 converged=1 status=0 iterations=6 primal_residual=2.44899e-09 dual_residual=3.63932e-06 x_size=16 x_finite=1
[SQP LINESEARCH] iter=2 current_violation=0 accepted_violation=0 accepted=1 alpha=0.5 delta_u_norm=0.200116
[SQP SUPPORT] iter=2 support_size=0 support_limit=-1 support_ok=1
[SQP] before_solve iter=3 vars=16 constraints=121 max_d=-0.00160395
[QP WORST] iter=3 row=4 type=collision d=-0.00160395
[QP WORST COLLISION] scenario=35 k=1 obstacle=0 disc=2
[SQP] after_solve iter=3 converged=1 status=0 iterations=6 primal_residual=2.77687e-09 dual_residual=4.19912e-06 x_size=16 x_finite=1
[SQP LINESEARCH] iter=3 current_violation=0 accepted_violation=0 accepted=1 alpha=0.5 delta_u_norm=0.168342
[SQP SUPPORT] iter=3 support_size=0 support_limit=-1 support_ok=1
[SQP] before_solve iter=4 vars=16 constraints=121 max_d=-0.000816601
[QP WORST] iter=4 row=4 type=collision d=-0.000816601
[QP WORST COLLISION] scenario=35 k=1 obstacle=0 disc=2
[SQP] after_solve iter=4 converged=1 status=0 iterations=6 primal_residual=3.9134e-09 dual_residual=6.3599e-06 x_size=16 x_finite=1
[SQP LINESEARCH] iter=4 current_violation=0 accepted_violation=0 accepted=1 alpha=0.5 delta_u_norm=0.153957
[SQP SUPPORT] iter=4 support_size=0 support_limit=-1 support_ok=1
[SQP] before_solve iter=5 vars=16 constraints=121 max_d=-0.000423429
[QP WORST] iter=5 row=4 type=collision d=-0.000423429
[QP WORST COLLISION] scenario=35 k=1 obstacle=0 disc=2
[SQP] after_solve iter=5 converged=1 status=0 iterations=6 primal_residual=3.90623e-09 dual_residual=7.18487e-06 x_size=16 x_finite=1
[SQP LINESEARCH] iter=5 current_violation=0 accepted_violation=0 accepted=1 alpha=1 delta_u_norm=0.14571
[SQP SUPPORT] iter=5 support_size=0 support_limit=-1 support_ok=1
[SQP] before_solve iter=6 vars=16 constraints=121 max_d=-5.57715e-08
[QP WORST] iter=6 row=57 type=collision d=-5.57715e-08
[QP WORST COLLISION] scenario=18 k=6 obstacle=0 disc=2
[SQP] after_solve iter=6 converged=1 status=0 iterations=6 primal_residual=3.57983e-09 dual_residual=7.84188e-06 x_size=16 x_finite=1
[SQP LINESEARCH] iter=6 current_violation=0 accepted_violation=0 accepted=1 alpha=1 delta_u_norm=0.134399
[SQP SUPPORT] iter=6 support_size=0 support_limit=-1 support_ok=1
[SQP] before_solve iter=7 vars=16 constraints=121 max_d=-1.78354e-07
[QP WORST] iter=7 row=57 type=collision d=-1.78354e-07
[QP WORST COLLISION] scenario=18 k=6 obstacle=0 disc=2
[SQP] after_solve iter=7 converged=1 status=0 iterations=6 primal_residual=3.66085e-09 dual_residual=8.03085e-06 x_size=16 x_finite=1
[SQP LINESEARCH] iter=7 current_violation=0 accepted_violation=0 accepted=1 alpha=1 delta_u_norm=0.125877
[SQP SUPPORT] iter=7 support_size=0 support_limit=-1 support_ok=1
[SQP] before_solve iter=8 vars=16 constraints=121 max_d=-1.68882e-07
[QP WORST] iter=8 row=57 type=collision d=-1.68882e-07
[QP WORST COLLISION] scenario=18 k=6 obstacle=0 disc=2
[SQP] after_solve iter=8 converged=1 status=0 iterations=6 primal_residual=3.74883e-09 dual_residual=8.23742e-06 x_size=16 x_finite=1
[SQP LINESEARCH] iter=8 current_violation=0 accepted_violation=0 accepted=1 alpha=1 delta_u_norm=0.118432
[SQP SUPPORT] iter=8 support_size=0 support_limit=-1 support_ok=1
[SQP] before_solve iter=9 vars=16 constraints=121 max_d=-1.60847e-07
[QP WORST] iter=9 row=57 type=collision d=-1.60847e-07
[QP WORST COLLISION] scenario=18 k=6 obstacle=0 disc=2
[SQP] after_solve iter=9 converged=1 status=0 iterations=6 primal_residual=3.82216e-09 dual_residual=8.41166e-06 x_size=16 x_finite=1
[SQP LINESEARCH] iter=9 current_violation=0 accepted_violation=0 accepted=1 alpha=1 delta_u_norm=0.111758
[SQP SUPPORT] iter=9 support_size=0 support_limit=-1 support_ok=1
[SQP FINAL] final_violation=0 violated_constraints=0
[SUPPORT FINAL] sqp_union=0 final_active=3 support_limit=-1
[SUPPORT FINAL IDS] 15 18 35
[SUPPORT UNION IDS]
[COLD START RECOVERY CHECK] ordinary_sqp_failed=0 seed_available=1 incompatible=0 try_homotopy=0
[HARNESS RESULT] step=12 success=1 controls=8 first_input_present=1
[MPC STEP METRICS] step=12 applied=1 success=1 fallback=0 a=0.026056 omega=0.707497 dt=0.1 acceleration_weight=0.1 steering_weight=0.1 control_cost_unweighted=0.501231 control_cost_weighted=0.0501231 mpc_cost=-16.9049 solve_time=0.0604744 qp_solve_time=0.0404221 constraint_time=0.010846 dro_risk_time=0.000405549 ambiguity_radius=0.00826339 certificate=not_requested
[EVAL SAFETY] step=13 min_center_distance=0.956801 min_clearance=0.00680125 collision_this_step=0 collision_run=0 collision_radius=0.95
[DRO SUMMARY] step=14 obstacle=0 S=40 rho=0.00820332 rho_raw=0.00820332 D_max=0.0256781 D_min=0.0128703 tv_bound=0.637385 eta=0.319467 eta_raw=0.319467 radius_m=14 radius_d=3 transport_cost=0.00820332 budget_usage=1 lambda=1.03036 q_support=2 nominal_risk=0.00828053 qstar_risk=0.0168205 risk_lift=0.00853995 tv=0.432096
[DRO MODE] step=14 obstacle=0 mode=constant_velocity p=0.225806 risk=0.0139296 q=0 delta_q=-0.225806 q_times_S=0
[DRO MODE] step=14 obstacle=0 mode=turn_left p=0.16129 risk=0.0275785 q=0.593387 delta_q=0.432096 q_times_S=23.7355
[DRO MODE] step=14 obstacle=0 mode=turn_right p=0.612903 risk=0.00112085 q=0.406613 delta_q=-0.20629 q_times_S=16.2645
[DRO SAMPLE] step=14 obstacle=0 mode=constant_velocity q=0 q_times_S=0 first_count=0 first_fraction=0 occupancy=0 occupancy_fraction=0
[DRO SAMPLE] step=14 obstacle=0 mode=turn_left q=0.593387 q_times_S=23.7355 first_count=25 first_fraction=0.625 occupancy=200 occupancy_fraction=0.625
[DRO SAMPLE] step=14 obstacle=0 mode=turn_right q=0.406613 q_times_S=16.2645 first_count=15 first_fraction=0.375 occupancy=120 occupancy_fraction=0.375
[RF BACKUP] available=1 controls=8 states=9
[FREE POLY] k=1 disc=0 raw=40 facets=3 vertices=6 rho=4.8 anchor_shift=0
[FREE POLY] k=1 disc=1 raw=40 facets=0 vertices=4 rho=0.800001 anchor_shift=0
[FREE POLY] k=1 disc=2 raw=40 facets=5 vertices=8 rho=4.8 anchor_shift=0
[FREE POLY] k=2 disc=0 raw=40 facets=3 vertices=6 rho=5.6 anchor_shift=0
[FREE POLY] k=2 disc=1 raw=40 facets=2 vertices=6 rho=1.6 anchor_shift=0
[FREE POLY] k=2 disc=2 raw=40 facets=4 vertices=7 rho=5.6 anchor_shift=0
[FREE POLY] k=3 disc=0 raw=40 facets=3 vertices=6 rho=6.4 anchor_shift=0
[FREE POLY] k=3 disc=1 raw=40 facets=2 vertices=5 rho=2.4 anchor_shift=0
[FREE POLY] k=3 disc=2 raw=40 facets=4 vertices=7 rho=6.4 anchor_shift=0
[FREE POLY] k=4 disc=0 raw=40 facets=3 vertices=6 rho=7.2 anchor_shift=0
[FREE POLY] k=4 disc=1 raw=40 facets=4 vertices=7 rho=3.2 anchor_shift=0
[FREE POLY] k=4 disc=2 raw=40 facets=4 vertices=7 rho=7.2 anchor_shift=0
[FREE POLY] k=5 disc=0 raw=40 facets=4 vertices=7 rho=8 anchor_shift=0
[FREE POLY] k=5 disc=1 raw=40 facets=4 vertices=7 rho=4 anchor_shift=0
[FREE POLY] k=5 disc=2 raw=40 facets=4 vertices=7 rho=8 anchor_shift=0
[FREE POLY] k=6 disc=0 raw=40 facets=3 vertices=6 rho=8.8 anchor_shift=0
[FREE POLY] k=6 disc=1 raw=40 facets=3 vertices=6 rho=4.8 anchor_shift=0
[FREE POLY] k=6 disc=2 raw=40 facets=4 vertices=7 rho=8.8 anchor_shift=0
[FREE POLY] k=7 disc=0 raw=40 facets=3 vertices=6 rho=9.6 anchor_shift=0
[FREE POLY] k=7 disc=1 raw=40 facets=3 vertices=6 rho=5.6 anchor_shift=0
[FREE POLY] k=7 disc=2 raw=40 facets=6 vertices=9 rho=9.6 anchor_shift=0
[FREE POLY] k=8 disc=0 raw=40 facets=3 vertices=6 rho=10.4 anchor_shift=0
[FREE POLY] k=8 disc=1 raw=40 facets=3 vertices=6 rho=6.4 anchor_shift=0
[FREE POLY] k=8 disc=2 raw=40 facets=7 vertices=10 rho=10.4 anchor_shift=0
[RF SUPPORT SEED] removed=0 support_limit=-1
[SQP] before_solve iter=0 vars=16 constraints=116 max_d=-0.00233813
[QP WORST] iter=0 row=47 type=collision d=-0.00233813
[QP WORST COLLISION] scenario=24 k=5 obstacle=0 disc=2
[SQP] after_solve iter=0 converged=1 status=0 iterations=6 primal_residual=2.7016e-10 dual_residual=2.08377e-05 x_size=16 x_finite=1
[SQP LINESEARCH] iter=0 current_violation=0 accepted_violation=0 accepted=1 alpha=0.5 delta_u_norm=0.400099
[SQP SUPPORT] iter=0 support_size=0 support_limit=-1 support_ok=1
[SQP] before_solve iter=1 vars=16 constraints=116 max_d=-0.00117727
[QP WORST] iter=1 row=47 type=collision d=-0.00117727
[QP WORST COLLISION] scenario=24 k=5 obstacle=0 disc=2
[SQP] after_solve iter=1 converged=1 status=0 iterations=5 primal_residual=4.15966e-08 dual_residual=6.34975e-05 x_size=16 x_finite=1
[SQP LINESEARCH] iter=1 current_violation=0 accepted_violation=0 accepted=1 alpha=1 delta_u_norm=0.284922
[SQP SUPPORT] iter=1 support_size=0 support_limit=-1 support_ok=1
[SQP] before_solve iter=2 vars=16 constraints=116 max_d=-9.14652e-06
[QP WORST] iter=2 row=5 type=collision d=-9.14652e-06
[QP WORST COLLISION] scenario=24 k=1 obstacle=0 disc=2
[SQP] after_solve iter=2 converged=1 status=0 iterations=6 primal_residual=4.1346e-16 dual_residual=3.06289e-05 x_size=16 x_finite=1
[SQP LINESEARCH] iter=2 current_violation=0 accepted_violation=0 accepted=1 alpha=1 delta_u_norm=0.204759
[SQP SUPPORT] iter=2 support_size=0 support_limit=-1 support_ok=1
[SQP] before_solve iter=3 vars=16 constraints=116 max_d=-6.50762e-05
[QP WORST] iter=3 row=35 type=collision d=-6.50762e-05
[QP WORST COLLISION] scenario=24 k=4 obstacle=0 disc=2
[SQP] after_solve iter=3 converged=1 status=0 iterations=6 primal_residual=4.44089e-16 dual_residual=3.14271e-05 x_size=16 x_finite=1
[SQP LINESEARCH] iter=3 current_violation=0 accepted_violation=0 accepted=1 alpha=1 delta_u_norm=0.184068
[SQP SUPPORT] iter=3 support_size=0 support_limit=-1 support_ok=1
[SQP] before_solve iter=4 vars=16 constraints=116 max_d=-6.43842e-05
[QP WORST] iter=4 row=35 type=collision d=-6.43842e-05
[QP WORST COLLISION] scenario=24 k=4 obstacle=0 disc=2
[SQP] after_solve iter=4 converged=1 status=0 iterations=6 primal_residual=4.44089e-16 dual_residual=5.37971e-05 x_size=16 x_finite=1
[SQP LINESEARCH] iter=4 current_violation=0 accepted_violation=0 accepted=1 alpha=1 delta_u_norm=0.167298
[SQP SUPPORT] iter=4 support_size=0 support_limit=-1 support_ok=1
[SQP] before_solve iter=5 vars=16 constraints=116 max_d=-8.53857e-05
[QP WORST] iter=5 row=47 type=collision d=-8.53857e-05
[QP WORST COLLISION] scenario=24 k=5 obstacle=0 disc=2
[SQP] after_solve iter=5 converged=1 status=0 iterations=6 primal_residual=3.46945e-16 dual_residual=5.81091e-05 x_size=16 x_finite=1
[SQP LINESEARCH] iter=5 current_violation=0 accepted_violation=0 accepted=1 alpha=1 delta_u_norm=0.150972
[SQP SUPPORT] iter=5 support_size=0 support_limit=-1 support_ok=1
[SQP] before_solve iter=6 vars=16 constraints=116 max_d=-9.55642e-05
[QP WORST] iter=6 row=47 type=collision d=-9.55642e-05
[QP WORST COLLISION] scenario=24 k=5 obstacle=0 disc=2
[SQP] after_solve iter=6 converged=1 status=0 iterations=6 primal_residual=3.41524e-16 dual_residual=5.98762e-05 x_size=16 x_finite=1
[SQP LINESEARCH] iter=6 current_violation=0 accepted_violation=0 accepted=1 alpha=1 delta_u_norm=0.128343
[SQP SUPPORT] iter=6 support_size=0 support_limit=-1 support_ok=1
[SQP] before_solve iter=7 vars=16 constraints=116 max_d=-9.98667e-05
[QP WORST] iter=7 row=47 type=collision d=-9.98667e-05
[QP WORST COLLISION] scenario=24 k=5 obstacle=0 disc=2
[SQP] after_solve iter=7 converged=1 status=0 iterations=6 primal_residual=4.26742e-16 dual_residual=5.98133e-05 x_size=16 x_finite=1
[SQP LINESEARCH] iter=7 current_violation=0 accepted_violation=0 accepted=1 alpha=1 delta_u_norm=0.116289
[SQP SUPPORT] iter=7 support_size=0 support_limit=-1 support_ok=1
[SQP] before_solve iter=8 vars=16 constraints=116 max_d=-0.000100019
[QP WORST] iter=8 row=47 type=collision d=-0.000100019
[QP WORST COLLISION] scenario=24 k=5 obstacle=0 disc=2
[SQP] after_solve iter=8 converged=1 status=0 iterations=6 primal_residual=3.76869e-16 dual_residual=5.96272e-05 x_size=16 x_finite=1
[SQP LINESEARCH] iter=8 current_violation=0 accepted_violation=0 accepted=1 alpha=1 delta_u_norm=0.109638
[SQP SUPPORT] iter=8 support_size=0 support_limit=-1 support_ok=1
[SQP] before_solve iter=9 vars=16 constraints=116 max_d=-9.97575e-05
[QP WORST] iter=9 row=47 type=collision d=-9.97575e-05
[QP WORST COLLISION] scenario=24 k=5 obstacle=0 disc=2
[SQP] after_solve iter=9 converged=1 status=0 iterations=6 primal_residual=4.30211e-16 dual_residual=5.95779e-05 x_size=16 x_finite=1
[SQP LINESEARCH] iter=9 current_violation=0 accepted_violation=0 accepted=1 alpha=1 delta_u_norm=0.103581
[SQP SUPPORT] iter=9 support_size=0 support_limit=-1 support_ok=1
[SQP FINAL] final_violation=0 violated_constraints=0
[SUPPORT FINAL] sqp_union=0 final_active=3 support_limit=-1
[SUPPORT FINAL IDS] 15 24 39
[SUPPORT UNION IDS]
[COLD START RECOVERY CHECK] ordinary_sqp_failed=0 seed_available=1 incompatible=0 try_homotopy=0
[HARNESS RESULT] step=13 success=1 controls=8 first_input_present=1
[MPC STEP METRICS] step=13 applied=1 success=1 fallback=0 a=0.0822239 omega=0.549678 dt=0.1 acceleration_weight=0.1 steering_weight=0.1 control_cost_unweighted=0.308907 control_cost_weighted=0.0308907 mpc_cost=-16.8233 solve_time=0.0401585 qp_solve_time=0.0270861 constraint_time=0.00699184 dro_risk_time=0.000405078 ambiguity_radius=0.00820332 certificate=not_requested
[EVAL SAFETY] step=14 min_center_distance=0.954596 min_clearance=0.00459594 collision_this_step=0 collision_run=0 collision_radius=0.95
[DRO SUMMARY] step=15 obstacle=0 S=40 rho=0.00784922 rho_raw=0.00784922 D_max=0.0256781 D_min=0.0128703 tv_bound=0.609872 eta=0.305677 eta_raw=0.305677 radius_m=15 radius_d=3 transport_cost=0.00784922 budget_usage=1 lambda=1.50532 q_support=2 nominal_risk=0.0398029 qstar_risk=0.0529202 risk_lift=0.0131173 tv=0.575758
[DRO MODE] step=15 obstacle=0 mode=constant_velocity p=0.272727 risk=0.0493381 q=0.814204 delta_q=0.541477 q_times_S=32.5682
[DRO MODE] step=15 obstacle=0 mode=turn_left p=0.151515 risk=0.068618 q=0.185796 delta_q=0.0342808 q_times_S=7.43184
[DRO MODE] step=15 obstacle=0 mode=turn_right p=0.575758 risk=0.0277033 q=0 delta_q=-0.575758 q_times_S=0
[DRO SAMPLE] step=15 obstacle=0 mode=constant_velocity q=0.814204 q_times_S=32.5682 first_count=26 first_fraction=0.65 occupancy=208 occupancy_fraction=0.65
[DRO SAMPLE] step=15 obstacle=0 mode=turn_left q=0.185796 q_times_S=7.43184 first_count=14 first_fraction=0.35 occupancy=112 occupancy_fraction=0.35
[DRO SAMPLE] step=15 obstacle=0 mode=turn_right q=0 q_times_S=0 first_count=0 first_fraction=0 occupancy=0 occupancy_fraction=0
[RF BACKUP] available=1 controls=8 states=9
[FREE POLY] k=1 disc=0 raw=40 facets=3 vertices=6 rho=4.8 anchor_shift=0
[FREE POLY] k=1 disc=1 raw=40 facets=0 vertices=4 rho=0.800001 anchor_shift=0
[FREE POLY] k=1 disc=2 raw=40 facets=4 vertices=7 rho=4.8 anchor_shift=0
[FREE POLY] k=2 disc=0 raw=40 facets=5 vertices=8 rho=5.6 anchor_shift=0
[FREE POLY] k=2 disc=1 raw=40 facets=2 vertices=6 rho=1.6 anchor_shift=0
[FREE POLY] k=2 disc=2 raw=40 facets=7 vertices=10 rho=5.6 anchor_shift=0
[FREE POLY] k=3 disc=0 raw=40 facets=4 vertices=7 rho=6.4 anchor_shift=0
[FREE POLY] k=3 disc=1 raw=40 facets=3 vertices=6 rho=2.4 anchor_shift=0
[FREE POLY] k=3 disc=2 raw=40 facets=6 vertices=9 rho=6.4 anchor_shift=0
[FREE POLY] k=4 disc=0 raw=40 facets=4 vertices=7 rho=7.2 anchor_shift=0
[FREE POLY] k=4 disc=1 raw=40 facets=4 vertices=7 rho=3.2 anchor_shift=0
[FREE POLY] k=4 disc=2 raw=40 facets=4 vertices=7 rho=7.2 anchor_shift=0
[FREE POLY] k=5 disc=0 raw=40 facets=4 vertices=7 rho=8 anchor_shift=0
[FREE POLY] k=5 disc=1 raw=40 facets=4 vertices=7 rho=4 anchor_shift=0
[FREE POLY] k=5 disc=2 raw=40 facets=4 vertices=7 rho=8 anchor_shift=0
[FREE POLY] k=6 disc=0 raw=40 facets=4 vertices=7 rho=8.8 anchor_shift=0
[FREE POLY] k=6 disc=1 raw=40 facets=4 vertices=7 rho=4.8 anchor_shift=0
[FREE POLY] k=6 disc=2 raw=40 facets=4 vertices=7 rho=8.8 anchor_shift=0
[FREE POLY] k=7 disc=0 raw=40 facets=4 vertices=7 rho=9.6 anchor_shift=0
[FREE POLY] k=7 disc=1 raw=40 facets=3 vertices=6 rho=5.6 anchor_shift=0
[FREE POLY] k=7 disc=2 raw=40 facets=4 vertices=6 rho=9.6 anchor_shift=0
[FREE POLY] k=8 disc=0 raw=40 facets=4 vertices=7 rho=10.4 anchor_shift=0
[FREE POLY] k=8 disc=1 raw=40 facets=3 vertices=6 rho=6.4 anchor_shift=0
[FREE POLY] k=8 disc=2 raw=40 facets=4 vertices=6 rho=10.4 anchor_shift=0
[RF SUPPORT SEED] removed=0 support_limit=-1
[SQP] before_solve iter=0 vars=16 constraints=124 max_d=0.025249
[QP WORST] iter=0 row=80 type=collision d=0.025249
[QP WORST COLLISION] scenario=37 k=7 obstacle=0 disc=2
[SQP] after_solve iter=0 converged=1 status=0 iterations=6 primal_residual=3.46945e-16 dual_residual=1.43099e-05 x_size=16 x_finite=1
[SQP LINESEARCH] iter=0 current_violation=0.025249 accepted_violation=5.83536e-05 accepted=1 alpha=1 delta_u_norm=0.287307
[SQP SUPPORT] iter=0 support_size=0 support_limit=-1 support_ok=1
[SQP] before_solve iter=1 vars=16 constraints=124 max_d=5.83536e-05
[QP WORST] iter=1 row=80 type=collision d=5.83536e-05
[QP WORST COLLISION] scenario=37 k=7 obstacle=0 disc=2
[SQP] after_solve iter=1 converged=1 status=0 iterations=6 primal_residual=3.70147e-16 dual_residual=9.33991e-06 x_size=16 x_finite=1
[SQP LINESEARCH] iter=1 current_violation=5.83536e-05 accepted_violation=0 accepted=1 alpha=1 delta_u_norm=0.177857
[SQP SUPPORT] iter=1 support_size=0 support_limit=-1 support_ok=1
[SQP] before_solve iter=2 vars=16 constraints=124 max_d=-7.50492e-06
[QP WORST] iter=2 row=20 type=collision d=-7.50492e-06
[QP WORST COLLISION] scenario=36 k=2 obstacle=0 disc=2
[SQP] after_solve iter=2 converged=1 status=0 iterations=5 primal_residual=2.4961e-08 dual_residual=9.07935e-05 x_size=16 x_finite=1
[SQP LINESEARCH] iter=2 current_violation=0 accepted_violation=0 accepted=1 alpha=1 delta_u_norm=0.160533
[SQP SUPPORT] iter=2 support_size=0 support_limit=-1 support_ok=1
[SQP] before_solve iter=3 vars=16 constraints=124 max_d=-1.13733e-06
[QP WORST] iter=3 row=6 type=collision d=-1.13733e-06
[QP WORST COLLISION] scenario=35 k=1 obstacle=0 disc=2
[SQP] after_solve iter=3 converged=1 status=0 iterations=5 primal_residual=2.5185e-08 dual_residual=8.56143e-05 x_size=16 x_finite=1
[SQP LINESEARCH] iter=3 current_violation=0 accepted_violation=0 accepted=1 alpha=1 delta_u_norm=0.14873
[SQP SUPPORT] iter=3 support_size=0 support_limit=-1 support_ok=1
[SQP] before_solve iter=4 vars=16 constraints=124 max_d=-1.17024e-06
[QP WORST] iter=4 row=6 type=collision d=-1.17024e-06
[QP WORST COLLISION] scenario=35 k=1 obstacle=0 disc=2
[SQP] after_solve iter=4 converged=1 status=0 iterations=5 primal_residual=2.47538e-08 dual_residual=8.63916e-05 x_size=16 x_finite=1
[SQP LINESEARCH] iter=4 current_violation=0 accepted_violation=0 accepted=1 alpha=1 delta_u_norm=0.138591
[SQP SUPPORT] iter=4 support_size=0 support_limit=-1 support_ok=1
[SQP] before_solve iter=5 vars=16 constraints=124 max_d=-1.14491e-06
[QP WORST] iter=5 row=6 type=collision d=-1.14491e-06
[QP WORST COLLISION] scenario=35 k=1 obstacle=0 disc=2
[SQP] after_solve iter=5 converged=1 status=0 iterations=5 primal_residual=2.40536e-08 dual_residual=8.74615e-05 x_size=16 x_finite=1
[SQP LINESEARCH] iter=5 current_violation=0 accepted_violation=0 accepted=1 alpha=1 delta_u_norm=0.129573
[SQP SUPPORT] iter=5 support_size=0 support_limit=-1 support_ok=1
[SQP] before_solve iter=6 vars=16 constraints=124 max_d=-1.11432e-06
[QP WORST] iter=6 row=6 type=collision d=-1.11432e-06
[QP WORST COLLISION] scenario=35 k=1 obstacle=0 disc=2
[SQP] after_solve iter=6 converged=1 status=0 iterations=5 primal_residual=2.3312e-08 dual_residual=8.86639e-05 x_size=16 x_finite=1
[SQP LINESEARCH] iter=6 current_violation=0 accepted_violation=0 accepted=1 alpha=1 delta_u_norm=0.121467
[SQP SUPPORT] iter=6 support_size=0 support_limit=-1 support_ok=1
[SQP] before_solve iter=7 vars=16 constraints=124 max_d=-1.08239e-06
[QP WORST] iter=7 row=6 type=collision d=-1.08239e-06
[QP WORST COLLISION] scenario=35 k=1 obstacle=0 disc=2
[SQP] after_solve iter=7 converged=1 status=0 iterations=5 primal_residual=2.25912e-08 dual_residual=8.9895e-05 x_size=16 x_finite=1
[SQP LINESEARCH] iter=7 current_violation=0 accepted_violation=0 accepted=1 alpha=1 delta_u_norm=0.114132
[SQP SUPPORT] iter=7 support_size=0 support_limit=-1 support_ok=1
[SQP] before_solve iter=8 vars=16 constraints=124 max_d=-1.05079e-06
[QP WORST] iter=8 row=6 type=collision d=-1.05079e-06
[QP WORST COLLISION] scenario=35 k=1 obstacle=0 disc=2
[SQP] after_solve iter=8 converged=1 status=0 iterations=5 primal_residual=2.19031e-08 dual_residual=9.11226e-05 x_size=16 x_finite=1
[SQP LINESEARCH] iter=8 current_violation=0 accepted_violation=0 accepted=1 alpha=1 delta_u_norm=0.107459
[SQP SUPPORT] iter=8 support_size=0 support_limit=-1 support_ok=1
[SQP] before_solve iter=9 vars=16 constraints=124 max_d=-1.02003e-06
[QP WORST] iter=9 row=6 type=collision d=-1.02003e-06
[QP WORST COLLISION] scenario=35 k=1 obstacle=0 disc=2
[SQP] after_solve iter=9 converged=1 status=0 iterations=5 primal_residual=2.12469e-08 dual_residual=9.23331e-05 x_size=16 x_finite=1
[SQP LINESEARCH] iter=9 current_violation=0 accepted_violation=0 accepted=1 alpha=1 delta_u_norm=0.10136
[SQP SUPPORT] iter=9 support_size=0 support_limit=-1 support_ok=1
[SQP FINAL] final_violation=0 violated_constraints=0
[SUPPORT FINAL] sqp_union=0 final_active=4 support_limit=-1
[SUPPORT FINAL IDS] 9 35 36 37
[SUPPORT UNION IDS]
[COLD START RECOVERY CHECK] ordinary_sqp_failed=0 seed_available=1 incompatible=0 try_homotopy=0
[HARNESS RESULT] step=14 success=1 controls=8 first_input_present=1
[MPC STEP METRICS] step=14 applied=1 success=1 fallback=0 a=0.0833481 omega=0.271694 dt=0.1 acceleration_weight=0.1 steering_weight=0.1 control_cost_unweighted=0.0807646 control_cost_weighted=0.00807646 mpc_cost=-16.7789 solve_time=0.0413297 qp_solve_time=0.0278121 constraint_time=0.00727523 dro_risk_time=0.000424034 ambiguity_radius=0.00784922 certificate=not_requested
[EVAL SAFETY] step=15 min_center_distance=0.956413 min_clearance=0.00641269 collision_this_step=0 collision_run=0 collision_radius=0.95
[DRO SUMMARY] step=16 obstacle=0 S=40 rho=0.00751485 rho_raw=0.00751485 D_max=0.0256781 D_min=0.0128703 tv_bound=0.583892 eta=0.292656 eta_raw=0.292656 radius_m=16 radius_d=3 transport_cost=0.00751485 budget_usage=1 lambda=0.533066 q_support=2 nominal_risk=0.00256645 qstar_risk=0.00810713 risk_lift=0.00554067 tv=0.449417
[DRO MODE] step=16 obstacle=0 mode=constant_velocity p=0.314286 risk=0.00194411 q=0 delta_q=-0.314286 q_times_S=0
[DRO MODE] step=16 obstacle=0 mode=turn_left p=0.142857 risk=0.0136881 q=0.592274 delta_q=0.449417 q_times_S=23.6909
[DRO MODE] step=16 obstacle=0 mode=turn_right p=0.542857 risk=0 q=0.407726 delta_q=-0.135131 q_times_S=16.3091
[DRO SAMPLE] step=16 obstacle=0 mode=constant_velocity q=0 q_times_S=0 first_count=0 first_fraction=0 occupancy=0 occupancy_fraction=0
[DRO SAMPLE] step=16 obstacle=0 mode=turn_left q=0.592274 q_times_S=23.6909 first_count=27 first_fraction=0.675 occupancy=216 occupancy_fraction=0.675
[DRO SAMPLE] step=16 obstacle=0 mode=turn_right q=0.407726 q_times_S=16.3091 first_count=13 first_fraction=0.325 occupancy=104 occupancy_fraction=0.325
[RF BACKUP] available=1 controls=8 states=9
[FREE POLY] k=1 disc=0 raw=40 facets=3 vertices=6 rho=4.8 anchor_shift=0
[FREE POLY] k=1 disc=1 raw=40 facets=0 vertices=4 rho=0.800001 anchor_shift=0
[FREE POLY] k=1 disc=2 raw=40 facets=5 vertices=8 rho=4.8 anchor_shift=0
[FREE POLY] k=2 disc=0 raw=40 facets=3 vertices=6 rho=5.6 anchor_shift=0
[FREE POLY] k=2 disc=1 raw=40 facets=2 vertices=6 rho=1.6 anchor_shift=0
[FREE POLY] k=2 disc=2 raw=40 facets=5 vertices=8 rho=5.6 anchor_shift=0
[FREE POLY] k=3 disc=0 raw=40 facets=3 vertices=6 rho=6.4 anchor_shift=0
[FREE POLY] k=3 disc=1 raw=40 facets=3 vertices=6 rho=2.4 anchor_shift=0
[FREE POLY] k=3 disc=2 raw=40 facets=4 vertices=7 rho=6.4 anchor_shift=0
[FREE POLY] k=4 disc=0 raw=40 facets=3 vertices=6 rho=7.2 anchor_shift=0
[FREE POLY] k=4 disc=1 raw=40 facets=3 vertices=6 rho=3.2 anchor_shift=0
[FREE POLY] k=4 disc=2 raw=40 facets=3 vertices=6 rho=7.2 anchor_shift=0
[FREE POLY] k=5 disc=0 raw=40 facets=3 vertices=6 rho=8 anchor_shift=0
[FREE POLY] k=5 disc=1 raw=40 facets=2 vertices=5 rho=4 anchor_shift=0
[FREE POLY] k=5 disc=2 raw=40 facets=3 vertices=6 rho=8 anchor_shift=0
[FREE POLY] k=6 disc=0 raw=40 facets=3 vertices=6 rho=8.8 anchor_shift=0
[FREE POLY] k=6 disc=1 raw=40 facets=2 vertices=5 rho=4.8 anchor_shift=0
[FREE POLY] k=6 disc=2 raw=40 facets=3 vertices=5 rho=8.8 anchor_shift=0
[FREE POLY] k=7 disc=0 raw=40 facets=3 vertices=6 rho=9.6 anchor_shift=0
[FREE POLY] k=7 disc=1 raw=40 facets=2 vertices=5 rho=5.6 anchor_shift=0
[FREE POLY] k=7 disc=2 raw=40 facets=4 vertices=7 rho=9.6 anchor_shift=0
[FREE POLY] k=8 disc=0 raw=40 facets=3 vertices=6 rho=10.4 anchor_shift=0
[FREE POLY] k=8 disc=1 raw=40 facets=3 vertices=6 rho=6.4 anchor_shift=0
[FREE POLY] k=8 disc=2 raw=40 facets=4 vertices=7 rho=10.4 anchor_shift=0
[RF SUPPORT SEED] removed=0 support_limit=-1
[SQP] before_solve iter=0 vars=16 constraints=104 max_d=-0.0114378
[QP WORST] iter=0 row=51 type=collision d=-0.0114378
[QP WORST COLLISION] scenario=17 k=6 obstacle=0 disc=2
[SQP] after_solve iter=0 converged=1 status=0 iterations=5 primal_residual=3.67761e-16 dual_residual=9.42459e-05 x_size=16 x_finite=1
[SQP LINESEARCH] iter=0 current_violation=0 accepted_violation=0 accepted=1 alpha=1 delta_u_norm=0.292074
[SQP SUPPORT] iter=0 support_size=0 support_limit=-1 support_ok=1
[SQP] before_solve iter=1 vars=16 constraints=104 max_d=-3.10066e-06
[QP WORST] iter=1 row=5 type=collision d=-3.10066e-06
[QP WORST COLLISION] scenario=26 k=1 obstacle=0 disc=2
[SQP] after_solve iter=1 converged=1 status=0 iterations=6 primal_residual=3.53884e-16 dual_residual=1.1869e-05 x_size=16 x_finite=1
[SQP LINESEARCH] iter=1 current_violation=0 accepted_violation=0 accepted=1 alpha=1 delta_u_norm=0.176238
[SQP SUPPORT] iter=1 support_size=0 support_limit=-1 support_ok=1
[SQP] before_solve iter=2 vars=16 constraints=104 max_d=-2.39416e-05
[QP WORST] iter=2 row=26 type=collision d=-2.39416e-05
[QP WORST COLLISION] scenario=31 k=3 obstacle=0 disc=2
[SQP] after_solve iter=2 converged=1 status=0 iterations=6 primal_residual=3.29597e-16 dual_residual=1.24961e-05 x_size=16 x_finite=1
[SQP LINESEARCH] iter=2 current_violation=0 accepted_violation=0 accepted=1 alpha=1 delta_u_norm=0.158684
[SQP SUPPORT] iter=2 support_size=0 support_limit=-1 support_ok=1
[SQP] before_solve iter=3 vars=16 constraints=104 max_d=-2.49954e-05
[QP WORST] iter=3 row=26 type=collision d=-2.49954e-05
[QP WORST COLLISION] scenario=31 k=3 obstacle=0 disc=2
[SQP] after_solve iter=3 converged=1 status=0 iterations=6 primal_residual=4.17201e-16 dual_residual=1.3588e-05 x_size=16 x_finite=1
[SQP LINESEARCH] iter=3 current_violation=0 accepted_violation=0 accepted=1 alpha=1 delta_u_norm=0.147407
[SQP SUPPORT] iter=3 support_size=0 support_limit=-1 support_ok=1
[SQP] before_solve iter=4 vars=16 constraints=104 max_d=-2.64394e-05
[QP WORST] iter=4 row=26 type=collision d=-2.64394e-05
[QP WORST COLLISION] scenario=31 k=3 obstacle=0 disc=2
[SQP] after_solve iter=4 converged=1 status=0 iterations=6 primal_residual=4.4062e-16 dual_residual=1.68106e-05 x_size=16 x_finite=1
[SQP LINESEARCH] iter=4 current_violation=0 accepted_violation=0 accepted=1 alpha=1 delta_u_norm=0.13802
[SQP SUPPORT] iter=4 support_size=0 support_limit=-1 support_ok=1
[SQP] before_solve iter=5 vars=16 constraints=104 max_d=-3.18651e-05
[QP WORST] iter=5 row=26 type=collision d=-3.18651e-05
[QP WORST COLLISION] scenario=31 k=3 obstacle=0 disc=2
[SQP] after_solve iter=5 converged=1 status=0 iterations=6 primal_residual=4.30211e-16 dual_residual=1.98169e-05 x_size=16 x_finite=1
[SQP LINESEARCH] iter=5 current_violation=0 accepted_violation=0 accepted=1 alpha=1 delta_u_norm=0.129806
[SQP SUPPORT] iter=5 support_size=0 support_limit=-1 support_ok=1
[SQP] before_solve iter=6 vars=16 constraints=104 max_d=-3.73455e-05
[QP WORST] iter=6 row=26 type=collision d=-3.73455e-05
[QP WORST COLLISION] scenario=31 k=3 obstacle=0 disc=2
[SQP] after_solve iter=6 converged=1 status=0 iterations=6 primal_residual=3.85109e-16 dual_residual=2.29741e-05 x_size=16 x_finite=1
[SQP LINESEARCH] iter=6 current_violation=0 accepted_violation=0 accepted=1 alpha=1 delta_u_norm=0.122436
[SQP SUPPORT] iter=6 support_size=0 support_limit=-1 support_ok=1
[SQP] before_solve iter=7 vars=16 constraints=104 max_d=-4.33023e-05
[QP WORST] iter=7 row=26 type=collision d=-4.33023e-05
[QP WORST COLLISION] scenario=31 k=3 obstacle=0 disc=2
[SQP] after_solve iter=7 converged=1 status=0 iterations=6 primal_residual=4.13298e-16 dual_residual=2.6348e-05 x_size=16 x_finite=1
[SQP LINESEARCH] iter=7 current_violation=0 accepted_violation=0 accepted=1 alpha=1 delta_u_norm=0.115674
[SQP SUPPORT] iter=7 support_size=0 support_limit=-1 support_ok=1
[SQP] before_solve iter=8 vars=16 constraints=104 max_d=-4.97038e-05
[QP WORST] iter=8 row=26 type=collision d=-4.97038e-05
[QP WORST COLLISION] scenario=31 k=3 obstacle=0 disc=2
[SQP] after_solve iter=8 converged=1 status=0 iterations=6 primal_residual=4.42354e-16 dual_residual=2.96963e-05 x_size=16 x_finite=1
[SQP LINESEARCH] iter=8 current_violation=0 accepted_violation=0 accepted=1 alpha=1 delta_u_norm=0.109327
[SQP SUPPORT] iter=8 support_size=0 support_limit=-1 support_ok=1
[SQP] before_solve iter=9 vars=16 constraints=104 max_d=-5.59911e-05
[QP WORST] iter=9 row=26 type=collision d=-5.59911e-05
[QP WORST COLLISION] scenario=31 k=3 obstacle=0 disc=2
[SQP] after_solve iter=9 converged=1 status=0 iterations=6 primal_residual=4.43222e-16 dual_residual=3.16211e-05 x_size=16 x_finite=1
[SQP LINESEARCH] iter=9 current_violation=0 accepted_violation=0 accepted=1 alpha=1 delta_u_norm=0.103311
[SQP SUPPORT] iter=9 support_size=0 support_limit=-1 support_ok=1
[SQP FINAL] final_violation=0 violated_constraints=0
[SUPPORT FINAL] sqp_union=0 final_active=4 support_limit=-1
[SUPPORT FINAL IDS] 10 17 26 31
[SUPPORT UNION IDS]
[COLD START RECOVERY CHECK] ordinary_sqp_failed=0 seed_available=1 incompatible=0 try_homotopy=0
[HARNESS RESULT] step=15 success=1 controls=8 first_input_present=1
[MPC STEP METRICS] step=15 applied=1 success=1 fallback=0 a=0.0139193 omega=0.045873 dt=0.1 acceleration_weight=0.1 steering_weight=0.1 control_cost_unweighted=0.00229808 control_cost_weighted=0.000229808 mpc_cost=-16.786 solve_time=0.0392096 qp_solve_time=0.0257247 constraint_time=0.00714034 dro_risk_time=0.000408605 ambiguity_radius=0.00751485 certificate=not_requested
[EVAL SAFETY] step=16 min_center_distance=0.955543 min_clearance=0.00554269 collision_this_step=0 collision_run=0 collision_radius=0.95
[DRO SUMMARY] step=17 obstacle=0 S=40 rho=0.00740115 rho_raw=0.00740115 D_max=0.0256781 D_min=0.0128703 tv_bound=0.575058 eta=0.288228 eta_raw=0.288228 radius_m=17 radius_d=3 transport_cost=0.00740115 budget_usage=1 lambda=1.27223 q_support=2 nominal_risk=0.10206 qstar_risk=0.111946 risk_lift=0.00988602 tv=0.436515
[DRO MODE] step=17 obstacle=0 mode=constant_velocity p=0.297297 risk=0.106218 q=0 delta_q=-0.297297 q_times_S=0
[DRO MODE] step=17 obstacle=0 mode=turn_left p=0.189189 risk=0.124173 q=0.625704 delta_q=0.436515 q_times_S=25.0282
[DRO MODE] step=17 obstacle=0 mode=turn_right p=0.513514 risk=0.0915048 q=0.374296 delta_q=-0.139218 q_times_S=14.9718
[DRO SAMPLE] step=17 obstacle=0 mode=constant_velocity q=0 q_times_S=0 first_count=0 first_fraction=0 occupancy=0 occupancy_fraction=0
[DRO SAMPLE] step=17 obstacle=0 mode=turn_left q=0.625704 q_times_S=25.0282 first_count=24 first_fraction=0.6 occupancy=192 occupancy_fraction=0.6
[DRO SAMPLE] step=17 obstacle=0 mode=turn_right q=0.374296 q_times_S=14.9718 first_count=16 first_fraction=0.4 occupancy=128 occupancy_fraction=0.4
[RF BACKUP] available=1 controls=8 states=9
[FREE POLY] k=1 disc=0 raw=40 facets=3 vertices=6 rho=4.8 anchor_shift=0
[FREE POLY] k=1 disc=1 raw=40 facets=0 vertices=4 rho=0.800001 anchor_shift=0
[FREE POLY] k=1 disc=2 raw=40 facets=5 vertices=8 rho=4.8 anchor_shift=0
[FREE POLY] k=2 disc=0 raw=40 facets=4 vertices=7 rho=5.6 anchor_shift=0
[FREE POLY] k=2 disc=1 raw=40 facets=3 vertices=6 rho=1.6 anchor_shift=0
[FREE POLY] k=2 disc=2 raw=40 facets=5 vertices=8 rho=5.6 anchor_shift=0
[FREE POLY] k=3 disc=0 raw=40 facets=3 vertices=6 rho=6.4 anchor_shift=0
[FREE POLY] k=3 disc=1 raw=40 facets=3 vertices=6 rho=2.4 anchor_shift=0
[FREE POLY] k=3 disc=2 raw=40 facets=5 vertices=8 rho=6.4 anchor_shift=0
[FREE POLY] k=4 disc=0 raw=40 facets=6 vertices=9 rho=7.2 anchor_shift=0
[FREE POLY] k=4 disc=1 raw=40 facets=6 vertices=9 rho=3.2 anchor_shift=0
[FREE POLY] k=4 disc=2 raw=40 facets=7 vertices=10 rho=7.2 anchor_shift=0
[FREE POLY] k=5 disc=0 raw=40 facets=4 vertices=7 rho=8 anchor_shift=0
[FREE POLY] k=5 disc=1 raw=40 facets=4 vertices=7 rho=4 anchor_shift=0
[FREE POLY] k=5 disc=2 raw=40 facets=5 vertices=7 rho=8 anchor_shift=0
[FREE POLY] k=6 disc=0 raw=40 facets=4 vertices=7 rho=8.8 anchor_shift=0
[FREE POLY] k=6 disc=1 raw=40 facets=4 vertices=7 rho=4.8 anchor_shift=0
[FREE POLY] k=6 disc=2 raw=40 facets=4 vertices=7 rho=8.8 anchor_shift=0
[FREE POLY] k=7 disc=0 raw=40 facets=5 vertices=8 rho=9.6 anchor_shift=0
[FREE POLY] k=7 disc=1 raw=40 facets=3 vertices=6 rho=5.6 anchor_shift=0
[FREE POLY] k=7 disc=2 raw=40 facets=5 vertices=8 rho=9.6 anchor_shift=0
[FREE POLY] k=8 disc=0 raw=40 facets=3 vertices=6 rho=10.4 anchor_shift=0
[FREE POLY] k=8 disc=1 raw=40 facets=3 vertices=5 rho=6.4 anchor_shift=0
[FREE POLY] k=8 disc=2 raw=40 facets=5 vertices=8 rho=10.4 anchor_shift=0
[RF SUPPORT SEED] removed=0 support_limit=-1
[SQP] before_solve iter=0 vars=16 constraints=131 max_d=0.0654744
[QP WORST] iter=0 row=92 type=collision d=0.0654744
[QP WORST COLLISION] scenario=31 k=8 obstacle=0 disc=1
[SQP] after_solve iter=0 converged=1 status=0 iterations=6 primal_residual=3.88578e-16 dual_residual=6.49523e-05 x_size=16 x_finite=1
[SQP LINESEARCH] iter=0 current_violation=0.0654744 accepted_violation=0 accepted=1 alpha=1 delta_u_norm=0.686442
[SQP SUPPORT] iter=0 support_size=0 support_limit=-1 support_ok=1
[SQP] before_solve iter=1 vars=16 constraints=131 max_d=-3.11145e-05
[QP WORST] iter=1 row=7 type=collision d=-3.11145e-05
[QP WORST COLLISION] scenario=21 k=1 obstacle=0 disc=2
[SQP] after_solve iter=1 converged=1 status=0 iterations=6 primal_residual=3.61136e-08 dual_residual=2.44734e-05 x_size=16 x_finite=1
[SQP LINESEARCH] iter=1 current_violation=0 accepted_violation=0 accepted=1 alpha=1 delta_u_norm=0.282838
[SQP SUPPORT] iter=1 support_size=0 support_limit=-1 support_ok=1
[SQP] before_solve iter=2 vars=16 constraints=131 max_d=-7.30557e-07
[QP WORST] iter=2 row=7 type=collision d=-7.30557e-07
[QP WORST COLLISION] scenario=21 k=1 obstacle=0 disc=2
[SQP] after_solve iter=2 converged=1 status=0 iterations=6 primal_residual=4.81409e-09 dual_residual=1.14697e-05 x_size=16 x_finite=1
[SQP LINESEARCH] iter=2 current_violation=0 accepted_violation=0 accepted=1 alpha=1 delta_u_norm=0.232962
[SQP SUPPORT] iter=2 support_size=0 support_limit=-1 support_ok=1
[SQP] before_solve iter=3 vars=16 constraints=131 max_d=-2.31509e-07
[QP WORST] iter=3 row=7 type=collision d=-2.31509e-07
[QP WORST COLLISION] scenario=21 k=1 obstacle=0 disc=2
[SQP] after_solve iter=3 converged=1 status=0 iterations=6 primal_residual=3.5609e-08 dual_residual=2.64927e-05 x_size=16 x_finite=1
[SQP LINESEARCH] iter=3 current_violation=0 accepted_violation=0 accepted=1 alpha=1 delta_u_norm=0.182016
[SQP SUPPORT] iter=3 support_size=0 support_limit=-1 support_ok=1
[SQP] before_solve iter=4 vars=16 constraints=131 max_d=-9.41461e-07
[QP WORST] iter=4 row=7 type=collision d=-9.41461e-07
[QP WORST COLLISION] scenario=21 k=1 obstacle=0 disc=2
[SQP] after_solve iter=4 converged=1 status=0 iterations=6 primal_residual=3.88578e-16 dual_residual=1.14578e-05 x_size=16 x_finite=1
[SQP LINESEARCH] iter=4 current_violation=0 accepted_violation=0 accepted=1 alpha=1 delta_u_norm=0.145263
[SQP SUPPORT] iter=4 support_size=0 support_limit=-1 support_ok=1
[SQP] before_solve iter=5 vars=16 constraints=131 max_d=-3.67619e-07
[QP WORST] iter=5 row=7 type=collision d=-3.67619e-07
[QP WORST COLLISION] scenario=21 k=1 obstacle=0 disc=2
[SQP] after_solve iter=5 converged=1 status=0 iterations=5 primal_residual=4.30211e-16 dual_residual=9.91612e-05 x_size=16 x_finite=1
[SQP LINESEARCH] iter=5 current_violation=0 accepted_violation=0 accepted=1 alpha=1 delta_u_norm=0.130328
[SQP SUPPORT] iter=5 support_size=0 support_limit=-1 support_ok=1
[SQP] before_solve iter=6 vars=16 constraints=131 max_d=-2.54344e-05
[QP WORST] iter=6 row=92 type=collision d=-2.54344e-05
[QP WORST COLLISION] scenario=31 k=8 obstacle=0 disc=1
[SQP] after_solve iter=6 converged=1 status=0 iterations=6 primal_residual=3.55618e-16 dual_residual=1.20121e-05 x_size=16 x_finite=1
[SQP LINESEARCH] iter=6 current_violation=0 accepted_violation=0 accepted=1 alpha=1 delta_u_norm=0.120537
[SQP SUPPORT] iter=6 support_size=0 support_limit=-1 support_ok=1
[SQP] before_solve iter=7 vars=16 constraints=131 max_d=-4.26614e-07
[QP WORST] iter=7 row=7 type=collision d=-4.26614e-07
[QP WORST COLLISION] scenario=21 k=1 obstacle=0 disc=2
[SQP] after_solve iter=7 converged=1 status=0 iterations=6 primal_residual=3.33934e-16 dual_residual=1.30156e-05 x_size=16 x_finite=1
[SQP LINESEARCH] iter=7 current_violation=0 accepted_violation=0 accepted=1 alpha=1 delta_u_norm=0.11227
[SQP SUPPORT] iter=7 support_size=0 support_limit=-1 support_ok=1
[SQP] before_solve iter=8 vars=16 constraints=131 max_d=-4.35415e-07
[QP WORST] iter=8 row=7 type=collision d=-4.35415e-07
[QP WORST COLLISION] scenario=21 k=1 obstacle=0 disc=2
[SQP] after_solve iter=8 converged=1 status=0 iterations=6 primal_residual=4.51028e-16 dual_residual=1.44571e-05 x_size=16 x_finite=1
[SQP LINESEARCH] iter=8 current_violation=0 accepted_violation=0 accepted=1 alpha=1 delta_u_norm=0.105496
[SQP SUPPORT] iter=8 support_size=0 support_limit=-1 support_ok=1
[SQP] before_solve iter=9 vars=16 constraints=131 max_d=-4.16579e-07
[QP WORST] iter=9 row=7 type=collision d=-4.16579e-07
[QP WORST COLLISION] scenario=21 k=1 obstacle=0 disc=2
[SQP] after_solve iter=9 converged=1 status=0 iterations=6 primal_residual=9.21799e-10 dual_residual=1.70306e-05 x_size=16 x_finite=1
[SQP LINESEARCH] iter=9 current_violation=0 accepted_violation=0 accepted=1 alpha=1 delta_u_norm=0.0996708
[SQP SUPPORT] iter=9 support_size=0 support_limit=-1 support_ok=1
[SQP FINAL] final_violation=0 violated_constraints=0
[SUPPORT FINAL] sqp_union=0 final_active=4 support_limit=-1
[SUPPORT FINAL IDS] 0 6 21 31
[SUPPORT UNION IDS]
[COLD START RECOVERY CHECK] ordinary_sqp_failed=0 seed_available=1 incompatible=0 try_homotopy=0
[HARNESS RESULT] step=16 success=1 controls=8 first_input_present=1
[MPC STEP METRICS] step=16 applied=1 success=1 fallback=0 a=-0.733185 omega=-0.129805 dt=0.1 acceleration_weight=0.1 steering_weight=0.1 control_cost_unweighted=0.554409 control_cost_weighted=0.0554409 mpc_cost=-16.7429 solve_time=0.0413729 qp_solve_time=0.0273928 constraint_time=0.00766563 dro_risk_time=0.000409557 ambiguity_radius=0.00740115 certificate=not_requested
[EVAL SAFETY] step=17 min_center_distance=0.953368 min_clearance=0.00336754 collision_this_step=0 collision_run=0 collision_radius=0.95
[DRO SUMMARY] step=18 obstacle=0 S=40 rho=0.00720229 rho_raw=0.00720229 D_max=0.0256781 D_min=0.0128703 tv_bound=0.559607 eta=0.280484 eta_raw=0.280484 radius_m=18 radius_d=3 transport_cost=0.00720229 budget_usage=1 lambda=1.5433 q_support=2 nominal_risk=0.132296 qstar_risk=0.143808 risk_lift=0.0115128 tv=0.421167
[DRO MODE] step=18 obstacle=0 mode=constant_velocity p=0.282051 risk=0.138362 q=0 delta_q=-0.282051 q_times_S=0
[DRO MODE] step=18 obstacle=0 mode=turn_left p=0.179487 risk=0.159634 q=0.600654 delta_q=0.421167 q_times_S=24.0261
[DRO MODE] step=18 obstacle=0 mode=turn_right p=0.538462 risk=0.120005 q=0.399346 delta_q=-0.139115 q_times_S=15.9739
[DRO SAMPLE] step=18 obstacle=0 mode=constant_velocity q=0 q_times_S=0 first_count=0 first_fraction=0 occupancy=0 occupancy_fraction=0
[DRO SAMPLE] step=18 obstacle=0 mode=turn_left q=0.600654 q_times_S=24.0261 first_count=27 first_fraction=0.675 occupancy=216 occupancy_fraction=0.675
[DRO SAMPLE] step=18 obstacle=0 mode=turn_right q=0.399346 q_times_S=15.9739 first_count=13 first_fraction=0.325 occupancy=104 occupancy_fraction=0.325
[RF BACKUP] available=1 controls=8 states=9
[FREE POLY] k=1 disc=0 raw=40 facets=3 vertices=6 rho=4.8 anchor_shift=0
[FREE POLY] k=1 disc=1 raw=40 facets=1 vertices=5 rho=0.800001 anchor_shift=0
[FREE POLY] k=1 disc=2 raw=40 facets=5 vertices=8 rho=4.8 anchor_shift=0
[FREE POLY] k=2 disc=0 raw=40 facets=3 vertices=6 rho=5.6 anchor_shift=0
[FREE POLY] k=2 disc=1 raw=40 facets=2 vertices=5 rho=1.6 anchor_shift=0
[FREE POLY] k=2 disc=2 raw=40 facets=4 vertices=7 rho=5.6 anchor_shift=0
[FREE POLY] k=3 disc=0 raw=40 facets=3 vertices=6 rho=6.4 anchor_shift=0
[FREE POLY] k=3 disc=1 raw=40 facets=3 vertices=6 rho=2.4 anchor_shift=0
[FREE POLY] k=3 disc=2 raw=40 facets=3 vertices=6 rho=6.4 anchor_shift=0
[FREE POLY] k=4 disc=0 raw=40 facets=5 vertices=8 rho=7.2 anchor_shift=0
[FREE POLY] k=4 disc=1 raw=40 facets=5 vertices=8 rho=3.2 anchor_shift=0
[FREE POLY] k=4 disc=2 raw=40 facets=5 vertices=8 rho=7.2 anchor_shift=0
[FREE POLY] k=5 disc=0 raw=40 facets=5 vertices=8 rho=8 anchor_shift=0
[FREE POLY] k=5 disc=1 raw=40 facets=4 vertices=7 rho=4 anchor_shift=0
[FREE POLY] k=5 disc=2 raw=40 facets=4 vertices=7 rho=8 anchor_shift=0
[FREE POLY] k=6 disc=0 raw=40 facets=5 vertices=8 rho=8.8 anchor_shift=0
[FREE POLY] k=6 disc=1 raw=40 facets=5 vertices=8 rho=4.8 anchor_shift=0
[FREE POLY] k=6 disc=2 raw=40 facets=4 vertices=7 rho=8.8 anchor_shift=0
[FREE POLY] k=7 disc=0 raw=40 facets=7 vertices=10 rho=9.6 anchor_shift=0
[FREE POLY] k=7 disc=1 raw=40 facets=7 vertices=9 rho=5.6 anchor_shift=0
[FREE POLY] k=7 disc=2 raw=40 facets=5 vertices=8 rho=9.6 anchor_shift=0
[FREE POLY] k=8 disc=0 raw=40 facets=5 vertices=8 rho=10.4 anchor_shift=0
[FREE POLY] k=8 disc=1 raw=40 facets=5 vertices=7 rho=6.4 anchor_shift=0
[FREE POLY] k=8 disc=2 raw=40 facets=5 vertices=8 rho=10.4 anchor_shift=0
[RF SUPPORT SEED] removed=0 support_limit=-1
[SQP] before_solve iter=0 vars=16 constraints=135 max_d=0.0915524
[QP WORST] iter=0 row=94 type=collision d=0.0915524
[QP WORST COLLISION] scenario=12 k=8 obstacle=0 disc=1
[SQP] after_solve iter=0 converged=1 status=0 iterations=5 primal_residual=5.71804e-09 dual_residual=4.09557e-05 x_size=16 x_finite=1
[SQP LINESEARCH] iter=0 current_violation=0.0915524 accepted_violation=0 accepted=1 alpha=1 delta_u_norm=0.646635
[SQP SUPPORT] iter=0 support_size=0 support_limit=-1 support_ok=1
[SQP] before_solve iter=1 vars=16 constraints=135 max_d=-0.00180404
[QP WORST] iter=1 row=5 type=collision d=-0.00180404
[QP WORST COLLISION] scenario=7 k=1 obstacle=0 disc=2
[SQP] after_solve iter=1 converged=1 status=0 iterations=6 primal_residual=1.63653e-10 dual_residual=1.10592e-05 x_size=16 x_finite=1
[SQP LINESEARCH] iter=1 current_violation=0 accepted_violation=0 accepted=1 alpha=0.5 delta_u_norm=0.254444
[SQP SUPPORT] iter=1 support_size=0 support_limit=-1 support_ok=1
[SQP] before_solve iter=2 vars=16 constraints=135 max_d=-0.000918603
[QP WORST] iter=2 row=5 type=collision d=-0.000918603
[QP WORST COLLISION] scenario=7 k=1 obstacle=0 disc=2
[SQP] after_solve iter=2 converged=1 status=0 iterations=6 primal_residual=4.05925e-16 dual_residual=5.2915e-06 x_size=16 x_finite=1
[SQP LINESEARCH] iter=2 current_violation=0 accepted_violation=0 accepted=1 alpha=1 delta_u_norm=0.219518
[SQP SUPPORT] iter=2 support_size=0 support_limit=-1 support_ok=1
[SQP] before_solve iter=3 vars=16 constraints=135 max_d=-2.90707e-05
[QP WORST] iter=3 row=94 type=collision d=-2.90707e-05
[QP WORST COLLISION] scenario=12 k=8 obstacle=0 disc=1
[SQP] after_solve iter=3 converged=1 status=0 iterations=5 primal_residual=4.57967e-16 dual_residual=7.85281e-05 x_size=16 x_finite=1
[SQP LINESEARCH] iter=3 current_violation=0 accepted_violation=0 accepted=1 alpha=1 delta_u_norm=0.1828
[SQP SUPPORT] iter=3 support_size=0 support_limit=-1 support_ok=1
[SQP] before_solve iter=4 vars=16 constraints=135 max_d=-5.84115e-06
[QP WORST] iter=4 row=5 type=collision d=-5.84115e-06
[QP WORST COLLISION] scenario=7 k=1 obstacle=0 disc=2
[SQP] after_solve iter=4 converged=1 status=0 iterations=5 primal_residual=3.81639e-16 dual_residual=7.99077e-05 x_size=16 x_finite=1
[SQP LINESEARCH] iter=4 current_violation=0 accepted_violation=0 accepted=1 alpha=1 delta_u_norm=0.162395
[SQP SUPPORT] iter=4 support_size=0 support_limit=-1 support_ok=1
[SQP] before_solve iter=5 vars=16 constraints=135 max_d=-5.6046e-06
[QP WORST] iter=5 row=5 type=collision d=-5.6046e-06
[QP WORST COLLISION] scenario=7 k=1 obstacle=0 disc=2
[SQP] after_solve iter=5 converged=1 status=0 iterations=5 primal_residual=4.7011e-16 dual_residual=8.05882e-05 x_size=16 x_finite=1
[SQP LINESEARCH] iter=5 current_violation=0 accepted_violation=0 accepted=1 alpha=1 delta_u_norm=0.147004
[SQP SUPPORT] iter=5 support_size=0 support_limit=-1 support_ok=1
[SQP] before_solve iter=6 vars=16 constraints=135 max_d=-5.36719e-06
[QP WORST] iter=6 row=5 type=collision d=-5.36719e-06
[QP WORST COLLISION] scenario=7 k=1 obstacle=0 disc=2
[SQP] after_solve iter=6 converged=1 status=0 iterations=5 primal_residual=4.61436e-16 dual_residual=8.14418e-05 x_size=16 x_finite=1
[SQP LINESEARCH] iter=6 current_violation=0 accepted_violation=0 accepted=1 alpha=1 delta_u_norm=0.134286
[SQP SUPPORT] iter=6 support_size=0 support_limit=-1 support_ok=1
[SQP] before_solve iter=7 vars=16 constraints=135 max_d=-5.14783e-06
[QP WORST] iter=7 row=5 type=collision d=-5.14783e-06
[QP WORST COLLISION] scenario=7 k=1 obstacle=0 disc=2
[SQP] after_solve iter=7 converged=1 status=0 iterations=5 primal_residual=5.1131e-16 dual_residual=8.50515e-05 x_size=16 x_finite=1
[SQP LINESEARCH] iter=7 current_violation=0 accepted_violation=0 accepted=1 alpha=1 delta_u_norm=0.122256
[SQP SUPPORT] iter=7 support_size=0 support_limit=-1 support_ok=1
[SQP] before_solve iter=8 vars=16 constraints=135 max_d=-5.14886e-06
[QP WORST] iter=8 row=5 type=collision d=-5.14886e-06
[QP WORST COLLISION] scenario=7 k=1 obstacle=0 disc=2
[SQP] after_solve iter=8 converged=1 status=0 iterations=5 primal_residual=4.09395e-16 dual_residual=9.0435e-05 x_size=16 x_finite=1
[SQP LINESEARCH] iter=8 current_violation=0 accepted_violation=0 accepted=1 alpha=1 delta_u_norm=0.110856
[SQP SUPPORT] iter=8 support_size=0 support_limit=-1 support_ok=1
[SQP] before_solve iter=9 vars=16 constraints=135 max_d=-4.36708e-06
[QP WORST] iter=9 row=94 type=collision d=-4.36708e-06
[QP WORST COLLISION] scenario=12 k=8 obstacle=0 disc=1
[SQP] after_solve iter=9 converged=1 status=0 iterations=5 primal_residual=3.57353e-16 dual_residual=9.46499e-05 x_size=16 x_finite=1
[SQP LINESEARCH] iter=9 current_violation=0 accepted_violation=0 accepted=1 alpha=1 delta_u_norm=0.100028
[SQP SUPPORT] iter=9 support_size=0 support_limit=-1 support_ok=1
[SQP FINAL] final_violation=0 violated_constraints=0
[SUPPORT FINAL] sqp_union=0 final_active=4 support_limit=-1
[SUPPORT FINAL IDS] 7 8 12 19
[SUPPORT UNION IDS]
[COLD START RECOVERY CHECK] ordinary_sqp_failed=0 seed_available=1 incompatible=0 try_homotopy=0
[HARNESS RESULT] step=17 success=1 controls=8 first_input_present=1
[MPC STEP METRICS] step=17 applied=1 success=1 fallback=0 a=-0.77615 omega=-0.2535 dt=0.1 acceleration_weight=0.1 steering_weight=0.1 control_cost_unweighted=0.666672 control_cost_weighted=0.0666672 mpc_cost=-16.2698 solve_time=0.0423114 qp_solve_time=0.028232 constraint_time=0.00774336 dro_risk_time=0.000409857 ambiguity_radius=0.00720229 certificate=not_requested
[EVAL SAFETY] step=18 min_center_distance=0.956402 min_clearance=0.00640199 collision_this_step=0 collision_run=0 collision_radius=0.95
[DRO SUMMARY] step=19 obstacle=0 S=40 rho=0.00700414 rho_raw=0.00700414 D_max=0.0256781 D_min=0.0128703 tv_bound=0.544211 eta=0.272767 eta_raw=0.272767 radius_m=19 radius_d=3 transport_cost=0.00700414 budget_usage=1 lambda=1.76662 q_support=2 nominal_risk=0.0934003 qstar_risk=0.106106 risk_lift=0.0127056 tv=0.406587
[DRO MODE] step=19 obstacle=0 mode=constant_velocity p=0.268293 risk=0.101306 q=0 delta_q=-0.268293 q_times_S=0
[DRO MODE] step=19 obstacle=0 mode=turn_left p=0.170732 risk=0.12528 q=0.577319 delta_q=0.406587 q_times_S=23.0928
[DRO MODE] step=19 obstacle=0 mode=turn_right p=0.560976 risk=0.0799168 q=0.422681 delta_q=-0.138294 q_times_S=16.9072
[DRO SAMPLE] step=19 obstacle=0 mode=constant_velocity q=0 q_times_S=0 first_count=0 first_fraction=0 occupancy=0 occupancy_fraction=0
[DRO SAMPLE] step=19 obstacle=0 mode=turn_left q=0.577319 q_times_S=23.0928 first_count=21 first_fraction=0.525 occupancy=168 occupancy_fraction=0.525
[DRO SAMPLE] step=19 obstacle=0 mode=turn_right q=0.422681 q_times_S=16.9072 first_count=19 first_fraction=0.475 occupancy=152 occupancy_fraction=0.475
[RF BACKUP] available=1 controls=8 states=9
[FREE POLY] k=1 disc=0 raw=40 facets=4 vertices=7 rho=4.8 anchor_shift=0
[FREE POLY] k=1 disc=1 raw=40 facets=1 vertices=5 rho=0.800001 anchor_shift=0
[FREE POLY] k=1 disc=2 raw=40 facets=5 vertices=8 rho=4.8 anchor_shift=0
[FREE POLY] k=2 disc=0 raw=40 facets=5 vertices=8 rho=5.6 anchor_shift=0
[FREE POLY] k=2 disc=1 raw=40 facets=5 vertices=8 rho=1.6 anchor_shift=0
[FREE POLY] k=2 disc=2 raw=40 facets=5 vertices=8 rho=5.6 anchor_shift=0
[FREE POLY] k=3 disc=0 raw=40 facets=3 vertices=6 rho=6.4 anchor_shift=0
[FREE POLY] k=3 disc=1 raw=40 facets=3 vertices=6 rho=2.4 anchor_shift=0
[FREE POLY] k=3 disc=2 raw=40 facets=4 vertices=7 rho=6.4 anchor_shift=0
[FREE POLY] k=4 disc=0 raw=40 facets=3 vertices=6 rho=7.2 anchor_shift=0
[FREE POLY] k=4 disc=1 raw=40 facets=4 vertices=7 rho=3.2 anchor_shift=0
[FREE POLY] k=4 disc=2 raw=40 facets=5 vertices=8 rho=7.2 anchor_shift=0
[FREE POLY] k=5 disc=0 raw=40 facets=4 vertices=7 rho=8 anchor_shift=0
[FREE POLY] k=5 disc=1 raw=40 facets=4 vertices=7 rho=4 anchor_shift=0
[FREE POLY] k=5 disc=2 raw=40 facets=5 vertices=8 rho=8 anchor_shift=0
[FREE POLY] k=6 disc=0 raw=40 facets=5 vertices=8 rho=8.8 anchor_shift=0
[FREE POLY] k=6 disc=1 raw=40 facets=5 vertices=7 rho=4.8 anchor_shift=0
[FREE POLY] k=6 disc=2 raw=40 facets=4 vertices=7 rho=8.8 anchor_shift=0
[FREE POLY] k=7 disc=0 raw=40 facets=4 vertices=7 rho=9.6 anchor_shift=0
[FREE POLY] k=7 disc=1 raw=40 facets=5 vertices=8 rho=5.6 anchor_shift=0
[FREE POLY] k=7 disc=2 raw=40 facets=4 vertices=7 rho=9.6 anchor_shift=0
[FREE POLY] k=8 disc=0 raw=40 facets=4 vertices=7 rho=10.4 anchor_shift=0
[FREE POLY] k=8 disc=1 raw=40 facets=5 vertices=8 rho=6.4 anchor_shift=0
[FREE POLY] k=8 disc=2 raw=40 facets=5 vertices=8 rho=10.4 anchor_shift=0
[RF SUPPORT SEED] removed=0 support_limit=-1
[SQP] before_solve iter=0 vars=16 constraints=133 max_d=0.107646
[QP WORST] iter=0 row=94 type=collision d=0.107646
[QP WORST COLLISION] scenario=26 k=8 obstacle=0 disc=1
[SQP] after_solve iter=0 converged=1 status=0 iterations=5 primal_residual=4.16334e-16 dual_residual=7.69339e-05 x_size=16 x_finite=1
[SQP LINESEARCH] iter=0 current_violation=0.107646 accepted_violation=0 accepted=1 alpha=1 delta_u_norm=0.62106
[SQP SUPPORT] iter=0 support_size=0 support_limit=-1 support_ok=1
[SQP] before_solve iter=1 vars=16 constraints=133 max_d=-0.00382622
[QP WORST] iter=1 row=94 type=collision d=-0.00382622
[QP WORST COLLISION] scenario=26 k=8 obstacle=0 disc=1
[SQP] after_solve iter=1 converged=1 status=0 iterations=4 primal_residual=1.61424e-08 dual_residual=8.47188e-05 x_size=16 x_finite=1
[SQP LINESEARCH] iter=1 current_violation=0 accepted_violation=0 accepted=1 alpha=1 delta_u_norm=0.231723
[SQP SUPPORT] iter=1 support_size=0 support_limit=-1 support_ok=1
[SQP] before_solve iter=2 vars=16 constraints=133 max_d=-2.06486e-05
[QP WORST] iter=2 row=94 type=collision d=-2.06486e-05
[QP WORST COLLISION] scenario=26 k=8 obstacle=0 disc=1
[SQP] after_solve iter=2 converged=1 status=0 iterations=5 primal_residual=1.38472e-10 dual_residual=1.10843e-05 x_size=16 x_finite=1
[SQP LINESEARCH] iter=2 current_violation=0 accepted_violation=0 accepted=1 alpha=1 delta_u_norm=0.219103
[SQP SUPPORT] iter=2 support_size=0 support_limit=-1 support_ok=1
[SQP] before_solve iter=3 vars=16 constraints=133 max_d=-2.16573e-05
[QP WORST] iter=3 row=94 type=collision d=-2.16573e-05
[QP WORST COLLISION] scenario=26 k=8 obstacle=0 disc=1
[SQP] after_solve iter=3 converged=1 status=0 iterations=5 primal_residual=4.3715e-16 dual_residual=1.48686e-05 x_size=16 x_finite=1
[SQP LINESEARCH] iter=3 current_violation=0 accepted_violation=0 accepted=1 alpha=1 delta_u_norm=0.196274
[SQP SUPPORT] iter=3 support_size=0 support_limit=-1 support_ok=1
[SQP] before_solve iter=4 vars=16 constraints=133 max_d=-1.15298e-05
[QP WORST] iter=4 row=94 type=collision d=-1.15298e-05
[QP WORST COLLISION] scenario=26 k=8 obstacle=0 disc=1
[SQP] after_solve iter=4 converged=1 status=0 iterations=6 primal_residual=3.94595e-16 dual_residual=2.03462e-06 x_size=16 x_finite=1
[SQP LINESEARCH] iter=4 current_violation=0 accepted_violation=0 accepted=1 alpha=1 delta_u_norm=0.177096
[SQP SUPPORT] iter=4 support_size=0 support_limit=-1 support_ok=1
[SQP] before_solve iter=5 vars=16 constraints=133 max_d=-6.70344e-06
[QP WORST] iter=5 row=94 type=collision d=-6.70344e-06
[QP WORST COLLISION] scenario=26 k=8 obstacle=0 disc=1
[SQP] after_solve iter=5 converged=1 status=0 iterations=6 primal_residual=4.21538e-16 dual_residual=2.97981e-06 x_size=16 x_finite=1
[SQP LINESEARCH] iter=5 current_violation=0 accepted_violation=0 accepted=1 alpha=1 delta_u_norm=0.167304
[SQP SUPPORT] iter=5 support_size=0 support_limit=-1 support_ok=1
[SQP] before_solve iter=6 vars=16 constraints=133 max_d=-5.39277e-06
[QP WORST] iter=6 row=94 type=collision d=-5.39277e-06
[QP WORST COLLISION] scenario=26 k=8 obstacle=0 disc=1
[SQP] after_solve iter=6 converged=1 status=0 iterations=6 primal_residual=4.2891e-16 dual_residual=3.41333e-06 x_size=16 x_finite=1
[SQP LINESEARCH] iter=6 current_violation=0 accepted_violation=0 accepted=1 alpha=1 delta_u_norm=0.112533
[SQP SUPPORT] iter=6 support_size=0 support_limit=-1 support_ok=1
[SQP] before_solve iter=7 vars=16 constraints=133 max_d=-3.74604e-06
[QP WORST] iter=7 row=94 type=collision d=-3.74604e-06
[QP WORST COLLISION] scenario=26 k=8 obstacle=0 disc=1
[SQP] after_solve iter=7 converged=1 status=0 iterations=6 primal_residual=2.82977e-16 dual_residual=3.34891e-06 x_size=16 x_finite=1
[SQP LINESEARCH] iter=7 current_violation=0 accepted_violation=0 accepted=1 alpha=1 delta_u_norm=0.0979519
[SQP SUPPORT] iter=7 support_size=0 support_limit=-1 support_ok=1
[SQP] before_solve iter=8 vars=16 constraints=133 max_d=-2.5526e-06
[QP WORST] iter=8 row=94 type=collision d=-2.5526e-06
[QP WORST COLLISION] scenario=26 k=8 obstacle=0 disc=1
[SQP] after_solve iter=8 converged=1 status=0 iterations=6 primal_residual=4.4062e-16 dual_residual=3.02845e-06 x_size=16 x_finite=1
[SQP LINESEARCH] iter=8 current_violation=0 accepted_violation=0 accepted=1 alpha=1 delta_u_norm=0.0900941
[SQP SUPPORT] iter=8 support_size=0 support_limit=-1 support_ok=1
[SQP] before_solve iter=9 vars=16 constraints=133 max_d=-1.72482e-06
[QP WORST] iter=9 row=94 type=collision d=-1.72482e-06
[QP WORST COLLISION] scenario=26 k=8 obstacle=0 disc=1
[SQP] after_solve iter=9 converged=1 status=0 iterations=6 primal_residual=1.3912e-12 dual_residual=2.66869e-06 x_size=16 x_finite=1
[SQP LINESEARCH] iter=9 current_violation=0 accepted_violation=0 accepted=1 alpha=1 delta_u_norm=0.0837422
[SQP SUPPORT] iter=9 support_size=0 support_limit=-1 support_ok=1
[SQP FINAL] final_violation=0 violated_constraints=0
[SUPPORT FINAL] sqp_union=0 final_active=2 support_limit=-1
[SUPPORT FINAL IDS] 17 26
[SUPPORT UNION IDS]
[COLD START RECOVERY CHECK] ordinary_sqp_failed=0 seed_available=1 incompatible=0 try_homotopy=0
[HARNESS RESULT] step=18 success=1 controls=8 first_input_present=1
[MPC STEP METRICS] step=18 applied=1 success=1 fallback=0 a=-0.245291 omega=-0.399005 dt=0.1 acceleration_weight=0.1 steering_weight=0.1 control_cost_unweighted=0.219372 control_cost_weighted=0.0219372 mpc_cost=-15.4479 solve_time=0.0412202 qp_solve_time=0.0272089 constraint_time=0.00773967 dro_risk_time=0.000412973 ambiguity_radius=0.00700414 certificate=not_requested
[EVAL SAFETY] step=19 min_center_distance=0.958201 min_clearance=0.00820129 collision_this_step=0 collision_run=0 collision_radius=0.95
[DRO SUMMARY] step=20 obstacle=0 S=40 rho=0.00680939 rho_raw=0.00680939 D_max=0.0256781 D_min=0.0128703 tv_bound=0.529079 eta=0.265183 eta_raw=0.265183 radius_m=20 radius_d=3 transport_cost=0.00680939 budget_usage=1 lambda=1.04196 q_support=2 nominal_risk=0.00436062 qstar_risk=0.0148645 risk_lift=0.0105039 tv=0.392779
[DRO MODE] step=20 obstacle=0 mode=constant_velocity p=0.255814 risk=1.98671e-05 q=0 delta_q=-0.255814 q_times_S=0
[DRO MODE] step=20 obstacle=0 mode=turn_left p=0.162791 risk=0.0267555 q=0.555569 delta_q=0.392779 q_times_S=22.2228
[DRO MODE] step=20 obstacle=0 mode=turn_right p=0.581395 risk=0 q=0.444431 delta_q=-0.136965 q_times_S=17.7772
[DRO SAMPLE] step=20 obstacle=0 mode=constant_velocity q=0 q_times_S=0 first_count=0 first_fraction=0 occupancy=0 occupancy_fraction=0
[DRO SAMPLE] step=20 obstacle=0 mode=turn_left q=0.555569 q_times_S=22.2228 first_count=19 first_fraction=0.475 occupancy=152 occupancy_fraction=0.475
[DRO SAMPLE] step=20 obstacle=0 mode=turn_right q=0.444431 q_times_S=17.7772 first_count=21 first_fraction=0.525 occupancy=168 occupancy_fraction=0.525
[RF BACKUP] available=1 controls=8 states=9
[FREE POLY] k=1 disc=0 raw=40 facets=2 vertices=5 rho=4.8 anchor_shift=0
[FREE POLY] k=1 disc=1 raw=40 facets=2 vertices=6 rho=0.800001 anchor_shift=0
[FREE POLY] k=1 disc=2 raw=40 facets=4 vertices=7 rho=4.8 anchor_shift=0
[FREE POLY] k=2 disc=0 raw=40 facets=2 vertices=5 rho=5.6 anchor_shift=0
[FREE POLY] k=2 disc=1 raw=40 facets=3 vertices=6 rho=1.6 anchor_shift=0
[FREE POLY] k=2 disc=2 raw=40 facets=5 vertices=8 rho=5.6 anchor_shift=0
[FREE POLY] k=3 disc=0 raw=40 facets=2 vertices=5 rho=6.4 anchor_shift=0
[FREE POLY] k=3 disc=1 raw=40 facets=4 vertices=7 rho=2.4 anchor_shift=0
[FREE POLY] k=3 disc=2 raw=40 facets=6 vertices=9 rho=6.4 anchor_shift=0
[FREE POLY] k=4 disc=0 raw=40 facets=5 vertices=8 rho=7.2 anchor_shift=0
[FREE POLY] k=4 disc=1 raw=40 facets=6 vertices=9 rho=3.2 anchor_shift=0
[FREE POLY] k=4 disc=2 raw=40 facets=5 vertices=8 rho=7.2 anchor_shift=0
[FREE POLY] k=5 disc=0 raw=40 facets=5 vertices=8 rho=8 anchor_shift=0
[FREE POLY] k=5 disc=1 raw=40 facets=6 vertices=9 rho=4 anchor_shift=0
[FREE POLY] k=5 disc=2 raw=40 facets=5 vertices=8 rho=8 anchor_shift=0
[FREE POLY] k=6 disc=0 raw=40 facets=5 vertices=8 rho=8.8 anchor_shift=0
[FREE POLY] k=6 disc=1 raw=40 facets=6 vertices=9 rho=4.8 anchor_shift=0
[FREE POLY] k=6 disc=2 raw=40 facets=5 vertices=8 rho=8.8 anchor_shift=0
[FREE POLY] k=7 disc=0 raw=40 facets=5 vertices=8 rho=9.6 anchor_shift=0
[FREE POLY] k=7 disc=1 raw=40 facets=6 vertices=9 rho=5.6 anchor_shift=0
[FREE POLY] k=7 disc=2 raw=40 facets=6 vertices=10 rho=9.6 anchor_shift=0
[FREE POLY] k=8 disc=0 raw=40 facets=5 vertices=8 rho=10.4 anchor_shift=0
[FREE POLY] k=8 disc=1 raw=40 facets=5 vertices=8 rho=6.4 anchor_shift=0
[FREE POLY] k=8 disc=2 raw=40 facets=7 vertices=11 rho=10.4 anchor_shift=0
[RF SUPPORT SEED] removed=0 support_limit=-1
[SQP] before_solve iter=0 vars=16 constraints=144 max_d=-0.0465523
[QP WORST] iter=0 row=7 type=collision d=-0.0465523
[QP WORST COLLISION] scenario=31 k=1 obstacle=0 disc=2
[SQP] after_solve iter=0 converged=1 status=0 iterations=5 primal_residual=1.89778e-08 dual_residual=6.93042e-05 x_size=16 x_finite=1
[SQP LINESEARCH] iter=0 current_violation=0 accepted_violation=0 accepted=1 alpha=0.5 delta_u_norm=0.585358
[SQP SUPPORT] iter=0 support_size=0 support_limit=-1 support_ok=1
[SQP] before_solve iter=1 vars=16 constraints=144 max_d=-0.0244006
[QP WORST] iter=1 row=7 type=collision d=-0.0244006
[QP WORST COLLISION] scenario=31 k=1 obstacle=0 disc=2
[SQP] after_solve iter=1 converged=1 status=0 iterations=5 primal_residual=4.30211e-16 dual_residual=7.89739e-05 x_size=16 x_finite=1
[SQP LINESEARCH] iter=1 current_violation=0 accepted_violation=0 accepted=1 alpha=0.5 delta_u_norm=0.409279
[SQP SUPPORT] iter=1 support_size=0 support_limit=-1 support_ok=1
[SQP] before_solve iter=2 vars=16 constraints=144 max_d=-0.0123837
[QP WORST] iter=2 row=7 type=collision d=-0.0123837
[QP WORST COLLISION] scenario=31 k=1 obstacle=0 disc=2
[SQP] after_solve iter=2 converged=1 status=0 iterations=5 primal_residual=4.51028e-16 dual_residual=6.93177e-05 x_size=16 x_finite=1
[SQP LINESEARCH] iter=2 current_violation=0 accepted_violation=0 accepted=1 alpha=0.5 delta_u_norm=0.326899
[SQP SUPPORT] iter=2 support_size=0 support_limit=-1 support_ok=1
[SQP] before_solve iter=3 vars=16 constraints=144 max_d=-0.00618467
[QP WORST] iter=3 row=7 type=collision d=-0.00618467
[QP WORST COLLISION] scenario=31 k=1 obstacle=0 disc=2
[SQP] after_solve iter=3 converged=1 status=0 iterations=5 primal_residual=3.95517e-16 dual_residual=6.57367e-05 x_size=16 x_finite=1
[SQP LINESEARCH] iter=3 current_violation=0 accepted_violation=0 accepted=1 alpha=0.5 delta_u_norm=0.280265
[SQP SUPPORT] iter=3 support_size=0 support_limit=-1 support_ok=1
[SQP] before_solve iter=4 vars=16 constraints=144 max_d=-0.00338364
[QP WORST] iter=4 row=7 type=collision d=-0.00338364
[QP WORST COLLISION] scenario=31 k=1 obstacle=0 disc=2
[SQP] after_solve iter=4 converged=1 status=0 iterations=5 primal_residual=3.69496e-16 dual_residual=7.59144e-05 x_size=16 x_finite=1
[SQP LINESEARCH] iter=4 current_violation=0 accepted_violation=0 accepted=1 alpha=1 delta_u_norm=0.249576
[SQP SUPPORT] iter=4 support_size=0 support_limit=-1 support_ok=1
[SQP] before_solve iter=5 vars=16 constraints=144 max_d=-3.3311e-06
[QP WORST] iter=5 row=102 type=collision d=-3.3311e-06
[QP WORST COLLISION] scenario=17 k=8 obstacle=0 disc=1
[SQP] after_solve iter=5 converged=1 status=0 iterations=5 primal_residual=3.747e-16 dual_residual=9.46992e-05 x_size=16 x_finite=1
[SQP LINESEARCH] iter=5 current_violation=0 accepted_violation=0 accepted=1 alpha=1 delta_u_norm=0.208097
[SQP SUPPORT] iter=5 support_size=0 support_limit=-1 support_ok=1
[SQP] before_solve iter=6 vars=16 constraints=144 max_d=-1.6798e-05
[QP WORST] iter=6 row=102 type=collision d=-1.6798e-05
[QP WORST COLLISION] scenario=17 k=8 obstacle=0 disc=1
[SQP] after_solve iter=6 converged=1 status=0 iterations=6 primal_residual=4.63171e-16 dual_residual=1.9278e-05 x_size=16 x_finite=1
[SQP LINESEARCH] iter=6 current_violation=0 accepted_violation=0 accepted=1 alpha=1 delta_u_norm=0.188611
[SQP SUPPORT] iter=6 support_size=0 support_limit=-1 support_ok=1
[SQP] before_solve iter=7 vars=16 constraints=144 max_d=-2.3435e-06
[QP WORST] iter=7 row=7 type=collision d=-2.3435e-06
[QP WORST COLLISION] scenario=31 k=1 obstacle=0 disc=2
[SQP] after_solve iter=7 converged=1 status=0 iterations=6 primal_residual=3.88578e-16 dual_residual=2.24152e-05 x_size=16 x_finite=1
[SQP LINESEARCH] iter=7 current_violation=0 accepted_violation=0 accepted=1 alpha=1 delta_u_norm=0.172542
[SQP SUPPORT] iter=7 support_size=0 support_limit=-1 support_ok=1
[SQP] before_solve iter=8 vars=16 constraints=144 max_d=-4.33336e-06
[QP WORST] iter=8 row=7 type=collision d=-4.33336e-06
[QP WORST COLLISION] scenario=31 k=1 obstacle=0 disc=2
[SQP] after_solve iter=8 converged=1 status=0 iterations=6 primal_residual=4.35416e-16 dual_residual=2.14407e-05 x_size=16 x_finite=1
[SQP LINESEARCH] iter=8 current_violation=0 accepted_violation=0 accepted=1 alpha=1 delta_u_norm=0.162102
[SQP SUPPORT] iter=8 support_size=0 support_limit=-1 support_ok=1
[SQP] before_solve iter=9 vars=16 constraints=144 max_d=-3.7467e-06
[QP WORST] iter=9 row=7 type=collision d=-3.7467e-06
[QP WORST COLLISION] scenario=31 k=1 obstacle=0 disc=2
[SQP] after_solve iter=9 converged=1 status=0 iterations=6 primal_residual=4.09395e-16 dual_residual=2.07114e-05 x_size=16 x_finite=1
[SQP LINESEARCH] iter=9 current_violation=0 accepted_violation=0 accepted=1 alpha=1 delta_u_norm=0.153071
[SQP SUPPORT] iter=9 support_size=0 support_limit=-1 support_ok=1
[SQP FINAL] final_violation=0 violated_constraints=0
[SUPPORT FINAL] sqp_union=0 final_active=3 support_limit=-1
[SUPPORT FINAL IDS] 0 17 31
[SUPPORT UNION IDS]
[COLD START RECOVERY CHECK] ordinary_sqp_failed=0 seed_available=1 incompatible=0 try_homotopy=0
[HARNESS RESULT] step=19 success=1 controls=8 first_input_present=1
[MPC STEP METRICS] step=19 applied=1 success=1 fallback=0 a=0.521002 omega=-0.576486 dt=0.1 acceleration_weight=0.1 steering_weight=0.1 control_cost_unweighted=0.603779 control_cost_weighted=0.0603779 mpc_cost=-15.846 solve_time=0.0448248 qp_solve_time=0.0303872 constraint_time=0.00815387 dro_risk_time=0.00040572 ambiguity_radius=0.00680939 certificate=not_requested
[EVAL SAFETY] step=20 min_center_distance=0.957247 min_clearance=0.00724664 collision_this_step=0 collision_run=0 collision_radius=0.95
[DRO SUMMARY] step=21 obstacle=0 S=40 rho=0.00659084 rho_raw=0.00659084 D_max=0.0256781 D_min=0.0128703 tv_bound=0.512098 eta=0.256671 eta_raw=0.256671 radius_m=21 radius_d=3 transport_cost=0.00659084 budget_usage=1 lambda=2.20026 q_support=2 nominal_risk=0.0711155 qstar_risk=0.0857991 risk_lift=0.0146836 tv=0.400765
[DRO MODE] step=21 obstacle=0 mode=constant_velocity p=0.288889 risk=0.0819182 q=0 delta_q=-0.288889 q_times_S=0
[DRO MODE] step=21 obstacle=0 mode=turn_left p=0.155556 risk=0.110866 q=0.55632 delta_q=0.400765 q_times_S=22.2528
[DRO MODE] step=21 obstacle=0 mode=turn_right p=0.555556 risk=0.0543678 q=0.44368 delta_q=-0.111876 q_times_S=17.7472
[DRO SAMPLE] step=21 obstacle=0 mode=constant_velocity q=0 q_times_S=0 first_count=0 first_fraction=0 occupancy=0 occupancy_fraction=0
[DRO SAMPLE] step=21 obstacle=0 mode=turn_left q=0.55632 q_times_S=22.2528 first_count=26 first_fraction=0.65 occupancy=208 occupancy_fraction=0.65
[DRO SAMPLE] step=21 obstacle=0 mode=turn_right q=0.44368 q_times_S=17.7472 first_count=14 first_fraction=0.35 occupancy=112 occupancy_fraction=0.35
[RF BACKUP] available=1 controls=8 states=9
[FREE POLY] k=1 disc=0 raw=40 facets=3 vertices=6 rho=4.8 anchor_shift=0
[FREE POLY] k=1 disc=1 raw=40 facets=1 vertices=5 rho=0.800001 anchor_shift=0
[FREE POLY] k=1 disc=2 raw=40 facets=5 vertices=8 rho=4.8 anchor_shift=0
[FREE POLY] k=2 disc=0 raw=40 facets=4 vertices=7 rho=5.6 anchor_shift=0
[FREE POLY] k=2 disc=1 raw=40 facets=4 vertices=7 rho=1.6 anchor_shift=0
[FREE POLY] k=2 disc=2 raw=40 facets=5 vertices=8 rho=5.6 anchor_shift=0
[FREE POLY] k=3 disc=0 raw=40 facets=4 vertices=7 rho=6.4 anchor_shift=0
[FREE POLY] k=3 disc=1 raw=40 facets=5 vertices=8 rho=2.4 anchor_shift=0
[FREE POLY] k=3 disc=2 raw=40 facets=3 vertices=6 rho=6.4 anchor_shift=0
[FREE POLY] k=4 disc=0 raw=40 facets=3 vertices=6 rho=7.2 anchor_shift=0
[FREE POLY] k=4 disc=1 raw=40 facets=4 vertices=7 rho=3.2 anchor_shift=0
[FREE POLY] k=4 disc=2 raw=40 facets=3 vertices=6 rho=7.2 anchor_shift=0
[FREE POLY] k=5 disc=0 raw=40 facets=3 vertices=6 rho=8 anchor_shift=0
[FREE POLY] k=5 disc=1 raw=40 facets=4 vertices=7 rho=4 anchor_shift=0
[FREE POLY] k=5 disc=2 raw=40 facets=4 vertices=7 rho=8 anchor_shift=0
[FREE POLY] k=6 disc=0 raw=40 facets=3 vertices=6 rho=8.8 anchor_shift=0
[FREE POLY] k=6 disc=1 raw=40 facets=4 vertices=7 rho=4.8 anchor_shift=0
[FREE POLY] k=6 disc=2 raw=40 facets=3 vertices=7 rho=8.8 anchor_shift=0
[FREE POLY] k=7 disc=0 raw=40 facets=3 vertices=6 rho=9.6 anchor_shift=0
[FREE POLY] k=7 disc=1 raw=40 facets=3 vertices=6 rho=5.6 anchor_shift=0
[FREE POLY] k=7 disc=2 raw=40 facets=3 vertices=6 rho=9.6 anchor_shift=0
[FREE POLY] k=8 disc=0 raw=40 facets=4 vertices=7 rho=10.4 anchor_shift=0
[FREE POLY] k=8 disc=1 raw=40 facets=3 vertices=6 rho=6.4 anchor_shift=0
[FREE POLY] k=8 disc=2 raw=40 facets=4 vertices=7 rho=10.4 anchor_shift=0
[RF SUPPORT SEED] removed=0 support_limit=-1
[SQP] before_solve iter=0 vars=16 constraints=117 max_d=0.0427261
[QP WORST] iter=0 row=79 type=collision d=0.0427261
[QP WORST COLLISION] scenario=4 k=8 obstacle=0 disc=1
[SQP] after_solve iter=0 converged=1 status=0 iterations=5 primal_residual=7.90401e-09 dual_residual=2.48747e-05 x_size=16 x_finite=1
[SQP LINESEARCH] iter=0 current_violation=0.0427261 accepted_violation=0 accepted=1 alpha=1 delta_u_norm=0.406847
[SQP SUPPORT] iter=0 support_size=0 support_limit=-1 support_ok=1
[SQP] before_solve iter=1 vars=16 constraints=117 max_d=-0.00082861
[QP WORST] iter=1 row=70 type=collision d=-0.00082861
[QP WORST COLLISION] scenario=30 k=7 obstacle=0 disc=1
[SQP] after_solve iter=1 converged=1 status=0 iterations=5 primal_residual=6.79059e-10 dual_residual=1.53068e-05 x_size=16 x_finite=1
[SQP LINESEARCH] iter=1 current_violation=0 accepted_violation=0 accepted=1 alpha=0.5 delta_u_norm=0.259453
[SQP SUPPORT] iter=1 support_size=0 support_limit=-1 support_ok=1
[SQP] before_solve iter=2 vars=16 constraints=117 max_d=-0.000416294
[QP WORST] iter=2 row=70 type=collision d=-0.000416294
[QP WORST COLLISION] scenario=30 k=7 obstacle=0 disc=1
[SQP] after_solve iter=2 converged=1 status=0 iterations=5 primal_residual=9.04407e-10 dual_residual=1.8572e-05 x_size=16 x_finite=1
[SQP LINESEARCH] iter=2 current_violation=0 accepted_violation=0 accepted=1 alpha=1 delta_u_norm=0.243721
[SQP SUPPORT] iter=2 support_size=0 support_limit=-1 support_ok=1
[SQP] before_solve iter=3 vars=16 constraints=117 max_d=-4.12538e-06
[QP WORST] iter=3 row=79 type=collision d=-4.12538e-06
[QP WORST COLLISION] scenario=4 k=8 obstacle=0 disc=1
[SQP] after_solve iter=3 converged=1 status=0 iterations=5 primal_residual=1.26372e-09 dual_residual=2.31146e-05 x_size=16 x_finite=1
[SQP LINESEARCH] iter=3 current_violation=0 accepted_violation=0 accepted=1 alpha=1 delta_u_norm=0.223116
[SQP SUPPORT] iter=3 support_size=0 support_limit=-1 support_ok=1
[SQP] before_solve iter=4 vars=16 constraints=117 max_d=-7.68246e-06
[QP WORST] iter=4 row=79 type=collision d=-7.68246e-06
[QP WORST COLLISION] scenario=4 k=8 obstacle=0 disc=1
[SQP] after_solve iter=4 converged=1 status=0 iterations=5 primal_residual=1.71819e-09 dual_residual=2.51073e-05 x_size=16 x_finite=1
[SQP LINESEARCH] iter=4 current_violation=0 accepted_violation=0 accepted=1 alpha=1 delta_u_norm=0.208086
[SQP SUPPORT] iter=4 support_size=0 support_limit=-1 support_ok=1
[SQP] before_solve iter=5 vars=16 constraints=117 max_d=-6.02404e-06
[QP WORST] iter=5 row=79 type=collision d=-6.02404e-06
[QP WORST COLLISION] scenario=4 k=8 obstacle=0 disc=1
[SQP] after_solve iter=5 converged=1 status=0 iterations=5 primal_residual=2.86913e-09 dual_residual=2.70016e-05 x_size=16 x_finite=1
[SQP LINESEARCH] iter=5 current_violation=0 accepted_violation=0 accepted=1 alpha=1 delta_u_norm=0.154423
[SQP SUPPORT] iter=5 support_size=0 support_limit=-1 support_ok=1
[SQP] before_solve iter=6 vars=16 constraints=117 max_d=-3.36569e-06
[QP WORST] iter=6 row=79 type=collision d=-3.36569e-06
[QP WORST COLLISION] scenario=4 k=8 obstacle=0 disc=1
[SQP] after_solve iter=6 converged=1 status=0 iterations=5 primal_residual=2.08666e-09 dual_residual=2.17314e-05 x_size=16 x_finite=1
[SQP LINESEARCH] iter=6 current_violation=0 accepted_violation=0 accepted=1 alpha=1 delta_u_norm=0.123162
[SQP SUPPORT] iter=6 support_size=0 support_limit=-1 support_ok=1
[SQP] before_solve iter=7 vars=16 constraints=117 max_d=-9.38668e-07
[QP WORST] iter=7 row=79 type=collision d=-9.38668e-07
[QP WORST COLLISION] scenario=4 k=8 obstacle=0 disc=1
[SQP] after_solve iter=7 converged=1 status=0 iterations=5 primal_residual=1.50115e-09 dual_residual=1.81577e-05 x_size=16 x_finite=1
[SQP LINESEARCH] iter=7 current_violation=0 accepted_violation=0 accepted=1 alpha=1 delta_u_norm=0.115152
[SQP SUPPORT] iter=7 support_size=0 support_limit=-1 support_ok=1
[SQP] before_solve iter=8 vars=16 constraints=117 max_d=-4.65578e-07
[QP WORST] iter=8 row=79 type=collision d=-4.65578e-07
[QP WORST COLLISION] scenario=4 k=8 obstacle=0 disc=1
[SQP] after_solve iter=8 converged=1 status=0 iterations=5 primal_residual=1.25893e-09 dual_residual=1.65369e-05 x_size=16 x_finite=1
[SQP LINESEARCH] iter=8 current_violation=0 accepted_violation=0 accepted=1 alpha=1 delta_u_norm=0.108393
[SQP SUPPORT] iter=8 support_size=0 support_limit=-1 support_ok=1
[SQP] before_solve iter=9 vars=16 constraints=117 max_d=-2.52735e-07
[QP WORST] iter=9 row=79 type=collision d=-2.52735e-07
[QP WORST COLLISION] scenario=4 k=8 obstacle=0 disc=1
[SQP] after_solve iter=9 converged=1 status=0 iterations=5 primal_residual=1.19672e-09 dual_residual=1.56175e-05 x_size=16 x_finite=1
[SQP LINESEARCH] iter=9 current_violation=0 accepted_violation=0 accepted=1 alpha=1 delta_u_norm=0.10225
[SQP SUPPORT] iter=9 support_size=0 support_limit=-1 support_ok=1
[SQP FINAL] final_violation=0 violated_constraints=0
[SUPPORT FINAL] sqp_union=0 final_active=2 support_limit=-1
[SUPPORT FINAL IDS] 4 30
[SUPPORT UNION IDS]
[COLD START RECOVERY CHECK] ordinary_sqp_failed=0 seed_available=1 incompatible=0 try_homotopy=0
[HARNESS RESULT] step=20 success=1 controls=8 first_input_present=1
[MPC STEP METRICS] step=20 applied=1 success=1 fallback=0 a=0.467591 omega=0.0849431 dt=0.1 acceleration_weight=0.1 steering_weight=0.1 control_cost_unweighted=0.225857 control_cost_weighted=0.0225857 mpc_cost=-15.2467 solve_time=0.0394636 qp_solve_time=0.0263111 constraint_time=0.00715808 dro_risk_time=0.00041091 ambiguity_radius=0.00659084 certificate=not_requested
[EVAL SAFETY] step=21 min_center_distance=1.0886 min_clearance=0.138604 collision_this_step=0 collision_run=0 collision_radius=0.95
[PATH COMPLETION] step=21 completion_progress=4.27807 path_length=25 fraction=0.171123 required_fraction=0.95 termination_enabled=1 completed=0
[DRO SUMMARY] step=22 obstacle=0 S=40 rho=0.0065276 rho_raw=0.0065276 D_max=0.0256781 D_min=0.0128703 tv_bound=0.507185 eta=0.254209 eta_raw=0.254209 radius_m=22 radius_d=3 transport_cost=0.0065276 budget_usage=1 lambda=1.25866 q_support=2 nominal_risk=0.00765945 qstar_risk=0.0188639 risk_lift=0.0112044 tv=0.392171
[DRO MODE] step=22 obstacle=0 mode=constant_velocity p=0.276596 risk=0.0053165 q=0 delta_q=-0.276596 q_times_S=0
[DRO MODE] step=22 obstacle=0 mode=turn_left p=0.191489 risk=0.03232 q=0.58366 delta_q=0.392171 q_times_S=23.3464
[DRO MODE] step=22 obstacle=0 mode=turn_right p=0.531915 risk=0 q=0.41634 delta_q=-0.115575 q_times_S=16.6536
[DRO SAMPLE] step=22 obstacle=0 mode=constant_velocity q=0 q_times_S=0 first_count=0 first_fraction=0 occupancy=0 occupancy_fraction=0
[DRO SAMPLE] step=22 obstacle=0 mode=turn_left q=0.58366 q_times_S=23.3464 first_count=24 first_fraction=0.6 occupancy=192 occupancy_fraction=0.6
[DRO SAMPLE] step=22 obstacle=0 mode=turn_right q=0.41634 q_times_S=16.6536 first_count=16 first_fraction=0.4 occupancy=128 occupancy_fraction=0.4
[RF BACKUP] available=1 controls=8 states=9
[FREE POLY] k=1 disc=0 raw=40 facets=4 vertices=7 rho=4.8 anchor_shift=0
[FREE POLY] k=1 disc=1 raw=40 facets=3 vertices=7 rho=0.800001 anchor_shift=0
[FREE POLY] k=1 disc=2 raw=40 facets=4 vertices=7 rho=4.8 anchor_shift=0
[FREE POLY] k=2 disc=0 raw=40 facets=3 vertices=6 rho=5.6 anchor_shift=0
[FREE POLY] k=2 disc=1 raw=40 facets=4 vertices=8 rho=1.6 anchor_shift=0
[FREE POLY] k=2 disc=2 raw=40 facets=5 vertices=8 rho=5.6 anchor_shift=0
[FREE POLY] k=3 disc=0 raw=40 facets=3 vertices=6 rho=6.4 anchor_shift=0
[FREE POLY] k=3 disc=1 raw=40 facets=4 vertices=8 rho=2.4 anchor_shift=0
[FREE POLY] k=3 disc=2 raw=40 facets=6 vertices=9 rho=6.4 anchor_shift=0
[FREE POLY] k=4 disc=0 raw=40 facets=4 vertices=7 rho=7.2 anchor_shift=0
[FREE POLY] k=4 disc=1 raw=40 facets=3 vertices=6 rho=3.2 anchor_shift=0
[FREE POLY] k=4 disc=2 raw=40 facets=7 vertices=10 rho=7.2 anchor_shift=0
[FREE POLY] k=5 disc=0 raw=40 facets=4 vertices=7 rho=8 anchor_shift=0
[FREE POLY] k=5 disc=1 raw=40 facets=4 vertices=7 rho=4 anchor_shift=0
[FREE POLY] k=5 disc=2 raw=40 facets=7 vertices=11 rho=8 anchor_shift=0
[FREE POLY] k=6 disc=0 raw=40 facets=5 vertices=8 rho=8.8 anchor_shift=0
[FREE POLY] k=6 disc=1 raw=40 facets=5 vertices=8 rho=4.8 anchor_shift=0
[FREE POLY] k=6 disc=2 raw=40 facets=5 vertices=9 rho=8.8 anchor_shift=0
[FREE POLY] k=7 disc=0 raw=40 facets=5 vertices=8 rho=9.6 anchor_shift=0
[FREE POLY] k=7 disc=1 raw=40 facets=5 vertices=8 rho=5.6 anchor_shift=0
[FREE POLY] k=7 disc=2 raw=40 facets=6 vertices=9 rho=9.6 anchor_shift=0
[FREE POLY] k=8 disc=0 raw=40 facets=6 vertices=9 rho=10.4 anchor_shift=0
[FREE POLY] k=8 disc=1 raw=40 facets=7 vertices=10 rho=6.4 anchor_shift=0
[FREE POLY] k=8 disc=2 raw=40 facets=5 vertices=8 rho=10.4 anchor_shift=0
[RF SUPPORT SEED] removed=0 support_limit=-1
[SQP] before_solve iter=0 vars=16 constraints=146 max_d=-0.0533363
[QP WORST] iter=0 row=87 type=collision d=-0.0533363
[QP WORST COLLISION] scenario=6 k=7 obstacle=0 disc=1
[SQP] after_solve iter=0 converged=1 status=0 iterations=5 primal_residual=1.63611e-09 dual_residual=2.07716e-05 x_size=16 x_finite=1
[SQP LINESEARCH] iter=0 current_violation=0 accepted_violation=0 accepted=1 alpha=0.5 delta_u_norm=0.438617
[SQP SUPPORT] iter=0 support_size=0 support_limit=-1 support_ok=1
[SQP] before_solve iter=1 vars=16 constraints=146 max_d=-0.0264105
[QP WORST] iter=1 row=87 type=collision d=-0.0264105
[QP WORST COLLISION] scenario=6 k=7 obstacle=0 disc=1
[SQP] after_solve iter=1 converged=1 status=0 iterations=6 primal_residual=4.09395e-16 dual_residual=8.73467e-08 x_size=16 x_finite=1
[SQP LINESEARCH] iter=1 current_violation=0 accepted_violation=0 accepted=1 alpha=0.5 delta_u_norm=0.340432
[SQP SUPPORT] iter=1 support_size=0 support_limit=-1 support_ok=1
[SQP] before_solve iter=2 vars=16 constraints=146 max_d=-0.0131466
[QP WORST] iter=2 row=87 type=collision d=-0.0131466
[QP WORST COLLISION] scenario=6 k=7 obstacle=0 disc=1
[SQP] after_solve iter=2 converged=1 status=0 iterations=6 primal_residual=3.46945e-16 dual_residual=3.42255e-05 x_size=16 x_finite=1
[SQP LINESEARCH] iter=2 current_violation=0 accepted_violation=0 accepted=1 alpha=0.5 delta_u_norm=0.303129
[SQP SUPPORT] iter=2 support_size=0 support_limit=-1 support_ok=1
[SQP] before_solve iter=3 vars=16 constraints=146 max_d=-0.00656673
[QP WORST] iter=3 row=87 type=collision d=-0.00656673
[QP WORST COLLISION] scenario=6 k=7 obstacle=0 disc=1
[SQP] after_solve iter=3 converged=1 status=0 iterations=6 primal_residual=4.41487e-16 dual_residual=2.2874e-05 x_size=16 x_finite=1
[SQP LINESEARCH] iter=3 current_violation=0 accepted_violation=0 accepted=1 alpha=1 delta_u_norm=0.284838
[SQP SUPPORT] iter=3 support_size=0 support_limit=-1 support_ok=1
[SQP] before_solve iter=4 vars=16 constraints=146 max_d=-5.82825e-06
[QP WORST] iter=4 row=87 type=collision d=-5.82825e-06
[QP WORST COLLISION] scenario=6 k=7 obstacle=0 disc=1
[SQP] after_solve iter=4 converged=1 status=0 iterations=7 primal_residual=4.02456e-16 dual_residual=1.09071e-05 x_size=16 x_finite=1
[SQP LINESEARCH] iter=4 current_violation=0 accepted_violation=0 accepted=1 alpha=1 delta_u_norm=0.261033
[SQP SUPPORT] iter=4 support_size=0 support_limit=-1 support_ok=1
[SQP] before_solve iter=5 vars=16 constraints=146 max_d=-1.11011e-05
[QP WORST] iter=5 row=87 type=collision d=-1.11011e-05
[QP WORST COLLISION] scenario=6 k=7 obstacle=0 disc=1
[SQP] after_solve iter=5 converged=1 status=0 iterations=6 primal_residual=3.88578e-16 dual_residual=2.04155e-06 x_size=16 x_finite=1
[SQP LINESEARCH] iter=5 current_violation=0 accepted_violation=0 accepted=1 alpha=1 delta_u_norm=0.16628
[SQP SUPPORT] iter=5 support_size=0 support_limit=-1 support_ok=1
[SQP] before_solve iter=6 vars=16 constraints=146 max_d=-4.07608e-06
[QP WORST] iter=6 row=87 type=collision d=-4.07608e-06
[QP WORST COLLISION] scenario=6 k=7 obstacle=0 disc=1
[SQP] after_solve iter=6 converged=1 status=0 iterations=6 primal_residual=4.0323e-10 dual_residual=4.53611e-06 x_size=16 x_finite=1
[SQP LINESEARCH] iter=6 current_violation=0 accepted_violation=0 accepted=1 alpha=1 delta_u_norm=0.127987
[SQP SUPPORT] iter=6 support_size=0 support_limit=-1 support_ok=1
[SQP] before_solve iter=7 vars=16 constraints=146 max_d=-7.7606e-07
[QP WORST] iter=7 row=87 type=collision d=-7.7606e-07
[QP WORST COLLISION] scenario=6 k=7 obstacle=0 disc=1
[SQP] after_solve iter=7 converged=1 status=0 iterations=6 primal_residual=1.04116e-09 dual_residual=7.06798e-06 x_size=16 x_finite=1
[SQP LINESEARCH] iter=7 current_violation=0 accepted_violation=0 accepted=1 alpha=1 delta_u_norm=0.120301
[SQP SUPPORT] iter=7 support_size=0 support_limit=-1 support_ok=1
[SQP] before_solve iter=8 vars=16 constraints=146 max_d=-5.04361e-07
[QP WORST] iter=8 row=87 type=collision d=-5.04361e-07
[QP WORST COLLISION] scenario=6 k=7 obstacle=0 disc=1
[SQP] after_solve iter=8 converged=1 status=0 iterations=6 primal_residual=1.78362e-09 dual_residual=9.19962e-06 x_size=16 x_finite=1
[SQP LINESEARCH] iter=8 current_violation=0 accepted_violation=0 accepted=1 alpha=1 delta_u_norm=0.113598
[SQP SUPPORT] iter=8 support_size=0 support_limit=-1 support_ok=1
[SQP] before_solve iter=9 vars=16 constraints=146 max_d=-3.99456e-07
[QP WORST] iter=9 row=87 type=collision d=-3.99456e-07
[QP WORST COLLISION] scenario=6 k=7 obstacle=0 disc=1
[SQP] after_solve iter=9 converged=1 status=0 iterations=6 primal_residual=1.80251e-09 dual_residual=1.07181e-05 x_size=16 x_finite=1
[SQP LINESEARCH] iter=9 current_violation=0 accepted_violation=0 accepted=1 alpha=1 delta_u_norm=0.107503
[SQP SUPPORT] iter=9 support_size=0 support_limit=-1 support_ok=1
[SQP FINAL] final_violation=0 violated_constraints=0
[SUPPORT FINAL] sqp_union=0 final_active=1 support_limit=-1
[SUPPORT FINAL IDS] 6
[SUPPORT UNION IDS]
[COLD START RECOVERY CHECK] ordinary_sqp_failed=0 seed_available=1 incompatible=0 try_homotopy=0
[HARNESS RESULT] step=21 success=1 controls=8 first_input_present=1
[MPC STEP METRICS] step=21 applied=1 success=1 fallback=0 a=0.272111 omega=0.146562 dt=0.1 acceleration_weight=0.1 steering_weight=0.1 control_cost_unweighted=0.0955249 control_cost_weighted=0.00955249 mpc_cost=-15.317 solve_time=0.0439316 qp_solve_time=0.0293283 constraint_time=0.00802522 dro_risk_time=0.000569326 ambiguity_radius=0.0065276 certificate=not_requested
[EVAL SAFETY] step=22 min_center_distance=1.24289 min_clearance=0.292886 collision_this_step=0 collision_run=0 collision_radius=0.95
[DRO SUMMARY] step=23 obstacle=0 S=40 rho=0.00637646 rho_raw=0.00637646 D_max=0.0256781 D_min=0.0128703 tv_bound=0.495441 eta=0.248323 eta_raw=0.248323 radius_m=23 radius_d=3 transport_cost=0.00637646 budget_usage=1 lambda=1.56496 q_support=2 nominal_risk=0.0264251 qstar_risk=0.0372559 risk_lift=0.0108309 tv=0.380653
[DRO MODE] step=23 obstacle=0 mode=constant_velocity p=0.265306 risk=0.0314108 q=0 delta_q=-0.265306 q_times_S=0
[DRO MODE] step=23 obstacle=0 mode=turn_left p=0.183673 risk=0.0547636 q=0.564327 delta_q=0.380653 q_times_S=22.5731
[DRO MODE] step=23 obstacle=0 mode=turn_right p=0.55102 risk=0.0145784 q=0.435673 delta_q=-0.115347 q_times_S=17.4269
[DRO SAMPLE] step=23 obstacle=0 mode=constant_velocity q=0 q_times_S=0 first_count=0 first_fraction=0 occupancy=0 occupancy_fraction=0
[DRO SAMPLE] step=23 obstacle=0 mode=turn_left q=0.564327 q_times_S=22.5731 first_count=22 first_fraction=0.55 occupancy=176 occupancy_fraction=0.55
[DRO SAMPLE] step=23 obstacle=0 mode=turn_right q=0.435673 q_times_S=17.4269 first_count=18 first_fraction=0.45 occupancy=144 occupancy_fraction=0.45
[RF BACKUP] available=1 controls=8 states=9
[FREE POLY] k=1 disc=0 raw=40 facets=3 vertices=6 rho=4.8 anchor_shift=0
[FREE POLY] k=1 disc=1 raw=40 facets=3 vertices=7 rho=0.800001 anchor_shift=0
[FREE POLY] k=1 disc=2 raw=40 facets=5 vertices=9 rho=4.8 anchor_shift=0
[FREE POLY] k=2 disc=0 raw=40 facets=3 vertices=6 rho=5.6 anchor_shift=0
[FREE POLY] k=2 disc=1 raw=40 facets=5 vertices=9 rho=1.6 anchor_shift=0
[FREE POLY] k=2 disc=2 raw=40 facets=4 vertices=8 rho=5.6 anchor_shift=0
[FREE POLY] k=3 disc=0 raw=40 facets=3 vertices=6 rho=6.4 anchor_shift=0
[FREE POLY] k=3 disc=1 raw=40 facets=6 vertices=9 rho=2.4 anchor_shift=0
[FREE POLY] k=3 disc=2 raw=40 facets=6 vertices=10 rho=6.4 anchor_shift=0
[FREE POLY] k=4 disc=0 raw=40 facets=4 vertices=7 rho=7.2 anchor_shift=0
[FREE POLY] k=4 disc=1 raw=40 facets=6 vertices=9 rho=3.2 anchor_shift=0
[FREE POLY] k=4 disc=2 raw=40 facets=7 vertices=11 rho=7.2 anchor_shift=0
[FREE POLY] k=5 disc=0 raw=40 facets=5 vertices=8 rho=8 anchor_shift=0
[FREE POLY] k=5 disc=1 raw=40 facets=6 vertices=9 rho=4 anchor_shift=0
[FREE POLY] k=5 disc=2 raw=40 facets=7 vertices=11 rho=8 anchor_shift=0
[FREE POLY] k=6 disc=0 raw=40 facets=6 vertices=9 rho=8.8 anchor_shift=0
[FREE POLY] k=6 disc=1 raw=40 facets=6 vertices=9 rho=4.8 anchor_shift=0
[FREE POLY] k=6 disc=2 raw=40 facets=8 vertices=11 rho=8.8 anchor_shift=0
[FREE POLY] k=7 disc=0 raw=40 facets=5 vertices=8 rho=9.6 anchor_shift=0
[FREE POLY] k=7 disc=1 raw=40 facets=5 vertices=8 rho=5.6 anchor_shift=0
[FREE POLY] k=7 disc=2 raw=40 facets=7 vertices=10 rho=9.6 anchor_shift=0
[FREE POLY] k=8 disc=0 raw=40 facets=5 vertices=8 rho=10.4 anchor_shift=0
[FREE POLY] k=8 disc=1 raw=40 facets=5 vertices=8 rho=6.4 anchor_shift=0
[FREE POLY] k=8 disc=2 raw=40 facets=6 vertices=9 rho=10.4 anchor_shift=0
[RF SUPPORT SEED] removed=0 support_limit=-1
[SQP] before_solve iter=0 vars=16 constraints=158 max_d=-0.0219046
[QP WORST] iter=0 row=61 type=collision d=-0.0219046
[QP WORST COLLISION] scenario=17 k=5 obstacle=0 disc=1
[SQP] after_solve iter=0 converged=1 status=0 iterations=6 primal_residual=5.51472e-08 dual_residual=6.51175e-05 x_size=16 x_finite=1
[SQP LINESEARCH] iter=0 current_violation=0 accepted_violation=0 accepted=1 alpha=0.5 delta_u_norm=0.422988
[SQP SUPPORT] iter=0 support_size=0 support_limit=-1 support_ok=1
[SQP] before_solve iter=1 vars=16 constraints=158 max_d=-0.0108781
[QP WORST] iter=1 row=61 type=collision d=-0.0108781
[QP WORST COLLISION] scenario=17 k=5 obstacle=0 disc=1
[SQP] after_solve iter=1 converged=1 status=0 iterations=7 primal_residual=1.39638e-11 dual_residual=1.96071e-08 x_size=16 x_finite=1
[SQP LINESEARCH] iter=1 current_violation=0 accepted_violation=0 accepted=1 alpha=0.5 delta_u_norm=0.279189
[SQP SUPPORT] iter=1 support_size=0 support_limit=-1 support_ok=1
[SQP] before_solve iter=2 vars=16 constraints=158 max_d=-0.00541588
[QP WORST] iter=2 row=61 type=collision d=-0.00541588
[QP WORST COLLISION] scenario=17 k=5 obstacle=0 disc=1
[SQP] after_solve iter=2 converged=1 status=0 iterations=6 primal_residual=3.75935e-08 dual_residual=5.87464e-05 x_size=16 x_finite=1
[SQP LINESEARCH] iter=2 current_violation=0 accepted_violation=0 accepted=1 alpha=0.5 delta_u_norm=0.214333
[SQP SUPPORT] iter=2 support_size=0 support_limit=-1 support_ok=1
[SQP] before_solve iter=3 vars=16 constraints=158 max_d=-0.00270539
[QP WORST] iter=3 row=61 type=collision d=-0.00270539
[QP WORST COLLISION] scenario=17 k=5 obstacle=0 disc=1
[SQP] after_solve iter=3 converged=1 status=0 iterations=6 primal_residual=4.59984e-08 dual_residual=6.10919e-05 x_size=16 x_finite=1
[SQP LINESEARCH] iter=3 current_violation=0 accepted_violation=0 accepted=1 alpha=0.5 delta_u_norm=0.184106
[SQP SUPPORT] iter=3 support_size=0 support_limit=-1 support_ok=1
[SQP] before_solve iter=4 vars=16 constraints=158 max_d=-0.00136686
[QP WORST] iter=4 row=61 type=collision d=-0.00136686
[QP WORST COLLISION] scenario=17 k=5 obstacle=0 disc=1
[SQP] after_solve iter=4 converged=1 status=0 iterations=6 primal_residual=5.30498e-08 dual_residual=6.4216e-05 x_size=16 x_finite=1
[SQP LINESEARCH] iter=4 current_violation=0 accepted_violation=0 accepted=1 alpha=1 delta_u_norm=0.168292
[SQP SUPPORT] iter=4 support_size=0 support_limit=-1 support_ok=1
[SQP] before_solve iter=5 vars=16 constraints=158 max_d=-1.01296e-05
[QP WORST] iter=5 row=81 type=collision d=-1.01296e-05
[QP WORST COLLISION] scenario=23 k=6 obstacle=0 disc=1
[SQP] after_solve iter=5 converged=1 status=0 iterations=6 primal_residual=6.22546e-08 dual_residual=6.83593e-05 x_size=16 x_finite=1
[SQP LINESEARCH] iter=5 current_violation=0 accepted_violation=0 accepted=1 alpha=1 delta_u_norm=0.150458
[SQP SUPPORT] iter=5 support_size=0 support_limit=-1 support_ok=1
[SQP] before_solve iter=6 vars=16 constraints=158 max_d=-1.81083e-05
[QP WORST] iter=6 row=81 type=collision d=-1.81083e-05
[QP WORST COLLISION] scenario=23 k=6 obstacle=0 disc=1
[SQP] after_solve iter=6 converged=1 status=0 iterations=6 primal_residual=6.23602e-08 dual_residual=6.73457e-05 x_size=16 x_finite=1
[SQP LINESEARCH] iter=6 current_violation=0 accepted_violation=0 accepted=1 alpha=1 delta_u_norm=0.139872
[SQP SUPPORT] iter=6 support_size=0 support_limit=-1 support_ok=1
[SQP] before_solve iter=7 vars=16 constraints=158 max_d=-1.79741e-05
[QP WORST] iter=7 row=81 type=collision d=-1.79741e-05
[QP WORST COLLISION] scenario=23 k=6 obstacle=0 disc=1
[SQP] after_solve iter=7 converged=1 status=0 iterations=6 primal_residual=5.78247e-08 dual_residual=6.36349e-05 x_size=16 x_finite=1
[SQP LINESEARCH] iter=7 current_violation=0 accepted_violation=0 accepted=1 alpha=1 delta_u_norm=0.130808
[SQP SUPPORT] iter=7 support_size=0 support_limit=-1 support_ok=1
[SQP] before_solve iter=8 vars=16 constraints=158 max_d=-1.70214e-05
[QP WORST] iter=8 row=81 type=collision d=-1.70214e-05
[QP WORST COLLISION] scenario=23 k=6 obstacle=0 disc=1
[SQP] after_solve iter=8 converged=1 status=0 iterations=6 primal_residual=5.19162e-08 dual_residual=5.96789e-05 x_size=16 x_finite=1
[SQP LINESEARCH] iter=8 current_violation=0 accepted_violation=0 accepted=1 alpha=1 delta_u_norm=0.122647
[SQP SUPPORT] iter=8 support_size=0 support_limit=-1 support_ok=1
[SQP] before_solve iter=9 vars=16 constraints=158 max_d=-1.58759e-05
[QP WORST] iter=9 row=81 type=collision d=-1.58759e-05
[QP WORST COLLISION] scenario=23 k=6 obstacle=0 disc=1
[SQP] after_solve iter=9 converged=1 status=0 iterations=6 primal_residual=4.61131e-08 dual_residual=5.83979e-05 x_size=16 x_finite=1
[SQP LINESEARCH] iter=9 current_violation=0 accepted_violation=0 accepted=1 alpha=1 delta_u_norm=0.115205
[SQP SUPPORT] iter=9 support_size=0 support_limit=-1 support_ok=1
[SQP FINAL] final_violation=0 violated_constraints=0
[SUPPORT FINAL] sqp_union=0 final_active=3 support_limit=-1
[SUPPORT FINAL IDS] 17 23 38
[SUPPORT UNION IDS]
[COLD START RECOVERY CHECK] ordinary_sqp_failed=0 seed_available=1 incompatible=0 try_homotopy=0
[HARNESS RESULT] step=22 success=1 controls=8 first_input_present=1
[MPC STEP METRICS] step=22 applied=1 success=1 fallback=0 a=0.229898 omega=0.476607 dt=0.1 acceleration_weight=0.1 steering_weight=0.1 control_cost_unweighted=0.280007 control_cost_weighted=0.0280007 mpc_cost=-15.3339 solve_time=0.0455763 qp_solve_time=0.0309712 constraint_time=0.00842143 dro_risk_time=0.000407152 ambiguity_radius=0.00637646 certificate=not_requested
[EVAL SAFETY] step=23 min_center_distance=1.22069 min_clearance=0.270694 collision_this_step=0 collision_run=0 collision_radius=0.95
[DRO SUMMARY] step=24 obstacle=0 S=40 rho=0.00619347 rho_raw=0.00619347 D_max=0.0256781 D_min=0.0128703 tv_bound=0.481223 eta=0.241197 eta_raw=0.241197 radius_m=24 radius_d=3 transport_cost=0.00619347 budget_usage=1 lambda=1.2248 q_support=2 nominal_risk=0.0263183 qstar_risk=0.0345177 risk_lift=0.0081994 tv=0.387898
[DRO MODE] step=24 obstacle=0 mode=constant_velocity p=0.294118 risk=0.0303687 q=0 delta_q=-0.294118 q_times_S=0
[DRO MODE] step=24 obstacle=0 mode=turn_left p=0.176471 risk=0.0482186 q=0.564369 delta_q=0.387898 q_times_S=22.5747
[DRO MODE] step=24 obstacle=0 mode=turn_right p=0.529412 risk=0.016768 q=0.435631 delta_q=-0.0937803 q_times_S=17.4253
[DRO SAMPLE] step=24 obstacle=0 mode=constant_velocity q=0 q_times_S=0 first_count=0 first_fraction=0 occupancy=0 occupancy_fraction=0
[DRO SAMPLE] step=24 obstacle=0 mode=turn_left q=0.564369 q_times_S=22.5747 first_count=28 first_fraction=0.7 occupancy=224 occupancy_fraction=0.7
[DRO SAMPLE] step=24 obstacle=0 mode=turn_right q=0.435631 q_times_S=17.4253 first_count=12 first_fraction=0.3 occupancy=96 occupancy_fraction=0.3
[RF BACKUP] available=1 controls=8 states=9
[FREE POLY] k=1 disc=0 raw=40 facets=4 vertices=7 rho=4.8 anchor_shift=0
[FREE POLY] k=1 disc=1 raw=40 facets=2 vertices=6 rho=0.800001 anchor_shift=0
[FREE POLY] k=1 disc=2 raw=40 facets=4 vertices=8 rho=4.8 anchor_shift=0
[FREE POLY] k=2 disc=0 raw=40 facets=4 vertices=7 rho=5.6 anchor_shift=0
[FREE POLY] k=2 disc=1 raw=40 facets=3 vertices=6 rho=1.6 anchor_shift=0
[FREE POLY] k=2 disc=2 raw=40 facets=3 vertices=7 rho=5.6 anchor_shift=0
[FREE POLY] k=3 disc=0 raw=40 facets=4 vertices=7 rho=6.4 anchor_shift=0
[FREE POLY] k=3 disc=1 raw=40 facets=3 vertices=6 rho=2.4 anchor_shift=0
[FREE POLY] k=3 disc=2 raw=40 facets=3 vertices=7 rho=6.4 anchor_shift=0
[FREE POLY] k=4 disc=0 raw=40 facets=2 vertices=5 rho=7.2 anchor_shift=0
[FREE POLY] k=4 disc=1 raw=40 facets=3 vertices=6 rho=3.2 anchor_shift=0
[FREE POLY] k=4 disc=2 raw=40 facets=3 vertices=6 rho=7.2 anchor_shift=0
[FREE POLY] k=5 disc=0 raw=40 facets=2 vertices=5 rho=8 anchor_shift=0
[FREE POLY] k=5 disc=1 raw=40 facets=3 vertices=6 rho=4 anchor_shift=0
[FREE POLY] k=5 disc=2 raw=40 facets=3 vertices=6 rho=8 anchor_shift=0
[FREE POLY] k=6 disc=0 raw=40 facets=2 vertices=5 rho=8.8 anchor_shift=0
[FREE POLY] k=6 disc=1 raw=40 facets=4 vertices=7 rho=4.8 anchor_shift=0
[FREE POLY] k=6 disc=2 raw=40 facets=3 vertices=6 rho=8.8 anchor_shift=0
[FREE POLY] k=7 disc=0 raw=40 facets=2 vertices=5 rho=9.6 anchor_shift=0
[FREE POLY] k=7 disc=1 raw=40 facets=4 vertices=7 rho=5.6 anchor_shift=0
[FREE POLY] k=7 disc=2 raw=40 facets=3 vertices=6 rho=9.6 anchor_shift=0
[FREE POLY] k=8 disc=0 raw=40 facets=2 vertices=5 rho=10.4 anchor_shift=0
[FREE POLY] k=8 disc=1 raw=40 facets=4 vertices=7 rho=6.4 anchor_shift=0
[FREE POLY] k=8 disc=2 raw=40 facets=3 vertices=6 rho=10.4 anchor_shift=0
[RF SUPPORT SEED] removed=0 support_limit=-1
[SQP] before_solve iter=0 vars=16 constraints=105 max_d=0.0288992
[QP WORST] iter=0 row=41 type=collision d=0.0288992
[QP WORST COLLISION] scenario=22 k=5 obstacle=0 disc=1
[SQP] after_solve iter=0 converged=1 status=0 iterations=5 primal_residual=2.70803e-08 dual_residual=3.74005e-05 x_size=16 x_finite=1
[SQP LINESEARCH] iter=0 current_violation=0.0288992 accepted_violation=0 accepted=1 alpha=1 delta_u_norm=0.375638
[SQP SUPPORT] iter=0 support_size=0 support_limit=-1 support_ok=1
[SQP] before_solve iter=1 vars=16 constraints=105 max_d=-9.85701e-05
[QP WORST] iter=1 row=41 type=collision d=-9.85701e-05
[QP WORST COLLISION] scenario=22 k=5 obstacle=0 disc=1
[SQP] after_solve iter=1 converged=1 status=0 iterations=5 primal_residual=3.16214e-07 dual_residual=9.61226e-05 x_size=16 x_finite=1
[SQP LINESEARCH] iter=1 current_violation=0 accepted_violation=0 accepted=1 alpha=0.5 delta_u_norm=0.217945
[SQP SUPPORT] iter=1 support_size=0 support_limit=-1 support_ok=1
[SQP] before_solve iter=2 vars=16 constraints=105 max_d=-4.94183e-05
[QP WORST] iter=2 row=41 type=collision d=-4.94183e-05
[QP WORST COLLISION] scenario=22 k=5 obstacle=0 disc=1
[SQP] after_solve iter=2 converged=1 status=0 iterations=5 primal_residual=8.94231e-08 dual_residual=6.98691e-05 x_size=16 x_finite=1
[SQP LINESEARCH] iter=2 current_violation=0 accepted_violation=0 accepted=1 alpha=0.5 delta_u_norm=0.182838
[SQP SUPPORT] iter=2 support_size=0 support_limit=-1 support_ok=1
[SQP] before_solve iter=3 vars=16 constraints=105 max_d=-2.48856e-05
[QP WORST] iter=3 row=41 type=collision d=-2.48856e-05
[QP WORST COLLISION] scenario=22 k=5 obstacle=0 disc=1
[SQP] after_solve iter=3 converged=1 status=0 iterations=5 primal_residual=2.34006e-08 dual_residual=6.00756e-05 x_size=16 x_finite=1
[SQP LINESEARCH] iter=3 current_violation=0 accepted_violation=0 accepted=1 alpha=0.5 delta_u_norm=0.165413
[SQP SUPPORT] iter=3 support_size=0 support_limit=-1 support_ok=1
[SQP] before_solve iter=4 vars=16 constraints=105 max_d=-1.242e-05
[QP WORST] iter=4 row=41 type=collision d=-1.242e-05
[QP WORST COLLISION] scenario=22 k=5 obstacle=0 disc=1
[SQP] after_solve iter=4 converged=1 status=0 iterations=5 primal_residual=2.71201e-08 dual_residual=6.72371e-05 x_size=16 x_finite=1
[SQP LINESEARCH] iter=4 current_violation=0 accepted_violation=0 accepted=1 alpha=1 delta_u_norm=0.154337
[SQP SUPPORT] iter=4 support_size=0 support_limit=-1 support_ok=1
[SQP] before_solve iter=5 vars=16 constraints=105 max_d=-1.33585e-08
[QP WORST] iter=5 row=41 type=collision d=-1.33585e-08
[QP WORST COLLISION] scenario=22 k=5 obstacle=0 disc=1
[SQP] after_solve iter=5 converged=1 status=0 iterations=5 primal_residual=8.20786e-08 dual_residual=9.7791e-05 x_size=16 x_finite=1
[SQP LINESEARCH] iter=5 current_violation=0 accepted_violation=0 accepted=1 alpha=1 delta_u_norm=0.136226
[SQP SUPPORT] iter=5 support_size=0 support_limit=-1 support_ok=1
[SQP] before_solve iter=6 vars=16 constraints=105 max_d=-6.65859e-07
[QP WORST] iter=6 row=41 type=collision d=-6.65859e-07
[QP WORST COLLISION] scenario=22 k=5 obstacle=0 disc=1
[SQP] after_solve iter=6 converged=1 status=0 iterations=6 primal_residual=3.89293e-10 dual_residual=1.15317e-05 x_size=16 x_finite=1
[SQP LINESEARCH] iter=6 current_violation=0 accepted_violation=0 accepted=1 alpha=0.5 delta_u_norm=0.129857
[SQP SUPPORT] iter=6 support_size=0 support_limit=-1 support_ok=1
[SQP] before_solve iter=7 vars=16 constraints=105 max_d=-3.27191e-07
[QP WORST] iter=7 row=41 type=collision d=-3.27191e-07
[QP WORST COLLISION] scenario=22 k=5 obstacle=0 disc=1
[SQP] after_solve iter=7 converged=1 status=0 iterations=6 primal_residual=4.08827e-10 dual_residual=9.81859e-06 x_size=16 x_finite=1
[SQP LINESEARCH] iter=7 current_violation=0 accepted_violation=0 accepted=1 alpha=0.5 delta_u_norm=0.124221
[SQP SUPPORT] iter=7 support_size=0 support_limit=-1 support_ok=1
[SQP] before_solve iter=8 vars=16 constraints=105 max_d=-1.61216e-07
[QP WORST] iter=8 row=41 type=collision d=-1.61216e-07
[QP WORST COLLISION] scenario=22 k=5 obstacle=0 disc=1
[SQP] after_solve iter=8 converged=1 status=0 iterations=6 primal_residual=4.03025e-10 dual_residual=8.65507e-06 x_size=16 x_finite=1
[SQP LINESEARCH] iter=8 current_violation=0 accepted_violation=0 accepted=1 alpha=0.5 delta_u_norm=0.120098
[SQP SUPPORT] iter=8 support_size=0 support_limit=-1 support_ok=1
[SQP] before_solve iter=9 vars=16 constraints=105 max_d=-7.74125e-08
[QP WORST] iter=9 row=41 type=collision d=-7.74125e-08
[QP WORST COLLISION] scenario=22 k=5 obstacle=0 disc=1
[SQP] after_solve iter=9 converged=1 status=0 iterations=6 primal_residual=3.94388e-10 dual_residual=7.99519e-06 x_size=16 x_finite=1
[SQP LINESEARCH] iter=9 current_violation=0 accepted_violation=0 accepted=1 alpha=0.5 delta_u_norm=0.116592
[SQP SUPPORT] iter=9 support_size=0 support_limit=-1 support_ok=1
[SQP FINAL] final_violation=0 violated_constraints=0
[SUPPORT FINAL] sqp_union=0 final_active=1 support_limit=-1
[SUPPORT FINAL IDS] 22
[SUPPORT UNION IDS]
[COLD START RECOVERY CHECK] ordinary_sqp_failed=0 seed_available=1 incompatible=0 try_homotopy=0
[HARNESS RESULT] step=23 success=1 controls=8 first_input_present=1
[MPC STEP METRICS] step=23 applied=1 success=1 fallback=0 a=0.180872 omega=0.799368 dt=0.1 acceleration_weight=0.1 steering_weight=0.1 control_cost_unweighted=0.671703 control_cost_weighted=0.0671703 mpc_cost=-14.8074 solve_time=0.0422321 qp_solve_time=0.0287069 constraint_time=0.00730191 dro_risk_time=0.000407573 ambiguity_radius=0.00619347 certificate=not_requested
[EVAL SAFETY] step=24 min_center_distance=1.11732 min_clearance=0.167318 collision_this_step=0 collision_run=0 collision_radius=0.95
[DRO SUMMARY] step=25 obstacle=0 S=40 rho=0.00601809 rho_raw=0.00601809 D_max=0.0256781 D_min=0.0128703 tv_bound=0.467597 eta=0.234367 eta_raw=0.234367 radius_m=25 radius_d=3 transport_cost=0 budget_usage=0 lambda=0 q_support=3 nominal_risk=0 qstar_risk=0 risk_lift=0 tv=0
[DRO MODE] step=25 obstacle=0 mode=constant_velocity p=0.320755 risk=0 q=0.320755 delta_q=0 q_times_S=12.8302
[DRO MODE] step=25 obstacle=0 mode=turn_left p=0.169811 risk=0 q=0.169811 delta_q=0 q_times_S=6.79245
[DRO MODE] step=25 obstacle=0 mode=turn_right p=0.509434 risk=0 q=0.509434 delta_q=0 q_times_S=20.3774
[DRO SAMPLE] step=25 obstacle=0 mode=constant_velocity q=0.320755 q_times_S=12.8302 first_count=13 first_fraction=0.325 occupancy=104 occupancy_fraction=0.325
[DRO SAMPLE] step=25 obstacle=0 mode=turn_left q=0.169811 q_times_S=6.79245 first_count=3 first_fraction=0.075 occupancy=24 occupancy_fraction=0.075
[DRO SAMPLE] step=25 obstacle=0 mode=turn_right q=0.509434 q_times_S=20.3774 first_count=24 first_fraction=0.6 occupancy=192 occupancy_fraction=0.6
[RF BACKUP] available=1 controls=8 states=9
[FREE POLY] k=1 disc=0 raw=40 facets=3 vertices=6 rho=4.8 anchor_shift=0
[FREE POLY] k=1 disc=1 raw=40 facets=2 vertices=5 rho=0.800001 anchor_shift=0
[FREE POLY] k=1 disc=2 raw=40 facets=3 vertices=7 rho=4.8 anchor_shift=0
[FREE POLY] k=2 disc=0 raw=40 facets=5 vertices=8 rho=5.6 anchor_shift=0
[FREE POLY] k=2 disc=1 raw=40 facets=4 vertices=7 rho=1.6 anchor_shift=0
[FREE POLY] k=2 disc=2 raw=40 facets=4 vertices=8 rho=5.6 anchor_shift=0
[FREE POLY] k=3 disc=0 raw=40 facets=4 vertices=7 rho=6.4 anchor_shift=0
[FREE POLY] k=3 disc=1 raw=40 facets=5 vertices=8 rho=2.4 anchor_shift=0
[FREE POLY] k=3 disc=2 raw=40 facets=4 vertices=8 rho=6.4 anchor_shift=0
[FREE POLY] k=4 disc=0 raw=40 facets=3 vertices=6 rho=7.2 anchor_shift=0
[FREE POLY] k=4 disc=1 raw=40 facets=5 vertices=8 rho=3.2 anchor_shift=0
[FREE POLY] k=4 disc=2 raw=40 facets=5 vertices=8 rho=7.2 anchor_shift=0
[FREE POLY] k=5 disc=0 raw=40 facets=2 vertices=5 rho=8 anchor_shift=0
[FREE POLY] k=5 disc=1 raw=40 facets=4 vertices=7 rho=4 anchor_shift=0
[FREE POLY] k=5 disc=2 raw=40 facets=5 vertices=8 rho=8 anchor_shift=0
[FREE POLY] k=6 disc=0 raw=40 facets=3 vertices=6 rho=8.8 anchor_shift=0
[FREE POLY] k=6 disc=1 raw=40 facets=4 vertices=7 rho=4.8 anchor_shift=0
[FREE POLY] k=6 disc=2 raw=40 facets=5 vertices=8 rho=8.8 anchor_shift=0
[FREE POLY] k=7 disc=0 raw=40 facets=3 vertices=6 rho=9.6 anchor_shift=0
[FREE POLY] k=7 disc=1 raw=40 facets=5 vertices=8 rho=5.6 anchor_shift=0
[FREE POLY] k=7 disc=2 raw=40 facets=5 vertices=8 rho=9.6 anchor_shift=0
[FREE POLY] k=8 disc=0 raw=40 facets=4 vertices=7 rho=10.4 anchor_shift=0
[FREE POLY] k=8 disc=1 raw=40 facets=5 vertices=8 rho=6.4 anchor_shift=0
[FREE POLY] k=8 disc=2 raw=40 facets=6 vertices=9 rho=10.4 anchor_shift=0
[RF SUPPORT SEED] removed=0 support_limit=-1
[SQP] before_solve iter=0 vars=16 constraints=130 max_d=-0.0396997
[QP WORST] iter=0 row=41 type=collision d=-0.0396997
[QP WORST COLLISION] scenario=37 k=4 obstacle=0 disc=1
[SQP] after_solve iter=0 converged=1 status=0 iterations=5 primal_residual=4.44089e-16 dual_residual=1.09486e-05 x_size=16 x_finite=1
[SQP LINESEARCH] iter=0 current_violation=0 accepted_violation=0 accepted=1 alpha=0.5 delta_u_norm=0.516195
[SQP SUPPORT] iter=0 support_size=0 support_limit=-1 support_ok=1
[SQP] before_solve iter=1 vars=16 constraints=130 max_d=-0.0197449
[QP WORST] iter=1 row=41 type=collision d=-0.0197449
[QP WORST COLLISION] scenario=37 k=4 obstacle=0 disc=1
[SQP] after_solve iter=1 converged=1 status=0 iterations=5 primal_residual=4.26742e-16 dual_residual=7.34477e-05 x_size=16 x_finite=1
[SQP LINESEARCH] iter=1 current_violation=0 accepted_violation=0 accepted=1 alpha=0.5 delta_u_norm=0.311945
[SQP SUPPORT] iter=1 support_size=0 support_limit=-1 support_ok=1
[SQP] before_solve iter=2 vars=16 constraints=130 max_d=-0.00985611
[QP WORST] iter=2 row=41 type=collision d=-0.00985611
[QP WORST COLLISION] scenario=37 k=4 obstacle=0 disc=1
[SQP] after_solve iter=2 converged=1 status=0 iterations=6 primal_residual=1.61371e-11 dual_residual=6.85577e-07 x_size=16 x_finite=1
[SQP LINESEARCH] iter=2 current_violation=0 accepted_violation=0 accepted=1 alpha=0.5 delta_u_norm=0.232394
[SQP SUPPORT] iter=2 support_size=0 support_limit=-1 support_ok=1
[SQP] before_solve iter=3 vars=16 constraints=130 max_d=-0.00492377
[QP WORST] iter=3 row=41 type=collision d=-0.00492377
[QP WORST COLLISION] scenario=37 k=4 obstacle=0 disc=1
[SQP] after_solve iter=3 converged=1 status=0 iterations=6 primal_residual=6.58708e-11 dual_residual=9.86597e-07 x_size=16 x_finite=1
[SQP LINESEARCH] iter=3 current_violation=0 accepted_violation=0 accepted=1 alpha=0.5 delta_u_norm=0.201295
[SQP SUPPORT] iter=3 support_size=0 support_limit=-1 support_ok=1
[SQP] before_solve iter=4 vars=16 constraints=130 max_d=-0.00246158
[QP WORST] iter=4 row=41 type=collision d=-0.00246158
[QP WORST COLLISION] scenario=37 k=4 obstacle=0 disc=1
[SQP] after_solve iter=4 converged=1 status=0 iterations=6 primal_residual=7.72452e-11 dual_residual=1.16394e-06 x_size=16 x_finite=1
[SQP LINESEARCH] iter=4 current_violation=0 accepted_violation=0 accepted=1 alpha=1 delta_u_norm=0.185757
[SQP SUPPORT] iter=4 support_size=0 support_limit=-1 support_ok=1
[SQP] before_solve iter=5 vars=16 constraints=130 max_d=-1.24997e-06
[QP WORST] iter=5 row=41 type=collision d=-1.24997e-06
[QP WORST COLLISION] scenario=37 k=4 obstacle=0 disc=1
[SQP] after_solve iter=5 converged=1 status=0 iterations=6 primal_residual=2.08434e-11 dual_residual=7.66806e-07 x_size=16 x_finite=1
[SQP LINESEARCH] iter=5 current_violation=0 accepted_violation=0 accepted=1 alpha=0.5 delta_u_norm=0.166108
[SQP SUPPORT] iter=5 support_size=0 support_limit=-1 support_ok=1
[SQP] before_solve iter=6 vars=16 constraints=130 max_d=-6.18456e-07
[QP WORST] iter=6 row=41 type=collision d=-6.18456e-07
[QP WORST COLLISION] scenario=37 k=4 obstacle=0 disc=1
[SQP] after_solve iter=6 converged=1 status=0 iterations=6 primal_residual=1.85421e-11 dual_residual=5.95189e-07 x_size=16 x_finite=1
[SQP LINESEARCH] iter=6 current_violation=0 accepted_violation=0 accepted=1 alpha=1 delta_u_norm=0.158746
[SQP SUPPORT] iter=6 support_size=0 support_limit=-1 support_ok=1
[SQP] before_solve iter=7 vars=16 constraints=130 max_d=-1.42463e-09
[QP WORST] iter=7 row=41 type=collision d=-1.42463e-09
[QP WORST COLLISION] scenario=37 k=4 obstacle=0 disc=1
[SQP] after_solve iter=7 converged=1 status=0 iterations=6 primal_residual=1.51598e-11 dual_residual=3.88865e-07 x_size=16 x_finite=1
[SQP LINESEARCH] iter=7 current_violation=0 accepted_violation=0 accepted=1 alpha=1 delta_u_norm=0.146168
[SQP SUPPORT] iter=7 support_size=0 support_limit=-1 support_ok=1
[SQP] before_solve iter=8 vars=16 constraints=130 max_d=-4.91739e-08
[QP WORST] iter=8 row=41 type=collision d=-4.91739e-08
[QP WORST COLLISION] scenario=37 k=4 obstacle=0 disc=1
[SQP] after_solve iter=8 converged=1 status=0 iterations=6 primal_residual=1.66544e-11 dual_residual=2.98159e-07 x_size=16 x_finite=1
[SQP LINESEARCH] iter=8 current_violation=0 accepted_violation=0 accepted=1 alpha=1 delta_u_norm=0.136123
[SQP SUPPORT] iter=8 support_size=0 support_limit=-1 support_ok=1
[SQP] before_solve iter=9 vars=16 constraints=130 max_d=-7.63567e-08
[QP WORST] iter=9 row=41 type=collision d=-7.63567e-08
[QP WORST COLLISION] scenario=37 k=4 obstacle=0 disc=1
[SQP] after_solve iter=9 converged=1 status=0 iterations=5 primal_residual=1.64241e-07 dual_residual=9.97351e-05 x_size=16 x_finite=1
[SQP LINESEARCH] iter=9 current_violation=0 accepted_violation=0 accepted=1 alpha=1 delta_u_norm=0.127413
[SQP SUPPORT] iter=9 support_size=0 support_limit=-1 support_ok=1
[SQP FINAL] final_violation=0 violated_constraints=0
[SUPPORT FINAL] sqp_union=0 final_active=1 support_limit=-1
[SUPPORT FINAL IDS] 37
[SUPPORT UNION IDS]
[COLD START RECOVERY CHECK] ordinary_sqp_failed=0 seed_available=1 incompatible=0 try_homotopy=0
[HARNESS RESULT] step=24 success=1 controls=8 first_input_present=1
[MPC STEP METRICS] step=24 applied=1 success=1 fallback=0 a=0.175037 omega=0.56107 dt=0.1 acceleration_weight=0.1 steering_weight=0.1 control_cost_unweighted=0.345438 control_cost_weighted=0.0345438 mpc_cost=-15.1937 solve_time=0.0425073 qp_solve_time=0.0286938 constraint_time=0.00764029 dro_risk_time=0.00041655 ambiguity_radius=0.00601809 certificate=not_requested
[EVAL SAFETY] step=25 min_center_distance=1.04904 min_clearance=0.0990429 collision_this_step=0 collision_run=0 collision_radius=0.95
[DRO SUMMARY] step=26 obstacle=0 S=40 rho=0.00585034 rho_raw=0.00585034 D_max=0.0256781 D_min=0.0128703 tv_bound=0.454562 eta=0.227834 eta_raw=0.227834 radius_m=26 radius_d=3 transport_cost=0 budget_usage=0 lambda=0 q_support=3 nominal_risk=0 qstar_risk=0 risk_lift=0 tv=0
[DRO MODE] step=26 obstacle=0 mode=constant_velocity p=0.345455 risk=0 q=0.345455 delta_q=0 q_times_S=13.8182
[DRO MODE] step=26 obstacle=0 mode=turn_left p=0.163636 risk=0 q=0.163636 delta_q=0 q_times_S=6.54545
[DRO MODE] step=26 obstacle=0 mode=turn_right p=0.490909 risk=0 q=0.490909 delta_q=0 q_times_S=19.6364
[DRO SAMPLE] step=26 obstacle=0 mode=constant_velocity q=0.345455 q_times_S=13.8182 first_count=14 first_fraction=0.35 occupancy=112 occupancy_fraction=0.35
[DRO SAMPLE] step=26 obstacle=0 mode=turn_left q=0.163636 q_times_S=6.54545 first_count=8 first_fraction=0.2 occupancy=64 occupancy_fraction=0.2
[DRO SAMPLE] step=26 obstacle=0 mode=turn_right q=0.490909 q_times_S=19.6364 first_count=18 first_fraction=0.45 occupancy=144 occupancy_fraction=0.45
[RF BACKUP] available=1 controls=8 states=9
[FREE POLY] k=1 disc=0 raw=40 facets=3 vertices=6 rho=4.8 anchor_shift=0
[FREE POLY] k=1 disc=1 raw=40 facets=3 vertices=6 rho=0.800001 anchor_shift=0
[FREE POLY] k=1 disc=2 raw=40 facets=3 vertices=7 rho=4.8 anchor_shift=0
[FREE POLY] k=2 disc=0 raw=40 facets=3 vertices=6 rho=5.6 anchor_shift=0
[FREE POLY] k=2 disc=1 raw=40 facets=4 vertices=7 rho=1.6 anchor_shift=0
[FREE POLY] k=2 disc=2 raw=40 facets=3 vertices=6 rho=5.6 anchor_shift=0
[FREE POLY] k=3 disc=0 raw=40 facets=3 vertices=6 rho=6.4 anchor_shift=0
[FREE POLY] k=3 disc=1 raw=40 facets=4 vertices=7 rho=2.4 anchor_shift=0
[FREE POLY] k=3 disc=2 raw=40 facets=3 vertices=6 rho=6.4 anchor_shift=0
[FREE POLY] k=4 disc=0 raw=40 facets=3 vertices=6 rho=7.2 anchor_shift=0
[FREE POLY] k=4 disc=1 raw=40 facets=4 vertices=7 rho=3.2 anchor_shift=0
[FREE POLY] k=4 disc=2 raw=40 facets=3 vertices=6 rho=7.2 anchor_shift=0
[FREE POLY] k=5 disc=0 raw=40 facets=3 vertices=6 rho=8 anchor_shift=0
[FREE POLY] k=5 disc=1 raw=40 facets=5 vertices=8 rho=4 anchor_shift=0
[FREE POLY] k=5 disc=2 raw=40 facets=4 vertices=7 rho=8 anchor_shift=0
[FREE POLY] k=6 disc=0 raw=40 facets=5 vertices=8 rho=8.8 anchor_shift=0
[FREE POLY] k=6 disc=1 raw=40 facets=5 vertices=8 rho=4.8 anchor_shift=0
[FREE POLY] k=6 disc=2 raw=40 facets=4 vertices=7 rho=8.8 anchor_shift=0
[FREE POLY] k=7 disc=0 raw=40 facets=5 vertices=8 rho=9.6 anchor_shift=0
[FREE POLY] k=7 disc=1 raw=40 facets=5 vertices=8 rho=5.6 anchor_shift=0
[FREE POLY] k=7 disc=2 raw=40 facets=4 vertices=7 rho=9.6 anchor_shift=0
[FREE POLY] k=8 disc=0 raw=40 facets=6 vertices=8 rho=10.4 anchor_shift=0
[FREE POLY] k=8 disc=1 raw=40 facets=4 vertices=7 rho=6.4 anchor_shift=0
[FREE POLY] k=8 disc=2 raw=40 facets=5 vertices=8 rho=10.4 anchor_shift=0
[RF SUPPORT SEED] removed=0 support_limit=-1
[SQP] before_solve iter=0 vars=16 constraints=126 max_d=-0.014992
[QP WORST] iter=0 row=24 type=collision d=-0.014992
[QP WORST COLLISION] scenario=33 k=3 obstacle=0 disc=1
[SQP] after_solve iter=0 converged=1 status=0 iterations=6 primal_residual=1.54908e-09 dual_residual=1.49092e-05 x_size=16 x_finite=1
[SQP LINESEARCH] iter=0 current_violation=0 accepted_violation=0 accepted=1 alpha=0.5 delta_u_norm=0.382636
[SQP SUPPORT] iter=0 support_size=0 support_limit=-1 support_ok=1
[SQP] before_solve iter=1 vars=16 constraints=126 max_d=-0.00820617
[QP WORST] iter=1 row=24 type=collision d=-0.00820617
[QP WORST COLLISION] scenario=33 k=3 obstacle=0 disc=1
[SQP] after_solve iter=1 converged=1 status=0 iterations=7 primal_residual=3.10825e-10 dual_residual=1.07235e-05 x_size=16 x_finite=1
[SQP LINESEARCH] iter=1 current_violation=0 accepted_violation=0 accepted=1 alpha=0.5 delta_u_norm=0.272489
[SQP SUPPORT] iter=1 support_size=0 support_limit=-1 support_ok=1
[SQP] before_solve iter=2 vars=16 constraints=126 max_d=-0.00426011
[QP WORST] iter=2 row=34 type=collision d=-0.00426011
[QP WORST COLLISION] scenario=33 k=4 obstacle=0 disc=1
[SQP] after_solve iter=2 converged=1 status=0 iterations=6 primal_residual=7.11082e-09 dual_residual=5.15856e-06 x_size=16 x_finite=1
[SQP LINESEARCH] iter=2 current_violation=0 accepted_violation=0 accepted=1 alpha=0.5 delta_u_norm=0.238198
[SQP SUPPORT] iter=2 support_size=0 support_limit=-1 support_ok=1
[SQP] before_solve iter=3 vars=16 constraints=126 max_d=-0.00212515
[QP WORST] iter=3 row=34 type=collision d=-0.00212515
[QP WORST COLLISION] scenario=33 k=4 obstacle=0 disc=1
[SQP] after_solve iter=3 converged=1 status=0 iterations=7 primal_residual=6.86888e-09 dual_residual=2.24934e-05 x_size=16 x_finite=1
[SQP LINESEARCH] iter=3 current_violation=0 accepted_violation=0 accepted=1 alpha=0.5 delta_u_norm=0.213051
[SQP SUPPORT] iter=3 support_size=0 support_limit=-1 support_ok=1
[SQP] before_solve iter=4 vars=16 constraints=126 max_d=-0.0010609
[QP WORST] iter=4 row=34 type=collision d=-0.0010609
[QP WORST COLLISION] scenario=33 k=4 obstacle=0 disc=1
[SQP] after_solve iter=4 converged=1 status=0 iterations=8 primal_residual=4.16334e-16 dual_residual=6.80222e-06 x_size=16 x_finite=1
[SQP LINESEARCH] iter=4 current_violation=0 accepted_violation=0 accepted=1 alpha=0.5 delta_u_norm=0.195288
[SQP SUPPORT] iter=4 support_size=0 support_limit=-1 support_ok=1
[SQP] before_solve iter=5 vars=16 constraints=126 max_d=-0.000530013
[QP WORST] iter=5 row=34 type=collision d=-0.000530013
[QP WORST COLLISION] scenario=33 k=4 obstacle=0 disc=1
[SQP] after_solve iter=5 converged=1 status=0 iterations=8 primal_residual=4.51895e-16 dual_residual=1.95074e-05 x_size=16 x_finite=1
[SQP LINESEARCH] iter=5 current_violation=0 accepted_violation=0 accepted=1 alpha=1 delta_u_norm=0.184454
[SQP SUPPORT] iter=5 support_size=0 support_limit=-1 support_ok=1
[SQP] before_solve iter=6 vars=16 constraints=126 max_d=-7.60843e-07
[QP WORST] iter=6 row=34 type=collision d=-7.60843e-07
[QP WORST COLLISION] scenario=33 k=4 obstacle=0 disc=1
[SQP] after_solve iter=6 converged=1 status=0 iterations=9 primal_residual=4.3715e-16 dual_residual=4.68292e-05 x_size=16 x_finite=1
[SQP LINESEARCH] iter=6 current_violation=0 accepted_violation=0 accepted=1 alpha=1 delta_u_norm=0.158463
[SQP SUPPORT] iter=6 support_size=0 support_limit=-1 support_ok=1
[SQP] before_solve iter=7 vars=16 constraints=126 max_d=-6.37433e-07
[QP WORST] iter=7 row=34 type=collision d=-6.37433e-07
[QP WORST COLLISION] scenario=33 k=4 obstacle=0 disc=1
[SQP] after_solve iter=7 converged=1 status=0 iterations=8 primal_residual=3.42012e-16 dual_residual=5.22513e-05 x_size=16 x_finite=1
[SQP LINESEARCH] iter=7 current_violation=0 accepted_violation=0 accepted=1 alpha=1 delta_u_norm=0.144753
[SQP SUPPORT] iter=7 support_size=0 support_limit=-1 support_ok=1
[SQP] before_solve iter=8 vars=16 constraints=126 max_d=-3.83788e-06
[QP WORST] iter=8 row=34 type=collision d=-3.83788e-06
[QP WORST COLLISION] scenario=33 k=4 obstacle=0 disc=1
[SQP] after_solve iter=8 converged=1 status=0 iterations=8 primal_residual=4.15466e-16 dual_residual=3.69515e-05 x_size=16 x_finite=1
[SQP LINESEARCH] iter=8 current_violation=0 accepted_violation=0 accepted=1 alpha=1 delta_u_norm=0.135856
[SQP SUPPORT] iter=8 support_size=0 support_limit=-1 support_ok=1
[SQP] before_solve iter=9 vars=16 constraints=126 max_d=-1.2298e-06
[QP WORST] iter=9 row=34 type=collision d=-1.2298e-06
[QP WORST COLLISION] scenario=33 k=4 obstacle=0 disc=1
[SQP] after_solve iter=9 converged=1 status=0 iterations=8 primal_residual=4.04856e-16 dual_residual=4.2182e-05 x_size=16 x_finite=1
[SQP LINESEARCH] iter=9 current_violation=0 accepted_violation=0 accepted=1 alpha=1 delta_u_norm=0.12783
[SQP SUPPORT] iter=9 support_size=0 support_limit=-1 support_ok=1
[SQP FINAL] final_violation=0 violated_constraints=0
[SUPPORT FINAL] sqp_union=0 final_active=1 support_limit=-1
[SUPPORT FINAL IDS] 33
[SUPPORT UNION IDS]
[COLD START RECOVERY CHECK] ordinary_sqp_failed=0 seed_available=1 incompatible=0 try_homotopy=0
[HARNESS RESULT] step=25 success=1 controls=8 first_input_present=1
[MPC STEP METRICS] step=25 applied=1 success=1 fallback=0 a=0.321765 omega=-0.799988 dt=0.1 acceleration_weight=0.1 steering_weight=0.1 control_cost_unweighted=0.743513 control_cost_weighted=0.0743513 mpc_cost=-15.2933 solve_time=0.0426156 qp_solve_time=0.0287912 constraint_time=0.0075858 dro_risk_time=0.000457506 ambiguity_radius=0.00585034 certificate=not_requested
[EVAL SAFETY] step=26 min_center_distance=1.00819 min_clearance=0.0581942 collision_this_step=0 collision_run=0 collision_radius=0.95
[DRO SUMMARY] step=27 obstacle=0 S=40 rho=0.00580288 rho_raw=0.00580288 D_max=0.0256781 D_min=0.0128703 tv_bound=0.450874 eta=0.225985 eta_raw=0.225985 radius_m=27 radius_d=3 transport_cost=0 budget_usage=0 lambda=0 q_support=3 nominal_risk=0 qstar_risk=0 risk_lift=0 tv=0
[DRO MODE] step=27 obstacle=0 mode=constant_velocity p=0.333333 risk=0 q=0.333333 delta_q=0 q_times_S=13.3333
[DRO MODE] step=27 obstacle=0 mode=turn_left p=0.192982 risk=0 q=0.192982 delta_q=0 q_times_S=7.7193
[DRO MODE] step=27 obstacle=0 mode=turn_right p=0.473684 risk=0 q=0.473684 delta_q=0 q_times_S=18.9474
[DRO SAMPLE] step=27 obstacle=0 mode=constant_velocity q=0.333333 q_times_S=13.3333 first_count=12 first_fraction=0.3 occupancy=96 occupancy_fraction=0.3
[DRO SAMPLE] step=27 obstacle=0 mode=turn_left q=0.192982 q_times_S=7.7193 first_count=9 first_fraction=0.225 occupancy=72 occupancy_fraction=0.225
[DRO SAMPLE] step=27 obstacle=0 mode=turn_right q=0.473684 q_times_S=18.9474 first_count=19 first_fraction=0.475 occupancy=152 occupancy_fraction=0.475
[RF BACKUP] available=1 controls=8 states=9
[FREE POLY] k=1 disc=0 raw=40 facets=4 vertices=7 rho=4.8 anchor_shift=0
[FREE POLY] k=1 disc=1 raw=40 facets=3 vertices=6 rho=0.800001 anchor_shift=0
[FREE POLY] k=1 disc=2 raw=40 facets=3 vertices=6 rho=4.8 anchor_shift=0
[FREE POLY] k=2 disc=0 raw=40 facets=5 vertices=8 rho=5.6 anchor_shift=0
[FREE POLY] k=2 disc=1 raw=40 facets=3 vertices=6 rho=1.6 anchor_shift=0
[FREE POLY] k=2 disc=2 raw=40 facets=3 vertices=6 rho=5.6 anchor_shift=0
[FREE POLY] k=3 disc=0 raw=40 facets=5 vertices=8 rho=6.4 anchor_shift=0
[FREE POLY] k=3 disc=1 raw=40 facets=5 vertices=8 rho=2.4 anchor_shift=0
[FREE POLY] k=3 disc=2 raw=40 facets=5 vertices=8 rho=6.4 anchor_shift=0
[FREE POLY] k=4 disc=0 raw=40 facets=6 vertices=9 rho=7.2 anchor_shift=0
[FREE POLY] k=4 disc=1 raw=40 facets=5 vertices=8 rho=3.2 anchor_shift=0
[FREE POLY] k=4 disc=2 raw=40 facets=3 vertices=6 rho=7.2 anchor_shift=0
[FREE POLY] k=5 disc=0 raw=40 facets=4 vertices=7 rho=8 anchor_shift=0
[FREE POLY] k=5 disc=1 raw=40 facets=4 vertices=7 rho=4 anchor_shift=0
[FREE POLY] k=5 disc=2 raw=40 facets=4 vertices=7 rho=8 anchor_shift=0
[FREE POLY] k=6 disc=0 raw=40 facets=3 vertices=6 rho=8.8 anchor_shift=0
[FREE POLY] k=6 disc=1 raw=40 facets=7 vertices=10 rho=4.8 anchor_shift=0
[FREE POLY] k=6 disc=2 raw=40 facets=6 vertices=9 rho=8.8 anchor_shift=0
[FREE POLY] k=7 disc=0 raw=40 facets=4 vertices=6 rho=9.6 anchor_shift=0
[FREE POLY] k=7 disc=1 raw=40 facets=6 vertices=9 rho=5.6 anchor_shift=0
[FREE POLY] k=7 disc=2 raw=40 facets=5 vertices=8 rho=9.6 anchor_shift=0
[FREE POLY] k=8 disc=0 raw=40 facets=4 vertices=6 rho=10.4 anchor_shift=0
[FREE POLY] k=8 disc=1 raw=40 facets=6 vertices=8 rho=6.4 anchor_shift=0
[FREE POLY] k=8 disc=2 raw=40 facets=4 vertices=7 rho=10.4 anchor_shift=0
[RF SUPPORT SEED] removed=0 support_limit=-1
[SQP] before_solve iter=0 vars=16 constraints=139 max_d=-0.0223884
[QP WORST] iter=0 row=15 type=collision d=-0.0223884
[QP WORST COLLISION] scenario=2 k=2 obstacle=0 disc=1
[SQP] after_solve iter=0 converged=1 status=0 iterations=6 primal_residual=3.95517e-16 dual_residual=4.00822e-06 x_size=16 x_finite=1
[SQP LINESEARCH] iter=0 current_violation=0 accepted_violation=0 accepted=1 alpha=1 delta_u_norm=0.391846
[SQP SUPPORT] iter=0 support_size=0 support_limit=-1 support_ok=1
[SQP] before_solve iter=1 vars=16 constraints=139 max_d=-0.0154436
[QP WORST] iter=1 row=15 type=collision d=-0.0154436
[QP WORST COLLISION] scenario=2 k=2 obstacle=0 disc=1
[SQP] after_solve iter=1 converged=1 status=0 iterations=5 primal_residual=4.02456e-16 dual_residual=1.51348e-06 x_size=16 x_finite=1
[SQP LINESEARCH] iter=1 current_violation=0 accepted_violation=0 accepted=1 alpha=1 delta_u_norm=0.243165
[SQP SUPPORT] iter=1 support_size=0 support_limit=-1 support_ok=1
[SQP] before_solve iter=2 vars=16 constraints=139 max_d=-0.0153899
[QP WORST] iter=2 row=15 type=collision d=-0.0153899
[QP WORST COLLISION] scenario=2 k=2 obstacle=0 disc=1
[SQP] after_solve iter=2 converged=1 status=0 iterations=5 primal_residual=3.60822e-16 dual_residual=3.29556e-06 x_size=16 x_finite=1
[SQP LINESEARCH] iter=2 current_violation=0 accepted_violation=0 accepted=1 alpha=1 delta_u_norm=0.207062
[SQP SUPPORT] iter=2 support_size=0 support_limit=-1 support_ok=1
[SQP] before_solve iter=3 vars=16 constraints=139 max_d=-0.0153401
[QP WORST] iter=3 row=15 type=collision d=-0.0153401
[QP WORST COLLISION] scenario=2 k=2 obstacle=0 disc=1
[SQP] after_solve iter=3 converged=1 status=0 iterations=5 primal_residual=3.88578e-16 dual_residual=8.01749e-06 x_size=16 x_finite=1
[SQP LINESEARCH] iter=3 current_violation=0 accepted_violation=0 accepted=1 alpha=1 delta_u_norm=0.185253
[SQP SUPPORT] iter=3 support_size=0 support_limit=-1 support_ok=1
[SQP] before_solve iter=4 vars=16 constraints=139 max_d=-0.0152969
[QP WORST] iter=4 row=15 type=collision d=-0.0152969
[QP WORST COLLISION] scenario=2 k=2 obstacle=0 disc=1
[SQP] after_solve iter=4 converged=1 status=0 iterations=5 primal_residual=3.88578e-16 dual_residual=1.74688e-05 x_size=16 x_finite=1
[SQP LINESEARCH] iter=4 current_violation=0 accepted_violation=0 accepted=1 alpha=1 delta_u_norm=0.16704
[SQP SUPPORT] iter=4 support_size=0 support_limit=-1 support_ok=1
[SQP] before_solve iter=5 vars=16 constraints=139 max_d=-0.0152603
[QP WORST] iter=5 row=15 type=collision d=-0.0152603
[QP WORST COLLISION] scenario=2 k=2 obstacle=0 disc=1
[SQP] after_solve iter=5 converged=1 status=0 iterations=5 primal_residual=4.30211e-16 dual_residual=3.28719e-05 x_size=16 x_finite=1
[SQP LINESEARCH] iter=5 current_violation=0 accepted_violation=0 accepted=1 alpha=1 delta_u_norm=0.150998
[SQP SUPPORT] iter=5 support_size=0 support_limit=-1 support_ok=1
[SQP] before_solve iter=6 vars=16 constraints=139 max_d=-0.0152291
[QP WORST] iter=6 row=15 type=collision d=-0.0152291
[QP WORST COLLISION] scenario=2 k=2 obstacle=0 disc=1
[SQP] after_solve iter=6 converged=1 status=0 iterations=5 primal_residual=3.33067e-16 dual_residual=4.73207e-05 x_size=16 x_finite=1
[SQP LINESEARCH] iter=6 current_violation=0 accepted_violation=0 accepted=1 alpha=1 delta_u_norm=0.136426
[SQP SUPPORT] iter=6 support_size=0 support_limit=-1 support_ok=1
[SQP] before_solve iter=7 vars=16 constraints=139 max_d=-0.0152024
[QP WORST] iter=7 row=15 type=collision d=-0.0152024
[QP WORST COLLISION] scenario=2 k=2 obstacle=0 disc=1
[SQP] after_solve iter=7 converged=1 status=0 iterations=5 primal_residual=4.3715e-16 dual_residual=4.99244e-05 x_size=16 x_finite=1
[SQP LINESEARCH] iter=7 current_violation=0 accepted_violation=0 accepted=1 alpha=1 delta_u_norm=0.124345
[SQP SUPPORT] iter=7 support_size=0 support_limit=-1 support_ok=1
[SQP] before_solve iter=8 vars=16 constraints=139 max_d=-0.0151791
[QP WORST] iter=8 row=15 type=collision d=-0.0151791
[QP WORST COLLISION] scenario=2 k=2 obstacle=0 disc=1
[SQP] after_solve iter=8 converged=1 status=0 iterations=5 primal_residual=4.33681e-16 dual_residual=4.78186e-05 x_size=16 x_finite=1
[SQP LINESEARCH] iter=8 current_violation=0 accepted_violation=0 accepted=1 alpha=1 delta_u_norm=0.114815
[SQP SUPPORT] iter=8 support_size=0 support_limit=-1 support_ok=1
[SQP] before_solve iter=9 vars=16 constraints=139 max_d=-0.0151588
[QP WORST] iter=9 row=15 type=collision d=-0.0151588
[QP WORST COLLISION] scenario=2 k=2 obstacle=0 disc=1
[SQP] after_solve iter=9 converged=1 status=0 iterations=5 primal_residual=4.31079e-16 dual_residual=4.57932e-05 x_size=16 x_finite=1
[SQP LINESEARCH] iter=9 current_violation=0 accepted_violation=0 accepted=1 alpha=1 delta_u_norm=0.107014
[SQP SUPPORT] iter=9 support_size=0 support_limit=-1 support_ok=1
[SQP FINAL] final_violation=0 violated_constraints=0
[SUPPORT FINAL] sqp_union=0 final_active=0 support_limit=-1
[SUPPORT FINAL IDS]
[SUPPORT UNION IDS]
[COLD START RECOVERY CHECK] ordinary_sqp_failed=0 seed_available=1 incompatible=0 try_homotopy=0
[HARNESS RESULT] step=26 success=1 controls=8 first_input_present=1
[MPC STEP METRICS] step=26 applied=1 success=1 fallback=0 a=-0.360391 omega=-0.799985 dt=0.1 acceleration_weight=0.1 steering_weight=0.1 control_cost_unweighted=0.769858 control_cost_weighted=0.0769858 mpc_cost=-15.4046 solve_time=0.0390504 qp_solve_time=0.025672 constraint_time=0.00755756 dro_risk_time=0.000405239 ambiguity_radius=0.00580288 certificate=not_requested
[EVAL SAFETY] step=27 min_center_distance=0.984244 min_clearance=0.034244 collision_this_step=0 collision_run=0 collision_radius=0.95
[DRO SUMMARY] step=28 obstacle=0 S=40 rho=0.0056503 rho_raw=0.0056503 D_max=0.0256781 D_min=0.0128703 tv_bound=0.439019 eta=0.220043 eta_raw=0.220043 radius_m=28 radius_d=3 transport_cost=0 budget_usage=0 lambda=0 q_support=3 nominal_risk=0 qstar_risk=0 risk_lift=0 tv=0
[DRO MODE] step=28 obstacle=0 mode=constant_velocity p=0.355932 risk=0 q=0.355932 delta_q=0 q_times_S=14.2373
[DRO MODE] step=28 obstacle=0 mode=turn_left p=0.186441 risk=0 q=0.186441 delta_q=0 q_times_S=7.45763
[DRO MODE] step=28 obstacle=0 mode=turn_right p=0.457627 risk=0 q=0.457627 delta_q=0 q_times_S=18.3051
[DRO SAMPLE] step=28 obstacle=0 mode=constant_velocity q=0.355932 q_times_S=14.2373 first_count=13 first_fraction=0.325 occupancy=104 occupancy_fraction=0.325
[DRO SAMPLE] step=28 obstacle=0 mode=turn_left q=0.186441 q_times_S=7.45763 first_count=11 first_fraction=0.275 occupancy=88 occupancy_fraction=0.275
[DRO SAMPLE] step=28 obstacle=0 mode=turn_right q=0.457627 q_times_S=18.3051 first_count=16 first_fraction=0.4 occupancy=128 occupancy_fraction=0.4
[RF BACKUP] available=1 controls=8 states=9
[FREE POLY] k=1 disc=0 raw=40 facets=4 vertices=7 rho=4.8 anchor_shift=0
[FREE POLY] k=1 disc=1 raw=40 facets=2 vertices=5 rho=0.800001 anchor_shift=0
[FREE POLY] k=1 disc=2 raw=40 facets=3 vertices=6 rho=4.8 anchor_shift=0
[FREE POLY] k=2 disc=0 raw=40 facets=4 vertices=7 rho=5.6 anchor_shift=0
[FREE POLY] k=2 disc=1 raw=40 facets=4 vertices=7 rho=1.6 anchor_shift=0
[FREE POLY] k=2 disc=2 raw=40 facets=4 vertices=7 rho=5.6 anchor_shift=0
[FREE POLY] k=3 disc=0 raw=40 facets=3 vertices=6 rho=6.4 anchor_shift=0
[FREE POLY] k=3 disc=1 raw=40 facets=4 vertices=7 rho=2.4 anchor_shift=0
[FREE POLY] k=3 disc=2 raw=40 facets=4 vertices=7 rho=6.4 anchor_shift=0
[FREE POLY] k=4 disc=0 raw=40 facets=4 vertices=8 rho=7.2 anchor_shift=0
[FREE POLY] k=4 disc=1 raw=40 facets=4 vertices=7 rho=3.2 anchor_shift=0
[FREE POLY] k=4 disc=2 raw=40 facets=4 vertices=7 rho=7.2 anchor_shift=0
[FREE POLY] k=5 disc=0 raw=40 facets=4 vertices=7 rho=8 anchor_shift=0
[FREE POLY] k=5 disc=1 raw=40 facets=5 vertices=8 rho=4 anchor_shift=0
[FREE POLY] k=5 disc=2 raw=40 facets=4 vertices=7 rho=8 anchor_shift=0
[FREE POLY] k=6 disc=0 raw=40 facets=4 vertices=7 rho=8.8 anchor_shift=0
[FREE POLY] k=6 disc=1 raw=40 facets=5 vertices=7 rho=4.8 anchor_shift=0
[FREE POLY] k=6 disc=2 raw=40 facets=4 vertices=7 rho=8.8 anchor_shift=0
[FREE POLY] k=7 disc=0 raw=40 facets=5 vertices=7 rho=9.6 anchor_shift=0
[FREE POLY] k=7 disc=1 raw=40 facets=7 vertices=10 rho=5.6 anchor_shift=0
[FREE POLY] k=7 disc=2 raw=40 facets=6 vertices=9 rho=9.6 anchor_shift=0
[FREE POLY] k=8 disc=0 raw=40 facets=3 vertices=5 rho=10.4 anchor_shift=0
[FREE POLY] k=8 disc=1 raw=40 facets=7 vertices=10 rho=6.4 anchor_shift=0
[FREE POLY] k=8 disc=2 raw=40 facets=6 vertices=9 rho=10.4 anchor_shift=0
[RF SUPPORT SEED] removed=0 support_limit=-1
[SQP] before_solve iter=0 vars=16 constraints=136 max_d=-0.0233969
[QP WORST] iter=0 row=4 type=collision d=-0.0233969
[QP WORST COLLISION] scenario=13 k=1 obstacle=0 disc=1
[SQP] after_solve iter=0 converged=1 status=0 iterations=5 primal_residual=2.43085e-10 dual_residual=5.49349e-06 x_size=16 x_finite=1
[SQP LINESEARCH] iter=0 current_violation=0 accepted_violation=0 accepted=1 alpha=1 delta_u_norm=0.303813
[SQP SUPPORT] iter=0 support_size=0 support_limit=-1 support_ok=1
[SQP] before_solve iter=1 vars=16 constraints=136 max_d=-0.0233967
[QP WORST] iter=1 row=4 type=collision d=-0.0233967
[QP WORST COLLISION] scenario=13 k=1 obstacle=0 disc=1
[SQP] after_solve iter=1 converged=1 status=0 iterations=5 primal_residual=3.05311e-16 dual_residual=4.48915e-05 x_size=16 x_finite=1
[SQP LINESEARCH] iter=1 current_violation=0 accepted_violation=0 accepted=1 alpha=1 delta_u_norm=0.187309
[SQP SUPPORT] iter=1 support_size=0 support_limit=-1 support_ok=1
[SQP] before_solve iter=2 vars=16 constraints=136 max_d=-0.0233971
[QP WORST] iter=2 row=4 type=collision d=-0.0233971
[QP WORST COLLISION] scenario=13 k=1 obstacle=0 disc=1
[SQP] after_solve iter=2 converged=1 status=0 iterations=6 primal_residual=4.44089e-16 dual_residual=4.8909e-07 x_size=16 x_finite=1
[SQP LINESEARCH] iter=2 current_violation=0 accepted_violation=0 accepted=1 alpha=1 delta_u_norm=0.167004
[SQP SUPPORT] iter=2 support_size=0 support_limit=-1 support_ok=1
[SQP] before_solve iter=3 vars=16 constraints=136 max_d=-0.0233966
[QP WORST] iter=3 row=4 type=collision d=-0.0233966
[QP WORST COLLISION] scenario=13 k=1 obstacle=0 disc=1
[SQP] after_solve iter=3 converged=1 status=0 iterations=6 primal_residual=4.00721e-16 dual_residual=1.08596e-06 x_size=16 x_finite=1
[SQP LINESEARCH] iter=3 current_violation=0 accepted_violation=0 accepted=1 alpha=1 delta_u_norm=0.153735
[SQP SUPPORT] iter=3 support_size=0 support_limit=-1 support_ok=1
[SQP] before_solve iter=4 vars=16 constraints=136 max_d=-0.0233966
[QP WORST] iter=4 row=4 type=collision d=-0.0233966
[QP WORST COLLISION] scenario=13 k=1 obstacle=0 disc=1
[SQP] after_solve iter=4 converged=1 status=0 iterations=6 primal_residual=4.44089e-16 dual_residual=1.64753e-06 x_size=16 x_finite=1
[SQP LINESEARCH] iter=4 current_violation=0 accepted_violation=0 accepted=1 alpha=1 delta_u_norm=0.142691
[SQP SUPPORT] iter=4 support_size=0 support_limit=-1 support_ok=1
[SQP] before_solve iter=5 vars=16 constraints=136 max_d=-0.0233965
[QP WORST] iter=5 row=4 type=collision d=-0.0233965
[QP WORST COLLISION] scenario=13 k=1 obstacle=0 disc=1
[SQP] after_solve iter=5 converged=1 status=0 iterations=6 primal_residual=3.71696e-12 dual_residual=2.34677e-06 x_size=16 x_finite=1
[SQP LINESEARCH] iter=5 current_violation=0 accepted_violation=0 accepted=1 alpha=1 delta_u_norm=0.132945
[SQP SUPPORT] iter=5 support_size=0 support_limit=-1 support_ok=1
[SQP] before_solve iter=6 vars=16 constraints=136 max_d=-0.0233965
[QP WORST] iter=6 row=4 type=collision d=-0.0233965
[QP WORST COLLISION] scenario=13 k=1 obstacle=0 disc=1
[SQP] after_solve iter=6 converged=1 status=0 iterations=6 primal_residual=1.35425e-11 dual_residual=3.15633e-06 x_size=16 x_finite=1
[SQP LINESEARCH] iter=6 current_violation=0 accepted_violation=0 accepted=1 alpha=1 delta_u_norm=0.124271
[SQP SUPPORT] iter=6 support_size=0 support_limit=-1 support_ok=1
[SQP] before_solve iter=7 vars=16 constraints=136 max_d=-0.0233965
[QP WORST] iter=7 row=4 type=collision d=-0.0233965
[QP WORST COLLISION] scenario=13 k=1 obstacle=0 disc=1
[SQP] after_solve iter=7 converged=1 status=0 iterations=6 primal_residual=2.68244e-11 dual_residual=4.00038e-06 x_size=16 x_finite=1
[SQP LINESEARCH] iter=7 current_violation=0 accepted_violation=0 accepted=1 alpha=1 delta_u_norm=0.116495
[SQP SUPPORT] iter=7 support_size=0 support_limit=-1 support_ok=1
[SQP] before_solve iter=8 vars=16 constraints=136 max_d=-0.0233903
[QP WORST] iter=8 row=14 type=collision d=-0.0233903
[QP WORST COLLISION] scenario=13 k=2 obstacle=0 disc=1
[SQP] after_solve iter=8 converged=1 status=0 iterations=6 primal_residual=4.28541e-11 dual_residual=4.84755e-06 x_size=16 x_finite=1
[SQP LINESEARCH] iter=8 current_violation=0 accepted_violation=0 accepted=1 alpha=1 delta_u_norm=0.109482
[SQP SUPPORT] iter=8 support_size=0 support_limit=-1 support_ok=1
[SQP] before_solve iter=9 vars=16 constraints=136 max_d=-0.0233822
[QP WORST] iter=9 row=14 type=collision d=-0.0233822
[QP WORST COLLISION] scenario=13 k=2 obstacle=0 disc=1
[SQP] after_solve iter=9 converged=1 status=0 iterations=6 primal_residual=6.08381e-11 dual_residual=5.67352e-06 x_size=16 x_finite=1
[SQP LINESEARCH] iter=9 current_violation=0 accepted_violation=0 accepted=1 alpha=1 delta_u_norm=0.103121
[SQP SUPPORT] iter=9 support_size=0 support_limit=-1 support_ok=1
[SQP FINAL] final_violation=0 violated_constraints=0
[SUPPORT FINAL] sqp_union=0 final_active=0 support_limit=-1
[SUPPORT FINAL IDS]
[SUPPORT UNION IDS]
[COLD START RECOVERY CHECK] ordinary_sqp_failed=0 seed_available=1 incompatible=0 try_homotopy=0
[HARNESS RESULT] step=27 success=1 controls=8 first_input_present=1
[MPC STEP METRICS] step=27 applied=1 success=1 fallback=0 a=-0.0438064 omega=-0.8 dt=0.1 acceleration_weight=0.1 steering_weight=0.1 control_cost_unweighted=0.641919 control_cost_weighted=0.0641919 mpc_cost=-15.6496 solve_time=0.0400417 qp_solve_time=0.0261787 constraint_time=0.00767853 dro_risk_time=0.000407553 ambiguity_radius=0.0056503 certificate=not_requested
[EVAL SAFETY] step=28 min_center_distance=0.978542 min_clearance=0.028542 collision_this_step=0 collision_run=0 collision_radius=0.95
[DRO SUMMARY] step=29 obstacle=0 S=40 rho=0.00550438 rho_raw=0.00550438 D_max=0.0256781 D_min=0.0128703 tv_bound=0.427682 eta=0.214361 eta_raw=0.214361 radius_m=29 radius_d=3 transport_cost=0.00550438 budget_usage=1 lambda=1.61074 q_support=2 nominal_risk=0.0216994 qstar_risk=0.0310884 risk_lift=0.00938899 tv=0.402427
[DRO MODE] step=29 obstacle=0 mode=constant_velocity p=0.377049 risk=0.0262286 q=0 delta_q=-0.377049 q_times_S=0
[DRO MODE] step=29 obstacle=0 mode=turn_left p=0.180328 risk=0.0483459 q=0.582755 delta_q=0.402427 q_times_S=23.3102
[DRO MODE] step=29 obstacle=0 mode=turn_right p=0.442623 risk=0.00698526 q=0.417245 delta_q=-0.0253779 q_times_S=16.6898
[DRO SAMPLE] step=29 obstacle=0 mode=constant_velocity q=0 q_times_S=0 first_count=0 first_fraction=0 occupancy=0 occupancy_fraction=0
[DRO SAMPLE] step=29 obstacle=0 mode=turn_left q=0.582755 q_times_S=23.3102 first_count=21 first_fraction=0.525 occupancy=168 occupancy_fraction=0.525
[DRO SAMPLE] step=29 obstacle=0 mode=turn_right q=0.417245 q_times_S=16.6898 first_count=19 first_fraction=0.475 occupancy=152 occupancy_fraction=0.475
[RF BACKUP] available=1 controls=8 states=9
[FREE POLY] k=1 disc=0 raw=40 facets=4 vertices=7 rho=4.8 anchor_shift=0
[FREE POLY] k=1 disc=1 raw=40 facets=3 vertices=6 rho=0.800001 anchor_shift=0
[FREE POLY] k=1 disc=2 raw=40 facets=5 vertices=8 rho=4.8 anchor_shift=0
[FREE POLY] k=2 disc=0 raw=40 facets=4 vertices=7 rho=5.6 anchor_shift=0
[FREE POLY] k=2 disc=1 raw=40 facets=6 vertices=9 rho=1.6 anchor_shift=0
[FREE POLY] k=2 disc=2 raw=40 facets=6 vertices=9 rho=5.6 anchor_shift=0
[FREE POLY] k=3 disc=0 raw=40 facets=5 vertices=9 rho=6.4 anchor_shift=0
[FREE POLY] k=3 disc=1 raw=40 facets=7 vertices=10 rho=2.4 anchor_shift=0
[FREE POLY] k=3 disc=2 raw=40 facets=5 vertices=8 rho=6.4 anchor_shift=0
[FREE POLY] k=4 disc=0 raw=40 facets=5 vertices=9 rho=7.2 anchor_shift=0
[FREE POLY] k=4 disc=1 raw=40 facets=6 vertices=9 rho=3.2 anchor_shift=0
[FREE POLY] k=4 disc=2 raw=40 facets=4 vertices=7 rho=7.2 anchor_shift=0
[FREE POLY] k=5 disc=0 raw=40 facets=5 vertices=9 rho=8 anchor_shift=0
[FREE POLY] k=5 disc=1 raw=40 facets=6 vertices=9 rho=4 anchor_shift=0
[FREE POLY] k=5 disc=2 raw=40 facets=5 vertices=8 rho=8 anchor_shift=0
[FREE POLY] k=6 disc=0 raw=40 facets=4 vertices=6 rho=8.8 anchor_shift=0
[FREE POLY] k=6 disc=1 raw=40 facets=4 vertices=7 rho=4.8 anchor_shift=0
[FREE POLY] k=6 disc=2 raw=40 facets=3 vertices=6 rho=8.8 anchor_shift=0
[FREE POLY] k=7 disc=0 raw=40 facets=3 vertices=5 rho=9.6 anchor_shift=0
[FREE POLY] k=7 disc=1 raw=40 facets=4 vertices=7 rho=5.6 anchor_shift=0
[FREE POLY] k=7 disc=2 raw=40 facets=3 vertices=6 rho=9.6 anchor_shift=0
[FREE POLY] k=8 disc=0 raw=40 facets=3 vertices=6 rho=10.4 anchor_shift=0
[FREE POLY] k=8 disc=1 raw=40 facets=5 vertices=8 rho=6.4 anchor_shift=0
[FREE POLY] k=8 disc=2 raw=40 facets=4 vertices=7 rho=10.4 anchor_shift=0
[RF SUPPORT SEED] removed=0 support_limit=-1
[SQP] before_solve iter=0 vars=16 constraints=141 max_d=-0.0191895
[QP WORST] iter=0 row=98 type=collision d=-0.0191895
[QP WORST COLLISION] scenario=18 k=8 obstacle=0 disc=0
[SQP] after_solve iter=0 converged=1 status=0 iterations=4 primal_residual=3.60822e-16 dual_residual=2.78966e-05 x_size=16 x_finite=1
[SQP LINESEARCH] iter=0 current_violation=0 accepted_violation=0 accepted=1 alpha=1 delta_u_norm=0.329508
[SQP SUPPORT] iter=0 support_size=0 support_limit=-1 support_ok=1
[SQP] before_solve iter=1 vars=16 constraints=141 max_d=-0.0342887
[QP WORST] iter=1 row=4 type=collision d=-0.0342887
[QP WORST COLLISION] scenario=18 k=1 obstacle=0 disc=1
[SQP] after_solve iter=1 converged=1 status=0 iterations=5 primal_residual=4.16334e-16 dual_residual=5.6715e-06 x_size=16 x_finite=1
[SQP LINESEARCH] iter=1 current_violation=0 accepted_violation=0 accepted=1 alpha=1 delta_u_norm=0.191363
[SQP SUPPORT] iter=1 support_size=0 support_limit=-1 support_ok=1
[SQP] before_solve iter=2 vars=16 constraints=141 max_d=-0.0142214
[QP WORST] iter=2 row=98 type=collision d=-0.0142214
[QP WORST COLLISION] scenario=18 k=8 obstacle=0 disc=0
[SQP] after_solve iter=2 converged=1 status=0 iterations=5 primal_residual=4.12864e-16 dual_residual=2.401e-05 x_size=16 x_finite=1
[SQP LINESEARCH] iter=2 current_violation=0 accepted_violation=0 accepted=1 alpha=1 delta_u_norm=0.166963
[SQP SUPPORT] iter=2 support_size=0 support_limit=-1 support_ok=1
[SQP] before_solve iter=3 vars=16 constraints=141 max_d=-0.00657512
[QP WORST] iter=3 row=98 type=collision d=-0.00657512
[QP WORST COLLISION] scenario=18 k=8 obstacle=0 disc=0
[SQP] after_solve iter=3 converged=1 status=0 iterations=5 primal_residual=4.02456e-16 dual_residual=2.87602e-05 x_size=16 x_finite=1
[SQP LINESEARCH] iter=3 current_violation=0 accepted_violation=0 accepted=1 alpha=1 delta_u_norm=0.149378
[SQP SUPPORT] iter=3 support_size=0 support_limit=-1 support_ok=1
[SQP] before_solve iter=4 vars=16 constraints=141 max_d=-0.0025349
[QP WORST] iter=4 row=98 type=collision d=-0.0025349
[QP WORST COLLISION] scenario=18 k=8 obstacle=0 disc=0
[SQP] after_solve iter=4 converged=1 status=0 iterations=5 primal_residual=4.3715e-16 dual_residual=2.23842e-05 x_size=16 x_finite=1
[SQP LINESEARCH] iter=4 current_violation=0 accepted_violation=0 accepted=1 alpha=1 delta_u_norm=0.136399
[SQP SUPPORT] iter=4 support_size=0 support_limit=-1 support_ok=1
[SQP] before_solve iter=5 vars=16 constraints=141 max_d=-0.0011775
[QP WORST] iter=5 row=98 type=collision d=-0.0011775
[QP WORST COLLISION] scenario=18 k=8 obstacle=0 disc=0
[SQP] after_solve iter=5 converged=1 status=0 iterations=5 primal_residual=4.16334e-16 dual_residual=1.72449e-05 x_size=16 x_finite=1
[SQP LINESEARCH] iter=5 current_violation=0 accepted_violation=0 accepted=1 alpha=1 delta_u_norm=0.12662
[SQP SUPPORT] iter=5 support_size=0 support_limit=-1 support_ok=1
[SQP] before_solve iter=6 vars=16 constraints=141 max_d=-0.00071058
[QP WORST] iter=6 row=98 type=collision d=-0.00071058
[QP WORST COLLISION] scenario=18 k=8 obstacle=0 disc=0
[SQP] after_solve iter=6 converged=1 status=0 iterations=5 primal_residual=4.44089e-16 dual_residual=1.45847e-05 x_size=16 x_finite=1
[SQP LINESEARCH] iter=6 current_violation=0 accepted_violation=0 accepted=1 alpha=1 delta_u_norm=0.118818
[SQP SUPPORT] iter=6 support_size=0 support_limit=-1 support_ok=1
[SQP] before_solve iter=7 vars=16 constraints=141 max_d=-0.000535314
[QP WORST] iter=7 row=98 type=collision d=-0.000535314
[QP WORST COLLISION] scenario=18 k=8 obstacle=0 disc=0
[SQP] after_solve iter=7 converged=1 status=0 iterations=5 primal_residual=3.60389e-16 dual_residual=1.32991e-05 x_size=16 x_finite=1
[SQP LINESEARCH] iter=7 current_violation=0 accepted_violation=0 accepted=1 alpha=1 delta_u_norm=0.112094
[SQP SUPPORT] iter=7 support_size=0 support_limit=-1 support_ok=1
[SQP] before_solve iter=8 vars=16 constraints=141 max_d=-0.000461497
[QP WORST] iter=8 row=98 type=collision d=-0.000461497
[QP WORST COLLISION] scenario=18 k=8 obstacle=0 disc=0
[SQP] after_solve iter=8 converged=1 status=0 iterations=5 primal_residual=4.16334e-16 dual_residual=1.26784e-05 x_size=16 x_finite=1
[SQP LINESEARCH] iter=8 current_violation=0 accepted_violation=0 accepted=1 alpha=1 delta_u_norm=0.106044
[SQP SUPPORT] iter=8 support_size=0 support_limit=-1 support_ok=1
[SQP] before_solve iter=9 vars=16 constraints=141 max_d=-0.000427826
[QP WORST] iter=9 row=98 type=collision d=-0.000427826
[QP WORST COLLISION] scenario=18 k=8 obstacle=0 disc=0
[SQP] after_solve iter=9 converged=1 status=0 iterations=5 primal_residual=4.43872e-16 dual_residual=1.23772e-05 x_size=16 x_finite=1
[SQP LINESEARCH] iter=9 current_violation=0 accepted_violation=0 accepted=1 alpha=1 delta_u_norm=0.100493
[SQP SUPPORT] iter=9 support_size=0 support_limit=-1 support_ok=1
[SQP FINAL] final_violation=0 violated_constraints=0
[SUPPORT FINAL] sqp_union=0 final_active=1 support_limit=-1
[SUPPORT FINAL IDS] 18
[SUPPORT UNION IDS]
[COLD START RECOVERY CHECK] ordinary_sqp_failed=0 seed_available=1 incompatible=0 try_homotopy=0
[HARNESS RESULT] step=28 success=1 controls=8 first_input_present=1
[MPC STEP METRICS] step=28 applied=1 success=1 fallback=0 a=0.157664 omega=-0.8 dt=0.1 acceleration_weight=0.1 steering_weight=0.1 control_cost_unweighted=0.664858 control_cost_weighted=0.0664858 mpc_cost=-15.881 solve_time=0.040399 qp_solve_time=0.0263529 constraint_time=0.0079178 dro_risk_time=0.000407022 ambiguity_radius=0.00550438 certificate=not_requested
[EVAL SAFETY] step=29 min_center_distance=0.990573 min_clearance=0.0405729 collision_this_step=0 collision_run=0 collision_radius=0.95
[DRO SUMMARY] step=30 obstacle=0 S=40 rho=0.00536487 rho_raw=0.00536487 D_max=0.0256781 D_min=0.0128703 tv_bound=0.416842 eta=0.208928 eta_raw=0.208928 radius_m=30 radius_d=3 transport_cost=0.00536487 budget_usage=1 lambda=1.84797 q_support=2 nominal_risk=0.12101 qstar_risk=0.131381 risk_lift=0.0103711 tv=0.406858
[DRO MODE] step=30 obstacle=0 mode=constant_velocity p=0.396825 risk=0.126306 q=0 delta_q=-0.396825 q_times_S=0
[DRO MODE] step=30 obstacle=0 mode=turn_left p=0.174603 risk=0.151241 q=0.581461 delta_q=0.406858 q_times_S=23.2584
[DRO MODE] step=30 obstacle=0 mode=turn_right p=0.428571 risk=0.103789 q=0.418539 delta_q=-0.0100327 q_times_S=16.7416
[DRO SAMPLE] step=30 obstacle=0 mode=constant_velocity q=0 q_times_S=0 first_count=0 first_fraction=0 occupancy=0 occupancy_fraction=0
[DRO SAMPLE] step=30 obstacle=0 mode=turn_left q=0.581461 q_times_S=23.2584 first_count=22 first_fraction=0.55 occupancy=176 occupancy_fraction=0.55
[DRO SAMPLE] step=30 obstacle=0 mode=turn_right q=0.418539 q_times_S=16.7416 first_count=18 first_fraction=0.45 occupancy=144 occupancy_fraction=0.45
[RF BACKUP] available=1 controls=8 states=9
[FREE POLY] k=1 disc=0 raw=40 facets=3 vertices=7 rho=4.8 anchor_shift=0
[FREE POLY] k=1 disc=1 raw=40 facets=1 vertices=4 rho=0.800001 anchor_shift=0
[FREE POLY] k=1 disc=2 raw=40 facets=3 vertices=6 rho=4.8 anchor_shift=0
[FREE POLY] k=2 disc=0 raw=40 facets=4 vertices=8 rho=5.6 anchor_shift=0
[FREE POLY] k=2 disc=1 raw=40 facets=4 vertices=7 rho=1.6 anchor_shift=0
[FREE POLY] k=2 disc=2 raw=40 facets=4 vertices=7 rho=5.6 anchor_shift=0
[FREE POLY] k=3 disc=0 raw=40 facets=5 vertices=9 rho=6.4 anchor_shift=0
[FREE POLY] k=3 disc=1 raw=40 facets=4 vertices=7 rho=2.4 anchor_shift=0
[FREE POLY] k=3 disc=2 raw=40 facets=3 vertices=6 rho=6.4 anchor_shift=0
[FREE POLY] k=4 disc=0 raw=40 facets=4 vertices=7 rho=7.2 anchor_shift=0
[FREE POLY] k=4 disc=1 raw=40 facets=5 vertices=9 rho=3.2 anchor_shift=0
[FREE POLY] k=4 disc=2 raw=40 facets=5 vertices=8 rho=7.2 anchor_shift=0
[FREE POLY] k=5 disc=0 raw=40 facets=4 vertices=7 rho=8 anchor_shift=0
[FREE POLY] k=5 disc=1 raw=40 facets=5 vertices=8 rho=4 anchor_shift=0
[FREE POLY] k=5 disc=2 raw=40 facets=5 vertices=8 rho=8 anchor_shift=0
[FREE POLY] k=6 disc=0 raw=40 facets=6 vertices=9 rho=8.8 anchor_shift=0
[FREE POLY] k=6 disc=1 raw=40 facets=6 vertices=9 rho=4.8 anchor_shift=0
[FREE POLY] k=6 disc=2 raw=40 facets=5 vertices=8 rho=8.8 anchor_shift=0
[FREE POLY] k=7 disc=0 raw=40 facets=5 vertices=8 rho=9.6 anchor_shift=0
[FREE POLY] k=7 disc=1 raw=40 facets=5 vertices=8 rho=5.6 anchor_shift=0
[FREE POLY] k=7 disc=2 raw=40 facets=4 vertices=7 rho=9.6 anchor_shift=0
[FREE POLY] k=8 disc=0 raw=40 facets=5 vertices=8 rho=10.4 anchor_shift=0
[FREE POLY] k=8 disc=1 raw=40 facets=5 vertices=8 rho=6.4 anchor_shift=0
[FREE POLY] k=8 disc=2 raw=40 facets=3 vertices=6 rho=10.4 anchor_shift=0
[RF SUPPORT SEED] removed=0 support_limit=-1
[SQP] before_solve iter=0 vars=16 constraints=135 max_d=0.120594
[QP WORST] iter=0 row=93 type=collision d=0.120594
[QP WORST COLLISION] scenario=35 k=8 obstacle=0 disc=0
[SQP] after_solve iter=0 converged=1 status=0 iterations=5 primal_residual=3.19189e-16 dual_residual=8.8239e-06 x_size=16 x_finite=1
[SQP LINESEARCH] iter=0 current_violation=0.120594 accepted_violation=0.00401557 accepted=1 alpha=1 delta_u_norm=0.455101
[SQP SUPPORT] iter=0 support_size=0 support_limit=-1 support_ok=1
[SQP] before_solve iter=1 vars=16 constraints=135 max_d=0.00401557
[QP WORST] iter=1 row=93 type=collision d=0.00401557
[QP WORST COLLISION] scenario=35 k=8 obstacle=0 disc=0
[SQP] after_solve iter=1 converged=1 status=0 iterations=4 primal_residual=1.4016e-08 dual_residual=6.40901e-05 x_size=16 x_finite=1
[SQP LINESEARCH] iter=1 current_violation=0.00401557 accepted_violation=0 accepted=1 alpha=1 delta_u_norm=0.296715
[SQP SUPPORT] iter=1 support_size=0 support_limit=-1 support_ok=1
[SQP] before_solve iter=2 vars=16 constraints=135 max_d=-0.000195528
[QP WORST] iter=2 row=93 type=collision d=-0.000195528
[QP WORST COLLISION] scenario=35 k=8 obstacle=0 disc=0
[SQP] after_solve iter=2 converged=1 status=0 iterations=4 primal_residual=1.78695e-08 dual_residual=4.45734e-05 x_size=16 x_finite=1
[SQP LINESEARCH] iter=2 current_violation=0 accepted_violation=0 accepted=1 alpha=1 delta_u_norm=0.171766
[SQP SUPPORT] iter=2 support_size=0 support_limit=-1 support_ok=1
[SQP] before_solve iter=3 vars=16 constraints=135 max_d=-4.85553e-05
[QP WORST] iter=3 row=93 type=collision d=-4.85553e-05
[QP WORST COLLISION] scenario=35 k=8 obstacle=0 disc=0
[SQP] after_solve iter=3 converged=1 status=0 iterations=4 primal_residual=2.79408e-08 dual_residual=4.92091e-05 x_size=16 x_finite=1
[SQP LINESEARCH] iter=3 current_violation=0 accepted_violation=0 accepted=1 alpha=1 delta_u_norm=0.154762
[SQP SUPPORT] iter=3 support_size=0 support_limit=-1 support_ok=1
[SQP] before_solve iter=4 vars=16 constraints=135 max_d=-4.0477e-05
[QP WORST] iter=4 row=93 type=collision d=-4.0477e-05
[QP WORST COLLISION] scenario=35 k=8 obstacle=0 disc=0
[SQP] after_solve iter=4 converged=1 status=0 iterations=4 primal_residual=3.96346e-08 dual_residual=5.68429e-05 x_size=16 x_finite=1
[SQP LINESEARCH] iter=4 current_violation=0 accepted_violation=0 accepted=1 alpha=1 delta_u_norm=0.143465
[SQP SUPPORT] iter=4 support_size=0 support_limit=-1 support_ok=1
[SQP] before_solve iter=5 vars=16 constraints=135 max_d=-5.26373e-06
[QP WORST] iter=5 row=93 type=collision d=-5.26373e-06
[QP WORST COLLISION] scenario=35 k=8 obstacle=0 disc=0
[SQP] after_solve iter=5 converged=1 status=0 iterations=4 primal_residual=1.22571e-07 dual_residual=6.70559e-05 x_size=16 x_finite=1
[SQP LINESEARCH] iter=5 current_violation=0 accepted_violation=0 accepted=1 alpha=1 delta_u_norm=0.133891
[SQP SUPPORT] iter=5 support_size=0 support_limit=-1 support_ok=1
[SQP] before_solve iter=6 vars=16 constraints=135 max_d=-4.01055e-06
[QP WORST] iter=6 row=93 type=collision d=-4.01055e-06
[QP WORST COLLISION] scenario=35 k=8 obstacle=0 disc=0
[SQP] after_solve iter=6 converged=1 status=0 iterations=4 primal_residual=2.21269e-07 dual_residual=7.6516e-05 x_size=16 x_finite=1
[SQP LINESEARCH] iter=6 current_violation=0 accepted_violation=0 accepted=1 alpha=1 delta_u_norm=0.125201
[SQP SUPPORT] iter=6 support_size=0 support_limit=-1 support_ok=1
[SQP] before_solve iter=7 vars=16 constraints=135 max_d=-4.01567e-06
[QP WORST] iter=7 row=93 type=collision d=-4.01567e-06
[QP WORST COLLISION] scenario=35 k=8 obstacle=0 disc=0
[SQP] after_solve iter=7 converged=1 status=0 iterations=5 primal_residual=1.31757e-11 dual_residual=3.28525e-07 x_size=16 x_finite=1
[SQP LINESEARCH] iter=7 current_violation=0 accepted_violation=0 accepted=1 alpha=1 delta_u_norm=0.119122
[SQP SUPPORT] iter=7 support_size=0 support_limit=-1 support_ok=1
[SQP] before_solve iter=8 vars=16 constraints=135 max_d=-2.18638e-06
[QP WORST] iter=8 row=93 type=collision d=-2.18638e-06
[QP WORST COLLISION] scenario=35 k=8 obstacle=0 disc=0
[SQP] after_solve iter=8 converged=1 status=0 iterations=5 primal_residual=4.20654e-11 dual_residual=1.46131e-06 x_size=16 x_finite=1
[SQP LINESEARCH] iter=8 current_violation=0 accepted_violation=0 accepted=1 alpha=1 delta_u_norm=0.112143
[SQP SUPPORT] iter=8 support_size=0 support_limit=-1 support_ok=1
[SQP] before_solve iter=9 vars=16 constraints=135 max_d=-1.7075e-06
[QP WORST] iter=9 row=93 type=collision d=-1.7075e-06
[QP WORST COLLISION] scenario=35 k=8 obstacle=0 disc=0
[SQP] after_solve iter=9 converged=1 status=0 iterations=5 primal_residual=4.79225e-11 dual_residual=4.77598e-06 x_size=16 x_finite=1
[SQP LINESEARCH] iter=9 current_violation=0 accepted_violation=0 accepted=1 alpha=1 delta_u_norm=0.105789
[SQP SUPPORT] iter=9 support_size=0 support_limit=-1 support_ok=1
[SQP FINAL] final_violation=0 violated_constraints=0
[SUPPORT FINAL] sqp_union=0 final_active=1 support_limit=-1
[SUPPORT FINAL IDS] 35
[SUPPORT UNION IDS]
[COLD START RECOVERY CHECK] ordinary_sqp_failed=0 seed_available=1 incompatible=0 try_homotopy=0
[HARNESS RESULT] step=29 success=1 controls=8 first_input_present=1
[MPC STEP METRICS] step=29 applied=1 success=1 fallback=0 a=0.096049 omega=-0.799999 dt=0.1 acceleration_weight=0.1 steering_weight=0.1 control_cost_unweighted=0.649225 control_cost_weighted=0.0649225 mpc_cost=-16.0451 solve_time=0.0405732 qp_solve_time=0.026636 constraint_time=0.00777803 dro_risk_time=0.000415598 ambiguity_radius=0.00536487 certificate=not_requested
[EVAL SAFETY] step=30 min_center_distance=1.01974 min_clearance=0.0697382 collision_this_step=0 collision_run=0 collision_radius=0.95
[DRO SUMMARY] step=31 obstacle=0 S=40 rho=0.00523148 rho_raw=0.00523148 D_max=0.0256781 D_min=0.0128703 tv_bound=0.406478 eta=0.203733 eta_raw=0.203733 radius_m=31 radius_d=3 transport_cost=0.00523148 budget_usage=1 lambda=2.19168 q_support=3 nominal_risk=0.0678355 qstar_risk=0.0793012 risk_lift=0.0114657 tv=0.406478
[DRO MODE] step=31 obstacle=0 mode=constant_velocity p=0.415385 risk=0.0740854 q=0.00890688 delta_q=-0.406478 q_times_S=0.356275
[DRO MODE] step=31 obstacle=0 mode=turn_left p=0.169231 risk=0.102293 q=0.575709 delta_q=0.406478 q_times_S=23.0283
[DRO MODE] step=31 obstacle=0 mode=turn_right p=0.415385 risk=0.0475474 q=0.415385 delta_q=0 q_times_S=16.6154
[DRO SAMPLE] step=31 obstacle=0 mode=constant_velocity q=0.00890688 q_times_S=0.356275 first_count=0 first_fraction=0 occupancy=0 occupancy_fraction=0
[DRO SAMPLE] step=31 obstacle=0 mode=turn_left q=0.575709 q_times_S=23.0283 first_count=19 first_fraction=0.475 occupancy=152 occupancy_fraction=0.475
[DRO SAMPLE] step=31 obstacle=0 mode=turn_right q=0.415385 q_times_S=16.6154 first_count=21 first_fraction=0.525 occupancy=168 occupancy_fraction=0.525
[RF BACKUP] available=1 controls=8 states=9
[FREE POLY] k=1 disc=0 raw=40 facets=7 vertices=11 rho=4.8 anchor_shift=0
[FREE POLY] k=1 disc=1 raw=40 facets=3 vertices=6 rho=0.800001 anchor_shift=0
[FREE POLY] k=1 disc=2 raw=40 facets=3 vertices=6 rho=4.8 anchor_shift=0
[FREE POLY] k=2 disc=0 raw=40 facets=6 vertices=10 rho=5.6 anchor_shift=0
[FREE POLY] k=2 disc=1 raw=40 facets=4 vertices=7 rho=1.6 anchor_shift=0
[FREE POLY] k=2 disc=2 raw=40 facets=4 vertices=7 rho=5.6 anchor_shift=0
[FREE POLY] k=3 disc=0 raw=40 facets=5 vertices=8 rho=6.4 anchor_shift=0
[FREE POLY] k=3 disc=1 raw=40 facets=3 vertices=7 rho=2.4 anchor_shift=0
[FREE POLY] k=3 disc=2 raw=40 facets=3 vertices=6 rho=6.4 anchor_shift=0
[FREE POLY] k=4 disc=0 raw=40 facets=5 vertices=8 rho=7.2 anchor_shift=0
[FREE POLY] k=4 disc=1 raw=40 facets=4 vertices=7 rho=3.2 anchor_shift=0
[FREE POLY] k=4 disc=2 raw=40 facets=3 vertices=6 rho=7.2 anchor_shift=0
[FREE POLY] k=5 disc=0 raw=40 facets=6 vertices=9 rho=8 anchor_shift=0
[FREE POLY] k=5 disc=1 raw=40 facets=4 vertices=7 rho=4 anchor_shift=0
[FREE POLY] k=5 disc=2 raw=40 facets=4 vertices=7 rho=8 anchor_shift=0
[FREE POLY] k=6 disc=0 raw=40 facets=7 vertices=10 rho=8.8 anchor_shift=0
[FREE POLY] k=6 disc=1 raw=40 facets=5 vertices=8 rho=4.8 anchor_shift=0
[FREE POLY] k=6 disc=2 raw=40 facets=5 vertices=8 rho=8.8 anchor_shift=0
[FREE POLY] k=7 disc=0 raw=40 facets=7 vertices=10 rho=9.6 anchor_shift=0
[FREE POLY] k=7 disc=1 raw=40 facets=6 vertices=9 rho=5.6 anchor_shift=0
[FREE POLY] k=7 disc=2 raw=40 facets=6 vertices=9 rho=9.6 anchor_shift=0
[FREE POLY] k=8 disc=0 raw=40 facets=7 vertices=10 rho=10.4 anchor_shift=0
[FREE POLY] k=8 disc=1 raw=40 facets=5 vertices=8 rho=6.4 anchor_shift=0
[FREE POLY] k=8 disc=2 raw=40 facets=4 vertices=7 rho=10.4 anchor_shift=0
[RF SUPPORT SEED] removed=0 support_limit=-1
[SQP] before_solve iter=0 vars=16 constraints=148 max_d=0.0244781
[QP WORST] iter=0 row=101 type=collision d=0.0244781
[QP WORST COLLISION] scenario=11 k=8 obstacle=0 disc=0
[SQP] after_solve iter=0 converged=1 status=0 iterations=5 primal_residual=4.44089e-16 dual_residual=4.76469e-07 x_size=16 x_finite=1
[SQP LINESEARCH] iter=0 current_violation=0.0244781 accepted_violation=0.000471896 accepted=1 alpha=1 delta_u_norm=0.271703
[SQP SUPPORT] iter=0 support_size=0 support_limit=-1 support_ok=1
[SQP] before_solve iter=1 vars=16 constraints=148 max_d=0.000471896
[QP WORST] iter=1 row=101 type=collision d=0.000471896
[QP WORST COLLISION] scenario=11 k=8 obstacle=0 disc=0
[SQP] after_solve iter=1 converged=1 status=0 iterations=5 primal_residual=4.02456e-16 dual_residual=6.35781e-07 x_size=16 x_finite=1
[SQP LINESEARCH] iter=1 current_violation=0.000471896 accepted_violation=0 accepted=1 alpha=1 delta_u_norm=0.221492
[SQP SUPPORT] iter=1 support_size=0 support_limit=-1 support_ok=1
[SQP] before_solve iter=2 vars=16 constraints=148 max_d=-6.9415e-05
[QP WORST] iter=2 row=101 type=collision d=-6.9415e-05
[QP WORST COLLISION] scenario=11 k=8 obstacle=0 disc=0
[SQP] after_solve iter=2 converged=1 status=0 iterations=5 primal_residual=4.25007e-16 dual_residual=9.79172e-07 x_size=16 x_finite=1
[SQP LINESEARCH] iter=2 current_violation=0 accepted_violation=0 accepted=1 alpha=1 delta_u_norm=0.186016
[SQP SUPPORT] iter=2 support_size=0 support_limit=-1 support_ok=1
[SQP] before_solve iter=3 vars=16 constraints=148 max_d=-1.63427e-05
[QP WORST] iter=3 row=101 type=collision d=-1.63427e-05
[QP WORST COLLISION] scenario=11 k=8 obstacle=0 disc=0
[SQP] after_solve iter=3 converged=1 status=0 iterations=5 primal_residual=4.3715e-16 dual_residual=3.56968e-06 x_size=16 x_finite=1
[SQP LINESEARCH] iter=3 current_violation=0 accepted_violation=0 accepted=1 alpha=1 delta_u_norm=0.170672
[SQP SUPPORT] iter=3 support_size=0 support_limit=-1 support_ok=1
[SQP] before_solve iter=4 vars=16 constraints=148 max_d=-1.45327e-05
[QP WORST] iter=4 row=101 type=collision d=-1.45327e-05
[QP WORST COLLISION] scenario=11 k=8 obstacle=0 disc=0
[SQP] after_solve iter=4 converged=1 status=0 iterations=5 primal_residual=3.60389e-16 dual_residual=2.29735e-05 x_size=16 x_finite=1
[SQP LINESEARCH] iter=4 current_violation=0 accepted_violation=0 accepted=1 alpha=1 delta_u_norm=0.155853
[SQP SUPPORT] iter=4 support_size=0 support_limit=-1 support_ok=1
[SQP] before_solve iter=5 vars=16 constraints=148 max_d=-2.02279e-05
[QP WORST] iter=5 row=101 type=collision d=-2.02279e-05
[QP WORST COLLISION] scenario=11 k=8 obstacle=0 disc=0
[SQP] after_solve iter=5 converged=1 status=0 iterations=5 primal_residual=3.95951e-16 dual_residual=4.2861e-05 x_size=16 x_finite=1
[SQP LINESEARCH] iter=5 current_violation=0 accepted_violation=0 accepted=1 alpha=1 delta_u_norm=0.137688
[SQP SUPPORT] iter=5 support_size=0 support_limit=-1 support_ok=1
[SQP] before_solve iter=6 vars=16 constraints=148 max_d=-4.03717e-05
[QP WORST] iter=6 row=101 type=collision d=-4.03717e-05
[QP WORST COLLISION] scenario=11 k=8 obstacle=0 disc=0
[SQP] after_solve iter=6 converged=1 status=0 iterations=5 primal_residual=3.05311e-16 dual_residual=3.10742e-05 x_size=16 x_finite=1
[SQP LINESEARCH] iter=6 current_violation=0 accepted_violation=0 accepted=1 alpha=1 delta_u_norm=0.121839
[SQP SUPPORT] iter=6 support_size=0 support_limit=-1 support_ok=1
[SQP] before_solve iter=7 vars=16 constraints=148 max_d=-5.29458e-05
[QP WORST] iter=7 row=101 type=collision d=-5.29458e-05
[QP WORST COLLISION] scenario=11 k=8 obstacle=0 disc=0
[SQP] after_solve iter=7 converged=1 status=0 iterations=5 primal_residual=4.44089e-16 dual_residual=3.06687e-05 x_size=16 x_finite=1
[SQP LINESEARCH] iter=7 current_violation=0 accepted_violation=0 accepted=1 alpha=1 delta_u_norm=0.112543
[SQP SUPPORT] iter=7 support_size=0 support_limit=-1 support_ok=1
[SQP] before_solve iter=8 vars=16 constraints=148 max_d=-5.186e-05
[QP WORST] iter=8 row=101 type=collision d=-5.186e-05
[QP WORST COLLISION] scenario=11 k=8 obstacle=0 disc=0
[SQP] after_solve iter=8 converged=1 status=0 iterations=5 primal_residual=2.64457e-08 dual_residual=3.02534e-05 x_size=16 x_finite=1
[SQP LINESEARCH] iter=8 current_violation=0 accepted_violation=0 accepted=1 alpha=1 delta_u_norm=0.106088
[SQP SUPPORT] iter=8 support_size=0 support_limit=-1 support_ok=1
[SQP] before_solve iter=9 vars=16 constraints=148 max_d=-2.88201e-07
[QP WORST] iter=9 row=82 type=collision d=-2.88201e-07
[QP WORST COLLISION] scenario=11 k=7 obstacle=0 disc=0
[SQP] after_solve iter=9 converged=1 status=0 iterations=5 primal_residual=5.91964e-08 dual_residual=3.01959e-05 x_size=16 x_finite=1
[SQP LINESEARCH] iter=9 current_violation=0 accepted_violation=0 accepted=1 alpha=1 delta_u_norm=0.100461
[SQP SUPPORT] iter=9 support_size=0 support_limit=-1 support_ok=1
[SQP FINAL] final_violation=0 violated_constraints=0
[SUPPORT FINAL] sqp_union=0 final_active=1 support_limit=-1
[SUPPORT FINAL IDS] 11
[SUPPORT UNION IDS]
[COLD START RECOVERY CHECK] ordinary_sqp_failed=0 seed_available=1 incompatible=0 try_homotopy=0
[HARNESS RESULT] step=30 success=1 controls=8 first_input_present=1
[MPC STEP METRICS] step=30 applied=1 success=1 fallback=0 a=0.0199862 omega=-0.799548 dt=0.1 acceleration_weight=0.1 steering_weight=0.1 control_cost_unweighted=0.639676 control_cost_weighted=0.0639676 mpc_cost=-16.229 solve_time=0.0415087 qp_solve_time=0.0273809 constraint_time=0.00794061 dro_risk_time=0.000487022 ambiguity_radius=0.00523148 certificate=not_requested
[EVAL SAFETY] step=31 min_center_distance=1.06451 min_clearance=0.114514 collision_this_step=0 collision_run=0 collision_radius=0.95
[DRO SUMMARY] step=32 obstacle=0 S=40 rho=0.0051635 rho_raw=0.0051635 D_max=0.0256781 D_min=0.0128703 tv_bound=0.401196 eta=0.201086 eta_raw=0.201086 radius_m=32 radius_d=3 transport_cost=0.0051635 budget_usage=1 lambda=2.32079 q_support=3 nominal_risk=0.0835769 qstar_risk=0.0955604 risk_lift=0.0119834 tv=0.401196
[DRO MODE] step=32 obstacle=0 mode=constant_velocity p=0.402985 risk=0.0912014 q=0.00178931 delta_q=-0.401196 q_times_S=0.0715722
[DRO MODE] step=32 obstacle=0 mode=turn_left p=0.164179 risk=0.121071 q=0.565375 delta_q=0.401196 q_times_S=22.615
[DRO MODE] step=32 obstacle=0 mode=turn_right p=0.432836 risk=0.0622565 q=0.432836 delta_q=0 q_times_S=17.3134
[DRO SAMPLE] step=32 obstacle=0 mode=constant_velocity q=0.00178931 q_times_S=0.0715722 first_count=0 first_fraction=0 occupancy=0 occupancy_fraction=0
[DRO SAMPLE] step=32 obstacle=0 mode=turn_left q=0.565375 q_times_S=22.615 first_count=23 first_fraction=0.575 occupancy=184 occupancy_fraction=0.575
[DRO SAMPLE] step=32 obstacle=0 mode=turn_right q=0.432836 q_times_S=17.3134 first_count=17 first_fraction=0.425 occupancy=136 occupancy_fraction=0.425
[RF BACKUP] available=1 controls=8 states=9
[FREE POLY] k=1 disc=0 raw=40 facets=4 vertices=8 rho=4.8 anchor_shift=0
[FREE POLY] k=1 disc=1 raw=40 facets=3 vertices=7 rho=0.800001 anchor_shift=0
[FREE POLY] k=1 disc=2 raw=40 facets=2 vertices=5 rho=4.8 anchor_shift=0
[FREE POLY] k=2 disc=0 raw=40 facets=4 vertices=8 rho=5.6 anchor_shift=0
[FREE POLY] k=2 disc=1 raw=40 facets=3 vertices=7 rho=1.6 anchor_shift=0
[FREE POLY] k=2 disc=2 raw=40 facets=2 vertices=5 rho=5.6 anchor_shift=0
[FREE POLY] k=3 disc=0 raw=40 facets=4 vertices=7 rho=6.4 anchor_shift=0
[FREE POLY] k=3 disc=1 raw=40 facets=3 vertices=6 rho=2.4 anchor_shift=0
[FREE POLY] k=3 disc=2 raw=40 facets=2 vertices=5 rho=6.4 anchor_shift=0
[FREE POLY] k=4 disc=0 raw=40 facets=4 vertices=7 rho=7.2 anchor_shift=0
[FREE POLY] k=4 disc=1 raw=40 facets=2 vertices=5 rho=3.2 anchor_shift=0
[FREE POLY] k=4 disc=2 raw=40 facets=2 vertices=5 rho=7.2 anchor_shift=0
[FREE POLY] k=5 disc=0 raw=40 facets=3 vertices=6 rho=8 anchor_shift=0
[FREE POLY] k=5 disc=1 raw=40 facets=2 vertices=5 rho=4 anchor_shift=0
[FREE POLY] k=5 disc=2 raw=40 facets=2 vertices=5 rho=8 anchor_shift=0
[FREE POLY] k=6 disc=0 raw=40 facets=3 vertices=6 rho=8.8 anchor_shift=0
[FREE POLY] k=6 disc=1 raw=40 facets=2 vertices=5 rho=4.8 anchor_shift=0
[FREE POLY] k=6 disc=2 raw=40 facets=2 vertices=5 rho=8.8 anchor_shift=0
[FREE POLY] k=7 disc=0 raw=40 facets=4 vertices=7 rho=9.6 anchor_shift=0
[FREE POLY] k=7 disc=1 raw=40 facets=3 vertices=6 rho=5.6 anchor_shift=0
[FREE POLY] k=7 disc=2 raw=40 facets=3 vertices=6 rho=9.6 anchor_shift=0
[FREE POLY] k=8 disc=0 raw=40 facets=4 vertices=7 rho=10.4 anchor_shift=0
[FREE POLY] k=8 disc=1 raw=40 facets=3 vertices=6 rho=6.4 anchor_shift=0
[FREE POLY] k=8 disc=2 raw=40 facets=4 vertices=7 rho=10.4 anchor_shift=0
[RF SUPPORT SEED] removed=0 support_limit=-1
[SQP] before_solve iter=0 vars=16 constraints=102 max_d=0.103016
[QP WORST] iter=0 row=61 type=collision d=0.103016
[QP WORST COLLISION] scenario=29 k=8 obstacle=0 disc=0
[SQP] after_solve iter=0 converged=1 status=0 iterations=5 primal_residual=4.26653e-10 dual_residual=8.74942e-07 x_size=16 x_finite=1
[SQP LINESEARCH] iter=0 current_violation=0.103016 accepted_violation=0.00185798 accepted=1 alpha=1 delta_u_norm=0.445618
[SQP SUPPORT] iter=0 support_size=0 support_limit=-1 support_ok=1
[SQP] before_solve iter=1 vars=16 constraints=102 max_d=0.00185798
[QP WORST] iter=1 row=61 type=collision d=0.00185798
[QP WORST COLLISION] scenario=29 k=8 obstacle=0 disc=0
[SQP] after_solve iter=1 converged=1 status=0 iterations=5 primal_residual=3.05311e-16 dual_residual=1.64533e-05 x_size=16 x_finite=1
[SQP LINESEARCH] iter=1 current_violation=0.00185798 accepted_violation=0 accepted=1 alpha=1 delta_u_norm=0.31178
[SQP SUPPORT] iter=1 support_size=0 support_limit=-1 support_ok=1
[SQP] before_solve iter=2 vars=16 constraints=102 max_d=-0.000165678
[QP WORST] iter=2 row=61 type=collision d=-0.000165678
[QP WORST COLLISION] scenario=29 k=8 obstacle=0 disc=0
[SQP] after_solve iter=2 converged=1 status=0 iterations=5 primal_residual=1.02764e-09 dual_residual=1.82658e-05 x_size=16 x_finite=1
[SQP LINESEARCH] iter=2 current_violation=0 accepted_violation=0 accepted=1 alpha=0.5 delta_u_norm=0.190589
[SQP SUPPORT] iter=2 support_size=0 support_limit=-1 support_ok=1
[SQP] before_solve iter=3 vars=16 constraints=102 max_d=-8.09312e-05
[QP WORST] iter=3 row=61 type=collision d=-8.09312e-05
[QP WORST COLLISION] scenario=29 k=8 obstacle=0 disc=0
[SQP] after_solve iter=3 converged=1 status=0 iterations=5 primal_residual=4.3715e-16 dual_residual=1.71691e-05 x_size=16 x_finite=1
[SQP LINESEARCH] iter=3 current_violation=0 accepted_violation=0 accepted=1 alpha=1 delta_u_norm=0.158914
[SQP SUPPORT] iter=3 support_size=0 support_limit=-1 support_ok=1
[SQP] before_solve iter=4 vars=16 constraints=102 max_d=-2.90072e-06
[QP WORST] iter=4 row=61 type=collision d=-2.90072e-06
[QP WORST COLLISION] scenario=29 k=8 obstacle=0 disc=0
[SQP] after_solve iter=4 converged=1 status=0 iterations=5 primal_residual=4.09395e-16 dual_residual=1.22512e-05 x_size=16 x_finite=1
[SQP LINESEARCH] iter=4 current_violation=0 accepted_violation=0 accepted=1 alpha=1 delta_u_norm=0.138771
[SQP SUPPORT] iter=4 support_size=0 support_limit=-1 support_ok=1
[SQP] before_solve iter=5 vars=16 constraints=102 max_d=-1.18536e-06
[QP WORST] iter=5 row=51 type=collision d=-1.18536e-06
[QP WORST COLLISION] scenario=29 k=7 obstacle=0 disc=0
[SQP] after_solve iter=5 converged=1 status=0 iterations=5 primal_residual=4.05925e-16 dual_residual=9.91766e-06 x_size=16 x_finite=1
[SQP LINESEARCH] iter=5 current_violation=0 accepted_violation=0 accepted=1 alpha=1 delta_u_norm=0.12962
[SQP SUPPORT] iter=5 support_size=0 support_limit=-1 support_ok=1
[SQP] before_solve iter=6 vars=16 constraints=102 max_d=-8.28742e-07
[QP WORST] iter=6 row=61 type=collision d=-8.28742e-07
[QP WORST COLLISION] scenario=29 k=8 obstacle=0 disc=0
[SQP] after_solve iter=6 converged=1 status=0 iterations=5 primal_residual=4.16334e-16 dual_residual=8.28606e-06 x_size=16 x_finite=1
[SQP LINESEARCH] iter=6 current_violation=0 accepted_violation=0 accepted=1 alpha=1 delta_u_norm=0.121683
[SQP SUPPORT] iter=6 support_size=0 support_limit=-1 support_ok=1
[SQP] before_solve iter=7 vars=16 constraints=102 max_d=-4.4509e-07
[QP WORST] iter=7 row=61 type=collision d=-4.4509e-07
[QP WORST COLLISION] scenario=29 k=8 obstacle=0 disc=0
[SQP] after_solve iter=7 converged=1 status=0 iterations=5 primal_residual=3.57353e-16 dual_residual=8.11224e-06 x_size=16 x_finite=1
[SQP LINESEARCH] iter=7 current_violation=0 accepted_violation=0 accepted=1 alpha=1 delta_u_norm=0.114641
[SQP SUPPORT] iter=7 support_size=0 support_limit=-1 support_ok=1
[SQP] before_solve iter=8 vars=16 constraints=102 max_d=-3.50823e-07
[QP WORST] iter=8 row=61 type=collision d=-3.50823e-07
[QP WORST COLLISION] scenario=29 k=8 obstacle=0 disc=0
[SQP] after_solve iter=8 converged=1 status=0 iterations=5 primal_residual=3.67761e-16 dual_residual=8.38708e-06 x_size=16 x_finite=1
[SQP LINESEARCH] iter=8 current_violation=0 accepted_violation=0 accepted=1 alpha=1 delta_u_norm=0.108262
[SQP SUPPORT] iter=8 support_size=0 support_limit=-1 support_ok=1
[SQP] before_solve iter=9 vars=16 constraints=102 max_d=-3.34694e-07
[QP WORST] iter=9 row=61 type=collision d=-3.34694e-07
[QP WORST COLLISION] scenario=29 k=8 obstacle=0 disc=0
[SQP] after_solve iter=9 converged=1 status=0 iterations=5 primal_residual=4.0766e-16 dual_residual=8.62853e-06 x_size=16 x_finite=1
[SQP LINESEARCH] iter=9 current_violation=0 accepted_violation=0 accepted=1 alpha=1 delta_u_norm=0.102427
[SQP SUPPORT] iter=9 support_size=0 support_limit=-1 support_ok=1
[SQP FINAL] final_violation=0 violated_constraints=0
[SUPPORT FINAL] sqp_union=0 final_active=2 support_limit=-1
[SUPPORT FINAL IDS] 11 29
[SUPPORT UNION IDS]
[COLD START RECOVERY CHECK] ordinary_sqp_failed=0 seed_available=1 incompatible=0 try_homotopy=0
[HARNESS RESULT] step=31 success=1 controls=8 first_input_present=1
[MPC STEP METRICS] step=31 applied=1 success=1 fallback=0 a=-0.0960399 omega=-0.630404 dt=0.1 acceleration_weight=0.1 steering_weight=0.1 control_cost_unweighted=0.406633 control_cost_weighted=0.0406633 mpc_cost=-16.3755 solve_time=0.0382489 qp_solve_time=0.0249931 constraint_time=0.0071221 dro_risk_time=0.000422321 ambiguity_radius=0.0051635 certificate=not_requested
[EVAL SAFETY] step=32 min_center_distance=1.12495 min_clearance=0.174949 collision_this_step=0 collision_run=0 collision_radius=0.95
[DRO SUMMARY] step=33 obstacle=0 S=40 rho=0.00504229 rho_raw=0.00504229 D_max=0.0256781 D_min=0.0128703 tv_bound=0.391778 eta=0.196365 eta_raw=0.196365 radius_m=33 radius_d=3 transport_cost=0.00504229 budget_usage=1 lambda=2.01398 q_support=3 nominal_risk=0.00580171 qstar_risk=0.0159568 risk_lift=0.0101551 tv=0.391778
[DRO MODE] step=33 obstacle=0 mode=constant_velocity p=0.42029 risk=0.00287984 q=0.0285119 delta_q=-0.391778 q_times_S=1.14047
[DRO MODE] step=33 obstacle=0 mode=turn_left p=0.15942 risk=0.0288003 q=0.551198 delta_q=0.391778 q_times_S=22.0479
[DRO MODE] step=33 obstacle=0 mode=turn_right p=0.42029 risk=0 q=0.42029 delta_q=5.55112e-17 q_times_S=16.8116
[DRO SAMPLE] step=33 obstacle=0 mode=constant_velocity q=0.0285119 q_times_S=1.14047 first_count=2 first_fraction=0.05 occupancy=16 occupancy_fraction=0.05
[DRO SAMPLE] step=33 obstacle=0 mode=turn_left q=0.551198 q_times_S=22.0479 first_count=22 first_fraction=0.55 occupancy=176 occupancy_fraction=0.55
[DRO SAMPLE] step=33 obstacle=0 mode=turn_right q=0.42029 q_times_S=16.8116 first_count=16 first_fraction=0.4 occupancy=128 occupancy_fraction=0.4
[RF BACKUP] available=1 controls=8 states=9
[FREE POLY] k=1 disc=0 raw=40 facets=5 vertices=9 rho=4.8 anchor_shift=0
[FREE POLY] k=1 disc=1 raw=40 facets=3 vertices=7 rho=0.800001 anchor_shift=0
[FREE POLY] k=1 disc=2 raw=40 facets=3 vertices=6 rho=4.8 anchor_shift=0
[FREE POLY] k=2 disc=0 raw=40 facets=4 vertices=7 rho=5.6 anchor_shift=0
[FREE POLY] k=2 disc=1 raw=40 facets=5 vertices=9 rho=1.6 anchor_shift=0
[FREE POLY] k=2 disc=2 raw=40 facets=5 vertices=8 rho=5.6 anchor_shift=0
[FREE POLY] k=3 disc=0 raw=40 facets=5 vertices=8 rho=6.4 anchor_shift=0
[FREE POLY] k=3 disc=1 raw=40 facets=4 vertices=7 rho=2.4 anchor_shift=0
[FREE POLY] k=3 disc=2 raw=40 facets=4 vertices=7 rho=6.4 anchor_shift=0
[FREE POLY] k=4 disc=0 raw=40 facets=4 vertices=7 rho=7.2 anchor_shift=0
[FREE POLY] k=4 disc=1 raw=40 facets=3 vertices=6 rho=3.2 anchor_shift=0
[FREE POLY] k=4 disc=2 raw=40 facets=3 vertices=6 rho=7.2 anchor_shift=0
[FREE POLY] k=5 disc=0 raw=40 facets=4 vertices=7 rho=8 anchor_shift=0
[FREE POLY] k=5 disc=1 raw=40 facets=3 vertices=6 rho=4 anchor_shift=0
[FREE POLY] k=5 disc=2 raw=40 facets=3 vertices=6 rho=8 anchor_shift=0
[FREE POLY] k=6 disc=0 raw=40 facets=5 vertices=8 rho=8.8 anchor_shift=0
[FREE POLY] k=6 disc=1 raw=40 facets=4 vertices=7 rho=4.8 anchor_shift=0
[FREE POLY] k=6 disc=2 raw=40 facets=4 vertices=7 rho=8.8 anchor_shift=0
[FREE POLY] k=7 disc=0 raw=40 facets=6 vertices=9 rho=9.6 anchor_shift=0
[FREE POLY] k=7 disc=1 raw=40 facets=4 vertices=7 rho=5.6 anchor_shift=0
[FREE POLY] k=7 disc=2 raw=40 facets=4 vertices=7 rho=9.6 anchor_shift=0
[FREE POLY] k=8 disc=0 raw=40 facets=3 vertices=6 rho=10.4 anchor_shift=0
[FREE POLY] k=8 disc=1 raw=40 facets=3 vertices=6 rho=6.4 anchor_shift=0
[FREE POLY] k=8 disc=2 raw=40 facets=3 vertices=6 rho=10.4 anchor_shift=0
[RF SUPPORT SEED] removed=0 support_limit=-1
[SQP] before_solve iter=0 vars=16 constraints=126 max_d=0.0166844
[QP WORST] iter=0 row=51 type=collision d=0.0166844
[QP WORST COLLISION] scenario=34 k=5 obstacle=0 disc=0
[SQP] after_solve iter=0 converged=1 status=0 iterations=4 primal_residual=4.87103e-08 dual_residual=8.77003e-05 x_size=16 x_finite=1
[SQP LINESEARCH] iter=0 current_violation=0.0166844 accepted_violation=0.000124559 accepted=1 alpha=1 delta_u_norm=0.339126
[SQP SUPPORT] iter=0 support_size=0 support_limit=-1 support_ok=1
[SQP] before_solve iter=1 vars=16 constraints=126 max_d=0.000124559
[QP WORST] iter=1 row=51 type=collision d=0.000124559
[QP WORST COLLISION] scenario=34 k=5 obstacle=0 disc=0
[SQP] after_solve iter=1 converged=1 status=0 iterations=5 primal_residual=6.1037e-09 dual_residual=1.65682e-05 x_size=16 x_finite=1
[SQP LINESEARCH] iter=1 current_violation=0.000124559 accepted_violation=0 accepted=1 alpha=1 delta_u_norm=0.213919
[SQP SUPPORT] iter=1 support_size=0 support_limit=-1 support_ok=1
[SQP] before_solve iter=2 vars=16 constraints=126 max_d=-4.35042e-06
[QP WORST] iter=2 row=62 type=collision d=-4.35042e-06
[QP WORST COLLISION] scenario=34 k=6 obstacle=0 disc=0
[SQP] after_solve iter=2 converged=1 status=0 iterations=5 primal_residual=3.00107e-16 dual_residual=4.90994e-06 x_size=16 x_finite=1
[SQP LINESEARCH] iter=2 current_violation=0 accepted_violation=0 accepted=1 alpha=0.5 delta_u_norm=0.15145
[SQP SUPPORT] iter=2 support_size=0 support_limit=-1 support_ok=1
[SQP] before_solve iter=3 vars=16 constraints=126 max_d=-2.18228e-06
[QP WORST] iter=3 row=62 type=collision d=-2.18228e-06
[QP WORST COLLISION] scenario=34 k=6 obstacle=0 disc=0
[SQP] after_solve iter=3 converged=1 status=0 iterations=5 primal_residual=5.58101e-10 dual_residual=5.67454e-06 x_size=16 x_finite=1
[SQP LINESEARCH] iter=3 current_violation=0 accepted_violation=0 accepted=1 alpha=0.5 delta_u_norm=0.146075
[SQP SUPPORT] iter=3 support_size=0 support_limit=-1 support_ok=1
[SQP] before_solve iter=4 vars=16 constraints=126 max_d=-1.07043e-06
[QP WORST] iter=4 row=62 type=collision d=-1.07043e-06
[QP WORST COLLISION] scenario=34 k=6 obstacle=0 disc=0
[SQP] after_solve iter=4 converged=1 status=0 iterations=5 primal_residual=7.84133e-10 dual_residual=6.09639e-06 x_size=16 x_finite=1
[SQP LINESEARCH] iter=4 current_violation=0 accepted_violation=0 accepted=1 alpha=0.5 delta_u_norm=0.141282
[SQP SUPPORT] iter=4 support_size=0 support_limit=-1 support_ok=1
[SQP] before_solve iter=5 vars=16 constraints=126 max_d=-5.23187e-07
[QP WORST] iter=5 row=62 type=collision d=-5.23187e-07
[QP WORST COLLISION] scenario=34 k=6 obstacle=0 disc=0
[SQP] after_solve iter=5 converged=1 status=0 iterations=5 primal_residual=8.87696e-10 dual_residual=6.34173e-06 x_size=16 x_finite=1
[SQP LINESEARCH] iter=5 current_violation=0 accepted_violation=0 accepted=1 alpha=0.5 delta_u_norm=0.136861
[SQP SUPPORT] iter=5 support_size=0 support_limit=-1 support_ok=1
[SQP] before_solve iter=6 vars=16 constraints=126 max_d=-2.59646e-07
[QP WORST] iter=6 row=62 type=collision d=-2.59646e-07
[QP WORST COLLISION] scenario=34 k=6 obstacle=0 disc=0
[SQP] after_solve iter=6 converged=1 status=0 iterations=5 primal_residual=9.38675e-10 dual_residual=6.48329e-06 x_size=16 x_finite=1
[SQP LINESEARCH] iter=6 current_violation=0 accepted_violation=0 accepted=1 alpha=1 delta_u_norm=0.132714
[SQP SUPPORT] iter=6 support_size=0 support_limit=-1 support_ok=1
[SQP] before_solve iter=7 vars=16 constraints=126 max_d=-2.03323e-08
[QP WORST] iter=7 row=62 type=collision d=-2.03323e-08
[QP WORST COLLISION] scenario=34 k=6 obstacle=0 disc=0
[SQP] after_solve iter=7 converged=1 status=0 iterations=5 primal_residual=9.8553e-10 dual_residual=6.63375e-06 x_size=16 x_finite=1
[SQP LINESEARCH] iter=7 current_violation=0 accepted_violation=0 accepted=1 alpha=1 delta_u_norm=0.124906
[SQP SUPPORT] iter=7 support_size=0 support_limit=-1 support_ok=1
[SQP] before_solve iter=8 vars=16 constraints=126 max_d=-5.6509e-08
[QP WORST] iter=8 row=62 type=collision d=-5.6509e-08
[QP WORST COLLISION] scenario=34 k=6 obstacle=0 disc=0
[SQP] after_solve iter=8 converged=1 status=0 iterations=5 primal_residual=9.72032e-10 dual_residual=6.6118e-06 x_size=16 x_finite=1
[SQP LINESEARCH] iter=8 current_violation=0 accepted_violation=0 accepted=1 alpha=1 delta_u_norm=0.117817
[SQP SUPPORT] iter=8 support_size=0 support_limit=-1 support_ok=1
[SQP] before_solve iter=9 vars=16 constraints=126 max_d=-5.74109e-08
[QP WORST] iter=9 row=62 type=collision d=-5.74109e-08
[QP WORST COLLISION] scenario=34 k=6 obstacle=0 disc=0
[SQP] after_solve iter=9 converged=1 status=0 iterations=5 primal_residual=9.54009e-10 dual_residual=6.54635e-06 x_size=16 x_finite=1
[SQP LINESEARCH] iter=9 current_violation=0 accepted_violation=0 accepted=1 alpha=1 delta_u_norm=0.111311
[SQP SUPPORT] iter=9 support_size=0 support_limit=-1 support_ok=1
[SQP FINAL] final_violation=0 violated_constraints=0
[SUPPORT FINAL] sqp_union=0 final_active=1 support_limit=-1
[SUPPORT FINAL IDS] 34
[SUPPORT UNION IDS]
[COLD START RECOVERY CHECK] ordinary_sqp_failed=0 seed_available=1 incompatible=0 try_homotopy=0
[HARNESS RESULT] step=32 success=1 controls=8 first_input_present=1
[MPC STEP METRICS] step=32 applied=1 success=1 fallback=0 a=-0.0173931 omega=0.647161 dt=0.1 acceleration_weight=0.1 steering_weight=0.1 control_cost_unweighted=0.41912 control_cost_weighted=0.041912 mpc_cost=-16.6515 solve_time=0.0413717 qp_solve_time=0.0278492 constraint_time=0.00749746 dro_risk_time=0.000407412 ambiguity_radius=0.00504229 certificate=not_requested
[EVAL SAFETY] step=33 min_center_distance=1.21078 min_clearance=0.26078 collision_this_step=0 collision_run=0 collision_radius=0.95
[DRO SUMMARY] step=34 obstacle=0 S=40 rho=0.00492608 rho_raw=0.00492608 D_max=0.0256781 D_min=0.0128703 tv_bound=0.382749 eta=0.19184 eta_raw=0.19184 radius_m=34 radius_d=3 transport_cost=0.00492608 budget_usage=1 lambda=2.3645 q_support=3 nominal_risk=0.0143935 qstar_risk=0.0260413 risk_lift=0.0116477 tv=0.382749
[DRO MODE] step=34 obstacle=0 mode=constant_velocity p=0.43662 risk=0.0163617 q=0.0538708 delta_q=-0.382749 q_times_S=2.15483
[DRO MODE] step=34 obstacle=0 mode=turn_left p=0.15493 risk=0.0467935 q=0.537678 delta_q=0.382749 q_times_S=21.5071
[DRO MODE] step=34 obstacle=0 mode=turn_right p=0.408451 risk=0 q=0.408451 delta_q=0 q_times_S=16.338
[DRO SAMPLE] step=34 obstacle=0 mode=constant_velocity q=0.0538708 q_times_S=2.15483 first_count=1 first_fraction=0.025 occupancy=8 occupancy_fraction=0.025
[DRO SAMPLE] step=34 obstacle=0 mode=turn_left q=0.537678 q_times_S=21.5071 first_count=26 first_fraction=0.65 occupancy=208 occupancy_fraction=0.65
[DRO SAMPLE] step=34 obstacle=0 mode=turn_right q=0.408451 q_times_S=16.338 first_count=13 first_fraction=0.325 occupancy=104 occupancy_fraction=0.325
[RF BACKUP] available=1 controls=8 states=9
[FREE POLY] k=1 disc=0 raw=40 facets=5 vertices=8 rho=4.8 anchor_shift=0
[FREE POLY] k=1 disc=1 raw=40 facets=2 vertices=6 rho=0.800001 anchor_shift=0
[FREE POLY] k=1 disc=2 raw=40 facets=4 vertices=7 rho=4.8 anchor_shift=0
[FREE POLY] k=2 disc=0 raw=40 facets=5 vertices=8 rho=5.6 anchor_shift=0
[FREE POLY] k=2 disc=1 raw=40 facets=3 vertices=7 rho=1.6 anchor_shift=0
[FREE POLY] k=2 disc=2 raw=40 facets=4 vertices=7 rho=5.6 anchor_shift=0
[FREE POLY] k=3 disc=0 raw=40 facets=4 vertices=7 rho=6.4 anchor_shift=0
[FREE POLY] k=3 disc=1 raw=40 facets=3 vertices=6 rho=2.4 anchor_shift=0
[FREE POLY] k=3 disc=2 raw=40 facets=4 vertices=7 rho=6.4 anchor_shift=0
[FREE POLY] k=4 disc=0 raw=40 facets=5 vertices=8 rho=7.2 anchor_shift=0
[FREE POLY] k=4 disc=1 raw=40 facets=3 vertices=6 rho=3.2 anchor_shift=0
[FREE POLY] k=4 disc=2 raw=40 facets=3 vertices=6 rho=7.2 anchor_shift=0
[FREE POLY] k=5 disc=0 raw=40 facets=5 vertices=8 rho=8 anchor_shift=0
[FREE POLY] k=5 disc=1 raw=40 facets=4 vertices=7 rho=4 anchor_shift=0
[FREE POLY] k=5 disc=2 raw=40 facets=3 vertices=6 rho=8 anchor_shift=0
[FREE POLY] k=6 disc=0 raw=40 facets=3 vertices=6 rho=8.8 anchor_shift=0
[FREE POLY] k=6 disc=1 raw=40 facets=5 vertices=8 rho=4.8 anchor_shift=0
[FREE POLY] k=6 disc=2 raw=40 facets=4 vertices=7 rho=8.8 anchor_shift=0
[FREE POLY] k=7 disc=0 raw=40 facets=4 vertices=7 rho=9.6 anchor_shift=0
[FREE POLY] k=7 disc=1 raw=40 facets=4 vertices=7 rho=5.6 anchor_shift=0
[FREE POLY] k=7 disc=2 raw=40 facets=3 vertices=6 rho=9.6 anchor_shift=0
[FREE POLY] k=8 disc=0 raw=40 facets=4 vertices=7 rho=10.4 anchor_shift=0
[FREE POLY] k=8 disc=1 raw=40 facets=4 vertices=7 rho=6.4 anchor_shift=0
[FREE POLY] k=8 disc=2 raw=40 facets=3 vertices=6 rho=10.4 anchor_shift=0
[RF SUPPORT SEED] removed=0 support_limit=-1
[SQP] before_solve iter=0 vars=16 constraints=123 max_d=-0.0496946
[QP WORST] iter=0 row=81 type=collision d=-0.0496946
[QP WORST COLLISION] scenario=22 k=8 obstacle=0 disc=0
[SQP] after_solve iter=0 converged=1 status=0 iterations=5 primal_residual=2.22573e-09 dual_residual=1.67462e-05 x_size=16 x_finite=1
[SQP LINESEARCH] iter=0 current_violation=0 accepted_violation=0 accepted=1 alpha=0.5 delta_u_norm=0.367627
[SQP SUPPORT] iter=0 support_size=0 support_limit=-1 support_ok=1
[SQP] before_solve iter=1 vars=16 constraints=123 max_d=-0.0251169
[QP WORST] iter=1 row=81 type=collision d=-0.0251169
[QP WORST COLLISION] scenario=22 k=8 obstacle=0 disc=0
[SQP] after_solve iter=1 converged=1 status=0 iterations=5 primal_residual=4.23273e-16 dual_residual=2.43566e-05 x_size=16 x_finite=1
[SQP LINESEARCH] iter=1 current_violation=0 accepted_violation=0 accepted=1 alpha=1 delta_u_norm=0.275227
[SQP SUPPORT] iter=1 support_size=0 support_limit=-1 support_ok=1
[SQP] before_solve iter=2 vars=16 constraints=123 max_d=-5.00313e-05
[QP WORST] iter=2 row=57 type=collision d=-5.00313e-05
[QP WORST COLLISION] scenario=13 k=6 obstacle=0 disc=0
[SQP] after_solve iter=2 converged=1 status=0 iterations=5 primal_residual=6.46252e-08 dual_residual=3.17467e-05 x_size=16 x_finite=1
[SQP LINESEARCH] iter=2 current_violation=0 accepted_violation=0 accepted=1 alpha=0.5 delta_u_norm=0.198584
[SQP SUPPORT] iter=2 support_size=0 support_limit=-1 support_ok=1
[SQP] before_solve iter=3 vars=16 constraints=123 max_d=-5.48114e-05
[QP WORST] iter=3 row=72 type=collision d=-5.48114e-05
[QP WORST COLLISION] scenario=37 k=7 obstacle=0 disc=0
[SQP] after_solve iter=3 converged=1 status=0 iterations=5 primal_residual=6.96545e-08 dual_residual=3.83087e-05 x_size=16 x_finite=1
[SQP LINESEARCH] iter=3 current_violation=0 accepted_violation=0 accepted=1 alpha=1 delta_u_norm=0.172754
[SQP SUPPORT] iter=3 support_size=0 support_limit=-1 support_ok=1
[SQP] before_solve iter=4 vars=16 constraints=123 max_d=-9.36514e-06
[QP WORST] iter=4 row=83 type=collision d=-9.36514e-06
[QP WORST COLLISION] scenario=37 k=8 obstacle=0 disc=0
[SQP] after_solve iter=4 converged=1 status=0 iterations=5 primal_residual=4.82966e-08 dual_residual=3.57095e-05 x_size=16 x_finite=1
[SQP LINESEARCH] iter=4 current_violation=0 accepted_violation=0 accepted=1 alpha=1 delta_u_norm=0.148658
[SQP SUPPORT] iter=4 support_size=0 support_limit=-1 support_ok=1
[SQP] before_solve iter=5 vars=16 constraints=123 max_d=-1.84011e-06
[QP WORST] iter=5 row=72 type=collision d=-1.84011e-06
[QP WORST COLLISION] scenario=37 k=7 obstacle=0 disc=0
[SQP] after_solve iter=5 converged=1 status=0 iterations=5 primal_residual=9.70969e-08 dual_residual=3.91374e-05 x_size=16 x_finite=1
[SQP LINESEARCH] iter=5 current_violation=0 accepted_violation=0 accepted=1 alpha=1 delta_u_norm=0.138209
[SQP SUPPORT] iter=5 support_size=0 support_limit=-1 support_ok=1
[SQP] before_solve iter=6 vars=16 constraints=123 max_d=-1.15122e-06
[QP WORST] iter=6 row=72 type=collision d=-1.15122e-06
[QP WORST COLLISION] scenario=37 k=7 obstacle=0 disc=0
[SQP] after_solve iter=6 converged=1 status=0 iterations=5 primal_residual=1.27224e-07 dual_residual=4.21312e-05 x_size=16 x_finite=1
[SQP LINESEARCH] iter=6 current_violation=0 accepted_violation=0 accepted=1 alpha=1 delta_u_norm=0.129484
[SQP SUPPORT] iter=6 support_size=0 support_limit=-1 support_ok=1
[SQP] before_solve iter=7 vars=16 constraints=123 max_d=-1.04489e-06
[QP WORST] iter=7 row=72 type=collision d=-1.04489e-06
[QP WORST COLLISION] scenario=37 k=7 obstacle=0 disc=0
[SQP] after_solve iter=7 converged=1 status=0 iterations=5 primal_residual=1.4919e-07 dual_residual=4.95284e-05 x_size=16 x_finite=1
[SQP LINESEARCH] iter=7 current_violation=0 accepted_violation=0 accepted=1 alpha=1 delta_u_norm=0.121645
[SQP SUPPORT] iter=7 support_size=0 support_limit=-1 support_ok=1
[SQP] before_solve iter=8 vars=16 constraints=123 max_d=-1.03118e-06
[QP WORST] iter=8 row=72 type=collision d=-1.03118e-06
[QP WORST COLLISION] scenario=37 k=7 obstacle=0 disc=0
[SQP] after_solve iter=8 converged=1 status=0 iterations=5 primal_residual=1.64823e-07 dual_residual=5.4828e-05 x_size=16 x_finite=1
[SQP LINESEARCH] iter=8 current_violation=0 accepted_violation=0 accepted=1 alpha=1 delta_u_norm=0.114504
[SQP SUPPORT] iter=8 support_size=0 support_limit=-1 support_ok=1
[SQP] before_solve iter=9 vars=16 constraints=123 max_d=-9.96517e-07
[QP WORST] iter=9 row=83 type=collision d=-9.96517e-07
[QP WORST COLLISION] scenario=37 k=8 obstacle=0 disc=0
[SQP] after_solve iter=9 converged=1 status=0 iterations=5 primal_residual=1.75919e-07 dual_residual=5.86008e-05 x_size=16 x_finite=1
[SQP LINESEARCH] iter=9 current_violation=0 accepted_violation=0 accepted=1 alpha=1 delta_u_norm=0.107948
[SQP SUPPORT] iter=9 support_size=0 support_limit=-1 support_ok=1
[SQP FINAL] final_violation=0 violated_constraints=0
[SUPPORT FINAL] sqp_union=0 final_active=3 support_limit=-1
[SUPPORT FINAL IDS] 13 22 37
[SUPPORT UNION IDS]
[COLD START RECOVERY CHECK] ordinary_sqp_failed=0 seed_available=1 incompatible=0 try_homotopy=0
[HARNESS RESULT] step=33 success=1 controls=8 first_input_present=1
[MPC STEP METRICS] step=33 applied=1 success=1 fallback=0 a=-0.0108004 omega=0.304165 dt=0.1 acceleration_weight=0.1 steering_weight=0.1 control_cost_unweighted=0.0926329 control_cost_weighted=0.00926329 mpc_cost=-16.9256 solve_time=0.0389652 qp_solve_time=0.0253272 constraint_time=0.00762474 dro_risk_time=0.000415328 ambiguity_radius=0.00492608 certificate=not_requested
[EVAL SAFETY] step=34 min_center_distance=1.32478 min_clearance=0.374783 collision_this_step=0 collision_run=0 collision_radius=0.95
[DRO SUMMARY] step=35 obstacle=0 S=40 rho=0.00481464 rho_raw=0.00481464 D_max=0.0256781 D_min=0.0128703 tv_bound=0.37409 eta=0.1875 eta_raw=0.1875 radius_m=35 radius_d=3 transport_cost=0.00481464 budget_usage=1 lambda=1.69915 q_support=3 nominal_risk=0.0295858 qstar_risk=0.0377666 risk_lift=0.00818077 tv=0.37409
[DRO MODE] step=35 obstacle=0 mode=constant_velocity p=0.452055 risk=0.0333778 q=0.0779648 delta_q=-0.37409 q_times_S=3.11859
[DRO MODE] step=35 obstacle=0 mode=turn_left p=0.150685 risk=0.0552462 q=0.524775 delta_q=0.37409 q_times_S=20.991
[DRO MODE] step=35 obstacle=0 mode=turn_right p=0.39726 risk=0.0155376 q=0.39726 delta_q=0 q_times_S=15.8904
[DRO SAMPLE] step=35 obstacle=0 mode=constant_velocity q=0.0779648 q_times_S=3.11859 first_count=7 first_fraction=0.175 occupancy=56 occupancy_fraction=0.175
[DRO SAMPLE] step=35 obstacle=0 mode=turn_left q=0.524775 q_times_S=20.991 first_count=15 first_fraction=0.375 occupancy=120 occupancy_fraction=0.375
[DRO SAMPLE] step=35 obstacle=0 mode=turn_right q=0.39726 q_times_S=15.8904 first_count=18 first_fraction=0.45 occupancy=144 occupancy_fraction=0.45
[RF BACKUP] available=1 controls=8 states=9
[FREE POLY] k=1 disc=0 raw=40 facets=4 vertices=7 rho=4.8 anchor_shift=0
[FREE POLY] k=1 disc=1 raw=40 facets=3 vertices=7 rho=0.800001 anchor_shift=0
[FREE POLY] k=1 disc=2 raw=40 facets=3 vertices=6 rho=4.8 anchor_shift=0
[FREE POLY] k=2 disc=0 raw=40 facets=4 vertices=7 rho=5.6 anchor_shift=0
[FREE POLY] k=2 disc=1 raw=40 facets=4 vertices=8 rho=1.6 anchor_shift=0
[FREE POLY] k=2 disc=2 raw=40 facets=4 vertices=7 rho=5.6 anchor_shift=0
[FREE POLY] k=3 disc=0 raw=40 facets=5 vertices=8 rho=6.4 anchor_shift=0
[FREE POLY] k=3 disc=1 raw=40 facets=3 vertices=6 rho=2.4 anchor_shift=0
[FREE POLY] k=3 disc=2 raw=40 facets=4 vertices=7 rho=6.4 anchor_shift=0
[FREE POLY] k=4 disc=0 raw=40 facets=6 vertices=9 rho=7.2 anchor_shift=0
[FREE POLY] k=4 disc=1 raw=40 facets=3 vertices=6 rho=3.2 anchor_shift=0
[FREE POLY] k=4 disc=2 raw=40 facets=4 vertices=7 rho=7.2 anchor_shift=0
[FREE POLY] k=5 disc=0 raw=40 facets=5 vertices=8 rho=8 anchor_shift=0
[FREE POLY] k=5 disc=1 raw=40 facets=4 vertices=7 rho=4 anchor_shift=0
[FREE POLY] k=5 disc=2 raw=40 facets=5 vertices=8 rho=8 anchor_shift=0
[FREE POLY] k=6 disc=0 raw=40 facets=6 vertices=9 rho=8.8 anchor_shift=0
[FREE POLY] k=6 disc=1 raw=40 facets=4 vertices=7 rho=4.8 anchor_shift=0
[FREE POLY] k=6 disc=2 raw=40 facets=5 vertices=8 rho=8.8 anchor_shift=0
[FREE POLY] k=7 disc=0 raw=40 facets=5 vertices=8 rho=9.6 anchor_shift=0
[FREE POLY] k=7 disc=1 raw=40 facets=5 vertices=8 rho=5.6 anchor_shift=0
[FREE POLY] k=7 disc=2 raw=40 facets=4 vertices=7 rho=9.6 anchor_shift=0
[FREE POLY] k=8 disc=0 raw=40 facets=5 vertices=8 rho=10.4 anchor_shift=0
[FREE POLY] k=8 disc=1 raw=40 facets=5 vertices=8 rho=6.4 anchor_shift=0
[FREE POLY] k=8 disc=2 raw=40 facets=4 vertices=7 rho=10.4 anchor_shift=0
[RF SUPPORT SEED] removed=0 support_limit=-1
[SQP] before_solve iter=0 vars=16 constraints=136 max_d=0.0126561
[QP WORST] iter=0 row=63 type=collision d=0.0126561
[QP WORST COLLISION] scenario=17 k=6 obstacle=0 disc=0
[SQP] after_solve iter=0 converged=1 status=0 iterations=5 primal_residual=8.61256e-08 dual_residual=3.16328e-05 x_size=16 x_finite=1
[SQP LINESEARCH] iter=0 current_violation=0.0126561 accepted_violation=0 accepted=1 alpha=1 delta_u_norm=0.290337
[SQP SUPPORT] iter=0 support_size=0 support_limit=-1 support_ok=1
[SQP] before_solve iter=1 vars=16 constraints=136 max_d=-8.00586e-06
[QP WORST] iter=1 row=49 type=collision d=-8.00586e-06
[QP WORST COLLISION] scenario=17 k=5 obstacle=0 disc=0
[SQP] after_solve iter=1 converged=1 status=0 iterations=5 primal_residual=9.72765e-08 dual_residual=4.04109e-05 x_size=16 x_finite=1
[SQP LINESEARCH] iter=1 current_violation=0 accepted_violation=0 accepted=1 alpha=1 delta_u_norm=0.170407
[SQP SUPPORT] iter=1 support_size=0 support_limit=-1 support_ok=1
[SQP] before_solve iter=2 vars=16 constraints=136 max_d=-1.50543e-06
[QP WORST] iter=2 row=37 type=collision d=-1.50543e-06
[QP WORST COLLISION] scenario=17 k=4 obstacle=0 disc=0
[SQP] after_solve iter=2 converged=1 status=0 iterations=5 primal_residual=1.6853e-07 dual_residual=6.99977e-05 x_size=16 x_finite=1
[SQP LINESEARCH] iter=2 current_violation=0 accepted_violation=0 accepted=1 alpha=1 delta_u_norm=0.153243
[SQP SUPPORT] iter=2 support_size=0 support_limit=-1 support_ok=1
[SQP] before_solve iter=3 vars=16 constraints=136 max_d=-2.34386e-06
[QP WORST] iter=3 row=37 type=collision d=-2.34386e-06
[QP WORST COLLISION] scenario=17 k=4 obstacle=0 disc=0
[SQP] after_solve iter=3 converged=1 status=0 iterations=5 primal_residual=2.087e-07 dual_residual=8.66455e-05 x_size=16 x_finite=1
[SQP LINESEARCH] iter=3 current_violation=0 accepted_violation=0 accepted=1 alpha=1 delta_u_norm=0.142526
[SQP SUPPORT] iter=3 support_size=0 support_limit=-1 support_ok=1
[SQP] before_solve iter=4 vars=16 constraints=136 max_d=-3.3182e-06
[QP WORST] iter=4 row=37 type=collision d=-3.3182e-06
[QP WORST COLLISION] scenario=17 k=4 obstacle=0 disc=0
[SQP] after_solve iter=4 converged=1 status=0 iterations=5 primal_residual=2.28767e-07 dual_residual=9.48522e-05 x_size=16 x_finite=1
[SQP LINESEARCH] iter=4 current_violation=0 accepted_violation=0 accepted=1 alpha=1 delta_u_norm=0.133463
[SQP SUPPORT] iter=4 support_size=0 support_limit=-1 support_ok=1
[SQP] before_solve iter=5 vars=16 constraints=136 max_d=-3.89006e-06
[QP WORST] iter=5 row=37 type=collision d=-3.89006e-06
[QP WORST COLLISION] scenario=17 k=4 obstacle=0 disc=0
[SQP] after_solve iter=5 converged=1 status=0 iterations=5 primal_residual=2.39768e-07 dual_residual=9.92272e-05 x_size=16 x_finite=1
[SQP LINESEARCH] iter=5 current_violation=0 accepted_violation=0 accepted=1 alpha=1 delta_u_norm=0.125387
[SQP SUPPORT] iter=5 support_size=0 support_limit=-1 support_ok=1
[SQP] before_solve iter=6 vars=16 constraints=136 max_d=-4.2108e-06
[QP WORST] iter=6 row=37 type=collision d=-4.2108e-06
[QP WORST COLLISION] scenario=17 k=4 obstacle=0 disc=0
[SQP] after_solve iter=6 converged=1 status=0 iterations=6 primal_residual=3.98986e-16 dual_residual=5.23996e-07 x_size=16 x_finite=1
[SQP LINESEARCH] iter=6 current_violation=0 accepted_violation=0 accepted=1 alpha=1 delta_u_norm=0.118923
[SQP SUPPORT] iter=6 support_size=0 support_limit=-1 support_ok=1
[SQP] before_solve iter=7 vars=16 constraints=136 max_d=-7.05661e-08
[QP WORST] iter=7 row=63 type=collision d=-7.05661e-08
[QP WORST COLLISION] scenario=17 k=6 obstacle=0 disc=0
[SQP] after_solve iter=7 converged=1 status=0 iterations=6 primal_residual=3.747e-16 dual_residual=1.01943e-06 x_size=16 x_finite=1
[SQP LINESEARCH] iter=7 current_violation=0 accepted_violation=0 accepted=1 alpha=1 delta_u_norm=0.112172
[SQP SUPPORT] iter=7 support_size=0 support_limit=-1 support_ok=1
[SQP] before_solve iter=8 vars=16 constraints=136 max_d=-4.62799e-07
[QP WORST] iter=8 row=92 type=collision d=-4.62799e-07
[QP WORST COLLISION] scenario=5 k=8 obstacle=0 disc=0
[SQP] after_solve iter=8 converged=1 status=0 iterations=6 primal_residual=4.12864e-16 dual_residual=1.63804e-06 x_size=16 x_finite=1
[SQP LINESEARCH] iter=8 current_violation=0 accepted_violation=0 accepted=1 alpha=1 delta_u_norm=0.106019
[SQP SUPPORT] iter=8 support_size=0 support_limit=-1 support_ok=1
[SQP] before_solve iter=9 vars=16 constraints=136 max_d=-7.73582e-07
[QP WORST] iter=9 row=92 type=collision d=-7.73582e-07
[QP WORST COLLISION] scenario=5 k=8 obstacle=0 disc=0
[SQP] after_solve iter=9 converged=1 status=0 iterations=6 primal_residual=4.0766e-16 dual_residual=2.39002e-06 x_size=16 x_finite=1
[SQP LINESEARCH] iter=9 current_violation=0 accepted_violation=0 accepted=1 alpha=1 delta_u_norm=0.10033
[SQP SUPPORT] iter=9 support_size=0 support_limit=-1 support_ok=1
[SQP FINAL] final_violation=0 violated_constraints=0
[SUPPORT FINAL] sqp_union=0 final_active=2 support_limit=-1
[SUPPORT FINAL IDS] 5 17
[SUPPORT UNION IDS]
[COLD START RECOVERY CHECK] ordinary_sqp_failed=0 seed_available=1 incompatible=0 try_homotopy=0
[HARNESS RESULT] step=34 success=1 controls=8 first_input_present=1
[MPC STEP METRICS] step=34 applied=1 success=1 fallback=0 a=0.0227424 omega=0.422366 dt=0.1 acceleration_weight=0.1 steering_weight=0.1 control_cost_unweighted=0.17891 control_cost_weighted=0.017891 mpc_cost=-17.0015 solve_time=0.038488 qp_solve_time=0.0250177 constraint_time=0.00748572 dro_risk_time=0.00040597 ambiguity_radius=0.00481464 certificate=not_requested
[EVAL SAFETY] step=35 min_center_distance=1.30735 min_clearance=0.357348 collision_this_step=0 collision_run=0 collision_radius=0.95
[DRO SUMMARY] step=36 obstacle=0 S=40 rho=0.00479806 rho_raw=0.00479806 D_max=0.0256781 D_min=0.0128703 tv_bound=0.372802 eta=0.186854 eta_raw=0.186854 radius_m=36 radius_d=3 transport_cost=0.00479806 budget_usage=1 lambda=1.77106 q_support=3 nominal_risk=0.0134369 qstar_risk=0.0219346 risk_lift=0.00849764 tv=0.372802
[DRO MODE] step=36 obstacle=0 mode=constant_velocity p=0.44 risk=0.0154663 q=0.0671984 delta_q=-0.372802 q_times_S=2.68794
[DRO MODE] step=36 obstacle=0 mode=turn_left p=0.173333 risk=0.0382603 q=0.546135 delta_q=0.372802 q_times_S=21.8454
[DRO MODE] step=36 obstacle=0 mode=turn_right p=0.386667 risk=0 q=0.386667 delta_q=0 q_times_S=15.4667
[DRO SAMPLE] step=36 obstacle=0 mode=constant_velocity q=0.0671984 q_times_S=2.68794 first_count=2 first_fraction=0.05 occupancy=16 occupancy_fraction=0.05
[DRO SAMPLE] step=36 obstacle=0 mode=turn_left q=0.546135 q_times_S=21.8454 first_count=19 first_fraction=0.475 occupancy=152 occupancy_fraction=0.475
[DRO SAMPLE] step=36 obstacle=0 mode=turn_right q=0.386667 q_times_S=15.4667 first_count=19 first_fraction=0.475 occupancy=152 occupancy_fraction=0.475
[RF BACKUP] available=1 controls=8 states=9
[FREE POLY] k=1 disc=0 raw=40 facets=6 vertices=9 rho=4.8 anchor_shift=0
[FREE POLY] k=1 disc=1 raw=40 facets=2 vertices=6 rho=0.800001 anchor_shift=0
[FREE POLY] k=1 disc=2 raw=40 facets=3 vertices=6 rho=4.8 anchor_shift=0
[FREE POLY] k=2 disc=0 raw=40 facets=4 vertices=7 rho=5.6 anchor_shift=0
[FREE POLY] k=2 disc=1 raw=40 facets=2 vertices=6 rho=1.6 anchor_shift=0
[FREE POLY] k=2 disc=2 raw=40 facets=2 vertices=5 rho=5.6 anchor_shift=0
[FREE POLY] k=3 disc=0 raw=40 facets=6 vertices=9 rho=6.4 anchor_shift=0
[FREE POLY] k=3 disc=1 raw=40 facets=2 vertices=5 rho=2.4 anchor_shift=0
[FREE POLY] k=3 disc=2 raw=40 facets=2 vertices=5 rho=6.4 anchor_shift=0
[FREE POLY] k=4 disc=0 raw=40 facets=5 vertices=8 rho=7.2 anchor_shift=0
[FREE POLY] k=4 disc=1 raw=40 facets=3 vertices=6 rho=3.2 anchor_shift=0
[FREE POLY] k=4 disc=2 raw=40 facets=4 vertices=7 rho=7.2 anchor_shift=0
[FREE POLY] k=5 disc=0 raw=40 facets=5 vertices=8 rho=8 anchor_shift=0
[FREE POLY] k=5 disc=1 raw=40 facets=4 vertices=7 rho=4 anchor_shift=0
[FREE POLY] k=5 disc=2 raw=40 facets=4 vertices=7 rho=8 anchor_shift=0
[FREE POLY] k=6 disc=0 raw=40 facets=7 vertices=10 rho=8.8 anchor_shift=0
[FREE POLY] k=6 disc=1 raw=40 facets=5 vertices=8 rho=4.8 anchor_shift=0
[FREE POLY] k=6 disc=2 raw=40 facets=6 vertices=9 rho=8.8 anchor_shift=0
[FREE POLY] k=7 disc=0 raw=40 facets=6 vertices=9 rho=9.6 anchor_shift=0
[FREE POLY] k=7 disc=1 raw=40 facets=4 vertices=7 rho=5.6 anchor_shift=0
[FREE POLY] k=7 disc=2 raw=40 facets=3 vertices=6 rho=9.6 anchor_shift=0
[FREE POLY] k=8 disc=0 raw=40 facets=4 vertices=7 rho=10.4 anchor_shift=0
[FREE POLY] k=8 disc=1 raw=40 facets=3 vertices=6 rho=6.4 anchor_shift=0
[FREE POLY] k=8 disc=2 raw=40 facets=3 vertices=6 rho=10.4 anchor_shift=0
[RF SUPPORT SEED] removed=0 support_limit=-1
[SQP] before_solve iter=0 vars=16 constraints=127 max_d=-0.015838
[QP WORST] iter=0 row=20 type=collision d=-0.015838
[QP WORST COLLISION] scenario=12 k=3 obstacle=0 disc=0
[SQP] after_solve iter=0 converged=1 status=0 iterations=6 primal_residual=3.747e-16 dual_residual=6.22511e-07 x_size=16 x_finite=1
[SQP LINESEARCH] iter=0 current_violation=0 accepted_violation=0 accepted=1 alpha=0.5 delta_u_norm=0.311177
[SQP SUPPORT] iter=0 support_size=0 support_limit=-1 support_ok=1
[SQP] before_solve iter=1 vars=16 constraints=127 max_d=-0.00791649
[QP WORST] iter=1 row=20 type=collision d=-0.00791649
[QP WORST COLLISION] scenario=12 k=3 obstacle=0 disc=0
[SQP] after_solve iter=1 converged=1 status=0 iterations=5 primal_residual=7.49308e-08 dual_residual=4.4234e-05 x_size=16 x_finite=1
[SQP LINESEARCH] iter=1 current_violation=0 accepted_violation=0 accepted=1 alpha=0.5 delta_u_norm=0.254366
[SQP SUPPORT] iter=1 support_size=0 support_limit=-1 support_ok=1
[SQP] before_solve iter=2 vars=16 constraints=127 max_d=-0.00395844
[QP WORST] iter=2 row=20 type=collision d=-0.00395844
[QP WORST COLLISION] scenario=12 k=3 obstacle=0 disc=0
[SQP] after_solve iter=2 converged=1 status=0 iterations=5 primal_residual=1.42134e-07 dual_residual=6.63165e-05 x_size=16 x_finite=1
[SQP LINESEARCH] iter=2 current_violation=0 accepted_violation=0 accepted=1 alpha=1 delta_u_norm=0.208326
[SQP SUPPORT] iter=2 support_size=0 support_limit=-1 support_ok=1
[SQP] before_solve iter=3 vars=16 constraints=127 max_d=-7.14804e-07
[QP WORST] iter=3 row=29 type=collision d=-7.14804e-07
[QP WORST COLLISION] scenario=12 k=4 obstacle=0 disc=0
[SQP] after_solve iter=3 converged=1 status=0 iterations=6 primal_residual=1.40936e-08 dual_residual=6.1845e-06 x_size=16 x_finite=1
[SQP LINESEARCH] iter=3 current_violation=0 accepted_violation=0 accepted=1 alpha=1 delta_u_norm=0.158805
[SQP SUPPORT] iter=3 support_size=0 support_limit=-1 support_ok=1
[SQP] before_solve iter=4 vars=16 constraints=127 max_d=-1.25489e-07
[QP WORST] iter=4 row=75 type=collision d=-1.25489e-07
[QP WORST COLLISION] scenario=17 k=7 obstacle=0 disc=0
[SQP] after_solve iter=4 converged=1 status=0 iterations=6 primal_residual=2.0969e-09 dual_residual=9.05666e-07 x_size=16 x_finite=1
[SQP LINESEARCH] iter=4 current_violation=0 accepted_violation=0 accepted=1 alpha=1 delta_u_norm=0.144943
[SQP SUPPORT] iter=4 support_size=0 support_limit=-1 support_ok=1
[SQP] before_solve iter=5 vars=16 constraints=127 max_d=-1.15668e-06
[QP WORST] iter=5 row=75 type=collision d=-1.15668e-06
[QP WORST COLLISION] scenario=17 k=7 obstacle=0 disc=0
[SQP] after_solve iter=5 converged=1 status=0 iterations=6 primal_residual=2.05274e-09 dual_residual=8.83428e-07 x_size=16 x_finite=1
[SQP LINESEARCH] iter=5 current_violation=0 accepted_violation=0 accepted=1 alpha=1 delta_u_norm=0.134842
[SQP SUPPORT] iter=5 support_size=0 support_limit=-1 support_ok=1
[SQP] before_solve iter=6 vars=16 constraints=127 max_d=-1.50655e-06
[QP WORST] iter=6 row=75 type=collision d=-1.50655e-06
[QP WORST COLLISION] scenario=17 k=7 obstacle=0 disc=0
[SQP] after_solve iter=6 converged=1 status=0 iterations=6 primal_residual=1.12752e-09 dual_residual=6.05873e-07 x_size=16 x_finite=1
[SQP LINESEARCH] iter=6 current_violation=0 accepted_violation=0 accepted=1 alpha=1 delta_u_norm=0.126353
[SQP SUPPORT] iter=6 support_size=0 support_limit=-1 support_ok=1
[SQP] before_solve iter=7 vars=16 constraints=127 max_d=-1.40771e-06
[QP WORST] iter=7 row=75 type=collision d=-1.40771e-06
[QP WORST COLLISION] scenario=17 k=7 obstacle=0 disc=0
[SQP] after_solve iter=7 converged=1 status=0 iterations=6 primal_residual=2.61002e-10 dual_residual=3.74653e-07 x_size=16 x_finite=1
[SQP LINESEARCH] iter=7 current_violation=0 accepted_violation=0 accepted=1 alpha=1 delta_u_norm=0.118917
[SQP SUPPORT] iter=7 support_size=0 support_limit=-1 support_ok=1
[SQP] before_solve iter=8 vars=16 constraints=127 max_d=-1.17657e-06
[QP WORST] iter=8 row=41 type=collision d=-1.17657e-06
[QP WORST COLLISION] scenario=12 k=5 obstacle=0 disc=0
[SQP] after_solve iter=8 converged=1 status=0 iterations=6 primal_residual=4.12864e-16 dual_residual=1.68341e-07 x_size=16 x_finite=1
[SQP LINESEARCH] iter=8 current_violation=0 accepted_violation=0 accepted=1 alpha=1 delta_u_norm=0.112255
[SQP SUPPORT] iter=8 support_size=0 support_limit=-1 support_ok=1
[SQP] before_solve iter=9 vars=16 constraints=127 max_d=-8.52999e-07
[QP WORST] iter=9 row=87 type=collision d=-8.52999e-07
[QP WORST COLLISION] scenario=17 k=8 obstacle=0 disc=0
[SQP] after_solve iter=9 converged=1 status=0 iterations=6 primal_residual=4.23273e-16 dual_residual=1.05949e-07 x_size=16 x_finite=1
[SQP LINESEARCH] iter=9 current_violation=0 accepted_violation=0 accepted=1 alpha=1 delta_u_norm=0.106195
[SQP SUPPORT] iter=9 support_size=0 support_limit=-1 support_ok=1
[SQP FINAL] final_violation=0 violated_constraints=0
[SUPPORT FINAL] sqp_union=0 final_active=2 support_limit=-1
[SUPPORT FINAL IDS] 12 17
[SUPPORT UNION IDS]
[COLD START RECOVERY CHECK] ordinary_sqp_failed=0 seed_available=1 incompatible=0 try_homotopy=0
[HARNESS RESULT] step=35 success=1 controls=8 first_input_present=1
[MPC STEP METRICS] step=35 applied=1 success=1 fallback=0 a=0.023396 omega=0.431789 dt=0.1 acceleration_weight=0.1 steering_weight=0.1 control_cost_unweighted=0.186989 control_cost_weighted=0.0186989 mpc_cost=-17.157 solve_time=0.0379038 qp_solve_time=0.0244863 constraint_time=0.00736921 dro_risk_time=0.000444362 ambiguity_radius=0.00479806 certificate=not_requested
[EVAL SAFETY] step=36 min_center_distance=1.12514 min_clearance=0.175135 collision_this_step=0 collision_run=0 collision_radius=0.95
[DRO SUMMARY] step=37 obstacle=0 S=40 rho=0.00474925 rho_raw=0.00474925 D_max=0.0256781 D_min=0.0128703 tv_bound=0.369009 eta=0.184953 eta_raw=0.184953 radius_m=37 radius_d=3 transport_cost=0.00474925 budget_usage=1 lambda=1.37611 q_support=3 nominal_risk=0.0136935 qstar_risk=0.020229 risk_lift=0.00653551 tv=0.369009
[DRO MODE] step=37 obstacle=0 mode=constant_velocity p=0.428571 risk=0.017911 q=0.797581 delta_q=0.369009 q_times_S=31.9032
[DRO MODE] step=37 obstacle=0 mode=turn_left p=0.168831 risk=0.0351642 q=0.168831 delta_q=0 q_times_S=6.75325
[DRO MODE] step=37 obstacle=0 mode=turn_right p=0.402597 risk=0.000200055 q=0.0335881 delta_q=-0.369009 q_times_S=1.34352
[DRO SAMPLE] step=37 obstacle=0 mode=constant_velocity q=0.797581 q_times_S=31.9032 first_count=31 first_fraction=0.775 occupancy=248 occupancy_fraction=0.775
[DRO SAMPLE] step=37 obstacle=0 mode=turn_left q=0.168831 q_times_S=6.75325 first_count=8 first_fraction=0.2 occupancy=64 occupancy_fraction=0.2
[DRO SAMPLE] step=37 obstacle=0 mode=turn_right q=0.0335881 q_times_S=1.34352 first_count=1 first_fraction=0.025 occupancy=8 occupancy_fraction=0.025
[RF BACKUP] available=1 controls=8 states=9
[FREE POLY] k=1 disc=0 raw=40 facets=4 vertices=7 rho=4.8 anchor_shift=0
[FREE POLY] k=1 disc=1 raw=40 facets=1 vertices=5 rho=0.800001 anchor_shift=0
[FREE POLY] k=1 disc=2 raw=40 facets=3 vertices=6 rho=4.8 anchor_shift=0
[FREE POLY] k=2 disc=0 raw=40 facets=3 vertices=6 rho=5.6 anchor_shift=0
[FREE POLY] k=2 disc=1 raw=40 facets=3 vertices=7 rho=1.6 anchor_shift=0
[FREE POLY] k=2 disc=2 raw=40 facets=3 vertices=6 rho=5.6 anchor_shift=0
[FREE POLY] k=3 disc=0 raw=40 facets=3 vertices=6 rho=6.4 anchor_shift=0
[FREE POLY] k=3 disc=1 raw=40 facets=3 vertices=6 rho=2.4 anchor_shift=0
[FREE POLY] k=3 disc=2 raw=40 facets=3 vertices=6 rho=6.4 anchor_shift=0
[FREE POLY] k=4 disc=0 raw=40 facets=3 vertices=6 rho=7.2 anchor_shift=0
[FREE POLY] k=4 disc=1 raw=40 facets=4 vertices=7 rho=3.2 anchor_shift=0
[FREE POLY] k=4 disc=2 raw=40 facets=4 vertices=7 rho=7.2 anchor_shift=0
[FREE POLY] k=5 disc=0 raw=40 facets=4 vertices=7 rho=8 anchor_shift=0
[FREE POLY] k=5 disc=1 raw=40 facets=3 vertices=6 rho=4 anchor_shift=0
[FREE POLY] k=5 disc=2 raw=40 facets=3 vertices=6 rho=8 anchor_shift=0
[FREE POLY] k=6 disc=0 raw=40 facets=4 vertices=7 rho=8.8 anchor_shift=0
[FREE POLY] k=6 disc=1 raw=40 facets=4 vertices=7 rho=4.8 anchor_shift=0
[FREE POLY] k=6 disc=2 raw=40 facets=3 vertices=6 rho=8.8 anchor_shift=0
[FREE POLY] k=7 disc=0 raw=40 facets=5 vertices=7 rho=9.6 anchor_shift=0
[FREE POLY] k=7 disc=1 raw=40 facets=4 vertices=7 rho=5.6 anchor_shift=0
[FREE POLY] k=7 disc=2 raw=40 facets=4 vertices=7 rho=9.6 anchor_shift=0
[FREE POLY] k=8 disc=0 raw=40 facets=5 vertices=7 rho=10.4 anchor_shift=0
[FREE POLY] k=8 disc=1 raw=40 facets=4 vertices=7 rho=6.4 anchor_shift=0
[FREE POLY] k=8 disc=2 raw=40 facets=3 vertices=6 rho=10.4 anchor_shift=0
[RF SUPPORT SEED] removed=0 support_limit=-1
[SQP] before_solve iter=0 vars=16 constraints=115 max_d=-0.0156356
[QP WORST] iter=0 row=10 type=collision d=-0.0156356
[QP WORST COLLISION] scenario=31 k=2 obstacle=0 disc=0
[SQP] after_solve iter=0 converged=1 status=0 iterations=5 primal_residual=1.99176e-07 dual_residual=8.03845e-05 x_size=16 x_finite=1
[SQP LINESEARCH] iter=0 current_violation=0 accepted_violation=0 accepted=1 alpha=1 delta_u_norm=0.271419
[SQP SUPPORT] iter=0 support_size=0 support_limit=-1 support_ok=1
[SQP] before_solve iter=1 vars=16 constraints=115 max_d=-2.20121e-06
[QP WORST] iter=1 row=19 type=collision d=-2.20121e-06
[QP WORST COLLISION] scenario=37 k=3 obstacle=0 disc=0
[SQP] after_solve iter=1 converged=1 status=0 iterations=5 primal_residual=1.78409e-07 dual_residual=5.38109e-05 x_size=16 x_finite=1
[SQP LINESEARCH] iter=1 current_violation=0 accepted_violation=0 accepted=1 alpha=1 delta_u_norm=0.193761
[SQP SUPPORT] iter=1 support_size=0 support_limit=-1 support_ok=1
[SQP] before_solve iter=2 vars=16 constraints=115 max_d=-6.29998e-06
[QP WORST] iter=2 row=19 type=collision d=-6.29998e-06
[QP WORST COLLISION] scenario=37 k=3 obstacle=0 disc=0
[SQP] after_solve iter=2 converged=1 status=0 iterations=5 primal_residual=1.90954e-07 dual_residual=5.75301e-05 x_size=16 x_finite=1
[SQP LINESEARCH] iter=2 current_violation=0 accepted_violation=0 accepted=1 alpha=1 delta_u_norm=0.173868
[SQP SUPPORT] iter=2 support_size=0 support_limit=-1 support_ok=1
[SQP] before_solve iter=3 vars=16 constraints=115 max_d=-6.45606e-06
[QP WORST] iter=3 row=19 type=collision d=-6.45606e-06
[QP WORST COLLISION] scenario=37 k=3 obstacle=0 disc=0
[SQP] after_solve iter=3 converged=1 status=0 iterations=5 primal_residual=1.93451e-07 dual_residual=5.88522e-05 x_size=16 x_finite=1
[SQP LINESEARCH] iter=3 current_violation=0 accepted_violation=0 accepted=1 alpha=1 delta_u_norm=0.15984
[SQP SUPPORT] iter=3 support_size=0 support_limit=-1 support_ok=1
[SQP] before_solve iter=4 vars=16 constraints=115 max_d=-6.26374e-06
[QP WORST] iter=4 row=19 type=collision d=-6.26374e-06
[QP WORST COLLISION] scenario=37 k=3 obstacle=0 disc=0
[SQP] after_solve iter=4 converged=1 status=0 iterations=5 primal_residual=1.92227e-07 dual_residual=6.11088e-05 x_size=16 x_finite=1
[SQP LINESEARCH] iter=4 current_violation=0 accepted_violation=0 accepted=1 alpha=1 delta_u_norm=0.147623
[SQP SUPPORT] iter=4 support_size=0 support_limit=-1 support_ok=1
[SQP] before_solve iter=5 vars=16 constraints=115 max_d=-6.20371e-06
[QP WORST] iter=5 row=19 type=collision d=-6.20371e-06
[QP WORST COLLISION] scenario=37 k=3 obstacle=0 disc=0
[SQP] after_solve iter=5 converged=1 status=0 iterations=5 primal_residual=1.8241e-07 dual_residual=6.19004e-05 x_size=16 x_finite=1
[SQP LINESEARCH] iter=5 current_violation=0 accepted_violation=0 accepted=1 alpha=1 delta_u_norm=0.136067
[SQP SUPPORT] iter=5 support_size=0 support_limit=-1 support_ok=1
[SQP] before_solve iter=6 vars=16 constraints=115 max_d=-6.11535e-06
[QP WORST] iter=6 row=19 type=collision d=-6.11535e-06
[QP WORST COLLISION] scenario=37 k=3 obstacle=0 disc=0
[SQP] after_solve iter=6 converged=1 status=0 iterations=5 primal_residual=1.59586e-07 dual_residual=6.489e-05 x_size=16 x_finite=1
[SQP LINESEARCH] iter=6 current_violation=0 accepted_violation=0 accepted=1 alpha=1 delta_u_norm=0.124837
[SQP SUPPORT] iter=6 support_size=0 support_limit=-1 support_ok=1
[SQP] before_solve iter=7 vars=16 constraints=115 max_d=-5.86855e-06
[QP WORST] iter=7 row=19 type=collision d=-5.86855e-06
[QP WORST COLLISION] scenario=37 k=3 obstacle=0 disc=0
[SQP] after_solve iter=7 converged=1 status=0 iterations=5 primal_residual=1.33523e-07 dual_residual=6.74717e-05 x_size=16 x_finite=1
[SQP LINESEARCH] iter=7 current_violation=0 accepted_violation=0 accepted=1 alpha=1 delta_u_norm=0.115338
[SQP SUPPORT] iter=7 support_size=0 support_limit=-1 support_ok=1
[SQP] before_solve iter=8 vars=16 constraints=115 max_d=-5.67142e-06
[QP WORST] iter=8 row=19 type=collision d=-5.67142e-06
[QP WORST COLLISION] scenario=37 k=3 obstacle=0 disc=0
[SQP] after_solve iter=8 converged=1 status=0 iterations=5 primal_residual=1.14218e-07 dual_residual=6.52898e-05 x_size=16 x_finite=1
[SQP LINESEARCH] iter=8 current_violation=0 accepted_violation=0 accepted=1 alpha=1 delta_u_norm=0.108168
[SQP SUPPORT] iter=8 support_size=0 support_limit=-1 support_ok=1
[SQP] before_solve iter=9 vars=16 constraints=115 max_d=-5.5771e-06
[QP WORST] iter=9 row=19 type=collision d=-5.5771e-06
[QP WORST COLLISION] scenario=37 k=3 obstacle=0 disc=0
[SQP] after_solve iter=9 converged=1 status=0 iterations=5 primal_residual=1.08154e-07 dual_residual=6.39029e-05 x_size=16 x_finite=1
[SQP LINESEARCH] iter=9 current_violation=0 accepted_violation=0 accepted=1 alpha=1 delta_u_norm=0.102165
[SQP SUPPORT] iter=9 support_size=0 support_limit=-1 support_ok=1
[SQP FINAL] final_violation=0 violated_constraints=0
[SUPPORT FINAL] sqp_union=0 final_active=2 support_limit=-1
[SUPPORT FINAL IDS] 1 37
[SUPPORT UNION IDS]
[COLD START RECOVERY CHECK] ordinary_sqp_failed=0 seed_available=1 incompatible=0 try_homotopy=0
[HARNESS RESULT] step=36 success=1 controls=8 first_input_present=1
[MPC STEP METRICS] step=36 applied=1 success=1 fallback=0 a=-0.00594482 omega=0.0836303 dt=0.1 acceleration_weight=0.1 steering_weight=0.1 control_cost_unweighted=0.00702937 control_cost_weighted=0.000702937 mpc_cost=-17.2432 solve_time=0.0360495 qp_solve_time=0.0231282 constraint_time=0.00704065 dro_risk_time=0.000411781 ambiguity_radius=0.00474925 certificate=not_requested
[EVAL SAFETY] step=37 min_center_distance=1.01611 min_clearance=0.0661065 collision_this_step=0 collision_run=0 collision_radius=0.95
[DRO SUMMARY] step=38 obstacle=0 S=40 rho=0.00472563 rho_raw=0.00472563 D_max=0.0256781 D_min=0.0128703 tv_bound=0.367174 eta=0.184033 eta_raw=0.184033 radius_m=38 radius_d=3 transport_cost=0.00472563 budget_usage=1 lambda=0.945226 q_support=3 nominal_risk=0.00572866 qstar_risk=0.0101954 risk_lift=0.00446679 tv=0.367174
[DRO MODE] step=38 obstacle=0 mode=constant_velocity p=0.417722 risk=0.00562675 q=0.0505474 delta_q=-0.367174 q_times_S=2.02189
[DRO MODE] step=38 obstacle=0 mode=turn_left p=0.189873 risk=0.0177921 q=0.557048 delta_q=0.367174 q_times_S=22.2819
[DRO MODE] step=38 obstacle=0 mode=turn_right p=0.392405 risk=0 q=0.392405 delta_q=0 q_times_S=15.6962
[DRO SAMPLE] step=38 obstacle=0 mode=constant_velocity q=0.0505474 q_times_S=2.02189 first_count=0 first_fraction=0 occupancy=0 occupancy_fraction=0
[DRO SAMPLE] step=38 obstacle=0 mode=turn_left q=0.557048 q_times_S=22.2819 first_count=20 first_fraction=0.5 occupancy=160 occupancy_fraction=0.5
[DRO SAMPLE] step=38 obstacle=0 mode=turn_right q=0.392405 q_times_S=15.6962 first_count=20 first_fraction=0.5 occupancy=160 occupancy_fraction=0.5
[RF BACKUP] available=1 controls=8 states=9
[FREE POLY] k=1 disc=0 raw=40 facets=5 vertices=8 rho=4.8 anchor_shift=0
[FREE POLY] k=1 disc=1 raw=40 facets=1 vertices=5 rho=0.800001 anchor_shift=0
[FREE POLY] k=1 disc=2 raw=40 facets=3 vertices=6 rho=4.8 anchor_shift=0
[FREE POLY] k=2 disc=0 raw=40 facets=5 vertices=8 rho=5.6 anchor_shift=0
[FREE POLY] k=2 disc=1 raw=40 facets=2 vertices=6 rho=1.6 anchor_shift=0
[FREE POLY] k=2 disc=2 raw=40 facets=4 vertices=7 rho=5.6 anchor_shift=0
[FREE POLY] k=3 disc=0 raw=40 facets=4 vertices=7 rho=6.4 anchor_shift=0
[FREE POLY] k=3 disc=1 raw=40 facets=2 vertices=5 rho=2.4 anchor_shift=0
[FREE POLY] k=3 disc=2 raw=40 facets=3 vertices=6 rho=6.4 anchor_shift=0
[FREE POLY] k=4 disc=0 raw=40 facets=4 vertices=7 rho=7.2 anchor_shift=0
[FREE POLY] k=4 disc=1 raw=40 facets=2 vertices=5 rho=3.2 anchor_shift=0
[FREE POLY] k=4 disc=2 raw=40 facets=3 vertices=6 rho=7.2 anchor_shift=0
[FREE POLY] k=5 disc=0 raw=40 facets=4 vertices=7 rho=8 anchor_shift=0
[FREE POLY] k=5 disc=1 raw=40 facets=2 vertices=5 rho=4 anchor_shift=0
[FREE POLY] k=5 disc=2 raw=40 facets=3 vertices=6 rho=8 anchor_shift=0
[FREE POLY] k=6 disc=0 raw=40 facets=3 vertices=6 rho=8.8 anchor_shift=0
[FREE POLY] k=6 disc=1 raw=40 facets=2 vertices=5 rho=4.8 anchor_shift=0
[FREE POLY] k=6 disc=2 raw=40 facets=2 vertices=5 rho=8.8 anchor_shift=0
[FREE POLY] k=7 disc=0 raw=40 facets=3 vertices=5 rho=9.6 anchor_shift=0
[FREE POLY] k=7 disc=1 raw=40 facets=2 vertices=5 rho=5.6 anchor_shift=0
[FREE POLY] k=7 disc=2 raw=40 facets=2 vertices=5 rho=9.6 anchor_shift=0
[FREE POLY] k=8 disc=0 raw=40 facets=3 vertices=6 rho=10.4 anchor_shift=0
[FREE POLY] k=8 disc=1 raw=40 facets=2 vertices=5 rho=6.4 anchor_shift=0
[FREE POLY] k=8 disc=2 raw=40 facets=2 vertices=5 rho=10.4 anchor_shift=0
[RF SUPPORT SEED] removed=0 support_limit=-1
[SQP] before_solve iter=0 vars=16 constraints=100 max_d=-0.0207735
[QP WORST] iter=0 row=11 type=collision d=-0.0207735
[QP WORST COLLISION] scenario=19 k=2 obstacle=0 disc=0
[SQP] after_solve iter=0 converged=1 status=0 iterations=5 primal_residual=4.26742e-16 dual_residual=1.7351e-05 x_size=16 x_finite=1
[SQP LINESEARCH] iter=0 current_violation=0 accepted_violation=0 accepted=1 alpha=1 delta_u_norm=0.25539
[SQP SUPPORT] iter=0 support_size=0 support_limit=-1 support_ok=1
[SQP] before_solve iter=1 vars=16 constraints=100 max_d=-0.000125277
[QP WORST] iter=1 row=29 type=collision d=-0.000125277
[QP WORST COLLISION] scenario=5 k=4 obstacle=0 disc=0
[SQP] after_solve iter=1 converged=1 status=0 iterations=5 primal_residual=4.16334e-16 dual_residual=1.34827e-05 x_size=16 x_finite=1
[SQP LINESEARCH] iter=1 current_violation=0 accepted_violation=0 accepted=1 alpha=1 delta_u_norm=0.177351
[SQP SUPPORT] iter=1 support_size=0 support_limit=-1 support_ok=1
[SQP] before_solve iter=2 vars=16 constraints=100 max_d=-0.000101859
[QP WORST] iter=2 row=20 type=collision d=-0.000101859
[QP WORST COLLISION] scenario=5 k=3 obstacle=0 disc=0
[SQP] after_solve iter=2 converged=1 status=0 iterations=5 primal_residual=4.19803e-16 dual_residual=1.83953e-05 x_size=16 x_finite=1
[SQP LINESEARCH] iter=2 current_violation=0 accepted_violation=0 accepted=1 alpha=1 delta_u_norm=0.15787
[SQP SUPPORT] iter=2 support_size=0 support_limit=-1 support_ok=1
[SQP] before_solve iter=3 vars=16 constraints=100 max_d=-5.39575e-06
[QP WORST] iter=3 row=20 type=collision d=-5.39575e-06
[QP WORST COLLISION] scenario=5 k=3 obstacle=0 disc=0
[SQP] after_solve iter=3 converged=1 status=0 iterations=5 primal_residual=4.0766e-16 dual_residual=2.05522e-05 x_size=16 x_finite=1
[SQP LINESEARCH] iter=3 current_violation=0 accepted_violation=0 accepted=1 alpha=1 delta_u_norm=0.145499
[SQP SUPPORT] iter=3 support_size=0 support_limit=-1 support_ok=1
[SQP] before_solve iter=4 vars=16 constraints=100 max_d=-5.21988e-06
[QP WORST] iter=4 row=20 type=collision d=-5.21988e-06
[QP WORST COLLISION] scenario=5 k=3 obstacle=0 disc=0
[SQP] after_solve iter=4 converged=1 status=0 iterations=5 primal_residual=4.19803e-16 dual_residual=2.38044e-05 x_size=16 x_finite=1
[SQP LINESEARCH] iter=4 current_violation=0 accepted_violation=0 accepted=1 alpha=1 delta_u_norm=0.135693
[SQP SUPPORT] iter=4 support_size=0 support_limit=-1 support_ok=1
[SQP] before_solve iter=5 vars=16 constraints=100 max_d=-4.91492e-06
[QP WORST] iter=5 row=20 type=collision d=-4.91492e-06
[QP WORST COLLISION] scenario=5 k=3 obstacle=0 disc=0
[SQP] after_solve iter=5 converged=1 status=0 iterations=5 primal_residual=4.16334e-16 dual_residual=2.66559e-05 x_size=16 x_finite=1
[SQP LINESEARCH] iter=5 current_violation=0 accepted_violation=0 accepted=1 alpha=1 delta_u_norm=0.127275
[SQP SUPPORT] iter=5 support_size=0 support_limit=-1 support_ok=1
[SQP] before_solve iter=6 vars=16 constraints=100 max_d=-4.71027e-06
[QP WORST] iter=6 row=20 type=collision d=-4.71027e-06
[QP WORST COLLISION] scenario=5 k=3 obstacle=0 disc=0
[SQP] after_solve iter=6 converged=1 status=0 iterations=5 primal_residual=3.79579e-16 dual_residual=2.92987e-05 x_size=16 x_finite=1
[SQP LINESEARCH] iter=6 current_violation=0 accepted_violation=0 accepted=1 alpha=1 delta_u_norm=0.119798
[SQP SUPPORT] iter=6 support_size=0 support_limit=-1 support_ok=1
[SQP] before_solve iter=7 vars=16 constraints=100 max_d=-4.58565e-06
[QP WORST] iter=7 row=20 type=collision d=-4.58565e-06
[QP WORST COLLISION] scenario=5 k=3 obstacle=0 disc=0
[SQP] after_solve iter=7 converged=1 status=0 iterations=5 primal_residual=4.23273e-16 dual_residual=3.18072e-05 x_size=16 x_finite=1
[SQP LINESEARCH] iter=7 current_violation=0 accepted_violation=0 accepted=1 alpha=1 delta_u_norm=0.113034
[SQP SUPPORT] iter=7 support_size=0 support_limit=-1 support_ok=1
[SQP] before_solve iter=8 vars=16 constraints=100 max_d=-4.51158e-06
[QP WORST] iter=8 row=20 type=collision d=-4.51158e-06
[QP WORST COLLISION] scenario=5 k=3 obstacle=0 disc=0
[SQP] after_solve iter=8 converged=1 status=0 iterations=5 primal_residual=3.88578e-16 dual_residual=3.41428e-05 x_size=16 x_finite=1
[SQP LINESEARCH] iter=8 current_violation=0 accepted_violation=0 accepted=1 alpha=1 delta_u_norm=0.106841
[SQP SUPPORT] iter=8 support_size=0 support_limit=-1 support_ok=1
[SQP] before_solve iter=9 vars=16 constraints=100 max_d=-4.46787e-06
[QP WORST] iter=9 row=20 type=collision d=-4.46787e-06
[QP WORST COLLISION] scenario=5 k=3 obstacle=0 disc=0
[SQP] after_solve iter=9 converged=1 status=0 iterations=5 primal_residual=4.61436e-16 dual_residual=3.62307e-05 x_size=16 x_finite=1
[SQP LINESEARCH] iter=9 current_violation=0 accepted_violation=0 accepted=1 alpha=1 delta_u_norm=0.101129
[SQP SUPPORT] iter=9 support_size=0 support_limit=-1 support_ok=1
[SQP FINAL] final_violation=0 violated_constraints=0
[SUPPORT FINAL] sqp_union=0 final_active=1 support_limit=-1
[SUPPORT FINAL IDS] 5
[SUPPORT UNION IDS]
[COLD START RECOVERY CHECK] ordinary_sqp_failed=0 seed_available=1 incompatible=0 try_homotopy=0
[HARNESS RESULT] step=37 success=1 controls=8 first_input_present=1
[MPC STEP METRICS] step=37 applied=1 success=1 fallback=0 a=-0.0460996 omega=-0.266737 dt=0.1 acceleration_weight=0.1 steering_weight=0.1 control_cost_unweighted=0.073274 control_cost_weighted=0.0073274 mpc_cost=-17.3056 solve_time=0.0349086 qp_solve_time=0.0221176 constraint_time=0.00680743 dro_risk_time=0.000415288 ambiguity_radius=0.00472563 certificate=not_requested
[EVAL SAFETY] step=38 min_center_distance=0.995616 min_clearance=0.0456162 collision_this_step=0 collision_run=0 collision_radius=0.95
[DRO SUMMARY] step=39 obstacle=0 S=40 rho=0.00467872 rho_raw=0.00467872 D_max=0.0256781 D_min=0.0128703 tv_bound=0.363529 eta=0.182206 eta_raw=0.182206 radius_m=39 radius_d=3 transport_cost=0.00467872 budget_usage=1 lambda=0.748357 q_support=3 nominal_risk=0.00488109 qstar_risk=0.00838244 risk_lift=0.00350135 tv=0.363529
[DRO MODE] step=39 obstacle=0 mode=constant_velocity p=0.407407 risk=0.00522697 q=0.0438782 delta_q=-0.363529 q_times_S=1.75513
[DRO MODE] step=39 obstacle=0 mode=turn_left p=0.185185 risk=0.0148585 q=0.548714 delta_q=0.363529 q_times_S=21.9486
[DRO MODE] step=39 obstacle=0 mode=turn_right p=0.407407 risk=0 q=0.407407 delta_q=0 q_times_S=16.2963
[DRO SAMPLE] step=39 obstacle=0 mode=constant_velocity q=0.0438782 q_times_S=1.75513 first_count=4 first_fraction=0.1 occupancy=32 occupancy_fraction=0.1
[DRO SAMPLE] step=39 obstacle=0 mode=turn_left q=0.548714 q_times_S=21.9486 first_count=20 first_fraction=0.5 occupancy=160 occupancy_fraction=0.5
[DRO SAMPLE] step=39 obstacle=0 mode=turn_right q=0.407407 q_times_S=16.2963 first_count=16 first_fraction=0.4 occupancy=128 occupancy_fraction=0.4
[RF BACKUP] available=1 controls=8 states=9
[FREE POLY] k=1 disc=0 raw=40 facets=6 vertices=9 rho=4.8 anchor_shift=0
[FREE POLY] k=1 disc=1 raw=40 facets=0 vertices=4 rho=0.800001 anchor_shift=0
[FREE POLY] k=1 disc=2 raw=40 facets=4 vertices=7 rho=4.8 anchor_shift=0
[FREE POLY] k=2 disc=0 raw=40 facets=4 vertices=7 rho=5.6 anchor_shift=0
[FREE POLY] k=2 disc=1 raw=40 facets=2 vertices=6 rho=1.6 anchor_shift=0
[FREE POLY] k=2 disc=2 raw=40 facets=2 vertices=5 rho=5.6 anchor_shift=0
[FREE POLY] k=3 disc=0 raw=40 facets=4 vertices=7 rho=6.4 anchor_shift=0
[FREE POLY] k=3 disc=1 raw=40 facets=2 vertices=5 rho=2.4 anchor_shift=0
[FREE POLY] k=3 disc=2 raw=40 facets=2 vertices=5 rho=6.4 anchor_shift=0
[FREE POLY] k=4 disc=0 raw=40 facets=3 vertices=6 rho=7.2 anchor_shift=0
[FREE POLY] k=4 disc=1 raw=40 facets=2 vertices=5 rho=3.2 anchor_shift=0
[FREE POLY] k=4 disc=2 raw=40 facets=2 vertices=5 rho=7.2 anchor_shift=0
[FREE POLY] k=5 disc=0 raw=40 facets=3 vertices=5 rho=8 anchor_shift=0
[FREE POLY] k=5 disc=1 raw=40 facets=2 vertices=5 rho=4 anchor_shift=0
[FREE POLY] k=5 disc=2 raw=40 facets=3 vertices=6 rho=8 anchor_shift=0
[FREE POLY] k=6 disc=0 raw=40 facets=3 vertices=6 rho=8.8 anchor_shift=0
[FREE POLY] k=6 disc=1 raw=40 facets=3 vertices=6 rho=4.8 anchor_shift=0
[FREE POLY] k=6 disc=2 raw=40 facets=3 vertices=6 rho=8.8 anchor_shift=0
[FREE POLY] k=7 disc=0 raw=40 facets=4 vertices=7 rho=9.6 anchor_shift=0
[FREE POLY] k=7 disc=1 raw=40 facets=4 vertices=7 rho=5.6 anchor_shift=0
[FREE POLY] k=7 disc=2 raw=40 facets=4 vertices=7 rho=9.6 anchor_shift=0
[FREE POLY] k=8 disc=0 raw=40 facets=5 vertices=8 rho=10.4 anchor_shift=0
[FREE POLY] k=8 disc=1 raw=40 facets=5 vertices=8 rho=6.4 anchor_shift=0
[FREE POLY] k=8 disc=2 raw=40 facets=5 vertices=8 rho=10.4 anchor_shift=0
[RF SUPPORT SEED] removed=0 support_limit=-1
[SQP] before_solve iter=0 vars=16 constraints=109 max_d=-0.00498774
[QP WORST] iter=0 row=10 type=collision d=-0.00498774
[QP WORST COLLISION] scenario=2 k=2 obstacle=0 disc=0
[SQP] after_solve iter=0 converged=1 status=0 iterations=4 primal_residual=3.88578e-16 dual_residual=9.23705e-05 x_size=16 x_finite=1
[SQP LINESEARCH] iter=0 current_violation=0 accepted_violation=0 accepted=1 alpha=1 delta_u_norm=0.234147
[SQP SUPPORT] iter=0 support_size=0 support_limit=-1 support_ok=1
[SQP] before_solve iter=1 vars=16 constraints=109 max_d=-0.00663663
[QP WORST] iter=1 row=10 type=collision d=-0.00663663
[QP WORST COLLISION] scenario=2 k=2 obstacle=0 disc=0
[SQP] after_solve iter=1 converged=1 status=0 iterations=4 primal_residual=4.42354e-16 dual_residual=8.97274e-05 x_size=16 x_finite=1
[SQP LINESEARCH] iter=1 current_violation=0 accepted_violation=0 accepted=1 alpha=1 delta_u_norm=0.173246
[SQP SUPPORT] iter=1 support_size=0 support_limit=-1 support_ok=1
[SQP] before_solve iter=2 vars=16 constraints=109 max_d=-0.00343777
[QP WORST] iter=2 row=20 type=collision d=-0.00343777
[QP WORST COLLISION] scenario=16 k=3 obstacle=0 disc=0
[SQP] after_solve iter=2 converged=1 status=0 iterations=4 primal_residual=3.93782e-16 dual_residual=8.40571e-05 x_size=16 x_finite=1
[SQP LINESEARCH] iter=2 current_violation=0 accepted_violation=0 accepted=1 alpha=1 delta_u_norm=0.155675
[SQP SUPPORT] iter=2 support_size=0 support_limit=-1 support_ok=1
[SQP] before_solve iter=3 vars=16 constraints=109 max_d=-0.00227445
[QP WORST] iter=3 row=20 type=collision d=-0.00227445
[QP WORST COLLISION] scenario=16 k=3 obstacle=0 disc=0
[SQP] after_solve iter=3 converged=1 status=0 iterations=4 primal_residual=5.29804e-10 dual_residual=7.97658e-05 x_size=16 x_finite=1
[SQP LINESEARCH] iter=3 current_violation=0 accepted_violation=0 accepted=1 alpha=1 delta_u_norm=0.143665
[SQP SUPPORT] iter=3 support_size=0 support_limit=-1 support_ok=1
[SQP] before_solve iter=4 vars=16 constraints=109 max_d=-0.000949477
[QP WORST] iter=4 row=20 type=collision d=-0.000949477
[QP WORST COLLISION] scenario=16 k=3 obstacle=0 disc=0
[SQP] after_solve iter=4 converged=1 status=0 iterations=4 primal_residual=4.9926e-10 dual_residual=7.83152e-05 x_size=16 x_finite=1
[SQP LINESEARCH] iter=4 current_violation=0 accepted_violation=0 accepted=1 alpha=1 delta_u_norm=0.13426
[SQP SUPPORT] iter=4 support_size=0 support_limit=-1 support_ok=1
[SQP] before_solve iter=5 vars=16 constraints=109 max_d=-0.000759101
[QP WORST] iter=5 row=20 type=collision d=-0.000759101
[QP WORST COLLISION] scenario=16 k=3 obstacle=0 disc=0
[SQP] after_solve iter=5 converged=1 status=0 iterations=4 primal_residual=3.58088e-10 dual_residual=7.75408e-05 x_size=16 x_finite=1
[SQP LINESEARCH] iter=5 current_violation=0 accepted_violation=0 accepted=1 alpha=1 delta_u_norm=0.126
[SQP SUPPORT] iter=5 support_size=0 support_limit=-1 support_ok=1
[SQP] before_solve iter=6 vars=16 constraints=109 max_d=-0.000551396
[QP WORST] iter=6 row=20 type=collision d=-0.000551396
[QP WORST COLLISION] scenario=16 k=3 obstacle=0 disc=0
[SQP] after_solve iter=6 converged=1 status=0 iterations=4 primal_residual=1.5809e-10 dual_residual=7.70486e-05 x_size=16 x_finite=1
[SQP LINESEARCH] iter=6 current_violation=0 accepted_violation=0 accepted=1 alpha=1 delta_u_norm=0.11872
[SQP SUPPORT] iter=6 support_size=0 support_limit=-1 support_ok=1
[SQP] before_solve iter=7 vars=16 constraints=109 max_d=-0.000495002
[QP WORST] iter=7 row=20 type=collision d=-0.000495002
[QP WORST COLLISION] scenario=16 k=3 obstacle=0 disc=0
[SQP] after_solve iter=7 converged=1 status=0 iterations=4 primal_residual=4.34928e-16 dual_residual=7.67426e-05 x_size=16 x_finite=1
[SQP LINESEARCH] iter=7 current_violation=0 accepted_violation=0 accepted=1 alpha=1 delta_u_norm=0.112113
[SQP SUPPORT] iter=7 support_size=0 support_limit=-1 support_ok=1
[SQP] before_solve iter=8 vars=16 constraints=109 max_d=-0.000446831
[QP WORST] iter=8 row=20 type=collision d=-0.000446831
[QP WORST COLLISION] scenario=16 k=3 obstacle=0 disc=0
[SQP] after_solve iter=8 converged=1 status=0 iterations=4 primal_residual=4.19905e-16 dual_residual=7.68692e-05 x_size=16 x_finite=1
[SQP LINESEARCH] iter=8 current_violation=0 accepted_violation=0 accepted=1 alpha=1 delta_u_norm=0.10607
[SQP SUPPORT] iter=8 support_size=0 support_limit=-1 support_ok=1
[SQP] before_solve iter=9 vars=16 constraints=109 max_d=-0.000453316
[QP WORST] iter=9 row=20 type=collision d=-0.000453316
[QP WORST COLLISION] scenario=16 k=3 obstacle=0 disc=0
[SQP] after_solve iter=9 converged=1 status=0 iterations=4 primal_residual=4.38885e-16 dual_residual=7.70889e-05 x_size=16 x_finite=1
[SQP LINESEARCH] iter=9 current_violation=0 accepted_violation=0 accepted=1 alpha=1 delta_u_norm=0.100494
[SQP SUPPORT] iter=9 support_size=0 support_limit=-1 support_ok=1
[SQP FINAL] final_violation=0 violated_constraints=0
[SUPPORT FINAL] sqp_union=0 final_active=1 support_limit=-1
[SUPPORT FINAL IDS] 16
[SUPPORT UNION IDS]
[COLD START RECOVERY CHECK] ordinary_sqp_failed=0 seed_available=1 incompatible=0 try_homotopy=0
[HARNESS RESULT] step=38 success=1 controls=8 first_input_present=1
[MPC STEP METRICS] step=38 applied=1 success=1 fallback=0 a=-0.0387327 omega=-0.11783 dt=0.1 acceleration_weight=0.1 steering_weight=0.1 control_cost_unweighted=0.0153841 control_cost_weighted=0.00153841 mpc_cost=-17.373 solve_time=0.0356565 qp_solve_time=0.0228168 constraint_time=0.00698763 dro_risk_time=0.000412111 ambiguity_radius=0.00467872 certificate=not_requested
[EVAL SAFETY] step=39 min_center_distance=0.979587 min_clearance=0.0295866 collision_this_step=0 collision_run=0 collision_radius=0.95
[DRO SUMMARY] step=40 obstacle=0 S=40 rho=0.00462999 rho_raw=0.00462999 D_max=0.0256781 D_min=0.0128703 tv_bound=0.359743 eta=0.180309 eta_raw=0.180309 radius_m=40 radius_d=3 transport_cost=0 budget_usage=0 lambda=0 q_support=3 nominal_risk=0 qstar_risk=0 risk_lift=0 tv=0
[DRO MODE] step=40 obstacle=0 mode=constant_velocity p=0.39759 risk=0 q=0.39759 delta_q=0 q_times_S=15.9036
[DRO MODE] step=40 obstacle=0 mode=turn_left p=0.180723 risk=0 q=0.180723 delta_q=0 q_times_S=7.22892
[DRO MODE] step=40 obstacle=0 mode=turn_right p=0.421687 risk=0 q=0.421687 delta_q=0 q_times_S=16.8675
[DRO SAMPLE] step=40 obstacle=0 mode=constant_velocity q=0.39759 q_times_S=15.9036 first_count=17 first_fraction=0.425 occupancy=136 occupancy_fraction=0.425
[DRO SAMPLE] step=40 obstacle=0 mode=turn_left q=0.180723 q_times_S=7.22892 first_count=5 first_fraction=0.125 occupancy=40 occupancy_fraction=0.125
[DRO SAMPLE] step=40 obstacle=0 mode=turn_right q=0.421687 q_times_S=16.8675 first_count=18 first_fraction=0.45 occupancy=144 occupancy_fraction=0.45
[RF BACKUP] available=1 controls=8 states=9
[FREE POLY] k=1 disc=0 raw=40 facets=4 vertices=7 rho=4.8 anchor_shift=0
[FREE POLY] k=1 disc=1 raw=40 facets=0 vertices=4 rho=0.800001 anchor_shift=0
[FREE POLY] k=1 disc=2 raw=40 facets=2 vertices=5 rho=4.8 anchor_shift=0
[FREE POLY] k=2 disc=0 raw=40 facets=5 vertices=8 rho=5.6 anchor_shift=0
[FREE POLY] k=2 disc=1 raw=40 facets=1 vertices=5 rho=1.6 anchor_shift=0
[FREE POLY] k=2 disc=2 raw=40 facets=4 vertices=7 rho=5.6 anchor_shift=0
[FREE POLY] k=3 disc=0 raw=40 facets=4 vertices=7 rho=6.4 anchor_shift=0
[FREE POLY] k=3 disc=1 raw=40 facets=2 vertices=5 rho=2.4 anchor_shift=0
[FREE POLY] k=3 disc=2 raw=40 facets=3 vertices=6 rho=6.4 anchor_shift=0
[FREE POLY] k=4 disc=0 raw=40 facets=4 vertices=7 rho=7.2 anchor_shift=0
[FREE POLY] k=4 disc=1 raw=40 facets=3 vertices=6 rho=3.2 anchor_shift=0
[FREE POLY] k=4 disc=2 raw=40 facets=3 vertices=6 rho=7.2 anchor_shift=0
[FREE POLY] k=5 disc=0 raw=40 facets=4 vertices=7 rho=8 anchor_shift=0
[FREE POLY] k=5 disc=1 raw=40 facets=3 vertices=6 rho=4 anchor_shift=0
[FREE POLY] k=5 disc=2 raw=40 facets=3 vertices=6 rho=8 anchor_shift=0
[FREE POLY] k=6 disc=0 raw=40 facets=4 vertices=7 rho=8.8 anchor_shift=0
[FREE POLY] k=6 disc=1 raw=40 facets=3 vertices=6 rho=4.8 anchor_shift=0
[FREE POLY] k=6 disc=2 raw=40 facets=3 vertices=6 rho=8.8 anchor_shift=0
[FREE POLY] k=7 disc=0 raw=40 facets=4 vertices=7 rho=9.6 anchor_shift=0
[FREE POLY] k=7 disc=1 raw=40 facets=3 vertices=6 rho=5.6 anchor_shift=0
[FREE POLY] k=7 disc=2 raw=40 facets=3 vertices=6 rho=9.6 anchor_shift=0
[FREE POLY] k=8 disc=0 raw=40 facets=5 vertices=8 rho=10.4 anchor_shift=0
[FREE POLY] k=8 disc=1 raw=40 facets=5 vertices=8 rho=6.4 anchor_shift=0
[FREE POLY] k=8 disc=2 raw=40 facets=5 vertices=8 rho=10.4 anchor_shift=0
[RF SUPPORT SEED] removed=0 support_limit=-1
[SQP] before_solve iter=0 vars=16 constraints=112 max_d=-0.0170374
[QP WORST] iter=0 row=0 type=collision d=-0.0170374
[QP WORST COLLISION] scenario=2 k=1 obstacle=0 disc=0
[SQP] after_solve iter=0 converged=1 status=0 iterations=4 primal_residual=1.34854e-08 dual_residual=8.02151e-05 x_size=16 x_finite=1
[SQP LINESEARCH] iter=0 current_violation=0 accepted_violation=0 accepted=1 alpha=1 delta_u_norm=0.233126
[SQP SUPPORT] iter=0 support_size=0 support_limit=-1 support_ok=1
[SQP] before_solve iter=1 vars=16 constraints=112 max_d=-0.0182731
[QP WORST] iter=1 row=0 type=collision d=-0.0182731
[QP WORST COLLISION] scenario=2 k=1 obstacle=0 disc=0
[SQP] after_solve iter=1 converged=1 status=0 iterations=4 primal_residual=1.3575e-08 dual_residual=8.32294e-05 x_size=16 x_finite=1
[SQP LINESEARCH] iter=1 current_violation=0 accepted_violation=0 accepted=1 alpha=1 delta_u_norm=0.171992
[SQP SUPPORT] iter=1 support_size=0 support_limit=-1 support_ok=1
[SQP] before_solve iter=2 vars=16 constraints=112 max_d=-0.0164453
[QP WORST] iter=2 row=7 type=collision d=-0.0164453
[QP WORST COLLISION] scenario=16 k=2 obstacle=0 disc=0
[SQP] after_solve iter=2 converged=1 status=0 iterations=4 primal_residual=1.31629e-08 dual_residual=8.27956e-05 x_size=16 x_finite=1
[SQP LINESEARCH] iter=2 current_violation=0 accepted_violation=0 accepted=1 alpha=1 delta_u_norm=0.155497
[SQP SUPPORT] iter=2 support_size=0 support_limit=-1 support_ok=1
[SQP] before_solve iter=3 vars=16 constraints=112 max_d=-0.0170697
[QP WORST] iter=3 row=7 type=collision d=-0.0170697
[QP WORST COLLISION] scenario=16 k=2 obstacle=0 disc=0
[SQP] after_solve iter=3 converged=1 status=0 iterations=4 primal_residual=1.23668e-08 dual_residual=8.25328e-05 x_size=16 x_finite=1
[SQP LINESEARCH] iter=3 current_violation=0 accepted_violation=0 accepted=1 alpha=1 delta_u_norm=0.143625
[SQP SUPPORT] iter=3 support_size=0 support_limit=-1 support_ok=1
[SQP] before_solve iter=4 vars=16 constraints=112 max_d=-0.0157196
[QP WORST] iter=4 row=7 type=collision d=-0.0157196
[QP WORST COLLISION] scenario=16 k=2 obstacle=0 disc=0
[SQP] after_solve iter=4 converged=1 status=0 iterations=4 primal_residual=1.2195e-08 dual_residual=8.21249e-05 x_size=16 x_finite=1
[SQP LINESEARCH] iter=4 current_violation=0 accepted_violation=0 accepted=1 alpha=1 delta_u_norm=0.13437
[SQP SUPPORT] iter=4 support_size=0 support_limit=-1 support_ok=1
[SQP] before_solve iter=5 vars=16 constraints=112 max_d=-0.0159485
[QP WORST] iter=5 row=7 type=collision d=-0.0159485
[QP WORST COLLISION] scenario=16 k=2 obstacle=0 disc=0
[SQP] after_solve iter=5 converged=1 status=0 iterations=4 primal_residual=1.17303e-08 dual_residual=8.17802e-05 x_size=16 x_finite=1
[SQP LINESEARCH] iter=5 current_violation=0 accepted_violation=0 accepted=1 alpha=1 delta_u_norm=0.125989
[SQP SUPPORT] iter=5 support_size=0 support_limit=-1 support_ok=1
[SQP] before_solve iter=6 vars=16 constraints=112 max_d=-0.0154243
[QP WORST] iter=6 row=7 type=collision d=-0.0154243
[QP WORST COLLISION] scenario=16 k=2 obstacle=0 disc=0
[SQP] after_solve iter=6 converged=1 status=0 iterations=4 primal_residual=1.14557e-08 dual_residual=8.18253e-05 x_size=16 x_finite=1
[SQP LINESEARCH] iter=6 current_violation=0 accepted_violation=0 accepted=1 alpha=1 delta_u_norm=0.118699
[SQP SUPPORT] iter=6 support_size=0 support_limit=-1 support_ok=1
[SQP] before_solve iter=7 vars=16 constraints=112 max_d=-0.0154955
[QP WORST] iter=7 row=7 type=collision d=-0.0154955
[QP WORST COLLISION] scenario=16 k=2 obstacle=0 disc=0
[SQP] after_solve iter=7 converged=1 status=0 iterations=4 primal_residual=1.11306e-08 dual_residual=8.40628e-05 x_size=16 x_finite=1
[SQP LINESEARCH] iter=7 current_violation=0 accepted_violation=0 accepted=1 alpha=1 delta_u_norm=0.112006
[SQP SUPPORT] iter=7 support_size=0 support_limit=-1 support_ok=1
[SQP] before_solve iter=8 vars=16 constraints=112 max_d=-0.0152951
[QP WORST] iter=8 row=7 type=collision d=-0.0152951
[QP WORST COLLISION] scenario=16 k=2 obstacle=0 disc=0
[SQP] after_solve iter=8 converged=1 status=0 iterations=4 primal_residual=1.08777e-08 dual_residual=8.54341e-05 x_size=16 x_finite=1
[SQP LINESEARCH] iter=8 current_violation=0 accepted_violation=0 accepted=1 alpha=1 delta_u_norm=0.105941
[SQP SUPPORT] iter=8 support_size=0 support_limit=-1 support_ok=1
[SQP] before_solve iter=9 vars=16 constraints=112 max_d=-0.015324
[QP WORST] iter=9 row=7 type=collision d=-0.015324
[QP WORST COLLISION] scenario=16 k=2 obstacle=0 disc=0
[SQP] after_solve iter=9 converged=1 status=0 iterations=4 primal_residual=1.06358e-08 dual_residual=8.69005e-05 x_size=16 x_finite=1
[SQP LINESEARCH] iter=9 current_violation=0 accepted_violation=0 accepted=1 alpha=1 delta_u_norm=0.100324
[SQP SUPPORT] iter=9 support_size=0 support_limit=-1 support_ok=1
[SQP FINAL] final_violation=0 violated_constraints=0
[SUPPORT FINAL] sqp_union=0 final_active=0 support_limit=-1
[SUPPORT FINAL IDS]
[SUPPORT UNION IDS]
[COLD START RECOVERY CHECK] ordinary_sqp_failed=0 seed_available=1 incompatible=0 try_homotopy=0
[HARNESS RESULT] step=39 success=1 controls=8 first_input_present=1
[MPC STEP METRICS] step=39 applied=1 success=1 fallback=0 a=-0.0139855 omega=-0.00297395 dt=0.1 acceleration_weight=0.1 steering_weight=0.1 control_cost_unweighted=0.000204439 control_cost_weighted=2.04439e-05 mpc_cost=-17.4263 solve_time=0.0349786 qp_solve_time=0.022227 constraint_time=0.00695193 dro_risk_time=0.000416049 ambiguity_radius=0.00462999 certificate=not_requested
[EVAL SAFETY] step=40 min_center_distance=0.975372 min_clearance=0.025372 collision_this_step=0 collision_run=0 collision_radius=0.95
[DRO SUMMARY] step=41 obstacle=0 S=40 rho=0.00458004 rho_raw=0.00458004 D_max=0.0256781 D_min=0.0128703 tv_bound=0.355862 eta=0.178364 eta_raw=0.178364 radius_m=41 radius_d=3 transport_cost=0 budget_usage=0 lambda=0 q_support=3 nominal_risk=0 qstar_risk=0 risk_lift=0 tv=0
[DRO MODE] step=41 obstacle=0 mode=constant_velocity p=0.388235 risk=0 q=0.388235 delta_q=0 q_times_S=15.5294
[DRO MODE] step=41 obstacle=0 mode=turn_left p=0.176471 risk=0 q=0.176471 delta_q=0 q_times_S=7.05882
[DRO MODE] step=41 obstacle=0 mode=turn_right p=0.435294 risk=0 q=0.435294 delta_q=0 q_times_S=17.4118
[DRO SAMPLE] step=41 obstacle=0 mode=constant_velocity q=0.388235 q_times_S=15.5294 first_count=10 first_fraction=0.25 occupancy=80 occupancy_fraction=0.25
[DRO SAMPLE] step=41 obstacle=0 mode=turn_left q=0.176471 q_times_S=7.05882 first_count=7 first_fraction=0.175 occupancy=56 occupancy_fraction=0.175
[DRO SAMPLE] step=41 obstacle=0 mode=turn_right q=0.435294 q_times_S=17.4118 first_count=23 first_fraction=0.575 occupancy=184 occupancy_fraction=0.575
[RF BACKUP] available=1 controls=8 states=9
[FREE POLY] k=1 disc=0 raw=40 facets=3 vertices=6 rho=4.8 anchor_shift=0
[FREE POLY] k=1 disc=1 raw=40 facets=0 vertices=4 rho=0.800001 anchor_shift=0
[FREE POLY] k=1 disc=2 raw=40 facets=2 vertices=5 rho=4.8 anchor_shift=0
[FREE POLY] k=2 disc=0 raw=40 facets=4 vertices=7 rho=5.6 anchor_shift=0
[FREE POLY] k=2 disc=1 raw=40 facets=1 vertices=5 rho=1.6 anchor_shift=0
[FREE POLY] k=2 disc=2 raw=40 facets=3 vertices=6 rho=5.6 anchor_shift=0
[FREE POLY] k=3 disc=0 raw=40 facets=4 vertices=7 rho=6.4 anchor_shift=0
[FREE POLY] k=3 disc=1 raw=40 facets=1 vertices=5 rho=2.4 anchor_shift=0
[FREE POLY] k=3 disc=2 raw=40 facets=3 vertices=6 rho=6.4 anchor_shift=0
[FREE POLY] k=4 disc=0 raw=40 facets=5 vertices=8 rho=7.2 anchor_shift=0
[FREE POLY] k=4 disc=1 raw=40 facets=2 vertices=5 rho=3.2 anchor_shift=0
[FREE POLY] k=4 disc=2 raw=40 facets=3 vertices=6 rho=7.2 anchor_shift=0
[FREE POLY] k=5 disc=0 raw=40 facets=5 vertices=8 rho=8 anchor_shift=0
[FREE POLY] k=5 disc=1 raw=40 facets=5 vertices=8 rho=4 anchor_shift=0
[FREE POLY] k=5 disc=2 raw=40 facets=5 vertices=8 rho=8 anchor_shift=0
[FREE POLY] k=6 disc=0 raw=40 facets=5 vertices=8 rho=8.8 anchor_shift=0
[FREE POLY] k=6 disc=1 raw=40 facets=5 vertices=8 rho=4.8 anchor_shift=0
[FREE POLY] k=6 disc=2 raw=40 facets=5 vertices=8 rho=8.8 anchor_shift=0
[FREE POLY] k=7 disc=0 raw=40 facets=5 vertices=8 rho=9.6 anchor_shift=0
[FREE POLY] k=7 disc=1 raw=40 facets=5 vertices=8 rho=5.6 anchor_shift=0
[FREE POLY] k=7 disc=2 raw=40 facets=5 vertices=8 rho=9.6 anchor_shift=0
[FREE POLY] k=8 disc=0 raw=40 facets=4 vertices=7 rho=10.4 anchor_shift=0
[FREE POLY] k=8 disc=1 raw=40 facets=4 vertices=7 rho=6.4 anchor_shift=0
[FREE POLY] k=8 disc=2 raw=40 facets=4 vertices=7 rho=10.4 anchor_shift=0
[RF SUPPORT SEED] removed=0 support_limit=-1
[SQP] before_solve iter=0 vars=16 constraints=120 max_d=-0.0251212
[QP WORST] iter=0 row=1 type=collision d=-0.0251212
[QP WORST COLLISION] scenario=23 k=1 obstacle=0 disc=0
[SQP] after_solve iter=0 converged=1 status=0 iterations=4 primal_residual=3.06179e-09 dual_residual=3.76994e-05 x_size=16 x_finite=1
[SQP LINESEARCH] iter=0 current_violation=0 accepted_violation=0 accepted=1 alpha=1 delta_u_norm=0.233476
[SQP SUPPORT] iter=0 support_size=0 support_limit=-1 support_ok=1
[SQP] before_solve iter=1 vars=16 constraints=120 max_d=-0.0250186
[QP WORST] iter=1 row=1 type=collision d=-0.0250186
[QP WORST COLLISION] scenario=23 k=1 obstacle=0 disc=0
[SQP] after_solve iter=1 converged=1 status=0 iterations=4 primal_residual=8.16854e-09 dual_residual=5.15656e-05 x_size=16 x_finite=1
[SQP LINESEARCH] iter=1 current_violation=0 accepted_violation=0 accepted=1 alpha=1 delta_u_norm=0.172325
[SQP SUPPORT] iter=1 support_size=0 support_limit=-1 support_ok=1
[SQP] before_solve iter=2 vars=16 constraints=120 max_d=-0.0211234
[QP WORST] iter=2 row=1 type=collision d=-0.0211234
[QP WORST COLLISION] scenario=23 k=1 obstacle=0 disc=0
[SQP] after_solve iter=2 converged=1 status=0 iterations=4 primal_residual=7.02177e-09 dual_residual=5.15419e-05 x_size=16 x_finite=1
[SQP LINESEARCH] iter=2 current_violation=0 accepted_violation=0 accepted=1 alpha=1 delta_u_norm=0.155684
[SQP SUPPORT] iter=2 support_size=0 support_limit=-1 support_ok=1
[SQP] before_solve iter=3 vars=16 constraints=120 max_d=-0.0206344
[QP WORST] iter=3 row=1 type=collision d=-0.0206344
[QP WORST COLLISION] scenario=23 k=1 obstacle=0 disc=0
[SQP] after_solve iter=3 converged=1 status=0 iterations=4 primal_residual=1.05068e-08 dual_residual=5.85262e-05 x_size=16 x_finite=1
[SQP LINESEARCH] iter=3 current_violation=0 accepted_violation=0 accepted=1 alpha=1 delta_u_norm=0.143438
[SQP SUPPORT] iter=3 support_size=0 support_limit=-1 support_ok=1
[SQP] before_solve iter=4 vars=16 constraints=120 max_d=-0.018586
[QP WORST] iter=4 row=1 type=collision d=-0.018586
[QP WORST COLLISION] scenario=23 k=1 obstacle=0 disc=0
[SQP] after_solve iter=4 converged=1 status=0 iterations=4 primal_residual=1.00005e-08 dual_residual=6.03715e-05 x_size=16 x_finite=1
[SQP LINESEARCH] iter=4 current_violation=0 accepted_violation=0 accepted=1 alpha=1 delta_u_norm=0.134203
[SQP SUPPORT] iter=4 support_size=0 support_limit=-1 support_ok=1
[SQP] before_solve iter=5 vars=16 constraints=120 max_d=-0.0181262
[QP WORST] iter=5 row=1 type=collision d=-0.0181262
[QP WORST COLLISION] scenario=23 k=1 obstacle=0 disc=0
[SQP] after_solve iter=5 converged=1 status=0 iterations=4 primal_residual=1.18684e-08 dual_residual=6.69846e-05 x_size=16 x_finite=1
[SQP LINESEARCH] iter=5 current_violation=0 accepted_violation=0 accepted=1 alpha=1 delta_u_norm=0.125716
[SQP SUPPORT] iter=5 support_size=0 support_limit=-1 support_ok=1
[SQP] before_solve iter=6 vars=16 constraints=120 max_d=-0.0170048
[QP WORST] iter=6 row=1 type=collision d=-0.0170048
[QP WORST COLLISION] scenario=23 k=1 obstacle=0 disc=0
[SQP] after_solve iter=6 converged=1 status=0 iterations=4 primal_residual=1.17082e-08 dual_residual=7.00744e-05 x_size=16 x_finite=1
[SQP LINESEARCH] iter=6 current_violation=0 accepted_violation=0 accepted=1 alpha=1 delta_u_norm=0.118481
[SQP SUPPORT] iter=6 support_size=0 support_limit=-1 support_ok=1
[SQP] before_solve iter=7 vars=16 constraints=120 max_d=-0.0166364
[QP WORST] iter=7 row=1 type=collision d=-0.0166364
[QP WORST COLLISION] scenario=23 k=1 obstacle=0 disc=0
[SQP] after_solve iter=7 converged=1 status=0 iterations=4 primal_residual=1.26949e-08 dual_residual=7.42365e-05 x_size=16 x_finite=1
[SQP LINESEARCH] iter=7 current_violation=0 accepted_violation=0 accepted=1 alpha=1 delta_u_norm=0.111784
[SQP SUPPORT] iter=7 support_size=0 support_limit=-1 support_ok=1
[SQP] before_solve iter=8 vars=16 constraints=120 max_d=-0.0159965
[QP WORST] iter=8 row=1 type=collision d=-0.0159965
[QP WORST COLLISION] scenario=23 k=1 obstacle=0 disc=0
[SQP] after_solve iter=8 converged=1 status=0 iterations=4 primal_residual=1.26864e-08 dual_residual=7.64829e-05 x_size=16 x_finite=1
[SQP LINESEARCH] iter=8 current_violation=0 accepted_violation=0 accepted=1 alpha=1 delta_u_norm=0.105769
[SQP SUPPORT] iter=8 support_size=0 support_limit=-1 support_ok=1
[SQP] before_solve iter=9 vars=16 constraints=120 max_d=-0.0157222
[QP WORST] iter=9 row=1 type=collision d=-0.0157222
[QP WORST COLLISION] scenario=23 k=1 obstacle=0 disc=0
[SQP] after_solve iter=9 converged=1 status=0 iterations=4 primal_residual=1.32081e-08 dual_residual=7.9104e-05 x_size=16 x_finite=1
[SQP LINESEARCH] iter=9 current_violation=0 accepted_violation=0 accepted=1 alpha=1 delta_u_norm=0.100172
[SQP SUPPORT] iter=9 support_size=0 support_limit=-1 support_ok=1
[SQP FINAL] final_violation=0 violated_constraints=0
[SUPPORT FINAL] sqp_union=0 final_active=0 support_limit=-1
[SUPPORT FINAL IDS]
[SUPPORT UNION IDS]
[COLD START RECOVERY CHECK] ordinary_sqp_failed=0 seed_available=1 incompatible=0 try_homotopy=0
[HARNESS RESULT] step=40 success=1 controls=8 first_input_present=1
[MPC STEP METRICS] step=40 applied=1 success=1 fallback=0 a=-0.01606 omega=0.180511 dt=0.1 acceleration_weight=0.1 steering_weight=0.1 control_cost_unweighted=0.0328421 control_cost_weighted=0.00328421 mpc_cost=-17.4692 solve_time=0.0364067 qp_solve_time=0.0233555 constraint_time=0.0072799 dro_risk_time=0.000403686 ambiguity_radius=0.00458004 certificate=not_requested
[EVAL SAFETY] step=41 min_center_distance=0.972526 min_clearance=0.0225257 collision_this_step=0 collision_run=0 collision_radius=0.95
[PATH COMPLETION] step=41 completion_progress=8.47086 path_length=25 fraction=0.338834 required_fraction=0.95 termination_enabled=1 completed=0
[DRO SUMMARY] step=42 obstacle=0 S=40 rho=0.0045594 rho_raw=0.0045594 D_max=0.0256781 D_min=0.0128703 tv_bound=0.354258 eta=0.17756 eta_raw=0.17756 radius_m=42 radius_d=3 transport_cost=0 budget_usage=0 lambda=0 q_support=3 nominal_risk=0 qstar_risk=0 risk_lift=0 tv=0
[DRO MODE] step=42 obstacle=0 mode=constant_velocity p=0.37931 risk=0 q=0.37931 delta_q=0 q_times_S=15.1724
[DRO MODE] step=42 obstacle=0 mode=turn_left p=0.195402 risk=0 q=0.195402 delta_q=0 q_times_S=7.81609
[DRO MODE] step=42 obstacle=0 mode=turn_right p=0.425287 risk=0 q=0.425287 delta_q=0 q_times_S=17.0115
[DRO SAMPLE] step=42 obstacle=0 mode=constant_velocity q=0.37931 q_times_S=15.1724 first_count=15 first_fraction=0.375 occupancy=120 occupancy_fraction=0.375
[DRO SAMPLE] step=42 obstacle=0 mode=turn_left q=0.195402 q_times_S=7.81609 first_count=10 first_fraction=0.25 occupancy=80 occupancy_fraction=0.25
[DRO SAMPLE] step=42 obstacle=0 mode=turn_right q=0.425287 q_times_S=17.0115 first_count=15 first_fraction=0.375 occupancy=120 occupancy_fraction=0.375
[RF BACKUP] available=1 controls=8 states=9
[FREE POLY] k=1 disc=0 raw=40 facets=4 vertices=7 rho=4.8 anchor_shift=0
[FREE POLY] k=1 disc=1 raw=40 facets=0 vertices=4 rho=0.800001 anchor_shift=0
[FREE POLY] k=1 disc=2 raw=40 facets=2 vertices=5 rho=4.8 anchor_shift=0
[FREE POLY] k=2 disc=0 raw=40 facets=6 vertices=9 rho=5.6 anchor_shift=0
[FREE POLY] k=2 disc=1 raw=40 facets=1 vertices=5 rho=1.6 anchor_shift=0
[FREE POLY] k=2 disc=2 raw=40 facets=4 vertices=7 rho=5.6 anchor_shift=0
[FREE POLY] k=3 disc=0 raw=40 facets=5 vertices=8 rho=6.4 anchor_shift=0
[FREE POLY] k=3 disc=1 raw=40 facets=3 vertices=7 rho=2.4 anchor_shift=0
[FREE POLY] k=3 disc=2 raw=40 facets=3 vertices=6 rho=6.4 anchor_shift=0
[FREE POLY] k=4 disc=0 raw=40 facets=4 vertices=7 rho=7.2 anchor_shift=0
[FREE POLY] k=4 disc=1 raw=40 facets=3 vertices=6 rho=3.2 anchor_shift=0
[FREE POLY] k=4 disc=2 raw=40 facets=3 vertices=6 rho=7.2 anchor_shift=0
[FREE POLY] k=5 disc=0 raw=40 facets=4 vertices=7 rho=8 anchor_shift=0
[FREE POLY] k=5 disc=1 raw=40 facets=3 vertices=6 rho=4 anchor_shift=0
[FREE POLY] k=5 disc=2 raw=40 facets=3 vertices=6 rho=8 anchor_shift=0
[FREE POLY] k=6 disc=0 raw=40 facets=4 vertices=7 rho=8.8 anchor_shift=0
[FREE POLY] k=6 disc=1 raw=40 facets=3 vertices=6 rho=4.8 anchor_shift=0
[FREE POLY] k=6 disc=2 raw=40 facets=3 vertices=6 rho=8.8 anchor_shift=0
[FREE POLY] k=7 disc=0 raw=40 facets=4 vertices=7 rho=9.6 anchor_shift=0
[FREE POLY] k=7 disc=1 raw=40 facets=3 vertices=6 rho=5.6 anchor_shift=0
[FREE POLY] k=7 disc=2 raw=40 facets=3 vertices=6 rho=9.6 anchor_shift=0
[FREE POLY] k=8 disc=0 raw=40 facets=4 vertices=7 rho=10.4 anchor_shift=0
[FREE POLY] k=8 disc=1 raw=40 facets=3 vertices=6 rho=6.4 anchor_shift=0
[FREE POLY] k=8 disc=2 raw=40 facets=3 vertices=6 rho=10.4 anchor_shift=0
[RF SUPPORT SEED] removed=0 support_limit=-1
[SQP] before_solve iter=0 vars=16 constraints=110 max_d=-0.0414042
[QP WORST] iter=0 row=3 type=collision d=-0.0414042
[QP WORST COLLISION] scenario=36 k=1 obstacle=0 disc=0
[SQP] after_solve iter=0 converged=1 status=0 iterations=4 primal_residual=1.8274e-10 dual_residual=3.21625e-06 x_size=16 x_finite=1
[SQP LINESEARCH] iter=0 current_violation=0 accepted_violation=0 accepted=1 alpha=1 delta_u_norm=0.232225
[SQP SUPPORT] iter=0 support_size=0 support_limit=-1 support_ok=1
[SQP] before_solve iter=1 vars=16 constraints=110 max_d=-0.0447426
[QP WORST] iter=1 row=3 type=collision d=-0.0447426
[QP WORST COLLISION] scenario=36 k=1 obstacle=0 disc=0
[SQP] after_solve iter=1 converged=1 status=0 iterations=4 primal_residual=5.44764e-11 dual_residual=2.20769e-06 x_size=16 x_finite=1
[SQP LINESEARCH] iter=1 current_violation=0 accepted_violation=0 accepted=1 alpha=1 delta_u_norm=0.172216
[SQP SUPPORT] iter=1 support_size=0 support_limit=-1 support_ok=1
[SQP] before_solve iter=2 vars=16 constraints=110 max_d=-0.0427439
[QP WORST] iter=2 row=3 type=collision d=-0.0427439
[QP WORST COLLISION] scenario=36 k=1 obstacle=0 disc=0
[SQP] after_solve iter=2 converged=1 status=0 iterations=4 primal_residual=5.43346e-11 dual_residual=2.5198e-06 x_size=16 x_finite=1
[SQP LINESEARCH] iter=2 current_violation=0 accepted_violation=0 accepted=1 alpha=1 delta_u_norm=0.154969
[SQP SUPPORT] iter=2 support_size=0 support_limit=-1 support_ok=1
[SQP] before_solve iter=3 vars=16 constraints=110 max_d=-0.0438343
[QP WORST] iter=3 row=3 type=collision d=-0.0438343
[QP WORST COLLISION] scenario=36 k=1 obstacle=0 disc=0
[SQP] after_solve iter=3 converged=1 status=0 iterations=4 primal_residual=6.32818e-11 dual_residual=2.32533e-06 x_size=16 x_finite=1
[SQP LINESEARCH] iter=3 current_violation=0 accepted_violation=0 accepted=1 alpha=1 delta_u_norm=0.143255
[SQP SUPPORT] iter=3 support_size=0 support_limit=-1 support_ok=1
[SQP] before_solve iter=4 vars=16 constraints=110 max_d=-0.0425503
[QP WORST] iter=4 row=3 type=collision d=-0.0425503
[QP WORST COLLISION] scenario=36 k=1 obstacle=0 disc=0
[SQP] after_solve iter=4 converged=1 status=0 iterations=4 primal_residual=4.93174e-11 dual_residual=2.65073e-06 x_size=16 x_finite=1
[SQP LINESEARCH] iter=4 current_violation=0 accepted_violation=0 accepted=1 alpha=1 delta_u_norm=0.133939
[SQP SUPPORT] iter=4 support_size=0 support_limit=-1 support_ok=1
[SQP] before_solve iter=5 vars=16 constraints=110 max_d=-0.0428548
[QP WORST] iter=5 row=3 type=collision d=-0.0428548
[QP WORST COLLISION] scenario=36 k=1 obstacle=0 disc=0
[SQP] after_solve iter=5 converged=1 status=0 iterations=4 primal_residual=6.92322e-11 dual_residual=2.67061e-06 x_size=16 x_finite=1
[SQP LINESEARCH] iter=5 current_violation=0 accepted_violation=0 accepted=1 alpha=1 delta_u_norm=0.125623
[SQP SUPPORT] iter=5 support_size=0 support_limit=-1 support_ok=1
[SQP] before_solve iter=6 vars=16 constraints=110 max_d=-0.042045
[QP WORST] iter=6 row=3 type=collision d=-0.042045
[QP WORST COLLISION] scenario=36 k=1 obstacle=0 disc=0
[SQP] after_solve iter=6 converged=1 status=0 iterations=4 primal_residual=5.07608e-11 dual_residual=2.90809e-06 x_size=16 x_finite=1
[SQP LINESEARCH] iter=6 current_violation=0 accepted_violation=0 accepted=1 alpha=1 delta_u_norm=0.118399
[SQP SUPPORT] iter=6 support_size=0 support_limit=-1 support_ok=1
[SQP] before_solve iter=7 vars=16 constraints=110 max_d=-0.0420398
[QP WORST] iter=7 row=3 type=collision d=-0.0420398
[QP WORST COLLISION] scenario=36 k=1 obstacle=0 disc=0
[SQP] after_solve iter=7 converged=1 status=0 iterations=4 primal_residual=7.43012e-11 dual_residual=3.02058e-06 x_size=16 x_finite=1
[SQP LINESEARCH] iter=7 current_violation=0 accepted_violation=0 accepted=1 alpha=1 delta_u_norm=0.111757
[SQP SUPPORT] iter=7 support_size=0 support_limit=-1 support_ok=1
[SQP] before_solve iter=8 vars=16 constraints=110 max_d=-0.0415056
[QP WORST] iter=8 row=3 type=collision d=-0.0415056
[QP WORST COLLISION] scenario=36 k=1 obstacle=0 disc=0
[SQP] after_solve iter=8 converged=1 status=0 iterations=4 primal_residual=6.38281e-11 dual_residual=3.20928e-06 x_size=16 x_finite=1
[SQP LINESEARCH] iter=8 current_violation=0 accepted_violation=0 accepted=1 alpha=1 delta_u_norm=0.105759
[SQP SUPPORT] iter=8 support_size=0 support_limit=-1 support_ok=1
[SQP] before_solve iter=9 vars=16 constraints=110 max_d=-0.0413788
[QP WORST] iter=9 row=3 type=collision d=-0.0413788
[QP WORST COLLISION] scenario=36 k=1 obstacle=0 disc=0
[SQP] after_solve iter=9 converged=1 status=0 iterations=4 primal_residual=8.07887e-11 dual_residual=3.3325e-06 x_size=16 x_finite=1
[SQP LINESEARCH] iter=9 current_violation=0 accepted_violation=0 accepted=1 alpha=1 delta_u_norm=0.10018
[SQP SUPPORT] iter=9 support_size=0 support_limit=-1 support_ok=1
[SQP FINAL] final_violation=0 violated_constraints=0
[SUPPORT FINAL] sqp_union=0 final_active=0 support_limit=-1
[SUPPORT FINAL IDS]
[SUPPORT UNION IDS]
[COLD START RECOVERY CHECK] ordinary_sqp_failed=0 seed_available=1 incompatible=0 try_homotopy=0
[HARNESS RESULT] step=41 success=1 controls=8 first_input_present=1
[MPC STEP METRICS] step=41 applied=1 success=1 fallback=0 a=-0.0164731 omega=0.251114 dt=0.1 acceleration_weight=0.1 steering_weight=0.1 control_cost_unweighted=0.0633297 control_cost_weighted=0.00633297 mpc_cost=-17.5048 solve_time=0.0507335 qp_solve_time=0.0319358 constraint_time=0.0103189 dro_risk_time=0.000610183 ambiguity_radius=0.0045594 certificate=not_requested
[EVAL SAFETY] step=42 min_center_distance=0.995868 min_clearance=0.0458678 collision_this_step=0 collision_run=0 collision_radius=0.95
[DRO SUMMARY] step=43 obstacle=0 S=40 rho=0.00453236 rho_raw=0.00453236 D_max=0.0256781 D_min=0.0128703 tv_bound=0.352157 eta=0.176507 eta_raw=0.176507 radius_m=43 radius_d=3 transport_cost=0 budget_usage=0 lambda=0 q_support=3 nominal_risk=0 qstar_risk=0 risk_lift=0 tv=0
[DRO MODE] step=43 obstacle=0 mode=constant_velocity p=0.370787 risk=0 q=0.370787 delta_q=0 q_times_S=14.8315
[DRO MODE] step=43 obstacle=0 mode=turn_left p=0.213483 risk=0 q=0.213483 delta_q=0 q_times_S=8.53933
[DRO MODE] step=43 obstacle=0 mode=turn_right p=0.41573 risk=0 q=0.41573 delta_q=0 q_times_S=16.6292
[DRO SAMPLE] step=43 obstacle=0 mode=constant_velocity q=0.370787 q_times_S=14.8315 first_count=16 first_fraction=0.4 occupancy=128 occupancy_fraction=0.4
[DRO SAMPLE] step=43 obstacle=0 mode=turn_left q=0.213483 q_times_S=8.53933 first_count=9 first_fraction=0.225 occupancy=72 occupancy_fraction=0.225
[DRO SAMPLE] step=43 obstacle=0 mode=turn_right q=0.41573 q_times_S=16.6292 first_count=15 first_fraction=0.375 occupancy=120 occupancy_fraction=0.375
[RF BACKUP] available=1 controls=8 states=9
[FREE POLY] k=1 disc=0 raw=40 facets=5 vertices=8 rho=4.8 anchor_shift=0
[FREE POLY] k=1 disc=1 raw=40 facets=0 vertices=4 rho=0.800001 anchor_shift=0
[FREE POLY] k=1 disc=2 raw=40 facets=4 vertices=7 rho=4.8 anchor_shift=0
[FREE POLY] k=2 disc=0 raw=40 facets=5 vertices=8 rho=5.6 anchor_shift=0
[FREE POLY] k=2 disc=1 raw=40 facets=0 vertices=4 rho=1.6 anchor_shift=0
[FREE POLY] k=2 disc=2 raw=40 facets=3 vertices=6 rho=5.6 anchor_shift=0
[FREE POLY] k=3 disc=0 raw=40 facets=7 vertices=10 rho=6.4 anchor_shift=0
[FREE POLY] k=3 disc=1 raw=40 facets=3 vertices=7 rho=2.4 anchor_shift=0
[FREE POLY] k=3 disc=2 raw=40 facets=5 vertices=8 rho=6.4 anchor_shift=0
[FREE POLY] k=4 disc=0 raw=40 facets=7 vertices=10 rho=7.2 anchor_shift=0
[FREE POLY] k=4 disc=1 raw=40 facets=4 vertices=7 rho=3.2 anchor_shift=0
[FREE POLY] k=4 disc=2 raw=40 facets=4 vertices=7 rho=7.2 anchor_shift=0
[FREE POLY] k=5 disc=0 raw=40 facets=6 vertices=9 rho=8 anchor_shift=0
[FREE POLY] k=5 disc=1 raw=40 facets=3 vertices=6 rho=4 anchor_shift=0
[FREE POLY] k=5 disc=2 raw=40 facets=4 vertices=7 rho=8 anchor_shift=0
[FREE POLY] k=6 disc=0 raw=40 facets=5 vertices=8 rho=8.8 anchor_shift=0
[FREE POLY] k=6 disc=1 raw=40 facets=3 vertices=6 rho=4.8 anchor_shift=0
[FREE POLY] k=6 disc=2 raw=40 facets=4 vertices=7 rho=8.8 anchor_shift=0
[FREE POLY] k=7 disc=0 raw=40 facets=5 vertices=8 rho=9.6 anchor_shift=0
[FREE POLY] k=7 disc=1 raw=40 facets=3 vertices=6 rho=5.6 anchor_shift=0
[FREE POLY] k=7 disc=2 raw=40 facets=3 vertices=6 rho=9.6 anchor_shift=0
[FREE POLY] k=8 disc=0 raw=40 facets=5 vertices=8 rho=10.4 anchor_shift=0
[FREE POLY] k=8 disc=1 raw=40 facets=3 vertices=6 rho=6.4 anchor_shift=0
[FREE POLY] k=8 disc=2 raw=40 facets=3 vertices=6 rho=10.4 anchor_shift=0
[RF SUPPORT SEED] removed=0 support_limit=-1
[SQP] before_solve iter=0 vars=16 constraints=126 max_d=-0.110399
[QP WORST] iter=0 row=1 type=collision d=-0.110399
[QP WORST COLLISION] scenario=22 k=1 obstacle=0 disc=0
[SQP] after_solve iter=0 converged=1 status=0 iterations=3 primal_residual=4.21538e-16 dual_residual=6.30066e-09 x_size=16 x_finite=1
[SQP LINESEARCH] iter=0 current_violation=0 accepted_violation=0 accepted=1 alpha=1 delta_u_norm=0.231378
[SQP SUPPORT] iter=0 support_size=0 support_limit=-1 support_ok=1
[SQP] before_solve iter=1 vars=16 constraints=126 max_d=-0.113977
[QP WORST] iter=1 row=1 type=collision d=-0.113977
[QP WORST COLLISION] scenario=22 k=1 obstacle=0 disc=0
[SQP] after_solve iter=1 converged=1 status=0 iterations=3 primal_residual=4.41487e-16 dual_residual=5.94461e-10 x_size=16 x_finite=1
[SQP LINESEARCH] iter=1 current_violation=0 accepted_violation=0 accepted=1 alpha=1 delta_u_norm=0.171823
[SQP SUPPORT] iter=1 support_size=0 support_limit=-1 support_ok=1
[SQP] before_solve iter=2 vars=16 constraints=126 max_d=-0.113191
[QP WORST] iter=2 row=1 type=collision d=-0.113191
[QP WORST COLLISION] scenario=22 k=1 obstacle=0 disc=0
[SQP] after_solve iter=2 converged=1 status=0 iterations=3 primal_residual=4.44089e-16 dual_residual=4.04961e-10 x_size=16 x_finite=1
[SQP LINESEARCH] iter=2 current_violation=0 accepted_violation=0 accepted=1 alpha=1 delta_u_norm=0.154607
[SQP SUPPORT] iter=2 support_size=0 support_limit=-1 support_ok=1
[SQP] before_solve iter=3 vars=16 constraints=126 max_d=-0.114733
[QP WORST] iter=3 row=1 type=collision d=-0.114733
[QP WORST COLLISION] scenario=22 k=1 obstacle=0 disc=0
[SQP] after_solve iter=3 converged=1 status=0 iterations=3 primal_residual=4.38072e-16 dual_residual=9.53386e-11 x_size=16 x_finite=1
[SQP LINESEARCH] iter=3 current_violation=0 accepted_violation=0 accepted=1 alpha=1 delta_u_norm=0.14313
[SQP SUPPORT] iter=3 support_size=0 support_limit=-1 support_ok=1
[SQP] before_solve iter=4 vars=16 constraints=126 max_d=-0.114345
[QP WORST] iter=4 row=1 type=collision d=-0.114345
[QP WORST COLLISION] scenario=22 k=1 obstacle=0 disc=0
[SQP] after_solve iter=4 converged=1 status=0 iterations=3 primal_residual=4.42138e-16 dual_residual=4.21097e-11 x_size=16 x_finite=1
[SQP LINESEARCH] iter=4 current_violation=0 accepted_violation=0 accepted=1 alpha=1 delta_u_norm=0.133795
[SQP SUPPORT] iter=4 support_size=0 support_limit=-1 support_ok=1
[SQP] before_solve iter=5 vars=16 constraints=126 max_d=-0.115154
[QP WORST] iter=5 row=1 type=collision d=-0.115154
[QP WORST COLLISION] scenario=22 k=1 obstacle=0 disc=0
[SQP] after_solve iter=5 converged=1 status=0 iterations=2 primal_residual=4.30211e-16 dual_residual=8.10394e-05 x_size=16 x_finite=1
[SQP LINESEARCH] iter=5 current_violation=0 accepted_violation=0 accepted=1 alpha=1 delta_u_norm=0.12551
[SQP SUPPORT] iter=5 support_size=0 support_limit=-1 support_ok=1
[SQP] before_solve iter=6 vars=16 constraints=126 max_d=-0.115058
[QP WORST] iter=6 row=1 type=collision d=-0.115058
[QP WORST COLLISION] scenario=22 k=1 obstacle=0 disc=0
[SQP] after_solve iter=6 converged=1 status=0 iterations=2 primal_residual=4.21538e-16 dual_residual=9.30767e-05 x_size=16 x_finite=1
[SQP LINESEARCH] iter=6 current_violation=0 accepted_violation=0 accepted=1 alpha=1 delta_u_norm=0.118259
[SQP SUPPORT] iter=6 support_size=0 support_limit=-1 support_ok=1
[SQP] before_solve iter=7 vars=16 constraints=126 max_d=-0.115462
[QP WORST] iter=7 row=1 type=collision d=-0.115462
[QP WORST COLLISION] scenario=22 k=1 obstacle=0 disc=0
[SQP] after_solve iter=7 converged=1 status=0 iterations=2 primal_residual=4.43981e-16 dual_residual=4.56039e-05 x_size=16 x_finite=1
[SQP LINESEARCH] iter=7 current_violation=0 accepted_violation=0 accepted=1 alpha=1 delta_u_norm=0.111678
[SQP SUPPORT] iter=7 support_size=0 support_limit=-1 support_ok=1
[SQP] before_solve iter=8 vars=16 constraints=126 max_d=-0.115523
[QP WORST] iter=8 row=1 type=collision d=-0.115523
[QP WORST COLLISION] scenario=22 k=1 obstacle=0 disc=0
[SQP] after_solve iter=8 converged=1 status=0 iterations=2 primal_residual=4.09395e-16 dual_residual=5.33652e-05 x_size=16 x_finite=1
[SQP LINESEARCH] iter=8 current_violation=0 accepted_violation=0 accepted=1 alpha=1 delta_u_norm=0.105667
[SQP SUPPORT] iter=8 support_size=0 support_limit=-1 support_ok=1
[SQP] before_solve iter=9 vars=16 constraints=126 max_d=-0.115805
[QP WORST] iter=9 row=1 type=collision d=-0.115805
[QP WORST COLLISION] scenario=22 k=1 obstacle=0 disc=0
[SQP] after_solve iter=9 converged=1 status=0 iterations=2 primal_residual=4.40186e-16 dual_residual=2.83109e-05 x_size=16 x_finite=1
[SQP LINESEARCH] iter=9 current_violation=0 accepted_violation=0 accepted=1 alpha=1 delta_u_norm=0.100118
[SQP SUPPORT] iter=9 support_size=0 support_limit=-1 support_ok=1
[SQP FINAL] final_violation=0 violated_constraints=0
[SUPPORT FINAL] sqp_union=0 final_active=0 support_limit=-1
[SUPPORT FINAL IDS]
[SUPPORT UNION IDS]
[COLD START RECOVERY CHECK] ordinary_sqp_failed=0 seed_available=1 incompatible=0 try_homotopy=0
[HARNESS RESULT] step=42 success=1 controls=8 first_input_present=1
[MPC STEP METRICS] step=42 applied=1 success=1 fallback=0 a=0.00202326 omega=0.1611 dt=0.1 acceleration_weight=0.1 steering_weight=0.1 control_cost_unweighted=0.0259572 control_cost_weighted=0.00259572 mpc_cost=-17.5333 solve_time=0.0423741 qp_solve_time=0.0281443 constraint_time=0.00731332 dro_risk_time=0.000600224 ambiguity_radius=0.00453236 certificate=not_requested
[EVAL SAFETY] step=43 min_center_distance=1.07098 min_clearance=0.120984 collision_this_step=0 collision_run=0 collision_radius=0.95
[DRO SUMMARY] step=44 obstacle=0 S=40 rho=0.00445366 rho_raw=0.00445366 D_max=0.0256781 D_min=0.0128703 tv_bound=0.346042 eta=0.173442 eta_raw=0.173442 radius_m=44 radius_d=3 transport_cost=0 budget_usage=0 lambda=0 q_support=3 nominal_risk=0 qstar_risk=0 risk_lift=0 tv=0
[DRO MODE] step=44 obstacle=0 mode=constant_velocity p=0.384615 risk=0 q=0.384615 delta_q=0 q_times_S=15.3846
[DRO MODE] step=44 obstacle=0 mode=turn_left p=0.208791 risk=0 q=0.208791 delta_q=0 q_times_S=8.35165
[DRO MODE] step=44 obstacle=0 mode=turn_right p=0.406593 risk=0 q=0.406593 delta_q=0 q_times_S=16.2637
[DRO SAMPLE] step=44 obstacle=0 mode=constant_velocity q=0.384615 q_times_S=15.3846 first_count=18 first_fraction=0.45 occupancy=144 occupancy_fraction=0.45
[DRO SAMPLE] step=44 obstacle=0 mode=turn_left q=0.208791 q_times_S=8.35165 first_count=4 first_fraction=0.1 occupancy=32 occupancy_fraction=0.1
[DRO SAMPLE] step=44 obstacle=0 mode=turn_right q=0.406593 q_times_S=16.2637 first_count=18 first_fraction=0.45 occupancy=144 occupancy_fraction=0.45
[RF BACKUP] available=1 controls=8 states=9
[FREE POLY] k=1 disc=0 raw=40 facets=5 vertices=8 rho=4.8 anchor_shift=0
[FREE POLY] k=1 disc=1 raw=40 facets=0 vertices=4 rho=0.800001 anchor_shift=0
[FREE POLY] k=1 disc=2 raw=40 facets=3 vertices=6 rho=4.8 anchor_shift=0
[FREE POLY] k=2 disc=0 raw=40 facets=5 vertices=8 rho=5.6 anchor_shift=0
[FREE POLY] k=2 disc=1 raw=40 facets=0 vertices=4 rho=1.6 anchor_shift=0
[FREE POLY] k=2 disc=2 raw=40 facets=2 vertices=5 rho=5.6 anchor_shift=0
[FREE POLY] k=3 disc=0 raw=40 facets=3 vertices=6 rho=6.4 anchor_shift=0
[FREE POLY] k=3 disc=1 raw=40 facets=1 vertices=5 rho=2.4 anchor_shift=0
[FREE POLY] k=3 disc=2 raw=40 facets=2 vertices=5 rho=6.4 anchor_shift=0
[FREE POLY] k=4 disc=0 raw=40 facets=3 vertices=6 rho=7.2 anchor_shift=0
[FREE POLY] k=4 disc=1 raw=40 facets=2 vertices=5 rho=3.2 anchor_shift=0
[FREE POLY] k=4 disc=2 raw=40 facets=2 vertices=5 rho=7.2 anchor_shift=0
[FREE POLY] k=5 disc=0 raw=40 facets=3 vertices=6 rho=8 anchor_shift=0
[FREE POLY] k=5 disc=1 raw=40 facets=2 vertices=5 rho=4 anchor_shift=0
[FREE POLY] k=5 disc=2 raw=40 facets=2 vertices=5 rho=8 anchor_shift=0
[FREE POLY] k=6 disc=0 raw=40 facets=3 vertices=6 rho=8.8 anchor_shift=0
[FREE POLY] k=6 disc=1 raw=40 facets=2 vertices=5 rho=4.8 anchor_shift=0
[FREE POLY] k=6 disc=2 raw=40 facets=2 vertices=5 rho=8.8 anchor_shift=0
[FREE POLY] k=7 disc=0 raw=40 facets=3 vertices=6 rho=9.6 anchor_shift=0
[FREE POLY] k=7 disc=1 raw=40 facets=2 vertices=5 rho=5.6 anchor_shift=0
[FREE POLY] k=7 disc=2 raw=40 facets=2 vertices=5 rho=9.6 anchor_shift=0
[FREE POLY] k=8 disc=0 raw=40 facets=3 vertices=6 rho=10.4 anchor_shift=0
[FREE POLY] k=8 disc=1 raw=40 facets=2 vertices=5 rho=6.4 anchor_shift=0
[FREE POLY] k=8 disc=2 raw=40 facets=2 vertices=5 rho=10.4 anchor_shift=0
[RF SUPPORT SEED] removed=0 support_limit=-1
[SQP] before_solve iter=0 vars=16 constraints=88 max_d=-0.223261
[QP WORST] iter=0 row=2 type=collision d=-0.223261
[QP WORST COLLISION] scenario=25 k=1 obstacle=0 disc=0
[SQP] after_solve iter=0 converged=1 status=0 iterations=3 primal_residual=4.33681e-16 dual_residual=1.17578e-10 x_size=16 x_finite=1
[SQP LINESEARCH] iter=0 current_violation=0 accepted_violation=0 accepted=1 alpha=1 delta_u_norm=0.230364
[SQP SUPPORT] iter=0 support_size=0 support_limit=-1 support_ok=1
[SQP] before_solve iter=1 vars=16 constraints=88 max_d=-0.225736
[QP WORST] iter=1 row=2 type=collision d=-0.225736
[QP WORST COLLISION] scenario=25 k=1 obstacle=0 disc=0
[SQP] after_solve iter=1 converged=1 status=0 iterations=2 primal_residual=4.05492e-16 dual_residual=5.9182e-05 x_size=16 x_finite=1
[SQP LINESEARCH] iter=1 current_violation=0 accepted_violation=0 accepted=1 alpha=1 delta_u_norm=0.171009
[SQP SUPPORT] iter=1 support_size=0 support_limit=-1 support_ok=1
[SQP] before_solve iter=2 vars=16 constraints=88 max_d=-0.224989
[QP WORST] iter=2 row=2 type=collision d=-0.224989
[QP WORST COLLISION] scenario=25 k=1 obstacle=0 disc=0
[SQP] after_solve iter=2 converged=1 status=0 iterations=2 primal_residual=4.36283e-16 dual_residual=6.80328e-05 x_size=16 x_finite=1
[SQP LINESEARCH] iter=2 current_violation=0 accepted_violation=0 accepted=1 alpha=1 delta_u_norm=0.154102
[SQP SUPPORT] iter=2 support_size=0 support_limit=-1 support_ok=1
[SQP] before_solve iter=3 vars=16 constraints=88 max_d=-0.225932
[QP WORST] iter=3 row=2 type=collision d=-0.225932
[QP WORST COLLISION] scenario=25 k=1 obstacle=0 disc=0
[SQP] after_solve iter=3 converged=1 status=0 iterations=2 primal_residual=4.16334e-16 dual_residual=3.55157e-05 x_size=16 x_finite=1
[SQP LINESEARCH] iter=3 current_violation=0 accepted_violation=0 accepted=1 alpha=1 delta_u_norm=0.142839
[SQP SUPPORT] iter=3 support_size=0 support_limit=-1 support_ok=1
[SQP] before_solve iter=4 vars=16 constraints=88 max_d=-0.225577
[QP WORST] iter=4 row=2 type=collision d=-0.225577
[QP WORST COLLISION] scenario=25 k=1 obstacle=0 disc=0
[SQP] after_solve iter=4 converged=1 status=0 iterations=2 primal_residual=4.34765e-16 dual_residual=3.32027e-05 x_size=16 x_finite=1
[SQP LINESEARCH] iter=4 current_violation=0 accepted_violation=0 accepted=1 alpha=1 delta_u_norm=0.133595
[SQP SUPPORT] iter=4 support_size=0 support_limit=-1 support_ok=1
[SQP] before_solve iter=5 vars=16 constraints=88 max_d=-0.226045
[QP WORST] iter=5 row=2 type=collision d=-0.226045
[QP WORST COLLISION] scenario=25 k=1 obstacle=0 disc=0
[SQP] after_solve iter=5 converged=1 status=0 iterations=2 primal_residual=4.34169e-16 dual_residual=2.02366e-05 x_size=16 x_finite=1
[SQP LINESEARCH] iter=5 current_violation=0 accepted_violation=0 accepted=1 alpha=1 delta_u_norm=0.125449
[SQP SUPPORT] iter=5 support_size=0 support_limit=-1 support_ok=1
[SQP] before_solve iter=6 vars=16 constraints=88 max_d=-0.225928
[QP WORST] iter=6 row=2 type=collision d=-0.225928
[QP WORST COLLISION] scenario=25 k=1 obstacle=0 disc=0
[SQP] after_solve iter=6 converged=1 status=0 iterations=2 primal_residual=4.1384e-16 dual_residual=1.94016e-05 x_size=16 x_finite=1
[SQP LINESEARCH] iter=6 current_violation=0 accepted_violation=0 accepted=1 alpha=1 delta_u_norm=0.118232
[SQP SUPPORT] iter=6 support_size=0 support_limit=-1 support_ok=1
[SQP] before_solve iter=7 vars=16 constraints=88 max_d=-0.226207
[QP WORST] iter=7 row=2 type=collision d=-0.226207
[QP WORST COLLISION] scenario=25 k=1 obstacle=0 disc=0
[SQP] after_solve iter=7 converged=1 status=0 iterations=2 primal_residual=4.27664e-16 dual_residual=1.23944e-05 x_size=16 x_finite=1
[SQP LINESEARCH] iter=7 current_violation=0 accepted_violation=0 accepted=1 alpha=1 delta_u_norm=0.111656
[SQP SUPPORT] iter=7 support_size=0 support_limit=-1 support_ok=1
[SQP] before_solve iter=8 vars=16 constraints=88 max_d=-0.226215
[QP WORST] iter=8 row=2 type=collision d=-0.226215
[QP WORST COLLISION] scenario=25 k=1 obstacle=0 disc=0
[SQP] after_solve iter=8 converged=1 status=0 iterations=2 primal_residual=4.3753e-16 dual_residual=1.19677e-05 x_size=16 x_finite=1
[SQP LINESEARCH] iter=8 current_violation=0 accepted_violation=0 accepted=1 alpha=1 delta_u_norm=0.105654
[SQP SUPPORT] iter=8 support_size=0 support_limit=-1 support_ok=1
[SQP] before_solve iter=9 vars=16 constraints=88 max_d=-0.226413
[QP WORST] iter=9 row=2 type=collision d=-0.226413
[QP WORST COLLISION] scenario=25 k=1 obstacle=0 disc=0
[SQP] after_solve iter=9 converged=1 status=0 iterations=2 primal_residual=4.26878e-16 dual_residual=8.50161e-06 x_size=16 x_finite=1
[SQP LINESEARCH] iter=9 current_violation=0 accepted_violation=0 accepted=1 alpha=1 delta_u_norm=0.100102
[SQP SUPPORT] iter=9 support_size=0 support_limit=-1 support_ok=1
[SQP FINAL] final_violation=0 violated_constraints=0
[SUPPORT FINAL] sqp_union=0 final_active=0 support_limit=-1
[SUPPORT FINAL IDS]
[SUPPORT UNION IDS]
[COLD START RECOVERY CHECK] ordinary_sqp_failed=0 seed_available=1 incompatible=0 try_homotopy=0
[HARNESS RESULT] step=43 success=1 controls=8 first_input_present=1
[MPC STEP METRICS] step=43 applied=1 success=1 fallback=0 a=-0.00738343 omega=0.0964436 dt=0.1 acceleration_weight=0.1 steering_weight=0.1 control_cost_unweighted=0.00935588 control_cost_weighted=0.000935588 mpc_cost=-17.5493 solve_time=0.0339904 qp_solve_time=0.021064 constraint_time=0.00648763 dro_risk_time=0.000606766 ambiguity_radius=0.00445366 certificate=not_requested
[EVAL SAFETY] step=44 min_center_distance=1.18239 min_clearance=0.232391 collision_this_step=0 collision_run=0 collision_radius=0.95
[DRO SUMMARY] step=45 obstacle=0 S=40 rho=0.00442435 rho_raw=0.00442435 D_max=0.0256781 D_min=0.0128703 tv_bound=0.343765 eta=0.1723 eta_raw=0.1723 radius_m=45 radius_d=3 transport_cost=0 budget_usage=0 lambda=0 q_support=3 nominal_risk=0 qstar_risk=0 risk_lift=0 tv=0
[DRO MODE] step=45 obstacle=0 mode=constant_velocity p=0.376344 risk=0 q=0.376344 delta_q=0 q_times_S=15.0538
[DRO MODE] step=45 obstacle=0 mode=turn_left p=0.225806 risk=0 q=0.225806 delta_q=0 q_times_S=9.03226
[DRO MODE] step=45 obstacle=0 mode=turn_right p=0.397849 risk=0 q=0.397849 delta_q=0 q_times_S=15.914
[DRO SAMPLE] step=45 obstacle=0 mode=constant_velocity q=0.376344 q_times_S=15.0538 first_count=14 first_fraction=0.35 occupancy=112 occupancy_fraction=0.35
[DRO SAMPLE] step=45 obstacle=0 mode=turn_left q=0.225806 q_times_S=9.03226 first_count=10 first_fraction=0.25 occupancy=80 occupancy_fraction=0.25
[DRO SAMPLE] step=45 obstacle=0 mode=turn_right q=0.397849 q_times_S=15.914 first_count=16 first_fraction=0.4 occupancy=128 occupancy_fraction=0.4
[RF BACKUP] available=1 controls=8 states=9
[FREE POLY] k=1 disc=0 raw=40 facets=6 vertices=9 rho=4.8 anchor_shift=0
[FREE POLY] k=1 disc=1 raw=40 facets=0 vertices=4 rho=0.800001 anchor_shift=0
[FREE POLY] k=1 disc=2 raw=40 facets=3 vertices=6 rho=4.8 anchor_shift=0
[FREE POLY] k=2 disc=0 raw=40 facets=3 vertices=6 rho=5.6 anchor_shift=0
[FREE POLY] k=2 disc=1 raw=40 facets=0 vertices=4 rho=1.6 anchor_shift=0
[FREE POLY] k=2 disc=2 raw=40 facets=2 vertices=5 rho=5.6 anchor_shift=0
[FREE POLY] k=3 disc=0 raw=40 facets=5 vertices=8 rho=6.4 anchor_shift=0
[FREE POLY] k=3 disc=1 raw=40 facets=1 vertices=5 rho=2.4 anchor_shift=0
[FREE POLY] k=3 disc=2 raw=40 facets=4 vertices=7 rho=6.4 anchor_shift=0
[FREE POLY] k=4 disc=0 raw=40 facets=4 vertices=7 rho=7.2 anchor_shift=0
[FREE POLY] k=4 disc=1 raw=40 facets=3 vertices=7 rho=3.2 anchor_shift=0
[FREE POLY] k=4 disc=2 raw=40 facets=3 vertices=6 rho=7.2 anchor_shift=0
[FREE POLY] k=5 disc=0 raw=40 facets=5 vertices=8 rho=8 anchor_shift=0
[FREE POLY] k=5 disc=1 raw=40 facets=5 vertices=8 rho=4 anchor_shift=0
[FREE POLY] k=5 disc=2 raw=40 facets=5 vertices=8 rho=8 anchor_shift=0
[FREE POLY] k=6 disc=0 raw=40 facets=6 vertices=9 rho=8.8 anchor_shift=0
[FREE POLY] k=6 disc=1 raw=40 facets=6 vertices=9 rho=4.8 anchor_shift=0
[FREE POLY] k=6 disc=2 raw=40 facets=5 vertices=8 rho=8.8 anchor_shift=0
[FREE POLY] k=7 disc=0 raw=40 facets=6 vertices=9 rho=9.6 anchor_shift=0
[FREE POLY] k=7 disc=1 raw=40 facets=5 vertices=8 rho=5.6 anchor_shift=0
[FREE POLY] k=7 disc=2 raw=40 facets=6 vertices=9 rho=9.6 anchor_shift=0
[FREE POLY] k=8 disc=0 raw=40 facets=6 vertices=9 rho=10.4 anchor_shift=0
[FREE POLY] k=8 disc=1 raw=40 facets=5 vertices=8 rho=6.4 anchor_shift=0
[FREE POLY] k=8 disc=2 raw=40 facets=5 vertices=8 rho=10.4 anchor_shift=0
[RF SUPPORT SEED] removed=0 support_limit=-1
[SQP] before_solve iter=0 vars=16 constraints=131 max_d=-0.360631
[QP WORST] iter=0 row=5 type=collision d=-0.360631
[QP WORST COLLISION] scenario=30 k=1 obstacle=0 disc=0
[SQP] after_solve iter=0 converged=1 status=0 iterations=2 primal_residual=4.38885e-16 dual_residual=5.74713e-05 x_size=16 x_finite=1
[SQP LINESEARCH] iter=0 current_violation=0 accepted_violation=0 accepted=1 alpha=1 delta_u_norm=0.229575
[SQP SUPPORT] iter=0 support_size=0 support_limit=-1 support_ok=1
[SQP] before_solve iter=1 vars=16 constraints=131 max_d=-0.362434
[QP WORST] iter=1 row=5 type=collision d=-0.362434
[QP WORST COLLISION] scenario=30 k=1 obstacle=0 disc=0
[SQP] after_solve iter=1 converged=1 status=0 iterations=2 primal_residual=4.18068e-16 dual_residual=2.64151e-05 x_size=16 x_finite=1
[SQP LINESEARCH] iter=1 current_violation=0 accepted_violation=0 accepted=1 alpha=1 delta_u_norm=0.170642
[SQP SUPPORT] iter=1 support_size=0 support_limit=-1 support_ok=1
[SQP] before_solve iter=2 vars=16 constraints=131 max_d=-0.361785
[QP WORST] iter=2 row=5 type=collision d=-0.361785
[QP WORST COLLISION] scenario=30 k=1 obstacle=0 disc=0
[SQP] after_solve iter=2 converged=1 status=0 iterations=2 primal_residual=4.19369e-16 dual_residual=3.24652e-05 x_size=16 x_finite=1
[SQP LINESEARCH] iter=2 current_violation=0 accepted_violation=0 accepted=1 alpha=1 delta_u_norm=0.153898
[SQP SUPPORT] iter=2 support_size=0 support_limit=-1 support_ok=1
[SQP] before_solve iter=3 vars=16 constraints=131 max_d=-0.36241
[QP WORST] iter=3 row=5 type=collision d=-0.36241
[QP WORST COLLISION] scenario=30 k=1 obstacle=0 disc=0
[SQP] after_solve iter=3 converged=1 status=0 iterations=2 primal_residual=4.30211e-16 dual_residual=1.38617e-05 x_size=16 x_finite=1
[SQP LINESEARCH] iter=3 current_violation=0 accepted_violation=0 accepted=1 alpha=1 delta_u_norm=0.142745
[SQP SUPPORT] iter=3 support_size=0 support_limit=-1 support_ok=1
[SQP] before_solve iter=4 vars=16 constraints=131 max_d=-0.362041
[QP WORST] iter=4 row=5 type=collision d=-0.362041
[QP WORST COLLISION] scenario=30 k=1 obstacle=0 disc=0
[SQP] after_solve iter=4 converged=1 status=0 iterations=2 primal_residual=4.40782e-16 dual_residual=1.7871e-05 x_size=16 x_finite=1
[SQP LINESEARCH] iter=4 current_violation=0 accepted_violation=0 accepted=1 alpha=1 delta_u_norm=0.133521
[SQP SUPPORT] iter=4 support_size=0 support_limit=-1 support_ok=1
[SQP] before_solve iter=5 vars=16 constraints=131 max_d=-0.362308
[QP WORST] iter=5 row=5 type=collision d=-0.362308
[QP WORST COLLISION] scenario=30 k=1 obstacle=0 disc=0
[SQP] after_solve iter=5 converged=1 status=0 iterations=2 primal_residual=4.27989e-16 dual_residual=9.85602e-06 x_size=16 x_finite=1
[SQP LINESEARCH] iter=5 current_violation=0 accepted_violation=0 accepted=1 alpha=1 delta_u_norm=0.125406
[SQP SUPPORT] iter=5 support_size=0 support_limit=-1 support_ok=1
[SQP] before_solve iter=6 vars=16 constraints=131 max_d=-0.36213
[QP WORST] iter=6 row=5 type=collision d=-0.36213
[QP WORST COLLISION] scenario=30 k=1 obstacle=0 disc=0
[SQP] after_solve iter=6 converged=1 status=0 iterations=2 primal_residual=4.2067e-16 dual_residual=1.05332e-05 x_size=16 x_finite=1
[SQP LINESEARCH] iter=6 current_violation=0 accepted_violation=0 accepted=1 alpha=1 delta_u_norm=0.118192
[SQP SUPPORT] iter=6 support_size=0 support_limit=-1 support_ok=1
[SQP] before_solve iter=7 vars=16 constraints=131 max_d=-0.362263
[QP WORST] iter=7 row=5 type=collision d=-0.362263
[QP WORST COLLISION] scenario=30 k=1 obstacle=0 disc=0
[SQP] after_solve iter=7 converged=1 status=0 iterations=2 primal_residual=4.39156e-16 dual_residual=6.83874e-06 x_size=16 x_finite=1
[SQP LINESEARCH] iter=7 current_violation=0 accepted_violation=0 accepted=1 alpha=1 delta_u_norm=0.111625
[SQP SUPPORT] iter=7 support_size=0 support_limit=-1 support_ok=1
[SQP] before_solve iter=8 vars=16 constraints=131 max_d=-0.36219
[QP WORST] iter=8 row=5 type=collision d=-0.36219
[QP WORST COLLISION] scenario=30 k=1 obstacle=0 disc=0
[SQP] after_solve iter=8 converged=1 status=0 iterations=2 primal_residual=4.38695e-16 dual_residual=6.5382e-06 x_size=16 x_finite=1
[SQP LINESEARCH] iter=8 current_violation=0 accepted_violation=0 accepted=1 alpha=1 delta_u_norm=0.105625
[SQP SUPPORT] iter=8 support_size=0 support_limit=-1 support_ok=1
[SQP] before_solve iter=9 vars=16 constraints=131 max_d=-0.362268
[QP WORST] iter=9 row=5 type=collision d=-0.362268
[QP WORST COLLISION] scenario=30 k=1 obstacle=0 disc=0
[SQP] after_solve iter=9 converged=1 status=0 iterations=2 primal_residual=4.18936e-16 dual_residual=4.68803e-06 x_size=16 x_finite=1
[SQP LINESEARCH] iter=9 current_violation=0 accepted_violation=0 accepted=1 alpha=1 delta_u_norm=0.100075
[SQP SUPPORT] iter=9 support_size=0 support_limit=-1 support_ok=1
[SQP FINAL] final_violation=0 violated_constraints=0
[SUPPORT FINAL] sqp_union=0 final_active=0 support_limit=-1
[SUPPORT FINAL IDS]
[SUPPORT UNION IDS]
[COLD START RECOVERY CHECK] ordinary_sqp_failed=0 seed_available=1 incompatible=0 try_homotopy=0
[HARNESS RESULT] step=44 success=1 controls=8 first_input_present=1
[MPC STEP METRICS] step=44 applied=1 success=1 fallback=0 a=-0.00141799 omega=0.0540133 dt=0.1 acceleration_weight=0.1 steering_weight=0.1 control_cost_unweighted=0.00291945 control_cost_weighted=0.000291945 mpc_cost=-17.5601 solve_time=0.0366476 qp_solve_time=0.0231914 constraint_time=0.00751466 dro_risk_time=0.000530484 ambiguity_radius=0.00442435 certificate=not_requested
[EVAL SAFETY] step=45 min_center_distance=1.31614 min_clearance=0.366144 collision_this_step=0 collision_run=0 collision_radius=0.95
[DRO SUMMARY] step=46 obstacle=0 S=40 rho=0.00439122 rho_raw=0.00439122 D_max=0.0256781 D_min=0.0128703 tv_bound=0.341191 eta=0.17101 eta_raw=0.17101 radius_m=46 radius_d=3 transport_cost=0 budget_usage=0 lambda=0 q_support=3 nominal_risk=0 qstar_risk=0 risk_lift=0 tv=0
[DRO MODE] step=46 obstacle=0 mode=constant_velocity p=0.368421 risk=0 q=0.368421 delta_q=0 q_times_S=14.7368
[DRO MODE] step=46 obstacle=0 mode=turn_left p=0.242105 risk=0 q=0.242105 delta_q=0 q_times_S=9.68421
[DRO MODE] step=46 obstacle=0 mode=turn_right p=0.389474 risk=0 q=0.389474 delta_q=0 q_times_S=15.5789
[DRO SAMPLE] step=46 obstacle=0 mode=constant_velocity q=0.368421 q_times_S=14.7368 first_count=19 first_fraction=0.475 occupancy=152 occupancy_fraction=0.475
[DRO SAMPLE] step=46 obstacle=0 mode=turn_left q=0.242105 q_times_S=9.68421 first_count=12 first_fraction=0.3 occupancy=96 occupancy_fraction=0.3
[DRO SAMPLE] step=46 obstacle=0 mode=turn_right q=0.389474 q_times_S=15.5789 first_count=9 first_fraction=0.225 occupancy=72 occupancy_fraction=0.225
[RF BACKUP] available=1 controls=8 states=9
[FREE POLY] k=1 disc=0 raw=40 facets=6 vertices=9 rho=4.8 anchor_shift=0
[FREE POLY] k=1 disc=1 raw=40 facets=0 vertices=4 rho=0.800001 anchor_shift=0
[FREE POLY] k=1 disc=2 raw=40 facets=3 vertices=7 rho=4.8 anchor_shift=0
[FREE POLY] k=2 disc=0 raw=40 facets=4 vertices=7 rho=5.6 anchor_shift=0
[FREE POLY] k=2 disc=1 raw=40 facets=0 vertices=4 rho=1.6 anchor_shift=0
[FREE POLY] k=2 disc=2 raw=40 facets=3 vertices=6 rho=5.6 anchor_shift=0
[FREE POLY] k=3 disc=0 raw=40 facets=3 vertices=6 rho=6.4 anchor_shift=0
[FREE POLY] k=3 disc=1 raw=40 facets=1 vertices=5 rho=2.4 anchor_shift=0
[FREE POLY] k=3 disc=2 raw=40 facets=2 vertices=5 rho=6.4 anchor_shift=0
[FREE POLY] k=4 disc=0 raw=40 facets=3 vertices=6 rho=7.2 anchor_shift=0
[FREE POLY] k=4 disc=1 raw=40 facets=2 vertices=6 rho=3.2 anchor_shift=0
[FREE POLY] k=4 disc=2 raw=40 facets=2 vertices=5 rho=7.2 anchor_shift=0
[FREE POLY] k=5 disc=0 raw=40 facets=5 vertices=8 rho=8 anchor_shift=0
[FREE POLY] k=5 disc=1 raw=40 facets=2 vertices=5 rho=4 anchor_shift=0
[FREE POLY] k=5 disc=2 raw=40 facets=2 vertices=5 rho=8 anchor_shift=0
[FREE POLY] k=6 disc=0 raw=40 facets=7 vertices=10 rho=8.8 anchor_shift=0
[FREE POLY] k=6 disc=1 raw=40 facets=4 vertices=7 rho=4.8 anchor_shift=0
[FREE POLY] k=6 disc=2 raw=40 facets=4 vertices=7 rho=8.8 anchor_shift=0
[FREE POLY] k=7 disc=0 raw=40 facets=6 vertices=9 rho=9.6 anchor_shift=0
[FREE POLY] k=7 disc=1 raw=40 facets=5 vertices=8 rho=5.6 anchor_shift=0
[FREE POLY] k=7 disc=2 raw=40 facets=5 vertices=8 rho=9.6 anchor_shift=0
[FREE POLY] k=8 disc=0 raw=40 facets=4 vertices=7 rho=10.4 anchor_shift=0
[FREE POLY] k=8 disc=1 raw=40 facets=3 vertices=6 rho=6.4 anchor_shift=0
[FREE POLY] k=8 disc=2 raw=40 facets=3 vertices=6 rho=10.4 anchor_shift=0
[RF SUPPORT SEED] removed=0 support_limit=-1
[SQP] before_solve iter=0 vars=16 constraints=111 max_d=-0.501448
[QP WORST] iter=0 row=0 type=collision d=-0.501448
[QP WORST COLLISION] scenario=8 k=1 obstacle=0 disc=0
[SQP] after_solve iter=0 converged=1 status=0 iterations=2 primal_residual=4.16334e-16 dual_residual=3.58254e-05 x_size=16 x_finite=1
[SQP LINESEARCH] iter=0 current_violation=0 accepted_violation=0 accepted=1 alpha=1 delta_u_norm=0.229164
[SQP SUPPORT] iter=0 support_size=0 support_limit=-1 support_ok=1
[SQP] before_solve iter=1 vars=16 constraints=111 max_d=-0.502924
[QP WORST] iter=1 row=0 type=collision d=-0.502924
[QP WORST COLLISION] scenario=8 k=1 obstacle=0 disc=0
[SQP] after_solve iter=1 converged=1 status=0 iterations=2 primal_residual=4.30211e-16 dual_residual=1.68606e-05 x_size=16 x_finite=1
[SQP LINESEARCH] iter=1 current_violation=0 accepted_violation=0 accepted=1 alpha=1 delta_u_norm=0.170409
[SQP SUPPORT] iter=1 support_size=0 support_limit=-1 support_ok=1
[SQP] before_solve iter=2 vars=16 constraints=111 max_d=-0.50249
[QP WORST] iter=2 row=0 type=collision d=-0.50249
[QP WORST COLLISION] scenario=8 k=1 obstacle=0 disc=0
[SQP] after_solve iter=2 converged=1 status=0 iterations=2 primal_residual=4.33681e-16 dual_residual=1.98255e-05 x_size=16 x_finite=1
[SQP LINESEARCH] iter=2 current_violation=0 accepted_violation=0 accepted=1 alpha=1 delta_u_norm=0.153766
[SQP SUPPORT] iter=2 support_size=0 support_limit=-1 support_ok=1
[SQP] before_solve iter=3 vars=16 constraints=111 max_d=-0.503008
[QP WORST] iter=3 row=0 type=collision d=-0.503008
[QP WORST COLLISION] scenario=8 k=1 obstacle=0 disc=0
[SQP] after_solve iter=3 converged=1 status=0 iterations=2 primal_residual=4.44089e-16 dual_residual=8.52574e-06 x_size=16 x_finite=1
[SQP LINESEARCH] iter=3 current_violation=0 accepted_violation=0 accepted=1 alpha=1 delta_u_norm=0.142691
[SQP SUPPORT] iter=3 support_size=0 support_limit=-1 support_ok=1
[SQP] before_solve iter=4 vars=16 constraints=111 max_d=-0.502768
[QP WORST] iter=4 row=0 type=collision d=-0.502768
[QP WORST COLLISION] scenario=8 k=1 obstacle=0 disc=0
[SQP] after_solve iter=4 converged=1 status=0 iterations=2 primal_residual=4.39752e-16 dual_residual=1.09055e-05 x_size=16 x_finite=1
[SQP LINESEARCH] iter=4 current_violation=0 accepted_violation=0 accepted=1 alpha=1 delta_u_norm=0.133483
[SQP SUPPORT] iter=4 support_size=0 support_limit=-1 support_ok=1
[SQP] before_solve iter=5 vars=16 constraints=111 max_d=-0.503014
[QP WORST] iter=5 row=0 type=collision d=-0.503014
[QP WORST COLLISION] scenario=8 k=1 obstacle=0 disc=0
[SQP] after_solve iter=5 converged=1 status=0 iterations=2 primal_residual=4.42056e-16 dual_residual=6.077e-06 x_size=16 x_finite=1
[SQP LINESEARCH] iter=5 current_violation=0 accepted_violation=0 accepted=1 alpha=1 delta_u_norm=0.125391
[SQP SUPPORT] iter=5 support_size=0 support_limit=-1 support_ok=1
[SQP] before_solve iter=6 vars=16 constraints=111 max_d=-0.502919
[QP WORST] iter=6 row=0 type=collision d=-0.502919
[QP WORST COLLISION] scenario=8 k=1 obstacle=0 disc=0
[SQP] after_solve iter=6 converged=1 status=0 iterations=2 primal_residual=4.33681e-16 dual_residual=6.43689e-06 x_size=16 x_finite=1
[SQP LINESEARCH] iter=6 current_violation=0 accepted_violation=0 accepted=1 alpha=1 delta_u_norm=0.118179
[SQP SUPPORT] iter=6 support_size=0 support_limit=-1 support_ok=1
[SQP] before_solve iter=7 vars=16 constraints=111 max_d=-0.503061
[QP WORST] iter=7 row=0 type=collision d=-0.503061
[QP WORST COLLISION] scenario=8 k=1 obstacle=0 disc=0
[SQP] after_solve iter=7 converged=1 status=0 iterations=2 primal_residual=4.04326e-16 dual_residual=4.57917e-06 x_size=16 x_finite=1
[SQP LINESEARCH] iter=7 current_violation=0 accepted_violation=0 accepted=1 alpha=1 delta_u_norm=0.111619
[SQP SUPPORT] iter=7 support_size=0 support_limit=-1 support_ok=1
[SQP] before_solve iter=8 vars=16 constraints=111 max_d=-0.503045
[QP WORST] iter=8 row=0 type=collision d=-0.503045
[QP WORST COLLISION] scenario=8 k=1 obstacle=0 disc=0
[SQP] after_solve iter=8 converged=1 status=0 iterations=2 primal_residual=4.41514e-16 dual_residual=4.38551e-06 x_size=16 x_finite=1
[SQP LINESEARCH] iter=8 current_violation=0 accepted_violation=0 accepted=1 alpha=1 delta_u_norm=0.105618
[SQP SUPPORT] iter=8 support_size=0 support_limit=-1 support_ok=1
[SQP] before_solve iter=9 vars=16 constraints=111 max_d=-0.503144
[QP WORST] iter=9 row=0 type=collision d=-0.503144
[QP WORST COLLISION] scenario=8 k=1 obstacle=0 disc=0
[SQP] after_solve iter=9 converged=1 status=0 iterations=2 primal_residual=4.1281e-16 dual_residual=3.44348e-06 x_size=16 x_finite=1
[SQP LINESEARCH] iter=9 current_violation=0 accepted_violation=0 accepted=1 alpha=1 delta_u_norm=0.100072
[SQP SUPPORT] iter=9 support_size=0 support_limit=-1 support_ok=1
[SQP FINAL] final_violation=0 violated_constraints=0
[SUPPORT FINAL] sqp_union=0 final_active=0 support_limit=-1
[SUPPORT FINAL IDS]
[SUPPORT UNION IDS]
[COLD START RECOVERY CHECK] ordinary_sqp_failed=0 seed_available=1 incompatible=0 try_homotopy=0
[HARNESS RESULT] step=45 success=1 controls=8 first_input_present=1
[MPC STEP METRICS] step=45 applied=1 success=1 fallback=0 a=-0.00211581 omega=0.0892577 dt=0.1 acceleration_weight=0.1 steering_weight=0.1 control_cost_unweighted=0.00797142 control_cost_weighted=0.000797142 mpc_cost=-17.5676 solve_time=0.0350692 qp_solve_time=0.0220337 constraint_time=0.00712497 dro_risk_time=0.000410859 ambiguity_radius=0.00439122 certificate=not_requested
[EVAL SAFETY] step=46 min_center_distance=1.45725 min_clearance=0.507253 collision_this_step=0 collision_run=0 collision_radius=0.95
[DRO SUMMARY] step=47 obstacle=0 S=40 rho=0.00435513 rho_raw=0.00435513 D_max=0.0256781 D_min=0.0128703 tv_bound=0.338387 eta=0.169605 eta_raw=0.169605 radius_m=47 radius_d=3 transport_cost=0 budget_usage=0 lambda=0 q_support=3 nominal_risk=0 qstar_risk=0 risk_lift=0 tv=0
[DRO MODE] step=47 obstacle=0 mode=constant_velocity p=0.360825 risk=0 q=0.360825 delta_q=0 q_times_S=14.433
[DRO MODE] step=47 obstacle=0 mode=turn_left p=0.257732 risk=0 q=0.257732 delta_q=0 q_times_S=10.3093
[DRO MODE] step=47 obstacle=0 mode=turn_right p=0.381443 risk=0 q=0.381443 delta_q=0 q_times_S=15.2577
[DRO SAMPLE] step=47 obstacle=0 mode=constant_velocity q=0.360825 q_times_S=14.433 first_count=15 first_fraction=0.375 occupancy=120 occupancy_fraction=0.375
[DRO SAMPLE] step=47 obstacle=0 mode=turn_left q=0.257732 q_times_S=10.3093 first_count=10 first_fraction=0.25 occupancy=80 occupancy_fraction=0.25
[DRO SAMPLE] step=47 obstacle=0 mode=turn_right q=0.381443 q_times_S=15.2577 first_count=15 first_fraction=0.375 occupancy=120 occupancy_fraction=0.375
[RF BACKUP] available=1 controls=8 states=9
[FREE POLY] k=1 disc=0 raw=40 facets=5 vertices=8 rho=4.8 anchor_shift=0
[FREE POLY] k=1 disc=1 raw=40 facets=0 vertices=4 rho=0.800001 anchor_shift=0
[FREE POLY] k=1 disc=2 raw=40 facets=4 vertices=8 rho=4.8 anchor_shift=0
[FREE POLY] k=2 disc=0 raw=40 facets=6 vertices=9 rho=5.6 anchor_shift=0
[FREE POLY] k=2 disc=1 raw=40 facets=0 vertices=4 rho=1.6 anchor_shift=0
[FREE POLY] k=2 disc=2 raw=40 facets=4 vertices=7 rho=5.6 anchor_shift=0
[FREE POLY] k=3 disc=0 raw=40 facets=4 vertices=7 rho=6.4 anchor_shift=0
[FREE POLY] k=3 disc=1 raw=40 facets=0 vertices=4 rho=2.4 anchor_shift=0
[FREE POLY] k=3 disc=2 raw=40 facets=3 vertices=6 rho=6.4 anchor_shift=0
[FREE POLY] k=4 disc=0 raw=40 facets=4 vertices=7 rho=7.2 anchor_shift=0
[FREE POLY] k=4 disc=1 raw=40 facets=2 vertices=6 rho=3.2 anchor_shift=0
[FREE POLY] k=4 disc=2 raw=40 facets=3 vertices=6 rho=7.2 anchor_shift=0
[FREE POLY] k=5 disc=0 raw=40 facets=4 vertices=7 rho=8 anchor_shift=0
[FREE POLY] k=5 disc=1 raw=40 facets=2 vertices=5 rho=4 anchor_shift=0
[FREE POLY] k=5 disc=2 raw=40 facets=3 vertices=6 rho=8 anchor_shift=0
[FREE POLY] k=6 disc=0 raw=40 facets=4 vertices=7 rho=8.8 anchor_shift=0
[FREE POLY] k=6 disc=1 raw=40 facets=2 vertices=5 rho=4.8 anchor_shift=0
[FREE POLY] k=6 disc=2 raw=40 facets=3 vertices=6 rho=8.8 anchor_shift=0
[FREE POLY] k=7 disc=0 raw=40 facets=4 vertices=7 rho=9.6 anchor_shift=0
[FREE POLY] k=7 disc=1 raw=40 facets=3 vertices=6 rho=5.6 anchor_shift=0
[FREE POLY] k=7 disc=2 raw=40 facets=3 vertices=6 rho=9.6 anchor_shift=0
[FREE POLY] k=8 disc=0 raw=40 facets=4 vertices=7 rho=10.4 anchor_shift=0
[FREE POLY] k=8 disc=1 raw=40 facets=3 vertices=6 rho=6.4 anchor_shift=0
[FREE POLY] k=8 disc=2 raw=40 facets=3 vertices=6 rho=10.4 anchor_shift=0
[RF SUPPORT SEED] removed=0 support_limit=-1
[SQP] before_solve iter=0 vars=16 constraints=105 max_d=-0.654606
[QP WORST] iter=0 row=2 type=collision d=-0.654606
[QP WORST COLLISION] scenario=28 k=1 obstacle=0 disc=0
[SQP] after_solve iter=0 converged=1 status=0 iterations=2 primal_residual=4.4062e-16 dual_residual=2.43484e-05 x_size=16 x_finite=1
[SQP LINESEARCH] iter=0 current_violation=0 accepted_violation=0 accepted=1 alpha=1 delta_u_norm=0.228856
[SQP SUPPORT] iter=0 support_size=0 support_limit=-1 support_ok=1
[SQP] before_solve iter=1 vars=16 constraints=105 max_d=-0.655736
[QP WORST] iter=1 row=2 type=collision d=-0.655736
[QP WORST COLLISION] scenario=28 k=1 obstacle=0 disc=0
[SQP] after_solve iter=1 converged=1 status=0 iterations=2 primal_residual=4.14599e-16 dual_residual=1.32952e-05 x_size=16 x_finite=1
[SQP LINESEARCH] iter=1 current_violation=0 accepted_violation=0 accepted=1 alpha=1 delta_u_norm=0.170219
[SQP SUPPORT] iter=1 support_size=0 support_limit=-1 support_ok=1
[SQP] before_solve iter=2 vars=16 constraints=105 max_d=-0.655377
[QP WORST] iter=2 row=2 type=collision d=-0.655377
[QP WORST COLLISION] scenario=28 k=1 obstacle=0 disc=0
[SQP] after_solve iter=2 converged=1 status=0 iterations=2 primal_residual=4.38018e-16 dual_residual=1.38814e-05 x_size=16 x_finite=1
[SQP LINESEARCH] iter=2 current_violation=0 accepted_violation=0 accepted=1 alpha=1 delta_u_norm=0.153664
[SQP SUPPORT] iter=2 support_size=0 support_limit=-1 support_ok=1
[SQP] before_solve iter=3 vars=16 constraints=105 max_d=-0.655738
[QP WORST] iter=3 row=2 type=collision d=-0.655738
[QP WORST COLLISION] scenario=28 k=1 obstacle=0 disc=0
[SQP] after_solve iter=3 converged=1 status=0 iterations=2 primal_residual=4.29236e-16 dual_residual=7.19159e-06 x_size=16 x_finite=1
[SQP LINESEARCH] iter=3 current_violation=0 accepted_violation=0 accepted=1 alpha=1 delta_u_norm=0.14264
[SQP SUPPORT] iter=3 support_size=0 support_limit=-1 support_ok=1
[SQP] before_solve iter=4 vars=16 constraints=105 max_d=-0.655528
[QP WORST] iter=4 row=2 type=collision d=-0.655528
[QP WORST COLLISION] scenario=28 k=1 obstacle=0 disc=0
[SQP] after_solve iter=4 converged=1 status=0 iterations=2 primal_residual=4.34765e-16 dual_residual=8.48436e-06 x_size=16 x_finite=1
[SQP LINESEARCH] iter=4 current_violation=0 accepted_violation=0 accepted=1 alpha=1 delta_u_norm=0.133448
[SQP SUPPORT] iter=4 support_size=0 support_limit=-1 support_ok=1
[SQP] before_solve iter=5 vars=16 constraints=105 max_d=-0.655692
[QP WORST] iter=5 row=2 type=collision d=-0.655692
[QP WORST COLLISION] scenario=28 k=1 obstacle=0 disc=0
[SQP] after_solve iter=5 converged=1 status=0 iterations=2 primal_residual=4.40315e-16 dual_residual=5.47028e-06 x_size=16 x_finite=1
[SQP LINESEARCH] iter=5 current_violation=0 accepted_violation=0 accepted=1 alpha=1 delta_u_norm=0.125372
[SQP SUPPORT] iter=5 support_size=0 support_limit=-1 support_ok=1
[SQP] before_solve iter=6 vars=16 constraints=105 max_d=-0.655603
[QP WORST] iter=6 row=2 type=collision d=-0.655603
[QP WORST COLLISION] scenario=28 k=1 obstacle=0 disc=0
[SQP] after_solve iter=6 converged=1 status=0 iterations=2 primal_residual=4.3715e-16 dual_residual=5.63028e-06 x_size=16 x_finite=1
[SQP LINESEARCH] iter=6 current_violation=0 accepted_violation=0 accepted=1 alpha=1 delta_u_norm=0.118162
[SQP SUPPORT] iter=6 support_size=0 support_limit=-1 support_ok=1
[SQP] before_solve iter=7 vars=16 constraints=105 max_d=-0.655698
[QP WORST] iter=7 row=2 type=collision d=-0.655698
[QP WORST COLLISION] scenario=28 k=1 obstacle=0 disc=0
[SQP] after_solve iter=7 converged=1 status=0 iterations=2 primal_residual=4.39702e-16 dual_residual=4.12343e-06 x_size=16 x_finite=1
[SQP LINESEARCH] iter=7 current_violation=0 accepted_violation=0 accepted=1 alpha=1 delta_u_norm=0.111608
[SQP SUPPORT] iter=7 support_size=0 support_limit=-1 support_ok=1
[SQP] before_solve iter=8 vars=16 constraints=105 max_d=-0.655674
[QP WORST] iter=8 row=2 type=collision d=-0.655674
[QP WORST COLLISION] scenario=28 k=1 obstacle=0 disc=0
[SQP] after_solve iter=8 converged=1 status=0 iterations=2 primal_residual=4.4249e-16 dual_residual=3.92994e-06 x_size=16 x_finite=1
[SQP LINESEARCH] iter=8 current_violation=0 accepted_violation=0 accepted=1 alpha=1 delta_u_norm=0.105608
[SQP SUPPORT] iter=8 support_size=0 support_limit=-1 support_ok=1
[SQP] before_solve iter=9 vars=16 constraints=105 max_d=-0.655742
[QP WORST] iter=9 row=2 type=collision d=-0.655742
[QP WORST COLLISION] scenario=28 k=1 obstacle=0 disc=0
[SQP] after_solve iter=9 converged=1 status=0 iterations=2 primal_residual=4.38885e-16 dual_residual=3.10927e-06 x_size=16 x_finite=1
[SQP LINESEARCH] iter=9 current_violation=0 accepted_violation=0 accepted=1 alpha=1 delta_u_norm=0.100063
[SQP SUPPORT] iter=9 support_size=0 support_limit=-1 support_ok=1
[SQP FINAL] final_violation=0 violated_constraints=0
[SUPPORT FINAL] sqp_union=0 final_active=0 support_limit=-1
[SUPPORT FINAL IDS]
[SUPPORT UNION IDS]
[COLD START RECOVERY CHECK] ordinary_sqp_failed=0 seed_available=1 incompatible=0 try_homotopy=0
[HARNESS RESULT] step=46 success=1 controls=8 first_input_present=1
[MPC STEP METRICS] step=46 applied=1 success=1 fallback=0 a=-0.0013853 omega=0.0529578 dt=0.1 acceleration_weight=0.1 steering_weight=0.1 control_cost_unweighted=0.00280644 control_cost_weighted=0.000280644 mpc_cost=-17.5736 solve_time=0.0342028 qp_solve_time=0.021391 constraint_time=0.00707162 dro_risk_time=0.000410679 ambiguity_radius=0.00435513 certificate=not_requested
[EVAL SAFETY] step=47 min_center_distance=1.61096 min_clearance=0.660964 collision_this_step=0 collision_run=0 collision_radius=0.95
[DRO SUMMARY] step=48 obstacle=0 S=40 rho=0.00432251 rho_raw=0.00432251 D_max=0.0256781 D_min=0.0128703 tv_bound=0.335852 eta=0.168334 eta_raw=0.168334 radius_m=48 radius_d=3 transport_cost=0 budget_usage=0 lambda=0 q_support=3 nominal_risk=0 qstar_risk=0 risk_lift=0 tv=0
[DRO MODE] step=48 obstacle=0 mode=constant_velocity p=0.353535 risk=0 q=0.353535 delta_q=0 q_times_S=14.1414
[DRO MODE] step=48 obstacle=0 mode=turn_left p=0.252525 risk=0 q=0.252525 delta_q=0 q_times_S=10.101
[DRO MODE] step=48 obstacle=0 mode=turn_right p=0.393939 risk=0 q=0.393939 delta_q=0 q_times_S=15.7576
[DRO SAMPLE] step=48 obstacle=0 mode=constant_velocity q=0.353535 q_times_S=14.1414 first_count=15 first_fraction=0.375 occupancy=120 occupancy_fraction=0.375
[DRO SAMPLE] step=48 obstacle=0 mode=turn_left q=0.252525 q_times_S=10.101 first_count=7 first_fraction=0.175 occupancy=56 occupancy_fraction=0.175
[DRO SAMPLE] step=48 obstacle=0 mode=turn_right q=0.393939 q_times_S=15.7576 first_count=18 first_fraction=0.45 occupancy=144 occupancy_fraction=0.45
[RF BACKUP] available=1 controls=8 states=9
[FREE POLY] k=1 disc=0 raw=40 facets=4 vertices=7 rho=4.8 anchor_shift=0
[FREE POLY] k=1 disc=1 raw=40 facets=0 vertices=4 rho=0.800001 anchor_shift=0
[FREE POLY] k=1 disc=2 raw=40 facets=1 vertices=5 rho=4.8 anchor_shift=0
[FREE POLY] k=2 disc=0 raw=40 facets=4 vertices=7 rho=5.6 anchor_shift=0
[FREE POLY] k=2 disc=1 raw=40 facets=0 vertices=4 rho=1.6 anchor_shift=0
[FREE POLY] k=2 disc=2 raw=40 facets=2 vertices=5 rho=5.6 anchor_shift=0
[FREE POLY] k=3 disc=0 raw=40 facets=3 vertices=6 rho=6.4 anchor_shift=0
[FREE POLY] k=3 disc=1 raw=40 facets=0 vertices=4 rho=2.4 anchor_shift=0
[FREE POLY] k=3 disc=2 raw=40 facets=3 vertices=6 rho=6.4 anchor_shift=0
[FREE POLY] k=4 disc=0 raw=40 facets=3 vertices=6 rho=7.2 anchor_shift=0
[FREE POLY] k=4 disc=1 raw=40 facets=2 vertices=6 rho=3.2 anchor_shift=0
[FREE POLY] k=4 disc=2 raw=40 facets=3 vertices=6 rho=7.2 anchor_shift=0
[FREE POLY] k=5 disc=0 raw=40 facets=5 vertices=8 rho=8 anchor_shift=0
[FREE POLY] k=5 disc=1 raw=40 facets=3 vertices=6 rho=4 anchor_shift=0
[FREE POLY] k=5 disc=2 raw=40 facets=3 vertices=6 rho=8 anchor_shift=0
[FREE POLY] k=6 disc=0 raw=40 facets=4 vertices=7 rho=8.8 anchor_shift=0
[FREE POLY] k=6 disc=1 raw=40 facets=3 vertices=6 rho=4.8 anchor_shift=0
[FREE POLY] k=6 disc=2 raw=40 facets=4 vertices=7 rho=8.8 anchor_shift=0
[FREE POLY] k=7 disc=0 raw=40 facets=4 vertices=7 rho=9.6 anchor_shift=0
[FREE POLY] k=7 disc=1 raw=40 facets=4 vertices=7 rho=5.6 anchor_shift=0
[FREE POLY] k=7 disc=2 raw=40 facets=4 vertices=7 rho=9.6 anchor_shift=0
[FREE POLY] k=8 disc=0 raw=40 facets=5 vertices=8 rho=10.4 anchor_shift=0
[FREE POLY] k=8 disc=1 raw=40 facets=4 vertices=7 rho=6.4 anchor_shift=0
[FREE POLY] k=8 disc=2 raw=40 facets=4 vertices=7 rho=10.4 anchor_shift=0
[RF SUPPORT SEED] removed=0 support_limit=-1
[SQP] before_solve iter=0 vars=16 constraints=104 max_d=-0.815154
[QP WORST] iter=0 row=1 type=collision d=-0.815154
[QP WORST COLLISION] scenario=13 k=1 obstacle=0 disc=0
[SQP] after_solve iter=0 converged=1 status=0 iterations=2 primal_residual=4.44089e-16 dual_residual=2.06325e-05 x_size=16 x_finite=1
[SQP LINESEARCH] iter=0 current_violation=0 accepted_violation=0 accepted=1 alpha=1 delta_u_norm=0.228637
[SQP SUPPORT] iter=0 support_size=0 support_limit=-1 support_ok=1
[SQP] before_solve iter=1 vars=16 constraints=104 max_d=-0.816056
[QP WORST] iter=1 row=1 type=collision d=-0.816056
[QP WORST COLLISION] scenario=13 k=1 obstacle=0 disc=0
[SQP] after_solve iter=1 converged=1 status=0 iterations=2 primal_residual=4.30211e-16 dual_residual=1.11713e-05 x_size=16 x_finite=1
[SQP LINESEARCH] iter=1 current_violation=0 accepted_violation=0 accepted=1 alpha=1 delta_u_norm=0.170087
[SQP SUPPORT] iter=1 support_size=0 support_limit=-1 support_ok=1
[SQP] before_solve iter=2 vars=16 constraints=104 max_d=-0.81577
[QP WORST] iter=2 row=1 type=collision d=-0.81577
[QP WORST COLLISION] scenario=13 k=1 obstacle=0 disc=0
[SQP] after_solve iter=2 converged=1 status=0 iterations=2 primal_residual=4.28151e-16 dual_residual=1.19541e-05 x_size=16 x_finite=1
[SQP LINESEARCH] iter=2 current_violation=0 accepted_violation=0 accepted=1 alpha=1 delta_u_norm=0.15359
[SQP SUPPORT] iter=2 support_size=0 support_limit=-1 support_ok=1
[SQP] before_solve iter=3 vars=16 constraints=104 max_d=-0.816031
[QP WORST] iter=3 row=1 type=collision d=-0.816031
[QP WORST COLLISION] scenario=13 k=1 obstacle=0 disc=0
[SQP] after_solve iter=3 converged=1 status=0 iterations=2 primal_residual=4.40755e-16 dual_residual=6.45955e-06 x_size=16 x_finite=1
[SQP LINESEARCH] iter=3 current_violation=0 accepted_violation=0 accepted=1 alpha=1 delta_u_norm=0.142604
[SQP SUPPORT] iter=3 support_size=0 support_limit=-1 support_ok=1
[SQP] before_solve iter=4 vars=16 constraints=104 max_d=-0.815854
[QP WORST] iter=4 row=1 type=collision d=-0.815854
[QP WORST COLLISION] scenario=13 k=1 obstacle=0 disc=0
[SQP] after_solve iter=4 converged=1 status=0 iterations=2 primal_residual=4.08365e-16 dual_residual=7.51517e-06 x_size=16 x_finite=1
[SQP LINESEARCH] iter=4 current_violation=0 accepted_violation=0 accepted=1 alpha=1 delta_u_norm=0.133424
[SQP SUPPORT] iter=4 support_size=0 support_limit=-1 support_ok=1
[SQP] before_solve iter=5 vars=16 constraints=104 max_d=-0.815969
[QP WORST] iter=5 row=1 type=collision d=-0.815969
[QP WORST COLLISION] scenario=13 k=1 obstacle=0 disc=0
[SQP] after_solve iter=5 converged=1 status=0 iterations=2 primal_residual=4.30374e-16 dual_residual=4.92415e-06 x_size=16 x_finite=1
[SQP LINESEARCH] iter=5 current_violation=0 accepted_violation=0 accepted=1 alpha=1 delta_u_norm=0.125359
[SQP SUPPORT] iter=5 support_size=0 support_limit=-1 support_ok=1
[SQP] before_solve iter=6 vars=16 constraints=104 max_d=-0.815892
[QP WORST] iter=6 row=1 type=collision d=-0.815892
[QP WORST COLLISION] scenario=13 k=1 obstacle=0 disc=0
[SQP] after_solve iter=6 converged=1 status=0 iterations=2 primal_residual=4.39807e-16 dual_residual=5.03084e-06 x_size=16 x_finite=1
[SQP LINESEARCH] iter=6 current_violation=0 accepted_violation=0 accepted=1 alpha=1 delta_u_norm=0.118151
[SQP SUPPORT] iter=6 support_size=0 support_limit=-1 support_ok=1
[SQP] before_solve iter=7 vars=16 constraints=104 max_d=-0.815959
[QP WORST] iter=7 row=1 type=collision d=-0.815959
[QP WORST COLLISION] scenario=13 k=1 obstacle=0 disc=0
[SQP] after_solve iter=7 converged=1 status=0 iterations=2 primal_residual=4.16334e-16 dual_residual=3.72602e-06 x_size=16 x_finite=1
[SQP LINESEARCH] iter=7 current_violation=0 accepted_violation=0 accepted=1 alpha=1 delta_u_norm=0.111601
[SQP SUPPORT] iter=7 support_size=0 support_limit=-1 support_ok=1
[SQP] before_solve iter=8 vars=16 constraints=104 max_d=-0.815938
[QP WORST] iter=8 row=1 type=collision d=-0.815938
[QP WORST COLLISION] scenario=13 k=1 obstacle=0 disc=0
[SQP] after_solve iter=8 converged=1 status=0 iterations=2 primal_residual=4.19803e-16 dual_residual=3.54056e-06 x_size=16 x_finite=1
[SQP LINESEARCH] iter=8 current_violation=0 accepted_violation=0 accepted=1 alpha=1 delta_u_norm=0.105601
[SQP SUPPORT] iter=8 support_size=0 support_limit=-1 support_ok=1
[SQP] before_solve iter=9 vars=16 constraints=104 max_d=-0.815988
[QP WORST] iter=9 row=1 type=collision d=-0.815988
[QP WORST COLLISION] scenario=13 k=1 obstacle=0 disc=0
[SQP] after_solve iter=9 converged=1 status=0 iterations=2 primal_residual=4.38235e-16 dual_residual=2.82443e-06 x_size=16 x_finite=1
[SQP LINESEARCH] iter=9 current_violation=0 accepted_violation=0 accepted=1 alpha=1 delta_u_norm=0.100058
[SQP SUPPORT] iter=9 support_size=0 support_limit=-1 support_ok=1
[SQP FINAL] final_violation=0 violated_constraints=0
[SUPPORT FINAL] sqp_union=0 final_active=0 support_limit=-1
[SUPPORT FINAL IDS]
[SUPPORT UNION IDS]
[COLD START RECOVERY CHECK] ordinary_sqp_failed=0 seed_available=1 incompatible=0 try_homotopy=0
[HARNESS RESULT] step=47 success=1 controls=8 first_input_present=1
[MPC STEP METRICS] step=47 applied=1 success=1 fallback=0 a=-0.000993237 omega=0.0512844 dt=0.1 acceleration_weight=0.1 steering_weight=0.1 control_cost_unweighted=0.00263107 control_cost_weighted=0.000263107 mpc_cost=-17.5776 solve_time=0.03393 qp_solve_time=0.0211867 constraint_time=0.00697449 dro_risk_time=0.000405249 ambiguity_radius=0.00432251 certificate=not_requested
[EVAL SAFETY] step=48 min_center_distance=1.77158 min_clearance=0.821579 collision_this_step=0 collision_run=0 collision_radius=0.95
[DRO SUMMARY] step=49 obstacle=0 S=40 rho=0.00425589 rho_raw=0.00425589 D_max=0.0256781 D_min=0.0128703 tv_bound=0.330676 eta=0.16574 eta_raw=0.16574 radius_m=49 radius_d=3 transport_cost=0 budget_usage=0 lambda=0 q_support=3 nominal_risk=0 qstar_risk=0 risk_lift=0 tv=0
[DRO MODE] step=49 obstacle=0 mode=constant_velocity p=0.366337 risk=0 q=0.366337 delta_q=0 q_times_S=14.6535
[DRO MODE] step=49 obstacle=0 mode=turn_left p=0.247525 risk=0 q=0.247525 delta_q=0 q_times_S=9.90099
[DRO MODE] step=49 obstacle=0 mode=turn_right p=0.386139 risk=0 q=0.386139 delta_q=0 q_times_S=15.4455
[DRO SAMPLE] step=49 obstacle=0 mode=constant_velocity q=0.366337 q_times_S=14.6535 first_count=12 first_fraction=0.3 occupancy=96 occupancy_fraction=0.3
[DRO SAMPLE] step=49 obstacle=0 mode=turn_left q=0.247525 q_times_S=9.90099 first_count=11 first_fraction=0.275 occupancy=88 occupancy_fraction=0.275
[DRO SAMPLE] step=49 obstacle=0 mode=turn_right q=0.386139 q_times_S=15.4455 first_count=17 first_fraction=0.425 occupancy=136 occupancy_fraction=0.425
[RF BACKUP] available=1 controls=8 states=9
[FREE POLY] k=1 disc=0 raw=40 facets=4 vertices=7 rho=4.8 anchor_shift=0
[FREE POLY] k=1 disc=1 raw=40 facets=0 vertices=4 rho=0.800001 anchor_shift=0
[FREE POLY] k=1 disc=2 raw=40 facets=2 vertices=6 rho=4.8 anchor_shift=0
[FREE POLY] k=2 disc=0 raw=40 facets=5 vertices=8 rho=5.6 anchor_shift=0
[FREE POLY] k=2 disc=1 raw=40 facets=0 vertices=4 rho=1.6 anchor_shift=0
[FREE POLY] k=2 disc=2 raw=40 facets=2 vertices=6 rho=5.6 anchor_shift=0
[FREE POLY] k=3 disc=0 raw=40 facets=5 vertices=8 rho=6.4 anchor_shift=0
[FREE POLY] k=3 disc=1 raw=40 facets=0 vertices=4 rho=2.4 anchor_shift=0
[FREE POLY] k=3 disc=2 raw=40 facets=3 vertices=6 rho=6.4 anchor_shift=0
[FREE POLY] k=4 disc=0 raw=40 facets=4 vertices=7 rho=7.2 anchor_shift=0
[FREE POLY] k=4 disc=1 raw=40 facets=2 vertices=6 rho=3.2 anchor_shift=0
[FREE POLY] k=4 disc=2 raw=40 facets=3 vertices=6 rho=7.2 anchor_shift=0
[FREE POLY] k=5 disc=0 raw=40 facets=4 vertices=7 rho=8 anchor_shift=0
[FREE POLY] k=5 disc=1 raw=40 facets=3 vertices=7 rho=4 anchor_shift=0
[FREE POLY] k=5 disc=2 raw=40 facets=4 vertices=7 rho=8 anchor_shift=0
[FREE POLY] k=6 disc=0 raw=40 facets=3 vertices=6 rho=8.8 anchor_shift=0
[FREE POLY] k=6 disc=1 raw=40 facets=2 vertices=5 rho=4.8 anchor_shift=0
[FREE POLY] k=6 disc=2 raw=40 facets=3 vertices=6 rho=8.8 anchor_shift=0
[FREE POLY] k=7 disc=0 raw=40 facets=3 vertices=6 rho=9.6 anchor_shift=0
[FREE POLY] k=7 disc=1 raw=40 facets=2 vertices=5 rho=5.6 anchor_shift=0
[FREE POLY] k=7 disc=2 raw=40 facets=3 vertices=6 rho=9.6 anchor_shift=0
[FREE POLY] k=8 disc=0 raw=40 facets=3 vertices=6 rho=10.4 anchor_shift=0
[FREE POLY] k=8 disc=1 raw=40 facets=2 vertices=5 rho=6.4 anchor_shift=0
[FREE POLY] k=8 disc=2 raw=40 facets=3 vertices=6 rho=10.4 anchor_shift=0
[RF SUPPORT SEED] removed=0 support_limit=-1
[SQP] before_solve iter=0 vars=16 constraints=97 max_d=-0.982013
[QP WORST] iter=0 row=2 type=collision d=-0.982013
[QP WORST COLLISION] scenario=19 k=1 obstacle=0 disc=0
[SQP] after_solve iter=0 converged=1 status=0 iterations=2 primal_residual=3.77953e-16 dual_residual=1.82734e-05 x_size=16 x_finite=1
[SQP LINESEARCH] iter=0 current_violation=0 accepted_violation=0 accepted=1 alpha=1 delta_u_norm=0.228477
[SQP SUPPORT] iter=0 support_size=0 support_limit=-1 support_ok=1
[SQP] before_solve iter=1 vars=16 constraints=97 max_d=-0.982741
[QP WORST] iter=1 row=2 type=collision d=-0.982741
[QP WORST COLLISION] scenario=19 k=1 obstacle=0 disc=0
[SQP] after_solve iter=1 converged=1 status=0 iterations=2 primal_residual=4.43032e-16 dual_residual=9.53145e-06 x_size=16 x_finite=1
[SQP LINESEARCH] iter=1 current_violation=0 accepted_violation=0 accepted=1 alpha=1 delta_u_norm=0.169991
[SQP SUPPORT] iter=1 support_size=0 support_limit=-1 support_ok=1
[SQP] before_solve iter=2 vars=16 constraints=97 max_d=-0.982515
[QP WORST] iter=2 row=2 type=collision d=-0.982515
[QP WORST COLLISION] scenario=19 k=1 obstacle=0 disc=0
[SQP] after_solve iter=2 converged=1 status=0 iterations=2 primal_residual=4.42788e-16 dual_residual=1.05597e-05 x_size=16 x_finite=1
[SQP LINESEARCH] iter=2 current_violation=0 accepted_violation=0 accepted=1 alpha=1 delta_u_norm=0.153537
[SQP SUPPORT] iter=2 support_size=0 support_limit=-1 support_ok=1
[SQP] before_solve iter=3 vars=16 constraints=97 max_d=-0.982701
[QP WORST] iter=3 row=2 type=collision d=-0.982701
[QP WORST COLLISION] scenario=19 k=1 obstacle=0 disc=0
[SQP] after_solve iter=3 converged=1 status=0 iterations=2 primal_residual=4.16008e-16 dual_residual=5.82518e-06 x_size=16 x_finite=1
[SQP LINESEARCH] iter=3 current_violation=0 accepted_violation=0 accepted=1 alpha=1 delta_u_norm=0.142579
[SQP SUPPORT] iter=3 support_size=0 support_limit=-1 support_ok=1
[SQP] before_solve iter=4 vars=16 constraints=97 max_d=-0.982554
[QP WORST] iter=4 row=2 type=collision d=-0.982554
[QP WORST COLLISION] scenario=19 k=1 obstacle=0 disc=0
[SQP] after_solve iter=4 converged=1 status=0 iterations=2 primal_residual=4.44089e-16 dual_residual=6.69434e-06 x_size=16 x_finite=1
[SQP LINESEARCH] iter=4 current_violation=0 accepted_violation=0 accepted=1 alpha=1 delta_u_norm=0.133406
[SQP SUPPORT] iter=4 support_size=0 support_limit=-1 support_ok=1
[SQP] before_solve iter=5 vars=16 constraints=97 max_d=-0.982635
[QP WORST] iter=5 row=2 type=collision d=-0.982635
[QP WORST COLLISION] scenario=19 k=1 obstacle=0 disc=0
[SQP] after_solve iter=5 converged=1 status=0 iterations=2 primal_residual=4.31079e-16 dual_residual=4.45302e-06 x_size=16 x_finite=1
[SQP LINESEARCH] iter=5 current_violation=0 accepted_violation=0 accepted=1 alpha=1 delta_u_norm=0.12535
[SQP SUPPORT] iter=5 support_size=0 support_limit=-1 support_ok=1
[SQP] before_solve iter=6 vars=16 constraints=97 max_d=-0.982571
[QP WORST] iter=6 row=2 type=collision d=-0.982571
[QP WORST COLLISION] scenario=19 k=1 obstacle=0 disc=0
[SQP] after_solve iter=6 converged=1 status=0 iterations=2 primal_residual=4.18068e-16 dual_residual=4.52128e-06 x_size=16 x_finite=1
[SQP LINESEARCH] iter=6 current_violation=0 accepted_violation=0 accepted=1 alpha=1 delta_u_norm=0.118144
[SQP SUPPORT] iter=6 support_size=0 support_limit=-1 support_ok=1
[SQP] before_solve iter=7 vars=16 constraints=97 max_d=-0.98262
[QP WORST] iter=7 row=2 type=collision d=-0.98262
[QP WORST COLLISION] scenario=19 k=1 obstacle=0 disc=0
[SQP] after_solve iter=7 converged=1 status=0 iterations=2 primal_residual=4.43196e-16 dual_residual=3.38507e-06 x_size=16 x_finite=1
[SQP LINESEARCH] iter=7 current_violation=0 accepted_violation=0 accepted=1 alpha=1 delta_u_norm=0.111596
[SQP SUPPORT] iter=7 support_size=0 support_limit=-1 support_ok=1
[SQP] before_solve iter=8 vars=16 constraints=97 max_d=-0.982604
[QP WORST] iter=8 row=2 type=collision d=-0.982604
[QP WORST COLLISION] scenario=19 k=1 obstacle=0 disc=0
[SQP] after_solve iter=8 converged=1 status=0 iterations=2 primal_residual=4.38885e-16 dual_residual=3.20893e-06 x_size=16 x_finite=1
[SQP LINESEARCH] iter=8 current_violation=0 accepted_violation=0 accepted=1 alpha=1 delta_u_norm=0.105596
[SQP SUPPORT] iter=8 support_size=0 support_limit=-1 support_ok=1
[SQP] before_solve iter=9 vars=16 constraints=97 max_d=-0.982643
[QP WORST] iter=9 row=2 type=collision d=-0.982643
[QP WORST COLLISION] scenario=19 k=1 obstacle=0 disc=0
[SQP] after_solve iter=9 converged=1 status=0 iterations=2 primal_residual=4.10072e-16 dual_residual=2.58053e-06 x_size=16 x_finite=1
[SQP LINESEARCH] iter=9 current_violation=0 accepted_violation=0 accepted=1 alpha=1 delta_u_norm=0.100054
[SQP SUPPORT] iter=9 support_size=0 support_limit=-1 support_ok=1
[SQP FINAL] final_violation=0 violated_constraints=0
[SUPPORT FINAL] sqp_union=0 final_active=0 support_limit=-1
[SUPPORT FINAL IDS]
[SUPPORT UNION IDS]
[COLD START RECOVERY CHECK] ordinary_sqp_failed=0 seed_available=1 incompatible=0 try_homotopy=0
[HARNESS RESULT] step=48 success=1 controls=8 first_input_present=1
[MPC STEP METRICS] step=48 applied=1 success=1 fallback=0 a=-0.000734706 omega=0.043646 dt=0.1 acceleration_weight=0.1 steering_weight=0.1 control_cost_unweighted=0.00190551 control_cost_weighted=0.000190551 mpc_cost=-17.5806 solve_time=0.033305 qp_solve_time=0.0207168 constraint_time=0.00679341 dro_risk_time=0.000406411 ambiguity_radius=0.00425589 certificate=not_requested
[EVAL SAFETY] step=49 min_center_distance=1.93737 min_clearance=0.987375 collision_this_step=0 collision_run=0 collision_radius=0.95
[DRO SUMMARY] step=50 obstacle=0 S=40 rho=0.00419104 rho_raw=0.00419104 D_max=0.0256781 D_min=0.0128703 tv_bound=0.325637 eta=0.163214 eta_raw=0.163214 radius_m=50 radius_d=3 transport_cost=0 budget_usage=0 lambda=0 q_support=3 nominal_risk=0 qstar_risk=0 risk_lift=0 tv=0
[DRO MODE] step=50 obstacle=0 mode=constant_velocity p=0.378641 risk=0 q=0.378641 delta_q=0 q_times_S=15.1456
[DRO MODE] step=50 obstacle=0 mode=turn_left p=0.242718 risk=0 q=0.242718 delta_q=0 q_times_S=9.70874
[DRO MODE] step=50 obstacle=0 mode=turn_right p=0.378641 risk=0 q=0.378641 delta_q=0 q_times_S=15.1456
[DRO SAMPLE] step=50 obstacle=0 mode=constant_velocity q=0.378641 q_times_S=15.1456 first_count=17 first_fraction=0.425 occupancy=136 occupancy_fraction=0.425
[DRO SAMPLE] step=50 obstacle=0 mode=turn_left q=0.242718 q_times_S=9.70874 first_count=12 first_fraction=0.3 occupancy=96 occupancy_fraction=0.3
[DRO SAMPLE] step=50 obstacle=0 mode=turn_right q=0.378641 q_times_S=15.1456 first_count=11 first_fraction=0.275 occupancy=88 occupancy_fraction=0.275
[RF BACKUP] available=1 controls=8 states=9
[FREE POLY] k=1 disc=0 raw=40 facets=3 vertices=6 rho=4.8 anchor_shift=0
[FREE POLY] k=1 disc=1 raw=40 facets=0 vertices=4 rho=0.800001 anchor_shift=0
[FREE POLY] k=1 disc=2 raw=40 facets=1 vertices=5 rho=4.8 anchor_shift=0
[FREE POLY] k=2 disc=0 raw=40 facets=3 vertices=6 rho=5.6 anchor_shift=0
[FREE POLY] k=2 disc=1 raw=40 facets=0 vertices=4 rho=1.6 anchor_shift=0
[FREE POLY] k=2 disc=2 raw=40 facets=2 vertices=6 rho=5.6 anchor_shift=0
[FREE POLY] k=3 disc=0 raw=40 facets=4 vertices=7 rho=6.4 anchor_shift=0
[FREE POLY] k=3 disc=1 raw=40 facets=0 vertices=4 rho=2.4 anchor_shift=0
[FREE POLY] k=3 disc=2 raw=40 facets=2 vertices=5 rho=6.4 anchor_shift=0
[FREE POLY] k=4 disc=0 raw=40 facets=4 vertices=7 rho=7.2 anchor_shift=0
[FREE POLY] k=4 disc=1 raw=40 facets=1 vertices=5 rho=3.2 anchor_shift=0
[FREE POLY] k=4 disc=2 raw=40 facets=2 vertices=5 rho=7.2 anchor_shift=0
[FREE POLY] k=5 disc=0 raw=40 facets=4 vertices=7 rho=8 anchor_shift=0
[FREE POLY] k=5 disc=1 raw=40 facets=2 vertices=6 rho=4 anchor_shift=0
[FREE POLY] k=5 disc=2 raw=40 facets=3 vertices=6 rho=8 anchor_shift=0
[FREE POLY] k=6 disc=0 raw=40 facets=5 vertices=8 rho=8.8 anchor_shift=0
[FREE POLY] k=6 disc=1 raw=40 facets=3 vertices=6 rho=4.8 anchor_shift=0
[FREE POLY] k=6 disc=2 raw=40 facets=4 vertices=7 rho=8.8 anchor_shift=0
[FREE POLY] k=7 disc=0 raw=40 facets=4 vertices=7 rho=9.6 anchor_shift=0
[FREE POLY] k=7 disc=1 raw=40 facets=3 vertices=6 rho=5.6 anchor_shift=0
[FREE POLY] k=7 disc=2 raw=40 facets=3 vertices=6 rho=9.6 anchor_shift=0
[FREE POLY] k=8 disc=0 raw=40 facets=3 vertices=6 rho=10.4 anchor_shift=0
[FREE POLY] k=8 disc=1 raw=40 facets=3 vertices=6 rho=6.4 anchor_shift=0
[FREE POLY] k=8 disc=2 raw=40 facets=3 vertices=6 rho=10.4 anchor_shift=0
[RF SUPPORT SEED] removed=0 support_limit=-1
[SQP] before_solve iter=0 vars=16 constraints=94 max_d=-1.1501
[QP WORST] iter=0 row=1 type=collision d=-1.1501
[QP WORST COLLISION] scenario=5 k=1 obstacle=0 disc=0
[SQP] after_solve iter=0 converged=1 status=0 iterations=2 primal_residual=4.39427e-16 dual_residual=1.60595e-05 x_size=16 x_finite=1
[SQP LINESEARCH] iter=0 current_violation=0 accepted_violation=0 accepted=1 alpha=1 delta_u_norm=0.228361
[SQP SUPPORT] iter=0 support_size=0 support_limit=-1 support_ok=1
[SQP] before_solve iter=1 vars=16 constraints=94 max_d=-1.1507
[QP WORST] iter=1 row=1 type=collision d=-1.1507
[QP WORST COLLISION] scenario=5 k=1 obstacle=0 disc=0
[SQP] after_solve iter=1 converged=1 status=0 iterations=2 primal_residual=4.44089e-16 dual_residual=8.52931e-06 x_size=16 x_finite=1
[SQP LINESEARCH] iter=1 current_violation=0 accepted_violation=0 accepted=1 alpha=1 delta_u_norm=0.16992
[SQP SUPPORT] iter=1 support_size=0 support_limit=-1 support_ok=1
[SQP] before_solve iter=2 vars=16 constraints=94 max_d=-1.15051
[QP WORST] iter=2 row=1 type=collision d=-1.15051
[QP WORST COLLISION] scenario=5 k=1 obstacle=0 disc=0
[SQP] after_solve iter=2 converged=1 status=0 iterations=2 primal_residual=4.43005e-16 dual_residual=9.35236e-06 x_size=16 x_finite=1
[SQP LINESEARCH] iter=2 current_violation=0 accepted_violation=0 accepted=1 alpha=1 delta_u_norm=0.153498
[SQP SUPPORT] iter=2 support_size=0 support_limit=-1 support_ok=1
[SQP] before_solve iter=3 vars=16 constraints=94 max_d=-1.15064
[QP WORST] iter=3 row=1 type=collision d=-1.15064
[QP WORST COLLISION] scenario=5 k=1 obstacle=0 disc=0
[SQP] after_solve iter=3 converged=1 status=0 iterations=2 primal_residual=3.89662e-16 dual_residual=5.28392e-06 x_size=16 x_finite=1
[SQP LINESEARCH] iter=3 current_violation=0 accepted_violation=0 accepted=1 alpha=1 delta_u_norm=0.14256
[SQP SUPPORT] iter=3 support_size=0 support_limit=-1 support_ok=1
[SQP] before_solve iter=4 vars=16 constraints=94 max_d=-1.15051
[QP WORST] iter=4 row=1 type=collision d=-1.15051
[QP WORST COLLISION] scenario=5 k=1 obstacle=0 disc=0
[SQP] after_solve iter=4 converged=1 status=0 iterations=2 primal_residual=4.3715e-16 dual_residual=5.98956e-06 x_size=16 x_finite=1
[SQP LINESEARCH] iter=4 current_violation=0 accepted_violation=0 accepted=1 alpha=1 delta_u_norm=0.133394
[SQP SUPPORT] iter=4 support_size=0 support_limit=-1 support_ok=1
[SQP] before_solve iter=5 vars=16 constraints=94 max_d=-1.15057
[QP WORST] iter=5 row=1 type=collision d=-1.15057
[QP WORST COLLISION] scenario=5 k=1 obstacle=0 disc=0
[SQP] after_solve iter=5 converged=1 status=0 iterations=2 primal_residual=4.37259e-16 dual_residual=4.04987e-06 x_size=16 x_finite=1
[SQP LINESEARCH] iter=5 current_violation=0 accepted_violation=0 accepted=1 alpha=1 delta_u_norm=0.125344
[SQP SUPPORT] iter=5 support_size=0 support_limit=-1 support_ok=1
[SQP] before_solve iter=6 vars=16 constraints=94 max_d=-1.15051
[QP WORST] iter=6 row=1 type=collision d=-1.15051
[QP WORST COLLISION] scenario=5 k=1 obstacle=0 disc=0
[SQP] after_solve iter=6 converged=1 status=0 iterations=2 primal_residual=4.28477e-16 dual_residual=4.08244e-06 x_size=16 x_finite=1
[SQP LINESEARCH] iter=6 current_violation=0 accepted_violation=0 accepted=1 alpha=1 delta_u_norm=0.118138
[SQP SUPPORT] iter=6 support_size=0 support_limit=-1 support_ok=1
[SQP] before_solve iter=7 vars=16 constraints=94 max_d=-1.15055
[QP WORST] iter=7 row=1 type=collision d=-1.15055
[QP WORST COLLISION] scenario=5 k=1 obstacle=0 disc=0
[SQP] after_solve iter=7 converged=1 status=0 iterations=2 primal_residual=4.42382e-16 dual_residual=3.09142e-06 x_size=16 x_finite=1
[SQP LINESEARCH] iter=7 current_violation=0 accepted_violation=0 accepted=1 alpha=1 delta_u_norm=0.111592
[SQP SUPPORT] iter=7 support_size=0 support_limit=-1 support_ok=1
[SQP] before_solve iter=8 vars=16 constraints=94 max_d=-1.15053
[QP WORST] iter=8 row=1 type=collision d=-1.15053
[QP WORST COLLISION] scenario=5 k=1 obstacle=0 disc=0
[SQP] after_solve iter=8 converged=1 status=0 iterations=2 primal_residual=4.35714e-16 dual_residual=2.92219e-06 x_size=16 x_finite=1
[SQP LINESEARCH] iter=8 current_violation=0 accepted_violation=0 accepted=1 alpha=1 delta_u_norm=0.105593
[SQP SUPPORT] iter=8 support_size=0 support_limit=-1 support_ok=1
[SQP] before_solve iter=9 vars=16 constraints=94 max_d=-1.15056
[QP WORST] iter=9 row=1 type=collision d=-1.15056
[QP WORST COLLISION] scenario=5 k=1 obstacle=0 disc=0
[SQP] after_solve iter=9 converged=1 status=0 iterations=2 primal_residual=4.41053e-16 dual_residual=2.36946e-06 x_size=16 x_finite=1
[SQP LINESEARCH] iter=9 current_violation=0 accepted_violation=0 accepted=1 alpha=1 delta_u_norm=0.100052
[SQP SUPPORT] iter=9 support_size=0 support_limit=-1 support_ok=1
[SQP FINAL] final_violation=0 violated_constraints=0
[SUPPORT FINAL] sqp_union=0 final_active=0 support_limit=-1
[SUPPORT FINAL IDS]
[SUPPORT UNION IDS]
[COLD START RECOVERY CHECK] ordinary_sqp_failed=0 seed_available=1 incompatible=0 try_homotopy=0
[HARNESS RESULT] step=49 success=1 controls=8 first_input_present=1
[MPC STEP METRICS] step=49 applied=1 success=1 fallback=0 a=-0.000532039 omega=0.0366375 dt=0.1 acceleration_weight=0.1 steering_weight=0.1 control_cost_unweighted=0.00134259 control_cost_weighted=0.000134259 mpc_cost=-17.5828 solve_time=0.0328112 qp_solve_time=0.0203261 constraint_time=0.00670849 dro_risk_time=0.000411631 ambiguity_radius=0.00419104 certificate=not_requested
[EVAL SAFETY] step=50 min_center_distance=2.107 min_clearance=1.157 collision_this_step=0 collision_run=0 collision_radius=0.95
[DRO SUMMARY] step=51 obstacle=0 S=40 rho=0.00415981 rho_raw=0.00415981 D_max=0.0256781 D_min=0.0128703 tv_bound=0.323211 eta=0.161998 eta_raw=0.161998 radius_m=51 radius_d=3 transport_cost=0 budget_usage=0 lambda=0 q_support=3 nominal_risk=0 qstar_risk=0 risk_lift=0 tv=0
[DRO MODE] step=51 obstacle=0 mode=constant_velocity p=0.371429 risk=0 q=0.371429 delta_q=0 q_times_S=14.8571
[DRO MODE] step=51 obstacle=0 mode=turn_left p=0.257143 risk=0 q=0.257143 delta_q=0 q_times_S=10.2857
[DRO MODE] step=51 obstacle=0 mode=turn_right p=0.371429 risk=0 q=0.371429 delta_q=0 q_times_S=14.8571
[DRO SAMPLE] step=51 obstacle=0 mode=constant_velocity q=0.371429 q_times_S=14.8571 first_count=17 first_fraction=0.425 occupancy=136 occupancy_fraction=0.425
[DRO SAMPLE] step=51 obstacle=0 mode=turn_left q=0.257143 q_times_S=10.2857 first_count=13 first_fraction=0.325 occupancy=104 occupancy_fraction=0.325
[DRO SAMPLE] step=51 obstacle=0 mode=turn_right q=0.371429 q_times_S=14.8571 first_count=10 first_fraction=0.25 occupancy=80 occupancy_fraction=0.25
[RF BACKUP] available=1 controls=8 states=9
[FREE POLY] k=1 disc=0 raw=40 facets=5 vertices=8 rho=4.8 anchor_shift=0
[FREE POLY] k=1 disc=1 raw=40 facets=0 vertices=4 rho=0.800001 anchor_shift=0
[FREE POLY] k=1 disc=2 raw=40 facets=1 vertices=5 rho=4.8 anchor_shift=0
[FREE POLY] k=2 disc=0 raw=40 facets=5 vertices=8 rho=5.6 anchor_shift=0
[FREE POLY] k=2 disc=1 raw=40 facets=0 vertices=4 rho=1.6 anchor_shift=0
[FREE POLY] k=2 disc=2 raw=40 facets=3 vertices=7 rho=5.6 anchor_shift=0
[FREE POLY] k=3 disc=0 raw=40 facets=4 vertices=7 rho=6.4 anchor_shift=0
[FREE POLY] k=3 disc=1 raw=40 facets=0 vertices=4 rho=2.4 anchor_shift=0
[FREE POLY] k=3 disc=2 raw=40 facets=4 vertices=7 rho=6.4 anchor_shift=0
[FREE POLY] k=4 disc=0 raw=40 facets=4 vertices=7 rho=7.2 anchor_shift=0
[FREE POLY] k=4 disc=1 raw=40 facets=0 vertices=4 rho=3.2 anchor_shift=0
[FREE POLY] k=4 disc=2 raw=40 facets=4 vertices=7 rho=7.2 anchor_shift=0
[FREE POLY] k=5 disc=0 raw=40 facets=5 vertices=8 rho=8 anchor_shift=0
[FREE POLY] k=5 disc=1 raw=40 facets=3 vertices=7 rho=4 anchor_shift=0
[FREE POLY] k=5 disc=2 raw=40 facets=5 vertices=8 rho=8 anchor_shift=0
[FREE POLY] k=6 disc=0 raw=40 facets=7 vertices=10 rho=8.8 anchor_shift=0
[FREE POLY] k=6 disc=1 raw=40 facets=6 vertices=9 rho=4.8 anchor_shift=0
[FREE POLY] k=6 disc=2 raw=40 facets=6 vertices=9 rho=8.8 anchor_shift=0
[FREE POLY] k=7 disc=0 raw=40 facets=5 vertices=8 rho=9.6 anchor_shift=0
[FREE POLY] k=7 disc=1 raw=40 facets=4 vertices=7 rho=5.6 anchor_shift=0
[FREE POLY] k=7 disc=2 raw=40 facets=5 vertices=8 rho=9.6 anchor_shift=0
[FREE POLY] k=8 disc=0 raw=40 facets=5 vertices=8 rho=10.4 anchor_shift=0
[FREE POLY] k=8 disc=1 raw=40 facets=4 vertices=7 rho=6.4 anchor_shift=0
[FREE POLY] k=8 disc=2 raw=40 facets=5 vertices=8 rho=10.4 anchor_shift=0
[RF SUPPORT SEED] removed=0 support_limit=-1
[SQP] before_solve iter=0 vars=16 constraints=122 max_d=-1.32502
[QP WORST] iter=0 row=1 type=collision d=-1.32502
[QP WORST COLLISION] scenario=9 k=1 obstacle=0 disc=0
[SQP] after_solve iter=0 converged=1 status=0 iterations=2 primal_residual=4.43656e-16 dual_residual=1.40076e-05 x_size=16 x_finite=1
[SQP LINESEARCH] iter=0 current_violation=0 accepted_violation=0 accepted=1 alpha=1 delta_u_norm=0.228279
[SQP SUPPORT] iter=0 support_size=0 support_limit=-1 support_ok=1
[SQP] before_solve iter=1 vars=16 constraints=122 max_d=-1.32552
[QP WORST] iter=1 row=1 type=collision d=-1.32552
[QP WORST COLLISION] scenario=9 k=1 obstacle=0 disc=0
[SQP] after_solve iter=1 converged=1 status=0 iterations=2 primal_residual=4.09395e-16 dual_residual=7.6244e-06 x_size=16 x_finite=1
[SQP LINESEARCH] iter=1 current_violation=0 accepted_violation=0 accepted=1 alpha=1 delta_u_norm=0.169869
[SQP SUPPORT] iter=1 support_size=0 support_limit=-1 support_ok=1
[SQP] before_solve iter=2 vars=16 constraints=122 max_d=-1.32537
[QP WORST] iter=2 row=1 type=collision d=-1.32537
[QP WORST COLLISION] scenario=9 k=1 obstacle=0 disc=0
[SQP] after_solve iter=2 converged=1 status=0 iterations=2 primal_residual=4.11129e-16 dual_residual=8.30812e-06 x_size=16 x_finite=1
[SQP LINESEARCH] iter=2 current_violation=0 accepted_violation=0 accepted=1 alpha=1 delta_u_norm=0.153471
[SQP SUPPORT] iter=2 support_size=0 support_limit=-1 support_ok=1
[SQP] before_solve iter=3 vars=16 constraints=122 max_d=-1.32545
[QP WORST] iter=3 row=1 type=collision d=-1.32545
[QP WORST COLLISION] scenario=9 k=1 obstacle=0 disc=0
[SQP] after_solve iter=3 converged=1 status=0 iterations=2 primal_residual=4.37801e-16 dual_residual=4.81339e-06 x_size=16 x_finite=1
[SQP LINESEARCH] iter=3 current_violation=0 accepted_violation=0 accepted=1 alpha=1 delta_u_norm=0.142546
[SQP SUPPORT] iter=3 support_size=0 support_limit=-1 support_ok=1
[SQP] before_solve iter=4 vars=16 constraints=122 max_d=-1.32534
[QP WORST] iter=4 row=1 type=collision d=-1.32534
[QP WORST COLLISION] scenario=9 k=1 obstacle=0 disc=0
[SQP] after_solve iter=4 converged=1 status=0 iterations=2 primal_residual=4.43113e-16 dual_residual=5.38337e-06 x_size=16 x_finite=1
[SQP LINESEARCH] iter=4 current_violation=0 accepted_violation=0 accepted=1 alpha=1 delta_u_norm=0.133385
[SQP SUPPORT] iter=4 support_size=0 support_limit=-1 support_ok=1
[SQP] before_solve iter=5 vars=16 constraints=122 max_d=-1.32537
[QP WORST] iter=5 row=1 type=collision d=-1.32537
[QP WORST COLLISION] scenario=9 k=1 obstacle=0 disc=0
[SQP] after_solve iter=5 converged=1 status=0 iterations=2 primal_residual=4.39644e-16 dual_residual=3.70169e-06 x_size=16 x_finite=1
[SQP LINESEARCH] iter=5 current_violation=0 accepted_violation=0 accepted=1 alpha=1 delta_u_norm=0.125339
[SQP SUPPORT] iter=5 support_size=0 support_limit=-1 support_ok=1
[SQP] before_solve iter=6 vars=16 constraints=122 max_d=-1.32533
[QP WORST] iter=6 row=1 type=collision d=-1.32533
[QP WORST COLLISION] scenario=9 k=1 obstacle=0 disc=0
[SQP] after_solve iter=6 converged=1 status=0 iterations=2 primal_residual=4.40864e-16 dual_residual=3.70483e-06 x_size=16 x_finite=1
[SQP LINESEARCH] iter=6 current_violation=0 accepted_violation=0 accepted=1 alpha=1 delta_u_norm=0.118134
[SQP SUPPORT] iter=6 support_size=0 support_limit=-1 support_ok=1
[SQP] before_solve iter=7 vars=16 constraints=122 max_d=-1.32535
[QP WORST] iter=7 row=1 type=collision d=-1.32535
[QP WORST COLLISION] scenario=9 k=1 obstacle=0 disc=0
[SQP] after_solve iter=7 converged=1 status=0 iterations=2 primal_residual=4.27284e-16 dual_residual=2.83829e-06 x_size=16 x_finite=1
[SQP LINESEARCH] iter=7 current_violation=0 accepted_violation=0 accepted=1 alpha=1 delta_u_norm=0.111589
[SQP SUPPORT] iter=7 support_size=0 support_limit=-1 support_ok=1
[SQP] before_solve iter=8 vars=16 constraints=122 max_d=-1.32534
[QP WORST] iter=8 row=1 type=collision d=-1.32534
[QP WORST COLLISION] scenario=9 k=1 obstacle=0 disc=0
[SQP] after_solve iter=8 converged=1 status=0 iterations=2 primal_residual=4.39102e-16 dual_residual=2.67546e-06 x_size=16 x_finite=1
[SQP LINESEARCH] iter=8 current_violation=0 accepted_violation=0 accepted=1 alpha=1 delta_u_norm=0.10559
[SQP SUPPORT] iter=8 support_size=0 support_limit=-1 support_ok=1
[SQP] before_solve iter=9 vars=16 constraints=122 max_d=-1.32536
[QP WORST] iter=9 row=1 type=collision d=-1.32536
[QP WORST COLLISION] scenario=9 k=1 obstacle=0 disc=0
[SQP] after_solve iter=9 converged=1 status=0 iterations=2 primal_residual=4.40647e-16 dual_residual=2.18773e-06 x_size=16 x_finite=1
[SQP LINESEARCH] iter=9 current_violation=0 accepted_violation=0 accepted=1 alpha=1 delta_u_norm=0.10005
[SQP SUPPORT] iter=9 support_size=0 support_limit=-1 support_ok=1
[SQP FINAL] final_violation=0 violated_constraints=0
[SUPPORT FINAL] sqp_union=0 final_active=0 support_limit=-1
[SUPPORT FINAL IDS]
[SUPPORT UNION IDS]
[COLD START RECOVERY CHECK] ordinary_sqp_failed=0 seed_available=1 incompatible=0 try_homotopy=0
[HARNESS RESULT] step=50 success=1 controls=8 first_input_present=1
[MPC STEP METRICS] step=50 applied=1 success=1 fallback=0 a=-0.000385519 omega=0.0313716 dt=0.1 acceleration_weight=0.1 steering_weight=0.1 control_cost_unweighted=0.000984326 control_cost_weighted=9.84326e-05 mpc_cost=-17.5844 solve_time=0.0351956 qp_solve_time=0.0221751 constraint_time=0.00728314 dro_risk_time=0.000412703 ambiguity_radius=0.00415981 certificate=not_requested
[EVAL SAFETY] step=51 min_center_distance=2.27902 min_clearance=1.32902 collision_this_step=0 collision_run=0 collision_radius=0.95
[DRO SUMMARY] step=52 obstacle=0 S=40 rho=0.00412667 rho_raw=0.00412667 D_max=0.0256781 D_min=0.0128703 tv_bound=0.320636 eta=0.160708 eta_raw=0.160708 radius_m=52 radius_d=3 transport_cost=0 budget_usage=0 lambda=0 q_support=3 nominal_risk=0 qstar_risk=0 risk_lift=0 tv=0
[DRO MODE] step=52 obstacle=0 mode=constant_velocity p=0.364486 risk=0 q=0.364486 delta_q=0 q_times_S=14.5794
[DRO MODE] step=52 obstacle=0 mode=turn_left p=0.271028 risk=0 q=0.271028 delta_q=0 q_times_S=10.8411
[DRO MODE] step=52 obstacle=0 mode=turn_right p=0.364486 risk=0 q=0.364486 delta_q=0 q_times_S=14.5794
[DRO SAMPLE] step=52 obstacle=0 mode=constant_velocity q=0.364486 q_times_S=14.5794 first_count=17 first_fraction=0.425 occupancy=136 occupancy_fraction=0.425
[DRO SAMPLE] step=52 obstacle=0 mode=turn_left q=0.271028 q_times_S=10.8411 first_count=14 first_fraction=0.35 occupancy=112 occupancy_fraction=0.35
[DRO SAMPLE] step=52 obstacle=0 mode=turn_right q=0.364486 q_times_S=14.5794 first_count=9 first_fraction=0.225 occupancy=72 occupancy_fraction=0.225
[RF BACKUP] available=1 controls=8 states=9
[FREE POLY] k=1 disc=0 raw=40 facets=4 vertices=7 rho=4.8 anchor_shift=0
[FREE POLY] k=1 disc=1 raw=40 facets=0 vertices=4 rho=0.800001 anchor_shift=0
[FREE POLY] k=1 disc=2 raw=40 facets=0 vertices=4 rho=4.8 anchor_shift=0
[FREE POLY] k=2 disc=0 raw=40 facets=4 vertices=7 rho=5.6 anchor_shift=0
[FREE POLY] k=2 disc=1 raw=40 facets=0 vertices=4 rho=1.6 anchor_shift=0
[FREE POLY] k=2 disc=2 raw=40 facets=1 vertices=5 rho=5.6 anchor_shift=0
[FREE POLY] k=3 disc=0 raw=40 facets=4 vertices=7 rho=6.4 anchor_shift=0
[FREE POLY] k=3 disc=1 raw=40 facets=0 vertices=4 rho=2.4 anchor_shift=0
[FREE POLY] k=3 disc=2 raw=40 facets=3 vertices=7 rho=6.4 anchor_shift=0
[FREE POLY] k=4 disc=0 raw=40 facets=4 vertices=7 rho=7.2 anchor_shift=0
[FREE POLY] k=4 disc=1 raw=40 facets=0 vertices=4 rho=3.2 anchor_shift=0
[FREE POLY] k=4 disc=2 raw=40 facets=3 vertices=6 rho=7.2 anchor_shift=0
[FREE POLY] k=5 disc=0 raw=40 facets=4 vertices=7 rho=8 anchor_shift=0
[FREE POLY] k=5 disc=1 raw=40 facets=2 vertices=6 rho=4 anchor_shift=0
[FREE POLY] k=5 disc=2 raw=40 facets=3 vertices=6 rho=8 anchor_shift=0
[FREE POLY] k=6 disc=0 raw=40 facets=4 vertices=7 rho=8.8 anchor_shift=0
[FREE POLY] k=6 disc=1 raw=40 facets=3 vertices=7 rho=4.8 anchor_shift=0
[FREE POLY] k=6 disc=2 raw=40 facets=3 vertices=6 rho=8.8 anchor_shift=0
[FREE POLY] k=7 disc=0 raw=40 facets=4 vertices=7 rho=9.6 anchor_shift=0
[FREE POLY] k=7 disc=1 raw=40 facets=3 vertices=6 rho=5.6 anchor_shift=0
[FREE POLY] k=7 disc=2 raw=40 facets=3 vertices=6 rho=9.6 anchor_shift=0
[FREE POLY] k=8 disc=0 raw=40 facets=4 vertices=7 rho=10.4 anchor_shift=0
[FREE POLY] k=8 disc=1 raw=40 facets=4 vertices=7 rho=6.4 anchor_shift=0
[FREE POLY] k=8 disc=2 raw=40 facets=4 vertices=7 rho=10.4 anchor_shift=0
[RF SUPPORT SEED] removed=0 support_limit=-1
[SQP] before_solve iter=0 vars=16 constraints=96 max_d=-1.49803
[QP WORST] iter=0 row=0 type=collision d=-1.49803
[QP WORST COLLISION] scenario=2 k=1 obstacle=0 disc=0
[SQP] after_solve iter=0 converged=1 status=0 iterations=2 primal_residual=4.44089e-16 dual_residual=1.23996e-05 x_size=16 x_finite=1
[SQP LINESEARCH] iter=0 current_violation=0 accepted_violation=0 accepted=1 alpha=1 delta_u_norm=0.228221
[SQP SUPPORT] iter=0 support_size=0 support_limit=-1 support_ok=1
[SQP] before_solve iter=1 vars=16 constraints=96 max_d=-1.49846
[QP WORST] iter=1 row=0 type=collision d=-1.49846
[QP WORST COLLISION] scenario=2 k=1 obstacle=0 disc=0
[SQP] after_solve iter=1 converged=1 status=0 iterations=2 primal_residual=4.34223e-16 dual_residual=6.9121e-06 x_size=16 x_finite=1
[SQP LINESEARCH] iter=1 current_violation=0 accepted_violation=0 accepted=1 alpha=1 delta_u_norm=0.169832
[SQP SUPPORT] iter=1 support_size=0 support_limit=-1 support_ok=1
[SQP] before_solve iter=2 vars=16 constraints=96 max_d=-1.49833
[QP WORST] iter=2 row=0 type=collision d=-1.49833
[QP WORST COLLISION] scenario=2 k=1 obstacle=0 disc=0
[SQP] after_solve iter=2 converged=1 status=0 iterations=2 primal_residual=4.26742e-16 dual_residual=7.43055e-06 x_size=16 x_finite=1
[SQP LINESEARCH] iter=2 current_violation=0 accepted_violation=0 accepted=1 alpha=1 delta_u_norm=0.153451
[SQP SUPPORT] iter=2 support_size=0 support_limit=-1 support_ok=1
[SQP] before_solve iter=3 vars=16 constraints=96 max_d=-1.49838
[QP WORST] iter=3 row=0 type=collision d=-1.49838
[QP WORST COLLISION] scenario=2 k=1 obstacle=0 disc=0
[SQP] after_solve iter=3 converged=1 status=0 iterations=2 primal_residual=4.18827e-16 dual_residual=4.41719e-06 x_size=16 x_finite=1
[SQP LINESEARCH] iter=3 current_violation=0 accepted_violation=0 accepted=1 alpha=1 delta_u_norm=0.142537
[SQP SUPPORT] iter=3 support_size=0 support_limit=-1 support_ok=1
[SQP] before_solve iter=4 vars=16 constraints=96 max_d=-1.49828
[QP WORST] iter=4 row=0 type=collision d=-1.49828
[QP WORST COLLISION] scenario=2 k=1 obstacle=0 disc=0
[SQP] after_solve iter=4 converged=1 status=0 iterations=2 primal_residual=4.31512e-16 dual_residual=4.86953e-06 x_size=16 x_finite=1
[SQP LINESEARCH] iter=4 current_violation=0 accepted_violation=0 accepted=1 alpha=1 delta_u_norm=0.133378
[SQP SUPPORT] iter=4 support_size=0 support_limit=-1 support_ok=1
[SQP] before_solve iter=5 vars=16 constraints=96 max_d=-1.4983
[QP WORST] iter=5 row=0 type=collision d=-1.4983
[QP WORST COLLISION] scenario=2 k=1 obstacle=0 disc=0
[SQP] after_solve iter=5 converged=1 status=0 iterations=2 primal_residual=4.37164e-16 dual_residual=3.40682e-06 x_size=16 x_finite=1
[SQP LINESEARCH] iter=5 current_violation=0 accepted_violation=0 accepted=1 alpha=1 delta_u_norm=0.125335
[SQP SUPPORT] iter=5 support_size=0 support_limit=-1 support_ok=1
[SQP] before_solve iter=6 vars=16 constraints=96 max_d=-1.49825
[QP WORST] iter=6 row=0 type=collision d=-1.49825
[QP WORST COLLISION] scenario=2 k=1 obstacle=0 disc=0
[SQP] after_solve iter=6 converged=1 status=0 iterations=2 primal_residual=4.31296e-16 dual_residual=3.38443e-06 x_size=16 x_finite=1
[SQP LINESEARCH] iter=6 current_violation=0 accepted_violation=0 accepted=1 alpha=1 delta_u_norm=0.118131
[SQP SUPPORT] iter=6 support_size=0 support_limit=-1 support_ok=1
[SQP] before_solve iter=7 vars=16 constraints=96 max_d=-1.49827
[QP WORST] iter=7 row=0 type=collision d=-1.49827
[QP WORST COLLISION] scenario=2 k=1 obstacle=0 disc=0
[SQP] after_solve iter=7 converged=1 status=0 iterations=2 primal_residual=4.43818e-16 dual_residual=2.62365e-06 x_size=16 x_finite=1
[SQP LINESEARCH] iter=7 current_violation=0 accepted_violation=0 accepted=1 alpha=1 delta_u_norm=0.111588
[SQP SUPPORT] iter=7 support_size=0 support_limit=-1 support_ok=1
[SQP] before_solve iter=8 vars=16 constraints=96 max_d=-1.49825
[QP WORST] iter=8 row=0 type=collision d=-1.49825
[QP WORST COLLISION] scenario=2 k=1 obstacle=0 disc=0
[SQP] after_solve iter=8 converged=1 status=0 iterations=2 primal_residual=4.39048e-16 dual_residual=2.46603e-06 x_size=16 x_finite=1
[SQP LINESEARCH] iter=8 current_violation=0 accepted_violation=0 accepted=1 alpha=1 delta_u_norm=0.105588
[SQP SUPPORT] iter=8 support_size=0 support_limit=-1 support_ok=1
[SQP] before_solve iter=9 vars=16 constraints=96 max_d=-1.49827
[QP WORST] iter=9 row=0 type=collision d=-1.49827
[QP WORST COLLISION] scenario=2 k=1 obstacle=0 disc=0
[SQP] after_solve iter=9 converged=1 status=0 iterations=2 primal_residual=4.4062e-16 dual_residual=2.03353e-06 x_size=16 x_finite=1
[SQP LINESEARCH] iter=9 current_violation=0 accepted_violation=0 accepted=1 alpha=1 delta_u_norm=0.100048
[SQP SUPPORT] iter=9 support_size=0 support_limit=-1 support_ok=1
[SQP FINAL] final_violation=0 violated_constraints=0
[SUPPORT FINAL] sqp_union=0 final_active=0 support_limit=-1
[SUPPORT FINAL IDS]
[SUPPORT UNION IDS]
[COLD START RECOVERY CHECK] ordinary_sqp_failed=0 seed_available=1 incompatible=0 try_homotopy=0
[HARNESS RESULT] step=51 success=1 controls=8 first_input_present=1
[MPC STEP METRICS] step=51 applied=1 success=1 fallback=0 a=-0.000279585 omega=0.0267416 dt=0.1 acceleration_weight=0.1 steering_weight=0.1 control_cost_unweighted=0.000715191 control_cost_weighted=7.15191e-05 mpc_cost=-17.5855 solve_time=0.0390719 qp_solve_time=0.0263222 constraint_time=0.00688359 dro_risk_time=0.000407944 ambiguity_radius=0.00412667 certificate=not_requested
[EVAL SAFETY] step=52 min_center_distance=2.45283 min_clearance=1.50283 collision_this_step=0 collision_run=0 collision_radius=0.95
[DRO SUMMARY] step=53 obstacle=0 S=40 rho=0.00406762 rho_raw=0.00406762 D_max=0.0256781 D_min=0.0128703 tv_bound=0.316047 eta=0.158408 eta_raw=0.158408 radius_m=53 radius_d=3 transport_cost=0 budget_usage=0 lambda=0 q_support=3 nominal_risk=0 qstar_risk=0 risk_lift=0 tv=0
[DRO MODE] step=53 obstacle=0 mode=constant_velocity p=0.376147 risk=0 q=0.376147 delta_q=0 q_times_S=15.0459
[DRO MODE] step=53 obstacle=0 mode=turn_left p=0.266055 risk=0 q=0.266055 delta_q=0 q_times_S=10.6422
[DRO MODE] step=53 obstacle=0 mode=turn_right p=0.357798 risk=0 q=0.357798 delta_q=0 q_times_S=14.3119
[DRO SAMPLE] step=53 obstacle=0 mode=constant_velocity q=0.376147 q_times_S=15.0459 first_count=14 first_fraction=0.35 occupancy=112 occupancy_fraction=0.35
[DRO SAMPLE] step=53 obstacle=0 mode=turn_left q=0.266055 q_times_S=10.6422 first_count=8 first_fraction=0.2 occupancy=64 occupancy_fraction=0.2
[DRO SAMPLE] step=53 obstacle=0 mode=turn_right q=0.357798 q_times_S=14.3119 first_count=18 first_fraction=0.45 occupancy=144 occupancy_fraction=0.45
[RF BACKUP] available=1 controls=8 states=9
[FREE POLY] k=1 disc=0 raw=40 facets=3 vertices=6 rho=4.8 anchor_shift=0
[FREE POLY] k=1 disc=1 raw=40 facets=0 vertices=4 rho=0.800001 anchor_shift=0
[FREE POLY] k=1 disc=2 raw=40 facets=0 vertices=4 rho=4.8 anchor_shift=0
[FREE POLY] k=2 disc=0 raw=40 facets=2 vertices=5 rho=5.6 anchor_shift=0
[FREE POLY] k=2 disc=1 raw=40 facets=0 vertices=4 rho=1.6 anchor_shift=0
[FREE POLY] k=2 disc=2 raw=40 facets=1 vertices=5 rho=5.6 anchor_shift=0
[FREE POLY] k=3 disc=0 raw=40 facets=3 vertices=6 rho=6.4 anchor_shift=0
[FREE POLY] k=3 disc=1 raw=40 facets=0 vertices=4 rho=2.4 anchor_shift=0
[FREE POLY] k=3 disc=2 raw=40 facets=1 vertices=5 rho=6.4 anchor_shift=0
[FREE POLY] k=4 disc=0 raw=40 facets=4 vertices=7 rho=7.2 anchor_shift=0
[FREE POLY] k=4 disc=1 raw=40 facets=0 vertices=4 rho=3.2 anchor_shift=0
[FREE POLY] k=4 disc=2 raw=40 facets=2 vertices=5 rho=7.2 anchor_shift=0
[FREE POLY] k=5 disc=0 raw=40 facets=5 vertices=8 rho=8 anchor_shift=0
[FREE POLY] k=5 disc=1 raw=40 facets=1 vertices=5 rho=4 anchor_shift=0
[FREE POLY] k=5 disc=2 raw=40 facets=3 vertices=6 rho=8 anchor_shift=0
[FREE POLY] k=6 disc=0 raw=40 facets=5 vertices=8 rho=8.8 anchor_shift=0
[FREE POLY] k=6 disc=1 raw=40 facets=2 vertices=6 rho=4.8 anchor_shift=0
[FREE POLY] k=6 disc=2 raw=40 facets=5 vertices=8 rho=8.8 anchor_shift=0
[FREE POLY] k=7 disc=0 raw=40 facets=6 vertices=9 rho=9.6 anchor_shift=0
[FREE POLY] k=7 disc=1 raw=40 facets=5 vertices=8 rho=5.6 anchor_shift=0
[FREE POLY] k=7 disc=2 raw=40 facets=5 vertices=8 rho=9.6 anchor_shift=0
[FREE POLY] k=8 disc=0 raw=40 facets=7 vertices=10 rho=10.4 anchor_shift=0
[FREE POLY] k=8 disc=1 raw=40 facets=6 vertices=9 rho=6.4 anchor_shift=0
[FREE POLY] k=8 disc=2 raw=40 facets=7 vertices=10 rho=10.4 anchor_shift=0
[RF SUPPORT SEED] removed=0 support_limit=-1
[SQP] before_solve iter=0 vars=16 constraints=105 max_d=-1.67023
[QP WORST] iter=0 row=0 type=collision d=-1.67023
[QP WORST COLLISION] scenario=5 k=1 obstacle=0 disc=0
[SQP] after_solve iter=0 converged=1 status=0 iterations=2 primal_residual=4.33681e-16 dual_residual=1.089e-05 x_size=16 x_finite=1
[SQP LINESEARCH] iter=0 current_violation=0 accepted_violation=0 accepted=1 alpha=1 delta_u_norm=0.228179
[SQP SUPPORT] iter=0 support_size=0 support_limit=-1 support_ok=1
[SQP] before_solve iter=1 vars=16 constraints=105 max_d=-1.6706
[QP WORST] iter=1 row=0 type=collision d=-1.6706
[QP WORST COLLISION] scenario=5 k=1 obstacle=0 disc=0
[SQP] after_solve iter=1 converged=1 status=0 iterations=2 primal_residual=4.44089e-16 dual_residual=6.2249e-06 x_size=16 x_finite=1
[SQP LINESEARCH] iter=1 current_violation=0 accepted_violation=0 accepted=1 alpha=1 delta_u_norm=0.169806
[SQP SUPPORT] iter=1 support_size=0 support_limit=-1 support_ok=1
[SQP] before_solve iter=2 vars=16 constraints=105 max_d=-1.67049
[QP WORST] iter=2 row=0 type=collision d=-1.67049
[QP WORST COLLISION] scenario=5 k=1 obstacle=0 disc=0
[SQP] after_solve iter=2 converged=1 status=0 iterations=2 primal_residual=4.37367e-16 dual_residual=6.66787e-06 x_size=16 x_finite=1
[SQP LINESEARCH] iter=2 current_violation=0 accepted_violation=0 accepted=1 alpha=1 delta_u_norm=0.153437
[SQP SUPPORT] iter=2 support_size=0 support_limit=-1 support_ok=1
[SQP] before_solve iter=3 vars=16 constraints=105 max_d=-1.67051
[QP WORST] iter=3 row=0 type=collision d=-1.67051
[QP WORST COLLISION] scenario=5 k=1 obstacle=0 disc=0
[SQP] after_solve iter=3 converged=1 status=0 iterations=2 primal_residual=4.44198e-16 dual_residual=4.07286e-06 x_size=16 x_finite=1
[SQP LINESEARCH] iter=3 current_violation=0 accepted_violation=0 accepted=1 alpha=1 delta_u_norm=0.142529
[SQP SUPPORT] iter=3 support_size=0 support_limit=-1 support_ok=1
[SQP] before_solve iter=4 vars=16 constraints=105 max_d=-1.67042
[QP WORST] iter=4 row=0 type=collision d=-1.67042
[QP WORST COLLISION] scenario=5 k=1 obstacle=0 disc=0
[SQP] after_solve iter=4 converged=1 status=0 iterations=2 primal_residual=4.38885e-16 dual_residual=4.42681e-06 x_size=16 x_finite=1
[SQP LINESEARCH] iter=4 current_violation=0 accepted_violation=0 accepted=1 alpha=1 delta_u_norm=0.133373
[SQP SUPPORT] iter=4 support_size=0 support_limit=-1 support_ok=1
[SQP] before_solve iter=5 vars=16 constraints=105 max_d=-1.67043
[QP WORST] iter=5 row=0 type=collision d=-1.67043
[QP WORST COLLISION] scenario=5 k=1 obstacle=0 disc=0
[SQP] after_solve iter=5 converged=1 status=0 iterations=2 primal_residual=4.33342e-16 dual_residual=3.15202e-06 x_size=16 x_finite=1
[SQP LINESEARCH] iter=5 current_violation=0 accepted_violation=0 accepted=1 alpha=1 delta_u_norm=0.125333
[SQP SUPPORT] iter=5 support_size=0 support_limit=-1 support_ok=1
[SQP] before_solve iter=6 vars=16 constraints=105 max_d=-1.67039
[QP WORST] iter=6 row=0 type=collision d=-1.67039
[QP WORST COLLISION] scenario=5 k=1 obstacle=0 disc=0
[SQP] after_solve iter=6 converged=1 status=0 iterations=2 primal_residual=4.38763e-16 dual_residual=3.10811e-06 x_size=16 x_finite=1
[SQP LINESEARCH] iter=6 current_violation=0 accepted_violation=0 accepted=1 alpha=1 delta_u_norm=0.118129
[SQP SUPPORT] iter=6 support_size=0 support_limit=-1 support_ok=1
[SQP] before_solve iter=7 vars=16 constraints=105 max_d=-1.67039
[QP WORST] iter=7 row=0 type=collision d=-1.67039
[QP WORST COLLISION] scenario=5 k=1 obstacle=0 disc=0
[SQP] after_solve iter=7 converged=1 status=0 iterations=2 primal_residual=4.16334e-16 dual_residual=2.43812e-06 x_size=16 x_finite=1
[SQP LINESEARCH] iter=7 current_violation=0 accepted_violation=0 accepted=1 alpha=1 delta_u_norm=0.111586
[SQP SUPPORT] iter=7 support_size=0 support_limit=-1 support_ok=1
[SQP] before_solve iter=8 vars=16 constraints=105 max_d=-1.67038
[QP WORST] iter=8 row=0 type=collision d=-1.67038
[QP WORST COLLISION] scenario=5 k=1 obstacle=0 disc=0
[SQP] after_solve iter=8 converged=1 status=0 iterations=2 primal_residual=4.40999e-16 dual_residual=2.28514e-06 x_size=16 x_finite=1
[SQP LINESEARCH] iter=8 current_violation=0 accepted_violation=0 accepted=1 alpha=1 delta_u_norm=0.105587
[SQP SUPPORT] iter=8 support_size=0 support_limit=-1 support_ok=1
[SQP] before_solve iter=9 vars=16 constraints=105 max_d=-1.6704
[QP WORST] iter=9 row=0 type=collision d=-1.6704
[QP WORST COLLISION] scenario=5 k=1 obstacle=0 disc=0
[SQP] after_solve iter=9 converged=1 status=0 iterations=2 primal_residual=4.43764e-16 dual_residual=1.90013e-06 x_size=16 x_finite=1
[SQP LINESEARCH] iter=9 current_violation=0 accepted_violation=0 accepted=1 alpha=1 delta_u_norm=0.100047
[SQP SUPPORT] iter=9 support_size=0 support_limit=-1 support_ok=1
[SQP FINAL] final_violation=0 violated_constraints=0
[SUPPORT FINAL] sqp_union=0 final_active=0 support_limit=-1
[SUPPORT FINAL IDS]
[SUPPORT UNION IDS]
[COLD START RECOVERY CHECK] ordinary_sqp_failed=0 seed_available=1 incompatible=0 try_homotopy=0
[HARNESS RESULT] step=52 success=1 controls=8 first_input_present=1
[MPC STEP METRICS] step=52 applied=1 success=1 fallback=0 a=-0.000203435 omega=0.0227654 dt=0.1 acceleration_weight=0.1 steering_weight=0.1 control_cost_unweighted=0.000518304 control_cost_weighted=5.18304e-05 mpc_cost=-17.5864 solve_time=0.0351435 qp_solve_time=0.0207696 constraint_time=0.00696953 dro_risk_time=0.000604391 ambiguity_radius=0.00406762 certificate=not_requested
[EVAL SAFETY] step=53 min_center_distance=2.62835 min_clearance=1.67835 collision_this_step=0 collision_run=0 collision_radius=0.95
[DRO SUMMARY] step=54 obstacle=0 S=40 rho=0.00401003 rho_raw=0.00401003 D_max=0.0256781 D_min=0.0128703 tv_bound=0.311573 eta=0.156165 eta_raw=0.156165 radius_m=54 radius_d=3 transport_cost=0 budget_usage=0 lambda=0 q_support=3 nominal_risk=0 qstar_risk=0 risk_lift=0 tv=0
[DRO MODE] step=54 obstacle=0 mode=constant_velocity p=0.387387 risk=0 q=0.387387 delta_q=0 q_times_S=15.4955
[DRO MODE] step=54 obstacle=0 mode=turn_left p=0.261261 risk=0 q=0.261261 delta_q=0 q_times_S=10.4505
[DRO MODE] step=54 obstacle=0 mode=turn_right p=0.351351 risk=0 q=0.351351 delta_q=0 q_times_S=14.0541
[DRO SAMPLE] step=54 obstacle=0 mode=constant_velocity q=0.387387 q_times_S=15.4955 first_count=14 first_fraction=0.35 occupancy=112 occupancy_fraction=0.35
[DRO SAMPLE] step=54 obstacle=0 mode=turn_left q=0.261261 q_times_S=10.4505 first_count=9 first_fraction=0.225 occupancy=72 occupancy_fraction=0.225
[DRO SAMPLE] step=54 obstacle=0 mode=turn_right q=0.351351 q_times_S=14.0541 first_count=17 first_fraction=0.425 occupancy=136 occupancy_fraction=0.425
[RF BACKUP] available=1 controls=8 states=9
[FREE POLY] k=1 disc=0 raw=40 facets=4 vertices=7 rho=4.8 anchor_shift=0
[FREE POLY] k=1 disc=1 raw=40 facets=0 vertices=4 rho=0.800001 anchor_shift=0
[FREE POLY] k=1 disc=2 raw=40 facets=0 vertices=4 rho=4.8 anchor_shift=0
[FREE POLY] k=2 disc=0 raw=40 facets=4 vertices=7 rho=5.6 anchor_shift=0
[FREE POLY] k=2 disc=1 raw=40 facets=0 vertices=4 rho=1.6 anchor_shift=0
[FREE POLY] k=2 disc=2 raw=40 facets=1 vertices=5 rho=5.6 anchor_shift=0
[FREE POLY] k=3 disc=0 raw=40 facets=4 vertices=7 rho=6.4 anchor_shift=0
[FREE POLY] k=3 disc=1 raw=40 facets=0 vertices=4 rho=2.4 anchor_shift=0
[FREE POLY] k=3 disc=2 raw=40 facets=4 vertices=8 rho=6.4 anchor_shift=0
[FREE POLY] k=4 disc=0 raw=40 facets=4 vertices=7 rho=7.2 anchor_shift=0
[FREE POLY] k=4 disc=1 raw=40 facets=0 vertices=4 rho=3.2 anchor_shift=0
[FREE POLY] k=4 disc=2 raw=40 facets=4 vertices=7 rho=7.2 anchor_shift=0
[FREE POLY] k=5 disc=0 raw=40 facets=4 vertices=7 rho=8 anchor_shift=0
[FREE POLY] k=5 disc=1 raw=40 facets=0 vertices=4 rho=4 anchor_shift=0
[FREE POLY] k=5 disc=2 raw=40 facets=4 vertices=7 rho=8 anchor_shift=0
[FREE POLY] k=6 disc=0 raw=40 facets=4 vertices=7 rho=8.8 anchor_shift=0
[FREE POLY] k=6 disc=1 raw=40 facets=3 vertices=7 rho=4.8 anchor_shift=0
[FREE POLY] k=6 disc=2 raw=40 facets=4 vertices=7 rho=8.8 anchor_shift=0
[FREE POLY] k=7 disc=0 raw=40 facets=5 vertices=8 rho=9.6 anchor_shift=0
[FREE POLY] k=7 disc=1 raw=40 facets=4 vertices=7 rho=5.6 anchor_shift=0
[FREE POLY] k=7 disc=2 raw=40 facets=4 vertices=7 rho=9.6 anchor_shift=0
[FREE POLY] k=8 disc=0 raw=40 facets=6 vertices=9 rho=10.4 anchor_shift=0
[FREE POLY] k=8 disc=1 raw=40 facets=5 vertices=8 rho=6.4 anchor_shift=0
[FREE POLY] k=8 disc=2 raw=40 facets=5 vertices=8 rho=10.4 anchor_shift=0
[RF SUPPORT SEED] removed=0 support_limit=-1
[SQP] before_solve iter=0 vars=16 constraints=105 max_d=-1.85099
[QP WORST] iter=0 row=1 type=collision d=-1.85099
[QP WORST COLLISION] scenario=27 k=1 obstacle=0 disc=0
[SQP] after_solve iter=0 converged=1 status=0 iterations=2 primal_residual=4.44089e-16 dual_residual=9.74416e-06 x_size=16 x_finite=1
[SQP LINESEARCH] iter=0 current_violation=0 accepted_violation=0 accepted=1 alpha=1 delta_u_norm=0.228149
[SQP SUPPORT] iter=0 support_size=0 support_limit=-1 support_ok=1
[SQP] before_solve iter=1 vars=16 constraints=105 max_d=-1.83864
[QP WORST] iter=1 row=96 type=velocity d=-1.83864
[SQP] after_solve iter=1 converged=1 status=0 iterations=2 primal_residual=4.43059e-16 dual_residual=5.69593e-06 x_size=16 x_finite=1
[SQP LINESEARCH] iter=1 current_violation=0 accepted_violation=0 accepted=1 alpha=1 delta_u_norm=0.169787
[SQP SUPPORT] iter=1 support_size=0 support_limit=-1 support_ok=1
[SQP] before_solve iter=2 vars=16 constraints=105 max_d=-1.83791
[QP WORST] iter=2 row=96 type=velocity d=-1.83791
[SQP] after_solve iter=2 converged=1 status=0 iterations=2 primal_residual=4.39861e-16 dual_residual=6.02732e-06 x_size=16 x_finite=1
[SQP LINESEARCH] iter=2 current_violation=0 accepted_violation=0 accepted=1 alpha=1 delta_u_norm=0.153427
[SQP SUPPORT] iter=2 support_size=0 support_limit=-1 support_ok=1
[SQP] before_solve iter=3 vars=16 constraints=105 max_d=-1.84085
[QP WORST] iter=3 row=96 type=velocity d=-1.84085
[SQP] after_solve iter=3 converged=1 status=0 iterations=2 primal_residual=4.36391e-16 dual_residual=3.77942e-06 x_size=16 x_finite=1
[SQP LINESEARCH] iter=3 current_violation=0 accepted_violation=0 accepted=1 alpha=1 delta_u_norm=0.142524
[SQP SUPPORT] iter=3 support_size=0 support_limit=-1 support_ok=1
[SQP] before_solve iter=4 vars=16 constraints=105 max_d=-1.84424
[QP WORST] iter=4 row=96 type=velocity d=-1.84424
[SQP] after_solve iter=4 converged=1 status=0 iterations=2 primal_residual=4.35632e-16 dual_residual=4.05e-06 x_size=16 x_finite=1
[SQP LINESEARCH] iter=4 current_violation=0 accepted_violation=0 accepted=1 alpha=1 delta_u_norm=0.13337
[SQP SUPPORT] iter=4 support_size=0 support_limit=-1 support_ok=1
[SQP] before_solve iter=5 vars=16 constraints=105 max_d=-1.84734
[QP WORST] iter=5 row=96 type=velocity d=-1.84734
[SQP] after_solve iter=5 converged=1 status=0 iterations=2 primal_residual=4.37747e-16 dual_residual=2.93447e-06 x_size=16 x_finite=1
[SQP LINESEARCH] iter=5 current_violation=0 accepted_violation=0 accepted=1 alpha=1 delta_u_norm=0.125331
[SQP SUPPORT] iter=5 support_size=0 support_limit=-1 support_ok=1
[SQP] before_solve iter=6 vars=16 constraints=105 max_d=-1.85006
[QP WORST] iter=6 row=96 type=velocity d=-1.85006
[SQP] after_solve iter=6 converged=1 status=0 iterations=2 primal_residual=4.38018e-16 dual_residual=2.87302e-06 x_size=16 x_finite=1
[SQP LINESEARCH] iter=6 current_violation=0 accepted_violation=0 accepted=1 alpha=1 delta_u_norm=0.118127
[SQP SUPPORT] iter=6 support_size=0 support_limit=-1 support_ok=1
[SQP] before_solve iter=7 vars=16 constraints=105 max_d=-1.8511
[QP WORST] iter=7 row=1 type=collision d=-1.8511
[QP WORST COLLISION] scenario=27 k=1 obstacle=0 disc=0
[SQP] after_solve iter=7 converged=1 status=0 iterations=2 primal_residual=4.42897e-16 dual_residual=2.28022e-06 x_size=16 x_finite=1
[SQP LINESEARCH] iter=7 current_violation=0 accepted_violation=0 accepted=1 alpha=1 delta_u_norm=0.111585
[SQP SUPPORT] iter=7 support_size=0 support_limit=-1 support_ok=1
[SQP] before_solve iter=8 vars=16 constraints=105 max_d=-1.85109
[QP WORST] iter=8 row=1 type=collision d=-1.85109
[QP WORST COLLISION] scenario=27 k=1 obstacle=0 disc=0
[SQP] after_solve iter=8 converged=1 status=0 iterations=2 primal_residual=4.43493e-16 dual_residual=2.1315e-06 x_size=16 x_finite=1
[SQP LINESEARCH] iter=8 current_violation=0 accepted_violation=0 accepted=1 alpha=1 delta_u_norm=0.105586
[SQP SUPPORT] iter=8 support_size=0 support_limit=-1 support_ok=1
[SQP] before_solve iter=9 vars=16 constraints=105 max_d=-1.8511
[QP WORST] iter=9 row=1 type=collision d=-1.8511
[QP WORST COLLISION] scenario=27 k=1 obstacle=0 disc=0
[SQP] after_solve iter=9 converged=1 status=0 iterations=2 primal_residual=4.12305e-16 dual_residual=1.78688e-06 x_size=16 x_finite=1
[SQP LINESEARCH] iter=9 current_violation=0 accepted_violation=0 accepted=1 alpha=1 delta_u_norm=0.100046
[SQP SUPPORT] iter=9 support_size=0 support_limit=-1 support_ok=1
[SQP FINAL] final_violation=0 violated_constraints=0
[SUPPORT FINAL] sqp_union=0 final_active=0 support_limit=-1
[SUPPORT FINAL IDS]
[SUPPORT UNION IDS]
[COLD START RECOVERY CHECK] ordinary_sqp_failed=0 seed_available=1 incompatible=0 try_homotopy=0
[HARNESS RESULT] step=53 success=1 controls=8 first_input_present=1
[MPC STEP METRICS] step=53 applied=1 success=1 fallback=0 a=-0.000147402 omega=0.0193964 dt=0.1 acceleration_weight=0.1 steering_weight=0.1 control_cost_unweighted=0.000376244 control_cost_weighted=3.76244e-05 mpc_cost=-17.587 solve_time=0.0328969 qp_solve_time=0.0202615 constraint_time=0.00697367 dro_risk_time=0.000404888 ambiguity_radius=0.00401003 certificate=not_requested
[EVAL SAFETY] step=54 min_center_distance=2.8052 min_clearance=1.8552 collision_this_step=0 collision_run=0 collision_radius=0.95
[DRO SUMMARY] step=55 obstacle=0 S=40 rho=0.00398748 rho_raw=0.00398748 D_max=0.0256781 D_min=0.0128703 tv_bound=0.309821 eta=0.155287 eta_raw=0.155287 radius_m=55 radius_d=3 transport_cost=0 budget_usage=0 lambda=0 q_support=3 nominal_risk=0 qstar_risk=0 risk_lift=0 tv=0
[DRO MODE] step=55 obstacle=0 mode=constant_velocity p=0.380531 risk=0 q=0.380531 delta_q=0 q_times_S=15.2212
[DRO MODE] step=55 obstacle=0 mode=turn_left p=0.256637 risk=0 q=0.256637 delta_q=0 q_times_S=10.2655
[DRO MODE] step=55 obstacle=0 mode=turn_right p=0.362832 risk=0 q=0.362832 delta_q=0 q_times_S=14.5133
[DRO SAMPLE] step=55 obstacle=0 mode=constant_velocity q=0.380531 q_times_S=15.2212 first_count=14 first_fraction=0.35 occupancy=112 occupancy_fraction=0.35
[DRO SAMPLE] step=55 obstacle=0 mode=turn_left q=0.256637 q_times_S=10.2655 first_count=11 first_fraction=0.275 occupancy=88 occupancy_fraction=0.275
[DRO SAMPLE] step=55 obstacle=0 mode=turn_right q=0.362832 q_times_S=14.5133 first_count=15 first_fraction=0.375 occupancy=120 occupancy_fraction=0.375
[RF BACKUP] available=1 controls=8 states=9
[FREE POLY] k=1 disc=0 raw=40 facets=3 vertices=6 rho=4.8 anchor_shift=0
[FREE POLY] k=1 disc=1 raw=40 facets=0 vertices=4 rho=0.800001 anchor_shift=0
[FREE POLY] k=1 disc=2 raw=40 facets=0 vertices=4 rho=4.8 anchor_shift=0
[FREE POLY] k=2 disc=0 raw=40 facets=3 vertices=6 rho=5.6 anchor_shift=0
[FREE POLY] k=2 disc=1 raw=40 facets=0 vertices=4 rho=1.6 anchor_shift=0
[FREE POLY] k=2 disc=2 raw=40 facets=0 vertices=4 rho=5.6 anchor_shift=0
[FREE POLY] k=3 disc=0 raw=40 facets=3 vertices=6 rho=6.4 anchor_shift=0
[FREE POLY] k=3 disc=1 raw=40 facets=0 vertices=4 rho=2.4 anchor_shift=0
[FREE POLY] k=3 disc=2 raw=40 facets=2 vertices=6 rho=6.4 anchor_shift=0
[FREE POLY] k=4 disc=0 raw=40 facets=4 vertices=7 rho=7.2 anchor_shift=0
[FREE POLY] k=4 disc=1 raw=40 facets=0 vertices=4 rho=3.2 anchor_shift=0
[FREE POLY] k=4 disc=2 raw=40 facets=2 vertices=5 rho=7.2 anchor_shift=0
[FREE POLY] k=5 disc=0 raw=40 facets=4 vertices=7 rho=8 anchor_shift=0
[FREE POLY] k=5 disc=1 raw=40 facets=0 vertices=4 rho=4 anchor_shift=0
[FREE POLY] k=5 disc=2 raw=40 facets=3 vertices=6 rho=8 anchor_shift=0
[FREE POLY] k=6 disc=0 raw=40 facets=4 vertices=7 rho=8.8 anchor_shift=0
[FREE POLY] k=6 disc=1 raw=40 facets=2 vertices=6 rho=4.8 anchor_shift=0
[FREE POLY] k=6 disc=2 raw=40 facets=3 vertices=6 rho=8.8 anchor_shift=0
[FREE POLY] k=7 disc=0 raw=40 facets=4 vertices=7 rho=9.6 anchor_shift=0
[FREE POLY] k=7 disc=1 raw=40 facets=3 vertices=6 rho=5.6 anchor_shift=0
[FREE POLY] k=7 disc=2 raw=40 facets=3 vertices=6 rho=9.6 anchor_shift=0
[FREE POLY] k=8 disc=0 raw=40 facets=4 vertices=7 rho=10.4 anchor_shift=0
[FREE POLY] k=8 disc=1 raw=40 facets=3 vertices=6 rho=6.4 anchor_shift=0
[FREE POLY] k=8 disc=2 raw=40 facets=3 vertices=6 rho=10.4 anchor_shift=0
[RF SUPPORT SEED] removed=0 support_limit=-1
[SQP] before_solve iter=0 vars=16 constraints=85 max_d=-1.85596
[QP WORST] iter=0 row=76 type=velocity d=-1.85596
[SQP] after_solve iter=0 converged=1 status=0 iterations=2 primal_residual=4.30211e-16 dual_residual=8.80111e-06 x_size=16 x_finite=1
[SQP LINESEARCH] iter=0 current_violation=0 accepted_violation=0 accepted=1 alpha=1 delta_u_norm=0.228128
[SQP SUPPORT] iter=0 support_size=0 support_limit=-1 support_ok=1
[SQP] before_solve iter=1 vars=16 constraints=85 max_d=-1.83865
[QP WORST] iter=1 row=76 type=velocity d=-1.83865
[SQP] after_solve iter=1 converged=1 status=0 iterations=2 primal_residual=4.28694e-16 dual_residual=5.24656e-06 x_size=16 x_finite=1
[SQP LINESEARCH] iter=1 current_violation=0 accepted_violation=0 accepted=1 alpha=1 delta_u_norm=0.169773
[SQP SUPPORT] iter=1 support_size=0 support_limit=-1 support_ok=1
[SQP] before_solve iter=2 vars=16 constraints=85 max_d=-1.83792
[QP WORST] iter=2 row=76 type=velocity d=-1.83792
[SQP] after_solve iter=2 converged=1 status=0 iterations=2 primal_residual=4.40945e-16 dual_residual=5.48139e-06 x_size=16 x_finite=1
[SQP LINESEARCH] iter=2 current_violation=0 accepted_violation=0 accepted=1 alpha=1 delta_u_norm=0.153419
[SQP SUPPORT] iter=2 support_size=0 support_limit=-1 support_ok=1
[SQP] before_solve iter=3 vars=16 constraints=85 max_d=-1.84085
[QP WORST] iter=3 row=76 type=velocity d=-1.84085
[SQP] after_solve iter=3 converged=1 status=0 iterations=2 primal_residual=4.26091e-16 dual_residual=3.52846e-06 x_size=16 x_finite=1
[SQP LINESEARCH] iter=3 current_violation=0 accepted_violation=0 accepted=1 alpha=1 delta_u_norm=0.142521
[SQP SUPPORT] iter=3 support_size=0 support_limit=-1 support_ok=1
[SQP] before_solve iter=4 vars=16 constraints=85 max_d=-1.84424
[QP WORST] iter=4 row=76 type=velocity d=-1.84424
[SQP] after_solve iter=4 converged=1 status=0 iterations=2 primal_residual=4.3238e-16 dual_residual=3.72762e-06 x_size=16 x_finite=1
[SQP LINESEARCH] iter=4 current_violation=0 accepted_violation=0 accepted=1 alpha=1 delta_u_norm=0.133368
[SQP SUPPORT] iter=4 support_size=0 support_limit=-1 support_ok=1
[SQP] before_solve iter=5 vars=16 constraints=85 max_d=-1.84735
[QP WORST] iter=5 row=76 type=velocity d=-1.84735
[SQP] after_solve iter=5 converged=1 status=0 iterations=2 primal_residual=4.27379e-16 dual_residual=2.74827e-06 x_size=16 x_finite=1
[SQP LINESEARCH] iter=5 current_violation=0 accepted_violation=0 accepted=1 alpha=1 delta_u_norm=0.12533
[SQP SUPPORT] iter=5 support_size=0 support_limit=-1 support_ok=1
[SQP] before_solve iter=6 vars=16 constraints=85 max_d=-1.85006
[QP WORST] iter=6 row=76 type=velocity d=-1.85006
[SQP] after_solve iter=6 converged=1 status=0 iterations=2 primal_residual=4.4062e-16 dual_residual=2.67188e-06 x_size=16 x_finite=1
[SQP LINESEARCH] iter=6 current_violation=0 accepted_violation=0 accepted=1 alpha=1 delta_u_norm=0.118126
[SQP SUPPORT] iter=6 support_size=0 support_limit=-1 support_ok=1
[SQP] before_solve iter=7 vars=16 constraints=85 max_d=-1.85244
[QP WORST] iter=7 row=76 type=velocity d=-1.85244
[SQP] after_solve iter=7 converged=1 status=0 iterations=2 primal_residual=4.40728e-16 dual_residual=2.14515e-06 x_size=16 x_finite=1
[SQP LINESEARCH] iter=7 current_violation=0 accepted_violation=0 accepted=1 alpha=1 delta_u_norm=0.111584
[SQP SUPPORT] iter=7 support_size=0 support_limit=-1 support_ok=1
[SQP] before_solve iter=8 vars=16 constraints=85 max_d=-1.85452
[QP WORST] iter=8 row=76 type=velocity d=-1.85452
[SQP] after_solve iter=8 converged=1 status=0 iterations=2 primal_residual=4.44089e-16 dual_residual=2.00008e-06 x_size=16 x_finite=1
[SQP LINESEARCH] iter=8 current_violation=0 accepted_violation=0 accepted=1 alpha=1 delta_u_norm=0.105585
[SQP SUPPORT] iter=8 support_size=0 support_limit=-1 support_ok=1
[SQP] before_solve iter=9 vars=16 constraints=85 max_d=-1.85562
[QP WORST] iter=9 row=78 type=velocity d=-1.85562
[SQP] after_solve iter=9 converged=1 status=0 iterations=2 primal_residual=4.30211e-16 dual_residual=1.69003e-06 x_size=16 x_finite=1
[SQP LINESEARCH] iter=9 current_violation=0 accepted_violation=0 accepted=1 alpha=1 delta_u_norm=0.100046
[SQP SUPPORT] iter=9 support_size=0 support_limit=-1 support_ok=1
[SQP FINAL] final_violation=0 violated_constraints=0
[SUPPORT FINAL] sqp_union=0 final_active=0 support_limit=-1
[SUPPORT FINAL IDS]
[SUPPORT UNION IDS]
[COLD START RECOVERY CHECK] ordinary_sqp_failed=0 seed_available=1 incompatible=0 try_homotopy=0
[HARNESS RESULT] step=54 success=1 controls=8 first_input_present=1
[MPC STEP METRICS] step=54 applied=1 success=1 fallback=0 a=-0.000107108 omega=0.0165243 dt=0.1 acceleration_weight=0.1 steering_weight=0.1 control_cost_unweighted=0.000273064 control_cost_weighted=2.73064e-05 mpc_cost=-17.5874 solve_time=0.0311018 qp_solve_time=0.0189882 constraint_time=0.00647885 dro_risk_time=0.000407333 ambiguity_radius=0.00398748 certificate=not_requested
[EVAL SAFETY] step=55 min_center_distance=2.98344 min_clearance=2.03344 collision_this_step=0 collision_run=0 collision_radius=0.95
[DRO SUMMARY] step=56 obstacle=0 S=40 rho=0.00396356 rho_raw=0.00396356 D_max=0.0256781 D_min=0.0128703 tv_bound=0.307962 eta=0.154355 eta_raw=0.154355 radius_m=56 radius_d=3 transport_cost=0 budget_usage=0 lambda=0 q_support=3 nominal_risk=0 qstar_risk=0 risk_lift=0 tv=0
[DRO MODE] step=56 obstacle=0 mode=constant_velocity p=0.373913 risk=0 q=0.373913 delta_q=0 q_times_S=14.9565
[DRO MODE] step=56 obstacle=0 mode=turn_left p=0.252174 risk=0 q=0.252174 delta_q=0 q_times_S=10.087
[DRO MODE] step=56 obstacle=0 mode=turn_right p=0.373913 risk=0 q=0.373913 delta_q=0 q_times_S=14.9565
[DRO SAMPLE] step=56 obstacle=0 mode=constant_velocity q=0.373913 q_times_S=14.9565 first_count=15 first_fraction=0.375 occupancy=120 occupancy_fraction=0.375
[DRO SAMPLE] step=56 obstacle=0 mode=turn_left q=0.252174 q_times_S=10.087 first_count=11 first_fraction=0.275 occupancy=88 occupancy_fraction=0.275
[DRO SAMPLE] step=56 obstacle=0 mode=turn_right q=0.373913 q_times_S=14.9565 first_count=14 first_fraction=0.35 occupancy=112 occupancy_fraction=0.35
[RF BACKUP] available=1 controls=8 states=9
[FREE POLY] k=1 disc=0 raw=40 facets=3 vertices=6 rho=4.8 anchor_shift=0
[FREE POLY] k=1 disc=1 raw=40 facets=0 vertices=4 rho=0.800001 anchor_shift=0
[FREE POLY] k=1 disc=2 raw=40 facets=0 vertices=4 rho=4.8 anchor_shift=0
[FREE POLY] k=2 disc=0 raw=40 facets=3 vertices=6 rho=5.6 anchor_shift=0
[FREE POLY] k=2 disc=1 raw=40 facets=0 vertices=4 rho=1.6 anchor_shift=0
[FREE POLY] k=2 disc=2 raw=40 facets=0 vertices=4 rho=5.6 anchor_shift=0
[FREE POLY] k=3 disc=0 raw=40 facets=3 vertices=6 rho=6.4 anchor_shift=0
[FREE POLY] k=3 disc=1 raw=40 facets=0 vertices=4 rho=2.4 anchor_shift=0
[FREE POLY] k=3 disc=2 raw=40 facets=1 vertices=5 rho=6.4 anchor_shift=0
[FREE POLY] k=4 disc=0 raw=40 facets=3 vertices=6 rho=7.2 anchor_shift=0
[FREE POLY] k=4 disc=1 raw=40 facets=0 vertices=4 rho=3.2 anchor_shift=0
[FREE POLY] k=4 disc=2 raw=40 facets=3 vertices=7 rho=7.2 anchor_shift=0
[FREE POLY] k=5 disc=0 raw=40 facets=3 vertices=6 rho=8 anchor_shift=0
[FREE POLY] k=5 disc=1 raw=40 facets=0 vertices=4 rho=4 anchor_shift=0
[FREE POLY] k=5 disc=2 raw=40 facets=2 vertices=5 rho=8 anchor_shift=0
[FREE POLY] k=6 disc=0 raw=40 facets=4 vertices=7 rho=8.8 anchor_shift=0
[FREE POLY] k=6 disc=1 raw=40 facets=1 vertices=5 rho=4.8 anchor_shift=0
[FREE POLY] k=6 disc=2 raw=40 facets=4 vertices=7 rho=8.8 anchor_shift=0
[FREE POLY] k=7 disc=0 raw=40 facets=4 vertices=7 rho=9.6 anchor_shift=0
[FREE POLY] k=7 disc=1 raw=40 facets=4 vertices=8 rho=5.6 anchor_shift=0
[FREE POLY] k=7 disc=2 raw=40 facets=4 vertices=7 rho=9.6 anchor_shift=0
[FREE POLY] k=8 disc=0 raw=40 facets=5 vertices=8 rho=10.4 anchor_shift=0
[FREE POLY] k=8 disc=1 raw=40 facets=4 vertices=7 rho=6.4 anchor_shift=0
[FREE POLY] k=8 disc=2 raw=40 facets=4 vertices=7 rho=10.4 anchor_shift=0
[RF SUPPORT SEED] removed=0 support_limit=-1
[SQP] before_solve iter=0 vars=16 constraints=87 max_d=-1.85596
[QP WORST] iter=0 row=78 type=velocity d=-1.85596
[SQP] after_solve iter=0 converged=1 status=0 iterations=2 primal_residual=4.30211e-16 dual_residual=7.91674e-06 x_size=16 x_finite=1
[SQP LINESEARCH] iter=0 current_violation=0 accepted_violation=0 accepted=1 alpha=1 delta_u_norm=0.228113
[SQP SUPPORT] iter=0 support_size=0 support_limit=-1 support_ok=1
[SQP] before_solve iter=1 vars=16 constraints=87 max_d=-1.83865
[QP WORST] iter=1 row=78 type=velocity d=-1.83865
[SQP] after_solve iter=1 converged=1 status=0 iterations=2 primal_residual=4.4268e-16 dual_residual=4.83973e-06 x_size=16 x_finite=1
[SQP LINESEARCH] iter=1 current_violation=0 accepted_violation=0 accepted=1 alpha=1 delta_u_norm=0.169764
[SQP SUPPORT] iter=1 support_size=0 support_limit=-1 support_ok=1
[SQP] before_solve iter=2 vars=16 constraints=87 max_d=-1.83792
[QP WORST] iter=2 row=78 type=velocity d=-1.83792
[SQP] after_solve iter=2 converged=1 status=0 iterations=2 primal_residual=4.20454e-16 dual_residual=5.01129e-06 x_size=16 x_finite=1
[SQP LINESEARCH] iter=2 current_violation=0 accepted_violation=0 accepted=1 alpha=1 delta_u_norm=0.153414
[SQP SUPPORT] iter=2 support_size=0 support_limit=-1 support_ok=1
[SQP] before_solve iter=3 vars=16 constraints=87 max_d=-1.84086
[QP WORST] iter=3 row=78 type=velocity d=-1.84086
[SQP] after_solve iter=3 converged=1 status=0 iterations=2 primal_residual=4.3921e-16 dual_residual=3.31433e-06 x_size=16 x_finite=1
[SQP LINESEARCH] iter=3 current_violation=0 accepted_violation=0 accepted=1 alpha=1 delta_u_norm=0.142518
[SQP SUPPORT] iter=3 support_size=0 support_limit=-1 support_ok=1
[SQP] before_solve iter=4 vars=16 constraints=87 max_d=-1.84424
[QP WORST] iter=4 row=78 type=velocity d=-1.84424
[SQP] after_solve iter=4 converged=1 status=0 iterations=2 primal_residual=4.16334e-16 dual_residual=3.45265e-06 x_size=16 x_finite=1
[SQP LINESEARCH] iter=4 current_violation=0 accepted_violation=0 accepted=1 alpha=1 delta_u_norm=0.133366
[SQP SUPPORT] iter=4 support_size=0 support_limit=-1 support_ok=1
[SQP] before_solve iter=5 vars=16 constraints=87 max_d=-1.84735
[QP WORST] iter=5 row=78 type=velocity d=-1.84735
[SQP] after_solve iter=5 converged=1 status=0 iterations=2 primal_residual=4.42463e-16 dual_residual=2.58959e-06 x_size=16 x_finite=1
[SQP LINESEARCH] iter=5 current_violation=0 accepted_violation=0 accepted=1 alpha=1 delta_u_norm=0.125329
[SQP SUPPORT] iter=5 support_size=0 support_limit=-1 support_ok=1
[SQP] before_solve iter=6 vars=16 constraints=87 max_d=-1.85007
[QP WORST] iter=6 row=78 type=velocity d=-1.85007
[SQP] after_solve iter=6 converged=1 status=0 iterations=2 primal_residual=4.16984e-16 dual_residual=2.50006e-06 x_size=16 x_finite=1
[SQP LINESEARCH] iter=6 current_violation=0 accepted_violation=0 accepted=1 alpha=1 delta_u_norm=0.118126
[SQP SUPPORT] iter=6 support_size=0 support_limit=-1 support_ok=1
[SQP] before_solve iter=7 vars=16 constraints=87 max_d=-1.85244
[QP WORST] iter=7 row=78 type=velocity d=-1.85244
[SQP] after_solve iter=7 converged=1 status=0 iterations=2 primal_residual=4.26308e-16 dual_residual=2.02967e-06 x_size=16 x_finite=1
[SQP LINESEARCH] iter=7 current_violation=0 accepted_violation=0 accepted=1 alpha=1 delta_u_norm=0.111584
[SQP SUPPORT] iter=7 support_size=0 support_limit=-1 support_ok=1
[SQP] before_solve iter=8 vars=16 constraints=87 max_d=-1.85452
[QP WORST] iter=8 row=78 type=velocity d=-1.85452
[SQP] after_solve iter=8 converged=1 status=0 iterations=2 primal_residual=4.30211e-16 dual_residual=1.88757e-06 x_size=16 x_finite=1
[SQP LINESEARCH] iter=8 current_violation=0 accepted_violation=0 accepted=1 alpha=1 delta_u_norm=0.105585
[SQP SUPPORT] iter=8 support_size=0 support_limit=-1 support_ok=1
[SQP] before_solve iter=9 vars=16 constraints=87 max_d=-1.85562
[QP WORST] iter=9 row=80 type=velocity d=-1.85562
[SQP] after_solve iter=9 converged=1 status=0 iterations=2 primal_residual=4.31675e-16 dual_residual=1.60702e-06 x_size=16 x_finite=1
[SQP LINESEARCH] iter=9 current_violation=0 accepted_violation=0 accepted=1 alpha=1 delta_u_norm=0.100045
[SQP SUPPORT] iter=9 support_size=0 support_limit=-1 support_ok=1
[SQP FINAL] final_violation=0 violated_constraints=0
[SUPPORT FINAL] sqp_union=0 final_active=0 support_limit=-1
[SUPPORT FINAL IDS]
[SUPPORT UNION IDS]
[COLD START RECOVERY CHECK] ordinary_sqp_failed=0 seed_available=1 incompatible=0 try_homotopy=0
[HARNESS RESULT] step=55 success=1 controls=8 first_input_present=1
[MPC STEP METRICS] step=55 applied=1 success=1 fallback=0 a=-7.77365e-05 omega=0.0140781 dt=0.1 acceleration_weight=0.1 steering_weight=0.1 control_cost_unweighted=0.000198198 control_cost_weighted=1.98198e-05 mpc_cost=-17.5877 solve_time=0.0327089 qp_solve_time=0.0203652 constraint_time=0.00665392 dro_risk_time=0.000407373 ambiguity_radius=0.00396356 certificate=not_requested
[EVAL SAFETY] step=56 min_center_distance=3.16284 min_clearance=2.21284 collision_this_step=0 collision_run=0 collision_radius=0.95
[DRO SUMMARY] step=57 obstacle=0 S=40 rho=0.00393638 rho_raw=0.00393638 D_max=0.0256781 D_min=0.0128703 tv_bound=0.305851 eta=0.153297 eta_raw=0.153297 radius_m=57 radius_d=3 transport_cost=0 budget_usage=0 lambda=0 q_support=3 nominal_risk=0 qstar_risk=0 risk_lift=0 tv=0
[DRO MODE] step=57 obstacle=0 mode=constant_velocity p=0.367521 risk=0 q=0.367521 delta_q=0 q_times_S=14.7009
[DRO MODE] step=57 obstacle=0 mode=turn_left p=0.264957 risk=0 q=0.264957 delta_q=0 q_times_S=10.5983
[DRO MODE] step=57 obstacle=0 mode=turn_right p=0.367521 risk=0 q=0.367521 delta_q=0 q_times_S=14.7009
[DRO SAMPLE] step=57 obstacle=0 mode=constant_velocity q=0.367521 q_times_S=14.7009 first_count=18 first_fraction=0.45 occupancy=144 occupancy_fraction=0.45
[DRO SAMPLE] step=57 obstacle=0 mode=turn_left q=0.264957 q_times_S=10.5983 first_count=12 first_fraction=0.3 occupancy=96 occupancy_fraction=0.3
[DRO SAMPLE] step=57 obstacle=0 mode=turn_right q=0.367521 q_times_S=14.7009 first_count=10 first_fraction=0.25 occupancy=80 occupancy_fraction=0.25
[RF BACKUP] available=1 controls=8 states=9
[FREE POLY] k=1 disc=0 raw=40 facets=4 vertices=7 rho=4.8 anchor_shift=0
[FREE POLY] k=1 disc=1 raw=40 facets=0 vertices=4 rho=0.800001 anchor_shift=0
[FREE POLY] k=1 disc=2 raw=40 facets=0 vertices=4 rho=4.8 anchor_shift=0
[FREE POLY] k=2 disc=0 raw=40 facets=4 vertices=7 rho=5.6 anchor_shift=0
[FREE POLY] k=2 disc=1 raw=40 facets=0 vertices=4 rho=1.6 anchor_shift=0
[FREE POLY] k=2 disc=2 raw=40 facets=0 vertices=4 rho=5.6 anchor_shift=0
[FREE POLY] k=3 disc=0 raw=40 facets=5 vertices=8 rho=6.4 anchor_shift=0
[FREE POLY] k=3 disc=1 raw=40 facets=0 vertices=4 rho=2.4 anchor_shift=0
[FREE POLY] k=3 disc=2 raw=40 facets=3 vertices=7 rho=6.4 anchor_shift=0
[FREE POLY] k=4 disc=0 raw=40 facets=3 vertices=6 rho=7.2 anchor_shift=0
[FREE POLY] k=4 disc=1 raw=40 facets=0 vertices=4 rho=3.2 anchor_shift=0
[FREE POLY] k=4 disc=2 raw=40 facets=3 vertices=7 rho=7.2 anchor_shift=0
[FREE POLY] k=5 disc=0 raw=40 facets=4 vertices=7 rho=8 anchor_shift=0
[FREE POLY] k=5 disc=1 raw=40 facets=0 vertices=4 rho=4 anchor_shift=0
[FREE POLY] k=5 disc=2 raw=40 facets=4 vertices=7 rho=8 anchor_shift=0
[FREE POLY] k=6 disc=0 raw=40 facets=5 vertices=8 rho=8.8 anchor_shift=0
[FREE POLY] k=6 disc=1 raw=40 facets=1 vertices=5 rho=4.8 anchor_shift=0
[FREE POLY] k=6 disc=2 raw=40 facets=5 vertices=8 rho=8.8 anchor_shift=0
[FREE POLY] k=7 disc=0 raw=40 facets=4 vertices=7 rho=9.6 anchor_shift=0
[FREE POLY] k=7 disc=1 raw=40 facets=4 vertices=8 rho=5.6 anchor_shift=0
[FREE POLY] k=7 disc=2 raw=40 facets=4 vertices=7 rho=9.6 anchor_shift=0
[FREE POLY] k=8 disc=0 raw=40 facets=3 vertices=6 rho=10.4 anchor_shift=0
[FREE POLY] k=8 disc=1 raw=40 facets=3 vertices=6 rho=6.4 anchor_shift=0
[FREE POLY] k=8 disc=2 raw=40 facets=3 vertices=6 rho=10.4 anchor_shift=0
[RF SUPPORT SEED] removed=0 support_limit=-1
[SQP] before_solve iter=0 vars=16 constraints=94 max_d=-1.85596
[QP WORST] iter=0 row=85 type=velocity d=-1.85596
[SQP] after_solve iter=0 converged=1 status=0 iterations=2 primal_residual=4.16334e-16 dual_residual=7.23424e-06 x_size=16 x_finite=1
[SQP LINESEARCH] iter=0 current_violation=0 accepted_violation=0 accepted=1 alpha=1 delta_u_norm=0.228102
[SQP SUPPORT] iter=0 support_size=0 support_limit=-1 support_ok=1
[SQP] before_solve iter=1 vars=16 constraints=94 max_d=-1.83865
[QP WORST] iter=1 row=85 type=velocity d=-1.83865
[SQP] after_solve iter=1 converged=1 status=0 iterations=2 primal_residual=4.44089e-16 dual_residual=4.50435e-06 x_size=16 x_finite=1
[SQP LINESEARCH] iter=1 current_violation=0 accepted_violation=0 accepted=1 alpha=1 delta_u_norm=0.169757
[SQP SUPPORT] iter=1 support_size=0 support_limit=-1 support_ok=1
[SQP] before_solve iter=2 vars=16 constraints=94 max_d=-1.83792
[QP WORST] iter=2 row=85 type=velocity d=-1.83792
[SQP] after_solve iter=2 converged=1 status=0 iterations=2 primal_residual=4.37259e-16 dual_residual=4.61226e-06 x_size=16 x_finite=1
[SQP LINESEARCH] iter=2 current_violation=0 accepted_violation=0 accepted=1 alpha=1 delta_u_norm=0.153411
[SQP SUPPORT] iter=2 support_size=0 support_limit=-1 support_ok=1
[SQP] before_solve iter=3 vars=16 constraints=94 max_d=-1.84086
[QP WORST] iter=3 row=85 type=velocity d=-1.84086
[SQP] after_solve iter=3 converged=1 status=0 iterations=2 primal_residual=4.23706e-16 dual_residual=3.12985e-06 x_size=16 x_finite=1
[SQP LINESEARCH] iter=3 current_violation=0 accepted_violation=0 accepted=1 alpha=1 delta_u_norm=0.142516
[SQP SUPPORT] iter=3 support_size=0 support_limit=-1 support_ok=1
[SQP] before_solve iter=4 vars=16 constraints=94 max_d=-1.84424
[QP WORST] iter=4 row=85 type=velocity d=-1.84424
[SQP] after_solve iter=4 converged=1 status=0 iterations=2 primal_residual=4.27447e-16 dual_residual=3.21659e-06 x_size=16 x_finite=1
[SQP LINESEARCH] iter=4 current_violation=0 accepted_violation=0 accepted=1 alpha=1 delta_u_norm=0.133365
[SQP SUPPORT] iter=4 support_size=0 support_limit=-1 support_ok=1
[SQP] before_solve iter=5 vars=16 constraints=94 max_d=-1.84735
[QP WORST] iter=5 row=85 type=velocity d=-1.84735
[SQP] after_solve iter=5 converged=1 status=0 iterations=2 primal_residual=4.38045e-16 dual_residual=2.45301e-06 x_size=16 x_finite=1
[SQP LINESEARCH] iter=5 current_violation=0 accepted_violation=0 accepted=1 alpha=1 delta_u_norm=0.125328
[SQP SUPPORT] iter=5 support_size=0 support_limit=-1 support_ok=1
[SQP] before_solve iter=6 vars=16 constraints=94 max_d=-1.85007
[QP WORST] iter=6 row=85 type=velocity d=-1.85007
[SQP] after_solve iter=6 converged=1 status=0 iterations=2 primal_residual=4.41948e-16 dual_residual=2.35283e-06 x_size=16 x_finite=1
[SQP LINESEARCH] iter=6 current_violation=0 accepted_violation=0 accepted=1 alpha=1 delta_u_norm=0.118125
[SQP SUPPORT] iter=6 support_size=0 support_limit=-1 support_ok=1
[SQP] before_solve iter=7 vars=16 constraints=94 max_d=-1.85244
[QP WORST] iter=7 row=85 type=velocity d=-1.85244
[SQP] after_solve iter=7 converged=1 status=0 iterations=2 primal_residual=4.08419e-16 dual_residual=1.93076e-06 x_size=16 x_finite=1
[SQP LINESEARCH] iter=7 current_violation=0 accepted_violation=0 accepted=1 alpha=1 delta_u_norm=0.111583
[SQP SUPPORT] iter=7 support_size=0 support_limit=-1 support_ok=1
[SQP] before_solve iter=8 vars=16 constraints=94 max_d=-1.85452
[QP WORST] iter=8 row=85 type=velocity d=-1.85452
[SQP] after_solve iter=8 converged=1 status=0 iterations=2 primal_residual=4.3715e-16 dual_residual=1.79143e-06 x_size=16 x_finite=1
[SQP LINESEARCH] iter=8 current_violation=0 accepted_violation=0 accepted=1 alpha=1 delta_u_norm=0.105584
[SQP SUPPORT] iter=8 support_size=0 support_limit=-1 support_ok=1
[SQP] before_solve iter=9 vars=16 constraints=94 max_d=-1.85562
[QP WORST] iter=9 row=87 type=velocity d=-1.85562
[SQP] after_solve iter=9 converged=1 status=0 iterations=2 primal_residual=4.41812e-16 dual_residual=1.53618e-06 x_size=16 x_finite=1
[SQP LINESEARCH] iter=9 current_violation=0 accepted_violation=0 accepted=1 alpha=1 delta_u_norm=0.100045
[SQP SUPPORT] iter=9 support_size=0 support_limit=-1 support_ok=1
[SQP FINAL] final_violation=0 violated_constraints=0
[SUPPORT FINAL] sqp_union=0 final_active=0 support_limit=-1
[SUPPORT FINAL IDS]
[SUPPORT UNION IDS]
[COLD START RECOVERY CHECK] ordinary_sqp_failed=0 seed_available=1 incompatible=0 try_homotopy=0
[HARNESS RESULT] step=56 success=1 controls=8 first_input_present=1
[MPC STEP METRICS] step=56 applied=1 success=1 fallback=0 a=-5.64116e-05 omega=0.0119918 dt=0.1 acceleration_weight=0.1 steering_weight=0.1 control_cost_unweighted=0.000143806 control_cost_weighted=1.43806e-05 mpc_cost=-17.588 solve_time=0.0330659 qp_solve_time=0.0199633 constraint_time=0.00710282 dro_risk_time=0.000410789 ambiguity_radius=0.00393638 certificate=not_requested
[EVAL SAFETY] step=57 min_center_distance=3.34254 min_clearance=2.39254 collision_this_step=0 collision_run=0 collision_radius=0.95
[DRO SUMMARY] step=58 obstacle=0 S=40 rho=0.00390784 rho_raw=0.00390784 D_max=0.0256781 D_min=0.0128703 tv_bound=0.303633 eta=0.152186 eta_raw=0.152186 radius_m=58 radius_d=3 transport_cost=0 budget_usage=0 lambda=0 q_support=3 nominal_risk=0 qstar_risk=0 risk_lift=0 tv=0
[DRO MODE] step=58 obstacle=0 mode=constant_velocity p=0.361345 risk=0 q=0.361345 delta_q=0 q_times_S=14.4538
[DRO MODE] step=58 obstacle=0 mode=turn_left p=0.277311 risk=0 q=0.277311 delta_q=0 q_times_S=11.0924
[DRO MODE] step=58 obstacle=0 mode=turn_right p=0.361345 risk=0 q=0.361345 delta_q=0 q_times_S=14.4538
[DRO SAMPLE] step=58 obstacle=0 mode=constant_velocity q=0.361345 q_times_S=14.4538 first_count=17 first_fraction=0.425 occupancy=136 occupancy_fraction=0.425
[DRO SAMPLE] step=58 obstacle=0 mode=turn_left q=0.277311 q_times_S=11.0924 first_count=10 first_fraction=0.25 occupancy=80 occupancy_fraction=0.25
[DRO SAMPLE] step=58 obstacle=0 mode=turn_right q=0.361345 q_times_S=14.4538 first_count=13 first_fraction=0.325 occupancy=104 occupancy_fraction=0.325
[RF BACKUP] available=1 controls=8 states=9
[FREE POLY] k=1 disc=0 raw=40 facets=3 vertices=6 rho=4.8 anchor_shift=0
[FREE POLY] k=1 disc=1 raw=40 facets=0 vertices=4 rho=0.800001 anchor_shift=0
[FREE POLY] k=1 disc=2 raw=40 facets=0 vertices=4 rho=4.8 anchor_shift=0
[FREE POLY] k=2 disc=0 raw=40 facets=3 vertices=6 rho=5.6 anchor_shift=0
[FREE POLY] k=2 disc=1 raw=40 facets=0 vertices=4 rho=1.6 anchor_shift=0
[FREE POLY] k=2 disc=2 raw=40 facets=0 vertices=4 rho=5.6 anchor_shift=0
[FREE POLY] k=3 disc=0 raw=40 facets=2 vertices=5 rho=6.4 anchor_shift=0
[FREE POLY] k=3 disc=1 raw=40 facets=0 vertices=4 rho=2.4 anchor_shift=0
[FREE POLY] k=3 disc=2 raw=40 facets=1 vertices=5 rho=6.4 anchor_shift=0
[FREE POLY] k=4 disc=0 raw=40 facets=2 vertices=5 rho=7.2 anchor_shift=0
[FREE POLY] k=4 disc=1 raw=40 facets=0 vertices=4 rho=3.2 anchor_shift=0
[FREE POLY] k=4 disc=2 raw=40 facets=2 vertices=6 rho=7.2 anchor_shift=0
[FREE POLY] k=5 disc=0 raw=40 facets=3 vertices=6 rho=8 anchor_shift=0
[FREE POLY] k=5 disc=1 raw=40 facets=0 vertices=4 rho=4 anchor_shift=0
[FREE POLY] k=5 disc=2 raw=40 facets=3 vertices=6 rho=8 anchor_shift=0
[FREE POLY] k=6 disc=0 raw=40 facets=4 vertices=7 rho=8.8 anchor_shift=0
[FREE POLY] k=6 disc=1 raw=40 facets=0 vertices=4 rho=4.8 anchor_shift=0
[FREE POLY] k=6 disc=2 raw=40 facets=3 vertices=6 rho=8.8 anchor_shift=0
[FREE POLY] k=7 disc=0 raw=40 facets=5 vertices=8 rho=9.6 anchor_shift=0
[FREE POLY] k=7 disc=1 raw=40 facets=2 vertices=6 rho=5.6 anchor_shift=0
[FREE POLY] k=7 disc=2 raw=40 facets=5 vertices=8 rho=9.6 anchor_shift=0
[FREE POLY] k=8 disc=0 raw=40 facets=5 vertices=8 rho=10.4 anchor_shift=0
[FREE POLY] k=8 disc=1 raw=40 facets=3 vertices=6 rho=6.4 anchor_shift=0
[FREE POLY] k=8 disc=2 raw=40 facets=4 vertices=7 rho=10.4 anchor_shift=0
[RF SUPPORT SEED] removed=0 support_limit=-1
[SQP] before_solve iter=0 vars=16 constraints=82 max_d=-1.85596
[QP WORST] iter=0 row=73 type=velocity d=-1.85596
[SQP] after_solve iter=0 converged=1 status=0 iterations=2 primal_residual=4.33681e-16 dual_residual=6.54802e-06 x_size=16 x_finite=1
[SQP LINESEARCH] iter=0 current_violation=0 accepted_violation=0 accepted=1 alpha=1 delta_u_norm=0.228095
[SQP SUPPORT] iter=0 support_size=0 support_limit=-1 support_ok=1
[SQP] before_solve iter=1 vars=16 constraints=82 max_d=-1.83865
[QP WORST] iter=1 row=73 type=velocity d=-1.83865
[SQP] after_solve iter=1 converged=1 status=0 iterations=2 primal_residual=4.30211e-16 dual_residual=4.18975e-06 x_size=16 x_finite=1
[SQP LINESEARCH] iter=1 current_violation=0 accepted_violation=0 accepted=1 alpha=1 delta_u_norm=0.169752
[SQP SUPPORT] iter=1 support_size=0 support_limit=-1 support_ok=1
[SQP] before_solve iter=2 vars=16 constraints=82 max_d=-1.83792
[QP WORST] iter=2 row=73 type=velocity d=-1.83792
[SQP] after_solve iter=2 converged=1 status=0 iterations=2 primal_residual=4.36283e-16 dual_residual=4.26833e-06 x_size=16 x_finite=1
[SQP LINESEARCH] iter=2 current_violation=0 accepted_violation=0 accepted=1 alpha=1 delta_u_norm=0.153409
[SQP SUPPORT] iter=2 support_size=0 support_limit=-1 support_ok=1
[SQP] before_solve iter=3 vars=16 constraints=82 max_d=-1.84086
[QP WORST] iter=3 row=73 type=velocity d=-1.84086
[SQP] after_solve iter=3 converged=1 status=0 iterations=2 primal_residual=4.33952e-16 dual_residual=2.97442e-06 x_size=16 x_finite=1
[SQP LINESEARCH] iter=3 current_violation=0 accepted_violation=0 accepted=1 alpha=1 delta_u_norm=0.142515
[SQP SUPPORT] iter=3 support_size=0 support_limit=-1 support_ok=1
[SQP] before_solve iter=4 vars=16 constraints=82 max_d=-1.84424
[QP WORST] iter=4 row=73 type=velocity d=-1.84424
[SQP] after_solve iter=4 converged=1 status=0 iterations=2 primal_residual=4.27176e-16 dual_residual=3.01667e-06 x_size=16 x_finite=1
[SQP LINESEARCH] iter=4 current_violation=0 accepted_violation=0 accepted=1 alpha=1 delta_u_norm=0.133364
[SQP SUPPORT] iter=4 support_size=0 support_limit=-1 support_ok=1
[SQP] before_solve iter=5 vars=16 constraints=82 max_d=-1.84735
[QP WORST] iter=5 row=73 type=velocity d=-1.84735
[SQP] after_solve iter=5 converged=1 status=0 iterations=2 primal_residual=4.30239e-16 dual_residual=2.33779e-06 x_size=16 x_finite=1
[SQP LINESEARCH] iter=5 current_violation=0 accepted_violation=0 accepted=1 alpha=1 delta_u_norm=0.125328
[SQP SUPPORT] iter=5 support_size=0 support_limit=-1 support_ok=1
[SQP] before_solve iter=6 vars=16 constraints=82 max_d=-1.85007
[QP WORST] iter=6 row=73 type=velocity d=-1.85007
[SQP] after_solve iter=6 converged=1 status=0 iterations=2 primal_residual=3.85109e-16 dual_residual=2.22772e-06 x_size=16 x_finite=1
[SQP LINESEARCH] iter=6 current_violation=0 accepted_violation=0 accepted=1 alpha=1 delta_u_norm=0.118125
[SQP SUPPORT] iter=6 support_size=0 support_limit=-1 support_ok=1
[SQP] before_solve iter=7 vars=16 constraints=82 max_d=-1.85244
[QP WORST] iter=7 row=73 type=velocity d=-1.85244
[SQP] after_solve iter=7 converged=1 status=0 iterations=2 primal_residual=4.36175e-16 dual_residual=1.84666e-06 x_size=16 x_finite=1
[SQP LINESEARCH] iter=7 current_violation=0 accepted_violation=0 accepted=1 alpha=1 delta_u_norm=0.111583
[SQP SUPPORT] iter=7 support_size=0 support_limit=-1 support_ok=1
[SQP] before_solve iter=8 vars=16 constraints=82 max_d=-1.85452
[QP WORST] iter=8 row=73 type=velocity d=-1.85452
[SQP] after_solve iter=8 converged=1 status=0 iterations=2 primal_residual=4.41487e-16 dual_residual=1.70933e-06 x_size=16 x_finite=1
[SQP LINESEARCH] iter=8 current_violation=0 accepted_violation=0 accepted=1 alpha=1 delta_u_norm=0.105584
[SQP SUPPORT] iter=8 support_size=0 support_limit=-1 support_ok=1
[SQP] before_solve iter=9 vars=16 constraints=82 max_d=-1.85562
[QP WORST] iter=9 row=75 type=velocity d=-1.85562
[SQP] after_solve iter=9 converged=1 status=0 iterations=2 primal_residual=4.31269e-16 dual_residual=1.47558e-06 x_size=16 x_finite=1
[SQP LINESEARCH] iter=9 current_violation=0 accepted_violation=0 accepted=1 alpha=1 delta_u_norm=0.100045
[SQP SUPPORT] iter=9 support_size=0 support_limit=-1 support_ok=1
[SQP FINAL] final_violation=0 violated_constraints=0
[SUPPORT FINAL] sqp_union=0 final_active=0 support_limit=-1
[SUPPORT FINAL IDS]
[SUPPORT UNION IDS]
[COLD START RECOVERY CHECK] ordinary_sqp_failed=0 seed_available=1 incompatible=0 try_homotopy=0
[HARNESS RESULT] step=57 success=1 controls=8 first_input_present=1
[MPC STEP METRICS] step=57 applied=1 success=1 fallback=0 a=-4.10143e-05 omega=0.0102159 dt=0.1 acceleration_weight=0.1 steering_weight=0.1 control_cost_unweighted=0.000104367 control_cost_weighted=1.04367e-05 mpc_cost=-17.5881 solve_time=0.0331002 qp_solve_time=0.0206265 constraint_time=0.00663503 dro_risk_time=0.000410369 ambiguity_radius=0.00390784 certificate=not_requested
[EVAL SAFETY] step=58 min_center_distance=3.52248 min_clearance=2.57248 collision_this_step=0 collision_run=0 collision_radius=0.95
[DRO SUMMARY] step=59 obstacle=0 S=40 rho=0.00385763 rho_raw=0.00385763 D_max=0.0256781 D_min=0.0128703 tv_bound=0.299732 eta=0.15023 eta_raw=0.15023 radius_m=59 radius_d=3 transport_cost=0 budget_usage=0 lambda=0 q_support=3 nominal_risk=0 qstar_risk=0 risk_lift=0 tv=0
[DRO MODE] step=59 obstacle=0 mode=constant_velocity p=0.371901 risk=0 q=0.371901 delta_q=0 q_times_S=14.876
[DRO MODE] step=59 obstacle=0 mode=turn_left p=0.272727 risk=0 q=0.272727 delta_q=0 q_times_S=10.9091
[DRO MODE] step=59 obstacle=0 mode=turn_right p=0.355372 risk=0 q=0.355372 delta_q=0 q_times_S=14.2149
[DRO SAMPLE] step=59 obstacle=0 mode=constant_velocity q=0.371901 q_times_S=14.876 first_count=14 first_fraction=0.35 occupancy=112 occupancy_fraction=0.35
[DRO SAMPLE] step=59 obstacle=0 mode=turn_left q=0.272727 q_times_S=10.9091 first_count=12 first_fraction=0.3 occupancy=96 occupancy_fraction=0.3
[DRO SAMPLE] step=59 obstacle=0 mode=turn_right q=0.355372 q_times_S=14.2149 first_count=14 first_fraction=0.35 occupancy=112 occupancy_fraction=0.35
[RF BACKUP] available=1 controls=8 states=9
[FREE POLY] k=1 disc=0 raw=40 facets=2 vertices=5 rho=4.8 anchor_shift=0
[FREE POLY] k=1 disc=1 raw=40 facets=0 vertices=4 rho=0.800001 anchor_shift=0
[FREE POLY] k=1 disc=2 raw=40 facets=0 vertices=4 rho=4.8 anchor_shift=0
[FREE POLY] k=2 disc=0 raw=40 facets=4 vertices=7 rho=5.6 anchor_shift=0
[FREE POLY] k=2 disc=1 raw=40 facets=0 vertices=4 rho=1.6 anchor_shift=0
[FREE POLY] k=2 disc=2 raw=40 facets=0 vertices=4 rho=5.6 anchor_shift=0
[FREE POLY] k=3 disc=0 raw=40 facets=2 vertices=5 rho=6.4 anchor_shift=0
[FREE POLY] k=3 disc=1 raw=40 facets=0 vertices=4 rho=2.4 anchor_shift=0
[FREE POLY] k=3 disc=2 raw=40 facets=0 vertices=4 rho=6.4 anchor_shift=0
[FREE POLY] k=4 disc=0 raw=40 facets=3 vertices=6 rho=7.2 anchor_shift=0
[FREE POLY] k=4 disc=1 raw=40 facets=0 vertices=4 rho=3.2 anchor_shift=0
[FREE POLY] k=4 disc=2 raw=40 facets=2 vertices=6 rho=7.2 anchor_shift=0
[FREE POLY] k=5 disc=0 raw=40 facets=4 vertices=7 rho=8 anchor_shift=0
[FREE POLY] k=5 disc=1 raw=40 facets=0 vertices=4 rho=4 anchor_shift=0
[FREE POLY] k=5 disc=2 raw=40 facets=2 vertices=6 rho=8 anchor_shift=0
[FREE POLY] k=6 disc=0 raw=40 facets=4 vertices=7 rho=8.8 anchor_shift=0
[FREE POLY] k=6 disc=1 raw=40 facets=0 vertices=4 rho=4.8 anchor_shift=0
[FREE POLY] k=6 disc=2 raw=40 facets=3 vertices=6 rho=8.8 anchor_shift=0
[FREE POLY] k=7 disc=0 raw=40 facets=5 vertices=8 rho=9.6 anchor_shift=0
[FREE POLY] k=7 disc=1 raw=40 facets=1 vertices=5 rho=5.6 anchor_shift=0
[FREE POLY] k=7 disc=2 raw=40 facets=4 vertices=7 rho=9.6 anchor_shift=0
[FREE POLY] k=8 disc=0 raw=40 facets=5 vertices=8 rho=10.4 anchor_shift=0
[FREE POLY] k=8 disc=1 raw=40 facets=4 vertices=8 rho=6.4 anchor_shift=0
[FREE POLY] k=8 disc=2 raw=40 facets=4 vertices=7 rho=10.4 anchor_shift=0
[RF SUPPORT SEED] removed=0 support_limit=-1
[SQP] before_solve iter=0 vars=16 constraints=81 max_d=-1.85596
[QP WORST] iter=0 row=72 type=velocity d=-1.85596
[SQP] after_solve iter=0 converged=1 status=0 iterations=2 primal_residual=6.97359e-16 dual_residual=6.01476e-06 x_size=16 x_finite=1
[SQP LINESEARCH] iter=0 current_violation=0 accepted_violation=0 accepted=1 alpha=1 delta_u_norm=0.228091
[SQP SUPPORT] iter=0 support_size=0 support_limit=-1 support_ok=1
[SQP] before_solve iter=1 vars=16 constraints=81 max_d=-1.83865
[QP WORST] iter=1 row=72 type=velocity d=-1.83865
[SQP] after_solve iter=1 converged=1 status=0 iterations=2 primal_residual=4.44089e-16 dual_residual=3.93572e-06 x_size=16 x_finite=1
[SQP LINESEARCH] iter=1 current_violation=0 accepted_violation=0 accepted=1 alpha=1 delta_u_norm=0.169748
[SQP SUPPORT] iter=1 support_size=0 support_limit=-1 support_ok=1
[SQP] before_solve iter=2 vars=16 constraints=81 max_d=-1.83792
[QP WORST] iter=2 row=72 type=velocity d=-1.83792
[SQP] after_solve iter=2 converged=1 status=0 iterations=2 primal_residual=7.77807e-16 dual_residual=3.97586e-06 x_size=16 x_finite=1
[SQP LINESEARCH] iter=2 current_violation=0 accepted_violation=0 accepted=1 alpha=1 delta_u_norm=0.153407
[SQP SUPPORT] iter=2 support_size=0 support_limit=-1 support_ok=1
[SQP] before_solve iter=3 vars=16 constraints=81 max_d=-1.84086
[QP WORST] iter=3 row=72 type=velocity d=-1.84086
[SQP] after_solve iter=3 converged=1 status=0 iterations=2 primal_residual=7.51596e-16 dual_residual=2.84e-06 x_size=16 x_finite=1
[SQP LINESEARCH] iter=3 current_violation=0 accepted_violation=0 accepted=1 alpha=1 delta_u_norm=0.142514
[SQP SUPPORT] iter=3 support_size=0 support_limit=-1 support_ok=1
[SQP] before_solve iter=4 vars=16 constraints=81 max_d=-1.84425
[QP WORST] iter=4 row=72 type=velocity d=-1.84425
[SQP] after_solve iter=4 converged=1 status=0 iterations=2 primal_residual=4.44035e-16 dual_residual=2.84476e-06 x_size=16 x_finite=1
[SQP LINESEARCH] iter=4 current_violation=0 accepted_violation=0 accepted=1 alpha=1 delta_u_norm=0.133364
[SQP SUPPORT] iter=4 support_size=0 support_limit=-1 support_ok=1
[SQP] before_solve iter=5 vars=16 constraints=81 max_d=-1.84735
[QP WORST] iter=5 row=72 type=velocity d=-1.84735
[SQP] after_solve iter=5 converged=1 status=0 iterations=2 primal_residual=4.3921e-16 dual_residual=2.23833e-06 x_size=16 x_finite=1
[SQP LINESEARCH] iter=5 current_violation=0 accepted_violation=0 accepted=1 alpha=1 delta_u_norm=0.125327
[SQP SUPPORT] iter=5 support_size=0 support_limit=-1 support_ok=1
[SQP] before_solve iter=6 vars=16 constraints=81 max_d=-1.85007
[QP WORST] iter=6 row=72 type=velocity d=-1.85007
[SQP] after_solve iter=6 converged=1 status=0 iterations=2 primal_residual=3.95273e-16 dual_residual=2.12033e-06 x_size=16 x_finite=1
[SQP LINESEARCH] iter=6 current_violation=0 accepted_violation=0 accepted=1 alpha=1 delta_u_norm=0.118124
[SQP SUPPORT] iter=6 support_size=0 support_limit=-1 support_ok=1
[SQP] before_solve iter=7 vars=16 constraints=81 max_d=-1.85244
[QP WORST] iter=7 row=72 type=velocity d=-1.85244
[SQP] after_solve iter=7 converged=1 status=0 iterations=2 primal_residual=4.32515e-16 dual_residual=1.77445e-06 x_size=16 x_finite=1
[SQP LINESEARCH] iter=7 current_violation=0 accepted_violation=0 accepted=1 alpha=1 delta_u_norm=0.111583
[SQP SUPPORT] iter=7 support_size=0 support_limit=-1 support_ok=1
[SQP] before_solve iter=8 vars=16 constraints=81 max_d=-1.85452
[QP WORST] iter=8 row=72 type=velocity d=-1.85452
[SQP] after_solve iter=8 converged=1 status=0 iterations=2 primal_residual=4.41867e-16 dual_residual=1.63907e-06 x_size=16 x_finite=1
[SQP LINESEARCH] iter=8 current_violation=0 accepted_violation=0 accepted=1 alpha=1 delta_u_norm=0.105584
[SQP SUPPORT] iter=8 support_size=0 support_limit=-1 support_ok=1
[SQP] before_solve iter=9 vars=16 constraints=81 max_d=-1.85562
[QP WORST] iter=9 row=74 type=velocity d=-1.85562
[SQP] after_solve iter=9 converged=1 status=0 iterations=2 primal_residual=4.4062e-16 dual_residual=1.42375e-06 x_size=16 x_finite=1
[SQP LINESEARCH] iter=9 current_violation=0 accepted_violation=0 accepted=1 alpha=1 delta_u_norm=0.100045
[SQP SUPPORT] iter=9 support_size=0 support_limit=-1 support_ok=1
[SQP FINAL] final_violation=0 violated_constraints=0
[SUPPORT FINAL] sqp_union=0 final_active=0 support_limit=-1
[SUPPORT FINAL IDS]
[SUPPORT UNION IDS]
[COLD START RECOVERY CHECK] ordinary_sqp_failed=0 seed_available=1 incompatible=0 try_homotopy=0
[HARNESS RESULT] step=58 success=1 controls=8 first_input_present=1
[MPC STEP METRICS] step=58 applied=1 success=1 fallback=0 a=-2.97237e-05 omega=0.00870285 dt=0.1 acceleration_weight=0.1 steering_weight=0.1 control_cost_unweighted=7.57404e-05 control_cost_weighted=7.57404e-06 mpc_cost=-17.5883 solve_time=0.0365283 qp_solve_time=0.0193901 constraint_time=0.00893503 dro_risk_time=0.000605774 ambiguity_radius=0.00385763 certificate=not_requested
[EVAL SAFETY] step=59 min_center_distance=3.70288 min_clearance=2.75288 collision_this_step=0 collision_run=0 collision_radius=0.95
[DRO SUMMARY] step=60 obstacle=0 S=40 rho=0.00382952 rho_raw=0.00382952 D_max=0.0256781 D_min=0.0128703 tv_bound=0.297548 eta=0.149136 eta_raw=0.149136 radius_m=60 radius_d=3 transport_cost=0 budget_usage=0 lambda=0 q_support=3 nominal_risk=0 qstar_risk=0 risk_lift=0 tv=0
[DRO MODE] step=60 obstacle=0 mode=constant_velocity p=0.365854 risk=0 q=0.365854 delta_q=0 q_times_S=14.6341
[DRO MODE] step=60 obstacle=0 mode=turn_left p=0.284553 risk=0 q=0.284553 delta_q=0 q_times_S=11.3821
[DRO MODE] step=60 obstacle=0 mode=turn_right p=0.349593 risk=0 q=0.349593 delta_q=0 q_times_S=13.9837
[DRO SAMPLE] step=60 obstacle=0 mode=constant_velocity q=0.365854 q_times_S=14.6341 first_count=14 first_fraction=0.35 occupancy=112 occupancy_fraction=0.35
[DRO SAMPLE] step=60 obstacle=0 mode=turn_left q=0.284553 q_times_S=11.3821 first_count=11 first_fraction=0.275 occupancy=88 occupancy_fraction=0.275
[DRO SAMPLE] step=60 obstacle=0 mode=turn_right q=0.349593 q_times_S=13.9837 first_count=15 first_fraction=0.375 occupancy=120 occupancy_fraction=0.375
[RF BACKUP] available=1 controls=8 states=9
[FREE POLY] k=1 disc=0 raw=40 facets=2 vertices=5 rho=4.8 anchor_shift=0
[FREE POLY] k=1 disc=1 raw=40 facets=0 vertices=4 rho=0.800001 anchor_shift=0
[FREE POLY] k=1 disc=2 raw=40 facets=0 vertices=4 rho=4.8 anchor_shift=0
[FREE POLY] k=2 disc=0 raw=40 facets=3 vertices=6 rho=5.6 anchor_shift=0
[FREE POLY] k=2 disc=1 raw=40 facets=0 vertices=4 rho=1.6 anchor_shift=0
[FREE POLY] k=2 disc=2 raw=40 facets=0 vertices=4 rho=5.6 anchor_shift=0
[FREE POLY] k=3 disc=0 raw=40 facets=4 vertices=7 rho=6.4 anchor_shift=0
[FREE POLY] k=3 disc=1 raw=40 facets=0 vertices=4 rho=2.4 anchor_shift=0
[FREE POLY] k=3 disc=2 raw=40 facets=0 vertices=4 rho=6.4 anchor_shift=0
[FREE POLY] k=4 disc=0 raw=40 facets=4 vertices=7 rho=7.2 anchor_shift=0
[FREE POLY] k=4 disc=1 raw=40 facets=0 vertices=4 rho=3.2 anchor_shift=0
[FREE POLY] k=4 disc=2 raw=40 facets=1 vertices=5 rho=7.2 anchor_shift=0
[FREE POLY] k=5 disc=0 raw=40 facets=4 vertices=7 rho=8 anchor_shift=0
[FREE POLY] k=5 disc=1 raw=40 facets=0 vertices=4 rho=4 anchor_shift=0
[FREE POLY] k=5 disc=2 raw=40 facets=3 vertices=7 rho=8 anchor_shift=0
[FREE POLY] k=6 disc=0 raw=40 facets=3 vertices=6 rho=8.8 anchor_shift=0
[FREE POLY] k=6 disc=1 raw=40 facets=0 vertices=4 rho=4.8 anchor_shift=0
[FREE POLY] k=6 disc=2 raw=40 facets=3 vertices=6 rho=8.8 anchor_shift=0
[FREE POLY] k=7 disc=0 raw=40 facets=4 vertices=7 rho=9.6 anchor_shift=0
[FREE POLY] k=7 disc=1 raw=40 facets=1 vertices=5 rho=5.6 anchor_shift=0
[FREE POLY] k=7 disc=2 raw=40 facets=3 vertices=6 rho=9.6 anchor_shift=0
[FREE POLY] k=8 disc=0 raw=40 facets=5 vertices=8 rho=10.4 anchor_shift=0
[FREE POLY] k=8 disc=1 raw=40 facets=4 vertices=8 rho=6.4 anchor_shift=0
[FREE POLY] k=8 disc=2 raw=40 facets=5 vertices=8 rho=10.4 anchor_shift=0
[RF SUPPORT SEED] removed=0 support_limit=-1
[SQP] before_solve iter=0 vars=16 constraints=81 max_d=-1.85596
[QP WORST] iter=0 row=72 type=velocity d=-1.85596
[SQP] after_solve iter=0 converged=1 status=0 iterations=2 primal_residual=6.9042e-16 dual_residual=5.55061e-06 x_size=16 x_finite=1
[SQP LINESEARCH] iter=0 current_violation=0 accepted_violation=0 accepted=1 alpha=1 delta_u_norm=0.228087
[SQP SUPPORT] iter=0 support_size=0 support_limit=-1 support_ok=1
[SQP] before_solve iter=1 vars=16 constraints=81 max_d=-1.83865
[QP WORST] iter=1 row=72 type=velocity d=-1.83865
[SQP] after_solve iter=1 converged=1 status=0 iterations=2 primal_residual=8.6476e-16 dual_residual=3.72209e-06 x_size=16 x_finite=1
[SQP LINESEARCH] iter=1 current_violation=0 accepted_violation=0 accepted=1 alpha=1 delta_u_norm=0.169746
[SQP SUPPORT] iter=1 support_size=0 support_limit=-1 support_ok=1
[SQP] before_solve iter=2 vars=16 constraints=81 max_d=-1.83792
[QP WORST] iter=2 row=72 type=velocity d=-1.83792
[SQP] after_solve iter=2 converged=1 status=0 iterations=2 primal_residual=8.31691e-16 dual_residual=3.72672e-06 x_size=16 x_finite=1
[SQP LINESEARCH] iter=2 current_violation=0 accepted_violation=0 accepted=1 alpha=1 delta_u_norm=0.153406
[SQP SUPPORT] iter=2 support_size=0 support_limit=-1 support_ok=1
[SQP] before_solve iter=3 vars=16 constraints=81 max_d=-1.84086
[QP WORST] iter=3 row=72 type=velocity d=-1.84086
[SQP] after_solve iter=3 converged=1 status=0 iterations=2 primal_residual=6.90867e-16 dual_residual=2.72591e-06 x_size=16 x_finite=1
[SQP LINESEARCH] iter=3 current_violation=0 accepted_violation=0 accepted=1 alpha=1 delta_u_norm=0.142513
[SQP SUPPORT] iter=3 support_size=0 support_limit=-1 support_ok=1
[SQP] before_solve iter=4 vars=16 constraints=81 max_d=-1.84425
[QP WORST] iter=4 row=72 type=velocity d=-1.84425
[SQP] after_solve iter=4 converged=1 status=0 iterations=2 primal_residual=8.53579e-16 dual_residual=2.69856e-06 x_size=16 x_finite=1
[SQP LINESEARCH] iter=4 current_violation=0 accepted_violation=0 accepted=1 alpha=1 delta_u_norm=0.133364
[SQP SUPPORT] iter=4 support_size=0 support_limit=-1 support_ok=1
[SQP] before_solve iter=5 vars=16 constraints=81 max_d=-1.84735
[QP WORST] iter=5 row=72 type=velocity d=-1.84735
[SQP] after_solve iter=5 converged=1 status=0 iterations=2 primal_residual=7.27933e-16 dual_residual=2.15381e-06 x_size=16 x_finite=1
[SQP LINESEARCH] iter=5 current_violation=0 accepted_violation=0 accepted=1 alpha=1 delta_u_norm=0.125327
[SQP SUPPORT] iter=5 support_size=0 support_limit=-1 support_ok=1
[SQP] before_solve iter=6 vars=16 constraints=81 max_d=-1.85007
[QP WORST] iter=6 row=72 type=velocity d=-1.85007
[SQP] after_solve iter=6 converged=1 status=0 iterations=2 primal_residual=8.23858e-16 dual_residual=2.02893e-06 x_size=16 x_finite=1
[SQP LINESEARCH] iter=6 current_violation=0 accepted_violation=0 accepted=1 alpha=1 delta_u_norm=0.118124
[SQP SUPPORT] iter=6 support_size=0 support_limit=-1 support_ok=1
[SQP] before_solve iter=7 vars=16 constraints=81 max_d=-1.85244
[QP WORST] iter=7 row=72 type=velocity d=-1.85244
[SQP] after_solve iter=7 converged=1 status=0 iterations=2 primal_residual=8.31637e-16 dual_residual=1.71298e-06 x_size=16 x_finite=1
[SQP LINESEARCH] iter=7 current_violation=0 accepted_violation=0 accepted=1 alpha=1 delta_u_norm=0.111583
[SQP SUPPORT] iter=7 support_size=0 support_limit=-1 support_ok=1
[SQP] before_solve iter=8 vars=16 constraints=81 max_d=-1.85452
[QP WORST] iter=8 row=72 type=velocity d=-1.85452
[SQP] after_solve iter=8 converged=1 status=0 iterations=2 primal_residual=5.73706e-16 dual_residual=1.57922e-06 x_size=16 x_finite=1
[SQP LINESEARCH] iter=8 current_violation=0 accepted_violation=0 accepted=1 alpha=1 delta_u_norm=0.105584
[SQP SUPPORT] iter=8 support_size=0 support_limit=-1 support_ok=1
[SQP] before_solve iter=9 vars=16 constraints=81 max_d=-1.85562
[QP WORST] iter=9 row=74 type=velocity d=-1.85562
[SQP] after_solve iter=9 converged=1 status=0 iterations=2 primal_residual=7.48371e-16 dual_residual=1.37959e-06 x_size=16 x_finite=1
[SQP LINESEARCH] iter=9 current_violation=0 accepted_violation=0 accepted=1 alpha=1 delta_u_norm=0.100044
[SQP SUPPORT] iter=9 support_size=0 support_limit=-1 support_ok=1
[SQP FINAL] final_violation=0 violated_constraints=0
[SUPPORT FINAL] sqp_union=0 final_active=0 support_limit=-1
[SUPPORT FINAL IDS]
[SUPPORT UNION IDS]
[COLD START RECOVERY CHECK] ordinary_sqp_failed=0 seed_available=1 incompatible=0 try_homotopy=0
[HARNESS RESULT] step=59 success=1 controls=8 first_input_present=1
[MPC STEP METRICS] step=59 applied=1 success=1 fallback=0 a=-2.16139e-05 omega=0.00741365 dt=0.1 acceleration_weight=0.1 steering_weight=0.1 control_cost_unweighted=5.49627e-05 control_cost_weighted=5.49627e-06 mpc_cost=-17.5883 solve_time=0.0305443 qp_solve_time=0.0182419 constraint_time=0.00661528 dro_risk_time=0.000406812 ambiguity_radius=0.00382952 certificate=not_requested
[EVAL SAFETY] step=60 min_center_distance=3.8834 min_clearance=2.9334 collision_this_step=0 collision_run=0 collision_radius=0.95
[PATH COMPLETION] step=60 completion_progress=12.4956 path_length=25 fraction=0.499824 required_fraction=0.95 termination_enabled=1 completed=0
seed=78 collision=no termination=step_limit artifact=/home/stephen/ros2_ws/src/DRO_SHMPCC/build-concentration/fixed-budget-uncertified-short-horizon/four_way_intersection_o1_c1_m3_boost_15_s40/seed_78/sh_mpcc_dro/repeat_0
