[EVAL SAFETY] step=0 min_center_distance=3.00095 min_clearance=2.05095 collision_this_step=0 collision_run=0 collision_radius=0.95
[DRO SUMMARY] step=1 obstacle=0 S=40 rho=0.00943316 rho_raw=0.00943316 D_max=0.0136335 D_min=0.0068334 tv_bound=1 eta=0.691911 eta_raw=0.691911 radius_m=1 radius_d=3 transport_cost=0 budget_usage=0 lambda=0 q_support=3 nominal_risk=0 qstar_risk=0 risk_lift=0 tv=0
[DRO MODE] step=1 obstacle=0 mode=constant_velocity p=0.2 risk=0 q=0.2 delta_q=0 q_times_S=8
[DRO MODE] step=1 obstacle=0 mode=turn_left p=0.2 risk=0 q=0.2 delta_q=0 q_times_S=8
[DRO MODE] step=1 obstacle=0 mode=turn_right p=0.6 risk=0 q=0.6 delta_q=0 q_times_S=24
[DRO SAMPLE] step=1 obstacle=0 mode=constant_velocity q=0.2 q_times_S=8 first_count=6 first_fraction=0.15 occupancy=48 occupancy_fraction=0.15
[DRO SAMPLE] step=1 obstacle=0 mode=turn_left q=0.2 q_times_S=8 first_count=11 first_fraction=0.275 occupancy=88 occupancy_fraction=0.275
[DRO SAMPLE] step=1 obstacle=0 mode=turn_right q=0.6 q_times_S=24 first_count=23 first_fraction=0.575 occupancy=184 occupancy_fraction=0.575
[FREE POLY] k=1 disc=0 raw=40 facets=0 vertices=4 rho=4.8 anchor_shift=0
[FREE POLY] k=1 disc=1 raw=40 facets=0 vertices=4 rho=0.800001 anchor_shift=0
[FREE POLY] k=1 disc=2 raw=40 facets=2 vertices=5 rho=4.8 anchor_shift=0
[FREE POLY] k=2 disc=0 raw=40 facets=0 vertices=4 rho=5.6 anchor_shift=0
[FREE POLY] k=2 disc=1 raw=40 facets=0 vertices=4 rho=1.6 anchor_shift=0
[FREE POLY] k=2 disc=2 raw=40 facets=3 vertices=6 rho=5.6 anchor_shift=0
[FREE POLY] k=3 disc=0 raw=40 facets=3 vertices=6 rho=6.4 anchor_shift=0
[FREE POLY] k=3 disc=1 raw=40 facets=0 vertices=4 rho=2.4 anchor_shift=0
[FREE POLY] k=3 disc=2 raw=40 facets=4 vertices=7 rho=6.4 anchor_shift=0
[FREE POLY] k=4 disc=0 raw=40 facets=5 vertices=8 rho=7.2 anchor_shift=0
[FREE POLY] k=4 disc=1 raw=40 facets=0 vertices=4 rho=3.2 anchor_shift=0
[FREE POLY] k=4 disc=2 raw=40 facets=6 vertices=9 rho=7.2 anchor_shift=0
[FREE POLY] k=5 disc=0 raw=40 facets=3 vertices=6 rho=8 anchor_shift=0
[FREE POLY] k=5 disc=1 raw=40 facets=3 vertices=6 rho=4 anchor_shift=0
[FREE POLY] k=5 disc=2 raw=40 facets=5 vertices=8 rho=8 anchor_shift=0
[FREE POLY] k=6 disc=0 raw=40 facets=3 vertices=6 rho=8.8 anchor_shift=0
[FREE POLY] k=6 disc=1 raw=40 facets=3 vertices=6 rho=4.8 anchor_shift=0
[FREE POLY] k=6 disc=2 raw=40 facets=5 vertices=8 rho=8.8 anchor_shift=0
[FREE POLY] k=7 disc=0 raw=40 facets=3 vertices=6 rho=9.6 anchor_shift=0
[FREE POLY] k=7 disc=1 raw=40 facets=3 vertices=6 rho=5.6 anchor_shift=0
[FREE POLY] k=7 disc=2 raw=40 facets=4 vertices=7 rho=9.6 anchor_shift=0
[FREE POLY] k=8 disc=0 raw=40 facets=3 vertices=6 rho=10.4 anchor_shift=0
[FREE POLY] k=8 disc=1 raw=40 facets=3 vertices=6 rho=6.4 anchor_shift=0
[FREE POLY] k=8 disc=2 raw=40 facets=3 vertices=6 rho=10.4 anchor_shift=0
[RF SUPPORT SEED] removed=0 support_limit=-1
[SQP] before_solve iter=0 vars=16 constraints=96 max_d=-0.669768
[QP WORST] iter=0 row=62 type=collision d=-0.669768
[QP WORST COLLISION] scenario=17 k=8 obstacle=0 disc=2
[SQP] after_solve iter=0 converged=1 status=0 iterations=3 primal_residual=4.16334e-16 dual_residual=1.74836e-05 x_size=16 x_finite=1
[SQP LINESEARCH] iter=0 current_violation=0 accepted_violation=0 accepted=1 alpha=1 delta_u_norm=1.50278
[SQP SUPPORT] iter=0 support_size=0 support_limit=-1 support_ok=1
[SQP] before_solve iter=1 vars=16 constraints=96 max_d=-0.511989
[QP WORST] iter=1 row=62 type=collision d=-0.511989
[QP WORST COLLISION] scenario=17 k=8 obstacle=0 disc=2
[SQP] after_solve iter=1 converged=1 status=0 iterations=4 primal_residual=4.44089e-16 dual_residual=2.23653e-09 x_size=16 x_finite=1
[SQP LINESEARCH] iter=1 current_violation=0 accepted_violation=0 accepted=1 alpha=1 delta_u_norm=0.872934
[SQP SUPPORT] iter=1 support_size=0 support_limit=-1 support_ok=1
[SQP] before_solve iter=2 vars=16 constraints=96 max_d=-0.459467
[QP WORST] iter=2 row=62 type=collision d=-0.459467
[QP WORST COLLISION] scenario=17 k=8 obstacle=0 disc=2
[SQP] after_solve iter=2 converged=1 status=0 iterations=4 primal_residual=4.30211e-16 dual_residual=1.79992e-05 x_size=16 x_finite=1
[SQP LINESEARCH] iter=2 current_violation=0 accepted_violation=0 accepted=1 alpha=1 delta_u_norm=0.647102
[SQP SUPPORT] iter=2 support_size=0 support_limit=-1 support_ok=1
[SQP] before_solve iter=3 vars=16 constraints=96 max_d=-0.437086
[QP WORST] iter=3 row=62 type=collision d=-0.437086
[QP WORST COLLISION] scenario=17 k=8 obstacle=0 disc=2
[SQP] after_solve iter=3 converged=1 status=0 iterations=4 primal_residual=4.45824e-16 dual_residual=5.43504e-07 x_size=16 x_finite=1
[SQP LINESEARCH] iter=3 current_violation=0 accepted_violation=0 accepted=1 alpha=1 delta_u_norm=0.370768
[SQP SUPPORT] iter=3 support_size=0 support_limit=-1 support_ok=1
[SQP] before_solve iter=4 vars=16 constraints=96 max_d=-0.431628
[QP WORST] iter=4 row=62 type=collision d=-0.431628
[QP WORST COLLISION] scenario=17 k=8 obstacle=0 disc=2
[SQP] after_solve iter=4 converged=1 status=0 iterations=3 primal_residual=3.66038e-09 dual_residual=5.87794e-05 x_size=16 x_finite=1
[SQP LINESEARCH] iter=4 current_violation=0 accepted_violation=0 accepted=1 alpha=1 delta_u_norm=0.259818
[SQP SUPPORT] iter=4 support_size=0 support_limit=-1 support_ok=1
[SQP] before_solve iter=5 vars=16 constraints=96 max_d=-0.431204
[QP WORST] iter=5 row=62 type=collision d=-0.431204
[QP WORST COLLISION] scenario=17 k=8 obstacle=0 disc=2
[SQP] after_solve iter=5 converged=1 status=0 iterations=3 primal_residual=3.23232e-09 dual_residual=4.93596e-05 x_size=16 x_finite=1
[SQP LINESEARCH] iter=5 current_violation=0 accepted_violation=0 accepted=1 alpha=1 delta_u_norm=0.216738
[SQP SUPPORT] iter=5 support_size=0 support_limit=-1 support_ok=1
[SQP] before_solve iter=6 vars=16 constraints=96 max_d=-0.428959
[QP WORST] iter=6 row=62 type=collision d=-0.428959
[QP WORST COLLISION] scenario=17 k=8 obstacle=0 disc=2
[SQP] after_solve iter=6 converged=1 status=0 iterations=3 primal_residual=2.93095e-09 dual_residual=4.28606e-05 x_size=16 x_finite=1
[SQP LINESEARCH] iter=6 current_violation=0 accepted_violation=0 accepted=1 alpha=1 delta_u_norm=0.184868
[SQP SUPPORT] iter=6 support_size=0 support_limit=-1 support_ok=1
[SQP] before_solve iter=7 vars=16 constraints=96 max_d=-0.426568
[QP WORST] iter=7 row=62 type=collision d=-0.426568
[QP WORST COLLISION] scenario=17 k=8 obstacle=0 disc=2
[SQP] after_solve iter=7 converged=1 status=0 iterations=3 primal_residual=2.64911e-09 dual_residual=3.77404e-05 x_size=16 x_finite=1
[SQP LINESEARCH] iter=7 current_violation=0 accepted_violation=0 accepted=1 alpha=1 delta_u_norm=0.160445
[SQP SUPPORT] iter=7 support_size=0 support_limit=-1 support_ok=1
[SQP] before_solve iter=8 vars=16 constraints=96 max_d=-0.424437
[QP WORST] iter=8 row=62 type=collision d=-0.424437
[QP WORST COLLISION] scenario=17 k=8 obstacle=0 disc=2
[SQP] after_solve iter=8 converged=1 status=0 iterations=3 primal_residual=2.3854e-09 dual_residual=3.34246e-05 x_size=16 x_finite=1
[SQP LINESEARCH] iter=8 current_violation=0 accepted_violation=0 accepted=1 alpha=1 delta_u_norm=0.141571
[SQP SUPPORT] iter=8 support_size=0 support_limit=-1 support_ok=1
[SQP] before_solve iter=9 vars=16 constraints=96 max_d=-0.42263
[QP WORST] iter=9 row=62 type=collision d=-0.42263
[QP WORST COLLISION] scenario=17 k=8 obstacle=0 disc=2
[SQP] after_solve iter=9 converged=1 status=0 iterations=3 primal_residual=2.14653e-09 dual_residual=2.97073e-05 x_size=16 x_finite=1
[SQP LINESEARCH] iter=9 current_violation=0 accepted_violation=0 accepted=1 alpha=1 delta_u_norm=0.126864
[SQP SUPPORT] iter=9 support_size=0 support_limit=-1 support_ok=1
[SQP FINAL] final_violation=0 violated_constraints=0
[SUPPORT FINAL] sqp_union=0 final_active=0 support_limit=-1
[SUPPORT FINAL IDS]
[SUPPORT UNION IDS]
[COLD START RECOVERY CHECK] ordinary_sqp_failed=0 seed_available=0 incompatible=0 try_homotopy=0
[HARNESS RESULT] step=0 success=1 controls=8 first_input_present=1
[MPC STEP METRICS] step=0 applied=1 success=1 fallback=0 a=2.99924 omega=-1.35746e-08 dt=0.1 acceleration_weight=0.1 steering_weight=0.1 control_cost_unweighted=8.99547 control_cost_weighted=0.899547 mpc_cost=-15.9486 solve_time=0.0479635 qp_solve_time=0.030417 constraint_time=0.00972062 dro_risk_time=0.000602788 ambiguity_radius=0.00943316 certificate=not_requested
[EVAL SAFETY] step=1 min_center_distance=2.85121 min_clearance=1.90121 collision_this_step=0 collision_run=0 collision_radius=0.95
[PATH COMPLETION] step=1 completion_progress=0.164996 path_length=25 fraction=0.00659985 required_fraction=0.95 termination_enabled=1 completed=0
[DRO SUMMARY] step=2 obstacle=0 S=40 rho=0.0067622 rho_raw=0.0067622 D_max=0.0136335 D_min=0.0068334 tv_bound=0.98958 eta=0.495999 eta_raw=0.495999 radius_m=2 radius_d=3 transport_cost=0 budget_usage=0 lambda=0 q_support=3 nominal_risk=0 qstar_risk=0 risk_lift=0 tv=0
[DRO MODE] step=2 obstacle=0 mode=constant_velocity p=0.142857 risk=0 q=0.142857 delta_q=0 q_times_S=5.71429
[DRO MODE] step=2 obstacle=0 mode=turn_left p=0.428571 risk=0 q=0.428571 delta_q=0 q_times_S=17.1429
[DRO MODE] step=2 obstacle=0 mode=turn_right p=0.428571 risk=0 q=0.428571 delta_q=0 q_times_S=17.1429
[DRO SAMPLE] step=2 obstacle=0 mode=constant_velocity q=0.142857 q_times_S=5.71429 first_count=5 first_fraction=0.125 occupancy=40 occupancy_fraction=0.125
[DRO SAMPLE] step=2 obstacle=0 mode=turn_left q=0.428571 q_times_S=17.1429 first_count=12 first_fraction=0.3 occupancy=96 occupancy_fraction=0.3
[DRO SAMPLE] step=2 obstacle=0 mode=turn_right q=0.428571 q_times_S=17.1429 first_count=23 first_fraction=0.575 occupancy=184 occupancy_fraction=0.575
[RF BACKUP] available=1 controls=8 states=9
[FREE POLY] k=1 disc=0 raw=40 facets=0 vertices=4 rho=4.8 anchor_shift=0
[FREE POLY] k=1 disc=1 raw=40 facets=0 vertices=4 rho=0.800001 anchor_shift=0
[FREE POLY] k=1 disc=2 raw=40 facets=2 vertices=5 rho=4.8 anchor_shift=0
[FREE POLY] k=2 disc=0 raw=40 facets=1 vertices=4 rho=5.6 anchor_shift=0
[FREE POLY] k=2 disc=1 raw=40 facets=0 vertices=4 rho=1.6 anchor_shift=0
[FREE POLY] k=2 disc=2 raw=40 facets=2 vertices=5 rho=5.6 anchor_shift=0
[FREE POLY] k=3 disc=0 raw=40 facets=2 vertices=5 rho=6.4 anchor_shift=0
[FREE POLY] k=3 disc=1 raw=40 facets=0 vertices=4 rho=2.4 anchor_shift=0
[FREE POLY] k=3 disc=2 raw=40 facets=3 vertices=6 rho=6.4 anchor_shift=0
[FREE POLY] k=4 disc=0 raw=40 facets=3 vertices=6 rho=7.2 anchor_shift=0
[FREE POLY] k=4 disc=1 raw=40 facets=2 vertices=5 rho=3.2 anchor_shift=0
[FREE POLY] k=4 disc=2 raw=40 facets=3 vertices=6 rho=7.2 anchor_shift=0
[FREE POLY] k=5 disc=0 raw=40 facets=3 vertices=6 rho=8 anchor_shift=0
[FREE POLY] k=5 disc=1 raw=40 facets=3 vertices=6 rho=4 anchor_shift=0
[FREE POLY] k=5 disc=2 raw=40 facets=3 vertices=6 rho=8 anchor_shift=0
[FREE POLY] k=6 disc=0 raw=40 facets=4 vertices=7 rho=8.8 anchor_shift=0
[FREE POLY] k=6 disc=1 raw=40 facets=4 vertices=7 rho=4.8 anchor_shift=0
[FREE POLY] k=6 disc=2 raw=40 facets=4 vertices=7 rho=8.8 anchor_shift=0
[FREE POLY] k=7 disc=0 raw=40 facets=4 vertices=7 rho=9.6 anchor_shift=0
[FREE POLY] k=7 disc=1 raw=40 facets=4 vertices=7 rho=5.6 anchor_shift=0
[FREE POLY] k=7 disc=2 raw=40 facets=4 vertices=7 rho=9.6 anchor_shift=0
[FREE POLY] k=8 disc=0 raw=40 facets=4 vertices=7 rho=10.4 anchor_shift=0
[FREE POLY] k=8 disc=1 raw=40 facets=4 vertices=7 rho=6.4 anchor_shift=0
[FREE POLY] k=8 disc=2 raw=40 facets=4 vertices=7 rho=10.4 anchor_shift=0
[RF SUPPORT SEED] removed=0 support_limit=-1
[SQP] before_solve iter=0 vars=16 constraints=95 max_d=-0.255226
[QP WORST] iter=0 row=62 type=collision d=-0.255226
[QP WORST COLLISION] scenario=32 k=8 obstacle=0 disc=2
[SQP] after_solve iter=0 converged=1 status=0 iterations=3 primal_residual=3.95517e-16 dual_residual=1.26605e-07 x_size=16 x_finite=1
[SQP LINESEARCH] iter=0 current_violation=0 accepted_violation=0 accepted=1 alpha=1 delta_u_norm=0.213588
[SQP SUPPORT] iter=0 support_size=0 support_limit=-1 support_ok=1
[SQP] before_solve iter=1 vars=16 constraints=95 max_d=-0.238336
[QP WORST] iter=1 row=62 type=collision d=-0.238336
[QP WORST COLLISION] scenario=32 k=8 obstacle=0 disc=2
[SQP] after_solve iter=1 converged=1 status=0 iterations=3 primal_residual=4.44089e-16 dual_residual=2.45111e-08 x_size=16 x_finite=1
[SQP LINESEARCH] iter=1 current_violation=0 accepted_violation=0 accepted=1 alpha=1 delta_u_norm=0.163297
[SQP SUPPORT] iter=1 support_size=0 support_limit=-1 support_ok=1
[SQP] before_solve iter=2 vars=16 constraints=95 max_d=-0.233683
[QP WORST] iter=2 row=62 type=collision d=-0.233683
[QP WORST COLLISION] scenario=32 k=8 obstacle=0 disc=2
[SQP] after_solve iter=2 converged=1 status=0 iterations=3 primal_residual=4.15033e-16 dual_residual=1.3993e-08 x_size=16 x_finite=1
[SQP LINESEARCH] iter=2 current_violation=0 accepted_violation=0 accepted=1 alpha=1 delta_u_norm=0.151168
[SQP SUPPORT] iter=2 support_size=0 support_limit=-1 support_ok=1
[SQP] before_solve iter=3 vars=16 constraints=95 max_d=-0.232206
[QP WORST] iter=3 row=62 type=collision d=-0.232206
[QP WORST COLLISION] scenario=32 k=8 obstacle=0 disc=2
[SQP] after_solve iter=3 converged=1 status=0 iterations=3 primal_residual=4.23489e-16 dual_residual=1.39808e-08 x_size=16 x_finite=1
[SQP LINESEARCH] iter=3 current_violation=0 accepted_violation=0 accepted=1 alpha=1 delta_u_norm=0.142763
[SQP SUPPORT] iter=3 support_size=0 support_limit=-1 support_ok=1
[SQP] before_solve iter=4 vars=16 constraints=95 max_d=-0.231547
[QP WORST] iter=4 row=62 type=collision d=-0.231547
[QP WORST COLLISION] scenario=32 k=8 obstacle=0 disc=2
[SQP] after_solve iter=4 converged=1 status=0 iterations=3 primal_residual=3.92806e-16 dual_residual=1.68897e-08 x_size=16 x_finite=1
[SQP LINESEARCH] iter=4 current_violation=0 accepted_violation=0 accepted=1 alpha=1 delta_u_norm=0.135148
[SQP SUPPORT] iter=4 support_size=0 support_limit=-1 support_ok=1
[SQP] before_solve iter=5 vars=16 constraints=95 max_d=-0.231097
[QP WORST] iter=5 row=62 type=collision d=-0.231097
[QP WORST COLLISION] scenario=32 k=8 obstacle=0 disc=2
[SQP] after_solve iter=5 converged=1 status=0 iterations=3 primal_residual=4.28477e-16 dual_residual=2.16207e-08 x_size=16 x_finite=1
[SQP LINESEARCH] iter=5 current_violation=0 accepted_violation=0 accepted=1 alpha=1 delta_u_norm=0.128058
[SQP SUPPORT] iter=5 support_size=0 support_limit=-1 support_ok=1
[SQP] before_solve iter=6 vars=16 constraints=95 max_d=-0.230702
[QP WORST] iter=6 row=62 type=collision d=-0.230702
[QP WORST COLLISION] scenario=32 k=8 obstacle=0 disc=2
[SQP] after_solve iter=6 converged=1 status=0 iterations=3 primal_residual=4.44306e-16 dual_residual=2.83113e-08 x_size=16 x_finite=1
[SQP LINESEARCH] iter=6 current_violation=0 accepted_violation=0 accepted=1 alpha=1 delta_u_norm=0.121431
[SQP SUPPORT] iter=6 support_size=0 support_limit=-1 support_ok=1
[SQP] before_solve iter=7 vars=16 constraints=95 max_d=-0.230325
[QP WORST] iter=7 row=62 type=collision d=-0.230325
[QP WORST COLLISION] scenario=32 k=8 obstacle=0 disc=2
[SQP] after_solve iter=7 converged=1 status=0 iterations=3 primal_residual=4.44089e-16 dual_residual=3.76361e-08 x_size=16 x_finite=1
[SQP LINESEARCH] iter=7 current_violation=0 accepted_violation=0 accepted=1 alpha=1 delta_u_norm=0.115226
[SQP SUPPORT] iter=7 support_size=0 support_limit=-1 support_ok=1
[SQP] before_solve iter=8 vars=16 constraints=95 max_d=-0.22996
[QP WORST] iter=8 row=62 type=collision d=-0.22996
[QP WORST COLLISION] scenario=32 k=8 obstacle=0 disc=2
[SQP] after_solve iter=8 converged=1 status=0 iterations=3 primal_residual=4.42788e-16 dual_residual=5.0759e-08 x_size=16 x_finite=1
[SQP LINESEARCH] iter=8 current_violation=0 accepted_violation=0 accepted=1 alpha=1 delta_u_norm=0.10941
[SQP SUPPORT] iter=8 support_size=0 support_limit=-1 support_ok=1
[SQP] before_solve iter=9 vars=16 constraints=95 max_d=-0.229605
[QP WORST] iter=9 row=62 type=collision d=-0.229605
[QP WORST COLLISION] scenario=32 k=8 obstacle=0 disc=2
[SQP] after_solve iter=9 converged=1 status=0 iterations=3 primal_residual=4.44089e-16 dual_residual=6.94971e-08 x_size=16 x_finite=1
[SQP LINESEARCH] iter=9 current_violation=0 accepted_violation=0 accepted=1 alpha=1 delta_u_norm=0.103953
[SQP SUPPORT] iter=9 support_size=0 support_limit=-1 support_ok=1
[SQP FINAL] final_violation=0 violated_constraints=0
[SUPPORT FINAL] sqp_union=0 final_active=0 support_limit=-1
[SUPPORT FINAL IDS]
[SUPPORT UNION IDS]
[COLD START RECOVERY CHECK] ordinary_sqp_failed=0 seed_available=1 incompatible=0 try_homotopy=0
[HARNESS RESULT] step=1 success=1 controls=8 first_input_present=1
[MPC STEP METRICS] step=1 applied=1 success=1 fallback=0 a=2.7531 omega=1.51686e-08 dt=0.1 acceleration_weight=0.1 steering_weight=0.1 control_cost_unweighted=7.57957 control_cost_weighted=0.757957 mpc_cost=-16.8719 solve_time=0.0374063 qp_solve_time=0.0249239 constraint_time=0.00647922 dro_risk_time=0.000400761 ambiguity_radius=0.0067622 certificate=not_requested
[EVAL SAFETY] step=2 min_center_distance=2.67272 min_clearance=1.72272 collision_this_step=0 collision_run=0 collision_radius=0.95
[DRO SUMMARY] step=3 obstacle=0 S=40 rho=0.00760166 rho_raw=0.00760166 D_max=0.0136335 D_min=0.0068334 tv_bound=1 eta=0.557573 eta_raw=0.557573 radius_m=3 radius_d=3 transport_cost=0.00760166 budget_usage=1 lambda=0.0491913 q_support=2 nominal_risk=0.000223549 qstar_risk=0.000634652 risk_lift=0.000411103 tv=0.612993
[DRO MODE] step=3 obstacle=0 mode=constant_velocity p=0.111111 risk=0 q=0 delta_q=-0.111111 q_times_S=0
[DRO MODE] step=3 obstacle=0 mode=turn_left p=0.333333 risk=0.000670648 q=0.946326 delta_q=0.612993 q_times_S=37.8531
[DRO MODE] step=3 obstacle=0 mode=turn_right p=0.555556 risk=0 q=0.0536737 delta_q=-0.501882 q_times_S=2.14695
[DRO SAMPLE] step=3 obstacle=0 mode=constant_velocity q=0 q_times_S=0 first_count=0 first_fraction=0 occupancy=0 occupancy_fraction=0
[DRO SAMPLE] step=3 obstacle=0 mode=turn_left q=0.946326 q_times_S=37.8531 first_count=36 first_fraction=0.9 occupancy=288 occupancy_fraction=0.9
[DRO SAMPLE] step=3 obstacle=0 mode=turn_right q=0.0536737 q_times_S=2.14695 first_count=4 first_fraction=0.1 occupancy=32 occupancy_fraction=0.1
[RF BACKUP] available=1 controls=8 states=9
[FREE POLY] k=1 disc=0 raw=40 facets=0 vertices=4 rho=4.8 anchor_shift=0
[FREE POLY] k=1 disc=1 raw=40 facets=0 vertices=4 rho=0.800001 anchor_shift=0
[FREE POLY] k=1 disc=2 raw=40 facets=5 vertices=8 rho=4.8 anchor_shift=0
[FREE POLY] k=2 disc=0 raw=40 facets=3 vertices=6 rho=5.6 anchor_shift=0
[FREE POLY] k=2 disc=1 raw=40 facets=0 vertices=4 rho=1.6 anchor_shift=0
[FREE POLY] k=2 disc=2 raw=40 facets=4 vertices=7 rho=5.6 anchor_shift=0
[FREE POLY] k=3 disc=0 raw=40 facets=3 vertices=6 rho=6.4 anchor_shift=0
[FREE POLY] k=3 disc=1 raw=40 facets=0 vertices=4 rho=2.4 anchor_shift=0
[FREE POLY] k=3 disc=2 raw=40 facets=4 vertices=7 rho=6.4 anchor_shift=0
[FREE POLY] k=4 disc=0 raw=40 facets=4 vertices=7 rho=7.2 anchor_shift=0
[FREE POLY] k=4 disc=1 raw=40 facets=4 vertices=7 rho=3.2 anchor_shift=0
[FREE POLY] k=4 disc=2 raw=40 facets=5 vertices=8 rho=7.2 anchor_shift=0
[FREE POLY] k=5 disc=0 raw=40 facets=3 vertices=6 rho=8 anchor_shift=0
[FREE POLY] k=5 disc=1 raw=40 facets=2 vertices=5 rho=4 anchor_shift=0
[FREE POLY] k=5 disc=2 raw=40 facets=4 vertices=7 rho=8 anchor_shift=0
[FREE POLY] k=6 disc=0 raw=40 facets=3 vertices=6 rho=8.8 anchor_shift=0
[FREE POLY] k=6 disc=1 raw=40 facets=2 vertices=5 rho=4.8 anchor_shift=0
[FREE POLY] k=6 disc=2 raw=40 facets=5 vertices=8 rho=8.8 anchor_shift=0
[FREE POLY] k=7 disc=0 raw=40 facets=3 vertices=6 rho=9.6 anchor_shift=0
[FREE POLY] k=7 disc=1 raw=40 facets=3 vertices=6 rho=5.6 anchor_shift=0
[FREE POLY] k=7 disc=2 raw=40 facets=4 vertices=7 rho=9.6 anchor_shift=0
[FREE POLY] k=8 disc=0 raw=40 facets=3 vertices=6 rho=10.4 anchor_shift=0
[FREE POLY] k=8 disc=1 raw=40 facets=3 vertices=6 rho=6.4 anchor_shift=0
[FREE POLY] k=8 disc=2 raw=40 facets=4 vertices=7 rho=10.4 anchor_shift=0
[RF SUPPORT SEED] removed=0 support_limit=-1
[SQP] before_solve iter=0 vars=16 constraints=103 max_d=-0.090325
[QP WORST] iter=0 row=70 type=collision d=-0.090325
[QP WORST COLLISION] scenario=20 k=8 obstacle=0 disc=2
[SQP] after_solve iter=0 converged=1 status=0 iterations=3 primal_residual=1.45129e-12 dual_residual=3.5332e-07 x_size=16 x_finite=1
[SQP LINESEARCH] iter=0 current_violation=0 accepted_violation=0 accepted=1 alpha=1 delta_u_norm=0.230692
[SQP SUPPORT] iter=0 support_size=0 support_limit=-1 support_ok=1
[SQP] before_solve iter=1 vars=16 constraints=103 max_d=-0.0742159
[QP WORST] iter=1 row=70 type=collision d=-0.0742159
[QP WORST COLLISION] scenario=20 k=8 obstacle=0 disc=2
[SQP] after_solve iter=1 converged=1 status=0 iterations=3 primal_residual=2.24045e-12 dual_residual=2.53459e-07 x_size=16 x_finite=1
[SQP LINESEARCH] iter=1 current_violation=0 accepted_violation=0 accepted=1 alpha=1 delta_u_norm=0.172255
[SQP SUPPORT] iter=1 support_size=0 support_limit=-1 support_ok=1
[SQP] before_solve iter=2 vars=16 constraints=103 max_d=-0.070596
[QP WORST] iter=2 row=70 type=collision d=-0.070596
[QP WORST COLLISION] scenario=20 k=8 obstacle=0 disc=2
[SQP] after_solve iter=2 converged=1 status=0 iterations=3 primal_residual=3.54683e-12 dual_residual=2.25028e-07 x_size=16 x_finite=1
[SQP LINESEARCH] iter=2 current_violation=0 accepted_violation=0 accepted=1 alpha=1 delta_u_norm=0.155001
[SQP SUPPORT] iter=2 support_size=0 support_limit=-1 support_ok=1
[SQP] before_solve iter=3 vars=16 constraints=103 max_d=-0.0700449
[QP WORST] iter=3 row=70 type=collision d=-0.0700449
[QP WORST COLLISION] scenario=20 k=8 obstacle=0 disc=2
[SQP] after_solve iter=3 converged=1 status=0 iterations=3 primal_residual=3.05786e-12 dual_residual=1.90345e-07 x_size=16 x_finite=1
[SQP LINESEARCH] iter=3 current_violation=0 accepted_violation=0 accepted=1 alpha=1 delta_u_norm=0.143492
[SQP SUPPORT] iter=3 support_size=0 support_limit=-1 support_ok=1
[SQP] before_solve iter=4 vars=16 constraints=103 max_d=-0.0701518
[QP WORST] iter=4 row=70 type=collision d=-0.0701518
[QP WORST COLLISION] scenario=20 k=8 obstacle=0 disc=2
[SQP] after_solve iter=4 converged=1 status=0 iterations=3 primal_residual=2.47792e-12 dual_residual=1.63455e-07 x_size=16 x_finite=1
[SQP LINESEARCH] iter=4 current_violation=0 accepted_violation=0 accepted=1 alpha=1 delta_u_norm=0.133985
[SQP SUPPORT] iter=4 support_size=0 support_limit=-1 support_ok=1
[SQP] before_solve iter=5 vars=16 constraints=103 max_d=-0.0703246
[QP WORST] iter=5 row=70 type=collision d=-0.0703246
[QP WORST COLLISION] scenario=20 k=8 obstacle=0 disc=2
[SQP] after_solve iter=5 converged=1 status=0 iterations=3 primal_residual=2.02922e-12 dual_residual=1.4463e-07 x_size=16 x_finite=1
[SQP LINESEARCH] iter=5 current_violation=0 accepted_violation=0 accepted=1 alpha=1 delta_u_norm=0.125755
[SQP SUPPORT] iter=5 support_size=0 support_limit=-1 support_ok=1
[SQP] before_solve iter=6 vars=16 constraints=103 max_d=-0.0704369
[QP WORST] iter=6 row=70 type=collision d=-0.0704369
[QP WORST COLLISION] scenario=20 k=8 obstacle=0 disc=2
[SQP] after_solve iter=6 converged=1 status=0 iterations=3 primal_residual=1.70116e-12 dual_residual=1.31722e-07 x_size=16 x_finite=1
[SQP LINESEARCH] iter=6 current_violation=0 accepted_violation=0 accepted=1 alpha=1 delta_u_norm=0.11846
[SQP SUPPORT] iter=6 support_size=0 support_limit=-1 support_ok=1
[SQP] before_solve iter=7 vars=16 constraints=103 max_d=-0.0704767
[QP WORST] iter=7 row=70 type=collision d=-0.0704767
[QP WORST COLLISION] scenario=20 k=8 obstacle=0 disc=2
[SQP] after_solve iter=7 converged=1 status=0 iterations=3 primal_residual=1.4587e-12 dual_residual=1.22928e-07 x_size=16 x_finite=1
[SQP LINESEARCH] iter=7 current_violation=0 accepted_violation=0 accepted=1 alpha=1 delta_u_norm=0.111885
[SQP SUPPORT] iter=7 support_size=0 support_limit=-1 support_ok=1
[SQP] before_solve iter=8 vars=16 constraints=103 max_d=-0.0704567
[QP WORST] iter=8 row=70 type=collision d=-0.0704567
[QP WORST COLLISION] scenario=20 k=8 obstacle=0 disc=2
[SQP] after_solve iter=8 converged=1 status=0 iterations=3 primal_residual=1.27467e-12 dual_residual=1.17016e-07 x_size=16 x_finite=1
[SQP LINESEARCH] iter=8 current_violation=0 accepted_violation=0 accepted=1 alpha=1 delta_u_norm=0.105888
[SQP SUPPORT] iter=8 support_size=0 support_limit=-1 support_ok=1
[SQP] before_solve iter=9 vars=16 constraints=103 max_d=-0.0703923
[QP WORST] iter=9 row=70 type=collision d=-0.0703923
[QP WORST COLLISION] scenario=20 k=8 obstacle=0 disc=2
[SQP] after_solve iter=9 converged=1 status=0 iterations=3 primal_residual=1.1308e-12 dual_residual=1.13166e-07 x_size=16 x_finite=1
[SQP LINESEARCH] iter=9 current_violation=0 accepted_violation=0 accepted=1 alpha=1 delta_u_norm=0.100371
[SQP SUPPORT] iter=9 support_size=0 support_limit=-1 support_ok=1
[SQP FINAL] final_violation=0 violated_constraints=0
[SUPPORT FINAL] sqp_union=0 final_active=0 support_limit=-1
[SUPPORT FINAL IDS]
[SUPPORT UNION IDS]
[COLD START RECOVERY CHECK] ordinary_sqp_failed=0 seed_available=1 incompatible=0 try_homotopy=0
[HARNESS RESULT] step=2 success=1 controls=8 first_input_present=1
[MPC STEP METRICS] step=2 applied=1 success=1 fallback=0 a=0.498515 omega=-4.14971e-08 dt=0.1 acceleration_weight=0.1 steering_weight=0.1 control_cost_unweighted=0.248518 control_cost_weighted=0.0248518 mpc_cost=-17.5846 solve_time=0.0384878 qp_solve_time=0.0258049 constraint_time=0.00669878 dro_risk_time=0.000396903 ambiguity_radius=0.00760166 certificate=not_requested
[EVAL SAFETY] step=3 min_center_distance=2.478 min_clearance=1.528 collision_this_step=0 collision_run=0 collision_radius=0.95
[DRO SUMMARY] step=4 obstacle=0 S=40 rho=0.00749413 rho_raw=0.00749413 D_max=0.0136335 D_min=0.0068334 tv_bound=1 eta=0.549686 eta_raw=0.549686 radius_m=4 radius_d=3 transport_cost=0.00749413 budget_usage=1 lambda=0.131684 q_support=2 nominal_risk=0.19363 qstar_risk=0.194705 risk_lift=0.00107558 tv=0.595029
[DRO MODE] step=4 obstacle=0 mode=constant_velocity p=0.0909091 risk=0.193067 q=0 delta_q=-0.0909091 q_times_S=0
[DRO MODE] step=4 obstacle=0 mode=turn_left p=0.272727 risk=0.194943 q=0.867757 delta_q=0.595029 q_times_S=34.7103
[DRO MODE] step=4 obstacle=0 mode=turn_right p=0.636364 risk=0.193147 q=0.132243 delta_q=-0.50412 q_times_S=5.28974
[DRO SAMPLE] step=4 obstacle=0 mode=constant_velocity q=0 q_times_S=0 first_count=0 first_fraction=0 occupancy=0 occupancy_fraction=0
[DRO SAMPLE] step=4 obstacle=0 mode=turn_left q=0.867757 q_times_S=34.7103 first_count=35 first_fraction=0.875 occupancy=280 occupancy_fraction=0.875
[DRO SAMPLE] step=4 obstacle=0 mode=turn_right q=0.132243 q_times_S=5.28974 first_count=5 first_fraction=0.125 occupancy=40 occupancy_fraction=0.125
[RF BACKUP] available=1 controls=8 states=9
[FREE POLY] k=1 disc=0 raw=40 facets=0 vertices=4 rho=4.8 anchor_shift=0
[FREE POLY] k=1 disc=1 raw=40 facets=0 vertices=4 rho=0.800001 anchor_shift=0
[FREE POLY] k=1 disc=2 raw=40 facets=3 vertices=6 rho=4.8 anchor_shift=0
[FREE POLY] k=2 disc=0 raw=40 facets=3 vertices=6 rho=5.6 anchor_shift=0
[FREE POLY] k=2 disc=1 raw=40 facets=0 vertices=4 rho=1.6 anchor_shift=0
[FREE POLY] k=2 disc=2 raw=40 facets=5 vertices=8 rho=5.6 anchor_shift=0
[FREE POLY] k=3 disc=0 raw=40 facets=4 vertices=7 rho=6.4 anchor_shift=0
[FREE POLY] k=3 disc=1 raw=40 facets=0 vertices=4 rho=2.4 anchor_shift=0
[FREE POLY] k=3 disc=2 raw=40 facets=7 vertices=10 rho=6.4 anchor_shift=0
[FREE POLY] k=4 disc=0 raw=40 facets=3 vertices=6 rho=7.2 anchor_shift=0
[FREE POLY] k=4 disc=1 raw=40 facets=3 vertices=6 rho=3.2 anchor_shift=0
[FREE POLY] k=4 disc=2 raw=40 facets=4 vertices=7 rho=7.2 anchor_shift=0
[FREE POLY] k=5 disc=0 raw=40 facets=3 vertices=6 rho=8 anchor_shift=0
[FREE POLY] k=5 disc=1 raw=40 facets=3 vertices=6 rho=4 anchor_shift=0
[FREE POLY] k=5 disc=2 raw=40 facets=4 vertices=7 rho=8 anchor_shift=0
[FREE POLY] k=6 disc=0 raw=40 facets=3 vertices=6 rho=8.8 anchor_shift=0
[FREE POLY] k=6 disc=1 raw=40 facets=3 vertices=6 rho=4.8 anchor_shift=0
[FREE POLY] k=6 disc=2 raw=40 facets=4 vertices=7 rho=8.8 anchor_shift=0
[FREE POLY] k=7 disc=0 raw=40 facets=3 vertices=6 rho=9.6 anchor_shift=0
[FREE POLY] k=7 disc=1 raw=40 facets=3 vertices=6 rho=5.6 anchor_shift=0
[FREE POLY] k=7 disc=2 raw=40 facets=4 vertices=7 rho=9.6 anchor_shift=0
[FREE POLY] k=8 disc=0 raw=40 facets=5 vertices=8 rho=10.4 anchor_shift=0
[FREE POLY] k=8 disc=1 raw=40 facets=5 vertices=8 rho=6.4 anchor_shift=0
[FREE POLY] k=8 disc=2 raw=40 facets=5 vertices=8 rho=10.4 anchor_shift=0
[RF SUPPORT SEED] removed=0 support_limit=-1
[SQP] before_solve iter=0 vars=16 constraints=109 max_d=0.102854
[QP WORST] iter=0 row=75 type=collision d=0.102854
[QP WORST COLLISION] scenario=34 k=8 obstacle=0 disc=2
[SQP] after_solve iter=0 converged=1 status=0 iterations=5 primal_residual=1.27893e-09 dual_residual=1.07908e-05 x_size=16 x_finite=1
[SQP LINESEARCH] iter=0 current_violation=0.102854 accepted_violation=0 accepted=1 alpha=1 delta_u_norm=0.805673
[SQP SUPPORT] iter=0 support_size=0 support_limit=-1 support_ok=1
[SQP] before_solve iter=1 vars=16 constraints=109 max_d=-0.00314234
[QP WORST] iter=1 row=75 type=collision d=-0.00314234
[QP WORST COLLISION] scenario=34 k=8 obstacle=0 disc=2
[SQP] after_solve iter=1 converged=1 status=0 iterations=5 primal_residual=1.76044e-09 dual_residual=4.64898e-05 x_size=16 x_finite=1
[SQP LINESEARCH] iter=1 current_violation=0 accepted_violation=0 accepted=1 alpha=1 delta_u_norm=0.318173
[SQP SUPPORT] iter=1 support_size=0 support_limit=-1 support_ok=1
[SQP] before_solve iter=2 vars=16 constraints=109 max_d=-0.00028996
[QP WORST] iter=2 row=76 type=collision d=-0.00028996
[QP WORST COLLISION] scenario=38 k=8 obstacle=0 disc=2
[SQP] after_solve iter=2 converged=1 status=0 iterations=5 primal_residual=1.44462e-10 dual_residual=2.10225e-06 x_size=16 x_finite=1
[SQP LINESEARCH] iter=2 current_violation=0 accepted_violation=0 accepted=1 alpha=1 delta_u_norm=0.25289
[SQP SUPPORT] iter=2 support_size=0 support_limit=-1 support_ok=1
[SQP] before_solve iter=3 vars=16 constraints=109 max_d=-0.000614183
[QP WORST] iter=3 row=76 type=collision d=-0.000614183
[QP WORST COLLISION] scenario=38 k=8 obstacle=0 disc=2
[SQP] after_solve iter=3 converged=1 status=0 iterations=4 primal_residual=3.49591e-08 dual_residual=3.16336e-05 x_size=16 x_finite=1
[SQP LINESEARCH] iter=3 current_violation=0 accepted_violation=0 accepted=1 alpha=1 delta_u_norm=0.227277
[SQP SUPPORT] iter=3 support_size=0 support_limit=-1 support_ok=1
[SQP] before_solve iter=4 vars=16 constraints=109 max_d=-0.000607229
[QP WORST] iter=4 row=76 type=collision d=-0.000607229
[QP WORST COLLISION] scenario=38 k=8 obstacle=0 disc=2
[SQP] after_solve iter=4 converged=1 status=0 iterations=4 primal_residual=5.7208e-08 dual_residual=6.73788e-05 x_size=16 x_finite=1
[SQP LINESEARCH] iter=4 current_violation=0 accepted_violation=0 accepted=1 alpha=1 delta_u_norm=0.207837
[SQP SUPPORT] iter=4 support_size=0 support_limit=-1 support_ok=1
[SQP] before_solve iter=5 vars=16 constraints=109 max_d=-0.00043381
[QP WORST] iter=5 row=76 type=collision d=-0.00043381
[QP WORST COLLISION] scenario=38 k=8 obstacle=0 disc=2
[SQP] after_solve iter=5 converged=1 status=0 iterations=5 primal_residual=1.21181e-10 dual_residual=2.6018e-06 x_size=16 x_finite=1
[SQP LINESEARCH] iter=5 current_violation=0 accepted_violation=0 accepted=1 alpha=1 delta_u_norm=0.192461
[SQP SUPPORT] iter=5 support_size=0 support_limit=-1 support_ok=1
[SQP] before_solve iter=6 vars=16 constraints=109 max_d=-0.00031253
[QP WORST] iter=6 row=76 type=collision d=-0.00031253
[QP WORST COLLISION] scenario=38 k=8 obstacle=0 disc=2
[SQP] after_solve iter=6 converged=1 status=0 iterations=5 primal_residual=4.81254e-10 dual_residual=1.3135e-05 x_size=16 x_finite=1
[SQP LINESEARCH] iter=6 current_violation=0 accepted_violation=0 accepted=1 alpha=1 delta_u_norm=0.137296
[SQP SUPPORT] iter=6 support_size=0 support_limit=-1 support_ok=1
[SQP] before_solve iter=7 vars=16 constraints=109 max_d=-0.00011699
[QP WORST] iter=7 row=76 type=collision d=-0.00011699
[QP WORST COLLISION] scenario=38 k=8 obstacle=0 disc=2
[SQP] after_solve iter=7 converged=1 status=0 iterations=5 primal_residual=1.98338e-09 dual_residual=2.26319e-05 x_size=16 x_finite=1
[SQP LINESEARCH] iter=7 current_violation=0 accepted_violation=0 accepted=1 alpha=1 delta_u_norm=0.112803
[SQP SUPPORT] iter=7 support_size=0 support_limit=-1 support_ok=1
[SQP] before_solve iter=8 vars=16 constraints=109 max_d=-1.73078e-05
[QP WORST] iter=8 row=76 type=collision d=-1.73078e-05
[QP WORST COLLISION] scenario=38 k=8 obstacle=0 disc=2
[SQP] after_solve iter=8 converged=1 status=0 iterations=5 primal_residual=1.08696e-09 dual_residual=1.86099e-05 x_size=16 x_finite=1
[SQP LINESEARCH] iter=8 current_violation=0 accepted_violation=0 accepted=1 alpha=1 delta_u_norm=0.105101
[SQP SUPPORT] iter=8 support_size=0 support_limit=-1 support_ok=1
[SQP] before_solve iter=9 vars=16 constraints=109 max_d=-5.21603e-06
[QP WORST] iter=9 row=76 type=collision d=-5.21603e-06
[QP WORST COLLISION] scenario=38 k=8 obstacle=0 disc=2
[SQP] after_solve iter=9 converged=1 status=0 iterations=5 primal_residual=6.86072e-10 dual_residual=1.47159e-05 x_size=16 x_finite=1
[SQP LINESEARCH] iter=9 current_violation=0 accepted_violation=0 accepted=1 alpha=1 delta_u_norm=0.0981137
[SQP SUPPORT] iter=9 support_size=0 support_limit=-1 support_ok=1
[SQP FINAL] final_violation=0 violated_constraints=0
[SUPPORT FINAL] sqp_union=0 final_active=2 support_limit=-1
[SUPPORT FINAL IDS] 1 38
[SUPPORT UNION IDS]
[COLD START RECOVERY CHECK] ordinary_sqp_failed=0 seed_available=1 incompatible=0 try_homotopy=0
[HARNESS RESULT] step=3 success=1 controls=8 first_input_present=1
[MPC STEP METRICS] step=3 applied=1 success=1 fallback=0 a=-0.899689 omega=-0.0507159 dt=0.1 acceleration_weight=0.1 steering_weight=0.1 control_cost_unweighted=0.812012 control_cost_weighted=0.0812012 mpc_cost=-17.314 solve_time=0.0395585 qp_solve_time=0.0267042 constraint_time=0.00685094 dro_risk_time=0.000409336 ambiguity_radius=0.00749413 certificate=not_requested
[EVAL SAFETY] step=4 min_center_distance=2.28499 min_clearance=1.33499 collision_this_step=0 collision_run=0 collision_radius=0.95
[DRO SUMMARY] step=5 obstacle=0 S=40 rho=0.00651623 rho_raw=0.00651623 D_max=0.0136335 D_min=0.0068334 tv_bound=0.953585 eta=0.477958 eta_raw=0.477958 radius_m=5 radius_d=3 transport_cost=0.00651623 budget_usage=1 lambda=1.04658 q_support=2 nominal_risk=0.146751 qstar_risk=0.153636 risk_lift=0.00688553 tv=0.516325
[DRO MODE] step=5 obstacle=0 mode=constant_velocity p=0.0769231 risk=0.147043 q=0 delta_q=-0.0769231 q_times_S=0
[DRO MODE] step=5 obstacle=0 mode=turn_left p=0.384615 risk=0.15505 q=0.900941 delta_q=0.516325 q_times_S=36.0376
[DRO MODE] step=5 obstacle=0 mode=turn_right p=0.538462 risk=0.140781 q=0.0990594 delta_q=-0.439402 q_times_S=3.96237
[DRO SAMPLE] step=5 obstacle=0 mode=constant_velocity q=0 q_times_S=0 first_count=0 first_fraction=0 occupancy=0 occupancy_fraction=0
[DRO SAMPLE] step=5 obstacle=0 mode=turn_left q=0.900941 q_times_S=36.0376 first_count=33 first_fraction=0.825 occupancy=264 occupancy_fraction=0.825
[DRO SAMPLE] step=5 obstacle=0 mode=turn_right q=0.0990594 q_times_S=3.96237 first_count=7 first_fraction=0.175 occupancy=56 occupancy_fraction=0.175
[RF BACKUP] available=1 controls=8 states=9
[FREE POLY] k=1 disc=0 raw=40 facets=0 vertices=4 rho=4.8 anchor_shift=0
[FREE POLY] k=1 disc=1 raw=40 facets=0 vertices=4 rho=0.800001 anchor_shift=0
[FREE POLY] k=1 disc=2 raw=40 facets=4 vertices=7 rho=4.8 anchor_shift=0
[FREE POLY] k=2 disc=0 raw=40 facets=3 vertices=6 rho=5.6 anchor_shift=0
[FREE POLY] k=2 disc=1 raw=40 facets=0 vertices=4 rho=1.6 anchor_shift=0
[FREE POLY] k=2 disc=2 raw=40 facets=4 vertices=7 rho=5.6 anchor_shift=0
[FREE POLY] k=3 disc=0 raw=40 facets=4 vertices=7 rho=6.4 anchor_shift=0
[FREE POLY] k=3 disc=1 raw=40 facets=0 vertices=4 rho=2.4 anchor_shift=0
[FREE POLY] k=3 disc=2 raw=40 facets=4 vertices=7 rho=6.4 anchor_shift=0
[FREE POLY] k=4 disc=0 raw=40 facets=4 vertices=7 rho=7.2 anchor_shift=0
[FREE POLY] k=4 disc=1 raw=40 facets=3 vertices=6 rho=3.2 anchor_shift=0
[FREE POLY] k=4 disc=2 raw=40 facets=5 vertices=8 rho=7.2 anchor_shift=0
[FREE POLY] k=5 disc=0 raw=40 facets=3 vertices=6 rho=8 anchor_shift=0
[FREE POLY] k=5 disc=1 raw=40 facets=2 vertices=5 rho=4 anchor_shift=0
[FREE POLY] k=5 disc=2 raw=40 facets=3 vertices=6 rho=8 anchor_shift=0
[FREE POLY] k=6 disc=0 raw=40 facets=3 vertices=6 rho=8.8 anchor_shift=0
[FREE POLY] k=6 disc=1 raw=40 facets=3 vertices=6 rho=4.8 anchor_shift=0
[FREE POLY] k=6 disc=2 raw=40 facets=3 vertices=6 rho=8.8 anchor_shift=0
[FREE POLY] k=7 disc=0 raw=40 facets=2 vertices=5 rho=9.6 anchor_shift=0
[FREE POLY] k=7 disc=1 raw=40 facets=3 vertices=6 rho=5.6 anchor_shift=0
[FREE POLY] k=7 disc=2 raw=40 facets=4 vertices=7 rho=9.6 anchor_shift=0
[FREE POLY] k=8 disc=0 raw=40 facets=3 vertices=6 rho=10.4 anchor_shift=0
[FREE POLY] k=8 disc=1 raw=40 facets=3 vertices=6 rho=6.4 anchor_shift=0
[FREE POLY] k=8 disc=2 raw=40 facets=4 vertices=7 rho=10.4 anchor_shift=0
[RF SUPPORT SEED] removed=0 support_limit=-1
[SQP] before_solve iter=0 vars=16 constraints=99 max_d=0.107402
[QP WORST] iter=0 row=66 type=collision d=0.107402
[QP WORST COLLISION] scenario=31 k=8 obstacle=0 disc=2
[SQP] after_solve iter=0 converged=1 status=0 iterations=4 primal_residual=6.65695e-08 dual_residual=6.90999e-05 x_size=16 x_finite=1
[SQP LINESEARCH] iter=0 current_violation=0.107402 accepted_violation=0 accepted=1 alpha=1 delta_u_norm=0.544523
[SQP SUPPORT] iter=0 support_size=0 support_limit=-1 support_ok=1
[SQP] before_solve iter=1 vars=16 constraints=99 max_d=-0.00754116
[QP WORST] iter=1 row=66 type=collision d=-0.00754116
[QP WORST COLLISION] scenario=31 k=8 obstacle=0 disc=2
[SQP] after_solve iter=1 converged=1 status=0 iterations=5 primal_residual=4.28477e-16 dual_residual=3.58219e-06 x_size=16 x_finite=1
[SQP LINESEARCH] iter=1 current_violation=0 accepted_violation=0 accepted=1 alpha=1 delta_u_norm=0.430653
[SQP SUPPORT] iter=1 support_size=0 support_limit=-1 support_ok=1
[SQP] before_solve iter=2 vars=16 constraints=99 max_d=-0.000207342
[QP WORST] iter=2 row=66 type=collision d=-0.000207342
[QP WORST COLLISION] scenario=31 k=8 obstacle=0 disc=2
[SQP] after_solve iter=2 converged=1 status=0 iterations=4 primal_residual=2.766e-08 dual_residual=5.01605e-05 x_size=16 x_finite=1
[SQP LINESEARCH] iter=2 current_violation=0 accepted_violation=0 accepted=1 alpha=1 delta_u_norm=0.178127
[SQP SUPPORT] iter=2 support_size=0 support_limit=-1 support_ok=1
[SQP] before_solve iter=3 vars=16 constraints=99 max_d=-8.72036e-06
[QP WORST] iter=3 row=66 type=collision d=-8.72036e-06
[QP WORST COLLISION] scenario=31 k=8 obstacle=0 disc=2
[SQP] after_solve iter=3 converged=1 status=0 iterations=4 primal_residual=2.59809e-08 dual_residual=5.22541e-05 x_size=16 x_finite=1
[SQP LINESEARCH] iter=3 current_violation=0 accepted_violation=0 accepted=1 alpha=1 delta_u_norm=0.139975
[SQP SUPPORT] iter=3 support_size=0 support_limit=-1 support_ok=1
[SQP] before_solve iter=4 vars=16 constraints=99 max_d=-4.84172e-06
[QP WORST] iter=4 row=66 type=collision d=-4.84172e-06
[QP WORST COLLISION] scenario=31 k=8 obstacle=0 disc=2
[SQP] after_solve iter=4 converged=1 status=0 iterations=4 primal_residual=3.16367e-08 dual_residual=6.58026e-05 x_size=16 x_finite=1
[SQP LINESEARCH] iter=4 current_violation=0 accepted_violation=0 accepted=1 alpha=1 delta_u_norm=0.128687
[SQP SUPPORT] iter=4 support_size=0 support_limit=-1 support_ok=1
[SQP] before_solve iter=5 vars=16 constraints=99 max_d=-2.57292e-06
[QP WORST] iter=5 row=66 type=collision d=-2.57292e-06
[QP WORST COLLISION] scenario=31 k=8 obstacle=0 disc=2
[SQP] after_solve iter=5 converged=1 status=0 iterations=4 primal_residual=3.38853e-08 dual_residual=7.39909e-05 x_size=16 x_finite=1
[SQP LINESEARCH] iter=5 current_violation=0 accepted_violation=0 accepted=1 alpha=1 delta_u_norm=0.119925
[SQP SUPPORT] iter=5 support_size=0 support_limit=-1 support_ok=1
[SQP] before_solve iter=6 vars=16 constraints=99 max_d=-2.11503e-06
[QP WORST] iter=6 row=66 type=collision d=-2.11503e-06
[QP WORST COLLISION] scenario=31 k=8 obstacle=0 disc=2
[SQP] after_solve iter=6 converged=1 status=0 iterations=4 primal_residual=3.48004e-08 dual_residual=7.86021e-05 x_size=16 x_finite=1
[SQP LINESEARCH] iter=6 current_violation=0 accepted_violation=0 accepted=1 alpha=1 delta_u_norm=0.112487
[SQP SUPPORT] iter=6 support_size=0 support_limit=-1 support_ok=1
[SQP] before_solve iter=7 vars=16 constraints=99 max_d=-1.99701e-06
[QP WORST] iter=7 row=66 type=collision d=-1.99701e-06
[QP WORST COLLISION] scenario=31 k=8 obstacle=0 disc=2
[SQP] after_solve iter=7 converged=1 status=0 iterations=4 primal_residual=3.5229e-08 dual_residual=8.12487e-05 x_size=16 x_finite=1
[SQP LINESEARCH] iter=7 current_violation=0 accepted_violation=0 accepted=1 alpha=1 delta_u_norm=0.105928
[SQP SUPPORT] iter=7 support_size=0 support_limit=-1 support_ok=1
[SQP] before_solve iter=8 vars=16 constraints=99 max_d=-1.98556e-06
[QP WORST] iter=8 row=66 type=collision d=-1.98556e-06
[QP WORST COLLISION] scenario=31 k=8 obstacle=0 disc=2
[SQP] after_solve iter=8 converged=1 status=0 iterations=4 primal_residual=3.5444e-08 dual_residual=8.28336e-05 x_size=16 x_finite=1
[SQP LINESEARCH] iter=8 current_violation=0 accepted_violation=0 accepted=1 alpha=1 delta_u_norm=0.100002
[SQP SUPPORT] iter=8 support_size=0 support_limit=-1 support_ok=1
[SQP] before_solve iter=9 vars=16 constraints=99 max_d=-2.0139e-06
[QP WORST] iter=9 row=66 type=collision d=-2.0139e-06
[QP WORST COLLISION] scenario=31 k=8 obstacle=0 disc=2
[SQP] after_solve iter=9 converged=1 status=0 iterations=4 primal_residual=3.55393e-08 dual_residual=8.38148e-05 x_size=16 x_finite=1
[SQP LINESEARCH] iter=9 current_violation=0 accepted_violation=0 accepted=1 alpha=1 delta_u_norm=0.0945646
[SQP SUPPORT] iter=9 support_size=0 support_limit=-1 support_ok=1
[SQP FINAL] final_violation=0 violated_constraints=0
[SUPPORT FINAL] sqp_union=0 final_active=1 support_limit=-1
[SUPPORT FINAL IDS] 31
[SUPPORT UNION IDS]
[COLD START RECOVERY CHECK] ordinary_sqp_failed=0 seed_available=1 incompatible=0 try_homotopy=0
[HARNESS RESULT] step=4 success=1 controls=8 first_input_present=1
[MPC STEP METRICS] step=4 applied=1 success=1 fallback=0 a=0.211168 omega=0.127923 dt=0.1 acceleration_weight=0.1 steering_weight=0.1 control_cost_unweighted=0.0609562 control_cost_weighted=0.00609562 mpc_cost=-17.2435 solve_time=0.0387233 qp_solve_time=0.0256011 constraint_time=0.00683717 dro_risk_time=0.000410198 ambiguity_radius=0.00651623 certificate=not_requested
[EVAL SAFETY] step=5 min_center_distance=2.09674 min_clearance=1.14674 collision_this_step=0 collision_run=0 collision_radius=0.95
[DRO SUMMARY] step=6 obstacle=0 S=40 rho=0.00606342 rho_raw=0.00606342 D_max=0.0136335 D_min=0.0068334 tv_bound=0.88732 eta=0.444745 eta_raw=0.444745 radius_m=6 radius_d=3 transport_cost=0.00606342 budget_usage=1 lambda=1.74543 q_support=2 nominal_risk=0.109083 qstar_risk=0.119785 risk_lift=0.0107019 tv=0.5445
[DRO MODE] step=6 obstacle=0 mode=constant_velocity p=0.2 risk=0.110172 q=0 delta_q=-0.2 q_times_S=0
[DRO MODE] step=6 obstacle=0 mode=turn_left p=0.333333 risk=0.122692 q=0.877834 delta_q=0.5445 q_times_S=35.1133
[DRO MODE] step=6 obstacle=0 mode=turn_right p=0.466667 risk=0.098896 q=0.122166 delta_q=-0.3445 q_times_S=4.88666
[DRO SAMPLE] step=6 obstacle=0 mode=constant_velocity q=0 q_times_S=0 first_count=0 first_fraction=0 occupancy=0 occupancy_fraction=0
[DRO SAMPLE] step=6 obstacle=0 mode=turn_left q=0.877834 q_times_S=35.1133 first_count=34 first_fraction=0.85 occupancy=272 occupancy_fraction=0.85
[DRO SAMPLE] step=6 obstacle=0 mode=turn_right q=0.122166 q_times_S=4.88666 first_count=6 first_fraction=0.15 occupancy=48 occupancy_fraction=0.15
[RF BACKUP] available=1 controls=8 states=9
[FREE POLY] k=1 disc=0 raw=40 facets=0 vertices=4 rho=4.8 anchor_shift=0
[FREE POLY] k=1 disc=1 raw=40 facets=0 vertices=4 rho=0.800001 anchor_shift=0
[FREE POLY] k=1 disc=2 raw=40 facets=4 vertices=7 rho=4.8 anchor_shift=0
[FREE POLY] k=2 disc=0 raw=40 facets=1 vertices=4 rho=5.6 anchor_shift=0
[FREE POLY] k=2 disc=1 raw=40 facets=0 vertices=4 rho=1.6 anchor_shift=0
[FREE POLY] k=2 disc=2 raw=40 facets=4 vertices=7 rho=5.6 anchor_shift=0
[FREE POLY] k=3 disc=0 raw=40 facets=4 vertices=7 rho=6.4 anchor_shift=0
[FREE POLY] k=3 disc=1 raw=40 facets=0 vertices=4 rho=2.4 anchor_shift=0
[FREE POLY] k=3 disc=2 raw=40 facets=5 vertices=8 rho=6.4 anchor_shift=0
[FREE POLY] k=4 disc=0 raw=40 facets=4 vertices=7 rho=7.2 anchor_shift=0
[FREE POLY] k=4 disc=1 raw=40 facets=3 vertices=6 rho=3.2 anchor_shift=0
[FREE POLY] k=4 disc=2 raw=40 facets=4 vertices=7 rho=7.2 anchor_shift=0
[FREE POLY] k=5 disc=0 raw=40 facets=4 vertices=7 rho=8 anchor_shift=0
[FREE POLY] k=5 disc=1 raw=40 facets=4 vertices=7 rho=4 anchor_shift=0
[FREE POLY] k=5 disc=2 raw=40 facets=4 vertices=7 rho=8 anchor_shift=0
[FREE POLY] k=6 disc=0 raw=40 facets=4 vertices=7 rho=8.8 anchor_shift=0
[FREE POLY] k=6 disc=1 raw=40 facets=4 vertices=7 rho=4.8 anchor_shift=0
[FREE POLY] k=6 disc=2 raw=40 facets=4 vertices=7 rho=8.8 anchor_shift=0
[FREE POLY] k=7 disc=0 raw=40 facets=5 vertices=8 rho=9.6 anchor_shift=0
[FREE POLY] k=7 disc=1 raw=40 facets=4 vertices=7 rho=5.6 anchor_shift=0
[FREE POLY] k=7 disc=2 raw=40 facets=4 vertices=7 rho=9.6 anchor_shift=0
[FREE POLY] k=8 disc=0 raw=40 facets=5 vertices=8 rho=10.4 anchor_shift=0
[FREE POLY] k=8 disc=1 raw=40 facets=6 vertices=9 rho=6.4 anchor_shift=0
[FREE POLY] k=8 disc=2 raw=40 facets=4 vertices=6 rho=10.4 anchor_shift=0
[RF SUPPORT SEED] removed=0 support_limit=-1
[SQP] before_solve iter=0 vars=16 constraints=113 max_d=0.0129014
[QP WORST] iter=0 row=79 type=collision d=0.0129014
[QP WORST COLLISION] scenario=26 k=8 obstacle=0 disc=2
[SQP] after_solve iter=0 converged=1 status=0 iterations=4 primal_residual=3.63533e-16 dual_residual=6.89803e-05 x_size=16 x_finite=1
[SQP LINESEARCH] iter=0 current_violation=0.0129014 accepted_violation=0 accepted=1 alpha=1 delta_u_norm=0.555587
[SQP SUPPORT] iter=0 support_size=0 support_limit=-1 support_ok=1
[SQP] before_solve iter=1 vars=16 constraints=113 max_d=-0.000317474
[QP WORST] iter=1 row=79 type=collision d=-0.000317474
[QP WORST COLLISION] scenario=26 k=8 obstacle=0 disc=2
[SQP] after_solve iter=1 converged=1 status=0 iterations=5 primal_residual=4.29331e-16 dual_residual=1.43176e-05 x_size=16 x_finite=1
[SQP LINESEARCH] iter=1 current_violation=0 accepted_violation=0 accepted=1 alpha=1 delta_u_norm=0.236393
[SQP SUPPORT] iter=1 support_size=0 support_limit=-1 support_ok=1
[SQP] before_solve iter=2 vars=16 constraints=113 max_d=-5.64593e-06
[QP WORST] iter=2 row=79 type=collision d=-5.64593e-06
[QP WORST COLLISION] scenario=26 k=8 obstacle=0 disc=2
[SQP] after_solve iter=2 converged=1 status=0 iterations=5 primal_residual=4.34548e-16 dual_residual=1.205e-05 x_size=16 x_finite=1
[SQP LINESEARCH] iter=2 current_violation=0 accepted_violation=0 accepted=1 alpha=1 delta_u_norm=0.151983
[SQP SUPPORT] iter=2 support_size=0 support_limit=-1 support_ok=1
[SQP] before_solve iter=3 vars=16 constraints=113 max_d=-8.92289e-06
[QP WORST] iter=3 row=79 type=collision d=-8.92289e-06
[QP WORST COLLISION] scenario=26 k=8 obstacle=0 disc=2
[SQP] after_solve iter=3 converged=1 status=0 iterations=5 primal_residual=4.22947e-16 dual_residual=1.03451e-05 x_size=16 x_finite=1
[SQP LINESEARCH] iter=3 current_violation=0 accepted_violation=0 accepted=1 alpha=1 delta_u_norm=0.136301
[SQP SUPPORT] iter=3 support_size=0 support_limit=-1 support_ok=1
[SQP] before_solve iter=4 vars=16 constraints=113 max_d=-7.36474e-06
[QP WORST] iter=4 row=79 type=collision d=-7.36474e-06
[QP WORST COLLISION] scenario=26 k=8 obstacle=0 disc=2
[SQP] after_solve iter=4 converged=1 status=0 iterations=5 primal_residual=3.98986e-16 dual_residual=9.23634e-06 x_size=16 x_finite=1
[SQP LINESEARCH] iter=4 current_violation=0 accepted_violation=0 accepted=1 alpha=1 delta_u_norm=0.12543
[SQP SUPPORT] iter=4 support_size=0 support_limit=-1 support_ok=1
[SQP] before_solve iter=5 vars=16 constraints=113 max_d=-7.06601e-06
[QP WORST] iter=5 row=79 type=collision d=-7.06601e-06
[QP WORST COLLISION] scenario=26 k=8 obstacle=0 disc=2
[SQP] after_solve iter=5 converged=1 status=0 iterations=5 primal_residual=4.30211e-16 dual_residual=8.57728e-06 x_size=16 x_finite=1
[SQP LINESEARCH] iter=5 current_violation=0 accepted_violation=0 accepted=1 alpha=1 delta_u_norm=0.116809
[SQP SUPPORT] iter=5 support_size=0 support_limit=-1 support_ok=1
[SQP] before_solve iter=6 vars=16 constraints=113 max_d=-6.98068e-06
[QP WORST] iter=6 row=79 type=collision d=-6.98068e-06
[QP WORST COLLISION] scenario=26 k=8 obstacle=0 disc=2
[SQP] after_solve iter=6 converged=1 status=0 iterations=5 primal_residual=4.16334e-16 dual_residual=8.17864e-06 x_size=16 x_finite=1
[SQP LINESEARCH] iter=6 current_violation=0 accepted_violation=0 accepted=1 alpha=1 delta_u_norm=0.109559
[SQP SUPPORT] iter=6 support_size=0 support_limit=-1 support_ok=1
[SQP] before_solve iter=7 vars=16 constraints=113 max_d=-6.98164e-06
[QP WORST] iter=7 row=79 type=collision d=-6.98164e-06
[QP WORST COLLISION] scenario=26 k=8 obstacle=0 disc=2
[SQP] after_solve iter=7 converged=1 status=0 iterations=5 primal_residual=3.6394e-16 dual_residual=7.93701e-06 x_size=16 x_finite=1
[SQP LINESEARCH] iter=7 current_violation=0 accepted_violation=0 accepted=1 alpha=1 delta_u_norm=0.103224
[SQP SUPPORT] iter=7 support_size=0 support_limit=-1 support_ok=1
[SQP] before_solve iter=8 vars=16 constraints=113 max_d=-7.02514e-06
[QP WORST] iter=8 row=79 type=collision d=-7.02514e-06
[QP WORST COLLISION] scenario=26 k=8 obstacle=0 disc=2
[SQP] after_solve iter=8 converged=1 status=0 iterations=5 primal_residual=4.4062e-16 dual_residual=7.79373e-06 x_size=16 x_finite=1
[SQP LINESEARCH] iter=8 current_violation=0 accepted_violation=0 accepted=1 alpha=1 delta_u_norm=0.0975476
[SQP SUPPORT] iter=8 support_size=0 support_limit=-1 support_ok=1
[SQP] before_solve iter=9 vars=16 constraints=113 max_d=-7.09145e-06
[QP WORST] iter=9 row=79 type=collision d=-7.09145e-06
[QP WORST COLLISION] scenario=26 k=8 obstacle=0 disc=2
[SQP] after_solve iter=9 converged=1 status=0 iterations=5 primal_residual=4.29398e-16 dual_residual=7.71338e-06 x_size=16 x_finite=1
[SQP LINESEARCH] iter=9 current_violation=0 accepted_violation=0 accepted=1 alpha=1 delta_u_norm=0.0923769
[SQP SUPPORT] iter=9 support_size=0 support_limit=-1 support_ok=1
[SQP FINAL] final_violation=0 violated_constraints=0
[SUPPORT FINAL] sqp_union=0 final_active=2 support_limit=-1
[SUPPORT FINAL IDS] 23 26
[SUPPORT UNION IDS]
[COLD START RECOVERY CHECK] ordinary_sqp_failed=0 seed_available=1 incompatible=0 try_homotopy=0
[HARNESS RESULT] step=5 success=1 controls=8 first_input_present=1
[MPC STEP METRICS] step=5 applied=1 success=1 fallback=0 a=0.176922 omega=0.0773198 dt=0.1 acceleration_weight=0.1 steering_weight=0.1 control_cost_unweighted=0.0372798 control_cost_weighted=0.00372798 mpc_cost=-17.1563 solve_time=0.039211 qp_solve_time=0.0261457 constraint_time=0.006928 dro_risk_time=0.000455213 ambiguity_radius=0.00606342 certificate=not_requested
[EVAL SAFETY] step=6 min_center_distance=1.90681 min_clearance=0.956813 collision_this_step=0 collision_run=0 collision_radius=0.95
[DRO SUMMARY] step=7 obstacle=0 S=40 rho=0.00595243 rho_raw=0.00595243 D_max=0.0136335 D_min=0.0068334 tv_bound=0.871079 eta=0.436604 eta_raw=0.436604 radius_m=7 radius_d=3 transport_cost=0.00595243 budget_usage=1 lambda=2.02502 q_support=2 nominal_risk=0.139224 qstar_risk=0.151348 risk_lift=0.0121248 tv=0.524624
[DRO MODE] step=7 obstacle=0 mode=constant_velocity p=0.176471 risk=0.142113 q=0 delta_q=-0.176471 q_times_S=0
[DRO MODE] step=7 obstacle=0 mode=turn_left p=0.294118 risk=0.156353 q=0.818741 delta_q=0.524624 q_times_S=32.7497
[DRO MODE] step=7 obstacle=0 mode=turn_right p=0.529412 risk=0.128745 q=0.181259 delta_q=-0.348153 q_times_S=7.25034
[DRO SAMPLE] step=7 obstacle=0 mode=constant_velocity q=0 q_times_S=0 first_count=0 first_fraction=0 occupancy=0 occupancy_fraction=0
[DRO SAMPLE] step=7 obstacle=0 mode=turn_left q=0.818741 q_times_S=32.7497 first_count=30 first_fraction=0.75 occupancy=240 occupancy_fraction=0.75
[DRO SAMPLE] step=7 obstacle=0 mode=turn_right q=0.181259 q_times_S=7.25034 first_count=10 first_fraction=0.25 occupancy=80 occupancy_fraction=0.25
[RF BACKUP] available=1 controls=8 states=9
[FREE POLY] k=1 disc=0 raw=40 facets=3 vertices=7 rho=4.8 anchor_shift=0
[FREE POLY] k=1 disc=1 raw=40 facets=0 vertices=4 rho=0.800001 anchor_shift=0
[FREE POLY] k=1 disc=2 raw=40 facets=4 vertices=7 rho=4.8 anchor_shift=0
[FREE POLY] k=2 disc=0 raw=40 facets=3 vertices=6 rho=5.6 anchor_shift=0
[FREE POLY] k=2 disc=1 raw=40 facets=0 vertices=4 rho=1.6 anchor_shift=0
[FREE POLY] k=2 disc=2 raw=40 facets=3 vertices=6 rho=5.6 anchor_shift=0
[FREE POLY] k=3 disc=0 raw=40 facets=3 vertices=6 rho=6.4 anchor_shift=0
[FREE POLY] k=3 disc=1 raw=40 facets=2 vertices=6 rho=2.4 anchor_shift=0
[FREE POLY] k=3 disc=2 raw=40 facets=6 vertices=9 rho=6.4 anchor_shift=0
[FREE POLY] k=4 disc=0 raw=40 facets=3 vertices=6 rho=7.2 anchor_shift=0
[FREE POLY] k=4 disc=1 raw=40 facets=2 vertices=5 rho=3.2 anchor_shift=0
[FREE POLY] k=4 disc=2 raw=40 facets=5 vertices=8 rho=7.2 anchor_shift=0
[FREE POLY] k=5 disc=0 raw=40 facets=3 vertices=6 rho=8 anchor_shift=0
[FREE POLY] k=5 disc=1 raw=40 facets=3 vertices=6 rho=4 anchor_shift=0
[FREE POLY] k=5 disc=2 raw=40 facets=4 vertices=7 rho=8 anchor_shift=0
[FREE POLY] k=6 disc=0 raw=40 facets=3 vertices=6 rho=8.8 anchor_shift=0
[FREE POLY] k=6 disc=1 raw=40 facets=3 vertices=6 rho=4.8 anchor_shift=0
[FREE POLY] k=6 disc=2 raw=40 facets=3 vertices=6 rho=8.8 anchor_shift=0
[FREE POLY] k=7 disc=0 raw=40 facets=4 vertices=7 rho=9.6 anchor_shift=0
[FREE POLY] k=7 disc=1 raw=40 facets=5 vertices=8 rho=5.6 anchor_shift=0
[FREE POLY] k=7 disc=2 raw=40 facets=3 vertices=5 rho=9.6 anchor_shift=0
[FREE POLY] k=8 disc=0 raw=40 facets=4 vertices=7 rho=10.4 anchor_shift=0
[FREE POLY] k=8 disc=1 raw=40 facets=5 vertices=8 rho=6.4 anchor_shift=0
[FREE POLY] k=8 disc=2 raw=40 facets=3 vertices=6 rho=10.4 anchor_shift=0
[RF SUPPORT SEED] removed=0 support_limit=-1
[SQP] before_solve iter=0 vars=16 constraints=109 max_d=0.0555953
[QP WORST] iter=0 row=74 type=collision d=0.0555953
[QP WORST COLLISION] scenario=6 k=8 obstacle=0 disc=2
[SQP] after_solve iter=0 converged=1 status=0 iterations=5 primal_residual=6.07774e-09 dual_residual=7.0667e-06 x_size=16 x_finite=1
[SQP LINESEARCH] iter=0 current_violation=0.0555953 accepted_violation=0 accepted=1 alpha=1 delta_u_norm=0.329494
[SQP SUPPORT] iter=0 support_size=0 support_limit=-1 support_ok=1
[SQP] before_solve iter=1 vars=16 constraints=109 max_d=-0.000132115
[QP WORST] iter=1 row=51 type=collision d=-0.000132115
[QP WORST COLLISION] scenario=9 k=6 obstacle=0 disc=2
[SQP] after_solve iter=1 converged=1 status=0 iterations=5 primal_residual=1.87585e-08 dual_residual=5.94124e-06 x_size=16 x_finite=1
[SQP LINESEARCH] iter=1 current_violation=0 accepted_violation=0 accepted=1 alpha=1 delta_u_norm=0.180749
[SQP SUPPORT] iter=1 support_size=0 support_limit=-1 support_ok=1
[SQP] before_solve iter=2 vars=16 constraints=109 max_d=-9.53776e-06
[QP WORST] iter=2 row=62 type=collision d=-9.53776e-06
[QP WORST COLLISION] scenario=6 k=7 obstacle=0 disc=2
[SQP] after_solve iter=2 converged=1 status=0 iterations=5 primal_residual=4.1565e-08 dual_residual=9.34599e-06 x_size=16 x_finite=1
[SQP LINESEARCH] iter=2 current_violation=0 accepted_violation=0 accepted=1 alpha=1 delta_u_norm=0.145361
[SQP SUPPORT] iter=2 support_size=0 support_limit=-1 support_ok=1
[SQP] before_solve iter=3 vars=16 constraints=109 max_d=-1.14289e-06
[QP WORST] iter=3 row=62 type=collision d=-1.14289e-06
[QP WORST COLLISION] scenario=6 k=7 obstacle=0 disc=2
[SQP] after_solve iter=3 converged=1 status=0 iterations=5 primal_residual=1.34698e-08 dual_residual=6.11621e-06 x_size=16 x_finite=1
[SQP LINESEARCH] iter=3 current_violation=0 accepted_violation=0 accepted=1 alpha=1 delta_u_norm=0.133999
[SQP SUPPORT] iter=3 support_size=0 support_limit=-1 support_ok=1
[SQP] before_solve iter=4 vars=16 constraints=109 max_d=-7.44721e-07
[QP WORST] iter=4 row=63 type=collision d=-7.44721e-07
[QP WORST COLLISION] scenario=9 k=7 obstacle=0 disc=2
[SQP] after_solve iter=4 converged=1 status=0 iterations=5 primal_residual=5.26191e-08 dual_residual=1.18151e-05 x_size=16 x_finite=1
[SQP LINESEARCH] iter=4 current_violation=0 accepted_violation=0 accepted=1 alpha=1 delta_u_norm=0.124793
[SQP SUPPORT] iter=4 support_size=0 support_limit=-1 support_ok=1
[SQP] before_solve iter=5 vars=16 constraints=109 max_d=-5.59156e-07
[QP WORST] iter=5 row=63 type=collision d=-5.59156e-07
[QP WORST COLLISION] scenario=9 k=7 obstacle=0 disc=2
[SQP] after_solve iter=5 converged=1 status=0 iterations=5 primal_residual=7.35666e-08 dual_residual=1.65232e-05 x_size=16 x_finite=1
[SQP LINESEARCH] iter=5 current_violation=0 accepted_violation=0 accepted=1 alpha=1 delta_u_norm=0.116975
[SQP SUPPORT] iter=5 support_size=0 support_limit=-1 support_ok=1
[SQP] before_solve iter=6 vars=16 constraints=109 max_d=-4.76896e-07
[QP WORST] iter=6 row=63 type=collision d=-4.76896e-07
[QP WORST COLLISION] scenario=9 k=7 obstacle=0 disc=2
[SQP] after_solve iter=6 converged=1 status=0 iterations=5 primal_residual=8.25348e-08 dual_residual=1.84359e-05 x_size=16 x_finite=1
[SQP LINESEARCH] iter=6 current_violation=0 accepted_violation=0 accepted=1 alpha=1 delta_u_norm=0.110127
[SQP SUPPORT] iter=6 support_size=0 support_limit=-1 support_ok=1
[SQP] before_solve iter=7 vars=16 constraints=109 max_d=-4.18519e-07
[QP WORST] iter=7 row=63 type=collision d=-4.18519e-07
[QP WORST COLLISION] scenario=9 k=7 obstacle=0 disc=2
[SQP] after_solve iter=7 converged=1 status=0 iterations=5 primal_residual=8.36251e-08 dual_residual=1.85136e-05 x_size=16 x_finite=1
[SQP LINESEARCH] iter=7 current_violation=0 accepted_violation=0 accepted=1 alpha=1 delta_u_norm=0.103994
[SQP SUPPORT] iter=7 support_size=0 support_limit=-1 support_ok=1
[SQP] before_solve iter=8 vars=16 constraints=109 max_d=-3.71878e-07
[QP WORST] iter=8 row=63 type=collision d=-3.71878e-07
[QP WORST COLLISION] scenario=9 k=7 obstacle=0 disc=2
[SQP] after_solve iter=8 converged=1 status=0 iterations=5 primal_residual=7.91553e-08 dual_residual=1.73895e-05 x_size=16 x_finite=1
[SQP LINESEARCH] iter=8 current_violation=0 accepted_violation=0 accepted=1 alpha=1 delta_u_norm=0.0984179
[SQP SUPPORT] iter=8 support_size=0 support_limit=-1 support_ok=1
[SQP] before_solve iter=9 vars=16 constraints=109 max_d=-3.28843e-07
[QP WORST] iter=9 row=63 type=collision d=-3.28843e-07
[QP WORST COLLISION] scenario=9 k=7 obstacle=0 disc=2
[SQP] after_solve iter=9 converged=1 status=0 iterations=5 primal_residual=7.05678e-08 dual_residual=1.53976e-05 x_size=16 x_finite=1
[SQP LINESEARCH] iter=9 current_violation=0 accepted_violation=0 accepted=1 alpha=1 delta_u_norm=0.0932938
[SQP SUPPORT] iter=9 support_size=0 support_limit=-1 support_ok=1
[SQP FINAL] final_violation=0 violated_constraints=0
[SUPPORT FINAL] sqp_union=0 final_active=2 support_limit=-1
[SUPPORT FINAL IDS] 6 9
[SUPPORT UNION IDS]
[COLD START RECOVERY CHECK] ordinary_sqp_failed=0 seed_available=1 incompatible=0 try_homotopy=0
[HARNESS RESULT] step=6 success=1 controls=8 first_input_present=1
[MPC STEP METRICS] step=6 applied=1 success=1 fallback=0 a=0.0288231 omega=-0.0217518 dt=0.1 acceleration_weight=0.1 steering_weight=0.1 control_cost_unweighted=0.00130391 control_cost_weighted=0.000130391 mpc_cost=-16.9646 solve_time=0.0389699 qp_solve_time=0.0259612 constraint_time=0.00685122 dro_risk_time=0.000404477 ambiguity_radius=0.00595243 certificate=not_requested
[EVAL SAFETY] step=7 min_center_distance=1.71475 min_clearance=0.764746 collision_this_step=0 collision_run=0 collision_radius=0.95
[DRO SUMMARY] step=8 obstacle=0 S=40 rho=0.00545542 rho_raw=0.00545542 D_max=0.0136335 D_min=0.0068334 tv_bound=0.798346 eta=0.400149 eta_raw=0.400149 radius_m=8 radius_d=3 transport_cost=0.00545542 budget_usage=1 lambda=2.20901 q_support=2 nominal_risk=0.093087 qstar_risk=0.105172 risk_lift=0.0120847 tv=0.478903
[DRO MODE] step=8 obstacle=0 mode=constant_velocity p=0.157895 risk=0.0944614 q=0 delta_q=-0.157895 q_times_S=0
[DRO MODE] step=8 obstacle=0 mode=turn_left p=0.368421 risk=0.10977 q=0.847324 delta_q=0.478903 q_times_S=33.893
[DRO MODE] step=8 obstacle=0 mode=turn_right p=0.473684 risk=0.0796534 q=0.152676 delta_q=-0.321008 q_times_S=6.10704
[DRO SAMPLE] step=8 obstacle=0 mode=constant_velocity q=0 q_times_S=0 first_count=0 first_fraction=0 occupancy=0 occupancy_fraction=0
[DRO SAMPLE] step=8 obstacle=0 mode=turn_left q=0.847324 q_times_S=33.893 first_count=37 first_fraction=0.925 occupancy=296 occupancy_fraction=0.925
[DRO SAMPLE] step=8 obstacle=0 mode=turn_right q=0.152676 q_times_S=6.10704 first_count=3 first_fraction=0.075 occupancy=24 occupancy_fraction=0.075
[RF BACKUP] available=1 controls=8 states=9
[FREE POLY] k=1 disc=0 raw=40 facets=2 vertices=5 rho=4.8 anchor_shift=0
[FREE POLY] k=1 disc=1 raw=40 facets=0 vertices=4 rho=0.800001 anchor_shift=0
[FREE POLY] k=1 disc=2 raw=40 facets=4 vertices=7 rho=4.8 anchor_shift=0
[FREE POLY] k=2 disc=0 raw=40 facets=2 vertices=5 rho=5.6 anchor_shift=0
[FREE POLY] k=2 disc=1 raw=40 facets=0 vertices=4 rho=1.6 anchor_shift=0
[FREE POLY] k=2 disc=2 raw=40 facets=4 vertices=7 rho=5.6 anchor_shift=0
[FREE POLY] k=3 disc=0 raw=40 facets=2 vertices=5 rho=6.4 anchor_shift=0
[FREE POLY] k=3 disc=1 raw=40 facets=2 vertices=5 rho=2.4 anchor_shift=0
[FREE POLY] k=3 disc=2 raw=40 facets=4 vertices=7 rho=6.4 anchor_shift=0
[FREE POLY] k=4 disc=0 raw=40 facets=3 vertices=6 rho=7.2 anchor_shift=0
[FREE POLY] k=4 disc=1 raw=40 facets=2 vertices=5 rho=3.2 anchor_shift=0
[FREE POLY] k=4 disc=2 raw=40 facets=3 vertices=6 rho=7.2 anchor_shift=0
[FREE POLY] k=5 disc=0 raw=40 facets=2 vertices=5 rho=8 anchor_shift=0
[FREE POLY] k=5 disc=1 raw=40 facets=2 vertices=5 rho=4 anchor_shift=0
[FREE POLY] k=5 disc=2 raw=40 facets=5 vertices=8 rho=8 anchor_shift=0
[FREE POLY] k=6 disc=0 raw=40 facets=4 vertices=7 rho=8.8 anchor_shift=0
[FREE POLY] k=6 disc=1 raw=40 facets=5 vertices=8 rho=4.8 anchor_shift=0
[FREE POLY] k=6 disc=2 raw=40 facets=5 vertices=8 rho=8.8 anchor_shift=0
[FREE POLY] k=7 disc=0 raw=40 facets=3 vertices=6 rho=9.6 anchor_shift=0
[FREE POLY] k=7 disc=1 raw=40 facets=3 vertices=6 rho=5.6 anchor_shift=0
[FREE POLY] k=7 disc=2 raw=40 facets=3 vertices=6 rho=9.6 anchor_shift=0
[FREE POLY] k=8 disc=0 raw=40 facets=3 vertices=6 rho=10.4 anchor_shift=0
[FREE POLY] k=8 disc=1 raw=40 facets=3 vertices=6 rho=6.4 anchor_shift=0
[FREE POLY] k=8 disc=2 raw=40 facets=4 vertices=7 rho=10.4 anchor_shift=0
[RF SUPPORT SEED] removed=0 support_limit=-1
[SQP] before_solve iter=0 vars=16 constraints=102 max_d=0.0760573
[QP WORST] iter=0 row=69 type=collision d=0.0760573
[QP WORST COLLISION] scenario=38 k=8 obstacle=0 disc=2
[SQP] after_solve iter=0 converged=1 status=0 iterations=5 primal_residual=2.49824e-07 dual_residual=8.16289e-05 x_size=16 x_finite=1
[SQP LINESEARCH] iter=0 current_violation=0.0760573 accepted_violation=0 accepted=1 alpha=1 delta_u_norm=0.359392
[SQP SUPPORT] iter=0 support_size=0 support_limit=-1 support_ok=1
[SQP] before_solve iter=1 vars=16 constraints=102 max_d=-0.000126795
[QP WORST] iter=1 row=35 type=collision d=-0.000126795
[QP WORST COLLISION] scenario=35 k=5 obstacle=0 disc=2
[SQP] after_solve iter=1 converged=1 status=0 iterations=5 primal_residual=3.97469e-16 dual_residual=3.32503e-05 x_size=16 x_finite=1
[SQP LINESEARCH] iter=1 current_violation=0 accepted_violation=0 accepted=1 alpha=1 delta_u_norm=0.162644
[SQP SUPPORT] iter=1 support_size=0 support_limit=-1 support_ok=1
[SQP] before_solve iter=2 vars=16 constraints=102 max_d=-1.60915e-05
[QP WORST] iter=2 row=69 type=collision d=-1.60915e-05
[QP WORST COLLISION] scenario=38 k=8 obstacle=0 disc=2
[SQP] after_solve iter=2 converged=1 status=0 iterations=5 primal_residual=4.05925e-16 dual_residual=3.47143e-05 x_size=16 x_finite=1
[SQP LINESEARCH] iter=2 current_violation=0 accepted_violation=0 accepted=1 alpha=1 delta_u_norm=0.146546
[SQP SUPPORT] iter=2 support_size=0 support_limit=-1 support_ok=1
[SQP] before_solve iter=3 vars=16 constraints=102 max_d=-1.70308e-05
[QP WORST] iter=3 row=69 type=collision d=-1.70308e-05
[QP WORST COLLISION] scenario=38 k=8 obstacle=0 disc=2
[SQP] after_solve iter=3 converged=1 status=0 iterations=5 primal_residual=4.365e-16 dual_residual=3.64035e-05 x_size=16 x_finite=1
[SQP LINESEARCH] iter=3 current_violation=0 accepted_violation=0 accepted=1 alpha=1 delta_u_norm=0.134455
[SQP SUPPORT] iter=3 support_size=0 support_limit=-1 support_ok=1
[SQP] before_solve iter=4 vars=16 constraints=102 max_d=-1.75787e-05
[QP WORST] iter=4 row=69 type=collision d=-1.75787e-05
[QP WORST COLLISION] scenario=38 k=8 obstacle=0 disc=2
[SQP] after_solve iter=4 converged=1 status=0 iterations=5 primal_residual=4.09395e-16 dual_residual=3.77484e-05 x_size=16 x_finite=1
[SQP LINESEARCH] iter=4 current_violation=0 accepted_violation=0 accepted=1 alpha=1 delta_u_norm=0.12468
[SQP SUPPORT] iter=4 support_size=0 support_limit=-1 support_ok=1
[SQP] before_solve iter=5 vars=16 constraints=102 max_d=-1.80392e-05
[QP WORST] iter=5 row=69 type=collision d=-1.80392e-05
[QP WORST COLLISION] scenario=38 k=8 obstacle=0 disc=2
[SQP] after_solve iter=5 converged=1 status=0 iterations=5 primal_residual=3.80338e-16 dual_residual=3.87875e-05 x_size=16 x_finite=1
[SQP LINESEARCH] iter=5 current_violation=0 accepted_violation=0 accepted=1 alpha=1 delta_u_norm=0.116471
[SQP SUPPORT] iter=5 support_size=0 support_limit=-1 support_ok=1
[SQP] before_solve iter=6 vars=16 constraints=102 max_d=-1.84428e-05
[QP WORST] iter=6 row=69 type=collision d=-1.84428e-05
[QP WORST COLLISION] scenario=38 k=8 obstacle=0 disc=2
[SQP] after_solve iter=6 converged=1 status=0 iterations=5 primal_residual=4.41507e-16 dual_residual=3.95924e-05 x_size=16 x_finite=1
[SQP LINESEARCH] iter=6 current_violation=0 accepted_violation=0 accepted=1 alpha=1 delta_u_norm=0.109364
[SQP SUPPORT] iter=6 support_size=0 support_limit=-1 support_ok=1
[SQP] before_solve iter=7 vars=16 constraints=102 max_d=-1.87882e-05
[QP WORST] iter=7 row=69 type=collision d=-1.87882e-05
[QP WORST COLLISION] scenario=38 k=8 obstacle=0 disc=2
[SQP] after_solve iter=7 converged=1 status=0 iterations=5 primal_residual=4.23273e-16 dual_residual=4.0221e-05 x_size=16 x_finite=1
[SQP LINESEARCH] iter=7 current_violation=0 accepted_violation=0 accepted=1 alpha=1 delta_u_norm=0.103065
[SQP SUPPORT] iter=7 support_size=0 support_limit=-1 support_ok=1
[SQP] before_solve iter=8 vars=16 constraints=102 max_d=-1.90778e-05
[QP WORST] iter=8 row=69 type=collision d=-1.90778e-05
[QP WORST COLLISION] scenario=38 k=8 obstacle=0 disc=2
[SQP] after_solve iter=8 converged=1 status=0 iterations=5 primal_residual=4.23842e-16 dual_residual=4.07173e-05 x_size=16 x_finite=1
[SQP LINESEARCH] iter=8 current_violation=0 accepted_violation=0 accepted=1 alpha=1 delta_u_norm=0.097383
[SQP SUPPORT] iter=8 support_size=0 support_limit=-1 support_ok=1
[SQP] before_solve iter=9 vars=16 constraints=102 max_d=-1.93182e-05
[QP WORST] iter=9 row=69 type=collision d=-1.93182e-05
[QP WORST COLLISION] scenario=38 k=8 obstacle=0 disc=2
[SQP] after_solve iter=9 converged=1 status=0 iterations=5 primal_residual=4.38451e-16 dual_residual=4.11147e-05 x_size=16 x_finite=1
[SQP LINESEARCH] iter=9 current_violation=0 accepted_violation=0 accepted=1 alpha=1 delta_u_norm=0.0921933
[SQP SUPPORT] iter=9 support_size=0 support_limit=-1 support_ok=1
[SQP FINAL] final_violation=0 violated_constraints=0
[SUPPORT FINAL] sqp_union=0 final_active=2 support_limit=-1
[SUPPORT FINAL IDS] 35 38
[SUPPORT UNION IDS]
[COLD START RECOVERY CHECK] ordinary_sqp_failed=0 seed_available=1 incompatible=0 try_homotopy=0
[HARNESS RESULT] step=7 success=1 controls=8 first_input_present=1
[MPC STEP METRICS] step=7 applied=1 success=1 fallback=0 a=-0.140469 omega=-0.0942993 dt=0.1 acceleration_weight=0.1 steering_weight=0.1 control_cost_unweighted=0.028624 control_cost_weighted=0.0028624 mpc_cost=-16.6933 solve_time=0.0394422 qp_solve_time=0.0261842 constraint_time=0.0069619 dro_risk_time=0.000424324 ambiguity_radius=0.00545542 certificate=not_requested
[EVAL SAFETY] step=8 min_center_distance=1.52214 min_clearance=0.572143 collision_this_step=0 collision_run=0 collision_radius=0.95
[DRO SUMMARY] step=9 obstacle=0 S=40 rho=0.00501861 rho_raw=0.00501861 D_max=0.0136335 D_min=0.0068334 tv_bound=0.734424 eta=0.368109 eta_raw=0.368109 radius_m=9 radius_d=3 transport_cost=0.00501861 budget_usage=1 lambda=0.832831 q_support=2 nominal_risk=0.00631846 qstar_risk=0.0106017 risk_lift=0.00428327 tv=0.439363
[DRO MODE] step=9 obstacle=0 mode=constant_velocity p=0.142857 risk=0.00568487 q=0 delta_q=-0.142857 q_times_S=0
[DRO MODE] step=9 obstacle=0 mode=turn_left p=0.428571 risk=0.0121012 q=0.867935 delta_q=0.439363 q_times_S=34.7174
[DRO MODE] step=9 obstacle=0 mode=turn_right p=0.428571 risk=0.000746864 q=0.132065 delta_q=-0.296506 q_times_S=5.28261
[DRO SAMPLE] step=9 obstacle=0 mode=constant_velocity q=0 q_times_S=0 first_count=0 first_fraction=0 occupancy=0 occupancy_fraction=0
[DRO SAMPLE] step=9 obstacle=0 mode=turn_left q=0.867935 q_times_S=34.7174 first_count=37 first_fraction=0.925 occupancy=296 occupancy_fraction=0.925
[DRO SAMPLE] step=9 obstacle=0 mode=turn_right q=0.132065 q_times_S=5.28261 first_count=3 first_fraction=0.075 occupancy=24 occupancy_fraction=0.075
[RF BACKUP] available=1 controls=8 states=9
[FREE POLY] k=1 disc=0 raw=40 facets=2 vertices=5 rho=4.8 anchor_shift=0
[FREE POLY] k=1 disc=1 raw=40 facets=0 vertices=4 rho=0.800001 anchor_shift=0
[FREE POLY] k=1 disc=2 raw=40 facets=4 vertices=7 rho=4.8 anchor_shift=0
[FREE POLY] k=2 disc=0 raw=40 facets=4 vertices=7 rho=5.6 anchor_shift=0
[FREE POLY] k=2 disc=1 raw=40 facets=0 vertices=4 rho=1.6 anchor_shift=0
[FREE POLY] k=2 disc=2 raw=40 facets=4 vertices=7 rho=5.6 anchor_shift=0
[FREE POLY] k=3 disc=0 raw=40 facets=3 vertices=6 rho=6.4 anchor_shift=0
[FREE POLY] k=3 disc=1 raw=40 facets=3 vertices=6 rho=2.4 anchor_shift=0
[FREE POLY] k=3 disc=2 raw=40 facets=3 vertices=6 rho=6.4 anchor_shift=0
[FREE POLY] k=4 disc=0 raw=40 facets=3 vertices=6 rho=7.2 anchor_shift=0
[FREE POLY] k=4 disc=1 raw=40 facets=3 vertices=6 rho=3.2 anchor_shift=0
[FREE POLY] k=4 disc=2 raw=40 facets=3 vertices=6 rho=7.2 anchor_shift=0
[FREE POLY] k=5 disc=0 raw=40 facets=4 vertices=7 rho=8 anchor_shift=0
[FREE POLY] k=5 disc=1 raw=40 facets=4 vertices=7 rho=4 anchor_shift=0
[FREE POLY] k=5 disc=2 raw=40 facets=5 vertices=8 rho=8 anchor_shift=0
[FREE POLY] k=6 disc=0 raw=40 facets=4 vertices=7 rho=8.8 anchor_shift=0
[FREE POLY] k=6 disc=1 raw=40 facets=4 vertices=7 rho=4.8 anchor_shift=0
[FREE POLY] k=6 disc=2 raw=40 facets=5 vertices=8 rho=8.8 anchor_shift=0
[FREE POLY] k=7 disc=0 raw=40 facets=4 vertices=7 rho=9.6 anchor_shift=0
[FREE POLY] k=7 disc=1 raw=40 facets=4 vertices=7 rho=5.6 anchor_shift=0
[FREE POLY] k=7 disc=2 raw=40 facets=6 vertices=9 rho=9.6 anchor_shift=0
[FREE POLY] k=8 disc=0 raw=40 facets=4 vertices=7 rho=10.4 anchor_shift=0
[FREE POLY] k=8 disc=1 raw=40 facets=4 vertices=7 rho=6.4 anchor_shift=0
[FREE POLY] k=8 disc=2 raw=40 facets=4 vertices=7 rho=10.4 anchor_shift=0
[RF SUPPORT SEED] removed=0 support_limit=-1
[SQP] before_solve iter=0 vars=16 constraints=116 max_d=-0.0267293
[QP WORST] iter=0 row=31 type=collision d=-0.0267293
[QP WORST COLLISION] scenario=19 k=4 obstacle=0 disc=2
[SQP] after_solve iter=0 converged=1 status=0 iterations=5 primal_residual=1.05666e-07 dual_residual=5.59256e-05 x_size=16 x_finite=1
[SQP LINESEARCH] iter=0 current_violation=0 accepted_violation=0 accepted=1 alpha=0.5 delta_u_norm=0.246747
[SQP SUPPORT] iter=0 support_size=0 support_limit=-1 support_ok=1
[SQP] before_solve iter=1 vars=16 constraints=116 max_d=-0.0133959
[QP WORST] iter=1 row=31 type=collision d=-0.0133959
[QP WORST COLLISION] scenario=19 k=4 obstacle=0 disc=2
[SQP] after_solve iter=1 converged=1 status=0 iterations=5 primal_residual=1.18634e-07 dual_residual=6.02325e-05 x_size=16 x_finite=1
[SQP LINESEARCH] iter=1 current_violation=0 accepted_violation=0 accepted=1 alpha=0.5 delta_u_norm=0.191264
[SQP SUPPORT] iter=1 support_size=0 support_limit=-1 support_ok=1
[SQP] before_solve iter=2 vars=16 constraints=116 max_d=-0.0067096
[QP WORST] iter=2 row=31 type=collision d=-0.0067096
[QP WORST COLLISION] scenario=19 k=4 obstacle=0 disc=2
[SQP] after_solve iter=2 converged=1 status=0 iterations=5 primal_residual=1.52723e-07 dual_residual=7.40833e-05 x_size=16 x_finite=1
[SQP LINESEARCH] iter=2 current_violation=0 accepted_violation=0 accepted=1 alpha=0.5 delta_u_norm=0.165509
[SQP SUPPORT] iter=2 support_size=0 support_limit=-1 support_ok=1
[SQP] before_solve iter=3 vars=16 constraints=116 max_d=-0.00336386
[QP WORST] iter=3 row=31 type=collision d=-0.00336386
[QP WORST COLLISION] scenario=19 k=4 obstacle=0 disc=2
[SQP] after_solve iter=3 converged=1 status=0 iterations=5 primal_residual=1.94657e-07 dual_residual=9.22395e-05 x_size=16 x_finite=1
[SQP LINESEARCH] iter=3 current_violation=0 accepted_violation=0 accepted=1 alpha=1 delta_u_norm=0.152123
[SQP SUPPORT] iter=3 support_size=0 support_limit=-1 support_ok=1
[SQP] before_solve iter=4 vars=16 constraints=116 max_d=-1.98464e-06
[QP WORST] iter=4 row=44 type=collision d=-1.98464e-06
[QP WORST COLLISION] scenario=32 k=5 obstacle=0 disc=2
[SQP] after_solve iter=4 converged=1 status=0 iterations=6 primal_residual=6.42993e-09 dual_residual=3.47251e-06 x_size=16 x_finite=1
[SQP LINESEARCH] iter=4 current_violation=0 accepted_violation=0 accepted=1 alpha=1 delta_u_norm=0.136542
[SQP SUPPORT] iter=4 support_size=0 support_limit=-1 support_ok=1
[SQP] before_solve iter=5 vars=16 constraints=116 max_d=-4.92711e-06
[QP WORST] iter=5 row=31 type=collision d=-4.92711e-06
[QP WORST COLLISION] scenario=19 k=4 obstacle=0 disc=2
[SQP] after_solve iter=5 converged=1 status=0 iterations=6 primal_residual=4.92309e-09 dual_residual=2.94076e-06 x_size=16 x_finite=1
[SQP LINESEARCH] iter=5 current_violation=0 accepted_violation=0 accepted=1 alpha=1 delta_u_norm=0.126598
[SQP SUPPORT] iter=5 support_size=0 support_limit=-1 support_ok=1
[SQP] before_solve iter=6 vars=16 constraints=116 max_d=-4.98917e-06
[QP WORST] iter=6 row=31 type=collision d=-4.98917e-06
[QP WORST COLLISION] scenario=19 k=4 obstacle=0 disc=2
[SQP] after_solve iter=6 converged=1 status=0 iterations=6 primal_residual=3.99934e-09 dual_residual=3.11202e-06 x_size=16 x_finite=1
[SQP LINESEARCH] iter=6 current_violation=0 accepted_violation=0 accepted=1 alpha=1 delta_u_norm=0.118549
[SQP SUPPORT] iter=6 support_size=0 support_limit=-1 support_ok=1
[SQP] before_solve iter=7 vars=16 constraints=116 max_d=-5.14121e-06
[QP WORST] iter=7 row=31 type=collision d=-5.14121e-06
[QP WORST COLLISION] scenario=19 k=4 obstacle=0 disc=2
[SQP] after_solve iter=7 converged=1 status=0 iterations=6 primal_residual=3.30539e-09 dual_residual=3.21826e-06 x_size=16 x_finite=1
[SQP LINESEARCH] iter=7 current_violation=0 accepted_violation=0 accepted=1 alpha=1 delta_u_norm=0.111501
[SQP SUPPORT] iter=7 support_size=0 support_limit=-1 support_ok=1
[SQP] before_solve iter=8 vars=16 constraints=116 max_d=-5.24643e-06
[QP WORST] iter=8 row=31 type=collision d=-5.24643e-06
[QP WORST COLLISION] scenario=19 k=4 obstacle=0 disc=2
[SQP] after_solve iter=8 converged=1 status=0 iterations=6 primal_residual=2.76449e-09 dual_residual=3.28643e-06 x_size=16 x_finite=1
[SQP LINESEARCH] iter=8 current_violation=0 accepted_violation=0 accepted=1 alpha=1 delta_u_norm=0.105191
[SQP SUPPORT] iter=8 support_size=0 support_limit=-1 support_ok=1
[SQP] before_solve iter=9 vars=16 constraints=116 max_d=-5.32628e-06
[QP WORST] iter=9 row=31 type=collision d=-5.32628e-06
[QP WORST COLLISION] scenario=19 k=4 obstacle=0 disc=2
[SQP] after_solve iter=9 converged=1 status=0 iterations=6 primal_residual=2.33452e-09 dual_residual=3.33162e-06 x_size=16 x_finite=1
[SQP LINESEARCH] iter=9 current_violation=0 accepted_violation=0 accepted=1 alpha=1 delta_u_norm=0.0994597
[SQP SUPPORT] iter=9 support_size=0 support_limit=-1 support_ok=1
[SQP FINAL] final_violation=0 violated_constraints=0
[SUPPORT FINAL] sqp_union=0 final_active=4 support_limit=-1
[SUPPORT FINAL IDS] 6 19 32 39
[SUPPORT UNION IDS]
[COLD START RECOVERY CHECK] ordinary_sqp_failed=0 seed_available=1 incompatible=0 try_homotopy=0
[HARNESS RESULT] step=8 success=1 controls=8 first_input_present=1
[MPC STEP METRICS] step=8 applied=1 success=1 fallback=0 a=-0.0465073 omega=-0.138982 dt=0.1 acceleration_weight=0.1 steering_weight=0.1 control_cost_unweighted=0.0214788 control_cost_weighted=0.00214788 mpc_cost=-16.5149 solve_time=0.040575 qp_solve_time=0.0273688 constraint_time=0.00701416 dro_risk_time=0.000407703 ambiguity_radius=0.00501861 certificate=not_requested
[EVAL SAFETY] step=9 min_center_distance=1.3301 min_clearance=0.380101 collision_this_step=0 collision_run=0 collision_radius=0.95
[DRO SUMMARY] step=10 obstacle=0 S=40 rho=0.00499124 rho_raw=0.00499124 D_max=0.0136335 D_min=0.0068334 tv_bound=0.730418 eta=0.366102 eta_raw=0.366102 radius_m=10 radius_d=3 transport_cost=0.00499124 budget_usage=1 lambda=0.507219 q_support=2 nominal_risk=0.0101806 qstar_risk=0.0127248 risk_lift=0.00254427 tv=0.43116
[DRO MODE] step=10 obstacle=0 mode=constant_velocity p=0.130435 risk=0.0103897 q=0 delta_q=-0.130435 q_times_S=0
[DRO MODE] step=10 obstacle=0 mode=turn_left p=0.391304 risk=0.0139525 q=0.822464 delta_q=0.43116 q_times_S=32.8986
[DRO MODE] step=10 obstacle=0 mode=turn_right p=0.478261 risk=0.00703735 q=0.177536 delta_q=-0.300725 q_times_S=7.10144
[DRO SAMPLE] step=10 obstacle=0 mode=constant_velocity q=0 q_times_S=0 first_count=0 first_fraction=0 occupancy=0 occupancy_fraction=0
[DRO SAMPLE] step=10 obstacle=0 mode=turn_left q=0.822464 q_times_S=32.8986 first_count=32 first_fraction=0.8 occupancy=256 occupancy_fraction=0.8
[DRO SAMPLE] step=10 obstacle=0 mode=turn_right q=0.177536 q_times_S=7.10144 first_count=8 first_fraction=0.2 occupancy=64 occupancy_fraction=0.2
[RF BACKUP] available=1 controls=8 states=9
[FREE POLY] k=1 disc=0 raw=40 facets=1 vertices=4 rho=4.8 anchor_shift=0
[FREE POLY] k=1 disc=1 raw=40 facets=0 vertices=4 rho=0.800001 anchor_shift=0
[FREE POLY] k=1 disc=2 raw=40 facets=4 vertices=7 rho=4.8 anchor_shift=0
[FREE POLY] k=2 disc=0 raw=40 facets=1 vertices=4 rho=5.6 anchor_shift=0
[FREE POLY] k=2 disc=1 raw=40 facets=0 vertices=4 rho=1.6 anchor_shift=0
[FREE POLY] k=2 disc=2 raw=40 facets=3 vertices=6 rho=5.6 anchor_shift=0
[FREE POLY] k=3 disc=0 raw=40 facets=2 vertices=5 rho=6.4 anchor_shift=0
[FREE POLY] k=3 disc=1 raw=40 facets=2 vertices=5 rho=2.4 anchor_shift=0
[FREE POLY] k=3 disc=2 raw=40 facets=4 vertices=7 rho=6.4 anchor_shift=0
[FREE POLY] k=4 disc=0 raw=40 facets=2 vertices=5 rho=7.2 anchor_shift=0
[FREE POLY] k=4 disc=1 raw=40 facets=2 vertices=5 rho=3.2 anchor_shift=0
[FREE POLY] k=4 disc=2 raw=40 facets=4 vertices=7 rho=7.2 anchor_shift=0
[FREE POLY] k=5 disc=0 raw=40 facets=2 vertices=5 rho=8 anchor_shift=0
[FREE POLY] k=5 disc=1 raw=40 facets=2 vertices=5 rho=4 anchor_shift=0
[FREE POLY] k=5 disc=2 raw=40 facets=4 vertices=7 rho=8 anchor_shift=0
[FREE POLY] k=6 disc=0 raw=40 facets=2 vertices=5 rho=8.8 anchor_shift=0
[FREE POLY] k=6 disc=1 raw=40 facets=3 vertices=6 rho=4.8 anchor_shift=0
[FREE POLY] k=6 disc=2 raw=40 facets=4 vertices=7 rho=8.8 anchor_shift=0
[FREE POLY] k=7 disc=0 raw=40 facets=2 vertices=5 rho=9.6 anchor_shift=0
[FREE POLY] k=7 disc=1 raw=40 facets=3 vertices=6 rho=5.6 anchor_shift=0
[FREE POLY] k=7 disc=2 raw=40 facets=4 vertices=7 rho=9.6 anchor_shift=0
[FREE POLY] k=8 disc=0 raw=40 facets=2 vertices=5 rho=10.4 anchor_shift=0
[FREE POLY] k=8 disc=1 raw=40 facets=4 vertices=7 rho=6.4 anchor_shift=0
[FREE POLY] k=8 disc=2 raw=40 facets=4 vertices=7 rho=10.4 anchor_shift=0
[RF SUPPORT SEED] removed=0 support_limit=-1
[SQP] before_solve iter=0 vars=16 constraints=93 max_d=0.00156984
[QP WORST] iter=0 row=24 type=collision d=0.00156984
[QP WORST COLLISION] scenario=38 k=4 obstacle=0 disc=2
[SQP] after_solve iter=0 converged=1 status=0 iterations=6 primal_residual=2.02568e-08 dual_residual=1.40669e-05 x_size=16 x_finite=1
[SQP LINESEARCH] iter=0 current_violation=0.00156984 accepted_violation=0.000497644 accepted=1 alpha=1 delta_u_norm=0.281472
[SQP SUPPORT] iter=0 support_size=0 support_limit=-1 support_ok=1
[SQP] before_solve iter=1 vars=16 constraints=93 max_d=0.000497644
[QP WORST] iter=1 row=57 type=collision d=0.000497644
[QP WORST COLLISION] scenario=13 k=8 obstacle=0 disc=2
[SQP] after_solve iter=1 converged=1 status=0 iterations=7 primal_residual=4.33681e-16 dual_residual=2.12554e-06 x_size=16 x_finite=1
[SQP LINESEARCH] iter=1 current_violation=0.000497644 accepted_violation=0 accepted=1 alpha=1 delta_u_norm=0.163442
[SQP SUPPORT] iter=1 support_size=0 support_limit=-1 support_ok=1
[SQP] before_solve iter=2 vars=16 constraints=93 max_d=-1.72706e-06
[QP WORST] iter=2 row=14 type=collision d=-1.72706e-06
[QP WORST COLLISION] scenario=20 k=3 obstacle=0 disc=2
[SQP] after_solve iter=2 converged=1 status=0 iterations=7 primal_residual=3.747e-16 dual_residual=1.77516e-06 x_size=16 x_finite=1
[SQP LINESEARCH] iter=2 current_violation=0 accepted_violation=0 accepted=1 alpha=1 delta_u_norm=0.145495
[SQP SUPPORT] iter=2 support_size=0 support_limit=-1 support_ok=1
[SQP] before_solve iter=3 vars=16 constraints=93 max_d=-1.96182e-06
[QP WORST] iter=3 row=14 type=collision d=-1.96182e-06
[QP WORST COLLISION] scenario=20 k=3 obstacle=0 disc=2
[SQP] after_solve iter=3 converged=1 status=0 iterations=7 primal_residual=3.53884e-16 dual_residual=1.52285e-06 x_size=16 x_finite=1
[SQP LINESEARCH] iter=3 current_violation=0 accepted_violation=0 accepted=1 alpha=1 delta_u_norm=0.134368
[SQP SUPPORT] iter=3 support_size=0 support_limit=-1 support_ok=1
[SQP] before_solve iter=4 vars=16 constraints=93 max_d=-2.05561e-06
[QP WORST] iter=4 row=14 type=collision d=-2.05561e-06
[QP WORST COLLISION] scenario=20 k=3 obstacle=0 disc=2
[SQP] after_solve iter=4 converged=1 status=0 iterations=7 primal_residual=3.46945e-16 dual_residual=1.31793e-06 x_size=16 x_finite=1
[SQP LINESEARCH] iter=4 current_violation=0 accepted_violation=0 accepted=1 alpha=1 delta_u_norm=0.125248
[SQP SUPPORT] iter=4 support_size=0 support_limit=-1 support_ok=1
[SQP] before_solve iter=5 vars=16 constraints=93 max_d=-2.03209e-06
[QP WORST] iter=5 row=14 type=collision d=-2.03209e-06
[QP WORST COLLISION] scenario=20 k=3 obstacle=0 disc=2
[SQP] after_solve iter=5 converged=1 status=0 iterations=6 primal_residual=1.06288e-07 dual_residual=8.1844e-05 x_size=16 x_finite=1
[SQP LINESEARCH] iter=5 current_violation=0 accepted_violation=0 accepted=1 alpha=1 delta_u_norm=0.117332
[SQP SUPPORT] iter=5 support_size=0 support_limit=-1 support_ok=1
[SQP] before_solve iter=6 vars=16 constraints=93 max_d=-1.69747e-06
[QP WORST] iter=6 row=40 type=collision d=-1.69747e-06
[QP WORST COLLISION] scenario=34 k=6 obstacle=0 disc=2
[SQP] after_solve iter=6 converged=1 status=0 iterations=6 primal_residual=8.22825e-08 dual_residual=7.73897e-05 x_size=16 x_finite=1
[SQP LINESEARCH] iter=6 current_violation=0 accepted_violation=0 accepted=1 alpha=1 delta_u_norm=0.110249
[SQP SUPPORT] iter=6 support_size=0 support_limit=-1 support_ok=1
[SQP] before_solve iter=7 vars=16 constraints=93 max_d=-1.68162e-06
[QP WORST] iter=7 row=40 type=collision d=-1.68162e-06
[QP WORST COLLISION] scenario=34 k=6 obstacle=0 disc=2
[SQP] after_solve iter=7 converged=1 status=0 iterations=6 primal_residual=7.94766e-08 dual_residual=7.57046e-05 x_size=16 x_finite=1
[SQP LINESEARCH] iter=7 current_violation=0 accepted_violation=0 accepted=1 alpha=1 delta_u_norm=0.103969
[SQP SUPPORT] iter=7 support_size=0 support_limit=-1 support_ok=1
[SQP] before_solve iter=8 vars=16 constraints=93 max_d=-1.64326e-06
[QP WORST] iter=8 row=40 type=collision d=-1.64326e-06
[QP WORST COLLISION] scenario=34 k=6 obstacle=0 disc=2
[SQP] after_solve iter=8 converged=1 status=0 iterations=6 primal_residual=7.74043e-08 dual_residual=7.43117e-05 x_size=16 x_finite=1
[SQP LINESEARCH] iter=8 current_violation=0 accepted_violation=0 accepted=1 alpha=1 delta_u_norm=0.098234
[SQP SUPPORT] iter=8 support_size=0 support_limit=-1 support_ok=1
[SQP] before_solve iter=9 vars=16 constraints=93 max_d=-1.61337e-06
[QP WORST] iter=9 row=40 type=collision d=-1.61337e-06
[QP WORST COLLISION] scenario=34 k=6 obstacle=0 disc=2
[SQP] after_solve iter=9 converged=1 status=0 iterations=6 primal_residual=7.58347e-08 dual_residual=7.317e-05 x_size=16 x_finite=1
[SQP LINESEARCH] iter=9 current_violation=0 accepted_violation=0 accepted=1 alpha=1 delta_u_norm=0.092956
[SQP SUPPORT] iter=9 support_size=0 support_limit=-1 support_ok=1
[SQP FINAL] final_violation=0 violated_constraints=0
[SUPPORT FINAL] sqp_union=0 final_active=4 support_limit=-1
[SUPPORT FINAL IDS] 13 20 34 38
[SUPPORT UNION IDS]
[COLD START RECOVERY CHECK] ordinary_sqp_failed=0 seed_available=1 incompatible=0 try_homotopy=0
[HARNESS RESULT] step=9 success=1 controls=8 first_input_present=1
[MPC STEP METRICS] step=9 applied=1 success=1 fallback=0 a=-0.0553642 omega=0.651397 dt=0.1 acceleration_weight=0.1 steering_weight=0.1 control_cost_unweighted=0.427383 control_cost_weighted=0.0427383 mpc_cost=-16.3041 solve_time=0.0381687 qp_solve_time=0.0254902 constraint_time=0.00657885 dro_risk_time=0.000406721 ambiguity_radius=0.00499124 certificate=not_requested
[EVAL SAFETY] step=10 min_center_distance=1.15873 min_clearance=0.208734 collision_this_step=0 collision_run=0 collision_radius=0.95
[DRO SUMMARY] step=11 obstacle=0 S=40 rho=0.00490039 rho_raw=0.00490039 D_max=0.0136335 D_min=0.0068334 tv_bound=0.717124 eta=0.359438 eta_raw=0.359438 radius_m=11 radius_d=3 transport_cost=0.00490039 budget_usage=1 lambda=1.56071 q_support=2 nominal_risk=0.0159776 qstar_risk=0.0237698 risk_lift=0.00779225 tv=0.419292
[DRO MODE] step=11 obstacle=0 mode=constant_velocity p=0.12 risk=0.0165997 q=0 delta_q=-0.12 q_times_S=0
[DRO MODE] step=11 obstacle=0 mode=turn_left p=0.36 risk=0.028466 q=0.779292 delta_q=0.419292 q_times_S=31.1717
[DRO MODE] step=11 obstacle=0 mode=turn_right p=0.52 risk=0.00718818 q=0.220708 delta_q=-0.299292 q_times_S=8.82834
[DRO SAMPLE] step=11 obstacle=0 mode=constant_velocity q=0 q_times_S=0 first_count=0 first_fraction=0 occupancy=0 occupancy_fraction=0
[DRO SAMPLE] step=11 obstacle=0 mode=turn_left q=0.779292 q_times_S=31.1717 first_count=29 first_fraction=0.725 occupancy=232 occupancy_fraction=0.725
[DRO SAMPLE] step=11 obstacle=0 mode=turn_right q=0.220708 q_times_S=8.82834 first_count=11 first_fraction=0.275 occupancy=88 occupancy_fraction=0.275
[RF BACKUP] available=1 controls=8 states=9
[FREE POLY] k=1 disc=0 raw=40 facets=2 vertices=5 rho=4.8 anchor_shift=0
[FREE POLY] k=1 disc=1 raw=40 facets=0 vertices=4 rho=0.800001 anchor_shift=0
[FREE POLY] k=1 disc=2 raw=40 facets=6 vertices=9 rho=4.8 anchor_shift=0
[FREE POLY] k=2 disc=0 raw=40 facets=3 vertices=6 rho=5.6 anchor_shift=0
[FREE POLY] k=2 disc=1 raw=40 facets=0 vertices=4 rho=1.6 anchor_shift=0
[FREE POLY] k=2 disc=2 raw=40 facets=4 vertices=7 rho=5.6 anchor_shift=0
[FREE POLY] k=3 disc=0 raw=40 facets=3 vertices=6 rho=6.4 anchor_shift=0
[FREE POLY] k=3 disc=1 raw=40 facets=2 vertices=5 rho=2.4 anchor_shift=0
[FREE POLY] k=3 disc=2 raw=40 facets=4 vertices=7 rho=6.4 anchor_shift=0
[FREE POLY] k=4 disc=0 raw=40 facets=3 vertices=6 rho=7.2 anchor_shift=0
[FREE POLY] k=4 disc=1 raw=40 facets=2 vertices=5 rho=3.2 anchor_shift=0
[FREE POLY] k=4 disc=2 raw=40 facets=4 vertices=7 rho=7.2 anchor_shift=0
[FREE POLY] k=5 disc=0 raw=40 facets=4 vertices=7 rho=8 anchor_shift=0
[FREE POLY] k=5 disc=1 raw=40 facets=3 vertices=6 rho=4 anchor_shift=0
[FREE POLY] k=5 disc=2 raw=40 facets=3 vertices=6 rho=8 anchor_shift=0
[FREE POLY] k=6 disc=0 raw=40 facets=2 vertices=5 rho=8.8 anchor_shift=0
[FREE POLY] k=6 disc=1 raw=40 facets=3 vertices=6 rho=4.8 anchor_shift=0
[FREE POLY] k=6 disc=2 raw=40 facets=3 vertices=6 rho=8.8 anchor_shift=0
[FREE POLY] k=7 disc=0 raw=40 facets=3 vertices=6 rho=9.6 anchor_shift=0
[FREE POLY] k=7 disc=1 raw=40 facets=4 vertices=7 rho=5.6 anchor_shift=0
[FREE POLY] k=7 disc=2 raw=40 facets=5 vertices=8 rho=9.6 anchor_shift=0
[FREE POLY] k=8 disc=0 raw=40 facets=3 vertices=6 rho=10.4 anchor_shift=0
[FREE POLY] k=8 disc=1 raw=40 facets=4 vertices=7 rho=6.4 anchor_shift=0
[FREE POLY] k=8 disc=2 raw=40 facets=5 vertices=8 rho=10.4 anchor_shift=0
[RF SUPPORT SEED] removed=0 support_limit=-1
[SQP] before_solve iter=0 vars=16 constraints=107 max_d=-0.019877
[QP WORST] iter=0 row=42 type=collision d=-0.019877
[QP WORST COLLISION] scenario=15 k=5 obstacle=0 disc=2
[SQP] after_solve iter=0 converged=1 status=0 iterations=6 primal_residual=3.02194e-08 dual_residual=5.44902e-05 x_size=16 x_finite=1
[SQP LINESEARCH] iter=0 current_violation=0 accepted_violation=0 accepted=1 alpha=0.5 delta_u_norm=0.393586
[SQP SUPPORT] iter=0 support_size=0 support_limit=-1 support_ok=1
[SQP] before_solve iter=1 vars=16 constraints=107 max_d=-0.00994641
[QP WORST] iter=1 row=42 type=collision d=-0.00994641
[QP WORST COLLISION] scenario=15 k=5 obstacle=0 disc=2
[SQP] after_solve iter=1 converged=1 status=0 iterations=6 primal_residual=3.95429e-08 dual_residual=9.61725e-05 x_size=16 x_finite=1
[SQP LINESEARCH] iter=1 current_violation=0 accepted_violation=0 accepted=1 alpha=0.5 delta_u_norm=0.24753
[SQP SUPPORT] iter=1 support_size=0 support_limit=-1 support_ok=1
[SQP] before_solve iter=2 vars=16 constraints=107 max_d=-0.00499364
[QP WORST] iter=2 row=42 type=collision d=-0.00499364
[QP WORST COLLISION] scenario=15 k=5 obstacle=0 disc=2
[SQP] after_solve iter=2 converged=1 status=0 iterations=7 primal_residual=4.59096e-09 dual_residual=4.32644e-06 x_size=16 x_finite=1
[SQP LINESEARCH] iter=2 current_violation=0 accepted_violation=0 accepted=1 alpha=0.5 delta_u_norm=0.185056
[SQP SUPPORT] iter=2 support_size=0 support_limit=-1 support_ok=1
[SQP] before_solve iter=3 vars=16 constraints=107 max_d=-0.00249848
[QP WORST] iter=3 row=42 type=collision d=-0.00249848
[QP WORST COLLISION] scenario=15 k=5 obstacle=0 disc=2
[SQP] after_solve iter=3 converged=1 status=0 iterations=7 primal_residual=4.16334e-16 dual_residual=4.42822e-06 x_size=16 x_finite=1
[SQP LINESEARCH] iter=3 current_violation=0 accepted_violation=0 accepted=1 alpha=0.5 delta_u_norm=0.158631
[SQP SUPPORT] iter=3 support_size=0 support_limit=-1 support_ok=1
[SQP] before_solve iter=4 vars=16 constraints=107 max_d=-0.00125574
[QP WORST] iter=4 row=42 type=collision d=-0.00125574
[QP WORST COLLISION] scenario=15 k=5 obstacle=0 disc=2
[SQP] after_solve iter=4 converged=1 status=0 iterations=7 primal_residual=4.4062e-16 dual_residual=4.95647e-06 x_size=16 x_finite=1
[SQP LINESEARCH] iter=4 current_violation=0 accepted_violation=0 accepted=1 alpha=1 delta_u_norm=0.146093
[SQP SUPPORT] iter=4 support_size=0 support_limit=-1 support_ok=1
[SQP] before_solve iter=5 vars=16 constraints=107 max_d=-1.19891e-05
[QP WORST] iter=5 row=70 type=collision d=-1.19891e-05
[QP WORST COLLISION] scenario=0 k=8 obstacle=0 disc=2
[SQP] after_solve iter=5 converged=1 status=0 iterations=7 primal_residual=3.36536e-16 dual_residual=5.33222e-06 x_size=16 x_finite=1
[SQP LINESEARCH] iter=5 current_violation=0 accepted_violation=0 accepted=1 alpha=1 delta_u_norm=0.132478
[SQP SUPPORT] iter=5 support_size=0 support_limit=-1 support_ok=1
[SQP] before_solve iter=6 vars=16 constraints=107 max_d=-1.42117e-05
[QP WORST] iter=6 row=50 type=collision d=-1.42117e-05
[QP WORST COLLISION] scenario=15 k=6 obstacle=0 disc=2
[SQP] after_solve iter=6 converged=1 status=0 iterations=7 primal_residual=4.16334e-16 dual_residual=5.20167e-06 x_size=16 x_finite=1
[SQP LINESEARCH] iter=6 current_violation=0 accepted_violation=0 accepted=1 alpha=1 delta_u_norm=0.123849
[SQP SUPPORT] iter=6 support_size=0 support_limit=-1 support_ok=1
[SQP] before_solve iter=7 vars=16 constraints=107 max_d=-1.38883e-05
[QP WORST] iter=7 row=50 type=collision d=-1.38883e-05
[QP WORST COLLISION] scenario=15 k=6 obstacle=0 disc=2
[SQP] after_solve iter=7 converged=1 status=0 iterations=7 primal_residual=4.12864e-16 dual_residual=5.10783e-06 x_size=16 x_finite=1
[SQP LINESEARCH] iter=7 current_violation=0 accepted_violation=0 accepted=1 alpha=1 delta_u_norm=0.116453
[SQP SUPPORT] iter=7 support_size=0 support_limit=-1 support_ok=1
[SQP] before_solve iter=8 vars=16 constraints=107 max_d=-1.36405e-05
[QP WORST] iter=8 row=50 type=collision d=-1.36405e-05
[QP WORST COLLISION] scenario=15 k=6 obstacle=0 disc=2
[SQP] after_solve iter=8 converged=1 status=0 iterations=7 primal_residual=3.88578e-16 dual_residual=5.03144e-06 x_size=16 x_finite=1
[SQP LINESEARCH] iter=8 current_violation=0 accepted_violation=0 accepted=1 alpha=1 delta_u_norm=0.10985
[SQP SUPPORT] iter=8 support_size=0 support_limit=-1 support_ok=1
[SQP] before_solve iter=9 vars=16 constraints=107 max_d=-1.34348e-05
[QP WORST] iter=9 row=50 type=collision d=-1.34348e-05
[QP WORST COLLISION] scenario=15 k=6 obstacle=0 disc=2
[SQP] after_solve iter=9 converged=1 status=0 iterations=7 primal_residual=4.3715e-16 dual_residual=4.96647e-06 x_size=16 x_finite=1
[SQP LINESEARCH] iter=9 current_violation=0 accepted_violation=0 accepted=1 alpha=1 delta_u_norm=0.103857
[SQP SUPPORT] iter=9 support_size=0 support_limit=-1 support_ok=1
[SQP FINAL] final_violation=0 violated_constraints=0
[SUPPORT FINAL] sqp_union=0 final_active=4 support_limit=-1
[SUPPORT FINAL IDS] 0 3 11 15
[SUPPORT UNION IDS]
[COLD START RECOVERY CHECK] ordinary_sqp_failed=0 seed_available=1 incompatible=0 try_homotopy=0
[HARNESS RESULT] step=10 success=1 controls=8 first_input_present=1
[MPC STEP METRICS] step=10 applied=1 success=1 fallback=0 a=0.00726861 omega=0.660046 dt=0.1 acceleration_weight=0.1 steering_weight=0.1 control_cost_unweighted=0.435714 control_cost_weighted=0.0435714 mpc_cost=-16.1716 solve_time=0.0399267 qp_solve_time=0.0271251 constraint_time=0.00678844 dro_risk_time=0.000404347 ambiguity_radius=0.00490039 certificate=not_requested
[EVAL SAFETY] step=11 min_center_distance=1.0256 min_clearance=0.0755989 collision_this_step=0 collision_run=0 collision_radius=0.95
[DRO SUMMARY] step=12 obstacle=0 S=40 rho=0.00462368 rho_raw=0.00462368 D_max=0.0136335 D_min=0.0068334 tv_bound=0.67663 eta=0.339142 eta_raw=0.339142 radius_m=12 radius_d=3 transport_cost=0.00462368 budget_usage=1 lambda=1.79324 q_support=2 nominal_risk=0.0230319 qstar_risk=0.0316168 risk_lift=0.00858493 tv=0.481481
[DRO MODE] step=12 obstacle=0 mode=constant_velocity p=0.111111 risk=0.0242575 q=0.396488 delta_q=0.285377 q_times_S=15.8595
[DRO MODE] step=12 obstacle=0 mode=turn_left p=0.407407 risk=0.0364517 q=0.603512 delta_q=0.196105 q_times_S=24.1405
[DRO MODE] step=12 obstacle=0 mode=turn_right p=0.481481 risk=0.0113939 q=0 delta_q=-0.481481 q_times_S=0
[DRO SAMPLE] step=12 obstacle=0 mode=constant_velocity q=0.396488 q_times_S=15.8595 first_count=13 first_fraction=0.325 occupancy=104 occupancy_fraction=0.325
[DRO SAMPLE] step=12 obstacle=0 mode=turn_left q=0.603512 q_times_S=24.1405 first_count=27 first_fraction=0.675 occupancy=216 occupancy_fraction=0.675
[DRO SAMPLE] step=12 obstacle=0 mode=turn_right q=0 q_times_S=0 first_count=0 first_fraction=0 occupancy=0 occupancy_fraction=0
[RF BACKUP] available=1 controls=8 states=9
[FREE POLY] k=1 disc=0 raw=40 facets=2 vertices=5 rho=4.8 anchor_shift=0
[FREE POLY] k=1 disc=1 raw=40 facets=0 vertices=4 rho=0.800001 anchor_shift=0
[FREE POLY] k=1 disc=2 raw=40 facets=3 vertices=6 rho=4.8 anchor_shift=0
[FREE POLY] k=2 disc=0 raw=40 facets=3 vertices=6 rho=5.6 anchor_shift=0
[FREE POLY] k=2 disc=1 raw=40 facets=1 vertices=5 rho=1.6 anchor_shift=0
[FREE POLY] k=2 disc=2 raw=40 facets=5 vertices=8 rho=5.6 anchor_shift=0
[FREE POLY] k=3 disc=0 raw=40 facets=3 vertices=6 rho=6.4 anchor_shift=0
[FREE POLY] k=3 disc=1 raw=40 facets=3 vertices=6 rho=2.4 anchor_shift=0
[FREE POLY] k=3 disc=2 raw=40 facets=5 vertices=8 rho=6.4 anchor_shift=0
[FREE POLY] k=4 disc=0 raw=40 facets=3 vertices=6 rho=7.2 anchor_shift=0
[FREE POLY] k=4 disc=1 raw=40 facets=3 vertices=6 rho=3.2 anchor_shift=0
[FREE POLY] k=4 disc=2 raw=40 facets=5 vertices=8 rho=7.2 anchor_shift=0
[FREE POLY] k=5 disc=0 raw=40 facets=3 vertices=6 rho=8 anchor_shift=0
[FREE POLY] k=5 disc=1 raw=40 facets=3 vertices=6 rho=4 anchor_shift=0
[FREE POLY] k=5 disc=2 raw=40 facets=5 vertices=8 rho=8 anchor_shift=0
[FREE POLY] k=6 disc=0 raw=40 facets=3 vertices=6 rho=8.8 anchor_shift=0
[FREE POLY] k=6 disc=1 raw=40 facets=4 vertices=7 rho=4.8 anchor_shift=0
[FREE POLY] k=6 disc=2 raw=40 facets=5 vertices=8 rho=8.8 anchor_shift=0
[FREE POLY] k=7 disc=0 raw=40 facets=3 vertices=6 rho=9.6 anchor_shift=0
[FREE POLY] k=7 disc=1 raw=40 facets=5 vertices=8 rho=5.6 anchor_shift=0
[FREE POLY] k=7 disc=2 raw=40 facets=5 vertices=8 rho=9.6 anchor_shift=0
[FREE POLY] k=8 disc=0 raw=40 facets=4 vertices=7 rho=10.4 anchor_shift=0
[FREE POLY] k=8 disc=1 raw=40 facets=4 vertices=7 rho=6.4 anchor_shift=0
[FREE POLY] k=8 disc=2 raw=40 facets=4 vertices=7 rho=10.4 anchor_shift=0
[RF SUPPORT SEED] removed=0 support_limit=-1
[SQP] before_solve iter=0 vars=16 constraints=116 max_d=0.00129548
[QP WORST] iter=0 row=56 type=collision d=0.00129548
[QP WORST COLLISION] scenario=22 k=6 obstacle=0 disc=2
[SQP] after_solve iter=0 converged=1 status=0 iterations=7 primal_residual=5.04695e-10 dual_residual=1.05223e-06 x_size=16 x_finite=1
[SQP LINESEARCH] iter=0 current_violation=0.00129548 accepted_violation=3.84036e-05 accepted=1 alpha=1 delta_u_norm=0.49934
[SQP SUPPORT] iter=0 support_size=0 support_limit=-1 support_ok=1
[SQP] before_solve iter=1 vars=16 constraints=116 max_d=3.84036e-05
[QP WORST] iter=1 row=69 type=collision d=3.84036e-05
[QP WORST COLLISION] scenario=22 k=7 obstacle=0 disc=2
[SQP] after_solve iter=1 converged=1 status=0 iterations=6 primal_residual=3.18158e-08 dual_residual=9.95935e-05 x_size=16 x_finite=1
[SQP LINESEARCH] iter=1 current_violation=3.84036e-05 accepted_violation=0 accepted=1 alpha=1 delta_u_norm=0.186122
[SQP SUPPORT] iter=1 support_size=0 support_limit=-1 support_ok=1
[SQP] before_solve iter=2 vars=16 constraints=116 max_d=-0.000127712
[QP WORST] iter=2 row=2 type=collision d=-0.000127712
[QP WORST COLLISION] scenario=14 k=1 obstacle=0 disc=2
[SQP] after_solve iter=2 converged=1 status=0 iterations=6 primal_residual=1.04531e-08 dual_residual=9.70181e-05 x_size=16 x_finite=1
[SQP LINESEARCH] iter=2 current_violation=0 accepted_violation=0 accepted=1 alpha=1 delta_u_norm=0.148555
[SQP SUPPORT] iter=2 support_size=0 support_limit=-1 support_ok=1
[SQP] before_solve iter=3 vars=16 constraints=116 max_d=-0.00011172
[QP WORST] iter=3 row=2 type=collision d=-0.00011172
[QP WORST COLLISION] scenario=14 k=1 obstacle=0 disc=2
[SQP] after_solve iter=3 converged=1 status=0 iterations=6 primal_residual=3.25393e-09 dual_residual=9.72164e-05 x_size=16 x_finite=1
[SQP LINESEARCH] iter=3 current_violation=0 accepted_violation=0 accepted=1 alpha=1 delta_u_norm=0.137839
[SQP SUPPORT] iter=3 support_size=0 support_limit=-1 support_ok=1
[SQP] before_solve iter=4 vars=16 constraints=116 max_d=-0.000108409
[QP WORST] iter=4 row=2 type=collision d=-0.000108409
[QP WORST COLLISION] scenario=14 k=1 obstacle=0 disc=2
[SQP] after_solve iter=4 converged=1 status=0 iterations=6 primal_residual=3.83374e-16 dual_residual=9.74489e-05 x_size=16 x_finite=1
[SQP LINESEARCH] iter=4 current_violation=0 accepted_violation=0 accepted=1 alpha=1 delta_u_norm=0.129188
[SQP SUPPORT] iter=4 support_size=0 support_limit=-1 support_ok=1
[SQP] before_solve iter=5 vars=16 constraints=116 max_d=-0.000105801
[QP WORST] iter=5 row=2 type=collision d=-0.000105801
[QP WORST COLLISION] scenario=14 k=1 obstacle=0 disc=2
[SQP] after_solve iter=5 converged=1 status=0 iterations=6 primal_residual=2.70617e-16 dual_residual=9.75051e-05 x_size=16 x_finite=1
[SQP LINESEARCH] iter=5 current_violation=0 accepted_violation=0 accepted=1 alpha=1 delta_u_norm=0.121503
[SQP SUPPORT] iter=5 support_size=0 support_limit=-1 support_ok=1
[SQP] before_solve iter=6 vars=16 constraints=116 max_d=-0.000104353
[QP WORST] iter=6 row=2 type=collision d=-0.000104353
[QP WORST COLLISION] scenario=14 k=1 obstacle=0 disc=2
[SQP] after_solve iter=6 converged=1 status=0 iterations=6 primal_residual=3.95517e-16 dual_residual=9.75223e-05 x_size=16 x_finite=1
[SQP LINESEARCH] iter=6 current_violation=0 accepted_violation=0 accepted=1 alpha=1 delta_u_norm=0.114534
[SQP SUPPORT] iter=6 support_size=0 support_limit=-1 support_ok=1
[SQP] before_solve iter=7 vars=16 constraints=116 max_d=-0.000102742
[QP WORST] iter=7 row=2 type=collision d=-0.000102742
[QP WORST COLLISION] scenario=14 k=1 obstacle=0 disc=2
[SQP] after_solve iter=7 converged=1 status=0 iterations=6 primal_residual=4.25875e-16 dual_residual=9.74941e-05 x_size=16 x_finite=1
[SQP LINESEARCH] iter=7 current_violation=0 accepted_violation=0 accepted=1 alpha=1 delta_u_norm=0.108152
[SQP SUPPORT] iter=7 support_size=0 support_limit=-1 support_ok=1
[SQP] before_solve iter=8 vars=16 constraints=116 max_d=-0.000101144
[QP WORST] iter=8 row=2 type=collision d=-0.000101144
[QP WORST COLLISION] scenario=14 k=1 obstacle=0 disc=2
[SQP] after_solve iter=8 converged=1 status=0 iterations=6 primal_residual=2.70617e-16 dual_residual=9.74307e-05 x_size=16 x_finite=1
[SQP LINESEARCH] iter=8 current_violation=0 accepted_violation=0 accepted=1 alpha=1 delta_u_norm=0.102267
[SQP SUPPORT] iter=8 support_size=0 support_limit=-1 support_ok=1
[SQP] before_solve iter=9 vars=16 constraints=116 max_d=-9.95533e-05
[QP WORST] iter=9 row=2 type=collision d=-9.95533e-05
[QP WORST COLLISION] scenario=14 k=1 obstacle=0 disc=2
[SQP] after_solve iter=9 converged=1 status=0 iterations=6 primal_residual=4.41053e-16 dual_residual=9.73417e-05 x_size=16 x_finite=1
[SQP LINESEARCH] iter=9 current_violation=0 accepted_violation=0 accepted=1 alpha=1 delta_u_norm=0.0968157
[SQP SUPPORT] iter=9 support_size=0 support_limit=-1 support_ok=1
[SQP FINAL] final_violation=0 violated_constraints=0
[SUPPORT FINAL] sqp_union=0 final_active=3 support_limit=-1
[SUPPORT FINAL IDS] 14 22 25
[SUPPORT UNION IDS]
[COLD START RECOVERY CHECK] ordinary_sqp_failed=0 seed_available=1 incompatible=0 try_homotopy=0
[HARNESS RESULT] step=11 success=1 controls=8 first_input_present=1
[MPC STEP METRICS] step=11 applied=1 success=1 fallback=0 a=0.119884 omega=0.71895 dt=0.1 acceleration_weight=0.1 steering_weight=0.1 control_cost_unweighted=0.531261 control_cost_weighted=0.0531261 mpc_cost=-15.9434 solve_time=0.039751 qp_solve_time=0.0263438 constraint_time=0.00740152 dro_risk_time=0.000405399 ambiguity_radius=0.00462368 certificate=not_requested
[EVAL SAFETY] step=12 min_center_distance=0.955688 min_clearance=0.00568826 collision_this_step=0 collision_run=0 collision_radius=0.95
[DRO SUMMARY] step=13 obstacle=0 S=40 rho=0.00443596 rho_raw=0.00443596 D_max=0.0136335 D_min=0.0068334 tv_bound=0.649159 eta=0.325373 eta_raw=0.325373 radius_m=13 radius_d=3 transport_cost=0.00443596 budget_usage=1 lambda=1.62589 q_support=2 nominal_risk=0.0116962 qstar_risk=0.0193939 risk_lift=0.0076977 tv=0.448276
[DRO MODE] step=13 obstacle=0 mode=constant_velocity p=0.172414 risk=0.0129683 q=0.418822 delta_q=0.246408 q_times_S=16.7529
[DRO MODE] step=13 obstacle=0 mode=turn_left p=0.37931 risk=0.0240245 q=0.581178 delta_q=0.201868 q_times_S=23.2471
[DRO MODE] step=13 obstacle=0 mode=turn_right p=0.448276 risk=0.000775328 q=0 delta_q=-0.448276 q_times_S=0
[DRO SAMPLE] step=13 obstacle=0 mode=constant_velocity q=0.418822 q_times_S=16.7529 first_count=10 first_fraction=0.25 occupancy=80 occupancy_fraction=0.25
[DRO SAMPLE] step=13 obstacle=0 mode=turn_left q=0.581178 q_times_S=23.2471 first_count=30 first_fraction=0.75 occupancy=240 occupancy_fraction=0.75
[DRO SAMPLE] step=13 obstacle=0 mode=turn_right q=0 q_times_S=0 first_count=0 first_fraction=0 occupancy=0 occupancy_fraction=0
[RF BACKUP] available=1 controls=8 states=9
[FREE POLY] k=1 disc=0 raw=40 facets=2 vertices=5 rho=4.8 anchor_shift=0
[FREE POLY] k=1 disc=1 raw=40 facets=0 vertices=4 rho=0.800001 anchor_shift=0
[FREE POLY] k=1 disc=2 raw=40 facets=5 vertices=8 rho=4.8 anchor_shift=0
[FREE POLY] k=2 disc=0 raw=40 facets=3 vertices=6 rho=5.6 anchor_shift=0
[FREE POLY] k=2 disc=1 raw=40 facets=2 vertices=6 rho=1.6 anchor_shift=0
[FREE POLY] k=2 disc=2 raw=40 facets=4 vertices=7 rho=5.6 anchor_shift=0
[FREE POLY] k=3 disc=0 raw=40 facets=2 vertices=5 rho=6.4 anchor_shift=0
[FREE POLY] k=3 disc=1 raw=40 facets=2 vertices=5 rho=2.4 anchor_shift=0
[FREE POLY] k=3 disc=2 raw=40 facets=5 vertices=8 rho=6.4 anchor_shift=0
[FREE POLY] k=4 disc=0 raw=40 facets=3 vertices=6 rho=7.2 anchor_shift=0
[FREE POLY] k=4 disc=1 raw=40 facets=3 vertices=6 rho=3.2 anchor_shift=0
[FREE POLY] k=4 disc=2 raw=40 facets=5 vertices=8 rho=7.2 anchor_shift=0
[FREE POLY] k=5 disc=0 raw=40 facets=4 vertices=7 rho=8 anchor_shift=0
[FREE POLY] k=5 disc=1 raw=40 facets=5 vertices=8 rho=4 anchor_shift=0
[FREE POLY] k=5 disc=2 raw=40 facets=5 vertices=8 rho=8 anchor_shift=0
[FREE POLY] k=6 disc=0 raw=40 facets=4 vertices=7 rho=8.8 anchor_shift=0
[FREE POLY] k=6 disc=1 raw=40 facets=5 vertices=8 rho=4.8 anchor_shift=0
[FREE POLY] k=6 disc=2 raw=40 facets=6 vertices=9 rho=8.8 anchor_shift=0
[FREE POLY] k=7 disc=0 raw=40 facets=4 vertices=7 rho=9.6 anchor_shift=0
[FREE POLY] k=7 disc=1 raw=40 facets=4 vertices=7 rho=5.6 anchor_shift=0
[FREE POLY] k=7 disc=2 raw=40 facets=6 vertices=9 rho=9.6 anchor_shift=0
[FREE POLY] k=8 disc=0 raw=40 facets=6 vertices=9 rho=10.4 anchor_shift=0
[FREE POLY] k=8 disc=1 raw=40 facets=7 vertices=10 rho=6.4 anchor_shift=0
[FREE POLY] k=8 disc=2 raw=40 facets=6 vertices=9 rho=10.4 anchor_shift=0
[RF SUPPORT SEED] removed=0 support_limit=-1
[SQP] before_solve iter=0 vars=16 constraints=130 max_d=-0.00309353
[QP WORST] iter=0 row=76 type=collision d=-0.00309353
[QP WORST COLLISION] scenario=22 k=7 obstacle=0 disc=2
[SQP] after_solve iter=0 converged=1 status=0 iterations=6 primal_residual=4.16334e-16 dual_residual=3.26867e-06 x_size=16 x_finite=1
[SQP LINESEARCH] iter=0 current_violation=0 accepted_violation=0 accepted=1 alpha=0.5 delta_u_norm=0.432665
[SQP SUPPORT] iter=0 support_size=0 support_limit=-1 support_ok=1
[SQP] before_solve iter=1 vars=16 constraints=130 max_d=-0.00152044
[QP WORST] iter=1 row=76 type=collision d=-0.00152044
[QP WORST COLLISION] scenario=22 k=7 obstacle=0 disc=2
[SQP] after_solve iter=1 converged=1 status=0 iterations=6 primal_residual=4.02456e-16 dual_residual=6.04889e-06 x_size=16 x_finite=1
[SQP LINESEARCH] iter=1 current_violation=0 accepted_violation=0 accepted=1 alpha=0.5 delta_u_norm=0.369617
[SQP SUPPORT] iter=1 support_size=0 support_limit=-1 support_ok=1
[SQP] before_solve iter=2 vars=16 constraints=130 max_d=-0.000752922
[QP WORST] iter=2 row=76 type=collision d=-0.000752922
[QP WORST COLLISION] scenario=22 k=7 obstacle=0 disc=2
[SQP] after_solve iter=2 converged=1 status=0 iterations=6 primal_residual=3.92001e-12 dual_residual=1.31357e-06 x_size=16 x_finite=1
[SQP LINESEARCH] iter=2 current_violation=0 accepted_violation=0 accepted=1 alpha=0.5 delta_u_norm=0.234422
[SQP SUPPORT] iter=2 support_size=0 support_limit=-1 support_ok=1
[SQP] before_solve iter=3 vars=16 constraints=130 max_d=-0.000375136
[QP WORST] iter=3 row=76 type=collision d=-0.000375136
[QP WORST COLLISION] scenario=22 k=7 obstacle=0 disc=2
[SQP] after_solve iter=3 converged=1 status=0 iterations=6 primal_residual=1.04947e-11 dual_residual=1.88576e-06 x_size=16 x_finite=1
[SQP LINESEARCH] iter=3 current_violation=0 accepted_violation=0 accepted=1 alpha=0.5 delta_u_norm=0.178314
[SQP SUPPORT] iter=3 support_size=0 support_limit=-1 support_ok=1
[SQP] before_solve iter=4 vars=16 constraints=130 max_d=-0.000188792
[QP WORST] iter=4 row=76 type=collision d=-0.000188792
[QP WORST COLLISION] scenario=22 k=7 obstacle=0 disc=2
[SQP] after_solve iter=4 converged=1 status=0 iterations=6 primal_residual=3.10941e-12 dual_residual=2.00241e-06 x_size=16 x_finite=1
[SQP LINESEARCH] iter=4 current_violation=0 accepted_violation=0 accepted=1 alpha=0.5 delta_u_norm=0.156127
[SQP SUPPORT] iter=4 support_size=0 support_limit=-1 support_ok=1
[SQP] before_solve iter=5 vars=16 constraints=130 max_d=-9.57915e-05
[QP WORST] iter=5 row=76 type=collision d=-9.57915e-05
[QP WORST COLLISION] scenario=22 k=7 obstacle=0 disc=2
[SQP] after_solve iter=5 converged=1 status=0 iterations=6 primal_residual=2.77115e-11 dual_residual=2.66673e-06 x_size=16 x_finite=1
[SQP LINESEARCH] iter=5 current_violation=0 accepted_violation=0 accepted=1 alpha=1 delta_u_norm=0.145652
[SQP SUPPORT] iter=5 support_size=0 support_limit=-1 support_ok=1
[SQP] before_solve iter=6 vars=16 constraints=130 max_d=-3.45076e-06
[QP WORST] iter=6 row=93 type=collision d=-3.45076e-06
[QP WORST COLLISION] scenario=10 k=8 obstacle=0 disc=2
[SQP] after_solve iter=6 converged=1 status=0 iterations=6 primal_residual=1.23731e-11 dual_residual=1.89582e-06 x_size=16 x_finite=1
[SQP LINESEARCH] iter=6 current_violation=0 accepted_violation=0 accepted=1 alpha=1 delta_u_norm=0.133447
[SQP SUPPORT] iter=6 support_size=0 support_limit=-1 support_ok=1
[SQP] before_solve iter=7 vars=16 constraints=130 max_d=-3.65993e-06
[QP WORST] iter=7 row=13 type=collision d=-3.65993e-06
[QP WORST COLLISION] scenario=18 k=2 obstacle=0 disc=2
[SQP] after_solve iter=7 converged=1 status=0 iterations=6 primal_residual=1.03571e-11 dual_residual=1.68954e-06 x_size=16 x_finite=1
[SQP LINESEARCH] iter=7 current_violation=0 accepted_violation=0 accepted=1 alpha=1 delta_u_norm=0.124867
[SQP SUPPORT] iter=7 support_size=0 support_limit=-1 support_ok=1
[SQP] before_solve iter=8 vars=16 constraints=130 max_d=-3.33545e-06
[QP WORST] iter=8 row=32 type=collision d=-3.33545e-06
[QP WORST COLLISION] scenario=18 k=4 obstacle=0 disc=2
[SQP] after_solve iter=8 converged=1 status=0 iterations=6 primal_residual=8.34647e-12 dual_residual=1.5013e-06 x_size=16 x_finite=1
[SQP LINESEARCH] iter=8 current_violation=0 accepted_violation=0 accepted=1 alpha=1 delta_u_norm=0.117414
[SQP SUPPORT] iter=8 support_size=0 support_limit=-1 support_ok=1
[SQP] before_solve iter=9 vars=16 constraints=130 max_d=-3.02925e-06
[QP WORST] iter=9 row=32 type=collision d=-3.02925e-06
[QP WORST COLLISION] scenario=18 k=4 obstacle=0 disc=2
[SQP] after_solve iter=9 converged=1 status=0 iterations=6 primal_residual=7.19118e-12 dual_residual=1.37947e-06 x_size=16 x_finite=1
[SQP LINESEARCH] iter=9 current_violation=0 accepted_violation=0 accepted=1 alpha=1 delta_u_norm=0.110758
[SQP SUPPORT] iter=9 support_size=0 support_limit=-1 support_ok=1
[SQP FINAL] final_violation=0 violated_constraints=0
[SUPPORT FINAL] sqp_union=0 final_active=5 support_limit=-1
[SUPPORT FINAL IDS] 10 18 22 30 38
[SUPPORT UNION IDS]
[COLD START RECOVERY CHECK] ordinary_sqp_failed=0 seed_available=1 incompatible=0 try_homotopy=0
[HARNESS RESULT] step=12 success=1 controls=8 first_input_present=1
[MPC STEP METRICS] step=12 applied=1 success=1 fallback=0 a=0.0873115 omega=0.691839 dt=0.1 acceleration_weight=0.1 steering_weight=0.1 control_cost_unweighted=0.486265 control_cost_weighted=0.0486265 mpc_cost=-15.8103 solve_time=0.0431344 qp_solve_time=0.0297835 constraint_time=0.00729338 dro_risk_time=0.000408204 ambiguity_radius=0.00443596 certificate=not_requested
[EVAL SAFETY] step=13 min_center_distance=0.956212 min_clearance=0.00621247 collision_this_step=0 collision_run=0 collision_radius=0.95
[DRO SUMMARY] step=14 obstacle=0 S=40 rho=0.00425419 rho_raw=0.00425419 D_max=0.0136335 D_min=0.0068334 tv_bound=0.622558 eta=0.31204 eta_raw=0.31204 radius_m=14 radius_d=3 transport_cost=0.00425419 budget_usage=1 lambda=0.0420146 q_support=2 nominal_risk=0.000203253 qstar_risk=0.000446505 risk_lift=0.000243252 tv=0.424667
[DRO MODE] step=14 obstacle=0 mode=constant_velocity p=0.225806 risk=0 q=0 delta_q=-0.225806 q_times_S=0
[DRO MODE] step=14 obstacle=0 mode=turn_left p=0.354839 risk=0.000572805 q=0.779506 delta_q=0.424667 q_times_S=31.1802
[DRO MODE] step=14 obstacle=0 mode=turn_right p=0.419355 risk=0 q=0.220494 delta_q=-0.198861 q_times_S=8.81976
[DRO SAMPLE] step=14 obstacle=0 mode=constant_velocity q=0 q_times_S=0 first_count=0 first_fraction=0 occupancy=0 occupancy_fraction=0
[DRO SAMPLE] step=14 obstacle=0 mode=turn_left q=0.779506 q_times_S=31.1802 first_count=32 first_fraction=0.8 occupancy=256 occupancy_fraction=0.8
[DRO SAMPLE] step=14 obstacle=0 mode=turn_right q=0.220494 q_times_S=8.81976 first_count=8 first_fraction=0.2 occupancy=64 occupancy_fraction=0.2
[RF BACKUP] available=1 controls=8 states=9
[FREE POLY] k=1 disc=0 raw=40 facets=4 vertices=7 rho=4.8 anchor_shift=0
[FREE POLY] k=1 disc=1 raw=40 facets=0 vertices=4 rho=0.800001 anchor_shift=0
[FREE POLY] k=1 disc=2 raw=40 facets=3 vertices=6 rho=4.8 anchor_shift=0
[FREE POLY] k=2 disc=0 raw=40 facets=4 vertices=7 rho=5.6 anchor_shift=0
[FREE POLY] k=2 disc=1 raw=40 facets=3 vertices=6 rho=1.6 anchor_shift=0
[FREE POLY] k=2 disc=2 raw=40 facets=4 vertices=7 rho=5.6 anchor_shift=0
[FREE POLY] k=3 disc=0 raw=40 facets=4 vertices=7 rho=6.4 anchor_shift=0
[FREE POLY] k=3 disc=1 raw=40 facets=3 vertices=6 rho=2.4 anchor_shift=0
[FREE POLY] k=3 disc=2 raw=40 facets=4 vertices=7 rho=6.4 anchor_shift=0
[FREE POLY] k=4 disc=0 raw=40 facets=4 vertices=7 rho=7.2 anchor_shift=0
[FREE POLY] k=4 disc=1 raw=40 facets=4 vertices=7 rho=3.2 anchor_shift=0
[FREE POLY] k=4 disc=2 raw=40 facets=3 vertices=6 rho=7.2 anchor_shift=0
[FREE POLY] k=5 disc=0 raw=40 facets=5 vertices=8 rho=8 anchor_shift=0
[FREE POLY] k=5 disc=1 raw=40 facets=5 vertices=8 rho=4 anchor_shift=0
[FREE POLY] k=5 disc=2 raw=40 facets=4 vertices=7 rho=8 anchor_shift=0
[FREE POLY] k=6 disc=0 raw=40 facets=5 vertices=8 rho=8.8 anchor_shift=0
[FREE POLY] k=6 disc=1 raw=40 facets=5 vertices=8 rho=4.8 anchor_shift=0
[FREE POLY] k=6 disc=2 raw=40 facets=3 vertices=6 rho=8.8 anchor_shift=0
[FREE POLY] k=7 disc=0 raw=40 facets=5 vertices=8 rho=9.6 anchor_shift=0
[FREE POLY] k=7 disc=1 raw=40 facets=6 vertices=9 rho=5.6 anchor_shift=0
[FREE POLY] k=7 disc=2 raw=40 facets=5 vertices=8 rho=9.6 anchor_shift=0
[FREE POLY] k=8 disc=0 raw=40 facets=4 vertices=7 rho=10.4 anchor_shift=0
[FREE POLY] k=8 disc=1 raw=40 facets=5 vertices=8 rho=6.4 anchor_shift=0
[FREE POLY] k=8 disc=2 raw=40 facets=5 vertices=7 rho=10.4 anchor_shift=0
[RF SUPPORT SEED] removed=0 support_limit=-1
[SQP] before_solve iter=0 vars=16 constraints=129 max_d=-0.00993789
[QP WORST] iter=0 row=4 type=collision d=-0.00993789
[QP WORST COLLISION] scenario=2 k=1 obstacle=0 disc=2
[SQP] after_solve iter=0 converged=1 status=0 iterations=5 primal_residual=7.60127e-08 dual_residual=5.37493e-05 x_size=16 x_finite=1
[SQP LINESEARCH] iter=0 current_violation=0 accepted_violation=0 accepted=1 alpha=0.5 delta_u_norm=0.384983
[SQP SUPPORT] iter=0 support_size=0 support_limit=-1 support_ok=1
[SQP] before_solve iter=1 vars=16 constraints=129 max_d=-0.00505823
[QP WORST] iter=1 row=4 type=collision d=-0.00505823
[QP WORST COLLISION] scenario=2 k=1 obstacle=0 disc=2
[SQP] after_solve iter=1 converged=1 status=0 iterations=5 primal_residual=3.97071e-08 dual_residual=4.15099e-05 x_size=16 x_finite=1
[SQP LINESEARCH] iter=1 current_violation=0 accepted_violation=0 accepted=1 alpha=0.5 delta_u_norm=0.31073
[SQP SUPPORT] iter=1 support_size=0 support_limit=-1 support_ok=1
[SQP] before_solve iter=2 vars=16 constraints=129 max_d=-0.00260346
[QP WORST] iter=2 row=4 type=collision d=-0.00260346
[QP WORST COLLISION] scenario=2 k=1 obstacle=0 disc=2
[SQP] after_solve iter=2 converged=1 status=0 iterations=5 primal_residual=7.3961e-08 dual_residual=5.389e-05 x_size=16 x_finite=1
[SQP LINESEARCH] iter=2 current_violation=0 accepted_violation=0 accepted=1 alpha=0.5 delta_u_norm=0.273185
[SQP SUPPORT] iter=2 support_size=0 support_limit=-1 support_ok=1
[SQP] before_solve iter=3 vars=16 constraints=129 max_d=-0.00135632
[QP WORST] iter=3 row=14 type=collision d=-0.00135632
[QP WORST COLLISION] scenario=2 k=2 obstacle=0 disc=2
[SQP] after_solve iter=3 converged=1 status=0 iterations=5 primal_residual=6.2603e-08 dual_residual=5.30095e-05 x_size=16 x_finite=1
[SQP LINESEARCH] iter=3 current_violation=0 accepted_violation=0 accepted=1 alpha=1 delta_u_norm=0.250263
[SQP SUPPORT] iter=3 support_size=0 support_limit=-1 support_ok=1
[SQP] before_solve iter=4 vars=16 constraints=129 max_d=-4.84562e-05
[QP WORST] iter=4 row=37 type=collision d=-4.84562e-05
[QP WORST COLLISION] scenario=2 k=4 obstacle=0 disc=2
[SQP] after_solve iter=4 converged=1 status=0 iterations=5 primal_residual=5.7545e-08 dual_residual=5.09964e-05 x_size=16 x_finite=1
[SQP LINESEARCH] iter=4 current_violation=0 accepted_violation=0 accepted=1 alpha=1 delta_u_norm=0.21322
[SQP SUPPORT] iter=4 support_size=0 support_limit=-1 support_ok=1
[SQP] before_solve iter=5 vars=16 constraints=129 max_d=-5.02861e-05
[QP WORST] iter=5 row=37 type=collision d=-5.02861e-05
[QP WORST COLLISION] scenario=2 k=4 obstacle=0 disc=2
[SQP] after_solve iter=5 converged=1 status=0 iterations=5 primal_residual=4.87251e-08 dual_residual=4.92973e-05 x_size=16 x_finite=1
[SQP LINESEARCH] iter=5 current_violation=0 accepted_violation=0 accepted=1 alpha=1 delta_u_norm=0.149097
[SQP SUPPORT] iter=5 support_size=0 support_limit=-1 support_ok=1
[SQP] before_solve iter=6 vars=16 constraints=129 max_d=-5.235e-05
[QP WORST] iter=6 row=37 type=collision d=-5.235e-05
[QP WORST COLLISION] scenario=2 k=4 obstacle=0 disc=2
[SQP] after_solve iter=6 converged=1 status=0 iterations=5 primal_residual=4.94801e-08 dual_residual=4.49971e-05 x_size=16 x_finite=1
[SQP LINESEARCH] iter=6 current_violation=0 accepted_violation=0 accepted=1 alpha=1 delta_u_norm=0.132212
[SQP SUPPORT] iter=6 support_size=0 support_limit=-1 support_ok=1
[SQP] before_solve iter=7 vars=16 constraints=129 max_d=-5.97166e-05
[QP WORST] iter=7 row=14 type=collision d=-5.97166e-05
[QP WORST COLLISION] scenario=2 k=2 obstacle=0 disc=2
[SQP] after_solve iter=7 converged=1 status=0 iterations=5 primal_residual=4.97248e-08 dual_residual=4.43062e-05 x_size=16 x_finite=1
[SQP LINESEARCH] iter=7 current_violation=0 accepted_violation=0 accepted=1 alpha=1 delta_u_norm=0.123861
[SQP SUPPORT] iter=7 support_size=0 support_limit=-1 support_ok=1
[SQP] before_solve iter=8 vars=16 constraints=129 max_d=-6.01752e-05
[QP WORST] iter=8 row=14 type=collision d=-6.01752e-05
[QP WORST COLLISION] scenario=2 k=2 obstacle=0 disc=2
[SQP] after_solve iter=8 converged=1 status=0 iterations=5 primal_residual=4.98126e-08 dual_residual=4.36018e-05 x_size=16 x_finite=1
[SQP LINESEARCH] iter=8 current_violation=0 accepted_violation=0 accepted=1 alpha=1 delta_u_norm=0.116426
[SQP SUPPORT] iter=8 support_size=0 support_limit=-1 support_ok=1
[SQP] before_solve iter=9 vars=16 constraints=129 max_d=-5.92969e-05
[QP WORST] iter=9 row=53 type=collision d=-5.92969e-05
[QP WORST COLLISION] scenario=36 k=5 obstacle=0 disc=2
[SQP] after_solve iter=9 converged=1 status=0 iterations=5 primal_residual=4.98069e-08 dual_residual=4.29791e-05 x_size=16 x_finite=1
[SQP LINESEARCH] iter=9 current_violation=0 accepted_violation=0 accepted=1 alpha=1 delta_u_norm=0.109698
[SQP SUPPORT] iter=9 support_size=0 support_limit=-1 support_ok=1
[SQP FINAL] final_violation=0 violated_constraints=0
[SUPPORT FINAL] sqp_union=0 final_active=2 support_limit=-1
[SUPPORT FINAL IDS] 2 36
[SUPPORT UNION IDS]
[COLD START RECOVERY CHECK] ordinary_sqp_failed=0 seed_available=1 incompatible=0 try_homotopy=0
[HARNESS RESULT] step=13 success=1 controls=8 first_input_present=1
[MPC STEP METRICS] step=13 applied=1 success=1 fallback=0 a=0.0498063 omega=0.338791 dt=0.1 acceleration_weight=0.1 steering_weight=0.1 control_cost_unweighted=0.11726 control_cost_weighted=0.011726 mpc_cost=-15.6943 solve_time=0.0419741 qp_solve_time=0.0280815 constraint_time=0.0077068 dro_risk_time=0.000408495 ambiguity_radius=0.00425419 certificate=not_requested
[EVAL SAFETY] step=14 min_center_distance=0.958 min_clearance=0.0079999 collision_this_step=0 collision_run=0 collision_radius=0.95
[DRO SUMMARY] step=15 obstacle=0 S=40 rho=0.00419349 rho_raw=0.00419349 D_max=0.0136335 D_min=0.0068334 tv_bound=0.613676 eta=0.307588 eta_raw=0.307588 radius_m=15 radius_d=3 transport_cost=0.00419349 budget_usage=1 lambda=1.25482 q_support=2 nominal_risk=0.0482638 qstar_risk=0.0536968 risk_lift=0.00543297 tv=0.413389
[DRO MODE] step=15 obstacle=0 mode=constant_velocity p=0.212121 risk=0.0486495 q=0 delta_q=-0.212121 q_times_S=0
[DRO MODE] step=15 obstacle=0 mode=turn_left p=0.333333 risk=0.0580298 q=0.746723 delta_q=0.413389 q_times_S=29.8689
[DRO MODE] step=15 obstacle=0 mode=turn_right p=0.454545 risk=0.0409222 q=0.253277 delta_q=-0.201268 q_times_S=10.1311
[DRO SAMPLE] step=15 obstacle=0 mode=constant_velocity q=0 q_times_S=0 first_count=0 first_fraction=0 occupancy=0 occupancy_fraction=0
[DRO SAMPLE] step=15 obstacle=0 mode=turn_left q=0.746723 q_times_S=29.8689 first_count=24 first_fraction=0.6 occupancy=192 occupancy_fraction=0.6
[DRO SAMPLE] step=15 obstacle=0 mode=turn_right q=0.253277 q_times_S=10.1311 first_count=16 first_fraction=0.4 occupancy=128 occupancy_fraction=0.4
[RF BACKUP] available=1 controls=8 states=9
[FREE POLY] k=1 disc=0 raw=40 facets=3 vertices=6 rho=4.8 anchor_shift=0
[FREE POLY] k=1 disc=1 raw=40 facets=0 vertices=4 rho=0.800001 anchor_shift=0
[FREE POLY] k=1 disc=2 raw=40 facets=4 vertices=7 rho=4.8 anchor_shift=0
[FREE POLY] k=2 disc=0 raw=40 facets=4 vertices=7 rho=5.6 anchor_shift=0
[FREE POLY] k=2 disc=1 raw=40 facets=3 vertices=6 rho=1.6 anchor_shift=0
[FREE POLY] k=2 disc=2 raw=40 facets=5 vertices=8 rho=5.6 anchor_shift=0
[FREE POLY] k=3 disc=0 raw=40 facets=3 vertices=6 rho=6.4 anchor_shift=0
[FREE POLY] k=3 disc=1 raw=40 facets=3 vertices=6 rho=2.4 anchor_shift=0
[FREE POLY] k=3 disc=2 raw=40 facets=4 vertices=7 rho=6.4 anchor_shift=0
[FREE POLY] k=4 disc=0 raw=40 facets=2 vertices=5 rho=7.2 anchor_shift=0
[FREE POLY] k=4 disc=1 raw=40 facets=3 vertices=6 rho=3.2 anchor_shift=0
[FREE POLY] k=4 disc=2 raw=40 facets=3 vertices=6 rho=7.2 anchor_shift=0
[FREE POLY] k=5 disc=0 raw=40 facets=4 vertices=7 rho=8 anchor_shift=0
[FREE POLY] k=5 disc=1 raw=40 facets=5 vertices=8 rho=4 anchor_shift=0
[FREE POLY] k=5 disc=2 raw=40 facets=5 vertices=8 rho=8 anchor_shift=0
[FREE POLY] k=6 disc=0 raw=40 facets=4 vertices=7 rho=8.8 anchor_shift=0
[FREE POLY] k=6 disc=1 raw=40 facets=5 vertices=8 rho=4.8 anchor_shift=0
[FREE POLY] k=6 disc=2 raw=40 facets=4 vertices=7 rho=8.8 anchor_shift=0
[FREE POLY] k=7 disc=0 raw=40 facets=4 vertices=7 rho=9.6 anchor_shift=0
[FREE POLY] k=7 disc=1 raw=40 facets=5 vertices=8 rho=5.6 anchor_shift=0
[FREE POLY] k=7 disc=2 raw=40 facets=4 vertices=7 rho=9.6 anchor_shift=0
[FREE POLY] k=8 disc=0 raw=40 facets=4 vertices=7 rho=10.4 anchor_shift=0
[FREE POLY] k=8 disc=1 raw=40 facets=5 vertices=8 rho=6.4 anchor_shift=0
[FREE POLY] k=8 disc=2 raw=40 facets=4 vertices=7 rho=10.4 anchor_shift=0
[RF SUPPORT SEED] removed=0 support_limit=-1
[SQP] before_solve iter=0 vars=16 constraints=122 max_d=0.0205155
[QP WORST] iter=0 row=35 type=collision d=0.0205155
[QP WORST COLLISION] scenario=33 k=4 obstacle=0 disc=2
[SQP] after_solve iter=0 converged=1 status=0 iterations=5 primal_residual=3.1591e-08 dual_residual=9.23911e-05 x_size=16 x_finite=1
[SQP LINESEARCH] iter=0 current_violation=0.0205155 accepted_violation=2.43324e-05 accepted=1 alpha=1 delta_u_norm=0.335609
[SQP SUPPORT] iter=0 support_size=0 support_limit=-1 support_ok=1
[SQP] before_solve iter=1 vars=16 constraints=122 max_d=2.43324e-05
[QP WORST] iter=1 row=35 type=collision d=2.43324e-05
[QP WORST COLLISION] scenario=33 k=4 obstacle=0 disc=2
[SQP] after_solve iter=1 converged=1 status=0 iterations=6 primal_residual=4.30211e-16 dual_residual=2.18588e-06 x_size=16 x_finite=1
[SQP LINESEARCH] iter=1 current_violation=2.43324e-05 accepted_violation=6.10703e-08 accepted=1 alpha=1 delta_u_norm=0.175015
[SQP SUPPORT] iter=1 support_size=0 support_limit=-1 support_ok=1
[SQP] before_solve iter=2 vars=16 constraints=122 max_d=6.10703e-08
[QP WORST] iter=2 row=49 type=collision d=6.10703e-08
[QP WORST COLLISION] scenario=33 k=5 obstacle=0 disc=2
[SQP] after_solve iter=2 converged=1 status=0 iterations=6 primal_residual=4.30211e-16 dual_residual=2.23367e-06 x_size=16 x_finite=1
[SQP LINESEARCH] iter=2 current_violation=6.10703e-08 accepted_violation=7.59084e-10 accepted=1 alpha=0.5 delta_u_norm=0.159956
[SQP SUPPORT] iter=2 support_size=0 support_limit=-1 support_ok=1
[SQP] before_solve iter=3 vars=16 constraints=122 max_d=7.59084e-10
[QP WORST] iter=3 row=49 type=collision d=7.59084e-10
[QP WORST COLLISION] scenario=33 k=5 obstacle=0 disc=2
[SQP] after_solve iter=3 converged=1 status=0 iterations=6 primal_residual=4.16334e-16 dual_residual=2.5364e-06 x_size=16 x_finite=1
[SQP LINESEARCH] iter=3 current_violation=7.59084e-10 accepted_violation=0 accepted=1 alpha=0.5 delta_u_norm=0.153653
[SQP SUPPORT] iter=3 support_size=0 support_limit=-1 support_ok=1
[SQP] before_solve iter=4 vars=16 constraints=122 max_d=-6.22283e-08
[QP WORST] iter=4 row=49 type=collision d=-6.22283e-08
[QP WORST COLLISION] scenario=33 k=5 obstacle=0 disc=2
[SQP] after_solve iter=4 converged=1 status=0 iterations=6 primal_residual=3.7817e-16 dual_residual=2.83277e-06 x_size=16 x_finite=1
[SQP LINESEARCH] iter=4 current_violation=0 accepted_violation=0 accepted=1 alpha=1 delta_u_norm=0.147814
[SQP SUPPORT] iter=4 support_size=0 support_limit=-1 support_ok=1
[SQP] before_solve iter=5 vars=16 constraints=122 max_d=-2.39196e-08
[QP WORST] iter=5 row=49 type=collision d=-2.39196e-08
[QP WORST COLLISION] scenario=33 k=5 obstacle=0 disc=2
[SQP] after_solve iter=5 converged=1 status=0 iterations=6 primal_residual=4.30211e-16 dual_residual=3.43694e-06 x_size=16 x_finite=1
[SQP LINESEARCH] iter=5 current_violation=0 accepted_violation=0 accepted=1 alpha=1 delta_u_norm=0.137035
[SQP SUPPORT] iter=5 support_size=0 support_limit=-1 support_ok=1
[SQP] before_solve iter=6 vars=16 constraints=122 max_d=-1.82065e-07
[QP WORST] iter=6 row=49 type=collision d=-1.82065e-07
[QP WORST COLLISION] scenario=33 k=5 obstacle=0 disc=2
[SQP] after_solve iter=6 converged=1 status=0 iterations=6 primal_residual=4.09395e-16 dual_residual=4.07926e-06 x_size=16 x_finite=1
[SQP LINESEARCH] iter=6 current_violation=0 accepted_violation=0 accepted=1 alpha=1 delta_u_norm=0.127615
[SQP SUPPORT] iter=6 support_size=0 support_limit=-1 support_ok=1
[SQP] before_solve iter=7 vars=16 constraints=122 max_d=-3.2001e-07
[QP WORST] iter=7 row=49 type=collision d=-3.2001e-07
[QP WORST COLLISION] scenario=33 k=5 obstacle=0 disc=2
[SQP] after_solve iter=7 converged=1 status=0 iterations=6 primal_residual=4.23273e-16 dual_residual=4.79971e-06 x_size=16 x_finite=1
[SQP LINESEARCH] iter=7 current_violation=0 accepted_violation=0 accepted=1 alpha=1 delta_u_norm=0.119261
[SQP SUPPORT] iter=7 support_size=0 support_limit=-1 support_ok=1
[SQP] before_solve iter=8 vars=16 constraints=122 max_d=-4.57015e-07
[QP WORST] iter=8 row=49 type=collision d=-4.57015e-07
[QP WORST COLLISION] scenario=33 k=5 obstacle=0 disc=2
[SQP] after_solve iter=8 converged=1 status=0 iterations=6 primal_residual=4.52763e-16 dual_residual=5.6289e-06 x_size=16 x_finite=1
[SQP LINESEARCH] iter=8 current_violation=0 accepted_violation=0 accepted=1 alpha=1 delta_u_norm=0.111772
[SQP SUPPORT] iter=8 support_size=0 support_limit=-1 support_ok=1
[SQP] before_solve iter=9 vars=16 constraints=122 max_d=-6.09187e-07
[QP WORST] iter=9 row=49 type=collision d=-6.09187e-07
[QP WORST COLLISION] scenario=33 k=5 obstacle=0 disc=2
[SQP] after_solve iter=9 converged=1 status=0 iterations=6 primal_residual=2.38524e-16 dual_residual=6.58812e-06 x_size=16 x_finite=1
[SQP LINESEARCH] iter=9 current_violation=0 accepted_violation=0 accepted=1 alpha=1 delta_u_norm=0.105004
[SQP SUPPORT] iter=9 support_size=0 support_limit=-1 support_ok=1
[SQP FINAL] final_violation=0 violated_constraints=0
[SUPPORT FINAL] sqp_union=0 final_active=5 support_limit=-1
[SUPPORT FINAL IDS] 11 25 29 33 36
[SUPPORT UNION IDS]
[COLD START RECOVERY CHECK] ordinary_sqp_failed=0 seed_available=1 incompatible=0 try_homotopy=0
[HARNESS RESULT] step=14 success=1 controls=8 first_input_present=1
[MPC STEP METRICS] step=14 applied=1 success=1 fallback=0 a=-0.00255747 omega=0.0766145 dt=0.1 acceleration_weight=0.1 steering_weight=0.1 control_cost_unweighted=0.00587632 control_cost_weighted=0.000587632 mpc_cost=-15.5492 solve_time=0.0445088 qp_solve_time=0.0310478 constraint_time=0.00732611 dro_risk_time=0.000409717 ambiguity_radius=0.00419349 certificate=not_requested
[EVAL SAFETY] step=15 min_center_distance=0.955482 min_clearance=0.00548194 collision_this_step=0 collision_run=0 collision_radius=0.95
[DRO SUMMARY] step=16 obstacle=0 S=40 rho=0.00402275 rho_raw=0.00402275 D_max=0.0136335 D_min=0.0068334 tv_bound=0.58869 eta=0.295064 eta_raw=0.295064 radius_m=16 radius_d=3 transport_cost=0.00402275 budget_usage=1 lambda=1.40056 q_support=2 nominal_risk=0.201265 qstar_risk=0.207048 risk_lift=0.00578251 tv=0.39482
[DRO MODE] step=16 obstacle=0 mode=constant_velocity p=0.2 risk=0.201199 q=0 delta_q=-0.2 q_times_S=0
[DRO MODE] step=16 obstacle=0 mode=turn_left p=0.371429 risk=0.211511 q=0.766248 delta_q=0.39482 q_times_S=30.6499
[DRO MODE] step=16 obstacle=0 mode=turn_right p=0.428571 risk=0.192417 q=0.233752 delta_q=-0.19482 q_times_S=9.35006
[DRO SAMPLE] step=16 obstacle=0 mode=constant_velocity q=0 q_times_S=0 first_count=0 first_fraction=0 occupancy=0 occupancy_fraction=0
[DRO SAMPLE] step=16 obstacle=0 mode=turn_left q=0.766248 q_times_S=30.6499 first_count=31 first_fraction=0.775 occupancy=248 occupancy_fraction=0.775
[DRO SAMPLE] step=16 obstacle=0 mode=turn_right q=0.233752 q_times_S=9.35006 first_count=9 first_fraction=0.225 occupancy=72 occupancy_fraction=0.225
[RF BACKUP] available=1 controls=8 states=9
[FREE POLY] k=1 disc=0 raw=40 facets=2 vertices=5 rho=4.8 anchor_shift=0
[FREE POLY] k=1 disc=1 raw=40 facets=0 vertices=4 rho=0.800001 anchor_shift=0
[FREE POLY] k=1 disc=2 raw=40 facets=3 vertices=6 rho=4.8 anchor_shift=0
[FREE POLY] k=2 disc=0 raw=40 facets=3 vertices=6 rho=5.6 anchor_shift=0
[FREE POLY] k=2 disc=1 raw=40 facets=3 vertices=6 rho=1.6 anchor_shift=0
[FREE POLY] k=2 disc=2 raw=40 facets=3 vertices=6 rho=5.6 anchor_shift=0
[FREE POLY] k=3 disc=0 raw=40 facets=3 vertices=6 rho=6.4 anchor_shift=0
[FREE POLY] k=3 disc=1 raw=40 facets=3 vertices=6 rho=2.4 anchor_shift=0
[FREE POLY] k=3 disc=2 raw=40 facets=5 vertices=8 rho=6.4 anchor_shift=0
[FREE POLY] k=4 disc=0 raw=40 facets=3 vertices=6 rho=7.2 anchor_shift=0
[FREE POLY] k=4 disc=1 raw=40 facets=3 vertices=6 rho=3.2 anchor_shift=0
[FREE POLY] k=4 disc=2 raw=40 facets=5 vertices=8 rho=7.2 anchor_shift=0
[FREE POLY] k=5 disc=0 raw=40 facets=3 vertices=6 rho=8 anchor_shift=0
[FREE POLY] k=5 disc=1 raw=40 facets=3 vertices=6 rho=4 anchor_shift=0
[FREE POLY] k=5 disc=2 raw=40 facets=6 vertices=8 rho=8 anchor_shift=0
[FREE POLY] k=6 disc=0 raw=40 facets=2 vertices=5 rho=8.8 anchor_shift=0
[FREE POLY] k=6 disc=1 raw=40 facets=3 vertices=6 rho=4.8 anchor_shift=0
[FREE POLY] k=6 disc=2 raw=40 facets=5 vertices=8 rho=8.8 anchor_shift=0
[FREE POLY] k=7 disc=0 raw=40 facets=2 vertices=5 rho=9.6 anchor_shift=0
[FREE POLY] k=7 disc=1 raw=40 facets=3 vertices=6 rho=5.6 anchor_shift=0
[FREE POLY] k=7 disc=2 raw=40 facets=6 vertices=9 rho=9.6 anchor_shift=0
[FREE POLY] k=8 disc=0 raw=40 facets=2 vertices=5 rho=10.4 anchor_shift=0
[FREE POLY] k=8 disc=1 raw=40 facets=3 vertices=5 rho=6.4 anchor_shift=0
[FREE POLY] k=8 disc=2 raw=40 facets=6 vertices=9 rho=10.4 anchor_shift=0
[RF SUPPORT SEED] removed=0 support_limit=-1
[SQP] before_solve iter=0 vars=16 constraints=112 max_d=0.16687
[QP WORST] iter=0 row=72 type=collision d=0.16687
[QP WORST COLLISION] scenario=17 k=8 obstacle=0 disc=1
[SQP] after_solve iter=0 converged=1 status=0 iterations=6 primal_residual=8.92289e-08 dual_residual=2.39781e-05 x_size=16 x_finite=1
[SQP LINESEARCH] iter=0 current_violation=0.16687 accepted_violation=0.00167782 accepted=1 alpha=1 delta_u_norm=1.46181
[SQP SUPPORT] iter=0 support_size=0 support_limit=-1 support_ok=1
[SQP] before_solve iter=1 vars=16 constraints=112 max_d=0.00167782
[QP WORST] iter=1 row=72 type=collision d=0.00167782
[QP WORST COLLISION] scenario=17 k=8 obstacle=0 disc=1
[SQP] after_solve iter=1 converged=1 status=0 iterations=5 primal_residual=4.16334e-16 dual_residual=4.49907e-06 x_size=16 x_finite=1
[SQP LINESEARCH] iter=1 current_violation=0.00167782 accepted_violation=2.41005e-05 accepted=1 alpha=1 delta_u_norm=0.508344
[SQP SUPPORT] iter=1 support_size=0 support_limit=-1 support_ok=1
[SQP] before_solve iter=2 vars=16 constraints=112 max_d=2.41005e-05
[QP WORST] iter=2 row=22 type=collision d=2.41005e-05
[QP WORST COLLISION] scenario=17 k=3 obstacle=0 disc=2
[SQP] after_solve iter=2 converged=1 status=0 iterations=6 primal_residual=9.88505e-09 dual_residual=5.76585e-06 x_size=16 x_finite=1
[SQP LINESEARCH] iter=2 current_violation=2.41005e-05 accepted_violation=0 accepted=1 alpha=1 delta_u_norm=0.336793
[SQP SUPPORT] iter=2 support_size=0 support_limit=-1 support_ok=1
[SQP] before_solve iter=3 vars=16 constraints=112 max_d=-5.67496e-07
[QP WORST] iter=3 row=22 type=collision d=-5.67496e-07
[QP WORST COLLISION] scenario=17 k=3 obstacle=0 disc=2
[SQP] after_solve iter=3 converged=1 status=0 iterations=6 primal_residual=2.77556e-16 dual_residual=2.76031e-06 x_size=16 x_finite=1
[SQP LINESEARCH] iter=3 current_violation=0 accepted_violation=0 accepted=1 alpha=1 delta_u_norm=0.252484
[SQP SUPPORT] iter=3 support_size=0 support_limit=-1 support_ok=1
[SQP] before_solve iter=4 vars=16 constraints=112 max_d=-2.56711e-06
[QP WORST] iter=4 row=33 type=collision d=-2.56711e-06
[QP WORST COLLISION] scenario=17 k=4 obstacle=0 disc=2
[SQP] after_solve iter=4 converged=1 status=0 iterations=6 primal_residual=3.53884e-16 dual_residual=1.06099e-05 x_size=16 x_finite=1
[SQP LINESEARCH] iter=4 current_violation=0 accepted_violation=0 accepted=1 alpha=1 delta_u_norm=0.203098
[SQP SUPPORT] iter=4 support_size=0 support_limit=-1 support_ok=1
[SQP] before_solve iter=5 vars=16 constraints=112 max_d=-1.04945e-06
[QP WORST] iter=5 row=72 type=collision d=-1.04945e-06
[QP WORST COLLISION] scenario=17 k=8 obstacle=0 disc=1
[SQP] after_solve iter=5 converged=1 status=0 iterations=6 primal_residual=6.10359e-10 dual_residual=1.35675e-06 x_size=16 x_finite=1
[SQP LINESEARCH] iter=5 current_violation=0 accepted_violation=0 accepted=1 alpha=1 delta_u_norm=0.159706
[SQP SUPPORT] iter=5 support_size=0 support_limit=-1 support_ok=1
[SQP] before_solve iter=6 vars=16 constraints=112 max_d=-9.10902e-07
[QP WORST] iter=6 row=42 type=collision d=-9.10902e-07
[QP WORST COLLISION] scenario=3 k=5 obstacle=0 disc=2
[SQP] after_solve iter=6 converged=1 status=0 iterations=6 primal_residual=3.56054e-09 dual_residual=2.0898e-06 x_size=16 x_finite=1
[SQP LINESEARCH] iter=6 current_violation=0 accepted_violation=0 accepted=1 alpha=1 delta_u_norm=0.135613
[SQP SUPPORT] iter=6 support_size=0 support_limit=-1 support_ok=1
[SQP] before_solve iter=7 vars=16 constraints=112 max_d=-2.54575e-06
[QP WORST] iter=7 row=3 type=collision d=-2.54575e-06
[QP WORST COLLISION] scenario=17 k=1 obstacle=0 disc=2
[SQP] after_solve iter=7 converged=1 status=0 iterations=6 primal_residual=3.90296e-09 dual_residual=2.28597e-06 x_size=16 x_finite=1
[SQP LINESEARCH] iter=7 current_violation=0 accepted_violation=0 accepted=1 alpha=1 delta_u_norm=0.119909
[SQP SUPPORT] iter=7 support_size=0 support_limit=-1 support_ok=1
[SQP] before_solve iter=8 vars=16 constraints=112 max_d=-1.4593e-06
[QP WORST] iter=8 row=72 type=collision d=-1.4593e-06
[QP WORST COLLISION] scenario=17 k=8 obstacle=0 disc=1
[SQP] after_solve iter=8 converged=1 status=0 iterations=6 primal_residual=3.95633e-09 dual_residual=2.31455e-06 x_size=16 x_finite=1
[SQP LINESEARCH] iter=8 current_violation=0 accepted_violation=0 accepted=1 alpha=1 delta_u_norm=0.108831
[SQP SUPPORT] iter=8 support_size=0 support_limit=-1 support_ok=1
[SQP] before_solve iter=9 vars=16 constraints=112 max_d=-9.70082e-07
[QP WORST] iter=9 row=72 type=collision d=-9.70082e-07
[QP WORST COLLISION] scenario=17 k=8 obstacle=0 disc=1
[SQP] after_solve iter=9 converged=1 status=0 iterations=6 primal_residual=3.93053e-09 dual_residual=2.29791e-06 x_size=16 x_finite=1
[SQP LINESEARCH] iter=9 current_violation=0 accepted_violation=0 accepted=1 alpha=1 delta_u_norm=0.100469
[SQP SUPPORT] iter=9 support_size=0 support_limit=-1 support_ok=1
[SQP FINAL] final_violation=0 violated_constraints=0
[SUPPORT FINAL] sqp_union=0 final_active=2 support_limit=-1
[SUPPORT FINAL IDS] 3 17
[SUPPORT UNION IDS]
[COLD START RECOVERY CHECK] ordinary_sqp_failed=0 seed_available=1 incompatible=0 try_homotopy=0
[HARNESS RESULT] step=15 success=1 controls=8 first_input_present=1
[MPC STEP METRICS] step=15 applied=1 success=1 fallback=0 a=-1.9746 omega=-0.0899241 dt=0.1 acceleration_weight=0.1 steering_weight=0.1 control_cost_unweighted=3.90712 control_cost_weighted=0.390712 mpc_cost=-14.6534 solve_time=0.040334 qp_solve_time=0.0273305 constraint_time=0.0069578 dro_risk_time=0.00041108 ambiguity_radius=0.00402275 certificate=not_requested
[EVAL SAFETY] step=16 min_center_distance=0.956865 min_clearance=0.00686536 collision_this_step=0 collision_run=0 collision_radius=0.95
[DRO SUMMARY] step=17 obstacle=0 S=40 rho=0.00387947 rho_raw=0.00387947 D_max=0.0136335 D_min=0.0068334 tv_bound=0.567722 eta=0.284555 eta_raw=0.284555 radius_m=17 radius_d=3 transport_cost=0.00387947 budget_usage=1 lambda=1.5301 q_support=2 nominal_risk=0.153789 qstar_risk=0.159894 risk_lift=0.00610505 tv=0.405879
[DRO MODE] step=17 obstacle=0 mode=constant_velocity p=0.243243 risk=0.153808 q=0 delta_q=-0.243243 q_times_S=0
[DRO MODE] step=17 obstacle=0 mode=turn_left p=0.351351 risk=0.164959 q=0.75723 delta_q=0.405879 q_times_S=30.2892
[DRO MODE] step=17 obstacle=0 mode=turn_right p=0.405405 risk=0.144098 q=0.24277 delta_q=-0.162636 q_times_S=9.71078
[DRO SAMPLE] step=17 obstacle=0 mode=constant_velocity q=0 q_times_S=0 first_count=0 first_fraction=0 occupancy=0 occupancy_fraction=0
[DRO SAMPLE] step=17 obstacle=0 mode=turn_left q=0.75723 q_times_S=30.2892 first_count=31 first_fraction=0.775 occupancy=248 occupancy_fraction=0.775
[DRO SAMPLE] step=17 obstacle=0 mode=turn_right q=0.24277 q_times_S=9.71078 first_count=9 first_fraction=0.225 occupancy=72 occupancy_fraction=0.225
[RF BACKUP] available=1 controls=8 states=9
[FREE POLY] k=1 disc=0 raw=40 facets=4 vertices=7 rho=4.8 anchor_shift=0
[FREE POLY] k=1 disc=1 raw=40 facets=0 vertices=4 rho=0.800001 anchor_shift=0
[FREE POLY] k=1 disc=2 raw=40 facets=4 vertices=7 rho=4.8 anchor_shift=0
[FREE POLY] k=2 disc=0 raw=40 facets=4 vertices=7 rho=5.6 anchor_shift=0
[FREE POLY] k=2 disc=1 raw=40 facets=4 vertices=7 rho=1.6 anchor_shift=0
[FREE POLY] k=2 disc=2 raw=40 facets=4 vertices=7 rho=5.6 anchor_shift=0
[FREE POLY] k=3 disc=0 raw=40 facets=3 vertices=6 rho=6.4 anchor_shift=0
[FREE POLY] k=3 disc=1 raw=40 facets=4 vertices=7 rho=2.4 anchor_shift=0
[FREE POLY] k=3 disc=2 raw=40 facets=4 vertices=7 rho=6.4 anchor_shift=0
[FREE POLY] k=4 disc=0 raw=40 facets=3 vertices=6 rho=7.2 anchor_shift=0
[FREE POLY] k=4 disc=1 raw=40 facets=4 vertices=7 rho=3.2 anchor_shift=0
[FREE POLY] k=4 disc=2 raw=40 facets=5 vertices=8 rho=7.2 anchor_shift=0
[FREE POLY] k=5 disc=0 raw=40 facets=3 vertices=6 rho=8 anchor_shift=0
[FREE POLY] k=5 disc=1 raw=40 facets=6 vertices=9 rho=4 anchor_shift=0
[FREE POLY] k=5 disc=2 raw=40 facets=5 vertices=8 rho=8 anchor_shift=0
[FREE POLY] k=6 disc=0 raw=40 facets=5 vertices=8 rho=8.8 anchor_shift=0
[FREE POLY] k=6 disc=1 raw=40 facets=5 vertices=8 rho=4.8 anchor_shift=0
[FREE POLY] k=6 disc=2 raw=40 facets=4 vertices=6 rho=8.8 anchor_shift=0
[FREE POLY] k=7 disc=0 raw=40 facets=5 vertices=8 rho=9.6 anchor_shift=0
[FREE POLY] k=7 disc=1 raw=40 facets=5 vertices=8 rho=5.6 anchor_shift=0
[FREE POLY] k=7 disc=2 raw=40 facets=6 vertices=9 rho=9.6 anchor_shift=0
[FREE POLY] k=8 disc=0 raw=40 facets=6 vertices=9 rho=10.4 anchor_shift=0
[FREE POLY] k=8 disc=1 raw=40 facets=5 vertices=7 rho=6.4 anchor_shift=0
[FREE POLY] k=8 disc=2 raw=40 facets=6 vertices=9 rho=10.4 anchor_shift=0
[RF SUPPORT SEED] removed=0 support_limit=-1
[SQP] before_solve iter=0 vars=16 constraints=136 max_d=0.053729
[QP WORST] iter=0 row=96 type=collision d=0.053729
[QP WORST COLLISION] scenario=21 k=8 obstacle=0 disc=1
[SQP] after_solve iter=0 converged=1 status=0 iterations=5 primal_residual=3.40006e-16 dual_residual=6.9358e-05 x_size=16 x_finite=1
[SQP LINESEARCH] iter=0 current_violation=0.053729 accepted_violation=1.53268e-05 accepted=1 alpha=1 delta_u_norm=0.624673
[SQP SUPPORT] iter=0 support_size=0 support_limit=-1 support_ok=1
[SQP] before_solve iter=1 vars=16 constraints=136 max_d=1.53268e-05
[QP WORST] iter=1 row=6 type=collision d=1.53268e-05
[QP WORST COLLISION] scenario=14 k=1 obstacle=0 disc=2
[SQP] after_solve iter=1 converged=1 status=0 iterations=6 primal_residual=8.23002e-08 dual_residual=4.14428e-05 x_size=16 x_finite=1
[SQP LINESEARCH] iter=1 current_violation=1.53268e-05 accepted_violation=0 accepted=1 alpha=0.5 delta_u_norm=0.266822
[SQP SUPPORT] iter=1 support_size=0 support_limit=-1 support_ok=1
[SQP] before_solve iter=2 vars=16 constraints=136 max_d=-5.11046e-05
[QP WORST] iter=2 row=6 type=collision d=-5.11046e-05
[QP WORST COLLISION] scenario=14 k=1 obstacle=0 disc=2
[SQP] after_solve iter=2 converged=1 status=0 iterations=6 primal_residual=7.16106e-08 dual_residual=3.63892e-05 x_size=16 x_finite=1
[SQP LINESEARCH] iter=2 current_violation=0 accepted_violation=0 accepted=1 alpha=1 delta_u_norm=0.217403
[SQP SUPPORT] iter=2 support_size=0 support_limit=-1 support_ok=1
[SQP] before_solve iter=3 vars=16 constraints=136 max_d=-7.29033e-07
[QP WORST] iter=3 row=18 type=collision d=-7.29033e-07
[QP WORST COLLISION] scenario=14 k=2 obstacle=0 disc=2
[SQP] after_solve iter=3 converged=1 status=0 iterations=6 primal_residual=3.5809e-08 dual_residual=1.83332e-05 x_size=16 x_finite=1
[SQP LINESEARCH] iter=3 current_violation=0 accepted_violation=0 accepted=1 alpha=1 delta_u_norm=0.178498
[SQP SUPPORT] iter=3 support_size=0 support_limit=-1 support_ok=1
[SQP] before_solve iter=4 vars=16 constraints=136 max_d=-8.87606e-07
[QP WORST] iter=4 row=18 type=collision d=-8.87606e-07
[QP WORST COLLISION] scenario=14 k=2 obstacle=0 disc=2
[SQP] after_solve iter=4 converged=1 status=0 iterations=6 primal_residual=2.16536e-08 dual_residual=1.52756e-05 x_size=16 x_finite=1
[SQP LINESEARCH] iter=4 current_violation=0 accepted_violation=0 accepted=1 alpha=1 delta_u_norm=0.16829
[SQP SUPPORT] iter=4 support_size=0 support_limit=-1 support_ok=1
[SQP] before_solve iter=5 vars=16 constraints=136 max_d=-7.22301e-07
[QP WORST] iter=5 row=18 type=collision d=-7.22301e-07
[QP WORST COLLISION] scenario=14 k=2 obstacle=0 disc=2
[SQP] after_solve iter=5 converged=1 status=0 iterations=6 primal_residual=1.69659e-08 dual_residual=1.49707e-05 x_size=16 x_finite=1
[SQP LINESEARCH] iter=5 current_violation=0 accepted_violation=0 accepted=1 alpha=1 delta_u_norm=0.160812
[SQP SUPPORT] iter=5 support_size=0 support_limit=-1 support_ok=1
[SQP] before_solve iter=6 vars=16 constraints=136 max_d=-6.78798e-07
[QP WORST] iter=6 row=18 type=collision d=-6.78798e-07
[QP WORST COLLISION] scenario=14 k=2 obstacle=0 disc=2
[SQP] after_solve iter=6 converged=1 status=0 iterations=6 primal_residual=1.76345e-08 dual_residual=1.54143e-05 x_size=16 x_finite=1
[SQP LINESEARCH] iter=6 current_violation=0 accepted_violation=0 accepted=1 alpha=1 delta_u_norm=0.152886
[SQP SUPPORT] iter=6 support_size=0 support_limit=-1 support_ok=1
[SQP] before_solve iter=7 vars=16 constraints=136 max_d=-7.37261e-07
[QP WORST] iter=7 row=18 type=collision d=-7.37261e-07
[QP WORST COLLISION] scenario=14 k=2 obstacle=0 disc=2
[SQP] after_solve iter=7 converged=1 status=0 iterations=6 primal_residual=2.202e-08 dual_residual=1.69853e-05 x_size=16 x_finite=1
[SQP LINESEARCH] iter=7 current_violation=0 accepted_violation=0 accepted=1 alpha=1 delta_u_norm=0.132605
[SQP SUPPORT] iter=7 support_size=0 support_limit=-1 support_ok=1
[SQP] before_solve iter=8 vars=16 constraints=136 max_d=-8.49951e-07
[QP WORST] iter=8 row=18 type=collision d=-8.49951e-07
[QP WORST COLLISION] scenario=14 k=2 obstacle=0 disc=2
[SQP] after_solve iter=8 converged=1 status=0 iterations=6 primal_residual=2.78656e-08 dual_residual=1.79015e-05 x_size=16 x_finite=1
[SQP LINESEARCH] iter=8 current_violation=0 accepted_violation=0 accepted=1 alpha=1 delta_u_norm=0.0900192
[SQP SUPPORT] iter=8 support_size=0 support_limit=-1 support_ok=1
[SQP] before_solve iter=9 vars=16 constraints=136 max_d=-9.49203e-07
[QP WORST] iter=9 row=18 type=collision d=-9.49203e-07
[QP WORST COLLISION] scenario=14 k=2 obstacle=0 disc=2
[SQP] after_solve iter=9 converged=1 status=0 iterations=6 primal_residual=3.63005e-08 dual_residual=1.83065e-05 x_size=16 x_finite=1
[SQP LINESEARCH] iter=9 current_violation=0 accepted_violation=0 accepted=1 alpha=1 delta_u_norm=0.0829308
[SQP SUPPORT] iter=9 support_size=0 support_limit=-1 support_ok=1
[SQP FINAL] final_violation=0 violated_constraints=0
[SUPPORT FINAL] sqp_union=0 final_active=4 support_limit=-1
[SUPPORT FINAL IDS] 11 14 15 21
[SUPPORT UNION IDS]
[COLD START RECOVERY CHECK] ordinary_sqp_failed=0 seed_available=1 incompatible=0 try_homotopy=0
[HARNESS RESULT] step=16 success=1 controls=8 first_input_present=1
[MPC STEP METRICS] step=16 applied=1 success=1 fallback=0 a=-0.967462 omega=-0.24534 dt=0.1 acceleration_weight=0.1 steering_weight=0.1 control_cost_unweighted=0.996174 control_cost_weighted=0.0996174 mpc_cost=-14.3478 solve_time=0.0413192 qp_solve_time=0.027855 constraint_time=0.00739586 dro_risk_time=0.000409216 ambiguity_radius=0.00387947 certificate=not_requested
[EVAL SAFETY] step=17 min_center_distance=0.955545 min_clearance=0.00554502 collision_this_step=0 collision_run=0 collision_radius=0.95
[DRO SUMMARY] step=18 obstacle=0 S=40 rho=0.00374268 rho_raw=0.00374268 D_max=0.0136335 D_min=0.0068334 tv_bound=0.547703 eta=0.274521 eta_raw=0.274521 radius_m=18 radius_d=3 transport_cost=0.00374268 budget_usage=1 lambda=1.80502 q_support=2 nominal_risk=0.176992 qstar_risk=0.183904 risk_lift=0.0069122 tv=0.415202
[DRO MODE] step=18 obstacle=0 mode=constant_velocity p=0.282051 risk=0.177203 q=0 delta_q=-0.282051 q_times_S=0
[DRO MODE] step=18 obstacle=0 mode=turn_left p=0.333333 risk=0.190092 q=0.748535 delta_q=0.415202 q_times_S=29.9414
[DRO MODE] step=18 obstacle=0 mode=turn_right p=0.384615 risk=0.165484 q=0.251465 delta_q=-0.133151 q_times_S=10.0586
[DRO SAMPLE] step=18 obstacle=0 mode=constant_velocity q=0 q_times_S=0 first_count=0 first_fraction=0 occupancy=0 occupancy_fraction=0
[DRO SAMPLE] step=18 obstacle=0 mode=turn_left q=0.748535 q_times_S=29.9414 first_count=31 first_fraction=0.775 occupancy=248 occupancy_fraction=0.775
[DRO SAMPLE] step=18 obstacle=0 mode=turn_right q=0.251465 q_times_S=10.0586 first_count=9 first_fraction=0.225 occupancy=72 occupancy_fraction=0.225
[RF BACKUP] available=1 controls=8 states=9
[FREE POLY] k=1 disc=0 raw=40 facets=3 vertices=6 rho=4.8 anchor_shift=0
[FREE POLY] k=1 disc=1 raw=40 facets=1 vertices=5 rho=0.800001 anchor_shift=0
[FREE POLY] k=1 disc=2 raw=40 facets=5 vertices=8 rho=4.8 anchor_shift=0
[FREE POLY] k=2 disc=0 raw=40 facets=4 vertices=7 rho=5.6 anchor_shift=0
[FREE POLY] k=2 disc=1 raw=40 facets=3 vertices=6 rho=1.6 anchor_shift=0
[FREE POLY] k=2 disc=2 raw=40 facets=5 vertices=8 rho=5.6 anchor_shift=0
[FREE POLY] k=3 disc=0 raw=40 facets=5 vertices=8 rho=6.4 anchor_shift=0
[FREE POLY] k=3 disc=1 raw=40 facets=4 vertices=7 rho=2.4 anchor_shift=0
[FREE POLY] k=3 disc=2 raw=40 facets=4 vertices=7 rho=6.4 anchor_shift=0
[FREE POLY] k=4 disc=0 raw=40 facets=5 vertices=8 rho=7.2 anchor_shift=0
[FREE POLY] k=4 disc=1 raw=40 facets=5 vertices=8 rho=3.2 anchor_shift=0
[FREE POLY] k=4 disc=2 raw=40 facets=4 vertices=7 rho=7.2 anchor_shift=0
[FREE POLY] k=5 disc=0 raw=40 facets=3 vertices=6 rho=8 anchor_shift=0
[FREE POLY] k=5 disc=1 raw=40 facets=3 vertices=6 rho=4 anchor_shift=0
[FREE POLY] k=5 disc=2 raw=40 facets=5 vertices=8 rho=8 anchor_shift=0
[FREE POLY] k=6 disc=0 raw=40 facets=4 vertices=7 rho=8.8 anchor_shift=0
[FREE POLY] k=6 disc=1 raw=40 facets=3 vertices=6 rho=4.8 anchor_shift=0
[FREE POLY] k=6 disc=2 raw=40 facets=6 vertices=9 rho=8.8 anchor_shift=0
[FREE POLY] k=7 disc=0 raw=40 facets=4 vertices=7 rho=9.6 anchor_shift=0
[FREE POLY] k=7 disc=1 raw=40 facets=3 vertices=5 rho=5.6 anchor_shift=0
[FREE POLY] k=7 disc=2 raw=40 facets=5 vertices=8 rho=9.6 anchor_shift=0
[FREE POLY] k=8 disc=0 raw=40 facets=4 vertices=7 rho=10.4 anchor_shift=0
[FREE POLY] k=8 disc=1 raw=40 facets=4 vertices=6 rho=6.4 anchor_shift=0
[FREE POLY] k=8 disc=2 raw=40 facets=5 vertices=8 rho=10.4 anchor_shift=0
[RF SUPPORT SEED] removed=0 support_limit=-1
[SQP] before_solve iter=0 vars=16 constraints=129 max_d=0.159476
[QP WORST] iter=0 row=89 type=collision d=0.159476
[QP WORST COLLISION] scenario=21 k=8 obstacle=0 disc=1
[SQP] after_solve iter=0 converged=1 status=0 iterations=5 primal_residual=5.85122e-08 dual_residual=1.92273e-05 x_size=16 x_finite=1
[SQP LINESEARCH] iter=0 current_violation=0.159476 accepted_violation=0 accepted=1 alpha=1 delta_u_norm=0.971233
[SQP SUPPORT] iter=0 support_size=0 support_limit=-1 support_ok=1
[SQP] before_solve iter=1 vars=16 constraints=129 max_d=-0.00795844
[QP WORST] iter=1 row=89 type=collision d=-0.00795844
[QP WORST COLLISION] scenario=21 k=8 obstacle=0 disc=1
[SQP] after_solve iter=1 converged=1 status=0 iterations=4 primal_residual=3.07373e-09 dual_residual=3.26839e-05 x_size=16 x_finite=1
[SQP LINESEARCH] iter=1 current_violation=0 accepted_violation=0 accepted=1 alpha=1 delta_u_norm=0.387061
[SQP SUPPORT] iter=1 support_size=0 support_limit=-1 support_ok=1
[SQP] before_solve iter=2 vars=16 constraints=129 max_d=-6.10479e-05
[QP WORST] iter=2 row=89 type=collision d=-6.10479e-05
[QP WORST COLLISION] scenario=21 k=8 obstacle=0 disc=1
[SQP] after_solve iter=2 converged=1 status=0 iterations=5 primal_residual=4.19815e-11 dual_residual=8.94629e-06 x_size=16 x_finite=1
[SQP LINESEARCH] iter=2 current_violation=0 accepted_violation=0 accepted=1 alpha=1 delta_u_norm=0.348533
[SQP SUPPORT] iter=2 support_size=0 support_limit=-1 support_ok=1
[SQP] before_solve iter=3 vars=16 constraints=129 max_d=-5.56108e-05
[QP WORST] iter=3 row=89 type=collision d=-5.56108e-05
[QP WORST COLLISION] scenario=21 k=8 obstacle=0 disc=1
[SQP] after_solve iter=3 converged=1 status=0 iterations=6 primal_residual=9.82226e-09 dual_residual=7.49826e-06 x_size=16 x_finite=1
[SQP LINESEARCH] iter=3 current_violation=0 accepted_violation=0 accepted=1 alpha=0.5 delta_u_norm=0.247679
[SQP SUPPORT] iter=3 support_size=0 support_limit=-1 support_ok=1
[SQP] before_solve iter=4 vars=16 constraints=129 max_d=-3.22222e-05
[QP WORST] iter=4 row=89 type=collision d=-3.22222e-05
[QP WORST COLLISION] scenario=21 k=8 obstacle=0 disc=1
[SQP] after_solve iter=4 converged=1 status=0 iterations=6 primal_residual=1.00159e-08 dual_residual=6.19433e-06 x_size=16 x_finite=1
[SQP LINESEARCH] iter=4 current_violation=0 accepted_violation=0 accepted=1 alpha=1 delta_u_norm=0.16853
[SQP SUPPORT] iter=4 support_size=0 support_limit=-1 support_ok=1
[SQP] before_solve iter=5 vars=16 constraints=129 max_d=-7.74014e-08
[QP WORST] iter=5 row=5 type=collision d=-7.74014e-08
[QP WORST COLLISION] scenario=5 k=1 obstacle=0 disc=2
[SQP] after_solve iter=5 converged=1 status=0 iterations=6 primal_residual=1.41597e-08 dual_residual=7.6784e-06 x_size=16 x_finite=1
[SQP LINESEARCH] iter=5 current_violation=0 accepted_violation=0 accepted=1 alpha=1 delta_u_norm=0.117647
[SQP SUPPORT] iter=5 support_size=0 support_limit=-1 support_ok=1
[SQP] before_solve iter=6 vars=16 constraints=129 max_d=-1.60976e-07
[QP WORST] iter=6 row=5 type=collision d=-1.60976e-07
[QP WORST COLLISION] scenario=5 k=1 obstacle=0 disc=2
[SQP] after_solve iter=6 converged=1 status=0 iterations=6 primal_residual=1.72148e-08 dual_residual=8.88267e-06 x_size=16 x_finite=1
[SQP LINESEARCH] iter=6 current_violation=0 accepted_violation=0 accepted=1 alpha=1 delta_u_norm=0.112106
[SQP SUPPORT] iter=6 support_size=0 support_limit=-1 support_ok=1
[SQP] before_solve iter=7 vars=16 constraints=129 max_d=-2.09798e-07
[QP WORST] iter=7 row=5 type=collision d=-2.09798e-07
[QP WORST COLLISION] scenario=5 k=1 obstacle=0 disc=2
[SQP] after_solve iter=7 converged=1 status=0 iterations=6 primal_residual=1.15148e-08 dual_residual=6.60793e-06 x_size=16 x_finite=1
[SQP LINESEARCH] iter=7 current_violation=0 accepted_violation=0 accepted=1 alpha=1 delta_u_norm=0.107332
[SQP SUPPORT] iter=7 support_size=0 support_limit=-1 support_ok=1
[SQP] before_solve iter=8 vars=16 constraints=129 max_d=-1.59185e-07
[QP WORST] iter=8 row=5 type=collision d=-1.59185e-07
[QP WORST COLLISION] scenario=5 k=1 obstacle=0 disc=2
[SQP] after_solve iter=8 converged=1 status=0 iterations=6 primal_residual=5.07029e-09 dual_residual=3.84505e-06 x_size=16 x_finite=1
[SQP LINESEARCH] iter=8 current_violation=0 accepted_violation=0 accepted=1 alpha=1 delta_u_norm=0.103102
[SQP SUPPORT] iter=8 support_size=0 support_limit=-1 support_ok=1
[SQP] before_solve iter=9 vars=16 constraints=129 max_d=-1.10937e-07
[QP WORST] iter=9 row=5 type=collision d=-1.10937e-07
[QP WORST COLLISION] scenario=5 k=1 obstacle=0 disc=2
[SQP] after_solve iter=9 converged=1 status=0 iterations=5 primal_residual=2.50951e-08 dual_residual=5.7503e-05 x_size=16 x_finite=1
[SQP LINESEARCH] iter=9 current_violation=0 accepted_violation=0 accepted=1 alpha=1 delta_u_norm=0.0972784
[SQP SUPPORT] iter=9 support_size=0 support_limit=-1 support_ok=1
[SQP FINAL] final_violation=0 violated_constraints=0
[SUPPORT FINAL] sqp_union=0 final_active=3 support_limit=-1
[SUPPORT FINAL IDS] 5 21 34
[SUPPORT UNION IDS]
[COLD START RECOVERY CHECK] ordinary_sqp_failed=0 seed_available=1 incompatible=0 try_homotopy=0
[HARNESS RESULT] step=17 success=1 controls=8 first_input_present=1
[MPC STEP METRICS] step=17 applied=1 success=1 fallback=0 a=-0.0974339 omega=-0.375157 dt=0.1 acceleration_weight=0.1 steering_weight=0.1 control_cost_unweighted=0.150236 control_cost_weighted=0.0150236 mpc_cost=-12.6198 solve_time=0.038954 qp_solve_time=0.0257944 constraint_time=0.00715618 dro_risk_time=0.000412422 ambiguity_radius=0.00374268 certificate=not_requested
[EVAL SAFETY] step=18 min_center_distance=0.954513 min_clearance=0.0045126 collision_this_step=0 collision_run=0 collision_radius=0.95
[DRO SUMMARY] step=19 obstacle=0 S=40 rho=0.003614 rho_raw=0.003614 D_max=0.0136335 D_min=0.0068334 tv_bound=0.528873 eta=0.265083 eta_raw=0.265083 radius_m=19 radius_d=3 transport_cost=0.003614 budget_usage=1 lambda=2.10891 q_support=2 nominal_risk=0.0332683 qstar_risk=0.0409781 risk_lift=0.00770973 tv=0.398901
[DRO MODE] step=19 obstacle=0 mode=constant_velocity p=0.268293 risk=0.0330023 q=0 delta_q=-0.268293 q_times_S=0
[DRO MODE] step=19 obstacle=0 mode=turn_left p=0.365854 risk=0.0477418 q=0.764755 delta_q=0.398901 q_times_S=30.5902
[DRO MODE] step=19 obstacle=0 mode=turn_right p=0.365854 risk=0.01899 q=0.235245 delta_q=-0.130609 q_times_S=9.4098
[DRO SAMPLE] step=19 obstacle=0 mode=constant_velocity q=0 q_times_S=0 first_count=0 first_fraction=0 occupancy=0 occupancy_fraction=0
[DRO SAMPLE] step=19 obstacle=0 mode=turn_left q=0.764755 q_times_S=30.5902 first_count=29 first_fraction=0.725 occupancy=232 occupancy_fraction=0.725
[DRO SAMPLE] step=19 obstacle=0 mode=turn_right q=0.235245 q_times_S=9.4098 first_count=11 first_fraction=0.275 occupancy=88 occupancy_fraction=0.275
[RF BACKUP] available=1 controls=8 states=9
[FREE POLY] k=1 disc=0 raw=40 facets=2 vertices=5 rho=4.8 anchor_shift=0
[FREE POLY] k=1 disc=1 raw=40 facets=1 vertices=5 rho=0.800001 anchor_shift=0
[FREE POLY] k=1 disc=2 raw=40 facets=5 vertices=8 rho=4.8 anchor_shift=0
[FREE POLY] k=2 disc=0 raw=40 facets=2 vertices=5 rho=5.6 anchor_shift=0
[FREE POLY] k=2 disc=1 raw=40 facets=2 vertices=5 rho=1.6 anchor_shift=0
[FREE POLY] k=2 disc=2 raw=40 facets=6 vertices=9 rho=5.6 anchor_shift=0
[FREE POLY] k=3 disc=0 raw=40 facets=3 vertices=6 rho=6.4 anchor_shift=0
[FREE POLY] k=3 disc=1 raw=40 facets=3 vertices=6 rho=2.4 anchor_shift=0
[FREE POLY] k=3 disc=2 raw=40 facets=4 vertices=7 rho=6.4 anchor_shift=0
[FREE POLY] k=4 disc=0 raw=40 facets=3 vertices=6 rho=7.2 anchor_shift=0
[FREE POLY] k=4 disc=1 raw=40 facets=4 vertices=7 rho=3.2 anchor_shift=0
[FREE POLY] k=4 disc=2 raw=40 facets=4 vertices=7 rho=7.2 anchor_shift=0
[FREE POLY] k=5 disc=0 raw=40 facets=5 vertices=8 rho=8 anchor_shift=0
[FREE POLY] k=5 disc=1 raw=40 facets=5 vertices=8 rho=4 anchor_shift=0
[FREE POLY] k=5 disc=2 raw=40 facets=5 vertices=8 rho=8 anchor_shift=0
[FREE POLY] k=6 disc=0 raw=40 facets=4 vertices=7 rho=8.8 anchor_shift=0
[FREE POLY] k=6 disc=1 raw=40 facets=4 vertices=7 rho=4.8 anchor_shift=0
[FREE POLY] k=6 disc=2 raw=40 facets=4 vertices=7 rho=8.8 anchor_shift=0
[FREE POLY] k=7 disc=0 raw=40 facets=4 vertices=7 rho=9.6 anchor_shift=0
[FREE POLY] k=7 disc=1 raw=40 facets=4 vertices=7 rho=5.6 anchor_shift=0
[FREE POLY] k=7 disc=2 raw=40 facets=4 vertices=7 rho=9.6 anchor_shift=0
[FREE POLY] k=8 disc=0 raw=40 facets=5 vertices=8 rho=10.4 anchor_shift=0
[FREE POLY] k=8 disc=1 raw=40 facets=5 vertices=8 rho=6.4 anchor_shift=0
[FREE POLY] k=8 disc=2 raw=40 facets=4 vertices=7 rho=10.4 anchor_shift=0
[RF SUPPORT SEED] removed=0 support_limit=-1
[SQP] before_solve iter=0 vars=16 constraints=124 max_d=-0.0139745
[QP WORST] iter=0 row=87 type=collision d=-0.0139745
[QP WORST COLLISION] scenario=31 k=8 obstacle=0 disc=1
[SQP] after_solve iter=0 converged=1 status=0 iterations=5 primal_residual=7.51535e-09 dual_residual=9.69015e-06 x_size=16 x_finite=1
[SQP LINESEARCH] iter=0 current_violation=0 accepted_violation=0 accepted=1 alpha=0.5 delta_u_norm=0.570516
[SQP SUPPORT] iter=0 support_size=0 support_limit=-1 support_ok=1
[SQP] before_solve iter=1 vars=16 constraints=124 max_d=-0.00692134
[QP WORST] iter=1 row=87 type=collision d=-0.00692134
[QP WORST COLLISION] scenario=31 k=8 obstacle=0 disc=1
[SQP] after_solve iter=1 converged=1 status=0 iterations=5 primal_residual=5.46201e-08 dual_residual=5.72049e-05 x_size=16 x_finite=1
[SQP LINESEARCH] iter=1 current_violation=0 accepted_violation=0 accepted=1 alpha=0.5 delta_u_norm=0.466649
[SQP SUPPORT] iter=1 support_size=0 support_limit=-1 support_ok=1
[SQP] before_solve iter=2 vars=16 constraints=124 max_d=-0.00345795
[QP WORST] iter=2 row=87 type=collision d=-0.00345795
[QP WORST COLLISION] scenario=31 k=8 obstacle=0 disc=1
[SQP] after_solve iter=2 converged=1 status=0 iterations=6 primal_residual=4.30211e-16 dual_residual=4.28e-06 x_size=16 x_finite=1
[SQP LINESEARCH] iter=2 current_violation=0 accepted_violation=0 accepted=1 alpha=1 delta_u_norm=0.397982
[SQP SUPPORT] iter=2 support_size=0 support_limit=-1 support_ok=1
[SQP] before_solve iter=3 vars=16 constraints=124 max_d=-2.55045e-05
[QP WORST] iter=3 row=87 type=collision d=-2.55045e-05
[QP WORST COLLISION] scenario=31 k=8 obstacle=0 disc=1
[SQP] after_solve iter=3 converged=1 status=0 iterations=6 primal_residual=4.20237e-16 dual_residual=2.38723e-05 x_size=16 x_finite=1
[SQP LINESEARCH] iter=3 current_violation=0 accepted_violation=0 accepted=1 alpha=1 delta_u_norm=0.330252
[SQP SUPPORT] iter=3 support_size=0 support_limit=-1 support_ok=1
[SQP] before_solve iter=4 vars=16 constraints=124 max_d=-1.3665e-05
[QP WORST] iter=4 row=87 type=collision d=-1.3665e-05
[QP WORST COLLISION] scenario=31 k=8 obstacle=0 disc=1
[SQP] after_solve iter=4 converged=1 status=0 iterations=6 primal_residual=3.3285e-16 dual_residual=2.61214e-05 x_size=16 x_finite=1
[SQP LINESEARCH] iter=4 current_violation=0 accepted_violation=0 accepted=1 alpha=1 delta_u_norm=0.299009
[SQP SUPPORT] iter=4 support_size=0 support_limit=-1 support_ok=1
[SQP] before_solve iter=5 vars=16 constraints=124 max_d=-6.0101e-06
[QP WORST] iter=5 row=87 type=collision d=-6.0101e-06
[QP WORST COLLISION] scenario=31 k=8 obstacle=0 disc=1
[SQP] after_solve iter=5 converged=1 status=0 iterations=6 primal_residual=4.02456e-16 dual_residual=3.00741e-05 x_size=16 x_finite=1
[SQP LINESEARCH] iter=5 current_violation=0 accepted_violation=0 accepted=1 alpha=1 delta_u_norm=0.199246
[SQP SUPPORT] iter=5 support_size=0 support_limit=-1 support_ok=1
[SQP] before_solve iter=6 vars=16 constraints=124 max_d=-3.08378e-06
[QP WORST] iter=6 row=87 type=collision d=-3.08378e-06
[QP WORST COLLISION] scenario=31 k=8 obstacle=0 disc=1
[SQP] after_solve iter=6 converged=1 status=0 iterations=6 primal_residual=4.2002e-16 dual_residual=3.16564e-05 x_size=16 x_finite=1
[SQP LINESEARCH] iter=6 current_violation=0 accepted_violation=0 accepted=1 alpha=1 delta_u_norm=0.169364
[SQP SUPPORT] iter=6 support_size=0 support_limit=-1 support_ok=1
[SQP] before_solve iter=7 vars=16 constraints=124 max_d=-3.56193e-06
[QP WORST] iter=7 row=87 type=collision d=-3.56193e-06
[QP WORST COLLISION] scenario=31 k=8 obstacle=0 disc=1
[SQP] after_solve iter=7 converged=1 status=0 iterations=6 primal_residual=4.00721e-16 dual_residual=3.28421e-05 x_size=16 x_finite=1
[SQP LINESEARCH] iter=7 current_violation=0 accepted_violation=0 accepted=1 alpha=1 delta_u_norm=0.147084
[SQP SUPPORT] iter=7 support_size=0 support_limit=-1 support_ok=1
[SQP] before_solve iter=8 vars=16 constraints=124 max_d=-3.75618e-06
[QP WORST] iter=8 row=87 type=collision d=-3.75618e-06
[QP WORST COLLISION] scenario=31 k=8 obstacle=0 disc=1
[SQP] after_solve iter=8 converged=1 status=0 iterations=6 primal_residual=4.36283e-16 dual_residual=2.48645e-05 x_size=16 x_finite=1
[SQP LINESEARCH] iter=8 current_violation=0 accepted_violation=0 accepted=1 alpha=1 delta_u_norm=0.10463
[SQP SUPPORT] iter=8 support_size=0 support_limit=-1 support_ok=1
[SQP] before_solve iter=9 vars=16 constraints=124 max_d=-2.35608e-06
[QP WORST] iter=9 row=87 type=collision d=-2.35608e-06
[QP WORST COLLISION] scenario=31 k=8 obstacle=0 disc=1
[SQP] after_solve iter=9 converged=1 status=0 iterations=6 primal_residual=3.81666e-16 dual_residual=1.81129e-05 x_size=16 x_finite=1
[SQP LINESEARCH] iter=9 current_violation=0 accepted_violation=0 accepted=1 alpha=1 delta_u_norm=0.0899409
[SQP SUPPORT] iter=9 support_size=0 support_limit=-1 support_ok=1
[SQP FINAL] final_violation=0 violated_constraints=0
[SUPPORT FINAL] sqp_union=0 final_active=2 support_limit=-1
[SUPPORT FINAL IDS] 31 35
[SUPPORT UNION IDS]
[COLD START RECOVERY CHECK] ordinary_sqp_failed=0 seed_available=1 incompatible=0 try_homotopy=0
[HARNESS RESULT] step=18 success=1 controls=8 first_input_present=1
[MPC STEP METRICS] step=18 applied=1 success=1 fallback=0 a=0.754416 omega=-0.52739 dt=0.1 acceleration_weight=0.1 steering_weight=0.1 control_cost_unweighted=0.847284 control_cost_weighted=0.0847284 mpc_cost=-12.0663 solve_time=0.0396125 qp_solve_time=0.0264216 constraint_time=0.00722622 dro_risk_time=0.000402915 ambiguity_radius=0.003614 certificate=not_requested
[EVAL SAFETY] step=19 min_center_distance=0.954942 min_clearance=0.00494207 collision_this_step=0 collision_run=0 collision_radius=0.95
[DRO SUMMARY] step=20 obstacle=0 S=40 rho=0.00358573 rho_raw=0.00358573 D_max=0.0136335 D_min=0.0068334 tv_bound=0.524736 eta=0.263009 eta_raw=0.263009 radius_m=20 radius_d=3 transport_cost=0.00358573 budget_usage=1 lambda=2.32571 q_support=2 nominal_risk=0.0255179 qstar_risk=0.0338622 risk_lift=0.00834429 tv=0.390604
[DRO MODE] step=20 obstacle=0 mode=constant_velocity p=0.255814 risk=0.0262122 q=0 delta_q=-0.255814 q_times_S=0
[DRO MODE] step=20 obstacle=0 mode=turn_left p=0.348837 risk=0.0421238 q=0.739441 delta_q=0.390604 q_times_S=29.5776
[DRO MODE] step=20 obstacle=0 mode=turn_right p=0.395349 risk=0.0104163 q=0.260559 delta_q=-0.13479 q_times_S=10.4224
[DRO SAMPLE] step=20 obstacle=0 mode=constant_velocity q=0 q_times_S=0 first_count=0 first_fraction=0 occupancy=0 occupancy_fraction=0
[DRO SAMPLE] step=20 obstacle=0 mode=turn_left q=0.739441 q_times_S=29.5776 first_count=23 first_fraction=0.575 occupancy=184 occupancy_fraction=0.575
[DRO SAMPLE] step=20 obstacle=0 mode=turn_right q=0.260559 q_times_S=10.4224 first_count=17 first_fraction=0.425 occupancy=136 occupancy_fraction=0.425
[RF BACKUP] available=1 controls=8 states=9
[FREE POLY] k=1 disc=0 raw=40 facets=4 vertices=7 rho=4.8 anchor_shift=0
[FREE POLY] k=1 disc=1 raw=40 facets=2 vertices=6 rho=0.800001 anchor_shift=0
[FREE POLY] k=1 disc=2 raw=40 facets=4 vertices=7 rho=4.8 anchor_shift=0
[FREE POLY] k=2 disc=0 raw=40 facets=5 vertices=8 rho=5.6 anchor_shift=0
[FREE POLY] k=2 disc=1 raw=40 facets=5 vertices=8 rho=1.6 anchor_shift=0
[FREE POLY] k=2 disc=2 raw=40 facets=6 vertices=9 rho=5.6 anchor_shift=0
[FREE POLY] k=3 disc=0 raw=40 facets=5 vertices=8 rho=6.4 anchor_shift=0
[FREE POLY] k=3 disc=1 raw=40 facets=6 vertices=9 rho=2.4 anchor_shift=0
[FREE POLY] k=3 disc=2 raw=40 facets=6 vertices=9 rho=6.4 anchor_shift=0
[FREE POLY] k=4 disc=0 raw=40 facets=4 vertices=7 rho=7.2 anchor_shift=0
[FREE POLY] k=4 disc=1 raw=40 facets=6 vertices=9 rho=3.2 anchor_shift=0
[FREE POLY] k=4 disc=2 raw=40 facets=5 vertices=8 rho=7.2 anchor_shift=0
[FREE POLY] k=5 disc=0 raw=40 facets=3 vertices=6 rho=8 anchor_shift=0
[FREE POLY] k=5 disc=1 raw=40 facets=4 vertices=7 rho=4 anchor_shift=0
[FREE POLY] k=5 disc=2 raw=40 facets=4 vertices=7 rho=8 anchor_shift=0
[FREE POLY] k=6 disc=0 raw=40 facets=3 vertices=6 rho=8.8 anchor_shift=0
[FREE POLY] k=6 disc=1 raw=40 facets=4 vertices=7 rho=4.8 anchor_shift=0
[FREE POLY] k=6 disc=2 raw=40 facets=4 vertices=7 rho=8.8 anchor_shift=0
[FREE POLY] k=7 disc=0 raw=40 facets=5 vertices=8 rho=9.6 anchor_shift=0
[FREE POLY] k=7 disc=1 raw=40 facets=6 vertices=9 rho=5.6 anchor_shift=0
[FREE POLY] k=7 disc=2 raw=40 facets=4 vertices=7 rho=9.6 anchor_shift=0
[FREE POLY] k=8 disc=0 raw=40 facets=4 vertices=7 rho=10.4 anchor_shift=0
[FREE POLY] k=8 disc=1 raw=40 facets=4 vertices=7 rho=6.4 anchor_shift=0
[FREE POLY] k=8 disc=2 raw=40 facets=4 vertices=7 rho=10.4 anchor_shift=0
[RF SUPPORT SEED] removed=0 support_limit=-1
[SQP] before_solve iter=0 vars=16 constraints=139 max_d=-0.0439633
[QP WORST] iter=0 row=85 type=collision d=-0.0439633
[QP WORST COLLISION] scenario=3 k=7 obstacle=0 disc=1
[SQP] after_solve iter=0 converged=1 status=0 iterations=5 primal_residual=2.35943e-08 dual_residual=7.9279e-05 x_size=16 x_finite=1
[SQP LINESEARCH] iter=0 current_violation=0 accepted_violation=0 accepted=1 alpha=0.5 delta_u_norm=0.744578
[SQP SUPPORT] iter=0 support_size=0 support_limit=-1 support_ok=1
[SQP] before_solve iter=1 vars=16 constraints=139 max_d=-0.0217727
[QP WORST] iter=1 row=85 type=collision d=-0.0217727
[QP WORST COLLISION] scenario=3 k=7 obstacle=0 disc=1
[SQP] after_solve iter=1 converged=1 status=0 iterations=6 primal_residual=3.2592e-09 dual_residual=2.49432e-06 x_size=16 x_finite=1
[SQP LINESEARCH] iter=1 current_violation=0 accepted_violation=0 accepted=1 alpha=0.5 delta_u_norm=0.523145
[SQP SUPPORT] iter=1 support_size=0 support_limit=-1 support_ok=1
[SQP] before_solve iter=2 vars=16 constraints=139 max_d=-0.0108283
[QP WORST] iter=2 row=85 type=collision d=-0.0108283
[QP WORST COLLISION] scenario=3 k=7 obstacle=0 disc=1
[SQP] after_solve iter=2 converged=1 status=0 iterations=5 primal_residual=4.57967e-16 dual_residual=7.8834e-05 x_size=16 x_finite=1
[SQP LINESEARCH] iter=2 current_violation=0 accepted_violation=0 accepted=1 alpha=0.5 delta_u_norm=0.347787
[SQP SUPPORT] iter=2 support_size=0 support_limit=-1 support_ok=1
[SQP] before_solve iter=3 vars=16 constraints=139 max_d=-0.00540576
[QP WORST] iter=3 row=85 type=collision d=-0.00540576
[QP WORST COLLISION] scenario=3 k=7 obstacle=0 disc=1
[SQP] after_solve iter=3 converged=1 status=0 iterations=6 primal_residual=4.3715e-16 dual_residual=1.51751e-05 x_size=16 x_finite=1
[SQP LINESEARCH] iter=3 current_violation=0 accepted_violation=0 accepted=1 alpha=0.5 delta_u_norm=0.23457
[SQP SUPPORT] iter=3 support_size=0 support_limit=-1 support_ok=1
[SQP] before_solve iter=4 vars=16 constraints=139 max_d=-0.00269932
[QP WORST] iter=4 row=85 type=collision d=-0.00269932
[QP WORST COLLISION] scenario=3 k=7 obstacle=0 disc=1
[SQP] after_solve iter=4 converged=1 status=0 iterations=6 primal_residual=4.4062e-16 dual_residual=1.28426e-05 x_size=16 x_finite=1
[SQP LINESEARCH] iter=4 current_violation=0 accepted_violation=0 accepted=1 alpha=0.5 delta_u_norm=0.179629
[SQP SUPPORT] iter=4 support_size=0 support_limit=-1 support_ok=1
[SQP] before_solve iter=5 vars=16 constraints=139 max_d=-0.00134883
[QP WORST] iter=5 row=85 type=collision d=-0.00134883
[QP WORST COLLISION] scenario=3 k=7 obstacle=0 disc=1
[SQP] after_solve iter=5 converged=1 status=0 iterations=6 primal_residual=4.3715e-16 dual_residual=1.62877e-05 x_size=16 x_finite=1
[SQP LINESEARCH] iter=5 current_violation=0 accepted_violation=0 accepted=1 alpha=0.5 delta_u_norm=0.155312
[SQP SUPPORT] iter=5 support_size=0 support_limit=-1 support_ok=1
[SQP] before_solve iter=6 vars=16 constraints=139 max_d=-0.000674342
[QP WORST] iter=6 row=85 type=collision d=-0.000674342
[QP WORST COLLISION] scenario=3 k=7 obstacle=0 disc=1
[SQP] after_solve iter=6 converged=1 status=0 iterations=6 primal_residual=4.2002e-16 dual_residual=2.12522e-05 x_size=16 x_finite=1
[SQP LINESEARCH] iter=6 current_violation=0 accepted_violation=0 accepted=1 alpha=0.5 delta_u_norm=0.138878
[SQP SUPPORT] iter=6 support_size=0 support_limit=-1 support_ok=1
[SQP] before_solve iter=7 vars=16 constraints=139 max_d=-0.000337284
[QP WORST] iter=7 row=85 type=collision d=-0.000337284
[QP WORST COLLISION] scenario=3 k=7 obstacle=0 disc=1
[SQP] after_solve iter=7 converged=1 status=0 iterations=6 primal_residual=4.16334e-16 dual_residual=2.0919e-05 x_size=16 x_finite=1
[SQP LINESEARCH] iter=7 current_violation=0 accepted_violation=0 accepted=1 alpha=0.5 delta_u_norm=0.124606
[SQP SUPPORT] iter=7 support_size=0 support_limit=-1 support_ok=1
[SQP] before_solve iter=8 vars=16 constraints=139 max_d=-0.000168748
[QP WORST] iter=8 row=85 type=collision d=-0.000168748
[QP WORST COLLISION] scenario=3 k=7 obstacle=0 disc=1
[SQP] after_solve iter=8 converged=1 status=0 iterations=6 primal_residual=3.747e-16 dual_residual=1.92132e-05 x_size=16 x_finite=1
[SQP LINESEARCH] iter=8 current_violation=0 accepted_violation=0 accepted=1 alpha=1 delta_u_norm=0.114516
[SQP SUPPORT] iter=8 support_size=0 support_limit=-1 support_ok=1
[SQP] before_solve iter=9 vars=16 constraints=139 max_d=-3.78461e-08
[QP WORST] iter=9 row=101 type=collision d=-3.78461e-08
[QP WORST COLLISION] scenario=31 k=8 obstacle=0 disc=1
[SQP] after_solve iter=9 converged=1 status=0 iterations=6 primal_residual=4.16069e-16 dual_residual=1.80246e-05 x_size=16 x_finite=1
[SQP LINESEARCH] iter=9 current_violation=0 accepted_violation=0 accepted=1 alpha=1 delta_u_norm=0.103694
[SQP SUPPORT] iter=9 support_size=0 support_limit=-1 support_ok=1
[SQP FINAL] final_violation=0 violated_constraints=0
[SUPPORT FINAL] sqp_union=0 final_active=2 support_limit=-1
[SUPPORT FINAL IDS] 3 31
[SUPPORT UNION IDS]
[COLD START RECOVERY CHECK] ordinary_sqp_failed=0 seed_available=1 incompatible=0 try_homotopy=0
[HARNESS RESULT] step=19 success=1 controls=8 first_input_present=1
[MPC STEP METRICS] step=19 applied=1 success=1 fallback=0 a=0.453041 omega=0.105763 dt=0.1 acceleration_weight=0.1 steering_weight=0.1 control_cost_unweighted=0.216432 control_cost_weighted=0.0216432 mpc_cost=-11.8161 solve_time=0.0445798 qp_solve_time=0.0310748 constraint_time=0.00741729 dro_risk_time=0.000406111 ambiguity_radius=0.00358573 certificate=not_requested
[EVAL SAFETY] step=20 min_center_distance=1.08406 min_clearance=0.134062 collision_this_step=0 collision_run=0 collision_radius=0.95
[DRO SUMMARY] step=21 obstacle=0 S=40 rho=0.00354558 rho_raw=0.00354558 D_max=0.0136335 D_min=0.0068334 tv_bound=0.518861 eta=0.260064 eta_raw=0.260064 radius_m=21 radius_d=3 transport_cost=0.00354558 budget_usage=1 lambda=2.37058 q_support=2 nominal_risk=0.0528926 qstar_risk=0.0613995 risk_lift=0.00850693 tv=0.422222
[DRO MODE] step=21 obstacle=0 mode=constant_velocity p=0.244444 risk=0.0544607 q=0.569555 delta_q=0.32511 q_times_S=22.7822
[DRO MODE] step=21 obstacle=0 mode=turn_left p=0.333333 risk=0.0705808 q=0.430445 delta_q=0.0971119 q_times_S=17.2178
[DRO MODE] step=21 obstacle=0 mode=turn_right p=0.422222 risk=0.0380203 q=0 delta_q=-0.422222 q_times_S=0
[DRO SAMPLE] step=21 obstacle=0 mode=constant_velocity q=0.569555 q_times_S=22.7822 first_count=26 first_fraction=0.65 occupancy=208 occupancy_fraction=0.65
[DRO SAMPLE] step=21 obstacle=0 mode=turn_left q=0.430445 q_times_S=17.2178 first_count=14 first_fraction=0.35 occupancy=112 occupancy_fraction=0.35
[DRO SAMPLE] step=21 obstacle=0 mode=turn_right q=0 q_times_S=0 first_count=0 first_fraction=0 occupancy=0 occupancy_fraction=0
[RF BACKUP] available=1 controls=8 states=9
[FREE POLY] k=1 disc=0 raw=40 facets=3 vertices=6 rho=4.8 anchor_shift=0
[FREE POLY] k=1 disc=1 raw=40 facets=2 vertices=6 rho=0.800001 anchor_shift=0
[FREE POLY] k=1 disc=2 raw=40 facets=4 vertices=7 rho=4.8 anchor_shift=0
[FREE POLY] k=2 disc=0 raw=40 facets=3 vertices=6 rho=5.6 anchor_shift=0
[FREE POLY] k=2 disc=1 raw=40 facets=4 vertices=7 rho=1.6 anchor_shift=0
[FREE POLY] k=2 disc=2 raw=40 facets=4 vertices=7 rho=5.6 anchor_shift=0
[FREE POLY] k=3 disc=0 raw=40 facets=3 vertices=6 rho=6.4 anchor_shift=0
[FREE POLY] k=3 disc=1 raw=40 facets=3 vertices=6 rho=2.4 anchor_shift=0
[FREE POLY] k=3 disc=2 raw=40 facets=3 vertices=6 rho=6.4 anchor_shift=0
[FREE POLY] k=4 disc=0 raw=40 facets=3 vertices=6 rho=7.2 anchor_shift=0
[FREE POLY] k=4 disc=1 raw=40 facets=3 vertices=6 rho=3.2 anchor_shift=0
[FREE POLY] k=4 disc=2 raw=40 facets=3 vertices=6 rho=7.2 anchor_shift=0
[FREE POLY] k=5 disc=0 raw=40 facets=4 vertices=7 rho=8 anchor_shift=0
[FREE POLY] k=5 disc=1 raw=40 facets=4 vertices=7 rho=4 anchor_shift=0
[FREE POLY] k=5 disc=2 raw=40 facets=4 vertices=7 rho=8 anchor_shift=0
[FREE POLY] k=6 disc=0 raw=40 facets=5 vertices=8 rho=8.8 anchor_shift=0
[FREE POLY] k=6 disc=1 raw=40 facets=6 vertices=9 rho=4.8 anchor_shift=0
[FREE POLY] k=6 disc=2 raw=40 facets=5 vertices=8 rho=8.8 anchor_shift=0
[FREE POLY] k=7 disc=0 raw=40 facets=5 vertices=8 rho=9.6 anchor_shift=0
[FREE POLY] k=7 disc=1 raw=40 facets=5 vertices=8 rho=5.6 anchor_shift=0
[FREE POLY] k=7 disc=2 raw=40 facets=4 vertices=8 rho=9.6 anchor_shift=0
[FREE POLY] k=8 disc=0 raw=40 facets=5 vertices=8 rho=10.4 anchor_shift=0
[FREE POLY] k=8 disc=1 raw=40 facets=4 vertices=7 rho=6.4 anchor_shift=0
[FREE POLY] k=8 disc=2 raw=40 facets=3 vertices=6 rho=10.4 anchor_shift=0
[RF SUPPORT SEED] removed=0 support_limit=-1
[SQP] before_solve iter=0 vars=16 constraints=124 max_d=0.00242402
[QP WORST] iter=0 row=85 type=collision d=0.00242402
[QP WORST COLLISION] scenario=5 k=8 obstacle=0 disc=1
[SQP] after_solve iter=0 converged=1 status=0 iterations=7 primal_residual=4.43222e-16 dual_residual=9.07912e-05 x_size=16 x_finite=1
[SQP LINESEARCH] iter=0 current_violation=0.00242402 accepted_violation=7.50895e-05 accepted=1 alpha=1 delta_u_norm=0.610186
[SQP SUPPORT] iter=0 support_size=0 support_limit=-1 support_ok=1
[SQP] before_solve iter=1 vars=16 constraints=124 max_d=7.50895e-05
[QP WORST] iter=1 row=71 type=collision d=7.50895e-05
[QP WORST COLLISION] scenario=5 k=7 obstacle=0 disc=1
[SQP] after_solve iter=1 converged=1 status=0 iterations=7 primal_residual=4.27609e-16 dual_residual=2.48844e-05 x_size=16 x_finite=1
[SQP LINESEARCH] iter=1 current_violation=7.50895e-05 accepted_violation=0 accepted=1 alpha=1 delta_u_norm=0.432888
[SQP SUPPORT] iter=1 support_size=0 support_limit=-1 support_ok=1
[SQP] before_solve iter=2 vars=16 constraints=124 max_d=-1.26485e-05
[QP WORST] iter=2 row=71 type=collision d=-1.26485e-05
[QP WORST COLLISION] scenario=5 k=7 obstacle=0 disc=1
[SQP] after_solve iter=2 converged=1 status=0 iterations=6 primal_residual=4.15466e-16 dual_residual=4.96049e-05 x_size=16 x_finite=1
[SQP LINESEARCH] iter=2 current_violation=0 accepted_violation=0 accepted=1 alpha=1 delta_u_norm=0.234466
[SQP SUPPORT] iter=2 support_size=0 support_limit=-1 support_ok=1
[SQP] before_solve iter=3 vars=16 constraints=124 max_d=-4.62066e-06
[QP WORST] iter=3 row=71 type=collision d=-4.62066e-06
[QP WORST COLLISION] scenario=5 k=7 obstacle=0 disc=1
[SQP] after_solve iter=3 converged=1 status=0 iterations=7 primal_residual=1.66715e-09 dual_residual=2.85118e-05 x_size=16 x_finite=1
[SQP LINESEARCH] iter=3 current_violation=0 accepted_violation=0 accepted=1 alpha=1 delta_u_norm=0.205033
[SQP SUPPORT] iter=3 support_size=0 support_limit=-1 support_ok=1
[SQP] before_solve iter=4 vars=16 constraints=124 max_d=-2.03788e-06
[QP WORST] iter=4 row=71 type=collision d=-2.03788e-06
[QP WORST COLLISION] scenario=5 k=7 obstacle=0 disc=1
[SQP] after_solve iter=4 converged=1 status=0 iterations=7 primal_residual=1.4009e-10 dual_residual=6.21126e-06 x_size=16 x_finite=1
[SQP LINESEARCH] iter=4 current_violation=0 accepted_violation=0 accepted=1 alpha=1 delta_u_norm=0.180621
[SQP SUPPORT] iter=4 support_size=0 support_limit=-1 support_ok=1
[SQP] before_solve iter=5 vars=16 constraints=124 max_d=-1.69047e-06
[QP WORST] iter=5 row=71 type=collision d=-1.69047e-06
[QP WORST COLLISION] scenario=5 k=7 obstacle=0 disc=1
[SQP] after_solve iter=5 converged=1 status=0 iterations=7 primal_residual=6.96423e-10 dual_residual=1.10904e-05 x_size=16 x_finite=1
[SQP LINESEARCH] iter=5 current_violation=0 accepted_violation=0 accepted=1 alpha=1 delta_u_norm=0.137548
[SQP SUPPORT] iter=5 support_size=0 support_limit=-1 support_ok=1
[SQP] before_solve iter=6 vars=16 constraints=124 max_d=-1.09961e-06
[QP WORST] iter=6 row=71 type=collision d=-1.09961e-06
[QP WORST COLLISION] scenario=5 k=7 obstacle=0 disc=1
[SQP] after_solve iter=6 converged=1 status=0 iterations=7 primal_residual=7.59424e-10 dual_residual=1.06527e-05 x_size=16 x_finite=1
[SQP LINESEARCH] iter=6 current_violation=0 accepted_violation=0 accepted=1 alpha=1 delta_u_norm=0.118319
[SQP SUPPORT] iter=6 support_size=0 support_limit=-1 support_ok=1
[SQP] before_solve iter=7 vars=16 constraints=124 max_d=-1.08411e-07
[QP WORST] iter=7 row=57 type=collision d=-1.08411e-07
[QP WORST COLLISION] scenario=27 k=6 obstacle=0 disc=1
[SQP] after_solve iter=7 converged=1 status=0 iterations=7 primal_residual=1.17412e-09 dual_residual=1.16492e-05 x_size=16 x_finite=1
[SQP LINESEARCH] iter=7 current_violation=0 accepted_violation=0 accepted=1 alpha=1 delta_u_norm=0.110672
[SQP SUPPORT] iter=7 support_size=0 support_limit=-1 support_ok=1
[SQP] before_solve iter=8 vars=16 constraints=124 max_d=-1.06402e-07
[QP WORST] iter=8 row=57 type=collision d=-1.06402e-07
[QP WORST COLLISION] scenario=27 k=6 obstacle=0 disc=1
[SQP] after_solve iter=8 converged=1 status=0 iterations=7 primal_residual=1.33584e-09 dual_residual=1.21564e-05 x_size=16 x_finite=1
[SQP LINESEARCH] iter=8 current_violation=0 accepted_violation=0 accepted=1 alpha=1 delta_u_norm=0.10412
[SQP SUPPORT] iter=8 support_size=0 support_limit=-1 support_ok=1
[SQP] before_solve iter=9 vars=16 constraints=124 max_d=-9.50266e-08
[QP WORST] iter=9 row=57 type=collision d=-9.50266e-08
[QP WORST COLLISION] scenario=27 k=6 obstacle=0 disc=1
[SQP] after_solve iter=9 converged=1 status=0 iterations=7 primal_residual=1.42206e-09 dual_residual=1.24129e-05 x_size=16 x_finite=1
[SQP LINESEARCH] iter=9 current_violation=0 accepted_violation=0 accepted=1 alpha=1 delta_u_norm=0.0980953
[SQP SUPPORT] iter=9 support_size=0 support_limit=-1 support_ok=1
[SQP FINAL] final_violation=0 violated_constraints=0
[SUPPORT FINAL] sqp_union=0 final_active=2 support_limit=-1
[SUPPORT FINAL IDS] 5 27
[SUPPORT UNION IDS]
[COLD START RECOVERY CHECK] ordinary_sqp_failed=0 seed_available=1 incompatible=0 try_homotopy=0
[HARNESS RESULT] step=20 success=1 controls=8 first_input_present=1
[MPC STEP METRICS] step=20 applied=1 success=1 fallback=0 a=0.61919 omega=0.404318 dt=0.1 acceleration_weight=0.1 steering_weight=0.1 control_cost_unweighted=0.54687 control_cost_weighted=0.054687 mpc_cost=-11.0885 solve_time=0.0398656 qp_solve_time=0.0264422 constraint_time=0.00737712 dro_risk_time=0.000409126 ambiguity_radius=0.00354558 certificate=not_requested
[EVAL SAFETY] step=21 min_center_distance=1.27114 min_clearance=0.321137 collision_this_step=0 collision_run=0 collision_radius=0.95
[PATH COMPLETION] step=21 completion_progress=4.10885 path_length=25 fraction=0.164354 required_fraction=0.95 termination_enabled=1 completed=0
[DRO SUMMARY] step=22 obstacle=0 S=40 rho=0.00349729 rho_raw=0.00349729 D_max=0.0136335 D_min=0.0068334 tv_bound=0.511793 eta=0.256522 eta_raw=0.256522 radius_m=22 radius_d=3 transport_cost=0.00349729 budget_usage=1 lambda=1.36524 q_support=2 nominal_risk=0.0134278 qstar_risk=0.0182061 risk_lift=0.00477824 tv=0.373257
[DRO MODE] step=22 obstacle=0 mode=constant_velocity p=0.234043 risk=0.0145867 q=0 delta_q=-0.234043 q_times_S=0
[DRO MODE] step=22 obstacle=0 mode=turn_left p=0.319149 risk=0.0239313 q=0.692406 delta_q=0.373257 q_times_S=27.6963
[DRO MODE] step=22 obstacle=0 mode=turn_right p=0.446809 risk=0.00531836 q=0.307594 delta_q=-0.139215 q_times_S=12.3037
[DRO SAMPLE] step=22 obstacle=0 mode=constant_velocity q=0 q_times_S=0 first_count=0 first_fraction=0 occupancy=0 occupancy_fraction=0
[DRO SAMPLE] step=22 obstacle=0 mode=turn_left q=0.692406 q_times_S=27.6963 first_count=26 first_fraction=0.65 occupancy=208 occupancy_fraction=0.65
[DRO SAMPLE] step=22 obstacle=0 mode=turn_right q=0.307594 q_times_S=12.3037 first_count=14 first_fraction=0.35 occupancy=112 occupancy_fraction=0.35
[RF BACKUP] available=1 controls=8 states=9
[FREE POLY] k=1 disc=0 raw=40 facets=2 vertices=5 rho=4.8 anchor_shift=0
[FREE POLY] k=1 disc=1 raw=40 facets=1 vertices=4 rho=0.800001 anchor_shift=0
[FREE POLY] k=1 disc=2 raw=40 facets=5 vertices=8 rho=4.8 anchor_shift=0
[FREE POLY] k=2 disc=0 raw=40 facets=3 vertices=6 rho=5.6 anchor_shift=0
[FREE POLY] k=2 disc=1 raw=40 facets=3 vertices=6 rho=1.6 anchor_shift=0
[FREE POLY] k=2 disc=2 raw=40 facets=5 vertices=8 rho=5.6 anchor_shift=0
[FREE POLY] k=3 disc=0 raw=40 facets=3 vertices=6 rho=6.4 anchor_shift=0
[FREE POLY] k=3 disc=1 raw=40 facets=3 vertices=6 rho=2.4 anchor_shift=0
[FREE POLY] k=3 disc=2 raw=40 facets=5 vertices=8 rho=6.4 anchor_shift=0
[FREE POLY] k=4 disc=0 raw=40 facets=3 vertices=6 rho=7.2 anchor_shift=0
[FREE POLY] k=4 disc=1 raw=40 facets=4 vertices=7 rho=3.2 anchor_shift=0
[FREE POLY] k=4 disc=2 raw=40 facets=7 vertices=10 rho=7.2 anchor_shift=0
[FREE POLY] k=5 disc=0 raw=40 facets=3 vertices=6 rho=8 anchor_shift=0
[FREE POLY] k=5 disc=1 raw=40 facets=3 vertices=6 rho=4 anchor_shift=0
[FREE POLY] k=5 disc=2 raw=40 facets=4 vertices=8 rho=8 anchor_shift=0
[FREE POLY] k=6 disc=0 raw=40 facets=4 vertices=7 rho=8.8 anchor_shift=0
[FREE POLY] k=6 disc=1 raw=40 facets=5 vertices=8 rho=4.8 anchor_shift=0
[FREE POLY] k=6 disc=2 raw=40 facets=5 vertices=9 rho=8.8 anchor_shift=0
[FREE POLY] k=7 disc=0 raw=40 facets=5 vertices=8 rho=9.6 anchor_shift=0
[FREE POLY] k=7 disc=1 raw=40 facets=5 vertices=8 rho=5.6 anchor_shift=0
[FREE POLY] k=7 disc=2 raw=40 facets=5 vertices=8 rho=9.6 anchor_shift=0
[FREE POLY] k=8 disc=0 raw=40 facets=6 vertices=9 rho=10.4 anchor_shift=0
[FREE POLY] k=8 disc=1 raw=40 facets=4 vertices=7 rho=6.4 anchor_shift=0
[FREE POLY] k=8 disc=2 raw=40 facets=4 vertices=7 rho=10.4 anchor_shift=0
[RF SUPPORT SEED] removed=0 support_limit=-1
[SQP] before_solve iter=0 vars=16 constraints=129 max_d=-0.0162706
[QP WORST] iter=0 row=48 type=collision d=-0.0162706
[QP WORST COLLISION] scenario=13 k=5 obstacle=0 disc=1
[SQP] after_solve iter=0 converged=1 status=0 iterations=6 primal_residual=4.30211e-16 dual_residual=1.16289e-06 x_size=16 x_finite=1
[SQP LINESEARCH] iter=0 current_violation=0 accepted_violation=0 accepted=1 alpha=0.5 delta_u_norm=0.67263
[SQP SUPPORT] iter=0 support_size=0 support_limit=-1 support_ok=1
[SQP] before_solve iter=1 vars=16 constraints=129 max_d=-0.00813019
[QP WORST] iter=1 row=48 type=collision d=-0.00813019
[QP WORST COLLISION] scenario=13 k=5 obstacle=0 disc=1
[SQP] after_solve iter=1 converged=1 status=0 iterations=6 primal_residual=3.58329e-16 dual_residual=1.3969e-06 x_size=16 x_finite=1
[SQP LINESEARCH] iter=1 current_violation=0 accepted_violation=0 accepted=1 alpha=0.5 delta_u_norm=0.462796
[SQP SUPPORT] iter=1 support_size=0 support_limit=-1 support_ok=1
[SQP] before_solve iter=2 vars=16 constraints=129 max_d=-0.00406451
[QP WORST] iter=2 row=48 type=collision d=-0.00406451
[QP WORST COLLISION] scenario=13 k=5 obstacle=0 disc=1
[SQP] after_solve iter=2 converged=1 status=0 iterations=6 primal_residual=4.09395e-16 dual_residual=1.25373e-06 x_size=16 x_finite=1
[SQP LINESEARCH] iter=2 current_violation=0 accepted_violation=0 accepted=1 alpha=1 delta_u_norm=0.376454
[SQP SUPPORT] iter=2 support_size=0 support_limit=-1 support_ok=1
[SQP] before_solve iter=3 vars=16 constraints=129 max_d=-2.04599e-06
[QP WORST] iter=3 row=48 type=collision d=-2.04599e-06
[QP WORST COLLISION] scenario=13 k=5 obstacle=0 disc=1
[SQP] after_solve iter=3 converged=1 status=0 iterations=6 primal_residual=4.3715e-16 dual_residual=2.25938e-07 x_size=16 x_finite=1
[SQP LINESEARCH] iter=3 current_violation=0 accepted_violation=0 accepted=1 alpha=0.5 delta_u_norm=0.208576
[SQP SUPPORT] iter=3 support_size=0 support_limit=-1 support_ok=1
[SQP] before_solve iter=4 vars=16 constraints=129 max_d=-9.48996e-07
[QP WORST] iter=4 row=48 type=collision d=-9.48996e-07
[QP WORST COLLISION] scenario=13 k=5 obstacle=0 disc=1
[SQP] after_solve iter=4 converged=1 status=0 iterations=6 primal_residual=4.41704e-16 dual_residual=2.55146e-07 x_size=16 x_finite=1
[SQP LINESEARCH] iter=4 current_violation=0 accepted_violation=0 accepted=1 alpha=0.5 delta_u_norm=0.162694
[SQP SUPPORT] iter=4 support_size=0 support_limit=-1 support_ok=1
[SQP] before_solve iter=5 vars=16 constraints=129 max_d=-4.00435e-07
[QP WORST] iter=5 row=48 type=collision d=-4.00435e-07
[QP WORST COLLISION] scenario=13 k=5 obstacle=0 disc=1
[SQP] after_solve iter=5 converged=1 status=0 iterations=6 primal_residual=4.44089e-16 dual_residual=2.49639e-07 x_size=16 x_finite=1
[SQP LINESEARCH] iter=5 current_violation=0 accepted_violation=0 accepted=1 alpha=0.5 delta_u_norm=0.143886
[SQP SUPPORT] iter=5 support_size=0 support_limit=-1 support_ok=1
[SQP] before_solve iter=6 vars=16 constraints=129 max_d=-1.32473e-07
[QP WORST] iter=6 row=48 type=collision d=-1.32473e-07
[QP WORST COLLISION] scenario=13 k=5 obstacle=0 disc=1
[SQP] after_solve iter=6 converged=1 status=0 iterations=6 primal_residual=4.33369e-16 dual_residual=2.29009e-07 x_size=16 x_finite=1
[SQP LINESEARCH] iter=6 current_violation=0 accepted_violation=0 accepted=1 alpha=0.5 delta_u_norm=0.134234
[SQP SUPPORT] iter=6 support_size=0 support_limit=-1 support_ok=1
[SQP] before_solve iter=7 vars=16 constraints=129 max_d=-7.59931e-09
[QP WORST] iter=7 row=48 type=collision d=-7.59931e-09
[QP WORST COLLISION] scenario=13 k=5 obstacle=0 disc=1
[SQP] after_solve iter=7 converged=1 status=0 iterations=6 primal_residual=4.06793e-16 dual_residual=1.98914e-07 x_size=16 x_finite=1
[SQP LINESEARCH] iter=7 current_violation=0 accepted_violation=0 accepted=0 alpha=0 delta_u_norm=0.127714
[SQP] no additional feasible SQP step; keeping current collision-feasible iterate iter=7
[SQP SUPPORT] iter=7 support_size=0 support_limit=-1 support_ok=1
[SQP] before_solve iter=8 vars=16 constraints=129 max_d=-7.59931e-09
[QP WORST] iter=8 row=48 type=collision d=-7.59931e-09
[QP WORST COLLISION] scenario=13 k=5 obstacle=0 disc=1
[SQP] after_solve iter=8 converged=1 status=0 iterations=6 primal_residual=4.06793e-16 dual_residual=1.98914e-07 x_size=16 x_finite=1
[SQP LINESEARCH] iter=8 current_violation=0 accepted_violation=0 accepted=0 alpha=0 delta_u_norm=0.127714
[SQP] no additional feasible SQP step; keeping current collision-feasible iterate iter=8
[SQP SUPPORT] iter=8 support_size=0 support_limit=-1 support_ok=1
[SQP] before_solve iter=9 vars=16 constraints=129 max_d=-7.59931e-09
[QP WORST] iter=9 row=48 type=collision d=-7.59931e-09
[QP WORST COLLISION] scenario=13 k=5 obstacle=0 disc=1
[SQP] after_solve iter=9 converged=1 status=0 iterations=6 primal_residual=4.06793e-16 dual_residual=1.98914e-07 x_size=16 x_finite=1
[SQP LINESEARCH] iter=9 current_violation=0 accepted_violation=0 accepted=0 alpha=0 delta_u_norm=0.127714
[SQP] no additional feasible SQP step; keeping current collision-feasible iterate iter=9
[SQP SUPPORT] iter=9 support_size=0 support_limit=-1 support_ok=1
[SQP FINAL] final_violation=0 violated_constraints=0
[SUPPORT FINAL] sqp_union=0 final_active=1 support_limit=-1
[SUPPORT FINAL IDS] 13
[SUPPORT UNION IDS]
[COLD START RECOVERY CHECK] ordinary_sqp_failed=0 seed_available=1 incompatible=0 try_homotopy=0
[HARNESS RESULT] step=21 success=1 controls=8 first_input_present=1
[MPC STEP METRICS] step=21 applied=1 success=1 fallback=0 a=0.0596821 omega=0.8 dt=0.1 acceleration_weight=0.1 steering_weight=0.1 control_cost_unweighted=0.643562 control_cost_weighted=0.0643562 mpc_cost=-10.755 solve_time=0.0460298 qp_solve_time=0.0326533 constraint_time=0.00732551 dro_risk_time=0.000403616 ambiguity_radius=0.00349729 certificate=not_requested
[EVAL SAFETY] step=22 min_center_distance=1.21393 min_clearance=0.263931 collision_this_step=0 collision_run=0 collision_radius=0.95
[DRO SUMMARY] step=23 obstacle=0 S=40 rho=0.00339636 rho_raw=0.00339636 D_max=0.0136335 D_min=0.0068334 tv_bound=0.497024 eta=0.249119 eta_raw=0.249119 radius_m=23 radius_d=3 transport_cost=0.00339636 budget_usage=1 lambda=1.04941 q_support=2 nominal_risk=0.00943403 qstar_risk=0.0131509 risk_lift=0.00371686 tv=0.381448
[DRO MODE] step=23 obstacle=0 mode=constant_velocity p=0.265306 risk=0.00987434 q=0 delta_q=-0.265306 q_times_S=0
[DRO MODE] step=23 obstacle=0 mode=turn_left p=0.306122 risk=0.0176209 q=0.687571 delta_q=0.381448 q_times_S=27.5028
[DRO MODE] step=23 obstacle=0 mode=turn_right p=0.428571 risk=0.00331372 q=0.312429 delta_q=-0.116142 q_times_S=12.4972
[DRO SAMPLE] step=23 obstacle=0 mode=constant_velocity q=0 q_times_S=0 first_count=0 first_fraction=0 occupancy=0 occupancy_fraction=0
[DRO SAMPLE] step=23 obstacle=0 mode=turn_left q=0.687571 q_times_S=27.5028 first_count=28 first_fraction=0.7 occupancy=224 occupancy_fraction=0.7
[DRO SAMPLE] step=23 obstacle=0 mode=turn_right q=0.312429 q_times_S=12.4972 first_count=12 first_fraction=0.3 occupancy=96 occupancy_fraction=0.3
[RF BACKUP] available=1 controls=8 states=9
[FREE POLY] k=1 disc=0 raw=40 facets=4 vertices=7 rho=4.8 anchor_shift=0
[FREE POLY] k=1 disc=1 raw=40 facets=2 vertices=6 rho=0.800001 anchor_shift=0
[FREE POLY] k=1 disc=2 raw=40 facets=3 vertices=6 rho=4.8 anchor_shift=0
[FREE POLY] k=2 disc=0 raw=40 facets=4 vertices=7 rho=5.6 anchor_shift=0
[FREE POLY] k=2 disc=1 raw=40 facets=4 vertices=7 rho=1.6 anchor_shift=0
[FREE POLY] k=2 disc=2 raw=40 facets=4 vertices=7 rho=5.6 anchor_shift=0
[FREE POLY] k=3 disc=0 raw=40 facets=4 vertices=7 rho=6.4 anchor_shift=0
[FREE POLY] k=3 disc=1 raw=40 facets=5 vertices=8 rho=2.4 anchor_shift=0
[FREE POLY] k=3 disc=2 raw=40 facets=5 vertices=8 rho=6.4 anchor_shift=0
[FREE POLY] k=4 disc=0 raw=40 facets=3 vertices=6 rho=7.2 anchor_shift=0
[FREE POLY] k=4 disc=1 raw=40 facets=4 vertices=7 rho=3.2 anchor_shift=0
[FREE POLY] k=4 disc=2 raw=40 facets=5 vertices=9 rho=7.2 anchor_shift=0
[FREE POLY] k=5 disc=0 raw=40 facets=4 vertices=7 rho=8 anchor_shift=0
[FREE POLY] k=5 disc=1 raw=40 facets=3 vertices=6 rho=4 anchor_shift=0
[FREE POLY] k=5 disc=2 raw=40 facets=5 vertices=9 rho=8 anchor_shift=0
[FREE POLY] k=6 disc=0 raw=40 facets=4 vertices=7 rho=8.8 anchor_shift=0
[FREE POLY] k=6 disc=1 raw=40 facets=3 vertices=6 rho=4.8 anchor_shift=0
[FREE POLY] k=6 disc=2 raw=40 facets=5 vertices=8 rho=8.8 anchor_shift=0
[FREE POLY] k=7 disc=0 raw=40 facets=5 vertices=8 rho=9.6 anchor_shift=0
[FREE POLY] k=7 disc=1 raw=40 facets=5 vertices=8 rho=5.6 anchor_shift=0
[FREE POLY] k=7 disc=2 raw=40 facets=5 vertices=8 rho=9.6 anchor_shift=0
[FREE POLY] k=8 disc=0 raw=40 facets=5 vertices=8 rho=10.4 anchor_shift=0
[FREE POLY] k=8 disc=1 raw=40 facets=5 vertices=8 rho=6.4 anchor_shift=0
[FREE POLY] k=8 disc=2 raw=40 facets=6 vertices=9 rho=10.4 anchor_shift=0
[RF SUPPORT SEED] removed=0 support_limit=-1
[SQP] before_solve iter=0 vars=16 constraints=134 max_d=-0.0163097
[QP WORST] iter=0 row=52 type=collision d=-0.0163097
[QP WORST COLLISION] scenario=26 k=5 obstacle=0 disc=1
[SQP] after_solve iter=0 converged=1 status=0 iterations=5 primal_residual=4.16334e-16 dual_residual=8.80434e-05 x_size=16 x_finite=1
[SQP LINESEARCH] iter=0 current_violation=0 accepted_violation=0 accepted=1 alpha=0.5 delta_u_norm=0.440015
[SQP SUPPORT] iter=0 support_size=0 support_limit=-1 support_ok=1
[SQP] before_solve iter=1 vars=16 constraints=134 max_d=-0.0080582
[QP WORST] iter=1 row=52 type=collision d=-0.0080582
[QP WORST COLLISION] scenario=26 k=5 obstacle=0 disc=1
[SQP] after_solve iter=1 converged=1 status=0 iterations=5 primal_residual=2.69311e-09 dual_residual=9.1298e-05 x_size=16 x_finite=1
[SQP LINESEARCH] iter=1 current_violation=0 accepted_violation=0 accepted=1 alpha=0.5 delta_u_norm=0.324594
[SQP SUPPORT] iter=1 support_size=0 support_limit=-1 support_ok=1
[SQP] before_solve iter=2 vars=16 constraints=134 max_d=-0.0039991
[QP WORST] iter=2 row=52 type=collision d=-0.0039991
[QP WORST COLLISION] scenario=26 k=5 obstacle=0 disc=1
[SQP] after_solve iter=2 converged=1 status=0 iterations=7 primal_residual=1.69112e-09 dual_residual=8.69128e-05 x_size=16 x_finite=1
[SQP LINESEARCH] iter=2 current_violation=0 accepted_violation=0 accepted=1 alpha=0.5 delta_u_norm=0.260034
[SQP SUPPORT] iter=2 support_size=0 support_limit=-1 support_ok=1
[SQP] before_solve iter=3 vars=16 constraints=134 max_d=-0.00199055
[QP WORST] iter=3 row=52 type=collision d=-0.00199055
[QP WORST COLLISION] scenario=26 k=5 obstacle=0 disc=1
[SQP] after_solve iter=3 converged=1 status=0 iterations=8 primal_residual=5.9676e-11 dual_residual=4.13073e-06 x_size=16 x_finite=1
[SQP LINESEARCH] iter=3 current_violation=0 accepted_violation=0 accepted=1 alpha=0.5 delta_u_norm=0.227884
[SQP SUPPORT] iter=3 support_size=0 support_limit=-1 support_ok=1
[SQP] before_solve iter=4 vars=16 constraints=134 max_d=-0.000992398
[QP WORST] iter=4 row=52 type=collision d=-0.000992398
[QP WORST COLLISION] scenario=26 k=5 obstacle=0 disc=1
[SQP] after_solve iter=4 converged=1 status=0 iterations=8 primal_residual=2.45096e-11 dual_residual=2.00107e-06 x_size=16 x_finite=1
[SQP LINESEARCH] iter=4 current_violation=0 accepted_violation=0 accepted=1 alpha=0.5 delta_u_norm=0.208447
[SQP SUPPORT] iter=4 support_size=0 support_limit=-1 support_ok=1
[SQP] before_solve iter=5 vars=16 constraints=134 max_d=-0.000495376
[QP WORST] iter=5 row=52 type=collision d=-0.000495376
[QP WORST COLLISION] scenario=26 k=5 obstacle=0 disc=1
[SQP] after_solve iter=5 converged=1 status=0 iterations=8 primal_residual=1.05917e-11 dual_residual=1.10918e-06 x_size=16 x_finite=1
[SQP LINESEARCH] iter=5 current_violation=0 accepted_violation=0 accepted=1 alpha=0.5 delta_u_norm=0.195763
[SQP SUPPORT] iter=5 support_size=0 support_limit=-1 support_ok=1
[SQP] before_solve iter=6 vars=16 constraints=134 max_d=-0.000247471
[QP WORST] iter=6 row=52 type=collision d=-0.000247471
[QP WORST COLLISION] scenario=26 k=5 obstacle=0 disc=1
[SQP] after_solve iter=6 converged=1 status=0 iterations=8 primal_residual=6.77913e-12 dual_residual=8.57907e-07 x_size=16 x_finite=1
[SQP LINESEARCH] iter=6 current_violation=0 accepted_violation=0 accepted=1 alpha=0.5 delta_u_norm=0.185768
[SQP SUPPORT] iter=6 support_size=0 support_limit=-1 support_ok=1
[SQP] before_solve iter=7 vars=16 constraints=134 max_d=-0.00012369
[QP WORST] iter=7 row=52 type=collision d=-0.00012369
[QP WORST COLLISION] scenario=26 k=5 obstacle=0 disc=1
[SQP] after_solve iter=7 converged=1 status=0 iterations=8 primal_residual=6.65825e-12 dual_residual=8.68918e-07 x_size=16 x_finite=1
[SQP LINESEARCH] iter=7 current_violation=0 accepted_violation=0 accepted=1 alpha=0.5 delta_u_norm=0.177058
[SQP SUPPORT] iter=7 support_size=0 support_limit=-1 support_ok=1
[SQP] before_solve iter=8 vars=16 constraints=134 max_d=-6.18419e-05
[QP WORST] iter=8 row=52 type=collision d=-6.18419e-05
[QP WORST COLLISION] scenario=26 k=5 obstacle=0 disc=1
[SQP] after_solve iter=8 converged=1 status=0 iterations=8 primal_residual=8.22785e-12 dual_residual=1.00392e-06 x_size=16 x_finite=1
[SQP LINESEARCH] iter=8 current_violation=0 accepted_violation=0 accepted=1 alpha=1 delta_u_norm=0.169122
[SQP SUPPORT] iter=8 support_size=0 support_limit=-1 support_ok=1
[SQP] before_solve iter=9 vars=16 constraints=134 max_d=-1.34869e-08
[QP WORST] iter=9 row=52 type=collision d=-1.34869e-08
[QP WORST COLLISION] scenario=26 k=5 obstacle=0 disc=1
[SQP] after_solve iter=9 converged=1 status=0 iterations=8 primal_residual=1.08803e-11 dual_residual=6.25777e-06 x_size=16 x_finite=1
[SQP LINESEARCH] iter=9 current_violation=0 accepted_violation=0 accepted=1 alpha=0.5 delta_u_norm=0.149132
[SQP SUPPORT] iter=9 support_size=0 support_limit=-1 support_ok=1
[SQP FINAL] final_violation=0 violated_constraints=0
[SUPPORT FINAL] sqp_union=0 final_active=1 support_limit=-1
[SUPPORT FINAL IDS] 26
[SUPPORT UNION IDS]
[COLD START RECOVERY CHECK] ordinary_sqp_failed=0 seed_available=1 incompatible=0 try_homotopy=0
[HARNESS RESULT] step=22 success=1 controls=8 first_input_present=1
[MPC STEP METRICS] step=22 applied=1 success=1 fallback=0 a=0.512738 omega=0.8 dt=0.1 acceleration_weight=0.1 steering_weight=0.1 control_cost_unweighted=0.9029 control_cost_weighted=0.09029 mpc_cost=-10.4224 solve_time=0.04461 qp_solve_time=0.030987 constraint_time=0.0076203 dro_risk_time=0.000405609 ambiguity_radius=0.00339636 certificate=not_requested
[EVAL SAFETY] step=23 min_center_distance=1.11374 min_clearance=0.16374 collision_this_step=0 collision_run=0 collision_radius=0.95
[DRO SUMMARY] step=24 obstacle=0 S=40 rho=0.00331416 rho_raw=0.00331416 D_max=0.0136335 D_min=0.0068334 tv_bound=0.484994 eta=0.24309 eta_raw=0.24309 radius_m=24 radius_d=3 transport_cost=0.00331416 budget_usage=1 lambda=0.302471 q_support=2 nominal_risk=0.00137458 qstar_risk=0.00290131 risk_lift=0.00152673 tv=0.370229
[DRO MODE] step=24 obstacle=0 mode=constant_velocity p=0.254902 risk=0 q=0 delta_q=-0.254902 q_times_S=0
[DRO MODE] step=24 obstacle=0 mode=turn_left p=0.333333 risk=0.00412374 q=0.703563 delta_q=0.370229 q_times_S=28.1425
[DRO MODE] step=24 obstacle=0 mode=turn_right p=0.411765 risk=0 q=0.296437 delta_q=-0.115327 q_times_S=11.8575
[DRO SAMPLE] step=24 obstacle=0 mode=constant_velocity q=0 q_times_S=0 first_count=0 first_fraction=0 occupancy=0 occupancy_fraction=0
[DRO SAMPLE] step=24 obstacle=0 mode=turn_left q=0.703563 q_times_S=28.1425 first_count=33 first_fraction=0.825 occupancy=264 occupancy_fraction=0.825
[DRO SAMPLE] step=24 obstacle=0 mode=turn_right q=0.296437 q_times_S=11.8575 first_count=7 first_fraction=0.175 occupancy=56 occupancy_fraction=0.175
[RF BACKUP] available=1 controls=8 states=9
[FREE POLY] k=1 disc=0 raw=40 facets=5 vertices=8 rho=4.8 anchor_shift=0
[FREE POLY] k=1 disc=1 raw=40 facets=4 vertices=8 rho=0.800001 anchor_shift=0
[FREE POLY] k=1 disc=2 raw=40 facets=3 vertices=6 rho=4.8 anchor_shift=0
[FREE POLY] k=2 disc=0 raw=40 facets=4 vertices=7 rho=5.6 anchor_shift=0
[FREE POLY] k=2 disc=1 raw=40 facets=3 vertices=6 rho=1.6 anchor_shift=0
[FREE POLY] k=2 disc=2 raw=40 facets=4 vertices=8 rho=5.6 anchor_shift=0
[FREE POLY] k=3 disc=0 raw=40 facets=4 vertices=7 rho=6.4 anchor_shift=0
[FREE POLY] k=3 disc=1 raw=40 facets=5 vertices=8 rho=2.4 anchor_shift=0
[FREE POLY] k=3 disc=2 raw=40 facets=6 vertices=10 rho=6.4 anchor_shift=0
[FREE POLY] k=4 disc=0 raw=40 facets=5 vertices=8 rho=7.2 anchor_shift=0
[FREE POLY] k=4 disc=1 raw=40 facets=5 vertices=8 rho=3.2 anchor_shift=0
[FREE POLY] k=4 disc=2 raw=40 facets=5 vertices=9 rho=7.2 anchor_shift=0
[FREE POLY] k=5 disc=0 raw=40 facets=6 vertices=9 rho=8 anchor_shift=0
[FREE POLY] k=5 disc=1 raw=40 facets=5 vertices=8 rho=4 anchor_shift=0
[FREE POLY] k=5 disc=2 raw=40 facets=4 vertices=7 rho=8 anchor_shift=0
[FREE POLY] k=6 disc=0 raw=40 facets=6 vertices=9 rho=8.8 anchor_shift=0
[FREE POLY] k=6 disc=1 raw=40 facets=6 vertices=9 rho=4.8 anchor_shift=0
[FREE POLY] k=6 disc=2 raw=40 facets=6 vertices=9 rho=8.8 anchor_shift=0
[FREE POLY] k=7 disc=0 raw=40 facets=5 vertices=8 rho=9.6 anchor_shift=0
[FREE POLY] k=7 disc=1 raw=40 facets=6 vertices=9 rho=5.6 anchor_shift=0
[FREE POLY] k=7 disc=2 raw=40 facets=5 vertices=8 rho=9.6 anchor_shift=0
[FREE POLY] k=8 disc=0 raw=40 facets=4 vertices=7 rho=10.4 anchor_shift=0
[FREE POLY] k=8 disc=1 raw=40 facets=4 vertices=7 rho=6.4 anchor_shift=0
[FREE POLY] k=8 disc=2 raw=40 facets=6 vertices=9 rho=10.4 anchor_shift=0
[RF SUPPORT SEED] removed=0 support_limit=-1
[SQP] before_solve iter=0 vars=16 constraints=148 max_d=-0.00769483
[QP WORST] iter=0 row=59 type=collision d=-0.00769483
[QP WORST COLLISION] scenario=14 k=5 obstacle=0 disc=1
[SQP] after_solve iter=0 converged=1 status=0 iterations=7 primal_residual=4.25007e-16 dual_residual=1.27367e-05 x_size=16 x_finite=1
[SQP LINESEARCH] iter=0 current_violation=0 accepted_violation=0 accepted=1 alpha=0.5 delta_u_norm=0.382976
[SQP SUPPORT] iter=0 support_size=0 support_limit=-1 support_ok=1
[SQP] before_solve iter=1 vars=16 constraints=148 max_d=-0.00376985
[QP WORST] iter=1 row=59 type=collision d=-0.00376985
[QP WORST COLLISION] scenario=14 k=5 obstacle=0 disc=1
[SQP] after_solve iter=1 converged=1 status=0 iterations=7 primal_residual=4.30211e-16 dual_residual=8.97122e-06 x_size=16 x_finite=1
[SQP LINESEARCH] iter=1 current_violation=0 accepted_violation=0 accepted=1 alpha=0.5 delta_u_norm=0.240955
[SQP SUPPORT] iter=1 support_size=0 support_limit=-1 support_ok=1
[SQP] before_solve iter=2 vars=16 constraints=148 max_d=-0.0018655
[QP WORST] iter=2 row=59 type=collision d=-0.0018655
[QP WORST COLLISION] scenario=14 k=5 obstacle=0 disc=1
[SQP] after_solve iter=2 converged=1 status=0 iterations=6 primal_residual=4.20725e-16 dual_residual=9.35518e-05 x_size=16 x_finite=1
[SQP LINESEARCH] iter=2 current_violation=0 accepted_violation=0 accepted=1 alpha=0.5 delta_u_norm=0.182363
[SQP SUPPORT] iter=2 support_size=0 support_limit=-1 support_ok=1
[SQP] before_solve iter=3 vars=16 constraints=148 max_d=-0.00092926
[QP WORST] iter=3 row=59 type=collision d=-0.00092926
[QP WORST COLLISION] scenario=14 k=5 obstacle=0 disc=1
[SQP] after_solve iter=3 converged=1 status=0 iterations=6 primal_residual=4.38939e-16 dual_residual=7.56479e-05 x_size=16 x_finite=1
[SQP LINESEARCH] iter=3 current_violation=0 accepted_violation=0 accepted=1 alpha=0.5 delta_u_norm=0.161771
[SQP SUPPORT] iter=3 support_size=0 support_limit=-1 support_ok=1
[SQP] before_solve iter=4 vars=16 constraints=148 max_d=-0.000464006
[QP WORST] iter=4 row=59 type=collision d=-0.000464006
[QP WORST COLLISION] scenario=14 k=5 obstacle=0 disc=1
[SQP] after_solve iter=4 converged=1 status=0 iterations=6 primal_residual=4.4062e-16 dual_residual=6.74134e-05 x_size=16 x_finite=1
[SQP LINESEARCH] iter=4 current_violation=0 accepted_violation=0 accepted=1 alpha=0.5 delta_u_norm=0.152181
[SQP SUPPORT] iter=4 support_size=0 support_limit=-1 support_ok=1
[SQP] before_solve iter=5 vars=16 constraints=148 max_d=-0.000232114
[QP WORST] iter=5 row=59 type=collision d=-0.000232114
[QP WORST COLLISION] scenario=14 k=5 obstacle=0 disc=1
[SQP] after_solve iter=5 converged=1 status=0 iterations=6 primal_residual=4.42354e-16 dual_residual=6.37034e-05 x_size=16 x_finite=1
[SQP LINESEARCH] iter=5 current_violation=0 accepted_violation=0 accepted=1 alpha=1 delta_u_norm=0.145962
[SQP SUPPORT] iter=5 support_size=0 support_limit=-1 support_ok=1
[SQP] before_solve iter=6 vars=16 constraints=148 max_d=-4.27267e-07
[QP WORST] iter=6 row=59 type=collision d=-4.27267e-07
[QP WORST COLLISION] scenario=14 k=5 obstacle=0 disc=1
[SQP] after_solve iter=6 converged=1 status=0 iterations=6 primal_residual=3.66027e-16 dual_residual=6.05966e-05 x_size=16 x_finite=1
[SQP LINESEARCH] iter=6 current_violation=0 accepted_violation=0 accepted=1 alpha=1 delta_u_norm=0.13595
[SQP SUPPORT] iter=6 support_size=0 support_limit=-1 support_ok=1
[SQP] before_solve iter=7 vars=16 constraints=148 max_d=-6.64581e-07
[QP WORST] iter=7 row=59 type=collision d=-6.64581e-07
[QP WORST COLLISION] scenario=14 k=5 obstacle=0 disc=1
[SQP] after_solve iter=7 converged=1 status=0 iterations=6 primal_residual=4.37781e-16 dual_residual=6.15941e-05 x_size=16 x_finite=1
[SQP LINESEARCH] iter=7 current_violation=0 accepted_violation=0 accepted=1 alpha=1 delta_u_norm=0.127248
[SQP SUPPORT] iter=7 support_size=0 support_limit=-1 support_ok=1
[SQP] before_solve iter=8 vars=16 constraints=148 max_d=-6.59714e-07
[QP WORST] iter=8 row=59 type=collision d=-6.59714e-07
[QP WORST COLLISION] scenario=14 k=5 obstacle=0 disc=1
[SQP] after_solve iter=8 converged=1 status=0 iterations=6 primal_residual=4.35158e-16 dual_residual=6.25426e-05 x_size=16 x_finite=1
[SQP LINESEARCH] iter=8 current_violation=0 accepted_violation=0 accepted=1 alpha=1 delta_u_norm=0.119336
[SQP SUPPORT] iter=8 support_size=0 support_limit=-1 support_ok=1
[SQP] before_solve iter=9 vars=16 constraints=148 max_d=-6.48807e-07
[QP WORST] iter=9 row=59 type=collision d=-6.48807e-07
[QP WORST COLLISION] scenario=14 k=5 obstacle=0 disc=1
[SQP] after_solve iter=9 converged=1 status=0 iterations=6 primal_residual=4.42354e-16 dual_residual=6.34695e-05 x_size=16 x_finite=1
[SQP LINESEARCH] iter=9 current_violation=0 accepted_violation=0 accepted=1 alpha=1 delta_u_norm=0.112121
[SQP SUPPORT] iter=9 support_size=0 support_limit=-1 support_ok=1
[SQP FINAL] final_violation=0 violated_constraints=0
[SUPPORT FINAL] sqp_union=0 final_active=1 support_limit=-1
[SUPPORT FINAL IDS] 14
[SUPPORT UNION IDS]
[COLD START RECOVERY CHECK] ordinary_sqp_failed=0 seed_available=1 incompatible=0 try_homotopy=0
[HARNESS RESULT] step=23 success=1 controls=8 first_input_present=1
[MPC STEP METRICS] step=23 applied=1 success=1 fallback=0 a=0.767859 omega=0.598826 dt=0.1 acceleration_weight=0.1 steering_weight=0.1 control_cost_unweighted=0.948201 control_cost_weighted=0.0948201 mpc_cost=-10.1699 solve_time=0.0430154 qp_solve_time=0.0292133 constraint_time=0.00770783 dro_risk_time=0.000436537 ambiguity_radius=0.00331416 certificate=not_requested
[EVAL SAFETY] step=24 min_center_distance=1.04807 min_clearance=0.0980722 collision_this_step=0 collision_run=0 collision_radius=0.95
[DRO SUMMARY] step=25 obstacle=0 S=40 rho=0.00327437 rho_raw=0.00327437 D_max=0.0136335 D_min=0.0068334 tv_bound=0.479171 eta=0.240171 eta_raw=0.240171 radius_m=25 radius_d=3 transport_cost=0 budget_usage=0 lambda=0 q_support=3 nominal_risk=0 qstar_risk=0 risk_lift=0 tv=0
[DRO MODE] step=25 obstacle=0 mode=constant_velocity p=0.245283 risk=0 q=0.245283 delta_q=0 q_times_S=9.81132
[DRO MODE] step=25 obstacle=0 mode=turn_left p=0.320755 risk=0 q=0.320755 delta_q=0 q_times_S=12.8302
[DRO MODE] step=25 obstacle=0 mode=turn_right p=0.433962 risk=0 q=0.433962 delta_q=0 q_times_S=17.3585
[DRO SAMPLE] step=25 obstacle=0 mode=constant_velocity q=0.245283 q_times_S=9.81132 first_count=9 first_fraction=0.225 occupancy=72 occupancy_fraction=0.225
[DRO SAMPLE] step=25 obstacle=0 mode=turn_left q=0.320755 q_times_S=12.8302 first_count=13 first_fraction=0.325 occupancy=104 occupancy_fraction=0.325
[DRO SAMPLE] step=25 obstacle=0 mode=turn_right q=0.433962 q_times_S=17.3585 first_count=18 first_fraction=0.45 occupancy=144 occupancy_fraction=0.45
[RF BACKUP] available=1 controls=8 states=9
[FREE POLY] k=1 disc=0 raw=40 facets=3 vertices=6 rho=4.8 anchor_shift=0
[FREE POLY] k=1 disc=1 raw=40 facets=3 vertices=6 rho=0.800001 anchor_shift=0
[FREE POLY] k=1 disc=2 raw=40 facets=4 vertices=8 rho=4.8 anchor_shift=0
[FREE POLY] k=2 disc=0 raw=40 facets=4 vertices=7 rho=5.6 anchor_shift=0
[FREE POLY] k=2 disc=1 raw=40 facets=5 vertices=8 rho=1.6 anchor_shift=0
[FREE POLY] k=2 disc=2 raw=40 facets=5 vertices=9 rho=5.6 anchor_shift=0
[FREE POLY] k=3 disc=0 raw=40 facets=4 vertices=7 rho=6.4 anchor_shift=0
[FREE POLY] k=3 disc=1 raw=40 facets=4 vertices=7 rho=2.4 anchor_shift=0
[FREE POLY] k=3 disc=2 raw=40 facets=4 vertices=8 rho=6.4 anchor_shift=0
[FREE POLY] k=4 disc=0 raw=40 facets=3 vertices=6 rho=7.2 anchor_shift=0
[FREE POLY] k=4 disc=1 raw=40 facets=4 vertices=7 rho=3.2 anchor_shift=0
[FREE POLY] k=4 disc=2 raw=40 facets=6 vertices=9 rho=7.2 anchor_shift=0
[FREE POLY] k=5 disc=0 raw=40 facets=5 vertices=8 rho=8 anchor_shift=0
[FREE POLY] k=5 disc=1 raw=40 facets=5 vertices=8 rho=4 anchor_shift=0
[FREE POLY] k=5 disc=2 raw=40 facets=7 vertices=10 rho=8 anchor_shift=0
[FREE POLY] k=6 disc=0 raw=40 facets=4 vertices=7 rho=8.8 anchor_shift=0
[FREE POLY] k=6 disc=1 raw=40 facets=4 vertices=7 rho=4.8 anchor_shift=0
[FREE POLY] k=6 disc=2 raw=40 facets=6 vertices=9 rho=8.8 anchor_shift=0
[FREE POLY] k=7 disc=0 raw=40 facets=4 vertices=7 rho=9.6 anchor_shift=0
[FREE POLY] k=7 disc=1 raw=40 facets=5 vertices=8 rho=5.6 anchor_shift=0
[FREE POLY] k=7 disc=2 raw=40 facets=5 vertices=8 rho=9.6 anchor_shift=0
[FREE POLY] k=8 disc=0 raw=40 facets=6 vertices=8 rho=10.4 anchor_shift=0
[FREE POLY] k=8 disc=1 raw=40 facets=7 vertices=10 rho=6.4 anchor_shift=0
[FREE POLY] k=8 disc=2 raw=40 facets=4 vertices=7 rho=10.4 anchor_shift=0
[RF SUPPORT SEED] removed=0 support_limit=-1
[SQP] before_solve iter=0 vars=16 constraints=143 max_d=-0.0198549
[QP WORST] iter=0 row=28 type=collision d=-0.0198549
[QP WORST COLLISION] scenario=6 k=3 obstacle=0 disc=1
[SQP] after_solve iter=0 converged=1 status=0 iterations=6 primal_residual=8.28698e-12 dual_residual=4.23541e-08 x_size=16 x_finite=1
[SQP LINESEARCH] iter=0 current_violation=0 accepted_violation=0 accepted=1 alpha=1 delta_u_norm=0.566035
[SQP SUPPORT] iter=0 support_size=0 support_limit=-1 support_ok=1
[SQP] before_solve iter=1 vars=16 constraints=143 max_d=-0.0175092
[QP WORST] iter=1 row=28 type=collision d=-0.0175092
[QP WORST COLLISION] scenario=6 k=3 obstacle=0 disc=1
[SQP] after_solve iter=1 converged=1 status=0 iterations=6 primal_residual=1.10333e-10 dual_residual=2.28565e-06 x_size=16 x_finite=1
[SQP LINESEARCH] iter=1 current_violation=0 accepted_violation=0 accepted=1 alpha=1 delta_u_norm=0.458703
[SQP SUPPORT] iter=1 support_size=0 support_limit=-1 support_ok=1
[SQP] before_solve iter=2 vars=16 constraints=143 max_d=-0.0159686
[QP WORST] iter=2 row=28 type=collision d=-0.0159686
[QP WORST COLLISION] scenario=6 k=3 obstacle=0 disc=1
[SQP] after_solve iter=2 converged=1 status=0 iterations=6 primal_residual=1.57598e-10 dual_residual=2.33322e-05 x_size=16 x_finite=1
[SQP LINESEARCH] iter=2 current_violation=0 accepted_violation=0 accepted=1 alpha=1 delta_u_norm=0.380997
[SQP SUPPORT] iter=2 support_size=0 support_limit=-1 support_ok=1
[SQP] before_solve iter=3 vars=16 constraints=143 max_d=-0.0147366
[QP WORST] iter=3 row=28 type=collision d=-0.0147366
[QP WORST COLLISION] scenario=6 k=3 obstacle=0 disc=1
[SQP] after_solve iter=3 converged=1 status=0 iterations=6 primal_residual=1.45033e-09 dual_residual=4.32113e-05 x_size=16 x_finite=1
[SQP LINESEARCH] iter=3 current_violation=0 accepted_violation=0 accepted=1 alpha=1 delta_u_norm=0.316642
[SQP SUPPORT] iter=3 support_size=0 support_limit=-1 support_ok=1
[SQP] before_solve iter=4 vars=16 constraints=143 max_d=-0.0137362
[QP WORST] iter=4 row=28 type=collision d=-0.0137362
[QP WORST COLLISION] scenario=6 k=3 obstacle=0 disc=1
[SQP] after_solve iter=4 converged=1 status=0 iterations=6 primal_residual=1.46338e-09 dual_residual=2.38403e-05 x_size=16 x_finite=1
[SQP LINESEARCH] iter=4 current_violation=0 accepted_violation=0 accepted=1 alpha=1 delta_u_norm=0.265686
[SQP SUPPORT] iter=4 support_size=0 support_limit=-1 support_ok=1
[SQP] before_solve iter=5 vars=16 constraints=143 max_d=-0.0129145
[QP WORST] iter=5 row=28 type=collision d=-0.0129145
[QP WORST COLLISION] scenario=6 k=3 obstacle=0 disc=1
[SQP] after_solve iter=5 converged=1 status=0 iterations=6 primal_residual=2.77266e-09 dual_residual=2.34866e-05 x_size=16 x_finite=1
[SQP LINESEARCH] iter=5 current_violation=0 accepted_violation=0 accepted=1 alpha=1 delta_u_norm=0.231995
[SQP SUPPORT] iter=5 support_size=0 support_limit=-1 support_ok=1
[SQP] before_solve iter=6 vars=16 constraints=143 max_d=-0.0122334
[QP WORST] iter=6 row=28 type=collision d=-0.0122334
[QP WORST COLLISION] scenario=6 k=3 obstacle=0 disc=1
[SQP] after_solve iter=6 converged=1 status=0 iterations=6 primal_residual=2.42031e-10 dual_residual=1.29678e-05 x_size=16 x_finite=1
[SQP LINESEARCH] iter=6 current_violation=0 accepted_violation=0 accepted=1 alpha=1 delta_u_norm=0.205293
[SQP SUPPORT] iter=6 support_size=0 support_limit=-1 support_ok=1
[SQP] before_solve iter=7 vars=16 constraints=143 max_d=-0.0116646
[QP WORST] iter=7 row=28 type=collision d=-0.0116646
[QP WORST COLLISION] scenario=6 k=3 obstacle=0 disc=1
[SQP] after_solve iter=7 converged=1 status=0 iterations=6 primal_residual=2.05257e-10 dual_residual=1.09544e-05 x_size=16 x_finite=1
[SQP LINESEARCH] iter=7 current_violation=0 accepted_violation=0 accepted=1 alpha=1 delta_u_norm=0.183637
[SQP SUPPORT] iter=7 support_size=0 support_limit=-1 support_ok=1
[SQP] before_solve iter=8 vars=16 constraints=143 max_d=-0.0111863
[QP WORST] iter=8 row=28 type=collision d=-0.0111863
[QP WORST COLLISION] scenario=6 k=3 obstacle=0 disc=1
[SQP] after_solve iter=8 converged=1 status=0 iterations=6 primal_residual=1.70691e-10 dual_residual=1.03742e-05 x_size=16 x_finite=1
[SQP LINESEARCH] iter=8 current_violation=0 accepted_violation=0 accepted=1 alpha=1 delta_u_norm=0.165749
[SQP SUPPORT] iter=8 support_size=0 support_limit=-1 support_ok=1
[SQP] before_solve iter=9 vars=16 constraints=143 max_d=-0.0107808
[QP WORST] iter=9 row=28 type=collision d=-0.0107808
[QP WORST COLLISION] scenario=6 k=3 obstacle=0 disc=1
[SQP] after_solve iter=9 converged=1 status=0 iterations=6 primal_residual=1.03843e-10 dual_residual=8.66155e-06 x_size=16 x_finite=1
[SQP LINESEARCH] iter=9 current_violation=0 accepted_violation=0 accepted=1 alpha=1 delta_u_norm=0.150732
[SQP SUPPORT] iter=9 support_size=0 support_limit=-1 support_ok=1
[SQP FINAL] final_violation=0 violated_constraints=0
[SUPPORT FINAL] sqp_union=0 final_active=0 support_limit=-1
[SUPPORT FINAL IDS]
[SUPPORT UNION IDS]
[COLD START RECOVERY CHECK] ordinary_sqp_failed=0 seed_available=1 incompatible=0 try_homotopy=0
[HARNESS RESULT] step=24 success=1 controls=8 first_input_present=1
[MPC STEP METRICS] step=24 applied=1 success=1 fallback=0 a=-1.45362 omega=-0.8 dt=0.1 acceleration_weight=0.1 steering_weight=0.1 control_cost_unweighted=2.75301 control_cost_weighted=0.275301 mpc_cost=-9.84976 solve_time=0.0391851 qp_solve_time=0.0255865 constraint_time=0.00766528 dro_risk_time=0.000402914 ambiguity_radius=0.00327437 certificate=not_requested
[EVAL SAFETY] step=25 min_center_distance=1.0138 min_clearance=0.0637986 collision_this_step=0 collision_run=0 collision_radius=0.95
[DRO SUMMARY] step=26 obstacle=0 S=40 rho=0.00318951 rho_raw=0.00318951 D_max=0.0136335 D_min=0.0068334 tv_bound=0.466753 eta=0.233947 eta_raw=0.233947 radius_m=26 radius_d=3 transport_cost=0 budget_usage=0 lambda=0 q_support=3 nominal_risk=0 qstar_risk=0 risk_lift=0 tv=0
[DRO MODE] step=26 obstacle=0 mode=constant_velocity p=0.272727 risk=0 q=0.272727 delta_q=0 q_times_S=10.9091
[DRO MODE] step=26 obstacle=0 mode=turn_left p=0.309091 risk=0 q=0.309091 delta_q=0 q_times_S=12.3636
[DRO MODE] step=26 obstacle=0 mode=turn_right p=0.418182 risk=0 q=0.418182 delta_q=0 q_times_S=16.7273
[DRO SAMPLE] step=26 obstacle=0 mode=constant_velocity q=0.272727 q_times_S=10.9091 first_count=13 first_fraction=0.325 occupancy=104 occupancy_fraction=0.325
[DRO SAMPLE] step=26 obstacle=0 mode=turn_left q=0.309091 q_times_S=12.3636 first_count=14 first_fraction=0.35 occupancy=112 occupancy_fraction=0.35
[DRO SAMPLE] step=26 obstacle=0 mode=turn_right q=0.418182 q_times_S=16.7273 first_count=13 first_fraction=0.325 occupancy=104 occupancy_fraction=0.325
[RF BACKUP] available=1 controls=8 states=9
[FREE POLY] k=1 disc=0 raw=40 facets=5 vertices=8 rho=4.8 anchor_shift=0
[FREE POLY] k=1 disc=1 raw=40 facets=2 vertices=5 rho=0.800001 anchor_shift=0
[FREE POLY] k=1 disc=2 raw=40 facets=4 vertices=8 rho=4.8 anchor_shift=0
[FREE POLY] k=2 disc=0 raw=40 facets=5 vertices=8 rho=5.6 anchor_shift=0
[FREE POLY] k=2 disc=1 raw=40 facets=3 vertices=6 rho=1.6 anchor_shift=0
[FREE POLY] k=2 disc=2 raw=40 facets=4 vertices=8 rho=5.6 anchor_shift=0
[FREE POLY] k=3 disc=0 raw=40 facets=4 vertices=7 rho=6.4 anchor_shift=0
[FREE POLY] k=3 disc=1 raw=40 facets=4 vertices=7 rho=2.4 anchor_shift=0
[FREE POLY] k=3 disc=2 raw=40 facets=7 vertices=10 rho=6.4 anchor_shift=0
[FREE POLY] k=4 disc=0 raw=40 facets=3 vertices=6 rho=7.2 anchor_shift=0
[FREE POLY] k=4 disc=1 raw=40 facets=4 vertices=7 rho=3.2 anchor_shift=0
[FREE POLY] k=4 disc=2 raw=40 facets=6 vertices=9 rho=7.2 anchor_shift=0
[FREE POLY] k=5 disc=0 raw=40 facets=4 vertices=7 rho=8 anchor_shift=0
[FREE POLY] k=5 disc=1 raw=40 facets=5 vertices=8 rho=4 anchor_shift=0
[FREE POLY] k=5 disc=2 raw=40 facets=5 vertices=8 rho=8 anchor_shift=0
[FREE POLY] k=6 disc=0 raw=40 facets=4 vertices=7 rho=8.8 anchor_shift=0
[FREE POLY] k=6 disc=1 raw=40 facets=4 vertices=7 rho=4.8 anchor_shift=0
[FREE POLY] k=6 disc=2 raw=40 facets=4 vertices=7 rho=8.8 anchor_shift=0
[FREE POLY] k=7 disc=0 raw=40 facets=4 vertices=7 rho=9.6 anchor_shift=0
[FREE POLY] k=7 disc=1 raw=40 facets=4 vertices=7 rho=5.6 anchor_shift=0
[FREE POLY] k=7 disc=2 raw=40 facets=4 vertices=7 rho=9.6 anchor_shift=0
[FREE POLY] k=8 disc=0 raw=40 facets=4 vertices=6 rho=10.4 anchor_shift=0
[FREE POLY] k=8 disc=1 raw=40 facets=4 vertices=6 rho=6.4 anchor_shift=0
[FREE POLY] k=8 disc=2 raw=40 facets=4 vertices=7 rho=10.4 anchor_shift=0
[RF SUPPORT SEED] removed=0 support_limit=-1
[SQP] before_solve iter=0 vars=16 constraints=133 max_d=-0.0307783
[QP WORST] iter=0 row=16 type=collision d=-0.0307783
[QP WORST COLLISION] scenario=23 k=2 obstacle=0 disc=1
[SQP] after_solve iter=0 converged=1 status=0 iterations=4 primal_residual=1.18032e-08 dual_residual=1.44025e-05 x_size=16 x_finite=1
[SQP LINESEARCH] iter=0 current_violation=0 accepted_violation=0 accepted=1 alpha=1 delta_u_norm=0.272766
[SQP SUPPORT] iter=0 support_size=0 support_limit=-1 support_ok=1
[SQP] before_solve iter=1 vars=16 constraints=133 max_d=-0.0307978
[QP WORST] iter=1 row=16 type=collision d=-0.0307978
[QP WORST COLLISION] scenario=23 k=2 obstacle=0 disc=1
[SQP] after_solve iter=1 converged=1 status=0 iterations=4 primal_residual=3.0182e-08 dual_residual=2.79583e-05 x_size=16 x_finite=1
[SQP LINESEARCH] iter=1 current_violation=0 accepted_violation=0 accepted=1 alpha=1 delta_u_norm=0.213794
[SQP SUPPORT] iter=1 support_size=0 support_limit=-1 support_ok=1
[SQP] before_solve iter=2 vars=16 constraints=133 max_d=-0.0307516
[QP WORST] iter=2 row=16 type=collision d=-0.0307516
[QP WORST COLLISION] scenario=23 k=2 obstacle=0 disc=1
[SQP] after_solve iter=2 converged=1 status=0 iterations=4 primal_residual=3.12922e-08 dual_residual=3.1064e-05 x_size=16 x_finite=1
[SQP LINESEARCH] iter=2 current_violation=0 accepted_violation=0 accepted=1 alpha=1 delta_u_norm=0.192347
[SQP SUPPORT] iter=2 support_size=0 support_limit=-1 support_ok=1
[SQP] before_solve iter=3 vars=16 constraints=133 max_d=-0.0306974
[QP WORST] iter=3 row=16 type=collision d=-0.0306974
[QP WORST COLLISION] scenario=23 k=2 obstacle=0 disc=1
[SQP] after_solve iter=3 converged=1 status=0 iterations=4 primal_residual=7.21303e-09 dual_residual=1.80109e-05 x_size=16 x_finite=1
[SQP LINESEARCH] iter=3 current_violation=0 accepted_violation=0 accepted=1 alpha=1 delta_u_norm=0.178014
[SQP SUPPORT] iter=3 support_size=0 support_limit=-1 support_ok=1
[SQP] before_solve iter=4 vars=16 constraints=133 max_d=-0.0306484
[QP WORST] iter=4 row=16 type=collision d=-0.0306484
[QP WORST COLLISION] scenario=23 k=2 obstacle=0 disc=1
[SQP] after_solve iter=4 converged=1 status=0 iterations=5 primal_residual=9.95326e-14 dual_residual=3.28052e-08 x_size=16 x_finite=1
[SQP LINESEARCH] iter=4 current_violation=0 accepted_violation=0 accepted=1 alpha=1 delta_u_norm=0.166758
[SQP SUPPORT] iter=4 support_size=0 support_limit=-1 support_ok=1
[SQP] before_solve iter=5 vars=16 constraints=133 max_d=-0.0306065
[QP WORST] iter=5 row=16 type=collision d=-0.0306065
[QP WORST COLLISION] scenario=23 k=2 obstacle=0 disc=1
[SQP] after_solve iter=5 converged=1 status=0 iterations=5 primal_residual=9.784e-09 dual_residual=3.66343e-05 x_size=16 x_finite=1
[SQP LINESEARCH] iter=5 current_violation=0 accepted_violation=0 accepted=1 alpha=1 delta_u_norm=0.157309
[SQP SUPPORT] iter=5 support_size=0 support_limit=-1 support_ok=1
[SQP] before_solve iter=6 vars=16 constraints=133 max_d=-0.0305714
[QP WORST] iter=6 row=16 type=collision d=-0.0305714
[QP WORST COLLISION] scenario=23 k=2 obstacle=0 disc=1
[SQP] after_solve iter=6 converged=1 status=0 iterations=5 primal_residual=1.12477e-08 dual_residual=3.92673e-05 x_size=16 x_finite=1
[SQP LINESEARCH] iter=6 current_violation=0 accepted_violation=0 accepted=1 alpha=1 delta_u_norm=0.149141
[SQP SUPPORT] iter=6 support_size=0 support_limit=-1 support_ok=1
[SQP] before_solve iter=7 vars=16 constraints=133 max_d=-0.0305417
[QP WORST] iter=7 row=16 type=collision d=-0.0305417
[QP WORST COLLISION] scenario=23 k=2 obstacle=0 disc=1
[SQP] after_solve iter=7 converged=1 status=0 iterations=5 primal_residual=1.24965e-08 dual_residual=4.12325e-05 x_size=16 x_finite=1
[SQP LINESEARCH] iter=7 current_violation=0 accepted_violation=0 accepted=1 alpha=1 delta_u_norm=0.141732
[SQP SUPPORT] iter=7 support_size=0 support_limit=-1 support_ok=1
[SQP] before_solve iter=8 vars=16 constraints=133 max_d=-0.0305167
[QP WORST] iter=8 row=16 type=collision d=-0.0305167
[QP WORST COLLISION] scenario=23 k=2 obstacle=0 disc=1
[SQP] after_solve iter=8 converged=1 status=0 iterations=5 primal_residual=1.46505e-08 dual_residual=4.29462e-05 x_size=16 x_finite=1
[SQP LINESEARCH] iter=8 current_violation=0 accepted_violation=0 accepted=1 alpha=1 delta_u_norm=0.134796
[SQP SUPPORT] iter=8 support_size=0 support_limit=-1 support_ok=1
[SQP] before_solve iter=9 vars=16 constraints=133 max_d=-0.0304953
[QP WORST] iter=9 row=16 type=collision d=-0.0304953
[QP WORST COLLISION] scenario=23 k=2 obstacle=0 disc=1
[SQP] after_solve iter=9 converged=1 status=0 iterations=5 primal_residual=2.3584e-08 dual_residual=6.04667e-05 x_size=16 x_finite=1
[SQP LINESEARCH] iter=9 current_violation=0 accepted_violation=0 accepted=1 alpha=1 delta_u_norm=0.127932
[SQP SUPPORT] iter=9 support_size=0 support_limit=-1 support_ok=1
[SQP FINAL] final_violation=0 violated_constraints=0
[SUPPORT FINAL] sqp_union=0 final_active=0 support_limit=-1
[SUPPORT FINAL IDS]
[SUPPORT UNION IDS]
[COLD START RECOVERY CHECK] ordinary_sqp_failed=0 seed_available=1 incompatible=0 try_homotopy=0
[HARNESS RESULT] step=25 success=1 controls=8 first_input_present=1
[MPC STEP METRICS] step=25 applied=1 success=1 fallback=0 a=-0.257103 omega=-0.8 dt=0.1 acceleration_weight=0.1 steering_weight=0.1 control_cost_unweighted=0.706101 control_cost_weighted=0.0706101 mpc_cost=-10.1101 solve_time=0.0385078 qp_solve_time=0.0251411 constraint_time=0.0074202 dro_risk_time=0.000452337 ambiguity_radius=0.00318951 certificate=not_requested
[EVAL SAFETY] step=26 min_center_distance=0.998072 min_clearance=0.0480716 collision_this_step=0 collision_run=0 collision_radius=0.95
[DRO SUMMARY] step=27 obstacle=0 S=40 rho=0.00310795 rho_raw=0.00310795 D_max=0.0136335 D_min=0.0068334 tv_bound=0.454818 eta=0.227965 eta_raw=0.227965 radius_m=27 radius_d=3 transport_cost=0 budget_usage=0 lambda=0 q_support=3 nominal_risk=0 qstar_risk=0 risk_lift=0 tv=0
[DRO MODE] step=27 obstacle=0 mode=constant_velocity p=0.298246 risk=0 q=0.298246 delta_q=0 q_times_S=11.9298
[DRO MODE] step=27 obstacle=0 mode=turn_left p=0.298246 risk=0 q=0.298246 delta_q=0 q_times_S=11.9298
[DRO MODE] step=27 obstacle=0 mode=turn_right p=0.403509 risk=0 q=0.403509 delta_q=0 q_times_S=16.1404
[DRO SAMPLE] step=27 obstacle=0 mode=constant_velocity q=0.298246 q_times_S=11.9298 first_count=12 first_fraction=0.3 occupancy=96 occupancy_fraction=0.3
[DRO SAMPLE] step=27 obstacle=0 mode=turn_left q=0.298246 q_times_S=11.9298 first_count=10 first_fraction=0.25 occupancy=80 occupancy_fraction=0.25
[DRO SAMPLE] step=27 obstacle=0 mode=turn_right q=0.403509 q_times_S=16.1404 first_count=18 first_fraction=0.45 occupancy=144 occupancy_fraction=0.45
[RF BACKUP] available=1 controls=8 states=9
[FREE POLY] k=1 disc=0 raw=40 facets=3 vertices=6 rho=4.8 anchor_shift=0
[FREE POLY] k=1 disc=1 raw=40 facets=2 vertices=5 rho=0.800001 anchor_shift=0
[FREE POLY] k=1 disc=2 raw=40 facets=4 vertices=8 rho=4.8 anchor_shift=0
[FREE POLY] k=2 disc=0 raw=40 facets=4 vertices=7 rho=5.6 anchor_shift=0
[FREE POLY] k=2 disc=1 raw=40 facets=3 vertices=6 rho=1.6 anchor_shift=0
[FREE POLY] k=2 disc=2 raw=40 facets=4 vertices=7 rho=5.6 anchor_shift=0
[FREE POLY] k=3 disc=0 raw=40 facets=3 vertices=6 rho=6.4 anchor_shift=0
[FREE POLY] k=3 disc=1 raw=40 facets=4 vertices=7 rho=2.4 anchor_shift=0
[FREE POLY] k=3 disc=2 raw=40 facets=6 vertices=9 rho=6.4 anchor_shift=0
[FREE POLY] k=4 disc=0 raw=40 facets=7 vertices=10 rho=7.2 anchor_shift=0
[FREE POLY] k=4 disc=1 raw=40 facets=4 vertices=7 rho=3.2 anchor_shift=0
[FREE POLY] k=4 disc=2 raw=40 facets=4 vertices=7 rho=7.2 anchor_shift=0
[FREE POLY] k=5 disc=0 raw=40 facets=6 vertices=9 rho=8 anchor_shift=0
[FREE POLY] k=5 disc=1 raw=40 facets=5 vertices=8 rho=4 anchor_shift=0
[FREE POLY] k=5 disc=2 raw=40 facets=4 vertices=7 rho=8 anchor_shift=0
[FREE POLY] k=6 disc=0 raw=40 facets=6 vertices=9 rho=8.8 anchor_shift=0
[FREE POLY] k=6 disc=1 raw=40 facets=6 vertices=9 rho=4.8 anchor_shift=0
[FREE POLY] k=6 disc=2 raw=40 facets=3 vertices=6 rho=8.8 anchor_shift=0
[FREE POLY] k=7 disc=0 raw=40 facets=8 vertices=11 rho=9.6 anchor_shift=0
[FREE POLY] k=7 disc=1 raw=40 facets=5 vertices=7 rho=5.6 anchor_shift=0
[FREE POLY] k=7 disc=2 raw=40 facets=4 vertices=7 rho=9.6 anchor_shift=0
[FREE POLY] k=8 disc=0 raw=40 facets=7 vertices=10 rho=10.4 anchor_shift=0
[FREE POLY] k=8 disc=1 raw=40 facets=6 vertices=9 rho=6.4 anchor_shift=0
[FREE POLY] k=8 disc=2 raw=40 facets=4 vertices=7 rho=10.4 anchor_shift=0
[RF SUPPORT SEED] removed=0 support_limit=-1
[SQP] before_solve iter=0 vars=16 constraints=144 max_d=-0.040716
[QP WORST] iter=0 row=4 type=collision d=-0.040716
[QP WORST COLLISION] scenario=29 k=1 obstacle=0 disc=1
[SQP] after_solve iter=0 converged=1 status=0 iterations=4 primal_residual=3.66234e-11 dual_residual=2.04891e-05 x_size=16 x_finite=1
[SQP LINESEARCH] iter=0 current_violation=0 accepted_violation=0 accepted=1 alpha=1 delta_u_norm=0.412991
[SQP SUPPORT] iter=0 support_size=0 support_limit=-1 support_ok=1
[SQP] before_solve iter=1 vars=16 constraints=144 max_d=-0.0407219
[QP WORST] iter=1 row=4 type=collision d=-0.0407219
[QP WORST COLLISION] scenario=29 k=1 obstacle=0 disc=1
[SQP] after_solve iter=1 converged=1 status=0 iterations=4 primal_residual=4.25183e-16 dual_residual=9.47415e-06 x_size=16 x_finite=1
[SQP LINESEARCH] iter=1 current_violation=0 accepted_violation=0 accepted=1 alpha=1 delta_u_norm=0.246829
[SQP SUPPORT] iter=1 support_size=0 support_limit=-1 support_ok=1
[SQP] before_solve iter=2 vars=16 constraints=144 max_d=-0.0407169
[QP WORST] iter=2 row=4 type=collision d=-0.0407169
[QP WORST COLLISION] scenario=29 k=1 obstacle=0 disc=1
[SQP] after_solve iter=2 converged=1 status=0 iterations=4 primal_residual=4.96053e-13 dual_residual=2.48328e-07 x_size=16 x_finite=1
[SQP LINESEARCH] iter=2 current_violation=0 accepted_violation=0 accepted=1 alpha=1 delta_u_norm=0.190281
[SQP SUPPORT] iter=2 support_size=0 support_limit=-1 support_ok=1
[SQP] before_solve iter=3 vars=16 constraints=144 max_d=-0.0407102
[QP WORST] iter=3 row=4 type=collision d=-0.0407102
[QP WORST COLLISION] scenario=29 k=1 obstacle=0 disc=1
[SQP] after_solve iter=3 converged=1 status=0 iterations=4 primal_residual=7.19688e-13 dual_residual=1.55001e-07 x_size=16 x_finite=1
[SQP LINESEARCH] iter=3 current_violation=0 accepted_violation=0 accepted=1 alpha=1 delta_u_norm=0.171988
[SQP SUPPORT] iter=3 support_size=0 support_limit=-1 support_ok=1
[SQP] before_solve iter=4 vars=16 constraints=144 max_d=-0.0407043
[QP WORST] iter=4 row=4 type=collision d=-0.0407043
[QP WORST COLLISION] scenario=29 k=1 obstacle=0 disc=1
[SQP] after_solve iter=4 converged=1 status=0 iterations=4 primal_residual=1.45832e-12 dual_residual=1.32603e-07 x_size=16 x_finite=1
[SQP LINESEARCH] iter=4 current_violation=0 accepted_violation=0 accepted=1 alpha=1 delta_u_norm=0.158797
[SQP SUPPORT] iter=4 support_size=0 support_limit=-1 support_ok=1
[SQP] before_solve iter=5 vars=16 constraints=144 max_d=-0.0406995
[QP WORST] iter=5 row=4 type=collision d=-0.0406995
[QP WORST COLLISION] scenario=29 k=1 obstacle=0 disc=1
[SQP] after_solve iter=5 converged=1 status=0 iterations=4 primal_residual=1.51354e-12 dual_residual=1.07722e-07 x_size=16 x_finite=1
[SQP LINESEARCH] iter=5 current_violation=0 accepted_violation=0 accepted=1 alpha=1 delta_u_norm=0.148445
[SQP SUPPORT] iter=5 support_size=0 support_limit=-1 support_ok=1
[SQP] before_solve iter=6 vars=16 constraints=144 max_d=-0.0406957
[QP WORST] iter=6 row=4 type=collision d=-0.0406957
[QP WORST COLLISION] scenario=29 k=1 obstacle=0 disc=1
[SQP] after_solve iter=6 converged=1 status=0 iterations=4 primal_residual=1.02356e-12 dual_residual=7.8104e-08 x_size=16 x_finite=1
[SQP LINESEARCH] iter=6 current_violation=0 accepted_violation=0 accepted=1 alpha=1 delta_u_norm=0.139806
[SQP SUPPORT] iter=6 support_size=0 support_limit=-1 support_ok=1
[SQP] before_solve iter=7 vars=16 constraints=144 max_d=-0.0406928
[QP WORST] iter=7 row=4 type=collision d=-0.0406928
[QP WORST COLLISION] scenario=29 k=1 obstacle=0 disc=1
[SQP] after_solve iter=7 converged=1 status=0 iterations=4 primal_residual=9.21068e-13 dual_residual=6.6263e-08 x_size=16 x_finite=1
[SQP LINESEARCH] iter=7 current_violation=0 accepted_violation=0 accepted=1 alpha=1 delta_u_norm=0.132276
[SQP SUPPORT] iter=7 support_size=0 support_limit=-1 support_ok=1
[SQP] before_solve iter=8 vars=16 constraints=144 max_d=-0.0406906
[QP WORST] iter=8 row=4 type=collision d=-0.0406906
[QP WORST COLLISION] scenario=29 k=1 obstacle=0 disc=1
[SQP] after_solve iter=8 converged=1 status=0 iterations=4 primal_residual=1.06232e-12 dual_residual=5.5723e-08 x_size=16 x_finite=1
[SQP LINESEARCH] iter=8 current_violation=0 accepted_violation=0 accepted=1 alpha=1 delta_u_norm=0.125522
[SQP SUPPORT] iter=8 support_size=0 support_limit=-1 support_ok=1
[SQP] before_solve iter=9 vars=16 constraints=144 max_d=-0.0406889
[QP WORST] iter=9 row=4 type=collision d=-0.0406889
[QP WORST COLLISION] scenario=29 k=1 obstacle=0 disc=1
[SQP] after_solve iter=9 converged=1 status=0 iterations=3 primal_residual=5.51772e-08 dual_residual=9.9089e-05 x_size=16 x_finite=1
[SQP LINESEARCH] iter=9 current_violation=0 accepted_violation=0 accepted=1 alpha=1 delta_u_norm=0.1174
[SQP SUPPORT] iter=9 support_size=0 support_limit=-1 support_ok=1
[SQP FINAL] final_violation=0 violated_constraints=0
[SUPPORT FINAL] sqp_union=0 final_active=0 support_limit=-1
[SUPPORT FINAL IDS]
[SUPPORT UNION IDS]
[COLD START RECOVERY CHECK] ordinary_sqp_failed=0 seed_available=1 incompatible=0 try_homotopy=0
[HARNESS RESULT] step=26 success=1 controls=8 first_input_present=1
[MPC STEP METRICS] step=26 applied=1 success=1 fallback=0 a=0.514841 omega=-0.799965 dt=0.1 acceleration_weight=0.1 steering_weight=0.1 control_cost_unweighted=0.905006 control_cost_weighted=0.0905006 mpc_cost=-10.2548 solve_time=0.0389378 qp_solve_time=0.0253717 constraint_time=0.00771524 dro_risk_time=0.000410088 ambiguity_radius=0.00310795 certificate=not_requested
[EVAL SAFETY] step=27 min_center_distance=0.999036 min_clearance=0.0490363 collision_this_step=0 collision_run=0 collision_radius=0.95
[DRO SUMMARY] step=28 obstacle=0 S=40 rho=0.00302966 rho_raw=0.00302966 D_max=0.0136335 D_min=0.0068334 tv_bound=0.44336 eta=0.222222 eta_raw=0.222222 radius_m=28 radius_d=3 transport_cost=0 budget_usage=0 lambda=0 q_support=3 nominal_risk=0 qstar_risk=0 risk_lift=0 tv=0
[DRO MODE] step=28 obstacle=0 mode=constant_velocity p=0.322034 risk=0 q=0.322034 delta_q=0 q_times_S=12.8814
[DRO MODE] step=28 obstacle=0 mode=turn_left p=0.288136 risk=0 q=0.288136 delta_q=0 q_times_S=11.5254
[DRO MODE] step=28 obstacle=0 mode=turn_right p=0.389831 risk=0 q=0.389831 delta_q=0 q_times_S=15.5932
[DRO SAMPLE] step=28 obstacle=0 mode=constant_velocity q=0.322034 q_times_S=12.8814 first_count=11 first_fraction=0.275 occupancy=88 occupancy_fraction=0.275
[DRO SAMPLE] step=28 obstacle=0 mode=turn_left q=0.288136 q_times_S=11.5254 first_count=16 first_fraction=0.4 occupancy=128 occupancy_fraction=0.4
[DRO SAMPLE] step=28 obstacle=0 mode=turn_right q=0.389831 q_times_S=15.5932 first_count=13 first_fraction=0.325 occupancy=104 occupancy_fraction=0.325
[RF BACKUP] available=1 controls=8 states=9
[FREE POLY] k=1 disc=0 raw=40 facets=5 vertices=8 rho=4.8 anchor_shift=0
[FREE POLY] k=1 disc=1 raw=40 facets=3 vertices=6 rho=0.800001 anchor_shift=0
[FREE POLY] k=1 disc=2 raw=40 facets=2 vertices=5 rho=4.8 anchor_shift=0
[FREE POLY] k=2 disc=0 raw=40 facets=6 vertices=9 rho=5.6 anchor_shift=0
[FREE POLY] k=2 disc=1 raw=40 facets=3 vertices=6 rho=1.6 anchor_shift=0
[FREE POLY] k=2 disc=2 raw=40 facets=4 vertices=7 rho=5.6 anchor_shift=0
[FREE POLY] k=3 disc=0 raw=40 facets=5 vertices=8 rho=6.4 anchor_shift=0
[FREE POLY] k=3 disc=1 raw=40 facets=3 vertices=6 rho=2.4 anchor_shift=0
[FREE POLY] k=3 disc=2 raw=40 facets=4 vertices=7 rho=6.4 anchor_shift=0
[FREE POLY] k=4 disc=0 raw=40 facets=5 vertices=8 rho=7.2 anchor_shift=0
[FREE POLY] k=4 disc=1 raw=40 facets=3 vertices=6 rho=3.2 anchor_shift=0
[FREE POLY] k=4 disc=2 raw=40 facets=4 vertices=7 rho=7.2 anchor_shift=0
[FREE POLY] k=5 disc=0 raw=40 facets=5 vertices=8 rho=8 anchor_shift=0
[FREE POLY] k=5 disc=1 raw=40 facets=4 vertices=7 rho=4 anchor_shift=0
[FREE POLY] k=5 disc=2 raw=40 facets=4 vertices=7 rho=8 anchor_shift=0
[FREE POLY] k=6 disc=0 raw=40 facets=5 vertices=8 rho=8.8 anchor_shift=0
[FREE POLY] k=6 disc=1 raw=40 facets=4 vertices=7 rho=4.8 anchor_shift=0
[FREE POLY] k=6 disc=2 raw=40 facets=5 vertices=8 rho=8.8 anchor_shift=0
[FREE POLY] k=7 disc=0 raw=40 facets=7 vertices=10 rho=9.6 anchor_shift=0
[FREE POLY] k=7 disc=1 raw=40 facets=4 vertices=7 rho=5.6 anchor_shift=0
[FREE POLY] k=7 disc=2 raw=40 facets=6 vertices=9 rho=9.6 anchor_shift=0
[FREE POLY] k=8 disc=0 raw=40 facets=7 vertices=10 rho=10.4 anchor_shift=0
[FREE POLY] k=8 disc=1 raw=40 facets=5 vertices=8 rho=6.4 anchor_shift=0
[FREE POLY] k=8 disc=2 raw=40 facets=6 vertices=9 rho=10.4 anchor_shift=0
[RF SUPPORT SEED] removed=0 support_limit=-1
[SQP] before_solve iter=0 vars=16 constraints=141 max_d=-0.0616087
[QP WORST] iter=0 row=7 type=collision d=-0.0616087
[QP WORST COLLISION] scenario=21 k=1 obstacle=0 disc=1
[SQP] after_solve iter=0 converged=1 status=0 iterations=4 primal_residual=4.30211e-16 dual_residual=7.94028e-07 x_size=16 x_finite=1
[SQP LINESEARCH] iter=0 current_violation=0 accepted_violation=0 accepted=1 alpha=1 delta_u_norm=0.39904
[SQP SUPPORT] iter=0 support_size=0 support_limit=-1 support_ok=1
[SQP] before_solve iter=1 vars=16 constraints=141 max_d=-0.0616337
[QP WORST] iter=1 row=7 type=collision d=-0.0616337
[QP WORST COLLISION] scenario=21 k=1 obstacle=0 disc=1
[SQP] after_solve iter=1 converged=1 status=0 iterations=3 primal_residual=1.12184e-07 dual_residual=7.93123e-05 x_size=16 x_finite=1
[SQP LINESEARCH] iter=1 current_violation=0 accepted_violation=0 accepted=1 alpha=1 delta_u_norm=0.282587
[SQP SUPPORT] iter=1 support_size=0 support_limit=-1 support_ok=1
[SQP] before_solve iter=2 vars=16 constraints=141 max_d=-0.0616254
[QP WORST] iter=2 row=7 type=collision d=-0.0616254
[QP WORST COLLISION] scenario=21 k=1 obstacle=0 disc=1
[SQP] after_solve iter=2 converged=1 status=0 iterations=3 primal_residual=1.25355e-07 dual_residual=7.07448e-05 x_size=16 x_finite=1
[SQP LINESEARCH] iter=2 current_violation=0 accepted_violation=0 accepted=1 alpha=1 delta_u_norm=0.242379
[SQP SUPPORT] iter=2 support_size=0 support_limit=-1 support_ok=1
[SQP] before_solve iter=3 vars=16 constraints=141 max_d=-0.0616113
[QP WORST] iter=3 row=7 type=collision d=-0.0616113
[QP WORST COLLISION] scenario=21 k=1 obstacle=0 disc=1
[SQP] after_solve iter=3 converged=1 status=0 iterations=3 primal_residual=1.71262e-07 dual_residual=7.7287e-05 x_size=16 x_finite=1
[SQP LINESEARCH] iter=3 current_violation=0 accepted_violation=0 accepted=1 alpha=1 delta_u_norm=0.218811
[SQP SUPPORT] iter=3 support_size=0 support_limit=-1 support_ok=1
[SQP] before_solve iter=4 vars=16 constraints=141 max_d=-0.0615988
[QP WORST] iter=4 row=7 type=collision d=-0.0615988
[QP WORST COLLISION] scenario=21 k=1 obstacle=0 disc=1
[SQP] after_solve iter=4 converged=1 status=0 iterations=4 primal_residual=1.99075e-10 dual_residual=1.82883e-05 x_size=16 x_finite=1
[SQP LINESEARCH] iter=4 current_violation=0 accepted_violation=0 accepted=1 alpha=1 delta_u_norm=0.202466
[SQP SUPPORT] iter=4 support_size=0 support_limit=-1 support_ok=1
[SQP] before_solve iter=5 vars=16 constraints=141 max_d=-0.0615886
[QP WORST] iter=5 row=7 type=collision d=-0.0615886
[QP WORST COLLISION] scenario=21 k=1 obstacle=0 disc=1
[SQP] after_solve iter=5 converged=1 status=0 iterations=4 primal_residual=1.76993e-10 dual_residual=1.20841e-05 x_size=16 x_finite=1
[SQP LINESEARCH] iter=5 current_violation=0 accepted_violation=0 accepted=1 alpha=1 delta_u_norm=0.183454
[SQP SUPPORT] iter=5 support_size=0 support_limit=-1 support_ok=1
[SQP] before_solve iter=6 vars=16 constraints=141 max_d=-0.0615811
[QP WORST] iter=6 row=7 type=collision d=-0.0615811
[QP WORST COLLISION] scenario=21 k=1 obstacle=0 disc=1
[SQP] after_solve iter=6 converged=1 status=0 iterations=4 primal_residual=5.96431e-11 dual_residual=7.20151e-06 x_size=16 x_finite=1
[SQP LINESEARCH] iter=6 current_violation=0 accepted_violation=0 accepted=1 alpha=1 delta_u_norm=0.169641
[SQP SUPPORT] iter=6 support_size=0 support_limit=-1 support_ok=1
[SQP] before_solve iter=7 vars=16 constraints=141 max_d=-0.0615758
[QP WORST] iter=7 row=7 type=collision d=-0.0615758
[QP WORST COLLISION] scenario=21 k=1 obstacle=0 disc=1
[SQP] after_solve iter=7 converged=1 status=0 iterations=4 primal_residual=9.74745e-11 dual_residual=8.62128e-06 x_size=16 x_finite=1
[SQP LINESEARCH] iter=7 current_violation=0 accepted_violation=0 accepted=1 alpha=1 delta_u_norm=0.15664
[SQP SUPPORT] iter=7 support_size=0 support_limit=-1 support_ok=1
[SQP] before_solve iter=8 vars=16 constraints=141 max_d=-0.0615721
[QP WORST] iter=8 row=7 type=collision d=-0.0615721
[QP WORST COLLISION] scenario=21 k=1 obstacle=0 disc=1
[SQP] after_solve iter=8 converged=1 status=0 iterations=4 primal_residual=4.6719e-11 dual_residual=5.91561e-06 x_size=16 x_finite=1
[SQP LINESEARCH] iter=8 current_violation=0 accepted_violation=0 accepted=1 alpha=1 delta_u_norm=0.121289
[SQP SUPPORT] iter=8 support_size=0 support_limit=-1 support_ok=1
[SQP] before_solve iter=9 vars=16 constraints=141 max_d=-0.0615696
[QP WORST] iter=9 row=7 type=collision d=-0.0615696
[QP WORST COLLISION] scenario=21 k=1 obstacle=0 disc=1
[SQP] after_solve iter=9 converged=1 status=0 iterations=4 primal_residual=1.58408e-11 dual_residual=2.41143e-06 x_size=16 x_finite=1
[SQP LINESEARCH] iter=9 current_violation=0 accepted_violation=0 accepted=1 alpha=1 delta_u_norm=0.106821
[SQP SUPPORT] iter=9 support_size=0 support_limit=-1 support_ok=1
[SQP FINAL] final_violation=0 violated_constraints=0
[SUPPORT FINAL] sqp_union=0 final_active=0 support_limit=-1
[SUPPORT FINAL IDS]
[SUPPORT UNION IDS]
[COLD START RECOVERY CHECK] ordinary_sqp_failed=0 seed_available=1 incompatible=0 try_homotopy=0
[HARNESS RESULT] step=27 success=1 controls=8 first_input_present=1
[MPC STEP METRICS] step=27 applied=1 success=1 fallback=0 a=0.561641 omega=-0.8 dt=0.1 acceleration_weight=0.1 steering_weight=0.1 control_cost_unweighted=0.95544 control_cost_weighted=0.095544 mpc_cost=-10.4788 solve_time=0.0385027 qp_solve_time=0.0251174 constraint_time=0.00752893 dro_risk_time=0.000405268 ambiguity_radius=0.00302966 certificate=not_requested
[EVAL SAFETY] step=28 min_center_distance=1.01766 min_clearance=0.0676579 collision_this_step=0 collision_run=0 collision_radius=0.95
[DRO SUMMARY] step=29 obstacle=0 S=40 rho=0.00297299 rho_raw=0.00297299 D_max=0.0136335 D_min=0.0068334 tv_bound=0.435068 eta=0.218066 eta_raw=0.218066 radius_m=29 radius_d=3 transport_cost=0 budget_usage=0 lambda=0 q_support=3 nominal_risk=0 qstar_risk=0 risk_lift=0 tv=0
[DRO MODE] step=29 obstacle=0 mode=constant_velocity p=0.311475 risk=0 q=0.311475 delta_q=0 q_times_S=12.459
[DRO MODE] step=29 obstacle=0 mode=turn_left p=0.311475 risk=0 q=0.311475 delta_q=0 q_times_S=12.459
[DRO MODE] step=29 obstacle=0 mode=turn_right p=0.377049 risk=0 q=0.377049 delta_q=0 q_times_S=15.082
[DRO SAMPLE] step=29 obstacle=0 mode=constant_velocity q=0.311475 q_times_S=12.459 first_count=10 first_fraction=0.25 occupancy=80 occupancy_fraction=0.25
[DRO SAMPLE] step=29 obstacle=0 mode=turn_left q=0.311475 q_times_S=12.459 first_count=16 first_fraction=0.4 occupancy=128 occupancy_fraction=0.4
[DRO SAMPLE] step=29 obstacle=0 mode=turn_right q=0.377049 q_times_S=15.082 first_count=14 first_fraction=0.35 occupancy=112 occupancy_fraction=0.35
[RF BACKUP] available=1 controls=8 states=9
[FREE POLY] k=1 disc=0 raw=40 facets=6 vertices=9 rho=4.8 anchor_shift=0
[FREE POLY] k=1 disc=1 raw=40 facets=3 vertices=6 rho=0.800001 anchor_shift=0
[FREE POLY] k=1 disc=2 raw=40 facets=2 vertices=5 rho=4.8 anchor_shift=0
[FREE POLY] k=2 disc=0 raw=40 facets=4 vertices=7 rho=5.6 anchor_shift=0
[FREE POLY] k=2 disc=1 raw=40 facets=4 vertices=7 rho=1.6 anchor_shift=0
[FREE POLY] k=2 disc=2 raw=40 facets=4 vertices=7 rho=5.6 anchor_shift=0
[FREE POLY] k=3 disc=0 raw=40 facets=5 vertices=9 rho=6.4 anchor_shift=0
[FREE POLY] k=3 disc=1 raw=40 facets=5 vertices=8 rho=2.4 anchor_shift=0
[FREE POLY] k=3 disc=2 raw=40 facets=3 vertices=6 rho=6.4 anchor_shift=0
[FREE POLY] k=4 disc=0 raw=40 facets=5 vertices=8 rho=7.2 anchor_shift=0
[FREE POLY] k=4 disc=1 raw=40 facets=7 vertices=10 rho=3.2 anchor_shift=0
[FREE POLY] k=4 disc=2 raw=40 facets=6 vertices=9 rho=7.2 anchor_shift=0
[FREE POLY] k=5 disc=0 raw=40 facets=4 vertices=7 rho=8 anchor_shift=0
[FREE POLY] k=5 disc=1 raw=40 facets=6 vertices=9 rho=4 anchor_shift=0
[FREE POLY] k=5 disc=2 raw=40 facets=4 vertices=7 rho=8 anchor_shift=0
[FREE POLY] k=6 disc=0 raw=40 facets=4 vertices=7 rho=8.8 anchor_shift=0
[FREE POLY] k=6 disc=1 raw=40 facets=6 vertices=9 rho=4.8 anchor_shift=0
[FREE POLY] k=6 disc=2 raw=40 facets=4 vertices=7 rho=8.8 anchor_shift=0
[FREE POLY] k=7 disc=0 raw=40 facets=3 vertices=6 rho=9.6 anchor_shift=0
[FREE POLY] k=7 disc=1 raw=40 facets=5 vertices=8 rho=5.6 anchor_shift=0
[FREE POLY] k=7 disc=2 raw=40 facets=3 vertices=6 rho=9.6 anchor_shift=0
[FREE POLY] k=8 disc=0 raw=40 facets=4 vertices=7 rho=10.4 anchor_shift=0
[FREE POLY] k=8 disc=1 raw=40 facets=4 vertices=7 rho=6.4 anchor_shift=0
[FREE POLY] k=8 disc=2 raw=40 facets=3 vertices=6 rho=10.4 anchor_shift=0
[RF SUPPORT SEED] removed=0 support_limit=-1
[SQP] before_solve iter=0 vars=16 constraints=136 max_d=-0.0658744
[QP WORST] iter=0 row=95 type=collision d=-0.0658744
[QP WORST COLLISION] scenario=27 k=8 obstacle=0 disc=0
[SQP] after_solve iter=0 converged=1 status=0 iterations=4 primal_residual=4.42497e-10 dual_residual=8.0028e-06 x_size=16 x_finite=1
[SQP LINESEARCH] iter=0 current_violation=0 accepted_violation=0 accepted=1 alpha=1 delta_u_norm=0.31814
[SQP SUPPORT] iter=0 support_size=0 support_limit=-1 support_ok=1
[SQP] before_solve iter=1 vars=16 constraints=136 max_d=-0.0723538
[QP WORST] iter=1 row=95 type=collision d=-0.0723538
[QP WORST COLLISION] scenario=27 k=8 obstacle=0 disc=0
[SQP] after_solve iter=1 converged=1 status=0 iterations=4 primal_residual=4.71585e-11 dual_residual=7.1961e-06 x_size=16 x_finite=1
[SQP LINESEARCH] iter=1 current_violation=0 accepted_violation=0 accepted=1 alpha=1 delta_u_norm=0.217683
[SQP SUPPORT] iter=1 support_size=0 support_limit=-1 support_ok=1
[SQP] before_solve iter=2 vars=16 constraints=136 max_d=-0.0606046
[QP WORST] iter=2 row=95 type=collision d=-0.0606046
[QP WORST COLLISION] scenario=27 k=8 obstacle=0 disc=0
[SQP] after_solve iter=2 converged=1 status=0 iterations=4 primal_residual=2.68493e-10 dual_residual=1.31763e-05 x_size=16 x_finite=1
[SQP LINESEARCH] iter=2 current_violation=0 accepted_violation=0 accepted=1 alpha=1 delta_u_norm=0.198013
[SQP SUPPORT] iter=2 support_size=0 support_limit=-1 support_ok=1
[SQP] before_solve iter=3 vars=16 constraints=136 max_d=-0.0502932
[QP WORST] iter=3 row=95 type=collision d=-0.0502932
[QP WORST COLLISION] scenario=27 k=8 obstacle=0 disc=0
[SQP] after_solve iter=3 converged=1 status=0 iterations=4 primal_residual=6.17522e-10 dual_residual=1.59097e-05 x_size=16 x_finite=1
[SQP LINESEARCH] iter=3 current_violation=0 accepted_violation=0 accepted=1 alpha=1 delta_u_norm=0.183969
[SQP SUPPORT] iter=3 support_size=0 support_limit=-1 support_ok=1
[SQP] before_solve iter=4 vars=16 constraints=136 max_d=-0.0401491
[QP WORST] iter=4 row=95 type=collision d=-0.0401491
[QP WORST COLLISION] scenario=27 k=8 obstacle=0 disc=0
[SQP] after_solve iter=4 converged=1 status=0 iterations=4 primal_residual=1.04547e-09 dual_residual=4.68199e-05 x_size=16 x_finite=1
[SQP LINESEARCH] iter=4 current_violation=0 accepted_violation=0 accepted=1 alpha=1 delta_u_norm=0.171115
[SQP SUPPORT] iter=4 support_size=0 support_limit=-1 support_ok=1
[SQP] before_solve iter=5 vars=16 constraints=136 max_d=-0.0307455
[QP WORST] iter=5 row=95 type=collision d=-0.0307455
[QP WORST COLLISION] scenario=27 k=8 obstacle=0 disc=0
[SQP] after_solve iter=5 converged=1 status=0 iterations=4 primal_residual=4.43563e-16 dual_residual=7.70825e-05 x_size=16 x_finite=1
[SQP LINESEARCH] iter=5 current_violation=0 accepted_violation=0 accepted=1 alpha=1 delta_u_norm=0.158821
[SQP SUPPORT] iter=5 support_size=0 support_limit=-1 support_ok=1
[SQP] before_solve iter=6 vars=16 constraints=136 max_d=-0.0225797
[QP WORST] iter=6 row=95 type=collision d=-0.0225797
[QP WORST COLLISION] scenario=27 k=8 obstacle=0 disc=0
[SQP] after_solve iter=6 converged=1 status=0 iterations=4 primal_residual=2.74586e-08 dual_residual=8.94137e-05 x_size=16 x_finite=1
[SQP LINESEARCH] iter=6 current_violation=0 accepted_violation=0 accepted=1 alpha=1 delta_u_norm=0.14696
[SQP SUPPORT] iter=6 support_size=0 support_limit=-1 support_ok=1
[SQP] before_solve iter=7 vars=16 constraints=136 max_d=-0.0158678
[QP WORST] iter=7 row=95 type=collision d=-0.0158678
[QP WORST COLLISION] scenario=27 k=8 obstacle=0 disc=0
[SQP] after_solve iter=7 converged=1 status=0 iterations=5 primal_residual=4.35416e-16 dual_residual=1.52213e-05 x_size=16 x_finite=1
[SQP LINESEARCH] iter=7 current_violation=0 accepted_violation=0 accepted=1 alpha=1 delta_u_norm=0.141224
[SQP SUPPORT] iter=7 support_size=0 support_limit=-1 support_ok=1
[SQP] before_solve iter=8 vars=16 constraints=136 max_d=-0.00658243
[QP WORST] iter=8 row=95 type=collision d=-0.00658243
[QP WORST COLLISION] scenario=27 k=8 obstacle=0 disc=0
[SQP] after_solve iter=8 converged=1 status=0 iterations=5 primal_residual=4.19803e-16 dual_residual=1.85993e-05 x_size=16 x_finite=1
[SQP LINESEARCH] iter=8 current_violation=0 accepted_violation=0 accepted=1 alpha=1 delta_u_norm=0.128437
[SQP SUPPORT] iter=8 support_size=0 support_limit=-1 support_ok=1
[SQP] before_solve iter=9 vars=16 constraints=136 max_d=-0.00182941
[QP WORST] iter=9 row=95 type=collision d=-0.00182941
[QP WORST COLLISION] scenario=27 k=8 obstacle=0 disc=0
[SQP] after_solve iter=9 converged=1 status=0 iterations=5 primal_residual=5.83656e-10 dual_residual=2.46416e-05 x_size=16 x_finite=1
[SQP LINESEARCH] iter=9 current_violation=0 accepted_violation=0 accepted=1 alpha=1 delta_u_norm=0.104586
[SQP SUPPORT] iter=9 support_size=0 support_limit=-1 support_ok=1
[SQP FINAL] final_violation=0 violated_constraints=0
[SUPPORT FINAL] sqp_union=0 final_active=0 support_limit=-1
[SUPPORT FINAL IDS]
[SUPPORT UNION IDS]
[COLD START RECOVERY CHECK] ordinary_sqp_failed=0 seed_available=1 incompatible=0 try_homotopy=0
[HARNESS RESULT] step=28 success=1 controls=8 first_input_present=1
[MPC STEP METRICS] step=28 applied=1 success=1 fallback=0 a=0.607983 omega=-0.799999 dt=0.1 acceleration_weight=0.1 steering_weight=0.1 control_cost_unweighted=1.00964 control_cost_weighted=0.100964 mpc_cost=-10.8756 solve_time=0.0382104 qp_solve_time=0.0247451 constraint_time=0.00757762 dro_risk_time=0.000421078 ambiguity_radius=0.00297299 certificate=not_requested
[EVAL SAFETY] step=29 min_center_distance=1.05441 min_clearance=0.104414 collision_this_step=0 collision_run=0 collision_radius=0.95
[DRO SUMMARY] step=30 obstacle=0 S=40 rho=0.00290281 rho_raw=0.00290281 D_max=0.0136335 D_min=0.0068334 tv_bound=0.424798 eta=0.212918 eta_raw=0.212918 radius_m=30 radius_d=3 transport_cost=0.00290281 budget_usage=1 lambda=2.26775 q_support=2 nominal_risk=0.118057 qstar_risk=0.124682 risk_lift=0.00662557 tv=0.379177
[DRO MODE] step=30 obstacle=0 mode=constant_velocity p=0.333333 risk=0.118928 q=0 delta_q=-0.333333 q_times_S=0
[DRO MODE] step=30 obstacle=0 mode=turn_left p=0.301587 risk=0.134552 q=0.680765 delta_q=0.379177 q_times_S=27.2306
[DRO MODE] step=30 obstacle=0 mode=turn_right p=0.365079 risk=0.103635 q=0.319235 delta_q=-0.045844 q_times_S=12.7694
[DRO SAMPLE] step=30 obstacle=0 mode=constant_velocity q=0 q_times_S=0 first_count=0 first_fraction=0 occupancy=0 occupancy_fraction=0
[DRO SAMPLE] step=30 obstacle=0 mode=turn_left q=0.680765 q_times_S=27.2306 first_count=24 first_fraction=0.6 occupancy=192 occupancy_fraction=0.6
[DRO SAMPLE] step=30 obstacle=0 mode=turn_right q=0.319235 q_times_S=12.7694 first_count=16 first_fraction=0.4 occupancy=128 occupancy_fraction=0.4
[RF BACKUP] available=1 controls=8 states=9
[FREE POLY] k=1 disc=0 raw=40 facets=4 vertices=7 rho=4.8 anchor_shift=0
[FREE POLY] k=1 disc=1 raw=40 facets=4 vertices=7 rho=0.800001 anchor_shift=0
[FREE POLY] k=1 disc=2 raw=40 facets=4 vertices=7 rho=4.8 anchor_shift=0
[FREE POLY] k=2 disc=0 raw=40 facets=4 vertices=8 rho=5.6 anchor_shift=0
[FREE POLY] k=2 disc=1 raw=40 facets=3 vertices=6 rho=1.6 anchor_shift=0
[FREE POLY] k=2 disc=2 raw=40 facets=5 vertices=8 rho=5.6 anchor_shift=0
[FREE POLY] k=3 disc=0 raw=40 facets=4 vertices=8 rho=6.4 anchor_shift=0
[FREE POLY] k=3 disc=1 raw=40 facets=3 vertices=6 rho=2.4 anchor_shift=0
[FREE POLY] k=3 disc=2 raw=40 facets=4 vertices=7 rho=6.4 anchor_shift=0
[FREE POLY] k=4 disc=0 raw=40 facets=5 vertices=8 rho=7.2 anchor_shift=0
[FREE POLY] k=4 disc=1 raw=40 facets=5 vertices=9 rho=3.2 anchor_shift=0
[FREE POLY] k=4 disc=2 raw=40 facets=4 vertices=7 rho=7.2 anchor_shift=0
[FREE POLY] k=5 disc=0 raw=40 facets=7 vertices=10 rho=8 anchor_shift=0
[FREE POLY] k=5 disc=1 raw=40 facets=5 vertices=8 rho=4 anchor_shift=0
[FREE POLY] k=5 disc=2 raw=40 facets=4 vertices=7 rho=8 anchor_shift=0
[FREE POLY] k=6 disc=0 raw=40 facets=6 vertices=9 rho=8.8 anchor_shift=0
[FREE POLY] k=6 disc=1 raw=40 facets=3 vertices=6 rho=4.8 anchor_shift=0
[FREE POLY] k=6 disc=2 raw=40 facets=3 vertices=6 rho=8.8 anchor_shift=0
[FREE POLY] k=7 disc=0 raw=40 facets=5 vertices=8 rho=9.6 anchor_shift=0
[FREE POLY] k=7 disc=1 raw=40 facets=3 vertices=6 rho=5.6 anchor_shift=0
[FREE POLY] k=7 disc=2 raw=40 facets=3 vertices=6 rho=9.6 anchor_shift=0
[FREE POLY] k=8 disc=0 raw=40 facets=5 vertices=8 rho=10.4 anchor_shift=0
[FREE POLY] k=8 disc=1 raw=40 facets=3 vertices=6 rho=6.4 anchor_shift=0
[FREE POLY] k=8 disc=2 raw=40 facets=3 vertices=6 rho=10.4 anchor_shift=0
[RF SUPPORT SEED] removed=0 support_limit=-1
[SQP] before_solve iter=0 vars=16 constraints=131 max_d=0.104215
[QP WORST] iter=0 row=89 type=collision d=0.104215
[QP WORST COLLISION] scenario=24 k=8 obstacle=0 disc=0
[SQP] after_solve iter=0 converged=1 status=0 iterations=5 primal_residual=5.63894e-11 dual_residual=1.26989e-06 x_size=16 x_finite=1
[SQP LINESEARCH] iter=0 current_violation=0.104215 accepted_violation=0.00300846 accepted=1 alpha=1 delta_u_norm=0.544071
[SQP SUPPORT] iter=0 support_size=0 support_limit=-1 support_ok=1
[SQP] before_solve iter=1 vars=16 constraints=131 max_d=0.00300846
[QP WORST] iter=1 row=89 type=collision d=0.00300846
[QP WORST COLLISION] scenario=24 k=8 obstacle=0 disc=0
[SQP] after_solve iter=1 converged=1 status=0 iterations=4 primal_residual=3.7817e-16 dual_residual=1.85245e-05 x_size=16 x_finite=1
[SQP LINESEARCH] iter=1 current_violation=0.00300846 accepted_violation=0 accepted=1 alpha=1 delta_u_norm=0.20804
[SQP SUPPORT] iter=1 support_size=0 support_limit=-1 support_ok=1
[SQP] before_solve iter=2 vars=16 constraints=131 max_d=-9.29835e-05
[QP WORST] iter=2 row=89 type=collision d=-9.29835e-05
[QP WORST COLLISION] scenario=24 k=8 obstacle=0 disc=0
[SQP] after_solve iter=2 converged=1 status=0 iterations=4 primal_residual=3.53884e-16 dual_residual=3.76444e-05 x_size=16 x_finite=1
[SQP LINESEARCH] iter=2 current_violation=0 accepted_violation=0 accepted=1 alpha=1 delta_u_norm=0.178635
[SQP SUPPORT] iter=2 support_size=0 support_limit=-1 support_ok=1
[SQP] before_solve iter=3 vars=16 constraints=131 max_d=-0.000110405
[QP WORST] iter=3 row=89 type=collision d=-0.000110405
[QP WORST COLLISION] scenario=24 k=8 obstacle=0 disc=0
[SQP] after_solve iter=3 converged=1 status=0 iterations=4 primal_residual=6.56373e-10 dual_residual=5.34555e-05 x_size=16 x_finite=1
[SQP LINESEARCH] iter=3 current_violation=0 accepted_violation=0 accepted=1 alpha=1 delta_u_norm=0.161378
[SQP SUPPORT] iter=3 support_size=0 support_limit=-1 support_ok=1
[SQP] before_solve iter=4 vars=16 constraints=131 max_d=-5.10612e-05
[QP WORST] iter=4 row=89 type=collision d=-5.10612e-05
[QP WORST COLLISION] scenario=24 k=8 obstacle=0 disc=0
[SQP] after_solve iter=4 converged=1 status=0 iterations=4 primal_residual=2.27914e-09 dual_residual=4.90545e-05 x_size=16 x_finite=1
[SQP LINESEARCH] iter=4 current_violation=0 accepted_violation=0 accepted=1 alpha=1 delta_u_norm=0.149173
[SQP SUPPORT] iter=4 support_size=0 support_limit=-1 support_ok=1
[SQP] before_solve iter=5 vars=16 constraints=131 max_d=-3.58525e-05
[QP WORST] iter=5 row=89 type=collision d=-3.58525e-05
[QP WORST COLLISION] scenario=24 k=8 obstacle=0 disc=0
[SQP] after_solve iter=5 converged=1 status=0 iterations=4 primal_residual=2.20827e-09 dual_residual=3.96369e-05 x_size=16 x_finite=1
[SQP LINESEARCH] iter=5 current_violation=0 accepted_violation=0 accepted=1 alpha=1 delta_u_norm=0.139649
[SQP SUPPORT] iter=5 support_size=0 support_limit=-1 support_ok=1
[SQP] before_solve iter=6 vars=16 constraints=131 max_d=-2.2435e-05
[QP WORST] iter=6 row=89 type=collision d=-2.2435e-05
[QP WORST COLLISION] scenario=24 k=8 obstacle=0 disc=0
[SQP] after_solve iter=6 converged=1 status=0 iterations=4 primal_residual=2.92673e-09 dual_residual=3.8072e-05 x_size=16 x_finite=1
[SQP LINESEARCH] iter=6 current_violation=0 accepted_violation=0 accepted=1 alpha=1 delta_u_norm=0.128556
[SQP SUPPORT] iter=6 support_size=0 support_limit=-1 support_ok=1
[SQP] before_solve iter=7 vars=16 constraints=131 max_d=-1.13598e-06
[QP WORST] iter=7 row=89 type=collision d=-1.13598e-06
[QP WORST COLLISION] scenario=24 k=8 obstacle=0 disc=0
[SQP] after_solve iter=7 converged=1 status=0 iterations=4 primal_residual=2.89545e-09 dual_residual=4.07743e-05 x_size=16 x_finite=1
[SQP LINESEARCH] iter=7 current_violation=0 accepted_violation=0 accepted=1 alpha=1 delta_u_norm=0.115803
[SQP SUPPORT] iter=7 support_size=0 support_limit=-1 support_ok=1
[SQP] before_solve iter=8 vars=16 constraints=131 max_d=-4.76111e-07
[QP WORST] iter=8 row=89 type=collision d=-4.76111e-07
[QP WORST COLLISION] scenario=24 k=8 obstacle=0 disc=0
[SQP] after_solve iter=8 converged=1 status=0 iterations=4 primal_residual=2.67307e-09 dual_residual=3.19168e-05 x_size=16 x_finite=1
[SQP LINESEARCH] iter=8 current_violation=0 accepted_violation=0 accepted=1 alpha=0.5 delta_u_norm=0.107087
[SQP SUPPORT] iter=8 support_size=0 support_limit=-1 support_ok=1
[SQP] before_solve iter=9 vars=16 constraints=131 max_d=-2.76644e-07
[QP WORST] iter=9 row=89 type=collision d=-2.76644e-07
[QP WORST COLLISION] scenario=24 k=8 obstacle=0 disc=0
[SQP] after_solve iter=9 converged=1 status=0 iterations=4 primal_residual=2.26468e-09 dual_residual=3.01838e-05 x_size=16 x_finite=1
[SQP LINESEARCH] iter=9 current_violation=0 accepted_violation=0 accepted=1 alpha=0.5 delta_u_norm=0.103826
[SQP SUPPORT] iter=9 support_size=0 support_limit=-1 support_ok=1
[SQP FINAL] final_violation=0 violated_constraints=0
[SUPPORT FINAL] sqp_union=0 final_active=1 support_limit=-1
[SUPPORT FINAL IDS] 24
[SUPPORT UNION IDS]
[COLD START RECOVERY CHECK] ordinary_sqp_failed=0 seed_available=1 incompatible=0 try_homotopy=0
[HARNESS RESULT] step=29 success=1 controls=8 first_input_present=1
[MPC STEP METRICS] step=29 applied=1 success=1 fallback=0 a=0.444233 omega=-0.799997 dt=0.1 acceleration_weight=0.1 steering_weight=0.1 control_cost_unweighted=0.837338 control_cost_weighted=0.0837338 mpc_cost=-11.3552 solve_time=0.0399516 qp_solve_time=0.0266083 constraint_time=0.00742187 dro_risk_time=0.000405189 ambiguity_radius=0.00290281 certificate=not_requested
[EVAL SAFETY] step=30 min_center_distance=1.10954 min_clearance=0.159537 collision_this_step=0 collision_run=0 collision_radius=0.95
[DRO SUMMARY] step=31 obstacle=0 S=40 rho=0.00283533 rho_raw=0.00283533 D_max=0.0136335 D_min=0.0068334 tv_bound=0.414923 eta=0.207968 eta_raw=0.207968 radius_m=31 radius_d=3 transport_cost=0.00283533 budget_usage=1 lambda=2.36927 q_support=2 nominal_risk=0.0637536 qstar_risk=0.0705202 risk_lift=0.0067666 tv=0.353846
[DRO MODE] step=31 obstacle=0 mode=constant_velocity p=0.353846 risk=0.064822 q=0.646316 delta_q=0.29247 q_times_S=25.8527
[DRO MODE] step=31 obstacle=0 mode=turn_left p=0.292308 risk=0.0809332 q=0.353684 delta_q=0.0613759 q_times_S=14.1473
[DRO MODE] step=31 obstacle=0 mode=turn_right p=0.353846 risk=0.0484935 q=0 delta_q=-0.353846 q_times_S=0
[DRO SAMPLE] step=31 obstacle=0 mode=constant_velocity q=0.646316 q_times_S=25.8527 first_count=19 first_fraction=0.475 occupancy=152 occupancy_fraction=0.475
[DRO SAMPLE] step=31 obstacle=0 mode=turn_left q=0.353684 q_times_S=14.1473 first_count=21 first_fraction=0.525 occupancy=168 occupancy_fraction=0.525
[DRO SAMPLE] step=31 obstacle=0 mode=turn_right q=0 q_times_S=0 first_count=0 first_fraction=0 occupancy=0 occupancy_fraction=0
[RF BACKUP] available=1 controls=8 states=9
[FREE POLY] k=1 disc=0 raw=40 facets=5 vertices=9 rho=4.8 anchor_shift=0
[FREE POLY] k=1 disc=1 raw=40 facets=2 vertices=5 rho=0.800001 anchor_shift=0
[FREE POLY] k=1 disc=2 raw=40 facets=4 vertices=7 rho=4.8 anchor_shift=0
[FREE POLY] k=2 disc=0 raw=40 facets=5 vertices=9 rho=5.6 anchor_shift=0
[FREE POLY] k=2 disc=1 raw=40 facets=5 vertices=9 rho=1.6 anchor_shift=0
[FREE POLY] k=2 disc=2 raw=40 facets=4 vertices=7 rho=5.6 anchor_shift=0
[FREE POLY] k=3 disc=0 raw=40 facets=3 vertices=6 rho=6.4 anchor_shift=0
[FREE POLY] k=3 disc=1 raw=40 facets=3 vertices=7 rho=2.4 anchor_shift=0
[FREE POLY] k=3 disc=2 raw=40 facets=3 vertices=6 rho=6.4 anchor_shift=0
[FREE POLY] k=4 disc=0 raw=40 facets=3 vertices=6 rho=7.2 anchor_shift=0
[FREE POLY] k=4 disc=1 raw=40 facets=4 vertices=7 rho=3.2 anchor_shift=0
[FREE POLY] k=4 disc=2 raw=40 facets=4 vertices=7 rho=7.2 anchor_shift=0
[FREE POLY] k=5 disc=0 raw=40 facets=5 vertices=8 rho=8 anchor_shift=0
[FREE POLY] k=5 disc=1 raw=40 facets=4 vertices=7 rho=4 anchor_shift=0
[FREE POLY] k=5 disc=2 raw=40 facets=5 vertices=8 rho=8 anchor_shift=0
[FREE POLY] k=6 disc=0 raw=40 facets=4 vertices=7 rho=8.8 anchor_shift=0
[FREE POLY] k=6 disc=1 raw=40 facets=4 vertices=7 rho=4.8 anchor_shift=0
[FREE POLY] k=6 disc=2 raw=40 facets=2 vertices=5 rho=8.8 anchor_shift=0
[FREE POLY] k=7 disc=0 raw=40 facets=6 vertices=9 rho=9.6 anchor_shift=0
[FREE POLY] k=7 disc=1 raw=40 facets=6 vertices=9 rho=5.6 anchor_shift=0
[FREE POLY] k=7 disc=2 raw=40 facets=2 vertices=5 rho=9.6 anchor_shift=0
[FREE POLY] k=8 disc=0 raw=40 facets=5 vertices=8 rho=10.4 anchor_shift=0
[FREE POLY] k=8 disc=1 raw=40 facets=4 vertices=7 rho=6.4 anchor_shift=0
[FREE POLY] k=8 disc=2 raw=40 facets=2 vertices=5 rho=10.4 anchor_shift=0
[RF SUPPORT SEED] removed=0 support_limit=-1
[SQP] before_solve iter=0 vars=16 constraints=126 max_d=0.0103566
[QP WORST] iter=0 row=84 type=collision d=0.0103566
[QP WORST COLLISION] scenario=12 k=8 obstacle=0 disc=0
[SQP] after_solve iter=0 converged=1 status=0 iterations=5 primal_residual=4.3715e-16 dual_residual=3.0614e-05 x_size=16 x_finite=1
[SQP LINESEARCH] iter=0 current_violation=0.0103566 accepted_violation=0.000441155 accepted=1 alpha=1 delta_u_norm=0.344821
[SQP SUPPORT] iter=0 support_size=0 support_limit=-1 support_ok=1
[SQP] before_solve iter=1 vars=16 constraints=126 max_d=0.000441155
[QP WORST] iter=1 row=84 type=collision d=0.000441155
[QP WORST COLLISION] scenario=12 k=8 obstacle=0 disc=0
[SQP] after_solve iter=1 converged=1 status=0 iterations=5 primal_residual=4.36283e-16 dual_residual=3.46751e-06 x_size=16 x_finite=1
[SQP LINESEARCH] iter=1 current_violation=0.000441155 accepted_violation=0 accepted=1 alpha=1 delta_u_norm=0.183448
[SQP SUPPORT] iter=1 support_size=0 support_limit=-1 support_ok=1
[SQP] before_solve iter=2 vars=16 constraints=126 max_d=-1.29488e-06
[QP WORST] iter=2 row=84 type=collision d=-1.29488e-06
[QP WORST COLLISION] scenario=12 k=8 obstacle=0 disc=0
[SQP] after_solve iter=2 converged=1 status=0 iterations=5 primal_residual=4.11129e-16 dual_residual=2.04245e-06 x_size=16 x_finite=1
[SQP LINESEARCH] iter=2 current_violation=0 accepted_violation=0 accepted=1 alpha=1 delta_u_norm=0.168627
[SQP SUPPORT] iter=2 support_size=0 support_limit=-1 support_ok=1
[SQP] before_solve iter=3 vars=16 constraints=126 max_d=-2.82977e-06
[QP WORST] iter=3 row=84 type=collision d=-2.82977e-06
[QP WORST COLLISION] scenario=12 k=8 obstacle=0 disc=0
[SQP] after_solve iter=3 converged=1 status=0 iterations=4 primal_residual=3.57353e-16 dual_residual=8.76704e-05 x_size=16 x_finite=1
[SQP LINESEARCH] iter=3 current_violation=0 accepted_violation=0 accepted=1 alpha=1 delta_u_norm=0.158314
[SQP SUPPORT] iter=3 support_size=0 support_limit=-1 support_ok=1
[SQP] before_solve iter=4 vars=16 constraints=126 max_d=-3.30143e-06
[QP WORST] iter=4 row=84 type=collision d=-3.30143e-06
[QP WORST COLLISION] scenario=12 k=8 obstacle=0 disc=0
[SQP] after_solve iter=4 converged=1 status=0 iterations=4 primal_residual=4.30211e-16 dual_residual=7.20706e-05 x_size=16 x_finite=1
[SQP LINESEARCH] iter=4 current_violation=0 accepted_violation=0 accepted=1 alpha=1 delta_u_norm=0.149403
[SQP SUPPORT] iter=4 support_size=0 support_limit=-1 support_ok=1
[SQP] before_solve iter=5 vars=16 constraints=126 max_d=-0.000119987
[QP WORST] iter=5 row=84 type=collision d=-0.000119987
[QP WORST COLLISION] scenario=12 k=8 obstacle=0 disc=0
[SQP] after_solve iter=5 converged=1 status=0 iterations=5 primal_residual=4.2723e-16 dual_residual=1.37124e-06 x_size=16 x_finite=1
[SQP LINESEARCH] iter=5 current_violation=0 accepted_violation=0 accepted=1 alpha=1 delta_u_norm=0.142068
[SQP SUPPORT] iter=5 support_size=0 support_limit=-1 support_ok=1
[SQP] before_solve iter=6 vars=16 constraints=126 max_d=-1.33261e-06
[QP WORST] iter=6 row=84 type=collision d=-1.33261e-06
[QP WORST COLLISION] scenario=12 k=8 obstacle=0 disc=0
[SQP] after_solve iter=6 converged=1 status=0 iterations=5 primal_residual=4.35849e-16 dual_residual=1.28021e-06 x_size=16 x_finite=1
[SQP LINESEARCH] iter=6 current_violation=0 accepted_violation=0 accepted=1 alpha=1 delta_u_norm=0.134322
[SQP SUPPORT] iter=6 support_size=0 support_limit=-1 support_ok=1
[SQP] before_solve iter=7 vars=16 constraints=126 max_d=-1.61866e-06
[QP WORST] iter=7 row=84 type=collision d=-1.61866e-06
[QP WORST COLLISION] scenario=12 k=8 obstacle=0 disc=0
[SQP] after_solve iter=7 converged=1 status=0 iterations=5 primal_residual=4.39055e-16 dual_residual=1.54592e-06 x_size=16 x_finite=1
[SQP LINESEARCH] iter=7 current_violation=0 accepted_violation=0 accepted=1 alpha=1 delta_u_norm=0.12741
[SQP SUPPORT] iter=7 support_size=0 support_limit=-1 support_ok=1
[SQP] before_solve iter=8 vars=16 constraints=126 max_d=-2.01479e-06
[QP WORST] iter=8 row=84 type=collision d=-2.01479e-06
[QP WORST COLLISION] scenario=12 k=8 obstacle=0 disc=0
[SQP] after_solve iter=8 converged=1 status=0 iterations=5 primal_residual=4.30211e-16 dual_residual=2.82765e-06 x_size=16 x_finite=1
[SQP LINESEARCH] iter=8 current_violation=0 accepted_violation=0 accepted=1 alpha=1 delta_u_norm=0.120947
[SQP SUPPORT] iter=8 support_size=0 support_limit=-1 support_ok=1
[SQP] before_solve iter=9 vars=16 constraints=126 max_d=-1.56248e-06
[QP WORST] iter=9 row=84 type=collision d=-1.56248e-06
[QP WORST COLLISION] scenario=12 k=8 obstacle=0 disc=0
[SQP] after_solve iter=9 converged=1 status=0 iterations=5 primal_residual=9.77154e-11 dual_residual=6.644e-06 x_size=16 x_finite=1
[SQP LINESEARCH] iter=9 current_violation=0 accepted_violation=0 accepted=1 alpha=1 delta_u_norm=0.114693
[SQP SUPPORT] iter=9 support_size=0 support_limit=-1 support_ok=1
[SQP FINAL] final_violation=0 violated_constraints=0
[SUPPORT FINAL] sqp_union=0 final_active=1 support_limit=-1
[SUPPORT FINAL IDS] 12
[SUPPORT UNION IDS]
[COLD START RECOVERY CHECK] ordinary_sqp_failed=0 seed_available=1 incompatible=0 try_homotopy=0
[HARNESS RESULT] step=30 success=1 controls=8 first_input_present=1
[MPC STEP METRICS] step=30 applied=1 success=1 fallback=0 a=0.389135 omega=-0.799999 dt=0.1 acceleration_weight=0.1 steering_weight=0.1 control_cost_unweighted=0.791425 control_cost_weighted=0.0791425 mpc_cost=-11.8698 solve_time=0.0384046 qp_solve_time=0.0251607 constraint_time=0.00728242 dro_risk_time=0.000416119 ambiguity_radius=0.00283533 certificate=not_requested
[EVAL SAFETY] step=31 min_center_distance=1.18146 min_clearance=0.231465 collision_this_step=0 collision_run=0 collision_radius=0.95
[DRO SUMMARY] step=32 obstacle=0 S=40 rho=0.00277047 rho_raw=0.00277047 D_max=0.0136335 D_min=0.0068334 tv_bound=0.405431 eta=0.203211 eta_raw=0.203211 radius_m=32 radius_d=3 transport_cost=0.00277047 budget_usage=1 lambda=2.33977 q_support=2 nominal_risk=0.0800162 qstar_risk=0.0867286 risk_lift=0.00671238 tv=0.343284
[DRO MODE] step=32 obstacle=0 mode=constant_velocity p=0.373134 risk=0.081223 q=0.653966 delta_q=0.280832 q_times_S=26.1586
[DRO MODE] step=32 obstacle=0 mode=turn_left p=0.283582 risk=0.0971336 q=0.346034 delta_q=0.0624518 q_times_S=13.8414
[DRO MODE] step=32 obstacle=0 mode=turn_right p=0.343284 risk=0.0645641 q=0 delta_q=-0.343284 q_times_S=0
[DRO SAMPLE] step=32 obstacle=0 mode=constant_velocity q=0.653966 q_times_S=26.1586 first_count=27 first_fraction=0.675 occupancy=216 occupancy_fraction=0.675
[DRO SAMPLE] step=32 obstacle=0 mode=turn_left q=0.346034 q_times_S=13.8414 first_count=13 first_fraction=0.325 occupancy=104 occupancy_fraction=0.325
[DRO SAMPLE] step=32 obstacle=0 mode=turn_right q=0 q_times_S=0 first_count=0 first_fraction=0 occupancy=0 occupancy_fraction=0
[RF BACKUP] available=1 controls=8 states=9
[FREE POLY] k=1 disc=0 raw=40 facets=4 vertices=8 rho=4.8 anchor_shift=0
[FREE POLY] k=1 disc=1 raw=40 facets=1 vertices=5 rho=0.800001 anchor_shift=0
[FREE POLY] k=1 disc=2 raw=40 facets=2 vertices=5 rho=4.8 anchor_shift=0
[FREE POLY] k=2 disc=0 raw=40 facets=3 vertices=6 rho=5.6 anchor_shift=0
[FREE POLY] k=2 disc=1 raw=40 facets=4 vertices=8 rho=1.6 anchor_shift=0
[FREE POLY] k=2 disc=2 raw=40 facets=3 vertices=6 rho=5.6 anchor_shift=0
[FREE POLY] k=3 disc=0 raw=40 facets=2 vertices=5 rho=6.4 anchor_shift=0
[FREE POLY] k=3 disc=1 raw=40 facets=4 vertices=7 rho=2.4 anchor_shift=0
[FREE POLY] k=3 disc=2 raw=40 facets=4 vertices=7 rho=6.4 anchor_shift=0
[FREE POLY] k=4 disc=0 raw=40 facets=2 vertices=5 rho=7.2 anchor_shift=0
[FREE POLY] k=4 disc=1 raw=40 facets=4 vertices=7 rho=3.2 anchor_shift=0
[FREE POLY] k=4 disc=2 raw=40 facets=4 vertices=7 rho=7.2 anchor_shift=0
[FREE POLY] k=5 disc=0 raw=40 facets=4 vertices=7 rho=8 anchor_shift=0
[FREE POLY] k=5 disc=1 raw=40 facets=4 vertices=7 rho=4 anchor_shift=0
[FREE POLY] k=5 disc=2 raw=40 facets=4 vertices=7 rho=8 anchor_shift=0
[FREE POLY] k=6 disc=0 raw=40 facets=3 vertices=6 rho=8.8 anchor_shift=0
[FREE POLY] k=6 disc=1 raw=40 facets=5 vertices=8 rho=4.8 anchor_shift=0
[FREE POLY] k=6 disc=2 raw=40 facets=5 vertices=8 rho=8.8 anchor_shift=0
[FREE POLY] k=7 disc=0 raw=40 facets=3 vertices=6 rho=9.6 anchor_shift=0
[FREE POLY] k=7 disc=1 raw=40 facets=6 vertices=9 rho=5.6 anchor_shift=0
[FREE POLY] k=7 disc=2 raw=40 facets=5 vertices=8 rho=9.6 anchor_shift=0
[FREE POLY] k=8 disc=0 raw=40 facets=4 vertices=7 rho=10.4 anchor_shift=0
[FREE POLY] k=8 disc=1 raw=40 facets=4 vertices=7 rho=6.4 anchor_shift=0
[FREE POLY] k=8 disc=2 raw=40 facets=4 vertices=7 rho=10.4 anchor_shift=0
[RF SUPPORT SEED] removed=0 support_limit=-1
[SQP] before_solve iter=0 vars=16 constraints=120 max_d=0.0328223
[QP WORST] iter=0 row=77 type=collision d=0.0328223
[QP WORST COLLISION] scenario=22 k=8 obstacle=0 disc=0
[SQP] after_solve iter=0 converged=1 status=0 iterations=5 primal_residual=4.23273e-16 dual_residual=5.67004e-07 x_size=16 x_finite=1
[SQP LINESEARCH] iter=0 current_violation=0.0328223 accepted_violation=0.000480674 accepted=1 alpha=1 delta_u_norm=0.338094
[SQP SUPPORT] iter=0 support_size=0 support_limit=-1 support_ok=1
[SQP] before_solve iter=1 vars=16 constraints=120 max_d=0.000480674
[QP WORST] iter=1 row=77 type=collision d=0.000480674
[QP WORST COLLISION] scenario=22 k=8 obstacle=0 disc=0
[SQP] after_solve iter=1 converged=1 status=0 iterations=4 primal_residual=4.05925e-16 dual_residual=4.203e-05 x_size=16 x_finite=1
[SQP LINESEARCH] iter=1 current_violation=0.000480674 accepted_violation=0 accepted=1 alpha=1 delta_u_norm=0.226744
[SQP SUPPORT] iter=1 support_size=0 support_limit=-1 support_ok=1
[SQP] before_solve iter=2 vars=16 constraints=120 max_d=-6.94339e-05
[QP WORST] iter=2 row=77 type=collision d=-6.94339e-05
[QP WORST COLLISION] scenario=22 k=8 obstacle=0 disc=0
[SQP] after_solve iter=2 converged=1 status=0 iterations=5 primal_residual=1.02465e-10 dual_residual=1.20286e-05 x_size=16 x_finite=1
[SQP LINESEARCH] iter=2 current_violation=0 accepted_violation=0 accepted=1 alpha=1 delta_u_norm=0.21011
[SQP SUPPORT] iter=2 support_size=0 support_limit=-1 support_ok=1
[SQP] before_solve iter=3 vars=16 constraints=120 max_d=-9.71227e-06
[QP WORST] iter=3 row=77 type=collision d=-9.71227e-06
[QP WORST COLLISION] scenario=22 k=8 obstacle=0 disc=0
[SQP] after_solve iter=3 converged=1 status=0 iterations=5 primal_residual=6.02661e-11 dual_residual=8.90012e-06 x_size=16 x_finite=1
[SQP LINESEARCH] iter=3 current_violation=0 accepted_violation=0 accepted=1 alpha=1 delta_u_norm=0.1772
[SQP SUPPORT] iter=3 support_size=0 support_limit=-1 support_ok=1
[SQP] before_solve iter=4 vars=16 constraints=120 max_d=-2.11373e-06
[QP WORST] iter=4 row=63 type=collision d=-2.11373e-06
[QP WORST COLLISION] scenario=22 k=7 obstacle=0 disc=0
[SQP] after_solve iter=4 converged=1 status=0 iterations=5 primal_residual=6.87702e-10 dual_residual=9.57841e-06 x_size=16 x_finite=1
[SQP LINESEARCH] iter=4 current_violation=0 accepted_violation=0 accepted=1 alpha=1 delta_u_norm=0.152217
[SQP SUPPORT] iter=4 support_size=0 support_limit=-1 support_ok=1
[SQP] before_solve iter=5 vars=16 constraints=120 max_d=-1.62516e-06
[QP WORST] iter=5 row=77 type=collision d=-1.62516e-06
[QP WORST COLLISION] scenario=22 k=8 obstacle=0 disc=0
[SQP] after_solve iter=5 converged=1 status=0 iterations=5 primal_residual=8.18567e-10 dual_residual=9.68079e-06 x_size=16 x_finite=1
[SQP LINESEARCH] iter=5 current_violation=0 accepted_violation=0 accepted=1 alpha=1 delta_u_norm=0.136767
[SQP SUPPORT] iter=5 support_size=0 support_limit=-1 support_ok=1
[SQP] before_solve iter=6 vars=16 constraints=120 max_d=-2.8618e-06
[QP WORST] iter=6 row=77 type=collision d=-2.8618e-06
[QP WORST COLLISION] scenario=22 k=8 obstacle=0 disc=0
[SQP] after_solve iter=6 converged=1 status=0 iterations=5 primal_residual=4.31688e-10 dual_residual=9.08267e-06 x_size=16 x_finite=1
[SQP LINESEARCH] iter=6 current_violation=0 accepted_violation=0 accepted=1 alpha=1 delta_u_norm=0.125957
[SQP SUPPORT] iter=6 support_size=0 support_limit=-1 support_ok=1
[SQP] before_solve iter=7 vars=16 constraints=120 max_d=-3.00569e-06
[QP WORST] iter=7 row=77 type=collision d=-3.00569e-06
[QP WORST COLLISION] scenario=22 k=8 obstacle=0 disc=0
[SQP] after_solve iter=7 converged=1 status=0 iterations=4 primal_residual=7.18811e-08 dual_residual=9.4354e-05 x_size=16 x_finite=1
[SQP LINESEARCH] iter=7 current_violation=0 accepted_violation=0 accepted=1 alpha=1 delta_u_norm=0.113762
[SQP SUPPORT] iter=7 support_size=0 support_limit=-1 support_ok=1
[SQP] before_solve iter=8 vars=16 constraints=120 max_d=-0.000320741
[QP WORST] iter=8 row=63 type=collision d=-0.000320741
[QP WORST COLLISION] scenario=22 k=7 obstacle=0 disc=0
[SQP] after_solve iter=8 converged=1 status=0 iterations=4 primal_residual=6.38596e-08 dual_residual=8.60332e-05 x_size=16 x_finite=1
[SQP LINESEARCH] iter=8 current_violation=0 accepted_violation=0 accepted=1 alpha=1 delta_u_norm=0.106015
[SQP SUPPORT] iter=8 support_size=0 support_limit=-1 support_ok=1
[SQP] before_solve iter=9 vars=16 constraints=120 max_d=-0.000245134
[QP WORST] iter=9 row=63 type=collision d=-0.000245134
[QP WORST COLLISION] scenario=22 k=7 obstacle=0 disc=0
[SQP] after_solve iter=9 converged=1 status=0 iterations=4 primal_residual=5.79421e-08 dual_residual=8.04662e-05 x_size=16 x_finite=1
[SQP LINESEARCH] iter=9 current_violation=0 accepted_violation=0 accepted=1 alpha=1 delta_u_norm=0.100035
[SQP SUPPORT] iter=9 support_size=0 support_limit=-1 support_ok=1
[SQP FINAL] final_violation=0 violated_constraints=0
[SUPPORT FINAL] sqp_union=0 final_active=1 support_limit=-1
[SUPPORT FINAL IDS] 22
[SUPPORT UNION IDS]
[COLD START RECOVERY CHECK] ordinary_sqp_failed=0 seed_available=1 incompatible=0 try_homotopy=0
[HARNESS RESULT] step=31 success=1 controls=8 first_input_present=1
[MPC STEP METRICS] step=31 applied=1 success=1 fallback=0 a=0.258312 omega=-0.799881 dt=0.1 acceleration_weight=0.1 steering_weight=0.1 control_cost_unweighted=0.706535 control_cost_weighted=0.0706535 mpc_cost=-12.46 solve_time=0.0375283 qp_solve_time=0.0244593 constraint_time=0.0071579 dro_risk_time=0.000406111 ambiguity_radius=0.00277047 certificate=not_requested
[EVAL SAFETY] step=32 min_center_distance=1.26785 min_clearance=0.317853 collision_this_step=0 collision_run=0 collision_radius=0.95
[DRO SUMMARY] step=33 obstacle=0 S=40 rho=0.00270813 rho_raw=0.00270813 D_max=0.0136335 D_min=0.0068334 tv_bound=0.396308 eta=0.198638 eta_raw=0.198638 radius_m=33 radius_d=3 transport_cost=0.00270813 budget_usage=1 lambda=2.22472 q_support=2 nominal_risk=0.0468751 qstar_risk=0.0533016 risk_lift=0.00642642 tv=0.333333
[DRO MODE] step=33 obstacle=0 mode=constant_velocity p=0.391304 risk=0.0481784 q=0.661354 delta_q=0.27005 q_times_S=26.4542
[DRO MODE] step=33 obstacle=0 mode=turn_left p=0.275362 risk=0.0633067 q=0.338646 delta_q=0.0632835 q_times_S=13.5458
[DRO MODE] step=33 obstacle=0 mode=turn_right p=0.333333 risk=0.0317713 q=0 delta_q=-0.333333 q_times_S=0
[DRO SAMPLE] step=33 obstacle=0 mode=constant_velocity q=0.661354 q_times_S=26.4542 first_count=27 first_fraction=0.675 occupancy=216 occupancy_fraction=0.675
[DRO SAMPLE] step=33 obstacle=0 mode=turn_left q=0.338646 q_times_S=13.5458 first_count=13 first_fraction=0.325 occupancy=104 occupancy_fraction=0.325
[DRO SAMPLE] step=33 obstacle=0 mode=turn_right q=0 q_times_S=0 first_count=0 first_fraction=0 occupancy=0 occupancy_fraction=0
[RF BACKUP] available=1 controls=8 states=9
[FREE POLY] k=1 disc=0 raw=40 facets=5 vertices=8 rho=4.8 anchor_shift=0
[FREE POLY] k=1 disc=1 raw=40 facets=1 vertices=5 rho=0.800001 anchor_shift=0
[FREE POLY] k=1 disc=2 raw=40 facets=4 vertices=7 rho=4.8 anchor_shift=0
[FREE POLY] k=2 disc=0 raw=40 facets=4 vertices=7 rho=5.6 anchor_shift=0
[FREE POLY] k=2 disc=1 raw=40 facets=5 vertices=9 rho=1.6 anchor_shift=0
[FREE POLY] k=2 disc=2 raw=40 facets=4 vertices=7 rho=5.6 anchor_shift=0
[FREE POLY] k=3 disc=0 raw=40 facets=4 vertices=7 rho=6.4 anchor_shift=0
[FREE POLY] k=3 disc=1 raw=40 facets=4 vertices=7 rho=2.4 anchor_shift=0
[FREE POLY] k=3 disc=2 raw=40 facets=3 vertices=6 rho=6.4 anchor_shift=0
[FREE POLY] k=4 disc=0 raw=40 facets=4 vertices=7 rho=7.2 anchor_shift=0
[FREE POLY] k=4 disc=1 raw=40 facets=4 vertices=7 rho=3.2 anchor_shift=0
[FREE POLY] k=4 disc=2 raw=40 facets=4 vertices=7 rho=7.2 anchor_shift=0
[FREE POLY] k=5 disc=0 raw=40 facets=5 vertices=8 rho=8 anchor_shift=0
[FREE POLY] k=5 disc=1 raw=40 facets=4 vertices=7 rho=4 anchor_shift=0
[FREE POLY] k=5 disc=2 raw=40 facets=4 vertices=7 rho=8 anchor_shift=0
[FREE POLY] k=6 disc=0 raw=40 facets=4 vertices=7 rho=8.8 anchor_shift=0
[FREE POLY] k=6 disc=1 raw=40 facets=3 vertices=6 rho=4.8 anchor_shift=0
[FREE POLY] k=6 disc=2 raw=40 facets=3 vertices=6 rho=8.8 anchor_shift=0
[FREE POLY] k=7 disc=0 raw=40 facets=4 vertices=7 rho=9.6 anchor_shift=0
[FREE POLY] k=7 disc=1 raw=40 facets=3 vertices=6 rho=5.6 anchor_shift=0
[FREE POLY] k=7 disc=2 raw=40 facets=3 vertices=6 rho=9.6 anchor_shift=0
[FREE POLY] k=8 disc=0 raw=40 facets=4 vertices=7 rho=10.4 anchor_shift=0
[FREE POLY] k=8 disc=1 raw=40 facets=3 vertices=6 rho=6.4 anchor_shift=0
[FREE POLY] k=8 disc=2 raw=40 facets=3 vertices=6 rho=10.4 anchor_shift=0
[RF SUPPORT SEED] removed=0 support_limit=-1
[SQP] before_solve iter=0 vars=16 constraints=121 max_d=0.0427235
[QP WORST] iter=0 row=80 type=collision d=0.0427235
[QP WORST COLLISION] scenario=19 k=8 obstacle=0 disc=0
[SQP] after_solve iter=0 converged=1 status=0 iterations=5 primal_residual=4.42571e-16 dual_residual=1.88511e-05 x_size=16 x_finite=1
[SQP LINESEARCH] iter=0 current_violation=0.0427235 accepted_violation=0.000247299 accepted=1 alpha=1 delta_u_norm=0.348041
[SQP SUPPORT] iter=0 support_size=0 support_limit=-1 support_ok=1
[SQP] before_solve iter=1 vars=16 constraints=121 max_d=0.000247299
[QP WORST] iter=1 row=80 type=collision d=0.000247299
[QP WORST COLLISION] scenario=19 k=8 obstacle=0 disc=0
[SQP] after_solve iter=1 converged=1 status=0 iterations=5 primal_residual=2.93216e-16 dual_residual=1.37159e-05 x_size=16 x_finite=1
[SQP LINESEARCH] iter=1 current_violation=0.000247299 accepted_violation=9.92529e-06 accepted=1 alpha=1 delta_u_norm=0.183403
[SQP SUPPORT] iter=1 support_size=0 support_limit=-1 support_ok=1
[SQP] before_solve iter=2 vars=16 constraints=121 max_d=9.92529e-06
[QP WORST] iter=2 row=80 type=collision d=9.92529e-06
[QP WORST COLLISION] scenario=19 k=8 obstacle=0 disc=0
[SQP] after_solve iter=2 converged=1 status=0 iterations=5 primal_residual=2.03293e-10 dual_residual=6.31067e-06 x_size=16 x_finite=1
[SQP LINESEARCH] iter=2 current_violation=9.92529e-06 accepted_violation=3.16364e-07 accepted=1 alpha=1 delta_u_norm=0.160508
[SQP SUPPORT] iter=2 support_size=0 support_limit=-1 support_ok=1
[SQP] before_solve iter=3 vars=16 constraints=121 max_d=3.16364e-07
[QP WORST] iter=3 row=80 type=collision d=3.16364e-07
[QP WORST COLLISION] scenario=19 k=8 obstacle=0 disc=0
[SQP] after_solve iter=3 converged=1 status=0 iterations=5 primal_residual=4.37023e-10 dual_residual=8.90295e-06 x_size=16 x_finite=1
[SQP LINESEARCH] iter=3 current_violation=3.16364e-07 accepted_violation=0 accepted=1 alpha=1 delta_u_norm=0.146228
[SQP SUPPORT] iter=3 support_size=0 support_limit=-1 support_ok=1
[SQP] before_solve iter=4 vars=16 constraints=121 max_d=-8.79643e-07
[QP WORST] iter=4 row=80 type=collision d=-8.79643e-07
[QP WORST COLLISION] scenario=19 k=8 obstacle=0 disc=0
[SQP] after_solve iter=4 converged=1 status=0 iterations=5 primal_residual=4.53802e-10 dual_residual=6.19489e-06 x_size=16 x_finite=1
[SQP LINESEARCH] iter=4 current_violation=0 accepted_violation=0 accepted=1 alpha=1 delta_u_norm=0.135195
[SQP SUPPORT] iter=4 support_size=0 support_limit=-1 support_ok=1
[SQP] before_solve iter=5 vars=16 constraints=121 max_d=-5.97643e-07
[QP WORST] iter=5 row=70 type=collision d=-5.97643e-07
[QP WORST COLLISION] scenario=19 k=7 obstacle=0 disc=0
[SQP] after_solve iter=5 converged=1 status=0 iterations=5 primal_residual=4.41854e-10 dual_residual=4.6105e-06 x_size=16 x_finite=1
[SQP LINESEARCH] iter=5 current_violation=0 accepted_violation=0 accepted=1 alpha=1 delta_u_norm=0.126439
[SQP SUPPORT] iter=5 support_size=0 support_limit=-1 support_ok=1
[SQP] before_solve iter=6 vars=16 constraints=121 max_d=-3.34326e-07
[QP WORST] iter=6 row=70 type=collision d=-3.34326e-07
[QP WORST COLLISION] scenario=19 k=7 obstacle=0 disc=0
[SQP] after_solve iter=6 converged=1 status=0 iterations=5 primal_residual=4.5981e-10 dual_residual=4.12129e-06 x_size=16 x_finite=1
[SQP LINESEARCH] iter=6 current_violation=0 accepted_violation=0 accepted=1 alpha=1 delta_u_norm=0.118949
[SQP SUPPORT] iter=6 support_size=0 support_limit=-1 support_ok=1
[SQP] before_solve iter=7 vars=16 constraints=121 max_d=-1.86986e-07
[QP WORST] iter=7 row=70 type=collision d=-1.86986e-07
[QP WORST COLLISION] scenario=19 k=7 obstacle=0 disc=0
[SQP] after_solve iter=7 converged=1 status=0 iterations=5 primal_residual=5.64244e-10 dual_residual=4.08504e-06 x_size=16 x_finite=1
[SQP LINESEARCH] iter=7 current_violation=0 accepted_violation=0 accepted=1 alpha=1 delta_u_norm=0.112271
[SQP SUPPORT] iter=7 support_size=0 support_limit=-1 support_ok=1
[SQP] before_solve iter=8 vars=16 constraints=121 max_d=-1.12437e-07
[QP WORST] iter=8 row=70 type=collision d=-1.12437e-07
[QP WORST COLLISION] scenario=19 k=7 obstacle=0 disc=0
[SQP] after_solve iter=8 converged=1 status=0 iterations=5 primal_residual=6.63846e-10 dual_residual=4.16182e-06 x_size=16 x_finite=1
[SQP LINESEARCH] iter=8 current_violation=0 accepted_violation=0 accepted=1 alpha=1 delta_u_norm=0.106187
[SQP SUPPORT] iter=8 support_size=0 support_limit=-1 support_ok=1
[SQP] before_solve iter=9 vars=16 constraints=121 max_d=-7.51219e-08
[QP WORST] iter=9 row=70 type=collision d=-7.51219e-08
[QP WORST COLLISION] scenario=19 k=7 obstacle=0 disc=0
[SQP] after_solve iter=9 converged=1 status=0 iterations=5 primal_residual=7.2879e-10 dual_residual=4.21437e-06 x_size=16 x_finite=1
[SQP LINESEARCH] iter=9 current_violation=0 accepted_violation=0 accepted=1 alpha=1 delta_u_norm=0.100577
[SQP SUPPORT] iter=9 support_size=0 support_limit=-1 support_ok=1
[SQP FINAL] final_violation=0 violated_constraints=0
[SUPPORT FINAL] sqp_union=0 final_active=1 support_limit=-1
[SUPPORT FINAL IDS] 19
[SUPPORT UNION IDS]
[COLD START RECOVERY CHECK] ordinary_sqp_failed=0 seed_available=1 incompatible=0 try_homotopy=0
[HARNESS RESULT] step=32 success=1 controls=8 first_input_present=1
[MPC STEP METRICS] step=32 applied=1 success=1 fallback=0 a=0.135076 omega=-0.799999 dt=0.1 acceleration_weight=0.1 steering_weight=0.1 control_cost_unweighted=0.658243 control_cost_weighted=0.0658243 mpc_cost=-13.0478 solve_time=0.0397153 qp_solve_time=0.0267192 constraint_time=0.00711386 dro_risk_time=0.000415137 ambiguity_radius=0.00270813 certificate=not_requested
[EVAL SAFETY] step=33 min_center_distance=1.3658 min_clearance=0.415805 collision_this_step=0 collision_run=0 collision_radius=0.95
[DRO SUMMARY] step=34 obstacle=0 S=40 rho=0.0026905 rho_raw=0.0026905 D_max=0.0136335 D_min=0.0068334 tv_bound=0.393728 eta=0.197345 eta_raw=0.197345 radius_m=34 radius_d=3 transport_cost=0 budget_usage=0 lambda=0 q_support=3 nominal_risk=0 qstar_risk=0 risk_lift=0 tv=0
[DRO MODE] step=34 obstacle=0 mode=constant_velocity p=0.380282 risk=0 q=0.380282 delta_q=0 q_times_S=15.2113
[DRO MODE] step=34 obstacle=0 mode=turn_left p=0.267606 risk=0 q=0.267606 delta_q=0 q_times_S=10.7042
[DRO MODE] step=34 obstacle=0 mode=turn_right p=0.352113 risk=0 q=0.352113 delta_q=0 q_times_S=14.0845
[DRO SAMPLE] step=34 obstacle=0 mode=constant_velocity q=0.380282 q_times_S=15.2113 first_count=19 first_fraction=0.475 occupancy=152 occupancy_fraction=0.475
[DRO SAMPLE] step=34 obstacle=0 mode=turn_left q=0.267606 q_times_S=10.7042 first_count=10 first_fraction=0.25 occupancy=80 occupancy_fraction=0.25
[DRO SAMPLE] step=34 obstacle=0 mode=turn_right q=0.352113 q_times_S=14.0845 first_count=11 first_fraction=0.275 occupancy=88 occupancy_fraction=0.275
[RF BACKUP] available=1 controls=8 states=9
[FREE POLY] k=1 disc=0 raw=40 facets=5 vertices=8 rho=4.8 anchor_shift=0
[FREE POLY] k=1 disc=1 raw=40 facets=3 vertices=7 rho=0.800001 anchor_shift=0
[FREE POLY] k=1 disc=2 raw=40 facets=4 vertices=7 rho=4.8 anchor_shift=0
[FREE POLY] k=2 disc=0 raw=40 facets=4 vertices=7 rho=5.6 anchor_shift=0
[FREE POLY] k=2 disc=1 raw=40 facets=3 vertices=7 rho=1.6 anchor_shift=0
[FREE POLY] k=2 disc=2 raw=40 facets=5 vertices=8 rho=5.6 anchor_shift=0
[FREE POLY] k=3 disc=0 raw=40 facets=5 vertices=8 rho=6.4 anchor_shift=0
[FREE POLY] k=3 disc=1 raw=40 facets=4 vertices=7 rho=2.4 anchor_shift=0
[FREE POLY] k=3 disc=2 raw=40 facets=6 vertices=9 rho=6.4 anchor_shift=0
[FREE POLY] k=4 disc=0 raw=40 facets=4 vertices=7 rho=7.2 anchor_shift=0
[FREE POLY] k=4 disc=1 raw=40 facets=5 vertices=8 rho=3.2 anchor_shift=0
[FREE POLY] k=4 disc=2 raw=40 facets=5 vertices=8 rho=7.2 anchor_shift=0
[FREE POLY] k=5 disc=0 raw=40 facets=4 vertices=7 rho=8 anchor_shift=0
[FREE POLY] k=5 disc=1 raw=40 facets=7 vertices=10 rho=4 anchor_shift=0
[FREE POLY] k=5 disc=2 raw=40 facets=6 vertices=9 rho=8 anchor_shift=0
[FREE POLY] k=6 disc=0 raw=40 facets=4 vertices=7 rho=8.8 anchor_shift=0
[FREE POLY] k=6 disc=1 raw=40 facets=6 vertices=9 rho=4.8 anchor_shift=0
[FREE POLY] k=6 disc=2 raw=40 facets=6 vertices=9 rho=8.8 anchor_shift=0
[FREE POLY] k=7 disc=0 raw=40 facets=4 vertices=7 rho=9.6 anchor_shift=0
[FREE POLY] k=7 disc=1 raw=40 facets=6 vertices=9 rho=5.6 anchor_shift=0
[FREE POLY] k=7 disc=2 raw=40 facets=6 vertices=9 rho=9.6 anchor_shift=0
[FREE POLY] k=8 disc=0 raw=40 facets=4 vertices=7 rho=10.4 anchor_shift=0
[FREE POLY] k=8 disc=1 raw=40 facets=7 vertices=10 rho=6.4 anchor_shift=0
[FREE POLY] k=8 disc=2 raw=40 facets=6 vertices=9 rho=10.4 anchor_shift=0
[RF SUPPORT SEED] removed=0 support_limit=-1
[SQP] before_solve iter=0 vars=16 constraints=151 max_d=-0.0282256
[QP WORST] iter=0 row=55 type=collision d=-0.0282256
[QP WORST COLLISION] scenario=37 k=5 obstacle=0 disc=0
[SQP] after_solve iter=0 converged=1 status=0 iterations=5 primal_residual=1.14497e-08 dual_residual=3.66198e-05 x_size=16 x_finite=1
[SQP LINESEARCH] iter=0 current_violation=0 accepted_violation=0 accepted=1 alpha=1 delta_u_norm=0.431421
[SQP SUPPORT] iter=0 support_size=0 support_limit=-1 support_ok=1
[SQP] before_solve iter=1 vars=16 constraints=151 max_d=-9.27684e-05
[QP WORST] iter=1 row=72 type=collision d=-9.27684e-05
[QP WORST COLLISION] scenario=37 k=6 obstacle=0 disc=0
[SQP] after_solve iter=1 converged=1 status=0 iterations=5 primal_residual=1.19753e-08 dual_residual=1.60381e-05 x_size=16 x_finite=1
[SQP LINESEARCH] iter=1 current_violation=0 accepted_violation=0 accepted=1 alpha=0.5 delta_u_norm=0.219386
[SQP SUPPORT] iter=1 support_size=0 support_limit=-1 support_ok=1
[SQP] before_solve iter=2 vars=16 constraints=151 max_d=-7.55414e-05
[QP WORST] iter=2 row=72 type=collision d=-7.55414e-05
[QP WORST COLLISION] scenario=37 k=6 obstacle=0 disc=0
[SQP] after_solve iter=2 converged=1 status=0 iterations=5 primal_residual=1.03485e-08 dual_residual=1.88367e-05 x_size=16 x_finite=1
[SQP LINESEARCH] iter=2 current_violation=0 accepted_violation=0 accepted=1 alpha=0.5 delta_u_norm=0.188787
[SQP SUPPORT] iter=2 support_size=0 support_limit=-1 support_ok=1
[SQP] before_solve iter=3 vars=16 constraints=151 max_d=-5.36882e-05
[QP WORST] iter=3 row=72 type=collision d=-5.36882e-05
[QP WORST COLLISION] scenario=37 k=6 obstacle=0 disc=0
[SQP] after_solve iter=3 converged=1 status=0 iterations=5 primal_residual=1.09577e-08 dual_residual=2.17937e-05 x_size=16 x_finite=1
[SQP LINESEARCH] iter=3 current_violation=0 accepted_violation=0 accepted=1 alpha=0.5 delta_u_norm=0.172182
[SQP SUPPORT] iter=3 support_size=0 support_limit=-1 support_ok=1
[SQP] before_solve iter=4 vars=16 constraints=151 max_d=-3.48633e-05
[QP WORST] iter=4 row=72 type=collision d=-3.48633e-05
[QP WORST COLLISION] scenario=37 k=6 obstacle=0 disc=0
[SQP] after_solve iter=4 converged=1 status=0 iterations=5 primal_residual=1.09617e-08 dual_residual=2.45985e-05 x_size=16 x_finite=1
[SQP LINESEARCH] iter=4 current_violation=0 accepted_violation=0 accepted=1 alpha=0.5 delta_u_norm=0.16161
[SQP SUPPORT] iter=4 support_size=0 support_limit=-1 support_ok=1
[SQP] before_solve iter=5 vars=16 constraints=151 max_d=-2.24217e-05
[QP WORST] iter=5 row=72 type=collision d=-2.24217e-05
[QP WORST COLLISION] scenario=37 k=6 obstacle=0 disc=0
[SQP] after_solve iter=5 converged=1 status=0 iterations=5 primal_residual=1.07106e-08 dual_residual=2.65572e-05 x_size=16 x_finite=1
[SQP LINESEARCH] iter=5 current_violation=0 accepted_violation=0 accepted=1 alpha=1 delta_u_norm=0.153595
[SQP SUPPORT] iter=5 support_size=0 support_limit=-1 support_ok=1
[SQP] before_solve iter=6 vars=16 constraints=151 max_d=-6.20732e-07
[QP WORST] iter=6 row=103 type=collision d=-6.20732e-07
[QP WORST COLLISION] scenario=36 k=8 obstacle=0 disc=0
[SQP] after_solve iter=6 converged=1 status=0 iterations=5 primal_residual=1.00294e-08 dual_residual=2.40282e-05 x_size=16 x_finite=1
[SQP LINESEARCH] iter=6 current_violation=0 accepted_violation=0 accepted=1 alpha=1 delta_u_norm=0.140069
[SQP SUPPORT] iter=6 support_size=0 support_limit=-1 support_ok=1
[SQP] before_solve iter=7 vars=16 constraints=151 max_d=-1.24562e-06
[QP WORST] iter=7 row=103 type=collision d=-1.24562e-06
[QP WORST COLLISION] scenario=36 k=8 obstacle=0 disc=0
[SQP] after_solve iter=7 converged=1 status=0 iterations=5 primal_residual=9.28037e-09 dual_residual=1.57977e-05 x_size=16 x_finite=1
[SQP LINESEARCH] iter=7 current_violation=0 accepted_violation=0 accepted=1 alpha=1 delta_u_norm=0.129312
[SQP SUPPORT] iter=7 support_size=0 support_limit=-1 support_ok=1
[SQP] before_solve iter=8 vars=16 constraints=151 max_d=-1.07999e-06
[QP WORST] iter=8 row=103 type=collision d=-1.07999e-06
[QP WORST COLLISION] scenario=36 k=8 obstacle=0 disc=0
[SQP] after_solve iter=8 converged=1 status=0 iterations=5 primal_residual=8.37137e-09 dual_residual=1.11288e-05 x_size=16 x_finite=1
[SQP LINESEARCH] iter=8 current_violation=0 accepted_violation=0 accepted=1 alpha=1 delta_u_norm=0.120727
[SQP SUPPORT] iter=8 support_size=0 support_limit=-1 support_ok=1
[SQP] before_solve iter=9 vars=16 constraints=151 max_d=-8.34079e-07
[QP WORST] iter=9 row=103 type=collision d=-8.34079e-07
[QP WORST COLLISION] scenario=36 k=8 obstacle=0 disc=0
[SQP] after_solve iter=9 converged=1 status=0 iterations=5 primal_residual=8.29569e-09 dual_residual=1.07091e-05 x_size=16 x_finite=1
[SQP LINESEARCH] iter=9 current_violation=0 accepted_violation=0 accepted=1 alpha=1 delta_u_norm=0.113544
[SQP SUPPORT] iter=9 support_size=0 support_limit=-1 support_ok=1
[SQP FINAL] final_violation=0 violated_constraints=0
[SUPPORT FINAL] sqp_union=0 final_active=3 support_limit=-1
[SUPPORT FINAL IDS] 24 36 37
[SUPPORT UNION IDS]
[COLD START RECOVERY CHECK] ordinary_sqp_failed=0 seed_available=1 incompatible=0 try_homotopy=0
[HARNESS RESULT] step=33 success=1 controls=8 first_input_present=1
[MPC STEP METRICS] step=33 applied=1 success=1 fallback=0 a=0.0121628 omega=-0.799832 dt=0.1 acceleration_weight=0.1 steering_weight=0.1 control_cost_unweighted=0.639879 control_cost_weighted=0.0639879 mpc_cost=-13.7315 solve_time=0.040716 qp_solve_time=0.0271715 constraint_time=0.00773688 dro_risk_time=0.000406861 ambiguity_radius=0.0026905 certificate=not_requested
[EVAL SAFETY] step=34 min_center_distance=1.47265 min_clearance=0.522655 collision_this_step=0 collision_run=0 collision_radius=0.95
[DRO SUMMARY] step=35 obstacle=0 S=40 rho=0.00263262 rho_raw=0.00263262 D_max=0.0136335 D_min=0.0068334 tv_bound=0.385258 eta=0.1931 eta_raw=0.1931 radius_m=35 radius_d=3 transport_cost=0.00263262 budget_usage=1 lambda=1.58975 q_support=2 nominal_risk=0.0363299 qstar_risk=0.0409111 risk_lift=0.00458123 tv=0.342466
[DRO MODE] step=35 obstacle=0 mode=constant_velocity p=0.39726 risk=0.0376326 q=0.696724 delta_q=0.299464 q_times_S=27.869
[DRO MODE] step=35 obstacle=0 mode=turn_left p=0.260274 risk=0.0484431 q=0.303276 delta_q=0.0430017 q_times_S=12.131
[DRO MODE] step=35 obstacle=0 mode=turn_right p=0.342466 risk=0.0256128 q=0 delta_q=-0.342466 q_times_S=0
[DRO SAMPLE] step=35 obstacle=0 mode=constant_velocity q=0.696724 q_times_S=27.869 first_count=24 first_fraction=0.6 occupancy=192 occupancy_fraction=0.6
[DRO SAMPLE] step=35 obstacle=0 mode=turn_left q=0.303276 q_times_S=12.131 first_count=16 first_fraction=0.4 occupancy=128 occupancy_fraction=0.4
[DRO SAMPLE] step=35 obstacle=0 mode=turn_right q=0 q_times_S=0 first_count=0 first_fraction=0 occupancy=0 occupancy_fraction=0
[RF BACKUP] available=1 controls=8 states=9
[FREE POLY] k=1 disc=0 raw=40 facets=3 vertices=6 rho=4.8 anchor_shift=0
[FREE POLY] k=1 disc=1 raw=40 facets=3 vertices=7 rho=0.800001 anchor_shift=0
[FREE POLY] k=1 disc=2 raw=40 facets=4 vertices=7 rho=4.8 anchor_shift=0
[FREE POLY] k=2 disc=0 raw=40 facets=3 vertices=6 rho=5.6 anchor_shift=0
[FREE POLY] k=2 disc=1 raw=40 facets=3 vertices=6 rho=1.6 anchor_shift=0
[FREE POLY] k=2 disc=2 raw=40 facets=4 vertices=7 rho=5.6 anchor_shift=0
[FREE POLY] k=3 disc=0 raw=40 facets=3 vertices=6 rho=6.4 anchor_shift=0
[FREE POLY] k=3 disc=1 raw=40 facets=4 vertices=7 rho=2.4 anchor_shift=0
[FREE POLY] k=3 disc=2 raw=40 facets=5 vertices=8 rho=6.4 anchor_shift=0
[FREE POLY] k=4 disc=0 raw=40 facets=4 vertices=7 rho=7.2 anchor_shift=0
[FREE POLY] k=4 disc=1 raw=40 facets=4 vertices=7 rho=3.2 anchor_shift=0
[FREE POLY] k=4 disc=2 raw=40 facets=5 vertices=8 rho=7.2 anchor_shift=0
[FREE POLY] k=5 disc=0 raw=40 facets=5 vertices=8 rho=8 anchor_shift=0
[FREE POLY] k=5 disc=1 raw=40 facets=5 vertices=8 rho=4 anchor_shift=0
[FREE POLY] k=5 disc=2 raw=40 facets=3 vertices=6 rho=8 anchor_shift=0
[FREE POLY] k=6 disc=0 raw=40 facets=5 vertices=8 rho=8.8 anchor_shift=0
[FREE POLY] k=6 disc=1 raw=40 facets=3 vertices=6 rho=4.8 anchor_shift=0
[FREE POLY] k=6 disc=2 raw=40 facets=3 vertices=6 rho=8.8 anchor_shift=0
[FREE POLY] k=7 disc=0 raw=40 facets=6 vertices=9 rho=9.6 anchor_shift=0
[FREE POLY] k=7 disc=1 raw=40 facets=3 vertices=6 rho=5.6 anchor_shift=0
[FREE POLY] k=7 disc=2 raw=40 facets=3 vertices=6 rho=9.6 anchor_shift=0
[FREE POLY] k=8 disc=0 raw=40 facets=4 vertices=6 rho=10.4 anchor_shift=0
[FREE POLY] k=8 disc=1 raw=40 facets=3 vertices=6 rho=6.4 anchor_shift=0
[FREE POLY] k=8 disc=2 raw=40 facets=3 vertices=6 rho=10.4 anchor_shift=0
[RF SUPPORT SEED] removed=0 support_limit=-1
[SQP] before_solve iter=0 vars=16 constraints=123 max_d=0.0205028
[QP WORST] iter=0 row=73 type=collision d=0.0205028
[QP WORST COLLISION] scenario=24 k=7 obstacle=0 disc=0
[SQP] after_solve iter=0 converged=1 status=0 iterations=4 primal_residual=4.16334e-16 dual_residual=8.96025e-05 x_size=16 x_finite=1
[SQP LINESEARCH] iter=0 current_violation=0.0205028 accepted_violation=2.63053e-05 accepted=1 alpha=1 delta_u_norm=0.348438
[SQP SUPPORT] iter=0 support_size=0 support_limit=-1 support_ok=1
[SQP] before_solve iter=1 vars=16 constraints=123 max_d=2.63053e-05
[QP WORST] iter=1 row=83 type=collision d=2.63053e-05
[QP WORST COLLISION] scenario=24 k=8 obstacle=0 disc=0
[SQP] after_solve iter=1 converged=1 status=0 iterations=5 primal_residual=4.33681e-16 dual_residual=1.6798e-05 x_size=16 x_finite=1
[SQP LINESEARCH] iter=1 current_violation=2.63053e-05 accepted_violation=0 accepted=1 alpha=1 delta_u_norm=0.204547
[SQP SUPPORT] iter=1 support_size=0 support_limit=-1 support_ok=1
[SQP] before_solve iter=2 vars=16 constraints=123 max_d=-1.40435e-05
[QP WORST] iter=2 row=83 type=collision d=-1.40435e-05
[QP WORST COLLISION] scenario=24 k=8 obstacle=0 disc=0
[SQP] after_solve iter=2 converged=1 status=0 iterations=5 primal_residual=2.08386e-07 dual_residual=7.77186e-05 x_size=16 x_finite=1
[SQP LINESEARCH] iter=2 current_violation=0 accepted_violation=0 accepted=1 alpha=1 delta_u_norm=0.160486
[SQP SUPPORT] iter=2 support_size=0 support_limit=-1 support_ok=1
[SQP] before_solve iter=3 vars=16 constraints=123 max_d=-6.35997e-06
[QP WORST] iter=3 row=45 type=collision d=-6.35997e-06
[QP WORST COLLISION] scenario=3 k=5 obstacle=0 disc=0
[SQP] after_solve iter=3 converged=1 status=0 iterations=5 primal_residual=1.86341e-07 dual_residual=7.17914e-05 x_size=16 x_finite=1
[SQP LINESEARCH] iter=3 current_violation=0 accepted_violation=0 accepted=1 alpha=1 delta_u_norm=0.14845
[SQP SUPPORT] iter=3 support_size=0 support_limit=-1 support_ok=1
[SQP] before_solve iter=4 vars=16 constraints=123 max_d=-4.49551e-06
[QP WORST] iter=4 row=45 type=collision d=-4.49551e-06
[QP WORST COLLISION] scenario=3 k=5 obstacle=0 disc=0
[SQP] after_solve iter=4 converged=1 status=0 iterations=5 primal_residual=1.82118e-07 dual_residual=6.99988e-05 x_size=16 x_finite=1
[SQP LINESEARCH] iter=4 current_violation=0 accepted_violation=0 accepted=1 alpha=1 delta_u_norm=0.139058
[SQP SUPPORT] iter=4 support_size=0 support_limit=-1 support_ok=1
[SQP] before_solve iter=5 vars=16 constraints=123 max_d=-4.35322e-06
[QP WORST] iter=5 row=45 type=collision d=-4.35322e-06
[QP WORST COLLISION] scenario=3 k=5 obstacle=0 disc=0
[SQP] after_solve iter=5 converged=1 status=0 iterations=5 primal_residual=1.80929e-07 dual_residual=6.9642e-05 x_size=16 x_finite=1
[SQP LINESEARCH] iter=5 current_violation=0 accepted_violation=0 accepted=1 alpha=1 delta_u_norm=0.130589
[SQP SUPPORT] iter=5 support_size=0 support_limit=-1 support_ok=1
[SQP] before_solve iter=6 vars=16 constraints=123 max_d=-4.51225e-06
[QP WORST] iter=6 row=45 type=collision d=-4.51225e-06
[QP WORST COLLISION] scenario=3 k=5 obstacle=0 disc=0
[SQP] after_solve iter=6 converged=1 status=0 iterations=5 primal_residual=1.81873e-07 dual_residual=7.00902e-05 x_size=16 x_finite=1
[SQP LINESEARCH] iter=6 current_violation=0 accepted_violation=0 accepted=1 alpha=1 delta_u_norm=0.122841
[SQP SUPPORT] iter=6 support_size=0 support_limit=-1 support_ok=1
[SQP] before_solve iter=7 vars=16 constraints=123 max_d=-4.74583e-06
[QP WORST] iter=7 row=45 type=collision d=-4.74583e-06
[QP WORST COLLISION] scenario=3 k=5 obstacle=0 disc=0
[SQP] after_solve iter=7 converged=1 status=0 iterations=5 primal_residual=1.83538e-07 dual_residual=7.08157e-05 x_size=16 x_finite=1
[SQP LINESEARCH] iter=7 current_violation=0 accepted_violation=0 accepted=1 alpha=1 delta_u_norm=0.115712
[SQP SUPPORT] iter=7 support_size=0 support_limit=-1 support_ok=1
[SQP] before_solve iter=8 vars=16 constraints=123 max_d=-5.04855e-06
[QP WORST] iter=8 row=45 type=collision d=-5.04855e-06
[QP WORST COLLISION] scenario=3 k=5 obstacle=0 disc=0
[SQP] after_solve iter=8 converged=1 status=0 iterations=5 primal_residual=1.93264e-07 dual_residual=7.49998e-05 x_size=16 x_finite=1
[SQP LINESEARCH] iter=8 current_violation=0 accepted_violation=0 accepted=1 alpha=1 delta_u_norm=0.109137
[SQP SUPPORT] iter=8 support_size=0 support_limit=-1 support_ok=1
[SQP] before_solve iter=9 vars=16 constraints=123 max_d=-5.28166e-06
[QP WORST] iter=9 row=45 type=collision d=-5.28166e-06
[QP WORST COLLISION] scenario=3 k=5 obstacle=0 disc=0
[SQP] after_solve iter=9 converged=1 status=0 iterations=5 primal_residual=2.13859e-07 dual_residual=8.44329e-05 x_size=16 x_finite=1
[SQP LINESEARCH] iter=9 current_violation=0 accepted_violation=0 accepted=1 alpha=1 delta_u_norm=0.103067
[SQP SUPPORT] iter=9 support_size=0 support_limit=-1 support_ok=1
[SQP FINAL] final_violation=0 violated_constraints=0
[SUPPORT FINAL] sqp_union=0 final_active=2 support_limit=-1
[SUPPORT FINAL IDS] 3 24
[SUPPORT UNION IDS]
[COLD START RECOVERY CHECK] ordinary_sqp_failed=0 seed_available=1 incompatible=0 try_homotopy=0
[HARNESS RESULT] step=34 success=1 controls=8 first_input_present=1
[MPC STEP METRICS] step=34 applied=1 success=1 fallback=0 a=-0.0805157 omega=-0.796402 dt=0.1 acceleration_weight=0.1 steering_weight=0.1 control_cost_unweighted=0.64074 control_cost_weighted=0.064074 mpc_cost=-14.3407 solve_time=0.0369264 qp_solve_time=0.0238116 constraint_time=0.00729141 dro_risk_time=0.000406802 ambiguity_radius=0.00263262 certificate=not_requested
[EVAL SAFETY] step=35 min_center_distance=1.58531 min_clearance=0.635313 collision_this_step=0 collision_run=0 collision_radius=0.95
[DRO SUMMARY] step=36 obstacle=0 S=40 rho=0.00257692 rho_raw=0.00257692 D_max=0.0136335 D_min=0.0068334 tv_bound=0.377106 eta=0.189014 eta_raw=0.189014 radius_m=36 radius_d=3 transport_cost=0.00257692 budget_usage=1 lambda=0.730476 q_support=3 nominal_risk=0.00153478 qstar_risk=0.00341715 risk_lift=0.00188238 tv=0.377106
[DRO MODE] step=36 obstacle=0 mode=constant_velocity p=0.413333 risk=0.000405342 q=0.0362273 delta_q=-0.377106 q_times_S=1.44909
[DRO MODE] step=36 obstacle=0 mode=turn_left p=0.253333 risk=0.00539698 q=0.630439 delta_q=0.377106 q_times_S=25.2176
[DRO MODE] step=36 obstacle=0 mode=turn_right p=0.333333 risk=0 q=0.333333 delta_q=-5.55112e-17 q_times_S=13.3333
[DRO SAMPLE] step=36 obstacle=0 mode=constant_velocity q=0.0362273 q_times_S=1.44909 first_count=1 first_fraction=0.025 occupancy=8 occupancy_fraction=0.025
[DRO SAMPLE] step=36 obstacle=0 mode=turn_left q=0.630439 q_times_S=25.2176 first_count=24 first_fraction=0.6 occupancy=192 occupancy_fraction=0.6
[DRO SAMPLE] step=36 obstacle=0 mode=turn_right q=0.333333 q_times_S=13.3333 first_count=15 first_fraction=0.375 occupancy=120 occupancy_fraction=0.375
[RF BACKUP] available=1 controls=8 states=9
[FREE POLY] k=1 disc=0 raw=40 facets=3 vertices=6 rho=4.8 anchor_shift=0
[FREE POLY] k=1 disc=1 raw=40 facets=2 vertices=6 rho=0.800001 anchor_shift=0
[FREE POLY] k=1 disc=2 raw=40 facets=3 vertices=6 rho=4.8 anchor_shift=0
[FREE POLY] k=2 disc=0 raw=40 facets=4 vertices=7 rho=5.6 anchor_shift=0
[FREE POLY] k=2 disc=1 raw=40 facets=3 vertices=6 rho=1.6 anchor_shift=0
[FREE POLY] k=2 disc=2 raw=40 facets=3 vertices=6 rho=5.6 anchor_shift=0
[FREE POLY] k=3 disc=0 raw=40 facets=4 vertices=7 rho=6.4 anchor_shift=0
[FREE POLY] k=3 disc=1 raw=40 facets=3 vertices=6 rho=2.4 anchor_shift=0
[FREE POLY] k=3 disc=2 raw=40 facets=3 vertices=6 rho=6.4 anchor_shift=0
[FREE POLY] k=4 disc=0 raw=40 facets=6 vertices=9 rho=7.2 anchor_shift=0
[FREE POLY] k=4 disc=1 raw=40 facets=4 vertices=7 rho=3.2 anchor_shift=0
[FREE POLY] k=4 disc=2 raw=40 facets=4 vertices=7 rho=7.2 anchor_shift=0
[FREE POLY] k=5 disc=0 raw=40 facets=5 vertices=8 rho=8 anchor_shift=0
[FREE POLY] k=5 disc=1 raw=40 facets=2 vertices=5 rho=4 anchor_shift=0
[FREE POLY] k=5 disc=2 raw=40 facets=2 vertices=5 rho=8 anchor_shift=0
[FREE POLY] k=6 disc=0 raw=40 facets=4 vertices=7 rho=8.8 anchor_shift=0
[FREE POLY] k=6 disc=1 raw=40 facets=2 vertices=5 rho=4.8 anchor_shift=0
[FREE POLY] k=6 disc=2 raw=40 facets=2 vertices=5 rho=8.8 anchor_shift=0
[FREE POLY] k=7 disc=0 raw=40 facets=3 vertices=5 rho=9.6 anchor_shift=0
[FREE POLY] k=7 disc=1 raw=40 facets=2 vertices=5 rho=5.6 anchor_shift=0
[FREE POLY] k=7 disc=2 raw=40 facets=3 vertices=6 rho=9.6 anchor_shift=0
[FREE POLY] k=8 disc=0 raw=40 facets=3 vertices=5 rho=10.4 anchor_shift=0
[FREE POLY] k=8 disc=1 raw=40 facets=3 vertices=6 rho=6.4 anchor_shift=0
[FREE POLY] k=8 disc=2 raw=40 facets=3 vertices=6 rho=10.4 anchor_shift=0
[RF SUPPORT SEED] removed=0 support_limit=-1
[SQP] before_solve iter=0 vars=16 constraints=108 max_d=-0.0280754
[QP WORST] iter=0 row=32 type=collision d=-0.0280754
[QP WORST COLLISION] scenario=24 k=4 obstacle=0 disc=0
[SQP] after_solve iter=0 converged=1 status=0 iterations=5 primal_residual=4.30211e-16 dual_residual=1.95928e-05 x_size=16 x_finite=1
[SQP LINESEARCH] iter=0 current_violation=0 accepted_violation=0 accepted=1 alpha=1 delta_u_norm=0.495326
[SQP SUPPORT] iter=0 support_size=0 support_limit=-1 support_ok=1
[SQP] before_solve iter=1 vars=16 constraints=108 max_d=-0.00012313
[QP WORST] iter=1 row=43 type=collision d=-0.00012313
[QP WORST COLLISION] scenario=3 k=5 obstacle=0 disc=0
[SQP] after_solve iter=1 converged=1 status=0 iterations=4 primal_residual=3.60822e-16 dual_residual=7.73185e-05 x_size=16 x_finite=1
[SQP LINESEARCH] iter=1 current_violation=0 accepted_violation=0 accepted=1 alpha=0.5 delta_u_norm=0.295509
[SQP SUPPORT] iter=1 support_size=0 support_limit=-1 support_ok=1
[SQP] before_solve iter=2 vars=16 constraints=108 max_d=-0.000277351
[QP WORST] iter=2 row=52 type=collision d=-0.000277351
[QP WORST COLLISION] scenario=3 k=6 obstacle=0 disc=0
[SQP] after_solve iter=2 converged=1 status=0 iterations=4 primal_residual=3.62557e-16 dual_residual=7.70992e-05 x_size=16 x_finite=1
[SQP LINESEARCH] iter=2 current_violation=0 accepted_violation=0 accepted=1 alpha=0.5 delta_u_norm=0.257536
[SQP SUPPORT] iter=2 support_size=0 support_limit=-1 support_ok=1
[SQP] before_solve iter=3 vars=16 constraints=108 max_d=-0.000139435
[QP WORST] iter=3 row=52 type=collision d=-0.000139435
[QP WORST COLLISION] scenario=3 k=6 obstacle=0 disc=0
[SQP] after_solve iter=3 converged=1 status=0 iterations=4 primal_residual=4.06332e-09 dual_residual=8.15804e-05 x_size=16 x_finite=1
[SQP LINESEARCH] iter=3 current_violation=0 accepted_violation=0 accepted=1 alpha=1 delta_u_norm=0.234268
[SQP SUPPORT] iter=3 support_size=0 support_limit=-1 support_ok=1
[SQP] before_solve iter=4 vars=16 constraints=108 max_d=-1.50273e-05
[QP WORST] iter=4 row=43 type=collision d=-1.50273e-05
[QP WORST COLLISION] scenario=3 k=5 obstacle=0 disc=0
[SQP] after_solve iter=4 converged=1 status=0 iterations=5 primal_residual=3.62557e-16 dual_residual=1.65099e-05 x_size=16 x_finite=1
[SQP LINESEARCH] iter=4 current_violation=0 accepted_violation=0 accepted=1 alpha=1 delta_u_norm=0.208967
[SQP SUPPORT] iter=4 support_size=0 support_limit=-1 support_ok=1
[SQP] before_solve iter=5 vars=16 constraints=108 max_d=-9.20477e-07
[QP WORST] iter=5 row=60 type=collision d=-9.20477e-07
[QP WORST COLLISION] scenario=3 k=7 obstacle=0 disc=0
[SQP] after_solve iter=5 converged=1 status=0 iterations=5 primal_residual=4.23273e-16 dual_residual=1.26237e-05 x_size=16 x_finite=1
[SQP LINESEARCH] iter=5 current_violation=0 accepted_violation=0 accepted=1 alpha=1 delta_u_norm=0.148832
[SQP SUPPORT] iter=5 support_size=0 support_limit=-1 support_ok=1
[SQP] before_solve iter=6 vars=16 constraints=108 max_d=-5.73428e-06
[QP WORST] iter=6 row=60 type=collision d=-5.73428e-06
[QP WORST COLLISION] scenario=3 k=7 obstacle=0 disc=0
[SQP] after_solve iter=6 converged=1 status=0 iterations=5 primal_residual=4.02456e-16 dual_residual=1.46109e-05 x_size=16 x_finite=1
[SQP LINESEARCH] iter=6 current_violation=0 accepted_violation=0 accepted=1 alpha=1 delta_u_norm=0.131156
[SQP SUPPORT] iter=6 support_size=0 support_limit=-1 support_ok=1
[SQP] before_solve iter=7 vars=16 constraints=108 max_d=-1.15723e-05
[QP WORST] iter=7 row=60 type=collision d=-1.15723e-05
[QP WORST COLLISION] scenario=3 k=7 obstacle=0 disc=0
[SQP] after_solve iter=7 converged=1 status=0 iterations=5 primal_residual=3.95517e-16 dual_residual=8.71094e-06 x_size=16 x_finite=1
[SQP LINESEARCH] iter=7 current_violation=0 accepted_violation=0 accepted=1 alpha=1 delta_u_norm=0.121538
[SQP SUPPORT] iter=7 support_size=0 support_limit=-1 support_ok=1
[SQP] before_solve iter=8 vars=16 constraints=108 max_d=-1.20158e-05
[QP WORST] iter=8 row=60 type=collision d=-1.20158e-05
[QP WORST COLLISION] scenario=3 k=7 obstacle=0 disc=0
[SQP] after_solve iter=8 converged=1 status=0 iterations=5 primal_residual=4.03443e-09 dual_residual=9.94634e-06 x_size=16 x_finite=1
[SQP LINESEARCH] iter=8 current_violation=0 accepted_violation=0 accepted=1 alpha=1 delta_u_norm=0.113591
[SQP SUPPORT] iter=8 support_size=0 support_limit=-1 support_ok=1
[SQP] before_solve iter=9 vars=16 constraints=108 max_d=-1.71787e-06
[QP WORST] iter=9 row=32 type=collision d=-1.71787e-06
[QP WORST COLLISION] scenario=24 k=4 obstacle=0 disc=0
[SQP] after_solve iter=9 converged=1 status=0 iterations=5 primal_residual=7.05738e-09 dual_residual=1.26331e-05 x_size=16 x_finite=1
[SQP LINESEARCH] iter=9 current_violation=0 accepted_violation=0 accepted=1 alpha=1 delta_u_norm=0.10702
[SQP SUPPORT] iter=9 support_size=0 support_limit=-1 support_ok=1
[SQP FINAL] final_violation=0 violated_constraints=0
[SUPPORT FINAL] sqp_union=0 final_active=2 support_limit=-1
[SUPPORT FINAL IDS] 3 24
[SUPPORT UNION IDS]
[COLD START RECOVERY CHECK] ordinary_sqp_failed=0 seed_available=1 incompatible=0 try_homotopy=0
[HARNESS RESULT] step=35 success=1 controls=8 first_input_present=1
[MPC STEP METRICS] step=35 applied=1 success=1 fallback=0 a=-0.13525 omega=0.360398 dt=0.1 acceleration_weight=0.1 steering_weight=0.1 control_cost_unweighted=0.148179 control_cost_weighted=0.0148179 mpc_cost=-15.0601 solve_time=0.035481 qp_solve_time=0.0230632 constraint_time=0.00668804 dro_risk_time=0.000403055 ambiguity_radius=0.00257692 certificate=not_requested
[EVAL SAFETY] step=36 min_center_distance=1.50483 min_clearance=0.554833 collision_this_step=0 collision_run=0 collision_radius=0.95
[DRO SUMMARY] step=37 obstacle=0 S=40 rho=0.0025233 rho_raw=0.0025233 D_max=0.0136335 D_min=0.0068334 tv_bound=0.369259 eta=0.185081 eta_raw=0.185081 radius_m=37 radius_d=3 transport_cost=0.0025233 budget_usage=1 lambda=0.976718 q_support=2 nominal_risk=0.0389744 qstar_risk=0.0420663 risk_lift=0.00309188 tv=0.324675
[DRO MODE] step=37 obstacle=0 mode=constant_velocity p=0.428571 risk=0.0401299 q=0.708444 delta_q=0.279873 q_times_S=28.3378
[DRO MODE] step=37 obstacle=0 mode=turn_left p=0.246753 risk=0.0467716 q=0.291556 delta_q=0.0448023 q_times_S=11.6622
[DRO MODE] step=37 obstacle=0 mode=turn_right p=0.324675 risk=0.0315234 q=0 delta_q=-0.324675 q_times_S=0
[DRO SAMPLE] step=37 obstacle=0 mode=constant_velocity q=0.708444 q_times_S=28.3378 first_count=26 first_fraction=0.65 occupancy=208 occupancy_fraction=0.65
[DRO SAMPLE] step=37 obstacle=0 mode=turn_left q=0.291556 q_times_S=11.6622 first_count=14 first_fraction=0.35 occupancy=112 occupancy_fraction=0.35
[DRO SAMPLE] step=37 obstacle=0 mode=turn_right q=0 q_times_S=0 first_count=0 first_fraction=0 occupancy=0 occupancy_fraction=0
[RF BACKUP] available=1 controls=8 states=9
[FREE POLY] k=1 disc=0 raw=40 facets=3 vertices=6 rho=4.8 anchor_shift=0
[FREE POLY] k=1 disc=1 raw=40 facets=1 vertices=5 rho=0.800001 anchor_shift=0
[FREE POLY] k=1 disc=2 raw=40 facets=3 vertices=6 rho=4.8 anchor_shift=0
[FREE POLY] k=2 disc=0 raw=40 facets=5 vertices=8 rho=5.6 anchor_shift=0
[FREE POLY] k=2 disc=1 raw=40 facets=2 vertices=5 rho=1.6 anchor_shift=0
[FREE POLY] k=2 disc=2 raw=40 facets=3 vertices=6 rho=5.6 anchor_shift=0
[FREE POLY] k=3 disc=0 raw=40 facets=4 vertices=7 rho=6.4 anchor_shift=0
[FREE POLY] k=3 disc=1 raw=40 facets=2 vertices=5 rho=2.4 anchor_shift=0
[FREE POLY] k=3 disc=2 raw=40 facets=3 vertices=6 rho=6.4 anchor_shift=0
[FREE POLY] k=4 disc=0 raw=40 facets=5 vertices=8 rho=7.2 anchor_shift=0
[FREE POLY] k=4 disc=1 raw=40 facets=2 vertices=5 rho=3.2 anchor_shift=0
[FREE POLY] k=4 disc=2 raw=40 facets=3 vertices=6 rho=7.2 anchor_shift=0
[FREE POLY] k=5 disc=0 raw=40 facets=3 vertices=6 rho=8 anchor_shift=0
[FREE POLY] k=5 disc=1 raw=40 facets=2 vertices=5 rho=4 anchor_shift=0
[FREE POLY] k=5 disc=2 raw=40 facets=3 vertices=6 rho=8 anchor_shift=0
[FREE POLY] k=6 disc=0 raw=40 facets=3 vertices=5 rho=8.8 anchor_shift=0
[FREE POLY] k=6 disc=1 raw=40 facets=2 vertices=5 rho=4.8 anchor_shift=0
[FREE POLY] k=6 disc=2 raw=40 facets=3 vertices=6 rho=8.8 anchor_shift=0
[FREE POLY] k=7 disc=0 raw=40 facets=3 vertices=6 rho=9.6 anchor_shift=0
[FREE POLY] k=7 disc=1 raw=40 facets=3 vertices=6 rho=5.6 anchor_shift=0
[FREE POLY] k=7 disc=2 raw=40 facets=3 vertices=6 rho=9.6 anchor_shift=0
[FREE POLY] k=8 disc=0 raw=40 facets=4 vertices=7 rho=10.4 anchor_shift=0
[FREE POLY] k=8 disc=1 raw=40 facets=4 vertices=7 rho=6.4 anchor_shift=0
[FREE POLY] k=8 disc=2 raw=40 facets=3 vertices=6 rho=10.4 anchor_shift=0
[RF SUPPORT SEED] removed=0 support_limit=-1
[SQP] before_solve iter=0 vars=16 constraints=104 max_d=-0.00113734
[QP WORST] iter=0 row=54 type=collision d=-0.00113734
[QP WORST COLLISION] scenario=16 k=7 obstacle=0 disc=0
[SQP] after_solve iter=0 converged=1 status=0 iterations=5 primal_residual=3.14406e-08 dual_residual=1.32459e-05 x_size=16 x_finite=1
[SQP LINESEARCH] iter=0 current_violation=0 accepted_violation=0 accepted=1 alpha=0.5 delta_u_norm=0.293806
[SQP SUPPORT] iter=0 support_size=0 support_limit=-1 support_ok=1
[SQP] before_solve iter=1 vars=16 constraints=104 max_d=-0.00061118
[QP WORST] iter=1 row=54 type=collision d=-0.00061118
[QP WORST COLLISION] scenario=16 k=7 obstacle=0 disc=0
[SQP] after_solve iter=1 converged=1 status=0 iterations=5 primal_residual=3.88578e-16 dual_residual=1.174e-05 x_size=16 x_finite=1
[SQP LINESEARCH] iter=1 current_violation=0 accepted_violation=0 accepted=1 alpha=0.5 delta_u_norm=0.245912
[SQP SUPPORT] iter=1 support_size=0 support_limit=-1 support_ok=1
[SQP] before_solve iter=2 vars=16 constraints=104 max_d=-0.000343723
[QP WORST] iter=2 row=54 type=collision d=-0.000343723
[QP WORST COLLISION] scenario=16 k=7 obstacle=0 disc=0
[SQP] after_solve iter=2 converged=1 status=0 iterations=5 primal_residual=1.28065e-08 dual_residual=1.46403e-05 x_size=16 x_finite=1
[SQP LINESEARCH] iter=2 current_violation=0 accepted_violation=0 accepted=1 alpha=0.5 delta_u_norm=0.217655
[SQP SUPPORT] iter=2 support_size=0 support_limit=-1 support_ok=1
[SQP] before_solve iter=3 vars=16 constraints=104 max_d=-0.00023028
[QP WORST] iter=3 row=54 type=collision d=-0.00023028
[QP WORST COLLISION] scenario=16 k=7 obstacle=0 disc=0
[SQP] after_solve iter=3 converged=1 status=0 iterations=5 primal_residual=2.13399e-08 dual_residual=2.39735e-05 x_size=16 x_finite=1
[SQP LINESEARCH] iter=3 current_violation=0 accepted_violation=0 accepted=1 alpha=1 delta_u_norm=0.199363
[SQP SUPPORT] iter=3 support_size=0 support_limit=-1 support_ok=1
[SQP] before_solve iter=4 vars=16 constraints=104 max_d=-3.12344e-06
[QP WORST] iter=4 row=29 type=collision d=-3.12344e-06
[QP WORST COLLISION] scenario=35 k=4 obstacle=0 disc=0
[SQP] after_solve iter=4 converged=1 status=0 iterations=5 primal_residual=4.87126e-08 dual_residual=3.91766e-05 x_size=16 x_finite=1
[SQP LINESEARCH] iter=4 current_violation=0 accepted_violation=0 accepted=1 alpha=1 delta_u_norm=0.175193
[SQP SUPPORT] iter=4 support_size=0 support_limit=-1 support_ok=1
[SQP] before_solve iter=5 vars=16 constraints=104 max_d=-5.57875e-06
[QP WORST] iter=5 row=29 type=collision d=-5.57875e-06
[QP WORST COLLISION] scenario=35 k=4 obstacle=0 disc=0
[SQP] after_solve iter=5 converged=1 status=0 iterations=5 primal_residual=5.40814e-08 dual_residual=4.41786e-05 x_size=16 x_finite=1
[SQP LINESEARCH] iter=5 current_violation=0 accepted_violation=0 accepted=1 alpha=1 delta_u_norm=0.160208
[SQP SUPPORT] iter=5 support_size=0 support_limit=-1 support_ok=1
[SQP] before_solve iter=6 vars=16 constraints=104 max_d=-4.25821e-06
[QP WORST] iter=6 row=29 type=collision d=-4.25821e-06
[QP WORST COLLISION] scenario=35 k=4 obstacle=0 disc=0
[SQP] after_solve iter=6 converged=1 status=0 iterations=5 primal_residual=6.05923e-08 dual_residual=4.84492e-05 x_size=16 x_finite=1
[SQP LINESEARCH] iter=6 current_violation=0 accepted_violation=0 accepted=1 alpha=1 delta_u_norm=0.148303
[SQP SUPPORT] iter=6 support_size=0 support_limit=-1 support_ok=1
[SQP] before_solve iter=7 vars=16 constraints=104 max_d=-3.5565e-06
[QP WORST] iter=7 row=29 type=collision d=-3.5565e-06
[QP WORST COLLISION] scenario=35 k=4 obstacle=0 disc=0
[SQP] after_solve iter=7 converged=1 status=0 iterations=5 primal_residual=6.62096e-08 dual_residual=5.29338e-05 x_size=16 x_finite=1
[SQP LINESEARCH] iter=7 current_violation=0 accepted_violation=0 accepted=1 alpha=1 delta_u_norm=0.137936
[SQP SUPPORT] iter=7 support_size=0 support_limit=-1 support_ok=1
[SQP] before_solve iter=8 vars=16 constraints=104 max_d=-3.32016e-06
[QP WORST] iter=8 row=29 type=collision d=-3.32016e-06
[QP WORST COLLISION] scenario=35 k=4 obstacle=0 disc=0
[SQP] after_solve iter=8 converged=1 status=0 iterations=5 primal_residual=7.22916e-08 dual_residual=5.77721e-05 x_size=16 x_finite=1
[SQP LINESEARCH] iter=8 current_violation=0 accepted_violation=0 accepted=1 alpha=1 delta_u_norm=0.128667
[SQP SUPPORT] iter=8 support_size=0 support_limit=-1 support_ok=1
[SQP] before_solve iter=9 vars=16 constraints=104 max_d=-3.32535e-06
[QP WORST] iter=9 row=29 type=collision d=-3.32535e-06
[QP WORST COLLISION] scenario=35 k=4 obstacle=0 disc=0
[SQP] after_solve iter=9 converged=1 status=0 iterations=5 primal_residual=7.90847e-08 dual_residual=6.27628e-05 x_size=16 x_finite=1
[SQP LINESEARCH] iter=9 current_violation=0 accepted_violation=0 accepted=1 alpha=1 delta_u_norm=0.1203
[SQP SUPPORT] iter=9 support_size=0 support_limit=-1 support_ok=1
[SQP FINAL] final_violation=0 violated_constraints=0
[SUPPORT FINAL] sqp_union=0 final_active=2 support_limit=-1
[SUPPORT FINAL IDS] 16 35
[SUPPORT UNION IDS]
[COLD START RECOVERY CHECK] ordinary_sqp_failed=0 seed_available=1 incompatible=0 try_homotopy=0
[HARNESS RESULT] step=36 success=1 controls=8 first_input_present=1
[MPC STEP METRICS] step=36 applied=1 success=1 fallback=0 a=-0.130323 omega=0.434385 dt=0.1 acceleration_weight=0.1 steering_weight=0.1 control_cost_unweighted=0.205675 control_cost_weighted=0.0205675 mpc_cost=-15.6453 solve_time=0.0361657 qp_solve_time=0.0235737 constraint_time=0.00674566 dro_risk_time=0.000423262 ambiguity_radius=0.0025233 certificate=not_requested
[EVAL SAFETY] step=37 min_center_distance=1.32441 min_clearance=0.374415 collision_this_step=0 collision_run=0 collision_radius=0.95
[DRO SUMMARY] step=38 obstacle=0 S=40 rho=0.00249419 rho_raw=0.00249419 D_max=0.0136335 D_min=0.0068334 tv_bound=0.364999 eta=0.182946 eta_raw=0.182946 radius_m=38 radius_d=3 transport_cost=0.00249419 budget_usage=1 lambda=0.709825 q_support=2 nominal_risk=0.0118725 qstar_risk=0.0138313 risk_lift=0.00195881 tv=0.316456
[DRO MODE] step=38 obstacle=0 mode=constant_velocity p=0.417722 risk=0.0123128 q=0.685396 delta_q=0.267674 q_times_S=27.4158
[DRO MODE] step=38 obstacle=0 mode=turn_left p=0.265823 risk=0.0171396 q=0.314604 delta_q=0.0487815 q_times_S=12.5842
[DRO MODE] step=38 obstacle=0 mode=turn_right p=0.316456 risk=0.006867 q=0 delta_q=-0.316456 q_times_S=0
[DRO SAMPLE] step=38 obstacle=0 mode=constant_velocity q=0.685396 q_times_S=27.4158 first_count=26 first_fraction=0.65 occupancy=208 occupancy_fraction=0.65
[DRO SAMPLE] step=38 obstacle=0 mode=turn_left q=0.314604 q_times_S=12.5842 first_count=14 first_fraction=0.35 occupancy=112 occupancy_fraction=0.35
[DRO SAMPLE] step=38 obstacle=0 mode=turn_right q=0 q_times_S=0 first_count=0 first_fraction=0 occupancy=0 occupancy_fraction=0
[RF BACKUP] available=1 controls=8 states=9
[FREE POLY] k=1 disc=0 raw=40 facets=3 vertices=6 rho=4.8 anchor_shift=0
[FREE POLY] k=1 disc=1 raw=40 facets=0 vertices=4 rho=0.800001 anchor_shift=0
[FREE POLY] k=1 disc=2 raw=40 facets=3 vertices=6 rho=4.8 anchor_shift=0
[FREE POLY] k=2 disc=0 raw=40 facets=3 vertices=6 rho=5.6 anchor_shift=0
[FREE POLY] k=2 disc=1 raw=40 facets=2 vertices=6 rho=1.6 anchor_shift=0
[FREE POLY] k=2 disc=2 raw=40 facets=3 vertices=6 rho=5.6 anchor_shift=0
[FREE POLY] k=3 disc=0 raw=40 facets=3 vertices=6 rho=6.4 anchor_shift=0
[FREE POLY] k=3 disc=1 raw=40 facets=2 vertices=5 rho=2.4 anchor_shift=0
[FREE POLY] k=3 disc=2 raw=40 facets=3 vertices=6 rho=6.4 anchor_shift=0
[FREE POLY] k=4 disc=0 raw=40 facets=3 vertices=6 rho=7.2 anchor_shift=0
[FREE POLY] k=4 disc=1 raw=40 facets=3 vertices=6 rho=3.2 anchor_shift=0
[FREE POLY] k=4 disc=2 raw=40 facets=4 vertices=7 rho=7.2 anchor_shift=0
[FREE POLY] k=5 disc=0 raw=40 facets=4 vertices=6 rho=8 anchor_shift=0
[FREE POLY] k=5 disc=1 raw=40 facets=3 vertices=6 rho=4 anchor_shift=0
[FREE POLY] k=5 disc=2 raw=40 facets=4 vertices=7 rho=8 anchor_shift=0
[FREE POLY] k=6 disc=0 raw=40 facets=3 vertices=6 rho=8.8 anchor_shift=0
[FREE POLY] k=6 disc=1 raw=40 facets=3 vertices=6 rho=4.8 anchor_shift=0
[FREE POLY] k=6 disc=2 raw=40 facets=3 vertices=6 rho=8.8 anchor_shift=0
[FREE POLY] k=7 disc=0 raw=40 facets=3 vertices=6 rho=9.6 anchor_shift=0
[FREE POLY] k=7 disc=1 raw=40 facets=3 vertices=6 rho=5.6 anchor_shift=0
[FREE POLY] k=7 disc=2 raw=40 facets=3 vertices=6 rho=9.6 anchor_shift=0
[FREE POLY] k=8 disc=0 raw=40 facets=4 vertices=7 rho=10.4 anchor_shift=0
[FREE POLY] k=8 disc=1 raw=40 facets=3 vertices=6 rho=6.4 anchor_shift=0
[FREE POLY] k=8 disc=2 raw=40 facets=3 vertices=6 rho=10.4 anchor_shift=0
[RF SUPPORT SEED] removed=0 support_limit=-1
[SQP] before_solve iter=0 vars=16 constraints=103 max_d=0.0244563
[QP WORST] iter=0 row=34 type=collision d=0.0244563
[QP WORST COLLISION] scenario=18 k=5 obstacle=0 disc=0
[SQP] after_solve iter=0 converged=1 status=0 iterations=5 primal_residual=4.3715e-16 dual_residual=5.12146e-05 x_size=16 x_finite=1
[SQP LINESEARCH] iter=0 current_violation=0.0244563 accepted_violation=0 accepted=1 alpha=1 delta_u_norm=0.260697
[SQP SUPPORT] iter=0 support_size=0 support_limit=-1 support_ok=1
[SQP] before_solve iter=1 vars=16 constraints=103 max_d=-0.000159468
[QP WORST] iter=1 row=34 type=collision d=-0.000159468
[QP WORST COLLISION] scenario=18 k=5 obstacle=0 disc=0
[SQP] after_solve iter=1 converged=1 status=0 iterations=5 primal_residual=4.56122e-09 dual_residual=4.00391e-05 x_size=16 x_finite=1
[SQP LINESEARCH] iter=1 current_violation=0 accepted_violation=0 accepted=1 alpha=1 delta_u_norm=0.189305
[SQP SUPPORT] iter=1 support_size=0 support_limit=-1 support_ok=1
[SQP] before_solve iter=2 vars=16 constraints=103 max_d=-3.82661e-06
[QP WORST] iter=2 row=24 type=collision d=-3.82661e-06
[QP WORST COLLISION] scenario=18 k=4 obstacle=0 disc=0
[SQP] after_solve iter=2 converged=1 status=0 iterations=5 primal_residual=1.08718e-08 dual_residual=4.11255e-05 x_size=16 x_finite=1
[SQP LINESEARCH] iter=2 current_violation=0 accepted_violation=0 accepted=1 alpha=1 delta_u_norm=0.16564
[SQP SUPPORT] iter=2 support_size=0 support_limit=-1 support_ok=1
[SQP] before_solve iter=3 vars=16 constraints=103 max_d=-6.88567e-06
[QP WORST] iter=3 row=24 type=collision d=-6.88567e-06
[QP WORST COLLISION] scenario=18 k=4 obstacle=0 disc=0
[SQP] after_solve iter=3 converged=1 status=0 iterations=5 primal_residual=4.30155e-09 dual_residual=3.44024e-05 x_size=16 x_finite=1
[SQP LINESEARCH] iter=3 current_violation=0 accepted_violation=0 accepted=1 alpha=1 delta_u_norm=0.152276
[SQP SUPPORT] iter=3 support_size=0 support_limit=-1 support_ok=1
[SQP] before_solve iter=4 vars=16 constraints=103 max_d=-7.03112e-07
[QP WORST] iter=4 row=34 type=collision d=-7.03112e-07
[QP WORST COLLISION] scenario=18 k=5 obstacle=0 disc=0
[SQP] after_solve iter=4 converged=1 status=0 iterations=5 primal_residual=3.07769e-09 dual_residual=3.2401e-05 x_size=16 x_finite=1
[SQP LINESEARCH] iter=4 current_violation=0 accepted_violation=0 accepted=1 alpha=1 delta_u_norm=0.140837
[SQP SUPPORT] iter=4 support_size=0 support_limit=-1 support_ok=1
[SQP] before_solve iter=5 vars=16 constraints=103 max_d=-6.82141e-07
[QP WORST] iter=5 row=34 type=collision d=-6.82141e-07
[QP WORST COLLISION] scenario=18 k=5 obstacle=0 disc=0
[SQP] after_solve iter=5 converged=1 status=0 iterations=5 primal_residual=2.24856e-09 dual_residual=3.15872e-05 x_size=16 x_finite=1
[SQP LINESEARCH] iter=5 current_violation=0 accepted_violation=0 accepted=1 alpha=1 delta_u_norm=0.130981
[SQP SUPPORT] iter=5 support_size=0 support_limit=-1 support_ok=1
[SQP] before_solve iter=6 vars=16 constraints=103 max_d=-5.44931e-07
[QP WORST] iter=6 row=34 type=collision d=-5.44931e-07
[QP WORST COLLISION] scenario=18 k=5 obstacle=0 disc=0
[SQP] after_solve iter=6 converged=1 status=0 iterations=5 primal_residual=2.2533e-09 dual_residual=3.20256e-05 x_size=16 x_finite=1
[SQP LINESEARCH] iter=6 current_violation=0 accepted_violation=0 accepted=1 alpha=1 delta_u_norm=0.122413
[SQP SUPPORT] iter=6 support_size=0 support_limit=-1 support_ok=1
[SQP] before_solve iter=7 vars=16 constraints=103 max_d=-3.90064e-07
[QP WORST] iter=7 row=34 type=collision d=-3.90064e-07
[QP WORST COLLISION] scenario=18 k=5 obstacle=0 disc=0
[SQP] after_solve iter=7 converged=1 status=0 iterations=5 primal_residual=2.43617e-09 dual_residual=3.29526e-05 x_size=16 x_finite=1
[SQP LINESEARCH] iter=7 current_violation=0 accepted_violation=0 accepted=1 alpha=1 delta_u_norm=0.114858
[SQP SUPPORT] iter=7 support_size=0 support_limit=-1 support_ok=1
[SQP] before_solve iter=8 vars=16 constraints=103 max_d=-2.67434e-07
[QP WORST] iter=8 row=34 type=collision d=-2.67434e-07
[QP WORST COLLISION] scenario=18 k=5 obstacle=0 disc=0
[SQP] after_solve iter=8 converged=1 status=0 iterations=5 primal_residual=2.65179e-09 dual_residual=3.39834e-05 x_size=16 x_finite=1
[SQP LINESEARCH] iter=8 current_violation=0 accepted_violation=0 accepted=1 alpha=1 delta_u_norm=0.108106
[SQP SUPPORT] iter=8 support_size=0 support_limit=-1 support_ok=1
[SQP] before_solve iter=9 vars=16 constraints=103 max_d=-1.87078e-07
[QP WORST] iter=9 row=34 type=collision d=-1.87078e-07
[QP WORST COLLISION] scenario=18 k=5 obstacle=0 disc=0
[SQP] after_solve iter=9 converged=1 status=0 iterations=5 primal_residual=2.82438e-09 dual_residual=3.49369e-05 x_size=16 x_finite=1
[SQP LINESEARCH] iter=9 current_violation=0 accepted_violation=0 accepted=1 alpha=1 delta_u_norm=0.102002
[SQP SUPPORT] iter=9 support_size=0 support_limit=-1 support_ok=1
[SQP FINAL] final_violation=0 violated_constraints=0
[SUPPORT FINAL] sqp_union=0 final_active=1 support_limit=-1
[SUPPORT FINAL IDS] 18
[SUPPORT UNION IDS]
[COLD START RECOVERY CHECK] ordinary_sqp_failed=0 seed_available=1 incompatible=0 try_homotopy=0
[HARNESS RESULT] step=37 success=1 controls=8 first_input_present=1
[MPC STEP METRICS] step=37 applied=1 success=1 fallback=0 a=-0.144264 omega=0.511746 dt=0.1 acceleration_weight=0.1 steering_weight=0.1 control_cost_unweighted=0.282696 control_cost_weighted=0.0282696 mpc_cost=-16.0843 solve_time=0.0344733 qp_solve_time=0.0218923 constraint_time=0.00672792 dro_risk_time=0.00041675 ambiguity_radius=0.00249419 certificate=not_requested
[EVAL SAFETY] step=38 min_center_distance=1.15268 min_clearance=0.202678 collision_this_step=0 collision_run=0 collision_radius=0.95
[DRO SUMMARY] step=39 obstacle=0 S=40 rho=0.00248146 rho_raw=0.00248146 D_max=0.0136335 D_min=0.0068334 tv_bound=0.363137 eta=0.182012 eta_raw=0.182012 radius_m=39 radius_d=3 transport_cost=0 budget_usage=0 lambda=0 q_support=3 nominal_risk=0 qstar_risk=0 risk_lift=0 tv=0
[DRO MODE] step=39 obstacle=0 mode=constant_velocity p=0.407407 risk=0 q=0.407407 delta_q=0 q_times_S=16.2963
[DRO MODE] step=39 obstacle=0 mode=turn_left p=0.259259 risk=0 q=0.259259 delta_q=0 q_times_S=10.3704
[DRO MODE] step=39 obstacle=0 mode=turn_right p=0.333333 risk=0 q=0.333333 delta_q=0 q_times_S=13.3333
[DRO SAMPLE] step=39 obstacle=0 mode=constant_velocity q=0.407407 q_times_S=16.2963 first_count=13 first_fraction=0.325 occupancy=104 occupancy_fraction=0.325
[DRO SAMPLE] step=39 obstacle=0 mode=turn_left q=0.259259 q_times_S=10.3704 first_count=14 first_fraction=0.35 occupancy=112 occupancy_fraction=0.35
[DRO SAMPLE] step=39 obstacle=0 mode=turn_right q=0.333333 q_times_S=13.3333 first_count=13 first_fraction=0.325 occupancy=104 occupancy_fraction=0.325
[RF BACKUP] available=1 controls=8 states=9
[FREE POLY] k=1 disc=0 raw=40 facets=5 vertices=8 rho=4.8 anchor_shift=0
[FREE POLY] k=1 disc=1 raw=40 facets=0 vertices=4 rho=0.800001 anchor_shift=0
[FREE POLY] k=1 disc=2 raw=40 facets=4 vertices=7 rho=4.8 anchor_shift=0
[FREE POLY] k=2 disc=0 raw=40 facets=4 vertices=7 rho=5.6 anchor_shift=0
[FREE POLY] k=2 disc=1 raw=40 facets=2 vertices=6 rho=1.6 anchor_shift=0
[FREE POLY] k=2 disc=2 raw=40 facets=2 vertices=5 rho=5.6 anchor_shift=0
[FREE POLY] k=3 disc=0 raw=40 facets=3 vertices=6 rho=6.4 anchor_shift=0
[FREE POLY] k=3 disc=1 raw=40 facets=2 vertices=5 rho=2.4 anchor_shift=0
[FREE POLY] k=3 disc=2 raw=40 facets=2 vertices=5 rho=6.4 anchor_shift=0
[FREE POLY] k=4 disc=0 raw=40 facets=2 vertices=4 rho=7.2 anchor_shift=0
[FREE POLY] k=4 disc=1 raw=40 facets=2 vertices=5 rho=3.2 anchor_shift=0
[FREE POLY] k=4 disc=2 raw=40 facets=2 vertices=5 rho=7.2 anchor_shift=0
[FREE POLY] k=5 disc=0 raw=40 facets=4 vertices=7 rho=8 anchor_shift=0
[FREE POLY] k=5 disc=1 raw=40 facets=4 vertices=7 rho=4 anchor_shift=0
[FREE POLY] k=5 disc=2 raw=40 facets=4 vertices=7 rho=8 anchor_shift=0
[FREE POLY] k=6 disc=0 raw=40 facets=5 vertices=8 rho=8.8 anchor_shift=0
[FREE POLY] k=6 disc=1 raw=40 facets=5 vertices=8 rho=4.8 anchor_shift=0
[FREE POLY] k=6 disc=2 raw=40 facets=5 vertices=8 rho=8.8 anchor_shift=0
[FREE POLY] k=7 disc=0 raw=40 facets=5 vertices=8 rho=9.6 anchor_shift=0
[FREE POLY] k=7 disc=1 raw=40 facets=5 vertices=8 rho=5.6 anchor_shift=0
[FREE POLY] k=7 disc=2 raw=40 facets=5 vertices=8 rho=9.6 anchor_shift=0
[FREE POLY] k=8 disc=0 raw=40 facets=5 vertices=8 rho=10.4 anchor_shift=0
[FREE POLY] k=8 disc=1 raw=40 facets=5 vertices=8 rho=6.4 anchor_shift=0
[FREE POLY] k=8 disc=2 raw=40 facets=5 vertices=8 rho=10.4 anchor_shift=0
[RF SUPPORT SEED] removed=0 support_limit=-1
[SQP] before_solve iter=0 vars=16 constraints=119 max_d=-0.0198326
[QP WORST] iter=0 row=10 type=collision d=-0.0198326
[QP WORST COLLISION] scenario=12 k=2 obstacle=0 disc=0
[SQP] after_solve iter=0 converged=1 status=0 iterations=4 primal_residual=7.88387e-09 dual_residual=5.7315e-05 x_size=16 x_finite=1
[SQP LINESEARCH] iter=0 current_violation=0 accepted_violation=0 accepted=1 alpha=1 delta_u_norm=0.247988
[SQP SUPPORT] iter=0 support_size=0 support_limit=-1 support_ok=1
[SQP] before_solve iter=1 vars=16 constraints=119 max_d=-0.0241553
[QP WORST] iter=1 row=17 type=collision d=-0.0241553
[QP WORST COLLISION] scenario=12 k=3 obstacle=0 disc=0
[SQP] after_solve iter=1 converged=1 status=0 iterations=5 primal_residual=4.33681e-16 dual_residual=1.05102e-05 x_size=16 x_finite=1
[SQP LINESEARCH] iter=1 current_violation=0 accepted_violation=0 accepted=1 alpha=1 delta_u_norm=0.190018
[SQP SUPPORT] iter=1 support_size=0 support_limit=-1 support_ok=1
[SQP] before_solve iter=2 vars=16 constraints=119 max_d=-0.0104204
[QP WORST] iter=2 row=17 type=collision d=-0.0104204
[QP WORST COLLISION] scenario=12 k=3 obstacle=0 disc=0
[SQP] after_solve iter=2 converged=1 status=0 iterations=5 primal_residual=4.42246e-16 dual_residual=1.01702e-05 x_size=16 x_finite=1
[SQP LINESEARCH] iter=2 current_violation=0 accepted_violation=0 accepted=1 alpha=1 delta_u_norm=0.170647
[SQP SUPPORT] iter=2 support_size=0 support_limit=-1 support_ok=1
[SQP] before_solve iter=3 vars=16 constraints=119 max_d=-0.00932472
[QP WORST] iter=3 row=17 type=collision d=-0.00932472
[QP WORST COLLISION] scenario=12 k=3 obstacle=0 disc=0
[SQP] after_solve iter=3 converged=1 status=0 iterations=5 primal_residual=3.9942e-16 dual_residual=2.06908e-05 x_size=16 x_finite=1
[SQP LINESEARCH] iter=3 current_violation=0 accepted_violation=0 accepted=1 alpha=1 delta_u_norm=0.154997
[SQP SUPPORT] iter=3 support_size=0 support_limit=-1 support_ok=1
[SQP] before_solve iter=4 vars=16 constraints=119 max_d=-0.00318056
[QP WORST] iter=4 row=17 type=collision d=-0.00318056
[QP WORST COLLISION] scenario=12 k=3 obstacle=0 disc=0
[SQP] after_solve iter=4 converged=1 status=0 iterations=5 primal_residual=4.13948e-16 dual_residual=2.01997e-05 x_size=16 x_finite=1
[SQP LINESEARCH] iter=4 current_violation=0 accepted_violation=0 accepted=1 alpha=1 delta_u_norm=0.14408
[SQP SUPPORT] iter=4 support_size=0 support_limit=-1 support_ok=1
[SQP] before_solve iter=5 vars=16 constraints=119 max_d=-0.0024138
[QP WORST] iter=5 row=17 type=collision d=-0.0024138
[QP WORST COLLISION] scenario=12 k=3 obstacle=0 disc=0
[SQP] after_solve iter=5 converged=1 status=0 iterations=5 primal_residual=4.17201e-16 dual_residual=1.35583e-05 x_size=16 x_finite=1
[SQP LINESEARCH] iter=5 current_violation=0 accepted_violation=0 accepted=1 alpha=1 delta_u_norm=0.133397
[SQP SUPPORT] iter=5 support_size=0 support_limit=-1 support_ok=1
[SQP] before_solve iter=6 vars=16 constraints=119 max_d=-0.000871688
[QP WORST] iter=6 row=17 type=collision d=-0.000871688
[QP WORST COLLISION] scenario=12 k=3 obstacle=0 disc=0
[SQP] after_solve iter=6 converged=1 status=0 iterations=5 primal_residual=4.24357e-16 dual_residual=1.07785e-05 x_size=16 x_finite=1
[SQP LINESEARCH] iter=6 current_violation=0 accepted_violation=0 accepted=1 alpha=1 delta_u_norm=0.125014
[SQP SUPPORT] iter=6 support_size=0 support_limit=-1 support_ok=1
[SQP] before_solve iter=7 vars=16 constraints=119 max_d=-0.00062442
[QP WORST] iter=7 row=17 type=collision d=-0.00062442
[QP WORST COLLISION] scenario=12 k=3 obstacle=0 disc=0
[SQP] after_solve iter=7 converged=1 status=0 iterations=5 primal_residual=4.43872e-16 dual_residual=1.38902e-05 x_size=16 x_finite=1
[SQP LINESEARCH] iter=7 current_violation=0 accepted_violation=0 accepted=1 alpha=1 delta_u_norm=0.11727
[SQP SUPPORT] iter=7 support_size=0 support_limit=-1 support_ok=1
[SQP] before_solve iter=8 vars=16 constraints=119 max_d=-0.000332596
[QP WORST] iter=8 row=17 type=collision d=-0.000332596
[QP WORST COLLISION] scenario=12 k=3 obstacle=0 disc=0
[SQP] after_solve iter=8 converged=1 status=0 iterations=5 primal_residual=4.2414e-16 dual_residual=1.85896e-05 x_size=16 x_finite=1
[SQP LINESEARCH] iter=8 current_violation=0 accepted_violation=0 accepted=1 alpha=1 delta_u_norm=0.110313
[SQP SUPPORT] iter=8 support_size=0 support_limit=-1 support_ok=1
[SQP] before_solve iter=9 vars=16 constraints=119 max_d=-0.000239818
[QP WORST] iter=9 row=17 type=collision d=-0.000239818
[QP WORST COLLISION] scenario=12 k=3 obstacle=0 disc=0
[SQP] after_solve iter=9 converged=1 status=0 iterations=5 primal_residual=4.31079e-16 dual_residual=2.16944e-05 x_size=16 x_finite=1
[SQP LINESEARCH] iter=9 current_violation=0 accepted_violation=0 accepted=1 alpha=1 delta_u_norm=0.103852
[SQP SUPPORT] iter=9 support_size=0 support_limit=-1 support_ok=1
[SQP FINAL] final_violation=0 violated_constraints=0
[SUPPORT FINAL] sqp_union=0 final_active=1 support_limit=-1
[SUPPORT FINAL IDS] 12
[SUPPORT UNION IDS]
[COLD START RECOVERY CHECK] ordinary_sqp_failed=0 seed_available=1 incompatible=0 try_homotopy=0
[HARNESS RESULT] step=38 success=1 controls=8 first_input_present=1
[MPC STEP METRICS] step=38 applied=1 success=1 fallback=0 a=-0.139368 omega=0.214164 dt=0.1 acceleration_weight=0.1 steering_weight=0.1 control_cost_unweighted=0.0652897 control_cost_weighted=0.00652897 mpc_cost=-16.4866 solve_time=0.0353598 qp_solve_time=0.0225901 constraint_time=0.00699271 dro_risk_time=0.000415288 ambiguity_radius=0.00248146 certificate=not_requested
[EVAL SAFETY] step=39 min_center_distance=1.07107 min_clearance=0.121069 collision_this_step=0 collision_run=0 collision_radius=0.95
[DRO SUMMARY] step=40 obstacle=0 S=40 rho=0.00245299 rho_raw=0.00245299 D_max=0.0136335 D_min=0.0068334 tv_bound=0.358971 eta=0.179924 eta_raw=0.179924 radius_m=40 radius_d=3 transport_cost=0 budget_usage=0 lambda=0 q_support=3 nominal_risk=0 qstar_risk=0 risk_lift=0 tv=0
[DRO MODE] step=40 obstacle=0 mode=constant_velocity p=0.39759 risk=0 q=0.39759 delta_q=0 q_times_S=15.9036
[DRO MODE] step=40 obstacle=0 mode=turn_left p=0.277108 risk=0 q=0.277108 delta_q=0 q_times_S=11.0843
[DRO MODE] step=40 obstacle=0 mode=turn_right p=0.325301 risk=0 q=0.325301 delta_q=0 q_times_S=13.012
[DRO SAMPLE] step=40 obstacle=0 mode=constant_velocity q=0.39759 q_times_S=15.9036 first_count=17 first_fraction=0.425 occupancy=136 occupancy_fraction=0.425
[DRO SAMPLE] step=40 obstacle=0 mode=turn_left q=0.277108 q_times_S=11.0843 first_count=7 first_fraction=0.175 occupancy=56 occupancy_fraction=0.175
[DRO SAMPLE] step=40 obstacle=0 mode=turn_right q=0.325301 q_times_S=13.012 first_count=16 first_fraction=0.4 occupancy=128 occupancy_fraction=0.4
[RF BACKUP] available=1 controls=8 states=9
[FREE POLY] k=1 disc=0 raw=40 facets=3 vertices=6 rho=4.8 anchor_shift=0
[FREE POLY] k=1 disc=1 raw=40 facets=0 vertices=4 rho=0.800001 anchor_shift=0
[FREE POLY] k=1 disc=2 raw=40 facets=3 vertices=6 rho=4.8 anchor_shift=0
[FREE POLY] k=2 disc=0 raw=40 facets=5 vertices=8 rho=5.6 anchor_shift=0
[FREE POLY] k=2 disc=1 raw=40 facets=1 vertices=5 rho=1.6 anchor_shift=0
[FREE POLY] k=2 disc=2 raw=40 facets=4 vertices=7 rho=5.6 anchor_shift=0
[FREE POLY] k=3 disc=0 raw=40 facets=6 vertices=8 rho=6.4 anchor_shift=0
[FREE POLY] k=3 disc=1 raw=40 facets=2 vertices=5 rho=2.4 anchor_shift=0
[FREE POLY] k=3 disc=2 raw=40 facets=3 vertices=6 rho=6.4 anchor_shift=0
[FREE POLY] k=4 disc=0 raw=40 facets=5 vertices=8 rho=7.2 anchor_shift=0
[FREE POLY] k=4 disc=1 raw=40 facets=2 vertices=5 rho=3.2 anchor_shift=0
[FREE POLY] k=4 disc=2 raw=40 facets=3 vertices=6 rho=7.2 anchor_shift=0
[FREE POLY] k=5 disc=0 raw=40 facets=5 vertices=8 rho=8 anchor_shift=0
[FREE POLY] k=5 disc=1 raw=40 facets=2 vertices=5 rho=4 anchor_shift=0
[FREE POLY] k=5 disc=2 raw=40 facets=3 vertices=6 rho=8 anchor_shift=0
[FREE POLY] k=6 disc=0 raw=40 facets=5 vertices=8 rho=8.8 anchor_shift=0
[FREE POLY] k=6 disc=1 raw=40 facets=3 vertices=6 rho=4.8 anchor_shift=0
[FREE POLY] k=6 disc=2 raw=40 facets=3 vertices=6 rho=8.8 anchor_shift=0
[FREE POLY] k=7 disc=0 raw=40 facets=4 vertices=7 rho=9.6 anchor_shift=0
[FREE POLY] k=7 disc=1 raw=40 facets=3 vertices=6 rho=5.6 anchor_shift=0
[FREE POLY] k=7 disc=2 raw=40 facets=3 vertices=6 rho=9.6 anchor_shift=0
[FREE POLY] k=8 disc=0 raw=40 facets=5 vertices=8 rho=10.4 anchor_shift=0
[FREE POLY] k=8 disc=1 raw=40 facets=4 vertices=7 rho=6.4 anchor_shift=0
[FREE POLY] k=8 disc=2 raw=40 facets=3 vertices=6 rho=10.4 anchor_shift=0
[RF SUPPORT SEED] removed=0 support_limit=-1
[SQP] before_solve iter=0 vars=16 constraints=112 max_d=-0.0381791
[QP WORST] iter=0 row=6 type=collision d=-0.0381791
[QP WORST COLLISION] scenario=5 k=2 obstacle=0 disc=0
[SQP] after_solve iter=0 converged=1 status=0 iterations=4 primal_residual=4.30211e-16 dual_residual=1.67598e-06 x_size=16 x_finite=1
[SQP LINESEARCH] iter=0 current_violation=0 accepted_violation=0 accepted=1 alpha=1 delta_u_norm=0.263347
[SQP SUPPORT] iter=0 support_size=0 support_limit=-1 support_ok=1
[SQP] before_solve iter=1 vars=16 constraints=112 max_d=-0.055133
[QP WORST] iter=1 row=6 type=collision d=-0.055133
[QP WORST COLLISION] scenario=5 k=2 obstacle=0 disc=0
[SQP] after_solve iter=1 converged=1 status=0 iterations=4 primal_residual=4.00661e-10 dual_residual=2.79382e-06 x_size=16 x_finite=1
[SQP LINESEARCH] iter=1 current_violation=0 accepted_violation=0 accepted=1 alpha=1 delta_u_norm=0.190217
[SQP SUPPORT] iter=1 support_size=0 support_limit=-1 support_ok=1
[SQP] before_solve iter=2 vars=16 constraints=112 max_d=-0.0421775
[QP WORST] iter=2 row=6 type=collision d=-0.0421775
[QP WORST COLLISION] scenario=5 k=2 obstacle=0 disc=0
[SQP] after_solve iter=2 converged=1 status=0 iterations=4 primal_residual=8.14863e-11 dual_residual=1.38269e-06 x_size=16 x_finite=1
[SQP LINESEARCH] iter=2 current_violation=0 accepted_violation=0 accepted=1 alpha=1 delta_u_norm=0.169192
[SQP SUPPORT] iter=2 support_size=0 support_limit=-1 support_ok=1
[SQP] before_solve iter=3 vars=16 constraints=112 max_d=-0.0488773
[QP WORST] iter=3 row=6 type=collision d=-0.0488773
[QP WORST COLLISION] scenario=5 k=2 obstacle=0 disc=0
[SQP] after_solve iter=3 converged=1 status=0 iterations=4 primal_residual=6.9817e-10 dual_residual=3.96357e-06 x_size=16 x_finite=1
[SQP LINESEARCH] iter=3 current_violation=0 accepted_violation=0 accepted=1 alpha=1 delta_u_norm=0.150096
[SQP SUPPORT] iter=3 support_size=0 support_limit=-1 support_ok=1
[SQP] before_solve iter=4 vars=16 constraints=112 max_d=-0.0415806
[QP WORST] iter=4 row=6 type=collision d=-0.0415806
[QP WORST COLLISION] scenario=5 k=2 obstacle=0 disc=0
[SQP] after_solve iter=4 converged=1 status=0 iterations=4 primal_residual=1.27486e-10 dual_residual=1.7929e-06 x_size=16 x_finite=1
[SQP LINESEARCH] iter=4 current_violation=0 accepted_violation=0 accepted=1 alpha=1 delta_u_norm=0.140001
[SQP SUPPORT] iter=4 support_size=0 support_limit=-1 support_ok=1
[SQP] before_solve iter=5 vars=16 constraints=112 max_d=-0.04421
[QP WORST] iter=5 row=6 type=collision d=-0.04421
[QP WORST COLLISION] scenario=5 k=2 obstacle=0 disc=0
[SQP] after_solve iter=5 converged=1 status=0 iterations=4 primal_residual=6.24076e-10 dual_residual=3.81978e-06 x_size=16 x_finite=1
[SQP LINESEARCH] iter=5 current_violation=0 accepted_violation=0 accepted=1 alpha=1 delta_u_norm=0.128833
[SQP SUPPORT] iter=5 support_size=0 support_limit=-1 support_ok=1
[SQP] before_solve iter=6 vars=16 constraints=112 max_d=-0.0400919
[QP WORST] iter=6 row=6 type=collision d=-0.0400919
[QP WORST COLLISION] scenario=5 k=2 obstacle=0 disc=0
[SQP] after_solve iter=6 converged=1 status=0 iterations=4 primal_residual=2.16445e-10 dual_residual=2.40448e-06 x_size=16 x_finite=1
[SQP LINESEARCH] iter=6 current_violation=0 accepted_violation=0 accepted=1 alpha=1 delta_u_norm=0.121449
[SQP SUPPORT] iter=6 support_size=0 support_limit=-1 support_ok=1
[SQP] before_solve iter=7 vars=16 constraints=112 max_d=-0.0409557
[QP WORST] iter=7 row=6 type=collision d=-0.0409557
[QP WORST COLLISION] scenario=5 k=2 obstacle=0 disc=0
[SQP] after_solve iter=7 converged=1 status=0 iterations=4 primal_residual=4.613e-10 dual_residual=3.95728e-06 x_size=16 x_finite=1
[SQP LINESEARCH] iter=7 current_violation=0 accepted_violation=0 accepted=1 alpha=1 delta_u_norm=0.113681
[SQP SUPPORT] iter=7 support_size=0 support_limit=-1 support_ok=1
[SQP] before_solve iter=8 vars=16 constraints=112 max_d=-0.0385585
[QP WORST] iter=8 row=6 type=collision d=-0.0385585
[QP WORST COLLISION] scenario=5 k=2 obstacle=0 disc=0
[SQP] after_solve iter=8 converged=1 status=0 iterations=4 primal_residual=2.13759e-10 dual_residual=3.48142e-06 x_size=16 x_finite=1
[SQP LINESEARCH] iter=8 current_violation=0 accepted_violation=0 accepted=1 alpha=1 delta_u_norm=0.107612
[SQP SUPPORT] iter=8 support_size=0 support_limit=-1 support_ok=1
[SQP] before_solve iter=9 vars=16 constraints=112 max_d=-0.0386625
[QP WORST] iter=9 row=6 type=collision d=-0.0386625
[QP WORST COLLISION] scenario=5 k=2 obstacle=0 disc=0
[SQP] after_solve iter=9 converged=1 status=0 iterations=4 primal_residual=2.78452e-10 dual_residual=4.6151e-06 x_size=16 x_finite=1
[SQP LINESEARCH] iter=9 current_violation=0 accepted_violation=0 accepted=1 alpha=1 delta_u_norm=0.101551
[SQP SUPPORT] iter=9 support_size=0 support_limit=-1 support_ok=1
[SQP FINAL] final_violation=0 violated_constraints=0
[SUPPORT FINAL] sqp_union=0 final_active=0 support_limit=-1
[SUPPORT FINAL IDS]
[SUPPORT UNION IDS]
[COLD START RECOVERY CHECK] ordinary_sqp_failed=0 seed_available=1 incompatible=0 try_homotopy=0
[HARNESS RESULT] step=39 success=1 controls=8 first_input_present=1
[MPC STEP METRICS] step=39 applied=1 success=1 fallback=0 a=-0.0987284 omega=0.274234 dt=0.1 acceleration_weight=0.1 steering_weight=0.1 control_cost_unweighted=0.0849514 control_cost_weighted=0.00849514 mpc_cost=-16.7584 solve_time=0.034722 qp_solve_time=0.0220492 constraint_time=0.00693908 dro_risk_time=0.000403125 ambiguity_radius=0.00245299 certificate=not_requested
[EVAL SAFETY] step=40 min_center_distance=1.01779 min_clearance=0.0677942 collision_this_step=0 collision_run=0 collision_radius=0.95
[DRO SUMMARY] step=41 obstacle=0 S=40 rho=0.00243984 rho_raw=0.00243984 D_max=0.0136335 D_min=0.0068334 tv_bound=0.357046 eta=0.17896 eta_raw=0.17896 radius_m=41 radius_d=3 transport_cost=0 budget_usage=0 lambda=0 q_support=3 nominal_risk=0 qstar_risk=0 risk_lift=0 tv=0
[DRO MODE] step=41 obstacle=0 mode=constant_velocity p=0.388235 risk=0 q=0.388235 delta_q=0 q_times_S=15.5294
[DRO MODE] step=41 obstacle=0 mode=turn_left p=0.270588 risk=0 q=0.270588 delta_q=0 q_times_S=10.8235
[DRO MODE] step=41 obstacle=0 mode=turn_right p=0.341176 risk=0 q=0.341176 delta_q=0 q_times_S=13.6471
[DRO SAMPLE] step=41 obstacle=0 mode=constant_velocity q=0.388235 q_times_S=15.5294 first_count=10 first_fraction=0.25 occupancy=80 occupancy_fraction=0.25
[DRO SAMPLE] step=41 obstacle=0 mode=turn_left q=0.270588 q_times_S=10.8235 first_count=12 first_fraction=0.3 occupancy=96 occupancy_fraction=0.3
[DRO SAMPLE] step=41 obstacle=0 mode=turn_right q=0.341176 q_times_S=13.6471 first_count=18 first_fraction=0.45 occupancy=144 occupancy_fraction=0.45
[RF BACKUP] available=1 controls=8 states=9
[FREE POLY] k=1 disc=0 raw=40 facets=5 vertices=8 rho=4.8 anchor_shift=0
[FREE POLY] k=1 disc=1 raw=40 facets=0 vertices=4 rho=0.800001 anchor_shift=0
[FREE POLY] k=1 disc=2 raw=40 facets=3 vertices=6 rho=4.8 anchor_shift=0
[FREE POLY] k=2 disc=0 raw=40 facets=4 vertices=7 rho=5.6 anchor_shift=0
[FREE POLY] k=2 disc=1 raw=40 facets=1 vertices=5 rho=1.6 anchor_shift=0
[FREE POLY] k=2 disc=2 raw=40 facets=3 vertices=6 rho=5.6 anchor_shift=0
[FREE POLY] k=3 disc=0 raw=40 facets=4 vertices=7 rho=6.4 anchor_shift=0
[FREE POLY] k=3 disc=1 raw=40 facets=2 vertices=5 rho=2.4 anchor_shift=0
[FREE POLY] k=3 disc=2 raw=40 facets=3 vertices=6 rho=6.4 anchor_shift=0
[FREE POLY] k=4 disc=0 raw=40 facets=4 vertices=7 rho=7.2 anchor_shift=0
[FREE POLY] k=4 disc=1 raw=40 facets=2 vertices=5 rho=3.2 anchor_shift=0
[FREE POLY] k=4 disc=2 raw=40 facets=2 vertices=5 rho=7.2 anchor_shift=0
[FREE POLY] k=5 disc=0 raw=40 facets=4 vertices=7 rho=8 anchor_shift=0
[FREE POLY] k=5 disc=1 raw=40 facets=3 vertices=6 rho=4 anchor_shift=0
[FREE POLY] k=5 disc=2 raw=40 facets=4 vertices=7 rho=8 anchor_shift=0
[FREE POLY] k=6 disc=0 raw=40 facets=5 vertices=8 rho=8.8 anchor_shift=0
[FREE POLY] k=6 disc=1 raw=40 facets=4 vertices=7 rho=4.8 anchor_shift=0
[FREE POLY] k=6 disc=2 raw=40 facets=5 vertices=8 rho=8.8 anchor_shift=0
[FREE POLY] k=7 disc=0 raw=40 facets=4 vertices=7 rho=9.6 anchor_shift=0
[FREE POLY] k=7 disc=1 raw=40 facets=3 vertices=6 rho=5.6 anchor_shift=0
[FREE POLY] k=7 disc=2 raw=40 facets=4 vertices=7 rho=9.6 anchor_shift=0
[FREE POLY] k=8 disc=0 raw=40 facets=4 vertices=7 rho=10.4 anchor_shift=0
[FREE POLY] k=8 disc=1 raw=40 facets=3 vertices=6 rho=6.4 anchor_shift=0
[FREE POLY] k=8 disc=2 raw=40 facets=3 vertices=6 rho=10.4 anchor_shift=0
[RF SUPPORT SEED] removed=0 support_limit=-1
[SQP] before_solve iter=0 vars=16 constraints=111 max_d=-0.0434362
[QP WORST] iter=0 row=1 type=collision d=-0.0434362
[QP WORST COLLISION] scenario=19 k=1 obstacle=0 disc=0
[SQP] after_solve iter=0 converged=1 status=0 iterations=4 primal_residual=1.01379e-10 dual_residual=3.73297e-06 x_size=16 x_finite=1
[SQP LINESEARCH] iter=0 current_violation=0 accepted_violation=0 accepted=1 alpha=1 delta_u_norm=0.262227
[SQP SUPPORT] iter=0 support_size=0 support_limit=-1 support_ok=1
[SQP] before_solve iter=1 vars=16 constraints=111 max_d=-0.0550977
[QP WORST] iter=1 row=1 type=collision d=-0.0550977
[QP WORST COLLISION] scenario=19 k=1 obstacle=0 disc=0
[SQP] after_solve iter=1 converged=1 status=0 iterations=4 primal_residual=6.61664e-11 dual_residual=1.84481e-06 x_size=16 x_finite=1
[SQP LINESEARCH] iter=1 current_violation=0 accepted_violation=0 accepted=1 alpha=1 delta_u_norm=0.190513
[SQP SUPPORT] iter=1 support_size=0 support_limit=-1 support_ok=1
[SQP] before_solve iter=2 vars=16 constraints=111 max_d=-0.0502394
[QP WORST] iter=2 row=1 type=collision d=-0.0502394
[QP WORST COLLISION] scenario=19 k=1 obstacle=0 disc=0
[SQP] after_solve iter=2 converged=1 status=0 iterations=4 primal_residual=1.94752e-11 dual_residual=1.19222e-06 x_size=16 x_finite=1
[SQP LINESEARCH] iter=2 current_violation=0 accepted_violation=0 accepted=1 alpha=1 delta_u_norm=0.166432
[SQP SUPPORT] iter=2 support_size=0 support_limit=-1 support_ok=1
[SQP] before_solve iter=3 vars=16 constraints=111 max_d=-0.055029
[QP WORST] iter=3 row=1 type=collision d=-0.055029
[QP WORST COLLISION] scenario=19 k=1 obstacle=0 disc=0
[SQP] after_solve iter=3 converged=1 status=0 iterations=4 primal_residual=4.02261e-11 dual_residual=1.2957e-06 x_size=16 x_finite=1
[SQP LINESEARCH] iter=3 current_violation=0 accepted_violation=0 accepted=1 alpha=1 delta_u_norm=0.148708
[SQP SUPPORT] iter=3 support_size=0 support_limit=-1 support_ok=1
[SQP] before_solve iter=4 vars=16 constraints=111 max_d=-0.052232
[QP WORST] iter=4 row=1 type=collision d=-0.052232
[QP WORST COLLISION] scenario=19 k=1 obstacle=0 disc=0
[SQP] after_solve iter=4 converged=1 status=0 iterations=4 primal_residual=1.87237e-11 dual_residual=1.12909e-06 x_size=16 x_finite=1
[SQP LINESEARCH] iter=4 current_violation=0 accepted_violation=0 accepted=1 alpha=1 delta_u_norm=0.137931
[SQP SUPPORT] iter=4 support_size=0 support_limit=-1 support_ok=1
[SQP] before_solve iter=5 vars=16 constraints=111 max_d=-0.0544434
[QP WORST] iter=5 row=1 type=collision d=-0.0544434
[QP WORST COLLISION] scenario=19 k=1 obstacle=0 disc=0
[SQP] after_solve iter=5 converged=1 status=0 iterations=4 primal_residual=3.27738e-11 dual_residual=1.23189e-06 x_size=16 x_finite=1
[SQP LINESEARCH] iter=5 current_violation=0 accepted_violation=0 accepted=1 alpha=1 delta_u_norm=0.127488
[SQP SUPPORT] iter=5 support_size=0 support_limit=-1 support_ok=1
[SQP] before_solve iter=6 vars=16 constraints=111 max_d=-0.0530051
[QP WORST] iter=6 row=1 type=collision d=-0.0530051
[QP WORST COLLISION] scenario=19 k=1 obstacle=0 disc=0
[SQP] after_solve iter=6 converged=1 status=0 iterations=4 primal_residual=1.75166e-11 dual_residual=1.1276e-06 x_size=16 x_finite=1
[SQP LINESEARCH] iter=6 current_violation=0 accepted_violation=0 accepted=1 alpha=1 delta_u_norm=0.119998
[SQP SUPPORT] iter=6 support_size=0 support_limit=-1 support_ok=1
[SQP] before_solve iter=7 vars=16 constraints=111 max_d=-0.0541278
[QP WORST] iter=7 row=1 type=collision d=-0.0541278
[QP WORST COLLISION] scenario=19 k=1 obstacle=0 disc=0
[SQP] after_solve iter=7 converged=1 status=0 iterations=4 primal_residual=2.74112e-11 dual_residual=1.19694e-06 x_size=16 x_finite=1
[SQP LINESEARCH] iter=7 current_violation=0 accepted_violation=0 accepted=1 alpha=1 delta_u_norm=0.112594
[SQP SUPPORT] iter=7 support_size=0 support_limit=-1 support_ok=1
[SQP] before_solve iter=8 vars=16 constraints=111 max_d=-0.0534647
[QP WORST] iter=8 row=1 type=collision d=-0.0534647
[QP WORST COLLISION] scenario=19 k=1 obstacle=0 disc=0
[SQP] after_solve iter=8 converged=1 status=0 iterations=4 primal_residual=1.76412e-11 dual_residual=1.11702e-06 x_size=16 x_finite=1
[SQP LINESEARCH] iter=8 current_violation=0 accepted_violation=0 accepted=1 alpha=1 delta_u_norm=0.106562
[SQP SUPPORT] iter=8 support_size=0 support_limit=-1 support_ok=1
[SQP] before_solve iter=9 vars=16 constraints=111 max_d=-0.0541025
[QP WORST] iter=9 row=1 type=collision d=-0.0541025
[QP WORST COLLISION] scenario=19 k=1 obstacle=0 disc=0
[SQP] after_solve iter=9 converged=1 status=0 iterations=4 primal_residual=2.32254e-11 dual_residual=1.1351e-06 x_size=16 x_finite=1
[SQP LINESEARCH] iter=9 current_violation=0 accepted_violation=0 accepted=1 alpha=1 delta_u_norm=0.100691
[SQP SUPPORT] iter=9 support_size=0 support_limit=-1 support_ok=1
[SQP FINAL] final_violation=0 violated_constraints=0
[SUPPORT FINAL] sqp_union=0 final_active=0 support_limit=-1
[SUPPORT FINAL IDS]
[SUPPORT UNION IDS]
[COLD START RECOVERY CHECK] ordinary_sqp_failed=0 seed_available=1 incompatible=0 try_homotopy=0
[HARNESS RESULT] step=40 success=1 controls=8 first_input_present=1
[MPC STEP METRICS] step=40 applied=1 success=1 fallback=0 a=-0.0432891 omega=0.291746 dt=0.1 acceleration_weight=0.1 steering_weight=0.1 control_cost_unweighted=0.0869897 control_cost_weighted=0.00869897 mpc_cost=-16.9703 solve_time=0.0346712 qp_solve_time=0.0219126 constraint_time=0.00702607 dro_risk_time=0.000422181 ambiguity_radius=0.00243984 certificate=not_requested
[EVAL SAFETY] step=41 min_center_distance=1.00859 min_clearance=0.0585911 collision_this_step=0 collision_run=0 collision_radius=0.95
[PATH COMPLETION] step=41 completion_progress=8.13414 path_length=25 fraction=0.325366 required_fraction=0.95 termination_enabled=1 completed=0
[DRO SUMMARY] step=42 obstacle=0 S=40 rho=0.00242465 rho_raw=0.00242465 D_max=0.0136335 D_min=0.0068334 tv_bound=0.354823 eta=0.177845 eta_raw=0.177845 radius_m=42 radius_d=3 transport_cost=0 budget_usage=0 lambda=0 q_support=3 nominal_risk=0 qstar_risk=0 risk_lift=0 tv=0
[DRO MODE] step=42 obstacle=0 mode=constant_velocity p=0.37931 risk=0 q=0.37931 delta_q=0 q_times_S=15.1724
[DRO MODE] step=42 obstacle=0 mode=turn_left p=0.264368 risk=0 q=0.264368 delta_q=0 q_times_S=10.5747
[DRO MODE] step=42 obstacle=0 mode=turn_right p=0.356322 risk=0 q=0.356322 delta_q=0 q_times_S=14.2529
[DRO SAMPLE] step=42 obstacle=0 mode=constant_velocity q=0.37931 q_times_S=15.1724 first_count=15 first_fraction=0.375 occupancy=120 occupancy_fraction=0.375
[DRO SAMPLE] step=42 obstacle=0 mode=turn_left q=0.264368 q_times_S=10.5747 first_count=11 first_fraction=0.275 occupancy=88 occupancy_fraction=0.275
[DRO SAMPLE] step=42 obstacle=0 mode=turn_right q=0.356322 q_times_S=14.2529 first_count=14 first_fraction=0.35 occupancy=112 occupancy_fraction=0.35
[RF BACKUP] available=1 controls=8 states=9
[FREE POLY] k=1 disc=0 raw=40 facets=5 vertices=8 rho=4.8 anchor_shift=0
[FREE POLY] k=1 disc=1 raw=40 facets=0 vertices=4 rho=0.800001 anchor_shift=0
[FREE POLY] k=1 disc=2 raw=40 facets=3 vertices=6 rho=4.8 anchor_shift=0
[FREE POLY] k=2 disc=0 raw=40 facets=6 vertices=9 rho=5.6 anchor_shift=0
[FREE POLY] k=2 disc=1 raw=40 facets=0 vertices=4 rho=1.6 anchor_shift=0
[FREE POLY] k=2 disc=2 raw=40 facets=3 vertices=6 rho=5.6 anchor_shift=0
[FREE POLY] k=3 disc=0 raw=40 facets=4 vertices=7 rho=6.4 anchor_shift=0
[FREE POLY] k=3 disc=1 raw=40 facets=3 vertices=6 rho=2.4 anchor_shift=0
[FREE POLY] k=3 disc=2 raw=40 facets=3 vertices=6 rho=6.4 anchor_shift=0
[FREE POLY] k=4 disc=0 raw=40 facets=4 vertices=7 rho=7.2 anchor_shift=0
[FREE POLY] k=4 disc=1 raw=40 facets=3 vertices=6 rho=3.2 anchor_shift=0
[FREE POLY] k=4 disc=2 raw=40 facets=3 vertices=6 rho=7.2 anchor_shift=0
[FREE POLY] k=5 disc=0 raw=40 facets=3 vertices=6 rho=8 anchor_shift=0
[FREE POLY] k=5 disc=1 raw=40 facets=2 vertices=5 rho=4 anchor_shift=0
[FREE POLY] k=5 disc=2 raw=40 facets=2 vertices=5 rho=8 anchor_shift=0
[FREE POLY] k=6 disc=0 raw=40 facets=3 vertices=6 rho=8.8 anchor_shift=0
[FREE POLY] k=6 disc=1 raw=40 facets=2 vertices=5 rho=4.8 anchor_shift=0
[FREE POLY] k=6 disc=2 raw=40 facets=2 vertices=5 rho=8.8 anchor_shift=0
[FREE POLY] k=7 disc=0 raw=40 facets=3 vertices=6 rho=9.6 anchor_shift=0
[FREE POLY] k=7 disc=1 raw=40 facets=2 vertices=5 rho=5.6 anchor_shift=0
[FREE POLY] k=7 disc=2 raw=40 facets=2 vertices=5 rho=9.6 anchor_shift=0
[FREE POLY] k=8 disc=0 raw=40 facets=2 vertices=5 rho=10.4 anchor_shift=0
[FREE POLY] k=8 disc=1 raw=40 facets=2 vertices=5 rho=6.4 anchor_shift=0
[FREE POLY] k=8 disc=2 raw=40 facets=2 vertices=5 rho=10.4 anchor_shift=0
[RF SUPPORT SEED] removed=0 support_limit=-1
[SQP] before_solve iter=0 vars=16 constraints=96 max_d=-0.0763481
[QP WORST] iter=0 row=0 type=collision d=-0.0763481
[QP WORST COLLISION] scenario=2 k=1 obstacle=0 disc=0
[SQP] after_solve iter=0 converged=1 status=0 iterations=3 primal_residual=4.03558e-09 dual_residual=3.56135e-06 x_size=16 x_finite=1
[SQP LINESEARCH] iter=0 current_violation=0 accepted_violation=0 accepted=1 alpha=1 delta_u_norm=0.253904
[SQP SUPPORT] iter=0 support_size=0 support_limit=-1 support_ok=1
[SQP] before_solve iter=1 vars=16 constraints=96 max_d=-0.0858271
[QP WORST] iter=1 row=0 type=collision d=-0.0858271
[QP WORST COLLISION] scenario=2 k=1 obstacle=0 disc=0
[SQP] after_solve iter=1 converged=1 status=0 iterations=3 primal_residual=1.02888e-09 dual_residual=3.12387e-06 x_size=16 x_finite=1
[SQP LINESEARCH] iter=1 current_violation=0 accepted_violation=0 accepted=1 alpha=1 delta_u_norm=0.185753
[SQP SUPPORT] iter=1 support_size=0 support_limit=-1 support_ok=1
[SQP] before_solve iter=2 vars=16 constraints=96 max_d=-0.0825777
[QP WORST] iter=2 row=0 type=collision d=-0.0825777
[QP WORST COLLISION] scenario=2 k=1 obstacle=0 disc=0
[SQP] after_solve iter=2 converged=1 status=0 iterations=3 primal_residual=9.18334e-10 dual_residual=1.09719e-06 x_size=16 x_finite=1
[SQP LINESEARCH] iter=2 current_violation=0 accepted_violation=0 accepted=1 alpha=1 delta_u_norm=0.163094
[SQP SUPPORT] iter=2 support_size=0 support_limit=-1 support_ok=1
[SQP] before_solve iter=3 vars=16 constraints=96 max_d=-0.0865501
[QP WORST] iter=3 row=0 type=collision d=-0.0865501
[QP WORST COLLISION] scenario=2 k=1 obstacle=0 disc=0
[SQP] after_solve iter=3 converged=1 status=0 iterations=3 primal_residual=3.78578e-10 dual_residual=1.24742e-06 x_size=16 x_finite=1
[SQP LINESEARCH] iter=3 current_violation=0 accepted_violation=0 accepted=1 alpha=1 delta_u_norm=0.147278
[SQP SUPPORT] iter=3 support_size=0 support_limit=-1 support_ok=1
[SQP] before_solve iter=4 vars=16 constraints=96 max_d=-0.0847166
[QP WORST] iter=4 row=0 type=collision d=-0.0847166
[QP WORST COLLISION] scenario=2 k=1 obstacle=0 disc=0
[SQP] after_solve iter=4 converged=1 status=0 iterations=3 primal_residual=3.21828e-10 dual_residual=6.07806e-07 x_size=16 x_finite=1
[SQP LINESEARCH] iter=4 current_violation=0 accepted_violation=0 accepted=1 alpha=1 delta_u_norm=0.136786
[SQP SUPPORT] iter=4 support_size=0 support_limit=-1 support_ok=1
[SQP] before_solve iter=5 vars=16 constraints=96 max_d=-0.0866142
[QP WORST] iter=5 row=0 type=collision d=-0.0866142
[QP WORST COLLISION] scenario=2 k=1 obstacle=0 disc=0
[SQP] after_solve iter=5 converged=1 status=0 iterations=3 primal_residual=1.69292e-10 dual_residual=6.22793e-07 x_size=16 x_finite=1
[SQP LINESEARCH] iter=5 current_violation=0 accepted_violation=0 accepted=1 alpha=1 delta_u_norm=0.127047
[SQP SUPPORT] iter=5 support_size=0 support_limit=-1 support_ok=1
[SQP] before_solve iter=6 vars=16 constraints=96 max_d=-0.0857241
[QP WORST] iter=6 row=0 type=collision d=-0.0857241
[QP WORST COLLISION] scenario=2 k=1 obstacle=0 disc=0
[SQP] after_solve iter=6 converged=1 status=0 iterations=3 primal_residual=1.36646e-10 dual_residual=3.67225e-07 x_size=16 x_finite=1
[SQP LINESEARCH] iter=6 current_violation=0 accepted_violation=0 accepted=1 alpha=1 delta_u_norm=0.119587
[SQP SUPPORT] iter=6 support_size=0 support_limit=-1 support_ok=1
[SQP] before_solve iter=7 vars=16 constraints=96 max_d=-0.0867245
[QP WORST] iter=7 row=0 type=collision d=-0.0867245
[QP WORST COLLISION] scenario=2 k=1 obstacle=0 disc=0
[SQP] after_solve iter=7 converged=1 status=0 iterations=3 primal_residual=8.44759e-11 dual_residual=3.42027e-07 x_size=16 x_finite=1
[SQP LINESEARCH] iter=7 current_violation=0 accepted_violation=0 accepted=1 alpha=1 delta_u_norm=0.112432
[SQP SUPPORT] iter=7 support_size=0 support_limit=-1 support_ok=1
[SQP] before_solve iter=8 vars=16 constraints=96 max_d=-0.0863595
[QP WORST] iter=8 row=0 type=collision d=-0.0863595
[QP WORST COLLISION] scenario=2 k=1 obstacle=0 disc=0
[SQP] after_solve iter=8 converged=1 status=0 iterations=3 primal_residual=6.13285e-11 dual_residual=2.22051e-07 x_size=16 x_finite=1
[SQP LINESEARCH] iter=8 current_violation=0 accepted_violation=0 accepted=1 alpha=1 delta_u_norm=0.106387
[SQP SUPPORT] iter=8 support_size=0 support_limit=-1 support_ok=1
[SQP] before_solve iter=9 vars=16 constraints=96 max_d=-0.0869431
[QP WORST] iter=9 row=0 type=collision d=-0.0869431
[QP WORST COLLISION] scenario=2 k=1 obstacle=0 disc=0
[SQP] after_solve iter=9 converged=1 status=0 iterations=3 primal_residual=4.44396e-11 dual_residual=1.95232e-07 x_size=16 x_finite=1
[SQP LINESEARCH] iter=9 current_violation=0 accepted_violation=0 accepted=1 alpha=1 delta_u_norm=0.100603
[SQP SUPPORT] iter=9 support_size=0 support_limit=-1 support_ok=1
[SQP FINAL] final_violation=0 violated_constraints=0
[SUPPORT FINAL] sqp_union=0 final_active=0 support_limit=-1
[SUPPORT FINAL IDS]
[SUPPORT UNION IDS]
[COLD START RECOVERY CHECK] ordinary_sqp_failed=0 seed_available=1 incompatible=0 try_homotopy=0
[HARNESS RESULT] step=41 success=1 controls=8 first_input_present=1
[MPC STEP METRICS] step=41 applied=1 success=1 fallback=0 a=-0.0559213 omega=0.321207 dt=0.1 acceleration_weight=0.1 steering_weight=0.1 control_cost_unweighted=0.106301 control_cost_weighted=0.0106301 mpc_cost=-17.1328 solve_time=0.0329842 qp_solve_time=0.0206397 constraint_time=0.00665059 dro_risk_time=0.000403165 ambiguity_radius=0.00242465 certificate=not_requested
[EVAL SAFETY] step=42 min_center_distance=1.04324 min_clearance=0.0932421 collision_this_step=0 collision_run=0 collision_radius=0.95
[DRO SUMMARY] step=43 obstacle=0 S=40 rho=0.00238177 rho_raw=0.00238177 D_max=0.0136335 D_min=0.0068334 tv_bound=0.348548 eta=0.1747 eta_raw=0.1747 radius_m=43 radius_d=3 transport_cost=0 budget_usage=0 lambda=0 q_support=3 nominal_risk=0 qstar_risk=0 risk_lift=0 tv=0
[DRO MODE] step=43 obstacle=0 mode=constant_velocity p=0.393258 risk=0 q=0.393258 delta_q=0 q_times_S=15.7303
[DRO MODE] step=43 obstacle=0 mode=turn_left p=0.258427 risk=0 q=0.258427 delta_q=0 q_times_S=10.3371
[DRO MODE] step=43 obstacle=0 mode=turn_right p=0.348315 risk=0 q=0.348315 delta_q=0 q_times_S=13.9326
[DRO SAMPLE] step=43 obstacle=0 mode=constant_velocity q=0.393258 q_times_S=15.7303 first_count=18 first_fraction=0.45 occupancy=144 occupancy_fraction=0.45
[DRO SAMPLE] step=43 obstacle=0 mode=turn_left q=0.258427 q_times_S=10.3371 first_count=8 first_fraction=0.2 occupancy=64 occupancy_fraction=0.2
[DRO SAMPLE] step=43 obstacle=0 mode=turn_right q=0.348315 q_times_S=13.9326 first_count=14 first_fraction=0.35 occupancy=112 occupancy_fraction=0.35
[RF BACKUP] available=1 controls=8 states=9
[FREE POLY] k=1 disc=0 raw=40 facets=6 vertices=9 rho=4.8 anchor_shift=0
[FREE POLY] k=1 disc=1 raw=40 facets=0 vertices=4 rho=0.800001 anchor_shift=0
[FREE POLY] k=1 disc=2 raw=40 facets=2 vertices=5 rho=4.8 anchor_shift=0
[FREE POLY] k=2 disc=0 raw=40 facets=4 vertices=7 rho=5.6 anchor_shift=0
[FREE POLY] k=2 disc=1 raw=40 facets=0 vertices=4 rho=1.6 anchor_shift=0
[FREE POLY] k=2 disc=2 raw=40 facets=2 vertices=5 rho=5.6 anchor_shift=0
[FREE POLY] k=3 disc=0 raw=40 facets=6 vertices=9 rho=6.4 anchor_shift=0
[FREE POLY] k=3 disc=1 raw=40 facets=3 vertices=7 rho=2.4 anchor_shift=0
[FREE POLY] k=3 disc=2 raw=40 facets=4 vertices=7 rho=6.4 anchor_shift=0
[FREE POLY] k=4 disc=0 raw=40 facets=5 vertices=8 rho=7.2 anchor_shift=0
[FREE POLY] k=4 disc=1 raw=40 facets=4 vertices=7 rho=3.2 anchor_shift=0
[FREE POLY] k=4 disc=2 raw=40 facets=4 vertices=7 rho=7.2 anchor_shift=0
[FREE POLY] k=5 disc=0 raw=40 facets=5 vertices=8 rho=8 anchor_shift=0
[FREE POLY] k=5 disc=1 raw=40 facets=4 vertices=7 rho=4 anchor_shift=0
[FREE POLY] k=5 disc=2 raw=40 facets=4 vertices=7 rho=8 anchor_shift=0
[FREE POLY] k=6 disc=0 raw=40 facets=6 vertices=9 rho=8.8 anchor_shift=0
[FREE POLY] k=6 disc=1 raw=40 facets=4 vertices=7 rho=4.8 anchor_shift=0
[FREE POLY] k=6 disc=2 raw=40 facets=4 vertices=7 rho=8.8 anchor_shift=0
[FREE POLY] k=7 disc=0 raw=40 facets=5 vertices=8 rho=9.6 anchor_shift=0
[FREE POLY] k=7 disc=1 raw=40 facets=4 vertices=7 rho=5.6 anchor_shift=0
[FREE POLY] k=7 disc=2 raw=40 facets=4 vertices=7 rho=9.6 anchor_shift=0
[FREE POLY] k=8 disc=0 raw=40 facets=4 vertices=7 rho=10.4 anchor_shift=0
[FREE POLY] k=8 disc=1 raw=40 facets=4 vertices=7 rho=6.4 anchor_shift=0
[FREE POLY] k=8 disc=2 raw=40 facets=4 vertices=7 rho=10.4 anchor_shift=0
[RF SUPPORT SEED] removed=0 support_limit=-1
[SQP] before_solve iter=0 vars=16 constraints=124 max_d=-0.163483
[QP WORST] iter=0 row=4 type=collision d=-0.163483
[QP WORST COLLISION] scenario=23 k=1 obstacle=0 disc=0
[SQP] after_solve iter=0 converged=1 status=0 iterations=3 primal_residual=4.40403e-16 dual_residual=1.18727e-08 x_size=16 x_finite=1
[SQP LINESEARCH] iter=0 current_violation=0 accepted_violation=0 accepted=1 alpha=1 delta_u_norm=0.247087
[SQP SUPPORT] iter=0 support_size=0 support_limit=-1 support_ok=1
[SQP] before_solve iter=1 vars=16 constraints=124 max_d=-0.170414
[QP WORST] iter=1 row=4 type=collision d=-0.170414
[QP WORST COLLISION] scenario=23 k=1 obstacle=0 disc=0
[SQP] after_solve iter=1 converged=1 status=0 iterations=3 primal_residual=4.38885e-16 dual_residual=1.35853e-09 x_size=16 x_finite=1
[SQP LINESEARCH] iter=1 current_violation=0 accepted_violation=0 accepted=1 alpha=1 delta_u_norm=0.181498
[SQP SUPPORT] iter=1 support_size=0 support_limit=-1 support_ok=1
[SQP] before_solve iter=2 vars=16 constraints=124 max_d=-0.168257
[QP WORST] iter=2 row=4 type=collision d=-0.168257
[QP WORST COLLISION] scenario=23 k=1 obstacle=0 disc=0
[SQP] after_solve iter=2 converged=1 status=0 iterations=3 primal_residual=4.2891e-16 dual_residual=7.53316e-10 x_size=16 x_finite=1
[SQP LINESEARCH] iter=2 current_violation=0 accepted_violation=0 accepted=1 alpha=1 delta_u_norm=0.160501
[SQP SUPPORT] iter=2 support_size=0 support_limit=-1 support_ok=1
[SQP] before_solve iter=3 vars=16 constraints=124 max_d=-0.171201
[QP WORST] iter=3 row=4 type=collision d=-0.171201
[QP WORST COLLISION] scenario=23 k=1 obstacle=0 disc=0
[SQP] after_solve iter=3 converged=1 status=0 iterations=3 primal_residual=4.365e-16 dual_residual=2.14499e-10 x_size=16 x_finite=1
[SQP LINESEARCH] iter=3 current_violation=0 accepted_violation=0 accepted=1 alpha=1 delta_u_norm=0.145995
[SQP SUPPORT] iter=3 support_size=0 support_limit=-1 support_ok=1
[SQP] before_solve iter=4 vars=16 constraints=124 max_d=-0.170038
[QP WORST] iter=4 row=4 type=collision d=-0.170038
[QP WORST COLLISION] scenario=23 k=1 obstacle=0 disc=0
[SQP] after_solve iter=4 converged=1 status=0 iterations=3 primal_residual=4.38885e-16 dual_residual=8.59078e-11 x_size=16 x_finite=1
[SQP LINESEARCH] iter=4 current_violation=0 accepted_violation=0 accepted=1 alpha=1 delta_u_norm=0.135858
[SQP SUPPORT] iter=4 support_size=0 support_limit=-1 support_ok=1
[SQP] before_solve iter=5 vars=16 constraints=124 max_d=-0.171505
[QP WORST] iter=5 row=4 type=collision d=-0.171505
[QP WORST COLLISION] scenario=23 k=1 obstacle=0 disc=0
[SQP] after_solve iter=5 converged=1 status=0 iterations=2 primal_residual=4.32814e-16 dual_residual=6.31195e-05 x_size=16 x_finite=1
[SQP LINESEARCH] iter=5 current_violation=0 accepted_violation=0 accepted=1 alpha=1 delta_u_norm=0.126487
[SQP SUPPORT] iter=5 support_size=0 support_limit=-1 support_ok=1
[SQP] before_solve iter=6 vars=16 constraints=124 max_d=-0.171012
[QP WORST] iter=6 row=4 type=collision d=-0.171012
[QP WORST COLLISION] scenario=23 k=1 obstacle=0 disc=0
[SQP] after_solve iter=6 converged=1 status=0 iterations=3 primal_residual=4.37367e-16 dual_residual=1.71153e-11 x_size=16 x_finite=1
[SQP LINESEARCH] iter=6 current_violation=0 accepted_violation=0 accepted=1 alpha=1 delta_u_norm=0.119162
[SQP SUPPORT] iter=6 support_size=0 support_limit=-1 support_ok=1
[SQP] before_solve iter=7 vars=16 constraints=124 max_d=-0.171818
[QP WORST] iter=7 row=4 type=collision d=-0.171818
[QP WORST COLLISION] scenario=23 k=1 obstacle=0 disc=0
[SQP] after_solve iter=7 converged=1 status=0 iterations=2 primal_residual=4.30211e-16 dual_residual=4.58635e-05 x_size=16 x_finite=1
[SQP LINESEARCH] iter=7 current_violation=0 accepted_violation=0 accepted=1 alpha=1 delta_u_norm=0.112132
[SQP SUPPORT] iter=7 support_size=0 support_limit=-1 support_ok=1
[SQP] before_solve iter=8 vars=16 constraints=124 max_d=-0.171685
[QP WORST] iter=8 row=4 type=collision d=-0.171685
[QP WORST COLLISION] scenario=23 k=1 obstacle=0 disc=0
[SQP] after_solve iter=8 converged=1 status=0 iterations=2 primal_residual=4.28043e-16 dual_residual=5.59506e-05 x_size=16 x_finite=1
[SQP LINESEARCH] iter=8 current_violation=0 accepted_violation=0 accepted=1 alpha=1 delta_u_norm=0.106087
[SQP SUPPORT] iter=8 support_size=0 support_limit=-1 support_ok=1
[SQP] before_solve iter=9 vars=16 constraints=124 max_d=-0.172167
[QP WORST] iter=9 row=4 type=collision d=-0.172167
[QP WORST COLLISION] scenario=23 k=1 obstacle=0 disc=0
[SQP] after_solve iter=9 converged=1 status=0 iterations=2 primal_residual=4.37421e-16 dual_residual=3.23774e-05 x_size=16 x_finite=1
[SQP LINESEARCH] iter=9 current_violation=0 accepted_violation=0 accepted=1 alpha=1 delta_u_norm=0.100409
[SQP SUPPORT] iter=9 support_size=0 support_limit=-1 support_ok=1
[SQP FINAL] final_violation=0 violated_constraints=0
[SUPPORT FINAL] sqp_union=0 final_active=0 support_limit=-1
[SUPPORT FINAL IDS]
[SUPPORT UNION IDS]
[COLD START RECOVERY CHECK] ordinary_sqp_failed=0 seed_available=1 incompatible=0 try_homotopy=0
[HARNESS RESULT] step=42 success=1 controls=8 first_input_present=1
[MPC STEP METRICS] step=42 applied=1 success=1 fallback=0 a=-0.0288063 omega=0.286081 dt=0.1 acceleration_weight=0.1 steering_weight=0.1 control_cost_unweighted=0.082672 control_cost_weighted=0.0082672 mpc_cost=-17.2586 solve_time=0.0346067 qp_solve_time=0.021848 constraint_time=0.00710915 dro_risk_time=0.00040046 ambiguity_radius=0.00238177 certificate=not_requested
[EVAL SAFETY] step=43 min_center_distance=1.12709 min_clearance=0.177091 collision_this_step=0 collision_run=0 collision_radius=0.95
[DRO SUMMARY] step=44 obstacle=0 S=40 rho=0.0023578 rho_raw=0.0023578 D_max=0.0136335 D_min=0.0068334 tv_bound=0.345041 eta=0.172942 eta_raw=0.172942 radius_m=44 radius_d=3 transport_cost=0 budget_usage=0 lambda=0 q_support=3 nominal_risk=0 qstar_risk=0 risk_lift=0 tv=0
[DRO MODE] step=44 obstacle=0 mode=constant_velocity p=0.384615 risk=0 q=0.384615 delta_q=0 q_times_S=15.3846
[DRO MODE] step=44 obstacle=0 mode=turn_left p=0.274725 risk=0 q=0.274725 delta_q=0 q_times_S=10.989
[DRO MODE] step=44 obstacle=0 mode=turn_right p=0.340659 risk=0 q=0.340659 delta_q=0 q_times_S=13.6264
[DRO SAMPLE] step=44 obstacle=0 mode=constant_velocity q=0.384615 q_times_S=15.3846 first_count=18 first_fraction=0.45 occupancy=144 occupancy_fraction=0.45
[DRO SAMPLE] step=44 obstacle=0 mode=turn_left q=0.274725 q_times_S=10.989 first_count=6 first_fraction=0.15 occupancy=48 occupancy_fraction=0.15
[DRO SAMPLE] step=44 obstacle=0 mode=turn_right q=0.340659 q_times_S=13.6264 first_count=16 first_fraction=0.4 occupancy=128 occupancy_fraction=0.4
[RF BACKUP] available=1 controls=8 states=9
[FREE POLY] k=1 disc=0 raw=40 facets=4 vertices=7 rho=4.8 anchor_shift=0
[FREE POLY] k=1 disc=1 raw=40 facets=0 vertices=4 rho=0.800001 anchor_shift=0
[FREE POLY] k=1 disc=2 raw=40 facets=3 vertices=6 rho=4.8 anchor_shift=0
[FREE POLY] k=2 disc=0 raw=40 facets=4 vertices=7 rho=5.6 anchor_shift=0
[FREE POLY] k=2 disc=1 raw=40 facets=0 vertices=4 rho=1.6 anchor_shift=0
[FREE POLY] k=2 disc=2 raw=40 facets=4 vertices=7 rho=5.6 anchor_shift=0
[FREE POLY] k=3 disc=0 raw=40 facets=3 vertices=6 rho=6.4 anchor_shift=0
[FREE POLY] k=3 disc=1 raw=40 facets=1 vertices=5 rho=2.4 anchor_shift=0
[FREE POLY] k=3 disc=2 raw=40 facets=3 vertices=6 rho=6.4 anchor_shift=0
[FREE POLY] k=4 disc=0 raw=40 facets=3 vertices=6 rho=7.2 anchor_shift=0
[FREE POLY] k=4 disc=1 raw=40 facets=3 vertices=6 rho=3.2 anchor_shift=0
[FREE POLY] k=4 disc=2 raw=40 facets=3 vertices=6 rho=7.2 anchor_shift=0
[FREE POLY] k=5 disc=0 raw=40 facets=3 vertices=6 rho=8 anchor_shift=0
[FREE POLY] k=5 disc=1 raw=40 facets=3 vertices=6 rho=4 anchor_shift=0
[FREE POLY] k=5 disc=2 raw=40 facets=3 vertices=6 rho=8 anchor_shift=0
[FREE POLY] k=6 disc=0 raw=40 facets=3 vertices=6 rho=8.8 anchor_shift=0
[FREE POLY] k=6 disc=1 raw=40 facets=3 vertices=6 rho=4.8 anchor_shift=0
[FREE POLY] k=6 disc=2 raw=40 facets=3 vertices=6 rho=8.8 anchor_shift=0
[FREE POLY] k=7 disc=0 raw=40 facets=4 vertices=7 rho=9.6 anchor_shift=0
[FREE POLY] k=7 disc=1 raw=40 facets=3 vertices=6 rho=5.6 anchor_shift=0
[FREE POLY] k=7 disc=2 raw=40 facets=3 vertices=6 rho=9.6 anchor_shift=0
[FREE POLY] k=8 disc=0 raw=40 facets=3 vertices=6 rho=10.4 anchor_shift=0
[FREE POLY] k=8 disc=1 raw=40 facets=2 vertices=5 rho=6.4 anchor_shift=0
[FREE POLY] k=8 disc=2 raw=40 facets=2 vertices=5 rho=10.4 anchor_shift=0
[RF SUPPORT SEED] removed=0 support_limit=-1
[SQP] before_solve iter=0 vars=16 constraints=98 max_d=-0.287167
[QP WORST] iter=0 row=3 type=collision d=-0.287167
[QP WORST COLLISION] scenario=35 k=1 obstacle=0 disc=0
[SQP] after_solve iter=0 converged=1 status=0 iterations=3 primal_residual=4.26742e-16 dual_residual=6.20642e-10 x_size=16 x_finite=1
[SQP LINESEARCH] iter=0 current_violation=0 accepted_violation=0 accepted=1 alpha=1 delta_u_norm=0.241861
[SQP SUPPORT] iter=0 support_size=0 support_limit=-1 support_ok=1
[SQP] before_solve iter=1 vars=16 constraints=98 max_d=-0.291961
[QP WORST] iter=1 row=3 type=collision d=-0.291961
[QP WORST COLLISION] scenario=35 k=1 obstacle=0 disc=0
[SQP] after_solve iter=1 converged=1 status=0 iterations=2 primal_residual=4.31729e-16 dual_residual=9.17526e-05 x_size=16 x_finite=1
[SQP LINESEARCH] iter=1 current_violation=0 accepted_violation=0 accepted=1 alpha=1 delta_u_norm=0.177705
[SQP SUPPORT] iter=1 support_size=0 support_limit=-1 support_ok=1
[SQP] before_solve iter=2 vars=16 constraints=98 max_d=-0.290406
[QP WORST] iter=2 row=3 type=collision d=-0.290406
[QP WORST COLLISION] scenario=35 k=1 obstacle=0 disc=0
[SQP] after_solve iter=2 converged=1 status=0 iterations=2 primal_residual=4.33464e-16 dual_residual=8.757e-05 x_size=16 x_finite=1
[SQP LINESEARCH] iter=2 current_violation=0 accepted_violation=0 accepted=1 alpha=1 delta_u_norm=0.157846
[SQP SUPPORT] iter=2 support_size=0 support_limit=-1 support_ok=1
[SQP] before_solve iter=3 vars=16 constraints=98 max_d=-0.292321
[QP WORST] iter=3 row=3 type=collision d=-0.292321
[QP WORST COLLISION] scenario=35 k=1 obstacle=0 disc=0
[SQP] after_solve iter=3 converged=1 status=0 iterations=2 primal_residual=4.35849e-16 dual_residual=3.42128e-05 x_size=16 x_finite=1
[SQP LINESEARCH] iter=3 current_violation=0 accepted_violation=0 accepted=1 alpha=1 delta_u_norm=0.144611
[SQP SUPPORT] iter=3 support_size=0 support_limit=-1 support_ok=1
[SQP] before_solve iter=4 vars=16 constraints=98 max_d=-0.291573
[QP WORST] iter=4 row=3 type=collision d=-0.291573
[QP WORST COLLISION] scenario=35 k=1 obstacle=0 disc=0
[SQP] after_solve iter=4 converged=1 status=0 iterations=2 primal_residual=4.27826e-16 dual_residual=4.7134e-05 x_size=16 x_finite=1
[SQP LINESEARCH] iter=4 current_violation=0 accepted_violation=0 accepted=1 alpha=1 delta_u_norm=0.134798
[SQP SUPPORT] iter=4 support_size=0 support_limit=-1 support_ok=1
[SQP] before_solve iter=5 vars=16 constraints=98 max_d=-0.292495
[QP WORST] iter=5 row=3 type=collision d=-0.292495
[QP WORST COLLISION] scenario=35 k=1 obstacle=0 disc=0
[SQP] after_solve iter=5 converged=1 status=0 iterations=2 primal_residual=4.35795e-16 dual_residual=2.4714e-05 x_size=16 x_finite=1
[SQP LINESEARCH] iter=5 current_violation=0 accepted_violation=0 accepted=1 alpha=1 delta_u_norm=0.126052
[SQP SUPPORT] iter=5 support_size=0 support_limit=-1 support_ok=1
[SQP] before_solve iter=6 vars=16 constraints=98 max_d=-0.29221
[QP WORST] iter=6 row=3 type=collision d=-0.29221
[QP WORST COLLISION] scenario=35 k=1 obstacle=0 disc=0
[SQP] after_solve iter=6 converged=1 status=0 iterations=2 primal_residual=4.31512e-16 dual_residual=2.73491e-05 x_size=16 x_finite=1
[SQP LINESEARCH] iter=6 current_violation=0 accepted_violation=0 accepted=1 alpha=1 delta_u_norm=0.118742
[SQP SUPPORT] iter=6 support_size=0 support_limit=-1 support_ok=1
[SQP] before_solve iter=7 vars=16 constraints=98 max_d=-0.292729
[QP WORST] iter=7 row=3 type=collision d=-0.292729
[QP WORST COLLISION] scenario=35 k=1 obstacle=0 disc=0
[SQP] after_solve iter=7 converged=1 status=0 iterations=2 primal_residual=4.3303e-16 dual_residual=1.72984e-05 x_size=16 x_finite=1
[SQP LINESEARCH] iter=7 current_violation=0 accepted_violation=0 accepted=1 alpha=1 delta_u_norm=0.111965
[SQP SUPPORT] iter=7 support_size=0 support_limit=-1 support_ok=1
[SQP] before_solve iter=8 vars=16 constraints=98 max_d=-0.292684
[QP WORST] iter=8 row=3 type=collision d=-0.292684
[QP WORST COLLISION] scenario=35 k=1 obstacle=0 disc=0
[SQP] after_solve iter=8 converged=1 status=0 iterations=2 primal_residual=4.00423e-16 dual_residual=1.68069e-05 x_size=16 x_finite=1
[SQP LINESEARCH] iter=8 current_violation=0 accepted_violation=0 accepted=1 alpha=1 delta_u_norm=0.105951
[SQP SUPPORT] iter=8 support_size=0 support_limit=-1 support_ok=1
[SQP] before_solve iter=9 vars=16 constraints=98 max_d=-0.293027
[QP WORST] iter=9 row=3 type=collision d=-0.293027
[QP WORST COLLISION] scenario=35 k=1 obstacle=0 disc=0
[SQP] after_solve iter=9 converged=1 status=0 iterations=2 primal_residual=4.12864e-16 dual_residual=1.18863e-05 x_size=16 x_finite=1
[SQP LINESEARCH] iter=9 current_violation=0 accepted_violation=0 accepted=1 alpha=1 delta_u_norm=0.10032
[SQP SUPPORT] iter=9 support_size=0 support_limit=-1 support_ok=1
[SQP FINAL] final_violation=0 violated_constraints=0
[SUPPORT FINAL] sqp_union=0 final_active=0 support_limit=-1
[SUPPORT FINAL IDS]
[SUPPORT UNION IDS]
[COLD START RECOVERY CHECK] ordinary_sqp_failed=0 seed_available=1 incompatible=0 try_homotopy=0
[HARNESS RESULT] step=43 success=1 controls=8 first_input_present=1
[MPC STEP METRICS] step=43 applied=1 success=1 fallback=0 a=-0.0161239 omega=0.248274 dt=0.1 acceleration_weight=0.1 steering_weight=0.1 control_cost_unweighted=0.0618999 control_cost_weighted=0.00618999 mpc_cost=-17.3495 solve_time=0.0326777 qp_solve_time=0.0205121 constraint_time=0.00655521 dro_risk_time=0.000401401 ambiguity_radius=0.0023578 certificate=not_requested
[EVAL SAFETY] step=44 min_center_distance=1.24832 min_clearance=0.29832 collision_this_step=0 collision_run=0 collision_radius=0.95
[DRO SUMMARY] step=45 obstacle=0 S=40 rho=0.00233285 rho_raw=0.00233285 D_max=0.0136335 D_min=0.0068334 tv_bound=0.341389 eta=0.171112 eta_raw=0.171112 radius_m=45 radius_d=3 transport_cost=0 budget_usage=0 lambda=0 q_support=3 nominal_risk=0 qstar_risk=0 risk_lift=0 tv=0
[DRO MODE] step=45 obstacle=0 mode=constant_velocity p=0.376344 risk=0 q=0.376344 delta_q=0 q_times_S=15.0538
[DRO MODE] step=45 obstacle=0 mode=turn_left p=0.290323 risk=0 q=0.290323 delta_q=0 q_times_S=11.6129
[DRO MODE] step=45 obstacle=0 mode=turn_right p=0.333333 risk=0 q=0.333333 delta_q=0 q_times_S=13.3333
[DRO SAMPLE] step=45 obstacle=0 mode=constant_velocity q=0.376344 q_times_S=15.0538 first_count=14 first_fraction=0.35 occupancy=112 occupancy_fraction=0.35
[DRO SAMPLE] step=45 obstacle=0 mode=turn_left q=0.290323 q_times_S=11.6129 first_count=12 first_fraction=0.3 occupancy=96 occupancy_fraction=0.3
[DRO SAMPLE] step=45 obstacle=0 mode=turn_right q=0.333333 q_times_S=13.3333 first_count=14 first_fraction=0.35 occupancy=112 occupancy_fraction=0.35
[RF BACKUP] available=1 controls=8 states=9
[FREE POLY] k=1 disc=0 raw=40 facets=3 vertices=6 rho=4.8 anchor_shift=0
[FREE POLY] k=1 disc=1 raw=40 facets=0 vertices=4 rho=0.800001 anchor_shift=0
[FREE POLY] k=1 disc=2 raw=40 facets=3 vertices=6 rho=4.8 anchor_shift=0
[FREE POLY] k=2 disc=0 raw=40 facets=3 vertices=6 rho=5.6 anchor_shift=0
[FREE POLY] k=2 disc=1 raw=40 facets=0 vertices=4 rho=1.6 anchor_shift=0
[FREE POLY] k=2 disc=2 raw=40 facets=3 vertices=6 rho=5.6 anchor_shift=0
[FREE POLY] k=3 disc=0 raw=40 facets=3 vertices=6 rho=6.4 anchor_shift=0
[FREE POLY] k=3 disc=1 raw=40 facets=0 vertices=4 rho=2.4 anchor_shift=0
[FREE POLY] k=3 disc=2 raw=40 facets=3 vertices=6 rho=6.4 anchor_shift=0
[FREE POLY] k=4 disc=0 raw=40 facets=3 vertices=6 rho=7.2 anchor_shift=0
[FREE POLY] k=4 disc=1 raw=40 facets=2 vertices=5 rho=3.2 anchor_shift=0
[FREE POLY] k=4 disc=2 raw=40 facets=2 vertices=5 rho=7.2 anchor_shift=0
[FREE POLY] k=5 disc=0 raw=40 facets=3 vertices=6 rho=8 anchor_shift=0
[FREE POLY] k=5 disc=1 raw=40 facets=2 vertices=5 rho=4 anchor_shift=0
[FREE POLY] k=5 disc=2 raw=40 facets=3 vertices=6 rho=8 anchor_shift=0
[FREE POLY] k=6 disc=0 raw=40 facets=3 vertices=6 rho=8.8 anchor_shift=0
[FREE POLY] k=6 disc=1 raw=40 facets=3 vertices=6 rho=4.8 anchor_shift=0
[FREE POLY] k=6 disc=2 raw=40 facets=3 vertices=6 rho=8.8 anchor_shift=0
[FREE POLY] k=7 disc=0 raw=40 facets=3 vertices=6 rho=9.6 anchor_shift=0
[FREE POLY] k=7 disc=1 raw=40 facets=3 vertices=6 rho=5.6 anchor_shift=0
[FREE POLY] k=7 disc=2 raw=40 facets=3 vertices=6 rho=9.6 anchor_shift=0
[FREE POLY] k=8 disc=0 raw=40 facets=3 vertices=6 rho=10.4 anchor_shift=0
[FREE POLY] k=8 disc=1 raw=40 facets=3 vertices=6 rho=6.4 anchor_shift=0
[FREE POLY] k=8 disc=2 raw=40 facets=3 vertices=6 rho=10.4 anchor_shift=0
[RF SUPPORT SEED] removed=0 support_limit=-1
[SQP] before_solve iter=0 vars=16 constraints=92 max_d=-0.439592
[QP WORST] iter=0 row=2 type=collision d=-0.439592
[QP WORST COLLISION] scenario=10 k=1 obstacle=0 disc=0
[SQP] after_solve iter=0 converged=1 status=0 iterations=2 primal_residual=4.4062e-16 dual_residual=8.50116e-05 x_size=16 x_finite=1
[SQP LINESEARCH] iter=0 current_violation=0 accepted_violation=0 accepted=1 alpha=1 delta_u_norm=0.237523
[SQP SUPPORT] iter=0 support_size=0 support_limit=-1 support_ok=1
[SQP] before_solve iter=1 vars=16 constraints=92 max_d=-0.442926
[QP WORST] iter=1 row=2 type=collision d=-0.442926
[QP WORST COLLISION] scenario=10 k=1 obstacle=0 disc=0
[SQP] after_solve iter=1 converged=1 status=0 iterations=2 primal_residual=4.44089e-16 dual_residual=6.26869e-05 x_size=16 x_finite=1
[SQP LINESEARCH] iter=1 current_violation=0 accepted_violation=0 accepted=1 alpha=1 delta_u_norm=0.175321
[SQP SUPPORT] iter=1 support_size=0 support_limit=-1 support_ok=1
[SQP] before_solve iter=2 vars=16 constraints=92 max_d=-0.441791
[QP WORST] iter=2 row=2 type=collision d=-0.441791
[QP WORST COLLISION] scenario=10 k=1 obstacle=0 disc=0
[SQP] after_solve iter=2 converged=1 status=0 iterations=2 primal_residual=3.52149e-16 dual_residual=4.84816e-05 x_size=16 x_finite=1
[SQP LINESEARCH] iter=2 current_violation=0 accepted_violation=0 accepted=1 alpha=1 delta_u_norm=0.156545
[SQP SUPPORT] iter=2 support_size=0 support_limit=-1 support_ok=1
[SQP] before_solve iter=3 vars=16 constraints=92 max_d=-0.443063
[QP WORST] iter=3 row=2 type=collision d=-0.443063
[QP WORST COLLISION] scenario=10 k=1 obstacle=0 disc=0
[SQP] after_solve iter=3 converged=1 status=0 iterations=2 primal_residual=4.3959e-16 dual_residual=2.64677e-05 x_size=16 x_finite=1
[SQP LINESEARCH] iter=3 current_violation=0 accepted_violation=0 accepted=1 alpha=1 delta_u_norm=0.143997
[SQP SUPPORT] iter=3 support_size=0 support_limit=-1 support_ok=1
[SQP] before_solve iter=4 vars=16 constraints=92 max_d=-0.442468
[QP WORST] iter=4 row=2 type=collision d=-0.442468
[QP WORST COLLISION] scenario=10 k=1 obstacle=0 disc=0
[SQP] after_solve iter=4 converged=1 status=0 iterations=2 primal_residual=4.20454e-16 dual_residual=2.73076e-05 x_size=16 x_finite=1
[SQP LINESEARCH] iter=4 current_violation=0 accepted_violation=0 accepted=1 alpha=1 delta_u_norm=0.134399
[SQP SUPPORT] iter=4 support_size=0 support_limit=-1 support_ok=1
[SQP] before_solve iter=5 vars=16 constraints=92 max_d=-0.443051
[QP WORST] iter=5 row=2 type=collision d=-0.443051
[QP WORST COLLISION] scenario=10 k=1 obstacle=0 disc=0
[SQP] after_solve iter=5 converged=1 status=0 iterations=2 primal_residual=4.26037e-16 dual_residual=1.55669e-05 x_size=16 x_finite=1
[SQP LINESEARCH] iter=5 current_violation=0 accepted_violation=0 accepted=1 alpha=1 delta_u_norm=0.125853
[SQP SUPPORT] iter=5 support_size=0 support_limit=-1 support_ok=1
[SQP] before_solve iter=6 vars=16 constraints=92 max_d=-0.44279
[QP WORST] iter=6 row=2 type=collision d=-0.44279
[QP WORST COLLISION] scenario=10 k=1 obstacle=0 disc=0
[SQP] after_solve iter=6 converged=1 status=0 iterations=2 primal_residual=4.42788e-16 dual_residual=1.64081e-05 x_size=16 x_finite=1
[SQP LINESEARCH] iter=6 current_violation=0 accepted_violation=0 accepted=1 alpha=1 delta_u_norm=0.11858
[SQP SUPPORT] iter=6 support_size=0 support_limit=-1 support_ok=1
[SQP] before_solve iter=7 vars=16 constraints=92 max_d=-0.4431
[QP WORST] iter=7 row=2 type=collision d=-0.4431
[QP WORST COLLISION] scenario=10 k=1 obstacle=0 disc=0
[SQP] after_solve iter=7 converged=1 status=0 iterations=2 primal_residual=4.25007e-16 dual_residual=1.08864e-05 x_size=16 x_finite=1
[SQP LINESEARCH] iter=7 current_violation=0 accepted_violation=0 accepted=1 alpha=1 delta_u_norm=0.111865
[SQP SUPPORT] iter=7 support_size=0 support_limit=-1 support_ok=1
[SQP] before_solve iter=8 vars=16 constraints=92 max_d=-0.443017
[QP WORST] iter=8 row=2 type=collision d=-0.443017
[QP WORST COLLISION] scenario=10 k=1 obstacle=0 disc=0
[SQP] after_solve iter=8 converged=1 status=0 iterations=2 primal_residual=4.16334e-16 dual_residual=1.03514e-05 x_size=16 x_finite=1
[SQP LINESEARCH] iter=8 current_violation=0 accepted_violation=0 accepted=1 alpha=1 delta_u_norm=0.105857
[SQP SUPPORT] iter=8 support_size=0 support_limit=-1 support_ok=1
[SQP] before_solve iter=9 vars=16 constraints=92 max_d=-0.443212
[QP WORST] iter=9 row=2 type=collision d=-0.443212
[QP WORST COLLISION] scenario=10 k=1 obstacle=0 disc=0
[SQP] after_solve iter=9 converged=1 status=0 iterations=2 primal_residual=4.1449e-16 dual_residual=7.53315e-06 x_size=16 x_finite=1
[SQP LINESEARCH] iter=9 current_violation=0 accepted_violation=0 accepted=1 alpha=1 delta_u_norm=0.100249
[SQP SUPPORT] iter=9 support_size=0 support_limit=-1 support_ok=1
[SQP FINAL] final_violation=0 violated_constraints=0
[SUPPORT FINAL] sqp_union=0 final_active=0 support_limit=-1
[SUPPORT FINAL IDS]
[SUPPORT UNION IDS]
[COLD START RECOVERY CHECK] ordinary_sqp_failed=0 seed_available=1 incompatible=0 try_homotopy=0
[HARNESS RESULT] step=44 success=1 controls=8 first_input_present=1
[MPC STEP METRICS] step=44 applied=1 success=1 fallback=0 a=-0.0200588 omega=0.172532 dt=0.1 acceleration_weight=0.1 steering_weight=0.1 control_cost_unweighted=0.0301697 control_cost_weighted=0.00301697 mpc_cost=-17.4148 solve_time=0.0320972 qp_solve_time=0.0200438 constraint_time=0.00643093 dro_risk_time=0.000401081 ambiguity_radius=0.00233285 certificate=not_requested
[EVAL SAFETY] step=45 min_center_distance=1.39883 min_clearance=0.44883 collision_this_step=0 collision_run=0 collision_radius=0.95
[DRO SUMMARY] step=46 obstacle=0 S=40 rho=0.00229463 rho_raw=0.00229463 D_max=0.0136335 D_min=0.0068334 tv_bound=0.335796 eta=0.168309 eta_raw=0.168309 radius_m=46 radius_d=3 transport_cost=0 budget_usage=0 lambda=0 q_support=3 nominal_risk=0 qstar_risk=0 risk_lift=0 tv=0
[DRO MODE] step=46 obstacle=0 mode=constant_velocity p=0.389474 risk=0 q=0.389474 delta_q=0 q_times_S=15.5789
[DRO MODE] step=46 obstacle=0 mode=turn_left p=0.284211 risk=0 q=0.284211 delta_q=0 q_times_S=11.3684
[DRO MODE] step=46 obstacle=0 mode=turn_right p=0.326316 risk=0 q=0.326316 delta_q=0 q_times_S=13.0526
[DRO SAMPLE] step=46 obstacle=0 mode=constant_velocity q=0.389474 q_times_S=15.5789 first_count=20 first_fraction=0.5 occupancy=160 occupancy_fraction=0.5
[DRO SAMPLE] step=46 obstacle=0 mode=turn_left q=0.284211 q_times_S=11.3684 first_count=11 first_fraction=0.275 occupancy=88 occupancy_fraction=0.275
[DRO SAMPLE] step=46 obstacle=0 mode=turn_right q=0.326316 q_times_S=13.0526 first_count=9 first_fraction=0.225 occupancy=72 occupancy_fraction=0.225
[RF BACKUP] available=1 controls=8 states=9
[FREE POLY] k=1 disc=0 raw=40 facets=2 vertices=5 rho=4.8 anchor_shift=0
[FREE POLY] k=1 disc=1 raw=40 facets=0 vertices=4 rho=0.800001 anchor_shift=0
[FREE POLY] k=1 disc=2 raw=40 facets=2 vertices=5 rho=4.8 anchor_shift=0
[FREE POLY] k=2 disc=0 raw=40 facets=2 vertices=5 rho=5.6 anchor_shift=0
[FREE POLY] k=2 disc=1 raw=40 facets=0 vertices=4 rho=1.6 anchor_shift=0
[FREE POLY] k=2 disc=2 raw=40 facets=2 vertices=5 rho=5.6 anchor_shift=0
[FREE POLY] k=3 disc=0 raw=40 facets=3 vertices=6 rho=6.4 anchor_shift=0
[FREE POLY] k=3 disc=1 raw=40 facets=0 vertices=4 rho=2.4 anchor_shift=0
[FREE POLY] k=3 disc=2 raw=40 facets=3 vertices=6 rho=6.4 anchor_shift=0
[FREE POLY] k=4 disc=0 raw=40 facets=5 vertices=8 rho=7.2 anchor_shift=0
[FREE POLY] k=4 disc=1 raw=40 facets=4 vertices=8 rho=3.2 anchor_shift=0
[FREE POLY] k=4 disc=2 raw=40 facets=5 vertices=8 rho=7.2 anchor_shift=0
[FREE POLY] k=5 disc=0 raw=40 facets=5 vertices=8 rho=8 anchor_shift=0
[FREE POLY] k=5 disc=1 raw=40 facets=4 vertices=7 rho=4 anchor_shift=0
[FREE POLY] k=5 disc=2 raw=40 facets=4 vertices=7 rho=8 anchor_shift=0
[FREE POLY] k=6 disc=0 raw=40 facets=5 vertices=8 rho=8.8 anchor_shift=0
[FREE POLY] k=6 disc=1 raw=40 facets=4 vertices=7 rho=4.8 anchor_shift=0
[FREE POLY] k=6 disc=2 raw=40 facets=5 vertices=8 rho=8.8 anchor_shift=0
[FREE POLY] k=7 disc=0 raw=40 facets=5 vertices=8 rho=9.6 anchor_shift=0
[FREE POLY] k=7 disc=1 raw=40 facets=4 vertices=7 rho=5.6 anchor_shift=0
[FREE POLY] k=7 disc=2 raw=40 facets=4 vertices=7 rho=9.6 anchor_shift=0
[FREE POLY] k=8 disc=0 raw=40 facets=6 vertices=9 rho=10.4 anchor_shift=0
[FREE POLY] k=8 disc=1 raw=40 facets=5 vertices=8 rho=6.4 anchor_shift=0
[FREE POLY] k=8 disc=2 raw=40 facets=5 vertices=8 rho=10.4 anchor_shift=0
[RF SUPPORT SEED] removed=0 support_limit=-1
[SQP] before_solve iter=0 vars=16 constraints=116 max_d=-0.603701
[QP WORST] iter=0 row=0 type=collision d=-0.603701
[QP WORST COLLISION] scenario=27 k=1 obstacle=0 disc=0
[SQP] after_solve iter=0 converged=1 status=0 iterations=2 primal_residual=4.39861e-16 dual_residual=7.13938e-05 x_size=16 x_finite=1
[SQP LINESEARCH] iter=0 current_violation=0 accepted_violation=0 accepted=1 alpha=1 delta_u_norm=0.234974
[SQP SUPPORT] iter=0 support_size=0 support_limit=-1 support_ok=1
[SQP] before_solve iter=1 vars=16 constraints=116 max_d=-0.606098
[QP WORST] iter=1 row=0 type=collision d=-0.606098
[QP WORST COLLISION] scenario=27 k=1 obstacle=0 disc=0
[SQP] after_solve iter=1 converged=1 status=0 iterations=2 primal_residual=4.19803e-16 dual_residual=5.04884e-05 x_size=16 x_finite=1
[SQP LINESEARCH] iter=1 current_violation=0 accepted_violation=0 accepted=1 alpha=1 delta_u_norm=0.173864
[SQP SUPPORT] iter=1 support_size=0 support_limit=-1 support_ok=1
[SQP] before_solve iter=2 vars=16 constraints=116 max_d=-0.605341
[QP WORST] iter=2 row=0 type=collision d=-0.605341
[QP WORST COLLISION] scenario=27 k=1 obstacle=0 disc=0
[SQP] after_solve iter=2 converged=1 status=0 iterations=2 primal_residual=4.41921e-16 dual_residual=4.10303e-05 x_size=16 x_finite=1
[SQP LINESEARCH] iter=2 current_violation=0 accepted_violation=0 accepted=1 alpha=1 delta_u_norm=0.155713
[SQP SUPPORT] iter=2 support_size=0 support_limit=-1 support_ok=1
[SQP] before_solve iter=3 vars=16 constraints=116 max_d=-0.606233
[QP WORST] iter=3 row=0 type=collision d=-0.606233
[QP WORST COLLISION] scenario=27 k=1 obstacle=0 disc=0
[SQP] after_solve iter=3 converged=1 status=0 iterations=2 primal_residual=4.23381e-16 dual_residual=2.12982e-05 x_size=16 x_finite=1
[SQP LINESEARCH] iter=3 current_violation=0 accepted_violation=0 accepted=1 alpha=1 delta_u_norm=0.143617
[SQP SUPPORT] iter=3 support_size=0 support_limit=-1 support_ok=1
[SQP] before_solve iter=4 vars=16 constraints=116 max_d=-0.60583
[QP WORST] iter=4 row=0 type=collision d=-0.60583
[QP WORST COLLISION] scenario=27 k=1 obstacle=0 disc=0
[SQP] after_solve iter=4 converged=1 status=0 iterations=2 primal_residual=4.4062e-16 dual_residual=2.3052e-05 x_size=16 x_finite=1
[SQP LINESEARCH] iter=4 current_violation=0 accepted_violation=0 accepted=1 alpha=1 delta_u_norm=0.134127
[SQP SUPPORT] iter=4 support_size=0 support_limit=-1 support_ok=1
[SQP] before_solve iter=5 vars=16 constraints=116 max_d=-0.606248
[QP WORST] iter=5 row=0 type=collision d=-0.606248
[QP WORST COLLISION] scenario=27 k=1 obstacle=0 disc=0
[SQP] after_solve iter=5 converged=1 status=0 iterations=2 primal_residual=4.3444e-16 dual_residual=1.31448e-05 x_size=16 x_finite=1
[SQP LINESEARCH] iter=5 current_violation=0 accepted_violation=0 accepted=1 alpha=1 delta_u_norm=0.125719
[SQP SUPPORT] iter=5 support_size=0 support_limit=-1 support_ok=1
[SQP] before_solve iter=6 vars=16 constraints=116 max_d=-0.606082
[QP WORST] iter=6 row=0 type=collision d=-0.606082
[QP WORST COLLISION] scenario=27 k=1 obstacle=0 disc=0
[SQP] after_solve iter=6 converged=1 status=0 iterations=2 primal_residual=4.41487e-16 dual_residual=1.38164e-05 x_size=16 x_finite=1
[SQP LINESEARCH] iter=6 current_violation=0 accepted_violation=0 accepted=1 alpha=1 delta_u_norm=0.11846
[SQP SUPPORT] iter=6 support_size=0 support_limit=-1 support_ok=1
[SQP] before_solve iter=7 vars=16 constraints=116 max_d=-0.606316
[QP WORST] iter=7 row=0 type=collision d=-0.606316
[QP WORST COLLISION] scenario=27 k=1 obstacle=0 disc=0
[SQP] after_solve iter=7 converged=1 status=0 iterations=2 primal_residual=4.41718e-16 dual_residual=9.15726e-06 x_size=16 x_finite=1
[SQP LINESEARCH] iter=7 current_violation=0 accepted_violation=0 accepted=1 alpha=1 delta_u_norm=0.111793
[SQP SUPPORT] iter=7 support_size=0 support_limit=-1 support_ok=1
[SQP] before_solve iter=8 vars=16 constraints=116 max_d=-0.606276
[QP WORST] iter=8 row=0 type=collision d=-0.606276
[QP WORST COLLISION] scenario=27 k=1 obstacle=0 disc=0
[SQP] after_solve iter=8 converged=1 status=0 iterations=2 primal_residual=4.42354e-16 dual_residual=8.7348e-06 x_size=16 x_finite=1
[SQP LINESEARCH] iter=8 current_violation=0 accepted_violation=0 accepted=1 alpha=1 delta_u_norm=0.105785
[SQP SUPPORT] iter=8 support_size=0 support_limit=-1 support_ok=1
[SQP] before_solve iter=9 vars=16 constraints=116 max_d=-0.606431
[QP WORST] iter=9 row=0 type=collision d=-0.606431
[QP WORST COLLISION] scenario=27 k=1 obstacle=0 disc=0
[SQP] after_solve iter=9 converged=1 status=0 iterations=2 primal_residual=4.17309e-16 dual_residual=6.63079e-06 x_size=16 x_finite=1
[SQP LINESEARCH] iter=9 current_violation=0 accepted_violation=0 accepted=1 alpha=1 delta_u_norm=0.100196
[SQP SUPPORT] iter=9 support_size=0 support_limit=-1 support_ok=1
[SQP FINAL] final_violation=0 violated_constraints=0
[SUPPORT FINAL] sqp_union=0 final_active=0 support_limit=-1
[SUPPORT FINAL IDS]
[SUPPORT UNION IDS]
[COLD START RECOVERY CHECK] ordinary_sqp_failed=0 seed_available=1 incompatible=0 try_homotopy=0
[HARNESS RESULT] step=45 success=1 controls=8 first_input_present=1
[MPC STEP METRICS] step=45 applied=1 success=1 fallback=0 a=-0.0101929 omega=0.185853 dt=0.1 acceleration_weight=0.1 steering_weight=0.1 control_cost_unweighted=0.0346454 control_cost_weighted=0.00346454 mpc_cost=-17.4617 solve_time=0.0338987 qp_solve_time=0.0213343 constraint_time=0.00699462 dro_risk_time=0.000403295 ambiguity_radius=0.00229463 certificate=not_requested
[EVAL SAFETY] step=46 min_center_distance=1.56151 min_clearance=0.611511 collision_this_step=0 collision_run=0 collision_radius=0.95
[DRO SUMMARY] step=47 obstacle=0 S=40 rho=0.00227057 rho_raw=0.00227057 D_max=0.0136335 D_min=0.0068334 tv_bound=0.332276 eta=0.166544 eta_raw=0.166544 radius_m=47 radius_d=3 transport_cost=0 budget_usage=0 lambda=0 q_support=3 nominal_risk=0 qstar_risk=0 risk_lift=0 tv=0
[DRO MODE] step=47 obstacle=0 mode=constant_velocity p=0.381443 risk=0 q=0.381443 delta_q=0 q_times_S=15.2577
[DRO MODE] step=47 obstacle=0 mode=turn_left p=0.298969 risk=0 q=0.298969 delta_q=0 q_times_S=11.9588
[DRO MODE] step=47 obstacle=0 mode=turn_right p=0.319588 risk=0 q=0.319588 delta_q=0 q_times_S=12.7835
[DRO SAMPLE] step=47 obstacle=0 mode=constant_velocity q=0.381443 q_times_S=15.2577 first_count=15 first_fraction=0.375 occupancy=120 occupancy_fraction=0.375
[DRO SAMPLE] step=47 obstacle=0 mode=turn_left q=0.298969 q_times_S=11.9588 first_count=14 first_fraction=0.35 occupancy=112 occupancy_fraction=0.35
[DRO SAMPLE] step=47 obstacle=0 mode=turn_right q=0.319588 q_times_S=12.7835 first_count=11 first_fraction=0.275 occupancy=88 occupancy_fraction=0.275
[RF BACKUP] available=1 controls=8 states=9
[FREE POLY] k=1 disc=0 raw=40 facets=4 vertices=7 rho=4.8 anchor_shift=0
[FREE POLY] k=1 disc=1 raw=40 facets=0 vertices=4 rho=0.800001 anchor_shift=0
[FREE POLY] k=1 disc=2 raw=40 facets=2 vertices=5 rho=4.8 anchor_shift=0
[FREE POLY] k=2 disc=0 raw=40 facets=5 vertices=8 rho=5.6 anchor_shift=0
[FREE POLY] k=2 disc=1 raw=40 facets=0 vertices=4 rho=1.6 anchor_shift=0
[FREE POLY] k=2 disc=2 raw=40 facets=3 vertices=6 rho=5.6 anchor_shift=0
[FREE POLY] k=3 disc=0 raw=40 facets=4 vertices=7 rho=6.4 anchor_shift=0
[FREE POLY] k=3 disc=1 raw=40 facets=0 vertices=4 rho=2.4 anchor_shift=0
[FREE POLY] k=3 disc=2 raw=40 facets=3 vertices=6 rho=6.4 anchor_shift=0
[FREE POLY] k=4 disc=0 raw=40 facets=4 vertices=7 rho=7.2 anchor_shift=0
[FREE POLY] k=4 disc=1 raw=40 facets=2 vertices=6 rho=3.2 anchor_shift=0
[FREE POLY] k=4 disc=2 raw=40 facets=3 vertices=6 rho=7.2 anchor_shift=0
[FREE POLY] k=5 disc=0 raw=40 facets=5 vertices=8 rho=8 anchor_shift=0
[FREE POLY] k=5 disc=1 raw=40 facets=3 vertices=6 rho=4 anchor_shift=0
[FREE POLY] k=5 disc=2 raw=40 facets=4 vertices=7 rho=8 anchor_shift=0
[FREE POLY] k=6 disc=0 raw=40 facets=5 vertices=8 rho=8.8 anchor_shift=0
[FREE POLY] k=6 disc=1 raw=40 facets=3 vertices=6 rho=4.8 anchor_shift=0
[FREE POLY] k=6 disc=2 raw=40 facets=4 vertices=7 rho=8.8 anchor_shift=0
[FREE POLY] k=7 disc=0 raw=40 facets=5 vertices=8 rho=9.6 anchor_shift=0
[FREE POLY] k=7 disc=1 raw=40 facets=3 vertices=6 rho=5.6 anchor_shift=0
[FREE POLY] k=7 disc=2 raw=40 facets=4 vertices=7 rho=9.6 anchor_shift=0
[FREE POLY] k=8 disc=0 raw=40 facets=4 vertices=7 rho=10.4 anchor_shift=0
[FREE POLY] k=8 disc=1 raw=40 facets=3 vertices=6 rho=6.4 anchor_shift=0
[FREE POLY] k=8 disc=2 raw=40 facets=4 vertices=7 rho=10.4 anchor_shift=0
[RF SUPPORT SEED] removed=0 support_limit=-1
[SQP] before_solve iter=0 vars=16 constraints=109 max_d=-0.780026
[QP WORST] iter=0 row=1 type=collision d=-0.780026
[QP WORST COLLISION] scenario=20 k=1 obstacle=0 disc=0
[SQP] after_solve iter=0 converged=1 status=0 iterations=2 primal_residual=4.33898e-16 dual_residual=6.08337e-05 x_size=16 x_finite=1
[SQP LINESEARCH] iter=0 current_violation=0 accepted_violation=0 accepted=1 alpha=1 delta_u_norm=0.233066
[SQP SUPPORT] iter=0 support_size=0 support_limit=-1 support_ok=1
[SQP] before_solve iter=1 vars=16 constraints=109 max_d=-0.781723
[QP WORST] iter=1 row=1 type=collision d=-0.781723
[QP WORST COLLISION] scenario=20 k=1 obstacle=0 disc=0
[SQP] after_solve iter=1 converged=1 status=0 iterations=2 primal_residual=4.16334e-16 dual_residual=4.01196e-05 x_size=16 x_finite=1
[SQP LINESEARCH] iter=1 current_violation=0 accepted_violation=0 accepted=1 alpha=1 delta_u_norm=0.172725
[SQP SUPPORT] iter=1 support_size=0 support_limit=-1 support_ok=1
[SQP] before_solve iter=2 vars=16 constraints=109 max_d=-0.78118
[QP WORST] iter=2 row=1 type=collision d=-0.78118
[QP WORST COLLISION] scenario=20 k=1 obstacle=0 disc=0
[SQP] after_solve iter=2 converged=1 status=0 iterations=2 primal_residual=4.08527e-16 dual_residual=3.4797e-05 x_size=16 x_finite=1
[SQP LINESEARCH] iter=2 current_violation=0 accepted_violation=0 accepted=1 alpha=1 delta_u_norm=0.155076
[SQP SUPPORT] iter=2 support_size=0 support_limit=-1 support_ok=1
[SQP] before_solve iter=3 vars=16 constraints=109 max_d=-0.781771
[QP WORST] iter=3 row=1 type=collision d=-0.781771
[QP WORST COLLISION] scenario=20 k=1 obstacle=0 disc=0
[SQP] after_solve iter=3 converged=1 status=0 iterations=2 primal_residual=4.41053e-16 dual_residual=1.70473e-05 x_size=16 x_finite=1
[SQP LINESEARCH] iter=3 current_violation=0 accepted_violation=0 accepted=1 alpha=1 delta_u_norm=0.143311
[SQP SUPPORT] iter=3 support_size=0 support_limit=-1 support_ok=1
[SQP] before_solve iter=4 vars=16 constraints=109 max_d=-0.781469
[QP WORST] iter=4 row=1 type=collision d=-0.781469
[QP WORST COLLISION] scenario=20 k=1 obstacle=0 disc=0
[SQP] after_solve iter=4 converged=1 status=0 iterations=2 primal_residual=4.32814e-16 dual_residual=1.95069e-05 x_size=16 x_finite=1
[SQP LINESEARCH] iter=4 current_violation=0 accepted_violation=0 accepted=1 alpha=1 delta_u_norm=0.133915
[SQP SUPPORT] iter=4 support_size=0 support_limit=-1 support_ok=1
[SQP] before_solve iter=5 vars=16 constraints=109 max_d=-0.781743
[QP WORST] iter=5 row=1 type=collision d=-0.781743
[QP WORST COLLISION] scenario=20 k=1 obstacle=0 disc=0
[SQP] after_solve iter=5 converged=1 status=0 iterations=2 primal_residual=4.13081e-16 dual_residual=1.11278e-05 x_size=16 x_finite=1
[SQP LINESEARCH] iter=5 current_violation=0 accepted_violation=0 accepted=1 alpha=1 delta_u_norm=0.12561
[SQP SUPPORT] iter=5 support_size=0 support_limit=-1 support_ok=1
[SQP] before_solve iter=6 vars=16 constraints=109 max_d=-0.781615
[QP WORST] iter=6 row=1 type=collision d=-0.781615
[QP WORST COLLISION] scenario=20 k=1 obstacle=0 disc=0
[SQP] after_solve iter=6 converged=1 status=0 iterations=2 primal_residual=4.41053e-16 dual_residual=1.16644e-05 x_size=16 x_finite=1
[SQP LINESEARCH] iter=6 current_violation=0 accepted_violation=0 accepted=1 alpha=1 delta_u_norm=0.118367
[SQP SUPPORT] iter=6 support_size=0 support_limit=-1 support_ok=1
[SQP] before_solve iter=7 vars=16 constraints=109 max_d=-0.78177
[QP WORST] iter=7 row=1 type=collision d=-0.78177
[QP WORST COLLISION] scenario=20 k=1 obstacle=0 disc=0
[SQP] after_solve iter=7 converged=1 status=0 iterations=2 primal_residual=4.40186e-16 dual_residual=7.95669e-06 x_size=16 x_finite=1
[SQP LINESEARCH] iter=7 current_violation=0 accepted_violation=0 accepted=1 alpha=1 delta_u_norm=0.111734
[SQP SUPPORT] iter=7 support_size=0 support_limit=-1 support_ok=1
[SQP] before_solve iter=8 vars=16 constraints=109 max_d=-0.781737
[QP WORST] iter=8 row=1 type=collision d=-0.781737
[QP WORST COLLISION] scenario=20 k=1 obstacle=0 disc=0
[SQP] after_solve iter=8 converged=1 status=0 iterations=2 primal_residual=3.80447e-16 dual_residual=7.67543e-06 x_size=16 x_finite=1
[SQP LINESEARCH] iter=8 current_violation=0 accepted_violation=0 accepted=1 alpha=1 delta_u_norm=0.105729
[SQP SUPPORT] iter=8 support_size=0 support_limit=-1 support_ok=1
[SQP] before_solve iter=9 vars=16 constraints=109 max_d=-0.781842
[QP WORST] iter=9 row=1 type=collision d=-0.781842
[QP WORST COLLISION] scenario=20 k=1 obstacle=0 disc=0
[SQP] after_solve iter=9 converged=1 status=0 iterations=2 primal_residual=4.44089e-16 dual_residual=5.85776e-06 x_size=16 x_finite=1
[SQP LINESEARCH] iter=9 current_violation=0 accepted_violation=0 accepted=1 alpha=1 delta_u_norm=0.100154
[SQP SUPPORT] iter=9 support_size=0 support_limit=-1 support_ok=1
[SQP FINAL] final_violation=0 violated_constraints=0
[SUPPORT FINAL] sqp_union=0 final_active=0 support_limit=-1
[SUPPORT FINAL IDS]
[SUPPORT UNION IDS]
[COLD START RECOVERY CHECK] ordinary_sqp_failed=0 seed_available=1 incompatible=0 try_homotopy=0
[HARNESS RESULT] step=46 success=1 controls=8 first_input_present=1
[MPC STEP METRICS] step=46 applied=1 success=1 fallback=0 a=-0.00864539 omega=0.141981 dt=0.1 acceleration_weight=0.1 steering_weight=0.1 control_cost_unweighted=0.0202333 control_cost_weighted=0.00202333 mpc_cost=-17.4968 solve_time=0.0329818 qp_solve_time=0.0206371 constraint_time=0.00676418 dro_risk_time=0.000408895 ambiguity_radius=0.00227057 certificate=not_requested
[EVAL SAFETY] step=47 min_center_distance=1.73644 min_clearance=0.786436 collision_this_step=0 collision_run=0 collision_radius=0.95
[DRO SUMMARY] step=48 obstacle=0 S=40 rho=0.002246 rho_raw=0.002246 D_max=0.0136335 D_min=0.0068334 tv_bound=0.32868 eta=0.164742 eta_raw=0.164742 radius_m=48 radius_d=3 transport_cost=0 budget_usage=0 lambda=0 q_support=3 nominal_risk=0 qstar_risk=0 risk_lift=0 tv=0
[DRO MODE] step=48 obstacle=0 mode=constant_velocity p=0.373737 risk=0 q=0.373737 delta_q=0 q_times_S=14.9495
[DRO MODE] step=48 obstacle=0 mode=turn_left p=0.313131 risk=0 q=0.313131 delta_q=0 q_times_S=12.5253
[DRO MODE] step=48 obstacle=0 mode=turn_right p=0.313131 risk=0 q=0.313131 delta_q=0 q_times_S=12.5253
[DRO SAMPLE] step=48 obstacle=0 mode=constant_velocity q=0.373737 q_times_S=14.9495 first_count=16 first_fraction=0.4 occupancy=128 occupancy_fraction=0.4
[DRO SAMPLE] step=48 obstacle=0 mode=turn_left q=0.313131 q_times_S=12.5253 first_count=9 first_fraction=0.225 occupancy=72 occupancy_fraction=0.225
[DRO SAMPLE] step=48 obstacle=0 mode=turn_right q=0.313131 q_times_S=12.5253 first_count=15 first_fraction=0.375 occupancy=120 occupancy_fraction=0.375
[RF BACKUP] available=1 controls=8 states=9
[FREE POLY] k=1 disc=0 raw=40 facets=3 vertices=6 rho=4.8 anchor_shift=0
[FREE POLY] k=1 disc=1 raw=40 facets=0 vertices=4 rho=0.800001 anchor_shift=0
[FREE POLY] k=1 disc=2 raw=40 facets=0 vertices=4 rho=4.8 anchor_shift=0
[FREE POLY] k=2 disc=0 raw=40 facets=4 vertices=7 rho=5.6 anchor_shift=0
[FREE POLY] k=2 disc=1 raw=40 facets=0 vertices=4 rho=1.6 anchor_shift=0
[FREE POLY] k=2 disc=2 raw=40 facets=2 vertices=5 rho=5.6 anchor_shift=0
[FREE POLY] k=3 disc=0 raw=40 facets=5 vertices=8 rho=6.4 anchor_shift=0
[FREE POLY] k=3 disc=1 raw=40 facets=0 vertices=4 rho=2.4 anchor_shift=0
[FREE POLY] k=3 disc=2 raw=40 facets=3 vertices=6 rho=6.4 anchor_shift=0
[FREE POLY] k=4 disc=0 raw=40 facets=4 vertices=7 rho=7.2 anchor_shift=0
[FREE POLY] k=4 disc=1 raw=40 facets=0 vertices=4 rho=3.2 anchor_shift=0
[FREE POLY] k=4 disc=2 raw=40 facets=3 vertices=6 rho=7.2 anchor_shift=0
[FREE POLY] k=5 disc=0 raw=40 facets=4 vertices=7 rho=8 anchor_shift=0
[FREE POLY] k=5 disc=1 raw=40 facets=3 vertices=6 rho=4 anchor_shift=0
[FREE POLY] k=5 disc=2 raw=40 facets=4 vertices=7 rho=8 anchor_shift=0
[FREE POLY] k=6 disc=0 raw=40 facets=4 vertices=7 rho=8.8 anchor_shift=0
[FREE POLY] k=6 disc=1 raw=40 facets=2 vertices=5 rho=4.8 anchor_shift=0
[FREE POLY] k=6 disc=2 raw=40 facets=4 vertices=7 rho=8.8 anchor_shift=0
[FREE POLY] k=7 disc=0 raw=40 facets=5 vertices=8 rho=9.6 anchor_shift=0
[FREE POLY] k=7 disc=1 raw=40 facets=3 vertices=6 rho=5.6 anchor_shift=0
[FREE POLY] k=7 disc=2 raw=40 facets=3 vertices=6 rho=9.6 anchor_shift=0
[FREE POLY] k=8 disc=0 raw=40 facets=5 vertices=8 rho=10.4 anchor_shift=0
[FREE POLY] k=8 disc=1 raw=40 facets=3 vertices=6 rho=6.4 anchor_shift=0
[FREE POLY] k=8 disc=2 raw=40 facets=5 vertices=8 rho=10.4 anchor_shift=0
[RF SUPPORT SEED] removed=0 support_limit=-1
[SQP] before_solve iter=0 vars=16 constraints=101 max_d=-0.960738
[QP WORST] iter=0 row=2 type=collision d=-0.960738
[QP WORST COLLISION] scenario=29 k=1 obstacle=0 disc=0
[SQP] after_solve iter=0 converged=1 status=0 iterations=2 primal_residual=4.19803e-16 dual_residual=5.17647e-05 x_size=16 x_finite=1
[SQP LINESEARCH] iter=0 current_violation=0 accepted_violation=0 accepted=1 alpha=1 delta_u_norm=0.23169
[SQP SUPPORT] iter=0 support_size=0 support_limit=-1 support_ok=1
[SQP] before_solve iter=1 vars=16 constraints=101 max_d=-0.96198
[QP WORST] iter=1 row=2 type=collision d=-0.96198
[QP WORST COLLISION] scenario=29 k=1 obstacle=0 disc=0
[SQP] after_solve iter=1 converged=1 status=0 iterations=2 primal_residual=4.40186e-16 dual_residual=3.2385e-05 x_size=16 x_finite=1
[SQP LINESEARCH] iter=1 current_violation=0 accepted_violation=0 accepted=1 alpha=1 delta_u_norm=0.171913
[SQP SUPPORT] iter=1 support_size=0 support_limit=-1 support_ok=1
[SQP] before_solve iter=2 vars=16 constraints=101 max_d=-0.961584
[QP WORST] iter=2 row=2 type=collision d=-0.961584
[QP WORST COLLISION] scenario=29 k=1 obstacle=0 disc=0
[SQP] after_solve iter=2 converged=1 status=0 iterations=2 primal_residual=4.39536e-16 dual_residual=2.95312e-05 x_size=16 x_finite=1
[SQP LINESEARCH] iter=2 current_violation=0 accepted_violation=0 accepted=1 alpha=1 delta_u_norm=0.154617
[SQP SUPPORT] iter=2 support_size=0 support_limit=-1 support_ok=1
[SQP] before_solve iter=3 vars=16 constraints=101 max_d=-0.96198
[QP WORST] iter=3 row=2 type=collision d=-0.96198
[QP WORST COLLISION] scenario=29 k=1 obstacle=0 disc=0
[SQP] after_solve iter=3 converged=1 status=0 iterations=2 primal_residual=4.10587e-16 dual_residual=1.39963e-05 x_size=16 x_finite=1
[SQP LINESEARCH] iter=3 current_violation=0 accepted_violation=0 accepted=1 alpha=1 delta_u_norm=0.143093
[SQP SUPPORT] iter=3 support_size=0 support_limit=-1 support_ok=1
[SQP] before_solve iter=4 vars=16 constraints=101 max_d=-0.961747
[QP WORST] iter=4 row=2 type=collision d=-0.961747
[QP WORST COLLISION] scenario=29 k=1 obstacle=0 disc=0
[SQP] after_solve iter=4 converged=1 status=0 iterations=2 primal_residual=4.39969e-16 dual_residual=1.65295e-05 x_size=16 x_finite=1
[SQP LINESEARCH] iter=4 current_violation=0 accepted_violation=0 accepted=1 alpha=1 delta_u_norm=0.133763
[SQP SUPPORT] iter=4 support_size=0 support_limit=-1 support_ok=1
[SQP] before_solve iter=5 vars=16 constraints=101 max_d=-0.961927
[QP WORST] iter=5 row=2 type=collision d=-0.961927
[QP WORST COLLISION] scenario=29 k=1 obstacle=0 disc=0
[SQP] after_solve iter=5 converged=1 status=0 iterations=2 primal_residual=4.42842e-16 dual_residual=9.48069e-06 x_size=16 x_finite=1
[SQP LINESEARCH] iter=5 current_violation=0 accepted_violation=0 accepted=1 alpha=1 delta_u_norm=0.125532
[SQP SUPPORT] iter=5 support_size=0 support_limit=-1 support_ok=1
[SQP] before_solve iter=6 vars=16 constraints=101 max_d=-0.961827
[QP WORST] iter=6 row=2 type=collision d=-0.961827
[QP WORST COLLISION] scenario=29 k=1 obstacle=0 disc=0
[SQP] after_solve iter=6 converged=1 status=0 iterations=2 primal_residual=4.43981e-16 dual_residual=9.99231e-06 x_size=16 x_finite=1
[SQP LINESEARCH] iter=6 current_violation=0 accepted_violation=0 accepted=1 alpha=1 delta_u_norm=0.1183
[SQP SUPPORT] iter=6 support_size=0 support_limit=-1 support_ok=1
[SQP] before_solve iter=7 vars=16 constraints=101 max_d=-0.96193
[QP WORST] iter=7 row=2 type=collision d=-0.96193
[QP WORST COLLISION] scenario=29 k=1 obstacle=0 disc=0
[SQP] after_solve iter=7 converged=1 status=0 iterations=2 primal_residual=3.99881e-16 dual_residual=7.03453e-06 x_size=16 x_finite=1
[SQP LINESEARCH] iter=7 current_violation=0 accepted_violation=0 accepted=1 alpha=1 delta_u_norm=0.111693
[SQP SUPPORT] iter=7 support_size=0 support_limit=-1 support_ok=1
[SQP] before_solve iter=8 vars=16 constraints=101 max_d=-0.961903
[QP WORST] iter=8 row=2 type=collision d=-0.961903
[QP WORST COLLISION] scenario=29 k=1 obstacle=0 disc=0
[SQP] after_solve iter=8 converged=1 status=0 iterations=2 primal_residual=4.31756e-16 dual_residual=6.76818e-06 x_size=16 x_finite=1
[SQP LINESEARCH] iter=8 current_violation=0 accepted_violation=0 accepted=1 alpha=1 delta_u_norm=0.105689
[SQP SUPPORT] iter=8 support_size=0 support_limit=-1 support_ok=1
[SQP] before_solve iter=9 vars=16 constraints=101 max_d=-0.961975
[QP WORST] iter=9 row=2 type=collision d=-0.961975
[QP WORST COLLISION] scenario=29 k=1 obstacle=0 disc=0
[SQP] after_solve iter=9 converged=1 status=0 iterations=2 primal_residual=4.37503e-16 dual_residual=5.19508e-06 x_size=16 x_finite=1
[SQP LINESEARCH] iter=9 current_violation=0 accepted_violation=0 accepted=1 alpha=1 delta_u_norm=0.100124
[SQP SUPPORT] iter=9 support_size=0 support_limit=-1 support_ok=1
[SQP FINAL] final_violation=0 violated_constraints=0
[SUPPORT FINAL] sqp_union=0 final_active=0 support_limit=-1
[SUPPORT FINAL IDS]
[SUPPORT UNION IDS]
[COLD START RECOVERY CHECK] ordinary_sqp_failed=0 seed_available=1 incompatible=0 try_homotopy=0
[HARNESS RESULT] step=47 success=1 controls=8 first_input_present=1
[MPC STEP METRICS] step=47 applied=1 success=1 fallback=0 a=-0.00614324 omega=0.123971 dt=0.1 acceleration_weight=0.1 steering_weight=0.1 control_cost_unweighted=0.0154066 control_cost_weighted=0.00154066 mpc_cost=-17.5218 solve_time=0.0324475 qp_solve_time=0.0201297 constraint_time=0.00671683 dro_risk_time=0.000406472 ambiguity_radius=0.002246 certificate=not_requested
[EVAL SAFETY] step=48 min_center_distance=1.918 min_clearance=0.968001 collision_this_step=0 collision_run=0 collision_radius=0.95
[DRO SUMMARY] step=49 obstacle=0 S=40 rho=0.00223746 rho_raw=0.00223746 D_max=0.0136335 D_min=0.0068334 tv_bound=0.32743 eta=0.164115 eta_raw=0.164115 radius_m=49 radius_d=3 transport_cost=0 budget_usage=0 lambda=0 q_support=3 nominal_risk=0 qstar_risk=0 risk_lift=0 tv=0
[DRO MODE] step=49 obstacle=0 mode=constant_velocity p=0.366337 risk=0 q=0.366337 delta_q=0 q_times_S=14.6535
[DRO MODE] step=49 obstacle=0 mode=turn_left p=0.326733 risk=0 q=0.326733 delta_q=0 q_times_S=13.0693
[DRO MODE] step=49 obstacle=0 mode=turn_right p=0.306931 risk=0 q=0.306931 delta_q=0 q_times_S=12.2772
[DRO SAMPLE] step=49 obstacle=0 mode=constant_velocity q=0.366337 q_times_S=14.6535 first_count=12 first_fraction=0.3 occupancy=96 occupancy_fraction=0.3
[DRO SAMPLE] step=49 obstacle=0 mode=turn_left q=0.326733 q_times_S=13.0693 first_count=15 first_fraction=0.375 occupancy=120 occupancy_fraction=0.375
[DRO SAMPLE] step=49 obstacle=0 mode=turn_right q=0.306931 q_times_S=12.2772 first_count=13 first_fraction=0.325 occupancy=104 occupancy_fraction=0.325
[RF BACKUP] available=1 controls=8 states=9
[FREE POLY] k=1 disc=0 raw=40 facets=3 vertices=6 rho=4.8 anchor_shift=0
[FREE POLY] k=1 disc=1 raw=40 facets=0 vertices=4 rho=0.800001 anchor_shift=0
[FREE POLY] k=1 disc=2 raw=40 facets=0 vertices=4 rho=4.8 anchor_shift=0
[FREE POLY] k=2 disc=0 raw=40 facets=2 vertices=5 rho=5.6 anchor_shift=0
[FREE POLY] k=2 disc=1 raw=40 facets=0 vertices=4 rho=1.6 anchor_shift=0
[FREE POLY] k=2 disc=2 raw=40 facets=2 vertices=5 rho=5.6 anchor_shift=0
[FREE POLY] k=3 disc=0 raw=40 facets=3 vertices=6 rho=6.4 anchor_shift=0
[FREE POLY] k=3 disc=1 raw=40 facets=0 vertices=4 rho=2.4 anchor_shift=0
[FREE POLY] k=3 disc=2 raw=40 facets=1 vertices=4 rho=6.4 anchor_shift=0
[FREE POLY] k=4 disc=0 raw=40 facets=3 vertices=6 rho=7.2 anchor_shift=0
[FREE POLY] k=4 disc=1 raw=40 facets=0 vertices=4 rho=3.2 anchor_shift=0
[FREE POLY] k=4 disc=2 raw=40 facets=1 vertices=4 rho=7.2 anchor_shift=0
[FREE POLY] k=5 disc=0 raw=40 facets=3 vertices=6 rho=8 anchor_shift=0
[FREE POLY] k=5 disc=1 raw=40 facets=1 vertices=4 rho=4 anchor_shift=0
[FREE POLY] k=5 disc=2 raw=40 facets=1 vertices=4 rho=8 anchor_shift=0
[FREE POLY] k=6 disc=0 raw=40 facets=3 vertices=6 rho=8.8 anchor_shift=0
[FREE POLY] k=6 disc=1 raw=40 facets=1 vertices=4 rho=4.8 anchor_shift=0
[FREE POLY] k=6 disc=2 raw=40 facets=1 vertices=4 rho=8.8 anchor_shift=0
[FREE POLY] k=7 disc=0 raw=40 facets=4 vertices=7 rho=9.6 anchor_shift=0
[FREE POLY] k=7 disc=1 raw=40 facets=1 vertices=4 rho=5.6 anchor_shift=0
[FREE POLY] k=7 disc=2 raw=40 facets=2 vertices=5 rho=9.6 anchor_shift=0
[FREE POLY] k=8 disc=0 raw=40 facets=5 vertices=8 rho=10.4 anchor_shift=0
[FREE POLY] k=8 disc=1 raw=40 facets=2 vertices=5 rho=6.4 anchor_shift=0
[FREE POLY] k=8 disc=2 raw=40 facets=2 vertices=5 rho=10.4 anchor_shift=0
[RF SUPPORT SEED] removed=0 support_limit=-1
[SQP] before_solve iter=0 vars=16 constraints=73 max_d=-1.14807
[QP WORST] iter=0 row=2 type=collision d=-1.14807
[QP WORST COLLISION] scenario=18 k=1 obstacle=0 disc=0
[SQP] after_solve iter=0 converged=1 status=0 iterations=2 primal_residual=4.41487e-16 dual_residual=4.40608e-05 x_size=16 x_finite=1
[SQP LINESEARCH] iter=0 current_violation=0 accepted_violation=0 accepted=1 alpha=1 delta_u_norm=0.230689
[SQP SUPPORT] iter=0 support_size=0 support_limit=-1 support_ok=1
[SQP] before_solve iter=1 vars=16 constraints=73 max_d=-1.149
[QP WORST] iter=1 row=2 type=collision d=-1.149
[QP WORST COLLISION] scenario=18 k=1 obstacle=0 disc=0
[SQP] after_solve iter=1 converged=1 status=0 iterations=2 primal_residual=4.43222e-16 dual_residual=2.65556e-05 x_size=16 x_finite=1
[SQP LINESEARCH] iter=1 current_violation=0 accepted_violation=0 accepted=1 alpha=1 delta_u_norm=0.171319
[SQP SUPPORT] iter=1 support_size=0 support_limit=-1 support_ok=1
[SQP] before_solve iter=2 vars=16 constraints=73 max_d=-1.14871
[QP WORST] iter=2 row=2 type=collision d=-1.14871
[QP WORST COLLISION] scenario=18 k=1 obstacle=0 disc=0
[SQP] after_solve iter=2 converged=1 status=0 iterations=2 primal_residual=4.18719e-16 dual_residual=2.50903e-05 x_size=16 x_finite=1
[SQP LINESEARCH] iter=2 current_violation=0 accepted_violation=0 accepted=1 alpha=1 delta_u_norm=0.154282
[SQP SUPPORT] iter=2 support_size=0 support_limit=-1 support_ok=1
[SQP] before_solve iter=3 vars=16 constraints=73 max_d=-1.14897
[QP WORST] iter=3 row=2 type=collision d=-1.14897
[QP WORST COLLISION] scenario=18 k=1 obstacle=0 disc=0
[SQP] after_solve iter=3 converged=1 status=0 iterations=2 primal_residual=4.25007e-16 dual_residual=1.16215e-05 x_size=16 x_finite=1
[SQP LINESEARCH] iter=3 current_violation=0 accepted_violation=0 accepted=1 alpha=1 delta_u_norm=0.142935
[SQP SUPPORT] iter=3 support_size=0 support_limit=-1 support_ok=1
[SQP] before_solve iter=4 vars=16 constraints=73 max_d=-1.14879
[QP WORST] iter=4 row=2 type=collision d=-1.14879
[QP WORST COLLISION] scenario=18 k=1 obstacle=0 disc=0
[SQP] after_solve iter=4 converged=1 status=0 iterations=2 primal_residual=4.44089e-16 dual_residual=1.4027e-05 x_size=16 x_finite=1
[SQP LINESEARCH] iter=4 current_violation=0 accepted_violation=0 accepted=1 alpha=1 delta_u_norm=0.133652
[SQP SUPPORT] iter=4 support_size=0 support_limit=-1 support_ok=1
[SQP] before_solve iter=5 vars=16 constraints=73 max_d=-1.14891
[QP WORST] iter=5 row=2 type=collision d=-1.14891
[QP WORST COLLISION] scenario=18 k=1 obstacle=0 disc=0
[SQP] after_solve iter=5 converged=1 status=0 iterations=2 primal_residual=4.30049e-16 dual_residual=8.38593e-06 x_size=16 x_finite=1
[SQP LINESEARCH] iter=5 current_violation=0 accepted_violation=0 accepted=1 alpha=1 delta_u_norm=0.125477
[SQP SUPPORT] iter=5 support_size=0 support_limit=-1 support_ok=1
[SQP] before_solve iter=6 vars=16 constraints=73 max_d=-1.14883
[QP WORST] iter=6 row=2 type=collision d=-1.14883
[QP WORST COLLISION] scenario=18 k=1 obstacle=0 disc=0
[SQP] after_solve iter=6 converged=1 status=0 iterations=2 primal_residual=4.2273e-16 dual_residual=8.78736e-06 x_size=16 x_finite=1
[SQP LINESEARCH] iter=6 current_violation=0 accepted_violation=0 accepted=1 alpha=1 delta_u_norm=0.118252
[SQP SUPPORT] iter=6 support_size=0 support_limit=-1 support_ok=1
[SQP] before_solve iter=7 vars=16 constraints=73 max_d=-1.1489
[QP WORST] iter=7 row=2 type=collision d=-1.1489
[QP WORST COLLISION] scenario=18 k=1 obstacle=0 disc=0
[SQP] after_solve iter=7 converged=1 status=0 iterations=2 primal_residual=4.1094e-16 dual_residual=6.23627e-06 x_size=16 x_finite=1
[SQP LINESEARCH] iter=7 current_violation=0 accepted_violation=0 accepted=1 alpha=1 delta_u_norm=0.111663
[SQP SUPPORT] iter=7 support_size=0 support_limit=-1 support_ok=1
[SQP] before_solve iter=8 vars=16 constraints=73 max_d=-1.14888
[QP WORST] iter=8 row=2 type=collision d=-1.14888
[QP WORST COLLISION] scenario=18 k=1 obstacle=0 disc=0
[SQP] after_solve iter=8 converged=1 status=0 iterations=2 primal_residual=4.30211e-16 dual_residual=5.98539e-06 x_size=16 x_finite=1
[SQP LINESEARCH] iter=8 current_violation=0 accepted_violation=0 accepted=1 alpha=1 delta_u_norm=0.105661
[SQP SUPPORT] iter=8 support_size=0 support_limit=-1 support_ok=1
[SQP] before_solve iter=9 vars=16 constraints=73 max_d=-1.14893
[QP WORST] iter=9 row=2 type=collision d=-1.14893
[QP WORST COLLISION] scenario=18 k=1 obstacle=0 disc=0
[SQP] after_solve iter=9 converged=1 status=0 iterations=2 primal_residual=4.43439e-16 dual_residual=4.62182e-06 x_size=16 x_finite=1
[SQP LINESEARCH] iter=9 current_violation=0 accepted_violation=0 accepted=1 alpha=1 delta_u_norm=0.100103
[SQP SUPPORT] iter=9 support_size=0 support_limit=-1 support_ok=1
[SQP FINAL] final_violation=0 violated_constraints=0
[SUPPORT FINAL] sqp_union=0 final_active=0 support_limit=-1
[SUPPORT FINAL IDS]
[SUPPORT UNION IDS]
[COLD START RECOVERY CHECK] ordinary_sqp_failed=0 seed_available=1 incompatible=0 try_homotopy=0
[HARNESS RESULT] step=48 success=1 controls=8 first_input_present=1
[MPC STEP METRICS] step=48 applied=1 success=1 fallback=0 a=-0.00445054 omega=0.107305 dt=0.1 acceleration_weight=0.1 steering_weight=0.1 control_cost_unweighted=0.0115341 control_cost_weighted=0.00115341 mpc_cost=-17.5401 solve_time=0.0302621 qp_solve_time=0.0186587 constraint_time=0.00606222 dro_risk_time=0.000404207 ambiguity_radius=0.00223746 certificate=not_requested
[EVAL SAFETY] step=49 min_center_distance=2.1041 min_clearance=1.1541 collision_this_step=0 collision_run=0 collision_radius=0.95
[DRO SUMMARY] step=50 obstacle=0 S=40 rho=0.00221381 rho_raw=0.00221381 D_max=0.0136335 D_min=0.0068334 tv_bound=0.323969 eta=0.16238 eta_raw=0.16238 radius_m=50 radius_d=3 transport_cost=0 budget_usage=0 lambda=0 q_support=3 nominal_risk=0 qstar_risk=0 risk_lift=0 tv=0
[DRO MODE] step=50 obstacle=0 mode=constant_velocity p=0.359223 risk=0 q=0.359223 delta_q=0 q_times_S=14.3689
[DRO MODE] step=50 obstacle=0 mode=turn_left p=0.320388 risk=0 q=0.320388 delta_q=0 q_times_S=12.8155
[DRO MODE] step=50 obstacle=0 mode=turn_right p=0.320388 risk=0 q=0.320388 delta_q=0 q_times_S=12.8155
[DRO SAMPLE] step=50 obstacle=0 mode=constant_velocity q=0.359223 q_times_S=14.3689 first_count=16 first_fraction=0.4 occupancy=128 occupancy_fraction=0.4
[DRO SAMPLE] step=50 obstacle=0 mode=turn_left q=0.320388 q_times_S=12.8155 first_count=16 first_fraction=0.4 occupancy=128 occupancy_fraction=0.4
[DRO SAMPLE] step=50 obstacle=0 mode=turn_right q=0.320388 q_times_S=12.8155 first_count=8 first_fraction=0.2 occupancy=64 occupancy_fraction=0.2
[RF BACKUP] available=1 controls=8 states=9
[FREE POLY] k=1 disc=0 raw=40 facets=4 vertices=7 rho=4.8 anchor_shift=0
[FREE POLY] k=1 disc=1 raw=40 facets=0 vertices=4 rho=0.800001 anchor_shift=0
[FREE POLY] k=1 disc=2 raw=40 facets=0 vertices=4 rho=4.8 anchor_shift=0
[FREE POLY] k=2 disc=0 raw=40 facets=5 vertices=8 rho=5.6 anchor_shift=0
[FREE POLY] k=2 disc=1 raw=40 facets=0 vertices=4 rho=1.6 anchor_shift=0
[FREE POLY] k=2 disc=2 raw=40 facets=5 vertices=8 rho=5.6 anchor_shift=0
[FREE POLY] k=3 disc=0 raw=40 facets=4 vertices=7 rho=6.4 anchor_shift=0
[FREE POLY] k=3 disc=1 raw=40 facets=0 vertices=4 rho=2.4 anchor_shift=0
[FREE POLY] k=3 disc=2 raw=40 facets=2 vertices=5 rho=6.4 anchor_shift=0
[FREE POLY] k=4 disc=0 raw=40 facets=3 vertices=6 rho=7.2 anchor_shift=0
[FREE POLY] k=4 disc=1 raw=40 facets=0 vertices=4 rho=3.2 anchor_shift=0
[FREE POLY] k=4 disc=2 raw=40 facets=3 vertices=6 rho=7.2 anchor_shift=0
[FREE POLY] k=5 disc=0 raw=40 facets=3 vertices=6 rho=8 anchor_shift=0
[FREE POLY] k=5 disc=1 raw=40 facets=2 vertices=6 rho=4 anchor_shift=0
[FREE POLY] k=5 disc=2 raw=40 facets=3 vertices=6 rho=8 anchor_shift=0
[FREE POLY] k=6 disc=0 raw=40 facets=3 vertices=6 rho=8.8 anchor_shift=0
[FREE POLY] k=6 disc=1 raw=40 facets=3 vertices=6 rho=4.8 anchor_shift=0
[FREE POLY] k=6 disc=2 raw=40 facets=2 vertices=5 rho=8.8 anchor_shift=0
[FREE POLY] k=7 disc=0 raw=40 facets=2 vertices=5 rho=9.6 anchor_shift=0
[FREE POLY] k=7 disc=1 raw=40 facets=2 vertices=5 rho=5.6 anchor_shift=0
[FREE POLY] k=7 disc=2 raw=40 facets=2 vertices=5 rho=9.6 anchor_shift=0
[FREE POLY] k=8 disc=0 raw=40 facets=3 vertices=6 rho=10.4 anchor_shift=0
[FREE POLY] k=8 disc=1 raw=40 facets=3 vertices=6 rho=6.4 anchor_shift=0
[FREE POLY] k=8 disc=2 raw=40 facets=3 vertices=6 rho=10.4 anchor_shift=0
[RF SUPPORT SEED] removed=0 support_limit=-1
[SQP] before_solve iter=0 vars=16 constraints=89 max_d=-1.33724
[QP WORST] iter=0 row=2 type=collision d=-1.33724
[QP WORST COLLISION] scenario=20 k=1 obstacle=0 disc=0
[SQP] after_solve iter=0 converged=1 status=0 iterations=2 primal_residual=4.33681e-16 dual_residual=3.75789e-05 x_size=16 x_finite=1
[SQP LINESEARCH] iter=0 current_violation=0 accepted_violation=0 accepted=1 alpha=1 delta_u_norm=0.22996
[SQP SUPPORT] iter=0 support_size=0 support_limit=-1 support_ok=1
[SQP] before_solve iter=1 vars=16 constraints=89 max_d=-1.33794
[QP WORST] iter=1 row=2 type=collision d=-1.33794
[QP WORST COLLISION] scenario=20 k=1 obstacle=0 disc=0
[SQP] after_solve iter=1 converged=1 status=0 iterations=2 primal_residual=4.44089e-16 dual_residual=2.18809e-05 x_size=16 x_finite=1
[SQP LINESEARCH] iter=1 current_violation=0 accepted_violation=0 accepted=1 alpha=1 delta_u_norm=0.170884
[SQP SUPPORT] iter=1 support_size=0 support_limit=-1 support_ok=1
[SQP] before_solve iter=2 vars=16 constraints=89 max_d=-1.33773
[QP WORST] iter=2 row=2 type=collision d=-1.33773
[QP WORST COLLISION] scenario=20 k=1 obstacle=0 disc=0
[SQP] after_solve iter=2 converged=1 status=0 iterations=2 primal_residual=4.3715e-16 dual_residual=2.13397e-05 x_size=16 x_finite=1
[SQP LINESEARCH] iter=2 current_violation=0 accepted_violation=0 accepted=1 alpha=1 delta_u_norm=0.154037
[SQP SUPPORT] iter=2 support_size=0 support_limit=-1 support_ok=1
[SQP] before_solve iter=3 vars=16 constraints=89 max_d=-1.33789
[QP WORST] iter=3 row=2 type=collision d=-1.33789
[QP WORST COLLISION] scenario=20 k=1 obstacle=0 disc=0
[SQP] after_solve iter=3 converged=1 status=0 iterations=2 primal_residual=4.4043e-16 dual_residual=9.8581e-06 x_size=16 x_finite=1
[SQP LINESEARCH] iter=3 current_violation=0 accepted_violation=0 accepted=1 alpha=1 delta_u_norm=0.142819
[SQP SUPPORT] iter=3 support_size=0 support_limit=-1 support_ok=1
[SQP] before_solve iter=4 vars=16 constraints=89 max_d=-1.33775
[QP WORST] iter=4 row=2 type=collision d=-1.33775
[QP WORST COLLISION] scenario=20 k=1 obstacle=0 disc=0
[SQP] after_solve iter=4 converged=1 status=0 iterations=2 primal_residual=4.30211e-16 dual_residual=1.19157e-05 x_size=16 x_finite=1
[SQP LINESEARCH] iter=4 current_violation=0 accepted_violation=0 accepted=1 alpha=1 delta_u_norm=0.133571
[SQP SUPPORT] iter=4 support_size=0 support_limit=-1 support_ok=1
[SQP] before_solve iter=5 vars=16 constraints=89 max_d=-1.33782
[QP WORST] iter=5 row=2 type=collision d=-1.33782
[QP WORST COLLISION] scenario=20 k=1 obstacle=0 disc=0
[SQP] after_solve iter=5 converged=1 status=0 iterations=2 primal_residual=4.36391e-16 dual_residual=7.43573e-06 x_size=16 x_finite=1
[SQP LINESEARCH] iter=5 current_violation=0 accepted_violation=0 accepted=1 alpha=1 delta_u_norm=0.125435
[SQP SUPPORT] iter=5 support_size=0 support_limit=-1 support_ok=1
[SQP] before_solve iter=6 vars=16 constraints=89 max_d=-1.33775
[QP WORST] iter=6 row=2 type=collision d=-1.33775
[QP WORST COLLISION] scenario=20 k=1 obstacle=0 disc=0
[SQP] after_solve iter=6 converged=1 status=0 iterations=2 primal_residual=4.30103e-16 dual_residual=7.74856e-06 x_size=16 x_finite=1
[SQP LINESEARCH] iter=6 current_violation=0 accepted_violation=0 accepted=1 alpha=1 delta_u_norm=0.118216
[SQP SUPPORT] iter=6 support_size=0 support_limit=-1 support_ok=1
[SQP] before_solve iter=7 vars=16 constraints=89 max_d=-1.3378
[QP WORST] iter=7 row=2 type=collision d=-1.3378
[QP WORST COLLISION] scenario=20 k=1 obstacle=0 disc=0
[SQP] after_solve iter=7 converged=1 status=0 iterations=2 primal_residual=4.33681e-16 dual_residual=5.54506e-06 x_size=16 x_finite=1
[SQP LINESEARCH] iter=7 current_violation=0 accepted_violation=0 accepted=1 alpha=1 delta_u_norm=0.111641
[SQP SUPPORT] iter=7 support_size=0 support_limit=-1 support_ok=1
[SQP] before_solve iter=8 vars=16 constraints=89 max_d=-1.33778
[QP WORST] iter=8 row=2 type=collision d=-1.33778
[QP WORST COLLISION] scenario=20 k=1 obstacle=0 disc=0
[SQP] after_solve iter=8 converged=1 status=0 iterations=2 primal_residual=4.3406e-16 dual_residual=5.3098e-06 x_size=16 x_finite=1
[SQP LINESEARCH] iter=8 current_violation=0 accepted_violation=0 accepted=1 alpha=1 delta_u_norm=0.10564
[SQP SUPPORT] iter=8 support_size=0 support_limit=-1 support_ok=1
[SQP] before_solve iter=9 vars=16 constraints=89 max_d=-1.33782
[QP WORST] iter=9 row=2 type=collision d=-1.33782
[QP WORST COLLISION] scenario=20 k=1 obstacle=0 disc=0
[SQP] after_solve iter=9 converged=1 status=0 iterations=2 primal_residual=4.43113e-16 dual_residual=4.12605e-06 x_size=16 x_finite=1
[SQP LINESEARCH] iter=9 current_violation=0 accepted_violation=0 accepted=1 alpha=1 delta_u_norm=0.100087
[SQP SUPPORT] iter=9 support_size=0 support_limit=-1 support_ok=1
[SQP FINAL] final_violation=0 violated_constraints=0
[SUPPORT FINAL] sqp_union=0 final_active=0 support_limit=-1
[SUPPORT FINAL IDS]
[SUPPORT UNION IDS]
[COLD START RECOVERY CHECK] ordinary_sqp_failed=0 seed_available=1 incompatible=0 try_homotopy=0
[HARNESS RESULT] step=49 success=1 controls=8 first_input_present=1
[MPC STEP METRICS] step=49 applied=1 success=1 fallback=0 a=-0.00324775 omega=0.0904701 dt=0.1 acceleration_weight=0.1 steering_weight=0.1 control_cost_unweighted=0.00819539 control_cost_weighted=0.000819539 mpc_cost=-17.5534 solve_time=0.031352 qp_solve_time=0.0193653 constraint_time=0.0064297 dro_risk_time=0.000401572 ambiguity_radius=0.00221381 certificate=not_requested
[EVAL SAFETY] step=50 min_center_distance=2.29346 min_clearance=1.34346 collision_this_step=0 collision_run=0 collision_radius=0.95
[DRO SUMMARY] step=51 obstacle=0 S=40 rho=0.00218168 rho_raw=0.00218168 D_max=0.0136335 D_min=0.0068334 tv_bound=0.319268 eta=0.160024 eta_raw=0.160024 radius_m=51 radius_d=3 transport_cost=0 budget_usage=0 lambda=0 q_support=3 nominal_risk=0 qstar_risk=0 risk_lift=0 tv=0
[DRO MODE] step=51 obstacle=0 mode=constant_velocity p=0.371429 risk=0 q=0.371429 delta_q=0 q_times_S=14.8571
[DRO MODE] step=51 obstacle=0 mode=turn_left p=0.314286 risk=0 q=0.314286 delta_q=0 q_times_S=12.5714
[DRO MODE] step=51 obstacle=0 mode=turn_right p=0.314286 risk=0 q=0.314286 delta_q=0 q_times_S=12.5714
[DRO SAMPLE] step=51 obstacle=0 mode=constant_velocity q=0.371429 q_times_S=14.8571 first_count=17 first_fraction=0.425 occupancy=136 occupancy_fraction=0.425
[DRO SAMPLE] step=51 obstacle=0 mode=turn_left q=0.314286 q_times_S=12.5714 first_count=14 first_fraction=0.35 occupancy=112 occupancy_fraction=0.35
[DRO SAMPLE] step=51 obstacle=0 mode=turn_right q=0.314286 q_times_S=12.5714 first_count=9 first_fraction=0.225 occupancy=72 occupancy_fraction=0.225
[RF BACKUP] available=1 controls=8 states=9
[FREE POLY] k=1 disc=0 raw=40 facets=3 vertices=6 rho=4.8 anchor_shift=0
[FREE POLY] k=1 disc=1 raw=40 facets=0 vertices=4 rho=0.800001 anchor_shift=0
[FREE POLY] k=1 disc=2 raw=40 facets=0 vertices=4 rho=4.8 anchor_shift=0
[FREE POLY] k=2 disc=0 raw=40 facets=3 vertices=6 rho=5.6 anchor_shift=0
[FREE POLY] k=2 disc=1 raw=40 facets=0 vertices=4 rho=1.6 anchor_shift=0
[FREE POLY] k=2 disc=2 raw=40 facets=0 vertices=4 rho=5.6 anchor_shift=0
[FREE POLY] k=3 disc=0 raw=40 facets=4 vertices=7 rho=6.4 anchor_shift=0
[FREE POLY] k=3 disc=1 raw=40 facets=0 vertices=4 rho=2.4 anchor_shift=0
[FREE POLY] k=3 disc=2 raw=40 facets=3 vertices=6 rho=6.4 anchor_shift=0
[FREE POLY] k=4 disc=0 raw=40 facets=6 vertices=9 rho=7.2 anchor_shift=0
[FREE POLY] k=4 disc=1 raw=40 facets=0 vertices=4 rho=3.2 anchor_shift=0
[FREE POLY] k=4 disc=2 raw=40 facets=4 vertices=7 rho=7.2 anchor_shift=0
[FREE POLY] k=5 disc=0 raw=40 facets=4 vertices=7 rho=8 anchor_shift=0
[FREE POLY] k=5 disc=1 raw=40 facets=0 vertices=4 rho=4 anchor_shift=0
[FREE POLY] k=5 disc=2 raw=40 facets=4 vertices=7 rho=8 anchor_shift=0
[FREE POLY] k=6 disc=0 raw=40 facets=4 vertices=7 rho=8.8 anchor_shift=0
[FREE POLY] k=6 disc=1 raw=40 facets=3 vertices=6 rho=4.8 anchor_shift=0
[FREE POLY] k=6 disc=2 raw=40 facets=4 vertices=7 rho=8.8 anchor_shift=0
[FREE POLY] k=7 disc=0 raw=40 facets=4 vertices=7 rho=9.6 anchor_shift=0
[FREE POLY] k=7 disc=1 raw=40 facets=3 vertices=6 rho=5.6 anchor_shift=0
[FREE POLY] k=7 disc=2 raw=40 facets=4 vertices=7 rho=9.6 anchor_shift=0
[FREE POLY] k=8 disc=0 raw=40 facets=5 vertices=8 rho=10.4 anchor_shift=0
[FREE POLY] k=8 disc=1 raw=40 facets=3 vertices=6 rho=6.4 anchor_shift=0
[FREE POLY] k=8 disc=2 raw=40 facets=4 vertices=7 rho=10.4 anchor_shift=0
[RF SUPPORT SEED] removed=0 support_limit=-1
[SQP] before_solve iter=0 vars=16 constraints=97 max_d=-1.52697
[QP WORST] iter=0 row=0 type=collision d=-1.52697
[QP WORST COLLISION] scenario=12 k=1 obstacle=0 disc=0
[SQP] after_solve iter=0 converged=1 status=0 iterations=2 primal_residual=4.44089e-16 dual_residual=3.19746e-05 x_size=16 x_finite=1
[SQP LINESEARCH] iter=0 current_violation=0 accepted_violation=0 accepted=1 alpha=1 delta_u_norm=0.229431
[SQP SUPPORT] iter=0 support_size=0 support_limit=-1 support_ok=1
[SQP] before_solve iter=1 vars=16 constraints=97 max_d=-1.52752
[QP WORST] iter=1 row=0 type=collision d=-1.52752
[QP WORST COLLISION] scenario=12 k=1 obstacle=0 disc=0
[SQP] after_solve iter=1 converged=1 status=0 iterations=2 primal_residual=4.34115e-16 dual_residual=1.81505e-05 x_size=16 x_finite=1
[SQP LINESEARCH] iter=1 current_violation=0 accepted_violation=0 accepted=1 alpha=1 delta_u_norm=0.170568
[SQP SUPPORT] iter=1 support_size=0 support_limit=-1 support_ok=1
[SQP] before_solve iter=2 vars=16 constraints=97 max_d=-1.52735
[QP WORST] iter=2 row=0 type=collision d=-1.52735
[QP WORST COLLISION] scenario=12 k=1 obstacle=0 disc=0
[SQP] after_solve iter=2 converged=1 status=0 iterations=2 primal_residual=4.38885e-16 dual_residual=1.81505e-05 x_size=16 x_finite=1
[SQP LINESEARCH] iter=2 current_violation=0 accepted_violation=0 accepted=1 alpha=1 delta_u_norm=0.15386
[SQP SUPPORT] iter=2 support_size=0 support_limit=-1 support_ok=1
[SQP] before_solve iter=3 vars=16 constraints=97 max_d=-1.52745
[QP WORST] iter=3 row=0 type=collision d=-1.52745
[QP WORST COLLISION] scenario=12 k=1 obstacle=0 disc=0
[SQP] after_solve iter=3 converged=1 status=0 iterations=2 primal_residual=4.40403e-16 dual_residual=8.75138e-06 x_size=16 x_finite=1
[SQP LINESEARCH] iter=3 current_violation=0 accepted_violation=0 accepted=1 alpha=1 delta_u_norm=0.142734
[SQP SUPPORT] iter=3 support_size=0 support_limit=-1 support_ok=1
[SQP] before_solve iter=4 vars=16 constraints=97 max_d=-1.52733
[QP WORST] iter=4 row=0 type=collision d=-1.52733
[QP WORST COLLISION] scenario=12 k=1 obstacle=0 disc=0
[SQP] after_solve iter=4 converged=1 status=0 iterations=2 primal_residual=4.25875e-16 dual_residual=1.04512e-05 x_size=16 x_finite=1
[SQP LINESEARCH] iter=4 current_violation=0 accepted_violation=0 accepted=1 alpha=1 delta_u_norm=0.133513
[SQP SUPPORT] iter=4 support_size=0 support_limit=-1 support_ok=1
[SQP] before_solve iter=5 vars=16 constraints=97 max_d=-1.52737
[QP WORST] iter=5 row=0 type=collision d=-1.52737
[QP WORST COLLISION] scenario=12 k=1 obstacle=0 disc=0
[SQP] after_solve iter=5 converged=1 status=0 iterations=2 primal_residual=4.42869e-16 dual_residual=6.61275e-06 x_size=16 x_finite=1
[SQP LINESEARCH] iter=5 current_violation=0 accepted_violation=0 accepted=1 alpha=1 delta_u_norm=0.125405
[SQP SUPPORT] iter=5 support_size=0 support_limit=-1 support_ok=1
[SQP] before_solve iter=6 vars=16 constraints=97 max_d=-1.52732
[QP WORST] iter=6 row=0 type=collision d=-1.52732
[QP WORST COLLISION] scenario=12 k=1 obstacle=0 disc=0
[SQP] after_solve iter=6 converged=1 status=0 iterations=2 primal_residual=4.26064e-16 dual_residual=6.85328e-06 x_size=16 x_finite=1
[SQP LINESEARCH] iter=6 current_violation=0 accepted_violation=0 accepted=1 alpha=1 delta_u_norm=0.11819
[SQP SUPPORT] iter=6 support_size=0 support_limit=-1 support_ok=1
[SQP] before_solve iter=7 vars=16 constraints=97 max_d=-1.52735
[QP WORST] iter=7 row=0 type=collision d=-1.52735
[QP WORST COLLISION] scenario=12 k=1 obstacle=0 disc=0
[SQP] after_solve iter=7 converged=1 status=0 iterations=2 primal_residual=4.37801e-16 dual_residual=4.94785e-06 x_size=16 x_finite=1
[SQP LINESEARCH] iter=7 current_violation=0 accepted_violation=0 accepted=1 alpha=1 delta_u_norm=0.111625
[SQP SUPPORT] iter=7 support_size=0 support_limit=-1 support_ok=1
[SQP] before_solve iter=8 vars=16 constraints=97 max_d=-1.52733
[QP WORST] iter=8 row=0 type=collision d=-1.52733
[QP WORST COLLISION] scenario=12 k=1 obstacle=0 disc=0
[SQP] after_solve iter=8 converged=1 status=0 iterations=2 primal_residual=4.31512e-16 dual_residual=4.72749e-06 x_size=16 x_finite=1
[SQP LINESEARCH] iter=8 current_violation=0 accepted_violation=0 accepted=1 alpha=1 delta_u_norm=0.105624
[SQP SUPPORT] iter=8 support_size=0 support_limit=-1 support_ok=1
[SQP] before_solve iter=9 vars=16 constraints=97 max_d=-1.52736
[QP WORST] iter=9 row=0 type=collision d=-1.52736
[QP WORST COLLISION] scenario=12 k=1 obstacle=0 disc=0
[SQP] after_solve iter=9 converged=1 status=0 iterations=2 primal_residual=4.29019e-16 dual_residual=3.69834e-06 x_size=16 x_finite=1
[SQP LINESEARCH] iter=9 current_violation=0 accepted_violation=0 accepted=1 alpha=1 delta_u_norm=0.100076
[SQP SUPPORT] iter=9 support_size=0 support_limit=-1 support_ok=1
[SQP FINAL] final_violation=0 violated_constraints=0
[SUPPORT FINAL] sqp_union=0 final_active=0 support_limit=-1
[SUPPORT FINAL IDS]
[SUPPORT UNION IDS]
[COLD START RECOVERY CHECK] ordinary_sqp_failed=0 seed_available=1 incompatible=0 try_homotopy=0
[HARNESS RESULT] step=50 success=1 controls=8 first_input_present=1
[MPC STEP METRICS] step=50 applied=1 success=1 fallback=0 a=-0.00235327 omega=0.0774114 dt=0.1 acceleration_weight=0.1 steering_weight=0.1 control_cost_unweighted=0.00599806 control_cost_weighted=0.000599806 mpc_cost=-17.563 solve_time=0.0317033 qp_solve_time=0.0196254 constraint_time=0.00651457 dro_risk_time=0.000407383 ambiguity_radius=0.00218168 certificate=not_requested
[EVAL SAFETY] step=51 min_center_distance=2.48494 min_clearance=1.53494 collision_this_step=0 collision_run=0 collision_radius=0.95
[DRO SUMMARY] step=52 obstacle=0 S=40 rho=0.00215035 rho_raw=0.00215035 D_max=0.0136335 D_min=0.0068334 tv_bound=0.314683 eta=0.157726 eta_raw=0.157726 radius_m=52 radius_d=3 transport_cost=0 budget_usage=0 lambda=0 q_support=3 nominal_risk=0 qstar_risk=0 risk_lift=0 tv=0
[DRO MODE] step=52 obstacle=0 mode=constant_velocity p=0.383178 risk=0 q=0.383178 delta_q=0 q_times_S=15.3271
[DRO MODE] step=52 obstacle=0 mode=turn_left p=0.308411 risk=0 q=0.308411 delta_q=0 q_times_S=12.3364
[DRO MODE] step=52 obstacle=0 mode=turn_right p=0.308411 risk=0 q=0.308411 delta_q=0 q_times_S=12.3364
[DRO SAMPLE] step=52 obstacle=0 mode=constant_velocity q=0.383178 q_times_S=15.3271 first_count=18 first_fraction=0.45 occupancy=144 occupancy_fraction=0.45
[DRO SAMPLE] step=52 obstacle=0 mode=turn_left q=0.308411 q_times_S=12.3364 first_count=15 first_fraction=0.375 occupancy=120 occupancy_fraction=0.375
[DRO SAMPLE] step=52 obstacle=0 mode=turn_right q=0.308411 q_times_S=12.3364 first_count=7 first_fraction=0.175 occupancy=56 occupancy_fraction=0.175
[RF BACKUP] available=1 controls=8 states=9
[FREE POLY] k=1 disc=0 raw=40 facets=4 vertices=7 rho=4.8 anchor_shift=0
[FREE POLY] k=1 disc=1 raw=40 facets=0 vertices=4 rho=0.800001 anchor_shift=0
[FREE POLY] k=1 disc=2 raw=40 facets=0 vertices=4 rho=4.8 anchor_shift=0
[FREE POLY] k=2 disc=0 raw=40 facets=3 vertices=6 rho=5.6 anchor_shift=0
[FREE POLY] k=2 disc=1 raw=40 facets=0 vertices=4 rho=1.6 anchor_shift=0
[FREE POLY] k=2 disc=2 raw=40 facets=0 vertices=4 rho=5.6 anchor_shift=0
[FREE POLY] k=3 disc=0 raw=40 facets=3 vertices=6 rho=6.4 anchor_shift=0
[FREE POLY] k=3 disc=1 raw=40 facets=0 vertices=4 rho=2.4 anchor_shift=0
[FREE POLY] k=3 disc=2 raw=40 facets=3 vertices=6 rho=6.4 anchor_shift=0
[FREE POLY] k=4 disc=0 raw=40 facets=2 vertices=5 rho=7.2 anchor_shift=0
[FREE POLY] k=4 disc=1 raw=40 facets=0 vertices=4 rho=3.2 anchor_shift=0
[FREE POLY] k=4 disc=2 raw=40 facets=2 vertices=5 rho=7.2 anchor_shift=0
[FREE POLY] k=5 disc=0 raw=40 facets=2 vertices=5 rho=8 anchor_shift=0
[FREE POLY] k=5 disc=1 raw=40 facets=0 vertices=4 rho=4 anchor_shift=0
[FREE POLY] k=5 disc=2 raw=40 facets=2 vertices=5 rho=8 anchor_shift=0
[FREE POLY] k=6 disc=0 raw=40 facets=3 vertices=6 rho=8.8 anchor_shift=0
[FREE POLY] k=6 disc=1 raw=40 facets=2 vertices=5 rho=4.8 anchor_shift=0
[FREE POLY] k=6 disc=2 raw=40 facets=2 vertices=5 rho=8.8 anchor_shift=0
[FREE POLY] k=7 disc=0 raw=40 facets=3 vertices=6 rho=9.6 anchor_shift=0
[FREE POLY] k=7 disc=1 raw=40 facets=2 vertices=5 rho=5.6 anchor_shift=0
[FREE POLY] k=7 disc=2 raw=40 facets=2 vertices=5 rho=9.6 anchor_shift=0
[FREE POLY] k=8 disc=0 raw=40 facets=3 vertices=6 rho=10.4 anchor_shift=0
[FREE POLY] k=8 disc=1 raw=40 facets=2 vertices=5 rho=6.4 anchor_shift=0
[FREE POLY] k=8 disc=2 raw=40 facets=2 vertices=5 rho=10.4 anchor_shift=0
[RF SUPPORT SEED] removed=0 support_limit=-1
[SQP] before_solve iter=0 vars=16 constraints=74 max_d=-1.7229
[QP WORST] iter=0 row=0 type=collision d=-1.7229
[QP WORST COLLISION] scenario=2 k=1 obstacle=0 disc=0
[SQP] after_solve iter=0 converged=1 status=0 iterations=2 primal_residual=4.23273e-16 dual_residual=2.72497e-05 x_size=16 x_finite=1
[SQP LINESEARCH] iter=0 current_violation=0 accepted_violation=0 accepted=1 alpha=1 delta_u_norm=0.22905
[SQP SUPPORT] iter=0 support_size=0 support_limit=-1 support_ok=1
[SQP] before_solve iter=1 vars=16 constraints=74 max_d=-1.72334
[QP WORST] iter=1 row=0 type=collision d=-1.72334
[QP WORST COLLISION] scenario=2 k=1 obstacle=0 disc=0
[SQP] after_solve iter=1 converged=1 status=0 iterations=2 primal_residual=4.30211e-16 dual_residual=1.51415e-05 x_size=16 x_finite=1
[SQP LINESEARCH] iter=1 current_violation=0 accepted_violation=0 accepted=1 alpha=1 delta_u_norm=0.170338
[SQP SUPPORT] iter=1 support_size=0 support_limit=-1 support_ok=1
[SQP] before_solve iter=2 vars=16 constraints=74 max_d=-1.72321
[QP WORST] iter=2 row=0 type=collision d=-1.72321
[QP WORST COLLISION] scenario=2 k=1 obstacle=0 disc=0
[SQP] after_solve iter=2 converged=1 status=0 iterations=2 primal_residual=4.28585e-16 dual_residual=1.54473e-05 x_size=16 x_finite=1
[SQP LINESEARCH] iter=2 current_violation=0 accepted_violation=0 accepted=1 alpha=1 delta_u_norm=0.153731
[SQP SUPPORT] iter=2 support_size=0 support_limit=-1 support_ok=1
[SQP] before_solve iter=3 vars=16 constraints=74 max_d=-1.72326
[QP WORST] iter=3 row=0 type=collision d=-1.72326
[QP WORST COLLISION] scenario=2 k=1 obstacle=0 disc=0
[SQP] after_solve iter=3 converged=1 status=0 iterations=2 primal_residual=4.39536e-16 dual_residual=7.7981e-06 x_size=16 x_finite=1
[SQP LINESEARCH] iter=3 current_violation=0 accepted_violation=0 accepted=1 alpha=1 delta_u_norm=0.142672
[SQP SUPPORT] iter=3 support_size=0 support_limit=-1 support_ok=1
[SQP] before_solve iter=4 vars=16 constraints=74 max_d=-1.72316
[QP WORST] iter=4 row=0 type=collision d=-1.72316
[QP WORST COLLISION] scenario=2 k=1 obstacle=0 disc=0
[SQP] after_solve iter=4 converged=1 status=0 iterations=2 primal_residual=4.31946e-16 dual_residual=9.21171e-06 x_size=16 x_finite=1
[SQP LINESEARCH] iter=4 current_violation=0 accepted_violation=0 accepted=1 alpha=1 delta_u_norm=0.13347
[SQP SUPPORT] iter=4 support_size=0 support_limit=-1 support_ok=1
[SQP] before_solve iter=5 vars=16 constraints=74 max_d=-1.72317
[QP WORST] iter=5 row=0 type=collision d=-1.72317
[QP WORST COLLISION] scenario=2 k=1 obstacle=0 disc=0
[SQP] after_solve iter=5 converged=1 status=0 iterations=2 primal_residual=4.33572e-16 dual_residual=5.90501e-06 x_size=16 x_finite=1
[SQP LINESEARCH] iter=5 current_violation=0 accepted_violation=0 accepted=1 alpha=1 delta_u_norm=0.125383
[SQP SUPPORT] iter=5 support_size=0 support_limit=-1 support_ok=1
[SQP] before_solve iter=6 vars=16 constraints=74 max_d=-1.72313
[QP WORST] iter=6 row=0 type=collision d=-1.72313
[QP WORST COLLISION] scenario=2 k=1 obstacle=0 disc=0
[SQP] after_solve iter=6 converged=1 status=0 iterations=2 primal_residual=4.39969e-16 dual_residual=6.08457e-06 x_size=16 x_finite=1
[SQP LINESEARCH] iter=6 current_violation=0 accepted_violation=0 accepted=1 alpha=1 delta_u_norm=0.118172
[SQP SUPPORT] iter=6 support_size=0 support_limit=-1 support_ok=1
[SQP] before_solve iter=7 vars=16 constraints=74 max_d=-1.72314
[QP WORST] iter=7 row=0 type=collision d=-1.72314
[QP WORST COLLISION] scenario=2 k=1 obstacle=0 disc=0
[SQP] after_solve iter=7 converged=1 status=0 iterations=2 primal_residual=4.40295e-16 dual_residual=4.4343e-06 x_size=16 x_finite=1
[SQP LINESEARCH] iter=7 current_violation=0 accepted_violation=0 accepted=1 alpha=1 delta_u_norm=0.111614
[SQP SUPPORT] iter=7 support_size=0 support_limit=-1 support_ok=1
[SQP] before_solve iter=8 vars=16 constraints=74 max_d=-1.72313
[QP WORST] iter=8 row=0 type=collision d=-1.72313
[QP WORST COLLISION] scenario=2 k=1 obstacle=0 disc=0
[SQP] after_solve iter=8 converged=1 status=0 iterations=2 primal_residual=4.30428e-16 dual_residual=4.22702e-06 x_size=16 x_finite=1
[SQP LINESEARCH] iter=8 current_violation=0 accepted_violation=0 accepted=1 alpha=1 delta_u_norm=0.105613
[SQP SUPPORT] iter=8 support_size=0 support_limit=-1 support_ok=1
[SQP] before_solve iter=9 vars=16 constraints=74 max_d=-1.72315
[QP WORST] iter=9 row=0 type=collision d=-1.72315
[QP WORST COLLISION] scenario=2 k=1 obstacle=0 disc=0
[SQP] after_solve iter=9 converged=1 status=0 iterations=2 primal_residual=4.25007e-16 dual_residual=3.33044e-06 x_size=16 x_finite=1
[SQP LINESEARCH] iter=9 current_violation=0 accepted_violation=0 accepted=1 alpha=1 delta_u_norm=0.100067
[SQP SUPPORT] iter=9 support_size=0 support_limit=-1 support_ok=1
[SQP FINAL] final_violation=0 violated_constraints=0
[SUPPORT FINAL] sqp_union=0 final_active=0 support_limit=-1
[SUPPORT FINAL IDS]
[SUPPORT UNION IDS]
[COLD START RECOVERY CHECK] ordinary_sqp_failed=0 seed_available=1 incompatible=0 try_homotopy=0
[HARNESS RESULT] step=51 success=1 controls=8 first_input_present=1
[MPC STEP METRICS] step=51 applied=1 success=1 fallback=0 a=-0.00170867 omega=0.0660218 dt=0.1 acceleration_weight=0.1 steering_weight=0.1 control_cost_unweighted=0.00436179 control_cost_weighted=0.000436179 mpc_cost=-17.57 solve_time=0.0299831 qp_solve_time=0.0183829 constraint_time=0.00603205 dro_risk_time=0.000405009 ambiguity_radius=0.00215035 certificate=not_requested
[EVAL SAFETY] step=52 min_center_distance=2.67789 min_clearance=1.72789 collision_this_step=0 collision_run=0 collision_radius=0.95
[DRO SUMMARY] step=53 obstacle=0 S=40 rho=0.0021429 rho_raw=0.0021429 D_max=0.0136335 D_min=0.0068334 tv_bound=0.313592 eta=0.157179 eta_raw=0.157179 radius_m=53 radius_d=3 transport_cost=0 budget_usage=0 lambda=0 q_support=3 nominal_risk=0 qstar_risk=0 risk_lift=0 tv=0
[DRO MODE] step=53 obstacle=0 mode=constant_velocity p=0.376147 risk=0 q=0.376147 delta_q=0 q_times_S=15.0459
[DRO MODE] step=53 obstacle=0 mode=turn_left p=0.321101 risk=0 q=0.321101 delta_q=0 q_times_S=12.844
[DRO MODE] step=53 obstacle=0 mode=turn_right p=0.302752 risk=0 q=0.302752 delta_q=0 q_times_S=12.1101
[DRO SAMPLE] step=53 obstacle=0 mode=constant_velocity q=0.376147 q_times_S=15.0459 first_count=14 first_fraction=0.35 occupancy=112 occupancy_fraction=0.35
[DRO SAMPLE] step=53 obstacle=0 mode=turn_left q=0.321101 q_times_S=12.844 first_count=10 first_fraction=0.25 occupancy=80 occupancy_fraction=0.25
[DRO SAMPLE] step=53 obstacle=0 mode=turn_right q=0.302752 q_times_S=12.1101 first_count=16 first_fraction=0.4 occupancy=128 occupancy_fraction=0.4
[RF BACKUP] available=1 controls=8 states=9
[FREE POLY] k=1 disc=0 raw=40 facets=3 vertices=6 rho=4.8 anchor_shift=0
[FREE POLY] k=1 disc=1 raw=40 facets=0 vertices=4 rho=0.800001 anchor_shift=0
[FREE POLY] k=1 disc=2 raw=40 facets=0 vertices=4 rho=4.8 anchor_shift=0
[FREE POLY] k=2 disc=0 raw=40 facets=3 vertices=6 rho=5.6 anchor_shift=0
[FREE POLY] k=2 disc=1 raw=40 facets=0 vertices=4 rho=1.6 anchor_shift=0
[FREE POLY] k=2 disc=2 raw=40 facets=0 vertices=4 rho=5.6 anchor_shift=0
[FREE POLY] k=3 disc=0 raw=40 facets=4 vertices=7 rho=6.4 anchor_shift=0
[FREE POLY] k=3 disc=1 raw=40 facets=0 vertices=4 rho=2.4 anchor_shift=0
[FREE POLY] k=3 disc=2 raw=40 facets=2 vertices=5 rho=6.4 anchor_shift=0
[FREE POLY] k=4 disc=0 raw=40 facets=3 vertices=6 rho=7.2 anchor_shift=0
[FREE POLY] k=4 disc=1 raw=40 facets=0 vertices=4 rho=3.2 anchor_shift=0
[FREE POLY] k=4 disc=2 raw=40 facets=3 vertices=6 rho=7.2 anchor_shift=0
[FREE POLY] k=5 disc=0 raw=40 facets=3 vertices=6 rho=8 anchor_shift=0
[FREE POLY] k=5 disc=1 raw=40 facets=0 vertices=4 rho=4 anchor_shift=0
[FREE POLY] k=5 disc=2 raw=40 facets=3 vertices=6 rho=8 anchor_shift=0
[FREE POLY] k=6 disc=0 raw=40 facets=3 vertices=6 rho=8.8 anchor_shift=0
[FREE POLY] k=6 disc=1 raw=40 facets=1 vertices=5 rho=4.8 anchor_shift=0
[FREE POLY] k=6 disc=2 raw=40 facets=3 vertices=6 rho=8.8 anchor_shift=0
[FREE POLY] k=7 disc=0 raw=40 facets=3 vertices=6 rho=9.6 anchor_shift=0
[FREE POLY] k=7 disc=1 raw=40 facets=2 vertices=5 rho=5.6 anchor_shift=0
[FREE POLY] k=7 disc=2 raw=40 facets=3 vertices=6 rho=9.6 anchor_shift=0
[FREE POLY] k=8 disc=0 raw=40 facets=3 vertices=6 rho=10.4 anchor_shift=0
[FREE POLY] k=8 disc=1 raw=40 facets=2 vertices=5 rho=6.4 anchor_shift=0
[FREE POLY] k=8 disc=2 raw=40 facets=2 vertices=5 rho=10.4 anchor_shift=0
[RF SUPPORT SEED] removed=0 support_limit=-1
[SQP] before_solve iter=0 vars=16 constraints=78 max_d=-1.8559
[QP WORST] iter=0 row=69 type=velocity d=-1.8559
[SQP] after_solve iter=0 converged=1 status=0 iterations=2 primal_residual=4.3715e-16 dual_residual=2.32194e-05 x_size=16 x_finite=1
[SQP LINESEARCH] iter=0 current_violation=0 accepted_violation=0 accepted=1 alpha=1 delta_u_norm=0.228774
[SQP SUPPORT] iter=0 support_size=0 support_limit=-1 support_ok=1
[SQP] before_solve iter=1 vars=16 constraints=78 max_d=-1.83858
[QP WORST] iter=1 row=69 type=velocity d=-1.83858
[SQP] after_solve iter=1 converged=1 status=0 iterations=2 primal_residual=4.20725e-16 dual_residual=1.26827e-05 x_size=16 x_finite=1
[SQP LINESEARCH] iter=1 current_violation=0 accepted_violation=0 accepted=1 alpha=1 delta_u_norm=0.170172
[SQP SUPPORT] iter=1 support_size=0 support_limit=-1 support_ok=1
[SQP] before_solve iter=2 vars=16 constraints=78 max_d=-1.83784
[QP WORST] iter=2 row=69 type=velocity d=-1.83784
[SQP] after_solve iter=2 converged=1 status=0 iterations=2 primal_residual=4.44143e-16 dual_residual=1.31493e-05 x_size=16 x_finite=1
[SQP LINESEARCH] iter=2 current_violation=0 accepted_violation=0 accepted=1 alpha=1 delta_u_norm=0.153638
[SQP SUPPORT] iter=2 support_size=0 support_limit=-1 support_ok=1
[SQP] before_solve iter=3 vars=16 constraints=78 max_d=-1.84078
[QP WORST] iter=3 row=69 type=velocity d=-1.84078
[SQP] after_solve iter=3 converged=1 status=0 iterations=2 primal_residual=4.43547e-16 dual_residual=6.9737e-06 x_size=16 x_finite=1
[SQP LINESEARCH] iter=3 current_violation=0 accepted_violation=0 accepted=1 alpha=1 delta_u_norm=0.142628
[SQP SUPPORT] iter=3 support_size=0 support_limit=-1 support_ok=1
[SQP] before_solve iter=4 vars=16 constraints=78 max_d=-1.84416
[QP WORST] iter=4 row=69 type=velocity d=-1.84416
[SQP] after_solve iter=4 converged=1 status=0 iterations=2 primal_residual=4.44089e-16 dual_residual=8.14634e-06 x_size=16 x_finite=1
[SQP LINESEARCH] iter=4 current_violation=0 accepted_violation=0 accepted=1 alpha=1 delta_u_norm=0.13344
[SQP SUPPORT] iter=4 support_size=0 support_limit=-1 support_ok=1
[SQP] before_solve iter=5 vars=16 constraints=78 max_d=-1.84727
[QP WORST] iter=5 row=69 type=velocity d=-1.84727
[SQP] after_solve iter=5 converged=1 status=0 iterations=2 primal_residual=4.37259e-16 dual_residual=5.29432e-06 x_size=16 x_finite=1
[SQP LINESEARCH] iter=5 current_violation=0 accepted_violation=0 accepted=1 alpha=1 delta_u_norm=0.125368
[SQP SUPPORT] iter=5 support_size=0 support_limit=-1 support_ok=1
[SQP] before_solve iter=6 vars=16 constraints=78 max_d=-1.84998
[QP WORST] iter=6 row=69 type=velocity d=-1.84998
[SQP] after_solve iter=6 converged=1 status=0 iterations=2 primal_residual=4.2849e-16 dual_residual=5.4231e-06 x_size=16 x_finite=1
[SQP LINESEARCH] iter=6 current_violation=0 accepted_violation=0 accepted=1 alpha=1 delta_u_norm=0.118158
[SQP SUPPORT] iter=6 support_size=0 support_limit=-1 support_ok=1
[SQP] before_solve iter=7 vars=16 constraints=78 max_d=-1.85236
[QP WORST] iter=7 row=69 type=velocity d=-1.85236
[SQP] after_solve iter=7 converged=1 status=0 iterations=2 primal_residual=4.16334e-16 dual_residual=3.99156e-06 x_size=16 x_finite=1
[SQP LINESEARCH] iter=7 current_violation=0 accepted_violation=0 accepted=1 alpha=1 delta_u_norm=0.111605
[SQP SUPPORT] iter=7 support_size=0 support_limit=-1 support_ok=1
[SQP] before_solve iter=8 vars=16 constraints=78 max_d=-1.85444
[QP WORST] iter=8 row=69 type=velocity d=-1.85444
[SQP] after_solve iter=8 converged=1 status=0 iterations=2 primal_residual=4.42788e-16 dual_residual=3.7961e-06 x_size=16 x_finite=1
[SQP LINESEARCH] iter=8 current_violation=0 accepted_violation=0 accepted=1 alpha=1 delta_u_norm=0.105605
[SQP SUPPORT] iter=8 support_size=0 support_limit=-1 support_ok=1
[SQP] before_solve iter=9 vars=16 constraints=78 max_d=-1.85558
[QP WORST] iter=9 row=71 type=velocity d=-1.85558
[SQP] after_solve iter=9 converged=1 status=0 iterations=2 primal_residual=4.2414e-16 dual_residual=3.01339e-06 x_size=16 x_finite=1
[SQP LINESEARCH] iter=9 current_violation=0 accepted_violation=0 accepted=1 alpha=1 delta_u_norm=0.100061
[SQP SUPPORT] iter=9 support_size=0 support_limit=-1 support_ok=1
[SQP FINAL] final_violation=0 violated_constraints=0
[SUPPORT FINAL] sqp_union=0 final_active=0 support_limit=-1
[SUPPORT FINAL IDS]
[SUPPORT UNION IDS]
[COLD START RECOVERY CHECK] ordinary_sqp_failed=0 seed_available=1 incompatible=0 try_homotopy=0
[HARNESS RESULT] step=52 success=1 controls=8 first_input_present=1
[MPC STEP METRICS] step=52 applied=1 success=1 fallback=0 a=-0.00124218 omega=0.0562425 dt=0.1 acceleration_weight=0.1 steering_weight=0.1 control_cost_unweighted=0.00316476 control_cost_weighted=0.000316476 mpc_cost=-17.5751 solve_time=0.0302489 qp_solve_time=0.0184604 constraint_time=0.0062291 dro_risk_time=0.000405299 ambiguity_radius=0.0021429 certificate=not_requested
[EVAL SAFETY] step=53 min_center_distance=2.87183 min_clearance=1.92183 collision_this_step=0 collision_run=0 collision_radius=0.95
[DRO SUMMARY] step=54 obstacle=0 S=40 rho=0.00213417 rho_raw=0.00213417 D_max=0.0136335 D_min=0.0068334 tv_bound=0.312314 eta=0.156539 eta_raw=0.156539 radius_m=54 radius_d=3 transport_cost=0 budget_usage=0 lambda=0 q_support=3 nominal_risk=0 qstar_risk=0 risk_lift=0 tv=0
[DRO MODE] step=54 obstacle=0 mode=constant_velocity p=0.369369 risk=0 q=0.369369 delta_q=0 q_times_S=14.7748
[DRO MODE] step=54 obstacle=0 mode=turn_left p=0.333333 risk=0 q=0.333333 delta_q=0 q_times_S=13.3333
[DRO MODE] step=54 obstacle=0 mode=turn_right p=0.297297 risk=0 q=0.297297 delta_q=0 q_times_S=11.8919
[DRO SAMPLE] step=54 obstacle=0 mode=constant_velocity q=0.369369 q_times_S=14.7748 first_count=14 first_fraction=0.35 occupancy=112 occupancy_fraction=0.35
[DRO SAMPLE] step=54 obstacle=0 mode=turn_left q=0.333333 q_times_S=13.3333 first_count=10 first_fraction=0.25 occupancy=80 occupancy_fraction=0.25
[DRO SAMPLE] step=54 obstacle=0 mode=turn_right q=0.297297 q_times_S=11.8919 first_count=16 first_fraction=0.4 occupancy=128 occupancy_fraction=0.4
[RF BACKUP] available=1 controls=8 states=9
[FREE POLY] k=1 disc=0 raw=40 facets=3 vertices=6 rho=4.8 anchor_shift=0
[FREE POLY] k=1 disc=1 raw=40 facets=0 vertices=4 rho=0.800001 anchor_shift=0
[FREE POLY] k=1 disc=2 raw=40 facets=0 vertices=4 rho=4.8 anchor_shift=0
[FREE POLY] k=2 disc=0 raw=40 facets=3 vertices=6 rho=5.6 anchor_shift=0
[FREE POLY] k=2 disc=1 raw=40 facets=0 vertices=4 rho=1.6 anchor_shift=0
[FREE POLY] k=2 disc=2 raw=40 facets=0 vertices=4 rho=5.6 anchor_shift=0
[FREE POLY] k=3 disc=0 raw=40 facets=6 vertices=9 rho=6.4 anchor_shift=0
[FREE POLY] k=3 disc=1 raw=40 facets=0 vertices=4 rho=2.4 anchor_shift=0
[FREE POLY] k=3 disc=2 raw=40 facets=1 vertices=5 rho=6.4 anchor_shift=0
[FREE POLY] k=4 disc=0 raw=40 facets=4 vertices=7 rho=7.2 anchor_shift=0
[FREE POLY] k=4 disc=1 raw=40 facets=0 vertices=4 rho=3.2 anchor_shift=0
[FREE POLY] k=4 disc=2 raw=40 facets=2 vertices=5 rho=7.2 anchor_shift=0
[FREE POLY] k=5 disc=0 raw=40 facets=3 vertices=6 rho=8 anchor_shift=0
[FREE POLY] k=5 disc=1 raw=40 facets=0 vertices=4 rho=4 anchor_shift=0
[FREE POLY] k=5 disc=2 raw=40 facets=2 vertices=5 rho=8 anchor_shift=0
[FREE POLY] k=6 disc=0 raw=40 facets=3 vertices=6 rho=8.8 anchor_shift=0
[FREE POLY] k=6 disc=1 raw=40 facets=0 vertices=4 rho=4.8 anchor_shift=0
[FREE POLY] k=6 disc=2 raw=40 facets=2 vertices=5 rho=8.8 anchor_shift=0
[FREE POLY] k=7 disc=0 raw=40 facets=4 vertices=7 rho=9.6 anchor_shift=0
[FREE POLY] k=7 disc=1 raw=40 facets=2 vertices=5 rho=5.6 anchor_shift=0
[FREE POLY] k=7 disc=2 raw=40 facets=2 vertices=5 rho=9.6 anchor_shift=0
[FREE POLY] k=8 disc=0 raw=40 facets=4 vertices=7 rho=10.4 anchor_shift=0
[FREE POLY] k=8 disc=1 raw=40 facets=2 vertices=5 rho=6.4 anchor_shift=0
[FREE POLY] k=8 disc=2 raw=40 facets=2 vertices=5 rho=10.4 anchor_shift=0
[RF SUPPORT SEED] removed=0 support_limit=-1
[SQP] before_solve iter=0 vars=16 constraints=77 max_d=-1.85592
[QP WORST] iter=0 row=68 type=velocity d=-1.85592
[SQP] after_solve iter=0 converged=1 status=0 iterations=2 primal_residual=4.30211e-16 dual_residual=2.01156e-05 x_size=16 x_finite=1
[SQP LINESEARCH] iter=0 current_violation=0 accepted_violation=0 accepted=1 alpha=1 delta_u_norm=0.228575
[SQP SUPPORT] iter=0 support_size=0 support_limit=-1 support_ok=1
[SQP] before_solve iter=1 vars=16 constraints=77 max_d=-1.8386
[QP WORST] iter=1 row=68 type=velocity d=-1.8386
[SQP] after_solve iter=1 converged=1 status=0 iterations=2 primal_residual=4.34087e-16 dual_residual=1.06524e-05 x_size=16 x_finite=1
[SQP LINESEARCH] iter=1 current_violation=0 accepted_violation=0 accepted=1 alpha=1 delta_u_norm=0.170051
[SQP SUPPORT] iter=1 support_size=0 support_limit=-1 support_ok=1
[SQP] before_solve iter=2 vars=16 constraints=77 max_d=-1.83786
[QP WORST] iter=2 row=68 type=velocity d=-1.83786
[SQP] after_solve iter=2 converged=1 status=0 iterations=2 primal_residual=4.11129e-16 dual_residual=1.14859e-05 x_size=16 x_finite=1
[SQP LINESEARCH] iter=2 current_violation=0 accepted_violation=0 accepted=1 alpha=1 delta_u_norm=0.153571
[SQP SUPPORT] iter=2 support_size=0 support_limit=-1 support_ok=1
[SQP] before_solve iter=3 vars=16 constraints=77 max_d=-1.8408
[QP WORST] iter=3 row=68 type=velocity d=-1.8408
[SQP] after_solve iter=3 converged=1 status=0 iterations=2 primal_residual=3.56811e-16 dual_residual=6.26404e-06 x_size=16 x_finite=1
[SQP LINESEARCH] iter=3 current_violation=0 accepted_violation=0 accepted=1 alpha=1 delta_u_norm=0.142595
[SQP SUPPORT] iter=3 support_size=0 support_limit=-1 support_ok=1
[SQP] before_solve iter=4 vars=16 constraints=77 max_d=-1.84419
[QP WORST] iter=4 row=68 type=velocity d=-1.84419
[SQP] after_solve iter=4 converged=1 status=0 iterations=2 primal_residual=4.40403e-16 dual_residual=7.23236e-06 x_size=16 x_finite=1
[SQP LINESEARCH] iter=4 current_violation=0 accepted_violation=0 accepted=1 alpha=1 delta_u_norm=0.133418
[SQP SUPPORT] iter=4 support_size=0 support_limit=-1 support_ok=1
[SQP] before_solve iter=5 vars=16 constraints=77 max_d=-1.84729
[QP WORST] iter=5 row=68 type=velocity d=-1.84729
[SQP] after_solve iter=5 converged=1 status=0 iterations=2 primal_residual=4.3715e-16 dual_residual=4.76931e-06 x_size=16 x_finite=1
[SQP LINESEARCH] iter=5 current_violation=0 accepted_violation=0 accepted=1 alpha=1 delta_u_norm=0.125356
[SQP SUPPORT] iter=5 support_size=0 support_limit=-1 support_ok=1
[SQP] before_solve iter=6 vars=16 constraints=77 max_d=-1.85001
[QP WORST] iter=6 row=68 type=velocity d=-1.85001
[SQP] after_solve iter=6 converged=1 status=0 iterations=2 primal_residual=4.16334e-16 dual_residual=4.8551e-06 x_size=16 x_finite=1
[SQP LINESEARCH] iter=6 current_violation=0 accepted_violation=0 accepted=1 alpha=1 delta_u_norm=0.118149
[SQP SUPPORT] iter=6 support_size=0 support_limit=-1 support_ok=1
[SQP] before_solve iter=7 vars=16 constraints=77 max_d=-1.85238
[QP WORST] iter=7 row=68 type=velocity d=-1.85238
[SQP] after_solve iter=7 converged=1 status=0 iterations=2 primal_residual=4.34982e-16 dual_residual=3.61099e-06 x_size=16 x_finite=1
[SQP LINESEARCH] iter=7 current_violation=0 accepted_violation=0 accepted=1 alpha=1 delta_u_norm=0.111599
[SQP SUPPORT] iter=7 support_size=0 support_limit=-1 support_ok=1
[SQP] before_solve iter=8 vars=16 constraints=77 max_d=-1.85446
[QP WORST] iter=8 row=68 type=velocity d=-1.85446
[SQP] after_solve iter=8 converged=1 status=0 iterations=2 primal_residual=3.86084e-16 dual_residual=3.42584e-06 x_size=16 x_finite=1
[SQP LINESEARCH] iter=8 current_violation=0 accepted_violation=0 accepted=1 alpha=1 delta_u_norm=0.105599
[SQP SUPPORT] iter=8 support_size=0 support_limit=-1 support_ok=1
[SQP] before_solve iter=9 vars=16 constraints=77 max_d=-1.85559
[QP WORST] iter=9 row=70 type=velocity d=-1.85559
[SQP] after_solve iter=9 converged=1 status=0 iterations=2 primal_residual=3.83591e-16 dual_residual=2.74082e-06 x_size=16 x_finite=1
[SQP LINESEARCH] iter=9 current_violation=0 accepted_violation=0 accepted=1 alpha=1 delta_u_norm=0.100057
[SQP SUPPORT] iter=9 support_size=0 support_limit=-1 support_ok=1
[SQP FINAL] final_violation=0 violated_constraints=0
[SUPPORT FINAL] sqp_union=0 final_active=0 support_limit=-1
[SUPPORT FINAL IDS]
[SUPPORT UNION IDS]
[COLD START RECOVERY CHECK] ordinary_sqp_failed=0 seed_available=1 incompatible=0 try_homotopy=0
[HARNESS RESULT] step=53 success=1 controls=8 first_input_present=1
[MPC STEP METRICS] step=53 applied=1 success=1 fallback=0 a=-0.000900813 omega=0.0479354 dt=0.1 acceleration_weight=0.1 steering_weight=0.1 control_cost_unweighted=0.00229861 control_cost_weighted=0.000229861 mpc_cost=-17.5788 solve_time=0.0300423 qp_solve_time=0.0182762 constraint_time=0.00624154 dro_risk_time=0.000401853 ambiguity_radius=0.00213417 certificate=not_requested
[EVAL SAFETY] step=54 min_center_distance=3.06649 min_clearance=2.11649 collision_this_step=0 collision_run=0 collision_radius=0.95
[DRO SUMMARY] step=55 obstacle=0 S=40 rho=0.0021049 rho_raw=0.0021049 D_max=0.0136335 D_min=0.0068334 tv_bound=0.308032 eta=0.154392 eta_raw=0.154392 radius_m=55 radius_d=3 transport_cost=0 budget_usage=0 lambda=0 q_support=3 nominal_risk=0 qstar_risk=0 risk_lift=0 tv=0
[DRO MODE] step=55 obstacle=0 mode=constant_velocity p=0.380531 risk=0 q=0.380531 delta_q=0 q_times_S=15.2212
[DRO MODE] step=55 obstacle=0 mode=turn_left p=0.327434 risk=0 q=0.327434 delta_q=0 q_times_S=13.0973
[DRO MODE] step=55 obstacle=0 mode=turn_right p=0.292035 risk=0 q=0.292035 delta_q=0 q_times_S=11.6814
[DRO SAMPLE] step=55 obstacle=0 mode=constant_velocity q=0.380531 q_times_S=15.2212 first_count=14 first_fraction=0.35 occupancy=112 occupancy_fraction=0.35
[DRO SAMPLE] step=55 obstacle=0 mode=turn_left q=0.327434 q_times_S=13.0973 first_count=15 first_fraction=0.375 occupancy=120 occupancy_fraction=0.375
[DRO SAMPLE] step=55 obstacle=0 mode=turn_right q=0.292035 q_times_S=11.6814 first_count=11 first_fraction=0.275 occupancy=88 occupancy_fraction=0.275
[RF BACKUP] available=1 controls=8 states=9
[FREE POLY] k=1 disc=0 raw=40 facets=2 vertices=5 rho=4.8 anchor_shift=0
[FREE POLY] k=1 disc=1 raw=40 facets=0 vertices=4 rho=0.800001 anchor_shift=0
[FREE POLY] k=1 disc=2 raw=40 facets=0 vertices=4 rho=4.8 anchor_shift=0
[FREE POLY] k=2 disc=0 raw=40 facets=3 vertices=6 rho=5.6 anchor_shift=0
[FREE POLY] k=2 disc=1 raw=40 facets=0 vertices=4 rho=1.6 anchor_shift=0
[FREE POLY] k=2 disc=2 raw=40 facets=0 vertices=4 rho=5.6 anchor_shift=0
[FREE POLY] k=3 disc=0 raw=40 facets=2 vertices=5 rho=6.4 anchor_shift=0
[FREE POLY] k=3 disc=1 raw=40 facets=0 vertices=4 rho=2.4 anchor_shift=0
[FREE POLY] k=3 disc=2 raw=40 facets=0 vertices=4 rho=6.4 anchor_shift=0
[FREE POLY] k=4 disc=0 raw=40 facets=4 vertices=7 rho=7.2 anchor_shift=0
[FREE POLY] k=4 disc=1 raw=40 facets=0 vertices=4 rho=3.2 anchor_shift=0
[FREE POLY] k=4 disc=2 raw=40 facets=4 vertices=7 rho=7.2 anchor_shift=0
[FREE POLY] k=5 disc=0 raw=40 facets=5 vertices=8 rho=8 anchor_shift=0
[FREE POLY] k=5 disc=1 raw=40 facets=0 vertices=4 rho=4 anchor_shift=0
[FREE POLY] k=5 disc=2 raw=40 facets=3 vertices=6 rho=8 anchor_shift=0
[FREE POLY] k=6 disc=0 raw=40 facets=4 vertices=7 rho=8.8 anchor_shift=0
[FREE POLY] k=6 disc=1 raw=40 facets=0 vertices=4 rho=4.8 anchor_shift=0
[FREE POLY] k=6 disc=2 raw=40 facets=4 vertices=7 rho=8.8 anchor_shift=0
[FREE POLY] k=7 disc=0 raw=40 facets=4 vertices=7 rho=9.6 anchor_shift=0
[FREE POLY] k=7 disc=1 raw=40 facets=3 vertices=6 rho=5.6 anchor_shift=0
[FREE POLY] k=7 disc=2 raw=40 facets=4 vertices=7 rho=9.6 anchor_shift=0
[FREE POLY] k=8 disc=0 raw=40 facets=4 vertices=7 rho=10.4 anchor_shift=0
[FREE POLY] k=8 disc=1 raw=40 facets=3 vertices=6 rho=6.4 anchor_shift=0
[FREE POLY] k=8 disc=2 raw=40 facets=4 vertices=7 rho=10.4 anchor_shift=0
[RF SUPPORT SEED] removed=0 support_limit=-1
[SQP] before_solve iter=0 vars=16 constraints=85 max_d=-1.85593
[QP WORST] iter=0 row=76 type=velocity d=-1.85593
[SQP] after_solve iter=0 converged=1 status=0 iterations=2 primal_residual=4.3715e-16 dual_residual=1.76015e-05 x_size=16 x_finite=1
[SQP LINESEARCH] iter=0 current_violation=0 accepted_violation=0 accepted=1 alpha=1 delta_u_norm=0.228432
[SQP SUPPORT] iter=0 support_size=0 support_limit=-1 support_ok=1
[SQP] before_solve iter=1 vars=16 constraints=85 max_d=-1.83862
[QP WORST] iter=1 row=76 type=velocity d=-1.83862
[SQP] after_solve iter=1 converged=1 status=0 iterations=2 primal_residual=4.41487e-16 dual_residual=9.31115e-06 x_size=16 x_finite=1
[SQP LINESEARCH] iter=1 current_violation=0 accepted_violation=0 accepted=1 alpha=1 delta_u_norm=0.169964
[SQP SUPPORT] iter=1 support_size=0 support_limit=-1 support_ok=1
[SQP] before_solve iter=2 vars=16 constraints=85 max_d=-1.83788
[QP WORST] iter=2 row=76 type=velocity d=-1.83788
[SQP] after_solve iter=2 converged=1 status=0 iterations=2 primal_residual=4.40132e-16 dual_residual=1.01434e-05 x_size=16 x_finite=1
[SQP LINESEARCH] iter=2 current_violation=0 accepted_violation=0 accepted=1 alpha=1 delta_u_norm=0.153523
[SQP SUPPORT] iter=2 support_size=0 support_limit=-1 support_ok=1
[SQP] before_solve iter=3 vars=16 constraints=85 max_d=-1.84082
[QP WORST] iter=3 row=76 type=velocity d=-1.84082
[SQP] after_solve iter=3 converged=1 status=0 iterations=2 primal_residual=4.24574e-16 dual_residual=5.65519e-06 x_size=16 x_finite=1
[SQP LINESEARCH] iter=3 current_violation=0 accepted_violation=0 accepted=1 alpha=1 delta_u_norm=0.142572
[SQP SUPPORT] iter=3 support_size=0 support_limit=-1 support_ok=1
[SQP] before_solve iter=4 vars=16 constraints=85 max_d=-1.8442
[QP WORST] iter=4 row=76 type=velocity d=-1.8442
[SQP] after_solve iter=4 converged=1 status=0 iterations=2 primal_residual=4.26837e-16 dual_residual=6.44954e-06 x_size=16 x_finite=1
[SQP LINESEARCH] iter=4 current_violation=0 accepted_violation=0 accepted=1 alpha=1 delta_u_norm=0.133402
[SQP SUPPORT] iter=4 support_size=0 support_limit=-1 support_ok=1
[SQP] before_solve iter=5 vars=16 constraints=85 max_d=-1.84731
[QP WORST] iter=5 row=76 type=velocity d=-1.84731
[SQP] after_solve iter=5 converged=1 status=0 iterations=2 primal_residual=4.42354e-16 dual_residual=4.31896e-06 x_size=16 x_finite=1
[SQP LINESEARCH] iter=5 current_violation=0 accepted_violation=0 accepted=1 alpha=1 delta_u_norm=0.125348
[SQP SUPPORT] iter=5 support_size=0 support_limit=-1 support_ok=1
[SQP] before_solve iter=6 vars=16 constraints=85 max_d=-1.85003
[QP WORST] iter=6 row=76 type=velocity d=-1.85003
[SQP] after_solve iter=6 converged=1 status=0 iterations=2 primal_residual=4.18719e-16 dual_residual=4.36812e-06 x_size=16 x_finite=1
[SQP LINESEARCH] iter=6 current_violation=0 accepted_violation=0 accepted=1 alpha=1 delta_u_norm=0.118142
[SQP SUPPORT] iter=6 support_size=0 support_limit=-1 support_ok=1
[SQP] before_solve iter=7 vars=16 constraints=85 max_d=-1.8524
[QP WORST] iter=7 row=76 type=velocity d=-1.8524
[SQP] after_solve iter=7 converged=1 status=0 iterations=2 primal_residual=4.44089e-16 dual_residual=3.28444e-06 x_size=16 x_finite=1
[SQP LINESEARCH] iter=7 current_violation=0 accepted_violation=0 accepted=1 alpha=1 delta_u_norm=0.111594
[SQP SUPPORT] iter=7 support_size=0 support_limit=-1 support_ok=1
[SQP] before_solve iter=8 vars=16 constraints=85 max_d=-1.85448
[QP WORST] iter=8 row=76 type=velocity d=-1.85448
[SQP] after_solve iter=8 converged=1 status=0 iterations=2 primal_residual=4.33681e-16 dual_residual=3.10816e-06 x_size=16 x_finite=1
[SQP LINESEARCH] iter=8 current_violation=0 accepted_violation=0 accepted=1 alpha=1 delta_u_norm=0.105595
[SQP SUPPORT] iter=8 support_size=0 support_limit=-1 support_ok=1
[SQP] before_solve iter=9 vars=16 constraints=85 max_d=-1.8556
[QP WORST] iter=9 row=78 type=velocity d=-1.8556
[SQP] after_solve iter=9 converged=1 status=0 iterations=2 primal_residual=4.38126e-16 dual_residual=2.50685e-06 x_size=16 x_finite=1
[SQP LINESEARCH] iter=9 current_violation=0 accepted_violation=0 accepted=1 alpha=1 delta_u_norm=0.100053
[SQP SUPPORT] iter=9 support_size=0 support_limit=-1 support_ok=1
[SQP FINAL] final_violation=0 violated_constraints=0
[SUPPORT FINAL] sqp_union=0 final_active=0 support_limit=-1
[SUPPORT FINAL IDS]
[SUPPORT UNION IDS]
[COLD START RECOVERY CHECK] ordinary_sqp_failed=0 seed_available=1 incompatible=0 try_homotopy=0
[HARNESS RESULT] step=54 success=1 controls=8 first_input_present=1
[MPC STEP METRICS] step=54 applied=1 success=1 fallback=0 a=-0.000654201 omega=0.0408497 dt=0.1 acceleration_weight=0.1 steering_weight=0.1 control_cost_unweighted=0.00166912 control_cost_weighted=0.000166912 mpc_cost=-17.5815 solve_time=0.0304185 qp_solve_time=0.0185442 constraint_time=0.0063536 dro_risk_time=0.000404548 ambiguity_radius=0.0021049 certificate=not_requested
[EVAL SAFETY] step=55 min_center_distance=3.26169 min_clearance=2.31169 collision_this_step=0 collision_run=0 collision_radius=0.95
[DRO SUMMARY] step=56 obstacle=0 S=40 rho=0.00207633 rho_raw=0.00207633 D_max=0.0136335 D_min=0.0068334 tv_bound=0.303851 eta=0.152297 eta_raw=0.152297 radius_m=56 radius_d=3 transport_cost=0 budget_usage=0 lambda=0 q_support=3 nominal_risk=0 qstar_risk=0 risk_lift=0 tv=0
[DRO MODE] step=56 obstacle=0 mode=constant_velocity p=0.391304 risk=0 q=0.391304 delta_q=0 q_times_S=15.6522
[DRO MODE] step=56 obstacle=0 mode=turn_left p=0.321739 risk=0 q=0.321739 delta_q=0 q_times_S=12.8696
[DRO MODE] step=56 obstacle=0 mode=turn_right p=0.286957 risk=0 q=0.286957 delta_q=0 q_times_S=11.4783
[DRO SAMPLE] step=56 obstacle=0 mode=constant_velocity q=0.391304 q_times_S=15.6522 first_count=15 first_fraction=0.375 occupancy=120 occupancy_fraction=0.375
[DRO SAMPLE] step=56 obstacle=0 mode=turn_left q=0.321739 q_times_S=12.8696 first_count=11 first_fraction=0.275 occupancy=88 occupancy_fraction=0.275
[DRO SAMPLE] step=56 obstacle=0 mode=turn_right q=0.286957 q_times_S=11.4783 first_count=14 first_fraction=0.35 occupancy=112 occupancy_fraction=0.35
[RF BACKUP] available=1 controls=8 states=9
[FREE POLY] k=1 disc=0 raw=40 facets=3 vertices=6 rho=4.8 anchor_shift=0
[FREE POLY] k=1 disc=1 raw=40 facets=0 vertices=4 rho=0.800001 anchor_shift=0
[FREE POLY] k=1 disc=2 raw=40 facets=0 vertices=4 rho=4.8 anchor_shift=0
[FREE POLY] k=2 disc=0 raw=40 facets=5 vertices=8 rho=5.6 anchor_shift=0
[FREE POLY] k=2 disc=1 raw=40 facets=0 vertices=4 rho=1.6 anchor_shift=0
[FREE POLY] k=2 disc=2 raw=40 facets=0 vertices=4 rho=5.6 anchor_shift=0
[FREE POLY] k=3 disc=0 raw=40 facets=5 vertices=8 rho=6.4 anchor_shift=0
[FREE POLY] k=3 disc=1 raw=40 facets=0 vertices=4 rho=2.4 anchor_shift=0
[FREE POLY] k=3 disc=2 raw=40 facets=0 vertices=4 rho=6.4 anchor_shift=0
[FREE POLY] k=4 disc=0 raw=40 facets=3 vertices=6 rho=7.2 anchor_shift=0
[FREE POLY] k=4 disc=1 raw=40 facets=0 vertices=4 rho=3.2 anchor_shift=0
[FREE POLY] k=4 disc=2 raw=40 facets=2 vertices=5 rho=7.2 anchor_shift=0
[FREE POLY] k=5 disc=0 raw=40 facets=2 vertices=5 rho=8 anchor_shift=0
[FREE POLY] k=5 disc=1 raw=40 facets=0 vertices=4 rho=4 anchor_shift=0
[FREE POLY] k=5 disc=2 raw=40 facets=2 vertices=5 rho=8 anchor_shift=0
[FREE POLY] k=6 disc=0 raw=40 facets=2 vertices=5 rho=8.8 anchor_shift=0
[FREE POLY] k=6 disc=1 raw=40 facets=0 vertices=4 rho=4.8 anchor_shift=0
[FREE POLY] k=6 disc=2 raw=40 facets=2 vertices=5 rho=8.8 anchor_shift=0
[FREE POLY] k=7 disc=0 raw=40 facets=2 vertices=5 rho=9.6 anchor_shift=0
[FREE POLY] k=7 disc=1 raw=40 facets=2 vertices=5 rho=5.6 anchor_shift=0
[FREE POLY] k=7 disc=2 raw=40 facets=2 vertices=5 rho=9.6 anchor_shift=0
[FREE POLY] k=8 disc=0 raw=40 facets=3 vertices=6 rho=10.4 anchor_shift=0
[FREE POLY] k=8 disc=1 raw=40 facets=2 vertices=5 rho=6.4 anchor_shift=0
[FREE POLY] k=8 disc=2 raw=40 facets=2 vertices=5 rho=10.4 anchor_shift=0
[RF SUPPORT SEED] removed=0 support_limit=-1
[SQP] before_solve iter=0 vars=16 constraints=71 max_d=-1.85594
[QP WORST] iter=0 row=62 type=velocity d=-1.85594
[SQP] after_solve iter=0 converged=1 status=0 iterations=2 primal_residual=3.88578e-16 dual_residual=1.5448e-05 x_size=16 x_finite=1
[SQP LINESEARCH] iter=0 current_violation=0 accepted_violation=0 accepted=1 alpha=1 delta_u_norm=0.22833
[SQP SUPPORT] iter=0 support_size=0 support_limit=-1 support_ok=1
[SQP] before_solve iter=1 vars=16 constraints=71 max_d=-1.83863
[QP WORST] iter=1 row=62 type=velocity d=-1.83863
[SQP] after_solve iter=1 converged=1 status=0 iterations=2 primal_residual=4.26742e-16 dual_residual=8.33744e-06 x_size=16 x_finite=1
[SQP LINESEARCH] iter=1 current_violation=0 accepted_violation=0 accepted=1 alpha=1 delta_u_norm=0.1699
[SQP SUPPORT] iter=1 support_size=0 support_limit=-1 support_ok=1
[SQP] before_solve iter=2 vars=16 constraints=71 max_d=-1.83789
[QP WORST] iter=2 row=62 type=velocity d=-1.83789
[SQP] after_solve iter=2 converged=1 status=0 iterations=2 primal_residual=4.09828e-16 dual_residual=8.99488e-06 x_size=16 x_finite=1
[SQP LINESEARCH] iter=2 current_violation=0 accepted_violation=0 accepted=1 alpha=1 delta_u_norm=0.153488
[SQP SUPPORT] iter=2 support_size=0 support_limit=-1 support_ok=1
[SQP] before_solve iter=3 vars=16 constraints=71 max_d=-1.84083
[QP WORST] iter=3 row=62 type=velocity d=-1.84083
[SQP] after_solve iter=3 converged=1 status=0 iterations=2 primal_residual=3.98336e-16 dual_residual=5.13316e-06 x_size=16 x_finite=1
[SQP LINESEARCH] iter=3 current_violation=0 accepted_violation=0 accepted=1 alpha=1 delta_u_norm=0.142555
[SQP SUPPORT] iter=3 support_size=0 support_limit=-1 support_ok=1
[SQP] before_solve iter=4 vars=16 constraints=71 max_d=-1.84421
[QP WORST] iter=4 row=62 type=velocity d=-1.84421
[SQP] after_solve iter=4 converged=1 status=0 iterations=2 primal_residual=4.16334e-16 dual_residual=5.77931e-06 x_size=16 x_finite=1
[SQP LINESEARCH] iter=4 current_violation=0 accepted_violation=0 accepted=1 alpha=1 delta_u_norm=0.13339
[SQP SUPPORT] iter=4 support_size=0 support_limit=-1 support_ok=1
[SQP] before_solve iter=5 vars=16 constraints=71 max_d=-1.84732
[QP WORST] iter=5 row=62 type=velocity d=-1.84732
[SQP] after_solve iter=5 converged=1 status=0 iterations=2 primal_residual=4.3547e-16 dual_residual=3.93296e-06 x_size=16 x_finite=1
[SQP LINESEARCH] iter=5 current_violation=0 accepted_violation=0 accepted=1 alpha=1 delta_u_norm=0.125342
[SQP SUPPORT] iter=5 support_size=0 support_limit=-1 support_ok=1
[SQP] before_solve iter=6 vars=16 constraints=71 max_d=-1.85004
[QP WORST] iter=6 row=62 type=velocity d=-1.85004
[SQP] after_solve iter=6 converged=1 status=0 iterations=2 primal_residual=4.04678e-16 dual_residual=3.95087e-06 x_size=16 x_finite=1
[SQP LINESEARCH] iter=6 current_violation=0 accepted_violation=0 accepted=1 alpha=1 delta_u_norm=0.118137
[SQP SUPPORT] iter=6 support_size=0 support_limit=-1 support_ok=1
[SQP] before_solve iter=7 vars=16 constraints=71 max_d=-1.85241
[QP WORST] iter=7 row=62 type=velocity d=-1.85241
[SQP] after_solve iter=7 converged=1 status=0 iterations=2 primal_residual=4.34548e-16 dual_residual=3.00447e-06 x_size=16 x_finite=1
[SQP LINESEARCH] iter=7 current_violation=0 accepted_violation=0 accepted=1 alpha=1 delta_u_norm=0.111591
[SQP SUPPORT] iter=7 support_size=0 support_limit=-1 support_ok=1
[SQP] before_solve iter=8 vars=16 constraints=71 max_d=-1.85449
[QP WORST] iter=8 row=62 type=velocity d=-1.85449
[SQP] after_solve iter=8 converged=1 status=0 iterations=2 primal_residual=4.25848e-16 dual_residual=2.8358e-06 x_size=16 x_finite=1
[SQP LINESEARCH] iter=8 current_violation=0 accepted_violation=0 accepted=1 alpha=1 delta_u_norm=0.105592
[SQP SUPPORT] iter=8 support_size=0 support_limit=-1 support_ok=1
[SQP] before_solve iter=9 vars=16 constraints=71 max_d=-1.85561
[QP WORST] iter=9 row=64 type=velocity d=-1.85561
[SQP] after_solve iter=9 converged=1 status=0 iterations=2 primal_residual=3.99095e-16 dual_residual=2.30619e-06 x_size=16 x_finite=1
[SQP LINESEARCH] iter=9 current_violation=0 accepted_violation=0 accepted=1 alpha=1 delta_u_norm=0.100051
[SQP SUPPORT] iter=9 support_size=0 support_limit=-1 support_ok=1
[SQP FINAL] final_violation=0 violated_constraints=0
[SUPPORT FINAL] sqp_union=0 final_active=0 support_limit=-1
[SUPPORT FINAL IDS]
[SUPPORT UNION IDS]
[COLD START RECOVERY CHECK] ordinary_sqp_failed=0 seed_available=1 incompatible=0 try_homotopy=0
[HARNESS RESULT] step=55 success=1 controls=8 first_input_present=1
[MPC STEP METRICS] step=55 applied=1 success=1 fallback=0 a=-0.000474849 omega=0.0348049 dt=0.1 acceleration_weight=0.1 steering_weight=0.1 control_cost_unweighted=0.00121161 control_cost_weighted=0.000121161 mpc_cost=-17.5834 solve_time=0.0292438 qp_solve_time=0.0177616 constraint_time=0.0059963 dro_risk_time=0.000402133 ambiguity_radius=0.00207633 certificate=not_requested
[EVAL SAFETY] step=56 min_center_distance=3.45727 min_clearance=2.50727 collision_this_step=0 collision_run=0 collision_radius=0.95
[DRO SUMMARY] step=57 obstacle=0 S=40 rho=0.00205888 rho_raw=0.00205888 D_max=0.0136335 D_min=0.0068334 tv_bound=0.301297 eta=0.151017 eta_raw=0.151017 radius_m=57 radius_d=3 transport_cost=0 budget_usage=0 lambda=0 q_support=3 nominal_risk=0 qstar_risk=0 risk_lift=0 tv=0
[DRO MODE] step=57 obstacle=0 mode=constant_velocity p=0.384615 risk=0 q=0.384615 delta_q=0 q_times_S=15.3846
[DRO MODE] step=57 obstacle=0 mode=turn_left p=0.316239 risk=0 q=0.316239 delta_q=0 q_times_S=12.6496
[DRO MODE] step=57 obstacle=0 mode=turn_right p=0.299145 risk=0 q=0.299145 delta_q=0 q_times_S=11.9658
[DRO SAMPLE] step=57 obstacle=0 mode=constant_velocity q=0.384615 q_times_S=15.3846 first_count=18 first_fraction=0.45 occupancy=144 occupancy_fraction=0.45
[DRO SAMPLE] step=57 obstacle=0 mode=turn_left q=0.316239 q_times_S=12.6496 first_count=14 first_fraction=0.35 occupancy=112 occupancy_fraction=0.35
[DRO SAMPLE] step=57 obstacle=0 mode=turn_right q=0.299145 q_times_S=11.9658 first_count=8 first_fraction=0.2 occupancy=64 occupancy_fraction=0.2
[RF BACKUP] available=1 controls=8 states=9
[FREE POLY] k=1 disc=0 raw=40 facets=2 vertices=5 rho=4.8 anchor_shift=0
[FREE POLY] k=1 disc=1 raw=40 facets=0 vertices=4 rho=0.800001 anchor_shift=0
[FREE POLY] k=1 disc=2 raw=40 facets=0 vertices=4 rho=4.8 anchor_shift=0
[FREE POLY] k=2 disc=0 raw=40 facets=3 vertices=6 rho=5.6 anchor_shift=0
[FREE POLY] k=2 disc=1 raw=40 facets=0 vertices=4 rho=1.6 anchor_shift=0
[FREE POLY] k=2 disc=2 raw=40 facets=0 vertices=4 rho=5.6 anchor_shift=0
[FREE POLY] k=3 disc=0 raw=40 facets=2 vertices=5 rho=6.4 anchor_shift=0
[FREE POLY] k=3 disc=1 raw=40 facets=0 vertices=4 rho=2.4 anchor_shift=0
[FREE POLY] k=3 disc=2 raw=40 facets=0 vertices=4 rho=6.4 anchor_shift=0
[FREE POLY] k=4 disc=0 raw=40 facets=2 vertices=5 rho=7.2 anchor_shift=0
[FREE POLY] k=4 disc=1 raw=40 facets=0 vertices=4 rho=3.2 anchor_shift=0
[FREE POLY] k=4 disc=2 raw=40 facets=1 vertices=5 rho=7.2 anchor_shift=0
[FREE POLY] k=5 disc=0 raw=40 facets=2 vertices=5 rho=8 anchor_shift=0
[FREE POLY] k=5 disc=1 raw=40 facets=0 vertices=4 rho=4 anchor_shift=0
[FREE POLY] k=5 disc=2 raw=40 facets=2 vertices=5 rho=8 anchor_shift=0
[FREE POLY] k=6 disc=0 raw=40 facets=2 vertices=5 rho=8.8 anchor_shift=0
[FREE POLY] k=6 disc=1 raw=40 facets=0 vertices=4 rho=4.8 anchor_shift=0
[FREE POLY] k=6 disc=2 raw=40 facets=2 vertices=5 rho=8.8 anchor_shift=0
[FREE POLY] k=7 disc=0 raw=40 facets=2 vertices=5 rho=9.6 anchor_shift=0
[FREE POLY] k=7 disc=1 raw=40 facets=1 vertices=5 rho=5.6 anchor_shift=0
[FREE POLY] k=7 disc=2 raw=40 facets=2 vertices=5 rho=9.6 anchor_shift=0
[FREE POLY] k=8 disc=0 raw=40 facets=2 vertices=5 rho=10.4 anchor_shift=0
[FREE POLY] k=8 disc=1 raw=40 facets=2 vertices=5 rho=6.4 anchor_shift=0
[FREE POLY] k=8 disc=2 raw=40 facets=2 vertices=5 rho=10.4 anchor_shift=0
[RF SUPPORT SEED] removed=0 support_limit=-1
[SQP] before_solve iter=0 vars=16 constraints=61 max_d=-1.85594
[QP WORST] iter=0 row=52 type=velocity d=-1.85594
[SQP] after_solve iter=0 converged=1 status=0 iterations=2 primal_residual=4.30211e-16 dual_residual=1.36175e-05 x_size=16 x_finite=1
[SQP LINESEARCH] iter=0 current_violation=0 accepted_violation=0 accepted=1 alpha=1 delta_u_norm=0.228256
[SQP SUPPORT] iter=0 support_size=0 support_limit=-1 support_ok=1
[SQP] before_solve iter=1 vars=16 constraints=61 max_d=-1.83863
[QP WORST] iter=1 row=52 type=velocity d=-1.83863
[SQP] after_solve iter=1 converged=1 status=0 iterations=2 primal_residual=4.22405e-16 dual_residual=7.49707e-06 x_size=16 x_finite=1
[SQP LINESEARCH] iter=1 current_violation=0 accepted_violation=0 accepted=1 alpha=1 delta_u_norm=0.169855
[SQP SUPPORT] iter=1 support_size=0 support_limit=-1 support_ok=1
[SQP] before_solve iter=2 vars=16 constraints=61 max_d=-1.8379
[QP WORST] iter=2 row=52 type=velocity d=-1.8379
[SQP] after_solve iter=2 converged=1 status=0 iterations=2 primal_residual=4.4062e-16 dual_residual=8.01301e-06 x_size=16 x_finite=1
[SQP LINESEARCH] iter=2 current_violation=0 accepted_violation=0 accepted=1 alpha=1 delta_u_norm=0.153463
[SQP SUPPORT] iter=2 support_size=0 support_limit=-1 support_ok=1
[SQP] before_solve iter=3 vars=16 constraints=61 max_d=-1.84084
[QP WORST] iter=3 row=52 type=velocity d=-1.84084
[SQP] after_solve iter=3 converged=1 status=0 iterations=2 primal_residual=4.42815e-16 dual_residual=4.68571e-06 x_size=16 x_finite=1
[SQP LINESEARCH] iter=3 current_violation=0 accepted_violation=0 accepted=1 alpha=1 delta_u_norm=0.142543
[SQP SUPPORT] iter=3 support_size=0 support_limit=-1 support_ok=1
[SQP] before_solve iter=4 vars=16 constraints=61 max_d=-1.84422
[QP WORST] iter=4 row=52 type=velocity d=-1.84422
[SQP] after_solve iter=4 converged=1 status=0 iterations=2 primal_residual=4.23056e-16 dual_residual=5.20554e-06 x_size=16 x_finite=1
[SQP LINESEARCH] iter=4 current_violation=0 accepted_violation=0 accepted=1 alpha=1 delta_u_norm=0.133382
[SQP SUPPORT] iter=4 support_size=0 support_limit=-1 support_ok=1
[SQP] before_solve iter=5 vars=16 constraints=61 max_d=-1.84733
[QP WORST] iter=5 row=52 type=velocity d=-1.84733
[SQP] after_solve iter=5 converged=1 status=0 iterations=2 primal_residual=4.16334e-16 dual_residual=3.60215e-06 x_size=16 x_finite=1
[SQP LINESEARCH] iter=5 current_violation=0 accepted_violation=0 accepted=1 alpha=1 delta_u_norm=0.125338
[SQP SUPPORT] iter=5 support_size=0 support_limit=-1 support_ok=1
[SQP] before_solve iter=6 vars=16 constraints=61 max_d=-1.85005
[QP WORST] iter=6 row=52 type=velocity d=-1.85005
[SQP] after_solve iter=6 converged=1 status=0 iterations=2 primal_residual=4.33681e-16 dual_residual=3.59344e-06 x_size=16 x_finite=1
[SQP LINESEARCH] iter=6 current_violation=0 accepted_violation=0 accepted=1 alpha=1 delta_u_norm=0.118133
[SQP SUPPORT] iter=6 support_size=0 support_limit=-1 support_ok=1
[SQP] before_solve iter=7 vars=16 constraints=61 max_d=-1.85242
[QP WORST] iter=7 row=52 type=velocity d=-1.85242
[SQP] after_solve iter=7 converged=1 status=0 iterations=2 primal_residual=4.2845e-16 dual_residual=2.76451e-06 x_size=16 x_finite=1
[SQP LINESEARCH] iter=7 current_violation=0 accepted_violation=0 accepted=1 alpha=1 delta_u_norm=0.111589
[SQP SUPPORT] iter=7 support_size=0 support_limit=-1 support_ok=1
[SQP] before_solve iter=8 vars=16 constraints=61 max_d=-1.8545
[QP WORST] iter=8 row=52 type=velocity d=-1.8545
[SQP] after_solve iter=8 converged=1 status=0 iterations=2 primal_residual=4.39752e-16 dual_residual=2.60238e-06 x_size=16 x_finite=1
[SQP LINESEARCH] iter=8 current_violation=0 accepted_violation=0 accepted=1 alpha=1 delta_u_norm=0.105589
[SQP SUPPORT] iter=8 support_size=0 support_limit=-1 support_ok=1
[SQP] before_solve iter=9 vars=16 constraints=61 max_d=-1.85561
[QP WORST] iter=9 row=54 type=velocity d=-1.85561
[SQP] after_solve iter=9 converged=1 status=0 iterations=2 primal_residual=4.16334e-16 dual_residual=2.13417e-06 x_size=16 x_finite=1
[SQP LINESEARCH] iter=9 current_violation=0 accepted_violation=0 accepted=1 alpha=1 delta_u_norm=0.100049
[SQP SUPPORT] iter=9 support_size=0 support_limit=-1 support_ok=1
[SQP FINAL] final_violation=0 violated_constraints=0
[SUPPORT FINAL] sqp_union=0 final_active=0 support_limit=-1
[SUPPORT FINAL IDS]
[SUPPORT UNION IDS]
[COLD START RECOVERY CHECK] ordinary_sqp_failed=0 seed_available=1 incompatible=0 try_homotopy=0
[HARNESS RESULT] step=56 success=1 controls=8 first_input_present=1
[MPC STEP METRICS] step=56 applied=1 success=1 fallback=0 a=-0.000344673 omega=0.0296538 dt=0.1 acceleration_weight=0.1 steering_weight=0.1 control_cost_unweighted=0.000879466 control_cost_weighted=8.79466e-05 mpc_cost=-17.5848 solve_time=0.028534 qp_solve_time=0.0171647 constraint_time=0.00587845 dro_risk_time=0.000407353 ambiguity_radius=0.00205888 certificate=not_requested
[EVAL SAFETY] step=57 min_center_distance=3.65313 min_clearance=2.70313 collision_this_step=0 collision_run=0 collision_radius=0.95
[DRO SUMMARY] step=58 obstacle=0 S=40 rho=0.00204106 rho_raw=0.00204106 D_max=0.0136335 D_min=0.0068334 tv_bound=0.298688 eta=0.149709 eta_raw=0.149709 radius_m=58 radius_d=3 transport_cost=0 budget_usage=0 lambda=0 q_support=3 nominal_risk=0 qstar_risk=0 risk_lift=0 tv=0
[DRO MODE] step=58 obstacle=0 mode=constant_velocity p=0.378151 risk=0 q=0.378151 delta_q=0 q_times_S=15.1261
[DRO MODE] step=58 obstacle=0 mode=turn_left p=0.310924 risk=0 q=0.310924 delta_q=0 q_times_S=12.437
[DRO MODE] step=58 obstacle=0 mode=turn_right p=0.310924 risk=0 q=0.310924 delta_q=0 q_times_S=12.437
[DRO SAMPLE] step=58 obstacle=0 mode=constant_velocity q=0.378151 q_times_S=15.1261 first_count=18 first_fraction=0.45 occupancy=144 occupancy_fraction=0.45
[DRO SAMPLE] step=58 obstacle=0 mode=turn_left q=0.310924 q_times_S=12.437 first_count=11 first_fraction=0.275 occupancy=88 occupancy_fraction=0.275
[DRO SAMPLE] step=58 obstacle=0 mode=turn_right q=0.310924 q_times_S=12.437 first_count=11 first_fraction=0.275 occupancy=88 occupancy_fraction=0.275
[RF BACKUP] available=1 controls=8 states=9
[FREE POLY] k=1 disc=0 raw=40 facets=4 vertices=7 rho=4.8 anchor_shift=0
[FREE POLY] k=1 disc=1 raw=40 facets=0 vertices=4 rho=0.800001 anchor_shift=0
[FREE POLY] k=1 disc=2 raw=40 facets=0 vertices=4 rho=4.8 anchor_shift=0
[FREE POLY] k=2 disc=0 raw=40 facets=4 vertices=7 rho=5.6 anchor_shift=0
[FREE POLY] k=2 disc=1 raw=40 facets=0 vertices=4 rho=1.6 anchor_shift=0
[FREE POLY] k=2 disc=2 raw=40 facets=0 vertices=4 rho=5.6 anchor_shift=0
[FREE POLY] k=3 disc=0 raw=40 facets=3 vertices=6 rho=6.4 anchor_shift=0
[FREE POLY] k=3 disc=1 raw=40 facets=0 vertices=4 rho=2.4 anchor_shift=0
[FREE POLY] k=3 disc=2 raw=40 facets=0 vertices=4 rho=6.4 anchor_shift=0
[FREE POLY] k=4 disc=0 raw=40 facets=4 vertices=7 rho=7.2 anchor_shift=0
[FREE POLY] k=4 disc=1 raw=40 facets=0 vertices=4 rho=3.2 anchor_shift=0
[FREE POLY] k=4 disc=2 raw=40 facets=0 vertices=4 rho=7.2 anchor_shift=0
[FREE POLY] k=5 disc=0 raw=40 facets=4 vertices=7 rho=8 anchor_shift=0
[FREE POLY] k=5 disc=1 raw=40 facets=0 vertices=4 rho=4 anchor_shift=0
[FREE POLY] k=5 disc=2 raw=40 facets=4 vertices=7 rho=8 anchor_shift=0
[FREE POLY] k=6 disc=0 raw=40 facets=4 vertices=7 rho=8.8 anchor_shift=0
[FREE POLY] k=6 disc=1 raw=40 facets=0 vertices=4 rho=4.8 anchor_shift=0
[FREE POLY] k=6 disc=2 raw=40 facets=3 vertices=6 rho=8.8 anchor_shift=0
[FREE POLY] k=7 disc=0 raw=40 facets=5 vertices=8 rho=9.6 anchor_shift=0
[FREE POLY] k=7 disc=1 raw=40 facets=0 vertices=4 rho=5.6 anchor_shift=0
[FREE POLY] k=7 disc=2 raw=40 facets=3 vertices=6 rho=9.6 anchor_shift=0
[FREE POLY] k=8 disc=0 raw=40 facets=4 vertices=7 rho=10.4 anchor_shift=0
[FREE POLY] k=8 disc=1 raw=40 facets=2 vertices=5 rho=6.4 anchor_shift=0
[FREE POLY] k=8 disc=2 raw=40 facets=2 vertices=5 rho=10.4 anchor_shift=0
[RF SUPPORT SEED] removed=0 support_limit=-1
[SQP] before_solve iter=0 vars=16 constraints=78 max_d=-1.85595
[QP WORST] iter=0 row=69 type=velocity d=-1.85595
[SQP] after_solve iter=0 converged=1 status=0 iterations=2 primal_residual=8.36137e-16 dual_residual=1.20449e-05 x_size=16 x_finite=1
[SQP LINESEARCH] iter=0 current_violation=0 accepted_violation=0 accepted=1 alpha=1 delta_u_norm=0.228204
[SQP SUPPORT] iter=0 support_size=0 support_limit=-1 support_ok=1
[SQP] before_solve iter=1 vars=16 constraints=78 max_d=-1.83864
[QP WORST] iter=1 row=69 type=velocity d=-1.83864
[SQP] after_solve iter=1 converged=1 status=0 iterations=2 primal_residual=8.56953e-16 dual_residual=6.76896e-06 x_size=16 x_finite=1
[SQP LINESEARCH] iter=1 current_violation=0 accepted_violation=0 accepted=1 alpha=1 delta_u_norm=0.169822
[SQP SUPPORT] iter=1 support_size=0 support_limit=-1 support_ok=1
[SQP] before_solve iter=2 vars=16 constraints=78 max_d=-1.83791
[QP WORST] iter=2 row=69 type=velocity d=-1.83791
[SQP] after_solve iter=2 converged=1 status=0 iterations=2 primal_residual=7.46798e-16 dual_residual=7.17281e-06 x_size=16 x_finite=1
[SQP LINESEARCH] iter=2 current_violation=0 accepted_violation=0 accepted=1 alpha=1 delta_u_norm=0.153445
[SQP SUPPORT] iter=2 support_size=0 support_limit=-1 support_ok=1
[SQP] before_solve iter=3 vars=16 constraints=78 max_d=-1.84085
[QP WORST] iter=3 row=69 type=velocity d=-1.84085
[SQP] after_solve iter=3 converged=1 status=0 iterations=2 primal_residual=4.23273e-16 dual_residual=4.30216e-06 x_size=16 x_finite=1
[SQP LINESEARCH] iter=3 current_violation=0 accepted_violation=0 accepted=1 alpha=1 delta_u_norm=0.142534
[SQP SUPPORT] iter=3 support_size=0 support_limit=-1 support_ok=1
[SQP] before_solve iter=4 vars=16 constraints=78 max_d=-1.84423
[QP WORST] iter=4 row=69 type=velocity d=-1.84423
[SQP] after_solve iter=4 converged=1 status=0 iterations=2 primal_residual=7.90234e-16 dual_residual=4.71442e-06 x_size=16 x_finite=1
[SQP LINESEARCH] iter=4 current_violation=0 accepted_violation=0 accepted=1 alpha=1 delta_u_norm=0.133376
[SQP SUPPORT] iter=4 support_size=0 support_limit=-1 support_ok=1
[SQP] before_solve iter=5 vars=16 constraints=78 max_d=-1.84734
[QP WORST] iter=5 row=69 type=velocity d=-1.84734
[SQP] after_solve iter=5 converged=1 status=0 iterations=2 primal_residual=7.01804e-16 dual_residual=3.31872e-06 x_size=16 x_finite=1
[SQP LINESEARCH] iter=5 current_violation=0 accepted_violation=0 accepted=1 alpha=1 delta_u_norm=0.125334
[SQP SUPPORT] iter=5 support_size=0 support_limit=-1 support_ok=1
[SQP] before_solve iter=6 vars=16 constraints=78 max_d=-1.85005
[QP WORST] iter=6 row=69 type=velocity d=-1.85005
[SQP] after_solve iter=6 converged=1 status=0 iterations=2 primal_residual=7.49861e-16 dual_residual=3.28733e-06 x_size=16 x_finite=1
[SQP LINESEARCH] iter=6 current_violation=0 accepted_violation=0 accepted=1 alpha=1 delta_u_norm=0.11813
[SQP SUPPORT] iter=6 support_size=0 support_limit=-1 support_ok=1
[SQP] before_solve iter=7 vars=16 constraints=78 max_d=-1.85243
[QP WORST] iter=7 row=69 type=velocity d=-1.85243
[SQP] after_solve iter=7 converged=1 status=0 iterations=2 primal_residual=4.30591e-16 dual_residual=2.55892e-06 x_size=16 x_finite=1
[SQP LINESEARCH] iter=7 current_violation=0 accepted_violation=0 accepted=1 alpha=1 delta_u_norm=0.111587
[SQP SUPPORT] iter=7 support_size=0 support_limit=-1 support_ok=1
[SQP] before_solve iter=8 vars=16 constraints=78 max_d=-1.85451
[QP WORST] iter=8 row=69 type=velocity d=-1.85451
[SQP] after_solve iter=8 converged=1 status=0 iterations=2 primal_residual=4.38885e-16 dual_residual=2.40241e-06 x_size=16 x_finite=1
[SQP LINESEARCH] iter=8 current_violation=0 accepted_violation=0 accepted=1 alpha=1 delta_u_norm=0.105588
[SQP SUPPORT] iter=8 support_size=0 support_limit=-1 support_ok=1
[SQP] before_solve iter=9 vars=16 constraints=78 max_d=-1.85561
[QP WORST] iter=9 row=71 type=velocity d=-1.85561
[SQP] after_solve iter=9 converged=1 status=0 iterations=2 primal_residual=6.9473e-16 dual_residual=1.98677e-06 x_size=16 x_finite=1
[SQP LINESEARCH] iter=9 current_violation=0 accepted_violation=0 accepted=1 alpha=1 delta_u_norm=0.100048
[SQP SUPPORT] iter=9 support_size=0 support_limit=-1 support_ok=1
[SQP FINAL] final_violation=0 violated_constraints=0
[SUPPORT FINAL] sqp_union=0 final_active=0 support_limit=-1
[SUPPORT FINAL IDS]
[SUPPORT UNION IDS]
[COLD START RECOVERY CHECK] ordinary_sqp_failed=0 seed_available=1 incompatible=0 try_homotopy=0
[HARNESS RESULT] step=57 success=1 controls=8 first_input_present=1
[MPC STEP METRICS] step=57 applied=1 success=1 fallback=0 a=-0.000250213 omega=0.025264 dt=0.1 acceleration_weight=0.1 steering_weight=0.1 control_cost_unweighted=0.000638334 control_cost_weighted=6.38334e-05 mpc_cost=-17.5859 solve_time=0.0295142 qp_solve_time=0.0178443 constraint_time=0.00619672 dro_risk_time=0.000400811 ambiguity_radius=0.00204106 certificate=not_requested
[EVAL SAFETY] step=58 min_center_distance=3.8492 min_clearance=2.8992 collision_this_step=0 collision_run=0 collision_radius=0.95
[DRO SUMMARY] step=59 obstacle=0 S=40 rho=0.00203423 rho_raw=0.00203423 D_max=0.0136335 D_min=0.0068334 tv_bound=0.297689 eta=0.149208 eta_raw=0.149208 radius_m=59 radius_d=3 transport_cost=0 budget_usage=0 lambda=0 q_support=3 nominal_risk=0 qstar_risk=0 risk_lift=0 tv=0
[DRO MODE] step=59 obstacle=0 mode=constant_velocity p=0.371901 risk=0 q=0.371901 delta_q=0 q_times_S=14.876
[DRO MODE] step=59 obstacle=0 mode=turn_left p=0.322314 risk=0 q=0.322314 delta_q=0 q_times_S=12.8926
[DRO MODE] step=59 obstacle=0 mode=turn_right p=0.305785 risk=0 q=0.305785 delta_q=0 q_times_S=12.2314
[DRO SAMPLE] step=59 obstacle=0 mode=constant_velocity q=0.371901 q_times_S=14.876 first_count=14 first_fraction=0.35 occupancy=112 occupancy_fraction=0.35
[DRO SAMPLE] step=59 obstacle=0 mode=turn_left q=0.322314 q_times_S=12.8926 first_count=15 first_fraction=0.375 occupancy=120 occupancy_fraction=0.375
[DRO SAMPLE] step=59 obstacle=0 mode=turn_right q=0.305785 q_times_S=12.2314 first_count=11 first_fraction=0.275 occupancy=88 occupancy_fraction=0.275
[RF BACKUP] available=1 controls=8 states=9
[FREE POLY] k=1 disc=0 raw=40 facets=4 vertices=7 rho=4.8 anchor_shift=0
[FREE POLY] k=1 disc=1 raw=40 facets=0 vertices=4 rho=0.800001 anchor_shift=0
[FREE POLY] k=1 disc=2 raw=40 facets=0 vertices=4 rho=4.8 anchor_shift=0
[FREE POLY] k=2 disc=0 raw=40 facets=4 vertices=7 rho=5.6 anchor_shift=0
[FREE POLY] k=2 disc=1 raw=40 facets=0 vertices=4 rho=1.6 anchor_shift=0
[FREE POLY] k=2 disc=2 raw=40 facets=0 vertices=4 rho=5.6 anchor_shift=0
[FREE POLY] k=3 disc=0 raw=40 facets=3 vertices=6 rho=6.4 anchor_shift=0
[FREE POLY] k=3 disc=1 raw=40 facets=0 vertices=4 rho=2.4 anchor_shift=0
[FREE POLY] k=3 disc=2 raw=40 facets=0 vertices=4 rho=6.4 anchor_shift=0
[FREE POLY] k=4 disc=0 raw=40 facets=3 vertices=6 rho=7.2 anchor_shift=0
[FREE POLY] k=4 disc=1 raw=40 facets=0 vertices=4 rho=3.2 anchor_shift=0
[FREE POLY] k=4 disc=2 raw=40 facets=0 vertices=4 rho=7.2 anchor_shift=0
[FREE POLY] k=5 disc=0 raw=40 facets=3 vertices=6 rho=8 anchor_shift=0
[FREE POLY] k=5 disc=1 raw=40 facets=0 vertices=4 rho=4 anchor_shift=0
[FREE POLY] k=5 disc=2 raw=40 facets=2 vertices=5 rho=8 anchor_shift=0
[FREE POLY] k=6 disc=0 raw=40 facets=3 vertices=6 rho=8.8 anchor_shift=0
[FREE POLY] k=6 disc=1 raw=40 facets=0 vertices=4 rho=4.8 anchor_shift=0
[FREE POLY] k=6 disc=2 raw=40 facets=2 vertices=5 rho=8.8 anchor_shift=0
[FREE POLY] k=7 disc=0 raw=40 facets=3 vertices=6 rho=9.6 anchor_shift=0
[FREE POLY] k=7 disc=1 raw=40 facets=0 vertices=4 rho=5.6 anchor_shift=0
[FREE POLY] k=7 disc=2 raw=40 facets=2 vertices=5 rho=9.6 anchor_shift=0
[FREE POLY] k=8 disc=0 raw=40 facets=3 vertices=6 rho=10.4 anchor_shift=0
[FREE POLY] k=8 disc=1 raw=40 facets=2 vertices=5 rho=6.4 anchor_shift=0
[FREE POLY] k=8 disc=2 raw=40 facets=2 vertices=5 rho=10.4 anchor_shift=0
[RF SUPPORT SEED] removed=0 support_limit=-1
[SQP] before_solve iter=0 vars=16 constraints=68 max_d=-1.85595
[QP WORST] iter=0 row=59 type=velocity d=-1.85595
[SQP] after_solve iter=0 converged=1 status=0 iterations=2 primal_residual=8.22259e-16 dual_residual=1.07065e-05 x_size=16 x_finite=1
[SQP LINESEARCH] iter=0 current_violation=0 accepted_violation=0 accepted=1 alpha=1 delta_u_norm=0.228167
[SQP SUPPORT] iter=0 support_size=0 support_limit=-1 support_ok=1
[SQP] before_solve iter=1 vars=16 constraints=68 max_d=-1.83864
[QP WORST] iter=1 row=59 type=velocity d=-1.83864
[SQP] after_solve iter=1 converged=1 status=0 iterations=2 primal_residual=8.43076e-16 dual_residual=6.14915e-06 x_size=16 x_finite=1
[SQP LINESEARCH] iter=1 current_violation=0 accepted_violation=0 accepted=1 alpha=1 delta_u_norm=0.169798
[SQP SUPPORT] iter=1 support_size=0 support_limit=-1 support_ok=1
[SQP] before_solve iter=2 vars=16 constraints=68 max_d=-1.83791
[QP WORST] iter=2 row=59 type=velocity d=-1.83791
[SQP] after_solve iter=2 converged=1 status=0 iterations=2 primal_residual=4.04841e-16 dual_residual=6.45581e-06 x_size=16 x_finite=1
[SQP LINESEARCH] iter=2 current_violation=0 accepted_violation=0 accepted=1 alpha=1 delta_u_norm=0.153433
[SQP SUPPORT] iter=2 support_size=0 support_limit=-1 support_ok=1
[SQP] before_solve iter=3 vars=16 constraints=68 max_d=-1.84085
[QP WORST] iter=3 row=59 type=velocity d=-1.84085
[SQP] after_solve iter=3 converged=1 status=0 iterations=2 primal_residual=8.2951e-16 dual_residual=3.97471e-06 x_size=16 x_finite=1
[SQP LINESEARCH] iter=3 current_violation=0 accepted_violation=0 accepted=1 alpha=1 delta_u_norm=0.142528
[SQP SUPPORT] iter=3 support_size=0 support_limit=-1 support_ok=1
[SQP] before_solve iter=4 vars=16 constraints=68 max_d=-1.84424
[QP WORST] iter=4 row=59 type=velocity d=-1.84424
[SQP] after_solve iter=4 converged=1 status=0 iterations=2 primal_residual=8.21771e-16 dual_residual=4.29499e-06 x_size=16 x_finite=1
[SQP LINESEARCH] iter=4 current_violation=0 accepted_violation=0 accepted=1 alpha=1 delta_u_norm=0.133372
[SQP SUPPORT] iter=4 support_size=0 support_limit=-1 support_ok=1
[SQP] before_solve iter=5 vars=16 constraints=68 max_d=-1.84734
[QP WORST] iter=5 row=59 type=velocity d=-1.84734
[SQP] after_solve iter=5 converged=1 status=0 iterations=2 primal_residual=8.73149e-16 dual_residual=3.0766e-06 x_size=16 x_finite=1
[SQP LINESEARCH] iter=5 current_violation=0 accepted_violation=0 accepted=1 alpha=1 delta_u_norm=0.125332
[SQP SUPPORT] iter=5 support_size=0 support_limit=-1 support_ok=1
[SQP] before_solve iter=6 vars=16 constraints=68 max_d=-1.85006
[QP WORST] iter=6 row=59 type=velocity d=-1.85006
[SQP] after_solve iter=6 converged=1 status=0 iterations=2 primal_residual=6.41116e-16 dual_residual=3.02573e-06 x_size=16 x_finite=1
[SQP LINESEARCH] iter=6 current_violation=0 accepted_violation=0 accepted=1 alpha=1 delta_u_norm=0.118128
[SQP SUPPORT] iter=6 support_size=0 support_limit=-1 support_ok=1
[SQP] before_solve iter=7 vars=16 constraints=68 max_d=-1.85243
[QP WORST] iter=7 row=59 type=velocity d=-1.85243
[SQP] after_solve iter=7 converged=1 status=0 iterations=2 primal_residual=6.1355e-16 dual_residual=2.38318e-06 x_size=16 x_finite=1
[SQP LINESEARCH] iter=7 current_violation=0 accepted_violation=0 accepted=1 alpha=1 delta_u_norm=0.111586
[SQP SUPPORT] iter=7 support_size=0 support_limit=-1 support_ok=1
[SQP] before_solve iter=8 vars=16 constraints=68 max_d=-1.85451
[QP WORST] iter=8 row=59 type=velocity d=-1.85451
[SQP] after_solve iter=8 converged=1 status=0 iterations=2 primal_residual=8.37438e-16 dual_residual=2.23141e-06 x_size=16 x_finite=1
[SQP LINESEARCH] iter=8 current_violation=0 accepted_violation=0 accepted=1 alpha=1 delta_u_norm=0.105587
[SQP SUPPORT] iter=8 support_size=0 support_limit=-1 support_ok=1
[SQP] before_solve iter=9 vars=16 constraints=68 max_d=-1.85562
[QP WORST] iter=9 row=61 type=velocity d=-1.85562
[SQP] after_solve iter=9 converged=1 status=0 iterations=2 primal_residual=7.7965e-16 dual_residual=1.86069e-06 x_size=16 x_finite=1
[SQP LINESEARCH] iter=9 current_violation=0 accepted_violation=0 accepted=1 alpha=1 delta_u_norm=0.100047
[SQP SUPPORT] iter=9 support_size=0 support_limit=-1 support_ok=1
[SQP FINAL] final_violation=0 violated_constraints=0
[SUPPORT FINAL] sqp_union=0 final_active=0 support_limit=-1
[SUPPORT FINAL IDS]
[SUPPORT UNION IDS]
[COLD START RECOVERY CHECK] ordinary_sqp_failed=0 seed_available=1 incompatible=0 try_homotopy=0
[HARNESS RESULT] step=58 success=1 controls=8 first_input_present=1
[MPC STEP METRICS] step=58 applied=1 success=1 fallback=0 a=-0.000181613 omega=0.0215234 dt=0.1 acceleration_weight=0.1 steering_weight=0.1 control_cost_unweighted=0.000463291 control_cost_weighted=4.63291e-05 mpc_cost=-17.5866 solve_time=0.0288234 qp_solve_time=0.0173252 constraint_time=0.00599671 dro_risk_time=0.000404918 ambiguity_radius=0.00203423 certificate=not_requested
[EVAL SAFETY] step=59 min_center_distance=4.04541 min_clearance=3.09541 collision_this_step=0 collision_run=0 collision_radius=0.95
[DRO SUMMARY] step=60 obstacle=0 S=40 rho=0.00202645 rho_raw=0.00202645 D_max=0.0136335 D_min=0.0068334 tv_bound=0.29655 eta=0.148638 eta_raw=0.148638 radius_m=60 radius_d=3 transport_cost=0 budget_usage=0 lambda=0 q_support=3 nominal_risk=0 qstar_risk=0 risk_lift=0 tv=0
[DRO MODE] step=60 obstacle=0 mode=constant_velocity p=0.365854 risk=0 q=0.365854 delta_q=0 q_times_S=14.6341
[DRO MODE] step=60 obstacle=0 mode=turn_left p=0.333333 risk=0 q=0.333333 delta_q=0 q_times_S=13.3333
[DRO MODE] step=60 obstacle=0 mode=turn_right p=0.300813 risk=0 q=0.300813 delta_q=0 q_times_S=12.0325
[DRO SAMPLE] step=60 obstacle=0 mode=constant_velocity q=0.365854 q_times_S=14.6341 first_count=14 first_fraction=0.35 occupancy=112 occupancy_fraction=0.35
[DRO SAMPLE] step=60 obstacle=0 mode=turn_left q=0.333333 q_times_S=13.3333 first_count=13 first_fraction=0.325 occupancy=104 occupancy_fraction=0.325
[DRO SAMPLE] step=60 obstacle=0 mode=turn_right q=0.300813 q_times_S=12.0325 first_count=13 first_fraction=0.325 occupancy=104 occupancy_fraction=0.325
[RF BACKUP] available=1 controls=8 states=9
[FREE POLY] k=1 disc=0 raw=40 facets=4 vertices=7 rho=4.8 anchor_shift=0
[FREE POLY] k=1 disc=1 raw=40 facets=0 vertices=4 rho=0.800001 anchor_shift=0
[FREE POLY] k=1 disc=2 raw=40 facets=0 vertices=4 rho=4.8 anchor_shift=0
[FREE POLY] k=2 disc=0 raw=40 facets=2 vertices=5 rho=5.6 anchor_shift=0
[FREE POLY] k=2 disc=1 raw=40 facets=0 vertices=4 rho=1.6 anchor_shift=0
[FREE POLY] k=2 disc=2 raw=40 facets=0 vertices=4 rho=5.6 anchor_shift=0
[FREE POLY] k=3 disc=0 raw=40 facets=3 vertices=6 rho=6.4 anchor_shift=0
[FREE POLY] k=3 disc=1 raw=40 facets=0 vertices=4 rho=2.4 anchor_shift=0
[FREE POLY] k=3 disc=2 raw=40 facets=0 vertices=4 rho=6.4 anchor_shift=0
[FREE POLY] k=4 disc=0 raw=40 facets=2 vertices=5 rho=7.2 anchor_shift=0
[FREE POLY] k=4 disc=1 raw=40 facets=0 vertices=4 rho=3.2 anchor_shift=0
[FREE POLY] k=4 disc=2 raw=40 facets=0 vertices=4 rho=7.2 anchor_shift=0
[FREE POLY] k=5 disc=0 raw=40 facets=2 vertices=5 rho=8 anchor_shift=0
[FREE POLY] k=5 disc=1 raw=40 facets=0 vertices=4 rho=4 anchor_shift=0
[FREE POLY] k=5 disc=2 raw=40 facets=1 vertices=5 rho=8 anchor_shift=0
[FREE POLY] k=6 disc=0 raw=40 facets=2 vertices=5 rho=8.8 anchor_shift=0
[FREE POLY] k=6 disc=1 raw=40 facets=0 vertices=4 rho=4.8 anchor_shift=0
[FREE POLY] k=6 disc=2 raw=40 facets=2 vertices=5 rho=8.8 anchor_shift=0
[FREE POLY] k=7 disc=0 raw=40 facets=2 vertices=5 rho=9.6 anchor_shift=0
[FREE POLY] k=7 disc=1 raw=40 facets=0 vertices=4 rho=5.6 anchor_shift=0
[FREE POLY] k=7 disc=2 raw=40 facets=2 vertices=5 rho=9.6 anchor_shift=0
[FREE POLY] k=8 disc=0 raw=40 facets=2 vertices=5 rho=10.4 anchor_shift=0
[FREE POLY] k=8 disc=1 raw=40 facets=1 vertices=5 rho=6.4 anchor_shift=0
[FREE POLY] k=8 disc=2 raw=40 facets=2 vertices=5 rho=10.4 anchor_shift=0
[RF SUPPORT SEED] removed=0 support_limit=-1
[SQP] before_solve iter=0 vars=16 constraints=59 max_d=-1.85596
[QP WORST] iter=0 row=50 type=velocity d=-1.85596
[SQP] after_solve iter=0 converged=1 status=0 iterations=2 primal_residual=6.9042e-16 dual_residual=9.56061e-06 x_size=16 x_finite=1
[SQP LINESEARCH] iter=0 current_violation=0 accepted_violation=0 accepted=1 alpha=1 delta_u_norm=0.22814
[SQP SUPPORT] iter=0 support_size=0 support_limit=-1 support_ok=1
[SQP] before_solve iter=1 vars=16 constraints=59 max_d=-1.83864
[QP WORST] iter=1 row=50 type=velocity d=-1.83864
[SQP] after_solve iter=1 converged=1 status=0 iterations=2 primal_residual=7.78457e-16 dual_residual=5.61533e-06 x_size=16 x_finite=1
[SQP LINESEARCH] iter=1 current_violation=0 accepted_violation=0 accepted=1 alpha=1 delta_u_norm=0.169782
[SQP SUPPORT] iter=1 support_size=0 support_limit=-1 support_ok=1
[SQP] before_solve iter=2 vars=16 constraints=59 max_d=-1.83791
[QP WORST] iter=2 row=50 type=velocity d=-1.83791
[SQP] after_solve iter=2 converged=1 status=0 iterations=2 primal_residual=7.21537e-16 dual_residual=5.84337e-06 x_size=16 x_finite=1
[SQP LINESEARCH] iter=2 current_violation=0 accepted_violation=0 accepted=1 alpha=1 delta_u_norm=0.153424
[SQP SUPPORT] iter=2 support_size=0 support_limit=-1 support_ok=1
[SQP] before_solve iter=3 vars=16 constraints=59 max_d=-1.84085
[QP WORST] iter=3 row=50 type=velocity d=-1.84085
[SQP] after_solve iter=3 converged=1 status=0 iterations=2 primal_residual=5.59231e-16 dual_residual=3.69479e-06 x_size=16 x_finite=1
[SQP LINESEARCH] iter=3 current_violation=0 accepted_violation=0 accepted=1 alpha=1 delta_u_norm=0.142523
[SQP SUPPORT] iter=3 support_size=0 support_limit=-1 support_ok=1
[SQP] before_solve iter=4 vars=16 constraints=59 max_d=-1.84424
[QP WORST] iter=4 row=50 type=velocity d=-1.84424
[SQP] after_solve iter=4 converged=1 status=0 iterations=2 primal_residual=7.74554e-16 dual_residual=3.93659e-06 x_size=16 x_finite=1
[SQP LINESEARCH] iter=4 current_violation=0 accepted_violation=0 accepted=1 alpha=1 delta_u_norm=0.133369
[SQP SUPPORT] iter=4 support_size=0 support_limit=-1 support_ok=1
[SQP] before_solve iter=5 vars=16 constraints=59 max_d=-1.84734
[QP WORST] iter=5 row=50 type=velocity d=-1.84734
[SQP] after_solve iter=5 converged=1 status=0 iterations=2 primal_residual=7.36173e-16 dual_residual=2.86962e-06 x_size=16 x_finite=1
[SQP LINESEARCH] iter=5 current_violation=0 accepted_violation=0 accepted=1 alpha=1 delta_u_norm=0.12533
[SQP SUPPORT] iter=5 support_size=0 support_limit=-1 support_ok=1
[SQP] before_solve iter=6 vars=16 constraints=59 max_d=-1.85006
[QP WORST] iter=6 row=50 type=velocity d=-1.85006
[SQP] after_solve iter=6 converged=1 status=0 iterations=2 primal_residual=5.19645e-16 dual_residual=2.80209e-06 x_size=16 x_finite=1
[SQP LINESEARCH] iter=6 current_violation=0 accepted_violation=0 accepted=1 alpha=1 delta_u_norm=0.118127
[SQP SUPPORT] iter=6 support_size=0 support_limit=-1 support_ok=1
[SQP] before_solve iter=7 vars=16 constraints=59 max_d=-1.85243
[QP WORST] iter=7 row=50 type=velocity d=-1.85243
[SQP] after_solve iter=7 converged=1 status=0 iterations=2 primal_residual=8.43726e-16 dual_residual=2.23289e-06 x_size=16 x_finite=1
[SQP LINESEARCH] iter=7 current_violation=0 accepted_violation=0 accepted=1 alpha=1 delta_u_norm=0.111585
[SQP SUPPORT] iter=7 support_size=0 support_limit=-1 support_ok=1
[SQP] before_solve iter=8 vars=16 constraints=59 max_d=-1.85451
[QP WORST] iter=8 row=50 type=velocity d=-1.85451
[SQP] after_solve iter=8 converged=1 status=0 iterations=2 primal_residual=8.13829e-16 dual_residual=2.08517e-06 x_size=16 x_finite=1
[SQP LINESEARCH] iter=8 current_violation=0 accepted_violation=0 accepted=1 alpha=1 delta_u_norm=0.105586
[SQP SUPPORT] iter=8 support_size=0 support_limit=-1 support_ok=1
[SQP] before_solve iter=9 vars=16 constraints=59 max_d=-1.85562
[QP WORST] iter=9 row=52 type=velocity d=-1.85562
[SQP] after_solve iter=9 converged=1 status=0 iterations=2 primal_residual=8.13152e-16 dual_residual=1.75285e-06 x_size=16 x_finite=1
[SQP LINESEARCH] iter=9 current_violation=0 accepted_violation=0 accepted=1 alpha=1 delta_u_norm=0.100046
[SQP SUPPORT] iter=9 support_size=0 support_limit=-1 support_ok=1
[SQP FINAL] final_violation=0 violated_constraints=0
[SUPPORT FINAL] sqp_union=0 final_active=0 support_limit=-1
[SUPPORT FINAL IDS]
[SUPPORT UNION IDS]
[COLD START RECOVERY CHECK] ordinary_sqp_failed=0 seed_available=1 incompatible=0 try_homotopy=0
[HARNESS RESULT] step=59 success=1 controls=8 first_input_present=1
[MPC STEP METRICS] step=59 applied=1 success=1 fallback=0 a=-0.000131836 omega=0.0183361 dt=0.1 acceleration_weight=0.1 steering_weight=0.1 control_cost_unweighted=0.00033623 control_cost_weighted=3.3623e-05 mpc_cost=-17.5872 solve_time=0.0285782 qp_solve_time=0.0171019 constraint_time=0.00598771 dro_risk_time=0.00040063 ambiguity_radius=0.00202645 certificate=not_requested
[EVAL SAFETY] step=60 min_center_distance=4.24173 min_clearance=3.29173 collision_this_step=0 collision_run=0 collision_radius=0.95
[PATH COMPLETION] step=60 completion_progress=12.1496 path_length=25 fraction=0.485985 required_fraction=0.95 termination_enabled=1 completed=0
seed=78 collision=no termination=step_limit artifact=/home/stephen/ros2_ws/src/DRO_SHMPCC/build-concentration/fixed-budget-uncertified-short-horizon/straight_o1_c1_m3_boost_5_s40/seed_78/sh_mpcc_dro/repeat_1
