[EVAL SAFETY] step=0 min_center_distance=3.00065 min_clearance=2.05065 collision_this_step=0 collision_run=0 collision_radius=0.95
[FREE POLY] k=1 disc=0 raw=40 facets=0 vertices=4 rho=4.8 anchor_shift=0
[FREE POLY] k=1 disc=1 raw=40 facets=0 vertices=4 rho=0.800001 anchor_shift=0
[FREE POLY] k=1 disc=2 raw=40 facets=3 vertices=6 rho=4.8 anchor_shift=0
[FREE POLY] k=2 disc=0 raw=40 facets=0 vertices=4 rho=5.6 anchor_shift=0
[FREE POLY] k=2 disc=1 raw=40 facets=0 vertices=4 rho=1.6 anchor_shift=0
[FREE POLY] k=2 disc=2 raw=40 facets=4 vertices=7 rho=5.6 anchor_shift=0
[FREE POLY] k=3 disc=0 raw=40 facets=3 vertices=6 rho=6.4 anchor_shift=0
[FREE POLY] k=3 disc=1 raw=40 facets=0 vertices=4 rho=2.4 anchor_shift=0
[FREE POLY] k=3 disc=2 raw=40 facets=3 vertices=6 rho=6.4 anchor_shift=0
[FREE POLY] k=4 disc=0 raw=40 facets=2 vertices=5 rho=7.2 anchor_shift=0
[FREE POLY] k=4 disc=1 raw=40 facets=0 vertices=4 rho=3.2 anchor_shift=0
[FREE POLY] k=4 disc=2 raw=40 facets=4 vertices=7 rho=7.2 anchor_shift=0
[FREE POLY] k=5 disc=0 raw=40 facets=3 vertices=6 rho=8 anchor_shift=0
[FREE POLY] k=5 disc=1 raw=40 facets=3 vertices=6 rho=4 anchor_shift=0
[FREE POLY] k=5 disc=2 raw=40 facets=4 vertices=7 rho=8 anchor_shift=0
[FREE POLY] k=6 disc=0 raw=40 facets=3 vertices=6 rho=8.8 anchor_shift=0
[FREE POLY] k=6 disc=1 raw=40 facets=3 vertices=6 rho=4.8 anchor_shift=0
[FREE POLY] k=6 disc=2 raw=40 facets=3 vertices=6 rho=8.8 anchor_shift=0
[FREE POLY] k=7 disc=0 raw=40 facets=3 vertices=6 rho=9.6 anchor_shift=0
[FREE POLY] k=7 disc=1 raw=40 facets=3 vertices=6 rho=5.6 anchor_shift=0
[FREE POLY] k=7 disc=2 raw=40 facets=4 vertices=7 rho=9.6 anchor_shift=0
[FREE POLY] k=8 disc=0 raw=40 facets=4 vertices=7 rho=10.4 anchor_shift=0
[FREE POLY] k=8 disc=1 raw=40 facets=4 vertices=7 rho=6.4 anchor_shift=0
[FREE POLY] k=8 disc=2 raw=40 facets=4 vertices=7 rho=10.4 anchor_shift=0
[RF SUPPORT SEED] removed=0 support_limit=-1
[SQP] before_solve iter=0 vars=16 constraints=92 max_d=-0.680723
[QP WORST] iter=0 row=59 type=collision d=-0.680723
[QP WORST COLLISION] scenario=34 k=8 obstacle=0 disc=2
[SQP] after_solve iter=0 converged=1 status=0 iterations=3 primal_residual=4.44089e-16 dual_residual=1.76212e-05 x_size=16 x_finite=1
[SQP LINESEARCH] iter=0 current_violation=0 accepted_violation=0 accepted=1 alpha=1 delta_u_norm=1.50278
[SQP SUPPORT] iter=0 support_size=0 support_limit=-1 support_ok=1
[SQP] before_solve iter=1 vars=16 constraints=92 max_d=-0.522958
[QP WORST] iter=1 row=59 type=collision d=-0.522958
[QP WORST COLLISION] scenario=34 k=8 obstacle=0 disc=2
[SQP] after_solve iter=1 converged=1 status=0 iterations=4 primal_residual=4.57967e-16 dual_residual=2.23163e-09 x_size=16 x_finite=1
[SQP LINESEARCH] iter=1 current_violation=0 accepted_violation=0 accepted=1 alpha=1 delta_u_norm=0.872934
[SQP SUPPORT] iter=1 support_size=0 support_limit=-1 support_ok=1
[SQP] before_solve iter=2 vars=16 constraints=92 max_d=-0.470439
[QP WORST] iter=2 row=59 type=collision d=-0.470439
[QP WORST COLLISION] scenario=34 k=8 obstacle=0 disc=2
[SQP] after_solve iter=2 converged=1 status=0 iterations=4 primal_residual=3.88578e-16 dual_residual=1.80307e-05 x_size=16 x_finite=1
[SQP LINESEARCH] iter=2 current_violation=0 accepted_violation=0 accepted=1 alpha=1 delta_u_norm=0.647101
[SQP SUPPORT] iter=2 support_size=0 support_limit=-1 support_ok=1
[SQP] before_solve iter=3 vars=16 constraints=92 max_d=-0.44806
[QP WORST] iter=3 row=59 type=collision d=-0.44806
[QP WORST COLLISION] scenario=34 k=8 obstacle=0 disc=2
[SQP] after_solve iter=3 converged=1 status=0 iterations=4 primal_residual=4.44089e-16 dual_residual=5.4691e-07 x_size=16 x_finite=1
[SQP LINESEARCH] iter=3 current_violation=0 accepted_violation=0 accepted=1 alpha=1 delta_u_norm=0.370769
[SQP SUPPORT] iter=3 support_size=0 support_limit=-1 support_ok=1
[SQP] before_solve iter=4 vars=16 constraints=92 max_d=-0.442603
[QP WORST] iter=4 row=59 type=collision d=-0.442603
[QP WORST COLLISION] scenario=34 k=8 obstacle=0 disc=2
[SQP] after_solve iter=4 converged=1 status=0 iterations=3 primal_residual=3.65411e-09 dual_residual=5.88195e-05 x_size=16 x_finite=1
[SQP LINESEARCH] iter=4 current_violation=0 accepted_violation=0 accepted=1 alpha=1 delta_u_norm=0.259818
[SQP SUPPORT] iter=4 support_size=0 support_limit=-1 support_ok=1
[SQP] before_solve iter=5 vars=16 constraints=92 max_d=-0.442179
[QP WORST] iter=5 row=59 type=collision d=-0.442179
[QP WORST COLLISION] scenario=34 k=8 obstacle=0 disc=2
[SQP] after_solve iter=5 converged=1 status=0 iterations=3 primal_residual=3.2197e-09 dual_residual=4.93425e-05 x_size=16 x_finite=1
[SQP LINESEARCH] iter=5 current_violation=0 accepted_violation=0 accepted=1 alpha=1 delta_u_norm=0.216738
[SQP SUPPORT] iter=5 support_size=0 support_limit=-1 support_ok=1
[SQP] before_solve iter=6 vars=16 constraints=92 max_d=-0.439934
[QP WORST] iter=6 row=59 type=collision d=-0.439934
[QP WORST COLLISION] scenario=34 k=8 obstacle=0 disc=2
[SQP] after_solve iter=6 converged=1 status=0 iterations=3 primal_residual=2.91796e-09 dual_residual=4.28208e-05 x_size=16 x_finite=1
[SQP LINESEARCH] iter=6 current_violation=0 accepted_violation=0 accepted=1 alpha=1 delta_u_norm=0.184868
[SQP SUPPORT] iter=6 support_size=0 support_limit=-1 support_ok=1
[SQP] before_solve iter=7 vars=16 constraints=92 max_d=-0.437543
[QP WORST] iter=7 row=59 type=collision d=-0.437543
[QP WORST COLLISION] scenario=34 k=8 obstacle=0 disc=2
[SQP] after_solve iter=7 converged=1 status=0 iterations=3 primal_residual=2.63699e-09 dual_residual=3.76893e-05 x_size=16 x_finite=1
[SQP LINESEARCH] iter=7 current_violation=0 accepted_violation=0 accepted=1 alpha=1 delta_u_norm=0.160445
[SQP SUPPORT] iter=7 support_size=0 support_limit=-1 support_ok=1
[SQP] before_solve iter=8 vars=16 constraints=92 max_d=-0.435412
[QP WORST] iter=8 row=59 type=collision d=-0.435412
[QP WORST COLLISION] scenario=34 k=8 obstacle=0 disc=2
[SQP] after_solve iter=8 converged=1 status=0 iterations=3 primal_residual=2.3742e-09 dual_residual=3.33662e-05 x_size=16 x_finite=1
[SQP LINESEARCH] iter=8 current_violation=0 accepted_violation=0 accepted=1 alpha=1 delta_u_norm=0.141571
[SQP SUPPORT] iter=8 support_size=0 support_limit=-1 support_ok=1
[SQP] before_solve iter=9 vars=16 constraints=92 max_d=-0.433606
[QP WORST] iter=9 row=59 type=collision d=-0.433606
[QP WORST COLLISION] scenario=34 k=8 obstacle=0 disc=2
[SQP] after_solve iter=9 converged=1 status=0 iterations=3 primal_residual=2.13608e-09 dual_residual=2.96435e-05 x_size=16 x_finite=1
[SQP LINESEARCH] iter=9 current_violation=0 accepted_violation=0 accepted=1 alpha=1 delta_u_norm=0.126864
[SQP SUPPORT] iter=9 support_size=0 support_limit=-1 support_ok=1
[SQP FINAL] final_violation=0 violated_constraints=0
[SUPPORT FINAL] sqp_union=0 final_active=0 support_limit=-1
[SUPPORT FINAL IDS]
[SUPPORT UNION IDS]
[COLD START RECOVERY CHECK] ordinary_sqp_failed=0 seed_available=0 incompatible=0 try_homotopy=0
[HARNESS RESULT] step=0 success=1 controls=8 first_input_present=1
[MPC STEP METRICS] step=0 applied=1 success=1 fallback=0 a=2.99925 omega=4.79088e-09 dt=0.1 acceleration_weight=0.1 steering_weight=0.1 control_cost_unweighted=8.99548 control_cost_weighted=0.899548 mpc_cost=-15.9486 solve_time=0.0503114 qp_solve_time=0.0339927 constraint_time=0.00971597 dro_risk_time=0 ambiguity_radius=0 certificate=not_requested
[EVAL SAFETY] step=1 min_center_distance=2.84853 min_clearance=1.89853 collision_this_step=0 collision_run=0 collision_radius=0.95
[PATH COMPLETION] step=1 completion_progress=0.164996 path_length=25 fraction=0.00659985 required_fraction=0.95 termination_enabled=1 completed=0
[RF BACKUP] available=1 controls=8 states=9
[FREE POLY] k=1 disc=0 raw=40 facets=0 vertices=4 rho=4.8 anchor_shift=0
[FREE POLY] k=1 disc=1 raw=40 facets=0 vertices=4 rho=0.800001 anchor_shift=0
[FREE POLY] k=1 disc=2 raw=40 facets=4 vertices=7 rho=4.8 anchor_shift=0
[FREE POLY] k=2 disc=0 raw=40 facets=2 vertices=5 rho=5.6 anchor_shift=0
[FREE POLY] k=2 disc=1 raw=40 facets=0 vertices=4 rho=1.6 anchor_shift=0
[FREE POLY] k=2 disc=2 raw=40 facets=3 vertices=6 rho=5.6 anchor_shift=0
[FREE POLY] k=3 disc=0 raw=40 facets=2 vertices=5 rho=6.4 anchor_shift=0
[FREE POLY] k=3 disc=1 raw=40 facets=0 vertices=4 rho=2.4 anchor_shift=0
[FREE POLY] k=3 disc=2 raw=40 facets=2 vertices=5 rho=6.4 anchor_shift=0
[FREE POLY] k=4 disc=0 raw=40 facets=2 vertices=5 rho=7.2 anchor_shift=0
[FREE POLY] k=4 disc=1 raw=40 facets=2 vertices=5 rho=3.2 anchor_shift=0
[FREE POLY] k=4 disc=2 raw=40 facets=4 vertices=7 rho=7.2 anchor_shift=0
[FREE POLY] k=5 disc=0 raw=40 facets=2 vertices=5 rho=8 anchor_shift=0
[FREE POLY] k=5 disc=1 raw=40 facets=2 vertices=5 rho=4 anchor_shift=0
[FREE POLY] k=5 disc=2 raw=40 facets=4 vertices=7 rho=8 anchor_shift=0
[FREE POLY] k=6 disc=0 raw=40 facets=3 vertices=6 rho=8.8 anchor_shift=0
[FREE POLY] k=6 disc=1 raw=40 facets=2 vertices=5 rho=4.8 anchor_shift=0
[FREE POLY] k=6 disc=2 raw=40 facets=4 vertices=7 rho=8.8 anchor_shift=0
[FREE POLY] k=7 disc=0 raw=40 facets=4 vertices=7 rho=9.6 anchor_shift=0
[FREE POLY] k=7 disc=1 raw=40 facets=4 vertices=7 rho=5.6 anchor_shift=0
[FREE POLY] k=7 disc=2 raw=40 facets=4 vertices=7 rho=9.6 anchor_shift=0
[FREE POLY] k=8 disc=0 raw=40 facets=4 vertices=7 rho=10.4 anchor_shift=0
[FREE POLY] k=8 disc=1 raw=40 facets=4 vertices=7 rho=6.4 anchor_shift=0
[FREE POLY] k=8 disc=2 raw=40 facets=4 vertices=7 rho=10.4 anchor_shift=0
[RF SUPPORT SEED] removed=0 support_limit=-1
[SQP] before_solve iter=0 vars=16 constraints=94 max_d=-0.221159
[QP WORST] iter=0 row=58 type=collision d=-0.221159
[QP WORST COLLISION] scenario=3 k=8 obstacle=0 disc=2
[SQP] after_solve iter=0 converged=1 status=0 iterations=3 primal_residual=4.44089e-16 dual_residual=1.2438e-07 x_size=16 x_finite=1
[SQP LINESEARCH] iter=0 current_violation=0 accepted_violation=0 accepted=1 alpha=1 delta_u_norm=0.213588
[SQP SUPPORT] iter=0 support_size=0 support_limit=-1 support_ok=1
[SQP] before_solve iter=1 vars=16 constraints=94 max_d=-0.204203
[QP WORST] iter=1 row=58 type=collision d=-0.204203
[QP WORST COLLISION] scenario=3 k=8 obstacle=0 disc=2
[SQP] after_solve iter=1 converged=1 status=0 iterations=3 primal_residual=4.33464e-16 dual_residual=2.43517e-08 x_size=16 x_finite=1
[SQP LINESEARCH] iter=1 current_violation=0 accepted_violation=0 accepted=1 alpha=1 delta_u_norm=0.163297
[SQP SUPPORT] iter=1 support_size=0 support_limit=-1 support_ok=1
[SQP] before_solve iter=2 vars=16 constraints=94 max_d=-0.199532
[QP WORST] iter=2 row=58 type=collision d=-0.199532
[QP WORST COLLISION] scenario=3 k=8 obstacle=0 disc=2
[SQP] after_solve iter=2 converged=1 status=0 iterations=3 primal_residual=4.38018e-16 dual_residual=1.39841e-08 x_size=16 x_finite=1
[SQP LINESEARCH] iter=2 current_violation=0 accepted_violation=0 accepted=1 alpha=1 delta_u_norm=0.151168
[SQP SUPPORT] iter=2 support_size=0 support_limit=-1 support_ok=1
[SQP] before_solve iter=3 vars=16 constraints=94 max_d=-0.198049
[QP WORST] iter=3 row=58 type=collision d=-0.198049
[QP WORST COLLISION] scenario=3 k=8 obstacle=0 disc=2
[SQP] after_solve iter=3 converged=1 status=0 iterations=3 primal_residual=4.36933e-16 dual_residual=1.39996e-08 x_size=16 x_finite=1
[SQP LINESEARCH] iter=3 current_violation=0 accepted_violation=0 accepted=1 alpha=1 delta_u_norm=0.142763
[SQP SUPPORT] iter=3 support_size=0 support_limit=-1 support_ok=1
[SQP] before_solve iter=4 vars=16 constraints=94 max_d=-0.197387
[QP WORST] iter=4 row=58 type=collision d=-0.197387
[QP WORST COLLISION] scenario=3 k=8 obstacle=0 disc=2
[SQP] after_solve iter=4 converged=1 status=0 iterations=3 primal_residual=4.06251e-16 dual_residual=1.69217e-08 x_size=16 x_finite=1
[SQP LINESEARCH] iter=4 current_violation=0 accepted_violation=0 accepted=1 alpha=1 delta_u_norm=0.135148
[SQP SUPPORT] iter=4 support_size=0 support_limit=-1 support_ok=1
[SQP] before_solve iter=5 vars=16 constraints=94 max_d=-0.196936
[QP WORST] iter=5 row=58 type=collision d=-0.196936
[QP WORST COLLISION] scenario=3 k=8 obstacle=0 disc=2
[SQP] after_solve iter=5 converged=1 status=0 iterations=3 primal_residual=4.40945e-16 dual_residual=2.16642e-08 x_size=16 x_finite=1
[SQP LINESEARCH] iter=5 current_violation=0 accepted_violation=0 accepted=1 alpha=1 delta_u_norm=0.128058
[SQP SUPPORT] iter=5 support_size=0 support_limit=-1 support_ok=1
[SQP] before_solve iter=6 vars=16 constraints=94 max_d=-0.196539
[QP WORST] iter=6 row=58 type=collision d=-0.196539
[QP WORST COLLISION] scenario=3 k=8 obstacle=0 disc=2
[SQP] after_solve iter=6 converged=1 status=0 iterations=3 primal_residual=4.03161e-16 dual_residual=2.83678e-08 x_size=16 x_finite=1
[SQP LINESEARCH] iter=6 current_violation=0 accepted_violation=0 accepted=1 alpha=1 delta_u_norm=0.121431
[SQP SUPPORT] iter=6 support_size=0 support_limit=-1 support_ok=1
[SQP] before_solve iter=7 vars=16 constraints=94 max_d=-0.196161
[QP WORST] iter=7 row=58 type=collision d=-0.196161
[QP WORST COLLISION] scenario=3 k=8 obstacle=0 disc=2
[SQP] after_solve iter=7 converged=1 status=0 iterations=3 primal_residual=4.26091e-16 dual_residual=3.77087e-08 x_size=16 x_finite=1
[SQP LINESEARCH] iter=7 current_violation=0 accepted_violation=0 accepted=1 alpha=1 delta_u_norm=0.115226
[SQP SUPPORT] iter=7 support_size=0 support_limit=-1 support_ok=1
[SQP] before_solve iter=8 vars=16 constraints=94 max_d=-0.195794
[QP WORST] iter=8 row=58 type=collision d=-0.195794
[QP WORST COLLISION] scenario=3 k=8 obstacle=0 disc=2
[SQP] after_solve iter=8 converged=1 status=0 iterations=3 primal_residual=3.83157e-16 dual_residual=5.08518e-08 x_size=16 x_finite=1
[SQP LINESEARCH] iter=8 current_violation=0 accepted_violation=0 accepted=1 alpha=1 delta_u_norm=0.10941
[SQP SUPPORT] iter=8 support_size=0 support_limit=-1 support_ok=1
[SQP] before_solve iter=9 vars=16 constraints=94 max_d=-0.195438
[QP WORST] iter=9 row=58 type=collision d=-0.195438
[QP WORST COLLISION] scenario=3 k=8 obstacle=0 disc=2
[SQP] after_solve iter=9 converged=1 status=0 iterations=3 primal_residual=4.42951e-16 dual_residual=6.96156e-08 x_size=16 x_finite=1
[SQP LINESEARCH] iter=9 current_violation=0 accepted_violation=0 accepted=1 alpha=1 delta_u_norm=0.103953
[SQP SUPPORT] iter=9 support_size=0 support_limit=-1 support_ok=1
[SQP FINAL] final_violation=0 violated_constraints=0
[SUPPORT FINAL] sqp_union=0 final_active=0 support_limit=-1
[SUPPORT FINAL IDS]
[SUPPORT UNION IDS]
[COLD START RECOVERY CHECK] ordinary_sqp_failed=0 seed_available=1 incompatible=0 try_homotopy=0
[HARNESS RESULT] step=1 success=1 controls=8 first_input_present=1
[MPC STEP METRICS] step=1 applied=1 success=1 fallback=0 a=2.7531 omega=-5.87639e-09 dt=0.1 acceleration_weight=0.1 steering_weight=0.1 control_cost_unweighted=7.57957 control_cost_weighted=0.757957 mpc_cost=-16.8719 solve_time=0.0369967 qp_solve_time=0.0254 constraint_time=0.00644405 dro_risk_time=0 ambiguity_radius=0 certificate=not_requested
[EVAL SAFETY] step=2 min_center_distance=2.66768 min_clearance=1.71768 collision_this_step=0 collision_run=0 collision_radius=0.95
[RF BACKUP] available=1 controls=8 states=9
[FREE POLY] k=1 disc=0 raw=40 facets=0 vertices=4 rho=4.8 anchor_shift=0
[FREE POLY] k=1 disc=1 raw=40 facets=0 vertices=4 rho=0.800001 anchor_shift=0
[FREE POLY] k=1 disc=2 raw=40 facets=3 vertices=6 rho=4.8 anchor_shift=0
[FREE POLY] k=2 disc=0 raw=40 facets=1 vertices=4 rho=5.6 anchor_shift=0
[FREE POLY] k=2 disc=1 raw=40 facets=0 vertices=4 rho=1.6 anchor_shift=0
[FREE POLY] k=2 disc=2 raw=40 facets=2 vertices=5 rho=5.6 anchor_shift=0
[FREE POLY] k=3 disc=0 raw=40 facets=2 vertices=5 rho=6.4 anchor_shift=0
[FREE POLY] k=3 disc=1 raw=40 facets=0 vertices=4 rho=2.4 anchor_shift=0
[FREE POLY] k=3 disc=2 raw=40 facets=3 vertices=6 rho=6.4 anchor_shift=0
[FREE POLY] k=4 disc=0 raw=40 facets=2 vertices=5 rho=7.2 anchor_shift=0
[FREE POLY] k=4 disc=1 raw=40 facets=2 vertices=5 rho=3.2 anchor_shift=0
[FREE POLY] k=4 disc=2 raw=40 facets=3 vertices=6 rho=7.2 anchor_shift=0
[FREE POLY] k=5 disc=0 raw=40 facets=3 vertices=6 rho=8 anchor_shift=0
[FREE POLY] k=5 disc=1 raw=40 facets=3 vertices=6 rho=4 anchor_shift=0
[FREE POLY] k=5 disc=2 raw=40 facets=4 vertices=7 rho=8 anchor_shift=0
[FREE POLY] k=6 disc=0 raw=40 facets=3 vertices=6 rho=8.8 anchor_shift=0
[FREE POLY] k=6 disc=1 raw=40 facets=3 vertices=6 rho=4.8 anchor_shift=0
[FREE POLY] k=6 disc=2 raw=40 facets=4 vertices=7 rho=8.8 anchor_shift=0
[FREE POLY] k=7 disc=0 raw=40 facets=3 vertices=6 rho=9.6 anchor_shift=0
[FREE POLY] k=7 disc=1 raw=40 facets=3 vertices=6 rho=5.6 anchor_shift=0
[FREE POLY] k=7 disc=2 raw=40 facets=4 vertices=7 rho=9.6 anchor_shift=0
[FREE POLY] k=8 disc=0 raw=40 facets=4 vertices=7 rho=10.4 anchor_shift=0
[FREE POLY] k=8 disc=1 raw=40 facets=4 vertices=7 rho=6.4 anchor_shift=0
[FREE POLY] k=8 disc=2 raw=40 facets=4 vertices=7 rho=10.4 anchor_shift=0
[RF SUPPORT SEED] removed=0 support_limit=-1
[SQP] before_solve iter=0 vars=16 constraints=92 max_d=0.0453586
[QP WORST] iter=0 row=57 type=collision d=0.0453586
[QP WORST COLLISION] scenario=17 k=8 obstacle=0 disc=2
[SQP] after_solve iter=0 converged=1 status=0 iterations=4 primal_residual=5.91771e-11 dual_residual=3.65213e-06 x_size=16 x_finite=1
[SQP LINESEARCH] iter=0 current_violation=0.0453586 accepted_violation=0 accepted=1 alpha=1 delta_u_norm=0.440948
[SQP SUPPORT] iter=0 support_size=0 support_limit=-1 support_ok=1
[SQP] before_solve iter=1 vars=16 constraints=92 max_d=-0.00249547
[QP WORST] iter=1 row=57 type=collision d=-0.00249547
[QP WORST COLLISION] scenario=17 k=8 obstacle=0 disc=2
[SQP] after_solve iter=1 converged=1 status=0 iterations=4 primal_residual=3.46244e-10 dual_residual=8.84143e-06 x_size=16 x_finite=1
[SQP LINESEARCH] iter=1 current_violation=0 accepted_violation=0 accepted=1 alpha=1 delta_u_norm=0.251281
[SQP SUPPORT] iter=1 support_size=0 support_limit=-1 support_ok=1
[SQP] before_solve iter=2 vars=16 constraints=92 max_d=-9.91566e-05
[QP WORST] iter=2 row=57 type=collision d=-9.91566e-05
[QP WORST COLLISION] scenario=17 k=8 obstacle=0 disc=2
[SQP] after_solve iter=2 converged=1 status=0 iterations=4 primal_residual=4.9345e-10 dual_residual=1.37874e-05 x_size=16 x_finite=1
[SQP LINESEARCH] iter=2 current_violation=0 accepted_violation=0 accepted=1 alpha=1 delta_u_norm=0.193936
[SQP SUPPORT] iter=2 support_size=0 support_limit=-1 support_ok=1
[SQP] before_solve iter=3 vars=16 constraints=92 max_d=-0.000183851
[QP WORST] iter=3 row=57 type=collision d=-0.000183851
[QP WORST COLLISION] scenario=17 k=8 obstacle=0 disc=2
[SQP] after_solve iter=3 converged=1 status=0 iterations=4 primal_residual=7.80588e-10 dual_residual=1.57332e-05 x_size=16 x_finite=1
[SQP LINESEARCH] iter=3 current_violation=0 accepted_violation=0 accepted=1 alpha=1 delta_u_norm=0.168017
[SQP SUPPORT] iter=3 support_size=0 support_limit=-1 support_ok=1
[SQP] before_solve iter=4 vars=16 constraints=92 max_d=-8.36758e-05
[QP WORST] iter=4 row=57 type=collision d=-8.36758e-05
[QP WORST COLLISION] scenario=17 k=8 obstacle=0 disc=2
[SQP] after_solve iter=4 converged=1 status=0 iterations=4 primal_residual=1.04745e-09 dual_residual=1.83943e-05 x_size=16 x_finite=1
[SQP LINESEARCH] iter=4 current_violation=0 accepted_violation=0 accepted=1 alpha=1 delta_u_norm=0.148626
[SQP SUPPORT] iter=4 support_size=0 support_limit=-1 support_ok=1
[SQP] before_solve iter=5 vars=16 constraints=92 max_d=-6.96865e-05
[QP WORST] iter=5 row=57 type=collision d=-6.96865e-05
[QP WORST COLLISION] scenario=17 k=8 obstacle=0 disc=2
[SQP] after_solve iter=5 converged=1 status=0 iterations=4 primal_residual=1.3083e-09 dual_residual=2.05423e-05 x_size=16 x_finite=1
[SQP LINESEARCH] iter=5 current_violation=0 accepted_violation=0 accepted=1 alpha=1 delta_u_norm=0.135416
[SQP SUPPORT] iter=5 support_size=0 support_limit=-1 support_ok=1
[SQP] before_solve iter=6 vars=16 constraints=92 max_d=-5.72808e-05
[QP WORST] iter=6 row=57 type=collision d=-5.72808e-05
[QP WORST COLLISION] scenario=17 k=8 obstacle=0 disc=2
[SQP] after_solve iter=6 converged=1 status=0 iterations=4 primal_residual=1.768e-09 dual_residual=2.31646e-05 x_size=16 x_finite=1
[SQP LINESEARCH] iter=6 current_violation=0 accepted_violation=0 accepted=1 alpha=1 delta_u_norm=0.12533
[SQP SUPPORT] iter=6 support_size=0 support_limit=-1 support_ok=1
[SQP] before_solve iter=7 vars=16 constraints=92 max_d=-5.36402e-05
[QP WORST] iter=7 row=57 type=collision d=-5.36402e-05
[QP WORST COLLISION] scenario=17 k=8 obstacle=0 disc=2
[SQP] after_solve iter=7 converged=1 status=0 iterations=4 primal_residual=2.59829e-09 dual_residual=2.63862e-05 x_size=16 x_finite=1
[SQP LINESEARCH] iter=7 current_violation=0 accepted_violation=0 accepted=1 alpha=1 delta_u_norm=0.117227
[SQP SUPPORT] iter=7 support_size=0 support_limit=-1 support_ok=1
[SQP] before_solve iter=8 vars=16 constraints=92 max_d=-5.39852e-05
[QP WORST] iter=8 row=57 type=collision d=-5.39852e-05
[QP WORST COLLISION] scenario=17 k=8 obstacle=0 disc=2
[SQP] after_solve iter=8 converged=1 status=0 iterations=4 primal_residual=3.88383e-09 dual_residual=3.02897e-05 x_size=16 x_finite=1
[SQP LINESEARCH] iter=8 current_violation=0 accepted_violation=0 accepted=1 alpha=1 delta_u_norm=0.110348
[SQP SUPPORT] iter=8 support_size=0 support_limit=-1 support_ok=1
[SQP] before_solve iter=9 vars=16 constraints=92 max_d=-5.73659e-05
[QP WORST] iter=9 row=57 type=collision d=-5.73659e-05
[QP WORST COLLISION] scenario=17 k=8 obstacle=0 disc=2
[SQP] after_solve iter=9 converged=1 status=0 iterations=4 primal_residual=5.52608e-09 dual_residual=3.46438e-05 x_size=16 x_finite=1
[SQP LINESEARCH] iter=9 current_violation=0 accepted_violation=0 accepted=1 alpha=1 delta_u_norm=0.104307
[SQP SUPPORT] iter=9 support_size=0 support_limit=-1 support_ok=1
[SQP FINAL] final_violation=0 violated_constraints=0
[SUPPORT FINAL] sqp_union=0 final_active=1 support_limit=-1
[SUPPORT FINAL IDS] 17
[SUPPORT UNION IDS]
[COLD START RECOVERY CHECK] ordinary_sqp_failed=0 seed_available=1 incompatible=0 try_homotopy=0
[HARNESS RESULT] step=2 success=1 controls=8 first_input_present=1
[MPC STEP METRICS] step=2 applied=1 success=1 fallback=0 a=-0.00362511 omega=-0.00570345 dt=0.1 acceleration_weight=0.1 steering_weight=0.1 control_cost_unweighted=4.56708e-05 control_cost_weighted=4.56708e-06 mpc_cost=-17.5615 solve_time=0.0361548 qp_solve_time=0.0246356 constraint_time=0.00644653 dro_risk_time=0 ambiguity_radius=0 certificate=not_requested
[EVAL SAFETY] step=3 min_center_distance=2.47311 min_clearance=1.52311 collision_this_step=0 collision_run=0 collision_radius=0.95
[RF BACKUP] available=1 controls=8 states=9
[FREE POLY] k=1 disc=0 raw=40 facets=0 vertices=4 rho=4.8 anchor_shift=0
[FREE POLY] k=1 disc=1 raw=40 facets=0 vertices=4 rho=0.800001 anchor_shift=0
[FREE POLY] k=1 disc=2 raw=40 facets=3 vertices=6 rho=4.8 anchor_shift=0
[FREE POLY] k=2 disc=0 raw=40 facets=3 vertices=6 rho=5.6 anchor_shift=0
[FREE POLY] k=2 disc=1 raw=40 facets=0 vertices=4 rho=1.6 anchor_shift=0
[FREE POLY] k=2 disc=2 raw=40 facets=3 vertices=6 rho=5.6 anchor_shift=0
[FREE POLY] k=3 disc=0 raw=40 facets=3 vertices=6 rho=6.4 anchor_shift=0
[FREE POLY] k=3 disc=1 raw=40 facets=0 vertices=4 rho=2.4 anchor_shift=0
[FREE POLY] k=3 disc=2 raw=40 facets=3 vertices=6 rho=6.4 anchor_shift=0
[FREE POLY] k=4 disc=0 raw=40 facets=4 vertices=7 rho=7.2 anchor_shift=0
[FREE POLY] k=4 disc=1 raw=40 facets=3 vertices=6 rho=3.2 anchor_shift=0
[FREE POLY] k=4 disc=2 raw=40 facets=5 vertices=8 rho=7.2 anchor_shift=0
[FREE POLY] k=5 disc=0 raw=40 facets=4 vertices=7 rho=8 anchor_shift=0
[FREE POLY] k=5 disc=1 raw=40 facets=3 vertices=6 rho=4 anchor_shift=0
[FREE POLY] k=5 disc=2 raw=40 facets=4 vertices=7 rho=8 anchor_shift=0
[FREE POLY] k=6 disc=0 raw=40 facets=4 vertices=7 rho=8.8 anchor_shift=0
[FREE POLY] k=6 disc=1 raw=40 facets=4 vertices=7 rho=4.8 anchor_shift=0
[FREE POLY] k=6 disc=2 raw=40 facets=5 vertices=8 rho=8.8 anchor_shift=0
[FREE POLY] k=7 disc=0 raw=40 facets=4 vertices=7 rho=9.6 anchor_shift=0
[FREE POLY] k=7 disc=1 raw=40 facets=4 vertices=7 rho=5.6 anchor_shift=0
[FREE POLY] k=7 disc=2 raw=40 facets=5 vertices=8 rho=9.6 anchor_shift=0
[FREE POLY] k=8 disc=0 raw=40 facets=4 vertices=7 rho=10.4 anchor_shift=0
[FREE POLY] k=8 disc=1 raw=40 facets=6 vertices=9 rho=6.4 anchor_shift=0
[FREE POLY] k=8 disc=2 raw=40 facets=6 vertices=9 rho=10.4 anchor_shift=0
[RF SUPPORT SEED] removed=0 support_limit=-1
[SQP] before_solve iter=0 vars=16 constraints=112 max_d=0.0892398
[QP WORST] iter=0 row=78 type=collision d=0.0892398
[QP WORST COLLISION] scenario=26 k=8 obstacle=0 disc=2
[SQP] after_solve iter=0 converged=1 status=0 iterations=5 primal_residual=9.32895e-10 dual_residual=4.95157e-05 x_size=16 x_finite=1
[SQP LINESEARCH] iter=0 current_violation=0.0892398 accepted_violation=0 accepted=1 alpha=1 delta_u_norm=0.452574
[SQP SUPPORT] iter=0 support_size=0 support_limit=-1 support_ok=1
[SQP] before_solve iter=1 vars=16 constraints=112 max_d=-0.0123011
[QP WORST] iter=1 row=78 type=collision d=-0.0123011
[QP WORST COLLISION] scenario=26 k=8 obstacle=0 disc=2
[SQP] after_solve iter=1 converged=1 status=0 iterations=4 primal_residual=2.03739e-07 dual_residual=9.36335e-05 x_size=16 x_finite=1
[SQP LINESEARCH] iter=1 current_violation=0 accepted_violation=0 accepted=1 alpha=1 delta_u_norm=0.367684
[SQP SUPPORT] iter=1 support_size=0 support_limit=-1 support_ok=1
[SQP] before_solve iter=2 vars=16 constraints=112 max_d=-0.000447077
[QP WORST] iter=2 row=78 type=collision d=-0.000447077
[QP WORST COLLISION] scenario=26 k=8 obstacle=0 disc=2
[SQP] after_solve iter=2 converged=1 status=0 iterations=5 primal_residual=2.19788e-11 dual_residual=9.37042e-06 x_size=16 x_finite=1
[SQP LINESEARCH] iter=2 current_violation=0 accepted_violation=0 accepted=1 alpha=1 delta_u_norm=0.256905
[SQP SUPPORT] iter=2 support_size=0 support_limit=-1 support_ok=1
[SQP] before_solve iter=3 vars=16 constraints=112 max_d=-8.60467e-05
[QP WORST] iter=3 row=78 type=collision d=-8.60467e-05
[QP WORST COLLISION] scenario=26 k=8 obstacle=0 disc=2
[SQP] after_solve iter=3 converged=1 status=0 iterations=4 primal_residual=1.21045e-09 dual_residual=8.05935e-05 x_size=16 x_finite=1
[SQP LINESEARCH] iter=3 current_violation=0 accepted_violation=0 accepted=1 alpha=1 delta_u_norm=0.140026
[SQP SUPPORT] iter=3 support_size=0 support_limit=-1 support_ok=1
[SQP] before_solve iter=4 vars=16 constraints=112 max_d=-1.67522e-05
[QP WORST] iter=4 row=78 type=collision d=-1.67522e-05
[QP WORST COLLISION] scenario=26 k=8 obstacle=0 disc=2
[SQP] after_solve iter=4 converged=1 status=0 iterations=4 primal_residual=7.88794e-08 dual_residual=8.83035e-05 x_size=16 x_finite=1
[SQP LINESEARCH] iter=4 current_violation=0 accepted_violation=0 accepted=1 alpha=1 delta_u_norm=0.124292
[SQP SUPPORT] iter=4 support_size=0 support_limit=-1 support_ok=1
[SQP] before_solve iter=5 vars=16 constraints=112 max_d=-9.10456e-07
[QP WORST] iter=5 row=78 type=collision d=-9.10456e-07
[QP WORST COLLISION] scenario=26 k=8 obstacle=0 disc=2
[SQP] after_solve iter=5 converged=1 status=0 iterations=4 primal_residual=1.50118e-07 dual_residual=9.28259e-05 x_size=16 x_finite=1
[SQP LINESEARCH] iter=5 current_violation=0 accepted_violation=0 accepted=1 alpha=1 delta_u_norm=0.116627
[SQP SUPPORT] iter=5 support_size=0 support_limit=-1 support_ok=1
[SQP] before_solve iter=6 vars=16 constraints=112 max_d=-3.03494e-07
[QP WORST] iter=6 row=78 type=collision d=-3.03494e-07
[QP WORST COLLISION] scenario=26 k=8 obstacle=0 disc=2
[SQP] after_solve iter=6 converged=1 status=0 iterations=4 primal_residual=1.8159e-07 dual_residual=9.47873e-05 x_size=16 x_finite=1
[SQP LINESEARCH] iter=6 current_violation=0 accepted_violation=0 accepted=1 alpha=1 delta_u_norm=0.110052
[SQP SUPPORT] iter=6 support_size=0 support_limit=-1 support_ok=1
[SQP] before_solve iter=7 vars=16 constraints=112 max_d=-2.47412e-07
[QP WORST] iter=7 row=78 type=collision d=-2.47412e-07
[QP WORST COLLISION] scenario=26 k=8 obstacle=0 disc=2
[SQP] after_solve iter=7 converged=1 status=0 iterations=4 primal_residual=1.97213e-07 dual_residual=9.57745e-05 x_size=16 x_finite=1
[SQP LINESEARCH] iter=7 current_violation=0 accepted_violation=0 accepted=1 alpha=1 delta_u_norm=0.104053
[SQP SUPPORT] iter=7 support_size=0 support_limit=-1 support_ok=1
[SQP] before_solve iter=8 vars=16 constraints=112 max_d=-2.54689e-07
[QP WORST] iter=8 row=78 type=collision d=-2.54689e-07
[QP WORST COLLISION] scenario=26 k=8 obstacle=0 disc=2
[SQP] after_solve iter=8 converged=1 status=0 iterations=4 primal_residual=2.04327e-07 dual_residual=9.62603e-05 x_size=16 x_finite=1
[SQP LINESEARCH] iter=8 current_violation=0 accepted_violation=0 accepted=1 alpha=1 delta_u_norm=0.0984984
[SQP SUPPORT] iter=8 support_size=0 support_limit=-1 support_ok=1
[SQP] before_solve iter=9 vars=16 constraints=112 max_d=-2.64446e-07
[QP WORST] iter=9 row=78 type=collision d=-2.64446e-07
[QP WORST COLLISION] scenario=26 k=8 obstacle=0 disc=2
[SQP] after_solve iter=9 converged=1 status=0 iterations=4 primal_residual=2.05983e-07 dual_residual=9.64368e-05 x_size=16 x_finite=1
[SQP LINESEARCH] iter=9 current_violation=0 accepted_violation=0 accepted=1 alpha=1 delta_u_norm=0.0933251
[SQP SUPPORT] iter=9 support_size=0 support_limit=-1 support_ok=1
[SQP FINAL] final_violation=0 violated_constraints=0
[SUPPORT FINAL] sqp_union=0 final_active=1 support_limit=-1
[SUPPORT FINAL IDS] 26
[SUPPORT UNION IDS]
[COLD START RECOVERY CHECK] ordinary_sqp_failed=0 seed_available=1 incompatible=0 try_homotopy=0
[HARNESS RESULT] step=3 success=1 controls=8 first_input_present=1
[MPC STEP METRICS] step=3 applied=1 success=1 fallback=0 a=-0.068927 omega=-0.0461122 dt=0.1 acceleration_weight=0.1 steering_weight=0.1 control_cost_unweighted=0.00687727 control_cost_weighted=0.000687727 mpc_cost=-17.3714 solve_time=0.0375027 qp_solve_time=0.0256315 constraint_time=0.00678191 dro_risk_time=0 ambiguity_radius=0 certificate=not_requested
[EVAL SAFETY] step=4 min_center_distance=2.2792 min_clearance=1.3292 collision_this_step=0 collision_run=0 collision_radius=0.95
[RF BACKUP] available=1 controls=8 states=9
[FREE POLY] k=1 disc=0 raw=40 facets=0 vertices=4 rho=4.8 anchor_shift=0
[FREE POLY] k=1 disc=1 raw=40 facets=0 vertices=4 rho=0.800001 anchor_shift=0
[FREE POLY] k=1 disc=2 raw=40 facets=4 vertices=7 rho=4.8 anchor_shift=0
[FREE POLY] k=2 disc=0 raw=40 facets=2 vertices=5 rho=5.6 anchor_shift=0
[FREE POLY] k=2 disc=1 raw=40 facets=0 vertices=4 rho=1.6 anchor_shift=0
[FREE POLY] k=2 disc=2 raw=40 facets=5 vertices=8 rho=5.6 anchor_shift=0
[FREE POLY] k=3 disc=0 raw=40 facets=3 vertices=6 rho=6.4 anchor_shift=0
[FREE POLY] k=3 disc=1 raw=40 facets=0 vertices=4 rho=2.4 anchor_shift=0
[FREE POLY] k=3 disc=2 raw=40 facets=3 vertices=6 rho=6.4 anchor_shift=0
[FREE POLY] k=4 disc=0 raw=40 facets=3 vertices=6 rho=7.2 anchor_shift=0
[FREE POLY] k=4 disc=1 raw=40 facets=2 vertices=5 rho=3.2 anchor_shift=0
[FREE POLY] k=4 disc=2 raw=40 facets=3 vertices=6 rho=7.2 anchor_shift=0
[FREE POLY] k=5 disc=0 raw=40 facets=3 vertices=6 rho=8 anchor_shift=0
[FREE POLY] k=5 disc=1 raw=40 facets=2 vertices=5 rho=4 anchor_shift=0
[FREE POLY] k=5 disc=2 raw=40 facets=3 vertices=6 rho=8 anchor_shift=0
[FREE POLY] k=6 disc=0 raw=40 facets=3 vertices=6 rho=8.8 anchor_shift=0
[FREE POLY] k=6 disc=1 raw=40 facets=3 vertices=6 rho=4.8 anchor_shift=0
[FREE POLY] k=6 disc=2 raw=40 facets=4 vertices=7 rho=8.8 anchor_shift=0
[FREE POLY] k=7 disc=0 raw=40 facets=3 vertices=6 rho=9.6 anchor_shift=0
[FREE POLY] k=7 disc=1 raw=40 facets=3 vertices=6 rho=5.6 anchor_shift=0
[FREE POLY] k=7 disc=2 raw=40 facets=4 vertices=7 rho=9.6 anchor_shift=0
[FREE POLY] k=8 disc=0 raw=40 facets=4 vertices=7 rho=10.4 anchor_shift=0
[FREE POLY] k=8 disc=1 raw=40 facets=3 vertices=6 rho=6.4 anchor_shift=0
[FREE POLY] k=8 disc=2 raw=40 facets=6 vertices=9 rho=10.4 anchor_shift=0
[RF SUPPORT SEED] removed=0 support_limit=-1
[SQP] before_solve iter=0 vars=16 constraints=98 max_d=0.11887
[QP WORST] iter=0 row=64 type=collision d=0.11887
[QP WORST COLLISION] scenario=20 k=8 obstacle=0 disc=2
[SQP] after_solve iter=0 converged=1 status=0 iterations=4 primal_residual=4.52738e-08 dual_residual=9.2566e-05 x_size=16 x_finite=1
[SQP LINESEARCH] iter=0 current_violation=0.11887 accepted_violation=0 accepted=1 alpha=1 delta_u_norm=0.515986
[SQP SUPPORT] iter=0 support_size=0 support_limit=-1 support_ok=1
[SQP] before_solve iter=1 vars=16 constraints=98 max_d=-0.0034939
[QP WORST] iter=1 row=64 type=collision d=-0.0034939
[QP WORST COLLISION] scenario=20 k=8 obstacle=0 disc=2
[SQP] after_solve iter=1 converged=1 status=0 iterations=5 primal_residual=4.30211e-16 dual_residual=1.73717e-05 x_size=16 x_finite=1
[SQP LINESEARCH] iter=1 current_violation=0 accepted_violation=0 accepted=1 alpha=1 delta_u_norm=0.394847
[SQP SUPPORT] iter=1 support_size=0 support_limit=-1 support_ok=1
[SQP] before_solve iter=2 vars=16 constraints=98 max_d=-0.000158723
[QP WORST] iter=2 row=64 type=collision d=-0.000158723
[QP WORST COLLISION] scenario=20 k=8 obstacle=0 disc=2
[SQP] after_solve iter=2 converged=1 status=0 iterations=5 primal_residual=4.18877e-09 dual_residual=1.60605e-05 x_size=16 x_finite=1
[SQP LINESEARCH] iter=2 current_violation=0 accepted_violation=0 accepted=1 alpha=1 delta_u_norm=0.144371
[SQP SUPPORT] iter=2 support_size=0 support_limit=-1 support_ok=1
[SQP] before_solve iter=3 vars=16 constraints=98 max_d=-1.56927e-06
[QP WORST] iter=3 row=64 type=collision d=-1.56927e-06
[QP WORST COLLISION] scenario=20 k=8 obstacle=0 disc=2
[SQP] after_solve iter=3 converged=1 status=0 iterations=5 primal_residual=3.95272e-09 dual_residual=1.49559e-05 x_size=16 x_finite=1
[SQP LINESEARCH] iter=3 current_violation=0 accepted_violation=0 accepted=1 alpha=1 delta_u_norm=0.132864
[SQP SUPPORT] iter=3 support_size=0 support_limit=-1 support_ok=1
[SQP] before_solve iter=4 vars=16 constraints=98 max_d=-2.15387e-07
[QP WORST] iter=4 row=64 type=collision d=-2.15387e-07
[QP WORST COLLISION] scenario=20 k=8 obstacle=0 disc=2
[SQP] after_solve iter=4 converged=1 status=0 iterations=5 primal_residual=3.77013e-09 dual_residual=1.41235e-05 x_size=16 x_finite=1
[SQP LINESEARCH] iter=4 current_violation=0 accepted_violation=0 accepted=1 alpha=1 delta_u_norm=0.124271
[SQP SUPPORT] iter=4 support_size=0 support_limit=-1 support_ok=1
[SQP] before_solve iter=5 vars=16 constraints=98 max_d=-1.31747e-07
[QP WORST] iter=5 row=64 type=collision d=-1.31747e-07
[QP WORST COLLISION] scenario=20 k=8 obstacle=0 disc=2
[SQP] after_solve iter=5 converged=1 status=0 iterations=5 primal_residual=3.66301e-09 dual_residual=1.36025e-05 x_size=16 x_finite=1
[SQP LINESEARCH] iter=5 current_violation=0 accepted_violation=0 accepted=1 alpha=1 delta_u_norm=0.116823
[SQP SUPPORT] iter=5 support_size=0 support_limit=-1 support_ok=1
[SQP] before_solve iter=6 vars=16 constraints=98 max_d=-1.73455e-07
[QP WORST] iter=6 row=64 type=collision d=-1.73455e-07
[QP WORST COLLISION] scenario=20 k=8 obstacle=0 disc=2
[SQP] after_solve iter=6 converged=1 status=0 iterations=5 primal_residual=3.61042e-09 dual_residual=1.32843e-05 x_size=16 x_finite=1
[SQP LINESEARCH] iter=6 current_violation=0 accepted_violation=0 accepted=1 alpha=1 delta_u_norm=0.11014
[SQP SUPPORT] iter=6 support_size=0 support_limit=-1 support_ok=1
[SQP] before_solve iter=7 vars=16 constraints=98 max_d=-2.18252e-07
[QP WORST] iter=7 row=64 type=collision d=-2.18252e-07
[QP WORST COLLISION] scenario=20 k=8 obstacle=0 disc=2
[SQP] after_solve iter=7 converged=1 status=0 iterations=5 primal_residual=3.59294e-09 dual_residual=1.30938e-05 x_size=16 x_finite=1
[SQP LINESEARCH] iter=7 current_violation=0 accepted_violation=0 accepted=1 alpha=1 delta_u_norm=0.104045
[SQP SUPPORT] iter=7 support_size=0 support_limit=-1 support_ok=1
[SQP] before_solve iter=8 vars=16 constraints=98 max_d=-2.52409e-07
[QP WORST] iter=8 row=64 type=collision d=-2.52409e-07
[QP WORST COLLISION] scenario=20 k=8 obstacle=0 disc=2
[SQP] after_solve iter=8 converged=1 status=0 iterations=5 primal_residual=3.59797e-09 dual_residual=1.29849e-05 x_size=16 x_finite=1
[SQP LINESEARCH] iter=8 current_violation=0 accepted_violation=0 accepted=1 alpha=1 delta_u_norm=0.0984332
[SQP SUPPORT] iter=8 support_size=0 support_limit=-1 support_ok=1
[SQP] before_solve iter=9 vars=16 constraints=98 max_d=-2.76318e-07
[QP WORST] iter=9 row=64 type=collision d=-2.76318e-07
[QP WORST COLLISION] scenario=20 k=8 obstacle=0 disc=2
[SQP] after_solve iter=9 converged=1 status=0 iterations=5 primal_residual=3.61736e-09 dual_residual=1.29287e-05 x_size=16 x_finite=1
[SQP LINESEARCH] iter=9 current_violation=0 accepted_violation=0 accepted=1 alpha=1 delta_u_norm=0.0932346
[SQP SUPPORT] iter=9 support_size=0 support_limit=-1 support_ok=1
[SQP FINAL] final_violation=0 violated_constraints=0
[SUPPORT FINAL] sqp_union=0 final_active=1 support_limit=-1
[SUPPORT FINAL IDS] 20
[SUPPORT UNION IDS]
[COLD START RECOVERY CHECK] ordinary_sqp_failed=0 seed_available=1 incompatible=0 try_homotopy=0
[HARNESS RESULT] step=4 success=1 controls=8 first_input_present=1
[MPC STEP METRICS] step=4 applied=1 success=1 fallback=0 a=0.0846277 omega=-0.0567541 dt=0.1 acceleration_weight=0.1 steering_weight=0.1 control_cost_unweighted=0.0103829 control_cost_weighted=0.00103829 mpc_cost=-17.1684 solve_time=0.0364609 qp_solve_time=0.0248403 constraint_time=0.00653645 dro_risk_time=0 ambiguity_radius=0 certificate=not_requested
[EVAL SAFETY] step=5 min_center_distance=2.08554 min_clearance=1.13554 collision_this_step=0 collision_run=0 collision_radius=0.95
[RF BACKUP] available=1 controls=8 states=9
[FREE POLY] k=1 disc=0 raw=40 facets=0 vertices=4 rho=4.8 anchor_shift=0
[FREE POLY] k=1 disc=1 raw=40 facets=0 vertices=4 rho=0.800001 anchor_shift=0
[FREE POLY] k=1 disc=2 raw=40 facets=4 vertices=7 rho=4.8 anchor_shift=0
[FREE POLY] k=2 disc=0 raw=40 facets=3 vertices=6 rho=5.6 anchor_shift=0
[FREE POLY] k=2 disc=1 raw=40 facets=0 vertices=4 rho=1.6 anchor_shift=0
[FREE POLY] k=2 disc=2 raw=40 facets=3 vertices=6 rho=5.6 anchor_shift=0
[FREE POLY] k=3 disc=0 raw=40 facets=3 vertices=6 rho=6.4 anchor_shift=0
[FREE POLY] k=3 disc=1 raw=40 facets=0 vertices=4 rho=2.4 anchor_shift=0
[FREE POLY] k=3 disc=2 raw=40 facets=4 vertices=7 rho=6.4 anchor_shift=0
[FREE POLY] k=4 disc=0 raw=40 facets=4 vertices=7 rho=7.2 anchor_shift=0
[FREE POLY] k=4 disc=1 raw=40 facets=4 vertices=7 rho=3.2 anchor_shift=0
[FREE POLY] k=4 disc=2 raw=40 facets=4 vertices=7 rho=7.2 anchor_shift=0
[FREE POLY] k=5 disc=0 raw=40 facets=3 vertices=6 rho=8 anchor_shift=0
[FREE POLY] k=5 disc=1 raw=40 facets=3 vertices=6 rho=4 anchor_shift=0
[FREE POLY] k=5 disc=2 raw=40 facets=4 vertices=7 rho=8 anchor_shift=0
[FREE POLY] k=6 disc=0 raw=40 facets=3 vertices=6 rho=8.8 anchor_shift=0
[FREE POLY] k=6 disc=1 raw=40 facets=3 vertices=6 rho=4.8 anchor_shift=0
[FREE POLY] k=6 disc=2 raw=40 facets=5 vertices=8 rho=8.8 anchor_shift=0
[FREE POLY] k=7 disc=0 raw=40 facets=3 vertices=6 rho=9.6 anchor_shift=0
[FREE POLY] k=7 disc=1 raw=40 facets=3 vertices=6 rho=5.6 anchor_shift=0
[FREE POLY] k=7 disc=2 raw=40 facets=5 vertices=7 rho=9.6 anchor_shift=0
[FREE POLY] k=8 disc=0 raw=40 facets=3 vertices=6 rho=10.4 anchor_shift=0
[FREE POLY] k=8 disc=1 raw=40 facets=3 vertices=6 rho=6.4 anchor_shift=0
[FREE POLY] k=8 disc=2 raw=40 facets=6 vertices=8 rho=10.4 anchor_shift=0
[RF SUPPORT SEED] removed=0 support_limit=-1
[SQP] before_solve iter=0 vars=16 constraints=105 max_d=0.0473034
[QP WORST] iter=0 row=68 type=collision d=0.0473034
[QP WORST COLLISION] scenario=4 k=8 obstacle=0 disc=2
[SQP] after_solve iter=0 converged=1 status=0 iterations=5 primal_residual=5.668e-10 dual_residual=1.6737e-05 x_size=16 x_finite=1
[SQP LINESEARCH] iter=0 current_violation=0.0473034 accepted_violation=0 accepted=1 alpha=1 delta_u_norm=0.611492
[SQP SUPPORT] iter=0 support_size=0 support_limit=-1 support_ok=1
[SQP] before_solve iter=1 vars=16 constraints=105 max_d=-0.000150963
[QP WORST] iter=1 row=56 type=collision d=-0.000150963
[QP WORST COLLISION] scenario=4 k=7 obstacle=0 disc=2
[SQP] after_solve iter=1 converged=1 status=0 iterations=4 primal_residual=6.78903e-08 dual_residual=8.83114e-05 x_size=16 x_finite=1
[SQP LINESEARCH] iter=1 current_violation=0 accepted_violation=0 accepted=1 alpha=1 delta_u_norm=0.162942
[SQP SUPPORT] iter=1 support_size=0 support_limit=-1 support_ok=1
[SQP] before_solve iter=2 vars=16 constraints=105 max_d=-3.82112e-06
[QP WORST] iter=2 row=68 type=collision d=-3.82112e-06
[QP WORST COLLISION] scenario=4 k=8 obstacle=0 disc=2
[SQP] after_solve iter=2 converged=1 status=0 iterations=4 primal_residual=6.17288e-08 dual_residual=8.40739e-05 x_size=16 x_finite=1
[SQP LINESEARCH] iter=2 current_violation=0 accepted_violation=0 accepted=1 alpha=1 delta_u_norm=0.145226
[SQP SUPPORT] iter=2 support_size=0 support_limit=-1 support_ok=1
[SQP] before_solve iter=3 vars=16 constraints=105 max_d=-5.52544e-06
[QP WORST] iter=3 row=56 type=collision d=-5.52544e-06
[QP WORST COLLISION] scenario=4 k=7 obstacle=0 disc=2
[SQP] after_solve iter=3 converged=1 status=0 iterations=4 primal_residual=5.76603e-08 dual_residual=8.12433e-05 x_size=16 x_finite=1
[SQP LINESEARCH] iter=3 current_violation=0 accepted_violation=0 accepted=1 alpha=1 delta_u_norm=0.133338
[SQP SUPPORT] iter=3 support_size=0 support_limit=-1 support_ok=1
[SQP] before_solve iter=4 vars=16 constraints=105 max_d=-4.59304e-06
[QP WORST] iter=4 row=56 type=collision d=-4.59304e-06
[QP WORST COLLISION] scenario=4 k=7 obstacle=0 disc=2
[SQP] after_solve iter=4 converged=1 status=0 iterations=4 primal_residual=5.51015e-08 dual_residual=7.9428e-05 x_size=16 x_finite=1
[SQP LINESEARCH] iter=4 current_violation=0 accepted_violation=0 accepted=1 alpha=1 delta_u_norm=0.123744
[SQP SUPPORT] iter=4 support_size=0 support_limit=-1 support_ok=1
[SQP] before_solve iter=5 vars=16 constraints=105 max_d=-3.66903e-06
[QP WORST] iter=5 row=56 type=collision d=-3.66903e-06
[QP WORST COLLISION] scenario=4 k=7 obstacle=0 disc=2
[SQP] after_solve iter=5 converged=1 status=0 iterations=4 primal_residual=5.38506e-08 dual_residual=7.82035e-05 x_size=16 x_finite=1
[SQP LINESEARCH] iter=5 current_violation=0 accepted_violation=0 accepted=1 alpha=1 delta_u_norm=0.115629
[SQP SUPPORT] iter=5 support_size=0 support_limit=-1 support_ok=1
[SQP] before_solve iter=6 vars=16 constraints=105 max_d=-2.88072e-06
[QP WORST] iter=6 row=56 type=collision d=-2.88072e-06
[QP WORST COLLISION] scenario=4 k=7 obstacle=0 disc=2
[SQP] after_solve iter=6 converged=1 status=0 iterations=4 primal_residual=5.31134e-08 dual_residual=7.94995e-05 x_size=16 x_finite=1
[SQP LINESEARCH] iter=6 current_violation=0 accepted_violation=0 accepted=1 alpha=1 delta_u_norm=0.108572
[SQP SUPPORT] iter=6 support_size=0 support_limit=-1 support_ok=1
[SQP] before_solve iter=7 vars=16 constraints=105 max_d=-2.23267e-06
[QP WORST] iter=7 row=56 type=collision d=-2.23267e-06
[QP WORST COLLISION] scenario=4 k=7 obstacle=0 disc=2
[SQP] after_solve iter=7 converged=1 status=0 iterations=4 primal_residual=5.25999e-08 dual_residual=8.07253e-05 x_size=16 x_finite=1
[SQP LINESEARCH] iter=7 current_violation=0 accepted_violation=0 accepted=1 alpha=1 delta_u_norm=0.102307
[SQP SUPPORT] iter=7 support_size=0 support_limit=-1 support_ok=1
[SQP] before_solve iter=8 vars=16 constraints=105 max_d=-1.70668e-06
[QP WORST] iter=8 row=56 type=collision d=-1.70668e-06
[QP WORST COLLISION] scenario=4 k=7 obstacle=0 disc=2
[SQP] after_solve iter=8 converged=1 status=0 iterations=4 primal_residual=5.22043e-08 dual_residual=8.17501e-05 x_size=16 x_finite=1
[SQP LINESEARCH] iter=8 current_violation=0 accepted_violation=0 accepted=1 alpha=1 delta_u_norm=0.0966572
[SQP SUPPORT] iter=8 support_size=0 support_limit=-1 support_ok=1
[SQP] before_solve iter=9 vars=16 constraints=105 max_d=-1.28234e-06
[QP WORST] iter=9 row=56 type=collision d=-1.28234e-06
[QP WORST COLLISION] scenario=4 k=7 obstacle=0 disc=2
[SQP] after_solve iter=9 converged=1 status=0 iterations=4 primal_residual=5.18856e-08 dual_residual=8.25917e-05 x_size=16 x_finite=1
[SQP LINESEARCH] iter=9 current_violation=0 accepted_violation=0 accepted=1 alpha=1 delta_u_norm=0.0915036
[SQP SUPPORT] iter=9 support_size=0 support_limit=-1 support_ok=1
[SQP FINAL] final_violation=0 violated_constraints=0
[SUPPORT FINAL] sqp_union=0 final_active=1 support_limit=-1
[SUPPORT FINAL IDS] 4
[SUPPORT UNION IDS]
[COLD START RECOVERY CHECK] ordinary_sqp_failed=0 seed_available=1 incompatible=0 try_homotopy=0
[HARNESS RESULT] step=5 success=1 controls=8 first_input_present=1
[MPC STEP METRICS] step=5 applied=1 success=1 fallback=0 a=-0.0101012 omega=-0.0251494 dt=0.1 acceleration_weight=0.1 steering_weight=0.1 control_cost_unweighted=0.000734528 control_cost_weighted=7.34528e-05 mpc_cost=-17.0342 solve_time=0.0367571 qp_solve_time=0.0250404 constraint_time=0.00663543 dro_risk_time=0 ambiguity_radius=0 certificate=not_requested
[EVAL SAFETY] step=6 min_center_distance=1.89139 min_clearance=0.941392 collision_this_step=0 collision_run=0 collision_radius=0.95
[RF BACKUP] available=1 controls=8 states=9
[FREE POLY] k=1 disc=0 raw=40 facets=4 vertices=7 rho=4.8 anchor_shift=0
[FREE POLY] k=1 disc=1 raw=40 facets=0 vertices=4 rho=0.800001 anchor_shift=0
[FREE POLY] k=1 disc=2 raw=40 facets=4 vertices=7 rho=4.8 anchor_shift=0
[FREE POLY] k=2 disc=0 raw=40 facets=3 vertices=6 rho=5.6 anchor_shift=0
[FREE POLY] k=2 disc=1 raw=40 facets=0 vertices=4 rho=1.6 anchor_shift=0
[FREE POLY] k=2 disc=2 raw=40 facets=3 vertices=6 rho=5.6 anchor_shift=0
[FREE POLY] k=3 disc=0 raw=40 facets=4 vertices=7 rho=6.4 anchor_shift=0
[FREE POLY] k=3 disc=1 raw=40 facets=4 vertices=7 rho=2.4 anchor_shift=0
[FREE POLY] k=3 disc=2 raw=40 facets=4 vertices=7 rho=6.4 anchor_shift=0
[FREE POLY] k=4 disc=0 raw=40 facets=3 vertices=6 rho=7.2 anchor_shift=0
[FREE POLY] k=4 disc=1 raw=40 facets=3 vertices=6 rho=3.2 anchor_shift=0
[FREE POLY] k=4 disc=2 raw=40 facets=3 vertices=6 rho=7.2 anchor_shift=0
[FREE POLY] k=5 disc=0 raw=40 facets=3 vertices=6 rho=8 anchor_shift=0
[FREE POLY] k=5 disc=1 raw=40 facets=3 vertices=6 rho=4 anchor_shift=0
[FREE POLY] k=5 disc=2 raw=40 facets=3 vertices=6 rho=8 anchor_shift=0
[FREE POLY] k=6 disc=0 raw=40 facets=3 vertices=6 rho=8.8 anchor_shift=0
[FREE POLY] k=6 disc=1 raw=40 facets=3 vertices=6 rho=4.8 anchor_shift=0
[FREE POLY] k=6 disc=2 raw=40 facets=5 vertices=7 rho=8.8 anchor_shift=0
[FREE POLY] k=7 disc=0 raw=40 facets=4 vertices=7 rho=9.6 anchor_shift=0
[FREE POLY] k=7 disc=1 raw=40 facets=5 vertices=8 rho=5.6 anchor_shift=0
[FREE POLY] k=7 disc=2 raw=40 facets=6 vertices=9 rho=9.6 anchor_shift=0
[FREE POLY] k=8 disc=0 raw=40 facets=6 vertices=9 rho=10.4 anchor_shift=0
[FREE POLY] k=8 disc=1 raw=40 facets=5 vertices=8 rho=6.4 anchor_shift=0
[FREE POLY] k=8 disc=2 raw=40 facets=6 vertices=9 rho=10.4 anchor_shift=0
[RF SUPPORT SEED] removed=0 support_limit=-1
[SQP] before_solve iter=0 vars=16 constraints=119 max_d=0.0655857
[QP WORST] iter=0 row=81 type=collision d=0.0655857
[QP WORST COLLISION] scenario=3 k=8 obstacle=0 disc=2
[SQP] after_solve iter=0 converged=1 status=0 iterations=5 primal_residual=1.37357e-08 dual_residual=2.78189e-05 x_size=16 x_finite=1
[SQP LINESEARCH] iter=0 current_violation=0.0655857 accepted_violation=0 accepted=1 alpha=1 delta_u_norm=0.369129
[SQP SUPPORT] iter=0 support_size=0 support_limit=-1 support_ok=1
[SQP] before_solve iter=1 vars=16 constraints=119 max_d=-2.59985e-05
[QP WORST] iter=1 row=53 type=collision d=-2.59985e-05
[QP WORST COLLISION] scenario=20 k=6 obstacle=0 disc=2
[SQP] after_solve iter=1 converged=1 status=0 iterations=5 primal_residual=7.58641e-08 dual_residual=3.40172e-05 x_size=16 x_finite=1
[SQP LINESEARCH] iter=1 current_violation=0 accepted_violation=0 accepted=1 alpha=1 delta_u_norm=0.16104
[SQP SUPPORT] iter=1 support_size=0 support_limit=-1 support_ok=1
[SQP] before_solve iter=2 vars=16 constraints=119 max_d=-8.10521e-06
[QP WORST] iter=2 row=53 type=collision d=-8.10521e-06
[QP WORST COLLISION] scenario=20 k=6 obstacle=0 disc=2
[SQP] after_solve iter=2 converged=1 status=0 iterations=5 primal_residual=3.81639e-16 dual_residual=2.96924e-05 x_size=16 x_finite=1
[SQP LINESEARCH] iter=2 current_violation=0 accepted_violation=0 accepted=1 alpha=1 delta_u_norm=0.144209
[SQP SUPPORT] iter=2 support_size=0 support_limit=-1 support_ok=1
[SQP] before_solve iter=3 vars=16 constraints=119 max_d=-8.52048e-06
[QP WORST] iter=3 row=53 type=collision d=-8.52048e-06
[QP WORST COLLISION] scenario=20 k=6 obstacle=0 disc=2
[SQP] after_solve iter=3 converged=1 status=0 iterations=5 primal_residual=4.31187e-16 dual_residual=2.99496e-05 x_size=16 x_finite=1
[SQP LINESEARCH] iter=3 current_violation=0 accepted_violation=0 accepted=1 alpha=1 delta_u_norm=0.132941
[SQP SUPPORT] iter=3 support_size=0 support_limit=-1 support_ok=1
[SQP] before_solve iter=4 vars=16 constraints=119 max_d=-8.4582e-06
[QP WORST] iter=4 row=53 type=collision d=-8.4582e-06
[QP WORST COLLISION] scenario=20 k=6 obstacle=0 disc=2
[SQP] after_solve iter=4 converged=1 status=0 iterations=5 primal_residual=4.33898e-16 dual_residual=3.02897e-05 x_size=16 x_finite=1
[SQP LINESEARCH] iter=4 current_violation=0 accepted_violation=0 accepted=1 alpha=1 delta_u_norm=0.12373
[SQP SUPPORT] iter=4 support_size=0 support_limit=-1 support_ok=1
[SQP] before_solve iter=5 vars=16 constraints=119 max_d=-8.41566e-06
[QP WORST] iter=5 row=53 type=collision d=-8.41566e-06
[QP WORST COLLISION] scenario=20 k=6 obstacle=0 disc=2
[SQP] after_solve iter=5 converged=1 status=0 iterations=5 primal_residual=4.20345e-16 dual_residual=3.05658e-05 x_size=16 x_finite=1
[SQP LINESEARCH] iter=5 current_violation=0 accepted_violation=0 accepted=1 alpha=1 delta_u_norm=0.115891
[SQP SUPPORT] iter=5 support_size=0 support_limit=-1 support_ok=1
[SQP] before_solve iter=6 vars=16 constraints=119 max_d=-8.40201e-06
[QP WORST] iter=6 row=53 type=collision d=-8.40201e-06
[QP WORST COLLISION] scenario=20 k=6 obstacle=0 disc=2
[SQP] after_solve iter=6 converged=1 status=0 iterations=5 primal_residual=4.31946e-16 dual_residual=3.07716e-05 x_size=16 x_finite=1
[SQP LINESEARCH] iter=6 current_violation=0 accepted_violation=0 accepted=1 alpha=1 delta_u_norm=0.109031
[SQP SUPPORT] iter=6 support_size=0 support_limit=-1 support_ok=1
[SQP] before_solve iter=7 vars=16 constraints=119 max_d=-8.40991e-06
[QP WORST] iter=7 row=53 type=collision d=-8.40991e-06
[QP WORST COLLISION] scenario=20 k=6 obstacle=0 disc=2
[SQP] after_solve iter=7 converged=1 status=0 iterations=5 primal_residual=4.14382e-16 dual_residual=3.09218e-05 x_size=16 x_finite=1
[SQP LINESEARCH] iter=7 current_violation=0 accepted_violation=0 accepted=1 alpha=1 delta_u_norm=0.102903
[SQP SUPPORT] iter=7 support_size=0 support_limit=-1 support_ok=1
[SQP] before_solve iter=8 vars=16 constraints=119 max_d=-8.42897e-06
[QP WORST] iter=8 row=53 type=collision d=-8.42897e-06
[QP WORST COLLISION] scenario=20 k=6 obstacle=0 disc=2
[SQP] after_solve iter=8 converged=1 status=0 iterations=5 primal_residual=4.36961e-16 dual_residual=3.10368e-05 x_size=16 x_finite=1
[SQP LINESEARCH] iter=8 current_violation=0 accepted_violation=0 accepted=1 alpha=1 delta_u_norm=0.0973429
[SQP SUPPORT] iter=8 support_size=0 support_limit=-1 support_ok=1
[SQP] before_solve iter=9 vars=16 constraints=119 max_d=-8.45522e-06
[QP WORST] iter=9 row=53 type=collision d=-8.45522e-06
[QP WORST COLLISION] scenario=20 k=6 obstacle=0 disc=2
[SQP] after_solve iter=9 converged=1 status=0 iterations=5 primal_residual=4.03757e-16 dual_residual=3.11188e-05 x_size=16 x_finite=1
[SQP LINESEARCH] iter=9 current_violation=0 accepted_violation=0 accepted=1 alpha=1 delta_u_norm=0.0922432
[SQP SUPPORT] iter=9 support_size=0 support_limit=-1 support_ok=1
[SQP FINAL] final_violation=0 violated_constraints=0
[SUPPORT FINAL] sqp_union=0 final_active=2 support_limit=-1
[SUPPORT FINAL IDS] 3 20
[SUPPORT UNION IDS]
[COLD START RECOVERY CHECK] ordinary_sqp_failed=0 seed_available=1 incompatible=0 try_homotopy=0
[HARNESS RESULT] step=6 success=1 controls=8 first_input_present=1
[MPC STEP METRICS] step=6 applied=1 success=1 fallback=0 a=-0.045898 omega=0.0423102 dt=0.1 acceleration_weight=0.1 steering_weight=0.1 control_cost_unweighted=0.00389679 control_cost_weighted=0.000389679 mpc_cost=-16.7999 solve_time=0.0379738 qp_solve_time=0.025949 constraint_time=0.00696207 dro_risk_time=0 ambiguity_radius=0 certificate=not_requested
[EVAL SAFETY] step=7 min_center_distance=1.69673 min_clearance=0.746734 collision_this_step=0 collision_run=0 collision_radius=0.95
[RF BACKUP] available=1 controls=8 states=9
[FREE POLY] k=1 disc=0 raw=40 facets=3 vertices=6 rho=4.8 anchor_shift=0
[FREE POLY] k=1 disc=1 raw=40 facets=0 vertices=4 rho=0.800001 anchor_shift=0
[FREE POLY] k=1 disc=2 raw=40 facets=3 vertices=6 rho=4.8 anchor_shift=0
[FREE POLY] k=2 disc=0 raw=40 facets=2 vertices=5 rho=5.6 anchor_shift=0
[FREE POLY] k=2 disc=1 raw=40 facets=0 vertices=4 rho=1.6 anchor_shift=0
[FREE POLY] k=2 disc=2 raw=40 facets=3 vertices=6 rho=5.6 anchor_shift=0
[FREE POLY] k=3 disc=0 raw=40 facets=2 vertices=5 rho=6.4 anchor_shift=0
[FREE POLY] k=3 disc=1 raw=40 facets=2 vertices=5 rho=2.4 anchor_shift=0
[FREE POLY] k=3 disc=2 raw=40 facets=3 vertices=6 rho=6.4 anchor_shift=0
[FREE POLY] k=4 disc=0 raw=40 facets=3 vertices=6 rho=7.2 anchor_shift=0
[FREE POLY] k=4 disc=1 raw=40 facets=3 vertices=6 rho=3.2 anchor_shift=0
[FREE POLY] k=4 disc=2 raw=40 facets=6 vertices=9 rho=7.2 anchor_shift=0
[FREE POLY] k=5 disc=0 raw=40 facets=3 vertices=6 rho=8 anchor_shift=0
[FREE POLY] k=5 disc=1 raw=40 facets=3 vertices=6 rho=4 anchor_shift=0
[FREE POLY] k=5 disc=2 raw=40 facets=4 vertices=7 rho=8 anchor_shift=0
[FREE POLY] k=6 disc=0 raw=40 facets=3 vertices=6 rho=8.8 anchor_shift=0
[FREE POLY] k=6 disc=1 raw=40 facets=3 vertices=6 rho=4.8 anchor_shift=0
[FREE POLY] k=6 disc=2 raw=40 facets=3 vertices=6 rho=8.8 anchor_shift=0
[FREE POLY] k=7 disc=0 raw=40 facets=3 vertices=6 rho=9.6 anchor_shift=0
[FREE POLY] k=7 disc=1 raw=40 facets=3 vertices=6 rho=5.6 anchor_shift=0
[FREE POLY] k=7 disc=2 raw=40 facets=3 vertices=6 rho=9.6 anchor_shift=0
[FREE POLY] k=8 disc=0 raw=40 facets=3 vertices=6 rho=10.4 anchor_shift=0
[FREE POLY] k=8 disc=1 raw=40 facets=3 vertices=6 rho=6.4 anchor_shift=0
[FREE POLY] k=8 disc=2 raw=40 facets=3 vertices=6 rho=10.4 anchor_shift=0
[RF SUPPORT SEED] removed=0 support_limit=-1
[SQP] before_solve iter=0 vars=16 constraints=99 max_d=-0.0542948
[QP WORST] iter=0 row=65 type=collision d=-0.0542948
[QP WORST COLLISION] scenario=13 k=8 obstacle=0 disc=2
[SQP] after_solve iter=0 converged=1 status=0 iterations=5 primal_residual=4.4675e-09 dual_residual=1.72787e-05 x_size=16 x_finite=1
[SQP LINESEARCH] iter=0 current_violation=0 accepted_violation=0 accepted=1 alpha=0.5 delta_u_norm=0.270355
[SQP SUPPORT] iter=0 support_size=0 support_limit=-1 support_ok=1
[SQP] before_solve iter=1 vars=16 constraints=99 max_d=-0.0270653
[QP WORST] iter=1 row=65 type=collision d=-0.0270653
[QP WORST COLLISION] scenario=13 k=8 obstacle=0 disc=2
[SQP] after_solve iter=1 converged=1 status=0 iterations=5 primal_residual=2.54737e-09 dual_residual=1.04884e-05 x_size=16 x_finite=1
[SQP LINESEARCH] iter=1 current_violation=0 accepted_violation=0 accepted=1 alpha=0.5 delta_u_norm=0.199712
[SQP SUPPORT] iter=1 support_size=0 support_limit=-1 support_ok=1
[SQP] before_solve iter=2 vars=16 constraints=99 max_d=-0.0135071
[QP WORST] iter=2 row=65 type=collision d=-0.0135071
[QP WORST COLLISION] scenario=13 k=8 obstacle=0 disc=2
[SQP] after_solve iter=2 converged=1 status=0 iterations=5 primal_residual=2.14918e-09 dual_residual=8.07527e-06 x_size=16 x_finite=1
[SQP LINESEARCH] iter=2 current_violation=0 accepted_violation=0 accepted=1 alpha=0.5 delta_u_norm=0.168061
[SQP SUPPORT] iter=2 support_size=0 support_limit=-1 support_ok=1
[SQP] before_solve iter=3 vars=16 constraints=99 max_d=-0.00674575
[QP WORST] iter=3 row=65 type=collision d=-0.00674575
[QP WORST COLLISION] scenario=13 k=8 obstacle=0 disc=2
[SQP] after_solve iter=3 converged=1 status=0 iterations=5 primal_residual=2.15374e-09 dual_residual=7.22877e-06 x_size=16 x_finite=1
[SQP LINESEARCH] iter=3 current_violation=0 accepted_violation=0 accepted=1 alpha=0.5 delta_u_norm=0.152752
[SQP SUPPORT] iter=3 support_size=0 support_limit=-1 support_ok=1
[SQP] before_solve iter=4 vars=16 constraints=99 max_d=-0.00337065
[QP WORST] iter=4 row=65 type=collision d=-0.00337065
[QP WORST COLLISION] scenario=13 k=8 obstacle=0 disc=2
[SQP] after_solve iter=4 converged=1 status=0 iterations=5 primal_residual=2.32444e-09 dual_residual=7.00227e-06 x_size=16 x_finite=1
[SQP LINESEARCH] iter=4 current_violation=0 accepted_violation=0 accepted=1 alpha=0.5 delta_u_norm=0.143837
[SQP SUPPORT] iter=4 support_size=0 support_limit=-1 support_ok=1
[SQP] before_solve iter=5 vars=16 constraints=99 max_d=-0.00168483
[QP WORST] iter=5 row=65 type=collision d=-0.00168483
[QP WORST COLLISION] scenario=13 k=8 obstacle=0 disc=2
[SQP] after_solve iter=5 converged=1 status=0 iterations=5 primal_residual=2.56322e-09 dual_residual=7.03542e-06 x_size=16 x_finite=1
[SQP LINESEARCH] iter=5 current_violation=0 accepted_violation=0 accepted=1 alpha=0.5 delta_u_norm=0.137522
[SQP SUPPORT] iter=5 support_size=0 support_limit=-1 support_ok=1
[SQP] before_solve iter=6 vars=16 constraints=99 max_d=-0.000842467
[QP WORST] iter=6 row=65 type=collision d=-0.000842467
[QP WORST COLLISION] scenario=13 k=8 obstacle=0 disc=2
[SQP] after_solve iter=6 converged=1 status=0 iterations=5 primal_residual=2.82294e-09 dual_residual=7.1737e-06 x_size=16 x_finite=1
[SQP LINESEARCH] iter=6 current_violation=0 accepted_violation=0 accepted=1 alpha=1 delta_u_norm=0.132393
[SQP SUPPORT] iter=6 support_size=0 support_limit=-1 support_ok=1
[SQP] before_solve iter=7 vars=16 constraints=99 max_d=-4.35748e-07
[QP WORST] iter=7 row=65 type=collision d=-4.35748e-07
[QP WORST COLLISION] scenario=13 k=8 obstacle=0 disc=2
[SQP] after_solve iter=7 converged=1 status=0 iterations=5 primal_residual=3.33222e-09 dual_residual=8.95191e-06 x_size=16 x_finite=1
[SQP LINESEARCH] iter=7 current_violation=0 accepted_violation=0 accepted=1 alpha=1 delta_u_norm=0.123572
[SQP SUPPORT] iter=7 support_size=0 support_limit=-1 support_ok=1
[SQP] before_solve iter=8 vars=16 constraints=99 max_d=-2.23101e-07
[QP WORST] iter=8 row=37 type=collision d=-2.23101e-07
[QP WORST COLLISION] scenario=13 k=5 obstacle=0 disc=2
[SQP] after_solve iter=8 converged=1 status=0 iterations=5 primal_residual=3.74227e-09 dual_residual=1.14753e-05 x_size=16 x_finite=1
[SQP LINESEARCH] iter=8 current_violation=0 accepted_violation=0 accepted=1 alpha=1 delta_u_norm=0.116107
[SQP SUPPORT] iter=8 support_size=0 support_limit=-1 support_ok=1
[SQP] before_solve iter=9 vars=16 constraints=99 max_d=-1.72211e-07
[QP WORST] iter=9 row=37 type=collision d=-1.72211e-07
[QP WORST COLLISION] scenario=13 k=5 obstacle=0 disc=2
[SQP] after_solve iter=9 converged=1 status=0 iterations=5 primal_residual=4.0126e-09 dual_residual=1.33986e-05 x_size=16 x_finite=1
[SQP LINESEARCH] iter=9 current_violation=0 accepted_violation=0 accepted=1 alpha=1 delta_u_norm=0.109455
[SQP SUPPORT] iter=9 support_size=0 support_limit=-1 support_ok=1
[SQP FINAL] final_violation=0 violated_constraints=0
[SUPPORT FINAL] sqp_union=0 final_active=1 support_limit=-1
[SUPPORT FINAL IDS] 13
[SUPPORT UNION IDS]
[COLD START RECOVERY CHECK] ordinary_sqp_failed=0 seed_available=1 incompatible=0 try_homotopy=0
[HARNESS RESULT] step=7 success=1 controls=8 first_input_present=1
[MPC STEP METRICS] step=7 applied=1 success=1 fallback=0 a=-0.0310304 omega=0.148501 dt=0.1 acceleration_weight=0.1 steering_weight=0.1 control_cost_unweighted=0.0230155 control_cost_weighted=0.00230155 mpc_cost=-16.6877 solve_time=0.0401128 qp_solve_time=0.0284821 constraint_time=0.00655967 dro_risk_time=0 ambiguity_radius=0 certificate=not_requested
[EVAL SAFETY] step=8 min_center_distance=1.50146 min_clearance=0.551464 collision_this_step=0 collision_run=0 collision_radius=0.95
[RF BACKUP] available=1 controls=8 states=9
[FREE POLY] k=1 disc=0 raw=40 facets=3 vertices=6 rho=4.8 anchor_shift=0
[FREE POLY] k=1 disc=1 raw=40 facets=0 vertices=4 rho=0.800001 anchor_shift=0
[FREE POLY] k=1 disc=2 raw=40 facets=4 vertices=7 rho=4.8 anchor_shift=0
[FREE POLY] k=2 disc=0 raw=40 facets=3 vertices=6 rho=5.6 anchor_shift=0
[FREE POLY] k=2 disc=1 raw=40 facets=0 vertices=4 rho=1.6 anchor_shift=0
[FREE POLY] k=2 disc=2 raw=40 facets=4 vertices=7 rho=5.6 anchor_shift=0
[FREE POLY] k=3 disc=0 raw=40 facets=3 vertices=6 rho=6.4 anchor_shift=0
[FREE POLY] k=3 disc=1 raw=40 facets=3 vertices=6 rho=2.4 anchor_shift=0
[FREE POLY] k=3 disc=2 raw=40 facets=4 vertices=7 rho=6.4 anchor_shift=0
[FREE POLY] k=4 disc=0 raw=40 facets=3 vertices=6 rho=7.2 anchor_shift=0
[FREE POLY] k=4 disc=1 raw=40 facets=3 vertices=6 rho=3.2 anchor_shift=0
[FREE POLY] k=4 disc=2 raw=40 facets=5 vertices=8 rho=7.2 anchor_shift=0
[FREE POLY] k=5 disc=0 raw=40 facets=3 vertices=6 rho=8 anchor_shift=0
[FREE POLY] k=5 disc=1 raw=40 facets=3 vertices=6 rho=4 anchor_shift=0
[FREE POLY] k=5 disc=2 raw=40 facets=5 vertices=8 rho=8 anchor_shift=0
[FREE POLY] k=6 disc=0 raw=40 facets=4 vertices=7 rho=8.8 anchor_shift=0
[FREE POLY] k=6 disc=1 raw=40 facets=4 vertices=7 rho=4.8 anchor_shift=0
[FREE POLY] k=6 disc=2 raw=40 facets=4 vertices=7 rho=8.8 anchor_shift=0
[FREE POLY] k=7 disc=0 raw=40 facets=4 vertices=7 rho=9.6 anchor_shift=0
[FREE POLY] k=7 disc=1 raw=40 facets=4 vertices=7 rho=5.6 anchor_shift=0
[FREE POLY] k=7 disc=2 raw=40 facets=4 vertices=7 rho=9.6 anchor_shift=0
[FREE POLY] k=8 disc=0 raw=40 facets=6 vertices=9 rho=10.4 anchor_shift=0
[FREE POLY] k=8 disc=1 raw=40 facets=5 vertices=8 rho=6.4 anchor_shift=0
[FREE POLY] k=8 disc=2 raw=40 facets=5 vertices=8 rho=10.4 anchor_shift=0
[RF SUPPORT SEED] removed=0 support_limit=-1
[SQP] before_solve iter=0 vars=16 constraints=118 max_d=-0.00244765
[QP WORST] iter=0 row=69 type=collision d=-0.00244765
[QP WORST COLLISION] scenario=37 k=7 obstacle=0 disc=2
[SQP] after_solve iter=0 converged=1 status=0 iterations=5 primal_residual=1.73074e-09 dual_residual=1.97377e-05 x_size=16 x_finite=1
[SQP LINESEARCH] iter=0 current_violation=0 accepted_violation=0 accepted=1 alpha=0.5 delta_u_norm=0.226202
[SQP SUPPORT] iter=0 support_size=0 support_limit=-1 support_ok=1
[SQP] before_solve iter=1 vars=16 constraints=118 max_d=-0.00121889
[QP WORST] iter=1 row=69 type=collision d=-0.00121889
[QP WORST COLLISION] scenario=37 k=7 obstacle=0 disc=2
[SQP] after_solve iter=1 converged=1 status=0 iterations=5 primal_residual=2.51835e-09 dual_residual=1.81502e-05 x_size=16 x_finite=1
[SQP LINESEARCH] iter=1 current_violation=0 accepted_violation=0 accepted=1 alpha=0.5 delta_u_norm=0.19098
[SQP SUPPORT] iter=1 support_size=0 support_limit=-1 support_ok=1
[SQP] before_solve iter=2 vars=16 constraints=118 max_d=-0.000610078
[QP WORST] iter=2 row=69 type=collision d=-0.000610078
[QP WORST COLLISION] scenario=37 k=7 obstacle=0 disc=2
[SQP] after_solve iter=2 converged=1 status=0 iterations=5 primal_residual=1.1964e-09 dual_residual=1.83761e-05 x_size=16 x_finite=1
[SQP LINESEARCH] iter=2 current_violation=0 accepted_violation=0 accepted=1 alpha=0.5 delta_u_norm=0.172759
[SQP SUPPORT] iter=2 support_size=0 support_limit=-1 support_ok=1
[SQP] before_solve iter=3 vars=16 constraints=118 max_d=-0.000305448
[QP WORST] iter=3 row=69 type=collision d=-0.000305448
[QP WORST COLLISION] scenario=37 k=7 obstacle=0 disc=2
[SQP] after_solve iter=3 converged=1 status=0 iterations=5 primal_residual=1.04594e-08 dual_residual=2.58951e-05 x_size=16 x_finite=1
[SQP LINESEARCH] iter=3 current_violation=0 accepted_violation=0 accepted=1 alpha=1 delta_u_norm=0.161255
[SQP SUPPORT] iter=3 support_size=0 support_limit=-1 support_ok=1
[SQP] before_solve iter=4 vars=16 constraints=118 max_d=-5.94565e-07
[QP WORST] iter=4 row=54 type=collision d=-5.94565e-07
[QP WORST COLLISION] scenario=1 k=6 obstacle=0 disc=2
[SQP] after_solve iter=4 converged=1 status=0 iterations=5 primal_residual=3.33041e-08 dual_residual=3.74512e-05 x_size=16 x_finite=1
[SQP LINESEARCH] iter=4 current_violation=0 accepted_violation=0 accepted=1 alpha=1 delta_u_norm=0.145142
[SQP SUPPORT] iter=4 support_size=0 support_limit=-1 support_ok=1
[SQP] before_solve iter=5 vars=16 constraints=118 max_d=-8.37306e-07
[QP WORST] iter=5 row=54 type=collision d=-8.37306e-07
[QP WORST COLLISION] scenario=1 k=6 obstacle=0 disc=2
[SQP] after_solve iter=5 converged=1 status=0 iterations=5 primal_residual=4.84064e-08 dual_residual=4.35975e-05 x_size=16 x_finite=1
[SQP LINESEARCH] iter=5 current_violation=0 accepted_violation=0 accepted=1 alpha=1 delta_u_norm=0.133655
[SQP SUPPORT] iter=5 support_size=0 support_limit=-1 support_ok=1
[SQP] before_solve iter=6 vars=16 constraints=118 max_d=-8.28364e-07
[QP WORST] iter=6 row=54 type=collision d=-8.28364e-07
[QP WORST COLLISION] scenario=1 k=6 obstacle=0 disc=2
[SQP] after_solve iter=6 converged=1 status=0 iterations=5 primal_residual=5.54264e-08 dual_residual=4.60674e-05 x_size=16 x_finite=1
[SQP LINESEARCH] iter=6 current_violation=0 accepted_violation=0 accepted=1 alpha=1 delta_u_norm=0.124122
[SQP SUPPORT] iter=6 support_size=0 support_limit=-1 support_ok=1
[SQP] before_solve iter=7 vars=16 constraints=118 max_d=-7.29241e-07
[QP WORST] iter=7 row=54 type=collision d=-7.29241e-07
[QP WORST COLLISION] scenario=1 k=6 obstacle=0 disc=2
[SQP] after_solve iter=7 converged=1 status=0 iterations=5 primal_residual=5.75968e-08 dual_residual=4.66416e-05 x_size=16 x_finite=1
[SQP LINESEARCH] iter=7 current_violation=0 accepted_violation=0 accepted=1 alpha=1 delta_u_norm=0.115899
[SQP SUPPORT] iter=7 support_size=0 support_limit=-1 support_ok=1
[SQP] before_solve iter=8 vars=16 constraints=118 max_d=-6.25252e-07
[QP WORST] iter=8 row=54 type=collision d=-6.25252e-07
[QP WORST COLLISION] scenario=1 k=6 obstacle=0 disc=2
[SQP] after_solve iter=8 converged=1 status=0 iterations=5 primal_residual=5.72846e-08 dual_residual=4.63824e-05 x_size=16 x_finite=1
[SQP LINESEARCH] iter=8 current_violation=0 accepted_violation=0 accepted=1 alpha=1 delta_u_norm=0.108643
[SQP SUPPORT] iter=8 support_size=0 support_limit=-1 support_ok=1
[SQP] before_solve iter=9 vars=16 constraints=118 max_d=-5.38071e-07
[QP WORST] iter=9 row=54 type=collision d=-5.38071e-07
[QP WORST COLLISION] scenario=1 k=6 obstacle=0 disc=2
[SQP] after_solve iter=9 converged=1 status=0 iterations=5 primal_residual=5.58301e-08 dual_residual=4.58205e-05 x_size=16 x_finite=1
[SQP LINESEARCH] iter=9 current_violation=0 accepted_violation=0 accepted=1 alpha=1 delta_u_norm=0.102136
[SQP SUPPORT] iter=9 support_size=0 support_limit=-1 support_ok=1
[SQP FINAL] final_violation=0 violated_constraints=0
[SUPPORT FINAL] sqp_union=0 final_active=2 support_limit=-1
[SUPPORT FINAL IDS] 1 37
[SUPPORT UNION IDS]
[COLD START RECOVERY CHECK] ordinary_sqp_failed=0 seed_available=1 incompatible=0 try_homotopy=0
[HARNESS RESULT] step=8 success=1 controls=8 first_input_present=1
[MPC STEP METRICS] step=8 applied=1 success=1 fallback=0 a=-0.0713858 omega=-0.106266 dt=0.1 acceleration_weight=0.1 steering_weight=0.1 control_cost_unweighted=0.0163884 control_cost_weighted=0.00163884 mpc_cost=-16.4438 solve_time=0.0404498 qp_solve_time=0.0282202 constraint_time=0.00708851 dro_risk_time=0 ambiguity_radius=0 certificate=not_requested
[EVAL SAFETY] step=9 min_center_distance=1.309 min_clearance=0.358999 collision_this_step=0 collision_run=0 collision_radius=0.95
[RF BACKUP] available=1 controls=8 states=9
[FREE POLY] k=1 disc=0 raw=40 facets=5 vertices=8 rho=4.8 anchor_shift=0
[FREE POLY] k=1 disc=1 raw=40 facets=0 vertices=4 rho=0.800001 anchor_shift=0
[FREE POLY] k=1 disc=2 raw=40 facets=6 vertices=9 rho=4.8 anchor_shift=0
[FREE POLY] k=2 disc=0 raw=40 facets=4 vertices=7 rho=5.6 anchor_shift=0
[FREE POLY] k=2 disc=1 raw=40 facets=0 vertices=4 rho=1.6 anchor_shift=0
[FREE POLY] k=2 disc=2 raw=40 facets=4 vertices=7 rho=5.6 anchor_shift=0
[FREE POLY] k=3 disc=0 raw=40 facets=4 vertices=7 rho=6.4 anchor_shift=0
[FREE POLY] k=3 disc=1 raw=40 facets=3 vertices=6 rho=2.4 anchor_shift=0
[FREE POLY] k=3 disc=2 raw=40 facets=4 vertices=7 rho=6.4 anchor_shift=0
[FREE POLY] k=4 disc=0 raw=40 facets=3 vertices=6 rho=7.2 anchor_shift=0
[FREE POLY] k=4 disc=1 raw=40 facets=2 vertices=5 rho=3.2 anchor_shift=0
[FREE POLY] k=4 disc=2 raw=40 facets=3 vertices=6 rho=7.2 anchor_shift=0
[FREE POLY] k=5 disc=0 raw=40 facets=3 vertices=6 rho=8 anchor_shift=0
[FREE POLY] k=5 disc=1 raw=40 facets=2 vertices=5 rho=4 anchor_shift=0
[FREE POLY] k=5 disc=2 raw=40 facets=5 vertices=8 rho=8 anchor_shift=0
[FREE POLY] k=6 disc=0 raw=40 facets=4 vertices=7 rho=8.8 anchor_shift=0
[FREE POLY] k=6 disc=1 raw=40 facets=2 vertices=5 rho=4.8 anchor_shift=0
[FREE POLY] k=6 disc=2 raw=40 facets=5 vertices=8 rho=8.8 anchor_shift=0
[FREE POLY] k=7 disc=0 raw=40 facets=4 vertices=7 rho=9.6 anchor_shift=0
[FREE POLY] k=7 disc=1 raw=40 facets=3 vertices=6 rho=5.6 anchor_shift=0
[FREE POLY] k=7 disc=2 raw=40 facets=4 vertices=7 rho=9.6 anchor_shift=0
[FREE POLY] k=8 disc=0 raw=40 facets=4 vertices=7 rho=10.4 anchor_shift=0
[FREE POLY] k=8 disc=1 raw=40 facets=5 vertices=8 rho=6.4 anchor_shift=0
[FREE POLY] k=8 disc=2 raw=40 facets=4 vertices=7 rho=10.4 anchor_shift=0
[RF SUPPORT SEED] removed=0 support_limit=-1
[SQP] before_solve iter=0 vars=16 constraints=115 max_d=-0.00809767
[QP WORST] iter=0 row=46 type=collision d=-0.00809767
[QP WORST COLLISION] scenario=35 k=5 obstacle=0 disc=2
[SQP] after_solve iter=0 converged=1 status=0 iterations=6 primal_residual=3.01344e-10 dual_residual=9.30758e-06 x_size=16 x_finite=1
[SQP LINESEARCH] iter=0 current_violation=0 accepted_violation=0 accepted=1 alpha=0.5 delta_u_norm=0.30688
[SQP SUPPORT] iter=0 support_size=0 support_limit=-1 support_ok=1
[SQP] before_solve iter=1 vars=16 constraints=115 max_d=-0.00404738
[QP WORST] iter=1 row=46 type=collision d=-0.00404738
[QP WORST COLLISION] scenario=35 k=5 obstacle=0 disc=2
[SQP] after_solve iter=1 converged=1 status=0 iterations=6 primal_residual=1.97317e-10 dual_residual=5.36466e-06 x_size=16 x_finite=1
[SQP LINESEARCH] iter=1 current_violation=0 accepted_violation=0 accepted=1 alpha=0.5 delta_u_norm=0.214434
[SQP SUPPORT] iter=1 support_size=0 support_limit=-1 support_ok=1
[SQP] before_solve iter=2 vars=16 constraints=115 max_d=-0.00202408
[QP WORST] iter=2 row=46 type=collision d=-0.00202408
[QP WORST COLLISION] scenario=35 k=5 obstacle=0 disc=2
[SQP] after_solve iter=2 converged=1 status=0 iterations=6 primal_residual=1.22109e-10 dual_residual=3.76156e-06 x_size=16 x_finite=1
[SQP LINESEARCH] iter=2 current_violation=0 accepted_violation=0 accepted=1 alpha=0.5 delta_u_norm=0.174558
[SQP SUPPORT] iter=2 support_size=0 support_limit=-1 support_ok=1
[SQP] before_solve iter=3 vars=16 constraints=115 max_d=-0.00101287
[QP WORST] iter=3 row=46 type=collision d=-0.00101287
[QP WORST COLLISION] scenario=35 k=5 obstacle=0 disc=2
[SQP] after_solve iter=3 converged=1 status=0 iterations=6 primal_residual=1.07596e-10 dual_residual=3.15185e-06 x_size=16 x_finite=1
[SQP LINESEARCH] iter=3 current_violation=0 accepted_violation=0 accepted=1 alpha=0.5 delta_u_norm=0.156296
[SQP SUPPORT] iter=3 support_size=0 support_limit=-1 support_ok=1
[SQP] before_solve iter=4 vars=16 constraints=115 max_d=-0.00050729
[QP WORST] iter=4 row=46 type=collision d=-0.00050729
[QP WORST COLLISION] scenario=35 k=5 obstacle=0 disc=2
[SQP] after_solve iter=4 converged=1 status=0 iterations=6 primal_residual=1.12709e-10 dual_residual=2.64795e-06 x_size=16 x_finite=1
[SQP LINESEARCH] iter=4 current_violation=0 accepted_violation=0 accepted=1 alpha=0.5 delta_u_norm=0.146205
[SQP SUPPORT] iter=4 support_size=0 support_limit=-1 support_ok=1
[SQP] before_solve iter=5 vars=16 constraints=115 max_d=-0.000254359
[QP WORST] iter=5 row=46 type=collision d=-0.000254359
[QP WORST COLLISION] scenario=35 k=5 obstacle=0 disc=2
[SQP] after_solve iter=5 converged=1 status=0 iterations=6 primal_residual=1.23191e-10 dual_residual=2.41434e-06 x_size=16 x_finite=1
[SQP LINESEARCH] iter=5 current_violation=0 accepted_violation=0 accepted=1 alpha=1 delta_u_norm=0.139279
[SQP SUPPORT] iter=5 support_size=0 support_limit=-1 support_ok=1
[SQP] before_solve iter=6 vars=16 constraints=115 max_d=-1.93185e-07
[QP WORST] iter=6 row=79 type=collision d=-1.93185e-07
[QP WORST COLLISION] scenario=7 k=8 obstacle=0 disc=2
[SQP] after_solve iter=6 converged=1 status=0 iterations=6 primal_residual=1.43531e-10 dual_residual=2.19406e-06 x_size=16 x_finite=1
[SQP LINESEARCH] iter=6 current_violation=0 accepted_violation=0 accepted=1 alpha=1 delta_u_norm=0.128571
[SQP SUPPORT] iter=6 support_size=0 support_limit=-1 support_ok=1
[SQP] before_solve iter=7 vars=16 constraints=115 max_d=-1.15375e-07
[QP WORST] iter=7 row=28 type=collision d=-1.15375e-07
[QP WORST COLLISION] scenario=35 k=3 obstacle=0 disc=2
[SQP] after_solve iter=7 converged=1 status=0 iterations=6 primal_residual=1.67752e-10 dual_residual=2.17461e-06 x_size=16 x_finite=1
[SQP LINESEARCH] iter=7 current_violation=0 accepted_violation=0 accepted=1 alpha=1 delta_u_norm=0.120082
[SQP SUPPORT] iter=7 support_size=0 support_limit=-1 support_ok=1
[SQP] before_solve iter=8 vars=16 constraints=115 max_d=-8.63002e-08
[QP WORST] iter=8 row=28 type=collision d=-8.63002e-08
[QP WORST COLLISION] scenario=35 k=3 obstacle=0 disc=2
[SQP] after_solve iter=8 converged=1 status=0 iterations=5 primal_residual=5.36554e-08 dual_residual=9.77071e-05 x_size=16 x_finite=1
[SQP LINESEARCH] iter=8 current_violation=0 accepted_violation=0 accepted=1 alpha=1 delta_u_norm=0.113111
[SQP SUPPORT] iter=8 support_size=0 support_limit=-1 support_ok=1
[SQP] before_solve iter=9 vars=16 constraints=115 max_d=-2.69315e-07
[QP WORST] iter=9 row=28 type=collision d=-2.69315e-07
[QP WORST COLLISION] scenario=35 k=3 obstacle=0 disc=2
[SQP] after_solve iter=9 converged=1 status=0 iterations=6 primal_residual=2.46693e-10 dual_residual=3.00166e-06 x_size=16 x_finite=1
[SQP LINESEARCH] iter=9 current_violation=0 accepted_violation=0 accepted=1 alpha=1 delta_u_norm=0.1064
[SQP SUPPORT] iter=9 support_size=0 support_limit=-1 support_ok=1
[SQP FINAL] final_violation=0 violated_constraints=0
[SUPPORT FINAL] sqp_union=0 final_active=2 support_limit=-1
[SUPPORT FINAL IDS] 7 35
[SUPPORT UNION IDS]
[COLD START RECOVERY CHECK] ordinary_sqp_failed=0 seed_available=1 incompatible=0 try_homotopy=0
[HARNESS RESULT] step=9 success=1 controls=8 first_input_present=1
[MPC STEP METRICS] step=9 applied=1 success=1 fallback=0 a=-0.0482083 omega=-0.678634 dt=0.1 acceleration_weight=0.1 steering_weight=0.1 control_cost_unweighted=0.462869 control_cost_weighted=0.0462869 mpc_cost=-16.2109 solve_time=0.0474509 qp_solve_time=0.034822 constraint_time=0.00746054 dro_risk_time=0 ambiguity_radius=0 certificate=not_requested
[EVAL SAFETY] step=10 min_center_distance=1.14015 min_clearance=0.19015 collision_this_step=0 collision_run=0 collision_radius=0.95
[RF BACKUP] available=1 controls=8 states=9
[FREE POLY] k=1 disc=0 raw=40 facets=2 vertices=5 rho=4.8 anchor_shift=0
[FREE POLY] k=1 disc=1 raw=40 facets=0 vertices=4 rho=0.800001 anchor_shift=0
[FREE POLY] k=1 disc=2 raw=40 facets=6 vertices=9 rho=4.8 anchor_shift=0
[FREE POLY] k=2 disc=0 raw=40 facets=6 vertices=9 rho=5.6 anchor_shift=0
[FREE POLY] k=2 disc=1 raw=40 facets=0 vertices=4 rho=1.6 anchor_shift=0
[FREE POLY] k=2 disc=2 raw=40 facets=7 vertices=10 rho=5.6 anchor_shift=0
[FREE POLY] k=3 disc=0 raw=40 facets=3 vertices=6 rho=6.4 anchor_shift=0
[FREE POLY] k=3 disc=1 raw=40 facets=3 vertices=6 rho=2.4 anchor_shift=0
[FREE POLY] k=3 disc=2 raw=40 facets=5 vertices=8 rho=6.4 anchor_shift=0
[FREE POLY] k=4 disc=0 raw=40 facets=2 vertices=5 rho=7.2 anchor_shift=0
[FREE POLY] k=4 disc=1 raw=40 facets=4 vertices=7 rho=3.2 anchor_shift=0
[FREE POLY] k=4 disc=2 raw=40 facets=6 vertices=9 rho=7.2 anchor_shift=0
[FREE POLY] k=5 disc=0 raw=40 facets=2 vertices=5 rho=8 anchor_shift=0
[FREE POLY] k=5 disc=1 raw=40 facets=3 vertices=6 rho=4 anchor_shift=0
[FREE POLY] k=5 disc=2 raw=40 facets=3 vertices=6 rho=8 anchor_shift=0
[FREE POLY] k=6 disc=0 raw=40 facets=4 vertices=7 rho=8.8 anchor_shift=0
[FREE POLY] k=6 disc=1 raw=40 facets=4 vertices=7 rho=4.8 anchor_shift=0
[FREE POLY] k=6 disc=2 raw=40 facets=4 vertices=7 rho=8.8 anchor_shift=0
[FREE POLY] k=7 disc=0 raw=40 facets=4 vertices=7 rho=9.6 anchor_shift=0
[FREE POLY] k=7 disc=1 raw=40 facets=4 vertices=7 rho=5.6 anchor_shift=0
[FREE POLY] k=7 disc=2 raw=40 facets=4 vertices=7 rho=9.6 anchor_shift=0
[FREE POLY] k=8 disc=0 raw=40 facets=4 vertices=7 rho=10.4 anchor_shift=0
[FREE POLY] k=8 disc=1 raw=40 facets=4 vertices=7 rho=6.4 anchor_shift=0
[FREE POLY] k=8 disc=2 raw=40 facets=4 vertices=7 rho=10.4 anchor_shift=0
[RF SUPPORT SEED] removed=0 support_limit=-1
[SQP] before_solve iter=0 vars=16 constraints=120 max_d=-6.09615e-05
[QP WORST] iter=0 row=74 type=collision d=-6.09615e-05
[QP WORST COLLISION] scenario=37 k=7 obstacle=0 disc=2
[SQP] after_solve iter=0 converged=1 status=0 iterations=7 primal_residual=6.75748e-09 dual_residual=2.38422e-05 x_size=16 x_finite=1
[SQP LINESEARCH] iter=0 current_violation=0 accepted_violation=0 accepted=1 alpha=0.5 delta_u_norm=0.40118
[SQP SUPPORT] iter=0 support_size=0 support_limit=-1 support_ok=1
[SQP] before_solve iter=1 vars=16 constraints=120 max_d=-2.55386e-05
[QP WORST] iter=1 row=74 type=collision d=-2.55386e-05
[QP WORST COLLISION] scenario=37 k=7 obstacle=0 disc=2
[SQP] after_solve iter=1 converged=1 status=0 iterations=7 primal_residual=2.12433e-08 dual_residual=2.86653e-05 x_size=16 x_finite=1
[SQP LINESEARCH] iter=1 current_violation=0 accepted_violation=0 accepted=1 alpha=0.5 delta_u_norm=0.252031
[SQP SUPPORT] iter=1 support_size=0 support_limit=-1 support_ok=1
[SQP] before_solve iter=2 vars=16 constraints=120 max_d=-2.60741e-05
[QP WORST] iter=2 row=74 type=collision d=-2.60741e-05
[QP WORST COLLISION] scenario=37 k=7 obstacle=0 disc=2
[SQP] after_solve iter=2 converged=1 status=0 iterations=7 primal_residual=5.02792e-08 dual_residual=3.23641e-05 x_size=16 x_finite=1
[SQP LINESEARCH] iter=2 current_violation=0 accepted_violation=0 accepted=1 alpha=1 delta_u_norm=0.188706
[SQP SUPPORT] iter=2 support_size=0 support_limit=-1 support_ok=1
[SQP] before_solve iter=3 vars=16 constraints=120 max_d=-9.82925e-06
[QP WORST] iter=3 row=17 type=collision d=-9.82925e-06
[QP WORST COLLISION] scenario=25 k=2 obstacle=0 disc=2
[SQP] after_solve iter=3 converged=1 status=0 iterations=7 primal_residual=9.95375e-08 dual_residual=6.62569e-05 x_size=16 x_finite=1
[SQP LINESEARCH] iter=3 current_violation=0 accepted_violation=0 accepted=1 alpha=1 delta_u_norm=0.146941
[SQP SUPPORT] iter=3 support_size=0 support_limit=-1 support_ok=1
[SQP] before_solve iter=4 vars=16 constraints=120 max_d=-3.75874e-07
[QP WORST] iter=4 row=17 type=collision d=-3.75874e-07
[QP WORST COLLISION] scenario=25 k=2 obstacle=0 disc=2
[SQP] after_solve iter=4 converged=1 status=0 iterations=7 primal_residual=1.07008e-07 dual_residual=7.12784e-05 x_size=16 x_finite=1
[SQP LINESEARCH] iter=4 current_violation=0 accepted_violation=0 accepted=1 alpha=1 delta_u_norm=0.135685
[SQP SUPPORT] iter=4 support_size=0 support_limit=-1 support_ok=1
[SQP] before_solve iter=5 vars=16 constraints=120 max_d=-8.25969e-07
[QP WORST] iter=5 row=17 type=collision d=-8.25969e-07
[QP WORST COLLISION] scenario=25 k=2 obstacle=0 disc=2
[SQP] after_solve iter=5 converged=1 status=0 iterations=7 primal_residual=1.13607e-07 dual_residual=7.57295e-05 x_size=16 x_finite=1
[SQP LINESEARCH] iter=5 current_violation=0 accepted_violation=0 accepted=1 alpha=1 delta_u_norm=0.126662
[SQP SUPPORT] iter=5 support_size=0 support_limit=-1 support_ok=1
[SQP] before_solve iter=6 vars=16 constraints=120 max_d=-1.72917e-06
[QP WORST] iter=6 row=17 type=collision d=-1.72917e-06
[QP WORST COLLISION] scenario=25 k=2 obstacle=0 disc=2
[SQP] after_solve iter=6 converged=1 status=0 iterations=7 primal_residual=1.17937e-07 dual_residual=7.8653e-05 x_size=16 x_finite=1
[SQP LINESEARCH] iter=6 current_violation=0 accepted_violation=0 accepted=1 alpha=1 delta_u_norm=0.118762
[SQP SUPPORT] iter=6 support_size=0 support_limit=-1 support_ok=1
[SQP] before_solve iter=7 vars=16 constraints=120 max_d=-2.13629e-06
[QP WORST] iter=7 row=17 type=collision d=-2.13629e-06
[QP WORST COLLISION] scenario=25 k=2 obstacle=0 disc=2
[SQP] after_solve iter=7 converged=1 status=0 iterations=7 primal_residual=1.20729e-07 dual_residual=8.05302e-05 x_size=16 x_finite=1
[SQP LINESEARCH] iter=7 current_violation=0 accepted_violation=0 accepted=1 alpha=1 delta_u_norm=0.111686
[SQP SUPPORT] iter=7 support_size=0 support_limit=-1 support_ok=1
[SQP] before_solve iter=8 vars=16 constraints=120 max_d=-2.26317e-06
[QP WORST] iter=8 row=17 type=collision d=-2.26317e-06
[QP WORST COLLISION] scenario=25 k=2 obstacle=0 disc=2
[SQP] after_solve iter=8 converged=1 status=0 iterations=7 primal_residual=1.22473e-07 dual_residual=8.17036e-05 x_size=16 x_finite=1
[SQP LINESEARCH] iter=8 current_violation=0 accepted_violation=0 accepted=1 alpha=1 delta_u_norm=0.105269
[SQP SUPPORT] iter=8 support_size=0 support_limit=-1 support_ok=1
[SQP] before_solve iter=9 vars=16 constraints=120 max_d=-2.28914e-06
[QP WORST] iter=9 row=17 type=collision d=-2.28914e-06
[QP WORST COLLISION] scenario=25 k=2 obstacle=0 disc=2
[SQP] after_solve iter=9 converged=1 status=0 iterations=7 primal_residual=1.23548e-07 dual_residual=8.24265e-05 x_size=16 x_finite=1
[SQP LINESEARCH] iter=9 current_violation=0 accepted_violation=0 accepted=1 alpha=1 delta_u_norm=0.0993984
[SQP SUPPORT] iter=9 support_size=0 support_limit=-1 support_ok=1
[SQP FINAL] final_violation=0 violated_constraints=0
[SUPPORT FINAL] sqp_union=0 final_active=5 support_limit=-1
[SUPPORT FINAL IDS] 19 22 25 35 37
[SUPPORT UNION IDS]
[COLD START RECOVERY CHECK] ordinary_sqp_failed=0 seed_available=1 incompatible=0 try_homotopy=0
[HARNESS RESULT] step=10 success=1 controls=8 first_input_present=1
[MPC STEP METRICS] step=10 applied=1 success=1 fallback=0 a=-0.0324326 omega=-0.654129 dt=0.1 acceleration_weight=0.1 steering_weight=0.1 control_cost_unweighted=0.428936 control_cost_weighted=0.0428936 mpc_cost=-16.0153 solve_time=0.0427881 qp_solve_time=0.0274899 constraint_time=0.00773058 dro_risk_time=0 ambiguity_radius=0 certificate=not_requested
[EVAL SAFETY] step=11 min_center_distance=1.01053 min_clearance=0.0605318 collision_this_step=0 collision_run=0 collision_radius=0.95
[RF BACKUP] available=1 controls=8 states=9
[FREE POLY] k=1 disc=0 raw=40 facets=2 vertices=5 rho=4.8 anchor_shift=0
[FREE POLY] k=1 disc=1 raw=40 facets=0 vertices=4 rho=0.800001 anchor_shift=0
[FREE POLY] k=1 disc=2 raw=40 facets=3 vertices=6 rho=4.8 anchor_shift=0
[FREE POLY] k=2 disc=0 raw=40 facets=2 vertices=5 rho=5.6 anchor_shift=0
[FREE POLY] k=2 disc=1 raw=40 facets=1 vertices=5 rho=1.6 anchor_shift=0
[FREE POLY] k=2 disc=2 raw=40 facets=2 vertices=5 rho=5.6 anchor_shift=0
[FREE POLY] k=3 disc=0 raw=40 facets=4 vertices=7 rho=6.4 anchor_shift=0
[FREE POLY] k=3 disc=1 raw=40 facets=3 vertices=6 rho=2.4 anchor_shift=0
[FREE POLY] k=3 disc=2 raw=40 facets=4 vertices=7 rho=6.4 anchor_shift=0
[FREE POLY] k=4 disc=0 raw=40 facets=4 vertices=7 rho=7.2 anchor_shift=0
[FREE POLY] k=4 disc=1 raw=40 facets=4 vertices=7 rho=3.2 anchor_shift=0
[FREE POLY] k=4 disc=2 raw=40 facets=3 vertices=6 rho=7.2 anchor_shift=0
[FREE POLY] k=5 disc=0 raw=40 facets=4 vertices=7 rho=8 anchor_shift=0
[FREE POLY] k=5 disc=1 raw=40 facets=4 vertices=7 rho=4 anchor_shift=0
[FREE POLY] k=5 disc=2 raw=40 facets=4 vertices=7 rho=8 anchor_shift=0
[FREE POLY] k=6 disc=0 raw=40 facets=6 vertices=9 rho=8.8 anchor_shift=0
[FREE POLY] k=6 disc=1 raw=40 facets=4 vertices=7 rho=4.8 anchor_shift=0
[FREE POLY] k=6 disc=2 raw=40 facets=5 vertices=8 rho=8.8 anchor_shift=0
[FREE POLY] k=7 disc=0 raw=40 facets=6 vertices=9 rho=9.6 anchor_shift=0
[FREE POLY] k=7 disc=1 raw=40 facets=5 vertices=8 rho=5.6 anchor_shift=0
[FREE POLY] k=7 disc=2 raw=40 facets=6 vertices=9 rho=9.6 anchor_shift=0
[FREE POLY] k=8 disc=0 raw=40 facets=6 vertices=9 rho=10.4 anchor_shift=0
[FREE POLY] k=8 disc=1 raw=40 facets=5 vertices=8 rho=6.4 anchor_shift=0
[FREE POLY] k=8 disc=2 raw=40 facets=5 vertices=8 rho=10.4 anchor_shift=0
[RF SUPPORT SEED] removed=0 support_limit=-1
[SQP] before_solve iter=0 vars=16 constraints=124 max_d=0.0299018
[QP WORST] iter=0 row=73 type=collision d=0.0299018
[QP WORST COLLISION] scenario=22 k=7 obstacle=0 disc=2
[SQP] after_solve iter=0 converged=1 status=0 iterations=7 primal_residual=6.15457e-11 dual_residual=7.59063e-07 x_size=16 x_finite=1
[SQP LINESEARCH] iter=0 current_violation=0.0299018 accepted_violation=0.000119405 accepted=1 alpha=1 delta_u_norm=0.383553
[SQP SUPPORT] iter=0 support_size=0 support_limit=-1 support_ok=1
[SQP] before_solve iter=1 vars=16 constraints=124 max_d=0.000119405
[QP WORST] iter=1 row=73 type=collision d=0.000119405
[QP WORST COLLISION] scenario=22 k=7 obstacle=0 disc=2
[SQP] after_solve iter=1 converged=1 status=0 iterations=6 primal_residual=4.35416e-16 dual_residual=1.66894e-05 x_size=16 x_finite=1
[SQP LINESEARCH] iter=1 current_violation=0.000119405 accepted_violation=0 accepted=1 alpha=1 delta_u_norm=0.162139
[SQP SUPPORT] iter=1 support_size=0 support_limit=-1 support_ok=1
[SQP] before_solve iter=2 vars=16 constraints=124 max_d=-1.87016e-07
[QP WORST] iter=2 row=57 type=collision d=-1.87016e-07
[QP WORST COLLISION] scenario=22 k=6 obstacle=0 disc=2
[SQP] after_solve iter=2 converged=1 status=0 iterations=6 primal_residual=4.30211e-16 dual_residual=1.69205e-05 x_size=16 x_finite=1
[SQP LINESEARCH] iter=2 current_violation=0 accepted_violation=0 accepted=1 alpha=1 delta_u_norm=0.145508
[SQP SUPPORT] iter=2 support_size=0 support_limit=-1 support_ok=1
[SQP] before_solve iter=3 vars=16 constraints=124 max_d=-3.95313e-07
[QP WORST] iter=3 row=57 type=collision d=-3.95313e-07
[QP WORST COLLISION] scenario=22 k=6 obstacle=0 disc=2
[SQP] after_solve iter=3 converged=1 status=0 iterations=6 primal_residual=4.16334e-16 dual_residual=1.71488e-05 x_size=16 x_finite=1
[SQP LINESEARCH] iter=3 current_violation=0 accepted_violation=0 accepted=1 alpha=1 delta_u_norm=0.134894
[SQP SUPPORT] iter=3 support_size=0 support_limit=-1 support_ok=1
[SQP] before_solve iter=4 vars=16 constraints=124 max_d=-3.89414e-07
[QP WORST] iter=4 row=57 type=collision d=-3.89414e-07
[QP WORST COLLISION] scenario=22 k=6 obstacle=0 disc=2
[SQP] after_solve iter=4 converged=1 status=0 iterations=6 primal_residual=4.4062e-16 dual_residual=1.73241e-05 x_size=16 x_finite=1
[SQP LINESEARCH] iter=4 current_violation=0 accepted_violation=0 accepted=1 alpha=1 delta_u_norm=0.126081
[SQP SUPPORT] iter=4 support_size=0 support_limit=-1 support_ok=1
[SQP] before_solve iter=5 vars=16 constraints=124 max_d=-3.72828e-07
[QP WORST] iter=5 row=57 type=collision d=-3.72828e-07
[QP WORST COLLISION] scenario=22 k=6 obstacle=0 disc=2
[SQP] after_solve iter=5 converged=1 status=0 iterations=6 primal_residual=4.20294e-16 dual_residual=1.74071e-05 x_size=16 x_finite=1
[SQP LINESEARCH] iter=5 current_violation=0 accepted_violation=0 accepted=1 alpha=1 delta_u_norm=0.11837
[SQP SUPPORT] iter=5 support_size=0 support_limit=-1 support_ok=1
[SQP] before_solve iter=6 vars=16 constraints=124 max_d=-3.60096e-07
[QP WORST] iter=6 row=57 type=collision d=-3.60096e-07
[QP WORST COLLISION] scenario=22 k=6 obstacle=0 disc=2
[SQP] after_solve iter=6 converged=1 status=0 iterations=6 primal_residual=4.31946e-16 dual_residual=1.74247e-05 x_size=16 x_finite=1
[SQP LINESEARCH] iter=6 current_violation=0 accepted_violation=0 accepted=1 alpha=1 delta_u_norm=0.111477
[SQP SUPPORT] iter=6 support_size=0 support_limit=-1 support_ok=1
[SQP] before_solve iter=7 vars=16 constraints=124 max_d=-3.50935e-07
[QP WORST] iter=7 row=57 type=collision d=-3.50935e-07
[QP WORST COLLISION] scenario=22 k=6 obstacle=0 disc=2
[SQP] after_solve iter=7 converged=1 status=0 iterations=6 primal_residual=3.59312e-10 dual_residual=1.69543e-05 x_size=16 x_finite=1
[SQP LINESEARCH] iter=7 current_violation=0 accepted_violation=0 accepted=1 alpha=1 delta_u_norm=0.105232
[SQP SUPPORT] iter=7 support_size=0 support_limit=-1 support_ok=1
[SQP] before_solve iter=8 vars=16 constraints=124 max_d=-3.33344e-07
[QP WORST] iter=8 row=57 type=collision d=-3.33344e-07
[QP WORST COLLISION] scenario=22 k=6 obstacle=0 disc=2
[SQP] after_solve iter=8 converged=1 status=0 iterations=6 primal_residual=7.16018e-10 dual_residual=1.64105e-05 x_size=16 x_finite=1
[SQP LINESEARCH] iter=8 current_violation=0 accepted_violation=0 accepted=1 alpha=1 delta_u_norm=0.0995159
[SQP SUPPORT] iter=8 support_size=0 support_limit=-1 support_ok=1
[SQP] before_solve iter=9 vars=16 constraints=124 max_d=-3.16253e-07
[QP WORST] iter=9 row=57 type=collision d=-3.16253e-07
[QP WORST COLLISION] scenario=22 k=6 obstacle=0 disc=2
[SQP] after_solve iter=9 converged=1 status=0 iterations=6 primal_residual=9.60371e-10 dual_residual=1.59555e-05 x_size=16 x_finite=1
[SQP LINESEARCH] iter=9 current_violation=0 accepted_violation=0 accepted=1 alpha=1 delta_u_norm=0.0942479
[SQP SUPPORT] iter=9 support_size=0 support_limit=-1 support_ok=1
[SQP FINAL] final_violation=0 violated_constraints=0
[SUPPORT FINAL] sqp_union=0 final_active=3 support_limit=-1
[SUPPORT FINAL IDS] 2 10 22
[SUPPORT UNION IDS]
[COLD START RECOVERY CHECK] ordinary_sqp_failed=0 seed_available=1 incompatible=0 try_homotopy=0
[HARNESS RESULT] step=11 success=1 controls=8 first_input_present=1
[MPC STEP METRICS] step=11 applied=1 success=1 fallback=0 a=0.0495809 omega=-0.769599 dt=0.1 acceleration_weight=0.1 steering_weight=0.1 control_cost_unweighted=0.594741 control_cost_weighted=0.0594741 mpc_cost=-15.7281 solve_time=0.039858 qp_solve_time=0.0275466 constraint_time=0.00717909 dro_risk_time=0 ambiguity_radius=0 certificate=not_requested
[EVAL SAFETY] step=12 min_center_distance=0.95546 min_clearance=0.00546042 collision_this_step=0 collision_run=0 collision_radius=0.95
[RF BACKUP] available=1 controls=8 states=9
[FREE POLY] k=1 disc=0 raw=40 facets=3 vertices=6 rho=4.8 anchor_shift=0
[FREE POLY] k=1 disc=1 raw=40 facets=0 vertices=4 rho=0.800001 anchor_shift=0
[FREE POLY] k=1 disc=2 raw=40 facets=2 vertices=5 rho=4.8 anchor_shift=0
[FREE POLY] k=2 disc=0 raw=40 facets=2 vertices=5 rho=5.6 anchor_shift=0
[FREE POLY] k=2 disc=1 raw=40 facets=1 vertices=4 rho=1.6 anchor_shift=0
[FREE POLY] k=2 disc=2 raw=40 facets=3 vertices=6 rho=5.6 anchor_shift=0
[FREE POLY] k=3 disc=0 raw=40 facets=3 vertices=6 rho=6.4 anchor_shift=0
[FREE POLY] k=3 disc=1 raw=40 facets=3 vertices=6 rho=2.4 anchor_shift=0
[FREE POLY] k=3 disc=2 raw=40 facets=3 vertices=6 rho=6.4 anchor_shift=0
[FREE POLY] k=4 disc=0 raw=40 facets=3 vertices=6 rho=7.2 anchor_shift=0
[FREE POLY] k=4 disc=1 raw=40 facets=3 vertices=6 rho=3.2 anchor_shift=0
[FREE POLY] k=4 disc=2 raw=40 facets=5 vertices=8 rho=7.2 anchor_shift=0
[FREE POLY] k=5 disc=0 raw=40 facets=4 vertices=7 rho=8 anchor_shift=0
[FREE POLY] k=5 disc=1 raw=40 facets=4 vertices=7 rho=4 anchor_shift=0
[FREE POLY] k=5 disc=2 raw=40 facets=5 vertices=8 rho=8 anchor_shift=0
[FREE POLY] k=6 disc=0 raw=40 facets=4 vertices=7 rho=8.8 anchor_shift=0
[FREE POLY] k=6 disc=1 raw=40 facets=3 vertices=6 rho=4.8 anchor_shift=0
[FREE POLY] k=6 disc=2 raw=40 facets=4 vertices=7 rho=8.8 anchor_shift=0
[FREE POLY] k=7 disc=0 raw=40 facets=4 vertices=7 rho=9.6 anchor_shift=0
[FREE POLY] k=7 disc=1 raw=40 facets=3 vertices=6 rho=5.6 anchor_shift=0
[FREE POLY] k=7 disc=2 raw=40 facets=5 vertices=8 rho=9.6 anchor_shift=0
[FREE POLY] k=8 disc=0 raw=40 facets=4 vertices=7 rho=10.4 anchor_shift=0
[FREE POLY] k=8 disc=1 raw=40 facets=3 vertices=6 rho=6.4 anchor_shift=0
[FREE POLY] k=8 disc=2 raw=40 facets=5 vertices=8 rho=10.4 anchor_shift=0
[RF SUPPORT SEED] removed=0 support_limit=-1
[SQP] before_solve iter=0 vars=16 constraints=111 max_d=-0.00303056
[QP WORST] iter=0 row=10 type=collision d=-0.00303056
[QP WORST COLLISION] scenario=29 k=2 obstacle=0 disc=2
[SQP] after_solve iter=0 converged=1 status=0 iterations=5 primal_residual=1.21727e-07 dual_residual=7.57779e-05 x_size=16 x_finite=1
[SQP LINESEARCH] iter=0 current_violation=0 accepted_violation=0 accepted=1 alpha=0.5 delta_u_norm=0.539772
[SQP SUPPORT] iter=0 support_size=0 support_limit=-1 support_ok=1
[SQP] before_solve iter=1 vars=16 constraints=111 max_d=-0.00154093
[QP WORST] iter=1 row=10 type=collision d=-0.00154093
[QP WORST COLLISION] scenario=29 k=2 obstacle=0 disc=2
[SQP] after_solve iter=1 converged=1 status=0 iterations=6 primal_residual=4.05925e-16 dual_residual=4.86862e-07 x_size=16 x_finite=1
[SQP LINESEARCH] iter=1 current_violation=0 accepted_violation=0 accepted=1 alpha=0.5 delta_u_norm=0.423457
[SQP SUPPORT] iter=1 support_size=0 support_limit=-1 support_ok=1
[SQP] before_solve iter=2 vars=16 constraints=111 max_d=-0.00077046
[QP WORST] iter=2 row=10 type=collision d=-0.00077046
[QP WORST COLLISION] scenario=29 k=2 obstacle=0 disc=2
[SQP] after_solve iter=2 converged=1 status=0 iterations=6 primal_residual=4.16334e-16 dual_residual=7.46776e-07 x_size=16 x_finite=1
[SQP LINESEARCH] iter=2 current_violation=0 accepted_violation=0 accepted=1 alpha=0.5 delta_u_norm=0.325776
[SQP SUPPORT] iter=2 support_size=0 support_limit=-1 support_ok=1
[SQP] before_solve iter=3 vars=16 constraints=111 max_d=-0.000386109
[QP WORST] iter=3 row=10 type=collision d=-0.000386109
[QP WORST COLLISION] scenario=29 k=2 obstacle=0 disc=2
[SQP] after_solve iter=3 converged=1 status=0 iterations=5 primal_residual=1.21479e-07 dual_residual=8.84121e-05 x_size=16 x_finite=1
[SQP LINESEARCH] iter=3 current_violation=0 accepted_violation=0 accepted=1 alpha=1 delta_u_norm=0.208112
[SQP SUPPORT] iter=3 support_size=0 support_limit=-1 support_ok=1
[SQP] before_solve iter=4 vars=16 constraints=111 max_d=-4.92777e-07
[QP WORST] iter=4 row=4 type=collision d=-4.92777e-07
[QP WORST COLLISION] scenario=29 k=1 obstacle=0 disc=2
[SQP] after_solve iter=4 converged=1 status=0 iterations=6 primal_residual=8.23865e-11 dual_residual=1.4177e-07 x_size=16 x_finite=1
[SQP LINESEARCH] iter=4 current_violation=0 accepted_violation=0 accepted=1 alpha=0.5 delta_u_norm=0.143574
[SQP SUPPORT] iter=4 support_size=0 support_limit=-1 support_ok=1
[SQP] before_solve iter=5 vars=16 constraints=111 max_d=-4.88725e-07
[QP WORST] iter=5 row=4 type=collision d=-4.88725e-07
[QP WORST COLLISION] scenario=29 k=1 obstacle=0 disc=2
[SQP] after_solve iter=5 converged=1 status=0 iterations=6 primal_residual=9.01955e-11 dual_residual=1.49623e-07 x_size=16 x_finite=1
[SQP LINESEARCH] iter=5 current_violation=0 accepted_violation=0 accepted=1 alpha=1 delta_u_norm=0.138184
[SQP SUPPORT] iter=5 support_size=0 support_limit=-1 support_ok=1
[SQP] before_solve iter=6 vars=16 constraints=111 max_d=-8.2355e-08
[QP WORST] iter=6 row=75 type=collision d=-8.2355e-08
[QP WORST COLLISION] scenario=10 k=8 obstacle=0 disc=2
[SQP] after_solve iter=6 converged=1 status=0 iterations=6 primal_residual=1.02959e-10 dual_residual=1.61224e-07 x_size=16 x_finite=1
[SQP LINESEARCH] iter=6 current_violation=0 accepted_violation=0 accepted=1 alpha=1 delta_u_norm=0.129068
[SQP SUPPORT] iter=6 support_size=0 support_limit=-1 support_ok=1
[SQP] before_solve iter=7 vars=16 constraints=111 max_d=-3.48631e-07
[QP WORST] iter=7 row=10 type=collision d=-3.48631e-07
[QP WORST COLLISION] scenario=29 k=2 obstacle=0 disc=2
[SQP] after_solve iter=7 converged=1 status=0 iterations=6 primal_residual=1.11757e-10 dual_residual=1.68065e-07 x_size=16 x_finite=1
[SQP LINESEARCH] iter=7 current_violation=0 accepted_violation=0 accepted=1 alpha=1 delta_u_norm=0.121432
[SQP SUPPORT] iter=7 support_size=0 support_limit=-1 support_ok=1
[SQP] before_solve iter=8 vars=16 constraints=111 max_d=-3.63296e-07
[QP WORST] iter=8 row=10 type=collision d=-3.63296e-07
[QP WORST COLLISION] scenario=29 k=2 obstacle=0 disc=2
[SQP] after_solve iter=8 converged=1 status=0 iterations=6 primal_residual=1.18723e-10 dual_residual=1.7327e-07 x_size=16 x_finite=1
[SQP LINESEARCH] iter=8 current_violation=0 accepted_violation=0 accepted=1 alpha=1 delta_u_norm=0.114614
[SQP SUPPORT] iter=8 support_size=0 support_limit=-1 support_ok=1
[SQP] before_solve iter=9 vars=16 constraints=111 max_d=-3.74536e-07
[QP WORST] iter=9 row=10 type=collision d=-3.74536e-07
[QP WORST COLLISION] scenario=29 k=2 obstacle=0 disc=2
[SQP] after_solve iter=9 converged=1 status=0 iterations=6 primal_residual=1.24231e-10 dual_residual=1.77263e-07 x_size=16 x_finite=1
[SQP LINESEARCH] iter=9 current_violation=0 accepted_violation=0 accepted=1 alpha=1 delta_u_norm=0.108414
[SQP SUPPORT] iter=9 support_size=0 support_limit=-1 support_ok=1
[SQP FINAL] final_violation=0 violated_constraints=0
[SUPPORT FINAL] sqp_union=0 final_active=3 support_limit=-1
[SUPPORT FINAL IDS] 9 10 29
[SUPPORT UNION IDS]
[COLD START RECOVERY CHECK] ordinary_sqp_failed=0 seed_available=1 incompatible=0 try_homotopy=0
[HARNESS RESULT] step=12 success=1 controls=8 first_input_present=1
[MPC STEP METRICS] step=12 applied=1 success=1 fallback=0 a=0.133064 omega=-0.639033 dt=0.1 acceleration_weight=0.1 steering_weight=0.1 control_cost_unweighted=0.426069 control_cost_weighted=0.0426069 mpc_cost=-15.614 solve_time=0.0425324 qp_solve_time=0.0304226 constraint_time=0.00697213 dro_risk_time=0 ambiguity_radius=0 certificate=not_requested
[EVAL SAFETY] step=13 min_center_distance=0.956318 min_clearance=0.00631828 collision_this_step=0 collision_run=0 collision_radius=0.95
[RF BACKUP] available=1 controls=8 states=9
[FREE POLY] k=1 disc=0 raw=40 facets=2 vertices=5 rho=4.8 anchor_shift=0
[FREE POLY] k=1 disc=1 raw=40 facets=0 vertices=4 rho=0.800001 anchor_shift=0
[FREE POLY] k=1 disc=2 raw=40 facets=4 vertices=7 rho=4.8 anchor_shift=0
[FREE POLY] k=2 disc=0 raw=40 facets=3 vertices=6 rho=5.6 anchor_shift=0
[FREE POLY] k=2 disc=1 raw=40 facets=2 vertices=5 rho=1.6 anchor_shift=0
[FREE POLY] k=2 disc=2 raw=40 facets=3 vertices=6 rho=5.6 anchor_shift=0
[FREE POLY] k=3 disc=0 raw=40 facets=5 vertices=8 rho=6.4 anchor_shift=0
[FREE POLY] k=3 disc=1 raw=40 facets=3 vertices=6 rho=2.4 anchor_shift=0
[FREE POLY] k=3 disc=2 raw=40 facets=4 vertices=7 rho=6.4 anchor_shift=0
[FREE POLY] k=4 disc=0 raw=40 facets=3 vertices=6 rho=7.2 anchor_shift=0
[FREE POLY] k=4 disc=1 raw=40 facets=3 vertices=6 rho=3.2 anchor_shift=0
[FREE POLY] k=4 disc=2 raw=40 facets=4 vertices=7 rho=7.2 anchor_shift=0
[FREE POLY] k=5 disc=0 raw=40 facets=3 vertices=6 rho=8 anchor_shift=0
[FREE POLY] k=5 disc=1 raw=40 facets=3 vertices=6 rho=4 anchor_shift=0
[FREE POLY] k=5 disc=2 raw=40 facets=4 vertices=7 rho=8 anchor_shift=0
[FREE POLY] k=6 disc=0 raw=40 facets=4 vertices=7 rho=8.8 anchor_shift=0
[FREE POLY] k=6 disc=1 raw=40 facets=3 vertices=6 rho=4.8 anchor_shift=0
[FREE POLY] k=6 disc=2 raw=40 facets=4 vertices=7 rho=8.8 anchor_shift=0
[FREE POLY] k=7 disc=0 raw=40 facets=3 vertices=6 rho=9.6 anchor_shift=0
[FREE POLY] k=7 disc=1 raw=40 facets=4 vertices=7 rho=5.6 anchor_shift=0
[FREE POLY] k=7 disc=2 raw=40 facets=4 vertices=6 rho=9.6 anchor_shift=0
[FREE POLY] k=8 disc=0 raw=40 facets=4 vertices=7 rho=10.4 anchor_shift=0
[FREE POLY] k=8 disc=1 raw=40 facets=4 vertices=7 rho=6.4 anchor_shift=0
[FREE POLY] k=8 disc=2 raw=40 facets=3 vertices=5 rho=10.4 anchor_shift=0
[RF SUPPORT SEED] removed=0 support_limit=-1
[SQP] before_solve iter=0 vars=16 constraints=111 max_d=0.00266134
[QP WORST] iter=0 row=25 type=collision d=0.00266134
[QP WORST COLLISION] scenario=38 k=3 obstacle=0 disc=2
[SQP] after_solve iter=0 converged=1 status=0 iterations=5 primal_residual=4.57967e-16 dual_residual=6.31644e-05 x_size=16 x_finite=1
[SQP LINESEARCH] iter=0 current_violation=0.00266134 accepted_violation=0.00032118 accepted=1 alpha=1 delta_u_norm=0.398128
[SQP SUPPORT] iter=0 support_size=0 support_limit=-1 support_ok=1
[SQP] before_solve iter=1 vars=16 constraints=111 max_d=0.00032118
[QP WORST] iter=1 row=55 type=collision d=0.00032118
[QP WORST COLLISION] scenario=35 k=6 obstacle=0 disc=2
[SQP] after_solve iter=1 converged=1 status=0 iterations=5 primal_residual=4.96131e-16 dual_residual=8.49168e-05 x_size=16 x_finite=1
[SQP LINESEARCH] iter=1 current_violation=0.00032118 accepted_violation=0 accepted=1 alpha=1 delta_u_norm=0.241776
[SQP SUPPORT] iter=1 support_size=0 support_limit=-1 support_ok=1
[SQP] before_solve iter=2 vars=16 constraints=111 max_d=-2.30942e-06
[QP WORST] iter=2 row=5 type=collision d=-2.30942e-06
[QP WORST COLLISION] scenario=38 k=1 obstacle=0 disc=2
[SQP] after_solve iter=2 converged=1 status=0 iterations=5 primal_residual=4.90927e-16 dual_residual=8.49795e-05 x_size=16 x_finite=1
[SQP LINESEARCH] iter=2 current_violation=0 accepted_violation=0 accepted=1 alpha=1 delta_u_norm=0.213838
[SQP SUPPORT] iter=2 support_size=0 support_limit=-1 support_ok=1
[SQP] before_solve iter=3 vars=16 constraints=111 max_d=-2.324e-06
[QP WORST] iter=3 row=5 type=collision d=-2.324e-06
[QP WORST COLLISION] scenario=38 k=1 obstacle=0 disc=2
[SQP] after_solve iter=3 converged=1 status=0 iterations=5 primal_residual=4.37801e-16 dual_residual=9.30353e-05 x_size=16 x_finite=1
[SQP LINESEARCH] iter=3 current_violation=0 accepted_violation=0 accepted=1 alpha=1 delta_u_norm=0.191268
[SQP SUPPORT] iter=3 support_size=0 support_limit=-1 support_ok=1
[SQP] before_solve iter=4 vars=16 constraints=111 max_d=-2.52313e-06
[QP WORST] iter=4 row=5 type=collision d=-2.52313e-06
[QP WORST COLLISION] scenario=38 k=1 obstacle=0 disc=2
[SQP] after_solve iter=4 converged=1 status=0 iterations=5 primal_residual=4.54498e-16 dual_residual=9.99461e-05 x_size=16 x_finite=1
[SQP LINESEARCH] iter=4 current_violation=0 accepted_violation=0 accepted=1 alpha=1 delta_u_norm=0.161532
[SQP SUPPORT] iter=4 support_size=0 support_limit=-1 support_ok=1
[SQP] before_solve iter=5 vars=16 constraints=111 max_d=-2.81196e-06
[QP WORST] iter=5 row=5 type=collision d=-2.81196e-06
[QP WORST COLLISION] scenario=38 k=1 obstacle=0 disc=2
[SQP] after_solve iter=5 converged=1 status=0 iterations=6 primal_residual=4.40992e-16 dual_residual=1.85659e-06 x_size=16 x_finite=1
[SQP LINESEARCH] iter=5 current_violation=0 accepted_violation=0 accepted=1 alpha=1 delta_u_norm=0.123636
[SQP SUPPORT] iter=5 support_size=0 support_limit=-1 support_ok=1
[SQP] before_solve iter=6 vars=16 constraints=111 max_d=-2.19596e-06
[QP WORST] iter=6 row=55 type=collision d=-2.19596e-06
[QP WORST COLLISION] scenario=35 k=6 obstacle=0 disc=2
[SQP] after_solve iter=6 converged=1 status=0 iterations=6 primal_residual=3.92915e-16 dual_residual=1.88286e-06 x_size=16 x_finite=1
[SQP LINESEARCH] iter=6 current_violation=0 accepted_violation=0 accepted=1 alpha=1 delta_u_norm=0.114894
[SQP SUPPORT] iter=6 support_size=0 support_limit=-1 support_ok=1
[SQP] before_solve iter=7 vars=16 constraints=111 max_d=-2.21927e-06
[QP WORST] iter=7 row=55 type=collision d=-2.21927e-06
[QP WORST COLLISION] scenario=35 k=6 obstacle=0 disc=2
[SQP] after_solve iter=7 converged=1 status=0 iterations=6 primal_residual=4.24086e-16 dual_residual=1.79797e-06 x_size=16 x_finite=1
[SQP LINESEARCH] iter=7 current_violation=0 accepted_violation=0 accepted=1 alpha=1 delta_u_norm=0.108284
[SQP SUPPORT] iter=7 support_size=0 support_limit=-1 support_ok=1
[SQP] before_solve iter=8 vars=16 constraints=111 max_d=-2.13323e-06
[QP WORST] iter=8 row=55 type=collision d=-2.13323e-06
[QP WORST COLLISION] scenario=35 k=6 obstacle=0 disc=2
[SQP] after_solve iter=8 converged=1 status=0 iterations=6 primal_residual=4.22622e-16 dual_residual=1.71199e-06 x_size=16 x_finite=1
[SQP LINESEARCH] iter=8 current_violation=0 accepted_violation=0 accepted=1 alpha=1 delta_u_norm=0.102241
[SQP SUPPORT] iter=8 support_size=0 support_limit=-1 support_ok=1
[SQP] before_solve iter=9 vars=16 constraints=111 max_d=-2.03988e-06
[QP WORST] iter=9 row=55 type=collision d=-2.03988e-06
[QP WORST COLLISION] scenario=35 k=6 obstacle=0 disc=2
[SQP] after_solve iter=9 converged=1 status=0 iterations=6 primal_residual=4.09395e-16 dual_residual=1.62662e-06 x_size=16 x_finite=1
[SQP LINESEARCH] iter=9 current_violation=0 accepted_violation=0 accepted=1 alpha=1 delta_u_norm=0.0966752
[SQP SUPPORT] iter=9 support_size=0 support_limit=-1 support_ok=1
[SQP FINAL] final_violation=0 violated_constraints=0
[SUPPORT FINAL] sqp_union=0 final_active=2 support_limit=-1
[SUPPORT FINAL IDS] 35 38
[SUPPORT UNION IDS]
[COLD START RECOVERY CHECK] ordinary_sqp_failed=0 seed_available=1 incompatible=0 try_homotopy=0
[HARNESS RESULT] step=13 success=1 controls=8 first_input_present=1
[MPC STEP METRICS] step=13 applied=1 success=1 fallback=0 a=0.0935339 omega=-0.293764 dt=0.1 acceleration_weight=0.1 steering_weight=0.1 control_cost_unweighted=0.0950457 control_cost_weighted=0.00950457 mpc_cost=-15.3997 solve_time=0.0382908 qp_solve_time=0.026317 constraint_time=0.00689043 dro_risk_time=0 ambiguity_radius=0 certificate=not_requested
[EVAL SAFETY] step=14 min_center_distance=0.954485 min_clearance=0.00448549 collision_this_step=0 collision_run=0 collision_radius=0.95
[RF BACKUP] available=1 controls=8 states=9
[FREE POLY] k=1 disc=0 raw=40 facets=3 vertices=6 rho=4.8 anchor_shift=0
[FREE POLY] k=1 disc=1 raw=40 facets=0 vertices=4 rho=0.800001 anchor_shift=0
[FREE POLY] k=1 disc=2 raw=40 facets=4 vertices=7 rho=4.8 anchor_shift=0
[FREE POLY] k=2 disc=0 raw=40 facets=2 vertices=5 rho=5.6 anchor_shift=0
[FREE POLY] k=2 disc=1 raw=40 facets=2 vertices=5 rho=1.6 anchor_shift=0
[FREE POLY] k=2 disc=2 raw=40 facets=4 vertices=7 rho=5.6 anchor_shift=0
[FREE POLY] k=3 disc=0 raw=40 facets=3 vertices=6 rho=6.4 anchor_shift=0
[FREE POLY] k=3 disc=1 raw=40 facets=3 vertices=6 rho=2.4 anchor_shift=0
[FREE POLY] k=3 disc=2 raw=40 facets=5 vertices=8 rho=6.4 anchor_shift=0
[FREE POLY] k=4 disc=0 raw=40 facets=2 vertices=5 rho=7.2 anchor_shift=0
[FREE POLY] k=4 disc=1 raw=40 facets=2 vertices=5 rho=3.2 anchor_shift=0
[FREE POLY] k=4 disc=2 raw=40 facets=5 vertices=8 rho=7.2 anchor_shift=0
[FREE POLY] k=5 disc=0 raw=40 facets=2 vertices=5 rho=8 anchor_shift=0
[FREE POLY] k=5 disc=1 raw=40 facets=2 vertices=5 rho=4 anchor_shift=0
[FREE POLY] k=5 disc=2 raw=40 facets=4 vertices=7 rho=8 anchor_shift=0
[FREE POLY] k=6 disc=0 raw=40 facets=2 vertices=5 rho=8.8 anchor_shift=0
[FREE POLY] k=6 disc=1 raw=40 facets=2 vertices=5 rho=4.8 anchor_shift=0
[FREE POLY] k=6 disc=2 raw=40 facets=4 vertices=6 rho=8.8 anchor_shift=0
[FREE POLY] k=7 disc=0 raw=40 facets=2 vertices=5 rho=9.6 anchor_shift=0
[FREE POLY] k=7 disc=1 raw=40 facets=2 vertices=5 rho=5.6 anchor_shift=0
[FREE POLY] k=7 disc=2 raw=40 facets=5 vertices=8 rho=9.6 anchor_shift=0
[FREE POLY] k=8 disc=0 raw=40 facets=2 vertices=5 rho=10.4 anchor_shift=0
[FREE POLY] k=8 disc=1 raw=40 facets=4 vertices=7 rho=6.4 anchor_shift=0
[FREE POLY] k=8 disc=2 raw=40 facets=7 vertices=10 rho=10.4 anchor_shift=0
[RF SUPPORT SEED] removed=0 support_limit=-1
[SQP] before_solve iter=0 vars=16 constraints=105 max_d=0.115486
[QP WORST] iter=0 row=65 type=collision d=0.115486
[QP WORST COLLISION] scenario=22 k=8 obstacle=0 disc=1
[SQP] after_solve iter=0 converged=1 status=0 iterations=5 primal_residual=8.1252e-08 dual_residual=9.47085e-05 x_size=16 x_finite=1
[SQP LINESEARCH] iter=0 current_violation=0.115486 accepted_violation=0.00104821 accepted=1 alpha=1 delta_u_norm=1.21633
[SQP SUPPORT] iter=0 support_size=0 support_limit=-1 support_ok=1
[SQP] before_solve iter=1 vars=16 constraints=105 max_d=0.00104821
[QP WORST] iter=1 row=65 type=collision d=0.00104821
[QP WORST COLLISION] scenario=22 k=8 obstacle=0 disc=1
[SQP] after_solve iter=1 converged=1 status=0 iterations=5 primal_residual=9.6774e-08 dual_residual=6.32855e-05 x_size=16 x_finite=1
[SQP LINESEARCH] iter=1 current_violation=0.00104821 accepted_violation=0 accepted=1 alpha=1 delta_u_norm=0.402948
[SQP SUPPORT] iter=1 support_size=0 support_limit=-1 support_ok=1
[SQP] before_solve iter=2 vars=16 constraints=105 max_d=-1.0671e-06
[QP WORST] iter=2 row=5 type=collision d=-1.0671e-06
[QP WORST COLLISION] scenario=36 k=1 obstacle=0 disc=2
[SQP] after_solve iter=2 converged=1 status=0 iterations=5 primal_residual=2.74145e-08 dual_residual=9.36451e-05 x_size=16 x_finite=1
[SQP LINESEARCH] iter=2 current_violation=0 accepted_violation=0 accepted=1 alpha=1 delta_u_norm=0.279954
[SQP SUPPORT] iter=2 support_size=0 support_limit=-1 support_ok=1
[SQP] before_solve iter=3 vars=16 constraints=105 max_d=-1.78541e-07
[QP WORST] iter=3 row=5 type=collision d=-1.78541e-07
[QP WORST COLLISION] scenario=36 k=1 obstacle=0 disc=2
[SQP] after_solve iter=3 converged=1 status=0 iterations=5 primal_residual=1.98655e-08 dual_residual=9.7423e-05 x_size=16 x_finite=1
[SQP LINESEARCH] iter=3 current_violation=0 accepted_violation=0 accepted=1 alpha=1 delta_u_norm=0.219443
[SQP SUPPORT] iter=3 support_size=0 support_limit=-1 support_ok=1
[SQP] before_solve iter=4 vars=16 constraints=105 max_d=-1.19792e-07
[QP WORST] iter=4 row=5 type=collision d=-1.19792e-07
[QP WORST COLLISION] scenario=36 k=1 obstacle=0 disc=2
[SQP] after_solve iter=4 converged=1 status=0 iterations=6 primal_residual=3.4799e-10 dual_residual=6.73084e-06 x_size=16 x_finite=1
[SQP LINESEARCH] iter=4 current_violation=0 accepted_violation=0 accepted=1 alpha=0.5 delta_u_norm=0.180415
[SQP SUPPORT] iter=4 support_size=0 support_limit=-1 support_ok=1
[SQP] before_solve iter=5 vars=16 constraints=105 max_d=-3.60578e-06
[QP WORST] iter=5 row=65 type=collision d=-3.60578e-06
[QP WORST COLLISION] scenario=22 k=8 obstacle=0 disc=1
[SQP] after_solve iter=5 converged=1 status=0 iterations=6 primal_residual=4.33247e-16 dual_residual=8.48134e-06 x_size=16 x_finite=1
[SQP LINESEARCH] iter=5 current_violation=0 accepted_violation=0 accepted=1 alpha=0.5 delta_u_norm=0.165174
[SQP SUPPORT] iter=5 support_size=0 support_limit=-1 support_ok=1
[SQP] before_solve iter=6 vars=16 constraints=105 max_d=-1.72037e-06
[QP WORST] iter=6 row=65 type=collision d=-1.72037e-06
[QP WORST COLLISION] scenario=22 k=8 obstacle=0 disc=1
[SQP] after_solve iter=6 converged=1 status=0 iterations=6 primal_residual=4.02456e-16 dual_residual=1.01518e-05 x_size=16 x_finite=1
[SQP LINESEARCH] iter=6 current_violation=0 accepted_violation=0 accepted=1 alpha=0.5 delta_u_norm=0.150638
[SQP SUPPORT] iter=6 support_size=0 support_limit=-1 support_ok=1
[SQP] before_solve iter=7 vars=16 constraints=105 max_d=-9.85579e-07
[QP WORST] iter=7 row=65 type=collision d=-9.85579e-07
[QP WORST COLLISION] scenario=22 k=8 obstacle=0 disc=1
[SQP] after_solve iter=7 converged=1 status=0 iterations=6 primal_residual=3.81639e-16 dual_residual=6.93936e-06 x_size=16 x_finite=1
[SQP LINESEARCH] iter=7 current_violation=0 accepted_violation=0 accepted=1 alpha=1 delta_u_norm=0.137285
[SQP SUPPORT] iter=7 support_size=0 support_limit=-1 support_ok=1
[SQP] before_solve iter=8 vars=16 constraints=105 max_d=-5.54351e-07
[QP WORST] iter=8 row=65 type=collision d=-5.54351e-07
[QP WORST COLLISION] scenario=22 k=8 obstacle=0 disc=1
[SQP] after_solve iter=8 converged=1 status=0 iterations=6 primal_residual=4.15273e-11 dual_residual=6.26108e-06 x_size=16 x_finite=1
[SQP LINESEARCH] iter=8 current_violation=0 accepted_violation=0 accepted=1 alpha=0.5 delta_u_norm=0.116699
[SQP SUPPORT] iter=8 support_size=0 support_limit=-1 support_ok=1
[SQP] before_solve iter=9 vars=16 constraints=105 max_d=-1.12981e-06
[QP WORST] iter=9 row=65 type=collision d=-1.12981e-06
[QP WORST COLLISION] scenario=22 k=8 obstacle=0 disc=1
[SQP] after_solve iter=9 converged=1 status=0 iterations=6 primal_residual=1.12747e-10 dual_residual=7.0553e-06 x_size=16 x_finite=1
[SQP LINESEARCH] iter=9 current_violation=0 accepted_violation=0 accepted=1 alpha=0.5 delta_u_norm=0.109935
[SQP SUPPORT] iter=9 support_size=0 support_limit=-1 support_ok=1
[SQP FINAL] final_violation=0 violated_constraints=0
[SUPPORT FINAL] sqp_union=0 final_active=4 support_limit=-1
[SUPPORT FINAL IDS] 4 22 36 39
[SUPPORT UNION IDS]
[COLD START RECOVERY CHECK] ordinary_sqp_failed=0 seed_available=1 incompatible=0 try_homotopy=0
[HARNESS RESULT] step=14 success=1 controls=8 first_input_present=1
[MPC STEP METRICS] step=14 applied=1 success=1 fallback=0 a=-1.5652 omega=-0.0812763 dt=0.1 acceleration_weight=0.1 steering_weight=0.1 control_cost_unweighted=2.45644 control_cost_weighted=0.245644 mpc_cost=-14.9394 solve_time=0.0412556 qp_solve_time=0.0292899 constraint_time=0.00687304 dro_risk_time=0 ambiguity_radius=0 certificate=not_requested
[EVAL SAFETY] step=15 min_center_distance=0.956179 min_clearance=0.0061793 collision_this_step=0 collision_run=0 collision_radius=0.95
[RF BACKUP] available=1 controls=8 states=9
[FREE POLY] k=1 disc=0 raw=40 facets=2 vertices=5 rho=4.8 anchor_shift=0
[FREE POLY] k=1 disc=1 raw=40 facets=0 vertices=4 rho=0.800001 anchor_shift=0
[FREE POLY] k=1 disc=2 raw=40 facets=4 vertices=7 rho=4.8 anchor_shift=0
[FREE POLY] k=2 disc=0 raw=40 facets=3 vertices=6 rho=5.6 anchor_shift=0
[FREE POLY] k=2 disc=1 raw=40 facets=3 vertices=6 rho=1.6 anchor_shift=0
[FREE POLY] k=2 disc=2 raw=40 facets=6 vertices=9 rho=5.6 anchor_shift=0
[FREE POLY] k=3 disc=0 raw=40 facets=3 vertices=6 rho=6.4 anchor_shift=0
[FREE POLY] k=3 disc=1 raw=40 facets=3 vertices=6 rho=2.4 anchor_shift=0
[FREE POLY] k=3 disc=2 raw=40 facets=6 vertices=9 rho=6.4 anchor_shift=0
[FREE POLY] k=4 disc=0 raw=40 facets=4 vertices=7 rho=7.2 anchor_shift=0
[FREE POLY] k=4 disc=1 raw=40 facets=2 vertices=5 rho=3.2 anchor_shift=0
[FREE POLY] k=4 disc=2 raw=40 facets=6 vertices=9 rho=7.2 anchor_shift=0
[FREE POLY] k=5 disc=0 raw=40 facets=5 vertices=8 rho=8 anchor_shift=0
[FREE POLY] k=5 disc=1 raw=40 facets=4 vertices=7 rho=4 anchor_shift=0
[FREE POLY] k=5 disc=2 raw=40 facets=5 vertices=8 rho=8 anchor_shift=0
[FREE POLY] k=6 disc=0 raw=40 facets=5 vertices=8 rho=8.8 anchor_shift=0
[FREE POLY] k=6 disc=1 raw=40 facets=4 vertices=7 rho=4.8 anchor_shift=0
[FREE POLY] k=6 disc=2 raw=40 facets=4 vertices=7 rho=8.8 anchor_shift=0
[FREE POLY] k=7 disc=0 raw=40 facets=6 vertices=9 rho=9.6 anchor_shift=0
[FREE POLY] k=7 disc=1 raw=40 facets=5 vertices=8 rho=5.6 anchor_shift=0
[FREE POLY] k=7 disc=2 raw=40 facets=5 vertices=8 rho=9.6 anchor_shift=0
[FREE POLY] k=8 disc=0 raw=40 facets=5 vertices=8 rho=10.4 anchor_shift=0
[FREE POLY] k=8 disc=1 raw=40 facets=4 vertices=7 rho=6.4 anchor_shift=0
[FREE POLY] k=8 disc=2 raw=40 facets=5 vertices=8 rho=10.4 anchor_shift=0
[RF SUPPORT SEED] removed=0 support_limit=-1
[SQP] before_solve iter=0 vars=16 constraints=131 max_d=0.0535969
[QP WORST] iter=0 row=92 type=collision d=0.0535969
[QP WORST COLLISION] scenario=17 k=8 obstacle=0 disc=1
[SQP] after_solve iter=0 converged=1 status=0 iterations=5 primal_residual=1.1943e-07 dual_residual=6.40855e-05 x_size=16 x_finite=1
[SQP LINESEARCH] iter=0 current_violation=0.0535969 accepted_violation=0 accepted=1 alpha=1 delta_u_norm=0.631509
[SQP SUPPORT] iter=0 support_size=0 support_limit=-1 support_ok=1
[SQP] before_solve iter=1 vars=16 constraints=131 max_d=-1.80228e-06
[QP WORST] iter=1 row=2 type=collision d=-1.80228e-06
[QP WORST COLLISION] scenario=0 k=1 obstacle=0 disc=2
[SQP] after_solve iter=1 converged=1 status=0 iterations=6 primal_residual=2.189e-08 dual_residual=1.44166e-05 x_size=16 x_finite=1
[SQP LINESEARCH] iter=1 current_violation=0 accepted_violation=0 accepted=1 alpha=1 delta_u_norm=0.239565
[SQP SUPPORT] iter=1 support_size=0 support_limit=-1 support_ok=1
[SQP] before_solve iter=2 vars=16 constraints=131 max_d=-4.02426e-07
[QP WORST] iter=2 row=12 type=collision d=-4.02426e-07
[QP WORST COLLISION] scenario=0 k=2 obstacle=0 disc=2
[SQP] after_solve iter=2 converged=1 status=0 iterations=6 primal_residual=5.32951e-08 dual_residual=3.53334e-05 x_size=16 x_finite=1
[SQP LINESEARCH] iter=2 current_violation=0 accepted_violation=0 accepted=1 alpha=1 delta_u_norm=0.208629
[SQP SUPPORT] iter=2 support_size=0 support_limit=-1 support_ok=1
[SQP] before_solve iter=3 vars=16 constraints=131 max_d=-6.2797e-07
[QP WORST] iter=3 row=12 type=collision d=-6.2797e-07
[QP WORST COLLISION] scenario=0 k=2 obstacle=0 disc=2
[SQP] after_solve iter=3 converged=1 status=0 iterations=5 primal_residual=1.497e-07 dual_residual=9.93783e-05 x_size=16 x_finite=1
[SQP LINESEARCH] iter=3 current_violation=0 accepted_violation=0 accepted=1 alpha=1 delta_u_norm=0.157606
[SQP SUPPORT] iter=3 support_size=0 support_limit=-1 support_ok=1
[SQP] before_solve iter=4 vars=16 constraints=131 max_d=-1.73601e-05
[QP WORST] iter=4 row=92 type=collision d=-1.73601e-05
[QP WORST COLLISION] scenario=17 k=8 obstacle=0 disc=1
[SQP] after_solve iter=4 converged=1 status=0 iterations=6 primal_residual=2.14074e-08 dual_residual=1.41931e-05 x_size=16 x_finite=1
[SQP LINESEARCH] iter=4 current_violation=0 accepted_violation=0 accepted=1 alpha=1 delta_u_norm=0.141288
[SQP SUPPORT] iter=4 support_size=0 support_limit=-1 support_ok=1
[SQP] before_solve iter=5 vars=16 constraints=131 max_d=-4.82646e-07
[QP WORST] iter=5 row=12 type=collision d=-4.82646e-07
[QP WORST COLLISION] scenario=0 k=2 obstacle=0 disc=2
[SQP] after_solve iter=5 converged=1 status=0 iterations=6 primal_residual=2.26457e-08 dual_residual=1.50071e-05 x_size=16 x_finite=1
[SQP LINESEARCH] iter=5 current_violation=0 accepted_violation=0 accepted=1 alpha=1 delta_u_norm=0.132201
[SQP SUPPORT] iter=5 support_size=0 support_limit=-1 support_ok=1
[SQP] before_solve iter=6 vars=16 constraints=131 max_d=-4.6929e-07
[QP WORST] iter=6 row=12 type=collision d=-4.6929e-07
[QP WORST COLLISION] scenario=0 k=2 obstacle=0 disc=2
[SQP] after_solve iter=6 converged=1 status=0 iterations=6 primal_residual=2.15312e-08 dual_residual=1.42724e-05 x_size=16 x_finite=1
[SQP LINESEARCH] iter=6 current_violation=0 accepted_violation=0 accepted=1 alpha=1 delta_u_norm=0.125431
[SQP SUPPORT] iter=6 support_size=0 support_limit=-1 support_ok=1
[SQP] before_solve iter=7 vars=16 constraints=131 max_d=-4.76112e-07
[QP WORST] iter=7 row=12 type=collision d=-4.76112e-07
[QP WORST COLLISION] scenario=0 k=2 obstacle=0 disc=2
[SQP] after_solve iter=7 converged=1 status=0 iterations=6 primal_residual=2.01923e-08 dual_residual=1.33951e-05 x_size=16 x_finite=1
[SQP LINESEARCH] iter=7 current_violation=0 accepted_violation=0 accepted=1 alpha=1 delta_u_norm=0.119686
[SQP SUPPORT] iter=7 support_size=0 support_limit=-1 support_ok=1
[SQP] before_solve iter=8 vars=16 constraints=131 max_d=-4.80818e-07
[QP WORST] iter=8 row=12 type=collision d=-4.80818e-07
[QP WORST COLLISION] scenario=0 k=2 obstacle=0 disc=2
[SQP] after_solve iter=8 converged=1 status=0 iterations=6 primal_residual=1.84491e-08 dual_residual=1.22515e-05 x_size=16 x_finite=1
[SQP LINESEARCH] iter=8 current_violation=0 accepted_violation=0 accepted=1 alpha=1 delta_u_norm=0.113878
[SQP SUPPORT] iter=8 support_size=0 support_limit=-1 support_ok=1
[SQP] before_solve iter=9 vars=16 constraints=131 max_d=-4.83066e-07
[QP WORST] iter=9 row=12 type=collision d=-4.83066e-07
[QP WORST COLLISION] scenario=0 k=2 obstacle=0 disc=2
[SQP] after_solve iter=9 converged=1 status=0 iterations=6 primal_residual=1.63371e-08 dual_residual=1.11856e-05 x_size=16 x_finite=1
[SQP LINESEARCH] iter=9 current_violation=0 accepted_violation=0 accepted=1 alpha=1 delta_u_norm=0.0862545
[SQP SUPPORT] iter=9 support_size=0 support_limit=-1 support_ok=1
[SQP FINAL] final_violation=0 violated_constraints=0
[SUPPORT FINAL] sqp_union=0 final_active=5 support_limit=-1
[SUPPORT FINAL IDS] 0 4 15 17 24
[SUPPORT UNION IDS]
[COLD START RECOVERY CHECK] ordinary_sqp_failed=0 seed_available=1 incompatible=0 try_homotopy=0
[HARNESS RESULT] step=15 success=1 controls=8 first_input_present=1
[MPC STEP METRICS] step=15 applied=1 success=1 fallback=0 a=-1.01718 omega=0.105961 dt=0.1 acceleration_weight=0.1 steering_weight=0.1 control_cost_unweighted=1.04588 control_cost_weighted=0.104588 mpc_cost=-14.6567 solve_time=0.0392576 qp_solve_time=0.0265853 constraint_time=0.00746863 dro_risk_time=0 ambiguity_radius=0 certificate=not_requested
[EVAL SAFETY] step=16 min_center_distance=0.954682 min_clearance=0.00468184 collision_this_step=0 collision_run=0 collision_radius=0.95
[RF BACKUP] available=1 controls=8 states=9
[FREE POLY] k=1 disc=0 raw=40 facets=2 vertices=5 rho=4.8 anchor_shift=0
[FREE POLY] k=1 disc=1 raw=40 facets=1 vertices=5 rho=0.800001 anchor_shift=0
[FREE POLY] k=1 disc=2 raw=40 facets=5 vertices=8 rho=4.8 anchor_shift=0
[FREE POLY] k=2 disc=0 raw=40 facets=3 vertices=6 rho=5.6 anchor_shift=0
[FREE POLY] k=2 disc=1 raw=40 facets=2 vertices=5 rho=1.6 anchor_shift=0
[FREE POLY] k=2 disc=2 raw=40 facets=4 vertices=7 rho=5.6 anchor_shift=0
[FREE POLY] k=3 disc=0 raw=40 facets=4 vertices=7 rho=6.4 anchor_shift=0
[FREE POLY] k=3 disc=1 raw=40 facets=3 vertices=6 rho=2.4 anchor_shift=0
[FREE POLY] k=3 disc=2 raw=40 facets=3 vertices=6 rho=6.4 anchor_shift=0
[FREE POLY] k=4 disc=0 raw=40 facets=5 vertices=8 rho=7.2 anchor_shift=0
[FREE POLY] k=4 disc=1 raw=40 facets=4 vertices=7 rho=3.2 anchor_shift=0
[FREE POLY] k=4 disc=2 raw=40 facets=4 vertices=7 rho=7.2 anchor_shift=0
[FREE POLY] k=5 disc=0 raw=40 facets=5 vertices=8 rho=8 anchor_shift=0
[FREE POLY] k=5 disc=1 raw=40 facets=5 vertices=8 rho=4 anchor_shift=0
[FREE POLY] k=5 disc=2 raw=40 facets=4 vertices=7 rho=8 anchor_shift=0
[FREE POLY] k=6 disc=0 raw=40 facets=5 vertices=8 rho=8.8 anchor_shift=0
[FREE POLY] k=6 disc=1 raw=40 facets=4 vertices=7 rho=4.8 anchor_shift=0
[FREE POLY] k=6 disc=2 raw=40 facets=3 vertices=6 rho=8.8 anchor_shift=0
[FREE POLY] k=7 disc=0 raw=40 facets=5 vertices=8 rho=9.6 anchor_shift=0
[FREE POLY] k=7 disc=1 raw=40 facets=4 vertices=7 rho=5.6 anchor_shift=0
[FREE POLY] k=7 disc=2 raw=40 facets=3 vertices=6 rho=9.6 anchor_shift=0
[FREE POLY] k=8 disc=0 raw=40 facets=5 vertices=8 rho=10.4 anchor_shift=0
[FREE POLY] k=8 disc=1 raw=40 facets=4 vertices=6 rho=6.4 anchor_shift=0
[FREE POLY] k=8 disc=2 raw=40 facets=3 vertices=6 rho=10.4 anchor_shift=0
[RF SUPPORT SEED] removed=0 support_limit=-1
[SQP] before_solve iter=0 vars=16 constraints=122 max_d=0.127819
[QP WORST] iter=0 row=84 type=collision d=0.127819
[QP WORST COLLISION] scenario=7 k=8 obstacle=0 disc=1
[SQP] after_solve iter=0 converged=1 status=0 iterations=5 primal_residual=6.9444e-09 dual_residual=8.99877e-05 x_size=16 x_finite=1
[SQP LINESEARCH] iter=0 current_violation=0.127819 accepted_violation=0 accepted=1 alpha=1 delta_u_norm=0.894186
[SQP SUPPORT] iter=0 support_size=0 support_limit=-1 support_ok=1
[SQP] before_solve iter=1 vars=16 constraints=122 max_d=-0.00202361
[QP WORST] iter=1 row=84 type=collision d=-0.00202361
[QP WORST COLLISION] scenario=7 k=8 obstacle=0 disc=1
[SQP] after_solve iter=1 converged=1 status=0 iterations=5 primal_residual=7.99191e-08 dual_residual=9.58949e-05 x_size=16 x_finite=1
[SQP LINESEARCH] iter=1 current_violation=0 accepted_violation=0 accepted=1 alpha=1 delta_u_norm=0.356087
[SQP SUPPORT] iter=1 support_size=0 support_limit=-1 support_ok=1
[SQP] before_solve iter=2 vars=16 constraints=122 max_d=-0.000109642
[QP WORST] iter=2 row=84 type=collision d=-0.000109642
[QP WORST COLLISION] scenario=7 k=8 obstacle=0 disc=1
[SQP] after_solve iter=2 converged=1 status=0 iterations=5 primal_residual=1.872e-07 dual_residual=7.51239e-05 x_size=16 x_finite=1
[SQP LINESEARCH] iter=2 current_violation=0 accepted_violation=0 accepted=1 alpha=1 delta_u_norm=0.256287
[SQP SUPPORT] iter=2 support_size=0 support_limit=-1 support_ok=1
[SQP] before_solve iter=3 vars=16 constraints=122 max_d=-8.85432e-07
[QP WORST] iter=3 row=3 type=collision d=-8.85432e-07
[QP WORST COLLISION] scenario=1 k=1 obstacle=0 disc=2
[SQP] after_solve iter=3 converged=1 status=0 iterations=6 primal_residual=4.4062e-16 dual_residual=6.29401e-06 x_size=16 x_finite=1
[SQP LINESEARCH] iter=3 current_violation=0 accepted_violation=0 accepted=1 alpha=1 delta_u_norm=0.221535
[SQP SUPPORT] iter=3 support_size=0 support_limit=-1 support_ok=1
[SQP] before_solve iter=4 vars=16 constraints=122 max_d=-6.63969e-06
[QP WORST] iter=4 row=84 type=collision d=-6.63969e-06
[QP WORST COLLISION] scenario=7 k=8 obstacle=0 disc=1
[SQP] after_solve iter=4 converged=1 status=0 iterations=5 primal_residual=2.72591e-07 dual_residual=9.9622e-05 x_size=16 x_finite=1
[SQP LINESEARCH] iter=4 current_violation=0 accepted_violation=0 accepted=1 alpha=1 delta_u_norm=0.163725
[SQP SUPPORT] iter=4 support_size=0 support_limit=-1 support_ok=1
[SQP] before_solve iter=5 vars=16 constraints=122 max_d=-1.40771e-06
[QP WORST] iter=5 row=3 type=collision d=-1.40771e-06
[QP WORST COLLISION] scenario=1 k=1 obstacle=0 disc=2
[SQP] after_solve iter=5 converged=1 status=0 iterations=5 primal_residual=1.79031e-07 dual_residual=6.78481e-05 x_size=16 x_finite=1
[SQP LINESEARCH] iter=5 current_violation=0 accepted_violation=0 accepted=1 alpha=1 delta_u_norm=0.113302
[SQP SUPPORT] iter=5 support_size=0 support_limit=-1 support_ok=1
[SQP] before_solve iter=6 vars=16 constraints=122 max_d=-7.59575e-07
[QP WORST] iter=6 row=3 type=collision d=-7.59575e-07
[QP WORST COLLISION] scenario=1 k=1 obstacle=0 disc=2
[SQP] after_solve iter=6 converged=1 status=0 iterations=5 primal_residual=1.77669e-07 dual_residual=7.00018e-05 x_size=16 x_finite=1
[SQP LINESEARCH] iter=6 current_violation=0 accepted_violation=0 accepted=1 alpha=1 delta_u_norm=0.10004
[SQP SUPPORT] iter=6 support_size=0 support_limit=-1 support_ok=1
[SQP] before_solve iter=7 vars=16 constraints=122 max_d=-8.97827e-07
[QP WORST] iter=7 row=3 type=collision d=-8.97827e-07
[QP WORST COLLISION] scenario=1 k=1 obstacle=0 disc=2
[SQP] after_solve iter=7 converged=1 status=0 iterations=5 primal_residual=1.92641e-07 dual_residual=8.04434e-05 x_size=16 x_finite=1
[SQP LINESEARCH] iter=7 current_violation=0 accepted_violation=0 accepted=1 alpha=1 delta_u_norm=0.0735763
[SQP SUPPORT] iter=7 support_size=0 support_limit=-1 support_ok=1
[SQP] before_solve iter=8 vars=16 constraints=122 max_d=-1.04645e-06
[QP WORST] iter=8 row=3 type=collision d=-1.04645e-06
[QP WORST COLLISION] scenario=1 k=1 obstacle=0 disc=2
[SQP] after_solve iter=8 converged=1 status=0 iterations=5 primal_residual=1.84401e-07 dual_residual=8.39768e-05 x_size=16 x_finite=1
[SQP LINESEARCH] iter=8 current_violation=0 accepted_violation=0 accepted=1 alpha=1 delta_u_norm=0.0564671
[SQP SUPPORT] iter=8 support_size=0 support_limit=-1 support_ok=1
[SQP] before_solve iter=9 vars=16 constraints=122 max_d=-1.00085e-06
[QP WORST] iter=9 row=3 type=collision d=-1.00085e-06
[QP WORST COLLISION] scenario=1 k=1 obstacle=0 disc=2
[SQP] after_solve iter=9 converged=1 status=0 iterations=5 primal_residual=1.95389e-07 dual_residual=8.948e-05 x_size=16 x_finite=1
[SQP LINESEARCH] iter=9 current_violation=0 accepted_violation=0 accepted=1 alpha=1 delta_u_norm=0.0519667
[SQP SUPPORT] iter=9 support_size=0 support_limit=-1 support_ok=1
[SQP FINAL] final_violation=0 violated_constraints=0
[SUPPORT FINAL] sqp_union=0 final_active=3 support_limit=-1
[SUPPORT FINAL IDS] 1 7 29
[SUPPORT UNION IDS]
[COLD START RECOVERY CHECK] ordinary_sqp_failed=0 seed_available=1 incompatible=0 try_homotopy=0
[HARNESS RESULT] step=16 success=1 controls=8 first_input_present=1
[MPC STEP METRICS] step=16 applied=1 success=1 fallback=0 a=-0.83584 omega=0.233734 dt=0.1 acceleration_weight=0.1 steering_weight=0.1 control_cost_unweighted=0.753261 control_cost_weighted=0.0753261 mpc_cost=-13.2393 solve_time=0.0390271 qp_solve_time=0.0264682 constraint_time=0.00748099 dro_risk_time=0 ambiguity_radius=0 certificate=not_requested
[EVAL SAFETY] step=17 min_center_distance=0.954363 min_clearance=0.00436259 collision_this_step=0 collision_run=0 collision_radius=0.95
[RF BACKUP] available=1 controls=8 states=9
[FREE POLY] k=1 disc=0 raw=40 facets=2 vertices=5 rho=4.8 anchor_shift=0
[FREE POLY] k=1 disc=1 raw=40 facets=1 vertices=5 rho=0.800001 anchor_shift=0
[FREE POLY] k=1 disc=2 raw=40 facets=5 vertices=8 rho=4.8 anchor_shift=0
[FREE POLY] k=2 disc=0 raw=40 facets=3 vertices=6 rho=5.6 anchor_shift=0
[FREE POLY] k=2 disc=1 raw=40 facets=2 vertices=5 rho=1.6 anchor_shift=0
[FREE POLY] k=2 disc=2 raw=40 facets=4 vertices=7 rho=5.6 anchor_shift=0
[FREE POLY] k=3 disc=0 raw=40 facets=5 vertices=8 rho=6.4 anchor_shift=0
[FREE POLY] k=3 disc=1 raw=40 facets=5 vertices=8 rho=2.4 anchor_shift=0
[FREE POLY] k=3 disc=2 raw=40 facets=4 vertices=7 rho=6.4 anchor_shift=0
[FREE POLY] k=4 disc=0 raw=40 facets=6 vertices=9 rho=7.2 anchor_shift=0
[FREE POLY] k=4 disc=1 raw=40 facets=6 vertices=9 rho=3.2 anchor_shift=0
[FREE POLY] k=4 disc=2 raw=40 facets=4 vertices=7 rho=7.2 anchor_shift=0
[FREE POLY] k=5 disc=0 raw=40 facets=3 vertices=6 rho=8 anchor_shift=0
[FREE POLY] k=5 disc=1 raw=40 facets=5 vertices=8 rho=4 anchor_shift=0
[FREE POLY] k=5 disc=2 raw=40 facets=4 vertices=7 rho=8 anchor_shift=0
[FREE POLY] k=6 disc=0 raw=40 facets=3 vertices=6 rho=8.8 anchor_shift=0
[FREE POLY] k=6 disc=1 raw=40 facets=5 vertices=8 rho=4.8 anchor_shift=0
[FREE POLY] k=6 disc=2 raw=40 facets=5 vertices=8 rho=8.8 anchor_shift=0
[FREE POLY] k=7 disc=0 raw=40 facets=5 vertices=8 rho=9.6 anchor_shift=0
[FREE POLY] k=7 disc=1 raw=40 facets=5 vertices=7 rho=5.6 anchor_shift=0
[FREE POLY] k=7 disc=2 raw=40 facets=6 vertices=9 rho=9.6 anchor_shift=0
[FREE POLY] k=8 disc=0 raw=40 facets=4 vertices=7 rho=10.4 anchor_shift=0
[FREE POLY] k=8 disc=1 raw=40 facets=5 vertices=7 rho=6.4 anchor_shift=0
[FREE POLY] k=8 disc=2 raw=40 facets=4 vertices=7 rho=10.4 anchor_shift=0
[RF SUPPORT SEED] removed=0 support_limit=-1
[SQP] before_solve iter=0 vars=16 constraints=133 max_d=0.0696381
[QP WORST] iter=0 row=96 type=collision d=0.0696381
[QP WORST COLLISION] scenario=39 k=8 obstacle=0 disc=1
[SQP] after_solve iter=0 converged=1 status=0 iterations=5 primal_residual=4.30211e-16 dual_residual=2.01335e-05 x_size=16 x_finite=1
[SQP LINESEARCH] iter=0 current_violation=0.0696381 accepted_violation=0 accepted=1 alpha=1 delta_u_norm=0.665394
[SQP SUPPORT] iter=0 support_size=0 support_limit=-1 support_ok=1
[SQP] before_solve iter=1 vars=16 constraints=133 max_d=-0.00389721
[QP WORST] iter=1 row=96 type=collision d=-0.00389721
[QP WORST COLLISION] scenario=39 k=8 obstacle=0 disc=1
[SQP] after_solve iter=1 converged=1 status=0 iterations=5 primal_residual=2.40783e-09 dual_residual=1.78078e-05 x_size=16 x_finite=1
[SQP LINESEARCH] iter=1 current_violation=0 accepted_violation=0 accepted=1 alpha=1 delta_u_norm=0.374928
[SQP SUPPORT] iter=1 support_size=0 support_limit=-1 support_ok=1
[SQP] before_solve iter=2 vars=16 constraints=133 max_d=-6.09956e-05
[QP WORST] iter=2 row=96 type=collision d=-6.09956e-05
[QP WORST COLLISION] scenario=39 k=8 obstacle=0 disc=1
[SQP] after_solve iter=2 converged=1 status=0 iterations=5 primal_residual=1.72235e-09 dual_residual=2.5182e-05 x_size=16 x_finite=1
[SQP LINESEARCH] iter=2 current_violation=0 accepted_violation=0 accepted=1 alpha=1 delta_u_norm=0.309983
[SQP SUPPORT] iter=2 support_size=0 support_limit=-1 support_ok=1
[SQP] before_solve iter=3 vars=16 constraints=133 max_d=-2.65915e-05
[QP WORST] iter=3 row=96 type=collision d=-2.65915e-05
[QP WORST COLLISION] scenario=39 k=8 obstacle=0 disc=1
[SQP] after_solve iter=3 converged=1 status=0 iterations=5 primal_residual=9.32736e-09 dual_residual=5.99227e-05 x_size=16 x_finite=1
[SQP LINESEARCH] iter=3 current_violation=0 accepted_violation=0 accepted=1 alpha=1 delta_u_norm=0.266302
[SQP SUPPORT] iter=3 support_size=0 support_limit=-1 support_ok=1
[SQP] before_solve iter=4 vars=16 constraints=133 max_d=-1.59391e-05
[QP WORST] iter=4 row=96 type=collision d=-1.59391e-05
[QP WORST COLLISION] scenario=39 k=8 obstacle=0 disc=1
[SQP] after_solve iter=4 converged=1 status=0 iterations=5 primal_residual=4.15466e-16 dual_residual=5.22148e-05 x_size=16 x_finite=1
[SQP LINESEARCH] iter=4 current_violation=0 accepted_violation=0 accepted=1 alpha=1 delta_u_norm=0.174765
[SQP SUPPORT] iter=4 support_size=0 support_limit=-1 support_ok=1
[SQP] before_solve iter=5 vars=16 constraints=133 max_d=-1.14592e-05
[QP WORST] iter=5 row=96 type=collision d=-1.14592e-05
[QP WORST COLLISION] scenario=39 k=8 obstacle=0 disc=1
[SQP] after_solve iter=5 converged=1 status=0 iterations=5 primal_residual=4.30211e-16 dual_residual=2.42434e-05 x_size=16 x_finite=1
[SQP LINESEARCH] iter=5 current_violation=0 accepted_violation=0 accepted=1 alpha=1 delta_u_norm=0.153992
[SQP SUPPORT] iter=5 support_size=0 support_limit=-1 support_ok=1
[SQP] before_solve iter=6 vars=16 constraints=133 max_d=-7.97383e-06
[QP WORST] iter=6 row=96 type=collision d=-7.97383e-06
[QP WORST COLLISION] scenario=39 k=8 obstacle=0 disc=1
[SQP] after_solve iter=6 converged=1 status=0 iterations=5 primal_residual=6.48963e-09 dual_residual=2.74433e-05 x_size=16 x_finite=1
[SQP LINESEARCH] iter=6 current_violation=0 accepted_violation=0 accepted=1 alpha=1 delta_u_norm=0.117247
[SQP SUPPORT] iter=6 support_size=0 support_limit=-1 support_ok=1
[SQP] before_solve iter=7 vars=16 constraints=133 max_d=-4.06405e-06
[QP WORST] iter=7 row=96 type=collision d=-4.06405e-06
[QP WORST COLLISION] scenario=39 k=8 obstacle=0 disc=1
[SQP] after_solve iter=7 converged=1 status=0 iterations=6 primal_residual=4.40945e-16 dual_residual=6.7574e-07 x_size=16 x_finite=1
[SQP LINESEARCH] iter=7 current_violation=0 accepted_violation=0 accepted=1 alpha=1 delta_u_norm=0.0758038
[SQP SUPPORT] iter=7 support_size=0 support_limit=-1 support_ok=1
[SQP] before_solve iter=8 vars=16 constraints=133 max_d=-2.44106e-07
[QP WORST] iter=8 row=96 type=collision d=-2.44106e-07
[QP WORST COLLISION] scenario=39 k=8 obstacle=0 disc=1
[SQP] after_solve iter=8 converged=1 status=0 iterations=6 primal_residual=3.51973e-16 dual_residual=7.79989e-07 x_size=16 x_finite=1
[SQP LINESEARCH] iter=8 current_violation=0 accepted_violation=0 accepted=1 alpha=1 delta_u_norm=0.0716206
[SQP SUPPORT] iter=8 support_size=0 support_limit=-1 support_ok=1
[SQP] before_solve iter=9 vars=16 constraints=133 max_d=-1.00059e-07
[QP WORST] iter=9 row=96 type=collision d=-1.00059e-07
[QP WORST COLLISION] scenario=39 k=8 obstacle=0 disc=1
[SQP] after_solve iter=9 converged=1 status=0 iterations=6 primal_residual=3.94772e-16 dual_residual=7.85564e-07 x_size=16 x_finite=1
[SQP LINESEARCH] iter=9 current_violation=0 accepted_violation=0 accepted=1 alpha=1 delta_u_norm=0.0680065
[SQP SUPPORT] iter=9 support_size=0 support_limit=-1 support_ok=1
[SQP FINAL] final_violation=0 violated_constraints=0
[SUPPORT FINAL] sqp_union=0 final_active=2 support_limit=-1
[SUPPORT FINAL IDS] 28 39
[SUPPORT UNION IDS]
[COLD START RECOVERY CHECK] ordinary_sqp_failed=0 seed_available=1 incompatible=0 try_homotopy=0
[HARNESS RESULT] step=17 success=1 controls=8 first_input_present=1
[MPC STEP METRICS] step=17 applied=1 success=1 fallback=0 a=0.308168 omega=0.362636 dt=0.1 acceleration_weight=0.1 steering_weight=0.1 control_cost_unweighted=0.226472 control_cost_weighted=0.0226472 mpc_cost=-12.1082 solve_time=0.03998 qp_solve_time=0.0270265 constraint_time=0.00774171 dro_risk_time=0 ambiguity_radius=0 certificate=not_requested
[EVAL SAFETY] step=18 min_center_distance=0.954942 min_clearance=0.00494194 collision_this_step=0 collision_run=0 collision_radius=0.95
[RF BACKUP] available=1 controls=8 states=9
[FREE POLY] k=1 disc=0 raw=40 facets=3 vertices=6 rho=4.8 anchor_shift=0
[FREE POLY] k=1 disc=1 raw=40 facets=2 vertices=6 rho=0.800001 anchor_shift=0
[FREE POLY] k=1 disc=2 raw=40 facets=3 vertices=6 rho=4.8 anchor_shift=0
[FREE POLY] k=2 disc=0 raw=40 facets=4 vertices=7 rho=5.6 anchor_shift=0
[FREE POLY] k=2 disc=1 raw=40 facets=4 vertices=7 rho=1.6 anchor_shift=0
[FREE POLY] k=2 disc=2 raw=40 facets=5 vertices=8 rho=5.6 anchor_shift=0
[FREE POLY] k=3 disc=0 raw=40 facets=4 vertices=7 rho=6.4 anchor_shift=0
[FREE POLY] k=3 disc=1 raw=40 facets=5 vertices=8 rho=2.4 anchor_shift=0
[FREE POLY] k=3 disc=2 raw=40 facets=5 vertices=8 rho=6.4 anchor_shift=0
[FREE POLY] k=4 disc=0 raw=40 facets=4 vertices=7 rho=7.2 anchor_shift=0
[FREE POLY] k=4 disc=1 raw=40 facets=5 vertices=8 rho=3.2 anchor_shift=0
[FREE POLY] k=4 disc=2 raw=40 facets=5 vertices=8 rho=7.2 anchor_shift=0
[FREE POLY] k=5 disc=0 raw=40 facets=5 vertices=8 rho=8 anchor_shift=0
[FREE POLY] k=5 disc=1 raw=40 facets=4 vertices=7 rho=4 anchor_shift=0
[FREE POLY] k=5 disc=2 raw=40 facets=3 vertices=6 rho=8 anchor_shift=0
[FREE POLY] k=6 disc=0 raw=40 facets=4 vertices=7 rho=8.8 anchor_shift=0
[FREE POLY] k=6 disc=1 raw=40 facets=3 vertices=5 rho=4.8 anchor_shift=0
[FREE POLY] k=6 disc=2 raw=40 facets=3 vertices=6 rho=8.8 anchor_shift=0
[FREE POLY] k=7 disc=0 raw=40 facets=3 vertices=6 rho=9.6 anchor_shift=0
[FREE POLY] k=7 disc=1 raw=40 facets=3 vertices=6 rho=5.6 anchor_shift=0
[FREE POLY] k=7 disc=2 raw=40 facets=4 vertices=7 rho=9.6 anchor_shift=0
[FREE POLY] k=8 disc=0 raw=40 facets=3 vertices=6 rho=10.4 anchor_shift=0
[FREE POLY] k=8 disc=1 raw=40 facets=3 vertices=6 rho=6.4 anchor_shift=0
[FREE POLY] k=8 disc=2 raw=40 facets=5 vertices=8 rho=10.4 anchor_shift=0
[RF SUPPORT SEED] removed=0 support_limit=-1
[SQP] before_solve iter=0 vars=16 constraints=124 max_d=0.0480689
[QP WORST] iter=0 row=85 type=collision d=0.0480689
[QP WORST COLLISION] scenario=22 k=8 obstacle=0 disc=1
[SQP] after_solve iter=0 converged=1 status=0 iterations=5 primal_residual=4.4062e-16 dual_residual=2.31198e-07 x_size=16 x_finite=1
[SQP LINESEARCH] iter=0 current_violation=0.0480689 accepted_violation=0 accepted=1 alpha=1 delta_u_norm=0.590838
[SQP SUPPORT] iter=0 support_size=0 support_limit=-1 support_ok=1
[SQP] before_solve iter=1 vars=16 constraints=124 max_d=-0.00134304
[QP WORST] iter=1 row=85 type=collision d=-0.00134304
[QP WORST COLLISION] scenario=22 k=8 obstacle=0 disc=1
[SQP] after_solve iter=1 converged=1 status=0 iterations=5 primal_residual=4.16334e-16 dual_residual=8.58826e-06 x_size=16 x_finite=1
[SQP LINESEARCH] iter=1 current_violation=0 accepted_violation=0 accepted=1 alpha=1 delta_u_norm=0.394855
[SQP SUPPORT] iter=1 support_size=0 support_limit=-1 support_ok=1
[SQP] before_solve iter=2 vars=16 constraints=124 max_d=-4.60005e-05
[QP WORST] iter=2 row=85 type=collision d=-4.60005e-05
[QP WORST COLLISION] scenario=22 k=8 obstacle=0 disc=1
[SQP] after_solve iter=2 converged=1 status=0 iterations=5 primal_residual=4.14599e-16 dual_residual=8.13747e-06 x_size=16 x_finite=1
[SQP LINESEARCH] iter=2 current_violation=0 accepted_violation=0 accepted=1 alpha=1 delta_u_norm=0.366804
[SQP SUPPORT] iter=2 support_size=0 support_limit=-1 support_ok=1
[SQP] before_solve iter=3 vars=16 constraints=124 max_d=-2.542e-05
[QP WORST] iter=3 row=85 type=collision d=-2.542e-05
[QP WORST COLLISION] scenario=22 k=8 obstacle=0 disc=1
[SQP] after_solve iter=3 converged=1 status=0 iterations=5 primal_residual=3.93782e-16 dual_residual=9.48412e-06 x_size=16 x_finite=1
[SQP LINESEARCH] iter=3 current_violation=0 accepted_violation=0 accepted=1 alpha=1 delta_u_norm=0.238175
[SQP SUPPORT] iter=3 support_size=0 support_limit=-1 support_ok=1
[SQP] before_solve iter=4 vars=16 constraints=124 max_d=-1.5e-05
[QP WORST] iter=4 row=85 type=collision d=-1.5e-05
[QP WORST COLLISION] scenario=22 k=8 obstacle=0 disc=1
[SQP] after_solve iter=4 converged=1 status=0 iterations=5 primal_residual=4.4062e-16 dual_residual=1.43693e-05 x_size=16 x_finite=1
[SQP LINESEARCH] iter=4 current_violation=0 accepted_violation=0 accepted=1 alpha=1 delta_u_norm=0.18774
[SQP SUPPORT] iter=4 support_size=0 support_limit=-1 support_ok=1
[SQP] before_solve iter=5 vars=16 constraints=124 max_d=-9.13309e-06
[QP WORST] iter=5 row=85 type=collision d=-9.13309e-06
[QP WORST COLLISION] scenario=22 k=8 obstacle=0 disc=1
[SQP] after_solve iter=5 converged=1 status=0 iterations=5 primal_residual=3.89771e-16 dual_residual=1.93843e-06 x_size=16 x_finite=1
[SQP LINESEARCH] iter=5 current_violation=0 accepted_violation=0 accepted=1 alpha=1 delta_u_norm=0.102178
[SQP SUPPORT] iter=5 support_size=0 support_limit=-1 support_ok=1
[SQP] before_solve iter=6 vars=16 constraints=124 max_d=-1.23549e-06
[QP WORST] iter=6 row=85 type=collision d=-1.23549e-06
[QP WORST COLLISION] scenario=22 k=8 obstacle=0 disc=1
[SQP] after_solve iter=6 converged=1 status=0 iterations=5 primal_residual=4.30211e-16 dual_residual=1.12344e-06 x_size=16 x_finite=1
[SQP LINESEARCH] iter=6 current_violation=0 accepted_violation=0 accepted=1 alpha=1 delta_u_norm=0.0951583
[SQP SUPPORT] iter=6 support_size=0 support_limit=-1 support_ok=1
[SQP] before_solve iter=7 vars=16 constraints=124 max_d=-2.53548e-07
[QP WORST] iter=7 row=85 type=collision d=-2.53548e-07
[QP WORST COLLISION] scenario=22 k=8 obstacle=0 disc=1
[SQP] after_solve iter=7 converged=1 status=0 iterations=5 primal_residual=4.36608e-16 dual_residual=9.74718e-07 x_size=16 x_finite=1
[SQP LINESEARCH] iter=7 current_violation=0 accepted_violation=0 accepted=1 alpha=1 delta_u_norm=0.0902088
[SQP SUPPORT] iter=7 support_size=0 support_limit=-1 support_ok=1
[SQP] before_solve iter=8 vars=16 constraints=124 max_d=-1.84088e-07
[QP WORST] iter=8 row=85 type=collision d=-1.84088e-07
[QP WORST COLLISION] scenario=22 k=8 obstacle=0 disc=1
[SQP] after_solve iter=8 converged=1 status=0 iterations=4 primal_residual=4.16334e-16 dual_residual=9.87807e-05 x_size=16 x_finite=1
[SQP LINESEARCH] iter=8 current_violation=0 accepted_violation=0 accepted=1 alpha=1 delta_u_norm=0.0869132
[SQP SUPPORT] iter=8 support_size=0 support_limit=-1 support_ok=1
[SQP] before_solve iter=9 vars=16 constraints=124 max_d=-1.20585e-07
[QP WORST] iter=9 row=85 type=collision d=-1.20585e-07
[QP WORST COLLISION] scenario=22 k=8 obstacle=0 disc=1
[SQP] after_solve iter=9 converged=1 status=0 iterations=5 primal_residual=4.30211e-16 dual_residual=2.3704e-06 x_size=16 x_finite=1
[SQP LINESEARCH] iter=9 current_violation=0 accepted_violation=0 accepted=1 alpha=1 delta_u_norm=0.0828826
[SQP SUPPORT] iter=9 support_size=0 support_limit=-1 support_ok=1
[SQP FINAL] final_violation=0 violated_constraints=0
[SUPPORT FINAL] sqp_union=0 final_active=1 support_limit=-1
[SUPPORT FINAL IDS] 22
[SUPPORT UNION IDS]
[COLD START RECOVERY CHECK] ordinary_sqp_failed=0 seed_available=1 incompatible=0 try_homotopy=0
[HARNESS RESULT] step=18 success=1 controls=8 first_input_present=1
[MPC STEP METRICS] step=18 applied=1 success=1 fallback=0 a=0.514277 omega=0.383133 dt=0.1 acceleration_weight=0.1 steering_weight=0.1 control_cost_unweighted=0.411272 control_cost_weighted=0.0411272 mpc_cost=-10.7178 solve_time=0.0393544 qp_solve_time=0.026597 constraint_time=0.00752248 dro_risk_time=0 ambiguity_radius=0 certificate=not_requested
[EVAL SAFETY] step=19 min_center_distance=0.980932 min_clearance=0.030932 collision_this_step=0 collision_run=0 collision_radius=0.95
[RF BACKUP] available=1 controls=8 states=9
[FREE POLY] k=1 disc=0 raw=40 facets=2 vertices=5 rho=4.8 anchor_shift=0
[FREE POLY] k=1 disc=1 raw=40 facets=1 vertices=5 rho=0.800001 anchor_shift=0
[FREE POLY] k=1 disc=2 raw=40 facets=5 vertices=8 rho=4.8 anchor_shift=0
[FREE POLY] k=2 disc=0 raw=40 facets=3 vertices=6 rho=5.6 anchor_shift=0
[FREE POLY] k=2 disc=1 raw=40 facets=2 vertices=5 rho=1.6 anchor_shift=0
[FREE POLY] k=2 disc=2 raw=40 facets=5 vertices=8 rho=5.6 anchor_shift=0
[FREE POLY] k=3 disc=0 raw=40 facets=4 vertices=7 rho=6.4 anchor_shift=0
[FREE POLY] k=3 disc=1 raw=40 facets=4 vertices=7 rho=2.4 anchor_shift=0
[FREE POLY] k=3 disc=2 raw=40 facets=5 vertices=8 rho=6.4 anchor_shift=0
[FREE POLY] k=4 disc=0 raw=40 facets=3 vertices=6 rho=7.2 anchor_shift=0
[FREE POLY] k=4 disc=1 raw=40 facets=3 vertices=6 rho=3.2 anchor_shift=0
[FREE POLY] k=4 disc=2 raw=40 facets=5 vertices=8 rho=7.2 anchor_shift=0
[FREE POLY] k=5 disc=0 raw=40 facets=3 vertices=6 rho=8 anchor_shift=0
[FREE POLY] k=5 disc=1 raw=40 facets=3 vertices=6 rho=4 anchor_shift=0
[FREE POLY] k=5 disc=2 raw=40 facets=5 vertices=8 rho=8 anchor_shift=0
[FREE POLY] k=6 disc=0 raw=40 facets=3 vertices=6 rho=8.8 anchor_shift=0
[FREE POLY] k=6 disc=1 raw=40 facets=3 vertices=6 rho=4.8 anchor_shift=0
[FREE POLY] k=6 disc=2 raw=40 facets=4 vertices=7 rho=8.8 anchor_shift=0
[FREE POLY] k=7 disc=0 raw=40 facets=5 vertices=8 rho=9.6 anchor_shift=0
[FREE POLY] k=7 disc=1 raw=40 facets=5 vertices=8 rho=5.6 anchor_shift=0
[FREE POLY] k=7 disc=2 raw=40 facets=5 vertices=8 rho=9.6 anchor_shift=0
[FREE POLY] k=8 disc=0 raw=40 facets=4 vertices=7 rho=10.4 anchor_shift=0
[FREE POLY] k=8 disc=1 raw=40 facets=5 vertices=8 rho=6.4 anchor_shift=0
[FREE POLY] k=8 disc=2 raw=40 facets=5 vertices=8 rho=10.4 anchor_shift=0
[RF SUPPORT SEED] removed=0 support_limit=-1
[SQP] before_solve iter=0 vars=16 constraints=124 max_d=-0.0417453
[QP WORST] iter=0 row=68 type=collision d=-0.0417453
[QP WORST COLLISION] scenario=1 k=7 obstacle=0 disc=1
[SQP] after_solve iter=0 converged=1 status=0 iterations=6 primal_residual=4.05925e-16 dual_residual=1.85919e-05 x_size=16 x_finite=1
[SQP LINESEARCH] iter=0 current_violation=0 accepted_violation=0 accepted=1 alpha=0.5 delta_u_norm=0.662363
[SQP SUPPORT] iter=0 support_size=0 support_limit=-1 support_ok=1
[SQP] before_solve iter=1 vars=16 constraints=124 max_d=-0.0205785
[QP WORST] iter=1 row=68 type=collision d=-0.0205785
[QP WORST COLLISION] scenario=1 k=7 obstacle=0 disc=1
[SQP] after_solve iter=1 converged=1 status=0 iterations=6 primal_residual=2.17317e-08 dual_residual=1.97354e-05 x_size=16 x_finite=1
[SQP LINESEARCH] iter=1 current_violation=0 accepted_violation=0 accepted=1 alpha=0.5 delta_u_norm=0.511614
[SQP SUPPORT] iter=1 support_size=0 support_limit=-1 support_ok=1
[SQP] before_solve iter=2 vars=16 constraints=124 max_d=-0.0102236
[QP WORST] iter=2 row=68 type=collision d=-0.0102236
[QP WORST COLLISION] scenario=1 k=7 obstacle=0 disc=1
[SQP] after_solve iter=2 converged=1 status=0 iterations=6 primal_residual=2.34123e-08 dual_residual=3.15811e-05 x_size=16 x_finite=1
[SQP LINESEARCH] iter=2 current_violation=0 accepted_violation=0 accepted=1 alpha=0.5 delta_u_norm=0.372848
[SQP SUPPORT] iter=2 support_size=0 support_limit=-1 support_ok=1
[SQP] before_solve iter=3 vars=16 constraints=124 max_d=-0.00509787
[QP WORST] iter=3 row=68 type=collision d=-0.00509787
[QP WORST COLLISION] scenario=1 k=7 obstacle=0 disc=1
[SQP] after_solve iter=3 converged=1 status=0 iterations=6 primal_residual=4.159e-16 dual_residual=3.42002e-05 x_size=16 x_finite=1
[SQP LINESEARCH] iter=3 current_violation=0 accepted_violation=0 accepted=1 alpha=0.5 delta_u_norm=0.226822
[SQP SUPPORT] iter=3 support_size=0 support_limit=-1 support_ok=1
[SQP] before_solve iter=4 vars=16 constraints=124 max_d=-0.00254574
[QP WORST] iter=4 row=68 type=collision d=-0.00254574
[QP WORST COLLISION] scenario=1 k=7 obstacle=0 disc=1
[SQP] after_solve iter=4 converged=1 status=0 iterations=6 primal_residual=4.09395e-16 dual_residual=4.12455e-05 x_size=16 x_finite=1
[SQP LINESEARCH] iter=4 current_violation=0 accepted_violation=0 accepted=1 alpha=0.5 delta_u_norm=0.16558
[SQP SUPPORT] iter=4 support_size=0 support_limit=-1 support_ok=1
[SQP] before_solve iter=5 vars=16 constraints=124 max_d=-0.00127212
[QP WORST] iter=5 row=68 type=collision d=-0.00127212
[QP WORST COLLISION] scenario=1 k=7 obstacle=0 disc=1
[SQP] after_solve iter=5 converged=1 status=0 iterations=6 primal_residual=1.8355e-08 dual_residual=5.49508e-05 x_size=16 x_finite=1
[SQP LINESEARCH] iter=5 current_violation=0 accepted_violation=0 accepted=1 alpha=0.5 delta_u_norm=0.137932
[SQP SUPPORT] iter=5 support_size=0 support_limit=-1 support_ok=1
[SQP] before_solve iter=6 vars=16 constraints=124 max_d=-0.00063592
[QP WORST] iter=6 row=68 type=collision d=-0.00063592
[QP WORST COLLISION] scenario=1 k=7 obstacle=0 disc=1
[SQP] after_solve iter=6 converged=1 status=0 iterations=6 primal_residual=2.73283e-08 dual_residual=6.62347e-05 x_size=16 x_finite=1
[SQP LINESEARCH] iter=6 current_violation=0 accepted_violation=0 accepted=1 alpha=0.5 delta_u_norm=0.124365
[SQP SUPPORT] iter=6 support_size=0 support_limit=-1 support_ok=1
[SQP] before_solve iter=7 vars=16 constraints=124 max_d=-0.000318102
[QP WORST] iter=7 row=68 type=collision d=-0.000318102
[QP WORST COLLISION] scenario=1 k=7 obstacle=0 disc=1
[SQP] after_solve iter=7 converged=1 status=0 iterations=6 primal_residual=2.47492e-08 dual_residual=7.1832e-05 x_size=16 x_finite=1
[SQP LINESEARCH] iter=7 current_violation=0 accepted_violation=0 accepted=1 alpha=0.5 delta_u_norm=0.117543
[SQP SUPPORT] iter=7 support_size=0 support_limit=-1 support_ok=1
[SQP] before_solve iter=8 vars=16 constraints=124 max_d=-0.000159351
[QP WORST] iter=8 row=68 type=collision d=-0.000159351
[QP WORST COLLISION] scenario=1 k=7 obstacle=0 disc=1
[SQP] after_solve iter=8 converged=1 status=0 iterations=6 primal_residual=1.79009e-08 dual_residual=7.33933e-05 x_size=16 x_finite=1
[SQP LINESEARCH] iter=8 current_violation=0 accepted_violation=0 accepted=1 alpha=0.5 delta_u_norm=0.113264
[SQP SUPPORT] iter=8 support_size=0 support_limit=-1 support_ok=1
[SQP] before_solve iter=9 vars=16 constraints=124 max_d=-8.00302e-05
[QP WORST] iter=9 row=68 type=collision d=-8.00302e-05
[QP WORST COLLISION] scenario=1 k=7 obstacle=0 disc=1
[SQP] after_solve iter=9 converged=1 status=0 iterations=6 primal_residual=1.11147e-08 dual_residual=7.32365e-05 x_size=16 x_finite=1
[SQP LINESEARCH] iter=9 current_violation=0 accepted_violation=0 accepted=1 alpha=0.5 delta_u_norm=0.109869
[SQP SUPPORT] iter=9 support_size=0 support_limit=-1 support_ok=1
[SQP FINAL] final_violation=0 violated_constraints=0
[SUPPORT FINAL] sqp_union=0 final_active=2 support_limit=-1
[SUPPORT FINAL IDS] 1 17
[SUPPORT UNION IDS]
[COLD START RECOVERY CHECK] ordinary_sqp_failed=0 seed_available=1 incompatible=0 try_homotopy=0
[HARNESS RESULT] step=19 success=1 controls=8 first_input_present=1
[MPC STEP METRICS] step=19 applied=1 success=1 fallback=0 a=0.435051 omega=-0.484451 dt=0.1 acceleration_weight=0.1 steering_weight=0.1 control_cost_unweighted=0.423962 control_cost_weighted=0.0423962 mpc_cost=-10.2531 solve_time=0.0453791 qp_solve_time=0.0325656 constraint_time=0.00753618 dro_risk_time=0 ambiguity_radius=0 certificate=not_requested
[EVAL SAFETY] step=20 min_center_distance=1.16545 min_clearance=0.21545 collision_this_step=0 collision_run=0 collision_radius=0.95
[RF BACKUP] available=1 controls=8 states=9
[FREE POLY] k=1 disc=0 raw=40 facets=4 vertices=7 rho=4.8 anchor_shift=0
[FREE POLY] k=1 disc=1 raw=40 facets=2 vertices=5 rho=0.800001 anchor_shift=0
[FREE POLY] k=1 disc=2 raw=40 facets=5 vertices=8 rho=4.8 anchor_shift=0
[FREE POLY] k=2 disc=0 raw=40 facets=3 vertices=6 rho=5.6 anchor_shift=0
[FREE POLY] k=2 disc=1 raw=40 facets=3 vertices=6 rho=1.6 anchor_shift=0
[FREE POLY] k=2 disc=2 raw=40 facets=4 vertices=7 rho=5.6 anchor_shift=0
[FREE POLY] k=3 disc=0 raw=40 facets=6 vertices=9 rho=6.4 anchor_shift=0
[FREE POLY] k=3 disc=1 raw=40 facets=4 vertices=7 rho=2.4 anchor_shift=0
[FREE POLY] k=3 disc=2 raw=40 facets=5 vertices=8 rho=6.4 anchor_shift=0
[FREE POLY] k=4 disc=0 raw=40 facets=5 vertices=8 rho=7.2 anchor_shift=0
[FREE POLY] k=4 disc=1 raw=40 facets=3 vertices=6 rho=3.2 anchor_shift=0
[FREE POLY] k=4 disc=2 raw=40 facets=5 vertices=8 rho=7.2 anchor_shift=0
[FREE POLY] k=5 disc=0 raw=40 facets=4 vertices=7 rho=8 anchor_shift=0
[FREE POLY] k=5 disc=1 raw=40 facets=4 vertices=7 rho=4 anchor_shift=0
[FREE POLY] k=5 disc=2 raw=40 facets=7 vertices=10 rho=8 anchor_shift=0
[FREE POLY] k=6 disc=0 raw=40 facets=3 vertices=6 rho=8.8 anchor_shift=0
[FREE POLY] k=6 disc=1 raw=40 facets=5 vertices=8 rho=4.8 anchor_shift=0
[FREE POLY] k=6 disc=2 raw=40 facets=7 vertices=10 rho=8.8 anchor_shift=0
[FREE POLY] k=7 disc=0 raw=40 facets=4 vertices=7 rho=9.6 anchor_shift=0
[FREE POLY] k=7 disc=1 raw=40 facets=5 vertices=8 rho=5.6 anchor_shift=0
[FREE POLY] k=7 disc=2 raw=40 facets=6 vertices=10 rho=9.6 anchor_shift=0
[FREE POLY] k=8 disc=0 raw=40 facets=4 vertices=7 rho=10.4 anchor_shift=0
[FREE POLY] k=8 disc=1 raw=40 facets=6 vertices=9 rho=6.4 anchor_shift=0
[FREE POLY] k=8 disc=2 raw=40 facets=7 vertices=11 rho=10.4 anchor_shift=0
[RF SUPPORT SEED] removed=0 support_limit=-1
[SQP] before_solve iter=0 vars=16 constraints=143 max_d=-0.0535591
[QP WORST] iter=0 row=70 type=collision d=-0.0535591
[QP WORST COLLISION] scenario=34 k=6 obstacle=0 disc=1
[SQP] after_solve iter=0 converged=1 status=0 iterations=8 primal_residual=1.32554e-10 dual_residual=7.80709e-06 x_size=16 x_finite=1
[SQP LINESEARCH] iter=0 current_violation=0 accepted_violation=0 accepted=1 alpha=0.5 delta_u_norm=0.750121
[SQP SUPPORT] iter=0 support_size=0 support_limit=-1 support_ok=1
[SQP] before_solve iter=1 vars=16 constraints=143 max_d=-0.0263543
[QP WORST] iter=1 row=70 type=collision d=-0.0263543
[QP WORST COLLISION] scenario=34 k=6 obstacle=0 disc=1
[SQP] after_solve iter=1 converged=1 status=0 iterations=6 primal_residual=4.44089e-16 dual_residual=9.37208e-05 x_size=16 x_finite=1
[SQP LINESEARCH] iter=1 current_violation=0 accepted_violation=0 accepted=1 alpha=0.5 delta_u_norm=0.5665
[SQP SUPPORT] iter=1 support_size=0 support_limit=-1 support_ok=1
[SQP] before_solve iter=2 vars=16 constraints=143 max_d=-0.0130806
[QP WORST] iter=2 row=70 type=collision d=-0.0130806
[QP WORST COLLISION] scenario=34 k=6 obstacle=0 disc=1
[SQP] after_solve iter=2 converged=1 status=0 iterations=6 primal_residual=4.11129e-16 dual_residual=4.87046e-05 x_size=16 x_finite=1
[SQP LINESEARCH] iter=2 current_violation=0 accepted_violation=0 accepted=1 alpha=0.5 delta_u_norm=0.366014
[SQP SUPPORT] iter=2 support_size=0 support_limit=-1 support_ok=1
[SQP] before_solve iter=3 vars=16 constraints=143 max_d=-0.00653719
[QP WORST] iter=3 row=70 type=collision d=-0.00653719
[QP WORST COLLISION] scenario=34 k=6 obstacle=0 disc=1
[SQP] after_solve iter=3 converged=1 status=0 iterations=6 primal_residual=3.93782e-16 dual_residual=6.40437e-05 x_size=16 x_finite=1
[SQP LINESEARCH] iter=3 current_violation=0 accepted_violation=0 accepted=1 alpha=0.5 delta_u_norm=0.235364
[SQP SUPPORT] iter=3 support_size=0 support_limit=-1 support_ok=1
[SQP] before_solve iter=4 vars=16 constraints=143 max_d=-0.00327887
[QP WORST] iter=4 row=70 type=collision d=-0.00327887
[QP WORST COLLISION] scenario=34 k=6 obstacle=0 disc=1
[SQP] after_solve iter=4 converged=1 status=0 iterations=7 primal_residual=4.02456e-16 dual_residual=2.29096e-05 x_size=16 x_finite=1
[SQP LINESEARCH] iter=4 current_violation=0 accepted_violation=0 accepted=1 alpha=0.5 delta_u_norm=0.189315
[SQP SUPPORT] iter=4 support_size=0 support_limit=-1 support_ok=1
[SQP] before_solve iter=5 vars=16 constraints=143 max_d=-0.00165851
[QP WORST] iter=5 row=70 type=collision d=-0.00165851
[QP WORST COLLISION] scenario=34 k=6 obstacle=0 disc=1
[SQP] after_solve iter=5 converged=1 status=0 iterations=7 primal_residual=4.31079e-16 dual_residual=5.29525e-05 x_size=16 x_finite=1
[SQP LINESEARCH] iter=5 current_violation=0 accepted_violation=0 accepted=1 alpha=0.5 delta_u_norm=0.162109
[SQP SUPPORT] iter=5 support_size=0 support_limit=-1 support_ok=1
[SQP] before_solve iter=6 vars=16 constraints=143 max_d=-0.000848815
[QP WORST] iter=6 row=70 type=collision d=-0.000848815
[QP WORST COLLISION] scenario=34 k=6 obstacle=0 disc=1
[SQP] after_solve iter=6 converged=1 status=0 iterations=7 primal_residual=3.93891e-16 dual_residual=7.06895e-05 x_size=16 x_finite=1
[SQP LINESEARCH] iter=6 current_violation=0 accepted_violation=0 accepted=1 alpha=0.5 delta_u_norm=0.151194
[SQP SUPPORT] iter=6 support_size=0 support_limit=-1 support_ok=1
[SQP] before_solve iter=7 vars=16 constraints=143 max_d=-0.00043131
[QP WORST] iter=7 row=69 type=collision d=-0.00043131
[QP WORST COLLISION] scenario=24 k=6 obstacle=0 disc=1
[SQP] after_solve iter=7 converged=1 status=0 iterations=7 primal_residual=4.06359e-16 dual_residual=3.63854e-05 x_size=16 x_finite=1
[SQP LINESEARCH] iter=7 current_violation=0 accepted_violation=0 accepted=1 alpha=0.5 delta_u_norm=0.146534
[SQP SUPPORT] iter=7 support_size=0 support_limit=-1 support_ok=1
[SQP] before_solve iter=8 vars=16 constraints=143 max_d=-0.000215817
[QP WORST] iter=8 row=69 type=collision d=-0.000215817
[QP WORST COLLISION] scenario=24 k=6 obstacle=0 disc=1
[SQP] after_solve iter=8 converged=1 status=0 iterations=9 primal_residual=4.36717e-16 dual_residual=9.45039e-06 x_size=16 x_finite=1
[SQP LINESEARCH] iter=8 current_violation=0 accepted_violation=0 accepted=1 alpha=0.5 delta_u_norm=0.14285
[SQP SUPPORT] iter=8 support_size=0 support_limit=-1 support_ok=1
[SQP] before_solve iter=9 vars=16 constraints=143 max_d=-0.000107734
[QP WORST] iter=9 row=69 type=collision d=-0.000107734
[QP WORST COLLISION] scenario=24 k=6 obstacle=0 disc=1
[SQP] after_solve iter=9 converged=1 status=0 iterations=10 primal_residual=9.38345e-11 dual_residual=1.55244e-05 x_size=16 x_finite=1
[SQP LINESEARCH] iter=9 current_violation=0 accepted_violation=0 accepted=1 alpha=0.5 delta_u_norm=0.137483
[SQP SUPPORT] iter=9 support_size=0 support_limit=-1 support_ok=1
[SQP FINAL] final_violation=0 violated_constraints=0
[SUPPORT FINAL] sqp_union=0 final_active=3 support_limit=-1
[SUPPORT FINAL IDS] 4 24 34
[SUPPORT UNION IDS]
[COLD START RECOVERY CHECK] ordinary_sqp_failed=0 seed_available=1 incompatible=0 try_homotopy=0
[HARNESS RESULT] step=20 success=1 controls=8 first_input_present=1
[MPC STEP METRICS] step=20 applied=1 success=1 fallback=0 a=0.518855 omega=-0.341853 dt=0.1 acceleration_weight=0.1 steering_weight=0.1 control_cost_unweighted=0.386073 control_cost_weighted=0.0386073 mpc_cost=-10.1592 solve_time=0.0465374 qp_solve_time=0.0333478 constraint_time=0.00799881 dro_risk_time=0 ambiguity_radius=0 certificate=not_requested
[EVAL SAFETY] step=21 min_center_distance=1.3271 min_clearance=0.377097 collision_this_step=0 collision_run=0 collision_radius=0.95
[PATH COMPLETION] step=21 completion_progress=4.0642 path_length=25 fraction=0.162568 required_fraction=0.95 termination_enabled=1 completed=0
[RF BACKUP] available=1 controls=8 states=9
[FREE POLY] k=1 disc=0 raw=40 facets=3 vertices=6 rho=4.8 anchor_shift=0
[FREE POLY] k=1 disc=1 raw=40 facets=3 vertices=6 rho=0.800001 anchor_shift=0
[FREE POLY] k=1 disc=2 raw=40 facets=5 vertices=8 rho=4.8 anchor_shift=0
[FREE POLY] k=2 disc=0 raw=40 facets=4 vertices=7 rho=5.6 anchor_shift=0
[FREE POLY] k=2 disc=1 raw=40 facets=4 vertices=7 rho=1.6 anchor_shift=0
[FREE POLY] k=2 disc=2 raw=40 facets=3 vertices=6 rho=5.6 anchor_shift=0
[FREE POLY] k=3 disc=0 raw=40 facets=4 vertices=7 rho=6.4 anchor_shift=0
[FREE POLY] k=3 disc=1 raw=40 facets=4 vertices=7 rho=2.4 anchor_shift=0
[FREE POLY] k=3 disc=2 raw=40 facets=3 vertices=6 rho=6.4 anchor_shift=0
[FREE POLY] k=4 disc=0 raw=40 facets=6 vertices=9 rho=7.2 anchor_shift=0
[FREE POLY] k=4 disc=1 raw=40 facets=6 vertices=9 rho=3.2 anchor_shift=0
[FREE POLY] k=4 disc=2 raw=40 facets=5 vertices=8 rho=7.2 anchor_shift=0
[FREE POLY] k=5 disc=0 raw=40 facets=6 vertices=9 rho=8 anchor_shift=0
[FREE POLY] k=5 disc=1 raw=40 facets=4 vertices=7 rho=4 anchor_shift=0
[FREE POLY] k=5 disc=2 raw=40 facets=5 vertices=9 rho=8 anchor_shift=0
[FREE POLY] k=6 disc=0 raw=40 facets=4 vertices=7 rho=8.8 anchor_shift=0
[FREE POLY] k=6 disc=1 raw=40 facets=3 vertices=6 rho=4.8 anchor_shift=0
[FREE POLY] k=6 disc=2 raw=40 facets=5 vertices=9 rho=8.8 anchor_shift=0
[FREE POLY] k=7 disc=0 raw=40 facets=5 vertices=8 rho=9.6 anchor_shift=0
[FREE POLY] k=7 disc=1 raw=40 facets=4 vertices=7 rho=5.6 anchor_shift=0
[FREE POLY] k=7 disc=2 raw=40 facets=6 vertices=9 rho=9.6 anchor_shift=0
[FREE POLY] k=8 disc=0 raw=40 facets=5 vertices=8 rho=10.4 anchor_shift=0
[FREE POLY] k=8 disc=1 raw=40 facets=5 vertices=8 rho=6.4 anchor_shift=0
[FREE POLY] k=8 disc=2 raw=40 facets=5 vertices=8 rho=10.4 anchor_shift=0
[RF SUPPORT SEED] removed=0 support_limit=-1
[SQP] before_solve iter=0 vars=16 constraints=139 max_d=0.0148107
[QP WORST] iter=0 row=70 type=collision d=0.0148107
[QP WORST COLLISION] scenario=10 k=6 obstacle=0 disc=1
[SQP] after_solve iter=0 converged=1 status=0 iterations=8 primal_residual=4.19803e-16 dual_residual=3.89761e-06 x_size=16 x_finite=1
[SQP LINESEARCH] iter=0 current_violation=0.0148107 accepted_violation=0 accepted=1 alpha=1 delta_u_norm=0.519505
[SQP SUPPORT] iter=0 support_size=0 support_limit=-1 support_ok=1
[SQP] before_solve iter=1 vars=16 constraints=139 max_d=-0.000188777
[QP WORST] iter=1 row=70 type=collision d=-0.000188777
[QP WORST COLLISION] scenario=10 k=6 obstacle=0 disc=1
[SQP] after_solve iter=1 converged=1 status=0 iterations=7 primal_residual=4.39454e-16 dual_residual=1.64411e-05 x_size=16 x_finite=1
[SQP LINESEARCH] iter=1 current_violation=0 accepted_violation=0 accepted=1 alpha=0.5 delta_u_norm=0.40475
[SQP SUPPORT] iter=1 support_size=0 support_limit=-1 support_ok=1
[SQP] before_solve iter=2 vars=16 constraints=139 max_d=-9.14696e-05
[QP WORST] iter=2 row=70 type=collision d=-9.14696e-05
[QP WORST COLLISION] scenario=10 k=6 obstacle=0 disc=1
[SQP] after_solve iter=2 converged=1 status=0 iterations=7 primal_residual=4.27284e-16 dual_residual=4.72279e-05 x_size=16 x_finite=1
[SQP LINESEARCH] iter=2 current_violation=0 accepted_violation=0 accepted=1 alpha=0.5 delta_u_norm=0.250119
[SQP SUPPORT] iter=2 support_size=0 support_limit=-1 support_ok=1
[SQP] before_solve iter=3 vars=16 constraints=139 max_d=-4.4846e-05
[QP WORST] iter=3 row=70 type=collision d=-4.4846e-05
[QP WORST COLLISION] scenario=10 k=6 obstacle=0 disc=1
[SQP] after_solve iter=3 converged=1 status=0 iterations=7 primal_residual=4.23273e-16 dual_residual=9.52248e-05 x_size=16 x_finite=1
[SQP LINESEARCH] iter=3 current_violation=0 accepted_violation=0 accepted=1 alpha=0.5 delta_u_norm=0.171418
[SQP SUPPORT] iter=3 support_size=0 support_limit=-1 support_ok=1
[SQP] before_solve iter=4 vars=16 constraints=139 max_d=-2.2266e-05
[QP WORST] iter=4 row=70 type=collision d=-2.2266e-05
[QP WORST COLLISION] scenario=10 k=6 obstacle=0 disc=1
[SQP] after_solve iter=4 converged=1 status=0 iterations=8 primal_residual=4.09395e-16 dual_residual=1.19419e-05 x_size=16 x_finite=1
[SQP LINESEARCH] iter=4 current_violation=0 accepted_violation=0 accepted=1 alpha=0.5 delta_u_norm=0.145483
[SQP SUPPORT] iter=4 support_size=0 support_limit=-1 support_ok=1
[SQP] before_solve iter=5 vars=16 constraints=139 max_d=-1.08472e-05
[QP WORST] iter=5 row=70 type=collision d=-1.08472e-05
[QP WORST COLLISION] scenario=10 k=6 obstacle=0 disc=1
[SQP] after_solve iter=5 converged=1 status=0 iterations=8 primal_residual=4.39861e-16 dual_residual=1.12836e-05 x_size=16 x_finite=1
[SQP LINESEARCH] iter=5 current_violation=0 accepted_violation=0 accepted=1 alpha=0.5 delta_u_norm=0.131518
[SQP SUPPORT] iter=5 support_size=0 support_limit=-1 support_ok=1
[SQP] before_solve iter=6 vars=16 constraints=139 max_d=-5.34664e-06
[QP WORST] iter=6 row=70 type=collision d=-5.34664e-06
[QP WORST COLLISION] scenario=10 k=6 obstacle=0 disc=1
[SQP] after_solve iter=6 converged=1 status=0 iterations=8 primal_residual=4.29669e-16 dual_residual=1.00503e-05 x_size=16 x_finite=1
[SQP LINESEARCH] iter=6 current_violation=0 accepted_violation=0 accepted=1 alpha=0.5 delta_u_norm=0.12407
[SQP SUPPORT] iter=6 support_size=0 support_limit=-1 support_ok=1
[SQP] before_solve iter=7 vars=16 constraints=139 max_d=-2.65464e-06
[QP WORST] iter=7 row=70 type=collision d=-2.65464e-06
[QP WORST COLLISION] scenario=10 k=6 obstacle=0 disc=1
[SQP] after_solve iter=7 converged=1 status=0 iterations=8 primal_residual=4.4066e-16 dual_residual=8.92896e-06 x_size=16 x_finite=1
[SQP LINESEARCH] iter=7 current_violation=0 accepted_violation=0 accepted=1 alpha=0.5 delta_u_norm=0.118767
[SQP SUPPORT] iter=7 support_size=0 support_limit=-1 support_ok=1
[SQP] before_solve iter=8 vars=16 constraints=139 max_d=-1.3253e-06
[QP WORST] iter=8 row=70 type=collision d=-1.3253e-06
[QP WORST COLLISION] scenario=10 k=6 obstacle=0 disc=1
[SQP] after_solve iter=8 converged=1 status=0 iterations=8 primal_residual=4.34521e-16 dual_residual=7.99293e-06 x_size=16 x_finite=1
[SQP LINESEARCH] iter=8 current_violation=0 accepted_violation=0 accepted=1 alpha=1 delta_u_norm=0.114299
[SQP SUPPORT] iter=8 support_size=0 support_limit=-1 support_ok=1
[SQP] before_solve iter=9 vars=16 constraints=139 max_d=-1.13638e-08
[QP WORST] iter=9 row=70 type=collision d=-1.13638e-08
[QP WORST COLLISION] scenario=10 k=6 obstacle=0 disc=1
[SQP] after_solve iter=9 converged=1 status=0 iterations=8 primal_residual=4.23273e-16 dual_residual=6.4857e-06 x_size=16 x_finite=1
[SQP LINESEARCH] iter=9 current_violation=0 accepted_violation=0 accepted=1 alpha=1 delta_u_norm=0.106319
[SQP SUPPORT] iter=9 support_size=0 support_limit=-1 support_ok=1
[SQP FINAL] final_violation=0 violated_constraints=0
[SUPPORT FINAL] sqp_union=0 final_active=1 support_limit=-1
[SUPPORT FINAL IDS] 10
[SUPPORT UNION IDS]
[COLD START RECOVERY CHECK] ordinary_sqp_failed=0 seed_available=1 incompatible=0 try_homotopy=0
[HARNESS RESULT] step=21 success=1 controls=8 first_input_present=1
[MPC STEP METRICS] step=21 applied=1 success=1 fallback=0 a=0.718724 omega=-0.799976 dt=0.1 acceleration_weight=0.1 steering_weight=0.1 control_cost_unweighted=1.15653 control_cost_weighted=0.115653 mpc_cost=-8.95464 solve_time=0.0432703 qp_solve_time=0.0305502 constraint_time=0.00767046 dro_risk_time=0 ambiguity_radius=0 certificate=not_requested
[EVAL SAFETY] step=22 min_center_distance=1.20321 min_clearance=0.253206 collision_this_step=0 collision_run=0 collision_radius=0.95
[RF BACKUP] available=1 controls=8 states=9
[FREE POLY] k=1 disc=0 raw=40 facets=5 vertices=8 rho=4.8 anchor_shift=0
[FREE POLY] k=1 disc=1 raw=40 facets=3 vertices=7 rho=0.800001 anchor_shift=0
[FREE POLY] k=1 disc=2 raw=40 facets=4 vertices=7 rho=4.8 anchor_shift=0
[FREE POLY] k=2 disc=0 raw=40 facets=4 vertices=7 rho=5.6 anchor_shift=0
[FREE POLY] k=2 disc=1 raw=40 facets=4 vertices=7 rho=1.6 anchor_shift=0
[FREE POLY] k=2 disc=2 raw=40 facets=5 vertices=8 rho=5.6 anchor_shift=0
[FREE POLY] k=3 disc=0 raw=40 facets=3 vertices=6 rho=6.4 anchor_shift=0
[FREE POLY] k=3 disc=1 raw=40 facets=3 vertices=6 rho=2.4 anchor_shift=0
[FREE POLY] k=3 disc=2 raw=40 facets=4 vertices=7 rho=6.4 anchor_shift=0
[FREE POLY] k=4 disc=0 raw=40 facets=3 vertices=6 rho=7.2 anchor_shift=0
[FREE POLY] k=4 disc=1 raw=40 facets=3 vertices=6 rho=3.2 anchor_shift=0
[FREE POLY] k=4 disc=2 raw=40 facets=5 vertices=9 rho=7.2 anchor_shift=0
[FREE POLY] k=5 disc=0 raw=40 facets=3 vertices=6 rho=8 anchor_shift=0
[FREE POLY] k=5 disc=1 raw=40 facets=4 vertices=7 rho=4 anchor_shift=0
[FREE POLY] k=5 disc=2 raw=40 facets=5 vertices=9 rho=8 anchor_shift=0
[FREE POLY] k=6 disc=0 raw=40 facets=4 vertices=7 rho=8.8 anchor_shift=0
[FREE POLY] k=6 disc=1 raw=40 facets=5 vertices=8 rho=4.8 anchor_shift=0
[FREE POLY] k=6 disc=2 raw=40 facets=5 vertices=8 rho=8.8 anchor_shift=0
[FREE POLY] k=7 disc=0 raw=40 facets=4 vertices=7 rho=9.6 anchor_shift=0
[FREE POLY] k=7 disc=1 raw=40 facets=5 vertices=8 rho=5.6 anchor_shift=0
[FREE POLY] k=7 disc=2 raw=40 facets=5 vertices=8 rho=9.6 anchor_shift=0
[FREE POLY] k=8 disc=0 raw=40 facets=4 vertices=7 rho=10.4 anchor_shift=0
[FREE POLY] k=8 disc=1 raw=40 facets=5 vertices=8 rho=6.4 anchor_shift=0
[FREE POLY] k=8 disc=2 raw=40 facets=5 vertices=8 rho=10.4 anchor_shift=0
[RF SUPPORT SEED] removed=0 support_limit=-1
[SQP] before_solve iter=0 vars=16 constraints=132 max_d=-0.0312957
[QP WORST] iter=0 row=40 type=collision d=-0.0312957
[QP WORST COLLISION] scenario=34 k=4 obstacle=0 disc=1
[SQP] after_solve iter=0 converged=1 status=0 iterations=7 primal_residual=4.30211e-16 dual_residual=4.13502e-06 x_size=16 x_finite=1
[SQP LINESEARCH] iter=0 current_violation=0 accepted_violation=0 accepted=1 alpha=0.5 delta_u_norm=0.490726
[SQP SUPPORT] iter=0 support_size=0 support_limit=-1 support_ok=1
[SQP] before_solve iter=1 vars=16 constraints=132 max_d=-0.015901
[QP WORST] iter=1 row=40 type=collision d=-0.015901
[QP WORST COLLISION] scenario=34 k=4 obstacle=0 disc=1
[SQP] after_solve iter=1 converged=1 status=0 iterations=7 primal_residual=3.92915e-16 dual_residual=9.19775e-07 x_size=16 x_finite=1
[SQP LINESEARCH] iter=1 current_violation=0 accepted_violation=0 accepted=1 alpha=0.5 delta_u_norm=0.339248
[SQP SUPPORT] iter=1 support_size=0 support_limit=-1 support_ok=1
[SQP] before_solve iter=2 vars=16 constraints=132 max_d=-0.00836733
[QP WORST] iter=2 row=40 type=collision d=-0.00836733
[QP WORST COLLISION] scenario=34 k=4 obstacle=0 disc=1
[SQP] after_solve iter=2 converged=1 status=0 iterations=7 primal_residual=4.33681e-16 dual_residual=3.88402e-05 x_size=16 x_finite=1
[SQP LINESEARCH] iter=2 current_violation=0 accepted_violation=0 accepted=1 alpha=0.5 delta_u_norm=0.274385
[SQP SUPPORT] iter=2 support_size=0 support_limit=-1 support_ok=1
[SQP] before_solve iter=3 vars=16 constraints=132 max_d=-0.00466835
[QP WORST] iter=3 row=40 type=collision d=-0.00466835
[QP WORST COLLISION] scenario=34 k=4 obstacle=0 disc=1
[SQP] after_solve iter=3 converged=1 status=0 iterations=7 primal_residual=4.34982e-16 dual_residual=7.07496e-05 x_size=16 x_finite=1
[SQP LINESEARCH] iter=3 current_violation=0 accepted_violation=0 accepted=1 alpha=0.5 delta_u_norm=0.243452
[SQP SUPPORT] iter=3 support_size=0 support_limit=-1 support_ok=1
[SQP] before_solve iter=4 vars=16 constraints=132 max_d=-0.00240545
[QP WORST] iter=4 row=52 type=collision d=-0.00240545
[QP WORST COLLISION] scenario=34 k=5 obstacle=0 disc=1
[SQP] after_solve iter=4 converged=1 status=0 iterations=7 primal_residual=4.36717e-16 dual_residual=6.54329e-05 x_size=16 x_finite=1
[SQP LINESEARCH] iter=4 current_violation=0 accepted_violation=0 accepted=1 alpha=0.5 delta_u_norm=0.224587
[SQP SUPPORT] iter=4 support_size=0 support_limit=-1 support_ok=1
[SQP] before_solve iter=5 vars=16 constraints=132 max_d=-0.00120205
[QP WORST] iter=5 row=52 type=collision d=-0.00120205
[QP WORST COLLISION] scenario=34 k=5 obstacle=0 disc=1
[SQP] after_solve iter=5 converged=1 status=0 iterations=7 primal_residual=4.09395e-16 dual_residual=7.78833e-05 x_size=16 x_finite=1
[SQP LINESEARCH] iter=5 current_violation=0 accepted_violation=0 accepted=1 alpha=1 delta_u_norm=0.210213
[SQP SUPPORT] iter=5 support_size=0 support_limit=-1 support_ok=1
[SQP] before_solve iter=6 vars=16 constraints=132 max_d=-7.12969e-08
[QP WORST] iter=6 row=52 type=collision d=-7.12969e-08
[QP WORST COLLISION] scenario=34 k=5 obstacle=0 disc=1
[SQP] after_solve iter=6 converged=1 status=0 iterations=8 primal_residual=4.19803e-16 dual_residual=9.21403e-06 x_size=16 x_finite=1
[SQP LINESEARCH] iter=6 current_violation=0 accepted_violation=0 accepted=1 alpha=0.5 delta_u_norm=0.184559
[SQP SUPPORT] iter=6 support_size=0 support_limit=-1 support_ok=1
[SQP] before_solve iter=7 vars=16 constraints=132 max_d=-2.61242e-08
[QP WORST] iter=7 row=52 type=collision d=-2.61242e-08
[QP WORST COLLISION] scenario=34 k=5 obstacle=0 disc=1
[SQP] after_solve iter=7 converged=1 status=0 iterations=8 primal_residual=4.36879e-16 dual_residual=3.94232e-06 x_size=16 x_finite=1
[SQP LINESEARCH] iter=7 current_violation=0 accepted_violation=0 accepted=1 alpha=1 delta_u_norm=0.151133
[SQP SUPPORT] iter=7 support_size=0 support_limit=-1 support_ok=1
[SQP] before_solve iter=8 vars=16 constraints=132 max_d=-8.20308e-09
[QP WORST] iter=8 row=52 type=collision d=-8.20308e-09
[QP WORST COLLISION] scenario=34 k=5 obstacle=0 disc=1
[SQP] after_solve iter=8 converged=1 status=0 iterations=5 primal_residual=1.6477e-09 dual_residual=7.7436e-05 x_size=16 x_finite=1
[SQP LINESEARCH] iter=8 current_violation=0 accepted_violation=0 accepted=1 alpha=1 delta_u_norm=0.115291
[SQP SUPPORT] iter=8 support_size=0 support_limit=-1 support_ok=1
[SQP] before_solve iter=9 vars=16 constraints=132 max_d=-2.9621e-06
[QP WORST] iter=9 row=52 type=collision d=-2.9621e-06
[QP WORST COLLISION] scenario=34 k=5 obstacle=0 disc=1
[SQP] after_solve iter=9 converged=1 status=0 iterations=6 primal_residual=3.79254e-16 dual_residual=9.95371e-06 x_size=16 x_finite=1
[SQP LINESEARCH] iter=9 current_violation=0 accepted_violation=0 accepted=1 alpha=1 delta_u_norm=0.110205
[SQP SUPPORT] iter=9 support_size=0 support_limit=-1 support_ok=1
[SQP FINAL] final_violation=0 violated_constraints=0
[SUPPORT FINAL] sqp_union=0 final_active=1 support_limit=-1
[SUPPORT FINAL IDS] 34
[SUPPORT UNION IDS]
[COLD START RECOVERY CHECK] ordinary_sqp_failed=0 seed_available=1 incompatible=0 try_homotopy=0
[HARNESS RESULT] step=22 success=1 controls=8 first_input_present=1
[MPC STEP METRICS] step=22 applied=1 success=1 fallback=0 a=0.63984 omega=-0.797467 dt=0.1 acceleration_weight=0.1 steering_weight=0.1 control_cost_unweighted=1.04535 control_cost_weighted=0.104535 mpc_cost=-9.03239 solve_time=0.0422493 qp_solve_time=0.0295469 constraint_time=0.00760774 dro_risk_time=0 ambiguity_radius=0 certificate=not_requested
[EVAL SAFETY] step=23 min_center_distance=1.10641 min_clearance=0.156413 collision_this_step=0 collision_run=0 collision_radius=0.95
[RF BACKUP] available=1 controls=8 states=9
[FREE POLY] k=1 disc=0 raw=40 facets=3 vertices=6 rho=4.8 anchor_shift=0
[FREE POLY] k=1 disc=1 raw=40 facets=2 vertices=6 rho=0.800001 anchor_shift=0
[FREE POLY] k=1 disc=2 raw=40 facets=2 vertices=5 rho=4.8 anchor_shift=0
[FREE POLY] k=2 disc=0 raw=40 facets=4 vertices=7 rho=5.6 anchor_shift=0
[FREE POLY] k=2 disc=1 raw=40 facets=4 vertices=7 rho=1.6 anchor_shift=0
[FREE POLY] k=2 disc=2 raw=40 facets=3 vertices=7 rho=5.6 anchor_shift=0
[FREE POLY] k=3 disc=0 raw=40 facets=5 vertices=8 rho=6.4 anchor_shift=0
[FREE POLY] k=3 disc=1 raw=40 facets=3 vertices=6 rho=2.4 anchor_shift=0
[FREE POLY] k=3 disc=2 raw=40 facets=3 vertices=7 rho=6.4 anchor_shift=0
[FREE POLY] k=4 disc=0 raw=40 facets=4 vertices=7 rho=7.2 anchor_shift=0
[FREE POLY] k=4 disc=1 raw=40 facets=3 vertices=6 rho=3.2 anchor_shift=0
[FREE POLY] k=4 disc=2 raw=40 facets=4 vertices=8 rho=7.2 anchor_shift=0
[FREE POLY] k=5 disc=0 raw=40 facets=4 vertices=7 rho=8 anchor_shift=0
[FREE POLY] k=5 disc=1 raw=40 facets=4 vertices=7 rho=4 anchor_shift=0
[FREE POLY] k=5 disc=2 raw=40 facets=3 vertices=6 rho=8 anchor_shift=0
[FREE POLY] k=6 disc=0 raw=40 facets=4 vertices=7 rho=8.8 anchor_shift=0
[FREE POLY] k=6 disc=1 raw=40 facets=4 vertices=7 rho=4.8 anchor_shift=0
[FREE POLY] k=6 disc=2 raw=40 facets=4 vertices=7 rho=8.8 anchor_shift=0
[FREE POLY] k=7 disc=0 raw=40 facets=4 vertices=7 rho=9.6 anchor_shift=0
[FREE POLY] k=7 disc=1 raw=40 facets=4 vertices=7 rho=5.6 anchor_shift=0
[FREE POLY] k=7 disc=2 raw=40 facets=4 vertices=7 rho=9.6 anchor_shift=0
[FREE POLY] k=8 disc=0 raw=40 facets=4 vertices=7 rho=10.4 anchor_shift=0
[FREE POLY] k=8 disc=1 raw=40 facets=4 vertices=7 rho=6.4 anchor_shift=0
[FREE POLY] k=8 disc=2 raw=40 facets=5 vertices=8 rho=10.4 anchor_shift=0
[RF SUPPORT SEED] removed=0 support_limit=-1
[SQP] before_solve iter=0 vars=16 constraints=120 max_d=-0.014415
[QP WORST] iter=0 row=23 type=collision d=-0.014415
[QP WORST COLLISION] scenario=12 k=3 obstacle=0 disc=1
[SQP] after_solve iter=0 converged=1 status=0 iterations=5 primal_residual=8.35135e-10 dual_residual=6.02852e-05 x_size=16 x_finite=1
[SQP LINESEARCH] iter=0 current_violation=0 accepted_violation=0 accepted=1 alpha=0.5 delta_u_norm=0.34588
[SQP SUPPORT] iter=0 support_size=0 support_limit=-1 support_ok=1
[SQP] before_solve iter=1 vars=16 constraints=120 max_d=-0.00798624
[QP WORST] iter=1 row=23 type=collision d=-0.00798624
[QP WORST COLLISION] scenario=12 k=3 obstacle=0 disc=1
[SQP] after_solve iter=1 converged=1 status=0 iterations=5 primal_residual=4.4062e-16 dual_residual=6.10313e-05 x_size=16 x_finite=1
[SQP LINESEARCH] iter=1 current_violation=0 accepted_violation=0 accepted=1 alpha=0.5 delta_u_norm=0.237962
[SQP SUPPORT] iter=1 support_size=0 support_limit=-1 support_ok=1
[SQP] before_solve iter=2 vars=16 constraints=120 max_d=-0.00399232
[QP WORST] iter=2 row=33 type=collision d=-0.00399232
[QP WORST COLLISION] scenario=12 k=4 obstacle=0 disc=1
[SQP] after_solve iter=2 converged=1 status=0 iterations=5 primal_residual=4.30211e-16 dual_residual=3.43653e-05 x_size=16 x_finite=1
[SQP LINESEARCH] iter=2 current_violation=0 accepted_violation=0 accepted=1 alpha=0.5 delta_u_norm=0.19104
[SQP SUPPORT] iter=2 support_size=0 support_limit=-1 support_ok=1
[SQP] before_solve iter=3 vars=16 constraints=120 max_d=-0.00199246
[QP WORST] iter=3 row=33 type=collision d=-0.00199246
[QP WORST COLLISION] scenario=12 k=4 obstacle=0 disc=1
[SQP] after_solve iter=3 converged=1 status=0 iterations=5 primal_residual=4.14599e-16 dual_residual=3.94725e-05 x_size=16 x_finite=1
[SQP LINESEARCH] iter=3 current_violation=0 accepted_violation=0 accepted=1 alpha=0.5 delta_u_norm=0.170361
[SQP SUPPORT] iter=3 support_size=0 support_limit=-1 support_ok=1
[SQP] before_solve iter=4 vars=16 constraints=120 max_d=-0.000996119
[QP WORST] iter=4 row=33 type=collision d=-0.000996119
[QP WORST COLLISION] scenario=12 k=4 obstacle=0 disc=1
[SQP] after_solve iter=4 converged=1 status=0 iterations=5 primal_residual=3.63208e-16 dual_residual=4.49842e-05 x_size=16 x_finite=1
[SQP LINESEARCH] iter=4 current_violation=0 accepted_violation=0 accepted=1 alpha=1 delta_u_norm=0.159666
[SQP SUPPORT] iter=4 support_size=0 support_limit=-1 support_ok=1
[SQP] before_solve iter=5 vars=16 constraints=120 max_d=-1.37833e-06
[QP WORST] iter=5 row=33 type=collision d=-1.37833e-06
[QP WORST COLLISION] scenario=12 k=4 obstacle=0 disc=1
[SQP] after_solve iter=5 converged=1 status=0 iterations=5 primal_residual=3.98986e-16 dual_residual=5.27037e-05 x_size=16 x_finite=1
[SQP LINESEARCH] iter=5 current_violation=0 accepted_violation=0 accepted=1 alpha=1 delta_u_norm=0.146932
[SQP SUPPORT] iter=5 support_size=0 support_limit=-1 support_ok=1
[SQP] before_solve iter=6 vars=16 constraints=120 max_d=-3.93559e-06
[QP WORST] iter=6 row=33 type=collision d=-3.93559e-06
[QP WORST COLLISION] scenario=12 k=4 obstacle=0 disc=1
[SQP] after_solve iter=6 converged=1 status=0 iterations=5 primal_residual=4.30211e-16 dual_residual=5.36997e-05 x_size=16 x_finite=1
[SQP LINESEARCH] iter=6 current_violation=0 accepted_violation=0 accepted=1 alpha=1 delta_u_norm=0.138156
[SQP SUPPORT] iter=6 support_size=0 support_limit=-1 support_ok=1
[SQP] before_solve iter=7 vars=16 constraints=120 max_d=-3.98515e-06
[QP WORST] iter=7 row=33 type=collision d=-3.98515e-06
[QP WORST COLLISION] scenario=12 k=4 obstacle=0 disc=1
[SQP] after_solve iter=7 converged=1 status=0 iterations=5 primal_residual=4.44089e-16 dual_residual=5.41759e-05 x_size=16 x_finite=1
[SQP LINESEARCH] iter=7 current_violation=0 accepted_violation=0 accepted=1 alpha=1 delta_u_norm=0.130239
[SQP SUPPORT] iter=7 support_size=0 support_limit=-1 support_ok=1
[SQP] before_solve iter=8 vars=16 constraints=120 max_d=-4.03193e-06
[QP WORST] iter=8 row=33 type=collision d=-4.03193e-06
[QP WORST COLLISION] scenario=12 k=4 obstacle=0 disc=1
[SQP] after_solve iter=8 converged=1 status=0 iterations=5 primal_residual=4.11129e-16 dual_residual=5.45053e-05 x_size=16 x_finite=1
[SQP LINESEARCH] iter=8 current_violation=0 accepted_violation=0 accepted=1 alpha=1 delta_u_norm=0.122937
[SQP SUPPORT] iter=8 support_size=0 support_limit=-1 support_ok=1
[SQP] before_solve iter=9 vars=16 constraints=120 max_d=-4.07464e-06
[QP WORST] iter=9 row=33 type=collision d=-4.07464e-06
[QP WORST COLLISION] scenario=12 k=4 obstacle=0 disc=1
[SQP] after_solve iter=9 converged=1 status=0 iterations=5 primal_residual=3.92698e-16 dual_residual=5.47768e-05 x_size=16 x_finite=1
[SQP LINESEARCH] iter=9 current_violation=0 accepted_violation=0 accepted=1 alpha=1 delta_u_norm=0.116176
[SQP SUPPORT] iter=9 support_size=0 support_limit=-1 support_ok=1
[SQP FINAL] final_violation=0 violated_constraints=0
[SUPPORT FINAL] sqp_union=0 final_active=1 support_limit=-1
[SUPPORT FINAL IDS] 12
[SUPPORT UNION IDS]
[COLD START RECOVERY CHECK] ordinary_sqp_failed=0 seed_available=1 incompatible=0 try_homotopy=0
[HARNESS RESULT] step=23 success=1 controls=8 first_input_present=1
[MPC STEP METRICS] step=23 applied=1 success=1 fallback=0 a=0.790458 omega=-0.0646606 dt=0.1 acceleration_weight=0.1 steering_weight=0.1 control_cost_unweighted=0.629005 control_cost_weighted=0.0629005 mpc_cost=-8.97054 solve_time=0.0397674 qp_solve_time=0.0273548 constraint_time=0.0073991 dro_risk_time=0 ambiguity_radius=0 certificate=not_requested
[EVAL SAFETY] step=24 min_center_distance=1.04157 min_clearance=0.0915708 collision_this_step=0 collision_run=0 collision_radius=0.95
[RF BACKUP] available=1 controls=8 states=9
[FREE POLY] k=1 disc=0 raw=40 facets=3 vertices=6 rho=4.8 anchor_shift=0
[FREE POLY] k=1 disc=1 raw=40 facets=2 vertices=5 rho=0.800001 anchor_shift=0
[FREE POLY] k=1 disc=2 raw=40 facets=4 vertices=8 rho=4.8 anchor_shift=0
[FREE POLY] k=2 disc=0 raw=40 facets=3 vertices=6 rho=5.6 anchor_shift=0
[FREE POLY] k=2 disc=1 raw=40 facets=3 vertices=6 rho=1.6 anchor_shift=0
[FREE POLY] k=2 disc=2 raw=40 facets=5 vertices=9 rho=5.6 anchor_shift=0
[FREE POLY] k=3 disc=0 raw=40 facets=6 vertices=9 rho=6.4 anchor_shift=0
[FREE POLY] k=3 disc=1 raw=40 facets=4 vertices=7 rho=2.4 anchor_shift=0
[FREE POLY] k=3 disc=2 raw=40 facets=3 vertices=7 rho=6.4 anchor_shift=0
[FREE POLY] k=4 disc=0 raw=40 facets=5 vertices=8 rho=7.2 anchor_shift=0
[FREE POLY] k=4 disc=1 raw=40 facets=4 vertices=7 rho=3.2 anchor_shift=0
[FREE POLY] k=4 disc=2 raw=40 facets=4 vertices=7 rho=7.2 anchor_shift=0
[FREE POLY] k=5 disc=0 raw=40 facets=4 vertices=7 rho=8 anchor_shift=0
[FREE POLY] k=5 disc=1 raw=40 facets=5 vertices=8 rho=4 anchor_shift=0
[FREE POLY] k=5 disc=2 raw=40 facets=4 vertices=7 rho=8 anchor_shift=0
[FREE POLY] k=6 disc=0 raw=40 facets=5 vertices=8 rho=8.8 anchor_shift=0
[FREE POLY] k=6 disc=1 raw=40 facets=4 vertices=7 rho=4.8 anchor_shift=0
[FREE POLY] k=6 disc=2 raw=40 facets=5 vertices=8 rho=8.8 anchor_shift=0
[FREE POLY] k=7 disc=0 raw=40 facets=4 vertices=7 rho=9.6 anchor_shift=0
[FREE POLY] k=7 disc=1 raw=40 facets=4 vertices=7 rho=5.6 anchor_shift=0
[FREE POLY] k=7 disc=2 raw=40 facets=5 vertices=8 rho=9.6 anchor_shift=0
[FREE POLY] k=8 disc=0 raw=40 facets=3 vertices=5 rho=10.4 anchor_shift=0
[FREE POLY] k=8 disc=1 raw=40 facets=4 vertices=7 rho=6.4 anchor_shift=0
[FREE POLY] k=8 disc=2 raw=40 facets=4 vertices=7 rho=10.4 anchor_shift=0
[RF SUPPORT SEED] removed=0 support_limit=-1
[SQP] before_solve iter=0 vars=16 constraints=129 max_d=-0.0130172
[QP WORST] iter=0 row=29 type=collision d=-0.0130172
[QP WORST COLLISION] scenario=39 k=3 obstacle=0 disc=1
[SQP] after_solve iter=0 converged=1 status=0 iterations=6 primal_residual=6.45199e-12 dual_residual=2.56041e-07 x_size=16 x_finite=1
[SQP LINESEARCH] iter=0 current_violation=0 accepted_violation=0 accepted=1 alpha=1 delta_u_norm=0.624528
[SQP SUPPORT] iter=0 support_size=0 support_limit=-1 support_ok=1
[SQP] before_solve iter=1 vars=16 constraints=129 max_d=-0.0106876
[QP WORST] iter=1 row=29 type=collision d=-0.0106876
[QP WORST COLLISION] scenario=39 k=3 obstacle=0 disc=1
[SQP] after_solve iter=1 converged=1 status=0 iterations=6 primal_residual=3.34745e-10 dual_residual=1.59848e-05 x_size=16 x_finite=1
[SQP LINESEARCH] iter=1 current_violation=0 accepted_violation=0 accepted=1 alpha=1 delta_u_norm=0.508307
[SQP SUPPORT] iter=1 support_size=0 support_limit=-1 support_ok=1
[SQP] before_solve iter=2 vars=16 constraints=129 max_d=-0.00893888
[QP WORST] iter=2 row=29 type=collision d=-0.00893888
[QP WORST COLLISION] scenario=39 k=3 obstacle=0 disc=1
[SQP] after_solve iter=2 converged=1 status=0 iterations=6 primal_residual=4.31946e-16 dual_residual=2.43014e-05 x_size=16 x_finite=1
[SQP LINESEARCH] iter=2 current_violation=0 accepted_violation=0 accepted=1 alpha=1 delta_u_norm=0.409067
[SQP SUPPORT] iter=2 support_size=0 support_limit=-1 support_ok=1
[SQP] before_solve iter=3 vars=16 constraints=129 max_d=-0.00752943
[QP WORST] iter=3 row=29 type=collision d=-0.00752943
[QP WORST COLLISION] scenario=39 k=3 obstacle=0 disc=1
[SQP] after_solve iter=3 converged=1 status=0 iterations=6 primal_residual=3.747e-16 dual_residual=5.75347e-06 x_size=16 x_finite=1
[SQP LINESEARCH] iter=3 current_violation=0 accepted_violation=0 accepted=1 alpha=1 delta_u_norm=0.340035
[SQP SUPPORT] iter=3 support_size=0 support_limit=-1 support_ok=1
[SQP] before_solve iter=4 vars=16 constraints=129 max_d=-0.00637605
[QP WORST] iter=4 row=29 type=collision d=-0.00637605
[QP WORST COLLISION] scenario=39 k=3 obstacle=0 disc=1
[SQP] after_solve iter=4 converged=1 status=0 iterations=6 primal_residual=4.22134e-16 dual_residual=9.80629e-07 x_size=16 x_finite=1
[SQP LINESEARCH] iter=4 current_violation=0 accepted_violation=0 accepted=1 alpha=1 delta_u_norm=0.293097
[SQP SUPPORT] iter=4 support_size=0 support_limit=-1 support_ok=1
[SQP] before_solve iter=5 vars=16 constraints=129 max_d=-0.00542282
[QP WORST] iter=5 row=29 type=collision d=-0.00542282
[QP WORST COLLISION] scenario=39 k=3 obstacle=0 disc=1
[SQP] after_solve iter=5 converged=1 status=0 iterations=6 primal_residual=4.42305e-12 dual_residual=3.61458e-07 x_size=16 x_finite=1
[SQP LINESEARCH] iter=5 current_violation=0 accepted_violation=0 accepted=1 alpha=1 delta_u_norm=0.256348
[SQP SUPPORT] iter=5 support_size=0 support_limit=-1 support_ok=1
[SQP] before_solve iter=6 vars=16 constraints=129 max_d=-0.0046292
[QP WORST] iter=6 row=29 type=collision d=-0.0046292
[QP WORST COLLISION] scenario=39 k=3 obstacle=0 disc=1
[SQP] after_solve iter=6 converged=1 status=0 iterations=6 primal_residual=4.09395e-16 dual_residual=2.17557e-06 x_size=16 x_finite=1
[SQP LINESEARCH] iter=6 current_violation=0 accepted_violation=0 accepted=1 alpha=1 delta_u_norm=0.227021
[SQP SUPPORT] iter=6 support_size=0 support_limit=-1 support_ok=1
[SQP] before_solve iter=7 vars=16 constraints=129 max_d=-0.00396323
[QP WORST] iter=7 row=29 type=collision d=-0.00396323
[QP WORST COLLISION] scenario=39 k=3 obstacle=0 disc=1
[SQP] after_solve iter=7 converged=1 status=0 iterations=6 primal_residual=2.3842e-10 dual_residual=8.15771e-06 x_size=16 x_finite=1
[SQP LINESEARCH] iter=7 current_violation=0 accepted_violation=0 accepted=1 alpha=1 delta_u_norm=0.203082
[SQP SUPPORT] iter=7 support_size=0 support_limit=-1 support_ok=1
[SQP] before_solve iter=8 vars=16 constraints=129 max_d=-0.00340057
[QP WORST] iter=8 row=29 type=collision d=-0.00340057
[QP WORST COLLISION] scenario=39 k=3 obstacle=0 disc=1
[SQP] after_solve iter=8 converged=1 status=0 iterations=6 primal_residual=1.06651e-09 dual_residual=2.9972e-05 x_size=16 x_finite=1
[SQP LINESEARCH] iter=8 current_violation=0 accepted_violation=0 accepted=1 alpha=1 delta_u_norm=0.182989
[SQP SUPPORT] iter=8 support_size=0 support_limit=-1 support_ok=1
[SQP] before_solve iter=9 vars=16 constraints=129 max_d=-0.00292376
[QP WORST] iter=9 row=29 type=collision d=-0.00292376
[QP WORST COLLISION] scenario=39 k=3 obstacle=0 disc=1
[SQP] after_solve iter=9 converged=1 status=0 iterations=6 primal_residual=3.98508e-09 dual_residual=7.03133e-05 x_size=16 x_finite=1
[SQP LINESEARCH] iter=9 current_violation=0 accepted_violation=0 accepted=1 alpha=1 delta_u_norm=0.165555
[SQP SUPPORT] iter=9 support_size=0 support_limit=-1 support_ok=1
[SQP FINAL] final_violation=0 violated_constraints=0
[SUPPORT FINAL] sqp_union=0 final_active=0 support_limit=-1
[SUPPORT FINAL IDS]
[SUPPORT UNION IDS]
[COLD START RECOVERY CHECK] ordinary_sqp_failed=0 seed_available=1 incompatible=0 try_homotopy=0
[HARNESS RESULT] step=24 success=1 controls=8 first_input_present=1
[MPC STEP METRICS] step=24 applied=1 success=1 fallback=0 a=-1.85057 omega=0.8 dt=0.1 acceleration_weight=0.1 steering_weight=0.1 control_cost_unweighted=4.06463 control_cost_weighted=0.406463 mpc_cost=-8.48787 solve_time=0.0384659 qp_solve_time=0.0250407 constraint_time=0.00799855 dro_risk_time=0 ambiguity_radius=0 certificate=not_requested
[EVAL SAFETY] step=25 min_center_distance=1.00402 min_clearance=0.0540234 collision_this_step=0 collision_run=0 collision_radius=0.95
[RF BACKUP] available=1 controls=8 states=9
[FREE POLY] k=1 disc=0 raw=40 facets=4 vertices=7 rho=4.8 anchor_shift=0
[FREE POLY] k=1 disc=1 raw=40 facets=3 vertices=6 rho=0.800001 anchor_shift=0
[FREE POLY] k=1 disc=2 raw=40 facets=4 vertices=8 rho=4.8 anchor_shift=0
[FREE POLY] k=2 disc=0 raw=40 facets=6 vertices=9 rho=5.6 anchor_shift=0
[FREE POLY] k=2 disc=1 raw=40 facets=5 vertices=8 rho=1.6 anchor_shift=0
[FREE POLY] k=2 disc=2 raw=40 facets=4 vertices=8 rho=5.6 anchor_shift=0
[FREE POLY] k=3 disc=0 raw=40 facets=6 vertices=9 rho=6.4 anchor_shift=0
[FREE POLY] k=3 disc=1 raw=40 facets=6 vertices=9 rho=2.4 anchor_shift=0
[FREE POLY] k=3 disc=2 raw=40 facets=6 vertices=9 rho=6.4 anchor_shift=0
[FREE POLY] k=4 disc=0 raw=40 facets=5 vertices=8 rho=7.2 anchor_shift=0
[FREE POLY] k=4 disc=1 raw=40 facets=6 vertices=9 rho=3.2 anchor_shift=0
[FREE POLY] k=4 disc=2 raw=40 facets=6 vertices=9 rho=7.2 anchor_shift=0
[FREE POLY] k=5 disc=0 raw=40 facets=6 vertices=9 rho=8 anchor_shift=0
[FREE POLY] k=5 disc=1 raw=40 facets=5 vertices=8 rho=4 anchor_shift=0
[FREE POLY] k=5 disc=2 raw=40 facets=6 vertices=9 rho=8 anchor_shift=0
[FREE POLY] k=6 disc=0 raw=40 facets=5 vertices=8 rho=8.8 anchor_shift=0
[FREE POLY] k=6 disc=1 raw=40 facets=3 vertices=6 rho=4.8 anchor_shift=0
[FREE POLY] k=6 disc=2 raw=40 facets=4 vertices=7 rho=8.8 anchor_shift=0
[FREE POLY] k=7 disc=0 raw=40 facets=6 vertices=9 rho=9.6 anchor_shift=0
[FREE POLY] k=7 disc=1 raw=40 facets=3 vertices=6 rho=5.6 anchor_shift=0
[FREE POLY] k=7 disc=2 raw=40 facets=6 vertices=9 rho=9.6 anchor_shift=0
[FREE POLY] k=8 disc=0 raw=40 facets=6 vertices=8 rho=10.4 anchor_shift=0
[FREE POLY] k=8 disc=1 raw=40 facets=4 vertices=6 rho=6.4 anchor_shift=0
[FREE POLY] k=8 disc=2 raw=40 facets=5 vertices=8 rho=10.4 anchor_shift=0
[RF SUPPORT SEED] removed=0 support_limit=-1
[SQP] before_solve iter=0 vars=16 constraints=152 max_d=-0.0184272
[QP WORST] iter=0 row=19 type=collision d=-0.0184272
[QP WORST COLLISION] scenario=16 k=2 obstacle=0 disc=1
[SQP] after_solve iter=0 converged=1 status=0 iterations=6 primal_residual=3.28737e-12 dual_residual=3.5648e-08 x_size=16 x_finite=1
[SQP LINESEARCH] iter=0 current_violation=0 accepted_violation=0 accepted=1 alpha=1 delta_u_norm=0.28568
[SQP SUPPORT] iter=0 support_size=0 support_limit=-1 support_ok=1
[SQP] before_solve iter=1 vars=16 constraints=152 max_d=-0.0184507
[QP WORST] iter=1 row=19 type=collision d=-0.0184507
[QP WORST COLLISION] scenario=16 k=2 obstacle=0 disc=1
[SQP] after_solve iter=1 converged=1 status=0 iterations=6 primal_residual=3.71929e-12 dual_residual=4.70433e-08 x_size=16 x_finite=1
[SQP LINESEARCH] iter=1 current_violation=0 accepted_violation=0 accepted=1 alpha=1 delta_u_norm=0.22508
[SQP SUPPORT] iter=1 support_size=0 support_limit=-1 support_ok=1
[SQP] before_solve iter=2 vars=16 constraints=152 max_d=-0.018396
[QP WORST] iter=2 row=19 type=collision d=-0.018396
[QP WORST COLLISION] scenario=16 k=2 obstacle=0 disc=1
[SQP] after_solve iter=2 converged=1 status=0 iterations=6 primal_residual=4.85096e-12 dual_residual=6.57915e-08 x_size=16 x_finite=1
[SQP LINESEARCH] iter=2 current_violation=0 accepted_violation=0 accepted=1 alpha=1 delta_u_norm=0.201544
[SQP SUPPORT] iter=2 support_size=0 support_limit=-1 support_ok=1
[SQP] before_solve iter=3 vars=16 constraints=152 max_d=-0.0183313
[QP WORST] iter=3 row=19 type=collision d=-0.0183313
[QP WORST COLLISION] scenario=16 k=2 obstacle=0 disc=1
[SQP] after_solve iter=3 converged=1 status=0 iterations=6 primal_residual=4.25068e-12 dual_residual=7.63804e-08 x_size=16 x_finite=1
[SQP LINESEARCH] iter=3 current_violation=0 accepted_violation=0 accepted=1 alpha=1 delta_u_norm=0.186042
[SQP SUPPORT] iter=3 support_size=0 support_limit=-1 support_ok=1
[SQP] before_solve iter=4 vars=16 constraints=152 max_d=-0.0182722
[QP WORST] iter=4 row=19 type=collision d=-0.0182722
[QP WORST COLLISION] scenario=16 k=2 obstacle=0 disc=1
[SQP] after_solve iter=4 converged=1 status=0 iterations=6 primal_residual=1.12032e-12 dual_residual=7.02901e-08 x_size=16 x_finite=1
[SQP LINESEARCH] iter=4 current_violation=0 accepted_violation=0 accepted=1 alpha=1 delta_u_norm=0.1742
[SQP SUPPORT] iter=4 support_size=0 support_limit=-1 support_ok=1
[SQP] before_solve iter=5 vars=16 constraints=152 max_d=-0.0182213
[QP WORST] iter=5 row=19 type=collision d=-0.0182213
[QP WORST COLLISION] scenario=16 k=2 obstacle=0 disc=1
[SQP] after_solve iter=5 converged=1 status=0 iterations=6 primal_residual=4.10316e-16 dual_residual=7.54741e-08 x_size=16 x_finite=1
[SQP LINESEARCH] iter=5 current_violation=0 accepted_violation=0 accepted=1 alpha=1 delta_u_norm=0.164503
[SQP SUPPORT] iter=5 support_size=0 support_limit=-1 support_ok=1
[SQP] before_solve iter=6 vars=16 constraints=152 max_d=-0.0181779
[QP WORST] iter=6 row=19 type=collision d=-0.0181779
[QP WORST COLLISION] scenario=16 k=2 obstacle=0 disc=1
[SQP] after_solve iter=6 converged=1 status=0 iterations=6 primal_residual=4.39204e-16 dual_residual=8.89985e-08 x_size=16 x_finite=1
[SQP LINESEARCH] iter=6 current_violation=0 accepted_violation=0 accepted=1 alpha=1 delta_u_norm=0.15617
[SQP SUPPORT] iter=6 support_size=0 support_limit=-1 support_ok=1
[SQP] before_solve iter=7 vars=16 constraints=152 max_d=-0.0181409
[QP WORST] iter=7 row=19 type=collision d=-0.0181409
[QP WORST COLLISION] scenario=16 k=2 obstacle=0 disc=1
[SQP] after_solve iter=7 converged=1 status=0 iterations=6 primal_residual=4.39319e-16 dual_residual=3.23834e-07 x_size=16 x_finite=1
[SQP LINESEARCH] iter=7 current_violation=0 accepted_violation=0 accepted=1 alpha=1 delta_u_norm=0.148761
[SQP SUPPORT] iter=7 support_size=0 support_limit=-1 support_ok=1
[SQP] before_solve iter=8 vars=16 constraints=152 max_d=-0.0181092
[QP WORST] iter=8 row=19 type=collision d=-0.0181092
[QP WORST COLLISION] scenario=16 k=2 obstacle=0 disc=1
[SQP] after_solve iter=8 converged=1 status=0 iterations=6 primal_residual=3.46213e-16 dual_residual=1.14802e-06 x_size=16 x_finite=1
[SQP LINESEARCH] iter=8 current_violation=0 accepted_violation=0 accepted=1 alpha=1 delta_u_norm=0.142015
[SQP SUPPORT] iter=8 support_size=0 support_limit=-1 support_ok=1
[SQP] before_solve iter=9 vars=16 constraints=152 max_d=-0.0180818
[QP WORST] iter=9 row=19 type=collision d=-0.0180818
[QP WORST COLLISION] scenario=16 k=2 obstacle=0 disc=1
[SQP] after_solve iter=9 converged=1 status=0 iterations=6 primal_residual=3.64028e-12 dual_residual=2.34112e-07 x_size=16 x_finite=1
[SQP LINESEARCH] iter=9 current_violation=0 accepted_violation=0 accepted=1 alpha=1 delta_u_norm=0.135833
[SQP SUPPORT] iter=9 support_size=0 support_limit=-1 support_ok=1
[SQP FINAL] final_violation=0 violated_constraints=0
[SUPPORT FINAL] sqp_union=0 final_active=0 support_limit=-1
[SUPPORT FINAL IDS]
[SUPPORT UNION IDS]
[COLD START RECOVERY CHECK] ordinary_sqp_failed=0 seed_available=1 incompatible=0 try_homotopy=0
[HARNESS RESULT] step=25 success=1 controls=8 first_input_present=1
[MPC STEP METRICS] step=25 applied=1 success=1 fallback=0 a=-0.396461 omega=0.8 dt=0.1 acceleration_weight=0.1 steering_weight=0.1 control_cost_unweighted=0.797181 control_cost_weighted=0.0797181 mpc_cost=-8.84247 solve_time=0.0387024 qp_solve_time=0.0259647 constraint_time=0.00778513 dro_risk_time=0 ambiguity_radius=0 certificate=not_requested
[EVAL SAFETY] step=26 min_center_distance=0.985434 min_clearance=0.0354341 collision_this_step=0 collision_run=0 collision_radius=0.95
[RF BACKUP] available=1 controls=8 states=9
[FREE POLY] k=1 disc=0 raw=40 facets=4 vertices=7 rho=4.8 anchor_shift=0
[FREE POLY] k=1 disc=1 raw=40 facets=2 vertices=5 rho=0.800001 anchor_shift=0
[FREE POLY] k=1 disc=2 raw=40 facets=4 vertices=8 rho=4.8 anchor_shift=0
[FREE POLY] k=2 disc=0 raw=40 facets=4 vertices=7 rho=5.6 anchor_shift=0
[FREE POLY] k=2 disc=1 raw=40 facets=3 vertices=6 rho=1.6 anchor_shift=0
[FREE POLY] k=2 disc=2 raw=40 facets=4 vertices=7 rho=5.6 anchor_shift=0
[FREE POLY] k=3 disc=0 raw=40 facets=7 vertices=10 rho=6.4 anchor_shift=0
[FREE POLY] k=3 disc=1 raw=40 facets=4 vertices=7 rho=2.4 anchor_shift=0
[FREE POLY] k=3 disc=2 raw=40 facets=5 vertices=8 rho=6.4 anchor_shift=0
[FREE POLY] k=4 disc=0 raw=40 facets=6 vertices=9 rho=7.2 anchor_shift=0
[FREE POLY] k=4 disc=1 raw=40 facets=4 vertices=7 rho=3.2 anchor_shift=0
[FREE POLY] k=4 disc=2 raw=40 facets=4 vertices=7 rho=7.2 anchor_shift=0
[FREE POLY] k=5 disc=0 raw=40 facets=5 vertices=8 rho=8 anchor_shift=0
[FREE POLY] k=5 disc=1 raw=40 facets=4 vertices=7 rho=4 anchor_shift=0
[FREE POLY] k=5 disc=2 raw=40 facets=3 vertices=6 rho=8 anchor_shift=0
[FREE POLY] k=6 disc=0 raw=40 facets=5 vertices=8 rho=8.8 anchor_shift=0
[FREE POLY] k=6 disc=1 raw=40 facets=4 vertices=7 rho=4.8 anchor_shift=0
[FREE POLY] k=6 disc=2 raw=40 facets=4 vertices=7 rho=8.8 anchor_shift=0
[FREE POLY] k=7 disc=0 raw=40 facets=5 vertices=7 rho=9.6 anchor_shift=0
[FREE POLY] k=7 disc=1 raw=40 facets=5 vertices=8 rho=5.6 anchor_shift=0
[FREE POLY] k=7 disc=2 raw=40 facets=3 vertices=6 rho=9.6 anchor_shift=0
[FREE POLY] k=8 disc=0 raw=40 facets=4 vertices=7 rho=10.4 anchor_shift=0
[FREE POLY] k=8 disc=1 raw=40 facets=5 vertices=8 rho=6.4 anchor_shift=0
[FREE POLY] k=8 disc=2 raw=40 facets=5 vertices=8 rho=10.4 anchor_shift=0
[RF SUPPORT SEED] removed=0 support_limit=-1
[SQP] before_solve iter=0 vars=16 constraints=135 max_d=-0.0263992
[QP WORST] iter=0 row=5 type=collision d=-0.0263992
[QP WORST COLLISION] scenario=30 k=1 obstacle=0 disc=1
[SQP] after_solve iter=0 converged=1 status=0 iterations=4 primal_residual=1.97564e-09 dual_residual=7.31265e-05 x_size=16 x_finite=1
[SQP LINESEARCH] iter=0 current_violation=0 accepted_violation=0 accepted=1 alpha=1 delta_u_norm=0.366258
[SQP SUPPORT] iter=0 support_size=0 support_limit=-1 support_ok=1
[SQP] before_solve iter=1 vars=16 constraints=135 max_d=-0.026408
[QP WORST] iter=1 row=5 type=collision d=-0.026408
[QP WORST COLLISION] scenario=30 k=1 obstacle=0 disc=1
[SQP] after_solve iter=1 converged=1 status=0 iterations=4 primal_residual=1.41982e-10 dual_residual=2.52128e-06 x_size=16 x_finite=1
[SQP LINESEARCH] iter=1 current_violation=0 accepted_violation=0 accepted=1 alpha=1 delta_u_norm=0.2066
[SQP SUPPORT] iter=1 support_size=0 support_limit=-1 support_ok=1
[SQP] before_solve iter=2 vars=16 constraints=135 max_d=-0.0264018
[QP WORST] iter=2 row=5 type=collision d=-0.0264018
[QP WORST COLLISION] scenario=30 k=1 obstacle=0 disc=1
[SQP] after_solve iter=2 converged=1 status=0 iterations=4 primal_residual=1.3788e-10 dual_residual=2.21926e-06 x_size=16 x_finite=1
[SQP LINESEARCH] iter=2 current_violation=0 accepted_violation=0 accepted=1 alpha=1 delta_u_norm=0.186685
[SQP SUPPORT] iter=2 support_size=0 support_limit=-1 support_ok=1
[SQP] before_solve iter=3 vars=16 constraints=135 max_d=-0.0263933
[QP WORST] iter=3 row=5 type=collision d=-0.0263933
[QP WORST COLLISION] scenario=30 k=1 obstacle=0 disc=1
[SQP] after_solve iter=3 converged=1 status=0 iterations=4 primal_residual=1.37055e-10 dual_residual=2.12846e-06 x_size=16 x_finite=1
[SQP LINESEARCH] iter=3 current_violation=0 accepted_violation=0 accepted=1 alpha=1 delta_u_norm=0.173759
[SQP SUPPORT] iter=3 support_size=0 support_limit=-1 support_ok=1
[SQP] before_solve iter=4 vars=16 constraints=135 max_d=-0.026386
[QP WORST] iter=4 row=5 type=collision d=-0.026386
[QP WORST COLLISION] scenario=30 k=1 obstacle=0 disc=1
[SQP] after_solve iter=4 converged=1 status=0 iterations=4 primal_residual=1.34624e-10 dual_residual=2.08501e-06 x_size=16 x_finite=1
[SQP LINESEARCH] iter=4 current_violation=0 accepted_violation=0 accepted=1 alpha=1 delta_u_norm=0.163201
[SQP SUPPORT] iter=4 support_size=0 support_limit=-1 support_ok=1
[SQP] before_solve iter=5 vars=16 constraints=135 max_d=-0.0263802
[QP WORST] iter=5 row=5 type=collision d=-0.0263802
[QP WORST COLLISION] scenario=30 k=1 obstacle=0 disc=1
[SQP] after_solve iter=5 converged=1 status=0 iterations=4 primal_residual=1.27556e-10 dual_residual=2.06824e-06 x_size=16 x_finite=1
[SQP LINESEARCH] iter=5 current_violation=0 accepted_violation=0 accepted=1 alpha=1 delta_u_norm=0.154072
[SQP SUPPORT] iter=5 support_size=0 support_limit=-1 support_ok=1
[SQP] before_solve iter=6 vars=16 constraints=135 max_d=-0.0263758
[QP WORST] iter=6 row=5 type=collision d=-0.0263758
[QP WORST COLLISION] scenario=30 k=1 obstacle=0 disc=1
[SQP] after_solve iter=6 converged=1 status=0 iterations=4 primal_residual=1.00409e-10 dual_residual=2.04794e-06 x_size=16 x_finite=1
[SQP LINESEARCH] iter=6 current_violation=0 accepted_violation=0 accepted=1 alpha=1 delta_u_norm=0.145952
[SQP SUPPORT] iter=6 support_size=0 support_limit=-1 support_ok=1
[SQP] before_solve iter=7 vars=16 constraints=135 max_d=-0.0263725
[QP WORST] iter=7 row=5 type=collision d=-0.0263725
[QP WORST COLLISION] scenario=30 k=1 obstacle=0 disc=1
[SQP] after_solve iter=7 converged=1 status=0 iterations=4 primal_residual=1.92185e-10 dual_residual=2.1168e-06 x_size=16 x_finite=1
[SQP LINESEARCH] iter=7 current_violation=0 accepted_violation=0 accepted=1 alpha=1 delta_u_norm=0.138588
[SQP SUPPORT] iter=7 support_size=0 support_limit=-1 support_ok=1
[SQP] before_solve iter=8 vars=16 constraints=135 max_d=-0.0263701
[QP WORST] iter=8 row=5 type=collision d=-0.0263701
[QP WORST COLLISION] scenario=30 k=1 obstacle=0 disc=1
[SQP] after_solve iter=8 converged=1 status=0 iterations=4 primal_residual=5.05465e-10 dual_residual=3.05534e-06 x_size=16 x_finite=1
[SQP LINESEARCH] iter=8 current_violation=0 accepted_violation=0 accepted=1 alpha=1 delta_u_norm=0.131764
[SQP SUPPORT] iter=8 support_size=0 support_limit=-1 support_ok=1
[SQP] before_solve iter=9 vars=16 constraints=135 max_d=-0.0263683
[QP WORST] iter=9 row=5 type=collision d=-0.0263683
[QP WORST COLLISION] scenario=30 k=1 obstacle=0 disc=1
[SQP] after_solve iter=9 converged=1 status=0 iterations=4 primal_residual=1.29822e-09 dual_residual=1.11451e-05 x_size=16 x_finite=1
[SQP LINESEARCH] iter=9 current_violation=0 accepted_violation=0 accepted=1 alpha=1 delta_u_norm=0.124943
[SQP SUPPORT] iter=9 support_size=0 support_limit=-1 support_ok=1
[SQP FINAL] final_violation=0 violated_constraints=0
[SUPPORT FINAL] sqp_union=0 final_active=0 support_limit=-1
[SUPPORT FINAL IDS]
[SUPPORT UNION IDS]
[COLD START RECOVERY CHECK] ordinary_sqp_failed=0 seed_available=1 incompatible=0 try_homotopy=0
[HARNESS RESULT] step=26 success=1 controls=8 first_input_present=1
[MPC STEP METRICS] step=26 applied=1 success=1 fallback=0 a=0.445583 omega=0.799999 dt=0.1 acceleration_weight=0.1 steering_weight=0.1 control_cost_unweighted=0.838543 control_cost_weighted=0.0838543 mpc_cost=-9.02883 solve_time=0.0380354 qp_solve_time=0.0254625 constraint_time=0.00758915 dro_risk_time=0 ambiguity_radius=0 certificate=not_requested
[EVAL SAFETY] step=27 min_center_distance=0.984409 min_clearance=0.0344092 collision_this_step=0 collision_run=0 collision_radius=0.95
[RF BACKUP] available=1 controls=8 states=9
[FREE POLY] k=1 disc=0 raw=40 facets=3 vertices=6 rho=4.8 anchor_shift=0
[FREE POLY] k=1 disc=1 raw=40 facets=3 vertices=6 rho=0.800001 anchor_shift=0
[FREE POLY] k=1 disc=2 raw=40 facets=3 vertices=6 rho=4.8 anchor_shift=0
[FREE POLY] k=2 disc=0 raw=40 facets=4 vertices=7 rho=5.6 anchor_shift=0
[FREE POLY] k=2 disc=1 raw=40 facets=3 vertices=6 rho=1.6 anchor_shift=0
[FREE POLY] k=2 disc=2 raw=40 facets=4 vertices=7 rho=5.6 anchor_shift=0
[FREE POLY] k=3 disc=0 raw=40 facets=6 vertices=9 rho=6.4 anchor_shift=0
[FREE POLY] k=3 disc=1 raw=40 facets=5 vertices=8 rho=2.4 anchor_shift=0
[FREE POLY] k=3 disc=2 raw=40 facets=5 vertices=8 rho=6.4 anchor_shift=0
[FREE POLY] k=4 disc=0 raw=40 facets=6 vertices=9 rho=7.2 anchor_shift=0
[FREE POLY] k=4 disc=1 raw=40 facets=4 vertices=7 rho=3.2 anchor_shift=0
[FREE POLY] k=4 disc=2 raw=40 facets=5 vertices=8 rho=7.2 anchor_shift=0
[FREE POLY] k=5 disc=0 raw=40 facets=5 vertices=8 rho=8 anchor_shift=0
[FREE POLY] k=5 disc=1 raw=40 facets=5 vertices=8 rho=4 anchor_shift=0
[FREE POLY] k=5 disc=2 raw=40 facets=5 vertices=8 rho=8 anchor_shift=0
[FREE POLY] k=6 disc=0 raw=40 facets=5 vertices=8 rho=8.8 anchor_shift=0
[FREE POLY] k=6 disc=1 raw=40 facets=5 vertices=8 rho=4.8 anchor_shift=0
[FREE POLY] k=6 disc=2 raw=40 facets=5 vertices=8 rho=8.8 anchor_shift=0
[FREE POLY] k=7 disc=0 raw=40 facets=4 vertices=7 rho=9.6 anchor_shift=0
[FREE POLY] k=7 disc=1 raw=40 facets=5 vertices=8 rho=5.6 anchor_shift=0
[FREE POLY] k=7 disc=2 raw=40 facets=5 vertices=8 rho=9.6 anchor_shift=0
[FREE POLY] k=8 disc=0 raw=40 facets=4 vertices=7 rho=10.4 anchor_shift=0
[FREE POLY] k=8 disc=1 raw=40 facets=5 vertices=8 rho=6.4 anchor_shift=0
[FREE POLY] k=8 disc=2 raw=40 facets=5 vertices=8 rho=10.4 anchor_shift=0
[RF SUPPORT SEED] removed=0 support_limit=-1
[SQP] before_solve iter=0 vars=16 constraints=141 max_d=-0.0472125
[QP WORST] iter=0 row=5 type=collision d=-0.0472125
[QP WORST COLLISION] scenario=34 k=1 obstacle=0 disc=1
[SQP] after_solve iter=0 converged=1 status=0 iterations=4 primal_residual=4.44089e-16 dual_residual=1.08082e-06 x_size=16 x_finite=1
[SQP LINESEARCH] iter=0 current_violation=0 accepted_violation=0 accepted=1 alpha=1 delta_u_norm=0.42615
[SQP SUPPORT] iter=0 support_size=0 support_limit=-1 support_ok=1
[SQP] before_solve iter=1 vars=16 constraints=141 max_d=-0.0472392
[QP WORST] iter=1 row=5 type=collision d=-0.0472392
[QP WORST COLLISION] scenario=34 k=1 obstacle=0 disc=1
[SQP] after_solve iter=1 converged=1 status=0 iterations=3 primal_residual=1.09415e-07 dual_residual=7.89329e-05 x_size=16 x_finite=1
[SQP LINESEARCH] iter=1 current_violation=0 accepted_violation=0 accepted=1 alpha=1 delta_u_norm=0.304073
[SQP SUPPORT] iter=1 support_size=0 support_limit=-1 support_ok=1
[SQP] before_solve iter=2 vars=16 constraints=141 max_d=-0.0472274
[QP WORST] iter=2 row=5 type=collision d=-0.0472274
[QP WORST COLLISION] scenario=34 k=1 obstacle=0 disc=1
[SQP] after_solve iter=2 converged=1 status=0 iterations=3 primal_residual=1.91123e-07 dual_residual=7.32303e-05 x_size=16 x_finite=1
[SQP LINESEARCH] iter=2 current_violation=0 accepted_violation=0 accepted=1 alpha=1 delta_u_norm=0.259643
[SQP SUPPORT] iter=2 support_size=0 support_limit=-1 support_ok=1
[SQP] before_solve iter=3 vars=16 constraints=141 max_d=-0.0472093
[QP WORST] iter=3 row=5 type=collision d=-0.0472093
[QP WORST COLLISION] scenario=34 k=1 obstacle=0 disc=1
[SQP] after_solve iter=3 converged=1 status=0 iterations=4 primal_residual=1.70371e-10 dual_residual=1.18851e-05 x_size=16 x_finite=1
[SQP LINESEARCH] iter=3 current_violation=0 accepted_violation=0 accepted=1 alpha=1 delta_u_norm=0.237109
[SQP SUPPORT] iter=3 support_size=0 support_limit=-1 support_ok=1
[SQP] before_solve iter=4 vars=16 constraints=141 max_d=-0.0471928
[QP WORST] iter=4 row=5 type=collision d=-0.0471928
[QP WORST COLLISION] scenario=34 k=1 obstacle=0 disc=1
[SQP] after_solve iter=4 converged=1 status=0 iterations=4 primal_residual=2.00853e-10 dual_residual=1.44821e-05 x_size=16 x_finite=1
[SQP LINESEARCH] iter=4 current_violation=0 accepted_violation=0 accepted=1 alpha=1 delta_u_norm=0.212625
[SQP SUPPORT] iter=4 support_size=0 support_limit=-1 support_ok=1
[SQP] before_solve iter=5 vars=16 constraints=141 max_d=-0.0471797
[QP WORST] iter=5 row=5 type=collision d=-0.0471797
[QP WORST COLLISION] scenario=34 k=1 obstacle=0 disc=1
[SQP] after_solve iter=5 converged=1 status=0 iterations=4 primal_residual=4.39525e-16 dual_residual=7.52953e-06 x_size=16 x_finite=1
[SQP LINESEARCH] iter=5 current_violation=0 accepted_violation=0 accepted=1 alpha=1 delta_u_norm=0.193506
[SQP SUPPORT] iter=5 support_size=0 support_limit=-1 support_ok=1
[SQP] before_solve iter=6 vars=16 constraints=141 max_d=-0.0471697
[QP WORST] iter=6 row=5 type=collision d=-0.0471697
[QP WORST COLLISION] scenario=34 k=1 obstacle=0 disc=1
[SQP] after_solve iter=6 converged=1 status=0 iterations=4 primal_residual=4.34995e-16 dual_residual=1.55253e-05 x_size=16 x_finite=1
[SQP LINESEARCH] iter=6 current_violation=0 accepted_violation=0 accepted=1 alpha=1 delta_u_norm=0.167424
[SQP SUPPORT] iter=6 support_size=0 support_limit=-1 support_ok=1
[SQP] before_solve iter=7 vars=16 constraints=141 max_d=-0.0471622
[QP WORST] iter=7 row=5 type=collision d=-0.0471622
[QP WORST COLLISION] scenario=34 k=1 obstacle=0 disc=1
[SQP] after_solve iter=7 converged=1 status=0 iterations=4 primal_residual=4.27392e-16 dual_residual=7.81726e-06 x_size=16 x_finite=1
[SQP LINESEARCH] iter=7 current_violation=0 accepted_violation=0 accepted=1 alpha=1 delta_u_norm=0.124077
[SQP SUPPORT] iter=7 support_size=0 support_limit=-1 support_ok=1
[SQP] before_solve iter=8 vars=16 constraints=141 max_d=-0.0471566
[QP WORST] iter=8 row=5 type=collision d=-0.0471566
[QP WORST COLLISION] scenario=34 k=1 obstacle=0 disc=1
[SQP] after_solve iter=8 converged=1 status=0 iterations=4 primal_residual=4.4062e-16 dual_residual=6.50599e-06 x_size=16 x_finite=1
[SQP LINESEARCH] iter=8 current_violation=0 accepted_violation=0 accepted=1 alpha=1 delta_u_norm=0.110171
[SQP SUPPORT] iter=8 support_size=0 support_limit=-1 support_ok=1
[SQP] before_solve iter=9 vars=16 constraints=141 max_d=-0.0471527
[QP WORST] iter=9 row=5 type=collision d=-0.0471527
[QP WORST COLLISION] scenario=34 k=1 obstacle=0 disc=1
[SQP] after_solve iter=9 converged=1 status=0 iterations=4 primal_residual=4.3261e-16 dual_residual=6.05531e-06 x_size=16 x_finite=1
[SQP LINESEARCH] iter=9 current_violation=0 accepted_violation=0 accepted=1 alpha=1 delta_u_norm=0.103999
[SQP SUPPORT] iter=9 support_size=0 support_limit=-1 support_ok=1
[SQP FINAL] final_violation=0 violated_constraints=0
[SUPPORT FINAL] sqp_union=0 final_active=0 support_limit=-1
[SUPPORT FINAL IDS]
[SUPPORT UNION IDS]
[COLD START RECOVERY CHECK] ordinary_sqp_failed=0 seed_available=1 incompatible=0 try_homotopy=0
[HARNESS RESULT] step=27 success=1 controls=8 first_input_present=1
[MPC STEP METRICS] step=27 applied=1 success=1 fallback=0 a=0.663986 omega=0.8 dt=0.1 acceleration_weight=0.1 steering_weight=0.1 control_cost_unweighted=1.08088 control_cost_weighted=0.108088 mpc_cost=-9.24422 solve_time=0.0378152 qp_solve_time=0.0252706 constraint_time=0.00756057 dro_risk_time=0 ambiguity_radius=0 certificate=not_requested
[EVAL SAFETY] step=28 min_center_distance=1.00144 min_clearance=0.0514393 collision_this_step=0 collision_run=0 collision_radius=0.95
[RF BACKUP] available=1 controls=8 states=9
[FREE POLY] k=1 disc=0 raw=40 facets=5 vertices=8 rho=4.8 anchor_shift=0
[FREE POLY] k=1 disc=1 raw=40 facets=1 vertices=4 rho=0.800001 anchor_shift=0
[FREE POLY] k=1 disc=2 raw=40 facets=2 vertices=5 rho=4.8 anchor_shift=0
[FREE POLY] k=2 disc=0 raw=40 facets=3 vertices=6 rho=5.6 anchor_shift=0
[FREE POLY] k=2 disc=1 raw=40 facets=3 vertices=6 rho=1.6 anchor_shift=0
[FREE POLY] k=2 disc=2 raw=40 facets=3 vertices=6 rho=5.6 anchor_shift=0
[FREE POLY] k=3 disc=0 raw=40 facets=3 vertices=7 rho=6.4 anchor_shift=0
[FREE POLY] k=3 disc=1 raw=40 facets=4 vertices=7 rho=2.4 anchor_shift=0
[FREE POLY] k=3 disc=2 raw=40 facets=3 vertices=6 rho=6.4 anchor_shift=0
[FREE POLY] k=4 disc=0 raw=40 facets=3 vertices=6 rho=7.2 anchor_shift=0
[FREE POLY] k=4 disc=1 raw=40 facets=4 vertices=7 rho=3.2 anchor_shift=0
[FREE POLY] k=4 disc=2 raw=40 facets=3 vertices=6 rho=7.2 anchor_shift=0
[FREE POLY] k=5 disc=0 raw=40 facets=3 vertices=6 rho=8 anchor_shift=0
[FREE POLY] k=5 disc=1 raw=40 facets=3 vertices=6 rho=4 anchor_shift=0
[FREE POLY] k=5 disc=2 raw=40 facets=3 vertices=6 rho=8 anchor_shift=0
[FREE POLY] k=6 disc=0 raw=40 facets=3 vertices=6 rho=8.8 anchor_shift=0
[FREE POLY] k=6 disc=1 raw=40 facets=3 vertices=6 rho=4.8 anchor_shift=0
[FREE POLY] k=6 disc=2 raw=40 facets=4 vertices=7 rho=8.8 anchor_shift=0
[FREE POLY] k=7 disc=0 raw=40 facets=4 vertices=7 rho=9.6 anchor_shift=0
[FREE POLY] k=7 disc=1 raw=40 facets=3 vertices=6 rho=5.6 anchor_shift=0
[FREE POLY] k=7 disc=2 raw=40 facets=4 vertices=7 rho=9.6 anchor_shift=0
[FREE POLY] k=8 disc=0 raw=40 facets=4 vertices=7 rho=10.4 anchor_shift=0
[FREE POLY] k=8 disc=1 raw=40 facets=4 vertices=7 rho=6.4 anchor_shift=0
[FREE POLY] k=8 disc=2 raw=40 facets=5 vertices=8 rho=10.4 anchor_shift=0
[RF SUPPORT SEED] removed=0 support_limit=-1
[SQP] before_solve iter=0 vars=16 constraints=112 max_d=0.0227756
[QP WORST] iter=0 row=67 type=collision d=0.0227756
[QP WORST COLLISION] scenario=17 k=8 obstacle=0 disc=0
[SQP] after_solve iter=0 converged=1 status=0 iterations=5 primal_residual=1.19434e-09 dual_residual=1.88588e-05 x_size=16 x_finite=1
[SQP LINESEARCH] iter=0 current_violation=0.0227756 accepted_violation=9.15692e-05 accepted=1 alpha=1 delta_u_norm=0.346536
[SQP SUPPORT] iter=0 support_size=0 support_limit=-1 support_ok=1
[SQP] before_solve iter=1 vars=16 constraints=112 max_d=9.15692e-05
[QP WORST] iter=1 row=67 type=collision d=9.15692e-05
[QP WORST COLLISION] scenario=17 k=8 obstacle=0 disc=0
[SQP] after_solve iter=1 converged=1 status=0 iterations=5 primal_residual=4.37898e-16 dual_residual=2.56971e-05 x_size=16 x_finite=1
[SQP LINESEARCH] iter=1 current_violation=9.15692e-05 accepted_violation=0 accepted=1 alpha=1 delta_u_norm=0.237388
[SQP SUPPORT] iter=1 support_size=0 support_limit=-1 support_ok=1
[SQP] before_solve iter=2 vars=16 constraints=112 max_d=-0.000661326
[QP WORST] iter=2 row=67 type=collision d=-0.000661326
[QP WORST COLLISION] scenario=17 k=8 obstacle=0 disc=0
[SQP] after_solve iter=2 converged=1 status=0 iterations=5 primal_residual=3.95517e-16 dual_residual=5.20257e-06 x_size=16 x_finite=1
[SQP LINESEARCH] iter=2 current_violation=0 accepted_violation=0 accepted=1 alpha=1 delta_u_norm=0.206848
[SQP SUPPORT] iter=2 support_size=0 support_limit=-1 support_ok=1
[SQP] before_solve iter=3 vars=16 constraints=112 max_d=-0.000102812
[QP WORST] iter=3 row=67 type=collision d=-0.000102812
[QP WORST COLLISION] scenario=17 k=8 obstacle=0 disc=0
[SQP] after_solve iter=3 converged=1 status=0 iterations=5 primal_residual=1.68795e-11 dual_residual=5.14993e-06 x_size=16 x_finite=1
[SQP LINESEARCH] iter=3 current_violation=0 accepted_violation=0 accepted=1 alpha=1 delta_u_norm=0.184548
[SQP SUPPORT] iter=3 support_size=0 support_limit=-1 support_ok=1
[SQP] before_solve iter=4 vars=16 constraints=112 max_d=-1.45901e-05
[QP WORST] iter=4 row=67 type=collision d=-1.45901e-05
[QP WORST COLLISION] scenario=17 k=8 obstacle=0 disc=0
[SQP] after_solve iter=4 converged=1 status=0 iterations=5 primal_residual=4.29507e-16 dual_residual=1.27072e-06 x_size=16 x_finite=1
[SQP LINESEARCH] iter=4 current_violation=0 accepted_violation=0 accepted=1 alpha=1 delta_u_norm=0.166023
[SQP SUPPORT] iter=4 support_size=0 support_limit=-1 support_ok=1
[SQP] before_solve iter=5 vars=16 constraints=112 max_d=-2.13998e-05
[QP WORST] iter=5 row=67 type=collision d=-2.13998e-05
[QP WORST COLLISION] scenario=17 k=8 obstacle=0 disc=0
[SQP] after_solve iter=5 converged=1 status=0 iterations=5 primal_residual=1.13621e-10 dual_residual=1.70373e-06 x_size=16 x_finite=1
[SQP LINESEARCH] iter=5 current_violation=0 accepted_violation=0 accepted=1 alpha=1 delta_u_norm=0.150879
[SQP SUPPORT] iter=5 support_size=0 support_limit=-1 support_ok=1
[SQP] before_solve iter=6 vars=16 constraints=112 max_d=-2.59012e-05
[QP WORST] iter=6 row=67 type=collision d=-2.59012e-05
[QP WORST COLLISION] scenario=17 k=8 obstacle=0 disc=0
[SQP] after_solve iter=6 converged=1 status=0 iterations=5 primal_residual=4.24385e-11 dual_residual=7.93685e-07 x_size=16 x_finite=1
[SQP LINESEARCH] iter=6 current_violation=0 accepted_violation=0 accepted=1 alpha=1 delta_u_norm=0.137973
[SQP SUPPORT] iter=6 support_size=0 support_limit=-1 support_ok=1
[SQP] before_solve iter=7 vars=16 constraints=112 max_d=-1.08408e-05
[QP WORST] iter=7 row=67 type=collision d=-1.08408e-05
[QP WORST COLLISION] scenario=17 k=8 obstacle=0 disc=0
[SQP] after_solve iter=7 converged=1 status=0 iterations=4 primal_residual=1.13448e-08 dual_residual=9.00743e-05 x_size=16 x_finite=1
[SQP LINESEARCH] iter=7 current_violation=0 accepted_violation=0 accepted=1 alpha=1 delta_u_norm=0.12687
[SQP SUPPORT] iter=7 support_size=0 support_limit=-1 support_ok=1
[SQP] before_solve iter=8 vars=16 constraints=112 max_d=-0.00111491
[QP WORST] iter=8 row=67 type=collision d=-0.00111491
[QP WORST COLLISION] scenario=17 k=8 obstacle=0 disc=0
[SQP] after_solve iter=8 converged=1 status=0 iterations=5 primal_residual=3.85109e-16 dual_residual=3.43836e-07 x_size=16 x_finite=1
[SQP LINESEARCH] iter=8 current_violation=0 accepted_violation=0 accepted=1 alpha=1 delta_u_norm=0.117188
[SQP SUPPORT] iter=8 support_size=0 support_limit=-1 support_ok=1
[SQP] before_solve iter=9 vars=16 constraints=112 max_d=-3.95893e-06
[QP WORST] iter=9 row=67 type=collision d=-3.95893e-06
[QP WORST COLLISION] scenario=17 k=8 obstacle=0 disc=0
[SQP] after_solve iter=9 converged=1 status=0 iterations=5 primal_residual=4.42354e-16 dual_residual=2.45582e-07 x_size=16 x_finite=1
[SQP LINESEARCH] iter=9 current_violation=0 accepted_violation=0 accepted=1 alpha=1 delta_u_norm=0.108961
[SQP SUPPORT] iter=9 support_size=0 support_limit=-1 support_ok=1
[SQP FINAL] final_violation=0 violated_constraints=0
[SUPPORT FINAL] sqp_union=0 final_active=1 support_limit=-1
[SUPPORT FINAL IDS] 17
[SUPPORT UNION IDS]
[COLD START RECOVERY CHECK] ordinary_sqp_failed=0 seed_available=1 incompatible=0 try_homotopy=0
[HARNESS RESULT] step=28 success=1 controls=8 first_input_present=1
[MPC STEP METRICS] step=28 applied=1 success=1 fallback=0 a=0.623193 omega=0.8 dt=0.1 acceleration_weight=0.1 steering_weight=0.1 control_cost_unweighted=1.02837 control_cost_weighted=0.102837 mpc_cost=-9.73911 solve_time=0.037567 qp_solve_time=0.0252839 constraint_time=0.0072282 dro_risk_time=0 ambiguity_radius=0 certificate=not_requested
[EVAL SAFETY] step=29 min_center_distance=1.03872 min_clearance=0.0887159 collision_this_step=0 collision_run=0 collision_radius=0.95
[RF BACKUP] available=1 controls=8 states=9
[FREE POLY] k=1 disc=0 raw=40 facets=7 vertices=10 rho=4.8 anchor_shift=0
[FREE POLY] k=1 disc=1 raw=40 facets=4 vertices=7 rho=0.800001 anchor_shift=0
[FREE POLY] k=1 disc=2 raw=40 facets=6 vertices=9 rho=4.8 anchor_shift=0
[FREE POLY] k=2 disc=0 raw=40 facets=5 vertices=9 rho=5.6 anchor_shift=0
[FREE POLY] k=2 disc=1 raw=40 facets=3 vertices=6 rho=1.6 anchor_shift=0
[FREE POLY] k=2 disc=2 raw=40 facets=5 vertices=8 rho=5.6 anchor_shift=0
[FREE POLY] k=3 disc=0 raw=40 facets=5 vertices=9 rho=6.4 anchor_shift=0
[FREE POLY] k=3 disc=1 raw=40 facets=3 vertices=6 rho=2.4 anchor_shift=0
[FREE POLY] k=3 disc=2 raw=40 facets=3 vertices=6 rho=6.4 anchor_shift=0
[FREE POLY] k=4 disc=0 raw=40 facets=5 vertices=8 rho=7.2 anchor_shift=0
[FREE POLY] k=4 disc=1 raw=40 facets=3 vertices=6 rho=3.2 anchor_shift=0
[FREE POLY] k=4 disc=2 raw=40 facets=3 vertices=6 rho=7.2 anchor_shift=0
[FREE POLY] k=5 disc=0 raw=40 facets=4 vertices=7 rho=8 anchor_shift=0
[FREE POLY] k=5 disc=1 raw=40 facets=3 vertices=6 rho=4 anchor_shift=0
[FREE POLY] k=5 disc=2 raw=40 facets=4 vertices=7 rho=8 anchor_shift=0
[FREE POLY] k=6 disc=0 raw=40 facets=5 vertices=8 rho=8.8 anchor_shift=0
[FREE POLY] k=6 disc=1 raw=40 facets=4 vertices=7 rho=4.8 anchor_shift=0
[FREE POLY] k=6 disc=2 raw=40 facets=4 vertices=7 rho=8.8 anchor_shift=0
[FREE POLY] k=7 disc=0 raw=40 facets=5 vertices=8 rho=9.6 anchor_shift=0
[FREE POLY] k=7 disc=1 raw=40 facets=3 vertices=6 rho=5.6 anchor_shift=0
[FREE POLY] k=7 disc=2 raw=40 facets=4 vertices=7 rho=9.6 anchor_shift=0
[FREE POLY] k=8 disc=0 raw=40 facets=5 vertices=8 rho=10.4 anchor_shift=0
[FREE POLY] k=8 disc=1 raw=40 facets=2 vertices=5 rho=6.4 anchor_shift=0
[FREE POLY] k=8 disc=2 raw=40 facets=3 vertices=6 rho=10.4 anchor_shift=0
[RF SUPPORT SEED] removed=0 support_limit=-1
[SQP] before_solve iter=0 vars=16 constraints=130 max_d=0.0767316
[QP WORST] iter=0 row=88 type=collision d=0.0767316
[QP WORST COLLISION] scenario=0 k=8 obstacle=0 disc=0
[SQP] after_solve iter=0 converged=1 status=0 iterations=5 primal_residual=4.16334e-16 dual_residual=2.84313e-07 x_size=16 x_finite=1
[SQP LINESEARCH] iter=0 current_violation=0.0767316 accepted_violation=0.00189823 accepted=1 alpha=1 delta_u_norm=0.466254
[SQP SUPPORT] iter=0 support_size=0 support_limit=-1 support_ok=1
[SQP] before_solve iter=1 vars=16 constraints=130 max_d=0.00189823
[QP WORST] iter=1 row=88 type=collision d=0.00189823
[QP WORST COLLISION] scenario=0 k=8 obstacle=0 disc=0
[SQP] after_solve iter=1 converged=1 status=0 iterations=4 primal_residual=3.78322e-16 dual_residual=7.72912e-05 x_size=16 x_finite=1
[SQP LINESEARCH] iter=1 current_violation=0.00189823 accepted_violation=2.50673e-05 accepted=1 alpha=1 delta_u_norm=0.218242
[SQP SUPPORT] iter=1 support_size=0 support_limit=-1 support_ok=1
[SQP] before_solve iter=2 vars=16 constraints=130 max_d=2.50673e-05
[QP WORST] iter=2 row=88 type=collision d=2.50673e-05
[QP WORST COLLISION] scenario=0 k=8 obstacle=0 disc=0
[SQP] after_solve iter=2 converged=1 status=0 iterations=4 primal_residual=4.37006e-16 dual_residual=6.65015e-05 x_size=16 x_finite=1
[SQP LINESEARCH] iter=2 current_violation=2.50673e-05 accepted_violation=0 accepted=1 alpha=1 delta_u_norm=0.191765
[SQP SUPPORT] iter=2 support_size=0 support_limit=-1 support_ok=1
[SQP] before_solve iter=3 vars=16 constraints=130 max_d=-1.81133e-06
[QP WORST] iter=3 row=88 type=collision d=-1.81133e-06
[QP WORST COLLISION] scenario=0 k=8 obstacle=0 disc=0
[SQP] after_solve iter=3 converged=1 status=0 iterations=4 primal_residual=4.30428e-16 dual_residual=7.35407e-05 x_size=16 x_finite=1
[SQP LINESEARCH] iter=3 current_violation=0 accepted_violation=0 accepted=1 alpha=1 delta_u_norm=0.17436
[SQP SUPPORT] iter=3 support_size=0 support_limit=-1 support_ok=1
[SQP] before_solve iter=4 vars=16 constraints=130 max_d=-5.31776e-06
[QP WORST] iter=4 row=88 type=collision d=-5.31776e-06
[QP WORST COLLISION] scenario=0 k=8 obstacle=0 disc=0
[SQP] after_solve iter=4 converged=1 status=0 iterations=4 primal_residual=4.51028e-16 dual_residual=8.9057e-05 x_size=16 x_finite=1
[SQP LINESEARCH] iter=4 current_violation=0 accepted_violation=0 accepted=1 alpha=1 delta_u_norm=0.155859
[SQP SUPPORT] iter=4 support_size=0 support_limit=-1 support_ok=1
[SQP] before_solve iter=5 vars=16 constraints=130 max_d=-5.39081e-06
[QP WORST] iter=5 row=88 type=collision d=-5.39081e-06
[QP WORST COLLISION] scenario=0 k=8 obstacle=0 disc=0
[SQP] after_solve iter=5 converged=1 status=0 iterations=5 primal_residual=4.30211e-16 dual_residual=1.60875e-05 x_size=16 x_finite=1
[SQP LINESEARCH] iter=5 current_violation=0 accepted_violation=0 accepted=1 alpha=1 delta_u_norm=0.145472
[SQP SUPPORT] iter=5 support_size=0 support_limit=-1 support_ok=1
[SQP] before_solve iter=6 vars=16 constraints=130 max_d=-1.49888e-06
[QP WORST] iter=6 row=88 type=collision d=-1.49888e-06
[QP WORST COLLISION] scenario=0 k=8 obstacle=0 disc=0
[SQP] after_solve iter=6 converged=1 status=0 iterations=5 primal_residual=4.39929e-16 dual_residual=1.58141e-05 x_size=16 x_finite=1
[SQP LINESEARCH] iter=6 current_violation=0 accepted_violation=0 accepted=1 alpha=1 delta_u_norm=0.131344
[SQP SUPPORT] iter=6 support_size=0 support_limit=-1 support_ok=1
[SQP] before_solve iter=7 vars=16 constraints=130 max_d=-2.64479e-06
[QP WORST] iter=7 row=88 type=collision d=-2.64479e-06
[QP WORST COLLISION] scenario=0 k=8 obstacle=0 disc=0
[SQP] after_solve iter=7 converged=1 status=0 iterations=5 primal_residual=4.30998e-16 dual_residual=3.22279e-05 x_size=16 x_finite=1
[SQP LINESEARCH] iter=7 current_violation=0 accepted_violation=0 accepted=1 alpha=1 delta_u_norm=0.122228
[SQP SUPPORT] iter=7 support_size=0 support_limit=-1 support_ok=1
[SQP] before_solve iter=8 vars=16 constraints=130 max_d=-1.10805e-05
[QP WORST] iter=8 row=88 type=collision d=-1.10805e-05
[QP WORST COLLISION] scenario=0 k=8 obstacle=0 disc=0
[SQP] after_solve iter=8 converged=1 status=0 iterations=5 primal_residual=4.16334e-16 dual_residual=3.58429e-05 x_size=16 x_finite=1
[SQP LINESEARCH] iter=8 current_violation=0 accepted_violation=0 accepted=1 alpha=1 delta_u_norm=0.112442
[SQP SUPPORT] iter=8 support_size=0 support_limit=-1 support_ok=1
[SQP] before_solve iter=9 vars=16 constraints=130 max_d=-4.5897e-06
[QP WORST] iter=9 row=88 type=collision d=-4.5897e-06
[QP WORST COLLISION] scenario=0 k=8 obstacle=0 disc=0
[SQP] after_solve iter=9 converged=1 status=0 iterations=5 primal_residual=4.42354e-16 dual_residual=2.06596e-05 x_size=16 x_finite=1
[SQP LINESEARCH] iter=9 current_violation=0 accepted_violation=0 accepted=1 alpha=1 delta_u_norm=0.10245
[SQP SUPPORT] iter=9 support_size=0 support_limit=-1 support_ok=1
[SQP FINAL] final_violation=0 violated_constraints=0
[SUPPORT FINAL] sqp_union=0 final_active=1 support_limit=-1
[SUPPORT FINAL IDS] 0
[SUPPORT UNION IDS]
[COLD START RECOVERY CHECK] ordinary_sqp_failed=0 seed_available=1 incompatible=0 try_homotopy=0
[HARNESS RESULT] step=29 success=1 controls=8 first_input_present=1
[MPC STEP METRICS] step=29 applied=1 success=1 fallback=0 a=0.511319 omega=0.799999 dt=0.1 acceleration_weight=0.1 steering_weight=0.1 control_cost_unweighted=0.901446 control_cost_weighted=0.0901446 mpc_cost=-10.1646 solve_time=0.0401242 qp_solve_time=0.0272383 constraint_time=0.00767779 dro_risk_time=0 ambiguity_radius=0 certificate=not_requested
[EVAL SAFETY] step=30 min_center_distance=1.09556 min_clearance=0.145556 collision_this_step=0 collision_run=0 collision_radius=0.95
[RF BACKUP] available=1 controls=8 states=9
[FREE POLY] k=1 disc=0 raw=40 facets=3 vertices=7 rho=4.8 anchor_shift=0
[FREE POLY] k=1 disc=1 raw=40 facets=2 vertices=5 rho=0.800001 anchor_shift=0
[FREE POLY] k=1 disc=2 raw=40 facets=3 vertices=6 rho=4.8 anchor_shift=0
[FREE POLY] k=2 disc=0 raw=40 facets=4 vertices=8 rho=5.6 anchor_shift=0
[FREE POLY] k=2 disc=1 raw=40 facets=2 vertices=6 rho=1.6 anchor_shift=0
[FREE POLY] k=2 disc=2 raw=40 facets=4 vertices=7 rho=5.6 anchor_shift=0
[FREE POLY] k=3 disc=0 raw=40 facets=4 vertices=7 rho=6.4 anchor_shift=0
[FREE POLY] k=3 disc=1 raw=40 facets=4 vertices=8 rho=2.4 anchor_shift=0
[FREE POLY] k=3 disc=2 raw=40 facets=3 vertices=6 rho=6.4 anchor_shift=0
[FREE POLY] k=4 disc=0 raw=40 facets=4 vertices=7 rho=7.2 anchor_shift=0
[FREE POLY] k=4 disc=1 raw=40 facets=3 vertices=6 rho=3.2 anchor_shift=0
[FREE POLY] k=4 disc=2 raw=40 facets=3 vertices=6 rho=7.2 anchor_shift=0
[FREE POLY] k=5 disc=0 raw=40 facets=4 vertices=7 rho=8 anchor_shift=0
[FREE POLY] k=5 disc=1 raw=40 facets=3 vertices=6 rho=4 anchor_shift=0
[FREE POLY] k=5 disc=2 raw=40 facets=3 vertices=6 rho=8 anchor_shift=0
[FREE POLY] k=6 disc=0 raw=40 facets=3 vertices=6 rho=8.8 anchor_shift=0
[FREE POLY] k=6 disc=1 raw=40 facets=3 vertices=6 rho=4.8 anchor_shift=0
[FREE POLY] k=6 disc=2 raw=40 facets=3 vertices=6 rho=8.8 anchor_shift=0
[FREE POLY] k=7 disc=0 raw=40 facets=2 vertices=5 rho=9.6 anchor_shift=0
[FREE POLY] k=7 disc=1 raw=40 facets=4 vertices=7 rho=5.6 anchor_shift=0
[FREE POLY] k=7 disc=2 raw=40 facets=4 vertices=7 rho=9.6 anchor_shift=0
[FREE POLY] k=8 disc=0 raw=40 facets=2 vertices=5 rho=10.4 anchor_shift=0
[FREE POLY] k=8 disc=1 raw=40 facets=4 vertices=7 rho=6.4 anchor_shift=0
[FREE POLY] k=8 disc=2 raw=40 facets=7 vertices=10 rho=10.4 anchor_shift=0
[RF SUPPORT SEED] removed=0 support_limit=-1
[SQP] before_solve iter=0 vars=16 constraints=113 max_d=0.0843589
[QP WORST] iter=0 row=69 type=collision d=0.0843589
[QP WORST COLLISION] scenario=22 k=8 obstacle=0 disc=0
[SQP] after_solve iter=0 converged=1 status=0 iterations=5 primal_residual=4.3715e-16 dual_residual=8.59549e-08 x_size=16 x_finite=1
[SQP LINESEARCH] iter=0 current_violation=0.0843589 accepted_violation=0.00169056 accepted=1 alpha=1 delta_u_norm=0.402319
[SQP SUPPORT] iter=0 support_size=0 support_limit=-1 support_ok=1
[SQP] before_solve iter=1 vars=16 constraints=113 max_d=0.00169056
[QP WORST] iter=1 row=69 type=collision d=0.00169056
[QP WORST COLLISION] scenario=22 k=8 obstacle=0 disc=0
[SQP] after_solve iter=1 converged=1 status=0 iterations=4 primal_residual=4.36717e-16 dual_residual=2.27707e-05 x_size=16 x_finite=1
[SQP LINESEARCH] iter=1 current_violation=0.00169056 accepted_violation=0 accepted=1 alpha=1 delta_u_norm=0.217027
[SQP SUPPORT] iter=1 support_size=0 support_limit=-1 support_ok=1
[SQP] before_solve iter=2 vars=16 constraints=113 max_d=-2.42123e-05
[QP WORST] iter=2 row=69 type=collision d=-2.42123e-05
[QP WORST COLLISION] scenario=22 k=8 obstacle=0 disc=0
[SQP] after_solve iter=2 converged=1 status=0 iterations=4 primal_residual=4.16334e-16 dual_residual=4.31727e-05 x_size=16 x_finite=1
[SQP LINESEARCH] iter=2 current_violation=0 accepted_violation=0 accepted=1 alpha=1 delta_u_norm=0.192513
[SQP SUPPORT] iter=2 support_size=0 support_limit=-1 support_ok=1
[SQP] before_solve iter=3 vars=16 constraints=113 max_d=-1.04734e-05
[QP WORST] iter=3 row=69 type=collision d=-1.04734e-05
[QP WORST COLLISION] scenario=22 k=8 obstacle=0 disc=0
[SQP] after_solve iter=3 converged=1 status=0 iterations=4 primal_residual=6.47866e-08 dual_residual=5.43313e-05 x_size=16 x_finite=1
[SQP LINESEARCH] iter=3 current_violation=0 accepted_violation=0 accepted=1 alpha=1 delta_u_norm=0.175659
[SQP SUPPORT] iter=3 support_size=0 support_limit=-1 support_ok=1
[SQP] before_solve iter=4 vars=16 constraints=113 max_d=-4.36153e-06
[QP WORST] iter=4 row=69 type=collision d=-4.36153e-06
[QP WORST COLLISION] scenario=22 k=8 obstacle=0 disc=0
[SQP] after_solve iter=4 converged=1 status=0 iterations=4 primal_residual=1.88276e-07 dual_residual=8.59376e-05 x_size=16 x_finite=1
[SQP LINESEARCH] iter=4 current_violation=0 accepted_violation=0 accepted=1 alpha=1 delta_u_norm=0.164614
[SQP SUPPORT] iter=4 support_size=0 support_limit=-1 support_ok=1
[SQP] before_solve iter=5 vars=16 constraints=113 max_d=-3.20978e-06
[QP WORST] iter=5 row=69 type=collision d=-3.20978e-06
[QP WORST COLLISION] scenario=22 k=8 obstacle=0 disc=0
[SQP] after_solve iter=5 converged=1 status=0 iterations=5 primal_residual=3.60344e-10 dual_residual=5.89618e-06 x_size=16 x_finite=1
[SQP LINESEARCH] iter=5 current_violation=0 accepted_violation=0 accepted=1 alpha=1 delta_u_norm=0.158735
[SQP SUPPORT] iter=5 support_size=0 support_limit=-1 support_ok=1
[SQP] before_solve iter=6 vars=16 constraints=113 max_d=-2.28965e-06
[QP WORST] iter=6 row=69 type=collision d=-2.28965e-06
[QP WORST COLLISION] scenario=22 k=8 obstacle=0 disc=0
[SQP] after_solve iter=6 converged=1 status=0 iterations=5 primal_residual=7.31844e-09 dual_residual=3.91901e-05 x_size=16 x_finite=1
[SQP LINESEARCH] iter=6 current_violation=0 accepted_violation=0 accepted=1 alpha=1 delta_u_norm=0.146498
[SQP SUPPORT] iter=6 support_size=0 support_limit=-1 support_ok=1
[SQP] before_solve iter=7 vars=16 constraints=113 max_d=-1.35216e-06
[QP WORST] iter=7 row=69 type=collision d=-1.35216e-06
[QP WORST COLLISION] scenario=22 k=8 obstacle=0 disc=0
[SQP] after_solve iter=7 converged=1 status=0 iterations=5 primal_residual=4.87179e-09 dual_residual=4.31196e-05 x_size=16 x_finite=1
[SQP LINESEARCH] iter=7 current_violation=0 accepted_violation=0 accepted=1 alpha=1 delta_u_norm=0.128371
[SQP SUPPORT] iter=7 support_size=0 support_limit=-1 support_ok=1
[SQP] before_solve iter=8 vars=16 constraints=113 max_d=-1.9116e-07
[QP WORST] iter=8 row=69 type=collision d=-1.9116e-07
[QP WORST COLLISION] scenario=22 k=8 obstacle=0 disc=0
[SQP] after_solve iter=8 converged=1 status=0 iterations=5 primal_residual=5.05506e-09 dual_residual=2.98796e-05 x_size=16 x_finite=1
[SQP LINESEARCH] iter=8 current_violation=0 accepted_violation=0 accepted=1 alpha=0.5 delta_u_norm=0.116686
[SQP SUPPORT] iter=8 support_size=0 support_limit=-1 support_ok=1
[SQP] before_solve iter=9 vars=16 constraints=113 max_d=-1.05345e-07
[QP WORST] iter=9 row=69 type=collision d=-1.05345e-07
[QP WORST COLLISION] scenario=22 k=8 obstacle=0 disc=0
[SQP] after_solve iter=9 converged=1 status=0 iterations=5 primal_residual=4.58833e-09 dual_residual=2.62939e-05 x_size=16 x_finite=1
[SQP LINESEARCH] iter=9 current_violation=0 accepted_violation=0 accepted=1 alpha=0.5 delta_u_norm=0.112235
[SQP SUPPORT] iter=9 support_size=0 support_limit=-1 support_ok=1
[SQP FINAL] final_violation=0 violated_constraints=0
[SUPPORT FINAL] sqp_union=0 final_active=1 support_limit=-1
[SUPPORT FINAL IDS] 22
[SUPPORT UNION IDS]
[COLD START RECOVERY CHECK] ordinary_sqp_failed=0 seed_available=1 incompatible=0 try_homotopy=0
[HARNESS RESULT] step=30 success=1 controls=8 first_input_present=1
[MPC STEP METRICS] step=30 applied=1 success=1 fallback=0 a=0.418292 omega=0.799999 dt=0.1 acceleration_weight=0.1 steering_weight=0.1 control_cost_unweighted=0.814967 control_cost_weighted=0.0814967 mpc_cost=-10.7723 solve_time=0.0380813 qp_solve_time=0.0258889 constraint_time=0.00716812 dro_risk_time=0 ambiguity_radius=0 certificate=not_requested
[EVAL SAFETY] step=31 min_center_distance=1.17059 min_clearance=0.220591 collision_this_step=0 collision_run=0 collision_radius=0.95
[RF BACKUP] available=1 controls=8 states=9
[FREE POLY] k=1 disc=0 raw=40 facets=2 vertices=6 rho=4.8 anchor_shift=0
[FREE POLY] k=1 disc=1 raw=40 facets=3 vertices=7 rho=0.800001 anchor_shift=0
[FREE POLY] k=1 disc=2 raw=40 facets=4 vertices=7 rho=4.8 anchor_shift=0
[FREE POLY] k=2 disc=0 raw=40 facets=2 vertices=5 rho=5.6 anchor_shift=0
[FREE POLY] k=2 disc=1 raw=40 facets=2 vertices=6 rho=1.6 anchor_shift=0
[FREE POLY] k=2 disc=2 raw=40 facets=3 vertices=6 rho=5.6 anchor_shift=0
[FREE POLY] k=3 disc=0 raw=40 facets=2 vertices=5 rho=6.4 anchor_shift=0
[FREE POLY] k=3 disc=1 raw=40 facets=2 vertices=5 rho=2.4 anchor_shift=0
[FREE POLY] k=3 disc=2 raw=40 facets=3 vertices=6 rho=6.4 anchor_shift=0
[FREE POLY] k=4 disc=0 raw=40 facets=4 vertices=7 rho=7.2 anchor_shift=0
[FREE POLY] k=4 disc=1 raw=40 facets=3 vertices=6 rho=3.2 anchor_shift=0
[FREE POLY] k=4 disc=2 raw=40 facets=3 vertices=6 rho=7.2 anchor_shift=0
[FREE POLY] k=5 disc=0 raw=40 facets=4 vertices=7 rho=8 anchor_shift=0
[FREE POLY] k=5 disc=1 raw=40 facets=4 vertices=7 rho=4 anchor_shift=0
[FREE POLY] k=5 disc=2 raw=40 facets=4 vertices=7 rho=8 anchor_shift=0
[FREE POLY] k=6 disc=0 raw=40 facets=5 vertices=8 rho=8.8 anchor_shift=0
[FREE POLY] k=6 disc=1 raw=40 facets=3 vertices=6 rho=4.8 anchor_shift=0
[FREE POLY] k=6 disc=2 raw=40 facets=3 vertices=6 rho=8.8 anchor_shift=0
[FREE POLY] k=7 disc=0 raw=40 facets=6 vertices=9 rho=9.6 anchor_shift=0
[FREE POLY] k=7 disc=1 raw=40 facets=4 vertices=7 rho=5.6 anchor_shift=0
[FREE POLY] k=7 disc=2 raw=40 facets=5 vertices=8 rho=9.6 anchor_shift=0
[FREE POLY] k=8 disc=0 raw=40 facets=6 vertices=9 rho=10.4 anchor_shift=0
[FREE POLY] k=8 disc=1 raw=40 facets=5 vertices=8 rho=6.4 anchor_shift=0
[FREE POLY] k=8 disc=2 raw=40 facets=4 vertices=7 rho=10.4 anchor_shift=0
[RF SUPPORT SEED] removed=0 support_limit=-1
[SQP] before_solve iter=0 vars=16 constraints=118 max_d=-0.0662815
[QP WORST] iter=0 row=48 type=collision d=-0.0662815
[QP WORST COLLISION] scenario=17 k=6 obstacle=0 disc=0
[SQP] after_solve iter=0 converged=1 status=0 iterations=5 primal_residual=4.16334e-16 dual_residual=8.87292e-06 x_size=16 x_finite=1
[SQP LINESEARCH] iter=0 current_violation=0 accepted_violation=0 accepted=1 alpha=1 delta_u_norm=0.43492
[SQP SUPPORT] iter=0 support_size=0 support_limit=-1 support_ok=1
[SQP] before_solve iter=1 vars=16 constraints=118 max_d=-0.000255577
[QP WORST] iter=1 row=71 type=collision d=-0.000255577
[QP WORST COLLISION] scenario=4 k=8 obstacle=0 disc=0
[SQP] after_solve iter=1 converged=1 status=0 iterations=5 primal_residual=4.28477e-16 dual_residual=1.04868e-05 x_size=16 x_finite=1
[SQP LINESEARCH] iter=1 current_violation=0 accepted_violation=0 accepted=1 alpha=0.5 delta_u_norm=0.292238
[SQP SUPPORT] iter=1 support_size=0 support_limit=-1 support_ok=1
[SQP] before_solve iter=2 vars=16 constraints=118 max_d=-0.000116631
[QP WORST] iter=2 row=71 type=collision d=-0.000116631
[QP WORST COLLISION] scenario=4 k=8 obstacle=0 disc=0
[SQP] after_solve iter=2 converged=1 status=0 iterations=5 primal_residual=3.91634e-16 dual_residual=8.75865e-06 x_size=16 x_finite=1
[SQP LINESEARCH] iter=2 current_violation=0 accepted_violation=0 accepted=1 alpha=0.5 delta_u_norm=0.266449
[SQP SUPPORT] iter=2 support_size=0 support_limit=-1 support_ok=1
[SQP] before_solve iter=3 vars=16 constraints=118 max_d=-5.3795e-05
[QP WORST] iter=3 row=71 type=collision d=-5.3795e-05
[QP WORST COLLISION] scenario=4 k=8 obstacle=0 disc=0
[SQP] after_solve iter=3 converged=1 status=0 iterations=4 primal_residual=3.34411e-08 dual_residual=9.14167e-05 x_size=16 x_finite=1
[SQP LINESEARCH] iter=3 current_violation=0 accepted_violation=0 accepted=1 alpha=1 delta_u_norm=0.24561
[SQP SUPPORT] iter=3 support_size=0 support_limit=-1 support_ok=1
[SQP] before_solve iter=4 vars=16 constraints=118 max_d=-0.00013927
[QP WORST] iter=4 row=71 type=collision d=-0.00013927
[QP WORST COLLISION] scenario=4 k=8 obstacle=0 disc=0
[SQP] after_solve iter=4 converged=1 status=0 iterations=5 primal_residual=5.98994e-10 dual_residual=1.39811e-05 x_size=16 x_finite=1
[SQP LINESEARCH] iter=4 current_violation=0 accepted_violation=0 accepted=1 alpha=1 delta_u_norm=0.222669
[SQP SUPPORT] iter=4 support_size=0 support_limit=-1 support_ok=1
[SQP] before_solve iter=5 vars=16 constraints=118 max_d=-5.31509e-06
[QP WORST] iter=5 row=71 type=collision d=-5.31509e-06
[QP WORST COLLISION] scenario=4 k=8 obstacle=0 disc=0
[SQP] after_solve iter=5 converged=1 status=0 iterations=5 primal_residual=4.32407e-16 dual_residual=5.40298e-06 x_size=16 x_finite=1
[SQP LINESEARCH] iter=5 current_violation=0 accepted_violation=0 accepted=1 alpha=1 delta_u_norm=0.178657
[SQP SUPPORT] iter=5 support_size=0 support_limit=-1 support_ok=1
[SQP] before_solve iter=6 vars=16 constraints=118 max_d=-3.79994e-06
[QP WORST] iter=6 row=71 type=collision d=-3.79994e-06
[QP WORST COLLISION] scenario=4 k=8 obstacle=0 disc=0
[SQP] after_solve iter=6 converged=1 status=0 iterations=5 primal_residual=4.21538e-16 dual_residual=7.84396e-06 x_size=16 x_finite=1
[SQP LINESEARCH] iter=6 current_violation=0 accepted_violation=0 accepted=1 alpha=1 delta_u_norm=0.152787
[SQP SUPPORT] iter=6 support_size=0 support_limit=-1 support_ok=1
[SQP] before_solve iter=7 vars=16 constraints=118 max_d=-8.06834e-06
[QP WORST] iter=7 row=71 type=collision d=-8.06834e-06
[QP WORST COLLISION] scenario=4 k=8 obstacle=0 disc=0
[SQP] after_solve iter=7 converged=1 status=0 iterations=5 primal_residual=1.7143e-09 dual_residual=6.87402e-06 x_size=16 x_finite=1
[SQP LINESEARCH] iter=7 current_violation=0 accepted_violation=0 accepted=1 alpha=1 delta_u_norm=0.135722
[SQP SUPPORT] iter=7 support_size=0 support_limit=-1 support_ok=1
[SQP] before_solve iter=8 vars=16 constraints=118 max_d=-1.0027e-05
[QP WORST] iter=8 row=71 type=collision d=-1.0027e-05
[QP WORST COLLISION] scenario=4 k=8 obstacle=0 disc=0
[SQP] after_solve iter=8 converged=1 status=0 iterations=5 primal_residual=5.78545e-09 dual_residual=7.72871e-06 x_size=16 x_finite=1
[SQP LINESEARCH] iter=8 current_violation=0 accepted_violation=0 accepted=1 alpha=1 delta_u_norm=0.119607
[SQP SUPPORT] iter=8 support_size=0 support_limit=-1 support_ok=1
[SQP] before_solve iter=9 vars=16 constraints=118 max_d=-1.06661e-05
[QP WORST] iter=9 row=71 type=collision d=-1.06661e-05
[QP WORST COLLISION] scenario=4 k=8 obstacle=0 disc=0
[SQP] after_solve iter=9 converged=1 status=0 iterations=5 primal_residual=7.02075e-09 dual_residual=5.41962e-06 x_size=16 x_finite=1
[SQP LINESEARCH] iter=9 current_violation=0 accepted_violation=0 accepted=1 alpha=1 delta_u_norm=0.107795
[SQP SUPPORT] iter=9 support_size=0 support_limit=-1 support_ok=1
[SQP FINAL] final_violation=0 violated_constraints=0
[SUPPORT FINAL] sqp_union=0 final_active=2 support_limit=-1
[SUPPORT FINAL IDS] 4 12
[SUPPORT UNION IDS]
[COLD START RECOVERY CHECK] ordinary_sqp_failed=0 seed_available=1 incompatible=0 try_homotopy=0
[HARNESS RESULT] step=31 success=1 controls=8 first_input_present=1
[MPC STEP METRICS] step=31 applied=1 success=1 fallback=0 a=0.339089 omega=0.799989 dt=0.1 acceleration_weight=0.1 steering_weight=0.1 control_cost_unweighted=0.754965 control_cost_weighted=0.0754965 mpc_cost=-11.4716 solve_time=0.0460213 qp_solve_time=0.0337303 constraint_time=0.00728 dro_risk_time=0 ambiguity_radius=0 certificate=not_requested
[EVAL SAFETY] step=32 min_center_distance=1.26157 min_clearance=0.311572 collision_this_step=0 collision_run=0 collision_radius=0.95
[RF BACKUP] available=1 controls=8 states=9
[FREE POLY] k=1 disc=0 raw=40 facets=4 vertices=7 rho=4.8 anchor_shift=0
[FREE POLY] k=1 disc=1 raw=40 facets=2 vertices=6 rho=0.800001 anchor_shift=0
[FREE POLY] k=1 disc=2 raw=40 facets=3 vertices=6 rho=4.8 anchor_shift=0
[FREE POLY] k=2 disc=0 raw=40 facets=4 vertices=7 rho=5.6 anchor_shift=0
[FREE POLY] k=2 disc=1 raw=40 facets=2 vertices=6 rho=1.6 anchor_shift=0
[FREE POLY] k=2 disc=2 raw=40 facets=4 vertices=7 rho=5.6 anchor_shift=0
[FREE POLY] k=3 disc=0 raw=40 facets=4 vertices=7 rho=6.4 anchor_shift=0
[FREE POLY] k=3 disc=1 raw=40 facets=4 vertices=7 rho=2.4 anchor_shift=0
[FREE POLY] k=3 disc=2 raw=40 facets=4 vertices=7 rho=6.4 anchor_shift=0
[FREE POLY] k=4 disc=0 raw=40 facets=4 vertices=7 rho=7.2 anchor_shift=0
[FREE POLY] k=4 disc=1 raw=40 facets=3 vertices=6 rho=3.2 anchor_shift=0
[FREE POLY] k=4 disc=2 raw=40 facets=3 vertices=6 rho=7.2 anchor_shift=0
[FREE POLY] k=5 disc=0 raw=40 facets=3 vertices=6 rho=8 anchor_shift=0
[FREE POLY] k=5 disc=1 raw=40 facets=3 vertices=6 rho=4 anchor_shift=0
[FREE POLY] k=5 disc=2 raw=40 facets=3 vertices=6 rho=8 anchor_shift=0
[FREE POLY] k=6 disc=0 raw=40 facets=3 vertices=6 rho=8.8 anchor_shift=0
[FREE POLY] k=6 disc=1 raw=40 facets=4 vertices=7 rho=4.8 anchor_shift=0
[FREE POLY] k=6 disc=2 raw=40 facets=4 vertices=7 rho=8.8 anchor_shift=0
[FREE POLY] k=7 disc=0 raw=40 facets=4 vertices=7 rho=9.6 anchor_shift=0
[FREE POLY] k=7 disc=1 raw=40 facets=4 vertices=7 rho=5.6 anchor_shift=0
[FREE POLY] k=7 disc=2 raw=40 facets=5 vertices=8 rho=9.6 anchor_shift=0
[FREE POLY] k=8 disc=0 raw=40 facets=5 vertices=8 rho=10.4 anchor_shift=0
[FREE POLY] k=8 disc=1 raw=40 facets=3 vertices=6 rho=6.4 anchor_shift=0
[FREE POLY] k=8 disc=2 raw=40 facets=5 vertices=8 rho=10.4 anchor_shift=0
[RF SUPPORT SEED] removed=0 support_limit=-1
[SQP] before_solve iter=0 vars=16 constraints=119 max_d=0.0412272
[QP WORST] iter=0 row=78 type=collision d=0.0412272
[QP WORST COLLISION] scenario=38 k=8 obstacle=0 disc=0
[SQP] after_solve iter=0 converged=1 status=0 iterations=5 primal_residual=4.44523e-16 dual_residual=2.26442e-05 x_size=16 x_finite=1
[SQP LINESEARCH] iter=0 current_violation=0.0412272 accepted_violation=0.000344742 accepted=1 alpha=1 delta_u_norm=0.332094
[SQP SUPPORT] iter=0 support_size=0 support_limit=-1 support_ok=1
[SQP] before_solve iter=1 vars=16 constraints=119 max_d=0.000344742
[QP WORST] iter=1 row=62 type=collision d=0.000344742
[QP WORST COLLISION] scenario=10 k=7 obstacle=0 disc=0
[SQP] after_solve iter=1 converged=1 status=0 iterations=5 primal_residual=6.47976e-11 dual_residual=7.76033e-06 x_size=16 x_finite=1
[SQP LINESEARCH] iter=1 current_violation=0.000344742 accepted_violation=7.3743e-06 accepted=1 alpha=1 delta_u_norm=0.185375
[SQP SUPPORT] iter=1 support_size=0 support_limit=-1 support_ok=1
[SQP] before_solve iter=2 vars=16 constraints=119 max_d=7.3743e-06
[QP WORST] iter=2 row=78 type=collision d=7.3743e-06
[QP WORST COLLISION] scenario=38 k=8 obstacle=0 disc=0
[SQP] after_solve iter=2 converged=1 status=0 iterations=5 primal_residual=1.31425e-09 dual_residual=1.05018e-05 x_size=16 x_finite=1
[SQP LINESEARCH] iter=2 current_violation=7.3743e-06 accepted_violation=0 accepted=1 alpha=1 delta_u_norm=0.161496
[SQP SUPPORT] iter=2 support_size=0 support_limit=-1 support_ok=1
[SQP] before_solve iter=3 vars=16 constraints=119 max_d=-1.19804e-06
[QP WORST] iter=3 row=51 type=collision d=-1.19804e-06
[QP WORST COLLISION] scenario=10 k=6 obstacle=0 disc=0
[SQP] after_solve iter=3 converged=1 status=0 iterations=5 primal_residual=1.47232e-09 dual_residual=6.13507e-06 x_size=16 x_finite=1
[SQP LINESEARCH] iter=3 current_violation=0 accepted_violation=0 accepted=1 alpha=1 delta_u_norm=0.146475
[SQP SUPPORT] iter=3 support_size=0 support_limit=-1 support_ok=1
[SQP] before_solve iter=4 vars=16 constraints=119 max_d=-1.26143e-06
[QP WORST] iter=4 row=51 type=collision d=-1.26143e-06
[QP WORST COLLISION] scenario=10 k=6 obstacle=0 disc=0
[SQP] after_solve iter=4 converged=1 status=0 iterations=5 primal_residual=1.82214e-09 dual_residual=5.02306e-06 x_size=16 x_finite=1
[SQP LINESEARCH] iter=4 current_violation=0 accepted_violation=0 accepted=1 alpha=1 delta_u_norm=0.135835
[SQP SUPPORT] iter=4 support_size=0 support_limit=-1 support_ok=1
[SQP] before_solve iter=5 vars=16 constraints=119 max_d=-8.15237e-07
[QP WORST] iter=5 row=51 type=collision d=-8.15237e-07
[QP WORST COLLISION] scenario=10 k=6 obstacle=0 disc=0
[SQP] after_solve iter=5 converged=1 status=0 iterations=5 primal_residual=2.15095e-09 dual_residual=5.22568e-06 x_size=16 x_finite=1
[SQP LINESEARCH] iter=5 current_violation=0 accepted_violation=0 accepted=1 alpha=1 delta_u_norm=0.127139
[SQP SUPPORT] iter=5 support_size=0 support_limit=-1 support_ok=1
[SQP] before_solve iter=6 vars=16 constraints=119 max_d=-5.15682e-07
[QP WORST] iter=6 row=51 type=collision d=-5.15682e-07
[QP WORST COLLISION] scenario=10 k=6 obstacle=0 disc=0
[SQP] after_solve iter=6 converged=1 status=0 iterations=5 primal_residual=2.34359e-09 dual_residual=5.43235e-06 x_size=16 x_finite=1
[SQP LINESEARCH] iter=6 current_violation=0 accepted_violation=0 accepted=1 alpha=1 delta_u_norm=0.119563
[SQP SUPPORT] iter=6 support_size=0 support_limit=-1 support_ok=1
[SQP] before_solve iter=7 vars=16 constraints=119 max_d=-3.57096e-07
[QP WORST] iter=7 row=51 type=collision d=-3.57096e-07
[QP WORST COLLISION] scenario=10 k=6 obstacle=0 disc=0
[SQP] after_solve iter=7 converged=1 status=0 iterations=5 primal_residual=2.44063e-09 dual_residual=5.5488e-06 x_size=16 x_finite=1
[SQP LINESEARCH] iter=7 current_violation=0 accepted_violation=0 accepted=1 alpha=1 delta_u_norm=0.112741
[SQP SUPPORT] iter=7 support_size=0 support_limit=-1 support_ok=1
[SQP] before_solve iter=8 vars=16 constraints=119 max_d=-2.75829e-07
[QP WORST] iter=8 row=51 type=collision d=-2.75829e-07
[QP WORST COLLISION] scenario=10 k=6 obstacle=0 disc=0
[SQP] after_solve iter=8 converged=1 status=0 iterations=5 primal_residual=2.41566e-09 dual_residual=5.54773e-06 x_size=16 x_finite=1
[SQP LINESEARCH] iter=8 current_violation=0 accepted_violation=0 accepted=1 alpha=1 delta_u_norm=0.106499
[SQP SUPPORT] iter=8 support_size=0 support_limit=-1 support_ok=1
[SQP] before_solve iter=9 vars=16 constraints=119 max_d=-2.30176e-07
[QP WORST] iter=9 row=51 type=collision d=-2.30176e-07
[QP WORST COLLISION] scenario=10 k=6 obstacle=0 disc=0
[SQP] after_solve iter=9 converged=1 status=0 iterations=5 primal_residual=2.38773e-09 dual_residual=5.53296e-06 x_size=16 x_finite=1
[SQP LINESEARCH] iter=9 current_violation=0 accepted_violation=0 accepted=1 alpha=1 delta_u_norm=0.100736
[SQP SUPPORT] iter=9 support_size=0 support_limit=-1 support_ok=1
[SQP FINAL] final_violation=0 violated_constraints=0
[SUPPORT FINAL] sqp_union=0 final_active=2 support_limit=-1
[SUPPORT FINAL IDS] 10 38
[SUPPORT UNION IDS]
[COLD START RECOVERY CHECK] ordinary_sqp_failed=0 seed_available=1 incompatible=0 try_homotopy=0
[HARNESS RESULT] step=32 success=1 controls=8 first_input_present=1
[MPC STEP METRICS] step=32 applied=1 success=1 fallback=0 a=0.195398 omega=0.799993 dt=0.1 acceleration_weight=0.1 steering_weight=0.1 control_cost_unweighted=0.678169 control_cost_weighted=0.0678169 mpc_cost=-12.1102 solve_time=0.0380879 qp_solve_time=0.0257275 constraint_time=0.00739844 dro_risk_time=0 ambiguity_radius=0 certificate=not_requested
[EVAL SAFETY] step=33 min_center_distance=1.3657 min_clearance=0.415696 collision_this_step=0 collision_run=0 collision_radius=0.95
[RF BACKUP] available=1 controls=8 states=9
[FREE POLY] k=1 disc=0 raw=40 facets=6 vertices=9 rho=4.8 anchor_shift=0
[FREE POLY] k=1 disc=1 raw=40 facets=1 vertices=5 rho=0.800001 anchor_shift=0
[FREE POLY] k=1 disc=2 raw=40 facets=2 vertices=5 rho=4.8 anchor_shift=0
[FREE POLY] k=2 disc=0 raw=40 facets=5 vertices=8 rho=5.6 anchor_shift=0
[FREE POLY] k=2 disc=1 raw=40 facets=2 vertices=5 rho=1.6 anchor_shift=0
[FREE POLY] k=2 disc=2 raw=40 facets=3 vertices=6 rho=5.6 anchor_shift=0
[FREE POLY] k=3 disc=0 raw=40 facets=4 vertices=7 rho=6.4 anchor_shift=0
[FREE POLY] k=3 disc=1 raw=40 facets=2 vertices=5 rho=2.4 anchor_shift=0
[FREE POLY] k=3 disc=2 raw=40 facets=3 vertices=6 rho=6.4 anchor_shift=0
[FREE POLY] k=4 disc=0 raw=40 facets=4 vertices=7 rho=7.2 anchor_shift=0
[FREE POLY] k=4 disc=1 raw=40 facets=3 vertices=6 rho=3.2 anchor_shift=0
[FREE POLY] k=4 disc=2 raw=40 facets=3 vertices=6 rho=7.2 anchor_shift=0
[FREE POLY] k=5 disc=0 raw=40 facets=4 vertices=7 rho=8 anchor_shift=0
[FREE POLY] k=5 disc=1 raw=40 facets=3 vertices=6 rho=4 anchor_shift=0
[FREE POLY] k=5 disc=2 raw=40 facets=4 vertices=7 rho=8 anchor_shift=0
[FREE POLY] k=6 disc=0 raw=40 facets=4 vertices=7 rho=8.8 anchor_shift=0
[FREE POLY] k=6 disc=1 raw=40 facets=4 vertices=7 rho=4.8 anchor_shift=0
[FREE POLY] k=6 disc=2 raw=40 facets=4 vertices=7 rho=8.8 anchor_shift=0
[FREE POLY] k=7 disc=0 raw=40 facets=3 vertices=6 rho=9.6 anchor_shift=0
[FREE POLY] k=7 disc=1 raw=40 facets=3 vertices=6 rho=5.6 anchor_shift=0
[FREE POLY] k=7 disc=2 raw=40 facets=3 vertices=6 rho=9.6 anchor_shift=0
[FREE POLY] k=8 disc=0 raw=40 facets=4 vertices=7 rho=10.4 anchor_shift=0
[FREE POLY] k=8 disc=1 raw=40 facets=3 vertices=6 rho=6.4 anchor_shift=0
[FREE POLY] k=8 disc=2 raw=40 facets=3 vertices=6 rho=10.4 anchor_shift=0
[RF SUPPORT SEED] removed=0 support_limit=-1
[SQP] before_solve iter=0 vars=16 constraints=112 max_d=-0.0294017
[QP WORST] iter=0 row=41 type=collision d=-0.0294017
[QP WORST COLLISION] scenario=21 k=5 obstacle=0 disc=0
[SQP] after_solve iter=0 converged=1 status=0 iterations=5 primal_residual=2.76058e-08 dual_residual=2.53704e-05 x_size=16 x_finite=1
[SQP LINESEARCH] iter=0 current_violation=0 accepted_violation=0 accepted=1 alpha=1 delta_u_norm=0.35934
[SQP SUPPORT] iter=0 support_size=0 support_limit=-1 support_ok=1
[SQP] before_solve iter=1 vars=16 constraints=112 max_d=-2.77895e-05
[QP WORST] iter=1 row=51 type=collision d=-2.77895e-05
[QP WORST COLLISION] scenario=21 k=6 obstacle=0 disc=0
[SQP] after_solve iter=1 converged=1 status=0 iterations=5 primal_residual=4.30211e-16 dual_residual=2.75248e-05 x_size=16 x_finite=1
[SQP LINESEARCH] iter=1 current_violation=0 accepted_violation=0 accepted=1 alpha=0.5 delta_u_norm=0.181194
[SQP SUPPORT] iter=1 support_size=0 support_limit=-1 support_ok=1
[SQP] before_solve iter=2 vars=16 constraints=112 max_d=-1.35499e-05
[QP WORST] iter=2 row=51 type=collision d=-1.35499e-05
[QP WORST COLLISION] scenario=21 k=6 obstacle=0 disc=0
[SQP] after_solve iter=2 converged=1 status=0 iterations=5 primal_residual=4.34823e-16 dual_residual=3.04066e-05 x_size=16 x_finite=1
[SQP LINESEARCH] iter=2 current_violation=0 accepted_violation=0 accepted=1 alpha=0.5 delta_u_norm=0.168861
[SQP SUPPORT] iter=2 support_size=0 support_limit=-1 support_ok=1
[SQP] before_solve iter=3 vars=16 constraints=112 max_d=-7.45232e-06
[QP WORST] iter=3 row=51 type=collision d=-7.45232e-06
[QP WORST COLLISION] scenario=21 k=6 obstacle=0 disc=0
[SQP] after_solve iter=3 converged=1 status=0 iterations=5 primal_residual=4.39969e-16 dual_residual=3.05302e-05 x_size=16 x_finite=1
[SQP LINESEARCH] iter=3 current_violation=0 accepted_violation=0 accepted=1 alpha=0.5 delta_u_norm=0.160271
[SQP SUPPORT] iter=3 support_size=0 support_limit=-1 support_ok=1
[SQP] before_solve iter=4 vars=16 constraints=112 max_d=-4.81997e-06
[QP WORST] iter=4 row=51 type=collision d=-4.81997e-06
[QP WORST COLLISION] scenario=21 k=6 obstacle=0 disc=0
[SQP] after_solve iter=4 converged=1 status=0 iterations=5 primal_residual=4.25658e-16 dual_residual=2.85168e-05 x_size=16 x_finite=1
[SQP LINESEARCH] iter=4 current_violation=0 accepted_violation=0 accepted=1 alpha=1 delta_u_norm=0.153464
[SQP SUPPORT] iter=4 support_size=0 support_limit=-1 support_ok=1
[SQP] before_solve iter=5 vars=16 constraints=112 max_d=-2.1173e-07
[QP WORST] iter=5 row=73 type=collision d=-2.1173e-07
[QP WORST COLLISION] scenario=31 k=8 obstacle=0 disc=0
[SQP] after_solve iter=5 converged=1 status=0 iterations=5 primal_residual=4.16334e-16 dual_residual=2.08069e-05 x_size=16 x_finite=1
[SQP LINESEARCH] iter=5 current_violation=0 accepted_violation=0 accepted=1 alpha=1 delta_u_norm=0.142062
[SQP SUPPORT] iter=5 support_size=0 support_limit=-1 support_ok=1
[SQP] before_solve iter=6 vars=16 constraints=112 max_d=-1.37743e-06
[QP WORST] iter=6 row=73 type=collision d=-1.37743e-06
[QP WORST COLLISION] scenario=31 k=8 obstacle=0 disc=0
[SQP] after_solve iter=6 converged=1 status=0 iterations=5 primal_residual=4.4062e-16 dual_residual=1.49261e-05 x_size=16 x_finite=1
[SQP LINESEARCH] iter=6 current_violation=0 accepted_violation=0 accepted=1 alpha=1 delta_u_norm=0.13269
[SQP SUPPORT] iter=6 support_size=0 support_limit=-1 support_ok=1
[SQP] before_solve iter=7 vars=16 constraints=112 max_d=-1.72915e-06
[QP WORST] iter=7 row=73 type=collision d=-1.72915e-06
[QP WORST COLLISION] scenario=31 k=8 obstacle=0 disc=0
[SQP] after_solve iter=7 converged=1 status=0 iterations=5 primal_residual=4.00721e-16 dual_residual=1.18511e-05 x_size=16 x_finite=1
[SQP LINESEARCH] iter=7 current_violation=0 accepted_violation=0 accepted=1 alpha=1 delta_u_norm=0.124459
[SQP SUPPORT] iter=7 support_size=0 support_limit=-1 support_ok=1
[SQP] before_solve iter=8 vars=16 constraints=112 max_d=-1.61501e-06
[QP WORST] iter=8 row=73 type=collision d=-1.61501e-06
[QP WORST COLLISION] scenario=31 k=8 obstacle=0 disc=0
[SQP] after_solve iter=8 converged=1 status=0 iterations=5 primal_residual=4.1964e-16 dual_residual=1.221e-05 x_size=16 x_finite=1
[SQP LINESEARCH] iter=8 current_violation=0 accepted_violation=0 accepted=1 alpha=1 delta_u_norm=0.117108
[SQP SUPPORT] iter=8 support_size=0 support_limit=-1 support_ok=1
[SQP] before_solve iter=9 vars=16 constraints=112 max_d=-1.45937e-06
[QP WORST] iter=9 row=73 type=collision d=-1.45937e-06
[QP WORST COLLISION] scenario=31 k=8 obstacle=0 disc=0
[SQP] after_solve iter=9 converged=1 status=0 iterations=5 primal_residual=4.44089e-16 dual_residual=1.23851e-05 x_size=16 x_finite=1
[SQP LINESEARCH] iter=9 current_violation=0 accepted_violation=0 accepted=1 alpha=1 delta_u_norm=0.110463
[SQP SUPPORT] iter=9 support_size=0 support_limit=-1 support_ok=1
[SQP FINAL] final_violation=0 violated_constraints=0
[SUPPORT FINAL] sqp_union=0 final_active=2 support_limit=-1
[SUPPORT FINAL IDS] 21 31
[SUPPORT UNION IDS]
[COLD START RECOVERY CHECK] ordinary_sqp_failed=0 seed_available=1 incompatible=0 try_homotopy=0
[HARNESS RESULT] step=33 success=1 controls=8 first_input_present=1
[MPC STEP METRICS] step=33 applied=1 success=1 fallback=0 a=0.0627533 omega=0.799997 dt=0.1 acceleration_weight=0.1 steering_weight=0.1 control_cost_unweighted=0.643933 control_cost_weighted=0.0643933 mpc_cost=-12.9058 solve_time=0.0376982 qp_solve_time=0.0256417 constraint_time=0.00710028 dro_risk_time=0 ambiguity_radius=0 certificate=not_requested
[EVAL SAFETY] step=34 min_center_distance=1.47989 min_clearance=0.52989 collision_this_step=0 collision_run=0 collision_radius=0.95
[RF BACKUP] available=1 controls=8 states=9
[FREE POLY] k=1 disc=0 raw=40 facets=6 vertices=9 rho=4.8 anchor_shift=0
[FREE POLY] k=1 disc=1 raw=40 facets=2 vertices=6 rho=0.800001 anchor_shift=0
[FREE POLY] k=1 disc=2 raw=40 facets=2 vertices=5 rho=4.8 anchor_shift=0
[FREE POLY] k=2 disc=0 raw=40 facets=6 vertices=9 rho=5.6 anchor_shift=0
[FREE POLY] k=2 disc=1 raw=40 facets=4 vertices=7 rho=1.6 anchor_shift=0
[FREE POLY] k=2 disc=2 raw=40 facets=3 vertices=6 rho=5.6 anchor_shift=0
[FREE POLY] k=3 disc=0 raw=40 facets=6 vertices=9 rho=6.4 anchor_shift=0
[FREE POLY] k=3 disc=1 raw=40 facets=4 vertices=7 rho=2.4 anchor_shift=0
[FREE POLY] k=3 disc=2 raw=40 facets=3 vertices=6 rho=6.4 anchor_shift=0
[FREE POLY] k=4 disc=0 raw=40 facets=7 vertices=10 rho=7.2 anchor_shift=0
[FREE POLY] k=4 disc=1 raw=40 facets=4 vertices=7 rho=3.2 anchor_shift=0
[FREE POLY] k=4 disc=2 raw=40 facets=3 vertices=6 rho=7.2 anchor_shift=0
[FREE POLY] k=5 disc=0 raw=40 facets=5 vertices=8 rho=8 anchor_shift=0
[FREE POLY] k=5 disc=1 raw=40 facets=3 vertices=6 rho=4 anchor_shift=0
[FREE POLY] k=5 disc=2 raw=40 facets=2 vertices=5 rho=8 anchor_shift=0
[FREE POLY] k=6 disc=0 raw=40 facets=4 vertices=7 rho=8.8 anchor_shift=0
[FREE POLY] k=6 disc=1 raw=40 facets=3 vertices=6 rho=4.8 anchor_shift=0
[FREE POLY] k=6 disc=2 raw=40 facets=3 vertices=6 rho=8.8 anchor_shift=0
[FREE POLY] k=7 disc=0 raw=40 facets=3 vertices=6 rho=9.6 anchor_shift=0
[FREE POLY] k=7 disc=1 raw=40 facets=3 vertices=6 rho=5.6 anchor_shift=0
[FREE POLY] k=7 disc=2 raw=40 facets=3 vertices=6 rho=9.6 anchor_shift=0
[FREE POLY] k=8 disc=0 raw=40 facets=5 vertices=7 rho=10.4 anchor_shift=0
[FREE POLY] k=8 disc=1 raw=40 facets=4 vertices=7 rho=6.4 anchor_shift=0
[FREE POLY] k=8 disc=2 raw=40 facets=4 vertices=7 rho=10.4 anchor_shift=0
[RF SUPPORT SEED] removed=0 support_limit=-1
[SQP] before_solve iter=0 vars=16 constraints=124 max_d=-0.0027225
[QP WORST] iter=0 row=61 type=collision d=-0.0027225
[QP WORST COLLISION] scenario=11 k=6 obstacle=0 disc=0
[SQP] after_solve iter=0 converged=1 status=0 iterations=5 primal_residual=4.44089e-16 dual_residual=9.83554e-06 x_size=16 x_finite=1
[SQP LINESEARCH] iter=0 current_violation=0 accepted_violation=0 accepted=1 alpha=0.5 delta_u_norm=0.441286
[SQP SUPPORT] iter=0 support_size=0 support_limit=-1 support_ok=1
[SQP] before_solve iter=1 vars=16 constraints=124 max_d=-0.001352
[QP WORST] iter=1 row=61 type=collision d=-0.001352
[QP WORST COLLISION] scenario=11 k=6 obstacle=0 disc=0
[SQP] after_solve iter=1 converged=1 status=0 iterations=5 primal_residual=3.81639e-16 dual_residual=1.10276e-05 x_size=16 x_finite=1
[SQP LINESEARCH] iter=1 current_violation=0 accepted_violation=0 accepted=1 alpha=0.5 delta_u_norm=0.364291
[SQP SUPPORT] iter=1 support_size=0 support_limit=-1 support_ok=1
[SQP] before_solve iter=2 vars=16 constraints=124 max_d=-0.000688735
[QP WORST] iter=2 row=61 type=collision d=-0.000688735
[QP WORST COLLISION] scenario=11 k=6 obstacle=0 disc=0
[SQP] after_solve iter=2 converged=1 status=0 iterations=5 primal_residual=8.76462e-09 dual_residual=8.0924e-06 x_size=16 x_finite=1
[SQP LINESEARCH] iter=2 current_violation=0 accepted_violation=0 accepted=1 alpha=0.5 delta_u_norm=0.252745
[SQP SUPPORT] iter=2 support_size=0 support_limit=-1 support_ok=1
[SQP] before_solve iter=3 vars=16 constraints=124 max_d=-0.000352598
[QP WORST] iter=3 row=61 type=collision d=-0.000352598
[QP WORST COLLISION] scenario=11 k=6 obstacle=0 disc=0
[SQP] after_solve iter=3 converged=1 status=0 iterations=5 primal_residual=7.07233e-10 dual_residual=8.24696e-06 x_size=16 x_finite=1
[SQP LINESEARCH] iter=3 current_violation=0 accepted_violation=0 accepted=1 alpha=0.5 delta_u_norm=0.200263
[SQP SUPPORT] iter=3 support_size=0 support_limit=-1 support_ok=1
[SQP] before_solve iter=4 vars=16 constraints=124 max_d=-0.000178258
[QP WORST] iter=4 row=61 type=collision d=-0.000178258
[QP WORST COLLISION] scenario=11 k=6 obstacle=0 disc=0
[SQP] after_solve iter=4 converged=1 status=0 iterations=5 primal_residual=1.92622e-09 dual_residual=8.43988e-06 x_size=16 x_finite=1
[SQP LINESEARCH] iter=4 current_violation=0 accepted_violation=0 accepted=1 alpha=0.5 delta_u_norm=0.176122
[SQP SUPPORT] iter=4 support_size=0 support_limit=-1 support_ok=1
[SQP] before_solve iter=5 vars=16 constraints=124 max_d=-9.10779e-05
[QP WORST] iter=5 row=61 type=collision d=-9.10779e-05
[QP WORST COLLISION] scenario=11 k=6 obstacle=0 disc=0
[SQP] after_solve iter=5 converged=1 status=0 iterations=5 primal_residual=5.17482e-12 dual_residual=8.19046e-06 x_size=16 x_finite=1
[SQP LINESEARCH] iter=5 current_violation=0 accepted_violation=0 accepted=1 alpha=0.5 delta_u_norm=0.16348
[SQP SUPPORT] iter=5 support_size=0 support_limit=-1 support_ok=1
[SQP] before_solve iter=6 vars=16 constraints=124 max_d=-4.621e-05
[QP WORST] iter=6 row=61 type=collision d=-4.621e-05
[QP WORST COLLISION] scenario=11 k=6 obstacle=0 disc=0
[SQP] after_solve iter=6 converged=1 status=0 iterations=5 primal_residual=3.74483e-16 dual_residual=8.18488e-06 x_size=16 x_finite=1
[SQP LINESEARCH] iter=6 current_violation=0 accepted_violation=0 accepted=1 alpha=0.5 delta_u_norm=0.155398
[SQP SUPPORT] iter=6 support_size=0 support_limit=-1 support_ok=1
[SQP] before_solve iter=7 vars=16 constraints=124 max_d=-2.38071e-05
[QP WORST] iter=7 row=61 type=collision d=-2.38071e-05
[QP WORST COLLISION] scenario=11 k=6 obstacle=0 disc=0
[SQP] after_solve iter=7 converged=1 status=0 iterations=5 primal_residual=4.43222e-16 dual_residual=8.10488e-06 x_size=16 x_finite=1
[SQP LINESEARCH] iter=7 current_violation=0 accepted_violation=0 accepted=1 alpha=1 delta_u_norm=0.149264
[SQP SUPPORT] iter=7 support_size=0 support_limit=-1 support_ok=1
[SQP] before_solve iter=8 vars=16 constraints=124 max_d=-2.04628e-07
[QP WORST] iter=8 row=71 type=collision d=-2.04628e-07
[QP WORST COLLISION] scenario=11 k=7 obstacle=0 disc=0
[SQP] after_solve iter=8 converged=1 status=0 iterations=5 primal_residual=9.3625e-11 dual_residual=7.19247e-06 x_size=16 x_finite=1
[SQP LINESEARCH] iter=8 current_violation=0 accepted_violation=0 accepted=1 alpha=1 delta_u_norm=0.139183
[SQP SUPPORT] iter=8 support_size=0 support_limit=-1 support_ok=1
[SQP] before_solve iter=9 vars=16 constraints=124 max_d=-1.09844e-06
[QP WORST] iter=9 row=71 type=collision d=-1.09844e-06
[QP WORST COLLISION] scenario=11 k=7 obstacle=0 disc=0
[SQP] after_solve iter=9 converged=1 status=0 iterations=5 primal_residual=3.33067e-16 dual_residual=6.24012e-06 x_size=16 x_finite=1
[SQP LINESEARCH] iter=9 current_violation=0 accepted_violation=0 accepted=1 alpha=1 delta_u_norm=0.13084
[SQP SUPPORT] iter=9 support_size=0 support_limit=-1 support_ok=1
[SQP FINAL] final_violation=0 violated_constraints=0
[SUPPORT FINAL] sqp_union=0 final_active=2 support_limit=-1
[SUPPORT FINAL IDS] 0 11
[SUPPORT UNION IDS]
[COLD START RECOVERY CHECK] ordinary_sqp_failed=0 seed_available=1 incompatible=0 try_homotopy=0
[HARNESS RESULT] step=34 success=1 controls=8 first_input_present=1
[MPC STEP METRICS] step=34 applied=1 success=1 fallback=0 a=-0.0444294 omega=0.799985 dt=0.1 acceleration_weight=0.1 steering_weight=0.1 control_cost_unweighted=0.64195 control_cost_weighted=0.064195 mpc_cost=-13.7089 solve_time=0.0400051 qp_solve_time=0.0278398 constraint_time=0.00721693 dro_risk_time=0 ambiguity_radius=0 certificate=not_requested
[EVAL SAFETY] step=35 min_center_distance=1.60129 min_clearance=0.65129 collision_this_step=0 collision_run=0 collision_radius=0.95
[RF BACKUP] available=1 controls=8 states=9
[FREE POLY] k=1 disc=0 raw=40 facets=3 vertices=6 rho=4.8 anchor_shift=0
[FREE POLY] k=1 disc=1 raw=40 facets=1 vertices=5 rho=0.800001 anchor_shift=0
[FREE POLY] k=1 disc=2 raw=40 facets=2 vertices=5 rho=4.8 anchor_shift=0
[FREE POLY] k=2 disc=0 raw=40 facets=3 vertices=6 rho=5.6 anchor_shift=0
[FREE POLY] k=2 disc=1 raw=40 facets=3 vertices=6 rho=1.6 anchor_shift=0
[FREE POLY] k=2 disc=2 raw=40 facets=2 vertices=5 rho=5.6 anchor_shift=0
[FREE POLY] k=3 disc=0 raw=40 facets=4 vertices=7 rho=6.4 anchor_shift=0
[FREE POLY] k=3 disc=1 raw=40 facets=2 vertices=5 rho=2.4 anchor_shift=0
[FREE POLY] k=3 disc=2 raw=40 facets=3 vertices=6 rho=6.4 anchor_shift=0
[FREE POLY] k=4 disc=0 raw=40 facets=3 vertices=6 rho=7.2 anchor_shift=0
[FREE POLY] k=4 disc=1 raw=40 facets=2 vertices=5 rho=3.2 anchor_shift=0
[FREE POLY] k=4 disc=2 raw=40 facets=4 vertices=7 rho=7.2 anchor_shift=0
[FREE POLY] k=5 disc=0 raw=40 facets=5 vertices=8 rho=8 anchor_shift=0
[FREE POLY] k=5 disc=1 raw=40 facets=5 vertices=8 rho=4 anchor_shift=0
[FREE POLY] k=5 disc=2 raw=40 facets=5 vertices=8 rho=8 anchor_shift=0
[FREE POLY] k=6 disc=0 raw=40 facets=5 vertices=8 rho=8.8 anchor_shift=0
[FREE POLY] k=6 disc=1 raw=40 facets=6 vertices=9 rho=4.8 anchor_shift=0
[FREE POLY] k=6 disc=2 raw=40 facets=5 vertices=8 rho=8.8 anchor_shift=0
[FREE POLY] k=7 disc=0 raw=40 facets=5 vertices=7 rho=9.6 anchor_shift=0
[FREE POLY] k=7 disc=1 raw=40 facets=5 vertices=8 rho=5.6 anchor_shift=0
[FREE POLY] k=7 disc=2 raw=40 facets=5 vertices=8 rho=9.6 anchor_shift=0
[FREE POLY] k=8 disc=0 raw=40 facets=5 vertices=8 rho=10.4 anchor_shift=0
[FREE POLY] k=8 disc=1 raw=40 facets=5 vertices=8 rho=6.4 anchor_shift=0
[FREE POLY] k=8 disc=2 raw=40 facets=5 vertices=8 rho=10.4 anchor_shift=0
[RF SUPPORT SEED] removed=0 support_limit=-1
[SQP] before_solve iter=0 vars=16 constraints=125 max_d=0.0104499
[QP WORST] iter=0 row=63 type=collision d=0.0104499
[QP WORST COLLISION] scenario=3 k=7 obstacle=0 disc=0
[SQP] after_solve iter=0 converged=1 status=0 iterations=5 primal_residual=4.30211e-16 dual_residual=1.15524e-05 x_size=16 x_finite=1
[SQP LINESEARCH] iter=0 current_violation=0.0104499 accepted_violation=4.27708e-05 accepted=1 alpha=1 delta_u_norm=0.386524
[SQP SUPPORT] iter=0 support_size=0 support_limit=-1 support_ok=1
[SQP] before_solve iter=1 vars=16 constraints=125 max_d=4.27708e-05
[QP WORST] iter=1 row=63 type=collision d=4.27708e-05
[QP WORST COLLISION] scenario=3 k=7 obstacle=0 disc=0
[SQP] after_solve iter=1 converged=1 status=0 iterations=5 primal_residual=2.77129e-08 dual_residual=1.07739e-05 x_size=16 x_finite=1
[SQP LINESEARCH] iter=1 current_violation=4.27708e-05 accepted_violation=3.03743e-07 accepted=1 alpha=1 delta_u_norm=0.309756
[SQP SUPPORT] iter=1 support_size=0 support_limit=-1 support_ok=1
[SQP] before_solve iter=2 vars=16 constraints=125 max_d=3.03743e-07
[QP WORST] iter=2 row=63 type=collision d=3.03743e-07
[QP WORST COLLISION] scenario=3 k=7 obstacle=0 disc=0
[SQP] after_solve iter=2 converged=1 status=0 iterations=5 primal_residual=8.65701e-11 dual_residual=1.97101e-05 x_size=16 x_finite=1
[SQP LINESEARCH] iter=2 current_violation=3.03743e-07 accepted_violation=0 accepted=1 alpha=1 delta_u_norm=0.256843
[SQP SUPPORT] iter=2 support_size=0 support_limit=-1 support_ok=1
[SQP] before_solve iter=3 vars=16 constraints=125 max_d=-5.53347e-06
[QP WORST] iter=3 row=63 type=collision d=-5.53347e-06
[QP WORST COLLISION] scenario=3 k=7 obstacle=0 disc=0
[SQP] after_solve iter=3 converged=1 status=0 iterations=5 primal_residual=3.54415e-08 dual_residual=2.86744e-05 x_size=16 x_finite=1
[SQP LINESEARCH] iter=3 current_violation=0 accepted_violation=0 accepted=1 alpha=1 delta_u_norm=0.155499
[SQP SUPPORT] iter=3 support_size=0 support_limit=-1 support_ok=1
[SQP] before_solve iter=4 vars=16 constraints=125 max_d=-2.62728e-06
[QP WORST] iter=4 row=78 type=collision d=-2.62728e-06
[QP WORST COLLISION] scenario=3 k=8 obstacle=0 disc=0
[SQP] after_solve iter=4 converged=1 status=0 iterations=5 primal_residual=5.78764e-08 dual_residual=3.34402e-05 x_size=16 x_finite=1
[SQP LINESEARCH] iter=4 current_violation=0 accepted_violation=0 accepted=1 alpha=1 delta_u_norm=0.14322
[SQP SUPPORT] iter=4 support_size=0 support_limit=-1 support_ok=1
[SQP] before_solve iter=5 vars=16 constraints=125 max_d=-7.92184e-07
[QP WORST] iter=5 row=78 type=collision d=-7.92184e-07
[QP WORST COLLISION] scenario=3 k=8 obstacle=0 disc=0
[SQP] after_solve iter=5 converged=1 status=0 iterations=5 primal_residual=5.89413e-08 dual_residual=3.32671e-05 x_size=16 x_finite=1
[SQP LINESEARCH] iter=5 current_violation=0 accepted_violation=0 accepted=1 alpha=1 delta_u_norm=0.13386
[SQP SUPPORT] iter=5 support_size=0 support_limit=-1 support_ok=1
[SQP] before_solve iter=6 vars=16 constraints=125 max_d=-8.22379e-07
[QP WORST] iter=6 row=78 type=collision d=-8.22379e-07
[QP WORST COLLISION] scenario=3 k=8 obstacle=0 disc=0
[SQP] after_solve iter=6 converged=1 status=0 iterations=5 primal_residual=5.46447e-08 dual_residual=3.18767e-05 x_size=16 x_finite=1
[SQP LINESEARCH] iter=6 current_violation=0 accepted_violation=0 accepted=1 alpha=1 delta_u_norm=0.125523
[SQP SUPPORT] iter=6 support_size=0 support_limit=-1 support_ok=1
[SQP] before_solve iter=7 vars=16 constraints=125 max_d=-8.37439e-07
[QP WORST] iter=7 row=78 type=collision d=-8.37439e-07
[QP WORST COLLISION] scenario=3 k=8 obstacle=0 disc=0
[SQP] after_solve iter=7 converged=1 status=0 iterations=5 primal_residual=5.12427e-08 dual_residual=3.08889e-05 x_size=16 x_finite=1
[SQP LINESEARCH] iter=7 current_violation=0 accepted_violation=0 accepted=1 alpha=1 delta_u_norm=0.117874
[SQP SUPPORT] iter=7 support_size=0 support_limit=-1 support_ok=1
[SQP] before_solve iter=8 vars=16 constraints=125 max_d=-8.55416e-07
[QP WORST] iter=8 row=78 type=collision d=-8.55416e-07
[QP WORST COLLISION] scenario=3 k=8 obstacle=0 disc=0
[SQP] after_solve iter=8 converged=1 status=0 iterations=5 primal_residual=4.80517e-08 dual_residual=3.0077e-05 x_size=16 x_finite=1
[SQP LINESEARCH] iter=8 current_violation=0 accepted_violation=0 accepted=1 alpha=1 delta_u_norm=0.110728
[SQP SUPPORT] iter=8 support_size=0 support_limit=-1 support_ok=1
[SQP] before_solve iter=9 vars=16 constraints=125 max_d=-8.69581e-07
[QP WORST] iter=9 row=78 type=collision d=-8.69581e-07
[QP WORST COLLISION] scenario=3 k=8 obstacle=0 disc=0
[SQP] after_solve iter=9 converged=1 status=0 iterations=5 primal_residual=4.52637e-08 dual_residual=2.93363e-05 x_size=16 x_finite=1
[SQP LINESEARCH] iter=9 current_violation=0 accepted_violation=0 accepted=1 alpha=1 delta_u_norm=0.103981
[SQP SUPPORT] iter=9 support_size=0 support_limit=-1 support_ok=1
[SQP FINAL] final_violation=0 violated_constraints=0
[SUPPORT FINAL] sqp_union=0 final_active=3 support_limit=-1
[SUPPORT FINAL IDS] 3 27 35
[SUPPORT UNION IDS]
[COLD START RECOVERY CHECK] ordinary_sqp_failed=0 seed_available=1 incompatible=0 try_homotopy=0
[HARNESS RESULT] step=35 success=1 controls=8 first_input_present=1
[MPC STEP METRICS] step=35 applied=1 success=1 fallback=0 a=-0.1107 omega=-0.0562016 dt=0.1 acceleration_weight=0.1 steering_weight=0.1 control_cost_unweighted=0.0154131 control_cost_weighted=0.00154131 mpc_cost=-14.4016 solve_time=0.038683 qp_solve_time=0.0265354 constraint_time=0.00717209 dro_risk_time=0 ambiguity_radius=0 certificate=not_requested
[EVAL SAFETY] step=36 min_center_distance=1.47785 min_clearance=0.527852 collision_this_step=0 collision_run=0 collision_radius=0.95
[RF BACKUP] available=1 controls=8 states=9
[FREE POLY] k=1 disc=0 raw=40 facets=6 vertices=9 rho=4.8 anchor_shift=0
[FREE POLY] k=1 disc=1 raw=40 facets=1 vertices=5 rho=0.800001 anchor_shift=0
[FREE POLY] k=1 disc=2 raw=40 facets=4 vertices=7 rho=4.8 anchor_shift=0
[FREE POLY] k=2 disc=0 raw=40 facets=7 vertices=10 rho=5.6 anchor_shift=0
[FREE POLY] k=2 disc=1 raw=40 facets=2 vertices=5 rho=1.6 anchor_shift=0
[FREE POLY] k=2 disc=2 raw=40 facets=2 vertices=5 rho=5.6 anchor_shift=0
[FREE POLY] k=3 disc=0 raw=40 facets=3 vertices=6 rho=6.4 anchor_shift=0
[FREE POLY] k=3 disc=1 raw=40 facets=2 vertices=5 rho=2.4 anchor_shift=0
[FREE POLY] k=3 disc=2 raw=40 facets=2 vertices=5 rho=6.4 anchor_shift=0
[FREE POLY] k=4 disc=0 raw=40 facets=3 vertices=6 rho=7.2 anchor_shift=0
[FREE POLY] k=4 disc=1 raw=40 facets=2 vertices=5 rho=3.2 anchor_shift=0
[FREE POLY] k=4 disc=2 raw=40 facets=2 vertices=5 rho=7.2 anchor_shift=0
[FREE POLY] k=5 disc=0 raw=40 facets=3 vertices=6 rho=8 anchor_shift=0
[FREE POLY] k=5 disc=1 raw=40 facets=2 vertices=5 rho=4 anchor_shift=0
[FREE POLY] k=5 disc=2 raw=40 facets=2 vertices=5 rho=8 anchor_shift=0
[FREE POLY] k=6 disc=0 raw=40 facets=3 vertices=6 rho=8.8 anchor_shift=0
[FREE POLY] k=6 disc=1 raw=40 facets=2 vertices=5 rho=4.8 anchor_shift=0
[FREE POLY] k=6 disc=2 raw=40 facets=2 vertices=5 rho=8.8 anchor_shift=0
[FREE POLY] k=7 disc=0 raw=40 facets=2 vertices=5 rho=9.6 anchor_shift=0
[FREE POLY] k=7 disc=1 raw=40 facets=2 vertices=5 rho=5.6 anchor_shift=0
[FREE POLY] k=7 disc=2 raw=40 facets=2 vertices=5 rho=9.6 anchor_shift=0
[FREE POLY] k=8 disc=0 raw=40 facets=3 vertices=6 rho=10.4 anchor_shift=0
[FREE POLY] k=8 disc=1 raw=40 facets=3 vertices=6 rho=6.4 anchor_shift=0
[FREE POLY] k=8 disc=2 raw=40 facets=3 vertices=6 rho=10.4 anchor_shift=0
[RF SUPPORT SEED] removed=0 support_limit=-1
[SQP] before_solve iter=0 vars=16 constraints=97 max_d=0.00206476
[QP WORST] iter=0 row=38 type=collision d=0.00206476
[QP WORST COLLISION] scenario=33 k=5 obstacle=0 disc=0
[SQP] after_solve iter=0 converged=1 status=0 iterations=5 primal_residual=4.30211e-16 dual_residual=1.16044e-05 x_size=16 x_finite=1
[SQP LINESEARCH] iter=0 current_violation=0.00206476 accepted_violation=5.47381e-06 accepted=1 alpha=1 delta_u_norm=0.326752
[SQP SUPPORT] iter=0 support_size=0 support_limit=-1 support_ok=1
[SQP] before_solve iter=1 vars=16 constraints=97 max_d=5.47381e-06
[QP WORST] iter=1 row=38 type=collision d=5.47381e-06
[QP WORST COLLISION] scenario=33 k=5 obstacle=0 disc=0
[SQP] after_solve iter=1 converged=1 status=0 iterations=5 primal_residual=1.88785e-09 dual_residual=8.1367e-06 x_size=16 x_finite=1
[SQP LINESEARCH] iter=1 current_violation=5.47381e-06 accepted_violation=3.07302e-06 accepted=1 alpha=0.5 delta_u_norm=0.229512
[SQP SUPPORT] iter=1 support_size=0 support_limit=-1 support_ok=1
[SQP] before_solve iter=2 vars=16 constraints=97 max_d=3.07302e-06
[QP WORST] iter=2 row=38 type=collision d=3.07302e-06
[QP WORST COLLISION] scenario=33 k=5 obstacle=0 disc=0
[SQP] after_solve iter=2 converged=1 status=0 iterations=5 primal_residual=8.07738e-10 dual_residual=7.37939e-06 x_size=16 x_finite=1
[SQP LINESEARCH] iter=2 current_violation=3.07302e-06 accepted_violation=1.43141e-06 accepted=1 alpha=0.5 delta_u_norm=0.214986
[SQP SUPPORT] iter=2 support_size=0 support_limit=-1 support_ok=1
[SQP] before_solve iter=3 vars=16 constraints=97 max_d=1.43141e-06
[QP WORST] iter=3 row=38 type=collision d=1.43141e-06
[QP WORST COLLISION] scenario=33 k=5 obstacle=0 disc=0
[SQP] after_solve iter=3 converged=1 status=0 iterations=5 primal_residual=2.00937e-10 dual_residual=6.76714e-06 x_size=16 x_finite=1
[SQP LINESEARCH] iter=3 current_violation=1.43141e-06 accepted_violation=1.02217e-07 accepted=1 alpha=1 delta_u_norm=0.203486
[SQP SUPPORT] iter=3 support_size=0 support_limit=-1 support_ok=1
[SQP] before_solve iter=4 vars=16 constraints=97 max_d=1.02217e-07
[QP WORST] iter=4 row=45 type=collision d=1.02217e-07
[QP WORST COLLISION] scenario=33 k=6 obstacle=0 disc=0
[SQP] after_solve iter=4 converged=1 status=0 iterations=5 primal_residual=3.88578e-16 dual_residual=6.50574e-06 x_size=16 x_finite=1
[SQP LINESEARCH] iter=4 current_violation=1.02217e-07 accepted_violation=0 accepted=1 alpha=1 delta_u_norm=0.184483
[SQP SUPPORT] iter=4 support_size=0 support_limit=-1 support_ok=1
[SQP] before_solve iter=5 vars=16 constraints=97 max_d=-7.9581e-07
[QP WORST] iter=5 row=45 type=collision d=-7.9581e-07
[QP WORST COLLISION] scenario=33 k=6 obstacle=0 disc=0
[SQP] after_solve iter=5 converged=1 status=0 iterations=5 primal_residual=3.7817e-16 dual_residual=8.7252e-06 x_size=16 x_finite=1
[SQP LINESEARCH] iter=5 current_violation=0 accepted_violation=0 accepted=1 alpha=1 delta_u_norm=0.169205
[SQP SUPPORT] iter=5 support_size=0 support_limit=-1 support_ok=1
[SQP] before_solve iter=6 vars=16 constraints=97 max_d=-7.04506e-07
[QP WORST] iter=6 row=45 type=collision d=-7.04506e-07
[QP WORST COLLISION] scenario=33 k=6 obstacle=0 disc=0
[SQP] after_solve iter=6 converged=1 status=0 iterations=5 primal_residual=4.3715e-16 dual_residual=1.50381e-05 x_size=16 x_finite=1
[SQP LINESEARCH] iter=6 current_violation=0 accepted_violation=0 accepted=1 alpha=1 delta_u_norm=0.155823
[SQP SUPPORT] iter=6 support_size=0 support_limit=-1 support_ok=1
[SQP] before_solve iter=7 vars=16 constraints=97 max_d=-7.03373e-07
[QP WORST] iter=7 row=38 type=collision d=-7.03373e-07
[QP WORST COLLISION] scenario=33 k=5 obstacle=0 disc=0
[SQP] after_solve iter=7 converged=1 status=0 iterations=5 primal_residual=4.32705e-16 dual_residual=2.03824e-05 x_size=16 x_finite=1
[SQP LINESEARCH] iter=7 current_violation=0 accepted_violation=0 accepted=1 alpha=1 delta_u_norm=0.143521
[SQP SUPPORT] iter=7 support_size=0 support_limit=-1 support_ok=1
[SQP] before_solve iter=8 vars=16 constraints=97 max_d=-7.27543e-07
[QP WORST] iter=8 row=38 type=collision d=-7.27543e-07
[QP WORST COLLISION] scenario=33 k=5 obstacle=0 disc=0
[SQP] after_solve iter=8 converged=1 status=0 iterations=5 primal_residual=3.93999e-16 dual_residual=2.03905e-05 x_size=16 x_finite=1
[SQP LINESEARCH] iter=8 current_violation=0 accepted_violation=0 accepted=1 alpha=1 delta_u_norm=0.121391
[SQP SUPPORT] iter=8 support_size=0 support_limit=-1 support_ok=1
[SQP] before_solve iter=9 vars=16 constraints=97 max_d=-7.3698e-07
[QP WORST] iter=9 row=38 type=collision d=-7.3698e-07
[QP WORST COLLISION] scenario=33 k=5 obstacle=0 disc=0
[SQP] after_solve iter=9 converged=1 status=0 iterations=5 primal_residual=4.3715e-16 dual_residual=1.55064e-05 x_size=16 x_finite=1
[SQP LINESEARCH] iter=9 current_violation=0 accepted_violation=0 accepted=1 alpha=1 delta_u_norm=0.106828
[SQP SUPPORT] iter=9 support_size=0 support_limit=-1 support_ok=1
[SQP FINAL] final_violation=0 violated_constraints=0
[SUPPORT FINAL] sqp_union=0 final_active=1 support_limit=-1
[SUPPORT FINAL IDS] 33
[SUPPORT UNION IDS]
[COLD START RECOVERY CHECK] ordinary_sqp_failed=0 seed_available=1 incompatible=0 try_homotopy=0
[HARNESS RESULT] step=36 success=1 controls=8 first_input_present=1
[MPC STEP METRICS] step=36 applied=1 success=1 fallback=0 a=-0.185877 omega=-0.446104 dt=0.1 acceleration_weight=0.1 steering_weight=0.1 control_cost_unweighted=0.233559 control_cost_weighted=0.0233559 mpc_cost=-15.0457 solve_time=0.0384254 qp_solve_time=0.0265053 constraint_time=0.00681743 dro_risk_time=0 ambiguity_radius=0 certificate=not_requested
[EVAL SAFETY] step=37 min_center_distance=1.28994 min_clearance=0.339939 collision_this_step=0 collision_run=0 collision_radius=0.95
[RF BACKUP] available=1 controls=8 states=9
[FREE POLY] k=1 disc=0 raw=40 facets=4 vertices=7 rho=4.8 anchor_shift=0
[FREE POLY] k=1 disc=1 raw=40 facets=0 vertices=4 rho=0.800001 anchor_shift=0
[FREE POLY] k=1 disc=2 raw=40 facets=5 vertices=8 rho=4.8 anchor_shift=0
[FREE POLY] k=2 disc=0 raw=40 facets=3 vertices=6 rho=5.6 anchor_shift=0
[FREE POLY] k=2 disc=1 raw=40 facets=3 vertices=6 rho=1.6 anchor_shift=0
[FREE POLY] k=2 disc=2 raw=40 facets=3 vertices=6 rho=5.6 anchor_shift=0
[FREE POLY] k=3 disc=0 raw=40 facets=4 vertices=7 rho=6.4 anchor_shift=0
[FREE POLY] k=3 disc=1 raw=40 facets=3 vertices=6 rho=2.4 anchor_shift=0
[FREE POLY] k=3 disc=2 raw=40 facets=3 vertices=6 rho=6.4 anchor_shift=0
[FREE POLY] k=4 disc=0 raw=40 facets=4 vertices=7 rho=7.2 anchor_shift=0
[FREE POLY] k=4 disc=1 raw=40 facets=3 vertices=6 rho=3.2 anchor_shift=0
[FREE POLY] k=4 disc=2 raw=40 facets=4 vertices=7 rho=7.2 anchor_shift=0
[FREE POLY] k=5 disc=0 raw=40 facets=4 vertices=7 rho=8 anchor_shift=0
[FREE POLY] k=5 disc=1 raw=40 facets=3 vertices=6 rho=4 anchor_shift=0
[FREE POLY] k=5 disc=2 raw=40 facets=4 vertices=7 rho=8 anchor_shift=0
[FREE POLY] k=6 disc=0 raw=40 facets=7 vertices=10 rho=8.8 anchor_shift=0
[FREE POLY] k=6 disc=1 raw=40 facets=4 vertices=7 rho=4.8 anchor_shift=0
[FREE POLY] k=6 disc=2 raw=40 facets=4 vertices=7 rho=8.8 anchor_shift=0
[FREE POLY] k=7 disc=0 raw=40 facets=6 vertices=9 rho=9.6 anchor_shift=0
[FREE POLY] k=7 disc=1 raw=40 facets=5 vertices=8 rho=5.6 anchor_shift=0
[FREE POLY] k=7 disc=2 raw=40 facets=5 vertices=8 rho=9.6 anchor_shift=0
[FREE POLY] k=8 disc=0 raw=40 facets=6 vertices=9 rho=10.4 anchor_shift=0
[FREE POLY] k=8 disc=1 raw=40 facets=5 vertices=8 rho=6.4 anchor_shift=0
[FREE POLY] k=8 disc=2 raw=40 facets=5 vertices=8 rho=10.4 anchor_shift=0
[RF SUPPORT SEED] removed=0 support_limit=-1
[SQP] before_solve iter=0 vars=16 constraints=129 max_d=-0.0161718
[QP WORST] iter=0 row=11 type=collision d=-0.0161718
[QP WORST COLLISION] scenario=29 k=2 obstacle=0 disc=0
[SQP] after_solve iter=0 converged=1 status=0 iterations=4 primal_residual=4.30211e-16 dual_residual=7.47286e-05 x_size=16 x_finite=1
[SQP LINESEARCH] iter=0 current_violation=0 accepted_violation=0 accepted=1 alpha=1 delta_u_norm=0.298364
[SQP SUPPORT] iter=0 support_size=0 support_limit=-1 support_ok=1
[SQP] before_solve iter=1 vars=16 constraints=129 max_d=-0.000407043
[QP WORST] iter=1 row=40 type=collision d=-0.000407043
[QP WORST COLLISION] scenario=6 k=5 obstacle=0 disc=0
[SQP] after_solve iter=1 converged=1 status=0 iterations=5 primal_residual=8.82912e-09 dual_residual=1.70296e-05 x_size=16 x_finite=1
[SQP LINESEARCH] iter=1 current_violation=0 accepted_violation=0 accepted=1 alpha=1 delta_u_norm=0.220616
[SQP SUPPORT] iter=1 support_size=0 support_limit=-1 support_ok=1
[SQP] before_solve iter=2 vars=16 constraints=129 max_d=-3.56774e-06
[QP WORST] iter=2 row=40 type=collision d=-3.56774e-06
[QP WORST COLLISION] scenario=6 k=5 obstacle=0 disc=0
[SQP] after_solve iter=2 converged=1 status=0 iterations=5 primal_residual=2.82193e-09 dual_residual=7.00864e-06 x_size=16 x_finite=1
[SQP LINESEARCH] iter=2 current_violation=0 accepted_violation=0 accepted=1 alpha=1 delta_u_norm=0.181481
[SQP SUPPORT] iter=2 support_size=0 support_limit=-1 support_ok=1
[SQP] before_solve iter=3 vars=16 constraints=129 max_d=-2.42043e-06
[QP WORST] iter=3 row=40 type=collision d=-2.42043e-06
[QP WORST COLLISION] scenario=6 k=5 obstacle=0 disc=0
[SQP] after_solve iter=3 converged=1 status=0 iterations=5 primal_residual=6.5739e-09 dual_residual=1.11491e-05 x_size=16 x_finite=1
[SQP LINESEARCH] iter=3 current_violation=0 accepted_violation=0 accepted=1 alpha=1 delta_u_norm=0.161988
[SQP SUPPORT] iter=3 support_size=0 support_limit=-1 support_ok=1
[SQP] before_solve iter=4 vars=16 constraints=129 max_d=-2.68206e-06
[QP WORST] iter=4 row=40 type=collision d=-2.68206e-06
[QP WORST COLLISION] scenario=6 k=5 obstacle=0 disc=0
[SQP] after_solve iter=4 converged=1 status=0 iterations=5 primal_residual=8.06137e-09 dual_residual=1.20019e-05 x_size=16 x_finite=1
[SQP LINESEARCH] iter=4 current_violation=0 accepted_violation=0 accepted=1 alpha=1 delta_u_norm=0.149003
[SQP SUPPORT] iter=4 support_size=0 support_limit=-1 support_ok=1
[SQP] before_solve iter=5 vars=16 constraints=129 max_d=-1.3225e-06
[QP WORST] iter=5 row=40 type=collision d=-1.3225e-06
[QP WORST COLLISION] scenario=6 k=5 obstacle=0 disc=0
[SQP] after_solve iter=5 converged=1 status=0 iterations=5 primal_residual=7.99502e-09 dual_residual=1.47395e-05 x_size=16 x_finite=1
[SQP LINESEARCH] iter=5 current_violation=0 accepted_violation=0 accepted=1 alpha=1 delta_u_norm=0.13867
[SQP SUPPORT] iter=5 support_size=0 support_limit=-1 support_ok=1
[SQP] before_solve iter=6 vars=16 constraints=129 max_d=-6.94535e-07
[QP WORST] iter=6 row=40 type=collision d=-6.94535e-07
[QP WORST COLLISION] scenario=6 k=5 obstacle=0 disc=0
[SQP] after_solve iter=6 converged=1 status=0 iterations=5 primal_residual=6.09128e-09 dual_residual=1.57692e-05 x_size=16 x_finite=1
[SQP LINESEARCH] iter=6 current_violation=0 accepted_violation=0 accepted=1 alpha=1 delta_u_norm=0.129228
[SQP SUPPORT] iter=6 support_size=0 support_limit=-1 support_ok=1
[SQP] before_solve iter=7 vars=16 constraints=129 max_d=-3.93782e-07
[QP WORST] iter=7 row=40 type=collision d=-3.93782e-07
[QP WORST COLLISION] scenario=6 k=5 obstacle=0 disc=0
[SQP] after_solve iter=7 converged=1 status=0 iterations=5 primal_residual=2.8302e-09 dual_residual=1.25376e-05 x_size=16 x_finite=1
[SQP LINESEARCH] iter=7 current_violation=0 accepted_violation=0 accepted=1 alpha=1 delta_u_norm=0.120269
[SQP SUPPORT] iter=7 support_size=0 support_limit=-1 support_ok=1
[SQP] before_solve iter=8 vars=16 constraints=129 max_d=-2.43649e-07
[QP WORST] iter=8 row=40 type=collision d=-2.43649e-07
[QP WORST COLLISION] scenario=6 k=5 obstacle=0 disc=0
[SQP] after_solve iter=8 converged=1 status=0 iterations=5 primal_residual=3.92048e-16 dual_residual=1.10165e-05 x_size=16 x_finite=1
[SQP LINESEARCH] iter=8 current_violation=0 accepted_violation=0 accepted=1 alpha=1 delta_u_norm=0.112205
[SQP SUPPORT] iter=8 support_size=0 support_limit=-1 support_ok=1
[SQP] before_solve iter=9 vars=16 constraints=129 max_d=-4.09368e-06
[QP WORST] iter=9 row=40 type=collision d=-4.09368e-06
[QP WORST COLLISION] scenario=6 k=5 obstacle=0 disc=0
[SQP] after_solve iter=9 converged=1 status=0 iterations=5 primal_residual=4.46051e-09 dual_residual=1.09545e-05 x_size=16 x_finite=1
[SQP LINESEARCH] iter=9 current_violation=0 accepted_violation=0 accepted=1 alpha=1 delta_u_norm=0.105227
[SQP SUPPORT] iter=9 support_size=0 support_limit=-1 support_ok=1
[SQP FINAL] final_violation=0 violated_constraints=0
[SUPPORT FINAL] sqp_union=0 final_active=2 support_limit=-1
[SUPPORT FINAL IDS] 1 6
[SUPPORT UNION IDS]
[COLD START RECOVERY CHECK] ordinary_sqp_failed=0 seed_available=1 incompatible=0 try_homotopy=0
[HARNESS RESULT] step=37 success=1 controls=8 first_input_present=1
[MPC STEP METRICS] step=37 applied=1 success=1 fallback=0 a=-0.223765 omega=-0.314743 dt=0.1 acceleration_weight=0.1 steering_weight=0.1 control_cost_unweighted=0.149134 control_cost_weighted=0.0149134 mpc_cost=-15.6644 solve_time=0.0371283 qp_solve_time=0.0245558 constraint_time=0.00755842 dro_risk_time=0 ambiguity_radius=0 certificate=not_requested
[EVAL SAFETY] step=38 min_center_distance=1.15253 min_clearance=0.20253 collision_this_step=0 collision_run=0 collision_radius=0.95
[RF BACKUP] available=1 controls=8 states=9
[FREE POLY] k=1 disc=0 raw=40 facets=3 vertices=6 rho=4.8 anchor_shift=0
[FREE POLY] k=1 disc=1 raw=40 facets=0 vertices=4 rho=0.800001 anchor_shift=0
[FREE POLY] k=1 disc=2 raw=40 facets=3 vertices=6 rho=4.8 anchor_shift=0
[FREE POLY] k=2 disc=0 raw=40 facets=3 vertices=6 rho=5.6 anchor_shift=0
[FREE POLY] k=2 disc=1 raw=40 facets=2 vertices=6 rho=1.6 anchor_shift=0
[FREE POLY] k=2 disc=2 raw=40 facets=3 vertices=6 rho=5.6 anchor_shift=0
[FREE POLY] k=3 disc=0 raw=40 facets=3 vertices=6 rho=6.4 anchor_shift=0
[FREE POLY] k=3 disc=1 raw=40 facets=2 vertices=5 rho=2.4 anchor_shift=0
[FREE POLY] k=3 disc=2 raw=40 facets=2 vertices=5 rho=6.4 anchor_shift=0
[FREE POLY] k=4 disc=0 raw=40 facets=3 vertices=6 rho=7.2 anchor_shift=0
[FREE POLY] k=4 disc=1 raw=40 facets=2 vertices=5 rho=3.2 anchor_shift=0
[FREE POLY] k=4 disc=2 raw=40 facets=2 vertices=5 rho=7.2 anchor_shift=0
[FREE POLY] k=5 disc=0 raw=40 facets=3 vertices=6 rho=8 anchor_shift=0
[FREE POLY] k=5 disc=1 raw=40 facets=2 vertices=5 rho=4 anchor_shift=0
[FREE POLY] k=5 disc=2 raw=40 facets=2 vertices=5 rho=8 anchor_shift=0
[FREE POLY] k=6 disc=0 raw=40 facets=4 vertices=7 rho=8.8 anchor_shift=0
[FREE POLY] k=6 disc=1 raw=40 facets=2 vertices=5 rho=4.8 anchor_shift=0
[FREE POLY] k=6 disc=2 raw=40 facets=3 vertices=6 rho=8.8 anchor_shift=0
[FREE POLY] k=7 disc=0 raw=40 facets=5 vertices=8 rho=9.6 anchor_shift=0
[FREE POLY] k=7 disc=1 raw=40 facets=4 vertices=7 rho=5.6 anchor_shift=0
[FREE POLY] k=7 disc=2 raw=40 facets=4 vertices=7 rho=9.6 anchor_shift=0
[FREE POLY] k=8 disc=0 raw=40 facets=5 vertices=8 rho=10.4 anchor_shift=0
[FREE POLY] k=8 disc=1 raw=40 facets=5 vertices=8 rho=6.4 anchor_shift=0
[FREE POLY] k=8 disc=2 raw=40 facets=5 vertices=8 rho=10.4 anchor_shift=0
[RF SUPPORT SEED] removed=0 support_limit=-1
[SQP] before_solve iter=0 vars=16 constraints=104 max_d=-0.0130967
[QP WORST] iter=0 row=6 type=collision d=-0.0130967
[QP WORST COLLISION] scenario=17 k=2 obstacle=0 disc=0
[SQP] after_solve iter=0 converged=1 status=0 iterations=4 primal_residual=2.0199e-08 dual_residual=4.77627e-05 x_size=16 x_finite=1
[SQP LINESEARCH] iter=0 current_violation=0 accepted_violation=0 accepted=1 alpha=1 delta_u_norm=0.254971
[SQP SUPPORT] iter=0 support_size=0 support_limit=-1 support_ok=1
[SQP] before_solve iter=1 vars=16 constraints=104 max_d=-0.0241406
[QP WORST] iter=1 row=6 type=collision d=-0.0241406
[QP WORST COLLISION] scenario=17 k=2 obstacle=0 disc=0
[SQP] after_solve iter=1 converged=1 status=0 iterations=4 primal_residual=3.71086e-08 dual_residual=9.57358e-05 x_size=16 x_finite=1
[SQP LINESEARCH] iter=1 current_violation=0 accepted_violation=0 accepted=1 alpha=1 delta_u_norm=0.185639
[SQP SUPPORT] iter=1 support_size=0 support_limit=-1 support_ok=1
[SQP] before_solve iter=2 vars=16 constraints=104 max_d=-0.0110503
[QP WORST] iter=2 row=14 type=collision d=-0.0110503
[QP WORST COLLISION] scenario=17 k=3 obstacle=0 disc=0
[SQP] after_solve iter=2 converged=1 status=0 iterations=4 primal_residual=2.64838e-08 dual_residual=8.49267e-05 x_size=16 x_finite=1
[SQP LINESEARCH] iter=2 current_violation=0 accepted_violation=0 accepted=1 alpha=1 delta_u_norm=0.167612
[SQP SUPPORT] iter=2 support_size=0 support_limit=-1 support_ok=1
[SQP] before_solve iter=3 vars=16 constraints=104 max_d=-0.0131357
[QP WORST] iter=3 row=14 type=collision d=-0.0131357
[QP WORST COLLISION] scenario=17 k=3 obstacle=0 disc=0
[SQP] after_solve iter=3 converged=1 status=0 iterations=4 primal_residual=4.29778e-16 dual_residual=8.2881e-05 x_size=16 x_finite=1
[SQP LINESEARCH] iter=3 current_violation=0 accepted_violation=0 accepted=1 alpha=1 delta_u_norm=0.151498
[SQP SUPPORT] iter=3 support_size=0 support_limit=-1 support_ok=1
[SQP] before_solve iter=4 vars=16 constraints=104 max_d=-0.00715471
[QP WORST] iter=4 row=14 type=collision d=-0.00715471
[QP WORST COLLISION] scenario=17 k=3 obstacle=0 disc=0
[SQP] after_solve iter=4 converged=1 status=0 iterations=4 primal_residual=4.23273e-16 dual_residual=8.29995e-05 x_size=16 x_finite=1
[SQP LINESEARCH] iter=4 current_violation=0 accepted_violation=0 accepted=1 alpha=1 delta_u_norm=0.141708
[SQP SUPPORT] iter=4 support_size=0 support_limit=-1 support_ok=1
[SQP] before_solve iter=5 vars=16 constraints=104 max_d=-0.00729164
[QP WORST] iter=5 row=14 type=collision d=-0.00729164
[QP WORST COLLISION] scenario=17 k=3 obstacle=0 disc=0
[SQP] after_solve iter=5 converged=1 status=0 iterations=4 primal_residual=4.32705e-16 dual_residual=7.83962e-05 x_size=16 x_finite=1
[SQP LINESEARCH] iter=5 current_violation=0 accepted_violation=0 accepted=1 alpha=1 delta_u_norm=0.13148
[SQP SUPPORT] iter=5 support_size=0 support_limit=-1 support_ok=1
[SQP] before_solve iter=6 vars=16 constraints=104 max_d=-0.00461198
[QP WORST] iter=6 row=14 type=collision d=-0.00461198
[QP WORST COLLISION] scenario=17 k=3 obstacle=0 disc=0
[SQP] after_solve iter=6 converged=1 status=0 iterations=4 primal_residual=4.26227e-16 dual_residual=8.74228e-05 x_size=16 x_finite=1
[SQP LINESEARCH] iter=6 current_violation=0 accepted_violation=0 accepted=1 alpha=1 delta_u_norm=0.123708
[SQP SUPPORT] iter=6 support_size=0 support_limit=-1 support_ok=1
[SQP] before_solve iter=7 vars=16 constraints=104 max_d=-0.00410255
[QP WORST] iter=7 row=14 type=collision d=-0.00410255
[QP WORST COLLISION] scenario=17 k=3 obstacle=0 disc=0
[SQP] after_solve iter=7 converged=1 status=0 iterations=4 primal_residual=4.25007e-16 dual_residual=9.51727e-05 x_size=16 x_finite=1
[SQP LINESEARCH] iter=7 current_violation=0 accepted_violation=0 accepted=1 alpha=1 delta_u_norm=0.116071
[SQP SUPPORT] iter=7 support_size=0 support_limit=-1 support_ok=1
[SQP] before_solve iter=8 vars=16 constraints=104 max_d=-0.00282687
[QP WORST] iter=8 row=14 type=collision d=-0.00282687
[QP WORST COLLISION] scenario=17 k=3 obstacle=0 disc=0
[SQP] after_solve iter=8 converged=1 status=0 iterations=5 primal_residual=4.3715e-16 dual_residual=5.12284e-06 x_size=16 x_finite=1
[SQP LINESEARCH] iter=8 current_violation=0 accepted_violation=0 accepted=1 alpha=1 delta_u_norm=0.111571
[SQP SUPPORT] iter=8 support_size=0 support_limit=-1 support_ok=1
[SQP] before_solve iter=9 vars=16 constraints=104 max_d=-1.3565e-06
[QP WORST] iter=9 row=14 type=collision d=-1.3565e-06
[QP WORST COLLISION] scenario=17 k=3 obstacle=0 disc=0
[SQP] after_solve iter=9 converged=1 status=0 iterations=5 primal_residual=4.35416e-16 dual_residual=8.55364e-06 x_size=16 x_finite=1
[SQP LINESEARCH] iter=9 current_violation=0 accepted_violation=0 accepted=1 alpha=1 delta_u_norm=0.10534
[SQP SUPPORT] iter=9 support_size=0 support_limit=-1 support_ok=1
[SQP FINAL] final_violation=0 violated_constraints=0
[SUPPORT FINAL] sqp_union=0 final_active=1 support_limit=-1
[SUPPORT FINAL IDS] 17
[SUPPORT UNION IDS]
[COLD START RECOVERY CHECK] ordinary_sqp_failed=0 seed_available=1 incompatible=0 try_homotopy=0
[HARNESS RESULT] step=38 success=1 controls=8 first_input_present=1
[MPC STEP METRICS] step=38 applied=1 success=1 fallback=0 a=-0.165996 omega=-0.213613 dt=0.1 acceleration_weight=0.1 steering_weight=0.1 control_cost_unweighted=0.073185 control_cost_weighted=0.0073185 mpc_cost=-16.1358 solve_time=0.0350975 qp_solve_time=0.0229152 constraint_time=0.00707305 dro_risk_time=0 ambiguity_radius=0 certificate=not_requested
[EVAL SAFETY] step=39 min_center_distance=1.07054 min_clearance=0.120536 collision_this_step=0 collision_run=0 collision_radius=0.95
[RF BACKUP] available=1 controls=8 states=9
[FREE POLY] k=1 disc=0 raw=40 facets=2 vertices=5 rho=4.8 anchor_shift=0
[FREE POLY] k=1 disc=1 raw=40 facets=0 vertices=4 rho=0.800001 anchor_shift=0
[FREE POLY] k=1 disc=2 raw=40 facets=2 vertices=5 rho=4.8 anchor_shift=0
[FREE POLY] k=2 disc=0 raw=40 facets=3 vertices=6 rho=5.6 anchor_shift=0
[FREE POLY] k=2 disc=1 raw=40 facets=1 vertices=5 rho=1.6 anchor_shift=0
[FREE POLY] k=2 disc=2 raw=40 facets=2 vertices=5 rho=5.6 anchor_shift=0
[FREE POLY] k=3 disc=0 raw=40 facets=6 vertices=9 rho=6.4 anchor_shift=0
[FREE POLY] k=3 disc=1 raw=40 facets=1 vertices=4 rho=2.4 anchor_shift=0
[FREE POLY] k=3 disc=2 raw=40 facets=2 vertices=5 rho=6.4 anchor_shift=0
[FREE POLY] k=4 disc=0 raw=40 facets=6 vertices=9 rho=7.2 anchor_shift=0
[FREE POLY] k=4 disc=1 raw=40 facets=3 vertices=6 rho=3.2 anchor_shift=0
[FREE POLY] k=4 disc=2 raw=40 facets=3 vertices=6 rho=7.2 anchor_shift=0
[FREE POLY] k=5 disc=0 raw=40 facets=4 vertices=7 rho=8 anchor_shift=0
[FREE POLY] k=5 disc=1 raw=40 facets=3 vertices=6 rho=4 anchor_shift=0
[FREE POLY] k=5 disc=2 raw=40 facets=3 vertices=6 rho=8 anchor_shift=0
[FREE POLY] k=6 disc=0 raw=40 facets=4 vertices=7 rho=8.8 anchor_shift=0
[FREE POLY] k=6 disc=1 raw=40 facets=3 vertices=6 rho=4.8 anchor_shift=0
[FREE POLY] k=6 disc=2 raw=40 facets=3 vertices=6 rho=8.8 anchor_shift=0
[FREE POLY] k=7 disc=0 raw=40 facets=4 vertices=7 rho=9.6 anchor_shift=0
[FREE POLY] k=7 disc=1 raw=40 facets=3 vertices=6 rho=5.6 anchor_shift=0
[FREE POLY] k=7 disc=2 raw=40 facets=3 vertices=6 rho=9.6 anchor_shift=0
[FREE POLY] k=8 disc=0 raw=40 facets=4 vertices=7 rho=10.4 anchor_shift=0
[FREE POLY] k=8 disc=1 raw=40 facets=4 vertices=7 rho=6.4 anchor_shift=0
[FREE POLY] k=8 disc=2 raw=40 facets=4 vertices=7 rho=10.4 anchor_shift=0
[RF SUPPORT SEED] removed=0 support_limit=-1
[SQP] before_solve iter=0 vars=16 constraints=105 max_d=-0.0215174
[QP WORST] iter=0 row=4 type=collision d=-0.0215174
[QP WORST COLLISION] scenario=13 k=2 obstacle=0 disc=0
[SQP] after_solve iter=0 converged=1 status=0 iterations=4 primal_residual=4.21538e-16 dual_residual=6.11659e-06 x_size=16 x_finite=1
[SQP LINESEARCH] iter=0 current_violation=0 accepted_violation=0 accepted=1 alpha=1 delta_u_norm=0.275613
[SQP SUPPORT] iter=0 support_size=0 support_limit=-1 support_ok=1
[SQP] before_solve iter=1 vars=16 constraints=105 max_d=-0.0421741
[QP WORST] iter=1 row=4 type=collision d=-0.0421741
[QP WORST COLLISION] scenario=13 k=2 obstacle=0 disc=0
[SQP] after_solve iter=1 converged=1 status=0 iterations=4 primal_residual=2.69583e-09 dual_residual=1.81648e-05 x_size=16 x_finite=1
[SQP LINESEARCH] iter=1 current_violation=0 accepted_violation=0 accepted=1 alpha=1 delta_u_norm=0.197485
[SQP SUPPORT] iter=1 support_size=0 support_limit=-1 support_ok=1
[SQP] before_solve iter=2 vars=16 constraints=105 max_d=-0.0279898
[QP WORST] iter=2 row=4 type=collision d=-0.0279898
[QP WORST COLLISION] scenario=13 k=2 obstacle=0 disc=0
[SQP] after_solve iter=2 converged=1 status=0 iterations=4 primal_residual=6.81789e-10 dual_residual=9.89517e-06 x_size=16 x_finite=1
[SQP LINESEARCH] iter=2 current_violation=0 accepted_violation=0 accepted=1 alpha=1 delta_u_norm=0.173875
[SQP SUPPORT] iter=2 support_size=0 support_limit=-1 support_ok=1
[SQP] before_solve iter=3 vars=16 constraints=105 max_d=-0.0360777
[QP WORST] iter=3 row=4 type=collision d=-0.0360777
[QP WORST COLLISION] scenario=13 k=2 obstacle=0 disc=0
[SQP] after_solve iter=3 converged=1 status=0 iterations=4 primal_residual=4.67211e-09 dual_residual=2.08799e-05 x_size=16 x_finite=1
[SQP LINESEARCH] iter=3 current_violation=0 accepted_violation=0 accepted=1 alpha=1 delta_u_norm=0.152133
[SQP SUPPORT] iter=3 support_size=0 support_limit=-1 support_ok=1
[SQP] before_solve iter=4 vars=16 constraints=105 max_d=-0.0280886
[QP WORST] iter=4 row=4 type=collision d=-0.0280886
[QP WORST COLLISION] scenario=13 k=2 obstacle=0 disc=0
[SQP] after_solve iter=4 converged=1 status=0 iterations=4 primal_residual=2.85048e-09 dual_residual=1.56246e-05 x_size=16 x_finite=1
[SQP LINESEARCH] iter=4 current_violation=0 accepted_violation=0 accepted=1 alpha=1 delta_u_norm=0.141539
[SQP SUPPORT] iter=4 support_size=0 support_limit=-1 support_ok=1
[SQP] before_solve iter=5 vars=16 constraints=105 max_d=-0.0313123
[QP WORST] iter=5 row=4 type=collision d=-0.0313123
[QP WORST COLLISION] scenario=13 k=2 obstacle=0 disc=0
[SQP] after_solve iter=5 converged=1 status=0 iterations=4 primal_residual=6.22848e-09 dual_residual=2.47036e-05 x_size=16 x_finite=1
[SQP LINESEARCH] iter=5 current_violation=0 accepted_violation=0 accepted=1 alpha=1 delta_u_norm=0.129381
[SQP SUPPORT] iter=5 support_size=0 support_limit=-1 support_ok=1
[SQP] before_solve iter=6 vars=16 constraints=105 max_d=-0.0269084
[QP WORST] iter=6 row=4 type=collision d=-0.0269084
[QP WORST COLLISION] scenario=13 k=2 obstacle=0 disc=0
[SQP] after_solve iter=6 converged=1 status=0 iterations=4 primal_residual=5.58232e-09 dual_residual=2.23573e-05 x_size=16 x_finite=1
[SQP LINESEARCH] iter=6 current_violation=0 accepted_violation=0 accepted=1 alpha=1 delta_u_norm=0.121923
[SQP SUPPORT] iter=6 support_size=0 support_limit=-1 support_ok=1
[SQP] before_solve iter=7 vars=16 constraints=105 max_d=-0.0280611
[QP WORST] iter=7 row=4 type=collision d=-0.0280611
[QP WORST COLLISION] scenario=13 k=2 obstacle=0 disc=0
[SQP] after_solve iter=7 converged=1 status=0 iterations=4 primal_residual=7.53498e-09 dual_residual=2.85502e-05 x_size=16 x_finite=1
[SQP LINESEARCH] iter=7 current_violation=0 accepted_violation=0 accepted=1 alpha=1 delta_u_norm=0.113797
[SQP SUPPORT] iter=7 support_size=0 support_limit=-1 support_ok=1
[SQP] before_solve iter=8 vars=16 constraints=105 max_d=-0.0256064
[QP WORST] iter=8 row=4 type=collision d=-0.0256064
[QP WORST COLLISION] scenario=13 k=2 obstacle=0 disc=0
[SQP] after_solve iter=8 converged=1 status=0 iterations=4 primal_residual=7.4289e-09 dual_residual=2.80011e-05 x_size=16 x_finite=1
[SQP LINESEARCH] iter=8 current_violation=0 accepted_violation=0 accepted=1 alpha=1 delta_u_norm=0.107723
[SQP SUPPORT] iter=8 support_size=0 support_limit=-1 support_ok=1
[SQP] before_solve iter=9 vars=16 constraints=105 max_d=-0.0258831
[QP WORST] iter=9 row=4 type=collision d=-0.0258831
[QP WORST COLLISION] scenario=13 k=2 obstacle=0 disc=0
[SQP] after_solve iter=9 converged=1 status=0 iterations=4 primal_residual=8.67235e-09 dual_residual=3.20779e-05 x_size=16 x_finite=1
[SQP LINESEARCH] iter=9 current_violation=0 accepted_violation=0 accepted=1 alpha=1 delta_u_norm=0.101528
[SQP SUPPORT] iter=9 support_size=0 support_limit=-1 support_ok=1
[SQP FINAL] final_violation=0 violated_constraints=0
[SUPPORT FINAL] sqp_union=0 final_active=0 support_limit=-1
[SUPPORT FINAL IDS]
[SUPPORT UNION IDS]
[COLD START RECOVERY CHECK] ordinary_sqp_failed=0 seed_available=1 incompatible=0 try_homotopy=0
[HARNESS RESULT] step=39 success=1 controls=8 first_input_present=1
[MPC STEP METRICS] step=39 applied=1 success=1 fallback=0 a=-0.123435 omega=-0.346124 dt=0.1 acceleration_weight=0.1 steering_weight=0.1 control_cost_unweighted=0.135038 control_cost_weighted=0.0135038 mpc_cost=-16.4908 solve_time=0.0346761 qp_solve_time=0.0224558 constraint_time=0.00722365 dro_risk_time=0 ambiguity_radius=0 certificate=not_requested
[EVAL SAFETY] step=40 min_center_distance=1.00711 min_clearance=0.0571074 collision_this_step=0 collision_run=0 collision_radius=0.95
[RF BACKUP] available=1 controls=8 states=9
[FREE POLY] k=1 disc=0 raw=40 facets=4 vertices=7 rho=4.8 anchor_shift=0
[FREE POLY] k=1 disc=1 raw=40 facets=0 vertices=4 rho=0.800001 anchor_shift=0
[FREE POLY] k=1 disc=2 raw=40 facets=4 vertices=7 rho=4.8 anchor_shift=0
[FREE POLY] k=2 disc=0 raw=40 facets=3 vertices=6 rho=5.6 anchor_shift=0
[FREE POLY] k=2 disc=1 raw=40 facets=0 vertices=4 rho=1.6 anchor_shift=0
[FREE POLY] k=2 disc=2 raw=40 facets=2 vertices=5 rho=5.6 anchor_shift=0
[FREE POLY] k=3 disc=0 raw=40 facets=4 vertices=7 rho=6.4 anchor_shift=0
[FREE POLY] k=3 disc=1 raw=40 facets=3 vertices=6 rho=2.4 anchor_shift=0
[FREE POLY] k=3 disc=2 raw=40 facets=3 vertices=6 rho=6.4 anchor_shift=0
[FREE POLY] k=4 disc=0 raw=40 facets=4 vertices=7 rho=7.2 anchor_shift=0
[FREE POLY] k=4 disc=1 raw=40 facets=3 vertices=6 rho=3.2 anchor_shift=0
[FREE POLY] k=4 disc=2 raw=40 facets=3 vertices=6 rho=7.2 anchor_shift=0
[FREE POLY] k=5 disc=0 raw=40 facets=5 vertices=8 rho=8 anchor_shift=0
[FREE POLY] k=5 disc=1 raw=40 facets=3 vertices=6 rho=4 anchor_shift=0
[FREE POLY] k=5 disc=2 raw=40 facets=3 vertices=6 rho=8 anchor_shift=0
[FREE POLY] k=6 disc=0 raw=40 facets=5 vertices=8 rho=8.8 anchor_shift=0
[FREE POLY] k=6 disc=1 raw=40 facets=3 vertices=6 rho=4.8 anchor_shift=0
[FREE POLY] k=6 disc=2 raw=40 facets=3 vertices=6 rho=8.8 anchor_shift=0
[FREE POLY] k=7 disc=0 raw=40 facets=5 vertices=8 rho=9.6 anchor_shift=0
[FREE POLY] k=7 disc=1 raw=40 facets=3 vertices=6 rho=5.6 anchor_shift=0
[FREE POLY] k=7 disc=2 raw=40 facets=3 vertices=6 rho=9.6 anchor_shift=0
[FREE POLY] k=8 disc=0 raw=40 facets=5 vertices=8 rho=10.4 anchor_shift=0
[FREE POLY] k=8 disc=1 raw=40 facets=3 vertices=6 rho=6.4 anchor_shift=0
[FREE POLY] k=8 disc=2 raw=40 facets=3 vertices=6 rho=10.4 anchor_shift=0
[RF SUPPORT SEED] removed=0 support_limit=-1
[SQP] before_solve iter=0 vars=16 constraints=109 max_d=-0.0343191
[QP WORST] iter=0 row=3 type=collision d=-0.0343191
[QP WORST COLLISION] scenario=23 k=1 obstacle=0 disc=0
[SQP] after_solve iter=0 converged=1 status=0 iterations=4 primal_residual=6.62825e-10 dual_residual=8.79376e-06 x_size=16 x_finite=1
[SQP LINESEARCH] iter=0 current_violation=0 accepted_violation=0 accepted=1 alpha=1 delta_u_norm=0.271515
[SQP SUPPORT] iter=0 support_size=0 support_limit=-1 support_ok=1
[SQP] before_solve iter=1 vars=16 constraints=109 max_d=-0.0470772
[QP WORST] iter=1 row=3 type=collision d=-0.0470772
[QP WORST COLLISION] scenario=23 k=1 obstacle=0 disc=0
[SQP] after_solve iter=1 converged=1 status=0 iterations=4 primal_residual=5.13331e-10 dual_residual=7.1056e-06 x_size=16 x_finite=1
[SQP LINESEARCH] iter=1 current_violation=0 accepted_violation=0 accepted=1 alpha=1 delta_u_norm=0.196335
[SQP SUPPORT] iter=1 support_size=0 support_limit=-1 support_ok=1
[SQP] before_solve iter=2 vars=16 constraints=109 max_d=-0.0415582
[QP WORST] iter=2 row=3 type=collision d=-0.0415582
[QP WORST COLLISION] scenario=23 k=1 obstacle=0 disc=0
[SQP] after_solve iter=2 converged=1 status=0 iterations=4 primal_residual=3.11212e-10 dual_residual=5.55476e-06 x_size=16 x_finite=1
[SQP LINESEARCH] iter=2 current_violation=0 accepted_violation=0 accepted=1 alpha=1 delta_u_norm=0.170346
[SQP SUPPORT] iter=2 support_size=0 support_limit=-1 support_ok=1
[SQP] before_solve iter=3 vars=16 constraints=109 max_d=-0.0468175
[QP WORST] iter=3 row=3 type=collision d=-0.0468175
[QP WORST COLLISION] scenario=23 k=1 obstacle=0 disc=0
[SQP] after_solve iter=3 converged=1 status=0 iterations=4 primal_residual=3.3362e-10 dual_residual=5.38153e-06 x_size=16 x_finite=1
[SQP LINESEARCH] iter=3 current_violation=0 accepted_violation=0 accepted=1 alpha=1 delta_u_norm=0.150629
[SQP SUPPORT] iter=3 support_size=0 support_limit=-1 support_ok=1
[SQP] before_solve iter=4 vars=16 constraints=109 max_d=-0.0436203
[QP WORST] iter=4 row=3 type=collision d=-0.0436203
[QP WORST COLLISION] scenario=23 k=1 obstacle=0 disc=0
[SQP] after_solve iter=4 converged=1 status=0 iterations=4 primal_residual=1.87934e-10 dual_residual=5.10122e-06 x_size=16 x_finite=1
[SQP LINESEARCH] iter=4 current_violation=0 accepted_violation=0 accepted=1 alpha=1 delta_u_norm=0.139388
[SQP SUPPORT] iter=4 support_size=0 support_limit=-1 support_ok=1
[SQP] before_solve iter=5 vars=16 constraints=109 max_d=-0.0460474
[QP WORST] iter=5 row=3 type=collision d=-0.0460474
[QP WORST COLLISION] scenario=23 k=1 obstacle=0 disc=0
[SQP] after_solve iter=5 converged=1 status=0 iterations=4 primal_residual=3.0597e-10 dual_residual=5.34169e-06 x_size=16 x_finite=1
[SQP LINESEARCH] iter=5 current_violation=0 accepted_violation=0 accepted=1 alpha=1 delta_u_norm=0.128174
[SQP SUPPORT] iter=5 support_size=0 support_limit=-1 support_ok=1
[SQP] before_solve iter=6 vars=16 constraints=109 max_d=-0.0443769
[QP WORST] iter=6 row=3 type=collision d=-0.0443769
[QP WORST COLLISION] scenario=23 k=1 obstacle=0 disc=0
[SQP] after_solve iter=6 converged=1 status=0 iterations=4 primal_residual=1.24605e-10 dual_residual=4.98292e-06 x_size=16 x_finite=1
[SQP LINESEARCH] iter=6 current_violation=0 accepted_violation=0 accepted=1 alpha=1 delta_u_norm=0.120593
[SQP SUPPORT] iter=6 support_size=0 support_limit=-1 support_ok=1
[SQP] before_solve iter=7 vars=16 constraints=109 max_d=-0.0455957
[QP WORST] iter=7 row=3 type=collision d=-0.0455957
[QP WORST COLLISION] scenario=23 k=1 obstacle=0 disc=0
[SQP] after_solve iter=7 converged=1 status=0 iterations=4 primal_residual=3.09342e-10 dual_residual=5.42891e-06 x_size=16 x_finite=1
[SQP LINESEARCH] iter=7 current_violation=0 accepted_violation=0 accepted=1 alpha=1 delta_u_norm=0.112897
[SQP SUPPORT] iter=7 support_size=0 support_limit=-1 support_ok=1
[SQP] before_solve iter=8 vars=16 constraints=109 max_d=-0.0447964
[QP WORST] iter=8 row=3 type=collision d=-0.0447964
[QP WORST COLLISION] scenario=23 k=1 obstacle=0 disc=0
[SQP] after_solve iter=8 converged=1 status=0 iterations=4 primal_residual=1.14268e-10 dual_residual=4.9514e-06 x_size=16 x_finite=1
[SQP LINESEARCH] iter=8 current_violation=0 accepted_violation=0 accepted=1 alpha=1 delta_u_norm=0.106856
[SQP SUPPORT] iter=8 support_size=0 support_limit=-1 support_ok=1
[SQP] before_solve iter=9 vars=16 constraints=109 max_d=-0.0454711
[QP WORST] iter=9 row=3 type=collision d=-0.0454711
[QP WORST COLLISION] scenario=23 k=1 obstacle=0 disc=0
[SQP] after_solve iter=9 converged=1 status=0 iterations=4 primal_residual=3.17402e-10 dual_residual=5.39998e-06 x_size=16 x_finite=1
[SQP LINESEARCH] iter=9 current_violation=0 accepted_violation=0 accepted=1 alpha=1 delta_u_norm=0.100869
[SQP SUPPORT] iter=9 support_size=0 support_limit=-1 support_ok=1
[SQP FINAL] final_violation=0 violated_constraints=0
[SUPPORT FINAL] sqp_union=0 final_active=0 support_limit=-1
[SUPPORT FINAL IDS]
[SUPPORT UNION IDS]
[COLD START RECOVERY CHECK] ordinary_sqp_failed=0 seed_available=1 incompatible=0 try_homotopy=0
[HARNESS RESULT] step=40 success=1 controls=8 first_input_present=1
[MPC STEP METRICS] step=40 applied=1 success=1 fallback=0 a=-0.0806981 omega=-0.32139 dt=0.1 acceleration_weight=0.1 steering_weight=0.1 control_cost_unweighted=0.109804 control_cost_weighted=0.0109804 mpc_cost=-16.7728 solve_time=0.0339873 qp_solve_time=0.0219932 constraint_time=0.0070797 dro_risk_time=0 ambiguity_radius=0 certificate=not_requested
[EVAL SAFETY] step=41 min_center_distance=1.00126 min_clearance=0.0512636 collision_this_step=0 collision_run=0 collision_radius=0.95
[PATH COMPLETION] step=41 completion_progress=8.08106 path_length=25 fraction=0.323243 required_fraction=0.95 termination_enabled=1 completed=0
[RF BACKUP] available=1 controls=8 states=9
[FREE POLY] k=1 disc=0 raw=40 facets=6 vertices=9 rho=4.8 anchor_shift=0
[FREE POLY] k=1 disc=1 raw=40 facets=0 vertices=4 rho=0.800001 anchor_shift=0
[FREE POLY] k=1 disc=2 raw=40 facets=5 vertices=8 rho=4.8 anchor_shift=0
[FREE POLY] k=2 disc=0 raw=40 facets=6 vertices=9 rho=5.6 anchor_shift=0
[FREE POLY] k=2 disc=1 raw=40 facets=0 vertices=4 rho=1.6 anchor_shift=0
[FREE POLY] k=2 disc=2 raw=40 facets=5 vertices=8 rho=5.6 anchor_shift=0
[FREE POLY] k=3 disc=0 raw=40 facets=4 vertices=7 rho=6.4 anchor_shift=0
[FREE POLY] k=3 disc=1 raw=40 facets=2 vertices=5 rho=2.4 anchor_shift=0
[FREE POLY] k=3 disc=2 raw=40 facets=3 vertices=6 rho=6.4 anchor_shift=0
[FREE POLY] k=4 disc=0 raw=40 facets=4 vertices=7 rho=7.2 anchor_shift=0
[FREE POLY] k=4 disc=1 raw=40 facets=2 vertices=5 rho=3.2 anchor_shift=0
[FREE POLY] k=4 disc=2 raw=40 facets=3 vertices=6 rho=7.2 anchor_shift=0
[FREE POLY] k=5 disc=0 raw=40 facets=4 vertices=7 rho=8 anchor_shift=0
[FREE POLY] k=5 disc=1 raw=40 facets=4 vertices=7 rho=4 anchor_shift=0
[FREE POLY] k=5 disc=2 raw=40 facets=4 vertices=7 rho=8 anchor_shift=0
[FREE POLY] k=6 disc=0 raw=40 facets=5 vertices=8 rho=8.8 anchor_shift=0
[FREE POLY] k=6 disc=1 raw=40 facets=4 vertices=7 rho=4.8 anchor_shift=0
[FREE POLY] k=6 disc=2 raw=40 facets=4 vertices=7 rho=8.8 anchor_shift=0
[FREE POLY] k=7 disc=0 raw=40 facets=5 vertices=8 rho=9.6 anchor_shift=0
[FREE POLY] k=7 disc=1 raw=40 facets=3 vertices=6 rho=5.6 anchor_shift=0
[FREE POLY] k=7 disc=2 raw=40 facets=3 vertices=6 rho=9.6 anchor_shift=0
[FREE POLY] k=8 disc=0 raw=40 facets=3 vertices=6 rho=10.4 anchor_shift=0
[FREE POLY] k=8 disc=1 raw=40 facets=2 vertices=5 rho=6.4 anchor_shift=0
[FREE POLY] k=8 disc=2 raw=40 facets=2 vertices=5 rho=10.4 anchor_shift=0
[RF SUPPORT SEED] removed=0 support_limit=-1
[SQP] before_solve iter=0 vars=16 constraints=115 max_d=-0.0713116
[QP WORST] iter=0 row=4 type=collision d=-0.0713116
[QP WORST COLLISION] scenario=37 k=1 obstacle=0 disc=0
[SQP] after_solve iter=0 converged=1 status=0 iterations=3 primal_residual=3.85981e-08 dual_residual=3.80382e-05 x_size=16 x_finite=1
[SQP LINESEARCH] iter=0 current_violation=0 accepted_violation=0 accepted=1 alpha=1 delta_u_norm=0.261817
[SQP SUPPORT] iter=0 support_size=0 support_limit=-1 support_ok=1
[SQP] before_solve iter=1 vars=16 constraints=115 max_d=-0.0816156
[QP WORST] iter=1 row=4 type=collision d=-0.0816156
[QP WORST COLLISION] scenario=37 k=1 obstacle=0 disc=0
[SQP] after_solve iter=1 converged=1 status=0 iterations=3 primal_residual=3.84598e-09 dual_residual=2.01002e-05 x_size=16 x_finite=1
[SQP LINESEARCH] iter=1 current_violation=0 accepted_violation=0 accepted=1 alpha=1 delta_u_norm=0.190831
[SQP SUPPORT] iter=1 support_size=0 support_limit=-1 support_ok=1
[SQP] before_solve iter=2 vars=16 constraints=115 max_d=-0.0782412
[QP WORST] iter=2 row=4 type=collision d=-0.0782412
[QP WORST COLLISION] scenario=37 k=1 obstacle=0 disc=0
[SQP] after_solve iter=2 converged=1 status=0 iterations=3 primal_residual=4.00708e-09 dual_residual=1.09623e-05 x_size=16 x_finite=1
[SQP LINESEARCH] iter=2 current_violation=0 accepted_violation=0 accepted=1 alpha=1 delta_u_norm=0.166234
[SQP SUPPORT] iter=2 support_size=0 support_limit=-1 support_ok=1
[SQP] before_solve iter=3 vars=16 constraints=115 max_d=-0.0825671
[QP WORST] iter=3 row=4 type=collision d=-0.0825671
[QP WORST COLLISION] scenario=37 k=1 obstacle=0 disc=0
[SQP] after_solve iter=3 converged=1 status=0 iterations=3 primal_residual=1.59202e-09 dual_residual=9.44106e-06 x_size=16 x_finite=1
[SQP LINESEARCH] iter=3 current_violation=0 accepted_violation=0 accepted=1 alpha=1 delta_u_norm=0.14887
[SQP SUPPORT] iter=3 support_size=0 support_limit=-1 support_ok=1
[SQP] before_solve iter=4 vars=16 constraints=115 max_d=-0.0806619
[QP WORST] iter=4 row=4 type=collision d=-0.0806619
[QP WORST COLLISION] scenario=37 k=1 obstacle=0 disc=0
[SQP] after_solve iter=4 converged=1 status=0 iterations=3 primal_residual=1.15119e-09 dual_residual=5.76412e-06 x_size=16 x_finite=1
[SQP LINESEARCH] iter=4 current_violation=0 accepted_violation=0 accepted=1 alpha=1 delta_u_norm=0.137926
[SQP SUPPORT] iter=4 support_size=0 support_limit=-1 support_ok=1
[SQP] before_solve iter=5 vars=16 constraints=115 max_d=-0.0827583
[QP WORST] iter=5 row=4 type=collision d=-0.0827583
[QP WORST COLLISION] scenario=37 k=1 obstacle=0 disc=0
[SQP] after_solve iter=5 converged=1 status=0 iterations=3 primal_residual=7.33666e-10 dual_residual=5.36179e-06 x_size=16 x_finite=1
[SQP LINESEARCH] iter=5 current_violation=0 accepted_violation=0 accepted=1 alpha=1 delta_u_norm=0.127617
[SQP SUPPORT] iter=5 support_size=0 support_limit=-1 support_ok=1
[SQP] before_solve iter=6 vars=16 constraints=115 max_d=-0.0818512
[QP WORST] iter=6 row=4 type=collision d=-0.0818512
[QP WORST COLLISION] scenario=37 k=1 obstacle=0 disc=0
[SQP] after_solve iter=6 converged=1 status=0 iterations=3 primal_residual=4.64837e-10 dual_residual=3.77999e-06 x_size=16 x_finite=1
[SQP LINESEARCH] iter=6 current_violation=0 accepted_violation=0 accepted=1 alpha=1 delta_u_norm=0.120062
[SQP SUPPORT] iter=6 support_size=0 support_limit=-1 support_ok=1
[SQP] before_solve iter=7 vars=16 constraints=115 max_d=-0.0829814
[QP WORST] iter=7 row=4 type=collision d=-0.0829814
[QP WORST COLLISION] scenario=37 k=1 obstacle=0 disc=0
[SQP] after_solve iter=7 converged=1 status=0 iterations=3 primal_residual=3.73054e-10 dual_residual=3.26656e-06 x_size=16 x_finite=1
[SQP LINESEARCH] iter=7 current_violation=0 accepted_violation=0 accepted=1 alpha=1 delta_u_norm=0.112697
[SQP SUPPORT] iter=7 support_size=0 support_limit=-1 support_ok=1
[SQP] before_solve iter=8 vars=16 constraints=115 max_d=-0.0826318
[QP WORST] iter=8 row=4 type=collision d=-0.0826318
[QP WORST COLLISION] scenario=37 k=1 obstacle=0 disc=0
[SQP] after_solve iter=8 converged=1 status=0 iterations=3 primal_residual=3.15773e-10 dual_residual=2.7973e-06 x_size=16 x_finite=1
[SQP LINESEARCH] iter=8 current_violation=0 accepted_violation=0 accepted=1 alpha=1 delta_u_norm=0.106635
[SQP SUPPORT] iter=8 support_size=0 support_limit=-1 support_ok=1
[SQP] before_solve iter=9 vars=16 constraints=115 max_d=-0.0833102
[QP WORST] iter=9 row=4 type=collision d=-0.0833102
[QP WORST COLLISION] scenario=37 k=1 obstacle=0 disc=0
[SQP] after_solve iter=9 converged=1 status=0 iterations=3 primal_residual=2.56556e-10 dual_residual=2.36902e-06 x_size=16 x_finite=1
[SQP LINESEARCH] iter=9 current_violation=0 accepted_violation=0 accepted=1 alpha=1 delta_u_norm=0.100768
[SQP SUPPORT] iter=9 support_size=0 support_limit=-1 support_ok=1
[SQP FINAL] final_violation=0 violated_constraints=0
[SUPPORT FINAL] sqp_union=0 final_active=0 support_limit=-1
[SUPPORT FINAL IDS]
[SUPPORT UNION IDS]
[COLD START RECOVERY CHECK] ordinary_sqp_failed=0 seed_available=1 incompatible=0 try_homotopy=0
[HARNESS RESULT] step=41 success=1 controls=8 first_input_present=1
[MPC STEP METRICS] step=41 applied=1 success=1 fallback=0 a=-0.0374491 omega=-0.395648 dt=0.1 acceleration_weight=0.1 steering_weight=0.1 control_cost_unweighted=0.15794 control_cost_weighted=0.015794 mpc_cost=-16.9882 solve_time=0.0343943 qp_solve_time=0.0224917 constraint_time=0.00707827 dro_risk_time=0 ambiguity_radius=0 certificate=not_requested
[EVAL SAFETY] step=42 min_center_distance=1.0371 min_clearance=0.0871012 collision_this_step=0 collision_run=0 collision_radius=0.95
[RF BACKUP] available=1 controls=8 states=9
[FREE POLY] k=1 disc=0 raw=40 facets=4 vertices=7 rho=4.8 anchor_shift=0
[FREE POLY] k=1 disc=1 raw=40 facets=0 vertices=4 rho=0.800001 anchor_shift=0
[FREE POLY] k=1 disc=2 raw=40 facets=3 vertices=6 rho=4.8 anchor_shift=0
[FREE POLY] k=2 disc=0 raw=40 facets=5 vertices=8 rho=5.6 anchor_shift=0
[FREE POLY] k=2 disc=1 raw=40 facets=0 vertices=4 rho=1.6 anchor_shift=0
[FREE POLY] k=2 disc=2 raw=40 facets=4 vertices=7 rho=5.6 anchor_shift=0
[FREE POLY] k=3 disc=0 raw=40 facets=5 vertices=8 rho=6.4 anchor_shift=0
[FREE POLY] k=3 disc=1 raw=40 facets=1 vertices=5 rho=2.4 anchor_shift=0
[FREE POLY] k=3 disc=2 raw=40 facets=4 vertices=7 rho=6.4 anchor_shift=0
[FREE POLY] k=4 disc=0 raw=40 facets=4 vertices=7 rho=7.2 anchor_shift=0
[FREE POLY] k=4 disc=1 raw=40 facets=3 vertices=6 rho=3.2 anchor_shift=0
[FREE POLY] k=4 disc=2 raw=40 facets=3 vertices=6 rho=7.2 anchor_shift=0
[FREE POLY] k=5 disc=0 raw=40 facets=4 vertices=7 rho=8 anchor_shift=0
[FREE POLY] k=5 disc=1 raw=40 facets=3 vertices=6 rho=4 anchor_shift=0
[FREE POLY] k=5 disc=2 raw=40 facets=3 vertices=6 rho=8 anchor_shift=0
[FREE POLY] k=6 disc=0 raw=40 facets=6 vertices=9 rho=8.8 anchor_shift=0
[FREE POLY] k=6 disc=1 raw=40 facets=3 vertices=6 rho=4.8 anchor_shift=0
[FREE POLY] k=6 disc=2 raw=40 facets=4 vertices=7 rho=8.8 anchor_shift=0
[FREE POLY] k=7 disc=0 raw=40 facets=6 vertices=9 rho=9.6 anchor_shift=0
[FREE POLY] k=7 disc=1 raw=40 facets=3 vertices=6 rho=5.6 anchor_shift=0
[FREE POLY] k=7 disc=2 raw=40 facets=4 vertices=7 rho=9.6 anchor_shift=0
[FREE POLY] k=8 disc=0 raw=40 facets=5 vertices=8 rho=10.4 anchor_shift=0
[FREE POLY] k=8 disc=1 raw=40 facets=3 vertices=6 rho=6.4 anchor_shift=0
[FREE POLY] k=8 disc=2 raw=40 facets=4 vertices=7 rho=10.4 anchor_shift=0
[RF SUPPORT SEED] removed=0 support_limit=-1
[SQP] before_solve iter=0 vars=16 constraints=116 max_d=-0.173411
[QP WORST] iter=0 row=2 type=collision d=-0.173411
[QP WORST COLLISION] scenario=4 k=1 obstacle=0 disc=0
[SQP] after_solve iter=0 converged=1 status=0 iterations=3 primal_residual=4.26742e-16 dual_residual=2.93726e-09 x_size=16 x_finite=1
[SQP LINESEARCH] iter=0 current_violation=0 accepted_violation=0 accepted=1 alpha=1 delta_u_norm=0.25289
[SQP SUPPORT] iter=0 support_size=0 support_limit=-1 support_ok=1
[SQP] before_solve iter=1 vars=16 constraints=116 max_d=-0.180468
[QP WORST] iter=1 row=2 type=collision d=-0.180468
[QP WORST COLLISION] scenario=4 k=1 obstacle=0 disc=0
[SQP] after_solve iter=1 converged=1 status=0 iterations=3 primal_residual=4.16767e-16 dual_residual=8.76327e-09 x_size=16 x_finite=1
[SQP LINESEARCH] iter=1 current_violation=0 accepted_violation=0 accepted=1 alpha=1 delta_u_norm=0.185104
[SQP SUPPORT] iter=1 support_size=0 support_limit=-1 support_ok=1
[SQP] before_solve iter=2 vars=16 constraints=116 max_d=-0.178206
[QP WORST] iter=2 row=2 type=collision d=-0.178206
[QP WORST COLLISION] scenario=4 k=1 obstacle=0 disc=0
[SQP] after_solve iter=2 converged=1 status=0 iterations=3 primal_residual=4.37801e-16 dual_residual=6.51718e-10 x_size=16 x_finite=1
[SQP LINESEARCH] iter=2 current_violation=0 accepted_violation=0 accepted=1 alpha=1 delta_u_norm=0.162765
[SQP SUPPORT] iter=2 support_size=0 support_limit=-1 support_ok=1
[SQP] before_solve iter=3 vars=16 constraints=116 max_d=-0.181194
[QP WORST] iter=3 row=2 type=collision d=-0.181194
[QP WORST COLLISION] scenario=4 k=1 obstacle=0 disc=0
[SQP] after_solve iter=3 converged=1 status=0 iterations=2 primal_residual=4.34765e-16 dual_residual=9.22004e-05 x_size=16 x_finite=1
[SQP LINESEARCH] iter=3 current_violation=0 accepted_violation=0 accepted=1 alpha=1 delta_u_norm=0.146837
[SQP SUPPORT] iter=3 support_size=0 support_limit=-1 support_ok=1
[SQP] before_solve iter=4 vars=16 constraints=116 max_d=-0.179951
[QP WORST] iter=4 row=2 type=collision d=-0.179951
[QP WORST COLLISION] scenario=4 k=1 obstacle=0 disc=0
[SQP] after_solve iter=4 converged=1 status=0 iterations=3 primal_residual=4.22839e-16 dual_residual=9.60477e-11 x_size=16 x_finite=1
[SQP LINESEARCH] iter=4 current_violation=0 accepted_violation=0 accepted=1 alpha=1 delta_u_norm=0.136494
[SQP SUPPORT] iter=4 support_size=0 support_limit=-1 support_ok=1
[SQP] before_solve iter=5 vars=16 constraints=116 max_d=-0.18138
[QP WORST] iter=5 row=2 type=collision d=-0.18138
[QP WORST COLLISION] scenario=4 k=1 obstacle=0 disc=0
[SQP] after_solve iter=5 converged=1 status=0 iterations=2 primal_residual=4.30103e-16 dual_residual=4.99102e-05 x_size=16 x_finite=1
[SQP LINESEARCH] iter=5 current_violation=0 accepted_violation=0 accepted=1 alpha=1 delta_u_norm=0.126806
[SQP SUPPORT] iter=5 support_size=0 support_limit=-1 support_ok=1
[SQP] before_solve iter=6 vars=16 constraints=116 max_d=-0.180861
[QP WORST] iter=6 row=2 type=collision d=-0.180861
[QP WORST COLLISION] scenario=4 k=1 obstacle=0 disc=0
[SQP] after_solve iter=6 converged=1 status=0 iterations=2 primal_residual=4.41379e-16 dual_residual=6.87713e-05 x_size=16 x_finite=1
[SQP LINESEARCH] iter=6 current_violation=0 accepted_violation=0 accepted=1 alpha=1 delta_u_norm=0.119331
[SQP SUPPORT] iter=6 support_size=0 support_limit=-1 support_ok=1
[SQP] before_solve iter=7 vars=16 constraints=116 max_d=-0.18162
[QP WORST] iter=7 row=2 type=collision d=-0.18162
[QP WORST COLLISION] scenario=4 k=1 obstacle=0 disc=0
[SQP] after_solve iter=7 converged=1 status=0 iterations=2 primal_residual=4.3715e-16 dual_residual=3.64252e-05 x_size=16 x_finite=1
[SQP LINESEARCH] iter=7 current_violation=0 accepted_violation=0 accepted=1 alpha=1 delta_u_norm=0.112313
[SQP SUPPORT] iter=7 support_size=0 support_limit=-1 support_ok=1
[SQP] before_solve iter=8 vars=16 constraints=116 max_d=-0.181487
[QP WORST] iter=8 row=2 type=collision d=-0.181487
[QP WORST COLLISION] scenario=4 k=1 obstacle=0 disc=0
[SQP] after_solve iter=8 converged=1 status=0 iterations=2 primal_residual=4.38831e-16 dual_residual=3.91231e-05 x_size=16 x_finite=1
[SQP LINESEARCH] iter=8 current_violation=0 accepted_violation=0 accepted=1 alpha=1 delta_u_norm=0.106273
[SQP SUPPORT] iter=8 support_size=0 support_limit=-1 support_ok=1
[SQP] before_solve iter=9 vars=16 constraints=116 max_d=-0.181962
[QP WORST] iter=9 row=2 type=collision d=-0.181962
[QP WORST COLLISION] scenario=4 k=1 obstacle=0 disc=0
[SQP] after_solve iter=9 converged=1 status=0 iterations=2 primal_residual=4.42463e-16 dual_residual=2.55575e-05 x_size=16 x_finite=1
[SQP LINESEARCH] iter=9 current_violation=0 accepted_violation=0 accepted=1 alpha=1 delta_u_norm=0.100553
[SQP SUPPORT] iter=9 support_size=0 support_limit=-1 support_ok=1
[SQP FINAL] final_violation=0 violated_constraints=0
[SUPPORT FINAL] sqp_union=0 final_active=0 support_limit=-1
[SUPPORT FINAL IDS]
[SUPPORT UNION IDS]
[COLD START RECOVERY CHECK] ordinary_sqp_failed=0 seed_available=1 incompatible=0 try_homotopy=0
[HARNESS RESULT] step=42 success=1 controls=8 first_input_present=1
[MPC STEP METRICS] step=42 applied=1 success=1 fallback=0 a=-0.05773 omega=-0.302256 dt=0.1 acceleration_weight=0.1 steering_weight=0.1 control_cost_unweighted=0.0946917 control_cost_weighted=0.00946917 mpc_cost=-17.1532 solve_time=0.0346603 qp_solve_time=0.022623 constraint_time=0.00706916 dro_risk_time=0 ambiguity_radius=0 certificate=not_requested
[EVAL SAFETY] step=43 min_center_distance=1.13499 min_clearance=0.184989 collision_this_step=0 collision_run=0 collision_radius=0.95
[RF BACKUP] available=1 controls=8 states=9
[FREE POLY] k=1 disc=0 raw=40 facets=3 vertices=6 rho=4.8 anchor_shift=0
[FREE POLY] k=1 disc=1 raw=40 facets=0 vertices=4 rho=0.800001 anchor_shift=0
[FREE POLY] k=1 disc=2 raw=40 facets=2 vertices=5 rho=4.8 anchor_shift=0
[FREE POLY] k=2 disc=0 raw=40 facets=3 vertices=6 rho=5.6 anchor_shift=0
[FREE POLY] k=2 disc=1 raw=40 facets=0 vertices=4 rho=1.6 anchor_shift=0
[FREE POLY] k=2 disc=2 raw=40 facets=3 vertices=6 rho=5.6 anchor_shift=0
[FREE POLY] k=3 disc=0 raw=40 facets=3 vertices=6 rho=6.4 anchor_shift=0
[FREE POLY] k=3 disc=1 raw=40 facets=0 vertices=4 rho=2.4 anchor_shift=0
[FREE POLY] k=3 disc=2 raw=40 facets=3 vertices=6 rho=6.4 anchor_shift=0
[FREE POLY] k=4 disc=0 raw=40 facets=4 vertices=7 rho=7.2 anchor_shift=0
[FREE POLY] k=4 disc=1 raw=40 facets=3 vertices=6 rho=3.2 anchor_shift=0
[FREE POLY] k=4 disc=2 raw=40 facets=4 vertices=7 rho=7.2 anchor_shift=0
[FREE POLY] k=5 disc=0 raw=40 facets=4 vertices=7 rho=8 anchor_shift=0
[FREE POLY] k=5 disc=1 raw=40 facets=4 vertices=7 rho=4 anchor_shift=0
[FREE POLY] k=5 disc=2 raw=40 facets=4 vertices=7 rho=8 anchor_shift=0
[FREE POLY] k=6 disc=0 raw=40 facets=4 vertices=7 rho=8.8 anchor_shift=0
[FREE POLY] k=6 disc=1 raw=40 facets=4 vertices=7 rho=4.8 anchor_shift=0
[FREE POLY] k=6 disc=2 raw=40 facets=4 vertices=7 rho=8.8 anchor_shift=0
[FREE POLY] k=7 disc=0 raw=40 facets=4 vertices=7 rho=9.6 anchor_shift=0
[FREE POLY] k=7 disc=1 raw=40 facets=4 vertices=7 rho=5.6 anchor_shift=0
[FREE POLY] k=7 disc=2 raw=40 facets=4 vertices=7 rho=9.6 anchor_shift=0
[FREE POLY] k=8 disc=0 raw=40 facets=4 vertices=7 rho=10.4 anchor_shift=0
[FREE POLY] k=8 disc=1 raw=40 facets=4 vertices=7 rho=6.4 anchor_shift=0
[FREE POLY] k=8 disc=2 raw=40 facets=4 vertices=7 rho=10.4 anchor_shift=0
[RF SUPPORT SEED] removed=0 support_limit=-1
[SQP] before_solve iter=0 vars=16 constraints=108 max_d=-0.303272
[QP WORST] iter=0 row=2 type=collision d=-0.303272
[QP WORST COLLISION] scenario=19 k=1 obstacle=0 disc=0
[SQP] after_solve iter=0 converged=1 status=0 iterations=3 primal_residual=4.4062e-16 dual_residual=9.37722e-10 x_size=16 x_finite=1
[SQP LINESEARCH] iter=0 current_violation=0 accepted_violation=0 accepted=1 alpha=1 delta_u_norm=0.246112
[SQP SUPPORT] iter=0 support_size=0 support_limit=-1 support_ok=1
[SQP] before_solve iter=1 vars=16 constraints=108 max_d=-0.307949
[QP WORST] iter=1 row=2 type=collision d=-0.307949
[QP WORST COLLISION] scenario=19 k=1 obstacle=0 disc=0
[SQP] after_solve iter=1 converged=1 status=0 iterations=3 primal_residual=4.41487e-16 dual_residual=2.10409e-09 x_size=16 x_finite=1
[SQP LINESEARCH] iter=1 current_violation=0 accepted_violation=0 accepted=1 alpha=1 delta_u_norm=0.18082
[SQP SUPPORT] iter=1 support_size=0 support_limit=-1 support_ok=1
[SQP] before_solve iter=2 vars=16 constraints=108 max_d=-0.306469
[QP WORST] iter=2 row=2 type=collision d=-0.306469
[QP WORST COLLISION] scenario=19 k=1 obstacle=0 disc=0
[SQP] after_solve iter=2 converged=1 status=0 iterations=2 primal_residual=4.30211e-16 dual_residual=7.56569e-05 x_size=16 x_finite=1
[SQP LINESEARCH] iter=2 current_violation=0 accepted_violation=0 accepted=1 alpha=1 delta_u_norm=0.159698
[SQP SUPPORT] iter=2 support_size=0 support_limit=-1 support_ok=1
[SQP] before_solve iter=3 vars=16 constraints=108 max_d=-0.308378
[QP WORST] iter=3 row=2 type=collision d=-0.308378
[QP WORST COLLISION] scenario=19 k=1 obstacle=0 disc=0
[SQP] after_solve iter=3 converged=1 status=0 iterations=2 primal_residual=4.42924e-16 dual_residual=4.58094e-05 x_size=16 x_finite=1
[SQP LINESEARCH] iter=3 current_violation=0 accepted_violation=0 accepted=1 alpha=1 delta_u_norm=0.145476
[SQP SUPPORT] iter=3 support_size=0 support_limit=-1 support_ok=1
[SQP] before_solve iter=4 vars=16 constraints=108 max_d=-0.307584
[QP WORST] iter=4 row=2 type=collision d=-0.307584
[QP WORST COLLISION] scenario=19 k=1 obstacle=0 disc=0
[SQP] after_solve iter=4 converged=1 status=0 iterations=2 primal_residual=4.42788e-16 dual_residual=4.13936e-05 x_size=16 x_finite=1
[SQP LINESEARCH] iter=4 current_violation=0 accepted_violation=0 accepted=1 alpha=1 delta_u_norm=0.135369
[SQP SUPPORT] iter=4 support_size=0 support_limit=-1 support_ok=1
[SQP] before_solve iter=5 vars=16 constraints=108 max_d=-0.308502
[QP WORST] iter=5 row=2 type=collision d=-0.308502
[QP WORST COLLISION] scenario=19 k=1 obstacle=0 disc=0
[SQP] after_solve iter=5 converged=1 status=0 iterations=2 primal_residual=4.40674e-16 dual_residual=2.35517e-05 x_size=16 x_finite=1
[SQP LINESEARCH] iter=5 current_violation=0 accepted_violation=0 accepted=1 alpha=1 delta_u_norm=0.126327
[SQP SUPPORT] iter=5 support_size=0 support_limit=-1 support_ok=1
[SQP] before_solve iter=6 vars=16 constraints=108 max_d=-0.308194
[QP WORST] iter=6 row=2 type=collision d=-0.308194
[QP WORST COLLISION] scenario=19 k=1 obstacle=0 disc=0
[SQP] after_solve iter=6 converged=1 status=0 iterations=2 primal_residual=4.41446e-16 dual_residual=2.32916e-05 x_size=16 x_finite=1
[SQP LINESEARCH] iter=6 current_violation=0 accepted_violation=0 accepted=1 alpha=1 delta_u_norm=0.118965
[SQP SUPPORT] iter=6 support_size=0 support_limit=-1 support_ok=1
[SQP] before_solve iter=7 vars=16 constraints=108 max_d=-0.308709
[QP WORST] iter=7 row=2 type=collision d=-0.308709
[QP WORST COLLISION] scenario=19 k=1 obstacle=0 disc=0
[SQP] after_solve iter=7 converged=1 status=0 iterations=2 primal_residual=4.16334e-16 dual_residual=1.49091e-05 x_size=16 x_finite=1
[SQP LINESEARCH] iter=7 current_violation=0 accepted_violation=0 accepted=1 alpha=1 delta_u_norm=0.11209
[SQP SUPPORT] iter=7 support_size=0 support_limit=-1 support_ok=1
[SQP] before_solve iter=8 vars=16 constraints=108 max_d=-0.308652
[QP WORST] iter=8 row=2 type=collision d=-0.308652
[QP WORST COLLISION] scenario=19 k=1 obstacle=0 disc=0
[SQP] after_solve iter=8 converged=1 status=0 iterations=2 primal_residual=4.10587e-16 dual_residual=1.44723e-05 x_size=16 x_finite=1
[SQP LINESEARCH] iter=8 current_violation=0 accepted_violation=0 accepted=1 alpha=1 delta_u_norm=0.106068
[SQP SUPPORT] iter=8 support_size=0 support_limit=-1 support_ok=1
[SQP] before_solve iter=9 vars=16 constraints=108 max_d=-0.308991
[QP WORST] iter=9 row=2 type=collision d=-0.308991
[QP WORST COLLISION] scenario=19 k=1 obstacle=0 disc=0
[SQP] after_solve iter=9 converged=1 status=0 iterations=2 primal_residual=4.41324e-16 dual_residual=1.04674e-05 x_size=16 x_finite=1
[SQP LINESEARCH] iter=9 current_violation=0 accepted_violation=0 accepted=1 alpha=1 delta_u_norm=0.100401
[SQP SUPPORT] iter=9 support_size=0 support_limit=-1 support_ok=1
[SQP FINAL] final_violation=0 violated_constraints=0
[SUPPORT FINAL] sqp_union=0 final_active=0 support_limit=-1
[SUPPORT FINAL IDS]
[SUPPORT UNION IDS]
[COLD START RECOVERY CHECK] ordinary_sqp_failed=0 seed_available=1 incompatible=0 try_homotopy=0
[HARNESS RESULT] step=43 success=1 controls=8 first_input_present=1
[MPC STEP METRICS] step=43 applied=1 success=1 fallback=0 a=-0.0166983 omega=-0.293274 dt=0.1 acceleration_weight=0.1 steering_weight=0.1 control_cost_unweighted=0.0862885 control_cost_weighted=0.00862885 mpc_cost=-17.2727 solve_time=0.0333821 qp_solve_time=0.0216945 constraint_time=0.00690382 dro_risk_time=0 ambiguity_radius=0 certificate=not_requested
[EVAL SAFETY] step=44 min_center_distance=1.26726 min_clearance=0.317263 collision_this_step=0 collision_run=0 collision_radius=0.95
[RF BACKUP] available=1 controls=8 states=9
[FREE POLY] k=1 disc=0 raw=40 facets=3 vertices=6 rho=4.8 anchor_shift=0
[FREE POLY] k=1 disc=1 raw=40 facets=0 vertices=4 rho=0.800001 anchor_shift=0
[FREE POLY] k=1 disc=2 raw=40 facets=2 vertices=5 rho=4.8 anchor_shift=0
[FREE POLY] k=2 disc=0 raw=40 facets=2 vertices=5 rho=5.6 anchor_shift=0
[FREE POLY] k=2 disc=1 raw=40 facets=0 vertices=4 rho=1.6 anchor_shift=0
[FREE POLY] k=2 disc=2 raw=40 facets=2 vertices=5 rho=5.6 anchor_shift=0
[FREE POLY] k=3 disc=0 raw=40 facets=5 vertices=8 rho=6.4 anchor_shift=0
[FREE POLY] k=3 disc=1 raw=40 facets=0 vertices=4 rho=2.4 anchor_shift=0
[FREE POLY] k=3 disc=2 raw=40 facets=3 vertices=6 rho=6.4 anchor_shift=0
[FREE POLY] k=4 disc=0 raw=40 facets=5 vertices=8 rho=7.2 anchor_shift=0
[FREE POLY] k=4 disc=1 raw=40 facets=2 vertices=5 rho=3.2 anchor_shift=0
[FREE POLY] k=4 disc=2 raw=40 facets=3 vertices=6 rho=7.2 anchor_shift=0
[FREE POLY] k=5 disc=0 raw=40 facets=4 vertices=7 rho=8 anchor_shift=0
[FREE POLY] k=5 disc=1 raw=40 facets=2 vertices=5 rho=4 anchor_shift=0
[FREE POLY] k=5 disc=2 raw=40 facets=2 vertices=5 rho=8 anchor_shift=0
[FREE POLY] k=6 disc=0 raw=40 facets=4 vertices=7 rho=8.8 anchor_shift=0
[FREE POLY] k=6 disc=1 raw=40 facets=2 vertices=5 rho=4.8 anchor_shift=0
[FREE POLY] k=6 disc=2 raw=40 facets=2 vertices=5 rho=8.8 anchor_shift=0
[FREE POLY] k=7 disc=0 raw=40 facets=4 vertices=7 rho=9.6 anchor_shift=0
[FREE POLY] k=7 disc=1 raw=40 facets=2 vertices=5 rho=5.6 anchor_shift=0
[FREE POLY] k=7 disc=2 raw=40 facets=2 vertices=5 rho=9.6 anchor_shift=0
[FREE POLY] k=8 disc=0 raw=40 facets=4 vertices=7 rho=10.4 anchor_shift=0
[FREE POLY] k=8 disc=1 raw=40 facets=2 vertices=5 rho=6.4 anchor_shift=0
[FREE POLY] k=8 disc=2 raw=40 facets=2 vertices=5 rho=10.4 anchor_shift=0
[RF SUPPORT SEED] removed=0 support_limit=-1
[SQP] before_solve iter=0 vars=16 constraints=91 max_d=-0.47025
[QP WORST] iter=0 row=2 type=collision d=-0.47025
[QP WORST COLLISION] scenario=38 k=1 obstacle=0 disc=0
[SQP] after_solve iter=0 converged=1 status=0 iterations=2 primal_residual=4.35416e-16 dual_residual=9.67597e-05 x_size=16 x_finite=1
[SQP LINESEARCH] iter=0 current_violation=0 accepted_violation=0 accepted=1 alpha=1 delta_u_norm=0.24057
[SQP SUPPORT] iter=0 support_size=0 support_limit=-1 support_ok=1
[SQP] before_solve iter=1 vars=16 constraints=91 max_d=-0.473332
[QP WORST] iter=1 row=2 type=collision d=-0.473332
[QP WORST COLLISION] scenario=38 k=1 obstacle=0 disc=0
[SQP] after_solve iter=1 converged=1 status=0 iterations=2 primal_residual=3.98932e-16 dual_residual=7.84823e-05 x_size=16 x_finite=1
[SQP LINESEARCH] iter=1 current_violation=0 accepted_violation=0 accepted=1 alpha=1 delta_u_norm=0.177088
[SQP SUPPORT] iter=1 support_size=0 support_limit=-1 support_ok=1
[SQP] before_solve iter=2 vars=16 constraints=91 max_d=-0.472273
[QP WORST] iter=2 row=2 type=collision d=-0.472273
[QP WORST COLLISION] scenario=38 k=1 obstacle=0 disc=0
[SQP] after_solve iter=2 converged=1 status=0 iterations=2 primal_residual=4.21429e-16 dual_residual=5.61507e-05 x_size=16 x_finite=1
[SQP LINESEARCH] iter=2 current_violation=0 accepted_violation=0 accepted=1 alpha=1 delta_u_norm=0.157541
[SQP SUPPORT] iter=2 support_size=0 support_limit=-1 support_ok=1
[SQP] before_solve iter=3 vars=16 constraints=91 max_d=-0.473433
[QP WORST] iter=3 row=2 type=collision d=-0.473433
[QP WORST COLLISION] scenario=38 k=1 obstacle=0 disc=0
[SQP] after_solve iter=3 converged=1 status=0 iterations=2 primal_residual=4.33681e-16 dual_residual=3.35101e-05 x_size=16 x_finite=1
[SQP LINESEARCH] iter=3 current_violation=0 accepted_violation=0 accepted=1 alpha=1 delta_u_norm=0.144461
[SQP SUPPORT] iter=3 support_size=0 support_limit=-1 support_ok=1
[SQP] before_solve iter=4 vars=16 constraints=91 max_d=-0.472876
[QP WORST] iter=4 row=2 type=collision d=-0.472876
[QP WORST COLLISION] scenario=38 k=1 obstacle=0 disc=0
[SQP] after_solve iter=4 converged=1 status=0 iterations=2 primal_residual=4.18068e-16 dual_residual=3.17317e-05 x_size=16 x_finite=1
[SQP LINESEARCH] iter=4 current_violation=0 accepted_violation=0 accepted=1 alpha=1 delta_u_norm=0.134724
[SQP SUPPORT] iter=4 support_size=0 support_limit=-1 support_ok=1
[SQP] before_solve iter=5 vars=16 constraints=91 max_d=-0.473405
[QP WORST] iter=5 row=2 type=collision d=-0.473405
[QP WORST COLLISION] scenario=38 k=1 obstacle=0 disc=0
[SQP] after_solve iter=5 converged=1 status=0 iterations=2 primal_residual=4.2994e-16 dual_residual=1.81605e-05 x_size=16 x_finite=1
[SQP LINESEARCH] iter=5 current_violation=0 accepted_violation=0 accepted=1 alpha=1 delta_u_norm=0.126014
[SQP SUPPORT] iter=5 support_size=0 support_limit=-1 support_ok=1
[SQP] before_solve iter=6 vars=16 constraints=91 max_d=-0.473161
[QP WORST] iter=6 row=2 type=collision d=-0.473161
[QP WORST COLLISION] scenario=38 k=1 obstacle=0 disc=0
[SQP] after_solve iter=6 converged=1 status=0 iterations=2 primal_residual=4.23273e-16 dual_residual=1.91241e-05 x_size=16 x_finite=1
[SQP LINESEARCH] iter=6 current_violation=0 accepted_violation=0 accepted=1 alpha=1 delta_u_norm=0.118721
[SQP SUPPORT] iter=6 support_size=0 support_limit=-1 support_ok=1
[SQP] before_solve iter=7 vars=16 constraints=91 max_d=-0.473442
[QP WORST] iter=7 row=2 type=collision d=-0.473442
[QP WORST COLLISION] scenario=38 k=1 obstacle=0 disc=0
[SQP] after_solve iter=7 converged=1 status=0 iterations=2 primal_residual=4.44089e-16 dual_residual=1.27071e-05 x_size=16 x_finite=1
[SQP LINESEARCH] iter=7 current_violation=0 accepted_violation=0 accepted=1 alpha=1 delta_u_norm=0.11195
[SQP SUPPORT] iter=7 support_size=0 support_limit=-1 support_ok=1
[SQP] before_solve iter=8 vars=16 constraints=91 max_d=-0.473364
[QP WORST] iter=8 row=2 type=collision d=-0.473364
[QP WORST COLLISION] scenario=38 k=1 obstacle=0 disc=0
[SQP] after_solve iter=8 converged=1 status=0 iterations=2 primal_residual=4.22405e-16 dual_residual=1.21022e-05 x_size=16 x_finite=1
[SQP LINESEARCH] iter=8 current_violation=0 accepted_violation=0 accepted=1 alpha=1 delta_u_norm=0.10594
[SQP SUPPORT] iter=8 support_size=0 support_limit=-1 support_ok=1
[SQP] before_solve iter=9 vars=16 constraints=91 max_d=-0.473541
[QP WORST] iter=9 row=2 type=collision d=-0.473541
[QP WORST COLLISION] scenario=38 k=1 obstacle=0 disc=0
[SQP] after_solve iter=9 converged=1 status=0 iterations=2 primal_residual=4.19573e-16 dual_residual=8.8228e-06 x_size=16 x_finite=1
[SQP LINESEARCH] iter=9 current_violation=0 accepted_violation=0 accepted=1 alpha=1 delta_u_norm=0.10031
[SQP SUPPORT] iter=9 support_size=0 support_limit=-1 support_ok=1
[SQP FINAL] final_violation=0 violated_constraints=0
[SUPPORT FINAL] sqp_union=0 final_active=0 support_limit=-1
[SUPPORT FINAL IDS]
[SUPPORT UNION IDS]
[COLD START RECOVERY CHECK] ordinary_sqp_failed=0 seed_available=1 incompatible=0 try_homotopy=0
[HARNESS RESULT] step=44 success=1 controls=8 first_input_present=1
[MPC STEP METRICS] step=44 applied=1 success=1 fallback=0 a=-0.0257132 omega=-0.193128 dt=0.1 acceleration_weight=0.1 steering_weight=0.1 control_cost_unweighted=0.0379596 control_cost_weighted=0.00379596 mpc_cost=-17.359 solve_time=0.0324201 qp_solve_time=0.0207197 constraint_time=0.0068575 dro_risk_time=0 ambiguity_radius=0 certificate=not_requested
[EVAL SAFETY] step=45 min_center_distance=1.43002 min_clearance=0.480019 collision_this_step=0 collision_run=0 collision_radius=0.95
[RF BACKUP] available=1 controls=8 states=9
[FREE POLY] k=1 disc=0 raw=40 facets=3 vertices=6 rho=4.8 anchor_shift=0
[FREE POLY] k=1 disc=1 raw=40 facets=0 vertices=4 rho=0.800001 anchor_shift=0
[FREE POLY] k=1 disc=2 raw=40 facets=3 vertices=6 rho=4.8 anchor_shift=0
[FREE POLY] k=2 disc=0 raw=40 facets=3 vertices=6 rho=5.6 anchor_shift=0
[FREE POLY] k=2 disc=1 raw=40 facets=0 vertices=4 rho=1.6 anchor_shift=0
[FREE POLY] k=2 disc=2 raw=40 facets=2 vertices=5 rho=5.6 anchor_shift=0
[FREE POLY] k=3 disc=0 raw=40 facets=4 vertices=7 rho=6.4 anchor_shift=0
[FREE POLY] k=3 disc=1 raw=40 facets=0 vertices=4 rho=2.4 anchor_shift=0
[FREE POLY] k=3 disc=2 raw=40 facets=2 vertices=5 rho=6.4 anchor_shift=0
[FREE POLY] k=4 disc=0 raw=40 facets=5 vertices=8 rho=7.2 anchor_shift=0
[FREE POLY] k=4 disc=1 raw=40 facets=1 vertices=4 rho=3.2 anchor_shift=0
[FREE POLY] k=4 disc=2 raw=40 facets=3 vertices=6 rho=7.2 anchor_shift=0
[FREE POLY] k=5 disc=0 raw=40 facets=5 vertices=8 rho=8 anchor_shift=0
[FREE POLY] k=5 disc=1 raw=40 facets=2 vertices=5 rho=4 anchor_shift=0
[FREE POLY] k=5 disc=2 raw=40 facets=3 vertices=6 rho=8 anchor_shift=0
[FREE POLY] k=6 disc=0 raw=40 facets=4 vertices=7 rho=8.8 anchor_shift=0
[FREE POLY] k=6 disc=1 raw=40 facets=2 vertices=5 rho=4.8 anchor_shift=0
[FREE POLY] k=6 disc=2 raw=40 facets=3 vertices=6 rho=8.8 anchor_shift=0
[FREE POLY] k=7 disc=0 raw=40 facets=4 vertices=7 rho=9.6 anchor_shift=0
[FREE POLY] k=7 disc=1 raw=40 facets=3 vertices=6 rho=5.6 anchor_shift=0
[FREE POLY] k=7 disc=2 raw=40 facets=3 vertices=6 rho=9.6 anchor_shift=0
[FREE POLY] k=8 disc=0 raw=40 facets=4 vertices=7 rho=10.4 anchor_shift=0
[FREE POLY] k=8 disc=1 raw=40 facets=3 vertices=6 rho=6.4 anchor_shift=0
[FREE POLY] k=8 disc=2 raw=40 facets=3 vertices=6 rho=10.4 anchor_shift=0
[RF SUPPORT SEED] removed=0 support_limit=-1
[SQP] before_solve iter=0 vars=16 constraints=97 max_d=-0.645301
[QP WORST] iter=0 row=1 type=collision d=-0.645301
[QP WORST COLLISION] scenario=15 k=1 obstacle=0 disc=0
[SQP] after_solve iter=0 converged=1 status=0 iterations=2 primal_residual=4.11129e-16 dual_residual=8.2951e-05 x_size=16 x_finite=1
[SQP LINESEARCH] iter=0 current_violation=0 accepted_violation=0 accepted=1 alpha=1 delta_u_norm=0.237204
[SQP SUPPORT] iter=0 support_size=0 support_limit=-1 support_ok=1
[SQP] before_solve iter=1 vars=16 constraints=97 max_d=-0.647374
[QP WORST] iter=1 row=1 type=collision d=-0.647374
[QP WORST COLLISION] scenario=15 k=1 obstacle=0 disc=0
[SQP] after_solve iter=1 converged=1 status=0 iterations=2 primal_residual=4.42463e-16 dual_residual=6.23651e-05 x_size=16 x_finite=1
[SQP LINESEARCH] iter=1 current_violation=0 accepted_violation=0 accepted=1 alpha=1 delta_u_norm=0.175177
[SQP SUPPORT] iter=1 support_size=0 support_limit=-1 support_ok=1
[SQP] before_solve iter=2 vars=16 constraints=97 max_d=-0.646721
[QP WORST] iter=2 row=1 type=collision d=-0.646721
[QP WORST COLLISION] scenario=15 k=1 obstacle=0 disc=0
[SQP] after_solve iter=2 converged=1 status=0 iterations=2 primal_residual=4.44143e-16 dual_residual=4.74732e-05 x_size=16 x_finite=1
[SQP LINESEARCH] iter=2 current_violation=0 accepted_violation=0 accepted=1 alpha=1 delta_u_norm=0.156453
[SQP SUPPORT] iter=2 support_size=0 support_limit=-1 support_ok=1
[SQP] before_solve iter=3 vars=16 constraints=97 max_d=-0.647472
[QP WORST] iter=3 row=1 type=collision d=-0.647472
[QP WORST COLLISION] scenario=15 k=1 obstacle=0 disc=0
[SQP] after_solve iter=3 converged=1 status=0 iterations=2 primal_residual=4.09503e-16 dual_residual=2.56906e-05 x_size=16 x_finite=1
[SQP LINESEARCH] iter=3 current_violation=0 accepted_violation=0 accepted=1 alpha=1 delta_u_norm=0.14397
[SQP SUPPORT] iter=3 support_size=0 support_limit=-1 support_ok=1
[SQP] before_solve iter=4 vars=16 constraints=97 max_d=-0.64712
[QP WORST] iter=4 row=1 type=collision d=-0.64712
[QP WORST COLLISION] scenario=15 k=1 obstacle=0 disc=0
[SQP] after_solve iter=4 converged=1 status=0 iterations=2 primal_residual=4.2414e-16 dual_residual=2.67323e-05 x_size=16 x_finite=1
[SQP LINESEARCH] iter=4 current_violation=0 accepted_violation=0 accepted=1 alpha=1 delta_u_norm=0.134373
[SQP SUPPORT] iter=4 support_size=0 support_limit=-1 support_ok=1
[SQP] before_solve iter=5 vars=16 constraints=97 max_d=-0.647471
[QP WORST] iter=5 row=1 type=collision d=-0.647471
[QP WORST COLLISION] scenario=15 k=1 obstacle=0 disc=0
[SQP] after_solve iter=5 converged=1 status=0 iterations=2 primal_residual=4.33681e-16 dual_residual=1.52489e-05 x_size=16 x_finite=1
[SQP LINESEARCH] iter=5 current_violation=0 accepted_violation=0 accepted=1 alpha=1 delta_u_norm=0.125846
[SQP SUPPORT] iter=5 support_size=0 support_limit=-1 support_ok=1
[SQP] before_solve iter=6 vars=16 constraints=97 max_d=-0.647326
[QP WORST] iter=6 row=1 type=collision d=-0.647326
[QP WORST COLLISION] scenario=15 k=1 obstacle=0 disc=0
[SQP] after_solve iter=6 converged=1 status=0 iterations=2 primal_residual=4.35849e-16 dual_residual=1.60594e-05 x_size=16 x_finite=1
[SQP LINESEARCH] iter=6 current_violation=0 accepted_violation=0 accepted=1 alpha=1 delta_u_norm=0.11857
[SQP SUPPORT] iter=6 support_size=0 support_limit=-1 support_ok=1
[SQP] before_solve iter=7 vars=16 constraints=97 max_d=-0.647524
[QP WORST] iter=7 row=1 type=collision d=-0.647524
[QP WORST COLLISION] scenario=15 k=1 obstacle=0 disc=0
[SQP] after_solve iter=7 converged=1 status=0 iterations=2 primal_residual=4.02456e-16 dual_residual=1.06567e-05 x_size=16 x_finite=1
[SQP LINESEARCH] iter=7 current_violation=0 accepted_violation=0 accepted=1 alpha=1 delta_u_norm=0.111862
[SQP SUPPORT] iter=7 support_size=0 support_limit=-1 support_ok=1
[SQP] before_solve iter=8 vars=16 constraints=97 max_d=-0.647491
[QP WORST] iter=8 row=1 type=collision d=-0.647491
[QP WORST COLLISION] scenario=15 k=1 obstacle=0 disc=0
[SQP] after_solve iter=8 converged=1 status=0 iterations=2 primal_residual=4.38993e-16 dual_residual=1.01283e-05 x_size=16 x_finite=1
[SQP LINESEARCH] iter=8 current_violation=0 accepted_violation=0 accepted=1 alpha=1 delta_u_norm=0.105851
[SQP SUPPORT] iter=8 support_size=0 support_limit=-1 support_ok=1
[SQP] before_solve iter=9 vars=16 constraints=97 max_d=-0.647624
[QP WORST] iter=9 row=1 type=collision d=-0.647624
[QP WORST COLLISION] scenario=15 k=1 obstacle=0 disc=0
[SQP] after_solve iter=9 converged=1 status=0 iterations=2 primal_residual=4.37286e-16 dual_residual=7.40814e-06 x_size=16 x_finite=1
[SQP LINESEARCH] iter=9 current_violation=0 accepted_violation=0 accepted=1 alpha=1 delta_u_norm=0.100246
[SQP SUPPORT] iter=9 support_size=0 support_limit=-1 support_ok=1
[SQP FINAL] final_violation=0 violated_constraints=0
[SUPPORT FINAL] sqp_union=0 final_active=0 support_limit=-1
[SUPPORT FINAL IDS]
[SUPPORT UNION IDS]
[COLD START RECOVERY CHECK] ordinary_sqp_failed=0 seed_available=1 incompatible=0 try_homotopy=0
[HARNESS RESULT] step=45 success=1 controls=8 first_input_present=1
[MPC STEP METRICS] step=45 applied=1 success=1 fallback=0 a=-0.0142941 omega=-0.215807 dt=0.1 acceleration_weight=0.1 steering_weight=0.1 control_cost_unweighted=0.0467768 control_cost_weighted=0.00467768 mpc_cost=-17.4207 solve_time=0.0323211 qp_solve_time=0.0210669 constraint_time=0.00653695 dro_risk_time=0 ambiguity_radius=0 certificate=not_requested
[EVAL SAFETY] step=46 min_center_distance=1.60369 min_clearance=0.653693 collision_this_step=0 collision_run=0 collision_radius=0.95
[RF BACKUP] available=1 controls=8 states=9
[FREE POLY] k=1 disc=0 raw=40 facets=5 vertices=8 rho=4.8 anchor_shift=0
[FREE POLY] k=1 disc=1 raw=40 facets=0 vertices=4 rho=0.800001 anchor_shift=0
[FREE POLY] k=1 disc=2 raw=40 facets=2 vertices=6 rho=4.8 anchor_shift=0
[FREE POLY] k=2 disc=0 raw=40 facets=4 vertices=7 rho=5.6 anchor_shift=0
[FREE POLY] k=2 disc=1 raw=40 facets=0 vertices=4 rho=1.6 anchor_shift=0
[FREE POLY] k=2 disc=2 raw=40 facets=3 vertices=6 rho=5.6 anchor_shift=0
[FREE POLY] k=3 disc=0 raw=40 facets=4 vertices=7 rho=6.4 anchor_shift=0
[FREE POLY] k=3 disc=1 raw=40 facets=0 vertices=4 rho=2.4 anchor_shift=0
[FREE POLY] k=3 disc=2 raw=40 facets=4 vertices=7 rho=6.4 anchor_shift=0
[FREE POLY] k=4 disc=0 raw=40 facets=4 vertices=7 rho=7.2 anchor_shift=0
[FREE POLY] k=4 disc=1 raw=40 facets=0 vertices=4 rho=3.2 anchor_shift=0
[FREE POLY] k=4 disc=2 raw=40 facets=3 vertices=6 rho=7.2 anchor_shift=0
[FREE POLY] k=5 disc=0 raw=40 facets=3 vertices=6 rho=8 anchor_shift=0
[FREE POLY] k=5 disc=1 raw=40 facets=3 vertices=6 rho=4 anchor_shift=0
[FREE POLY] k=5 disc=2 raw=40 facets=3 vertices=6 rho=8 anchor_shift=0
[FREE POLY] k=6 disc=0 raw=40 facets=2 vertices=5 rho=8.8 anchor_shift=0
[FREE POLY] k=6 disc=1 raw=40 facets=2 vertices=5 rho=4.8 anchor_shift=0
[FREE POLY] k=6 disc=2 raw=40 facets=2 vertices=5 rho=8.8 anchor_shift=0
[FREE POLY] k=7 disc=0 raw=40 facets=3 vertices=6 rho=9.6 anchor_shift=0
[FREE POLY] k=7 disc=1 raw=40 facets=3 vertices=6 rho=5.6 anchor_shift=0
[FREE POLY] k=7 disc=2 raw=40 facets=3 vertices=6 rho=9.6 anchor_shift=0
[FREE POLY] k=8 disc=0 raw=40 facets=2 vertices=5 rho=10.4 anchor_shift=0
[FREE POLY] k=8 disc=1 raw=40 facets=2 vertices=5 rho=6.4 anchor_shift=0
[FREE POLY] k=8 disc=2 raw=40 facets=2 vertices=5 rho=10.4 anchor_shift=0
[RF SUPPORT SEED] removed=0 support_limit=-1
[SQP] before_solve iter=0 vars=16 constraints=91 max_d=-0.832018
[QP WORST] iter=0 row=3 type=collision d=-0.832018
[QP WORST COLLISION] scenario=36 k=1 obstacle=0 disc=0
[SQP] after_solve iter=0 converged=1 status=0 iterations=2 primal_residual=4.3715e-16 dual_residual=7.01146e-05 x_size=16 x_finite=1
[SQP LINESEARCH] iter=0 current_violation=0 accepted_violation=0 accepted=1 alpha=1 delta_u_norm=0.234691
[SQP SUPPORT] iter=0 support_size=0 support_limit=-1 support_ok=1
[SQP] before_solve iter=1 vars=16 constraints=91 max_d=-0.833424
[QP WORST] iter=1 row=3 type=collision d=-0.833424
[QP WORST COLLISION] scenario=36 k=1 obstacle=0 disc=0
[SQP] after_solve iter=1 converged=1 status=0 iterations=2 primal_residual=4.26742e-16 dual_residual=4.88447e-05 x_size=16 x_finite=1
[SQP LINESEARCH] iter=1 current_violation=0 accepted_violation=0 accepted=1 alpha=1 delta_u_norm=0.173681
[SQP SUPPORT] iter=1 support_size=0 support_limit=-1 support_ok=1
[SQP] before_solve iter=2 vars=16 constraints=91 max_d=-0.832973
[QP WORST] iter=2 row=3 type=collision d=-0.832973
[QP WORST COLLISION] scenario=36 k=1 obstacle=0 disc=0
[SQP] after_solve iter=2 converged=1 status=0 iterations=2 primal_residual=4.43872e-16 dual_residual=4.01968e-05 x_size=16 x_finite=1
[SQP LINESEARCH] iter=2 current_violation=0 accepted_violation=0 accepted=1 alpha=1 delta_u_norm=0.155619
[SQP SUPPORT] iter=2 support_size=0 support_limit=-1 support_ok=1
[SQP] before_solve iter=3 vars=16 constraints=91 max_d=-0.833438
[QP WORST] iter=3 row=3 type=collision d=-0.833438
[QP WORST COLLISION] scenario=36 k=1 obstacle=0 disc=0
[SQP] after_solve iter=3 converged=1 status=0 iterations=2 primal_residual=4.40295e-16 dual_residual=2.03581e-05 x_size=16 x_finite=1
[SQP LINESEARCH] iter=3 current_violation=0 accepted_violation=0 accepted=1 alpha=1 delta_u_norm=0.143567
[SQP SUPPORT] iter=3 support_size=0 support_limit=-1 support_ok=1
[SQP] before_solve iter=4 vars=16 constraints=91 max_d=-0.833181
[QP WORST] iter=4 row=3 type=collision d=-0.833181
[QP WORST COLLISION] scenario=36 k=1 obstacle=0 disc=0
[SQP] after_solve iter=4 converged=1 status=0 iterations=2 primal_residual=4.21429e-16 dual_residual=2.25792e-05 x_size=16 x_finite=1
[SQP LINESEARCH] iter=4 current_violation=0 accepted_violation=0 accepted=1 alpha=1 delta_u_norm=0.134094
[SQP SUPPORT] iter=4 support_size=0 support_limit=-1 support_ok=1
[SQP] before_solve iter=5 vars=16 constraints=91 max_d=-0.833394
[QP WORST] iter=5 row=3 type=collision d=-0.833394
[QP WORST COLLISION] scenario=36 k=1 obstacle=0 disc=0
[SQP] after_solve iter=5 converged=1 status=0 iterations=2 primal_residual=4.12891e-16 dual_residual=1.28956e-05 x_size=16 x_finite=1
[SQP LINESEARCH] iter=5 current_violation=0 accepted_violation=0 accepted=1 alpha=1 delta_u_norm=0.1257
[SQP SUPPORT] iter=5 support_size=0 support_limit=-1 support_ok=1
[SQP] before_solve iter=6 vars=16 constraints=91 max_d=-0.833284
[QP WORST] iter=6 row=3 type=collision d=-0.833284
[QP WORST COLLISION] scenario=36 k=1 obstacle=0 disc=0
[SQP] after_solve iter=6 converged=1 status=0 iterations=2 primal_residual=4.43927e-16 dual_residual=1.35264e-05 x_size=16 x_finite=1
[SQP LINESEARCH] iter=6 current_violation=0 accepted_violation=0 accepted=1 alpha=1 delta_u_norm=0.118445
[SQP SUPPORT] iter=6 support_size=0 support_limit=-1 support_ok=1
[SQP] before_solve iter=7 vars=16 constraints=91 max_d=-0.833406
[QP WORST] iter=7 row=3 type=collision d=-0.833406
[QP WORST COLLISION] scenario=36 k=1 obstacle=0 disc=0
[SQP] after_solve iter=7 converged=1 status=0 iterations=2 primal_residual=4.21213e-16 dual_residual=8.969e-06 x_size=16 x_finite=1
[SQP LINESEARCH] iter=7 current_violation=0 accepted_violation=0 accepted=1 alpha=1 delta_u_norm=0.111782
[SQP SUPPORT] iter=7 support_size=0 support_limit=-1 support_ok=1
[SQP] before_solve iter=8 vars=16 constraints=91 max_d=-0.833377
[QP WORST] iter=8 row=3 type=collision d=-0.833377
[QP WORST COLLISION] scenario=36 k=1 obstacle=0 disc=0
[SQP] after_solve iter=8 converged=1 status=0 iterations=2 primal_residual=4.38587e-16 dual_residual=8.59197e-06 x_size=16 x_finite=1
[SQP LINESEARCH] iter=8 current_violation=0 accepted_violation=0 accepted=1 alpha=1 delta_u_norm=0.105775
[SQP SUPPORT] iter=8 support_size=0 support_limit=-1 support_ok=1
[SQP] before_solve iter=9 vars=16 constraints=91 max_d=-0.833462
[QP WORST] iter=9 row=3 type=collision d=-0.833462
[QP WORST COLLISION] scenario=36 k=1 obstacle=0 disc=0
[SQP] after_solve iter=9 converged=1 status=0 iterations=2 primal_residual=4.29805e-16 dual_residual=6.52795e-06 x_size=16 x_finite=1
[SQP LINESEARCH] iter=9 current_violation=0 accepted_violation=0 accepted=1 alpha=1 delta_u_norm=0.100188
[SQP SUPPORT] iter=9 support_size=0 support_limit=-1 support_ok=1
[SQP FINAL] final_violation=0 violated_constraints=0
[SUPPORT FINAL] sqp_union=0 final_active=0 support_limit=-1
[SUPPORT FINAL IDS]
[SUPPORT UNION IDS]
[COLD START RECOVERY CHECK] ordinary_sqp_failed=0 seed_available=1 incompatible=0 try_homotopy=0
[HARNESS RESULT] step=46 success=1 controls=8 first_input_present=1
[MPC STEP METRICS] step=46 applied=1 success=1 fallback=0 a=-0.0111655 omega=-0.160744 dt=0.1 acceleration_weight=0.1 steering_weight=0.1 control_cost_unweighted=0.0259632 control_cost_weighted=0.00259632 mpc_cost=-17.4673 solve_time=0.0329564 qp_solve_time=0.0211603 constraint_time=0.00695875 dro_risk_time=0 ambiguity_radius=0 certificate=not_requested
[EVAL SAFETY] step=47 min_center_distance=1.78867 min_clearance=0.83867 collision_this_step=0 collision_run=0 collision_radius=0.95
[RF BACKUP] available=1 controls=8 states=9
[FREE POLY] k=1 disc=0 raw=40 facets=4 vertices=7 rho=4.8 anchor_shift=0
[FREE POLY] k=1 disc=1 raw=40 facets=0 vertices=4 rho=0.800001 anchor_shift=0
[FREE POLY] k=1 disc=2 raw=40 facets=0 vertices=4 rho=4.8 anchor_shift=0
[FREE POLY] k=2 disc=0 raw=40 facets=4 vertices=7 rho=5.6 anchor_shift=0
[FREE POLY] k=2 disc=1 raw=40 facets=0 vertices=4 rho=1.6 anchor_shift=0
[FREE POLY] k=2 disc=2 raw=40 facets=2 vertices=5 rho=5.6 anchor_shift=0
[FREE POLY] k=3 disc=0 raw=40 facets=3 vertices=6 rho=6.4 anchor_shift=0
[FREE POLY] k=3 disc=1 raw=40 facets=0 vertices=4 rho=2.4 anchor_shift=0
[FREE POLY] k=3 disc=2 raw=40 facets=3 vertices=6 rho=6.4 anchor_shift=0
[FREE POLY] k=4 disc=0 raw=40 facets=3 vertices=6 rho=7.2 anchor_shift=0
[FREE POLY] k=4 disc=1 raw=40 facets=0 vertices=4 rho=3.2 anchor_shift=0
[FREE POLY] k=4 disc=2 raw=40 facets=2 vertices=5 rho=7.2 anchor_shift=0
[FREE POLY] k=5 disc=0 raw=40 facets=3 vertices=6 rho=8 anchor_shift=0
[FREE POLY] k=5 disc=1 raw=40 facets=2 vertices=5 rho=4 anchor_shift=0
[FREE POLY] k=5 disc=2 raw=40 facets=2 vertices=5 rho=8 anchor_shift=0
[FREE POLY] k=6 disc=0 raw=40 facets=4 vertices=7 rho=8.8 anchor_shift=0
[FREE POLY] k=6 disc=1 raw=40 facets=2 vertices=5 rho=4.8 anchor_shift=0
[FREE POLY] k=6 disc=2 raw=40 facets=2 vertices=5 rho=8.8 anchor_shift=0
[FREE POLY] k=7 disc=0 raw=40 facets=2 vertices=5 rho=9.6 anchor_shift=0
[FREE POLY] k=7 disc=1 raw=40 facets=2 vertices=5 rho=5.6 anchor_shift=0
[FREE POLY] k=7 disc=2 raw=40 facets=2 vertices=5 rho=9.6 anchor_shift=0
[FREE POLY] k=8 disc=0 raw=40 facets=2 vertices=5 rho=10.4 anchor_shift=0
[FREE POLY] k=8 disc=1 raw=40 facets=2 vertices=5 rho=6.4 anchor_shift=0
[FREE POLY] k=8 disc=2 raw=40 facets=2 vertices=5 rho=10.4 anchor_shift=0
[RF SUPPORT SEED] removed=0 support_limit=-1
[SQP] before_solve iter=0 vars=16 constraints=80 max_d=-1.02211
[QP WORST] iter=0 row=0 type=collision d=-1.02211
[QP WORST COLLISION] scenario=5 k=1 obstacle=0 disc=0
[SQP] after_solve iter=0 converged=1 status=0 iterations=2 primal_residual=4.19803e-16 dual_residual=5.969e-05 x_size=16 x_finite=1
[SQP LINESEARCH] iter=0 current_violation=0 accepted_violation=0 accepted=1 alpha=1 delta_u_norm=0.232876
[SQP SUPPORT] iter=0 support_size=0 support_limit=-1 support_ok=1
[SQP] before_solve iter=1 vars=16 constraints=80 max_d=-1.02307
[QP WORST] iter=1 row=0 type=collision d=-1.02307
[QP WORST COLLISION] scenario=5 k=1 obstacle=0 disc=0
[SQP] after_solve iter=1 converged=1 status=0 iterations=2 primal_residual=4.44089e-16 dual_residual=3.89829e-05 x_size=16 x_finite=1
[SQP LINESEARCH] iter=1 current_violation=0 accepted_violation=0 accepted=1 alpha=1 delta_u_norm=0.172613
[SQP SUPPORT] iter=1 support_size=0 support_limit=-1 support_ok=1
[SQP] before_solve iter=2 vars=16 constraints=80 max_d=-1.02277
[QP WORST] iter=2 row=0 type=collision d=-1.02277
[QP WORST COLLISION] scenario=5 k=1 obstacle=0 disc=0
[SQP] after_solve iter=2 converged=1 status=0 iterations=2 primal_residual=3.7058e-16 dual_residual=3.40848e-05 x_size=16 x_finite=1
[SQP LINESEARCH] iter=2 current_violation=0 accepted_violation=0 accepted=1 alpha=1 delta_u_norm=0.155013
[SQP SUPPORT] iter=2 support_size=0 support_limit=-1 support_ok=1
[SQP] before_solve iter=3 vars=16 constraints=80 max_d=-1.02304
[QP WORST] iter=3 row=0 type=collision d=-1.02304
[QP WORST COLLISION] scenario=5 k=1 obstacle=0 disc=0
[SQP] after_solve iter=3 converged=1 status=0 iterations=2 primal_residual=4.44089e-16 dual_residual=1.65915e-05 x_size=16 x_finite=1
[SQP LINESEARCH] iter=3 current_violation=0 accepted_violation=0 accepted=1 alpha=1 delta_u_norm=0.143281
[SQP SUPPORT] iter=3 support_size=0 support_limit=-1 support_ok=1
[SQP] before_solve iter=4 vars=16 constraints=80 max_d=-1.02285
[QP WORST] iter=4 row=0 type=collision d=-1.02285
[QP WORST COLLISION] scenario=5 k=1 obstacle=0 disc=0
[SQP] after_solve iter=4 converged=1 status=0 iterations=2 primal_residual=4.23489e-16 dual_residual=1.91057e-05 x_size=16 x_finite=1
[SQP LINESEARCH] iter=4 current_violation=0 accepted_violation=0 accepted=1 alpha=1 delta_u_norm=0.133894
[SQP SUPPORT] iter=4 support_size=0 support_limit=-1 support_ok=1
[SQP] before_solve iter=5 vars=16 constraints=80 max_d=-1.02298
[QP WORST] iter=5 row=0 type=collision d=-1.02298
[QP WORST COLLISION] scenario=5 k=1 obstacle=0 disc=0
[SQP] after_solve iter=5 converged=1 status=0 iterations=2 primal_residual=4.33681e-16 dual_residual=1.0904e-05 x_size=16 x_finite=1
[SQP LINESEARCH] iter=5 current_violation=0 accepted_violation=0 accepted=1 alpha=1 delta_u_norm=0.125599
[SQP SUPPORT] iter=5 support_size=0 support_limit=-1 support_ok=1
[SQP] before_solve iter=6 vars=16 constraints=80 max_d=-1.0229
[QP WORST] iter=6 row=0 type=collision d=-1.0229
[QP WORST COLLISION] scenario=5 k=1 obstacle=0 disc=0
[SQP] after_solve iter=6 converged=1 status=0 iterations=2 primal_residual=4.25739e-16 dual_residual=1.14249e-05 x_size=16 x_finite=1
[SQP LINESEARCH] iter=6 current_violation=0 accepted_violation=0 accepted=1 alpha=1 delta_u_norm=0.118357
[SQP SUPPORT] iter=6 support_size=0 support_limit=-1 support_ok=1
[SQP] before_solve iter=7 vars=16 constraints=80 max_d=-1.02297
[QP WORST] iter=7 row=0 type=collision d=-1.02297
[QP WORST COLLISION] scenario=5 k=1 obstacle=0 disc=0
[SQP] after_solve iter=7 converged=1 status=0 iterations=2 primal_residual=4.43506e-16 dual_residual=7.839e-06 x_size=16 x_finite=1
[SQP LINESEARCH] iter=7 current_violation=0 accepted_violation=0 accepted=1 alpha=1 delta_u_norm=0.111728
[SQP SUPPORT] iter=7 support_size=0 support_limit=-1 support_ok=1
[SQP] before_solve iter=8 vars=16 constraints=80 max_d=-1.02295
[QP WORST] iter=8 row=0 type=collision d=-1.02295
[QP WORST COLLISION] scenario=5 k=1 obstacle=0 disc=0
[SQP] after_solve iter=8 converged=1 status=0 iterations=2 primal_residual=4.40647e-16 dual_residual=7.55784e-06 x_size=16 x_finite=1
[SQP LINESEARCH] iter=8 current_violation=0 accepted_violation=0 accepted=1 alpha=1 delta_u_norm=0.105723
[SQP SUPPORT] iter=8 support_size=0 support_limit=-1 support_ok=1
[SQP] before_solve iter=9 vars=16 constraints=80 max_d=-1.023
[QP WORST] iter=9 row=0 type=collision d=-1.023
[QP WORST COLLISION] scenario=5 k=1 obstacle=0 disc=0
[SQP] after_solve iter=9 converged=1 status=0 iterations=2 primal_residual=4.42354e-16 dual_residual=5.77329e-06 x_size=16 x_finite=1
[SQP LINESEARCH] iter=9 current_violation=0 accepted_violation=0 accepted=1 alpha=1 delta_u_norm=0.100149
[SQP SUPPORT] iter=9 support_size=0 support_limit=-1 support_ok=1
[SQP FINAL] final_violation=0 violated_constraints=0
[SUPPORT FINAL] sqp_union=0 final_active=0 support_limit=-1
[SUPPORT FINAL IDS]
[SUPPORT UNION IDS]
[COLD START RECOVERY CHECK] ordinary_sqp_failed=0 seed_available=1 incompatible=0 try_homotopy=0
[HARNESS RESULT] step=47 success=1 controls=8 first_input_present=1
[MPC STEP METRICS] step=47 applied=1 success=1 fallback=0 a=-0.00814423 omega=-0.14335 dt=0.1 acceleration_weight=0.1 steering_weight=0.1 control_cost_unweighted=0.0206156 control_cost_weighted=0.00206156 mpc_cost=-17.5002 solve_time=0.0313173 qp_solve_time=0.0200358 constraint_time=0.00636739 dro_risk_time=0 ambiguity_radius=0 certificate=not_requested
[EVAL SAFETY] step=48 min_center_distance=1.97906 min_clearance=1.02906 collision_this_step=0 collision_run=0 collision_radius=0.95
[RF BACKUP] available=1 controls=8 states=9
[FREE POLY] k=1 disc=0 raw=40 facets=4 vertices=7 rho=4.8 anchor_shift=0
[FREE POLY] k=1 disc=1 raw=40 facets=0 vertices=4 rho=0.800001 anchor_shift=0
[FREE POLY] k=1 disc=2 raw=40 facets=0 vertices=4 rho=4.8 anchor_shift=0
[FREE POLY] k=2 disc=0 raw=40 facets=4 vertices=7 rho=5.6 anchor_shift=0
[FREE POLY] k=2 disc=1 raw=40 facets=0 vertices=4 rho=1.6 anchor_shift=0
[FREE POLY] k=2 disc=2 raw=40 facets=4 vertices=7 rho=5.6 anchor_shift=0
[FREE POLY] k=3 disc=0 raw=40 facets=4 vertices=7 rho=6.4 anchor_shift=0
[FREE POLY] k=3 disc=1 raw=40 facets=0 vertices=4 rho=2.4 anchor_shift=0
[FREE POLY] k=3 disc=2 raw=40 facets=4 vertices=7 rho=6.4 anchor_shift=0
[FREE POLY] k=4 disc=0 raw=40 facets=4 vertices=7 rho=7.2 anchor_shift=0
[FREE POLY] k=4 disc=1 raw=40 facets=0 vertices=4 rho=3.2 anchor_shift=0
[FREE POLY] k=4 disc=2 raw=40 facets=4 vertices=7 rho=7.2 anchor_shift=0
[FREE POLY] k=5 disc=0 raw=40 facets=3 vertices=6 rho=8 anchor_shift=0
[FREE POLY] k=5 disc=1 raw=40 facets=1 vertices=4 rho=4 anchor_shift=0
[FREE POLY] k=5 disc=2 raw=40 facets=3 vertices=6 rho=8 anchor_shift=0
[FREE POLY] k=6 disc=0 raw=40 facets=3 vertices=6 rho=8.8 anchor_shift=0
[FREE POLY] k=6 disc=1 raw=40 facets=2 vertices=5 rho=4.8 anchor_shift=0
[FREE POLY] k=6 disc=2 raw=40 facets=3 vertices=6 rho=8.8 anchor_shift=0
[FREE POLY] k=7 disc=0 raw=40 facets=3 vertices=6 rho=9.6 anchor_shift=0
[FREE POLY] k=7 disc=1 raw=40 facets=2 vertices=5 rho=5.6 anchor_shift=0
[FREE POLY] k=7 disc=2 raw=40 facets=3 vertices=6 rho=9.6 anchor_shift=0
[FREE POLY] k=8 disc=0 raw=40 facets=3 vertices=6 rho=10.4 anchor_shift=0
[FREE POLY] k=8 disc=1 raw=40 facets=3 vertices=6 rho=6.4 anchor_shift=0
[FREE POLY] k=8 disc=2 raw=40 facets=3 vertices=6 rho=10.4 anchor_shift=0
[RF SUPPORT SEED] removed=0 support_limit=-1
[SQP] before_solve iter=0 vars=16 constraints=92 max_d=-1.21652
[QP WORST] iter=0 row=2 type=collision d=-1.21652
[QP WORST COLLISION] scenario=31 k=1 obstacle=0 disc=0
[SQP] after_solve iter=0 converged=1 status=0 iterations=2 primal_residual=4.35578e-16 dual_residual=5.08186e-05 x_size=16 x_finite=1
[SQP LINESEARCH] iter=0 current_violation=0 accepted_violation=0 accepted=1 alpha=1 delta_u_norm=0.23155
[SQP SUPPORT] iter=0 support_size=0 support_limit=-1 support_ok=1
[SQP] before_solve iter=1 vars=16 constraints=92 max_d=-1.2172
[QP WORST] iter=1 row=2 type=collision d=-1.2172
[QP WORST COLLISION] scenario=31 k=1 obstacle=0 disc=0
[SQP] after_solve iter=1 converged=1 status=0 iterations=2 primal_residual=4.38289e-16 dual_residual=3.16868e-05 x_size=16 x_finite=1
[SQP LINESEARCH] iter=1 current_violation=0 accepted_violation=0 accepted=1 alpha=1 delta_u_norm=0.171831
[SQP SUPPORT] iter=1 support_size=0 support_limit=-1 support_ok=1
[SQP] before_solve iter=2 vars=16 constraints=92 max_d=-1.21699
[QP WORST] iter=2 row=2 type=collision d=-1.21699
[QP WORST COLLISION] scenario=31 k=1 obstacle=0 disc=0
[SQP] after_solve iter=2 converged=1 status=0 iterations=2 primal_residual=4.43005e-16 dual_residual=2.89439e-05 x_size=16 x_finite=1
[SQP LINESEARCH] iter=2 current_violation=0 accepted_violation=0 accepted=1 alpha=1 delta_u_norm=0.154571
[SQP SUPPORT] iter=2 support_size=0 support_limit=-1 support_ok=1
[SQP] before_solve iter=3 vars=16 constraints=92 max_d=-1.21714
[QP WORST] iter=3 row=2 type=collision d=-1.21714
[QP WORST COLLISION] scenario=31 k=1 obstacle=0 disc=0
[SQP] after_solve iter=3 converged=1 status=0 iterations=2 primal_residual=4.4165e-16 dual_residual=1.36921e-05 x_size=16 x_finite=1
[SQP LINESEARCH] iter=3 current_violation=0 accepted_violation=0 accepted=1 alpha=1 delta_u_norm=0.143072
[SQP SUPPORT] iter=3 support_size=0 support_limit=-1 support_ok=1
[SQP] before_solve iter=4 vars=16 constraints=92 max_d=-1.217
[QP WORST] iter=4 row=2 type=collision d=-1.217
[QP WORST COLLISION] scenario=31 k=1 obstacle=0 disc=0
[SQP] after_solve iter=4 converged=1 status=0 iterations=2 primal_residual=4.30808e-16 dual_residual=1.61972e-05 x_size=16 x_finite=1
[SQP LINESEARCH] iter=4 current_violation=0 accepted_violation=0 accepted=1 alpha=1 delta_u_norm=0.133748
[SQP SUPPORT] iter=4 support_size=0 support_limit=-1 support_ok=1
[SQP] before_solve iter=5 vars=16 constraints=92 max_d=-1.21707
[QP WORST] iter=5 row=2 type=collision d=-1.21707
[QP WORST COLLISION] scenario=31 k=1 obstacle=0 disc=0
[SQP] after_solve iter=5 converged=1 status=0 iterations=2 primal_residual=4.21362e-16 dual_residual=9.34132e-06 x_size=16 x_finite=1
[SQP LINESEARCH] iter=5 current_violation=0 accepted_violation=0 accepted=1 alpha=1 delta_u_norm=0.125525
[SQP SUPPORT] iter=5 support_size=0 support_limit=-1 support_ok=1
[SQP] before_solve iter=6 vars=16 constraints=92 max_d=-1.21701
[QP WORST] iter=6 row=2 type=collision d=-1.21701
[QP WORST COLLISION] scenario=31 k=1 obstacle=0 disc=0
[SQP] after_solve iter=6 converged=1 status=0 iterations=2 primal_residual=4.35416e-16 dual_residual=9.83484e-06 x_size=16 x_finite=1
[SQP LINESEARCH] iter=6 current_violation=0 accepted_violation=0 accepted=1 alpha=1 delta_u_norm=0.118293
[SQP SUPPORT] iter=6 support_size=0 support_limit=-1 support_ok=1
[SQP] before_solve iter=7 vars=16 constraints=92 max_d=-1.21705
[QP WORST] iter=7 row=2 type=collision d=-1.21705
[QP WORST COLLISION] scenario=31 k=1 obstacle=0 disc=0
[SQP] after_solve iter=7 converged=1 status=0 iterations=2 primal_residual=4.26803e-16 dual_residual=6.93192e-06 x_size=16 x_finite=1
[SQP LINESEARCH] iter=7 current_violation=0 accepted_violation=0 accepted=1 alpha=1 delta_u_norm=0.111689
[SQP SUPPORT] iter=7 support_size=0 support_limit=-1 support_ok=1
[SQP] before_solve iter=8 vars=16 constraints=92 max_d=-1.21703
[QP WORST] iter=8 row=2 type=collision d=-1.21703
[QP WORST COLLISION] scenario=31 k=1 obstacle=0 disc=0
[SQP] after_solve iter=8 converged=1 status=0 iterations=2 primal_residual=4.42354e-16 dual_residual=6.66612e-06 x_size=16 x_finite=1
[SQP LINESEARCH] iter=8 current_violation=0 accepted_violation=0 accepted=1 alpha=1 delta_u_norm=0.105686
[SQP SUPPORT] iter=8 support_size=0 support_limit=-1 support_ok=1
[SQP] before_solve iter=9 vars=16 constraints=92 max_d=-1.21707
[QP WORST] iter=9 row=2 type=collision d=-1.21707
[QP WORST COLLISION] scenario=31 k=1 obstacle=0 disc=0
[SQP] after_solve iter=9 converged=1 status=0 iterations=2 primal_residual=4.35416e-16 dual_residual=5.12095e-06 x_size=16 x_finite=1
[SQP LINESEARCH] iter=9 current_violation=0 accepted_violation=0 accepted=1 alpha=1 delta_u_norm=0.100122
[SQP SUPPORT] iter=9 support_size=0 support_limit=-1 support_ok=1
[SQP FINAL] final_violation=0 violated_constraints=0
[SUPPORT FINAL] sqp_union=0 final_active=0 support_limit=-1
[SUPPORT FINAL IDS]
[SUPPORT UNION IDS]
[COLD START RECOVERY CHECK] ordinary_sqp_failed=0 seed_available=1 incompatible=0 try_homotopy=0
[HARNESS RESULT] step=48 success=1 controls=8 first_input_present=1
[MPC STEP METRICS] step=48 applied=1 success=1 fallback=0 a=-0.00589883 omega=-0.122906 dt=0.1 acceleration_weight=0.1 steering_weight=0.1 control_cost_unweighted=0.0151408 control_cost_weighted=0.00151408 mpc_cost=-17.5245 solve_time=0.0328624 qp_solve_time=0.0210312 constraint_time=0.00683715 dro_risk_time=0 ambiguity_radius=0 certificate=not_requested
[EVAL SAFETY] step=49 min_center_distance=2.1733 min_clearance=1.2233 collision_this_step=0 collision_run=0 collision_radius=0.95
[RF BACKUP] available=1 controls=8 states=9
[FREE POLY] k=1 disc=0 raw=40 facets=3 vertices=6 rho=4.8 anchor_shift=0
[FREE POLY] k=1 disc=1 raw=40 facets=0 vertices=4 rho=0.800001 anchor_shift=0
[FREE POLY] k=1 disc=2 raw=40 facets=0 vertices=4 rho=4.8 anchor_shift=0
[FREE POLY] k=2 disc=0 raw=40 facets=3 vertices=6 rho=5.6 anchor_shift=0
[FREE POLY] k=2 disc=1 raw=40 facets=0 vertices=4 rho=1.6 anchor_shift=0
[FREE POLY] k=2 disc=2 raw=40 facets=3 vertices=7 rho=5.6 anchor_shift=0
[FREE POLY] k=3 disc=0 raw=40 facets=3 vertices=6 rho=6.4 anchor_shift=0
[FREE POLY] k=3 disc=1 raw=40 facets=0 vertices=4 rho=2.4 anchor_shift=0
[FREE POLY] k=3 disc=2 raw=40 facets=3 vertices=6 rho=6.4 anchor_shift=0
[FREE POLY] k=4 disc=0 raw=40 facets=2 vertices=5 rho=7.2 anchor_shift=0
[FREE POLY] k=4 disc=1 raw=40 facets=0 vertices=4 rho=3.2 anchor_shift=0
[FREE POLY] k=4 disc=2 raw=40 facets=2 vertices=5 rho=7.2 anchor_shift=0
[FREE POLY] k=5 disc=0 raw=40 facets=3 vertices=6 rho=8 anchor_shift=0
[FREE POLY] k=5 disc=1 raw=40 facets=0 vertices=4 rho=4 anchor_shift=0
[FREE POLY] k=5 disc=2 raw=40 facets=2 vertices=5 rho=8 anchor_shift=0
[FREE POLY] k=6 disc=0 raw=40 facets=4 vertices=7 rho=8.8 anchor_shift=0
[FREE POLY] k=6 disc=1 raw=40 facets=3 vertices=6 rho=4.8 anchor_shift=0
[FREE POLY] k=6 disc=2 raw=40 facets=3 vertices=6 rho=8.8 anchor_shift=0
[FREE POLY] k=7 disc=0 raw=40 facets=5 vertices=8 rho=9.6 anchor_shift=0
[FREE POLY] k=7 disc=1 raw=40 facets=4 vertices=7 rho=5.6 anchor_shift=0
[FREE POLY] k=7 disc=2 raw=40 facets=5 vertices=8 rho=9.6 anchor_shift=0
[FREE POLY] k=8 disc=0 raw=40 facets=4 vertices=7 rho=10.4 anchor_shift=0
[FREE POLY] k=8 disc=1 raw=40 facets=4 vertices=7 rho=6.4 anchor_shift=0
[FREE POLY] k=8 disc=2 raw=40 facets=4 vertices=7 rho=10.4 anchor_shift=0
[RF SUPPORT SEED] removed=0 support_limit=-1
[SQP] before_solve iter=0 vars=16 constraints=92 max_d=-1.41655
[QP WORST] iter=0 row=1 type=collision d=-1.41655
[QP WORST COLLISION] scenario=8 k=1 obstacle=0 disc=0
[SQP] after_solve iter=0 converged=1 status=0 iterations=2 primal_residual=4.33681e-16 dual_residual=4.32622e-05 x_size=16 x_finite=1
[SQP LINESEARCH] iter=0 current_violation=0 accepted_violation=0 accepted=1 alpha=1 delta_u_norm=0.230584
[SQP SUPPORT] iter=0 support_size=0 support_limit=-1 support_ok=1
[SQP] before_solve iter=1 vars=16 constraints=92 max_d=-1.41703
[QP WORST] iter=1 row=1 type=collision d=-1.41703
[QP WORST COLLISION] scenario=8 k=1 obstacle=0 disc=0
[SQP] after_solve iter=1 converged=1 status=0 iterations=2 primal_residual=4.44089e-16 dual_residual=2.59169e-05 x_size=16 x_finite=1
[SQP LINESEARCH] iter=1 current_violation=0 accepted_violation=0 accepted=1 alpha=1 delta_u_norm=0.171257
[SQP SUPPORT] iter=1 support_size=0 support_limit=-1 support_ok=1
[SQP] before_solve iter=2 vars=16 constraints=92 max_d=-1.41688
[QP WORST] iter=2 row=1 type=collision d=-1.41688
[QP WORST COLLISION] scenario=8 k=1 obstacle=0 disc=0
[SQP] after_solve iter=2 converged=1 status=0 iterations=2 primal_residual=4.29344e-16 dual_residual=2.4601e-05 x_size=16 x_finite=1
[SQP LINESEARCH] iter=2 current_violation=0 accepted_violation=0 accepted=1 alpha=1 delta_u_norm=0.154247
[SQP SUPPORT] iter=2 support_size=0 support_limit=-1 support_ok=1
[SQP] before_solve iter=3 vars=16 constraints=92 max_d=-1.41695
[QP WORST] iter=3 row=1 type=collision d=-1.41695
[QP WORST COLLISION] scenario=8 k=1 obstacle=0 disc=0
[SQP] after_solve iter=3 converged=1 status=0 iterations=2 primal_residual=4.39698e-16 dual_residual=1.13191e-05 x_size=16 x_finite=1
[SQP LINESEARCH] iter=3 current_violation=0 accepted_violation=0 accepted=1 alpha=1 delta_u_norm=0.142919
[SQP SUPPORT] iter=3 support_size=0 support_limit=-1 support_ok=1
[SQP] before_solve iter=4 vars=16 constraints=92 max_d=-1.41684
[QP WORST] iter=4 row=1 type=collision d=-1.41684
[QP WORST COLLISION] scenario=8 k=1 obstacle=0 disc=0
[SQP] after_solve iter=4 converged=1 status=0 iterations=2 primal_residual=4.3715e-16 dual_residual=1.37485e-05 x_size=16 x_finite=1
[SQP LINESEARCH] iter=4 current_violation=0 accepted_violation=0 accepted=1 alpha=1 delta_u_norm=0.133641
[SQP SUPPORT] iter=4 support_size=0 support_limit=-1 support_ok=1
[SQP] before_solve iter=5 vars=16 constraints=92 max_d=-1.41687
[QP WORST] iter=5 row=1 type=collision d=-1.41687
[QP WORST COLLISION] scenario=8 k=1 obstacle=0 disc=0
[SQP] after_solve iter=5 converged=1 status=0 iterations=2 primal_residual=4.28477e-16 dual_residual=8.26369e-06 x_size=16 x_finite=1
[SQP LINESEARCH] iter=5 current_violation=0 accepted_violation=0 accepted=1 alpha=1 delta_u_norm=0.125471
[SQP SUPPORT] iter=5 support_size=0 support_limit=-1 support_ok=1
[SQP] before_solve iter=6 vars=16 constraints=92 max_d=-1.41682
[QP WORST] iter=6 row=1 type=collision d=-1.41682
[QP WORST COLLISION] scenario=8 k=1 obstacle=0 disc=0
[SQP] after_solve iter=6 converged=1 status=0 iterations=2 primal_residual=4.24465e-16 dual_residual=8.65104e-06 x_size=16 x_finite=1
[SQP LINESEARCH] iter=6 current_violation=0 accepted_violation=0 accepted=1 alpha=1 delta_u_norm=0.118246
[SQP SUPPORT] iter=6 support_size=0 support_limit=-1 support_ok=1
[SQP] before_solve iter=7 vars=16 constraints=92 max_d=-1.41684
[QP WORST] iter=7 row=1 type=collision d=-1.41684
[QP WORST COLLISION] scenario=8 k=1 obstacle=0 disc=0
[SQP] after_solve iter=7 converged=1 status=0 iterations=2 primal_residual=4.18434e-16 dual_residual=6.14631e-06 x_size=16 x_finite=1
[SQP LINESEARCH] iter=7 current_violation=0 accepted_violation=0 accepted=1 alpha=1 delta_u_norm=0.11166
[SQP SUPPORT] iter=7 support_size=0 support_limit=-1 support_ok=1
[SQP] before_solve iter=8 vars=16 constraints=92 max_d=-1.41683
[QP WORST] iter=8 row=1 type=collision d=-1.41683
[QP WORST COLLISION] scenario=8 k=1 obstacle=0 disc=0
[SQP] after_solve iter=8 converged=1 status=0 iterations=2 primal_residual=4.35578e-16 dual_residual=5.89651e-06 x_size=16 x_finite=1
[SQP LINESEARCH] iter=8 current_violation=0 accepted_violation=0 accepted=1 alpha=1 delta_u_norm=0.105658
[SQP SUPPORT] iter=8 support_size=0 support_limit=-1 support_ok=1
[SQP] before_solve iter=9 vars=16 constraints=92 max_d=-1.41685
[QP WORST] iter=9 row=1 type=collision d=-1.41685
[QP WORST COLLISION] scenario=8 k=1 obstacle=0 disc=0
[SQP] after_solve iter=9 converged=1 status=0 iterations=2 primal_residual=4.26986e-16 dual_residual=4.55681e-06 x_size=16 x_finite=1
[SQP LINESEARCH] iter=9 current_violation=0 accepted_violation=0 accepted=1 alpha=1 delta_u_norm=0.100101
[SQP SUPPORT] iter=9 support_size=0 support_limit=-1 support_ok=1
[SQP FINAL] final_violation=0 violated_constraints=0
[SUPPORT FINAL] sqp_union=0 final_active=0 support_limit=-1
[SUPPORT FINAL IDS]
[SUPPORT UNION IDS]
[COLD START RECOVERY CHECK] ordinary_sqp_failed=0 seed_available=1 incompatible=0 try_homotopy=0
[HARNESS RESULT] step=49 success=1 controls=8 first_input_present=1
[MPC STEP METRICS] step=49 applied=1 success=1 fallback=0 a=-0.00428001 omega=-0.10399 dt=0.1 acceleration_weight=0.1 steering_weight=0.1 control_cost_unweighted=0.0108322 control_cost_weighted=0.00108322 mpc_cost=-17.542 solve_time=0.0342075 qp_solve_time=0.0218178 constraint_time=0.00720062 dro_risk_time=0 ambiguity_radius=0 certificate=not_requested
[EVAL SAFETY] step=50 min_center_distance=2.36977 min_clearance=1.41977 collision_this_step=0 collision_run=0 collision_radius=0.95
[RF BACKUP] available=1 controls=8 states=9
[FREE POLY] k=1 disc=0 raw=40 facets=4 vertices=7 rho=4.8 anchor_shift=0
[FREE POLY] k=1 disc=1 raw=40 facets=0 vertices=4 rho=0.800001 anchor_shift=0
[FREE POLY] k=1 disc=2 raw=40 facets=0 vertices=4 rho=4.8 anchor_shift=0
[FREE POLY] k=2 disc=0 raw=40 facets=4 vertices=7 rho=5.6 anchor_shift=0
[FREE POLY] k=2 disc=1 raw=40 facets=0 vertices=4 rho=1.6 anchor_shift=0
[FREE POLY] k=2 disc=2 raw=40 facets=0 vertices=4 rho=5.6 anchor_shift=0
[FREE POLY] k=3 disc=0 raw=40 facets=3 vertices=6 rho=6.4 anchor_shift=0
[FREE POLY] k=3 disc=1 raw=40 facets=0 vertices=4 rho=2.4 anchor_shift=0
[FREE POLY] k=3 disc=2 raw=40 facets=3 vertices=6 rho=6.4 anchor_shift=0
[FREE POLY] k=4 disc=0 raw=40 facets=4 vertices=7 rho=7.2 anchor_shift=0
[FREE POLY] k=4 disc=1 raw=40 facets=0 vertices=4 rho=3.2 anchor_shift=0
[FREE POLY] k=4 disc=2 raw=40 facets=3 vertices=6 rho=7.2 anchor_shift=0
[FREE POLY] k=5 disc=0 raw=40 facets=4 vertices=7 rho=8 anchor_shift=0
[FREE POLY] k=5 disc=1 raw=40 facets=0 vertices=4 rho=4 anchor_shift=0
[FREE POLY] k=5 disc=2 raw=40 facets=3 vertices=6 rho=8 anchor_shift=0
[FREE POLY] k=6 disc=0 raw=40 facets=4 vertices=7 rho=8.8 anchor_shift=0
[FREE POLY] k=6 disc=1 raw=40 facets=2 vertices=5 rho=4.8 anchor_shift=0
[FREE POLY] k=6 disc=2 raw=40 facets=2 vertices=5 rho=8.8 anchor_shift=0
[FREE POLY] k=7 disc=0 raw=40 facets=4 vertices=7 rho=9.6 anchor_shift=0
[FREE POLY] k=7 disc=1 raw=40 facets=2 vertices=5 rho=5.6 anchor_shift=0
[FREE POLY] k=7 disc=2 raw=40 facets=2 vertices=5 rho=9.6 anchor_shift=0
[FREE POLY] k=8 disc=0 raw=40 facets=6 vertices=9 rho=10.4 anchor_shift=0
[FREE POLY] k=8 disc=1 raw=40 facets=4 vertices=7 rho=6.4 anchor_shift=0
[FREE POLY] k=8 disc=2 raw=40 facets=5 vertices=8 rho=10.4 anchor_shift=0
[RF SUPPORT SEED] removed=0 support_limit=-1
[SQP] before_solve iter=0 vars=16 constraints=91 max_d=-1.61082
[QP WORST] iter=0 row=3 type=collision d=-1.61082
[QP WORST COLLISION] scenario=35 k=1 obstacle=0 disc=0
[SQP] after_solve iter=0 converged=1 status=0 iterations=2 primal_residual=4.31512e-16 dual_residual=3.68576e-05 x_size=16 x_finite=1
[SQP LINESEARCH] iter=0 current_violation=0 accepted_violation=0 accepted=1 alpha=1 delta_u_norm=0.229883
[SQP SUPPORT] iter=0 support_size=0 support_limit=-1 support_ok=1
[SQP] before_solve iter=1 vars=16 constraints=91 max_d=-1.61118
[QP WORST] iter=1 row=3 type=collision d=-1.61118
[QP WORST COLLISION] scenario=35 k=1 obstacle=0 disc=0
[SQP] after_solve iter=1 converged=1 status=0 iterations=2 primal_residual=4.25007e-16 dual_residual=2.13857e-05 x_size=16 x_finite=1
[SQP LINESEARCH] iter=1 current_violation=0 accepted_violation=0 accepted=1 alpha=1 delta_u_norm=0.170839
[SQP SUPPORT] iter=1 support_size=0 support_limit=-1 support_ok=1
[SQP] before_solve iter=2 vars=16 constraints=91 max_d=-1.61107
[QP WORST] iter=2 row=3 type=collision d=-1.61107
[QP WORST COLLISION] scenario=35 k=1 obstacle=0 disc=0
[SQP] after_solve iter=2 converged=1 status=0 iterations=2 primal_residual=4.29561e-16 dual_residual=2.09183e-05 x_size=16 x_finite=1
[SQP LINESEARCH] iter=2 current_violation=0 accepted_violation=0 accepted=1 alpha=1 delta_u_norm=0.154012
[SQP SUPPORT] iter=2 support_size=0 support_limit=-1 support_ok=1
[SQP] before_solve iter=3 vars=16 constraints=91 max_d=-1.61109
[QP WORST] iter=3 row=3 type=collision d=-1.61109
[QP WORST COLLISION] scenario=35 k=1 obstacle=0 disc=0
[SQP] after_solve iter=3 converged=1 status=0 iterations=2 primal_residual=4.39752e-16 dual_residual=9.71555e-06 x_size=16 x_finite=1
[SQP LINESEARCH] iter=3 current_violation=0 accepted_violation=0 accepted=1 alpha=1 delta_u_norm=0.142807
[SQP SUPPORT] iter=3 support_size=0 support_limit=-1 support_ok=1
[SQP] before_solve iter=4 vars=16 constraints=91 max_d=-1.611
[QP WORST] iter=4 row=3 type=collision d=-1.611
[QP WORST COLLISION] scenario=35 k=1 obstacle=0 disc=0
[SQP] after_solve iter=4 converged=1 status=0 iterations=2 primal_residual=4.40078e-16 dual_residual=1.17058e-05 x_size=16 x_finite=1
[SQP LINESEARCH] iter=4 current_violation=0 accepted_violation=0 accepted=1 alpha=1 delta_u_norm=0.133563
[SQP SUPPORT] iter=4 support_size=0 support_limit=-1 support_ok=1
[SQP] before_solve iter=5 vars=16 constraints=91 max_d=-1.611
[QP WORST] iter=5 row=3 type=collision d=-1.611
[QP WORST COLLISION] scenario=35 k=1 obstacle=0 disc=0
[SQP] after_solve iter=5 converged=1 status=0 iterations=2 primal_residual=4.10994e-16 dual_residual=7.32837e-06 x_size=16 x_finite=1
[SQP LINESEARCH] iter=5 current_violation=0 accepted_violation=0 accepted=1 alpha=1 delta_u_norm=0.125431
[SQP SUPPORT] iter=5 support_size=0 support_limit=-1 support_ok=1
[SQP] before_solve iter=6 vars=16 constraints=91 max_d=-1.61096
[QP WORST] iter=6 row=3 type=collision d=-1.61096
[QP WORST COLLISION] scenario=35 k=1 obstacle=0 disc=0
[SQP] after_solve iter=6 converged=1 status=0 iterations=2 primal_residual=4.21321e-16 dual_residual=7.6305e-06 x_size=16 x_finite=1
[SQP LINESEARCH] iter=6 current_violation=0 accepted_violation=0 accepted=1 alpha=1 delta_u_norm=0.118212
[SQP SUPPORT] iter=6 support_size=0 support_limit=-1 support_ok=1
[SQP] before_solve iter=7 vars=16 constraints=91 max_d=-1.61097
[QP WORST] iter=7 row=3 type=collision d=-1.61097
[QP WORST COLLISION] scenario=35 k=1 obstacle=0 disc=0
[SQP] after_solve iter=7 converged=1 status=0 iterations=2 primal_residual=4.28477e-16 dual_residual=5.46689e-06 x_size=16 x_finite=1
[SQP LINESEARCH] iter=7 current_violation=0 accepted_violation=0 accepted=1 alpha=1 delta_u_norm=0.111639
[SQP SUPPORT] iter=7 support_size=0 support_limit=-1 support_ok=1
[SQP] before_solve iter=8 vars=16 constraints=91 max_d=-1.61095
[QP WORST] iter=8 row=3 type=collision d=-1.61095
[QP WORST COLLISION] scenario=35 k=1 obstacle=0 disc=0
[SQP] after_solve iter=8 converged=1 status=0 iterations=2 primal_residual=4.30211e-16 dual_residual=5.23314e-06 x_size=16 x_finite=1
[SQP LINESEARCH] iter=8 current_violation=0 accepted_violation=0 accepted=1 alpha=1 delta_u_norm=0.105637
[SQP SUPPORT] iter=8 support_size=0 support_limit=-1 support_ok=1
[SQP] before_solve iter=9 vars=16 constraints=91 max_d=-1.61097
[QP WORST] iter=9 row=3 type=collision d=-1.61097
[QP WORST COLLISION] scenario=35 k=1 obstacle=0 disc=0
[SQP] after_solve iter=9 converged=1 status=0 iterations=2 primal_residual=4.40267e-16 dual_residual=4.07e-06 x_size=16 x_finite=1
[SQP LINESEARCH] iter=9 current_violation=0 accepted_violation=0 accepted=1 alpha=1 delta_u_norm=0.100086
[SQP SUPPORT] iter=9 support_size=0 support_limit=-1 support_ok=1
[SQP FINAL] final_violation=0 violated_constraints=0
[SUPPORT FINAL] sqp_union=0 final_active=0 support_limit=-1
[SUPPORT FINAL IDS]
[SUPPORT UNION IDS]
[COLD START RECOVERY CHECK] ordinary_sqp_failed=0 seed_available=1 incompatible=0 try_homotopy=0
[HARNESS RESULT] step=50 success=1 controls=8 first_input_present=1
[MPC STEP METRICS] step=50 applied=1 success=1 fallback=0 a=-0.00312349 omega=-0.089016 dt=0.1 acceleration_weight=0.1 steering_weight=0.1 control_cost_unweighted=0.0079336 control_cost_weighted=0.00079336 mpc_cost=-17.5548 solve_time=0.0334982 qp_solve_time=0.0214804 constraint_time=0.00691267 dro_risk_time=0 ambiguity_radius=0 certificate=not_requested
[EVAL SAFETY] step=51 min_center_distance=2.56773 min_clearance=1.61773 collision_this_step=0 collision_run=0 collision_radius=0.95
[RF BACKUP] available=1 controls=8 states=9
[FREE POLY] k=1 disc=0 raw=40 facets=6 vertices=9 rho=4.8 anchor_shift=0
[FREE POLY] k=1 disc=1 raw=40 facets=0 vertices=4 rho=0.800001 anchor_shift=0
[FREE POLY] k=1 disc=2 raw=40 facets=0 vertices=4 rho=4.8 anchor_shift=0
[FREE POLY] k=2 disc=0 raw=40 facets=3 vertices=6 rho=5.6 anchor_shift=0
[FREE POLY] k=2 disc=1 raw=40 facets=0 vertices=4 rho=1.6 anchor_shift=0
[FREE POLY] k=2 disc=2 raw=40 facets=0 vertices=4 rho=5.6 anchor_shift=0
[FREE POLY] k=3 disc=0 raw=40 facets=5 vertices=8 rho=6.4 anchor_shift=0
[FREE POLY] k=3 disc=1 raw=40 facets=0 vertices=4 rho=2.4 anchor_shift=0
[FREE POLY] k=3 disc=2 raw=40 facets=3 vertices=6 rho=6.4 anchor_shift=0
[FREE POLY] k=4 disc=0 raw=40 facets=4 vertices=7 rho=7.2 anchor_shift=0
[FREE POLY] k=4 disc=1 raw=40 facets=0 vertices=4 rho=3.2 anchor_shift=0
[FREE POLY] k=4 disc=2 raw=40 facets=3 vertices=6 rho=7.2 anchor_shift=0
[FREE POLY] k=5 disc=0 raw=40 facets=4 vertices=7 rho=8 anchor_shift=0
[FREE POLY] k=5 disc=1 raw=40 facets=0 vertices=4 rho=4 anchor_shift=0
[FREE POLY] k=5 disc=2 raw=40 facets=3 vertices=6 rho=8 anchor_shift=0
[FREE POLY] k=6 disc=0 raw=40 facets=4 vertices=7 rho=8.8 anchor_shift=0
[FREE POLY] k=6 disc=1 raw=40 facets=3 vertices=6 rho=4.8 anchor_shift=0
[FREE POLY] k=6 disc=2 raw=40 facets=3 vertices=6 rho=8.8 anchor_shift=0
[FREE POLY] k=7 disc=0 raw=40 facets=4 vertices=7 rho=9.6 anchor_shift=0
[FREE POLY] k=7 disc=1 raw=40 facets=2 vertices=5 rho=5.6 anchor_shift=0
[FREE POLY] k=7 disc=2 raw=40 facets=3 vertices=6 rho=9.6 anchor_shift=0
[FREE POLY] k=8 disc=0 raw=40 facets=4 vertices=7 rho=10.4 anchor_shift=0
[FREE POLY] k=8 disc=1 raw=40 facets=2 vertices=5 rho=6.4 anchor_shift=0
[FREE POLY] k=8 disc=2 raw=40 facets=3 vertices=6 rho=10.4 anchor_shift=0
[RF SUPPORT SEED] removed=0 support_limit=-1
[SQP] before_solve iter=0 vars=16 constraints=91 max_d=-1.812
[QP WORST] iter=0 row=2 type=collision d=-1.812
[QP WORST COLLISION] scenario=20 k=1 obstacle=0 disc=0
[SQP] after_solve iter=0 converged=1 status=0 iterations=2 primal_residual=4.16334e-16 dual_residual=3.13995e-05 x_size=16 x_finite=1
[SQP LINESEARCH] iter=0 current_violation=0 accepted_violation=0 accepted=1 alpha=1 delta_u_norm=0.229377
[SQP SUPPORT] iter=0 support_size=0 support_limit=-1 support_ok=1
[SQP] before_solve iter=1 vars=16 constraints=91 max_d=-1.81228
[QP WORST] iter=1 row=2 type=collision d=-1.81228
[QP WORST COLLISION] scenario=20 k=1 obstacle=0 disc=0
[SQP] after_solve iter=1 converged=1 status=0 iterations=2 primal_residual=4.43107e-16 dual_residual=1.77626e-05 x_size=16 x_finite=1
[SQP LINESEARCH] iter=1 current_violation=0 accepted_violation=0 accepted=1 alpha=1 delta_u_norm=0.170535
[SQP SUPPORT] iter=1 support_size=0 support_limit=-1 support_ok=1
[SQP] before_solve iter=2 vars=16 constraints=91 max_d=-1.8122
[QP WORST] iter=2 row=2 type=collision d=-1.8122
[QP WORST COLLISION] scenario=20 k=1 obstacle=0 disc=0
[SQP] after_solve iter=2 converged=1 status=0 iterations=2 primal_residual=4.38018e-16 dual_residual=1.77963e-05 x_size=16 x_finite=1
[SQP LINESEARCH] iter=2 current_violation=0 accepted_violation=0 accepted=1 alpha=1 delta_u_norm=0.153841
[SQP SUPPORT] iter=2 support_size=0 support_limit=-1 support_ok=1
[SQP] before_solve iter=3 vars=16 constraints=91 max_d=-1.81219
[QP WORST] iter=3 row=2 type=collision d=-1.81219
[QP WORST COLLISION] scenario=20 k=1 obstacle=0 disc=0
[SQP] after_solve iter=3 converged=1 status=0 iterations=2 primal_residual=4.33681e-16 dual_residual=8.62942e-06 x_size=16 x_finite=1
[SQP LINESEARCH] iter=3 current_violation=0 accepted_violation=0 accepted=1 alpha=1 delta_u_norm=0.142725
[SQP SUPPORT] iter=3 support_size=0 support_limit=-1 support_ok=1
[SQP] before_solve iter=4 vars=16 constraints=91 max_d=-1.81211
[QP WORST] iter=4 row=2 type=collision d=-1.81211
[QP WORST COLLISION] scenario=20 k=1 obstacle=0 disc=0
[SQP] after_solve iter=4 converged=1 status=0 iterations=2 primal_residual=4.08365e-16 dual_residual=1.02885e-05 x_size=16 x_finite=1
[SQP LINESEARCH] iter=4 current_violation=0 accepted_violation=0 accepted=1 alpha=1 delta_u_norm=0.133507
[SQP SUPPORT] iter=4 support_size=0 support_limit=-1 support_ok=1
[SQP] before_solve iter=5 vars=16 constraints=91 max_d=-1.81209
[QP WORST] iter=5 row=2 type=collision d=-1.81209
[QP WORST COLLISION] scenario=20 k=1 obstacle=0 disc=0
[SQP] after_solve iter=5 converged=1 status=0 iterations=2 primal_residual=4.30211e-16 dual_residual=6.52092e-06 x_size=16 x_finite=1
[SQP LINESEARCH] iter=5 current_violation=0 accepted_violation=0 accepted=1 alpha=1 delta_u_norm=0.125402
[SQP SUPPORT] iter=5 support_size=0 support_limit=-1 support_ok=1
[SQP] before_solve iter=6 vars=16 constraints=91 max_d=-1.81206
[QP WORST] iter=6 row=2 type=collision d=-1.81206
[QP WORST COLLISION] scenario=20 k=1 obstacle=0 disc=0
[SQP] after_solve iter=6 converged=1 status=0 iterations=2 primal_residual=4.44089e-16 dual_residual=6.7524e-06 x_size=16 x_finite=1
[SQP LINESEARCH] iter=6 current_violation=0 accepted_violation=0 accepted=1 alpha=1 delta_u_norm=0.118188
[SQP SUPPORT] iter=6 support_size=0 support_limit=-1 support_ok=1
[SQP] before_solve iter=7 vars=16 constraints=91 max_d=-1.81205
[QP WORST] iter=7 row=2 type=collision d=-1.81205
[QP WORST COLLISION] scenario=20 k=1 obstacle=0 disc=0
[SQP] after_solve iter=7 converged=1 status=0 iterations=2 primal_residual=4.26905e-16 dual_residual=4.88088e-06 x_size=16 x_finite=1
[SQP LINESEARCH] iter=7 current_violation=0 accepted_violation=0 accepted=1 alpha=1 delta_u_norm=0.111624
[SQP SUPPORT] iter=7 support_size=0 support_limit=-1 support_ok=1
[SQP] before_solve iter=8 vars=16 constraints=91 max_d=-1.81204
[QP WORST] iter=8 row=2 type=collision d=-1.81204
[QP WORST COLLISION] scenario=20 k=1 obstacle=0 disc=0
[SQP] after_solve iter=8 converged=1 status=0 iterations=2 primal_residual=4.38641e-16 dual_residual=4.66182e-06 x_size=16 x_finite=1
[SQP LINESEARCH] iter=8 current_violation=0 accepted_violation=0 accepted=1 alpha=1 delta_u_norm=0.105623
[SQP SUPPORT] iter=8 support_size=0 support_limit=-1 support_ok=1
[SQP] before_solve iter=9 vars=16 constraints=91 max_d=-1.81205
[QP WORST] iter=9 row=2 type=collision d=-1.81205
[QP WORST COLLISION] scenario=20 k=1 obstacle=0 disc=0
[SQP] after_solve iter=9 converged=1 status=0 iterations=2 primal_residual=4.43683e-16 dual_residual=3.65022e-06 x_size=16 x_finite=1
[SQP LINESEARCH] iter=9 current_violation=0 accepted_violation=0 accepted=1 alpha=1 delta_u_norm=0.100075
[SQP SUPPORT] iter=9 support_size=0 support_limit=-1 support_ok=1
[SQP FINAL] final_violation=0 violated_constraints=0
[SUPPORT FINAL] sqp_union=0 final_active=0 support_limit=-1
[SUPPORT FINAL IDS]
[SUPPORT UNION IDS]
[COLD START RECOVERY CHECK] ordinary_sqp_failed=0 seed_available=1 incompatible=0 try_homotopy=0
[HARNESS RESULT] step=51 success=1 controls=8 first_input_present=1
[MPC STEP METRICS] step=51 applied=1 success=1 fallback=0 a=-0.00225651 omega=-0.075895 dt=0.1 acceleration_weight=0.1 steering_weight=0.1 control_cost_unweighted=0.00576514 control_cost_weighted=0.000576514 mpc_cost=-17.5641 solve_time=0.032574 qp_solve_time=0.0205447 constraint_time=0.00694017 dro_risk_time=0 ambiguity_radius=0 certificate=not_requested
[EVAL SAFETY] step=52 min_center_distance=2.76679 min_clearance=1.81679 collision_this_step=0 collision_run=0 collision_radius=0.95
[RF BACKUP] available=1 controls=8 states=9
[FREE POLY] k=1 disc=0 raw=40 facets=5 vertices=8 rho=4.8 anchor_shift=0
[FREE POLY] k=1 disc=1 raw=40 facets=0 vertices=4 rho=0.800001 anchor_shift=0
[FREE POLY] k=1 disc=2 raw=40 facets=0 vertices=4 rho=4.8 anchor_shift=0
[FREE POLY] k=2 disc=0 raw=40 facets=3 vertices=6 rho=5.6 anchor_shift=0
[FREE POLY] k=2 disc=1 raw=40 facets=0 vertices=4 rho=1.6 anchor_shift=0
[FREE POLY] k=2 disc=2 raw=40 facets=0 vertices=4 rho=5.6 anchor_shift=0
[FREE POLY] k=3 disc=0 raw=40 facets=3 vertices=6 rho=6.4 anchor_shift=0
[FREE POLY] k=3 disc=1 raw=40 facets=0 vertices=4 rho=2.4 anchor_shift=0
[FREE POLY] k=3 disc=2 raw=40 facets=2 vertices=6 rho=6.4 anchor_shift=0
[FREE POLY] k=4 disc=0 raw=40 facets=2 vertices=5 rho=7.2 anchor_shift=0
[FREE POLY] k=4 disc=1 raw=40 facets=0 vertices=4 rho=3.2 anchor_shift=0
[FREE POLY] k=4 disc=2 raw=40 facets=2 vertices=5 rho=7.2 anchor_shift=0
[FREE POLY] k=5 disc=0 raw=40 facets=2 vertices=5 rho=8 anchor_shift=0
[FREE POLY] k=5 disc=1 raw=40 facets=0 vertices=4 rho=4 anchor_shift=0
[FREE POLY] k=5 disc=2 raw=40 facets=2 vertices=5 rho=8 anchor_shift=0
[FREE POLY] k=6 disc=0 raw=40 facets=2 vertices=5 rho=8.8 anchor_shift=0
[FREE POLY] k=6 disc=1 raw=40 facets=1 vertices=5 rho=4.8 anchor_shift=0
[FREE POLY] k=6 disc=2 raw=40 facets=2 vertices=5 rho=8.8 anchor_shift=0
[FREE POLY] k=7 disc=0 raw=40 facets=2 vertices=5 rho=9.6 anchor_shift=0
[FREE POLY] k=7 disc=1 raw=40 facets=2 vertices=5 rho=5.6 anchor_shift=0
[FREE POLY] k=7 disc=2 raw=40 facets=2 vertices=5 rho=9.6 anchor_shift=0
[FREE POLY] k=8 disc=0 raw=40 facets=2 vertices=5 rho=10.4 anchor_shift=0
[FREE POLY] k=8 disc=1 raw=40 facets=2 vertices=5 rho=6.4 anchor_shift=0
[FREE POLY] k=8 disc=2 raw=40 facets=2 vertices=5 rho=10.4 anchor_shift=0
[RF SUPPORT SEED] removed=0 support_limit=-1
[SQP] before_solve iter=0 vars=16 constraints=70 max_d=-1.85588
[QP WORST] iter=0 row=61 type=velocity d=-1.85588
[SQP] after_solve iter=0 converged=1 status=0 iterations=2 primal_residual=4.33681e-16 dual_residual=2.67526e-05 x_size=16 x_finite=1
[SQP LINESEARCH] iter=0 current_violation=0 accepted_violation=0 accepted=1 alpha=1 delta_u_norm=0.22901
[SQP SUPPORT] iter=0 support_size=0 support_limit=-1 support_ok=1
[SQP] before_solve iter=1 vars=16 constraints=70 max_d=-1.83856
[QP WORST] iter=1 row=61 type=velocity d=-1.83856
[SQP] after_solve iter=1 converged=1 status=0 iterations=2 primal_residual=4.31458e-16 dual_residual=1.482e-05 x_size=16 x_finite=1
[SQP LINESEARCH] iter=1 current_violation=0 accepted_violation=0 accepted=1 alpha=1 delta_u_norm=0.170314
[SQP SUPPORT] iter=1 support_size=0 support_limit=-1 support_ok=1
[SQP] before_solve iter=2 vars=16 constraints=70 max_d=-1.83782
[QP WORST] iter=2 row=61 type=velocity d=-1.83782
[SQP] after_solve iter=2 converged=1 status=0 iterations=2 primal_residual=4.3715e-16 dual_residual=1.51437e-05 x_size=16 x_finite=1
[SQP LINESEARCH] iter=2 current_violation=0 accepted_violation=0 accepted=1 alpha=1 delta_u_norm=0.153718
[SQP SUPPORT] iter=2 support_size=0 support_limit=-1 support_ok=1
[SQP] before_solve iter=3 vars=16 constraints=70 max_d=-1.84075
[QP WORST] iter=3 row=61 type=velocity d=-1.84075
[SQP] after_solve iter=3 converged=1 status=0 iterations=2 primal_residual=4.42053e-16 dual_residual=7.69047e-06 x_size=16 x_finite=1
[SQP LINESEARCH] iter=3 current_violation=0 accepted_violation=0 accepted=1 alpha=1 delta_u_norm=0.142666
[SQP SUPPORT] iter=3 support_size=0 support_limit=-1 support_ok=1
[SQP] before_solve iter=4 vars=16 constraints=70 max_d=-1.84413
[QP WORST] iter=4 row=61 type=velocity d=-1.84413
[SQP] after_solve iter=4 converged=1 status=0 iterations=2 primal_residual=4.44089e-16 dual_residual=9.07069e-06 x_size=16 x_finite=1
[SQP LINESEARCH] iter=4 current_violation=0 accepted_violation=0 accepted=1 alpha=1 delta_u_norm=0.133466
[SQP SUPPORT] iter=4 support_size=0 support_limit=-1 support_ok=1
[SQP] before_solve iter=5 vars=16 constraints=70 max_d=-1.84724
[QP WORST] iter=5 row=61 type=velocity d=-1.84724
[SQP] after_solve iter=5 converged=1 status=0 iterations=2 primal_residual=4.25549e-16 dual_residual=5.82461e-06 x_size=16 x_finite=1
[SQP LINESEARCH] iter=5 current_violation=0 accepted_violation=0 accepted=1 alpha=1 delta_u_norm=0.125381
[SQP SUPPORT] iter=5 support_size=0 support_limit=-1 support_ok=1
[SQP] before_solve iter=6 vars=16 constraints=70 max_d=-1.84996
[QP WORST] iter=6 row=61 type=velocity d=-1.84996
[SQP] after_solve iter=6 converged=1 status=0 iterations=2 primal_residual=4.33979e-16 dual_residual=5.99701e-06 x_size=16 x_finite=1
[SQP LINESEARCH] iter=6 current_violation=0 accepted_violation=0 accepted=1 alpha=1 delta_u_norm=0.11817
[SQP SUPPORT] iter=6 support_size=0 support_limit=-1 support_ok=1
[SQP] before_solve iter=7 vars=16 constraints=70 max_d=-1.85233
[QP WORST] iter=7 row=61 type=velocity d=-1.85233
[SQP] after_solve iter=7 converged=1 status=0 iterations=2 primal_residual=4.35876e-16 dual_residual=4.37586e-06 x_size=16 x_finite=1
[SQP LINESEARCH] iter=7 current_violation=0 accepted_violation=0 accepted=1 alpha=1 delta_u_norm=0.111612
[SQP SUPPORT] iter=7 support_size=0 support_limit=-1 support_ok=1
[SQP] before_solve iter=8 vars=16 constraints=70 max_d=-1.85441
[QP WORST] iter=8 row=61 type=velocity d=-1.85441
[SQP] after_solve iter=8 converged=1 status=0 iterations=2 primal_residual=4.33572e-16 dual_residual=4.16998e-06 x_size=16 x_finite=1
[SQP LINESEARCH] iter=8 current_violation=0 accepted_violation=0 accepted=1 alpha=1 delta_u_norm=0.105612
[SQP SUPPORT] iter=8 support_size=0 support_limit=-1 support_ok=1
[SQP] before_solve iter=9 vars=16 constraints=70 max_d=-1.85556
[QP WORST] iter=9 row=63 type=velocity d=-1.85556
[SQP] after_solve iter=9 converged=1 status=0 iterations=2 primal_residual=4.41785e-16 dual_residual=3.28853e-06 x_size=16 x_finite=1
[SQP LINESEARCH] iter=9 current_violation=0 accepted_violation=0 accepted=1 alpha=1 delta_u_norm=0.100067
[SQP SUPPORT] iter=9 support_size=0 support_limit=-1 support_ok=1
[SQP FINAL] final_violation=0 violated_constraints=0
[SUPPORT FINAL] sqp_union=0 final_active=0 support_limit=-1
[SUPPORT FINAL IDS]
[SUPPORT UNION IDS]
[COLD START RECOVERY CHECK] ordinary_sqp_failed=0 seed_available=1 incompatible=0 try_homotopy=0
[HARNESS RESULT] step=52 success=1 controls=8 first_input_present=1
[MPC STEP METRICS] step=52 applied=1 success=1 fallback=0 a=-0.00164471 omega=-0.0646834 dt=0.1 acceleration_weight=0.1 steering_weight=0.1 control_cost_unweighted=0.00418665 control_cost_weighted=0.000418665 mpc_cost=-17.5708 solve_time=0.0298403 qp_solve_time=0.0188989 constraint_time=0.00610563 dro_risk_time=0 ambiguity_radius=0 certificate=not_requested
[EVAL SAFETY] step=53 min_center_distance=2.96663 min_clearance=2.01663 collision_this_step=0 collision_run=0 collision_radius=0.95
[RF BACKUP] available=1 controls=8 states=9
[FREE POLY] k=1 disc=0 raw=40 facets=4 vertices=7 rho=4.8 anchor_shift=0
[FREE POLY] k=1 disc=1 raw=40 facets=0 vertices=4 rho=0.800001 anchor_shift=0
[FREE POLY] k=1 disc=2 raw=40 facets=0 vertices=4 rho=4.8 anchor_shift=0
[FREE POLY] k=2 disc=0 raw=40 facets=4 vertices=7 rho=5.6 anchor_shift=0
[FREE POLY] k=2 disc=1 raw=40 facets=0 vertices=4 rho=1.6 anchor_shift=0
[FREE POLY] k=2 disc=2 raw=40 facets=0 vertices=4 rho=5.6 anchor_shift=0
[FREE POLY] k=3 disc=0 raw=40 facets=4 vertices=7 rho=6.4 anchor_shift=0
[FREE POLY] k=3 disc=1 raw=40 facets=0 vertices=4 rho=2.4 anchor_shift=0
[FREE POLY] k=3 disc=2 raw=40 facets=0 vertices=4 rho=6.4 anchor_shift=0
[FREE POLY] k=4 disc=0 raw=40 facets=4 vertices=7 rho=7.2 anchor_shift=0
[FREE POLY] k=4 disc=1 raw=40 facets=0 vertices=4 rho=3.2 anchor_shift=0
[FREE POLY] k=4 disc=2 raw=40 facets=3 vertices=6 rho=7.2 anchor_shift=0
[FREE POLY] k=5 disc=0 raw=40 facets=4 vertices=7 rho=8 anchor_shift=0
[FREE POLY] k=5 disc=1 raw=40 facets=0 vertices=4 rho=4 anchor_shift=0
[FREE POLY] k=5 disc=2 raw=40 facets=3 vertices=6 rho=8 anchor_shift=0
[FREE POLY] k=6 disc=0 raw=40 facets=4 vertices=7 rho=8.8 anchor_shift=0
[FREE POLY] k=6 disc=1 raw=40 facets=0 vertices=4 rho=4.8 anchor_shift=0
[FREE POLY] k=6 disc=2 raw=40 facets=3 vertices=6 rho=8.8 anchor_shift=0
[FREE POLY] k=7 disc=0 raw=40 facets=4 vertices=7 rho=9.6 anchor_shift=0
[FREE POLY] k=7 disc=1 raw=40 facets=3 vertices=6 rho=5.6 anchor_shift=0
[FREE POLY] k=7 disc=2 raw=40 facets=3 vertices=6 rho=9.6 anchor_shift=0
[FREE POLY] k=8 disc=0 raw=40 facets=4 vertices=7 rho=10.4 anchor_shift=0
[FREE POLY] k=8 disc=1 raw=40 facets=3 vertices=6 rho=6.4 anchor_shift=0
[FREE POLY] k=8 disc=2 raw=40 facets=3 vertices=6 rho=10.4 anchor_shift=0
[RF SUPPORT SEED] removed=0 support_limit=-1
[SQP] before_solve iter=0 vars=16 constraints=85 max_d=-1.8559
[QP WORST] iter=0 row=76 type=velocity d=-1.8559
[SQP] after_solve iter=0 converged=1 status=0 iterations=2 primal_residual=4.38451e-16 dual_residual=2.27973e-05 x_size=16 x_finite=1
[SQP LINESEARCH] iter=0 current_violation=0 accepted_violation=0 accepted=1 alpha=1 delta_u_norm=0.228745
[SQP SUPPORT] iter=0 support_size=0 support_limit=-1 support_ok=1
[SQP] before_solve iter=1 vars=16 constraints=85 max_d=-1.83859
[QP WORST] iter=1 row=76 type=velocity d=-1.83859
[SQP] after_solve iter=1 converged=1 status=0 iterations=2 primal_residual=3.8168e-16 dual_residual=1.24223e-05 x_size=16 x_finite=1
[SQP LINESEARCH] iter=1 current_violation=0 accepted_violation=0 accepted=1 alpha=1 delta_u_norm=0.170154
[SQP SUPPORT] iter=1 support_size=0 support_limit=-1 support_ok=1
[SQP] before_solve iter=2 vars=16 constraints=85 max_d=-1.83785
[QP WORST] iter=2 row=76 type=velocity d=-1.83785
[SQP] after_solve iter=2 converged=1 status=0 iterations=2 primal_residual=4.25007e-16 dual_residual=1.28929e-05 x_size=16 x_finite=1
[SQP LINESEARCH] iter=2 current_violation=0 accepted_violation=0 accepted=1 alpha=1 delta_u_norm=0.153629
[SQP SUPPORT] iter=2 support_size=0 support_limit=-1 support_ok=1
[SQP] before_solve iter=3 vars=16 constraints=85 max_d=-1.84078
[QP WORST] iter=3 row=76 type=velocity d=-1.84078
[SQP] after_solve iter=3 converged=1 status=0 iterations=2 primal_residual=4.33681e-16 dual_residual=6.88171e-06 x_size=16 x_finite=1
[SQP LINESEARCH] iter=3 current_violation=0 accepted_violation=0 accepted=1 alpha=1 delta_u_norm=0.142623
[SQP SUPPORT] iter=3 support_size=0 support_limit=-1 support_ok=1
[SQP] before_solve iter=4 vars=16 constraints=85 max_d=-1.84417
[QP WORST] iter=4 row=76 type=velocity d=-1.84417
[SQP] after_solve iter=4 converged=1 status=0 iterations=2 primal_residual=4.27826e-16 dual_residual=8.02578e-06 x_size=16 x_finite=1
[SQP LINESEARCH] iter=4 current_violation=0 accepted_violation=0 accepted=1 alpha=1 delta_u_norm=0.133437
[SQP SUPPORT] iter=4 support_size=0 support_limit=-1 support_ok=1
[SQP] before_solve iter=5 vars=16 constraints=85 max_d=-1.84727
[QP WORST] iter=5 row=76 type=velocity d=-1.84727
[SQP] after_solve iter=5 converged=1 status=0 iterations=2 primal_residual=4.20535e-16 dual_residual=5.22554e-06 x_size=16 x_finite=1
[SQP LINESEARCH] iter=5 current_violation=0 accepted_violation=0 accepted=1 alpha=1 delta_u_norm=0.125366
[SQP SUPPORT] iter=5 support_size=0 support_limit=-1 support_ok=1
[SQP] before_solve iter=6 vars=16 constraints=85 max_d=-1.84999
[QP WORST] iter=6 row=76 type=velocity d=-1.84999
[SQP] after_solve iter=6 converged=1 status=0 iterations=2 primal_residual=4.26742e-16 dual_residual=5.34818e-06 x_size=16 x_finite=1
[SQP LINESEARCH] iter=6 current_violation=0 accepted_violation=0 accepted=1 alpha=1 delta_u_norm=0.118157
[SQP SUPPORT] iter=6 support_size=0 support_limit=-1 support_ok=1
[SQP] before_solve iter=7 vars=16 constraints=85 max_d=-1.85236
[QP WORST] iter=7 row=76 type=velocity d=-1.85236
[SQP] after_solve iter=7 converged=1 status=0 iterations=2 primal_residual=4.32976e-16 dual_residual=3.94158e-06 x_size=16 x_finite=1
[SQP LINESEARCH] iter=7 current_violation=0 accepted_violation=0 accepted=1 alpha=1 delta_u_norm=0.111604
[SQP SUPPORT] iter=7 support_size=0 support_limit=-1 support_ok=1
[SQP] before_solve iter=8 vars=16 constraints=85 max_d=-1.85444
[QP WORST] iter=8 row=76 type=velocity d=-1.85444
[SQP] after_solve iter=8 converged=1 status=0 iterations=2 primal_residual=4.27447e-16 dual_residual=3.7473e-06 x_size=16 x_finite=1
[SQP LINESEARCH] iter=8 current_violation=0 accepted_violation=0 accepted=1 alpha=1 delta_u_norm=0.105604
[SQP SUPPORT] iter=8 support_size=0 support_limit=-1 support_ok=1
[SQP] before_solve iter=9 vars=16 constraints=85 max_d=-1.85558
[QP WORST] iter=9 row=78 type=velocity d=-1.85558
[SQP] after_solve iter=9 converged=1 status=0 iterations=2 primal_residual=4.29669e-16 dual_residual=2.97756e-06 x_size=16 x_finite=1
[SQP LINESEARCH] iter=9 current_violation=0 accepted_violation=0 accepted=1 alpha=1 delta_u_norm=0.100061
[SQP SUPPORT] iter=9 support_size=0 support_limit=-1 support_ok=1
[SQP FINAL] final_violation=0 violated_constraints=0
[SUPPORT FINAL] sqp_union=0 final_active=0 support_limit=-1
[SUPPORT FINAL IDS]
[SUPPORT UNION IDS]
[COLD START RECOVERY CHECK] ordinary_sqp_failed=0 seed_available=1 incompatible=0 try_homotopy=0
[HARNESS RESULT] step=53 success=1 controls=8 first_input_present=1
[MPC STEP METRICS] step=53 applied=1 success=1 fallback=0 a=-0.00119216 omega=-0.0551351 dt=0.1 acceleration_weight=0.1 steering_weight=0.1 control_cost_unweighted=0.0030413 control_cost_weighted=0.00030413 mpc_cost=-17.5757 solve_time=0.0315654 qp_solve_time=0.0194257 constraint_time=0.00739966 dro_risk_time=0 ambiguity_radius=0 certificate=not_requested
[EVAL SAFETY] step=54 min_center_distance=3.16703 min_clearance=2.21703 collision_this_step=0 collision_run=0 collision_radius=0.95
[RF BACKUP] available=1 controls=8 states=9
[FREE POLY] k=1 disc=0 raw=40 facets=4 vertices=7 rho=4.8 anchor_shift=0
[FREE POLY] k=1 disc=1 raw=40 facets=0 vertices=4 rho=0.800001 anchor_shift=0
[FREE POLY] k=1 disc=2 raw=40 facets=0 vertices=4 rho=4.8 anchor_shift=0
[FREE POLY] k=2 disc=0 raw=40 facets=3 vertices=6 rho=5.6 anchor_shift=0
[FREE POLY] k=2 disc=1 raw=40 facets=0 vertices=4 rho=1.6 anchor_shift=0
[FREE POLY] k=2 disc=2 raw=40 facets=0 vertices=4 rho=5.6 anchor_shift=0
[FREE POLY] k=3 disc=0 raw=40 facets=4 vertices=7 rho=6.4 anchor_shift=0
[FREE POLY] k=3 disc=1 raw=40 facets=0 vertices=4 rho=2.4 anchor_shift=0
[FREE POLY] k=3 disc=2 raw=40 facets=0 vertices=4 rho=6.4 anchor_shift=0
[FREE POLY] k=4 disc=0 raw=40 facets=5 vertices=8 rho=7.2 anchor_shift=0
[FREE POLY] k=4 disc=1 raw=40 facets=0 vertices=4 rho=3.2 anchor_shift=0
[FREE POLY] k=4 disc=2 raw=40 facets=4 vertices=7 rho=7.2 anchor_shift=0
[FREE POLY] k=5 disc=0 raw=40 facets=5 vertices=8 rho=8 anchor_shift=0
[FREE POLY] k=5 disc=1 raw=40 facets=0 vertices=4 rho=4 anchor_shift=0
[FREE POLY] k=5 disc=2 raw=40 facets=3 vertices=6 rho=8 anchor_shift=0
[FREE POLY] k=6 disc=0 raw=40 facets=4 vertices=7 rho=8.8 anchor_shift=0
[FREE POLY] k=6 disc=1 raw=40 facets=0 vertices=4 rho=4.8 anchor_shift=0
[FREE POLY] k=6 disc=2 raw=40 facets=2 vertices=5 rho=8.8 anchor_shift=0
[FREE POLY] k=7 disc=0 raw=40 facets=5 vertices=8 rho=9.6 anchor_shift=0
[FREE POLY] k=7 disc=1 raw=40 facets=2 vertices=6 rho=5.6 anchor_shift=0
[FREE POLY] k=7 disc=2 raw=40 facets=3 vertices=6 rho=9.6 anchor_shift=0
[FREE POLY] k=8 disc=0 raw=40 facets=7 vertices=10 rho=10.4 anchor_shift=0
[FREE POLY] k=8 disc=1 raw=40 facets=4 vertices=7 rho=6.4 anchor_shift=0
[FREE POLY] k=8 disc=2 raw=40 facets=4 vertices=7 rho=10.4 anchor_shift=0
[RF SUPPORT SEED] removed=0 support_limit=-1
[SQP] before_solve iter=0 vars=16 constraints=91 max_d=-1.85592
[QP WORST] iter=0 row=82 type=velocity d=-1.85592
[SQP] after_solve iter=0 converged=1 status=0 iterations=2 primal_residual=4.02456e-16 dual_residual=1.98459e-05 x_size=16 x_finite=1
[SQP LINESEARCH] iter=0 current_violation=0 accepted_violation=0 accepted=1 alpha=1 delta_u_norm=0.228554
[SQP SUPPORT] iter=0 support_size=0 support_limit=-1 support_ok=1
[SQP] before_solve iter=1 vars=16 constraints=91 max_d=-1.83861
[QP WORST] iter=1 row=82 type=velocity d=-1.83861
[SQP] after_solve iter=1 converged=1 status=0 iterations=2 primal_residual=4.30645e-16 dual_residual=1.04414e-05 x_size=16 x_finite=1
[SQP LINESEARCH] iter=1 current_violation=0 accepted_violation=0 accepted=1 alpha=1 delta_u_norm=0.170038
[SQP SUPPORT] iter=1 support_size=0 support_limit=-1 support_ok=1
[SQP] before_solve iter=2 vars=16 constraints=91 max_d=-1.83787
[QP WORST] iter=2 row=82 type=velocity d=-1.83787
[SQP] after_solve iter=2 converged=1 status=0 iterations=2 primal_residual=4.30211e-16 dual_residual=1.1312e-05 x_size=16 x_finite=1
[SQP LINESEARCH] iter=2 current_violation=0 accepted_violation=0 accepted=1 alpha=1 delta_u_norm=0.153564
[SQP SUPPORT] iter=2 support_size=0 support_limit=-1 support_ok=1
[SQP] before_solve iter=3 vars=16 constraints=91 max_d=-1.84081
[QP WORST] iter=3 row=82 type=velocity d=-1.84081
[SQP] after_solve iter=3 converged=1 status=0 iterations=2 primal_residual=4.16903e-16 dual_residual=6.18551e-06 x_size=16 x_finite=1
[SQP LINESEARCH] iter=3 current_violation=0 accepted_violation=0 accepted=1 alpha=1 delta_u_norm=0.142592
[SQP SUPPORT] iter=3 support_size=0 support_limit=-1 support_ok=1
[SQP] before_solve iter=4 vars=16 constraints=91 max_d=-1.84419
[QP WORST] iter=4 row=82 type=velocity d=-1.84419
[SQP] after_solve iter=4 converged=1 status=0 iterations=2 primal_residual=4.3715e-16 dual_residual=7.12942e-06 x_size=16 x_finite=1
[SQP LINESEARCH] iter=4 current_violation=0 accepted_violation=0 accepted=1 alpha=1 delta_u_norm=0.133415
[SQP SUPPORT] iter=4 support_size=0 support_limit=-1 support_ok=1
[SQP] before_solve iter=5 vars=16 constraints=91 max_d=-1.84729
[QP WORST] iter=5 row=82 type=velocity d=-1.84729
[SQP] after_solve iter=5 converged=1 status=0 iterations=2 primal_residual=4.24546e-16 dual_residual=4.71049e-06 x_size=16 x_finite=1
[SQP LINESEARCH] iter=5 current_violation=0 accepted_violation=0 accepted=1 alpha=1 delta_u_norm=0.125355
[SQP SUPPORT] iter=5 support_size=0 support_limit=-1 support_ok=1
[SQP] before_solve iter=6 vars=16 constraints=91 max_d=-1.85001
[QP WORST] iter=6 row=82 type=velocity d=-1.85001
[SQP] after_solve iter=6 converged=1 status=0 iterations=2 primal_residual=4.43113e-16 dual_residual=4.79107e-06 x_size=16 x_finite=1
[SQP LINESEARCH] iter=6 current_violation=0 accepted_violation=0 accepted=1 alpha=1 delta_u_norm=0.118148
[SQP SUPPORT] iter=6 support_size=0 support_limit=-1 support_ok=1
[SQP] before_solve iter=7 vars=16 constraints=91 max_d=-1.85238
[QP WORST] iter=7 row=82 type=velocity d=-1.85238
[SQP] after_solve iter=7 converged=1 status=0 iterations=2 primal_residual=3.94866e-16 dual_residual=3.56824e-06 x_size=16 x_finite=1
[SQP LINESEARCH] iter=7 current_violation=0 accepted_violation=0 accepted=1 alpha=1 delta_u_norm=0.111598
[SQP SUPPORT] iter=7 support_size=0 support_limit=-1 support_ok=1
[SQP] before_solve iter=8 vars=16 constraints=91 max_d=-1.85446
[QP WORST] iter=8 row=82 type=velocity d=-1.85446
[SQP] after_solve iter=8 converged=1 status=0 iterations=2 primal_residual=4.26579e-16 dual_residual=3.38411e-06 x_size=16 x_finite=1
[SQP LINESEARCH] iter=8 current_violation=0 accepted_violation=0 accepted=1 alpha=1 delta_u_norm=0.105599
[SQP SUPPORT] iter=8 support_size=0 support_limit=-1 support_ok=1
[SQP] before_solve iter=9 vars=16 constraints=91 max_d=-1.85559
[QP WORST] iter=9 row=84 type=velocity d=-1.85559
[SQP] after_solve iter=9 converged=1 status=0 iterations=2 primal_residual=4.43547e-16 dual_residual=2.71017e-06 x_size=16 x_finite=1
[SQP LINESEARCH] iter=9 current_violation=0 accepted_violation=0 accepted=1 alpha=1 delta_u_norm=0.100056
[SQP SUPPORT] iter=9 support_size=0 support_limit=-1 support_ok=1
[SQP FINAL] final_violation=0 violated_constraints=0
[SUPPORT FINAL] sqp_union=0 final_active=0 support_limit=-1
[SUPPORT FINAL IDS]
[SUPPORT UNION IDS]
[COLD START RECOVERY CHECK] ordinary_sqp_failed=0 seed_available=1 incompatible=0 try_homotopy=0
[HARNESS RESULT] step=54 success=1 controls=8 first_input_present=1
[MPC STEP METRICS] step=54 applied=1 success=1 fallback=0 a=-0.000865795 omega=-0.0469881 dt=0.1 acceleration_weight=0.1 steering_weight=0.1 control_cost_unweighted=0.00220864 control_cost_weighted=0.000220864 mpc_cost=-17.5792 solve_time=0.0310473 qp_solve_time=0.0196652 constraint_time=0.00660197 dro_risk_time=0 ambiguity_radius=0 certificate=not_requested
[EVAL SAFETY] step=55 min_center_distance=3.36789 min_clearance=2.41789 collision_this_step=0 collision_run=0 collision_radius=0.95
[RF BACKUP] available=1 controls=8 states=9
[FREE POLY] k=1 disc=0 raw=40 facets=4 vertices=7 rho=4.8 anchor_shift=0
[FREE POLY] k=1 disc=1 raw=40 facets=0 vertices=4 rho=0.800001 anchor_shift=0
[FREE POLY] k=1 disc=2 raw=40 facets=0 vertices=4 rho=4.8 anchor_shift=0
[FREE POLY] k=2 disc=0 raw=40 facets=4 vertices=7 rho=5.6 anchor_shift=0
[FREE POLY] k=2 disc=1 raw=40 facets=0 vertices=4 rho=1.6 anchor_shift=0
[FREE POLY] k=2 disc=2 raw=40 facets=0 vertices=4 rho=5.6 anchor_shift=0
[FREE POLY] k=3 disc=0 raw=40 facets=3 vertices=6 rho=6.4 anchor_shift=0
[FREE POLY] k=3 disc=1 raw=40 facets=0 vertices=4 rho=2.4 anchor_shift=0
[FREE POLY] k=3 disc=2 raw=40 facets=0 vertices=4 rho=6.4 anchor_shift=0
[FREE POLY] k=4 disc=0 raw=40 facets=2 vertices=5 rho=7.2 anchor_shift=0
[FREE POLY] k=4 disc=1 raw=40 facets=0 vertices=4 rho=3.2 anchor_shift=0
[FREE POLY] k=4 disc=2 raw=40 facets=1 vertices=5 rho=7.2 anchor_shift=0
[FREE POLY] k=5 disc=0 raw=40 facets=3 vertices=6 rho=8 anchor_shift=0
[FREE POLY] k=5 disc=1 raw=40 facets=0 vertices=4 rho=4 anchor_shift=0
[FREE POLY] k=5 disc=2 raw=40 facets=3 vertices=6 rho=8 anchor_shift=0
[FREE POLY] k=6 disc=0 raw=40 facets=3 vertices=6 rho=8.8 anchor_shift=0
[FREE POLY] k=6 disc=1 raw=40 facets=0 vertices=4 rho=4.8 anchor_shift=0
[FREE POLY] k=6 disc=2 raw=40 facets=3 vertices=6 rho=8.8 anchor_shift=0
[FREE POLY] k=7 disc=0 raw=40 facets=3 vertices=6 rho=9.6 anchor_shift=0
[FREE POLY] k=7 disc=1 raw=40 facets=1 vertices=5 rho=5.6 anchor_shift=0
[FREE POLY] k=7 disc=2 raw=40 facets=3 vertices=6 rho=9.6 anchor_shift=0
[FREE POLY] k=8 disc=0 raw=40 facets=3 vertices=6 rho=10.4 anchor_shift=0
[FREE POLY] k=8 disc=1 raw=40 facets=3 vertices=6 rho=6.4 anchor_shift=0
[FREE POLY] k=8 disc=2 raw=40 facets=3 vertices=6 rho=10.4 anchor_shift=0
[RF SUPPORT SEED] removed=0 support_limit=-1
[SQP] before_solve iter=0 vars=16 constraints=74 max_d=-1.85593
[QP WORST] iter=0 row=65 type=velocity d=-1.85593
[SQP] after_solve iter=0 converged=1 status=0 iterations=2 primal_residual=4.16334e-16 dual_residual=1.73427e-05 x_size=16 x_finite=1
[SQP LINESEARCH] iter=0 current_violation=0 accepted_violation=0 accepted=1 alpha=1 delta_u_norm=0.228418
[SQP SUPPORT] iter=0 support_size=0 support_limit=-1 support_ok=1
[SQP] before_solve iter=1 vars=16 constraints=74 max_d=-1.83862
[QP WORST] iter=1 row=65 type=velocity d=-1.83862
[SQP] after_solve iter=1 converged=1 status=0 iterations=2 primal_residual=3.97685e-16 dual_residual=9.19728e-06 x_size=16 x_finite=1
[SQP LINESEARCH] iter=1 current_violation=0 accepted_violation=0 accepted=1 alpha=1 delta_u_norm=0.169954
[SQP SUPPORT] iter=1 support_size=0 support_limit=-1 support_ok=1
[SQP] before_solve iter=2 vars=16 constraints=74 max_d=-1.83788
[QP WORST] iter=2 row=65 type=velocity d=-1.83788
[SQP] after_solve iter=2 converged=1 status=0 iterations=2 primal_residual=4.02456e-16 dual_residual=9.99309e-06 x_size=16 x_finite=1
[SQP LINESEARCH] iter=2 current_violation=0 accepted_violation=0 accepted=1 alpha=1 delta_u_norm=0.153518
[SQP SUPPORT] iter=2 support_size=0 support_limit=-1 support_ok=1
[SQP] before_solve iter=3 vars=16 constraints=74 max_d=-1.84082
[QP WORST] iter=3 row=65 type=velocity d=-1.84082
[SQP] after_solve iter=3 converged=1 status=0 iterations=2 primal_residual=4.35416e-16 dual_residual=5.58723e-06 x_size=16 x_finite=1
[SQP LINESEARCH] iter=3 current_violation=0 accepted_violation=0 accepted=1 alpha=1 delta_u_norm=0.14257
[SQP SUPPORT] iter=3 support_size=0 support_limit=-1 support_ok=1
[SQP] before_solve iter=4 vars=16 constraints=74 max_d=-1.8442
[QP WORST] iter=4 row=65 type=velocity d=-1.8442
[SQP] after_solve iter=4 converged=1 status=0 iterations=2 primal_residual=4.35734e-16 dual_residual=6.36109e-06 x_size=16 x_finite=1
[SQP LINESEARCH] iter=4 current_violation=0 accepted_violation=0 accepted=1 alpha=1 delta_u_norm=0.1334
[SQP SUPPORT] iter=4 support_size=0 support_limit=-1 support_ok=1
[SQP] before_solve iter=5 vars=16 constraints=74 max_d=-1.84731
[QP WORST] iter=5 row=65 type=velocity d=-1.84731
[SQP] after_solve iter=5 converged=1 status=0 iterations=2 primal_residual=4.21538e-16 dual_residual=4.26827e-06 x_size=16 x_finite=1
[SQP LINESEARCH] iter=5 current_violation=0 accepted_violation=0 accepted=1 alpha=1 delta_u_norm=0.125347
[SQP SUPPORT] iter=5 support_size=0 support_limit=-1 support_ok=1
[SQP] before_solve iter=6 vars=16 constraints=74 max_d=-1.85003
[QP WORST] iter=6 row=65 type=velocity d=-1.85003
[SQP] after_solve iter=6 converged=1 status=0 iterations=2 primal_residual=4.19803e-16 dual_residual=4.31304e-06 x_size=16 x_finite=1
[SQP LINESEARCH] iter=6 current_violation=0 accepted_violation=0 accepted=1 alpha=1 delta_u_norm=0.118141
[SQP SUPPORT] iter=6 support_size=0 support_limit=-1 support_ok=1
[SQP] before_solve iter=7 vars=16 constraints=74 max_d=-1.8524
[QP WORST] iter=7 row=65 type=velocity d=-1.8524
[SQP] after_solve iter=7 converged=1 status=0 iterations=2 primal_residual=4.24059e-16 dual_residual=3.24758e-06 x_size=16 x_finite=1
[SQP LINESEARCH] iter=7 current_violation=0 accepted_violation=0 accepted=1 alpha=1 delta_u_norm=0.111594
[SQP SUPPORT] iter=7 support_size=0 support_limit=-1 support_ok=1
[SQP] before_solve iter=8 vars=16 constraints=74 max_d=-1.85448
[QP WORST] iter=8 row=65 type=velocity d=-1.85448
[SQP] after_solve iter=8 converged=1 status=0 iterations=2 primal_residual=4.23273e-16 dual_residual=3.07221e-06 x_size=16 x_finite=1
[SQP LINESEARCH] iter=8 current_violation=0 accepted_violation=0 accepted=1 alpha=1 delta_u_norm=0.105594
[SQP SUPPORT] iter=8 support_size=0 support_limit=-1 support_ok=1
[SQP] before_solve iter=9 vars=16 constraints=74 max_d=-1.8556
[QP WORST] iter=9 row=67 type=velocity d=-1.8556
[SQP] after_solve iter=9 converged=1 status=0 iterations=2 primal_residual=4.08717e-16 dual_residual=2.4804e-06 x_size=16 x_finite=1
[SQP LINESEARCH] iter=9 current_violation=0 accepted_violation=0 accepted=1 alpha=1 delta_u_norm=0.100053
[SQP SUPPORT] iter=9 support_size=0 support_limit=-1 support_ok=1
[SQP FINAL] final_violation=0 violated_constraints=0
[SUPPORT FINAL] sqp_union=0 final_active=0 support_limit=-1
[SUPPORT FINAL IDS]
[SUPPORT UNION IDS]
[COLD START RECOVERY CHECK] ordinary_sqp_failed=0 seed_available=1 incompatible=0 try_homotopy=0
[HARNESS RESULT] step=55 success=1 controls=8 first_input_present=1
[MPC STEP METRICS] step=55 applied=1 success=1 fallback=0 a=-0.000628468 omega=-0.040039 dt=0.1 acceleration_weight=0.1 steering_weight=0.1 control_cost_unweighted=0.00160352 control_cost_weighted=0.000160352 mpc_cost=-17.5818 solve_time=0.0296654 qp_solve_time=0.0186044 constraint_time=0.00633249 dro_risk_time=0 ambiguity_radius=0 certificate=not_requested
[EVAL SAFETY] step=56 min_center_distance=3.5691 min_clearance=2.6191 collision_this_step=0 collision_run=0 collision_radius=0.95
[RF BACKUP] available=1 controls=8 states=9
[FREE POLY] k=1 disc=0 raw=40 facets=4 vertices=7 rho=4.8 anchor_shift=0
[FREE POLY] k=1 disc=1 raw=40 facets=0 vertices=4 rho=0.800001 anchor_shift=0
[FREE POLY] k=1 disc=2 raw=40 facets=0 vertices=4 rho=4.8 anchor_shift=0
[FREE POLY] k=2 disc=0 raw=40 facets=5 vertices=8 rho=5.6 anchor_shift=0
[FREE POLY] k=2 disc=1 raw=40 facets=0 vertices=4 rho=1.6 anchor_shift=0
[FREE POLY] k=2 disc=2 raw=40 facets=0 vertices=4 rho=5.6 anchor_shift=0
[FREE POLY] k=3 disc=0 raw=40 facets=3 vertices=6 rho=6.4 anchor_shift=0
[FREE POLY] k=3 disc=1 raw=40 facets=0 vertices=4 rho=2.4 anchor_shift=0
[FREE POLY] k=3 disc=2 raw=40 facets=0 vertices=4 rho=6.4 anchor_shift=0
[FREE POLY] k=4 disc=0 raw=40 facets=4 vertices=7 rho=7.2 anchor_shift=0
[FREE POLY] k=4 disc=1 raw=40 facets=0 vertices=4 rho=3.2 anchor_shift=0
[FREE POLY] k=4 disc=2 raw=40 facets=0 vertices=4 rho=7.2 anchor_shift=0
[FREE POLY] k=5 disc=0 raw=40 facets=4 vertices=7 rho=8 anchor_shift=0
[FREE POLY] k=5 disc=1 raw=40 facets=0 vertices=4 rho=4 anchor_shift=0
[FREE POLY] k=5 disc=2 raw=40 facets=3 vertices=6 rho=8 anchor_shift=0
[FREE POLY] k=6 disc=0 raw=40 facets=4 vertices=7 rho=8.8 anchor_shift=0
[FREE POLY] k=6 disc=1 raw=40 facets=0 vertices=4 rho=4.8 anchor_shift=0
[FREE POLY] k=6 disc=2 raw=40 facets=3 vertices=6 rho=8.8 anchor_shift=0
[FREE POLY] k=7 disc=0 raw=40 facets=4 vertices=7 rho=9.6 anchor_shift=0
[FREE POLY] k=7 disc=1 raw=40 facets=0 vertices=4 rho=5.6 anchor_shift=0
[FREE POLY] k=7 disc=2 raw=40 facets=3 vertices=6 rho=9.6 anchor_shift=0
[FREE POLY] k=8 disc=0 raw=40 facets=4 vertices=7 rho=10.4 anchor_shift=0
[FREE POLY] k=8 disc=1 raw=40 facets=3 vertices=6 rho=6.4 anchor_shift=0
[FREE POLY] k=8 disc=2 raw=40 facets=4 vertices=7 rho=10.4 anchor_shift=0
[RF SUPPORT SEED] removed=0 support_limit=-1
[SQP] before_solve iter=0 vars=16 constraints=80 max_d=-1.85594
[QP WORST] iter=0 row=71 type=velocity d=-1.85594
[SQP] after_solve iter=0 converged=1 status=0 iterations=2 primal_residual=6.80012e-16 dual_residual=1.52393e-05 x_size=16 x_finite=1
[SQP LINESEARCH] iter=0 current_violation=0 accepted_violation=0 accepted=1 alpha=1 delta_u_norm=0.228319
[SQP SUPPORT] iter=0 support_size=0 support_limit=-1 support_ok=1
[SQP] before_solve iter=1 vars=16 constraints=80 max_d=-1.83863
[QP WORST] iter=1 row=71 type=velocity d=-1.83863
[SQP] after_solve iter=1 converged=1 status=0 iterations=2 primal_residual=8.45678e-16 dual_residual=8.24087e-06 x_size=16 x_finite=1
[SQP LINESEARCH] iter=1 current_violation=0 accepted_violation=0 accepted=1 alpha=1 delta_u_norm=0.169894
[SQP SUPPORT] iter=1 support_size=0 support_limit=-1 support_ok=1
[SQP] before_solve iter=2 vars=16 constraints=80 max_d=-1.83789
[QP WORST] iter=2 row=71 type=velocity d=-1.83789
[SQP] after_solve iter=2 converged=1 status=0 iterations=2 primal_residual=4.64472e-16 dual_residual=8.86677e-06 x_size=16 x_finite=1
[SQP LINESEARCH] iter=2 current_violation=0 accepted_violation=0 accepted=1 alpha=1 delta_u_norm=0.153484
[SQP SUPPORT] iter=2 support_size=0 support_limit=-1 support_ok=1
[SQP] before_solve iter=3 vars=16 constraints=80 max_d=-1.84083
[QP WORST] iter=3 row=71 type=velocity d=-1.84083
[SQP] after_solve iter=3 converged=1 status=0 iterations=2 primal_residual=8.59515e-16 dual_residual=5.07478e-06 x_size=16 x_finite=1
[SQP LINESEARCH] iter=3 current_violation=0 accepted_violation=0 accepted=1 alpha=1 delta_u_norm=0.142553
[SQP SUPPORT] iter=3 support_size=0 support_limit=-1 support_ok=1
[SQP] before_solve iter=4 vars=16 constraints=80 max_d=-1.84422
[QP WORST] iter=4 row=71 type=velocity d=-1.84422
[SQP] after_solve iter=4 converged=1 status=0 iterations=2 primal_residual=6.63017e-16 dual_residual=5.70348e-06 x_size=16 x_finite=1
[SQP LINESEARCH] iter=4 current_violation=0 accepted_violation=0 accepted=1 alpha=1 delta_u_norm=0.133389
[SQP SUPPORT] iter=4 support_size=0 support_limit=-1 support_ok=1
[SQP] before_solve iter=5 vars=16 constraints=80 max_d=-1.84732
[QP WORST] iter=5 row=71 type=velocity d=-1.84732
[SQP] after_solve iter=5 converged=1 status=0 iterations=2 primal_residual=7.78511e-16 dual_residual=3.88941e-06 x_size=16 x_finite=1
[SQP LINESEARCH] iter=5 current_violation=0 accepted_violation=0 accepted=1 alpha=1 delta_u_norm=0.125341
[SQP SUPPORT] iter=5 support_size=0 support_limit=-1 support_ok=1
[SQP] before_solve iter=6 vars=16 constraints=80 max_d=-1.85004
[QP WORST] iter=6 row=71 type=velocity d=-1.85004
[SQP] after_solve iter=6 converged=1 status=0 iterations=2 primal_residual=6.33743e-16 dual_residual=3.90363e-06 x_size=16 x_finite=1
[SQP LINESEARCH] iter=6 current_violation=0 accepted_violation=0 accepted=1 alpha=1 delta_u_norm=0.118136
[SQP SUPPORT] iter=6 support_size=0 support_limit=-1 support_ok=1
[SQP] before_solve iter=7 vars=16 constraints=80 max_d=-1.85241
[QP WORST] iter=7 row=71 type=velocity d=-1.85241
[SQP] after_solve iter=7 converged=1 status=0 iterations=2 primal_residual=8.73596e-16 dual_residual=2.97285e-06 x_size=16 x_finite=1
[SQP LINESEARCH] iter=7 current_violation=0 accepted_violation=0 accepted=1 alpha=1 delta_u_norm=0.111591
[SQP SUPPORT] iter=7 support_size=0 support_limit=-1 support_ok=1
[SQP] before_solve iter=8 vars=16 constraints=80 max_d=-1.85449
[QP WORST] iter=8 row=71 type=velocity d=-1.85449
[SQP] after_solve iter=8 converged=1 status=0 iterations=2 primal_residual=5.15104e-16 dual_residual=2.80497e-06 x_size=16 x_finite=1
[SQP LINESEARCH] iter=8 current_violation=0 accepted_violation=0 accepted=1 alpha=1 delta_u_norm=0.105591
[SQP SUPPORT] iter=8 support_size=0 support_limit=-1 support_ok=1
[SQP] before_solve iter=9 vars=16 constraints=80 max_d=-1.85561
[QP WORST] iter=9 row=73 type=velocity d=-1.85561
[SQP] after_solve iter=9 converged=1 status=0 iterations=2 primal_residual=6.93212e-16 dual_residual=2.28352e-06 x_size=16 x_finite=1
[SQP LINESEARCH] iter=9 current_violation=0 accepted_violation=0 accepted=1 alpha=1 delta_u_norm=0.100051
[SQP SUPPORT] iter=9 support_size=0 support_limit=-1 support_ok=1
[SQP FINAL] final_violation=0 violated_constraints=0
[SUPPORT FINAL] sqp_union=0 final_active=0 support_limit=-1
[SUPPORT FINAL IDS]
[SUPPORT UNION IDS]
[COLD START RECOVERY CHECK] ordinary_sqp_failed=0 seed_available=1 incompatible=0 try_homotopy=0
[HARNESS RESULT] step=56 success=1 controls=8 first_input_present=1
[MPC STEP METRICS] step=56 applied=1 success=1 fallback=0 a=-0.000456188 omega=-0.0341147 dt=0.1 acceleration_weight=0.1 steering_weight=0.1 control_cost_unweighted=0.00116402 control_cost_weighted=0.000116402 mpc_cost=-17.5836 solve_time=0.0298934 qp_solve_time=0.0187167 constraint_time=0.00646374 dro_risk_time=0 ambiguity_radius=0 certificate=not_requested
[EVAL SAFETY] step=57 min_center_distance=3.7704 min_clearance=2.8204 collision_this_step=0 collision_run=0 collision_radius=0.95
[RF BACKUP] available=1 controls=8 states=9
[FREE POLY] k=1 disc=0 raw=40 facets=3 vertices=6 rho=4.8 anchor_shift=0
[FREE POLY] k=1 disc=1 raw=40 facets=0 vertices=4 rho=0.800001 anchor_shift=0
[FREE POLY] k=1 disc=2 raw=40 facets=0 vertices=4 rho=4.8 anchor_shift=0
[FREE POLY] k=2 disc=0 raw=40 facets=3 vertices=6 rho=5.6 anchor_shift=0
[FREE POLY] k=2 disc=1 raw=40 facets=0 vertices=4 rho=1.6 anchor_shift=0
[FREE POLY] k=2 disc=2 raw=40 facets=0 vertices=4 rho=5.6 anchor_shift=0
[FREE POLY] k=3 disc=0 raw=40 facets=4 vertices=7 rho=6.4 anchor_shift=0
[FREE POLY] k=3 disc=1 raw=40 facets=0 vertices=4 rho=2.4 anchor_shift=0
[FREE POLY] k=3 disc=2 raw=40 facets=0 vertices=4 rho=6.4 anchor_shift=0
[FREE POLY] k=4 disc=0 raw=40 facets=4 vertices=7 rho=7.2 anchor_shift=0
[FREE POLY] k=4 disc=1 raw=40 facets=0 vertices=4 rho=3.2 anchor_shift=0
[FREE POLY] k=4 disc=2 raw=40 facets=0 vertices=4 rho=7.2 anchor_shift=0
[FREE POLY] k=5 disc=0 raw=40 facets=3 vertices=6 rho=8 anchor_shift=0
[FREE POLY] k=5 disc=1 raw=40 facets=0 vertices=4 rho=4 anchor_shift=0
[FREE POLY] k=5 disc=2 raw=40 facets=3 vertices=6 rho=8 anchor_shift=0
[FREE POLY] k=6 disc=0 raw=40 facets=3 vertices=6 rho=8.8 anchor_shift=0
[FREE POLY] k=6 disc=1 raw=40 facets=0 vertices=4 rho=4.8 anchor_shift=0
[FREE POLY] k=6 disc=2 raw=40 facets=3 vertices=6 rho=8.8 anchor_shift=0
[FREE POLY] k=7 disc=0 raw=40 facets=4 vertices=7 rho=9.6 anchor_shift=0
[FREE POLY] k=7 disc=1 raw=40 facets=0 vertices=4 rho=5.6 anchor_shift=0
[FREE POLY] k=7 disc=2 raw=40 facets=3 vertices=6 rho=9.6 anchor_shift=0
[FREE POLY] k=8 disc=0 raw=40 facets=4 vertices=7 rho=10.4 anchor_shift=0
[FREE POLY] k=8 disc=1 raw=40 facets=3 vertices=6 rho=6.4 anchor_shift=0
[FREE POLY] k=8 disc=2 raw=40 facets=3 vertices=6 rho=10.4 anchor_shift=0
[RF SUPPORT SEED] removed=0 support_limit=-1
[SQP] before_solve iter=0 vars=16 constraints=75 max_d=-1.85595
[QP WORST] iter=0 row=66 type=velocity d=-1.85595
[SQP] after_solve iter=0 converged=1 status=0 iterations=2 primal_residual=7.77156e-16 dual_residual=1.34332e-05 x_size=16 x_finite=1
[SQP LINESEARCH] iter=0 current_violation=0 accepted_violation=0 accepted=1 alpha=1 delta_u_norm=0.228249
[SQP SUPPORT] iter=0 support_size=0 support_limit=-1 support_ok=1
[SQP] before_solve iter=1 vars=16 constraints=75 max_d=-1.83863
[QP WORST] iter=1 row=66 type=velocity d=-1.83863
[SQP] after_solve iter=1 converged=1 status=0 iterations=2 primal_residual=8.57821e-16 dual_residual=7.41151e-06 x_size=16 x_finite=1
[SQP LINESEARCH] iter=1 current_violation=0 accepted_violation=0 accepted=1 alpha=1 delta_u_norm=0.16985
[SQP SUPPORT] iter=1 support_size=0 support_limit=-1 support_ok=1
[SQP] before_solve iter=2 vars=16 constraints=75 max_d=-1.8379
[QP WORST] iter=2 row=66 type=velocity d=-1.8379
[SQP] after_solve iter=2 converged=1 status=0 iterations=2 primal_residual=8.59772e-16 dual_residual=7.90278e-06 x_size=16 x_finite=1
[SQP LINESEARCH] iter=2 current_violation=0 accepted_violation=0 accepted=1 alpha=1 delta_u_norm=0.153461
[SQP SUPPORT] iter=2 support_size=0 support_limit=-1 support_ok=1
[SQP] before_solve iter=3 vars=16 constraints=75 max_d=-1.84084
[QP WORST] iter=3 row=66 type=velocity d=-1.84084
[SQP] after_solve iter=3 converged=1 status=0 iterations=2 primal_residual=7.7946e-16 dual_residual=4.6354e-06 x_size=16 x_finite=1
[SQP LINESEARCH] iter=3 current_violation=0 accepted_violation=0 accepted=1 alpha=1 delta_u_norm=0.142542
[SQP SUPPORT] iter=3 support_size=0 support_limit=-1 support_ok=1
[SQP] before_solve iter=4 vars=16 constraints=75 max_d=-1.84422
[QP WORST] iter=4 row=66 type=velocity d=-1.84422
[SQP] after_solve iter=4 converged=1 status=0 iterations=2 primal_residual=6.45453e-16 dual_residual=5.14047e-06 x_size=16 x_finite=1
[SQP LINESEARCH] iter=4 current_violation=0 accepted_violation=0 accepted=1 alpha=1 delta_u_norm=0.133381
[SQP SUPPORT] iter=4 support_size=0 support_limit=-1 support_ok=1
[SQP] before_solve iter=5 vars=16 constraints=75 max_d=-1.84733
[QP WORST] iter=5 row=66 type=velocity d=-1.84733
[SQP] after_solve iter=5 converged=1 status=0 iterations=2 primal_residual=8.16621e-16 dual_residual=3.56471e-06 x_size=16 x_finite=1
[SQP LINESEARCH] iter=5 current_violation=0 accepted_violation=0 accepted=1 alpha=1 delta_u_norm=0.125337
[SQP SUPPORT] iter=5 support_size=0 support_limit=-1 support_ok=1
[SQP] before_solve iter=6 vars=16 constraints=75 max_d=-1.85005
[QP WORST] iter=6 row=66 type=velocity d=-1.85005
[SQP] after_solve iter=6 converged=1 status=0 iterations=2 primal_residual=7.27378e-16 dual_residual=3.55288e-06 x_size=16 x_finite=1
[SQP LINESEARCH] iter=6 current_violation=0 accepted_violation=0 accepted=1 alpha=1 delta_u_norm=0.118132
[SQP SUPPORT] iter=6 support_size=0 support_limit=-1 support_ok=1
[SQP] before_solve iter=7 vars=16 constraints=75 max_d=-1.85242
[QP WORST] iter=7 row=66 type=velocity d=-1.85242
[SQP] after_solve iter=7 converged=1 status=0 iterations=2 primal_residual=7.51948e-16 dual_residual=2.73734e-06 x_size=16 x_finite=1
[SQP LINESEARCH] iter=7 current_violation=0 accepted_violation=0 accepted=1 alpha=1 delta_u_norm=0.111589
[SQP SUPPORT] iter=7 support_size=0 support_limit=-1 support_ok=1
[SQP] before_solve iter=8 vars=16 constraints=75 max_d=-1.8545
[QP WORST] iter=8 row=66 type=velocity d=-1.8545
[SQP] after_solve iter=8 converged=1 status=0 iterations=2 primal_residual=8.73542e-16 dual_residual=2.57591e-06 x_size=16 x_finite=1
[SQP LINESEARCH] iter=8 current_violation=0 accepted_violation=0 accepted=1 alpha=1 delta_u_norm=0.105589
[SQP SUPPORT] iter=8 support_size=0 support_limit=-1 support_ok=1
[SQP] before_solve iter=9 vars=16 constraints=75 max_d=-1.85561
[QP WORST] iter=9 row=68 type=velocity d=-1.85561
[SQP] after_solve iter=9 converged=1 status=0 iterations=2 primal_residual=8.58959e-16 dual_residual=2.11469e-06 x_size=16 x_finite=1
[SQP LINESEARCH] iter=9 current_violation=0 accepted_violation=0 accepted=1 alpha=1 delta_u_norm=0.100049
[SQP SUPPORT] iter=9 support_size=0 support_limit=-1 support_ok=1
[SQP FINAL] final_violation=0 violated_constraints=0
[SUPPORT FINAL] sqp_union=0 final_active=0 support_limit=-1
[SUPPORT FINAL IDS]
[SUPPORT UNION IDS]
[COLD START RECOVERY CHECK] ordinary_sqp_failed=0 seed_available=1 incompatible=0 try_homotopy=0
[HARNESS RESULT] step=57 success=1 controls=8 first_input_present=1
[MPC STEP METRICS] step=57 applied=1 success=1 fallback=0 a=-0.00033115 omega=-0.0290657 dt=0.1 acceleration_weight=0.1 steering_weight=0.1 control_cost_unweighted=0.000844923 control_cost_weighted=8.44923e-05 mpc_cost=-17.585 solve_time=0.0365655 qp_solve_time=0.0251872 constraint_time=0.00651253 dro_risk_time=0 ambiguity_radius=0 certificate=not_requested
[EVAL SAFETY] step=58 min_center_distance=3.97174 min_clearance=3.02174 collision_this_step=0 collision_run=0 collision_radius=0.95
[RF BACKUP] available=1 controls=8 states=9
[FREE POLY] k=1 disc=0 raw=40 facets=3 vertices=6 rho=4.8 anchor_shift=0
[FREE POLY] k=1 disc=1 raw=40 facets=0 vertices=4 rho=0.800001 anchor_shift=0
[FREE POLY] k=1 disc=2 raw=40 facets=0 vertices=4 rho=4.8 anchor_shift=0
[FREE POLY] k=2 disc=0 raw=40 facets=4 vertices=7 rho=5.6 anchor_shift=0
[FREE POLY] k=2 disc=1 raw=40 facets=0 vertices=4 rho=1.6 anchor_shift=0
[FREE POLY] k=2 disc=2 raw=40 facets=0 vertices=4 rho=5.6 anchor_shift=0
[FREE POLY] k=3 disc=0 raw=40 facets=4 vertices=7 rho=6.4 anchor_shift=0
[FREE POLY] k=3 disc=1 raw=40 facets=0 vertices=4 rho=2.4 anchor_shift=0
[FREE POLY] k=3 disc=2 raw=40 facets=0 vertices=4 rho=6.4 anchor_shift=0
[FREE POLY] k=4 disc=0 raw=40 facets=5 vertices=8 rho=7.2 anchor_shift=0
[FREE POLY] k=4 disc=1 raw=40 facets=0 vertices=4 rho=3.2 anchor_shift=0
[FREE POLY] k=4 disc=2 raw=40 facets=0 vertices=4 rho=7.2 anchor_shift=0
[FREE POLY] k=5 disc=0 raw=40 facets=6 vertices=9 rho=8 anchor_shift=0
[FREE POLY] k=5 disc=1 raw=40 facets=0 vertices=4 rho=4 anchor_shift=0
[FREE POLY] k=5 disc=2 raw=40 facets=3 vertices=7 rho=8 anchor_shift=0
[FREE POLY] k=6 disc=0 raw=40 facets=6 vertices=9 rho=8.8 anchor_shift=0
[FREE POLY] k=6 disc=1 raw=40 facets=0 vertices=4 rho=4.8 anchor_shift=0
[FREE POLY] k=6 disc=2 raw=40 facets=4 vertices=7 rho=8.8 anchor_shift=0
[FREE POLY] k=7 disc=0 raw=40 facets=4 vertices=7 rho=9.6 anchor_shift=0
[FREE POLY] k=7 disc=1 raw=40 facets=0 vertices=4 rho=5.6 anchor_shift=0
[FREE POLY] k=7 disc=2 raw=40 facets=3 vertices=6 rho=9.6 anchor_shift=0
[FREE POLY] k=8 disc=0 raw=40 facets=3 vertices=6 rho=10.4 anchor_shift=0
[FREE POLY] k=8 disc=1 raw=40 facets=1 vertices=5 rho=6.4 anchor_shift=0
[FREE POLY] k=8 disc=2 raw=40 facets=2 vertices=5 rho=10.4 anchor_shift=0
[RF SUPPORT SEED] removed=0 support_limit=-1
[SQP] before_solve iter=0 vars=16 constraints=80 max_d=-1.85595
[QP WORST] iter=0 row=71 type=velocity d=-1.85595
[SQP] after_solve iter=0 converged=1 status=0 iterations=2 primal_residual=6.69603e-16 dual_residual=1.18796e-05 x_size=16 x_finite=1
[SQP LINESEARCH] iter=0 current_violation=0 accepted_violation=0 accepted=1 alpha=1 delta_u_norm=0.228198
[SQP SUPPORT] iter=0 support_size=0 support_limit=-1 support_ok=1
[SQP] before_solve iter=1 vars=16 constraints=80 max_d=-1.83864
[QP WORST] iter=1 row=71 type=velocity d=-1.83864
[SQP] after_solve iter=1 converged=1 status=0 iterations=2 primal_residual=8.55002e-16 dual_residual=6.70029e-06 x_size=16 x_finite=1
[SQP LINESEARCH] iter=1 current_violation=0 accepted_violation=0 accepted=1 alpha=1 delta_u_norm=0.169819
[SQP SUPPORT] iter=1 support_size=0 support_limit=-1 support_ok=1
[SQP] before_solve iter=2 vars=16 constraints=80 max_d=-1.83791
[QP WORST] iter=2 row=71 type=velocity d=-1.83791
[SQP] after_solve iter=2 converged=1 status=0 iterations=2 primal_residual=8.45678e-16 dual_residual=7.07951e-06 x_size=16 x_finite=1
[SQP LINESEARCH] iter=2 current_violation=0 accepted_violation=0 accepted=1 alpha=1 delta_u_norm=0.153444
[SQP SUPPORT] iter=2 support_size=0 support_limit=-1 support_ok=1
[SQP] before_solve iter=3 vars=16 constraints=80 max_d=-1.84085
[QP WORST] iter=3 row=71 type=velocity d=-1.84085
[SQP] after_solve iter=3 converged=1 status=0 iterations=2 primal_residual=8.47819e-16 dual_residual=4.25971e-06 x_size=16 x_finite=1
[SQP LINESEARCH] iter=3 current_violation=0 accepted_violation=0 accepted=1 alpha=1 delta_u_norm=0.142533
[SQP SUPPORT] iter=3 support_size=0 support_limit=-1 support_ok=1
[SQP] before_solve iter=4 vars=16 constraints=80 max_d=-1.84423
[QP WORST] iter=4 row=71 type=velocity d=-1.84423
[SQP] after_solve iter=4 converged=1 status=0 iterations=2 primal_residual=7.68916e-16 dual_residual=4.65924e-06 x_size=16 x_finite=1
[SQP LINESEARCH] iter=4 current_violation=0 accepted_violation=0 accepted=1 alpha=1 delta_u_norm=0.133376
[SQP SUPPORT] iter=4 support_size=0 support_limit=-1 support_ok=1
[SQP] before_solve iter=5 vars=16 constraints=80 max_d=-1.84734
[QP WORST] iter=5 row=71 type=velocity d=-1.84734
[SQP] after_solve iter=5 converged=1 status=0 iterations=2 primal_residual=8.36489e-16 dual_residual=3.287e-06 x_size=16 x_finite=1
[SQP LINESEARCH] iter=5 current_violation=0 accepted_violation=0 accepted=1 alpha=1 delta_u_norm=0.125334
[SQP SUPPORT] iter=5 support_size=0 support_limit=-1 support_ok=1
[SQP] before_solve iter=6 vars=16 constraints=80 max_d=-1.85005
[QP WORST] iter=6 row=71 type=velocity d=-1.85005
[SQP] after_solve iter=6 converged=1 status=0 iterations=2 primal_residual=8.36137e-16 dual_residual=3.25286e-06 x_size=16 x_finite=1
[SQP LINESEARCH] iter=6 current_violation=0 accepted_violation=0 accepted=1 alpha=1 delta_u_norm=0.11813
[SQP SUPPORT] iter=6 support_size=0 support_limit=-1 support_ok=1
[SQP] before_solve iter=7 vars=16 constraints=80 max_d=-1.85243
[QP WORST] iter=7 row=71 type=velocity d=-1.85243
[SQP] after_solve iter=7 converged=1 status=0 iterations=2 primal_residual=8.82242e-16 dual_residual=2.53582e-06 x_size=16 x_finite=1
[SQP LINESEARCH] iter=7 current_violation=0 accepted_violation=0 accepted=1 alpha=1 delta_u_norm=0.111587
[SQP SUPPORT] iter=7 support_size=0 support_limit=-1 support_ok=1
[SQP] before_solve iter=8 vars=16 constraints=80 max_d=-1.85451
[QP WORST] iter=8 row=71 type=velocity d=-1.85451
[SQP] after_solve iter=8 converged=1 status=0 iterations=2 primal_residual=7.93202e-16 dual_residual=2.37987e-06 x_size=16 x_finite=1
[SQP LINESEARCH] iter=8 current_violation=0 accepted_violation=0 accepted=1 alpha=1 delta_u_norm=0.105588
[SQP SUPPORT] iter=8 support_size=0 support_limit=-1 support_ok=1
[SQP] before_solve iter=9 vars=16 constraints=80 max_d=-1.85561
[QP WORST] iter=9 row=73 type=velocity d=-1.85561
[SQP] after_solve iter=9 converged=1 status=0 iterations=2 primal_residual=8.17976e-16 dual_residual=1.97017e-06 x_size=16 x_finite=1
[SQP LINESEARCH] iter=9 current_violation=0 accepted_violation=0 accepted=1 alpha=1 delta_u_norm=0.100048
[SQP SUPPORT] iter=9 support_size=0 support_limit=-1 support_ok=1
[SQP FINAL] final_violation=0 violated_constraints=0
[SUPPORT FINAL] sqp_union=0 final_active=0 support_limit=-1
[SUPPORT FINAL IDS]
[SUPPORT UNION IDS]
[COLD START RECOVERY CHECK] ordinary_sqp_failed=0 seed_available=1 incompatible=0 try_homotopy=0
[HARNESS RESULT] step=58 success=1 controls=8 first_input_present=1
[MPC STEP METRICS] step=58 applied=1 success=1 fallback=0 a=-0.000240353 omega=-0.0247629 dt=0.1 acceleration_weight=0.1 steering_weight=0.1 control_cost_unweighted=0.000613257 control_cost_weighted=6.13257e-05 mpc_cost=-17.586 solve_time=0.0334658 qp_solve_time=0.0188701 constraint_time=0.00782026 dro_risk_time=0 ambiguity_radius=0 certificate=not_requested
[EVAL SAFETY] step=59 min_center_distance=4.1729 min_clearance=3.2229 collision_this_step=0 collision_run=0 collision_radius=0.95
[RF BACKUP] available=1 controls=8 states=9
[FREE POLY] k=1 disc=0 raw=40 facets=3 vertices=6 rho=4.8 anchor_shift=0
[FREE POLY] k=1 disc=1 raw=40 facets=0 vertices=4 rho=0.800001 anchor_shift=0
[FREE POLY] k=1 disc=2 raw=40 facets=0 vertices=4 rho=4.8 anchor_shift=0
[FREE POLY] k=2 disc=0 raw=40 facets=3 vertices=6 rho=5.6 anchor_shift=0
[FREE POLY] k=2 disc=1 raw=40 facets=0 vertices=4 rho=1.6 anchor_shift=0
[FREE POLY] k=2 disc=2 raw=40 facets=0 vertices=4 rho=5.6 anchor_shift=0
[FREE POLY] k=3 disc=0 raw=40 facets=3 vertices=6 rho=6.4 anchor_shift=0
[FREE POLY] k=3 disc=1 raw=40 facets=0 vertices=4 rho=2.4 anchor_shift=0
[FREE POLY] k=3 disc=2 raw=40 facets=0 vertices=4 rho=6.4 anchor_shift=0
[FREE POLY] k=4 disc=0 raw=40 facets=3 vertices=6 rho=7.2 anchor_shift=0
[FREE POLY] k=4 disc=1 raw=40 facets=0 vertices=4 rho=3.2 anchor_shift=0
[FREE POLY] k=4 disc=2 raw=40 facets=0 vertices=4 rho=7.2 anchor_shift=0
[FREE POLY] k=5 disc=0 raw=40 facets=4 vertices=7 rho=8 anchor_shift=0
[FREE POLY] k=5 disc=1 raw=40 facets=0 vertices=4 rho=4 anchor_shift=0
[FREE POLY] k=5 disc=2 raw=40 facets=1 vertices=5 rho=8 anchor_shift=0
[FREE POLY] k=6 disc=0 raw=40 facets=5 vertices=8 rho=8.8 anchor_shift=0
[FREE POLY] k=6 disc=1 raw=40 facets=0 vertices=4 rho=4.8 anchor_shift=0
[FREE POLY] k=6 disc=2 raw=40 facets=4 vertices=7 rho=8.8 anchor_shift=0
[FREE POLY] k=7 disc=0 raw=40 facets=5 vertices=8 rho=9.6 anchor_shift=0
[FREE POLY] k=7 disc=1 raw=40 facets=0 vertices=4 rho=5.6 anchor_shift=0
[FREE POLY] k=7 disc=2 raw=40 facets=4 vertices=7 rho=9.6 anchor_shift=0
[FREE POLY] k=8 disc=0 raw=40 facets=3 vertices=6 rho=10.4 anchor_shift=0
[FREE POLY] k=8 disc=1 raw=40 facets=0 vertices=4 rho=6.4 anchor_shift=0
[FREE POLY] k=8 disc=2 raw=40 facets=2 vertices=5 rho=10.4 anchor_shift=0
[RF SUPPORT SEED] removed=0 support_limit=-1
[SQP] before_solve iter=0 vars=16 constraints=72 max_d=-1.85595
[QP WORST] iter=0 row=63 type=velocity d=-1.85595
[SQP] after_solve iter=0 converged=1 status=0 iterations=2 primal_residual=8.67362e-16 dual_residual=1.05654e-05 x_size=16 x_finite=1
[SQP LINESEARCH] iter=0 current_violation=0 accepted_violation=0 accepted=1 alpha=1 delta_u_norm=0.228163
[SQP SUPPORT] iter=0 support_size=0 support_limit=-1 support_ok=1
[SQP] before_solve iter=1 vars=16 constraints=72 max_d=-1.83864
[QP WORST] iter=1 row=63 type=velocity d=-1.83864
[SQP] after_solve iter=1 converged=1 status=0 iterations=2 primal_residual=8.26975e-16 dual_residual=6.08889e-06 x_size=16 x_finite=1
[SQP LINESEARCH] iter=1 current_violation=0 accepted_violation=0 accepted=1 alpha=1 delta_u_norm=0.169796
[SQP SUPPORT] iter=1 support_size=0 support_limit=-1 support_ok=1
[SQP] before_solve iter=2 vars=16 constraints=72 max_d=-1.83791
[QP WORST] iter=2 row=63 type=velocity d=-1.83791
[SQP] after_solve iter=2 converged=1 status=0 iterations=2 primal_residual=8.32613e-16 dual_residual=6.37575e-06 x_size=16 x_finite=1
[SQP LINESEARCH] iter=2 current_violation=0 accepted_violation=0 accepted=1 alpha=1 delta_u_norm=0.153431
[SQP SUPPORT] iter=2 support_size=0 support_limit=-1 support_ok=1
[SQP] before_solve iter=3 vars=16 constraints=72 max_d=-1.84085
[QP WORST] iter=3 row=63 type=velocity d=-1.84085
[SQP] after_solve iter=3 converged=1 status=0 iterations=2 primal_residual=8.56249e-16 dual_residual=3.93817e-06 x_size=16 x_finite=1
[SQP LINESEARCH] iter=3 current_violation=0 accepted_violation=0 accepted=1 alpha=1 delta_u_norm=0.142527
[SQP SUPPORT] iter=3 support_size=0 support_limit=-1 support_ok=1
[SQP] before_solve iter=4 vars=16 constraints=72 max_d=-1.84424
[QP WORST] iter=4 row=63 type=velocity d=-1.84424
[SQP] after_solve iter=4 converged=1 status=0 iterations=2 primal_residual=8.85549e-16 dual_residual=4.24767e-06 x_size=16 x_finite=1
[SQP LINESEARCH] iter=4 current_violation=0 accepted_violation=0 accepted=1 alpha=1 delta_u_norm=0.133372
[SQP SUPPORT] iter=4 support_size=0 support_limit=-1 support_ok=1
[SQP] before_solve iter=5 vars=16 constraints=72 max_d=-1.84734
[QP WORST] iter=5 row=63 type=velocity d=-1.84734
[SQP] after_solve iter=5 converged=1 status=0 iterations=2 primal_residual=7.61638e-16 dual_residual=3.04935e-06 x_size=16 x_finite=1
[SQP LINESEARCH] iter=5 current_violation=0 accepted_violation=0 accepted=1 alpha=1 delta_u_norm=0.125332
[SQP SUPPORT] iter=5 support_size=0 support_limit=-1 support_ok=1
[SQP] before_solve iter=6 vars=16 constraints=72 max_d=-1.85006
[QP WORST] iter=6 row=63 type=velocity d=-1.85006
[SQP] after_solve iter=6 converged=1 status=0 iterations=2 primal_residual=8.68771e-16 dual_residual=2.99617e-06 x_size=16 x_finite=1
[SQP LINESEARCH] iter=6 current_violation=0 accepted_violation=0 accepted=1 alpha=1 delta_u_norm=0.118128
[SQP SUPPORT] iter=6 support_size=0 support_limit=-1 support_ok=1
[SQP] before_solve iter=7 vars=16 constraints=72 max_d=-1.85243
[QP WORST] iter=7 row=63 type=velocity d=-1.85243
[SQP] after_solve iter=7 converged=1 status=0 iterations=2 primal_residual=7.90058e-16 dual_residual=2.36335e-06 x_size=16 x_finite=1
[SQP LINESEARCH] iter=7 current_violation=0 accepted_violation=0 accepted=1 alpha=1 delta_u_norm=0.111586
[SQP SUPPORT] iter=7 support_size=0 support_limit=-1 support_ok=1
[SQP] before_solve iter=8 vars=16 constraints=72 max_d=-1.85451
[QP WORST] iter=8 row=63 type=velocity d=-1.85451
[SQP] after_solve iter=8 converged=1 status=0 iterations=2 primal_residual=8.16946e-16 dual_residual=2.21208e-06 x_size=16 x_finite=1
[SQP LINESEARCH] iter=8 current_violation=0 accepted_violation=0 accepted=1 alpha=1 delta_u_norm=0.105586
[SQP SUPPORT] iter=8 support_size=0 support_limit=-1 support_ok=1
[SQP] before_solve iter=9 vars=16 constraints=72 max_d=-1.85562
[QP WORST] iter=9 row=65 type=velocity d=-1.85562
[SQP] after_solve iter=9 converged=1 status=0 iterations=2 primal_residual=8.0811e-16 dual_residual=1.84645e-06 x_size=16 x_finite=1
[SQP LINESEARCH] iter=9 current_violation=0 accepted_violation=0 accepted=1 alpha=1 delta_u_norm=0.100047
[SQP SUPPORT] iter=9 support_size=0 support_limit=-1 support_ok=1
[SQP FINAL] final_violation=0 violated_constraints=0
[SUPPORT FINAL] sqp_union=0 final_active=0 support_limit=-1
[SUPPORT FINAL IDS]
[SUPPORT UNION IDS]
[COLD START RECOVERY CHECK] ordinary_sqp_failed=0 seed_available=1 incompatible=0 try_homotopy=0
[HARNESS RESULT] step=59 success=1 controls=8 first_input_present=1
[MPC STEP METRICS] step=59 applied=1 success=1 fallback=0 a=-0.000174498 omega=-0.0210962 dt=0.1 acceleration_weight=0.1 steering_weight=0.1 control_cost_unweighted=0.000445081 control_cost_weighted=4.45081e-05 mpc_cost=-17.5867 solve_time=0.0289986 qp_solve_time=0.0179801 constraint_time=0.00635056 dro_risk_time=0 ambiguity_radius=0 certificate=not_requested
[EVAL SAFETY] step=60 min_center_distance=4.37428 min_clearance=3.42428 collision_this_step=0 collision_run=0 collision_radius=0.95
[PATH COMPLETION] step=60 completion_progress=12.093 path_length=25 fraction=0.48372 required_fraction=0.95 termination_enabled=1 completed=0
seed=77 collision=no termination=step_limit artifact=/home/stephen/ros2_ws/src/DRO_SHMPCC/build-concentration/fixed-budget-uncertified-short-horizon/four_way_intersection_o1_c1_m3_boost_30_s40/seed_77/sh_mpcc/repeat_0
