case,pair,profile,controller,seed,scenario_budget,step,attempt,obstacle_id,radius_observation_count,rho,min_vertex_distance,rho_over_min_vertex_distance,zero_min_vertex_distance,any_vertex_reachable,max_q,q_gt_0_9,q_near_one,q_exactly_one
sh_mpcc_dro_four_way_intersection_o1_c1_m3_boost_0_s40,four_way_intersection_o1_c1_m3_boost_0_s40,boost_0,sh_mpcc_dro,77,40,0,0,0,1,0.007981268258392552,0.0034633562463640645,2.304489544432955,0,1,0.6,0,0,0
sh_mpcc_dro_four_way_intersection_o1_c1_m3_boost_0_s40,four_way_intersection_o1_c1_m3_boost_0_s40,boost_0,sh_mpcc_dro,77,40,1,0,0,2,0.006869661612444263,0.00330382099029964,2.079308059551138,0,1,0.42857142857142855,0,0,0
sh_mpcc_dro_four_way_intersection_o1_c1_m3_boost_0_s40,four_way_intersection_o1_c1_m3_boost_0_s40,boost_0,sh_mpcc_dro,77,40,10,0,0,11,0.00384497694361605,0.004162814447777453,0.9236484094718422,0,0,0.6665261131357879,0,0,0
sh_mpcc_dro_four_way_intersection_o1_c1_m3_boost_0_s40,four_way_intersection_o1_c1_m3_boost_0_s40,boost_0,sh_mpcc_dro,77,40,11,0,0,12,0.0036570673500014544,0.003854457822016122,0.9487890434584078,0,0,0.8166297587916533,0,0,0
sh_mpcc_dro_four_way_intersection_o1_c1_m3_boost_0_s40,four_way_intersection_o1_c1_m3_boost_0_s40,boost_0,sh_mpcc_dro,77,40,12,0,0,13,0.0036466961541434177,0.003987370160706333,0.914561730455803,0,0,0.7812760796719176,0,0,0
sh_mpcc_dro_four_way_intersection_o1_c1_m3_boost_0_s40,four_way_intersection_o1_c1_m3_boost_0_s40,boost_0,sh_mpcc_dro,77,40,13,0,0,14,0.0034774415488606986,0.0037301204729188815,0.9322598490068452,0,0,0.3548387096774194,0,0,0
sh_mpcc_dro_four_way_intersection_o1_c1_m3_boost_0_s40,four_way_intersection_o1_c1_m3_boost_0_s40,boost_0,sh_mpcc_dro,77,40,14,0,0,15,0.00332039813235342,0.003504052565469252,0.9475879914229433,0,0,0.7570659230323029,0,0,0
sh_mpcc_dro_four_way_intersection_o1_c1_m3_boost_0_s40,four_way_intersection_o1_c1_m3_boost_0_s40,boost_0,sh_mpcc_dro,77,40,15,0,0,16,0.0032944824167668897,0.0036342030893295523,0.9065212746199786,0,0,0.7280070052103516,0,0,0
sh_mpcc_dro_four_way_intersection_o1_c1_m3_boost_0_s40,four_way_intersection_o1_c1_m3_boost_0_s40,boost_0,sh_mpcc_dro,77,40,16,0,0,17,0.0032507389959771206,0.0037502832862859265,0.8667982517119321,0,0,0.7003011884474806,0,0,0
sh_mpcc_dro_four_way_intersection_o1_c1_m3_boost_0_s40,four_way_intersection_o1_c1_m3_boost_0_s40,boost_0,sh_mpcc_dro,77,40,17,0,0,18,0.0031545561485274544,0.003854457822016066,0.8184176074022963,0,0,0.7217840243922531,0,0,0
sh_mpcc_dro_four_way_intersection_o1_c1_m3_boost_0_s40,four_way_intersection_o1_c1_m3_boost_0_s40,boost_0,sh_mpcc_dro,77,40,18,0,0,19,0.0030383961447550865,0.0036664354892348176,0.8287057425873863,0,0,0.7141755862227106,0,0,0
sh_mpcc_dro_four_way_intersection_o1_c1_m3_boost_0_s40,four_way_intersection_o1_c1_m3_boost_0_s40,boost_0,sh_mpcc_dro,77,40,19,0,0,20,0.003003224847221956,0.0037648192680157164,0.7977075746334124,0,0,0.3953488372093023,0,0,0
sh_mpcc_dro_four_way_intersection_o1_c1_m3_boost_0_s40,four_way_intersection_o1_c1_m3_boost_0_s40,boost_0,sh_mpcc_dro,77,40,2,0,0,3,0.0058688738432747444,0.002569638548010831,2.283929717593109,0,1,1.0,1,1,1
sh_mpcc_dro_four_way_intersection_o1_c1_m3_boost_0_s40,four_way_intersection_o1_c1_m3_boost_0_s40,boost_0,sh_mpcc_dro,77,40,20,0,0,21,0.0029271655137611307,0.003854457822016074,0.7594234128186871,0,0,0.7089086904481394,0,0,0
sh_mpcc_dro_four_way_intersection_o1_c1_m3_boost_0_s40,four_way_intersection_o1_c1_m3_boost_0_s40,boost_0,sh_mpcc_dro,77,40,21,0,0,22,0.002833111974791154,0.003690438340228171,0.7676898280370644,0,0,0.7026114834749172,0,0,0
sh_mpcc_dro_four_way_intersection_o1_c1_m3_boost_0_s40,four_way_intersection_o1_c1_m3_boost_0_s40,boost_0,sh_mpcc_dro,77,40,22,0,0,23,0.0028039332404028263,0.0037757954174851495,0.7426073000190176,0,0,0.3877551020408163,0,0,0
sh_mpcc_dro_four_way_intersection_o1_c1_m3_boost_0_s40,four_way_intersection_o1_c1_m3_boost_0_s40,boost_0,sh_mpcc_dro,77,40,23,0,0,24,0.0027191569412985395,0.0036277250089562837,0.7495488038882131,0,0,0.6764488639629807,0,0,0
sh_mpcc_dro_four_way_intersection_o1_c1_m3_boost_0_s40,four_way_intersection_o1_c1_m3_boost_0_s40,boost_0,sh_mpcc_dro,77,40,24,0,0,25,0.002688585632165663,0.00370900658344939,0.7248802534249665,0,0,0.39622641509433965,0,0,0
sh_mpcc_dro_four_way_intersection_o1_c1_m3_boost_0_s40,four_way_intersection_o1_c1_m3_boost_0_s40,boost_0,sh_mpcc_dro,77,40,25,0,0,26,0.0026540332189165998,0.0037843767707067474,0.7013131566233952,0,0,0.41818181818181815,0,0,0
sh_mpcc_dro_four_way_intersection_o1_c1_m3_boost_0_s40,four_way_intersection_o1_c1_m3_boost_0_s40,boost_0,sh_mpcc_dro,77,40,26,0,0,27,0.002616734012347108,0.003854457822016254,0.6788851073685646,0,0,0.43859649122807015,0,0,0
sh_mpcc_dro_four_way_intersection_o1_c1_m3_boost_0_s40,four_way_intersection_o1_c1_m3_boost_0_s40,boost_0,sh_mpcc_dro,77,40,27,0,0,28,0.0025480111415265684,0.00372379823482912,0.6842505906186652,0,0,0.423728813559322,0,0,0
sh_mpcc_dro_four_way_intersection_o1_c1_m3_boost_0_s40,four_way_intersection_o1_c1_m3_boost_0_s40,boost_0,sh_mpcc_dro,77,40,28,0,0,29,0.0025126113816878416,0.003791269988868296,0.6627360723623543,0,0,0.6026471280328557,0,0,0
sh_mpcc_dro_four_way_intersection_o1_c1_m3_boost_0_s40,four_way_intersection_o1_c1_m3_boost_0_s40,boost_0,sh_mpcc_dro,77,40,29,0,0,30,0.0024759337008004325,0.0038544578220163746,0.6423558941696247,0,0,0.5872508357073055,0,0,0
sh_mpcc_dro_four_way_intersection_o1_c1_m3_boost_0_s40,four_way_intersection_o1_c1_m3_boost_0_s40,boost_0,sh_mpcc_dro,77,40,3,0,0,4,0.004997360498511917,0.0031536473089223125,1.5846288468508711,0,1,0.9326738251707231,1,0,0
sh_mpcc_dro_four_way_intersection_o1_c1_m3_boost_0_s40,four_way_intersection_o1_c1_m3_boost_0_s40,boost_0,sh_mpcc_dro,77,40,30,0,0,31,0.002438486989511702,0.003913757173124274,0.6230552590888275,0,0,0.4113972269378531,0,0,0
sh_mpcc_dro_four_way_intersection_o1_c1_m3_boost_0_s40,four_way_intersection_o1_c1_m3_boost_0_s40,boost_0,sh_mpcc_dro,77,40,31,0,0,32,0.0023826346412965447,0.003796928600792282,0.6275163143176764,0,0,0.5718061289386391,0,0,0
sh_mpcc_dro_four_way_intersection_o1_c1_m3_boost_0_s40,four_way_intersection_o1_c1_m3_boost_0_s40,boost_0,sh_mpcc_dro,77,40,32,0,0,33,0.0023619422561021006,0.0038544578220164015,0.612781969648454,0,0,0.7418546464322959,0,0,0
sh_mpcc_dro_four_way_intersection_o1_c1_m3_boost_0_s40,four_way_intersection_o1_c1_m3_boost_0_s40,boost_0,sh_mpcc_dro,77,40,33,0,0,34,0.002337443462574552,0.0039087459603545874,0.5980034226533636,0,0,0.7282276660191753,0,0,0
sh_mpcc_dro_four_way_intersection_o1_c1_m3_boost_0_s40,four_way_intersection_o1_c1_m3_boost_0_s40,boost_0,sh_mpcc_dro,77,40,34,0,0,35,0.002308582294892412,0.003960059406181192,0.5829665815843529,0,0,0.7143606723180338,0,0,0
sh_mpcc_dro_four_way_intersection_o1_c1_m3_boost_0_s40,four_way_intersection_o1_c1_m3_boost_0_s40,boost_0,sh_mpcc_dro,77,40,35,0,0,36,0.002279094166132512,0.004008636134896983,0.5685460314773823,0,0,0.7008585818243184,0,0,0
sh_mpcc_dro_four_way_intersection_o1_c1_m3_boost_0_s40,four_way_intersection_o1_c1_m3_boost_0_s40,boost_0,sh_mpcc_dro,77,40,36,0,0,37,0.002234298527258172,0.003904515715808822,0.5722344817852363,0,0,0.5764146307906222,0,0,0
sh_mpcc_dro_four_way_intersection_o1_c1_m3_boost_0_s40,four_way_intersection_o1_c1_m3_boost_0_s40,boost_0,sh_mpcc_dro,77,40,37,0,0,38,0.00220648692524297,0.003952039032700363,0.5583160760776479,0,0,0.46835443037974683,0,0,0
sh_mpcc_dro_four_way_intersection_o1_c1_m3_boost_0_s40,four_way_intersection_o1_c1_m3_boost_0_s40,boost_0,sh_mpcc_dro,77,40,38,0,0,39,0.0021887293713675417,0.0039972155191278815,0.5475635128738522,0,0,0.4567901234567901,0,0,0
sh_mpcc_dro_four_way_intersection_o1_c1_m3_boost_0_s40,four_way_intersection_o1_c1_m3_boost_0_s40,boost_0,sh_mpcc_dro,77,40,39,0,0,40,0.0021487991613456338,0.0039008970728840664,0.5508474387295108,0,0,0.4457831325301205,0,0,0
sh_mpcc_dro_four_way_intersection_o1_c1_m3_boost_0_s40,four_way_intersection_o1_c1_m3_boost_0_s40,boost_0,sh_mpcc_dro,77,40,4,0,0,5,0.00526551045094771,0.003557961066476421,1.4799235721155144,0,1,1.0,1,1,1
sh_mpcc_dro_four_way_intersection_o1_c1_m3_boost_0_s40,four_way_intersection_o1_c1_m3_boost_0_s40,boost_0,sh_mpcc_dro,77,40,40,0,0,41,0.0021303219132561917,0.003945150947240309,0.5399848932894147,0,0,0.43529411764705883,0,0,0
sh_mpcc_dro_four_way_intersection_o1_c1_m3_boost_0_s40,four_way_intersection_o1_c1_m3_boost_0_s40,boost_0,sh_mpcc_dro,77,40,41,0,0,42,0.002093020939052859,0.0038544578220163295,0.5430130606431091,0,0,0.42528735632183906,0,0,0
sh_mpcc_dro_four_way_intersection_o1_c1_m3_boost_0_s40,four_way_intersection_o1_c1_m3_boost_0_s40,boost_0,sh_mpcc_dro,77,40,42,0,0,43,0.0020720088256497636,0.003897766336870446,0.5315887733058414,0,0,0.43820224719101125,0,0,0
sh_mpcc_dro_four_way_intersection_o1_c1_m3_boost_0_s40,four_way_intersection_o1_c1_m3_boost_0_s40,boost_0,sh_mpcc_dro,77,40,43,0,0,44,0.0020505728087339406,0.003939171180742034,0.5205594564559308,0,0,0.45054945054945056,0,0,0
sh_mpcc_dro_four_way_intersection_o1_c1_m3_boost_0_s40,four_way_intersection_o1_c1_m3_boost_0_s40,boost_0,sh_mpcc_dro,77,40,44,0,0,45,0.0020350483045052077,0.0039787951711134865,0.5114735031548983,0,0,0.44086021505376344,0,0,0
sh_mpcc_dro_four_way_intersection_o1_c1_m3_boost_0_s40,four_way_intersection_o1_c1_m3_boost_0_s40,boost_0,sh_mpcc_dro,77,40,45,0,0,46,0.002018122074031308,0.004016750782943397,0.502426509157849,0,0,0.43157894736842106,0,0,0
sh_mpcc_dro_four_way_intersection_o1_c1_m3_boost_0_s40,four_way_intersection_o1_c1_m3_boost_0_s40,boost_0,sh_mpcc_dro,77,40,46,0,0,47,0.0019993008291688975,0.00405314121490377,0.4932719397531194,0,0,0.44329896907216493,0,0,0
sh_mpcc_dro_four_way_intersection_o1_c1_m3_boost_0_s40,four_way_intersection_o1_c1_m3_boost_0_s40,boost_0,sh_mpcc_dro,77,40,47,0,0,48,0.001982665752644143,0.00408806132638102,0.48498923923905746,0,0,0.43434343434343436,0,0,0
sh_mpcc_dro_four_way_intersection_o1_c1_m3_boost_0_s40,four_way_intersection_o1_c1_m3_boost_0_s40,boost_0,sh_mpcc_dro,77,40,48,0,0,49,0.0019651590224870788,0.004121598463146174,0.47679535987282895,0,0,0.42574257425742573,0,0,0
sh_mpcc_dro_four_way_intersection_o1_c1_m3_boost_0_s40,four_way_intersection_o1_c1_m3_boost_0_s40,boost_0,sh_mpcc_dro,77,40,49,0,0,50,0.0019469907198324202,0.004153833186833126,0.46872145131008547,0,0,0.4174757281553398,0,0,0
sh_mpcc_dro_four_way_intersection_o1_c1_m3_boost_0_s40,four_way_intersection_o1_c1_m3_boost_0_s40,boost_0,sh_mpcc_dro,77,40,5,0,0,6,0.004679756718854426,0.00385445782201616,1.214115430742105,0,1,0.9052887090030786,1,0,0
sh_mpcc_dro_four_way_intersection_o1_c1_m3_boost_0_s40,four_way_intersection_o1_c1_m3_boost_0_s40,boost_0,sh_mpcc_dro,77,40,50,0,0,51,0.0019196801765688914,0.004074712554702769,0.47112039212516255,0,0,0.4095238095238095,0,0,0
sh_mpcc_dro_four_way_intersection_o1_c1_m3_boost_0_s40,four_way_intersection_o1_c1_m3_boost_0_s40,boost_0,sh_mpcc_dro,77,40,51,0,0,52,0.0018929790831985387,0.003998549703212998,0.473416419377619,0,0,0.40186915887850466,0,0,0
sh_mpcc_dro_four_way_intersection_o1_c1_m3_boost_0_s40,four_way_intersection_o1_c1_m3_boost_0_s40,boost_0,sh_mpcc_dro,77,40,52,0,0,53,0.0018668797803701304,0.003925181818750375,0.4756161285197414,0,0,0.3944954128440367,0,0,0
sh_mpcc_dro_four_way_intersection_o1_c1_m3_boost_0_s40,four_way_intersection_o1_c1_m3_boost_0_s40,boost_0,sh_mpcc_dro,77,40,53,0,0,54,0.0018537769836808353,0.003958632357746295,0.4682872305768289,0,0,0.40540540540540543,0,0,0
sh_mpcc_dro_four_way_intersection_o1_c1_m3_boost_0_s40,four_way_intersection_o1_c1_m3_boost_0_s40,boost_0,sh_mpcc_dro,77,40,54,0,0,55,0.0018402518657067279,0.00399089880686647,0.4611121340737869,0,0,0.415929203539823,0,0,0
sh_mpcc_dro_four_way_intersection_o1_c1_m3_boost_0_s40,four_way_intersection_o1_c1_m3_boost_0_s40,boost_0,sh_mpcc_dro,77,40,55,0,0,56,0.0018161324376298434,0.003921491871094875,0.4631228362390515,0,0,0.40869565217391307,0,0,0
sh_mpcc_dro_four_way_intersection_o1_c1_m3_boost_0_s40,four_way_intersection_o1_c1_m3_boost_0_s40,boost_0,sh_mpcc_dro,77,40,56,0,0,57,0.0018027831011178327,0.003953290073862903,0.4560209515200761,0,0,0.4017094017094017,0,0,0
sh_mpcc_dro_four_way_intersection_o1_c1_m3_boost_0_s40,four_way_intersection_o1_c1_m3_boost_0_s40,boost_0,sh_mpcc_dro,77,40,57,0,0,58,0.0017889273757452546,0.003984019429479033,0.4490257659158008,0,0,0.3949579831932773,0,0,0
sh_mpcc_dro_four_way_intersection_o1_c1_m3_boost_0_s40,four_way_intersection_o1_c1_m3_boost_0_s40,boost_0,sh_mpcc_dro,77,40,58,0,0,59,0.0017667013441333653,0.00391816786866102,0.45089986017804573,0,0,0.3884297520661157,0,0,0
sh_mpcc_dro_four_way_intersection_o1_c1_m3_boost_0_s40,four_way_intersection_o1_c1_m3_boost_0_s40,boost_0,sh_mpcc_dro,77,40,59,0,0,60,0.001753115634076764,0.003948468988406768,0.44399883580804245,0,0,0.3821138211382114,0,0,0
sh_mpcc_dro_four_way_intersection_o1_c1_m3_boost_0_s40,four_way_intersection_o1_c1_m3_boost_0_s40,boost_0,sh_mpcc_dro,77,40,6,0,0,7,0.004342340114307695,0.0034009921958965787,1.276786262416858,0,1,0.8759412612045476,0,0,0
sh_mpcc_dro_four_way_intersection_o1_c1_m3_boost_0_s40,four_way_intersection_o1_c1_m3_boost_0_s40,boost_0,sh_mpcc_dro,77,40,7,0,0,8,0.004413554698114876,0.0036515916208573786,1.2086660164584866,0,1,0.9347997020723029,1,0,0
sh_mpcc_dro_four_way_intersection_o1_c1_m3_boost_0_s40,four_way_intersection_o1_c1_m3_boost_0_s40,boost_0,sh_mpcc_dro,77,40,8,0,0,9,0.004089061926173503,0.00385445782201616,1.0608656560767937,0,1,0.7088741465671062,0,0,0
sh_mpcc_dro_four_way_intersection_o1_c1_m3_boost_0_s40,four_way_intersection_o1_c1_m3_boost_0_s40,boost_0,sh_mpcc_dro,77,40,9,0,0,10,0.004097738714248351,0.004022042944712475,1.0188202290667703,0,1,0.797189632952279,0,0,0
sh_mpcc_dro_four_way_intersection_o1_c1_m3_boost_0_s40,four_way_intersection_o1_c1_m3_boost_0_s40,boost_0,sh_mpcc_dro,78,40,0,0,0,1,0.012750532197405169,0.005148107643063581,2.476741568250789,0,1,0.6,0,0,0
sh_mpcc_dro_four_way_intersection_o1_c1_m3_boost_0_s40,four_way_intersection_o1_c1_m3_boost_0_s40,boost_0,sh_mpcc_dro,78,40,1,0,0,2,0.01529236887253553,0.00735443949009083,2.079338458510679,0,1,0.42857142857142855,0,0,0
sh_mpcc_dro_four_way_intersection_o1_c1_m3_boost_0_s40,four_way_intersection_o1_c1_m3_boost_0_s40,boost_0,sh_mpcc_dro,78,40,10,0,0,11,0.008085524523406227,0.0072073507002888716,1.1218441920804767,0,1,0.44,0,0,0
sh_mpcc_dro_four_way_intersection_o1_c1_m3_boost_0_s40,four_way_intersection_o1_c1_m3_boost_0_s40,boost_0,sh_mpcc_dro,78,40,11,0,0,12,0.008134213410080528,0.007626826137871972,1.0665266603743673,0,1,0.779243873138224,0,0,0
sh_mpcc_dro_four_way_intersection_o1_c1_m3_boost_0_s40,four_way_intersection_o1_c1_m3_boost_0_s40,boost_0,sh_mpcc_dro,78,40,12,0,0,13,0.008072376949049824,0.007988442894408783,1.0105069355505798,0,1,0.5557472843085931,0,0,0
sh_mpcc_dro_four_way_intersection_o1_c1_m3_boost_0_s40,four_way_intersection_o1_c1_m3_boost_0_s40,boost_0,sh_mpcc_dro,78,40,13,0,0,14,0.007945703712361498,0.00830339942429593,0.9569217746062166,0,0,0.712229354491459,0,0,0
sh_mpcc_dro_four_way_intersection_o1_c1_m3_boost_0_s40,four_way_intersection_o1_c1_m3_boost_0_s40,boost_0,sh_mpcc_dro,78,40,14,0,0,15,0.007664276324351332,0.008580179405105876,0.8932536212227088,0,0,0.5247273219806143,0,0,0
sh_mpcc_dro_four_way_intersection_o1_c1_m3_boost_0_s40,four_way_intersection_o1_c1_m3_boost_0_s40,boost_0,sh_mpcc_dro,78,40,15,0,0,16,0.007545453100475661,0.008825327388108815,0.8549771321392964,0,0,0.7077513271180571,0,0,0
sh_mpcc_dro_four_way_intersection_o1_c1_m3_boost_0_s40,four_way_intersection_o1_c1_m3_boost_0_s40,boost_0,sh_mpcc_dro,78,40,16,0,0,17,0.007401089492219074,0.009043972886462952,0.8183449447639376,0,0,0.6797561055524239,0,0,0
sh_mpcc_dro_four_way_intersection_o1_c1_m3_boost_0_s40,four_way_intersection_o1_c1_m3_boost_0_s40,boost_0,sh_mpcc_dro,78,40,17,0,0,18,0.007241882523923586,0.00924019320549858,0.783737132207814,0,0,0.653477513503111,0,0,0
sh_mpcc_dro_four_way_intersection_o1_c1_m3_boost_0_s40,four_way_intersection_o1_c1_m3_boost_0_s40,boost_0,sh_mpcc_dro,78,40,18,0,0,19,0.007060747784487816,0.009417270078774577,0.7497658796472148,0,0,0.6770843383406893,0,0,0
sh_mpcc_dro_four_way_intersection_o1_c1_m3_boost_0_s40,four_way_intersection_o1_c1_m3_boost_0_s40,boost_0,sh_mpcc_dro,78,40,19,0,0,20,0.006818682944547681,0.008979257516971234,0.7593816005009365,0,0,0.6721537983099479,0,0,0
sh_mpcc_dro_four_way_intersection_o1_c1_m3_boost_0_s40,four_way_intersection_o1_c1_m3_boost_0_s40,boost_0,sh_mpcc_dro,78,40,2,0,0,3,0.012122990211159812,0.008580179405105796,1.4129063786178877,0,1,0.3333333333333333,0,0,0
sh_mpcc_dro_four_way_intersection_o1_c1_m3_boost_0_s40,four_way_intersection_o1_c1_m3_boost_0_s40,boost_0,sh_mpcc_dro,78,40,20,0,0,21,0.006650123902329364,0.009152191365446236,0.7266154778446464,0,0,0.6919624122097293,0,0,0
sh_mpcc_dro_four_way_intersection_o1_c1_m3_boost_0_s40,four_way_intersection_o1_c1_m3_boost_0_s40,boost_0,sh_mpcc_dro,78,40,21,0,0,22,0.006440672503374335,0.008762736413725151,0.735006988603041,0,0,0.6866057047474277,0,0,0
sh_mpcc_dro_four_way_intersection_o1_c1_m3_boost_0_s40,four_way_intersection_o1_c1_m3_boost_0_s40,boost_0,sh_mpcc_dro,78,40,22,0,0,23,0.0063522485310133735,0.008930390809395913,0.7113068920040986,0,0,0.6653751186855763,0,0,0
sh_mpcc_dro_four_way_intersection_o1_c1_m3_boost_0_s40,four_way_intersection_o1_c1_m3_boost_0_s40,boost_0,sh_mpcc_dro,78,40,23,0,0,24,0.006164054603059044,0.008580179405105845,0.718406260758484,0,0,0.6612143624601705,0,0,0
sh_mpcc_dro_four_way_intersection_o1_c1_m3_boost_0_s40,four_way_intersection_o1_c1_m3_boost_0_s40,boost_0,sh_mpcc_dro,78,40,24,0,0,25,0.0060409331970621765,0.008742069582560675,0.6910186586838746,0,0,0.39622641509433965,0,0,0
sh_mpcc_dro_four_way_intersection_o1_c1_m3_boost_0_s40,four_way_intersection_o1_c1_m3_boost_0_s40,boost_0,sh_mpcc_dro,78,40,25,0,0,26,0.005968165508206055,0.008892185928927909,0.6711696714292174,0,0,0.6593192888510782,0,0,0
sh_mpcc_dro_four_way_intersection_o1_c1_m3_boost_0_s40,four_way_intersection_o1_c1_m3_boost_0_s40,boost_0,sh_mpcc_dro,78,40,26,0,0,27,0.005888522971455691,0.009031767794848256,0.6519790040233895,0,0,0.43859649122807015,0,0,0
sh_mpcc_dro_four_way_intersection_o1_c1_m3_boost_0_s40,four_way_intersection_o1_c1_m3_boost_0_s40,boost_0,sh_mpcc_dro,78,40,27,0,0,28,0.005804185590720001,0.009161886483417968,0.6335142441706688,0,0,0.4576271186440678,0,0,0
sh_mpcc_dro_four_way_intersection_o1_c1_m3_boost_0_s40,four_way_intersection_o1_c1_m3_boost_0_s40,boost_0,sh_mpcc_dro,78,40,28,0,0,29,0.005661725369971427,0.008861496762650387,0.6389129874576697,0,0,0.4426229508196721,0,0,0
sh_mpcc_dro_four_way_intersection_o1_c1_m3_boost_0_s40,four_way_intersection_o1_c1_m3_boost_0_s40,boost_0,sh_mpcc_dro,78,40,29,0,0,30,0.005581869130057129,0.008988759376777653,0.6209832632162585,0,0,0.6059007728873401,0,0,0
sh_mpcc_dro_four_way_intersection_o1_c1_m3_boost_0_s40,four_way_intersection_o1_c1_m3_boost_0_s40,boost_0,sh_mpcc_dro,78,40,3,0,0,4,0.01112446967510914,0.0070201467859957924,1.5846491553853113,0,1,0.9326751635005255,1,0,0
sh_mpcc_dro_four_way_intersection_o1_c1_m3_boost_0_s40,four_way_intersection_o1_c1_m3_boost_0_s40,boost_0,sh_mpcc_dro,78,40,30,0,0,31,0.005451955642414697,0.008712182165184532,0.625785312915254,0,0,0.6042341479082186,0,0,0
sh_mpcc_dro_four_way_intersection_o1_c1_m3_boost_0_s40,four_way_intersection_o1_c1_m3_boost_0_s40,boost_0,sh_mpcc_dro,78,40,31,0,0,32,0.005376707037489833,0.008836304163467368,0.6084791716110428,0,0,0.5896047361397168,0,0,0
sh_mpcc_dro_four_way_intersection_o1_c1_m3_boost_0_s40,four_way_intersection_o1_c1_m3_boost_0_s40,boost_0,sh_mpcc_dro,78,40,32,0,0,33,0.005316651904121193,0.008953230683588633,0.5938249657597534,0,0,0.6052307214323563,0,0,0
sh_mpcc_dro_four_way_intersection_o1_c1_m3_boost_0_s40,four_way_intersection_o1_c1_m3_boost_0_s40,boost_0,sh_mpcc_dro,78,40,33,0,0,34,0.005250755037144159,0.009063569794125986,0.5793252720961142,0,0,0.7037501916169614,0,0,0
sh_mpcc_dro_four_way_intersection_o1_c1_m3_boost_0_s40,four_way_intersection_o1_c1_m3_boost_0_s40,boost_0,sh_mpcc_dro,78,40,34,0,0,35,0.005180915630824991,0.009167862926003561,0.5651170477396575,0,0,0.6902203627734408,0,0,0
sh_mpcc_dro_four_way_intersection_o1_c1_m3_boost_0_s40,four_way_intersection_o1_c1_m3_boost_0_s40,boost_0,sh_mpcc_dro,78,40,35,0,0,36,0.005078332436210076,0.008923386581309938,0.5691037130282645,0,0,0.630729477168413,0,0,0
sh_mpcc_dro_four_way_intersection_o1_c1_m3_boost_0_s40,four_way_intersection_o1_c1_m3_boost_0_s40,boost_0,sh_mpcc_dro,78,40,36,0,0,37,0.004979013893812767,0.008691610306470718,0.5728528682545739,0,0,0.6285713610156137,0,0,0
sh_mpcc_dro_four_way_intersection_o1_c1_m3_boost_0_s40,four_way_intersection_o1_c1_m3_boost_0_s40,boost_0,sh_mpcc_dro,78,40,37,0,0,38,0.004882889650553299,0.008471569539218295,0.576385477088802,0,0,0.6264510748807975,0,0,0
sh_mpcc_dro_four_way_intersection_o1_c1_m3_boost_0_s40,four_way_intersection_o1_c1_m3_boost_0_s40,boost_0,sh_mpcc_dro,78,40,38,0,0,39,0.004824906502068393,0.008580179405105704,0.5623316569811225,0,0,0.6381116789018622,0,0,0
sh_mpcc_dro_four_way_intersection_o1_c1_m3_boost_0_s40,four_way_intersection_o1_c1_m3_boost_0_s40,boost_0,sh_mpcc_dro,78,40,39,0,0,40,0.004764862141552697,0.008683555060589052,0.5487225114951331,0,0,0.6955236222135848,0,0,0
sh_mpcc_dro_four_way_intersection_o1_c1_m3_boost_0_s40,four_way_intersection_o1_c1_m3_boost_0_s40,boost_0,sh_mpcc_dro,78,40,4,0,0,5,0.011721426715036343,0.007920165604713203,1.479947175354648,0,1,0.8790847835846758,0,0,0
sh_mpcc_dro_four_way_intersection_o1_c1_m3_boost_0_s40,four_way_intersection_o1_c1_m3_boost_0_s40,boost_0,sh_mpcc_dro,78,40,40,0,0,41,0.004680149487486842,0.008479236117986986,0.5519541409583879,0,0,0.36470588235294116,0,0,0
sh_mpcc_dro_four_way_intersection_o1_c1_m3_boost_0_s40,four_way_intersection_o1_c1_m3_boost_0_s40,boost_0,sh_mpcc_dro,78,40,41,0,0,42,0.004597949451847631,0.0082843111497574,0.5550189229652822,0,0,0.3563218390804598,0,0,0
sh_mpcc_dro_four_way_intersection_o1_c1_m3_boost_0_s40,four_way_intersection_o1_c1_m3_boost_0_s40,boost_0,sh_mpcc_dro,78,40,42,0,0,43,0.0045442026182564805,0.00838736638476642,0.5417913573574062,0,0,0.34831460674157305,0,0,0
sh_mpcc_dro_four_way_intersection_o1_c1_m3_boost_0_s40,four_way_intersection_o1_c1_m3_boost_0_s40,boost_0,sh_mpcc_dro,78,40,43,0,0,44,0.004516969287785096,0.0084858917193354,0.5322916479705986,0,0,0.3626373626373626,0,0,0
sh_mpcc_dro_four_way_intersection_o1_c1_m3_boost_0_s40,four_way_intersection_o1_c1_m3_boost_0_s40,boost_0,sh_mpcc_dro,78,40,44,0,0,45,0.004442812661045742,0.008303399424296011,0.5350594899777953,0,0,0.3548387096774194,0,0,0
sh_mpcc_dro_four_way_intersection_o1_c1_m3_boost_0_s40,four_way_intersection_o1_c1_m3_boost_0_s40,boost_0,sh_mpcc_dro,78,40,45,0,0,46,0.0044149489159938035,0.008399544049208913,0.5256176871183398,0,0,0.3684210526315789,0,0,0
sh_mpcc_dro_four_way_intersection_o1_c1_m3_boost_0_s40,four_way_intersection_o1_c1_m3_boost_0_s40,boost_0,sh_mpcc_dro,78,40,46,0,0,47,0.0043448779486888415,0.008226357573967462,0.5281654620069433,0,0,0.36082474226804123,0,0,0
sh_mpcc_dro_four_way_intersection_o1_c1_m3_boost_0_s40,four_way_intersection_o1_c1_m3_boost_0_s40,boost_0,sh_mpcc_dro,78,40,47,0,0,48,0.0043167847758054404,0.008320173968587488,0.5188334753700227,0,0,0.37373737373737376,0,0,0
sh_mpcc_dro_four_way_intersection_o1_c1_m3_boost_0_s40,four_way_intersection_o1_c1_m3_boost_0_s40,boost_0,sh_mpcc_dro,78,40,48,0,0,49,0.004250534160455163,0.008155418048417306,0.5211914502997244,0,0,0.36633663366336633,0,0,0
sh_mpcc_dro_four_way_intersection_o1_c1_m3_boost_0_s40,four_way_intersection_o1_c1_m3_boost_0_s40,boost_0,sh_mpcc_dro,78,40,49,0,0,50,0.00422250068584577,0.008246968554421991,0.5120064006527201,0,0,0.3786407766990291,0,0,0
sh_mpcc_dro_four_way_intersection_o1_c1_m3_boost_0_s40,four_way_intersection_o1_c1_m3_boost_0_s40,boost_0,sh_mpcc_dro,78,40,5,0,0,6,0.010610334752314887,0.0068641435240845775,1.5457623686168351,0,1,0.4666666666666667,0,0,0
sh_mpcc_dro_four_way_intersection_o1_c1_m3_boost_0_s40,four_way_intersection_o1_c1_m3_boost_0_s40,boost_0,sh_mpcc_dro,78,40,50,0,0,51,0.004192938936199615,0.008335031422102875,0.503050165483571,0,0,0.3904761904761905,0,0,0
sh_mpcc_dro_four_way_intersection_o1_c1_m3_boost_0_s40,four_way_intersection_o1_c1_m3_boost_0_s40,boost_0,sh_mpcc_dro,78,40,51,0,0,52,0.004132046411199975,0.008179236442250498,0.5051873045087142,0,0,0.38317757009345793,0,0,0
sh_mpcc_dro_four_way_intersection_o1_c1_m3_boost_0_s40,four_way_intersection_o1_c1_m3_boost_0_s40,boost_0,sh_mpcc_dro,78,40,52,0,0,53,0.004103009675125097,0.008265310436111215,0.49641325717168605,0,0,0.3944954128440367,0,0,0
sh_mpcc_dro_four_way_intersection_o1_c1_m3_boost_0_s40,four_way_intersection_o1_c1_m3_boost_0_s40,boost_0,sh_mpcc_dro,78,40,53,0,0,54,0.004072936916910452,0.008348282664427225,0.4878772174624128,0,0,0.40540540540540543,0,0,0
sh_mpcc_dro_four_way_intersection_o1_c1_m3_boost_0_s40,four_way_intersection_o1_c1_m3_boost_0_s40,boost_0,sh_mpcc_dro,78,40,54,0,0,55,0.004042029053621799,0.008428317822714342,0.4795771989908257,0,0,0.415929203539823,0,0,0
sh_mpcc_dro_four_way_intersection_o1_c1_m3_boost_0_s40,four_way_intersection_o1_c1_m3_boost_0_s40,boost_0,sh_mpcc_dro,78,40,55,0,0,56,0.004010458642587723,0.008505569149409163,0.47150973346284636,0,0,0.4260869565217391,0,0,0
sh_mpcc_dro_four_way_intersection_o1_c1_m3_boost_0_s40,four_way_intersection_o1_c1_m3_boost_0_s40,boost_0,sh_mpcc_dro,78,40,56,0,0,57,0.003987358517220329,0.00858017940510572,0.4647173828145845,0,0,0.4188034188034188,0,0,0
sh_mpcc_dro_four_way_intersection_o1_c1_m3_boost_0_s40,four_way_intersection_o1_c1_m3_boost_0_s40,boost_0,sh_mpcc_dro,78,40,57,0,0,58,0.0039359551421451425,0.0084359747092216,0.4665679163123426,0,0,0.4117647058823529,0,0,0
sh_mpcc_dro_four_way_intersection_o1_c1_m3_boost_0_s40,four_way_intersection_o1_c1_m3_boost_0_s40,boost_0,sh_mpcc_dro,78,40,58,0,0,59,0.003912408550939279,0.008509268831509813,0.4597819893116591,0,0,0.4049586776859504,0,0,0
sh_mpcc_dro_four_way_intersection_o1_c1_m3_boost_0_s40,four_way_intersection_o1_c1_m3_boost_0_s40,boost_0,sh_mpcc_dro,78,40,59,0,0,60,0.003887352314919703,0.008580179405105602,0.45306189199337127,0,0,0.3983739837398374,0,0,0
sh_mpcc_dro_four_way_intersection_o1_c1_m3_boost_0_s40,four_way_intersection_o1_c1_m3_boost_0_s40,boost_0,sh_mpcc_dro,78,40,6,0,0,7,0.009666369246724623,0.007570746533916881,1.2768052930340976,0,1,0.8759433832746948,0,0,0
sh_mpcc_dro_four_way_intersection_o1_c1_m3_boost_0_s40,four_way_intersection_o1_c1_m3_boost_0_s40,boost_0,sh_mpcc_dro,78,40,7,0,0,8,0.008977324212566895,0.006773825846136291,1.3252959873019843,0,1,0.8490341787412404,0,0,0
sh_mpcc_dro_four_way_intersection_o1_c1_m3_boost_0_s40,four_way_intersection_o1_c1_m3_boost_0_s40,boost_0,sh_mpcc_dro,78,40,8,0,0,9,0.009141134882064857,0.00735443949009083,1.2429410690483444,0,1,0.8078493540205018,0,0,0
sh_mpcc_dro_four_way_intersection_o1_c1_m3_boost_0_s40,four_way_intersection_o1_c1_m3_boost_0_s40,boost_0,sh_mpcc_dro,78,40,9,0,0,10,0.008532860932378384,0.006714923012691455,1.2707310145255513,0,1,0.4782608695652174,0,0,0
sh_mpcc_dro_four_way_intersection_o1_c1_m3_boost_15_s40,four_way_intersection_o1_c1_m3_boost_15_s40,boost_15,sh_mpcc_dro,77,40,0,0,0,1,0.007981268258392552,0.0034633562463640645,2.304489544432955,0,1,0.6,0,0,0
sh_mpcc_dro_four_way_intersection_o1_c1_m3_boost_15_s40,four_way_intersection_o1_c1_m3_boost_15_s40,boost_15,sh_mpcc_dro,77,40,1,0,0,2,0.005721403731458466,0.004955731485449349,1.1545023672604593,0,1,0.42857142857142855,0,0,0
sh_mpcc_dro_four_way_intersection_o1_c1_m3_boost_15_s40,four_way_intersection_o1_c1_m3_boost_15_s40,boost_15,sh_mpcc_dro,77,40,10,0,0,11,0.004167157030698266,0.004386163806267785,0.9500687194453248,0,0,0.9621206084517544,1,0,0
sh_mpcc_dro_four_way_intersection_o1_c1_m3_boost_15_s40,four_way_intersection_o1_c1_m3_boost_15_s40,boost_15,sh_mpcc_dro,77,40,11,0,0,12,0.003955403394512747,0.004711004004686288,0.8396094315729927,0,0,0.9167487675524513,1,0,0
sh_mpcc_dro_four_way_intersection_o1_c1_m3_boost_15_s40,four_way_intersection_o1_c1_m3_boost_15_s40,boost_15,sh_mpcc_dro,77,40,12,0,0,13,0.0038648926360038876,0.0045766994535961095,0.8444715837670038,0,0,0.9382920688108363,1,0,0
sh_mpcc_dro_four_way_intersection_o1_c1_m3_boost_15_s40,four_way_intersection_o1_c1_m3_boost_15_s40,boost_15,sh_mpcc_dro,77,40,13,0,0,14,0.0036936572575180706,0.004849156614794405,0.761711272894137,0,0,0.8845288255930178,0,0,0
sh_mpcc_dro_four_way_intersection_o1_c1_m3_boost_15_s40,four_way_intersection_o1_c1_m3_boost_15_s40,boost_15,sh_mpcc_dro,77,40,14,0,0,15,0.003617704567765987,0.004721044640966052,0.7662932344197677,0,0,0.9043492818099407,1,0,0
sh_mpcc_dro_four_way_intersection_o1_c1_m3_boost_15_s40,four_way_intersection_o1_c1_m3_boost_15_s40,boost_15,sh_mpcc_dro,77,40,15,0,0,16,0.0034818427611067624,0.004625349386419249,0.7527740004528087,0,0,0.8873169179896179,0,0,0
sh_mpcc_dro_four_way_intersection_o1_c1_m3_boost_15_s40,four_way_intersection_o1_c1_m3_boost_15_s40,boost_15,sh_mpcc_dro,77,40,16,0,0,17,0.0034069109035573825,0.0045231850437277,0.7532105962106824,0,0,0.9032280021384482,1,0,0
sh_mpcc_dro_four_way_intersection_o1_c1_m3_boost_15_s40,four_way_intersection_o1_c1_m3_boost_15_s40,boost_15,sh_mpcc_dro,77,40,17,0,0,18,0.0033272741530623235,0.004291226836357098,0.7753666445390961,0,0,0.9164330484335976,1,0,0
sh_mpcc_dro_four_way_intersection_o1_c1_m3_boost_15_s40,four_way_intersection_o1_c1_m3_boost_15_s40,boost_15,sh_mpcc_dro,77,40,18,0,0,19,0.0032343082547480026,0.004644586234524947,0.6963609009358421,0,0,0.877740231783613,0,0,0
sh_mpcc_dro_four_way_intersection_o1_c1_m3_boost_15_s40,four_way_intersection_o1_c1_m3_boost_15_s40,boost_15,sh_mpcc_dro,77,40,19,0,0,20,0.003166361793303693,0.00442855896780277,0.7149869328430064,0,0,0.5348837209302325,0,0,0
sh_mpcc_dro_four_way_intersection_o1_c1_m3_boost_15_s40,four_way_intersection_o1_c1_m3_boost_15_s40,boost_15,sh_mpcc_dro,77,40,2,0,0,3,0.006431664699528319,0.0044874411366013995,1.4332588447944286,0,1,1.0,1,1,1
sh_mpcc_dro_four_way_intersection_o1_c1_m3_boost_15_s40,four_way_intersection_o1_c1_m3_boost_15_s40,boost_15,sh_mpcc_dro,77,40,20,0,0,21,0.0030843372014947774,0.0047444049914025605,0.6500998981081868,0,0,0.8560854624917873,0,0,0
sh_mpcc_dro_four_way_intersection_o1_c1_m3_boost_15_s40,four_way_intersection_o1_c1_m3_boost_15_s40,boost_15,sh_mpcc_dro,77,40,21,0,0,22,0.0030254786373712108,0.004542515417300244,0.6660359645337969,0,0,0.868485101696622,0,0,0
sh_mpcc_dro_four_way_intersection_o1_c1_m3_boost_15_s40,four_way_intersection_o1_c1_m3_boost_15_s40,boost_15,sh_mpcc_dro,77,40,22,0,0,23,0.0029526536496529416,0.004827926808381788,0.6115779643814866,0,0,0.5102040816326531,0,0,0
sh_mpcc_dro_four_way_intersection_o1_c1_m3_boost_15_s40,four_way_intersection_o1_c1_m3_boost_15_s40,boost_15,sh_mpcc_dro,77,40,23,0,0,24,0.0029010197416607505,0.004638596345307918,0.6254089654934559,0,0,0.8493660711814277,0,0,0
sh_mpcc_dro_four_way_intersection_o1_c1_m3_boost_15_s40,four_way_intersection_o1_c1_m3_boost_15_s40,boost_15,sh_mpcc_dro,77,40,24,0,0,25,0.0028480351697960887,0.004463554973786937,0.6380643201487848,0,0,0.5471698113207547,0,0,0
sh_mpcc_dro_four_way_intersection_o1_c1_m3_boost_15_s40,four_way_intersection_o1_c1_m3_boost_15_s40,boost_15,sh_mpcc_dro,77,40,25,0,0,26,0.002794478112707811,0.0043012438838309856,0.6496906913864311,0,0,0.5636363636363636,0,0,0
sh_mpcc_dro_four_way_intersection_o1_c1_m3_boost_15_s40,four_way_intersection_o1_c1_m3_boost_15_s40,boost_15,sh_mpcc_dro,77,40,26,0,0,27,0.0027432021829285162,0.004555063203654524,0.6022314203516753,0,0,0.543859649122807,0,0,0
sh_mpcc_dro_four_way_intersection_o1_c1_m3_boost_15_s40,four_way_intersection_o1_c1_m3_boost_15_s40,boost_15,sh_mpcc_dro,77,40,27,0,0,28,0.002695686372155828,0.004400654281496555,0.6125649050620471,0,0,0.559322033898305,0,0,0
sh_mpcc_dro_four_way_intersection_o1_c1_m3_boost_15_s40,four_way_intersection_o1_c1_m3_boost_15_s40,boost_15,sh_mpcc_dro,77,40,28,0,0,29,0.0026486802581650003,0.004634570354195097,0.5715050275949487,0,0,0.6553964103786594,0,0,0
sh_mpcc_dro_four_way_intersection_o1_c1_m3_boost_15_s40,four_way_intersection_o1_c1_m3_boost_15_s40,boost_15,sh_mpcc_dro,77,40,29,0,0,30,0.002595605132166595,0.004670986747173606,0.5556866830626707,0,0,0.639980017605347,0,0,0
sh_mpcc_dro_four_way_intersection_o1_c1_m3_boost_15_s40,four_way_intersection_o1_c1_m3_boost_15_s40,boost_15,sh_mpcc_dro,77,40,3,0,0,4,0.005835441740250549,0.0042048630785631305,1.3877840089491364,0,1,0.9999999999999999,1,1,0
sh_mpcc_dro_four_way_intersection_o1_c1_m3_boost_15_s40,four_way_intersection_o1_c1_m3_boost_15_s40,boost_15,sh_mpcc_dro,77,40,30,0,0,31,0.0025558281112940603,0.004527264078029804,0.5645414244106383,0,0,0.6580252091414253,0,0,0
sh_mpcc_dro_four_way_intersection_o1_c1_m3_boost_15_s40,four_way_intersection_o1_c1_m3_boost_15_s40,boost_15,sh_mpcc_dro,77,40,31,0,0,32,0.0025158125425009206,0.00439212186674553,0.5728011696462978,0,0,0.6745388588409298,0,0,0
sh_mpcc_dro_four_way_intersection_o1_c1_m3_boost_15_s40,four_way_intersection_o1_c1_m3_boost_15_s40,boost_15,sh_mpcc_dro,77,40,32,0,0,33,0.0024758317934551713,0.00426481398655001,0.5805251533274907,0,0,0.6896980529052984,0,0,0
sh_mpcc_dro_four_way_intersection_o1_c1_m3_boost_15_s40,four_way_intersection_o1_c1_m3_boost_15_s40,boost_15,sh_mpcc_dro,77,40,33,0,0,34,0.002436096155872547,0.004144678381295129,0.587764823168575,0,0,0.7036543146228783,0,0,0
sh_mpcc_dro_four_way_intersection_o1_c1_m3_boost_15_s40,four_way_intersection_o1_c1_m3_boost_15_s40,boost_15,sh_mpcc_dro,77,40,34,0,0,35,0.002393910060884743,0.00418952792517824,0.5714032949864861,0,0,0.6886442395571459,0,0,0
sh_mpcc_dro_four_way_intersection_o1_c1_m3_boost_15_s40,four_way_intersection_o1_c1_m3_boost_15_s40,boost_15,sh_mpcc_dro,77,40,35,0,0,36,0.0023568149709180886,0.0040778071805068206,0.577961356825402,0,0,0.7015951766988193,0,0,0
sh_mpcc_dro_four_way_intersection_o1_c1_m3_boost_15_s40,four_way_intersection_o1_c1_m3_boost_15_s40,boost_15,sh_mpcc_dro,77,40,36,0,0,37,0.0023317586353841973,0.004271502955007776,0.5458871642943655,0,0,0.6635551405421192,0,0,0
sh_mpcc_dro_four_way_intersection_o1_c1_m3_boost_15_s40,four_way_intersection_o1_c1_m3_boost_15_s40,boost_15,sh_mpcc_dro,77,40,37,0,0,38,0.002293652296927477,0.0043097354557171605,0.5322025726392996,0,0,0.5443037974683544,0,0,0
sh_mpcc_dro_four_way_intersection_o1_c1_m3_boost_15_s40,four_way_intersection_o1_c1_m3_boost_15_s40,boost_15,sh_mpcc_dro,77,40,38,0,0,39,0.002256159684929035,0.004346079931700074,0.5191252163755037,0,0,0.5308641975308642,0,0,0
sh_mpcc_dro_four_way_intersection_o1_c1_m3_boost_15_s40,four_way_intersection_o1_c1_m3_boost_15_s40,boost_15,sh_mpcc_dro,77,40,39,0,0,40,0.002219353207371088,0.004380672866671764,0.5066238166871501,0,0,0.5180722891566265,0,0,0
sh_mpcc_dro_four_way_intersection_o1_c1_m3_boost_15_s40,four_way_intersection_o1_c1_m3_boost_15_s40,boost_15,sh_mpcc_dro,77,40,4,0,0,5,0.005026940837067249,0.00444745133309557,1.1302969859747372,0,1,0.9355125031556162,1,0,0
sh_mpcc_dro_four_way_intersection_o1_c1_m3_boost_15_s40,four_way_intersection_o1_c1_m3_boost_15_s40,boost_15,sh_mpcc_dro,77,40,40,0,0,41,0.00218328391564473,0.004413637898821257,0.4946676564082922,0,0,0.5058823529411764,0,0,0
sh_mpcc_dro_four_way_intersection_o1_c1_m3_boost_15_s40,four_way_intersection_o1_c1_m3_boost_15_s40,boost_15,sh_mpcc_dro,77,40,41,0,0,42,0.0021561218158110793,0.0043121749586184695,0.5000079626875472,0,0,0.5172413793103449,0,0,0
sh_mpcc_dro_four_way_intersection_o1_c1_m3_boost_15_s40,four_way_intersection_o1_c1_m3_boost_15_s40,boost_15,sh_mpcc_dro,77,40,42,0,0,43,0.0021367853121637592,0.0044744877572739875,0.47754858836971376,0,0,0.5056179775280899,0,0,0
sh_mpcc_dro_four_way_intersection_o1_c1_m3_boost_15_s40,four_way_intersection_o1_c1_m3_boost_15_s40,boost_15,sh_mpcc_dro,77,40,43,0,0,44,0.0021040805763861093,0.004447451333096042,0.4730980552228725,0,0,0.4945054945054945,0,0,0
sh_mpcc_dro_four_way_intersection_o1_c1_m3_boost_15_s40,four_way_intersection_o1_c1_m3_boost_15_s40,boost_15,sh_mpcc_dro,77,40,44,0,0,45,0.0020720557474296106,0.004351807218405804,0.4761368423366571,0,0,0.4838709677419355,0,0,0
sh_mpcc_dro_four_way_intersection_o1_c1_m3_boost_15_s40,four_way_intersection_o1_c1_m3_boost_15_s40,boost_15,sh_mpcc_dro,77,40,45,0,0,46,0.0020493262565976747,0.00438190994502937,0.4676787707429572,0,0,0.49473684210526314,0,0,0
sh_mpcc_dro_four_way_intersection_o1_c1_m3_boost_15_s40,four_way_intersection_o1_c1_m3_boost_15_s40,boost_15,sh_mpcc_dro,77,40,46,0,0,47,0.002032514610801388,0.004410771322101138,0.4608070703228315,0,0,0.4845360824742268,0,0,0
sh_mpcc_dro_four_way_intersection_o1_c1_m3_boost_15_s40,four_way_intersection_o1_c1_m3_boost_15_s40,boost_15,sh_mpcc_dro,77,40,47,0,0,48,0.0020147356322725,0.004438466582928152,0.45392605635961225,0,0,0.47474747474747475,0,0,0
sh_mpcc_dro_four_way_intersection_o1_c1_m3_boost_15_s40,four_way_intersection_o1_c1_m3_boost_15_s40,boost_15,sh_mpcc_dro,77,40,48,0,0,49,0.001994787554410107,0.004465065001741762,0.4467544265608601,0,0,0.48514851485148514,0,0,0
sh_mpcc_dro_four_way_intersection_o1_c1_m3_boost_15_s40,four_way_intersection_o1_c1_m3_boost_15_s40,boost_15,sh_mpcc_dro,77,40,49,0,0,50,0.0019775895853334,0.004490630472252291,0.44038127776332775,0,0,0.47572815533980584,0,0,0
sh_mpcc_dro_four_way_intersection_o1_c1_m3_boost_15_s40,four_way_intersection_o1_c1_m3_boost_15_s40,boost_15,sh_mpcc_dro,77,40,5,0,0,6,0.005130175796328496,0.004625349386419347,1.109143411174816,0,1,1.0,1,1,1
sh_mpcc_dro_four_way_intersection_o1_c1_m3_boost_15_s40,four_way_intersection_o1_c1_m3_boost_15_s40,boost_15,sh_mpcc_dro,77,40,50,0,0,51,0.001951127762170452,0.0044050946537330165,0.44292527528710524,0,0,0.4666666666666667,0,0,0
sh_mpcc_dro_four_way_intersection_o1_c1_m3_boost_15_s40,four_way_intersection_o1_c1_m3_boost_15_s40,boost_15,sh_mpcc_dro,77,40,51,0,0,52,0.0019251675505047607,0.004322756435906231,0.44535647081887114,0,0,0.45794392523364486,0,0,0
sh_mpcc_dro_four_way_intersection_o1_c1_m3_boost_15_s40,four_way_intersection_o1_c1_m3_boost_15_s40,boost_15,sh_mpcc_dro,77,40,52,0,0,53,0.0019080588313677414,0.004349525799156112,0.43868203557683,0,0,0.46788990825688076,0,0,0
sh_mpcc_dro_four_way_intersection_o1_c1_m3_boost_15_s40,four_way_intersection_o1_c1_m3_boost_15_s40,boost_15,sh_mpcc_dro,77,40,53,0,0,54,0.0018833970448032858,0.004271155964937264,0.44095721632842544,0,0,0.4594594594594595,0,0,0
sh_mpcc_dro_four_way_intersection_o1_c1_m3_boost_15_s40,four_way_intersection_o1_c1_m3_boost_15_s40,boost_15,sh_mpcc_dro,77,40,54,0,0,55,0.0018669189915158835,0.004297891022779529,0.43438025338960573,0,0,0.4690265486725664,0,0,0
sh_mpcc_dro_four_way_intersection_o1_c1_m3_boost_15_s40,four_way_intersection_o1_c1_m3_boost_15_s40,boost_15,sh_mpcc_dro,77,40,55,0,0,56,0.0018503344302283268,0.0043236961655661165,0.42795200203112704,0,0,0.4782608695652174,0,0,0
sh_mpcc_dro_four_way_intersection_o1_c1_m3_boost_15_s40,four_way_intersection_o1_c1_m3_boost_15_s40,boost_15,sh_mpcc_dro,77,40,56,0,0,57,0.0018276124202723243,0.004249786829402775,0.4300480220861242,0,0,0.4700854700854701,0,0,0
sh_mpcc_dro_four_way_intersection_o1_c1_m3_boost_15_s40,four_way_intersection_o1_c1_m3_boost_15_s40,boost_15,sh_mpcc_dro,77,40,57,0,0,58,0.0018053030703846643,0.004178361840673317,0.43206001280486306,0,0,0.46218487394957986,0,0,0
sh_mpcc_dro_four_way_intersection_o1_c1_m3_boost_15_s40,four_way_intersection_o1_c1_m3_boost_15_s40,boost_15,sh_mpcc_dro,77,40,58,0,0,59,0.0017939980058035729,0.00420486307856342,0.42664837648328074,0,0,0.45454545454545453,0,0,0
sh_mpcc_dro_four_way_intersection_o1_c1_m3_boost_15_s40,four_way_intersection_o1_c1_m3_boost_15_s40,boost_15,sh_mpcc_dro,77,40,59,0,0,60,0.0017820842251104973,0.0042305024875789,0.42124646666509286,0,0,0.44715447154471544,0,0,0
sh_mpcc_dro_four_way_intersection_o1_c1_m3_boost_15_s40,four_way_intersection_o1_c1_m3_boost_15_s40,boost_15,sh_mpcc_dro,77,40,6,0,0,7,0.00503627391159802,0.004412972511356148,1.1412429827373491,0,1,1.0,1,1,1
sh_mpcc_dro_four_way_intersection_o1_c1_m3_boost_15_s40,four_way_intersection_o1_c1_m3_boost_15_s40,boost_15,sh_mpcc_dro,77,40,7,0,0,8,0.004685517803335156,0.004260190224333574,1.099837696582696,0,1,1.0,1,1,1
sh_mpcc_dro_four_way_intersection_o1_c1_m3_boost_15_s40,four_way_intersection_o1_c1_m3_boost_15_s40,boost_15,sh_mpcc_dro,77,40,8,0,0,9,0.004348947292469011,0.004405094653732674,0.9872539943685238,0,0,0.8490619906061998,0,0,0
sh_mpcc_dro_four_way_intersection_o1_c1_m3_boost_15_s40,four_way_intersection_o1_c1_m3_boost_15_s40,boost_15,sh_mpcc_dro,77,40,9,0,0,10,0.004277660768234608,0.004524798312801625,0.945381533610501,0,0,0.9152654564270961,1,0,0
sh_mpcc_dro_four_way_intersection_o1_c1_m3_boost_15_s40,four_way_intersection_o1_c1_m3_boost_15_s40,boost_15,sh_mpcc_dro,78,40,0,0,0,1,0.012750532197405169,0.005148107643063581,2.476741568250789,0,1,0.6,0,0,0
sh_mpcc_dro_four_way_intersection_o1_c1_m3_boost_15_s40,four_way_intersection_o1_c1_m3_boost_15_s40,boost_15,sh_mpcc_dro,78,40,1,0,0,2,0.01529236887253553,0.00735443949009083,2.079338458510679,0,1,0.42857142857142855,0,0,0
sh_mpcc_dro_four_way_intersection_o1_c1_m3_boost_15_s40,four_way_intersection_o1_c1_m3_boost_15_s40,boost_15,sh_mpcc_dro,78,40,10,0,0,11,0.00911372470209963,0.005655427606756029,1.611500550588303,0,1,0.68,0,0,0
sh_mpcc_dro_four_way_intersection_o1_c1_m3_boost_15_s40,four_way_intersection_o1_c1_m3_boost_15_s40,boost_15,sh_mpcc_dro,78,40,11,0,0,12,0.008654636992803035,0.00618986031052666,1.3981958491187114,0,1,0.4481544273476793,0,0,0
sh_mpcc_dro_four_way_intersection_o1_c1_m3_boost_15_s40,four_way_intersection_o1_c1_m3_boost_15_s40,boost_15,sh_mpcc_dro,78,40,12,0,0,13,0.00826338753691121,0.005762973392559305,1.4338757051317021,0,1,0.5456511622552278,0,0,0
sh_mpcc_dro_four_way_intersection_o1_c1_m3_boost_15_s40,four_way_intersection_o1_c1_m3_boost_15_s40,boost_15,sh_mpcc_dro,78,40,13,0,0,14,0.008203321985393442,0.00704782123025644,1.1639514847760912,0,1,0.5933865354276209,0,0,0
sh_mpcc_dro_four_way_intersection_o1_c1_m3_boost_15_s40,four_way_intersection_o1_c1_m3_boost_15_s40,boost_15,sh_mpcc_dro,78,40,14,0,0,15,0.007849217650897595,0.007400696859190129,1.0606052105958774,0,1,0.8142040866740307,0,0,0
sh_mpcc_dro_four_way_intersection_o1_c1_m3_boost_15_s40,four_way_intersection_o1_c1_m3_boost_15_s40,boost_15,sh_mpcc_dro,78,40,15,0,0,16,0.007514845937909101,0.007713243844816952,0.9742782789058111,0,0,0.5922736576318519,0,0,0
sh_mpcc_dro_four_way_intersection_o1_c1_m3_boost_15_s40,four_way_intersection_o1_c1_m3_boost_15_s40,boost_15,sh_mpcc_dro,78,40,16,0,0,17,0.0074011506837334505,0.008684317954657532,0.85224317239146,0,0,0.6257044345204488,0,0,0
sh_mpcc_dro_four_way_intersection_o1_c1_m3_boost_15_s40,four_way_intersection_o1_c1_m3_boost_15_s40,boost_15,sh_mpcc_dro,78,40,17,0,0,18,0.007202293736159498,0.008238968315957097,0.8741742242423989,0,0,0.6006537295839962,0,0,0
sh_mpcc_dro_four_way_intersection_o1_c1_m3_boost_15_s40,four_way_intersection_o1_c1_m3_boost_15_s40,boost_15,sh_mpcc_dro,78,40,18,0,0,19,0.007004138212214898,0.007837067422495823,0.8937192746498451,0,0,0.5773187783000193,0,0,0
sh_mpcc_dro_four_way_intersection_o1_c1_m3_boost_15_s40,four_way_intersection_o1_c1_m3_boost_15_s40,boost_15,sh_mpcc_dro,78,40,19,0,0,20,0.006809390023953392,0.007472552658658612,0.9112535347694339,0,0,0.5555693628610204,0,0,0
sh_mpcc_dro_four_way_intersection_o1_c1_m3_boost_15_s40,four_way_intersection_o1_c1_m3_boost_15_s40,boost_15,sh_mpcc_dro,78,40,2,0,0,3,0.015258945871189757,0.007143213577760304,2.1361458263962585,0,1,0.5555555555555556,0,0,0
sh_mpcc_dro_four_way_intersection_o1_c1_m3_boost_15_s40,four_way_intersection_o1_c1_m3_boost_15_s40,boost_15,sh_mpcc_dro,78,40,20,0,0,21,0.006590837930191554,0.007712451167502888,0.8545711067789509,0,0,0.5563202656156873,0,0,0
sh_mpcc_dro_four_way_intersection_o1_c1_m3_boost_15_s40,four_way_intersection_o1_c1_m3_boost_15_s40,boost_15,sh_mpcc_dro,78,40,21,0,0,22,0.006527603814115756,0.008476947495560957,0.770041788926262,0,0,0.5836598734665818,0,0,0
sh_mpcc_dro_four_way_intersection_o1_c1_m3_boost_15_s40,four_way_intersection_o1_c1_m3_boost_15_s40,boost_15,sh_mpcc_dro,78,40,22,0,0,23,0.00637645619958504,0.00813094963859945,0.7842203534645653,0,0,0.5643266499039028,0,0,0
sh_mpcc_dro_four_way_intersection_o1_c1_m3_boost_15_s40,four_way_intersection_o1_c1_m3_boost_15_s40,boost_15,sh_mpcc_dro,78,40,23,0,0,24,0.006193474345878248,0.008316805304052578,0.7446939202556921,0,0,0.5643685260384822,0,0,0
sh_mpcc_dro_four_way_intersection_o1_c1_m3_boost_15_s40,four_way_intersection_o1_c1_m3_boost_15_s40,boost_15,sh_mpcc_dro,78,40,24,0,0,25,0.006018093011505156,0.00848863412683015,0.7089589351582112,0,0,0.5094339622641509,0,0,0
sh_mpcc_dro_four_way_intersection_o1_c1_m3_boost_15_s40,four_way_intersection_o1_c1_m3_boost_15_s40,boost_15,sh_mpcc_dro,78,40,25,0,0,26,0.005850340019665595,0.008424176143194552,0.6944702864970098,0,0,0.4909090909090909,0,0,0
sh_mpcc_dro_four_way_intersection_o1_c1_m3_boost_15_s40,four_way_intersection_o1_c1_m3_boost_15_s40,boost_15,sh_mpcc_dro,78,40,26,0,0,27,0.005802875832223137,0.008580179405105573,0.6763117131059262,0,0,0.47368421052631576,0,0,0
sh_mpcc_dro_four_way_intersection_o1_c1_m3_boost_15_s40,four_way_intersection_o1_c1_m3_boost_15_s40,boost_15,sh_mpcc_dro,78,40,27,0,0,28,0.005650297179158891,0.008289325865949753,0.6816353067224371,0,0,0.4576271186440678,0,0,0
sh_mpcc_dro_four_way_intersection_o1_c1_m3_boost_15_s40,four_way_intersection_o1_c1_m3_boost_15_s40,boost_15,sh_mpcc_dro,78,40,28,0,0,29,0.005504381585655049,0.008017544690016913,0.6865420522705483,0,0,0.5827549700728223,0,0,0
sh_mpcc_dro_four_way_intersection_o1_c1_m3_boost_15_s40,four_way_intersection_o1_c1_m3_boost_15_s40,boost_15,sh_mpcc_dro,78,40,29,0,0,30,0.005364869485911035,0.007763019461762466,0.6910802571520321,0,0,0.5814612331426563,0,0,0
sh_mpcc_dro_four_way_intersection_o1_c1_m3_boost_15_s40,four_way_intersection_o1_c1_m3_boost_15_s40,boost_15,sh_mpcc_dro,78,40,3,0,0,4,0.014268347499695114,0.005844447472713078,2.4413509688147714,0,1,0.7826030268157129,0,0,0
sh_mpcc_dro_four_way_intersection_o1_c1_m3_boost_15_s40,four_way_intersection_o1_c1_m3_boost_15_s40,boost_15,sh_mpcc_dro,78,40,30,0,0,31,0.005231477795078896,0.007524157324477412,0.6952908570983724,0,0,0.575708501072919,0,0,0
sh_mpcc_dro_four_way_intersection_o1_c1_m3_boost_15_s40,four_way_intersection_o1_c1_m3_boost_15_s40,boost_15,sh_mpcc_dro,78,40,31,0,0,32,0.005163497514141195,0.007683742750841101,0.6720029133687451,0,0,0.5653748736530098,0,0,0
sh_mpcc_dro_four_way_intersection_o1_c1_m3_boost_15_s40,four_way_intersection_o1_c1_m3_boost_15_s40,boost_15,sh_mpcc_dro,78,40,32,0,0,33,0.005042288236299737,0.007461025569657094,0.6758170427408787,0,0,0.5511982856468821,0,0,0
sh_mpcc_dro_four_way_intersection_o1_c1_m3_boost_15_s40,four_way_intersection_o1_c1_m3_boost_15_s40,boost_15,sh_mpcc_dro,78,40,33,0,0,34,0.004926081271287359,0.007250855835300481,0.6793792875187151,0,0,0.5376784718415216,0,0,0
sh_mpcc_dro_four_way_intersection_o1_c1_m3_boost_15_s40,four_way_intersection_o1_c1_m3_boost_15_s40,boost_15,sh_mpcc_dro,78,40,34,0,0,35,0.004814639247604087,0.007052202250771774,0.682714289295544,0,0,0.5247749530386503,0,0,0
sh_mpcc_dro_four_way_intersection_o1_c1_m3_boost_15_s40,four_way_intersection_o1_c1_m3_boost_15_s40,boost_15,sh_mpcc_dro,78,40,35,0,0,36,0.004798056616869957,0.007207350700288686,0.6657171013861964,0,0,0.546134910109596,0,0,0
sh_mpcc_dro_four_way_intersection_o1_c1_m3_boost_15_s40,four_way_intersection_o1_c1_m3_boost_15_s40,boost_15,sh_mpcc_dro,78,40,36,0,0,37,0.004749249458723817,0.0073544394900907535,0.6457663381584517,0,0,0.797580764661962,0,0,0
sh_mpcc_dro_four_way_intersection_o1_c1_m3_boost_15_s40,four_way_intersection_o1_c1_m3_boost_15_s40,boost_15,sh_mpcc_dro,78,40,37,0,0,38,0.004725630070731644,0.00749408074623153,0.6305816858335791,0,0,0.5570475639030931,0,0,0
sh_mpcc_dro_four_way_intersection_o1_c1_m3_boost_15_s40,four_way_intersection_o1_c1_m3_boost_15_s40,boost_15,sh_mpcc_dro,78,40,38,0,0,39,0.004678718239365523,0.0076268261378718795,0.613455473454785,0,0,0.5487143546398963,0,0,0
sh_mpcc_dro_four_way_intersection_o1_c1_m3_boost_15_s40,four_way_intersection_o1_c1_m3_boost_15_s40,boost_15,sh_mpcc_dro,78,40,39,0,0,40,0.00462999099184984,0.007753174161240056,0.5971736085842435,0,0,0.42168674698795183,0,0,0
sh_mpcc_dro_four_way_intersection_o1_c1_m3_boost_15_s40,four_way_intersection_o1_c1_m3_boost_15_s40,boost_15,sh_mpcc_dro,78,40,4,0,0,5,0.013096255630230721,0.004945301707680327,2.6482217677217776,0,1,0.7020434342068751,0,0,0
sh_mpcc_dro_four_way_intersection_o1_c1_m3_boost_15_s40,four_way_intersection_o1_c1_m3_boost_15_s40,boost_15,sh_mpcc_dro,78,40,40,0,0,41,0.004580044003953628,0.007873576395273604,0.5816980459734872,0,0,0.43529411764705883,0,0,0
sh_mpcc_dro_four_way_intersection_o1_c1_m3_boost_15_s40,four_way_intersection_o1_c1_m3_boost_15_s40,boost_15,sh_mpcc_dro,78,40,41,0,0,42,0.004559400394162596,0.0079884428944089,0.5707495759096824,0,0,0.42528735632183906,0,0,0
sh_mpcc_dro_four_way_intersection_o1_c1_m3_boost_15_s40,four_way_intersection_o1_c1_m3_boost_15_s40,boost_15,sh_mpcc_dro,78,40,42,0,0,43,0.004532355872011378,0.008098146854257188,0.5596781527404289,0,0,0.4157303370786517,0,0,0
sh_mpcc_dro_four_way_intersection_o1_c1_m3_boost_15_s40,four_way_intersection_o1_c1_m3_boost_15_s40,boost_15,sh_mpcc_dro,78,40,43,0,0,44,0.004453657604563253,0.007920165604712922,0.5623187477182408,0,0,0.4065934065934066,0,0,0
sh_mpcc_dro_four_way_intersection_o1_c1_m3_boost_15_s40,four_way_intersection_o1_c1_m3_boost_15_s40,boost_15,sh_mpcc_dro,78,40,44,0,0,45,0.0044243513995467386,0.008026619443485948,0.5512098126362959,0,0,0.3978494623655914,0,0,0
sh_mpcc_dro_four_way_intersection_o1_c1_m3_boost_15_s40,four_way_intersection_o1_c1_m3_boost_15_s40,boost_15,sh_mpcc_dro,78,40,45,0,0,46,0.0043912169714859966,0.008128591015363397,0.540218712343431,0,0,0.3894736842105263,0,0,0
sh_mpcc_dro_four_way_intersection_o1_c1_m3_boost_15_s40,four_way_intersection_o1_c1_m3_boost_15_s40,boost_15,sh_mpcc_dro,78,40,46,0,0,47,0.0043551314866853855,0.00822635757396755,0.5294118870382286,0,0,0.38144329896907214,0,0,0
sh_mpcc_dro_four_way_intersection_o1_c1_m3_boost_15_s40,four_way_intersection_o1_c1_m3_boost_15_s40,boost_15,sh_mpcc_dro,78,40,47,0,0,48,0.0043225112667141085,0.008320173968587556,0.5195217411358892,0,0,0.3939393939393939,0,0,0
sh_mpcc_dro_four_way_intersection_o1_c1_m3_boost_15_s40,four_way_intersection_o1_c1_m3_boost_15_s40,boost_15,sh_mpcc_dro,78,40,48,0,0,49,0.004255891485494207,0.008155418048417544,0.5218483540914263,0,0,0.38613861386138615,0,0,0
sh_mpcc_dro_four_way_intersection_o1_c1_m3_boost_15_s40,four_way_intersection_o1_c1_m3_boost_15_s40,boost_15,sh_mpcc_dro,78,40,49,0,0,50,0.00419103950017502,0.007997060416409435,0.5240725068895674,0,0,0.3786407766990291,0,0,0
sh_mpcc_dro_four_way_intersection_o1_c1_m3_boost_15_s40,four_way_intersection_o1_c1_m3_boost_15_s40,boost_15,sh_mpcc_dro,78,40,5,0,0,6,0.011984024262521844,0.0042859281466562735,2.796132798416452,0,1,0.7333333333333333,0,0,0
sh_mpcc_dro_four_way_intersection_o1_c1_m3_boost_15_s40,four_way_intersection_o1_c1_m3_boost_15_s40,boost_15,sh_mpcc_dro,78,40,50,0,0,51,0.00415981264044483,0.00808988343909988,0.5141993295403612,0,0,0.37142857142857144,0,0,0
sh_mpcc_dro_four_way_intersection_o1_c1_m3_boost_15_s40,four_way_intersection_o1_c1_m3_boost_15_s40,boost_15,sh_mpcc_dro,78,40,51,0,0,52,0.0041266734425031764,0.008179236442250472,0.5045304010514391,0,0,0.3644859813084112,0,0,0
sh_mpcc_dro_four_way_intersection_o1_c1_m3_boost_15_s40,four_way_intersection_o1_c1_m3_boost_15_s40,boost_15,sh_mpcc_dro,78,40,52,0,0,53,0.004067615580847585,0.00802915870936496,0.5066054524620675,0,0,0.3761467889908257,0,0,0
sh_mpcc_dro_four_way_intersection_o1_c1_m3_boost_15_s40,four_way_intersection_o1_c1_m3_boost_15_s40,boost_15,sh_mpcc_dro,78,40,53,0,0,54,0.004010026008941373,0.007884489183070095,0.5085968051743756,0,0,0.38738738738738737,0,0,0
sh_mpcc_dro_four_way_intersection_o1_c1_m3_boost_15_s40,four_way_intersection_o1_c1_m3_boost_15_s40,boost_15,sh_mpcc_dro,78,40,54,0,0,55,0.003987476896408941,0.007972733075540691,0.5001392695112298,0,0,0.3805309734513274,0,0,0
sh_mpcc_dro_four_way_intersection_o1_c1_m3_boost_15_s40,four_way_intersection_o1_c1_m3_boost_15_s40,boost_15,sh_mpcc_dro,78,40,55,0,0,56,0.0039635576112566975,0.008057907615229894,0.491884221130229,0,0,0.3739130434782609,0,0,0
sh_mpcc_dro_four_way_intersection_o1_c1_m3_boost_15_s40,four_way_intersection_o1_c1_m3_boost_15_s40,boost_15,sh_mpcc_dro,78,40,56,0,0,57,0.003936380202911222,0.008140170204844081,0.48357468011771393,0,0,0.36752136752136755,0,0,0
sh_mpcc_dro_four_way_intersection_o1_c1_m3_boost_15_s40,four_way_intersection_o1_c1_m3_boost_15_s40,boost_15,sh_mpcc_dro,78,40,57,0,0,58,0.0039078407273676,0.008219667665395551,0.4754256359803259,0,0,0.36134453781512604,0,0,0
sh_mpcc_dro_four_way_intersection_o1_c1_m3_boost_15_s40,four_way_intersection_o1_c1_m3_boost_15_s40,boost_15,sh_mpcc_dro,78,40,58,0,0,59,0.0038576289828646236,0.008083805389934286,0.47720458333497595,0,0,0.371900826446281,0,0,0
sh_mpcc_dro_four_way_intersection_o1_c1_m3_boost_15_s40,four_way_intersection_o1_c1_m3_boost_15_s40,boost_15,sh_mpcc_dro,78,40,59,0,0,60,0.003829519346235837,0.008161634068271263,0.46920988054625895,0,0,0.36585365853658536,0,0,0
sh_mpcc_dro_four_way_intersection_o1_c1_m3_boost_15_s40,four_way_intersection_o1_c1_m3_boost_15_s40,boost_15,sh_mpcc_dro,78,40,6,0,0,7,0.010992054963098,0.003781701305873157,2.906642823965719,0,1,0.574915271487258,0,0,0
sh_mpcc_dro_four_way_intersection_o1_c1_m3_boost_15_s40,four_way_intersection_o1_c1_m3_boost_15_s40,boost_15,sh_mpcc_dro,78,40,7,0,0,8,0.010124300181929282,0.0033836274842024036,2.992143854250494,0,1,0.5256644194583824,0,0,0
sh_mpcc_dro_four_way_intersection_o1_c1_m3_boost_15_s40,four_way_intersection_o1_c1_m3_boost_15_s40,boost_15,sh_mpcc_dro,78,40,8,0,0,9,0.009368333696253998,0.0030613772476117285,3.0601696355986556,0,1,0.5162887391209325,0,0,0
sh_mpcc_dro_four_way_intersection_o1_c1_m3_boost_15_s40,four_way_intersection_o1_c1_m3_boost_15_s40,boost_15,sh_mpcc_dro,78,40,9,0,0,10,0.009574714969787112,0.005028050084938214,1.9042600626570267,0,1,0.7391304347826086,0,0,0
sh_mpcc_dro_four_way_intersection_o1_c1_m3_boost_30_s40,four_way_intersection_o1_c1_m3_boost_30_s40,boost_30,sh_mpcc_dro,77,40,0,0,0,1,0.007981268258392552,0.0034633562463640645,2.304489544432955,0,1,0.6,0,0,0
sh_mpcc_dro_four_way_intersection_o1_c1_m3_boost_30_s40,four_way_intersection_o1_c1_m3_boost_30_s40,boost_30,sh_mpcc_dro,77,40,1,0,0,2,0.005721403731458466,0.004955731485449349,1.1545023672604593,0,1,0.42857142857142855,0,0,0
sh_mpcc_dro_four_way_intersection_o1_c1_m3_boost_30_s40,four_way_intersection_o1_c1_m3_boost_30_s40,boost_30,sh_mpcc_dro,77,40,10,0,0,11,0.004199641869561981,0.003463356246364061,1.2125930949121666,0,1,1.0,1,1,1
sh_mpcc_dro_four_way_intersection_o1_c1_m3_boost_30_s40,four_way_intersection_o1_c1_m3_boost_30_s40,boost_30,sh_mpcc_dro,77,40,11,0,0,12,0.004037804527755944,0.004061262783581348,0.9942239010191019,0,0,0.9979663577244338,1,0,0
sh_mpcc_dro_four_way_intersection_o1_c1_m3_boost_30_s40,four_way_intersection_o1_c1_m3_boost_30_s40,boost_30,sh_mpcc_dro,77,40,12,0,0,13,0.0039010099528843595,0.0037811756950584087,1.0316923273315655,0,1,1.0,1,1,1
sh_mpcc_dro_four_way_intersection_o1_c1_m3_boost_30_s40,four_way_intersection_o1_c1_m3_boost_30_s40,boost_30,sh_mpcc_dro,77,40,13,0,0,14,0.0037632324566507585,0.0035372288760224645,1.0638928349138748,0,1,0.6129032258064516,0,0,0
sh_mpcc_dro_four_way_intersection_o1_c1_m3_boost_30_s40,four_way_intersection_o1_c1_m3_boost_30_s40,boost_30,sh_mpcc_dro,77,40,14,0,0,15,0.003628113115178438,0.003322851368384658,1.091867409327483,0,1,0.9999999999999999,1,1,0
sh_mpcc_dro_four_way_intersection_o1_c1_m3_boost_30_s40,four_way_intersection_o1_c1_m3_boost_30_s40,boost_30,sh_mpcc_dro,77,40,15,0,0,16,0.003491932334455921,0.003463356246364265,1.0082509814350327,0,1,1.0,1,1,1
sh_mpcc_dro_four_way_intersection_o1_c1_m3_boost_30_s40,four_way_intersection_o1_c1_m3_boost_30_s40,boost_30,sh_mpcc_dro,77,40,16,0,0,17,0.0033770712116356484,0.003276147800614845,1.030805512193883,0,1,1.0,1,1,1
sh_mpcc_dro_four_way_intersection_o1_c1_m3_boost_30_s40,four_way_intersection_o1_c1_m3_boost_30_s40,boost_30,sh_mpcc_dro,77,40,17,0,0,18,0.003266216037954354,0.003108140221096108,1.0508586503869182,0,1,1.0,1,1,1
sh_mpcc_dro_four_way_intersection_o1_c1_m3_boost_30_s40,four_way_intersection_o1_c1_m3_boost_30_s40,boost_30,sh_mpcc_dro,77,40,18,0,0,19,0.0032223645762571246,0.0035192111614717973,0.9156496806828363,0,0,0.9486574422098831,1,0,0
sh_mpcc_dro_four_way_intersection_o1_c1_m3_boost_30_s40,four_way_intersection_o1_c1_m3_boost_30_s40,boost_30,sh_mpcc_dro,77,40,19,0,0,20,0.003129192313143004,0.0033555269214032924,0.9325487133431686,0,0,0.9803786082303965,1,0,0
sh_mpcc_dro_four_way_intersection_o1_c1_m3_boost_30_s40,four_way_intersection_o1_c1_m3_boost_30_s40,boost_30,sh_mpcc_dro,77,40,2,0,0,3,0.006431664699528319,0.0044874411366013995,1.4332588447944286,0,1,1.0,1,1,1
sh_mpcc_dro_four_way_intersection_o1_c1_m3_boost_30_s40,four_way_intersection_o1_c1_m3_boost_30_s40,boost_30,sh_mpcc_dro,77,40,20,0,0,21,0.0030824596018500616,0.003719063258176382,0.8288268813587014,0,0,0.9448115785793758,1,0,0
sh_mpcc_dro_four_way_intersection_o1_c1_m3_boost_30_s40,four_way_intersection_o1_c1_m3_boost_30_s40,boost_30,sh_mpcc_dro,77,40,21,0,0,22,0.0030029475062186865,0.003560805247190105,0.8433338241647352,0,0,0.95163821665877,1,0,0
sh_mpcc_dro_four_way_intersection_o1_c1_m3_boost_30_s40,four_way_intersection_o1_c1_m3_boost_30_s40,boost_30,sh_mpcc_dro,77,40,22,0,0,23,0.0029565998971594703,0.00388628644113328,0.7607776580403827,0,0,0.5918367346938775,0,0,0
sh_mpcc_dro_four_way_intersection_o1_c1_m3_boost_30_s40,four_way_intersection_o1_c1_m3_boost_30_s40,boost_30,sh_mpcc_dro,77,40,23,0,0,24,0.0028878391540072498,0.003733883051284868,0.7734144627302973,0,0,0.9266547926966809,1,0,0
sh_mpcc_dro_four_way_intersection_o1_c1_m3_boost_30_s40,four_way_intersection_o1_c1_m3_boost_30_s40,boost_30,sh_mpcc_dro,77,40,24,0,0,25,0.002820533267550587,0.0035929818040666174,0.7850118429094864,0,0,0.6226415094339622,0,0,0
sh_mpcc_dro_four_way_intersection_o1_c1_m3_boost_30_s40,four_way_intersection_o1_c1_m3_boost_30_s40,boost_30,sh_mpcc_dro,77,40,25,0,0,26,0.0027549541858277976,0.003462327920282288,0.7956941830059767,0,0,0.6363636363636364,0,0,0
sh_mpcc_dro_four_way_intersection_o1_c1_m3_boost_30_s40,four_way_intersection_o1_c1_m3_boost_30_s40,boost_30,sh_mpcc_dro,77,40,26,0,0,27,0.0027239948902599348,0.0037455828879495597,0.7272552688724847,0,0,0.6140350877192983,0,0,0
sh_mpcc_dro_four_way_intersection_o1_c1_m3_boost_30_s40,four_way_intersection_o1_c1_m3_boost_30_s40,boost_30,sh_mpcc_dro,77,40,27,0,0,28,0.002666121477556266,0.0036186139764935524,0.7367797435358787,0,0,0.6271186440677966,0,0,0
sh_mpcc_dro_four_way_intersection_o1_c1_m3_boost_30_s40,four_way_intersection_o1_c1_m3_boost_30_s40,boost_30,sh_mpcc_dro,77,40,28,0,0,29,0.002635337817912523,0.0038781707149298334,0.6795311531200099,0,0,0.7845472074824467,0,0,0
sh_mpcc_dro_four_way_intersection_o1_c1_m3_boost_30_s40,four_way_intersection_o1_c1_m3_boost_30_s40,boost_30,sh_mpcc_dro,77,40,29,0,0,30,0.0025838339614483443,0.003755054184297037,0.6880949873515739,0,0,0.7969763029268677,0,0,0
sh_mpcc_dro_four_way_intersection_o1_c1_m3_boost_30_s40,four_way_intersection_o1_c1_m3_boost_30_s40,boost_30,sh_mpcc_dro,77,40,3,0,0,4,0.005835441740250549,0.0042048630785631305,1.3877840089491364,0,1,0.9999999999999999,1,1,0
sh_mpcc_dro_four_way_intersection_o1_c1_m3_boost_30_s40,four_way_intersection_o1_c1_m3_boost_30_s40,boost_30,sh_mpcc_dro,77,40,30,0,0,31,0.0025334105057190906,0.0036395140555495363,0.6960848253508302,0,0,0.8082774300910465,0,0,0
sh_mpcc_dro_four_way_intersection_o1_c1_m3_boost_30_s40,four_way_intersection_o1_c1_m3_boost_30_s40,boost_30,sh_mpcc_dro,77,40,31,0,0,32,0.0024841699026787187,0.0035308718449361706,0.7035570849849483,0,0,0.8185862247588047,0,0,0
sh_mpcc_dro_four_way_intersection_o1_c1_m3_boost_30_s40,four_way_intersection_o1_c1_m3_boost_30_s40,boost_30,sh_mpcc_dro,77,40,32,0,0,33,0.0024361778997643757,0.003428527733488863,0.7105609431035069,0,0,0.8280182818128887,0,0,0
sh_mpcc_dro_four_way_intersection_o1_c1_m3_boost_30_s40,four_way_intersection_o1_c1_m3_boost_30_s40,boost_30,sh_mpcc_dro,77,40,33,0,0,34,0.0023894725060201977,0.0033319494874751252,0.717139474953711,0,0,0.8366726377624207,0,0,0
sh_mpcc_dro_four_way_intersection_o1_c1_m3_boost_30_s40,four_way_intersection_o1_c1_m3_boost_30_s40,boost_30,sh_mpcc_dro,77,40,34,0,0,35,0.0023524731885633567,0.00339906557639397,0.6920940875342183,0,0,0.8186977210239166,0,0,0
sh_mpcc_dro_four_way_intersection_o1_c1_m3_boost_30_s40,four_way_intersection_o1_c1_m3_boost_30_s40,boost_30,sh_mpcc_dro,77,40,35,0,0,36,0.002309513385989487,0.0033084238276901313,0.6980705938156474,0,0,0.8269691622497501,0,0,0
sh_mpcc_dro_four_way_intersection_o1_c1_m3_boost_30_s40,four_way_intersection_o1_c1_m3_boost_30_s40,boost_30,sh_mpcc_dro,77,40,36,0,0,37,0.0022976828330268195,0.003522103585381021,0.6523609477482918,0,0,0.7877578874585863,0,0,0
sh_mpcc_dro_four_way_intersection_o1_c1_m3_boost_30_s40,four_way_intersection_o1_c1_m3_boost_30_s40,boost_30,sh_mpcc_dro,77,40,37,0,0,38,0.002263236793887293,0.0035793082220304025,0.6323112326446831,0,0,0.620253164556962,0,0,0
sh_mpcc_dro_four_way_intersection_o1_c1_m3_boost_30_s40,four_way_intersection_o1_c1_m3_boost_30_s40,boost_30,sh_mpcc_dro,77,40,38,0,0,39,0.002228908228831378,0.003633687938351246,0.6134011138674516,0,0,0.6049382716049383,0,0,0
sh_mpcc_dro_four_way_intersection_o1_c1_m3_boost_30_s40,four_way_intersection_o1_c1_m3_boost_30_s40,boost_30,sh_mpcc_dro,77,40,39,0,0,40,0.0021948596302975823,0.0036854469454518086,0.5955477484233622,0,0,0.5903614457831325,0,0,0
sh_mpcc_dro_four_way_intersection_o1_c1_m3_boost_30_s40,four_way_intersection_o1_c1_m3_boost_30_s40,boost_30,sh_mpcc_dro,77,40,4,0,0,5,0.005026940837067249,0.00444745133309557,1.1302969859747372,0,1,0.9355125031556162,1,0,0
sh_mpcc_dro_four_way_intersection_o1_c1_m3_boost_30_s40,four_way_intersection_o1_c1_m3_boost_30_s40,boost_30,sh_mpcc_dro,77,40,40,0,0,41,0.0021612276422862094,0.003734770234571169,0.578677537450805,0,0,0.5764705882352941,0,0,0
sh_mpcc_dro_four_way_intersection_o1_c1_m3_boost_30_s40,four_way_intersection_o1_c1_m3_boost_30_s40,boost_30,sh_mpcc_dro,77,40,41,0,0,42,0.0021294767424310107,0.003648913447569533,0.5835920125344195,0,0,0.5862068965517241,0,0,0
sh_mpcc_dro_four_way_intersection_o1_c1_m3_boost_30_s40,four_way_intersection_o1_c1_m3_boost_30_s40,boost_30,sh_mpcc_dro,77,40,42,0,0,43,0.0021186362295115397,0.0038261309992822555,0.5537280950152974,0,0,0.5730337078651685,0,0,0
sh_mpcc_dro_four_way_intersection_o1_c1_m3_boost_30_s40,four_way_intersection_o1_c1_m3_boost_30_s40,boost_30,sh_mpcc_dro,77,40,43,0,0,44,0.002087761754155707,0.0038691102461779264,0.539597380616923,0,0,0.5604395604395604,0,0,0
sh_mpcc_dro_four_way_intersection_o1_c1_m3_boost_30_s40,four_way_intersection_o1_c1_m3_boost_30_s40,boost_30,sh_mpcc_dro,77,40,44,0,0,45,0.0020573580260377653,0.003910240923314413,0.5261461036252211,0,0,0.5483870967741935,0,0,0
sh_mpcc_dro_four_way_intersection_o1_c1_m3_boost_30_s40,four_way_intersection_o1_c1_m3_boost_30_s40,boost_30,sh_mpcc_dro,77,40,45,0,0,46,0.0020307226530189046,0.0038279200617709523,0.530502889362692,0,0,0.5578947368421052,0,0,0
sh_mpcc_dro_four_way_intersection_o1_c1_m3_boost_30_s40,four_way_intersection_o1_c1_m3_boost_30_s40,boost_30,sh_mpcc_dro,77,40,46,0,0,47,0.0020204758536529316,0.003986830874905235,0.5067874502454176,0,0,0.5463917525773195,0,0,0
sh_mpcc_dro_four_way_intersection_o1_c1_m3_boost_30_s40,four_way_intersection_o1_c1_m3_boost_30_s40,boost_30,sh_mpcc_dro,77,40,47,0,0,48,0.002008490373737757,0.004139321049125515,0.4852221777197196,0,0,0.5353535353535354,0,0,0
sh_mpcc_dro_four_way_intersection_o1_c1_m3_boost_30_s40,four_way_intersection_o1_c1_m3_boost_30_s40,boost_30,sh_mpcc_dro,77,40,48,0,0,49,0.001984910491912159,0.004057354295677992,0.4892130061273036,0,0,0.5445544554455446,0,0,0
sh_mpcc_dro_four_way_intersection_o1_c1_m3_boost_30_s40,four_way_intersection_o1_c1_m3_boost_30_s40,boost_30,sh_mpcc_dro,77,40,49,0,0,50,0.001972808318843735,0.004202553134572998,0.46943090442191,0,0,0.5339805825242718,0,0,0
sh_mpcc_dro_four_way_intersection_o1_c1_m3_boost_30_s40,four_way_intersection_o1_c1_m3_boost_30_s40,boost_30,sh_mpcc_dro,77,40,5,0,0,6,0.005130175796328496,0.004625349386419347,1.109143411174816,0,1,1.0,1,1,1
sh_mpcc_dro_four_way_intersection_o1_c1_m3_boost_30_s40,four_way_intersection_o1_c1_m3_boost_30_s40,boost_30,sh_mpcc_dro,77,40,50,0,0,51,0.00194719222253045,0.00423263186978213,0.4600428958709985,0,0,0.5238095238095238,0,0,0
sh_mpcc_dro_four_way_intersection_o1_c1_m3_boost_30_s40,four_way_intersection_o1_c1_m3_boost_30_s40,boost_30,sh_mpcc_dro,77,40,51,0,0,52,0.0019260340385183483,0.004153517255393679,0.4637115774629892,0,0,0.5327102803738317,0,0,0
sh_mpcc_dro_four_way_intersection_o1_c1_m3_boost_30_s40,four_way_intersection_o1_c1_m3_boost_30_s40,boost_30,sh_mpcc_dro,77,40,52,0,0,53,0.0019050378242340049,0.004077305929606128,0.46722955233776964,0,0,0.5412844036697247,0,0,0
sh_mpcc_dro_four_way_intersection_o1_c1_m3_boost_30_s40,four_way_intersection_o1_c1_m3_boost_30_s40,boost_30,sh_mpcc_dro,77,40,53,0,0,54,0.0018842440887266733,0.004003840957901256,0.47060912472266664,0,0,0.5495495495495496,0,0,0
sh_mpcc_dro_four_way_intersection_o1_c1_m3_boost_30_s40,four_way_intersection_o1_c1_m3_boost_30_s40,boost_30,sh_mpcc_dro,77,40,54,0,0,55,0.0018636566741427089,0.00393297651616858,0.4738540050979615,0,0,0.5575221238938053,0,0,0
sh_mpcc_dro_four_way_intersection_o1_c1_m3_boost_30_s40,four_way_intersection_o1_c1_m3_boost_30_s40,boost_30,sh_mpcc_dro,77,40,55,0,0,56,0.0018432960266897146,0.003864576924583361,0.4769722695812142,0,0,0.5652173913043478,0,0,0
sh_mpcc_dro_four_way_intersection_o1_c1_m3_boost_30_s40,four_way_intersection_o1_c1_m3_boost_30_s40,boost_30,sh_mpcc_dro,77,40,56,0,0,57,0.0018224167680828353,0.003897348032419726,0.46760431783952355,0,0,0.5555555555555556,0,0,0
sh_mpcc_dro_four_way_intersection_o1_c1_m3_boost_30_s40,four_way_intersection_o1_c1_m3_boost_30_s40,boost_30,sh_mpcc_dro,77,40,57,0,0,58,0.0018017854083879742,0.003929017590413093,0.45858420506550496,0,0,0.5462184873949579,0,0,0
sh_mpcc_dro_four_way_intersection_o1_c1_m3_boost_30_s40,four_way_intersection_o1_c1_m3_boost_30_s40,boost_30,sh_mpcc_dro,77,40,58,0,0,59,0.0017948828537762993,0.00405473786989049,0.4426631045880101,0,0,0.5371900826446281,0,0,0
sh_mpcc_dro_four_way_intersection_o1_c1_m3_boost_30_s40,four_way_intersection_o1_c1_m3_boost_30_s40,boost_30,sh_mpcc_dro,77,40,59,0,0,60,0.0017770691637315139,0.003988807172819364,0.44551393104205833,0,0,0.5447154471544715,0,0,0
sh_mpcc_dro_four_way_intersection_o1_c1_m3_boost_30_s40,four_way_intersection_o1_c1_m3_boost_30_s40,boost_30,sh_mpcc_dro,77,40,6,0,0,7,0.00503627391159802,0.004412972511356148,1.1412429827373491,0,1,1.0,1,1,1
sh_mpcc_dro_four_way_intersection_o1_c1_m3_boost_30_s40,four_way_intersection_o1_c1_m3_boost_30_s40,boost_30,sh_mpcc_dro,77,40,7,0,0,8,0.004685517803335156,0.004260190224333574,1.099837696582696,0,1,1.0,1,1,1
sh_mpcc_dro_four_way_intersection_o1_c1_m3_boost_30_s40,four_way_intersection_o1_c1_m3_boost_30_s40,boost_30,sh_mpcc_dro,77,40,8,0,0,9,0.0045462338981982365,0.004123043150433432,1.10264038777288,0,1,1.0,1,1,1
sh_mpcc_dro_four_way_intersection_o1_c1_m3_boost_30_s40,four_way_intersection_o1_c1_m3_boost_30_s40,boost_30,sh_mpcc_dro,77,40,9,0,0,10,0.004377642840726125,0.0037645176590912887,1.1628695193271688,0,1,1.0,1,1,1
sh_mpcc_dro_four_way_intersection_o1_c1_m3_boost_30_s40,four_way_intersection_o1_c1_m3_boost_30_s40,boost_30,sh_mpcc_dro,78,40,0,0,0,1,0.012750532197405169,0.005148107643063581,2.476741568250789,0,1,0.6,0,0,0
sh_mpcc_dro_four_way_intersection_o1_c1_m3_boost_30_s40,four_way_intersection_o1_c1_m3_boost_30_s40,boost_30,sh_mpcc_dro,78,40,1,0,0,2,0.01529236887253553,0.00735443949009083,2.079338458510679,0,1,0.42857142857142855,0,0,0
sh_mpcc_dro_four_way_intersection_o1_c1_m3_boost_30_s40,four_way_intersection_o1_c1_m3_boost_30_s40,boost_30,sh_mpcc_dro,78,40,10,0,0,11,0.00911372470209963,0.005655427606756029,1.611500550588303,0,1,0.68,0,0,0
sh_mpcc_dro_four_way_intersection_o1_c1_m3_boost_30_s40,four_way_intersection_o1_c1_m3_boost_30_s40,boost_30,sh_mpcc_dro,78,40,11,0,0,12,0.008654636992803035,0.00618986031052666,1.3981958491187114,0,1,0.4481544273476793,0,0,0
sh_mpcc_dro_four_way_intersection_o1_c1_m3_boost_30_s40,four_way_intersection_o1_c1_m3_boost_30_s40,boost_30,sh_mpcc_dro,78,40,12,0,0,13,0.00826338753691121,0.005762973392559305,1.4338757051317021,0,1,0.5456511622552278,0,0,0
sh_mpcc_dro_four_way_intersection_o1_c1_m3_boost_30_s40,four_way_intersection_o1_c1_m3_boost_30_s40,boost_30,sh_mpcc_dro,78,40,13,0,0,14,0.008203321985393442,0.00704782123025644,1.1639514847760912,0,1,0.5933865354276209,0,0,0
sh_mpcc_dro_four_way_intersection_o1_c1_m3_boost_30_s40,four_way_intersection_o1_c1_m3_boost_30_s40,boost_30,sh_mpcc_dro,78,40,14,0,0,15,0.007849217650897595,0.007400696859190129,1.0606052105958774,0,1,0.8142040866740307,0,0,0
sh_mpcc_dro_four_way_intersection_o1_c1_m3_boost_30_s40,four_way_intersection_o1_c1_m3_boost_30_s40,boost_30,sh_mpcc_dro,78,40,15,0,0,16,0.007578875724325661,0.006977799895807836,1.0861411673440138,0,1,0.566265240819184,0,0,0
sh_mpcc_dro_four_way_intersection_o1_c1_m3_boost_30_s40,four_way_intersection_o1_c1_m3_boost_30_s40,boost_30,sh_mpcc_dro,78,40,16,0,0,17,0.0074809874897283505,0.007988627732621682,0.9364546377821094,0,0,0.6018522481560333,0,0,0
sh_mpcc_dro_four_way_intersection_o1_c1_m3_boost_30_s40,four_way_intersection_o1_c1_m3_boost_30_s40,boost_30,sh_mpcc_dro,78,40,17,0,0,18,0.0072559114314280655,0.007578954515564349,0.9573762999272692,0,0,0.5771631068816291,0,0,0
sh_mpcc_dro_four_way_intersection_o1_c1_m3_boost_30_s40,four_way_intersection_o1_c1_m3_boost_30_s40,boost_30,sh_mpcc_dro,78,40,18,0,0,19,0.007036713220466247,0.007209249417243957,0.976067384162765,0,0,0.5542564172606662,0,0,0
sh_mpcc_dro_four_way_intersection_o1_c1_m3_boost_30_s40,four_way_intersection_o1_c1_m3_boost_30_s40,boost_30,sh_mpcc_dro,78,40,19,0,0,20,0.00682493088838672,0.006873935490860395,0.9928709539769711,0,0,0.5329753019240578,0,0,0
sh_mpcc_dro_four_way_intersection_o1_c1_m3_boost_30_s40,four_way_intersection_o1_c1_m3_boost_30_s40,boost_30,sh_mpcc_dro,78,40,2,0,0,3,0.015258945871189757,0.007143213577760304,2.1361458263962585,0,1,0.5555555555555556,0,0,0
sh_mpcc_dro_four_way_intersection_o1_c1_m3_boost_30_s40,four_way_intersection_o1_c1_m3_boost_30_s40,boost_30,sh_mpcc_dro,78,40,20,0,0,21,0.006619938239415771,0.007140439207162626,0.9271051888202148,0,0,0.5352853382813243,0,0,0
sh_mpcc_dro_four_way_intersection_o1_c1_m3_boost_30_s40,four_way_intersection_o1_c1_m3_boost_30_s40,boost_30,sh_mpcc_dro,78,40,21,0,0,22,0.006566753132265643,0.007929276469703258,0.8281654899228649,0,0,0.5639596190725521,0,0,0
sh_mpcc_dro_four_way_intersection_o1_c1_m3_boost_30_s40,four_way_intersection_o1_c1_m3_boost_30_s40,boost_30,sh_mpcc_dro,78,40,22,0,0,23,0.006402278831605096,0.007605632532164255,0.84178124627108,0,0,0.5449737267850182,0,0,0
sh_mpcc_dro_four_way_intersection_o1_c1_m3_boost_30_s40,four_way_intersection_o1_c1_m3_boost_30_s40,boost_30,sh_mpcc_dro,78,40,23,0,0,24,0.00624224753741473,0.007307372432863788,0.854239686667834,0,0,0.5271475798700515,0,0,0
sh_mpcc_dro_four_way_intersection_o1_c1_m3_boost_30_s40,four_way_intersection_o1_c1_m3_boost_30_s40,boost_30,sh_mpcc_dro,78,40,24,0,0,25,0.006081878921312508,0.007517293062101325,0.809051725277879,0,0,0.5849056603773585,0,0,0
sh_mpcc_dro_four_way_intersection_o1_c1_m3_boost_30_s40,four_way_intersection_o1_c1_m3_boost_30_s40,boost_30,sh_mpcc_dro,78,40,25,0,0,26,0.005926006532659907,0.007711946736485233,0.7684190172922175,0,0,0.5636363636363636,0,0,0
sh_mpcc_dro_four_way_intersection_o1_c1_m3_boost_30_s40,four_way_intersection_o1_c1_m3_boost_30_s40,boost_30,sh_mpcc_dro,78,40,26,0,0,27,0.005887553134348269,0.008342338601060045,0.7057437267770633,0,0,0.5535244549390173,0,0,0
sh_mpcc_dro_four_way_intersection_o1_c1_m3_boost_30_s40,four_way_intersection_o1_c1_m3_boost_30_s40,boost_30,sh_mpcc_dro,78,40,27,0,0,28,0.005742417175000233,0.00849582777077526,0.6759102620645788,0,0,0.5254237288135594,0,0,0
sh_mpcc_dro_four_way_intersection_o1_c1_m3_boost_30_s40,four_way_intersection_o1_c1_m3_boost_30_s40,boost_30,sh_mpcc_dro,78,40,28,0,0,29,0.005633506998287049,0.008217276040585907,0.6855686690410087,0,0,0.5387228165741427,0,0,0
sh_mpcc_dro_four_way_intersection_o1_c1_m3_boost_30_s40,four_way_intersection_o1_c1_m3_boost_30_s40,boost_30,sh_mpcc_dro,78,40,29,0,0,30,0.005502462334339396,0.008364990106207264,0.6577966338843938,0,0,0.539316317446005,0,0,0
sh_mpcc_dro_four_way_intersection_o1_c1_m3_boost_30_s40,four_way_intersection_o1_c1_m3_boost_30_s40,boost_30,sh_mpcc_dro,78,40,3,0,0,4,0.014268347499695114,0.005844447472713078,2.4413509688147714,0,1,0.7826030268157129,0,0,0
sh_mpcc_dro_four_way_intersection_o1_c1_m3_boost_30_s40,four_way_intersection_o1_c1_m3_boost_30_s40,boost_30,sh_mpcc_dro,78,40,30,0,0,31,0.0054033730284947625,0.00810760579524704,0.6664572951564082,0,0,0.525456485666269,0,0,0
sh_mpcc_dro_four_way_intersection_o1_c1_m3_boost_30_s40,four_way_intersection_o1_c1_m3_boost_30_s40,boost_30,sh_mpcc_dro,78,40,31,0,0,32,0.005305616792158995,0.007865587711806623,0.6745353286436575,0,0,0.5122456389920151,0,0,0
sh_mpcc_dro_four_way_intersection_o1_c1_m3_boost_30_s40,four_way_intersection_o1_c1_m3_boost_30_s40,boost_30,sh_mpcc_dro,78,40,32,0,0,33,0.005193923178241843,0.008010650940671833,0.6483771689353177,0,0,0.513494692845926,0,0,0
sh_mpcc_dro_four_way_intersection_o1_c1_m3_boost_30_s40,four_way_intersection_o1_c1_m3_boost_30_s40,boost_30,sh_mpcc_dro,78,40,33,0,0,34,0.0050855355529590505,0.008147541593262989,0.6241803732753154,0,0,0.5145570679440798,0,0,0
sh_mpcc_dro_four_way_intersection_o1_c1_m3_boost_30_s40,four_way_intersection_o1_c1_m3_boost_30_s40,boost_30,sh_mpcc_dro,78,40,34,0,0,35,0.004980502402453797,0.008276931388177915,0.6017329574058733,0,0,0.5154605779461721,0,0,0
sh_mpcc_dro_four_way_intersection_o1_c1_m3_boost_30_s40,four_way_intersection_o1_c1_m3_boost_30_s40,boost_30,sh_mpcc_dro,78,40,35,0,0,36,0.004903337478044415,0.008056213217826505,0.6086404797721195,0,0,0.5038821182330563,0,0,0
sh_mpcc_dro_four_way_intersection_o1_c1_m3_boost_30_s40,four_way_intersection_o1_c1_m3_boost_30_s40,boost_30,sh_mpcc_dro,78,40,36,0,0,37,0.004826960163419691,0.00784696092645447,0.6151375301419628,0,0,0.5072202989638098,0,0,0
sh_mpcc_dro_four_way_intersection_o1_c1_m3_boost_30_s40,four_way_intersection_o1_c1_m3_boost_30_s40,boost_30,sh_mpcc_dro,78,40,37,0,0,38,0.004751590248990024,0.0076483036878101434,0.6212606668015945,0,0,0.5443037974683544,0,0,0
sh_mpcc_dro_four_way_intersection_o1_c1_m3_boost_30_s40,four_way_intersection_o1_c1_m3_boost_30_s40,boost_30,sh_mpcc_dro,78,40,38,0,0,39,0.004677393352497135,0.007459456683173193,0.6270420958470408,0,0,0.5555555555555556,0,0,0
sh_mpcc_dro_four_way_intersection_o1_c1_m3_boost_30_s40,four_way_intersection_o1_c1_m3_boost_30_s40,boost_30,sh_mpcc_dro,78,40,39,0,0,40,0.004604492180458407,0.007279710739000493,0.6325103215695361,0,0,0.5662650602409639,0,0,0
sh_mpcc_dro_four_way_intersection_o1_c1_m3_boost_30_s40,four_way_intersection_o1_c1_m3_boost_30_s40,boost_30,sh_mpcc_dro,78,40,4,0,0,5,0.013096255630230721,0.004945301707680327,2.6482217677217776,0,1,0.7020434342068751,0,0,0
sh_mpcc_dro_four_way_intersection_o1_c1_m3_boost_30_s40,four_way_intersection_o1_c1_m3_boost_30_s40,boost_30,sh_mpcc_dro,78,40,40,0,0,41,0.004532975367321126,0.007108423427494162,0.6376906797347432,0,0,0.5764705882352941,0,0,0
sh_mpcc_dro_four_way_intersection_o1_c1_m3_boost_30_s40,four_way_intersection_o1_c1_m3_boost_30_s40,boost_30,sh_mpcc_dro,78,40,41,0,0,42,0.004462904453332587,0.006945011394678295,0.6426057784084191,0,0,0.5862068965517241,0,0,0
sh_mpcc_dro_four_way_intersection_o1_c1_m3_boost_30_s40,four_way_intersection_o1_c1_m3_boost_30_s40,boost_30,sh_mpcc_dro,78,40,42,0,0,43,0.004479435306458614,0.00736598001225528,0.6081248250749899,0,0,0.5730337078651685,0,0,0
sh_mpcc_dro_four_way_intersection_o1_c1_m3_boost_30_s40,four_way_intersection_o1_c1_m3_boost_30_s40,boost_30,sh_mpcc_dro,78,40,43,0,0,44,0.004410612687786492,0.007486953398967942,0.5891064699821004,0,0,0.5604395604395604,0,0,0
sh_mpcc_dro_four_way_intersection_o1_c1_m3_boost_30_s40,four_way_intersection_o1_c1_m3_boost_30_s40,boost_30,sh_mpcc_dro,78,40,44,0,0,45,0.004348419622478153,0.007325943648452468,0.593564437722192,0,0,0.5698924731182796,0,0,0
sh_mpcc_dro_four_way_intersection_o1_c1_m3_boost_30_s40,four_way_intersection_o1_c1_m3_boost_30_s40,boost_30,sh_mpcc_dro,78,40,45,0,0,46,0.004356413811563517,0.007712305147997482,0.5648653324738674,0,0,0.5578947368421052,0,0,0
sh_mpcc_dro_four_way_intersection_o1_c1_m3_boost_30_s40,four_way_intersection_o1_c1_m3_boost_30_s40,boost_30,sh_mpcc_dro,78,40,46,0,0,47,0.0043552889400357625,0.008082734214572736,0.53883856927813,0,0,0.5463917525773195,0,0,0
sh_mpcc_dro_four_way_intersection_o1_c1_m3_boost_30_s40,four_way_intersection_o1_c1_m3_boost_30_s40,boost_30,sh_mpcc_dro,78,40,47,0,0,48,0.004299464134236678,0.007919446654682121,0.5428995637838859,0,0,0.5555555555555556,0,0,0
sh_mpcc_dro_four_way_intersection_o1_c1_m3_boost_30_s40,four_way_intersection_o1_c1_m3_boost_30_s40,boost_30,sh_mpcc_dro,78,40,48,0,0,49,0.004239554433713208,0.00801748274286003,0.5287887195627261,0,0,0.5445544554455446,0,0,0
sh_mpcc_dro_four_way_intersection_o1_c1_m3_boost_30_s40,four_way_intersection_o1_c1_m3_boost_30_s40,boost_30,sh_mpcc_dro,78,40,49,0,0,50,0.00418072012657134,0.008111711604312514,0.5153930921741227,0,0,0.5339805825242718,0,0,0
sh_mpcc_dro_four_way_intersection_o1_c1_m3_boost_30_s40,four_way_intersection_o1_c1_m3_boost_30_s40,boost_30,sh_mpcc_dro,78,40,5,0,0,6,0.011984024262521844,0.0042859281466562735,2.796132798416452,0,1,0.7333333333333333,0,0,0
sh_mpcc_dro_four_way_intersection_o1_c1_m3_boost_30_s40,four_way_intersection_o1_c1_m3_boost_30_s40,boost_30,sh_mpcc_dro,78,40,50,0,0,51,0.004176915905740242,0.008446309761884978,0.4945255411527877,0,0,0.5238095238095238,0,0,0
sh_mpcc_dro_four_way_intersection_o1_c1_m3_boost_30_s40,four_way_intersection_o1_c1_m3_boost_30_s40,boost_30,sh_mpcc_dro,78,40,51,0,0,52,0.0041676017980461465,0.008768399577118153,0.47529788776070836,0,0,0.514018691588785,0,0,0
sh_mpcc_dro_four_way_intersection_o1_c1_m3_boost_30_s40,four_way_intersection_o1_c1_m3_boost_30_s40,boost_30,sh_mpcc_dro,78,40,52,0,0,53,0.004111860580270431,0.008843663238229382,0.4649499273667141,0,0,0.5045871559633027,0,0,0
sh_mpcc_dro_four_way_intersection_o1_c1_m3_boost_30_s40,four_way_intersection_o1_c1_m3_boost_30_s40,boost_30,sh_mpcc_dro,78,40,53,0,0,54,0.004057215272220824,0.008812076145784756,0.460415366946368,0,0,0.4954954954954955,0,0,0
sh_mpcc_dro_four_way_intersection_o1_c1_m3_boost_30_s40,four_way_intersection_o1_c1_m3_boost_30_s40,boost_30,sh_mpcc_dro,78,40,54,0,0,55,0.0040157291821116894,0.008758405585684269,0.458500025241518,0,0,0.504424778761062,0,0,0
sh_mpcc_dro_four_way_intersection_o1_c1_m3_boost_30_s40,four_way_intersection_o1_c1_m3_boost_30_s40,boost_30,sh_mpcc_dro,78,40,55,0,0,56,0.00397448437834677,0.008606085488541528,0.4618225537776206,0,0,0.5130434782608696,0,0,0
sh_mpcc_dro_four_way_intersection_o1_c1_m3_boost_30_s40,four_way_intersection_o1_c1_m3_boost_30_s40,boost_30,sh_mpcc_dro,78,40,56,0,0,57,0.00396661050347778,0.008897915050735308,0.44579100619194906,0,0,0.5042735042735043,0,0,0
sh_mpcc_dro_four_way_intersection_o1_c1_m3_boost_30_s40,four_way_intersection_o1_c1_m3_boost_30_s40,boost_30,sh_mpcc_dro,78,40,57,0,0,58,0.003955144899307403,0.009084895840700224,0.43535390704078314,0,0,0.4957983193277311,0,0,0
sh_mpcc_dro_four_way_intersection_o1_c1_m3_boost_30_s40,four_way_intersection_o1_c1_m3_boost_30_s40,boost_30,sh_mpcc_dro,78,40,58,0,0,59,0.003907114183593691,0.00893473227308578,0.437295048600745,0,0,0.48760330578512395,0,0,0
sh_mpcc_dro_four_way_intersection_o1_c1_m3_boost_30_s40,four_way_intersection_o1_c1_m3_boost_30_s40,boost_30,sh_mpcc_dro,78,40,59,0,0,60,0.0038711410414803216,0.00899872474194064,0.43018773798446935,0,0,0.4959349593495935,0,0,0
sh_mpcc_dro_four_way_intersection_o1_c1_m3_boost_30_s40,four_way_intersection_o1_c1_m3_boost_30_s40,boost_30,sh_mpcc_dro,78,40,6,0,0,7,0.010992054963098,0.003781701305873157,2.906642823965719,0,1,0.574915271487258,0,0,0
sh_mpcc_dro_four_way_intersection_o1_c1_m3_boost_30_s40,four_way_intersection_o1_c1_m3_boost_30_s40,boost_30,sh_mpcc_dro,78,40,7,0,0,8,0.010124300181929282,0.0033836274842024036,2.992143854250494,0,1,0.5256644194583824,0,0,0
sh_mpcc_dro_four_way_intersection_o1_c1_m3_boost_30_s40,four_way_intersection_o1_c1_m3_boost_30_s40,boost_30,sh_mpcc_dro,78,40,8,0,0,9,0.009368333696253998,0.0030613772476117285,3.0601696355986556,0,1,0.5162887391209325,0,0,0
sh_mpcc_dro_four_way_intersection_o1_c1_m3_boost_30_s40,four_way_intersection_o1_c1_m3_boost_30_s40,boost_30,sh_mpcc_dro,78,40,9,0,0,10,0.009574714969787112,0.005028050084938214,1.9042600626570267,0,1,0.7391304347826086,0,0,0
sh_mpcc_dro_four_way_intersection_o1_c1_m3_boost_5_s40,four_way_intersection_o1_c1_m3_boost_5_s40,boost_5,sh_mpcc_dro,77,40,0,0,0,1,0.007981268258392552,0.0034633562463640645,2.304489544432955,0,1,0.6,0,0,0
sh_mpcc_dro_four_way_intersection_o1_c1_m3_boost_5_s40,four_way_intersection_o1_c1_m3_boost_5_s40,boost_5,sh_mpcc_dro,77,40,1,0,0,2,0.005721403731458466,0.004955731485449349,1.1545023672604593,0,1,0.42857142857142855,0,0,0
sh_mpcc_dro_four_way_intersection_o1_c1_m3_boost_5_s40,four_way_intersection_o1_c1_m3_boost_5_s40,boost_5,sh_mpcc_dro,77,40,10,0,0,11,0.004042377051398116,0.0041628144477773785,0.9710682765493986,0,0,0.8605386748289197,0,0,0
sh_mpcc_dro_four_way_intersection_o1_c1_m3_boost_5_s40,four_way_intersection_o1_c1_m3_boost_5_s40,boost_5,sh_mpcc_dro,77,40,11,0,0,12,0.00382829732953454,0.00428273091335121,0.8938916329298218,0,0,0.868601857583801,0,0,0
sh_mpcc_dro_four_way_intersection_o1_c1_m3_boost_5_s40,four_way_intersection_o1_c1_m3_boost_5_s40,boost_5,sh_mpcc_dro,77,40,12,0,0,13,0.0037735421440345867,0.004386107176777046,0.8603397025987454,0,0,0.8958054200806377,0,0,0
sh_mpcc_dro_four_way_intersection_o1_c1_m3_boost_5_s40,four_way_intersection_o1_c1_m3_boost_5_s40,boost_5,sh_mpcc_dro,77,40,13,0,0,14,0.003599413478997266,0.004476144567502555,0.8041325352021735,0,0,0.8440215002424092,0,0,0
sh_mpcc_dro_four_way_intersection_o1_c1_m3_boost_5_s40,four_way_intersection_o1_c1_m3_boost_5_s40,boost_5,sh_mpcc_dro,77,40,14,0,0,15,0.0035480568361644094,0.004555268335110038,0.7788908523384939,0,0,0.8679340631749837,0,0,0
sh_mpcc_dro_four_way_intersection_o1_c1_m3_boost_5_s40,four_way_intersection_o1_c1_m3_boost_5_s40,boost_5,sh_mpcc_dro,77,40,15,0,0,16,0.0034093418350578685,0.004294967287389357,0.7937992554840143,0,0,0.8523901971793995,0,0,0
sh_mpcc_dro_four_way_intersection_o1_c1_m3_boost_5_s40,four_way_intersection_o1_c1_m3_boost_5_s40,boost_5,sh_mpcc_dro,77,40,16,0,0,17,0.00335211656540987,0.0043753305006669135,0.7661401955575518,0,0,0.871384487949949,0,0,0
sh_mpcc_dro_four_way_intersection_o1_c1_m3_boost_5_s40,four_way_intersection_o1_c1_m3_boost_5_s40,boost_5,sh_mpcc_dro,77,40,17,0,0,18,0.003229075619085532,0.004150954577555736,0.7779115764227306,0,0,0.8565122523683212,0,0,0
sh_mpcc_dro_four_way_intersection_o1_c1_m3_boost_5_s40,four_way_intersection_o1_c1_m3_boost_5_s40,boost_5,sh_mpcc_dro,77,40,18,0,0,19,0.003131110352391807,0.004230502487578618,0.740127292581723,0,0,0.8198937268616602,0,0,0
sh_mpcc_dro_four_way_intersection_o1_c1_m3_boost_5_s40,four_way_intersection_o1_c1_m3_boost_5_s40,boost_5,sh_mpcc_dro,77,40,19,0,0,20,0.003033840896330535,0.00430265059201796,0.705109753034269,0,0,0.3953488372093023,0,0,0
sh_mpcc_dro_four_way_intersection_o1_c1_m3_boost_5_s40,four_way_intersection_o1_c1_m3_boost_5_s40,boost_5,sh_mpcc_dro,77,40,2,0,0,3,0.006431664699528319,0.0044874411366013995,1.4332588447944286,0,1,1.0,1,1,1
sh_mpcc_dro_four_way_intersection_o1_c1_m3_boost_5_s40,four_way_intersection_o1_c1_m3_boost_5_s40,boost_5,sh_mpcc_dro,77,40,20,0,0,21,0.0029389357974054773,0.004368385531618314,0.6727739060880732,0,0,0.7544824820890749,0,0,0
sh_mpcc_dro_four_way_intersection_o1_c1_m3_boost_5_s40,four_way_intersection_o1_c1_m3_boost_5_s40,boost_5,sh_mpcc_dro,77,40,21,0,0,22,0.002914365495148359,0.004428526008273842,0.6580892806553313,0,0,0.7736417804948801,0,0,0
sh_mpcc_dro_four_way_intersection_o1_c1_m3_boost_5_s40,four_way_intersection_o1_c1_m3_boost_5_s40,boost_5,sh_mpcc_dro,77,40,22,0,0,23,0.002830893331568398,0.004483757058263696,0.6313663507595664,0,0,0.3877551020408163,0,0,0
sh_mpcc_dro_four_way_intersection_o1_c1_m3_boost_5_s40,four_way_intersection_o1_c1_m3_boost_5_s40,boost_5,sh_mpcc_dro,77,40,23,0,0,24,0.002806553905448079,0.004534656261195437,0.618912160876381,0,0,0.7626491301586884,0,0,0
sh_mpcc_dro_four_way_intersection_o1_c1_m3_boost_5_s40,four_way_intersection_o1_c1_m3_boost_5_s40,boost_5,sh_mpcc_dro,77,40,24,0,0,25,0.0027764690610029355,0.0045817140148494175,0.6059891673736836,0,0,0.4339622641509434,0,0,0
sh_mpcc_dro_four_way_intersection_o1_c1_m3_boost_5_s40,four_way_intersection_o1_c1_m3_boost_5_s40,boost_5,sh_mpcc_dro,77,40,25,0,0,26,0.0027422655279603575,0.004625349386419307,0.5928774885659546,0,0,0.45454545454545453,0,0,0
sh_mpcc_dro_four_way_intersection_o1_c1_m3_boost_5_s40,four_way_intersection_o1_c1_m3_boost_5_s40,boost_5,sh_mpcc_dro,77,40,26,0,0,27,0.0026807276775257455,0.00466592262665106,0.5745332471254078,0,0,0.43859649122807015,0,0,0
sh_mpcc_dro_four_way_intersection_o1_c1_m3_boost_5_s40,four_way_intersection_o1_c1_m3_boost_5_s40,boost_5,sh_mpcc_dro,77,40,27,0,0,28,0.002620011060001399,0.004703745138731498,0.5570053186827127,0,0,0.423728813559322,0,0,0
sh_mpcc_dro_four_way_intersection_o1_c1_m3_boost_5_s40,four_way_intersection_o1_c1_m3_boost_5_s40,boost_5,sh_mpcc_dro,77,40,28,0,0,29,0.002560519954123208,0.004739087486085442,0.540298097817611,0,0,0.7217554621196328,0,0,0
sh_mpcc_dro_four_way_intersection_o1_c1_m3_boost_5_s40,four_way_intersection_o1_c1_m3_boost_5_s40,boost_5,sh_mpcc_dro,77,40,29,0,0,30,0.0025080245870661285,0.0045886402643049076,0.5465725013521074,0,0,0.6142509746850215,0,0,0
sh_mpcc_dro_four_way_intersection_o1_c1_m3_boost_5_s40,four_way_intersection_o1_c1_m3_boost_5_s40,boost_5,sh_mpcc_dro,77,40,3,0,0,4,0.005835441740250549,0.0042048630785631305,1.3877840089491364,0,1,0.9999999999999999,1,1,0
sh_mpcc_dro_four_way_intersection_o1_c1_m3_boost_5_s40,four_way_intersection_o1_c1_m3_boost_5_s40,boost_5,sh_mpcc_dro,77,40,30,0,0,31,0.0024878932075129505,0.004625349386419347,0.5378822224365888,0,0,0.538700415310277,0,0,0
sh_mpcc_dro_four_way_intersection_o1_c1_m3_boost_5_s40,four_way_intersection_o1_c1_m3_boost_5_s40,boost_5,sh_mpcc_dro,77,40,31,0,0,32,0.002438199265890873,0.004487279255481508,0.5433580410473566,0,0,0.5481997741757454,0,0,0
sh_mpcc_dro_four_way_intersection_o1_c1_m3_boost_5_s40,four_way_intersection_o1_c1_m3_boost_5_s40,boost_5,sh_mpcc_dro,77,40,32,0,0,33,0.0024169290513575263,0.004524798312801594,0.534151775233723,0,0,0.5237233227228786,0,0,0
sh_mpcc_dro_four_way_intersection_o1_c1_m3_boost_5_s40,four_way_intersection_o1_c1_m3_boost_5_s40,boost_5,sh_mpcc_dro,77,40,33,0,0,34,0.0023935921957832043,0.004560203620413402,0.5248871311510022,0,0,0.5011933096094929,0,0,0
sh_mpcc_dro_four_way_intersection_o1_c1_m3_boost_5_s40,four_way_intersection_o1_c1_m3_boost_5_s40,boost_5,sh_mpcc_dro,77,40,34,0,0,35,0.0023484218136647873,0.0044352665349226186,0.5294883171447914,0,0,0.5113122204498053,0,0,0
sh_mpcc_dro_four_way_intersection_o1_c1_m3_boost_5_s40,four_way_intersection_o1_c1_m3_boost_5_s40,boost_5,sh_mpcc_dro,77,40,35,0,0,36,0.002325179880586916,0.004471171073538643,0.5200382276464063,0,0,0.5091678715953625,0,0,0
sh_mpcc_dro_four_way_intersection_o1_c1_m3_boost_5_s40,four_way_intersection_o1_c1_m3_boost_5_s40,boost_5,sh_mpcc_dro,77,40,36,0,0,37,0.0022897887758771994,0.004505210441317568,0.5082534557936301,0,0,0.5258131574046272,0,0,0
sh_mpcc_dro_four_way_intersection_o1_c1_m3_boost_5_s40,four_way_intersection_o1_c1_m3_boost_5_s40,boost_5,sh_mpcc_dro,77,40,37,0,0,38,0.0022495373543982276,0.004391154480777822,0.512288366133673,0,0,0.4177215189873418,0,0,0
sh_mpcc_dro_four_way_intersection_o1_c1_m3_boost_5_s40,four_way_intersection_o1_c1_m3_boost_5_s40,boost_5,sh_mpcc_dro,77,40,38,0,0,39,0.002210289277724641,0.004282730913351208,0.5160934278719613,0,0,0.4074074074074074,0,0,0
sh_mpcc_dro_four_way_intersection_o1_c1_m3_boost_5_s40,four_way_intersection_o1_c1_m3_boost_5_s40,boost_5,sh_mpcc_dro,77,40,39,0,0,40,0.002172053287095303,0.004179532578089734,0.5196880862902726,0,0,0.39759036144578314,0,0,0
sh_mpcc_dro_four_way_intersection_o1_c1_m3_boost_5_s40,four_way_intersection_o1_c1_m3_boost_5_s40,boost_5,sh_mpcc_dro,77,40,4,0,0,5,0.005026940837067249,0.00444745133309557,1.1302969859747372,0,1,0.9355125031556162,1,0,0
sh_mpcc_dro_four_way_intersection_o1_c1_m3_boost_5_s40,four_way_intersection_o1_c1_m3_boost_5_s40,boost_5,sh_mpcc_dro,77,40,40,0,0,41,0.002134828430152445,0.0040811906350758575,0.5230896130664978,0,0,0.38823529411764707,0,0,0
sh_mpcc_dro_four_way_intersection_o1_c1_m3_boost_5_s40,four_way_intersection_o1_c1_m3_boost_5_s40,boost_5,sh_mpcc_dro,77,40,41,0,0,42,0.002118148374619623,0.004120282499396495,0.5140784339253126,0,0,0.40229885057471265,0,0,0
sh_mpcc_dro_four_way_intersection_o1_c1_m3_boost_5_s40,four_way_intersection_o1_c1_m3_boost_5_s40,boost_5,sh_mpcc_dro,77,40,42,0,0,43,0.0020921076615115445,0.0041576174259949404,0.5031986946251775,0,0,0.39325842696629215,0,0,0
sh_mpcc_dro_four_way_intersection_o1_c1_m3_boost_5_s40,four_way_intersection_o1_c1_m3_boost_5_s40,boost_5,sh_mpcc_dro,77,40,43,0,0,44,0.002058532851972395,0.004066241218830161,0.5062495659233481,0,0,0.38461538461538464,0,0,0
sh_mpcc_dro_four_way_intersection_o1_c1_m3_boost_5_s40,four_way_intersection_o1_c1_m3_boost_5_s40,boost_5,sh_mpcc_dro,77,40,44,0,0,45,0.0020258093158674194,0.003978795171113384,0.5091514462908474,0,0,0.3763440860215054,0,0,0
sh_mpcc_dro_four_way_intersection_o1_c1_m3_boost_5_s40,four_way_intersection_o1_c1_m3_boost_5_s40,boost_5,sh_mpcc_dro,77,40,45,0,0,46,0.0020117907971903943,0.004016750782943072,0.5008502906710971,0,0,0.3894736842105263,0,0,0
sh_mpcc_dro_four_way_intersection_o1_c1_m3_boost_5_s40,four_way_intersection_o1_c1_m3_boost_5_s40,boost_5,sh_mpcc_dro,77,40,46,0,0,47,0.0019897297109684447,0.004053141214903573,0.4909105322193374,0,0,0.38144329896907214,0,0,0
sh_mpcc_dro_four_way_intersection_o1_c1_m3_boost_5_s40,four_way_intersection_o1_c1_m3_boost_5_s40,boost_5,sh_mpcc_dro,77,40,47,0,0,48,0.0019673686705546927,0.004088061326380718,0.48124734769976224,0,0,0.37373737373737376,0,0,0
sh_mpcc_dro_four_way_intersection_o1_c1_m3_boost_5_s40,four_way_intersection_o1_c1_m3_boost_5_s40,boost_5,sh_mpcc_dro,77,40,48,0,0,49,0.0019448407595297826,0.004121598463146096,0.47186565525969454,0,0,0.36633663366336633,0,0,0
sh_mpcc_dro_four_way_intersection_o1_c1_m3_boost_5_s40,four_way_intersection_o1_c1_m3_boost_5_s40,boost_5,sh_mpcc_dro,77,40,49,0,0,50,0.0019222531738711493,0.004153833186832949,0.4627660975805225,0,0,0.3592233009708738,0,0,0
sh_mpcc_dro_four_way_intersection_o1_c1_m3_boost_5_s40,four_way_intersection_o1_c1_m3_boost_5_s40,boost_5,sh_mpcc_dro,77,40,5,0,0,6,0.005130175796328496,0.004625349386419347,1.109143411174816,0,1,1.0,1,1,1
sh_mpcc_dro_four_way_intersection_o1_c1_m3_boost_5_s40,four_way_intersection_o1_c1_m3_boost_5_s40,boost_5,sh_mpcc_dro,77,40,50,0,0,51,0.001895928028892736,0.004074712554702758,0.4652912330477358,0,0,0.3523809523809524,0,0,0
sh_mpcc_dro_four_way_intersection_o1_c1_m3_boost_5_s40,four_way_intersection_o1_c1_m3_boost_5_s40,boost_5,sh_mpcc_dro,77,40,51,0,0,52,0.001870160393425484,0.003998549703212987,0.4677096778171193,0,0,0.34579439252336447,0,0,0
sh_mpcc_dro_four_way_intersection_o1_c1_m3_boost_5_s40,four_way_intersection_o1_c1_m3_boost_5_s40,boost_5,sh_mpcc_dro,77,40,52,0,0,53,0.0018449459411301683,0.003925181818750363,0.4700281480763438,0,0,0.3394495412844037,0,0,0
sh_mpcc_dro_four_way_intersection_o1_c1_m3_boost_5_s40,four_way_intersection_o1_c1_m3_boost_5_s40,boost_5,sh_mpcc_dro,77,40,53,0,0,54,0.0018202784978216284,0.003854457822016122,0.4722527997126997,0,0,0.3333333333333333,0,0,0
sh_mpcc_dro_four_way_intersection_o1_c1_m3_boost_5_s40,four_way_intersection_o1_c1_m3_boost_5_s40,boost_5,sh_mpcc_dro,77,40,54,0,0,55,0.0018126051445407736,0.0038885680682286543,0.4661369205159531,0,0,0.34513274336283184,0,0,0
sh_mpcc_dro_four_way_intersection_o1_c1_m3_boost_5_s40,four_way_intersection_o1_c1_m3_boost_5_s40,boost_5,sh_mpcc_dro,77,40,55,0,0,56,0.0018040927720803354,0.003921491871094711,0.46005266143181134,0,0,0.3565217391304348,0,0,0
sh_mpcc_dro_four_way_intersection_o1_c1_m3_boost_5_s40,four_way_intersection_o1_c1_m3_boost_5_s40,boost_5,sh_mpcc_dro,77,40,56,0,0,57,0.0017809799414673349,0.00385445782201626,0.4620571877306748,0,0,0.3504273504273504,0,0,0
sh_mpcc_dro_four_way_intersection_o1_c1_m3_boost_5_s40,four_way_intersection_o1_c1_m3_boost_5_s40,boost_5,sh_mpcc_dro,77,40,57,0,0,58,0.0017583574674860387,0.0037896770182848953,0.4639861019823329,0,0,0.3445378151260504,0,0,0
sh_mpcc_dro_four_way_intersection_o1_c1_m3_boost_5_s40,four_way_intersection_o1_c1_m3_boost_5_s40,boost_5,sh_mpcc_dro,77,40,58,0,0,59,0.0017429708360977832,0.0038226027986938077,0.4559644116551582,0,0,0.33884297520661155,0,0,0
sh_mpcc_dro_four_way_intersection_o1_c1_m3_boost_5_s40,four_way_intersection_o1_c1_m3_boost_5_s40,boost_5,sh_mpcc_dro,77,40,59,0,0,60,0.001727409084851087,0.00385445782201616,0.44815877215839584,0,0,0.3333333333333333,0,0,0
sh_mpcc_dro_four_way_intersection_o1_c1_m3_boost_5_s40,four_way_intersection_o1_c1_m3_boost_5_s40,boost_5,sh_mpcc_dro,77,40,6,0,0,7,0.00503627391159802,0.004412972511356148,1.1412429827373491,0,1,1.0,1,1,1
sh_mpcc_dro_four_way_intersection_o1_c1_m3_boost_5_s40,four_way_intersection_o1_c1_m3_boost_5_s40,boost_5,sh_mpcc_dro,77,40,7,0,0,8,0.004685517803335156,0.004260190224333574,1.099837696582696,0,1,1.0,1,1,1
sh_mpcc_dro_four_way_intersection_o1_c1_m3_boost_5_s40,four_way_intersection_o1_c1_m3_boost_5_s40,boost_5,sh_mpcc_dro,77,40,8,0,0,9,0.004348947292469011,0.004405094653732674,0.9872539943685238,0,0,0.8490619906061998,0,0,0
sh_mpcc_dro_four_way_intersection_o1_c1_m3_boost_5_s40,four_way_intersection_o1_c1_m3_boost_5_s40,boost_5,sh_mpcc_dro,77,40,9,0,0,10,0.004277660768234608,0.004524798312801625,0.945381533610501,0,0,0.9152654564270961,1,0,0
sh_mpcc_dro_four_way_intersection_o1_c1_m3_boost_5_s40,four_way_intersection_o1_c1_m3_boost_5_s40,boost_5,sh_mpcc_dro,78,40,0,0,0,1,0.012750532197405169,0.005148107643063581,2.476741568250789,0,1,0.6,0,0,0
sh_mpcc_dro_four_way_intersection_o1_c1_m3_boost_5_s40,four_way_intersection_o1_c1_m3_boost_5_s40,boost_5,sh_mpcc_dro,78,40,1,0,0,2,0.01529236887253553,0.00735443949009083,2.079338458510679,0,1,0.42857142857142855,0,0,0
sh_mpcc_dro_four_way_intersection_o1_c1_m3_boost_5_s40,four_way_intersection_o1_c1_m3_boost_5_s40,boost_5,sh_mpcc_dro,78,40,10,0,0,11,0.00895191128646418,0.01029621528612712,0.8694370734968777,0,0,0.44,0,0,0
sh_mpcc_dro_four_way_intersection_o1_c1_m3_boost_5_s40,four_way_intersection_o1_c1_m3_boost_5_s40,boost_5,sh_mpcc_dro,78,40,11,0,0,12,0.00852209840739552,0.009533532672339926,0.8939077150405195,0,0,0.5893213813383069,0,0,0
sh_mpcc_dro_four_way_intersection_o1_c1_m3_boost_5_s40,four_way_intersection_o1_c1_m3_boost_5_s40,boost_5,sh_mpcc_dro,78,40,12,0,0,13,0.008400213336030329,0.009763652426499837,0.8603556301565022,0,0,0.4482758620689655,0,0,0
sh_mpcc_dro_four_way_intersection_o1_c1_m3_boost_5_s40,four_way_intersection_o1_c1_m3_boost_5_s40,boost_5,sh_mpcc_dro,78,40,13,0,0,14,0.00801258732083499,0.009964079309155114,0.8041472846841886,0,0,0.7795070149278549,0,0,0
sh_mpcc_dro_four_way_intersection_o1_c1_m3_boost_5_s40,four_way_intersection_o1_c1_m3_boost_5_s40,boost_5,sh_mpcc_dro,78,40,14,0,0,15,0.007686212725085576,0.009360195714661023,0.821159403007625,0,0,0.5375914701128115,0,0,0
sh_mpcc_dro_four_way_intersection_o1_c1_m3_boost_5_s40,four_way_intersection_o1_c1_m3_boost_5_s40,boost_5,sh_mpcc_dro,78,40,15,0,0,16,0.0073778046468727185,0.008825327388108964,0.8359808449501145,0,0,0.7583653384166195,0,0,0
sh_mpcc_dro_four_way_intersection_o1_c1_m3_boost_5_s40,four_way_intersection_o1_c1_m3_boost_5_s40,boost_5,sh_mpcc_dro,78,40,16,0,0,17,0.007097210742240712,0.009043972886463036,0.7847448053348075,0,0,0.7760300602798934,0,0,0
sh_mpcc_dro_four_way_intersection_o1_c1_m3_boost_5_s40,four_way_intersection_o1_c1_m3_boost_5_s40,boost_5,sh_mpcc_dro,78,40,17,0,0,18,0.007049170618780654,0.009240193205498704,0.7628813015063144,0,0,0.7485367074683108,0,0,0
sh_mpcc_dro_four_way_intersection_o1_c1_m3_boost_5_s40,four_way_intersection_o1_c1_m3_boost_5_s40,boost_5,sh_mpcc_dro,78,40,18,0,0,19,0.00697010844483795,0.009417270078774798,0.7401410797963196,0,0,0.7223349977261226,0,0,0
sh_mpcc_dro_four_way_intersection_o1_c1_m3_boost_5_s40,four_way_intersection_o1_c1_m3_boost_5_s40,boost_5,sh_mpcc_dro,78,40,19,0,0,20,0.00687038717134185,0.009577874684769257,0.7173185489957542,0,0,0.697479699284795,0,0,0
sh_mpcc_dro_four_way_intersection_o1_c1_m3_boost_5_s40,four_way_intersection_o1_c1_m3_boost_5_s40,boost_5,sh_mpcc_dro,78,40,2,0,0,3,0.015258945871189757,0.007143213577760304,2.1361458263962585,0,1,0.5555555555555556,0,0,0
sh_mpcc_dro_four_way_intersection_o1_c1_m3_boost_5_s40,four_way_intersection_o1_c1_m3_boost_5_s40,boost_5,sh_mpcc_dro,78,40,20,0,0,21,0.006650123902329351,0.00915219136544627,0.7266154778446424,0,0,0.6919624122097289,0,0,0
sh_mpcc_dro_four_way_intersection_o1_c1_m3_boost_5_s40,four_way_intersection_o1_c1_m3_boost_5_s40,boost_5,sh_mpcc_dro,78,40,21,0,0,22,0.006477769400588386,0.009310407439582974,0.6957557381482903,0,0,0.7093787130416878,0,0,0
sh_mpcc_dro_four_way_intersection_o1_c1_m3_boost_5_s40,four_way_intersection_o1_c1_m3_boost_5_s40,boost_5,sh_mpcc_dro,78,40,22,0,0,23,0.006396910426718721,0.009455707915830874,0.6765131160628309,0,0,0.6875721921418493,0,0,0
sh_mpcc_dro_four_way_intersection_o1_c1_m3_boost_5_s40,four_way_intersection_o1_c1_m3_boost_5_s40,boost_5,sh_mpcc_dro,78,40,23,0,0,24,0.006214905728880968,0.009084895840700342,0.6840921280614121,0,0,0.6828502015426128,0,0,0
sh_mpcc_dro_four_way_intersection_o1_c1_m3_boost_5_s40,four_way_intersection_o1_c1_m3_boost_5_s40,boost_5,sh_mpcc_dro,78,40,24,0,0,25,0.006040933197062165,0.008742069582560706,0.6910186586838708,0,0,0.39622641509433965,0,0,0
sh_mpcc_dro_four_way_intersection_o1_c1_m3_boost_5_s40,four_way_intersection_o1_c1_m3_boost_5_s40,boost_5,sh_mpcc_dro,78,40,25,0,0,26,0.005874807555043449,0.00842417614319486,0.6973747290159859,0,0,0.6738212059418032,0,0,0
sh_mpcc_dro_four_way_intersection_o1_c1_m3_boost_5_s40,four_way_intersection_o1_c1_m3_boost_5_s40,boost_5,sh_mpcc_dro,78,40,26,0,0,27,0.005759947522701215,0.008580179405105878,0.6713085182430563,0,0,0.3684210526315789,0,0,0
sh_mpcc_dro_four_way_intersection_o1_c1_m3_boost_5_s40,four_way_intersection_o1_c1_m3_boost_5_s40,boost_5,sh_mpcc_dro,78,40,27,0,0,28,0.005612454065008634,0.008289325865949663,0.6770700242420311,0,0,0.3559322033898305,0,0,0
sh_mpcc_dro_four_way_intersection_o1_c1_m3_boost_5_s40,four_way_intersection_o1_c1_m3_boost_5_s40,boost_5,sh_mpcc_dro,78,40,28,0,0,29,0.005471254891231152,0.008017544690016887,0.6824102768075283,0,0,0.3770491803278688,0,0,0
sh_mpcc_dro_four_way_intersection_o1_c1_m3_boost_5_s40,four_way_intersection_o1_c1_m3_boost_5_s40,boost_5,sh_mpcc_dro,78,40,29,0,0,30,0.005336100220503078,0.007763019461762383,0.6873743195913181,0,0,0.6755789476383878,0,0,0
sh_mpcc_dro_four_way_intersection_o1_c1_m3_boost_5_s40,four_way_intersection_o1_c1_m3_boost_5_s40,boost_5,sh_mpcc_dro,78,40,3,0,0,4,0.012990149238117837,0.009360195714660865,1.3878074384461192,0,1,0.9146434789326872,1,0,0
sh_mpcc_dro_four_way_intersection_o1_c1_m3_boost_5_s40,four_way_intersection_o1_c1_m3_boost_5_s40,boost_5,sh_mpcc_dro,78,40,30,0,0,31,0.005206723847648415,0.007524157324477388,0.6920009275603581,0,0,0.6660928499583636,0,0,0
sh_mpcc_dro_four_way_intersection_o1_c1_m3_boost_5_s40,four_way_intersection_o1_c1_m3_boost_5_s40,boost_5,sh_mpcc_dro,78,40,31,0,0,32,0.005174520275542497,0.007683742750841008,0.673437469646694,0,0,0.6557835639681759,0,0,0
sh_mpcc_dro_four_way_intersection_o1_c1_m3_boost_5_s40,four_way_intersection_o1_c1_m3_boost_5_s40,boost_5,sh_mpcc_dro,78,40,32,0,0,33,0.005055014802592026,0.0074610255696572845,0.6775227822767298,0,0,0.6391436418995531,0,0,0
sh_mpcc_dro_four_way_intersection_o1_c1_m3_boost_5_s40,four_way_intersection_o1_c1_m3_boost_5_s40,boost_5,sh_mpcc_dro,78,40,33,0,0,34,0.0049404000597943485,0.007250855835300741,0.6813540597155504,0,0,0.7003535707327382,0,0,0
sh_mpcc_dro_four_way_intersection_o1_c1_m3_boost_5_s40,four_way_intersection_o1_c1_m3_boost_5_s40,boost_5,sh_mpcc_dro,78,40,34,0,0,35,0.004830437574046997,0.007052202250771954,0.6849544868793637,0,0,0.706580609860629,0,0,0
sh_mpcc_dro_four_way_intersection_o1_c1_m3_boost_5_s40,four_way_intersection_o1_c1_m3_boost_5_s40,boost_5,sh_mpcc_dro,78,40,35,0,0,36,0.004775041043662246,0.0072073507002889375,0.6625237541820767,0,0,0.6243466356752958,0,0,0
sh_mpcc_dro_four_way_intersection_o1_c1_m3_boost_5_s40,four_way_intersection_o1_c1_m3_boost_5_s40,boost_5,sh_mpcc_dro,78,40,36,0,0,37,0.004752521849073949,0.007354439490090679,0.646211292577424,0,0,0.7084411662474418,0,0,0
sh_mpcc_dro_four_way_intersection_o1_c1_m3_boost_5_s40,four_way_intersection_o1_c1_m3_boost_5_s40,boost_5,sh_mpcc_dro,78,40,37,0,0,38,0.004697695056887191,0.007494080746231716,0.626854075364661,0,0,0.6308264236300553,0,0,0
sh_mpcc_dro_four_way_intersection_o1_c1_m3_boost_5_s40,four_way_intersection_o1_c1_m3_boost_5_s40,boost_5,sh_mpcc_dro,78,40,38,0,0,39,0.004673723811824006,0.007626826137871815,0.6128006233964262,0,0,0.6224003694201047,0,0,0
sh_mpcc_dro_four_way_intersection_o1_c1_m3_boost_5_s40,four_way_intersection_o1_c1_m3_boost_5_s40,boost_5,sh_mpcc_dro,78,40,39,0,0,40,0.004645123886657147,0.007753174161240251,0.5991254407619396,0,0,0.6139309884108065,0,0,0
sh_mpcc_dro_four_way_intersection_o1_c1_m3_boost_5_s40,four_way_intersection_o1_c1_m3_boost_5_s40,boost_5,sh_mpcc_dro,78,40,4,0,0,5,0.012804105787606549,0.008895780919506149,1.4393458993049675,0,1,0.8445122013552409,0,0,0
sh_mpcc_dro_four_way_intersection_o1_c1_m3_boost_5_s40,four_way_intersection_o1_c1_m3_boost_5_s40,boost_5,sh_mpcc_dro,78,40,40,0,0,41,0.004558062997313272,0.007570746533916924,0.6020625544512898,0,0,0.4117647058823529,0,0,0
sh_mpcc_dro_four_way_intersection_o1_c1_m3_boost_5_s40,four_way_intersection_o1_c1_m3_boost_5_s40,boost_5,sh_mpcc_dro,78,40,41,0,0,42,0.004512071216400591,0.007692574639060416,0.5865489030798281,0,0,0.40229885057471265,0,0,0
sh_mpcc_dro_four_way_intersection_o1_c1_m3_boost_5_s40,four_way_intersection_o1_c1_m3_boost_5_s40,boost_5,sh_mpcc_dro,78,40,42,0,0,43,0.004463693573265812,0.007808927323748047,0.5716141780051008,0,0,0.39325842696629215,0,0,0
sh_mpcc_dro_four_way_intersection_o1_c1_m3_boost_5_s40,four_way_intersection_o1_c1_m3_boost_5_s40,boost_5,sh_mpcc_dro,78,40,43,0,0,44,0.004386521936586777,0.0076373025474018585,0.5743548732502461,0,0,0.4065934065934066,0,0,0
sh_mpcc_dro_four_way_intersection_o1_c1_m3_boost_5_s40,four_way_intersection_o1_c1_m3_boost_5_s40,boost_5,sh_mpcc_dro,78,40,44,0,0,45,0.004339781648912371,0.007749839462676199,0.5599834254390792,0,0,0.3978494623655914,0,0,0
sh_mpcc_dro_four_way_intersection_o1_c1_m3_boost_5_s40,four_way_intersection_o1_c1_m3_boost_5_s40,boost_5,sh_mpcc_dro,78,40,45,0,0,46,0.004291778856745228,0.007857637981518083,0.54619198120859,0,0,0.3894736842105263,0,0,0
sh_mpcc_dro_four_way_intersection_o1_c1_m3_boost_5_s40,four_way_intersection_o1_c1_m3_boost_5_s40,boost_5,sh_mpcc_dro,78,40,46,0,0,47,0.004276531499039696,0.007960991200613745,0.5371858090623188,0,0,0.38144329896907214,0,0,0
sh_mpcc_dro_four_way_intersection_o1_c1_m3_boost_5_s40,four_way_intersection_o1_c1_m3_boost_5_s40,boost_5,sh_mpcc_dro,78,40,47,0,0,48,0.004230247209915061,0.008060168532069222,0.5248335928813469,0,0,0.37373737373737376,0,0,0
sh_mpcc_dro_four_way_intersection_o1_c1_m3_boost_5_s40,four_way_intersection_o1_c1_m3_boost_5_s40,boost_5,sh_mpcc_dro,78,40,48,0,0,49,0.0041658467825157145,0.007900561234404479,0.5272849179846555,0,0,0.38613861386138615,0,0,0
sh_mpcc_dro_four_way_intersection_o1_c1_m3_boost_5_s40,four_way_intersection_o1_c1_m3_boost_5_s40,boost_5,sh_mpcc_dro,78,40,49,0,0,50,0.004103132454187866,0.007747152278396612,0.5296310575473895,0,0,0.39805825242718446,0,0,0
sh_mpcc_dro_four_way_intersection_o1_c1_m3_boost_5_s40,four_way_intersection_o1_c1_m3_boost_5_s40,boost_5,sh_mpcc_dro,78,40,5,0,0,6,0.011420183353607921,0.010296215286126951,1.1091632251508374,0,1,0.4666666666666667,0,0,0
sh_mpcc_dro_four_way_intersection_o1_c1_m3_boost_5_s40,four_way_intersection_o1_c1_m3_boost_5_s40,boost_5,sh_mpcc_dro,78,40,50,0,0,51,0.004089853429352027,0.007844735456096857,0.5213500763972136,0,0,0.3904761904761905,0,0,0
sh_mpcc_dro_four_way_intersection_o1_c1_m3_boost_5_s40,four_way_intersection_o1_c1_m3_boost_5_s40,boost_5,sh_mpcc_dro,78,40,51,0,0,52,0.004073793093055479,0.00793867066453727,0.5131580922299077,0,0,0.38317757009345793,0,0,0
sh_mpcc_dro_four_way_intersection_o1_c1_m3_boost_5_s40,four_way_intersection_o1_c1_m3_boost_5_s40,boost_5,sh_mpcc_dro,78,40,52,0,0,53,0.004015359069088904,0.0077930069826190225,0.515251568238612,0,0,0.3944954128440367,0,0,0
sh_mpcc_dro_four_way_intersection_o1_c1_m3_boost_5_s40,four_way_intersection_o1_c1_m3_boost_5_s40,boost_5,sh_mpcc_dro,78,40,53,0,0,54,0.003958392407010252,0.0076525924423916335,0.5172616256267205,0,0,0.40540540540540543,0,0,0
sh_mpcc_dro_four_way_intersection_o1_c1_m3_boost_5_s40,four_way_intersection_o1_c1_m3_boost_5_s40,boost_5,sh_mpcc_dro,78,40,54,0,0,55,0.003924722030367539,0.0077449407019539,0.5067465564168111,0,0,0.39823008849557523,0,0,0
sh_mpcc_dro_four_way_intersection_o1_c1_m3_boost_5_s40,four_way_intersection_o1_c1_m3_boost_5_s40,boost_5,sh_mpcc_dro,78,40,55,0,0,56,0.0038901912044677052,0.007834076848140204,0.4965730206477652,0,0,0.391304347826087,0,0,0
sh_mpcc_dro_four_way_intersection_o1_c1_m3_boost_5_s40,four_way_intersection_o1_c1_m3_boost_5_s40,boost_5,sh_mpcc_dro,78,40,56,0,0,57,0.003877817700349007,0.007920165604713161,0.4896132093552919,0,0,0.38461538461538464,0,0,0
sh_mpcc_dro_four_way_intersection_o1_c1_m3_boost_5_s40,four_way_intersection_o1_c1_m3_boost_5_s40,boost_5,sh_mpcc_dro,78,40,57,0,0,58,0.0038633969826091952,0.008003360621569398,0.4827218421468072,0,0,0.37815126050420167,0,0,0
sh_mpcc_dro_four_way_intersection_o1_c1_m3_boost_5_s40,four_way_intersection_o1_c1_m3_boost_5_s40,boost_5,sh_mpcc_dro,78,40,58,0,0,59,0.0038136361172089995,0.007871073669146616,0.48451282220338754,0,0,0.3884297520661157,0,0,0
sh_mpcc_dro_four_way_intersection_o1_c1_m3_boost_5_s40,four_way_intersection_o1_c1_m3_boost_5_s40,boost_5,sh_mpcc_dro,78,40,59,0,0,60,0.0037985093421634233,0.007952361399854118,0.47765803780410493,0,0,0.3821138211382114,0,0,0
sh_mpcc_dro_four_way_intersection_o1_c1_m3_boost_5_s40,four_way_intersection_o1_c1_m3_boost_5_s40,boost_5,sh_mpcc_dro,78,40,6,0,0,7,0.010253813534971843,0.010599045147483827,0.967428045856193,0,0,0.8991066183201782,0,0,0
sh_mpcc_dro_four_way_intersection_o1_c1_m3_boost_5_s40,four_way_intersection_o1_c1_m3_boost_5_s40,boost_5,sh_mpcc_dro,78,40,7,0,0,8,0.010275047545087722,0.010838121353818026,0.9480469178791815,0,0,0.8473245485190135,0,0,0
sh_mpcc_dro_four_way_intersection_o1_c1_m3_boost_5_s40,four_way_intersection_o1_c1_m3_boost_5_s40,boost_5,sh_mpcc_dro,78,40,8,0,0,9,0.010081722623028675,0.010397981498145336,0.96958458955009,0,0,0.7972075286506504,0,0,0
sh_mpcc_dro_four_way_intersection_o1_c1_m3_boost_5_s40,four_way_intersection_o1_c1_m3_boost_5_s40,boost_5,sh_mpcc_dro,78,40,9,0,0,10,0.009400789390423282,0.011191538354485817,0.8399908120455342,0,0,0.4782608695652174,0,0,0
sh_mpcc_dro_straight_o1_c1_m3_boost_0_s40,straight_o1_c1_m3_boost_0_s40,boost_0,sh_mpcc_dro,77,40,0,0,0,1,0.011963274961003129,0.00483024894963133,2.4767408648608535,0,1,0.6,0,0,0
sh_mpcc_dro_straight_o1_c1_m3_boost_0_s40,straight_o1_c1_m3_boost_0_s40,boost_0,sh_mpcc_dro,77,40,1,0,0,2,0.014348167654968179,0.0069003556423304704,2.079337413705005,0,1,0.42857142857142855,0,0,0
sh_mpcc_dro_straight_o1_c1_m3_boost_0_s40,straight_o1_c1_m3_boost_0_s40,boost_0,sh_mpcc_dro,77,40,10,0,0,11,0.008243074948063197,0.01062654768918877,0.775705825557018,0,0,0.8419946263188376,0,0,0
sh_mpcc_dro_straight_o1_c1_m3_boost_0_s40,straight_o1_c1_m3_boost_0_s40,boost_0,sh_mpcc_dro,77,40,11,0,0,12,0.008170822464840246,0.010733886554736286,0.7612175164302348,0,0,0.8019694549476275,0,0,0
sh_mpcc_dro_straight_o1_c1_m3_boost_0_s40,straight_o1_c1_m3_boost_0_s40,boost_0,sh_mpcc_dro,77,40,12,0,0,13,0.007839088380838488,0.00999361851647847,0.784409407654757,0,0,0.7906801043616698,0,0,0
sh_mpcc_dro_straight_o1_c1_m3_boost_0_s40,straight_o1_c1_m3_boost_0_s40,boost_0,sh_mpcc_dro,77,40,13,0,0,14,0.007714708064179137,0.010127941346001031,0.7617251917859152,0,0,0.4838709677419355,0,0,0
sh_mpcc_dro_straight_o1_c1_m3_boost_0_s40,straight_o1_c1_m3_boost_0_s40,boost_0,sh_mpcc_dro,77,40,14,0,0,15,0.007556072241342439,0.009860525958659584,0.7662950508949923,0,0,0.5151515151515151,0,0,0
sh_mpcc_dro_straight_o1_c1_m3_boost_0_s40,straight_o1_c1_m3_boost_0_s40,boost_0,sh_mpcc_dro,77,40,15,0,0,16,0.00726030561278602,0.010350533463495584,0.7014426491534734,0,0,0.4857142857142857,0,0,0
sh_mpcc_dro_straight_o1_c1_m3_boost_0_s40,straight_o1_c1_m3_boost_0_s40,boost_0,sh_mpcc_dro,77,40,16,0,0,17,0.0070101805526874336,0.009791045168171641,0.7159787777790938,0,0,0.7366834163554973,0,0,0
sh_mpcc_dro_straight_o1_c1_m3_boost_0_s40,straight_o1_c1_m3_boost_0_s40,boost_0,sh_mpcc_dro,77,40,17,0,0,18,0.006889491604018835,0.009908202973602762,0.6953321023371929,0,0,0.7088168235222576,0,0,0
sh_mpcc_dro_straight_o1_c1_m3_boost_0_s40,straight_o1_c1_m3_boost_0_s40,boost_0,sh_mpcc_dro,77,40,18,0,0,19,0.006665233303213962,0.010013930749235567,0.6655961050781948,0,0,0.7276618988311642,0,0,0
sh_mpcc_dro_straight_o1_c1_m3_boost_0_s40,straight_o1_c1_m3_boost_0_s40,boost_0,sh_mpcc_dro,77,40,19,0,0,20,0.006461618653721695,0.009548166528341024,0.6767392079455478,0,0,0.7214325475332035,0,0,0
sh_mpcc_dro_straight_o1_c1_m3_boost_0_s40,straight_o1_c1_m3_boost_0_s40,boost_0,sh_mpcc_dro,77,40,2,0,0,3,0.014316806967732892,0.006702169526363164,2.1361451558957656,0,1,0.5555555555555556,0,0,0
sh_mpcc_dro_straight_o1_c1_m3_boost_0_s40,straight_o1_c1_m3_boost_0_s40,boost_0,sh_mpcc_dro,77,40,20,0,0,21,0.006366071576492236,0.00966049789926269,0.6589796553838192,0,0,0.4666666666666667,0,0,0
sh_mpcc_dro_straight_o1_c1_m3_boost_0_s40,straight_o1_c1_m3_boost_0_s40,boost_0,sh_mpcc_dro,77,40,21,0,0,22,0.006180293248510966,0.00924941288227265,0.6681822216365827,0,0,0.6924074974535795,0,0,0
sh_mpcc_dro_straight_o1_c1_m3_boost_0_s40,straight_o1_c1_m3_boost_0_s40,boost_0,sh_mpcc_dro,77,40,22,0,0,23,0.0060852797653556554,0.009364768371734097,0.6498056891319384,0,0,0.6706725768409805,0,0,0
sh_mpcc_dro_straight_o1_c1_m3_boost_0_s40,straight_o1_c1_m3_boost_0_s40,boost_0,sh_mpcc_dro,77,40,23,0,0,24,0.005984004124696536,0.009471076371826112,0.6318188017675931,0,0,0.6500731287343127,0,0,0
sh_mpcc_dro_straight_o1_c1_m3_boost_0_s40,straight_o1_c1_m3_boost_0_s40,boost_0,sh_mpcc_dro,77,40,24,0,0,25,0.005878949139048977,0.009324938213969292,0.6304544871130593,0,0,0.5094339622641509,0,0,0
sh_mpcc_dro_straight_o1_c1_m3_boost_0_s40,straight_o1_c1_m3_boost_0_s40,boost_0,sh_mpcc_dro,77,40,25,0,0,26,0.005729249181080977,0.009221384358387184,0.6213003339211229,0,0,0.6284223291441422,0,0,0
sh_mpcc_dro_straight_o1_c1_m3_boost_0_s40,straight_o1_c1_m3_boost_0_s40,boost_0,sh_mpcc_dro,77,40,26,0,0,27,0.005631262019900439,0.009094262633132195,0.6192104018840009,0,0,0.6106492080617656,0,0,0
sh_mpcc_dro_straight_o1_c1_m3_boost_0_s40,straight_o1_c1_m3_boost_0_s40,boost_0,sh_mpcc_dro,77,40,27,0,0,28,0.0055322472482445244,0.00878598254387337,0.6296674527429222,0,0,0.5254237288135594,0,0,0
sh_mpcc_dro_straight_o1_c1_m3_boost_0_s40,straight_o1_c1_m3_boost_0_s40,boost_0,sh_mpcc_dro,77,40,28,0,0,29,0.005433152940930116,0.008497917542434863,0.6393511014668405,0,0,0.5409836065573771,0,0,0
sh_mpcc_dro_straight_o1_c1_m3_boost_0_s40,straight_o1_c1_m3_boost_0_s40,boost_0,sh_mpcc_dro,77,40,29,0,0,30,0.005312637887996958,0.008611495473598334,0.6169239598725655,0,0,0.5238095238095238,0,0,0
sh_mpcc_dro_straight_o1_c1_m3_boost_0_s40,straight_o1_c1_m3_boost_0_s40,boost_0,sh_mpcc_dro,77,40,3,0,0,4,0.012188093694919973,0.008782270817511543,1.3878066331793524,0,1,1.0,1,1,1
sh_mpcc_dro_straight_o1_c1_m3_boost_0_s40,straight_o1_c1_m3_boost_0_s40,boost_0,sh_mpcc_dro,77,40,30,0,0,31,0.005247718059665175,0.0090878389548733,0.5774439980421437,0,0,0.5944564842971252,0,0,0
sh_mpcc_dro_straight_o1_c1_m3_boost_0_s40,straight_o1_c1_m3_boost_0_s40,boost_0,sh_mpcc_dro,77,40,31,0,0,32,0.005176979894411844,0.009372124827642799,0.5523805956086392,0,0,0.6101280830059348,0,0,0
sh_mpcc_dro_straight_o1_c1_m3_boost_0_s40,straight_o1_c1_m3_boost_0_s40,boost_0,sh_mpcc_dro,77,40,32,0,0,33,0.005101960995478718,0.009259345641982922,0.5510066469865699,0,0,0.595557790065222,0,0,0
sh_mpcc_dro_straight_o1_c1_m3_boost_0_s40,straight_o1_c1_m3_boost_0_s40,boost_0,sh_mpcc_dro,77,40,33,0,0,34,0.005026478555346467,0.008998519004180555,0.5585895360126764,0,0,0.6275176670912063,0,0,0
sh_mpcc_dro_straight_o1_c1_m3_boost_0_s40,straight_o1_c1_m3_boost_0_s40,boost_0,sh_mpcc_dro,77,40,34,0,0,35,0.0049304440217673925,0.009082823206095754,0.5428316625670336,0,0,0.6411740132075083,0,0,0
sh_mpcc_dro_straight_o1_c1_m3_boost_0_s40,straight_o1_c1_m3_boost_0_s40,boost_0,sh_mpcc_dro,77,40,35,0,0,36,0.004859774666076666,0.008840614587266492,0.5497100476562345,0,0,0.6291117345505781,0,0,0
sh_mpcc_dro_straight_o1_c1_m3_boost_0_s40,straight_o1_c1_m3_boost_0_s40,boost_0,sh_mpcc_dro,77,40,36,0,0,37,0.00480935484752004,0.009236771575000545,0.5206748709188206,0,0,0.5824675493863811,0,0,0
sh_mpcc_dro_straight_o1_c1_m3_boost_0_s40,straight_o1_c1_m3_boost_0_s40,boost_0,sh_mpcc_dro,77,40,37,0,0,38,0.004723720737561966,0.00917135876512291,0.5150513526442186,0,0,0.4936708860759494,0,0,0
sh_mpcc_dro_straight_o1_c1_m3_boost_0_s40,straight_o1_c1_m3_boost_0_s40,boost_0,sh_mpcc_dro,77,40,38,0,0,39,0.004673076665653941,0.009243068977689714,0.5055763055467284,0,0,0.48148148148148145,0,0,0
sh_mpcc_dro_straight_o1_c1_m3_boost_0_s40,straight_o1_c1_m3_boost_0_s40,boost_0,sh_mpcc_dro,77,40,39,0,0,40,0.004592849107073119,0.0090203444240102,0.5091656029062428,0,0,0.6333526190383989,0,0,0
sh_mpcc_dro_straight_o1_c1_m3_boost_0_s40,straight_o1_c1_m3_boost_0_s40,boost_0,sh_mpcc_dro,77,40,4,0,0,5,0.012013536699662604,0.008346526382102799,1.4393456810276024,0,1,1.0,1,1,1
sh_mpcc_dro_straight_o1_c1_m3_boost_0_s40,straight_o1_c1_m3_boost_0_s40,boost_0,sh_mpcc_dro,77,40,40,0,0,41,0.004539827586792564,0.009092233316952974,0.4993083028707373,0,0,0.5822492496625321,0,0,0
sh_mpcc_dro_straight_o1_c1_m3_boost_0_s40,straight_o1_c1_m3_boost_0_s40,boost_0,sh_mpcc_dro,77,40,41,0,0,42,0.004486368047454124,0.009160816973438894,0.4897344920722697,0,0,0.4942528735632184,0,0,0
sh_mpcc_dro_straight_o1_c1_m3_boost_0_s40,straight_o1_c1_m3_boost_0_s40,boost_0,sh_mpcc_dro,77,40,42,0,0,43,0.004444546198496717,0.009226318218396886,0.48172478916177863,0,0,0.48314606741573035,0,0,0
sh_mpcc_dro_straight_o1_c1_m3_boost_0_s40,straight_o1_c1_m3_boost_0_s40,boost_0,sh_mpcc_dro,77,40,43,0,0,44,0.0044004241564996275,0.009288940287752694,0.47372725199897237,0,0,0.4725274725274725,0,0,0
sh_mpcc_dro_straight_o1_c1_m3_boost_0_s40,straight_o1_c1_m3_boost_0_s40,boost_0,sh_mpcc_dro,77,40,44,0,0,45,0.0043541259481623545,0.009348868934770235,0.4657382597341295,0,0,0.4838709677419355,0,0,0
sh_mpcc_dro_straight_o1_c1_m3_boost_0_s40,straight_o1_c1_m3_boost_0_s40,boost_0,sh_mpcc_dro,77,40,45,0,0,46,0.004311723236334432,0.009406274270334834,0.45838799852270823,0,0,0.47368421052631576,0,0,0
sh_mpcc_dro_straight_o1_c1_m3_boost_0_s40,straight_o1_c1_m3_boost_0_s40,boost_0,sh_mpcc_dro,77,40,46,0,0,47,0.004267947295798464,0.009461312375566444,0.4510946395576485,0,0,0.4639175257731959,0,0,0
sh_mpcc_dro_straight_o1_c1_m3_boost_0_s40,straight_o1_c1_m3_boost_0_s40,boost_0,sh_mpcc_dro,77,40,47,0,0,48,0.004223193747689656,0.009514126718970808,0.44388664061713284,0,0,0.45454545454545453,0,0,0
sh_mpcc_dro_straight_o1_c1_m3_boost_0_s40,straight_o1_c1_m3_boost_0_s40,boost_0,sh_mpcc_dro,77,40,48,0,0,49,0.004165167767494856,0.009325728170080334,0.4466319081503934,0,0,0.44554455445544555,0,0,0
sh_mpcc_dro_straight_o1_c1_m3_boost_0_s40,straight_o1_c1_m3_boost_0_s40,boost_0,sh_mpcc_dro,77,40,49,0,0,50,0.004108254077601731,0.009144646069690423,0.4492523872759145,0,0,0.4368932038834951,0,0,0
sh_mpcc_dro_straight_o1_c1_m3_boost_0_s40,straight_o1_c1_m3_boost_0_s40,boost_0,sh_mpcc_dro,77,40,5,0,0,6,0.010715062427689846,0.009660497899262687,1.109162544148749,0,1,1.0,1,1,1
sh_mpcc_dro_straight_o1_c1_m3_boost_0_s40,straight_o1_c1_m3_boost_0_s40,boost_0,sh_mpcc_dro,77,40,50,0,0,51,0.0040524653998650515,0.008970462335029654,0.45175658160228543,0,0,0.42857142857142855,0,0,0
sh_mpcc_dro_straight_o1_c1_m3_boost_0_s40,straight_o1_c1_m3_boost_0_s40,boost_0,sh_mpcc_dro,77,40,51,0,0,52,0.004020200787135498,0.009028502709591314,0.44527879277974736,0,0,0.4392523364485981,0,0,0
sh_mpcc_dro_straight_o1_c1_m3_boost_0_s40,straight_o1_c1_m3_boost_0_s40,boost_0,sh_mpcc_dro,77,40,52,0,0,53,0.00398723633860688,0.009084413162150683,0.43890962106603754,0,0,0.44954128440366975,0,0,0
sh_mpcc_dro_straight_o1_c1_m3_boost_0_s40,straight_o1_c1_m3_boost_0_s40,boost_0,sh_mpcc_dro,77,40,53,0,0,54,0.0039357087158447416,0.008920730042111831,0.44118684202588304,0,0,0.44144144144144143,0,0,0
sh_mpcc_dro_straight_o1_c1_m3_boost_0_s40,straight_o1_c1_m3_boost_0_s40,boost_0,sh_mpcc_dro,77,40,54,0,0,55,0.0039025678779945677,0.008976568844447521,0.43475050942304205,0,0,0.4336283185840708,0,0,0
sh_mpcc_dro_straight_o1_c1_m3_boost_0_s40,straight_o1_c1_m3_boost_0_s40,boost_0,sh_mpcc_dro,77,40,55,0,0,56,0.003868638072297372,0.009030465427571608,0.42839852533909667,0,0,0.4260869565217391,0,0,0
sh_mpcc_dro_straight_o1_c1_m3_boost_0_s40,straight_o1_c1_m3_boost_0_s40,boost_0,sh_mpcc_dro,77,40,56,0,0,57,0.0038211881081561152,0.008876098497185802,0.4305031213170557,0,0,0.4188034188034188,0,0,0
sh_mpcc_dro_straight_o1_c1_m3_boost_0_s40,straight_o1_c1_m3_boost_0_s40,boost_0,sh_mpcc_dro,77,40,57,0,0,58,0.0037881675358712548,0.008929872007721853,0.4242129710924798,0,0,0.4117647058823529,0,0,0
sh_mpcc_dro_straight_o1_c1_m3_boost_0_s40,straight_o1_c1_m3_boost_0_s40,boost_0,sh_mpcc_dro,77,40,58,0,0,59,0.0037430379553434075,0.008782270817511408,0.4262038865711107,0,0,0.4049586776859504,0,0,0
sh_mpcc_dro_straight_o1_c1_m3_boost_0_s40,straight_o1_c1_m3_boost_0_s40,boost_0,sh_mpcc_dro,77,40,59,0,0,60,0.0037109756708232095,0.008835821249325502,0.41999216214412366,0,0,0.3983739837398374,0,0,0
sh_mpcc_dro_straight_o1_c1_m3_boost_0_s40,straight_o1_c1_m3_boost_0_s40,boost_0,sh_mpcc_dro,77,40,6,0,0,7,0.009620708283522522,0.009944630190417298,0.9674274557532658,0,0,0.899106593941239,0,0,0
sh_mpcc_dro_straight_o1_c1_m3_boost_0_s40,straight_o1_c1_m3_boost_0_s40,boost_0,sh_mpcc_dro,77,40,7,0,0,8,0.00964063102037462,0.010168945157118588,0.9480463186121001,0,0,0.8473245219258536,0,0,0
sh_mpcc_dro_straight_o1_c1_m3_boost_0_s40,straight_o1_c1_m3_boost_0_s40,boost_0,sh_mpcc_dro,77,40,8,0,0,9,0.009459242505546583,0.009755975115593915,0.9695845257361271,0,0,0.7972075012745338,0,0,0
sh_mpcc_dro_straight_o1_c1_m3_boost_0_s40,straight_o1_c1_m3_boost_0_s40,boost_0,sh_mpcc_dro,77,40,9,0,0,10,0.008820352450521391,0.010500541194850738,0.8399902716296871,0,0,0.8224644006120103,0,0,0
sh_mpcc_dro_straight_o1_c1_m3_boost_0_s40,straight_o1_c1_m3_boost_0_s40,boost_0,sh_mpcc_dro,78,40,0,0,0,1,0.009433155837728502,0.004093376271073728,2.3044927250858627,0,1,0.6,0,0,0
sh_mpcc_dro_straight_o1_c1_m3_boost_0_s40,straight_o1_c1_m3_boost_0_s40,boost_0,sh_mpcc_dro,78,40,1,0,0,2,0.00811932627850405,0.0039048009204103637,2.079318880525866,0,1,0.42857142857142855,0,0,0
sh_mpcc_dro_straight_o1_c1_m3_boost_0_s40,straight_o1_c1_m3_boost_0_s40,boost_0,sh_mpcc_dro,78,40,10,0,0,11,0.004728217855916379,0.004373377030859676,1.0811365730767906,0,1,0.7263693582665716,0,0,0
sh_mpcc_dro_straight_o1_c1_m3_boost_0_s40,straight_o1_c1_m3_boost_0_s40,boost_0,sh_mpcc_dro,78,40,11,0,0,12,0.0044519682303382204,0.004049423176721982,1.0994079986330547,0,1,0.714937718531288,0,0,0
sh_mpcc_dro_straight_o1_c1_m3_boost_0_s40,straight_o1_c1_m3_boost_0_s40,boost_0,sh_mpcc_dro,78,40,12,0,0,13,0.004285936828635518,0.004241421689411377,1.0104953344618555,0,1,0.5095122420807576,0,0,0
sh_mpcc_dro_straight_o1_c1_m3_boost_0_s40,straight_o1_c1_m3_boost_0_s40,boost_0,sh_mpcc_dro,78,40,13,0,0,14,0.004218679291538872,0.004408646200463384,0.9569103755922749,0,0,0.7122274069739973,0,0,0
sh_mpcc_dro_straight_o1_c1_m3_boost_0_s40,straight_o1_c1_m3_boost_0_s40,boost_0,sh_mpcc_dro,78,40,14,0,0,15,0.0041314786607474846,0.004555601073812227,0.9069008883366014,0,0,0.6814196958460857,0,0,0
sh_mpcc_dro_straight_o1_c1_m3_boost_0_s40,straight_o1_c1_m3_boost_0_s40,boost_0,sh_mpcc_dro,78,40,15,0,0,16,0.004033239222997782,0.004685761104492491,0.860743672811424,0,0,0.6525922033177571,0,0,0
sh_mpcc_dro_straight_o1_c1_m3_boost_0_s40,straight_o1_c1_m3_boost_0_s40,boost_0,sh_mpcc_dro,78,40,16,0,0,17,0.003929521201522016,0.004801849780504747,0.818334887833364,0,0,0.6797544028014408,0,0,0
sh_mpcc_dro_straight_o1_c1_m3_boost_0_s40,straight_o1_c1_m3_boost_0_s40,boost_0,sh_mpcc_dro,78,40,17,0,0,18,0.0038449913197043844,0.004906031925643846,0.7837273336128534,0,0,0.6534758459083457,0,0,0
sh_mpcc_dro_straight_o1_c1_m3_boost_0_s40,straight_o1_c1_m3_boost_0_s40,boost_0,sh_mpcc_dro,78,40,18,0,0,19,0.003756323873587207,0.00482606671755501,0.778340643307609,0,0,0.6288526705381257,0,0,0
sh_mpcc_dro_straight_o1_c1_m3_boost_0_s40,straight_o1_c1_m3_boost_0_s40,boost_0,sh_mpcc_dro,78,40,19,0,0,20,0.0036660098424040667,0.004601598498133874,0.7966818147847483,0,0,0.6057942568505388,0,0,0
sh_mpcc_dro_straight_o1_c1_m3_boost_0_s40,straight_o1_c1_m3_boost_0_s40,boost_0,sh_mpcc_dro,78,40,2,0,0,3,0.00643657827274814,0.004555601073812101,1.4128933083603057,0,1,0.9717082124593981,1,0,0
sh_mpcc_dro_straight_o1_c1_m3_boost_0_s40,straight_o1_c1_m3_boost_0_s40,boost_0,sh_mpcc_dro,78,40,20,0,0,21,0.003598526719394863,0.005003015442423374,0.7192715594840936,0,0,0.6303157069214373,0,0,0
sh_mpcc_dro_straight_o1_c1_m3_boost_0_s40,straight_o1_c1_m3_boost_0_s40,boost_0,sh_mpcc_dro,78,40,21,0,0,22,0.0034871901541425666,0.004943311803498397,0.7054360098577378,0,0,0.6277837645349813,0,0,0
sh_mpcc_dro_straight_o1_c1_m3_boost_0_s40,straight_o1_c1_m3_boost_0_s40,boost_0,sh_mpcc_dro,78,40,22,0,0,23,0.0034198090269518654,0.00502045832624206,0.6811746666786256,0,0,0.6484739920506779,0,0,0
sh_mpcc_dro_straight_o1_c1_m3_boost_0_s40,straight_o1_c1_m3_boost_0_s40,boost_0,sh_mpcc_dro,78,40,23,0,0,24,0.003321073087572164,0.004823577607565854,0.6885082728560251,0,0,0.6451982144042614,0,0,0
sh_mpcc_dro_straight_o1_c1_m3_boost_0_s40,straight_o1_c1_m3_boost_0_s40,boost_0,sh_mpcc_dro,78,40,24,0,0,25,0.0032665084576529208,0.004899420022779154,0.6667132930970923,0,0,0.4716981132075472,0,0,0
sh_mpcc_dro_straight_o1_c1_m3_boost_0_s40,straight_o1_c1_m3_boost_0_s40,boost_0,sh_mpcc_dro,78,40,25,0,0,26,0.0031777085318347685,0.0047212592946781476,0.6730637597932217,0,0,0.45454545454545453,0,0,0
sh_mpcc_dro_straight_o1_c1_m3_boost_0_s40,straight_o1_c1_m3_boost_0_s40,boost_0,sh_mpcc_dro,78,40,26,0,0,27,0.0031264412212562106,0.004795369551381303,0.6519708622572459,0,0,0.43859649122807015,0,0,0
sh_mpcc_dro_straight_o1_c1_m3_boost_0_s40,straight_o1_c1_m3_boost_0_s40,boost_0,sh_mpcc_dro,78,40,27,0,0,28,0.0030816628567016955,0.004864455383901145,0.6335062434533618,0,0,0.4576271186440678,0,0,0
sh_mpcc_dro_straight_o1_c1_m3_boost_0_s40,straight_o1_c1_m3_boost_0_s40,boost_0,sh_mpcc_dro,78,40,28,0,0,29,0.0030352660858897727,0.004929010997895217,0.6157961682751144,0,0,0.607538574336438,0,0,0
sh_mpcc_dro_straight_o1_c1_m3_boost_0_s40,straight_o1_c1_m3_boost_0_s40,boost_0,sh_mpcc_dro,78,40,29,0,0,30,0.002987914653251442,0.004989467842746565,0.5988443552342201,0,0,0.5918461851947121,0,0,0
sh_mpcc_dro_straight_o1_c1_m3_boost_0_s40,straight_o1_c1_m3_boost_0_s40,boost_0,sh_mpcc_dro,78,40,3,0,0,4,0.005906429844018317,0.0037273099694826277,1.5846360759843552,0,1,0.9326743015759855,1,0,0
sh_mpcc_dro_straight_o1_c1_m3_boost_0_s40,straight_o1_c1_m3_boost_0_s40,boost_0,sh_mpcc_dro,78,40,30,0,0,31,0.0029201217114124714,0.004835945755277361,0.6038367382896731,0,0,0.5907533984341272,0,0,0
sh_mpcc_dro_straight_o1_c1_m3_boost_0_s40,straight_o1_c1_m3_boost_0_s40,boost_0,sh_mpcc_dro,78,40,31,0,0,32,0.0028760030334796746,0.004895571303200959,0.5874703595061941,0,0,0.7044563769596678,0,0,0
sh_mpcc_dro_straight_o1_c1_m3_boost_0_s40,straight_o1_c1_m3_boost_0_s40,boost_0,sh_mpcc_dro,78,40,32,0,0,33,0.0028139869752220026,0.004753670685716761,0.5919608574647632,0,0,0.7161466834537602,0,0,0
sh_mpcc_dro_straight_o1_c1_m3_boost_0_s40,straight_o1_c1_m3_boost_0_s40,boost_0,sh_mpcc_dro,78,40,33,0,0,34,0.002772889980361778,0.004812254655435095,0.5762143067865285,0,0,0.49295774647887325,0,0,0
sh_mpcc_dro_straight_o1_c1_m3_boost_0_s40,straight_o1_c1_m3_boost_0_s40,boost_0,sh_mpcc_dro,78,40,34,0,0,35,0.002748349546009335,0.004867628544620901,0.5646177642389064,0,0,0.6898647087729378,0,0,0
sh_mpcc_dro_straight_o1_c1_m3_boost_0_s40,straight_o1_c1_m3_boost_0_s40,boost_0,sh_mpcc_dro,78,40,35,0,0,36,0.002720315554955815,0.00492004915971687,0.5529041411269879,0,0,0.5925231454039726,0,0,0
sh_mpcc_dro_straight_o1_c1_m3_boost_0_s40,straight_o1_c1_m3_boost_0_s40,boost_0,sh_mpcc_dro,78,40,36,0,0,37,0.0026897853238878455,0.004969746625976749,0.5412318828948744,0,0,0.6663504602871884,0,0,0
sh_mpcc_dro_straight_o1_c1_m3_boost_0_s40,straight_o1_c1_m3_boost_0_s40,boost_0,sh_mpcc_dro,78,40,37,0,0,38,0.002639640062867412,0.00484393025569892,0.5449376691090578,0,0,0.677424170507688,0,0,0
sh_mpcc_dro_straight_o1_c1_m3_boost_0_s40,straight_o1_c1_m3_boost_0_s40,boost_0,sh_mpcc_dro,78,40,38,0,0,39,0.002590961060754151,0.004724327039508823,0.5484296576181836,0,0,0.43209876543209874,0,0,0
sh_mpcc_dro_straight_o1_c1_m3_boost_0_s40,straight_o1_c1_m3_boost_0_s40,boost_0,sh_mpcc_dro,78,40,39,0,0,40,0.002543727040559192,0.004610487833737526,0.551726223404238,0,0,0.42168674698795183,0,0,0
sh_mpcc_dro_straight_o1_c1_m3_boost_0_s40,straight_o1_c1_m3_boost_0_s40,boost_0,sh_mpcc_dro,78,40,4,0,0,5,0.006223365867829832,0.0042051702219804005,1.4799319740495485,0,1,0.8790835789968028,0,0,0
sh_mpcc_dro_straight_o1_c1_m3_boost_0_s40,straight_o1_c1_m3_boost_0_s40,boost_0,sh_mpcc_dro,78,40,40,0,0,41,0.002517701005986055,0.004662791687313541,0.5399557121190255,0,0,0.4117647058823529,0,0,0
sh_mpcc_dro_straight_o1_c1_m3_boost_0_s40,straight_o1_c1_m3_boost_0_s40,boost_0,sh_mpcc_dro,78,40,41,0,0,42,0.0024903201932332426,0.00471269076601263,0.5284285171420833,0,0,0.40229885057471265,0,0,0
sh_mpcc_dro_straight_o1_c1_m3_boost_0_s40,straight_o1_c1_m3_boost_0_s40,boost_0,sh_mpcc_dro,78,40,42,0,0,43,0.0024481762936758083,0.004606787602731396,0.531428080648708,0,0,0.39325842696629215,0,0,0
sh_mpcc_dro_straight_o1_c1_m3_boost_0_s40,straight_o1_c1_m3_boost_0_s40,boost_0,sh_mpcc_dro,78,40,43,0,0,44,0.002407209587387531,0.004505539523550487,0.5342777651388984,0,0,0.38461538461538464,0,0,0
sh_mpcc_dro_straight_o1_c1_m3_boost_0_s40,straight_o1_c1_m3_boost_0_s40,boost_0,sh_mpcc_dro,78,40,44,0,0,45,0.0023823038700852115,0.004555601073812157,0.5229395268562627,0,0,0.3763440860215054,0,0,0
sh_mpcc_dro_straight_o1_c1_m3_boost_0_s40,straight_o1_c1_m3_boost_0_s40,boost_0,sh_mpcc_dro,78,40,45,0,0,46,0.002365180356266117,0.004603554769325927,0.5137726115534924,0,0,0.3894736842105263,0,0,0
sh_mpcc_dro_straight_o1_c1_m3_boost_0_s40,straight_o1_c1_m3_boost_0_s40,boost_0,sh_mpcc_dro,78,40,46,0,0,47,0.0023280743624992865,0.004508636114288322,0.5163588951260415,0,0,0.38144329896907214,0,0,0
sh_mpcc_dro_straight_o1_c1_m3_boost_0_s40,straight_o1_c1_m3_boost_0_s40,boost_0,sh_mpcc_dro,78,40,47,0,0,48,0.0023111084287449385,0.004555601073812159,0.5073114153981413,0,0,0.3939393939393939,0,0,0
sh_mpcc_dro_straight_o1_c1_m3_boost_0_s40,straight_o1_c1_m3_boost_0_s40,boost_0,sh_mpcc_dro,78,40,48,0,0,49,0.0022760475886088446,0.004465391151558506,0.5097084468881211,0,0,0.38613861386138615,0,0,0
sh_mpcc_dro_straight_o1_c1_m3_boost_0_s40,straight_o1_c1_m3_boost_0_s40,boost_0,sh_mpcc_dro,78,40,49,0,0,50,0.002259348517764469,0.0045113719371732645,0.5008118481980298,0,0,0.39805825242718446,0,0,0
sh_mpcc_dro_straight_o1_c1_m3_boost_0_s40,straight_o1_c1_m3_boost_0_s40,boost_0,sh_mpcc_dro,78,40,5,0,0,6,0.006165805839436964,0.004555601073812094,1.353456051031585,0,1,0.8185140337379002,0,0,0
sh_mpcc_dro_straight_o1_c1_m3_boost_0_s40,straight_o1_c1_m3_boost_0_s40,boost_0,sh_mpcc_dro,78,40,50,0,0,51,0.002226190604019352,0.004425441043131736,0.5030437830539828,0,0,0.3904761904761905,0,0,0
sh_mpcc_dro_straight_o1_c1_m3_boost_0_s40,straight_o1_c1_m3_boost_0_s40,boost_0,sh_mpcc_dro,78,40,51,0,0,52,0.0022098329217681025,0.004470449651871667,0.49432005589032857,0,0,0.40186915887850466,0,0,0
sh_mpcc_dro_straight_o1_c1_m3_boost_0_s40,straight_o1_c1_m3_boost_0_s40,boost_0,sh_mpcc_dro,78,40,52,0,0,53,0.002192940604382608,0.00451380656854769,0.48582954787275767,0,0,0.41284403669724773,0,0,0
sh_mpcc_dro_straight_o1_c1_m3_boost_0_s40,straight_o1_c1_m3_boost_0_s40,boost_0,sh_mpcc_dro,78,40,53,0,0,54,0.0021624765795403194,0.004432476720465658,0.48787093896189454,0,0,0.40540540540540543,0,0,0
sh_mpcc_dro_straight_o1_c1_m3_boost_0_s40,straight_o1_c1_m3_boost_0_s40,boost_0,sh_mpcc_dro,78,40,54,0,0,55,0.0021460662434585782,0.004474970966310827,0.479570987077889,0,0,0.415929203539823,0,0,0
sh_mpcc_dro_straight_o1_c1_m3_boost_0_s40,straight_o1_c1_m3_boost_0_s40,boost_0,sh_mpcc_dro,78,40,55,0,0,56,0.0021293041502392497,0.004515987151430921,0.4715035891022333,0,0,0.4260869565217391,0,0,0
sh_mpcc_dro_straight_o1_c1_m3_boost_0_s40,straight_o1_c1_m3_boost_0_s40,boost_0,sh_mpcc_dro,78,40,56,0,0,57,0.0021122691350837935,0.004555601073811946,0.463664201684879,0,0,0.4358974358974359,0,0,0
sh_mpcc_dro_straight_o1_c1_m3_boost_0_s40,straight_o1_c1_m3_boost_0_s40,boost_0,sh_mpcc_dro,78,40,57,0,0,58,0.002095029139547818,0.004593883435776971,0.45604751814811395,0,0,0.44537815126050423,0,0,0
sh_mpcc_dro_straight_o1_c1_m3_boost_0_s40,straight_o1_c1_m3_boost_0_s40,boost_0,sh_mpcc_dro,78,40,58,0,0,59,0.0020846239297477942,0.004630900265115069,0.4501552204549573,0,0,0.4380165289256198,0,0,0
sh_mpcc_dro_straight_o1_c1_m3_boost_0_s40,straight_o1_c1_m3_boost_0_s40,boost_0,sh_mpcc_dro,78,40,59,0,0,60,0.0020588629581437382,0.004555601073812091,0.45194101168759665,0,0,0.43089430894308944,0,0,0
sh_mpcc_dro_straight_o1_c1_m3_boost_0_s40,straight_o1_c1_m3_boost_0_s40,boost_0,sh_mpcc_dro,78,40,6,0,0,7,0.0059489401013677265,0.0044157321933848675,1.34721487645463,0,1,0.7595178535569036,0,0,0
sh_mpcc_dro_straight_o1_c1_m3_boost_0_s40,straight_o1_c1_m3_boost_0_s40,boost_0,sh_mpcc_dro,78,40,7,0,0,8,0.0054697724557340585,0.004315832596243172,1.2673736373591884,0,1,0.7428565036972353,0,0,0
sh_mpcc_dro_straight_o1_c1_m3_boost_0_s40,straight_o1_c1_m3_boost_0_s40,boost_0,sh_mpcc_dro,78,40,8,0,0,9,0.005160550564842811,0.004555601073812223,1.1327924638766391,0,1,0.7828749579659396,0,0,0
sh_mpcc_dro_straight_o1_c1_m3_boost_0_s40,straight_o1_c1_m3_boost_0_s40,boost_0,sh_mpcc_dro,78,40,9,0,0,10,0.004822071129439727,0.0041594618500024085,1.159301684528477,0,1,0.7662586081438862,0,0,0
sh_mpcc_dro_straight_o1_c1_m3_boost_15_s40,straight_o1_c1_m3_boost_15_s40,boost_15,sh_mpcc_dro,77,40,0,0,0,1,0.011963274961003129,0.00483024894963133,2.4767408648608535,0,1,0.6,0,0,0
sh_mpcc_dro_straight_o1_c1_m3_boost_15_s40,straight_o1_c1_m3_boost_15_s40,boost_15,sh_mpcc_dro,77,40,1,0,0,2,0.010964904464789899,0.0034501778211652352,3.1780693729828395,0,1,0.7142857142857143,0,0,0
sh_mpcc_dro_straight_o1_c1_m3_boost_15_s40,straight_o1_c1_m3_boost_15_s40,boost_15,sh_mpcc_dro,77,40,10,0,0,11,0.008355547856462375,0.007728398319410103,1.081148707808857,0,1,0.9663711699834135,1,0,0
sh_mpcc_dro_straight_o1_c1_m3_boost_15_s40,straight_o1_c1_m3_boost_15_s40,boost_15,sh_mpcc_dro,77,40,11,0,0,12,0.008132852275677605,0.008050414916052111,1.0102401379910393,0,1,0.9853084445667574,1,0,0
sh_mpcc_dro_straight_o1_c1_m3_boost_15_s40,straight_o1_c1_m3_boost_15_s40,boost_15,sh_mpcc_dro,77,40,12,0,0,13,0.007883273963433612,0.00790151360144398,0.9976916273349153,0,0,0.9984895488244547,1,0,0
sh_mpcc_dro_straight_o1_c1_m3_boost_15_s40,straight_o1_c1_m3_boost_15_s40,boost_15,sh_mpcc_dro,77,40,13,0,0,14,0.0076519540384330734,0.00856979652353941,0.8928979839153451,0,0,0.9462844850555385,1,0,0
sh_mpcc_dro_straight_o1_c1_m3_boost_15_s40,straight_o1_c1_m3_boost_15_s40,boost_15,sh_mpcc_dro,77,40,14,0,0,15,0.007446484997122104,0.008403915505210413,0.8860732824485559,0,0,0.5151515151515151,0,0,0
sh_mpcc_dro_straight_o1_c1_m3_boost_15_s40,straight_o1_c1_m3_boost_15_s40,boost_15,sh_mpcc_dro,77,40,15,0,0,16,0.007231002330523945,0.008970462335029556,0.8060902616230783,0,0,0.9141060845949667,1,0,0
sh_mpcc_dro_straight_o1_c1_m3_boost_15_s40,straight_o1_c1_m3_boost_15_s40,boost_15,sh_mpcc_dro,77,40,16,0,0,17,0.007058568706700975,0.008797689970324627,0.802320692194217,0,0,0.9278153029347114,1,0,0
sh_mpcc_dro_straight_o1_c1_m3_boost_15_s40,straight_o1_c1_m3_boost_15_s40,boost_15,sh_mpcc_dro,77,40,17,0,0,18,0.006794743727374345,0.008669677601902329,0.7837366092925324,0,0,0.9098876809210292,1,0,0
sh_mpcc_dro_straight_o1_c1_m3_boost_15_s40,straight_o1_c1_m3_boost_15_s40,boost_15,sh_mpcc_dro,77,40,18,0,0,19,0.006638054610130964,0.008528433503662626,0.7783439487779533,0,0,0.9215371402659547,1,0,0
sh_mpcc_dro_straight_o1_c1_m3_boost_15_s40,straight_o1_c1_m3_boost_15_s40,boost_15,sh_mpcc_dro,77,40,19,0,0,20,0.006478455478795533,0.008131762177910982,0.7966853108903663,0,0,0.9313771582649761,1,0,0
sh_mpcc_dro_straight_o1_c1_m3_boost_15_s40,straight_o1_c1_m3_boost_15_s40,boost_15,sh_mpcc_dro,77,40,2,0,0,3,0.01225787900639368,0.005366943277368143,2.283959112831305,0,1,0.5555555555555556,0,0,0
sh_mpcc_dro_straight_o1_c1_m3_boost_15_s40,straight_o1_c1_m3_boost_15_s40,boost_15,sh_mpcc_dro,77,40,20,0,0,21,0.0063592004370220615,0.008841135352894151,0.719274186311419,0,0,0.8969837677306667,0,0,0
sh_mpcc_dro_straight_o1_c1_m3_boost_15_s40,straight_o1_c1_m3_boost_15_s40,boost_15,sh_mpcc_dro,77,40,21,0,0,22,0.0062209932076099685,0.00846491682723916,0.7349148650334644,0,0,0.5319148936170213,0,0,0
sh_mpcc_dro_straight_o1_c1_m3_boost_15_s40,straight_o1_c1_m3_boost_15_s40,boost_15,sh_mpcc_dro,77,40,22,0,0,23,0.006106990489126001,0.009102783838985804,0.6708926189118886,0,0,0.8756553439066946,0,0,0
sh_mpcc_dro_straight_o1_c1_m3_boost_15_s40,straight_o1_c1_m3_boost_15_s40,boost_15,sh_mpcc_dro,77,40,23,0,0,24,0.005985971398687906,0.008745811923731542,0.6844386148351902,0,0,0.885448900881306,0,0,0
sh_mpcc_dro_straight_o1_c1_m3_boost_15_s40,straight_o1_c1_m3_boost_15_s40,boost_15,sh_mpcc_dro,77,40,24,0,0,25,0.0058789491390489204,0.009324938213969285,0.6304544871130537,0,0,0.5094339622641509,0,0,0
sh_mpcc_dro_straight_o1_c1_m3_boost_15_s40,straight_o1_c1_m3_boost_15_s40,boost_15,sh_mpcc_dro,77,40,25,0,0,26,0.00577193286906267,0.008985849551643216,0.6423358009602079,0,0,0.8666018253139145,0,0,0
sh_mpcc_dro_straight_o1_c1_m3_boost_15_s40,straight_o1_c1_m3_boost_15_s40,boost_15,sh_mpcc_dro,77,40,26,0,0,27,0.005664289813144829,0.008670556584918807,0.6532786860531019,0,0,0.875220629661101,0,0,0
sh_mpcc_dro_straight_o1_c1_m3_boost_15_s40,straight_o1_c1_m3_boost_15_s40,boost_15,sh_mpcc_dro,77,40,27,0,0,28,0.005556998881061772,0.00837663941254865,0.6633923948949138,0,0,0.559322033898305,0,0,0
sh_mpcc_dro_straight_o1_c1_m3_boost_15_s40,straight_o1_c1_m3_boost_15_s40,boost_15,sh_mpcc_dro,77,40,28,0,0,29,0.0054806674899110785,0.008891918730663074,0.6163650001671105,0,0,0.5409836065573771,0,0,0
sh_mpcc_dro_straight_o1_c1_m3_boost_15_s40,straight_o1_c1_m3_boost_15_s40,boost_15,sh_mpcc_dro,77,40,29,0,0,30,0.005384670365930474,0.008609635596356165,0.6254237250423716,0,0,0.5555555555555556,0,0,0
sh_mpcc_dro_straight_o1_c1_m3_boost_15_s40,straight_o1_c1_m3_boost_15_s40,boost_15,sh_mpcc_dro,77,40,3,0,0,4,0.012332083864118512,0.0065867031131335435,1.872269578923176,0,1,0.9999999999999999,1,1,0
sh_mpcc_dro_straight_o1_c1_m3_boost_15_s40,straight_o1_c1_m3_boost_15_s40,boost_15,sh_mpcc_dro,77,40,30,0,0,31,0.005311948344807657,0.00908603630462335,0.5846276821615514,0,0,0.843351121180931,0,0,0
sh_mpcc_dro_straight_o1_c1_m3_boost_15_s40,straight_o1_c1_m3_boost_15_s40,boost_15,sh_mpcc_dro,77,40,31,0,0,32,0.005205691025101895,0.009175277679830838,0.5673605973304854,0,0,0.6706160223955053,0,0,0
sh_mpcc_dro_straight_o1_c1_m3_boost_15_s40,straight_o1_c1_m3_boost_15_s40,boost_15,sh_mpcc_dro,77,40,32,0,0,33,0.005124875224179684,0.008909327602154583,0.5752258142287092,0,0,0.6859945884156927,0,0,0
sh_mpcc_dro_straight_o1_c1_m3_boost_15_s40,straight_o1_c1_m3_boost_15_s40,boost_15,sh_mpcc_dro,77,40,33,0,0,34,0.0050442959354604485,0.008658360627446139,0.5825924967216697,0,0,0.7001475587428305,0,0,0
sh_mpcc_dro_straight_o1_c1_m3_boost_15_s40,straight_o1_c1_m3_boost_15_s40,boost_15,sh_mpcc_dro,77,40,34,0,0,35,0.004964329121768721,0.008421145267789922,0.5895075983021937,0,0,0.7132085707388524,0,0,0
sh_mpcc_dro_straight_o1_c1_m3_boost_15_s40,straight_o1_c1_m3_boost_15_s40,boost_15,sh_mpcc_dro,77,40,35,0,0,36,0.004885262625620733,0.008196581393982223,0.5960122142149898,0,0,0.7252930113192684,0,0,0
sh_mpcc_dro_straight_o1_c1_m3_boost_15_s40,straight_o1_c1_m3_boost_15_s40,boost_15,sh_mpcc_dro,77,40,36,0,0,37,0.004801508200679919,0.008297335705153603,0.5786807200891761,0,0,0.7100437619117508,0,0,0
sh_mpcc_dro_straight_o1_c1_m3_boost_15_s40,straight_o1_c1_m3_boost_15_s40,boost_15,sh_mpcc_dro,77,40,37,0,0,38,0.004727986654563048,0.00808727657337756,0.5846203739497507,0,0,0.569620253164557,0,0,0
sh_mpcc_dro_straight_o1_c1_m3_boost_15_s40,straight_o1_c1_m3_boost_15_s40,boost_15,sh_mpcc_dro,77,40,38,0,0,39,0.004690696240037387,0.008482471191690011,0.5529869932989224,0,0,0.8426169974746381,0,0,0
sh_mpcc_dro_straight_o1_c1_m3_boost_15_s40,straight_o1_c1_m3_boost_15_s40,boost_15,sh_mpcc_dro,77,40,39,0,0,40,0.0046148773003362505,0.008569053147892199,0.5385516019901697,0,0,0.5869840349467306,0,0,0
sh_mpcc_dro_straight_o1_c1_m3_boost_15_s40,straight_o1_c1_m3_boost_15_s40,boost_15,sh_mpcc_dro,77,40,4,0,0,5,0.011791788980642544,0.00649775157580204,1.8147491240748215,0,1,1.0,1,1,1
sh_mpcc_dro_straight_o1_c1_m3_boost_15_s40,straight_o1_c1_m3_boost_15_s40,boost_15,sh_mpcc_dro,77,40,40,0,0,41,0.004540461397771447,0.008651560659096594,0.524814143561188,0,0,0.6589838413331972,0,0,0
sh_mpcc_dro_straight_o1_c1_m3_boost_15_s40,straight_o1_c1_m3_boost_15_s40,boost_15,sh_mpcc_dro,77,40,41,0,0,42,0.0044675435435939685,0.008730274721509976,0.5117300069133756,0,0,0.5172413793103449,0,0,0
sh_mpcc_dro_straight_o1_c1_m3_boost_15_s40,straight_o1_c1_m3_boost_15_s40,boost_15,sh_mpcc_dro,77,40,42,0,0,43,0.004396187200928289,0.008805451073253099,0.4992574672616011,0,0,0.5056179775280899,0,0,0
sh_mpcc_dro_straight_o1_c1_m3_boost_15_s40,straight_o1_c1_m3_boost_15_s40,boost_15,sh_mpcc_dro,77,40,43,0,0,44,0.004341957865043002,0.008611924676038748,0.504179730824142,0,0,0.5164835164835165,0,0,0
sh_mpcc_dro_straight_o1_c1_m3_boost_15_s40,straight_o1_c1_m3_boost_15_s40,boost_15,sh_mpcc_dro,77,40,44,0,0,45,0.004312805775573703,0.008944843685479396,0.48215552190977823,0,0,0.5053763440860215,0,0,0
sh_mpcc_dro_straight_o1_c1_m3_boost_15_s40,straight_o1_c1_m3_boost_15_s40,boost_15,sh_mpcc_dro,77,40,45,0,0,46,0.004247877411216512,0.008897827012478897,0.47740615829674027,0,0,0.49473684210526314,0,0,0
sh_mpcc_dro_straight_o1_c1_m3_boost_15_s40,straight_o1_c1_m3_boost_15_s40,boost_15,sh_mpcc_dro,77,40,46,0,0,47,0.004184353671207233,0.008714366661706135,0.4801672724645261,0,0,0.4845360824742268,0,0,0
sh_mpcc_dro_straight_o1_c1_m3_boost_15_s40,straight_o1_c1_m3_boost_15_s40,boost_15,sh_mpcc_dro,77,40,47,0,0,48,0.0041387148797274185,0.008782270817511657,0.4712579429314467,0,0,0.494949494949495,0,0,0
sh_mpcc_dro_straight_o1_c1_m3_boost_15_s40,straight_o1_c1_m3_boost_15_s40,boost_15,sh_mpcc_dro,77,40,48,0,0,49,0.004112777218025146,0.008847485699819718,0.46485265504401446,0,0,0.48514851485148514,0,0,0
sh_mpcc_dro_straight_o1_c1_m3_boost_15_s40,straight_o1_c1_m3_boost_15_s40,boost_15,sh_mpcc_dro,77,40,49,0,0,50,0.00408415814626591,0.008910167965339456,0.4583705001020498,0,0,0.47572815533980584,0,0,0
sh_mpcc_dro_straight_o1_c1_m3_boost_15_s40,straight_o1_c1_m3_boost_15_s40,boost_15,sh_mpcc_dro,77,40,5,0,0,6,0.01048715143453137,0.006440331932841674,1.6283557344386925,0,1,1.0,1,1,1
sh_mpcc_dro_straight_o1_c1_m3_boost_15_s40,straight_o1_c1_m3_boost_15_s40,boost_15,sh_mpcc_dro,77,40,50,0,0,51,0.004043680808235903,0.008970462335029631,0.45077730190620613,0,0,0.4857142857142857,0,0,0
sh_mpcc_dro_straight_o1_c1_m3_boost_15_s40,straight_o1_c1_m3_boost_15_s40,boost_15,sh_mpcc_dro,77,40,51,0,0,52,0.00401535016754429,0.009028502709591383,0.44474153652062415,0,0,0.4766355140186916,0,0,0
sh_mpcc_dro_straight_o1_c1_m3_boost_15_s40,straight_o1_c1_m3_boost_15_s40,boost_15,sh_mpcc_dro,77,40,52,0,0,53,0.003962322868377627,0.008862842109415311,0.4470713592165103,0,0,0.46788990825688076,0,0,0
sh_mpcc_dro_straight_o1_c1_m3_boost_15_s40,straight_o1_c1_m3_boost_15_s40,boost_15,sh_mpcc_dro,77,40,53,0,0,54,0.003910336697034121,0.008703151260597012,0.4493012450258026,0,0,0.4594594594594595,0,0,0
sh_mpcc_dro_straight_o1_c1_m3_boost_15_s40,straight_o1_c1_m3_boost_15_s40,boost_15,sh_mpcc_dro,77,40,54,0,0,55,0.0038754957786281976,0.008762841014817925,0.4422647600332759,0,0,0.4690265486725664,0,0,0
sh_mpcc_dro_straight_o1_c1_m3_boost_15_s40,straight_o1_c1_m3_boost_15_s40,boost_15,sh_mpcc_dro,77,40,55,0,0,56,0.003826147720298895,0.0086104437797777,0.44436126849639296,0,0,0.4608695652173913,0,0,0
sh_mpcc_dro_straight_o1_c1_m3_boost_15_s40,straight_o1_c1_m3_boost_15_s40,boost_15,sh_mpcc_dro,77,40,56,0,0,57,0.0037926872856230576,0.008669677601902515,0.4374657812870426,0,0,0.4700854700854701,0,0,0
sh_mpcc_dro_straight_o1_c1_m3_boost_15_s40,straight_o1_c1_m3_boost_15_s40,boost_15,sh_mpcc_dro,77,40,57,0,0,58,0.0037591043343214404,0.008726920371182612,0.4307480960562532,0,0,0.4789915966386555,0,0,0
sh_mpcc_dro_straight_o1_c1_m3_boost_15_s40,straight_o1_c1_m3_boost_15_s40,boost_15,sh_mpcc_dro,77,40,58,0,0,59,0.0037136633890845192,0.008582673753477437,0.4326930622965665,0,0,0.47107438016528924,0,0,0
sh_mpcc_dro_straight_o1_c1_m3_boost_15_s40,straight_o1_c1_m3_boost_15_s40,boost_15,sh_mpcc_dro,77,40,59,0,0,60,0.0036690604379901073,0.00844311808268919,0.4345622555620455,0,0,0.4634146341463415,0,0,0
sh_mpcc_dro_straight_o1_c1_m3_boost_15_s40,straight_o1_c1_m3_boost_15_s40,boost_15,sh_mpcc_dro,77,40,6,0,0,7,0.00992796511174338,0.007103307278869507,1.3976538986672442,0,1,1.0,1,1,1
sh_mpcc_dro_straight_o1_c1_m3_boost_15_s40,straight_o1_c1_m3_boost_15_s40,boost_15,sh_mpcc_dro,77,40,7,0,0,8,0.009665997855187375,0.007626708867839001,1.2673878107433514,0,1,0.9999999999999999,1,1,0
sh_mpcc_dro_straight_o1_c1_m3_boost_15_s40,straight_o1_c1_m3_boost_15_s40,boost_15,sh_mpcc_dro,77,40,8,0,0,9,0.009303922403443236,0.007467015831602327,1.246002769147301,0,1,1.0000000000000002,1,1,0
sh_mpcc_dro_straight_o1_c1_m3_boost_15_s40,straight_o1_c1_m3_boost_15_s40,boost_15,sh_mpcc_dro,77,40,9,0,0,10,0.008660956611144653,0.0073503788363954775,1.1783007112857689,0,1,1.0,1,1,1
sh_mpcc_dro_straight_o1_c1_m3_boost_15_s40,straight_o1_c1_m3_boost_15_s40,boost_15,sh_mpcc_dro,78,40,0,0,0,1,0.009433155837728502,0.004093376271073728,2.3044927250858627,0,1,0.6,0,0,0
sh_mpcc_dro_straight_o1_c1_m3_boost_15_s40,straight_o1_c1_m3_boost_15_s40,boost_15,sh_mpcc_dro,78,40,1,0,0,2,0.006762195113193616,0.0058572013806155575,1.154509581243551,0,1,0.42857142857142855,0,0,0
sh_mpcc_dro_straight_o1_c1_m3_boost_15_s40,straight_o1_c1_m3_boost_15_s40,boost_15,sh_mpcc_dro,78,40,10,0,0,11,0.004988309595733228,0.003546704142216275,1.4064634081984968,0,1,0.6257400957435436,0,0,0
sh_mpcc_dro_straight_o1_c1_m3_boost_15_s40,straight_o1_c1_m3_boost_15_s40,boost_15,sh_mpcc_dro,78,40,11,0,0,12,0.004823337967714428,0.00429387270535954,1.1233071631802263,0,1,0.6684652953783343,0,0,0
sh_mpcc_dro_straight_o1_c1_m3_boost_15_s40,straight_o1_c1_m3_boost_15_s40,boost_15,sh_mpcc_dro,78,40,12,0,0,13,0.004610653197616014,0.004469012629867045,1.0316939287220548,0,1,0.6696708225224713,0,0,0
sh_mpcc_dro_straight_o1_c1_m3_boost_15_s40,straight_o1_c1_m3_boost_15_s40,boost_15,sh_mpcc_dro,78,40,13,0,0,14,0.004406551027978719,0.004621553854438095,0.9534782384385917,0,0,0.6616491457295,0,0,0
sh_mpcc_dro_straight_o1_c1_m3_boost_15_s40,straight_o1_c1_m3_boost_15_s40,boost_15,sh_mpcc_dro,78,40,14,0,0,15,0.00426632439109577,0.004341459681441852,0.9826935418363417,0,0,0.6308525495572397,0,0,0
sh_mpcc_dro_straight_o1_c1_m3_boost_15_s40,straight_o1_c1_m3_boost_15_s40,boost_15,sh_mpcc_dro,78,40,15,0,0,16,0.0041517860588924805,0.004872432256482349,0.8520972361121879,0,0,0.661427147647764,0,0,0
sh_mpcc_dro_straight_o1_c1_m3_boost_15_s40,straight_o1_c1_m3_boost_15_s40,boost_15,sh_mpcc_dro,78,40,16,0,0,17,0.003994283824973902,0.004978430599954554,0.8023178680065088,0,0,0.6575436999403245,0,0,0
sh_mpcc_dro_straight_o1_c1_m3_boost_15_s40,straight_o1_c1_m3_boost_15_s40,boost_15,sh_mpcc_dro,78,40,17,0,0,18,0.003844991319704377,0.004906031925643909,0.783727333612842,0,0,0.6534758459083476,0,0,0
sh_mpcc_dro_straight_o1_c1_m3_boost_15_s40,straight_o1_c1_m3_boost_15_s40,boost_15,sh_mpcc_dro,78,40,18,0,0,19,0.003748820610941971,0.005000049959062163,0.7497566307607695,0,0,0.677082802690172,0,0,0
sh_mpcc_dro_straight_o1_c1_m3_boost_15_s40,straight_o1_c1_m3_boost_15_s40,boost_15,sh_mpcc_dro,78,40,19,0,0,20,0.0036752965061021565,0.005085322128906581,0.7227263903717343,0,0,0.6529870508187074,0,0,0
sh_mpcc_dro_straight_o1_c1_m3_boost_15_s40,straight_o1_c1_m3_boost_15_s40,boost_15,sh_mpcc_dro,78,40,2,0,0,3,0.007601663467509214,0.005303760093852179,1.4332592977424896,0,1,0.9463263374042141,1,0,0
sh_mpcc_dro_straight_o1_c1_m3_boost_15_s40,straight_o1_c1_m3_boost_15_s40,boost_15,sh_mpcc_dro,78,40,20,0,0,21,0.003598526719394886,0.005003015442423472,0.719271559484084,0,0,0.6303157069214395,0,0,0
sh_mpcc_dro_straight_o1_c1_m3_boost_15_s40,straight_o1_c1_m3_boost_15_s40,boost_15,sh_mpcc_dro,78,40,21,0,0,22,0.003520317973089178,0.004790121168277817,0.7349120929136812,0,0,0.6089890611409502,0,0,0
sh_mpcc_dro_straight_o1_c1_m3_boost_15_s40,straight_o1_c1_m3_boost_15_s40,boost_15,sh_mpcc_dro,78,40,22,0,0,23,0.003416995930728992,0.004873520370009966,0.7011350463939898,0,0,0.6074513281597126,0,0,0
sh_mpcc_dro_straight_o1_c1_m3_boost_15_s40,straight_o1_c1_m3_boost_15_s40,boost_15,sh_mpcc_dro,78,40,23,0,0,24,0.003359212895443538,0.00509155414131939,0.6597617941804023,0,0,0.6284358083897041,0,0,0
sh_mpcc_dro_straight_o1_c1_m3_boost_15_s40,straight_o1_c1_m3_boost_15_s40,boost_15,sh_mpcc_dro,78,40,24,0,0,25,0.003297073722657305,0.005020178445656501,0.6567642481932011,0,0,0.5094339622641509,0,0,0
sh_mpcc_dro_straight_o1_c1_m3_boost_15_s40,straight_o1_c1_m3_boost_15_s40,boost_15,sh_mpcc_dro,78,40,25,0,0,26,0.0032101601087359344,0.004969746625976816,0.6459403970328104,0,0,0.4909090909090909,0,0,0
sh_mpcc_dro_straight_o1_c1_m3_boost_15_s40,straight_o1_c1_m3_boost_15_s40,boost_15,sh_mpcc_dro,78,40,26,0,0,27,0.003126644401545136,0.0047953695513811324,0.6520132323575812,0,0,0.47368421052631576,0,0,0
sh_mpcc_dro_straight_o1_c1_m3_boost_15_s40,straight_o1_c1_m3_boost_15_s40,boost_15,sh_mpcc_dro,78,40,27,0,0,28,0.003046509467611517,0.0046328146513343145,0.657593643797962,0,0,0.4576271186440678,0,0,0
sh_mpcc_dro_straight_o1_c1_m3_boost_15_s40,straight_o1_c1_m3_boost_15_s40,boost_15,sh_mpcc_dro,78,40,28,0,0,29,0.0030060253350492998,0.00470496504344526,0.638904924328217,0,0,0.6217471721579774,0,0,0
sh_mpcc_dro_straight_o1_c1_m3_boost_15_s40,straight_o1_c1_m3_boost_15_s40,boost_15,sh_mpcc_dro,78,40,29,0,0,30,0.00293336757767941,0.004555601073812239,0.643903522312742,0,0,0.619513657045154,0,0,0
sh_mpcc_dro_straight_o1_c1_m3_boost_15_s40,straight_o1_c1_m3_boost_15_s40,boost_15,sh_mpcc_dro,78,40,3,0,0,4,0.007494131427503018,0.004339440076788146,1.7269811991619501,0,1,0.8677566049821362,0,0,0
sh_mpcc_dro_straight_o1_c1_m3_boost_15_s40,straight_o1_c1_m3_boost_15_s40,boost_15,sh_mpcc_dro,78,40,30,0,0,31,0.002863607910342344,0.004415428733079554,0.6485458340406984,0,0,0.440811565079811,0,0,0
sh_mpcc_dro_straight_o1_c1_m3_boost_15_s40,straight_o1_c1_m3_boost_15_s40,boost_15,sh_mpcc_dro,78,40,31,0,0,32,0.0027966474075711224,0.00428362489030106,0.6528693522869529,0,0,0.7698123358197249,0,0,0
sh_mpcc_dro_straight_o1_c1_m3_boost_15_s40,straight_o1_c1_m3_boost_15_s40,boost_15,sh_mpcc_dro,78,40,32,0,0,33,0.0027323770480007043,0.004159461850002479,0.6569063851370763,0,0,0.7740150756769673,0,0,0
sh_mpcc_dro_straight_o1_c1_m3_boost_15_s40,straight_o1_c1_m3_boost_15_s40,boost_15,sh_mpcc_dro,78,40,33,0,0,34,0.002703060816877729,0.004234784096783215,0.63829955792339,0,0,0.4084507042253521,0,0,0
sh_mpcc_dro_straight_o1_c1_m3_boost_15_s40,straight_o1_c1_m3_boost_15_s40,boost_15,sh_mpcc_dro,78,40,34,0,0,35,0.002644027389962975,0.004118762614679411,0.6419470208211492,0,0,0.7841872454264474,0,0,0
sh_mpcc_dro_straight_o1_c1_m3_boost_15_s40,straight_o1_c1_m3_boost_15_s40,boost_15,sh_mpcc_dro,78,40,35,0,0,36,0.0025872510497234736,0.004008928944954628,0.6453721393539829,0,0,0.578618321754334,0,0,0
sh_mpcc_dro_straight_o1_c1_m3_boost_15_s40,straight_o1_c1_m3_boost_15_s40,boost_15,sh_mpcc_dro,78,40,36,0,0,37,0.0025326341946652455,0.003904800920410351,0.648594959458034,0,0,0.7991971196903065,0,0,0
sh_mpcc_dro_straight_o1_c1_m3_boost_15_s40,straight_o1_c1_m3_boost_15_s40,boost_15,sh_mpcc_dro,78,40,37,0,0,38,0.0025134235080801763,0.003978942710038397,0.6316812508355824,0,0,0.7840807782473048,0,0,0
sh_mpcc_dro_straight_o1_c1_m3_boost_15_s40,straight_o1_c1_m3_boost_15_s40,boost_15,sh_mpcc_dro,78,40,38,0,0,39,0.0024920426330742144,0.004049423176721991,0.6154068182845547,0,0,0.4074074074074074,0,0,0
sh_mpcc_dro_straight_o1_c1_m3_boost_15_s40,straight_o1_c1_m3_boost_15_s40,boost_15,sh_mpcc_dro,78,40,39,0,0,40,0.0024717922239412184,0.004116506994408504,0.6004586479018936,0,0,0.39759036144578314,0,0,0
sh_mpcc_dro_straight_o1_c1_m3_boost_15_s40,straight_o1_c1_m3_boost_15_s40,boost_15,sh_mpcc_dro,78,40,4,0,0,5,0.006516226891093665,0.005769292333382371,1.1294672751091792,0,1,0.9009406336579223,1,0,0
sh_mpcc_dro_straight_o1_c1_m3_boost_15_s40,straight_o1_c1_m3_boost_15_s40,boost_15,sh_mpcc_dro,78,40,40,0,0,41,0.0024510743602366636,0.00418043392655711,0.5863205598504223,0,0,0.38823529411764707,0,0,0
sh_mpcc_dro_straight_o1_c1_m3_boost_15_s40,straight_o1_c1_m3_boost_15_s40,boost_15,sh_mpcc_dro,78,40,41,0,0,42,0.00242918769339766,0.004241421689411245,0.5727295872188689,0,0,0.40229885057471265,0,0,0
sh_mpcc_dro_straight_o1_c1_m3_boost_15_s40,straight_o1_c1_m3_boost_15_s40,boost_15,sh_mpcc_dro,78,40,42,0,0,43,0.002406399333585057,0.004299668429215829,0.559670907931832,0,0,0.4157303370786517,0,0,0
sh_mpcc_dro_straight_o1_c1_m3_boost_15_s40,straight_o1_c1_m3_boost_15_s40,boost_15,sh_mpcc_dro,78,40,43,0,0,44,0.0023894012757861376,0.004355354872765238,0.5486123049874679,0,0,0.4065934065934066,0,0,0
sh_mpcc_dro_straight_o1_c1_m3_boost_15_s40,straight_o1_c1_m3_boost_15_s40,boost_15,sh_mpcc_dro,78,40,44,0,0,45,0.0023703802413216264,0.004408646200463244,0.5376662434541823,0,0,0.3978494623655914,0,0,0
sh_mpcc_dro_straight_o1_c1_m3_boost_15_s40,straight_o1_c1_m3_boost_15_s40,boost_15,sh_mpcc_dro,78,40,45,0,0,46,0.002331463941345102,0.0043158325962430215,0.5402118570063784,0,0,0.3894736842105263,0,0,0
sh_mpcc_dro_straight_o1_c1_m3_boost_15_s40,straight_o1_c1_m3_boost_15_s40,boost_15,sh_mpcc_dro,78,40,46,0,0,47,0.0023123050349268095,0.004367741235716736,0.5294052257533443,0,0,0.38144329896907214,0,0,0
sh_mpcc_dro_straight_o1_c1_m3_boost_15_s40,straight_o1_c1_m3_boost_15_s40,boost_15,sh_mpcc_dro,78,40,47,0,0,48,0.0022919455283181727,0.004417552556423958,0.5188269973121769,0,0,0.37373737373737376,0,0,0
sh_mpcc_dro_straight_o1_c1_m3_boost_15_s40,straight_o1_c1_m3_boost_15_s40,boost_15,sh_mpcc_dro,78,40,48,0,0,49,0.0022706767026451943,0.004465391151558449,0.5085056662623417,0,0,0.36633663366336633,0,0,0
sh_mpcc_dro_straight_o1_c1_m3_boost_15_s40,straight_o1_c1_m3_boost_15_s40,boost_15,sh_mpcc_dro,78,40,49,0,0,50,0.0022561397564260254,0.004511371937173149,0.5001005875475953,0,0,0.3786407766990291,0,0,0
sh_mpcc_dro_straight_o1_c1_m3_boost_15_s40,straight_o1_c1_m3_boost_15_s40,boost_15,sh_mpcc_dro,78,40,5,0,0,6,0.006063416455217098,0.0054667212885745175,1.1091504642626793,0,1,0.8778335065129919,0,0,0
sh_mpcc_dro_straight_o1_c1_m3_boost_15_s40,straight_o1_c1_m3_boost_15_s40,boost_15,sh_mpcc_dro,78,40,50,0,0,51,0.0022231641524531236,0.00442544104313181,0.5023599073596127,0,0,0.37142857142857144,0,0,0
sh_mpcc_dro_straight_o1_c1_m3_boost_15_s40,straight_o1_c1_m3_boost_15_s40,boost_15,sh_mpcc_dro,78,40,51,0,0,52,0.002191008179484043,0.004342722518961121,0.5045241020852013,0,0,0.3644859813084112,0,0,0
sh_mpcc_dro_straight_o1_c1_m3_boost_15_s40,straight_o1_c1_m3_boost_15_s40,boost_15,sh_mpcc_dro,78,40,52,0,0,53,0.0021726239849643733,0.004388423052754829,0.49508079755449064,0,0,0.3577981651376147,0,0,0
sh_mpcc_dro_straight_o1_c1_m3_boost_15_s40,straight_o1_c1_m3_boost_15_s40,boost_15,sh_mpcc_dro,78,40,53,0,0,54,0.002153634486686437,0.004432476720465833,0.4858760964818107,0,0,0.35135135135135137,0,0,0
sh_mpcc_dro_straight_o1_c1_m3_boost_15_s40,straight_o1_c1_m3_boost_15_s40,boost_15,sh_mpcc_dro,78,40,54,0,0,55,0.0021243514382166635,0.004354025805059419,0.4879051097373256,0,0,0.36283185840707965,0,0,0
sh_mpcc_dro_straight_o1_c1_m3_boost_15_s40,straight_o1_c1_m3_boost_15_s40,boost_15,sh_mpcc_dro,78,40,55,0,0,56,0.002095749906316587,0.0042783036171453424,0.4898553477873448,0,0,0.3739130434782609,0,0,0
sh_mpcc_dro_straight_o1_c1_m3_boost_15_s40,straight_o1_c1_m3_boost_15_s40,boost_15,sh_mpcc_dro,78,40,56,0,0,57,0.002085677321493258,0.004321980505924368,0.48257443980469356,0,0,0.36752136752136755,0,0,0
sh_mpcc_dro_straight_o1_c1_m3_boost_15_s40,straight_o1_c1_m3_boost_15_s40,boost_15,sh_mpcc_dro,78,40,57,0,0,58,0.002074821512172183,0.004364189263988064,0.4754196911882274,0,0,0.36134453781512604,0,0,0
sh_mpcc_dro_straight_o1_c1_m3_boost_15_s40,straight_o1_c1_m3_boost_15_s40,boost_15,sh_mpcc_dro,78,40,58,0,0,59,0.002059092950121381,0.004405002691206793,0.46744419798691944,0,0,0.35537190082644626,0,0,0
sh_mpcc_dro_straight_o1_c1_m3_boost_15_s40,straight_o1_c1_m3_boost_15_s40,boost_15,sh_mpcc_dro,78,40,59,0,0,60,0.0020429111803952514,0.004444488852499614,0.4596504228481308,0,0,0.34959349593495936,0,0,0
sh_mpcc_dro_straight_o1_c1_m3_boost_15_s40,straight_o1_c1_m3_boost_15_s40,boost_15,sh_mpcc_dro,78,40,6,0,0,7,0.005952434075629962,0.005215741385612168,1.14124409849959,0,1,0.8187414406854974,0,0,0
sh_mpcc_dro_straight_o1_c1_m3_boost_15_s40,straight_o1_c1_m3_boost_15_s40,boost_15,sh_mpcc_dro,78,40,7,0,0,8,0.005741976278891795,0.004666715976600384,1.2304104873069046,0,1,0.7630796281467668,0,0,0
sh_mpcc_dro_straight_o1_c1_m3_boost_15_s40,straight_o1_c1_m3_boost_15_s40,boost_15,sh_mpcc_dro,78,40,8,0,0,9,0.005494119627440356,0.004222266835971785,1.301225109846911,0,1,0.7123365530021109,0,0,0
sh_mpcc_dro_straight_o1_c1_m3_boost_15_s40,straight_o1_c1_m3_boost_15_s40,boost_15,sh_mpcc_dro,78,40,9,0,0,10,0.005238256523103804,0.0038551131980611502,1.358781507567217,0,1,0.6666693574163294,0,0,0
sh_mpcc_dro_straight_o1_c1_m3_boost_30_s40,straight_o1_c1_m3_boost_30_s40,boost_30,sh_mpcc_dro,77,40,0,0,0,1,0.011963274961003129,0.00483024894963133,2.4767408648608535,0,1,0.6,0,0,0
sh_mpcc_dro_straight_o1_c1_m3_boost_30_s40,straight_o1_c1_m3_boost_30_s40,boost_30,sh_mpcc_dro,77,40,1,0,0,2,0.010964904464789899,0.0034501778211652352,3.1780693729828395,0,1,0.7142857142857143,0,0,0
sh_mpcc_dro_straight_o1_c1_m3_boost_30_s40,straight_o1_c1_m3_boost_30_s40,boost_30,sh_mpcc_dro,77,40,10,0,0,11,0.008352005558356796,0.007238343088472276,1.1538559938749144,0,1,1.0,1,1,1
sh_mpcc_dro_straight_o1_c1_m3_boost_30_s40,straight_o1_c1_m3_boost_30_s40,boost_30,sh_mpcc_dro,77,40,11,0,0,12,0.008030132347418678,0.006702169526363197,1.1981392466770493,0,1,1.0,1,1,1
sh_mpcc_dro_straight_o1_c1_m3_boost_30_s40,straight_o1_c1_m3_boost_30_s40,boost_30,sh_mpcc_dro,77,40,12,0,0,13,0.007710710185508952,0.0062399509383382614,1.2357004504850102,0,1,0.9999999999999998,1,1,0
sh_mpcc_dro_straight_o1_c1_m3_boost_30_s40,straight_o1_c1_m3_boost_30_s40,boost_30,sh_mpcc_dro,77,40,13,0,0,14,0.007623903466659147,0.007391738530383099,1.0314087051810281,0,1,1.0,1,1,1
sh_mpcc_dro_straight_o1_c1_m3_boost_30_s40,straight_o1_c1_m3_boost_30_s40,boost_30,sh_mpcc_dro,77,40,14,0,0,15,0.007364579695322111,0.006943754377026615,1.0606048681226103,0,1,0.5757575757575758,0,0,0
sh_mpcc_dro_straight_o1_c1_m3_boost_30_s40,straight_o1_c1_m3_boost_30_s40,boost_30,sh_mpcc_dro,77,40,15,0,0,16,0.0071109295571211055,0.006546968412625035,1.0861408073099208,0,1,1.0,1,1,1
sh_mpcc_dro_straight_o1_c1_m3_boost_30_s40,straight_o1_c1_m3_boost_30_s40,boost_30,sh_mpcc_dro,77,40,16,0,0,17,0.006866278408642114,0.006193078228158762,1.1087020308289401,0,1,0.9999999999999999,1,1,0
sh_mpcc_dro_straight_o1_c1_m3_boost_30_s40,straight_o1_c1_m3_boost_30_s40,boost_30,sh_mpcc_dro,77,40,17,0,0,18,0.006618001230604191,0.0064947471587189255,1.0189775011825983,0,1,1.0,1,1,1
sh_mpcc_dro_straight_o1_c1_m3_boost_30_s40,straight_o1_c1_m3_boost_30_s40,boost_30,sh_mpcc_dro,77,40,18,0,0,19,0.006411246487134884,0.006177930224147284,1.0377660890496387,0,1,1.0,1,1,1
sh_mpcc_dro_straight_o1_c1_m3_boost_30_s40,straight_o1_c1_m3_boost_30_s40,boost_30,sh_mpcc_dro,77,40,19,0,0,20,0.006212514185212089,0.0058905846323263665,1.0546515453014693,0,1,1.0,1,1,1
sh_mpcc_dro_straight_o1_c1_m3_boost_30_s40,straight_o1_c1_m3_boost_30_s40,boost_30,sh_mpcc_dro,77,40,2,0,0,3,0.01225787900639368,0.005366943277368143,2.283959112831305,0,1,0.5555555555555556,0,0,0
sh_mpcc_dro_straight_o1_c1_m3_boost_30_s40,straight_o1_c1_m3_boost_30_s40,boost_30,sh_mpcc_dro,77,40,20,0,0,21,0.006211200220348146,0.00669956569822452,0.9271049050230528,0,0,0.979729697511605,1,0,0
sh_mpcc_dro_straight_o1_c1_m3_boost_30_s40,straight_o1_c1_m3_boost_30_s40,boost_30,sh_mpcc_dro,77,40,21,0,0,22,0.006039178802450947,0.006414477796172338,0.94149188669024,0,0,0.6170212765957447,0,0,0
sh_mpcc_dro_straight_o1_c1_m3_boost_30_s40,straight_o1_c1_m3_boost_30_s40,boost_30,sh_mpcc_dro,77,40,22,0,0,23,0.006006979849699453,0.007136036196942218,0.8417810229540926,0,0,0.9531369133940979,1,0,0
sh_mpcc_dro_straight_o1_c1_m3_boost_30_s40,straight_o1_c1_m3_boost_30_s40,boost_30,sh_mpcc_dro,77,40,23,0,0,24,0.0058568294413345375,0.006856191640199382,0.854239459555745,0,0,0.9585200531484208,1,0,0
sh_mpcc_dro_straight_o1_c1_m3_boost_30_s40,straight_o1_c1_m3_boost_30_s40,boost_30,sh_mpcc_dro,77,40,24,0,0,25,0.005810031099179313,0.007506624356230922,0.773987190974417,0,0,0.5849056603773585,0,0,0
sh_mpcc_dro_straight_o1_c1_m3_boost_30_s40,straight_o1_c1_m3_boost_30_s40,boost_30,sh_mpcc_dro,77,40,25,0,0,26,0.005677899824045613,0.007233656197822447,0.7849280735452752,0,0,0.9354261230096852,1,0,0
sh_mpcc_dro_straight_o1_c1_m3_boost_30_s40,straight_o1_c1_m3_boost_30_s40,boost_30,sh_mpcc_dro,77,40,26,0,0,27,0.005549199227065481,0.006979843699653272,0.7950320187457981,0,0,0.9406190700890492,1,0,0
sh_mpcc_dro_straight_o1_c1_m3_boost_30_s40,straight_o1_c1_m3_boost_30_s40,boost_30,sh_mpcc_dro,77,40,27,0,0,28,0.005424310912785311,0.00674323882847864,0.8044073553908373,0,0,0.6271186440677966,0,0,0
sh_mpcc_dro_straight_o1_c1_m3_boost_30_s40,straight_o1_c1_m3_boost_30_s40,boost_30,sh_mpcc_dro,77,40,28,0,0,29,0.005392540432158595,0.007312072264103343,0.7374845648930229,0,0,0.6065573770491803,0,0,0
sh_mpcc_dro_straight_o1_c1_m3_boost_30_s40,straight_o1_c1_m3_boost_30_s40,boost_30,sh_mpcc_dro,77,40,29,0,0,30,0.005280815372003717,0.007079942985877894,0.7458838838868009,0,0,0.6190476190476191,0,0,0
sh_mpcc_dro_straight_o1_c1_m3_boost_30_s40,straight_o1_c1_m3_boost_30_s40,boost_30,sh_mpcc_dro,77,40,3,0,0,4,0.012332083864118512,0.0065867031131335435,1.872269578923176,0,1,0.9999999999999999,1,1,0
sh_mpcc_dro_straight_o1_c1_m3_boost_30_s40,straight_o1_c1_m3_boost_30_s40,boost_30,sh_mpcc_dro,77,40,30,0,0,31,0.005243452792929433,0.007603411159082651,0.6896184729752342,0,0,0.8176369522646796,0,0,0
sh_mpcc_dro_straight_o1_c1_m3_boost_30_s40,straight_o1_c1_m3_boost_30_s40,boost_30,sh_mpcc_dro,77,40,31,0,0,32,0.005142981699936369,0.0073764436617966365,0.6972169700925668,0,0,0.8149424451754491,0,0,0
sh_mpcc_dro_straight_o1_c1_m3_boost_30_s40,straight_o1_c1_m3_boost_30_s40,boost_30,sh_mpcc_dro,77,40,32,0,0,33,0.005044896405415974,0.007162633700585102,0.7043353906264768,0,0,0.8245492953029826,0,0,0
sh_mpcc_dro_straight_o1_c1_m3_boost_30_s40,straight_o1_c1_m3_boost_30_s40,boost_30,sh_mpcc_dro,77,40,33,0,0,34,0.004949322656391466,0.006960869370991042,0.7110207637306681,0,0,0.8333640716730943,0,0,0
sh_mpcc_dro_straight_o1_c1_m3_boost_30_s40,straight_o1_c1_m3_boost_30_s40,boost_30,sh_mpcc_dro,77,40,34,0,0,35,0.004856354136935283,0.006770160621100901,0.7173174181125392,0,0,0.8414768501557411,0,0,0
sh_mpcc_dro_straight_o1_c1_m3_boost_30_s40,straight_o1_c1_m3_boost_30_s40,boost_30,sh_mpcc_dro,77,40,35,0,0,36,0.004765956302145648,0.006589623004538444,0.7232517397221678,0,0,0.8489582594959035,0,0,0
sh_mpcc_dro_straight_o1_c1_m3_boost_30_s40,straight_o1_c1_m3_boost_30_s40,boost_30,sh_mpcc_dro,77,40,36,0,0,37,0.004692777683470405,0.006732116494656564,0.6970731548087694,0,0,0.831119120791453,0,0,0
sh_mpcc_dro_straight_o1_c1_m3_boost_30_s40,straight_o1_c1_m3_boost_30_s40,boost_30,sh_mpcc_dro,77,40,37,0,0,38,0.004609652308757657,0.00656168316567792,0.7025106504485441,0,0,0.6455696202531646,0,0,0
sh_mpcc_dro_straight_o1_c1_m3_boost_30_s40,straight_o1_c1_m3_boost_30_s40,boost_30,sh_mpcc_dro,77,40,38,0,0,39,0.004599982925229357,0.006994546757019844,0.6576527522119625,0,0,0.8015183551716335,0,0,0
sh_mpcc_dro_straight_o1_c1_m3_boost_30_s40,straight_o1_c1_m3_boost_30_s40,boost_30,sh_mpcc_dro,77,40,39,0,0,40,0.004531834043944904,0.007116982314057645,0.6367634264024389,0,0,0.5560107155439798,0,0,0
sh_mpcc_dro_straight_o1_c1_m3_boost_30_s40,straight_o1_c1_m3_boost_30_s40,boost_30,sh_mpcc_dro,77,40,4,0,0,5,0.011791788980642544,0.00649775157580204,1.8147491240748215,0,1,1.0,1,1,1
sh_mpcc_dro_straight_o1_c1_m3_boost_30_s40,straight_o1_c1_m3_boost_30_s40,boost_30,sh_mpcc_dro,77,40,40,0,0,41,0.004464158414692488,0.0072336561978228655,0.6171372114748941,0,0,0.5696835058601352,0,0,0
sh_mpcc_dro_straight_o1_c1_m3_boost_30_s40,straight_o1_c1_m3_boost_30_s40,boost_30,sh_mpcc_dro,77,40,41,0,0,42,0.0043971957058222995,0.0073449657650931375,0.5986679647602879,0,0,0.5862068965517241,0,0,0
sh_mpcc_dro_straight_o1_c1_m3_boost_30_s40,straight_o1_c1_m3_boost_30_s40,boost_30,sh_mpcc_dro,77,40,42,0,0,43,0.004331126676938946,0.007451272655182719,0.5812599910602437,0,0,0.5730337078651685,0,0,0
sh_mpcc_dro_straight_o1_c1_m3_boost_30_s40,straight_o1_c1_m3_boost_30_s40,boost_30,sh_mpcc_dro,77,40,43,0,0,44,0.0042690665004163205,0.007287508421002878,0.5858060469765918,0,0,0.5824175824175825,0,0,0
sh_mpcc_dro_straight_o1_c1_m3_boost_30_s40,straight_o1_c1_m3_boost_30_s40,boost_30,sh_mpcc_dro,77,40,44,0,0,45,0.004258183745864044,0.007648909500444173,0.55670468393132,0,0,0.5698924731182796,0,0,0
sh_mpcc_dro_straight_o1_c1_m3_boost_30_s40,straight_o1_c1_m3_boost_30_s40,boost_30,sh_mpcc_dro,77,40,45,0,0,46,0.004197299156262587,0.007742103455678839,0.5421393785669274,0,0,0.5578947368421052,0,0,0
sh_mpcc_dro_straight_o1_c1_m3_boost_30_s40,straight_o1_c1_m3_boost_30_s40,boost_30,sh_mpcc_dro,77,40,46,0,0,47,0.004137407255905384,0.007831454361212867,0.5283063738961276,0,0,0.5463917525773195,0,0,0
sh_mpcc_dro_straight_o1_c1_m3_boost_30_s40,straight_o1_c1_m3_boost_30_s40,boost_30,sh_mpcc_dro,77,40,47,0,0,48,0.00408497312623937,0.007673243161996447,0.5323659162101322,0,0,0.5555555555555556,0,0,0
sh_mpcc_dro_straight_o1_c1_m3_boost_30_s40,straight_o1_c1_m3_boost_30_s40,boost_30,sh_mpcc_dro,77,40,48,0,0,49,0.004073209601977284,0.007998380101660315,0.5092543177751407,0,0,0.5445544554455446,0,0,0
sh_mpcc_dro_straight_o1_c1_m3_boost_30_s40,straight_o1_c1_m3_boost_30_s40,boost_30,sh_mpcc_dro,77,40,49,0,0,50,0.004056961846039148,0.00831089036405619,0.48815008601065446,0,0,0.5339805825242718,0,0,0
sh_mpcc_dro_straight_o1_c1_m3_boost_30_s40,straight_o1_c1_m3_boost_30_s40,boost_30,sh_mpcc_dro,77,40,5,0,0,6,0.01048715143453137,0.006440331932841674,1.6283557344386925,0,1,1.0,1,1,1
sh_mpcc_dro_straight_o1_c1_m3_boost_30_s40,straight_o1_c1_m3_boost_30_s40,boost_30,sh_mpcc_dro,77,40,50,0,0,51,0.004010120933564927,0.008152587690454866,0.4918832014846056,0,0,0.5428571428571428,0,0,0
sh_mpcc_dro_straight_o1_c1_m3_boost_30_s40,straight_o1_c1_m3_boost_30_s40,boost_30,sh_mpcc_dro,77,40,51,0,0,52,0.003992597659668288,0.00845053294138184,0.4724669659728484,0,0,0.5327102803738317,0,0,0
sh_mpcc_dro_straight_o1_c1_m3_boost_30_s40,straight_o1_c1_m3_boost_30_s40,boost_30,sh_mpcc_dro,77,40,52,0,0,53,0.003941600598861485,0.008517048343816397,0.46278950638142047,0,0,0.5229357798165137,0,0,0
sh_mpcc_dro_straight_o1_c1_m3_boost_30_s40,straight_o1_c1_m3_boost_30_s40,boost_30,sh_mpcc_dro,77,40,53,0,0,54,0.003899391966603387,0.008363588013297183,0.4662343434903517,0,0,0.5315315315315315,0,0,0
sh_mpcc_dro_straight_o1_c1_m3_boost_30_s40,straight_o1_c1_m3_boost_30_s40,boost_30,sh_mpcc_dro,77,40,54,0,0,55,0.0038575381511869304,0.008215559906867398,0.46954050544533293,0,0,0.5398230088495575,0,0,0
sh_mpcc_dro_straight_o1_c1_m3_boost_30_s40,straight_o1_c1_m3_boost_30_s40,boost_30,sh_mpcc_dro,77,40,55,0,0,56,0.0038160886909614287,0.008072680604139012,0.47271642197820263,0,0,0.5478260869565217,0,0,0
sh_mpcc_dro_straight_o1_c1_m3_boost_30_s40,straight_o1_c1_m3_boost_30_s40,boost_30,sh_mpcc_dro,77,40,56,0,0,57,0.003775084260533995,0.007934686063897231,0.47576983262269235,0,0,0.5555555555555556,0,0,0
sh_mpcc_dro_straight_o1_c1_m3_boost_30_s40,straight_o1_c1_m3_boost_30_s40,boost_30,sh_mpcc_dro,77,40,57,0,0,58,0.003734557973635165,0.007801329995596144,0.4787078582425465,0,0,0.5630252100840336,0,0,0
sh_mpcc_dro_straight_o1_c1_m3_boost_30_s40,straight_o1_c1_m3_boost_30_s40,boost_30,sh_mpcc_dro,77,40,58,0,0,59,0.003692923351475318,0.007871979456397758,0.4691225849775288,0,0,0.5537190082644629,0,0,0
sh_mpcc_dro_straight_o1_c1_m3_boost_30_s40,straight_o1_c1_m3_boost_30_s40,boost_30,sh_mpcc_dro,77,40,59,0,0,60,0.0036518081421111764,0.007940331373758424,0.4599062646402695,0,0,0.5447154471544715,0,0,0
sh_mpcc_dro_straight_o1_c1_m3_boost_30_s40,straight_o1_c1_m3_boost_30_s40,boost_30,sh_mpcc_dro,77,40,6,0,0,7,0.00992796511174338,0.007103307278869507,1.3976538986672442,0,1,1.0,1,1,1
sh_mpcc_dro_straight_o1_c1_m3_boost_30_s40,straight_o1_c1_m3_boost_30_s40,boost_30,sh_mpcc_dro,77,40,7,0,0,8,0.009665997855187375,0.007626708867839001,1.2673878107433514,0,1,0.9999999999999999,1,1,0
sh_mpcc_dro_straight_o1_c1_m3_boost_30_s40,straight_o1_c1_m3_boost_30_s40,boost_30,sh_mpcc_dro,77,40,8,0,0,9,0.009303922403443236,0.007467015831602327,1.246002769147301,0,1,1.0000000000000002,1,1,0
sh_mpcc_dro_straight_o1_c1_m3_boost_30_s40,straight_o1_c1_m3_boost_30_s40,boost_30,sh_mpcc_dro,77,40,9,0,0,10,0.008660956611144653,0.0073503788363954775,1.1783007112857689,0,1,1.0,1,1,1
sh_mpcc_dro_straight_o1_c1_m3_boost_30_s40,straight_o1_c1_m3_boost_30_s40,boost_30,sh_mpcc_dro,78,40,0,0,0,1,0.009433155837728502,0.004093376271073728,2.3044927250858627,0,1,0.6,0,0,0
sh_mpcc_dro_straight_o1_c1_m3_boost_30_s40,straight_o1_c1_m3_boost_30_s40,boost_30,sh_mpcc_dro,78,40,1,0,0,2,0.006762195113193616,0.0058572013806155575,1.154509581243551,0,1,0.42857142857142855,0,0,0
sh_mpcc_dro_straight_o1_c1_m3_boost_30_s40,straight_o1_c1_m3_boost_30_s40,boost_30,sh_mpcc_dro,78,40,10,0,0,11,0.004988309595733228,0.003546704142216275,1.4064634081984968,0,1,0.6257400957435436,0,0,0
sh_mpcc_dro_straight_o1_c1_m3_boost_30_s40,straight_o1_c1_m3_boost_30_s40,boost_30,sh_mpcc_dro,78,40,11,0,0,12,0.004823337967714428,0.00429387270535954,1.1233071631802263,0,1,0.6684652953783343,0,0,0
sh_mpcc_dro_straight_o1_c1_m3_boost_30_s40,straight_o1_c1_m3_boost_30_s40,boost_30,sh_mpcc_dro,78,40,12,0,0,13,0.004610653197616014,0.004469012629867045,1.0316939287220548,0,1,0.6696708225224713,0,0,0
sh_mpcc_dro_straight_o1_c1_m3_boost_30_s40,straight_o1_c1_m3_boost_30_s40,boost_30,sh_mpcc_dro,78,40,13,0,0,14,0.004406551027978719,0.004621553854438095,0.9534782384385917,0,0,0.6616491457295,0,0,0
sh_mpcc_dro_straight_o1_c1_m3_boost_30_s40,straight_o1_c1_m3_boost_30_s40,boost_30,sh_mpcc_dro,78,40,14,0,0,15,0.00426632439109577,0.004341459681441852,0.9826935418363417,0,0,0.6308525495572397,0,0,0
sh_mpcc_dro_straight_o1_c1_m3_boost_30_s40,straight_o1_c1_m3_boost_30_s40,boost_30,sh_mpcc_dro,78,40,15,0,0,16,0.0041517860588924805,0.004872432256482349,0.8520972361121879,0,0,0.661427147647764,0,0,0
sh_mpcc_dro_straight_o1_c1_m3_boost_30_s40,straight_o1_c1_m3_boost_30_s40,boost_30,sh_mpcc_dro,78,40,16,0,0,17,0.003994283824973902,0.004978430599954554,0.8023178680065088,0,0,0.6575436999403245,0,0,0
sh_mpcc_dro_straight_o1_c1_m3_boost_30_s40,straight_o1_c1_m3_boost_30_s40,boost_30,sh_mpcc_dro,78,40,17,0,0,18,0.0038931989476606683,0.004723126466623553,0.824284290325984,0,0,0.6314334669076456,0,0,0
sh_mpcc_dro_straight_o1_c1_m3_boost_30_s40,straight_o1_c1_m3_boost_30_s40,boost_30,sh_mpcc_dro,78,40,18,0,0,19,0.0038010594137786336,0.005157777846039509,0.7369567917116369,0,0,0.6565838302427711,0,0,0
sh_mpcc_dro_straight_o1_c1_m3_boost_30_s40,straight_o1_c1_m3_boost_30_s40,boost_30,sh_mpcc_dro,78,40,19,0,0,20,0.00371491118383292,0.00491788120203766,0.7553885568227421,0,0,0.6326937705003357,0,0,0
sh_mpcc_dro_straight_o1_c1_m3_boost_30_s40,straight_o1_c1_m3_boost_30_s40,boost_30,sh_mpcc_dro,78,40,2,0,0,3,0.007601663467509214,0.005303760093852179,1.4332592977424896,0,1,0.9463263374042141,1,0,0
sh_mpcc_dro_straight_o1_c1_m3_boost_30_s40,straight_o1_c1_m3_boost_30_s40,boost_30,sh_mpcc_dro,78,40,20,0,0,21,0.003627823420258956,0.004699308704169337,0.7719908711339322,0,0,0.6102966802980708,0,0,0
sh_mpcc_dro_straight_o1_c1_m3_boost_30_s40,straight_o1_c1_m3_boost_30_s40,boost_30,sh_mpcc_dro,78,40,21,0,0,22,0.0035411035467997547,0.0044993381210131035,0.7870276586375807,0,0,0.5892890683074473,0,0,0
sh_mpcc_dro_straight_o1_c1_m3_boost_30_s40,straight_o1_c1_m3_boost_30_s40,boost_30,sh_mpcc_dro,78,40,22,0,0,23,0.0034419225080812676,0.004594606018552016,0.7491224479712811,0,0,0.5889213829859498,0,0,0
sh_mpcc_dro_straight_o1_c1_m3_boost_30_s40,straight_o1_c1_m3_boost_30_s40,boost_30,sh_mpcc_dro,78,40,23,0,0,24,0.0033873245768854623,0.004949071654869595,0.6844363575848683,0,0,0.6109378508785903,0,0,0
sh_mpcc_dro_straight_o1_c1_m3_boost_30_s40,straight_o1_c1_m3_boost_30_s40,boost_30,sh_mpcc_dro,78,40,24,0,0,25,0.003318544113442052,0.004762314233931176,0.6968343436469696,0,0,0.5471698113207547,0,0,0
sh_mpcc_dro_straight_o1_c1_m3_boost_30_s40,straight_o1_c1_m3_boost_30_s40,boost_30,sh_mpcc_dro,78,40,25,0,0,26,0.003250153513587451,0.004589139170879074,0.7082272715135085,0,0,0.5636363636363636,0,0,0
sh_mpcc_dro_straight_o1_c1_m3_boost_30_s40,straight_o1_c1_m3_boost_30_s40,boost_30,sh_mpcc_dro,78,40,26,0,0,27,0.0031716021782858075,0.0046678852213996366,0.6794516205638026,0,0,0.543859649122807,0,0,0
sh_mpcc_dro_straight_o1_c1_m3_boost_30_s40,straight_o1_c1_m3_boost_30_s40,boost_30,sh_mpcc_dro,78,40,27,0,0,28,0.003095418798712592,0.0047412925566307565,0.652863910366301,0,0,0.5254237288135594,0,0,0
sh_mpcc_dro_straight_o1_c1_m3_boost_30_s40,straight_o1_c1_m3_boost_30_s40,boost_30,sh_mpcc_dro,78,40,28,0,0,29,0.0030580785302680323,0.005032839677549419,0.6076248651252618,0,0,0.592858467657088,0,0,0
sh_mpcc_dro_straight_o1_c1_m3_boost_30_s40,straight_o1_c1_m3_boost_30_s40,boost_30,sh_mpcc_dro,78,40,29,0,0,30,0.002987914653251423,0.004989467842746483,0.5988443552342262,0,0,0.5918461851947104,0,0,0
sh_mpcc_dro_straight_o1_c1_m3_boost_30_s40,straight_o1_c1_m3_boost_30_s40,boost_30,sh_mpcc_dro,78,40,3,0,0,4,0.007494131427503018,0.004339440076788146,1.7269811991619501,0,1,0.8677566049821362,0,0,0
sh_mpcc_dro_straight_o1_c1_m3_boost_30_s40,straight_o1_c1_m3_boost_30_s40,boost_30,sh_mpcc_dro,78,40,30,0,0,31,0.002940114088993516,0.0049333849777224124,0.59596283328184,0,0,0.5768728045347622,0,0,0
sh_mpcc_dro_straight_o1_c1_m3_boost_30_s40,straight_o1_c1_m3_boost_30_s40,boost_30,sh_mpcc_dro,78,40,31,0,0,32,0.0028760030334796386,0.0048955713032008425,0.5874703595062007,0,0,0.7044563769596781,0,0,0
sh_mpcc_dro_straight_o1_c1_m3_boost_30_s40,straight_o1_c1_m3_boost_30_s40,boost_30,sh_mpcc_dro,78,40,32,0,0,33,0.0028316487393790614,0.004845461257585292,0.5843919884709174,0,0,0.6897457987955475,0,0,0
sh_mpcc_dro_straight_o1_c1_m3_boost_30_s40,straight_o1_c1_m3_boost_30_s40,boost_30,sh_mpcc_dro,78,40,33,0,0,34,0.0027873505543220315,0.004708969391174415,0.5919236934404595,0,0,0.5211267605633803,0,0,0
sh_mpcc_dro_straight_o1_c1_m3_boost_30_s40,straight_o1_c1_m3_boost_30_s40,boost_30,sh_mpcc_dro,78,40,34,0,0,35,0.0027316958036623343,0.004767173013627702,0.5730221655168292,0,0,0.6874276000976643,0,0,0
sh_mpcc_dro_straight_o1_c1_m3_boost_30_s40,straight_o1_c1_m3_boost_30_s40,boost_30,sh_mpcc_dro,78,40,35,0,0,36,0.002677676145238126,0.004737825116764396,0.5651698995311992,0,0,0.5493630040792029,0,0,0
sh_mpcc_dro_straight_o1_c1_m3_boost_30_s40,straight_o1_c1_m3_boost_30_s40,boost_30,sh_mpcc_dro,78,40,36,0,0,37,0.0026252980885245187,0.004614764724121165,0.5688909934675987,0,0,0.7088614501339694,0,0,0
sh_mpcc_dro_straight_o1_c1_m3_boost_30_s40,straight_o1_c1_m3_boost_30_s40,boost_30,sh_mpcc_dro,78,40,37,0,0,38,0.002589642261568095,0.004670932746566649,0.5544165163738659,0,0,0.6954239479011299,0,0,0
sh_mpcc_dro_straight_o1_c1_m3_boost_30_s40,straight_o1_c1_m3_boost_30_s40,boost_30,sh_mpcc_dro,78,40,38,0,0,39,0.002554027322342898,0.004633793042440885,0.5511742322003974,0,0,0.5061728395061729,0,0,0
sh_mpcc_dro_straight_o1_c1_m3_boost_30_s40,straight_o1_c1_m3_boost_30_s40,boost_30,sh_mpcc_dro,78,40,39,0,0,40,0.0025185952832152366,0.004522135378767875,0.5569482273884216,0,0,0.5180722891566265,0,0,0
sh_mpcc_dro_straight_o1_c1_m3_boost_30_s40,straight_o1_c1_m3_boost_30_s40,boost_30,sh_mpcc_dro,78,40,4,0,0,5,0.006516226891093665,0.005769292333382371,1.1294672751091792,0,1,0.9009406336579223,1,0,0
sh_mpcc_dro_straight_o1_c1_m3_boost_30_s40,straight_o1_c1_m3_boost_30_s40,boost_30,sh_mpcc_dro,78,40,40,0,0,41,0.0024834583275285807,0.004415732193385171,0.5624114458863325,0,0,0.5294117647058824,0,0,0
sh_mpcc_dro_straight_o1_c1_m3_boost_30_s40,straight_o1_c1_m3_boost_30_s40,boost_30,sh_mpcc_dro,78,40,41,0,0,42,0.002448704603743598,0.004314221108479696,0.5675890368554861,0,0,0.5402298850574713,0,0,0
sh_mpcc_dro_straight_o1_c1_m3_boost_30_s40,straight_o1_c1_m3_boost_30_s40,boost_30,sh_mpcc_dro,78,40,42,0,0,43,0.0024144028258942496,0.004217272319524716,0.5725034199751065,0,0,0.550561797752809,0,0,0
sh_mpcc_dro_straight_o1_c1_m3_boost_30_s40,straight_o1_c1_m3_boost_30_s40,boost_30,sh_mpcc_dro,78,40,43,0,0,44,0.0023806059485686846,0.004124585015799079,0.5771746586504719,0,0,0.5604395604395604,0,0,0
sh_mpcc_dro_straight_o1_c1_m3_boost_30_s40,straight_o1_c1_m3_boost_30_s40,boost_30,sh_mpcc_dro,78,40,44,0,0,45,0.0023779137498608593,0.004329077375559738,0.5492888076534788,0,0,0.5483870967741935,0,0,0
sh_mpcc_dro_straight_o1_c1_m3_boost_30_s40,straight_o1_c1_m3_boost_30_s40,boost_30,sh_mpcc_dro,78,40,45,0,0,46,0.002342425032524621,0.004381799991036356,0.5345805461948082,0,0,0.5368421052631579,0,0,0
sh_mpcc_dro_straight_o1_c1_m3_boost_30_s40,straight_o1_c1_m3_boost_30_s40,boost_30,sh_mpcc_dro,78,40,46,0,0,47,0.002312388222865832,0.00429145359946859,0.5388356577249663,0,0,0.5463917525773195,0,0,0
sh_mpcc_dro_straight_o1_c1_m3_boost_30_s40,straight_o1_c1_m3_boost_30_s40,boost_30,sh_mpcc_dro,78,40,47,0,0,48,0.002307969884396149,0.0044801814003817865,0.5151509901361296,0,0,0.5353535353535354,0,0,0
sh_mpcc_dro_straight_o1_c1_m3_boost_30_s40,straight_o1_c1_m3_boost_30_s40,boost_30,sh_mpcc_dro,78,40,48,0,0,49,0.002300503047645046,0.004661434832941148,0.4935182256304409,0,0,0.5247524752475248,0,0,0
sh_mpcc_dro_straight_o1_c1_m3_boost_30_s40,straight_o1_c1_m3_boost_30_s40,boost_30,sh_mpcc_dro,78,40,49,0,0,50,0.002273647219169403,0.004570921535214004,0.4974154996215559,0,0,0.5339805825242718,0,0,0
sh_mpcc_dro_straight_o1_c1_m3_boost_30_s40,straight_o1_c1_m3_boost_30_s40,boost_30,sh_mpcc_dro,78,40,5,0,0,6,0.006063416455217098,0.0054667212885745175,1.1091504642626793,0,1,0.8778335065129919,0,0,0
sh_mpcc_dro_straight_o1_c1_m3_boost_30_s40,straight_o1_c1_m3_boost_30_s40,boost_30,sh_mpcc_dro,78,40,50,0,0,51,0.0022429092104305167,0.004614016393795181,0.4861077679409045,0,0,0.5238095238095238,0,0,0
sh_mpcc_dro_straight_o1_c1_m3_boost_30_s40,straight_o1_c1_m3_boost_30_s40,boost_30,sh_mpcc_dro,78,40,51,0,0,52,0.0022127376431246753,0.004655500229625515,0.47529535688642127,0,0,0.514018691588785,0,0,0
sh_mpcc_dro_straight_o1_c1_m3_boost_30_s40,straight_o1_c1_m3_boost_30_s40,boost_30,sh_mpcc_dro,78,40,52,0,0,53,0.0022054172980216892,0.004820233798708552,0.457533262932717,0,0,0.5045871559633027,0,0,0
sh_mpcc_dro_straight_o1_c1_m3_boost_30_s40,straight_o1_c1_m3_boost_30_s40,boost_30,sh_mpcc_dro,78,40,53,0,0,54,0.0021961580127386193,0.004924974133850834,0.44592275066863035,0,0,0.4954954954954955,0,0,0
sh_mpcc_dro_straight_o1_c1_m3_boost_30_s40,straight_o1_c1_m3_boost_30_s40,boost_30,sh_mpcc_dro,78,40,54,0,0,55,0.002167798179063416,0.004837806450066254,0.4480952682664119,0,0,0.48672566371681414,0,0,0
sh_mpcc_dro_straight_o1_c1_m3_boost_30_s40,straight_o1_c1_m3_boost_30_s40,boost_30,sh_mpcc_dro,78,40,55,0,0,56,0.0021399875445504914,0.004753670685717276,0.4501758085557395,0,0,0.4782608695652174,0,0,0
sh_mpcc_dro_straight_o1_c1_m3_boost_30_s40,straight_o1_c1_m3_boost_30_s40,boost_30,sh_mpcc_dro,78,40,56,0,0,57,0.002119944907140612,0.004789221641700206,0.44264915381699005,0,0,0.48717948717948717,0,0,0
sh_mpcc_dro_straight_o1_c1_m3_boost_30_s40,straight_o1_c1_m3_boost_30_s40,boost_30,sh_mpcc_dro,78,40,57,0,0,58,0.002099936066135068,0.004823577607565687,0.4353482491587488,0,0,0.4957983193277311,0,0,0
sh_mpcc_dro_straight_o1_c1_m3_boost_30_s40,straight_o1_c1_m3_boost_30_s40,boost_30,sh_mpcc_dro,78,40,58,0,0,59,0.0020922633814693956,0.004856797839022947,0.4307907083672853,0,0,0.48760330578512395,0,0,0
sh_mpcc_dro_straight_o1_c1_m3_boost_30_s40,straight_o1_c1_m3_boost_30_s40,boost_30,sh_mpcc_dro,78,40,59,0,0,60,0.002083269287762398,0.004888937737749522,0.426119005704779,0,0,0.4796747967479675,0,0,0
sh_mpcc_dro_straight_o1_c1_m3_boost_30_s40,straight_o1_c1_m3_boost_30_s40,boost_30,sh_mpcc_dro,78,40,6,0,0,7,0.005952434075629962,0.005215741385612168,1.14124409849959,0,1,0.8187414406854974,0,0,0
sh_mpcc_dro_straight_o1_c1_m3_boost_30_s40,straight_o1_c1_m3_boost_30_s40,boost_30,sh_mpcc_dro,78,40,7,0,0,8,0.005741976278891795,0.004666715976600384,1.2304104873069046,0,1,0.7630796281467668,0,0,0
sh_mpcc_dro_straight_o1_c1_m3_boost_30_s40,straight_o1_c1_m3_boost_30_s40,boost_30,sh_mpcc_dro,78,40,8,0,0,9,0.005494119627440356,0.004222266835971785,1.301225109846911,0,1,0.7123365530021109,0,0,0
sh_mpcc_dro_straight_o1_c1_m3_boost_30_s40,straight_o1_c1_m3_boost_30_s40,boost_30,sh_mpcc_dro,78,40,9,0,0,10,0.005238256523103804,0.0038551131980611502,1.358781507567217,0,1,0.6666693574163294,0,0,0
sh_mpcc_dro_straight_o1_c1_m3_boost_5_s40,straight_o1_c1_m3_boost_5_s40,boost_5,sh_mpcc_dro,77,40,0,0,0,1,0.011963274961003129,0.00483024894963133,2.4767408648608535,0,1,0.6,0,0,0
sh_mpcc_dro_straight_o1_c1_m3_boost_5_s40,straight_o1_c1_m3_boost_5_s40,boost_5,sh_mpcc_dro,77,40,1,0,0,2,0.010964904464789899,0.0034501778211652352,3.1780693729828395,0,1,0.7142857142857143,0,0,0
sh_mpcc_dro_straight_o1_c1_m3_boost_5_s40,straight_o1_c1_m3_boost_5_s40,boost_5,sh_mpcc_dro,77,40,10,0,0,11,0.008355547856462375,0.007728398319410103,1.081148707808857,0,1,0.9663711699834135,1,0,0
sh_mpcc_dro_straight_o1_c1_m3_boost_5_s40,straight_o1_c1_m3_boost_5_s40,boost_5,sh_mpcc_dro,77,40,11,0,0,12,0.008132852275677605,0.008050414916052111,1.0102401379910393,0,1,0.9853084445667574,1,0,0
sh_mpcc_dro_straight_o1_c1_m3_boost_5_s40,straight_o1_c1_m3_boost_5_s40,boost_5,sh_mpcc_dro,77,40,12,0,0,13,0.0076924718827685425,0.007495213887358944,1.0263178607540853,0,1,0.9137234314355709,1,0,0
sh_mpcc_dro_straight_o1_c1_m3_boost_5_s40,straight_o1_c1_m3_boost_5_s40,boost_5,sh_mpcc_dro,77,40,13,0,0,14,0.0074551088037347725,0.0077907241123085745,0.9569211662824046,0,0,0.41935483870967744,0,0,0
sh_mpcc_dro_straight_o1_c1_m3_boost_5_s40,straight_o1_c1_m3_boost_5_s40,boost_5,sh_mpcc_dro,77,40,14,0,0,15,0.007301013070078165,0.008050414916052106,0.9069114009913113,0,0,0.45454545454545453,0,0,0
sh_mpcc_dro_straight_o1_c1_m3_boost_5_s40,straight_o1_c1_m3_boost_5_s40,boost_5,sh_mpcc_dro,77,40,15,0,0,16,0.007079570989082273,0.008280426770796536,0.8549765833387417,0,0,0.8791798060501139,0,0,0
sh_mpcc_dro_straight_o1_c1_m3_boost_5_s40,straight_o1_c1_m3_boost_5_s40,boost_5,sh_mpcc_dro,77,40,16,0,0,17,0.006944120787463483,0.008485572479081941,0.8183444080622326,0,0,0.8959722309001679,0,0,0
sh_mpcc_dro_straight_o1_c1_m3_boost_5_s40,straight_o1_c1_m3_boost_5_s40,boost_5,sh_mpcc_dro,77,40,17,0,0,18,0.0066748303499437325,0.008050414916052177,0.8291287367852819,0,0,0.8792071290113478,0,0,0
sh_mpcc_dro_straight_o1_c1_m3_boost_5_s40,straight_o1_c1_m3_boost_5_s40,boost_5,sh_mpcc_dro,77,40,18,0,0,19,0.006545738672797792,0.008246766499370523,0.7937339650998279,0,0,0.8932558825527428,0,0,0
sh_mpcc_dro_straight_o1_c1_m3_boost_5_s40,straight_o1_c1_m3_boost_5_s40,boost_5,sh_mpcc_dro,77,40,19,0,0,20,0.006311258179864778,0.007863195964516066,0.8026326964691385,0,0,0.8778126667421547,0,0,0
sh_mpcc_dro_straight_o1_c1_m3_boost_5_s40,straight_o1_c1_m3_boost_5_s40,boost_5,sh_mpcc_dro,77,40,2,0,0,3,0.01225787900639368,0.005366943277368143,2.283959112831305,0,1,0.5555555555555556,0,0,0
sh_mpcc_dro_straight_o1_c1_m3_boost_5_s40,straight_o1_c1_m3_boost_5_s40,boost_5,sh_mpcc_dro,77,40,20,0,0,21,0.006182773485189619,0.008050414916052167,0.7680068107870373,0,0,0.8451083965947422,0,0,0
sh_mpcc_dro_straight_o1_c1_m3_boost_5_s40,straight_o1_c1_m3_boost_5_s40,boost_5,sh_mpcc_dro,77,40,21,0,0,22,0.006043003304307255,0.00822170033979797,0.7350065138053606,0,0,0.40425531914893614,0,0,0
sh_mpcc_dro_straight_o1_c1_m3_boost_5_s40,straight_o1_c1_m3_boost_5_s40,boost_5,sh_mpcc_dro,77,40,22,0,0,23,0.005898301071368409,0.008379003279972593,0.7039382697780376,0,0,0.7852614871995814,0,0,0
sh_mpcc_dro_straight_o1_c1_m3_boost_5_s40,straight_o1_c1_m3_boost_5_s40,boost_5,sh_mpcc_dro,77,40,23,0,0,24,0.005831176120806209,0.008523968734643523,0.68409168338533,0,0,0.6537959492573588,0,0,0
sh_mpcc_dro_straight_o1_c1_m3_boost_5_s40,straight_o1_c1_m3_boost_5_s40,boost_5,sh_mpcc_dro,77,40,24,0,0,25,0.005699568942101938,0.008657993400282447,0.6583013729158077,0,0,0.39622641509433965,0,0,0
sh_mpcc_dro_straight_o1_c1_m3_boost_5_s40,straight_o1_c1_m3_boost_5_s40,boost_5,sh_mpcc_dro,77,40,25,0,0,26,0.005636399583209057,0.008782270817511506,0.641792959967745,0,0,0.7881606256641694,0,0,0
sh_mpcc_dro_straight_o1_c1_m3_boost_5_s40,straight_o1_c1_m3_boost_5_s40,boost_5,sh_mpcc_dro,77,40,26,0,0,27,0.0055659348544108995,0.008897827012478631,0.6255386676550391,0,0,0.8008775060393896,0,0,0
sh_mpcc_dro_straight_o1_c1_m3_boost_5_s40,straight_o1_c1_m3_boost_5_s40,boost_5,sh_mpcc_dro,77,40,27,0,0,28,0.005490361631353532,0.009005548889143115,0.6096642968617478,0,0,0.4576271186440678,0,0,0
sh_mpcc_dro_straight_o1_c1_m3_boost_5_s40,straight_o1_c1_m3_boost_5_s40,boost_5,sh_mpcc_dro,77,40,28,0,0,29,0.005392239058260063,0.009106207036190158,0.5921498420615813,0,0,0.4426229508196721,0,0,0
sh_mpcc_dro_straight_o1_c1_m3_boost_5_s40,straight_o1_c1_m3_boost_5_s40,boost_5,sh_mpcc_dro,77,40,29,0,0,30,0.0052923946974037465,0.009200474189773919,0.5752306444472288,0,0,0.42857142857142855,0,0,0
sh_mpcc_dro_straight_o1_c1_m3_boost_5_s40,straight_o1_c1_m3_boost_5_s40,boost_5,sh_mpcc_dro,77,40,3,0,0,4,0.012332083864118512,0.0065867031131335435,1.872269578923176,0,1,0.9999999999999999,1,1,0
sh_mpcc_dro_straight_o1_c1_m3_boost_5_s40,straight_o1_c1_m3_boost_5_s40,boost_5,sh_mpcc_dro,77,40,30,0,0,31,0.0051921713007775675,0.009288940287752425,0.5589627169445265,0,0,0.7459970910562919,0,0,0
sh_mpcc_dro_straight_o1_c1_m3_boost_5_s40,straight_o1_c1_m3_boost_5_s40,boost_5,sh_mpcc_dro,77,40,31,0,0,32,0.005084284308718301,0.009011658488118145,0.5641896345075571,0,0,0.7405726852921395,0,0,0
sh_mpcc_dro_straight_o1_c1_m3_boost_5_s40,straight_o1_c1_m3_boost_5_s40,boost_5,sh_mpcc_dro,77,40,32,0,0,33,0.005036291919390324,0.009100469035537283,0.5534101483916523,0,0,0.5044274444989102,0,0,0
sh_mpcc_dro_straight_o1_c1_m3_boost_5_s40,straight_o1_c1_m3_boost_5_s40,boost_5,sh_mpcc_dro,77,40,33,0,0,34,0.004935402613572152,0.00884411779509949,0.5580435186318808,0,0,0.5063717810696686,0,0,0
sh_mpcc_dro_straight_o1_c1_m3_boost_5_s40,straight_o1_c1_m3_boost_5_s40,boost_5,sh_mpcc_dro,77,40,34,0,0,35,0.004887366081879465,0.0089326521671263,0.547134937131641,0,0,0.5147561172009887,0,0,0
sh_mpcc_dro_straight_o1_c1_m3_boost_5_s40,straight_o1_c1_m3_boost_5_s40,boost_5,sh_mpcc_dro,77,40,35,0,0,36,0.004836436670965414,0.00901646470597844,0.536400554838148,0,0,0.5343032696963287,0,0,0
sh_mpcc_dro_straight_o1_c1_m3_boost_5_s40,straight_o1_c1_m3_boost_5_s40,boost_5,sh_mpcc_dro,77,40,36,0,0,37,0.004745773225711424,0.00878227081751145,0.5403811069283548,0,0,0.5233343232747569,0,0,0
sh_mpcc_dro_straight_o1_c1_m3_boost_5_s40,straight_o1_c1_m3_boost_5_s40,boost_5,sh_mpcc_dro,77,40,37,0,0,38,0.00469625013454621,0.008865646806285293,0.5297131994043353,0,0,0.4430379746835443,0,0,0
sh_mpcc_dro_straight_o1_c1_m3_boost_5_s40,straight_o1_c1_m3_boost_5_s40,boost_5,sh_mpcc_dro,77,40,38,0,0,39,0.004637089173721779,0.008944905462280306,0.5184056101292384,0,0,0.7538821440089174,0,0,0
sh_mpcc_dro_straight_o1_c1_m3_boost_5_s40,straight_o1_c1_m3_boost_5_s40,boost_5,sh_mpcc_dro,77,40,39,0,0,40,0.004556161657944551,0.008729365571622825,0.5219350273009064,0,0,0.5018446475525874,0,0,0
sh_mpcc_dro_straight_o1_c1_m3_boost_5_s40,straight_o1_c1_m3_boost_5_s40,boost_5,sh_mpcc_dro,77,40,4,0,0,5,0.011791788980642544,0.00649775157580204,1.8147491240748215,0,1,1.0,1,1,1
sh_mpcc_dro_straight_o1_c1_m3_boost_5_s40,straight_o1_c1_m3_boost_5_s40,boost_5,sh_mpcc_dro,77,40,40,0,0,41,0.0044774100431469056,0.008523968734643464,0.5252729312520389,0,0,0.5111982955474837,0,0,0
sh_mpcc_dro_straight_o1_c1_m3_boost_5_s40,straight_o1_c1_m3_boost_5_s40,boost_5,sh_mpcc_dro,77,40,41,0,0,42,0.004400812978094053,0.008328015430398787,0.5284347771535434,0,0,0.40229885057471265,0,0,0
sh_mpcc_dro_straight_o1_c1_m3_boost_5_s40,straight_o1_c1_m3_boost_5_s40,boost_5,sh_mpcc_dro,77,40,42,0,0,43,0.004326337593679256,0.008140869016232523,0.5314343696051043,0,0,0.39325842696629215,0,0,0
sh_mpcc_dro_straight_o1_c1_m3_boost_5_s40,straight_o1_c1_m3_boost_5_s40,boost_5,sh_mpcc_dro,77,40,43,0,0,44,0.004290707113510599,0.008227347112009351,0.521517696420941,0,0,0.4065934065934066,0,0,0
sh_mpcc_dro_straight_o1_c1_m3_boost_5_s40,straight_o1_c1_m3_boost_5_s40,boost_5,sh_mpcc_dro,77,40,44,0,0,45,0.004247007161504157,0.008310105719795898,0.5110653588181386,0,0,0.3978494623655914,0,0,0
sh_mpcc_dro_straight_o1_c1_m3_boost_5_s40,straight_o1_c1_m3_boost_5_s40,boost_5,sh_mpcc_dro,77,40,45,0,0,46,0.004179669901565326,0.008135156125694818,0.5137786954529214,0,0,0.3894736842105263,0,0,0
sh_mpcc_dro_straight_o1_c1_m3_boost_5_s40,straight_o1_c1_m3_boost_5_s40,boost_5,sh_mpcc_dro,77,40,46,0,0,47,0.00411409734853882,0.007967420947845442,0.5163650038663211,0,0,0.38144329896907214,0,0,0
sh_mpcc_dro_straight_o1_c1_m3_boost_5_s40,straight_o1_c1_m3_boost_5_s40,boost_5,sh_mpcc_dro,77,40,47,0,0,48,0.004084116106723791,0.008050414916052163,0.5073174673991334,0,0,0.3939393939393939,0,0,0
sh_mpcc_dro_straight_o1_c1_m3_boost_5_s40,straight_o1_c1_m3_boost_5_s40,boost_5,sh_mpcc_dro,77,40,48,0,0,49,0.00404673185429456,0.008130121994429028,0.4977455267051942,0,0,0.38613861386138615,0,0,0
sh_mpcc_dro_straight_o1_c1_m3_boost_5_s40,straight_o1_c1_m3_boost_5_s40,boost_5,sh_mpcc_dro,77,40,49,0,0,50,0.004008101077564798,0.008206733652286188,0.48839175820556124,0,0,0.3786407766990291,0,0,0
sh_mpcc_dro_straight_o1_c1_m3_boost_5_s40,straight_o1_c1_m3_boost_5_s40,boost_5,sh_mpcc_dro,77,40,5,0,0,6,0.01048715143453137,0.006440331932841674,1.6283557344386925,0,1,1.0,1,1,1
sh_mpcc_dro_straight_o1_c1_m3_boost_5_s40,straight_o1_c1_m3_boost_5_s40,boost_5,sh_mpcc_dro,77,40,50,0,0,51,0.003968563997659177,0.00828042677079653,0.47927046606529244,0,0,0.37142857142857144,0,0,0
sh_mpcc_dro_straight_o1_c1_m3_boost_5_s40,straight_o1_c1_m3_boost_5_s40,boost_5,sh_mpcc_dro,77,40,51,0,0,52,0.003928397473542106,0.008351365006371812,0.47038986687144796,0,0,0.3644859813084112,0,0,0
sh_mpcc_dro_straight_o1_c1_m3_boost_5_s40,straight_o1_c1_m3_boost_5_s40,boost_5,sh_mpcc_dro,77,40,52,0,0,53,0.0038749082774767137,0.008198128951209135,0.4726576393879736,0,0,0.3577981651376147,0,0,0
sh_mpcc_dro_straight_o1_c1_m3_boost_5_s40,straight_o1_c1_m3_boost_5_s40,boost_5,sh_mpcc_dro,77,40,53,0,0,54,0.003822606150068382,0.008050414916052212,0.4748334328018615,0,0,0.35135135135135137,0,0,0
sh_mpcc_dro_straight_o1_c1_m3_boost_5_s40,straight_o1_c1_m3_boost_5_s40,boost_5,sh_mpcc_dro,77,40,54,0,0,55,0.0037714719980417926,0.007907929696299075,0.4769228031714607,0,0,0.34513274336283184,0,0,0
sh_mpcc_dro_straight_o1_c1_m3_boost_5_s40,straight_o1_c1_m3_boost_5_s40,boost_5,sh_mpcc_dro,77,40,55,0,0,56,0.003721484601726799,0.007770400484189527,0.4789308619676582,0,0,0.3565217391304348,0,0,0
sh_mpcc_dro_straight_o1_c1_m3_boost_5_s40,straight_o1_c1_m3_boost_5_s40,boost_5,sh_mpcc_dro,77,40,56,0,0,57,0.0037041888928353714,0.007843994020768824,0.4722324982690779,0,0,0.3504273504273504,0,0,0
sh_mpcc_dro_straight_o1_c1_m3_boost_5_s40,straight_o1_c1_m3_boost_5_s40,boost_5,sh_mpcc_dro,77,40,57,0,0,58,0.0036854611769382064,0.007915113825026021,0.46562326940713206,0,0,0.36134453781512604,0,0,0
sh_mpcc_dro_straight_o1_c1_m3_boost_5_s40,straight_o1_c1_m3_boost_5_s40,boost_5,sh_mpcc_dro,77,40,58,0,0,59,0.0036387619032059327,0.007784285497339714,0.46744969778529866,0,0,0.35537190082644626,0,0,0
sh_mpcc_dro_straight_o1_c1_m3_boost_5_s40,straight_o1_c1_m3_boost_5_s40,boost_5,sh_mpcc_dro,77,40,59,0,0,60,0.003593071634056637,0.007657711749415489,0.46920956959902477,0,0,0.36585365853658536,0,0,0
sh_mpcc_dro_straight_o1_c1_m3_boost_5_s40,straight_o1_c1_m3_boost_5_s40,boost_5,sh_mpcc_dro,77,40,6,0,0,7,0.00992796511174338,0.007103307278869507,1.3976538986672442,0,1,1.0,1,1,1
sh_mpcc_dro_straight_o1_c1_m3_boost_5_s40,straight_o1_c1_m3_boost_5_s40,boost_5,sh_mpcc_dro,77,40,7,0,0,8,0.009665997855187375,0.007626708867839001,1.2673878107433514,0,1,0.9999999999999999,1,1,0
sh_mpcc_dro_straight_o1_c1_m3_boost_5_s40,straight_o1_c1_m3_boost_5_s40,boost_5,sh_mpcc_dro,77,40,8,0,0,9,0.009303922403443236,0.007467015831602327,1.246002769147301,0,1,1.0000000000000002,1,1,0
sh_mpcc_dro_straight_o1_c1_m3_boost_5_s40,straight_o1_c1_m3_boost_5_s40,boost_5,sh_mpcc_dro,77,40,9,0,0,10,0.008660956611144653,0.0073503788363954775,1.1783007112857689,0,1,1.0,1,1,1
sh_mpcc_dro_straight_o1_c1_m3_boost_5_s40,straight_o1_c1_m3_boost_5_s40,boost_5,sh_mpcc_dro,78,40,0,0,0,1,0.009433155837728502,0.004093376271073728,2.3044927250858627,0,1,0.6,0,0,0
sh_mpcc_dro_straight_o1_c1_m3_boost_5_s40,straight_o1_c1_m3_boost_5_s40,boost_5,sh_mpcc_dro,78,40,1,0,0,2,0.006762195113193616,0.0058572013806155575,1.154509581243551,0,1,0.42857142857142855,0,0,0
sh_mpcc_dro_straight_o1_c1_m3_boost_5_s40,straight_o1_c1_m3_boost_5_s40,boost_5,sh_mpcc_dro,78,40,10,0,0,11,0.004900394276486106,0.005728060901360351,0.8555066646240296,0,0,0.7792916085712445,0,0,0
sh_mpcc_dro_straight_o1_c1_m3_boost_5_s40,straight_o1_c1_m3_boost_5_s40,boost_5,sh_mpcc_dro,78,40,11,0,0,12,0.004623684383921679,0.006074134765082883,0.7612087256444973,0,0,0.6035122207007781,0,0,0
sh_mpcc_dro_straight_o1_c1_m3_boost_5_s40,straight_o1_c1_m3_boost_5_s40,boost_5,sh_mpcc_dro,78,40,12,0,0,13,0.004435964427970367,0.005655228919215018,0.7844005063876542,0,0,0.5811779414971594,0,0,0
sh_mpcc_dro_straight_o1_c1_m3_boost_5_s40,straight_o1_c1_m3_boost_5_s40,boost_5,sh_mpcc_dro,78,40,13,0,0,14,0.00425419079126356,0.005290375440555986,0.8041377855059131,0,0,0.7795059563243415,0,0,0
sh_mpcc_dro_straight_o1_c1_m3_boost_5_s40,straight_o1_c1_m3_boost_5_s40,boost_5,sh_mpcc_dro,78,40,14,0,0,15,0.004193492329937523,0.005383892178141569,0.7788960460543709,0,0,0.746722523164904,0,0,0
sh_mpcc_dro_straight_o1_c1_m3_boost_5_s40,straight_o1_c1_m3_boost_5_s40,boost_5,sh_mpcc_dro,78,40,15,0,0,16,0.004022752663181315,0.0054667212885745955,0.7358620370108928,0,0,0.7662484113216002,0,0,0
sh_mpcc_dro_straight_o1_c1_m3_boost_5_s40,straight_o1_c1_m3_boost_5_s40,boost_5,sh_mpcc_dro,78,40,16,0,0,17,0.003879470648224761,0.005171222840543464,0.7502037270196331,0,0,0.7572303940807888,0,0,0
sh_mpcc_dro_straight_o1_c1_m3_boost_5_s40,straight_o1_c1_m3_boost_5_s40,boost_5,sh_mpcc_dro,78,40,17,0,0,18,0.0037426760790708834,0.0049060319256437985,0.7628723448593839,0,0,0.7485352436905558,0,0,0
sh_mpcc_dro_straight_o1_c1_m3_boost_5_s40,straight_o1_c1_m3_boost_5_s40,boost_5,sh_mpcc_dro,78,40,18,0,0,19,0.003614001910580544,0.005000049959062061,0.7227931601024402,0,0,0.764754982270846,0,0,0
sh_mpcc_dro_straight_o1_c1_m3_boost_5_s40,straight_o1_c1_m3_boost_5_s40,boost_5,sh_mpcc_dro,78,40,19,0,0,20,0.003585733804189599,0.005085322128906529,0.7051143886848759,0,0,0.739440985843689,0,0,0
sh_mpcc_dro_straight_o1_c1_m3_boost_5_s40,straight_o1_c1_m3_boost_5_s40,boost_5,sh_mpcc_dro,78,40,2,0,0,3,0.007601663467509214,0.005303760093852179,1.4332592977424896,0,1,0.9463263374042141,1,0,0
sh_mpcc_dro_straight_o1_c1_m3_boost_5_s40,straight_o1_c1_m3_boost_5_s40,boost_5,sh_mpcc_dro,78,40,20,0,0,21,0.0035455825321515015,0.005163014550320376,0.6867272012494117,0,0,0.5695547650486621,0,0,0
sh_mpcc_dro_straight_o1_c1_m3_boost_5_s40,straight_o1_c1_m3_boost_5_s40,boost_5,sh_mpcc_dro,78,40,21,0,0,22,0.0034972884871085075,0.005234094850762908,0.6681744574420068,0,0,0.6924062579095414,0,0,0
sh_mpcc_dro_straight_o1_c1_m3_boost_5_s40,straight_o1_c1_m3_boost_5_s40,boost_5,sh_mpcc_dro,78,40,22,0,0,23,0.003396364383461233,0.00502045832624203,0.6765048453262469,0,0,0.6875706810470847,0,0,0
sh_mpcc_dro_straight_o1_c1_m3_boost_5_s40,straight_o1_c1_m3_boost_5_s40,boost_5,sh_mpcc_dro,78,40,23,0,0,24,0.0033141597651915253,0.005091554141319527,0.6509131933403398,0,0,0.703562585846651,0,0,0
sh_mpcc_dro_straight_o1_c1_m3_boost_5_s40,straight_o1_c1_m3_boost_5_s40,boost_5,sh_mpcc_dro,78,40,24,0,0,25,0.0032743704395073537,0.0051572842345043324,0.6349020706674419,0,0,0.4339622641509434,0,0,0
sh_mpcc_dro_straight_o1_c1_m3_boost_5_s40,straight_o1_c1_m3_boost_5_s40,boost_5,sh_mpcc_dro,78,40,25,0,0,26,0.0031895114234797898,0.004969746625976958,0.6417855201728302,0,0,0.41818181818181815,0,0,0
sh_mpcc_dro_straight_o1_c1_m3_boost_5_s40,straight_o1_c1_m3_boost_5_s40,boost_5,sh_mpcc_dro,78,40,26,0,0,27,0.003107952352757602,0.004795369551381276,0.6481152952773734,0,0,0.40350877192982454,0,0,0
sh_mpcc_dro_straight_o1_c1_m3_boost_5_s40,straight_o1_c1_m3_boost_5_s40,boost_5,sh_mpcc_dro,78,40,27,0,0,28,0.003029660088186449,0.004632814651334453,0.6539566799448311,0,0,0.3898305084745763,0,0,0
sh_mpcc_dro_straight_o1_c1_m3_boost_5_s40,straight_o1_c1_m3_boost_5_s40,boost_5,sh_mpcc_dro,78,40,28,0,0,29,0.0029729937195926916,0.004704965043445396,0.6318843375328459,0,0,0.3770491803278688,0,0,0
sh_mpcc_dro_straight_o1_c1_m3_boost_5_s40,straight_o1_c1_m3_boost_5_s40,boost_5,sh_mpcc_dro,78,40,29,0,0,30,0.002902813530419856,0.004555601073812161,0.6371966033432247,0,0,0.6807646164440617,0,0,0
sh_mpcc_dro_straight_o1_c1_m3_boost_5_s40,straight_o1_c1_m3_boost_5_s40,boost_5,sh_mpcc_dro,78,40,3,0,0,4,0.007494131427503018,0.004339440076788146,1.7269811991619501,0,1,0.8677566049821362,0,0,0
sh_mpcc_dro_straight_o1_c1_m3_boost_5_s40,straight_o1_c1_m3_boost_5_s40,boost_5,sh_mpcc_dro,78,40,30,0,0,31,0.0028353337943629407,0.004415428733079478,0.6421423525922199,0,0,0.6463164075182262,0,0,0
sh_mpcc_dro_straight_o1_c1_m3_boost_5_s40,straight_o1_c1_m3_boost_5_s40,boost_5,sh_mpcc_dro,78,40,31,0,0,32,0.0027704716056714423,0.004283624890300987,0.646758686070847,0,0,0.6539661246707066,0,0,0
sh_mpcc_dro_straight_o1_c1_m3_boost_5_s40,straight_o1_c1_m3_boost_5_s40,boost_5,sh_mpcc_dro,78,40,32,0,0,33,0.0027081332769469052,0.004159461850002407,0.6510778015539049,0,0,0.6613541818282178,0,0,0
sh_mpcc_dro_straight_o1_c1_m3_boost_5_s40,straight_o1_c1_m3_boost_5_s40,boost_5,sh_mpcc_dro,78,40,33,0,0,34,0.0026905005995608655,0.0042347840967831354,0.6353335938908072,0,0,0.38028169014084506,0,0,0
sh_mpcc_dro_straight_o1_c1_m3_boost_5_s40,straight_o1_c1_m3_boost_5_s40,boost_5,sh_mpcc_dro,78,40,34,0,0,35,0.002632621070044962,0.004118762614679532,0.6391776648312124,0,0,0.6967243098849449,0,0,0
sh_mpcc_dro_straight_o1_c1_m3_boost_5_s40,straight_o1_c1_m3_boost_5_s40,boost_5,sh_mpcc_dro,78,40,35,0,0,36,0.002576916972334029,0.004008928944954745,0.6427943741874225,0,0,0.6304393661899608,0,0,0
sh_mpcc_dro_straight_o1_c1_m3_boost_5_s40,straight_o1_c1_m3_boost_5_s40,boost_5,sh_mpcc_dro,78,40,36,0,0,37,0.0025232960488589112,0.0039048009204104657,0.6462035069879227,0,0,0.7084444500582362,0,0,0
sh_mpcc_dro_straight_o1_c1_m3_boost_5_s40,straight_o1_c1_m3_boost_5_s40,boost_5,sh_mpcc_dro,78,40,37,0,0,38,0.002494186724689535,0.00397894271003851,0.6268466038470294,0,0,0.6853957373884807,0,0,0
sh_mpcc_dro_straight_o1_c1_m3_boost_5_s40,straight_o1_c1_m3_boost_5_s40,boost_5,sh_mpcc_dro,78,40,38,0,0,39,0.002481458997869443,0.004049423176721918,0.6127932027786311,0,0,0.4074074074074074,0,0,0
sh_mpcc_dro_straight_o1_c1_m3_boost_5_s40,straight_o1_c1_m3_boost_5_s40,boost_5,sh_mpcc_dro,78,40,39,0,0,40,0.0024529901355867098,0.004116506994408619,0.5958911618317579,0,0,0.39759036144578314,0,0,0
sh_mpcc_dro_straight_o1_c1_m3_boost_5_s40,straight_o1_c1_m3_boost_5_s40,boost_5,sh_mpcc_dro,78,40,4,0,0,5,0.006516226891093665,0.005769292333382371,1.1294672751091792,0,1,0.9009406336579223,1,0,0
sh_mpcc_dro_straight_o1_c1_m3_boost_5_s40,straight_o1_c1_m3_boost_5_s40,boost_5,sh_mpcc_dro,78,40,40,0,0,41,0.00243984157233679,0.00418043392655704,0.5836335689549378,0,0,0.38823529411764707,0,0,0
sh_mpcc_dro_straight_o1_c1_m3_boost_5_s40,straight_o1_c1_m3_boost_5_s40,boost_5,sh_mpcc_dro,78,40,41,0,0,42,0.0024246491960516724,0.0042414216894113696,0.5716595456907206,0,0,0.3793103448275862,0,0,0
sh_mpcc_dro_straight_o1_c1_m3_boost_5_s40,straight_o1_c1_m3_boost_5_s40,boost_5,sh_mpcc_dro,78,40,42,0,0,43,0.0023817675178578095,0.004146108842458242,0.5744585123929481,0,0,0.39325842696629215,0,0,0
sh_mpcc_dro_straight_o1_c1_m3_boost_5_s40,straight_o1_c1_m3_boost_5_s40,boost_5,sh_mpcc_dro,78,40,43,0,0,44,0.0023578003983390503,0.004205170221980437,0.5606908338727457,0,0,0.38461538461538464,0,0,0
sh_mpcc_dro_straight_o1_c1_m3_boost_5_s40,straight_o1_c1_m3_boost_5_s40,boost_5,sh_mpcc_dro,78,40,44,0,0,45,0.0023328511610434294,0.004261691327114639,0.5474003117496726,0,0,0.3763440860215054,0,0,0
sh_mpcc_dro_straight_o1_c1_m3_boost_5_s40,straight_o1_c1_m3_boost_5_s40,boost_5,sh_mpcc_dro,78,40,45,0,0,46,0.002294630842746205,0.004171971509701655,0.5500111487842586,0,0,0.3894736842105263,0,0,0
sh_mpcc_dro_straight_o1_c1_m3_boost_5_s40,straight_o1_c1_m3_boost_5_s40,boost_5,sh_mpcc_dro,78,40,46,0,0,47,0.002270574654897618,0.004226846357145294,0.5371793680315144,0,0,0.38144329896907214,0,0,0
sh_mpcc_dro_straight_o1_c1_m3_boost_5_s40,straight_o1_c1_m3_boost_5_s40,boost_5,sh_mpcc_dro,78,40,47,0,0,48,0.0022460007315101564,0.004279504039035595,0.5248273423796798,0,0,0.37373737373737376,0,0,0
sh_mpcc_dro_straight_o1_c1_m3_boost_5_s40,straight_o1_c1_m3_boost_5_s40,boost_5,sh_mpcc_dro,78,40,48,0,0,49,0.00223746018224388,0.004330076268177821,0.5167253516265307,0,0,0.36633663366336633,0,0,0
sh_mpcc_dro_straight_o1_c1_m3_boost_5_s40,straight_o1_c1_m3_boost_5_s40,boost_5,sh_mpcc_dro,78,40,49,0,0,50,0.0022138093177576676,0.004378684527256285,0.5055877636256331,0,0,0.3592233009708738,0,0,0
sh_mpcc_dro_straight_o1_c1_m3_boost_5_s40,straight_o1_c1_m3_boost_5_s40,boost_5,sh_mpcc_dro,78,40,5,0,0,6,0.006063416455217098,0.0054667212885745175,1.1091504642626793,0,1,0.8778335065129919,0,0,0
sh_mpcc_dro_straight_o1_c1_m3_boost_5_s40,straight_o1_c1_m3_boost_5_s40,boost_5,sh_mpcc_dro,78,40,50,0,0,51,0.0021816849363243515,0.004295281012451419,0.5079260076348793,0,0,0.37142857142857144,0,0,0
sh_mpcc_dro_straight_o1_c1_m3_boost_5_s40,straight_o1_c1_m3_boost_5_s40,boost_5,sh_mpcc_dro,78,40,51,0,0,52,0.002150352887729094,0.004214995386050458,0.5101673171092178,0,0,0.38317757009345793,0,0,0
sh_mpcc_dro_straight_o1_c1_m3_boost_5_s40,straight_o1_c1_m3_boost_5_s40,boost_5,sh_mpcc_dro,78,40,52,0,0,53,0.0021428981898229966,0.0042630395369617925,0.5026690865152542,0,0,0.3761467889908257,0,0,0
sh_mpcc_dro_straight_o1_c1_m3_boost_5_s40,straight_o1_c1_m3_boost_5_s40,boost_5,sh_mpcc_dro,78,40,53,0,0,54,0.0021341677961305506,0.004309352367119567,0.4952409583431347,0,0,0.36936936936936937,0,0,0
sh_mpcc_dro_straight_o1_c1_m3_boost_5_s40,straight_o1_c1_m3_boost_5_s40,boost_5,sh_mpcc_dro,78,40,54,0,0,55,0.0021049032462320287,0.004233080643807783,0.49725092039319263,0,0,0.3805309734513274,0,0,0
sh_mpcc_dro_straight_o1_c1_m3_boost_5_s40,straight_o1_c1_m3_boost_5_s40,boost_5,sh_mpcc_dro,78,40,55,0,0,56,0.0020763339865395494,0.0041594618500024015,0.49918332260658926,0,0,0.391304347826087,0,0,0
sh_mpcc_dro_straight_o1_c1_m3_boost_5_s40,straight_o1_c1_m3_boost_5_s40,boost_5,sh_mpcc_dro,78,40,56,0,0,57,0.002058882004621673,0.0042051702219804785,0.4896072919616596,0,0,0.38461538461538464,0,0,0
sh_mpcc_dro_straight_o1_c1_m3_boost_5_s40,straight_o1_c1_m3_boost_5_s40,boost_5,sh_mpcc_dro,78,40,57,0,0,58,0.0020410566867737697,0.004249342178093655,0.48032297735303375,0,0,0.37815126050420167,0,0,0
sh_mpcc_dro_straight_o1_c1_m3_boost_5_s40,straight_o1_c1_m3_boost_5_s40,boost_5,sh_mpcc_dro,78,40,58,0,0,59,0.002034228333458463,0.004292053904252732,0.4739521867241395,0,0,0.371900826446281,0,0,0
sh_mpcc_dro_straight_o1_c1_m3_boost_5_s40,straight_o1_c1_m3_boost_5_s40,boost_5,sh_mpcc_dro,78,40,59,0,0,60,0.0020264470181602023,0.004333376631187135,0.4676369470347779,0,0,0.36585365853658536,0,0,0
sh_mpcc_dro_straight_o1_c1_m3_boost_5_s40,straight_o1_c1_m3_boost_5_s40,boost_5,sh_mpcc_dro,78,40,6,0,0,7,0.005952434075629962,0.005215741385612168,1.14124409849959,0,1,0.8187414406854974,0,0,0
sh_mpcc_dro_straight_o1_c1_m3_boost_5_s40,straight_o1_c1_m3_boost_5_s40,boost_5,sh_mpcc_dro,78,40,7,0,0,8,0.005455417769532535,0.005754443461657471,0.94803568857399,0,0,0.8473240501995628,0,0,0
sh_mpcc_dro_straight_o1_c1_m3_boost_5_s40,straight_o1_c1_m3_boost_5_s40,boost_5,sh_mpcc_dro,78,40,8,0,0,9,0.005018611340686772,0.0058572013806155575,0.8568275212964157,0,0,0.8679347595989346,0,0,0
sh_mpcc_dro_straight_o1_c1_m3_boost_5_s40,straight_o1_c1_m3_boost_5_s40,boost_5,sh_mpcc_dro,78,40,9,0,0,10,0.004991239451645926,0.005942088357146217,0.8399806855182895,0,0,0.8224639838738119,0,0,0
