case,pair,profile,controller,seed,scenario_budget,step,attempt,obstacle_id,radius_observation_count,rho,mode,vertex_distance,rho_over_vertex_distance,zero_vertex_distance,vertex_reachable,nominal_probability,sampling_probability,risk_score
sh_mpcc_dro_four_way_intersection_o1_c1_m3_boost_0_s40,four_way_intersection_o1_c1_m3_boost_0_s40,boost_0,sh_mpcc_dro,77,40,0,0,0,1,0.007981268258392552,constant_velocity,0.004625349386419347,1.7255492702511595,0,1,0.2,0.2,0.0
sh_mpcc_dro_four_way_intersection_o1_c1_m3_boost_0_s40,four_way_intersection_o1_c1_m3_boost_0_s40,boost_0,sh_mpcc_dro,77,40,0,0,0,1,0.007981268258392552,turn_left,0.00807739404588252,0.9880994059539576,0,0,0.2,0.2,0.0
sh_mpcc_dro_four_way_intersection_o1_c1_m3_boost_0_s40,four_way_intersection_o1_c1_m3_boost_0_s40,boost_0,sh_mpcc_dro,77,40,0,0,0,1,0.007981268258392552,turn_right,0.0034633562463640645,2.304489544432955,0,1,0.6,0.6,0.0
sh_mpcc_dro_four_way_intersection_o1_c1_m3_boost_0_s40,four_way_intersection_o1_c1_m3_boost_0_s40,boost_0,sh_mpcc_dro,77,40,1,0,0,2,0.006869661612444263,constant_velocity,0.00330382099029964,2.079308059551138,0,1,0.42857142857142855,0.42857142857142855,0.0
sh_mpcc_dro_four_way_intersection_o1_c1_m3_boost_0_s40,four_way_intersection_o1_c1_m3_boost_0_s40,boost_0,sh_mpcc_dro,77,40,1,0,0,2,0.006869661612444263,turn_left,0.007421477670780078,0.9256460663476181,0,0,0.14285714285714285,0.14285714285714285,0.0
sh_mpcc_dro_four_way_intersection_o1_c1_m3_boost_0_s40,four_way_intersection_o1_c1_m3_boost_0_s40,boost_0,sh_mpcc_dro,77,40,1,0,0,2,0.006869661612444263,turn_right,0.004125736385409957,1.6650752667421462,0,1,0.42857142857142855,0.42857142857142855,0.0
sh_mpcc_dro_four_way_intersection_o1_c1_m3_boost_0_s40,four_way_intersection_o1_c1_m3_boost_0_s40,boost_0,sh_mpcc_dro,77,40,10,0,0,11,0.00384497694361605,constant_velocity,0.004162814447777453,0.9236484094718422,0,0,0.28,0.3334738868642121,0.034132893189844554
sh_mpcc_dro_four_way_intersection_o1_c1_m3_boost_0_s40,four_way_intersection_o1_c1_m3_boost_0_s40,boost_0,sh_mpcc_dro,77,40,10,0,0,11,0.00384497694361605,turn_left,0.005771506304813347,0.6661999035519373,0,0,0.36,0.0,0.02317671282719022
sh_mpcc_dro_four_way_intersection_o1_c1_m3_boost_0_s40,four_way_intersection_o1_c1_m3_boost_0_s40,boost_0,sh_mpcc_dro,77,40,10,0,0,11,0.00384497694361605,turn_right,0.005771506304813493,0.6661999035519205,0,0,0.36,0.6665261131357879,0.04458923861460695
sh_mpcc_dro_four_way_intersection_o1_c1_m3_boost_0_s40,four_way_intersection_o1_c1_m3_boost_0_s40,boost_0,sh_mpcc_dro,77,40,11,0,0,12,0.0036570673500014544,constant_velocity,0.003854457822016122,0.9487890434584078,0,0,0.3333333333333333,0.0,0.0016133441666838638
sh_mpcc_dro_four_way_intersection_o1_c1_m3_boost_0_s40,four_way_intersection_o1_c1_m3_boost_0_s40,boost_0,sh_mpcc_dro,77,40,11,0,0,12,0.0036570673500014544,turn_left,0.005772260410606774,0.6335589682131176,0,0,0.3333333333333333,0.18337024120834663,0.0
sh_mpcc_dro_four_way_intersection_o1_c1_m3_boost_0_s40,four_way_intersection_o1_c1_m3_boost_0_s40,boost_0,sh_mpcc_dro,77,40,11,0,0,12,0.0036570673500014544,turn_right,0.005772260410606774,0.6335589682131176,0,0,0.3333333333333333,0.8166297587916533,0.010583546790033038
sh_mpcc_dro_four_way_intersection_o1_c1_m3_boost_0_s40,four_way_intersection_o1_c1_m3_boost_0_s40,boost_0,sh_mpcc_dro,77,40,12,0,0,13,0.0036466961541434177,constant_velocity,0.003987370160706333,0.914561730455803,0,0,0.3103448275862069,0.0,0.00021843028161786307
sh_mpcc_dro_four_way_intersection_o1_c1_m3_boost_0_s40,four_way_intersection_o1_c1_m3_boost_0_s40,boost_0,sh_mpcc_dro,77,40,12,0,0,13,0.0036466961541434177,turn_left,0.005374173485737342,0.6785594405951871,0,0,0.3793103448275862,0.21872392032808236,0.0
sh_mpcc_dro_four_way_intersection_o1_c1_m3_boost_0_s40,four_way_intersection_o1_c1_m3_boost_0_s40,boost_0,sh_mpcc_dro,77,40,12,0,0,13,0.0036466961541434177,turn_right,0.006169697244275006,0.591065656832232,0,0,0.3103448275862069,0.7812760796719176,0.0012515592630480271
sh_mpcc_dro_four_way_intersection_o1_c1_m3_boost_0_s40,four_way_intersection_o1_c1_m3_boost_0_s40,boost_0,sh_mpcc_dro,77,40,13,0,0,14,0.0034774415488606986,constant_velocity,0.0037301204729188815,0.9322598490068452,0,0,0.3548387096774194,0.3548387096774194,0.0
sh_mpcc_dro_four_way_intersection_o1_c1_m3_boost_0_s40,four_way_intersection_o1_c1_m3_boost_0_s40,boost_0,sh_mpcc_dro,77,40,13,0,0,14,0.0034774415488606986,turn_left,0.005400464662981785,0.6439152491261154,0,0,0.3548387096774194,0.3548387096774194,0.0
sh_mpcc_dro_four_way_intersection_o1_c1_m3_boost_0_s40,four_way_intersection_o1_c1_m3_boost_0_s40,boost_0,sh_mpcc_dro,77,40,13,0,0,14,0.0034774415488606986,turn_right,0.0061446643080652254,0.5659286454910737,0,0,0.2903225806451613,0.2903225806451613,0.0
sh_mpcc_dro_four_way_intersection_o1_c1_m3_boost_0_s40,four_way_intersection_o1_c1_m3_boost_0_s40,boost_0,sh_mpcc_dro,77,40,14,0,0,15,0.00332039813235342,constant_velocity,0.003504052565469252,0.9475879914229433,0,0,0.3939393939393939,0.0,0.09504283091713353
sh_mpcc_dro_four_way_intersection_o1_c1_m3_boost_0_s40,four_way_intersection_o1_c1_m3_boost_0_s40,boost_0,sh_mpcc_dro,77,40,14,0,0,15,0.00332039813235342,turn_left,0.005423569030863161,0.6122164415089926,0,0,0.3333333333333333,0.24293407696769703,0.08827485893387316
sh_mpcc_dro_four_way_intersection_o1_c1_m3_boost_0_s40,four_way_intersection_o1_c1_m3_boost_0_s40,boost_0,sh_mpcc_dro,77,40,14,0,0,15,0.00332039813235342,turn_right,0.006122665667153635,0.5423125012633655,0,0,0.2727272727272727,0.7570659230323029,0.10312631919630794
sh_mpcc_dro_four_way_intersection_o1_c1_m3_boost_0_s40,four_way_intersection_o1_c1_m3_boost_0_s40,boost_0,sh_mpcc_dro,77,40,15,0,0,16,0.0032944824167668897,constant_velocity,0.0036342030893295523,0.9065212746199786,0,0,0.37142857142857144,0.0,0.12045381646567846
sh_mpcc_dro_four_way_intersection_o1_c1_m3_boost_0_s40,four_way_intersection_o1_c1_m3_boost_0_s40,boost_0,sh_mpcc_dro,77,40,15,0,0,16,0.0032944824167668897,turn_left,0.005113650800528123,0.644252520415873,0,0,0.37142857142857144,0.27199299478964845,0.11346024807761268
sh_mpcc_dro_four_way_intersection_o1_c1_m3_boost_0_s40,four_way_intersection_o1_c1_m3_boost_0_s40,boost_0,sh_mpcc_dro,77,40,15,0,0,16,0.0032944824167668897,turn_right,0.006431947314676068,0.5122060638229605,0,0,0.2571428571428571,0.7280070052103516,0.12873915684046794
sh_mpcc_dro_four_way_intersection_o1_c1_m3_boost_0_s40,four_way_intersection_o1_c1_m3_boost_0_s40,boost_0,sh_mpcc_dro,77,40,16,0,0,17,0.0032507389959771206,constant_velocity,0.0037502832862859265,0.8667982517119321,0,0,0.35135135135135137,0.0,0.17150314317679818
sh_mpcc_dro_four_way_intersection_o1_c1_m3_boost_0_s40,four_way_intersection_o1_c1_m3_boost_0_s40,boost_0,sh_mpcc_dro,77,40,16,0,0,17,0.0032507389959771206,turn_left,0.004837237243742713,0.6720238913611623,0,0,0.40540540540540543,0.2996988115525194,0.1631796335876095
sh_mpcc_dro_four_way_intersection_o1_c1_m3_boost_0_s40,four_way_intersection_o1_c1_m3_boost_0_s40,boost_0,sh_mpcc_dro,77,40,16,0,0,17,0.0032507389959771206,turn_right,0.006707793108412368,0.4846212373336781,0,0,0.24324324324324326,0.7003011884474806,0.18097287219398878
sh_mpcc_dro_four_way_intersection_o1_c1_m3_boost_0_s40,four_way_intersection_o1_c1_m3_boost_0_s40,boost_0,sh_mpcc_dro,77,40,17,0,0,18,0.0031545561485274544,constant_velocity,0.003854457822016066,0.8184176074022963,0,0,0.3333333333333333,0.0,0.07391276438639274
sh_mpcc_dro_four_way_intersection_o1_c1_m3_boost_0_s40,four_way_intersection_o1_c1_m3_boost_0_s40,boost_0,sh_mpcc_dro,77,40,17,0,0,18,0.0031545561485274544,turn_left,0.0051807171029760605,0.6089033787842462,0,0,0.38461538461538464,0.2782159756077469,0.0640308560119372
sh_mpcc_dro_four_way_intersection_o1_c1_m3_boost_0_s40,four_way_intersection_o1_c1_m3_boost_0_s40,boost_0,sh_mpcc_dro,77,40,17,0,0,18,0.0031545561485274544,turn_right,0.006363803718237635,0.49570292991391385,0,0,0.28205128205128205,0.7217840243922531,0.08473599168577645
sh_mpcc_dro_four_way_intersection_o1_c1_m3_boost_0_s40,four_way_intersection_o1_c1_m3_boost_0_s40,boost_0,sh_mpcc_dro,77,40,18,0,0,19,0.0030383961447550865,constant_velocity,0.0036664354892348176,0.8287057425873863,0,0,0.36585365853658536,0.0,0.06730190887087092
sh_mpcc_dro_four_way_intersection_o1_c1_m3_boost_0_s40,four_way_intersection_o1_c1_m3_boost_0_s40,boost_0,sh_mpcc_dro,77,40,18,0,0,19,0.0030383961447550865,turn_left,0.0052100326946858825,0.5831817807696644,0,0,0.36585365853658536,0.28582441377728934,0.0551823218095811
sh_mpcc_dro_four_way_intersection_o1_c1_m3_boost_0_s40,four_way_intersection_o1_c1_m3_boost_0_s40,boost_0,sh_mpcc_dro,77,40,18,0,0,19,0.0030383961447550865,turn_right,0.006335407767739165,0.4795896738055362,0,0,0.2682926829268293,0.7141755862227106,0.07989988596837866
sh_mpcc_dro_four_way_intersection_o1_c1_m3_boost_0_s40,four_way_intersection_o1_c1_m3_boost_0_s40,boost_0,sh_mpcc_dro,77,40,19,0,0,20,0.003003224847221956,constant_velocity,0.0037648192680157164,0.7977075746334124,0,0,0.3488372093023256,0.3488372093023256,0.0
sh_mpcc_dro_four_way_intersection_o1_c1_m3_boost_0_s40,four_way_intersection_o1_c1_m3_boost_0_s40,boost_0,sh_mpcc_dro,77,40,19,0,0,20,0.003003224847221956,turn_left,0.004967705592607469,0.6045496842025235,0,0,0.3953488372093023,0.3953488372093023,0.0
sh_mpcc_dro_four_way_intersection_o1_c1_m3_boost_0_s40,four_way_intersection_o1_c1_m3_boost_0_s40,boost_0,sh_mpcc_dro,77,40,19,0,0,20,0.003003224847221956,turn_right,0.006577253662206938,0.45660772739822403,0,0,0.2558139534883721,0.2558139534883721,0.0
sh_mpcc_dro_four_way_intersection_o1_c1_m3_boost_0_s40,four_way_intersection_o1_c1_m3_boost_0_s40,boost_0,sh_mpcc_dro,77,40,2,0,0,3,0.0058688738432747444,constant_velocity,0.002569638548010831,2.283929717593109,0,1,0.5555555555555556,0.0,0.023035395289322885
sh_mpcc_dro_four_way_intersection_o1_c1_m3_boost_0_s40,four_way_intersection_o1_c1_m3_boost_0_s40,boost_0,sh_mpcc_dro,77,40,2,0,0,3,0.0058688738432747444,turn_left,0.007057079684612056,0.8316292440443613,0,0,0.1111111111111111,0.0,0.022714716112345823
sh_mpcc_dro_four_way_intersection_o1_c1_m3_boost_0_s40,four_way_intersection_o1_c1_m3_boost_0_s40,boost_0,sh_mpcc_dro,77,40,2,0,0,3,0.0058688738432747444,turn_right,0.004493725351546522,1.3060152510778085,0,1,0.3333333333333333,1.0,0.024992133379359738
sh_mpcc_dro_four_way_intersection_o1_c1_m3_boost_0_s40,four_way_intersection_o1_c1_m3_boost_0_s40,boost_0,sh_mpcc_dro,77,40,20,0,0,21,0.0029271655137611307,constant_velocity,0.003854457822016074,0.7594234128186871,0,0,0.3333333333333333,0.0,0.021043667131848798
sh_mpcc_dro_four_way_intersection_o1_c1_m3_boost_0_s40,four_way_intersection_o1_c1_m3_boost_0_s40,boost_0,sh_mpcc_dro,77,40,20,0,0,21,0.0029271655137611307,turn_left,0.005259589543993471,0.5565387734683588,0,0,0.37777777777777777,0.2910913095518607,0.010679124773956605
sh_mpcc_dro_four_way_intersection_o1_c1_m3_boost_0_s40,four_way_intersection_o1_c1_m3_boost_0_s40,boost_0,sh_mpcc_dro,77,40,20,0,0,21,0.0029271655137611307,turn_right,0.006284931277220223,0.4657434400867138,0,0,0.28888888888888886,0.7089086904481394,0.03197213052596937
sh_mpcc_dro_four_way_intersection_o1_c1_m3_boost_0_s40,four_way_intersection_o1_c1_m3_boost_0_s40,boost_0,sh_mpcc_dro,77,40,21,0,0,22,0.002833111974791154,constant_velocity,0.003690438340228171,0.7676898280370644,0,0,0.3617021276595745,0.0,0.008210682290091462
sh_mpcc_dro_four_way_intersection_o1_c1_m3_boost_0_s40,four_way_intersection_o1_c1_m3_boost_0_s40,boost_0,sh_mpcc_dro,77,40,21,0,0,22,0.002833111974791154,turn_left,0.0052818064456545116,0.5363907223677297,0,0,0.3617021276595745,0.29738851652508286,0.0029014638353422745
sh_mpcc_dro_four_way_intersection_o1_c1_m3_boost_0_s40,four_way_intersection_o1_c1_m3_boost_0_s40,boost_0,sh_mpcc_dro,77,40,21,0,0,22,0.002833111974791154,turn_right,0.006263516615764821,0.45231970290625795,0,0,0.2765957446808511,0.7026114834749172,0.01493369060267058
sh_mpcc_dro_four_way_intersection_o1_c1_m3_boost_0_s40,four_way_intersection_o1_c1_m3_boost_0_s40,boost_0,sh_mpcc_dro,77,40,22,0,0,23,0.0028039332404028263,constant_velocity,0.0037757954174851495,0.7426073000190176,0,0,0.3469387755102041,0.3469387755102041,0.0
sh_mpcc_dro_four_way_intersection_o1_c1_m3_boost_0_s40,four_way_intersection_o1_c1_m3_boost_0_s40,boost_0,sh_mpcc_dro,77,40,22,0,0,23,0.0028039332404028263,turn_left,0.005066222509097184,0.5534563938650408,0,0,0.3877551020408163,0.3877551020408163,0.0
sh_mpcc_dro_four_way_intersection_o1_c1_m3_boost_0_s40,four_way_intersection_o1_c1_m3_boost_0_s40,boost_0,sh_mpcc_dro,77,40,22,0,0,23,0.0028039332404028263,turn_right,0.006478683059970186,0.43279370428343344,0,0,0.2653061224489796,0.2653061224489796,0.0
sh_mpcc_dro_four_way_intersection_o1_c1_m3_boost_0_s40,four_way_intersection_o1_c1_m3_boost_0_s40,boost_0,sh_mpcc_dro,77,40,23,0,0,24,0.0027191569412985395,constant_velocity,0.0036277250089562837,0.7495488038882131,0,0,0.37254901960784315,0.0,0.0009827658565117608
sh_mpcc_dro_four_way_intersection_o1_c1_m3_boost_0_s40,four_way_intersection_o1_c1_m3_boost_0_s40,boost_0,sh_mpcc_dro,77,40,23,0,0,24,0.0027191569412985395,turn_left,0.005094279929643147,0.5337666910442072,0,0,0.37254901960784315,0.32355113603701935,0.0
sh_mpcc_dro_four_way_intersection_o1_c1_m3_boost_0_s40,four_way_intersection_o1_c1_m3_boost_0_s40,boost_0,sh_mpcc_dro,77,40,23,0,0,24,0.0027191569412985395,turn_right,0.006451349870678471,0.4214865099251815,0,0,0.2549019607843137,0.6764488639629807,0.004770652884697066
sh_mpcc_dro_four_way_intersection_o1_c1_m3_boost_0_s40,four_way_intersection_o1_c1_m3_boost_0_s40,boost_0,sh_mpcc_dro,77,40,24,0,0,25,0.002688585632165663,constant_velocity,0.00370900658344939,0.7248802534249665,0,0,0.3584905660377358,0.3584905660377358,0.0
sh_mpcc_dro_four_way_intersection_o1_c1_m3_boost_0_s40,four_way_intersection_o1_c1_m3_boost_0_s40,boost_0,sh_mpcc_dro,77,40,24,0,0,25,0.002688585632165663,turn_left,0.0049020429511660475,0.5484622756163591,0,0,0.39622641509433965,0.39622641509433965,0.0
sh_mpcc_dro_four_way_intersection_o1_c1_m3_boost_0_s40,four_way_intersection_o1_c1_m3_boost_0_s40,boost_0,sh_mpcc_dro,77,40,24,0,0,25,0.002688585632165663,turn_right,0.006643189290607447,0.4047130850188105,0,0,0.24528301886792453,0.24528301886792453,0.0
sh_mpcc_dro_four_way_intersection_o1_c1_m3_boost_0_s40,four_way_intersection_o1_c1_m3_boost_0_s40,boost_0,sh_mpcc_dro,77,40,25,0,0,26,0.0026540332189165998,constant_velocity,0.0037843767707067474,0.7013131566233952,0,0,0.34545454545454546,0.34545454545454546,0.0
sh_mpcc_dro_four_way_intersection_o1_c1_m3_boost_0_s40,four_way_intersection_o1_c1_m3_boost_0_s40,boost_0,sh_mpcc_dro,77,40,25,0,0,26,0.0026540332189165998,turn_left,0.004723786843851068,0.5618444071775471,0,0,0.41818181818181815,0.41818181818181815,0.0
sh_mpcc_dro_four_way_intersection_o1_c1_m3_boost_0_s40,four_way_intersection_o1_c1_m3_boost_0_s40,boost_0,sh_mpcc_dro,77,40,25,0,0,26,0.0026540332189165998,turn_right,0.00682107675272316,0.3890930002887062,0,0,0.23636363636363636,0.23636363636363636,0.0
sh_mpcc_dro_four_way_intersection_o1_c1_m3_boost_0_s40,four_way_intersection_o1_c1_m3_boost_0_s40,boost_0,sh_mpcc_dro,77,40,26,0,0,27,0.002616734012347108,constant_velocity,0.003854457822016254,0.6788851073685646,0,0,0.3333333333333333,0.3333333333333333,0.0
sh_mpcc_dro_four_way_intersection_o1_c1_m3_boost_0_s40,four_way_intersection_o1_c1_m3_boost_0_s40,boost_0,sh_mpcc_dro,77,40,26,0,0,27,0.002616734012347108,turn_left,0.004558039937049435,0.5740919448900229,0,0,0.43859649122807015,0.43859649122807015,0.0
sh_mpcc_dro_four_way_intersection_o1_c1_m3_boost_0_s40,four_way_intersection_o1_c1_m3_boost_0_s40,boost_0,sh_mpcc_dro,77,40,26,0,0,27,0.002616734012347108,turn_right,0.0069864808841642295,0.3745424993974115,0,0,0.22807017543859648,0.22807017543859648,0.0
sh_mpcc_dro_four_way_intersection_o1_c1_m3_boost_0_s40,four_way_intersection_o1_c1_m3_boost_0_s40,boost_0,sh_mpcc_dro,77,40,27,0,0,28,0.0025480111415265684,constant_velocity,0.00372379823482912,0.6842505906186652,0,0,0.3559322033898305,0.3559322033898305,0.0
sh_mpcc_dro_four_way_intersection_o1_c1_m3_boost_0_s40,four_way_intersection_o1_c1_m3_boost_0_s40,boost_0,sh_mpcc_dro,77,40,27,0,0,28,0.0025480111415265684,turn_left,0.004599519489455169,0.5539733329466532,0,0,0.423728813559322,0.423728813559322,0.0
sh_mpcc_dro_four_way_intersection_o1_c1_m3_boost_0_s40,four_way_intersection_o1_c1_m3_boost_0_s40,boost_0,sh_mpcc_dro,77,40,27,0,0,28,0.0025480111415265684,turn_right,0.00694564040446476,0.3668504260440361,0,0,0.22033898305084745,0.22033898305084745,0.0
sh_mpcc_dro_four_way_intersection_o1_c1_m3_boost_0_s40,four_way_intersection_o1_c1_m3_boost_0_s40,boost_0,sh_mpcc_dro,77,40,28,0,0,29,0.0025126113816878416,constant_velocity,0.003791269988868296,0.6627360723623543,0,0,0.3442622950819672,0.0,0.016682525522654285
sh_mpcc_dro_four_way_intersection_o1_c1_m3_boost_0_s40,four_way_intersection_o1_c1_m3_boost_0_s40,boost_0,sh_mpcc_dro,77,40,28,0,0,29,0.0025126113816878416,turn_left,0.004448715571768114,0.564794791025316,0,0,0.4426229508196721,0.3973528719671443,0.005172181434880074
sh_mpcc_dro_four_way_intersection_o1_c1_m3_boost_0_s40,four_way_intersection_o1_c1_m3_boost_0_s40,boost_0,sh_mpcc_dro,77,40,28,0,0,29,0.0025126113816878416,turn_right,0.007096114309196941,0.3540827095233463,0,0,0.21311475409836064,0.6026471280328557,0.028825773310068192
sh_mpcc_dro_four_way_intersection_o1_c1_m3_boost_0_s40,four_way_intersection_o1_c1_m3_boost_0_s40,boost_0,sh_mpcc_dro,77,40,29,0,0,30,0.0024759337008004325,constant_velocity,0.0038544578220163746,0.6423558941696247,0,0,0.3333333333333333,0.0,0.08254109637004156
sh_mpcc_dro_four_way_intersection_o1_c1_m3_boost_0_s40,four_way_intersection_o1_c1_m3_boost_0_s40,boost_0,sh_mpcc_dro,77,40,29,0,0,30,0.0024759337008004325,turn_left,0.004307486505998022,0.5747977845903365,0,0,0.4603174603174603,0.4127491642926945,0.06997970121170255
sh_mpcc_dro_four_way_intersection_o1_c1_m3_boost_0_s40,four_way_intersection_o1_c1_m3_boost_0_s40,boost_0,sh_mpcc_dro,77,40,29,0,0,30,0.0024759337008004325,turn_right,0.007237034315215964,0.3421199337959125,0,0,0.20634920634920634,0.5872508357073055,0.0954499792247257
sh_mpcc_dro_four_way_intersection_o1_c1_m3_boost_0_s40,four_way_intersection_o1_c1_m3_boost_0_s40,boost_0,sh_mpcc_dro,77,40,3,0,0,4,0.004997360498511917,constant_velocity,0.0031536473089223125,1.5846288468508711,0,1,0.45454545454545453,0.0,0.11937214357401063
sh_mpcc_dro_four_way_intersection_o1_c1_m3_boost_0_s40,four_way_intersection_o1_c1_m3_boost_0_s40,boost_0,sh_mpcc_dro,77,40,3,0,0,4,0.004997360498511917,turn_left,0.005773974287409864,0.865497532506968,0,0,0.2727272727272727,0.06732617482927686,0.11588286790371075
sh_mpcc_dro_four_way_intersection_o1_c1_m3_boost_0_s40,four_way_intersection_o1_c1_m3_boost_0_s40,boost_0,sh_mpcc_dro,77,40,3,0,0,4,0.004997360498511917,turn_right,0.0057739742874101,0.8654975325069327,0,0,0.2727272727272727,0.9326738251707231,0.12439161129315385
sh_mpcc_dro_four_way_intersection_o1_c1_m3_boost_0_s40,four_way_intersection_o1_c1_m3_boost_0_s40,boost_0,sh_mpcc_dro,77,40,30,0,0,31,0.002438486989511702,constant_velocity,0.003913757173124274,0.6230552590888275,0,0,0.3230769230769231,0.3230769230769231,0.07252337502597586
sh_mpcc_dro_four_way_intersection_o1_c1_m3_boost_0_s40,four_way_intersection_o1_c1_m3_boost_0_s40,boost_0,sh_mpcc_dro,77,40,30,0,0,31,0.002438486989511702,turn_left,0.004174948459659557,0.5840759504155763,0,0,0.47692307692307695,0.2655258499852239,0.05905940788449621
sh_mpcc_dro_four_way_intersection_o1_c1_m3_boost_0_s40,four_way_intersection_o1_c1_m3_boost_0_s40,boost_0,sh_mpcc_dro,77,40,30,0,0,31,0.002438486989511702,turn_right,0.007369282320864792,0.330898842429685,0,0,0.2,0.4113972269378531,0.08597373615132115
sh_mpcc_dro_four_way_intersection_o1_c1_m3_boost_0_s40,four_way_intersection_o1_c1_m3_boost_0_s40,boost_0,sh_mpcc_dro,77,40,31,0,0,32,0.0023826346412965447,constant_velocity,0.003796928600792282,0.6275163143176764,0,0,0.34328358208955223,0.0,0.0
sh_mpcc_dro_four_way_intersection_o1_c1_m3_boost_0_s40,four_way_intersection_o1_c1_m3_boost_0_s40,boost_0,sh_mpcc_dro,77,40,31,0,0,32,0.0023826346412965447,turn_left,0.004222910796177998,0.5642161902763799,0,0,0.4626865671641791,0.4281938710613609,0.0
sh_mpcc_dro_four_way_intersection_o1_c1_m3_boost_0_s40,four_way_intersection_o1_c1_m3_boost_0_s40,boost_0,sh_mpcc_dro,77,40,31,0,0,32,0.0023826346412965447,turn_right,0.007321891407794937,0.3254124526840121,0,0,0.19402985074626866,0.5718061289386391,0.012720885596528453
sh_mpcc_dro_four_way_intersection_o1_c1_m3_boost_0_s40,four_way_intersection_o1_c1_m3_boost_0_s40,boost_0,sh_mpcc_dro,77,40,32,0,0,33,0.0023619422561021006,constant_velocity,0.0038544578220164015,0.612781969648454,0,0,0.3333333333333333,0.7418546464322959,0.07084097508125056
sh_mpcc_dro_four_way_intersection_o1_c1_m3_boost_0_s40,four_way_intersection_o1_c1_m3_boost_0_s40,boost_0,sh_mpcc_dro,77,40,32,0,0,33,0.0023619422561021006,turn_left,0.004434858149877092,0.5325857504974673,0,0,0.4492753623188406,0.0407540492198781,0.056715973685735055
sh_mpcc_dro_four_way_intersection_o1_c1_m3_boost_0_s40,four_way_intersection_o1_c1_m3_boost_0_s40,boost_0,sh_mpcc_dro,77,40,32,0,0,33,0.0023619422561021006,turn_right,0.007109662671337113,0.3322157977514692,0,0,0.21739130434782608,0.2173913043478261,0.08412342858784144
sh_mpcc_dro_four_way_intersection_o1_c1_m3_boost_0_s40,four_way_intersection_o1_c1_m3_boost_0_s40,boost_0,sh_mpcc_dro,77,40,33,0,0,34,0.002337443462574552,constant_velocity,0.0039087459603545874,0.5980034226533636,0,0,0.323943661971831,0.7282276660191753,0.02774460145900104
sh_mpcc_dro_four_way_intersection_o1_c1_m3_boost_0_s40,four_way_intersection_o1_c1_m3_boost_0_s40,boost_0,sh_mpcc_dro,77,40,33,0,0,34,0.002337443462574552,turn_left,0.004634864807593056,0.5043175064664758,0,0,0.43661971830985913,0.03233571426251483,0.01684531394939448
sh_mpcc_dro_four_way_intersection_o1_c1_m3_boost_0_s40,four_way_intersection_o1_c1_m3_boost_0_s40,boost_0,sh_mpcc_dro,77,40,33,0,0,34,0.002337443462574552,turn_right,0.006909390483412119,0.33829951689461235,0,0,0.23943661971830985,0.23943661971830985,0.0380104213729113
sh_mpcc_dro_four_way_intersection_o1_c1_m3_boost_0_s40,four_way_intersection_o1_c1_m3_boost_0_s40,boost_0,sh_mpcc_dro,77,40,34,0,0,35,0.002308582294892412,constant_velocity,0.003960059406181192,0.5829665815843529,0,0,0.3150684931506849,0.7143606723180338,0.05007550585299156
sh_mpcc_dro_four_way_intersection_o1_c1_m3_boost_0_s40,four_way_intersection_o1_c1_m3_boost_0_s40,boost_0,sh_mpcc_dro,77,40,34,0,0,35,0.002308582294892412,turn_left,0.004507882210124809,0.5121212550113403,0,0,0.4520547945205479,0.05276261535319901,0.03975160876883008
sh_mpcc_dro_four_way_intersection_o1_c1_m3_boost_0_s40,four_way_intersection_o1_c1_m3_boost_0_s40,boost_0,sh_mpcc_dro,77,40,34,0,0,35,0.002308582294892412,turn_right,0.007036122100271783,0.32810435378931796,0,0,0.2328767123287671,0.2328767123287671,0.05938049966885203
sh_mpcc_dro_four_way_intersection_o1_c1_m3_boost_0_s40,four_way_intersection_o1_c1_m3_boost_0_s40,boost_0,sh_mpcc_dro,77,40,35,0,0,36,0.002279094166132512,constant_velocity,0.004008636134896983,0.5685460314773823,0,0,0.30666666666666664,0.7008585818243184,0.049377950240798246
sh_mpcc_dro_four_way_intersection_o1_c1_m3_boost_0_s40,four_way_intersection_o1_c1_m3_boost_0_s40,boost_0,sh_mpcc_dro,77,40,35,0,0,36,0.002279094166132512,turn_left,0.004387672017854758,0.5194312967920556,0,0,0.4666666666666667,0.07247475150901497,0.03998515409646328
sh_mpcc_dro_four_way_intersection_o1_c1_m3_boost_0_s40,four_way_intersection_o1_c1_m3_boost_0_s40,boost_0,sh_mpcc_dro,77,40,35,0,0,36,0.002279094166132512,turn_right,0.007156094697565962,0.3184829522878885,0,0,0.22666666666666666,0.22666666666666666,0.0574509149428126
sh_mpcc_dro_four_way_intersection_o1_c1_m3_boost_0_s40,four_way_intersection_o1_c1_m3_boost_0_s40,boost_0,sh_mpcc_dro,77,40,36,0,0,37,0.002234298527258172,constant_velocity,0.003904515715808822,0.5722344817852363,0,0,0.3246753246753247,0.0,0.003281363338979576
sh_mpcc_dro_four_way_intersection_o1_c1_m3_boost_0_s40,four_way_intersection_o1_c1_m3_boost_0_s40,boost_0,sh_mpcc_dro,77,40,36,0,0,37,0.002234298527258172,turn_left,0.004423880192274835,0.505054031788609,0,0,0.45454545454545453,0.42358536920937784,0.0
sh_mpcc_dro_four_way_intersection_o1_c1_m3_boost_0_s40,four_way_intersection_o1_c1_m3_boost_0_s40,boost_0,sh_mpcc_dro,77,40,36,0,0,37,0.002234298527258172,turn_right,0.007120395789396059,0.31378852992772777,0,0,0.22077922077922077,0.5764146307906222,0.00953594585418581
sh_mpcc_dro_four_way_intersection_o1_c1_m3_boost_0_s40,four_way_intersection_o1_c1_m3_boost_0_s40,boost_0,sh_mpcc_dro,77,40,37,0,0,38,0.00220648692524297,constant_velocity,0.003952039032700363,0.5583160760776479,0,0,0.31645569620253167,0.31645569620253167,0.0
sh_mpcc_dro_four_way_intersection_o1_c1_m3_boost_0_s40,four_way_intersection_o1_c1_m3_boost_0_s40,boost_0,sh_mpcc_dro,77,40,37,0,0,38,0.00220648692524297,turn_left,0.004311883225381802,0.5117223287157999,0,0,0.46835443037974683,0.46835443037974683,0.0
sh_mpcc_dro_four_way_intersection_o1_c1_m3_boost_0_s40,four_way_intersection_o1_c1_m3_boost_0_s40,boost_0,sh_mpcc_dro,77,40,37,0,0,38,0.00220648692524297,turn_right,0.0072321603136846855,0.3050937520104274,0,0,0.21518987341772153,0.21518987341772153,0.0
sh_mpcc_dro_four_way_intersection_o1_c1_m3_boost_0_s40,four_way_intersection_o1_c1_m3_boost_0_s40,boost_0,sh_mpcc_dro,77,40,38,0,0,39,0.0021887293713675417,constant_velocity,0.0039972155191278815,0.5475635128738522,0,0,0.30864197530864196,0.30864197530864196,0.0
sh_mpcc_dro_four_way_intersection_o1_c1_m3_boost_0_s40,four_way_intersection_o1_c1_m3_boost_0_s40,boost_0,sh_mpcc_dro,77,40,38,0,0,39,0.0021887293713675417,turn_left,0.004490234121021421,0.4874421494239721,0,0,0.4567901234567901,0.4567901234567901,0.0
sh_mpcc_dro_four_way_intersection_o1_c1_m3_boost_0_s40,four_way_intersection_o1_c1_m3_boost_0_s40,boost_0,sh_mpcc_dro,77,40,38,0,0,39,0.0021887293713675417,turn_right,0.007053588454087828,0.31030012391764766,0,0,0.2345679012345679,0.2345679012345679,0.0
sh_mpcc_dro_four_way_intersection_o1_c1_m3_boost_0_s40,four_way_intersection_o1_c1_m3_boost_0_s40,boost_0,sh_mpcc_dro,77,40,39,0,0,40,0.0021487991613456338,constant_velocity,0.0039008970728840664,0.5508474387295108,0,0,0.3253012048192771,0.3253012048192771,0.0
sh_mpcc_dro_four_way_intersection_o1_c1_m3_boost_0_s40,four_way_intersection_o1_c1_m3_boost_0_s40,boost_0,sh_mpcc_dro,77,40,39,0,0,40,0.0021487991613456338,turn_left,0.004521353461069942,0.4752557347810488,0,0,0.4457831325301205,0.4457831325301205,0.0
sh_mpcc_dro_four_way_intersection_o1_c1_m3_boost_0_s40,four_way_intersection_o1_c1_m3_boost_0_s40,boost_0,sh_mpcc_dro,77,40,39,0,0,40,0.0021487991613456338,turn_right,0.007022940219845048,0.30596859635422674,0,0,0.2289156626506024,0.2289156626506024,0.0
sh_mpcc_dro_four_way_intersection_o1_c1_m3_boost_0_s40,four_way_intersection_o1_c1_m3_boost_0_s40,boost_0,sh_mpcc_dro,77,40,4,0,0,5,0.00526551045094771,constant_velocity,0.003557961066476421,1.4799235721155144,0,1,0.38461538461538464,0.0,0.11486240614784546
sh_mpcc_dro_four_way_intersection_o1_c1_m3_boost_0_s40,four_way_intersection_o1_c1_m3_boost_0_s40,boost_0,sh_mpcc_dro,77,40,4,0,0,5,0.00526551045094771,turn_left,0.006660300473777048,0.7905815168068003,0,0,0.23076923076923078,0.0,0.10725208308491047
sh_mpcc_dro_four_way_intersection_o1_c1_m3_boost_0_s40,four_way_intersection_o1_c1_m3_boost_0_s40,boost_0,sh_mpcc_dro,77,40,4,0,0,5,0.00526551045094771,turn_right,0.004885670550885334,1.077745704731062,0,1,0.38461538461538464,1.0,0.12370427743542073
sh_mpcc_dro_four_way_intersection_o1_c1_m3_boost_0_s40,four_way_intersection_o1_c1_m3_boost_0_s40,boost_0,sh_mpcc_dro,77,40,40,0,0,41,0.0021303219132561917,constant_velocity,0.003945150947240309,0.5399848932894147,0,0,0.3176470588235294,0.3176470588235294,0.0
sh_mpcc_dro_four_way_intersection_o1_c1_m3_boost_0_s40,four_way_intersection_o1_c1_m3_boost_0_s40,boost_0,sh_mpcc_dro,77,40,40,0,0,41,0.0021303219132561917,turn_left,0.004686382661957632,0.45457703028593427,0,0,0.43529411764705883,0.43529411764705883,0.0
sh_mpcc_dro_four_way_intersection_o1_c1_m3_boost_0_s40,four_way_intersection_o1_c1_m3_boost_0_s40,boost_0,sh_mpcc_dro,77,40,40,0,0,41,0.0021303219132561917,turn_right,0.006857694567613399,0.3106469517200417,0,0,0.24705882352941178,0.24705882352941178,0.0
sh_mpcc_dro_four_way_intersection_o1_c1_m3_boost_0_s40,four_way_intersection_o1_c1_m3_boost_0_s40,boost_0,sh_mpcc_dro,77,40,41,0,0,42,0.002093020939052859,constant_velocity,0.0038544578220163295,0.5430130606431091,0,0,0.3333333333333333,0.3333333333333333,0.0
sh_mpcc_dro_four_way_intersection_o1_c1_m3_boost_0_s40,four_way_intersection_o1_c1_m3_boost_0_s40,boost_0,sh_mpcc_dro,77,40,41,0,0,42,0.002093020939052859,turn_left,0.004711562065890122,0.4442307900824478,0,0,0.42528735632183906,0.42528735632183906,0.0
sh_mpcc_dro_four_way_intersection_o1_c1_m3_boost_0_s40,four_way_intersection_o1_c1_m3_boost_0_s40,boost_0,sh_mpcc_dro,77,40,41,0,0,42,0.002093020939052859,turn_right,0.006832958755323993,0.3063125380966266,0,0,0.2413793103448276,0.2413793103448276,0.0
sh_mpcc_dro_four_way_intersection_o1_c1_m3_boost_0_s40,four_way_intersection_o1_c1_m3_boost_0_s40,boost_0,sh_mpcc_dro,77,40,42,0,0,43,0.0020720088256497636,constant_velocity,0.003897766336870446,0.5315887733058414,0,0,0.3258426966292135,0.3258426966292135,0.0
sh_mpcc_dro_four_way_intersection_o1_c1_m3_boost_0_s40,four_way_intersection_o1_c1_m3_boost_0_s40,boost_0,sh_mpcc_dro,77,40,42,0,0,43,0.0020720088256497636,turn_left,0.004605684266656636,0.4498807789865889,0,0,0.43820224719101125,0.43820224719101125,0.0
sh_mpcc_dro_four_way_intersection_o1_c1_m3_boost_0_s40,four_way_intersection_o1_c1_m3_boost_0_s40,boost_0,sh_mpcc_dro,77,40,42,0,0,43,0.0020720088256497636,turn_right,0.006938624727087425,0.2986195257917509,0,0,0.23595505617977527,0.23595505617977527,0.0
sh_mpcc_dro_four_way_intersection_o1_c1_m3_boost_0_s40,four_way_intersection_o1_c1_m3_boost_0_s40,boost_0,sh_mpcc_dro,77,40,43,0,0,44,0.0020505728087339406,constant_velocity,0.003939171180742034,0.5205594564559308,0,0,0.31868131868131866,0.31868131868131866,0.0
sh_mpcc_dro_four_way_intersection_o1_c1_m3_boost_0_s40,four_way_intersection_o1_c1_m3_boost_0_s40,boost_0,sh_mpcc_dro,77,40,43,0,0,44,0.0020505728087339406,turn_left,0.004504460436620309,0.45523161710184373,0,0,0.45054945054945056,0.45054945054945056,0.0
sh_mpcc_dro_four_way_intersection_o1_c1_m3_boost_0_s40,four_way_intersection_o1_c1_m3_boost_0_s40,boost_0,sh_mpcc_dro,77,40,43,0,0,44,0.0020505728087339406,turn_right,0.00703964604075137,0.29128919222124333,0,0,0.23076923076923078,0.23076923076923078,0.0
sh_mpcc_dro_four_way_intersection_o1_c1_m3_boost_0_s40,four_way_intersection_o1_c1_m3_boost_0_s40,boost_0,sh_mpcc_dro,77,40,44,0,0,45,0.0020350483045052077,constant_velocity,0.0039787951711134865,0.5114735031548983,0,0,0.3118279569892473,0.3118279569892473,0.0
sh_mpcc_dro_four_way_intersection_o1_c1_m3_boost_0_s40,four_way_intersection_o1_c1_m3_boost_0_s40,boost_0,sh_mpcc_dro,77,40,44,0,0,45,0.0020350483045052077,turn_left,0.004655656868064707,0.43711303521196776,0,0,0.44086021505376344,0.44086021505376344,0.0
sh_mpcc_dro_four_way_intersection_o1_c1_m3_boost_0_s40,four_way_intersection_o1_c1_m3_boost_0_s40,boost_0,sh_mpcc_dro,77,40,44,0,0,45,0.0020350483045052077,turn_right,0.006888255803316153,0.2954373883045244,0,0,0.24731182795698925,0.24731182795698925,0.0
sh_mpcc_dro_four_way_intersection_o1_c1_m3_boost_0_s40,four_way_intersection_o1_c1_m3_boost_0_s40,boost_0,sh_mpcc_dro,77,40,45,0,0,46,0.002018122074031308,constant_velocity,0.004016750782943397,0.502426509157849,0,0,0.30526315789473685,0.30526315789473685,0.0
sh_mpcc_dro_four_way_intersection_o1_c1_m3_boost_0_s40,four_way_intersection_o1_c1_m3_boost_0_s40,boost_0,sh_mpcc_dro,77,40,45,0,0,46,0.002018122074031308,turn_left,0.004800487133975107,0.4203994339966442,0,0,0.43157894736842106,0.43157894736842106,0.0
sh_mpcc_dro_four_way_intersection_o1_c1_m3_boost_0_s40,four_way_intersection_o1_c1_m3_boost_0_s40,boost_0,sh_mpcc_dro,77,40,45,0,0,46,0.002018122074031308,turn_right,0.006743239891667103,0.2992807769637832,0,0,0.2631578947368421,0.2631578947368421,0.0
sh_mpcc_dro_four_way_intersection_o1_c1_m3_boost_0_s40,four_way_intersection_o1_c1_m3_boost_0_s40,boost_0,sh_mpcc_dro,77,40,46,0,0,47,0.0019993008291688975,constant_velocity,0.00405314121490377,0.4932719397531194,0,0,0.29896907216494845,0.29896907216494845,0.0
sh_mpcc_dro_four_way_intersection_o1_c1_m3_boost_0_s40,four_way_intersection_o1_c1_m3_boost_0_s40,boost_0,sh_mpcc_dro,77,40,46,0,0,47,0.0019993008291688975,turn_left,0.004701508017810591,0.425246712670701,0,0,0.44329896907216493,0.44329896907216493,0.0
sh_mpcc_dro_four_way_intersection_o1_c1_m3_boost_0_s40,four_way_intersection_o1_c1_m3_boost_0_s40,boost_0,sh_mpcc_dro,77,40,46,0,0,47,0.0019993008291688975,turn_right,0.006842041017587294,0.29220824956029134,0,0,0.25773195876288657,0.25773195876288657,0.0
sh_mpcc_dro_four_way_intersection_o1_c1_m3_boost_0_s40,four_way_intersection_o1_c1_m3_boost_0_s40,boost_0,sh_mpcc_dro,77,40,47,0,0,48,0.001982665752644143,constant_velocity,0.00408806132638102,0.48498923923905746,0,0,0.29292929292929293,0.29292929292929293,0.0
sh_mpcc_dro_four_way_intersection_o1_c1_m3_boost_0_s40,four_way_intersection_o1_c1_m3_boost_0_s40,boost_0,sh_mpcc_dro,77,40,47,0,0,48,0.001982665752644143,turn_left,0.0048395602699518045,0.40967890511752786,0,0,0.43434343434343436,0.43434343434343436,0.0
sh_mpcc_dro_four_way_intersection_o1_c1_m3_boost_0_s40,four_way_intersection_o1_c1_m3_boost_0_s40,boost_0,sh_mpcc_dro,77,40,47,0,0,48,0.001982665752644143,turn_right,0.006703817966726953,0.29575172871410055,0,0,0.2727272727272727,0.2727272727272727,0.0
sh_mpcc_dro_four_way_intersection_o1_c1_m3_boost_0_s40,four_way_intersection_o1_c1_m3_boost_0_s40,boost_0,sh_mpcc_dro,77,40,48,0,0,49,0.0019651590224870788,constant_velocity,0.004121598463146174,0.47679535987282895,0,0,0.2871287128712871,0.2871287128712871,0.0
sh_mpcc_dro_four_way_intersection_o1_c1_m3_boost_0_s40,four_way_intersection_o1_c1_m3_boost_0_s40,boost_0,sh_mpcc_dro,77,40,48,0,0,49,0.0019651590224870788,turn_left,0.004972145106166475,0.3952336427289462,0,0,0.42574257425742573,0.42574257425742573,0.0
sh_mpcc_dro_four_way_intersection_o1_c1_m3_boost_0_s40,four_way_intersection_o1_c1_m3_boost_0_s40,boost_0,sh_mpcc_dro,77,40,48,0,0,49,0.0019651590224870788,turn_right,0.006571069096098688,0.299062297739924,0,0,0.2871287128712871,0.2871287128712871,0.0
sh_mpcc_dro_four_way_intersection_o1_c1_m3_boost_0_s40,four_way_intersection_o1_c1_m3_boost_0_s40,boost_0,sh_mpcc_dro,77,40,49,0,0,50,0.0019469907198324202,constant_velocity,0.004153833186833126,0.46872145131008547,0,0,0.2815533980582524,0.2815533980582524,0.0
sh_mpcc_dro_four_way_intersection_o1_c1_m3_boost_0_s40,four_way_intersection_o1_c1_m3_boost_0_s40,boost_0,sh_mpcc_dro,77,40,49,0,0,50,0.0019469907198324202,turn_left,0.005099581016703023,0.38179425200919487,0,0,0.4174757281553398,0.4174757281553398,0.0
sh_mpcc_dro_four_way_intersection_o1_c1_m3_boost_0_s40,four_way_intersection_o1_c1_m3_boost_0_s40,boost_0,sh_mpcc_dro,77,40,49,0,0,50,0.0019469907198324202,turn_right,0.006443475521416992,0.30216468012658104,0,0,0.30097087378640774,0.30097087378640774,0.0
sh_mpcc_dro_four_way_intersection_o1_c1_m3_boost_0_s40,four_way_intersection_o1_c1_m3_boost_0_s40,boost_0,sh_mpcc_dro,77,40,5,0,0,6,0.004679756718854426,constant_velocity,0.00385445782201616,1.214115430742105,0,1,0.3333333333333333,0.0,0.0897735986357581
sh_mpcc_dro_four_way_intersection_o1_c1_m3_boost_0_s40,four_way_intersection_o1_c1_m3_boost_0_s40,boost_0,sh_mpcc_dro,77,40,5,0,0,6,0.004679756718854426,turn_left,0.005772260410606727,0.8107320851732905,0,0,0.3333333333333333,0.09471129099692141,0.07923082002196319
sh_mpcc_dro_four_way_intersection_o1_c1_m3_boost_0_s40,four_way_intersection_o1_c1_m3_boost_0_s40,boost_0,sh_mpcc_dro,77,40,5,0,0,6,0.004679756718854426,turn_right,0.0057722604106069005,0.8107320851732661,0,0,0.3333333333333333,0.9052887090030786,0.10114408506149913
sh_mpcc_dro_four_way_intersection_o1_c1_m3_boost_0_s40,four_way_intersection_o1_c1_m3_boost_0_s40,boost_0,sh_mpcc_dro,77,40,50,0,0,51,0.0019196801765688914,constant_velocity,0.004074712554702769,0.47112039212516255,0,0,0.29523809523809524,0.29523809523809524,0.0
sh_mpcc_dro_four_way_intersection_o1_c1_m3_boost_0_s40,four_way_intersection_o1_c1_m3_boost_0_s40,boost_0,sh_mpcc_dro,77,40,50,0,0,51,0.0019196801765688914,turn_left,0.0051125735065374045,0.3754821664889928,0,0,0.4095238095238095,0.4095238095238095,0.0
sh_mpcc_dro_four_way_intersection_o1_c1_m3_boost_0_s40,four_way_intersection_o1_c1_m3_boost_0_s40,boost_0,sh_mpcc_dro,77,40,50,0,0,51,0.0019196801765688914,turn_right,0.0064308700206857,0.2985101814208652,0,0,0.29523809523809524,0.29523809523809524,0.0
sh_mpcc_dro_four_way_intersection_o1_c1_m3_boost_0_s40,four_way_intersection_o1_c1_m3_boost_0_s40,boost_0,sh_mpcc_dro,77,40,51,0,0,52,0.0018929790831985387,constant_velocity,0.003998549703212998,0.473416419377619,0,0,0.308411214953271,0.308411214953271,0.0
sh_mpcc_dro_four_way_intersection_o1_c1_m3_boost_0_s40,four_way_intersection_o1_c1_m3_boost_0_s40,boost_0,sh_mpcc_dro,77,40,51,0,0,52,0.0018929790831985387,turn_left,0.0051250802958175265,0.3693559854551665,0,0,0.40186915887850466,0.40186915887850466,0.0
sh_mpcc_dro_four_way_intersection_o1_c1_m3_boost_0_s40,four_way_intersection_o1_c1_m3_boost_0_s40,boost_0,sh_mpcc_dro,77,40,51,0,0,52,0.0018929790831985387,turn_right,0.006418735753626611,0.2949146305219058,0,0,0.2897196261682243,0.2897196261682243,0.0
sh_mpcc_dro_four_way_intersection_o1_c1_m3_boost_0_s40,four_way_intersection_o1_c1_m3_boost_0_s40,boost_0,sh_mpcc_dro,77,40,52,0,0,53,0.0018668797803701304,constant_velocity,0.003925181818750375,0.4756161285197414,0,0,0.3211009174311927,0.3211009174311927,0.0
sh_mpcc_dro_four_way_intersection_o1_c1_m3_boost_0_s40,four_way_intersection_o1_c1_m3_boost_0_s40,boost_0,sh_mpcc_dro,77,40,52,0,0,53,0.0018668797803701304,turn_left,0.0051371281203534255,0.36340923111757867,0,0,0.3944954128440367,0.3944954128440367,0.0
sh_mpcc_dro_four_way_intersection_o1_c1_m3_boost_0_s40,four_way_intersection_o1_c1_m3_boost_0_s40,boost_0,sh_mpcc_dro,77,40,52,0,0,53,0.0018668797803701304,turn_right,0.006407046780771527,0.29137913991402503,0,0,0.28440366972477066,0.28440366972477066,0.0
sh_mpcc_dro_four_way_intersection_o1_c1_m3_boost_0_s40,four_way_intersection_o1_c1_m3_boost_0_s40,boost_0,sh_mpcc_dro,77,40,53,0,0,54,0.0018537769836808353,constant_velocity,0.003958632357746295,0.4682872305768289,0,0,0.3153153153153153,0.3153153153153153,0.0
sh_mpcc_dro_four_way_intersection_o1_c1_m3_boost_0_s40,four_way_intersection_o1_c1_m3_boost_0_s40,boost_0,sh_mpcc_dro,77,40,53,0,0,54,0.0018537769836808353,turn_left,0.00504456725332003,0.3674798829296589,0,0,0.40540540540540543,0.40540540540540543,0.0
sh_mpcc_dro_four_way_intersection_o1_c1_m3_boost_0_s40,four_way_intersection_o1_c1_m3_boost_0_s40,boost_0,sh_mpcc_dro,77,40,53,0,0,54,0.0018537769836808353,turn_right,0.006499444036952153,0.2852208547594703,0,0,0.27927927927927926,0.27927927927927926,0.0
sh_mpcc_dro_four_way_intersection_o1_c1_m3_boost_0_s40,four_way_intersection_o1_c1_m3_boost_0_s40,boost_0,sh_mpcc_dro,77,40,54,0,0,55,0.0018402518657067279,constant_velocity,0.00399089880686647,0.4611121340737869,0,0,0.30973451327433627,0.30973451327433627,0.0
sh_mpcc_dro_four_way_intersection_o1_c1_m3_boost_0_s40,four_way_intersection_o1_c1_m3_boost_0_s40,boost_0,sh_mpcc_dro,77,40,54,0,0,55,0.0018402518657067279,turn_left,0.004955282877155399,0.3713717079988645,0,0,0.415929203539823,0.415929203539823,0.0
sh_mpcc_dro_four_way_intersection_o1_c1_m3_boost_0_s40,four_way_intersection_o1_c1_m3_boost_0_s40,boost_0,sh_mpcc_dro,77,40,54,0,0,55,0.0018402518657067279,turn_right,0.006588570593798946,0.27930972879591554,0,0,0.2743362831858407,0.2743362831858407,0.0
sh_mpcc_dro_four_way_intersection_o1_c1_m3_boost_0_s40,four_way_intersection_o1_c1_m3_boost_0_s40,boost_0,sh_mpcc_dro,77,40,55,0,0,56,0.0018161324376298434,constant_velocity,0.003921491871094875,0.4631228362390515,0,0,0.3217391304347826,0.3217391304347826,0.0
sh_mpcc_dro_four_way_intersection_o1_c1_m3_boost_0_s40,four_way_intersection_o1_c1_m3_boost_0_s40,boost_0,sh_mpcc_dro,77,40,55,0,0,56,0.0018161324376298434,turn_left,0.0049696551181269855,0.3654443607173944,0,0,0.40869565217391307,0.40869565217391307,0.0
sh_mpcc_dro_four_way_intersection_o1_c1_m3_boost_0_s40,four_way_intersection_o1_c1_m3_boost_0_s40,boost_0,sh_mpcc_dro,77,40,55,0,0,56,0.0018161324376298434,turn_right,0.006574537831003045,0.2762372784693164,0,0,0.26956521739130435,0.26956521739130435,0.0
sh_mpcc_dro_four_way_intersection_o1_c1_m3_boost_0_s40,four_way_intersection_o1_c1_m3_boost_0_s40,boost_0,sh_mpcc_dro,77,40,56,0,0,57,0.0018027831011178327,constant_velocity,0.003953290073862903,0.4560209515200761,0,0,0.3162393162393162,0.3162393162393162,0.0
sh_mpcc_dro_four_way_intersection_o1_c1_m3_boost_0_s40,four_way_intersection_o1_c1_m3_boost_0_s40,boost_0,sh_mpcc_dro,77,40,56,0,0,57,0.0018027831011178327,turn_left,0.005081884851129886,0.35474694014702224,0,0,0.4017094017094017,0.4017094017094017,0.0
sh_mpcc_dro_four_way_intersection_o1_c1_m3_boost_0_s40,four_way_intersection_o1_c1_m3_boost_0_s40,boost_0,sh_mpcc_dro,77,40,56,0,0,57,0.0018027831011178327,turn_right,0.006462152568934617,0.2789756326373843,0,0,0.28205128205128205,0.28205128205128205,0.0
sh_mpcc_dro_four_way_intersection_o1_c1_m3_boost_0_s40,four_way_intersection_o1_c1_m3_boost_0_s40,boost_0,sh_mpcc_dro,77,40,57,0,0,58,0.0017889273757452546,constant_velocity,0.003984019429479033,0.4490257659158008,0,0,0.31092436974789917,0.31092436974789917,0.0
sh_mpcc_dro_four_way_intersection_o1_c1_m3_boost_0_s40,four_way_intersection_o1_c1_m3_boost_0_s40,boost_0,sh_mpcc_dro,77,40,57,0,0,58,0.0017889273757452546,turn_left,0.005190342156132705,0.344664633261514,0,0,0.3949579831932773,0.3949579831932773,0.0
sh_mpcc_dro_four_way_intersection_o1_c1_m3_boost_0_s40,four_way_intersection_o1_c1_m3_boost_0_s40,boost_0,sh_mpcc_dro,77,40,57,0,0,58,0.0017889273757452546,turn_right,0.006353544962733836,0.28156366032475605,0,0,0.29411764705882354,0.29411764705882354,0.0
sh_mpcc_dro_four_way_intersection_o1_c1_m3_boost_0_s40,four_way_intersection_o1_c1_m3_boost_0_s40,boost_0,sh_mpcc_dro,77,40,58,0,0,59,0.0017667013441333653,constant_velocity,0.00391816786866102,0.45089986017804573,0,0,0.32231404958677684,0.32231404958677684,0.0
sh_mpcc_dro_four_way_intersection_o1_c1_m3_boost_0_s40,four_way_intersection_o1_c1_m3_boost_0_s40,boost_0,sh_mpcc_dro,77,40,58,0,0,59,0.0017667013441333653,turn_left,0.005200116446659523,0.33974265043012025,0,0,0.3884297520661157,0.3884297520661157,0.0
sh_mpcc_dro_four_way_intersection_o1_c1_m3_boost_0_s40,four_way_intersection_o1_c1_m3_boost_0_s40,boost_0,sh_mpcc_dro,77,40,58,0,0,59,0.0017667013441333653,turn_right,0.006344092760589902,0.2784797465617589,0,0,0.2892561983471074,0.2892561983471074,0.0
sh_mpcc_dro_four_way_intersection_o1_c1_m3_boost_0_s40,four_way_intersection_o1_c1_m3_boost_0_s40,boost_0,sh_mpcc_dro,77,40,59,0,0,60,0.001753115634076764,constant_velocity,0.003948468988406768,0.44399883580804245,0,0,0.3170731707317073,0.3170731707317073,0.0
sh_mpcc_dro_four_way_intersection_o1_c1_m3_boost_0_s40,four_way_intersection_o1_c1_m3_boost_0_s40,boost_0,sh_mpcc_dro,77,40,59,0,0,60,0.001753115634076764,turn_left,0.005303124219864998,0.3305816649570002,0,0,0.3821138211382114,0.3821138211382114,0.0
sh_mpcc_dro_four_way_intersection_o1_c1_m3_boost_0_s40,four_way_intersection_o1_c1_m3_boost_0_s40,boost_0,sh_mpcc_dro,77,40,59,0,0,60,0.001753115634076764,turn_right,0.006240936780742912,0.28090584725776946,0,0,0.3008130081300813,0.3008130081300813,0.0
sh_mpcc_dro_four_way_intersection_o1_c1_m3_boost_0_s40,four_way_intersection_o1_c1_m3_boost_0_s40,boost_0,sh_mpcc_dro,77,40,6,0,0,7,0.004342340114307695,constant_velocity,0.0034009921958965787,1.276786262416858,0,1,0.4117647058823529,0.0,0.0731552268077135
sh_mpcc_dro_four_way_intersection_o1_c1_m3_boost_0_s40,four_way_intersection_o1_c1_m3_boost_0_s40,boost_0,sh_mpcc_dro,77,40,6,0,0,7,0.004342340114307695,turn_left,0.0057733693897147045,0.752132735875796,0,0,0.29411764705882354,0.12405873879545229,0.06124486025635428
sh_mpcc_dro_four_way_intersection_o1_c1_m3_boost_0_s40,four_way_intersection_o1_c1_m3_boost_0_s40,boost_0,sh_mpcc_dro,77,40,6,0,0,7,0.004342340114307695,turn_right,0.0057733693897147045,0.752132735875796,0,0,0.29411764705882354,0.8759412612045476,0.08559929009896872
sh_mpcc_dro_four_way_intersection_o1_c1_m3_boost_0_s40,four_way_intersection_o1_c1_m3_boost_0_s40,boost_0,sh_mpcc_dro,77,40,7,0,0,8,0.004413554698114876,constant_velocity,0.0036515916208573786,1.2086660164584866,0,1,0.3684210526315789,0.0,0.015621837473772798
sh_mpcc_dro_four_way_intersection_o1_c1_m3_boost_0_s40,four_way_intersection_o1_c1_m3_boost_0_s40,boost_0,sh_mpcc_dro,77,40,7,0,0,8,0.004413554698114876,turn_left,0.006379866769618013,0.6917941796422705,0,0,0.2631578947368421,0.06520029792769719,0.0025772834845924075
sh_mpcc_dro_four_way_intersection_o1_c1_m3_boost_0_s40,four_way_intersection_o1_c1_m3_boost_0_s40,boost_0,sh_mpcc_dro,77,40,7,0,0,8,0.004413554698114876,turn_right,0.0051656462960605245,0.8544051305798432,0,0,0.3684210526315789,0.9347997020723029,0.028843141112267878
sh_mpcc_dro_four_way_intersection_o1_c1_m3_boost_0_s40,four_way_intersection_o1_c1_m3_boost_0_s40,boost_0,sh_mpcc_dro,77,40,8,0,0,9,0.004089061926173503,constant_velocity,0.00385445782201616,1.0608656560767937,0,1,0.3333333333333333,0.2911258534328937,0.046086611015074525
sh_mpcc_dro_four_way_intersection_o1_c1_m3_boost_0_s40,four_way_intersection_o1_c1_m3_boost_0_s40,boost_0,sh_mpcc_dro,77,40,8,0,0,9,0.004089061926173503,turn_left,0.005772260410606727,0.7083987268938372,0,0,0.3333333333333333,0.0,0.032202816599463946
sh_mpcc_dro_four_way_intersection_o1_c1_m3_boost_0_s40,four_way_intersection_o1_c1_m3_boost_0_s40,boost_0,sh_mpcc_dro,77,40,8,0,0,9,0.004089061926173503,turn_right,0.0057722604106069005,0.7083987268938159,0,0,0.3333333333333333,0.7088741465671062,0.05968062479936004
sh_mpcc_dro_four_way_intersection_o1_c1_m3_boost_0_s40,four_way_intersection_o1_c1_m3_boost_0_s40,boost_0,sh_mpcc_dro,77,40,9,0,0,10,0.004097738714248351,constant_velocity,0.004022042944712475,1.0188202290667703,0,1,0.30434782608695654,0.20281036704772104,0.018717273115300248
sh_mpcc_dro_four_way_intersection_o1_c1_m3_boost_0_s40,four_way_intersection_o1_c1_m3_boost_0_s40,boost_0,sh_mpcc_dro,77,40,9,0,0,10,0.004097738714248351,turn_left,0.006273376418275415,0.6531950963935369,0,0,0.30434782608695654,0.0,0.007970298244481366
sh_mpcc_dro_four_way_intersection_o1_c1_m3_boost_0_s40,four_way_intersection_o1_c1_m3_boost_0_s40,boost_0,sh_mpcc_dro,77,40,9,0,0,10,0.004097738714248351,turn_right,0.005270324722727924,0.777511620218983,0,0,0.391304347826087,0.797189632952279,0.0293247482009604
sh_mpcc_dro_four_way_intersection_o1_c1_m3_boost_0_s40,four_way_intersection_o1_c1_m3_boost_0_s40,boost_0,sh_mpcc_dro,78,40,0,0,0,1,0.012750532197405169,constant_velocity,0.005148107643063581,2.476741568250789,0,1,0.6,0.6,0.0
sh_mpcc_dro_four_way_intersection_o1_c1_m3_boost_0_s40,four_way_intersection_o1_c1_m3_boost_0_s40,boost_0,sh_mpcc_dro,78,40,0,0,0,1,0.012750532197405169,turn_left,0.012857784439968992,0.9916585751561968,0,0,0.2,0.2,0.0
sh_mpcc_dro_four_way_intersection_o1_c1_m3_boost_0_s40,four_way_intersection_o1_c1_m3_boost_0_s40,boost_0,sh_mpcc_dro,78,40,0,0,0,1,0.012750532197405169,turn_right,0.012857784439968992,0.9916585751561968,0,0,0.2,0.2,0.0
sh_mpcc_dro_four_way_intersection_o1_c1_m3_boost_0_s40,four_way_intersection_o1_c1_m3_boost_0_s40,boost_0,sh_mpcc_dro,78,40,1,0,0,2,0.01529236887253553,constant_velocity,0.00735443949009083,2.079338458510679,0,1,0.42857142857142855,0.42857142857142855,0.0
sh_mpcc_dro_four_way_intersection_o1_c1_m3_boost_0_s40,four_way_intersection_o1_c1_m3_boost_0_s40,boost_0,sh_mpcc_dro,78,40,1,0,0,2,0.01529236887253553,turn_left,0.009184131742834995,1.665085965743673,0,1,0.42857142857142855,0.42857142857142855,0.0
sh_mpcc_dro_four_way_intersection_o1_c1_m3_boost_0_s40,four_way_intersection_o1_c1_m3_boost_0_s40,boost_0,sh_mpcc_dro,78,40,1,0,0,2,0.01529236887253553,turn_right,0.01652073599336874,0.9256469493050271,0,0,0.14285714285714285,0.14285714285714285,0.0
sh_mpcc_dro_four_way_intersection_o1_c1_m3_boost_0_s40,four_way_intersection_o1_c1_m3_boost_0_s40,boost_0,sh_mpcc_dro,78,40,10,0,0,11,0.008085524523406227,constant_velocity,0.0072073507002888716,1.1218441920804767,0,1,0.44,0.44,0.0
sh_mpcc_dro_four_way_intersection_o1_c1_m3_boost_0_s40,four_way_intersection_o1_c1_m3_boost_0_s40,boost_0,sh_mpcc_dro,78,40,10,0,0,11,0.008085524523406227,turn_left,0.012852790572893071,0.6290870824938862,0,0,0.28,0.28,0.0
sh_mpcc_dro_four_way_intersection_o1_c1_m3_boost_0_s40,four_way_intersection_o1_c1_m3_boost_0_s40,boost_0,sh_mpcc_dro,78,40,10,0,0,11,0.008085524523406227,turn_right,0.012852790572892672,0.6290870824939058,0,0,0.28,0.28,0.0
sh_mpcc_dro_four_way_intersection_o1_c1_m3_boost_0_s40,four_way_intersection_o1_c1_m3_boost_0_s40,boost_0,sh_mpcc_dro,78,40,11,0,0,12,0.008134213410080528,constant_velocity,0.007626826137871972,1.0665266603743673,0,1,0.4074074074074074,0.0,0.007915630521241071
sh_mpcc_dro_four_way_intersection_o1_c1_m3_boost_0_s40,four_way_intersection_o1_c1_m3_boost_0_s40,boost_0,sh_mpcc_dro,78,40,11,0,0,12,0.008134213410080528,turn_left,0.013802814595409683,0.5893155597979033,0,0,0.25925925925925924,0.779243873138224,0.016321370196510115
sh_mpcc_dro_four_way_intersection_o1_c1_m3_boost_0_s40,four_way_intersection_o1_c1_m3_boost_0_s40,boost_0,sh_mpcc_dro,78,40,11,0,0,12,0.008134213410080528,turn_right,0.011900732011937972,0.6835053005076378,0,0,0.3333333333333333,0.2207561268617761,0.00021323896833928824
sh_mpcc_dro_four_way_intersection_o1_c1_m3_boost_0_s40,four_way_intersection_o1_c1_m3_boost_0_s40,boost_0,sh_mpcc_dro,78,40,12,0,0,13,0.008072376949049824,constant_velocity,0.007988442894408783,1.0105069355505798,0,1,0.3793103448275862,0.3793103448275862,0.01309620678272816
sh_mpcc_dro_four_way_intersection_o1_c1_m3_boost_0_s40,four_way_intersection_o1_c1_m3_boost_0_s40,boost_0,sh_mpcc_dro,78,40,12,0,0,13,0.008072376949049824,turn_left,0.0146218008217172,0.5520781637963658,0,0,0.2413793103448276,0.5557472843085931,0.02591152705957299
sh_mpcc_dro_four_way_intersection_o1_c1_m3_boost_0_s40,four_way_intersection_o1_c1_m3_boost_0_s40,boost_0,sh_mpcc_dro,78,40,12,0,0,13,0.008072376949049824,turn_right,0.011079991873183337,0.728554410638804,0,0,0.3793103448275862,0.06494237086382067,0.0003036737445253207
sh_mpcc_dro_four_way_intersection_o1_c1_m3_boost_0_s40,four_way_intersection_o1_c1_m3_boost_0_s40,boost_0,sh_mpcc_dro,78,40,13,0,0,14,0.007945703712361498,constant_velocity,0.00830339942429593,0.9569217746062166,0,0,0.3548387096774194,0.0,0.0
sh_mpcc_dro_four_way_intersection_o1_c1_m3_boost_0_s40,four_way_intersection_o1_c1_m3_boost_0_s40,boost_0,sh_mpcc_dro,78,40,13,0,0,14,0.007945703712361498,turn_left,0.015335111405920206,0.5181379842662255,0,0,0.22580645161290322,0.712229354491459,0.005266311317878136
sh_mpcc_dro_four_way_intersection_o1_c1_m3_boost_0_s40,four_way_intersection_o1_c1_m3_boost_0_s40,boost_0,sh_mpcc_dro,78,40,13,0,0,14,0.007945703712361498,turn_right,0.010365153687816776,0.7665784755030594,0,0,0.41935483870967744,0.28777064550854103,0.0
sh_mpcc_dro_four_way_intersection_o1_c1_m3_boost_0_s40,four_way_intersection_o1_c1_m3_boost_0_s40,boost_0,sh_mpcc_dro,78,40,14,0,0,15,0.007664276324351332,constant_velocity,0.008580179405105876,0.8932536212227088,0,0,0.3333333333333333,0.5247273219806143,0.04000882262790892
sh_mpcc_dro_four_way_intersection_o1_c1_m3_boost_0_s40,four_way_intersection_o1_c1_m3_boost_0_s40,boost_0,sh_mpcc_dro,78,40,14,0,0,15,0.007664276324351332,turn_left,0.014405710714652388,0.5320304201691219,0,0,0.2727272727272727,0.47527267801938583,0.05812495011658744
sh_mpcc_dro_four_way_intersection_o1_c1_m3_boost_0_s40,four_way_intersection_o1_c1_m3_boost_0_s40,boost_0,sh_mpcc_dro,78,40,14,0,0,15,0.007664276324351332,turn_right,0.011293211941698706,0.6786622232822883,0,0,0.3939393939393939,0.0,0.019267463330236295
sh_mpcc_dro_four_way_intersection_o1_c1_m3_boost_0_s40,four_way_intersection_o1_c1_m3_boost_0_s40,boost_0,sh_mpcc_dro,78,40,15,0,0,16,0.007545453100475661,constant_velocity,0.008825327388108815,0.8549771321392964,0,0,0.3142857142857143,0.0,0.008631023178021446
sh_mpcc_dro_four_way_intersection_o1_c1_m3_boost_0_s40,four_way_intersection_o1_c1_m3_boost_0_s40,boost_0,sh_mpcc_dro,78,40,15,0,0,16,0.007545453100475661,turn_left,0.01504984809535034,0.5013640704325005,0,0,0.2571428571428571,0.7077513271180571,0.019644631888359507
sh_mpcc_dro_four_way_intersection_o1_c1_m3_boost_0_s40,four_way_intersection_o1_c1_m3_boost_0_s40,boost_0,sh_mpcc_dro,78,40,15,0,0,16,0.007545453100475661,turn_right,0.01064788554503016,0.7086339413178102,0,0,0.42857142857142855,0.29224867288194284,0.0
sh_mpcc_dro_four_way_intersection_o1_c1_m3_boost_0_s40,four_way_intersection_o1_c1_m3_boost_0_s40,boost_0,sh_mpcc_dro,78,40,16,0,0,17,0.007401089492219074,constant_velocity,0.009043972886462952,0.8183449447639376,0,0,0.2972972972972973,0.0,0.11162472534202358
sh_mpcc_dro_four_way_intersection_o1_c1_m3_boost_0_s40,four_way_intersection_o1_c1_m3_boost_0_s40,boost_0,sh_mpcc_dro,78,40,16,0,0,17,0.007401089492219074,turn_left,0.015624349002459464,0.4736894632252551,0,0,0.24324324324324326,0.6797561055524239,0.13159227100704263
sh_mpcc_dro_four_way_intersection_o1_c1_m3_boost_0_s40,four_way_intersection_o1_c1_m3_boost_0_s40,boost_0,sh_mpcc_dro,78,40,16,0,0,17,0.007401089492219074,turn_right,0.010072324164217765,0.7347946086278346,0,0,0.4594594594594595,0.32024389444757595,0.09472168210423926
sh_mpcc_dro_four_way_intersection_o1_c1_m3_boost_0_s40,four_way_intersection_o1_c1_m3_boost_0_s40,boost_0,sh_mpcc_dro,78,40,17,0,0,18,0.007241882523923586,constant_velocity,0.00924019320549858,0.783737132207814,0,0,0.28205128205128205,0.0,0.12942815803159138
sh_mpcc_dro_four_way_intersection_o1_c1_m3_boost_0_s40,four_way_intersection_o1_c1_m3_boost_0_s40,boost_0,sh_mpcc_dro,78,40,17,0,0,18,0.007241882523923586,turn_left,0.016139926739608568,0.44869364283739116,0,0,0.23076923076923078,0.653477513503111,0.15093892947621107
sh_mpcc_dro_four_way_intersection_o1_c1_m3_boost_0_s40,four_way_intersection_o1_c1_m3_boost_0_s40,boost_0,sh_mpcc_dro,78,40,17,0,0,18,0.007241882523923586,turn_right,0.00955579471989888,0.7578524587644365,0,0,0.48717948717948717,0.3465224864968889,0.11081136504655814
sh_mpcc_dro_four_way_intersection_o1_c1_m3_boost_0_s40,four_way_intersection_o1_c1_m3_boost_0_s40,boost_0,sh_mpcc_dro,78,40,18,0,0,19,0.007060747784487816,constant_velocity,0.009417270078774577,0.7497658796472148,0,0,0.2682926829268293,0.0,0.11338716821974396
sh_mpcc_dro_four_way_intersection_o1_c1_m3_boost_0_s40,four_way_intersection_o1_c1_m3_boost_0_s40,boost_0,sh_mpcc_dro,78,40,18,0,0,19,0.007060747784487816,turn_left,0.01535261324011534,0.45990527306703455,0,0,0.2682926829268293,0.6770843383406893,0.13736818029075332
sh_mpcc_dro_four_way_intersection_o1_c1_m3_boost_0_s40,four_way_intersection_o1_c1_m3_boost_0_s40,boost_0,sh_mpcc_dro,78,40,18,0,0,19,0.007060747784487816,turn_right,0.0103422493617022,0.6827091029765799,0,0,0.4634146341463415,0.32291566165931074,0.09198510287977807
sh_mpcc_dro_four_way_intersection_o1_c1_m3_boost_0_s40,four_way_intersection_o1_c1_m3_boost_0_s40,boost_0,sh_mpcc_dro,78,40,19,0,0,20,0.006818682944547681,constant_velocity,0.008979257516971234,0.7593816005009365,0,0,0.3023255813953488,0.0,0.01791973660350879
sh_mpcc_dro_four_way_intersection_o1_c1_m3_boost_0_s40,four_way_intersection_o1_c1_m3_boost_0_s40,boost_0,sh_mpcc_dro,78,40,19,0,0,20,0.006818682944547681,turn_left,0.015237155373489634,0.4475036696423774,0,0,0.2558139534883721,0.6721537983099479,0.045393897355073654
sh_mpcc_dro_four_way_intersection_o1_c1_m3_boost_0_s40,four_way_intersection_o1_c1_m3_boost_0_s40,boost_0,sh_mpcc_dro,78,40,19,0,0,20,0.006818682944547681,turn_right,0.010459831675467681,0.6518922250479526,0,0,0.4418604651162791,0.3278462016900521,0.0
sh_mpcc_dro_four_way_intersection_o1_c1_m3_boost_0_s40,four_way_intersection_o1_c1_m3_boost_0_s40,boost_0,sh_mpcc_dro,78,40,2,0,0,3,0.012122990211159812,constant_velocity,0.008580179405105796,1.4129063786178877,0,1,0.3333333333333333,0.3333333333333333,0.0
sh_mpcc_dro_four_way_intersection_o1_c1_m3_boost_0_s40,four_way_intersection_o1_c1_m3_boost_0_s40,boost_0,sh_mpcc_dro,78,40,2,0,0,3,0.012122990211159812,turn_left,0.012849461328175419,0.9434629126885926,0,0,0.3333333333333333,0.3333333333333333,0.0
sh_mpcc_dro_four_way_intersection_o1_c1_m3_boost_0_s40,four_way_intersection_o1_c1_m3_boost_0_s40,boost_0,sh_mpcc_dro,78,40,2,0,0,3,0.012122990211159812,turn_right,0.012849461328175722,0.9434629126885703,0,0,0.3333333333333333,0.3333333333333333,0.0
sh_mpcc_dro_four_way_intersection_o1_c1_m3_boost_0_s40,four_way_intersection_o1_c1_m3_boost_0_s40,boost_0,sh_mpcc_dro,78,40,20,0,0,21,0.006650123902329364,constant_velocity,0.009152191365446236,0.7266154778446464,0,0,0.28888888888888886,0.0,0.09535146039002482
sh_mpcc_dro_four_way_intersection_o1_c1_m3_boost_0_s40,four_way_intersection_o1_c1_m3_boost_0_s40,boost_0,sh_mpcc_dro,78,40,20,0,0,21,0.006650123902329364,turn_left,0.014559948468001207,0.4567408955426265,0,0,0.28888888888888886,0.6919624122097293,0.12498153890118219
sh_mpcc_dro_four_way_intersection_o1_c1_m3_boost_0_s40,four_way_intersection_o1_c1_m3_boost_0_s40,boost_0,sh_mpcc_dro,78,40,20,0,0,21,0.006650123902329364,turn_right,0.011136199817752133,0.5971627674755307,0,0,0.4222222222222222,0.3080375877902706,0.06679142388620135
sh_mpcc_dro_four_way_intersection_o1_c1_m3_boost_0_s40,four_way_intersection_o1_c1_m3_boost_0_s40,boost_0,sh_mpcc_dro,78,40,21,0,0,22,0.006440672503374335,constant_velocity,0.008762736413725151,0.735006988603041,0,0,0.3191489361702128,0.0,0.008866121856760917
sh_mpcc_dro_four_way_intersection_o1_c1_m3_boost_0_s40,four_way_intersection_o1_c1_m3_boost_0_s40,boost_0,sh_mpcc_dro,78,40,21,0,0,22,0.006440672503374335,turn_left,0.014488047218624917,0.44455076700016644,0,0,0.2765957446808511,0.6866057047474277,0.03673462149414425
sh_mpcc_dro_four_way_intersection_o1_c1_m3_boost_0_s40,four_way_intersection_o1_c1_m3_boost_0_s40,boost_0,sh_mpcc_dro,78,40,21,0,0,22,0.006440672503374335,turn_right,0.01120999000030136,0.5745475690166708,0,0,0.40425531914893614,0.31339429525257223,0.0
sh_mpcc_dro_four_way_intersection_o1_c1_m3_boost_0_s40,four_way_intersection_o1_c1_m3_boost_0_s40,boost_0,sh_mpcc_dro,78,40,22,0,0,23,0.0063522485310133735,constant_velocity,0.008930390809395913,0.7113068920040986,0,0,0.30612244897959184,0.0,0.008619207166444959
sh_mpcc_dro_four_way_intersection_o1_c1_m3_boost_0_s40,four_way_intersection_o1_c1_m3_boost_0_s40,boost_0,sh_mpcc_dro,78,40,22,0,0,23,0.0063522485310133735,turn_left,0.014944784674063401,0.42504784575703314,0,0,0.2653061224489796,0.6653751186855763,0.031091037140813044
sh_mpcc_dro_four_way_intersection_o1_c1_m3_boost_0_s40,four_way_intersection_o1_c1_m3_boost_0_s40,boost_0,sh_mpcc_dro,78,40,22,0,0,23,0.0063522485310133735,turn_right,0.01075243938804416,0.5907727820420506,0,0,0.42857142857142855,0.3346248813144235,0.0
sh_mpcc_dro_four_way_intersection_o1_c1_m3_boost_0_s40,four_way_intersection_o1_c1_m3_boost_0_s40,boost_0,sh_mpcc_dro,78,40,23,0,0,24,0.006164054603059044,constant_velocity,0.008580179405105845,0.718406260758484,0,0,0.3333333333333333,0.0,0.022303360535042144
sh_mpcc_dro_four_way_intersection_o1_c1_m3_boost_0_s40,four_way_intersection_o1_c1_m3_boost_0_s40,boost_0,sh_mpcc_dro,78,40,23,0,0,24,0.006164054603059044,turn_left,0.014863431122439711,0.4147127639830758,0,0,0.2549019607843137,0.6612143624601705,0.04352026576210696
sh_mpcc_dro_four_way_intersection_o1_c1_m3_boost_0_s40,four_way_intersection_o1_c1_m3_boost_0_s40,boost_0,sh_mpcc_dro,78,40,23,0,0,24,0.006164054603059044,turn_right,0.010835491533911392,0.5688763249703677,0,0,0.4117647058823529,0.3387856375398296,0.004347638112503924
sh_mpcc_dro_four_way_intersection_o1_c1_m3_boost_0_s40,four_way_intersection_o1_c1_m3_boost_0_s40,boost_0,sh_mpcc_dro,78,40,24,0,0,25,0.0060409331970621765,constant_velocity,0.008742069582560675,0.6910186586838746,0,0,0.32075471698113206,0.32075471698113206,0.0
sh_mpcc_dro_four_way_intersection_o1_c1_m3_boost_0_s40,four_way_intersection_o1_c1_m3_boost_0_s40,boost_0,sh_mpcc_dro,78,40,24,0,0,25,0.0060409331970621765,turn_left,0.014302546929140101,0.4223676543059852,0,0,0.2830188679245283,0.2830188679245283,0.0
sh_mpcc_dro_four_way_intersection_o1_c1_m3_boost_0_s40,four_way_intersection_o1_c1_m3_boost_0_s40,boost_0,sh_mpcc_dro,78,40,24,0,0,25,0.0060409331970621765,turn_right,0.011395590527985222,0.5301114656784911,0,0,0.39622641509433965,0.39622641509433965,0.0
sh_mpcc_dro_four_way_intersection_o1_c1_m3_boost_0_s40,four_way_intersection_o1_c1_m3_boost_0_s40,boost_0,sh_mpcc_dro,78,40,25,0,0,26,0.005968165508206055,constant_velocity,0.008892185928927909,0.6711696714292174,0,0,0.3090909090909091,0.0,0.0
sh_mpcc_dro_four_way_intersection_o1_c1_m3_boost_0_s40,four_way_intersection_o1_c1_m3_boost_0_s40,boost_0,sh_mpcc_dro,78,40,25,0,0,26,0.005968165508206055,turn_left,0.014716203945421091,0.4055506114444027,0,0,0.2727272727272727,0.6593192888510782,0.007276587132353171
sh_mpcc_dro_four_way_intersection_o1_c1_m3_boost_0_s40,four_way_intersection_o1_c1_m3_boost_0_s40,boost_0,sh_mpcc_dro,78,40,25,0,0,26,0.005968165508206055,turn_right,0.010981205417876673,0.5434891053481503,0,0,0.41818181818181815,0.3406807111489216,0.0
sh_mpcc_dro_four_way_intersection_o1_c1_m3_boost_0_s40,four_way_intersection_o1_c1_m3_boost_0_s40,boost_0,sh_mpcc_dro,78,40,26,0,0,27,0.005888522971455691,constant_velocity,0.009031767794848256,0.6519790040233895,0,0,0.2982456140350877,0.2982456140350877,0.0
sh_mpcc_dro_four_way_intersection_o1_c1_m3_boost_0_s40,four_way_intersection_o1_c1_m3_boost_0_s40,boost_0,sh_mpcc_dro,78,40,26,0,0,27,0.005888522971455691,turn_left,0.015100832399156083,0.3899469125811087,0,0,0.2631578947368421,0.2631578947368421,0.0
sh_mpcc_dro_four_way_intersection_o1_c1_m3_boost_0_s40,four_way_intersection_o1_c1_m3_boost_0_s40,boost_0,sh_mpcc_dro,78,40,26,0,0,27,0.005888522971455691,turn_right,0.010595899964617838,0.555735991385237,0,0,0.43859649122807015,0.43859649122807015,0.0
sh_mpcc_dro_four_way_intersection_o1_c1_m3_boost_0_s40,four_way_intersection_o1_c1_m3_boost_0_s40,boost_0,sh_mpcc_dro,78,40,27,0,0,28,0.005804185590720001,constant_velocity,0.009161886483417968,0.6335142441706688,0,0,0.288135593220339,0.288135593220339,0.0
sh_mpcc_dro_four_way_intersection_o1_c1_m3_boost_0_s40,four_way_intersection_o1_c1_m3_boost_0_s40,boost_0,sh_mpcc_dro,78,40,27,0,0,28,0.005804185590720001,turn_left,0.01545938434755289,0.3754473955904176,0,0,0.2542372881355932,0.2542372881355932,0.0
sh_mpcc_dro_four_way_intersection_o1_c1_m3_boost_0_s40,four_way_intersection_o1_c1_m3_boost_0_s40,boost_0,sh_mpcc_dro,78,40,27,0,0,28,0.005804185590720001,turn_right,0.010236716914969702,0.5669967860723224,0,0,0.4576271186440678,0.4576271186440678,0.0
sh_mpcc_dro_four_way_intersection_o1_c1_m3_boost_0_s40,four_way_intersection_o1_c1_m3_boost_0_s40,boost_0,sh_mpcc_dro,78,40,28,0,0,29,0.005661725369971427,constant_velocity,0.008861496762650387,0.6389129874576697,0,0,0.3114754098360656,0.3114754098360656,0.0
sh_mpcc_dro_four_way_intersection_o1_c1_m3_boost_0_s40,four_way_intersection_o1_c1_m3_boost_0_s40,boost_0,sh_mpcc_dro,78,40,28,0,0,29,0.005661725369971427,turn_left,0.015374495323294038,0.36825438825255585,0,0,0.2459016393442623,0.2459016393442623,0.0
sh_mpcc_dro_four_way_intersection_o1_c1_m3_boost_0_s40,four_way_intersection_o1_c1_m3_boost_0_s40,boost_0,sh_mpcc_dro,78,40,28,0,0,29,0.005661725369971427,turn_right,0.010323062888500715,0.548454022911965,0,0,0.4426229508196721,0.4426229508196721,0.0
sh_mpcc_dro_four_way_intersection_o1_c1_m3_boost_0_s40,four_way_intersection_o1_c1_m3_boost_0_s40,boost_0,sh_mpcc_dro,78,40,29,0,0,30,0.005581869130057129,constant_velocity,0.008988759376777653,0.6209832632162585,0,0,0.30158730158730157,0.0,0.09018930516047421
sh_mpcc_dro_four_way_intersection_o1_c1_m3_boost_0_s40,four_way_intersection_o1_c1_m3_boost_0_s40,boost_0,sh_mpcc_dro,78,40,29,0,0,30,0.005581869130057129,turn_left,0.015701594356740824,0.35549696439971945,0,0,0.23809523809523808,0.6059007728873401,0.11514575391955845
sh_mpcc_dro_four_way_intersection_o1_c1_m3_boost_0_s40,four_way_intersection_o1_c1_m3_boost_0_s40,boost_0,sh_mpcc_dro,78,40,29,0,0,30,0.005581869130057129,turn_right,0.009995346606326087,0.5584467802771688,0,0,0.4603174603174603,0.3940992271126598,0.06766207722629292
sh_mpcc_dro_four_way_intersection_o1_c1_m3_boost_0_s40,four_way_intersection_o1_c1_m3_boost_0_s40,boost_0,sh_mpcc_dro,78,40,3,0,0,4,0.01112446967510914,constant_velocity,0.0070201467859957924,1.5846491553853113,0,1,0.45454545454545453,0.0,0.0009634568488819661
sh_mpcc_dro_four_way_intersection_o1_c1_m3_boost_0_s40,four_way_intersection_o1_c1_m3_boost_0_s40,boost_0,sh_mpcc_dro,78,40,3,0,0,4,0.01112446967510914,turn_left,0.012853244560809007,0.865498950282865,0,0,0.2727272727272727,0.9326751635005255,0.011657716019329523
sh_mpcc_dro_four_way_intersection_o1_c1_m3_boost_0_s40,four_way_intersection_o1_c1_m3_boost_0_s40,boost_0,sh_mpcc_dro,78,40,3,0,0,4,0.01112446967510914,turn_right,0.012853244560809007,0.865498950282865,0,0,0.2727272727272727,0.06732483649947445,0.0
sh_mpcc_dro_four_way_intersection_o1_c1_m3_boost_0_s40,four_way_intersection_o1_c1_m3_boost_0_s40,boost_0,sh_mpcc_dro,78,40,30,0,0,31,0.005451955642414697,constant_velocity,0.008712182165184532,0.625785312915254,0,0,0.3230769230769231,0.0,0.07252795231469059
sh_mpcc_dro_four_way_intersection_o1_c1_m3_boost_0_s40,four_way_intersection_o1_c1_m3_boost_0_s40,boost_0,sh_mpcc_dro,78,40,30,0,0,31,0.005451955642414697,turn_left,0.015614476656768878,0.34916031848248164,0,0,0.23076923076923078,0.6042341479082186,0.1001955475522528
sh_mpcc_dro_four_way_intersection_o1_c1_m3_boost_0_s40,four_way_intersection_o1_c1_m3_boost_0_s40,boost_0,sh_mpcc_dro,78,40,30,0,0,31,0.005451955642414697,turn_right,0.010083805760213315,0.5406644844276894,0,0,0.4461538461538462,0.39576585209178144,0.046694653101371275
sh_mpcc_dro_four_way_intersection_o1_c1_m3_boost_0_s40,four_way_intersection_o1_c1_m3_boost_0_s40,boost_0,sh_mpcc_dro,78,40,31,0,0,32,0.005376707037489833,constant_velocity,0.008836304163467368,0.6084791716110428,0,0,0.31343283582089554,0.0,0.10285781646601336
sh_mpcc_dro_four_way_intersection_o1_c1_m3_boost_0_s40,four_way_intersection_o1_c1_m3_boost_0_s40,boost_0,sh_mpcc_dro,78,40,31,0,0,32,0.005376707037489833,turn_left,0.015914883767816603,0.3378414266752433,0,0,0.22388059701492538,0.5896047361397168,0.13241412476652037
sh_mpcc_dro_four_way_intersection_o1_c1_m3_boost_0_s40,four_way_intersection_o1_c1_m3_boost_0_s40,boost_0,sh_mpcc_dro,78,40,31,0,0,32,0.005376707037489833,turn_right,0.009782796633042767,0.5496083828758385,0,0,0.4626865671641791,0.41039526386028324,0.07441141892406328
sh_mpcc_dro_four_way_intersection_o1_c1_m3_boost_0_s40,four_way_intersection_o1_c1_m3_boost_0_s40,boost_0,sh_mpcc_dro,78,40,32,0,0,33,0.005316651904121193,constant_velocity,0.008953230683588633,0.5938249657597534,0,0,0.30434782608695654,0.0,0.016413053353006996
sh_mpcc_dro_four_way_intersection_o1_c1_m3_boost_0_s40,four_way_intersection_o1_c1_m3_boost_0_s40,boost_0,sh_mpcc_dro,78,40,32,0,0,33,0.005316651904121193,turn_left,0.015453582789039163,0.3440400829179988,0,0,0.2463768115942029,0.6052307214323563,0.04686234444156334
sh_mpcc_dro_four_way_intersection_o1_c1_m3_boost_0_s40,four_way_intersection_o1_c1_m3_boost_0_s40,boost_0,sh_mpcc_dro,78,40,32,0,0,33,0.005316651904121193,turn_right,0.010243530495182368,0.5190253405914754,0,0,0.4492753623188406,0.39476927856764377,0.0
sh_mpcc_dro_four_way_intersection_o1_c1_m3_boost_0_s40,four_way_intersection_o1_c1_m3_boost_0_s40,boost_0,sh_mpcc_dro,78,40,33,0,0,34,0.005250755037144159,constant_velocity,0.009063569794125986,0.5793252720961142,0,0,0.29577464788732394,0.7037501916169614,0.03279138702091702
sh_mpcc_dro_four_way_intersection_o1_c1_m3_boost_0_s40,four_way_intersection_o1_c1_m3_boost_0_s40,boost_0,sh_mpcc_dro,78,40,33,0,0,34,0.005250755037144159,turn_left,0.015018270597798766,0.3496244792601995,0,0,0.2676056338028169,0.26760563380281693,0.06322738552636858
sh_mpcc_dro_four_way_intersection_o1_c1_m3_boost_0_s40,four_way_intersection_o1_c1_m3_boost_0_s40,boost_0,sh_mpcc_dro,78,40,33,0,0,34,0.005250755037144159,turn_right,0.010678307520018818,0.4917216541385863,0,0,0.43661971830985913,0.028644174580221782,0.0017212812189849047
sh_mpcc_dro_four_way_intersection_o1_c1_m3_boost_0_s40,four_way_intersection_o1_c1_m3_boost_0_s40,boost_0,sh_mpcc_dro,78,40,34,0,0,35,0.005180915630824991,constant_velocity,0.009167862926003561,0.5651170477396575,0,0,0.2876712328767123,0.6902203627734408,0.04634395434637831
sh_mpcc_dro_four_way_intersection_o1_c1_m3_boost_0_s40,four_way_intersection_o1_c1_m3_boost_0_s40,boost_0,sh_mpcc_dro,78,40,34,0,0,35,0.005180915630824991,turn_left,0.01460681112936608,0.35469176570710115,0,0,0.2876712328767123,0.2876712328767123,0.07549654178206039
sh_mpcc_dro_four_way_intersection_o1_c1_m3_boost_0_s40,four_way_intersection_o1_c1_m3_boost_0_s40,boost_0,sh_mpcc_dro,78,40,34,0,0,35,0.005180915630824991,turn_right,0.01108926114623382,0.46720115637141024,0,0,0.4246575342465753,0.022108404349846844,0.015469987038844446
sh_mpcc_dro_four_way_intersection_o1_c1_m3_boost_0_s40,four_way_intersection_o1_c1_m3_boost_0_s40,boost_0,sh_mpcc_dro,78,40,35,0,0,36,0.005078332436210076,constant_velocity,0.008923386581309938,0.5691037130282645,0,0,0.30666666666666664,0.0,0.0
sh_mpcc_dro_four_way_intersection_o1_c1_m3_boost_0_s40,four_way_intersection_o1_c1_m3_boost_0_s40,boost_0,sh_mpcc_dro,78,40,35,0,0,36,0.005078332436210076,turn_left,0.014560503342120557,0.3487745112162091,0,0,0.28,0.630729477168413,0.008491232137961102
sh_mpcc_dro_four_way_intersection_o1_c1_m3_boost_0_s40,four_way_intersection_o1_c1_m3_boost_0_s40,boost_0,sh_mpcc_dro,78,40,35,0,0,36,0.005078332436210076,turn_right,0.011136754691871607,0.45599751244557835,0,0,0.41333333333333333,0.369270522831587,0.0
sh_mpcc_dro_four_way_intersection_o1_c1_m3_boost_0_s40,four_way_intersection_o1_c1_m3_boost_0_s40,boost_0,sh_mpcc_dro,78,40,36,0,0,37,0.004979013893812767,constant_velocity,0.008691610306470718,0.5728528682545739,0,0,0.3246753246753247,0.0,0.014145628988352948
sh_mpcc_dro_four_way_intersection_o1_c1_m3_boost_0_s40,four_way_intersection_o1_c1_m3_boost_0_s40,boost_0,sh_mpcc_dro,78,40,36,0,0,37,0.004979013893812767,turn_left,0.01451660115421245,0.3429875795938603,0,0,0.2727272727272727,0.6285713610156137,0.03086608039469725
sh_mpcc_dro_four_way_intersection_o1_c1_m3_boost_0_s40,four_way_intersection_o1_c1_m3_boost_0_s40,boost_0,sh_mpcc_dro,78,40,36,0,0,37,0.004979013893812767,turn_right,0.011181781040333606,0.4452791443378343,0,0,0.4025974025974026,0.3714286389843862,0.0
sh_mpcc_dro_four_way_intersection_o1_c1_m3_boost_0_s40,four_way_intersection_o1_c1_m3_boost_0_s40,boost_0,sh_mpcc_dro,78,40,37,0,0,38,0.004882889650553299,constant_velocity,0.008471569539218295,0.576385477088802,0,0,0.34177215189873417,0.0,0.0
sh_mpcc_dro_four_way_intersection_o1_c1_m3_boost_0_s40,four_way_intersection_o1_c1_m3_boost_0_s40,boost_0,sh_mpcc_dro,78,40,37,0,0,38,0.004882889650553299,turn_left,0.014474921861894625,0.3373344393248543,0,0,0.26582278481012656,0.6264510748807975,0.007755408745668255
sh_mpcc_dro_four_way_intersection_o1_c1_m3_boost_0_s40,four_way_intersection_o1_c1_m3_boost_0_s40,boost_0,sh_mpcc_dro,78,40,37,0,0,38,0.004882889650553299,turn_right,0.011224527573683609,0.4350196138322512,0,0,0.3924050632911392,0.3735489251192026,0.0
sh_mpcc_dro_four_way_intersection_o1_c1_m3_boost_0_s40,four_way_intersection_o1_c1_m3_boost_0_s40,boost_0,sh_mpcc_dro,78,40,38,0,0,39,0.004824906502068393,constant_velocity,0.008580179405105704,0.5623316569811225,0,0,0.3333333333333333,0.0,0.011113099714395891
sh_mpcc_dro_four_way_intersection_o1_c1_m3_boost_0_s40,four_way_intersection_o1_c1_m3_boost_0_s40,boost_0,sh_mpcc_dro,78,40,38,0,0,39,0.004824906502068393,turn_left,0.014117516383823152,0.34176737401184193,0,0,0.2839506172839506,0.6381116789018622,0.023855615391359483
sh_mpcc_dro_four_way_intersection_o1_c1_m3_boost_0_s40,four_way_intersection_o1_c1_m3_boost_0_s40,boost_0,sh_mpcc_dro,78,40,38,0,0,39,0.004824906502068393,turn_right,0.011581406272527659,0.4166079997999544,0,0,0.38271604938271603,0.36188832109813773,0.0
sh_mpcc_dro_four_way_intersection_o1_c1_m3_boost_0_s40,four_way_intersection_o1_c1_m3_boost_0_s40,boost_0,sh_mpcc_dro,78,40,39,0,0,40,0.004764862141552697,constant_velocity,0.008683555060589052,0.5487225114951331,0,0,0.3253012048192771,0.6955236222135848,0.009594583782963587
sh_mpcc_dro_four_way_intersection_o1_c1_m3_boost_0_s40,four_way_intersection_o1_c1_m3_boost_0_s40,boost_0,sh_mpcc_dro,78,40,39,0,0,40,0.004764862141552697,turn_left,0.01377733526614087,0.3458478762045376,0,0,0.30120481927710846,0.30120481927710846,0.016648129824272134
sh_mpcc_dro_four_way_intersection_o1_c1_m3_boost_0_s40,four_way_intersection_o1_c1_m3_boost_0_s40,boost_0,sh_mpcc_dro,78,40,39,0,0,40,0.004764862141552697,turn_right,0.011921085997933529,0.3997003412590654,0,0,0.37349397590361444,0.003271558509306771,0.0020661479600082994
sh_mpcc_dro_four_way_intersection_o1_c1_m3_boost_0_s40,four_way_intersection_o1_c1_m3_boost_0_s40,boost_0,sh_mpcc_dro,78,40,4,0,0,5,0.011721426715036343,constant_velocity,0.007920165604713203,1.479947175354648,0,1,0.38461538461538464,0.0,0.17428096065404083
sh_mpcc_dro_four_way_intersection_o1_c1_m3_boost_0_s40,four_way_intersection_o1_c1_m3_boost_0_s40,boost_0,sh_mpcc_dro,78,40,4,0,0,5,0.011721426715036343,turn_left,0.014826301532510409,0.7905833217632972,0,0,0.23076923076923078,0.8790847835846758,0.18654471236927606
sh_mpcc_dro_four_way_intersection_o1_c1_m3_boost_0_s40,four_way_intersection_o1_c1_m3_boost_0_s40,boost_0,sh_mpcc_dro,78,40,4,0,0,5,0.011721426715036343,turn_right,0.010875822320684545,1.0777508467330839,0,1,0.38461538461538464,0.12091521641532434,0.1655330817575485
sh_mpcc_dro_four_way_intersection_o1_c1_m3_boost_0_s40,four_way_intersection_o1_c1_m3_boost_0_s40,boost_0,sh_mpcc_dro,78,40,40,0,0,41,0.004680149487486842,constant_velocity,0.008479236117986986,0.5519541409583879,0,0,0.3411764705882353,0.3411764705882353,0.0
sh_mpcc_dro_four_way_intersection_o1_c1_m3_boost_0_s40,four_way_intersection_o1_c1_m3_boost_0_s40,boost_0,sh_mpcc_dro,78,40,40,0,0,41,0.004680149487486842,turn_left,0.0137559925330001,0.3402262305870945,0,0,0.29411764705882354,0.29411764705882354,0.0
sh_mpcc_dro_four_way_intersection_o1_c1_m3_boost_0_s40,four_way_intersection_o1_c1_m3_boost_0_s40,boost_0,sh_mpcc_dro,78,40,40,0,0,41,0.004680149487486842,turn_right,0.011943419718162365,0.39186008680325757,0,0,0.36470588235294116,0.36470588235294116,0.0
sh_mpcc_dro_four_way_intersection_o1_c1_m3_boost_0_s40,four_way_intersection_o1_c1_m3_boost_0_s40,boost_0,sh_mpcc_dro,78,40,41,0,0,42,0.004597949451847631,constant_velocity,0.0082843111497574,0.5550189229652822,0,0,0.3563218390804598,0.3563218390804598,0.0
sh_mpcc_dro_four_way_intersection_o1_c1_m3_boost_0_s40,four_way_intersection_o1_c1_m3_boost_0_s40,boost_0,sh_mpcc_dro,78,40,41,0,0,42,0.004597949451847631,turn_left,0.01373563107494628,0.334746137746395,0,0,0.28735632183908044,0.28735632183908044,0.0
sh_mpcc_dro_four_way_intersection_o1_c1_m3_boost_0_s40,four_way_intersection_o1_c1_m3_boost_0_s40,boost_0,sh_mpcc_dro,78,40,41,0,0,42,0.004597949451847631,turn_right,0.011964726600679524,0.3842920615993428,0,0,0.3563218390804598,0.3563218390804598,0.0
sh_mpcc_dro_four_way_intersection_o1_c1_m3_boost_0_s40,four_way_intersection_o1_c1_m3_boost_0_s40,boost_0,sh_mpcc_dro,78,40,42,0,0,43,0.0045442026182564805,constant_velocity,0.00838736638476642,0.5417913573574062,0,0,0.34831460674157305,0.34831460674157305,0.0
sh_mpcc_dro_four_way_intersection_o1_c1_m3_boost_0_s40,four_way_intersection_o1_c1_m3_boost_0_s40,boost_0,sh_mpcc_dro,78,40,42,0,0,43,0.0045442026182564805,turn_left,0.013426965208093555,0.3384385486839058,0,0,0.30337078651685395,0.30337078651685395,0.0
sh_mpcc_dro_four_way_intersection_o1_c1_m3_boost_0_s40,four_way_intersection_o1_c1_m3_boost_0_s40,boost_0,sh_mpcc_dro,78,40,42,0,0,43,0.0045442026182564805,turn_right,0.012272892629357914,0.37026337274281373,0,0,0.34831460674157305,0.34831460674157305,0.0
sh_mpcc_dro_four_way_intersection_o1_c1_m3_boost_0_s40,four_way_intersection_o1_c1_m3_boost_0_s40,boost_0,sh_mpcc_dro,78,40,43,0,0,44,0.004516969287785096,constant_velocity,0.0084858917193354,0.5322916479705986,0,0,0.34065934065934067,0.34065934065934067,0.0
sh_mpcc_dro_four_way_intersection_o1_c1_m3_boost_0_s40,four_way_intersection_o1_c1_m3_boost_0_s40,boost_0,sh_mpcc_dro,78,40,43,0,0,44,0.004516969287785096,turn_left,0.013696221244769838,0.32979675248090684,0,0,0.2967032967032967,0.2967032967032967,0.0
sh_mpcc_dro_four_way_intersection_o1_c1_m3_boost_0_s40,four_way_intersection_o1_c1_m3_boost_0_s40,boost_0,sh_mpcc_dro,78,40,43,0,0,44,0.004516969287785096,turn_right,0.012003158725415929,0.376315050989095,0,0,0.3626373626373626,0.3626373626373626,0.0
sh_mpcc_dro_four_way_intersection_o1_c1_m3_boost_0_s40,four_way_intersection_o1_c1_m3_boost_0_s40,boost_0,sh_mpcc_dro,78,40,44,0,0,45,0.004442812661045742,constant_velocity,0.008303399424296011,0.5350594899777953,0,0,0.3548387096774194,0.3548387096774194,0.0
sh_mpcc_dro_four_way_intersection_o1_c1_m3_boost_0_s40,four_way_intersection_o1_c1_m3_boost_0_s40,boost_0,sh_mpcc_dro,78,40,44,0,0,45,0.004442812661045742,turn_left,0.013678458833219137,0.3248035992370754,0,0,0.2903225806451613,0.2903225806451613,0.0
sh_mpcc_dro_four_way_intersection_o1_c1_m3_boost_0_s40,four_way_intersection_o1_c1_m3_boost_0_s40,boost_0,sh_mpcc_dro,78,40,44,0,0,45,0.004442812661045742,turn_right,0.012021806260517978,0.36956282315385747,0,0,0.3548387096774194,0.3548387096774194,0.0
sh_mpcc_dro_four_way_intersection_o1_c1_m3_boost_0_s40,four_way_intersection_o1_c1_m3_boost_0_s40,boost_0,sh_mpcc_dro,78,40,45,0,0,46,0.0044149489159938035,constant_velocity,0.008399544049208913,0.5256176871183398,0,0,0.3473684210526316,0.3473684210526316,0.0
sh_mpcc_dro_four_way_intersection_o1_c1_m3_boost_0_s40,four_way_intersection_o1_c1_m3_boost_0_s40,boost_0,sh_mpcc_dro,78,40,45,0,0,46,0.0044149489159938035,turn_left,0.01393108317098016,0.3169135423145405,0,0,0.28421052631578947,0.28421052631578947,0.0
sh_mpcc_dro_four_way_intersection_o1_c1_m3_boost_0_s40,four_way_intersection_o1_c1_m3_boost_0_s40,boost_0,sh_mpcc_dro,78,40,45,0,0,46,0.0044149489159938035,turn_right,0.01176871560240181,0.3751427993631507,0,0,0.3684210526315789,0.3684210526315789,0.0
sh_mpcc_dro_four_way_intersection_o1_c1_m3_boost_0_s40,four_way_intersection_o1_c1_m3_boost_0_s40,boost_0,sh_mpcc_dro,78,40,46,0,0,47,0.0043448779486888415,constant_velocity,0.008226357573967462,0.5281654620069433,0,0,0.36082474226804123,0.36082474226804123,0.0
sh_mpcc_dro_four_way_intersection_o1_c1_m3_boost_0_s40,four_way_intersection_o1_c1_m3_boost_0_s40,boost_0,sh_mpcc_dro,78,40,46,0,0,47,0.0043448779486888415,turn_left,0.013909210716066331,0.312374155326451,0,0,0.27835051546391754,0.27835051546391754,0.0
sh_mpcc_dro_four_way_intersection_o1_c1_m3_boost_0_s40,four_way_intersection_o1_c1_m3_boost_0_s40,boost_0,sh_mpcc_dro,78,40,46,0,0,47,0.0043448779486888415,turn_right,0.011791428045809162,0.36847767139053794,0,0,0.36082474226804123,0.36082474226804123,0.0
sh_mpcc_dro_four_way_intersection_o1_c1_m3_boost_0_s40,four_way_intersection_o1_c1_m3_boost_0_s40,boost_0,sh_mpcc_dro,78,40,47,0,0,48,0.0043167847758054404,constant_velocity,0.008320173968587488,0.5188334753700227,0,0,0.35353535353535354,0.35353535353535354,0.0
sh_mpcc_dro_four_way_intersection_o1_c1_m3_boost_0_s40,four_way_intersection_o1_c1_m3_boost_0_s40,boost_0,sh_mpcc_dro,78,40,47,0,0,48,0.0043167847758054404,turn_left,0.014146966355678485,0.3051385482423739,0,0,0.2727272727272727,0.2727272727272727,0.0
sh_mpcc_dro_four_way_intersection_o1_c1_m3_boost_0_s40,four_way_intersection_o1_c1_m3_boost_0_s40,boost_0,sh_mpcc_dro,78,40,47,0,0,48,0.0043167847758054404,turn_right,0.011553217378217056,0.3736435171681696,0,0,0.37373737373737376,0.37373737373737376,0.0
sh_mpcc_dro_four_way_intersection_o1_c1_m3_boost_0_s40,four_way_intersection_o1_c1_m3_boost_0_s40,boost_0,sh_mpcc_dro,78,40,48,0,0,49,0.004250534160455163,constant_velocity,0.008155418048417306,0.5211914502997244,0,0,0.36633663366336633,0.36633663366336633,0.0
sh_mpcc_dro_four_way_intersection_o1_c1_m3_boost_0_s40,four_way_intersection_o1_c1_m3_boost_0_s40,boost_0,sh_mpcc_dro,78,40,48,0,0,49,0.004250534160455163,turn_left,0.014121685222054115,0.30099340791260665,0,0,0.26732673267326734,0.26732673267326734,0.0
sh_mpcc_dro_four_way_intersection_o1_c1_m3_boost_0_s40,four_way_intersection_o1_c1_m3_boost_0_s40,boost_0,sh_mpcc_dro,78,40,48,0,0,49,0.004250534160455163,turn_right,0.011579297610483147,0.36708048306893887,0,0,0.36633663366336633,0.36633663366336633,0.0
sh_mpcc_dro_four_way_intersection_o1_c1_m3_boost_0_s40,four_way_intersection_o1_c1_m3_boost_0_s40,boost_0,sh_mpcc_dro,78,40,49,0,0,50,0.00422250068584577,constant_velocity,0.008246968554421991,0.5120064006527201,0,0,0.3592233009708738,0.3592233009708738,0.0
sh_mpcc_dro_four_way_intersection_o1_c1_m3_boost_0_s40,four_way_intersection_o1_c1_m3_boost_0_s40,boost_0,sh_mpcc_dro,78,40,49,0,0,50,0.00422250068584577,turn_left,0.014346081914380592,0.2943312823003688,0,0,0.2621359223300971,0.2621359223300971,0.0
sh_mpcc_dro_four_way_intersection_o1_c1_m3_boost_0_s40,four_way_intersection_o1_c1_m3_boost_0_s40,boost_0,sh_mpcc_dro,78,40,49,0,0,50,0.00422250068584577,turn_right,0.011354456880182502,0.37188046336373076,0,0,0.3786407766990291,0.3786407766990291,0.0
sh_mpcc_dro_four_way_intersection_o1_c1_m3_boost_0_s40,four_way_intersection_o1_c1_m3_boost_0_s40,boost_0,sh_mpcc_dro,78,40,5,0,0,6,0.010610334752314887,constant_velocity,0.0068641435240845775,1.5457623686168351,0,1,0.4666666666666667,0.4666666666666667,0.0
sh_mpcc_dro_four_way_intersection_o1_c1_m3_boost_0_s40,four_way_intersection_o1_c1_m3_boost_0_s40,boost_0,sh_mpcc_dro,78,40,5,0,0,6,0.010610334752314887,turn_left,0.014565497209196941,0.7284567495310296,0,0,0.2,0.2,0.0
sh_mpcc_dro_four_way_intersection_o1_c1_m3_boost_0_s40,four_way_intersection_o1_c1_m3_boost_0_s40,boost_0,sh_mpcc_dro,78,40,5,0,0,6,0.010610334752314887,turn_right,0.01114174855894745,0.95230427218663,0,0,0.3333333333333333,0.3333333333333333,0.0
sh_mpcc_dro_four_way_intersection_o1_c1_m3_boost_0_s40,four_way_intersection_o1_c1_m3_boost_0_s40,boost_0,sh_mpcc_dro,78,40,50,0,0,51,0.004192938936199615,constant_velocity,0.008335031422102875,0.503050165483571,0,0,0.3523809523809524,0.3523809523809524,0.0
sh_mpcc_dro_four_way_intersection_o1_c1_m3_boost_0_s40,four_way_intersection_o1_c1_m3_boost_0_s40,boost_0,sh_mpcc_dro,78,40,50,0,0,51,0.004192938936199615,turn_left,0.014561930161285076,0.28793840443948343,0,0,0.2571428571428571,0.2571428571428571,0.0
sh_mpcc_dro_four_way_intersection_o1_c1_m3_boost_0_s40,four_way_intersection_o1_c1_m3_boost_0_s40,boost_0,sh_mpcc_dro,78,40,50,0,0,51,0.004192938936199615,turn_right,0.011138181511036422,0.37644735202465346,0,0,0.3904761904761905,0.3904761904761905,0.0
sh_mpcc_dro_four_way_intersection_o1_c1_m3_boost_0_s40,four_way_intersection_o1_c1_m3_boost_0_s40,boost_0,sh_mpcc_dro,78,40,51,0,0,52,0.004132046411199975,constant_velocity,0.008179236442250498,0.5051873045087142,0,0,0.3644859813084112,0.3644859813084112,0.0
sh_mpcc_dro_four_way_intersection_o1_c1_m3_boost_0_s40,four_way_intersection_o1_c1_m3_boost_0_s40,boost_0,sh_mpcc_dro,78,40,51,0,0,52,0.004132046411199975,turn_left,0.014530310328506824,0.2843742712840322,0,0,0.2523364485981308,0.2523364485981308,0.0
sh_mpcc_dro_four_way_intersection_o1_c1_m3_boost_0_s40,four_way_intersection_o1_c1_m3_boost_0_s40,boost_0,sh_mpcc_dro,78,40,51,0,0,52,0.004132046411199975,turn_right,0.011170556980132236,0.369905137098281,0,0,0.38317757009345793,0.38317757009345793,0.0
sh_mpcc_dro_four_way_intersection_o1_c1_m3_boost_0_s40,four_way_intersection_o1_c1_m3_boost_0_s40,boost_0,sh_mpcc_dro,78,40,52,0,0,53,0.004103009675125097,constant_velocity,0.008265310436111215,0.49641325717168605,0,0,0.3577981651376147,0.3577981651376147,0.0
sh_mpcc_dro_four_way_intersection_o1_c1_m3_boost_0_s40,four_way_intersection_o1_c1_m3_boost_0_s40,boost_0,sh_mpcc_dro,78,40,52,0,0,53,0.004103009675125097,turn_left,0.014734857200953813,0.2784560188923651,0,0,0.24770642201834864,0.24770642201834864,0.0
sh_mpcc_dro_four_way_intersection_o1_c1_m3_boost_0_s40,four_way_intersection_o1_c1_m3_boost_0_s40,boost_0,sh_mpcc_dro,78,40,52,0,0,53,0.004103009675125097,turn_right,0.01096559263187293,0.37417126578267756,0,0,0.3944954128440367,0.3944954128440367,0.0
sh_mpcc_dro_four_way_intersection_o1_c1_m3_boost_0_s40,four_way_intersection_o1_c1_m3_boost_0_s40,boost_0,sh_mpcc_dro,78,40,53,0,0,54,0.004072936916910452,constant_velocity,0.008348282664427225,0.4878772174624128,0,0,0.35135135135135137,0.35135135135135137,0.0
sh_mpcc_dro_four_way_intersection_o1_c1_m3_boost_0_s40,four_way_intersection_o1_c1_m3_boost_0_s40,boost_0,sh_mpcc_dro,78,40,53,0,0,54,0.004072936916910452,turn_left,0.014932033014934119,0.2727650623888218,0,0,0.24324324324324326,0.24324324324324326,0.0
sh_mpcc_dro_four_way_intersection_o1_c1_m3_boost_0_s40,four_way_intersection_o1_c1_m3_boost_0_s40,boost_0,sh_mpcc_dro,78,40,53,0,0,54,0.004072936916910452,turn_right,0.010768014386253324,0.37824400774483086,0,0,0.40540540540540543,0.40540540540540543,0.0
sh_mpcc_dro_four_way_intersection_o1_c1_m3_boost_0_s40,four_way_intersection_o1_c1_m3_boost_0_s40,boost_0,sh_mpcc_dro,78,40,54,0,0,55,0.004042029053621799,constant_velocity,0.008428317822714342,0.4795771989908257,0,0,0.34513274336283184,0.34513274336283184,0.0
sh_mpcc_dro_four_way_intersection_o1_c1_m3_boost_0_s40,four_way_intersection_o1_c1_m3_boost_0_s40,boost_0,sh_mpcc_dro,78,40,54,0,0,55,0.004042029053621799,turn_left,0.015122229154083717,0.2672905569963711,0,0,0.23893805309734514,0.23893805309734514,0.0
sh_mpcc_dro_four_way_intersection_o1_c1_m3_boost_0_s40,four_way_intersection_o1_c1_m3_boost_0_s40,boost_0,sh_mpcc_dro,78,40,54,0,0,55,0.004042029053621799,turn_right,0.010577430060832699,0.38213715717101077,0,0,0.415929203539823,0.415929203539823,0.0
sh_mpcc_dro_four_way_intersection_o1_c1_m3_boost_0_s40,four_way_intersection_o1_c1_m3_boost_0_s40,boost_0,sh_mpcc_dro,78,40,55,0,0,56,0.004010458642587723,constant_velocity,0.008505569149409163,0.47150973346284636,0,0,0.3391304347826087,0.3391304347826087,0.0
sh_mpcc_dro_four_way_intersection_o1_c1_m3_boost_0_s40,four_way_intersection_o1_c1_m3_boost_0_s40,boost_0,sh_mpcc_dro,78,40,55,0,0,56,0.004010458642587723,turn_left,0.015305809775349432,0.2620219839035706,0,0,0.23478260869565218,0.23478260869565218,0.0
sh_mpcc_dro_four_way_intersection_o1_c1_m3_boost_0_s40,four_way_intersection_o1_c1_m3_boost_0_s40,boost_0,sh_mpcc_dro,78,40,55,0,0,56,0.004010458642587723,turn_right,0.010393474755427071,0.3858631244082848,0,0,0.4260869565217391,0.4260869565217391,0.0
sh_mpcc_dro_four_way_intersection_o1_c1_m3_boost_0_s40,four_way_intersection_o1_c1_m3_boost_0_s40,boost_0,sh_mpcc_dro,78,40,56,0,0,57,0.003987358517220329,constant_velocity,0.00858017940510572,0.4647173828145845,0,0,0.3333333333333333,0.3333333333333333,0.0
sh_mpcc_dro_four_way_intersection_o1_c1_m3_boost_0_s40,four_way_intersection_o1_c1_m3_boost_0_s40,boost_0,sh_mpcc_dro,78,40,56,0,0,57,0.003987358517220329,turn_left,0.01504417200141173,0.2650434013148852,0,0,0.24786324786324787,0.24786324786324787,0.0
sh_mpcc_dro_four_way_intersection_o1_c1_m3_boost_0_s40,four_way_intersection_o1_c1_m3_boost_0_s40,boost_0,sh_mpcc_dro,78,40,56,0,0,57,0.003987358517220329,turn_right,0.010654750654938882,0.3742329263587259,0,0,0.4188034188034188,0.4188034188034188,0.0
sh_mpcc_dro_four_way_intersection_o1_c1_m3_boost_0_s40,four_way_intersection_o1_c1_m3_boost_0_s40,boost_0,sh_mpcc_dro,78,40,57,0,0,58,0.0039359551421451425,constant_velocity,0.0084359747092216,0.4665679163123426,0,0,0.3445378151260504,0.3445378151260504,0.0
sh_mpcc_dro_four_way_intersection_o1_c1_m3_boost_0_s40,four_way_intersection_o1_c1_m3_boost_0_s40,boost_0,sh_mpcc_dro,78,40,57,0,0,58,0.0039359551421451425,turn_left,0.015007635818323543,0.26226350304553275,0,0,0.24369747899159663,0.24369747899159663,0.0
sh_mpcc_dro_four_way_intersection_o1_c1_m3_boost_0_s40,four_way_intersection_o1_c1_m3_boost_0_s40,boost_0,sh_mpcc_dro,78,40,57,0,0,58,0.0039359551421451425,turn_right,0.010691986259186267,0.3681219790909735,0,0,0.4117647058823529,0.4117647058823529,0.0
sh_mpcc_dro_four_way_intersection_o1_c1_m3_boost_0_s40,four_way_intersection_o1_c1_m3_boost_0_s40,boost_0,sh_mpcc_dro,78,40,58,0,0,59,0.003912408550939279,constant_velocity,0.008509268831509813,0.4597819893116591,0,0,0.33884297520661155,0.33884297520661155,0.0
sh_mpcc_dro_four_way_intersection_o1_c1_m3_boost_0_s40,four_way_intersection_o1_c1_m3_boost_0_s40,boost_0,sh_mpcc_dro,78,40,58,0,0,59,0.003912408550939279,turn_left,0.014759575722152904,0.26507594964718917,0,0,0.256198347107438,0.256198347107438,0.0
sh_mpcc_dro_four_way_intersection_o1_c1_m3_boost_0_s40,four_way_intersection_o1_c1_m3_boost_0_s40,boost_0,sh_mpcc_dro,78,40,58,0,0,59,0.003912408550939279,turn_right,0.010939690864437196,0.357634287789407,0,0,0.4049586776859504,0.4049586776859504,0.0
sh_mpcc_dro_four_way_intersection_o1_c1_m3_boost_0_s40,four_way_intersection_o1_c1_m3_boost_0_s40,boost_0,sh_mpcc_dro,78,40,59,0,0,60,0.003887352314919703,constant_velocity,0.008580179405105602,0.45306189199337127,0,0,0.3333333333333333,0.3333333333333333,0.0
sh_mpcc_dro_four_way_intersection_o1_c1_m3_boost_0_s40,four_way_intersection_o1_c1_m3_boost_0_s40,boost_0,sh_mpcc_dro,78,40,59,0,0,60,0.003887352314919703,turn_left,0.014519582620979774,0.26773168460798263,0,0,0.2682926829268293,0.2682926829268293,0.0
sh_mpcc_dro_four_way_intersection_o1_c1_m3_boost_0_s40,four_way_intersection_o1_c1_m3_boost_0_s40,boost_0,sh_mpcc_dro,78,40,59,0,0,60,0.003887352314919703,turn_right,0.011179340035370869,0.34772645814693137,0,0,0.3983739837398374,0.3983739837398374,0.0
sh_mpcc_dro_four_way_intersection_o1_c1_m3_boost_0_s40,four_way_intersection_o1_c1_m3_boost_0_s40,boost_0,sh_mpcc_dro,78,40,6,0,0,7,0.009666369246724623,constant_velocity,0.007570746533916881,1.2768052930340976,0,1,0.4117647058823529,0.0,0.15805601227980684
sh_mpcc_dro_four_way_intersection_o1_c1_m3_boost_0_s40,four_way_intersection_o1_c1_m3_boost_0_s40,boost_0,sh_mpcc_dro,78,40,6,0,0,7,0.009666369246724623,turn_left,0.012851909302232595,0.7521348789043671,0,0,0.29411764705882354,0.8759433832746948,0.18317503635392401
sh_mpcc_dro_four_way_intersection_o1_c1_m3_boost_0_s40,four_way_intersection_o1_c1_m3_boost_0_s40,boost_0,sh_mpcc_dro,78,40,6,0,0,7,0.009666369246724623,turn_right,0.012851909302232224,0.7521348789043889,0,0,0.29411764705882354,0.1240566167253052,0.1353105216959521
sh_mpcc_dro_four_way_intersection_o1_c1_m3_boost_0_s40,four_way_intersection_o1_c1_m3_boost_0_s40,boost_0,sh_mpcc_dro,78,40,7,0,0,8,0.008977324212566895,constant_velocity,0.006773825846136291,1.3252959873019843,0,1,0.47368421052631576,0.0,0.060225825178041564
sh_mpcc_dro_four_way_intersection_o1_c1_m3_boost_0_s40,four_way_intersection_o1_c1_m3_boost_0_s40,boost_0,sh_mpcc_dro,78,40,7,0,0,8,0.008977324212566895,turn_left,0.012853841913330059,0.6984156389271423,0,0,0.2631578947368421,0.8490341787412404,0.08881622303524855
sh_mpcc_dro_four_way_intersection_o1_c1_m3_boost_0_s40,four_way_intersection_o1_c1_m3_boost_0_s40,boost_0,sh_mpcc_dro,78,40,7,0,0,8,0.008977324212566895,turn_right,0.012853841913330059,0.6984156389271423,0,0,0.2631578947368421,0.15096582125875949,0.03317546150051187
sh_mpcc_dro_four_way_intersection_o1_c1_m3_boost_0_s40,four_way_intersection_o1_c1_m3_boost_0_s40,boost_0,sh_mpcc_dro,78,40,8,0,0,9,0.009141134882064857,constant_velocity,0.00735443949009083,1.2429410690483444,0,1,0.42857142857142855,0.0,0.056844846481967165
sh_mpcc_dro_four_way_intersection_o1_c1_m3_boost_0_s40,four_way_intersection_o1_c1_m3_boost_0_s40,boost_0,sh_mpcc_dro,78,40,8,0,0,9,0.009141134882064857,turn_left,0.014075201243190824,0.6494496756475915,0,0,0.23809523809523808,0.8078493540205018,0.08688064833675485
sh_mpcc_dro_four_way_intersection_o1_c1_m3_boost_0_s40,four_way_intersection_o1_c1_m3_boost_0_s40,boost_0,sh_mpcc_dro,78,40,8,0,0,9,0.009141134882064857,turn_right,0.011629666493012909,0.786018660772159,0,0,0.3333333333333333,0.1921506459794981,0.02761731705478715
sh_mpcc_dro_four_way_intersection_o1_c1_m3_boost_0_s40,four_way_intersection_o1_c1_m3_boost_0_s40,boost_0,sh_mpcc_dro,78,40,9,0,0,10,0.008532860932378384,constant_velocity,0.006714923012691455,1.2707310145255513,0,1,0.4782608695652174,0.4782608695652174,0.0
sh_mpcc_dro_four_way_intersection_o1_c1_m3_boost_0_s40,four_way_intersection_o1_c1_m3_boost_0_s40,boost_0,sh_mpcc_dro,78,40,9,0,0,10,0.008532860932378384,turn_left,0.013970424535753338,0.6107803603634913,0,0,0.21739130434782608,0.21739130434782608,0.0
sh_mpcc_dro_four_way_intersection_o1_c1_m3_boost_0_s40,four_way_intersection_o1_c1_m3_boost_0_s40,boost_0,sh_mpcc_dro,78,40,9,0,0,10,0.008532860932378384,turn_right,0.011737544981242642,0.7269715213883695,0,0,0.30434782608695654,0.30434782608695654,0.0
sh_mpcc_dro_four_way_intersection_o1_c1_m3_boost_15_s40,four_way_intersection_o1_c1_m3_boost_15_s40,boost_15,sh_mpcc_dro,77,40,0,0,0,1,0.007981268258392552,constant_velocity,0.004625349386419347,1.7255492702511595,0,1,0.2,0.2,0.0
sh_mpcc_dro_four_way_intersection_o1_c1_m3_boost_15_s40,four_way_intersection_o1_c1_m3_boost_15_s40,boost_15,sh_mpcc_dro,77,40,0,0,0,1,0.007981268258392552,turn_left,0.00807739404588252,0.9880994059539576,0,0,0.2,0.2,0.0
sh_mpcc_dro_four_way_intersection_o1_c1_m3_boost_15_s40,four_way_intersection_o1_c1_m3_boost_15_s40,boost_15,sh_mpcc_dro,77,40,0,0,0,1,0.007981268258392552,turn_right,0.0034633562463640645,2.304489544432955,0,1,0.6,0.6,0.0
sh_mpcc_dro_four_way_intersection_o1_c1_m3_boost_15_s40,four_way_intersection_o1_c1_m3_boost_15_s40,boost_15,sh_mpcc_dro,77,40,1,0,0,2,0.005721403731458466,constant_velocity,0.004955731485449349,1.1545023672604593,0,1,0.14285714285714285,0.14285714285714285,0.0
sh_mpcc_dro_four_way_intersection_o1_c1_m3_boost_15_s40,four_way_intersection_o1_c1_m3_boost_15_s40,boost_15,sh_mpcc_dro,77,40,1,0,0,2,0.005721403731458466,turn_left,0.005769567175630369,0.9916521564433226,0,0,0.42857142857142855,0.42857142857142855,0.0
sh_mpcc_dro_four_way_intersection_o1_c1_m3_boost_15_s40,four_way_intersection_o1_c1_m3_boost_15_s40,boost_15,sh_mpcc_dro,77,40,1,0,0,2,0.005721403731458466,turn_right,0.005769567175630443,0.9916521564433098,0,0,0.42857142857142855,0.42857142857142855,0.0
sh_mpcc_dro_four_way_intersection_o1_c1_m3_boost_15_s40,four_way_intersection_o1_c1_m3_boost_15_s40,boost_15,sh_mpcc_dro,77,40,10,0,0,11,0.004167157030698266,constant_velocity,0.00462534938641931,0.9009388659230021,0,0,0.2,0.037879391548245614,0.025558331845642906
sh_mpcc_dro_four_way_intersection_o1_c1_m3_boost_15_s40,four_way_intersection_o1_c1_m3_boost_15_s40,boost_15,sh_mpcc_dro,77,40,10,0,0,11,0.004167157030698266,turn_left,0.007154586485978883,0.582445545785882,0,0,0.28,0.0,0.014612384948305496
sh_mpcc_dro_four_way_intersection_o1_c1_m3_boost_15_s40,four_way_intersection_o1_c1_m3_boost_15_s40,boost_15,sh_mpcc_dro,77,40,10,0,0,11,0.004167157030698266,turn_right,0.004386163806267785,0.9500687194453248,0,0,0.52,0.9621206084517544,0.03596221961844545
sh_mpcc_dro_four_way_intersection_o1_c1_m3_boost_15_s40,four_way_intersection_o1_c1_m3_boost_15_s40,boost_15,sh_mpcc_dro,77,40,11,0,0,12,0.003955403394512747,constant_velocity,0.004711004004686288,0.8396094315729927,0,0,0.18518518518518517,0.0,0.0061933936570192916
sh_mpcc_dro_four_way_intersection_o1_c1_m3_boost_15_s40,four_way_intersection_o1_c1_m3_boost_15_s40,boost_15,sh_mpcc_dro,77,40,11,0,0,12,0.003955403394512747,turn_left,0.00662461711664728,0.5970765290831748,0,0,0.3333333333333333,0.08325123244754876,0.001625714462761954
sh_mpcc_dro_four_way_intersection_o1_c1_m3_boost_15_s40,four_way_intersection_o1_c1_m3_boost_15_s40,boost_15,sh_mpcc_dro,77,40,11,0,0,12,0.003955403394512747,turn_right,0.004915714227936482,0.8046446988382288,0,0,0.48148148148148145,0.9167487675524513,0.015858798792383916
sh_mpcc_dro_four_way_intersection_o1_c1_m3_boost_15_s40,four_way_intersection_o1_c1_m3_boost_15_s40,boost_15,sh_mpcc_dro,77,40,12,0,0,13,0.0038648926360038876,constant_velocity,0.004784844192847562,0.8077363609417361,0,0,0.1724137931034483,0.0,0.0
sh_mpcc_dro_four_way_intersection_o1_c1_m3_boost_15_s40,four_way_intersection_o1_c1_m3_boost_15_s40,boost_15,sh_mpcc_dro,77,40,12,0,0,13,0.0038648926360038876,turn_left,0.006963270729209126,0.5550398349143111,0,0,0.3103448275862069,0.0617079311891638,0.0
sh_mpcc_dro_four_way_intersection_o1_c1_m3_boost_15_s40,four_way_intersection_o1_c1_m3_boost_15_s40,boost_15,sh_mpcc_dro,77,40,12,0,0,13,0.0038648926360038876,turn_right,0.0045766994535961095,0.8444715837670038,0,0,0.5172413793103449,0.9382920688108363,0.00018878469221587924
sh_mpcc_dro_four_way_intersection_o1_c1_m3_boost_15_s40,four_way_intersection_o1_c1_m3_boost_15_s40,boost_15,sh_mpcc_dro,77,40,13,0,0,14,0.0036936572575180706,constant_velocity,0.004849156614794405,0.761711272894137,0,0,0.16129032258064516,0.0,0.0
sh_mpcc_dro_four_way_intersection_o1_c1_m3_boost_15_s40,four_way_intersection_o1_c1_m3_boost_15_s40,boost_15,sh_mpcc_dro,77,40,13,0,0,14,0.0036936572575180706,turn_left,0.006514027456357074,0.5670312694051375,0,0,0.3548387096774194,0.11547117440698217,0.0
sh_mpcc_dro_four_way_intersection_o1_c1_m3_boost_15_s40,four_way_intersection_o1_c1_m3_boost_15_s40,boost_15,sh_mpcc_dro,77,40,13,0,0,14,0.0036936572575180706,turn_right,0.0050256281661896045,0.7349642940891458,0,0,0.4838709677419355,0.8845288255930178,0.00027003496401536986
sh_mpcc_dro_four_way_intersection_o1_c1_m3_boost_15_s40,four_way_intersection_o1_c1_m3_boost_15_s40,boost_15,sh_mpcc_dro,77,40,14,0,0,15,0.003617704567765987,constant_velocity,0.004905673591656843,0.737453175425017,0,0,0.15151515151515152,0.0,0.09830550316195011
sh_mpcc_dro_four_way_intersection_o1_c1_m3_boost_15_s40,four_way_intersection_o1_c1_m3_boost_15_s40,boost_15,sh_mpcc_dro,77,40,14,0,0,15,0.003617704567765987,turn_left,0.006818334549838096,0.5305847844987147,0,0,0.3333333333333333,0.09565071819005919,0.0905498674255514
sh_mpcc_dro_four_way_intersection_o1_c1_m3_boost_15_s40,four_way_intersection_o1_c1_m3_boost_15_s40,boost_15,sh_mpcc_dro,77,40,14,0,0,15,0.003617704567765987,turn_right,0.004721044640966052,0.7662932344197677,0,0,0.5151515151515151,0.9043492818099407,0.10727912029494818
sh_mpcc_dro_four_way_intersection_o1_c1_m3_boost_15_s40,four_way_intersection_o1_c1_m3_boost_15_s40,boost_15,sh_mpcc_dro,77,40,15,0,0,16,0.0034818427611067624,constant_velocity,0.004625349386419249,0.7527740004528087,0,0,0.2,0.0,0.12298329548859863
sh_mpcc_dro_four_way_intersection_o1_c1_m3_boost_15_s40,four_way_intersection_o1_c1_m3_boost_15_s40,boost_15,sh_mpcc_dro,77,40,15,0,0,16,0.0034818427611067624,turn_left,0.006759097531734618,0.5151342682598045,0,0,0.3142857142857143,0.11268308201038221,0.11474668409347216
sh_mpcc_dro_four_way_intersection_o1_c1_m3_boost_15_s40,four_way_intersection_o1_c1_m3_boost_15_s40,boost_15,sh_mpcc_dro,77,40,15,0,0,16,0.0034818427611067624,turn_right,0.004781652760512139,0.7281672123623296,0,0,0.4857142857142857,0.8873169179896179,0.13238152994938163
sh_mpcc_dro_four_way_intersection_o1_c1_m3_boost_15_s40,four_way_intersection_o1_c1_m3_boost_15_s40,boost_15,sh_mpcc_dro,77,40,16,0,0,17,0.0034069109035573825,constant_velocity,0.004687854107857321,0.726752758335003,0,0,0.1891891891891892,0.0,0.17464554597356532
sh_mpcc_dro_four_way_intersection_o1_c1_m3_boost_15_s40,four_way_intersection_o1_c1_m3_boost_15_s40,boost_15,sh_mpcc_dro,77,40,16,0,0,17,0.0034069109035573825,turn_left,0.0070172595299541705,0.48550447493277094,0,0,0.2972972972972973,0.09677199786155173,0.16495147613222255
sh_mpcc_dro_four_way_intersection_o1_c1_m3_boost_15_s40,four_way_intersection_o1_c1_m3_boost_15_s40,boost_15,sh_mpcc_dro,77,40,16,0,0,17,0.0034069109035573825,turn_right,0.0045231850437277,0.7532105962106824,0,0,0.5135135135135135,0.9032280021384482,0.18530240707524087
sh_mpcc_dro_four_way_intersection_o1_c1_m3_boost_15_s40,four_way_intersection_o1_c1_m3_boost_15_s40,boost_15,sh_mpcc_dro,77,40,17,0,0,18,0.0033272741530623235,constant_velocity,0.004743948088635236,0.7013723782166283,0,0,0.1794871794871795,0.0,0.0824997170129537
sh_mpcc_dro_four_way_intersection_o1_c1_m3_boost_15_s40,four_way_intersection_o1_c1_m3_boost_15_s40,boost_15,sh_mpcc_dro,77,40,17,0,0,18,0.0033272741530623235,turn_left,0.007248943374509993,0.45900126144760195,0,0,0.28205128205128205,0.08356695156640237,0.07098598225960445
sh_mpcc_dro_four_way_intersection_o1_c1_m3_boost_15_s40,four_way_intersection_o1_c1_m3_boost_15_s40,boost_15,sh_mpcc_dro,77,40,17,0,0,18,0.0033272741530623235,turn_right,0.004291226836357098,0.7753666445390961,0,0,0.5384615384615384,0.9164330484335976,0.09464309797202125
sh_mpcc_dro_four_way_intersection_o1_c1_m3_boost_15_s40,four_way_intersection_o1_c1_m3_boost_15_s40,boost_15,sh_mpcc_dro,77,40,18,0,0,19,0.0032343082547480026,constant_velocity,0.004794569485922638,0.6745774076784731,0,0,0.17073170731707318,0.0,0.06843499200389527
sh_mpcc_dro_four_way_intersection_o1_c1_m3_boost_15_s40,four_way_intersection_o1_c1_m3_boost_15_s40,boost_15,sh_mpcc_dro,77,40,18,0,0,19,0.0032343082547480026,turn_left,0.006895336380631423,0.46905735648125535,0,0,0.3170731707317073,0.12225976821638695,0.055230959491722686
sh_mpcc_dro_four_way_intersection_o1_c1_m3_boost_15_s40,four_way_intersection_o1_c1_m3_boost_15_s40,boost_15,sh_mpcc_dro,77,40,18,0,0,19,0.0032343082547480026,turn_right,0.004644586234524947,0.6963609009358421,0,0,0.5121951219512195,0.877740231783613,0.08174889862469759
sh_mpcc_dro_four_way_intersection_o1_c1_m3_boost_15_s40,four_way_intersection_o1_c1_m3_boost_15_s40,boost_15,sh_mpcc_dro,77,40,19,0,0,20,0.003166361793303693,constant_velocity,0.004840481916020258,0.6541418495592706,0,0,0.16279069767441862,0.16279069767441862,0.0
sh_mpcc_dro_four_way_intersection_o1_c1_m3_boost_15_s40,four_way_intersection_o1_c1_m3_boost_15_s40,boost_15,sh_mpcc_dro,77,40,19,0,0,20,0.003166361793303693,turn_left,0.007111139083801909,0.44526787565105885,0,0,0.3023255813953488,0.3023255813953488,0.0
sh_mpcc_dro_four_way_intersection_o1_c1_m3_boost_15_s40,four_way_intersection_o1_c1_m3_boost_15_s40,boost_15,sh_mpcc_dro,77,40,19,0,0,20,0.003166361793303693,turn_right,0.00442855896780277,0.7149869328430064,0,0,0.5348837209302325,0.5348837209302325,0.0
sh_mpcc_dro_four_way_intersection_o1_c1_m3_boost_15_s40,four_way_intersection_o1_c1_m3_boost_15_s40,boost_15,sh_mpcc_dro,77,40,2,0,0,3,0.006431664699528319,constant_velocity,0.0051392770960214966,1.2514726447630753,0,1,0.1111111111111111,0.0,0.022796024845268464
sh_mpcc_dro_four_way_intersection_o1_c1_m3_boost_15_s40,four_way_intersection_o1_c1_m3_boost_15_s40,boost_15,sh_mpcc_dro,77,40,2,0,0,3,0.006431664699528319,turn_left,0.007050795469667209,0.9121899404397115,0,0,0.3333333333333333,0.0,0.022848239470774412
sh_mpcc_dro_four_way_intersection_o1_c1_m3_boost_15_s40,four_way_intersection_o1_c1_m3_boost_15_s40,boost_15,sh_mpcc_dro,77,40,2,0,0,3,0.006431664699528319,turn_right,0.0044874411366013995,1.4332588447944286,0,1,0.5555555555555556,1.0,0.024383637320369245
sh_mpcc_dro_four_way_intersection_o1_c1_m3_boost_15_s40,four_way_intersection_o1_c1_m3_boost_15_s40,boost_15,sh_mpcc_dro,77,40,20,0,0,21,0.0030843372014947774,constant_velocity,0.004882313241220562,0.6317368528209598,0,0,0.15555555555555556,0.0,0.005591395065637994
sh_mpcc_dro_four_way_intersection_o1_c1_m3_boost_15_s40,four_way_intersection_o1_c1_m3_boost_15_s40,boost_15,sh_mpcc_dro,77,40,20,0,0,21,0.0030843372014947774,turn_left,0.006795088457855127,0.45390685060608466,0,0,0.3333333333333333,0.14391453750821256,0.0
sh_mpcc_dro_four_way_intersection_o1_c1_m3_boost_15_s40,four_way_intersection_o1_c1_m3_boost_15_s40,boost_15,sh_mpcc_dro,77,40,20,0,0,21,0.0030843372014947774,turn_right,0.0047444049914025605,0.6500998981081868,0,0,0.5111111111111111,0.8560854624917873,0.01559174820221873
sh_mpcc_dro_four_way_intersection_o1_c1_m3_boost_15_s40,four_way_intersection_o1_c1_m3_boost_15_s40,boost_15,sh_mpcc_dro,77,40,21,0,0,22,0.0030254786373712108,constant_velocity,0.004920584453637617,0.6148616421235449,0,0,0.14893617021276595,0.0,0.004907184895170821
sh_mpcc_dro_four_way_intersection_o1_c1_m3_boost_15_s40,four_way_intersection_o1_c1_m3_boost_15_s40,boost_15,sh_mpcc_dro,77,40,21,0,0,22,0.0030254786373712108,turn_left,0.006996790842576052,0.43240947249143463,0,0,0.3191489361702128,0.1315148983033781,0.0
sh_mpcc_dro_four_way_intersection_o1_c1_m3_boost_15_s40,four_way_intersection_o1_c1_m3_boost_15_s40,boost_15,sh_mpcc_dro,77,40,21,0,0,22,0.0030254786373712108,turn_right,0.004542515417300244,0.6660359645337969,0,0,0.5319148936170213,0.868485101696622,0.01094805666331676
sh_mpcc_dro_four_way_intersection_o1_c1_m3_boost_15_s40,four_way_intersection_o1_c1_m3_boost_15_s40,boost_15,sh_mpcc_dro,77,40,22,0,0,23,0.0029526536496529416,constant_velocity,0.004955731485449437,0.5958058176320189,0,0,0.14285714285714285,0.14285714285714285,0.0
sh_mpcc_dro_four_way_intersection_o1_c1_m3_boost_15_s40,four_way_intersection_o1_c1_m3_boost_15_s40,boost_15,sh_mpcc_dro,77,40,22,0,0,23,0.0029526536496529416,turn_left,0.006711207542879044,0.4399586260427704,0,0,0.3469387755102041,0.3469387755102041,0.0
sh_mpcc_dro_four_way_intersection_o1_c1_m3_boost_15_s40,four_way_intersection_o1_c1_m3_boost_15_s40,boost_15,sh_mpcc_dro,77,40,22,0,0,23,0.0029526536496529416,turn_right,0.004827926808381788,0.6115779643814866,0,0,0.5102040816326531,0.5102040816326531,0.0
sh_mpcc_dro_four_way_intersection_o1_c1_m3_boost_15_s40,four_way_intersection_o1_c1_m3_boost_15_s40,boost_15,sh_mpcc_dro,77,40,23,0,0,24,0.0029010197416607505,constant_velocity,0.004988121887314997,0.5815855761340085,0,0,0.13725490196078433,0.0,0.00015630943609609704
sh_mpcc_dro_four_way_intersection_o1_c1_m3_boost_15_s40,four_way_intersection_o1_c1_m3_boost_15_s40,boost_15,sh_mpcc_dro,77,40,23,0,0,24,0.0029010197416607505,turn_left,0.0069003795803660156,0.4204145160238956,0,0,0.3333333333333333,0.1506339288185723,0.0
sh_mpcc_dro_four_way_intersection_o1_c1_m3_boost_15_s40,four_way_intersection_o1_c1_m3_boost_15_s40,boost_15,sh_mpcc_dro,77,40,23,0,0,24,0.0029010197416607505,turn_right,0.004638596345307918,0.6254089654934559,0,0,0.5294117647058824,0.8493660711814277,0.003988938116758087
sh_mpcc_dro_four_way_intersection_o1_c1_m3_boost_15_s40,four_way_intersection_o1_c1_m3_boost_15_s40,boost_15,sh_mpcc_dro,77,40,24,0,0,25,0.0028480351697960887,constant_velocity,0.005018067730549449,0.5675561436641361,0,0,0.1320754716981132,0.1320754716981132,0.0
sh_mpcc_dro_four_way_intersection_o1_c1_m3_boost_15_s40,four_way_intersection_o1_c1_m3_boost_15_s40,boost_15,sh_mpcc_dro,77,40,24,0,0,25,0.0028480351697960887,turn_left,0.007075274482948265,0.40253352384560964,0,0,0.32075471698113206,0.32075471698113206,0.0
sh_mpcc_dro_four_way_intersection_o1_c1_m3_boost_15_s40,four_way_intersection_o1_c1_m3_boost_15_s40,boost_15,sh_mpcc_dro,77,40,24,0,0,25,0.0028480351697960887,turn_right,0.004463554973786937,0.6380643201487848,0,0,0.5471698113207547,0.5471698113207547,0.0
sh_mpcc_dro_four_way_intersection_o1_c1_m3_boost_15_s40,four_way_intersection_o1_c1_m3_boost_15_s40,boost_15,sh_mpcc_dro,77,40,25,0,0,26,0.002794478112707811,constant_velocity,0.0050458356942756355,0.553818689712404,0,0,0.12727272727272726,0.12727272727272726,0.0
sh_mpcc_dro_four_way_intersection_o1_c1_m3_boost_15_s40,four_way_intersection_o1_c1_m3_boost_15_s40,boost_15,sh_mpcc_dro,77,40,25,0,0,26,0.002794478112707811,turn_left,0.007237449756251915,0.38611364594190944,0,0,0.3090909090909091,0.3090909090909091,0.0
sh_mpcc_dro_four_way_intersection_o1_c1_m3_boost_15_s40,four_way_intersection_o1_c1_m3_boost_15_s40,boost_15,sh_mpcc_dro,77,40,25,0,0,26,0.002794478112707811,turn_right,0.0043012438838309856,0.6496906913864311,0,0,0.5636363636363636,0.5636363636363636,0.0
sh_mpcc_dro_four_way_intersection_o1_c1_m3_boost_15_s40,four_way_intersection_o1_c1_m3_boost_15_s40,boost_15,sh_mpcc_dro,77,40,26,0,0,27,0.0027432021829285162,constant_velocity,0.005071655028968872,0.5408889538542297,0,0,0.12280701754385964,0.12280701754385964,0.0
sh_mpcc_dro_four_way_intersection_o1_c1_m3_boost_15_s40,four_way_intersection_o1_c1_m3_boost_15_s40,boost_15,sh_mpcc_dro,77,40,26,0,0,27,0.0027432021829285162,turn_left,0.0069835041507695025,0.39281170651645514,0,0,0.3333333333333333,0.3333333333333333,0.0
sh_mpcc_dro_four_way_intersection_o1_c1_m3_boost_15_s40,four_way_intersection_o1_c1_m3_boost_15_s40,boost_15,sh_mpcc_dro,77,40,26,0,0,27,0.0027432021829285162,turn_right,0.004555063203654524,0.6022314203516753,0,0,0.543859649122807,0.543859649122807,0.0
sh_mpcc_dro_four_way_intersection_o1_c1_m3_boost_15_s40,four_way_intersection_o1_c1_m3_boost_15_s40,boost_15,sh_mpcc_dro,77,40,27,0,0,28,0.002695686372155828,constant_velocity,0.005095723900292491,0.5290095038314572,0,0,0.11864406779661017,0.11864406779661017,0.0
sh_mpcc_dro_four_way_intersection_o1_c1_m3_boost_15_s40,four_way_intersection_o1_c1_m3_boost_15_s40,boost_15,sh_mpcc_dro,77,40,27,0,0,28,0.002695686372155828,turn_left,0.007137795349007592,0.3776637239299141,0,0,0.3220338983050847,0.3220338983050847,0.0
sh_mpcc_dro_four_way_intersection_o1_c1_m3_boost_15_s40,four_way_intersection_o1_c1_m3_boost_15_s40,boost_15,sh_mpcc_dro,77,40,27,0,0,28,0.002695686372155828,turn_right,0.004400654281496555,0.6125649050620471,0,0,0.559322033898305,0.559322033898305,0.0
sh_mpcc_dro_four_way_intersection_o1_c1_m3_boost_15_s40,four_way_intersection_o1_c1_m3_boost_15_s40,boost_15,sh_mpcc_dro,77,40,28,0,0,29,0.0026486802581650003,constant_velocity,0.0051182144849725155,0.5175008327497287,0,0,0.11475409836065574,0.3446035896213407,0.02227583673715597
sh_mpcc_dro_four_way_intersection_o1_c1_m3_boost_15_s40,four_way_intersection_o1_c1_m3_boost_15_s40,boost_15,sh_mpcc_dro,77,40,28,0,0,29,0.0026486802581650003,turn_left,0.006903769271991061,0.38365712320526546,0,0,0.3442622950819672,0.0,0.008702750139804316
sh_mpcc_dro_four_way_intersection_o1_c1_m3_boost_15_s40,four_way_intersection_o1_c1_m3_boost_15_s40,boost_15,sh_mpcc_dro,77,40,28,0,0,29,0.0026486802581650003,turn_right,0.004634570354195097,0.5715050275949487,0,0,0.5409836065573771,0.6553964103786594,0.03577582012059957
sh_mpcc_dro_four_way_intersection_o1_c1_m3_boost_15_s40,four_way_intersection_o1_c1_m3_boost_15_s40,boost_15,sh_mpcc_dro,77,40,29,0,0,30,0.002595605132166595,constant_velocity,0.004955731485449301,0.5237582261645215,0,0,0.14285714285714285,0.36001998239465294,0.09447074646778972
sh_mpcc_dro_four_way_intersection_o1_c1_m3_boost_15_s40,four_way_intersection_o1_c1_m3_boost_15_s40,boost_15,sh_mpcc_dro,77,40,29,0,0,30,0.002595605132166595,turn_left,0.006868147604087252,0.37791924137185745,0,0,0.3333333333333333,0.0,0.0804765615759574
sh_mpcc_dro_four_way_intersection_o1_c1_m3_boost_15_s40,four_way_intersection_o1_c1_m3_boost_15_s40,boost_15,sh_mpcc_dro,77,40,29,0,0,30,0.002595605132166595,turn_right,0.004670986747173606,0.5556866830626707,0,0,0.5238095238095238,0.639980017605347,0.10806390407006672
sh_mpcc_dro_four_way_intersection_o1_c1_m3_boost_15_s40,four_way_intersection_o1_c1_m3_boost_15_s40,boost_15,sh_mpcc_dro,77,40,3,0,0,4,0.005835441740250549,constant_velocity,0.0042048630785631305,1.3877840089491364,0,1,0.2727272727272727,0.0,0.12034690865494477
sh_mpcc_dro_four_way_intersection_o1_c1_m3_boost_15_s40,four_way_intersection_o1_c1_m3_boost_15_s40,boost_15,sh_mpcc_dro,77,40,3,0,0,4,0.005835441740250549,turn_left,0.006820048426641176,0.8556305432459314,0,0,0.2727272727272727,0.0,0.11682778360797197
sh_mpcc_dro_four_way_intersection_o1_c1_m3_boost_15_s40,four_way_intersection_o1_c1_m3_boost_15_s40,boost_15,sh_mpcc_dro,77,40,3,0,0,4,0.005835441740250549,turn_right,0.004722758517769282,1.235600278586089,0,1,0.45454545454545453,0.9999999999999999,0.12539469907925677
sh_mpcc_dro_four_way_intersection_o1_c1_m3_boost_15_s40,four_way_intersection_o1_c1_m3_boost_15_s40,boost_15,sh_mpcc_dro,77,40,30,0,0,31,0.0025558281112940603,constant_velocity,0.004981145493066983,0.5131004735459734,0,0,0.13846153846153847,0.34197479085857463,0.07208276510242703
sh_mpcc_dro_four_way_intersection_o1_c1_m3_boost_15_s40,four_way_intersection_o1_c1_m3_boost_15_s40,boost_15,sh_mpcc_dro,77,40,30,0,0,31,0.0025558281112940603,turn_left,0.007011745970078299,0.36450666099438284,0,0,0.3230769230769231,0.0,0.05797251806876519
sh_mpcc_dro_four_way_intersection_o1_c1_m3_boost_15_s40,four_way_intersection_o1_c1_m3_boost_15_s40,boost_15,sh_mpcc_dro,77,40,30,0,0,31,0.0025558281112940603,turn_right,0.004527264078029804,0.5645414244106383,0,0,0.5384615384615384,0.6580252091414253,0.08530159447128705
sh_mpcc_dro_four_way_intersection_o1_c1_m3_boost_15_s40,four_way_intersection_o1_c1_m3_boost_15_s40,boost_15,sh_mpcc_dro,77,40,31,0,0,32,0.0025158125425009206,constant_velocity,0.005005042246498844,0.5026556058064837,0,0,0.13432835820895522,0.3254611411590702,0.023925479668169075
sh_mpcc_dro_four_way_intersection_o1_c1_m3_boost_15_s40,four_way_intersection_o1_c1_m3_boost_15_s40,boost_15,sh_mpcc_dro,77,40,31,0,0,32,0.0025158125425009206,turn_left,0.007146771299293867,0.3520208548928233,0,0,0.31343283582089554,0.0,0.010370545767037886
sh_mpcc_dro_four_way_intersection_o1_c1_m3_boost_15_s40,four_way_intersection_o1_c1_m3_boost_15_s40,boost_15,sh_mpcc_dro,77,40,31,0,0,32,0.0025158125425009206,turn_right,0.00439212186674553,0.5728011696462978,0,0,0.5522388059701493,0.6745388588409298,0.036048442713220274
sh_mpcc_dro_four_way_intersection_o1_c1_m3_boost_15_s40,four_way_intersection_o1_c1_m3_boost_15_s40,boost_15,sh_mpcc_dro,77,40,32,0,0,33,0.0024758317934551713,constant_velocity,0.005027553680890865,0.492452582429008,0,0,0.13043478260869565,0.3103019470947015,0.0847786169485433
sh_mpcc_dro_four_way_intersection_o1_c1_m3_boost_15_s40,four_way_intersection_o1_c1_m3_boost_15_s40,boost_15,sh_mpcc_dro,77,40,32,0,0,33,0.0024758317934551713,turn_left,0.007273969073192621,0.3403687544644045,0,0,0.30434782608695654,0.0,0.07245092504829798
sh_mpcc_dro_four_way_intersection_o1_c1_m3_boost_15_s40,four_way_intersection_o1_c1_m3_boost_15_s40,boost_15,sh_mpcc_dro,77,40,32,0,0,33,0.0024758317934551713,turn_right,0.00426481398655001,0.5805251533274907,0,0,0.5652173913043478,0.6896980529052984,0.09516848798373295
sh_mpcc_dro_four_way_intersection_o1_c1_m3_boost_15_s40,four_way_intersection_o1_c1_m3_boost_15_s40,boost_15,sh_mpcc_dro,77,40,33,0,0,34,0.002436096155872547,constant_velocity,0.0050487968654581,0.48251023378250124,0,0,0.1267605633802817,0.2963456853771217,0.02321605089540238
sh_mpcc_dro_four_way_intersection_o1_c1_m3_boost_15_s40,four_way_intersection_o1_c1_m3_boost_15_s40,boost_15,sh_mpcc_dro,77,40,33,0,0,34,0.002436096155872547,turn_left,0.0073940007753223475,0.3294692859653296,0,0,0.29577464788732394,0.0,0.01262911186947735
sh_mpcc_dro_four_way_intersection_o1_c1_m3_boost_15_s40,four_way_intersection_o1_c1_m3_boost_15_s40,boost_15,sh_mpcc_dro,77,40,33,0,0,34,0.002436096155872547,turn_right,0.004144678381295129,0.587764823168575,0,0,0.5774647887323944,0.7036543146228783,0.0314483157845738
sh_mpcc_dro_four_way_intersection_o1_c1_m3_boost_15_s40,four_way_intersection_o1_c1_m3_boost_15_s40,boost_15,sh_mpcc_dro,77,40,34,0,0,35,0.002393910060884743,constant_velocity,0.004910473663664959,0.4875110274184904,0,0,0.1506849315068493,0.311355760442854,0.046964427754009525
sh_mpcc_dro_four_way_intersection_o1_c1_m3_boost_15_s40,four_way_intersection_o1_c1_m3_boost_15_s40,boost_15,sh_mpcc_dro,77,40,34,0,0,35,0.002393910060884743,turn_left,0.007349827787862173,0.32570968055035937,0,0,0.2876712328767123,0.0,0.039456024597089856
sh_mpcc_dro_four_way_intersection_o1_c1_m3_boost_15_s40,four_way_intersection_o1_c1_m3_boost_15_s40,boost_15,sh_mpcc_dro,77,40,34,0,0,35,0.002393910060884743,turn_right,0.00418952792517824,0.5714032949864861,0,0,0.5616438356164384,0.6886442395571459,0.05279887867255195
sh_mpcc_dro_four_way_intersection_o1_c1_m3_boost_15_s40,four_way_intersection_o1_c1_m3_boost_15_s40,boost_15,sh_mpcc_dro,77,40,35,0,0,36,0.0023568149709180886,constant_velocity,0.004933706012181232,0.4776966777305244,0,0,0.14666666666666667,0.2984048233011807,0.051355037186296526
sh_mpcc_dro_four_way_intersection_o1_c1_m3_boost_15_s40,four_way_intersection_o1_c1_m3_boost_15_s40,boost_15,sh_mpcc_dro,77,40,35,0,0,36,0.0023568149709180886,turn_left,0.007461434900153765,0.3158661842468825,0,0,0.28,0.0,0.04581549514017255
sh_mpcc_dro_four_way_intersection_o1_c1_m3_boost_15_s40,four_way_intersection_o1_c1_m3_boost_15_s40,boost_15,sh_mpcc_dro,77,40,35,0,0,36,0.0023568149709180886,turn_right,0.0040778071805068206,0.577961356825402,0,0,0.5733333333333334,0.7015951766988193,0.05500450177444979
sh_mpcc_dro_four_way_intersection_o1_c1_m3_boost_15_s40,four_way_intersection_o1_c1_m3_boost_15_s40,boost_15,sh_mpcc_dro,77,40,36,0,0,37,0.0023317586353841973,constant_velocity,0.004955731485449521,0.4705175496756539,0,0,0.14285714285714285,0.33644485945788083,0.012158839386115533
sh_mpcc_dro_four_way_intersection_o1_c1_m3_boost_15_s40,four_way_intersection_o1_c1_m3_boost_15_s40,boost_15,sh_mpcc_dro,77,40,36,0,0,37,0.0023317586353841973,turn_left,0.0072676313962539915,0.32084162063943866,0,0,0.2987012987012987,0.0,0.008467279107161038
sh_mpcc_dro_four_way_intersection_o1_c1_m3_boost_15_s40,four_way_intersection_o1_c1_m3_boost_15_s40,boost_15,sh_mpcc_dro,77,40,36,0,0,37,0.0023317586353841973,turn_right,0.004271502955007776,0.5458871642943655,0,0,0.5584415584415584,0.6635551405421192,0.014628341808888931
sh_mpcc_dro_four_way_intersection_o1_c1_m3_boost_15_s40,four_way_intersection_o1_c1_m3_boost_15_s40,boost_15,sh_mpcc_dro,77,40,37,0,0,38,0.002293652296927477,constant_velocity,0.004830269928856214,0.4748497145522059,0,0,0.16455696202531644,0.16455696202531644,0.0
sh_mpcc_dro_four_way_intersection_o1_c1_m3_boost_15_s40,four_way_intersection_o1_c1_m3_boost_15_s40,boost_15,sh_mpcc_dro,77,40,37,0,0,38,0.002293652296927477,turn_left,0.0072300125440200105,0.317240431183563,0,0,0.2911392405063291,0.2911392405063291,0.0
sh_mpcc_dro_four_way_intersection_o1_c1_m3_boost_15_s40,four_way_intersection_o1_c1_m3_boost_15_s40,boost_15,sh_mpcc_dro,77,40,37,0,0,38,0.002293652296927477,turn_right,0.0043097354557171605,0.5322025726392996,0,0,0.5443037974683544,0.5443037974683544,0.0
sh_mpcc_dro_four_way_intersection_o1_c1_m3_boost_15_s40,four_way_intersection_o1_c1_m3_boost_15_s40,boost_15,sh_mpcc_dro,77,40,38,0,0,39,0.002256159684929035,constant_velocity,0.004711004004686924,0.4789127079247667,0,0,0.18518518518518517,0.18518518518518517,0.0
sh_mpcc_dro_four_way_intersection_o1_c1_m3_boost_15_s40,four_way_intersection_o1_c1_m3_boost_15_s40,boost_15,sh_mpcc_dro,77,40,38,0,0,39,0.002256159684929035,turn_left,0.007194251412884312,0.3136058994113604,0,0,0.2839506172839506,0.2839506172839506,0.0
sh_mpcc_dro_four_way_intersection_o1_c1_m3_boost_15_s40,four_way_intersection_o1_c1_m3_boost_15_s40,boost_15,sh_mpcc_dro,77,40,38,0,0,39,0.002256159684929035,turn_right,0.004346079931700074,0.5191252163755037,0,0,0.5308641975308642,0.5308641975308642,0.0
sh_mpcc_dro_four_way_intersection_o1_c1_m3_boost_15_s40,four_way_intersection_o1_c1_m3_boost_15_s40,boost_15,sh_mpcc_dro,77,40,39,0,0,40,0.002219353207371088,constant_velocity,0.004597485835899287,0.48273192927346414,0,0,0.20481927710843373,0.20481927710843373,0.0
sh_mpcc_dro_four_way_intersection_o1_c1_m3_boost_15_s40,four_way_intersection_o1_c1_m3_boost_15_s40,boost_15,sh_mpcc_dro,77,40,39,0,0,40,0.002219353207371088,turn_left,0.007160213709755153,0.3099562802640118,0,0,0.27710843373493976,0.27710843373493976,0.0
sh_mpcc_dro_four_way_intersection_o1_c1_m3_boost_15_s40,four_way_intersection_o1_c1_m3_boost_15_s40,boost_15,sh_mpcc_dro,77,40,39,0,0,40,0.002219353207371088,turn_right,0.004380672866671764,0.5066238166871501,0,0,0.5180722891566265,0.5180722891566265,0.0
sh_mpcc_dro_four_way_intersection_o1_c1_m3_boost_15_s40,four_way_intersection_o1_c1_m3_boost_15_s40,boost_15,sh_mpcc_dro,77,40,4,0,0,5,0.005026940837067249,constant_velocity,0.00444745133309557,1.1302969859747372,0,1,0.23076923076923078,0.0,0.11767466917055339
sh_mpcc_dro_four_way_intersection_o1_c1_m3_boost_15_s40,four_way_intersection_o1_c1_m3_boost_15_s40,boost_15,sh_mpcc_dro,77,40,4,0,0,5,0.005026940837067249,turn_left,0.005770810207157919,0.8710979319389158,0,0,0.38461538461538464,0.06448749684438387,0.10974438181369323
sh_mpcc_dro_four_way_intersection_o1_c1_m3_boost_15_s40,four_way_intersection_o1_c1_m3_boost_15_s40,boost_15,sh_mpcc_dro,77,40,4,0,0,5,0.005026940837067249,turn_right,0.0057708102071580385,0.8710979319388977,0,0,0.38461538461538464,0.9355125031556162,0.12680187025157813
sh_mpcc_dro_four_way_intersection_o1_c1_m3_boost_15_s40,four_way_intersection_o1_c1_m3_boost_15_s40,boost_15,sh_mpcc_dro,77,40,40,0,0,41,0.00218328391564473,constant_velocity,0.0044893096985840104,0.48632953888954633,0,0,0.2235294117647059,0.2235294117647059,0.0
sh_mpcc_dro_four_way_intersection_o1_c1_m3_boost_15_s40,four_way_intersection_o1_c1_m3_boost_15_s40,boost_15,sh_mpcc_dro,77,40,40,0,0,41,0.00218328391564473,turn_left,0.007127777780890897,0.30630639489042016,0,0,0.27058823529411763,0.27058823529411763,0.0
sh_mpcc_dro_four_way_intersection_o1_c1_m3_boost_15_s40,four_way_intersection_o1_c1_m3_boost_15_s40,boost_15,sh_mpcc_dro,77,40,40,0,0,41,0.00218328391564473,turn_right,0.004413637898821257,0.4946676564082922,0,0,0.5058823529411764,0.5058823529411764,0.0
sh_mpcc_dro_four_way_intersection_o1_c1_m3_boost_15_s40,four_way_intersection_o1_c1_m3_boost_15_s40,boost_15,sh_mpcc_dro,77,40,41,0,0,42,0.0021561218158110793,constant_velocity,0.004519019515467716,0.47712159870766163,0,0,0.21839080459770116,0.21839080459770116,0.0
sh_mpcc_dro_four_way_intersection_o1_c1_m3_boost_15_s40,four_way_intersection_o1_c1_m3_boost_15_s40,boost_15,sh_mpcc_dro,77,40,41,0,0,42,0.0021561218158110793,turn_left,0.007229095406589886,0.29825610184167795,0,0,0.26436781609195403,0.26436781609195403,0.0
sh_mpcc_dro_four_way_intersection_o1_c1_m3_boost_15_s40,four_way_intersection_o1_c1_m3_boost_15_s40,boost_15,sh_mpcc_dro,77,40,41,0,0,42,0.0021561218158110793,turn_right,0.0043121749586184695,0.5000079626875472,0,0,0.5172413793103449,0.5172413793103449,0.0
sh_mpcc_dro_four_way_intersection_o1_c1_m3_boost_15_s40,four_way_intersection_o1_c1_m3_boost_15_s40,boost_15,sh_mpcc_dro,77,40,42,0,0,43,0.0021367853121637592,constant_velocity,0.004547394059682155,0.469892268873024,0,0,0.21348314606741572,0.21348314606741572,0.0
sh_mpcc_dro_four_way_intersection_o1_c1_m3_boost_15_s40,four_way_intersection_o1_c1_m3_boost_15_s40,boost_15,sh_mpcc_dro,77,40,42,0,0,43,0.0021367853121637592,turn_left,0.007066643824419711,0.3023762574222035,0,0,0.2808988764044944,0.2808988764044944,0.0
sh_mpcc_dro_four_way_intersection_o1_c1_m3_boost_15_s40,four_way_intersection_o1_c1_m3_boost_15_s40,boost_15,sh_mpcc_dro,77,40,42,0,0,43,0.0021367853121637592,turn_right,0.0044744877572739875,0.47754858836971376,0,0,0.5056179775280899,0.5056179775280899,0.0
sh_mpcc_dro_four_way_intersection_o1_c1_m3_boost_15_s40,four_way_intersection_o1_c1_m3_boost_15_s40,boost_15,sh_mpcc_dro,77,40,43,0,0,44,0.0021040805763861093,constant_velocity,0.004447451333096042,0.4730980552228725,0,0,0.23076923076923078,0.23076923076923078,0.0
sh_mpcc_dro_four_way_intersection_o1_c1_m3_boost_15_s40,four_way_intersection_o1_c1_m3_boost_15_s40,boost_15,sh_mpcc_dro,77,40,43,0,0,44,0.0021040805763861093,turn_left,0.00703840300922383,0.2989428956581075,0,0,0.27472527472527475,0.27472527472527475,0.0
sh_mpcc_dro_four_way_intersection_o1_c1_m3_boost_15_s40,four_way_intersection_o1_c1_m3_boost_15_s40,boost_15,sh_mpcc_dro,77,40,43,0,0,44,0.0021040805763861093,turn_right,0.0045032174050928684,0.4672393951059348,0,0,0.4945054945054945,0.4945054945054945,0.0
sh_mpcc_dro_four_way_intersection_o1_c1_m3_boost_15_s40,four_way_intersection_o1_c1_m3_boost_15_s40,boost_15,sh_mpcc_dro,77,40,44,0,0,45,0.0020720557474296106,constant_velocity,0.004351807218405804,0.4761368423366571,0,0,0.24731182795698925,0.24731182795698925,0.0
sh_mpcc_dro_four_way_intersection_o1_c1_m3_boost_15_s40,four_way_intersection_o1_c1_m3_boost_15_s40,boost_15,sh_mpcc_dro,77,40,44,0,0,45,0.0020720557474296106,turn_left,0.00701137685274642,0.29552765326227864,0,0,0.26881720430107525,0.26881720430107525,0.0
sh_mpcc_dro_four_way_intersection_o1_c1_m3_boost_15_s40,four_way_intersection_o1_c1_m3_boost_15_s40,boost_15,sh_mpcc_dro,77,40,44,0,0,45,0.0020720557474296106,turn_right,0.004530711369134423,0.45733563200373756,0,0,0.4838709677419355,0.4838709677419355,0.0
sh_mpcc_dro_four_way_intersection_o1_c1_m3_boost_15_s40,four_way_intersection_o1_c1_m3_boost_15_s40,boost_15,sh_mpcc_dro,77,40,45,0,0,46,0.0020493262565976747,constant_velocity,0.00438190994502937,0.4676787707429572,0,0,0.24210526315789474,0.24210526315789474,0.0
sh_mpcc_dro_four_way_intersection_o1_c1_m3_boost_15_s40,four_way_intersection_o1_c1_m3_boost_15_s40,boost_15,sh_mpcc_dro,77,40,45,0,0,46,0.0020493262565976747,turn_left,0.007106613013715902,0.28836891113142576,0,0,0.2631578947368421,0.2631578947368421,0.0
sh_mpcc_dro_four_way_intersection_o1_c1_m3_boost_15_s40,four_way_intersection_o1_c1_m3_boost_15_s40,boost_15,sh_mpcc_dro,77,40,45,0,0,46,0.0020493262565976747,turn_right,0.0044353279718894875,0.46204615973971463,0,0,0.49473684210526314,0.49473684210526314,0.0
sh_mpcc_dro_four_way_intersection_o1_c1_m3_boost_15_s40,four_way_intersection_o1_c1_m3_boost_15_s40,boost_15,sh_mpcc_dro,77,40,46,0,0,47,0.002032514610801388,constant_velocity,0.004410771322101138,0.4608070703228315,0,0,0.23711340206185566,0.23711340206185566,0.0
sh_mpcc_dro_four_way_intersection_o1_c1_m3_boost_15_s40,four_way_intersection_o1_c1_m3_boost_15_s40,boost_15,sh_mpcc_dro,77,40,46,0,0,47,0.002032514610801388,turn_left,0.006960084910340722,0.2920243986939936,0,0,0.27835051546391754,0.27835051546391754,0.0
sh_mpcc_dro_four_way_intersection_o1_c1_m3_boost_15_s40,four_way_intersection_o1_c1_m3_boost_15_s40,boost_15,sh_mpcc_dro,77,40,46,0,0,47,0.002032514610801388,turn_right,0.004581714910588404,0.44361437812383736,0,0,0.4845360824742268,0.4845360824742268,0.0
sh_mpcc_dro_four_way_intersection_o1_c1_m3_boost_15_s40,four_way_intersection_o1_c1_m3_boost_15_s40,boost_15,sh_mpcc_dro,77,40,47,0,0,48,0.0020147356322725,constant_velocity,0.004438466582928152,0.45392605635961225,0,0,0.23232323232323232,0.23232323232323232,0.0
sh_mpcc_dro_four_way_intersection_o1_c1_m3_boost_15_s40,four_way_intersection_o1_c1_m3_boost_15_s40,boost_15,sh_mpcc_dro,77,40,47,0,0,48,0.0020147356322725,turn_left,0.006819477134373846,0.2954384320928572,0,0,0.29292929292929293,0.29292929292929293,0.0
sh_mpcc_dro_four_way_intersection_o1_c1_m3_boost_15_s40,four_way_intersection_o1_c1_m3_boost_15_s40,boost_15,sh_mpcc_dro,77,40,47,0,0,48,0.0020147356322725,turn_right,0.004722187225501908,0.42665306055465846,0,0,0.47474747474747475,0.47474747474747475,0.0
sh_mpcc_dro_four_way_intersection_o1_c1_m3_boost_15_s40,four_way_intersection_o1_c1_m3_boost_15_s40,boost_15,sh_mpcc_dro,77,40,48,0,0,49,0.001994787554410107,constant_velocity,0.004465065001741762,0.4467544265608601,0,0,0.22772277227722773,0.22772277227722773,0.0
sh_mpcc_dro_four_way_intersection_o1_c1_m3_boost_15_s40,four_way_intersection_o1_c1_m3_boost_15_s40,boost_15,sh_mpcc_dro,77,40,48,0,0,49,0.001994787554410107,turn_left,0.006912855696045567,0.28856201288147904,0,0,0.2871287128712871,0.2871287128712871,0.0
sh_mpcc_dro_four_way_intersection_o1_c1_m3_boost_15_s40,four_way_intersection_o1_c1_m3_boost_15_s40,boost_15,sh_mpcc_dro,77,40,48,0,0,49,0.001994787554410107,turn_right,0.004628678567571029,0.4309626441520009,0,0,0.48514851485148514,0.48514851485148514,0.0
sh_mpcc_dro_four_way_intersection_o1_c1_m3_boost_15_s40,four_way_intersection_o1_c1_m3_boost_15_s40,boost_15,sh_mpcc_dro,77,40,49,0,0,50,0.0019775895853334,constant_velocity,0.004490630472252291,0.44038127776332775,0,0,0.22330097087378642,0.22330097087378642,0.0
sh_mpcc_dro_four_way_intersection_o1_c1_m3_boost_15_s40,four_way_intersection_o1_c1_m3_boost_15_s40,boost_15,sh_mpcc_dro,77,40,49,0,0,50,0.0019775895853334,turn_left,0.006778625488355383,0.29173902419164316,0,0,0.30097087378640774,0.30097087378640774,0.0
sh_mpcc_dro_four_way_intersection_o1_c1_m3_boost_15_s40,four_way_intersection_o1_c1_m3_boost_15_s40,boost_15,sh_mpcc_dro,77,40,49,0,0,50,0.0019775895853334,turn_right,0.004762783731284297,0.4152171706524533,0,0,0.47572815533980584,0.47572815533980584,0.0
sh_mpcc_dro_four_way_intersection_o1_c1_m3_boost_15_s40,four_way_intersection_o1_c1_m3_boost_15_s40,boost_15,sh_mpcc_dro,77,40,5,0,0,6,0.005130175796328496,constant_velocity,0.004625349386419347,1.109143411174816,0,1,0.2,0.0,0.08396820442093925
sh_mpcc_dro_four_way_intersection_o1_c1_m3_boost_15_s40,four_way_intersection_o1_c1_m3_boost_15_s40,boost_15,sh_mpcc_dro,77,40,5,0,0,6,0.005130175796328496,turn_left,0.0065393814460430345,0.7845047484472334,0,0,0.3333333333333333,0.0,0.07367624896069308
sh_mpcc_dro_four_way_intersection_o1_c1_m3_boost_15_s40,four_way_intersection_o1_c1_m3_boost_15_s40,boost_15,sh_mpcc_dro,77,40,5,0,0,6,0.005130175796328496,turn_right,0.005001368846203549,1.02575433927908,0,1,0.4666666666666667,1.0,0.09513276073559723
sh_mpcc_dro_four_way_intersection_o1_c1_m3_boost_15_s40,four_way_intersection_o1_c1_m3_boost_15_s40,boost_15,sh_mpcc_dro,77,40,50,0,0,51,0.001951127762170452,constant_velocity,0.0044050946537330165,0.44292527528710524,0,0,0.23809523809523808,0.23809523809523808,0.0
sh_mpcc_dro_four_way_intersection_o1_c1_m3_boost_15_s40,four_way_intersection_o1_c1_m3_boost_15_s40,boost_15,sh_mpcc_dro,77,40,50,0,0,51,0.001951127762170452,turn_left,0.006759636178730011,0.2886439019173701,0,0,0.29523809523809524,0.29523809523809524,0.0
sh_mpcc_dro_four_way_intersection_o1_c1_m3_boost_15_s40,four_way_intersection_o1_c1_m3_boost_15_s40,boost_15,sh_mpcc_dro,77,40,50,0,0,51,0.001951127762170452,turn_right,0.00478219140750778,0.4079986759014471,0,0,0.4666666666666667,0.4666666666666667,0.0
sh_mpcc_dro_four_way_intersection_o1_c1_m3_boost_15_s40,four_way_intersection_o1_c1_m3_boost_15_s40,boost_15,sh_mpcc_dro,77,40,51,0,0,52,0.0019251675505047607,constant_velocity,0.004322756435906231,0.44535647081887114,0,0,0.2523364485981308,0.2523364485981308,0.0
sh_mpcc_dro_four_way_intersection_o1_c1_m3_boost_15_s40,four_way_intersection_o1_c1_m3_boost_15_s40,boost_15,sh_mpcc_dro,77,40,51,0,0,52,0.0019251675505047607,turn_left,0.006741356749838317,0.2855756818612119,0,0,0.2897196261682243,0.2897196261682243,0.0
sh_mpcc_dro_four_way_intersection_o1_c1_m3_boost_15_s40,four_way_intersection_o1_c1_m3_boost_15_s40,boost_15,sh_mpcc_dro,77,40,51,0,0,52,0.0019251675505047607,turn_right,0.004800873563124918,0.40100359344845093,0,0,0.45794392523364486,0.45794392523364486,0.0
sh_mpcc_dro_four_way_intersection_o1_c1_m3_boost_15_s40,four_way_intersection_o1_c1_m3_boost_15_s40,boost_15,sh_mpcc_dro,77,40,52,0,0,53,0.0019080588313677414,constant_velocity,0.004349525799156112,0.43868203557683,0,0,0.24770642201834864,0.24770642201834864,0.0
sh_mpcc_dro_four_way_intersection_o1_c1_m3_boost_15_s40,four_way_intersection_o1_c1_m3_boost_15_s40,boost_15,sh_mpcc_dro,77,40,52,0,0,53,0.0019080588313677414,turn_left,0.0068293152406448945,0.27939240818931105,0,0,0.28440366972477066,0.28440366972477066,0.0
sh_mpcc_dro_four_way_intersection_o1_c1_m3_boost_15_s40,four_way_intersection_o1_c1_m3_boost_15_s40,boost_15,sh_mpcc_dro,77,40,52,0,0,53,0.0019080588313677414,turn_right,0.0047127841399483145,0.40486870917636963,0,0,0.46788990825688076,0.46788990825688076,0.0
sh_mpcc_dro_four_way_intersection_o1_c1_m3_boost_15_s40,four_way_intersection_o1_c1_m3_boost_15_s40,boost_15,sh_mpcc_dro,77,40,53,0,0,54,0.0018833970448032858,constant_velocity,0.004271155964937264,0.44095721632842544,0,0,0.26126126126126126,0.26126126126126126,0.0
sh_mpcc_dro_four_way_intersection_o1_c1_m3_boost_15_s40,four_way_intersection_o1_c1_m3_boost_15_s40,boost_15,sh_mpcc_dro,77,40,53,0,0,54,0.0018833970448032858,turn_left,0.006810439051318412,0.27654561337549666,0,0,0.27927927927927926,0.27927927927927926,0.0
sh_mpcc_dro_four_way_intersection_o1_c1_m3_boost_15_s40,four_way_intersection_o1_c1_m3_boost_15_s40,boost_15,sh_mpcc_dro,77,40,53,0,0,54,0.0018833970448032858,turn_right,0.004732043646130034,0.3980092293408088,0,0,0.4594594594594595,0.4594594594594595,0.0
sh_mpcc_dro_four_way_intersection_o1_c1_m3_boost_15_s40,four_way_intersection_o1_c1_m3_boost_15_s40,boost_15,sh_mpcc_dro,77,40,54,0,0,55,0.0018669189915158835,constant_velocity,0.004297891022779529,0.43438025338960573,0,0,0.25663716814159293,0.25663716814159293,0.0
sh_mpcc_dro_four_way_intersection_o1_c1_m3_boost_15_s40,four_way_intersection_o1_c1_m3_boost_15_s40,boost_15,sh_mpcc_dro,77,40,54,0,0,55,0.0018669189915158835,turn_left,0.0068940612716277645,0.27080104425516416,0,0,0.2743362831858407,0.2743362831858407,0.0
sh_mpcc_dro_four_way_intersection_o1_c1_m3_boost_15_s40,four_way_intersection_o1_c1_m3_boost_15_s40,boost_15,sh_mpcc_dro,77,40,54,0,0,55,0.0018669189915158835,turn_right,0.004648290661242777,0.4016355963025643,0,0,0.4690265486725664,0.4690265486725664,0.0
sh_mpcc_dro_four_way_intersection_o1_c1_m3_boost_15_s40,four_way_intersection_o1_c1_m3_boost_15_s40,boost_15,sh_mpcc_dro,77,40,55,0,0,56,0.0018503344302283268,constant_velocity,0.0043236961655661165,0.42795200203112704,0,0,0.25217391304347825,0.25217391304347825,0.0
sh_mpcc_dro_four_way_intersection_o1_c1_m3_boost_15_s40,four_way_intersection_o1_c1_m3_boost_15_s40,boost_15,sh_mpcc_dro,77,40,55,0,0,56,0.0018503344302283268,turn_left,0.006974774892970256,0.2652894836926198,0,0,0.26956521739130435,0.26956521739130435,0.0
sh_mpcc_dro_four_way_intersection_o1_c1_m3_boost_15_s40,four_way_intersection_o1_c1_m3_boost_15_s40,boost_15,sh_mpcc_dro,77,40,55,0,0,56,0.0018503344302283268,turn_right,0.004567450823655719,0.40511315866721187,0,0,0.4782608695652174,0.4782608695652174,0.0
sh_mpcc_dro_four_way_intersection_o1_c1_m3_boost_15_s40,four_way_intersection_o1_c1_m3_boost_15_s40,boost_15,sh_mpcc_dro,77,40,56,0,0,57,0.0018276124202723243,constant_velocity,0.004249786829402775,0.4300480220861242,0,0,0.26495726495726496,0.26495726495726496,0.0
sh_mpcc_dro_four_way_intersection_o1_c1_m3_boost_15_s40,four_way_intersection_o1_c1_m3_boost_15_s40,boost_15,sh_mpcc_dro,77,40,56,0,0,57,0.0018276124202723243,turn_left,0.006954380223569237,0.26280018657569576,0,0,0.26495726495726496,0.26495726495726496,0.0
sh_mpcc_dro_four_way_intersection_o1_c1_m3_boost_15_s40,four_way_intersection_o1_c1_m3_boost_15_s40,boost_15,sh_mpcc_dro,77,40,56,0,0,57,0.0018276124202723243,turn_right,0.00458820699304681,0.39832824086663404,0,0,0.4700854700854701,0.4700854700854701,0.0
sh_mpcc_dro_four_way_intersection_o1_c1_m3_boost_15_s40,four_way_intersection_o1_c1_m3_boost_15_s40,boost_15,sh_mpcc_dro,77,40,57,0,0,58,0.0018053030703846643,constant_velocity,0.004178361840673317,0.43206001280486306,0,0,0.2773109243697479,0.2773109243697479,0.0
sh_mpcc_dro_four_way_intersection_o1_c1_m3_boost_15_s40,four_way_intersection_o1_c1_m3_boost_15_s40,boost_15,sh_mpcc_dro,77,40,57,0,0,58,0.0018053030703846643,turn_left,0.006934671089274371,0.26033002101236896,0,0,0.2605042016806723,0.2605042016806723,0.0
sh_mpcc_dro_four_way_intersection_o1_c1_m3_boost_15_s40,four_way_intersection_o1_c1_m3_boost_15_s40,boost_15,sh_mpcc_dro,77,40,57,0,0,58,0.0018053030703846643,turn_right,0.004608265476071649,0.39175327023989265,0,0,0.46218487394957986,0.46218487394957986,0.0
sh_mpcc_dro_four_way_intersection_o1_c1_m3_boost_15_s40,four_way_intersection_o1_c1_m3_boost_15_s40,boost_15,sh_mpcc_dro,77,40,58,0,0,59,0.0017939980058035729,constant_velocity,0.00420486307856342,0.42664837648328074,0,0,0.2727272727272727,0.2727272727272727,0.0
sh_mpcc_dro_four_way_intersection_o1_c1_m3_boost_15_s40,four_way_intersection_o1_c1_m3_boost_15_s40,boost_15,sh_mpcc_dro,77,40,58,0,0,59,0.0017939980058035729,turn_left,0.0068200484266417345,0.26304769315061255,0,0,0.2727272727272727,0.2727272727272727,0.0
sh_mpcc_dro_four_way_intersection_o1_c1_m3_boost_15_s40,four_way_intersection_o1_c1_m3_boost_15_s40,boost_15,sh_mpcc_dro,77,40,58,0,0,59,0.0017939980058035729,turn_right,0.00472275851776959,0.3798623196705009,0,0,0.45454545454545453,0.45454545454545453,0.0
sh_mpcc_dro_four_way_intersection_o1_c1_m3_boost_15_s40,four_way_intersection_o1_c1_m3_boost_15_s40,boost_15,sh_mpcc_dro,77,40,59,0,0,60,0.0017820842251104973,constant_velocity,0.0042305024875789,0.42124646666509286,0,0,0.2682926829268293,0.2682926829268293,0.0
sh_mpcc_dro_four_way_intersection_o1_c1_m3_boost_15_s40,four_way_intersection_o1_c1_m3_boost_15_s40,boost_15,sh_mpcc_dro,77,40,59,0,0,60,0.0017820842251104973,turn_left,0.006709153330273827,0.2656198386567152,0,0,0.2845528455284553,0.2845528455284553,0.0
sh_mpcc_dro_four_way_intersection_o1_c1_m3_boost_15_s40,four_way_intersection_o1_c1_m3_boost_15_s40,boost_15,sh_mpcc_dro,77,40,59,0,0,60,0.0017820842251104973,turn_right,0.004833528208517823,0.3686922157545377,0,0,0.44715447154471544,0.44715447154471544,0.0
sh_mpcc_dro_four_way_intersection_o1_c1_m3_boost_15_s40,four_way_intersection_o1_c1_m3_boost_15_s40,boost_15,sh_mpcc_dro,77,40,6,0,0,7,0.00503627391159802,constant_velocity,0.004761389074255318,1.0577320679019904,0,1,0.17647058823529413,0.0,0.07926017370650831
sh_mpcc_dro_four_way_intersection_o1_c1_m3_boost_15_s40,four_way_intersection_o1_c1_m3_boost_15_s40,boost_15,sh_mpcc_dro,77,40,6,0,0,7,0.00503627391159802,turn_left,0.00712711239342575,0.7066359604829049,0,0,0.29411764705882354,0.0,0.06714037478060036
sh_mpcc_dro_four_way_intersection_o1_c1_m3_boost_15_s40,four_way_intersection_o1_c1_m3_boost_15_s40,boost_15,sh_mpcc_dro,77,40,6,0,0,7,0.00503627391159802,turn_right,0.004412972511356148,1.1412429827373491,0,1,0.5294117647058824,1.0,0.09185796463646304
sh_mpcc_dro_four_way_intersection_o1_c1_m3_boost_15_s40,four_way_intersection_o1_c1_m3_boost_15_s40,boost_15,sh_mpcc_dro,77,40,7,0,0,8,0.004685517803335156,constant_velocity,0.004260190224333574,1.099837696582696,0,1,0.2631578947368421,0.0,0.019100858026348227
sh_mpcc_dro_four_way_intersection_o1_c1_m3_boost_15_s40,four_way_intersection_o1_c1_m3_boost_15_s40,boost_15,sh_mpcc_dro,77,40,7,0,0,8,0.004685517803335156,turn_left,0.006985488639699316,0.6707501858505406,0,0,0.2631578947368421,0.0,0.00576553478291425
sh_mpcc_dro_four_way_intersection_o1_c1_m3_boost_15_s40,four_way_intersection_o1_c1_m3_boost_15_s40,boost_15,sh_mpcc_dro,77,40,7,0,0,8,0.004685517803335156,turn_right,0.00455704769258432,1.028191522103202,0,1,0.47368421052631576,1.0,0.032486852624224405
sh_mpcc_dro_four_way_intersection_o1_c1_m3_boost_15_s40,four_way_intersection_o1_c1_m3_boost_15_s40,boost_15,sh_mpcc_dro,77,40,8,0,0,9,0.004348947292469011,constant_velocity,0.004405094653732674,0.9872539943685238,0,0,0.23809523809523808,0.1509380093938001,0.043026733557196634
sh_mpcc_dro_four_way_intersection_o1_c1_m3_boost_15_s40,four_way_intersection_o1_c1_m3_boost_15_s40,boost_15,sh_mpcc_dro,77,40,8,0,0,9,0.004348947292469011,turn_left,0.006320204007347,0.6881023598943204,0,0,0.3333333333333333,0.0,0.029074227935403096
sh_mpcc_dro_four_way_intersection_o1_c1_m3_boost_15_s40,four_way_intersection_o1_c1_m3_boost_15_s40,boost_15,sh_mpcc_dro,77,40,8,0,0,9,0.004348947292469011,turn_right,0.0052216235788902195,0.8328726164886281,0,0,0.42857142857142855,0.8490619906061998,0.05662415815539107
sh_mpcc_dro_four_way_intersection_o1_c1_m3_boost_15_s40,four_way_intersection_o1_c1_m3_boost_15_s40,boost_15,sh_mpcc_dro,77,40,9,0,0,10,0.004277660768234608,constant_velocity,0.004524798312801625,0.945381533610501,0,0,0.21739130434782608,0.08473454357290386,0.018702718330527918
sh_mpcc_dro_four_way_intersection_o1_c1_m3_boost_15_s40,four_way_intersection_o1_c1_m3_boost_15_s40,boost_15,sh_mpcc_dro,77,40,9,0,0,10,0.004277660768234608,turn_left,0.006773672745733831,0.6315127595924601,0,0,0.30434782608695654,0.0,0.00789852880503214
sh_mpcc_dro_four_way_intersection_o1_c1_m3_boost_15_s40,four_way_intersection_o1_c1_m3_boost_15_s40,boost_15,sh_mpcc_dro,77,40,9,0,0,10,0.004277660768234608,turn_right,0.004767569354638953,0.8972414347936747,0,0,0.4782608695652174,0.9152654564270961,0.029321335938262
sh_mpcc_dro_four_way_intersection_o1_c1_m3_boost_15_s40,four_way_intersection_o1_c1_m3_boost_15_s40,boost_15,sh_mpcc_dro,78,40,0,0,0,1,0.012750532197405169,constant_velocity,0.005148107643063581,2.476741568250789,0,1,0.6,0.6,0.0
sh_mpcc_dro_four_way_intersection_o1_c1_m3_boost_15_s40,four_way_intersection_o1_c1_m3_boost_15_s40,boost_15,sh_mpcc_dro,78,40,0,0,0,1,0.012750532197405169,turn_left,0.012857784439968992,0.9916585751561968,0,0,0.2,0.2,0.0
sh_mpcc_dro_four_way_intersection_o1_c1_m3_boost_15_s40,four_way_intersection_o1_c1_m3_boost_15_s40,boost_15,sh_mpcc_dro,78,40,0,0,0,1,0.012750532197405169,turn_right,0.012857784439968992,0.9916585751561968,0,0,0.2,0.2,0.0
sh_mpcc_dro_four_way_intersection_o1_c1_m3_boost_15_s40,four_way_intersection_o1_c1_m3_boost_15_s40,boost_15,sh_mpcc_dro,78,40,1,0,0,2,0.01529236887253553,constant_velocity,0.00735443949009083,2.079338458510679,0,1,0.42857142857142855,0.42857142857142855,0.0
sh_mpcc_dro_four_way_intersection_o1_c1_m3_boost_15_s40,four_way_intersection_o1_c1_m3_boost_15_s40,boost_15,sh_mpcc_dro,78,40,1,0,0,2,0.01529236887253553,turn_left,0.01652073599336874,0.9256469493050271,0,0,0.14285714285714285,0.14285714285714285,0.0
sh_mpcc_dro_four_way_intersection_o1_c1_m3_boost_15_s40,four_way_intersection_o1_c1_m3_boost_15_s40,boost_15,sh_mpcc_dro,78,40,1,0,0,2,0.01529236887253553,turn_right,0.009184131742834995,1.665085965743673,0,1,0.42857142857142855,0.42857142857142855,0.0
sh_mpcc_dro_four_way_intersection_o1_c1_m3_boost_15_s40,four_way_intersection_o1_c1_m3_boost_15_s40,boost_15,sh_mpcc_dro,78,40,10,0,0,11,0.00911372470209963,constant_velocity,0.010296215286127433,0.8851528885938286,0,0,0.2,0.2,0.0
sh_mpcc_dro_four_way_intersection_o1_c1_m3_boost_15_s40,four_way_intersection_o1_c1_m3_boost_15_s40,boost_15,sh_mpcc_dro,78,40,10,0,0,11,0.00911372470209963,turn_left,0.02003517193780158,0.4548862735190313,0,0,0.12,0.12,0.0
sh_mpcc_dro_four_way_intersection_o1_c1_m3_boost_15_s40,four_way_intersection_o1_c1_m3_boost_15_s40,boost_15,sh_mpcc_dro,78,40,10,0,0,11,0.00911372470209963,turn_right,0.005655427606756029,1.611500550588303,0,1,0.68,0.68,0.0
sh_mpcc_dro_four_way_intersection_o1_c1_m3_boost_15_s40,four_way_intersection_o1_c1_m3_boost_15_s40,boost_15,sh_mpcc_dro,78,40,11,0,0,12,0.008654636992803035,constant_velocity,0.009533532672340216,0.9078100731655188,0,0,0.25925925925925924,0.25925925925925924,0.05444586299261031
sh_mpcc_dro_four_way_intersection_o1_c1_m3_boost_15_s40,four_way_intersection_o1_c1_m3_boost_15_s40,boost_15,sh_mpcc_dro,78,40,11,0,0,12,0.008654636992803035,turn_left,0.01950443839482797,0.44372654149826746,0,0,0.1111111111111111,0.4481544273476793,0.07829512526968682
sh_mpcc_dro_four_way_intersection_o1_c1_m3_boost_15_s40,four_way_intersection_o1_c1_m3_boost_15_s40,boost_15,sh_mpcc_dro,78,40,11,0,0,12,0.008654636992803035,turn_right,0.00618986031052666,1.3981958491187114,0,1,0.6296296296296297,0.29258631339306146,0.030557355256757707
sh_mpcc_dro_four_way_intersection_o1_c1_m3_boost_15_s40,four_way_intersection_o1_c1_m3_boost_15_s40,boost_15,sh_mpcc_dro,78,40,12,0,0,13,0.00826338753691121,constant_velocity,0.00976365242650017,0.8463418376593382,0,0,0.2413793103448276,0.0,0.02249979719188855
sh_mpcc_dro_four_way_intersection_o1_c1_m3_boost_15_s40,four_way_intersection_o1_c1_m3_boost_15_s40,boost_15,sh_mpcc_dro,78,40,12,0,0,13,0.00826338753691121,turn_left,0.019930209186692777,0.4146161969252486,0,0,0.10344827586206896,0.5456511622552278,0.046009642073359086
sh_mpcc_dro_four_way_intersection_o1_c1_m3_boost_15_s40,four_way_intersection_o1_c1_m3_boost_15_s40,boost_15,sh_mpcc_dro,78,40,12,0,0,13,0.00826338753691121,turn_right,0.005762973392559305,1.4338757051317021,0,1,0.6551724137931034,0.45434883774477214,0.004060322962351329
sh_mpcc_dro_four_way_intersection_o1_c1_m3_boost_15_s40,four_way_intersection_o1_c1_m3_boost_15_s40,boost_15,sh_mpcc_dro,78,40,13,0,0,14,0.008203321985393442,constant_velocity,0.009964079309155214,0.8232895113406062,0,0,0.22580645161290322,0.0,0.013929648025249208
sh_mpcc_dro_four_way_intersection_o1_c1_m3_boost_15_s40,four_way_intersection_o1_c1_m3_boost_15_s40,boost_15,sh_mpcc_dro,78,40,13,0,0,14,0.008203321985393442,turn_left,0.018644389239163988,0.4399887751839962,0,0,0.16129032258064516,0.5933865354276209,0.0275785312799538
sh_mpcc_dro_four_way_intersection_o1_c1_m3_boost_15_s40,four_way_intersection_o1_c1_m3_boost_15_s40,boost_15,sh_mpcc_dro,78,40,13,0,0,14,0.008203321985393442,turn_right,0.00704782123025644,1.1639514847760912,0,1,0.6129032258064516,0.406613464572379,0.0011208490587953784
sh_mpcc_dro_four_way_intersection_o1_c1_m3_boost_15_s40,four_way_intersection_o1_c1_m3_boost_15_s40,boost_15,sh_mpcc_dro,78,40,14,0,0,15,0.007849217650897595,constant_velocity,0.009360195714661231,0.8385740950483617,0,0,0.2727272727272727,0.8142040866740307,0.04933808310226803
sh_mpcc_dro_four_way_intersection_o1_c1_m3_boost_15_s40,four_way_intersection_o1_c1_m3_boost_15_s40,boost_15,sh_mpcc_dro,78,40,14,0,0,15,0.007849217650897595,turn_left,0.01829444256452746,0.42904929315075513,0,0,0.15151515151515152,0.1857959133259694,0.06861801332491521
sh_mpcc_dro_four_way_intersection_o1_c1_m3_boost_15_s40,four_way_intersection_o1_c1_m3_boost_15_s40,boost_15,sh_mpcc_dro,78,40,14,0,0,15,0.007849217650897595,turn_right,0.007400696859190129,1.0606052105958774,0,1,0.5757575757575758,0.0,0.027703331561727412
sh_mpcc_dro_four_way_intersection_o1_c1_m3_boost_15_s40,four_way_intersection_o1_c1_m3_boost_15_s40,boost_15,sh_mpcc_dro,78,40,15,0,0,16,0.007514845937909101,constant_velocity,0.00882532738810916,0.8515090270797498,0,0,0.3142857142857143,0.0,0.0019441086445627226
sh_mpcc_dro_four_way_intersection_o1_c1_m3_boost_15_s40,four_way_intersection_o1_c1_m3_boost_15_s40,boost_15,sh_mpcc_dro,78,40,15,0,0,16,0.007514845937909101,turn_left,0.017984489795563482,0.4178514944451138,0,0,0.14285714285714285,0.5922736576318519,0.013688141447007016
sh_mpcc_dro_four_way_intersection_o1_c1_m3_boost_15_s40,four_way_intersection_o1_c1_m3_boost_15_s40,boost_15,sh_mpcc_dro,78,40,15,0,0,16,0.007514845937909101,turn_right,0.007713243844816952,0.9742782789058111,0,0,0.5428571428571428,0.407726342368148,0.0
sh_mpcc_dro_four_way_intersection_o1_c1_m3_boost_15_s40,four_way_intersection_o1_c1_m3_boost_15_s40,boost_15,sh_mpcc_dro,78,40,16,0,0,17,0.0074011506837334505,constant_velocity,0.009043972886463143,0.8183517107632378,0,0,0.2972972972972973,0.0,0.10621813444404907
sh_mpcc_dro_four_way_intersection_o1_c1_m3_boost_15_s40,four_way_intersection_o1_c1_m3_boost_15_s40,boost_15,sh_mpcc_dro,78,40,16,0,0,17,0.0074011506837334505,turn_left,0.017012355212019513,0.4350456236949728,0,0,0.1891891891891892,0.6257044345204488,0.12417319507246766
sh_mpcc_dro_four_way_intersection_o1_c1_m3_boost_15_s40,four_way_intersection_o1_c1_m3_boost_15_s40,boost_15,sh_mpcc_dro,78,40,16,0,0,17,0.0074011506837334505,turn_right,0.008684317954657532,0.85224317239146,0,0,0.5135135135135135,0.37429556547955123,0.0915047539891286
sh_mpcc_dro_four_way_intersection_o1_c1_m3_boost_15_s40,four_way_intersection_o1_c1_m3_boost_15_s40,boost_15,sh_mpcc_dro,78,40,17,0,0,18,0.007202293736159498,constant_velocity,0.009240193205498778,0.7794527209532222,0,0,0.28205128205128205,0.0,0.13836193489056806
sh_mpcc_dro_four_way_intersection_o1_c1_m3_boost_15_s40,four_way_intersection_o1_c1_m3_boost_15_s40,boost_15,sh_mpcc_dro,78,40,17,0,0,18,0.007202293736159498,turn_left,0.017456753143550358,0.4125792280462239,0,0,0.1794871794871795,0.6006537295839962,0.15963405069607106
sh_mpcc_dro_four_way_intersection_o1_c1_m3_boost_15_s40,four_way_intersection_o1_c1_m3_boost_15_s40,boost_15,sh_mpcc_dro,78,40,17,0,0,18,0.007202293736159498,turn_right,0.008238968315957097,0.8741742242423989,0,0,0.5384615384615384,0.3993462704160037,0.12000508025657514
sh_mpcc_dro_four_way_intersection_o1_c1_m3_boost_15_s40,four_way_intersection_o1_c1_m3_boost_15_s40,boost_15,sh_mpcc_dro,78,40,18,0,0,19,0.007004138212214898,constant_velocity,0.009417270078774988,0.743754628849511,0,0,0.2682926829268293,0.0,0.1013058908795407
sh_mpcc_dro_four_way_intersection_o1_c1_m3_boost_15_s40,four_way_intersection_o1_c1_m3_boost_15_s40,boost_15,sh_mpcc_dro,78,40,18,0,0,19,0.007004138212214898,turn_left,0.017857795179321772,0.39221741216548717,0,0,0.17073170731707318,0.5773187783000193,0.125280206683004
sh_mpcc_dro_four_way_intersection_o1_c1_m3_boost_15_s40,four_way_intersection_o1_c1_m3_boost_15_s40,boost_15,sh_mpcc_dro,78,40,18,0,0,19,0.007004138212214898,turn_right,0.007837067422495823,0.8937192746498451,0,0,0.5609756097560976,0.4226812216999807,0.07991682806565198
sh_mpcc_dro_four_way_intersection_o1_c1_m3_boost_15_s40,four_way_intersection_o1_c1_m3_boost_15_s40,boost_15,sh_mpcc_dro,78,40,19,0,0,20,0.006809390023953392,constant_velocity,0.009577874684769346,0.7109500017557784,0,0,0.2558139534883721,0.0,1.9867071361062694e-05
sh_mpcc_dro_four_way_intersection_o1_c1_m3_boost_15_s40,four_way_intersection_o1_c1_m3_boost_15_s40,boost_15,sh_mpcc_dro,78,40,19,0,0,20,0.006809390023953392,turn_left,0.018221530979207423,0.3737002138691629,0,0,0.16279069767441862,0.5555693628610204,0.026755459102521528
sh_mpcc_dro_four_way_intersection_o1_c1_m3_boost_15_s40,four_way_intersection_o1_c1_m3_boost_15_s40,boost_15,sh_mpcc_dro,78,40,19,0,0,20,0.006809390023953392,turn_right,0.007472552658658612,0.9112535347694339,0,0,0.5813953488372093,0.4444306371389797,0.0
sh_mpcc_dro_four_way_intersection_o1_c1_m3_boost_15_s40,four_way_intersection_o1_c1_m3_boost_15_s40,boost_15,sh_mpcc_dro,78,40,2,0,0,3,0.015258945871189757,constant_velocity,0.008580179405105597,1.7783947340436717,0,1,0.3333333333333333,0.3333333333333333,0.0
sh_mpcc_dro_four_way_intersection_o1_c1_m3_boost_15_s40,four_way_intersection_o1_c1_m3_boost_15_s40,boost_15,sh_mpcc_dro,78,40,2,0,0,3,0.015258945871189757,turn_left,0.018555709078590835,0.8223315965216974,0,0,0.1111111111111111,0.1111111111111111,0.0
sh_mpcc_dro_four_way_intersection_o1_c1_m3_boost_15_s40,four_way_intersection_o1_c1_m3_boost_15_s40,boost_15,sh_mpcc_dro,78,40,2,0,0,3,0.015258945871189757,turn_right,0.007143213577760304,2.1361458263962585,0,1,0.5555555555555556,0.5555555555555556,0.0
sh_mpcc_dro_four_way_intersection_o1_c1_m3_boost_15_s40,four_way_intersection_o1_c1_m3_boost_15_s40,boost_15,sh_mpcc_dro,78,40,20,0,0,21,0.006590837930191554,constant_velocity,0.009152191365445926,0.7201376880159265,0,0,0.28888888888888886,0.0,0.08191817545627025
sh_mpcc_dro_four_way_intersection_o1_c1_m3_boost_15_s40,four_way_intersection_o1_c1_m3_boost_15_s40,boost_15,sh_mpcc_dro,78,40,20,0,0,21,0.006590837930191554,turn_left,0.017983697118250003,0.36648959815404797,0,0,0.15555555555555556,0.5563202656156873,0.11086637837098895
sh_mpcc_dro_four_way_intersection_o1_c1_m3_boost_15_s40,four_way_intersection_o1_c1_m3_boost_15_s40,boost_15,sh_mpcc_dro,78,40,20,0,0,21,0.006590837930191554,turn_right,0.007712451167502888,0.8545711067789509,0,0,0.5555555555555556,0.44367973438431263,0.05436779901349065
sh_mpcc_dro_four_way_intersection_o1_c1_m3_boost_15_s40,four_way_intersection_o1_c1_m3_boost_15_s40,boost_15,sh_mpcc_dro,78,40,21,0,0,22,0.006527603814115756,constant_velocity,0.009310407439582637,0.7011082873091075,0,0,0.2765957446808511,0.0,0.005316498416217258
sh_mpcc_dro_four_way_intersection_o1_c1_m3_boost_15_s40,four_way_intersection_o1_c1_m3_boost_15_s40,boost_15,sh_mpcc_dro,78,40,21,0,0,22,0.006527603814115756,turn_left,0.01721843341109043,0.3791055584598836,0,0,0.19148936170212766,0.5836598734665818,0.03231997374500134
sh_mpcc_dro_four_way_intersection_o1_c1_m3_boost_15_s40,four_way_intersection_o1_c1_m3_boost_15_s40,boost_15,sh_mpcc_dro,78,40,21,0,0,22,0.006527603814115756,turn_right,0.008476947495560957,0.770041788926262,0,0,0.5319148936170213,0.41634012653341823,0.0
sh_mpcc_dro_four_way_intersection_o1_c1_m3_boost_15_s40,four_way_intersection_o1_c1_m3_boost_15_s40,boost_15,sh_mpcc_dro,78,40,22,0,0,23,0.00637645619958504,constant_velocity,0.009455707915830934,0.6743499541593762,0,0,0.2653061224489796,0.0,0.03141076413160496
sh_mpcc_dro_four_way_intersection_o1_c1_m3_boost_15_s40,four_way_intersection_o1_c1_m3_boost_15_s40,boost_15,sh_mpcc_dro,78,40,22,0,0,23,0.00637645619958504,turn_left,0.017563726532142235,0.36304688460708506,0,0,0.1836734693877551,0.5643266499039028,0.05476356955961162
sh_mpcc_dro_four_way_intersection_o1_c1_m3_boost_15_s40,four_way_intersection_o1_c1_m3_boost_15_s40,boost_15,sh_mpcc_dro,78,40,22,0,0,23,0.00637645619958504,turn_right,0.00813094963859945,0.7842203534645653,0,0,0.5510204081632653,0.43567335009609726,0.014578351591313252
sh_mpcc_dro_four_way_intersection_o1_c1_m3_boost_15_s40,four_way_intersection_o1_c1_m3_boost_15_s40,boost_15,sh_mpcc_dro,78,40,23,0,0,24,0.006193474345878248,constant_velocity,0.009084895840700009,0.6817331155445618,0,0,0.29411764705882354,0.0,0.030368745330422595
sh_mpcc_dro_four_way_intersection_o1_c1_m3_boost_15_s40,four_way_intersection_o1_c1_m3_boost_15_s40,boost_15,sh_mpcc_dro,78,40,23,0,0,24,0.006193474345878248,turn_left,0.017379669378241227,0.356363185690533,0,0,0.17647058823529413,0.5643685260384822,0.04821857490291191
sh_mpcc_dro_four_way_intersection_o1_c1_m3_boost_15_s40,four_way_intersection_o1_c1_m3_boost_15_s40,boost_15,sh_mpcc_dro,78,40,23,0,0,24,0.006193474345878248,turn_right,0.008316805304052578,0.7446939202556921,0,0,0.5294117647058824,0.4356314739615178,0.01676797383426594
sh_mpcc_dro_four_way_intersection_o1_c1_m3_boost_15_s40,four_way_intersection_o1_c1_m3_boost_15_s40,boost_15,sh_mpcc_dro,78,40,24,0,0,25,0.006018093011505156,constant_velocity,0.008742069582560385,0.6884059838085356,0,0,0.32075471698113206,0.32075471698113206,0.0
sh_mpcc_dro_four_way_intersection_o1_c1_m3_boost_15_s40,four_way_intersection_o1_c1_m3_boost_15_s40,boost_15,sh_mpcc_dro,78,40,24,0,0,25,0.006018093011505156,turn_left,0.017209503330294713,0.34969591486764284,0,0,0.16981132075471697,0.16981132075471697,0.0
sh_mpcc_dro_four_way_intersection_o1_c1_m3_boost_15_s40,four_way_intersection_o1_c1_m3_boost_15_s40,boost_15,sh_mpcc_dro,78,40,24,0,0,25,0.006018093011505156,turn_right,0.00848863412683015,0.7089589351582112,0,0,0.5094339622641509,0.5094339622641509,0.0
sh_mpcc_dro_four_way_intersection_o1_c1_m3_boost_15_s40,four_way_intersection_o1_c1_m3_boost_15_s40,boost_15,sh_mpcc_dro,78,40,25,0,0,26,0.005850340019665595,constant_velocity,0.008424176143194552,0.6944702864970098,0,0,0.34545454545454546,0.34545454545454546,0.0
sh_mpcc_dro_four_way_intersection_o1_c1_m3_boost_15_s40,four_way_intersection_o1_c1_m3_boost_15_s40,boost_15,sh_mpcc_dro,78,40,25,0,0,26,0.005850340019665595,turn_left,0.017051712994926128,0.3430939766231352,0,0,0.16363636363636364,0.16363636363636364,0.0
sh_mpcc_dro_four_way_intersection_o1_c1_m3_boost_15_s40,four_way_intersection_o1_c1_m3_boost_15_s40,boost_15,sh_mpcc_dro,78,40,25,0,0,26,0.005850340019665595,turn_right,0.008647966307951173,0.6764989375926032,0,0,0.4909090909090909,0.4909090909090909,0.0
sh_mpcc_dro_four_way_intersection_o1_c1_m3_boost_15_s40,four_way_intersection_o1_c1_m3_boost_15_s40,boost_15,sh_mpcc_dro,78,40,26,0,0,27,0.005802875832223137,constant_velocity,0.008580179405105573,0.6763117131059262,0,0,0.3333333333333333,0.3333333333333333,0.0
sh_mpcc_dro_four_way_intersection_o1_c1_m3_boost_15_s40,four_way_intersection_o1_c1_m3_boost_15_s40,boost_15,sh_mpcc_dro,78,40,26,0,0,27,0.005802875832223137,turn_left,0.01645340727580591,0.3526853578076827,0,0,0.19298245614035087,0.19298245614035087,0.0
sh_mpcc_dro_four_way_intersection_o1_c1_m3_boost_15_s40,four_way_intersection_o1_c1_m3_boost_15_s40,boost_15,sh_mpcc_dro,78,40,26,0,0,27,0.005802875832223137,turn_right,0.009245515380544729,0.627642223648677,0,0,0.47368421052631576,0.47368421052631576,0.0
sh_mpcc_dro_four_way_intersection_o1_c1_m3_boost_15_s40,four_way_intersection_o1_c1_m3_boost_15_s40,boost_15,sh_mpcc_dro,78,40,27,0,0,28,0.005650297179158891,constant_velocity,0.008289325865949753,0.6816353067224371,0,0,0.3559322033898305,0.3559322033898305,0.0
sh_mpcc_dro_four_way_intersection_o1_c1_m3_boost_15_s40,four_way_intersection_o1_c1_m3_boost_15_s40,boost_15,sh_mpcc_dro,78,40,27,0,0,28,0.005650297179158891,turn_left,0.01633194496502095,0.345965969837668,0,0,0.1864406779661017,0.1864406779661017,0.0
sh_mpcc_dro_four_way_intersection_o1_c1_m3_boost_15_s40,four_way_intersection_o1_c1_m3_boost_15_s40,boost_15,sh_mpcc_dro,78,40,27,0,0,28,0.005650297179158891,turn_right,0.009368388388243793,0.6031237118915073,0,0,0.4576271186440678,0.4576271186440678,0.0
sh_mpcc_dro_four_way_intersection_o1_c1_m3_boost_15_s40,four_way_intersection_o1_c1_m3_boost_15_s40,boost_15,sh_mpcc_dro,78,40,28,0,0,29,0.005504381585655049,constant_velocity,0.008017544690016913,0.6865420522705483,0,0,0.3770491803278688,0.0,0.026228552729012783
sh_mpcc_dro_four_way_intersection_o1_c1_m3_boost_15_s40,four_way_intersection_o1_c1_m3_boost_15_s40,boost_15,sh_mpcc_dro,78,40,28,0,0,29,0.005504381585655049,turn_left,0.01621844739592703,0.3393901679538927,0,0,0.18032786885245902,0.5827549700728223,0.04834594296792588
sh_mpcc_dro_four_way_intersection_o1_c1_m3_boost_15_s40,four_way_intersection_o1_c1_m3_boost_15_s40,boost_15,sh_mpcc_dro,78,40,28,0,0,29,0.005504381585655049,turn_right,0.009483204149536031,0.5804347875316332,0,0,0.4426229508196721,0.4172450299271776,0.006985263113303719
sh_mpcc_dro_four_way_intersection_o1_c1_m3_boost_15_s40,four_way_intersection_o1_c1_m3_boost_15_s40,boost_15,sh_mpcc_dro,78,40,29,0,0,30,0.005364869485911035,constant_velocity,0.007763019461762466,0.6910802571520321,0,0,0.3968253968253968,0.0,0.12630578095736525
sh_mpcc_dro_four_way_intersection_o1_c1_m3_boost_15_s40,four_way_intersection_o1_c1_m3_boost_15_s40,boost_15,sh_mpcc_dro,78,40,29,0,0,30,0.005364869485911035,turn_left,0.016112156021696314,0.3329703038306485,0,0,0.1746031746031746,0.5814612331426563,0.1512412650325679
sh_mpcc_dro_four_way_intersection_o1_c1_m3_boost_15_s40,four_way_intersection_o1_c1_m3_boost_15_s40,boost_15,sh_mpcc_dro,78,40,29,0,0,30,0.005364869485911035,turn_right,0.009590730021222547,0.5593807222223492,0,0,0.42857142857142855,0.4185387668573437,0.10378899736336306
sh_mpcc_dro_four_way_intersection_o1_c1_m3_boost_15_s40,four_way_intersection_o1_c1_m3_boost_15_s40,boost_15,sh_mpcc_dro,78,40,3,0,0,4,0.014268347499695114,constant_velocity,0.00936019571466087,1.5243642264174677,0,1,0.2727272727272727,0.0,0.0
sh_mpcc_dro_four_way_intersection_o1_c1_m3_boost_15_s40,four_way_intersection_o1_c1_m3_boost_15_s40,boost_15,sh_mpcc_dro,78,40,3,0,0,4,0.014268347499695114,turn_left,0.01985069195100458,0.7187833822071396,0,0,0.09090909090909091,0.7826030268157129,0.0057287730952904625
sh_mpcc_dro_four_way_intersection_o1_c1_m3_boost_15_s40,four_way_intersection_o1_c1_m3_boost_15_s40,boost_15,sh_mpcc_dro,78,40,3,0,0,4,0.014268347499695114,turn_right,0.005844447472713078,2.4413509688147714,0,1,0.6363636363636364,0.21739697318428702,0.0
sh_mpcc_dro_four_way_intersection_o1_c1_m3_boost_15_s40,four_way_intersection_o1_c1_m3_boost_15_s40,boost_15,sh_mpcc_dro,78,40,30,0,0,31,0.005231477795078896,constant_velocity,0.007524157324477412,0.6952908570983724,0,0,0.4153846153846154,0.008906883542465605,0.07408539383081533
sh_mpcc_dro_four_way_intersection_o1_c1_m3_boost_15_s40,four_way_intersection_o1_c1_m3_boost_15_s40,boost_15,sh_mpcc_dro,78,40,30,0,0,31,0.005231477795078896,turn_left,0.016012405655110477,0.3267140433335969,0,0,0.16923076923076924,0.575708501072919,0.10229295393125076
sh_mpcc_dro_four_way_intersection_o1_c1_m3_boost_15_s40,four_way_intersection_o1_c1_m3_boost_15_s40,boost_15,sh_mpcc_dro,78,40,30,0,0,31,0.005231477795078896,turn_right,0.009691638916189755,0.5397928916171011,0,0,0.4153846153846154,0.4153846153846154,0.047547375086227694
sh_mpcc_dro_four_way_intersection_o1_c1_m3_boost_15_s40,four_way_intersection_o1_c1_m3_boost_15_s40,boost_15,sh_mpcc_dro,78,40,31,0,0,32,0.005163497514141195,constant_velocity,0.007683742750841101,0.6720029133687451,0,0,0.40298507462686567,0.0017893054514678264,0.09120143964718289
sh_mpcc_dro_four_way_intersection_o1_c1_m3_boost_15_s40,four_way_intersection_o1_c1_m3_boost_15_s40,boost_15,sh_mpcc_dro,78,40,31,0,0,32,0.005163497514141195,turn_left,0.016300934288595796,0.31676083239925706,0,0,0.16417910447761194,0.5653748736530098,0.12107070500959766
sh_mpcc_dro_four_way_intersection_o1_c1_m3_boost_15_s40,four_way_intersection_o1_c1_m3_boost_15_s40,boost_15,sh_mpcc_dro,78,40,31,0,0,32,0.005163497514141195,turn_right,0.009402336261975206,0.5491717558563969,0,0,0.43283582089552236,0.43283582089552236,0.062256515389857825
sh_mpcc_dro_four_way_intersection_o1_c1_m3_boost_15_s40,four_way_intersection_o1_c1_m3_boost_15_s40,boost_15,sh_mpcc_dro,78,40,32,0,0,33,0.005042288236299737,constant_velocity,0.007461025569657094,0.6758170427408787,0,0,0.42028985507246375,0.028511859280654195,0.0028798391346666063
sh_mpcc_dro_four_way_intersection_o1_c1_m3_boost_15_s40,four_way_intersection_o1_c1_m3_boost_15_s40,boost_15,sh_mpcc_dro,78,40,32,0,0,33,0.005042288236299737,turn_left,0.01620149471813424,0.31122364473297226,0,0,0.15942028985507245,0.5511982856468821,0.0288002597032469
sh_mpcc_dro_four_way_intersection_o1_c1_m3_boost_15_s40,four_way_intersection_o1_c1_m3_boost_15_s40,boost_15,sh_mpcc_dro,78,40,32,0,0,33,0.005042288236299737,turn_right,0.009502856054603465,0.5306076622992836,0,0,0.42028985507246375,0.4202898550724638,0.0
sh_mpcc_dro_four_way_intersection_o1_c1_m3_boost_15_s40,four_way_intersection_o1_c1_m3_boost_15_s40,boost_15,sh_mpcc_dro,78,40,33,0,0,34,0.004926081271287359,constant_velocity,0.007250855835300481,0.6793792875187151,0,0,0.43661971830985913,0.053870823933126255,0.016361714206715977
sh_mpcc_dro_four_way_intersection_o1_c1_m3_boost_15_s40,four_way_intersection_o1_c1_m3_boost_15_s40,boost_15,sh_mpcc_dro,78,40,33,0,0,34,0.004926081271287359,turn_left,0.016107657376994024,0.3058223276044535,0,0,0.15492957746478872,0.5376784718415216,0.04679346107665655
sh_mpcc_dro_four_way_intersection_o1_c1_m3_boost_15_s40,four_way_intersection_o1_c1_m3_boost_15_s40,boost_15,sh_mpcc_dro,78,40,33,0,0,34,0.004926081271287359,turn_right,0.009597712760323219,0.5132557510630756,0,0,0.4084507042253521,0.4084507042253521,0.0
sh_mpcc_dro_four_way_intersection_o1_c1_m3_boost_15_s40,four_way_intersection_o1_c1_m3_boost_15_s40,boost_15,sh_mpcc_dro,78,40,34,0,0,35,0.004814639247604087,constant_velocity,0.007052202250771774,0.682714289295544,0,0,0.4520547945205479,0.07796477298874693,0.033377771425006
sh_mpcc_dro_four_way_intersection_o1_c1_m3_boost_15_s40,four_way_intersection_o1_c1_m3_boost_15_s40,boost_15,sh_mpcc_dro,78,40,34,0,0,35,0.004814639247604087,turn_left,0.01601896180797119,0.30055875688574746,0,0,0.1506849315068493,0.5247749530386503,0.055246232911456306
sh_mpcc_dro_four_way_intersection_o1_c1_m3_boost_15_s40,four_way_intersection_o1_c1_m3_boost_15_s40,boost_15,sh_mpcc_dro,78,40,34,0,0,35,0.004814639247604087,turn_right,0.009687371838332503,0.4970015942355771,0,0,0.3972602739726027,0.3972602739726027,0.015537611328944115
sh_mpcc_dro_four_way_intersection_o1_c1_m3_boost_15_s40,four_way_intersection_o1_c1_m3_boost_15_s40,boost_15,sh_mpcc_dro,78,40,35,0,0,36,0.004798056616869957,constant_velocity,0.007207350700288686,0.6657171013861964,0,0,0.44,0.06719842322373737,0.01546628729653407
sh_mpcc_dro_four_way_intersection_o1_c1_m3_boost_15_s40,four_way_intersection_o1_c1_m3_boost_15_s40,boost_15,sh_mpcc_dro,78,40,35,0,0,36,0.004798056616869957,turn_left,0.015591789493091902,0.30772969446488385,0,0,0.17333333333333334,0.546134910109596,0.03826027904677454
sh_mpcc_dro_four_way_intersection_o1_c1_m3_boost_15_s40,four_way_intersection_o1_c1_m3_boost_15_s40,boost_15,sh_mpcc_dro,78,40,35,0,0,36,0.004798056616869957,turn_right,0.010113791652693336,0.47440730258589214,0,0,0.38666666666666666,0.38666666666666666,0.0
sh_mpcc_dro_four_way_intersection_o1_c1_m3_boost_15_s40,four_way_intersection_o1_c1_m3_boost_15_s40,boost_15,sh_mpcc_dro,78,40,36,0,0,37,0.004749249458723817,constant_velocity,0.0073544394900907535,0.6457663381584517,0,0,0.42857142857142855,0.797580764661962,0.017911006380000455
sh_mpcc_dro_four_way_intersection_o1_c1_m3_boost_15_s40,four_way_intersection_o1_c1_m3_boost_15_s40,boost_15,sh_mpcc_dro,78,40,36,0,0,37,0.004749249458723817,turn_left,0.01585377197059222,0.299565899366623,0,0,0.16883116883116883,0.16883116883116883,0.035164204372473556
sh_mpcc_dro_four_way_intersection_o1_c1_m3_boost_15_s40,four_way_intersection_o1_c1_m3_boost_15_s40,boost_15,sh_mpcc_dro,78,40,36,0,0,37,0.004749249458723817,turn_right,0.009851095765610763,0.4821036737154657,0,0,0.4025974025974026,0.03358806650686913,0.00020005497044939258
sh_mpcc_dro_four_way_intersection_o1_c1_m3_boost_15_s40,four_way_intersection_o1_c1_m3_boost_15_s40,boost_15,sh_mpcc_dro,78,40,37,0,0,38,0.004725630070731644,constant_velocity,0.00749408074623153,0.6305816858335791,0,0,0.4177215189873418,0.05054737280576771,0.005626754767527817
sh_mpcc_dro_four_way_intersection_o1_c1_m3_boost_15_s40,four_way_intersection_o1_c1_m3_boost_15_s40,boost_15,sh_mpcc_dro,78,40,37,0,0,38,0.004725630070731644,turn_left,0.015452410654881423,0.3058183073356788,0,0,0.189873417721519,0.5570475639030931,0.017792067804228137
sh_mpcc_dro_four_way_intersection_o1_c1_m3_boost_15_s40,four_way_intersection_o1_c1_m3_boost_15_s40,boost_15,sh_mpcc_dro,78,40,37,0,0,38,0.004725630070731644,turn_right,0.010251779793743587,0.46095704022198974,0,0,0.3924050632911392,0.3924050632911392,0.0
sh_mpcc_dro_four_way_intersection_o1_c1_m3_boost_15_s40,four_way_intersection_o1_c1_m3_boost_15_s40,boost_15,sh_mpcc_dro,78,40,38,0,0,39,0.004678718239365523,constant_velocity,0.0076268261378718795,0.613455473454785,0,0,0.4074074074074074,0.0438782379526963,0.005226973792982828
sh_mpcc_dro_four_way_intersection_o1_c1_m3_boost_15_s40,four_way_intersection_o1_c1_m3_boost_15_s40,boost_15,sh_mpcc_dro,78,40,38,0,0,39,0.004678718239365523,turn_left,0.015704897178880687,0.29791460498431505,0,0,0.18518518518518517,0.5487143546398963,0.01485853208837258
sh_mpcc_dro_four_way_intersection_o1_c1_m3_boost_15_s40,four_way_intersection_o1_c1_m3_boost_15_s40,boost_15,sh_mpcc_dro,78,40,38,0,0,39,0.004678718239365523,turn_right,0.009998649428466214,0.46793502190857744,0,0,0.4074074074074074,0.4074074074074074,0.0
sh_mpcc_dro_four_way_intersection_o1_c1_m3_boost_15_s40,four_way_intersection_o1_c1_m3_boost_15_s40,boost_15,sh_mpcc_dro,78,40,39,0,0,40,0.00462999099184984,constant_velocity,0.007753174161240056,0.5971736085842435,0,0,0.39759036144578314,0.39759036144578314,0.0
sh_mpcc_dro_four_way_intersection_o1_c1_m3_boost_15_s40,four_way_intersection_o1_c1_m3_boost_15_s40,boost_15,sh_mpcc_dro,78,40,39,0,0,40,0.00462999099184984,turn_left,0.01594521567762775,0.2903686651505153,0,0,0.18072289156626506,0.18072289156626506,0.0
sh_mpcc_dro_four_way_intersection_o1_c1_m3_boost_15_s40,four_way_intersection_o1_c1_m3_boost_15_s40,boost_15,sh_mpcc_dro,78,40,39,0,0,40,0.00462999099184984,turn_right,0.009757718116936667,0.4744952596871467,0,0,0.42168674698795183,0.42168674698795183,0.0
sh_mpcc_dro_four_way_intersection_o1_c1_m3_boost_15_s40,four_way_intersection_o1_c1_m3_boost_15_s40,boost_15,sh_mpcc_dro,78,40,4,0,0,5,0.013096255630230721,constant_velocity,0.009900207005891393,1.32282644417813,0,1,0.23076923076923078,0.0,0.16652118367679827
sh_mpcc_dro_four_way_intersection_o1_c1_m3_boost_15_s40,four_way_intersection_o1_c1_m3_boost_15_s40,boost_15,sh_mpcc_dro,78,40,4,0,0,5,0.013096255630230721,turn_left,0.02074721855498361,0.6312294631457922,0,0,0.07692307692307693,0.7020434342068751,0.17691755938389664
sh_mpcc_dro_four_way_intersection_o1_c1_m3_boost_15_s40,four_way_intersection_o1_c1_m3_boost_15_s40,boost_15,sh_mpcc_dro,78,40,4,0,0,5,0.013096255630230721,turn_right,0.004945301707680327,2.6482217677217776,0,1,0.6923076923076923,0.2979565657931248,0.15971594257635008
sh_mpcc_dro_four_way_intersection_o1_c1_m3_boost_15_s40,four_way_intersection_o1_c1_m3_boost_15_s40,boost_15,sh_mpcc_dro,78,40,40,0,0,41,0.004580044003953628,constant_velocity,0.007873576395273604,0.5816980459734872,0,0,0.38823529411764707,0.38823529411764707,0.0
sh_mpcc_dro_four_way_intersection_o1_c1_m3_boost_15_s40,four_way_intersection_o1_c1_m3_boost_15_s40,boost_15,sh_mpcc_dro,78,40,40,0,0,41,0.004580044003953628,turn_left,0.016174225070550947,0.2831693007841653,0,0,0.17647058823529413,0.17647058823529413,0.0
sh_mpcc_dro_four_way_intersection_o1_c1_m3_boost_15_s40,four_way_intersection_o1_c1_m3_boost_15_s40,boost_15,sh_mpcc_dro,78,40,40,0,0,41,0.004580044003953628,turn_right,0.009528124749479533,0.4806868218432814,0,0,0.43529411764705883,0.43529411764705883,0.0
sh_mpcc_dro_four_way_intersection_o1_c1_m3_boost_15_s40,four_way_intersection_o1_c1_m3_boost_15_s40,boost_15,sh_mpcc_dro,78,40,41,0,0,42,0.004559400394162596,constant_velocity,0.0079884428944089,0.5707495759096824,0,0,0.3793103448275862,0.3793103448275862,0.0
sh_mpcc_dro_four_way_intersection_o1_c1_m3_boost_15_s40,four_way_intersection_o1_c1_m3_boost_15_s40,boost_15,sh_mpcc_dro,78,40,41,0,0,42,0.004559400394162596,turn_left,0.015802403804561167,0.28852574902854855,0,0,0.19540229885057472,0.19540229885057472,0.0
sh_mpcc_dro_four_way_intersection_o1_c1_m3_boost_15_s40,four_way_intersection_o1_c1_m3_boost_15_s40,boost_15,sh_mpcc_dro,78,40,41,0,0,42,0.004559400394162596,turn_right,0.009899388890339065,0.4605739247815762,0,0,0.42528735632183906,0.42528735632183906,0.0
sh_mpcc_dro_four_way_intersection_o1_c1_m3_boost_15_s40,four_way_intersection_o1_c1_m3_boost_15_s40,boost_15,sh_mpcc_dro,78,40,42,0,0,43,0.004532355872011378,constant_velocity,0.008098146854257188,0.5596781527404289,0,0,0.3707865168539326,0.3707865168539326,0.0
sh_mpcc_dro_four_way_intersection_o1_c1_m3_boost_15_s40,four_way_intersection_o1_c1_m3_boost_15_s40,boost_15,sh_mpcc_dro,78,40,42,0,0,43,0.004532355872011378,turn_left,0.015447293606705964,0.293407763677373,0,0,0.21348314606741572,0.21348314606741572,0.0
sh_mpcc_dro_four_way_intersection_o1_c1_m3_boost_15_s40,four_way_intersection_o1_c1_m3_boost_15_s40,boost_15,sh_mpcc_dro,78,40,42,0,0,43,0.004532355872011378,turn_right,0.010253967002395854,0.442009991933111,0,0,0.4157303370786517,0.4157303370786517,0.0
sh_mpcc_dro_four_way_intersection_o1_c1_m3_boost_15_s40,four_way_intersection_o1_c1_m3_boost_15_s40,boost_15,sh_mpcc_dro,78,40,43,0,0,44,0.004453657604563253,constant_velocity,0.007920165604712922,0.5623187477182408,0,0,0.38461538461538464,0.38461538461538464,0.0
sh_mpcc_dro_four_way_intersection_o1_c1_m3_boost_15_s40,four_way_intersection_o1_c1_m3_boost_15_s40,boost_15,sh_mpcc_dro,78,40,43,0,0,44,0.004453657604563253,turn_left,0.015390655705628087,0.2893741299751531,0,0,0.2087912087912088,0.2087912087912088,0.0
sh_mpcc_dro_four_way_intersection_o1_c1_m3_boost_15_s40,four_way_intersection_o1_c1_m3_boost_15_s40,boost_15,sh_mpcc_dro,78,40,43,0,0,44,0.004453657604563253,turn_right,0.010311468147566276,0.4319130448571875,0,0,0.4065934065934066,0.4065934065934066,0.0
sh_mpcc_dro_four_way_intersection_o1_c1_m3_boost_15_s40,four_way_intersection_o1_c1_m3_boost_15_s40,boost_15,sh_mpcc_dro,78,40,44,0,0,45,0.0044243513995467386,constant_velocity,0.008026619443485948,0.5512098126362959,0,0,0.3763440860215054,0.3763440860215054,0.0
sh_mpcc_dro_four_way_intersection_o1_c1_m3_boost_15_s40,four_way_intersection_o1_c1_m3_boost_15_s40,boost_15,sh_mpcc_dro,78,40,44,0,0,45,0.0044243513995467386,turn_left,0.0150596738624963,0.29378799567266034,0,0,0.22580645161290322,0.22580645161290322,0.0
sh_mpcc_dro_four_way_intersection_o1_c1_m3_boost_15_s40,four_way_intersection_o1_c1_m3_boost_15_s40,boost_15,sh_mpcc_dro,78,40,44,0,0,45,0.0044243513995467386,turn_right,0.01064193366862652,0.4157469438651142,0,0,0.3978494623655914,0.3978494623655914,0.0
sh_mpcc_dro_four_way_intersection_o1_c1_m3_boost_15_s40,four_way_intersection_o1_c1_m3_boost_15_s40,boost_15,sh_mpcc_dro,78,40,45,0,0,46,0.0043912169714859966,constant_velocity,0.008128591015363397,0.540218712343431,0,0,0.3684210526315789,0.3684210526315789,0.0
sh_mpcc_dro_four_way_intersection_o1_c1_m3_boost_15_s40,four_way_intersection_o1_c1_m3_boost_15_s40,boost_15,sh_mpcc_dro,78,40,45,0,0,46,0.0043912169714859966,turn_left,0.014742628096969693,0.2978584918918628,0,0,0.24210526315789474,0.24210526315789474,0.0
sh_mpcc_dro_four_way_intersection_o1_c1_m3_boost_15_s40,four_way_intersection_o1_c1_m3_boost_15_s40,boost_15,sh_mpcc_dro,78,40,45,0,0,46,0.0043912169714859966,turn_right,0.010958484851958113,0.4007138788626745,0,0,0.3894736842105263,0.3894736842105263,0.0
sh_mpcc_dro_four_way_intersection_o1_c1_m3_boost_15_s40,four_way_intersection_o1_c1_m3_boost_15_s40,boost_15,sh_mpcc_dro,78,40,46,0,0,47,0.0043551314866853855,constant_velocity,0.00822635757396755,0.5294118870382286,0,0,0.36082474226804123,0.36082474226804123,0.0
sh_mpcc_dro_four_way_intersection_o1_c1_m3_boost_15_s40,four_way_intersection_o1_c1_m3_boost_15_s40,boost_15,sh_mpcc_dro,78,40,46,0,0,47,0.0043551314866853855,turn_left,0.014438656383630198,0.30162996964336714,0,0,0.25773195876288657,0.25773195876288657,0.0
sh_mpcc_dro_four_way_intersection_o1_c1_m3_boost_15_s40,four_way_intersection_o1_c1_m3_boost_15_s40,boost_15,sh_mpcc_dro,78,40,46,0,0,47,0.0043551314866853855,turn_right,0.011261982378245154,0.38671091291158666,0,0,0.38144329896907214,0.38144329896907214,0.0
sh_mpcc_dro_four_way_intersection_o1_c1_m3_boost_15_s40,four_way_intersection_o1_c1_m3_boost_15_s40,boost_15,sh_mpcc_dro,78,40,47,0,0,48,0.0043225112667141085,constant_velocity,0.008320173968587556,0.5195217411358892,0,0,0.35353535353535354,0.35353535353535354,0.0
sh_mpcc_dro_four_way_intersection_o1_c1_m3_boost_15_s40,four_way_intersection_o1_c1_m3_boost_15_s40,boost_15,sh_mpcc_dro,78,40,47,0,0,48,0.0043225112667141085,turn_left,0.014665716151170485,0.2947357784753747,0,0,0.25252525252525254,0.25252525252525254,0.0
sh_mpcc_dro_four_way_intersection_o1_c1_m3_boost_15_s40,four_way_intersection_o1_c1_m3_boost_15_s40,boost_15,sh_mpcc_dro,78,40,47,0,0,48,0.0043225112667141085,turn_right,0.011034467582724965,0.39172812229574405,0,0,0.3939393939393939,0.3939393939393939,0.0
sh_mpcc_dro_four_way_intersection_o1_c1_m3_boost_15_s40,four_way_intersection_o1_c1_m3_boost_15_s40,boost_15,sh_mpcc_dro,78,40,48,0,0,49,0.004255891485494207,constant_velocity,0.008155418048417544,0.5218483540914263,0,0,0.36633663366336633,0.36633663366336633,0.0
sh_mpcc_dro_four_way_intersection_o1_c1_m3_boost_15_s40,four_way_intersection_o1_c1_m3_boost_15_s40,boost_15,sh_mpcc_dro,78,40,48,0,0,49,0.004255891485494207,turn_left,0.014630162744368121,0.29089843769048374,0,0,0.24752475247524752,0.24752475247524752,0.0
sh_mpcc_dro_four_way_intersection_o1_c1_m3_boost_15_s40,four_way_intersection_o1_c1_m3_boost_15_s40,boost_15,sh_mpcc_dro,78,40,48,0,0,49,0.004255891485494207,turn_right,0.0110708200881693,0.38442422978603136,0,0,0.38613861386138615,0.38613861386138615,0.0
sh_mpcc_dro_four_way_intersection_o1_c1_m3_boost_15_s40,four_way_intersection_o1_c1_m3_boost_15_s40,boost_15,sh_mpcc_dro,78,40,49,0,0,50,0.00419103950017502,constant_velocity,0.007997060416409435,0.5240725068895674,0,0,0.3786407766990291,0.3786407766990291,0.0
sh_mpcc_dro_four_way_intersection_o1_c1_m3_boost_15_s40,four_way_intersection_o1_c1_m3_boost_15_s40,boost_15,sh_mpcc_dro,78,40,49,0,0,50,0.00419103950017502,turn_left,0.014595990052393166,0.28713636314707236,0,0,0.24271844660194175,0.24271844660194175,0.0
sh_mpcc_dro_four_way_intersection_o1_c1_m3_boost_15_s40,four_way_intersection_o1_c1_m3_boost_15_s40,boost_15,sh_mpcc_dro,78,40,49,0,0,50,0.00419103950017502,turn_right,0.011105760845829307,0.3773752702183333,0,0,0.3786407766990291,0.3786407766990291,0.0
sh_mpcc_dro_four_way_intersection_o1_c1_m3_boost_15_s40,four_way_intersection_o1_c1_m3_boost_15_s40,boost_15,sh_mpcc_dro,78,40,5,0,0,6,0.011984024262521844,constant_velocity,0.010296215286126995,1.1639251831368547,0,1,0.2,0.2,0.0
sh_mpcc_dro_four_way_intersection_o1_c1_m3_boost_15_s40,four_way_intersection_o1_c1_m3_boost_15_s40,boost_15,sh_mpcc_dro,78,40,5,0,0,6,0.011984024262521844,turn_left,0.021404671397901538,0.5598789180055681,0,0,0.06666666666666667,0.06666666666666667,0.0
sh_mpcc_dro_four_way_intersection_o1_c1_m3_boost_15_s40,four_way_intersection_o1_c1_m3_boost_15_s40,boost_15,sh_mpcc_dro,78,40,5,0,0,6,0.011984024262521844,turn_right,0.0042859281466562735,2.796132798416452,0,1,0.7333333333333333,0.7333333333333333,0.0
sh_mpcc_dro_four_way_intersection_o1_c1_m3_boost_15_s40,four_way_intersection_o1_c1_m3_boost_15_s40,boost_15,sh_mpcc_dro,78,40,50,0,0,51,0.00415981264044483,constant_velocity,0.00808988343909988,0.5141993295403612,0,0,0.37142857142857144,0.37142857142857144,0.0
sh_mpcc_dro_four_way_intersection_o1_c1_m3_boost_15_s40,four_way_intersection_o1_c1_m3_boost_15_s40,boost_15,sh_mpcc_dro,78,40,50,0,0,51,0.00415981264044483,turn_left,0.014317971194252342,0.2905308708900533,0,0,0.2571428571428571,0.2571428571428571,0.0
sh_mpcc_dro_four_way_intersection_o1_c1_m3_boost_15_s40,four_way_intersection_o1_c1_m3_boost_15_s40,boost_15,sh_mpcc_dro,78,40,50,0,0,51,0.00415981264044483,turn_right,0.011383329494039562,0.3654302234353274,0,0,0.37142857142857144,0.37142857142857144,0.0
sh_mpcc_dro_four_way_intersection_o1_c1_m3_boost_15_s40,four_way_intersection_o1_c1_m3_boost_15_s40,boost_15,sh_mpcc_dro,78,40,51,0,0,52,0.0041266734425031764,constant_velocity,0.008179236442250472,0.5045304010514391,0,0,0.3644859813084112,0.3644859813084112,0.0
sh_mpcc_dro_four_way_intersection_o1_c1_m3_boost_15_s40,four_way_intersection_o1_c1_m3_boost_15_s40,boost_15,sh_mpcc_dro,78,40,51,0,0,52,0.0041266734425031764,turn_left,0.01405034556445337,0.2937061884757797,0,0,0.27102803738317754,0.27102803738317754,0.0
sh_mpcc_dro_four_way_intersection_o1_c1_m3_boost_15_s40,four_way_intersection_o1_c1_m3_boost_15_s40,boost_15,sh_mpcc_dro,78,40,51,0,0,52,0.0041266734425031764,turn_right,0.011650521744185793,0.3542050333121431,0,0,0.3644859813084112,0.3644859813084112,0.0
sh_mpcc_dro_four_way_intersection_o1_c1_m3_boost_15_s40,four_way_intersection_o1_c1_m3_boost_15_s40,boost_15,sh_mpcc_dro,78,40,52,0,0,53,0.004067615580847585,constant_velocity,0.00802915870936496,0.5066054524620675,0,0,0.3761467889908257,0.3761467889908257,0.0
sh_mpcc_dro_four_way_intersection_o1_c1_m3_boost_15_s40,four_way_intersection_o1_c1_m3_boost_15_s40,boost_15,sh_mpcc_dro,78,40,52,0,0,53,0.004067615580847585,turn_left,0.014028692785429618,0.28994972254808116,0,0,0.26605504587155965,0.26605504587155965,0.0
sh_mpcc_dro_four_way_intersection_o1_c1_m3_boost_15_s40,four_way_intersection_o1_c1_m3_boost_15_s40,boost_15,sh_mpcc_dro,78,40,52,0,0,53,0.004067615580847585,turn_right,0.01167290242975382,0.34846651082076857,0,0,0.3577981651376147,0.3577981651376147,0.0
sh_mpcc_dro_four_way_intersection_o1_c1_m3_boost_15_s40,four_way_intersection_o1_c1_m3_boost_15_s40,boost_15,sh_mpcc_dro,78,40,53,0,0,54,0.004010026008941373,constant_velocity,0.007884489183070095,0.5085968051743756,0,0,0.38738738738738737,0.38738738738738737,0.0
sh_mpcc_dro_four_way_intersection_o1_c1_m3_boost_15_s40,four_way_intersection_o1_c1_m3_boost_15_s40,boost_15,sh_mpcc_dro,78,40,53,0,0,54,0.004010026008941373,turn_left,0.014007820286731035,0.2862705208132836,0,0,0.26126126126126126,0.26126126126126126,0.0
sh_mpcc_dro_four_way_intersection_o1_c1_m3_boost_15_s40,four_way_intersection_o1_c1_m3_boost_15_s40,boost_15,sh_mpcc_dro,78,40,53,0,0,54,0.004010026008941373,turn_right,0.011694476604130484,0.34289914330368865,0,0,0.35135135135135137,0.35135135135135137,0.0
sh_mpcc_dro_four_way_intersection_o1_c1_m3_boost_15_s40,four_way_intersection_o1_c1_m3_boost_15_s40,boost_15,sh_mpcc_dro,78,40,54,0,0,55,0.003987476896408941,constant_velocity,0.007972733075540691,0.5001392695112298,0,0,0.3805309734513274,0.3805309734513274,0.0
sh_mpcc_dro_four_way_intersection_o1_c1_m3_boost_15_s40,four_way_intersection_o1_c1_m3_boost_15_s40,boost_15,sh_mpcc_dro,78,40,54,0,0,55,0.003987476896408941,turn_left,0.014214374173282123,0.2805242670411726,0,0,0.25663716814159293,0.25663716814159293,0.0
sh_mpcc_dro_four_way_intersection_o1_c1_m3_boost_15_s40,four_way_intersection_o1_c1_m3_boost_15_s40,boost_15,sh_mpcc_dro,78,40,54,0,0,55,0.003987476896408941,turn_right,0.011487494717331714,0.3471145793340693,0,0,0.36283185840707965,0.36283185840707965,0.0
sh_mpcc_dro_four_way_intersection_o1_c1_m3_boost_15_s40,four_way_intersection_o1_c1_m3_boost_15_s40,boost_15,sh_mpcc_dro,78,40,55,0,0,56,0.0039635576112566975,constant_velocity,0.008057907615229894,0.491884221130229,0,0,0.3739130434782609,0.3739130434782609,0.0
sh_mpcc_dro_four_way_intersection_o1_c1_m3_boost_15_s40,four_way_intersection_o1_c1_m3_boost_15_s40,boost_15,sh_mpcc_dro,78,40,55,0,0,56,0.0039635576112566975,turn_left,0.014413743576822733,0.27498460688797666,0,0,0.25217391304347825,0.25217391304347825,0.0
sh_mpcc_dro_four_way_intersection_o1_c1_m3_boost_15_s40,four_way_intersection_o1_c1_m3_boost_15_s40,boost_15,sh_mpcc_dro,78,40,55,0,0,56,0.0039635576112566975,turn_right,0.011287712200508847,0.35113914501452487,0,0,0.3739130434782609,0.3739130434782609,0.0
sh_mpcc_dro_four_way_intersection_o1_c1_m3_boost_15_s40,four_way_intersection_o1_c1_m3_boost_15_s40,boost_15,sh_mpcc_dro,78,40,56,0,0,57,0.003936380202911222,constant_velocity,0.008140170204844081,0.48357468011771393,0,0,0.36752136752136755,0.36752136752136755,0.0
sh_mpcc_dro_four_way_intersection_o1_c1_m3_boost_15_s40,four_way_intersection_o1_c1_m3_boost_15_s40,boost_15,sh_mpcc_dro,78,40,56,0,0,57,0.003936380202911222,turn_left,0.014167354797731607,0.27784863576237195,0,0,0.26495726495726496,0.26495726495726496,0.0
sh_mpcc_dro_four_way_intersection_o1_c1_m3_boost_15_s40,four_way_intersection_o1_c1_m3_boost_15_s40,boost_15,sh_mpcc_dro,78,40,56,0,0,57,0.003936380202911222,turn_right,0.011533701989848405,0.34129373260865403,0,0,0.36752136752136755,0.36752136752136755,0.0
sh_mpcc_dro_four_way_intersection_o1_c1_m3_boost_15_s40,four_way_intersection_o1_c1_m3_boost_15_s40,boost_15,sh_mpcc_dro,78,40,57,0,0,58,0.0039078407273676,constant_velocity,0.008219667665395551,0.4754256359803259,0,0,0.36134453781512604,0.36134453781512604,0.0
sh_mpcc_dro_four_way_intersection_o1_c1_m3_boost_15_s40,four_way_intersection_o1_c1_m3_boost_15_s40,boost_15,sh_mpcc_dro,78,40,57,0,0,58,0.0039078407273676,turn_left,0.013929247994408523,0.2805492966265146,0,0,0.2773109243697479,0.2773109243697479,0.0
sh_mpcc_dro_four_way_intersection_o1_c1_m3_boost_15_s40,four_way_intersection_o1_c1_m3_boost_15_s40,boost_15,sh_mpcc_dro,78,40,57,0,0,58,0.0039078407273676,turn_right,0.011771423214840239,0.33197691188615014,0,0,0.36134453781512604,0.36134453781512604,0.0
sh_mpcc_dro_four_way_intersection_o1_c1_m3_boost_15_s40,four_way_intersection_o1_c1_m3_boost_15_s40,boost_15,sh_mpcc_dro,78,40,58,0,0,59,0.0038576289828646236,constant_velocity,0.008083805389934286,0.47720458333497595,0,0,0.371900826446281,0.371900826446281,0.0
sh_mpcc_dro_four_way_intersection_o1_c1_m3_boost_15_s40,four_way_intersection_o1_c1_m3_boost_15_s40,boost_15,sh_mpcc_dro,78,40,58,0,0,59,0.0038576289828646236,turn_left,0.013911744211156462,0.2772929780991096,0,0,0.2727272727272727,0.2727272727272727,0.0
sh_mpcc_dro_four_way_intersection_o1_c1_m3_boost_15_s40,four_way_intersection_o1_c1_m3_boost_15_s40,boost_15,sh_mpcc_dro,78,40,58,0,0,59,0.0038576289828646236,turn_right,0.011789585956870012,0.32720648519609047,0,0,0.35537190082644626,0.35537190082644626,0.0
sh_mpcc_dro_four_way_intersection_o1_c1_m3_boost_15_s40,four_way_intersection_o1_c1_m3_boost_15_s40,boost_15,sh_mpcc_dro,78,40,59,0,0,60,0.003829519346235837,constant_velocity,0.008161634068271263,0.46920988054625895,0,0,0.36585365853658536,0.36585365853658536,0.0
sh_mpcc_dro_four_way_intersection_o1_c1_m3_boost_15_s40,four_way_intersection_o1_c1_m3_boost_15_s40,boost_15,sh_mpcc_dro,78,40,59,0,0,60,0.003829519346235837,turn_left,0.013685536988210829,0.2798223664540683,0,0,0.2845528455284553,0.2845528455284553,0.0
sh_mpcc_dro_four_way_intersection_o1_c1_m3_boost_15_s40,four_way_intersection_o1_c1_m3_boost_15_s40,boost_15,sh_mpcc_dro,78,40,59,0,0,60,0.003829519346235837,turn_right,0.012015415695406559,0.31871717494550317,0,0,0.34959349593495936,0.34959349593495936,0.0
sh_mpcc_dro_four_way_intersection_o1_c1_m3_boost_15_s40,four_way_intersection_o1_c1_m3_boost_15_s40,boost_15,sh_mpcc_dro,78,40,6,0,0,7,0.010992054963098,constant_velocity,0.010599045147483587,1.0370797378580578,0,1,0.17647058823529413,0.0,0.18620789710841915
sh_mpcc_dro_four_way_intersection_o1_c1_m3_boost_15_s40,four_way_intersection_o1_c1_m3_boost_15_s40,boost_15,sh_mpcc_dro,78,40,6,0,0,7,0.010992054963098,turn_left,0.0219074294542503,0.5017501019940709,0,0,0.058823529411764705,0.574915271487258,0.2089350695262041
sh_mpcc_dro_four_way_intersection_o1_c1_m3_boost_15_s40,four_way_intersection_o1_c1_m3_boost_15_s40,boost_15,sh_mpcc_dro,78,40,6,0,0,7,0.010992054963098,turn_right,0.003781701305873157,2.906642823965719,0,1,0.7647058823529411,0.425084728512742,0.1661970542578572
sh_mpcc_dro_four_way_intersection_o1_c1_m3_boost_15_s40,four_way_intersection_o1_c1_m3_boost_15_s40,boost_15,sh_mpcc_dro,78,40,7,0,0,8,0.010124300181929282,constant_velocity,0.010838121353818292,0.9341379240381426,0,0,0.15789473684210525,0.0,0.07129459053797196
sh_mpcc_dro_four_way_intersection_o1_c1_m3_boost_15_s40,four_way_intersection_o1_c1_m3_boost_15_s40,boost_15,sh_mpcc_dro,78,40,7,0,0,8,0.010124300181929282,turn_left,0.022304343709262715,0.45391607634367587,0,0,0.05263157894736842,0.5256644194583824,0.09770483523924633
sh_mpcc_dro_four_way_intersection_o1_c1_m3_boost_15_s40,four_way_intersection_o1_c1_m3_boost_15_s40,boost_15,sh_mpcc_dro,78,40,7,0,0,8,0.010124300181929282,turn_right,0.0033836274842024036,2.992143854250494,0,1,0.7894736842105263,0.47433558054161756,0.04703394865957483
sh_mpcc_dro_four_way_intersection_o1_c1_m3_boost_15_s40,four_way_intersection_o1_c1_m3_boost_15_s40,boost_15,sh_mpcc_dro,78,40,8,0,0,9,0.009368333696253998,constant_velocity,0.011031659235136675,0.8492225418289882,0,0,0.14285714285714285,0.0,0.047386287111729736
sh_mpcc_dro_four_way_intersection_o1_c1_m3_boost_15_s40,four_way_intersection_o1_c1_m3_boost_15_s40,boost_15,sh_mpcc_dro,78,40,8,0,0,9,0.009368333696253998,turn_left,0.022625655249034468,0.4140580059732761,0,0,0.047619047619047616,0.48371126087906735,0.07579536796625558
sh_mpcc_dro_four_way_intersection_o1_c1_m3_boost_15_s40,four_way_intersection_o1_c1_m3_boost_15_s40,boost_15,sh_mpcc_dro,78,40,8,0,0,9,0.009368333696253998,turn_right,0.0030613772476117285,3.0601696355986556,0,1,0.8095238095238095,0.5162887391209325,0.020584030990988433
sh_mpcc_dro_four_way_intersection_o1_c1_m3_boost_15_s40,four_way_intersection_o1_c1_m3_boost_15_s40,boost_15,sh_mpcc_dro,78,40,9,0,0,10,0.009574714969787112,constant_velocity,0.011191538354485985,0.8555316227772395,0,0,0.13043478260869565,0.13043478260869565,0.0
sh_mpcc_dro_four_way_intersection_o1_c1_m3_boost_15_s40,four_way_intersection_o1_c1_m3_boost_15_s40,boost_15,sh_mpcc_dro,78,40,9,0,0,10,0.009574714969787112,turn_left,0.020658206966509447,0.46348238185963536,0,0,0.13043478260869565,0.13043478260869565,0.0
sh_mpcc_dro_four_way_intersection_o1_c1_m3_boost_15_s40,four_way_intersection_o1_c1_m3_boost_15_s40,boost_15,sh_mpcc_dro,78,40,9,0,0,10,0.009574714969787112,turn_right,0.005028050084938214,1.9042600626570267,0,1,0.7391304347826086,0.7391304347826086,0.0
sh_mpcc_dro_four_way_intersection_o1_c1_m3_boost_30_s40,four_way_intersection_o1_c1_m3_boost_30_s40,boost_30,sh_mpcc_dro,77,40,0,0,0,1,0.007981268258392552,constant_velocity,0.004625349386419347,1.7255492702511595,0,1,0.2,0.2,0.0
sh_mpcc_dro_four_way_intersection_o1_c1_m3_boost_30_s40,four_way_intersection_o1_c1_m3_boost_30_s40,boost_30,sh_mpcc_dro,77,40,0,0,0,1,0.007981268258392552,turn_left,0.00807739404588252,0.9880994059539576,0,0,0.2,0.2,0.0
sh_mpcc_dro_four_way_intersection_o1_c1_m3_boost_30_s40,four_way_intersection_o1_c1_m3_boost_30_s40,boost_30,sh_mpcc_dro,77,40,0,0,0,1,0.007981268258392552,turn_right,0.0034633562463640645,2.304489544432955,0,1,0.6,0.6,0.0
sh_mpcc_dro_four_way_intersection_o1_c1_m3_boost_30_s40,four_way_intersection_o1_c1_m3_boost_30_s40,boost_30,sh_mpcc_dro,77,40,1,0,0,2,0.005721403731458466,constant_velocity,0.004955731485449349,1.1545023672604593,0,1,0.14285714285714285,0.14285714285714285,0.0
sh_mpcc_dro_four_way_intersection_o1_c1_m3_boost_30_s40,four_way_intersection_o1_c1_m3_boost_30_s40,boost_30,sh_mpcc_dro,77,40,1,0,0,2,0.005721403731458466,turn_left,0.005769567175630369,0.9916521564433226,0,0,0.42857142857142855,0.42857142857142855,0.0
sh_mpcc_dro_four_way_intersection_o1_c1_m3_boost_30_s40,four_way_intersection_o1_c1_m3_boost_30_s40,boost_30,sh_mpcc_dro,77,40,1,0,0,2,0.005721403731458466,turn_right,0.005769567175630443,0.9916521564433098,0,0,0.42857142857142855,0.42857142857142855,0.0
sh_mpcc_dro_four_way_intersection_o1_c1_m3_boost_30_s40,four_way_intersection_o1_c1_m3_boost_30_s40,boost_30,sh_mpcc_dro,77,40,10,0,0,11,0.004199641869561981,constant_velocity,0.004625349386419342,0.9079620843114476,0,0,0.2,0.0,0.02566187240186399
sh_mpcc_dro_four_way_intersection_o1_c1_m3_boost_30_s40,four_way_intersection_o1_c1_m3_boost_30_s40,boost_30,sh_mpcc_dro,77,40,10,0,0,11,0.004199641869561981,turn_left,0.008077394045882565,0.5199253429641383,0,0,0.2,0.0,0.014764806045676426
sh_mpcc_dro_four_way_intersection_o1_c1_m3_boost_30_s40,four_way_intersection_o1_c1_m3_boost_30_s40,boost_30,sh_mpcc_dro,77,40,10,0,0,11,0.004199641869561981,turn_right,0.003463356246364061,1.2125930949121666,0,1,0.6,1.0,0.03592231076707339
sh_mpcc_dro_four_way_intersection_o1_c1_m3_boost_30_s40,four_way_intersection_o1_c1_m3_boost_30_s40,boost_30,sh_mpcc_dro,77,40,11,0,0,12,0.004037804527755944,constant_velocity,0.004711004004686545,0.8571006358175673,0,0,0.18518518518518517,0.0,0.0
sh_mpcc_dro_four_way_intersection_o1_c1_m3_boost_30_s40,four_way_intersection_o1_c1_m3_boost_30_s40,boost_30,sh_mpcc_dro,77,40,11,0,0,12,0.004037804527755944,turn_left,0.007479068561002338,0.5398806676021166,0,0,0.25925925925925924,0.0020336422755662556,0.0
sh_mpcc_dro_four_way_intersection_o1_c1_m3_boost_30_s40,four_way_intersection_o1_c1_m3_boost_30_s40,boost_30,sh_mpcc_dro,77,40,11,0,0,12,0.004037804527755944,turn_right,0.004061262783581348,0.9942239010191019,0,0,0.5555555555555556,0.9979663577244338,0.006254726938624139
sh_mpcc_dro_four_way_intersection_o1_c1_m3_boost_30_s40,four_way_intersection_o1_c1_m3_boost_30_s40,boost_30,sh_mpcc_dro,77,40,12,0,0,13,0.0039010099528843595,constant_velocity,0.004784844192847601,0.8152846353316167,0,0,0.1724137931034483,0.0,0.0
sh_mpcc_dro_four_way_intersection_o1_c1_m3_boost_30_s40,four_way_intersection_o1_c1_m3_boost_30_s40,boost_30,sh_mpcc_dro,77,40,12,0,0,13,0.0039010099528843595,turn_left,0.007758794487746775,0.5027855756516176,0,0,0.2413793103448276,0.0,0.0
sh_mpcc_dro_four_way_intersection_o1_c1_m3_boost_30_s40,four_way_intersection_o1_c1_m3_boost_30_s40,boost_30,sh_mpcc_dro,77,40,12,0,0,13,0.0039010099528843595,turn_right,0.0037811756950584087,1.0316923273315655,0,1,0.5862068965517241,1.0,0.00018813523267773025
sh_mpcc_dro_four_way_intersection_o1_c1_m3_boost_30_s40,four_way_intersection_o1_c1_m3_boost_30_s40,boost_30,sh_mpcc_dro,77,40,13,0,0,14,0.0037632324566507585,constant_velocity,0.004849156614794679,0.7760591697882498,0,0,0.16129032258064516,0.16129032258064516,0.0
sh_mpcc_dro_four_way_intersection_o1_c1_m3_boost_30_s40,four_way_intersection_o1_c1_m3_boost_30_s40,boost_30,sh_mpcc_dro,77,40,13,0,0,14,0.0037632324566507585,turn_left,0.008002426746524127,0.47026140642716,0,0,0.22580645161290322,0.22580645161290322,0.0
sh_mpcc_dro_four_way_intersection_o1_c1_m3_boost_30_s40,four_way_intersection_o1_c1_m3_boost_30_s40,boost_30,sh_mpcc_dro,77,40,13,0,0,14,0.0037632324566507585,turn_right,0.0035372288760224645,1.0638928349138748,0,1,0.6129032258064516,0.6129032258064516,0.0
sh_mpcc_dro_four_way_intersection_o1_c1_m3_boost_30_s40,four_way_intersection_o1_c1_m3_boost_30_s40,boost_30,sh_mpcc_dro,77,40,14,0,0,15,0.003628113115178438,constant_velocity,0.004905673591656823,0.7395749120668857,0,0,0.15151515151515152,0.0,0.10392929825991662
sh_mpcc_dro_four_way_intersection_o1_c1_m3_boost_30_s40,four_way_intersection_o1_c1_m3_boost_30_s40,boost_30,sh_mpcc_dro,77,40,14,0,0,15,0.003628113115178438,turn_left,0.00821652782241951,0.44156281017862753,0,0,0.21212121212121213,0.0,0.09493794857580007
sh_mpcc_dro_four_way_intersection_o1_c1_m3_boost_30_s40,four_way_intersection_o1_c1_m3_boost_30_s40,boost_30,sh_mpcc_dro,77,40,14,0,0,15,0.003628113115178438,turn_right,0.003322851368384658,1.091867409327483,0,1,0.6363636363636364,0.9999999999999999,0.11398977169945346
sh_mpcc_dro_four_way_intersection_o1_c1_m3_boost_30_s40,four_way_intersection_o1_c1_m3_boost_30_s40,boost_30,sh_mpcc_dro,77,40,15,0,0,16,0.003491932334455921,constant_velocity,0.004625349386419682,0.7549553650386833,0,0,0.2,0.0,0.12367853454800129
sh_mpcc_dro_four_way_intersection_o1_c1_m3_boost_30_s40,four_way_intersection_o1_c1_m3_boost_30_s40,boost_30,sh_mpcc_dro,77,40,15,0,0,16,0.003491932334455921,turn_left,0.008077394045882747,0.4323092713591022,0,0,0.2,0.0,0.11425102395993841
sh_mpcc_dro_four_way_intersection_o1_c1_m3_boost_30_s40,four_way_intersection_o1_c1_m3_boost_30_s40,boost_30,sh_mpcc_dro,77,40,15,0,0,16,0.003491932334455921,turn_right,0.003463356246364265,1.0082509814350327,0,1,0.6,1.0,0.1341126968158018
sh_mpcc_dro_four_way_intersection_o1_c1_m3_boost_30_s40,four_way_intersection_o1_c1_m3_boost_30_s40,boost_30,sh_mpcc_dro,77,40,16,0,0,17,0.0033770712116356484,constant_velocity,0.004687854107857796,0.720387438247063,0,0,0.1891891891891892,0.0,0.17487238525659446
sh_mpcc_dro_four_way_intersection_o1_c1_m3_boost_30_s40,four_way_intersection_o1_c1_m3_boost_30_s40,boost_30,sh_mpcc_dro,77,40,16,0,0,17,0.0033770712116356484,turn_left,0.008264296773067276,0.40863382624898836,0,0,0.1891891891891892,0.0,0.16416149121866203
sh_mpcc_dro_four_way_intersection_o1_c1_m3_boost_30_s40,four_way_intersection_o1_c1_m3_boost_30_s40,boost_30,sh_mpcc_dro,77,40,16,0,0,17,0.0033770712116356484,turn_right,0.003276147800614845,1.030805512193883,0,1,0.6216216216216216,1.0,0.18637464205962667
sh_mpcc_dro_four_way_intersection_o1_c1_m3_boost_30_s40,four_way_intersection_o1_c1_m3_boost_30_s40,boost_30,sh_mpcc_dro,77,40,17,0,0,18,0.003266216037954354,constant_velocity,0.004743948088635483,0.6885016397584203,0,0,0.1794871794871795,0.0,0.08448005447668869
sh_mpcc_dro_four_way_intersection_o1_c1_m3_boost_30_s40,four_way_intersection_o1_c1_m3_boost_30_s40,boost_30,sh_mpcc_dro,77,40,17,0,0,18,0.003266216037954354,turn_left,0.0084320299897715,0.387358209341813,0,0,0.1794871794871795,0.0,0.07218982926647494
sh_mpcc_dro_four_way_intersection_o1_c1_m3_boost_30_s40,four_way_intersection_o1_c1_m3_boost_30_s40,boost_30,sh_mpcc_dro,77,40,17,0,0,18,0.003266216037954354,turn_right,0.003108140221096108,1.0508586503869182,0,1,0.6410256410256411,1.0,0.09720015647051544
sh_mpcc_dro_four_way_intersection_o1_c1_m3_boost_30_s40,four_way_intersection_o1_c1_m3_boost_30_s40,boost_30,sh_mpcc_dro,77,40,18,0,0,19,0.0032223645762571246,constant_velocity,0.004794569485922856,0.6720863230198625,0,0,0.17073170731707318,0.051342557790116886,0.06896194485380872
sh_mpcc_dro_four_way_intersection_o1_c1_m3_boost_30_s40,four_way_intersection_o1_c1_m3_boost_30_s40,boost_30,sh_mpcc_dro,77,40,18,0,0,19,0.0032223645762571246,turn_left,0.008020711453685115,0.40175545459581513,0,0,0.21951219512195122,0.0,0.05531115981669471
sh_mpcc_dro_four_way_intersection_o1_c1_m3_boost_30_s40,four_way_intersection_o1_c1_m3_boost_30_s40,boost_30,sh_mpcc_dro,77,40,18,0,0,19,0.0032223645762571246,turn_right,0.0035192111614717973,0.9156496806828363,0,0,0.6097560975609756,0.9486574422098831,0.08249300885708105
sh_mpcc_dro_four_way_intersection_o1_c1_m3_boost_30_s40,four_way_intersection_o1_c1_m3_boost_30_s40,boost_30,sh_mpcc_dro,77,40,19,0,0,20,0.003129192313143004,constant_velocity,0.0048404819160205075,0.6464629694796171,0,0,0.16279069767441862,0.0,0.0
sh_mpcc_dro_four_way_intersection_o1_c1_m3_boost_30_s40,four_way_intersection_o1_c1_m3_boost_30_s40,boost_30,sh_mpcc_dro,77,40,19,0,0,20,0.003129192313143004,turn_left,0.008184171130201902,0.382346881970173,0,0,0.20930232558139536,0.019621391769603556,0.0
sh_mpcc_dro_four_way_intersection_o1_c1_m3_boost_30_s40,four_way_intersection_o1_c1_m3_boost_30_s40,boost_30,sh_mpcc_dro,77,40,19,0,0,20,0.003129192313143004,turn_right,0.0033555269214032924,0.9325487133431686,0,0,0.627906976744186,0.9803786082303965,0.00024313795292252305
sh_mpcc_dro_four_way_intersection_o1_c1_m3_boost_30_s40,four_way_intersection_o1_c1_m3_boost_30_s40,boost_30,sh_mpcc_dro,77,40,2,0,0,3,0.006431664699528319,constant_velocity,0.0051392770960214966,1.2514726447630753,0,1,0.1111111111111111,0.0,0.022796024845268464
sh_mpcc_dro_four_way_intersection_o1_c1_m3_boost_30_s40,four_way_intersection_o1_c1_m3_boost_30_s40,boost_30,sh_mpcc_dro,77,40,2,0,0,3,0.006431664699528319,turn_left,0.007050795469667209,0.9121899404397115,0,0,0.3333333333333333,0.0,0.022848239470774412
sh_mpcc_dro_four_way_intersection_o1_c1_m3_boost_30_s40,four_way_intersection_o1_c1_m3_boost_30_s40,boost_30,sh_mpcc_dro,77,40,2,0,0,3,0.006431664699528319,turn_right,0.0044874411366013995,1.4332588447944286,0,1,0.5555555555555556,1.0,0.024383637320369245
sh_mpcc_dro_four_way_intersection_o1_c1_m3_boost_30_s40,four_way_intersection_o1_c1_m3_boost_30_s40,boost_30,sh_mpcc_dro,77,40,20,0,0,21,0.0030824596018500616,constant_velocity,0.004882313241220784,0.631352281091927,0,0,0.15555555555555556,0.0,0.004839406801815577
sh_mpcc_dro_four_way_intersection_o1_c1_m3_boost_30_s40,four_way_intersection_o1_c1_m3_boost_30_s40,boost_30,sh_mpcc_dro,77,40,20,0,0,21,0.0030824596018500616,turn_left,0.00782043019108185,0.3941547365725728,0,0,0.24444444444444444,0.05518842142062431,0.0
sh_mpcc_dro_four_way_intersection_o1_c1_m3_boost_30_s40,four_way_intersection_o1_c1_m3_boost_30_s40,boost_30,sh_mpcc_dro,77,40,20,0,0,21,0.0030824596018500616,turn_right,0.003719063258176382,0.8288268813587014,0,0,0.6,0.9448115785793758,0.015373159604135073
sh_mpcc_dro_four_way_intersection_o1_c1_m3_boost_30_s40,four_way_intersection_o1_c1_m3_boost_30_s40,boost_30,sh_mpcc_dro,77,40,21,0,0,22,0.0030029475062186865,constant_velocity,0.004920584453637867,0.6102826878621216,0,0,0.14893617021276595,0.0,0.0037816025163678324
sh_mpcc_dro_four_way_intersection_o1_c1_m3_boost_30_s40,four_way_intersection_o1_c1_m3_boost_30_s40,boost_30,sh_mpcc_dro,77,40,21,0,0,22,0.0030029475062186865,turn_left,0.007978501012686705,0.3763799116455166,0,0,0.23404255319148937,0.04836178334122993,0.0
sh_mpcc_dro_four_way_intersection_o1_c1_m3_boost_30_s40,four_way_intersection_o1_c1_m3_boost_30_s40,boost_30,sh_mpcc_dro,77,40,21,0,0,22,0.0030029475062186865,turn_right,0.003560805247190105,0.8433338241647352,0,0,0.6170212765957447,0.95163821665877,0.011718835298755281
sh_mpcc_dro_four_way_intersection_o1_c1_m3_boost_30_s40,four_way_intersection_o1_c1_m3_boost_30_s40,boost_30,sh_mpcc_dro,77,40,22,0,0,23,0.0029565998971594703,constant_velocity,0.004955731485449663,0.596602117334289,0,0,0.14285714285714285,0.14285714285714285,0.0
sh_mpcc_dro_four_way_intersection_o1_c1_m3_boost_30_s40,four_way_intersection_o1_c1_m3_boost_30_s40,boost_30,sh_mpcc_dro,77,40,22,0,0,23,0.0029565998971594703,turn_left,0.007652847910128098,0.3863398217082797,0,0,0.2653061224489796,0.2653061224489796,0.0
sh_mpcc_dro_four_way_intersection_o1_c1_m3_boost_30_s40,four_way_intersection_o1_c1_m3_boost_30_s40,boost_30,sh_mpcc_dro,77,40,22,0,0,23,0.0029565998971594703,turn_right,0.00388628644113328,0.7607776580403827,0,0,0.5918367346938775,0.5918367346938775,0.0
sh_mpcc_dro_four_way_intersection_o1_c1_m3_boost_30_s40,four_way_intersection_o1_c1_m3_boost_30_s40,boost_30,sh_mpcc_dro,77,40,23,0,0,24,0.0028878391540072498,constant_velocity,0.00498812188731525,0.5789431812704897,0,0,0.13725490196078433,0.0,0.0007144470846549289
sh_mpcc_dro_four_way_intersection_o1_c1_m3_boost_30_s40,four_way_intersection_o1_c1_m3_boost_30_s40,boost_30,sh_mpcc_dro,77,40,23,0,0,24,0.0028878391540072498,turn_left,0.007805092874389578,0.36999420769007857,0,0,0.2549019607843137,0.0733452073033191,0.0
sh_mpcc_dro_four_way_intersection_o1_c1_m3_boost_30_s40,four_way_intersection_o1_c1_m3_boost_30_s40,boost_30,sh_mpcc_dro,77,40,23,0,0,24,0.0028878391540072498,turn_right,0.003733883051284868,0.7734144627302973,0,0,0.6078431372549019,0.9266547926966809,0.004511291058557326
sh_mpcc_dro_four_way_intersection_o1_c1_m3_boost_30_s40,four_way_intersection_o1_c1_m3_boost_30_s40,boost_30,sh_mpcc_dro,77,40,24,0,0,25,0.002820533267550587,constant_velocity,0.005018067730549665,0.5620755675295824,0,0,0.1320754716981132,0.1320754716981132,0.0
sh_mpcc_dro_four_way_intersection_o1_c1_m3_boost_30_s40,four_way_intersection_o1_c1_m3_boost_30_s40,boost_30,sh_mpcc_dro,77,40,24,0,0,25,0.002820533267550587,turn_left,0.007945847652669128,0.3549694621445615,0,0,0.24528301886792453,0.24528301886792453,0.0
sh_mpcc_dro_four_way_intersection_o1_c1_m3_boost_30_s40,four_way_intersection_o1_c1_m3_boost_30_s40,boost_30,sh_mpcc_dro,77,40,24,0,0,25,0.002820533267550587,turn_right,0.0035929818040666174,0.7850118429094864,0,0,0.6226415094339622,0.6226415094339622,0.0
sh_mpcc_dro_four_way_intersection_o1_c1_m3_boost_30_s40,four_way_intersection_o1_c1_m3_boost_30_s40,boost_30,sh_mpcc_dro,77,40,25,0,0,26,0.0027549541858277976,constant_velocity,0.005045835694275631,0.5459857103459039,0,0,0.12727272727272726,0.12727272727272726,0.0
sh_mpcc_dro_four_way_intersection_o1_c1_m3_boost_30_s40,four_way_intersection_o1_c1_m3_boost_30_s40,boost_30,sh_mpcc_dro,77,40,25,0,0,26,0.0027549541858277976,turn_left,0.008076365719801217,0.34111310475618295,0,0,0.23636363636363636,0.23636363636363636,0.0
sh_mpcc_dro_four_way_intersection_o1_c1_m3_boost_30_s40,four_way_intersection_o1_c1_m3_boost_30_s40,boost_30,sh_mpcc_dro,77,40,25,0,0,26,0.0027549541858277976,turn_right,0.003462327920282288,0.7956941830059767,0,0,0.6363636363636364,0.6363636363636364,0.0
sh_mpcc_dro_four_way_intersection_o1_c1_m3_boost_30_s40,four_way_intersection_o1_c1_m3_boost_30_s40,boost_30,sh_mpcc_dro,77,40,26,0,0,27,0.0027239948902599348,constant_velocity,0.005071655028968735,0.5371017694817127,0,0,0.12280701754385964,0.12280701754385964,0.0
sh_mpcc_dro_four_way_intersection_o1_c1_m3_boost_30_s40,four_way_intersection_o1_c1_m3_boost_30_s40,boost_30,sh_mpcc_dro,77,40,26,0,0,27,0.0027239948902599348,turn_left,0.007792984466475048,0.34954450403159376,0,0,0.2631578947368421,0.2631578947368421,0.0
sh_mpcc_dro_four_way_intersection_o1_c1_m3_boost_30_s40,four_way_intersection_o1_c1_m3_boost_30_s40,boost_30,sh_mpcc_dro,77,40,26,0,0,27,0.0027239948902599348,turn_right,0.0037455828879495597,0.7272552688724847,0,0,0.6140350877192983,0.6140350877192983,0.0
sh_mpcc_dro_four_way_intersection_o1_c1_m3_boost_30_s40,four_way_intersection_o1_c1_m3_boost_30_s40,boost_30,sh_mpcc_dro,77,40,27,0,0,28,0.002666121477556266,constant_velocity,0.005095723900292502,0.5232076010639483,0,0,0.11864406779661017,0.11864406779661017,0.0
sh_mpcc_dro_four_way_intersection_o1_c1_m3_boost_30_s40,four_way_intersection_o1_c1_m3_boost_30_s40,boost_30,sh_mpcc_dro,77,40,27,0,0,28,0.002666121477556266,turn_left,0.007919835654011198,0.3366384851945687,0,0,0.2542372881355932,0.2542372881355932,0.0
sh_mpcc_dro_four_way_intersection_o1_c1_m3_boost_30_s40,four_way_intersection_o1_c1_m3_boost_30_s40,boost_30,sh_mpcc_dro,77,40,27,0,0,28,0.002666121477556266,turn_right,0.0036186139764935524,0.7367797435358787,0,0,0.6271186440677966,0.6271186440677966,0.0
sh_mpcc_dro_four_way_intersection_o1_c1_m3_boost_30_s40,four_way_intersection_o1_c1_m3_boost_30_s40,boost_30,sh_mpcc_dro,77,40,28,0,0,29,0.002635337817912523,constant_velocity,0.005118214484972417,0.5148939782906979,0,0,0.11475409836065574,0.21545279251755334,0.03471733385316825
sh_mpcc_dro_four_way_intersection_o1_c1_m3_boost_30_s40,four_way_intersection_o1_c1_m3_boost_30_s40,boost_30,sh_mpcc_dro,77,40,28,0,0,29,0.002635337817912523,turn_left,0.007660168911256934,0.34403129336218496,0,0,0.2786885245901639,0.0,0.02079018116848058
sh_mpcc_dro_four_way_intersection_o1_c1_m3_boost_30_s40,four_way_intersection_o1_c1_m3_boost_30_s40,boost_30,sh_mpcc_dro,77,40,28,0,0,29,0.002635337817912523,turn_right,0.0038781707149298334,0.6795311531200099,0,0,0.6065573770491803,0.7845472074824467,0.0483147675955678
sh_mpcc_dro_four_way_intersection_o1_c1_m3_boost_30_s40,four_way_intersection_o1_c1_m3_boost_30_s40,boost_30,sh_mpcc_dro,77,40,29,0,0,30,0.0025838339614483443,constant_velocity,0.005139277096021517,0.5027621420624653,0,0,0.1111111111111111,0.20302369707313228,0.09701790962701481
sh_mpcc_dro_four_way_intersection_o1_c1_m3_boost_30_s40,four_way_intersection_o1_c1_m3_boost_30_s40,boost_30,sh_mpcc_dro,77,40,29,0,0,30,0.0025838339614483443,turn_left,0.0077831824219722935,0.3319765388196554,0,0,0.2698412698412698,0.0,0.08288556778450606
sh_mpcc_dro_four_way_intersection_o1_c1_m3_boost_30_s40,four_way_intersection_o1_c1_m3_boost_30_s40,boost_30,sh_mpcc_dro,77,40,29,0,0,30,0.0025838339614483443,turn_right,0.003755054184297037,0.6880949873515739,0,0,0.6190476190476191,0.7969763029268677,0.11047162773432609
sh_mpcc_dro_four_way_intersection_o1_c1_m3_boost_30_s40,four_way_intersection_o1_c1_m3_boost_30_s40,boost_30,sh_mpcc_dro,77,40,3,0,0,4,0.005835441740250549,constant_velocity,0.0042048630785631305,1.3877840089491364,0,1,0.2727272727272727,0.0,0.12034690865494477
sh_mpcc_dro_four_way_intersection_o1_c1_m3_boost_30_s40,four_way_intersection_o1_c1_m3_boost_30_s40,boost_30,sh_mpcc_dro,77,40,3,0,0,4,0.005835441740250549,turn_left,0.006820048426641176,0.8556305432459314,0,0,0.2727272727272727,0.0,0.11682778360797197
sh_mpcc_dro_four_way_intersection_o1_c1_m3_boost_30_s40,four_way_intersection_o1_c1_m3_boost_30_s40,boost_30,sh_mpcc_dro,77,40,3,0,0,4,0.005835441740250549,turn_right,0.004722758517769282,1.235600278586089,0,1,0.45454545454545453,0.9999999999999999,0.12539469907925677
sh_mpcc_dro_four_way_intersection_o1_c1_m3_boost_30_s40,four_way_intersection_o1_c1_m3_boost_30_s40,boost_30,sh_mpcc_dro,77,40,30,0,0,31,0.0025334105057190906,constant_velocity,0.005159043546390974,0.4910620511221206,0,0,0.1076923076923077,0.19172256990895353,0.07801655321353743
sh_mpcc_dro_four_way_intersection_o1_c1_m3_boost_30_s40,four_way_intersection_o1_c1_m3_boost_30_s40,boost_30,sh_mpcc_dro,77,40,30,0,0,31,0.0025334105057190906,turn_left,0.00789862587049018,0.3207406639152375,0,0,0.26153846153846155,0.0,0.06419237704769365
sh_mpcc_dro_four_way_intersection_o1_c1_m3_boost_30_s40,four_way_intersection_o1_c1_m3_boost_30_s40,boost_30,sh_mpcc_dro,77,40,30,0,0,31,0.0025334105057190906,turn_right,0.0036395140555495363,0.6960848253508302,0,0,0.6307692307692307,0.8082774300910465,0.09059019043764832
sh_mpcc_dro_four_way_intersection_o1_c1_m3_boost_30_s40,four_way_intersection_o1_c1_m3_boost_30_s40,boost_30,sh_mpcc_dro,77,40,31,0,0,32,0.0024841699026787187,constant_velocity,0.00517762991017139,0.4797890049651091,0,0,0.1044776119402985,0.18141377524119517,0.026685844064013337
sh_mpcc_dro_four_way_intersection_o1_c1_m3_boost_30_s40,four_way_intersection_o1_c1_m3_boost_30_s40,boost_30,sh_mpcc_dro,77,40,31,0,0,32,0.0024841699026787187,turn_left,0.00800717717282755,0.3102429044668549,0,0,0.2537313432835821,0.0,0.013896259297816294
sh_mpcc_dro_four_way_intersection_o1_c1_m3_boost_30_s40,four_way_intersection_o1_c1_m3_boost_30_s40,boost_30,sh_mpcc_dro,77,40,31,0,0,32,0.0024841699026787187,turn_right,0.0035308718449361706,0.7035570849849483,0,0,0.6417910447761194,0.8185862247588047,0.0376960402599521
sh_mpcc_dro_four_way_intersection_o1_c1_m3_boost_30_s40,four_way_intersection_o1_c1_m3_boost_30_s40,boost_30,sh_mpcc_dro,77,40,32,0,0,33,0.0024361778997643757,constant_velocity,0.005195138803587772,0.46893413089982255,0,0,0.10144927536231885,0.1719817181871114,0.08744077971564504
sh_mpcc_dro_four_way_intersection_o1_c1_m3_boost_30_s40,four_way_intersection_o1_c1_m3_boost_30_s40,boost_30,sh_mpcc_dro,77,40,32,0,0,33,0.0024361778997643757,turn_left,0.00810943564604411,0.300412754487148,0,0,0.2463768115942029,0.0,0.0763199399334572
sh_mpcc_dro_four_way_intersection_o1_c1_m3_boost_30_s40,four_way_intersection_o1_c1_m3_boost_30_s40,boost_30,sh_mpcc_dro,77,40,32,0,0,33,0.0024361778997643757,turn_right,0.003428527733488863,0.7105609431035069,0,0,0.6521739130434783,0.8280182818128887,0.09631079537251785
sh_mpcc_dro_four_way_intersection_o1_c1_m3_boost_30_s40,four_way_intersection_o1_c1_m3_boost_30_s40,boost_30,sh_mpcc_dro,77,40,33,0,0,34,0.0023894725060201977,constant_velocity,0.005211661280473633,0.4584857644092794,0,0,0.09859154929577464,0.1633273622375792,0.026065300009891962
sh_mpcc_dro_four_way_intersection_o1_c1_m3_boost_30_s40,four_way_intersection_o1_c1_m3_boost_30_s40,boost_30,sh_mpcc_dro,77,40,33,0,0,34,0.0023894725060201977,turn_left,0.008205933078515882,0.29118839785278333,0,0,0.23943661971830985,0.0,0.017082650434782354
sh_mpcc_dro_four_way_intersection_o1_c1_m3_boost_30_s40,four_way_intersection_o1_c1_m3_boost_30_s40,boost_30,sh_mpcc_dro,77,40,33,0,0,34,0.0023894725060201977,turn_right,0.0033319494874751252,0.717139474953711,0,0,0.6619718309859155,0.8366726377624207,0.03243251865122579
sh_mpcc_dro_four_way_intersection_o1_c1_m3_boost_30_s40,four_way_intersection_o1_c1_m3_boost_30_s40,boost_30,sh_mpcc_dro,77,40,34,0,0,35,0.0023524731885633567,constant_velocity,0.005068876039911873,0.464101542440611,0,0,0.1232876712328767,0.18130227897608325,0.04936037216426037
sh_mpcc_dro_four_way_intersection_o1_c1_m3_boost_30_s40,four_way_intersection_o1_c1_m3_boost_30_s40,boost_30,sh_mpcc_dro,77,40,34,0,0,35,0.0023524731885633567,turn_left,0.00813951537041983,0.28901882747375635,0,0,0.2328767123287671,0.0,0.04321074101929809
sh_mpcc_dro_four_way_intersection_o1_c1_m3_boost_30_s40,four_way_intersection_o1_c1_m3_boost_30_s40,boost_30,sh_mpcc_dro,77,40,34,0,0,35,0.0023524731885633567,turn_right,0.00339906557639397,0.6920940875342183,0,0,0.6438356164383562,0.8186977210239166,0.053675298003867056
sh_mpcc_dro_four_way_intersection_o1_c1_m3_boost_30_s40,four_way_intersection_o1_c1_m3_boost_30_s40,boost_30,sh_mpcc_dro,77,40,35,0,0,36,0.002309513385989487,constant_velocity,0.005087884325061545,0.453924114314755,0,0,0.12,0.1730308377502498,0.052052473083782136
sh_mpcc_dro_four_way_intersection_o1_c1_m3_boost_30_s40,four_way_intersection_o1_c1_m3_boost_30_s40,boost_30,sh_mpcc_dro,77,40,35,0,0,36,0.002309513385989487,turn_left,0.008230064147176539,0.28061912333718614,0,0,0.22666666666666666,0.0,0.04809807420482268
sh_mpcc_dro_four_way_intersection_o1_c1_m3_boost_30_s40,four_way_intersection_o1_c1_m3_boost_30_s40,boost_30,sh_mpcc_dro,77,40,35,0,0,36,0.002309513385989487,turn_right,0.0033084238276901313,0.6980705938156474,0,0,0.6533333333333333,0.8269691622497501,0.05401235982180516
sh_mpcc_dro_four_way_intersection_o1_c1_m3_boost_30_s40,four_way_intersection_o1_c1_m3_boost_30_s40,boost_30,sh_mpcc_dro,77,40,36,0,0,37,0.0022976828330268195,constant_velocity,0.005105905166826352,0.4500049957753087,0,0,0.11688311688311688,0.21224211254141356,0.012667179130836509
sh_mpcc_dro_four_way_intersection_o1_c1_m3_boost_30_s40,four_way_intersection_o1_c1_m3_boost_30_s40,boost_30,sh_mpcc_dro,77,40,36,0,0,37,0.0022976828330268195,turn_left,0.008016296247249696,0.2866264871155591,0,0,0.24675324675324675,0.0,0.01020676351314763
sh_mpcc_dro_four_way_intersection_o1_c1_m3_boost_30_s40,four_way_intersection_o1_c1_m3_boost_30_s40,boost_30,sh_mpcc_dro,77,40,36,0,0,37,0.0022976828330268195,turn_right,0.003522103585381021,0.6523609477482918,0,0,0.6363636363636364,0.7877578874585863,0.013847238914595036
sh_mpcc_dro_four_way_intersection_o1_c1_m3_boost_30_s40,four_way_intersection_o1_c1_m3_boost_30_s40,boost_30,sh_mpcc_dro,77,40,37,0,0,38,0.002263236793887293,constant_velocity,0.004976641744881826,0.4547718943632812,0,0,0.13924050632911392,0.13924050632911392,0.0
sh_mpcc_dro_four_way_intersection_o1_c1_m3_boost_30_s40,four_way_intersection_o1_c1_m3_boost_30_s40,boost_30,sh_mpcc_dro,77,40,37,0,0,38,0.002263236793887293,turn_left,0.007959723854484667,0.284336094475456,0,0,0.24050632911392406,0.24050632911392406,0.0
sh_mpcc_dro_four_way_intersection_o1_c1_m3_boost_30_s40,four_way_intersection_o1_c1_m3_boost_30_s40,boost_30,sh_mpcc_dro,77,40,37,0,0,38,0.002263236793887293,turn_right,0.0035793082220304025,0.6323112326446831,0,0,0.620253164556962,0.620253164556962,0.0
sh_mpcc_dro_four_way_intersection_o1_c1_m3_boost_30_s40,four_way_intersection_o1_c1_m3_boost_30_s40,boost_30,sh_mpcc_dro,77,40,38,0,0,39,0.002228908228831378,constant_velocity,0.004853761701798324,0.45921253777365395,0,0,0.16049382716049382,0.16049382716049382,0.0
sh_mpcc_dro_four_way_intersection_o1_c1_m3_boost_30_s40,four_way_intersection_o1_c1_m3_boost_30_s40,boost_30,sh_mpcc_dro,77,40,38,0,0,39,0.002228908228831378,turn_left,0.007905945160127619,0.28192811658655603,0,0,0.2345679012345679,0.2345679012345679,0.0
sh_mpcc_dro_four_way_intersection_o1_c1_m3_boost_30_s40,four_way_intersection_o1_c1_m3_boost_30_s40,boost_30,sh_mpcc_dro,77,40,38,0,0,39,0.002228908228831378,turn_right,0.003633687938351246,0.6134011138674516,0,0,0.6049382716049383,0.6049382716049383,0.0
sh_mpcc_dro_four_way_intersection_o1_c1_m3_boost_30_s40,four_way_intersection_o1_c1_m3_boost_30_s40,boost_30,sh_mpcc_dro,77,40,39,0,0,40,0.0021948596302975823,constant_velocity,0.004736803588501979,0.4633630230363235,0,0,0.18072289156626506,0.18072289156626506,0.0
sh_mpcc_dro_four_way_intersection_o1_c1_m3_boost_30_s40,four_way_intersection_o1_c1_m3_boost_30_s40,boost_30,sh_mpcc_dro,77,40,39,0,0,40,0.0021948596302975823,turn_left,0.007854758210076933,0.27943057845902614,0,0,0.2289156626506024,0.2289156626506024,0.0
sh_mpcc_dro_four_way_intersection_o1_c1_m3_boost_30_s40,four_way_intersection_o1_c1_m3_boost_30_s40,boost_30,sh_mpcc_dro,77,40,39,0,0,40,0.0021948596302975823,turn_right,0.0036854469454518086,0.5955477484233622,0,0,0.5903614457831325,0.5903614457831325,0.0
sh_mpcc_dro_four_way_intersection_o1_c1_m3_boost_30_s40,four_way_intersection_o1_c1_m3_boost_30_s40,boost_30,sh_mpcc_dro,77,40,4,0,0,5,0.005026940837067249,constant_velocity,0.00444745133309557,1.1302969859747372,0,1,0.23076923076923078,0.0,0.11767466917055339
sh_mpcc_dro_four_way_intersection_o1_c1_m3_boost_30_s40,four_way_intersection_o1_c1_m3_boost_30_s40,boost_30,sh_mpcc_dro,77,40,4,0,0,5,0.005026940837067249,turn_left,0.005770810207157919,0.8710979319389158,0,0,0.38461538461538464,0.06448749684438387,0.10974438181369323
sh_mpcc_dro_four_way_intersection_o1_c1_m3_boost_30_s40,four_way_intersection_o1_c1_m3_boost_30_s40,boost_30,sh_mpcc_dro,77,40,4,0,0,5,0.005026940837067249,turn_right,0.0057708102071580385,0.8710979319388977,0,0,0.38461538461538464,0.9355125031556162,0.12680187025157813
sh_mpcc_dro_four_way_intersection_o1_c1_m3_boost_30_s40,four_way_intersection_o1_c1_m3_boost_30_s40,boost_30,sh_mpcc_dro,77,40,40,0,0,41,0.0021612276422862094,constant_velocity,0.0046253493864195794,0.4672571651844849,0,0,0.2,0.2,0.0
sh_mpcc_dro_four_way_intersection_o1_c1_m3_boost_30_s40,four_way_intersection_o1_c1_m3_boost_30_s40,boost_30,sh_mpcc_dro,77,40,40,0,0,41,0.0021612276422862094,turn_left,0.007805980057675691,0.27686819929306056,0,0,0.2235294117647059,0.2235294117647059,0.0
sh_mpcc_dro_four_way_intersection_o1_c1_m3_boost_30_s40,four_way_intersection_o1_c1_m3_boost_30_s40,boost_30,sh_mpcc_dro,77,40,40,0,0,41,0.0021612276422862094,turn_right,0.003734770234571169,0.578677537450805,0,0,0.5764705882352941,0.5764705882352941,0.0
sh_mpcc_dro_four_way_intersection_o1_c1_m3_boost_30_s40,four_way_intersection_o1_c1_m3_boost_30_s40,boost_30,sh_mpcc_dro,77,40,41,0,0,42,0.0021294767424310107,constant_velocity,0.0046519318541576255,0.4577618093282705,0,0,0.19540229885057472,0.19540229885057472,0.0
sh_mpcc_dro_four_way_intersection_o1_c1_m3_boost_30_s40,four_way_intersection_o1_c1_m3_boost_30_s40,boost_30,sh_mpcc_dro,77,40,41,0,0,42,0.0021294767424310107,turn_left,0.007891706826437087,0.2698372847933604,0,0,0.21839080459770116,0.21839080459770116,0.0
sh_mpcc_dro_four_way_intersection_o1_c1_m3_boost_30_s40,four_way_intersection_o1_c1_m3_boost_30_s40,boost_30,sh_mpcc_dro,77,40,41,0,0,42,0.0021294767424310107,turn_right,0.003648913447569533,0.5835920125344195,0,0,0.5862068965517241,0.5862068965517241,0.0
sh_mpcc_dro_four_way_intersection_o1_c1_m3_boost_30_s40,four_way_intersection_o1_c1_m3_boost_30_s40,boost_30,sh_mpcc_dro,77,40,42,0,0,43,0.0021186362295115397,constant_velocity,0.004677319604244108,0.45295947439408046,0,0,0.19101123595505617,0.19101123595505617,0.0
sh_mpcc_dro_four_way_intersection_o1_c1_m3_boost_30_s40,four_way_intersection_o1_c1_m3_boost_30_s40,boost_30,sh_mpcc_dro,77,40,42,0,0,43,0.0021186362295115397,turn_left,0.007714365100000164,0.274635203551812,0,0,0.23595505617977527,0.23595505617977527,0.0
sh_mpcc_dro_four_way_intersection_o1_c1_m3_boost_30_s40,four_way_intersection_o1_c1_m3_boost_30_s40,boost_30,sh_mpcc_dro,77,40,42,0,0,43,0.0021186362295115397,turn_right,0.0038261309992822555,0.5537280950152974,0,0,0.5730337078651685,0.5730337078651685,0.0
sh_mpcc_dro_four_way_intersection_o1_c1_m3_boost_30_s40,four_way_intersection_o1_c1_m3_boost_30_s40,boost_30,sh_mpcc_dro,77,40,43,0,0,44,0.002087761754155707,constant_velocity,0.004574521371184196,0.4563891136910905,0,0,0.2087912087912088,0.2087912087912088,0.0
sh_mpcc_dro_four_way_intersection_o1_c1_m3_boost_30_s40,four_way_intersection_o1_c1_m3_boost_30_s40,boost_30,sh_mpcc_dro,77,40,43,0,0,44,0.002087761754155707,turn_left,0.00767188865237445,0.2721313940745927,0,0,0.23076923076923078,0.23076923076923078,0.0
sh_mpcc_dro_four_way_intersection_o1_c1_m3_boost_30_s40,four_way_intersection_o1_c1_m3_boost_30_s40,boost_30,sh_mpcc_dro,77,40,43,0,0,44,0.002087761754155707,turn_right,0.0038691102461779264,0.539597380616923,0,0,0.5604395604395604,0.5604395604395604,0.0
sh_mpcc_dro_four_way_intersection_o1_c1_m3_boost_30_s40,four_way_intersection_o1_c1_m3_boost_30_s40,boost_30,sh_mpcc_dro,77,40,44,0,0,45,0.0020573580260377653,constant_velocity,0.004476144567502815,0.4596272517591047,0,0,0.22580645161290322,0.22580645161290322,0.0
sh_mpcc_dro_four_way_intersection_o1_c1_m3_boost_30_s40,four_way_intersection_o1_c1_m3_boost_30_s40,boost_30,sh_mpcc_dro,77,40,44,0,0,45,0.0020573580260377653,turn_left,0.007631239148732508,0.26959684868210126,0,0,0.22580645161290322,0.22580645161290322,0.0
sh_mpcc_dro_four_way_intersection_o1_c1_m3_boost_30_s40,four_way_intersection_o1_c1_m3_boost_30_s40,boost_30,sh_mpcc_dro,77,40,44,0,0,45,0.0020573580260377653,turn_right,0.003910240923314413,0.5261461036252211,0,0,0.5483870967741935,0.5483870967741935,0.0
sh_mpcc_dro_four_way_intersection_o1_c1_m3_boost_30_s40,four_way_intersection_o1_c1_m3_boost_30_s40,boost_30,sh_mpcc_dro,77,40,45,0,0,46,0.0020307226530189046,constant_velocity,0.004503629665724326,0.45090800171117096,0,0,0.22105263157894736,0.22105263157894736,0.0
sh_mpcc_dro_four_way_intersection_o1_c1_m3_boost_30_s40,four_way_intersection_o1_c1_m3_boost_30_s40,boost_30,sh_mpcc_dro,77,40,45,0,0,46,0.0020307226530189046,turn_left,0.007713425577154905,0.2632711799324751,0,0,0.22105263157894736,0.22105263157894736,0.0
sh_mpcc_dro_four_way_intersection_o1_c1_m3_boost_30_s40,four_way_intersection_o1_c1_m3_boost_30_s40,boost_30,sh_mpcc_dro,77,40,45,0,0,46,0.0020307226530189046,turn_right,0.0038279200617709523,0.530502889362692,0,0,0.5578947368421052,0.5578947368421052,0.0
sh_mpcc_dro_four_way_intersection_o1_c1_m3_boost_30_s40,four_way_intersection_o1_c1_m3_boost_30_s40,boost_30,sh_mpcc_dro,77,40,46,0,0,47,0.0020204758536529316,constant_velocity,0.004529981357833218,0.44602299525121364,0,0,0.21649484536082475,0.21649484536082475,0.0
sh_mpcc_dro_four_way_intersection_o1_c1_m3_boost_30_s40,four_way_intersection_o1_c1_m3_boost_30_s40,boost_30,sh_mpcc_dro,77,40,46,0,0,47,0.0020204758536529316,turn_left,0.007554385874533038,0.26745732706933295,0,0,0.23711340206185566,0.23711340206185566,0.0
sh_mpcc_dro_four_way_intersection_o1_c1_m3_boost_30_s40,four_way_intersection_o1_c1_m3_boost_30_s40,boost_30,sh_mpcc_dro,77,40,46,0,0,47,0.0020204758536529316,turn_right,0.003986830874905235,0.5067874502454176,0,0,0.5463917525773195,0.5463917525773195,0.0
sh_mpcc_dro_four_way_intersection_o1_c1_m3_boost_30_s40,four_way_intersection_o1_c1_m3_boost_30_s40,boost_30,sh_mpcc_dro,77,40,47,0,0,48,0.002008490373737757,constant_velocity,0.004555268335110179,0.440915929860184,0,0,0.21212121212121213,0.21212121212121213,0.0
sh_mpcc_dro_four_way_intersection_o1_c1_m3_boost_30_s40,four_way_intersection_o1_c1_m3_boost_30_s40,boost_30,sh_mpcc_dro,77,40,47,0,0,48,0.002008490373737757,turn_left,0.007401772018481981,0.2713526394385861,0,0,0.25252525252525254,0.25252525252525254,0.0
sh_mpcc_dro_four_way_intersection_o1_c1_m3_boost_30_s40,four_way_intersection_o1_c1_m3_boost_30_s40,boost_30,sh_mpcc_dro,77,40,47,0,0,48,0.002008490373737757,turn_right,0.004139321049125515,0.4852221777197196,0,0,0.5353535353535354,0.5353535353535354,0.0
sh_mpcc_dro_four_way_intersection_o1_c1_m3_boost_30_s40,four_way_intersection_o1_c1_m3_boost_30_s40,boost_30,sh_mpcc_dro,77,40,48,0,0,49,0.001984910491912159,constant_velocity,0.004579553847940837,0.4334287919345373,0,0,0.2079207920792079,0.2079207920792079,0.0
sh_mpcc_dro_four_way_intersection_o1_c1_m3_boost_30_s40,four_way_intersection_o1_c1_m3_boost_30_s40,boost_30,sh_mpcc_dro,77,40,48,0,0,49,0.001984910491912159,turn_left,0.007483619988389426,0.26523400372970274,0,0,0.24752475247524752,0.24752475247524752,0.0
sh_mpcc_dro_four_way_intersection_o1_c1_m3_boost_30_s40,four_way_intersection_o1_c1_m3_boost_30_s40,boost_30,sh_mpcc_dro,77,40,48,0,0,49,0.001984910491912159,turn_right,0.004057354295677992,0.4892130061273036,0,0,0.5445544554455446,0.5445544554455446,0.0
sh_mpcc_dro_four_way_intersection_o1_c1_m3_boost_30_s40,four_way_intersection_o1_c1_m3_boost_30_s40,boost_30,sh_mpcc_dro,77,40,49,0,0,50,0.001972808318843735,constant_velocity,0.004602896234058303,0.4286015192448387,0,0,0.20388349514563106,0.20388349514563106,0.0
sh_mpcc_dro_four_way_intersection_o1_c1_m3_boost_30_s40,four_way_intersection_o1_c1_m3_boost_30_s40,boost_30,sh_mpcc_dro,77,40,49,0,0,50,0.001972808318843735,turn_left,0.0073383069789059105,0.26883698440452364,0,0,0.2621359223300971,0.2621359223300971,0.0
sh_mpcc_dro_four_way_intersection_o1_c1_m3_boost_30_s40,four_way_intersection_o1_c1_m3_boost_30_s40,boost_30,sh_mpcc_dro,77,40,49,0,0,50,0.001972808318843735,turn_right,0.004202553134572998,0.46943090442191,0,0,0.5339805825242718,0.5339805825242718,0.0
sh_mpcc_dro_four_way_intersection_o1_c1_m3_boost_30_s40,four_way_intersection_o1_c1_m3_boost_30_s40,boost_30,sh_mpcc_dro,77,40,5,0,0,6,0.005130175796328496,constant_velocity,0.004625349386419347,1.109143411174816,0,1,0.2,0.0,0.08396820442093925
sh_mpcc_dro_four_way_intersection_o1_c1_m3_boost_30_s40,four_way_intersection_o1_c1_m3_boost_30_s40,boost_30,sh_mpcc_dro,77,40,5,0,0,6,0.005130175796328496,turn_left,0.0065393814460430345,0.7845047484472334,0,0,0.3333333333333333,0.0,0.07367624896069308
sh_mpcc_dro_four_way_intersection_o1_c1_m3_boost_30_s40,four_way_intersection_o1_c1_m3_boost_30_s40,boost_30,sh_mpcc_dro,77,40,5,0,0,6,0.005130175796328496,turn_right,0.005001368846203549,1.02575433927908,0,1,0.4666666666666667,1.0,0.09513276073559723
sh_mpcc_dro_four_way_intersection_o1_c1_m3_boost_30_s40,four_way_intersection_o1_c1_m3_boost_30_s40,boost_30,sh_mpcc_dro,77,40,50,0,0,51,0.00194719222253045,constant_velocity,0.00451522202007687,0.43125060381799335,0,0,0.21904761904761905,0.21904761904761905,0.0
sh_mpcc_dro_four_way_intersection_o1_c1_m3_boost_30_s40,four_way_intersection_o1_c1_m3_boost_30_s40,boost_30,sh_mpcc_dro,77,40,50,0,0,51,0.00194719222253045,turn_left,0.007308657069460751,0.26642270994856215,0,0,0.2571428571428571,0.2571428571428571,0.0
sh_mpcc_dro_four_way_intersection_o1_c1_m3_boost_30_s40,four_way_intersection_o1_c1_m3_boost_30_s40,boost_30,sh_mpcc_dro,77,40,50,0,0,51,0.00194719222253045,turn_right,0.00423263186978213,0.4600428958709985,0,0,0.5238095238095238,0.5238095238095238,0.0
sh_mpcc_dro_four_way_intersection_o1_c1_m3_boost_30_s40,four_way_intersection_o1_c1_m3_boost_30_s40,boost_30,sh_mpcc_dro,77,40,51,0,0,52,0.0019260340385183483,constant_velocity,0.0045388942577020905,0.42433992271356485,0,0,0.21495327102803738,0.21495327102803738,0.0
sh_mpcc_dro_four_way_intersection_o1_c1_m3_boost_30_s40,four_way_intersection_o1_c1_m3_boost_30_s40,boost_30,sh_mpcc_dro,77,40,51,0,0,52,0.0019260340385183483,turn_left,0.007387655899915636,0.2607097656701015,0,0,0.2523364485981308,0.2523364485981308,0.0
sh_mpcc_dro_four_way_intersection_o1_c1_m3_boost_30_s40,four_way_intersection_o1_c1_m3_boost_30_s40,boost_30,sh_mpcc_dro,77,40,51,0,0,52,0.0019260340385183483,turn_right,0.004153517255393679,0.4637115774629892,0,0,0.5327102803738317,0.5327102803738317,0.0
sh_mpcc_dro_four_way_intersection_o1_c1_m3_boost_30_s40,four_way_intersection_o1_c1_m3_boost_30_s40,boost_30,sh_mpcc_dro,77,40,52,0,0,53,0.0019050378242340049,constant_velocity,0.0045616977893587485,0.4176159649764527,0,0,0.21100917431192662,0.21100917431192662,0.0
sh_mpcc_dro_four_way_intersection_o1_c1_m3_boost_30_s40,four_way_intersection_o1_c1_m3_boost_30_s40,boost_30,sh_mpcc_dro,77,40,52,0,0,53,0.0019050378242340049,turn_left,0.007463755690720574,0.25523850232698153,0,0,0.24770642201834864,0.24770642201834864,0.0
sh_mpcc_dro_four_way_intersection_o1_c1_m3_boost_30_s40,four_way_intersection_o1_c1_m3_boost_30_s40,boost_30,sh_mpcc_dro,77,40,52,0,0,53,0.0019050378242340049,turn_right,0.004077305929606128,0.46722955233776964,0,0,0.5412844036697247,0.5412844036697247,0.0
sh_mpcc_dro_four_way_intersection_o1_c1_m3_boost_30_s40,four_way_intersection_o1_c1_m3_boost_30_s40,boost_30,sh_mpcc_dro,77,40,53,0,0,54,0.0018842440887266733,constant_velocity,0.0045836795721271185,0.41107674720208776,0,0,0.2072072072072072,0.2072072072072072,0.0
sh_mpcc_dro_four_way_intersection_o1_c1_m3_boost_30_s40,four_way_intersection_o1_c1_m3_boost_30_s40,boost_30,sh_mpcc_dro,77,40,53,0,0,54,0.0018842440887266733,turn_left,0.00753711314672182,0.24999546272516865,0,0,0.24324324324324326,0.24324324324324326,0.0
sh_mpcc_dro_four_way_intersection_o1_c1_m3_boost_30_s40,four_way_intersection_o1_c1_m3_boost_30_s40,boost_30,sh_mpcc_dro,77,40,53,0,0,54,0.0018842440887266733,turn_right,0.004003840957901256,0.47060912472266664,0,0,0.5495495495495496,0.5495495495495496,0.0
sh_mpcc_dro_four_way_intersection_o1_c1_m3_boost_30_s40,four_way_intersection_o1_c1_m3_boost_30_s40,boost_30,sh_mpcc_dro,77,40,54,0,0,55,0.0018636566741427089,constant_velocity,0.004604883238691839,0.4047131224704275,0,0,0.20353982300884957,0.20353982300884957,0.0
sh_mpcc_dro_four_way_intersection_o1_c1_m3_boost_30_s40,four_way_intersection_o1_c1_m3_boost_30_s40,boost_30,sh_mpcc_dro,77,40,54,0,0,55,0.0018636566741427089,turn_left,0.007607873878616746,0.2449641915569658,0,0,0.23893805309734514,0.23893805309734514,0.0
sh_mpcc_dro_four_way_intersection_o1_c1_m3_boost_30_s40,four_way_intersection_o1_c1_m3_boost_30_s40,boost_30,sh_mpcc_dro,77,40,54,0,0,55,0.0018636566741427089,turn_right,0.00393297651616858,0.4738540050979615,0,0,0.5575221238938053,0.5575221238938053,0.0
sh_mpcc_dro_four_way_intersection_o1_c1_m3_boost_30_s40,four_way_intersection_o1_c1_m3_boost_30_s40,boost_30,sh_mpcc_dro,77,40,55,0,0,56,0.0018432960266897146,constant_velocity,0.0046253493864199195,0.3985203868277829,0,0,0.2,0.2,0.0
sh_mpcc_dro_four_way_intersection_o1_c1_m3_boost_30_s40,four_way_intersection_o1_c1_m3_boost_30_s40,boost_30,sh_mpcc_dro,77,40,55,0,0,56,0.0018432960266897146,turn_left,0.007676173367663175,0.24013215158151924,0,0,0.23478260869565218,0.23478260869565218,0.0
sh_mpcc_dro_four_way_intersection_o1_c1_m3_boost_30_s40,four_way_intersection_o1_c1_m3_boost_30_s40,boost_30,sh_mpcc_dro,77,40,55,0,0,56,0.0018432960266897146,turn_right,0.003864576924583361,0.4769722695812142,0,0,0.5652173913043478,0.5652173913043478,0.0
sh_mpcc_dro_four_way_intersection_o1_c1_m3_boost_30_s40,four_way_intersection_o1_c1_m3_boost_30_s40,boost_30,sh_mpcc_dro,77,40,56,0,0,57,0.0018224167680828353,constant_velocity,0.004546283584942314,0.4008585769085848,0,0,0.21367521367521367,0.21367521367521367,0.0
sh_mpcc_dro_four_way_intersection_o1_c1_m3_boost_30_s40,four_way_intersection_o1_c1_m3_boost_30_s40,boost_30,sh_mpcc_dro,77,40,56,0,0,57,0.0018224167680828353,turn_left,0.007643788980746005,0.23841798519992297,0,0,0.23076923076923078,0.23076923076923078,0.0
sh_mpcc_dro_four_way_intersection_o1_c1_m3_boost_30_s40,four_way_intersection_o1_c1_m3_boost_30_s40,boost_30,sh_mpcc_dro,77,40,56,0,0,57,0.0018224167680828353,turn_right,0.003897348032419726,0.46760431783952355,0,0,0.5555555555555556,0.5555555555555556,0.0
sh_mpcc_dro_four_way_intersection_o1_c1_m3_boost_30_s40,four_way_intersection_o1_c1_m3_boost_30_s40,boost_30,sh_mpcc_dro,77,40,57,0,0,58,0.0018017854083879742,constant_velocity,0.004469875457464291,0.4030952149637982,0,0,0.226890756302521,0.226890756302521,0.0
sh_mpcc_dro_four_way_intersection_o1_c1_m3_boost_30_s40,four_way_intersection_o1_c1_m3_boost_30_s40,boost_30,sh_mpcc_dro,77,40,57,0,0,58,0.0018017854083879742,turn_left,0.007612493144649817,0.2366879515227279,0,0,0.226890756302521,0.226890756302521,0.0
sh_mpcc_dro_four_way_intersection_o1_c1_m3_boost_30_s40,four_way_intersection_o1_c1_m3_boost_30_s40,boost_30,sh_mpcc_dro,77,40,57,0,0,58,0.0018017854083879742,turn_right,0.003929017590413093,0.45858420506550496,0,0,0.5462184873949579,0.5462184873949579,0.0
sh_mpcc_dro_four_way_intersection_o1_c1_m3_boost_30_s40,four_way_intersection_o1_c1_m3_boost_30_s40,boost_30,sh_mpcc_dro,77,40,58,0,0,59,0.0017948828537762993,constant_velocity,0.00449155828846526,0.39961250383541175,0,0,0.2231404958677686,0.2231404958677686,0.0
sh_mpcc_dro_four_way_intersection_o1_c1_m3_boost_30_s40,four_way_intersection_o1_c1_m3_boost_30_s40,boost_30,sh_mpcc_dro,77,40,58,0,0,59,0.0017948828537762993,turn_left,0.007486666811680399,0.23974392061577987,0,0,0.2396694214876033,0.2396694214876033,0.0
sh_mpcc_dro_four_way_intersection_o1_c1_m3_boost_30_s40,four_way_intersection_o1_c1_m3_boost_30_s40,boost_30,sh_mpcc_dro,77,40,58,0,0,59,0.0017948828537762993,turn_right,0.00405473786989049,0.4426631045880101,0,0,0.5371900826446281,0.5371900826446281,0.0
sh_mpcc_dro_four_way_intersection_o1_c1_m3_boost_30_s40,four_way_intersection_o1_c1_m3_boost_30_s40,boost_30,sh_mpcc_dro,77,40,59,0,0,60,0.0017770691637315139,constant_velocity,0.004512535986751121,0.39380720041879286,0,0,0.21951219512195122,0.21951219512195122,0.0
sh_mpcc_dro_four_way_intersection_o1_c1_m3_boost_30_s40,four_way_intersection_o1_c1_m3_boost_30_s40,boost_30,sh_mpcc_dro,77,40,59,0,0,60,0.0017770691637315139,turn_left,0.007552494904154049,0.23529564551630272,0,0,0.23577235772357724,0.23577235772357724,0.0
sh_mpcc_dro_four_way_intersection_o1_c1_m3_boost_30_s40,four_way_intersection_o1_c1_m3_boost_30_s40,boost_30,sh_mpcc_dro,77,40,59,0,0,60,0.0017770691637315139,turn_right,0.003988807172819364,0.44551393104205833,0,0,0.5447154471544715,0.5447154471544715,0.0
sh_mpcc_dro_four_way_intersection_o1_c1_m3_boost_30_s40,four_way_intersection_o1_c1_m3_boost_30_s40,boost_30,sh_mpcc_dro,77,40,6,0,0,7,0.00503627391159802,constant_velocity,0.004761389074255318,1.0577320679019904,0,1,0.17647058823529413,0.0,0.07926017370650831
sh_mpcc_dro_four_way_intersection_o1_c1_m3_boost_30_s40,four_way_intersection_o1_c1_m3_boost_30_s40,boost_30,sh_mpcc_dro,77,40,6,0,0,7,0.00503627391159802,turn_left,0.00712711239342575,0.7066359604829049,0,0,0.29411764705882354,0.0,0.06714037478060036
sh_mpcc_dro_four_way_intersection_o1_c1_m3_boost_30_s40,four_way_intersection_o1_c1_m3_boost_30_s40,boost_30,sh_mpcc_dro,77,40,6,0,0,7,0.00503627391159802,turn_right,0.004412972511356148,1.1412429827373491,0,1,0.5294117647058824,1.0,0.09185796463646304
sh_mpcc_dro_four_way_intersection_o1_c1_m3_boost_30_s40,four_way_intersection_o1_c1_m3_boost_30_s40,boost_30,sh_mpcc_dro,77,40,7,0,0,8,0.004685517803335156,constant_velocity,0.004260190224333574,1.099837696582696,0,1,0.2631578947368421,0.0,0.019100858026348227
sh_mpcc_dro_four_way_intersection_o1_c1_m3_boost_30_s40,four_way_intersection_o1_c1_m3_boost_30_s40,boost_30,sh_mpcc_dro,77,40,7,0,0,8,0.004685517803335156,turn_left,0.006985488639699316,0.6707501858505406,0,0,0.2631578947368421,0.0,0.00576553478291425
sh_mpcc_dro_four_way_intersection_o1_c1_m3_boost_30_s40,four_way_intersection_o1_c1_m3_boost_30_s40,boost_30,sh_mpcc_dro,77,40,7,0,0,8,0.004685517803335156,turn_right,0.00455704769258432,1.028191522103202,0,1,0.47368421052631576,1.0,0.032486852624224405
sh_mpcc_dro_four_way_intersection_o1_c1_m3_boost_30_s40,four_way_intersection_o1_c1_m3_boost_30_s40,boost_30,sh_mpcc_dro,77,40,8,0,0,9,0.0045462338981982365,constant_velocity,0.004405094653732677,1.032040002669628,0,1,0.23809523809523808,0.0,0.043026733557196634
sh_mpcc_dro_four_way_intersection_o1_c1_m3_boost_30_s40,four_way_intersection_o1_c1_m3_boost_30_s40,boost_30,sh_mpcc_dro,77,40,8,0,0,9,0.0045462338981982365,turn_left,0.007418784435803788,0.6128003768727477,0,0,0.23809523809523808,0.0,0.029074227935403096
sh_mpcc_dro_four_way_intersection_o1_c1_m3_boost_30_s40,four_way_intersection_o1_c1_m3_boost_30_s40,boost_30,sh_mpcc_dro,77,40,8,0,0,9,0.0045462338981982365,turn_right,0.004123043150433432,1.10264038777288,0,1,0.5238095238095238,1.0,0.05662415815539107
sh_mpcc_dro_four_way_intersection_o1_c1_m3_boost_30_s40,four_way_intersection_o1_c1_m3_boost_30_s40,boost_30,sh_mpcc_dro,77,40,9,0,0,10,0.004377642840726125,constant_velocity,0.004524798312801328,0.9674780041225531,0,0,0.21739130434782608,0.0,0.024862771786655163
sh_mpcc_dro_four_way_intersection_o1_c1_m3_boost_30_s40,four_way_intersection_o1_c1_m3_boost_30_s40,boost_30,sh_mpcc_dro,77,40,9,0,0,10,0.004377642840726125,turn_left,0.00777672444128159,0.562916028950191,0,0,0.21739130434782608,0.0,0.01396920567850854
sh_mpcc_dro_four_way_intersection_o1_c1_m3_boost_30_s40,four_way_intersection_o1_c1_m3_boost_30_s40,boost_30,sh_mpcc_dro,77,40,9,0,0,10,0.004377642840726125,turn_right,0.0037645176590912887,1.1628695193271688,0,1,0.5652173913043478,1.0,0.03547541001460283
sh_mpcc_dro_four_way_intersection_o1_c1_m3_boost_30_s40,four_way_intersection_o1_c1_m3_boost_30_s40,boost_30,sh_mpcc_dro,78,40,0,0,0,1,0.012750532197405169,constant_velocity,0.005148107643063581,2.476741568250789,0,1,0.6,0.6,0.0
sh_mpcc_dro_four_way_intersection_o1_c1_m3_boost_30_s40,four_way_intersection_o1_c1_m3_boost_30_s40,boost_30,sh_mpcc_dro,78,40,0,0,0,1,0.012750532197405169,turn_left,0.012857784439968992,0.9916585751561968,0,0,0.2,0.2,0.0
sh_mpcc_dro_four_way_intersection_o1_c1_m3_boost_30_s40,four_way_intersection_o1_c1_m3_boost_30_s40,boost_30,sh_mpcc_dro,78,40,0,0,0,1,0.012750532197405169,turn_right,0.012857784439968992,0.9916585751561968,0,0,0.2,0.2,0.0
sh_mpcc_dro_four_way_intersection_o1_c1_m3_boost_30_s40,four_way_intersection_o1_c1_m3_boost_30_s40,boost_30,sh_mpcc_dro,78,40,1,0,0,2,0.01529236887253553,constant_velocity,0.00735443949009083,2.079338458510679,0,1,0.42857142857142855,0.42857142857142855,0.0
sh_mpcc_dro_four_way_intersection_o1_c1_m3_boost_30_s40,four_way_intersection_o1_c1_m3_boost_30_s40,boost_30,sh_mpcc_dro,78,40,1,0,0,2,0.01529236887253553,turn_left,0.01652073599336874,0.9256469493050271,0,0,0.14285714285714285,0.14285714285714285,0.0
sh_mpcc_dro_four_way_intersection_o1_c1_m3_boost_30_s40,four_way_intersection_o1_c1_m3_boost_30_s40,boost_30,sh_mpcc_dro,78,40,1,0,0,2,0.01529236887253553,turn_right,0.009184131742834995,1.665085965743673,0,1,0.42857142857142855,0.42857142857142855,0.0
sh_mpcc_dro_four_way_intersection_o1_c1_m3_boost_30_s40,four_way_intersection_o1_c1_m3_boost_30_s40,boost_30,sh_mpcc_dro,78,40,10,0,0,11,0.00911372470209963,constant_velocity,0.010296215286127433,0.8851528885938286,0,0,0.2,0.2,0.0
sh_mpcc_dro_four_way_intersection_o1_c1_m3_boost_30_s40,four_way_intersection_o1_c1_m3_boost_30_s40,boost_30,sh_mpcc_dro,78,40,10,0,0,11,0.00911372470209963,turn_left,0.02003517193780158,0.4548862735190313,0,0,0.12,0.12,0.0
sh_mpcc_dro_four_way_intersection_o1_c1_m3_boost_30_s40,four_way_intersection_o1_c1_m3_boost_30_s40,boost_30,sh_mpcc_dro,78,40,10,0,0,11,0.00911372470209963,turn_right,0.005655427606756029,1.611500550588303,0,1,0.68,0.68,0.0
sh_mpcc_dro_four_way_intersection_o1_c1_m3_boost_30_s40,four_way_intersection_o1_c1_m3_boost_30_s40,boost_30,sh_mpcc_dro,78,40,11,0,0,12,0.008654636992803035,constant_velocity,0.009533532672340216,0.9078100731655188,0,0,0.25925925925925924,0.25925925925925924,0.05444586299261031
sh_mpcc_dro_four_way_intersection_o1_c1_m3_boost_30_s40,four_way_intersection_o1_c1_m3_boost_30_s40,boost_30,sh_mpcc_dro,78,40,11,0,0,12,0.008654636992803035,turn_left,0.01950443839482797,0.44372654149826746,0,0,0.1111111111111111,0.4481544273476793,0.07829512526968682
sh_mpcc_dro_four_way_intersection_o1_c1_m3_boost_30_s40,four_way_intersection_o1_c1_m3_boost_30_s40,boost_30,sh_mpcc_dro,78,40,11,0,0,12,0.008654636992803035,turn_right,0.00618986031052666,1.3981958491187114,0,1,0.6296296296296297,0.29258631339306146,0.030557355256757707
sh_mpcc_dro_four_way_intersection_o1_c1_m3_boost_30_s40,four_way_intersection_o1_c1_m3_boost_30_s40,boost_30,sh_mpcc_dro,78,40,12,0,0,13,0.00826338753691121,constant_velocity,0.00976365242650017,0.8463418376593382,0,0,0.2413793103448276,0.0,0.02249979719188855
sh_mpcc_dro_four_way_intersection_o1_c1_m3_boost_30_s40,four_way_intersection_o1_c1_m3_boost_30_s40,boost_30,sh_mpcc_dro,78,40,12,0,0,13,0.00826338753691121,turn_left,0.019930209186692777,0.4146161969252486,0,0,0.10344827586206896,0.5456511622552278,0.046009642073359086
sh_mpcc_dro_four_way_intersection_o1_c1_m3_boost_30_s40,four_way_intersection_o1_c1_m3_boost_30_s40,boost_30,sh_mpcc_dro,78,40,12,0,0,13,0.00826338753691121,turn_right,0.005762973392559305,1.4338757051317021,0,1,0.6551724137931034,0.45434883774477214,0.004060322962351329
sh_mpcc_dro_four_way_intersection_o1_c1_m3_boost_30_s40,four_way_intersection_o1_c1_m3_boost_30_s40,boost_30,sh_mpcc_dro,78,40,13,0,0,14,0.008203321985393442,constant_velocity,0.009964079309155214,0.8232895113406062,0,0,0.22580645161290322,0.0,0.013929648025249208
sh_mpcc_dro_four_way_intersection_o1_c1_m3_boost_30_s40,four_way_intersection_o1_c1_m3_boost_30_s40,boost_30,sh_mpcc_dro,78,40,13,0,0,14,0.008203321985393442,turn_left,0.018644389239163988,0.4399887751839962,0,0,0.16129032258064516,0.5933865354276209,0.0275785312799538
sh_mpcc_dro_four_way_intersection_o1_c1_m3_boost_30_s40,four_way_intersection_o1_c1_m3_boost_30_s40,boost_30,sh_mpcc_dro,78,40,13,0,0,14,0.008203321985393442,turn_right,0.00704782123025644,1.1639514847760912,0,1,0.6129032258064516,0.406613464572379,0.0011208490587953784
sh_mpcc_dro_four_way_intersection_o1_c1_m3_boost_30_s40,four_way_intersection_o1_c1_m3_boost_30_s40,boost_30,sh_mpcc_dro,78,40,14,0,0,15,0.007849217650897595,constant_velocity,0.009360195714661231,0.8385740950483617,0,0,0.2727272727272727,0.8142040866740307,0.04933808310226803
sh_mpcc_dro_four_way_intersection_o1_c1_m3_boost_30_s40,four_way_intersection_o1_c1_m3_boost_30_s40,boost_30,sh_mpcc_dro,78,40,14,0,0,15,0.007849217650897595,turn_left,0.01829444256452746,0.42904929315075513,0,0,0.15151515151515152,0.1857959133259694,0.06861801332491521
sh_mpcc_dro_four_way_intersection_o1_c1_m3_boost_30_s40,four_way_intersection_o1_c1_m3_boost_30_s40,boost_30,sh_mpcc_dro,78,40,14,0,0,15,0.007849217650897595,turn_right,0.007400696859190129,1.0606052105958774,0,1,0.5757575757575758,0.0,0.027703331561727412
sh_mpcc_dro_four_way_intersection_o1_c1_m3_boost_30_s40,four_way_intersection_o1_c1_m3_boost_30_s40,boost_30,sh_mpcc_dro,78,40,15,0,0,16,0.007578875724325661,constant_velocity,0.009560771337118277,0.792705468742025,0,0,0.2571428571428571,0.0,0.0019441086445627226
sh_mpcc_dro_four_way_intersection_o1_c1_m3_boost_30_s40,four_way_intersection_o1_c1_m3_boost_30_s40,boost_30,sh_mpcc_dro,78,40,15,0,0,16,0.007578875724325661,turn_left,0.018716366696661185,0.4049330645823293,0,0,0.14285714285714285,0.566265240819184,0.013688141447007016
sh_mpcc_dro_four_way_intersection_o1_c1_m3_boost_30_s40,four_way_intersection_o1_c1_m3_boost_30_s40,boost_30,sh_mpcc_dro,78,40,15,0,0,16,0.007578875724325661,turn_right,0.006977799895807836,1.0861411673440138,0,1,0.6,0.433734759180816,0.0
sh_mpcc_dro_four_way_intersection_o1_c1_m3_boost_30_s40,four_way_intersection_o1_c1_m3_boost_30_s40,boost_30,sh_mpcc_dro,78,40,16,0,0,17,0.0074809874897283505,constant_velocity,0.009739663108498532,0.7680950979917026,0,0,0.24324324324324326,0.0,0.102480185299371
sh_mpcc_dro_four_way_intersection_o1_c1_m3_boost_30_s40,four_way_intersection_o1_c1_m3_boost_30_s40,boost_30,sh_mpcc_dro,78,40,16,0,0,17,0.0074809874897283505,turn_left,0.017704671199544164,0.4225431472526279,0,0,0.1891891891891892,0.6018522481560333,0.11984297333675192
sh_mpcc_dro_four_way_intersection_o1_c1_m3_boost_30_s40,four_way_intersection_o1_c1_m3_boost_30_s40,boost_30,sh_mpcc_dro,78,40,16,0,0,17,0.0074809874897283505,turn_right,0.007988627732621682,0.9364546377821094,0,0,0.5675675675675675,0.3981477518439665,0.08840627710944482
sh_mpcc_dro_four_way_intersection_o1_c1_m3_boost_30_s40,four_way_intersection_o1_c1_m3_boost_30_s40,boost_30,sh_mpcc_dro,78,40,17,0,0,18,0.0072559114314280655,constant_velocity,0.009900207005891655,0.732905021795003,0,0,0.23076923076923078,0.0,0.13844616586596595
sh_mpcc_dro_four_way_intersection_o1_c1_m3_boost_30_s40,four_way_intersection_o1_c1_m3_boost_30_s40,boost_30,sh_mpcc_dro,78,40,17,0,0,18,0.0072559114314280655,turn_left,0.018113565747099408,0.4005788552477571,0,0,0.1794871794871795,0.5771631068816291,0.15919162198295161
sh_mpcc_dro_four_way_intersection_o1_c1_m3_boost_30_s40,four_way_intersection_o1_c1_m3_boost_30_s40,boost_30,sh_mpcc_dro,78,40,17,0,0,18,0.0072559114314280655,turn_right,0.007578954515564349,0.9573762999272692,0,0,0.5897435897435898,0.4228368931183709,0.12067173664944014
sh_mpcc_dro_four_way_intersection_o1_c1_m3_boost_30_s40,four_way_intersection_o1_c1_m3_boost_30_s40,boost_30,sh_mpcc_dro,78,40,18,0,0,19,0.007036713220466247,constant_velocity,0.010045088084026387,0.7005128438501169,0,0,0.21951219512195122,0.0,0.09900257912108792
sh_mpcc_dro_four_way_intersection_o1_c1_m3_boost_30_s40,four_way_intersection_o1_c1_m3_boost_30_s40,boost_30,sh_mpcc_dro,78,40,18,0,0,19,0.007036713220466247,turn_left,0.018482568143673248,0.38072161648569264,0,0,0.17073170731707318,0.5542564172606662,0.12254270893300406
sh_mpcc_dro_four_way_intersection_o1_c1_m3_boost_30_s40,four_way_intersection_o1_c1_m3_boost_30_s40,boost_30,sh_mpcc_dro,78,40,18,0,0,19,0.007036713220466247,turn_right,0.007209249417243957,0.976067384162765,0,0,0.6097560975609756,0.4457435827393338,0.0781131808830609
sh_mpcc_dro_four_way_intersection_o1_c1_m3_boost_30_s40,four_way_intersection_o1_c1_m3_boost_30_s40,boost_30,sh_mpcc_dro,78,40,19,0,0,20,0.00682493088838672,constant_velocity,0.010176491852567051,0.6706565471936294,0,0,0.20930232558139536,0.0,0.0
sh_mpcc_dro_four_way_intersection_o1_c1_m3_boost_30_s40,four_way_intersection_o1_c1_m3_boost_30_s40,boost_30,sh_mpcc_dro,78,40,19,0,0,20,0.00682493088838672,turn_left,0.018817244735915138,0.3626955478429028,0,0,0.16279069767441862,0.5329753019240578,0.026106632408250285
sh_mpcc_dro_four_way_intersection_o1_c1_m3_boost_30_s40,four_way_intersection_o1_c1_m3_boost_30_s40,boost_30,sh_mpcc_dro,78,40,19,0,0,20,0.00682493088838672,turn_right,0.006873935490860395,0.9928709539769711,0,0,0.627906976744186,0.4670246980759422,0.0
sh_mpcc_dro_four_way_intersection_o1_c1_m3_boost_30_s40,four_way_intersection_o1_c1_m3_boost_30_s40,boost_30,sh_mpcc_dro,78,40,2,0,0,3,0.015258945871189757,constant_velocity,0.008580179405105597,1.7783947340436717,0,1,0.3333333333333333,0.3333333333333333,0.0
sh_mpcc_dro_four_way_intersection_o1_c1_m3_boost_30_s40,four_way_intersection_o1_c1_m3_boost_30_s40,boost_30,sh_mpcc_dro,78,40,2,0,0,3,0.015258945871189757,turn_left,0.018555709078590835,0.8223315965216974,0,0,0.1111111111111111,0.1111111111111111,0.0
sh_mpcc_dro_four_way_intersection_o1_c1_m3_boost_30_s40,four_way_intersection_o1_c1_m3_boost_30_s40,boost_30,sh_mpcc_dro,78,40,2,0,0,3,0.015258945871189757,turn_right,0.007143213577760304,2.1361458263962585,0,1,0.5555555555555556,0.5555555555555556,0.0
sh_mpcc_dro_four_way_intersection_o1_c1_m3_boost_30_s40,four_way_intersection_o1_c1_m3_boost_30_s40,boost_30,sh_mpcc_dro,78,40,20,0,0,21,0.006619938239415771,constant_velocity,0.009724203325786523,0.6807692124105529,0,0,0.24444444444444444,0.0,0.08110313255868848
sh_mpcc_dro_four_way_intersection_o1_c1_m3_boost_30_s40,four_way_intersection_o1_c1_m3_boost_30_s40,boost_30,sh_mpcc_dro,78,40,20,0,0,21,0.006619938239415771,turn_left,0.01855293470799254,0.35681353616600203,0,0,0.15555555555555556,0.5352853382813243,0.10982752132355056
sh_mpcc_dro_four_way_intersection_o1_c1_m3_boost_30_s40,four_way_intersection_o1_c1_m3_boost_30_s40,boost_30,sh_mpcc_dro,78,40,20,0,0,21,0.006619938239415771,turn_right,0.007140439207162626,0.9271051888202148,0,0,0.6,0.46471466171867565,0.053865241419105925
sh_mpcc_dro_four_way_intersection_o1_c1_m3_boost_30_s40,four_way_intersection_o1_c1_m3_boost_30_s40,boost_30,sh_mpcc_dro,78,40,21,0,0,22,0.006566753132265643,constant_velocity,0.009858078465440645,0.6661291199179065,0,0,0.23404255319148937,0.0,0.005828176814096392
sh_mpcc_dro_four_way_intersection_o1_c1_m3_boost_30_s40,four_way_intersection_o1_c1_m3_boost_30_s40,boost_30,sh_mpcc_dro,78,40,21,0,0,22,0.006566753132265643,turn_left,0.01776344812467371,0.36967783992029785,0,0,0.19148936170212766,0.5639596190725521,0.032703951847370905
sh_mpcc_dro_four_way_intersection_o1_c1_m3_boost_30_s40,four_way_intersection_o1_c1_m3_boost_30_s40,boost_30,sh_mpcc_dro,78,40,21,0,0,22,0.006566753132265643,turn_right,0.007929276469703258,0.8281654899228649,0,0,0.574468085106383,0.4360403809274479,0.0
sh_mpcc_dro_four_way_intersection_o1_c1_m3_boost_30_s40,four_way_intersection_o1_c1_m3_boost_30_s40,boost_30,sh_mpcc_dro,78,40,22,0,0,23,0.006402278831605096,constant_velocity,0.009981025022265652,0.6414450236646942,0,0,0.22448979591836735,0.0,0.031297720677068486
sh_mpcc_dro_four_way_intersection_o1_c1_m3_boost_30_s40,four_way_intersection_o1_c1_m3_boost_30_s40,boost_30,sh_mpcc_dro,78,40,22,0,0,23,0.006402278831605096,turn_left,0.018086495747212307,0.35398116479207353,0,0,0.1836734693877551,0.5449737267850182,0.053526900393825905
sh_mpcc_dro_four_way_intersection_o1_c1_m3_boost_30_s40,four_way_intersection_o1_c1_m3_boost_30_s40,boost_30,sh_mpcc_dro,78,40,22,0,0,23,0.006402278831605096,turn_right,0.007605632532164255,0.84178124627108,0,0,0.5918367346938775,0.4550262732149818,0.014616742432316587
sh_mpcc_dro_four_way_intersection_o1_c1_m3_boost_30_s40,four_way_intersection_o1_c1_m3_boost_30_s40,boost_30,sh_mpcc_dro,78,40,23,0,0,24,0.00624224753741473,constant_velocity,0.01009432871188912,0.6183915459442686,0,0,0.21568627450980393,0.0,0.029226419899572073
sh_mpcc_dro_four_way_intersection_o1_c1_m3_boost_30_s40,four_way_intersection_o1_c1_m3_boost_30_s40,boost_30,sh_mpcc_dro,78,40,23,0,0,24,0.00624224753741473,turn_left,0.018384206301316357,0.3395440322581546,0,0,0.17647058823529413,0.5271475798700515,0.047017880217233285
sh_mpcc_dro_four_way_intersection_o1_c1_m3_boost_30_s40,four_way_intersection_o1_c1_m3_boost_30_s40,boost_30,sh_mpcc_dro,78,40,23,0,0,24,0.00624224753741473,turn_right,0.007307372432863788,0.854239686667834,0,0,0.6078431372549019,0.47285242012994855,0.017311567712238504
sh_mpcc_dro_four_way_intersection_o1_c1_m3_boost_30_s40,four_way_intersection_o1_c1_m3_boost_30_s40,boost_30,sh_mpcc_dro,78,40,24,0,0,25,0.006081878921312508,constant_velocity,0.009713410647289537,0.626132173564557,0,0,0.24528301886792453,0.24528301886792453,0.0
sh_mpcc_dro_four_way_intersection_o1_c1_m3_boost_30_s40,four_way_intersection_o1_c1_m3_boost_30_s40,boost_30,sh_mpcc_dro,78,40,24,0,0,25,0.006081878921312508,turn_left,0.018176133199668765,0.3346079638887848,0,0,0.16981132075471697,0.16981132075471697,0.0
sh_mpcc_dro_four_way_intersection_o1_c1_m3_boost_30_s40,four_way_intersection_o1_c1_m3_boost_30_s40,boost_30,sh_mpcc_dro,78,40,24,0,0,25,0.006081878921312508,turn_right,0.007517293062101325,0.809051725277879,0,0,0.5849056603773585,0.5849056603773585,0.0
sh_mpcc_dro_four_way_intersection_o1_c1_m3_boost_30_s40,four_way_intersection_o1_c1_m3_boost_30_s40,boost_30,sh_mpcc_dro,78,40,25,0,0,26,0.005926006532659907,constant_velocity,0.009360195714660825,0.6331071179823766,0,0,0.2727272727272727,0.2727272727272727,0.0
sh_mpcc_dro_four_way_intersection_o1_c1_m3_boost_30_s40,four_way_intersection_o1_c1_m3_boost_30_s40,boost_30,sh_mpcc_dro,78,40,25,0,0,26,0.005926006532659907,turn_left,0.017983192687232016,0.3295302806196001,0,0,0.16363636363636364,0.16363636363636364,0.0
sh_mpcc_dro_four_way_intersection_o1_c1_m3_boost_30_s40,four_way_intersection_o1_c1_m3_boost_30_s40,boost_30,sh_mpcc_dro,78,40,25,0,0,26,0.005926006532659907,turn_right,0.007711946736485233,0.7684190172922175,0,0,0.5636363636363636,0.5636363636363636,0.0
sh_mpcc_dro_four_way_intersection_o1_c1_m3_boost_30_s40,four_way_intersection_o1_c1_m3_boost_30_s40,boost_30,sh_mpcc_dro,78,40,26,0,0,27,0.005887553134348269,constant_velocity,0.009483356184590558,0.6208301174973175,0,0,0.2631578947368421,0.0,0.0
sh_mpcc_dro_four_way_intersection_o1_c1_m3_boost_30_s40,four_way_intersection_o1_c1_m3_boost_30_s40,boost_30,sh_mpcc_dro,78,40,26,0,0,27,0.005887553134348269,turn_left,0.017352203470136156,0.33929714715949394,0,0,0.19298245614035087,0.5535244549390173,0.0027911644572753136
sh_mpcc_dro_four_way_intersection_o1_c1_m3_boost_30_s40,four_way_intersection_o1_c1_m3_boost_30_s40,boost_30,sh_mpcc_dro,78,40,26,0,0,27,0.005887553134348269,turn_right,0.008342338601060045,0.7057437267770633,0,0,0.543859649122807,0.4464755450609828,0.0
sh_mpcc_dro_four_way_intersection_o1_c1_m3_boost_30_s40,four_way_intersection_o1_c1_m3_boost_30_s40,boost_30,sh_mpcc_dro,78,40,27,0,0,28,0.005742417175000233,constant_velocity,0.009161886483417998,0.626772355823593,0,0,0.288135593220339,0.288135593220339,0.0
sh_mpcc_dro_four_way_intersection_o1_c1_m3_boost_30_s40,four_way_intersection_o1_c1_m3_boost_30_s40,boost_30,sh_mpcc_dro,78,40,27,0,0,28,0.005742417175000233,turn_left,0.017200273491747197,0.33385615512192185,0,0,0.1864406779661017,0.1864406779661017,0.0
sh_mpcc_dro_four_way_intersection_o1_c1_m3_boost_30_s40,four_way_intersection_o1_c1_m3_boost_30_s40,boost_30,sh_mpcc_dro,78,40,27,0,0,28,0.005742417175000233,turn_right,0.00849582777077526,0.6759102620645788,0,0,0.5254237288135594,0.5254237288135594,0.0
sh_mpcc_dro_four_way_intersection_o1_c1_m3_boost_30_s40,four_way_intersection_o1_c1_m3_boost_30_s40,boost_30,sh_mpcc_dro,78,40,28,0,0,29,0.005633506998287049,constant_velocity,0.009283472798966873,0.6068318527215358,0,0,0.2786885245901639,0.0,0.02541118217369251
sh_mpcc_dro_four_way_intersection_o1_c1_m3_boost_30_s40,four_way_intersection_o1_c1_m3_boost_30_s40,boost_30,sh_mpcc_dro,78,40,28,0,0,29,0.005633506998287049,turn_left,0.01747823550437409,0.3223155447743688,0,0,0.18032786885245902,0.5387228165741427,0.04646316851607757
sh_mpcc_dro_four_way_intersection_o1_c1_m3_boost_30_s40,four_way_intersection_o1_c1_m3_boost_30_s40,boost_30,sh_mpcc_dro,78,40,28,0,0,29,0.005633506998287049,turn_right,0.008217276040585907,0.6855686690410087,0,0,0.5409836065573771,0.4612771834258574,0.00735869313880283
sh_mpcc_dro_four_way_intersection_o1_c1_m3_boost_30_s40,four_way_intersection_o1_c1_m3_boost_30_s40,boost_30,sh_mpcc_dro,78,40,29,0,0,30,0.005502462334339396,constant_velocity,0.00898875937677745,0.612149252604877,0,0,0.30158730158730157,0.0,0.11789172872716916
sh_mpcc_dro_four_way_intersection_o1_c1_m3_boost_30_s40,four_way_intersection_o1_c1_m3_boost_30_s40,boost_30,sh_mpcc_dro,78,40,29,0,0,30,0.005502462334339396,turn_left,0.01733195085685918,0.3174750713167282,0,0,0.1746031746031746,0.539316317446005,0.14147331612906566
sh_mpcc_dro_four_way_intersection_o1_c1_m3_boost_30_s40,four_way_intersection_o1_c1_m3_boost_30_s40,boost_30,sh_mpcc_dro,78,40,29,0,0,30,0.005502462334339396,turn_right,0.008364990106207264,0.6577966338843938,0,0,0.5238095238095238,0.4606836825539951,0.09694624618538566
sh_mpcc_dro_four_way_intersection_o1_c1_m3_boost_30_s40,four_way_intersection_o1_c1_m3_boost_30_s40,boost_30,sh_mpcc_dro,78,40,3,0,0,4,0.014268347499695114,constant_velocity,0.00936019571466087,1.5243642264174677,0,1,0.2727272727272727,0.0,0.0
sh_mpcc_dro_four_way_intersection_o1_c1_m3_boost_30_s40,four_way_intersection_o1_c1_m3_boost_30_s40,boost_30,sh_mpcc_dro,78,40,3,0,0,4,0.014268347499695114,turn_left,0.01985069195100458,0.7187833822071396,0,0,0.09090909090909091,0.7826030268157129,0.0057287730952904625
sh_mpcc_dro_four_way_intersection_o1_c1_m3_boost_30_s40,four_way_intersection_o1_c1_m3_boost_30_s40,boost_30,sh_mpcc_dro,78,40,3,0,0,4,0.014268347499695114,turn_right,0.005844447472713078,2.4413509688147714,0,1,0.6363636363636364,0.21739697318428702,0.0
sh_mpcc_dro_four_way_intersection_o1_c1_m3_boost_30_s40,four_way_intersection_o1_c1_m3_boost_30_s40,boost_30,sh_mpcc_dro,78,40,30,0,0,31,0.0054033730284947625,constant_velocity,0.009108190445419951,0.5932433078638409,0,0,0.2923076923076923,0.0,0.06849321192189209
sh_mpcc_dro_four_way_intersection_o1_c1_m3_boost_30_s40,four_way_intersection_o1_c1_m3_boost_30_s40,boost_30,sh_mpcc_dro,78,40,30,0,0,31,0.0054033730284947625,turn_left,0.017588755903628663,0.30720609565000645,0,0,0.16923076923076924,0.525456485666269,0.09569148230984806
sh_mpcc_dro_four_way_intersection_o1_c1_m3_boost_30_s40,four_way_intersection_o1_c1_m3_boost_30_s40,boost_30,sh_mpcc_dro,78,40,30,0,0,31,0.0054033730284947625,turn_right,0.00810760579524704,0.6664572951564082,0,0,0.5384615384615384,0.474543514333731,0.04325727039241928
sh_mpcc_dro_four_way_intersection_o1_c1_m3_boost_30_s40,four_way_intersection_o1_c1_m3_boost_30_s40,boost_30,sh_mpcc_dro,78,40,31,0,0,32,0.005305616792158995,constant_velocity,0.009220491301008852,0.575415844877863,0,0,0.2835820895522388,0.0,0.07836495343971098
sh_mpcc_dro_four_way_intersection_o1_c1_m3_boost_30_s40,four_way_intersection_o1_c1_m3_boost_30_s40,boost_30,sh_mpcc_dro,78,40,31,0,0,32,0.005305616792158995,turn_left,0.017830229305815088,0.2975630150997912,0,0,0.16417910447761194,0.5122456389920151,0.10735471345153969
sh_mpcc_dro_four_way_intersection_o1_c1_m3_boost_30_s40,four_way_intersection_o1_c1_m3_boost_30_s40,boost_30,sh_mpcc_dro,78,40,31,0,0,32,0.005305616792158995,turn_right,0.007865587711806623,0.6745353286436575,0,0,0.5522388059701493,0.4877543610079848,0.05075632143628167
sh_mpcc_dro_four_way_intersection_o1_c1_m3_boost_30_s40,four_way_intersection_o1_c1_m3_boost_30_s40,boost_30,sh_mpcc_dro,78,40,32,0,0,33,0.005193923178241843,constant_velocity,0.008953230683588258,0.5801172070504758,0,0,0.30434782608695654,0.0,0.0016287299566292018
sh_mpcc_dro_four_way_intersection_o1_c1_m3_boost_30_s40,four_way_intersection_o1_c1_m3_boost_30_s40,boost_30,sh_mpcc_dro,78,40,32,0,0,33,0.005193923178241843,turn_left,0.017686462343549873,0.29366659523836486,0,0,0.15942028985507245,0.513494692845926,0.01997329697558381
sh_mpcc_dro_four_way_intersection_o1_c1_m3_boost_30_s40,four_way_intersection_o1_c1_m3_boost_30_s40,boost_30,sh_mpcc_dro,78,40,32,0,0,33,0.005193923178241843,turn_right,0.008010650940671833,0.6483771689353177,0,0,0.5362318840579711,0.4865053071540741,0.0
sh_mpcc_dro_four_way_intersection_o1_c1_m3_boost_30_s40,four_way_intersection_o1_c1_m3_boost_30_s40,boost_30,sh_mpcc_dro,78,40,33,0,0,34,0.0050855355529590505,constant_velocity,0.008701027002360421,0.5844753213131556,0,0,0.323943661971831,0.0,0.007391974177160782
sh_mpcc_dro_four_way_intersection_o1_c1_m3_boost_30_s40,four_way_intersection_o1_c1_m3_boost_30_s40,boost_30,sh_mpcc_dro,78,40,33,0,0,34,0.0050855355529590505,turn_left,0.01755079492845436,0.2897609808382005,0,0,0.15492957746478872,0.5145570679440798,0.0379916798858973
sh_mpcc_dro_four_way_intersection_o1_c1_m3_boost_30_s40,four_way_intersection_o1_c1_m3_boost_30_s40,boost_30,sh_mpcc_dro,78,40,33,0,0,34,0.0050855355529590505,turn_right,0.008147541593262989,0.6241803732753154,0,0,0.5211267605633803,0.4854429320559201,0.0
sh_mpcc_dro_four_way_intersection_o1_c1_m3_boost_30_s40,four_way_intersection_o1_c1_m3_boost_30_s40,boost_30,sh_mpcc_dro,78,40,34,0,0,35,0.004980502402453797,constant_velocity,0.00846264270092589,0.5885280258741026,0,0,0.3424657534246575,0.0,0.03213200993185021
sh_mpcc_dro_four_way_intersection_o1_c1_m3_boost_30_s40,four_way_intersection_o1_c1_m3_boost_30_s40,boost_30,sh_mpcc_dro,78,40,34,0,0,35,0.004980502402453797,turn_left,0.017422561344322986,0.2858651092697491,0,0,0.1506849315068493,0.5154605779461721,0.052886312702587784
sh_mpcc_dro_four_way_intersection_o1_c1_m3_boost_30_s40,four_way_intersection_o1_c1_m3_boost_30_s40,boost_30,sh_mpcc_dro,78,40,34,0,0,35,0.004980502402453797,turn_right,0.008276931388177915,0.6017329574058733,0,0,0.5068493150684932,0.484539422053828,0.014720119336370505
sh_mpcc_dro_four_way_intersection_o1_c1_m3_boost_30_s40,four_way_intersection_o1_c1_m3_boost_30_s40,boost_30,sh_mpcc_dro,78,40,35,0,0,36,0.004903337478044415,constant_velocity,0.008580179405105406,0.5714726052379295,0,0,0.3333333333333333,0.0,0.013822273481562064
sh_mpcc_dro_four_way_intersection_o1_c1_m3_boost_30_s40,four_way_intersection_o1_c1_m3_boost_30_s40,boost_30,sh_mpcc_dro,78,40,35,0,0,36,0.004903337478044415,turn_left,0.017642709438524175,0.27792428907419464,0,0,0.14666666666666667,0.5038821182330563,0.037229726527262724
sh_mpcc_dro_four_way_intersection_o1_c1_m3_boost_30_s40,four_way_intersection_o1_c1_m3_boost_30_s40,boost_30,sh_mpcc_dro,78,40,35,0,0,36,0.004903337478044415,turn_right,0.008056213217826505,0.6086404797721195,0,0,0.52,0.4961178817669437,0.0
sh_mpcc_dro_four_way_intersection_o1_c1_m3_boost_30_s40,four_way_intersection_o1_c1_m3_boost_30_s40,boost_30,sh_mpcc_dro,78,40,36,0,0,37,0.004826960163419691,constant_velocity,0.008691610306470489,0.5553585576456701,0,0,0.3246753246753247,0.0,0.0050969096646872325
sh_mpcc_dro_four_way_intersection_o1_c1_m3_boost_30_s40,four_way_intersection_o1_c1_m3_boost_30_s40,boost_30,sh_mpcc_dro,78,40,36,0,0,37,0.004826960163419691,turn_left,0.017851421268091548,0.27039640659019243,0,0,0.14285714285714285,0.4927797010361901,0.022724792257340462
sh_mpcc_dro_four_way_intersection_o1_c1_m3_boost_30_s40,four_way_intersection_o1_c1_m3_boost_30_s40,boost_30,sh_mpcc_dro,78,40,36,0,0,37,0.004826960163419691,turn_right,0.00784696092645447,0.6151375301419628,0,0,0.5324675324675324,0.5072202989638098,0.0
sh_mpcc_dro_four_way_intersection_o1_c1_m3_boost_30_s40,four_way_intersection_o1_c1_m3_boost_30_s40,boost_30,sh_mpcc_dro,78,40,37,0,0,38,0.004751590248990024,constant_velocity,0.008797399136880437,0.540113069221836,0,0,0.31645569620253167,0.31645569620253167,0.0
sh_mpcc_dro_four_way_intersection_o1_c1_m3_boost_30_s40,four_way_intersection_o1_c1_m3_boost_30_s40,boost_30,sh_mpcc_dro,78,40,37,0,0,38,0.004751590248990024,turn_left,0.01804956541008569,0.26325233550138233,0,0,0.13924050632911392,0.13924050632911392,0.0
sh_mpcc_dro_four_way_intersection_o1_c1_m3_boost_30_s40,four_way_intersection_o1_c1_m3_boost_30_s40,boost_30,sh_mpcc_dro,78,40,37,0,0,38,0.004751590248990024,turn_right,0.0076483036878101434,0.6212606668015945,0,0,0.5443037974683544,0.5443037974683544,0.0
sh_mpcc_dro_four_way_intersection_o1_c1_m3_boost_30_s40,four_way_intersection_o1_c1_m3_boost_30_s40,boost_30,sh_mpcc_dro,78,40,38,0,0,39,0.004677393352497135,constant_velocity,0.008897963827517417,0.5256700794885288,0,0,0.30864197530864196,0.30864197530864196,0.0
sh_mpcc_dro_four_way_intersection_o1_c1_m3_boost_30_s40,four_way_intersection_o1_c1_m3_boost_30_s40,boost_30,sh_mpcc_dro,78,40,38,0,0,39,0.004677393352497135,turn_left,0.018237924656178947,0.25646521962752217,0,0,0.13580246913580246,0.13580246913580246,0.0
sh_mpcc_dro_four_way_intersection_o1_c1_m3_boost_30_s40,four_way_intersection_o1_c1_m3_boost_30_s40,boost_30,sh_mpcc_dro,78,40,38,0,0,39,0.004677393352497135,turn_right,0.007459456683173193,0.6270420958470408,0,0,0.5555555555555556,0.5555555555555556,0.0
sh_mpcc_dro_four_way_intersection_o1_c1_m3_boost_30_s40,four_way_intersection_o1_c1_m3_boost_30_s40,boost_30,sh_mpcc_dro,78,40,39,0,0,40,0.004604492180458407,constant_velocity,0.008993682027039094,0.5119696434247076,0,0,0.30120481927710846,0.30120481927710846,0.0
sh_mpcc_dro_four_way_intersection_o1_c1_m3_boost_30_s40,four_way_intersection_o1_c1_m3_boost_30_s40,boost_30,sh_mpcc_dro,78,40,39,0,0,40,0.004604492180458407,turn_left,0.018417206348244133,0.25001034865949645,0,0,0.13253012048192772,0.13253012048192772,0.0
sh_mpcc_dro_four_way_intersection_o1_c1_m3_boost_30_s40,four_way_intersection_o1_c1_m3_boost_30_s40,boost_30,sh_mpcc_dro,78,40,39,0,0,40,0.004604492180458407,turn_right,0.007279710739000493,0.6325103215695361,0,0,0.5662650602409639,0.5662650602409639,0.0
sh_mpcc_dro_four_way_intersection_o1_c1_m3_boost_30_s40,four_way_intersection_o1_c1_m3_boost_30_s40,boost_30,sh_mpcc_dro,78,40,4,0,0,5,0.013096255630230721,constant_velocity,0.009900207005891393,1.32282644417813,0,1,0.23076923076923078,0.0,0.16652118367679827
sh_mpcc_dro_four_way_intersection_o1_c1_m3_boost_30_s40,four_way_intersection_o1_c1_m3_boost_30_s40,boost_30,sh_mpcc_dro,78,40,4,0,0,5,0.013096255630230721,turn_left,0.02074721855498361,0.6312294631457922,0,0,0.07692307692307693,0.7020434342068751,0.17691755938389664
sh_mpcc_dro_four_way_intersection_o1_c1_m3_boost_30_s40,four_way_intersection_o1_c1_m3_boost_30_s40,boost_30,sh_mpcc_dro,78,40,4,0,0,5,0.013096255630230721,turn_right,0.004945301707680327,2.6482217677217776,0,1,0.6923076923076923,0.2979565657931248,0.15971594257635008
sh_mpcc_dro_four_way_intersection_o1_c1_m3_boost_30_s40,four_way_intersection_o1_c1_m3_boost_30_s40,boost_30,sh_mpcc_dro,78,40,40,0,0,41,0.004532975367321126,constant_velocity,0.009084895840700043,0.498957329484565,0,0,0.29411764705882354,0.29411764705882354,0.0
sh_mpcc_dro_four_way_intersection_o1_c1_m3_boost_30_s40,four_way_intersection_o1_c1_m3_boost_30_s40,boost_30,sh_mpcc_dro,78,40,40,0,0,41,0.004532975367321126,turn_left,0.01858805125480028,0.24386501334563004,0,0,0.12941176470588237,0.12941176470588237,0.0
sh_mpcc_dro_four_way_intersection_o1_c1_m3_boost_30_s40,four_way_intersection_o1_c1_m3_boost_30_s40,boost_30,sh_mpcc_dro,78,40,40,0,0,41,0.004532975367321126,turn_right,0.007108423427494162,0.6376906797347432,0,0,0.5764705882352941,0.5764705882352941,0.0
sh_mpcc_dro_four_way_intersection_o1_c1_m3_boost_30_s40,four_way_intersection_o1_c1_m3_boost_30_s40,boost_30,sh_mpcc_dro,78,40,41,0,0,42,0.004462904453332587,constant_velocity,0.009171915915802697,0.486583664122264,0,0,0.28735632183908044,0.28735632183908044,0.0
sh_mpcc_dro_four_way_intersection_o1_c1_m3_boost_30_s40,four_way_intersection_o1_c1_m3_boost_30_s40,boost_30,sh_mpcc_dro,78,40,41,0,0,42,0.004462904453332587,turn_left,0.01875104122312362,0.23800835378832041,0,0,0.12643678160919541,0.12643678160919541,0.0
sh_mpcc_dro_four_way_intersection_o1_c1_m3_boost_30_s40,four_way_intersection_o1_c1_m3_boost_30_s40,boost_30,sh_mpcc_dro,78,40,41,0,0,42,0.004462904453332587,turn_right,0.006945011394678295,0.6426057784084191,0,0,0.5862068965517241,0.5862068965517241,0.0
sh_mpcc_dro_four_way_intersection_o1_c1_m3_boost_30_s40,four_way_intersection_o1_c1_m3_boost_30_s40,boost_30,sh_mpcc_dro,78,40,42,0,0,43,0.004479435306458614,constant_velocity,0.009255024976293371,0.48400034769572536,0,0,0.2808988764044944,0.2808988764044944,0.0
sh_mpcc_dro_four_way_intersection_o1_c1_m3_boost_30_s40,four_way_intersection_o1_c1_m3_boost_30_s40,boost_30,sh_mpcc_dro,78,40,42,0,0,43,0.004479435306458614,turn_left,0.01832966951024445,0.24438167332777375,0,0,0.14606741573033707,0.14606741573033707,0.0
sh_mpcc_dro_four_way_intersection_o1_c1_m3_boost_30_s40,four_way_intersection_o1_c1_m3_boost_30_s40,boost_30,sh_mpcc_dro,78,40,42,0,0,43,0.004479435306458614,turn_right,0.00736598001225528,0.6081248250749899,0,0,0.5730337078651685,0.5730337078651685,0.0
sh_mpcc_dro_four_way_intersection_o1_c1_m3_boost_30_s40,four_way_intersection_o1_c1_m3_boost_30_s40,boost_30,sh_mpcc_dro,78,40,43,0,0,44,0.004410612687786492,constant_velocity,0.009051617833957994,0.4872734099797789,0,0,0.2967032967032967,0.2967032967032967,0.0
sh_mpcc_dro_four_way_intersection_o1_c1_m3_boost_30_s40,four_way_intersection_o1_c1_m3_boost_30_s40,boost_30,sh_mpcc_dro,78,40,43,0,0,44,0.004410612687786492,turn_left,0.018209682688209387,0.24221249558853247,0,0,0.14285714285714285,0.14285714285714285,0.0
sh_mpcc_dro_four_way_intersection_o1_c1_m3_boost_30_s40,four_way_intersection_o1_c1_m3_boost_30_s40,boost_30,sh_mpcc_dro,78,40,43,0,0,44,0.004410612687786492,turn_right,0.007486953398967942,0.5891064699821004,0,0,0.5604395604395604,0.5604395604395604,0.0
sh_mpcc_dro_four_way_intersection_o1_c1_m3_boost_30_s40,four_way_intersection_o1_c1_m3_boost_30_s40,boost_30,sh_mpcc_dro,78,40,44,0,0,45,0.004348419622478153,constant_velocity,0.009133739366725716,0.4760831733735999,0,0,0.2903225806451613,0.2903225806451613,0.0
sh_mpcc_dro_four_way_intersection_o1_c1_m3_boost_30_s40,four_way_intersection_o1_c1_m3_boost_30_s40,boost_30,sh_mpcc_dro,78,40,44,0,0,45,0.004348419622478153,turn_left,0.018370294133126748,0.23670930856990166,0,0,0.13978494623655913,0.13978494623655913,0.0
sh_mpcc_dro_four_way_intersection_o1_c1_m3_boost_30_s40,four_way_intersection_o1_c1_m3_boost_30_s40,boost_30,sh_mpcc_dro,78,40,44,0,0,45,0.004348419622478153,turn_right,0.007325943648452468,0.593564437722192,0,0,0.5698924731182796,0.5698924731182796,0.0
sh_mpcc_dro_four_way_intersection_o1_c1_m3_boost_30_s40,four_way_intersection_o1_c1_m3_boost_30_s40,boost_30,sh_mpcc_dro,78,40,45,0,0,46,0.004356413811563517,constant_velocity,0.009212403150744557,0.47288571074002844,0,0,0.28421052631578947,0.28421052631578947,0.0
sh_mpcc_dro_four_way_intersection_o1_c1_m3_boost_30_s40,four_way_intersection_o1_c1_m3_boost_30_s40,boost_30,sh_mpcc_dro,78,40,45,0,0,46,0.004356413811563517,turn_left,0.017983551098745186,0.24224435917261572,0,0,0.15789473684210525,0.15789473684210525,0.0
sh_mpcc_dro_four_way_intersection_o1_c1_m3_boost_30_s40,four_way_intersection_o1_c1_m3_boost_30_s40,boost_30,sh_mpcc_dro,78,40,45,0,0,46,0.004356413811563517,turn_right,0.007712305147997482,0.5648653324738674,0,0,0.5578947368421052,0.5578947368421052,0.0
sh_mpcc_dro_four_way_intersection_o1_c1_m3_boost_30_s40,four_way_intersection_o1_c1_m3_boost_30_s40,boost_30,sh_mpcc_dro,78,40,46,0,0,47,0.0043552889400357625,constant_velocity,0.00928782306738278,0.4689246240414269,0,0,0.27835051546391754,0.27835051546391754,0.0
sh_mpcc_dro_four_way_intersection_o1_c1_m3_boost_30_s40,four_way_intersection_o1_c1_m3_boost_30_s40,boost_30,sh_mpcc_dro,78,40,46,0,0,47,0.0043552889400357625,turn_left,0.017612756230729835,0.2472803735531681,0,0,0.17525773195876287,0.17525773195876287,0.0
sh_mpcc_dro_four_way_intersection_o1_c1_m3_boost_30_s40,four_way_intersection_o1_c1_m3_boost_30_s40,boost_30,sh_mpcc_dro,78,40,46,0,0,47,0.0043552889400357625,turn_right,0.008082734214572736,0.53883856927813,0,0,0.5463917525773195,0.5463917525773195,0.0
sh_mpcc_dro_four_way_intersection_o1_c1_m3_boost_30_s40,four_way_intersection_o1_c1_m3_boost_30_s40,boost_30,sh_mpcc_dro,78,40,47,0,0,48,0.004299464134236678,constant_velocity,0.00936019571466071,0.4593348542384112,0,0,0.2727272727272727,0.2727272727272727,0.0
sh_mpcc_dro_four_way_intersection_o1_c1_m3_boost_30_s40,four_way_intersection_o1_c1_m3_boost_30_s40,boost_30,sh_mpcc_dro,78,40,47,0,0,48,0.004299464134236678,turn_left,0.01777569276903595,0.24187322486390253,0,0,0.1717171717171717,0.1717171717171717,0.0
sh_mpcc_dro_four_way_intersection_o1_c1_m3_boost_30_s40,four_way_intersection_o1_c1_m3_boost_30_s40,boost_30,sh_mpcc_dro,78,40,47,0,0,48,0.004299464134236678,turn_right,0.007919446654682121,0.5428995637838859,0,0,0.5555555555555556,0.5555555555555556,0.0
sh_mpcc_dro_four_way_intersection_o1_c1_m3_boost_30_s40,four_way_intersection_o1_c1_m3_boost_30_s40,boost_30,sh_mpcc_dro,78,40,48,0,0,49,0.004239554433713208,constant_velocity,0.009174845304469655,0.4620845685155966,0,0,0.2871287128712871,0.2871287128712871,0.0
sh_mpcc_dro_four_way_intersection_o1_c1_m3_boost_30_s40,four_way_intersection_o1_c1_m3_boost_30_s40,boost_30,sh_mpcc_dro,78,40,48,0,0,49,0.004239554433713208,turn_left,0.01767855566683016,0.23981339390003337,0,0,0.16831683168316833,0.16831683168316833,0.0
sh_mpcc_dro_four_way_intersection_o1_c1_m3_boost_30_s40,four_way_intersection_o1_c1_m3_boost_30_s40,boost_30,sh_mpcc_dro,78,40,48,0,0,49,0.004239554433713208,turn_right,0.00801748274286003,0.5287887195627261,0,0,0.5445544554455446,0.5445544554455446,0.0
sh_mpcc_dro_four_way_intersection_o1_c1_m3_boost_30_s40,four_way_intersection_o1_c1_m3_boost_30_s40,boost_30,sh_mpcc_dro,78,40,49,0,0,50,0.00418072012657134,constant_velocity,0.008996692968460627,0.46469520980959733,0,0,0.30097087378640774,0.30097087378640774,0.0
sh_mpcc_dro_four_way_intersection_o1_c1_m3_boost_30_s40,four_way_intersection_o1_c1_m3_boost_30_s40,boost_30,sh_mpcc_dro,78,40,49,0,0,50,0.00418072012657134,turn_left,0.01758519087927351,0.23774095801819678,0,0,0.1650485436893204,0.1650485436893204,0.0
sh_mpcc_dro_four_way_intersection_o1_c1_m3_boost_30_s40,four_way_intersection_o1_c1_m3_boost_30_s40,boost_30,sh_mpcc_dro,78,40,49,0,0,50,0.00418072012657134,turn_right,0.008111711604312514,0.5153930921741227,0,0,0.5339805825242718,0.5339805825242718,0.0
sh_mpcc_dro_four_way_intersection_o1_c1_m3_boost_30_s40,four_way_intersection_o1_c1_m3_boost_30_s40,boost_30,sh_mpcc_dro,78,40,5,0,0,6,0.011984024262521844,constant_velocity,0.010296215286126995,1.1639251831368547,0,1,0.2,0.2,0.0
sh_mpcc_dro_four_way_intersection_o1_c1_m3_boost_30_s40,four_way_intersection_o1_c1_m3_boost_30_s40,boost_30,sh_mpcc_dro,78,40,5,0,0,6,0.011984024262521844,turn_left,0.021404671397901538,0.5598789180055681,0,0,0.06666666666666667,0.06666666666666667,0.0
sh_mpcc_dro_four_way_intersection_o1_c1_m3_boost_30_s40,four_way_intersection_o1_c1_m3_boost_30_s40,boost_30,sh_mpcc_dro,78,40,5,0,0,6,0.011984024262521844,turn_right,0.0042859281466562735,2.796132798416452,0,1,0.7333333333333333,0.7333333333333333,0.0
sh_mpcc_dro_four_way_intersection_o1_c1_m3_boost_30_s40,four_way_intersection_o1_c1_m3_boost_30_s40,boost_30,sh_mpcc_dro,78,40,50,0,0,51,0.004176915905740242,constant_velocity,0.00907047537111199,0.4604958102905003,0,0,0.29523809523809524,0.29523809523809524,0.0
sh_mpcc_dro_four_way_intersection_o1_c1_m3_boost_30_s40,four_way_intersection_o1_c1_m3_boost_30_s40,boost_30,sh_mpcc_dro,78,40,50,0,0,51,0.004176915905740242,turn_left,0.017250234862525474,0.242136755761755,0,0,0.18095238095238095,0.18095238095238095,0.0
sh_mpcc_dro_four_way_intersection_o1_c1_m3_boost_30_s40,four_way_intersection_o1_c1_m3_boost_30_s40,boost_30,sh_mpcc_dro,78,40,50,0,0,51,0.004176915905740242,turn_right,0.008446309761884978,0.4945255411527877,0,0,0.5238095238095238,0.5238095238095238,0.0
sh_mpcc_dro_four_way_intersection_o1_c1_m3_boost_30_s40,four_way_intersection_o1_c1_m3_boost_30_s40,boost_30,sh_mpcc_dro,78,40,51,0,0,52,0.0041676017980461465,constant_velocity,0.009141499553103321,0.45589914147415184,0,0,0.2897196261682243,0.2897196261682243,0.0
sh_mpcc_dro_four_way_intersection_o1_c1_m3_boost_30_s40,four_way_intersection_o1_c1_m3_boost_30_s40,boost_30,sh_mpcc_dro,78,40,51,0,0,52,0.0041676017980461465,turn_left,0.016927800566029903,0.24619865893325438,0,0,0.19626168224299065,0.19626168224299065,0.0
sh_mpcc_dro_four_way_intersection_o1_c1_m3_boost_30_s40,four_way_intersection_o1_c1_m3_boost_30_s40,boost_30,sh_mpcc_dro,78,40,51,0,0,52,0.0041676017980461465,turn_right,0.008768399577118153,0.47529788776070836,0,0,0.514018691588785,0.514018691588785,0.0
sh_mpcc_dro_four_way_intersection_o1_c1_m3_boost_30_s40,four_way_intersection_o1_c1_m3_boost_30_s40,boost_30,sh_mpcc_dro,78,40,52,0,0,53,0.004111860580270431,constant_velocity,0.008973765616349614,0.4582090457966598,0,0,0.30275229357798167,0.30275229357798167,0.0
sh_mpcc_dro_four_way_intersection_o1_c1_m3_boost_30_s40,four_way_intersection_o1_c1_m3_boost_30_s40,boost_30,sh_mpcc_dro,78,40,52,0,0,53,0.004111860580270431,turn_left,0.016853350447527143,0.24397882148553765,0,0,0.1926605504587156,0.1926605504587156,0.0
sh_mpcc_dro_four_way_intersection_o1_c1_m3_boost_30_s40,four_way_intersection_o1_c1_m3_boost_30_s40,boost_30,sh_mpcc_dro,78,40,52,0,0,53,0.004111860580270431,turn_right,0.008843663238229382,0.4649499273667141,0,0,0.5045871559633027,0.5045871559633027,0.0
sh_mpcc_dro_four_way_intersection_o1_c1_m3_boost_30_s40,four_way_intersection_o1_c1_m3_boost_30_s40,boost_30,sh_mpcc_dro,78,40,53,0,0,54,0.004057215272220824,constant_velocity,0.008812076145784756,0.460415366946368,0,0,0.3153153153153153,0.3153153153153153,0.0
sh_mpcc_dro_four_way_intersection_o1_c1_m3_boost_30_s40,four_way_intersection_o1_c1_m3_boost_30_s40,boost_30,sh_mpcc_dro,78,40,53,0,0,54,0.004057215272220824,turn_left,0.01678158321617815,0.24176594186354827,0,0,0.1891891891891892,0.1891891891891892,0.0
sh_mpcc_dro_four_way_intersection_o1_c1_m3_boost_30_s40,four_way_intersection_o1_c1_m3_boost_30_s40,boost_30,sh_mpcc_dro,78,40,53,0,0,54,0.004057215272220824,turn_right,0.008916214695336239,0.4550378620136875,0,0,0.4954954954954955,0.4954954954954955,0.0
sh_mpcc_dro_four_way_intersection_o1_c1_m3_boost_30_s40,four_way_intersection_o1_c1_m3_boost_30_s40,boost_30,sh_mpcc_dro,78,40,54,0,0,55,0.0040157291821116894,constant_velocity,0.00888390256988874,0.452023100267069,0,0,0.30973451327433627,0.30973451327433627,0.0
sh_mpcc_dro_four_way_intersection_o1_c1_m3_boost_30_s40,four_way_intersection_o1_c1_m3_boost_30_s40,boost_30,sh_mpcc_dro,78,40,54,0,0,55,0.0040157291821116894,turn_left,0.016939043953535494,0.23706941153981315,0,0,0.18584070796460178,0.18584070796460178,0.0
sh_mpcc_dro_four_way_intersection_o1_c1_m3_boost_30_s40,four_way_intersection_o1_c1_m3_boost_30_s40,boost_30,sh_mpcc_dro,78,40,54,0,0,55,0.0040157291821116894,turn_right,0.008758405585684269,0.458500025241518,0,0,0.504424778761062,0.504424778761062,0.0
sh_mpcc_dro_four_way_intersection_o1_c1_m3_boost_30_s40,four_way_intersection_o1_c1_m3_boost_30_s40,boost_30,sh_mpcc_dro,78,40,55,0,0,56,0.00397448437834677,constant_velocity,0.008953230683588598,0.4439162263105828,0,0,0.30434782608695654,0.30434782608695654,0.0
sh_mpcc_dro_four_way_intersection_o1_c1_m3_boost_30_s40,four_way_intersection_o1_c1_m3_boost_30_s40,boost_30,sh_mpcc_dro,78,40,55,0,0,56,0.00397448437834677,turn_left,0.017091027795680964,0.23254800272170603,0,0,0.1826086956521739,0.1826086956521739,0.0
sh_mpcc_dro_four_way_intersection_o1_c1_m3_boost_30_s40,four_way_intersection_o1_c1_m3_boost_30_s40,boost_30,sh_mpcc_dro,78,40,55,0,0,56,0.00397448437834677,turn_right,0.008606085488541528,0.4618225537776206,0,0,0.5130434782608696,0.5130434782608696,0.0
sh_mpcc_dro_four_way_intersection_o1_c1_m3_boost_30_s40,four_way_intersection_o1_c1_m3_boost_30_s40,boost_30,sh_mpcc_dro,78,40,56,0,0,57,0.00396661050347778,constant_velocity,0.009020188605367777,0.4397480670323579,0,0,0.29914529914529914,0.29914529914529914,0.0
sh_mpcc_dro_four_way_intersection_o1_c1_m3_boost_30_s40,four_way_intersection_o1_c1_m3_boost_30_s40,boost_30,sh_mpcc_dro,78,40,56,0,0,57,0.00396661050347778,turn_left,0.016798873474387032,0.23612360135491264,0,0,0.19658119658119658,0.19658119658119658,0.0
sh_mpcc_dro_four_way_intersection_o1_c1_m3_boost_30_s40,four_way_intersection_o1_c1_m3_boost_30_s40,boost_30,sh_mpcc_dro,78,40,56,0,0,57,0.00396661050347778,turn_right,0.008897915050735308,0.44579100619194906,0,0,0.5042735042735043,0.5042735042735043,0.0
sh_mpcc_dro_four_way_intersection_o1_c1_m3_boost_30_s40,four_way_intersection_o1_c1_m3_boost_30_s40,boost_30,sh_mpcc_dro,78,40,57,0,0,58,0.003955144899307403,constant_velocity,0.009084895840700224,0.43535390704078314,0,0,0.29411764705882354,0.29411764705882354,0.0
sh_mpcc_dro_four_way_intersection_o1_c1_m3_boost_30_s40,four_way_intersection_o1_c1_m3_boost_30_s40,boost_30,sh_mpcc_dro,78,40,57,0,0,58,0.003955144899307403,turn_left,0.016516539466414376,0.23946571298122152,0,0,0.21008403361344538,0.21008403361344538,0.0
sh_mpcc_dro_four_way_intersection_o1_c1_m3_boost_30_s40,four_way_intersection_o1_c1_m3_boost_30_s40,boost_30,sh_mpcc_dro,78,40,57,0,0,58,0.003955144899307403,turn_right,0.009179935215880244,0.43084671147411274,0,0,0.4957983193277311,0.4957983193277311,0.0
sh_mpcc_dro_four_way_intersection_o1_c1_m3_boost_30_s40,four_way_intersection_o1_c1_m3_boost_30_s40,boost_30,sh_mpcc_dro,78,40,58,0,0,59,0.003907114183593691,constant_velocity,0.00893473227308578,0.437295048600745,0,0,0.30578512396694213,0.30578512396694213,0.0
sh_mpcc_dro_four_way_intersection_o1_c1_m3_boost_30_s40,four_way_intersection_o1_c1_m3_boost_30_s40,boost_30,sh_mpcc_dro,78,40,58,0,0,59,0.003907114183593691,turn_left,0.016456270534864155,0.23742403695394426,0,0,0.2066115702479339,0.2066115702479339,0.0
sh_mpcc_dro_four_way_intersection_o1_c1_m3_boost_30_s40,four_way_intersection_o1_c1_m3_boost_30_s40,boost_30,sh_mpcc_dro,78,40,58,0,0,59,0.003907114183593691,turn_right,0.0092409324702902,0.4228051872638556,0,0,0.48760330578512395,0.48760330578512395,0.0
sh_mpcc_dro_four_way_intersection_o1_c1_m3_boost_30_s40,four_way_intersection_o1_c1_m3_boost_30_s40,boost_30,sh_mpcc_dro,78,40,59,0,0,60,0.0038711410414803216,constant_velocity,0.00899872474194064,0.43018773798446935,0,0,0.3008130081300813,0.3008130081300813,0.0
sh_mpcc_dro_four_way_intersection_o1_c1_m3_boost_30_s40,four_way_intersection_o1_c1_m3_boost_30_s40,boost_30,sh_mpcc_dro,78,40,59,0,0,60,0.0038711410414803216,turn_left,0.016606219223352023,0.23311393095645996,0,0,0.2032520325203252,0.2032520325203252,0.0
sh_mpcc_dro_four_way_intersection_o1_c1_m3_boost_30_s40,four_way_intersection_o1_c1_m3_boost_30_s40,boost_30,sh_mpcc_dro,78,40,59,0,0,60,0.0038711410414803216,turn_right,0.009090673405732635,0.42583655453282,0,0,0.4959349593495935,0.4959349593495935,0.0
sh_mpcc_dro_four_way_intersection_o1_c1_m3_boost_30_s40,four_way_intersection_o1_c1_m3_boost_30_s40,boost_30,sh_mpcc_dro,78,40,6,0,0,7,0.010992054963098,constant_velocity,0.010599045147483587,1.0370797378580578,0,1,0.17647058823529413,0.0,0.18620789710841915
sh_mpcc_dro_four_way_intersection_o1_c1_m3_boost_30_s40,four_way_intersection_o1_c1_m3_boost_30_s40,boost_30,sh_mpcc_dro,78,40,6,0,0,7,0.010992054963098,turn_left,0.0219074294542503,0.5017501019940709,0,0,0.058823529411764705,0.574915271487258,0.2089350695262041
sh_mpcc_dro_four_way_intersection_o1_c1_m3_boost_30_s40,four_way_intersection_o1_c1_m3_boost_30_s40,boost_30,sh_mpcc_dro,78,40,6,0,0,7,0.010992054963098,turn_right,0.003781701305873157,2.906642823965719,0,1,0.7647058823529411,0.425084728512742,0.1661970542578572
sh_mpcc_dro_four_way_intersection_o1_c1_m3_boost_30_s40,four_way_intersection_o1_c1_m3_boost_30_s40,boost_30,sh_mpcc_dro,78,40,7,0,0,8,0.010124300181929282,constant_velocity,0.010838121353818292,0.9341379240381426,0,0,0.15789473684210525,0.0,0.07129459053797196
sh_mpcc_dro_four_way_intersection_o1_c1_m3_boost_30_s40,four_way_intersection_o1_c1_m3_boost_30_s40,boost_30,sh_mpcc_dro,78,40,7,0,0,8,0.010124300181929282,turn_left,0.022304343709262715,0.45391607634367587,0,0,0.05263157894736842,0.5256644194583824,0.09770483523924633
sh_mpcc_dro_four_way_intersection_o1_c1_m3_boost_30_s40,four_way_intersection_o1_c1_m3_boost_30_s40,boost_30,sh_mpcc_dro,78,40,7,0,0,8,0.010124300181929282,turn_right,0.0033836274842024036,2.992143854250494,0,1,0.7894736842105263,0.47433558054161756,0.04703394865957483
sh_mpcc_dro_four_way_intersection_o1_c1_m3_boost_30_s40,four_way_intersection_o1_c1_m3_boost_30_s40,boost_30,sh_mpcc_dro,78,40,8,0,0,9,0.009368333696253998,constant_velocity,0.011031659235136675,0.8492225418289882,0,0,0.14285714285714285,0.0,0.047386287111729736
sh_mpcc_dro_four_way_intersection_o1_c1_m3_boost_30_s40,four_way_intersection_o1_c1_m3_boost_30_s40,boost_30,sh_mpcc_dro,78,40,8,0,0,9,0.009368333696253998,turn_left,0.022625655249034468,0.4140580059732761,0,0,0.047619047619047616,0.48371126087906735,0.07579536796625558
sh_mpcc_dro_four_way_intersection_o1_c1_m3_boost_30_s40,four_way_intersection_o1_c1_m3_boost_30_s40,boost_30,sh_mpcc_dro,78,40,8,0,0,9,0.009368333696253998,turn_right,0.0030613772476117285,3.0601696355986556,0,1,0.8095238095238095,0.5162887391209325,0.020584030990988433
sh_mpcc_dro_four_way_intersection_o1_c1_m3_boost_30_s40,four_way_intersection_o1_c1_m3_boost_30_s40,boost_30,sh_mpcc_dro,78,40,9,0,0,10,0.009574714969787112,constant_velocity,0.011191538354485985,0.8555316227772395,0,0,0.13043478260869565,0.13043478260869565,0.0
sh_mpcc_dro_four_way_intersection_o1_c1_m3_boost_30_s40,four_way_intersection_o1_c1_m3_boost_30_s40,boost_30,sh_mpcc_dro,78,40,9,0,0,10,0.009574714969787112,turn_left,0.020658206966509447,0.46348238185963536,0,0,0.13043478260869565,0.13043478260869565,0.0
sh_mpcc_dro_four_way_intersection_o1_c1_m3_boost_30_s40,four_way_intersection_o1_c1_m3_boost_30_s40,boost_30,sh_mpcc_dro,78,40,9,0,0,10,0.009574714969787112,turn_right,0.005028050084938214,1.9042600626570267,0,1,0.7391304347826086,0.7391304347826086,0.0
sh_mpcc_dro_four_way_intersection_o1_c1_m3_boost_5_s40,four_way_intersection_o1_c1_m3_boost_5_s40,boost_5,sh_mpcc_dro,77,40,0,0,0,1,0.007981268258392552,constant_velocity,0.004625349386419347,1.7255492702511595,0,1,0.2,0.2,0.0
sh_mpcc_dro_four_way_intersection_o1_c1_m3_boost_5_s40,four_way_intersection_o1_c1_m3_boost_5_s40,boost_5,sh_mpcc_dro,77,40,0,0,0,1,0.007981268258392552,turn_left,0.00807739404588252,0.9880994059539576,0,0,0.2,0.2,0.0
sh_mpcc_dro_four_way_intersection_o1_c1_m3_boost_5_s40,four_way_intersection_o1_c1_m3_boost_5_s40,boost_5,sh_mpcc_dro,77,40,0,0,0,1,0.007981268258392552,turn_right,0.0034633562463640645,2.304489544432955,0,1,0.6,0.6,0.0
sh_mpcc_dro_four_way_intersection_o1_c1_m3_boost_5_s40,four_way_intersection_o1_c1_m3_boost_5_s40,boost_5,sh_mpcc_dro,77,40,1,0,0,2,0.005721403731458466,constant_velocity,0.004955731485449349,1.1545023672604593,0,1,0.14285714285714285,0.14285714285714285,0.0
sh_mpcc_dro_four_way_intersection_o1_c1_m3_boost_5_s40,four_way_intersection_o1_c1_m3_boost_5_s40,boost_5,sh_mpcc_dro,77,40,1,0,0,2,0.005721403731458466,turn_left,0.005769567175630369,0.9916521564433226,0,0,0.42857142857142855,0.42857142857142855,0.0
sh_mpcc_dro_four_way_intersection_o1_c1_m3_boost_5_s40,four_way_intersection_o1_c1_m3_boost_5_s40,boost_5,sh_mpcc_dro,77,40,1,0,0,2,0.005721403731458466,turn_right,0.005769567175630443,0.9916521564433098,0,0,0.42857142857142855,0.42857142857142855,0.0
sh_mpcc_dro_four_way_intersection_o1_c1_m3_boost_5_s40,four_way_intersection_o1_c1_m3_boost_5_s40,boost_5,sh_mpcc_dro,77,40,10,0,0,11,0.004042377051398116,constant_velocity,0.0041628144477773785,0.9710682765493986,0,0,0.28,0.1394613251710803,0.025558331845642906
sh_mpcc_dro_four_way_intersection_o1_c1_m3_boost_5_s40,four_way_intersection_o1_c1_m3_boost_5_s40,boost_5,sh_mpcc_dro,77,40,10,0,0,11,0.004042377051398116,turn_left,0.006694313864717112,0.6038523339492297,0,0,0.28,0.0,0.014612384948305496
sh_mpcc_dro_four_way_intersection_o1_c1_m3_boost_5_s40,four_way_intersection_o1_c1_m3_boost_5_s40,boost_5,sh_mpcc_dro,77,40,10,0,0,11,0.004042377051398116,turn_right,0.0048486987449097175,0.8337034870730836,0,0,0.44,0.8605386748289197,0.03596221961844545
sh_mpcc_dro_four_way_intersection_o1_c1_m3_boost_5_s40,four_way_intersection_o1_c1_m3_boost_5_s40,boost_5,sh_mpcc_dro,77,40,11,0,0,12,0.00382829732953454,constant_velocity,0.00428273091335121,0.8938916329298218,0,0,0.25925925925925924,0.0,0.003507776120199549
sh_mpcc_dro_four_way_intersection_o1_c1_m3_boost_5_s40,four_way_intersection_o1_c1_m3_boost_5_s40,boost_5,sh_mpcc_dro,77,40,11,0,0,12,0.00382829732953454,turn_left,0.006198438763626955,0.6176228362534391,0,0,0.3333333333333333,0.13139814241619874,0.0
sh_mpcc_dro_four_way_intersection_o1_c1_m3_boost_5_s40,four_way_intersection_o1_c1_m3_boost_5_s40,boost_5,sh_mpcc_dro,77,40,11,0,0,12,0.00382829732953454,turn_right,0.0053439873192716834,0.7163747031600904,0,0,0.4074074074074074,0.868601857583801,0.013072986769265799
sh_mpcc_dro_four_way_intersection_o1_c1_m3_boost_5_s40,four_way_intersection_o1_c1_m3_boost_5_s40,boost_5,sh_mpcc_dro,77,40,12,0,0,13,0.0037735421440345867,constant_velocity,0.004386107176777046,0.8603397025987454,0,0,0.2413793103448276,0.0,0.0
sh_mpcc_dro_four_way_intersection_o1_c1_m3_boost_5_s40,four_way_intersection_o1_c1_m3_boost_5_s40,boost_5,sh_mpcc_dro,77,40,12,0,0,13,0.0037735421440345867,turn_left,0.006566483986742018,0.5746670747470812,0,0,0.3103448275862069,0.10419457991936232,0.0
sh_mpcc_dro_four_way_intersection_o1_c1_m3_boost_5_s40,four_way_intersection_o1_c1_m3_boost_5_s40,boost_5,sh_mpcc_dro,77,40,12,0,0,13,0.0037735421440345867,turn_right,0.0049754364696668035,0.7584343940557429,0,0,0.4482758620689655,0.8958054200806377,0.00021041796830216508
sh_mpcc_dro_four_way_intersection_o1_c1_m3_boost_5_s40,four_way_intersection_o1_c1_m3_boost_5_s40,boost_5,sh_mpcc_dro,77,40,13,0,0,14,0.003599413478997266,constant_velocity,0.004476144567502555,0.8041325352021735,0,0,0.22580645161290322,0.0,0.0
sh_mpcc_dro_four_way_intersection_o1_c1_m3_boost_5_s40,four_way_intersection_o1_c1_m3_boost_5_s40,boost_5,sh_mpcc_dro,77,40,13,0,0,14,0.003599413478997266,turn_left,0.006142839858565172,0.5859526801725884,0,0,0.3548387096774194,0.15597849975759095,0.0
sh_mpcc_dro_four_way_intersection_o1_c1_m3_boost_5_s40,four_way_intersection_o1_c1_m3_boost_5_s40,boost_5,sh_mpcc_dro,77,40,13,0,0,14,0.003599413478997266,turn_right,0.005398640213481548,0.6667259414711075,0,0,0.41935483870967744,0.8440215002424092,0.00032652214059873674
sh_mpcc_dro_four_way_intersection_o1_c1_m3_boost_5_s40,four_way_intersection_o1_c1_m3_boost_5_s40,boost_5,sh_mpcc_dro,77,40,14,0,0,15,0.0035480568361644094,constant_velocity,0.004555268335110038,0.7788908523384939,0,0,0.21212121212121213,0.0,0.09705468832036548
sh_mpcc_dro_four_way_intersection_o1_c1_m3_boost_5_s40,four_way_intersection_o1_c1_m3_boost_5_s40,boost_5,sh_mpcc_dro,77,40,14,0,0,15,0.0035480568361644094,turn_left,0.006469643170094269,0.5484161557109046,0,0,0.3333333333333333,0.13206593682501633,0.08962414486696973
sh_mpcc_dro_four_way_intersection_o1_c1_m3_boost_5_s40,four_way_intersection_o1_c1_m3_boost_5_s40,boost_5,sh_mpcc_dro,77,40,14,0,0,15,0.0035480568361644094,turn_right,0.005071449897513021,0.6996138989570486,0,0,0.45454545454545453,0.8679340631749837,0.10573723312029953
sh_mpcc_dro_four_way_intersection_o1_c1_m3_boost_5_s40,four_way_intersection_o1_c1_m3_boost_5_s40,boost_5,sh_mpcc_dro,77,40,15,0,0,16,0.0034093418350578685,constant_velocity,0.004294967287389357,0.7937992554840143,0,0,0.2571428571428571,0.0,0.12283925597677028
sh_mpcc_dro_four_way_intersection_o1_c1_m3_boost_5_s40,four_way_intersection_o1_c1_m3_boost_5_s40,boost_5,sh_mpcc_dro,77,40,15,0,0,16,0.0034093418350578685,turn_left,0.006430331373690317,0.5301969116252984,0,0,0.3142857142857143,0.14760980282060046,0.11490842106550436
sh_mpcc_dro_four_way_intersection_o1_c1_m3_boost_5_s40,four_way_intersection_o1_c1_m3_boost_5_s40,boost_5,sh_mpcc_dro,77,40,15,0,0,16,0.0034093418350578685,turn_right,0.005112034859542179,0.666924606097698,0,0,0.42857142857142855,0.8523901971793995,0.13196638703007207
sh_mpcc_dro_four_way_intersection_o1_c1_m3_boost_5_s40,four_way_intersection_o1_c1_m3_boost_5_s40,boost_5,sh_mpcc_dro,77,40,16,0,0,17,0.00335211656540987,constant_velocity,0.0043753305006669135,0.7661401955575518,0,0,0.24324324324324326,0.0,0.17444296166851128
sh_mpcc_dro_four_way_intersection_o1_c1_m3_boost_5_s40,four_way_intersection_o1_c1_m3_boost_5_s40,boost_5,sh_mpcc_dro,77,40,16,0,0,17,0.00335211656540987,turn_left,0.006706264515587936,0.4998485457318695,0,0,0.2972972972972973,0.1286155120500509,0.16500859424870146
sh_mpcc_dro_four_way_intersection_o1_c1_m3_boost_5_s40,four_way_intersection_o1_c1_m3_boost_5_s40,boost_5,sh_mpcc_dro,77,40,16,0,0,17,0.00335211656540987,turn_right,0.004835708650918279,0.6932006883362004,0,0,0.4594594594594595,0.871384487949949,0.18487855240834167
sh_mpcc_dro_four_way_intersection_o1_c1_m3_boost_5_s40,four_way_intersection_o1_c1_m3_boost_5_s40,boost_5,sh_mpcc_dro,77,40,17,0,0,18,0.003229075619085532,constant_velocity,0.004150954577555736,0.7779115764227306,0,0,0.28205128205128205,0.0,0.0817722639357735
sh_mpcc_dro_four_way_intersection_o1_c1_m3_boost_5_s40,four_way_intersection_o1_c1_m3_boost_5_s40,boost_5,sh_mpcc_dro,77,40,17,0,0,18,0.003229075619085532,turn_left,0.006658850270328483,0.48492990351114185,0,0,0.28205128205128205,0.14348774763167885,0.07046084945627623
sh_mpcc_dro_four_way_intersection_o1_c1_m3_boost_5_s40,four_way_intersection_o1_c1_m3_boost_5_s40,boost_5,sh_mpcc_dro,77,40,17,0,0,18,0.003229075619085532,turn_right,0.0048842203474363894,0.661124066767462,0,0,0.4358974358974359,0.8565122523683212,0.09375863841498916
sh_mpcc_dro_four_way_intersection_o1_c1_m3_boost_5_s40,four_way_intersection_o1_c1_m3_boost_5_s40,boost_5,sh_mpcc_dro,77,40,18,0,0,19,0.003131110352391807,constant_velocity,0.004230502487578618,0.740127292581723,0,0,0.2682926829268293,0.0,0.06475791179783416
sh_mpcc_dro_four_way_intersection_o1_c1_m3_boost_5_s40,four_way_intersection_o1_c1_m3_boost_5_s40,boost_5,sh_mpcc_dro,77,40,18,0,0,19,0.003131110352391807,turn_left,0.006334028305922215,0.4943316008651665,0,0,0.3170731707317073,0.1801062731383398,0.05183847912403988
sh_mpcc_dro_four_way_intersection_o1_c1_m3_boost_5_s40,four_way_intersection_o1_c1_m3_boost_5_s40,boost_5,sh_mpcc_dro,77,40,18,0,0,19,0.003131110352391807,turn_right,0.005208653232868583,0.6011362654425352,0,0,0.4146341463414634,0.8198937268616602,0.07790170427493887
sh_mpcc_dro_four_way_intersection_o1_c1_m3_boost_5_s40,four_way_intersection_o1_c1_m3_boost_5_s40,boost_5,sh_mpcc_dro,77,40,19,0,0,20,0.003033840896330535,constant_velocity,0.00430265059201796,0.705109753034269,0,0,0.2558139534883721,0.2558139534883721,0.0
sh_mpcc_dro_four_way_intersection_o1_c1_m3_boost_5_s40,four_way_intersection_o1_c1_m3_boost_5_s40,boost_5,sh_mpcc_dro,77,40,19,0,0,20,0.003033840896330535,turn_left,0.006039422338204694,0.502339582568817,0,0,0.3488372093023256,0.3488372093023256,0.0
sh_mpcc_dro_four_way_intersection_o1_c1_m3_boost_5_s40,four_way_intersection_o1_c1_m3_boost_5_s40,boost_5,sh_mpcc_dro,77,40,19,0,0,20,0.003033840896330535,turn_right,0.0055029063150048765,0.551316108736597,0,0,0.3953488372093023,0.3953488372093023,0.0
sh_mpcc_dro_four_way_intersection_o1_c1_m3_boost_5_s40,four_way_intersection_o1_c1_m3_boost_5_s40,boost_5,sh_mpcc_dro,77,40,2,0,0,3,0.006431664699528319,constant_velocity,0.0051392770960214966,1.2514726447630753,0,1,0.1111111111111111,0.0,0.022796024845268464
sh_mpcc_dro_four_way_intersection_o1_c1_m3_boost_5_s40,four_way_intersection_o1_c1_m3_boost_5_s40,boost_5,sh_mpcc_dro,77,40,2,0,0,3,0.006431664699528319,turn_left,0.007050795469667209,0.9121899404397115,0,0,0.3333333333333333,0.0,0.022848239470774412
sh_mpcc_dro_four_way_intersection_o1_c1_m3_boost_5_s40,four_way_intersection_o1_c1_m3_boost_5_s40,boost_5,sh_mpcc_dro,77,40,2,0,0,3,0.006431664699528319,turn_right,0.0044874411366013995,1.4332588447944286,0,1,0.5555555555555556,1.0,0.024383637320369245
sh_mpcc_dro_four_way_intersection_o1_c1_m3_boost_5_s40,four_way_intersection_o1_c1_m3_boost_5_s40,boost_5,sh_mpcc_dro,77,40,20,0,0,21,0.0029389357974054773,constant_velocity,0.004368385531618314,0.6727739060880732,0,0,0.24444444444444444,0.0,0.020686245190171454
sh_mpcc_dro_four_way_intersection_o1_c1_m3_boost_5_s40,four_way_intersection_o1_c1_m3_boost_5_s40,boost_5,sh_mpcc_dro,77,40,20,0,0,21,0.0029389357974054773,turn_left,0.00577100356761776,0.5092590505222395,0,0,0.37777777777777777,0.24551751791092508,0.010022718810612091
sh_mpcc_dro_four_way_intersection_o1_c1_m3_boost_5_s40,four_way_intersection_o1_c1_m3_boost_5_s40,boost_5,sh_mpcc_dro,77,40,20,0,0,21,0.0029389357974054773,turn_right,0.005771003567617887,0.5092590505222283,0,0,0.37777777777777777,0.7544824820890749,0.03230623257733206
sh_mpcc_dro_four_way_intersection_o1_c1_m3_boost_5_s40,four_way_intersection_o1_c1_m3_boost_5_s40,boost_5,sh_mpcc_dro,77,40,21,0,0,22,0.002914365495148359,constant_velocity,0.004428526008273842,0.6580892806553313,0,0,0.23404255319148937,0.0,0.004619085747823104
sh_mpcc_dro_four_way_intersection_o1_c1_m3_boost_5_s40,four_way_intersection_o1_c1_m3_boost_5_s40,boost_5,sh_mpcc_dro,77,40,21,0,0,22,0.002914365495148359,turn_left,0.006016284032774311,0.48441288331336424,0,0,0.3617021276595745,0.22635821950512,0.0
sh_mpcc_dro_four_way_intersection_o1_c1_m3_boost_5_s40,four_way_intersection_o1_c1_m3_boost_5_s40,boost_5,sh_mpcc_dro,77,40,21,0,0,22,0.002914365495148359,turn_right,0.005525428947719157,0.5274460178067044,0,0,0.40425531914893614,0.7736417804948801,0.010444159255220131
sh_mpcc_dro_four_way_intersection_o1_c1_m3_boost_5_s40,four_way_intersection_o1_c1_m3_boost_5_s40,boost_5,sh_mpcc_dro,77,40,22,0,0,23,0.002830893331568398,constant_velocity,0.004483757058263696,0.6313663507595664,0,0,0.22448979591836735,0.22448979591836735,0.0
sh_mpcc_dro_four_way_intersection_o1_c1_m3_boost_5_s40,four_way_intersection_o1_c1_m3_boost_5_s40,boost_5,sh_mpcc_dro,77,40,22,0,0,23,0.002830893331568398,turn_left,0.005770721419191665,0.490561426540832,0,0,0.3877551020408163,0.3877551020408163,0.0
sh_mpcc_dro_four_way_intersection_o1_c1_m3_boost_5_s40,four_way_intersection_o1_c1_m3_boost_5_s40,boost_5,sh_mpcc_dro,77,40,22,0,0,23,0.002830893331568398,turn_right,0.005770721419191782,0.490561426540822,0,0,0.3877551020408163,0.3877551020408163,0.0
sh_mpcc_dro_four_way_intersection_o1_c1_m3_boost_5_s40,four_way_intersection_o1_c1_m3_boost_5_s40,boost_5,sh_mpcc_dro,77,40,23,0,0,24,0.002806553905448079,constant_velocity,0.004534656261195437,0.618912160876381,0,0,0.21568627450980393,0.0,0.0004274431442310017
sh_mpcc_dro_four_way_intersection_o1_c1_m3_boost_5_s40,four_way_intersection_o1_c1_m3_boost_5_s40,boost_5,sh_mpcc_dro,77,40,23,0,0,24,0.002806553905448079,turn_left,0.005996775265450685,0.4680105191897922,0,0,0.37254901960784315,0.23735086984131165,0.0
sh_mpcc_dro_four_way_intersection_o1_c1_m3_boost_5_s40,four_way_intersection_o1_c1_m3_boost_5_s40,boost_5,sh_mpcc_dro,77,40,23,0,0,24,0.002806553905448079,turn_right,0.005544418618439071,0.5061944450071507,0,0,0.4117647058823529,0.7626491301586884,0.004245771064478918
sh_mpcc_dro_four_way_intersection_o1_c1_m3_boost_5_s40,four_way_intersection_o1_c1_m3_boost_5_s40,boost_5,sh_mpcc_dro,77,40,24,0,0,25,0.0027764690610029355,constant_velocity,0.0045817140148494175,0.6059891673736836,0,0,0.20754716981132076,0.20754716981132076,0.0
sh_mpcc_dro_four_way_intersection_o1_c1_m3_boost_5_s40,four_way_intersection_o1_c1_m3_boost_5_s40,boost_5,sh_mpcc_dro,77,40,24,0,0,25,0.0027764690610029355,turn_left,0.006205768444067479,0.4474013308790393,0,0,0.3584905660377358,0.3584905660377358,0.0
sh_mpcc_dro_four_way_intersection_o1_c1_m3_boost_5_s40,four_way_intersection_o1_c1_m3_boost_5_s40,boost_5,sh_mpcc_dro,77,40,24,0,0,25,0.0027764690610029355,turn_right,0.005335195274347119,0.5204062678554345,0,0,0.4339622641509434,0.4339622641509434,0.0
sh_mpcc_dro_four_way_intersection_o1_c1_m3_boost_5_s40,four_way_intersection_o1_c1_m3_boost_5_s40,boost_5,sh_mpcc_dro,77,40,25,0,0,26,0.0027422655279603575,constant_velocity,0.004625349386419307,0.5928774885659546,0,0,0.2,0.2,0.0
sh_mpcc_dro_four_way_intersection_o1_c1_m3_boost_5_s40,four_way_intersection_o1_c1_m3_boost_5_s40,boost_5,sh_mpcc_dro,77,40,25,0,0,26,0.0027422655279603575,turn_left,0.0063995621187849456,0.42850830682787694,0,0,0.34545454545454546,0.34545454545454546,0.0
sh_mpcc_dro_four_way_intersection_o1_c1_m3_boost_5_s40,four_way_intersection_o1_c1_m3_boost_5_s40,boost_5,sh_mpcc_dro,77,40,25,0,0,26,0.0027422655279603575,turn_right,0.005141188173461722,0.5333913942531119,0,0,0.45454545454545453,0.45454545454545453,0.0
sh_mpcc_dro_four_way_intersection_o1_c1_m3_boost_5_s40,four_way_intersection_o1_c1_m3_boost_5_s40,boost_5,sh_mpcc_dro,77,40,26,0,0,27,0.0026807276775257455,constant_velocity,0.00466592262665106,0.5745332471254078,0,0,0.19298245614035087,0.19298245614035087,0.0
sh_mpcc_dro_four_way_intersection_o1_c1_m3_boost_5_s40,four_way_intersection_o1_c1_m3_boost_5_s40,boost_5,sh_mpcc_dro,77,40,26,0,0,27,0.0026807276775257455,turn_left,0.006175016079529502,0.43412480923126606,0,0,0.3684210526315789,0.3684210526315789,0.0
sh_mpcc_dro_four_way_intersection_o1_c1_m3_boost_5_s40,four_way_intersection_o1_c1_m3_boost_5_s40,boost_5,sh_mpcc_dro,77,40,26,0,0,27,0.0026807276775257455,turn_right,0.005365535763824258,0.4996197575645402,0,0,0.43859649122807015,0.43859649122807015,0.0
sh_mpcc_dro_four_way_intersection_o1_c1_m3_boost_5_s40,four_way_intersection_o1_c1_m3_boost_5_s40,boost_5,sh_mpcc_dro,77,40,27,0,0,28,0.002620011060001399,constant_velocity,0.004703745138731498,0.5570053186827127,0,0,0.1864406779661017,0.1864406779661017,0.0
sh_mpcc_dro_four_way_intersection_o1_c1_m3_boost_5_s40,four_way_intersection_o1_c1_m3_boost_5_s40,boost_5,sh_mpcc_dro,77,40,27,0,0,28,0.002620011060001399,turn_left,0.005965693500562238,0.4391796292844203,0,0,0.3898305084745763,0.3898305084745763,0.0
sh_mpcc_dro_four_way_intersection_o1_c1_m3_boost_5_s40,four_way_intersection_o1_c1_m3_boost_5_s40,boost_5,sh_mpcc_dro,77,40,27,0,0,28,0.002620011060001399,turn_right,0.0055746733480606745,0.4699846782794641,0,0,0.423728813559322,0.423728813559322,0.0
sh_mpcc_dro_four_way_intersection_o1_c1_m3_boost_5_s40,four_way_intersection_o1_c1_m3_boost_5_s40,boost_5,sh_mpcc_dro,77,40,28,0,0,29,0.002560519954123208,constant_velocity,0.004739087486085442,0.540298097817611,0,0,0.18032786885245902,0.0,0.008857080433550296
sh_mpcc_dro_four_way_intersection_o1_c1_m3_boost_5_s40,four_way_intersection_o1_c1_m3_boost_5_s40,boost_5,sh_mpcc_dro,77,40,28,0,0,29,0.002560519954123208,turn_left,0.00577009699234703,0.44375683069440014,0,0,0.4098360655737705,0.27824453788036724,0.0
sh_mpcc_dro_four_way_intersection_o1_c1_m3_boost_5_s40,four_way_intersection_o1_c1_m3_boost_5_s40,boost_5,sh_mpcc_dro,77,40,28,0,0,29,0.002560519954123208,turn_right,0.0057700969923471235,0.4437568306943929,0,0,0.4098360655737705,0.7217554621196328,0.021938086737640028
sh_mpcc_dro_four_way_intersection_o1_c1_m3_boost_5_s40,four_way_intersection_o1_c1_m3_boost_5_s40,boost_5,sh_mpcc_dro,77,40,29,0,0,30,0.0025080245870661285,constant_velocity,0.0045886402643049076,0.5465725013521074,0,0,0.20634920634920634,0.20634920634920634,0.08929420203519092
sh_mpcc_dro_four_way_intersection_o1_c1_m3_boost_5_s40,four_way_intersection_o1_c1_m3_boost_5_s40,boost_5,sh_mpcc_dro,77,40,29,0,0,30,0.0025080245870661285,turn_left,0.005770464920622506,0.4346312856184157,0,0,0.3968253968253968,0.1793998189657721,0.07578107941222828
sh_mpcc_dro_four_way_intersection_o1_c1_m3_boost_5_s40,four_way_intersection_o1_c1_m3_boost_5_s40,boost_5,sh_mpcc_dro,77,40,29,0,0,30,0.0025080245870661285,turn_right,0.005770464920622506,0.4346312856184157,0,0,0.3968253968253968,0.6142509746850215,0.10276745454083486
sh_mpcc_dro_four_way_intersection_o1_c1_m3_boost_5_s40,four_way_intersection_o1_c1_m3_boost_5_s40,boost_5,sh_mpcc_dro,77,40,3,0,0,4,0.005835441740250549,constant_velocity,0.0042048630785631305,1.3877840089491364,0,1,0.2727272727272727,0.0,0.12034690865494477
sh_mpcc_dro_four_way_intersection_o1_c1_m3_boost_5_s40,four_way_intersection_o1_c1_m3_boost_5_s40,boost_5,sh_mpcc_dro,77,40,3,0,0,4,0.005835441740250549,turn_left,0.006820048426641176,0.8556305432459314,0,0,0.2727272727272727,0.0,0.11682778360797197
sh_mpcc_dro_four_way_intersection_o1_c1_m3_boost_5_s40,four_way_intersection_o1_c1_m3_boost_5_s40,boost_5,sh_mpcc_dro,77,40,3,0,0,4,0.005835441740250549,turn_right,0.004722758517769282,1.235600278586089,0,1,0.45454545454545453,0.9999999999999999,0.12539469907925677
sh_mpcc_dro_four_way_intersection_o1_c1_m3_boost_5_s40,four_way_intersection_o1_c1_m3_boost_5_s40,boost_5,sh_mpcc_dro,77,40,30,0,0,31,0.0024878932075129505,constant_velocity,0.004625349386419347,0.5378822224365888,0,0,0.2,0.538700415310277,0.08321175022179142
sh_mpcc_dro_four_way_intersection_o1_c1_m3_boost_5_s40,four_way_intersection_o1_c1_m3_boost_5_s40,boost_5,sh_mpcc_dro,77,40,30,0,0,31,0.0024878932075129505,turn_left,0.005947838138412464,0.4182852911624447,0,0,0.38461538461538464,0.0,0.06914360516008292
sh_mpcc_dro_four_way_intersection_o1_c1_m3_boost_5_s40,four_way_intersection_o1_c1_m3_boost_5_s40,boost_5,sh_mpcc_dro,77,40,30,0,0,31,0.0024878932075129505,turn_right,0.005592912153834121,0.4448296592335032,0,0,0.4153846153846154,0.461299584689723,0.09677551621843017
sh_mpcc_dro_four_way_intersection_o1_c1_m3_boost_5_s40,four_way_intersection_o1_c1_m3_boost_5_s40,boost_5,sh_mpcc_dro,77,40,31,0,0,32,0.002438199265890873,constant_velocity,0.004487279255481508,0.5433580410473566,0,0,0.22388059701492538,0.5481997741757454,0.016393299614356677
sh_mpcc_dro_four_way_intersection_o1_c1_m3_boost_5_s40,four_way_intersection_o1_c1_m3_boost_5_s40,boost_5,sh_mpcc_dro,77,40,31,0,0,32,0.002438199265890873,turn_left,0.005942878394968017,0.41027244776796323,0,0,0.373134328358209,0.0,0.002367692728378057
sh_mpcc_dro_four_way_intersection_o1_c1_m3_boost_5_s40,four_way_intersection_o1_c1_m3_boost_5_s40,boost_5,sh_mpcc_dro,77,40,31,0,0,32,0.002438199265890873,turn_right,0.0055985472158995905,0.4355057074389782,0,0,0.40298507462686567,0.4518002258242546,0.029373463304426306
sh_mpcc_dro_four_way_intersection_o1_c1_m3_boost_5_s40,four_way_intersection_o1_c1_m3_boost_5_s40,boost_5,sh_mpcc_dro,77,40,32,0,0,33,0.0024169290513575263,constant_velocity,0.004524798312801594,0.534151775233723,0,0,0.21739130434782608,0.5237233227228786,0.07452443745471951
sh_mpcc_dro_four_way_intersection_o1_c1_m3_boost_5_s40,four_way_intersection_o1_c1_m3_boost_5_s40,boost_5,sh_mpcc_dro,77,40,32,0,0,33,0.0024169290513575263,turn_left,0.006104971615368834,0.3958952151838149,0,0,0.36231884057971014,0.0,0.06108906355256416
sh_mpcc_dro_four_way_intersection_o1_c1_m3_boost_5_s40,four_way_intersection_o1_c1_m3_boost_5_s40,boost_5,sh_mpcc_dro,77,40,32,0,0,33,0.0024169290513575263,turn_right,0.005436270485003949,0.44459322949891267,0,0,0.42028985507246375,0.47627667727712136,0.08646001748857152
sh_mpcc_dro_four_way_intersection_o1_c1_m3_boost_5_s40,four_way_intersection_o1_c1_m3_boost_5_s40,boost_5,sh_mpcc_dro,77,40,33,0,0,34,0.0023935921957832043,constant_velocity,0.004560203620413402,0.5248871311510022,0,0,0.2112676056338028,0.5011933096094929,0.017465029017445816
sh_mpcc_dro_four_way_intersection_o1_c1_m3_boost_5_s40,four_way_intersection_o1_c1_m3_boost_5_s40,boost_5,sh_mpcc_dro,77,40,33,0,0,34,0.0023935921957832043,turn_left,0.006257932823352762,0.3824892761473922,0,0,0.352112676056338,0.0,0.007291770303770234
sh_mpcc_dro_four_way_intersection_o1_c1_m3_boost_5_s40,four_way_intersection_o1_c1_m3_boost_5_s40,boost_5,sh_mpcc_dro,77,40,33,0,0,34,0.0023935921957832043,turn_right,0.0052831361051446325,0.4530627544220114,0,0,0.43661971830985913,0.4988066903905071,0.026559291747404457
sh_mpcc_dro_four_way_intersection_o1_c1_m3_boost_5_s40,four_way_intersection_o1_c1_m3_boost_5_s40,boost_5,sh_mpcc_dro,77,40,34,0,0,35,0.0023484218136647873,constant_velocity,0.0044352665349226186,0.5294883171447914,0,0,0.2328767123287671,0.5113122204498053,0.048460218956563494
sh_mpcc_dro_four_way_intersection_o1_c1_m3_boost_5_s40,four_way_intersection_o1_c1_m3_boost_5_s40,boost_5,sh_mpcc_dro,77,40,34,0,0,35,0.0023484218136647873,turn_left,0.006244884985261761,0.37605525469358997,0,0,0.3424657534246575,0.0,0.03952961866921109
sh_mpcc_dro_four_way_intersection_o1_c1_m3_boost_5_s40,four_way_intersection_o1_c1_m3_boost_5_s40,boost_5,sh_mpcc_dro,77,40,34,0,0,35,0.0023484218136647873,turn_right,0.005296795026456295,0.44336656448568446,0,0,0.4246575342465753,0.4886877795501946,0.055963369140936664
sh_mpcc_dro_four_way_intersection_o1_c1_m3_boost_5_s40,four_way_intersection_o1_c1_m3_boost_5_s40,boost_5,sh_mpcc_dro,77,40,35,0,0,36,0.002325179880586916,constant_velocity,0.004471171073538643,0.5200382276464063,0,0,0.22666666666666666,0.4908321284046375,0.0514809533439555
sh_mpcc_dro_four_way_intersection_o1_c1_m3_boost_5_s40,four_way_intersection_o1_c1_m3_boost_5_s40,boost_5,sh_mpcc_dro,77,40,35,0,0,36,0.002325179880586916,turn_left,0.006385957238956017,0.3641082759531661,0,0,0.3333333333333333,0.0,0.04421629000591795
sh_mpcc_dro_four_way_intersection_o1_c1_m3_boost_5_s40,four_way_intersection_o1_c1_m3_boost_5_s40,boost_5,sh_mpcc_dro,77,40,35,0,0,36,0.002325179880586916,turn_right,0.005155547159084128,0.4510054527364617,0,0,0.44,0.5091678715953625,0.0570381432415312
sh_mpcc_dro_four_way_intersection_o1_c1_m3_boost_5_s40,four_way_intersection_o1_c1_m3_boost_5_s40,boost_5,sh_mpcc_dro,77,40,36,0,0,37,0.0022897887758771994,constant_velocity,0.004505210441317568,0.5082534557936301,0,0,0.22077922077922077,0.5258131574046272,0.01019780374597326
sh_mpcc_dro_four_way_intersection_o1_c1_m3_boost_5_s40,four_way_intersection_o1_c1_m3_boost_5_s40,boost_5,sh_mpcc_dro,77,40,36,0,0,37,0.0022897887758771994,turn_left,0.006220088219762167,0.368128022461513,0,0,0.35064935064935066,0.0,0.00513339569474576
sh_mpcc_dro_four_way_intersection_o1_c1_m3_boost_5_s40,four_way_intersection_o1_c1_m3_boost_5_s40,boost_5,sh_mpcc_dro,77,40,36,0,0,37,0.0022897887758771994,turn_right,0.005321249687388401,0.4303103425693594,0,0,0.42857142857142855,0.4741868425953727,0.014150028471207832
sh_mpcc_dro_four_way_intersection_o1_c1_m3_boost_5_s40,four_way_intersection_o1_c1_m3_boost_5_s40,boost_5,sh_mpcc_dro,77,40,37,0,0,38,0.0022495373543982276,constant_velocity,0.004391154480777822,0.512288366133673,0,0,0.24050632911392406,0.24050632911392406,0.0
sh_mpcc_dro_four_way_intersection_o1_c1_m3_boost_5_s40,four_way_intersection_o1_c1_m3_boost_5_s40,boost_5,sh_mpcc_dro,77,40,37,0,0,38,0.0022495373543982276,turn_left,0.006208989447946214,0.3623032980257876,0,0,0.34177215189873417,0.34177215189873417,0.0
sh_mpcc_dro_four_way_intersection_o1_c1_m3_boost_5_s40,four_way_intersection_o1_c1_m3_boost_5_s40,boost_5,sh_mpcc_dro,77,40,37,0,0,38,0.0022495373543982276,turn_right,0.005332906321455055,0.42182202701517796,0,0,0.4177215189873418,0.4177215189873418,0.0
sh_mpcc_dro_four_way_intersection_o1_c1_m3_boost_5_s40,four_way_intersection_o1_c1_m3_boost_5_s40,boost_5,sh_mpcc_dro,77,40,38,0,0,39,0.002210289277724641,constant_velocity,0.004282730913351208,0.5160934278719613,0,0,0.25925925925925924,0.25925925925925924,0.0
sh_mpcc_dro_four_way_intersection_o1_c1_m3_boost_5_s40,four_way_intersection_o1_c1_m3_boost_5_s40,boost_5,sh_mpcc_dro,77,40,38,0,0,39,0.002210289277724641,turn_left,0.006198438763627166,0.35658806386775316,0,0,0.3333333333333333,0.3333333333333333,0.0
sh_mpcc_dro_four_way_intersection_o1_c1_m3_boost_5_s40,four_way_intersection_o1_c1_m3_boost_5_s40,boost_5,sh_mpcc_dro,77,40,38,0,0,39,0.002210289277724641,turn_right,0.005343987319271562,0.4136030169371594,0,0,0.4074074074074074,0.4074074074074074,0.0
sh_mpcc_dro_four_way_intersection_o1_c1_m3_boost_5_s40,four_way_intersection_o1_c1_m3_boost_5_s40,boost_5,sh_mpcc_dro,77,40,39,0,0,40,0.002172053287095303,constant_velocity,0.004179532578089734,0.5196880862902726,0,0,0.27710843373493976,0.27710843373493976,0.0
sh_mpcc_dro_four_way_intersection_o1_c1_m3_boost_5_s40,four_way_intersection_o1_c1_m3_boost_5_s40,boost_5,sh_mpcc_dro,77,40,39,0,0,40,0.002172053287095303,turn_left,0.00618839654602229,0.35098805820571266,0,0,0.3253012048192771,0.3253012048192771,0.0
sh_mpcc_dro_four_way_intersection_o1_c1_m3_boost_5_s40,four_way_intersection_o1_c1_m3_boost_5_s40,boost_5,sh_mpcc_dro,77,40,39,0,0,40,0.002172053287095303,turn_right,0.005354534293096912,0.40564746963998777,0,0,0.39759036144578314,0.39759036144578314,0.0
sh_mpcc_dro_four_way_intersection_o1_c1_m3_boost_5_s40,four_way_intersection_o1_c1_m3_boost_5_s40,boost_5,sh_mpcc_dro,77,40,4,0,0,5,0.005026940837067249,constant_velocity,0.00444745133309557,1.1302969859747372,0,1,0.23076923076923078,0.0,0.11767466917055339
sh_mpcc_dro_four_way_intersection_o1_c1_m3_boost_5_s40,four_way_intersection_o1_c1_m3_boost_5_s40,boost_5,sh_mpcc_dro,77,40,4,0,0,5,0.005026940837067249,turn_left,0.005770810207157919,0.8710979319389158,0,0,0.38461538461538464,0.06448749684438387,0.10974438181369323
sh_mpcc_dro_four_way_intersection_o1_c1_m3_boost_5_s40,four_way_intersection_o1_c1_m3_boost_5_s40,boost_5,sh_mpcc_dro,77,40,4,0,0,5,0.005026940837067249,turn_right,0.0057708102071580385,0.8710979319388977,0,0,0.38461538461538464,0.9355125031556162,0.12680187025157813
sh_mpcc_dro_four_way_intersection_o1_c1_m3_boost_5_s40,four_way_intersection_o1_c1_m3_boost_5_s40,boost_5,sh_mpcc_dro,77,40,40,0,0,41,0.002134828430152445,constant_velocity,0.0040811906350758575,0.5230896130664978,0,0,0.29411764705882354,0.29411764705882354,0.0
sh_mpcc_dro_four_way_intersection_o1_c1_m3_boost_5_s40,four_way_intersection_o1_c1_m3_boost_5_s40,boost_5,sh_mpcc_dro,77,40,40,0,0,41,0.002134828430152445,turn_left,0.0061788269033635265,0.3455070782109664,0,0,0.3176470588235294,0.3176470588235294,0.0
sh_mpcc_dro_four_way_intersection_o1_c1_m3_boost_5_s40,four_way_intersection_o1_c1_m3_boost_5_s40,boost_5,sh_mpcc_dro,77,40,40,0,0,41,0.002134828430152445,turn_right,0.005364584938742246,0.3979484814817689,0,0,0.38823529411764707,0.38823529411764707,0.0
sh_mpcc_dro_four_way_intersection_o1_c1_m3_boost_5_s40,four_way_intersection_o1_c1_m3_boost_5_s40,boost_5,sh_mpcc_dro,77,40,41,0,0,42,0.002118148374619623,constant_velocity,0.004120282499396495,0.5140784339253126,0,0,0.28735632183908044,0.28735632183908044,0.0
sh_mpcc_dro_four_way_intersection_o1_c1_m3_boost_5_s40,four_way_intersection_o1_c1_m3_boost_5_s40,boost_5,sh_mpcc_dro,77,40,41,0,0,42,0.002118148374619623,turn_left,0.0063019594917642805,0.3361094874360469,0,0,0.3103448275862069,0.3103448275862069,0.0
sh_mpcc_dro_four_way_intersection_o1_c1_m3_boost_5_s40,four_way_intersection_o1_c1_m3_boost_5_s40,boost_5,sh_mpcc_dro,77,40,41,0,0,42,0.002118148374619623,turn_right,0.005241261147047022,0.404129524401395,0,0,0.40229885057471265,0.40229885057471265,0.0
sh_mpcc_dro_four_way_intersection_o1_c1_m3_boost_5_s40,four_way_intersection_o1_c1_m3_boost_5_s40,boost_5,sh_mpcc_dro,77,40,42,0,0,43,0.0020921076615115445,constant_velocity,0.0041576174259949404,0.5031986946251775,0,0,0.2808988764044944,0.2808988764044944,0.0
sh_mpcc_dro_four_way_intersection_o1_c1_m3_boost_5_s40,four_way_intersection_o1_c1_m3_boost_5_s40,boost_5,sh_mpcc_dro,77,40,42,0,0,43,0.0020921076615115445,turn_left,0.006160342424533413,0.33960898880876766,0,0,0.3258426966292135,0.3258426966292135,0.0
sh_mpcc_dro_four_way_intersection_o1_c1_m3_boost_5_s40,four_way_intersection_o1_c1_m3_boost_5_s40,boost_5,sh_mpcc_dro,77,40,42,0,0,43,0.0020921076615115445,turn_right,0.0053826956043898,0.38867285376593624,0,0,0.39325842696629215,0.39325842696629215,0.0
sh_mpcc_dro_four_way_intersection_o1_c1_m3_boost_5_s40,four_way_intersection_o1_c1_m3_boost_5_s40,boost_5,sh_mpcc_dro,77,40,43,0,0,44,0.002058532851972395,constant_velocity,0.004066241218830161,0.5062495659233481,0,0,0.2967032967032967,0.2967032967032967,0.0
sh_mpcc_dro_four_way_intersection_o1_c1_m3_boost_5_s40,four_way_intersection_o1_c1_m3_boost_5_s40,boost_5,sh_mpcc_dro,77,40,43,0,0,44,0.002058532851972395,turn_left,0.006152020321423539,0.33461086674305124,0,0,0.31868131868131866,0.31868131868131866,0.0
sh_mpcc_dro_four_way_intersection_o1_c1_m3_boost_5_s40,four_way_intersection_o1_c1_m3_boost_5_s40,boost_5,sh_mpcc_dro,77,40,43,0,0,44,0.002058532851972395,turn_right,0.005391464640183854,0.3818132899601465,0,0,0.38461538461538464,0.38461538461538464,0.0
sh_mpcc_dro_four_way_intersection_o1_c1_m3_boost_5_s40,four_way_intersection_o1_c1_m3_boost_5_s40,boost_5,sh_mpcc_dro,77,40,44,0,0,45,0.0020258093158674194,constant_velocity,0.003978795171113384,0.5091514462908474,0,0,0.3118279569892473,0.3118279569892473,0.0
sh_mpcc_dro_four_way_intersection_o1_c1_m3_boost_5_s40,four_way_intersection_o1_c1_m3_boost_5_s40,boost_5,sh_mpcc_dro,77,40,44,0,0,45,0.0020258093158674194,turn_left,0.006144056158232169,0.3297185545990039,0,0,0.3118279569892473,0.3118279569892473,0.0
sh_mpcc_dro_four_way_intersection_o1_c1_m3_boost_5_s40,four_way_intersection_o1_c1_m3_boost_5_s40,boost_5,sh_mpcc_dro,77,40,44,0,0,45,0.0020258093158674194,turn_right,0.005399856513148149,0.37515984192075513,0,0,0.3763440860215054,0.3763440860215054,0.0
sh_mpcc_dro_four_way_intersection_o1_c1_m3_boost_5_s40,four_way_intersection_o1_c1_m3_boost_5_s40,boost_5,sh_mpcc_dro,77,40,45,0,0,46,0.0020117907971903943,constant_velocity,0.004016750782943072,0.5008502906710971,0,0,0.30526315789473685,0.30526315789473685,0.0
sh_mpcc_dro_four_way_intersection_o1_c1_m3_boost_5_s40,four_way_intersection_o1_c1_m3_boost_5_s40,boost_5,sh_mpcc_dro,77,40,45,0,0,46,0.0020117907971903943,turn_left,0.006257551702244046,0.32149807031861005,0,0,0.30526315789473685,0.30526315789473685,0.0
sh_mpcc_dro_four_way_intersection_o1_c1_m3_boost_5_s40,four_way_intersection_o1_c1_m3_boost_5_s40,boost_5,sh_mpcc_dro,77,40,45,0,0,46,0.0020117907971903943,turn_right,0.005286175323397662,0.3805758746377194,0,0,0.3894736842105263,0.3894736842105263,0.0
sh_mpcc_dro_four_way_intersection_o1_c1_m3_boost_5_s40,four_way_intersection_o1_c1_m3_boost_5_s40,boost_5,sh_mpcc_dro,77,40,46,0,0,47,0.0019897297109684447,constant_velocity,0.004053141214903573,0.4909105322193374,0,0,0.29896907216494845,0.29896907216494845,0.0
sh_mpcc_dro_four_way_intersection_o1_c1_m3_boost_5_s40,four_way_intersection_o1_c1_m3_boost_5_s40,boost_5,sh_mpcc_dro,77,40,46,0,0,47,0.0019897297109684447,turn_left,0.006128530017661478,0.32466671538433367,0,0,0.31958762886597936,0.31958762886597936,0.0
sh_mpcc_dro_four_way_intersection_o1_c1_m3_boost_5_s40,four_way_intersection_o1_c1_m3_boost_5_s40,boost_5,sh_mpcc_dro,77,40,46,0,0,47,0.0019897297109684447,turn_right,0.0054150190177358875,0.3674464862360511,0,0,0.38144329896907214,0.38144329896907214,0.0
sh_mpcc_dro_four_way_intersection_o1_c1_m3_boost_5_s40,four_way_intersection_o1_c1_m3_boost_5_s40,boost_5,sh_mpcc_dro,77,40,47,0,0,48,0.0019673686705546927,constant_velocity,0.004088061326380718,0.48124734769976224,0,0,0.29292929292929293,0.29292929292929293,0.0
sh_mpcc_dro_four_way_intersection_o1_c1_m3_boost_5_s40,four_way_intersection_o1_c1_m3_boost_5_s40,boost_5,sh_mpcc_dro,77,40,47,0,0,48,0.0019673686705546927,turn_left,0.006004721330436206,0.32763696469687387,0,0,0.3333333333333333,0.3333333333333333,0.0
sh_mpcc_dro_four_way_intersection_o1_c1_m3_boost_5_s40,four_way_intersection_o1_c1_m3_boost_5_s40,boost_5,sh_mpcc_dro,77,40,47,0,0,48,0.0019673686705546927,turn_right,0.005538656906242053,0.3552068134672637,0,0,0.37373737373737376,0.37373737373737376,0.0
sh_mpcc_dro_four_way_intersection_o1_c1_m3_boost_5_s40,four_way_intersection_o1_c1_m3_boost_5_s40,boost_5,sh_mpcc_dro,77,40,48,0,0,49,0.0019448407595297826,constant_velocity,0.004121598463146096,0.47186565525969454,0,0,0.2871287128712871,0.2871287128712871,0.0
sh_mpcc_dro_four_way_intersection_o1_c1_m3_boost_5_s40,four_way_intersection_o1_c1_m3_boost_5_s40,boost_5,sh_mpcc_dro,77,40,48,0,0,49,0.0019448407595297826,turn_left,0.005885815957556055,0.3304284016956132,0,0,0.3465346534653465,0.3465346534653465,0.0
sh_mpcc_dro_four_way_intersection_o1_c1_m3_boost_5_s40,four_way_intersection_o1_c1_m3_boost_5_s40,boost_5,sh_mpcc_dro,77,40,48,0,0,49,0.0019448407595297826,turn_right,0.00565739824470875,0.3437694635248195,0,0,0.36633663366336633,0.36633663366336633,0.0
sh_mpcc_dro_four_way_intersection_o1_c1_m3_boost_5_s40,four_way_intersection_o1_c1_m3_boost_5_s40,boost_5,sh_mpcc_dro,77,40,49,0,0,50,0.0019222531738711493,constant_velocity,0.004153833186832949,0.4627660975805225,0,0,0.2815533980582524,0.2815533980582524,0.0
sh_mpcc_dro_four_way_intersection_o1_c1_m3_boost_5_s40,four_way_intersection_o1_c1_m3_boost_5_s40,boost_5,sh_mpcc_dro,77,40,49,0,0,50,0.0019222531738711493,turn_left,0.005771528269059756,0.33305791538370216,0,0,0.3592233009708738,0.3592233009708738,0.0
sh_mpcc_dro_four_way_intersection_o1_c1_m3_boost_5_s40,four_way_intersection_o1_c1_m3_boost_5_s40,boost_5,sh_mpcc_dro,77,40,49,0,0,50,0.0019222531738711493,turn_right,0.0057715282690599026,0.3330579153836937,0,0,0.3592233009708738,0.3592233009708738,0.0
sh_mpcc_dro_four_way_intersection_o1_c1_m3_boost_5_s40,four_way_intersection_o1_c1_m3_boost_5_s40,boost_5,sh_mpcc_dro,77,40,5,0,0,6,0.005130175796328496,constant_velocity,0.004625349386419347,1.109143411174816,0,1,0.2,0.0,0.08396820442093925
sh_mpcc_dro_four_way_intersection_o1_c1_m3_boost_5_s40,four_way_intersection_o1_c1_m3_boost_5_s40,boost_5,sh_mpcc_dro,77,40,5,0,0,6,0.005130175796328496,turn_left,0.0065393814460430345,0.7845047484472334,0,0,0.3333333333333333,0.0,0.07367624896069308
sh_mpcc_dro_four_way_intersection_o1_c1_m3_boost_5_s40,four_way_intersection_o1_c1_m3_boost_5_s40,boost_5,sh_mpcc_dro,77,40,5,0,0,6,0.005130175796328496,turn_right,0.005001368846203549,1.02575433927908,0,1,0.4666666666666667,1.0,0.09513276073559723
sh_mpcc_dro_four_way_intersection_o1_c1_m3_boost_5_s40,four_way_intersection_o1_c1_m3_boost_5_s40,boost_5,sh_mpcc_dro,77,40,50,0,0,51,0.001895928028892736,constant_velocity,0.004074712554702758,0.4652912330477358,0,0,0.29523809523809524,0.29523809523809524,0.0
sh_mpcc_dro_four_way_intersection_o1_c1_m3_boost_5_s40,four_way_intersection_o1_c1_m3_boost_5_s40,boost_5,sh_mpcc_dro,77,40,50,0,0,51,0.001895928028892736,turn_left,0.005771721763611494,0.3284856939649862,0,0,0.3523809523809524,0.3523809523809524,0.0
sh_mpcc_dro_four_way_intersection_o1_c1_m3_boost_5_s40,four_way_intersection_o1_c1_m3_boost_5_s40,boost_5,sh_mpcc_dro,77,40,50,0,0,51,0.001895928028892736,turn_right,0.005771721763611494,0.3284856939649862,0,0,0.3523809523809524,0.3523809523809524,0.0
sh_mpcc_dro_four_way_intersection_o1_c1_m3_boost_5_s40,four_way_intersection_o1_c1_m3_boost_5_s40,boost_5,sh_mpcc_dro,77,40,51,0,0,52,0.001870160393425484,constant_velocity,0.003998549703212987,0.4677096778171193,0,0,0.308411214953271,0.308411214953271,0.0
sh_mpcc_dro_four_way_intersection_o1_c1_m3_boost_5_s40,four_way_intersection_o1_c1_m3_boost_5_s40,boost_5,sh_mpcc_dro,77,40,51,0,0,52,0.001870160393425484,turn_left,0.005771908024722011,0.3240107751917193,0,0,0.34579439252336447,0.34579439252336447,0.0
sh_mpcc_dro_four_way_intersection_o1_c1_m3_boost_5_s40,four_way_intersection_o1_c1_m3_boost_5_s40,boost_5,sh_mpcc_dro,77,40,51,0,0,52,0.001870160393425484,turn_right,0.005771908024722011,0.3240107751917193,0,0,0.34579439252336447,0.34579439252336447,0.0
sh_mpcc_dro_four_way_intersection_o1_c1_m3_boost_5_s40,four_way_intersection_o1_c1_m3_boost_5_s40,boost_5,sh_mpcc_dro,77,40,52,0,0,53,0.0018449459411301683,constant_velocity,0.003925181818750363,0.4700281480763438,0,0,0.3211009174311927,0.3211009174311927,0.0
sh_mpcc_dro_four_way_intersection_o1_c1_m3_boost_5_s40,four_way_intersection_o1_c1_m3_boost_5_s40,boost_5,sh_mpcc_dro,77,40,52,0,0,53,0.0018449459411301683,turn_left,0.005772087450562418,0.3196323612440074,0,0,0.3394495412844037,0.3394495412844037,0.0
sh_mpcc_dro_four_way_intersection_o1_c1_m3_boost_5_s40,four_way_intersection_o1_c1_m3_boost_5_s40,boost_5,sh_mpcc_dro,77,40,52,0,0,53,0.0018449459411301683,turn_right,0.005772087450562418,0.3196323612440074,0,0,0.3394495412844037,0.3394495412844037,0.0
sh_mpcc_dro_four_way_intersection_o1_c1_m3_boost_5_s40,four_way_intersection_o1_c1_m3_boost_5_s40,boost_5,sh_mpcc_dro,77,40,53,0,0,54,0.0018202784978216284,constant_velocity,0.003854457822016122,0.4722527997126997,0,0,0.3333333333333333,0.3333333333333333,0.0
sh_mpcc_dro_four_way_intersection_o1_c1_m3_boost_5_s40,four_way_intersection_o1_c1_m3_boost_5_s40,boost_5,sh_mpcc_dro,77,40,53,0,0,54,0.0018202784978216284,turn_left,0.005772260410606774,0.3153493377528133,0,0,0.3333333333333333,0.3333333333333333,0.0
sh_mpcc_dro_four_way_intersection_o1_c1_m3_boost_5_s40,four_way_intersection_o1_c1_m3_boost_5_s40,boost_5,sh_mpcc_dro,77,40,53,0,0,54,0.0018202784978216284,turn_right,0.005772260410606774,0.3153493377528133,0,0,0.3333333333333333,0.3333333333333333,0.0
sh_mpcc_dro_four_way_intersection_o1_c1_m3_boost_5_s40,four_way_intersection_o1_c1_m3_boost_5_s40,boost_5,sh_mpcc_dro,77,40,54,0,0,55,0.0018126051445407736,constant_velocity,0.0038885680682286543,0.4661369205159531,0,0,0.3274336283185841,0.3274336283185841,0.0
sh_mpcc_dro_four_way_intersection_o1_c1_m3_boost_5_s40,four_way_intersection_o1_c1_m3_boost_5_s40,boost_5,sh_mpcc_dro,77,40,54,0,0,55,0.0018126051445407736,turn_left,0.0058742574741145505,0.308567534284662,0,0,0.3274336283185841,0.3274336283185841,0.0
sh_mpcc_dro_four_way_intersection_o1_c1_m3_boost_5_s40,four_way_intersection_o1_c1_m3_boost_5_s40,boost_5,sh_mpcc_dro,77,40,54,0,0,55,0.0018126051445407736,turn_right,0.005670096509534088,0.31967800574345345,0,0,0.34513274336283184,0.34513274336283184,0.0
sh_mpcc_dro_four_way_intersection_o1_c1_m3_boost_5_s40,four_way_intersection_o1_c1_m3_boost_5_s40,boost_5,sh_mpcc_dro,77,40,55,0,0,56,0.0018040927720803354,constant_velocity,0.003921491871094711,0.46005266143181134,0,0,0.3217391304347826,0.3217391304347826,0.0
sh_mpcc_dro_four_way_intersection_o1_c1_m3_boost_5_s40,four_way_intersection_o1_c1_m3_boost_5_s40,boost_5,sh_mpcc_dro,77,40,55,0,0,56,0.0018040927720803354,turn_left,0.0059727068136741866,0.30205614110338774,0,0,0.3217391304347826,0.3217391304347826,0.0
sh_mpcc_dro_four_way_intersection_o1_c1_m3_boost_5_s40,four_way_intersection_o1_c1_m3_boost_5_s40,boost_5,sh_mpcc_dro,77,40,55,0,0,56,0.0018040927720803354,turn_right,0.005571486135455356,0.32380817760625863,0,0,0.3565217391304348,0.3565217391304348,0.0
sh_mpcc_dro_four_way_intersection_o1_c1_m3_boost_5_s40,four_way_intersection_o1_c1_m3_boost_5_s40,boost_5,sh_mpcc_dro,77,40,56,0,0,57,0.0017809799414673349,constant_velocity,0.00385445782201626,0.4620571877306748,0,0,0.3333333333333333,0.3333333333333333,0.0
sh_mpcc_dro_four_way_intersection_o1_c1_m3_boost_5_s40,four_way_intersection_o1_c1_m3_boost_5_s40,boost_5,sh_mpcc_dro,77,40,56,0,0,57,0.0017809799414673349,turn_left,0.005969441513150323,0.29834950849990616,0,0,0.3162393162393162,0.3162393162393162,0.0
sh_mpcc_dro_four_way_intersection_o1_c1_m3_boost_5_s40,four_way_intersection_o1_c1_m3_boost_5_s40,boost_5,sh_mpcc_dro,77,40,56,0,0,57,0.0017809799414673349,turn_right,0.00557507930806344,0.31945374102417495,0,0,0.3504273504273504,0.3504273504273504,0.0
sh_mpcc_dro_four_way_intersection_o1_c1_m3_boost_5_s40,four_way_intersection_o1_c1_m3_boost_5_s40,boost_5,sh_mpcc_dro,77,40,57,0,0,58,0.0017583574674860387,constant_velocity,0.0037896770182848953,0.4639861019823329,0,0,0.3445378151260504,0.3445378151260504,0.0
sh_mpcc_dro_four_way_intersection_o1_c1_m3_boost_5_s40,four_way_intersection_o1_c1_m3_boost_5_s40,boost_5,sh_mpcc_dro,77,40,57,0,0,58,0.0017583574674860387,turn_left,0.005966285970627194,0.29471558623617145,0,0,0.31092436974789917,0.31092436974789917,0.0
sh_mpcc_dro_four_way_intersection_o1_c1_m3_boost_5_s40,four_way_intersection_o1_c1_m3_boost_5_s40,boost_5,sh_mpcc_dro,77,40,57,0,0,58,0.0017583574674860387,turn_right,0.005578551701760267,0.3151996363018744,0,0,0.3445378151260504,0.3445378151260504,0.0
sh_mpcc_dro_four_way_intersection_o1_c1_m3_boost_5_s40,four_way_intersection_o1_c1_m3_boost_5_s40,boost_5,sh_mpcc_dro,77,40,58,0,0,59,0.0017429708360977832,constant_velocity,0.0038226027986938077,0.4559644116551582,0,0,0.33884297520661155,0.33884297520661155,0.0
sh_mpcc_dro_four_way_intersection_o1_c1_m3_boost_5_s40,four_way_intersection_o1_c1_m3_boost_5_s40,boost_5,sh_mpcc_dro,77,40,58,0,0,59,0.0017429708360977832,turn_left,0.0058676696735920335,0.29704651642920143,0,0,0.32231404958677684,0.32231404958677684,0.0
sh_mpcc_dro_four_way_intersection_o1_c1_m3_boost_5_s40,four_way_intersection_o1_c1_m3_boost_5_s40,boost_5,sh_mpcc_dro,77,40,58,0,0,59,0.0017429708360977832,turn_right,0.005677006954603837,0.30702284672811614,0,0,0.33884297520661155,0.33884297520661155,0.0
sh_mpcc_dro_four_way_intersection_o1_c1_m3_boost_5_s40,four_way_intersection_o1_c1_m3_boost_5_s40,boost_5,sh_mpcc_dro,77,40,59,0,0,60,0.001727409084851087,constant_velocity,0.00385445782201616,0.44815877215839584,0,0,0.3333333333333333,0.3333333333333333,0.0
sh_mpcc_dro_four_way_intersection_o1_c1_m3_boost_5_s40,four_way_intersection_o1_c1_m3_boost_5_s40,boost_5,sh_mpcc_dro,77,40,59,0,0,60,0.001727409084851087,turn_left,0.005772260410606727,0.29926042173650264,0,0,0.3333333333333333,0.3333333333333333,0.0
sh_mpcc_dro_four_way_intersection_o1_c1_m3_boost_5_s40,four_way_intersection_o1_c1_m3_boost_5_s40,boost_5,sh_mpcc_dro,77,40,59,0,0,60,0.001727409084851087,turn_right,0.0057722604106069005,0.29926042173649364,0,0,0.3333333333333333,0.3333333333333333,0.0
sh_mpcc_dro_four_way_intersection_o1_c1_m3_boost_5_s40,four_way_intersection_o1_c1_m3_boost_5_s40,boost_5,sh_mpcc_dro,77,40,6,0,0,7,0.00503627391159802,constant_velocity,0.004761389074255318,1.0577320679019904,0,1,0.17647058823529413,0.0,0.07926017370650831
sh_mpcc_dro_four_way_intersection_o1_c1_m3_boost_5_s40,four_way_intersection_o1_c1_m3_boost_5_s40,boost_5,sh_mpcc_dro,77,40,6,0,0,7,0.00503627391159802,turn_left,0.00712711239342575,0.7066359604829049,0,0,0.29411764705882354,0.0,0.06714037478060036
sh_mpcc_dro_four_way_intersection_o1_c1_m3_boost_5_s40,four_way_intersection_o1_c1_m3_boost_5_s40,boost_5,sh_mpcc_dro,77,40,6,0,0,7,0.00503627391159802,turn_right,0.004412972511356148,1.1412429827373491,0,1,0.5294117647058824,1.0,0.09185796463646304
sh_mpcc_dro_four_way_intersection_o1_c1_m3_boost_5_s40,four_way_intersection_o1_c1_m3_boost_5_s40,boost_5,sh_mpcc_dro,77,40,7,0,0,8,0.004685517803335156,constant_velocity,0.004260190224333574,1.099837696582696,0,1,0.2631578947368421,0.0,0.019100858026348227
sh_mpcc_dro_four_way_intersection_o1_c1_m3_boost_5_s40,four_way_intersection_o1_c1_m3_boost_5_s40,boost_5,sh_mpcc_dro,77,40,7,0,0,8,0.004685517803335156,turn_left,0.006985488639699316,0.6707501858505406,0,0,0.2631578947368421,0.0,0.00576553478291425
sh_mpcc_dro_four_way_intersection_o1_c1_m3_boost_5_s40,four_way_intersection_o1_c1_m3_boost_5_s40,boost_5,sh_mpcc_dro,77,40,7,0,0,8,0.004685517803335156,turn_right,0.00455704769258432,1.028191522103202,0,1,0.47368421052631576,1.0,0.032486852624224405
sh_mpcc_dro_four_way_intersection_o1_c1_m3_boost_5_s40,four_way_intersection_o1_c1_m3_boost_5_s40,boost_5,sh_mpcc_dro,77,40,8,0,0,9,0.004348947292469011,constant_velocity,0.004405094653732674,0.9872539943685238,0,0,0.23809523809523808,0.1509380093938001,0.043026733557196634
sh_mpcc_dro_four_way_intersection_o1_c1_m3_boost_5_s40,four_way_intersection_o1_c1_m3_boost_5_s40,boost_5,sh_mpcc_dro,77,40,8,0,0,9,0.004348947292469011,turn_left,0.006320204007347,0.6881023598943204,0,0,0.3333333333333333,0.0,0.029074227935403096
sh_mpcc_dro_four_way_intersection_o1_c1_m3_boost_5_s40,four_way_intersection_o1_c1_m3_boost_5_s40,boost_5,sh_mpcc_dro,77,40,8,0,0,9,0.004348947292469011,turn_right,0.0052216235788902195,0.8328726164886281,0,0,0.42857142857142855,0.8490619906061998,0.05662415815539107
sh_mpcc_dro_four_way_intersection_o1_c1_m3_boost_5_s40,four_way_intersection_o1_c1_m3_boost_5_s40,boost_5,sh_mpcc_dro,77,40,9,0,0,10,0.004277660768234608,constant_velocity,0.004524798312801625,0.945381533610501,0,0,0.21739130434782608,0.08473454357290386,0.018702718330527918
sh_mpcc_dro_four_way_intersection_o1_c1_m3_boost_5_s40,four_way_intersection_o1_c1_m3_boost_5_s40,boost_5,sh_mpcc_dro,77,40,9,0,0,10,0.004277660768234608,turn_left,0.006773672745733831,0.6315127595924601,0,0,0.30434782608695654,0.0,0.00789852880503214
sh_mpcc_dro_four_way_intersection_o1_c1_m3_boost_5_s40,four_way_intersection_o1_c1_m3_boost_5_s40,boost_5,sh_mpcc_dro,77,40,9,0,0,10,0.004277660768234608,turn_right,0.004767569354638953,0.8972414347936747,0,0,0.4782608695652174,0.9152654564270961,0.029321335938262
sh_mpcc_dro_four_way_intersection_o1_c1_m3_boost_5_s40,four_way_intersection_o1_c1_m3_boost_5_s40,boost_5,sh_mpcc_dro,78,40,0,0,0,1,0.012750532197405169,constant_velocity,0.005148107643063581,2.476741568250789,0,1,0.6,0.6,0.0
sh_mpcc_dro_four_way_intersection_o1_c1_m3_boost_5_s40,four_way_intersection_o1_c1_m3_boost_5_s40,boost_5,sh_mpcc_dro,78,40,0,0,0,1,0.012750532197405169,turn_left,0.012857784439968992,0.9916585751561968,0,0,0.2,0.2,0.0
sh_mpcc_dro_four_way_intersection_o1_c1_m3_boost_5_s40,four_way_intersection_o1_c1_m3_boost_5_s40,boost_5,sh_mpcc_dro,78,40,0,0,0,1,0.012750532197405169,turn_right,0.012857784439968992,0.9916585751561968,0,0,0.2,0.2,0.0
sh_mpcc_dro_four_way_intersection_o1_c1_m3_boost_5_s40,four_way_intersection_o1_c1_m3_boost_5_s40,boost_5,sh_mpcc_dro,78,40,1,0,0,2,0.01529236887253553,constant_velocity,0.00735443949009083,2.079338458510679,0,1,0.42857142857142855,0.42857142857142855,0.0
sh_mpcc_dro_four_way_intersection_o1_c1_m3_boost_5_s40,four_way_intersection_o1_c1_m3_boost_5_s40,boost_5,sh_mpcc_dro,78,40,1,0,0,2,0.01529236887253553,turn_left,0.01652073599336874,0.9256469493050271,0,0,0.14285714285714285,0.14285714285714285,0.0
sh_mpcc_dro_four_way_intersection_o1_c1_m3_boost_5_s40,four_way_intersection_o1_c1_m3_boost_5_s40,boost_5,sh_mpcc_dro,78,40,1,0,0,2,0.01529236887253553,turn_right,0.009184131742834995,1.665085965743673,0,1,0.42857142857142855,0.42857142857142855,0.0
sh_mpcc_dro_four_way_intersection_o1_c1_m3_boost_5_s40,four_way_intersection_o1_c1_m3_boost_5_s40,boost_5,sh_mpcc_dro,78,40,10,0,0,11,0.00895191128646418,constant_velocity,0.01029621528612712,0.8694370734968777,0,0,0.2,0.2,0.0
sh_mpcc_dro_four_way_intersection_o1_c1_m3_boost_5_s40,four_way_intersection_o1_c1_m3_boost_5_s40,boost_5,sh_mpcc_dro,78,40,10,0,0,11,0.00895191128646418,turn_left,0.013872424367353788,0.6453025837020143,0,0,0.36,0.36,0.0
sh_mpcc_dro_four_way_intersection_o1_c1_m3_boost_5_s40,four_way_intersection_o1_c1_m3_boost_5_s40,boost_5,sh_mpcc_dro,78,40,10,0,0,11,0.00895191128646418,turn_right,0.011818175177204213,0.7574698421911448,0,0,0.44,0.44,0.0
sh_mpcc_dro_four_way_intersection_o1_c1_m3_boost_5_s40,four_way_intersection_o1_c1_m3_boost_5_s40,boost_5,sh_mpcc_dro,78,40,11,0,0,12,0.00852209840739552,constant_velocity,0.009533532672339926,0.8939077150405195,0,0,0.25925925925925924,0.41067861866169303,0.05671124204281394
sh_mpcc_dro_four_way_intersection_o1_c1_m3_boost_5_s40,four_way_intersection_o1_c1_m3_boost_5_s40,boost_5,sh_mpcc_dro,78,40,11,0,0,12,0.00852209840739552,turn_left,0.013798190644413452,0.6176243412643315,0,0,0.3333333333333333,0.5893213813383069,0.08030912474387161
sh_mpcc_dro_four_way_intersection_o1_c1_m3_boost_5_s40,four_way_intersection_o1_c1_m3_boost_5_s40,boost_5,sh_mpcc_dro,78,40,11,0,0,12,0.00852209840739552,turn_right,0.011896108060941577,0.7163770170662855,0,0,0.4074074074074074,0.0,0.03252287869973025
sh_mpcc_dro_four_way_intersection_o1_c1_m3_boost_5_s40,four_way_intersection_o1_c1_m3_boost_5_s40,boost_5,sh_mpcc_dro,78,40,12,0,0,13,0.008400213336030329,constant_velocity,0.009763652426499837,0.8603556301565022,0,0,0.2413793103448276,0.2413793103448276,0.0
sh_mpcc_dro_four_way_intersection_o1_c1_m3_boost_5_s40,four_way_intersection_o1_c1_m3_boost_5_s40,boost_5,sh_mpcc_dro,78,40,12,0,0,13,0.008400213336030329,turn_left,0.014617495763893078,0.57466842964852,0,0,0.3103448275862069,0.3103448275862069,0.0
sh_mpcc_dro_four_way_intersection_o1_c1_m3_boost_5_s40,four_way_intersection_o1_c1_m3_boost_5_s40,boost_5,sh_mpcc_dro,78,40,12,0,0,13,0.008400213336030329,turn_right,0.0110756868153594,0.7584372397006738,0,0,0.4482758620689655,0.4482758620689655,0.0
sh_mpcc_dro_four_way_intersection_o1_c1_m3_boost_5_s40,four_way_intersection_o1_c1_m3_boost_5_s40,boost_5,sh_mpcc_dro,78,40,13,0,0,14,0.00801258732083499,constant_velocity,0.009964079309155114,0.8041472846841886,0,0,0.22580645161290322,0.0,0.016015084160702173
sh_mpcc_dro_four_way_intersection_o1_c1_m3_boost_5_s40,four_way_intersection_o1_c1_m3_boost_5_s40,boost_5,sh_mpcc_dro,78,40,13,0,0,14,0.00801258732083499,turn_left,0.013674431521061021,0.5859539614860187,0,0,0.3548387096774194,0.7795070149278549,0.029638696591558822
sh_mpcc_dro_four_way_intersection_o1_c1_m3_boost_5_s40,four_way_intersection_o1_c1_m3_boost_5_s40,boost_5,sh_mpcc_dro,78,40,13,0,0,14,0.00801258732083499,turn_right,0.012017778948359883,0.6667278001421804,0,0,0.41935483870967744,0.22049298507214513,0.003088211539334987
sh_mpcc_dro_four_way_intersection_o1_c1_m3_boost_5_s40,four_way_intersection_o1_c1_m3_boost_5_s40,boost_5,sh_mpcc_dro,78,40,14,0,0,15,0.007686212725085576,constant_velocity,0.009360195714661023,0.821159403007625,0,0,0.2727272727272727,0.4624085298871886,0.04856599047323895
sh_mpcc_dro_four_way_intersection_o1_c1_m3_boost_5_s40,four_way_intersection_o1_c1_m3_boost_5_s40,boost_5,sh_mpcc_dro,78,40,14,0,0,15,0.007686212725085576,turn_left,0.013625694405097508,0.5640969551034468,0,0,0.3333333333333333,0.5375914701128115,0.06552867224269374
sh_mpcc_dro_four_way_intersection_o1_c1_m3_boost_5_s40,four_way_intersection_o1_c1_m3_boost_5_s40,boost_5,sh_mpcc_dro,78,40,14,0,0,15,0.007686212725085576,turn_right,0.01206944501862048,0.6368323243717878,0,0,0.3939393939393939,0.0,0.02873913322179744
sh_mpcc_dro_four_way_intersection_o1_c1_m3_boost_5_s40,four_way_intersection_o1_c1_m3_boost_5_s40,boost_5,sh_mpcc_dro,78,40,15,0,0,16,0.0073778046468727185,constant_velocity,0.008825327388108964,0.8359808449501145,0,0,0.3142857142857143,0.0,0.004638176650292855
sh_mpcc_dro_four_way_intersection_o1_c1_m3_boost_5_s40,four_way_intersection_o1_c1_m3_boost_5_s40,boost_5,sh_mpcc_dro,78,40,15,0,0,16,0.0073778046468727185,turn_left,0.013582527245243895,0.5431834969781604,0,0,0.3142857142857143,0.7583653384166195,0.015456585355662397
sh_mpcc_dro_four_way_intersection_o1_c1_m3_boost_5_s40,four_way_intersection_o1_c1_m3_boost_5_s40,boost_5,sh_mpcc_dro,78,40,15,0,0,16,0.0073778046468727185,turn_right,0.012115206395136946,0.6089706114981397,0,0,0.37142857142857144,0.24163466158338048,0.0
sh_mpcc_dro_four_way_intersection_o1_c1_m3_boost_5_s40,four_way_intersection_o1_c1_m3_boost_5_s40,boost_5,sh_mpcc_dro,78,40,16,0,0,17,0.007097210742240712,constant_velocity,0.009043972886463036,0.7847448053348075,0,0,0.2972972972972973,0.0,0.12056184356277408
sh_mpcc_dro_four_way_intersection_o1_c1_m3_boost_5_s40,four_way_intersection_o1_c1_m3_boost_5_s40,boost_5,sh_mpcc_dro,78,40,16,0,0,17,0.007097210742240712,turn_left,0.012848336583338818,0.5523836253981761,0,0,0.35135135135135137,0.7760300602798934,0.14171407985924678
sh_mpcc_dro_four_way_intersection_o1_c1_m3_boost_5_s40,four_way_intersection_o1_c1_m3_boost_5_s40,boost_5,sh_mpcc_dro,78,40,16,0,0,17,0.007097210742240712,turn_right,0.012848336583338626,0.5523836253981844,0,0,0.35135135135135137,0.22396993972010665,0.10234820274939721
sh_mpcc_dro_four_way_intersection_o1_c1_m3_boost_5_s40,four_way_intersection_o1_c1_m3_boost_5_s40,boost_5,sh_mpcc_dro,78,40,17,0,0,18,0.007049170618780654,constant_velocity,0.009240193205498704,0.7628813015063144,0,0,0.28205128205128205,0.0,0.13931157141421738
sh_mpcc_dro_four_way_intersection_o1_c1_m3_boost_5_s40,four_way_intersection_o1_c1_m3_boost_5_s40,boost_5,sh_mpcc_dro,78,40,17,0,0,18,0.007049170618780654,turn_left,0.013506273931724861,0.5219182325499019,0,0,0.3333333333333333,0.7485367074683108,0.16293700748245288
sh_mpcc_dro_four_way_intersection_o1_c1_m3_boost_5_s40,four_way_intersection_o1_c1_m3_boost_5_s40,boost_5,sh_mpcc_dro,78,40,17,0,0,18,0.007049170618780654,turn_right,0.012189447527782907,0.5783010758046063,0,0,0.38461538461538464,0.25146329253168936,0.11830577156522681
sh_mpcc_dro_four_way_intersection_o1_c1_m3_boost_5_s40,four_way_intersection_o1_c1_m3_boost_5_s40,boost_5,sh_mpcc_dro,78,40,18,0,0,19,0.00697010844483795,constant_velocity,0.009417270078774798,0.7401410797963196,0,0,0.2682926829268293,0.0,0.052576931963950996
sh_mpcc_dro_four_way_intersection_o1_c1_m3_boost_5_s40,four_way_intersection_o1_c1_m3_boost_5_s40,boost_5,sh_mpcc_dro,78,40,18,0,0,19,0.00697010844483795,turn_left,0.014100022270512401,0.49433315147413975,0,0,0.3170731707317073,0.7223349977261226,0.07822445265261202
sh_mpcc_dro_four_way_intersection_o1_c1_m3_boost_5_s40,four_way_intersection_o1_c1_m3_boost_5_s40,boost_5,sh_mpcc_dro,78,40,18,0,0,19,0.00697010844483795,turn_right,0.01159484033130559,0.601138803612409,0,0,0.4146341463414634,0.27766500227387747,0.02924370112410274
sh_mpcc_dro_four_way_intersection_o1_c1_m3_boost_5_s40,four_way_intersection_o1_c1_m3_boost_5_s40,boost_5,sh_mpcc_dro,78,40,19,0,0,20,0.00687038717134185,constant_velocity,0.009577874684769257,0.7173185489957542,0,0,0.2558139534883721,0.0,0.007080974971792081
sh_mpcc_dro_four_way_intersection_o1_c1_m3_boost_5_s40,four_way_intersection_o1_c1_m3_boost_5_s40,boost_5,sh_mpcc_dro,78,40,19,0,0,20,0.00687038717134185,turn_left,0.014638538205691467,0.4693356040612472,0,0,0.3023255813953488,0.697479699284795,0.03506068954597852
sh_mpcc_dro_four_way_intersection_o1_c1_m3_boost_5_s40,four_way_intersection_o1_c1_m3_boost_5_s40,boost_5,sh_mpcc_dro,78,40,19,0,0,20,0.00687038717134185,turn_right,0.011055545432175039,0.6214426247434983,0,0,0.4418604651162791,0.30252030071520497,0.0
sh_mpcc_dro_four_way_intersection_o1_c1_m3_boost_5_s40,four_way_intersection_o1_c1_m3_boost_5_s40,boost_5,sh_mpcc_dro,78,40,2,0,0,3,0.015258945871189757,constant_velocity,0.008580179405105597,1.7783947340436717,0,1,0.3333333333333333,0.3333333333333333,0.0
sh_mpcc_dro_four_way_intersection_o1_c1_m3_boost_5_s40,four_way_intersection_o1_c1_m3_boost_5_s40,boost_5,sh_mpcc_dro,78,40,2,0,0,3,0.015258945871189757,turn_left,0.018555709078590835,0.8223315965216974,0,0,0.1111111111111111,0.1111111111111111,0.0
sh_mpcc_dro_four_way_intersection_o1_c1_m3_boost_5_s40,four_way_intersection_o1_c1_m3_boost_5_s40,boost_5,sh_mpcc_dro,78,40,2,0,0,3,0.015258945871189757,turn_right,0.007143213577760304,2.1361458263962585,0,1,0.5555555555555556,0.5555555555555556,0.0
sh_mpcc_dro_four_way_intersection_o1_c1_m3_boost_5_s40,four_way_intersection_o1_c1_m3_boost_5_s40,boost_5,sh_mpcc_dro,78,40,20,0,0,21,0.006650123902329351,constant_velocity,0.00915219136544627,0.7266154778446424,0,0,0.28888888888888886,0.0,0.09014171374001081
sh_mpcc_dro_four_way_intersection_o1_c1_m3_boost_5_s40,four_way_intersection_o1_c1_m3_boost_5_s40,boost_5,sh_mpcc_dro,78,40,20,0,0,21,0.006650123902329351,turn_left,0.014559948468001186,0.45674089554262626,0,0,0.28888888888888886,0.6919624122097289,0.11985940768850983
sh_mpcc_dro_four_way_intersection_o1_c1_m3_boost_5_s40,four_way_intersection_o1_c1_m3_boost_5_s40,boost_5,sh_mpcc_dro,78,40,20,0,0,21,0.006650123902329351,turn_right,0.011136199817752136,0.5971627674755293,0,0,0.4222222222222222,0.30803758779027096,0.061443790820860766
sh_mpcc_dro_four_way_intersection_o1_c1_m3_boost_5_s40,four_way_intersection_o1_c1_m3_boost_5_s40,boost_5,sh_mpcc_dro,78,40,21,0,0,22,0.006477769400588386,constant_velocity,0.009310407439582974,0.6957557381482903,0,0,0.2765957446808511,0.0,0.0015826842674608599
sh_mpcc_dro_four_way_intersection_o1_c1_m3_boost_5_s40,four_way_intersection_o1_c1_m3_boost_5_s40,boost_5,sh_mpcc_dro,78,40,21,0,0,22,0.006477769400588386,turn_left,0.013940376192767095,0.46467680003853473,0,0,0.3191489361702128,0.7093787130416878,0.028307208294163833
sh_mpcc_dro_four_way_intersection_o1_c1_m3_boost_5_s40,four_way_intersection_o1_c1_m3_boost_5_s40,boost_5,sh_mpcc_dro,78,40,21,0,0,22,0.006477769400588386,turn_right,0.01175500471388472,0.5510648067147949,0,0,0.40425531914893614,0.29062128695831213,0.0
sh_mpcc_dro_four_way_intersection_o1_c1_m3_boost_5_s40,four_way_intersection_o1_c1_m3_boost_5_s40,boost_5,sh_mpcc_dro,78,40,22,0,0,23,0.006396910426718721,constant_velocity,0.009455707915830874,0.6765131160628309,0,0,0.2653061224489796,0.0,0.01549556296781121
sh_mpcc_dro_four_way_intersection_o1_c1_m3_boost_5_s40,four_way_intersection_o1_c1_m3_boost_5_s40,boost_5,sh_mpcc_dro,78,40,22,0,0,23,0.006396910426718721,turn_left,0.014419467567628283,0.44363014076052226,0,0,0.30612244897959184,0.6875721921418493,0.03871434352981759
sh_mpcc_dro_four_way_intersection_o1_c1_m3_boost_5_s40,four_way_intersection_o1_c1_m3_boost_5_s40,boost_5,sh_mpcc_dro,78,40,22,0,0,23,0.006396910426718721,turn_right,0.01127520860311387,0.5673429780227826,0,0,0.42857142857142855,0.3124278078581506,0.0
sh_mpcc_dro_four_way_intersection_o1_c1_m3_boost_5_s40,four_way_intersection_o1_c1_m3_boost_5_s40,boost_5,sh_mpcc_dro,78,40,23,0,0,24,0.006214905728880968,constant_velocity,0.009084895840700342,0.6840921280614121,0,0,0.29411764705882354,0.0,0.021055314764020602
sh_mpcc_dro_four_way_intersection_o1_c1_m3_boost_5_s40,four_way_intersection_o1_c1_m3_boost_5_s40,boost_5,sh_mpcc_dro,78,40,23,0,0,24,0.006214905728880968,turn_left,0.01435871468684523,0.4328316192935269,0,0,0.29411764705882354,0.6828502015426128,0.042922411670972965
sh_mpcc_dro_four_way_intersection_o1_c1_m3_boost_5_s40,four_way_intersection_o1_c1_m3_boost_5_s40,boost_5,sh_mpcc_dro,78,40,23,0,0,24,0.006214905728880968,turn_right,0.011337759995449009,0.5481599303015445,0,0,0.4117647058823529,0.317149798457387,0.00305879137991745
sh_mpcc_dro_four_way_intersection_o1_c1_m3_boost_5_s40,four_way_intersection_o1_c1_m3_boost_5_s40,boost_5,sh_mpcc_dro,78,40,24,0,0,25,0.006040933197062165,constant_velocity,0.008742069582560706,0.6910186586838708,0,0,0.32075471698113206,0.32075471698113206,0.0
sh_mpcc_dro_four_way_intersection_o1_c1_m3_boost_5_s40,four_way_intersection_o1_c1_m3_boost_5_s40,boost_5,sh_mpcc_dro,78,40,24,0,0,25,0.006040933197062165,turn_left,0.014302546929140084,0.42236765430598494,0,0,0.2830188679245283,0.2830188679245283,0.0
sh_mpcc_dro_four_way_intersection_o1_c1_m3_boost_5_s40,four_way_intersection_o1_c1_m3_boost_5_s40,boost_5,sh_mpcc_dro,78,40,24,0,0,25,0.006040933197062165,turn_right,0.011395590527985229,0.5301114656784898,0,0,0.39622641509433965,0.39622641509433965,0.0
sh_mpcc_dro_four_way_intersection_o1_c1_m3_boost_5_s40,four_way_intersection_o1_c1_m3_boost_5_s40,boost_5,sh_mpcc_dro,78,40,25,0,0,26,0.005874807555043449,constant_velocity,0.00842417614319486,0.6973747290159859,0,0,0.34545454545454546,0.0,0.0
sh_mpcc_dro_four_way_intersection_o1_c1_m3_boost_5_s40,four_way_intersection_o1_c1_m3_boost_5_s40,boost_5,sh_mpcc_dro,78,40,25,0,0,26,0.005874807555043449,turn_left,0.014250464099268039,0.4122537704119547,0,0,0.2727272727272727,0.6738212059418032,0.0022965518537997748
sh_mpcc_dro_four_way_intersection_o1_c1_m3_boost_5_s40,four_way_intersection_o1_c1_m3_boost_5_s40,boost_5,sh_mpcc_dro,78,40,25,0,0,26,0.005874807555043449,turn_right,0.011449215203609722,0.5131187990239918,0,0,0.38181818181818183,0.3261787940581968,0.0
sh_mpcc_dro_four_way_intersection_o1_c1_m3_boost_5_s40,four_way_intersection_o1_c1_m3_boost_5_s40,boost_5,sh_mpcc_dro,78,40,26,0,0,27,0.005759947522701215,constant_velocity,0.008580179405105878,0.6713085182430563,0,0,0.3333333333333333,0.3333333333333333,0.0
sh_mpcc_dro_four_way_intersection_o1_c1_m3_boost_5_s40,four_way_intersection_o1_c1_m3_boost_5_s40,boost_5,sh_mpcc_dro,78,40,26,0,0,27,0.005759947522701215,turn_left,0.013750447815083193,0.41889163176074834,0,0,0.2982456140350877,0.2982456140350877,0.0
sh_mpcc_dro_four_way_intersection_o1_c1_m3_boost_5_s40,four_way_intersection_o1_c1_m3_boost_5_s40,boost_5,sh_mpcc_dro,78,40,26,0,0,27,0.005759947522701215,turn_right,0.0119484748412679,0.4820655020176621,0,0,0.3684210526315789,0.3684210526315789,0.0
sh_mpcc_dro_four_way_intersection_o1_c1_m3_boost_5_s40,four_way_intersection_o1_c1_m3_boost_5_s40,boost_5,sh_mpcc_dro,78,40,27,0,0,28,0.005612454065008634,constant_velocity,0.008289325865949663,0.6770700242420311,0,0,0.3559322033898305,0.3559322033898305,0.0
sh_mpcc_dro_four_way_intersection_o1_c1_m3_boost_5_s40,four_way_intersection_o1_c1_m3_boost_5_s40,boost_5,sh_mpcc_dro,78,40,27,0,0,28,0.005612454065008634,turn_left,0.013720611248729751,0.4090527720132172,0,0,0.288135593220339,0.288135593220339,0.0
sh_mpcc_dro_four_way_intersection_o1_c1_m3_boost_5_s40,four_way_intersection_o1_c1_m3_boost_5_s40,boost_5,sh_mpcc_dro,78,40,27,0,0,28,0.005612454065008634,turn_right,0.011979722104535333,0.46849618180073205,0,0,0.3559322033898305,0.3559322033898305,0.0
sh_mpcc_dro_four_way_intersection_o1_c1_m3_boost_5_s40,four_way_intersection_o1_c1_m3_boost_5_s40,boost_5,sh_mpcc_dro,78,40,28,0,0,29,0.005471254891231152,constant_velocity,0.008017544690016887,0.6824102768075283,0,0,0.3770491803278688,0.3770491803278688,0.0
sh_mpcc_dro_four_way_intersection_o1_c1_m3_boost_5_s40,four_way_intersection_o1_c1_m3_boost_5_s40,boost_5,sh_mpcc_dro,78,40,28,0,0,29,0.005471254891231152,turn_left,0.013692731178530697,0.3995736730601796,0,0,0.2786885245901639,0.2786885245901639,0.0
sh_mpcc_dro_four_way_intersection_o1_c1_m3_boost_5_s40,four_way_intersection_o1_c1_m3_boost_5_s40,boost_5,sh_mpcc_dro,78,40,28,0,0,29,0.005471254891231152,turn_right,0.012008920366932822,0.45559923157593196,0,0,0.3442622950819672,0.3442622950819672,0.0
sh_mpcc_dro_four_way_intersection_o1_c1_m3_boost_5_s40,four_way_intersection_o1_c1_m3_boost_5_s40,boost_5,sh_mpcc_dro,78,40,29,0,0,30,0.005336100220503078,constant_velocity,0.007763019461762383,0.6873743195913181,0,0,0.3968253968253968,0.0,0.09946716972886663
sh_mpcc_dro_four_way_intersection_o1_c1_m3_boost_5_s40,four_way_intersection_o1_c1_m3_boost_5_s40,boost_5,sh_mpcc_dro,78,40,29,0,0,30,0.005336100220503078,turn_left,0.013666621271518888,0.3904476545072235,0,0,0.2698412698412698,0.6755789476383878,0.12598811764793566
sh_mpcc_dro_four_way_intersection_o1_c1_m3_boost_5_s40,four_way_intersection_o1_c1_m3_boost_5_s40,boost_5,sh_mpcc_dro,78,40,29,0,0,30,0.005336100220503078,turn_right,0.01203626477140031,0.4433352308086749,0,0,0.3333333333333333,0.3244210523616121,0.07506266560855895
sh_mpcc_dro_four_way_intersection_o1_c1_m3_boost_5_s40,four_way_intersection_o1_c1_m3_boost_5_s40,boost_5,sh_mpcc_dro,78,40,3,0,0,4,0.012990149238117837,constant_velocity,0.009360195714660865,1.3878074384461192,0,1,0.2727272727272727,0.0,0.0
sh_mpcc_dro_four_way_intersection_o1_c1_m3_boost_5_s40,four_way_intersection_o1_c1_m3_boost_5_s40,boost_5,sh_mpcc_dro,78,40,3,0,0,4,0.012990149238117837,turn_left,0.015181943791574077,0.8556314933353476,0,0,0.2727272727272727,0.9146434789326872,0.0057287730952904625
sh_mpcc_dro_four_way_intersection_o1_c1_m3_boost_5_s40,four_way_intersection_o1_c1_m3_boost_5_s40,boost_5,sh_mpcc_dro,78,40,3,0,0,4,0.012990149238117837,turn_right,0.01051319563214358,1.2356042532302065,0,1,0.45454545454545453,0.08535652106731277,0.0
sh_mpcc_dro_four_way_intersection_o1_c1_m3_boost_5_s40,four_way_intersection_o1_c1_m3_boost_5_s40,boost_5,sh_mpcc_dro,78,40,30,0,0,31,0.005206723847648415,constant_velocity,0.007524157324477388,0.6920009275603581,0,0,0.4153846153846154,0.010830226964713419,0.0860241681371329
sh_mpcc_dro_four_way_intersection_o1_c1_m3_boost_5_s40,four_way_intersection_o1_c1_m3_boost_5_s40,boost_5,sh_mpcc_dro,78,40,30,0,0,31,0.005206723847648415,turn_left,0.0136421181280155,0.3816653542206081,0,0,0.26153846153846155,0.6660928499583636,0.11513589795944262
sh_mpcc_dro_four_way_intersection_o1_c1_m3_boost_5_s40,four_way_intersection_o1_c1_m3_boost_5_s40,boost_5,sh_mpcc_dro,78,40,30,0,0,31,0.005206723847648415,turn_right,0.012061926443285183,0.43166602550017813,0,0,0.3230769230769231,0.323076923076923,0.05824018756955268
sh_mpcc_dro_four_way_intersection_o1_c1_m3_boost_5_s40,four_way_intersection_o1_c1_m3_boost_5_s40,boost_5,sh_mpcc_dro,78,40,31,0,0,32,0.005174520275542497,constant_velocity,0.007683742750841008,0.673437469646694,0,0,0.40298507462686567,0.0009328539422718274,0.11094703338158377
sh_mpcc_dro_four_way_intersection_o1_c1_m3_boost_5_s40,four_way_intersection_o1_c1_m3_boost_5_s40,boost_5,sh_mpcc_dro,78,40,31,0,0,32,0.005174520275542497,turn_left,0.014001401613055863,0.3695715913696398,0,0,0.2537313432835821,0.6557835639681759,0.14129854015915394
sh_mpcc_dro_four_way_intersection_o1_c1_m3_boost_5_s40,four_way_intersection_o1_c1_m3_boost_5_s40,boost_5,sh_mpcc_dro,78,40,31,0,0,32,0.005174520275542497,turn_right,0.011701868937515477,0.4421960545937496,0,0,0.34328358208955223,0.3432835820895521,0.08110325071868912
sh_mpcc_dro_four_way_intersection_o1_c1_m3_boost_5_s40,four_way_intersection_o1_c1_m3_boost_5_s40,boost_5,sh_mpcc_dro,78,40,32,0,0,33,0.005055014802592026,constant_velocity,0.0074610255696572845,0.6775227822767298,0,0,0.42028985507246375,0.027523024767113657,0.02640993132299055
sh_mpcc_dro_four_way_intersection_o1_c1_m3_boost_5_s40,four_way_intersection_o1_c1_m3_boost_5_s40,boost_5,sh_mpcc_dro,78,40,32,0,0,33,0.005055014802592026,turn_left,0.013968615163624144,0.3618837474852809,0,0,0.2463768115942029,0.6391436418995531,0.05698692573543884
sh_mpcc_dro_four_way_intersection_o1_c1_m3_boost_5_s40,four_way_intersection_o1_c1_m3_boost_5_s40,boost_5,sh_mpcc_dro,78,40,32,0,0,33,0.005055014802592026,turn_right,0.01173573560911389,0.43073693639334687,0,0,0.3333333333333333,0.33333333333333326,0.0
sh_mpcc_dro_four_way_intersection_o1_c1_m3_boost_5_s40,four_way_intersection_o1_c1_m3_boost_5_s40,boost_5,sh_mpcc_dro,78,40,33,0,0,34,0.0049404000597943485,constant_velocity,0.007250855835300741,0.6813540597155504,0,0,0.43661971830985913,0.7003535707327382,0.036056349092425194
sh_mpcc_dro_four_way_intersection_o1_c1_m3_boost_5_s40,four_way_intersection_o1_c1_m3_boost_5_s40,boost_5,sh_mpcc_dro,78,40,33,0,0,34,0.0049404000597943485,turn_left,0.013937675838103996,0.35446369374496894,0,0,0.23943661971830985,0.29964642926726176,0.06595961784157894
sh_mpcc_dro_four_way_intersection_o1_c1_m3_boost_5_s40,four_way_intersection_o1_c1_m3_boost_5_s40,boost_5,sh_mpcc_dro,78,40,33,0,0,34,0.0049404000597943485,turn_right,0.011767694299213746,0.41982736245319013,0,0,0.323943661971831,0.0,0.004940429233475874
sh_mpcc_dro_four_way_intersection_o1_c1_m3_boost_5_s40,four_way_intersection_o1_c1_m3_boost_5_s40,boost_5,sh_mpcc_dro,78,40,34,0,0,35,0.004830437574046997,constant_velocity,0.007052202250771954,0.6849544868793637,0,0,0.4520547945205479,0.706580609860629,0.05024956248867865
sh_mpcc_dro_four_way_intersection_o1_c1_m3_boost_5_s40,four_way_intersection_o1_c1_m3_boost_5_s40,boost_5,sh_mpcc_dro,78,40,34,0,0,35,0.004830437574046997,turn_left,0.013908431818091798,0.34730281869474783,0,0,0.2328767123287671,0.29341939013937096,0.07857014769161241
sh_mpcc_dro_four_way_intersection_o1_c1_m3_boost_5_s40,four_way_intersection_o1_c1_m3_boost_5_s40,boost_5,sh_mpcc_dro,78,40,34,0,0,35,0.004830437574046997,turn_right,0.011797901828212241,0.40943191801240497,0,0,0.3150684931506849,0.0,0.019777892978971645
sh_mpcc_dro_four_way_intersection_o1_c1_m3_boost_5_s40,four_way_intersection_o1_c1_m3_boost_5_s40,boost_5,sh_mpcc_dro,78,40,35,0,0,36,0.004775041043662246,constant_velocity,0.0072073507002889375,0.6625237541820767,0,0,0.44,0.0689866976580375,0.0
sh_mpcc_dro_four_way_intersection_o1_c1_m3_boost_5_s40,four_way_intersection_o1_c1_m3_boost_5_s40,boost_5,sh_mpcc_dro,78,40,35,0,0,36,0.004775041043662246,turn_left,0.013537540302942684,0.35272589678822863,0,0,0.25333333333333335,0.6243466356752958,0.00815121690304721
sh_mpcc_dro_four_way_intersection_o1_c1_m3_boost_5_s40,four_way_intersection_o1_c1_m3_boost_5_s40,boost_5,sh_mpcc_dro,78,40,35,0,0,36,0.004775041043662246,turn_right,0.012168040842843057,0.39242480406949065,0,0,0.30666666666666664,0.30666666666666653,0.0
sh_mpcc_dro_four_way_intersection_o1_c1_m3_boost_5_s40,four_way_intersection_o1_c1_m3_boost_5_s40,boost_5,sh_mpcc_dro,78,40,36,0,0,37,0.004752521849073949,constant_velocity,0.007354439490090679,0.646211292577424,0,0,0.42857142857142855,0.7084411662474418,0.020441398436920194
sh_mpcc_dro_four_way_intersection_o1_c1_m3_boost_5_s40,four_way_intersection_o1_c1_m3_boost_5_s40,boost_5,sh_mpcc_dro,78,40,36,0,0,37,0.004752521849073949,turn_left,0.01385287990226533,0.3430710352362746,0,0,0.24675324675324675,0.2915588337525582,0.03659698271294608
sh_mpcc_dro_four_way_intersection_o1_c1_m3_boost_5_s40,four_way_intersection_o1_c1_m3_boost_5_s40,boost_5,sh_mpcc_dro,78,40,36,0,0,37,0.004752521849073949,turn_right,0.011851987833937982,0.4009894302679907,0,0,0.3246753246753247,0.0,0.0031817406149127064
sh_mpcc_dro_four_way_intersection_o1_c1_m3_boost_5_s40,four_way_intersection_o1_c1_m3_boost_5_s40,boost_5,sh_mpcc_dro,78,40,37,0,0,38,0.004697695056887191,constant_velocity,0.007494080746231716,0.626854075364661,0,0,0.4177215189873418,0.05271788016741308,0.011397510104498396
sh_mpcc_dro_four_way_intersection_o1_c1_m3_boost_5_s40,four_way_intersection_o1_c1_m3_boost_5_s40,boost_5,sh_mpcc_dro,78,40,37,0,0,38,0.004697695056887191,turn_left,0.0135021740819549,0.3479213812807722,0,0,0.26582278481012656,0.6308264236300553,0.023109111865531842
sh_mpcc_dro_four_way_intersection_o1_c1_m3_boost_5_s40,four_way_intersection_o1_c1_m3_boost_5_s40,boost_5,sh_mpcc_dro,78,40,37,0,0,38,0.004697695056887191,turn_right,0.012202016366670442,0.3849933417331622,0,0,0.31645569620253167,0.31645569620253156,0.0
sh_mpcc_dro_four_way_intersection_o1_c1_m3_boost_5_s40,four_way_intersection_o1_c1_m3_boost_5_s40,boost_5,sh_mpcc_dro,78,40,38,0,0,39,0.004673723811824006,constant_velocity,0.007626826137871815,0.6128006233964262,0,0,0.4074074074074074,0.04426629724656195,0.0029977478181757167
sh_mpcc_dro_four_way_intersection_o1_c1_m3_boost_5_s40,four_way_intersection_o1_c1_m3_boost_5_s40,boost_5,sh_mpcc_dro,78,40,38,0,0,39,0.004673723811824006,turn_left,0.013802814595409454,0.33860657763079677,0,0,0.25925925925925924,0.6224003694201047,0.014622025740705008
sh_mpcc_dro_four_way_intersection_o1_c1_m3_boost_5_s40,four_way_intersection_o1_c1_m3_boost_5_s40,boost_5,sh_mpcc_dro,78,40,38,0,0,39,0.004673723811824006,turn_right,0.01190073201193778,0.39272574217583694,0,0,0.3333333333333333,0.33333333333333326,0.0
sh_mpcc_dro_four_way_intersection_o1_c1_m3_boost_5_s40,four_way_intersection_o1_c1_m3_boost_5_s40,boost_5,sh_mpcc_dro,78,40,39,0,0,40,0.004645123886657147,constant_velocity,0.007753174161240251,0.5991254407619396,0,0,0.39759036144578314,0.03667142122774769,0.006310185519327605
sh_mpcc_dro_four_way_intersection_o1_c1_m3_boost_5_s40,four_way_intersection_o1_c1_m3_boost_5_s40,boost_5,sh_mpcc_dro,78,40,39,0,0,40,0.004645123886657147,turn_left,0.014088966409420582,0.3296994081518419,0,0,0.25301204819277107,0.6139309884108065,0.014922662980176513
sh_mpcc_dro_four_way_intersection_o1_c1_m3_boost_5_s40,four_way_intersection_o1_c1_m3_boost_5_s40,boost_5,sh_mpcc_dro,78,40,39,0,0,40,0.004645123886657147,turn_right,0.011613967385144155,0.3999601284052935,0,0,0.3493975903614458,0.3493975903614457,0.0
sh_mpcc_dro_four_way_intersection_o1_c1_m3_boost_5_s40,four_way_intersection_o1_c1_m3_boost_5_s40,boost_5,sh_mpcc_dro,78,40,4,0,0,5,0.012804105787606549,constant_velocity,0.009900207005891386,1.2933169760982897,0,1,0.23076923076923078,0.0,0.171282581805244
sh_mpcc_dro_four_way_intersection_o1_c1_m3_boost_5_s40,four_way_intersection_o1_c1_m3_boost_5_s40,boost_5,sh_mpcc_dro,78,40,4,0,0,5,0.012804105787606549,turn_left,0.016796739343158,0.7622971057666729,0,0,0.23076923076923078,0.8445122013552409,0.18296302893444366
sh_mpcc_dro_four_way_intersection_o1_c1_m3_boost_5_s40,four_way_intersection_o1_c1_m3_boost_5_s40,boost_5,sh_mpcc_dro,78,40,4,0,0,5,0.012804105787606549,turn_right,0.008895780919506149,1.4393458993049675,0,1,0.5384615384615384,0.15548779864475912,0.16314374003126342
sh_mpcc_dro_four_way_intersection_o1_c1_m3_boost_5_s40,four_way_intersection_o1_c1_m3_boost_5_s40,boost_5,sh_mpcc_dro,78,40,40,0,0,41,0.004558062997313272,constant_velocity,0.007570746533916924,0.6020625544512898,0,0,0.4117647058823529,0.4117647058823529,0.0
sh_mpcc_dro_four_way_intersection_o1_c1_m3_boost_5_s40,four_way_intersection_o1_c1_m3_boost_5_s40,boost_5,sh_mpcc_dro,78,40,40,0,0,41,0.004558062997313272,turn_left,0.014060291178790905,0.3241798437424136,0,0,0.24705882352941178,0.24705882352941178,0.0
sh_mpcc_dro_four_way_intersection_o1_c1_m3_boost_5_s40,four_way_intersection_o1_c1_m3_boost_5_s40,boost_5,sh_mpcc_dro,78,40,40,0,0,41,0.004558062997313272,turn_right,0.011643527425673898,0.39146753648407046,0,0,0.3411764705882353,0.3411764705882353,0.0
sh_mpcc_dro_four_way_intersection_o1_c1_m3_boost_5_s40,four_way_intersection_o1_c1_m3_boost_5_s40,boost_5,sh_mpcc_dro,78,40,41,0,0,42,0.004512071216400591,constant_velocity,0.007692574639060416,0.5865489030798281,0,0,0.40229885057471265,0.40229885057471265,0.0
sh_mpcc_dro_four_way_intersection_o1_c1_m3_boost_5_s40,four_way_intersection_o1_c1_m3_boost_5_s40,boost_5,sh_mpcc_dro,78,40,41,0,0,42,0.004512071216400591,turn_left,0.013737066094221,0.3284595986837946,0,0,0.26436781609195403,0.26436781609195403,0.0
sh_mpcc_dro_four_way_intersection_o1_c1_m3_boost_5_s40,four_way_intersection_o1_c1_m3_boost_5_s40,boost_5,sh_mpcc_dro,78,40,41,0,0,42,0.004512071216400591,turn_right,0.01196616161995422,0.37706921899470836,0,0,0.3333333333333333,0.3333333333333333,0.0
sh_mpcc_dro_four_way_intersection_o1_c1_m3_boost_5_s40,four_way_intersection_o1_c1_m3_boost_5_s40,boost_5,sh_mpcc_dro,78,40,42,0,0,43,0.004463693573265812,constant_velocity,0.007808927323748047,0.5716141780051008,0,0,0.39325842696629215,0.39325842696629215,0.0
sh_mpcc_dro_four_way_intersection_o1_c1_m3_boost_5_s40,four_way_intersection_o1_c1_m3_boost_5_s40,boost_5,sh_mpcc_dro,78,40,42,0,0,43,0.004463693573265812,turn_left,0.013428367979744112,0.3324077490279553,0,0,0.2808988764044944,0.2808988764044944,0.0
sh_mpcc_dro_four_way_intersection_o1_c1_m3_boost_5_s40,four_way_intersection_o1_c1_m3_boost_5_s40,boost_5,sh_mpcc_dro,78,40,42,0,0,43,0.004463693573265812,turn_right,0.01227429540100847,0.36366189890615386,0,0,0.3258426966292135,0.3258426966292135,0.0
sh_mpcc_dro_four_way_intersection_o1_c1_m3_boost_5_s40,four_way_intersection_o1_c1_m3_boost_5_s40,boost_5,sh_mpcc_dro,78,40,43,0,0,44,0.004386521936586777,constant_velocity,0.0076373025474018585,0.5743548732502461,0,0,0.4065934065934066,0.4065934065934066,0.0
sh_mpcc_dro_four_way_intersection_o1_c1_m3_boost_5_s40,four_way_intersection_o1_c1_m3_boost_5_s40,boost_5,sh_mpcc_dro,78,40,43,0,0,44,0.004386521936586777,turn_left,0.01341610207046743,0.32695949341670044,0,0,0.27472527472527475,0.27472527472527475,0.0
sh_mpcc_dro_four_way_intersection_o1_c1_m3_boost_5_s40,four_way_intersection_o1_c1_m3_boost_5_s40,boost_5,sh_mpcc_dro,78,40,43,0,0,44,0.004386521936586777,turn_right,0.012287393724231497,0.3569936827153415,0,0,0.31868131868131866,0.31868131868131866,0.0
sh_mpcc_dro_four_way_intersection_o1_c1_m3_boost_5_s40,four_way_intersection_o1_c1_m3_boost_5_s40,boost_5,sh_mpcc_dro,78,40,44,0,0,45,0.004339781648912371,constant_velocity,0.007749839462676199,0.5599834254390792,0,0,0.3978494623655914,0.3978494623655914,0.0
sh_mpcc_dro_four_way_intersection_o1_c1_m3_boost_5_s40,four_way_intersection_o1_c1_m3_boost_5_s40,boost_5,sh_mpcc_dro,78,40,44,0,0,45,0.004339781648912371,turn_left,0.013127583746371355,0.33058495247550385,0,0,0.2903225806451613,0.2903225806451613,0.0
sh_mpcc_dro_four_way_intersection_o1_c1_m3_boost_5_s40,four_way_intersection_o1_c1_m3_boost_5_s40,boost_5,sh_mpcc_dro,78,40,44,0,0,45,0.004339781648912371,turn_right,0.012575366222137653,0.3451018103371516,0,0,0.3118279569892473,0.3118279569892473,0.0
sh_mpcc_dro_four_way_intersection_o1_c1_m3_boost_5_s40,four_way_intersection_o1_c1_m3_boost_5_s40,boost_5,sh_mpcc_dro,78,40,45,0,0,46,0.004291778856745228,constant_velocity,0.007857637981518083,0.54619198120859,0,0,0.3894736842105263,0.3894736842105263,0.0
sh_mpcc_dro_four_way_intersection_o1_c1_m3_boost_5_s40,four_way_intersection_o1_c1_m3_boost_5_s40,boost_5,sh_mpcc_dro,78,40,45,0,0,46,0.004291778856745228,turn_left,0.012851213562237531,0.333959033204175,0,0,0.30526315789473685,0.30526315789473685,0.0
sh_mpcc_dro_four_way_intersection_o1_c1_m3_boost_5_s40,four_way_intersection_o1_c1_m3_boost_5_s40,boost_5,sh_mpcc_dro,78,40,45,0,0,46,0.004291778856745228,turn_right,0.01285121356223728,0.3339590332041816,0,0,0.30526315789473685,0.30526315789473685,0.0
sh_mpcc_dro_four_way_intersection_o1_c1_m3_boost_5_s40,four_way_intersection_o1_c1_m3_boost_5_s40,boost_5,sh_mpcc_dro,78,40,46,0,0,47,0.004276531499039696,constant_velocity,0.007960991200613745,0.5371858090623188,0,0,0.38144329896907214,0.38144329896907214,0.0
sh_mpcc_dro_four_way_intersection_o1_c1_m3_boost_5_s40,four_way_intersection_o1_c1_m3_boost_5_s40,boost_5,sh_mpcc_dro,78,40,46,0,0,47,0.004276531499039696,turn_left,0.01258624008672736,0.3397783189873719,0,0,0.31958762886597936,0.31958762886597936,0.0
sh_mpcc_dro_four_way_intersection_o1_c1_m3_boost_5_s40,four_way_intersection_o1_c1_m3_boost_5_s40,boost_5,sh_mpcc_dro,78,40,46,0,0,47,0.004276531499039696,turn_right,0.013115685754291652,0.3260623637342294,0,0,0.29896907216494845,0.29896907216494845,0.0
sh_mpcc_dro_four_way_intersection_o1_c1_m3_boost_5_s40,four_way_intersection_o1_c1_m3_boost_5_s40,boost_5,sh_mpcc_dro,78,40,47,0,0,48,0.004230247209915061,constant_velocity,0.008060168532069222,0.5248335928813469,0,0,0.37373737373737376,0.37373737373737376,0.0
sh_mpcc_dro_four_way_intersection_o1_c1_m3_boost_5_s40,four_way_intersection_o1_c1_m3_boost_5_s40,boost_5,sh_mpcc_dro,78,40,47,0,0,48,0.004230247209915061,turn_left,0.01285072240571996,0.3291836113456271,0,0,0.31313131313131315,0.31313131313131315,0.0
sh_mpcc_dro_four_way_intersection_o1_c1_m3_boost_5_s40,four_way_intersection_o1_c1_m3_boost_5_s40,boost_5,sh_mpcc_dro,78,40,47,0,0,48,0.004230247209915061,turn_right,0.012850722405720216,0.3291836113456205,0,0,0.31313131313131315,0.31313131313131315,0.0
sh_mpcc_dro_four_way_intersection_o1_c1_m3_boost_5_s40,four_way_intersection_o1_c1_m3_boost_5_s40,boost_5,sh_mpcc_dro,78,40,48,0,0,49,0.0041658467825157145,constant_velocity,0.007900561234404479,0.5272849179846555,0,0,0.38613861386138615,0.38613861386138615,0.0
sh_mpcc_dro_four_way_intersection_o1_c1_m3_boost_5_s40,four_way_intersection_o1_c1_m3_boost_5_s40,boost_5,sh_mpcc_dro,78,40,48,0,0,49,0.0041658467825157145,turn_left,0.012851109469124839,0.3241624229039743,0,0,0.3069306930693069,0.3069306930693069,0.0
sh_mpcc_dro_four_way_intersection_o1_c1_m3_boost_5_s40,four_way_intersection_o1_c1_m3_boost_5_s40,boost_5,sh_mpcc_dro,78,40,48,0,0,49,0.0041658467825157145,turn_right,0.012851109469124839,0.3241624229039743,0,0,0.3069306930693069,0.3069306930693069,0.0
sh_mpcc_dro_four_way_intersection_o1_c1_m3_boost_5_s40,four_way_intersection_o1_c1_m3_boost_5_s40,boost_5,sh_mpcc_dro,78,40,49,0,0,50,0.004103132454187866,constant_velocity,0.007747152278396612,0.5296310575473895,0,0,0.39805825242718446,0.39805825242718446,0.0
sh_mpcc_dro_four_way_intersection_o1_c1_m3_boost_5_s40,four_way_intersection_o1_c1_m3_boost_5_s40,boost_5,sh_mpcc_dro,78,40,49,0,0,50,0.004103132454187866,turn_left,0.012851481500941026,0.3192731090098384,0,0,0.30097087378640774,0.30097087378640774,0.0
sh_mpcc_dro_four_way_intersection_o1_c1_m3_boost_5_s40,four_way_intersection_o1_c1_m3_boost_5_s40,boost_5,sh_mpcc_dro,78,40,49,0,0,50,0.004103132454187866,turn_right,0.012851481500941026,0.3192731090098384,0,0,0.30097087378640774,0.30097087378640774,0.0
sh_mpcc_dro_four_way_intersection_o1_c1_m3_boost_5_s40,four_way_intersection_o1_c1_m3_boost_5_s40,boost_5,sh_mpcc_dro,78,40,5,0,0,6,0.011420183353607921,constant_velocity,0.010296215286126951,1.1091632251508374,0,1,0.2,0.2,0.0
sh_mpcc_dro_four_way_intersection_o1_c1_m3_boost_5_s40,four_way_intersection_o1_c1_m3_boost_5_s40,boost_5,sh_mpcc_dro,78,40,5,0,0,6,0.011420183353607921,turn_left,0.01455717409740336,0.784505514407841,0,0,0.3333333333333333,0.3333333333333333,0.0
sh_mpcc_dro_four_way_intersection_o1_c1_m3_boost_5_s40,four_way_intersection_o1_c1_m3_boost_5_s40,boost_5,sh_mpcc_dro,78,40,5,0,0,6,0.011420183353607921,turn_right,0.011133425447154328,1.025756485083114,0,1,0.4666666666666667,0.4666666666666667,0.0
sh_mpcc_dro_four_way_intersection_o1_c1_m3_boost_5_s40,four_way_intersection_o1_c1_m3_boost_5_s40,boost_5,sh_mpcc_dro,78,40,50,0,0,51,0.004089853429352027,constant_velocity,0.007844735456096857,0.5213500763972136,0,0,0.3904761904761905,0.3904761904761905,0.0
sh_mpcc_dro_four_way_intersection_o1_c1_m3_boost_5_s40,four_way_intersection_o1_c1_m3_boost_5_s40,boost_5,sh_mpcc_dro,78,40,50,0,0,51,0.004089853429352027,turn_left,0.012606691377113587,0.3244192553786809,0,0,0.3142857142857143,0.3142857142857143,0.0
sh_mpcc_dro_four_way_intersection_o1_c1_m3_boost_5_s40,four_way_intersection_o1_c1_m3_boost_5_s40,boost_5,sh_mpcc_dro,78,40,50,0,0,51,0.004089853429352027,turn_right,0.01309579832714917,0.3123027193289368,0,0,0.29523809523809524,0.29523809523809524,0.0
sh_mpcc_dro_four_way_intersection_o1_c1_m3_boost_5_s40,four_way_intersection_o1_c1_m3_boost_5_s40,boost_5,sh_mpcc_dro,78,40,51,0,0,52,0.004073793093055479,constant_velocity,0.00793867066453727,0.5131580922299077,0,0,0.38317757009345793,0.38317757009345793,0.0
sh_mpcc_dro_four_way_intersection_o1_c1_m3_boost_5_s40,four_way_intersection_o1_c1_m3_boost_5_s40,boost_5,sh_mpcc_dro,78,40,51,0,0,52,0.004073793093055479,turn_left,0.01237105228595245,0.32930045067236063,0,0,0.32710280373831774,0.32710280373831774,0.0
sh_mpcc_dro_four_way_intersection_o1_c1_m3_boost_5_s40,four_way_intersection_o1_c1_m3_boost_5_s40,boost_5,sh_mpcc_dro,78,40,51,0,0,52,0.004073793093055479,turn_right,0.013330981814059912,0.3055883767509857,0,0,0.2897196261682243,0.2897196261682243,0.0
sh_mpcc_dro_four_way_intersection_o1_c1_m3_boost_5_s40,four_way_intersection_o1_c1_m3_boost_5_s40,boost_5,sh_mpcc_dro,78,40,52,0,0,53,0.004015359069088904,constant_velocity,0.0077930069826190225,0.515251568238612,0,0,0.3944954128440367,0.3944954128440367,0.0
sh_mpcc_dro_four_way_intersection_o1_c1_m3_boost_5_s40,four_way_intersection_o1_c1_m3_boost_5_s40,boost_5,sh_mpcc_dro,78,40,52,0,0,53,0.004015359069088904,turn_left,0.012380212227635093,0.3243368526531254,0,0,0.3211009174311927,0.3211009174311927,0.0
sh_mpcc_dro_four_way_intersection_o1_c1_m3_boost_5_s40,four_way_intersection_o1_c1_m3_boost_5_s40,boost_5,sh_mpcc_dro,78,40,52,0,0,53,0.004015359069088904,turn_right,0.013322528369905457,0.30139617327888635,0,0,0.28440366972477066,0.28440366972477066,0.0
sh_mpcc_dro_four_way_intersection_o1_c1_m3_boost_5_s40,four_way_intersection_o1_c1_m3_boost_5_s40,boost_5,sh_mpcc_dro,78,40,53,0,0,54,0.003958392407010252,constant_velocity,0.0076525924423916335,0.5172616256267205,0,0,0.40540540540540543,0.40540540540540543,0.0
sh_mpcc_dro_four_way_intersection_o1_c1_m3_boost_5_s40,four_way_intersection_o1_c1_m3_boost_5_s40,boost_5,sh_mpcc_dro,78,40,53,0,0,54,0.003958392407010252,turn_left,0.012389042081329179,0.31950754392671893,0,0,0.3153153153153153,0.3153153153153153,0.0
sh_mpcc_dro_four_way_intersection_o1_c1_m3_boost_5_s40,four_way_intersection_o1_c1_m3_boost_5_s40,boost_5,sh_mpcc_dro,78,40,53,0,0,54,0.003958392407010252,turn_right,0.01331437955436947,0.2973020553339415,0,0,0.27927927927927926,0.27927927927927926,0.0
sh_mpcc_dro_four_way_intersection_o1_c1_m3_boost_5_s40,four_way_intersection_o1_c1_m3_boost_5_s40,boost_5,sh_mpcc_dro,78,40,54,0,0,55,0.003924722030367539,constant_velocity,0.0077449407019539,0.5067465564168111,0,0,0.39823008849557523,0.39823008849557523,0.0
sh_mpcc_dro_four_way_intersection_o1_c1_m3_boost_5_s40,four_way_intersection_o1_c1_m3_boost_5_s40,boost_5,sh_mpcc_dro,78,40,54,0,0,55,0.003924722030367539,turn_left,0.01262424690956883,0.31088761638468176,0,0,0.30973451327433627,0.30973451327433627,0.0
sh_mpcc_dro_four_way_intersection_o1_c1_m3_boost_5_s40,four_way_intersection_o1_c1_m3_boost_5_s40,boost_5,sh_mpcc_dro,78,40,54,0,0,55,0.003924722030367539,turn_right,0.013078726818893913,0.30008441071632214,0,0,0.2920353982300885,0.2920353982300885,0.0
sh_mpcc_dro_four_way_intersection_o1_c1_m3_boost_5_s40,four_way_intersection_o1_c1_m3_boost_5_s40,boost_5,sh_mpcc_dro,78,40,55,0,0,56,0.0038901912044677052,constant_velocity,0.007834076848140204,0.4965730206477652,0,0,0.391304347826087,0.391304347826087,0.0
sh_mpcc_dro_four_way_intersection_o1_c1_m3_boost_5_s40,four_way_intersection_o1_c1_m3_boost_5_s40,boost_5,sh_mpcc_dro,78,40,55,0,0,56,0.0038901912044677052,turn_left,0.01285127070030449,0.3027086811248582,0,0,0.30434782608695654,0.30434782608695654,0.0
sh_mpcc_dro_four_way_intersection_o1_c1_m3_boost_5_s40,four_way_intersection_o1_c1_m3_boost_5_s40,boost_5,sh_mpcc_dro,78,40,55,0,0,56,0.0038901912044677052,turn_right,0.01285127070030476,0.30270868112485183,0,0,0.30434782608695654,0.30434782608695654,0.0
sh_mpcc_dro_four_way_intersection_o1_c1_m3_boost_5_s40,four_way_intersection_o1_c1_m3_boost_5_s40,boost_5,sh_mpcc_dro,78,40,56,0,0,57,0.003877817700349007,constant_velocity,0.007920165604713161,0.4896132093552919,0,0,0.38461538461538464,0.38461538461538464,0.0
sh_mpcc_dro_four_way_intersection_o1_c1_m3_boost_5_s40,four_way_intersection_o1_c1_m3_boost_5_s40,boost_5,sh_mpcc_dro,78,40,56,0,0,57,0.003877817700349007,turn_left,0.012631590859273793,0.3069936117747205,0,0,0.3162393162393162,0.3162393162393162,0.0
sh_mpcc_dro_four_way_intersection_o1_c1_m3_boost_5_s40,four_way_intersection_o1_c1_m3_boost_5_s40,boost_5,sh_mpcc_dro,78,40,56,0,0,57,0.003877817700349007,turn_right,0.013070532993921111,0.29668397625043413,0,0,0.29914529914529914,0.29914529914529914,0.0
sh_mpcc_dro_four_way_intersection_o1_c1_m3_boost_5_s40,four_way_intersection_o1_c1_m3_boost_5_s40,boost_5,sh_mpcc_dro,78,40,57,0,0,58,0.0038633969826091952,constant_velocity,0.008003360621569398,0.4827218421468072,0,0,0.37815126050420167,0.37815126050420167,0.0
sh_mpcc_dro_four_way_intersection_o1_c1_m3_boost_5_s40,four_way_intersection_o1_c1_m3_boost_5_s40,boost_5,sh_mpcc_dro,78,40,57,0,0,58,0.0038633969826091952,turn_left,0.012419295214579974,0.31108021154643734,0,0,0.3277310924369748,0.3277310924369748,0.0
sh_mpcc_dro_four_way_intersection_o1_c1_m3_boost_5_s40,four_way_intersection_o1_c1_m3_boost_5_s40,boost_5,sh_mpcc_dro,78,40,57,0,0,58,0.0038633969826091952,turn_right,0.013282425126407729,0.2908653311305405,0,0,0.29411764705882354,0.29411764705882354,0.0
sh_mpcc_dro_four_way_intersection_o1_c1_m3_boost_5_s40,four_way_intersection_o1_c1_m3_boost_5_s40,boost_5,sh_mpcc_dro,78,40,58,0,0,59,0.0038136361172089995,constant_velocity,0.007871073669146616,0.48451282220338754,0,0,0.3884297520661157,0.3884297520661157,0.0
sh_mpcc_dro_four_way_intersection_o1_c1_m3_boost_5_s40,four_way_intersection_o1_c1_m3_boost_5_s40,boost_5,sh_mpcc_dro,78,40,58,0,0,59,0.0038136361172089995,turn_left,0.0124267493285151,0.3068892770258125,0,0,0.32231404958677684,0.32231404958677684,0.0
sh_mpcc_dro_four_way_intersection_o1_c1_m3_boost_5_s40,four_way_intersection_o1_c1_m3_boost_5_s40,boost_5,sh_mpcc_dro,78,40,58,0,0,59,0.0038136361172089995,turn_right,0.013275612630229746,0.28726629975064294,0,0,0.2892561983471074,0.2892561983471074,0.0
sh_mpcc_dro_four_way_intersection_o1_c1_m3_boost_5_s40,four_way_intersection_o1_c1_m3_boost_5_s40,boost_5,sh_mpcc_dro,78,40,59,0,0,60,0.0037985093421634233,constant_velocity,0.007952361399854118,0.47765803780410493,0,0,0.3821138211382114,0.3821138211382114,0.0
sh_mpcc_dro_four_way_intersection_o1_c1_m3_boost_5_s40,four_way_intersection_o1_c1_m3_boost_5_s40,boost_5,sh_mpcc_dro,78,40,59,0,0,60,0.0037985093421634233,turn_left,0.012224688363823781,0.3107244315040585,0,0,0.3333333333333333,0.3333333333333333,0.0
sh_mpcc_dro_four_way_intersection_o1_c1_m3_boost_5_s40,four_way_intersection_o1_c1_m3_boost_5_s40,boost_5,sh_mpcc_dro,78,40,59,0,0,60,0.0037985093421634233,turn_right,0.013477279333427109,0.28184541168796184,0,0,0.2845528455284553,0.2845528455284553,0.0
sh_mpcc_dro_four_way_intersection_o1_c1_m3_boost_5_s40,four_way_intersection_o1_c1_m3_boost_5_s40,boost_5,sh_mpcc_dro,78,40,6,0,0,7,0.010253813534971843,constant_velocity,0.010599045147483827,0.967428045856193,0,0,0.17647058823529413,0.0,0.17478859817857942
sh_mpcc_dro_four_way_intersection_o1_c1_m3_boost_5_s40,four_way_intersection_o1_c1_m3_boost_5_s40,boost_5,sh_mpcc_dro,78,40,6,0,0,7,0.010253813534971843,turn_left,0.012844565380062001,0.7982997658206749,0,0,0.4117647058823529,0.8991066183201782,0.1997629468582856
sh_mpcc_dro_four_way_intersection_o1_c1_m3_boost_5_s40,four_way_intersection_o1_c1_m3_boost_5_s40,boost_5,sh_mpcc_dro,78,40,6,0,0,7,0.010253813534971843,turn_right,0.012844565380061885,0.7982997658206821,0,0,0.4117647058823529,0.1008933816798218,0.1522056301581161
sh_mpcc_dro_four_way_intersection_o1_c1_m3_boost_5_s40,four_way_intersection_o1_c1_m3_boost_5_s40,boost_5,sh_mpcc_dro,78,40,7,0,0,8,0.010275047545087722,constant_velocity,0.010838121353818026,0.9480469178791815,0,0,0.15789473684210525,0.0,0.058387260347774556
sh_mpcc_dro_four_way_intersection_o1_c1_m3_boost_5_s40,four_way_intersection_o1_c1_m3_boost_5_s40,boost_5,sh_mpcc_dro,78,40,7,0,0,8,0.010275047545087722,turn_left,0.014195465327094193,0.7238260464400726,0,0,0.3684210526315789,0.8473245485190135,0.08699582857594274
sh_mpcc_dro_four_way_intersection_o1_c1_m3_boost_5_s40,four_way_intersection_o1_c1_m3_boost_5_s40,boost_5,sh_mpcc_dro,78,40,7,0,0,8,0.010275047545087722,turn_right,0.011492505866371235,0.89406502503114,0,0,0.47368421052631576,0.15267545148098638,0.03131237835995565
sh_mpcc_dro_four_way_intersection_o1_c1_m3_boost_5_s40,four_way_intersection_o1_c1_m3_boost_5_s40,boost_5,sh_mpcc_dro,78,40,8,0,0,9,0.010081722623028675,constant_velocity,0.011031659235136167,0.9138899605345029,0,0,0.14285714285714285,0.0,0.04940871948723227
sh_mpcc_dro_four_way_intersection_o1_c1_m3_boost_5_s40,four_way_intersection_o1_c1_m3_boost_5_s40,boost_5,sh_mpcc_dro,78,40,8,0,0,9,0.010081722623028675,turn_left,0.015289050998501247,0.6594080053769829,0,0,0.3333333333333333,0.7972075286506504,0.07927759622983183
sh_mpcc_dro_four_way_intersection_o1_c1_m3_boost_5_s40,four_way_intersection_o1_c1_m3_boost_5_s40,boost_5,sh_mpcc_dro,78,40,8,0,0,9,0.010081722623028675,turn_right,0.010397981498145336,0.96958458955009,0,0,0.5238095238095238,0.2027924713493497,0.02046818969623182
sh_mpcc_dro_four_way_intersection_o1_c1_m3_boost_5_s40,four_way_intersection_o1_c1_m3_boost_5_s40,boost_5,sh_mpcc_dro,78,40,9,0,0,10,0.009400789390423282,constant_velocity,0.011191538354485817,0.8399908120455342,0,0,0.13043478260869565,0.13043478260869565,0.0
sh_mpcc_dro_four_way_intersection_o1_c1_m3_boost_5_s40,four_way_intersection_o1_c1_m3_boost_5_s40,boost_5,sh_mpcc_dro,78,40,9,0,0,10,0.009400789390423282,turn_left,0.013959568302979196,0.6734298071679625,0,0,0.391304347826087,0.391304347826087,0.0
sh_mpcc_dro_four_way_intersection_o1_c1_m3_boost_5_s40,four_way_intersection_o1_c1_m3_boost_5_s40,boost_5,sh_mpcc_dro,78,40,9,0,0,10,0.009400789390423282,turn_right,0.011726688748468958,0.8016576198162209,0,0,0.4782608695652174,0.4782608695652174,0.0
sh_mpcc_dro_straight_o1_c1_m3_boost_0_s40,straight_o1_c1_m3_boost_0_s40,boost_0,sh_mpcc_dro,77,40,0,0,0,1,0.011963274961003129,constant_velocity,0.00483024894963133,2.4767408648608535,0,1,0.6,0.6,0.0
sh_mpcc_dro_straight_o1_c1_m3_boost_0_s40,straight_o1_c1_m3_boost_0_s40,boost_0,sh_mpcc_dro,77,40,0,0,0,1,0.011963274961003129,turn_left,0.012063905147453782,0.9916585728070075,0,0,0.2,0.2,0.0
sh_mpcc_dro_straight_o1_c1_m3_boost_0_s40,straight_o1_c1_m3_boost_0_s40,boost_0,sh_mpcc_dro,77,40,0,0,0,1,0.011963274961003129,turn_right,0.012063905147453782,0.9916585728070075,0,0,0.2,0.2,0.0
sh_mpcc_dro_straight_o1_c1_m3_boost_0_s40,straight_o1_c1_m3_boost_0_s40,boost_0,sh_mpcc_dro,77,40,1,0,0,2,0.014348167654968179,constant_velocity,0.0069003556423304704,2.079337413705005,0,1,0.42857142857142855,0.42857142857142855,0.0
sh_mpcc_dro_straight_o1_c1_m3_boost_0_s40,straight_o1_c1_m3_boost_0_s40,boost_0,sh_mpcc_dro,77,40,1,0,0,2,0.014348167654968179,turn_left,0.015500691852476682,0.9256469189583719,0,0,0.14285714285714285,0.14285714285714285,0.0
sh_mpcc_dro_straight_o1_c1_m3_boost_0_s40,straight_o1_c1_m3_boost_0_s40,boost_0,sh_mpcc_dro,77,40,1,0,0,2,0.014348167654968179,turn_right,0.00861707510532413,1.665085598024212,0,1,0.42857142857142855,0.42857142857142855,0.0
sh_mpcc_dro_straight_o1_c1_m3_boost_0_s40,straight_o1_c1_m3_boost_0_s40,boost_0,sh_mpcc_dro,77,40,10,0,0,11,0.008243074948063197,constant_velocity,0.01062654768918877,0.775705825557018,0,0,0.12,0.0,0.015310986722195635
sh_mpcc_dro_straight_o1_c1_m3_boost_0_s40,straight_o1_c1_m3_boost_0_s40,boost_0,sh_mpcc_dro,77,40,10,0,0,11,0.008243074948063197,turn_left,0.012049844475504322,0.6840814389613273,0,0,0.44,0.1580053736811625,0.0014890439708320213
sh_mpcc_dro_straight_o1_c1_m3_boost_0_s40,straight_o1_c1_m3_boost_0_s40,boost_0,sh_mpcc_dro,77,40,10,0,0,11,0.008243074948063197,turn_right,0.012049844475504315,0.6840814389613277,0,0,0.44,0.8419946263188376,0.03760395335540331
sh_mpcc_dro_straight_o1_c1_m3_boost_0_s40,straight_o1_c1_m3_boost_0_s40,boost_0,sh_mpcc_dro,77,40,11,0,0,12,0.008170822464840246,constant_velocity,0.010733886554736286,0.7612175164302348,0,0,0.1111111111111111,0.0,0.0
sh_mpcc_dro_straight_o1_c1_m3_boost_0_s40,straight_o1_c1_m3_boost_0_s40,boost_0,sh_mpcc_dro,77,40,11,0,0,12,0.008170822464840246,turn_left,0.011157263403244749,0.7323321292624508,0,0,0.48148148148148145,0.19803054505237244,0.0
sh_mpcc_dro_straight_o1_c1_m3_boost_0_s40,straight_o1_c1_m3_boost_0_s40,boost_0,sh_mpcc_dro,77,40,11,0,0,12,0.008170822464840246,turn_right,0.012941904782136152,0.6313462046265801,0,0,0.4074074074074074,0.8019694549476275,0.013611588459764068
sh_mpcc_dro_straight_o1_c1_m3_boost_0_s40,straight_o1_c1_m3_boost_0_s40,boost_0,sh_mpcc_dro,77,40,12,0,0,13,0.007839088380838488,constant_velocity,0.00999361851647847,0.784409407654757,0,0,0.1724137931034483,0.0,0.011709743355623692
sh_mpcc_dro_straight_o1_c1_m3_boost_0_s40,straight_o1_c1_m3_boost_0_s40,boost_0,sh_mpcc_dro,77,40,12,0,0,13,0.007839088380838488,turn_left,0.011220598504681531,0.6986337117015472,0,0,0.4482758620689655,0.20931989563833014,0.0
sh_mpcc_dro_straight_o1_c1_m3_boost_0_s40,straight_o1_c1_m3_boost_0_s40,boost_0,sh_mpcc_dro,77,40,12,0,0,13,0.007839088380838488,turn_right,0.012882161167787311,0.6085227687137343,0,0,0.3793103448275862,0.7906801043616698,0.0332031177648526
sh_mpcc_dro_straight_o1_c1_m3_boost_0_s40,straight_o1_c1_m3_boost_0_s40,boost_0,sh_mpcc_dro,77,40,13,0,0,14,0.007714708064179137,constant_velocity,0.010127941346001031,0.7617251917859152,0,0,0.16129032258064516,0.16129032258064516,0.0
sh_mpcc_dro_straight_o1_c1_m3_boost_0_s40,straight_o1_c1_m3_boost_0_s40,boost_0,sh_mpcc_dro,77,40,13,0,0,14,0.007714708064179137,turn_left,0.010496688923734336,0.7349658659251309,0,0,0.4838709677419355,0.4838709677419355,0.0
sh_mpcc_dro_straight_o1_c1_m3_boost_0_s40,straight_o1_c1_m3_boost_0_s40,boost_0,sh_mpcc_dro,77,40,13,0,0,14,0.007714708064179137,turn_right,0.013605419067609677,0.5670320058384299,0,0,0.3548387096774194,0.3548387096774194,0.0
sh_mpcc_dro_straight_o1_c1_m3_boost_0_s40,straight_o1_c1_m3_boost_0_s40,boost_0,sh_mpcc_dro,77,40,14,0,0,15,0.007556072241342439,constant_velocity,0.010245982620430132,0.737466821998692,0,0,0.15151515151515152,0.15151515151515152,0.0
sh_mpcc_dro_straight_o1_c1_m3_boost_0_s40,straight_o1_c1_m3_boost_0_s40,boost_0,sh_mpcc_dro,77,40,14,0,0,15,0.007556072241342439,turn_left,0.009860525958659584,0.7662950508949923,0,0,0.5151515151515151,0.5151515151515151,0.0
sh_mpcc_dro_straight_o1_c1_m3_boost_0_s40,straight_o1_c1_m3_boost_0_s40,boost_0,sh_mpcc_dro,77,40,14,0,0,15,0.007556072241342439,turn_right,0.014241009343211163,0.5305854423123805,0,0,0.3333333333333333,0.3333333333333333,0.0
sh_mpcc_dro_straight_o1_c1_m3_boost_0_s40,straight_o1_c1_m3_boost_0_s40,boost_0,sh_mpcc_dro,77,40,15,0,0,16,0.00726030561278602,constant_velocity,0.010350533463495584,0.7014426491534734,0,0,0.14285714285714285,0.14285714285714285,0.0
sh_mpcc_dro_straight_o1_c1_m3_boost_0_s40,straight_o1_c1_m3_boost_0_s40,boost_0,sh_mpcc_dro,77,40,15,0,0,16,0.00726030561278602,turn_left,0.010673790681880943,0.680199362079546,0,0,0.4857142857142857,0.4857142857142857,0.0
sh_mpcc_dro_straight_o1_c1_m3_boost_0_s40,straight_o1_c1_m3_boost_0_s40,boost_0,sh_mpcc_dro,77,40,15,0,0,16,0.00726030561278602,turn_right,0.013427237380741992,0.5407147730328437,0,0,0.37142857142857144,0.37142857142857144,0.0
sh_mpcc_dro_straight_o1_c1_m3_boost_0_s40,straight_o1_c1_m3_boost_0_s40,boost_0,sh_mpcc_dro,77,40,16,0,0,17,0.0070101805526874336,constant_velocity,0.009791045168171641,0.7159787777790938,0,0,0.1891891891891892,0.0,0.14772749101396068
sh_mpcc_dro_straight_o1_c1_m3_boost_0_s40,straight_o1_c1_m3_boost_0_s40,boost_0,sh_mpcc_dro,77,40,16,0,0,17,0.0070101805526874336,turn_left,0.010749565367945711,0.6521361853002164,0,0,0.4594594594594595,0.26331658364450283,0.13248286280513538
sh_mpcc_dro_straight_o1_c1_m3_boost_0_s40,straight_o1_c1_m3_boost_0_s40,boost_0,sh_mpcc_dro,77,40,16,0,0,17,0.0070101805526874336,turn_right,0.013354177110111477,0.5249429069934594,0,0,0.35135135135135137,0.7366834163554973,0.16588282732436727
sh_mpcc_dro_straight_o1_c1_m3_boost_0_s40,straight_o1_c1_m3_boost_0_s40,boost_0,sh_mpcc_dro,77,40,17,0,0,18,0.006889491604018835,constant_velocity,0.009908202973602762,0.6953321023371929,0,0,0.1794871794871795,0.0,0.14357163527925368
sh_mpcc_dro_straight_o1_c1_m3_boost_0_s40,straight_o1_c1_m3_boost_0_s40,boost_0,sh_mpcc_dro,77,40,17,0,0,18,0.006889491604018835,turn_left,0.010198305605486955,0.675552574175862,0,0,0.48717948717948717,0.2911831764777423,0.12625474309716817
sh_mpcc_dro_straight_o1_c1_m3_boost_0_s40,straight_o1_c1_m3_boost_0_s40,boost_0,sh_mpcc_dro,77,40,17,0,0,18,0.006889491604018835,turn_right,0.013904868469338274,0.4954733386519191,0,0,0.3333333333333333,0.7088168235222576,0.16361082470025595
sh_mpcc_dro_straight_o1_c1_m3_boost_0_s40,straight_o1_c1_m3_boost_0_s40,boost_0,sh_mpcc_dro,77,40,18,0,0,19,0.006665233303213962,constant_velocity,0.010013930749235567,0.6655961050781948,0,0,0.17073170731707318,0.0,0.13479895395772376
sh_mpcc_dro_straight_o1_c1_m3_boost_0_s40,straight_o1_c1_m3_boost_0_s40,boost_0,sh_mpcc_dro,77,40,18,0,0,19,0.006665233303213962,turn_left,0.010876078923025787,0.6128342163004143,0,0,0.4634146341463415,0.27233810116883583,0.11514678320294142
sh_mpcc_dro_straight_o1_c1_m3_boost_0_s40,straight_o1_c1_m3_boost_0_s40,boost_0,sh_mpcc_dro,77,40,18,0,0,19,0.006665233303213962,turn_right,0.013226582202541325,0.503927106878247,0,0,0.36585365853658536,0.7276618988311642,0.1569110976319646
sh_mpcc_dro_straight_o1_c1_m3_boost_0_s40,straight_o1_c1_m3_boost_0_s40,boost_0,sh_mpcc_dro,77,40,19,0,0,20,0.006461618653721695,constant_velocity,0.009548166528341024,0.6767392079455478,0,0,0.20930232558139536,0.0,0.04048308072037701
sh_mpcc_dro_straight_o1_c1_m3_boost_0_s40,straight_o1_c1_m3_boost_0_s40,boost_0,sh_mpcc_dro,77,40,19,0,0,20,0.006461618653721695,turn_left,0.010931871641679448,0.5910807284898751,0,0,0.4418604651162791,0.2785674524667966,0.016401837628838012
sh_mpcc_dro_straight_o1_c1_m3_boost_0_s40,straight_o1_c1_m3_boost_0_s40,boost_0,sh_mpcc_dro,77,40,19,0,0,20,0.006461618653721695,turn_right,0.01317304918726393,0.4905180692689562,0,0,0.3488372093023256,0.7214325475332035,0.06630661217253825
sh_mpcc_dro_straight_o1_c1_m3_boost_0_s40,straight_o1_c1_m3_boost_0_s40,boost_0,sh_mpcc_dro,77,40,2,0,0,3,0.014316806967732892,constant_velocity,0.00805041491605211,1.7783936749875986,0,1,0.3333333333333333,0.3333333333333333,0.0
sh_mpcc_dro_straight_o1_c1_m3_boost_0_s40,straight_o1_c1_m3_boost_0_s40,boost_0,sh_mpcc_dro,77,40,2,0,0,3,0.014316806967732892,turn_left,0.017410017799711575,0.8223315525829085,0,0,0.1111111111111111,0.1111111111111111,0.0
sh_mpcc_dro_straight_o1_c1_m3_boost_0_s40,straight_o1_c1_m3_boost_0_s40,boost_0,sh_mpcc_dro,77,40,2,0,0,3,0.014316806967732892,turn_right,0.006702169526363164,2.1361451558957656,0,1,0.5555555555555556,0.5555555555555556,0.0
sh_mpcc_dro_straight_o1_c1_m3_boost_0_s40,straight_o1_c1_m3_boost_0_s40,boost_0,sh_mpcc_dro,77,40,20,0,0,21,0.006366071576492236,constant_velocity,0.00966049789926269,0.6589796553838192,0,0,0.2,0.2,0.0
sh_mpcc_dro_straight_o1_c1_m3_boost_0_s40,straight_o1_c1_m3_boost_0_s40,boost_0,sh_mpcc_dro,77,40,20,0,0,21,0.006366071576492236,turn_left,0.010446010679827027,0.6094261026160133,0,0,0.4666666666666667,0.4666666666666667,0.0
sh_mpcc_dro_straight_o1_c1_m3_boost_0_s40,straight_o1_c1_m3_boost_0_s40,boost_0,sh_mpcc_dro,77,40,20,0,0,21,0.006366071576492236,turn_right,0.013658365161831488,0.46609323305268785,0,0,0.3333333333333333,0.3333333333333333,0.0
sh_mpcc_dro_straight_o1_c1_m3_boost_0_s40,straight_o1_c1_m3_boost_0_s40,boost_0,sh_mpcc_dro,77,40,21,0,0,22,0.006180293248510966,constant_velocity,0.00924941288227265,0.6681822216365827,0,0,0.23404255319148937,0.0,0.0
sh_mpcc_dro_straight_o1_c1_m3_boost_0_s40,straight_o1_c1_m3_boost_0_s40,boost_0,sh_mpcc_dro,77,40,21,0,0,22,0.006180293248510966,turn_left,0.010515355858305741,0.5877398094548889,0,0,0.44680851063829785,0.30759250254642045,0.0
sh_mpcc_dro_straight_o1_c1_m3_boost_0_s40,straight_o1_c1_m3_boost_0_s40,boost_0,sh_mpcc_dro,77,40,21,0,0,22,0.006180293248510966,turn_right,0.013591014404905859,0.4547337722105648,0,0,0.3191489361702128,0.6924074974535795,0.003604142845326369
sh_mpcc_dro_straight_o1_c1_m3_boost_0_s40,straight_o1_c1_m3_boost_0_s40,boost_0,sh_mpcc_dro,77,40,22,0,0,23,0.0060852797653556554,constant_velocity,0.009364768371734097,0.6498056891319384,0,0,0.22448979591836735,0.0,0.005126081299040047
sh_mpcc_dro_straight_o1_c1_m3_boost_0_s40,straight_o1_c1_m3_boost_0_s40,boost_0,sh_mpcc_dro,77,40,22,0,0,23,0.0060852797653556554,turn_left,0.010086157660007547,0.6033298279169574,0,0,0.46938775510204084,0.32932742315901953,0.0
sh_mpcc_dro_straight_o1_c1_m3_boost_0_s40,straight_o1_c1_m3_boost_0_s40,boost_0,sh_mpcc_dro,77,40,22,0,0,23,0.0060852797653556554,turn_right,0.014019652944094763,0.43405352397962493,0,0,0.30612244897959184,0.6706725768409805,0.026113290335333827
sh_mpcc_dro_straight_o1_c1_m3_boost_0_s40,straight_o1_c1_m3_boost_0_s40,boost_0,sh_mpcc_dro,77,40,23,0,0,24,0.005984004124696536,constant_velocity,0.009471076371826112,0.6318188017675931,0,0,0.21568627450980393,0.0,0.01806806674781805
sh_mpcc_dro_straight_o1_c1_m3_boost_0_s40,straight_o1_c1_m3_boost_0_s40,boost_0,sh_mpcc_dro,77,40,23,0,0,24,0.005984004124696536,turn_left,0.009690622065497515,0.6175046435875341,0,0,0.49019607843137253,0.3499268712656872,0.004783309050896509
sh_mpcc_dro_straight_o1_c1_m3_boost_0_s40,straight_o1_c1_m3_boost_0_s40,boost_0,sh_mpcc_dro,77,40,23,0,0,24,0.005984004124696536,turn_right,0.014414672774327737,0.4151328454263586,0,0,0.29411764705882354,0.6500731287343127,0.03478538034657595
sh_mpcc_dro_straight_o1_c1_m3_boost_0_s40,straight_o1_c1_m3_boost_0_s40,boost_0,sh_mpcc_dro,77,40,24,0,0,25,0.005878949139048977,constant_velocity,0.00956936112662805,0.61435126768181,0,0,0.20754716981132076,0.20754716981132076,0.0
sh_mpcc_dro_straight_o1_c1_m3_boost_0_s40,straight_o1_c1_m3_boost_0_s40,boost_0,sh_mpcc_dro,77,40,24,0,0,25,0.005878949139048977,turn_left,0.009324938213969292,0.6304544871130593,0,0,0.5094339622641509,0.5094339622641509,0.0
sh_mpcc_dro_straight_o1_c1_m3_boost_0_s40,straight_o1_c1_m3_boost_0_s40,boost_0,sh_mpcc_dro,77,40,24,0,0,25,0.005878949139048977,turn_right,0.014779879787184577,0.3977670470734498,0,0,0.2830188679245283,0.2830188679245283,0.0
sh_mpcc_dro_straight_o1_c1_m3_boost_0_s40,straight_o1_c1_m3_boost_0_s40,boost_0,sh_mpcc_dro,77,40,25,0,0,26,0.005729249181080977,constant_velocity,0.009221384358387184,0.6213003339211229,0,0,0.23636363636363636,0.0,0.008549029228071395
sh_mpcc_dro_straight_o1_c1_m3_boost_0_s40,straight_o1_c1_m3_boost_0_s40,boost_0,sh_mpcc_dro,77,40,25,0,0,26,0.005729249181080977,turn_left,0.00942496309251882,0.6078802776032767,0,0,0.4909090909090909,0.3715776708558578,0.0006793337045138265
sh_mpcc_dro_straight_o1_c1_m3_boost_0_s40,straight_o1_c1_m3_boost_0_s40,boost_0,sh_mpcc_dro,77,40,25,0,0,26,0.005729249181080977,turn_right,0.014681543153980695,0.3902348084933818,0,0,0.2727272727272727,0.6284223291441422,0.01650184094100031
sh_mpcc_dro_straight_o1_c1_m3_boost_0_s40,straight_o1_c1_m3_boost_0_s40,boost_0,sh_mpcc_dro,77,40,26,0,0,27,0.005631262019900439,constant_velocity,0.009321533060692149,0.6041132915836381,0,0,0.22807017543859648,0.0,0.0
sh_mpcc_dro_straight_o1_c1_m3_boost_0_s40,straight_o1_c1_m3_boost_0_s40,boost_0,sh_mpcc_dro,77,40,26,0,0,27,0.005631262019900439,turn_left,0.009094262633132195,0.6192104018840009,0,0,0.5087719298245614,0.3893507919382343,0.0
sh_mpcc_dro_straight_o1_c1_m3_boost_0_s40,straight_o1_c1_m3_boost_0_s40,boost_0,sh_mpcc_dro,77,40,26,0,0,27,0.005631262019900439,turn_right,0.01501175773156152,0.3751234279554734,0,0,0.2631578947368421,0.6106492080617656,0.002992967803185892
sh_mpcc_dro_straight_o1_c1_m3_boost_0_s40,straight_o1_c1_m3_boost_0_s40,boost_0,sh_mpcc_dro,77,40,27,0,0,28,0.0055322472482445244,constant_velocity,0.009414892020467849,0.5876060220571296,0,0,0.22033898305084745,0.22033898305084745,0.0
sh_mpcc_dro_straight_o1_c1_m3_boost_0_s40,straight_o1_c1_m3_boost_0_s40,boost_0,sh_mpcc_dro,77,40,27,0,0,28,0.0055322472482445244,turn_left,0.00878598254387337,0.6296674527429222,0,0,0.5254237288135594,0.5254237288135594,0.0
sh_mpcc_dro_straight_o1_c1_m3_boost_0_s40,straight_o1_c1_m3_boost_0_s40,boost_0,sh_mpcc_dro,77,40,27,0,0,28,0.0055322472482445244,turn_right,0.01531958488015367,0.3611225298546752,0,0,0.2542372881355932,0.2542372881355932,0.0
sh_mpcc_dro_straight_o1_c1_m3_boost_0_s40,straight_o1_c1_m3_boost_0_s40,boost_0,sh_mpcc_dro,77,40,28,0,0,29,0.005433152940930116,constant_velocity,0.009502129081241886,0.5717826914870774,0,0,0.21311475409836064,0.21311475409836064,0.0
sh_mpcc_dro_straight_o1_c1_m3_boost_0_s40,straight_o1_c1_m3_boost_0_s40,boost_0,sh_mpcc_dro,77,40,28,0,0,29,0.005433152940930116,turn_left,0.008497917542434863,0.6393511014668405,0,0,0.5409836065573771,0.5409836065573771,0.0
sh_mpcc_dro_straight_o1_c1_m3_boost_0_s40,straight_o1_c1_m3_boost_0_s40,boost_0,sh_mpcc_dro,77,40,28,0,0,29,0.005433152940930116,turn_right,0.015607226641953072,0.34811777041319475,0,0,0.2459016393442623,0.2459016393442623,0.0
sh_mpcc_dro_straight_o1_c1_m3_boost_0_s40,straight_o1_c1_m3_boost_0_s40,boost_0,sh_mpcc_dro,77,40,29,0,0,30,0.005312637887996958,constant_velocity,0.009200474189774162,0.5774308778455868,0,0,0.23809523809523808,0.23809523809523808,0.0
sh_mpcc_dro_straight_o1_c1_m3_boost_0_s40,straight_o1_c1_m3_boost_0_s40,boost_0,sh_mpcc_dro,77,40,29,0,0,30,0.005312637887996958,turn_left,0.008611495473598334,0.6169239598725655,0,0,0.5238095238095238,0.5238095238095238,0.0
sh_mpcc_dro_straight_o1_c1_m3_boost_0_s40,straight_o1_c1_m3_boost_0_s40,boost_0,sh_mpcc_dro,77,40,29,0,0,30,0.005312637887996958,turn_right,0.015495112220750642,0.3428589488291937,0,0,0.23809523809523808,0.23809523809523808,0.0
sh_mpcc_dro_straight_o1_c1_m3_boost_0_s40,straight_o1_c1_m3_boost_0_s40,boost_0,sh_mpcc_dro,77,40,3,0,0,4,0.012188093694919973,constant_velocity,0.008782270817511543,1.3878066331793524,0,1,0.2727272727272727,0.0,0.058843981110621696
sh_mpcc_dro_straight_o1_c1_m3_boost_0_s40,straight_o1_c1_m3_boost_0_s40,boost_0,sh_mpcc_dro,77,40,3,0,0,4,0.012188093694919973,turn_left,0.014244560017945848,0.8556314606814771,0,0,0.2727272727272727,0.0,0.055031128072027535
sh_mpcc_dro_straight_o1_c1_m3_boost_0_s40,straight_o1_c1_m3_boost_0_s40,boost_0,sh_mpcc_dro,77,40,3,0,0,4,0.012188093694919973,turn_right,0.009864076633394312,1.23560411662434,0,1,0.45454545454545453,1.0,0.06619606983110887
sh_mpcc_dro_straight_o1_c1_m3_boost_0_s40,straight_o1_c1_m3_boost_0_s40,boost_0,sh_mpcc_dro,77,40,30,0,0,31,0.005247718059665175,constant_velocity,0.009288940287752755,0.5649425980899205,0,0,0.23076923076923078,0.0,0.10583595602941234
sh_mpcc_dro_straight_o1_c1_m3_boost_0_s40,straight_o1_c1_m3_boost_0_s40,boost_0,sh_mpcc_dro,77,40,30,0,0,31,0.005247718059665175,turn_left,0.0090878389548733,0.5774439980421437,0,0,0.5076923076923077,0.40554351570287483,0.08423734032111191
sh_mpcc_dro_straight_o1_c1_m3_boost_0_s40,straight_o1_c1_m3_boost_0_s40,boost_0,sh_mpcc_dro,77,40,30,0,0,31,0.005247718059665175,turn_right,0.015018339537035253,0.3494206564397011,0,0,0.26153846153846155,0.5944564842971252,0.12962648415787942
sh_mpcc_dro_straight_o1_c1_m3_boost_0_s40,straight_o1_c1_m3_boost_0_s40,boost_0,sh_mpcc_dro,77,40,31,0,0,32,0.005176979894411844,constant_velocity,0.009372124827642799,0.5523805956086392,0,0,0.22388059701492538,0.0,0.032352411395091624
sh_mpcc_dro_straight_o1_c1_m3_boost_0_s40,straight_o1_c1_m3_boost_0_s40,boost_0,sh_mpcc_dro,77,40,31,0,0,32,0.005176979894411844,turn_left,0.009535744019355506,0.542902565746699,0,0,0.4925373134328358,0.3898719169940651,0.0066654160106999205
sh_mpcc_dro_straight_o1_c1_m3_boost_0_s40,straight_o1_c1_m3_boost_0_s40,boost_0,sh_mpcc_dro,77,40,31,0,0,32,0.005176979894411844,turn_right,0.014570030894138714,0.35531701559359485,0,0,0.2835820895522388,0.6101280830059348,0.059381038674847286
sh_mpcc_dro_straight_o1_c1_m3_boost_0_s40,straight_o1_c1_m3_boost_0_s40,boost_0,sh_mpcc_dro,77,40,32,0,0,33,0.005101960995478718,constant_velocity,0.009450487075365645,0.5398622266547378,0,0,0.21739130434782608,0.0,0.044001812782979904
sh_mpcc_dro_straight_o1_c1_m3_boost_0_s40,straight_o1_c1_m3_boost_0_s40,boost_0,sh_mpcc_dro,77,40,32,0,0,33,0.005101960995478718,turn_left,0.009259345641982922,0.5510066469865699,0,0,0.5072463768115942,0.4044422099347781,0.016041711246990886
sh_mpcc_dro_straight_o1_c1_m3_boost_0_s40,straight_o1_c1_m3_boost_0_s40,boost_0,sh_mpcc_dro,77,40,32,0,0,33,0.005101960995478718,turn_right,0.0148460490889472,0.34365782875371864,0,0,0.2753623188405797,0.595557790065222,0.07243896843081604
sh_mpcc_dro_straight_o1_c1_m3_boost_0_s40,straight_o1_c1_m3_boost_0_s40,boost_0,sh_mpcc_dro,77,40,33,0,0,34,0.005026478555346467,constant_velocity,0.009524434548568748,0.5277456136334943,0,0,0.2112676056338028,0.6275176670912063,0.04661782402236794
sh_mpcc_dro_straight_o1_c1_m3_boost_0_s40,straight_o1_c1_m3_boost_0_s40,boost_0,sh_mpcc_dro,77,40,33,0,0,34,0.005026478555346467,turn_left,0.008998519004180555,0.5585895360126764,0,0,0.5211267605633803,0.10487669910597691,0.017739869422345955
sh_mpcc_dro_straight_o1_c1_m3_boost_0_s40,straight_o1_c1_m3_boost_0_s40,boost_0,sh_mpcc_dro,77,40,33,0,0,34,0.005026478555346467,turn_right,0.015106516962921555,0.33273577011059474,0,0,0.2676056338028169,0.26760563380281693,0.07531031548094208
sh_mpcc_dro_straight_o1_c1_m3_boost_0_s40,straight_o1_c1_m3_boost_0_s40,boost_0,sh_mpcc_dro,77,40,34,0,0,35,0.0049304440217673925,constant_velocity,0.009263491136279453,0.5322446957883779,0,0,0.2328767123287671,0.6411740132075083,0.06239264285407961
sh_mpcc_dro_straight_o1_c1_m3_boost_0_s40,straight_o1_c1_m3_boost_0_s40,boost_0,sh_mpcc_dro,77,40,34,0,0,35,0.0049304440217673925,turn_left,0.009082823206095754,0.5428316625670336,0,0,0.5068493150684932,0.09855201418975201,0.03316073849711226
sh_mpcc_dro_straight_o1_c1_m3_boost_0_s40,straight_o1_c1_m3_boost_0_s40,boost_0,sh_mpcc_dro,77,40,34,0,0,35,0.0049304440217673925,turn_right,0.015023478755007967,0.32818258022456115,0,0,0.2602739726027397,0.2602739726027397,0.09071550200721107
sh_mpcc_dro_straight_o1_c1_m3_boost_0_s40,straight_o1_c1_m3_boost_0_s40,boost_0,sh_mpcc_dro,77,40,35,0,0,36,0.004859774666076666,constant_velocity,0.009338481302620726,0.5204031050223158,0,0,0.22666666666666666,0.6291117345505781,0.05241359004687138
sh_mpcc_dro_straight_o1_c1_m3_boost_0_s40,straight_o1_c1_m3_boost_0_s40,boost_0,sh_mpcc_dro,77,40,35,0,0,36,0.004859774666076666,turn_left,0.008840614587266492,0.5497100476562345,0,0,0.52,0.11755493211608858,0.029715486968790755
sh_mpcc_dro_straight_o1_c1_m3_boost_0_s40,straight_o1_c1_m3_boost_0_s40,boost_0,sh_mpcc_dro,77,40,35,0,0,36,0.004859774666076666,turn_right,0.015265323551275285,0.31835385930425786,0,0,0.25333333333333335,0.25333333333333335,0.07442379246702743
sh_mpcc_dro_straight_o1_c1_m3_boost_0_s40,straight_o1_c1_m3_boost_0_s40,boost_0,sh_mpcc_dro,77,40,36,0,0,37,0.00480935484752004,constant_velocity,0.009409575875905135,0.5111128185740268,0,0,0.22077922077922077,0.0,0.013704886389675375
sh_mpcc_dro_straight_o1_c1_m3_boost_0_s40,straight_o1_c1_m3_boost_0_s40,boost_0,sh_mpcc_dro,77,40,36,0,0,37,0.00480935484752004,turn_left,0.009236771575000545,0.5206748709188206,0,0,0.5064935064935064,0.41753245061361904,0.0
sh_mpcc_dro_straight_o1_c1_m3_boost_0_s40,straight_o1_c1_m3_boost_0_s40,boost_0,sh_mpcc_dro,77,40,36,0,0,37,0.00480935484752004,turn_right,0.014868821640852344,0.3234523194700416,0,0,0.2727272727272727,0.5824675493863811,0.03489044407172945
sh_mpcc_dro_straight_o1_c1_m3_boost_0_s40,straight_o1_c1_m3_boost_0_s40,boost_0,sh_mpcc_dro,77,40,37,0,0,38,0.004723720737561966,constant_velocity,0.00917135876512291,0.5150513526442186,0,0,0.24050632911392406,0.24050632911392406,0.0
sh_mpcc_dro_straight_o1_c1_m3_boost_0_s40,straight_o1_c1_m3_boost_0_s40,boost_0,sh_mpcc_dro,77,40,37,0,0,38,0.004723720737561966,turn_left,0.009308641215483703,0.5074554522205321,0,0,0.4936708860759494,0.4936708860759494,0.0
sh_mpcc_dro_straight_o1_c1_m3_boost_0_s40,straight_o1_c1_m3_boost_0_s40,boost_0,sh_mpcc_dro,77,40,37,0,0,38,0.004723720737561966,turn_right,0.01479810773536458,0.3192111330743456,0,0,0.26582278481012656,0.26582278481012656,0.0
sh_mpcc_dro_straight_o1_c1_m3_boost_0_s40,straight_o1_c1_m3_boost_0_s40,boost_0,sh_mpcc_dro,77,40,38,0,0,39,0.004673076665653941,constant_velocity,0.009243068977689714,0.5055763055467284,0,0,0.2345679012345679,0.2345679012345679,0.0
sh_mpcc_dro_straight_o1_c1_m3_boost_0_s40,straight_o1_c1_m3_boost_0_s40,boost_0,sh_mpcc_dro,77,40,38,0,0,39,0.004673076665653941,turn_left,0.009673678682139284,0.48307131332384856,0,0,0.48148148148148145,0.48148148148148145,0.0
sh_mpcc_dro_straight_o1_c1_m3_boost_0_s40,straight_o1_c1_m3_boost_0_s40,boost_0,sh_mpcc_dro,77,40,38,0,0,39,0.004673076665653941,turn_right,0.014432722359182753,0.3237834518919237,0,0,0.2839506172839506,0.2839506172839506,0.0
sh_mpcc_dro_straight_o1_c1_m3_boost_0_s40,straight_o1_c1_m3_boost_0_s40,boost_0,sh_mpcc_dro,77,40,39,0,0,40,0.004592849107073119,constant_velocity,0.0090203444240102,0.5091656029062428,0,0,0.25301204819277107,0.6333526190383989,0.017124078125067985
sh_mpcc_dro_straight_o1_c1_m3_boost_0_s40,straight_o1_c1_m3_boost_0_s40,boost_0,sh_mpcc_dro,77,40,39,0,0,40,0.004592849107073119,turn_left,0.009731556843390608,0.47195419818078227,0,0,0.46987951807228917,0.08953894722666139,0.0065526916469799
sh_mpcc_dro_straight_o1_c1_m3_boost_0_s40,straight_o1_c1_m3_boost_0_s40,boost_0,sh_mpcc_dro,77,40,39,0,0,40,0.004592849107073119,turn_right,0.014375924769180284,0.31948199373715863,0,0,0.27710843373493976,0.27710843373493976,0.02683017763107183
sh_mpcc_dro_straight_o1_c1_m3_boost_0_s40,straight_o1_c1_m3_boost_0_s40,boost_0,sh_mpcc_dro,77,40,4,0,0,5,0.012013536699662604,constant_velocity,0.009288940287752429,1.2933161725135198,0,1,0.23076923076923078,0.0,0.19280450009088515
sh_mpcc_dro_straight_o1_c1_m3_boost_0_s40,straight_o1_c1_m3_boost_0_s40,boost_0,sh_mpcc_dro,77,40,4,0,0,5,0.012013536699662604,turn_left,0.015759652109805542,0.7622970745774184,0,0,0.23076923076923078,0.0,0.1853537989221944
sh_mpcc_dro_straight_o1_c1_m3_boost_0_s40,straight_o1_c1_m3_boost_0_s40,boost_0,sh_mpcc_dro,77,40,4,0,0,5,0.012013536699662604,turn_right,0.008346526382102799,1.4393456810276024,0,1,0.5384615384615384,1.0,0.2035850696677487
sh_mpcc_dro_straight_o1_c1_m3_boost_0_s40,straight_o1_c1_m3_boost_0_s40,boost_0,sh_mpcc_dro,77,40,40,0,0,41,0.004539827586792564,constant_velocity,0.009092233316952974,0.4993083028707373,0,0,0.24705882352941178,0.0,0.0
sh_mpcc_dro_straight_o1_c1_m3_boost_0_s40,straight_o1_c1_m3_boost_0_s40,boost_0,sh_mpcc_dro,77,40,40,0,0,41,0.004539827586792564,turn_left,0.009502579035310828,0.4777468905991653,0,0,0.4823529411764706,0.4177507503374679,0.0
sh_mpcc_dro_straight_o1_c1_m3_boost_0_s40,straight_o1_c1_m3_boost_0_s40,boost_0,sh_mpcc_dro,77,40,40,0,0,41,0.004539827586792564,turn_right,0.014604553800847428,0.3108501395317631,0,0,0.27058823529411763,0.5822492496625321,0.0030604332820338004
sh_mpcc_dro_straight_o1_c1_m3_boost_0_s40,straight_o1_c1_m3_boost_0_s40,boost_0,sh_mpcc_dro,77,40,41,0,0,42,0.004486368047454124,constant_velocity,0.009160816973438894,0.4897344920722697,0,0,0.2413793103448276,0.2413793103448276,0.0
sh_mpcc_dro_straight_o1_c1_m3_boost_0_s40,straight_o1_c1_m3_boost_0_s40,boost_0,sh_mpcc_dro,77,40,41,0,0,42,0.004486368047454124,turn_left,0.009284128942545308,0.48322982966069783,0,0,0.4942528735632184,0.4942528735632184,0.0
sh_mpcc_dro_straight_o1_c1_m3_boost_0_s40,straight_o1_c1_m3_boost_0_s40,boost_0,sh_mpcc_dro,77,40,41,0,0,42,0.004486368047454124,turn_right,0.014822671152897725,0.3026693368001402,0,0,0.26436781609195403,0.26436781609195403,0.0
sh_mpcc_dro_straight_o1_c1_m3_boost_0_s40,straight_o1_c1_m3_boost_0_s40,boost_0,sh_mpcc_dro,77,40,42,0,0,43,0.004444546198496717,constant_velocity,0.009226318218396886,0.48172478916177863,0,0,0.23595505617977527,0.23595505617977527,0.0
sh_mpcc_dro_straight_o1_c1_m3_boost_0_s40,straight_o1_c1_m3_boost_0_s40,boost_0,sh_mpcc_dro,77,40,42,0,0,43,0.004444546198496717,turn_left,0.00961690489024151,0.46215973322214077,0,0,0.48314606741573035,0.48314606741573035,0.0
sh_mpcc_dro_straight_o1_c1_m3_boost_0_s40,straight_o1_c1_m3_boost_0_s40,boost_0,sh_mpcc_dro,77,40,42,0,0,43,0.004444546198496717,turn_right,0.014489577419124532,0.30674091244582746,0,0,0.2808988764044944,0.2808988764044944,0.0
sh_mpcc_dro_straight_o1_c1_m3_boost_0_s40,straight_o1_c1_m3_boost_0_s40,boost_0,sh_mpcc_dro,77,40,43,0,0,44,0.0044004241564996275,constant_velocity,0.009288940287752694,0.47372725199897237,0,0,0.23076923076923078,0.23076923076923078,0.0
sh_mpcc_dro_straight_o1_c1_m3_boost_0_s40,straight_o1_c1_m3_boost_0_s40,boost_0,sh_mpcc_dro,77,40,43,0,0,44,0.0044004241564996275,turn_left,0.009935053323753607,0.44291902751832274,0,0,0.4725274725274725,0.4725274725274725,0.0
sh_mpcc_dro_straight_o1_c1_m3_boost_0_s40,straight_o1_c1_m3_boost_0_s40,boost_0,sh_mpcc_dro,77,40,43,0,0,44,0.0044004241564996275,turn_right,0.014171125168154967,0.31052044945507656,0,0,0.2967032967032967,0.2967032967032967,0.0
sh_mpcc_dro_straight_o1_c1_m3_boost_0_s40,straight_o1_c1_m3_boost_0_s40,boost_0,sh_mpcc_dro,77,40,44,0,0,45,0.0043541259481623545,constant_velocity,0.009348868934770235,0.4657382597341295,0,0,0.22580645161290322,0.22580645161290322,0.0
sh_mpcc_dro_straight_o1_c1_m3_boost_0_s40,straight_o1_c1_m3_boost_0_s40,boost_0,sh_mpcc_dro,77,40,44,0,0,45,0.0043541259481623545,turn_left,0.009721396263027534,0.44789100560811307,0,0,0.4838709677419355,0.4838709677419355,0.0
sh_mpcc_dro_straight_o1_c1_m3_boost_0_s40,straight_o1_c1_m3_boost_0_s40,boost_0,sh_mpcc_dro,77,40,44,0,0,45,0.0043541259481623545,turn_right,0.01438449147884061,0.3026958550858203,0,0,0.2903225806451613,0.2903225806451613,0.0
sh_mpcc_dro_straight_o1_c1_m3_boost_0_s40,straight_o1_c1_m3_boost_0_s40,boost_0,sh_mpcc_dro,77,40,45,0,0,46,0.004311723236334432,constant_velocity,0.009406274270334834,0.45838799852270823,0,0,0.22105263157894736,0.22105263157894736,0.0
sh_mpcc_dro_straight_o1_c1_m3_boost_0_s40,straight_o1_c1_m3_boost_0_s40,boost_0,sh_mpcc_dro,77,40,45,0,0,46,0.004311723236334432,turn_left,0.010023949154648918,0.4301421694996065,0,0,0.47368421052631576,0.47368421052631576,0.0
sh_mpcc_dro_straight_o1_c1_m3_boost_0_s40,straight_o1_c1_m3_boost_0_s40,boost_0,sh_mpcc_dro,77,40,45,0,0,46,0.004311723236334432,turn_right,0.014081660079286008,0.3061942421601937,0,0,0.30526315789473685,0.30526315789473685,0.0
sh_mpcc_dro_straight_o1_c1_m3_boost_0_s40,straight_o1_c1_m3_boost_0_s40,boost_0,sh_mpcc_dro,77,40,46,0,0,47,0.004267947295798464,constant_velocity,0.009461312375566444,0.4510946395576485,0,0,0.21649484536082475,0.21649484536082475,0.0
sh_mpcc_dro_straight_o1_c1_m3_boost_0_s40,straight_o1_c1_m3_boost_0_s40,boost_0,sh_mpcc_dro,77,40,46,0,0,47,0.004267947295798464,turn_left,0.010314025638368007,0.41380033804858596,0,0,0.4639175257731959,0.4639175257731959,0.0
sh_mpcc_dro_straight_o1_c1_m3_boost_0_s40,straight_o1_c1_m3_boost_0_s40,boost_0,sh_mpcc_dro,77,40,46,0,0,47,0.004267947295798464,turn_right,0.013791316572496668,0.3094662698345869,0,0,0.31958762886597936,0.31958762886597936,0.0
sh_mpcc_dro_straight_o1_c1_m3_boost_0_s40,straight_o1_c1_m3_boost_0_s40,boost_0,sh_mpcc_dro,77,40,47,0,0,48,0.004223193747689656,constant_velocity,0.009514126718970808,0.44388664061713284,0,0,0.21212121212121213,0.21212121212121213,0.0
sh_mpcc_dro_straight_o1_c1_m3_boost_0_s40,straight_o1_c1_m3_boost_0_s40,boost_0,sh_mpcc_dro,77,40,47,0,0,48,0.004223193747689656,turn_left,0.01059238186011892,0.398701047928633,0,0,0.45454545454545453,0.45454545454545453,0.0
sh_mpcc_dro_straight_o1_c1_m3_boost_0_s40,straight_o1_c1_m3_boost_0_s40,boost_0,sh_mpcc_dro,77,40,47,0,0,48,0.004223193747689656,turn_right,0.013512704116486576,0.3125350567350189,0,0,0.3333333333333333,0.3333333333333333,0.0
sh_mpcc_dro_straight_o1_c1_m3_boost_0_s40,straight_o1_c1_m3_boost_0_s40,boost_0,sh_mpcc_dro,77,40,48,0,0,49,0.004165167767494856,constant_velocity,0.009325728170080334,0.4466319081503934,0,0,0.22772277227722773,0.22772277227722773,0.0
sh_mpcc_dro_straight_o1_c1_m3_boost_0_s40,straight_o1_c1_m3_boost_0_s40,boost_0,sh_mpcc_dro,77,40,48,0,0,49,0.004165167767494856,turn_left,0.010621752959405293,0.3921356280280182,0,0,0.44554455445544555,0.44554455445544555,0.0
sh_mpcc_dro_straight_o1_c1_m3_boost_0_s40,straight_o1_c1_m3_boost_0_s40,boost_0,sh_mpcc_dro,77,40,48,0,0,49,0.004165167767494856,turn_right,0.013484247052280594,0.30889138647088193,0,0,0.32673267326732675,0.32673267326732675,0.0
sh_mpcc_dro_straight_o1_c1_m3_boost_0_s40,straight_o1_c1_m3_boost_0_s40,boost_0,sh_mpcc_dro,77,40,49,0,0,50,0.004108254077601731,constant_velocity,0.009144646069690423,0.4492523872759145,0,0,0.24271844660194175,0.24271844660194175,0.0
sh_mpcc_dro_straight_o1_c1_m3_boost_0_s40,straight_o1_c1_m3_boost_0_s40,boost_0,sh_mpcc_dro,77,40,49,0,0,50,0.004108254077601731,turn_left,0.01064998343347662,0.38575215663604256,0,0,0.4368932038834951,0.4368932038834951,0.0
sh_mpcc_dro_straight_o1_c1_m3_boost_0_s40,straight_o1_c1_m3_boost_0_s40,boost_0,sh_mpcc_dro,77,40,49,0,0,50,0.004108254077601731,turn_right,0.013456895116781518,0.3052898935415275,0,0,0.32038834951456313,0.32038834951456313,0.0
sh_mpcc_dro_straight_o1_c1_m3_boost_0_s40,straight_o1_c1_m3_boost_0_s40,boost_0,sh_mpcc_dro,77,40,5,0,0,6,0.010715062427689846,constant_velocity,0.009660497899262687,1.109162544148749,0,1,0.2,0.0,0.03630129661498013
sh_mpcc_dro_straight_o1_c1_m3_boost_0_s40,straight_o1_c1_m3_boost_0_s40,boost_0,sh_mpcc_dro,77,40,5,0,0,6,0.010715062427689846,turn_left,0.013658365161831486,0.7845054880823699,0,0,0.3333333333333333,0.0,0.017328197671278966
sh_mpcc_dro_straight_o1_c1_m3_boost_0_s40,straight_o1_c1_m3_boost_0_s40,boost_0,sh_mpcc_dro,77,40,5,0,0,6,0.010715062427689846,turn_right,0.010446010679827027,1.0257564113334101,0,1,0.4666666666666667,1.0,0.057853692650004285
sh_mpcc_dro_straight_o1_c1_m3_boost_0_s40,straight_o1_c1_m3_boost_0_s40,boost_0,sh_mpcc_dro,77,40,50,0,0,51,0.0040524653998650515,constant_velocity,0.008970462335029654,0.45175658160228543,0,0,0.2571428571428571,0.2571428571428571,0.0
sh_mpcc_dro_straight_o1_c1_m3_boost_0_s40,straight_o1_c1_m3_boost_0_s40,boost_0,sh_mpcc_dro,77,40,50,0,0,51,0.0040524653998650515,turn_left,0.010677138460916653,0.3795460192540333,0,0,0.42857142857142855,0.42857142857142855,0.0
sh_mpcc_dro_straight_o1_c1_m3_boost_0_s40,straight_o1_c1_m3_boost_0_s40,boost_0,sh_mpcc_dro,77,40,50,0,0,51,0.0040524653998650515,turn_right,0.013430585159777646,0.3017340906337802,0,0,0.3142857142857143,0.3142857142857143,0.0
sh_mpcc_dro_straight_o1_c1_m3_boost_0_s40,straight_o1_c1_m3_boost_0_s40,boost_0,sh_mpcc_dro,77,40,51,0,0,52,0.004020200787135498,constant_velocity,0.009028502709591314,0.44527879277974736,0,0,0.2523364485981308,0.2523364485981308,0.0
sh_mpcc_dro_straight_o1_c1_m3_boost_0_s40,straight_o1_c1_m3_boost_0_s40,boost_0,sh_mpcc_dro,77,40,51,0,0,52,0.004020200787135498,turn_left,0.010477565779404192,0.3836960675577937,0,0,0.4392523364485981,0.4392523364485981,0.0
sh_mpcc_dro_straight_o1_c1_m3_boost_0_s40,straight_o1_c1_m3_boost_0_s40,boost_0,sh_mpcc_dro,77,40,51,0,0,52,0.004020200787135498,turn_right,0.013629876252399264,0.29495504674356987,0,0,0.308411214953271,0.308411214953271,0.0
sh_mpcc_dro_straight_o1_c1_m3_boost_0_s40,straight_o1_c1_m3_boost_0_s40,boost_0,sh_mpcc_dro,77,40,52,0,0,53,0.00398723633860688,constant_velocity,0.009084413162150683,0.43890962106603754,0,0,0.24770642201834864,0.24770642201834864,0.0
sh_mpcc_dro_straight_o1_c1_m3_boost_0_s40,straight_o1_c1_m3_boost_0_s40,boost_0,sh_mpcc_dro,77,40,52,0,0,53,0.00398723633860688,turn_left,0.010285316866020591,0.38766295589584004,0,0,0.44954128440366975,0.44954128440366975,0.0
sh_mpcc_dro_straight_o1_c1_m3_boost_0_s40,straight_o1_c1_m3_boost_0_s40,boost_0,sh_mpcc_dro,77,40,52,0,0,53,0.00398723633860688,turn_right,0.013821853910429133,0.2884733382689245,0,0,0.30275229357798167,0.30275229357798167,0.0
sh_mpcc_dro_straight_o1_c1_m3_boost_0_s40,straight_o1_c1_m3_boost_0_s40,boost_0,sh_mpcc_dro,77,40,53,0,0,54,0.0039357087158447416,constant_velocity,0.008920730042111831,0.44118684202588304,0,0,0.26126126126126126,0.26126126126126126,0.0
sh_mpcc_dro_straight_o1_c1_m3_boost_0_s40,straight_o1_c1_m3_boost_0_s40,boost_0,sh_mpcc_dro,77,40,53,0,0,54,0.0039357087158447416,turn_left,0.010317574622922423,0.38145677251520216,0,0,0.44144144144144143,0.44144144144144143,0.0
sh_mpcc_dro_straight_o1_c1_m3_boost_0_s40,straight_o1_c1_m3_boost_0_s40,boost_0,sh_mpcc_dro,77,40,53,0,0,54,0.0039357087158447416,turn_right,0.013790390279143576,0.2853950204583449,0,0,0.2972972972972973,0.2972972972972973,0.0
sh_mpcc_dro_straight_o1_c1_m3_boost_0_s40,straight_o1_c1_m3_boost_0_s40,boost_0,sh_mpcc_dro,77,40,54,0,0,55,0.0039025678779945677,constant_velocity,0.008976568844447521,0.43475050942304205,0,0,0.25663716814159293,0.25663716814159293,0.0
sh_mpcc_dro_straight_o1_c1_m3_boost_0_s40,straight_o1_c1_m3_boost_0_s40,boost_0,sh_mpcc_dro,77,40,54,0,0,55,0.0039025678779945677,turn_left,0.010561381419242982,0.3695130137885216,0,0,0.4336283185840708,0.4336283185840708,0.0
sh_mpcc_dro_straight_o1_c1_m3_boost_0_s40,straight_o1_c1_m3_boost_0_s40,boost_0,sh_mpcc_dro,77,40,54,0,0,55,0.0039025678779945677,turn_right,0.013546312575087939,0.2880907890145325,0,0,0.30973451327433627,0.30973451327433627,0.0
sh_mpcc_dro_straight_o1_c1_m3_boost_0_s40,straight_o1_c1_m3_boost_0_s40,boost_0,sh_mpcc_dro,77,40,55,0,0,56,0.003868638072297372,constant_velocity,0.009030465427571608,0.42839852533909667,0,0,0.25217391304347825,0.25217391304347825,0.0
sh_mpcc_dro_straight_o1_c1_m3_boost_0_s40,straight_o1_c1_m3_boost_0_s40,boost_0,sh_mpcc_dro,77,40,55,0,0,56,0.003868638072297372,turn_left,0.010796707979169878,0.3583164497697953,0,0,0.4260869565217391,0.4260869565217391,0.0
sh_mpcc_dro_straight_o1_c1_m3_boost_0_s40,straight_o1_c1_m3_boost_0_s40,boost_0,sh_mpcc_dro,77,40,55,0,0,56,0.003868638072297372,turn_right,0.013310724530303724,0.29064068326933495,0,0,0.3217391304347826,0.3217391304347826,0.0
sh_mpcc_dro_straight_o1_c1_m3_boost_0_s40,straight_o1_c1_m3_boost_0_s40,boost_0,sh_mpcc_dro,77,40,56,0,0,57,0.0038211881081561152,constant_velocity,0.008876098497185802,0.4305031213170557,0,0,0.26495726495726496,0.26495726495726496,0.0
sh_mpcc_dro_straight_o1_c1_m3_boost_0_s40,straight_o1_c1_m3_boost_0_s40,boost_0,sh_mpcc_dro,77,40,56,0,0,57,0.0038211881081561152,turn_left,0.010818569763698271,0.35320640265944564,0,0,0.4188034188034188,0.4188034188034188,0.0
sh_mpcc_dro_straight_o1_c1_m3_boost_0_s40,straight_o1_c1_m3_boost_0_s40,boost_0,sh_mpcc_dro,77,40,56,0,0,57,0.0038211881081561152,turn_right,0.01328961167293247,0.2875319612189192,0,0,0.3162393162393162,0.3162393162393162,0.0
sh_mpcc_dro_straight_o1_c1_m3_boost_0_s40,straight_o1_c1_m3_boost_0_s40,boost_0,sh_mpcc_dro,77,40,57,0,0,58,0.0037881675358712548,constant_velocity,0.008929872007721853,0.4242129710924798,0,0,0.2605042016806723,0.2605042016806723,0.0
sh_mpcc_dro_straight_o1_c1_m3_boost_0_s40,straight_o1_c1_m3_boost_0_s40,boost_0,sh_mpcc_dro,77,40,57,0,0,58,0.0037881675358712548,turn_left,0.011041663693972876,0.3430794163690239,0,0,0.4117647058823529,0.4117647058823529,0.0
sh_mpcc_dro_straight_o1_c1_m3_boost_0_s40,straight_o1_c1_m3_boost_0_s40,boost_0,sh_mpcc_dro,77,40,57,0,0,58,0.0037881675358712548,turn_right,0.01306625685489996,0.2899198736056271,0,0,0.3277310924369748,0.3277310924369748,0.0
sh_mpcc_dro_straight_o1_c1_m3_boost_0_s40,straight_o1_c1_m3_boost_0_s40,boost_0,sh_mpcc_dro,77,40,58,0,0,59,0.0037430379553434075,constant_velocity,0.008782270817511408,0.4262038865711107,0,0,0.2727272727272727,0.2727272727272727,0.0
sh_mpcc_dro_straight_o1_c1_m3_boost_0_s40,straight_o1_c1_m3_boost_0_s40,boost_0,sh_mpcc_dro,77,40,58,0,0,59,0.0037430379553434075,turn_left,0.01105875392009013,0.3384683285648969,0,0,0.4049586776859504,0.4049586776859504,0.0
sh_mpcc_dro_straight_o1_c1_m3_boost_0_s40,straight_o1_c1_m3_boost_0_s40,boost_0,sh_mpcc_dro,77,40,58,0,0,59,0.0037430379553434075,turn_right,0.01304988273125,0.2868254092720782,0,0,0.32231404958677684,0.32231404958677684,0.0
sh_mpcc_dro_straight_o1_c1_m3_boost_0_s40,straight_o1_c1_m3_boost_0_s40,boost_0,sh_mpcc_dro,77,40,59,0,0,60,0.0037109756708232095,constant_velocity,0.008835821249325502,0.41999216214412366,0,0,0.2682926829268293,0.2682926829268293,0.0
sh_mpcc_dro_straight_o1_c1_m3_boost_0_s40,straight_o1_c1_m3_boost_0_s40,boost_0,sh_mpcc_dro,77,40,59,0,0,60,0.0037109756708232095,turn_left,0.011270687329764016,0.32925903826851255,0,0,0.3983739837398374,0.3983739837398374,0.0
sh_mpcc_dro_straight_o1_c1_m3_boost_0_s40,straight_o1_c1_m3_boost_0_s40,boost_0,sh_mpcc_dro,77,40,59,0,0,60,0.0037109756708232095,turn_right,0.012837689516107725,0.2890688130575964,0,0,0.3333333333333333,0.3333333333333333,0.0
sh_mpcc_dro_straight_o1_c1_m3_boost_0_s40,straight_o1_c1_m3_boost_0_s40,boost_0,sh_mpcc_dro,77,40,6,0,0,7,0.009620708283522522,constant_velocity,0.009944630190417298,0.9674274557532658,0,0,0.17647058823529413,0.0,0.04552812448205748
sh_mpcc_dro_straight_o1_c1_m3_boost_0_s40,straight_o1_c1_m3_boost_0_s40,boost_0,sh_mpcc_dro,77,40,6,0,0,7,0.009620708283522522,turn_left,0.01205149867220424,0.7982997422313849,0,0,0.4117647058823529,0.10089340605876093,0.02284234279603542
sh_mpcc_dro_straight_o1_c1_m3_boost_0_s40,straight_o1_c1_m3_boost_0_s40,boost_0,sh_mpcc_dro,77,40,6,0,0,7,0.009620708283522522,turn_right,0.012051498672204248,0.7982997422313843,0,0,0.4117647058823529,0.899106593941239,0.07023493077642454
sh_mpcc_dro_straight_o1_c1_m3_boost_0_s40,straight_o1_c1_m3_boost_0_s40,boost_0,sh_mpcc_dro,77,40,7,0,0,8,0.00964063102037462,constant_velocity,0.010168945157118588,0.9480463186121001,0,0,0.15789473684210525,0.0,0.07621843311960749
sh_mpcc_dro_straight_o1_c1_m3_boost_0_s40,straight_o1_c1_m3_boost_0_s40,boost_0,sh_mpcc_dro,77,40,7,0,0,8,0.00964063102037462,turn_left,0.010782919864603818,0.8940649788209136,0,0,0.47368421052631576,0.15267547807414625,0.05129286910931913
sh_mpcc_dro_straight_o1_c1_m3_boost_0_s40,straight_o1_c1_m3_boost_0_s40,boost_0,sh_mpcc_dro,77,40,7,0,0,8,0.00964063102037462,turn_right,0.013318989192502125,0.7238260262123929,0,0,0.3684210526315789,0.8473245219258536,0.10268374485765747
sh_mpcc_dro_straight_o1_c1_m3_boost_0_s40,straight_o1_c1_m3_boost_0_s40,boost_0,sh_mpcc_dro,77,40,8,0,0,9,0.009459242505546583,constant_velocity,0.01035053346349556,0.9138893699448055,0,0,0.14285714285714285,0.0,0.04043220195244471
sh_mpcc_dro_straight_o1_c1_m3_boost_0_s40,straight_o1_c1_m3_boost_0_s40,boost_0,sh_mpcc_dro,77,40,8,0,0,9,0.009459242505546583,turn_left,0.009755975115593915,0.9695845257361271,0,0,0.5238095238095238,0.2027924987254661,0.013639814696228048
sh_mpcc_dro_straight_o1_c1_m3_boost_0_s40,straight_o1_c1_m3_boost_0_s40,boost_0,sh_mpcc_dro,77,40,8,0,0,9,0.009459242505546583,turn_right,0.014345052947028947,0.6594079882783367,0,0,0.3333333333333333,0.7972075012745338,0.06821046622001031
sh_mpcc_dro_straight_o1_c1_m3_boost_0_s40,straight_o1_c1_m3_boost_0_s40,boost_0,sh_mpcc_dro,77,40,9,0,0,10,0.008820352450521391,constant_velocity,0.010500541194850738,0.8399902716296871,0,0,0.13043478260869565,0.0,0.0
sh_mpcc_dro_straight_o1_c1_m3_boost_0_s40,straight_o1_c1_m3_boost_0_s40,boost_0,sh_mpcc_dro,77,40,9,0,0,10,0.008820352450521391,turn_left,0.011002643245980059,0.8016575883930444,0,0,0.4782608695652174,0.17753559938798968,0.0
sh_mpcc_dro_straight_o1_c1_m3_boost_0_s40,straight_o1_c1_m3_boost_0_s40,boost_0,sh_mpcc_dro,77,40,9,0,0,10,0.008820352450521391,turn_right,0.013097657038591662,0.6734297916438502,0,0,0.391304347826087,0.8224644006120103,0.027385866396964054
sh_mpcc_dro_straight_o1_c1_m3_boost_0_s40,straight_o1_c1_m3_boost_0_s40,boost_0,sh_mpcc_dro,78,40,0,0,0,1,0.009433155837728502,constant_velocity,0.005466721288574521,1.725560045917075,0,1,0.2,0.2,0.0
sh_mpcc_dro_straight_o1_c1_m3_boost_0_s40,straight_o1_c1_m3_boost_0_s40,boost_0,sh_mpcc_dro,78,40,0,0,0,1,0.009433155837728502,turn_left,0.009546768168933921,0.9880993935125475,0,0,0.2,0.2,0.0
sh_mpcc_dro_straight_o1_c1_m3_boost_0_s40,straight_o1_c1_m3_boost_0_s40,boost_0,sh_mpcc_dro,78,40,0,0,0,1,0.009433155837728502,turn_right,0.004093376271073728,2.3044927250858627,0,1,0.6,0.6,0.0
sh_mpcc_dro_straight_o1_c1_m3_boost_0_s40,straight_o1_c1_m3_boost_0_s40,boost_0,sh_mpcc_dro,78,40,1,0,0,2,0.00811932627850405,constant_velocity,0.0039048009204103637,2.079318880525866,0,1,0.42857142857142855,0.42857142857142855,0.0
sh_mpcc_dro_straight_o1_c1_m3_boost_0_s40,straight_o1_c1_m3_boost_0_s40,boost_0,sh_mpcc_dro,78,40,1,0,0,2,0.00811932627850405,turn_left,0.00877152058087229,0.9256463806525799,0,0,0.14285714285714285,0.14285714285714285,0.0
sh_mpcc_dro_straight_o1_c1_m3_boost_0_s40,straight_o1_c1_m3_boost_0_s40,boost_0,sh_mpcc_dro,78,40,1,0,0,2,0.00811932627850405,turn_right,0.0048762406538292655,1.6650790752355547,0,1,0.42857142857142855,0.42857142857142855,0.0
sh_mpcc_dro_straight_o1_c1_m3_boost_0_s40,straight_o1_c1_m3_boost_0_s40,boost_0,sh_mpcc_dro,78,40,10,0,0,11,0.004728217855916379,constant_velocity,0.004373377030859676,1.0811365730767906,0,1,0.36,0.0,0.019884604043824
sh_mpcc_dro_straight_o1_c1_m3_boost_0_s40,straight_o1_c1_m3_boost_0_s40,boost_0,sh_mpcc_dro,78,40,10,0,0,11,0.004728217855916379,turn_left,0.008458755667504798,0.558973215656332,0,0,0.2,0.7263693582665716,0.03192340667795257
sh_mpcc_dro_straight_o1_c1_m3_boost_0_s40,straight_o1_c1_m3_boost_0_s40,boost_0,sh_mpcc_dro,78,40,10,0,0,11,0.004728217855916379,turn_right,0.00518672052878867,0.9116006597372288,0,0,0.44,0.2736306417334285,0.01053662921102394
sh_mpcc_dro_straight_o1_c1_m3_boost_0_s40,straight_o1_c1_m3_boost_0_s40,boost_0,sh_mpcc_dro,78,40,11,0,0,12,0.0044519682303382204,constant_velocity,0.004049423176721982,1.0994079986330547,0,1,0.4074074074074074,0.0,0.02409852365266807
sh_mpcc_dro_straight_o1_c1_m3_boost_0_s40,straight_o1_c1_m3_boost_0_s40,boost_0,sh_mpcc_dro,78,40,11,0,0,12,0.0044519682303382204,turn_left,0.008338359070705754,0.5339141901406997,0,0,0.18518518518518517,0.714937718531288,0.036375920667544887
sh_mpcc_dro_straight_o1_c1_m3_boost_0_s40,straight_o1_c1_m3_boost_0_s40,boost_0,sh_mpcc_dro,78,40,11,0,0,12,0.0044519682303382204,turn_right,0.005308696905227952,0.8386178962211924,0,0,0.4074074074074074,0.2850622814687121,0.013113101481619371
sh_mpcc_dro_straight_o1_c1_m3_boost_0_s40,straight_o1_c1_m3_boost_0_s40,boost_0,sh_mpcc_dro,78,40,12,0,0,13,0.004285936828635518,constant_velocity,0.004241421689411377,1.0104953344618555,0,1,0.3793103448275862,0.5095122420807576,0.024026526906335555
sh_mpcc_dro_straight_o1_c1_m3_boost_0_s40,straight_o1_c1_m3_boost_0_s40,boost_0,sh_mpcc_dro,78,40,12,0,0,13,0.004285936828635518,turn_left,0.007763299824450185,0.5520766845996519,0,0,0.2413793103448276,0.4904877579192424,0.0353576171210179
sh_mpcc_dro_straight_o1_c1_m3_boost_0_s40,straight_o1_c1_m3_boost_0_s40,boost_0,sh_mpcc_dro,78,40,12,0,0,13,0.004285936828635518,turn_right,0.005882819859670884,0.7285514312646819,0,0,0.3793103448275862,0.0,0.011646842627719839
sh_mpcc_dro_straight_o1_c1_m3_boost_0_s40,straight_o1_c1_m3_boost_0_s40,boost_0,sh_mpcc_dro,78,40,13,0,0,14,0.004218679291538872,constant_velocity,0.004408646200463384,0.9569103755922749,0,0,0.3548387096774194,0.0,0.0
sh_mpcc_dro_straight_o1_c1_m3_boost_0_s40,straight_o1_c1_m3_boost_0_s40,boost_0,sh_mpcc_dro,78,40,13,0,0,14,0.004218679291538872,turn_left,0.008142021109624436,0.5181366192421314,0,0,0.22580645161290322,0.7122274069739973,0.0035160401509220923
sh_mpcc_dro_straight_o1_c1_m3_boost_0_s40,straight_o1_c1_m3_boost_0_s40,boost_0,sh_mpcc_dro,78,40,13,0,0,14,0.004218679291538872,turn_right,0.005503283094530782,0.7665750096940204,0,0,0.41935483870967744,0.28777259302600267,0.0
sh_mpcc_dro_straight_o1_c1_m3_boost_0_s40,straight_o1_c1_m3_boost_0_s40,boost_0,sh_mpcc_dro,78,40,14,0,0,15,0.0041314786607474846,constant_velocity,0.004555601073812227,0.9069008883366014,0,0,0.3333333333333333,0.0,0.04642520642099504
sh_mpcc_dro_straight_o1_c1_m3_boost_0_s40,straight_o1_c1_m3_boost_0_s40,boost_0,sh_mpcc_dro,78,40,14,0,0,15,0.0041314786607474846,turn_left,0.008474836784474454,0.4874994959568048,0,0,0.21212121212121213,0.6814196958460857,0.05508436986586168
sh_mpcc_dro_straight_o1_c1_m3_boost_0_s40,straight_o1_c1_m3_boost_0_s40,boost_0,sh_mpcc_dro,78,40,14,0,0,15,0.0041314786607474846,turn_right,0.005169750785771381,0.7991639891266102,0,0,0.45454545454545453,0.3185803041539143,0.039482154796110946
sh_mpcc_dro_straight_o1_c1_m3_boost_0_s40,straight_o1_c1_m3_boost_0_s40,boost_0,sh_mpcc_dro,78,40,15,0,0,16,0.004033239222997782,constant_velocity,0.004685761104492491,0.860743672811424,0,0,0.3142857142857143,0.0,0.19946317850803355
sh_mpcc_dro_straight_o1_c1_m3_boost_0_s40,straight_o1_c1_m3_boost_0_s40,boost_0,sh_mpcc_dro,78,40,15,0,0,16,0.004033239222997782,turn_left,0.008769616382198748,0.45991056475226966,0,0,0.2,0.6525922033177571,0.20898573067836607
sh_mpcc_dro_straight_o1_c1_m3_boost_0_s40,straight_o1_c1_m3_boost_0_s40,boost_0,sh_mpcc_dro,78,40,15,0,0,16,0.004033239222997782,turn_right,0.004874336455155798,0.8274437474933944,0,0,0.4857142857142857,0.34740779668224275,0.19155056722750358
sh_mpcc_dro_straight_o1_c1_m3_boost_0_s40,straight_o1_c1_m3_boost_0_s40,boost_0,sh_mpcc_dro,78,40,16,0,0,17,0.003929521201522016,constant_velocity,0.004801849780504747,0.818334887833364,0,0,0.2972972972972973,0.0,0.1482141659886649
sh_mpcc_dro_straight_o1_c1_m3_boost_0_s40,straight_o1_c1_m3_boost_0_s40,boost_0,sh_mpcc_dro,78,40,16,0,0,17,0.003929521201522016,turn_left,0.008295583064242024,0.47368836778455675,0,0,0.24324324324324326,0.6797544028014408,0.15807019697366648
sh_mpcc_dro_straight_o1_c1_m3_boost_0_s40,straight_o1_c1_m3_boost_0_s40,boost_0,sh_mpcc_dro,78,40,16,0,0,17,0.003929521201522016,turn_right,0.005347803659993388,0.7347915988237449,0,0,0.4594594594594595,0.3202455971985593,0.13994681853676388
sh_mpcc_dro_straight_o1_c1_m3_boost_0_s40,straight_o1_c1_m3_boost_0_s40,boost_0,sh_mpcc_dro,78,40,17,0,0,18,0.0038449913197043844,constant_velocity,0.004906031925643846,0.7837273336128534,0,0,0.28205128205128205,0.0,0.17768699091866771
sh_mpcc_dro_straight_o1_c1_m3_boost_0_s40,straight_o1_c1_m3_boost_0_s40,boost_0,sh_mpcc_dro,78,40,17,0,0,18,0.0038449913197043844,turn_left,0.008569321355545048,0.4486926280593226,0,0,0.23076923076923078,0.6534758459083457,0.18983502835268312
sh_mpcc_dro_straight_o1_c1_m3_boost_0_s40,straight_o1_c1_m3_boost_0_s40,boost_0,sh_mpcc_dro,78,40,17,0,0,18,0.0038449913197043844,turn_right,0.005073557318455222,0.757849193053976,0,0,0.48717948717948717,0.34652415409165405,0.16683542089208375
sh_mpcc_dro_straight_o1_c1_m3_boost_0_s40,straight_o1_c1_m3_boost_0_s40,boost_0,sh_mpcc_dro,78,40,18,0,0,19,0.003756323873587207,constant_velocity,0.005000049959062176,0.751257268295726,0,0,0.2682926829268293,0.0,0.02605385467132551
sh_mpcc_dro_straight_o1_c1_m3_boost_0_s40,straight_o1_c1_m3_boost_0_s40,boost_0,sh_mpcc_dro,78,40,18,0,0,19,0.003756323873587207,turn_left,0.008816353472086737,0.4260632114490443,0,0,0.21951219512195122,0.6288526705381257,0.04006669064688145
sh_mpcc_dro_straight_o1_c1_m3_boost_0_s40,straight_o1_c1_m3_boost_0_s40,boost_0,sh_mpcc_dro,78,40,18,0,0,19,0.003756323873587207,turn_right,0.00482606671755501,0.778340643307609,0,0,0.5121951219512195,0.37114732946187445,0.012982519774054568
sh_mpcc_dro_straight_o1_c1_m3_boost_0_s40,straight_o1_c1_m3_boost_0_s40,boost_0,sh_mpcc_dro,78,40,19,0,0,20,0.0036660098424040667,constant_velocity,0.00508532212890672,0.7209002201778341,0,0,0.2558139534883721,0.0,0.01696299842829499
sh_mpcc_dro_straight_o1_c1_m3_boost_0_s40,straight_o1_c1_m3_boost_0_s40,boost_0,sh_mpcc_dro,78,40,19,0,0,20,0.0036660098424040667,turn_left,0.00904040585685704,0.40551385639655124,0,0,0.20930232558139536,0.6057942568505388,0.0322707809461128
sh_mpcc_dro_straight_o1_c1_m3_boost_0_s40,straight_o1_c1_m3_boost_0_s40,boost_0,sh_mpcc_dro,78,40,19,0,0,20,0.0036660098424040667,turn_right,0.004601598498133874,0.7966818147847483,0,0,0.5348837209302325,0.3942057431494612,0.0021590431435714597
sh_mpcc_dro_straight_o1_c1_m3_boost_0_s40,straight_o1_c1_m3_boost_0_s40,boost_0,sh_mpcc_dro,78,40,2,0,0,3,0.00643657827274814,constant_velocity,0.004555601073812101,1.4128933083603057,0,1,0.3333333333333333,0.0,0.0
sh_mpcc_dro_straight_o1_c1_m3_boost_0_s40,straight_o1_c1_m3_boost_0_s40,boost_0,sh_mpcc_dro,78,40,2,0,0,3,0.00643657827274814,turn_left,0.006822293785122892,0.9434624886404237,0,0,0.3333333333333333,0.9717082124593981,2.154669694875988e-05
sh_mpcc_dro_straight_o1_c1_m3_boost_0_s40,straight_o1_c1_m3_boost_0_s40,boost_0,sh_mpcc_dro,78,40,2,0,0,3,0.00643657827274814,turn_right,0.006822293785122873,0.9434624886404264,0,0,0.3333333333333333,0.0282917875406019,0.0
sh_mpcc_dro_straight_o1_c1_m3_boost_0_s40,straight_o1_c1_m3_boost_0_s40,boost_0,sh_mpcc_dro,78,40,20,0,0,21,0.003598526719394863,constant_velocity,0.00516301455032036,0.6969817118124484,0,0,0.24444444444444444,0.0,0.0506075473118445
sh_mpcc_dro_straight_o1_c1_m3_boost_0_s40,straight_o1_c1_m3_boost_0_s40,boost_0,sh_mpcc_dro,78,40,20,0,0,21,0.003598526719394863,turn_left,0.00863861004099679,0.41656316262883847,0,0,0.24444444444444444,0.6303157069214373,0.06654611199013039
sh_mpcc_dro_straight_o1_c1_m3_boost_0_s40,straight_o1_c1_m3_boost_0_s40,boost_0,sh_mpcc_dro,78,40,20,0,0,21,0.003598526719394863,turn_right,0.005003015442423374,0.7192715594840936,0,0,0.5111111111111111,0.36968429307856254,0.03654729134762899
sh_mpcc_dro_straight_o1_c1_m3_boost_0_s40,straight_o1_c1_m3_boost_0_s40,boost_0,sh_mpcc_dro,78,40,21,0,0,22,0.0034871901541425666,constant_velocity,0.004943311803498397,0.7054360098577378,0,0,0.2765957446808511,0.0,0.02006473073497142
sh_mpcc_dro_straight_o1_c1_m3_boost_0_s40,straight_o1_c1_m3_boost_0_s40,boost_0,sh_mpcc_dro,78,40,21,0,0,22,0.0034871901541425666,turn_left,0.00856179266098486,0.407296730045018,0,0,0.23404255319148937,0.6277837645349813,0.030426944305116166
sh_mpcc_dro_straight_o1_c1_m3_boost_0_s40,straight_o1_c1_m3_boost_0_s40,boost_0,sh_mpcc_dro,78,40,21,0,0,22,0.0034871901541425666,turn_right,0.005080904215542427,0.686332590855638,0,0,0.48936170212765956,0.3722162354650188,0.011146079810785484
sh_mpcc_dro_straight_o1_c1_m3_boost_0_s40,straight_o1_c1_m3_boost_0_s40,boost_0,sh_mpcc_dro,78,40,22,0,0,23,0.0034198090269518654,constant_velocity,0.00502045832624206,0.6811746666786256,0,0,0.2653061224489796,0.0,0.020464870008710556
sh_mpcc_dro_straight_o1_c1_m3_boost_0_s40,straight_o1_c1_m3_boost_0_s40,boost_0,sh_mpcc_dro,78,40,22,0,0,23,0.0034198090269518654,turn_left,0.00821233173604671,0.4164236342208588,0,0,0.2653061224489796,0.6484739920506779,0.027030837321644005
sh_mpcc_dro_straight_o1_c1_m3_boost_0_s40,straight_o1_c1_m3_boost_0_s40,boost_0,sh_mpcc_dro,78,40,22,0,0,23,0.0034198090269518654,turn_right,0.0054299889310162235,0.6298003679929873,0,0,0.46938775510204084,0.3515260079493222,0.014017724216434643
sh_mpcc_dro_straight_o1_c1_m3_boost_0_s40,straight_o1_c1_m3_boost_0_s40,boost_0,sh_mpcc_dro,78,40,23,0,0,24,0.003321073087572164,constant_velocity,0.004823577607565854,0.6885082728560251,0,0,0.29411764705882354,0.0,0.002263054520703134
sh_mpcc_dro_straight_o1_c1_m3_boost_0_s40,straight_o1_c1_m3_boost_0_s40,boost_0,sh_mpcc_dro,78,40,23,0,0,24,0.003321073087572164,turn_left,0.008158256044857443,0.4070812523303436,0,0,0.2549019607843137,0.6451982144042614,0.006684987270153694
sh_mpcc_dro_straight_o1_c1_m3_boost_0_s40,straight_o1_c1_m3_boost_0_s40,boost_0,sh_mpcc_dro,78,40,23,0,0,24,0.003321073087572164,turn_right,0.005485024722377068,0.6054800580976957,0,0,0.45098039215686275,0.3548017855957387,0.0
sh_mpcc_dro_straight_o1_c1_m3_boost_0_s40,straight_o1_c1_m3_boost_0_s40,boost_0,sh_mpcc_dro,78,40,24,0,0,25,0.0032665084576529208,constant_velocity,0.004899420022779154,0.6667132930970923,0,0,0.2830188679245283,0.2830188679245283,0.0
sh_mpcc_dro_straight_o1_c1_m3_boost_0_s40,straight_o1_c1_m3_boost_0_s40,boost_0,sh_mpcc_dro,78,40,24,0,0,25,0.0032665084576529208,turn_left,0.008364868259943965,0.39050327586089234,0,0,0.24528301886792453,0.24528301886792453,0.0
sh_mpcc_dro_straight_o1_c1_m3_boost_0_s40,straight_o1_c1_m3_boost_0_s40,boost_0,sh_mpcc_dro,78,40,24,0,0,25,0.0032665084576529208,turn_right,0.005278042657381701,0.6188863314858751,0,0,0.4716981132075472,0.4716981132075472,0.0
sh_mpcc_dro_straight_o1_c1_m3_boost_0_s40,straight_o1_c1_m3_boost_0_s40,boost_0,sh_mpcc_dro,78,40,25,0,0,26,0.0031777085318347685,constant_velocity,0.0047212592946781476,0.6730637597932217,0,0,0.3090909090909091,0.3090909090909091,0.0
sh_mpcc_dro_straight_o1_c1_m3_boost_0_s40,straight_o1_c1_m3_boost_0_s40,boost_0,sh_mpcc_dro,78,40,25,0,0,26,0.0031777085318347685,turn_left,0.008309178563608374,0.3824335350972173,0,0,0.23636363636363636,0.23636363636363636,0.0
sh_mpcc_dro_straight_o1_c1_m3_boost_0_s40,straight_o1_c1_m3_boost_0_s40,boost_0,sh_mpcc_dro,78,40,25,0,0,26,0.0031777085318347685,turn_right,0.005334601164775807,0.5956787459233263,0,0,0.45454545454545453,0.45454545454545453,0.0
sh_mpcc_dro_straight_o1_c1_m3_boost_0_s40,straight_o1_c1_m3_boost_0_s40,boost_0,sh_mpcc_dro,78,40,26,0,0,27,0.0031264412212562106,constant_velocity,0.004795369551381303,0.6519708622572459,0,0,0.2982456140350877,0.2982456140350877,0.0
sh_mpcc_dro_straight_o1_c1_m3_boost_0_s40,straight_o1_c1_m3_boost_0_s40,boost_0,sh_mpcc_dro,78,40,26,0,0,27,0.0031264412212562106,turn_left,0.008017628438569485,0.3899458855209851,0,0,0.2631578947368421,0.2631578947368421,0.0
sh_mpcc_dro_straight_o1_c1_m3_boost_0_s40,straight_o1_c1_m3_boost_0_s40,boost_0,sh_mpcc_dro,78,40,26,0,0,27,0.0031264412212562106,turn_right,0.005625789886876672,0.5557337341284797,0,0,0.43859649122807015,0.43859649122807015,0.0
sh_mpcc_dro_straight_o1_c1_m3_boost_0_s40,straight_o1_c1_m3_boost_0_s40,boost_0,sh_mpcc_dro,78,40,27,0,0,28,0.0030816628567016955,constant_velocity,0.004864455383901145,0.6335062434533618,0,0,0.288135593220339,0.288135593220339,0.0
sh_mpcc_dro_straight_o1_c1_m3_boost_0_s40,straight_o1_c1_m3_boost_0_s40,boost_0,sh_mpcc_dro,78,40,27,0,0,28,0.0030816628567016955,turn_left,0.008207996279453681,0.3754464246549109,0,0,0.2542372881355932,0.2542372881355932,0.0
sh_mpcc_dro_straight_o1_c1_m3_boost_0_s40,straight_o1_c1_m3_boost_0_s40,boost_0,sh_mpcc_dro,78,40,27,0,0,28,0.0030816628567016955,turn_right,0.005435085144948591,0.5669944029424849,0,0,0.4576271186440678,0.4576271186440678,0.0
sh_mpcc_dro_straight_o1_c1_m3_boost_0_s40,straight_o1_c1_m3_boost_0_s40,boost_0,sh_mpcc_dro,78,40,28,0,0,29,0.0030352660858897727,constant_velocity,0.004929010997895217,0.6157961682751144,0,0,0.2786885245901639,0.0,0.0
sh_mpcc_dro_straight_o1_c1_m3_boost_0_s40,straight_o1_c1_m3_boost_0_s40,boost_0,sh_mpcc_dro,78,40,28,0,0,29,0.0030352660858897727,turn_left,0.008385880983230494,0.36194957834000846,0,0,0.2459016393442623,0.607538574336438,0.0072531245790457555
sh_mpcc_dro_straight_o1_c1_m3_boost_0_s40,straight_o1_c1_m3_boost_0_s40,boost_0,sh_mpcc_dro,78,40,28,0,0,29,0.0030352660858897727,turn_right,0.005256885631999506,0.5773886476459791,0,0,0.47540983606557374,0.39246142566356224,0.0
sh_mpcc_dro_straight_o1_c1_m3_boost_0_s40,straight_o1_c1_m3_boost_0_s40,boost_0,sh_mpcc_dro,78,40,29,0,0,30,0.002987914653251442,constant_velocity,0.004989467842746565,0.5988443552342201,0,0,0.2698412698412698,0.0,0.1123410551853298
sh_mpcc_dro_straight_o1_c1_m3_boost_0_s40,straight_o1_c1_m3_boost_0_s40,boost_0,sh_mpcc_dro,78,40,29,0,0,30,0.002987914653251442,turn_left,0.008552471420101064,0.34936271710056577,0,0,0.23809523809523808,0.5918461851947121,0.12736192644075134
sh_mpcc_dro_straight_o1_c1_m3_boost_0_s40,straight_o1_c1_m3_boost_0_s40,boost_0,sh_mpcc_dro,78,40,29,0,0,30,0.002987914653251442,turn_right,0.005090000373840656,0.5870165881730404,0,0,0.49206349206349204,0.40815381480528784,0.0979412534716958
sh_mpcc_dro_straight_o1_c1_m3_boost_0_s40,straight_o1_c1_m3_boost_0_s40,boost_0,sh_mpcc_dro,78,40,3,0,0,4,0.005906429844018317,constant_velocity,0.0037273099694826277,1.5846360759843552,0,1,0.45454545454545453,0.0,0.1933146141178557
sh_mpcc_dro_straight_o1_c1_m3_boost_0_s40,straight_o1_c1_m3_boost_0_s40,boost_0,sh_mpcc_dro,78,40,3,0,0,4,0.005906429844018317,turn_left,0.0068243133897765654,0.8654980371895992,0,0,0.2727272727272727,0.9326743015759855,0.19561494343094954
sh_mpcc_dro_straight_o1_c1_m3_boost_0_s40,straight_o1_c1_m3_boost_0_s40,boost_0,sh_mpcc_dro,78,40,3,0,0,4,0.005906429844018317,turn_right,0.0068243133897765654,0.8654980371895992,0,0,0.2727272727272727,0.0673256984240144,0.19296664868435615
sh_mpcc_dro_straight_o1_c1_m3_boost_0_s40,straight_o1_c1_m3_boost_0_s40,boost_0,sh_mpcc_dro,78,40,30,0,0,31,0.0029201217114124714,constant_velocity,0.004835945755277361,0.6038367382896731,0,0,0.2923076923076923,0.0,0.053088086461041156
sh_mpcc_dro_straight_o1_c1_m3_boost_0_s40,straight_o1_c1_m3_boost_0_s40,boost_0,sh_mpcc_dro,78,40,30,0,0,31,0.0029201217114124714,turn_left,0.008499576964427717,0.3435608293958293,0,0,0.23076923076923078,0.5907533984341272,0.06891916898460193
sh_mpcc_dro_straight_o1_c1_m3_boost_0_s40,straight_o1_c1_m3_boost_0_s40,boost_0,sh_mpcc_dro,78,40,30,0,0,31,0.0029201217114124714,turn_right,0.005143643488821425,0.5677146399743124,0,0,0.47692307692307695,0.40924660156587295,0.037444871234101396
sh_mpcc_dro_straight_o1_c1_m3_boost_0_s40,straight_o1_c1_m3_boost_0_s40,boost_0,sh_mpcc_dro,78,40,31,0,0,32,0.0028760030334796746,constant_velocity,0.004895571303200959,0.5874703595061941,0,0,0.2835820895522388,0.7044563769596678,0.06073184491896236
sh_mpcc_dro_straight_o1_c1_m3_boost_0_s40,straight_o1_c1_m3_boost_0_s40,boost_0,sh_mpcc_dro,78,40,31,0,0,32,0.0028760030334796746,turn_left,0.008652827793688086,0.3323772415276323,0,0,0.22388059701492538,0.22388059701492538,0.07685212727693341
sh_mpcc_dro_straight_o1_c1_m3_boost_0_s40,straight_o1_c1_m3_boost_0_s40,boost_0,sh_mpcc_dro,78,40,31,0,0,32,0.0028760030334796746,turn_right,0.004990101892140188,0.5763415448509399,0,0,0.4925373134328358,0.0716630260254068,0.04429984311945595
sh_mpcc_dro_straight_o1_c1_m3_boost_0_s40,straight_o1_c1_m3_boost_0_s40,boost_0,sh_mpcc_dro,78,40,32,0,0,33,0.0028139869752220026,constant_velocity,0.004753670685716761,0.5919608574647632,0,0,0.30434782608695654,0.7161466834537602,0.03417774295840262
sh_mpcc_dro_straight_o1_c1_m3_boost_0_s40,straight_o1_c1_m3_boost_0_s40,boost_0,sh_mpcc_dro,78,40,32,0,0,33,0.0028139869752220026,turn_left,0.008600090802877297,0.32720433303803476,0,0,0.21739130434782608,0.21739130434782608,0.05009407603570165
sh_mpcc_dro_straight_o1_c1_m3_boost_0_s40,straight_o1_c1_m3_boost_0_s40,boost_0,sh_mpcc_dro,78,40,32,0,0,33,0.0028139869752220026,turn_right,0.005043530869490152,0.5579398734812279,0,0,0.4782608695652174,0.06646201219841374,0.017519253727086126
sh_mpcc_dro_straight_o1_c1_m3_boost_0_s40,straight_o1_c1_m3_boost_0_s40,boost_0,sh_mpcc_dro,78,40,33,0,0,34,0.002772889980361778,constant_velocity,0.004812254655435095,0.5762143067865285,0,0,0.29577464788732394,0.29577464788732394,0.0
sh_mpcc_dro_straight_o1_c1_m3_boost_0_s40,straight_o1_c1_m3_boost_0_s40,boost_0,sh_mpcc_dro,78,40,33,0,0,34,0.002772889980361778,turn_left,0.008741876406870894,0.31719620036979207,0,0,0.2112676056338028,0.2112676056338028,0.0
sh_mpcc_dro_straight_o1_c1_m3_boost_0_s40,straight_o1_c1_m3_boost_0_s40,boost_0,sh_mpcc_dro,78,40,33,0,0,34,0.002772889980361778,turn_right,0.004901459577391838,0.5657273994774608,0,0,0.49295774647887325,0.49295774647887325,0.0
sh_mpcc_dro_straight_o1_c1_m3_boost_0_s40,straight_o1_c1_m3_boost_0_s40,boost_0,sh_mpcc_dro,78,40,34,0,0,35,0.002748349546009335,constant_velocity,0.004867628544620901,0.5646177642389064,0,0,0.2876712328767123,0.6898647087729378,0.03002340345934426
sh_mpcc_dro_straight_o1_c1_m3_boost_0_s40,straight_o1_c1_m3_boost_0_s40,boost_0,sh_mpcc_dro,78,40,34,0,0,35,0.002748349546009335,turn_left,0.00850237294366904,0.3232450004508196,0,0,0.2328767123287671,0.2328767123287671,0.04185970129141034
sh_mpcc_dro_straight_o1_c1_m3_boost_0_s40,straight_o1_c1_m3_boost_0_s40,boost_0,sh_mpcc_dro,78,40,34,0,0,35,0.002748349546009335,turn_right,0.005140693006631762,0.53462627362961,0,0,0.4794520547945205,0.07725857889829502,0.01733312013158403
sh_mpcc_dro_straight_o1_c1_m3_boost_0_s40,straight_o1_c1_m3_boost_0_s40,boost_0,sh_mpcc_dro,78,40,35,0,0,36,0.002720315554955815,constant_velocity,0.00492004915971687,0.5529041411269879,0,0,0.28,0.0,0.0028385580386646875
sh_mpcc_dro_straight_o1_c1_m3_boost_0_s40,straight_o1_c1_m3_boost_0_s40,boost_0,sh_mpcc_dro,78,40,35,0,0,36,0.002720315554955815,turn_left,0.00827564299850445,0.32871349760343965,0,0,0.25333333333333335,0.5925231454039726,0.007373064033476748
sh_mpcc_dro_straight_o1_c1_m3_boost_0_s40,straight_o1_c1_m3_boost_0_s40,boost_0,sh_mpcc_dro,78,40,35,0,0,36,0.002720315554955815,turn_right,0.005367167319645611,0.5068438140541209,0,0,0.4666666666666667,0.40747685459602756,0.0
sh_mpcc_dro_straight_o1_c1_m3_boost_0_s40,straight_o1_c1_m3_boost_0_s40,boost_0,sh_mpcc_dro,78,40,36,0,0,37,0.0026897853238878455,constant_velocity,0.004969746625976749,0.5412318828948744,0,0,0.2727272727272727,0.6663504602871884,0.03166616554770263
sh_mpcc_dro_straight_o1_c1_m3_boost_0_s40,straight_o1_c1_m3_boost_0_s40,boost_0,sh_mpcc_dro,78,40,36,0,0,37,0.0026897853238878455,turn_left,0.008060691232309595,0.3336916458363277,0,0,0.2727272727272727,0.2727272727272727,0.039560190551684915
sh_mpcc_dro_straight_o1_c1_m3_boost_0_s40,straight_o1_c1_m3_boost_0_s40,boost_0,sh_mpcc_dro,78,40,36,0,0,37,0.0026897853238878455,turn_right,0.0055818767332822036,0.4818783094671141,0,0,0.45454545454545453,0.060922266985538875,0.02208307076044945
sh_mpcc_dro_straight_o1_c1_m3_boost_0_s40,straight_o1_c1_m3_boost_0_s40,boost_0,sh_mpcc_dro,78,40,37,0,0,38,0.002639640062867412,constant_velocity,0.00484393025569892,0.5449376691090578,0,0,0.2911392405063291,0.677424170507688,0.014786688038615936
sh_mpcc_dro_straight_o1_c1_m3_boost_0_s40,straight_o1_c1_m3_boost_0_s40,boost_0,sh_mpcc_dro,78,40,37,0,0,38,0.002639640062867412,turn_left,0.008029620608978175,0.3287378310148236,0,0,0.26582278481012656,0.26582278481012656,0.020039181244250734
sh_mpcc_dro_straight_o1_c1_m3_boost_0_s40,straight_o1_c1_m3_boost_0_s40,boost_0,sh_mpcc_dro,78,40,37,0,0,38,0.002639640062867412,turn_right,0.005613560907394569,0.4702256030375116,0,0,0.4430379746835443,0.05675304468218534,0.008974152621950296
sh_mpcc_dro_straight_o1_c1_m3_boost_0_s40,straight_o1_c1_m3_boost_0_s40,boost_0,sh_mpcc_dro,78,40,38,0,0,39,0.002590961060754151,constant_velocity,0.004724327039508823,0.5484296576181836,0,0,0.30864197530864196,0.30864197530864196,0.0
sh_mpcc_dro_straight_o1_c1_m3_boost_0_s40,straight_o1_c1_m3_boost_0_s40,boost_0,sh_mpcc_dro,78,40,38,0,0,39,0.002590961060754151,turn_left,0.0080000843374162,0.32386671833399167,0,0,0.25925925925925924,0.25925925925925924,0.0
sh_mpcc_dro_straight_o1_c1_m3_boost_0_s40,straight_o1_c1_m3_boost_0_s40,boost_0,sh_mpcc_dro,78,40,38,0,0,39,0.002590961060754151,turn_right,0.0056436804309334225,0.45909067539559917,0,0,0.43209876543209874,0.43209876543209874,0.0
sh_mpcc_dro_straight_o1_c1_m3_boost_0_s40,straight_o1_c1_m3_boost_0_s40,boost_0,sh_mpcc_dro,78,40,39,0,0,40,0.002543727040559192,constant_velocity,0.004610487833737526,0.551726223404238,0,0,0.3253012048192771,0.3253012048192771,0.0
sh_mpcc_dro_straight_o1_c1_m3_boost_0_s40,straight_o1_c1_m3_boost_0_s40,boost_0,sh_mpcc_dro,78,40,39,0,0,40,0.002543727040559192,turn_left,0.007971971500628295,0.31908381011631975,0,0,0.25301204819277107,0.25301204819277107,0.0
sh_mpcc_dro_straight_o1_c1_m3_boost_0_s40,straight_o1_c1_m3_boost_0_s40,boost_0,sh_mpcc_dro,78,40,39,0,0,40,0.002543727040559192,turn_right,0.0056723484111691974,0.4484433705712504,0,0,0.42168674698795183,0.42168674698795183,0.0
sh_mpcc_dro_straight_o1_c1_m3_boost_0_s40,straight_o1_c1_m3_boost_0_s40,boost_0,sh_mpcc_dro,78,40,4,0,0,5,0.006223365867829832,constant_velocity,0.0042051702219804005,1.4799319740495485,0,1,0.38461538461538464,0.0,0.14797174390706705
sh_mpcc_dro_straight_o1_c1_m3_boost_0_s40,straight_o1_c1_m3_boost_0_s40,boost_0,sh_mpcc_dro,78,40,4,0,0,5,0.006223365867829832,turn_left,0.007871877444372554,0.7905821593143312,0,0,0.23076923076923078,0.8790835789968028,0.15672584527771977
sh_mpcc_dro_straight_o1_c1_m3_boost_0_s40,straight_o1_c1_m3_boost_0_s40,boost_0,sh_mpcc_dro,78,40,4,0,0,5,0.006223365867829832,turn_right,0.005774419022118633,1.0777475351185166,0,1,0.38461538461538464,0.12091642100319734,0.14090592024188142
sh_mpcc_dro_straight_o1_c1_m3_boost_0_s40,straight_o1_c1_m3_boost_0_s40,boost_0,sh_mpcc_dro,78,40,40,0,0,41,0.002517701005986055,constant_velocity,0.004662791687313541,0.5399557121190255,0,0,0.3176470588235294,0.3176470588235294,0.0
sh_mpcc_dro_straight_o1_c1_m3_boost_0_s40,straight_o1_c1_m3_boost_0_s40,boost_0,sh_mpcc_dro,78,40,40,0,0,41,0.002517701005986055,turn_left,0.007784395700613512,0.32342921696383287,0,0,0.27058823529411763,0.27058823529411763,0.0
sh_mpcc_dro_straight_o1_c1_m3_boost_0_s40,straight_o1_c1_m3_boost_0_s40,boost_0,sh_mpcc_dro,78,40,40,0,0,41,0.002517701005986055,turn_right,0.0058596691484275746,0.42966606854615214,0,0,0.4117647058823529,0.4117647058823529,0.0
sh_mpcc_dro_straight_o1_c1_m3_boost_0_s40,straight_o1_c1_m3_boost_0_s40,boost_0,sh_mpcc_dro,78,40,41,0,0,42,0.0024903201932332426,constant_velocity,0.00471269076601263,0.5284285171420833,0,0,0.3103448275862069,0.3103448275862069,0.0
sh_mpcc_dro_straight_o1_c1_m3_boost_0_s40,straight_o1_c1_m3_boost_0_s40,boost_0,sh_mpcc_dro,78,40,41,0,0,42,0.0024903201932332426,turn_left,0.007605444075311956,0.3274391565532741,0,0,0.28735632183908044,0.28735632183908044,0.0
sh_mpcc_dro_straight_o1_c1_m3_boost_0_s40,straight_o1_c1_m3_boost_0_s40,boost_0,sh_mpcc_dro,78,40,41,0,0,42,0.0024903201932332426,turn_right,0.006038377437996071,0.4124154574311761,0,0,0.40229885057471265,0.40229885057471265,0.0
sh_mpcc_dro_straight_o1_c1_m3_boost_0_s40,straight_o1_c1_m3_boost_0_s40,boost_0,sh_mpcc_dro,78,40,42,0,0,43,0.0024481762936758083,constant_velocity,0.004606787602731396,0.531428080648708,0,0,0.3258426966292135,0.3258426966292135,0.0
sh_mpcc_dro_straight_o1_c1_m3_boost_0_s40,straight_o1_c1_m3_boost_0_s40,boost_0,sh_mpcc_dro,78,40,42,0,0,43,0.0024481762936758083,turn_left,0.0075880948064447895,0.32263385686700974,0,0,0.2808988764044944,0.2808988764044944,0.0
sh_mpcc_dro_straight_o1_c1_m3_boost_0_s40,straight_o1_c1_m3_boost_0_s40,boost_0,sh_mpcc_dro,78,40,42,0,0,43,0.0024481762936758083,turn_right,0.006056243149742561,0.40424009293284,0,0,0.39325842696629215,0.39325842696629215,0.0
sh_mpcc_dro_straight_o1_c1_m3_boost_0_s40,straight_o1_c1_m3_boost_0_s40,boost_0,sh_mpcc_dro,78,40,43,0,0,44,0.002407209587387531,constant_velocity,0.004505539523550487,0.5342777651388984,0,0,0.34065934065934067,0.34065934065934067,0.0
sh_mpcc_dro_straight_o1_c1_m3_boost_0_s40,straight_o1_c1_m3_boost_0_s40,boost_0,sh_mpcc_dro,78,40,43,0,0,44,0.002407209587387531,turn_left,0.007571508142802446,0.3179300004683808,0,0,0.27472527472527475,0.27472527472527475,0.0
sh_mpcc_dro_straight_o1_c1_m3_boost_0_s40,straight_o1_c1_m3_boost_0_s40,boost_0,sh_mpcc_dro,78,40,43,0,0,44,0.002407209587387531,turn_right,0.006073323555478291,0.3963578698546642,0,0,0.38461538461538464,0.38461538461538464,0.0
sh_mpcc_dro_straight_o1_c1_m3_boost_0_s40,straight_o1_c1_m3_boost_0_s40,boost_0,sh_mpcc_dro,78,40,44,0,0,45,0.0023823038700852115,constant_velocity,0.004555601073812157,0.5229395268562627,0,0,0.3333333333333333,0.3333333333333333,0.0
sh_mpcc_dro_straight_o1_c1_m3_boost_0_s40,straight_o1_c1_m3_boost_0_s40,boost_0,sh_mpcc_dro,78,40,44,0,0,45,0.0023823038700852115,turn_left,0.007408680010699167,0.32155577871426927,0,0,0.2903225806451613,0.2903225806451613,0.0
sh_mpcc_dro_straight_o1_c1_m3_boost_0_s40,straight_o1_c1_m3_boost_0_s40,boost_0,sh_mpcc_dro,78,40,44,0,0,45,0.0023823038700852115,turn_right,0.006235907559546506,0.382030016855872,0,0,0.3763440860215054,0.3763440860215054,0.0
sh_mpcc_dro_straight_o1_c1_m3_boost_0_s40,straight_o1_c1_m3_boost_0_s40,boost_0,sh_mpcc_dro,78,40,45,0,0,46,0.002365180356266117,constant_velocity,0.004603554769325927,0.5137726115534924,0,0,0.3263157894736842,0.3263157894736842,0.0
sh_mpcc_dro_straight_o1_c1_m3_boost_0_s40,straight_o1_c1_m3_boost_0_s40,boost_0,sh_mpcc_dro,78,40,45,0,0,46,0.002365180356266117,turn_left,0.0075397284261507404,0.31369569599652186,0,0,0.28421052631578947,0.28421052631578947,0.0
sh_mpcc_dro_straight_o1_c1_m3_boost_0_s40,straight_o1_c1_m3_boost_0_s40,boost_0,sh_mpcc_dro,78,40,45,0,0,46,0.002365180356266117,turn_right,0.006104625295134968,0.3874407096125995,0,0,0.3894736842105263,0.3894736842105263,0.0
sh_mpcc_dro_straight_o1_c1_m3_boost_0_s40,straight_o1_c1_m3_boost_0_s40,boost_0,sh_mpcc_dro,78,40,46,0,0,47,0.0023280743624992865,constant_velocity,0.004508636114288322,0.5163588951260415,0,0,0.3402061855670103,0.3402061855670103,0.0
sh_mpcc_dro_straight_o1_c1_m3_boost_0_s40,straight_o1_c1_m3_boost_0_s40,boost_0,sh_mpcc_dro,78,40,46,0,0,47,0.0023280743624992865,turn_left,0.007525164986657313,0.309371869803139,0,0,0.27835051546391754,0.27835051546391754,0.0
sh_mpcc_dro_straight_o1_c1_m3_boost_0_s40,straight_o1_c1_m3_boost_0_s40,boost_0,sh_mpcc_dro,78,40,46,0,0,47,0.0023280743624992865,turn_right,0.0061196516109202235,0.3804259638481625,0,0,0.38144329896907214,0.38144329896907214,0.0
sh_mpcc_dro_straight_o1_c1_m3_boost_0_s40,straight_o1_c1_m3_boost_0_s40,boost_0,sh_mpcc_dro,78,40,47,0,0,48,0.0023111084287449385,constant_velocity,0.004555601073812159,0.5073114153981413,0,0,0.3333333333333333,0.3333333333333333,0.0
sh_mpcc_dro_straight_o1_c1_m3_boost_0_s40,straight_o1_c1_m3_boost_0_s40,boost_0,sh_mpcc_dro,78,40,47,0,0,48,0.0023111084287449385,turn_left,0.007648565284798585,0.30216234583736035,0,0,0.2727272727272727,0.2727272727272727,0.0
sh_mpcc_dro_straight_o1_c1_m3_boost_0_s40,straight_o1_c1_m3_boost_0_s40,boost_0,sh_mpcc_dro,78,40,47,0,0,48,0.0023111084287449385,turn_right,0.005996022285447086,0.3854402666838343,0,0,0.3939393939393939,0.3939393939393939,0.0
sh_mpcc_dro_straight_o1_c1_m3_boost_0_s40,straight_o1_c1_m3_boost_0_s40,boost_0,sh_mpcc_dro,78,40,48,0,0,49,0.0022760475886088446,constant_velocity,0.004465391151558506,0.5097084468881211,0,0,0.3465346534653465,0.3465346534653465,0.0
sh_mpcc_dro_straight_o1_c1_m3_boost_0_s40,straight_o1_c1_m3_boost_0_s40,boost_0,sh_mpcc_dro,78,40,48,0,0,49,0.0022760475886088446,turn_left,0.007632423429866178,0.29820771993630746,0,0,0.26732673267326734,0.26732673267326734,0.0
sh_mpcc_dro_straight_o1_c1_m3_boost_0_s40,straight_o1_c1_m3_boost_0_s40,boost_0,sh_mpcc_dro,78,40,48,0,0,49,0.0022760475886088446,turn_right,0.006012604054264433,0.3785460622497768,0,0,0.38613861386138615,0.38613861386138615,0.0
sh_mpcc_dro_straight_o1_c1_m3_boost_0_s40,straight_o1_c1_m3_boost_0_s40,boost_0,sh_mpcc_dro,78,40,49,0,0,50,0.002259348517764469,constant_velocity,0.0045113719371732645,0.5008118481980298,0,0,0.33980582524271846,0.33980582524271846,0.0
sh_mpcc_dro_straight_o1_c1_m3_boost_0_s40,straight_o1_c1_m3_boost_0_s40,boost_0,sh_mpcc_dro,78,40,49,0,0,50,0.002259348517764469,turn_left,0.007748948795201791,0.29156838914246985,0,0,0.2621359223300971,0.2621359223300971,0.0
sh_mpcc_dro_straight_o1_c1_m3_boost_0_s40,straight_o1_c1_m3_boost_0_s40,boost_0,sh_mpcc_dro,78,40,49,0,0,50,0.002259348517764469,turn_right,0.0058958544609777445,0.3832096827895219,0,0,0.39805825242718446,0.39805825242718446,0.0
sh_mpcc_dro_straight_o1_c1_m3_boost_0_s40,straight_o1_c1_m3_boost_0_s40,boost_0,sh_mpcc_dro,78,40,5,0,0,6,0.006165805839436964,constant_velocity,0.004555601073812094,1.353456051031585,0,1,0.3333333333333333,0.0,0.1028635831664694
sh_mpcc_dro_straight_o1_c1_m3_boost_0_s40,straight_o1_c1_m3_boost_0_s40,boost_0,sh_mpcc_dro,78,40,5,0,0,6,0.006165805839436964,turn_left,0.008640091084409624,0.713627411933502,0,0,0.2,0.8185140337379002,0.11540593984858061
sh_mpcc_dro_straight_o1_c1_m3_boost_0_s40,straight_o1_c1_m3_boost_0_s40,boost_0,sh_mpcc_dro,78,40,5,0,0,6,0.006165805839436964,turn_right,0.00500449648583614,1.232053185947396,0,1,0.4666666666666667,0.1814859662620998,0.09156354170567421
sh_mpcc_dro_straight_o1_c1_m3_boost_0_s40,straight_o1_c1_m3_boost_0_s40,boost_0,sh_mpcc_dro,78,40,50,0,0,51,0.002226190604019352,constant_velocity,0.004425441043131736,0.5030437830539828,0,0,0.3523809523809524,0.3523809523809524,0.0
sh_mpcc_dro_straight_o1_c1_m3_boost_0_s40,straight_o1_c1_m3_boost_0_s40,boost_0,sh_mpcc_dro,78,40,50,0,0,51,0.002226190604019352,turn_left,0.007731509801211729,0.28793737074102266,0,0,0.2571428571428571,0.2571428571428571,0.0
sh_mpcc_dro_straight_o1_c1_m3_boost_0_s40,straight_o1_c1_m3_boost_0_s40,boost_0,sh_mpcc_dro,78,40,50,0,0,51,0.002226190604019352,turn_right,0.0059137125019250066,0.37644552441375734,0,0,0.3904761904761905,0.3904761904761905,0.0
sh_mpcc_dro_straight_o1_c1_m3_boost_0_s40,straight_o1_c1_m3_boost_0_s40,boost_0,sh_mpcc_dro,78,40,51,0,0,52,0.0022098329217681025,constant_velocity,0.004470449651871667,0.49432005589032857,0,0,0.34579439252336447,0.34579439252336447,0.0
sh_mpcc_dro_straight_o1_c1_m3_boost_0_s40,straight_o1_c1_m3_boost_0_s40,boost_0,sh_mpcc_dro,78,40,51,0,0,52,0.0022098329217681025,turn_left,0.007841826996416187,0.2818007745870986,0,0,0.2523364485981308,0.2523364485981308,0.0
sh_mpcc_dro_straight_o1_c1_m3_boost_0_s40,straight_o1_c1_m3_boost_0_s40,boost_0,sh_mpcc_dro,78,40,51,0,0,52,0.0022098329217681025,turn_right,0.005803175819646034,0.3807971687307747,0,0,0.40186915887850466,0.40186915887850466,0.0
sh_mpcc_dro_straight_o1_c1_m3_boost_0_s40,straight_o1_c1_m3_boost_0_s40,boost_0,sh_mpcc_dro,78,40,52,0,0,53,0.002192940604382608,constant_velocity,0.00451380656854769,0.48582954787275767,0,0,0.3394495412844037,0.3394495412844037,0.0
sh_mpcc_dro_straight_o1_c1_m3_boost_0_s40,straight_o1_c1_m3_boost_0_s40,boost_0,sh_mpcc_dro,78,40,52,0,0,53,0.002192940604382608,turn_left,0.007948095854181948,0.2759076695368208,0,0,0.24770642201834864,0.24770642201834864,0.0
sh_mpcc_dro_straight_o1_c1_m3_boost_0_s40,straight_o1_c1_m3_boost_0_s40,boost_0,sh_mpcc_dro,78,40,52,0,0,53,0.002192940604382608,turn_right,0.0056966955293772225,0.3849495892967877,0,0,0.41284403669724773,0.41284403669724773,0.0
sh_mpcc_dro_straight_o1_c1_m3_boost_0_s40,straight_o1_c1_m3_boost_0_s40,boost_0,sh_mpcc_dro,78,40,53,0,0,54,0.0021624765795403194,constant_velocity,0.004432476720465658,0.48787093896189454,0,0,0.35135135135135137,0.35135135135135137,0.0
sh_mpcc_dro_straight_o1_c1_m3_boost_0_s40,straight_o1_c1_m3_boost_0_s40,boost_0,sh_mpcc_dro,78,40,53,0,0,54,0.0021624765795403194,turn_left,0.007928011273218584,0.27276406465834974,0,0,0.24324324324324326,0.24324324324324326,0.0
sh_mpcc_dro_straight_o1_c1_m3_boost_0_s40,straight_o1_c1_m3_boost_0_s40,boost_0,sh_mpcc_dro,78,40,53,0,0,54,0.0021624765795403194,turn_right,0.0057171767200318805,0.37824203893565506,0,0,0.40540540540540543,0.40540540540540543,0.0
sh_mpcc_dro_straight_o1_c1_m3_boost_0_s40,straight_o1_c1_m3_boost_0_s40,boost_0,sh_mpcc_dro,78,40,54,0,0,55,0.0021460662434585782,constant_velocity,0.004474970966310827,0.479570987077889,0,0,0.34513274336283184,0.34513274336283184,0.0
sh_mpcc_dro_straight_o1_c1_m3_boost_0_s40,straight_o1_c1_m3_boost_0_s40,boost_0,sh_mpcc_dro,78,40,54,0,0,55,0.0021460662434585782,turn_left,0.008028993016075778,0.267289589013428,0,0,0.23893805309734514,0.23893805309734514,0.0
sh_mpcc_dro_straight_o1_c1_m3_boost_0_s40,straight_o1_c1_m3_boost_0_s40,boost_0,sh_mpcc_dro,78,40,54,0,0,55,0.0021460662434585782,turn_right,0.005615987751535743,0.3821351360447175,0,0,0.415929203539823,0.415929203539823,0.0
sh_mpcc_dro_straight_o1_c1_m3_boost_0_s40,straight_o1_c1_m3_boost_0_s40,boost_0,sh_mpcc_dro,78,40,55,0,0,56,0.0021293041502392497,constant_velocity,0.004515987151430921,0.4715035891022333,0,0,0.3391304347826087,0.3391304347826087,0.0
sh_mpcc_dro_straight_o1_c1_m3_boost_0_s40,straight_o1_c1_m3_boost_0_s40,boost_0,sh_mpcc_dro,78,40,55,0,0,56,0.0021293041502392497,turn_left,0.008126462350485858,0.26202104414006727,0,0,0.23478260869565218,0.23478260869565218,0.0
sh_mpcc_dro_straight_o1_c1_m3_boost_0_s40,straight_o1_c1_m3_boost_0_s40,boost_0,sh_mpcc_dro,78,40,55,0,0,56,0.0021293041502392497,turn_right,0.0055183183993350905,0.3858610533411433,0,0,0.4260869565217391,0.4260869565217391,0.0
sh_mpcc_dro_straight_o1_c1_m3_boost_0_s40,straight_o1_c1_m3_boost_0_s40,boost_0,sh_mpcc_dro,78,40,56,0,0,57,0.0021122691350837935,constant_velocity,0.004555601073811946,0.463664201684879,0,0,0.3333333333333333,0.3333333333333333,0.0
sh_mpcc_dro_straight_o1_c1_m3_boost_0_s40,straight_o1_c1_m3_boost_0_s40,boost_0,sh_mpcc_dro,78,40,56,0,0,57,0.0021122691350837935,turn_left,0.008220599399958613,0.25694831146916464,0,0,0.23076923076923078,0.23076923076923078,0.0
sh_mpcc_dro_straight_o1_c1_m3_boost_0_s40,straight_o1_c1_m3_boost_0_s40,boost_0,sh_mpcc_dro,78,40,56,0,0,57,0.0021122691350837935,turn_right,0.005423988170286692,0.3894309996203673,0,0,0.4358974358974359,0.4358974358974359,0.0
sh_mpcc_dro_straight_o1_c1_m3_boost_0_s40,straight_o1_c1_m3_boost_0_s40,boost_0,sh_mpcc_dro,78,40,57,0,0,58,0.002095029139547818,constant_velocity,0.004593883435776971,0.45604751814811395,0,0,0.3277310924369748,0.3277310924369748,0.0
sh_mpcc_dro_straight_o1_c1_m3_boost_0_s40,straight_o1_c1_m3_boost_0_s40,boost_0,sh_mpcc_dro,78,40,57,0,0,58,0.002095029139547818,turn_left,0.00831157217886088,0.25206171521630777,0,0,0.226890756302521,0.226890756302521,0.0
sh_mpcc_dro_straight_o1_c1_m3_boost_0_s40,straight_o1_c1_m3_boost_0_s40,boost_0,sh_mpcc_dro,78,40,57,0,0,58,0.002095029139547818,turn_right,0.005332828705240107,0.39285513474100814,0,0,0.44537815126050423,0.44537815126050423,0.0
sh_mpcc_dro_straight_o1_c1_m3_boost_0_s40,straight_o1_c1_m3_boost_0_s40,boost_0,sh_mpcc_dro,78,40,58,0,0,59,0.0020846239297477942,constant_velocity,0.004630900265115069,0.4501552204549573,0,0,0.32231404958677684,0.32231404958677684,0.0
sh_mpcc_dro_straight_o1_c1_m3_boost_0_s40,straight_o1_c1_m3_boost_0_s40,boost_0,sh_mpcc_dro,78,40,58,0,0,59,0.0020846239297477942,turn_left,0.008174190820532652,0.2550251120283921,0,0,0.2396694214876033,0.2396694214876033,0.0
sh_mpcc_dro_straight_o1_c1_m3_boost_0_s40,straight_o1_c1_m3_boost_0_s40,boost_0,sh_mpcc_dro,78,40,58,0,0,59,0.0020846239297477942,turn_right,0.00547002954886701,0.3810992081714761,0,0,0.4380165289256198,0.4380165289256198,0.0
sh_mpcc_dro_straight_o1_c1_m3_boost_0_s40,straight_o1_c1_m3_boost_0_s40,boost_0,sh_mpcc_dro,78,40,59,0,0,60,0.0020588629581437382,constant_velocity,0.004555601073812091,0.45194101168759665,0,0,0.3333333333333333,0.3333333333333333,0.0
sh_mpcc_dro_straight_o1_c1_m3_boost_0_s40,straight_o1_c1_m3_boost_0_s40,boost_0,sh_mpcc_dro,78,40,59,0,0,60,0.0020588629581437382,turn_left,0.008152389369966425,0.252547181532893,0,0,0.23577235772357724,0.23577235772357724,0.0
sh_mpcc_dro_straight_o1_c1_m3_boost_0_s40,straight_o1_c1_m3_boost_0_s40,boost_0,sh_mpcc_dro,78,40,59,0,0,60,0.0020588629581437382,turn_right,0.005492198200278868,0.3748704768227772,0,0,0.43089430894308944,0.43089430894308944,0.0
sh_mpcc_dro_straight_o1_c1_m3_boost_0_s40,straight_o1_c1_m3_boost_0_s40,boost_0,sh_mpcc_dro,78,40,6,0,0,7,0.0059489401013677265,constant_velocity,0.00482357760756582,1.2333045273360517,0,1,0.29411764705882354,0.0,0.13901919123884912
sh_mpcc_dro_straight_o1_c1_m3_boost_0_s40,straight_o1_c1_m3_boost_0_s40,boost_0,sh_mpcc_dro,78,40,6,0,0,7,0.0059489401013677265,turn_left,0.00922754857384976,0.6446934474261794,0,0,0.17647058823529413,0.7595178535569036,0.15303481428628302
sh_mpcc_dro_straight_o1_c1_m3_boost_0_s40,straight_o1_c1_m3_boost_0_s40,boost_0,sh_mpcc_dro,78,40,6,0,0,7,0.0059489401013677265,turn_right,0.0044157321933848675,1.34721487645463,0,1,0.5294117647058824,0.2404821464430964,0.12593489671573327
sh_mpcc_dro_straight_o1_c1_m3_boost_0_s40,straight_o1_c1_m3_boost_0_s40,boost_0,sh_mpcc_dro,78,40,7,0,0,8,0.0054697724557340585,constant_velocity,0.004315832596243172,1.2673736373591884,0,1,0.3684210526315789,0.0,0.09397325090031453
sh_mpcc_dro_straight_o1_c1_m3_boost_0_s40,straight_o1_c1_m3_boost_0_s40,boost_0,sh_mpcc_dro,78,40,7,0,0,8,0.0054697724557340585,turn_left,0.008975533104046399,0.609409200804813,0,0,0.15789473684210525,0.7428565036972353,0.1091237072379952
sh_mpcc_dro_straight_o1_c1_m3_boost_0_s40,straight_o1_c1_m3_boost_0_s40,boost_0,sh_mpcc_dro,78,40,7,0,0,8,0.0054697724557340585,turn_right,0.004670223710998957,1.1712013801077805,0,1,0.47368421052631576,0.2571434963027647,0.07939271371008833
sh_mpcc_dro_straight_o1_c1_m3_boost_0_s40,straight_o1_c1_m3_boost_0_s40,boost_0,sh_mpcc_dro,78,40,8,0,0,9,0.005160550564842811,constant_velocity,0.004555601073812223,1.1327924638766391,0,1,0.3333333333333333,0.0,0.042311912677207714
sh_mpcc_dro_straight_o1_c1_m3_boost_0_s40,straight_o1_c1_m3_boost_0_s40,boost_0,sh_mpcc_dro,78,40,8,0,0,9,0.005160550564842811,turn_left,0.008120720427470552,0.6354794024660474,0,0,0.23809523809523808,0.7828749579659396,0.05818373674906191
sh_mpcc_dro_straight_o1_c1_m3_boost_0_s40,straight_o1_c1_m3_boost_0_s40,boost_0,sh_mpcc_dro,78,40,8,0,0,9,0.005160550564842811,turn_right,0.005523867142775291,0.9342278573068753,0,0,0.42857142857142855,0.21712504203406036,0.026593090849647727
sh_mpcc_dro_straight_o1_c1_m3_boost_0_s40,straight_o1_c1_m3_boost_0_s40,boost_0,sh_mpcc_dro,78,40,9,0,0,10,0.004822071129439727,constant_velocity,0.0041594618500024085,1.159301684528477,0,1,0.391304347826087,0.0,0.015631120961277972
sh_mpcc_dro_straight_o1_c1_m3_boost_0_s40,straight_o1_c1_m3_boost_0_s40,boost_0,sh_mpcc_dro,78,40,9,0,0,10,0.004822071129439727,turn_left,0.008008779660796474,0.6020981140290445,0,0,0.21739130434782608,0.7662586081438862,0.024631366532643514
sh_mpcc_dro_straight_o1_c1_m3_boost_0_s40,straight_o1_c1_m3_boost_0_s40,boost_0,sh_mpcc_dro,78,40,9,0,0,10,0.004822071129439727,turn_right,0.0056377397052050715,0.8553199298980982,0,0,0.391304347826087,0.23374139185611395,0.00718166811954106
sh_mpcc_dro_straight_o1_c1_m3_boost_15_s40,straight_o1_c1_m3_boost_15_s40,boost_15,sh_mpcc_dro,77,40,0,0,0,1,0.011963274961003129,constant_velocity,0.00483024894963133,2.4767408648608535,0,1,0.6,0.6,0.0
sh_mpcc_dro_straight_o1_c1_m3_boost_15_s40,straight_o1_c1_m3_boost_15_s40,boost_15,sh_mpcc_dro,77,40,0,0,0,1,0.011963274961003129,turn_left,0.012063905147453782,0.9916585728070075,0,0,0.2,0.2,0.0
sh_mpcc_dro_straight_o1_c1_m3_boost_15_s40,straight_o1_c1_m3_boost_15_s40,boost_15,sh_mpcc_dro,77,40,0,0,0,1,0.011963274961003129,turn_right,0.012063905147453782,0.9916585728070075,0,0,0.2,0.2,0.0
sh_mpcc_dro_straight_o1_c1_m3_boost_15_s40,straight_o1_c1_m3_boost_15_s40,boost_15,sh_mpcc_dro,77,40,1,0,0,2,0.010964904464789899,constant_velocity,0.0034501778211652352,3.1780693729828395,0,1,0.7142857142857143,0.7142857142857143,0.0
sh_mpcc_dro_straight_o1_c1_m3_boost_15_s40,straight_o1_c1_m3_boost_15_s40,boost_15,sh_mpcc_dro,77,40,1,0,0,2,0.010964904464789899,turn_left,0.012067252926489365,0.9086495933735131,0,0,0.14285714285714285,0.14285714285714285,0.0
sh_mpcc_dro_straight_o1_c1_m3_boost_15_s40,straight_o1_c1_m3_boost_15_s40,boost_15,sh_mpcc_dro,77,40,1,0,0,2,0.010964904464789899,turn_right,0.012067252926489365,0.9086495933735131,0,0,0.14285714285714285,0.14285714285714285,0.0
sh_mpcc_dro_straight_o1_c1_m3_boost_15_s40,straight_o1_c1_m3_boost_15_s40,boost_15,sh_mpcc_dro,77,40,10,0,0,11,0.008355547856462375,constant_velocity,0.007728398319410103,1.081148707808857,0,1,0.36,0.0,0.010094237207024709
sh_mpcc_dro_straight_o1_c1_m3_boost_15_s40,straight_o1_c1_m3_boost_15_s40,boost_15,sh_mpcc_dro,77,40,10,0,0,11,0.008355547856462375,turn_left,0.014947993845283199,0.5589745314953382,0,0,0.2,0.03362883001658649,0.0
sh_mpcc_dro_straight_o1_c1_m3_boost_15_s40,straight_o1_c1_m3_boost_15_s40,boost_15,sh_mpcc_dro,77,40,10,0,0,11,0.008355547856462375,turn_right,0.009165755777675005,0.911604897526721,0,0,0.44,0.9663711699834135,0.032425993027731304
sh_mpcc_dro_straight_o1_c1_m3_boost_15_s40,straight_o1_c1_m3_boost_15_s40,boost_15,sh_mpcc_dro,77,40,11,0,0,12,0.008132852275677605,constant_velocity,0.008050414916052111,1.0102401379910393,0,1,0.3333333333333333,0.0,0.0
sh_mpcc_dro_straight_o1_c1_m3_boost_15_s40,straight_o1_c1_m3_boost_15_s40,boost_15,sh_mpcc_dro,77,40,11,0,0,12,0.008132852275677605,turn_left,0.015625376420820247,0.5204900065537541,0,0,0.18518518518518517,0.014691555433242685,0.0
sh_mpcc_dro_straight_o1_c1_m3_boost_15_s40,straight_o1_c1_m3_boost_15_s40,boost_15,sh_mpcc_dro,77,40,11,0,0,12,0.008132852275677605,turn_right,0.00848681090525457,0.9582930934212505,0,0,0.48148148148148145,0.9853084445667574,0.0014083182262309701
sh_mpcc_dro_straight_o1_c1_m3_boost_15_s40,straight_o1_c1_m3_boost_15_s40,boost_15,sh_mpcc_dro,77,40,12,0,0,13,0.007883273963433612,constant_velocity,0.008328015430398827,0.9465969448925581,0,0,0.3103448275862069,0.0015104511755453741,0.024623933005491566
sh_mpcc_dro_straight_o1_c1_m3_boost_15_s40,straight_o1_c1_m3_boost_15_s40,boost_15,sh_mpcc_dro,77,40,12,0,0,13,0.007883273963433612,turn_left,0.016209326916972994,0.4863418452729789,0,0,0.1724137931034483,0.0,0.0027083628090482648
sh_mpcc_dro_straight_o1_c1_m3_boost_15_s40,straight_o1_c1_m3_boost_15_s40,boost_15,sh_mpcc_dro,77,40,12,0,0,13,0.007883273963433612,turn_right,0.00790151360144398,0.9976916273349153,0,0,0.5172413793103449,0.9984895488244547,0.04500868773823538
sh_mpcc_dro_straight_o1_c1_m3_boost_15_s40,straight_o1_c1_m3_boost_15_s40,boost_15,sh_mpcc_dro,77,40,13,0,0,14,0.0076519540384330734,constant_velocity,0.00856979652353941,0.8928979839153451,0,0,0.2903225806451613,0.0,0.0
sh_mpcc_dro_straight_o1_c1_m3_boost_15_s40,straight_o1_c1_m3_boost_15_s40,boost_15,sh_mpcc_dro,77,40,13,0,0,14,0.0076519540384330734,turn_left,0.015163563890071514,0.5046276781570632,0,0,0.22580645161290322,0.05371551494446151,0.0
sh_mpcc_dro_straight_o1_c1_m3_boost_15_s40,straight_o1_c1_m3_boost_15_s40,boost_15,sh_mpcc_dro,77,40,13,0,0,14,0.0076519540384330734,turn_right,0.008946103602320751,0.855339305085629,0,0,0.4838709677419355,0.9462844850555385,0.00010022987830975161
sh_mpcc_dro_straight_o1_c1_m3_boost_15_s40,straight_o1_c1_m3_boost_15_s40,boost_15,sh_mpcc_dro,77,40,14,0,0,15,0.007446484997122104,constant_velocity,0.008782270817511487,0.8478997234148279,0,0,0.2727272727272727,0.2727272727272727,0.0
sh_mpcc_dro_straight_o1_c1_m3_boost_15_s40,straight_o1_c1_m3_boost_15_s40,boost_15,sh_mpcc_dro,77,40,14,0,0,15,0.007446484997122104,turn_left,0.015704721146129856,0.4741558240884242,0,0,0.21212121212121213,0.21212121212121213,0.0
sh_mpcc_dro_straight_o1_c1_m3_boost_15_s40,straight_o1_c1_m3_boost_15_s40,boost_15,sh_mpcc_dro,77,40,14,0,0,15,0.007446484997122104,turn_right,0.008403915505210413,0.8860732824485559,0,0,0.5151515151515151,0.5151515151515151,0.0
sh_mpcc_dro_straight_o1_c1_m3_boost_15_s40,straight_o1_c1_m3_boost_15_s40,boost_15,sh_mpcc_dro,77,40,15,0,0,16,0.007231002330523945,constant_velocity,0.008970462335029556,0.8060902616230783,0,0,0.2571428571428571,0.0,0.0
sh_mpcc_dro_straight_o1_c1_m3_boost_15_s40,straight_o1_c1_m3_boost_15_s40,boost_15,sh_mpcc_dro,77,40,15,0,0,16,0.007231002330523945,turn_left,0.014807308509208132,0.4883400873310126,0,0,0.2571428571428571,0.08589391540503331,0.0
sh_mpcc_dro_straight_o1_c1_m3_boost_15_s40,straight_o1_c1_m3_boost_15_s40,boost_15,sh_mpcc_dro,77,40,15,0,0,16,0.007231002330523945,turn_right,0.009300415111486033,0.7774924284394189,0,0,0.4857142857142857,0.9141060845949667,0.008474581260277614
sh_mpcc_dro_straight_o1_c1_m3_boost_15_s40,straight_o1_c1_m3_boost_15_s40,boost_15,sh_mpcc_dro,77,40,16,0,0,17,0.007058568706700975,constant_velocity,0.009138308823626795,0.772415207554737,0,0,0.24324324324324326,0.0,0.15464932083949925
sh_mpcc_dro_straight_o1_c1_m3_boost_15_s40,straight_o1_c1_m3_boost_15_s40,boost_15,sh_mpcc_dro,77,40,16,0,0,17,0.007058568706700975,turn_left,0.015309219325739247,0.46106653491033794,0,0,0.24324324324324326,0.07218469706528867,0.1361733269161845
sh_mpcc_dro_straight_o1_c1_m3_boost_15_s40,straight_o1_c1_m3_boost_15_s40,boost_15,sh_mpcc_dro,77,40,16,0,0,17,0.007058568706700975,turn_right,0.008797689970324627,0.802320692194217,0,0,0.5135135135135135,0.9278153029347114,0.1757186607632511
sh_mpcc_dro_straight_o1_c1_m3_boost_15_s40,straight_o1_c1_m3_boost_15_s40,boost_15,sh_mpcc_dro,77,40,17,0,0,18,0.006794743727374345,constant_velocity,0.008669677601902329,0.7837366092925324,0,0,0.28205128205128205,0.0,0.14726248251403354
sh_mpcc_dro_straight_o1_c1_m3_boost_15_s40,straight_o1_c1_m3_boost_15_s40,boost_15,sh_mpcc_dro,77,40,17,0,0,18,0.006794743727374345,turn_left,0.015143393841038709,0.44869358868291065,0,0,0.23076923076923078,0.09011231907897074,0.12670334075588247
sh_mpcc_dro_straight_o1_c1_m3_boost_15_s40,straight_o1_c1_m3_boost_15_s40,boost_15,sh_mpcc_dro,77,40,17,0,0,18,0.006794743727374345,turn_right,0.008965789067953013,0.7578522844867305,0,0,0.48717948717948717,0.9098876809210292,0.17015583168115395
sh_mpcc_dro_straight_o1_c1_m3_boost_15_s40,straight_o1_c1_m3_boost_15_s40,boost_15,sh_mpcc_dro,77,40,18,0,0,19,0.006638054610130964,constant_velocity,0.008835821249325547,0.7512662855914676,0,0,0.2682926829268293,0.0,0.14621521696237458
sh_mpcc_dro_straight_o1_c1_m3_boost_15_s40,straight_o1_c1_m3_boost_15_s40,boost_15,sh_mpcc_dro,77,40,18,0,0,19,0.006638054610130964,turn_left,0.015579943342209215,0.4260641046201454,0,0,0.21951219512195122,0.07846285973404538,0.1234253098001506
sh_mpcc_dro_straight_o1_c1_m3_boost_15_s40,straight_o1_c1_m3_boost_15_s40,boost_15,sh_mpcc_dro,77,40,18,0,0,19,0.006638054610130964,turn_right,0.008528433503662626,0.7783439487779533,0,0,0.5121951219512195,0.9215371402659547,0.1709845461167513
sh_mpcc_dro_straight_o1_c1_m3_boost_15_s40,straight_o1_c1_m3_boost_15_s40,boost_15,sh_mpcc_dro,77,40,19,0,0,20,0.006478455478795533,constant_velocity,0.008986509673732818,0.7209089751198711,0,0,0.2558139534883721,0.0,0.045148965584283524
sh_mpcc_dro_straight_o1_c1_m3_boost_15_s40,straight_o1_c1_m3_boost_15_s40,boost_15,sh_mpcc_dro,77,40,19,0,0,20,0.006478455478795533,turn_left,0.015975883587456878,0.4055146898968363,0,0,0.20930232558139536,0.06862284173502384,0.01911800158832222
sh_mpcc_dro_straight_o1_c1_m3_boost_15_s40,straight_o1_c1_m3_boost_15_s40,boost_15,sh_mpcc_dro,77,40,19,0,0,20,0.006478455478795533,turn_right,0.008131762177910982,0.7966853108903663,0,0,0.5348837209302325,0.9313771582649761,0.07241873845931962
sh_mpcc_dro_straight_o1_c1_m3_boost_15_s40,straight_o1_c1_m3_boost_15_s40,boost_15,sh_mpcc_dro,77,40,2,0,0,3,0.01225787900639368,constant_velocity,0.005366943277368143,2.283959112831305,0,1,0.5555555555555556,0.5555555555555556,0.0
sh_mpcc_dro_straight_o1_c1_m3_boost_15_s40,straight_o1_c1_m3_boost_15_s40,boost_15,sh_mpcc_dro,77,40,2,0,0,3,0.01225787900639368,turn_left,0.014739565301721491,0.831630971163175,0,0,0.1111111111111111,0.1111111111111111,0.0
sh_mpcc_dro_straight_o1_c1_m3_boost_15_s40,straight_o1_c1_m3_boost_15_s40,boost_15,sh_mpcc_dro,77,40,2,0,0,3,0.01225787900639368,turn_right,0.009385641165047285,1.306024680769044,0,1,0.3333333333333333,0.3333333333333333,0.0
sh_mpcc_dro_straight_o1_c1_m3_boost_15_s40,straight_o1_c1_m3_boost_15_s40,boost_15,sh_mpcc_dro,77,40,20,0,0,21,0.0063592004370220615,constant_velocity,0.009123803571525865,0.6969900641951841,0,0,0.24444444444444444,0.0,0.0
sh_mpcc_dro_straight_o1_c1_m3_boost_15_s40,straight_o1_c1_m3_boost_15_s40,boost_15,sh_mpcc_dro,77,40,20,0,0,21,0.0063592004370220615,turn_left,0.015265844316903072,0.4165639518530168,0,0,0.24444444444444444,0.10301623226933332,0.0
sh_mpcc_dro_straight_o1_c1_m3_boost_15_s40,straight_o1_c1_m3_boost_15_s40,boost_15,sh_mpcc_dro,77,40,20,0,0,21,0.0063592004370220615,turn_right,0.008841135352894151,0.719274186311419,0,0,0.5111111111111111,0.8969837677306667,0.013583805682281513
sh_mpcc_dro_straight_o1_c1_m3_boost_15_s40,straight_o1_c1_m3_boost_15_s40,boost_15,sh_mpcc_dro,77,40,21,0,0,22,0.0062209932076099685,constant_velocity,0.009249412882272864,0.672582496509906,0,0,0.23404255319148937,0.23404255319148937,0.0
sh_mpcc_dro_straight_o1_c1_m3_boost_15_s40,straight_o1_c1_m3_boost_15_s40,boost_15,sh_mpcc_dro,77,40,21,0,0,22,0.0062209932076099685,turn_left,0.015641453435972643,0.39772475320629463,0,0,0.23404255319148937,0.23404255319148937,0.0
sh_mpcc_dro_straight_o1_c1_m3_boost_15_s40,straight_o1_c1_m3_boost_15_s40,boost_15,sh_mpcc_dro,77,40,21,0,0,22,0.0062209932076099685,turn_right,0.00846491682723916,0.7349148650334644,0,0,0.5319148936170213,0.5319148936170213,0.0
sh_mpcc_dro_straight_o1_c1_m3_boost_15_s40,straight_o1_c1_m3_boost_15_s40,boost_15,sh_mpcc_dro,77,40,22,0,0,23,0.006106990489126001,constant_velocity,0.009364768371734219,0.6521240298434712,0,0,0.22448979591836735,0.0,0.010185247189186314
sh_mpcc_dro_straight_o1_c1_m3_boost_15_s40,straight_o1_c1_m3_boost_15_s40,boost_15,sh_mpcc_dro,77,40,22,0,0,23,0.006106990489126001,turn_left,0.01500302676511644,0.4070505628454502,0,0,0.2653061224489796,0.12434465609330546,0.0
sh_mpcc_dro_straight_o1_c1_m3_boost_15_s40,straight_o1_c1_m3_boost_15_s40,boost_15,sh_mpcc_dro,77,40,22,0,0,23,0.006106990489126001,turn_right,0.009102783838985804,0.6708926189118886,0,0,0.5102040816326531,0.8756553439066946,0.032421703676092956
sh_mpcc_dro_straight_o1_c1_m3_boost_15_s40,straight_o1_c1_m3_boost_15_s40,boost_15,sh_mpcc_dro,77,40,23,0,0,24,0.005985971398687906,constant_velocity,0.009471076371826235,0.6320265156444597,0,0,0.21568627450980393,0.0,0.016350937534486132
sh_mpcc_dro_straight_o1_c1_m3_boost_15_s40,straight_o1_c1_m3_boost_15_s40,boost_15,sh_mpcc_dro,77,40,23,0,0,24,0.005985971398687906,turn_left,0.01535948291609376,0.3897247994211946,0,0,0.2549019607843137,0.11455109911869403,0.0
sh_mpcc_dro_straight_o1_c1_m3_boost_15_s40,straight_o1_c1_m3_boost_15_s40,boost_15,sh_mpcc_dro,77,40,23,0,0,24,0.005985971398687906,turn_right,0.008745811923731542,0.6844386148351902,0,0,0.5294117647058824,0.885448900881306,0.03801960914938962
sh_mpcc_dro_straight_o1_c1_m3_boost_15_s40,straight_o1_c1_m3_boost_15_s40,boost_15,sh_mpcc_dro,77,40,24,0,0,25,0.0058789491390489204,constant_velocity,0.009569361126628102,0.6143512676818008,0,0,0.20754716981132076,0.20754716981132076,0.0
sh_mpcc_dro_straight_o1_c1_m3_boost_15_s40,straight_o1_c1_m3_boost_15_s40,boost_15,sh_mpcc_dro,77,40,24,0,0,25,0.0058789491390489204,turn_left,0.014779879787184404,0.3977670470734507,0,0,0.2830188679245283,0.2830188679245283,0.0
sh_mpcc_dro_straight_o1_c1_m3_boost_15_s40,straight_o1_c1_m3_boost_15_s40,boost_15,sh_mpcc_dro,77,40,24,0,0,25,0.0058789491390489204,turn_right,0.009324938213969285,0.6304544871130537,0,0,0.5094339622641509,0.5094339622641509,0.0
sh_mpcc_dro_straight_o1_c1_m3_boost_15_s40,straight_o1_c1_m3_boost_15_s40,boost_15,sh_mpcc_dro,77,40,25,0,0,26,0.00577193286906267,constant_velocity,0.009660497899262753,0.5974777831588949,0,0,0.2,0.0,0.003043619770307593
sh_mpcc_dro_straight_o1_c1_m3_boost_15_s40,straight_o1_c1_m3_boost_15_s40,boost_15,sh_mpcc_dro,77,40,25,0,0,26,0.00577193286906267,turn_left,0.015118526290015451,0.38177880292965855,0,0,0.2727272727272727,0.13339817468608545,0.0
sh_mpcc_dro_straight_o1_c1_m3_boost_15_s40,straight_o1_c1_m3_boost_15_s40,boost_15,sh_mpcc_dro,77,40,25,0,0,26,0.00577193286906267,turn_right,0.008985849551643216,0.6423358009602079,0,0,0.5272727272727272,0.8666018253139145,0.013958417990356783
sh_mpcc_dro_straight_o1_c1_m3_boost_15_s40,straight_o1_c1_m3_boost_15_s40,boost_15,sh_mpcc_dro,77,40,26,0,0,27,0.005664289813144829,constant_velocity,0.009745239108905322,0.581236617167118,0,0,0.19298245614035087,0.0,0.0009380885459215338
sh_mpcc_dro_straight_o1_c1_m3_boost_15_s40,straight_o1_c1_m3_boost_15_s40,boost_15,sh_mpcc_dro,77,40,26,0,0,27,0.005664289813144829,turn_left,0.015433408125980866,0.3670148399438401,0,0,0.2631578947368421,0.12477937033889884,0.0
sh_mpcc_dro_straight_o1_c1_m3_boost_15_s40,straight_o1_c1_m3_boost_15_s40,boost_15,sh_mpcc_dro,77,40,26,0,0,27,0.005664289813144829,turn_right,0.008670556584918807,0.6532786860531019,0,0,0.543859649122807,0.875220629661101,0.006926781611991492
sh_mpcc_dro_straight_o1_c1_m3_boost_15_s40,straight_o1_c1_m3_boost_15_s40,boost_15,sh_mpcc_dro,77,40,27,0,0,28,0.005556998881061772,constant_velocity,0.009824235151792463,0.5656418840959726,0,0,0.1864406779661017,0.1864406779661017,0.0
sh_mpcc_dro_straight_o1_c1_m3_boost_15_s40,straight_o1_c1_m3_boost_15_s40,boost_15,sh_mpcc_dro,77,40,27,0,0,28,0.005556998881061772,turn_left,0.015726942040864087,0.35334261845835946,0,0,0.2542372881355932,0.2542372881355932,0.0
sh_mpcc_dro_straight_o1_c1_m3_boost_15_s40,straight_o1_c1_m3_boost_15_s40,boost_15,sh_mpcc_dro,77,40,27,0,0,28,0.005556998881061772,turn_right,0.00837663941254865,0.6633923948949138,0,0,0.559322033898305,0.559322033898305,0.0
sh_mpcc_dro_straight_o1_c1_m3_boost_15_s40,straight_o1_c1_m3_boost_15_s40,boost_15,sh_mpcc_dro,77,40,28,0,0,29,0.0054806674899110785,constant_velocity,0.0098980511262939,0.5537117782056951,0,0,0.18032786885245902,0.18032786885245902,0.0
sh_mpcc_dro_straight_o1_c1_m3_boost_15_s40,straight_o1_c1_m3_boost_15_s40,boost_15,sh_mpcc_dro,77,40,28,0,0,29,0.0054806674899110785,turn_left,0.015211304596901325,0.360302264345396,0,0,0.2786885245901639,0.2786885245901639,0.0
sh_mpcc_dro_straight_o1_c1_m3_boost_15_s40,straight_o1_c1_m3_boost_15_s40,boost_15,sh_mpcc_dro,77,40,28,0,0,29,0.0054806674899110785,turn_right,0.008891918730663074,0.6163650001671105,0,0,0.5409836065573771,0.5409836065573771,0.0
sh_mpcc_dro_straight_o1_c1_m3_boost_15_s40,straight_o1_c1_m3_boost_15_s40,boost_15,sh_mpcc_dro,77,40,29,0,0,30,0.005384670365930474,constant_velocity,0.009967180372255052,0.5402400844394676,0,0,0.1746031746031746,0.1746031746031746,0.0
sh_mpcc_dro_straight_o1_c1_m3_boost_15_s40,straight_o1_c1_m3_boost_15_s40,boost_15,sh_mpcc_dro,77,40,29,0,0,30,0.005384670365930474,turn_left,0.015493252343508715,0.34754938772984717,0,0,0.2698412698412698,0.2698412698412698,0.0
sh_mpcc_dro_straight_o1_c1_m3_boost_15_s40,straight_o1_c1_m3_boost_15_s40,boost_15,sh_mpcc_dro,77,40,29,0,0,30,0.005384670365930474,turn_right,0.008609635596356165,0.6254237250423716,0,0,0.5555555555555556,0.5555555555555556,0.0
sh_mpcc_dro_straight_o1_c1_m3_boost_15_s40,straight_o1_c1_m3_boost_15_s40,boost_15,sh_mpcc_dro,77,40,3,0,0,4,0.012332083864118512,constant_velocity,0.0065867031131335435,1.872269578923176,0,1,0.45454545454545453,0.0,0.05740134803845173
sh_mpcc_dro_straight_o1_c1_m3_boost_15_s40,straight_o1_c1_m3_boost_15_s40,boost_15,sh_mpcc_dro,77,40,3,0,0,4,0.012332083864118512,turn_left,0.016440127722323672,0.7501209280371379,0,0,0.09090909090909091,0.0,0.054239907956711575
sh_mpcc_dro_straight_o1_c1_m3_boost_15_s40,straight_o1_c1_m3_boost_15_s40,boost_15,sh_mpcc_dro,77,40,3,0,0,4,0.012332083864118512,turn_right,0.0076791609532204375,1.6059155341635027,0,1,0.45454545454545453,0.9999999999999999,0.06411703344146896
sh_mpcc_dro_straight_o1_c1_m3_boost_15_s40,straight_o1_c1_m3_boost_15_s40,boost_15,sh_mpcc_dro,77,40,30,0,0,31,0.005311948344807657,constant_velocity,0.01003205551077296,0.5294975031889927,0,0,0.16923076923076924,0.0,0.05341796304624777
sh_mpcc_dro_straight_o1_c1_m3_boost_15_s40,straight_o1_c1_m3_boost_15_s40,boost_15,sh_mpcc_dro,77,40,30,0,0,31,0.005311948344807657,turn_left,0.015016536886785451,0.35373990586885384,0,0,0.2923076923076923,0.1566488788190691,0.0254478098746288
sh_mpcc_dro_straight_o1_c1_m3_boost_15_s40,straight_o1_c1_m3_boost_15_s40,boost_15,sh_mpcc_dro,77,40,30,0,0,31,0.005311948344807657,turn_right,0.00908603630462335,0.5846276821615514,0,0,0.5384615384615384,0.843351121180931,0.08185959414302518
sh_mpcc_dro_straight_o1_c1_m3_boost_15_s40,straight_o1_c1_m3_boost_15_s40,boost_15,sh_mpcc_dro,77,40,31,0,0,32,0.005205691025101895,constant_velocity,0.00973259116716757,0.5348720536688157,0,0,0.19402985074626866,0.32938397760449456,0.03716761942958832
sh_mpcc_dro_straight_o1_c1_m3_boost_15_s40,straight_o1_c1_m3_boost_15_s40,boost_15,sh_mpcc_dro,77,40,31,0,0,32,0.005205691025101895,turn_left,0.01492874839386885,0.34870244227840574,0,0,0.2835820895522388,0.0,0.008158837179381762
sh_mpcc_dro_straight_o1_c1_m3_boost_15_s40,straight_o1_c1_m3_boost_15_s40,boost_15,sh_mpcc_dro,77,40,31,0,0,32,0.005205691025101895,turn_right,0.009175277679830838,0.5673605973304854,0,0,0.5223880597014925,0.6706160223955053,0.0658336550427672
sh_mpcc_dro_straight_o1_c1_m3_boost_15_s40,straight_o1_c1_m3_boost_15_s40,boost_15,sh_mpcc_dro,77,40,32,0,0,33,0.005124875224179684,constant_velocity,0.00980050511519397,0.5229194989383211,0,0,0.18840579710144928,0.31400541158430734,0.06986946137279179
sh_mpcc_dro_straight_o1_c1_m3_boost_15_s40,straight_o1_c1_m3_boost_15_s40,boost_15,sh_mpcc_dro,77,40,32,0,0,33,0.005124875224179684,turn_left,0.015194368979989582,0.3372877959544719,0,0,0.2753623188405797,0.0,0.04067633840044185
sh_mpcc_dro_straight_o1_c1_m3_boost_15_s40,straight_o1_c1_m3_boost_15_s40,boost_15,sh_mpcc_dro,77,40,32,0,0,33,0.005124875224179684,turn_right,0.008909327602154583,0.5752258142287092,0,0,0.5362318840579711,0.6859945884156927,0.0978220126797194
sh_mpcc_dro_straight_o1_c1_m3_boost_15_s40,straight_o1_c1_m3_boost_15_s40,boost_15,sh_mpcc_dro,77,40,33,0,0,34,0.0050442959354604485,constant_velocity,0.009864592925303641,0.5113536841972808,0,0,0.18309859154929578,0.29985244125716953,0.10034583458777405
sh_mpcc_dro_straight_o1_c1_m3_boost_15_s40,straight_o1_c1_m3_boost_15_s40,boost_15,sh_mpcc_dro,77,40,33,0,0,34,0.0050442959354604485,turn_left,0.015445025026047155,0.3265968120448838,0,0,0.2676056338028169,0.0,0.07213513349151263
sh_mpcc_dro_straight_o1_c1_m3_boost_15_s40,straight_o1_c1_m3_boost_15_s40,boost_15,sh_mpcc_dro,77,40,33,0,0,34,0.0050442959354604485,turn_right,0.008658360627446139,0.5825924967216697,0,0,0.5492957746478874,0.7001475587428305,0.12620337615245109
sh_mpcc_dro_straight_o1_c1_m3_boost_15_s40,straight_o1_c1_m3_boost_15_s40,boost_15,sh_mpcc_dro,77,40,34,0,0,35,0.004964329121768721,constant_velocity,0.009925169074584936,0.5001757737790805,0,0,0.1780821917808219,0.28679142926114765,0.11598206181318696
sh_mpcc_dro_straight_o1_c1_m3_boost_15_s40,straight_o1_c1_m3_boost_15_s40,boost_15,sh_mpcc_dro,77,40,34,0,0,35,0.004964329121768721,turn_left,0.01568194649423837,0.31656332481383237,0,0,0.2602739726027397,0.0,0.09016484482527815
sh_mpcc_dro_straight_o1_c1_m3_boost_15_s40,straight_o1_c1_m3_boost_15_s40,boost_15,sh_mpcc_dro,77,40,34,0,0,35,0.004964329121768721,turn_right,0.008421145267789922,0.5895075983021937,0,0,0.5616438356164384,0.7132085707388524,0.13830376412985929
sh_mpcc_dro_straight_o1_c1_m3_boost_15_s40,straight_o1_c1_m3_boost_15_s40,boost_15,sh_mpcc_dro,77,40,35,0,0,36,0.004885262625620733,constant_velocity,0.009982514495904798,0.4893819716089419,0,0,0.17333333333333334,0.2747069886807316,0.08509598454186654
sh_mpcc_dro_straight_o1_c1_m3_boost_15_s40,straight_o1_c1_m3_boost_15_s40,boost_15,sh_mpcc_dro,77,40,35,0,0,36,0.004885262625620733,turn_left,0.015906232150792978,0.3071288397722264,0,0,0.25333333333333335,0.0,0.06290016305993779
sh_mpcc_dro_straight_o1_c1_m3_boost_15_s40,straight_o1_c1_m3_boost_15_s40,boost_15,sh_mpcc_dro,77,40,35,0,0,36,0.004885262625620733,turn_right,0.008196581393982223,0.5960122142149898,0,0,0.5733333333333334,0.7252930113192684,0.10278887183439839
sh_mpcc_dro_straight_o1_c1_m3_boost_15_s40,straight_o1_c1_m3_boost_15_s40,boost_15,sh_mpcc_dro,77,40,36,0,0,37,0.004801508200679919,constant_velocity,0.0097232284051022,0.4938183081413946,0,0,0.19480519480519481,0.28995623808824916,0.03247249499535779
sh_mpcc_dro_straight_o1_c1_m3_boost_15_s40,straight_o1_c1_m3_boost_15_s40,boost_15,sh_mpcc_dro,77,40,36,0,0,37,0.004801508200679919,turn_left,0.015806735792956085,0.3037634248824228,0,0,0.24675324675324675,0.0,0.014620294773683595
sh_mpcc_dro_straight_o1_c1_m3_boost_15_s40,straight_o1_c1_m3_boost_15_s40,boost_15,sh_mpcc_dro,77,40,36,0,0,37,0.004801508200679919,turn_right,0.008297335705153603,0.5786807200891761,0,0,0.5584415584415584,0.7100437619117508,0.0450666404360201
sh_mpcc_dro_straight_o1_c1_m3_boost_15_s40,straight_o1_c1_m3_boost_15_s40,boost_15,sh_mpcc_dro,77,40,37,0,0,38,0.004727986654563048,constant_velocity,0.009782782682797812,0.4832967068640714,0,0,0.189873417721519,0.189873417721519,0.0
sh_mpcc_dro_straight_o1_c1_m3_boost_15_s40,straight_o1_c1_m3_boost_15_s40,boost_15,sh_mpcc_dro,77,40,37,0,0,38,0.004727986654563048,turn_left,0.016016505990983372,0.29519463591027334,0,0,0.24050632911392406,0.24050632911392406,0.0
sh_mpcc_dro_straight_o1_c1_m3_boost_15_s40,straight_o1_c1_m3_boost_15_s40,boost_15,sh_mpcc_dro,77,40,37,0,0,38,0.004727986654563048,turn_right,0.00808727657337756,0.5846203739497507,0,0,0.569620253164557,0.569620253164557,0.0
sh_mpcc_dro_straight_o1_c1_m3_boost_15_s40,straight_o1_c1_m3_boost_15_s40,boost_15,sh_mpcc_dro,77,40,38,0,0,39,0.004690696240037387,constant_velocity,0.009839396008508187,0.47672603440102546,0,0,0.18518518518518517,0.0,0.0028783649721031146
sh_mpcc_dro_straight_o1_c1_m3_boost_15_s40,straight_o1_c1_m3_boost_15_s40,boost_15,sh_mpcc_dro,77,40,38,0,0,39,0.004690696240037387,turn_left,0.015621036707255839,0.30028072578938364,0,0,0.25925925925925924,0.15738300252536183,0.0
sh_mpcc_dro_straight_o1_c1_m3_boost_15_s40,straight_o1_c1_m3_boost_15_s40,boost_15,sh_mpcc_dro,77,40,38,0,0,39,0.004690696240037387,turn_right,0.008482471191690011,0.5529869932989224,0,0,0.5555555555555556,0.8426169974746381,0.007114584924221762
sh_mpcc_dro_straight_o1_c1_m3_boost_15_s40,straight_o1_c1_m3_boost_15_s40,boost_15,sh_mpcc_dro,77,40,39,0,0,40,0.0046148773003362505,constant_velocity,0.009602302128785324,0.48060113485723294,0,0,0.20481927710843373,0.5869840349467306,0.035111962475385505
sh_mpcc_dro_straight_o1_c1_m3_boost_15_s40,straight_o1_c1_m3_boost_15_s40,boost_15,sh_mpcc_dro,77,40,39,0,0,40,0.0046148773003362505,turn_left,0.01553560503657639,0.2970516622604123,0,0,0.25301204819277107,0.0,0.0328751861273848
sh_mpcc_dro_straight_o1_c1_m3_boost_15_s40,straight_o1_c1_m3_boost_15_s40,boost_15,sh_mpcc_dro,77,40,39,0,0,40,0.0046148773003362505,turn_right,0.008569053147892199,0.5385516019901697,0,0,0.5421686746987951,0.41301596505326943,0.0348403916692369
sh_mpcc_dro_straight_o1_c1_m3_boost_15_s40,straight_o1_c1_m3_boost_15_s40,boost_15,sh_mpcc_dro,77,40,4,0,0,5,0.011791788980642544,constant_velocity,0.007431152230202131,1.5868049281398993,0,1,0.38461538461538464,0.0,0.19927193467458462
sh_mpcc_dro_straight_o1_c1_m3_boost_15_s40,straight_o1_c1_m3_boost_15_s40,boost_15,sh_mpcc_dro,77,40,4,0,0,5,0.011791788980642544,turn_left,0.017617440167356044,0.6693247639059363,0,0,0.07692307692307693,0.0,0.19137446952041076
sh_mpcc_dro_straight_o1_c1_m3_boost_15_s40,straight_o1_c1_m3_boost_15_s40,boost_15,sh_mpcc_dro,77,40,4,0,0,5,0.011791788980642544,turn_right,0.00649775157580204,1.8147491240748215,0,1,0.5384615384615384,1.0,0.21047714188128064
sh_mpcc_dro_straight_o1_c1_m3_boost_15_s40,straight_o1_c1_m3_boost_15_s40,boost_15,sh_mpcc_dro,77,40,40,0,0,41,0.004540461397771447,constant_velocity,0.009376365608108025,0.4842453448962329,0,0,0.2235294117647059,0.34101615866680285,0.019514488347406198
sh_mpcc_dro_straight_o1_c1_m3_boost_15_s40,straight_o1_c1_m3_boost_15_s40,boost_15,sh_mpcc_dro,77,40,40,0,0,41,0.004540461397771447,turn_left,0.015454193679811712,0.2938012485053032,0,0,0.24705882352941178,0.0,0.016183034873105198
sh_mpcc_dro_straight_o1_c1_m3_boost_15_s40,straight_o1_c1_m3_boost_15_s40,boost_15,sh_mpcc_dro,77,40,40,0,0,41,0.004540461397771447,turn_right,0.008651560659096594,0.524814143561188,0,0,0.5294117647058824,0.6589838413331972,0.02130799361276968
sh_mpcc_dro_straight_o1_c1_m3_boost_15_s40,straight_o1_c1_m3_boost_15_s40,boost_15,sh_mpcc_dro,77,40,41,0,0,42,0.0044675435435939685,constant_velocity,0.009160816973438866,0.4876795985060384,0,0,0.2413793103448276,0.2413793103448276,0.0
sh_mpcc_dro_straight_o1_c1_m3_boost_15_s40,straight_o1_c1_m3_boost_15_s40,boost_15,sh_mpcc_dro,77,40,41,0,0,42,0.0044675435435939685,turn_left,0.015376525373932765,0.29054311263112953,0,0,0.2413793103448276,0.2413793103448276,0.0
sh_mpcc_dro_straight_o1_c1_m3_boost_15_s40,straight_o1_c1_m3_boost_15_s40,boost_15,sh_mpcc_dro,77,40,41,0,0,42,0.0044675435435939685,turn_right,0.008730274721509976,0.5117300069133756,0,0,0.5172413793103449,0.5172413793103449,0.0
sh_mpcc_dro_straight_o1_c1_m3_boost_15_s40,straight_o1_c1_m3_boost_15_s40,boost_15,sh_mpcc_dro,77,40,42,0,0,43,0.004396187200928289,constant_velocity,0.008954955917855972,0.4909222603946486,0,0,0.25842696629213485,0.25842696629213485,0.0
sh_mpcc_dro_straight_o1_c1_m3_boost_15_s40,straight_o1_c1_m3_boost_15_s40,boost_15,sh_mpcc_dro,77,40,42,0,0,43,0.004396187200928289,turn_left,0.015302347778430406,0.2872884125091565,0,0,0.23595505617977527,0.23595505617977527,0.0
sh_mpcc_dro_straight_o1_c1_m3_boost_15_s40,straight_o1_c1_m3_boost_15_s40,boost_15,sh_mpcc_dro,77,40,42,0,0,43,0.004396187200928289,turn_right,0.008805451073253099,0.4992574672616011,0,0,0.5056179775280899,0.5056179775280899,0.0
sh_mpcc_dro_straight_o1_c1_m3_boost_15_s40,straight_o1_c1_m3_boost_15_s40,boost_15,sh_mpcc_dro,77,40,43,0,0,44,0.004341957865043002,constant_velocity,0.009023541993816919,0.4811811002839222,0,0,0.25274725274725274,0.25274725274725274,0.0
sh_mpcc_dro_straight_o1_c1_m3_boost_15_s40,straight_o1_c1_m3_boost_15_s40,boost_15,sh_mpcc_dro,77,40,43,0,0,44,0.004341957865043002,turn_left,0.015495541423190928,0.28020691542566845,0,0,0.23076923076923078,0.23076923076923078,0.0
sh_mpcc_dro_straight_o1_c1_m3_boost_15_s40,straight_o1_c1_m3_boost_15_s40,boost_15,sh_mpcc_dro,77,40,43,0,0,44,0.004341957865043002,turn_right,0.008611924676038748,0.504179730824142,0,0,0.5164835164835165,0.5164835164835165,0.0
sh_mpcc_dro_straight_o1_c1_m3_boost_15_s40,straight_o1_c1_m3_boost_15_s40,boost_15,sh_mpcc_dro,77,40,44,0,0,45,0.004312805775573703,constant_velocity,0.009089178131026629,0.47449898257044815,0,0,0.24731182795698925,0.24731182795698925,0.0
sh_mpcc_dro_straight_o1_c1_m3_boost_15_s40,straight_o1_c1_m3_boost_15_s40,boost_15,sh_mpcc_dro,77,40,44,0,0,45,0.004312805775573703,turn_left,0.01516230397323032,0.2844426403261761,0,0,0.24731182795698925,0.24731182795698925,0.0
sh_mpcc_dro_straight_o1_c1_m3_boost_15_s40,straight_o1_c1_m3_boost_15_s40,boost_15,sh_mpcc_dro,77,40,44,0,0,45,0.004312805775573703,turn_right,0.008944843685479396,0.48215552190977823,0,0,0.5053763440860215,0.5053763440860215,0.0
sh_mpcc_dro_straight_o1_c1_m3_boost_15_s40,straight_o1_c1_m3_boost_15_s40,boost_15,sh_mpcc_dro,77,40,45,0,0,46,0.004247877411216512,constant_velocity,0.008897827012478897,0.47740615829674027,0,0,0.2631578947368421,0.2631578947368421,0.0
sh_mpcc_dro_straight_o1_c1_m3_boost_15_s40,straight_o1_c1_m3_boost_15_s40,boost_15,sh_mpcc_dro,77,40,45,0,0,46,0.004247877411216512,turn_left,0.015097321202721364,0.2813663002977516,0,0,0.24210526315789474,0.24210526315789474,0.0
sh_mpcc_dro_straight_o1_c1_m3_boost_15_s40,straight_o1_c1_m3_boost_15_s40,boost_15,sh_mpcc_dro,77,40,45,0,0,46,0.004247877411216512,turn_right,0.00901075481576581,0.4714230381437242,0,0,0.49473684210526314,0.49473684210526314,0.0
sh_mpcc_dro_straight_o1_c1_m3_boost_15_s40,straight_o1_c1_m3_boost_15_s40,boost_15,sh_mpcc_dro,77,40,46,0,0,47,0.004184353671207233,constant_velocity,0.008714366661706135,0.4801672724645261,0,0,0.27835051546391754,0.27835051546391754,0.0
sh_mpcc_dro_straight_o1_c1_m3_boost_15_s40,straight_o1_c1_m3_boost_15_s40,boost_15,sh_mpcc_dro,77,40,46,0,0,47,0.004184353671207233,turn_left,0.015035018134089535,0.27830719151045585,0,0,0.23711340206185566,0.23711340206185566,0.0
sh_mpcc_dro_straight_o1_c1_m3_boost_15_s40,straight_o1_c1_m3_boost_15_s40,boost_15,sh_mpcc_dro,77,40,46,0,0,47,0.004184353671207233,turn_right,0.00907394796129804,0.4611392625408727,0,0,0.4845360824742268,0.4845360824742268,0.0
sh_mpcc_dro_straight_o1_c1_m3_boost_15_s40,straight_o1_c1_m3_boost_15_s40,boost_15,sh_mpcc_dro,77,40,47,0,0,48,0.0041387148797274185,constant_velocity,0.008782270817511657,0.4712579429314467,0,0,0.2727272727272727,0.2727272727272727,0.0
sh_mpcc_dro_straight_o1_c1_m3_boost_15_s40,straight_o1_c1_m3_boost_15_s40,boost_15,sh_mpcc_dro,77,40,47,0,0,48,0.0041387148797274185,turn_left,0.015218000770068216,0.2719617998618925,0,0,0.23232323232323232,0.23232323232323232,0.0
sh_mpcc_dro_straight_o1_c1_m3_boost_15_s40,straight_o1_c1_m3_boost_15_s40,boost_15,sh_mpcc_dro,77,40,47,0,0,48,0.0041387148797274185,turn_right,0.008890635881271827,0.4655139334235523,0,0,0.494949494949495,0.494949494949495,0.0
sh_mpcc_dro_straight_o1_c1_m3_boost_15_s40,straight_o1_c1_m3_boost_15_s40,boost_15,sh_mpcc_dro,77,40,48,0,0,49,0.004112777218025146,constant_velocity,0.008847485699819718,0.46485265504401446,0,0,0.26732673267326734,0.26732673267326734,0.0
sh_mpcc_dro_straight_o1_c1_m3_boost_15_s40,straight_o1_c1_m3_boost_15_s40,boost_15,sh_mpcc_dro,77,40,48,0,0,49,0.004112777218025146,turn_left,0.01491665422016638,0.2757171385299613,0,0,0.24752475247524752,0.24752475247524752,0.0
sh_mpcc_dro_straight_o1_c1_m3_boost_15_s40,straight_o1_c1_m3_boost_15_s40,boost_15,sh_mpcc_dro,77,40,48,0,0,49,0.004112777218025146,turn_right,0.009191666034415511,0.4474463282963123,0,0,0.48514851485148514,0.48514851485148514,0.0
sh_mpcc_dro_straight_o1_c1_m3_boost_15_s40,straight_o1_c1_m3_boost_15_s40,boost_15,sh_mpcc_dro,77,40,49,0,0,50,0.00408415814626591,constant_velocity,0.008910167965339456,0.4583705001020498,0,0,0.2621359223300971,0.2621359223300971,0.0
sh_mpcc_dro_straight_o1_c1_m3_boost_15_s40,straight_o1_c1_m3_boost_15_s40,boost_15,sh_mpcc_dro,77,40,49,0,0,50,0.00408415814626591,turn_left,0.014627010448900524,0.279220293205773,0,0,0.2621359223300971,0.2621359223300971,0.0
sh_mpcc_dro_straight_o1_c1_m3_boost_15_s40,straight_o1_c1_m3_boost_15_s40,boost_15,sh_mpcc_dro,77,40,49,0,0,50,0.00408415814626591,turn_right,0.009481005696175202,0.4307726708690333,0,0,0.47572815533980584,0.47572815533980584,0.0
sh_mpcc_dro_straight_o1_c1_m3_boost_15_s40,straight_o1_c1_m3_boost_15_s40,boost_15,sh_mpcc_dro,77,40,5,0,0,6,0.01048715143453137,constant_velocity,0.006440331932841674,1.6283557344386925,0,1,0.4666666666666667,0.0,0.025482790430324448
sh_mpcc_dro_straight_o1_c1_m3_boost_15_s40,straight_o1_c1_m3_boost_15_s40,boost_15,sh_mpcc_dro,77,40,5,0,0,6,0.01048715143453137,turn_left,0.016878531128252394,0.6213308110074394,0,0,0.06666666666666667,0.0,0.005837708847047429
sh_mpcc_dro_straight_o1_c1_m3_boost_15_s40,straight_o1_c1_m3_boost_15_s40,boost_15,sh_mpcc_dro,77,40,5,0,0,6,0.01048715143453137,turn_right,0.007241467682238725,1.4482080007418094,0,1,0.4666666666666667,1.0,0.04762511753261772
sh_mpcc_dro_straight_o1_c1_m3_boost_15_s40,straight_o1_c1_m3_boost_15_s40,boost_15,sh_mpcc_dro,77,40,50,0,0,51,0.004043680808235903,constant_velocity,0.008970462335029631,0.45077730190620613,0,0,0.2571428571428571,0.2571428571428571,0.0
sh_mpcc_dro_straight_o1_c1_m3_boost_15_s40,straight_o1_c1_m3_boost_15_s40,boost_15,sh_mpcc_dro,77,40,50,0,0,51,0.004043680808235903,turn_left,0.014807308509207973,0.2730868209925745,0,0,0.2571428571428571,0.2571428571428571,0.0
sh_mpcc_dro_straight_o1_c1_m3_boost_15_s40,straight_o1_c1_m3_boost_15_s40,boost_15,sh_mpcc_dro,77,40,50,0,0,51,0.004043680808235903,turn_right,0.009300415111486071,0.43478498107486957,0,0,0.4857142857142857,0.4857142857142857,0.0
sh_mpcc_dro_straight_o1_c1_m3_boost_15_s40,straight_o1_c1_m3_boost_15_s40,boost_15,sh_mpcc_dro,77,40,51,0,0,52,0.00401535016754429,constant_velocity,0.009028502709591383,0.44474153652062415,0,0,0.2523364485981308,0.2523364485981308,0.0
sh_mpcc_dro_straight_o1_c1_m3_boost_15_s40,straight_o1_c1_m3_boost_15_s40,boost_15,sh_mpcc_dro,77,40,51,0,0,52,0.00401535016754429,turn_left,0.0145305363875404,0.2763387434883244,0,0,0.27102803738317754,0.27102803738317754,0.0
sh_mpcc_dro_straight_o1_c1_m3_boost_15_s40,straight_o1_c1_m3_boost_15_s40,boost_15,sh_mpcc_dro,77,40,51,0,0,52,0.00401535016754429,turn_right,0.009576905644262751,0.41927427466613615,0,0,0.4766355140186916,0.4766355140186916,0.0
sh_mpcc_dro_straight_o1_c1_m3_boost_15_s40,straight_o1_c1_m3_boost_15_s40,boost_15,sh_mpcc_dro,77,40,52,0,0,53,0.003962322868377627,constant_velocity,0.008862842109415311,0.4470713592165103,0,0,0.26605504587155965,0.26605504587155965,0.0
sh_mpcc_dro_straight_o1_c1_m3_boost_15_s40,straight_o1_c1_m3_boost_15_s40,boost_15,sh_mpcc_dro,77,40,52,0,0,53,0.003962322868377627,turn_left,0.014485492093715555,0.273537332576824,0,0,0.26605504587155965,0.26605504587155965,0.0
sh_mpcc_dro_straight_o1_c1_m3_boost_15_s40,straight_o1_c1_m3_boost_15_s40,boost_15,sh_mpcc_dro,77,40,52,0,0,53,0.003962322868377627,turn_right,0.0096227536576538,0.41176600891430404,0,0,0.46788990825688076,0.46788990825688076,0.0
sh_mpcc_dro_straight_o1_c1_m3_boost_15_s40,straight_o1_c1_m3_boost_15_s40,boost_15,sh_mpcc_dro,77,40,53,0,0,54,0.003910336697034121,constant_velocity,0.008703151260597012,0.4493012450258026,0,0,0.27927927927927926,0.27927927927927926,0.0
sh_mpcc_dro_straight_o1_c1_m3_boost_15_s40,straight_o1_c1_m3_boost_15_s40,boost_15,sh_mpcc_dro,77,40,53,0,0,54,0.003910336697034121,turn_left,0.01444207101768604,0.2707601072066082,0,0,0.26126126126126126,0.26126126126126126,0.0
sh_mpcc_dro_straight_o1_c1_m3_boost_15_s40,straight_o1_c1_m3_boost_15_s40,boost_15,sh_mpcc_dro,77,40,53,0,0,54,0.003910336697034121,turn_right,0.00966694949038217,0.4045057544703827,0,0,0.4594594594594595,0.4594594594594595,0.0
sh_mpcc_dro_straight_o1_c1_m3_boost_15_s40,straight_o1_c1_m3_boost_15_s40,boost_15,sh_mpcc_dro,77,40,54,0,0,55,0.0038754957786281976,constant_velocity,0.008762841014817925,0.4422647600332759,0,0,0.2743362831858407,0.2743362831858407,0.0
sh_mpcc_dro_straight_o1_c1_m3_boost_15_s40,straight_o1_c1_m3_boost_15_s40,boost_15,sh_mpcc_dro,77,40,54,0,0,55,0.0038754957786281976,turn_left,0.0146128778778161,0.2652109879404119,0,0,0.25663716814159293,0.25663716814159293,0.0
sh_mpcc_dro_straight_o1_c1_m3_boost_15_s40,straight_o1_c1_m3_boost_15_s40,boost_15,sh_mpcc_dro,77,40,54,0,0,55,0.0038754957786281976,turn_right,0.009495853039224964,0.4081250797184314,0,0,0.4690265486725664,0.4690265486725664,0.0
sh_mpcc_dro_straight_o1_c1_m3_boost_15_s40,straight_o1_c1_m3_boost_15_s40,boost_15,sh_mpcc_dro,77,40,55,0,0,56,0.003826147720298895,constant_velocity,0.0086104437797777,0.44436126849639296,0,0,0.28695652173913044,0.28695652173913044,0.0
sh_mpcc_dro_straight_o1_c1_m3_boost_15_s40,straight_o1_c1_m3_boost_15_s40,boost_15,sh_mpcc_dro,77,40,55,0,0,56,0.003826147720298895,turn_left,0.014568751695142206,0.2626270115904771,0,0,0.25217391304347825,0.25217391304347825,0.0
sh_mpcc_dro_straight_o1_c1_m3_boost_15_s40,straight_o1_c1_m3_boost_15_s40,boost_15,sh_mpcc_dro,77,40,55,0,0,56,0.003826147720298895,turn_right,0.009540718592874678,0.40103349480995987,0,0,0.4608695652173913,0.4608695652173913,0.0
sh_mpcc_dro_straight_o1_c1_m3_boost_15_s40,straight_o1_c1_m3_boost_15_s40,boost_15,sh_mpcc_dro,77,40,56,0,0,57,0.0037926872856230576,constant_velocity,0.008669677601902515,0.4374657812870426,0,0,0.28205128205128205,0.28205128205128205,0.0
sh_mpcc_dro_straight_o1_c1_m3_boost_15_s40,straight_o1_c1_m3_boost_15_s40,boost_15,sh_mpcc_dro,77,40,56,0,0,57,0.0037926872856230576,turn_left,0.014731553522832666,0.25745331473321614,0,0,0.24786324786324787,0.24786324786324787,0.0
sh_mpcc_dro_straight_o1_c1_m3_boost_15_s40,straight_o1_c1_m3_boost_15_s40,boost_15,sh_mpcc_dro,77,40,56,0,0,57,0.0037926872856230576,turn_right,0.009377629386158878,0.40443987808059034,0,0,0.4700854700854701,0.4700854700854701,0.0
sh_mpcc_dro_straight_o1_c1_m3_boost_15_s40,straight_o1_c1_m3_boost_15_s40,boost_15,sh_mpcc_dro,77,40,57,0,0,58,0.0037591043343214404,constant_velocity,0.008726920371182612,0.4307480960562532,0,0,0.2773109243697479,0.2773109243697479,0.0
sh_mpcc_dro_straight_o1_c1_m3_boost_15_s40,straight_o1_c1_m3_boost_15_s40,boost_15,sh_mpcc_dro,77,40,57,0,0,58,0.0037591043343214404,turn_left,0.014888883020181091,0.25247725630097123,0,0,0.24369747899159663,0.24369747899159663,0.0
sh_mpcc_dro_straight_o1_c1_m3_boost_15_s40,straight_o1_c1_m3_boost_15_s40,boost_15,sh_mpcc_dro,77,40,57,0,0,58,0.0037591043343214404,turn_right,0.009220022169584643,0.40771098650089105,0,0,0.4789915966386555,0.4789915966386555,0.0
sh_mpcc_dro_straight_o1_c1_m3_boost_15_s40,straight_o1_c1_m3_boost_15_s40,boost_15,sh_mpcc_dro,77,40,58,0,0,59,0.0037136633890845192,constant_velocity,0.008582673753477437,0.4326930622965665,0,0,0.2892561983471074,0.2892561983471074,0.0
sh_mpcc_dro_straight_o1_c1_m3_boost_15_s40,straight_o1_c1_m3_boost_15_s40,boost_15,sh_mpcc_dro,77,40,58,0,0,59,0.0037136633890845192,turn_left,0.014842382844212024,0.25020668366149235,0,0,0.2396694214876033,0.2396694214876033,0.0
sh_mpcc_dro_straight_o1_c1_m3_boost_15_s40,straight_o1_c1_m3_boost_15_s40,boost_15,sh_mpcc_dro,77,40,58,0,0,59,0.0037136633890845192,turn_right,0.009267222172965009,0.40073101947617906,0,0,0.47107438016528924,0.47107438016528924,0.0
sh_mpcc_dro_straight_o1_c1_m3_boost_15_s40,straight_o1_c1_m3_boost_15_s40,boost_15,sh_mpcc_dro,77,40,59,0,0,60,0.0036690604379901073,constant_velocity,0.00844311808268919,0.4345622555620455,0,0,0.3008130081300813,0.3008130081300813,0.0
sh_mpcc_dro_straight_o1_c1_m3_boost_15_s40,straight_o1_c1_m3_boost_15_s40,boost_15,sh_mpcc_dro,77,40,59,0,0,60,0.0036690604379901073,turn_left,0.014797394869087861,0.2479531343489974,0,0,0.23577235772357724,0.23577235772357724,0.0
sh_mpcc_dro_straight_o1_c1_m3_boost_15_s40,straight_o1_c1_m3_boost_15_s40,boost_15,sh_mpcc_dro,77,40,59,0,0,60,0.0036690604379901073,turn_right,0.009312887216885576,0.39397668548348613,0,0,0.4634146341463415,0.4634146341463415,0.0
sh_mpcc_dro_straight_o1_c1_m3_boost_15_s40,straight_o1_c1_m3_boost_15_s40,boost_15,sh_mpcc_dro,77,40,6,0,0,7,0.00992796511174338,constant_velocity,0.007103307278869507,1.3976538986672442,0,1,0.4117647058823529,0.0,0.05170602339256539
sh_mpcc_dro_straight_o1_c1_m3_boost_15_s40,straight_o1_c1_m3_boost_15_s40,boost_15,sh_mpcc_dro,77,40,6,0,0,7,0.00992796511174338,turn_left,0.01489282158375211,0.6666275464264388,0,0,0.17647058823529413,0.0,0.02806570303877748
sh_mpcc_dro_straight_o1_c1_m3_boost_15_s40,straight_o1_c1_m3_boost_15_s40,boost_15,sh_mpcc_dro,77,40,6,0,0,7,0.00992796511174338,turn_right,0.009223960733155817,1.0763234362064225,0,1,0.4117647058823529,1.0,0.07718078257273092
sh_mpcc_dro_straight_o1_c1_m3_boost_15_s40,straight_o1_c1_m3_boost_15_s40,boost_15,sh_mpcc_dro,77,40,7,0,0,8,0.009665997855187375,constant_velocity,0.007626708867839001,1.2673878107433514,0,1,0.3684210526315789,0.0,0.04353275390630498
sh_mpcc_dro_straight_o1_c1_m3_boost_15_s40,straight_o1_c1_m3_boost_15_s40,boost_15,sh_mpcc_dro,77,40,7,0,0,8,0.009665997855187375,turn_left,0.015861225481781725,0.6094105317580778,0,0,0.15789473684210525,0.0,0.01770901207697989
sh_mpcc_dro_straight_o1_c1_m3_boost_15_s40,straight_o1_c1_m3_boost_15_s40,boost_15,sh_mpcc_dro,77,40,7,0,0,8,0.009665997855187375,turn_right,0.00825301749808692,1.1712077258321563,0,1,0.47368421052631576,0.9999999999999999,0.07065747658736116
sh_mpcc_dro_straight_o1_c1_m3_boost_15_s40,straight_o1_c1_m3_boost_15_s40,boost_15,sh_mpcc_dro,77,40,8,0,0,9,0.009303922403443236,constant_velocity,0.008050414916052101,1.155707190307882,0,1,0.3333333333333333,0.0,0.0551147465777532
sh_mpcc_dro_straight_o1_c1_m3_boost_15_s40,straight_o1_c1_m3_boost_15_s40,boost_15,sh_mpcc_dro,77,40,8,0,0,9,0.009303922403443236,turn_left,0.016645171494472474,0.5589562358388966,0,0,0.14285714285714285,0.0,0.027195849814535766
sh_mpcc_dro_straight_o1_c1_m3_boost_15_s40,straight_o1_c1_m3_boost_15_s40,boost_15,sh_mpcc_dro,77,40,8,0,0,9,0.009303922403443236,turn_right,0.007467015831602327,1.246002769147301,0,1,0.5238095238095238,1.0000000000000002,0.0835322955083822
sh_mpcc_dro_straight_o1_c1_m3_boost_15_s40,straight_o1_c1_m3_boost_15_s40,boost_15,sh_mpcc_dro,77,40,9,0,0,10,0.008660956611144653,constant_velocity,0.0073503788363954775,1.1783007112857689,0,1,0.391304347826087,0.0,0.0
sh_mpcc_dro_straight_o1_c1_m3_boost_15_s40,straight_o1_c1_m3_boost_15_s40,boost_15,sh_mpcc_dro,77,40,9,0,0,10,0.008660956611144653,turn_left,0.016247819397046954,0.5330534762540987,0,0,0.13043478260869565,0.0,0.0
sh_mpcc_dro_straight_o1_c1_m3_boost_15_s40,straight_o1_c1_m3_boost_15_s40,boost_15,sh_mpcc_dro,77,40,9,0,0,10,0.008660956611144653,turn_right,0.0078677642266003,1.10081547459984,0,1,0.4782608695652174,1.0,0.014830367404886247
sh_mpcc_dro_straight_o1_c1_m3_boost_15_s40,straight_o1_c1_m3_boost_15_s40,boost_15,sh_mpcc_dro,78,40,0,0,0,1,0.009433155837728502,constant_velocity,0.005466721288574521,1.725560045917075,0,1,0.2,0.2,0.0
sh_mpcc_dro_straight_o1_c1_m3_boost_15_s40,straight_o1_c1_m3_boost_15_s40,boost_15,sh_mpcc_dro,78,40,0,0,0,1,0.009433155837728502,turn_left,0.009546768168933921,0.9880993935125475,0,0,0.2,0.2,0.0
sh_mpcc_dro_straight_o1_c1_m3_boost_15_s40,straight_o1_c1_m3_boost_15_s40,boost_15,sh_mpcc_dro,78,40,0,0,0,1,0.009433155837728502,turn_right,0.004093376271073728,2.3044927250858627,0,1,0.6,0.6,0.0
sh_mpcc_dro_straight_o1_c1_m3_boost_15_s40,straight_o1_c1_m3_boost_15_s40,boost_15,sh_mpcc_dro,78,40,1,0,0,2,0.006762195113193616,constant_velocity,0.0058572013806155575,1.154509581243551,0,1,0.14285714285714285,0.14285714285714285,0.0
sh_mpcc_dro_straight_o1_c1_m3_boost_15_s40,straight_o1_c1_m3_boost_15_s40,boost_15,sh_mpcc_dro,78,40,1,0,0,2,0.006762195113193616,turn_left,0.006819120120667096,0.9916521477161029,0,0,0.42857142857142855,0.42857142857142855,0.0
sh_mpcc_dro_straight_o1_c1_m3_boost_15_s40,straight_o1_c1_m3_boost_15_s40,boost_15,sh_mpcc_dro,78,40,1,0,0,2,0.006762195113193616,turn_right,0.006819120120667087,0.9916521477161041,0,0,0.42857142857142855,0.42857142857142855,0.0
sh_mpcc_dro_straight_o1_c1_m3_boost_15_s40,straight_o1_c1_m3_boost_15_s40,boost_15,sh_mpcc_dro,78,40,10,0,0,11,0.004988309595733228,constant_velocity,0.006013393417432129,0.8295332185106495,0,0,0.12,0.0,0.016782974897216058
sh_mpcc_dro_straight_o1_c1_m3_boost_15_s40,straight_o1_c1_m3_boost_15_s40,boost_15,sh_mpcc_dro,78,40,10,0,0,11,0.004988309595733228,turn_left,0.010090774419648401,0.4943435843754635,0,0,0.2,0.6257400957435436,0.027836265850617464
sh_mpcc_dro_straight_o1_c1_m3_boost_15_s40,straight_o1_c1_m3_boost_15_s40,boost_15,sh_mpcc_dro,78,40,10,0,0,11,0.004988309595733228,turn_right,0.003546704142216275,1.4064634081984968,0,1,0.68,0.37425990425645644,0.007677150425978593
sh_mpcc_dro_straight_o1_c1_m3_boost_15_s40,straight_o1_c1_m3_boost_15_s40,boost_15,sh_mpcc_dro,78,40,11,0,0,12,0.004823337967714428,constant_velocity,0.006074134765083043,0.7940781945506415,0,0,0.1111111111111111,0.0,0.02331060107381641
sh_mpcc_dro_straight_o1_c1_m3_boost_15_s40,straight_o1_c1_m3_boost_15_s40,boost_15,sh_mpcc_dro,78,40,11,0,0,12,0.004823337967714428,turn_left,0.009343309647822505,0.5162344125926005,0,0,0.25925925925925924,0.6684652953783343,0.03577747230697101
sh_mpcc_dro_straight_o1_c1_m3_boost_15_s40,straight_o1_c1_m3_boost_15_s40,boost_15,sh_mpcc_dro,78,40,11,0,0,12,0.004823337967714428,turn_right,0.00429387270535954,1.1233071631802263,0,1,0.6296296296296297,0.33153470462166557,0.012845728230240647
sh_mpcc_dro_straight_o1_c1_m3_boost_15_s40,straight_o1_c1_m3_boost_15_s40,boost_15,sh_mpcc_dro,78,40,12,0,0,13,0.004610653197616014,constant_velocity,0.005655228919215153,0.8152902850581497,0,0,0.1724137931034483,0.6696708225224713,0.028177132583560444
sh_mpcc_dro_straight_o1_c1_m3_boost_15_s40,straight_o1_c1_m3_boost_15_s40,boost_15,sh_mpcc_dro,78,40,12,0,0,13,0.004610653197616014,turn_left,0.009170212541815386,0.502785859825149,0,0,0.2413793103448276,0.33032917747752866,0.03977551750955444
sh_mpcc_dro_straight_o1_c1_m3_boost_15_s40,straight_o1_c1_m3_boost_15_s40,boost_15,sh_mpcc_dro,78,40,12,0,0,13,0.004610653197616014,turn_right,0.004469012629867045,1.0316939287220548,0,1,0.5862068965517241,0.0,0.015626635932018712
sh_mpcc_dro_straight_o1_c1_m3_boost_15_s40,straight_o1_c1_m3_boost_15_s40,boost_15,sh_mpcc_dro,78,40,13,0,0,14,0.004406551027978719,constant_velocity,0.005290375440556105,0.8329372985890616,0,0,0.22580645161290322,0.0,0.0
sh_mpcc_dro_straight_o1_c1_m3_boost_15_s40,straight_o1_c1_m3_boost_15_s40,boost_15,sh_mpcc_dro,78,40,13,0,0,14,0.004406551027978719,turn_left,0.009019450546260717,0.4885609168072424,0,0,0.22580645161290322,0.6616491457295,0.0073571153018126695
sh_mpcc_dro_straight_o1_c1_m3_boost_15_s40,straight_o1_c1_m3_boost_15_s40,boost_15,sh_mpcc_dro,78,40,13,0,0,14,0.004406551027978719,turn_right,0.004621553854438095,0.9534782384385917,0,0,0.5483870967741935,0.33835085427050016,0.0
sh_mpcc_dro_straight_o1_c1_m3_boost_15_s40,straight_o1_c1_m3_boost_15_s40,boost_15,sh_mpcc_dro,78,40,14,0,0,15,0.00426632439109577,constant_velocity,0.005383892178141705,0.7924238171813327,0,0,0.21212121212121213,0.0,0.04739549532805967
sh_mpcc_dro_straight_o1_c1_m3_boost_15_s40,straight_o1_c1_m3_boost_15_s40,boost_15,sh_mpcc_dro,78,40,14,0,0,15,0.00426632439109577,turn_left,0.00929908867949646,0.45878951563313713,0,0,0.21212121212121213,0.6308525495572397,0.05530097670907069
sh_mpcc_dro_straight_o1_c1_m3_boost_15_s40,straight_o1_c1_m3_boost_15_s40,boost_15,sh_mpcc_dro,78,40,14,0,0,15,0.00426632439109577,turn_right,0.004341459681441852,0.9826935418363417,0,0,0.5757575757575758,0.3691474504427605,0.04126311615256145
sh_mpcc_dro_straight_o1_c1_m3_boost_15_s40,straight_o1_c1_m3_boost_15_s40,boost_15,sh_mpcc_dro,78,40,15,0,0,16,0.0041517860588924805,constant_velocity,0.005466721288574703,0.7594654711169562,0,0,0.2,0.0,0.1986569699286517
sh_mpcc_dro_straight_o1_c1_m3_boost_15_s40,straight_o1_c1_m3_boost_15_s40,boost_15,sh_mpcc_dro,78,40,15,0,0,16,0.0041517860588924805,turn_left,0.008767712183525143,0.47353128980372333,0,0,0.2571428571428571,0.661427147647764,0.20750805434198288
sh_mpcc_dro_straight_o1_c1_m3_boost_15_s40,straight_o1_c1_m3_boost_15_s40,boost_15,sh_mpcc_dro,78,40,15,0,0,16,0.0041517860588924805,turn_right,0.004872432256482349,0.8520972361121879,0,0,0.5428571428571428,0.33857285235223583,0.1914746698248187
sh_mpcc_dro_straight_o1_c1_m3_boost_15_s40,straight_o1_c1_m3_boost_15_s40,boost_15,sh_mpcc_dro,78,40,16,0,0,17,0.003994283824973902,constant_velocity,0.005171222840543577,0.7724060532951312,0,0,0.24324324324324326,0.0,0.14972462768057296
sh_mpcc_dro_straight_o1_c1_m3_boost_15_s40,straight_o1_c1_m3_boost_15_s40,boost_15,sh_mpcc_dro,78,40,16,0,0,17,0.003994283824973902,turn_left,0.008663154855265384,0.4610657308689587,0,0,0.24324324324324326,0.6575436999403245,0.15967636744696306
sh_mpcc_dro_straight_o1_c1_m3_boost_15_s40,straight_o1_c1_m3_boost_15_s40,boost_15,sh_mpcc_dro,78,40,16,0,0,17,0.003994283824973902,turn_right,0.004978430599954554,0.8023178680065088,0,0,0.5135135135135135,0.3424563000596755,0.1413516264640084
sh_mpcc_dro_straight_o1_c1_m3_boost_15_s40,straight_o1_c1_m3_boost_15_s40,boost_15,sh_mpcc_dro,78,40,17,0,0,18,0.003844991319704377,constant_velocity,0.004906031925643909,0.783727333612842,0,0,0.28205128205128205,0.0,0.1727616853070287
sh_mpcc_dro_straight_o1_c1_m3_boost_15_s40,straight_o1_c1_m3_boost_15_s40,boost_15,sh_mpcc_dro,78,40,17,0,0,18,0.003844991319704377,turn_left,0.008569321355545013,0.4486926280593236,0,0,0.23076923076923078,0.6534758459083476,0.18471632763141949
sh_mpcc_dro_straight_o1_c1_m3_boost_15_s40,straight_o1_c1_m3_boost_15_s40,boost_15,sh_mpcc_dro,78,40,17,0,0,18,0.003844991319704377,turn_right,0.005073557318455266,0.757849193053968,0,0,0.48717948717948717,0.34652415409165255,0.16213387207086477
sh_mpcc_dro_straight_o1_c1_m3_boost_15_s40,straight_o1_c1_m3_boost_15_s40,boost_15,sh_mpcc_dro,78,40,18,0,0,19,0.003748820610941971,constant_velocity,0.005000049959062163,0.7497566307607695,0,0,0.2682926829268293,0.0,0.027550733788010623
sh_mpcc_dro_straight_o1_c1_m3_boost_15_s40,straight_o1_c1_m3_boost_15_s40,boost_15,sh_mpcc_dro,78,40,18,0,0,19,0.003748820610941971,turn_left,0.00815130567966477,0.4599043095996548,0,0,0.2682926829268293,0.677082802690172,0.04165270145754657
sh_mpcc_dro_straight_o1_c1_m3_boost_15_s40,straight_o1_c1_m3_boost_15_s40,boost_15,sh_mpcc_dro,78,40,18,0,0,19,0.003748820610941971,turn_right,0.005491114509976977,0.6827066898952155,0,0,0.4634146341463415,0.3229171973098282,0.014366862256087853
sh_mpcc_dro_straight_o1_c1_m3_boost_15_s40,straight_o1_c1_m3_boost_15_s40,boost_15,sh_mpcc_dro,78,40,19,0,0,20,0.0036752965061021565,constant_velocity,0.005085322128906581,0.7227263903717343,0,0,0.2558139534883721,0.0,0.02371042262961684
sh_mpcc_dro_straight_o1_c1_m3_boost_15_s40,straight_o1_c1_m3_boost_15_s40,boost_15,sh_mpcc_dro,78,40,19,0,0,20,0.0036752965061021565,turn_left,0.008406290519896692,0.4372078858568076,0,0,0.2558139534883721,0.6529870508187074,0.03933017116034468
sh_mpcc_dro_straight_o1_c1_m3_boost_15_s40,straight_o1_c1_m3_boost_15_s40,boost_15,sh_mpcc_dro,78,40,19,0,0,20,0.0036752965061021565,turn_right,0.00523571383509429,0.7019666509401516,0,0,0.4883720930232558,0.34701294918129233,0.008428469814510342
sh_mpcc_dro_straight_o1_c1_m3_boost_15_s40,straight_o1_c1_m3_boost_15_s40,boost_15,sh_mpcc_dro,78,40,2,0,0,3,0.007601663467509214,constant_velocity,0.006074134765082801,1.2514808711863656,0,1,0.1111111111111111,0.0,0.0
sh_mpcc_dro_straight_o1_c1_m3_boost_15_s40,straight_o1_c1_m3_boost_15_s40,boost_15,sh_mpcc_dro,78,40,2,0,0,3,0.007601663467509214,turn_left,0.008333422259330066,0.9121898820137696,0,0,0.3333333333333333,0.9463263374042141,0.0006706479642731022
sh_mpcc_dro_straight_o1_c1_m3_boost_15_s40,straight_o1_c1_m3_boost_15_s40,boost_15,sh_mpcc_dro,78,40,2,0,0,3,0.007601663467509214,turn_right,0.005303760093852179,1.4332592977424896,0,1,0.5555555555555556,0.053673662595785855,0.0
sh_mpcc_dro_straight_o1_c1_m3_boost_15_s40,straight_o1_c1_m3_boost_15_s40,boost_15,sh_mpcc_dro,78,40,20,0,0,21,0.003598526719394886,constant_velocity,0.005163014550320498,0.6969817118124342,0,0,0.24444444444444444,0.0,0.04950405005167871
sh_mpcc_dro_straight_o1_c1_m3_boost_15_s40,straight_o1_c1_m3_boost_15_s40,boost_15,sh_mpcc_dro,78,40,20,0,0,21,0.003598526719394886,turn_left,0.008638610040996824,0.4165631626288395,0,0,0.24444444444444444,0.6303157069214395,0.06556735854509915
sh_mpcc_dro_straight_o1_c1_m3_boost_15_s40,straight_o1_c1_m3_boost_15_s40,boost_15,sh_mpcc_dro,78,40,20,0,0,21,0.003598526719394886,turn_right,0.005003015442423472,0.719271559484084,0,0,0.5111111111111111,0.36968429307856054,0.03544413668297028
sh_mpcc_dro_straight_o1_c1_m3_boost_15_s40,straight_o1_c1_m3_boost_15_s40,boost_15,sh_mpcc_dro,78,40,21,0,0,22,0.003520317973089178,constant_velocity,0.00523409485076303,0.6725743559224923,0,0,0.23404255319148937,0.0,0.013516638110751128
sh_mpcc_dro_straight_o1_c1_m3_boost_15_s40,straight_o1_c1_m3_boost_15_s40,boost_15,sh_mpcc_dro,78,40,21,0,0,22,0.003520317973089178,turn_left,0.00885115768796071,0.3977240150039913,0,0,0.23404255319148937,0.6089890611409502,0.02265670681860464
sh_mpcc_dro_straight_o1_c1_m3_boost_15_s40,straight_o1_c1_m3_boost_15_s40,boost_15,sh_mpcc_dro,78,40,21,0,0,22,0.003520317973089178,turn_right,0.004790121168277817,0.7349120929136812,0,0,0.5319148936170213,0.3910109388590498,0.004569098830547902
sh_mpcc_dro_straight_o1_c1_m3_boost_15_s40,straight_o1_c1_m3_boost_15_s40,boost_15,sh_mpcc_dro,78,40,22,0,0,23,0.003416995930728992,constant_velocity,0.005020458326241892,0.6806143401028516,0,0,0.2653061224489796,0.0,0.01771462714377746
sh_mpcc_dro_straight_o1_c1_m3_boost_15_s40,straight_o1_c1_m3_boost_15_s40,boost_15,sh_mpcc_dro,78,40,22,0,0,23,0.003416995930728992,turn_left,0.008768800297052914,0.38967655950351643,0,0,0.22448979591836735,0.6074513281597126,0.024244865592824114
sh_mpcc_dro_straight_o1_c1_m3_boost_15_s40,straight_o1_c1_m3_boost_15_s40,boost_15,sh_mpcc_dro,78,40,22,0,0,23,0.003416995930728992,turn_right,0.004873520370009966,0.7011350463939898,0,0,0.5102040816326531,0.3925486718402875,0.011316971419250574
sh_mpcc_dro_straight_o1_c1_m3_boost_15_s40,straight_o1_c1_m3_boost_15_s40,boost_15,sh_mpcc_dro,78,40,23,0,0,24,0.003359212895443538,constant_velocity,0.00509155414131939,0.6597617941804023,0,0,0.2549019607843137,0.0,0.00016358921170041285
sh_mpcc_dro_straight_o1_c1_m3_boost_15_s40,straight_o1_c1_m3_boost_15_s40,boost_15,sh_mpcc_dro,78,40,23,0,0,24,0.003359212895443538,turn_left,0.00842492577559985,0.39872314426465844,0,0,0.2549019607843137,0.6284358083897041,0.0045319248071737095
sh_mpcc_dro_straight_o1_c1_m3_boost_15_s40,straight_o1_c1_m3_boost_15_s40,boost_15,sh_mpcc_dro,78,40,23,0,0,24,0.003359212895443538,turn_right,0.005217048188623308,0.6438914830744507,0,0,0.49019607843137253,0.3715641916102958,0.0
sh_mpcc_dro_straight_o1_c1_m3_boost_15_s40,straight_o1_c1_m3_boost_15_s40,boost_15,sh_mpcc_dro,78,40,24,0,0,25,0.003297073722657305,constant_velocity,0.005157284234504433,0.6393042486583296,0,0,0.24528301886792453,0.24528301886792453,0.0
sh_mpcc_dro_straight_o1_c1_m3_boost_15_s40,straight_o1_c1_m3_boost_15_s40,boost_15,sh_mpcc_dro,78,40,24,0,0,25,0.003297073722657305,turn_left,0.008621474981979025,0.3824257136451697,0,0,0.24528301886792453,0.24528301886792453,0.0
sh_mpcc_dro_straight_o1_c1_m3_boost_15_s40,straight_o1_c1_m3_boost_15_s40,boost_15,sh_mpcc_dro,78,40,24,0,0,25,0.003297073722657305,turn_right,0.005020178445656501,0.6567642481932011,0,0,0.5094339622641509,0.5094339622641509,0.0
sh_mpcc_dro_straight_o1_c1_m3_boost_15_s40,straight_o1_c1_m3_boost_15_s40,boost_15,sh_mpcc_dro,78,40,25,0,0,26,0.0032101601087359344,constant_velocity,0.004969746625976816,0.6459403970328104,0,0,0.2727272727272727,0.2727272727272727,0.0
sh_mpcc_dro_straight_o1_c1_m3_boost_15_s40,straight_o1_c1_m3_boost_15_s40,boost_15,sh_mpcc_dro,78,40,25,0,0,26,0.0032101601087359344,turn_left,0.008556454132115086,0.3751741152549612,0,0,0.23636363636363636,0.23636363636363636,0.0
sh_mpcc_dro_straight_o1_c1_m3_boost_15_s40,straight_o1_c1_m3_boost_15_s40,boost_15,sh_mpcc_dro,78,40,25,0,0,26,0.0032101601087359344,turn_right,0.005086113833476812,0.6311616715313476,0,0,0.4909090909090909,0.4909090909090909,0.0
sh_mpcc_dro_straight_o1_c1_m3_boost_15_s40,straight_o1_c1_m3_boost_15_s40,boost_15,sh_mpcc_dro,78,40,26,0,0,27,0.003126644401545136,constant_velocity,0.0047953695513811324,0.6520132323575812,0,0,0.2982456140350877,0.2982456140350877,0.0
sh_mpcc_dro_straight_o1_c1_m3_boost_15_s40,straight_o1_c1_m3_boost_15_s40,boost_15,sh_mpcc_dro,78,40,26,0,0,27,0.003126644401545136,turn_left,0.008495996148908155,0.3680138675612453,0,0,0.22807017543859648,0.22807017543859648,0.0
sh_mpcc_dro_straight_o1_c1_m3_boost_15_s40,straight_o1_c1_m3_boost_15_s40,boost_15,sh_mpcc_dro,78,40,26,0,0,27,0.003126644401545136,turn_right,0.005147422176537903,0.607419460520738,0,0,0.47368421052631576,0.47368421052631576,0.0
sh_mpcc_dro_straight_o1_c1_m3_boost_15_s40,straight_o1_c1_m3_boost_15_s40,boost_15,sh_mpcc_dro,78,40,27,0,0,28,0.003046509467611517,constant_velocity,0.0046328146513343145,0.657593643797962,0,0,0.3220338983050847,0.3220338983050847,0.0
sh_mpcc_dro_straight_o1_c1_m3_boost_15_s40,straight_o1_c1_m3_boost_15_s40,boost_15,sh_mpcc_dro,78,40,27,0,0,28,0.003046509467611517,turn_left,0.00843963701202036,0.36097636228577734,0,0,0.22033898305084745,0.22033898305084745,0.0
sh_mpcc_dro_straight_o1_c1_m3_boost_15_s40,straight_o1_c1_m3_boost_15_s40,boost_15,sh_mpcc_dro,78,40,27,0,0,28,0.003046509467611517,turn_right,0.005204574021764351,0.585352317955649,0,0,0.4576271186440678,0.4576271186440678,0.0
sh_mpcc_dro_straight_o1_c1_m3_boost_15_s40,straight_o1_c1_m3_boost_15_s40,boost_15,sh_mpcc_dro,78,40,28,0,0,29,0.0030060253350492998,constant_velocity,0.00470496504344526,0.638904924328217,0,0,0.3114754098360656,0.0,0.01321124005765792
sh_mpcc_dro_straight_o1_c1_m3_boost_15_s40,straight_o1_c1_m3_boost_15_s40,boost_15,sh_mpcc_dro,78,40,28,0,0,29,0.0030060253350492998,turn_left,0.008162927601790186,0.3682533377351109,0,0,0.2459016393442623,0.6217471721579774,0.027209548863582067
sh_mpcc_dro_straight_o1_c1_m3_boost_15_s40,straight_o1_c1_m3_boost_15_s40,boost_15,sh_mpcc_dro,78,40,28,0,0,29,0.0030060253350492998,turn_right,0.005480931586449134,0.5484515337650434,0,0,0.4426229508196721,0.3782528278420225,0.0001591267046512912
sh_mpcc_dro_straight_o1_c1_m3_boost_15_s40,straight_o1_c1_m3_boost_15_s40,boost_15,sh_mpcc_dro,78,40,29,0,0,30,0.00293336757767941,constant_velocity,0.004555601073812239,0.643903522312742,0,0,0.3333333333333333,0.0,0.12028860988732606
sh_mpcc_dro_straight_o1_c1_m3_boost_15_s40,straight_o1_c1_m3_boost_15_s40,boost_15,sh_mpcc_dro,78,40,29,0,0,30,0.00293336757767941,turn_left,0.008120720427470335,0.361220116352802,0,0,0.23809523809523808,0.619513657045154,0.13555133640299932
sh_mpcc_dro_straight_o1_c1_m3_boost_15_s40,straight_o1_c1_m3_boost_15_s40,boost_15,sh_mpcc_dro,78,40,29,0,0,30,0.00293336757767941,turn_right,0.005523867142775306,0.5310351429280801,0,0,0.42857142857142855,0.38048634295484596,0.10554592362353835
sh_mpcc_dro_straight_o1_c1_m3_boost_15_s40,straight_o1_c1_m3_boost_15_s40,boost_15,sh_mpcc_dro,78,40,3,0,0,4,0.007494131427503018,constant_velocity,0.006212183282471037,1.2063603224085908,0,1,0.09090909090909091,0.0,0.19306671246442206
sh_mpcc_dro_straight_o1_c1_m3_boost_15_s40,straight_o1_c1_m3_boost_15_s40,boost_15,sh_mpcc_dro,78,40,3,0,0,4,0.007494131427503018,turn_left,0.009297069074842878,0.8060746206330267,0,0,0.2727272727272727,0.8677566049821362,0.1949425587214657
sh_mpcc_dro_straight_o1_c1_m3_boost_15_s40,straight_o1_c1_m3_boost_15_s40,boost_15,sh_mpcc_dro,78,40,3,0,0,4,0.007494131427503018,turn_right,0.004339440076788146,1.7269811991619501,0,1,0.6363636363636364,0.1322433950178638,0.19314724674464906
sh_mpcc_dro_straight_o1_c1_m3_boost_15_s40,straight_o1_c1_m3_boost_15_s40,boost_15,sh_mpcc_dro,78,40,30,0,0,31,0.002863607910342344,constant_velocity,0.004415428733079554,0.6485458340406984,0,0,0.35384615384615387,0.35384615384615387,0.055311705728752575
sh_mpcc_dro_straight_o1_c1_m3_boost_15_s40,straight_o1_c1_m3_boost_15_s40,boost_15,sh_mpcc_dro,78,40,30,0,0,31,0.002863607910342344,turn_left,0.008081110617724107,0.3543582121078334,0,0,0.23076923076923078,0.440811565079811,0.07132859137755371
sh_mpcc_dro_straight_o1_c1_m3_boost_15_s40,straight_o1_c1_m3_boost_15_s40,boost_15,sh_mpcc_dro,78,40,30,0,0,31,0.002863607910342344,turn_right,0.005564160511019716,0.5146522830660657,0,0,0.4153846153846154,0.20534228107403518,0.03928750319502006
sh_mpcc_dro_straight_o1_c1_m3_boost_15_s40,straight_o1_c1_m3_boost_15_s40,boost_15,sh_mpcc_dro,78,40,31,0,0,32,0.0027966474075711224,constant_velocity,0.00428362489030106,0.6528693522869529,0,0,0.373134328358209,0.7698123358197249,0.07326292122848402
sh_mpcc_dro_straight_o1_c1_m3_boost_15_s40,straight_o1_c1_m3_boost_15_s40,boost_15,sh_mpcc_dro,78,40,31,0,0,32,0.0027966474075711224,turn_left,0.008043865572738847,0.3476745579947447,0,0,0.22388059701492538,0.23018766418027525,0.08933486370708948
sh_mpcc_dro_straight_o1_c1_m3_boost_15_s40,straight_o1_c1_m3_boost_15_s40,boost_15,sh_mpcc_dro,78,40,31,0,0,32,0.0027966474075711224,turn_right,0.00560204830504058,0.49921872416822444,0,0,0.40298507462686567,0.0,0.05667385126439456
sh_mpcc_dro_straight_o1_c1_m3_boost_15_s40,straight_o1_c1_m3_boost_15_s40,boost_15,sh_mpcc_dro,78,40,32,0,0,33,0.0027323770480007043,constant_velocity,0.004159461850002479,0.6569063851370763,0,0,0.391304347826087,0.7740150756769673,0.03804106014849959
sh_mpcc_dro_straight_o1_c1_m3_boost_15_s40,straight_o1_c1_m3_boost_15_s40,boost_15,sh_mpcc_dro,78,40,32,0,0,33,0.0027323770480007043,turn_left,0.00800877966079621,0.34117270841848324,0,0,0.21739130434782608,0.22598492432303272,0.05359265032204036
sh_mpcc_dro_straight_o1_c1_m3_boost_15_s40,straight_o1_c1_m3_boost_15_s40,boost_15,sh_mpcc_dro,78,40,32,0,0,33,0.0027323770480007043,turn_right,0.005637739705205161,0.4846582479638037,0,0,0.391304347826087,0.0,0.021449887038366866
sh_mpcc_dro_straight_o1_c1_m3_boost_15_s40,straight_o1_c1_m3_boost_15_s40,boost_15,sh_mpcc_dro,78,40,33,0,0,34,0.002703060816877729,constant_velocity,0.004234784096783215,0.63829955792339,0,0,0.38028169014084506,0.38028169014084506,0.0
sh_mpcc_dro_straight_o1_c1_m3_boost_15_s40,straight_o1_c1_m3_boost_15_s40,boost_15,sh_mpcc_dro,78,40,33,0,0,34,0.002703060816877729,turn_left,0.00816722191667942,0.3309645365895387,0,0,0.2112676056338028,0.2112676056338028,0.0
sh_mpcc_dro_straight_o1_c1_m3_boost_15_s40,straight_o1_c1_m3_boost_15_s40,boost_15,sh_mpcc_dro,78,40,33,0,0,34,0.002703060816877729,turn_right,0.005478930136044452,0.4933555912850571,0,0,0.4084507042253521,0.4084507042253521,0.0
sh_mpcc_dro_straight_o1_c1_m3_boost_15_s40,straight_o1_c1_m3_boost_15_s40,boost_15,sh_mpcc_dro,78,40,34,0,0,35,0.002644027389962975,constant_velocity,0.004118762614679411,0.6419470208211492,0,0,0.3972602739726027,0.7841872454264474,0.0355800433115232
sh_mpcc_dro_straight_o1_c1_m3_boost_15_s40,straight_o1_c1_m3_boost_15_s40,boost_15,sh_mpcc_dro,78,40,34,0,0,35,0.002644027389962975,turn_left,0.008130678894598401,0.3251914660803452,0,0,0.2054794520547945,0.2054794520547945,0.04687964853581225
sh_mpcc_dro_straight_o1_c1_m3_boost_15_s40,straight_o1_c1_m3_boost_15_s40,boost_15,sh_mpcc_dro,78,40,34,0,0,35,0.002644027389962975,turn_right,0.005516038943569562,0.47933443128520786,0,0,0.3972602739726027,0.010333302518758025,0.023221044827533177
sh_mpcc_dro_straight_o1_c1_m3_boost_15_s40,straight_o1_c1_m3_boost_15_s40,boost_15,sh_mpcc_dro,78,40,35,0,0,36,0.0025872510497234736,constant_velocity,0.004008928944954628,0.6453721393539829,0,0,0.41333333333333333,0.03471501157899931,0.002336879998188615
sh_mpcc_dro_straight_o1_c1_m3_boost_15_s40,straight_o1_c1_m3_boost_15_s40,boost_15,sh_mpcc_dro,78,40,35,0,0,36,0.0025872510497234736,turn_left,0.008096084833694929,0.31956817435455304,0,0,0.2,0.578618321754334,0.006861849151101815
sh_mpcc_dro_straight_o1_c1_m3_boost_15_s40,straight_o1_c1_m3_boost_15_s40,boost_15,sh_mpcc_dro,78,40,35,0,0,36,0.0025872510497234736,turn_right,0.005551168614693523,0.4660732233705199,0,0,0.38666666666666666,0.38666666666666666,0.0
sh_mpcc_dro_straight_o1_c1_m3_boost_15_s40,straight_o1_c1_m3_boost_15_s40,boost_15,sh_mpcc_dro,78,40,36,0,0,37,0.0025326341946652455,constant_velocity,0.003904800920410351,0.648594959458034,0,0,0.42857142857142855,0.7991971196903065,0.02880690855991863
sh_mpcc_dro_straight_o1_c1_m3_boost_15_s40,straight_o1_c1_m3_boost_15_s40,boost_15,sh_mpcc_dro,78,40,36,0,0,37,0.0025326341946652455,turn_left,0.008063287866864364,0.31409447814370683,0,0,0.19480519480519481,0.19480519480519481,0.03603927928905769
sh_mpcc_dro_straight_o1_c1_m3_boost_15_s40,straight_o1_c1_m3_boost_15_s40,boost_15,sh_mpcc_dro,78,40,36,0,0,37,0.0025326341946652455,turn_right,0.005584473367837018,0.4535135236299259,0,0,0.37662337662337664,0.005997685504498751,0.02061438389519077
sh_mpcc_dro_straight_o1_c1_m3_boost_15_s40,straight_o1_c1_m3_boost_15_s40,boost_15,sh_mpcc_dro,78,40,37,0,0,38,0.0025134235080801763,constant_velocity,0.003978942710038397,0.6316812508355824,0,0,0.4177215189873418,0.7840807782473048,0.012612105749480448
sh_mpcc_dro_straight_o1_c1_m3_boost_15_s40,straight_o1_c1_m3_boost_15_s40,boost_15,sh_mpcc_dro,78,40,37,0,0,38,0.0025134235080801763,turn_left,0.007859153996817164,0.3198084054718961,0,0,0.21518987341772153,0.2159192217526953,0.017776311049369498
sh_mpcc_dro_straight_o1_c1_m3_boost_15_s40,straight_o1_c1_m3_boost_15_s40,boost_15,sh_mpcc_dro,78,40,37,0,0,38,0.0025134235080801763,turn_right,0.005788245681174062,0.4342288918825513,0,0,0.3670886075949367,0.0,0.006874819716967115
sh_mpcc_dro_straight_o1_c1_m3_boost_15_s40,straight_o1_c1_m3_boost_15_s40,boost_15,sh_mpcc_dro,78,40,38,0,0,39,0.0024920426330742144,constant_velocity,0.004049423176721991,0.6154068182845547,0,0,0.4074074074074074,0.4074074074074074,0.0
sh_mpcc_dro_straight_o1_c1_m3_boost_15_s40,straight_o1_c1_m3_boost_15_s40,boost_15,sh_mpcc_dro,78,40,38,0,0,39,0.0024920426330742144,turn_left,0.008001729941207982,0.3114379829592203,0,0,0.20987654320987653,0.20987654320987653,0.0
sh_mpcc_dro_straight_o1_c1_m3_boost_15_s40,straight_o1_c1_m3_boost_15_s40,boost_15,sh_mpcc_dro,78,40,38,0,0,39,0.0024920426330742144,turn_right,0.005645326034725534,0.4414346696267248,0,0,0.38271604938271603,0.38271604938271603,0.0
sh_mpcc_dro_straight_o1_c1_m3_boost_15_s40,straight_o1_c1_m3_boost_15_s40,boost_15,sh_mpcc_dro,78,40,39,0,0,40,0.0024717922239412184,constant_velocity,0.004116506994408504,0.6004586479018936,0,0,0.39759036144578314,0.39759036144578314,0.0
sh_mpcc_dro_straight_o1_c1_m3_boost_15_s40,straight_o1_c1_m3_boost_15_s40,boost_15,sh_mpcc_dro,78,40,39,0,0,40,0.0024717922239412184,turn_left,0.007808917171540439,0.3165345680640145,0,0,0.2289156626506024,0.2289156626506024,0.0
sh_mpcc_dro_straight_o1_c1_m3_boost_15_s40,straight_o1_c1_m3_boost_15_s40,boost_15,sh_mpcc_dro,78,40,39,0,0,40,0.0024717922239412184,turn_right,0.005837811666289775,0.4234107513633045,0,0,0.37349397590361444,0.37349397590361444,0.0
sh_mpcc_dro_straight_o1_c1_m3_boost_15_s40,straight_o1_c1_m3_boost_15_s40,boost_15,sh_mpcc_dro,78,40,4,0,0,5,0.006516226891093665,constant_velocity,0.006307755332970688,1.033050038740928,0,1,0.07692307692307693,0.0,0.1470429964198358
sh_mpcc_dro_straight_o1_c1_m3_boost_15_s40,straight_o1_c1_m3_boost_15_s40,boost_15,sh_mpcc_dro,78,40,4,0,0,5,0.006516226891093665,turn_left,0.007866750755636297,0.8283250726387866,0,0,0.38461538461538464,0.9009406336579223,0.15504985084101508
sh_mpcc_dro_straight_o1_c1_m3_boost_15_s40,straight_o1_c1_m3_boost_15_s40,boost_15,sh_mpcc_dro,78,40,4,0,0,5,0.006516226891093665,turn_right,0.005769292333382371,1.1294672751091792,0,1,0.5384615384615384,0.09905936634207768,0.1407813408473056
sh_mpcc_dro_straight_o1_c1_m3_boost_15_s40,straight_o1_c1_m3_boost_15_s40,boost_15,sh_mpcc_dro,78,40,40,0,0,41,0.0024510743602366636,constant_velocity,0.00418043392655711,0.5863205598504223,0,0,0.38823529411764707,0.38823529411764707,0.0
sh_mpcc_dro_straight_o1_c1_m3_boost_15_s40,straight_o1_c1_m3_boost_15_s40,boost_15,sh_mpcc_dro,78,40,40,0,0,41,0.0024510743602366636,turn_left,0.007945965702672317,0.30846777496312877,0,0,0.2235294117647059,0.2235294117647059,0.0
sh_mpcc_dro_straight_o1_c1_m3_boost_15_s40,straight_o1_c1_m3_boost_15_s40,boost_15,sh_mpcc_dro,78,40,40,0,0,41,0.0024510743602366636,turn_right,0.0057004513917890435,0.4299789949559437,0,0,0.38823529411764707,0.38823529411764707,0.0
sh_mpcc_dro_straight_o1_c1_m3_boost_15_s40,straight_o1_c1_m3_boost_15_s40,boost_15,sh_mpcc_dro,78,40,41,0,0,42,0.00242918769339766,constant_velocity,0.004241421689411245,0.5727295872188689,0,0,0.3793103448275862,0.3793103448275862,0.0
sh_mpcc_dro_straight_o1_c1_m3_boost_15_s40,straight_o1_c1_m3_boost_15_s40,boost_15,sh_mpcc_dro,78,40,41,0,0,42,0.00242918769339766,turn_left,0.008076713151913304,0.3007643886451763,0,0,0.21839080459770116,0.21839080459770116,0.0
sh_mpcc_dro_straight_o1_c1_m3_boost_15_s40,straight_o1_c1_m3_boost_15_s40,boost_15,sh_mpcc_dro,78,40,41,0,0,42,0.00242918769339766,turn_right,0.005569406532207486,0.4361663454355214,0,0,0.40229885057471265,0.40229885057471265,0.0
sh_mpcc_dro_straight_o1_c1_m3_boost_15_s40,straight_o1_c1_m3_boost_15_s40,boost_15,sh_mpcc_dro,78,40,42,0,0,43,0.002406399333585057,constant_velocity,0.004299668429215829,0.559670907931832,0,0,0.3707865168539326,0.3707865168539326,0.0
sh_mpcc_dro_straight_o1_c1_m3_boost_15_s40,straight_o1_c1_m3_boost_15_s40,boost_15,sh_mpcc_dro,78,40,42,0,0,43,0.002406399333585057,turn_left,0.00820158431130065,0.29340664464905536,0,0,0.21348314606741572,0.21348314606741572,0.0
sh_mpcc_dro_straight_o1_c1_m3_boost_15_s40,straight_o1_c1_m3_boost_15_s40,boost_15,sh_mpcc_dro,78,40,42,0,0,43,0.002406399333585057,turn_right,0.005444251329236449,0.4420073923961465,0,0,0.4157303370786517,0.4157303370786517,0.0
sh_mpcc_dro_straight_o1_c1_m3_boost_15_s40,straight_o1_c1_m3_boost_15_s40,boost_15,sh_mpcc_dro,78,40,43,0,0,44,0.0023894012757861376,constant_velocity,0.004355354872765238,0.5486123049874679,0,0,0.3626373626373626,0.3626373626373626,0.0
sh_mpcc_dro_straight_o1_c1_m3_boost_15_s40,straight_o1_c1_m3_boost_15_s40,boost_15,sh_mpcc_dro,78,40,43,0,0,44,0.0023894012757861376,turn_left,0.008021329711052228,0.29788094516223285,0,0,0.23076923076923078,0.23076923076923078,0.0
sh_mpcc_dro_straight_o1_c1_m3_boost_15_s40,straight_o1_c1_m3_boost_15_s40,boost_15,sh_mpcc_dro,78,40,43,0,0,44,0.0023894012757861376,turn_right,0.0056242343713333205,0.42484027478742664,0,0,0.4065934065934066,0.4065934065934066,0.0
sh_mpcc_dro_straight_o1_c1_m3_boost_15_s40,straight_o1_c1_m3_boost_15_s40,boost_15,sh_mpcc_dro,78,40,44,0,0,45,0.0023703802413216264,constant_velocity,0.004408646200463244,0.5376662434541823,0,0,0.3548387096774194,0.3548387096774194,0.0
sh_mpcc_dro_straight_o1_c1_m3_boost_15_s40,straight_o1_c1_m3_boost_15_s40,boost_15,sh_mpcc_dro,78,40,44,0,0,45,0.0023703802413216264,turn_left,0.007848827996836104,0.30200435559004946,0,0,0.24731182795698925,0.24731182795698925,0.0
sh_mpcc_dro_straight_o1_c1_m3_boost_15_s40,straight_o1_c1_m3_boost_15_s40,boost_15,sh_mpcc_dro,78,40,44,0,0,45,0.0023703802413216264,turn_right,0.0057964762073187594,0.408934696967915,0,0,0.3978494623655914,0.3978494623655914,0.0
sh_mpcc_dro_straight_o1_c1_m3_boost_15_s40,straight_o1_c1_m3_boost_15_s40,boost_15,sh_mpcc_dro,78,40,45,0,0,46,0.002331463941345102,constant_velocity,0.0043158325962430215,0.5402118570063784,0,0,0.3684210526315789,0.3684210526315789,0.0
sh_mpcc_dro_straight_o1_c1_m3_boost_15_s40,straight_o1_c1_m3_boost_15_s40,boost_15,sh_mpcc_dro,78,40,45,0,0,46,0.002331463941345102,turn_left,0.007827450599233622,0.2978573817602085,0,0,0.24210526315789474,0.24210526315789474,0.0
sh_mpcc_dro_straight_o1_c1_m3_boost_15_s40,straight_o1_c1_m3_boost_15_s40,boost_15,sh_mpcc_dro,78,40,45,0,0,46,0.002331463941345102,turn_right,0.005818306215811457,0.40071179736282436,0,0,0.3894736842105263,0.3894736842105263,0.0
sh_mpcc_dro_straight_o1_c1_m3_boost_15_s40,straight_o1_c1_m3_boost_15_s40,boost_15,sh_mpcc_dro,78,40,46,0,0,47,0.0023123050349268095,constant_velocity,0.004367741235716736,0.5294052257533443,0,0,0.36082474226804123,0.36082474226804123,0.0
sh_mpcc_dro_straight_o1_c1_m3_boost_15_s40,straight_o1_c1_m3_boost_15_s40,boost_15,sh_mpcc_dro,78,40,46,0,0,47,0.0023123050349268095,turn_left,0.007666059865228806,0.3016288778822098,0,0,0.25773195876288657,0.25773195876288657,0.0
sh_mpcc_dro_straight_o1_c1_m3_boost_15_s40,straight_o1_c1_m3_boost_15_s40,boost_15,sh_mpcc_dro,78,40,46,0,0,47,0.0023123050349268095,turn_right,0.0059794438143442145,0.38670904965772435,0,0,0.38144329896907214,0.38144329896907214,0.0
sh_mpcc_dro_straight_o1_c1_m3_boost_15_s40,straight_o1_c1_m3_boost_15_s40,boost_15,sh_mpcc_dro,78,40,47,0,0,48,0.0022919455283181727,constant_velocity,0.004417552556423958,0.5188269973121769,0,0,0.35353535353535354,0.35353535353535354,0.0
sh_mpcc_dro_straight_o1_c1_m3_boost_15_s40,straight_o1_c1_m3_boost_15_s40,boost_15,sh_mpcc_dro,78,40,47,0,0,48,0.0022919455283181727,turn_left,0.007511189968961451,0.30513747326178636,0,0,0.2727272727272727,0.2727272727272727,0.0
sh_mpcc_dro_straight_o1_c1_m3_boost_15_s40,straight_o1_c1_m3_boost_15_s40,boost_15,sh_mpcc_dro,78,40,47,0,0,48,0.0022919455283181727,turn_right,0.00613407080283543,0.3736418443782451,0,0,0.37373737373737376,0.37373737373737376,0.0
sh_mpcc_dro_straight_o1_c1_m3_boost_15_s40,straight_o1_c1_m3_boost_15_s40,boost_15,sh_mpcc_dro,78,40,48,0,0,49,0.0022706767026451943,constant_velocity,0.004465391151558449,0.5085056662623417,0,0,0.3465346534653465,0.3465346534653465,0.0
sh_mpcc_dro_straight_o1_c1_m3_boost_15_s40,straight_o1_c1_m3_boost_15_s40,boost_15,sh_mpcc_dro,78,40,48,0,0,49,0.0022706767026451943,turn_left,0.007362453533932628,0.3084130435838989,0,0,0.2871287128712871,0.2871287128712871,0.0
sh_mpcc_dro_straight_o1_c1_m3_boost_15_s40,straight_o1_c1_m3_boost_15_s40,boost_15,sh_mpcc_dro,78,40,48,0,0,49,0.0022706767026451943,turn_right,0.006282573950198007,0.3614245881775303,0,0,0.36633663366336633,0.36633663366336633,0.0
sh_mpcc_dro_straight_o1_c1_m3_boost_15_s40,straight_o1_c1_m3_boost_15_s40,boost_15,sh_mpcc_dro,78,40,49,0,0,50,0.0022561397564260254,constant_velocity,0.004511371937173149,0.5001005875475953,0,0,0.33980582524271846,0.33980582524271846,0.0
sh_mpcc_dro_straight_o1_c1_m3_boost_15_s40,straight_o1_c1_m3_boost_15_s40,boost_15,sh_mpcc_dro,78,40,49,0,0,50,0.0022561397564260254,turn_left,0.007484221033169876,0.30145284945846357,0,0,0.2815533980582524,0.2815533980582524,0.0
sh_mpcc_dro_straight_o1_c1_m3_boost_15_s40,straight_o1_c1_m3_boost_15_s40,boost_15,sh_mpcc_dro,78,40,49,0,0,50,0.0022561397564260254,turn_right,0.006160582223009621,0.36622183987730894,0,0,0.3786407766990291,0.3786407766990291,0.0
sh_mpcc_dro_straight_o1_c1_m3_boost_15_s40,straight_o1_c1_m3_boost_15_s40,boost_15,sh_mpcc_dro,78,40,5,0,0,6,0.006063416455217098,constant_velocity,0.0054667212885745175,1.1091504642626793,0,1,0.2,0.0,0.11017158977241617
sh_mpcc_dro_straight_o1_c1_m3_boost_15_s40,straight_o1_c1_m3_boost_15_s40,boost_15,sh_mpcc_dro,78,40,5,0,0,6,0.006063416455217098,turn_left,0.0077289708696472005,0.784505021105594,0,0,0.3333333333333333,0.8778335065129919,0.12269226801596239
sh_mpcc_dro_straight_o1_c1_m3_boost_15_s40,straight_o1_c1_m3_boost_15_s40,boost_15,sh_mpcc_dro,78,40,5,0,0,6,0.006063416455217098,turn_right,0.005911173570360456,1.025755103118611,0,1,0.4666666666666667,0.12216649348700823,0.09889602338836295
sh_mpcc_dro_straight_o1_c1_m3_boost_15_s40,straight_o1_c1_m3_boost_15_s40,boost_15,sh_mpcc_dro,78,40,50,0,0,51,0.0022231641524531236,constant_velocity,0.00442544104313181,0.5023599073596127,0,0,0.3523809523809524,0.3523809523809524,0.0
sh_mpcc_dro_straight_o1_c1_m3_boost_15_s40,straight_o1_c1_m3_boost_15_s40,boost_15,sh_mpcc_dro,78,40,50,0,0,51,0.0022231641524531236,turn_left,0.007471824472742215,0.29753966525356634,0,0,0.2761904761904762,0.2761904761904762,0.0
sh_mpcc_dro_straight_o1_c1_m3_boost_15_s40,straight_o1_c1_m3_boost_15_s40,boost_15,sh_mpcc_dro,78,40,50,0,0,51,0.0022231641524531236,turn_right,0.0061733978303946235,0.360120020373126,0,0,0.37142857142857144,0.37142857142857144,0.0
sh_mpcc_dro_straight_o1_c1_m3_boost_15_s40,straight_o1_c1_m3_boost_15_s40,boost_15,sh_mpcc_dro,78,40,51,0,0,52,0.002191008179484043,constant_velocity,0.004342722518961121,0.5045241020852013,0,0,0.3644859813084112,0.3644859813084112,0.0
sh_mpcc_dro_straight_o1_c1_m3_boost_15_s40,straight_o1_c1_m3_boost_15_s40,boost_15,sh_mpcc_dro,78,40,51,0,0,52,0.002191008179484043,turn_left,0.007459891335134286,0.2937051065563011,0,0,0.27102803738317754,0.27102803738317754,0.0
sh_mpcc_dro_straight_o1_c1_m3_boost_15_s40,straight_o1_c1_m3_boost_15_s40,boost_15,sh_mpcc_dro,78,40,51,0,0,52,0.002191008179484043,turn_right,0.006185734349653008,0.3542034066831449,0,0,0.3644859813084112,0.3644859813084112,0.0
sh_mpcc_dro_straight_o1_c1_m3_boost_15_s40,straight_o1_c1_m3_boost_15_s40,boost_15,sh_mpcc_dro,78,40,52,0,0,53,0.0021726239849643733,constant_velocity,0.004388423052754829,0.49508079755449064,0,0,0.3577981651376147,0.3577981651376147,0.0
sh_mpcc_dro_straight_o1_c1_m3_boost_15_s40,straight_o1_c1_m3_boost_15_s40,boost_15,sh_mpcc_dro,78,40,52,0,0,53,0.0021726239849643733,turn_left,0.007323012595040082,0.29668445284880485,0,0,0.28440366972477066,0.28440366972477066,0.0
sh_mpcc_dro_straight_o1_c1_m3_boost_15_s40,straight_o1_c1_m3_boost_15_s40,boost_15,sh_mpcc_dro,78,40,52,0,0,53,0.0021726239849643733,turn_right,0.0063223902284603,0.3436396531147802,0,0,0.3577981651376147,0.3577981651376147,0.0
sh_mpcc_dro_straight_o1_c1_m3_boost_15_s40,straight_o1_c1_m3_boost_15_s40,boost_15,sh_mpcc_dro,78,40,53,0,0,54,0.002153634486686437,constant_velocity,0.004432476720465833,0.4858760964818107,0,0,0.35135135135135137,0.35135135135135137,0.0
sh_mpcc_dro_straight_o1_c1_m3_boost_15_s40,straight_o1_c1_m3_boost_15_s40,boost_15,sh_mpcc_dro,78,40,53,0,0,54,0.002153634486686437,turn_left,0.0071910664221564915,0.29948749743860587,0,0,0.2972972972972973,0.2972972972972973,0.0
sh_mpcc_dro_straight_o1_c1_m3_boost_15_s40,straight_o1_c1_m3_boost_15_s40,boost_15,sh_mpcc_dro,78,40,53,0,0,54,0.002153634486686437,turn_right,0.006454121571094276,0.3336835947329847,0,0,0.35135135135135137,0.35135135135135137,0.0
sh_mpcc_dro_straight_o1_c1_m3_boost_15_s40,straight_o1_c1_m3_boost_15_s40,boost_15,sh_mpcc_dro,78,40,54,0,0,55,0.0021243514382166635,constant_velocity,0.004354025805059419,0.4879051097373256,0,0,0.36283185840707965,0.36283185840707965,0.0
sh_mpcc_dro_straight_o1_c1_m3_boost_15_s40,straight_o1_c1_m3_boost_15_s40,boost_15,sh_mpcc_dro,78,40,54,0,0,55,0.0021243514382166635,turn_left,0.00718473607151157,0.29567564028412935,0,0,0.2920353982300885,0.2920353982300885,0.0
sh_mpcc_dro_straight_o1_c1_m3_boost_15_s40,straight_o1_c1_m3_boost_15_s40,boost_15,sh_mpcc_dro,78,40,54,0,0,55,0.0021243514382166635,turn_right,0.006460834492149674,0.32880449743727164,0,0,0.34513274336283184,0.34513274336283184,0.0
sh_mpcc_dro_straight_o1_c1_m3_boost_15_s40,straight_o1_c1_m3_boost_15_s40,boost_15,sh_mpcc_dro,78,40,55,0,0,56,0.002095749906316587,constant_velocity,0.0042783036171453424,0.4898553477873448,0,0,0.3739130434782609,0.3739130434782609,0.0
sh_mpcc_dro_straight_o1_c1_m3_boost_15_s40,straight_o1_c1_m3_boost_15_s40,boost_15,sh_mpcc_dro,78,40,55,0,0,56,0.002095749906316587,turn_left,0.007178625906976032,0.2919430450164541,0,0,0.28695652173913044,0.28695652173913044,0.0
sh_mpcc_dro_straight_o1_c1_m3_boost_15_s40,straight_o1_c1_m3_boost_15_s40,boost_15,sh_mpcc_dro,78,40,55,0,0,56,0.002095749906316587,turn_right,0.006467313920298694,0.32405260238547295,0,0,0.3391304347826087,0.3391304347826087,0.0
sh_mpcc_dro_straight_o1_c1_m3_boost_15_s40,straight_o1_c1_m3_boost_15_s40,boost_15,sh_mpcc_dro,78,40,56,0,0,57,0.002085677321493258,constant_velocity,0.004321980505924368,0.48257443980469356,0,0,0.36752136752136755,0.36752136752136755,0.0
sh_mpcc_dro_straight_o1_c1_m3_boost_15_s40,straight_o1_c1_m3_boost_15_s40,boost_15,sh_mpcc_dro,78,40,56,0,0,57,0.002085677321493258,turn_left,0.007288965288816618,0.28614175522186813,0,0,0.28205128205128205,0.28205128205128205,0.0
sh_mpcc_dro_straight_o1_c1_m3_boost_15_s40,straight_o1_c1_m3_boost_15_s40,boost_15,sh_mpcc_dro,78,40,56,0,0,57,0.002085677321493258,turn_right,0.006356761545592733,0.3281037532293938,0,0,0.3504273504273504,0.3504273504273504,0.0
sh_mpcc_dro_straight_o1_c1_m3_boost_15_s40,straight_o1_c1_m3_boost_15_s40,boost_15,sh_mpcc_dro,78,40,57,0,0,58,0.002074821512172183,constant_velocity,0.004364189263988064,0.4754196911882274,0,0,0.36134453781512604,0.36134453781512604,0.0
sh_mpcc_dro_straight_o1_c1_m3_boost_15_s40,straight_o1_c1_m3_boost_15_s40,boost_15,sh_mpcc_dro,78,40,57,0,0,58,0.002074821512172183,turn_left,0.0073955957838726365,0.28054825774776476,0,0,0.2773109243697479,0.2773109243697479,0.0
sh_mpcc_dro_straight_o1_c1_m3_boost_15_s40,straight_o1_c1_m3_boost_15_s40,boost_15,sh_mpcc_dro,78,40,57,0,0,58,0.002074821512172183,turn_right,0.006249925217095267,0.3319754141212721,0,0,0.36134453781512604,0.36134453781512604,0.0
sh_mpcc_dro_straight_o1_c1_m3_boost_15_s40,straight_o1_c1_m3_boost_15_s40,boost_15,sh_mpcc_dro,78,40,58,0,0,59,0.002059092950121381,constant_velocity,0.004405002691206793,0.46744419798691944,0,0,0.35537190082644626,0.35537190082644626,0.0
sh_mpcc_dro_straight_o1_c1_m3_boost_15_s40,straight_o1_c1_m3_boost_15_s40,boost_15,sh_mpcc_dro,78,40,58,0,0,59,0.002059092950121381,turn_left,0.007273354531246631,0.2831008637452544,0,0,0.2892561983471074,0.2892561983471074,0.0
sh_mpcc_dro_straight_o1_c1_m3_boost_15_s40,straight_o1_c1_m3_boost_15_s40,boost_15,sh_mpcc_dro,78,40,58,0,0,59,0.002059092950121381,turn_right,0.006371967440691296,0.32314869297229015,0,0,0.35537190082644626,0.35537190082644626,0.0
sh_mpcc_dro_straight_o1_c1_m3_boost_15_s40,straight_o1_c1_m3_boost_15_s40,boost_15,sh_mpcc_dro,78,40,59,0,0,60,0.0020429111803952514,constant_velocity,0.004444488852499614,0.4596504228481308,0,0,0.34959349593495936,0.34959349593495936,0.0
sh_mpcc_dro_straight_o1_c1_m3_boost_15_s40,straight_o1_c1_m3_boost_15_s40,boost_15,sh_mpcc_dro,78,40,59,0,0,60,0.0020429111803952514,turn_left,0.0071550886039093,0.2855186418347179,0,0,0.3008130081300813,0.3008130081300813,0.0
sh_mpcc_dro_straight_o1_c1_m3_boost_15_s40,straight_o1_c1_m3_boost_15_s40,boost_15,sh_mpcc_dro,78,40,59,0,0,60,0.0020429111803952514,turn_right,0.006490040811487299,0.3147763226356484,0,0,0.34959349593495936,0.34959349593495936,0.0
sh_mpcc_dro_straight_o1_c1_m3_boost_15_s40,straight_o1_c1_m3_boost_15_s40,boost_15,sh_mpcc_dro,78,40,6,0,0,7,0.005952434075629962,constant_velocity,0.005627507208826706,1.057739040528213,0,1,0.17647058823529413,0.0,0.14211273101046742
sh_mpcc_dro_straight_o1_c1_m3_boost_15_s40,straight_o1_c1_m3_boost_15_s40,boost_15,sh_mpcc_dro,78,40,6,0,0,7,0.005952434075629962,turn_left,0.008423618972588766,0.7066361969837112,0,0,0.29411764705882354,0.8187414406854974,0.15635263521448878
sh_mpcc_dro_straight_o1_c1_m3_boost_15_s40,straight_o1_c1_m3_boost_15_s40,boost_15,sh_mpcc_dro,78,40,6,0,0,7,0.005952434075629962,turn_right,0.005215741385612168,1.14124409849959,0,1,0.5294117647058824,0.18125855931450274,0.12874458417111218
sh_mpcc_dro_straight_o1_c1_m3_boost_15_s40,straight_o1_c1_m3_boost_15_s40,boost_15,sh_mpcc_dro,78,40,7,0,0,8,0.005741976278891795,constant_velocity,0.005754443461657469,0.9978334685450045,0,0,0.15789473684210525,0.0,0.0944614291459597
sh_mpcc_dro_straight_o1_c1_m3_boost_15_s40,straight_o1_c1_m3_boost_15_s40,boost_15,sh_mpcc_dro,78,40,7,0,0,8,0.005741976278891795,turn_left,0.008972025369647918,0.639986629810112,0,0,0.2631578947368421,0.7630796281467668,0.1097698343679277
sh_mpcc_dro_straight_o1_c1_m3_boost_15_s40,straight_o1_c1_m3_boost_15_s40,boost_15,sh_mpcc_dro,78,40,7,0,0,8,0.005741976278891795,turn_right,0.004666715976600384,1.2304104873069046,0,1,0.5789473684210527,0.23692037185323322,0.07965340166807483
sh_mpcc_dro_straight_o1_c1_m3_boost_15_s40,straight_o1_c1_m3_boost_15_s40,boost_15,sh_mpcc_dro,78,40,8,0,0,9,0.005494119627440356,constant_velocity,0.005857201380615729,0.9380110517666366,0,0,0.14285714285714285,0.0,0.03912903437575835
sh_mpcc_dro_straight_o1_c1_m3_boost_15_s40,straight_o1_c1_m3_boost_15_s40,boost_15,sh_mpcc_dro,78,40,8,0,0,9,0.005494119627440356,turn_left,0.009415973405362408,0.583489288989649,0,0,0.23809523809523808,0.7123365530021109,0.05500034171147086
sh_mpcc_dro_straight_o1_c1_m3_boost_15_s40,straight_o1_c1_m3_boost_15_s40,boost_15,sh_mpcc_dro,78,40,8,0,0,9,0.005494119627440356,turn_right,0.004222266835971785,1.301225109846911,0,1,0.6190476190476191,0.28766344699788926,0.02341125271985761
sh_mpcc_dro_straight_o1_c1_m3_boost_15_s40,straight_o1_c1_m3_boost_15_s40,boost_15,sh_mpcc_dro,78,40,9,0,0,10,0.005238256523103804,constant_velocity,0.005942088357146277,0.8815514358355163,0,0,0.13043478260869565,0.0,0.009730595591055047
sh_mpcc_dro_straight_o1_c1_m3_boost_15_s40,straight_o1_c1_m3_boost_15_s40,boost_15,sh_mpcc_dro,78,40,9,0,0,10,0.005238256523103804,turn_left,0.009782713087039563,0.5354605083985962,0,0,0.21739130434782608,0.6666693574163294,0.018546068093754697
sh_mpcc_dro_straight_o1_c1_m3_boost_15_s40,straight_o1_c1_m3_boost_15_s40,boost_15,sh_mpcc_dro,78,40,9,0,0,10,0.005238256523103804,turn_right,0.0038551131980611502,1.358781507567217,0,1,0.6521739130434783,0.3333306425836705,0.004139974596619009
sh_mpcc_dro_straight_o1_c1_m3_boost_30_s40,straight_o1_c1_m3_boost_30_s40,boost_30,sh_mpcc_dro,77,40,0,0,0,1,0.011963274961003129,constant_velocity,0.00483024894963133,2.4767408648608535,0,1,0.6,0.6,0.0
sh_mpcc_dro_straight_o1_c1_m3_boost_30_s40,straight_o1_c1_m3_boost_30_s40,boost_30,sh_mpcc_dro,77,40,0,0,0,1,0.011963274961003129,turn_left,0.012063905147453782,0.9916585728070075,0,0,0.2,0.2,0.0
sh_mpcc_dro_straight_o1_c1_m3_boost_30_s40,straight_o1_c1_m3_boost_30_s40,boost_30,sh_mpcc_dro,77,40,0,0,0,1,0.011963274961003129,turn_right,0.012063905147453782,0.9916585728070075,0,0,0.2,0.2,0.0
sh_mpcc_dro_straight_o1_c1_m3_boost_30_s40,straight_o1_c1_m3_boost_30_s40,boost_30,sh_mpcc_dro,77,40,1,0,0,2,0.010964904464789899,constant_velocity,0.0034501778211652352,3.1780693729828395,0,1,0.7142857142857143,0.7142857142857143,0.0
sh_mpcc_dro_straight_o1_c1_m3_boost_30_s40,straight_o1_c1_m3_boost_30_s40,boost_30,sh_mpcc_dro,77,40,1,0,0,2,0.010964904464789899,turn_left,0.012067252926489365,0.9086495933735131,0,0,0.14285714285714285,0.14285714285714285,0.0
sh_mpcc_dro_straight_o1_c1_m3_boost_30_s40,straight_o1_c1_m3_boost_30_s40,boost_30,sh_mpcc_dro,77,40,1,0,0,2,0.010964904464789899,turn_right,0.012067252926489365,0.9086495933735131,0,0,0.14285714285714285,0.14285714285714285,0.0
sh_mpcc_dro_straight_o1_c1_m3_boost_30_s40,straight_o1_c1_m3_boost_30_s40,boost_30,sh_mpcc_dro,77,40,10,0,0,11,0.008352005558356796,constant_velocity,0.007728398319410102,1.0806903595251407,0,1,0.36,0.0,0.010094237207024709
sh_mpcc_dro_straight_o1_c1_m3_boost_30_s40,straight_o1_c1_m3_boost_30_s40,boost_30,sh_mpcc_dro,77,40,10,0,0,11,0.008352005558356796,turn_left,0.01687540653448593,0.49492173959121866,0,0,0.12,0.0,0.0
sh_mpcc_dro_straight_o1_c1_m3_boost_30_s40,straight_o1_c1_m3_boost_30_s40,boost_30,sh_mpcc_dro,77,40,10,0,0,11,0.008352005558356796,turn_right,0.007238343088472276,1.1538559938749144,0,1,0.52,1.0,0.032425993027731304
sh_mpcc_dro_straight_o1_c1_m3_boost_30_s40,straight_o1_c1_m3_boost_30_s40,boost_30,sh_mpcc_dro,77,40,11,0,0,12,0.008030132347418678,constant_velocity,0.008050414916052155,0.9974805561148116,0,0,0.3333333333333333,0.0,0.0
sh_mpcc_dro_straight_o1_c1_m3_boost_30_s40,straight_o1_c1_m3_boost_30_s40,boost_30,sh_mpcc_dro,77,40,11,0,0,12,0.008030132347418678,turn_left,0.017410017799711717,0.4612363088768148,0,0,0.1111111111111111,0.0,0.0
sh_mpcc_dro_straight_o1_c1_m3_boost_30_s40,straight_o1_c1_m3_boost_30_s40,boost_30,sh_mpcc_dro,77,40,11,0,0,12,0.008030132347418678,turn_right,0.006702169526363197,1.1981392466770493,0,1,0.5555555555555556,1.0,0.013986015550432523
sh_mpcc_dro_straight_o1_c1_m3_boost_30_s40,straight_o1_c1_m3_boost_30_s40,boost_30,sh_mpcc_dro,77,40,12,0,0,13,0.007710710185508952,constant_velocity,0.00832801543039897,0.9258760685484893,0,0,0.3103448275862069,0.0,0.025683683313756117
sh_mpcc_dro_straight_o1_c1_m3_boost_30_s40,straight_o1_c1_m3_boost_30_s40,boost_30,sh_mpcc_dro,77,40,12,0,0,13,0.007710710185508952,turn_left,0.017870889580078774,0.43146761950251855,0,0,0.10344827586206896,0.0,0.004145217174626792
sh_mpcc_dro_straight_o1_c1_m3_boost_30_s40,straight_o1_c1_m3_boost_30_s40,boost_30,sh_mpcc_dro,77,40,12,0,0,13,0.007710710185508952,turn_right,0.0062399509383382614,1.2357004504850102,0,1,0.5862068965517241,0.9999999999999998,0.04548967144897717
sh_mpcc_dro_straight_o1_c1_m3_boost_30_s40,straight_o1_c1_m3_boost_30_s40,boost_30,sh_mpcc_dro,77,40,13,0,0,14,0.007623903466659147,constant_velocity,0.008569796523539501,0.8896247939747254,0,0,0.2903225806451613,0.0,0.0
sh_mpcc_dro_straight_o1_c1_m3_boost_30_s40,straight_o1_c1_m3_boost_30_s40,boost_30,sh_mpcc_dro,77,40,13,0,0,14,0.007623903466659147,turn_left,0.016717928962008976,0.4560315744841513,0,0,0.16129032258064516,0.0,0.0
sh_mpcc_dro_straight_o1_c1_m3_boost_30_s40,straight_o1_c1_m3_boost_30_s40,boost_30,sh_mpcc_dro,77,40,13,0,0,14,0.007623903466659147,turn_right,0.007391738530383099,1.0314087051810281,0,1,0.5483870967741935,1.0,0.0001053808747428081
sh_mpcc_dro_straight_o1_c1_m3_boost_30_s40,straight_o1_c1_m3_boost_30_s40,boost_30,sh_mpcc_dro,77,40,14,0,0,15,0.007364579695322111,constant_velocity,0.008782270817511643,0.8385735134285897,0,0,0.2727272727272727,0.2727272727272727,0.0
sh_mpcc_dro_straight_o1_c1_m3_boost_30_s40,straight_o1_c1_m3_boost_30_s40,boost_30,sh_mpcc_dro,77,40,14,0,0,15,0.007364579695322111,turn_left,0.017164882274313724,0.4290492400488402,0,0,0.15151515151515152,0.15151515151515152,0.0
sh_mpcc_dro_straight_o1_c1_m3_boost_30_s40,straight_o1_c1_m3_boost_30_s40,boost_30,sh_mpcc_dro,77,40,14,0,0,15,0.007364579695322111,turn_right,0.006943754377026615,1.0606048681226103,0,1,0.5757575757575758,0.5757575757575758,0.0
sh_mpcc_dro_straight_o1_c1_m3_boost_30_s40,straight_o1_c1_m3_boost_30_s40,boost_30,sh_mpcc_dro,77,40,15,0,0,16,0.0071109295571211055,constant_velocity,0.00897046233502968,0.7927049121373495,0,0,0.2571428571428571,0.0,0.0
sh_mpcc_dro_straight_o1_c1_m3_boost_30_s40,straight_o1_c1_m3_boost_30_s40,boost_30,sh_mpcc_dro,77,40,15,0,0,16,0.0071109295571211055,turn_left,0.017560755208068983,0.404933015287048,0,0,0.14285714285714285,0.0,0.0
sh_mpcc_dro_straight_o1_c1_m3_boost_30_s40,straight_o1_c1_m3_boost_30_s40,boost_30,sh_mpcc_dro,77,40,15,0,0,16,0.0071109295571211055,turn_right,0.006546968412625035,1.0861408073099208,0,1,0.6,1.0,0.016659058013017758
sh_mpcc_dro_straight_o1_c1_m3_boost_30_s40,straight_o1_c1_m3_boost_30_s40,boost_30,sh_mpcc_dro,77,40,16,0,0,17,0.006866278408642114,constant_velocity,0.00913830882362678,0.7513729882808938,0,0,0.24324324324324326,0.0,0.1637144725423462
sh_mpcc_dro_straight_o1_c1_m3_boost_30_s40,straight_o1_c1_m3_boost_30_s40,boost_30,sh_mpcc_dro,77,40,16,0,0,17,0.006866278408642114,turn_left,0.017913831067905,0.38329480626530865,0,0,0.13513513513513514,0.0,0.14321121490230498
sh_mpcc_dro_straight_o1_c1_m3_boost_30_s40,straight_o1_c1_m3_boost_30_s40,boost_30,sh_mpcc_dro,77,40,16,0,0,17,0.006866278408642114,turn_right,0.006193078228158762,1.1087020308289401,0,1,0.6216216216216216,0.9999999999999999,0.18655397631991077
sh_mpcc_dro_straight_o1_c1_m3_boost_30_s40,straight_o1_c1_m3_boost_30_s40,boost_30,sh_mpcc_dro,77,40,17,0,0,18,0.006618001230604191,constant_velocity,0.008669677601902662,0.7633503267932125,0,0,0.28205128205128205,0.0,0.14516820747150364
sh_mpcc_dro_straight_o1_c1_m3_boost_30_s40,straight_o1_c1_m3_boost_30_s40,boost_30,sh_mpcc_dro,77,40,17,0,0,18,0.006618001230604191,turn_left,0.01761443575027281,0.3757146311372303,0,0,0.1282051282051282,0.0,0.12281985331968587
sh_mpcc_dro_straight_o1_c1_m3_boost_30_s40,straight_o1_c1_m3_boost_30_s40,boost_30,sh_mpcc_dro,77,40,17,0,0,18,0.006618001230604191,turn_right,0.0064947471587189255,1.0189775011825983,0,1,0.5897435897435898,1.0,0.16957412592539506
sh_mpcc_dro_straight_o1_c1_m3_boost_30_s40,straight_o1_c1_m3_boost_30_s40,boost_30,sh_mpcc_dro,77,40,18,0,0,19,0.006411246487134884,constant_velocity,0.008835821249325913,0.7255971240504667,0,0,0.2682926829268293,0.0,0.1371792838313959
sh_mpcc_dro_straight_o1_c1_m3_boost_30_s40,straight_o1_c1_m3_boost_30_s40,boost_30,sh_mpcc_dro,77,40,18,0,0,19,0.006411246487134884,turn_left,0.017930446621724595,0.35756200737169563,0,0,0.12195121951219512,0.0,0.11282500613112317
sh_mpcc_dro_straight_o1_c1_m3_boost_30_s40,straight_o1_c1_m3_boost_30_s40,boost_30,sh_mpcc_dro,77,40,18,0,0,19,0.006411246487134884,turn_right,0.006177930224147284,1.0377660890496387,0,1,0.6097560975609756,1.0,0.16319927109048155
sh_mpcc_dro_straight_o1_c1_m3_boost_30_s40,straight_o1_c1_m3_boost_30_s40,boost_30,sh_mpcc_dro,77,40,19,0,0,20,0.006212514185212089,constant_velocity,0.00898650967373283,0.691315584221869,0,0,0.2558139534883721,0.0,0.04159276036956597
sh_mpcc_dro_straight_o1_c1_m3_boost_30_s40,straight_o1_c1_m3_boost_30_s40,boost_30,sh_mpcc_dro,77,40,19,0,0,20,0.006212514185212089,turn_left,0.01821706113304112,0.3410272458241998,0,0,0.11627906976744186,0.0,0.014234046042203713
sh_mpcc_dro_straight_o1_c1_m3_boost_30_s40,straight_o1_c1_m3_boost_30_s40,boost_30,sh_mpcc_dro,77,40,19,0,0,20,0.006212514185212089,turn_right,0.0058905846323263665,1.0546515453014693,0,1,0.627906976744186,1.0,0.0697146828987732
sh_mpcc_dro_straight_o1_c1_m3_boost_30_s40,straight_o1_c1_m3_boost_30_s40,boost_30,sh_mpcc_dro,77,40,2,0,0,3,0.01225787900639368,constant_velocity,0.005366943277368143,2.283959112831305,0,1,0.5555555555555556,0.5555555555555556,0.0
sh_mpcc_dro_straight_o1_c1_m3_boost_30_s40,straight_o1_c1_m3_boost_30_s40,boost_30,sh_mpcc_dro,77,40,2,0,0,3,0.01225787900639368,turn_left,0.014739565301721491,0.831630971163175,0,0,0.1111111111111111,0.1111111111111111,0.0
sh_mpcc_dro_straight_o1_c1_m3_boost_30_s40,straight_o1_c1_m3_boost_30_s40,boost_30,sh_mpcc_dro,77,40,2,0,0,3,0.01225787900639368,turn_right,0.009385641165047285,1.306024680769044,0,1,0.3333333333333333,0.3333333333333333,0.0
sh_mpcc_dro_straight_o1_c1_m3_boost_30_s40,straight_o1_c1_m3_boost_30_s40,boost_30,sh_mpcc_dro,77,40,20,0,0,21,0.006211200220348146,constant_velocity,0.009123803571526002,0.6807687355010967,0,0,0.24444444444444444,0.0,0.0
sh_mpcc_dro_straight_o1_c1_m3_boost_30_s40,straight_o1_c1_m3_boost_30_s40,boost_30,sh_mpcc_dro,77,40,20,0,0,21,0.006211200220348146,turn_left,0.017407413971572736,0.35681349512864907,0,0,0.15555555555555556,0.02027030248839502,0.0
sh_mpcc_dro_straight_o1_c1_m3_boost_30_s40,straight_o1_c1_m3_boost_30_s40,boost_30,sh_mpcc_dro,77,40,20,0,0,21,0.006211200220348146,turn_right,0.00669956569822452,0.9271049050230528,0,0,0.6,0.979729697511605,0.014554509393086168
sh_mpcc_dro_straight_o1_c1_m3_boost_30_s40,straight_o1_c1_m3_boost_30_s40,boost_30,sh_mpcc_dro,77,40,21,0,0,22,0.006039178802450947,constant_velocity,0.00924941288227281,0.6529256374775402,0,0,0.23404255319148937,0.23404255319148937,0.0
sh_mpcc_dro_straight_o1_c1_m3_boost_30_s40,straight_o1_c1_m3_boost_30_s40,boost_30,sh_mpcc_dro,77,40,21,0,0,22,0.006039178802450947,turn_left,0.017691892467039005,0.34135290013220904,0,0,0.14893617021276595,0.14893617021276595,0.0
sh_mpcc_dro_straight_o1_c1_m3_boost_30_s40,straight_o1_c1_m3_boost_30_s40,boost_30,sh_mpcc_dro,77,40,21,0,0,22,0.006039178802450947,turn_right,0.006414477796172338,0.94149188669024,0,0,0.6170212765957447,0.6170212765957447,0.0
sh_mpcc_dro_straight_o1_c1_m3_boost_30_s40,straight_o1_c1_m3_boost_30_s40,boost_30,sh_mpcc_dro,77,40,22,0,0,23,0.006006979849699453,constant_velocity,0.009364768371734269,0.6414445730265314,0,0,0.22448979591836735,0.0,0.008381764339923076
sh_mpcc_dro_straight_o1_c1_m3_boost_30_s40,straight_o1_c1_m3_boost_30_s40,boost_30,sh_mpcc_dro,77,40,22,0,0,23,0.006006979849699453,turn_left,0.01696977440715995,0.35398112582834135,0,0,0.1836734693877551,0.046863086605902146,0.0
sh_mpcc_dro_straight_o1_c1_m3_boost_30_s40,straight_o1_c1_m3_boost_30_s40,boost_30,sh_mpcc_dro,77,40,22,0,0,23,0.006006979849699453,turn_right,0.007136036196942218,0.8417810229540926,0,0,0.5918367346938775,0.9531369133940979,0.03019604107561477
sh_mpcc_dro_straight_o1_c1_m3_boost_30_s40,straight_o1_c1_m3_boost_30_s40,boost_30,sh_mpcc_dro,77,40,23,0,0,24,0.0058568294413345375,constant_velocity,0.00947107637182621,0.6183911111472988,0,0,0.21568627450980393,0.0,0.01868053013217727
sh_mpcc_dro_straight_o1_c1_m3_boost_30_s40,straight_o1_c1_m3_boost_30_s40,boost_30,sh_mpcc_dro,77,40,23,0,0,24,0.0058568294413345375,turn_left,0.017249103199625533,0.3395439967836522,0,0,0.17647058823529413,0.041479946851579304,0.0
sh_mpcc_dro_straight_o1_c1_m3_boost_30_s40,straight_o1_c1_m3_boost_30_s40,boost_30,sh_mpcc_dro,77,40,23,0,0,24,0.0058568294413345375,turn_right,0.006856191640199382,0.854239459555745,0,0,0.6078431372549019,0.9585200531484208,0.039656861098724655
sh_mpcc_dro_straight_o1_c1_m3_boost_30_s40,straight_o1_c1_m3_boost_30_s40,boost_30,sh_mpcc_dro,77,40,24,0,0,25,0.005810031099179313,constant_velocity,0.009569361126628225,0.6071493198236614,0,0,0.20754716981132076,0.20754716981132076,0.0
sh_mpcc_dro_straight_o1_c1_m3_boost_30_s40,straight_o1_c1_m3_boost_30_s40,boost_30,sh_mpcc_dro,77,40,24,0,0,25,0.005810031099179313,turn_left,0.016598193644922796,0.35003996359305867,0,0,0.20754716981132076,0.20754716981132076,0.0
sh_mpcc_dro_straight_o1_c1_m3_boost_30_s40,straight_o1_c1_m3_boost_30_s40,boost_30,sh_mpcc_dro,77,40,24,0,0,25,0.005810031099179313,turn_right,0.007506624356230922,0.773987190974417,0,0,0.5849056603773585,0.5849056603773585,0.0
sh_mpcc_dro_straight_o1_c1_m3_boost_30_s40,straight_o1_c1_m3_boost_30_s40,boost_30,sh_mpcc_dro,77,40,25,0,0,26,0.005677899824045613,constant_velocity,0.009660497899262675,0.5877440151898352,0,0,0.2,0.0,0.0031514047300011394
sh_mpcc_dro_straight_o1_c1_m3_boost_30_s40,straight_o1_c1_m3_boost_30_s40,boost_30,sh_mpcc_dro,77,40,25,0,0,26,0.005677899824045613,turn_left,0.01687071964383578,0.33655350476529333,0,0,0.2,0.0645738769903148,0.0
sh_mpcc_dro_straight_o1_c1_m3_boost_30_s40,straight_o1_c1_m3_boost_30_s40,boost_30,sh_mpcc_dro,77,40,25,0,0,26,0.005677899824045613,turn_right,0.007233656197822447,0.7849280735452752,0,0,0.6,0.9354261230096852,0.014208711864037812
sh_mpcc_dro_straight_o1_c1_m3_boost_30_s40,straight_o1_c1_m3_boost_30_s40,boost_30,sh_mpcc_dro,77,40,26,0,0,27,0.005549199227065481,constant_velocity,0.009745239108905379,0.5694266877448416,0,0,0.19298245614035087,0.0,0.0008540209973967872
sh_mpcc_dro_straight_o1_c1_m3_boost_30_s40,straight_o1_c1_m3_boost_30_s40,boost_30,sh_mpcc_dro,77,40,26,0,0,27,0.005549199227065481,turn_left,0.017124121011246326,0.3240574639376249,0,0,0.19298245614035087,0.05938092991095081,0.0
sh_mpcc_dro_straight_o1_c1_m3_boost_30_s40,straight_o1_c1_m3_boost_30_s40,boost_30,sh_mpcc_dro,77,40,26,0,0,27,0.005549199227065481,turn_right,0.006979843699653272,0.7950320187457981,0,0,0.6140350877192983,0.9406190700890492,0.00715336146944183
sh_mpcc_dro_straight_o1_c1_m3_boost_30_s40,straight_o1_c1_m3_boost_30_s40,boost_30,sh_mpcc_dro,77,40,27,0,0,28,0.005424310912785311,constant_velocity,0.009824235151792782,0.5521356959575069,0,0,0.1864406779661017,0.1864406779661017,0.0
sh_mpcc_dro_straight_o1_c1_m3_boost_30_s40,straight_o1_c1_m3_boost_30_s40,boost_30,sh_mpcc_dro,77,40,27,0,0,28,0.005424310912785311,turn_left,0.01736034262493392,0.31245413929760835,0,0,0.1864406779661017,0.1864406779661017,0.0
sh_mpcc_dro_straight_o1_c1_m3_boost_30_s40,straight_o1_c1_m3_boost_30_s40,boost_30,sh_mpcc_dro,77,40,27,0,0,28,0.005424310912785311,turn_right,0.00674323882847864,0.8044073553908373,0,0,0.6271186440677966,0.6271186440677966,0.0
sh_mpcc_dro_straight_o1_c1_m3_boost_30_s40,straight_o1_c1_m3_boost_30_s40,boost_30,sh_mpcc_dro,77,40,28,0,0,29,0.005392540432158595,constant_velocity,0.009898051126293599,0.5448083024984205,0,0,0.18032786885245902,0.18032786885245902,0.0
sh_mpcc_dro_straight_o1_c1_m3_boost_30_s40,straight_o1_c1_m3_boost_30_s40,boost_30,sh_mpcc_dro,77,40,28,0,0,29,0.005392540432158595,turn_left,0.016791151063461185,0.3211537083894844,0,0,0.21311475409836064,0.21311475409836064,0.0
sh_mpcc_dro_straight_o1_c1_m3_boost_30_s40,straight_o1_c1_m3_boost_30_s40,boost_30,sh_mpcc_dro,77,40,28,0,0,29,0.005392540432158595,turn_right,0.007312072264103343,0.7374845648930229,0,0,0.6065573770491803,0.6065573770491803,0.0
sh_mpcc_dro_straight_o1_c1_m3_boost_30_s40,straight_o1_c1_m3_boost_30_s40,boost_30,sh_mpcc_dro,77,40,29,0,0,30,0.005280815372003717,constant_velocity,0.00996718037225535,0.5298203879909105,0,0,0.1746031746031746,0.1746031746031746,0.0
sh_mpcc_dro_straight_o1_c1_m3_boost_30_s40,straight_o1_c1_m3_boost_30_s40,boost_30,sh_mpcc_dro,77,40,29,0,0,30,0.005280815372003717,turn_left,0.017022944953986804,0.31021749681255595,0,0,0.20634920634920634,0.20634920634920634,0.0
sh_mpcc_dro_straight_o1_c1_m3_boost_30_s40,straight_o1_c1_m3_boost_30_s40,boost_30,sh_mpcc_dro,77,40,29,0,0,30,0.005280815372003717,turn_right,0.007079942985877894,0.7458838838868009,0,0,0.6190476190476191,0.6190476190476191,0.0
sh_mpcc_dro_straight_o1_c1_m3_boost_30_s40,straight_o1_c1_m3_boost_30_s40,boost_30,sh_mpcc_dro,77,40,3,0,0,4,0.012332083864118512,constant_velocity,0.0065867031131335435,1.872269578923176,0,1,0.45454545454545453,0.0,0.05740134803845173
sh_mpcc_dro_straight_o1_c1_m3_boost_30_s40,straight_o1_c1_m3_boost_30_s40,boost_30,sh_mpcc_dro,77,40,3,0,0,4,0.012332083864118512,turn_left,0.016440127722323672,0.7501209280371379,0,0,0.09090909090909091,0.0,0.054239907956711575
sh_mpcc_dro_straight_o1_c1_m3_boost_30_s40,straight_o1_c1_m3_boost_30_s40,boost_30,sh_mpcc_dro,77,40,3,0,0,4,0.012332083864118512,turn_right,0.0076791609532204375,1.6059155341635027,0,1,0.45454545454545453,0.9999999999999999,0.06411703344146896
sh_mpcc_dro_straight_o1_c1_m3_boost_30_s40,straight_o1_c1_m3_boost_30_s40,boost_30,sh_mpcc_dro,77,40,30,0,0,31,0.005243452792929433,constant_velocity,0.010032055510772655,0.5226698344420933,0,0,0.16923076923076924,0.16923076923076924,0.04981345342477525
sh_mpcc_dro_straight_o1_c1_m3_boost_30_s40,straight_o1_c1_m3_boost_30_s40,boost_30,sh_mpcc_dro,77,40,30,0,0,31,0.005243452792929433,turn_left,0.01649916203232616,0.31780115757734495,0,0,0.23076923076923078,0.013132278504551158,0.021077862632428446
sh_mpcc_dro_straight_o1_c1_m3_boost_30_s40,straight_o1_c1_m3_boost_30_s40,boost_30,sh_mpcc_dro,77,40,30,0,0,31,0.005243452792929433,turn_right,0.007603411159082651,0.6896184729752342,0,0,0.6,0.8176369522646796,0.0785027836401389
sh_mpcc_dro_straight_o1_c1_m3_boost_30_s40,straight_o1_c1_m3_boost_30_s40,boost_30,sh_mpcc_dro,77,40,31,0,0,32,0.005142981699936369,constant_velocity,0.010093057506692536,0.5095563655043226,0,0,0.16417910447761194,0.1850575548245509,0.041146169009089434
sh_mpcc_dro_straight_o1_c1_m3_boost_30_s40,straight_o1_c1_m3_boost_30_s40,boost_30,sh_mpcc_dro,77,40,31,0,0,32,0.005142981699936369,turn_left,0.016725833572107995,0.3074873176134436,0,0,0.22388059701492538,0.0,0.011915705062590709
sh_mpcc_dro_straight_o1_c1_m3_boost_30_s40,straight_o1_c1_m3_boost_30_s40,boost_30,sh_mpcc_dro,77,40,31,0,0,32,0.005142981699936369,turn_right,0.0073764436617966365,0.6972169700925668,0,0,0.6119402985074627,0.8149424451754491,0.0694864965206673
sh_mpcc_dro_straight_o1_c1_m3_boost_30_s40,straight_o1_c1_m3_boost_30_s40,boost_30,sh_mpcc_dro,77,40,32,0,0,33,0.005044896405415974,constant_velocity,0.01015052315502224,0.497008511617441,0,0,0.15942028985507245,0.1754507046970175,0.08291510687840212
sh_mpcc_dro_straight_o1_c1_m3_boost_30_s40,straight_o1_c1_m3_boost_30_s40,boost_30,sh_mpcc_dro,77,40,32,0,0,33,0.005044896405415974,turn_left,0.01693936473277299,0.29782087374596133,0,0,0.21739130434782608,0.0,0.054232850011201095
sh_mpcc_dro_straight_o1_c1_m3_boost_30_s40,straight_o1_c1_m3_boost_30_s40,boost_30,sh_mpcc_dro,77,40,32,0,0,33,0.005044896405415974,turn_right,0.007162633700585102,0.7043353906264768,0,0,0.6231884057971014,0.8245492953029826,0.10961639872631135
sh_mpcc_dro_straight_o1_c1_m3_boost_30_s40,straight_o1_c1_m3_boost_30_s40,boost_30,sh_mpcc_dro,77,40,33,0,0,34,0.004949322656391466,constant_velocity,0.010204751302037619,0.4850017908229883,0,0,0.15492957746478872,0.16663592832690569,0.10523414260624034
sh_mpcc_dro_straight_o1_c1_m3_boost_30_s40,straight_o1_c1_m3_boost_30_s40,boost_30,sh_mpcc_dro,77,40,33,0,0,34,0.004949322656391466,turn_left,0.017140865968892978,0.2887440264321203,0,0,0.2112676056338028,0.0,0.07851257777168377
sh_mpcc_dro_straight_o1_c1_m3_boost_30_s40,straight_o1_c1_m3_boost_30_s40,boost_30,sh_mpcc_dro,77,40,33,0,0,34,0.004949322656391466,turn_right,0.006960869370991042,0.7110207637306681,0,0,0.6338028169014085,0.8333640716730943,0.1288164593917352
sh_mpcc_dro_straight_o1_c1_m3_boost_30_s40,straight_o1_c1_m3_boost_30_s40,boost_30,sh_mpcc_dro,77,40,34,0,0,35,0.004856354136935283,constant_velocity,0.010256008043737367,0.4735130975156286,0,0,0.1506849315068493,0.15852314984425883,0.12334135846375407
sh_mpcc_dro_straight_o1_c1_m3_boost_30_s40,straight_o1_c1_m3_boost_30_s40,boost_30,sh_mpcc_dro,77,40,34,0,0,35,0.004856354136935283,turn_left,0.01733132604139009,0.2802067265561505,0,0,0.2054794520547945,0.0,0.0999829847288814
sh_mpcc_dro_straight_o1_c1_m3_boost_30_s40,straight_o1_c1_m3_boost_30_s40,boost_30,sh_mpcc_dro,77,40,34,0,0,35,0.004856354136935283,turn_right,0.006770160621100901,0.7173174181125392,0,0,0.6438356164383562,0.8414768501557411,0.14245890792304278
sh_mpcc_dro_straight_o1_c1_m3_boost_30_s40,straight_o1_c1_m3_boost_30_s40,boost_30,sh_mpcc_dro,77,40,35,0,0,36,0.004765956302145648,constant_velocity,0.010304531092547076,0.4625107401143857,0,0,0.14666666666666667,0.15104174050409644,0.09335884179432666
sh_mpcc_dro_straight_o1_c1_m3_boost_30_s40,straight_o1_c1_m3_boost_30_s40,boost_30,sh_mpcc_dro,77,40,35,0,0,36,0.004765956302145648,turn_left,0.017511628243354033,0.2721595180022401,0,0,0.2,0.0,0.07456429607651699
sh_mpcc_dro_straight_o1_c1_m3_boost_30_s40,straight_o1_c1_m3_boost_30_s40,boost_30,sh_mpcc_dro,77,40,35,0,0,36,0.004765956302145648,turn_right,0.006589623004538444,0.7232517397221678,0,0,0.6533333333333333,0.8489582594959035,0.1070044140767013
sh_mpcc_dro_straight_o1_c1_m3_boost_30_s40,straight_o1_c1_m3_boost_30_s40,boost_30,sh_mpcc_dro,77,40,36,0,0,37,0.004692777683470405,constant_velocity,0.010036880934299537,0.4675533877694554,0,0,0.16883116883116883,0.16888087920854689,0.03613015296431352
sh_mpcc_dro_straight_o1_c1_m3_boost_30_s40,straight_o1_c1_m3_boost_30_s40,boost_30,sh_mpcc_dro,77,40,36,0,0,37,0.004692777683470405,turn_left,0.01737043328571062,0.2701589307694937,0,0,0.19480519480519481,0.0,0.022424419553483343
sh_mpcc_dro_straight_o1_c1_m3_boost_30_s40,straight_o1_c1_m3_boost_30_s40,boost_30,sh_mpcc_dro,77,40,36,0,0,37,0.004692777683470405,turn_right,0.006732116494656564,0.6970731548087694,0,0,0.6363636363636364,0.831119120791453,0.04409141299706559
sh_mpcc_dro_straight_o1_c1_m3_boost_30_s40,straight_o1_c1_m3_boost_30_s40,boost_30,sh_mpcc_dro,77,40,37,0,0,38,0.004609652308757657,constant_velocity,0.010088494641635741,0.4569217185023207,0,0,0.16455696202531644,0.16455696202531644,0.0
sh_mpcc_dro_straight_o1_c1_m3_boost_30_s40,straight_o1_c1_m3_boost_30_s40,boost_30,sh_mpcc_dro,77,40,37,0,0,38,0.004609652308757657,turn_left,0.01754061620544036,0.2627987668601937,0,0,0.189873417721519,0.189873417721519,0.0
sh_mpcc_dro_straight_o1_c1_m3_boost_30_s40,straight_o1_c1_m3_boost_30_s40,boost_30,sh_mpcc_dro,77,40,37,0,0,38,0.004609652308757657,turn_right,0.00656168316567792,0.7025106504485441,0,0,0.6455696202531646,0.6455696202531646,0.0
sh_mpcc_dro_straight_o1_c1_m3_boost_30_s40,straight_o1_c1_m3_boost_30_s40,boost_30,sh_mpcc_dro,77,40,38,0,0,39,0.004599982925229357,constant_velocity,0.010137559523917886,0.4537564405295439,0,0,0.16049382716049382,0.19848164482836658,0.006825821116513531
sh_mpcc_dro_straight_o1_c1_m3_boost_30_s40,straight_o1_c1_m3_boost_30_s40,boost_30,sh_mpcc_dro,77,40,38,0,0,39,0.004599982925229357,turn_left,0.017107514570737725,0.26888668755528017,0,0,0.20987654320987653,0.0,0.002422990531934177
sh_mpcc_dro_straight_o1_c1_m3_boost_30_s40,straight_o1_c1_m3_boost_30_s40,boost_30,sh_mpcc_dro,77,40,38,0,0,39,0.004599982925229357,turn_right,0.006994546757019844,0.6576527522119625,0,0,0.6296296296296297,0.8015183551716335,0.007076643925498977
sh_mpcc_dro_straight_o1_c1_m3_boost_30_s40,straight_o1_c1_m3_boost_30_s40,boost_30,sh_mpcc_dro,77,40,39,0,0,40,0.004531834043944904,constant_velocity,0.009893280981173251,0.4580719027963432,0,0,0.18072289156626506,0.5560107155439798,0.039691481067406276
sh_mpcc_dro_straight_o1_c1_m3_boost_30_s40,straight_o1_c1_m3_boost_30_s40,boost_30,sh_mpcc_dro,77,40,39,0,0,40,0.004531834043944904,turn_left,0.016986264156360783,0.2667940403039055,0,0,0.20481927710843373,0.20481927710843373,0.04161091005810391
sh_mpcc_dro_straight_o1_c1_m3_boost_30_s40,straight_o1_c1_m3_boost_30_s40,boost_30,sh_mpcc_dro,77,40,39,0,0,40,0.004531834043944904,turn_right,0.007116982314057645,0.6367634264024389,0,0,0.6144578313253012,0.23917000734758645,0.03716355940168535
sh_mpcc_dro_straight_o1_c1_m3_boost_30_s40,straight_o1_c1_m3_boost_30_s40,boost_30,sh_mpcc_dro,77,40,4,0,0,5,0.011791788980642544,constant_velocity,0.007431152230202131,1.5868049281398993,0,1,0.38461538461538464,0.0,0.19927193467458462
sh_mpcc_dro_straight_o1_c1_m3_boost_30_s40,straight_o1_c1_m3_boost_30_s40,boost_30,sh_mpcc_dro,77,40,4,0,0,5,0.011791788980642544,turn_left,0.017617440167356044,0.6693247639059363,0,0,0.07692307692307693,0.0,0.19137446952041076
sh_mpcc_dro_straight_o1_c1_m3_boost_30_s40,straight_o1_c1_m3_boost_30_s40,boost_30,sh_mpcc_dro,77,40,4,0,0,5,0.011791788980642544,turn_right,0.00649775157580204,1.8147491240748215,0,1,0.5384615384615384,1.0,0.21047714188128064
sh_mpcc_dro_straight_o1_c1_m3_boost_30_s40,straight_o1_c1_m3_boost_30_s40,boost_30,sh_mpcc_dro,77,40,40,0,0,41,0.004464158414692488,constant_velocity,0.009660497899263293,0.46210438232515155,0,0,0.2,0.5696835058601352,0.02008304233383862
sh_mpcc_dro_straight_o1_c1_m3_boost_30_s40,straight_o1_c1_m3_boost_30_s40,boost_30,sh_mpcc_dro,77,40,40,0,0,41,0.004464158414692488,turn_left,0.016870719643836483,0.2646098393510685,0,0,0.2,0.0,0.01886528808220296
sh_mpcc_dro_straight_o1_c1_m3_boost_30_s40,straight_o1_c1_m3_boost_30_s40,boost_30,sh_mpcc_dro,77,40,40,0,0,41,0.004464158414692488,turn_right,0.0072336561978228655,0.6171372114748941,0,0,0.6,0.43031649413986484,0.019727048028439123
sh_mpcc_dro_straight_o1_c1_m3_boost_30_s40,straight_o1_c1_m3_boost_30_s40,boost_30,sh_mpcc_dro,77,40,41,0,0,42,0.0043971957058222995,constant_velocity,0.009438417487785981,0.46588272997169283,0,0,0.21839080459770116,0.21839080459770116,0.0
sh_mpcc_dro_straight_o1_c1_m3_boost_30_s40,straight_o1_c1_m3_boost_30_s40,boost_30,sh_mpcc_dro,77,40,41,0,0,42,0.0043971957058222995,turn_left,0.016760487522692612,0.2623548807794989,0,0,0.19540229885057472,0.19540229885057472,0.0
sh_mpcc_dro_straight_o1_c1_m3_boost_30_s40,straight_o1_c1_m3_boost_30_s40,boost_30,sh_mpcc_dro,77,40,41,0,0,42,0.0043971957058222995,turn_right,0.0073449657650931375,0.5986679647602879,0,0,0.5862068965517241,0.5862068965517241,0.0
sh_mpcc_dro_straight_o1_c1_m3_boost_30_s40,straight_o1_c1_m3_boost_30_s40,boost_30,sh_mpcc_dro,77,40,42,0,0,43,0.004331126676938946,constant_velocity,0.009226318218397533,0.46943174670721416,0,0,0.23595505617977527,0.23595505617977527,0.0
sh_mpcc_dro_straight_o1_c1_m3_boost_30_s40,straight_o1_c1_m3_boost_30_s40,boost_30,sh_mpcc_dro,77,40,42,0,0,43,0.004331126676938946,turn_left,0.016655209654184416,0.26004636188117897,0,0,0.19101123595505617,0.19101123595505617,0.0
sh_mpcc_dro_straight_o1_c1_m3_boost_30_s40,straight_o1_c1_m3_boost_30_s40,boost_30,sh_mpcc_dro,77,40,42,0,0,43,0.004331126676938946,turn_right,0.007451272655182719,0.5812599910602437,0,0,0.5730337078651685,0.5730337078651685,0.0
sh_mpcc_dro_straight_o1_c1_m3_boost_30_s40,straight_o1_c1_m3_boost_30_s40,boost_30,sh_mpcc_dro,77,40,43,0,0,44,0.0042690665004163205,constant_velocity,0.009288940287753181,0.4595859557892504,0,0,0.23076923076923078,0.23076923076923078,0.0
sh_mpcc_dro_straight_o1_c1_m3_boost_30_s40,straight_o1_c1_m3_boost_30_s40,boost_30,sh_mpcc_dro,77,40,43,0,0,44,0.0042690665004163205,turn_left,0.0168186700709064,0.2538290175393309,0,0,0.18681318681318682,0.18681318681318682,0.0
sh_mpcc_dro_straight_o1_c1_m3_boost_30_s40,straight_o1_c1_m3_boost_30_s40,boost_30,sh_mpcc_dro,77,40,43,0,0,44,0.0042690665004163205,turn_right,0.007287508421002878,0.5858060469765918,0,0,0.5824175824175825,0.5824175824175825,0.0
sh_mpcc_dro_straight_o1_c1_m3_boost_30_s40,straight_o1_c1_m3_boost_30_s40,boost_30,sh_mpcc_dro,77,40,44,0,0,45,0.004258183745864044,constant_velocity,0.009348868934770575,0.45547582018471644,0,0,0.22580645161290322,0.22580645161290322,0.0
sh_mpcc_dro_straight_o1_c1_m3_boost_30_s40,straight_o1_c1_m3_boost_30_s40,boost_30,sh_mpcc_dro,77,40,44,0,0,45,0.004258183745864044,turn_left,0.016456978241424152,0.2587463921624259,0,0,0.20430107526881722,0.20430107526881722,0.0
sh_mpcc_dro_straight_o1_c1_m3_boost_30_s40,straight_o1_c1_m3_boost_30_s40,boost_30,sh_mpcc_dro,77,40,44,0,0,45,0.004258183745864044,turn_right,0.007648909500444173,0.55670468393132,0,0,0.5698924731182796,0.5698924731182796,0.0
sh_mpcc_dro_straight_o1_c1_m3_boost_30_s40,straight_o1_c1_m3_boost_30_s40,boost_30,sh_mpcc_dro,77,40,45,0,0,46,0.004197299156262587,constant_velocity,0.009152050641407306,0.4586184365362264,0,0,0.24210526315789474,0.24210526315789474,0.0
sh_mpcc_dro_straight_o1_c1_m3_boost_30_s40,straight_o1_c1_m3_boost_30_s40,boost_30,sh_mpcc_dro,77,40,45,0,0,46,0.004197299156262587,turn_left,0.01636473917053302,0.2564843296629136,0,0,0.2,0.2,0.0
sh_mpcc_dro_straight_o1_c1_m3_boost_30_s40,straight_o1_c1_m3_boost_30_s40,boost_30,sh_mpcc_dro,77,40,45,0,0,46,0.004197299156262587,turn_right,0.007742103455678839,0.5421393785669274,0,0,0.5578947368421052,0.5578947368421052,0.0
sh_mpcc_dro_straight_o1_c1_m3_boost_30_s40,straight_o1_c1_m3_boost_30_s40,boost_30,sh_mpcc_dro,77,40,46,0,0,47,0.004137407255905384,constant_velocity,0.008963348566326737,0.46159169481020546,0,0,0.25773195876288657,0.25773195876288657,0.0
sh_mpcc_dro_straight_o1_c1_m3_boost_30_s40,straight_o1_c1_m3_boost_30_s40,boost_30,sh_mpcc_dro,77,40,46,0,0,47,0.004137407255905384,turn_left,0.016276303772667942,0.2541982082475718,0,0,0.1958762886597938,0.1958762886597938,0.0
sh_mpcc_dro_straight_o1_c1_m3_boost_30_s40,straight_o1_c1_m3_boost_30_s40,boost_30,sh_mpcc_dro,77,40,46,0,0,47,0.004137407255905384,turn_right,0.007831454361212867,0.5283063738961276,0,0,0.5463917525773195,0.5463917525773195,0.0
sh_mpcc_dro_straight_o1_c1_m3_boost_30_s40,straight_o1_c1_m3_boost_30_s40,boost_30,sh_mpcc_dro,77,40,47,0,0,48,0.00408497312623937,constant_velocity,0.009026222784665179,0.4525672835351913,0,0,0.25252525252525254,0.25252525252525254,0.0
sh_mpcc_dro_straight_o1_c1_m3_boost_30_s40,straight_o1_c1_m3_boost_30_s40,boost_30,sh_mpcc_dro,77,40,47,0,0,48,0.00408497312623937,turn_left,0.0164342099310996,0.24856522725251862,0,0,0.1919191919191919,0.1919191919191919,0.0
sh_mpcc_dro_straight_o1_c1_m3_boost_30_s40,straight_o1_c1_m3_boost_30_s40,boost_30,sh_mpcc_dro,77,40,47,0,0,48,0.00408497312623937,turn_right,0.007673243161996447,0.5323659162101322,0,0,0.5555555555555556,0.5555555555555556,0.0
sh_mpcc_dro_straight_o1_c1_m3_boost_30_s40,straight_o1_c1_m3_boost_30_s40,boost_30,sh_mpcc_dro,77,40,48,0,0,49,0.004073209601977284,constant_velocity,0.009086606934950265,0.4482651919618419,0,0,0.24752475247524752,0.24752475247524752,0.0
sh_mpcc_dro_straight_o1_c1_m3_boost_30_s40,straight_o1_c1_m3_boost_30_s40,boost_30,sh_mpcc_dro,77,40,48,0,0,49,0.004073209601977284,turn_left,0.016108780031473462,0.2528564915542341,0,0,0.2079207920792079,0.2079207920792079,0.0
sh_mpcc_dro_straight_o1_c1_m3_boost_30_s40,straight_o1_c1_m3_boost_30_s40,boost_30,sh_mpcc_dro,77,40,48,0,0,49,0.004073209601977284,turn_right,0.007998380101660315,0.5092543177751407,0,0,0.5445544554455446,0.5445544554455446,0.0
sh_mpcc_dro_straight_o1_c1_m3_boost_30_s40,straight_o1_c1_m3_boost_30_s40,boost_30,sh_mpcc_dro,77,40,49,0,0,50,0.004056961846039148,constant_velocity,0.009144646069690917,0.44364339692550514,0,0,0.24271844660194175,0.24271844660194175,0.0
sh_mpcc_dro_straight_o1_c1_m3_boost_30_s40,straight_o1_c1_m3_boost_30_s40,boost_30,sh_mpcc_dro,77,40,49,0,0,50,0.004056961846039148,turn_left,0.015795988186202526,0.25683495063530254,0,0,0.22330097087378642,0.22330097087378642,0.0
sh_mpcc_dro_straight_o1_c1_m3_boost_30_s40,straight_o1_c1_m3_boost_30_s40,boost_30,sh_mpcc_dro,77,40,49,0,0,50,0.004056961846039148,turn_right,0.00831089036405619,0.48815008601065446,0,0,0.5339805825242718,0.5339805825242718,0.0
sh_mpcc_dro_straight_o1_c1_m3_boost_30_s40,straight_o1_c1_m3_boost_30_s40,boost_30,sh_mpcc_dro,77,40,5,0,0,6,0.01048715143453137,constant_velocity,0.006440331932841674,1.6283557344386925,0,1,0.4666666666666667,0.0,0.025482790430324448
sh_mpcc_dro_straight_o1_c1_m3_boost_30_s40,straight_o1_c1_m3_boost_30_s40,boost_30,sh_mpcc_dro,77,40,5,0,0,6,0.01048715143453137,turn_left,0.016878531128252394,0.6213308110074394,0,0,0.06666666666666667,0.0,0.005837708847047429
sh_mpcc_dro_straight_o1_c1_m3_boost_30_s40,straight_o1_c1_m3_boost_30_s40,boost_30,sh_mpcc_dro,77,40,5,0,0,6,0.01048715143453137,turn_right,0.007241467682238725,1.4482080007418094,0,1,0.4666666666666667,1.0,0.04762511753261772
sh_mpcc_dro_straight_o1_c1_m3_boost_30_s40,straight_o1_c1_m3_boost_30_s40,boost_30,sh_mpcc_dro,77,40,50,0,0,51,0.004010120933564927,constant_velocity,0.00920047418977416,0.43586024490150344,0,0,0.23809523809523808,0.23809523809523808,0.0
sh_mpcc_dro_straight_o1_c1_m3_boost_30_s40,straight_o1_c1_m3_boost_30_s40,boost_30,sh_mpcc_dro,77,40,50,0,0,51,0.004010120933564927,turn_left,0.015954020003894485,0.25135488940004014,0,0,0.21904761904761905,0.21904761904761905,0.0
sh_mpcc_dro_straight_o1_c1_m3_boost_30_s40,straight_o1_c1_m3_boost_30_s40,boost_30,sh_mpcc_dro,77,40,50,0,0,51,0.004010120933564927,turn_right,0.008152587690454866,0.4918832014846056,0,0,0.5428571428571428,0.5428571428571428,0.0
sh_mpcc_dro_straight_o1_c1_m3_boost_30_s40,straight_o1_c1_m3_boost_30_s40,boost_30,sh_mpcc_dro,77,40,51,0,0,52,0.003992597659668288,constant_velocity,0.009254215277331581,0.43143557179269976,0,0,0.2336448598130841,0.2336448598130841,0.0
sh_mpcc_dro_straight_o1_c1_m3_boost_30_s40,straight_o1_c1_m3_boost_30_s40,boost_30,sh_mpcc_dro,77,40,51,0,0,52,0.003992597659668288,turn_left,0.01565581402251336,0.2550233193832564,0,0,0.2336448598130841,0.2336448598130841,0.0
sh_mpcc_dro_straight_o1_c1_m3_boost_30_s40,straight_o1_c1_m3_boost_30_s40,boost_30,sh_mpcc_dro,77,40,51,0,0,52,0.003992597659668288,turn_right,0.00845053294138184,0.4724669659728484,0,0,0.5327102803738317,0.5327102803738317,0.0
sh_mpcc_dro_straight_o1_c1_m3_boost_30_s40,straight_o1_c1_m3_boost_30_s40,boost_30,sh_mpcc_dro,77,40,52,0,0,53,0.003941600598861485,constant_velocity,0.009084413162150856,0.43388610012628026,0,0,0.24770642201834864,0.24770642201834864,0.0
sh_mpcc_dro_straight_o1_c1_m3_boost_30_s40,straight_o1_c1_m3_boost_30_s40,boost_30,sh_mpcc_dro,77,40,52,0,0,53,0.003941600598861485,turn_left,0.01559012243263374,0.25282678926310426,0,0,0.22935779816513763,0.22935779816513763,0.0
sh_mpcc_dro_straight_o1_c1_m3_boost_30_s40,straight_o1_c1_m3_boost_30_s40,boost_30,sh_mpcc_dro,77,40,52,0,0,53,0.003941600598861485,turn_right,0.008517048343816397,0.46278950638142047,0,0,0.5229357798165137,0.5229357798165137,0.0
sh_mpcc_dro_straight_o1_c1_m3_boost_30_s40,straight_o1_c1_m3_boost_30_s40,boost_30,sh_mpcc_dro,77,40,53,0,0,54,0.003899391966603387,constant_velocity,0.009138308823627036,0.42670827194212735,0,0,0.24324324324324326,0.24324324324324326,0.0
sh_mpcc_dro_straight_o1_c1_m3_boost_30_s40,straight_o1_c1_m3_boost_30_s40,boost_30,sh_mpcc_dro,77,40,53,0,0,54,0.003899391966603387,turn_left,0.015743321282767085,0.24768547224350493,0,0,0.22522522522522523,0.22522522522522523,0.0
sh_mpcc_dro_straight_o1_c1_m3_boost_30_s40,straight_o1_c1_m3_boost_30_s40,boost_30,sh_mpcc_dro,77,40,53,0,0,54,0.003899391966603387,turn_right,0.008363588013297183,0.4662343434903517,0,0,0.5315315315315315,0.5315315315315315,0.0
sh_mpcc_dro_straight_o1_c1_m3_boost_30_s40,straight_o1_c1_m3_boost_30_s40,boost_30,sh_mpcc_dro,77,40,54,0,0,55,0.0038575381511869304,constant_velocity,0.009190296674077853,0.41974032917430193,0,0,0.23893805309734514,0.23893805309734514,0.0
sh_mpcc_dro_straight_o1_c1_m3_boost_30_s40,straight_o1_c1_m3_boost_30_s40,boost_30,sh_mpcc_dro,77,40,54,0,0,55,0.0038575381511869304,turn_left,0.0158910971647542,0.242748383651117,0,0,0.22123893805309736,0.22123893805309736,0.0
sh_mpcc_dro_straight_o1_c1_m3_boost_30_s40,straight_o1_c1_m3_boost_30_s40,boost_30,sh_mpcc_dro,77,40,54,0,0,55,0.0038575381511869304,turn_right,0.008215559906867398,0.46954050544533293,0,0,0.5398230088495575,0.5398230088495575,0.0
sh_mpcc_dro_straight_o1_c1_m3_boost_30_s40,straight_o1_c1_m3_boost_30_s40,boost_30,sh_mpcc_dro,77,40,55,0,0,56,0.0038160886909614287,constant_velocity,0.009240476251468864,0.4129753258502043,0,0,0.23478260869565218,0.23478260869565218,0.0
sh_mpcc_dro_straight_o1_c1_m3_boost_30_s40,straight_o1_c1_m3_boost_30_s40,boost_30,sh_mpcc_dro,77,40,55,0,0,56,0.0038160886909614287,turn_left,0.016033733016063024,0.23800375665095388,0,0,0.21739130434782608,0.21739130434782608,0.0
sh_mpcc_dro_straight_o1_c1_m3_boost_30_s40,straight_o1_c1_m3_boost_30_s40,boost_30,sh_mpcc_dro,77,40,55,0,0,56,0.0038160886909614287,turn_right,0.008072680604139012,0.47271642197820263,0,0,0.5478260869565217,0.5478260869565217,0.0
sh_mpcc_dro_straight_o1_c1_m3_boost_30_s40,straight_o1_c1_m3_boost_30_s40,boost_30,sh_mpcc_dro,77,40,56,0,0,57,0.003775084260533995,constant_velocity,0.009288940287752696,0.40640634384434327,0,0,0.23076923076923078,0.23076923076923078,0.0
sh_mpcc_dro_straight_o1_c1_m3_boost_30_s40,straight_o1_c1_m3_boost_30_s40,boost_30,sh_mpcc_dro,77,40,56,0,0,57,0.003775084260533995,turn_left,0.01617149242801107,0.23344068442285956,0,0,0.21367521367521367,0.21367521367521367,0.0
sh_mpcc_dro_straight_o1_c1_m3_boost_30_s40,straight_o1_c1_m3_boost_30_s40,boost_30,sh_mpcc_dro,77,40,56,0,0,57,0.003775084260533995,turn_right,0.007934686063897231,0.47576983262269235,0,0,0.5555555555555556,0.5555555555555556,0.0
sh_mpcc_dro_straight_o1_c1_m3_boost_30_s40,straight_o1_c1_m3_boost_30_s40,boost_30,sh_mpcc_dro,77,40,57,0,0,58,0.003734557973635165,constant_velocity,0.009335775280799704,0.40002654962312484,0,0,0.226890756302521,0.226890756302521,0.0
sh_mpcc_dro_straight_o1_c1_m3_boost_30_s40,straight_o1_c1_m3_boost_30_s40,boost_30,sh_mpcc_dro,77,40,57,0,0,58,0.003734557973635165,turn_left,0.01630462127149066,0.22904904759518713,0,0,0.21008403361344538,0.21008403361344538,0.0
sh_mpcc_dro_straight_o1_c1_m3_boost_30_s40,straight_o1_c1_m3_boost_30_s40,boost_30,sh_mpcc_dro,77,40,57,0,0,58,0.003734557973635165,turn_right,0.007801329995596144,0.4787078582425465,0,0,0.5630252100840336,0.5630252100840336,0.0
sh_mpcc_dro_straight_o1_c1_m3_boost_30_s40,straight_o1_c1_m3_boost_30_s40,boost_30,sh_mpcc_dro,77,40,58,0,0,59,0.003692923351475318,constant_velocity,0.009181464945580356,0.4022150466579917,0,0,0.2396694214876033,0.2396694214876033,0.0
sh_mpcc_dro_straight_o1_c1_m3_boost_30_s40,straight_o1_c1_m3_boost_30_s40,boost_30,sh_mpcc_dro,77,40,58,0,0,59,0.003692923351475318,turn_left,0.016234720463268314,0.22747070760046043,0,0,0.2066115702479339,0.2066115702479339,0.0
sh_mpcc_dro_straight_o1_c1_m3_boost_30_s40,straight_o1_c1_m3_boost_30_s40,boost_30,sh_mpcc_dro,77,40,58,0,0,59,0.003692923351475318,turn_right,0.007871979456397758,0.4691225849775288,0,0,0.5537190082644629,0.5537190082644629,0.0
sh_mpcc_dro_straight_o1_c1_m3_boost_30_s40,straight_o1_c1_m3_boost_30_s40,boost_30,sh_mpcc_dro,77,40,59,0,0,60,0.0036518081421111764,constant_velocity,0.009032172832644082,0.4043111452554152,0,0,0.25203252032520324,0.25203252032520324,0.0
sh_mpcc_dro_straight_o1_c1_m3_boost_30_s40,straight_o1_c1_m3_boost_30_s40,boost_30,sh_mpcc_dro,77,40,59,0,0,60,0.0036518081421111764,turn_left,0.016167092852061936,0.22587908509756768,0,0,0.2032520325203252,0.2032520325203252,0.0
sh_mpcc_dro_straight_o1_c1_m3_boost_30_s40,straight_o1_c1_m3_boost_30_s40,boost_30,sh_mpcc_dro,77,40,59,0,0,60,0.0036518081421111764,turn_right,0.007940331373758424,0.4599062646402695,0,0,0.5447154471544715,0.5447154471544715,0.0
sh_mpcc_dro_straight_o1_c1_m3_boost_30_s40,straight_o1_c1_m3_boost_30_s40,boost_30,sh_mpcc_dro,77,40,6,0,0,7,0.00992796511174338,constant_velocity,0.007103307278869507,1.3976538986672442,0,1,0.4117647058823529,0.0,0.05170602339256539
sh_mpcc_dro_straight_o1_c1_m3_boost_30_s40,straight_o1_c1_m3_boost_30_s40,boost_30,sh_mpcc_dro,77,40,6,0,0,7,0.00992796511174338,turn_left,0.01489282158375211,0.6666275464264388,0,0,0.17647058823529413,0.0,0.02806570303877748
sh_mpcc_dro_straight_o1_c1_m3_boost_30_s40,straight_o1_c1_m3_boost_30_s40,boost_30,sh_mpcc_dro,77,40,6,0,0,7,0.00992796511174338,turn_right,0.009223960733155817,1.0763234362064225,0,1,0.4117647058823529,1.0,0.07718078257273092
sh_mpcc_dro_straight_o1_c1_m3_boost_30_s40,straight_o1_c1_m3_boost_30_s40,boost_30,sh_mpcc_dro,77,40,7,0,0,8,0.009665997855187375,constant_velocity,0.007626708867839001,1.2673878107433514,0,1,0.3684210526315789,0.0,0.04353275390630498
sh_mpcc_dro_straight_o1_c1_m3_boost_30_s40,straight_o1_c1_m3_boost_30_s40,boost_30,sh_mpcc_dro,77,40,7,0,0,8,0.009665997855187375,turn_left,0.015861225481781725,0.6094105317580778,0,0,0.15789473684210525,0.0,0.01770901207697989
sh_mpcc_dro_straight_o1_c1_m3_boost_30_s40,straight_o1_c1_m3_boost_30_s40,boost_30,sh_mpcc_dro,77,40,7,0,0,8,0.009665997855187375,turn_right,0.00825301749808692,1.1712077258321563,0,1,0.47368421052631576,0.9999999999999999,0.07065747658736116
sh_mpcc_dro_straight_o1_c1_m3_boost_30_s40,straight_o1_c1_m3_boost_30_s40,boost_30,sh_mpcc_dro,77,40,8,0,0,9,0.009303922403443236,constant_velocity,0.008050414916052101,1.155707190307882,0,1,0.3333333333333333,0.0,0.0551147465777532
sh_mpcc_dro_straight_o1_c1_m3_boost_30_s40,straight_o1_c1_m3_boost_30_s40,boost_30,sh_mpcc_dro,77,40,8,0,0,9,0.009303922403443236,turn_left,0.016645171494472474,0.5589562358388966,0,0,0.14285714285714285,0.0,0.027195849814535766
sh_mpcc_dro_straight_o1_c1_m3_boost_30_s40,straight_o1_c1_m3_boost_30_s40,boost_30,sh_mpcc_dro,77,40,8,0,0,9,0.009303922403443236,turn_right,0.007467015831602327,1.246002769147301,0,1,0.5238095238095238,1.0000000000000002,0.0835322955083822
sh_mpcc_dro_straight_o1_c1_m3_boost_30_s40,straight_o1_c1_m3_boost_30_s40,boost_30,sh_mpcc_dro,77,40,9,0,0,10,0.008660956611144653,constant_velocity,0.0073503788363954775,1.1783007112857689,0,1,0.391304347826087,0.0,0.0
sh_mpcc_dro_straight_o1_c1_m3_boost_30_s40,straight_o1_c1_m3_boost_30_s40,boost_30,sh_mpcc_dro,77,40,9,0,0,10,0.008660956611144653,turn_left,0.016247819397046954,0.5330534762540987,0,0,0.13043478260869565,0.0,0.0
sh_mpcc_dro_straight_o1_c1_m3_boost_30_s40,straight_o1_c1_m3_boost_30_s40,boost_30,sh_mpcc_dro,77,40,9,0,0,10,0.008660956611144653,turn_right,0.0078677642266003,1.10081547459984,0,1,0.4782608695652174,1.0,0.014830367404886247
sh_mpcc_dro_straight_o1_c1_m3_boost_30_s40,straight_o1_c1_m3_boost_30_s40,boost_30,sh_mpcc_dro,78,40,0,0,0,1,0.009433155837728502,constant_velocity,0.005466721288574521,1.725560045917075,0,1,0.2,0.2,0.0
sh_mpcc_dro_straight_o1_c1_m3_boost_30_s40,straight_o1_c1_m3_boost_30_s40,boost_30,sh_mpcc_dro,78,40,0,0,0,1,0.009433155837728502,turn_left,0.009546768168933921,0.9880993935125475,0,0,0.2,0.2,0.0
sh_mpcc_dro_straight_o1_c1_m3_boost_30_s40,straight_o1_c1_m3_boost_30_s40,boost_30,sh_mpcc_dro,78,40,0,0,0,1,0.009433155837728502,turn_right,0.004093376271073728,2.3044927250858627,0,1,0.6,0.6,0.0
sh_mpcc_dro_straight_o1_c1_m3_boost_30_s40,straight_o1_c1_m3_boost_30_s40,boost_30,sh_mpcc_dro,78,40,1,0,0,2,0.006762195113193616,constant_velocity,0.0058572013806155575,1.154509581243551,0,1,0.14285714285714285,0.14285714285714285,0.0
sh_mpcc_dro_straight_o1_c1_m3_boost_30_s40,straight_o1_c1_m3_boost_30_s40,boost_30,sh_mpcc_dro,78,40,1,0,0,2,0.006762195113193616,turn_left,0.006819120120667096,0.9916521477161029,0,0,0.42857142857142855,0.42857142857142855,0.0
sh_mpcc_dro_straight_o1_c1_m3_boost_30_s40,straight_o1_c1_m3_boost_30_s40,boost_30,sh_mpcc_dro,78,40,1,0,0,2,0.006762195113193616,turn_right,0.006819120120667087,0.9916521477161041,0,0,0.42857142857142855,0.42857142857142855,0.0
sh_mpcc_dro_straight_o1_c1_m3_boost_30_s40,straight_o1_c1_m3_boost_30_s40,boost_30,sh_mpcc_dro,78,40,10,0,0,11,0.004988309595733228,constant_velocity,0.006013393417432129,0.8295332185106495,0,0,0.12,0.0,0.016782974897216058
sh_mpcc_dro_straight_o1_c1_m3_boost_30_s40,straight_o1_c1_m3_boost_30_s40,boost_30,sh_mpcc_dro,78,40,10,0,0,11,0.004988309595733228,turn_left,0.010090774419648401,0.4943435843754635,0,0,0.2,0.6257400957435436,0.027836265850617464
sh_mpcc_dro_straight_o1_c1_m3_boost_30_s40,straight_o1_c1_m3_boost_30_s40,boost_30,sh_mpcc_dro,78,40,10,0,0,11,0.004988309595733228,turn_right,0.003546704142216275,1.4064634081984968,0,1,0.68,0.37425990425645644,0.007677150425978593
sh_mpcc_dro_straight_o1_c1_m3_boost_30_s40,straight_o1_c1_m3_boost_30_s40,boost_30,sh_mpcc_dro,78,40,11,0,0,12,0.004823337967714428,constant_velocity,0.006074134765083043,0.7940781945506415,0,0,0.1111111111111111,0.0,0.02331060107381641
sh_mpcc_dro_straight_o1_c1_m3_boost_30_s40,straight_o1_c1_m3_boost_30_s40,boost_30,sh_mpcc_dro,78,40,11,0,0,12,0.004823337967714428,turn_left,0.009343309647822505,0.5162344125926005,0,0,0.25925925925925924,0.6684652953783343,0.03577747230697101
sh_mpcc_dro_straight_o1_c1_m3_boost_30_s40,straight_o1_c1_m3_boost_30_s40,boost_30,sh_mpcc_dro,78,40,11,0,0,12,0.004823337967714428,turn_right,0.00429387270535954,1.1233071631802263,0,1,0.6296296296296297,0.33153470462166557,0.012845728230240647
sh_mpcc_dro_straight_o1_c1_m3_boost_30_s40,straight_o1_c1_m3_boost_30_s40,boost_30,sh_mpcc_dro,78,40,12,0,0,13,0.004610653197616014,constant_velocity,0.005655228919215153,0.8152902850581497,0,0,0.1724137931034483,0.6696708225224713,0.028177132583560444
sh_mpcc_dro_straight_o1_c1_m3_boost_30_s40,straight_o1_c1_m3_boost_30_s40,boost_30,sh_mpcc_dro,78,40,12,0,0,13,0.004610653197616014,turn_left,0.009170212541815386,0.502785859825149,0,0,0.2413793103448276,0.33032917747752866,0.03977551750955444
sh_mpcc_dro_straight_o1_c1_m3_boost_30_s40,straight_o1_c1_m3_boost_30_s40,boost_30,sh_mpcc_dro,78,40,12,0,0,13,0.004610653197616014,turn_right,0.004469012629867045,1.0316939287220548,0,1,0.5862068965517241,0.0,0.015626635932018712
sh_mpcc_dro_straight_o1_c1_m3_boost_30_s40,straight_o1_c1_m3_boost_30_s40,boost_30,sh_mpcc_dro,78,40,13,0,0,14,0.004406551027978719,constant_velocity,0.005290375440556105,0.8329372985890616,0,0,0.22580645161290322,0.0,0.0
sh_mpcc_dro_straight_o1_c1_m3_boost_30_s40,straight_o1_c1_m3_boost_30_s40,boost_30,sh_mpcc_dro,78,40,13,0,0,14,0.004406551027978719,turn_left,0.009019450546260717,0.4885609168072424,0,0,0.22580645161290322,0.6616491457295,0.0073571153018126695
sh_mpcc_dro_straight_o1_c1_m3_boost_30_s40,straight_o1_c1_m3_boost_30_s40,boost_30,sh_mpcc_dro,78,40,13,0,0,14,0.004406551027978719,turn_right,0.004621553854438095,0.9534782384385917,0,0,0.5483870967741935,0.33835085427050016,0.0
sh_mpcc_dro_straight_o1_c1_m3_boost_30_s40,straight_o1_c1_m3_boost_30_s40,boost_30,sh_mpcc_dro,78,40,14,0,0,15,0.00426632439109577,constant_velocity,0.005383892178141705,0.7924238171813327,0,0,0.21212121212121213,0.0,0.04739549532805967
sh_mpcc_dro_straight_o1_c1_m3_boost_30_s40,straight_o1_c1_m3_boost_30_s40,boost_30,sh_mpcc_dro,78,40,14,0,0,15,0.00426632439109577,turn_left,0.00929908867949646,0.45878951563313713,0,0,0.21212121212121213,0.6308525495572397,0.05530097670907069
sh_mpcc_dro_straight_o1_c1_m3_boost_30_s40,straight_o1_c1_m3_boost_30_s40,boost_30,sh_mpcc_dro,78,40,14,0,0,15,0.00426632439109577,turn_right,0.004341459681441852,0.9826935418363417,0,0,0.5757575757575758,0.3691474504427605,0.04126311615256145
sh_mpcc_dro_straight_o1_c1_m3_boost_30_s40,straight_o1_c1_m3_boost_30_s40,boost_30,sh_mpcc_dro,78,40,15,0,0,16,0.0041517860588924805,constant_velocity,0.005466721288574703,0.7594654711169562,0,0,0.2,0.0,0.1986569699286517
sh_mpcc_dro_straight_o1_c1_m3_boost_30_s40,straight_o1_c1_m3_boost_30_s40,boost_30,sh_mpcc_dro,78,40,15,0,0,16,0.0041517860588924805,turn_left,0.008767712183525143,0.47353128980372333,0,0,0.2571428571428571,0.661427147647764,0.20750805434198288
sh_mpcc_dro_straight_o1_c1_m3_boost_30_s40,straight_o1_c1_m3_boost_30_s40,boost_30,sh_mpcc_dro,78,40,15,0,0,16,0.0041517860588924805,turn_right,0.004872432256482349,0.8520972361121879,0,0,0.5428571428571428,0.33857285235223583,0.1914746698248187
sh_mpcc_dro_straight_o1_c1_m3_boost_30_s40,straight_o1_c1_m3_boost_30_s40,boost_30,sh_mpcc_dro,78,40,16,0,0,17,0.003994283824973902,constant_velocity,0.005171222840543577,0.7724060532951312,0,0,0.24324324324324326,0.0,0.14972462768057296
sh_mpcc_dro_straight_o1_c1_m3_boost_30_s40,straight_o1_c1_m3_boost_30_s40,boost_30,sh_mpcc_dro,78,40,16,0,0,17,0.003994283824973902,turn_left,0.008663154855265384,0.4610657308689587,0,0,0.24324324324324326,0.6575436999403245,0.15967636744696306
sh_mpcc_dro_straight_o1_c1_m3_boost_30_s40,straight_o1_c1_m3_boost_30_s40,boost_30,sh_mpcc_dro,78,40,16,0,0,17,0.003994283824973902,turn_right,0.004978430599954554,0.8023178680065088,0,0,0.5135135135135135,0.3424563000596755,0.1413516264640084
sh_mpcc_dro_straight_o1_c1_m3_boost_30_s40,straight_o1_c1_m3_boost_30_s40,boost_30,sh_mpcc_dro,78,40,17,0,0,18,0.0038931989476606683,constant_velocity,0.00525646277747562,0.7406499603389849,0,0,0.23076923076923078,0.0,0.1727616853070287
sh_mpcc_dro_straight_o1_c1_m3_boost_30_s40,straight_o1_c1_m3_boost_30_s40,boost_30,sh_mpcc_dro,78,40,17,0,0,18,0.0038931989476606683,turn_left,0.008918043311131281,0.4365530432893585,0,0,0.23076923076923078,0.6314334669076456,0.18471632763141949
sh_mpcc_dro_straight_o1_c1_m3_boost_30_s40,straight_o1_c1_m3_boost_30_s40,boost_30,sh_mpcc_dro,78,40,17,0,0,18,0.0038931989476606683,turn_right,0.004723126466623553,0.824284290325984,0,0,0.5384615384615384,0.36856653309235454,0.16213387207086477
sh_mpcc_dro_straight_o1_c1_m3_boost_30_s40,straight_o1_c1_m3_boost_30_s40,boost_30,sh_mpcc_dro,78,40,18,0,0,19,0.0038010594137786336,constant_velocity,0.005333386622999698,0.712691519003506,0,0,0.21951219512195122,0.0,0.02415818890194013
sh_mpcc_dro_straight_o1_c1_m3_boost_30_s40,straight_o1_c1_m3_boost_30_s40,boost_30,sh_mpcc_dro,78,40,18,0,0,19,0.0038010594137786336,turn_left,0.008483016808149179,0.44807873186425373,0,0,0.2682926829268293,0.6565838302427711,0.03803318465345101
sh_mpcc_dro_straight_o1_c1_m3_boost_30_s40,straight_o1_c1_m3_boost_30_s40,boost_30,sh_mpcc_dro,78,40,18,0,0,19,0.0038010594137786336,turn_right,0.005157777846039509,0.7369567917116369,0,0,0.5121951219512195,0.3434161697572288,0.011259579008184473
sh_mpcc_dro_straight_o1_c1_m3_boost_30_s40,straight_o1_c1_m3_boost_30_s40,boost_30,sh_mpcc_dro,78,40,19,0,0,20,0.00371491118383292,constant_velocity,0.005403154761963311,0.6875448413924489,0,0,0.20930232558139536,0.0,0.023463804073997535
sh_mpcc_dro_straight_o1_c1_m3_boost_30_s40,straight_o1_c1_m3_boost_30_s40,boost_30,sh_mpcc_dro,78,40,19,0,0,20,0.00371491118383292,turn_left,0.008722573223800482,0.42589624512367336,0,0,0.2558139534883721,0.6326937705003357,0.03896775690046522
sh_mpcc_dro_straight_o1_c1_m3_boost_30_s40,straight_o1_c1_m3_boost_30_s40,boost_30,sh_mpcc_dro,78,40,19,0,0,20,0.00371491118383292,turn_right,0.00491788120203766,0.7553885568227421,0,0,0.5348837209302325,0.3673062294996643,0.008364627657635348
sh_mpcc_dro_straight_o1_c1_m3_boost_30_s40,straight_o1_c1_m3_boost_30_s40,boost_30,sh_mpcc_dro,78,40,2,0,0,3,0.007601663467509214,constant_velocity,0.006074134765082801,1.2514808711863656,0,1,0.1111111111111111,0.0,0.0
sh_mpcc_dro_straight_o1_c1_m3_boost_30_s40,straight_o1_c1_m3_boost_30_s40,boost_30,sh_mpcc_dro,78,40,2,0,0,3,0.007601663467509214,turn_left,0.008333422259330066,0.9121898820137696,0,0,0.3333333333333333,0.9463263374042141,0.0006706479642731022
sh_mpcc_dro_straight_o1_c1_m3_boost_30_s40,straight_o1_c1_m3_boost_30_s40,boost_30,sh_mpcc_dro,78,40,2,0,0,3,0.007601663467509214,turn_right,0.005303760093852179,1.4332592977424896,0,1,0.5555555555555556,0.053673662595785855,0.0
sh_mpcc_dro_straight_o1_c1_m3_boost_30_s40,straight_o1_c1_m3_boost_30_s40,boost_30,sh_mpcc_dro,78,40,20,0,0,21,0.003627823420258956,constant_velocity,0.00546672128857472,0.6636196046505968,0,0,0.2,0.0,0.04909234291087042
sh_mpcc_dro_straight_o1_c1_m3_boost_30_s40,straight_o1_c1_m3_boost_30_s40,boost_30,sh_mpcc_dro,78,40,20,0,0,21,0.003627823420258956,turn_left,0.008940835735838166,0.4057588717033803,0,0,0.24444444444444444,0.6102966802980708,0.0651130169716006
sh_mpcc_dro_straight_o1_c1_m3_boost_30_s40,straight_o1_c1_m3_boost_30_s40,boost_30,sh_mpcc_dro,78,40,20,0,0,21,0.003627823420258956,turn_right,0.004699308704169337,0.7719908711339322,0,0,0.5555555555555556,0.3897033197019292,0.03553655708668055
sh_mpcc_dro_straight_o1_c1_m3_boost_30_s40,straight_o1_c1_m3_boost_30_s40,boost_30,sh_mpcc_dro,78,40,21,0,0,22,0.0035411035467997547,constant_velocity,0.005524877898027423,0.6409378835438252,0,0,0.19148936170212766,0.0,0.013530205752357333
sh_mpcc_dro_straight_o1_c1_m3_boost_30_s40,straight_o1_c1_m3_boost_30_s40,boost_30,sh_mpcc_dro,78,40,21,0,0,22,0.0035411035467997547,turn_left,0.00914052271493661,0.3874071163362688,0,0,0.23404255319148937,0.5892890683074473,0.022600331198565735
sh_mpcc_dro_straight_o1_c1_m3_boost_30_s40,straight_o1_c1_m3_boost_30_s40,boost_30,sh_mpcc_dro,78,40,21,0,0,22,0.0035411035467997547,turn_right,0.0044993381210131035,0.7870276586375807,0,0,0.574468085106383,0.41071093169255274,0.004682404977768395
sh_mpcc_dro_straight_o1_c1_m3_boost_30_s40,straight_o1_c1_m3_boost_30_s40,boost_30,sh_mpcc_dro,78,40,22,0,0,23,0.0034419225080812676,constant_velocity,0.0052993726776996725,0.6494962172721398,0,0,0.22448979591836735,0.0,0.017603035770252892
sh_mpcc_dro_straight_o1_c1_m3_boost_30_s40,straight_o1_c1_m3_boost_30_s40,boost_30,sh_mpcc_dro,78,40,22,0,0,23,0.0034419225080812676,turn_left,0.009046354506601125,0.38047619132874977,0,0,0.22448979591836735,0.5889213829859498,0.02408140406714386
sh_mpcc_dro_straight_o1_c1_m3_boost_30_s40,straight_o1_c1_m3_boost_30_s40,boost_30,sh_mpcc_dro,78,40,22,0,0,23,0.0034419225080812676,turn_right,0.004594606018552016,0.7491224479712811,0,0,0.5510204081632653,0.41107861701405013,0.011275421947667022
sh_mpcc_dro_straight_o1_c1_m3_boost_30_s40,straight_o1_c1_m3_boost_30_s40,boost_30,sh_mpcc_dro,78,40,23,0,0,24,0.0033873245768854623,constant_velocity,0.005359530675072955,0.6320188804291811,0,0,0.21568627450980393,0.0,0.00023579257246071628
sh_mpcc_dro_straight_o1_c1_m3_boost_30_s40,straight_o1_c1_m3_boost_30_s40,boost_30,sh_mpcc_dro,78,40,23,0,0,24,0.0033873245768854623,turn_left,0.008691595506342274,0.3897241391886824,0,0,0.2549019607843137,0.6109378508785903,0.004570251867736325
sh_mpcc_dro_straight_o1_c1_m3_boost_30_s40,straight_o1_c1_m3_boost_30_s40,boost_30,sh_mpcc_dro,78,40,23,0,0,24,0.0033873245768854623,turn_right,0.004949071654869595,0.6844363575848683,0,0,0.5294117647058824,0.38906214912140974,0.0
sh_mpcc_dro_straight_o1_c1_m3_boost_30_s40,straight_o1_c1_m3_boost_30_s40,boost_30,sh_mpcc_dro,78,40,24,0,0,25,0.003318544113442052,constant_velocity,0.005415148446229454,0.6128260649535361,0,0,0.20754716981132076,0.20754716981132076,0.0
sh_mpcc_dro_straight_o1_c1_m3_boost_30_s40,straight_o1_c1_m3_boost_30_s40,boost_30,sh_mpcc_dro,78,40,24,0,0,25,0.003318544113442052,turn_left,0.00887808170401429,0.37379067056136095,0,0,0.24528301886792453,0.24528301886792453,0.0
sh_mpcc_dro_straight_o1_c1_m3_boost_30_s40,straight_o1_c1_m3_boost_30_s40,boost_30,sh_mpcc_dro,78,40,24,0,0,25,0.003318544113442052,turn_right,0.004762314233931176,0.6968343436469696,0,0,0.5471698113207547,0.5471698113207547,0.0
sh_mpcc_dro_straight_o1_c1_m3_boost_30_s40,straight_o1_c1_m3_boost_30_s40,boost_30,sh_mpcc_dro,78,40,25,0,0,26,0.003250153513587451,constant_velocity,0.0054667212885743995,0.5945343364002045,0,0,0.2,0.2,0.0
sh_mpcc_dro_straight_o1_c1_m3_boost_30_s40,straight_o1_c1_m3_boost_30_s40,boost_30,sh_mpcc_dro,78,40,25,0,0,26,0.003250153513587451,turn_left,0.009051005269128283,0.35909309705887277,0,0,0.23636363636363636,0.23636363636363636,0.0
sh_mpcc_dro_straight_o1_c1_m3_boost_30_s40,straight_o1_c1_m3_boost_30_s40,boost_30,sh_mpcc_dro,78,40,25,0,0,26,0.003250153513587451,turn_right,0.004589139170879074,0.7082272715135085,0,0,0.5636363636363636,0.5636363636363636,0.0
sh_mpcc_dro_straight_o1_c1_m3_boost_30_s40,straight_o1_c1_m3_boost_30_s40,boost_30,sh_mpcc_dro,78,40,26,0,0,27,0.0031716021782858075,constant_velocity,0.005274906506519029,0.6012622544809394,0,0,0.22807017543859648,0.22807017543859648,0.0
sh_mpcc_dro_straight_o1_c1_m3_boost_30_s40,straight_o1_c1_m3_boost_30_s40,boost_30,sh_mpcc_dro,78,40,26,0,0,27,0.0031716021782858075,turn_left,0.008973194614447146,0.35345295789967834,0,0,0.22807017543859648,0.22807017543859648,0.0
sh_mpcc_dro_straight_o1_c1_m3_boost_30_s40,straight_o1_c1_m3_boost_30_s40,boost_30,sh_mpcc_dro,78,40,26,0,0,27,0.0031716021782858075,turn_right,0.0046678852213996366,0.6794516205638026,0,0,0.543859649122807,0.543859649122807,0.0
sh_mpcc_dro_straight_o1_c1_m3_boost_30_s40,straight_o1_c1_m3_boost_30_s40,boost_30,sh_mpcc_dro,78,40,27,0,0,28,0.003095418798712592,constant_velocity,0.005096096116467537,0.6074098148796779,0,0,0.2542372881355932,0.2542372881355932,0.0
sh_mpcc_dro_straight_o1_c1_m3_boost_30_s40,straight_o1_c1_m3_boost_30_s40,boost_30,sh_mpcc_dro,78,40,27,0,0,28,0.003095418798712592,turn_left,0.008900659258388541,0.347774104013169,0,0,0.22033898305084745,0.22033898305084745,0.0
sh_mpcc_dro_straight_o1_c1_m3_boost_30_s40,straight_o1_c1_m3_boost_30_s40,boost_30,sh_mpcc_dro,78,40,27,0,0,28,0.003095418798712592,turn_right,0.0047412925566307565,0.652863910366301,0,0,0.5254237288135594,0.5254237288135594,0.0
sh_mpcc_dro_straight_o1_c1_m3_boost_30_s40,straight_o1_c1_m3_boost_30_s40,boost_30,sh_mpcc_dro,78,40,28,0,0,29,0.0030580785302680323,constant_velocity,0.00515305695234461,0.5934493949026945,0,0,0.2459016393442623,0.0,0.014826839811066833
sh_mpcc_dro_straight_o1_c1_m3_boost_30_s40,straight_o1_c1_m3_boost_30_s40,boost_30,sh_mpcc_dro,78,40,28,0,0,29,0.0030580785302680323,turn_left,0.008608834364670883,0.355225620650554,0,0,0.2459016393442623,0.592858467657088,0.02837187491473886
sh_mpcc_dro_straight_o1_c1_m3_boost_30_s40,straight_o1_c1_m3_boost_30_s40,boost_30,sh_mpcc_dro,78,40,28,0,0,29,0.0030580785302680323,turn_right,0.005032839677549419,0.6076248651252618,0,0,0.5081967213114754,0.40714153234291206,0.0023364952475817546
sh_mpcc_dro_straight_o1_c1_m3_boost_30_s40,straight_o1_c1_m3_boost_30_s40,boost_30,sh_mpcc_dro,78,40,29,0,0,30,0.002987914653251423,constant_velocity,0.004989467842746483,0.5988443552342262,0,0,0.2698412698412698,0.0,0.11865747982545968
sh_mpcc_dro_straight_o1_c1_m3_boost_30_s40,straight_o1_c1_m3_boost_30_s40,boost_30,sh_mpcc_dro,78,40,29,0,0,30,0.002987914653251423,turn_left,0.008552471420101031,0.3493627171005649,0,0,0.23809523809523808,0.5918461851947104,0.1336254813565601
sh_mpcc_dro_straight_o1_c1_m3_boost_30_s40,straight_o1_c1_m3_boost_30_s40,boost_30,sh_mpcc_dro,78,40,29,0,0,30,0.002987914653251423,turn_right,0.005090000373840584,0.5870165881730449,0,0,0.49206349206349204,0.40815381480528956,0.10433036027914949
sh_mpcc_dro_straight_o1_c1_m3_boost_30_s40,straight_o1_c1_m3_boost_30_s40,boost_30,sh_mpcc_dro,78,40,3,0,0,4,0.007494131427503018,constant_velocity,0.006212183282471037,1.2063603224085908,0,1,0.09090909090909091,0.0,0.19306671246442206
sh_mpcc_dro_straight_o1_c1_m3_boost_30_s40,straight_o1_c1_m3_boost_30_s40,boost_30,sh_mpcc_dro,78,40,3,0,0,4,0.007494131427503018,turn_left,0.009297069074842878,0.8060746206330267,0,0,0.2727272727272727,0.8677566049821362,0.1949425587214657
sh_mpcc_dro_straight_o1_c1_m3_boost_30_s40,straight_o1_c1_m3_boost_30_s40,boost_30,sh_mpcc_dro,78,40,3,0,0,4,0.007494131427503018,turn_right,0.004339440076788146,1.7269811991619501,0,1,0.6363636363636364,0.1322433950178638,0.19314724674464906
sh_mpcc_dro_straight_o1_c1_m3_boost_30_s40,straight_o1_c1_m3_boost_30_s40,boost_30,sh_mpcc_dro,78,40,30,0,0,31,0.002940114088993516,constant_velocity,0.005046204266376373,0.5826387387018682,0,0,0.26153846153846155,0.0,0.05307293666095339
sh_mpcc_dro_straight_o1_c1_m3_boost_30_s40,straight_o1_c1_m3_boost_30_s40,boost_30,sh_mpcc_dro,78,40,30,0,0,31,0.002940114088993516,turn_left,0.008708810137779466,0.3376022720071807,0,0,0.23076923076923078,0.5768728045347622,0.06896779081872328
sh_mpcc_dro_straight_o1_c1_m3_boost_30_s40,straight_o1_c1_m3_boost_30_s40,boost_30,sh_mpcc_dro,78,40,30,0,0,31,0.002940114088993516,turn_right,0.0049333849777224124,0.59596283328184,0,0,0.5076923076923077,0.4231271954652378,0.037309680980441684
sh_mpcc_dro_straight_o1_c1_m3_boost_30_s40,straight_o1_c1_m3_boost_30_s40,boost_30,sh_mpcc_dro,78,40,31,0,0,32,0.0028760030334796386,constant_velocity,0.0048955713032008425,0.5874703595062007,0,0,0.2835820895522388,0.7044563769596781,0.054813453817691954
sh_mpcc_dro_straight_o1_c1_m3_boost_30_s40,straight_o1_c1_m3_boost_30_s40,boost_30,sh_mpcc_dro,78,40,31,0,0,32,0.0028760030334796386,turn_left,0.008652827793688013,0.33237724152763093,0,0,0.22388059701492538,0.22388059701492538,0.07093338117676745
sh_mpcc_dro_straight_o1_c1_m3_boost_30_s40,straight_o1_c1_m3_boost_30_s40,boost_30,sh_mpcc_dro,78,40,31,0,0,32,0.0028760030334796386,turn_right,0.004990101892140077,0.5763415448509456,0,0,0.4925373134328358,0.07166302602539643,0.03840504568444719
sh_mpcc_dro_straight_o1_c1_m3_boost_30_s40,straight_o1_c1_m3_boost_30_s40,boost_30,sh_mpcc_dro,78,40,32,0,0,33,0.0028316487393790614,constant_velocity,0.0049517402976216205,0.5718492023378399,0,0,0.2753623188405797,0.6897457987955475,0.034276962388307824
sh_mpcc_dro_straight_o1_c1_m3_boost_30_s40,straight_o1_c1_m3_boost_30_s40,boost_30,sh_mpcc_dro,78,40,32,0,0,33,0.0028316487393790614,turn_left,0.008797194516904304,0.3218808830403703,0,0,0.21739130434782608,0.21739130434782608,0.05013558988396449
sh_mpcc_dro_straight_o1_c1_m3_boost_30_s40,straight_o1_c1_m3_boost_30_s40,boost_30,sh_mpcc_dro,78,40,32,0,0,33,0.0028316487393790614,turn_right,0.004845461257585292,0.5843919884709174,0,0,0.5072463768115942,0.09286289685662635,0.017617537226033708
sh_mpcc_dro_straight_o1_c1_m3_boost_30_s40,straight_o1_c1_m3_boost_30_s40,boost_30,sh_mpcc_dro,78,40,33,0,0,34,0.0027873505543220315,constant_velocity,0.005004744841652449,0.5569415909326786,0,0,0.2676056338028169,0.2676056338028169,0.0
sh_mpcc_dro_straight_o1_c1_m3_boost_30_s40,straight_o1_c1_m3_boost_30_s40,boost_30,sh_mpcc_dro,78,40,33,0,0,34,0.0027873505543220315,turn_left,0.008933427903601451,0.3120135500504045,0,0,0.2112676056338028,0.2112676056338028,0.0
sh_mpcc_dro_straight_o1_c1_m3_boost_30_s40,straight_o1_c1_m3_boost_30_s40,boost_30,sh_mpcc_dro,78,40,33,0,0,34,0.0027873505543220315,turn_right,0.004708969391174415,0.5919236934404595,0,0,0.5211267605633803,0.5211267605633803,0.0
sh_mpcc_dro_straight_o1_c1_m3_boost_30_s40,straight_o1_c1_m3_boost_30_s40,boost_30,sh_mpcc_dro,78,40,34,0,0,35,0.0027316958036623343,constant_velocity,0.004867628544620955,0.5611964385986346,0,0,0.2876712328767123,0.6874276000976643,0.030882927898576273
sh_mpcc_dro_straight_o1_c1_m3_boost_30_s40,straight_o1_c1_m3_boost_30_s40,boost_30,sh_mpcc_dro,78,40,34,0,0,35,0.0027316958036623343,turn_left,0.008875892936673013,0.3077657451652709,0,0,0.2054794520547945,0.2054794520547945,0.042744172227408866
sh_mpcc_dro_straight_o1_c1_m3_boost_30_s40,straight_o1_c1_m3_boost_30_s40,boost_30,sh_mpcc_dro,78,40,34,0,0,35,0.0027316958036623343,turn_right,0.004767173013627702,0.5730221655168292,0,0,0.5068493150684932,0.10709294784754114,0.018178856349762906
sh_mpcc_dro_straight_o1_c1_m3_boost_30_s40,straight_o1_c1_m3_boost_30_s40,boost_30,sh_mpcc_dro,78,40,35,0,0,36,0.002677676145238126,constant_velocity,0.004737825116764396,0.5651698995311992,0,0,0.30666666666666664,0.0,0.0008724192779352019
sh_mpcc_dro_straight_o1_c1_m3_boost_30_s40,straight_o1_c1_m3_boost_30_s40,boost_30,sh_mpcc_dro,78,40,35,0,0,36,0.002677676145238126,turn_left,0.008821426501314216,0.30354230631964185,0,0,0.2,0.5493630040792029,0.005401929273070413
sh_mpcc_dro_straight_o1_c1_m3_boost_30_s40,straight_o1_c1_m3_boost_30_s40,boost_30,sh_mpcc_dro,78,40,35,0,0,36,0.002677676145238126,turn_right,0.004822272442883437,0.5552726804537473,0,0,0.49333333333333335,0.45063699592079703,0.0
sh_mpcc_dro_straight_o1_c1_m3_boost_30_s40,straight_o1_c1_m3_boost_30_s40,boost_30,sh_mpcc_dro,78,40,36,0,0,37,0.0026252980885245187,constant_velocity,0.004614764724121165,0.5688909934675987,0,0,0.3246753246753247,0.7088614501339694,0.02810525662898314
sh_mpcc_dro_straight_o1_c1_m3_boost_30_s40,straight_o1_c1_m3_boost_30_s40,boost_30,sh_mpcc_dro,78,40,36,0,0,37,0.0026252980885245187,turn_left,0.008769789491168864,0.29935702460910624,0,0,0.19480519480519481,0.19480519480519481,0.035972677165113084
sh_mpcc_dro_straight_o1_c1_m3_boost_30_s40,straight_o1_c1_m3_boost_30_s40,boost_30,sh_mpcc_dro,78,40,36,0,0,37,0.0026252980885245187,turn_right,0.0048745095641258875,0.5385768668596911,0,0,0.4805194805194805,0.09633335506083573,0.019401575004375768
sh_mpcc_dro_straight_o1_c1_m3_boost_30_s40,straight_o1_c1_m3_boost_30_s40,boost_30,sh_mpcc_dro,78,40,37,0,0,38,0.002589642261568095,constant_velocity,0.004670932746566649,0.5544165163738659,0,0,0.31645569620253167,0.6954239479011299,0.012165587538485068
sh_mpcc_dro_straight_o1_c1_m3_boost_30_s40,straight_o1_c1_m3_boost_30_s40,boost_30,sh_mpcc_dro,78,40,37,0,0,38,0.002589642261568095,turn_left,0.008892920889991171,0.2912026648615184,0,0,0.189873417721519,0.189873417721519,0.017790146867286152
sh_mpcc_dro_straight_o1_c1_m3_boost_30_s40,straight_o1_c1_m3_boost_30_s40,boost_30,sh_mpcc_dro,78,40,37,0,0,38,0.002589642261568095,turn_right,0.004751104258704978,0.5450611311724742,0,0,0.4936708860759494,0.11470263437735112,0.006042182949252406
sh_mpcc_dro_straight_o1_c1_m3_boost_30_s40,straight_o1_c1_m3_boost_30_s40,boost_30,sh_mpcc_dro,78,40,38,0,0,39,0.002554027322342898,constant_velocity,0.004724327039508928,0.540611879953251,0,0,0.30864197530864196,0.30864197530864196,0.0
sh_mpcc_dro_straight_o1_c1_m3_boost_30_s40,straight_o1_c1_m3_boost_30_s40,boost_30,sh_mpcc_dro,78,40,38,0,0,39,0.002554027322342898,turn_left,0.009009971725908577,0.2834667410774085,0,0,0.18518518518518517,0.18518518518518517,0.0
sh_mpcc_dro_straight_o1_c1_m3_boost_30_s40,straight_o1_c1_m3_boost_30_s40,boost_30,sh_mpcc_dro,78,40,38,0,0,39,0.002554027322342898,turn_right,0.004633793042440885,0.5511742322003974,0,0,0.5061728395061729,0.5061728395061729,0.0
sh_mpcc_dro_straight_o1_c1_m3_boost_30_s40,straight_o1_c1_m3_boost_30_s40,boost_30,sh_mpcc_dro,78,40,39,0,0,40,0.0025185952832152366,constant_velocity,0.004775148113514284,0.5274381492141129,0,0,0.30120481927710846,0.30120481927710846,0.0
sh_mpcc_dro_straight_o1_c1_m3_boost_30_s40,straight_o1_c1_m3_boost_30_s40,boost_30,sh_mpcc_dro,78,40,39,0,0,40,0.0025185952832152366,turn_left,0.009121381557685562,0.2761199350435132,0,0,0.18072289156626506,0.18072289156626506,0.0
sh_mpcc_dro_straight_o1_c1_m3_boost_30_s40,straight_o1_c1_m3_boost_30_s40,boost_30,sh_mpcc_dro,78,40,39,0,0,40,0.0025185952832152366,turn_right,0.004522135378767875,0.5569482273884216,0,0,0.5180722891566265,0.5180722891566265,0.0
sh_mpcc_dro_straight_o1_c1_m3_boost_30_s40,straight_o1_c1_m3_boost_30_s40,boost_30,sh_mpcc_dro,78,40,4,0,0,5,0.006516226891093665,constant_velocity,0.006307755332970688,1.033050038740928,0,1,0.07692307692307693,0.0,0.1470429964198358
sh_mpcc_dro_straight_o1_c1_m3_boost_30_s40,straight_o1_c1_m3_boost_30_s40,boost_30,sh_mpcc_dro,78,40,4,0,0,5,0.006516226891093665,turn_left,0.007866750755636297,0.8283250726387866,0,0,0.38461538461538464,0.9009406336579223,0.15504985084101508
sh_mpcc_dro_straight_o1_c1_m3_boost_30_s40,straight_o1_c1_m3_boost_30_s40,boost_30,sh_mpcc_dro,78,40,4,0,0,5,0.006516226891093665,turn_right,0.005769292333382371,1.1294672751091792,0,1,0.5384615384615384,0.09905936634207768,0.1407813408473056
sh_mpcc_dro_straight_o1_c1_m3_boost_30_s40,straight_o1_c1_m3_boost_30_s40,boost_30,sh_mpcc_dro,78,40,40,0,0,41,0.0024834583275285807,constant_velocity,0.004823577607566218,0.5148581674384282,0,0,0.29411764705882354,0.29411764705882354,0.0
sh_mpcc_dro_straight_o1_c1_m3_boost_30_s40,straight_o1_c1_m3_boost_30_s40,boost_30,sh_mpcc_dro,78,40,40,0,0,41,0.0024834583275285807,turn_left,0.009227548573849765,0.26913522130531287,0,0,0.17647058823529413,0.17647058823529413,0.0
sh_mpcc_dro_straight_o1_c1_m3_boost_30_s40,straight_o1_c1_m3_boost_30_s40,boost_30,sh_mpcc_dro,78,40,40,0,0,41,0.0024834583275285807,turn_right,0.004415732193385171,0.5624114458863325,0,0,0.5294117647058824,0.5294117647058824,0.0
sh_mpcc_dro_straight_o1_c1_m3_boost_30_s40,straight_o1_c1_m3_boost_30_s40,boost_30,sh_mpcc_dro,78,40,41,0,0,42,0.002448704603743598,constant_velocity,0.004869780458213292,0.5028367551177082,0,0,0.28735632183908044,0.28735632183908044,0.0
sh_mpcc_dro_straight_o1_c1_m3_boost_30_s40,straight_o1_c1_m3_boost_30_s40,boost_30,sh_mpcc_dro,78,40,41,0,0,42,0.002448704603743598,turn_left,0.009328834347891436,0.2624877355976495,0,0,0.1724137931034483,0.1724137931034483,0.0
sh_mpcc_dro_straight_o1_c1_m3_boost_30_s40,straight_o1_c1_m3_boost_30_s40,boost_30,sh_mpcc_dro,78,40,41,0,0,42,0.002448704603743598,turn_right,0.004314221108479696,0.5675890368554861,0,0,0.5402298850574713,0.5402298850574713,0.0
sh_mpcc_dro_straight_o1_c1_m3_boost_30_s40,straight_o1_c1_m3_boost_30_s40,boost_30,sh_mpcc_dro,78,40,42,0,0,43,0.0024144028258942496,constant_velocity,0.0049139067762465705,0.49134078765296857,0,0,0.2808988764044944,0.2808988764044944,0.0
sh_mpcc_dro_straight_o1_c1_m3_boost_30_s40,straight_o1_c1_m3_boost_30_s40,boost_30,sh_mpcc_dro,78,40,42,0,0,43,0.0024144028258942496,turn_left,0.00942556795231318,0.25615462517584603,0,0,0.16853932584269662,0.16853932584269662,0.0
sh_mpcc_dro_straight_o1_c1_m3_boost_30_s40,straight_o1_c1_m3_boost_30_s40,boost_30,sh_mpcc_dro,78,40,42,0,0,43,0.0024144028258942496,turn_right,0.004217272319524716,0.5725034199751065,0,0,0.550561797752809,0.550561797752809,0.0
sh_mpcc_dro_straight_o1_c1_m3_boost_30_s40,straight_o1_c1_m3_boost_30_s40,boost_30,sh_mpcc_dro,78,40,43,0,0,44,0.0023806059485686846,constant_velocity,0.004956093475905532,0.4803391945979635,0,0,0.27472527472527475,0.27472527472527475,0.0
sh_mpcc_dro_straight_o1_c1_m3_boost_30_s40,straight_o1_c1_m3_boost_30_s40,boost_30,sh_mpcc_dro,78,40,43,0,0,44,0.0023806059485686846,turn_left,0.00951804953016678,0.25011489392060043,0,0,0.16483516483516483,0.16483516483516483,0.0
sh_mpcc_dro_straight_o1_c1_m3_boost_30_s40,straight_o1_c1_m3_boost_30_s40,boost_30,sh_mpcc_dro,78,40,43,0,0,44,0.0023806059485686846,turn_right,0.004124585015799079,0.5771746586504719,0,0,0.5604395604395604,0.5604395604395604,0.0
sh_mpcc_dro_straight_o1_c1_m3_boost_30_s40,straight_o1_c1_m3_boost_30_s40,boost_30,sh_mpcc_dro,78,40,44,0,0,45,0.0023779137498608593,constant_velocity,0.004996465693859142,0.4759191587732527,0,0,0.26881720430107525,0.26881720430107525,0.0
sh_mpcc_dro_straight_o1_c1_m3_boost_30_s40,straight_o1_c1_m3_boost_30_s40,boost_30,sh_mpcc_dro,78,40,44,0,0,45,0.0023779137498608593,turn_left,0.00931336029295822,0.2553228560972549,0,0,0.1827956989247312,0.1827956989247312,0.0
sh_mpcc_dro_straight_o1_c1_m3_boost_30_s40,straight_o1_c1_m3_boost_30_s40,boost_30,sh_mpcc_dro,78,40,44,0,0,45,0.0023779137498608593,turn_right,0.004329077375559738,0.5492888076534788,0,0,0.5483870967741935,0.5483870967741935,0.0
sh_mpcc_dro_straight_o1_c1_m3_boost_30_s40,straight_o1_c1_m3_boost_30_s40,boost_30,sh_mpcc_dro,78,40,45,0,0,46,0.002342425032524621,constant_velocity,0.0048912769424088514,0.4788984676404411,0,0,0.28421052631578947,0.28421052631578947,0.0
sh_mpcc_dro_straight_o1_c1_m3_boost_30_s40,straight_o1_c1_m3_boost_30_s40,boost_30,sh_mpcc_dro,78,40,45,0,0,46,0.002342425032524621,turn_left,0.009261150636490667,0.2529302377714307,0,0,0.17894736842105263,0.17894736842105263,0.0
sh_mpcc_dro_straight_o1_c1_m3_boost_30_s40,straight_o1_c1_m3_boost_30_s40,boost_30,sh_mpcc_dro,78,40,45,0,0,46,0.002342425032524621,turn_right,0.004381799991036356,0.5345805461948082,0,0,0.5368421052631579,0.5368421052631579,0.0
sh_mpcc_dro_straight_o1_c1_m3_boost_30_s40,straight_o1_c1_m3_boost_30_s40,boost_30,sh_mpcc_dro,78,40,46,0,0,47,0.002312388222865832,constant_velocity,0.004931320750002849,0.46891864068353206,0,0,0.27835051546391754,0.27835051546391754,0.0
sh_mpcc_dro_straight_o1_c1_m3_boost_30_s40,straight_o1_c1_m3_boost_30_s40,boost_30,sh_mpcc_dro,78,40,46,0,0,47,0.002312388222865832,turn_left,0.009351301752122804,0.2472798209448118,0,0,0.17525773195876287,0.17525773195876287,0.0
sh_mpcc_dro_straight_o1_c1_m3_boost_30_s40,straight_o1_c1_m3_boost_30_s40,boost_30,sh_mpcc_dro,78,40,46,0,0,47,0.002312388222865832,turn_right,0.00429145359946859,0.5388356577249663,0,0,0.5463917525773195,0.5463917525773195,0.0
sh_mpcc_dro_straight_o1_c1_m3_boost_30_s40,straight_o1_c1_m3_boost_30_s40,boost_30,sh_mpcc_dro,78,40,47,0,0,48,0.002307969884396149,constant_velocity,0.004969746625977524,0.4644039340621683,0,0,0.2727272727272727,0.2727272727272727,0.0
sh_mpcc_dro_straight_o1_c1_m3_boost_30_s40,straight_o1_c1_m3_boost_30_s40,boost_30,sh_mpcc_dro,78,40,47,0,0,48,0.002307969884396149,turn_left,0.009162386565210569,0.2518961482327621,0,0,0.1919191919191919,0.1919191919191919,0.0
sh_mpcc_dro_straight_o1_c1_m3_boost_30_s40,straight_o1_c1_m3_boost_30_s40,boost_30,sh_mpcc_dro,78,40,47,0,0,48,0.002307969884396149,turn_right,0.0044801814003817865,0.5151509901361296,0,0,0.5353535353535354,0.5353535353535354,0.0
sh_mpcc_dro_straight_o1_c1_m3_boost_30_s40,straight_o1_c1_m3_boost_30_s40,boost_30,sh_mpcc_dro,78,40,48,0,0,49,0.002300503047645046,constant_velocity,0.005006650685080698,0.45948942563544676,0,0,0.26732673267326734,0.26732673267326734,0.0
sh_mpcc_dro_straight_o1_c1_m3_boost_30_s40,straight_o1_c1_m3_boost_30_s40,boost_30,sh_mpcc_dro,78,40,48,0,0,49,0.002300503047645046,turn_left,0.008980953167880331,0.256153551259193,0,0,0.2079207920792079,0.2079207920792079,0.0
sh_mpcc_dro_straight_o1_c1_m3_boost_30_s40,straight_o1_c1_m3_boost_30_s40,boost_30,sh_mpcc_dro,78,40,48,0,0,49,0.002300503047645046,turn_right,0.004661434832941148,0.4935182256304409,0,0,0.5247524752475248,0.5247524752475248,0.0
sh_mpcc_dro_straight_o1_c1_m3_boost_30_s40,straight_o1_c1_m3_boost_30_s40,boost_30,sh_mpcc_dro,78,40,49,0,0,50,0.002273647219169403,constant_velocity,0.005042121576840467,0.4509306617303213,0,0,0.2621359223300971,0.2621359223300971,0.0
sh_mpcc_dro_straight_o1_c1_m3_boost_30_s40,straight_o1_c1_m3_boost_30_s40,boost_30,sh_mpcc_dro,78,40,49,0,0,50,0.002273647219169403,turn_left,0.00907129348975934,0.2506420084121567,0,0,0.20388349514563106,0.20388349514563106,0.0
sh_mpcc_dro_straight_o1_c1_m3_boost_30_s40,straight_o1_c1_m3_boost_30_s40,boost_30,sh_mpcc_dro,78,40,49,0,0,50,0.002273647219169403,turn_right,0.004570921535214004,0.4974154996215559,0,0,0.5339805825242718,0.5339805825242718,0.0
sh_mpcc_dro_straight_o1_c1_m3_boost_30_s40,straight_o1_c1_m3_boost_30_s40,boost_30,sh_mpcc_dro,78,40,5,0,0,6,0.006063416455217098,constant_velocity,0.0054667212885745175,1.1091504642626793,0,1,0.2,0.0,0.11017158977241617
sh_mpcc_dro_straight_o1_c1_m3_boost_30_s40,straight_o1_c1_m3_boost_30_s40,boost_30,sh_mpcc_dro,78,40,5,0,0,6,0.006063416455217098,turn_left,0.0077289708696472005,0.784505021105594,0,0,0.3333333333333333,0.8778335065129919,0.12269226801596239
sh_mpcc_dro_straight_o1_c1_m3_boost_30_s40,straight_o1_c1_m3_boost_30_s40,boost_30,sh_mpcc_dro,78,40,5,0,0,6,0.006063416455217098,turn_right,0.005911173570360456,1.025755103118611,0,1,0.4666666666666667,0.12216649348700823,0.09889602338836295
sh_mpcc_dro_straight_o1_c1_m3_boost_30_s40,straight_o1_c1_m3_boost_30_s40,boost_30,sh_mpcc_dro,78,40,50,0,0,51,0.0022429092104305167,constant_velocity,0.004946081165853227,0.45347197816225127,0,0,0.2761904761904762,0.2761904761904762,0.0
sh_mpcc_dro_straight_o1_c1_m3_boost_30_s40,straight_o1_c1_m3_boost_30_s40,boost_30,sh_mpcc_dro,78,40,50,0,0,51,0.0022429092104305167,turn_left,0.009028666977777672,0.24842085946364026,0,0,0.2,0.2,0.0
sh_mpcc_dro_straight_o1_c1_m3_boost_30_s40,straight_o1_c1_m3_boost_30_s40,boost_30,sh_mpcc_dro,78,40,50,0,0,51,0.0022429092104305167,turn_right,0.004614016393795181,0.4861077679409045,0,0,0.5238095238095238,0.5238095238095238,0.0
sh_mpcc_dro_straight_o1_c1_m3_boost_30_s40,straight_o1_c1_m3_boost_30_s40,boost_30,sh_mpcc_dro,78,40,51,0,0,52,0.0022127376431246753,constant_velocity,0.004853631050603633,0.45589325188808555,0,0,0.2897196261682243,0.2897196261682243,0.0
sh_mpcc_dro_straight_o1_c1_m3_boost_30_s40,straight_o1_c1_m3_boost_30_s40,boost_30,sh_mpcc_dro,78,40,51,0,0,52,0.0022127376431246753,turn_left,0.008987633980262555,0.24619801473713715,0,0,0.19626168224299065,0.19626168224299065,0.0
sh_mpcc_dro_straight_o1_c1_m3_boost_30_s40,straight_o1_c1_m3_boost_30_s40,boost_30,sh_mpcc_dro,78,40,51,0,0,52,0.0022127376431246753,turn_right,0.004655500229625515,0.47529535688642127,0,0,0.514018691588785,0.514018691588785,0.0
sh_mpcc_dro_straight_o1_c1_m3_boost_30_s40,straight_o1_c1_m3_boost_30_s40,boost_30,sh_mpcc_dro,78,40,52,0,0,53,0.0022054172980216892,constant_velocity,0.00488995711592685,0.45100953765801505,0,0,0.28440366972477066,0.28440366972477066,0.0
sh_mpcc_dro_straight_o1_c1_m3_boost_30_s40,straight_o1_c1_m3_boost_30_s40,boost_30,sh_mpcc_dro,78,40,52,0,0,53,0.0022054172980216892,turn_left,0.00882272326502838,0.24997013187113662,0,0,0.21100917431192662,0.21100917431192662,0.0
sh_mpcc_dro_straight_o1_c1_m3_boost_30_s40,straight_o1_c1_m3_boost_30_s40,boost_30,sh_mpcc_dro,78,40,52,0,0,53,0.0022054172980216892,turn_right,0.004820233798708552,0.457533262932717,0,0,0.5045871559633027,0.5045871559633027,0.0
sh_mpcc_dro_straight_o1_c1_m3_boost_30_s40,straight_o1_c1_m3_boost_30_s40,boost_30,sh_mpcc_dro,78,40,53,0,0,54,0.0021961580127386193,constant_velocity,0.004924974133850834,0.44592275066863035,0,0,0.27927927927927926,0.27927927927927926,0.0
sh_mpcc_dro_straight_o1_c1_m3_boost_30_s40,straight_o1_c1_m3_boost_30_s40,boost_30,sh_mpcc_dro,78,40,53,0,0,54,0.0021961580127386193,turn_left,0.008663755278271047,0.25348800170367786,0,0,0.22522522522522523,0.22522522522522523,0.0
sh_mpcc_dro_straight_o1_c1_m3_boost_30_s40,straight_o1_c1_m3_boost_30_s40,boost_30,sh_mpcc_dro,78,40,53,0,0,54,0.0021961580127386193,turn_right,0.004979031022959586,0.4410814077300529,0,0,0.4954954954954955,0.4954954954954955,0.0
sh_mpcc_dro_straight_o1_c1_m3_boost_30_s40,straight_o1_c1_m3_boost_30_s40,boost_30,sh_mpcc_dro,78,40,54,0,0,55,0.002167798179063416,constant_velocity,0.004837806450066254,0.4480952682664119,0,0,0.2920353982300885,0.2920353982300885,0.0
sh_mpcc_dro_straight_o1_c1_m3_boost_30_s40,straight_o1_c1_m3_boost_30_s40,boost_30,sh_mpcc_dro,78,40,54,0,0,55,0.002167798179063416,turn_left,0.008631359638137267,0.2511537312713861,0,0,0.22123893805309736,0.22123893805309736,0.0
sh_mpcc_dro_straight_o1_c1_m3_boost_30_s40,straight_o1_c1_m3_boost_30_s40,boost_30,sh_mpcc_dro,78,40,54,0,0,55,0.002167798179063416,turn_right,0.005011851741327345,0.43253437869837974,0,0,0.48672566371681414,0.48672566371681414,0.0
sh_mpcc_dro_straight_o1_c1_m3_boost_30_s40,straight_o1_c1_m3_boost_30_s40,boost_30,sh_mpcc_dro,78,40,55,0,0,56,0.0021399875445504914,constant_velocity,0.004753670685717276,0.4501758085557395,0,0,0.30434782608695654,0.30434782608695654,0.0
sh_mpcc_dro_straight_o1_c1_m3_boost_30_s40,straight_o1_c1_m3_boost_30_s40,boost_30,sh_mpcc_dro,78,40,55,0,0,56,0.0021399875445504914,turn_left,0.00860009080287781,0.2488331336960299,0,0,0.21739130434782608,0.21739130434782608,0.0
sh_mpcc_dro_straight_o1_c1_m3_boost_30_s40,straight_o1_c1_m3_boost_30_s40,boost_30,sh_mpcc_dro,78,40,55,0,0,56,0.0021399875445504914,turn_right,0.005043530869490673,0.424303449294958,0,0,0.4782608695652174,0.4782608695652174,0.0
sh_mpcc_dro_straight_o1_c1_m3_boost_30_s40,straight_o1_c1_m3_boost_30_s40,boost_30,sh_mpcc_dro,78,40,56,0,0,57,0.002119944907140612,constant_velocity,0.004789221641700206,0.44264915381699005,0,0,0.29914529914529914,0.29914529914529914,0.0
sh_mpcc_dro_straight_o1_c1_m3_boost_30_s40,straight_o1_c1_m3_boost_30_s40,boost_30,sh_mpcc_dro,78,40,56,0,0,57,0.002119944907140612,turn_left,0.008686131639489315,0.24406087716916644,0,0,0.21367521367521367,0.21367521367521367,0.0
sh_mpcc_dro_straight_o1_c1_m3_boost_30_s40,straight_o1_c1_m3_boost_30_s40,boost_30,sh_mpcc_dro,78,40,56,0,0,57,0.002119944907140612,turn_right,0.004957316666593396,0.4276395981371533,0,0,0.48717948717948717,0.48717948717948717,0.0
sh_mpcc_dro_straight_o1_c1_m3_boost_30_s40,straight_o1_c1_m3_boost_30_s40,boost_30,sh_mpcc_dro,78,40,57,0,0,58,0.002099936066135068,constant_velocity,0.004823577607565687,0.4353482491587488,0,0,0.29411764705882354,0.29411764705882354,0.0
sh_mpcc_dro_straight_o1_c1_m3_boost_30_s40,straight_o1_c1_m3_boost_30_s40,boost_30,sh_mpcc_dro,78,40,57,0,0,58,0.002099936066135068,turn_left,0.008769280347139245,0.23946503966201957,0,0,0.21008403361344538,0.21008403361344538,0.0
sh_mpcc_dro_straight_o1_c1_m3_boost_30_s40,straight_o1_c1_m3_boost_30_s40,boost_30,sh_mpcc_dro,78,40,57,0,0,58,0.002099936066135068,turn_right,0.004874000420095699,0.4308444573531318,0,0,0.4957983193277311,0.4957983193277311,0.0
sh_mpcc_dro_straight_o1_c1_m3_boost_30_s40,straight_o1_c1_m3_boost_30_s40,boost_30,sh_mpcc_dro,78,40,58,0,0,59,0.0020922633814693956,constant_velocity,0.004856797839022947,0.4307907083672853,0,0,0.2892561983471074,0.2892561983471074,0.0
sh_mpcc_dro_straight_o1_c1_m3_boost_30_s40,straight_o1_c1_m3_boost_30_s40,boost_30,sh_mpcc_dro,78,40,58,0,0,59,0.0020922633814693956,turn_left,0.008624333564541946,0.24260000680765872,0,0,0.2231404958677686,0.2231404958677686,0.0
sh_mpcc_dro_straight_o1_c1_m3_boost_30_s40,straight_o1_c1_m3_boost_30_s40,boost_30,sh_mpcc_dro,78,40,58,0,0,59,0.0020922633814693956,turn_right,0.005018785202319921,0.4168864171557396,0,0,0.48760330578512395,0.48760330578512395,0.0
sh_mpcc_dro_straight_o1_c1_m3_boost_30_s40,straight_o1_c1_m3_boost_30_s40,boost_30,sh_mpcc_dro,78,40,59,0,0,60,0.002083269287762398,constant_velocity,0.004888937737749522,0.426119005704779,0,0,0.2845528455284553,0.2845528455284553,0.0
sh_mpcc_dro_straight_o1_c1_m3_boost_30_s40,straight_o1_c1_m3_boost_30_s40,boost_30,sh_mpcc_dro,78,40,59,0,0,60,0.002083269287762398,turn_left,0.008484100498451774,0.24554981263394565,0,0,0.23577235772357724,0.23577235772357724,0.0
sh_mpcc_dro_straight_o1_c1_m3_boost_30_s40,straight_o1_c1_m3_boost_30_s40,boost_30,sh_mpcc_dro,78,40,59,0,0,60,0.002083269287762398,turn_right,0.00515886153634138,0.40382345466861175,0,0,0.4796747967479675,0.4796747967479675,0.0
sh_mpcc_dro_straight_o1_c1_m3_boost_30_s40,straight_o1_c1_m3_boost_30_s40,boost_30,sh_mpcc_dro,78,40,6,0,0,7,0.005952434075629962,constant_velocity,0.005627507208826706,1.057739040528213,0,1,0.17647058823529413,0.0,0.14211273101046742
sh_mpcc_dro_straight_o1_c1_m3_boost_30_s40,straight_o1_c1_m3_boost_30_s40,boost_30,sh_mpcc_dro,78,40,6,0,0,7,0.005952434075629962,turn_left,0.008423618972588766,0.7066361969837112,0,0,0.29411764705882354,0.8187414406854974,0.15635263521448878
sh_mpcc_dro_straight_o1_c1_m3_boost_30_s40,straight_o1_c1_m3_boost_30_s40,boost_30,sh_mpcc_dro,78,40,6,0,0,7,0.005952434075629962,turn_right,0.005215741385612168,1.14124409849959,0,1,0.5294117647058824,0.18125855931450274,0.12874458417111218
sh_mpcc_dro_straight_o1_c1_m3_boost_30_s40,straight_o1_c1_m3_boost_30_s40,boost_30,sh_mpcc_dro,78,40,7,0,0,8,0.005741976278891795,constant_velocity,0.005754443461657469,0.9978334685450045,0,0,0.15789473684210525,0.0,0.0944614291459597
sh_mpcc_dro_straight_o1_c1_m3_boost_30_s40,straight_o1_c1_m3_boost_30_s40,boost_30,sh_mpcc_dro,78,40,7,0,0,8,0.005741976278891795,turn_left,0.008972025369647918,0.639986629810112,0,0,0.2631578947368421,0.7630796281467668,0.1097698343679277
sh_mpcc_dro_straight_o1_c1_m3_boost_30_s40,straight_o1_c1_m3_boost_30_s40,boost_30,sh_mpcc_dro,78,40,7,0,0,8,0.005741976278891795,turn_right,0.004666715976600384,1.2304104873069046,0,1,0.5789473684210527,0.23692037185323322,0.07965340166807483
sh_mpcc_dro_straight_o1_c1_m3_boost_30_s40,straight_o1_c1_m3_boost_30_s40,boost_30,sh_mpcc_dro,78,40,8,0,0,9,0.005494119627440356,constant_velocity,0.005857201380615729,0.9380110517666366,0,0,0.14285714285714285,0.0,0.03912903437575835
sh_mpcc_dro_straight_o1_c1_m3_boost_30_s40,straight_o1_c1_m3_boost_30_s40,boost_30,sh_mpcc_dro,78,40,8,0,0,9,0.005494119627440356,turn_left,0.009415973405362408,0.583489288989649,0,0,0.23809523809523808,0.7123365530021109,0.05500034171147086
sh_mpcc_dro_straight_o1_c1_m3_boost_30_s40,straight_o1_c1_m3_boost_30_s40,boost_30,sh_mpcc_dro,78,40,8,0,0,9,0.005494119627440356,turn_right,0.004222266835971785,1.301225109846911,0,1,0.6190476190476191,0.28766344699788926,0.02341125271985761
sh_mpcc_dro_straight_o1_c1_m3_boost_30_s40,straight_o1_c1_m3_boost_30_s40,boost_30,sh_mpcc_dro,78,40,9,0,0,10,0.005238256523103804,constant_velocity,0.005942088357146277,0.8815514358355163,0,0,0.13043478260869565,0.0,0.009730595591055047
sh_mpcc_dro_straight_o1_c1_m3_boost_30_s40,straight_o1_c1_m3_boost_30_s40,boost_30,sh_mpcc_dro,78,40,9,0,0,10,0.005238256523103804,turn_left,0.009782713087039563,0.5354605083985962,0,0,0.21739130434782608,0.6666693574163294,0.018546068093754697
sh_mpcc_dro_straight_o1_c1_m3_boost_30_s40,straight_o1_c1_m3_boost_30_s40,boost_30,sh_mpcc_dro,78,40,9,0,0,10,0.005238256523103804,turn_right,0.0038551131980611502,1.358781507567217,0,1,0.6521739130434783,0.3333306425836705,0.004139974596619009
sh_mpcc_dro_straight_o1_c1_m3_boost_5_s40,straight_o1_c1_m3_boost_5_s40,boost_5,sh_mpcc_dro,77,40,0,0,0,1,0.011963274961003129,constant_velocity,0.00483024894963133,2.4767408648608535,0,1,0.6,0.6,0.0
sh_mpcc_dro_straight_o1_c1_m3_boost_5_s40,straight_o1_c1_m3_boost_5_s40,boost_5,sh_mpcc_dro,77,40,0,0,0,1,0.011963274961003129,turn_left,0.012063905147453782,0.9916585728070075,0,0,0.2,0.2,0.0
sh_mpcc_dro_straight_o1_c1_m3_boost_5_s40,straight_o1_c1_m3_boost_5_s40,boost_5,sh_mpcc_dro,77,40,0,0,0,1,0.011963274961003129,turn_right,0.012063905147453782,0.9916585728070075,0,0,0.2,0.2,0.0
sh_mpcc_dro_straight_o1_c1_m3_boost_5_s40,straight_o1_c1_m3_boost_5_s40,boost_5,sh_mpcc_dro,77,40,1,0,0,2,0.010964904464789899,constant_velocity,0.0034501778211652352,3.1780693729828395,0,1,0.7142857142857143,0.7142857142857143,0.0
sh_mpcc_dro_straight_o1_c1_m3_boost_5_s40,straight_o1_c1_m3_boost_5_s40,boost_5,sh_mpcc_dro,77,40,1,0,0,2,0.010964904464789899,turn_left,0.012067252926489365,0.9086495933735131,0,0,0.14285714285714285,0.14285714285714285,0.0
sh_mpcc_dro_straight_o1_c1_m3_boost_5_s40,straight_o1_c1_m3_boost_5_s40,boost_5,sh_mpcc_dro,77,40,1,0,0,2,0.010964904464789899,turn_right,0.012067252926489365,0.9086495933735131,0,0,0.14285714285714285,0.14285714285714285,0.0
sh_mpcc_dro_straight_o1_c1_m3_boost_5_s40,straight_o1_c1_m3_boost_5_s40,boost_5,sh_mpcc_dro,77,40,10,0,0,11,0.008355547856462375,constant_velocity,0.007728398319410103,1.081148707808857,0,1,0.36,0.0,0.010094237207024709
sh_mpcc_dro_straight_o1_c1_m3_boost_5_s40,straight_o1_c1_m3_boost_5_s40,boost_5,sh_mpcc_dro,77,40,10,0,0,11,0.008355547856462375,turn_left,0.014947993845283199,0.5589745314953382,0,0,0.2,0.03362883001658649,0.0
sh_mpcc_dro_straight_o1_c1_m3_boost_5_s40,straight_o1_c1_m3_boost_5_s40,boost_5,sh_mpcc_dro,77,40,10,0,0,11,0.008355547856462375,turn_right,0.009165755777675005,0.911604897526721,0,0,0.44,0.9663711699834135,0.032425993027731304
sh_mpcc_dro_straight_o1_c1_m3_boost_5_s40,straight_o1_c1_m3_boost_5_s40,boost_5,sh_mpcc_dro,77,40,11,0,0,12,0.008132852275677605,constant_velocity,0.008050414916052111,1.0102401379910393,0,1,0.3333333333333333,0.0,0.0
sh_mpcc_dro_straight_o1_c1_m3_boost_5_s40,straight_o1_c1_m3_boost_5_s40,boost_5,sh_mpcc_dro,77,40,11,0,0,12,0.008132852275677605,turn_left,0.015625376420820247,0.5204900065537541,0,0,0.18518518518518517,0.014691555433242685,0.0
sh_mpcc_dro_straight_o1_c1_m3_boost_5_s40,straight_o1_c1_m3_boost_5_s40,boost_5,sh_mpcc_dro,77,40,11,0,0,12,0.008132852275677605,turn_right,0.00848681090525457,0.9582930934212505,0,0,0.48148148148148145,0.9853084445667574,0.0014083182262309701
sh_mpcc_dro_straight_o1_c1_m3_boost_5_s40,straight_o1_c1_m3_boost_5_s40,boost_5,sh_mpcc_dro,77,40,12,0,0,13,0.0076924718827685425,constant_velocity,0.007495213887358944,1.0263178607540853,0,1,0.3793103448275862,0.08627656856442911,0.024623933005491566
sh_mpcc_dro_straight_o1_c1_m3_boost_5_s40,straight_o1_c1_m3_boost_5_s40,boost_5,sh_mpcc_dro,77,40,12,0,0,13,0.0076924718827685425,turn_left,0.015380565796907072,0.5001423214427811,0,0,0.1724137931034483,0.0,0.0027083628090482648
sh_mpcc_dro_straight_o1_c1_m3_boost_5_s40,straight_o1_c1_m3_boost_5_s40,boost_5,sh_mpcc_dro,77,40,12,0,0,13,0.0076924718827685425,turn_right,0.008734315144483862,0.8807183798064244,0,0,0.4482758620689655,0.9137234314355709,0.04500868773823538
sh_mpcc_dro_straight_o1_c1_m3_boost_5_s40,straight_o1_c1_m3_boost_5_s40,boost_5,sh_mpcc_dro,77,40,13,0,0,14,0.0074551088037347725,constant_velocity,0.0077907241123085745,0.9569211662824046,0,0,0.3548387096774194,0.3548387096774194,0.0
sh_mpcc_dro_straight_o1_c1_m3_boost_5_s40,straight_o1_c1_m3_boost_5_s40,boost_5,sh_mpcc_dro,77,40,13,0,0,14,0.0074551088037347725,turn_left,0.014388271229364678,0.5181379114205061,0,0,0.22580645161290322,0.22580645161290322,0.0
sh_mpcc_dro_straight_o1_c1_m3_boost_5_s40,straight_o1_c1_m3_boost_5_s40,boost_5,sh_mpcc_dro,77,40,13,0,0,14,0.0074551088037347725,turn_right,0.009725176013551617,0.7665782905467621,0,0,0.41935483870967744,0.41935483870967744,0.0
sh_mpcc_dro_straight_o1_c1_m3_boost_5_s40,straight_o1_c1_m3_boost_5_s40,boost_5,sh_mpcc_dro,77,40,14,0,0,15,0.007301013070078165,constant_velocity,0.008050414916052106,0.9069114009913113,0,0,0.3333333333333333,0.3333333333333333,0.0
sh_mpcc_dro_straight_o1_c1_m3_boost_5_s40,straight_o1_c1_m3_boost_5_s40,boost_5,sh_mpcc_dro,77,40,14,0,0,15,0.007301013070078165,turn_left,0.014976415919405179,0.4875006883735198,0,0,0.21212121212121213,0.21212121212121213,0.0
sh_mpcc_dro_straight_o1_c1_m3_boost_5_s40,straight_o1_c1_m3_boost_5_s40,boost_5,sh_mpcc_dro,77,40,14,0,0,15,0.007301013070078165,turn_right,0.009135771406669616,0.7991676613917927,0,0,0.45454545454545453,0.45454545454545453,0.0
sh_mpcc_dro_straight_o1_c1_m3_boost_5_s40,straight_o1_c1_m3_boost_5_s40,boost_5,sh_mpcc_dro,77,40,15,0,0,16,0.007079570989082273,constant_velocity,0.008280426770796536,0.8549765833387417,0,0,0.3142857142857143,0.0,0.0
sh_mpcc_dro_straight_o1_c1_m3_boost_5_s40,straight_o1_c1_m3_boost_5_s40,boost_5,sh_mpcc_dro,77,40,15,0,0,16,0.007079570989082273,turn_left,0.014120620724010657,0.5013640071108343,0,0,0.2571428571428571,0.12082019394988604,0.0
sh_mpcc_dro_straight_o1_c1_m3_boost_5_s40,straight_o1_c1_m3_boost_5_s40,boost_5,sh_mpcc_dro,77,40,15,0,0,16,0.007079570989082273,turn_right,0.009990450675719086,0.7086337962999556,0,0,0.42857142857142855,0.8791798060501139,0.004844902086871328
sh_mpcc_dro_straight_o1_c1_m3_boost_5_s40,straight_o1_c1_m3_boost_5_s40,boost_5,sh_mpcc_dro,77,40,16,0,0,17,0.006944120787463483,constant_velocity,0.008485572479081941,0.8183444080622326,0,0,0.2972972972972973,0.0,0.1549780904623347
sh_mpcc_dro_straight_o1_c1_m3_boost_5_s40,straight_o1_c1_m3_boost_5_s40,boost_5,sh_mpcc_dro,77,40,16,0,0,17,0.006944120787463483,turn_left,0.014659649799201042,0.47368940476613164,0,0,0.24324324324324326,0.10402776909983218,0.13701164749369715
sh_mpcc_dro_straight_o1_c1_m3_boost_5_s40,straight_o1_c1_m3_boost_5_s40,boost_5,sh_mpcc_dro,77,40,16,0,0,17,0.006944120787463483,turn_right,0.00945042631486932,0.7347944480068153,0,0,0.4594594594594595,0.8959722309001679,0.17559383738072515
sh_mpcc_dro_straight_o1_c1_m3_boost_5_s40,straight_o1_c1_m3_boost_5_s40,boost_5,sh_mpcc_dro,77,40,17,0,0,18,0.0066748303499437325,constant_velocity,0.008050414916052177,0.8291287367852819,0,0,0.3333333333333333,0.0,0.14752335847973233
sh_mpcc_dro_straight_o1_c1_m3_boost_5_s40,straight_o1_c1_m3_boost_5_s40,boost_5,sh_mpcc_dro,77,40,17,0,0,18,0.0066748303499437325,turn_left,0.01452713557227172,0.45947326069456773,0,0,0.23076923076923078,0.12079287098865221,0.1274303615372906
sh_mpcc_dro_straight_o1_c1_m3_boost_5_s40,straight_o1_c1_m3_boost_5_s40,boost_5,sh_mpcc_dro,77,40,17,0,0,18,0.0066748303499437325,turn_right,0.009585051753803184,0.6963791663717699,0,0,0.4358974358974359,0.8792071290113478,0.17001414436373602
sh_mpcc_dro_straight_o1_c1_m3_boost_5_s40,straight_o1_c1_m3_boost_5_s40,boost_5,sh_mpcc_dro,77,40,18,0,0,19,0.006545738672797792,constant_velocity,0.008246766499370523,0.7937339650998279,0,0,0.3170731707317073,0.0,0.14568099649981528
sh_mpcc_dro_straight_o1_c1_m3_boost_5_s40,straight_o1_c1_m3_boost_5_s40,boost_5,sh_mpcc_dro,77,40,18,0,0,19,0.006545738672797792,turn_left,0.01499374645240647,0.43656458334649323,0,0,0.21951219512195122,0.10674411744725722,0.12328396344492326
sh_mpcc_dro_straight_o1_c1_m3_boost_5_s40,straight_o1_c1_m3_boost_5_s40,boost_5,sh_mpcc_dro,77,40,18,0,0,19,0.006545738672797792,turn_right,0.009117488253617663,0.7179322298770777,0,0,0.4634146341463415,0.8932558825527428,0.17012707864982507
sh_mpcc_dro_straight_o1_c1_m3_boost_5_s40,straight_o1_c1_m3_boost_5_s40,boost_5,sh_mpcc_dro,77,40,19,0,0,20,0.006311258179864778,constant_velocity,0.007863195964516066,0.8026326964691385,0,0,0.3488372093023256,0.0,0.046220490385234264
sh_mpcc_dro_straight_o1_c1_m3_boost_5_s40,straight_o1_c1_m3_boost_5_s40,boost_5,sh_mpcc_dro,77,40,19,0,0,20,0.006311258179864778,turn_left,0.014858019751088905,0.42477115292582934,0,0,0.20930232558139536,0.12218733325784532,0.02057032176346235
sh_mpcc_dro_straight_o1_c1_m3_boost_5_s40,straight_o1_c1_m3_boost_5_s40,boost_5,sh_mpcc_dro,77,40,19,0,0,20,0.006311258179864778,turn_right,0.00925507588712745,0.6819239795367728,0,0,0.4418604651162791,0.8778126667421547,0.07322144424576449
sh_mpcc_dro_straight_o1_c1_m3_boost_5_s40,straight_o1_c1_m3_boost_5_s40,boost_5,sh_mpcc_dro,77,40,2,0,0,3,0.01225787900639368,constant_velocity,0.005366943277368143,2.283959112831305,0,1,0.5555555555555556,0.5555555555555556,0.0
sh_mpcc_dro_straight_o1_c1_m3_boost_5_s40,straight_o1_c1_m3_boost_5_s40,boost_5,sh_mpcc_dro,77,40,2,0,0,3,0.01225787900639368,turn_left,0.014739565301721491,0.831630971163175,0,0,0.1111111111111111,0.1111111111111111,0.0
sh_mpcc_dro_straight_o1_c1_m3_boost_5_s40,straight_o1_c1_m3_boost_5_s40,boost_5,sh_mpcc_dro,77,40,2,0,0,3,0.01225787900639368,turn_right,0.009385641165047285,1.306024680769044,0,1,0.3333333333333333,0.3333333333333333,0.0
sh_mpcc_dro_straight_o1_c1_m3_boost_5_s40,straight_o1_c1_m3_boost_5_s40,boost_5,sh_mpcc_dro,77,40,20,0,0,21,0.006182773485189619,constant_velocity,0.008050414916052167,0.7680068107870373,0,0,0.3333333333333333,0.0,0.0
sh_mpcc_dro_straight_o1_c1_m3_boost_5_s40,straight_o1_c1_m3_boost_5_s40,boost_5,sh_mpcc_dro,77,40,20,0,0,21,0.006182773485189619,turn_left,0.01419766331770717,0.4354782436260854,0,0,0.24444444444444444,0.15489160340525776,0.0
sh_mpcc_dro_straight_o1_c1_m3_boost_5_s40,straight_o1_c1_m3_boost_5_s40,boost_5,sh_mpcc_dro,77,40,20,0,0,21,0.006182773485189619,turn_right,0.009914524008367752,0.6236076971492958,0,0,0.4222222222222222,0.8451083965947422,0.005767877594579807
sh_mpcc_dro_straight_o1_c1_m3_boost_5_s40,straight_o1_c1_m3_boost_5_s40,boost_5,sh_mpcc_dro,77,40,21,0,0,22,0.006043003304307255,constant_velocity,0.00822170033979797,0.7350065138053606,0,0,0.3191489361702128,0.3191489361702128,0.0
sh_mpcc_dro_straight_o1_c1_m3_boost_5_s40,straight_o1_c1_m3_boost_5_s40,boost_5,sh_mpcc_dro,77,40,21,0,0,22,0.006043003304307255,turn_left,0.013593507431847271,0.444550704415663,0,0,0.2765957446808511,0.2765957446808511,0.0
sh_mpcc_dro_straight_o1_c1_m3_boost_5_s40,straight_o1_c1_m3_boost_5_s40,boost_5,sh_mpcc_dro,77,40,21,0,0,22,0.006043003304307255,turn_right,0.010517848885247172,0.5745474545449549,0,0,0.40425531914893614,0.40425531914893614,0.0
sh_mpcc_dro_straight_o1_c1_m3_boost_5_s40,straight_o1_c1_m3_boost_5_s40,boost_5,sh_mpcc_dro,77,40,22,0,0,23,0.005898301071368409,constant_velocity,0.008379003279972593,0.7039382697780376,0,0,0.30612244897959184,0.0,0.0
sh_mpcc_dro_straight_o1_c1_m3_boost_5_s40,straight_o1_c1_m3_boost_5_s40,boost_5,sh_mpcc_dro,77,40,22,0,0,23,0.005898301071368409,turn_left,0.013038670393812624,0.45236982707741363,0,0,0.30612244897959184,0.2147385128004186,0.0
sh_mpcc_dro_straight_o1_c1_m3_boost_5_s40,straight_o1_c1_m3_boost_5_s40,boost_5,sh_mpcc_dro,77,40,22,0,0,23,0.005898301071368409,turn_right,0.011071922751768994,0.5327259956204102,0,0,0.3877551020408163,0.7852614871995814,0.02006639109798547
sh_mpcc_dro_straight_o1_c1_m3_boost_5_s40,straight_o1_c1_m3_boost_5_s40,boost_5,sh_mpcc_dro,77,40,23,0,0,24,0.005831176120806209,constant_velocity,0.008523968734643523,0.68409168338533,0,0,0.29411764705882354,0.29411764705882354,0.022018741142765003
sh_mpcc_dro_straight_o1_c1_m3_boost_5_s40,straight_o1_c1_m3_boost_5_s40,boost_5,sh_mpcc_dro,77,40,23,0,0,24,0.005831176120806209,turn_left,0.013472160127978142,0.43283156267541584,0,0,0.29411764705882354,0.05208640368381762,0.0
sh_mpcc_dro_straight_o1_c1_m3_boost_5_s40,straight_o1_c1_m3_boost_5_s40,boost_5,sh_mpcc_dro,77,40,23,0,0,24,0.005831176120806209,turn_right,0.010637729702680102,0.548159831447596,0,0,0.4117647058823529,0.6537959492573588,0.04412482899475578
sh_mpcc_dro_straight_o1_c1_m3_boost_5_s40,straight_o1_c1_m3_boost_5_s40,boost_5,sh_mpcc_dro,77,40,24,0,0,25,0.005699568942101938,constant_velocity,0.008657993400282447,0.6583013729158077,0,0,0.2830188679245283,0.2830188679245283,0.0
sh_mpcc_dro_straight_o1_c1_m3_boost_5_s40,straight_o1_c1_m3_boost_5_s40,boost_5,sh_mpcc_dro,77,40,24,0,0,25,0.005699568942101938,turn_left,0.012963776726922387,0.43965343295873166,0,0,0.32075471698113206,0.32075471698113206,0.0
sh_mpcc_dro_straight_o1_c1_m3_boost_5_s40,straight_o1_c1_m3_boost_5_s40,boost_5,sh_mpcc_dro,77,40,24,0,0,25,0.005699568942101938,turn_right,0.011145462869183935,0.5113801920116448,0,0,0.39622641509433965,0.39622641509433965,0.0
sh_mpcc_dro_straight_o1_c1_m3_boost_5_s40,straight_o1_c1_m3_boost_5_s40,boost_5,sh_mpcc_dro,77,40,25,0,0,26,0.005636399583209057,constant_velocity,0.008782270817511506,0.641792959967745,0,0,0.2727272727272727,0.0,0.007087066374354259
sh_mpcc_dro_straight_o1_c1_m3_boost_5_s40,straight_o1_c1_m3_boost_5_s40,boost_5,sh_mpcc_dro,77,40,25,0,0,26,0.005636399583209057,turn_left,0.013368463341035511,0.4216191075534988,0,0,0.3090909090909091,0.2118393743358305,0.0
sh_mpcc_dro_straight_o1_c1_m3_boost_5_s40,straight_o1_c1_m3_boost_5_s40,boost_5,sh_mpcc_dro,77,40,25,0,0,26,0.005636399583209057,turn_right,0.0107401733103046,0.5247959618865037,0,0,0.41818181818181815,0.7881606256641694,0.01769788356291367
sh_mpcc_dro_straight_o1_c1_m3_boost_5_s40,straight_o1_c1_m3_boost_5_s40,boost_5,sh_mpcc_dro,77,40,26,0,0,27,0.0055659348544108995,constant_velocity,0.008897827012478631,0.6255386676550391,0,0,0.2631578947368421,0.0,0.0015259990289430703
sh_mpcc_dro_straight_o1_c1_m3_boost_5_s40,straight_o1_c1_m3_boost_5_s40,boost_5,sh_mpcc_dro,77,40,26,0,0,27,0.0055659348544108995,turn_left,0.013744750894509161,0.40494985301148045,0,0,0.2982456140350877,0.19912249396061033,0.0
sh_mpcc_dro_straight_o1_c1_m3_boost_5_s40,straight_o1_c1_m3_boost_5_s40,boost_5,sh_mpcc_dro,77,40,26,0,0,27,0.0055659348544108995,turn_right,0.010363325123978044,0.5370800189924343,0,0,0.43859649122807015,0.8008775060393896,0.007073409969261021
sh_mpcc_dro_straight_o1_c1_m3_boost_5_s40,straight_o1_c1_m3_boost_5_s40,boost_5,sh_mpcc_dro,77,40,27,0,0,28,0.005490361631353532,constant_velocity,0.009005548889143115,0.6096642968617478,0,0,0.2542372881355932,0.2542372881355932,0.0
sh_mpcc_dro_straight_o1_c1_m3_boost_5_s40,straight_o1_c1_m3_boost_5_s40,boost_5,sh_mpcc_dro,77,40,27,0,0,28,0.005490361631353532,turn_left,0.014095527427408381,0.3895109040529884,0,0,0.288135593220339,0.288135593220339,0.0
sh_mpcc_dro_straight_o1_c1_m3_boost_5_s40,straight_o1_c1_m3_boost_5_s40,boost_5,sh_mpcc_dro,77,40,27,0,0,28,0.005490361631353532,turn_right,0.01001202596723311,0.5483766871282726,0,0,0.4576271186440678,0.4576271186440678,0.0
sh_mpcc_dro_straight_o1_c1_m3_boost_5_s40,straight_o1_c1_m3_boost_5_s40,boost_5,sh_mpcc_dro,77,40,28,0,0,29,0.005392239058260063,constant_velocity,0.009106207036190158,0.5921498420615813,0,0,0.2459016393442623,0.2459016393442623,0.0
sh_mpcc_dro_straight_o1_c1_m3_boost_5_s40,straight_o1_c1_m3_boost_5_s40,boost_5,sh_mpcc_dro,77,40,28,0,0,29,0.005392239058260063,turn_left,0.013633378987165504,0.3955174328635865,0,0,0.3114754098360656,0.3114754098360656,0.0
sh_mpcc_dro_straight_o1_c1_m3_boost_5_s40,straight_o1_c1_m3_boost_5_s40,boost_5,sh_mpcc_dro,77,40,28,0,0,29,0.005392239058260063,turn_right,0.010473686054046258,0.5148368043910291,0,0,0.4426229508196721,0.4426229508196721,0.0
sh_mpcc_dro_straight_o1_c1_m3_boost_5_s40,straight_o1_c1_m3_boost_5_s40,boost_5,sh_mpcc_dro,77,40,29,0,0,30,0.0052923946974037465,constant_velocity,0.009200474189773919,0.5752306444472288,0,0,0.23809523809523808,0.23809523809523808,0.0
sh_mpcc_dro_straight_o1_c1_m3_boost_5_s40,straight_o1_c1_m3_boost_5_s40,boost_5,sh_mpcc_dro,77,40,29,0,0,30,0.0052923946974037465,turn_left,0.013200573305033245,0.4009215793215443,0,0,0.3333333333333333,0.3333333333333333,0.0
sh_mpcc_dro_straight_o1_c1_m3_boost_5_s40,straight_o1_c1_m3_boost_5_s40,boost_5,sh_mpcc_dro,77,40,29,0,0,30,0.0052923946974037465,turn_right,0.01090603438931571,0.4852721446200953,0,0,0.42857142857142855,0.42857142857142855,0.0
sh_mpcc_dro_straight_o1_c1_m3_boost_5_s40,straight_o1_c1_m3_boost_5_s40,boost_5,sh_mpcc_dro,77,40,3,0,0,4,0.012332083864118512,constant_velocity,0.0065867031131335435,1.872269578923176,0,1,0.45454545454545453,0.0,0.05740134803845173
sh_mpcc_dro_straight_o1_c1_m3_boost_5_s40,straight_o1_c1_m3_boost_5_s40,boost_5,sh_mpcc_dro,77,40,3,0,0,4,0.012332083864118512,turn_left,0.016440127722323672,0.7501209280371379,0,0,0.09090909090909091,0.0,0.054239907956711575
sh_mpcc_dro_straight_o1_c1_m3_boost_5_s40,straight_o1_c1_m3_boost_5_s40,boost_5,sh_mpcc_dro,77,40,3,0,0,4,0.012332083864118512,turn_right,0.0076791609532204375,1.6059155341635027,0,1,0.45454545454545453,0.9999999999999999,0.06411703344146896
sh_mpcc_dro_straight_o1_c1_m3_boost_5_s40,straight_o1_c1_m3_boost_5_s40,boost_5,sh_mpcc_dro,77,40,30,0,0,31,0.0051921713007775675,constant_velocity,0.009288940287752425,0.5589627169445265,0,0,0.23076923076923078,0.0,0.07880841505695382
sh_mpcc_dro_straight_o1_c1_m3_boost_5_s40,straight_o1_c1_m3_boost_5_s40,boost_5,sh_mpcc_dro,77,40,30,0,0,31,0.0051921713007775675,turn_left,0.012794401818724465,0.40581586965471744,0,0,0.35384615384615387,0.25400290894370814,0.052622572578604976
sh_mpcc_dro_straight_o1_c1_m3_boost_5_s40,straight_o1_c1_m3_boost_5_s40,boost_5,sh_mpcc_dro,77,40,30,0,0,31,0.0051921713007775675,turn_right,0.011311776673183883,0.4590058176348479,0,0,0.4153846153846154,0.7459970910562919,0.106182224958209
sh_mpcc_dro_straight_o1_c1_m3_boost_5_s40,straight_o1_c1_m3_boost_5_s40,boost_5,sh_mpcc_dro,77,40,31,0,0,32,0.005084284308718301,constant_velocity,0.009011658488118145,0.5641896345075571,0,0,0.2537313432835821,0.0,0.03148571939522107
sh_mpcc_dro_straight_o1_c1_m3_boost_5_s40,straight_o1_c1_m3_boost_5_s40,boost_5,sh_mpcc_dro,77,40,31,0,0,32,0.005084284308718301,turn_left,0.012772945715899183,0.39805103864096236,0,0,0.34328358208955223,0.25942731470786046,0.003377799249874802
sh_mpcc_dro_straight_o1_c1_m3_boost_5_s40,straight_o1_c1_m3_boost_5_s40,boost_5,sh_mpcc_dro,77,40,31,0,0,32,0.005084284308718301,turn_right,0.011334578037389752,0.44856405698973545,0,0,0.40298507462686567,0.7405726852921395,0.059989047084128944
sh_mpcc_dro_straight_o1_c1_m3_boost_5_s40,straight_o1_c1_m3_boost_5_s40,boost_5,sh_mpcc_dro,77,40,32,0,0,33,0.005036291919390324,constant_velocity,0.009100469035537283,0.5534101483916523,0,0,0.2463768115942029,0.4955725555010898,0.06010513906996348
sh_mpcc_dro_straight_o1_c1_m3_boost_5_s40,straight_o1_c1_m3_boost_5_s40,boost_5,sh_mpcc_dro,77,40,32,0,0,33,0.005036291919390324,turn_left,0.013101053336163957,0.38441885474110826,0,0,0.3333333333333333,0.0,0.031025974184688443
sh_mpcc_dro_straight_o1_c1_m3_boost_5_s40,straight_o1_c1_m3_boost_5_s40,boost_5,sh_mpcc_dro,77,40,32,0,0,33,0.005036291919390324,turn_right,0.011006039543552367,0.45759347851341486,0,0,0.42028985507246375,0.5044274444989102,0.08873622067035997
sh_mpcc_dro_straight_o1_c1_m3_boost_5_s40,straight_o1_c1_m3_boost_5_s40,boost_5,sh_mpcc_dro,77,40,33,0,0,34,0.004935402613572152,constant_velocity,0.00884411779509949,0.5580435186318808,0,0,0.2676056338028169,0.5063717810696686,0.08949836766871813
sh_mpcc_dro_straight_o1_c1_m3_boost_5_s40,straight_o1_c1_m3_boost_5_s40,boost_5,sh_mpcc_dro,77,40,33,0,0,34,0.004935402613572152,turn_left,0.013072167956950296,0.3775504285001222,0,0,0.323943661971831,0.0,0.06042146239841595
sh_mpcc_dro_straight_o1_c1_m3_boost_5_s40,straight_o1_c1_m3_boost_5_s40,boost_5,sh_mpcc_dro,77,40,33,0,0,34,0.004935402613572152,turn_right,0.011036168637369927,0.44720253701635415,0,0,0.4084507042253521,0.49362821893033143,0.11706958971140058
sh_mpcc_dro_straight_o1_c1_m3_boost_5_s40,straight_o1_c1_m3_boost_5_s40,boost_5,sh_mpcc_dro,77,40,34,0,0,35,0.004887366081879465,constant_velocity,0.0089326521671263,0.547134937131641,0,0,0.2602739726027397,0.4852438827990112,0.0998906308889648
sh_mpcc_dro_straight_o1_c1_m3_boost_5_s40,straight_o1_c1_m3_boost_5_s40,boost_5,sh_mpcc_dro,77,40,34,0,0,35,0.004887366081879465,turn_left,0.013374099207856698,0.3654351598504931,0,0,0.3150684931506849,0.0,0.07184441126541558
sh_mpcc_dro_straight_o1_c1_m3_boost_5_s40,straight_o1_c1_m3_boost_5_s40,boost_5,sh_mpcc_dro,77,40,34,0,0,35,0.004887366081879465,turn_right,0.010733807852784447,0.4553245361674364,0,0,0.4246575342465753,0.5147561172009887,0.1254758698377843
sh_mpcc_dro_straight_o1_c1_m3_boost_5_s40,straight_o1_c1_m3_boost_5_s40,boost_5,sh_mpcc_dro,77,40,35,0,0,36,0.004836436670965414,constant_velocity,0.00901646470597844,0.536400554838148,0,0,0.25333333333333335,0.46569673030367126,0.08285127047806476
sh_mpcc_dro_straight_o1_c1_m3_boost_5_s40,straight_o1_c1_m3_boost_5_s40,boost_5,sh_mpcc_dro,77,40,35,0,0,36,0.004836436670965414,turn_left,0.013659927458714827,0.3540602016799028,0,0,0.30666666666666664,0.0,0.057194670686114
sh_mpcc_dro_straight_o1_c1_m3_boost_5_s40,straight_o1_c1_m3_boost_5_s40,boost_5,sh_mpcc_dro,77,40,35,0,0,36,0.004836436670965414,turn_right,0.010447572976710283,0.46292442098722764,0,0,0.44,0.5343032696963287,0.10496460207246094
sh_mpcc_dro_straight_o1_c1_m3_boost_5_s40,straight_o1_c1_m3_boost_5_s40,boost_5,sh_mpcc_dro,77,40,36,0,0,37,0.004745773225711424,constant_velocity,0.00878227081751145,0.5403811069283548,0,0,0.2727272727272727,0.47666567672524307,0.029316860703240716
sh_mpcc_dro_straight_o1_c1_m3_boost_5_s40,straight_o1_c1_m3_boost_5_s40,boost_5,sh_mpcc_dro,77,40,36,0,0,37,0.004745773225711424,turn_left,0.013618776677295713,0.3484727988544853,0,0,0.2987012987012987,0.0,0.008002015022094494
sh_mpcc_dro_straight_o1_c1_m3_boost_5_s40,straight_o1_c1_m3_boost_5_s40,boost_5,sh_mpcc_dro,77,40,36,0,0,37,0.004745773225711424,turn_right,0.010489859974044505,0.45241530749257736,0,0,0.42857142857142855,0.5233343232747569,0.04715829661121124
sh_mpcc_dro_straight_o1_c1_m3_boost_5_s40,straight_o1_c1_m3_boost_5_s40,boost_5,sh_mpcc_dro,77,40,37,0,0,38,0.00469625013454621,constant_velocity,0.008865646806285293,0.5297131994043353,0,0,0.26582278481012656,0.26582278481012656,0.0
sh_mpcc_dro_straight_o1_c1_m3_boost_5_s40,straight_o1_c1_m3_boost_5_s40,boost_5,sh_mpcc_dro,77,40,37,0,0,38,0.00469625013454621,turn_left,0.013883938245339726,0.33825057786630175,0,0,0.2911392405063291,0.2911392405063291,0.0
sh_mpcc_dro_straight_o1_c1_m3_boost_5_s40,straight_o1_c1_m3_boost_5_s40,boost_5,sh_mpcc_dro,77,40,37,0,0,38,0.00469625013454621,turn_right,0.010224293898752242,0.4593226858550431,0,0,0.4430379746835443,0.4430379746835443,0.0
sh_mpcc_dro_straight_o1_c1_m3_boost_5_s40,straight_o1_c1_m3_boost_5_s40,boost_5,sh_mpcc_dro,77,40,38,0,0,39,0.004637089173721779,constant_velocity,0.008944905462280306,0.5184056101292384,0,0,0.25925925925925924,0.0,0.0
sh_mpcc_dro_straight_o1_c1_m3_boost_5_s40,straight_o1_c1_m3_boost_5_s40,boost_5,sh_mpcc_dro,77,40,38,0,0,39,0.004637089173721779,turn_left,0.013541124955331317,0.3424448994465631,0,0,0.30864197530864196,0.24611785599108255,0.0
sh_mpcc_dro_straight_o1_c1_m3_boost_5_s40,straight_o1_c1_m3_boost_5_s40,boost_5,sh_mpcc_dro,77,40,38,0,0,39,0.004637089173721779,turn_right,0.010566722657179072,0.4388389214106346,0,0,0.43209876543209874,0.7538821440089174,0.006645190384487715
sh_mpcc_dro_straight_o1_c1_m3_boost_5_s40,straight_o1_c1_m3_boost_5_s40,boost_5,sh_mpcc_dro,77,40,39,0,0,40,0.004556161657944551,constant_velocity,0.008729365571622825,0.5219350273009064,0,0,0.27710843373493976,0.5018446475525874,0.02626954734140466
sh_mpcc_dro_straight_o1_c1_m3_boost_5_s40,straight_o1_c1_m3_boost_5_s40,boost_5,sh_mpcc_dro,77,40,39,0,0,40,0.004556161657944551,turn_left,0.013505811640120415,0.337348230476575,0,0,0.30120481927710846,0.0,0.017540355999368193
sh_mpcc_dro_straight_o1_c1_m3_boost_5_s40,straight_o1_c1_m3_boost_5_s40,boost_5,sh_mpcc_dro,77,40,39,0,0,40,0.004556161657944551,turn_right,0.010603081686501823,0.4297016464321632,0,0,0.42168674698795183,0.4981553524474126,0.032618977486599574
sh_mpcc_dro_straight_o1_c1_m3_boost_5_s40,straight_o1_c1_m3_boost_5_s40,boost_5,sh_mpcc_dro,77,40,4,0,0,5,0.011791788980642544,constant_velocity,0.007431152230202131,1.5868049281398993,0,1,0.38461538461538464,0.0,0.19927193467458462
sh_mpcc_dro_straight_o1_c1_m3_boost_5_s40,straight_o1_c1_m3_boost_5_s40,boost_5,sh_mpcc_dro,77,40,4,0,0,5,0.011791788980642544,turn_left,0.017617440167356044,0.6693247639059363,0,0,0.07692307692307693,0.0,0.19137446952041076
sh_mpcc_dro_straight_o1_c1_m3_boost_5_s40,straight_o1_c1_m3_boost_5_s40,boost_5,sh_mpcc_dro,77,40,4,0,0,5,0.011791788980642544,turn_right,0.00649775157580204,1.8147491240748215,0,1,0.5384615384615384,1.0,0.21047714188128064
sh_mpcc_dro_straight_o1_c1_m3_boost_5_s40,straight_o1_c1_m3_boost_5_s40,boost_5,sh_mpcc_dro,77,40,40,0,0,41,0.0044774100431469056,constant_velocity,0.008523968734643464,0.5252729312520389,0,0,0.29411764705882354,0.5111982955474837,0.014990964897837356
sh_mpcc_dro_straight_o1_c1_m3_boost_5_s40,straight_o1_c1_m3_boost_5_s40,boost_5,sh_mpcc_dro,77,40,40,0,0,41,0.0044774100431469056,turn_left,0.013472160127978245,0.33234537005305226,0,0,0.29411764705882354,0.0,0.009175677225774156
sh_mpcc_dro_straight_o1_c1_m3_boost_5_s40,straight_o1_c1_m3_boost_5_s40,boost_5,sh_mpcc_dro,77,40,40,0,0,41,0.0044774100431469056,turn_right,0.010637729702680091,0.42089902340899465,0,0,0.4117647058823529,0.48880170445251614,0.019382314948435633
sh_mpcc_dro_straight_o1_c1_m3_boost_5_s40,straight_o1_c1_m3_boost_5_s40,boost_5,sh_mpcc_dro,77,40,41,0,0,42,0.004400812978094053,constant_velocity,0.008328015430398787,0.5284347771535434,0,0,0.3103448275862069,0.3103448275862069,0.0
sh_mpcc_dro_straight_o1_c1_m3_boost_5_s40,straight_o1_c1_m3_boost_5_s40,boost_5,sh_mpcc_dro,77,40,41,0,0,42,0.004400812978094053,turn_left,0.013440055811796638,0.3274400820740165,0,0,0.28735632183908044,0.28735632183908044,0.0
sh_mpcc_dro_straight_o1_c1_m3_boost_5_s40,straight_o1_c1_m3_boost_5_s40,boost_5,sh_mpcc_dro,77,40,41,0,0,42,0.004400812978094053,turn_right,0.010670784706620275,0.412416996414869,0,0,0.40229885057471265,0.40229885057471265,0.0
sh_mpcc_dro_straight_o1_c1_m3_boost_5_s40,straight_o1_c1_m3_boost_5_s40,boost_5,sh_mpcc_dro,77,40,42,0,0,43,0.004326337593679256,constant_velocity,0.008140869016232523,0.5314343696051043,0,0,0.3258426966292135,0.3258426966292135,0.0
sh_mpcc_dro_straight_o1_c1_m3_boost_5_s40,straight_o1_c1_m3_boost_5_s40,boost_5,sh_mpcc_dro,77,40,42,0,0,43,0.004326337593679256,turn_left,0.013409394386229935,0.32263482369658386,0,0,0.2808988764044944,0.2808988764044944,0.0
sh_mpcc_dro_straight_o1_c1_m3_boost_5_s40,straight_o1_c1_m3_boost_5_s40,boost_5,sh_mpcc_dro,77,40,42,0,0,43,0.004326337593679256,turn_right,0.01070235409240585,0.4042416795711449,0,0,0.39325842696629215,0.39325842696629215,0.0
sh_mpcc_dro_straight_o1_c1_m3_boost_5_s40,straight_o1_c1_m3_boost_5_s40,boost_5,sh_mpcc_dro,77,40,43,0,0,44,0.004290707113510599,constant_velocity,0.008227347112009351,0.521517696420941,0,0,0.31868131868131866,0.31868131868131866,0.0
sh_mpcc_dro_straight_o1_c1_m3_boost_5_s40,straight_o1_c1_m3_boost_5_s40,boost_5,sh_mpcc_dro,77,40,43,0,0,44,0.004290707113510599,turn_left,0.013644191402247608,0.314471337070498,0,0,0.27472527472527475,0.27472527472527475,0.0
sh_mpcc_dro_straight_o1_c1_m3_boost_5_s40,straight_o1_c1_m3_boost_5_s40,boost_5,sh_mpcc_dro,77,40,43,0,0,44,0.004290707113510599,turn_right,0.01046713751894638,0.40992172938819865,0,0,0.4065934065934066,0.4065934065934066,0.0
sh_mpcc_dro_straight_o1_c1_m3_boost_5_s40,straight_o1_c1_m3_boost_5_s40,boost_5,sh_mpcc_dro,77,40,44,0,0,45,0.004247007161504157,constant_velocity,0.008310105719795898,0.5110653588181386,0,0,0.3118279569892473,0.3118279569892473,0.0
sh_mpcc_dro_straight_o1_c1_m3_boost_5_s40,straight_o1_c1_m3_boost_5_s40,boost_5,sh_mpcc_dro,77,40,44,0,0,45,0.004247007161504157,turn_left,0.013350767931231515,0.3181095786684385,0,0,0.2903225806451613,0.2903225806451613,0.0
sh_mpcc_dro_straight_o1_c1_m3_boost_5_s40,straight_o1_c1_m3_boost_5_s40,boost_5,sh_mpcc_dro,77,40,44,0,0,45,0.004247007161504157,turn_right,0.010760159478002178,0.39469741783907947,0,0,0.3978494623655914,0.3978494623655914,0.0
sh_mpcc_dro_straight_o1_c1_m3_boost_5_s40,straight_o1_c1_m3_boost_5_s40,boost_5,sh_mpcc_dro,77,40,45,0,0,46,0.004179669901565326,constant_velocity,0.008135156125694818,0.5137786954529214,0,0,0.3263157894736842,0.3263157894736842,0.0
sh_mpcc_dro_straight_o1_c1_m3_boost_5_s40,straight_o1_c1_m3_boost_5_s40,boost_5,sh_mpcc_dro,77,40,45,0,0,46,0.004179669901565326,turn_left,0.013323922761607258,0.3136966474774982,0,0,0.28421052631578947,0.28421052631578947,0.0
sh_mpcc_dro_straight_o1_c1_m3_boost_5_s40,straight_o1_c1_m3_boost_5_s40,boost_5,sh_mpcc_dro,77,40,45,0,0,46,0.004179669901565326,turn_right,0.010787853433708897,0.3874422216847215,0,0,0.3894736842105263,0.3894736842105263,0.0
sh_mpcc_dro_straight_o1_c1_m3_boost_5_s40,straight_o1_c1_m3_boost_5_s40,boost_5,sh_mpcc_dro,77,40,46,0,0,47,0.00411409734853882,constant_velocity,0.007967420947845442,0.5163650038663211,0,0,0.3402061855670103,0.3402061855670103,0.0
sh_mpcc_dro_straight_o1_c1_m3_boost_5_s40,straight_o1_c1_m3_boost_5_s40,boost_5,sh_mpcc_dro,77,40,46,0,0,47,0.00411409734853882,turn_left,0.013298184609287077,0.3093728557254086,0,0,0.27835051546391754,0.27835051546391754,0.0
sh_mpcc_dro_straight_o1_c1_m3_boost_5_s40,straight_o1_c1_m3_boost_5_s40,boost_5,sh_mpcc_dro,77,40,46,0,0,47,0.00411409734853882,turn_right,0.010814405370623729,0.3804275138154486,0,0,0.38144329896907214,0.38144329896907214,0.0
sh_mpcc_dro_straight_o1_c1_m3_boost_5_s40,straight_o1_c1_m3_boost_5_s40,boost_5,sh_mpcc_dro,77,40,47,0,0,48,0.004084116106723791,constant_velocity,0.008050414916052163,0.5073174673991334,0,0,0.3333333333333333,0.3333333333333333,0.0
sh_mpcc_dro_straight_o1_c1_m3_boost_5_s40,straight_o1_c1_m3_boost_5_s40,boost_5,sh_mpcc_dro,77,40,47,0,0,48,0.004084116106723791,turn_left,0.013516254791221361,0.30216329669786735,0,0,0.2727272727272727,0.2727272727272727,0.0
sh_mpcc_dro_straight_o1_c1_m3_boost_5_s40,straight_o1_c1_m3_boost_5_s40,boost_5,sh_mpcc_dro,77,40,47,0,0,48,0.004084116106723791,turn_right,0.010595932534853553,0.3854418752941067,0,0,0.3939393939393939,0.3939393939393939,0.0
sh_mpcc_dro_straight_o1_c1_m3_boost_5_s40,straight_o1_c1_m3_boost_5_s40,boost_5,sh_mpcc_dro,77,40,48,0,0,49,0.00404673185429456,constant_velocity,0.008130121994429028,0.4977455267051942,0,0,0.32673267326732675,0.32673267326732675,0.0
sh_mpcc_dro_straight_o1_c1_m3_boost_5_s40,straight_o1_c1_m3_boost_5_s40,boost_5,sh_mpcc_dro,77,40,48,0,0,49,0.00404673185429456,turn_left,0.013248606181494175,0.3054458558778121,0,0,0.2871287128712871,0.2871287128712871,0.0
sh_mpcc_dro_straight_o1_c1_m3_boost_5_s40,straight_o1_c1_m3_boost_5_s40,boost_5,sh_mpcc_dro,77,40,48,0,0,49,0.00404673185429456,turn_right,0.010863194437431533,0.37251766757949695,0,0,0.38613861386138615,0.38613861386138615,0.0
sh_mpcc_dro_straight_o1_c1_m3_boost_5_s40,straight_o1_c1_m3_boost_5_s40,boost_5,sh_mpcc_dro,77,40,49,0,0,50,0.004008101077564798,constant_velocity,0.008206733652286188,0.48839175820556124,0,0,0.32038834951456313,0.32038834951456313,0.0
sh_mpcc_dro_straight_o1_c1_m3_boost_5_s40,straight_o1_c1_m3_boost_5_s40,boost_5,sh_mpcc_dro,77,40,49,0,0,50,0.004008101077564798,turn_left,0.012991351692533152,0.30852071227264793,0,0,0.30097087378640774,0.30097087378640774,0.0
sh_mpcc_dro_straight_o1_c1_m3_boost_5_s40,straight_o1_c1_m3_boost_5_s40,boost_5,sh_mpcc_dro,77,40,49,0,0,50,0.004008101077564798,turn_right,0.011120077236996487,0.36043824086309845,0,0,0.3786407766990291,0.3786407766990291,0.0
sh_mpcc_dro_straight_o1_c1_m3_boost_5_s40,straight_o1_c1_m3_boost_5_s40,boost_5,sh_mpcc_dro,77,40,5,0,0,6,0.01048715143453137,constant_velocity,0.006440331932841674,1.6283557344386925,0,1,0.4666666666666667,0.0,0.025482790430324448
sh_mpcc_dro_straight_o1_c1_m3_boost_5_s40,straight_o1_c1_m3_boost_5_s40,boost_5,sh_mpcc_dro,77,40,5,0,0,6,0.01048715143453137,turn_left,0.016878531128252394,0.6213308110074394,0,0,0.06666666666666667,0.0,0.005837708847047429
sh_mpcc_dro_straight_o1_c1_m3_boost_5_s40,straight_o1_c1_m3_boost_5_s40,boost_5,sh_mpcc_dro,77,40,5,0,0,6,0.01048715143453137,turn_right,0.007241467682238725,1.4482080007418094,0,1,0.4666666666666667,1.0,0.04762511753261772
sh_mpcc_dro_straight_o1_c1_m3_boost_5_s40,straight_o1_c1_m3_boost_5_s40,boost_5,sh_mpcc_dro,77,40,50,0,0,51,0.003968563997659177,constant_velocity,0.00828042677079653,0.47927046606529244,0,0,0.3142857142857143,0.3142857142857143,0.0
sh_mpcc_dro_straight_o1_c1_m3_boost_5_s40,straight_o1_c1_m3_boost_5_s40,boost_5,sh_mpcc_dro,77,40,50,0,0,51,0.003968563997659177,turn_left,0.012743897374580114,0.3114089733314361,0,0,0.3142857142857143,0.3142857142857143,0.0
sh_mpcc_dro_straight_o1_c1_m3_boost_5_s40,straight_o1_c1_m3_boost_5_s40,boost_5,sh_mpcc_dro,77,40,50,0,0,51,0.003968563997659177,turn_right,0.011367174025149604,0.3491249442366962,0,0,0.37142857142857144,0.37142857142857144,0.0
sh_mpcc_dro_straight_o1_c1_m3_boost_5_s40,straight_o1_c1_m3_boost_5_s40,boost_5,sh_mpcc_dro,77,40,51,0,0,52,0.003928397473542106,constant_velocity,0.008351365006371812,0.47038986687144796,0,0,0.308411214953271,0.308411214953271,0.0
sh_mpcc_dro_straight_o1_c1_m3_boost_5_s40,straight_o1_c1_m3_boost_5_s40,boost_5,sh_mpcc_dro,77,40,51,0,0,52,0.003928397473542106,turn_left,0.012505693685335575,0.3141287138792327,0,0,0.32710280373831774,0.32710280373831774,0.0
sh_mpcc_dro_straight_o1_c1_m3_boost_5_s40,straight_o1_c1_m3_boost_5_s40,boost_5,sh_mpcc_dro,77,40,51,0,0,52,0.003928397473542106,turn_right,0.011605033550194082,0.33850806691346513,0,0,0.3644859813084112,0.3644859813084112,0.0
sh_mpcc_dro_straight_o1_c1_m3_boost_5_s40,straight_o1_c1_m3_boost_5_s40,boost_5,sh_mpcc_dro,77,40,52,0,0,53,0.0038749082774767137,constant_velocity,0.008198128951209135,0.4726576393879736,0,0,0.3211009174311927,0.3211009174311927,0.0
sh_mpcc_dro_straight_o1_c1_m3_boost_5_s40,straight_o1_c1_m3_boost_5_s40,boost_5,sh_mpcc_dro,77,40,52,0,0,53,0.0038749082774767137,turn_left,0.012497802468615232,0.31004716926895526,0,0,0.3211009174311927,0.3211009174311927,0.0
sh_mpcc_dro_straight_o1_c1_m3_boost_5_s40,straight_o1_c1_m3_boost_5_s40,boost_5,sh_mpcc_dro,77,40,52,0,0,53,0.0038749082774767137,turn_right,0.011613668207513151,0.3336506785142997,0,0,0.3577981651376147,0.3577981651376147,0.0
sh_mpcc_dro_straight_o1_c1_m3_boost_5_s40,straight_o1_c1_m3_boost_5_s40,boost_5,sh_mpcc_dro,77,40,53,0,0,54,0.003822606150068382,constant_velocity,0.008050414916052212,0.4748334328018615,0,0,0.3333333333333333,0.3333333333333333,0.0
sh_mpcc_dro_straight_o1_c1_m3_boost_5_s40,straight_o1_c1_m3_boost_5_s40,boost_5,sh_mpcc_dro,77,40,53,0,0,54,0.003822606150068382,turn_left,0.012490195620065012,0.30604854129966663,0,0,0.3153153153153153,0.3153153153153153,0.0
sh_mpcc_dro_straight_o1_c1_m3_boost_5_s40,straight_o1_c1_m3_boost_5_s40,boost_5,sh_mpcc_dro,77,40,53,0,0,54,0.003822606150068382,turn_right,0.011621991706009818,0.3289114505297473,0,0,0.35135135135135137,0.35135135135135137,0.0
sh_mpcc_dro_straight_o1_c1_m3_boost_5_s40,straight_o1_c1_m3_boost_5_s40,boost_5,sh_mpcc_dro,77,40,54,0,0,55,0.0037714719980417926,constant_velocity,0.007907929696299075,0.4769228031714607,0,0,0.34513274336283184,0.34513274336283184,0.0
sh_mpcc_dro_straight_o1_c1_m3_boost_5_s40,straight_o1_c1_m3_boost_5_s40,boost_5,sh_mpcc_dro,77,40,54,0,0,55,0.0037714719980417926,turn_left,0.012482858040490024,0.3021320907286182,0,0,0.30973451327433627,0.30973451327433627,0.0
sh_mpcc_dro_straight_o1_c1_m3_boost_5_s40,straight_o1_c1_m3_boost_5_s40,boost_5,sh_mpcc_dro,77,40,54,0,0,55,0.0037714719980417926,turn_right,0.011630020567391566,0.3242876464566456,0,0,0.34513274336283184,0.34513274336283184,0.0
sh_mpcc_dro_straight_o1_c1_m3_boost_5_s40,straight_o1_c1_m3_boost_5_s40,boost_5,sh_mpcc_dro,77,40,55,0,0,56,0.003721484601726799,constant_velocity,0.007770400484189527,0.4789308619676582,0,0,0.3565217391304348,0.3565217391304348,0.0
sh_mpcc_dro_straight_o1_c1_m3_boost_5_s40,straight_o1_c1_m3_boost_5_s40,boost_5,sh_mpcc_dro,77,40,55,0,0,56,0.003721484601726799,turn_left,0.012475775681074167,0.29829685118275373,0,0,0.30434782608695654,0.30434782608695654,0.0
sh_mpcc_dro_straight_o1_c1_m3_boost_5_s40,straight_o1_c1_m3_boost_5_s40,boost_5,sh_mpcc_dro,77,40,55,0,0,56,0.003721484601726799,turn_right,0.0116377701640296,0.3197764304737075,0,0,0.3391304347826087,0.3391304347826087,0.0
sh_mpcc_dro_straight_o1_c1_m3_boost_5_s40,straight_o1_c1_m3_boost_5_s40,boost_5,sh_mpcc_dro,77,40,56,0,0,57,0.0037041888928353714,constant_velocity,0.007843994020768824,0.4722324982690779,0,0,0.3504273504273504,0.3504273504273504,0.0
sh_mpcc_dro_straight_o1_c1_m3_boost_5_s40,straight_o1_c1_m3_boost_5_s40,boost_5,sh_mpcc_dro,77,40,56,0,0,57,0.0037041888928353714,turn_left,0.012674354876526472,0.2922585748088616,0,0,0.29914529914529914,0.29914529914529914,0.0
sh_mpcc_dro_straight_o1_c1_m3_boost_5_s40,straight_o1_c1_m3_boost_5_s40,boost_5,sh_mpcc_dro,77,40,56,0,0,57,0.0037041888928353714,turn_right,0.011438833921909435,0.3238257429142784,0,0,0.3504273504273504,0.3504273504273504,0.0
sh_mpcc_dro_straight_o1_c1_m3_boost_5_s40,straight_o1_c1_m3_boost_5_s40,boost_5,sh_mpcc_dro,77,40,57,0,0,58,0.0036854611769382064,constant_velocity,0.007915113825026021,0.46562326940713206,0,0,0.3445378151260504,0.3445378151260504,0.0
sh_mpcc_dro_straight_o1_c1_m3_boost_5_s40,straight_o1_c1_m3_boost_5_s40,boost_5,sh_mpcc_dro,77,40,57,0,0,58,0.0036854611769382064,turn_left,0.012866259141039229,0.28644387902795854,0,0,0.29411764705882354,0.29411764705882354,0.0
sh_mpcc_dro_straight_o1_c1_m3_boost_5_s40,straight_o1_c1_m3_boost_5_s40,boost_5,sh_mpcc_dro,77,40,57,0,0,58,0.0036854611769382064,turn_right,0.011246584612297408,0.3276960343061301,0,0,0.36134453781512604,0.36134453781512604,0.0
sh_mpcc_dro_straight_o1_c1_m3_boost_5_s40,straight_o1_c1_m3_boost_5_s40,boost_5,sh_mpcc_dro,77,40,58,0,0,59,0.0036387619032059327,constant_velocity,0.007784285497339714,0.46744969778529866,0,0,0.35537190082644626,0.35537190082644626,0.0
sh_mpcc_dro_straight_o1_c1_m3_boost_5_s40,straight_o1_c1_m3_boost_5_s40,boost_5,sh_mpcc_dro,77,40,58,0,0,59,0.0036387619032059327,turn_left,0.012853190764725877,0.2831018359419438,0,0,0.2892561983471074,0.2892561983471074,0.0
sh_mpcc_dro_straight_o1_c1_m3_boost_5_s40,straight_o1_c1_m3_boost_5_s40,boost_5,sh_mpcc_dro,77,40,58,0,0,59,0.0036387619032059327,turn_right,0.011260287715798015,0.3231499935921534,0,0,0.35537190082644626,0.35537190082644626,0.0
sh_mpcc_dro_straight_o1_c1_m3_boost_5_s40,straight_o1_c1_m3_boost_5_s40,boost_5,sh_mpcc_dro,77,40,59,0,0,60,0.003593071634056637,constant_velocity,0.007657711749415489,0.46920956959902477,0,0,0.36585365853658536,0.36585365853658536,0.0
sh_mpcc_dro_straight_o1_c1_m3_boost_5_s40,straight_o1_c1_m3_boost_5_s40,boost_5,sh_mpcc_dro,77,40,59,0,0,60,0.003593071634056637,turn_left,0.012840547376260062,0.2798223104335568,0,0,0.2845528455284553,0.2845528455284553,0.0
sh_mpcc_dro_straight_o1_c1_m3_boost_5_s40,straight_o1_c1_m3_boost_5_s40,boost_5,sh_mpcc_dro,77,40,59,0,0,60,0.003593071634056637,turn_right,0.011273545189916391,0.3187171003909627,0,0,0.34959349593495936,0.34959349593495936,0.0
sh_mpcc_dro_straight_o1_c1_m3_boost_5_s40,straight_o1_c1_m3_boost_5_s40,boost_5,sh_mpcc_dro,77,40,6,0,0,7,0.00992796511174338,constant_velocity,0.007103307278869507,1.3976538986672442,0,1,0.4117647058823529,0.0,0.05170602339256539
sh_mpcc_dro_straight_o1_c1_m3_boost_5_s40,straight_o1_c1_m3_boost_5_s40,boost_5,sh_mpcc_dro,77,40,6,0,0,7,0.00992796511174338,turn_left,0.01489282158375211,0.6666275464264388,0,0,0.17647058823529413,0.0,0.02806570303877748
sh_mpcc_dro_straight_o1_c1_m3_boost_5_s40,straight_o1_c1_m3_boost_5_s40,boost_5,sh_mpcc_dro,77,40,6,0,0,7,0.00992796511174338,turn_right,0.009223960733155817,1.0763234362064225,0,1,0.4117647058823529,1.0,0.07718078257273092
sh_mpcc_dro_straight_o1_c1_m3_boost_5_s40,straight_o1_c1_m3_boost_5_s40,boost_5,sh_mpcc_dro,77,40,7,0,0,8,0.009665997855187375,constant_velocity,0.007626708867839001,1.2673878107433514,0,1,0.3684210526315789,0.0,0.04353275390630498
sh_mpcc_dro_straight_o1_c1_m3_boost_5_s40,straight_o1_c1_m3_boost_5_s40,boost_5,sh_mpcc_dro,77,40,7,0,0,8,0.009665997855187375,turn_left,0.015861225481781725,0.6094105317580778,0,0,0.15789473684210525,0.0,0.01770901207697989
sh_mpcc_dro_straight_o1_c1_m3_boost_5_s40,straight_o1_c1_m3_boost_5_s40,boost_5,sh_mpcc_dro,77,40,7,0,0,8,0.009665997855187375,turn_right,0.00825301749808692,1.1712077258321563,0,1,0.47368421052631576,0.9999999999999999,0.07065747658736116
sh_mpcc_dro_straight_o1_c1_m3_boost_5_s40,straight_o1_c1_m3_boost_5_s40,boost_5,sh_mpcc_dro,77,40,8,0,0,9,0.009303922403443236,constant_velocity,0.008050414916052101,1.155707190307882,0,1,0.3333333333333333,0.0,0.0551147465777532
sh_mpcc_dro_straight_o1_c1_m3_boost_5_s40,straight_o1_c1_m3_boost_5_s40,boost_5,sh_mpcc_dro,77,40,8,0,0,9,0.009303922403443236,turn_left,0.016645171494472474,0.5589562358388966,0,0,0.14285714285714285,0.0,0.027195849814535766
sh_mpcc_dro_straight_o1_c1_m3_boost_5_s40,straight_o1_c1_m3_boost_5_s40,boost_5,sh_mpcc_dro,77,40,8,0,0,9,0.009303922403443236,turn_right,0.007467015831602327,1.246002769147301,0,1,0.5238095238095238,1.0000000000000002,0.0835322955083822
sh_mpcc_dro_straight_o1_c1_m3_boost_5_s40,straight_o1_c1_m3_boost_5_s40,boost_5,sh_mpcc_dro,77,40,9,0,0,10,0.008660956611144653,constant_velocity,0.0073503788363954775,1.1783007112857689,0,1,0.391304347826087,0.0,0.0
sh_mpcc_dro_straight_o1_c1_m3_boost_5_s40,straight_o1_c1_m3_boost_5_s40,boost_5,sh_mpcc_dro,77,40,9,0,0,10,0.008660956611144653,turn_left,0.016247819397046954,0.5330534762540987,0,0,0.13043478260869565,0.0,0.0
sh_mpcc_dro_straight_o1_c1_m3_boost_5_s40,straight_o1_c1_m3_boost_5_s40,boost_5,sh_mpcc_dro,77,40,9,0,0,10,0.008660956611144653,turn_right,0.0078677642266003,1.10081547459984,0,1,0.4782608695652174,1.0,0.014830367404886247
sh_mpcc_dro_straight_o1_c1_m3_boost_5_s40,straight_o1_c1_m3_boost_5_s40,boost_5,sh_mpcc_dro,78,40,0,0,0,1,0.009433155837728502,constant_velocity,0.005466721288574521,1.725560045917075,0,1,0.2,0.2,0.0
sh_mpcc_dro_straight_o1_c1_m3_boost_5_s40,straight_o1_c1_m3_boost_5_s40,boost_5,sh_mpcc_dro,78,40,0,0,0,1,0.009433155837728502,turn_left,0.009546768168933921,0.9880993935125475,0,0,0.2,0.2,0.0
sh_mpcc_dro_straight_o1_c1_m3_boost_5_s40,straight_o1_c1_m3_boost_5_s40,boost_5,sh_mpcc_dro,78,40,0,0,0,1,0.009433155837728502,turn_right,0.004093376271073728,2.3044927250858627,0,1,0.6,0.6,0.0
sh_mpcc_dro_straight_o1_c1_m3_boost_5_s40,straight_o1_c1_m3_boost_5_s40,boost_5,sh_mpcc_dro,78,40,1,0,0,2,0.006762195113193616,constant_velocity,0.0058572013806155575,1.154509581243551,0,1,0.14285714285714285,0.14285714285714285,0.0
sh_mpcc_dro_straight_o1_c1_m3_boost_5_s40,straight_o1_c1_m3_boost_5_s40,boost_5,sh_mpcc_dro,78,40,1,0,0,2,0.006762195113193616,turn_left,0.006819120120667096,0.9916521477161029,0,0,0.42857142857142855,0.42857142857142855,0.0
sh_mpcc_dro_straight_o1_c1_m3_boost_5_s40,straight_o1_c1_m3_boost_5_s40,boost_5,sh_mpcc_dro,78,40,1,0,0,2,0.006762195113193616,turn_right,0.006819120120667087,0.9916521477161041,0,0,0.42857142857142855,0.42857142857142855,0.0
sh_mpcc_dro_straight_o1_c1_m3_boost_5_s40,straight_o1_c1_m3_boost_5_s40,boost_5,sh_mpcc_dro,78,40,10,0,0,11,0.004900394276486106,constant_velocity,0.006013393417431968,0.8149133004138003,0,0,0.12,0.0,0.016599661926034598
sh_mpcc_dro_straight_o1_c1_m3_boost_5_s40,straight_o1_c1_m3_boost_5_s40,boost_5,sh_mpcc_dro,78,40,10,0,0,11,0.004900394276486106,turn_left,0.007909417660504438,0.6195644846214348,0,0,0.36,0.7792916085712445,0.028466026457582227
sh_mpcc_dro_straight_o1_c1_m3_boost_5_s40,straight_o1_c1_m3_boost_5_s40,boost_5,sh_mpcc_dro,78,40,10,0,0,11,0.004900394276486106,turn_right,0.005728060901360351,0.8555066646240296,0,0,0.52,0.22070839142875565,0.007188175768655894
sh_mpcc_dro_straight_o1_c1_m3_boost_5_s40,straight_o1_c1_m3_boost_5_s40,boost_5,sh_mpcc_dro,78,40,11,0,0,12,0.004623684383921679,constant_velocity,0.006074134765082883,0.7612087256444973,0,0,0.1111111111111111,0.3964877792992218,0.02425751384425931
sh_mpcc_dro_straight_o1_c1_m3_boost_5_s40,straight_o1_c1_m3_boost_5_s40,boost_5,sh_mpcc_dro,78,40,11,0,0,12,0.004623684383921679,turn_left,0.007323534870837458,0.6313459914464711,0,0,0.4074074074074074,0.6035122207007781,0.0364516897142064
sh_mpcc_dro_straight_o1_c1_m3_boost_5_s40,straight_o1_c1_m3_boost_5_s40,boost_5,sh_mpcc_dro,78,40,11,0,0,12,0.004623684383921679,turn_right,0.006313647482344825,0.7323317300896389,0,0,0.48148148148148145,0.0,0.01139390228633183
sh_mpcc_dro_straight_o1_c1_m3_boost_5_s40,straight_o1_c1_m3_boost_5_s40,boost_5,sh_mpcc_dro,78,40,12,0,0,13,0.004435964427970367,constant_velocity,0.005655228919215018,0.7844005063876542,0,0,0.1724137931034483,0.4188220585028406,0.012968319443797921
sh_mpcc_dro_straight_o1_c1_m3_boost_5_s40,straight_o1_c1_m3_boost_5_s40,boost_5,sh_mpcc_dro,78,40,12,0,0,13,0.004435964427970367,turn_left,0.0072897325770361135,0.6085222442788097,0,0,0.3793103448275862,0.5811779414971594,0.024024465501994996
sh_mpcc_dro_straight_o1_c1_m3_boost_5_s40,straight_o1_c1_m3_boost_5_s40,boost_5,sh_mpcc_dro,78,40,12,0,0,13,0.004435964427970367,turn_right,0.006349492594646414,0.6986329004794113,0,0,0.4482758620689655,0.0,0.000775328342594167
sh_mpcc_dro_straight_o1_c1_m3_boost_5_s40,straight_o1_c1_m3_boost_5_s40,boost_5,sh_mpcc_dro,78,40,13,0,0,14,0.00425419079126356,constant_velocity,0.005290375440555986,0.8041377855059131,0,0,0.22580645161290322,0.0,0.0
sh_mpcc_dro_straight_o1_c1_m3_boost_5_s40,straight_o1_c1_m3_boost_5_s40,boost_5,sh_mpcc_dro,78,40,13,0,0,14,0.00425419079126356,turn_left,0.007260291869531731,0.5859531362804486,0,0,0.3548387096774194,0.7795059563243415,0.0005728050781589195
sh_mpcc_dro_straight_o1_c1_m3_boost_5_s40,straight_o1_c1_m3_boost_5_s40,boost_5,sh_mpcc_dro,78,40,13,0,0,14,0.00425419079126356,turn_right,0.00638071253116717,0.6667266031001362,0,0,0.41935483870967744,0.22049404367565853,0.0
sh_mpcc_dro_straight_o1_c1_m3_boost_5_s40,straight_o1_c1_m3_boost_5_s40,boost_5,sh_mpcc_dro,78,40,14,0,0,15,0.004193492329937523,constant_velocity,0.005383892178141569,0.7788960460543709,0,0,0.21212121212121213,0.0,0.048649527526204134
sh_mpcc_dro_straight_o1_c1_m3_boost_5_s40,straight_o1_c1_m3_boost_5_s40,boost_5,sh_mpcc_dro,78,40,14,0,0,15,0.004193492329937523,turn_left,0.007646545680144989,0.5484165668200138,0,0,0.3333333333333333,0.746722523164904,0.05802979368634592
sh_mpcc_dro_straight_o1_c1_m3_boost_5_s40,straight_o1_c1_m3_boost_5_s40,boost_5,sh_mpcc_dro,78,40,14,0,0,15,0.004193492329937523,turn_right,0.005994002680793402,0.6996146904262724,0,0,0.45454545454545453,0.2532774768350961,0.040922171111447636
sh_mpcc_dro_straight_o1_c1_m3_boost_5_s40,straight_o1_c1_m3_boost_5_s40,boost_5,sh_mpcc_dro,78,40,15,0,0,16,0.004022752663181315,constant_velocity,0.0054667212885745955,0.7358620370108928,0,0,0.2,0.0,0.20119864694580283
sh_mpcc_dro_straight_o1_c1_m3_boost_5_s40,straight_o1_c1_m3_boost_5_s40,boost_5,sh_mpcc_dro,78,40,15,0,0,16,0.004022752663181315,turn_left,0.007209600212708155,0.5579716689547535,0,0,0.37142857142857144,0.7662484113216002,0.21151116908862383
sh_mpcc_dro_straight_o1_c1_m3_boost_5_s40,straight_o1_c1_m3_boost_5_s40,boost_5,sh_mpcc_dro,78,40,15,0,0,16,0.004022752663181315,turn_right,0.0064305442272995506,0.6255695507238014,0,0,0.42857142857142855,0.2337515886783998,0.19241660024109647
sh_mpcc_dro_straight_o1_c1_m3_boost_5_s40,straight_o1_c1_m3_boost_5_s40,boost_5,sh_mpcc_dro,78,40,16,0,0,17,0.003879470648224761,constant_velocity,0.005171222840543464,0.7502037270196331,0,0,0.24324324324324326,0.0,0.15380769889214121
sh_mpcc_dro_straight_o1_c1_m3_boost_5_s40,straight_o1_c1_m3_boost_5_s40,boost_5,sh_mpcc_dro,78,40,16,0,0,17,0.003879470648224761,turn_left,0.0071892651531411085,0.5396199146347741,0,0,0.35135135135135137,0.7572303940807888,0.1649585807989366
sh_mpcc_dro_straight_o1_c1_m3_boost_5_s40,straight_o1_c1_m3_boost_5_s40,boost_5,sh_mpcc_dro,78,40,16,0,0,17,0.003879470648224761,turn_right,0.006452320302078905,0.6012520251009261,0,0,0.40540540540540543,0.24276960591921118,0.14409800935040012
sh_mpcc_dro_straight_o1_c1_m3_boost_5_s40,straight_o1_c1_m3_boost_5_s40,boost_5,sh_mpcc_dro,78,40,17,0,0,18,0.0037426760790708834,constant_velocity,0.0049060319256437985,0.7628723448593839,0,0,0.28205128205128205,0.0,0.17720271439511362
sh_mpcc_dro_straight_o1_c1_m3_boost_5_s40,straight_o1_c1_m3_boost_5_s40,boost_5,sh_mpcc_dro,78,40,17,0,0,18,0.0037426760790708834,turn_left,0.0071710157407091635,0.5219171473608785,0,0,0.3333333333333333,0.7485352436905558,0.19009234251444923
sh_mpcc_dro_straight_o1_c1_m3_boost_5_s40,straight_o1_c1_m3_boost_5_s40,boost_5,sh_mpcc_dro,78,40,17,0,0,18,0.0037426760790708834,turn_right,0.006471862933291173,0.5782996515297952,0,0,0.38461538461538464,0.25146475630944426,0.16548364967194468
sh_mpcc_dro_straight_o1_c1_m3_boost_5_s40,straight_o1_c1_m3_boost_5_s40,boost_5,sh_mpcc_dro,78,40,18,0,0,19,0.003614001910580544,constant_velocity,0.005000049959062061,0.7227931601024402,0,0,0.2682926829268293,0.0,0.03300226140420723
sh_mpcc_dro_straight_o1_c1_m3_boost_5_s40,straight_o1_c1_m3_boost_5_s40,boost_5,sh_mpcc_dro,78,40,18,0,0,19,0.003614001910580544,turn_left,0.006821210094820912,0.5298182962176344,0,0,0.36585365853658536,0.764754982270846,0.04774178814848412
sh_mpcc_dro_straight_o1_c1_m3_boost_5_s40,straight_o1_c1_m3_boost_5_s40,boost_5,sh_mpcc_dro,78,40,18,0,0,19,0.003614001910580544,turn_right,0.006821210094820895,0.5298182962176357,0,0,0.36585365853658536,0.23524501772915404,0.018990032899091125
sh_mpcc_dro_straight_o1_c1_m3_boost_5_s40,straight_o1_c1_m3_boost_5_s40,boost_5,sh_mpcc_dro,78,40,19,0,0,20,0.003585733804189599,constant_velocity,0.005085322128906529,0.7051143886848759,0,0,0.2558139534883721,0.0,0.02621215712894473
sh_mpcc_dro_straight_o1_c1_m3_boost_5_s40,straight_o1_c1_m3_boost_5_s40,boost_5,sh_mpcc_dro,78,40,19,0,0,20,0.003585733804189599,turn_left,0.007138059845975765,0.502340115039962,0,0,0.3488372093023256,0.739440985843689,0.04212384312782819
sh_mpcc_dro_straight_o1_c1_m3_boost_5_s40,straight_o1_c1_m3_boost_5_s40,boost_5,sh_mpcc_dro,78,40,19,0,0,20,0.003585733804189599,turn_right,0.006503944509015277,0.551316789252941,0,0,0.3953488372093023,0.26055901415631105,0.010416292055831555
sh_mpcc_dro_straight_o1_c1_m3_boost_5_s40,straight_o1_c1_m3_boost_5_s40,boost_5,sh_mpcc_dro,78,40,2,0,0,3,0.007601663467509214,constant_velocity,0.006074134765082801,1.2514808711863656,0,1,0.1111111111111111,0.0,0.0
sh_mpcc_dro_straight_o1_c1_m3_boost_5_s40,straight_o1_c1_m3_boost_5_s40,boost_5,sh_mpcc_dro,78,40,2,0,0,3,0.007601663467509214,turn_left,0.008333422259330066,0.9121898820137696,0,0,0.3333333333333333,0.9463263374042141,0.0006706479642731022
sh_mpcc_dro_straight_o1_c1_m3_boost_5_s40,straight_o1_c1_m3_boost_5_s40,boost_5,sh_mpcc_dro,78,40,2,0,0,3,0.007601663467509214,turn_right,0.005303760093852179,1.4332592977424896,0,1,0.5555555555555556,0.053673662595785855,0.0
sh_mpcc_dro_straight_o1_c1_m3_boost_5_s40,straight_o1_c1_m3_boost_5_s40,boost_5,sh_mpcc_dro,78,40,20,0,0,21,0.0035455825321515015,constant_velocity,0.005163014550320376,0.6867272012494117,0,0,0.24444444444444444,0.5695547650486621,0.05446065997237595
sh_mpcc_dro_straight_o1_c1_m3_boost_5_s40,straight_o1_c1_m3_boost_5_s40,boost_5,sh_mpcc_dro,78,40,20,0,0,21,0.0035455825321515015,turn_left,0.0074267451748057595,0.4774073229521078,0,0,0.3333333333333333,0.4304452349513379,0.07058077105630339
sh_mpcc_dro_straight_o1_c1_m3_boost_5_s40,straight_o1_c1_m3_boost_5_s40,boost_5,sh_mpcc_dro,78,40,20,0,0,21,0.0035455825321515015,turn_right,0.006214880308614592,0.5704989245306762,0,0,0.4222222222222222,0.0,0.03802033176415731
sh_mpcc_dro_straight_o1_c1_m3_boost_5_s40,straight_o1_c1_m3_boost_5_s40,boost_5,sh_mpcc_dro,78,40,21,0,0,22,0.0034972884871085075,constant_velocity,0.005234094850762908,0.6681744574420068,0,0,0.23404255319148937,0.0,0.014586679087945309
sh_mpcc_dro_straight_o1_c1_m3_boost_5_s40,straight_o1_c1_m3_boost_5_s40,boost_5,sh_mpcc_dro,78,40,21,0,0,22,0.0034972884871085075,turn_left,0.007690861539480029,0.45473299306659415,0,0,0.3191489361702128,0.6924062579095414,0.023931322175527833
sh_mpcc_dro_straight_o1_c1_m3_boost_5_s40,straight_o1_c1_m3_boost_5_s40,boost_5,sh_mpcc_dro,78,40,21,0,0,22,0.0034972884871085075,turn_right,0.005950417316758684,0.5877383553013645,0,0,0.44680851063829785,0.30759374209045875,0.005318359435674366
sh_mpcc_dro_straight_o1_c1_m3_boost_5_s40,straight_o1_c1_m3_boost_5_s40,boost_5,sh_mpcc_dro,78,40,22,0,0,23,0.003396364383461233,constant_velocity,0.00502045832624203,0.6765048453262469,0,0,0.2653061224489796,0.0,0.009874343206806357
sh_mpcc_dro_straight_o1_c1_m3_boost_5_s40,straight_o1_c1_m3_boost_5_s40,boost_5,sh_mpcc_dro,78,40,22,0,0,23,0.003396364383461233,turn_left,0.007655863175040738,0.44362919057042327,0,0,0.30612244897959184,0.6875706810470847,0.01762086519973992
sh_mpcc_dro_straight_o1_c1_m3_boost_5_s40,straight_o1_c1_m3_boost_5_s40,boost_5,sh_mpcc_dro,78,40,22,0,0,23,0.003396364383461233,turn_right,0.005986457492022365,0.5673412678511915,0,0,0.42857142857142855,0.31242931895291526,0.0033137229150085185
sh_mpcc_dro_straight_o1_c1_m3_boost_5_s40,straight_o1_c1_m3_boost_5_s40,boost_5,sh_mpcc_dro,78,40,23,0,0,24,0.0033141597651915253,constant_velocity,0.005091554141319527,0.6509131933403398,0,0,0.2549019607843137,0.0,0.0
sh_mpcc_dro_straight_o1_c1_m3_boost_5_s40,straight_o1_c1_m3_boost_5_s40,boost_5,sh_mpcc_dro,78,40,23,0,0,24,0.0033141597651915253,turn_left,0.007355633246607767,0.45056076806438555,0,0,0.3333333333333333,0.703562585846651,0.00412373723047825
sh_mpcc_dro_straight_o1_c1_m3_boost_5_s40,straight_o1_c1_m3_boost_5_s40,boost_5,sh_mpcc_dro,78,40,23,0,0,24,0.0033141597651915253,turn_right,0.006286340717615623,0.5272001493499336,0,0,0.4117647058823529,0.29643741415334923,0.0
sh_mpcc_dro_straight_o1_c1_m3_boost_5_s40,straight_o1_c1_m3_boost_5_s40,boost_5,sh_mpcc_dro,78,40,24,0,0,25,0.0032743704395073537,constant_velocity,0.0051572842345043324,0.6349020706674419,0,0,0.24528301886792453,0.24528301886792453,0.0
sh_mpcc_dro_straight_o1_c1_m3_boost_5_s40,straight_o1_c1_m3_boost_5_s40,boost_5,sh_mpcc_dro,78,40,24,0,0,25,0.0032743704395073537,turn_left,0.007592533114458467,0.4312619240701061,0,0,0.32075471698113206,0.32075471698113206,0.0
sh_mpcc_dro_straight_o1_c1_m3_boost_5_s40,straight_o1_c1_m3_boost_5_s40,boost_5,sh_mpcc_dro,78,40,24,0,0,25,0.0032743704395073537,turn_right,0.006049120313177275,0.5412969605472279,0,0,0.4339622641509434,0.4339622641509434,0.0
sh_mpcc_dro_straight_o1_c1_m3_boost_5_s40,straight_o1_c1_m3_boost_5_s40,boost_5,sh_mpcc_dro,78,40,25,0,0,26,0.0031895114234797898,constant_velocity,0.004969746625976958,0.6417855201728302,0,0,0.2727272727272727,0.2727272727272727,0.0
sh_mpcc_dro_straight_o1_c1_m3_boost_5_s40,straight_o1_c1_m3_boost_5_s40,boost_5,sh_mpcc_dro,78,40,25,0,0,26,0.0031895114234797898,turn_left,0.007564928332504245,0.42161819428948305,0,0,0.3090909090909091,0.3090909090909091,0.0
sh_mpcc_dro_straight_o1_c1_m3_boost_5_s40,straight_o1_c1_m3_boost_5_s40,boost_5,sh_mpcc_dro,78,40,25,0,0,26,0.0031895114234797898,turn_right,0.0060776396330878835,0.5247944294221482,0,0,0.41818181818181815,0.41818181818181815,0.0
sh_mpcc_dro_straight_o1_c1_m3_boost_5_s40,straight_o1_c1_m3_boost_5_s40,boost_5,sh_mpcc_dro,78,40,26,0,0,27,0.003107952352757602,constant_velocity,0.004795369551381276,0.6481152952773734,0,0,0.2982456140350877,0.2982456140350877,0.0
sh_mpcc_dro_straight_o1_c1_m3_boost_5_s40,straight_o1_c1_m3_boost_5_s40,boost_5,sh_mpcc_dro,78,40,26,0,0,27,0.003107952352757602,turn_left,0.007539260728231051,0.4122356905790186,0,0,0.2982456140350877,0.2982456140350877,0.0
sh_mpcc_dro_straight_o1_c1_m3_boost_5_s40,straight_o1_c1_m3_boost_5_s40,boost_5,sh_mpcc_dro,78,40,26,0,0,27,0.003107952352757602,turn_right,0.006104157597215269,0.5091533603548272,0,0,0.40350877192982454,0.40350877192982454,0.0
sh_mpcc_dro_straight_o1_c1_m3_boost_5_s40,straight_o1_c1_m3_boost_5_s40,boost_5,sh_mpcc_dro,78,40,27,0,0,28,0.003029660088186449,constant_velocity,0.004632814651334453,0.6539566799448311,0,0,0.3220338983050847,0.3220338983050847,0.0
sh_mpcc_dro_straight_o1_c1_m3_boost_5_s40,straight_o1_c1_m3_boost_5_s40,boost_5,sh_mpcc_dro,78,40,27,0,0,28,0.003029660088186449,turn_left,0.007515333300518751,0.40313050227290975,0,0,0.288135593220339,0.288135593220339,0.0
sh_mpcc_dro_straight_o1_c1_m3_boost_5_s40,straight_o1_c1_m3_boost_5_s40,boost_5,sh_mpcc_dro,78,40,27,0,0,28,0.003029660088186449,turn_right,0.006128877733266223,0.49432542466006607,0,0,0.3898305084745763,0.3898305084745763,0.0
sh_mpcc_dro_straight_o1_c1_m3_boost_5_s40,straight_o1_c1_m3_boost_5_s40,boost_5,sh_mpcc_dro,78,40,28,0,0,29,0.0029729937195926916,constant_velocity,0.004704965043445396,0.6318843375328459,0,0,0.3114754098360656,0.3114754098360656,0.0
sh_mpcc_dro_straight_o1_c1_m3_boost_5_s40,straight_o1_c1_m3_boost_5_s40,boost_5,sh_mpcc_dro,78,40,28,0,0,29,0.0029729937195926916,turn_left,0.00726892893000994,0.40900024587097267,0,0,0.3114754098360656,0.3114754098360656,0.0
sh_mpcc_dro_straight_o1_c1_m3_boost_5_s40,straight_o1_c1_m3_boost_5_s40,boost_5,sh_mpcc_dro,78,40,28,0,0,29,0.0029729937195926916,turn_right,0.006374930258229642,0.46635705790737714,0,0,0.3770491803278688,0.3770491803278688,0.0
sh_mpcc_dro_straight_o1_c1_m3_boost_5_s40,straight_o1_c1_m3_boost_5_s40,boost_5,sh_mpcc_dro,78,40,29,0,0,30,0.002902813530419856,constant_velocity,0.004555601073812161,0.6371966033432247,0,0,0.3333333333333333,0.0,0.11892762182918451
sh_mpcc_dro_straight_o1_c1_m3_boost_5_s40,straight_o1_c1_m3_boost_5_s40,boost_5,sh_mpcc_dro,78,40,29,0,0,30,0.002902813530419856,turn_left,0.007255102665905474,0.40010647182999853,0,0,0.30158730158730157,0.6807646164440617,0.13455221615324098
sh_mpcc_dro_straight_o1_c1_m3_boost_5_s40,straight_o1_c1_m3_boost_5_s40,boost_5,sh_mpcc_dro,78,40,29,0,0,30,0.002902813530419856,turn_right,0.006389484904340357,0.45431103975971265,0,0,0.36507936507936506,0.31923538355593817,0.1036349562166366
sh_mpcc_dro_straight_o1_c1_m3_boost_5_s40,straight_o1_c1_m3_boost_5_s40,boost_5,sh_mpcc_dro,78,40,3,0,0,4,0.007494131427503018,constant_velocity,0.006212183282471037,1.2063603224085908,0,1,0.09090909090909091,0.0,0.19306671246442206
sh_mpcc_dro_straight_o1_c1_m3_boost_5_s40,straight_o1_c1_m3_boost_5_s40,boost_5,sh_mpcc_dro,78,40,3,0,0,4,0.007494131427503018,turn_left,0.009297069074842878,0.8060746206330267,0,0,0.2727272727272727,0.8677566049821362,0.1949425587214657
sh_mpcc_dro_straight_o1_c1_m3_boost_5_s40,straight_o1_c1_m3_boost_5_s40,boost_5,sh_mpcc_dro,78,40,3,0,0,4,0.007494131427503018,turn_right,0.004339440076788146,1.7269811991619501,0,1,0.6363636363636364,0.1322433950178638,0.19314724674464906
sh_mpcc_dro_straight_o1_c1_m3_boost_5_s40,straight_o1_c1_m3_boost_5_s40,boost_5,sh_mpcc_dro,78,40,30,0,0,31,0.0028353337943629407,constant_velocity,0.004415428733079478,0.6421423525922199,0,0,0.35384615384615387,0.6463164075182262,0.06482196729401699
sh_mpcc_dro_straight_o1_c1_m3_boost_5_s40,straight_o1_c1_m3_boost_5_s40,boost_5,sh_mpcc_dro,78,40,30,0,0,31,0.0028353337943629407,turn_left,0.007242127248822789,0.39150565806805254,0,0,0.2923076923076923,0.35368359248177383,0.08093320750729888
sh_mpcc_dro_straight_o1_c1_m3_boost_5_s40,straight_o1_c1_m3_boost_5_s40,boost_5,sh_mpcc_dro,78,40,30,0,0,31,0.0028353337943629407,turn_right,0.006403143879921214,0.44280338651359924,0,0,0.35384615384615387,0.0,0.048493506884577375
sh_mpcc_dro_straight_o1_c1_m3_boost_5_s40,straight_o1_c1_m3_boost_5_s40,boost_5,sh_mpcc_dro,78,40,31,0,0,32,0.0027704716056714423,constant_velocity,0.004283624890300987,0.646758686070847,0,0,0.373134328358209,0.6539661246707066,0.08122299383970413
sh_mpcc_dro_straight_o1_c1_m3_boost_5_s40,straight_o1_c1_m3_boost_5_s40,boost_5,sh_mpcc_dro,78,40,31,0,0,32,0.0027704716056714423,turn_left,0.007229926483506237,0.3831949898787726,0,0,0.2835820895522388,0.3460338753292934,0.09713359942239258
sh_mpcc_dro_straight_o1_c1_m3_boost_5_s40,straight_o1_c1_m3_boost_5_s40,boost_5,sh_mpcc_dro,78,40,31,0,0,32,0.0027704716056714423,turn_right,0.0064159873942733646,0.4318075200933603,0,0,0.34328358208955223,0.0,0.06456408512181688
sh_mpcc_dro_straight_o1_c1_m3_boost_5_s40,straight_o1_c1_m3_boost_5_s40,boost_5,sh_mpcc_dro,78,40,32,0,0,33,0.0027081332769469052,constant_velocity,0.004159461850002407,0.6510778015539049,0,0,0.391304347826087,0.6613541818282178,0.048178432437473356
sh_mpcc_dro_straight_o1_c1_m3_boost_5_s40,straight_o1_c1_m3_boost_5_s40,boost_5,sh_mpcc_dro,78,40,32,0,0,33,0.0027081332769469052,turn_left,0.00721843300893267,0.37516913623713666,0,0,0.2753623188405797,0.3386458181717822,0.06330673092134159
sh_mpcc_dro_straight_o1_c1_m3_boost_5_s40,straight_o1_c1_m3_boost_5_s40,boost_5,sh_mpcc_dro,78,40,32,0,0,33,0.0027081332769469052,turn_right,0.006428086357068867,0.42129696561540636,0,0,0.3333333333333333,0.0,0.031771273193197225
sh_mpcc_dro_straight_o1_c1_m3_boost_5_s40,straight_o1_c1_m3_boost_5_s40,boost_5,sh_mpcc_dro,78,40,33,0,0,34,0.0026905005995608655,constant_velocity,0.0042347840967831354,0.6353335938908072,0,0,0.38028169014084506,0.38028169014084506,0.0
sh_mpcc_dro_straight_o1_c1_m3_boost_5_s40,straight_o1_c1_m3_boost_5_s40,boost_5,sh_mpcc_dro,78,40,33,0,0,34,0.0026905005995608655,turn_left,0.007399138550783878,0.3636234922612483,0,0,0.2676056338028169,0.2676056338028169,0.0
sh_mpcc_dro_straight_o1_c1_m3_boost_5_s40,straight_o1_c1_m3_boost_5_s40,boost_5,sh_mpcc_dro,78,40,33,0,0,34,0.0026905005995608655,turn_right,0.006247013501940167,0.4306858947439865,0,0,0.352112676056338,0.352112676056338,0.0
sh_mpcc_dro_straight_o1_c1_m3_boost_5_s40,straight_o1_c1_m3_boost_5_s40,boost_5,sh_mpcc_dro,78,40,34,0,0,35,0.002632621070044962,constant_velocity,0.004118762614679532,0.6391776648312124,0,0,0.3972602739726027,0.6967243098849449,0.03763260174272973
sh_mpcc_dro_straight_o1_c1_m3_boost_5_s40,straight_o1_c1_m3_boost_5_s40,boost_5,sh_mpcc_dro,78,40,34,0,0,35,0.002632621070044962,turn_left,0.00738363890859026,0.3565479166352681,0,0,0.2602739726027397,0.30327569011505495,0.04844305327705453
sh_mpcc_dro_straight_o1_c1_m3_boost_5_s40,straight_o1_c1_m3_boost_5_s40,boost_5,sh_mpcc_dro,78,40,34,0,0,35,0.002632621070044962,turn_right,0.006263078929577972,0.42033975615606,0,0,0.3424657534246575,0.0,0.025612833191792417
sh_mpcc_dro_straight_o1_c1_m3_boost_5_s40,straight_o1_c1_m3_boost_5_s40,boost_5,sh_mpcc_dro,78,40,35,0,0,36,0.002576916972334029,constant_velocity,0.004008928944954745,0.6427943741874225,0,0,0.41333333333333333,0.03622730047670597,0.000405341612113419
sh_mpcc_dro_straight_o1_c1_m3_boost_5_s40,straight_o1_c1_m3_boost_5_s40,boost_5,sh_mpcc_dro,78,40,35,0,0,36,0.002576916972334029,turn_left,0.0073689659139803375,0.34969858761934625,0,0,0.25333333333333335,0.6304393661899608,0.0053969761942257305
sh_mpcc_dro_straight_o1_c1_m3_boost_5_s40,straight_o1_c1_m3_boost_5_s40,boost_5,sh_mpcc_dro,78,40,35,0,0,36,0.002576916972334029,turn_right,0.006278287534408384,0.41044902104453507,0,0,0.3333333333333333,0.33333333333333326,0.0
sh_mpcc_dro_straight_o1_c1_m3_boost_5_s40,straight_o1_c1_m3_boost_5_s40,boost_5,sh_mpcc_dro,78,40,36,0,0,37,0.0025232960488589112,constant_velocity,0.0039048009204104657,0.6462035069879227,0,0,0.42857142857142855,0.7084444500582362,0.04012985581667114
sh_mpcc_dro_straight_o1_c1_m3_boost_5_s40,straight_o1_c1_m3_boost_5_s40,boost_5,sh_mpcc_dro,78,40,36,0,0,37,0.0025232960488589112,turn_left,0.007355055152856647,0.34306962985571665,0,0,0.24675324675324675,0.2915555499417637,0.0467716170437118
sh_mpcc_dro_straight_o1_c1_m3_boost_5_s40,straight_o1_c1_m3_boost_5_s40,boost_5,sh_mpcc_dro,78,40,36,0,0,37,0.0025232960488589112,turn_right,0.0062927060818450085,0.4009874314865642,0,0,0.3246753246753247,0.0,0.03152335600579012
sh_mpcc_dro_straight_o1_c1_m3_boost_5_s40,straight_o1_c1_m3_boost_5_s40,boost_5,sh_mpcc_dro,78,40,37,0,0,38,0.002494186724689535,constant_velocity,0.00397894271003851,0.6268466038470294,0,0,0.4177215189873418,0.6853957373884807,0.012312775982493585
sh_mpcc_dro_straight_o1_c1_m3_boost_5_s40,straight_o1_c1_m3_boost_5_s40,boost_5,sh_mpcc_dro,78,40,37,0,0,38,0.002494186724689535,turn_left,0.007168851224936225,0.34792000090805675,0,0,0.26582278481012656,0.31460426261151936,0.017139637895416157
sh_mpcc_dro_straight_o1_c1_m3_boost_5_s40,straight_o1_c1_m3_boost_5_s40,boost_5,sh_mpcc_dro,78,40,37,0,0,38,0.002494186724689535,turn_right,0.006478548453055273,0.38499159846728953,0,0,0.31645569620253167,0.0,0.00686700336058009
sh_mpcc_dro_straight_o1_c1_m3_boost_5_s40,straight_o1_c1_m3_boost_5_s40,boost_5,sh_mpcc_dro,78,40,38,0,0,39,0.002481458997869443,constant_velocity,0.004049423176721918,0.6127932027786311,0,0,0.4074074074074074,0.4074074074074074,0.0
sh_mpcc_dro_straight_o1_c1_m3_boost_5_s40,straight_o1_c1_m3_boost_5_s40,boost_5,sh_mpcc_dro,78,40,38,0,0,39,0.002481458997869443,turn_left,0.007328471682213151,0.3386052516095769,0,0,0.25925925925925924,0.25925925925925924,0.0
sh_mpcc_dro_straight_o1_c1_m3_boost_5_s40,straight_o1_c1_m3_boost_5_s40,boost_5,sh_mpcc_dro,78,40,38,0,0,39,0.002481458997869443,turn_right,0.00631858429372052,0.3927238891685824,0,0,0.3333333333333333,0.3333333333333333,0.0
sh_mpcc_dro_straight_o1_c1_m3_boost_5_s40,straight_o1_c1_m3_boost_5_s40,boost_5,sh_mpcc_dro,78,40,39,0,0,40,0.0024529901355867098,constant_velocity,0.004116506994408619,0.5958911618317579,0,0,0.39759036144578314,0.39759036144578314,0.0
sh_mpcc_dro_straight_o1_c1_m3_boost_5_s40,straight_o1_c1_m3_boost_5_s40,boost_5,sh_mpcc_dro,78,40,39,0,0,40,0.0024529901355867098,turn_left,0.0071518820031236455,0.3429852638110284,0,0,0.27710843373493976,0.27710843373493976,0.0
sh_mpcc_dro_straight_o1_c1_m3_boost_5_s40,straight_o1_c1_m3_boost_5_s40,boost_5,sh_mpcc_dro,78,40,39,0,0,40,0.0024529901355867098,turn_right,0.006494846834706834,0.37768252246974404,0,0,0.3253012048192771,0.3253012048192771,0.0
sh_mpcc_dro_straight_o1_c1_m3_boost_5_s40,straight_o1_c1_m3_boost_5_s40,boost_5,sh_mpcc_dro,78,40,4,0,0,5,0.006516226891093665,constant_velocity,0.006307755332970688,1.033050038740928,0,1,0.07692307692307693,0.0,0.1470429964198358
sh_mpcc_dro_straight_o1_c1_m3_boost_5_s40,straight_o1_c1_m3_boost_5_s40,boost_5,sh_mpcc_dro,78,40,4,0,0,5,0.006516226891093665,turn_left,0.007866750755636297,0.8283250726387866,0,0,0.38461538461538464,0.9009406336579223,0.15504985084101508
sh_mpcc_dro_straight_o1_c1_m3_boost_5_s40,straight_o1_c1_m3_boost_5_s40,boost_5,sh_mpcc_dro,78,40,4,0,0,5,0.006516226891093665,turn_right,0.005769292333382371,1.1294672751091792,0,1,0.5384615384615384,0.09905936634207768,0.1407813408473056
sh_mpcc_dro_straight_o1_c1_m3_boost_5_s40,straight_o1_c1_m3_boost_5_s40,boost_5,sh_mpcc_dro,78,40,40,0,0,41,0.00243984157233679,constant_velocity,0.00418043392655704,0.5836335689549378,0,0,0.38823529411764707,0.38823529411764707,0.0
sh_mpcc_dro_straight_o1_c1_m3_boost_5_s40,straight_o1_c1_m3_boost_5_s40,boost_5,sh_mpcc_dro,78,40,40,0,0,41,0.00243984157233679,turn_left,0.007304390185277251,0.3340239924825677,0,0,0.27058823529411763,0.27058823529411763,0.0
sh_mpcc_dro_straight_o1_c1_m3_boost_5_s40,straight_o1_c1_m3_boost_5_s40,boost_5,sh_mpcc_dro,78,40,40,0,0,41,0.00243984157233679,turn_right,0.006342026909184274,0.38471006308779726,0,0,0.3411764705882353,0.3411764705882353,0.0
sh_mpcc_dro_straight_o1_c1_m3_boost_5_s40,straight_o1_c1_m3_boost_5_s40,boost_5,sh_mpcc_dro,78,40,41,0,0,42,0.0024246491960516724,constant_velocity,0.0042414216894113696,0.5716595456907206,0,0,0.3793103448275862,0.3793103448275862,0.0
sh_mpcc_dro_straight_o1_c1_m3_boost_5_s40,straight_o1_c1_m3_boost_5_s40,boost_5,sh_mpcc_dro,78,40,41,0,0,42,0.0024246491960516724,turn_left,0.007449886496986948,0.32546122642704745,0,0,0.26436781609195403,0.26436781609195403,0.0
sh_mpcc_dro_straight_o1_c1_m3_boost_5_s40,straight_o1_c1_m3_boost_5_s40,boost_5,sh_mpcc_dro,78,40,41,0,0,42,0.0024246491960516724,turn_right,0.006196233187134109,0.39131019166390096,0,0,0.3563218390804598,0.3563218390804598,0.0
sh_mpcc_dro_straight_o1_c1_m3_boost_5_s40,straight_o1_c1_m3_boost_5_s40,boost_5,sh_mpcc_dro,78,40,42,0,0,43,0.0023817675178578095,constant_velocity,0.004146108842458242,0.5744585123929481,0,0,0.39325842696629215,0.39325842696629215,0.0
sh_mpcc_dro_straight_o1_c1_m3_boost_5_s40,straight_o1_c1_m3_boost_5_s40,boost_5,sh_mpcc_dro,78,40,42,0,0,43,0.0023817675178578095,turn_left,0.007436032904037054,0.3203008309127758,0,0,0.25842696629213485,0.25842696629213485,0.0
sh_mpcc_dro_straight_o1_c1_m3_boost_5_s40,straight_o1_c1_m3_boost_5_s40,boost_5,sh_mpcc_dro,78,40,42,0,0,43,0.0023817675178578095,turn_right,0.006210551578675236,0.3835033793191459,0,0,0.34831460674157305,0.34831460674157305,0.0
sh_mpcc_dro_straight_o1_c1_m3_boost_5_s40,straight_o1_c1_m3_boost_5_s40,boost_5,sh_mpcc_dro,78,40,43,0,0,44,0.0023578003983390503,constant_velocity,0.004205170221980437,0.5606908338727457,0,0,0.38461538461538464,0.38461538461538464,0.0
sh_mpcc_dro_straight_o1_c1_m3_boost_5_s40,straight_o1_c1_m3_boost_5_s40,boost_5,sh_mpcc_dro,78,40,43,0,0,44,0.0023578003983390503,turn_left,0.0072726036094428285,0.3242030674238393,0,0,0.27472527472527475,0.27472527472527475,0.0
sh_mpcc_dro_straight_o1_c1_m3_boost_5_s40,straight_o1_c1_m3_boost_5_s40,boost_5,sh_mpcc_dro,78,40,43,0,0,44,0.0023578003983390503,turn_right,0.006373692857048313,0.36992689343850166,0,0,0.34065934065934067,0.34065934065934067,0.0
sh_mpcc_dro_straight_o1_c1_m3_boost_5_s40,straight_o1_c1_m3_boost_5_s40,boost_5,sh_mpcc_dro,78,40,44,0,0,45,0.0023328511610434294,constant_velocity,0.004261691327114639,0.5474003117496726,0,0,0.3763440860215054,0.3763440860215054,0.0
sh_mpcc_dro_straight_o1_c1_m3_boost_5_s40,straight_o1_c1_m3_boost_5_s40,boost_5,sh_mpcc_dro,78,40,44,0,0,45,0.0023328511610434294,turn_left,0.007116203531820433,0.3278224337755346,0,0,0.2903225806451613,0.2903225806451613,0.0
sh_mpcc_dro_straight_o1_c1_m3_boost_5_s40,straight_o1_c1_m3_boost_5_s40,boost_5,sh_mpcc_dro,78,40,44,0,0,45,0.0023328511610434294,turn_right,0.00652981730624414,0.3572613216624973,0,0,0.3333333333333333,0.3333333333333333,0.0
sh_mpcc_dro_straight_o1_c1_m3_boost_5_s40,straight_o1_c1_m3_boost_5_s40,boost_5,sh_mpcc_dro,78,40,45,0,0,46,0.002294630842746205,constant_velocity,0.004171971509701655,0.5500111487842586,0,0,0.3894736842105263,0.3894736842105263,0.0
sh_mpcc_dro_straight_o1_c1_m3_boost_5_s40,straight_o1_c1_m3_boost_5_s40,boost_5,sh_mpcc_dro,78,40,45,0,0,46,0.002294630842746205,turn_left,0.007110249807165681,0.32272155057529556,0,0,0.28421052631578947,0.28421052631578947,0.0
sh_mpcc_dro_straight_o1_c1_m3_boost_5_s40,straight_o1_c1_m3_boost_5_s40,boost_5,sh_mpcc_dro,78,40,45,0,0,46,0.002294630842746205,turn_right,0.006536208554759336,0.3510645083494729,0,0,0.3263157894736842,0.3263157894736842,0.0
sh_mpcc_dro_straight_o1_c1_m3_boost_5_s40,straight_o1_c1_m3_boost_5_s40,boost_5,sh_mpcc_dro,78,40,46,0,0,47,0.002270574654897618,constant_velocity,0.004226846357145294,0.5371793680315144,0,0,0.38144329896907214,0.38144329896907214,0.0
sh_mpcc_dro_straight_o1_c1_m3_boost_5_s40,straight_o1_c1_m3_boost_5_s40,boost_5,sh_mpcc_dro,78,40,46,0,0,47,0.002270574654897618,turn_left,0.006963646718358137,0.3260611496720163,0,0,0.29896907216494845,0.29896907216494845,0.0
sh_mpcc_dro_straight_o1_c1_m3_boost_5_s40,straight_o1_c1_m3_boost_5_s40,boost_5,sh_mpcc_dro,78,40,46,0,0,47,0.002270574654897618,turn_right,0.006682544043210694,0.339776983169227,0,0,0.31958762886597936,0.31958762886597936,0.0
sh_mpcc_dro_straight_o1_c1_m3_boost_5_s40,straight_o1_c1_m3_boost_5_s40,boost_5,sh_mpcc_dro,78,40,47,0,0,48,0.0022460007315101564,constant_velocity,0.004279504039035595,0.5248273423796798,0,0,0.37373737373737376,0.37373737373737376,0.0
sh_mpcc_dro_straight_o1_c1_m3_boost_5_s40,straight_o1_c1_m3_boost_5_s40,boost_5,sh_mpcc_dro,78,40,47,0,0,48,0.0022460007315101564,turn_left,0.006822966986674096,0.3291824122697368,0,0,0.31313131313131315,0.31313131313131315,0.0
sh_mpcc_dro_straight_o1_c1_m3_boost_5_s40,straight_o1_c1_m3_boost_5_s40,boost_5,sh_mpcc_dro,78,40,47,0,0,48,0.0022460007315101564,turn_right,0.0068229669866740755,0.3291824122697378,0,0,0.31313131313131315,0.31313131313131315,0.0
sh_mpcc_dro_straight_o1_c1_m3_boost_5_s40,straight_o1_c1_m3_boost_5_s40,boost_5,sh_mpcc_dro,78,40,48,0,0,49,0.00223746018224388,constant_velocity,0.004330076268177821,0.5167253516265307,0,0,0.36633663366336633,0.36633663366336633,0.0
sh_mpcc_dro_straight_o1_c1_m3_boost_5_s40,straight_o1_c1_m3_boost_5_s40,boost_5,sh_mpcc_dro,78,40,48,0,0,49,0.00223746018224388,turn_left,0.006687858729512214,0.33455553903529767,0,0,0.32673267326732675,0.32673267326732675,0.0
sh_mpcc_dro_straight_o1_c1_m3_boost_5_s40,straight_o1_c1_m3_boost_5_s40,boost_5,sh_mpcc_dro,78,40,48,0,0,49,0.00223746018224388,turn_right,0.006957828625445894,0.3215744886358841,0,0,0.3069306930693069,0.3069306930693069,0.0
sh_mpcc_dro_straight_o1_c1_m3_boost_5_s40,straight_o1_c1_m3_boost_5_s40,boost_5,sh_mpcc_dro,78,40,49,0,0,50,0.0022138093177576676,constant_velocity,0.004378684527256285,0.5055877636256331,0,0,0.3592233009708738,0.3592233009708738,0.0
sh_mpcc_dro_straight_o1_c1_m3_boost_5_s40,straight_o1_c1_m3_boost_5_s40,boost_5,sh_mpcc_dro,78,40,49,0,0,50,0.0022138093177576676,turn_left,0.006822725156990615,0.3244758167474154,0,0,0.32038834951456313,0.32038834951456313,0.0
sh_mpcc_dro_straight_o1_c1_m3_boost_5_s40,straight_o1_c1_m3_boost_5_s40,boost_5,sh_mpcc_dro,78,40,49,0,0,50,0.0022138093177576676,turn_right,0.006822725156990662,0.32447581674741316,0,0,0.32038834951456313,0.32038834951456313,0.0
sh_mpcc_dro_straight_o1_c1_m3_boost_5_s40,straight_o1_c1_m3_boost_5_s40,boost_5,sh_mpcc_dro,78,40,5,0,0,6,0.006063416455217098,constant_velocity,0.0054667212885745175,1.1091504642626793,0,1,0.2,0.0,0.11017158977241617
sh_mpcc_dro_straight_o1_c1_m3_boost_5_s40,straight_o1_c1_m3_boost_5_s40,boost_5,sh_mpcc_dro,78,40,5,0,0,6,0.006063416455217098,turn_left,0.0077289708696472005,0.784505021105594,0,0,0.3333333333333333,0.8778335065129919,0.12269226801596239
sh_mpcc_dro_straight_o1_c1_m3_boost_5_s40,straight_o1_c1_m3_boost_5_s40,boost_5,sh_mpcc_dro,78,40,5,0,0,6,0.006063416455217098,turn_right,0.005911173570360456,1.025755103118611,0,1,0.4666666666666667,0.12216649348700823,0.09889602338836295
sh_mpcc_dro_straight_o1_c1_m3_boost_5_s40,straight_o1_c1_m3_boost_5_s40,boost_5,sh_mpcc_dro,78,40,50,0,0,51,0.0021816849363243515,constant_velocity,0.004295281012451419,0.5079260076348793,0,0,0.37142857142857144,0.37142857142857144,0.0
sh_mpcc_dro_straight_o1_c1_m3_boost_5_s40,straight_o1_c1_m3_boost_5_s40,boost_5,sh_mpcc_dro,78,40,50,0,0,51,0.0021816849363243515,turn_left,0.006822928518014024,0.3197578474645053,0,0,0.3142857142857143,0.3142857142857143,0.0
sh_mpcc_dro_straight_o1_c1_m3_boost_5_s40,straight_o1_c1_m3_boost_5_s40,boost_5,sh_mpcc_dro,78,40,50,0,0,51,0.0021816849363243515,turn_right,0.006822928518014033,0.31975784746450486,0,0,0.3142857142857143,0.3142857142857143,0.0
sh_mpcc_dro_straight_o1_c1_m3_boost_5_s40,straight_o1_c1_m3_boost_5_s40,boost_5,sh_mpcc_dro,78,40,51,0,0,52,0.002150352887729094,constant_velocity,0.004214995386050458,0.5101673171092178,0,0,0.38317757009345793,0.38317757009345793,0.0
sh_mpcc_dro_straight_o1_c1_m3_boost_5_s40,straight_o1_c1_m3_boost_5_s40,boost_5,sh_mpcc_dro,78,40,51,0,0,52,0.002150352887729094,turn_left,0.006823124276756157,0.3151566350703219,0,0,0.308411214953271,0.308411214953271,0.0
sh_mpcc_dro_straight_o1_c1_m3_boost_5_s40,straight_o1_c1_m3_boost_5_s40,boost_5,sh_mpcc_dro,78,40,51,0,0,52,0.002150352887729094,turn_right,0.0068231242767561665,0.31515663507032143,0,0,0.308411214953271,0.308411214953271,0.0
sh_mpcc_dro_straight_o1_c1_m3_boost_5_s40,straight_o1_c1_m3_boost_5_s40,boost_5,sh_mpcc_dro,78,40,52,0,0,53,0.0021428981898229966,constant_velocity,0.0042630395369617925,0.5026690865152542,0,0,0.3761467889908257,0.3761467889908257,0.0
sh_mpcc_dro_straight_o1_c1_m3_boost_5_s40,straight_o1_c1_m3_boost_5_s40,boost_5,sh_mpcc_dro,78,40,52,0,0,53,0.0021428981898229966,turn_left,0.006697929335898247,0.3199344278444252,0,0,0.3211009174311927,0.3211009174311927,0.0
sh_mpcc_dro_straight_o1_c1_m3_boost_5_s40,straight_o1_c1_m3_boost_5_s40,boost_5,sh_mpcc_dro,78,40,52,0,0,53,0.0021428981898229966,turn_right,0.006948084927543218,0.3084156587275203,0,0,0.30275229357798167,0.30275229357798167,0.0
sh_mpcc_dro_straight_o1_c1_m3_boost_5_s40,straight_o1_c1_m3_boost_5_s40,boost_5,sh_mpcc_dro,78,40,53,0,0,54,0.0021341677961305506,constant_velocity,0.004309352367119567,0.4952409583431347,0,0,0.36936936936936937,0.36936936936936937,0.0
sh_mpcc_dro_straight_o1_c1_m3_boost_5_s40,straight_o1_c1_m3_boost_5_s40,boost_5,sh_mpcc_dro,78,40,53,0,0,54,0.0021341677961305506,turn_left,0.006577245924440622,0.3244774211954156,0,0,0.3333333333333333,0.3333333333333333,0.0
sh_mpcc_dro_straight_o1_c1_m3_boost_5_s40,straight_o1_c1_m3_boost_5_s40,boost_5,sh_mpcc_dro,78,40,53,0,0,54,0.0021341677961305506,turn_right,0.007068542491815435,0.3019247318102244,0,0,0.2972972972972973,0.2972972972972973,0.0
sh_mpcc_dro_straight_o1_c1_m3_boost_5_s40,straight_o1_c1_m3_boost_5_s40,boost_5,sh_mpcc_dro,78,40,54,0,0,55,0.0021049032462320287,constant_velocity,0.004233080643807783,0.49725092039319263,0,0,0.3805309734513274,0.3805309734513274,0.0
sh_mpcc_dro_straight_o1_c1_m3_boost_5_s40,straight_o1_c1_m3_boost_5_s40,boost_5,sh_mpcc_dro,78,40,54,0,0,55,0.0021049032462320287,turn_left,0.006581779653401342,0.31980761390944673,0,0,0.3274336283185841,0.3274336283185841,0.0
sh_mpcc_dro_straight_o1_c1_m3_boost_5_s40,straight_o1_c1_m3_boost_5_s40,boost_5,sh_mpcc_dro,78,40,54,0,0,55,0.0021049032462320287,turn_right,0.007064380706309309,0.2979600525141725,0,0,0.2920353982300885,0.2920353982300885,0.0
sh_mpcc_dro_straight_o1_c1_m3_boost_5_s40,straight_o1_c1_m3_boost_5_s40,boost_5,sh_mpcc_dro,78,40,55,0,0,56,0.0020763339865395494,constant_velocity,0.0041594618500024015,0.49918332260658926,0,0,0.391304347826087,0.391304347826087,0.0
sh_mpcc_dro_straight_o1_c1_m3_boost_5_s40,straight_o1_c1_m3_boost_5_s40,boost_5,sh_mpcc_dro,78,40,55,0,0,56,0.0020763339865395494,turn_left,0.006586155687441598,0.3152573496704121,0,0,0.3217391304347826,0.3217391304347826,0.0
sh_mpcc_dro_straight_o1_c1_m3_boost_5_s40,straight_o1_c1_m3_boost_5_s40,boost_5,sh_mpcc_dro,78,40,55,0,0,56,0.0020763339865395494,turn_right,0.007060363678559903,0.294083149405564,0,0,0.28695652173913044,0.28695652173913044,0.0
sh_mpcc_dro_straight_o1_c1_m3_boost_5_s40,straight_o1_c1_m3_boost_5_s40,boost_5,sh_mpcc_dro,78,40,56,0,0,57,0.002058882004621673,constant_velocity,0.0042051702219804785,0.4896072919616596,0,0,0.38461538461538464,0.38461538461538464,0.0
sh_mpcc_dro_straight_o1_c1_m3_boost_5_s40,straight_o1_c1_m3_boost_5_s40,boost_5,sh_mpcc_dro,78,40,56,0,0,57,0.002058882004621673,turn_left,0.006706622765342643,0.3069923680904221,0,0,0.3162393162393162,0.3162393162393162,0.0
sh_mpcc_dro_straight_o1_c1_m3_boost_5_s40,straight_o1_c1_m3_boost_5_s40,boost_5,sh_mpcc_dro,78,40,56,0,0,57,0.002058882004621673,turn_right,0.006939673701148619,0.2966828259203163,0,0,0.29914529914529914,0.29914529914529914,0.0
sh_mpcc_dro_straight_o1_c1_m3_boost_5_s40,straight_o1_c1_m3_boost_5_s40,boost_5,sh_mpcc_dro,78,40,57,0,0,58,0.0020410566867737697,constant_velocity,0.004249342178093655,0.48032297735303375,0,0,0.37815126050420167,0.37815126050420167,0.0
sh_mpcc_dro_straight_o1_c1_m3_boost_5_s40,straight_o1_c1_m3_boost_5_s40,boost_5,sh_mpcc_dro,78,40,57,0,0,58,0.0020410566867737697,turn_left,0.006823040529700702,0.2991418089763717,0,0,0.31092436974789917,0.31092436974789917,0.0
sh_mpcc_dro_straight_o1_c1_m3_boost_5_s40,straight_o1_c1_m3_boost_5_s40,boost_5,sh_mpcc_dro,78,40,57,0,0,58,0.0020410566867737697,turn_right,0.006823040529700727,0.29914180897637066,0,0,0.31092436974789917,0.31092436974789917,0.0
sh_mpcc_dro_straight_o1_c1_m3_boost_5_s40,straight_o1_c1_m3_boost_5_s40,boost_5,sh_mpcc_dro,78,40,58,0,0,59,0.002034228333458463,constant_velocity,0.004292053904252732,0.4739521867241395,0,0,0.371900826446281,0.371900826446281,0.0
sh_mpcc_dro_straight_o1_c1_m3_boost_5_s40,straight_o1_c1_m3_boost_5_s40,boost_5,sh_mpcc_dro,78,40,58,0,0,59,0.002034228333458463,turn_left,0.006710263000284159,0.30315180394156227,0,0,0.32231404958677684,0.32231404958677684,0.0
sh_mpcc_dro_straight_o1_c1_m3_boost_5_s40,straight_o1_c1_m3_boost_5_s40,boost_5,sh_mpcc_dro,78,40,58,0,0,59,0.002034228333458463,turn_right,0.006935609772923018,0.2933020167022944,0,0,0.30578512396694213,0.30578512396694213,0.0
sh_mpcc_dro_straight_o1_c1_m3_boost_5_s40,straight_o1_c1_m3_boost_5_s40,boost_5,sh_mpcc_dro,78,40,59,0,0,60,0.0020264470181602023,constant_velocity,0.004333376631187135,0.4676369470347779,0,0,0.36585365853658536,0.36585365853658536,0.0
sh_mpcc_dro_straight_o1_c1_m3_boost_5_s40,straight_o1_c1_m3_boost_5_s40,boost_5,sh_mpcc_dro,78,40,59,0,0,60,0.0020264470181602023,turn_left,0.006601153032799867,0.306983796329395,0,0,0.3333333333333333,0.3333333333333333,0.0
sh_mpcc_dro_straight_o1_c1_m3_boost_5_s40,straight_o1_c1_m3_boost_5_s40,boost_5,sh_mpcc_dro,78,40,59,0,0,60,0.0020264470181602023,turn_right,0.007044518227747873,0.28766296752248677,0,0,0.3008130081300813,0.3008130081300813,0.0
sh_mpcc_dro_straight_o1_c1_m3_boost_5_s40,straight_o1_c1_m3_boost_5_s40,boost_5,sh_mpcc_dro,78,40,6,0,0,7,0.005952434075629962,constant_velocity,0.005627507208826706,1.057739040528213,0,1,0.17647058823529413,0.0,0.14211273101046742
sh_mpcc_dro_straight_o1_c1_m3_boost_5_s40,straight_o1_c1_m3_boost_5_s40,boost_5,sh_mpcc_dro,78,40,6,0,0,7,0.005952434075629962,turn_left,0.008423618972588766,0.7066361969837112,0,0,0.29411764705882354,0.8187414406854974,0.15635263521448878
sh_mpcc_dro_straight_o1_c1_m3_boost_5_s40,straight_o1_c1_m3_boost_5_s40,boost_5,sh_mpcc_dro,78,40,6,0,0,7,0.005952434075629962,turn_right,0.005215741385612168,1.14124409849959,0,1,0.5294117647058824,0.18125855931450274,0.12874458417111218
sh_mpcc_dro_straight_o1_c1_m3_boost_5_s40,straight_o1_c1_m3_boost_5_s40,boost_5,sh_mpcc_dro,78,40,7,0,0,8,0.005455417769532535,constant_velocity,0.005754443461657471,0.94803568857399,0,0,0.15789473684210525,0.0,0.0944614291459597
sh_mpcc_dro_straight_o1_c1_m3_boost_5_s40,straight_o1_c1_m3_boost_5_s40,boost_5,sh_mpcc_dro,78,40,7,0,0,8,0.005455417769532535,turn_left,0.007536922238632074,0.7238256674016945,0,0,0.3684210526315789,0.8473240501995628,0.1097698343679277
sh_mpcc_dro_straight_o1_c1_m3_boost_5_s40,straight_o1_c1_m3_boost_5_s40,boost_5,sh_mpcc_dro,78,40,7,0,0,8,0.005455417769532535,turn_right,0.006101819107616227,0.8940641591166049,0,0,0.47368421052631576,0.15267594980043714,0.07965340166807483
sh_mpcc_dro_straight_o1_c1_m3_boost_5_s40,straight_o1_c1_m3_boost_5_s40,boost_5,sh_mpcc_dro,78,40,8,0,0,9,0.005018611340686772,constant_velocity,0.0058572013806155575,0.8568275212964157,0,0,0.14285714285714285,0.0,0.005684869025659789
sh_mpcc_dro_straight_o1_c1_m3_boost_5_s40,straight_o1_c1_m3_boost_5_s40,boost_5,sh_mpcc_dro,78,40,8,0,0,9,0.005018611340686772,turn_left,0.006819120120667096,0.7359617152771046,0,0,0.42857142857142855,0.8679347595989346,0.01210124626670589
sh_mpcc_dro_straight_o1_c1_m3_boost_5_s40,straight_o1_c1_m3_boost_5_s40,boost_5,sh_mpcc_dro,78,40,8,0,0,9,0.005018611340686772,turn_right,0.006819120120667087,0.7359617152771055,0,0,0.42857142857142855,0.13206524040106538,0.0007468641561968331
sh_mpcc_dro_straight_o1_c1_m3_boost_5_s40,straight_o1_c1_m3_boost_5_s40,boost_5,sh_mpcc_dro,78,40,9,0,0,10,0.004991239451645926,constant_velocity,0.005942088357146217,0.8399806855182895,0,0,0.13043478260869565,0.0,0.010389740053517504
sh_mpcc_dro_straight_o1_c1_m3_boost_5_s40,straight_o1_c1_m3_boost_5_s40,boost_5,sh_mpcc_dro,78,40,9,0,0,10,0.004991239451645926,turn_left,0.00741167313144825,0.6734295162677569,0,0,0.391304347826087,0.8224639838738119,0.013952509093063822
sh_mpcc_dro_straight_o1_c1_m3_boost_5_s40,straight_o1_c1_m3_boost_5_s40,boost_5,sh_mpcc_dro,78,40,9,0,0,10,0.004991239451645926,turn_right,0.006226153153652558,0.8016570309899665,0,0,0.4782608695652174,0.17753601612618797,0.007037350528252523
